Date,open,high,low,close,volume
2015-04-27,48.28,48.4,47.38,47.49,5152493.0
2015-04-28,47.62,47.73,47.01,47.59,3638956.0
2015-04-29,47.28,47.64,46.88,47.17,3486590.0
2015-04-30,46.93,47.2,46.26,46.42,5777748.0
2015-05-01,46.71,46.93,46.4,46.69,3379687.0
2015-05-04,46.78,47.34,46.78,47.0,3065040.0
2015-05-05,47.02,47.21,46.78,46.85,4340899.0
2015-05-06,46.85,46.98,46.23,46.54,3778103.0
2015-05-07,46.44,46.72,46.37,46.5,4475876.0
2015-05-08,47.1,47.7,47.03,47.57,4040919.0
2015-05-11,47.28,47.74,47.23,47.33,3493956.0
2015-05-12,47.03,47.28,46.89,47.13,3486118.0
2015-05-13,47.2,47.37,46.88,47.03,2634915.0
2015-05-14,47.38,48.79,47.29,48.67,8225851.0
2015-05-15,48.56,48.84,48.47,48.71,5114362.0
2015-05-18,48.78,49.08,48.77,48.84,4203330.0
2015-05-19,48.78,49.15,48.67,49.01,4101271.0
2015-05-20,49.08,49.35,48.93,49.14,3676916.0
2015-05-21,49.06,49.43,48.9,49.34,4164428.0
2015-05-22,49.1,49.43,48.91,49.03,3328604.0
2015-05-26,49.1,49.23,48.39,48.6,3725468.0
2015-05-27,48.87,49.06,48.59,49.01,4264001.0
2015-05-28,48.88,49.38,48.84,49.26,5943219.0
2015-05-29,49.18,49.26,48.53,48.6,8082745.0
2015-06-01,48.77,49.2,48.57,48.94,5028118.0
2015-06-02,48.65,49.18,48.32,48.94,4885054.0
2015-06-03,48.96,49.13,48.74,48.86,3279035.0
2015-06-04,48.98,49.17,48.53,48.68,4641195.0
2015-06-05,48.59,48.63,48.01,48.45,3523063.0
2015-06-08,48.37,48.56,48.2,48.44,4349310.0
2015-06-09,48.52,48.53,48.01,48.18,3331000.0
2015-06-10,48.36,48.69,48.3,48.5,5409232.0
2015-06-11,48.7,49.25,48.51,49.06,7042589.0
2015-06-12,48.91,48.96,48.64,48.67,3435503.0
2015-06-15,48.3,48.36,47.72,48.07,4711966.0
2015-06-16,48.07,48.54,47.9,48.48,3869110.0
2015-06-17,48.5,48.74,48.33,48.57,3719422.0
2015-06-18,48.69,50.16,48.65,49.94,7912631.0
2015-06-19,49.9,50.1,49.74,49.89,9319564.0
2015-06-22,49.96,50.36,49.84,50.03,4590054.0
2015-06-23,50.22,50.47,49.69,49.88,3252405.0
2015-06-24,49.59,49.84,49.48,49.5,4391229.0
2015-06-25,49.65,49.87,49.28,49.33,3607880.0
2015-06-26,49.47,49.98,49.27,49.97,6416359.0
2015-06-29,49.54,49.85,48.96,49.01,5277314.0
2015-06-30,49.51,49.55,48.91,49.08,4478650.0
2015-07-01,49.4,49.63,49.08,49.52,3321583.0
2015-07-02,49.8,49.82,49.16,49.41,2717537.0
2015-07-06,49.02,50.12,48.92,49.74,5751243.0
2015-07-07,49.96,50.24,49.1,50.21,6054004.0
2015-07-08,49.74,50.09,49.17,49.25,5755001.0
2015-07-09,49.8,49.93,49.18,49.19,5574457.0
2015-07-10,49.63,50.12,49.39,49.93,4795245.0
2015-07-13,50.0,50.11,49.58,49.72,5466290.0
2015-07-14,49.81,50.38,49.7,50.2,4120812.0
2015-07-15,49.84,49.99,49.14,49.31,6527573.0
2015-07-16,49.82,49.84,49.54,49.77,3753102.0
2015-07-17,49.52,49.97,49.45,49.9,5402261.0
2015-07-20,50.01,50.33,49.98,50.06,5389780.0
2015-07-21,49.91,50.27,49.76,49.76,6350237.0
2015-07-22,49.87,51.09,49.25,50.98,10279642.0
2015-07-23,51.33,51.74,50.94,51.2,5946369.0
2015-07-24,50.85,51.47,50.84,51.05,5943957.0
2015-07-27,50.64,50.85,50.21,50.69,5479109.0
2015-07-28,51.09,51.24,50.65,50.94,5649599.0
2015-07-29,50.98,51.17,50.76,51.06,3487029.0
2015-07-30,50.95,51.05,50.54,50.77,3637545.0
2015-07-31,51.07,51.13,50.6,50.69,5528911.0
2015-08-03,50.89,50.91,50.14,50.5,3500965.0
2015-08-04,50.75,50.81,50.29,50.51,3485743.0
2015-08-05,50.98,51.0,50.39,50.48,5000101.0
2015-08-06,50.52,51.0,50.07,50.32,6170945.0
2015-08-07,50.4,50.44,49.36,50.11,4334796.0
2015-08-10,50.42,51.17,50.39,50.66,3698386.0
2015-08-11,50.18,50.52,49.99,50.39,4017741.0
2015-08-12,50.43,50.49,49.22,50.09,5395124.0
2015-08-13,50.02,50.11,49.61,49.84,4032258.0
2015-08-14,49.82,50.31,49.72,50.23,2810088.0
2015-08-17,50.01,50.41,49.75,50.38,3107987.0
2015-08-18,50.31,50.59,50.25,50.44,3055262.0
2015-08-19,50.14,50.17,49.41,49.84,5963453.0
2015-08-20,49.4,49.51,48.51,48.53,5856702.0
2015-08-21,48.03,48.43,47.13,47.13,9063885.0
2015-08-24,44.51,45.81,42.73,43.7,18352204.0
2015-08-25,44.87,45.1,42.88,42.9,14160049.0
2015-08-26,43.86,44.12,42.3,43.98,12392986.0
2015-08-27,45.6,46.04,44.67,45.64,14237346.0
2015-08-28,45.61,46.11,45.21,46.02,9154555.0
2015-08-31,45.91,46.63,45.12,45.29,7393029.0
2015-09-01,44.22,44.5,43.37,43.57,8895479.0
2015-09-02,44.31,44.44,43.62,44.24,7415352.0
2015-09-03,44.52,44.78,43.95,44.14,5999616.0
2015-09-04,43.5,43.71,42.72,43.07,7012675.0
2015-09-08,43.66,44.06,43.5,44.04,5425620.0
2015-09-09,44.36,44.51,43.12,43.23,5223771.0
2015-09-10,43.02,43.48,42.68,43.12,6942047.0
2015-09-11,43.13,43.44,42.74,43.41,5658357.0
2015-09-14,43.6,43.61,42.9,43.17,4414831.0
2015-09-15,43.28,43.92,43.11,43.81,5015797.0
2015-09-16,43.78,44.08,43.55,43.86,4955584.0
2015-09-17,43.85,45.15,43.79,44.24,7026376.0
2015-09-18,43.64,44.11,43.23,43.33,8944570.0
2015-09-21,43.65,43.82,43.0,43.3,5032315.0
2015-09-22,42.83,42.85,41.95,42.48,7169987.0
2015-09-23,42.5,42.68,42.1,42.2,6052298.0
2015-09-24,42.0,42.15,41.44,41.94,7219835.0
2015-09-25,42.23,42.49,40.41,40.86,9940238.0
2015-09-28,40.74,40.74,39.0,39.06,17111695.0
2015-09-29,39.26,40.15,39.02,39.5,11927184.0
2015-09-30,39.84,40.43,39.55,40.22,10517154.0
2015-10-01,40.35,40.8,40.18,40.76,7855636.0
2015-10-02,40.25,41.41,40.16,41.38,8317835.0
2015-10-05,41.62,41.78,41.02,41.39,8784096.0
2015-10-06,41.25,41.34,39.28,39.89,11658938.0
2015-10-07,40.53,40.9,40.01,40.63,9158545.0
2015-10-08,40.35,41.22,40.04,41.16,9812217.0
2015-10-09,41.07,41.98,40.94,41.89,10386176.0
2015-10-12,41.63,41.75,41.3,41.57,5042977.0
2015-10-13,40.97,41.38,40.81,40.92,5471903.0
2015-10-14,40.97,41.34,40.66,40.72,6404912.0
2015-10-15,41.07,42.03,40.91,41.87,7669153.0
2015-10-16,42.2,42.27,41.66,42.22,6141259.0
2015-10-19,42.11,42.37,41.84,42.15,5361349.0
2015-10-20,42.08,42.22,41.57,41.74,5694688.0
2015-10-21,42.54,42.85,41.62,42.2,8858837.0
2015-10-22,42.41,43.57,41.76,43.5,12411442.0
2015-10-23,43.52,43.86,43.19,43.6,9454781.0
2015-10-26,43.58,43.82,43.42,43.61,5704670.0
2015-10-27,43.54,43.98,43.5,43.88,5681173.0
2015-10-28,43.96,44.77,43.64,44.76,6155446.0
2015-10-29,44.93,45.34,44.8,45.24,6704361.0
2015-10-30,45.19,45.34,44.76,44.8,8296100.0
2015-11-02,44.88,45.5,44.6,45.43,5477816.0
2015-11-03,45.36,45.64,45.04,45.51,3898774.0
2015-11-04,45.72,45.72,45.05,45.18,6399141.0
2015-11-05,45.09,45.51,44.89,45.18,5106521.0
2015-11-06,44.89,45.66,44.65,45.63,6493649.0
2015-11-09,45.47,45.47,44.87,45.05,5946001.0
2015-11-10,45.09,45.85,45.06,45.76,5517935.0
2015-11-11,45.86,45.87,45.04,45.07,4302972.0
2015-11-12,44.81,44.96,44.16,44.19,6002997.0
2015-11-13,43.45,44.36,43.45,43.96,6778482.0
2015-11-16,43.9,44.89,43.8,44.88,6348768.0
2015-11-17,44.89,45.17,44.61,44.77,5752124.0
2015-11-18,44.97,45.87,44.96,45.8,5685548.0
2015-11-19,45.72,46.07,45.47,45.73,6795599.0
2015-11-20,46.03,46.38,45.84,46.01,6687038.0
2015-11-23,46.03,46.1,45.25,45.44,4593732.0
2015-11-24,45.11,45.58,45.03,45.45,4613550.0
2015-11-25,45.38,45.64,45.28,45.41,3057829.0
2015-11-27,45.42,45.6,45.31,45.42,1678028.0
2015-11-30,45.44,45.54,44.92,44.92,6938204.0
2015-12-01,45.22,45.52,44.94,45.46,5593210.0
2015-12-02,45.43,45.72,45.11,45.22,4840075.0
2015-12-03,45.36,45.47,44.01,44.15,6857358.0
2015-12-04,44.41,45.36,44.28,45.3,6437304.0
2015-12-07,45.57,45.73,45.29,45.56,5475616.0
2015-12-08,45.32,45.75,45.16,45.55,5196733.0
2015-12-09,45.39,45.7,44.81,44.96,5544225.0
2015-12-10,45.08,45.64,45.0,45.31,4897795.0
2015-12-11,44.77,44.87,44.29,44.36,5235658.0
2015-12-14,44.45,44.83,43.96,44.81,6089683.0
2015-12-15,45.2,45.92,45.15,45.59,5748689.0
2015-12-16,45.77,46.14,45.25,46.05,7555934.0
2015-12-17,46.09,46.22,45.25,45.26,5791777.0
2015-12-18,44.96,45.04,43.7,43.7,12675643.0
2015-12-21,44.05,44.19,43.56,44.04,5402360.0
2015-12-22,44.23,44.56,43.97,44.48,4344397.0
2015-12-23,44.73,45.17,44.63,45.1,4318345.0
2015-12-24,44.94,45.3,44.94,45.1,1462895.0
2015-12-28,44.92,45.13,44.82,45.03,2709095.0
2015-12-29,45.28,45.95,45.17,45.82,3864497.0
2015-12-30,45.85,46.03,45.21,45.27,4813505.0
2015-12-31,45.11,45.49,44.9,44.91,4191990.0
2016-01-04,43.94,44.05,42.5,42.93,12211521.0
2016-01-05,42.96,43.2,42.61,42.92,7870468.0
2016-01-06,42.31,42.97,42.21,42.56,5886310.0
2016-01-07,41.68,42.18,41.4,41.54,7144451.0
2016-01-08,41.86,41.9,40.54,40.67,7467133.0
2016-01-11,40.77,40.9,40.1,40.73,7725944.0
2016-01-12,40.99,41.61,40.87,41.46,7329002.0
2016-01-13,41.48,41.69,40.16,40.28,5745323.0
2016-01-14,40.34,41.31,40.14,41.1,7325552.0
2016-01-15,39.85,40.92,39.75,40.54,10440263.0
2016-01-19,41.1,41.32,40.13,40.43,7605720.0
2016-01-20,39.73,40.28,39.08,39.96,11071363.0
2016-01-21,40.18,40.18,39.24,39.48,10088845.0
2016-01-22,40.2,40.2,39.74,40.03,8853738.0
2016-01-25,40.03,40.16,39.58,39.66,5303435.0
2016-01-26,39.86,40.44,39.64,40.16,5360386.0
2016-01-27,39.95,41.49,39.9,40.47,10530504.0
2016-01-28,38.41,38.5,36.0,36.71,23544319.0
2016-01-29,36.69,37.87,36.68,37.85,16124348.0
2016-02-01,36.17,38.71,36.17,38.45,14252107.0
2016-02-02,38.0,38.73,37.82,37.88,9632365.0
2016-02-03,38.23,38.41,37.1,38.02,6913204.0
2016-02-04,37.78,38.22,37.53,38.01,5103738.0
2016-02-05,38.23,38.35,37.11,37.41,5750113.0
2016-02-08,37.19,37.64,36.69,37.46,7801488.0
2016-02-09,36.96,37.78,36.87,37.0,8691584.0
2016-02-10,37.58,38.18,37.12,37.21,7909567.0
2016-02-11,36.44,36.85,36.02,36.34,7723836.0
2016-02-12,36.7,37.15,36.4,37.13,6424841.0
2016-02-16,37.13,38.01,37.12,37.99,7960026.0
2016-02-17,38.37,38.56,38.24,38.45,6358927.0
2016-02-18,38.34,38.89,38.21,38.31,5618517.0
2016-02-19,38.32,38.65,38.14,38.53,5734963.0
2016-02-22,39.0,39.24,38.74,39.16,4946303.0
2016-02-23,38.91,39.05,38.3,38.39,6144311.0
2016-02-24,38.18,39.32,37.97,39.2,7054153.0
2016-02-25,39.22,39.64,38.97,39.63,7608332.0
2016-02-26,39.48,39.88,39.22,39.52,8741436.0
2016-02-29,39.34,39.83,38.74,38.74,8462812.0
2016-03-01,38.91,39.46,38.79,39.33,9693915.0
2016-03-02,39.35,39.57,39.1,39.34,7498022.0
2016-03-03,38.56,38.89,38.09,38.82,13516152.0
2016-03-04,38.85,39.36,38.8,39.18,7417640.0
2016-03-07,39.0,39.39,38.92,39.18,5955825.0
2016-03-08,38.95,39.49,38.88,39.17,7703218.0
2016-03-09,39.26,39.39,39.0,39.28,6196110.0
2016-03-10,39.41,39.88,38.82,39.03,8716891.0
2016-03-11,39.25,40.45,39.08,40.37,11786377.0
2016-03-14,40.31,40.68,39.98,40.5,5707834.0
2016-03-15,40.16,40.34,39.55,39.9,5309082.0
2016-03-16,40.14,40.31,39.78,40.18,5392943.0
2016-03-17,40.2,40.4,39.53,40.29,6090561.0
2016-03-18,40.36,40.94,40.14,40.79,10143887.0
2016-03-21,40.58,40.77,40.44,40.76,4054783.0
2016-03-22,40.5,41.16,40.34,41.03,6652301.0
2016-03-23,40.84,41.34,40.69,40.78,4087593.0
2016-03-24,40.64,40.9,40.36,40.75,4261406.0
2016-03-28,40.77,41.0,40.61,40.88,3328016.0
2016-03-29,40.75,41.53,40.71,41.47,4121536.0
2016-03-30,41.6,41.94,41.49,41.65,3433188.0
2016-03-31,41.65,42.0,41.51,41.83,5167151.0
2016-04-01,41.53,42.26,41.36,42.19,3972910.0
2016-04-04,42.34,42.67,42.16,42.32,4406650.0
2016-04-05,42.01,42.26,41.89,42.04,6582670.0
2016-04-06,41.98,43.16,41.98,43.05,6260250.0
2016-04-07,42.67,42.91,42.24,42.61,4901118.0
2016-04-08,42.78,42.93,42.12,42.37,4920293.0
2016-04-11,42.47,42.88,42.46,42.48,3948803.0
2016-04-12,42.36,43.07,42.36,42.82,5099980.0
2016-04-13,42.87,43.42,42.68,43.35,4140692.0
2016-04-14,43.38,43.66,43.28,43.51,3118606.0
2016-04-15,43.53,43.54,43.18,43.41,3620246.0
2016-04-18,43.18,44.01,43.18,43.95,4268804.0
2016-04-19,44.0,44.01,43.49,43.85,7786810.0
2016-04-20,44.48,44.58,43.51,43.97,8693520.0
2016-04-21,43.78,44.32,43.59,43.88,6171302.0
2016-04-22,43.72,44.17,43.72,44.08,4691438.0
2016-04-25,44.01,44.2,43.81,44.01,4136795.0
2016-04-26,44.16,44.25,43.75,43.88,3373397.0
2016-04-27,43.93,44.0,43.69,43.83,5034892.0
2016-04-28,40.08,41.69,39.99,40.42,54512551.0
2016-04-29,40.36,40.38,38.58,38.9,30646208.0
2016-05-02,38.85,39.12,38.42,38.85,21291714.0
2016-05-03,38.8,38.83,38.21,38.55,18241604.0
2016-05-04,38.35,38.46,38.0,38.1,13975306.0
2016-05-05,38.28,38.73,38.1,38.5,16529367.0
2016-05-06,38.22,38.4,37.71,37.97,11399532.0
2016-05-09,38.11,38.58,37.88,37.98,11155111.0
2016-05-10,38.3,38.3,37.78,38.1,11225200.0
2016-05-11,38.2,38.29,37.9,38.01,10598015.0
2016-05-12,38.14,38.17,37.52,38.0,10395340.0
2016-05-13,37.86,38.05,37.47,37.6,9337439.0
2016-05-16,37.6,38.41,37.6,38.25,10178448.0
2016-05-17,38.22,38.3,37.55,37.71,8356879.0
2016-05-18,37.75,38.1,37.49,37.75,10640870.0
2016-05-19,37.56,37.68,36.89,37.24,8220339.0
2016-05-20,37.55,37.78,37.48,37.6,7807640.0
2016-05-23,37.72,37.75,37.27,37.37,7125676.0
2016-05-24,37.49,38.07,37.43,37.98,8678313.0
2016-05-25,38.06,38.77,38.03,38.68,16141054.0
2016-05-26,38.65,38.95,38.54,38.89,12445910.0
2016-05-27,39.04,39.4,38.92,39.3,12339372.0
2016-05-31,39.33,39.67,39.14,39.63,15886477.0
2016-06-01,39.37,39.62,39.3,39.5,11554884.0
2016-06-02,39.5,39.64,39.34,39.53,12758410.0
2016-06-03,39.52,39.54,39.02,39.18,10841028.0
2016-06-06,39.25,39.38,39.05,39.17,9156756.0
2016-06-07,39.12,39.28,38.92,38.93,10202190.0
2016-06-08,38.9,39.06,38.65,38.91,9042204.0
2016-06-09,38.87,39.07,38.77,38.87,10093063.0
2016-06-10,38.67,38.7,38.23,38.4,7925789.0
2016-06-13,38.32,38.56,37.85,37.86,11107222.0
2016-06-14,37.87,37.89,37.44,37.66,9612481.0
2016-06-15,37.75,37.87,37.4,37.43,7716276.0
2016-06-16,37.36,37.54,36.88,37.5,10267861.0
2016-06-17,37.4,37.58,37.23,37.39,9899930.0
2016-06-20,37.88,38.06,37.75,37.75,7706911.0
2016-06-21,38.0,38.18,37.7,37.73,8840662.0
2016-06-22,37.72,38.85,37.72,38.74,10848190.0
2016-06-23,39.04,39.63,38.99,39.63,10746746.0
2016-06-24,38.37,38.56,37.91,37.91,16523762.0
2016-06-27,37.51,37.58,37.38,37.4,673048.0
2016-06-28,37.28,37.58,37.06,37.56,8379696.0
2016-06-29,37.95,38.75,37.95,38.57,8366480.0
2016-06-30,38.65,39.31,38.57,39.31,10424892.0
2016-07-01,39.31,39.71,39.16,39.54,6904578.0
2016-07-05,39.31,39.56,39.21,39.44,10029056.0
2016-07-06,39.27,40.88,39.25,40.83,13176337.0
2016-07-07,40.83,41.57,40.8,41.36,17616468.0
2016-07-08,41.6,42.27,41.56,41.89,11071768.0
2016-07-11,42.03,42.31,42.0,42.12,9052993.0
2016-07-12,42.34,42.65,42.13,42.47,8266237.0
2016-07-13,42.24,42.51,41.85,41.97,7917684.0
2016-07-14,42.34,42.42,42.02,42.28,9009754.0
2016-07-15,42.4,42.53,42.02,42.1,7692148.0
2016-07-18,42.05,42.22,41.81,42.09,7523344.0
2016-07-19,41.94,41.99,41.6,41.8,8432735.0
2016-07-20,42.8,42.92,42.09,42.65,13685971.0
2016-07-21,42.88,43.41,42.81,43.04,11491486.0
2016-07-22,43.05,43.26,42.81,43.17,10205059.0
2016-07-25,43.08,43.44,43.06,43.41,11525820.0
2016-07-26,43.39,43.62,43.36,43.6,8664793.0
2016-07-27,43.57,43.9,43.24,43.67,15184607.0
2016-07-28,44.02,45.16,43.93,44.45,17184640.0
2016-07-29,44.38,45.12,44.26,44.75,13423155.0
2016-08-01,44.75,45.58,44.72,45.29,12152584.0
2016-08-02,45.72,45.79,44.85,45.07,10352748.0
2016-08-03,45.07,45.09,44.83,44.95,7783077.0
2016-08-04,45.06,45.09,44.78,44.81,6583142.0
2016-08-05,45.0,45.41,44.87,45.26,6555169.0
2016-08-08,45.06,45.41,44.88,45.02,7657947.0
2016-08-09,45.07,45.18,44.99,45.08,6486199.0
2016-08-10,45.08,45.29,44.68,44.81,6018230.0
2016-08-11,44.85,45.14,44.75,45.05,5756248.0
2016-08-12,44.82,45.1,44.55,45.04,6686348.0
2016-08-15,45.2,45.23,44.85,45.15,6525830.0
2016-08-16,45.02,45.08,44.82,44.92,7584407.0
2016-08-17,45.14,45.14,44.44,44.68,8630316.0
2016-08-18,44.68,44.74,44.25,44.36,6548777.0
2016-08-19,44.17,44.31,43.64,44.24,9439877.0
2016-08-22,44.08,44.36,43.79,44.17,6518441.0
2016-08-23,44.37,44.42,43.9,43.9,7401381.0
2016-08-24,43.96,44.1,43.07,43.17,7578510.0
2016-08-25,43.17,44.0,42.27,42.84,38568544.0
2016-08-26,42.72,43.28,42.09,42.98,18663420.0
2016-08-29,43.0,43.57,42.95,43.25,9223169.0
2016-08-30,43.01,43.36,42.55,42.83,12176249.0
2016-08-31,42.87,42.98,41.93,42.02,12445790.0
2016-09-01,41.92,42.34,41.74,42.3,10739240.0
2016-09-02,42.36,42.45,41.89,42.09,7208223.0
2016-09-06,42.1,42.32,41.8,42.16,7079106.0
2016-09-07,42.15,42.29,41.77,41.9,11063219.0
2016-09-08,42.12,42.12,41.64,41.85,7694303.0
2016-09-09,41.56,41.58,41.0,41.01,10977298.0
2016-09-12,40.85,41.52,40.77,41.42,7759551.0
2016-09-13,41.23,41.24,40.48,40.64,6929986.0
2016-09-14,40.69,41.04,40.55,40.81,7707838.0
2016-09-15,40.79,41.25,40.65,41.12,6100031.0
2016-09-16,40.95,42.03,40.83,41.87,15788074.0
2016-09-19,42.03,42.36,41.59,41.68,7544238.0
2016-09-20,41.95,42.0,41.58,41.58,4867018.0
2016-09-21,41.62,42.01,41.26,41.92,5461266.0
2016-09-22,42.16,42.49,42.03,42.22,5829666.0
2016-09-23,42.25,42.42,42.05,42.19,6912285.0
2016-09-26,42.01,42.02,41.61,41.68,6377952.0
2016-09-27,41.71,42.33,41.56,42.33,5964827.0
2016-09-28,42.25,42.53,41.91,42.29,5228267.0
2016-09-29,42.11,42.25,41.26,41.44,6785064.0
2016-09-30,41.74,42.47,41.69,42.29,7451020.0
2016-10-03,42.06,42.58,41.88,42.55,5947395.0
2016-10-04,42.48,42.79,41.86,42.1,5870725.0
2016-10-05,42.34,42.81,42.33,42.74,7218680.0
2016-10-06,42.69,43.05,42.32,42.97,7250049.0
2016-10-07,43.0,43.19,42.57,42.97,7249707.0
2016-10-10,43.15,43.78,43.06,43.5,8285073.0
2016-10-11,43.2,43.27,41.02,41.16,23895999.0
2016-10-12,41.05,41.42,40.82,40.98,6403932.0
2016-10-13,40.74,41.23,40.41,40.98,6544653.0
2016-10-14,41.17,41.53,40.77,40.79,8818865.0
2016-10-17,40.73,40.95,40.55,40.59,7252727.0
2016-10-18,40.85,41.41,40.5,41.17,9604067.0
2016-10-19,40.52,41.38,39.94,40.01,19299987.0
2016-10-20,40.01,40.81,40.0,40.74,8725859.0
2016-10-21,40.41,40.61,40.16,40.5,7275107.0
2016-10-24,40.79,40.92,40.31,40.41,6998400.0
2016-10-25,40.42,40.61,40.15,40.19,6598558.0
2016-10-26,40.0,40.28,39.76,39.96,7196698.0
2016-10-27,40.09,40.53,40.06,40.29,6583166.0
2016-10-28,40.25,40.6,39.51,39.54,12520064.0
2016-10-31,39.43,39.54,39.22,39.24,8166525.0
2016-11-01,39.24,39.35,38.64,39.05,8078702.0
2016-11-02,39.05,39.22,38.7,38.7,6321883.0
2016-11-03,38.86,39.15,38.3,38.38,7528983.0
2016-11-04,38.45,39.43,38.41,39.09,8748052.0
2016-11-07,39.64,39.96,39.54,39.86,6458763.0
2016-11-08,39.62,40.07,39.24,39.83,6654531.0
2016-11-09,41.5,41.53,39.17,40.07,13102893.0
2016-11-10,40.52,40.86,40.32,40.61,9716401.0
2016-11-11,40.38,40.48,39.9,40.14,5728958.0
2016-11-14,40.11,40.17,39.1,39.2,11193274.0
2016-11-15,39.29,39.94,39.05,39.81,9264602.0
2016-11-16,39.8,40.25,39.65,39.95,8894057.0
2016-11-17,40.0,40.5,40.0,40.39,6582611.0
2016-11-18,40.31,40.42,39.8,39.84,7015102.0
2016-11-21,39.85,40.13,39.64,39.76,8614496.0
2016-11-22,39.42,39.61,37.81,38.1,16241548.0
2016-11-23,38.04,39.13,37.9,38.98,9569127.0
2016-11-25,39.08,39.21,38.94,39.16,2733423.0
2016-11-28,39.22,39.22,38.7,38.74,5719660.0
2016-11-29,38.86,39.02,38.66,38.73,7338493.0
2016-11-30,38.75,38.75,38.06,38.07,14914655.0
2016-12-01,38.12,38.3,37.38,37.6,9007594.0
2016-12-02,37.68,38.07,37.6,37.9,7252818.0
2016-12-05,38.11,38.45,37.99,38.43,9514677.0
2016-12-06,38.44,38.64,38.22,38.42,6136078.0
2016-12-07,38.13,38.49,37.42,38.48,10888594.0
2016-12-08,38.33,38.79,38.01,38.68,7046942.0
2016-12-09,38.82,39.34,38.78,39.2,7802477.0
2016-12-12,39.2,39.51,39.06,39.2,7772103.0
2016-12-13,39.31,39.67,39.17,39.44,7378393.0
2016-12-14,39.42,39.79,38.67,38.82,11284054.0
2016-12-15,38.76,39.05,38.27,38.93,9229364.0
2016-12-16,39.02,39.33,37.98,38.1,15105568.0
2016-12-19,38.23,38.63,38.06,38.34,10153529.0
2016-12-20,38.4,38.5,38.02,38.19,6992899.0
2016-12-21,38.19,38.28,37.9,38.24,9190804.0
2016-12-22,38.15,38.34,37.91,38.29,7979628.0
2016-12-23,38.33,38.65,38.22,38.42,4625111.0
2016-12-27,38.48,38.94,38.47,38.6,6633292.0
2016-12-28,38.63,38.77,38.07,38.22,6770979.0
2016-12-29,38.3,38.51,38.11,38.31,7050816.0
2016-12-30,38.33,38.87,38.25,38.41,10445331.0
2017-01-03,38.63,39.08,38.34,39.05,9677208.0
2017-01-04,39.06,39.72,39.06,39.36,22643995.0
2017-01-05,39.24,39.75,38.98,39.7,12080148.0
2017-01-06,39.7,40.99,39.66,40.78,14609514.0
2017-01-09,40.79,41.06,40.62,40.74,10983728.0
2017-01-10,40.81,41.62,40.78,41.29,9249884.0
2017-01-11,41.05,41.41,40.48,41.08,10699144.0
2017-01-12,40.79,40.79,40.31,40.72,8631219.0
2017-01-13,40.75,41.36,40.69,40.93,9533780.0
2017-01-17,40.67,41.04,40.53,40.9,8272727.0
2017-01-18,41.05,41.1,40.51,40.76,7195153.0
2017-01-19,40.64,40.73,40.24,40.4,7159791.0
2017-01-20,40.51,40.77,40.34,40.46,5907996.0
2017-01-23,40.32,40.54,40.2,40.34,7351854.0
2017-01-24,40.32,40.5,40.12,40.31,7771632.0
2017-01-25,39.76,40.46,39.25,40.31,16890214.0
2017-01-26,40.46,41.12,40.45,40.96,9410034.0
2017-01-27,41.11,41.31,40.9,41.0,7033637.0
2017-01-30,40.86,41.14,40.77,41.01,13811458.0
2017-01-31,40.73,41.79,40.6,41.77,12317924.0
2017-02-01,41.51,42.37,41.44,42.33,11946043.0
2017-02-02,42.18,42.79,41.85,42.75,11836445.0
2017-02-03,42.94,43.13,42.54,42.78,11641968.0
2017-02-06,42.57,42.75,42.23,42.43,8735171.0
2017-02-07,42.57,42.98,42.5,42.89,8697290.0
2017-02-08,42.66,42.72,42.28,42.4,6731375.0
2017-02-09,42.5,42.78,42.32,42.54,5138389.0
2017-02-10,42.74,42.8,42.48,42.74,3692381.0
2017-02-13,43.0,43.22,42.86,43.22,5672166.0
2017-02-14,43.01,43.73,42.95,43.65,8458817.0
2017-02-15,43.5,44.08,43.42,44.0,7946389.0
2017-02-16,44.0,44.21,43.74,44.2,8975435.0
2017-02-17,44.17,44.7,44.09,44.69,9632008.0
2017-02-21,44.65,45.15,44.54,45.01,11387758.0
2017-02-22,44.88,45.11,44.81,45.01,7534619.0
2017-02-23,45.02,45.51,44.85,45.4,9459424.0
2017-02-24,45.29,45.68,45.23,45.68,7608642.0
2017-02-27,45.51,45.56,45.18,45.46,6142558.0
2017-02-28,45.41,45.43,44.83,45.08,14211439.0
2017-03-01,45.37,45.7,45.18,45.59,8886226.0
2017-03-02,45.5,45.83,45.35,45.69,11164608.0
2017-03-03,45.42,45.56,45.11,45.25,6790619.0
2017-03-06,44.99,45.37,44.86,45.13,6001280.0
2017-03-07,44.81,45.16,44.67,45.0,6476612.0
2017-03-08,45.03,45.45,44.92,45.36,6398469.0
2017-03-09,45.36,45.74,45.34,45.63,5691017.0
2017-03-10,45.77,45.84,45.51,45.72,6105626.0
2017-03-13,45.65,45.78,45.23,45.53,5399887.0
2017-03-14,45.19,45.25,44.77,44.8,7504375.0
2017-03-15,44.96,45.4,44.86,45.32,6844368.0
2017-03-16,45.17,45.37,44.61,44.98,6704220.0
2017-03-17,45.1,45.27,44.77,45.19,12277435.0
2017-03-20,45.19,45.23,44.87,44.98,3521581.0
2017-03-21,45.15,45.38,44.6,44.8,5567081.0
2017-03-22,44.94,45.07,44.59,44.81,5195538.0
2017-03-23,44.71,44.99,44.59,44.77,3953148.0
2017-03-24,44.76,45.15,44.6,44.73,4753163.0
2017-03-27,44.53,44.8,44.39,44.7,6914655.0
2017-03-28,44.74,44.78,44.26,44.7,5377318.0
2017-03-29,44.67,44.83,44.37,44.67,4186949.0
2017-03-30,44.63,44.66,44.36,44.55,4411647.0
2017-03-31,44.33,44.82,44.33,44.41,7146504.0
2017-04-03,44.42,44.61,44.08,44.47,7955819.0
2017-04-04,44.53,44.55,44.01,44.18,5240359.0
2017-04-05,44.17,44.54,43.7,43.8,7762250.0
2017-04-06,43.81,43.81,43.35,43.67,6067344.0
2017-04-07,43.62,43.95,43.57,43.83,5327817.0
2017-04-10,43.83,43.96,43.54,43.59,4321203.0
2017-04-11,43.22,43.59,43.15,43.58,4871886.0
2017-04-12,43.32,43.59,43.19,43.48,4778845.0
2017-04-13,42.4,42.96,42.39,42.67,11426955.0
2017-04-17,42.67,43.38,42.31,43.31,8068473.0
2017-04-18,43.09,43.59,42.96,43.43,10130331.0
2017-04-19,43.78,44.0,43.12,43.59,13454621.0
2017-04-20,43.69,44.15,43.52,43.98,5871911.0
2017-04-21,43.94,43.98,43.43,43.53,7519813.0
2017-04-24,44.07,44.26,43.84,44.13,6726712.0
2017-04-25,44.21,44.38,43.76,43.76,6793106.0
2017-04-26,43.93,44.15,43.71,43.8,5591151.0
2017-04-27,43.96,44.01,43.59,43.65,7487495.0
2017-04-28,43.67,43.75,43.5,43.64,6014062.0
2017-05-01,43.57,43.66,43.32,43.48,5119107.0
2017-05-02,43.66,43.77,43.4,43.6,6152135.0
2017-05-03,43.61,43.75,43.49,43.72,4579737.0
2017-05-04,43.75,44.59,43.72,44.59,6551398.0
2017-05-05,44.58,44.69,44.48,44.64,5893107.0
2017-05-08,44.7,44.9,44.63,44.68,6320137.0
2017-05-09,44.65,44.77,44.56,44.67,4943052.0
2017-05-10,44.7,44.7,44.37,44.5,5253297.0
2017-05-11,44.39,44.39,43.77,43.86,7071583.0
2017-05-12,43.9,44.17,43.87,43.96,5775569.0
2017-05-15,43.92,44.23,43.9,44.04,4199913.0
2017-05-16,44.59,44.59,43.41,43.69,7159346.0
2017-05-17,43.4,43.61,43.05,43.08,5989323.0
2017-05-18,43.17,43.28,42.88,42.98,5225119.0
2017-05-19,43.15,43.32,43.01,43.16,5882979.0
2017-05-22,43.27,43.87,43.1,43.73,5802308.0
2017-05-23,43.71,44.17,43.62,43.68,4673063.0
2017-05-24,43.79,43.79,43.39,43.53,4590820.0
2017-05-25,43.78,44.0,43.44,43.95,4473908.0
2017-05-26,43.92,44.85,43.83,44.71,8624069.0
2017-05-30,44.46,45.1,44.21,45.0,8119697.0
2017-05-31,45.2,45.75,45.18,45.66,10458655.0
2017-06-01,45.52,46.1,45.47,46.1,7385462.0
2017-06-02,46.33,46.55,46.15,46.5,6885739.0
2017-06-05,46.57,46.75,46.38,46.62,7809403.0
2017-06-06,46.58,46.7,46.32,46.36,6048344.0
2017-06-07,46.38,46.6,46.23,46.56,4358384.0
2017-06-08,46.05,46.98,45.92,46.72,8337451.0
2017-06-09,46.81,47.31,46.66,47.29,9117724.0
2017-06-12,47.29,47.72,46.83,47.17,7365566.0
2017-06-13,47.24,47.67,47.2,47.46,7163630.0
2017-06-14,47.46,47.87,47.45,47.64,6076858.0
2017-06-15,47.58,48.34,47.37,48.12,9366730.0
2017-06-16,48.18,48.38,47.8,48.21,9902210.0
2017-06-19,48.34,49.17,48.15,48.89,7409522.0
2017-06-20,48.89,49.3,48.75,48.77,8500660.0
2017-06-21,48.79,48.93,48.29,48.57,8271765.0
2017-06-22,48.6,49.59,48.51,49.27,8714052.0
2017-06-23,49.18,49.36,48.96,49.08,9343863.0
2017-06-26,49.21,49.45,48.89,48.91,5302482.0
2017-06-27,48.95,49.13,48.65,48.67,3892541.0
2017-06-28,48.93,49.02,48.35,48.48,8366287.0
2017-06-29,48.73,49.2,48.5,48.73,6047764.0
2017-06-30,48.78,49.04,48.61,48.61,4723320.0
2017-07-03,48.73,49.04,48.65,48.71,2454764.0
2017-07-05,48.72,49.1,48.66,49.0,5637207.0
2017-07-06,48.83,48.86,47.9,47.94,5665313.0
2017-07-07,48.17,48.48,47.98,48.44,4354207.0
2017-07-10,48.42,48.53,48.14,48.23,3480466.0
2017-07-11,48.21,48.43,48.04,48.15,1719843.0
2017-07-12,48.17,48.69,48.0,48.44,1709651.0
2017-07-13,48.43,48.52,47.83,48.09,3503268.0
2017-07-14,48.19,49.11,48.16,48.92,1730465.0
2017-07-17,48.93,49.03,48.72,48.76,1460334.0
2017-07-18,48.69,48.85,48.28,48.75,1773131.0
2017-07-19,48.8,49.47,48.76,49.43,6483935.0
2017-07-20,49.61,51.13,49.46,50.87,5044647.0
2017-07-21,50.75,50.93,50.49,50.84,3305106.0
2017-07-24,50.78,50.99,50.47,50.84,4088785.0
2017-07-25,50.98,51.0,50.62,50.84,2576748.0
2017-07-26,50.71,50.81,50.27,50.41,2971912.0
2017-07-27,50.32,50.36,49.91,50.11,7370823.0
2017-07-28,50.15,50.16,49.51,49.63,2735862.0
2017-07-31,49.76,49.84,49.16,49.18,6036176.0
2017-08-01,49.21,49.31,48.72,49.16,2330929.0
2017-08-02,49.14,49.26,48.8,49.22,2370770.0
2017-08-03,49.23,49.29,48.93,49.15,1964673.0
2017-08-04,49.25,49.36,49.1,49.25,1352197.0
2017-08-07,49.19,49.38,49.1,49.3,1117315.0
2017-08-08,49.18,49.24,48.81,48.9,1533790.0
2017-08-09,48.76,48.87,48.43,48.77,4102919.0
2017-08-10,48.74,48.85,48.05,48.06,4652197.0
2017-08-11,48.24,48.77,48.06,48.54,3978902.0
2017-08-14,48.74,49.25,48.7,49.08,3248436.0
2017-08-15,49.06,49.21,48.81,48.82,2922105.0
2017-08-16,49.04,49.86,48.97,49.81,6492136.0
2017-08-17,49.63,50.15,49.25,49.29,6633005.0
2017-08-18,49.1,49.17,48.68,48.74,4810807.0
2017-08-21,48.78,48.99,48.58,48.88,4281985.0
2017-08-22,48.95,49.85,48.88,49.71,4018805.0
2017-08-23,49.55,49.76,49.38,49.64,4558959.0
2017-08-24,49.74,49.84,49.33,49.38,3871755.0
2017-08-25,49.59,49.8,49.35,49.35,4852442.0
2017-08-28,49.54,50.35,49.52,50.26,6126798.0
2017-08-29,49.91,50.28,49.49,50.15,4117441.0
2017-08-30,50.02,50.21,49.87,50.11,2926346.0
2017-08-31,50.3,51.05,50.11,50.94,6207573.0
2017-09-01,51.03,51.41,50.81,51.18,4599498.0
2017-09-05,50.84,51.18,50.64,51.03,4167559.0
2017-09-06,51.2,51.42,51.06,51.19,7719487.0
2017-09-07,51.4,51.62,51.13,51.49,4631738.0
2017-09-08,51.29,52.15,51.29,52.02,6221825.0
2017-09-11,52.35,52.6,52.01,52.45,3668836.0
2017-09-12,52.49,52.54,51.88,52.25,3759614.0
2017-09-13,52.24,52.33,51.89,52.0,4214137.0
2017-09-14,51.93,52.1,51.57,51.69,5568305.0
2017-09-15,51.75,51.88,51.49,51.76,6699659.0
2017-09-18,51.89,52.09,51.6,52.08,3371140.0
2017-09-19,52.15,52.24,51.37,51.41,3790880.0
2017-09-20,51.39,51.92,51.39,51.89,4967024.0
2017-09-21,51.88,51.98,51.38,51.43,5737550.0
2017-09-22,51.51,52.58,51.5,52.51,7978960.0
2017-09-25,52.46,52.78,52.31,52.61,9778103.0
2017-09-26,52.62,53.3,52.59,52.85,6960683.0
2017-09-27,52.85,53.08,51.55,52.15,8022504.0
2017-09-28,54.75,54.8,53.61,53.64,14860632.0
2017-09-29,53.64,53.79,53.29,53.36,8458956.0
2017-10-02,53.64,53.7,53.2,53.68,8681945.0
2017-10-03,53.75,54.0,53.7,53.75,4464895.0
2017-10-04,53.67,54.34,53.61,54.34,5629587.0
2017-10-05,54.37,55.11,54.35,54.92,5143121.0
2017-10-06,54.9,55.06,54.51,55.0,4302126.0
2017-10-09,55.05,55.05,54.61,54.66,3985799.0
2017-10-10,54.77,55.43,54.53,55.4,4943124.0
2017-10-11,55.26,55.35,54.32,54.44,6940043.0
2017-10-12,54.24,54.73,54.11,54.71,4404962.0
2017-10-13,54.64,54.79,54.45,54.65,4951775.0
2017-10-16,54.62,54.91,54.52,54.63,3725850.0
2017-10-17,54.59,55.23,54.4,55.06,5432973.0
2017-10-18,55.18,56.6,54.92,55.77,9044529.0
2017-10-19,55.9,56.18,55.41,56.0,4865319.0
2017-10-20,56.17,56.44,55.94,56.32,5528681.0
2017-10-23,56.21,56.69,56.07,56.08,4709045.0
2017-10-24,56.0,56.07,55.18,55.38,7200991.0
2017-10-25,55.38,55.88,55.19,55.49,6113165.0
2017-10-26,55.34,55.69,55.08,55.48,5033437.0
2017-10-27,55.49,55.62,55.18,55.37,4724503.0
2017-10-30,55.18,55.31,54.06,54.29,7542616.0
2017-10-31,54.48,54.54,54.03,54.23,7676194.0
2017-11-01,53.89,54.57,53.61,54.0,7641899.0
2017-11-02,54.05,54.65,53.96,54.37,6953162.0
2017-11-03,54.57,55.5,54.47,55.47,4567065.0
2017-11-06,55.32,55.4,55.01,55.01,3134181.0
2017-11-07,55.15,55.26,54.67,55.16,4843996.0
2017-11-08,54.98,55.35,54.72,55.25,3712978.0
2017-11-09,55.06,55.5,54.91,55.45,3644007.0
2017-11-10,55.23,55.32,54.37,54.8,5033162.0
2017-11-13,54.69,55.37,54.56,55.3,3854524.0
2017-11-14,55.05,55.21,54.76,55.01,6180407.0
2017-11-15,54.78,55.08,54.54,54.83,4999782.0
2017-11-16,55.11,55.84,54.86,55.54,6866883.0
2017-11-17,55.29,55.71,55.22,55.56,6284213.0
2017-11-20,55.66,55.68,55.13,55.29,3699402.0
2017-11-21,55.45,56.32,55.44,56.12,4612991.0
2017-11-22,56.03,56.15,55.57,55.8,3552077.0
2017-11-24,55.85,56.19,55.74,56.13,2148282.0
2017-11-27,56.17,56.52,56.01,56.15,4518295.0
2017-11-28,56.3,56.3,55.58,56.02,6841715.0
2017-11-29,56.09,56.3,55.38,55.58,7277873.0
2017-11-30,55.67,56.46,55.31,56.37,10086259.0
2017-12-01,56.3,56.68,55.27,55.98,5322310.0
2017-12-04,56.14,56.2,54.69,54.71,4589081.0
2017-12-05,54.64,55.32,54.34,54.79,4321075.0
2017-12-06,54.87,55.11,54.32,54.66,7828595.0
2017-12-07,54.76,54.94,54.35,54.69,4421939.0
2017-12-08,54.66,54.85,54.33,54.64,5103892.0
2017-12-11,54.77,55.12,54.48,54.94,4273000.0
2017-12-12,55.45,55.87,55.16,55.7,9860720.0
2017-12-13,55.67,55.76,54.8,55.06,9962307.0
2017-12-14,55.05,55.22,54.63,54.73,5935190.0
2017-12-15,55.03,55.56,54.84,55.5,14655482.0
2017-12-18,55.52,56.52,55.42,56.4,6053871.0
2017-12-19,56.51,56.95,56.45,56.8,7116846.0
2017-12-20,56.74,57.3,56.4,57.02,11948355.0
2017-12-21,57.14,57.27,56.74,56.93,6154694.0
2017-12-22,56.94,57.32,56.76,56.93,5449333.0
2017-12-26,57.01,57.25,56.9,57.0,3187912.0
2017-12-27,57.09,57.6,57.05,57.47,5243921.0
2017-12-28,57.44,57.69,57.37,57.46,3387664.0
2017-12-29,57.6,57.77,57.07,57.07,3995189.0
2018-01-02,58.2,59.2,57.82,58.79,10113305.0
2018-01-03,58.99,59.02,58.31,58.92,5684407.0
2018-01-04,59.5,59.6,58.76,58.82,6239956.0
2018-01-05,59.04,59.09,58.64,58.99,5836945.0
2018-01-08,58.85,58.98,58.53,58.82,5411995.0
2018-01-09,59.1,59.1,58.38,58.92,7467672.0
2018-01-10,58.75,58.91,58.29,58.83,4340836.0
2018-01-11,58.65,58.96,58.29,58.95,4240938.0
2018-01-12,58.96,59.24,58.79,58.84,6321142.0
2018-01-16,58.89,59.14,58.23,58.44,7175001.0
2018-01-17,58.76,59.1,58.63,58.99,5037504.0
2018-01-18,58.78,59.27,58.53,59.07,5658579.0
2018-01-19,59.23,59.68,58.96,59.31,7363008.0
2018-01-22,58.88,59.57,58.45,59.57,6841939.0
2018-01-23,59.52,59.57,58.98,59.23,8122077.0
2018-01-24,61.0,64.16,60.74,61.72,11704949.0
2018-01-25,63.18,64.6,62.32,63.22,15261885.0
2018-01-26,63.15,63.44,62.67,63.42,10242797.0
2018-01-29,63.09,63.47,62.85,63.31,8638541.0
2018-01-30,62.44,63.12,62.29,62.44,6497641.0
2018-01-31,62.66,62.76,61.85,62.16,7804362.0
2018-02-01,61.75,62.54,61.66,62.18,8101584.0
2018-02-02,62.2,62.42,61.64,61.69,12346542.0
2018-02-05,61.6,61.87,58.55,58.73,11548229.0
2018-02-06,57.92,59.26,57.33,58.86,15214679.0
2018-02-07,58.6,59.85,58.5,58.67,6872663.0
2018-02-08,58.77,58.83,56.22,56.27,6874534.0
2018-02-09,56.63,57.69,55.58,57.17,8028354.0
2018-02-12,57.7,57.98,56.88,57.41,8234201.0
2018-02-13,57.14,57.79,56.81,57.64,5816623.0
2018-02-14,57.32,58.4,57.15,58.28,3728920.0
2018-02-15,58.72,59.51,58.33,59.5,3871897.0
2018-02-16,59.44,60.54,59.33,60.17,7849189.0
2018-02-20,59.68,59.87,58.84,59.12,8182537.0
2018-02-21,59.07,59.99,58.82,58.99,4793848.0
2018-02-22,59.21,59.4,58.8,58.99,5539926.0
2018-02-23,59.22,59.74,58.98,59.71,5190445.0
2018-02-26,59.86,60.59,59.73,60.53,5364248.0
2018-02-27,60.75,61.24,60.39,60.55,6747678.0
2018-02-28,60.67,61.12,60.18,60.33,8325745.0
2018-03-01,60.16,60.18,58.53,58.79,9711891.0
2018-03-02,58.48,59.53,58.43,59.46,7979196.0
2018-03-05,58.91,60.63,58.9,60.37,9000405.0
2018-03-06,60.59,61.02,60.11,60.88,6620048.0
2018-03-07,60.27,61.42,60.19,61.29,7726484.0
2018-03-08,61.34,61.95,61.3,61.87,5245774.0
2018-03-09,62.05,63.7,62.02,63.6,8184391.0
2018-03-12,63.59,63.95,63.42,63.62,8858484.0
2018-03-13,63.89,63.95,63.01,63.2,6428545.0
2018-03-14,63.42,63.62,62.73,62.86,5162114.0
2018-03-15,63.05,63.13,62.52,62.59,3364910.0
2018-03-16,62.78,63.32,62.71,63.18,11840947.0
2018-03-19,63.13,63.24,61.69,62.26,5286162.0
2018-03-20,62.48,62.76,62.15,62.65,3943042.0
2018-03-21,62.75,63.07,62.34,62.42,3478298.0
2018-03-22,61.82,62.1,60.85,60.93,5345250.0
2018-03-23,61.03,61.27,59.36,59.5,6000798.0
2018-03-26,60.28,61.15,59.68,61.07,5694714.0
2018-03-27,61.27,61.62,59.99,60.28,6365304.0
2018-03-28,60.53,60.71,59.18,59.23,8128752.0
2018-03-29,59.57,60.38,59.3,59.92,6656596.0
2018-04-02,59.82,60.09,57.63,58.21,6685981.0
2018-04-03,58.4,59.07,58.0,59.0,6113531.0
2018-04-04,58.34,59.61,57.45,59.46,7405245.0
2018-04-05,59.9,60.15,59.55,59.86,6644536.0
2018-04-06,59.44,59.6,56.99,57.57,7447118.0
2018-04-09,57.86,59.11,57.45,58.22,5712315.0
2018-04-10,59.02,59.61,58.71,59.14,5244751.0
2018-04-11,58.64,59.05,58.21,58.45,4044894.0
2018-04-12,58.5,59.18,58.46,58.83,4572325.0
2018-04-13,59.18,59.38,58.47,58.49,8223673.0
2018-04-16,59.0,59.53,58.92,59.27,6807514.0
2018-04-17,59.65,59.96,59.05,59.8,5604601.0
2018-04-18,59.0,59.62,57.45,59.52,12648456.0
2018-04-19,59.52,60.03,59.2,59.88,7675521.0
2018-04-20,59.85,59.95,58.82,59.19,5867509.0
2018-04-23,59.28,59.46,58.59,58.84,4516125.0
2018-04-24,59.09,59.17,57.67,58.31,7480274.0
2018-04-25,58.04,58.67,57.7,58.65,5909974.0
2018-04-26,58.69,59.52,58.5,59.5,7372804.0
2018-04-27,59.49,59.69,59.14,59.56,4135387.0
2018-04-30,59.76,59.8,58.1,58.13,6096123.0
2018-05-01,57.7,58.87,57.55,58.82,6406388.0
2018-05-02,58.49,58.56,57.67,57.85,4519911.0
2018-05-03,57.79,57.94,56.81,57.93,5641008.0
2018-05-04,57.64,59.08,57.48,58.74,5833159.0
2018-05-07,58.99,59.76,58.94,59.32,5656052.0
2018-05-08,59.12,59.13,58.24,58.71,6778490.0
2018-05-09,58.81,59.58,58.42,59.4,4103362.0
2018-05-10,59.63,60.61,59.36,60.56,4791091.0
2018-05-11,60.22,61.3,60.22,61.26,5768124.0
2018-05-14,61.5,62.17,61.39,62.02,7705740.0
2018-05-15,61.44,61.58,60.32,60.54,5333461.0
2018-05-16,60.57,61.15,60.4,60.77,3588561.0
2018-05-17,60.8,61.16,60.37,61.06,4157900.0
2018-05-18,61.02,61.87,60.94,61.71,6357689.0
2018-05-21,62.0,62.49,61.79,62.11,4610142.0
2018-05-22,62.1,62.29,60.96,61.39,6802246.0
2018-05-23,61.22,61.97,61.22,61.84,4318022.0
2018-05-24,61.89,62.72,61.89,62.51,5783938.0
2018-05-25,62.49,62.58,62.06,62.37,3839066.0
2018-05-29,61.58,61.87,60.85,61.3,4967378.0
2018-05-30,61.78,62.65,61.44,62.07,5954051.0
2018-05-31,61.9,62.23,61.51,61.53,6322162.0
2018-06-01,61.96,62.49,61.85,62.41,3595765.0
2018-06-04,62.32,63.11,62.28,63.02,4063263.0
2018-06-05,63.09,63.3,62.61,63.03,4469439.0
2018-06-06,63.11,63.55,62.78,63.54,4064800.0
2018-06-07,63.56,63.85,62.87,63.18,3834269.0
2018-06-08,63.01,63.41,62.84,63.27,4674883.0
2018-06-11,63.28,63.48,62.9,63.13,5339303.0
2018-06-12,63.27,63.42,62.61,62.92,4869381.0
2018-06-13,63.06,63.17,62.47,62.63,6189058.0
2018-06-14,62.86,63.23,62.74,62.96,3980778.0
2018-06-15,62.86,63.08,62.26,62.91,11859419.0
2018-06-18,62.59,62.87,62.28,62.82,3672742.0
2018-06-19,62.24,62.41,61.92,62.34,5302313.0
2018-06-20,62.21,62.5,62.04,62.14,5121291.0
2018-06-21,61.97,62.1,61.45,61.75,4065615.0
2018-06-22,62.23,62.39,61.66,61.94,5000555.0
2018-06-25,61.7,61.77,60.32,60.77,6012623.0
2018-06-26,60.64,61.09,60.49,60.81,4303768.0
2018-06-27,61.21,62.14,60.49,60.49,6665248.0
2018-06-28,60.46,61.48,60.46,61.27,4237226.0
2018-06-29,61.49,61.87,60.92,60.99,5807251.0
2018-07-02,60.63,61.02,60.32,61.0,4365174.0
2018-07-03,60.97,61.23,60.63,60.81,2245220.0
2018-07-05,61.19,61.41,60.76,61.33,4065214.0
2018-07-06,61.57,62.4,61.26,62.16,3647913.0
2018-07-09,62.23,62.63,62.14,62.44,3654890.0
2018-07-10,62.56,63.12,62.47,62.81,3963576.0
2018-07-11,62.56,62.88,62.33,62.57,3414099.0
2018-07-12,62.5,62.8,62.38,62.74,3736502.0
2018-07-13,62.75,63.44,62.72,63.06,5326831.0
2018-07-16,62.95,63.0,61.71,61.78,5764376.0
2018-07-17,61.84,63.26,61.55,62.8,7946238.0
2018-07-18,64.31,65.5,64.2,64.75,10650555.0
2018-07-19,64.68,64.97,63.51,63.78,6761121.0
2018-07-20,63.61,64.04,63.28,63.32,5813660.0
2018-07-23,63.26,63.29,62.87,63.2,4790860.0
2018-07-24,63.55,64.61,63.42,64.4,6545439.0
2018-07-25,64.16,65.36,64.12,65.23,6242914.0
2018-07-26,65.36,65.9,64.87,65.66,5517056.0
2018-07-27,65.51,65.8,64.96,65.26,4299109.0
2018-07-30,64.97,65.51,64.97,65.17,5108347.0
2018-07-31,65.37,65.77,65.26,65.54,5399649.0
2018-08-01,65.35,65.75,64.71,64.78,4162928.0
2018-08-02,64.5,64.78,63.91,64.58,4706262.0
2018-08-03,64.77,65.24,64.44,65.23,3945024.0
2018-08-06,65.09,65.5,64.96,65.24,3690735.0
2018-08-07,65.18,65.32,64.73,64.74,3328960.0
2018-08-08,64.74,65.31,64.56,64.84,4103091.0
2018-08-09,64.79,65.06,64.58,64.64,2578518.0
2018-08-10,64.44,64.6,63.87,64.03,3841171.0
2018-08-13,64.02,64.32,63.36,63.43,4407799.0
2018-08-14,63.45,63.92,63.39,63.63,3246483.0
2018-08-15,63.45,63.56,63.07,63.47,3724892.0
2018-08-16,63.79,64.34,63.6,64.16,3714948.0
2018-08-17,64.24,64.92,64.03,64.72,4768203.0
2018-08-20,65.0,65.13,64.38,64.64,5075571.0
2018-08-21,64.91,65.07,64.5,64.75,4045489.0
2018-08-22,64.51,65.81,64.48,65.67,5203299.0
2018-08-23,65.67,66.17,65.64,65.83,4428457.0
2018-08-24,65.9,66.26,65.79,66.1,3831212.0
2018-08-27,66.45,66.89,66.33,66.84,3498931.0
2018-08-28,67.03,67.11,66.67,66.79,4089403.0
2018-08-29,66.72,67.36,66.63,67.13,4445962.0
2018-08-30,66.94,67.31,66.75,67.02,4140490.0
2018-08-31,66.96,67.24,66.59,66.84,5893874.0
2018-09-04,66.74,67.11,66.56,67.11,4899099.0
2018-09-05,66.96,66.96,65.54,66.0,6545110.0
2018-09-06,66.01,66.2,65.22,65.83,7269659.0
2018-09-07,65.79,66.46,65.69,66.21,4060677.0
2018-09-10,66.45,66.93,66.44,66.55,3483259.0
2018-09-11,66.38,66.82,66.11,66.6,3185065.0
2018-09-12,66.6,67.12,66.6,66.97,3233764.0
2018-09-13,67.23,68.54,67.15,68.5,6052415.0
2018-09-14,68.51,68.82,68.36,68.42,4216967.0
2018-09-17,68.42,68.42,67.51,67.67,4255690.0
2018-09-18,67.76,68.57,67.76,68.41,5017956.0
2018-09-19,68.52,68.96,68.39,68.5,3424196.0
2018-09-20,68.63,69.01,68.4,68.79,5036677.0
2018-09-21,68.9,69.25,68.88,69.05,9331140.0
2018-09-24,70.79,71.68,70.32,71.44,10111930.0
2018-09-25,71.74,72.23,71.41,72.2,8257303.0
2018-09-26,72.06,73.29,71.98,72.84,8854865.0
2018-09-27,73.02,73.18,72.69,73.02,5493883.0
2018-09-28,72.78,73.58,72.77,73.36,6572057.0
2018-10-01,73.81,74.15,73.54,74.12,7209088.0
2018-10-02,74.0,74.05,73.42,73.81,6251203.0
2018-10-03,73.81,73.9,71.9,72.04,7477871.0
2018-10-04,71.77,71.87,71.07,71.82,6166667.0
2018-10-05,71.82,72.46,71.05,71.58,5426150.0
2018-10-08,71.58,72.39,70.6,71.44,5520460.0
2018-10-09,71.24,71.59,70.87,71.29,4812290.0
2018-10-10,71.05,71.21,68.78,68.92,10559290.0
2018-10-11,68.92,69.47,67.65,68.38,11932283.0
2018-10-12,69.37,69.98,68.6,69.33,10431269.0
2018-10-15,69.34,69.38,68.22,68.7,6674712.0
2018-10-16,69.55,71.18,69.3,70.95,7638710.0
2018-10-17,70.4,70.69,69.17,70.23,11014686.0
2018-10-18,69.58,69.72,67.47,68.14,10959402.0
2018-10-19,68.13,68.65,67.23,67.59,7351565.0
2018-10-22,67.74,68.85,67.35,68.52,6924865.0
2018-10-23,67.58,69.03,66.99,68.57,7446400.0
2018-10-24,68.73,69.2,66.82,66.94,8126572.0
2018-10-25,67.2,68.33,66.34,67.67,9062267.0
2018-10-26,66.75,67.69,65.78,66.99,8379014.0
2018-10-29,68.0,68.37,66.39,67.31,7530638.0
2018-10-30,67.77,68.34,67.22,68.0,7994440.0
2018-10-31,68.7,69.91,68.52,68.94,7794957.0
2018-11-01,69.09,70.35,68.74,70.15,6250761.0
2018-11-02,70.75,71.38,69.59,70.19,5314643.0
2018-11-05,70.48,71.0,69.99,70.39,8558663.0
2018-11-06,70.33,71.0,70.22,70.96,3676427.0
2018-11-07,71.69,72.61,71.58,72.5,6404540.0
2018-11-08,72.0,73.08,71.95,72.96,4676102.0
2018-11-09,72.88,73.06,72.09,72.79,4247580.0
2018-11-12,72.73,72.9,70.4,70.56,6272726.0
2018-11-13,70.87,71.18,69.25,69.49,6570327.0
2018-11-14,70.1,70.47,68.96,69.41,5400837.0
2018-11-15,68.93,70.75,67.94,70.73,6849027.0
2018-11-16,70.48,72.33,70.36,72.04,9860817.0
2018-11-19,72.0,72.41,70.28,70.54,7224362.0
2018-11-20,70.39,70.75,68.86,69.06,8222508.0
2018-11-21,69.35,69.72,68.25,68.53,5789448.0
2018-11-23,67.94,68.68,67.83,68.11,3262242.0
2018-11-26,68.73,69.27,68.45,68.81,6129379.0
2018-11-27,68.71,69.75,68.38,69.71,6758957.0
2018-11-28,70.1,72.84,70.1,72.83,7915871.0
2018-11-29,72.43,73.7,72.37,73.26,6447652.0
2018-11-30,73.93,74.23,73.06,74.05,8030518.0
2018-12-03,74.29,74.92,73.56,74.27,6428885.0
2018-12-04,74.24,74.25,71.43,71.5,7620066.0
2018-12-06,70.59,71.54,69.92,71.54,10269126.0
2018-12-07,71.75,71.83,69.19,69.95,7945533.0
2018-12-10,70.04,71.3,68.79,70.92,5828575.0
2018-12-11,71.66,72.54,71.3,71.84,7567025.0
2018-12-12,72.81,73.86,72.49,72.53,6883761.0
2018-12-13,72.71,73.14,71.58,72.18,6264895.0
2018-12-14,71.32,71.5,70.37,70.76,5670292.0
2018-12-17,70.38,70.86,69.16,69.75,7257458.0
2018-12-18,70.85,70.9,69.31,70.08,8392377.0
2018-12-19,70.34,71.47,68.19,69.0,7339730.0
2018-12-20,68.34,68.9,66.99,68.38,11689737.0
2018-12-21,68.07,69.13,67.02,67.27,14240784.0
2018-12-24,66.82,67.05,65.44,65.56,4026161.0
2018-12-26,65.9,69.64,65.9,69.62,7576482.0
2018-12-27,68.41,70.63,67.79,70.63,6713047.0
2018-12-28,71.05,72.05,70.3,71.09,6209595.0
2018-12-31,71.57,72.76,71.48,72.33,6094307.0
2019-01-02,70.39,70.96,69.07,69.5,8737216.0
2019-01-03,68.74,68.88,65.5,66.22,10571047.0
2019-01-04,67.12,68.58,66.99,68.11,8299184.0
2019-01-07,68.19,69.86,68.18,69.13,9502967.0
2019-01-08,69.55,69.64,67.0,68.3,8905171.0
2019-01-09,68.93,69.85,68.8,69.44,6090976.0
2019-01-10,68.68,69.44,68.45,69.08,8051203.0
2019-01-11,68.6,69.36,68.45,69.33,6582976.0
2019-01-14,68.41,68.8,68.13,68.27,5122856.0
2019-01-15,68.41,70.52,68.36,70.47,6306955.0
2019-01-16,70.5,70.76,69.74,69.82,6357264.0
2019-01-17,69.87,70.97,69.77,70.52,5427810.0
2019-01-18,70.99,71.74,70.78,71.42,9404453.0
2019-01-22,70.97,71.67,70.69,71.49,6541557.0
2019-01-23,70.5,71.55,69.27,69.91,10196466.0
2019-01-24,70.0,71.0,69.32,70.86,6438033.0
2019-01-25,71.27,71.77,70.79,71.15,4826904.0
2019-01-28,70.52,70.63,68.89,69.05,5942549.0
2019-01-29,69.09,69.94,68.8,69.69,5981603.0
2019-01-30,69.91,71.8,69.69,71.68,8145312.0
2019-01-31,71.31,73.07,71.14,72.98,10421928.0
2019-02-01,73.02,73.24,71.97,72.36,5016514.0
2019-02-04,72.39,72.69,71.71,72.5,5278342.0
2019-02-05,72.9,73.29,72.68,73.11,4302414.0
2019-02-06,72.9,73.56,72.63,73.49,4851862.0
2019-02-07,72.99,73.06,71.5,72.74,6863650.0
2019-02-08,72.16,73.48,72.12,73.33,6063737.0
2019-02-11,73.48,73.84,73.29,73.54,4782802.0
2019-02-12,73.99,75.23,73.72,75.06,7039987.0
2019-02-13,75.04,75.27,74.06,74.38,5696262.0
2019-02-14,74.08,74.36,73.74,73.97,4864527.0
2019-02-15,74.56,75.4,74.33,75.25,8083239.0
2019-02-19,75.16,75.57,74.72,75.0,4503450.0
2019-02-20,74.83,75.57,74.6,75.54,6316696.0
2019-02-21,75.11,75.47,74.66,75.14,5607025.0
2019-02-22,75.35,76.45,75.35,76.13,5296623.0
2019-02-25,76.39,77.05,76.24,76.86,5709577.0
2019-02-26,76.58,77.12,76.38,76.75,5295365.0
2019-02-27,76.45,77.33,76.33,77.23,5706547.0
2019-02-28,77.01,78.06,77.01,77.62,6762751.0
2019-03-01,77.99,78.74,77.68,78.59,5390195.0
2019-03-04,78.84,78.97,77.47,78.62,5962827.0
2019-03-05,78.56,78.91,78.13,78.22,6547585.0
2019-03-06,78.11,78.22,77.52,77.7,4182140.0
2019-03-07,77.69,77.95,76.61,76.8,5292759.0
2019-03-08,76.35,76.68,75.86,76.63,3895353.0
2019-03-11,76.92,77.85,76.7,77.81,4254945.0
2019-03-12,77.99,78.48,77.63,78.24,4241270.0
2019-03-13,78.67,79.14,78.07,78.62,6479249.0
2019-03-14,78.5,79.07,78.14,78.98,5734485.0
2019-03-15,79.03,80.15,78.92,79.86,11989434.0
2019-03-18,79.95,79.95,77.97,78.83,7671136.0
2019-03-19,79.18,80.25,79.02,79.96,6048564.0
2019-03-20,79.87,80.43,79.11,79.94,5389124.0
2019-03-21,79.45,80.49,79.32,80.06,5899061.0
2019-03-22,79.81,80.0,77.69,77.97,7532950.0
2019-03-25,77.81,78.67,77.62,78.23,3844492.0
2019-03-26,78.89,79.5,78.68,79.0,3596361.0
2019-03-27,79.0,79.31,77.89,78.73,4101936.0
2019-03-28,79.16,79.66,78.72,79.44,5675861.0
2019-03-29,79.86,79.99,79.11,79.94,5891218.0
2019-04-01,80.67,80.74,79.21,79.66,4841966.0
2019-04-02,79.83,79.83,79.07,79.62,3717922.0
2019-04-03,79.97,80.0,79.15,79.5,3973665.0
2019-04-04,79.47,79.51,78.0,78.62,4671176.0
2019-04-05,78.9,79.36,78.39,79.0,3434494.0
2019-04-08,78.91,78.91,77.95,78.52,5178878.0
2019-04-09,78.24,78.96,78.06,78.67,4836715.0
2019-04-10,78.72,79.42,78.56,78.97,5604667.0
2019-04-11,79.19,79.23,78.35,78.51,4432118.0
2019-04-12,78.37,78.85,77.82,78.01,5481957.0
2019-04-15,78.11,78.45,77.46,77.5,6095197.0
2019-04-16,77.94,78.7,76.06,76.38,6227792.0
2019-04-17,76.18,76.29,72.36,72.88,11212434.0
2019-04-18,73.64,74.9,72.75,73.92,9712196.0
2019-04-22,73.13,74.6,73.0,74.51,5810683.0
2019-04-23,74.63,76.41,74.43,76.1,6823550.0
2019-04-24,76.05,76.87,75.67,76.75,6238700.0
2019-04-25,76.62,78.17,76.37,78.11,6011693.0
2019-04-26,78.46,78.57,77.53,78.56,4286509.0
2019-04-29,78.56,78.63,77.58,78.27,4355001.0
2019-04-30,78.27,79.69,77.93,79.56,5514123.0
2019-05-01,79.35,79.47,78.29,78.74,6702454.0
2019-05-02,78.42,78.87,77.91,78.78,5112210.0
2019-05-03,78.83,79.13,78.26,78.69,5452725.0
2019-05-06,77.42,79.17,77.35,79.07,4006749.0
2019-05-07,78.5,78.87,76.2,76.91,5322549.0
2019-05-08,76.93,76.97,76.14,76.22,4362822.0
2019-05-09,75.66,76.48,74.88,76.42,3736727.0
2019-05-10,76.21,76.66,74.53,76.45,3993531.0
2019-05-13,75.17,75.78,74.96,75.5,5166977.0
2019-05-14,75.64,76.77,75.63,76.03,5319291.0
2019-05-15,75.5,77.02,75.22,76.51,4385516.0
2019-05-16,76.52,77.37,76.17,76.6,6098066.0
2019-05-17,76.29,77.21,75.96,75.97,5169349.0
2019-05-20,75.6,75.96,75.2,75.77,4493099.0
2019-05-21,76.56,76.82,76.02,76.03,3819675.0
2019-05-22,76.14,76.59,75.85,76.26,3062654.0
2019-05-23,76.14,76.14,75.32,75.63,5506958.0
2019-05-24,76.02,77.08,75.96,76.98,4866347.0
2019-05-28,77.03,77.98,75.68,75.71,5418558.0
2019-05-29,75.37,75.97,74.94,75.67,4013124.0
2019-05-30,76.01,76.59,75.87,76.52,3600295.0
2019-05-31,75.97,76.52,75.6,76.13,6571012.0
2019-06-03,76.25,76.79,75.44,75.71,6286485.0
2019-06-04,76.25,77.61,76.16,77.46,5836169.0
2019-06-05,77.84,78.85,77.83,78.69,5286485.0
2019-06-06,78.85,80.43,78.64,80.09,5966650.0
2019-06-07,80.49,81.16,80.3,80.74,5136407.0
2019-06-10,81.0,81.5,80.44,81.27,3927050.0
2019-06-11,81.79,82.0,80.63,81.12,3905452.0
2019-06-12,81.29,81.97,81.25,81.95,3332562.0
2019-06-13,81.98,82.33,81.75,82.29,5220434.0
2019-06-14,82.17,82.86,82.02,82.22,4771105.0
2019-06-17,82.39,82.58,81.67,82.05,4095932.0
2019-06-18,82.45,83.59,81.92,83.42,6252980.0
2019-06-19,83.4,84.5,83.05,84.33,4113451.0
2019-06-20,84.84,85.32,84.32,84.94,6436372.0
2019-06-21,85.36,85.36,84.41,85.0,8855471.0
2019-06-24,84.78,85.33,84.64,84.71,4531625.0
2019-06-25,84.94,85.45,84.24,84.24,4915464.0
2019-06-26,84.05,84.37,82.63,82.96,5731370.0
2019-06-27,83.39,83.97,83.07,83.69,4111620.0
2019-06-28,83.82,84.26,83.12,84.1,16436946.0
2019-07-01,84.74,84.98,83.75,84.49,4533799.0
2019-07-02,84.75,84.96,84.15,84.95,4023290.0
2019-07-03,85.05,85.65,84.92,85.64,2437460.0
2019-07-05,85.16,85.5,84.64,85.42,3784656.0
2019-07-08,85.28,85.28,84.69,85.09,3591105.0
2019-07-09,84.96,85.37,84.82,85.27,3126024.0
2019-07-10,85.68,85.88,85.15,85.38,4315910.0
2019-07-11,85.65,85.99,85.19,85.77,3653628.0
2019-07-12,85.28,85.44,83.06,83.92,5667227.0
2019-07-15,83.81,84.24,83.41,83.81,5177684.0
2019-07-16,84.11,84.24,82.9,83.16,3886747.0
2019-07-17,85.89,86.75,85.43,85.76,9381371.0
2019-07-18,86.24,87.84,85.32,87.76,8311763.0
2019-07-19,88.29,88.33,87.45,87.49,5824075.0
2019-07-22,87.36,88.71,87.27,88.07,6566074.0
2019-07-23,88.1,88.76,87.53,88.74,4049242.0
2019-07-24,88.45,88.69,87.59,88.59,3879139.0
2019-07-25,88.27,88.47,87.74,88.0,4671289.0
2019-07-26,88.35,88.62,87.3,87.75,4177672.0
2019-07-29,88.06,88.61,87.38,88.55,3623930.0
2019-07-30,88.18,88.73,87.85,88.31,2864651.0
2019-07-31,88.18,88.4,86.37,87.1,6197159.0
2019-08-01,87.18,88.06,85.64,86.08,7022041.0
2019-08-02,85.95,86.2,84.74,85.82,4756375.0
2019-08-05,84.73,84.88,82.42,83.16,6253772.0
2019-08-06,83.81,84.89,83.68,84.86,4422511.0
2019-08-07,83.8,85.0,82.31,84.6,5502629.0
2019-08-08,85.11,86.27,85.01,85.56,6439311.0
2019-08-09,85.63,87.05,85.43,86.62,5102717.0
2019-08-12,86.39,86.51,84.33,84.66,3572481.0
2019-08-13,85.32,87.1,84.98,86.89,4892696.0
2019-08-14,85.88,86.31,83.91,83.94,4106212.0
2019-08-15,84.16,84.73,83.52,83.94,4952562.0
2019-08-16,84.74,85.08,84.27,84.78,5786292.0
2019-08-19,85.79,86.13,85.33,85.56,4580027.0
2019-08-20,85.95,86.01,84.48,84.54,3322371.0
2019-08-21,85.05,85.15,84.29,84.9,3894903.0
2019-08-22,84.92,85.31,83.64,84.37,3206979.0
2019-08-23,83.84,84.25,81.36,81.93,6228406.0
2019-08-26,82.61,83.18,82.02,83.12,3521332.0
2019-08-27,83.82,84.2,83.22,83.65,4845581.0
2019-08-28,83.2,84.26,83.06,84.22,3889475.0
2019-08-29,85.0,85.11,84.47,84.82,3758630.0
2019-08-30,85.47,85.62,84.63,85.32,3628594.0
2019-09-03,84.43,84.64,83.26,84.06,4060563.0
2019-09-04,84.5,84.7,83.78,84.22,3673143.0
2019-09-05,85.0,86.16,84.56,85.9,4356370.0
2019-09-06,86.23,86.43,85.6,86.04,4451256.0
2019-09-09,86.34,86.43,83.87,84.22,4444991.0
2019-09-10,83.44,83.48,81.02,83.21,5613092.0
2019-09-11,82.45,84.56,82.25,84.52,4458904.0
2019-09-12,85.03,85.99,84.91,85.21,3517476.0
2019-09-13,85.3,85.36,83.89,84.27,3633221.0
2019-09-16,83.91,83.91,83.03,83.36,3991210.0
2019-09-17,83.4,84.5,83.21,83.58,3600036.0
2019-09-18,83.58,84.16,82.85,83.64,3053448.0
2019-09-19,83.83,84.25,83.1,83.23,3416654.0
2019-09-20,83.51,83.88,82.87,83.58,7183000.0
2019-09-23,83.43,83.72,83.13,83.16,2522669.0
2019-09-24,83.66,84.03,82.22,82.44,3771198.0
2019-09-25,82.4,83.05,82.1,82.86,3575351.0
2019-09-26,83.28,83.38,82.09,82.66,3270341.0
2019-09-27,83.04,83.34,81.42,81.84,3396617.0
2019-09-30,82.19,84.39,82.19,83.67,4352936.0
2019-10-01,84.03,84.77,81.77,81.84,4687196.0
2019-10-02,81.4,81.55,78.77,79.53,5765387.0
2019-10-03,79.25,81.13,78.77,81.07,4123671.0
2019-10-04,81.3,82.32,81.29,81.99,3399904.0
2019-10-07,81.4,81.98,80.97,81.04,2720080.0
2019-10-08,80.56,80.56,78.51,78.51,6136655.0
2019-10-09,79.31,79.81,78.88,79.5,4028805.0
2019-10-10,79.09,80.46,79.07,80.14,5226790.0
2019-10-11,80.73,81.33,79.55,79.63,4426053.0
2019-10-14,79.69,80.19,79.42,79.82,4288657.0
2019-10-15,80.7,82.75,80.7,81.98,6491553.0
2019-10-16,81.36,83.69,79.65,81.78,10764635.0
2019-10-17,81.52,83.0,81.47,82.38,4177661.0
2019-10-18,82.41,83.32,82.03,82.79,5219831.0
2019-10-21,83.14,83.28,81.52,81.65,5589203.0
2019-10-22,81.81,82.28,80.5,80.54,4821412.0
2019-10-23,80.69,81.6,80.41,81.27,4339658.0
2019-10-24,81.59,82.09,81.2,81.36,4482374.0
2019-10-25,81.45,81.97,81.08,81.65,4872822.0
2019-10-28,81.8,82.89,81.76,82.66,4768781.0
2019-10-29,82.45,83.86,82.29,83.45,4614858.0
2019-10-30,83.32,84.09,82.9,84.01,3534803.0
2019-10-31,83.77,84.35,82.92,83.61,4614003.0
2019-11-01,84.09,84.29,82.61,82.66,5119148.0
2019-11-04,83.04,83.21,82.22,82.22,5508037.0
2019-11-05,82.87,82.9,80.9,82.34,8238802.0
2019-11-06,82.5,83.44,82.38,83.12,4489005.0
2019-11-07,83.13,83.58,82.91,83.39,6020547.0
2019-11-08,83.33,83.89,83.18,83.74,3462833.0
2019-11-11,83.31,83.9,83.31,83.76,3139074.0
2019-11-12,83.66,84.78,83.66,84.34,3701396.0
2019-11-13,83.96,84.42,83.27,84.22,4028489.0
2019-11-14,84.09,84.39,83.68,84.12,4475084.0
2019-11-15,84.67,85.71,84.4,85.71,5453507.0
2019-11-18,85.71,85.9,84.02,84.26,5812284.0
2019-11-19,84.62,84.64,83.9,84.29,4152243.0
2019-11-20,84.34,84.73,83.2,83.89,5416249.0
2019-11-21,83.72,83.8,82.36,83.68,5211549.0
2019-11-22,83.95,84.02,82.79,83.74,3964598.0
2019-11-25,83.91,84.81,83.88,84.49,5704279.0
2019-11-26,84.65,85.57,84.32,85.42,8764130.0
2019-11-27,85.97,85.97,85.16,85.42,2865521.0
2019-11-29,85.3,85.65,84.84,85.45,2410936.0
2019-12-02,85.57,85.72,83.98,84.51,3801243.0
2019-12-03,83.59,84.42,83.27,84.36,3220767.0
2019-12-04,84.5,85.34,84.44,85.18,3953350.0
2019-12-05,85.12,85.42,84.33,85.24,3279925.0
2019-12-06,85.67,85.91,85.38,85.48,4104604.0
2019-12-09,85.12,85.42,83.83,83.87,4309187.0
2019-12-10,83.88,84.63,83.76,84.56,3904868.0
2019-12-11,84.62,85.04,84.21,84.91,2937451.0
2019-12-12,84.78,86.28,84.64,85.97,4155194.0
2019-12-13,85.78,86.71,85.78,86.35,3872210.0
2019-12-16,86.95,87.1,86.3,86.4,3843677.0
2019-12-17,86.58,87.3,86.0,87.06,5368573.0
2019-12-18,87.08,87.27,86.61,86.93,5831115.0
2019-12-19,86.74,87.35,86.49,87.35,4643658.0
2019-12-20,88.99,89.24,86.63,86.66,11606526.0
2019-12-23,86.31,87.46,86.28,87.35,4067769.0
2019-12-24,87.37,87.47,86.98,87.28,1067679.0
2019-12-26,87.21,87.52,86.88,87.28,2033136.0
2019-12-27,87.49,87.75,87.02,87.4,2508643.0
2019-12-30,87.52,87.79,86.61,86.8,2706140.0
2019-12-31,86.5,86.99,86.27,86.86,3261089.0
2020-01-02,86.06,86.96,85.8,86.95,4398598.0
2020-01-03,85.75,86.67,85.59,85.89,4747091.0
2020-01-06,85.62,86.36,85.21,86.34,5631729.0
2020-01-07,85.77,86.3,85.54,85.86,3410955.0
2020-01-08,86.24,86.66,85.93,86.21,5694099.0
2020-01-09,86.3,86.68,85.75,86.44,6432489.0
2020-01-10,86.79,86.99,85.17,85.36,4680396.0
2020-01-13,85.5,85.73,84.74,85.12,5571496.0
2020-01-14,84.13,86.0,84.01,85.74,8751380.0
2020-01-15,86.11,87.85,86.11,87.38,5389727.0
2020-01-16,87.94,88.31,87.42,88.28,5023287.0
2020-01-17,88.45,89.2,88.31,89.0,5879746.0
2020-01-21,88.86,90.04,88.61,89.73,7458072.0
2020-01-22,90.78,92.45,90.03,91.86,9841587.0
2020-01-23,91.81,91.85,90.16,90.73,7418780.0
2020-01-24,90.85,91.53,90.21,90.4,4219102.0
2020-01-27,89.11,90.0,88.89,89.59,4482196.0
2020-01-28,89.7,90.03,89.39,89.54,4983710.0
2020-01-29,89.61,90.23,89.07,89.14,3914384.0
2020-01-30,88.29,89.21,87.97,89.16,5248070.0
2020-01-31,89.13,89.23,86.9,87.14,5914103.0
2020-02-03,87.78,88.4,86.75,87.06,4675901.0
2020-02-04,88.15,89.25,88.15,88.23,3904607.0
2020-02-05,88.86,89.61,88.55,89.56,3565733.0
2020-02-06,90.0,90.08,89.25,89.47,4270871.0
2020-02-07,89.23,89.51,87.68,87.87,4472282.0
2020-02-10,87.21,88.3,87.21,88.3,4219431.0
2020-02-11,88.64,89.41,88.53,89.17,2661864.0
2020-02-12,89.56,89.59,88.58,88.79,3389518.0
2020-02-13,88.5,89.04,87.7,88.68,4448862.0
2020-02-14,88.87,89.71,88.31,89.66,3919818.0
2020-02-18,89.42,89.49,88.31,88.88,4492281.0
2020-02-19,88.83,89.93,88.69,89.36,3464882.0
2020-02-20,89.1,89.56,88.04,88.46,3657505.0
2020-02-21,88.04,88.25,87.16,87.45,5570994.0
2020-02-24,85.45,85.67,84.07,84.63,5667245.0
2020-02-25,84.93,85.37,80.78,81.13,7022157.0
2020-02-26,82.13,82.88,81.11,81.36,7380113.0
2020-02-27,80.4,82.03,79.16,79.19,8657223.0
2020-02-28,77.12,78.16,74.02,77.03,16672979.0
2020-03-02,77.88,81.68,77.25,81.61,11483552.0
2020-03-03,81.58,83.5,77.26,77.99,9510566.0
2020-03-04,80.66,82.33,79.46,82.09,8660411.0
2020-03-05,80.29,81.47,79.13,80.52,9288683.0
2020-03-06,78.6,82.3,78.09,81.74,10647883.0
2020-03-09,76.61,79.34,75.1,77.02,10284956.0
2020-03-10,79.23,81.0,75.93,80.88,9417572.0
2020-03-11,78.53,79.07,76.35,78.09,11534362.0
2020-03-12,73.28,78.15,72.01,74.74,13876299.0
2020-03-13,77.91,82.67,74.83,81.65,18317155.0
2020-03-16,70.65,79.25,70.0,73.66,14358968.0
2020-03-17,75.52,79.79,73.34,79.49,13315307.0
2020-03-18,74.98,81.99,74.39,79.26,17541136.0
2020-03-19,81.36,81.81,73.55,74.5,14476030.0
2020-03-20,74.05,74.86,67.95,68.0,15131370.0
2020-03-23,67.07,67.49,61.61,62.82,13037139.0
2020-03-24,64.91,69.97,64.5,69.69,10903740.0
2020-03-25,68.95,72.63,68.15,70.75,9351358.0
2020-03-26,71.08,75.97,71.0,75.81,10546005.0
2020-03-27,77.5,77.5,73.61,74.56,8360561.0
2020-03-30,82.83,84.4,78.47,79.34,47540243.0
2020-03-31,81.43,81.49,78.56,78.91,23792287.0
2020-04-01,77.0,77.38,75.35,76.57,12208291.0
2020-04-02,76.12,79.66,76.0,79.44,10167927.0
2020-04-03,78.79,79.99,78.18,79.45,9139356.0
2020-04-06,81.08,83.12,79.61,82.73,12373766.0
2020-04-07,83.45,84.48,81.77,81.93,10872050.0
2020-04-08,82.5,85.39,81.05,84.95,9266449.0
2020-04-09,85.0,86.5,82.95,86.04,10474717.0
2020-04-13,86.32,86.48,83.52,85.85,6665847.0
2020-04-14,87.0,89.54,86.5,89.14,9861271.0
2020-04-15,90.01,91.9,88.51,90.94,14127998.0
2020-04-16,92.6,96.99,91.14,96.0,27036533.0
2020-04-17,97.45,97.75,94.24,96.01,16074776.0
2020-04-20,94.82,100.0,94.65,98.0,17251354.0
2020-04-21,96.1,96.97,93.62,94.05,12030276.0
2020-04-22,94.28,95.98,92.79,95.48,8370814.0
2020-04-23,95.87,97.45,93.35,93.94,10567527.0
2020-04-24,94.5,94.58,92.78,94.06,9017694.0
2020-04-27,95.48,95.9,94.02,94.95,6838224.0
2020-04-28,94.88,95.15,91.33,91.46,7805481.0
2020-04-29,92.09,93.05,91.07,92.28,7068284.0
2020-04-30,91.85,93.77,91.85,92.09,7978298.0
2020-05-01,91.0,91.36,88.75,89.85,6839783.0
2020-05-04,89.79,90.16,88.71,89.83,5036758.0
2020-05-05,90.95,93.66,90.39,93.03,6747864.0
2020-05-06,93.15,93.43,91.03,91.08,4248372.0
2020-05-07,92.14,94.54,91.81,93.99,7257316.0
2020-05-08,94.84,94.94,92.9,93.7,6170211.0
2020-05-11,93.22,96.49,93.14,96.07,7239088.0
2020-05-12,96.46,96.68,93.73,93.8,5384228.0
2020-05-13,93.27,94.67,90.84,92.16,11622488.0
2020-05-14,90.5,91.78,89.34,91.78,8189154.0
2020-05-15,89.96,91.16,88.79,89.89,13609389.0
2020-05-18,91.9,93.0,90.02,90.27,7648880.0
2020-05-19,90.33,90.5,88.11,88.22,7693069.0
2020-05-20,89.58,90.42,88.03,90.09,7489060.0
2020-05-21,89.64,90.61,88.38,90.39,6148320.0
2020-05-22,90.42,91.54,89.71,91.47,5184488.0
2020-05-26,92.95,93.29,89.17,89.48,6243836.0
2020-05-27,89.28,90.78,88.17,90.76,5420979.0
2020-05-28,91.95,93.33,91.21,92.1,5316800.0
2020-05-29,92.9,95.59,90.75,94.92,10141091.0
2020-06-01,92.95,93.96,92.04,93.01,5453391.0
2020-06-02,92.92,93.15,91.76,92.62,6394362.0
2020-06-03,92.56,92.7,90.56,91.4,8056264.0
2020-06-04,91.05,91.33,88.24,88.25,9113636.0
2020-06-05,88.47,89.96,87.32,89.86,11874888.0
2020-06-08,88.98,92.61,88.91,92.56,5426837.0
2020-06-09,92.32,92.82,90.24,90.27,4857378.0
2020-06-10,90.85,92.75,90.64,92.16,5829143.0
2020-06-11,92.17,92.5,86.94,87.78,8168332.0
2020-06-12,89.25,90.19,87.59,89.02,5590474.0
2020-06-15,87.52,90.35,87.05,89.55,5667401.0
2020-06-16,90.62,91.76,89.14,89.74,6144086.0
2020-06-17,90.42,91.67,90.1,90.9,4359470.0
2020-06-18,90.5,91.34,89.57,90.28,6022939.0
2020-06-19,91.67,92.4,90.61,90.68,9451388.0
2020-06-22,90.33,90.65,89.16,90.34,5072803.0
2020-06-23,91.11,92.3,90.79,91.3,4157172.0
2020-06-24,90.63,90.73,86.82,87.3,6141939.0
2020-06-25,87.24,89.81,86.16,89.62,5781467.0
2020-06-26,89.82,89.95,87.94,88.71,8522534.0
2020-06-29,89.58,89.7,88.09,89.01,4669327.0
2020-06-30,88.75,91.9,88.44,91.43,5221178.0
2020-07-01,91.98,91.98,90.43,91.64,3389696.0
2020-07-02,92.5,93.06,91.93,92.23,3845629.0
2020-07-06,92.76,93.97,92.45,92.97,5919133.0
2020-07-07,92.46,93.4,92.09,92.46,3389384.0
2020-07-08,92.84,93.67,91.5,92.58,3815476.0
2020-07-09,92.74,94.88,91.85,93.67,4576764.0
2020-07-10,93.47,93.8,92.32,93.04,2923198.0
2020-07-13,93.14,95.62,92.79,93.09,4297599.0
2020-07-14,92.64,94.98,91.71,94.82,4122763.0
2020-07-15,95.9,97.13,95.77,96.73,6205012.0
2020-07-16,97.85,97.99,94.29,96.4,7582201.0
2020-07-17,97.87,100.0,97.68,99.25,8339994.0
2020-07-20,100.0,100.71,98.72,99.08,5677858.0
2020-07-21,98.88,99.48,97.76,98.19,5064872.0
2020-07-22,98.11,100.57,98.0,100.19,4662048.0
2020-07-23,100.28,101.98,100.07,100.82,5905762.0
2020-07-24,100.21,100.21,98.36,98.95,4534668.0
2020-07-27,98.55,100.28,98.41,99.99,3718001.0
2020-07-28,100.14,100.79,99.27,99.86,4114163.0
2020-07-29,100.18,102.89,100.09,102.52,4744441.0
2020-07-30,100.98,101.58,100.24,101.53,3176855.0
2020-07-31,101.21,101.37,99.12,100.64,4604259.0
2020-08-03,101.08,101.55,100.21,100.68,3671149.0
2020-08-04,100.16,100.68,99.28,99.93,2730588.0
2020-08-05,99.97,102.36,99.88,102.14,4416036.0
2020-08-06,101.52,101.8,99.92,101.75,3942990.0
2020-08-07,101.7,102.3,100.56,101.23,3141906.0
2020-08-10,100.94,101.26,100.03,100.04,2776738.0
2020-08-11,100.43,100.43,98.67,99.06,4823354.0
2020-08-12,99.55,101.1,99.32,100.65,2668968.0
2020-08-13,100.34,101.27,100.0,101.1,2951812.0
2020-08-14,100.93,101.22,99.58,99.99,2740192.0
2020-08-17,100.3,101.42,100.21,100.71,4657356.0
2020-08-18,101.09,101.72,100.43,100.96,3777618.0
2020-08-19,101.08,101.62,100.33,100.48,2716887.0
2020-08-20,99.99,102.02,99.75,101.63,3548902.0
2020-08-21,101.63,102.54,100.84,102.4,3585115.0
2020-08-24,102.7,103.23,100.7,101.39,3212943.0
2020-08-25,101.98,102.9,101.52,102.47,2626522.0
2020-08-26,101.99,103.29,101.26,103.19,2968816.0
2020-08-27,111.01,114.0,109.52,111.29,36319012.0
2020-08-28,113.54,114.19,109.41,110.79,17203952.0
2020-08-31,110.7,111.74,109.26,109.47,6943209.0
2020-09-01,108.93,109.07,105.58,106.55,7967973.0
2020-09-02,106.45,109.91,105.88,109.44,5843679.0
2020-09-03,108.7,108.94,104.3,105.53,6096925.0
2020-09-04,105.45,106.04,102.42,104.16,5027723.0
2020-09-08,103.17,103.82,102.43,102.84,5217691.0
2020-09-09,104.26,106.93,104.13,105.81,4365102.0
2020-09-10,105.6,105.6,103.73,104.0,4271232.0
2020-09-11,105.28,105.7,104.32,104.7,4111262.0
2020-09-14,105.59,106.66,105.12,105.69,3824100.0
2020-09-15,107.0,107.53,106.17,106.58,3654948.0
2020-09-16,106.95,107.37,105.66,105.7,4244419.0
2020-09-17,104.96,106.75,104.39,106.66,4283743.0
2020-09-18,106.56,107.99,106.14,106.86,7622454.0
2020-09-21,105.8,106.46,104.46,105.95,4559845.0
2020-09-22,105.46,105.52,103.57,104.8,4180254.0
2020-09-23,104.99,104.99,102.23,102.73,4040141.0
2020-09-24,102.75,103.53,100.47,100.92,7603993.0
2020-09-25,100.56,103.61,100.34,103.45,5060317.0
2020-09-28,104.24,105.25,103.82,104.44,5515469.0
2020-09-29,106.01,106.41,104.92,105.19,4470770.0
2020-09-30,105.99,109.48,105.74,108.83,9487040.0
2020-10-01,109.18,110.33,108.38,108.64,7242069.0
2020-10-02,107.68,108.66,106.33,106.5,5590462.0
2020-10-05,107.18,108.65,107.18,108.56,3603415.0
2020-10-06,108.56,108.77,106.05,106.25,3992611.0
2020-10-07,107.37,108.18,106.93,107.74,4162751.0
2020-10-08,108.14,109.13,107.42,108.54,4168512.0
2020-10-09,109.34,109.97,108.8,109.65,3060733.0
2020-10-12,110.25,111.57,109.76,111.05,4201819.0
2020-10-13,110.5,110.99,108.25,108.37,4773555.0
2020-10-14,108.61,109.83,107.34,107.75,4191903.0
2020-10-15,106.85,107.74,106.31,107.32,3518987.0
2020-10-16,107.7,110.38,107.7,109.67,4363766.0
2020-10-19,109.9,111.04,107.82,108.04,4228515.0
2020-10-20,108.35,109.89,108.11,108.36,3873504.0
2020-10-21,108.01,109.0,104.75,105.93,5716007.0
2020-10-22,106.42,110.05,106.24,109.48,4954280.0
2020-10-23,109.64,110.0,107.57,107.79,3573013.0
2020-10-26,107.57,109.16,107.05,109.0,7297958.0
2020-10-27,108.89,109.75,108.33,108.58,4518049.0
2020-10-28,106.81,107.41,105.38,106.42,7104939.0
2020-10-29,106.38,106.58,104.57,105.0,4237622.0
2020-10-30,104.76,105.55,103.13,105.11,4434640.0
2020-11-02,107.09,108.7,106.11,107.48,5907062.0
2020-11-03,108.74,110.8,108.36,109.56,3870091.0
2020-11-04,110.17,114.23,110.11,111.53,7421211.0
2020-11-05,113.51,114.84,112.72,113.53,5139894.0
2020-11-06,113.88,115.14,112.84,114.42,5644486.0
2020-11-09,111.8,113.21,106.19,109.39,13990710.0
2020-11-10,109.25,111.59,108.4,110.81,5243650.0
2020-11-11,111.94,112.95,111.47,112.65,3994005.0
2020-11-12,112.41,112.86,111.3,111.95,2817539.0
2020-11-13,113.0,113.09,111.42,112.6,3919070.0
2020-11-16,112.05,113.75,111.59,113.67,4144862.0
2020-11-17,113.22,114.62,112.34,113.06,3793137.0
2020-11-18,113.67,113.71,109.75,109.77,4545668.0
2020-11-19,110.0,111.2,109.26,111.0,3548144.0
2020-11-20,110.74,111.76,110.07,110.89,4075245.0
2020-11-23,111.43,111.52,108.86,109.27,4106070.0
2020-11-24,109.31,109.59,107.25,107.61,7317237.0
2020-11-25,107.05,108.4,105.63,106.41,6224141.0
2020-11-27,106.67,107.75,105.87,107.62,1979001.0
2020-11-30,107.77,108.55,107.09,108.22,5702327.0
2020-12-01,109.24,109.6,108.07,108.49,4265310.0
2020-12-02,108.31,108.63,107.36,108.15,3444892.0
2020-12-03,108.15,108.64,107.08,107.53,3846363.0
2020-12-04,107.08,108.27,106.93,107.9,4687048.0
2020-12-07,107.72,108.3,106.64,107.18,6928011.0
2020-12-08,106.8,107.24,106.21,106.8,6643598.0
2020-12-09,107.1,107.69,105.52,106.32,5742446.0
2020-12-10,106.76,107.09,106.04,106.52,4828615.0
2020-12-11,106.1,107.35,105.32,107.02,4718995.0
2020-12-14,107.5,109.17,106.77,106.79,6250041.0
2020-12-15,106.94,108.41,106.4,107.45,5256843.0
2020-12-16,107.45,108.21,106.61,107.34,4458721.0
2020-12-17,107.83,108.94,107.61,108.78,3924302.0
2020-12-18,108.85,109.61,107.49,108.97,10669778.0
2020-12-21,107.56,108.18,105.37,108.09,4544274.0
2020-12-22,107.83,109.04,106.96,108.28,3426649.0
2020-12-23,108.87,109.68,107.43,107.45,3149690.0
2020-12-24,107.44,108.95,107.38,108.35,1451492.0
2020-12-28,108.96,109.1,107.26,107.79,2034386.0
2020-12-29,108.5,108.94,108.14,108.33,2834686.0
2020-12-30,108.69,109.12,107.84,108.44,2416104.0
2020-12-31,108.17,109.64,107.85,109.49,2982245.0
2021-01-04,109.53,110.25,107.26,109.11,6192131.0
2021-01-05,108.85,110.91,108.3,110.46,4323126.0
2021-01-06,108.95,111.03,108.59,110.23,5539612.0
2021-01-07,110.28,111.62,109.25,111.3,5568900.0
2021-01-08,111.67,112.55,110.34,111.61,4242160.0
2021-01-11,111.21,111.98,110.23,110.84,3177736.0
2021-01-12,110.52,110.72,108.34,108.84,5777386.0
2021-01-13,109.09,112.9,108.25,112.15,6047106.0
2021-01-14,111.21,111.66,109.75,110.04,4391349.0
2021-01-15,110.0,111.62,109.39,111.3,4480173.0
2021-01-19,111.74,113.13,110.52,112.57,6820328.0
2021-01-20,112.65,113.53,112.0,112.89,2952325.0
2021-01-21,112.25,113.54,110.26,112.95,5028068.0
2021-01-22,113.0,113.51,111.74,112.84,4163905.0
2021-01-25,113.06,115.4,113.01,114.72,4689256.0
2021-01-26,114.25,115.12,113.79,114.73,4142373.0
2021-01-27,115.2,117.78,113.5,114.29,9104907.0
2021-01-28,117.91,124.07,117.15,120.39,11296279.0
2021-01-29,120.25,124.72,119.71,123.59,10995345.0
2021-02-01,123.24,124.82,122.5,122.54,8337131.0
2021-02-02,123.4,123.72,120.23,120.24,7276960.0
2021-02-03,119.74,120.89,118.9,120.22,4992031.0
2021-02-04,119.83,120.86,118.79,119.74,4377982.0
2021-02-05,120.43,124.32,120.04,124.03,5803596.0
2021-02-08,125.0,125.8,123.77,124.5,3456083.0
2021-02-09,124.83,125.28,123.61,125.15,3424524.0
2021-02-10,125.79,126.2,124.76,125.29,4195704.0
2021-02-11,125.69,126.87,125.2,126.84,3697423.0
2021-02-12,126.41,128.54,126.25,128.23,3658831.0
2021-02-16,128.49,128.5,126.85,128.02,5174034.0
2021-02-17,127.37,128.0,126.39,127.24,3162043.0
2021-02-18,125.47,126.66,124.07,125.41,5435012.0
2021-02-19,125.25,125.39,122.67,123.04,6204206.0
2021-02-22,122.95,122.95,120.53,122.55,4842190.0
2021-02-23,122.25,123.18,120.21,120.8,5566064.0
2021-02-24,120.8,122.91,120.66,122.38,4127524.0
2021-02-25,121.66,122.76,120.77,121.58,3468872.0
2021-02-26,122.19,122.36,119.66,119.78,5197681.0
2021-03-01,120.99,122.95,120.61,122.21,3859195.0
2021-03-02,122.21,123.1,121.19,122.53,4908215.0
2021-03-03,121.69,121.89,119.06,119.18,5239587.0
2021-03-04,119.0,119.81,114.74,116.01,6699630.0
2021-03-05,117.0,117.58,114.8,117.25,4859525.0
2021-03-08,117.0,118.28,115.56,115.63,3931566.0
2021-03-09,116.74,119.34,116.49,116.7,5176110.0
2021-03-10,117.24,119.2,115.32,115.88,7640452.0
2021-03-11,116.69,117.86,115.84,117.52,4915710.0
2021-03-12,117.09,117.27,116.12,116.71,3714034.0
2021-03-15,117.19,118.22,116.54,118.1,4652129.0
2021-03-16,118.45,119.44,117.53,118.22,3870506.0
2021-03-17,117.67,118.22,116.92,117.62,3797248.0
2021-03-18,117.5,119.15,117.31,118.11,4253018.0
2021-03-19,118.38,120.99,117.57,120.25,11275167.0
2021-03-22,120.26,122.22,120.01,121.47,5173154.0
2021-03-23,121.77,122.15,119.87,120.49,3788585.0
2021-03-24,120.0,120.45,117.95,118.02,6521405.0
2021-03-25,118.73,119.5,117.24,119.05,5320061.0
2021-03-26,119.28,122.3,118.94,122.07,4857100.0
2021-03-29,121.0,122.74,120.05,122.23,4810103.0
2021-03-30,121.5,122.49,119.38,119.75,5054413.0
2021-03-31,120.0,121.45,119.75,119.84,5792830.0
2021-04-01,120.28,120.87,118.78,118.94,4015265.0
2021-04-05,119.65,120.35,119.08,119.86,6314613.0
2021-04-06,120.01,122.01,119.6,119.97,5146395.0
2021-04-07,119.82,120.88,119.6,120.11,4313019.0
2021-04-08,121.01,121.57,119.54,119.78,3768840.0
2021-04-09,119.65,120.93,119.35,120.9,4102501.0
2021-04-12,120.56,121.37,120.48,121.04,2915975.0
2021-04-13,121.05,123.64,120.91,123.01,4944569.0
2021-04-14,122.55,122.83,121.29,121.5,4726734.0
2021-04-15,122.4,124.68,121.9,123.94,4510894.0
2021-04-16,124.39,124.61,122.95,124.35,6243068.0
2021-04-19,123.6,125.42,123.59,124.53,6853082.0
2021-04-20,120.5,122.0,119.01,120.0,9908213.0
2021-04-21,120.43,122.85,119.86,122.6,7040450.0
2021-04-22,122.81,124.82,122.51,123.5,6366926.0
2021-04-23,123.62,124.11,122.65,123.31,5227015.0
2021-04-26,123.39,123.4,121.95,122.58,4377454.0
2021-04-27,122.0,122.55,121.0,121.7,3384975.0
2021-04-28,121.52,121.92,120.54,121.45,3755874.0
2021-04-29,121.5,121.51,120.01,121.01,3889176.0
2021-04-30,120.5,121.15,119.35,120.08,4773478.0
2021-05-03,120.55,120.66,119.18,119.53,4917576.0
2021-05-04,119.2,119.29,116.43,117.54,9221821.0
2021-05-05,117.8,118.87,117.59,118.51,3985838.0
2021-05-06,118.05,118.88,116.7,118.79,4305647.0
2021-05-07,119.77,120.42,118.76,118.95,4076673.0
2021-05-10,119.2,119.94,118.75,118.94,3923211.0
2021-05-11,118.86,119.26,117.96,118.39,5520761.0
2021-05-12,117.17,117.6,116.25,116.35,4745641.0
2021-05-13,117.0,118.03,116.67,117.45,4519652.0
2021-05-14,117.99,118.82,117.33,118.31,3800475.0
2021-05-17,118.0,118.35,116.67,116.74,3732567.0
2021-05-18,116.72,118.0,116.72,116.98,3398438.0
2021-05-19,116.16,116.43,115.16,116.38,3430779.0
2021-05-20,116.55,117.97,116.41,117.8,2858296.0
2021-05-21,118.23,118.95,116.98,117.13,4629348.0
2021-05-24,118.04,118.26,117.24,117.29,3095991.0
2021-05-25,118.0,119.24,117.56,118.4,4704541.0
2021-05-26,117.52,118.28,116.05,116.75,6693116.0
2021-05-27,117.0,117.57,115.61,115.69,10358933.0
2021-05-28,116.47,117.82,116.29,116.65,4813106.0
2021-06-01,110.15,111.3,105.69,105.79,25124055.0
2021-06-02,105.79,107.93,105.36,106.9,19215080.0
2021-06-03,107.0,109.67,106.55,109.2,12117950.0
2021-06-04,109.3,109.91,108.41,109.29,7197233.0
2021-06-07,109.98,110.88,109.72,110.0,7933572.0
2021-06-08,110.5,110.5,107.83,107.9,8173948.0
2021-06-09,107.81,109.53,107.6,109.05,13780373.0
2021-06-10,109.05,110.25,108.99,110.15,8012722.0
2021-06-11,110.33,110.33,109.51,109.91,6517490.0
2021-06-14,110.08,110.56,109.63,110.48,4888693.0
2021-06-15,110.94,111.4,110.1,110.41,5398786.0
2021-06-16,110.19,111.11,109.8,110.06,7051524.0
2021-06-17,109.75,111.99,109.73,111.63,5967581.0
2021-06-18,110.0,111.35,110.0,110.33,8832123.0
2021-06-21,110.25,112.17,109.73,111.44,4743614.0
2021-06-22,111.66,111.92,110.5,110.96,6519401.0
2021-06-23,110.6,111.26,110.6,110.84,4356141.0
2021-06-24,111.5,113.49,111.41,111.7,9718576.0
2021-06-25,111.88,113.26,111.51,112.72,8750439.0
2021-06-28,112.99,116.36,112.74,115.7,9567288.0
2021-06-29,115.74,118.84,115.46,117.21,8150283.0
2021-06-30,117.0,117.18,115.25,115.93,5844877.0
2021-07-01,115.61,117.29,115.48,117.16,4739640.0
2021-07-02,116.92,118.25,116.65,118.04,4787292.0
2021-07-06,118.0,119.07,117.76,118.82,5040477.0
2021-07-07,119.08,119.98,118.75,119.87,4068676.0
2021-07-08,118.86,119.43,117.96,119.26,3908992.0
2021-07-09,119.65,120.24,119.24,119.74,4353592.0
2021-07-12,118.81,119.69,118.44,118.81,3905270.0
2021-07-13,118.57,119.26,118.11,118.65,3877095.0
2021-07-14,118.12,118.3,116.86,117.17,4660619.0
2021-07-15,116.7,117.16,116.27,116.66,5761542.0
2021-07-16,117.04,117.81,116.43,117.51,3977683.0
2021-07-19,116.98,119.33,116.93,118.79,6739677.0
2021-07-20,118.54,120.0,118.1,118.73,4678520.0
2021-07-21,119.22,119.29,117.23,118.98,4285320.0
2021-07-22,118.0,118.75,115.86,118.25,6958136.0
2021-07-23,119.63,121.1,119.27,120.8,4736348.0
2021-07-26,120.24,120.49,118.38,119.52,4955054.0
2021-07-27,119.6,121.23,119.6,119.81,5631002.0
2021-07-28,119.81,121.07,119.28,120.52,3796137.0
2021-07-29,121.08,121.4,120.42,121.09,3925556.0
2021-07-30,121.0,121.42,120.4,120.98,4688845.0
2021-08-02,121.5,121.78,120.18,120.92,3646088.0
2021-08-03,121.38,122.55,121.07,122.12,3696418.0
2021-08-04,121.38,122.65,121.01,121.57,3513439.0
2021-08-05,122.36,122.36,120.83,122.21,3258074.0
2021-08-06,122.0,122.21,121.22,122.17,3550297.0
2021-08-09,122.39,123.26,122.03,123.16,4271295.0
2021-08-10,123.35,123.56,122.1,122.7,4357052.0
2021-08-11,122.84,123.4,121.35,121.46,3683124.0
2021-08-12,121.18,123.25,121.0,122.81,3023662.0
2021-08-13,122.72,123.23,122.34,123.06,3476593.0
2021-08-16,123.69,124.7,123.33,124.66,4602632.0
2021-08-17,124.64,126.38,124.37,125.69,4609726.0
2021-08-18,125.81,126.08,123.86,123.93,3585154.0
2021-08-19,123.72,126.39,123.58,125.72,4283826.0
2021-08-20,125.91,126.98,125.12,126.32,5485778.0
2021-08-23,126.67,127.3,125.79,125.84,3906929.0
2021-08-24,125.6,125.91,124.84,125.5,3945970.0
2021-08-25,125.84,125.91,124.17,124.74,4379038.0
2021-08-26,124.69,126.27,124.65,125.47,3991872.0
2021-08-27,125.68,126.26,124.3,124.59,4094475.0
2021-08-30,124.53,126.19,124.36,125.94,3151842.0
2021-08-31,126.4,127.21,125.91,126.37,6190397.0
2021-09-01,125.72,127.46,125.46,127.4,3484461.0
2021-09-02,127.5,128.85,127.34,128.49,3403549.0
2021-09-03,129.0,129.4,128.15,128.94,2463390.0
2021-09-07,128.12,128.49,127.05,128.39,2765661.0
2021-09-08,128.56,129.52,128.0,129.06,3121341.0
2021-09-09,129.15,129.15,127.33,127.98,4546915.0
2021-09-10,128.0,129.44,128.0,128.8,4127392.0
2021-09-13,129.67,129.7,124.81,126.62,5810983.0
2021-09-14,127.35,127.99,126.71,127.05,4197394.0
2021-09-15,126.88,128.18,126.28,127.49,4803163.0
2021-09-16,127.87,127.97,126.3,127.44,3317341.0
2021-09-17,126.78,127.8,126.46,126.79,10046204.0
2021-09-20,125.6,126.57,123.81,124.87,5262178.0
2021-09-21,125.57,126.78,125.1,125.13,4918788.0
2021-09-22,125.5,125.74,124.18,124.65,6553396.0
2021-09-23,125.42,125.9,124.81,125.3,4161505.0
2021-09-24,124.81,125.48,124.27,124.37,3045957.0
2021-09-27,123.33,123.5,120.45,120.58,6481151.0
2021-09-28,119.6,119.76,117.97,118.74,5855199.0
2021-09-29,118.92,120.06,118.77,119.46,4511387.0
2021-09-30,119.86,120.67,118.1,118.13,4786219.0
2021-10-01,118.2,118.43,115.1,117.21,8173204.0
2021-10-04,116.61,117.57,114.86,115.53,5903559.0
2021-10-05,116.11,116.95,115.53,115.88,4238369.0
2021-10-06,115.75,116.57,114.4,116.49,5498859.0
2021-10-07,117.55,118.71,117.45,117.91,4505817.0
2021-10-08,118.09,119.33,117.82,118.39,7193308.0
2021-10-11,118.15,118.94,116.85,116.88,3873246.0
2021-10-12,117.9,118.31,116.41,117.32,4599520.0
2021-10-13,117.5,118.23,116.44,117.0,3935418.0
2021-10-14,116.66,117.68,116.64,117.57,4977898.0
2021-10-15,118.08,118.33,117.13,117.49,6012639.0
2021-10-18,117.29,117.49,116.3,116.82,5275825.0
2021-10-19,117.06,120.18,117.06,119.34,5879958.0
2021-10-20,123.53,124.8,122.19,123.31,8401863.0
2021-10-21,123.51,125.6,123.09,125.05,4984294.0
2021-10-22,125.51,126.84,124.88,126.72,5742356.0
2021-10-25,126.49,126.85,125.4,126.58,4427034.0
2021-10-26,127.0,128.78,126.79,128.13,3994004.0
2021-10-27,129.0,129.4,127.36,127.71,4128838.0
2021-10-28,128.03,128.94,127.04,127.71,3645516.0
2021-10-29,127.26,129.01,126.83,128.89,4692322.0
2021-11-01,128.63,129.53,128.29,128.94,3494822.0
2021-11-02,129.33,129.53,127.29,127.71,8069948.0
2021-11-03,127.38,128.74,126.97,128.7,5110642.0
2021-11-04,128.95,129.49,128.19,129.09,4675894.0
2021-11-05,127.08,127.32,123.93,124.37,7989929.0
2021-11-08,124.0,127.23,123.81,126.8,4929976.0
2021-11-09,126.7,127.5,126.25,126.43,5130431.0
2021-11-10,126.19,128.11,126.05,127.82,5358931.0
2021-11-11,127.97,128.96,127.24,127.25,5054821.0
2021-11-12,127.94,128.85,127.12,128.45,6462216.0
2021-11-15,128.77,130.19,128.26,129.44,4565941.0
2021-11-16,129.64,131.6,129.64,130.89,4141322.0
2021-11-17,130.61,130.7,128.54,128.62,4759890.0
2021-11-18,129.31,129.43,127.47,127.64,4467001.0
2021-11-19,128.41,128.53,126.46,126.84,6867681.0
2021-11-22,126.78,126.8,124.68,125.26,4205655.0
2021-11-23,124.51,124.89,123.22,124.48,4873730.0
2021-11-24,124.07,125.28,124.0,125.07,3729581.0
2021-11-26,127.81,129.75,125.44,125.88,4671350.0
2021-11-29,126.35,128.94,125.36,128.03,5648325.0
2021-11-30,128.2,128.79,125.34,125.77,7270172.0
2021-12-01,126.48,128.48,125.12,126.74,4816874.0
2021-12-02,126.29,129.85,126.29,128.38,5090982.0
2021-12-03,128.88,130.46,128.03,130.27,5254610.0
2021-12-06,130.76,133.28,130.61,132.47,6601840.0
2021-12-07,134.0,134.08,131.8,132.42,5143597.0
2021-12-08,132.8,133.45,131.12,132.37,5389410.0
2021-12-09,132.5,133.11,131.48,132.53,2663411.0
2021-12-10,133.42,134.5,132.87,134.37,4371797.0
2021-12-13,134.5,137.0,134.5,135.96,5094833.0
2021-12-14,135.93,136.0,132.0,132.94,8193321.0
2021-12-15,133.54,135.67,132.9,135.56,6422458.0
2021-12-16,135.44,136.61,134.6,136.09,6984050.0
2021-12-17,137.54,139.27,136.89,137.11,12156222.0
2021-12-20,136.2,137.81,134.22,134.98,6501433.0
2021-12-21,136.02,137.18,133.4,135.27,7153827.0
2021-12-22,135.88,139.02,135.79,138.99,6768868.0
2021-12-23,139.65,140.23,138.72,139.16,3492052.0
2021-12-27,139.82,142.6,139.43,141.46,3802592.0
2021-12-28,141.58,141.71,140.13,140.47,3298743.0
2021-12-29,140.47,141.66,139.33,141.19,2848992.0
2021-12-30,141.41,141.75,140.59,141.0,2809120.0
2021-12-31,141.0,141.77,140.72,140.74,3271756.0
2022-01-03,139.43,139.83,137.21,139.04,6692433.0
2022-01-04,139.5,139.65,134.76,135.77,8241222.0
2022-01-05,135.15,137.03,135.07,135.16,5948372.0
2022-01-06,135.0,136.21,133.88,135.14,5710227.0
2022-01-07,134.88,136.18,134.38,135.56,4367483.0
2022-01-10,134.79,135.5,133.92,135.26,5975633.0
2022-01-11,135.23,135.97,134.04,135.7,5709415.0
2022-01-12,134.89,135.7,132.53,133.72,8416010.0
2022-01-13,132.39,132.83,129.43,129.65,7174538.0
2022-01-14,130.49,130.59,127.02,128.16,9256873.0
2022-01-18,127.4,127.93,125.55,126.57,5850842.0
2022-01-19,126.75,127.58,125.83,126.05,3996396.0
2022-01-20,126.24,127.91,124.61,124.71,8652569.0
2022-01-21,126.81,127.09,124.86,125.83,10132682.0
2022-01-24,124.01,124.5,120.68,123.82,10868714.0
2022-01-25,123.08,124.62,121.59,123.27,9126620.0
2022-01-26,119.19,121.68,119.0,120.07,14753096.0
2022-01-27,120.98,123.17,119.74,120.44,9180134.0
2022-01-28,120.77,125.53,119.61,125.35,8286467.0
2022-01-31,125.52,127.96,125.13,127.46,7210140.0
2022-02-01,127.37,127.66,126.24,127.2,5602013.0
2022-02-02,128.25,130.74,127.86,130.04,7450501.0
2022-02-03,128.63,130.94,128.26,130.11,5613547.0
2022-02-04,129.56,130.52,128.6,129.71,4149683.0
2022-02-07,129.87,129.95,127.68,128.05,4035240.0
2022-02-08,127.53,128.94,127.16,128.65,3890854.0
2022-02-09,129.52,130.79,129.42,130.49,3434199.0
2022-02-10,128.57,129.92,127.17,127.76,5917727.0
2022-02-11,127.78,128.92,125.15,125.49,4803244.0
2022-02-14,125.0,125.57,121.98,122.78,7433877.0
2022-02-15,124.19,125.42,123.41,123.98,5297968.0
2022-02-16,123.45,124.11,121.56,123.68,5078173.0
2022-02-17,122.99,123.18,120.47,120.58,3688344.0
2022-02-18,120.0,120.31,114.84,116.79,12376135.0
2022-02-22,116.54,119.33,116.1,117.51,8372763.0
2022-02-23,118.0,118.84,116.99,117.25,5184241.0
2022-02-24,115.0,118.92,114.43,118.72,6252741.0
2022-02-25,118.72,122.93,118.5,122.41,5837687.0
2022-02-28,121.05,121.06,119.15,120.62,6828353.0
2022-03-01,120.31,121.16,117.38,118.17,6697813.0
2022-03-02,118.62,121.05,118.26,120.36,6419829.0
2022-03-03,120.8,122.07,120.49,120.97,5223115.0
2022-03-04,119.93,121.76,119.01,121.41,5911494.0
2022-03-07,120.54,120.89,117.26,118.86,6632006.0
2022-03-08,117.91,119.02,115.71,116.11,6694194.0
2022-03-09,117.9,119.2,116.44,118.39,5004766.0
2022-03-10,117.18,117.81,115.73,117.0,4377620.0
2022-03-11,117.44,118.06,113.88,114.02,8012571.0
2022-03-14,114.9,117.21,114.58,115.52,5527517.0
2022-03-15,117.5,117.79,116.22,117.48,5041193.0
2022-03-16,118.21,119.54,116.96,119.48,4441833.0
2022-03-17,119.0,121.24,118.73,121.2,3998929.0
2022-03-18,121.74,122.67,120.68,122.45,7823786.0
2022-03-21,121.93,123.1,121.16,121.76,4135277.0
2022-03-22,121.89,122.53,121.26,121.89,4479596.0
2022-03-23,121.11,121.24,116.74,116.92,5656038.0
2022-03-24,117.38,117.88,116.61,117.82,4505761.0
2022-03-25,118.65,119.31,117.74,118.95,2896335.0
2022-03-28,119.38,120.0,118.71,119.99,5350889.0
2022-03-29,121.83,122.07,119.31,120.19,5126112.0
2022-03-30,119.87,120.74,119.47,120.38,4064857.0
2022-03-31,120.21,120.49,118.1,118.36,5432805.0
2022-04-01,118.84,118.97,117.26,118.58,4314111.0
2022-04-04,117.87,118.98,117.57,118.88,4040341.0
2022-04-05,118.26,121.19,118.14,119.48,6113365.0
2022-04-06,119.0,120.19,117.76,119.94,5485138.0
2022-04-07,119.6,124.21,119.29,123.37,5863463.0
2022-04-08,123.42,124.36,122.11,123.25,5094041.0
2022-04-11,123.48,123.5,119.78,120.04,4071229.0
2022-04-12,119.79,120.61,117.72,118.39,4432429.0
2022-04-13,117.56,119.81,117.25,119.48,4407967.0
2022-04-14,120.05,120.25,117.56,117.69,3140189.0
2022-04-18,117.02,118.33,115.54,116.29,4115904.0
2022-04-19,116.68,120.22,116.65,119.98,5120871.0
2022-04-20,119.48,124.05,117.5,122.64,8334177.0
2022-04-21,123.18,124.35,122.65,123.37,7321143.0
2022-04-22,123.02,123.18,119.56,119.64,6710063.0
2022-04-25,119.16,120.31,117.84,120.01,4503493.0
2022-04-26,118.61,119.64,116.97,116.97,3366342.0
2022-04-27,117.29,118.58,116.13,116.72,4178704.0
2022-04-28,117.55,118.74,116.83,118.01,4960091.0
2022-04-29,117.06,117.77,113.13,113.5,6815890.0
2022-05-02,113.5,114.02,110.28,112.83,4904965.0
2022-05-03,113.05,114.34,111.82,112.43,4491506.0
2022-05-04,112.5,116.33,111.13,115.7,5347641.0
2022-05-05,114.86,115.0,111.68,113.01,5703274.0
2022-05-06,112.55,113.67,110.97,112.27,4966926.0
2022-05-09,110.69,111.2,106.94,107.39,6478186.0
2022-05-10,108.91,109.63,106.21,106.75,6248265.0
2022-05-11,106.66,108.02,105.66,105.84,6636064.0
2022-05-12,105.5,108.02,104.63,107.97,8516064.0
2022-05-13,108.36,110.51,108.36,109.88,6159308.0
2022-05-16,109.4,110.52,107.81,109.71,7459031.0
2022-05-17,111.59,115.43,111.59,114.54,9172021.0
2022-05-18,113.42,114.7,112.22,112.74,6933934.0
2022-05-19,112.03,113.01,110.52,112.44,6304787.0
2022-05-20,113.4,113.72,110.82,113.24,4509572.0
2022-05-23,113.85,115.36,112.94,115.03,4357021.0
2022-05-24,115.16,115.16,111.83,113.77,5272691.0
2022-05-25,113.2,114.94,112.35,113.19,3921666.0
2022-05-26,113.78,115.51,113.21,114.87,4027839.0
2022-05-27,116.08,116.92,115.47,116.69,3884809.0
2022-05-31,115.56,118.09,114.4,117.46,10563503.0
2022-06-01,117.85,118.0,114.53,115.08,4890221.0
2022-06-02,115.29,117.61,113.23,117.51,3856668.0
2022-06-03,116.78,117.55,116.33,116.57,3778231.0
2022-06-06,117.38,118.23,116.04,116.42,4205819.0
2022-06-07,116.1,117.23,115.22,116.88,3285596.0
2022-06-08,115.74,116.15,114.34,114.69,3683416.0
2022-06-09,114.64,115.44,112.68,112.71,3424730.0
2022-06-10,110.81,111.48,109.1,109.63,4806646.0
2022-06-13,107.68,108.1,105.33,105.91,5215418.0
2022-06-14,105.1,105.4,101.95,102.94,5890317.0
2022-06-15,104.32,106.08,102.66,104.8,5278086.0
2022-06-16,102.4,102.75,101.24,102.07,4793568.0
2022-06-17,101.24,103.69,101.24,102.53,10249174.0
2022-06-21,104.86,104.95,103.33,104.41,5338273.0
2022-06-22,103.55,106.58,103.29,105.44,5511798.0
2022-06-23,105.95,106.78,105.07,106.21,5064908.0
2022-06-24,107.0,109.64,106.43,109.45,14301628.0
2022-06-27,109.9,110.1,108.3,109.08,3804195.0
2022-06-28,109.25,109.93,106.9,106.97,4195684.0
2022-06-29,107.46,109.67,106.74,109.1,4552069.0
2022-06-30,108.08,109.08,107.36,108.65,6070930.0
2022-07-01,108.21,110.47,107.65,110.22,3291666.0
2022-07-05,108.74,109.49,107.2,109.3,4752359.0
2022-07-06,108.83,109.5,108.13,108.69,3975313.0
2022-07-07,108.48,109.62,108.2,109.49,4148986.0
2022-07-08,108.73,109.92,108.55,109.26,3115701.0
2022-07-11,108.6,109.4,108.08,108.89,4041085.0
2022-07-12,108.5,110.37,107.7,108.3,5756286.0
2022-07-13,106.84,106.97,105.68,106.21,5087746.0
2022-07-14,104.63,105.92,103.76,105.71,4993611.0
2022-07-15,107.41,108.98,107.26,108.82,4617888.0
2022-07-18,108.56,108.96,106.7,107.02,4499890.0
2022-07-19,108.43,110.0,107.96,109.93,5788433.0
2022-07-20,106.99,108.82,106.88,108.23,7300163.0
2022-07-21,108.62,110.72,108.41,110.69,5698031.0
2022-07-22,112.0,112.0,108.33,109.2,4733959.0
2022-07-25,109.09,109.33,107.47,108.5,3905828.0
2022-07-26,108.71,109.88,108.3,109.09,4823970.0
2022-07-27,109.38,110.64,108.62,109.99,3303518.0
2022-07-28,110.1,111.35,108.54,110.36,4736085.0
2022-07-29,109.83,109.87,108.56,108.84,4922856.0
2022-08-01,108.38,109.9,108.11,109.52,3872074.0
2022-08-02,109.62,110.9,108.54,108.64,3093842.0
2022-08-03,109.11,109.97,108.27,109.61,3866170.0
2022-08-04,110.41,110.62,109.58,109.72,2794119.0
2022-08-05,108.75,109.32,108.39,109.25,2789645.0
2022-08-08,109.79,109.98,108.59,109.0,2283838.0
2022-08-09,108.09,108.8,107.55,107.91,3943559.0
2022-08-10,109.76,110.38,109.2,110.27,3960862.0
2022-08-11,110.84,112.13,110.39,110.49,3281475.0
2022-08-12,110.86,111.53,110.44,111.48,2813381.0
2022-08-15,111.31,112.31,111.02,111.9,2949562.0
2022-08-16,111.46,112.53,111.43,112.03,2897488.0
2022-08-17,111.63,112.13,110.37,110.55,3053535.0
2022-08-18,110.93,110.93,108.79,109.96,4143716.0
2022-08-19,110.48,110.8,109.4,110.06,5092772.0
2022-08-22,108.97,109.31,106.89,107.45,3496768.0
2022-08-23,106.82,106.87,105.52,106.01,4203048.0
2022-08-24,105.9,106.17,105.12,105.44,4278392.0
2022-08-25,105.24,105.96,104.55,105.89,5249184.0
2022-08-26,105.94,106.3,101.63,101.9,5440668.0
2022-08-29,101.5,102.61,101.21,101.84,4229965.0
2022-08-30,102.43,102.72,101.84,102.2,4629706.0
2022-08-31,102.97,104.05,102.6,102.65,7600691.0
2022-09-01,102.36,104.9,102.03,104.84,4398006.0
2022-09-02,105.45,105.65,101.98,102.5,4103272.0
2022-09-06,102.5,103.93,102.24,102.71,4670434.0
2022-09-07,102.88,104.97,102.74,104.7,5100869.0
2022-09-08,103.63,107.57,103.59,106.99,8700778.0
2022-09-09,107.13,109.07,107.03,108.48,5781191.0
2022-09-12,108.78,109.67,108.51,109.29,4358106.0
2022-09-13,107.22,107.58,105.58,105.84,5300765.0
2022-09-14,105.93,106.79,105.01,105.78,3264268.0
2022-09-15,106.06,107.08,104.86,105.06,4237014.0
2022-09-16,104.79,105.0,103.41,104.0,8898182.0
2022-09-19,103.25,104.11,102.25,104.09,3816242.0
2022-09-20,102.79,103.03,101.23,102.31,4617205.0
2022-09-21,102.87,103.92,100.62,100.65,4720662.0
2022-09-22,100.05,101.83,99.85,101.07,5567565.0
2022-09-23,100.39,100.89,98.81,100.68,6214588.0
2022-09-26,100.18,100.65,99.26,99.84,6037785.0
2022-09-27,100.25,100.73,97.91,98.33,6377750.0
2022-09-28,98.07,99.27,97.57,98.72,7206878.0
2022-09-29,98.85,99.18,97.55,98.29,6698947.0
2022-09-30,98.71,99.5,96.67,96.76,6728558.0
2022-10-03,97.8,100.19,97.4,99.52,4817571.0
2022-10-04,100.74,103.21,100.54,103.08,5710768.0
2022-10-05,102.17,103.96,101.92,103.38,3803352.0
2022-10-06,102.86,103.21,101.88,102.45,6348253.0
2022-10-07,102.5,105.09,101.04,101.79,8485953.0
2022-10-10,102.12,102.32,100.32,101.13,4044779.0
2022-10-11,100.85,102.75,100.09,101.75,5304759.0
2022-10-12,101.25,101.91,100.06,100.08,4106306.0
2022-10-13,97.93,103.08,97.68,102.47,6250877.0
2022-10-14,103.18,103.92,100.79,100.91,6087312.0
2022-10-17,102.12,103.95,101.87,103.52,7315830.0
2022-10-18,105.81,106.67,104.66,104.98,8943876.0
2022-10-19,101.0,101.17,96.32,98.11,18525150.0
2022-10-20,96.52,97.74,95.01,95.21,12651196.0
2022-10-21,94.35,95.52,93.25,95.06,9859014.0
2022-10-24,96.05,98.49,95.9,98.29,8118109.0
2022-10-25,98.07,98.9,97.66,97.95,7114430.0
2022-10-26,98.09,99.52,97.88,98.42,8290850.0
2022-10-27,98.67,98.67,96.77,96.93,6610164.0
2022-10-28,97.32,100.02,97.2,99.49,5768311.0
2022-10-31,99.13,99.5,98.15,98.94,5885643.0
2022-11-01,99.62,100.32,98.64,99.31,5249432.0
2022-11-02,98.73,101.23,98.02,98.04,5196873.0
2022-11-03,96.81,97.01,95.35,96.45,4873452.0
2022-11-04,97.83,98.23,96.15,98.07,4902826.0
2022-11-07,98.78,100.04,98.13,99.5,4903733.0
2022-11-08,99.9,100.26,98.95,99.64,5708267.0
2022-11-09,99.91,101.27,99.25,99.46,5339555.0
2022-11-10,103.03,104.44,102.14,104.23,5907463.0
2022-11-11,104.64,105.91,103.93,104.09,7106889.0
2022-11-14,103.67,104.31,101.99,102.01,5570279.0
2022-11-15,103.45,104.48,102.38,103.14,5262943.0
2022-11-16,104.24,105.3,103.26,103.61,3292853.0
2022-11-17,102.67,103.09,101.55,102.56,3335914.0
2022-11-18,103.52,104.19,102.94,103.87,3931937.0
2022-11-21,103.73,104.9,103.67,103.88,4148823.0
2022-11-22,103.98,105.0,102.87,104.87,4511674.0
2022-11-23,104.97,106.47,104.4,106.02,4617639.0
2022-11-25,106.67,107.35,106.51,106.96,2558110.0
2022-11-28,106.72,107.75,105.13,105.39,4149823.0
2022-11-29,105.0,105.38,104.48,105.0,4832328.0
2022-11-30,105.13,107.7,103.44,107.58,12737461.0
2022-12-01,108.24,108.65,107.35,107.93,5076191.0
2022-12-02,106.75,108.14,106.2,108.09,4944080.0
2022-12-05,106.89,107.06,105.06,105.41,4687130.0
2022-12-06,104.99,105.41,103.13,103.86,4175718.0
2022-12-07,104.02,105.49,104.02,104.81,3592423.0
2022-12-08,104.66,107.09,104.23,106.92,4607882.0
2022-12-09,106.73,108.48,106.45,107.51,5346417.0
2022-12-12,107.73,109.59,107.73,109.49,4752547.0
2022-12-13,112.32,112.7,111.06,111.53,6245965.0
2022-12-14,111.37,112.91,110.53,111.26,5614861.0
2022-12-15,109.85,110.0,108.41,108.52,4947838.0
2022-12-16,107.7,107.85,105.78,106.91,7976106.0
2022-12-19,106.74,107.18,105.83,106.59,4352053.0
2022-12-20,106.61,106.99,105.62,106.49,3672980.0
2022-12-21,107.09,108.39,107.06,108.14,3228802.0
2022-12-22,107.71,108.16,106.22,108.03,3311082.0
2022-12-23,107.67,108.4,107.1,108.18,2618442.0
2022-12-27,108.35,109.05,107.38,108.57,2927358.0
2022-12-28,109.02,110.1,107.74,107.83,3265243.0
2022-12-29,108.75,110.76,108.46,110.31,3047825.0
2022-12-30,109.8,110.12,108.66,109.79,3470991.0
2023-01-03,110.51,111.33,108.75,109.58,4171957.0
2023-01-04,111.01,111.94,110.35,111.21,4395693.0
2023-01-05,111.1,111.71,110.36,110.8,4897018.0
2023-01-06,112.0,112.74,110.21,112.33,3800373.0
2023-01-09,113.52,113.67,112.02,112.15,7277699.0
2023-01-10,112.5,114.08,112.32,113.85,5591671.0
2023-01-11,114.87,115.69,112.14,113.15,5350290.0
2023-01-12,111.99,112.39,110.89,111.36,4697688.0
2023-01-13,111.27,113.89,111.19,113.51,5348858.0
2023-01-17,113.5,114.28,113.06,113.39,5710950.0
2023-01-18,113.21,113.58,111.19,111.51,4288526.0
2023-01-19,111.06,112.32,110.59,111.8,6157711.0
2023-01-20,112.2,113.04,111.65,112.82,5078299.0
2023-01-23,112.43,114.7,112.42,114.01,6115437.0
2023-01-24,113.0,114.17,112.28,112.53,4662038.0
2023-01-25,110.0,112.24,109.59,111.0,6070815.0
2023-01-26,111.25,111.62,110.11,111.07,4159585.0
2023-01-27,110.65,111.26,109.81,109.95,4860837.0
2023-01-30,109.81,110.67,109.62,109.81,4434820.0
2023-01-31,109.79,110.66,108.87,110.55,5698310.0
2023-02-01,110.78,112.09,109.67,111.82,4532383.0
2023-02-02,111.28,112.37,110.89,112.25,5051842.0
2023-02-03,111.81,112.33,110.66,111.79,3754480.0
2023-02-06,111.57,111.69,110.46,110.75,4145574.0
2023-02-07,110.04,112.41,109.88,111.99,3401571.0
2023-02-08,111.4,111.87,109.75,110.2,4222392.0
2023-02-09,110.69,111.27,107.51,108.07,3912740.0
2023-02-10,108.26,108.9,107.8,108.16,4186301.0
2023-02-13,108.32,109.14,107.77,108.52,3711019.0
2023-02-14,108.19,108.34,106.36,107.26,4243962.0
2023-02-15,106.76,107.31,106.28,107.28,4060340.0
2023-02-16,105.77,107.39,105.67,106.08,3299037.0
2023-02-17,105.54,106.96,105.49,106.74,3564224.0
2023-02-21,105.85,106.14,103.35,103.65,5204362.0
2023-02-22,103.24,103.85,100.5,102.69,8900923.0
2023-02-23,103.24,103.78,101.66,102.55,4611065.0
2023-02-24,101.45,101.8,99.89,100.46,5476807.0
2023-02-27,101.28,101.31,99.66,99.77,4489818.0
2023-02-28,99.84,102.42,99.69,101.72,7877048.0
2023-03-01,100.7,101.36,100.39,100.83,3963575.0
2023-03-02,100.27,102.98,100.27,102.63,5209962.0
2023-03-03,102.9,104.51,102.76,104.45,4982559.0
2023-03-06,104.51,104.6,102.63,102.75,5005142.0
2023-03-07,102.86,103.1,99.82,99.98,6349041.0
2023-03-08,99.92,100.27,99.26,99.4,6252798.0
2023-03-09,99.89,99.97,97.5,97.85,5145993.0
2023-03-10,97.76,98.4,96.56,96.96,7042464.0
2023-03-13,96.6,99.2,96.39,98.19,6553155.0
2023-03-14,99.28,99.5,97.34,98.55,5093942.0
2023-03-15,97.5,97.94,96.7,97.8,5712263.0
2023-03-16,97.06,99.28,97.0,99.03,5289406.0
2023-03-17,99.01,99.2,96.51,97.01,10848298.0
2023-03-20,97.26,98.2,97.18,97.87,6075767.0
2023-03-21,98.17,98.41,97.29,98.33,4475142.0
2023-03-22,98.61,99.31,96.84,96.86,3606765.0
2023-03-23,96.9,97.81,96.44,97.04,4525068.0
2023-03-24,97.04,98.08,96.81,98.05,5269219.0
2023-03-27,99.0,99.48,98.27,98.46,4627788.0
2023-03-28,98.1,98.24,96.61,97.11,4815443.0
2023-03-29,98.01,98.74,97.25,98.62,6780210.0
2023-03-30,99.38,99.48,98.51,99.08,5199311.0
2023-03-31,99.92,101.41,99.73,101.26,6442440.0
2023-04-03,100.8,101.66,100.04,101.59,5432562.0
2023-04-04,101.9,103.34,101.83,102.8,7979045.0
2023-04-05,102.63,104.29,102.5,104.21,7298334.0
2023-04-06,104.49,105.55,104.18,104.93,5065054.0
2023-04-10,104.42,104.91,103.06,103.7,4900273.0
2023-04-11,104.2,104.7,103.1,103.29,4658107.0
2023-04-12,103.39,103.84,102.31,102.56,4560728.0
2023-04-13,102.75,103.71,101.8,103.61,4778773.0
2023-04-14,103.61,104.35,103.46,103.96,5043723.0
2023-04-17,104.0,104.85,104.0,104.52,4806365.0
2023-04-18,105.44,105.7,103.93,104.15,6552086.0
2023-04-19,108.5,112.7,108.15,112.29,12425378.0
2023-04-20,112.25,112.29,110.0,110.35,7413167.0
2023-04-21,110.88,112.12,110.88,111.66,6301173.0
2023-04-24,111.75,111.75,110.14,110.4,5341897.0
2023-04-25,110.39,110.53,109.67,109.97,5636787.0
2023-04-26,109.32,109.42,108.27,108.75,4240004.0
2023-04-27,108.71,109.54,107.67,109.5,4257373.0
2023-04-28,109.44,110.85,109.37,110.47,4835966.0
2023-05-01,110.46,111.57,109.93,111.11,3722880.0
2023-05-02,111.06,111.94,110.43,111.5,4998172.0
2023-05-03,111.81,112.95,111.43,111.76,5602034.0
2023-05-04,111.45,111.49,110.56,110.86,4070791.0
2023-05-05,111.37,111.75,111.05,111.26,4025017.0
2023-05-08,110.46,111.58,110.29,110.9,2445474.0
2023-05-09,110.13,111.03,109.29,110.25,3274338.0
2023-05-10,110.9,110.97,109.63,110.69,3129099.0
2023-05-11,110.06,110.47,109.26,110.05,3879469.0
2023-05-12,109.76,110.55,109.48,110.49,3325163.0
2023-05-15,110.64,110.98,109.54,109.84,3019956.0
2023-05-16,109.54,110.46,109.26,109.39,3394395.0
2023-05-17,109.77,109.98,107.97,108.82,3800970.0
2023-05-18,108.73,108.84,107.87,108.47,3481596.0
2023-05-19,108.98,109.98,108.4,108.93,4487698.0
2023-05-22,108.68,109.32,108.07,108.25,2809637.0
2023-05-23,107.3,107.48,105.52,105.74,4337824.0
2023-05-24,105.65,105.65,103.99,104.04,4507605.0
2023-05-25,103.27,103.53,101.34,102.14,6734536.0
2023-05-26,102.15,103.45,102.03,102.87,4911806.0
2023-05-30,102.25,102.52,101.57,101.71,5168779.0
2023-05-31,101.5,102.27,100.38,102.0,7063447.0
2023-06-01,101.91,102.9,100.91,102.82,4603956.0
2023-06-02,103.31,104.5,102.85,104.2,6024366.0
2023-06-05,104.06,105.01,103.34,103.76,3566085.0
2023-06-06,103.87,104.04,102.22,102.62,4044480.0
2023-06-07,102.42,102.49,101.25,101.66,6231356.0
2023-06-08,101.25,101.38,100.57,100.78,5159552.0
2023-06-09,100.97,101.98,100.54,101.69,4275980.0
2023-06-12,101.84,101.91,100.79,101.4,3629249.0
2023-06-13,101.49,102.07,100.94,101.86,4642356.0
2023-06-14,103.31,104.15,102.82,103.25,5020755.0
2023-06-15,103.26,105.32,103.11,105.02,6378577.0
2023-06-16,105.44,106.57,105.37,106.2,10020896.0
2023-06-20,105.2,107.67,104.9,106.7,6573157.0
2023-06-21,106.62,106.76,105.61,106.25,4428688.0
2023-06-22,106.69,108.36,106.44,108.25,5480569.0
2023-06-23,108.2,108.5,107.37,108.05,5647159.0
2023-06-26,108.1,109.21,106.8,108.51,6134710.0
2023-06-27,108.89,108.94,106.77,107.79,4849727.0
2023-06-28,107.96,108.15,107.36,107.61,3900063.0
2023-06-29,107.03,107.86,106.97,107.66,3417445.0
2023-06-30,108.0,109.34,107.7,109.02,4449245.0
2023-07-03,108.25,108.48,107.03,107.22,2267993.0
2023-07-05,106.72,107.83,106.45,107.37,4968700.0
2023-07-06,106.75,107.45,106.14,107.2,5325319.0
2023-07-07,106.3,107.93,106.07,106.35,5053690.0
2023-07-10,106.58,107.75,106.29,107.02,5259468.0
2023-07-11,107.02,107.68,106.77,107.5,3899709.0
2023-07-12,108.06,108.21,106.66,106.85,4845272.0
2023-07-13,106.69,107.79,106.45,107.74,4936784.0
2023-07-14,108.0,108.47,107.18,107.93,4016006.0
2023-07-17,107.54,107.71,106.71,107.0,4581024.0
2023-07-18,106.81,107.19,105.96,106.95,3913954.0
2023-07-19,107.07,108.09,107.06,107.28,6225900.0
2023-07-20,108.1,112.57,107.78,111.83,8768627.0
2023-07-21,112.85,114.79,112.33,114.29,7062886.0
2023-07-24,113.84,115.83,113.18,114.62,5665884.0
2023-07-25,113.11,113.5,112.51,112.93,4732569.0
2023-07-26,112.5,114.3,112.38,114.08,3682546.0
2023-07-27,114.46,114.59,112.51,112.65,4763026.0
2023-07-28,113.18,113.52,112.32,112.73,3409325.0
2023-07-31,112.85,112.89,110.7,111.33,3930962.0
2023-08-01,110.71,111.25,110.3,110.53,3736346.0
2023-08-02,110.02,110.2,108.06,108.62,4699507.0
2023-08-03,107.71,108.31,107.14,107.54,4947831.0
2023-08-04,107.32,108.78,107.28,107.65,3231105.0
2023-08-07,107.99,108.59,107.63,108.45,3632470.0
2023-08-08,107.6,107.6,103.67,105.58,7544289.0
2023-08-09,105.5,106.9,105.18,105.3,5135256.0
2023-08-10,105.48,107.0,104.62,104.74,4708261.0
2023-08-11,104.22,105.41,103.69,105.31,3478619.0
2023-08-14,105.14,106.22,105.14,106.1,3076053.0
2023-08-15,106.15,106.15,104.55,104.94,3150639.0
2023-08-16,104.46,105.38,104.44,104.53,4086381.0
2023-08-17,105.2,105.91,104.48,104.93,4175412.0
2023-08-18,104.56,105.06,103.28,103.71,4809775.0
2023-08-21,103.78,104.41,103.36,103.87,2954677.0
2023-08-22,103.88,105.53,103.72,105.15,4840503.0
2023-08-23,105.7,106.11,104.8,105.13,3403443.0
2023-08-24,104.91,105.85,103.63,103.75,3529600.0
2023-08-25,104.02,104.78,103.29,104.21,3000767.0
2023-08-28,105.07,105.22,101.89,102.79,5862577.0
2023-08-29,103.24,103.94,102.98,103.87,4515578.0
2023-08-30,104.08,105.08,104.08,104.41,3711408.0
2023-08-31,104.52,104.58,102.86,102.9,4042319.0
2023-09-01,103.4,103.79,102.56,102.85,2641127.0
2023-09-05,102.78,102.85,100.87,100.88,4284051.0
2023-09-06,101.01,102.06,99.77,101.56,5094425.0
2023-09-07,101.99,102.28,100.51,100.67,3863409.0
2023-09-08,100.6,100.82,99.84,100.73,3521317.0
2023-09-11,100.8,103.13,100.55,102.45,4891174.0
2023-09-12,102.37,102.92,101.6,102.4,3531485.0
2023-09-13,102.07,103.44,102.06,102.69,3192543.0
2023-09-14,103.22,103.62,102.52,102.65,4086783.0
2023-09-15,102.85,102.89,101.48,101.74,8303319.0
2023-09-18,102.07,102.07,100.75,101.0,3652644.0
2023-09-19,101.38,101.96,100.14,100.67,4090820.0
2023-09-20,101.19,101.35,100.27,100.28,3966105.0
2023-09-21,100.0,100.2,98.85,98.93,3943724.0
2023-09-22,98.9,98.93,98.02,98.15,4357945.0
2023-09-25,97.97,98.21,97.16,97.47,4096459.0
2023-09-26,97.05,97.53,96.03,96.23,3967867.0
2023-09-27,96.59,96.94,94.76,95.53,5390587.0
2023-09-28,96.28,98.28,96.12,98.12,6093001.0
2023-09-29,98.45,98.51,96.48,96.85,5150589.0
2023-10-02,95.76,95.89,94.53,95.73,4349291.0
2023-10-03,95.52,96.17,94.58,95.79,4597519.0
2023-10-04,95.89,96.34,94.83,95.65,4336119.0
2023-10-05,95.76,96.69,95.1,96.2,5708298.0
2023-10-06,95.81,97.51,95.45,96.88,4790514.0
2023-10-09,96.41,97.01,95.79,96.76,3958396.0
2023-10-10,96.82,98.49,96.59,97.56,4352215.0
2023-10-11,97.16,97.16,92.05,92.64,9269302.0
2023-10-12,92.25,93.08,89.67,90.19,7387121.0
2023-10-13,89.88,91.66,89.81,90.87,5624282.0
2023-10-16,91.1,92.86,90.87,92.18,6452316.0
2023-10-17,91.95,93.01,91.26,92.14,8288606.0
2023-10-18,96.0,96.5,91.65,95.56,16482646.0
2023-10-19,96.54,96.54,93.76,95.44,8537850.0
2023-10-20,95.25,98.15,95.25,96.78,11517508.0
2023-10-23,96.88,98.1499,95.66,95.78,6174268.0
2023-10-24,95.4,95.825,94.34,94.81,6519062.0
2023-10-25,94.555,94.64,92.79,93.57,8157636.0
2023-10-26,93.06,94.75,93.05,93.98,6838118.0
2023-10-27,94.75,95.32,92.38,92.85,5933889.0
2023-10-30,93.53,93.85,91.64,93.0,7168808.0
2023-10-31,93.9,94.9,93.1204,94.55,7452314.0
2023-11-01,94.85,95.99,94.56,95.01,6984909.0
2023-11-02,94.98,96.165,94.44,95.96,4683060.0
2023-11-03,97.0,97.17,95.66,95.84,5652706.0
2023-11-06,95.55,95.81,94.41,95.0,6137373.0
2023-11-07,94.93,95.44,94.495,94.8,4466451.0
2023-11-08,95.22,95.73,93.79,94.74,4404958.0
2023-11-09,94.88,95.19,93.385,93.55,5008106.0
2023-11-10,93.7,94.22,92.43,93.97,5479406.0
2023-11-13,95.67,96.75,94.5,95.79,6874496.0
2023-11-14,96.32,97.84,96.2,97.08,5513288.0
2023-11-15,97.37,98.325,96.92,98.0,5353248.0
2023-11-16,97.72,100.35,97.64,100.26,7603104.0
2023-11-17,100.43,100.75,99.2486,99.55,6069439.0
2023-11-20,98.95,101.305,98.95,101.2,6869410.0
2023-11-21,101.47,102.575,100.9903,101.91,7111820.0
2023-11-22,102.28,103.22,102.08,102.7,6470555.0
2023-11-24,102.68,103.18,102.19,102.87,2160177.0
2023-11-27,102.6,103.47,102.25,102.71,4568759.0
2023-11-28,102.46,102.49,101.35,102.06,3607551.0
2023-11-29,102.32,103.84,102.23,103.63,5458717.0
2023-11-30,103.75,104.72,103.11,104.29,16766227.0
2023-12-01,104.22,104.98,103.9,104.88,4682304.0
2023-12-04,104.41,105.505,104.3,105.19,4706398.0
2023-12-05,105.0,105.25,103.95,104.35,4315501.0
2023-12-06,104.63,105.26,103.88,104.94,4295970.0
2023-12-07,105.185,105.21,103.96,104.05,5180284.0
2023-12-08,104.12,104.86,104.12,104.51,3426744.0
2023-12-11,104.21,106.25,104.21,106.22,5208401.0
2023-12-12,106.37,107.22,105.56,106.68,5354527.0
2023-12-13,106.01,107.28,105.9,107.25,6534610.0
2023-12-14,107.83,108.665,106.68,108.6,6611803.0
2023-12-15,107.86,107.97,106.51,107.29,13316063.0
2023-12-18,107.64,108.62,107.16,108.06,5142717.0
2023-12-19,108.15,108.715,107.43,108.42,4675001.0
2023-12-20,107.85,108.82,107.3,107.4,5666025.0
2023-12-21,107.42,108.68,107.18,108.48,3555590.0
2023-12-22,108.855,109.34,108.5,109.03,2565586.0
2023-12-26,108.51,109.73,108.51,109.23,2513405.0
2023-12-27,109.04,109.8,109.04,109.79,2471719.0
2023-12-28,109.85,110.71,109.715,110.4,3206093.0
2023-12-29,110.4,110.73,109.83,110.07,3550189.0
2024-01-02,109.56,111.0,109.56,109.85,5058684.0
2024-01-03,110.14,110.25,109.29,109.52,4078830.0
2024-01-04,109.68,111.03,109.51,110.98,5296108.0
2024-01-05,110.71,111.05,110.03,110.8,4077423.0
2024-01-08,111.13,112.52,110.92,112.4,5030272.0
2024-01-09,112.15,113.54,112.06,112.73,3802006.0
2024-01-10,113.05,114.41,112.805,114.4,4671993.0
2024-01-11,113.255,113.73,112.585,113.5,5163897.0
2024-01-12,114.17,114.94,113.45,113.92,3842575.0
2024-01-16,113.51,114.07,112.914,113.76,5876032.0
2024-01-17,113.62,114.5,113.435,113.93,4671434.0
2024-01-18,114.2,114.57,113.405,114.02,5072807.0
2024-01-19,113.63,114.86,113.46,114.69,6792191.0
2024-01-22,114.93,115.64,114.14,114.19,5057476.0
2024-01-23,114.45,115.5,112.87,114.0,5037294.0
2024-01-24,110.75,113.345,109.74,110.77,8710555.0
2024-01-25,111.41,112.57,110.785,112.45,5648684.0
2024-01-26,113.23,113.41,111.54,112.01,5176599.0
2024-01-29,112.15,113.47,112.03,113.45,6480456.0
2024-01-30,113.9,113.92,112.38,113.48,4768193.0
2024-01-31,114.0,114.535,112.62,113.15,8325186.0
2024-02-01,112.75,114.5374,111.995,114.49,4520194.0
2024-02-02,112.96,114.06,111.98,112.11,7575524.0
2024-02-05,112.02,112.455,111.15,111.65,5669945.0
2024-02-06,111.82,114.5099,111.72,114.0,4734393.0
2024-02-07,114.6,114.6,112.89,113.31,4757522.0
2024-02-08,113.35,113.35,111.52,112.43,6980432.0
2024-02-09,112.25,112.63,111.19,111.81,5935138.0
2024-02-12,111.5,112.63,111.21,112.53,4232018.0
2024-02-13,112.47,113.11,110.58,111.34,4263608.0
2024-02-14,111.64,112.38,111.12,112.06,3991207.0
2024-02-15,112.27,114.27,112.27,113.64,5450641.0
2024-02-16,113.5,115.49,113.45,114.01,7160965.0
2024-02-20,114.33,117.19,113.96,116.64,9582346.0
2024-02-21,115.96,117.975,115.96,117.87,6144547.0
2024-02-22,118.1,119.25,116.8,119.02,4916082.0
2024-02-23,119.38,120.15,118.86,119.46,4261511.0
2024-02-26,119.5,119.95,118.39,118.69,3483004.0
2024-02-27,118.16,119.5,117.83,119.4,3184606.0
2024-02-28,119.49,120.11,119.27,120.05,3371015.0
2024-02-29,120.32,120.445,118.525,118.64,6135185.0
2024-03-01,118.57,119.455,117.83,118.62,3899419.0
2024-03-04,118.3,120.28,118.17,120.04,3163961.0
2024-03-05,120.44,120.6,118.08,118.48,3501721.0
2024-03-06,118.6,119.58,118.42,119.34,3388598.0
2024-03-07,120.095,121.5,119.9501,120.92,4200778.0
2024-03-08,120.97,121.64,120.605,120.96,3356700.0
2024-03-11,120.93,121.42,119.6157,120.19,3886021.0
2024-03-12,119.95,121.08,119.06,120.76,3079606.0
2024-03-13,120.52,120.93,119.62,120.16,3421051.0
2024-03-14,120.01,120.34,117.85,118.85,4952200.0
2024-03-15,113.02,115.49,112.26,115.49,22415600.0
2024-03-18,115.35,115.76,112.29,112.44,12990895.0
2024-03-19,112.44,114.42,112.04,113.16,8299152.0
2024-03-20,113.0,113.24,110.73,111.5,8317131.0
2024-03-21,111.95,112.14,111.01,111.51,9722007.0
2024-03-22,111.52,111.98,110.5439,110.57,5387714.0
2024-03-25,110.45,110.8,109.11,110.01,6622401.0
2024-03-26,110.49,111.9,109.93,111.5,7770689.0
2024-03-27,112.0,113.7,111.94,113.48,7533189.0
2024-03-28,113.28,114.02,112.93,113.66,5277896.0
2024-04-01,113.66,113.66,111.82,112.09,3963714.0
2024-04-02,111.8903,112.42,111.18,112.02,4560615.0
2024-04-03,112.14,112.55,111.05,111.28,4312146.0
2024-04-04,111.84,112.0,109.8375,110.11,4799540.0
2024-04-05,109.7,111.26,109.54,111.2,5591114.0
2024-04-08,111.3,111.48,110.14,110.52,5810474.0
2024-04-09,110.59,112.57,110.58,112.44,4235639.0
2024-04-10,111.22,111.67,110.35,111.17,3965539.0
2024-04-11,111.65,111.98,110.31,111.45,4321449.0
2024-04-12,110.27,110.5,108.4916,109.11,4041506.0
2024-04-15,110.09,110.89,108.831,108.89,4595501.0
2024-04-16,108.84,110.33,108.14,109.21,7283867.0
2024-04-17,107.53,108.72,104.25,105.9,12002689.0
2024-04-18,106.5,107.03,104.47,105.27,7306449.0
2024-04-19,105.98,107.77,105.38,107.28,10533468.0
2024-04-22,107.48,107.9,106.27,107.07,4948095.0
2024-04-23,107.67,108.11,107.3101,107.59,3849245.0
2024-04-24,106.71,107.11,105.56,106.89,5052116.0
2024-04-25,106.645,107.455,106.14,106.86,3112422.0
2024-04-26,106.51,107.8561,106.39,107.53,3575558.0
2024-04-29,107.39,108.19,106.6,107.27,3306742.0
2024-04-30,106.52,106.87,105.895,105.97,5073843.0
2024-05-01,105.93,107.16,105.91,106.29,4097064.0
2024-05-02,106.66,106.66,105.15,105.92,3708422.0
2024-05-03,106.11,106.64,105.475,105.9,3610456.0
2024-05-06,106.11,106.17,105.14,105.64,3789439.0
2024-05-07,106.52,106.6,105.79,106.17,6556266.0
2024-05-08,106.34,106.34,104.28,104.94,6234377.0
2024-05-09,104.73,105.01,104.5,104.67,5902122.0
2024-05-10,104.5,105.67,104.42,104.74,7349669.0
2024-05-13,104.99,105.5,104.4,104.77,5458983.0
2024-05-14,104.85,105.13,103.36,104.01,7035078.0
2024-05-15,104.1,104.83,104.1,104.59,5443113.0
2024-05-16,104.45,105.19,104.16,104.87,8708266.0
2024-05-17,104.41,104.8,103.94,104.09,7004543.0
2024-05-20,103.78,103.8,103.02,103.21,7165859.0
2024-05-21,103.52,103.86,102.4097,102.96,4391462.0
2024-05-22,102.95,105.14,102.94,104.82,5933530.0
2024-05-23,103.96,104.91,103.44,104.23,5862092.0
2024-05-24,104.15,104.369,103.58,103.95,4455616.0
2024-05-28,103.57,103.59,101.56,101.95,4771069.0
2024-05-29,101.09,101.77,100.64,100.73,4961137.0
2024-05-30,101.28,102.61,100.86,101.74,5126696.0
2024-05-31,101.86,102.299,101.39,102.19,7915567.0
2024-06-03,102.17,104.13,101.92,102.87,4915010.0
2024-06-04,102.8,103.49,102.535,103.43,3880139.0
2024-06-05,102.93,103.42,101.98,103.23,3302156.0
2024-06-06,103.29,105.0,102.81,104.27,9835363.0
2024-06-07,103.86,108.13,103.3701,107.58,8666641.0
2024-06-10,107.63,108.98,107.04,107.49,8556493.0
2024-06-11,107.32,107.32,105.53,105.81,7536084.0
2024-06-12,105.91,105.91,104.29,104.38,4568931.0
2024-06-13,103.635,103.7,102.6,103.45,4719464.0
2024-06-14,103.29,103.72,102.43,103.68,3683128.0
2024-06-17,102.91,103.94,102.54,103.45,3936230.0
2024-06-18,103.26,104.0908,103.25,103.99,4500780.0
2024-06-20,103.525,106.84,103.47,106.57,9154928.0
2024-06-21,106.66,106.93,105.24,105.72,10329141.0
2024-06-24,106.29,106.29,104.9401,105.3,5201271.0
2024-06-25,105.4,105.98,104.82,105.49,4722541.0
2024-06-26,105.09,105.65,104.32,104.88,5406622.0
2024-06-27,105.25,105.32,103.92,104.65,4137557.0
2024-06-28,104.7,105.16,103.53,103.91,8283452.0
2024-07-01,104.16,105.51,102.61,103.2,4588859.0
2024-07-02,102.7,103.39,102.7,103.2,3650443.0
2024-07-03,103.36,103.66,102.18,102.33,2014606.0
2024-07-05,102.03,104.07,101.76,104.02,6582472.0
2024-07-08,103.78,103.85,101.94,102.12,4541938.0
2024-07-09,102.39,102.59,100.75,101.64,6269163.0
2024-07-10,101.42,103.08,101.27,103.05,6598776.0
2024-07-11,103.38,104.64,103.06,104.18,5025136.0
2024-07-12,104.67,104.93,104.11,104.22,4277614.0
2024-07-15,103.93,104.16,102.58,102.96,4970784.0
2024-07-16,102.915,103.87,102.51,102.72,7656870.0
2024-07-17,102.65,105.65,102.5,104.68,13438227.0
2024-07-18,102.39,104.145,99.71,100.07,13078784.0
2024-07-19,100.61,102.4,100.08,102.03,11963488.0
2024-07-22,102.5,103.83,102.31,103.72,7880254.0
2024-07-23,104.01,104.33,103.37,103.92,5894537.0
2024-07-24,104.22,107.31,103.54,107.26,8680789.0
2024-07-25,107.02,108.71,105.92,105.96,6356574.0
2024-07-26,106.46,107.14,104.66,105.24,8611560.0
2024-07-29,100.59,105.175,99.92,104.77,19452385.0
2024-07-30,104.76,105.675,102.78,105.32,9126323.0
2024-07-31,105.5,106.83,103.55,105.94,8238399.0
2024-08-01,106.65,110.68,106.33,110.15,9069058.0
2024-08-02,110.18,112.04,108.4,111.31,9885569.0
2024-08-05,111.34,112.0,108.37,108.63,7121375.0
2024-08-06,108.95,110.64,108.63,109.5,5634775.0
2024-08-07,109.61,112.35,109.4,109.94,6364975.0
2024-08-08,109.95,111.22,109.22,109.76,5476479.0
2024-08-09,109.28,109.28,107.69,108.71,5435064.0
2024-08-12,108.4,108.4,107.105,107.8,4795911.0
2024-08-13,107.8,108.56,107.6,108.24,4920341.0
2024-08-14,108.07,110.18,107.71,109.89,5823112.0
2024-08-15,110.47,111.33,109.76,110.94,7458562.0
2024-08-16,111.36,111.6,110.57,111.0,4643278.0
2024-08-19,111.0,112.25,110.84,111.9,3495600.0
2024-08-20,111.82,112.09,110.33,110.77,5822278.0
2024-08-21,110.97,111.45,110.68,111.39,4081428.0
2024-08-22,111.79,112.15,111.05,112.1,3690242.0
2024-08-23,112.4,112.78,111.89,112.69,4511544.0
2024-08-26,112.735,113.255,112.06,112.7,3212662.0
2024-08-27,113.055,113.17,112.14,113.1,2705203.0
2024-08-28,113.1,113.42,112.37,112.9,3836645.0
2024-08-29,113.295,113.5,112.52,112.76,3375761.0
2024-08-30,113.0,113.47,111.89,113.27,4320033.0
2024-09-03,113.36,114.83,113.36,114.66,4436768.0
2024-09-04,114.69,115.59,113.57,114.4,3659187.0
2024-09-05,114.26,114.48,112.52,113.1,2927911.0
2024-09-06,113.63,114.34,113.01,113.86,3802028.0
2024-09-09,114.46,116.73,114.32,116.43,5100956.0
2024-09-10,116.15,117.25,115.43,117.11,4963702.0
2024-09-11,116.39,116.72,114.72,116.6,6535588.0
2024-09-12,116.495,117.305,115.59,116.83,4349211.0
2024-09-13,116.02,117.05,115.94,116.4,3350072.0
2024-09-16,117.0,117.68,116.42,117.63,3637038.0
2024-09-17,117.8,118.54,117.26,118.13,4982450.0
2024-09-18,117.5,117.5,114.5162,114.88,5990138.0
2024-09-19,115.49,115.66,113.25,114.15,8143950.0
2024-09-20,113.75,114.16,113.2,113.7,8403387.0
2024-09-23,113.79,114.9,112.96,114.81,5005350.0
2024-09-24,114.21,114.41,113.18,113.34,5029641.0
2024-09-25,113.82,114.19,111.85,112.61,5159097.0
2024-09-26,112.31,112.93,112.1,112.73,3508924.0
2024-09-27,112.93,113.38,112.32,112.43,3566349.0
2024-09-30,112.57,114.09,112.1,114.01,5036083.0
2024-10-01,114.21,114.22,112.8,113.56,4263902.0
2024-10-02,113.375,113.79,112.03,113.64,3453998.0
2024-10-03,113.505,113.51,111.79,112.23,3472096.0
2024-10-04,112.13,112.75,111.68,112.64,4365954.0
2024-10-07,112.3,113.61,111.8,113.36,6912921.0
2024-10-08,113.75,115.295,113.75,114.63,4341452.0
2024-10-09,114.98,116.27,114.56,115.95,4256805.0
2024-10-10,116.215,116.85,115.45,115.62,4068193.0
2024-10-11,116.21,117.28,115.945,116.12,3471263.0
2024-10-14,116.26,117.58,115.98,117.25,3674033.0
2024-10-15,116.75,118.36,115.81,116.05,6544812.0
2024-10-16,118.01,119.52,116.64,117.82,7356187.0
2024-10-17,118.71,118.76,117.19,117.89,5046773.0
2024-10-18,117.9,119.85,117.67,119.39,6741990.0
2024-10-21,118.89,118.92,116.6,116.99,8303135.0
2024-10-22,116.865,117.2,115.84,116.12,5359828.0
2024-10-23,116.16,117.15,115.93,117.01,3655538.0
2024-10-24,117.21,117.41,116.21,116.54,3767935.0
2024-10-25,116.145,116.39,113.1964,114.22,5989604.0
2024-10-28,114.769,114.83,113.5501,114.07,4104676.0
2024-10-29,114.14,114.74,113.35,113.4,4543575.0
2024-10-30,112.64,114.735,112.5,114.45,5187861.0
2024-10-31,113.57,114.47,113.27,113.37,5323141.0
2024-11-01,119.75,119.92,117.09,118.6,10149205.0
2024-11-04,119.6,120.57,117.48,117.65,5603906.0
2024-11-05,117.59,118.25,116.33,117.73,4057940.0
2024-11-06,121.0,121.0,115.5,116.8,5255972.0
2024-11-07,117.49,117.49,114.54,115.3,5518982.0
2024-11-08,115.33,117.25,114.6922,116.59,5685723.0
2024-11-11,116.94,117.84,116.33,116.8,5300984.0
2024-11-12,116.68,117.3,116.42,116.44,4598876.0
2024-11-13,116.08,116.81,115.55,115.74,4760763.0
2024-11-14,115.98,116.09,114.93,115.03,3812280.0
2024-11-15,114.87,116.35,114.43,115.9,6898598.0
2024-11-18,115.575,117.94,115.51,117.36,6086459.0
2024-11-19,116.54,117.55,115.45,117.13,4542771.0
2024-11-20,116.69,116.77,115.53,115.93,5624364.0
2024-11-21,115.68,117.64,115.14,117.26,5561794.0
2024-11-22,117.224,118.0,116.38,117.76,5349706.0
2024-11-25,118.28,118.65,117.58,118.13,6878975.0
2024-11-26,118.64,119.0,117.01,117.96,4056793.0
2024-11-27,118.35,120.53,118.1,118.95,3510301.0
2024-11-29,118.71,119.19,117.86,118.77,2430938.0
2024-12-02,118.75,118.81,116.59,116.81,5339227.0
2024-12-03,117.099,117.44,116.07,116.29,4794721.0
2024-12-04,117.01,117.01,115.29,115.97,3556848.0
2024-12-05,115.26,116.2908,114.885,115.59,3269714.0
2024-12-06,115.13,116.2,115.1,115.6,5300549.0
2024-12-09,115.67,115.87,113.85,114.9,4867720.0
2024-12-10,115.08,116.39,114.27,115.5,4072048.0
2024-12-11,115.31,115.585,114.0103,114.14,4747952.0
2024-12-12,114.4,114.775,113.3,113.86,3764686.0
2024-12-13,113.85,114.29,112.14,113.38,4550797.0
2024-12-16,112.7,113.6493,112.385,112.62,5047155.0
2024-12-17,112.21,113.84,112.2,113.29,5805783.0
2024-12-18,113.03,114.15,111.85,111.93,6454481.0
2024-12-19,111.54,113.295,111.28,112.42,7738598.0
2024-12-20,112.64,115.11,112.52,114.23,12311877.0
2024-12-23,114.0,114.51,112.96,114.31,4028218.0
2024-12-24,114.14,114.83,113.59,114.76,1469931.0
2024-12-26,114.2,115.81,113.8203,115.27,2960596.0
2024-12-27,115.01,115.95,114.51,114.99,2829920.0
2024-12-30,114.13,114.64,112.52,112.8,3475639.0
2024-12-31,113.06,113.775,112.545,113.11,3520156.0
2025-01-02,113.69,113.96,112.755,113.44,3569037.0
2025-01-03,113.94,114.23,113.275,113.83,4416812.0
2025-01-06,113.51,114.2596,112.785,113.04,6037005.0
2025-01-07,113.37,114.6938,113.17,113.4,5300209.0
2025-01-08,113.54,114.31,112.26,114.25,4455767.0
2025-01-10,113.77,113.84,111.79,112.31,5109024.0
2025-01-13,112.6,113.39,111.98,113.19,4409603.0
2025-01-14,113.56,113.81,112.29,113.02,3972362.0
2025-01-15,112.15,112.76,110.86,111.1,6543662.0
2025-01-16,111.02,113.95,111.02,113.91,5598701.0
2025-01-17,113.62,114.79,113.39,113.48,6459784.0
2025-01-21,114.25,116.9,114.135,116.79,8486233.0
2025-01-22,114.125,119.94,113.5,117.78,13200786.0
2025-01-23,118.13,123.23,117.78,123.22,13089243.0
2025-01-24,122.59,125.67,122.18,125.03,9960182.0
2025-01-27,126.73,129.76,125.474,129.43,11845062.0
2025-01-28,129.75,129.85,126.67,127.39,11948640.0
2025-01-29,128.16,129.3,127.63,127.86,7609659.0
2025-01-30,127.99,129.19,127.19,128.81,6340426.0
2025-01-31,128.37,128.76,127.68,127.93,7129365.0
2025-02-03,126.65,128.95,126.01,128.45,5720367.0
2025-02-04,126.435,129.2,126.0032,129.1,6957663.0
2025-02-05,129.43,132.5,128.95,132.06,8680046.0
2025-02-06,131.8,131.9,128.14,128.22,6468887.0
2025-02-07,128.07,129.49,128.07,129.07,6455272.0
2025-02-10,129.075,131.43,128.6,131.31,5503483.0
2025-02-11,131.2,132.05,130.47,131.44,5313869.0
2025-02-12,130.49,130.8,129.24,130.49,4703647.0
2025-02-13,130.93,132.04,130.55,131.79,4168266.0
2025-02-14,132.325,132.65,130.52,130.61,3733857.0
2025-02-18,129.76,130.82,128.25,130.18,5116117.0
2025-02-19,130.265,132.26,130.0,132.13,3806988.0
2025-02-20,131.73,133.28,131.35,133.17,5046850.0
2025-02-21,132.41,135.41,132.41,134.92,7160106.0
2025-02-24,134.49,136.5899,134.3,134.95,5947054.0
2025-02-25,135.38,136.45,134.36,135.82,6385559.0
2025-02-26,135.145,136.31,134.2716,135.96,5387866.0
2025-02-27,135.72,136.99,135.22,135.87,4890648.0
2025-02-28,136.4,138.37,134.75,138.01,8755735.0
2025-03-03,138.17,140.84,138.01,140.22,7589554.0
2025-03-04,141.0,141.23,137.53,137.58,8356218.0
2025-03-05,136.895,138.5,136.035,137.71,8156678.0
2025-03-06,137.06,137.715,133.4575,135.08,9184075.0
2025-03-07,134.505,137.48,133.955,137.14,8254667.0
2025-03-10,136.43,139.15,136.43,137.36,7027513.0
2025-03-11,137.06,137.06,132.31,132.66,9313362.0
2025-03-12,132.29,132.61,129.44,130.28,6770972.0
2025-03-13,130.28,130.8499,129.0,129.89,9012584.0
2025-03-14,125.0,128.49,124.5,126.71,9537833.0
2025-03-17,126.72,127.87,126.2,127.64,6662951.0
2025-03-18,127.95,128.619,124.9,126.3,7959510.0
2025-03-19,126.33,127.78,125.775,127.42,5098498.0
2025-03-20,127.33,127.76,126.38,126.78,5158499.0
2025-03-21,126.33,126.81,125.49,126.34,8857019.0
2025-03-24,127.205,127.835,126.6,127.21,5282990.0
2025-03-25,127.68,128.79,124.5,125.6,6726845.0
2025-03-26,125.74,127.34,125.1255,126.61,6053411.0
2025-03-27,127.17,131.93,126.656,131.35,8441432.0
2025-03-28,131.255,133.46,130.75,130.82,6708240.0
2025-03-31,130.81,133.2,130.64,132.65,9669745.0
2025-04-01,132.475,132.63,131.08,131.69,4229046.0
2025-04-02,130.64,132.13,129.7612,131.93,4236134.0
2025-04-03,131.91,133.64,131.48,131.63,6239142.0
2025-04-04,131.23,132.4,124.0,124.44,10776772.0
2025-04-07,122.29,126.5,120.47,124.86,10371312.0
2025-04-08,127.07,127.96,122.06,123.95,9879672.0
2025-04-09,121.625,127.76,120.85,127.04,10178161.0
2025-04-10,126.0,126.82,122.02,124.5,11089348.0
2025-04-11,126.055,128.52,124.04,126.88,7356797.0
2025-04-14,127.0,128.4999,126.84,127.96,6988746.0
2025-04-15,127.62,128.49,125.595,126.22,8639418.0
2025-04-16,129.695,134.16,129.01,129.7,13482978.0
2025-04-17,130.375,132.71,129.66,130.98,10474476.0
2025-04-21,130.97,131.96,128.5105,129.89,6046896.0
2025-04-22,129.93,132.03,129.93,131.73,5837127.0
2025-04-23,132.21,132.89,127.13,129.84,8776912.0
2025-04-24,130.02,130.2,128.03,129.38,6595303.0
2025-04-25,129.27,129.53,127.235,128.85,4849372.0
