Date,open,high,low,close,volume
2015-04-27,59.05,59.27,58.72,59.09,6879650.0
2015-04-28,58.96,60.14,58.76,59.48,9429117.0
2015-04-29,59.11,59.64,58.58,58.88,7249838.0
2015-04-30,58.57,59.0,57.93,58.26,5848240.0
2015-05-01,58.26,59.33,58.02,59.3,6830350.0
2015-05-04,59.14,59.48,58.88,59.11,4119193.0
2015-05-05,58.77,59.02,57.88,57.93,7825528.0
2015-05-06,57.81,58.12,56.93,57.49,6983251.0
2015-05-07,57.49,58.22,57.3,57.96,6570364.0
2015-05-08,58.63,58.97,58.47,58.81,4747141.0
2015-05-11,58.85,59.17,58.19,58.34,4490928.0
2015-05-12,57.84,58.59,57.57,58.3,4533776.0
2015-05-13,58.54,59.39,58.05,58.81,6362938.0
2015-05-14,59.23,60.12,58.95,60.1,6040772.0
2015-05-15,60.15,60.83,59.37,59.41,6162545.0
2015-05-18,59.22,59.67,59.16,59.46,3908440.0
2015-05-19,59.65,59.73,59.21,59.25,2889853.0
2015-05-20,59.47,59.59,58.62,59.14,4895502.0
2015-05-21,59.0,59.94,59.0,59.74,5134804.0
2015-05-22,59.73,60.17,59.47,59.72,4535721.0
2015-05-26,60.03,60.05,58.54,58.73,6250890.0
2015-05-27,58.86,59.64,58.61,59.38,4006072.0
2015-05-28,59.23,60.93,58.95,60.56,8901134.0
2015-05-29,60.65,61.64,60.35,61.37,13568532.0
2015-06-01,61.55,63.03,61.55,62.56,13933204.0
2015-06-02,62.1,63.03,61.91,62.0,7033826.0
2015-06-03,62.37,62.5,61.51,62.01,7894797.0
2015-06-04,61.77,62.55,61.73,62.49,7429038.0
2015-06-05,62.49,63.3,62.16,63.23,8981067.0
2015-06-08,62.52,62.52,60.45,60.85,12112587.0
2015-06-09,60.73,60.84,59.74,60.41,9460924.0
2015-06-10,60.56,60.94,60.21,60.47,8852186.0
2015-06-11,60.7,60.99,60.14,60.46,7046426.0
2015-06-12,60.32,60.67,59.97,60.02,6856719.0
2015-06-15,59.63,60.19,59.25,60.0,8057277.0
2015-06-16,59.89,61.88,59.78,60.52,9338762.0
2015-06-17,60.5,61.09,60.24,60.55,4538762.0
2015-06-18,60.65,61.12,60.63,60.68,6965331.0
2015-06-19,60.79,61.45,60.66,61.14,9525509.0
2015-06-22,61.59,61.9,61.28,61.75,5086229.0
2015-06-23,61.76,62.0,61.44,61.93,5420028.0
2015-06-24,62.11,62.39,61.51,61.61,8387564.0
2015-06-25,61.68,62.0,61.48,61.59,5999927.0
2015-06-26,61.6,61.71,60.7,61.04,5622344.0
2015-06-29,60.66,60.83,59.11,59.36,7515858.0
2015-06-30,60.05,60.6,59.4,60.24,8516540.0
2015-07-01,60.99,60.99,59.82,60.43,8215997.0
2015-07-02,61.05,62.23,60.43,61.83,16466551.0
2015-07-06,61.45,62.37,61.19,61.75,16074392.0
2015-07-07,62.67,62.69,61.1,61.97,21056391.0
2015-07-08,61.52,61.73,60.87,60.98,14046350.0
2015-07-09,61.91,62.32,61.56,61.77,8932475.0
2015-07-10,62.35,62.49,61.46,62.36,8410599.0
2015-07-13,62.42,63.74,62.38,63.47,13426778.0
2015-07-14,63.38,64.29,63.37,63.59,10796581.0
2015-07-15,63.73,64.21,63.23,63.44,12912321.0
2015-07-16,65.3,66.71,65.0,65.59,31001898.0
2015-07-17,66.04,66.73,64.85,66.33,25856898.0
2015-07-20,26.89,29.35,26.59,28.57,37008195.0
2015-07-21,28.15,28.99,27.98,28.6,43369046.0
2015-07-22,28.23,28.8,28.2,28.45,33431349.0
2015-07-23,28.25,28.6,28.12,28.43,39910108.0
2015-07-24,28.83,28.85,28.18,28.23,16109291.0
2015-07-27,28.02,28.2,27.82,28.0,15872702.0
2015-07-28,28.07,28.37,27.88,28.34,33190789.0
2015-07-29,28.39,28.87,28.25,28.75,13800464.0
2015-07-30,28.63,28.7,28.09,28.37,11755258.0
2015-07-31,28.47,28.54,28.06,28.13,11749055.0
2015-08-03,28.09,28.35,27.84,28.33,16115249.0
2015-08-04,28.16,28.43,28.03,28.41,9589930.0
2015-08-05,28.43,28.72,28.43,28.56,10447797.0
2015-08-06,28.58,28.63,28.1,28.15,9118965.0
2015-08-07,28.19,28.57,28.09,28.56,12328423.0
2015-08-10,28.61,28.93,28.6,28.67,7159767.0
2015-08-11,28.3,28.62,28.07,28.14,9899370.0
2015-08-12,27.52,28.03,27.31,28.01,11119713.0
2015-08-13,27.98,28.15,27.73,27.99,7391332.0
2015-08-14,27.94,28.29,27.8,28.27,7260722.0
2015-08-17,28.12,28.32,27.78,28.3,9429642.0
2015-08-18,28.43,28.46,27.66,27.77,10836878.0
2015-08-19,27.46,27.72,27.3,27.43,11310840.0
2015-08-20,27.21,27.29,26.49,26.53,15733760.0
2015-08-21,26.33,26.64,25.71,25.77,18195707.0
2015-08-24,23.87,25.75,23.23,24.93,22963673.0
2015-08-25,25.37,25.85,25.23,25.24,22543508.0
2015-08-26,25.91,26.19,25.19,26.17,16743970.0
2015-08-27,26.51,27.19,26.44,27.11,18008848.0
2015-08-28,26.98,27.27,26.81,27.24,11306356.0
2015-08-31,27.08,27.26,27.0,27.1,11602052.0
2015-09-01,26.54,27.09,26.3,26.48,15402562.0
2015-09-02,26.86,26.92,26.41,26.87,10811555.0
2015-09-03,27.36,27.6,26.93,27.04,12248338.0
2015-09-04,26.57,26.75,26.29,26.48,9025235.0
2015-09-08,26.69,26.75,26.21,26.36,14619095.0
2015-09-09,26.91,26.91,26.15,26.21,10310898.0
2015-09-10,25.77,26.24,25.77,26.15,12895747.0
2015-09-11,26.12,26.33,25.91,26.32,6207192.0
2015-09-14,26.22,26.22,25.66,25.75,9170984.0
2015-09-15,25.8,26.07,25.41,25.98,12311322.0
2015-09-16,26.0,26.75,25.91,26.74,13019295.0
2015-09-17,26.7,26.76,26.2,26.25,14875463.0
2015-09-18,25.97,26.2,25.33,26.01,20770272.0
2015-09-21,26.26,26.5,25.68,25.92,9340087.0
2015-09-22,25.7,25.8,25.4,25.61,10846336.0
2015-09-23,25.62,25.76,25.46,25.59,6754198.0
2015-09-24,25.28,25.68,25.08,25.61,9671644.0
2015-09-25,25.76,25.81,25.18,25.33,8684637.0
2015-09-28,25.15,25.22,24.1,24.13,15727565.0
2015-09-29,24.2,24.38,23.76,24.07,19647885.0
2015-09-30,24.32,24.5,24.03,24.43,12682517.0
2015-10-01,24.5,25.01,24.44,24.91,16206497.0
2015-10-02,24.51,25.55,24.31,25.53,13152452.0
2015-10-05,25.59,25.88,25.51,25.73,11716469.0
2015-10-06,25.68,25.84,25.57,25.68,8955840.0
2015-10-07,25.91,25.93,25.49,25.69,11405524.0
2015-10-08,24.94,25.08,23.62,24.15,48510856.0
2015-10-09,24.21,24.42,24.05,24.3,17615269.0
2015-10-12,24.04,24.62,23.98,24.56,9857703.0
2015-10-13,24.53,24.9,24.41,24.62,10933277.0
2015-10-14,24.79,24.8,23.93,23.99,14557943.0
2015-10-15,24.15,24.54,23.96,24.5,16063551.0
2015-10-16,24.46,24.72,24.4,24.54,9135128.0
2015-10-19,24.54,24.57,24.26,24.55,11449923.0
2015-10-20,24.56,24.68,24.25,24.42,12273694.0
2015-10-21,24.56,24.7,24.18,24.21,15681162.0
2015-10-22,26.5,27.66,26.26,27.58,44471367.0
2015-10-23,27.73,28.57,27.32,28.16,21443443.0
2015-10-26,27.74,28.23,27.69,28.17,12980208.0
2015-10-27,28.21,28.44,28.06,28.37,10008215.0
2015-10-28,28.47,28.47,27.96,28.25,11086063.0
2015-10-29,28.21,28.32,28.02,28.17,8652679.0
2015-10-30,28.24,28.3,27.81,27.9,9588978.0
2015-11-02,27.73,28.52,27.72,28.5,11243368.0
2015-11-03,28.41,29.29,28.37,28.9,15819655.0
2015-11-04,28.9,29.38,28.88,29.3,13370328.0
2015-11-05,28.92,29.58,28.92,29.3,12500200.0
2015-11-06,29.03,29.69,28.97,29.4,12305308.0
2015-11-09,29.38,29.38,28.82,29.18,11250213.0
2015-11-10,29.18,29.3,28.84,29.14,13520312.0
2015-11-11,29.1,29.33,28.88,28.95,22126549.0
2015-11-12,28.67,28.92,28.53,28.56,11608149.0
2015-11-13,28.55,29.04,28.14,28.19,14671414.0
2015-11-16,28.29,28.5,27.96,28.48,11070342.0
2015-11-17,28.5,28.72,28.32,28.45,9045608.0
2015-11-18,28.62,28.78,28.19,28.75,10753805.0
2015-11-19,28.56,28.89,28.56,28.77,6751277.0
2015-11-20,28.99,29.16,28.66,29.06,7997208.0
2015-11-23,28.92,29.12,28.64,28.84,7365382.0
2015-11-24,28.42,29.18,28.42,29.0,7767533.0
2015-11-25,28.78,29.04,28.71,29.0,6657922.0
2015-11-27,29.09,29.22,28.79,29.1,5318344.0
2015-11-30,29.09,29.62,29.03,29.59,16309518.0
2015-12-01,29.75,29.83,29.02,29.05,12943641.0
2015-12-02,29.16,29.41,28.78,28.97,10511936.0
2015-12-03,29.0,29.0,28.11,28.58,13638058.0
2015-12-04,28.72,29.58,28.59,29.35,9992489.0
2015-12-07,29.29,29.37,28.82,29.05,7030507.0
2015-12-08,28.93,29.1,28.5,28.78,8913786.0
2015-12-09,28.42,28.84,28.14,28.34,6956627.0
2015-12-10,28.28,28.89,28.23,28.57,8820613.0
2015-12-11,28.19,28.43,27.87,27.96,9084833.0
2015-12-14,28.1,28.42,27.85,28.04,11463925.0
2015-12-15,28.23,28.6,28.21,28.32,10270467.0
2015-12-16,28.52,28.65,28.26,28.57,12452307.0
2015-12-17,28.65,28.75,28.03,28.04,7318073.0
2015-12-18,27.84,28.07,27.45,27.46,20410656.0
2015-12-21,27.62,27.71,27.25,27.59,10752458.0
2015-12-22,27.62,28.07,27.42,27.89,12376243.0
2015-12-23,28.0,28.04,27.65,27.78,5312279.0
2015-12-24,27.91,27.94,27.6,27.66,2517278.0
2015-12-28,27.52,27.69,27.32,27.64,3722778.0
2015-12-29,27.73,27.99,27.7,27.91,4331368.0
2015-12-30,27.73,27.99,27.71,27.75,4036210.0
2015-12-31,27.63,27.69,27.44,27.47,4901079.0
2016-01-04,27.11,27.25,26.08,26.43,19041349.0
2016-01-05,26.61,26.85,25.94,26.11,16691359.0
2016-01-06,25.83,26.66,25.77,26.41,12125720.0
2016-01-07,25.8,26.47,25.6,25.7,13334635.0
2016-01-08,25.97,26.16,25.67,25.76,11206719.0
2016-01-11,25.95,26.25,25.79,26.1,11938773.0
2016-01-12,26.11,26.4,25.92,26.21,9403270.0
2016-01-13,26.41,26.46,25.26,25.41,11659928.0
2016-01-14,25.42,26.14,24.95,25.86,16507350.0
2016-01-15,25.05,25.48,24.8,25.26,14295491.0
2016-01-19,25.61,25.91,25.36,25.77,13772613.0
2016-01-20,24.84,26.13,24.76,25.82,17504225.0
2016-01-21,25.87,26.24,25.32,26.09,15397514.0
2016-01-22,26.46,26.74,26.11,26.43,10445670.0
2016-01-25,26.4,26.55,26.1,26.13,9865023.0
2016-01-26,26.2,26.67,26.2,26.65,7623324.0
2016-01-27,26.71,27.07,26.09,26.42,18536622.0
2016-01-28,23.23,24.13,22.4,23.13,55859480.0
2016-01-29,23.19,23.48,22.95,23.46,30604502.0
2016-02-01,23.34,24.23,23.26,23.94,19884843.0
2016-02-02,23.72,23.76,23.21,23.29,16073922.0
2016-02-03,23.45,23.73,22.91,23.5,19749233.0
2016-02-04,23.49,23.61,23.09,23.49,15920880.0
2016-02-05,23.45,23.51,23.06,23.2,18872325.0
2016-02-08,22.86,22.88,21.51,22.48,20598959.0
2016-02-09,22.19,23.0,21.91,22.01,16785649.0
2016-02-10,22.27,22.71,22.08,22.32,12219971.0
2016-02-11,21.93,22.45,21.64,22.08,17634525.0
2016-02-12,22.38,22.62,22.23,22.49,11866134.0
2016-02-16,22.3,23.0,22.23,22.95,10378646.0
2016-02-17,23.08,23.28,22.9,23.22,10903923.0
2016-02-18,23.12,23.67,23.08,23.53,11098194.0
2016-02-19,23.43,23.85,23.35,23.81,9784535.0
2016-02-22,23.95,24.29,23.92,24.24,9724131.0
2016-02-23,24.04,24.2,23.61,23.62,10125465.0
2016-02-24,23.43,24.02,23.28,23.96,9471732.0
2016-02-25,24.03,24.2,23.89,24.18,7554615.0
2016-02-26,24.39,24.54,24.13,24.18,7415031.0
2016-02-29,24.12,24.35,23.77,23.8,7049839.0
2016-03-01,23.99,24.25,23.62,24.25,8742169.0
2016-03-02,24.13,24.19,23.66,23.72,9858578.0
2016-03-03,23.69,23.99,23.58,23.94,7778093.0
2016-03-04,24.06,24.62,23.93,24.41,8254233.0
2016-03-07,24.36,24.4,24.06,24.26,4890958.0
2016-03-08,24.02,24.39,23.69,24.07,11573807.0
2016-03-09,24.34,24.49,23.7,23.95,12347436.0
2016-03-10,24.04,24.1,22.97,23.69,19207599.0
2016-03-11,23.97,24.08,23.9,24.02,13853902.0
2016-03-14,24.02,24.35,23.9,24.28,16007616.0
2016-03-15,24.1,24.15,23.54,23.58,8854063.0
2016-03-16,23.45,23.79,22.88,23.68,22222998.0
2016-03-17,23.78,23.93,23.33,23.76,11338914.0
2016-03-18,23.76,23.97,23.18,23.77,19940429.0
2016-03-21,23.81,24.49,23.75,24.34,14699242.0
2016-03-22,24.16,24.33,24.1,24.13,8961002.0
2016-03-23,24.09,24.28,23.95,24.17,7740722.0
2016-03-24,24.13,24.36,24.0,24.33,13475086.0
2016-03-28,24.29,24.34,24.07,24.12,5699187.0
2016-03-29,23.7,24.11,23.36,24.1,13858809.0
2016-03-30,24.06,24.57,24.01,24.04,11125731.0
2016-03-31,24.13,24.15,23.8,23.86,14866361.0
2016-04-01,24.37,24.38,23.66,23.88,11167893.0
2016-04-04,23.4,24.18,23.4,24.03,12415853.0
2016-04-05,23.69,24.67,23.65,24.39,16589847.0
2016-04-06,24.45,25.51,24.36,25.43,21648832.0
2016-04-07,24.76,24.9,23.96,24.1,20123272.0
2016-04-08,24.21,24.38,23.87,24.07,8495672.0
2016-04-11,24.17,24.44,24.03,24.06,7380069.0
2016-04-12,24.19,24.55,24.03,24.42,8896212.0
2016-04-13,24.58,25.6,24.55,25.08,16999246.0
2016-04-14,25.29,25.31,24.96,25.21,7870512.0
2016-04-15,25.31,25.33,25.0,25.22,6344571.0
2016-04-18,24.8,25.47,24.8,25.31,5954691.0
2016-04-19,24.65,24.88,24.08,24.3,20807644.0
2016-04-20,24.3,24.86,24.26,24.66,8495183.0
2016-04-21,24.63,24.87,24.6,24.69,8400143.0
2016-04-22,24.61,24.97,24.37,24.4,10639500.0
2016-04-25,24.4,24.54,24.15,24.22,16246614.0
2016-04-26,24.17,24.71,24.17,24.49,17946872.0
2016-04-27,25.33,26.2,25.19,25.27,29268061.0
2016-04-28,25.09,25.34,24.55,24.62,13421699.0
2016-04-29,24.37,24.58,24.05,24.43,20154887.0
2016-05-02,24.18,24.39,24.06,24.26,10646091.0
2016-05-03,24.07,24.25,23.88,23.98,9529945.0
2016-05-04,23.82,24.04,23.73,23.8,8122916.0
2016-05-05,24.02,24.05,23.76,23.81,7915361.0
2016-05-06,23.67,23.84,23.54,23.82,7928426.0
2016-05-09,23.79,24.14,23.73,24.02,7832020.0
2016-05-10,24.04,24.22,23.95,24.16,8497361.0
2016-05-11,24.12,24.18,23.74,23.74,7520835.0
2016-05-12,23.91,23.92,23.5,23.58,8837430.0
2016-05-13,23.65,23.93,23.6,23.78,8532682.0
2016-05-16,23.68,23.88,23.6,23.8,5589425.0
2016-05-17,23.64,23.8,23.18,23.27,9957755.0
2016-05-18,23.31,23.85,23.22,23.69,8875644.0
2016-05-19,23.59,23.67,23.25,23.42,5194098.0
2016-05-20,23.44,23.76,23.31,23.65,6824956.0
2016-05-23,23.38,23.82,23.34,23.46,5367021.0
2016-05-24,23.64,24.18,23.64,24.05,8013983.0
2016-05-25,23.91,24.2,23.89,24.03,7343476.0
2016-05-26,23.98,24.13,23.86,24.12,5532131.0
2016-05-27,24.17,24.4,24.15,24.36,8050496.0
2016-05-31,24.29,24.62,24.24,24.46,11398096.0
2016-06-01,24.43,24.44,24.04,24.07,7662453.0
2016-06-02,24.15,24.27,23.88,24.25,10330520.0
2016-06-03,24.21,24.25,23.74,23.98,6413574.0
2016-06-06,23.98,24.1,23.87,23.99,7058892.0
2016-06-07,24.13,24.36,24.11,24.28,9760080.0
2016-06-08,24.25,24.33,24.11,24.23,7722401.0
2016-06-09,24.19,24.38,24.07,24.33,7914835.0
2016-06-10,24.16,24.26,23.91,24.07,7768635.0
2016-06-13,24.02,24.13,23.84,23.89,8627485.0
2016-06-14,23.79,24.01,23.63,23.88,9927541.0
2016-06-15,23.99,24.08,23.79,23.96,9326700.0
2016-06-16,23.94,23.96,23.47,23.85,9399390.0
2016-06-17,23.74,23.89,23.59,23.79,13176596.0
2016-06-20,24.34,24.87,24.26,24.57,14220654.0
2016-06-21,24.54,24.76,24.45,24.7,7863146.0
2016-06-22,24.62,24.75,24.32,24.34,6659100.0
2016-06-23,24.69,24.95,24.6,24.85,9484412.0
2016-06-24,23.77,23.89,22.81,23.13,24565995.0
2016-06-27,22.95,23.12,22.57,22.57,729107.0
2016-06-28,22.89,23.11,22.77,22.99,11995622.0
2016-06-29,23.18,23.38,23.07,23.31,9143417.0
2016-06-30,23.36,23.47,23.25,23.41,9464745.0
2016-07-01,23.43,23.95,23.41,23.78,9683421.0
2016-07-05,23.71,23.82,23.43,23.76,8677646.0
2016-07-06,23.71,23.85,23.3,23.83,9509841.0
2016-07-07,23.92,24.0,23.75,23.93,10007152.0
2016-07-08,24.02,24.66,23.95,24.61,7480315.0
2016-07-11,24.74,25.02,24.64,24.86,8491872.0
2016-07-12,24.97,25.34,24.97,25.13,9625255.0
2016-07-13,25.12,25.27,24.98,25.12,5817991.0
2016-07-14,25.45,26.26,25.4,26.08,23703868.0
2016-07-15,26.2,26.34,25.95,26.34,17602533.0
2016-07-18,26.23,26.56,26.17,26.49,12382051.0
2016-07-19,26.59,26.72,26.39,26.5,17383116.0
2016-07-20,26.61,27.14,26.41,26.99,27087768.0
2016-07-21,28.87,30.31,28.79,29.93,44945551.0
2016-07-22,29.81,30.56,29.75,30.49,20261798.0
2016-07-25,30.31,30.86,30.27,30.68,17891591.0
2016-07-26,30.56,31.41,30.56,31.4,13909029.0
2016-07-27,31.44,31.79,31.1,31.31,11859596.0
2016-07-28,31.28,31.49,31.07,31.17,8822197.0
2016-07-29,31.12,31.24,30.9,31.16,8433075.0
2016-08-01,31.3,31.39,31.13,31.25,13129912.0
2016-08-02,31.07,31.21,30.69,30.79,11910872.0
2016-08-03,30.8,31.04,30.74,30.95,7370539.0
2016-08-04,30.94,31.31,30.85,31.06,7586275.0
2016-08-05,31.15,31.45,31.13,31.39,7795952.0
2016-08-08,31.38,31.38,30.94,31.15,9527805.0
2016-08-09,31.22,31.24,30.94,31.11,7592195.0
2016-08-10,31.11,31.25,30.94,31.12,6071093.0
2016-08-11,31.19,31.5,31.02,31.2,5910088.0
2016-08-12,31.22,31.27,30.89,30.89,11809026.0
2016-08-15,31.0,31.31,30.64,31.05,7038405.0
2016-08-16,30.9,30.98,30.58,30.83,6539656.0
2016-08-17,30.88,30.9,30.49,30.61,6961482.0
2016-08-18,30.51,30.67,30.42,30.52,6023456.0
2016-08-19,30.46,30.65,30.36,30.63,7840700.0
2016-08-22,30.46,30.64,30.37,30.62,6240653.0
2016-08-23,30.68,30.97,30.65,30.67,5594540.0
2016-08-24,30.74,31.33,30.73,31.25,14752378.0
2016-08-25,31.08,31.45,31.06,31.34,7458623.0
2016-08-26,31.34,31.63,31.08,31.31,7750403.0
2016-08-29,31.25,31.5,31.14,31.4,5108756.0
2016-08-30,31.46,32.03,31.36,31.77,9785329.0
2016-08-31,31.66,32.23,31.59,32.16,12641834.0
2016-09-01,32.15,32.23,31.88,32.13,6808306.0
2016-09-02,32.3,32.5,32.11,32.28,6760416.0
2016-09-06,32.2,32.65,32.15,32.41,8420109.0
2016-09-07,32.45,32.73,32.29,32.51,9421639.0
2016-09-08,32.5,32.81,32.38,32.7,7148364.0
2016-09-09,32.42,32.59,31.85,31.89,13053881.0
2016-09-12,31.67,32.57,31.55,32.49,8538773.0
2016-09-13,32.16,32.29,31.71,31.91,9453249.0
2016-09-14,32.07,32.13,31.7,31.8,7572849.0
2016-09-15,31.74,31.98,31.33,31.98,7487040.0
2016-09-16,31.71,31.88,31.63,31.77,10979853.0
2016-09-19,31.81,31.96,31.43,31.57,5870524.0
2016-09-20,31.75,31.8,31.23,31.36,6440212.0
2016-09-21,31.56,32.02,31.5,31.97,10835751.0
2016-09-22,32.02,32.34,32.02,32.28,5311761.0
2016-09-23,32.28,32.37,32.07,32.07,5515430.0
2016-09-26,31.88,32.01,31.59,31.67,6222190.0
2016-09-27,31.8,32.1,31.68,31.94,5914060.0
2016-09-28,31.95,31.98,31.67,31.85,6105029.0
2016-09-29,33.04,33.19,32.19,32.3,16921150.0
2016-09-30,32.49,33.02,32.46,32.9,11958119.0
2016-10-03,31.3,32.65,31.3,32.55,12565808.0
2016-10-04,32.71,33.03,32.42,32.56,6656547.0
2016-10-05,32.4,32.47,32.07,32.15,8807250.0
2016-10-06,32.12,32.21,31.86,32.13,5676583.0
2016-10-07,32.25,32.25,31.04,31.62,10114479.0
2016-10-10,32.01,32.25,31.89,31.95,9296952.0
2016-10-11,31.96,31.98,31.14,31.46,9241064.0
2016-10-12,31.28,31.6,31.27,31.5,6350054.0
2016-10-13,31.79,31.82,31.07,31.51,10796720.0
2016-10-14,31.82,32.24,31.6,31.89,14391980.0
2016-10-17,32.39,32.39,31.38,31.81,11424219.0
2016-10-18,32.05,32.37,31.57,31.64,12505885.0
2016-10-19,31.91,32.64,31.72,32.52,23369021.0
2016-10-20,29.5,29.84,28.75,29.02,52584605.0
2016-10-21,29.06,29.19,28.6,29.06,24222045.0
2016-10-24,29.26,29.71,29.15,29.22,16401048.0
2016-10-25,29.2,29.39,28.94,29.05,10291371.0
2016-10-26,29.0,29.05,28.77,28.82,8944461.0
2016-10-27,28.97,29.07,28.63,28.81,11792568.0
2016-10-28,28.86,29.09,28.47,28.6,10716821.0
2016-10-31,28.77,28.77,28.44,28.51,8702678.0
2016-11-01,28.51,28.69,28.09,28.38,8535775.0
2016-11-02,28.24,28.51,28.11,28.26,8840552.0
2016-11-03,28.17,28.45,28.02,28.06,6207144.0
2016-11-04,28.1,28.29,27.94,27.95,7293262.0
2016-11-07,28.34,28.37,28.08,28.24,9122654.0
2016-11-08,28.09,28.25,27.63,28.03,14234894.0
2016-11-09,27.34,28.47,27.33,28.29,11664845.0
2016-11-10,28.39,28.75,27.82,28.16,12135187.0
2016-11-11,27.97,28.77,27.95,28.64,9603939.0
2016-11-14,28.63,28.74,27.86,27.89,12394781.0
2016-11-15,28.03,28.77,28.03,28.49,9438237.0
2016-11-16,28.39,28.89,28.31,28.33,10594125.0
2016-11-17,28.37,28.92,28.35,28.87,8892052.0
2016-11-18,28.84,28.95,28.56,28.69,11668691.0
2016-11-21,28.73,29.14,28.67,29.0,7375699.0
2016-11-22,29.44,29.44,28.93,29.06,7368913.0
2016-11-23,28.99,29.07,28.65,28.9,6022791.0
2016-11-25,28.94,28.99,28.75,28.95,3076016.0
2016-11-28,28.84,28.89,28.53,28.57,7190560.0
2016-11-29,28.56,28.8,28.5,28.51,7281582.0
2016-11-30,28.51,28.59,27.8,27.81,13777124.0
2016-12-01,27.92,28.01,27.28,27.39,9775405.0
2016-12-02,27.73,28.83,27.68,28.42,14437124.0
2016-12-05,28.55,28.9,28.32,28.35,10802850.0
2016-12-06,28.3,28.39,28.03,28.21,10387542.0
2016-12-07,28.14,28.99,28.14,28.91,10261568.0
2016-12-08,28.96,29.87,28.91,29.42,12245034.0
2016-12-09,29.61,30.1,29.42,29.97,13548966.0
2016-12-12,30.02,30.46,29.84,30.21,14939943.0
2016-12-13,30.36,30.52,29.81,29.82,11586829.0
2016-12-14,29.85,30.16,29.64,29.82,9624839.0
2016-12-15,29.87,29.97,29.65,29.73,10129759.0
2016-12-16,29.73,29.92,29.56,29.61,14682004.0
2016-12-19,29.7,29.8,29.31,29.38,7814244.0
2016-12-20,29.53,29.6,29.01,29.26,11236942.0
2016-12-21,29.14,29.39,29.09,29.36,8573775.0
2016-12-22,29.28,29.7,29.21,29.54,8865182.0
2016-12-23,29.82,29.82,29.42,29.79,8133338.0
2016-12-27,29.83,30.37,29.81,30.24,7513425.0
2016-12-28,30.24,30.25,29.93,30.01,8078281.0
2016-12-29,30.02,30.21,29.83,29.98,7119575.0
2016-12-30,30.38,30.38,29.57,29.69,8189664.0
2017-01-03,29.83,30.19,29.64,29.84,7665025.0
2017-01-04,29.91,30.01,29.51,29.76,9528672.0
2017-01-05,29.73,30.08,29.61,30.01,8485987.0
2017-01-06,29.97,31.16,29.78,31.05,13348545.0
2017-01-09,31.0,31.03,30.6,30.75,10532515.0
2017-01-10,30.67,30.72,29.84,30.25,13818253.0
2017-01-11,30.3,30.42,30.01,30.41,8157972.0
2017-01-12,30.8,30.8,30.1,30.35,7890489.0
2017-01-13,30.21,30.35,29.84,30.29,7822466.0
2017-01-17,30.33,30.69,30.11,30.29,7447117.0
2017-01-18,30.29,30.48,30.14,30.39,9523689.0
2017-01-19,30.26,30.84,30.19,30.72,14112132.0
2017-01-20,30.84,30.96,30.52,30.64,8496262.0
2017-01-23,30.64,30.65,30.06,30.27,9328357.0
2017-01-24,30.3,30.33,29.69,29.99,16914412.0
2017-01-25,30.25,30.5,30.1,30.23,25032910.0
2017-01-26,32.37,32.85,31.54,31.74,32015044.0
2017-01-27,31.95,32.61,31.36,32.51,17406702.0
2017-01-30,32.23,32.28,31.8,32.17,11247655.0
2017-01-31,31.89,32.0,31.53,31.83,9469072.0
2017-02-01,31.9,32.24,31.83,32.18,9700465.0
2017-02-02,32.06,32.21,31.86,31.97,6028553.0
2017-02-03,32.11,32.2,31.91,32.07,5410299.0
2017-02-06,32.01,32.24,31.86,32.03,5333675.0
2017-02-07,31.95,32.47,31.8,32.43,8135939.0
2017-02-08,32.45,33.41,32.28,33.25,17070524.0
2017-02-09,33.29,33.35,32.98,33.12,10465469.0
2017-02-10,33.11,33.84,33.06,33.63,13352120.0
2017-02-13,33.62,34.08,33.56,33.79,10744412.0
2017-02-14,33.61,33.96,33.57,33.63,7616366.0
2017-02-15,33.62,34.15,33.5,34.01,7994410.0
2017-02-16,33.84,34.14,33.46,33.54,8890932.0
2017-02-17,33.51,33.9,33.47,33.76,7797296.0
2017-02-21,33.76,34.23,33.76,33.92,7237276.0
2017-02-22,33.92,34.14,33.63,33.82,7068170.0
2017-02-23,33.78,33.93,33.54,33.6,6527606.0
2017-02-24,33.55,34.07,33.38,34.06,8098701.0
2017-02-27,34.05,34.3,33.82,34.28,7372977.0
2017-02-28,34.16,34.28,33.89,33.9,8105088.0
2017-03-01,34.11,34.43,34.1,34.27,5736121.0
2017-03-02,34.19,34.33,33.74,33.91,4698204.0
2017-03-03,33.86,33.87,33.39,33.74,6555857.0
2017-03-06,33.67,33.76,33.28,33.64,7728453.0
2017-03-07,33.71,33.83,33.4,33.47,6943722.0
2017-03-08,33.55,33.55,33.17,33.32,7861280.0
2017-03-09,33.27,33.35,33.02,33.18,5545730.0
2017-03-10,33.44,33.46,33.06,33.13,4977310.0
2017-03-13,33.13,33.22,32.74,32.81,10865788.0
2017-03-14,32.85,32.95,32.58,32.86,6829666.0
2017-03-15,33.02,33.17,32.55,32.89,9777759.0
2017-03-16,32.78,33.2,32.77,33.1,6925773.0
2017-03-17,33.3,33.84,33.16,33.7,15941343.0
2017-03-20,33.68,34.03,33.45,33.81,7309212.0
2017-03-21,33.92,33.99,33.05,33.19,8918357.0
2017-03-22,33.26,33.67,33.17,33.53,5484439.0
2017-03-23,33.45,33.78,33.33,33.52,4833911.0
2017-03-24,33.66,33.67,33.21,33.4,4317656.0
2017-03-27,33.16,33.49,32.84,33.43,4994440.0
2017-03-28,33.4,33.66,33.3,33.53,4609929.0
2017-03-29,33.62,33.78,33.43,33.65,7242528.0
2017-03-30,33.65,33.79,33.54,33.7,4993386.0
2017-03-31,33.5,33.95,33.45,33.57,10220889.0
2017-04-03,33.37,33.91,33.32,33.76,9828478.0
2017-04-04,33.76,34.26,33.67,34.14,8678740.0
2017-04-05,34.22,34.73,33.78,33.81,11240727.0
2017-04-06,34.01,34.32,33.84,34.16,8854865.0
2017-04-07,34.11,34.22,33.8,33.91,6644481.0
2017-04-10,34.0,34.36,33.93,34.06,6268145.0
2017-04-11,34.09,34.14,33.72,33.99,5164250.0
2017-04-12,33.88,34.62,33.88,34.27,10456878.0
2017-04-13,34.2,34.7,34.1,34.33,7781545.0
2017-04-17,34.35,34.44,34.09,34.44,6951633.0
2017-04-18,34.11,34.37,33.81,34.02,7485570.0
2017-04-19,34.2,34.34,33.78,33.85,15101358.0
2017-04-20,32.86,33.04,32.32,32.53,28091924.0
2017-04-21,32.69,32.69,31.94,32.18,14325980.0
2017-04-24,32.23,32.56,31.89,32.05,16552524.0
2017-04-25,32.11,32.83,31.98,32.81,14427832.0
2017-04-26,32.79,33.13,32.62,33.01,11191316.0
2017-04-27,33.02,33.12,32.79,33.06,8383428.0
2017-04-28,33.01,33.45,32.89,33.41,10089149.0
2017-05-01,33.46,33.58,33.19,33.31,6903064.0
2017-05-02,33.39,33.54,33.33,33.51,6561052.0
2017-05-03,33.6,33.6,33.14,33.26,5661480.0
2017-05-04,33.4,33.67,33.26,33.51,6977801.0
2017-05-05,33.57,33.71,33.44,33.5,8540346.0
2017-05-08,33.52,33.72,33.2,33.24,9140300.0
2017-05-09,33.24,33.87,33.09,33.72,9298149.0
2017-05-10,33.67,34.15,33.67,33.88,8130764.0
2017-05-11,33.7,34.16,33.66,34.12,5595877.0
2017-05-12,34.19,34.28,34.0,34.07,5118150.0
2017-05-15,34.18,34.37,33.92,34.18,4715534.0
2017-05-16,34.16,34.87,34.15,34.81,6408925.0
2017-05-17,34.56,34.6,33.56,33.58,10443359.0
2017-05-18,33.64,33.91,32.99,33.73,11999339.0
2017-05-19,33.9,34.21,33.6,33.83,8489183.0
2017-05-22,33.86,34.03,33.65,33.86,6508226.0
2017-05-23,34.25,34.86,34.24,34.61,11322162.0
2017-05-24,34.62,34.99,34.44,34.82,9393343.0
2017-05-25,34.88,35.3,34.86,35.22,8498655.0
2017-05-26,35.26,35.26,34.66,34.9,6622496.0
2017-05-30,34.78,34.83,34.37,34.62,7254302.0
2017-05-31,34.92,34.92,34.1,34.3,9755841.0
2017-06-01,34.44,34.89,34.2,34.79,6665150.0
2017-06-02,34.92,35.44,34.61,35.32,6860345.0
2017-06-05,36.02,36.02,35.39,35.55,6048337.0
2017-06-06,35.41,35.8,35.35,35.47,5527124.0
2017-06-07,35.65,35.87,35.56,35.77,5328342.0
2017-06-08,36.07,36.31,35.86,36.14,8921114.0
2017-06-09,36.25,36.5,34.69,34.94,11052048.0
2017-06-12,34.7,34.77,33.97,34.15,12830272.0
2017-06-13,34.21,34.55,34.08,34.46,7569053.0
2017-06-14,34.63,34.73,34.11,34.5,6534127.0
2017-06-15,34.26,34.29,33.89,34.09,5377678.0
2017-06-16,33.92,34.32,33.91,33.96,9984193.0
2017-06-19,34.12,34.99,34.0,34.9,5840060.0
2017-06-20,34.74,35.34,34.74,34.93,10636824.0
2017-06-21,35.0,35.12,34.75,34.96,5418717.0
2017-06-22,34.99,35.28,34.84,35.12,5133826.0
2017-06-23,35.12,35.73,34.96,35.57,24063314.0
2017-06-26,35.89,35.97,35.0,35.09,6646376.0
2017-06-27,35.0,35.32,34.85,34.91,8623346.0
2017-06-28,35.0,35.33,34.61,35.31,4806115.0
2017-06-29,35.3,35.3,34.09,34.51,8276586.0
2017-06-30,34.78,35.07,34.52,34.92,10845469.0
2017-07-03,35.15,35.3,34.55,34.6,4517402.0
2017-07-05,34.73,34.86,34.5,34.72,7540694.0
2017-07-06,34.39,34.5,33.95,34.03,8600150.0
2017-07-07,34.02,34.55,34.01,34.23,6896570.0
2017-07-10,34.31,35.14,34.28,35.04,8736415.0
2017-07-11,34.97,35.45,34.89,35.19,5742859.0
2017-07-12,35.54,36.2,35.54,36.03,9373849.0
2017-07-13,36.61,37.13,36.26,36.5,8458715.0
2017-07-14,36.91,37.2,36.83,37.08,7004339.0
2017-07-17,37.03,37.17,36.57,37.05,5159081.0
2017-07-18,36.94,36.94,36.57,36.8,8467812.0
2017-07-19,36.95,37.26,36.65,37.08,8817598.0
2017-07-20,37.17,37.48,37.0,37.18,9516721.0
2017-07-21,36.21,36.9,36.05,36.61,13653227.0
2017-07-24,36.45,36.72,36.22,36.39,9867223.0
2017-07-25,36.33,36.41,36.07,36.32,4261255.0
2017-07-26,36.36,37.07,36.36,37.04,7688930.0
2017-07-27,37.09,37.27,35.54,36.17,15288199.0
2017-07-28,35.98,36.2,35.73,35.94,5175804.0
2017-07-31,36.09,36.13,35.65,35.73,6227993.0
2017-08-01,35.82,36.01,35.75,35.91,3250460.0
2017-08-02,35.84,35.95,35.42,35.9,3984188.0
2017-08-03,35.97,35.98,35.58,35.71,3762152.0
2017-08-04,35.86,35.86,35.55,35.62,3580629.0
2017-08-07,35.61,36.15,35.38,36.11,3435627.0
2017-08-08,35.96,36.64,35.89,36.36,6272151.0
2017-08-09,36.13,36.23,35.72,36.08,7888132.0
2017-08-10,35.95,35.98,34.88,34.99,12533840.0
2017-08-11,35.16,35.32,34.77,35.05,7746820.0
2017-08-14,35.44,35.45,34.88,35.2,7192689.0
2017-08-15,35.24,35.42,35.12,35.25,4588469.0
2017-08-16,35.23,35.48,35.07,35.36,3976937.0
2017-08-17,35.5,35.5,34.8,34.85,6698879.0
2017-08-18,34.83,35.14,34.75,34.78,8747216.0
2017-08-21,35.13,35.13,34.09,34.24,8190512.0
2017-08-22,34.37,34.81,34.31,34.81,6177701.0
2017-08-23,34.62,34.98,34.51,34.89,6326628.0
2017-08-24,34.86,35.04,34.51,34.88,5778079.0
2017-08-25,34.98,35.07,34.56,34.68,6885364.0
2017-08-28,34.75,34.9,34.66,34.81,5075346.0
2017-08-29,34.48,35.32,34.42,35.2,7118320.0
2017-08-30,35.14,35.96,35.1,35.69,8288851.0
2017-08-31,35.85,36.32,35.82,36.13,8591090.0
2017-09-01,36.3,36.58,36.15,36.35,5122878.0
2017-09-05,36.19,36.48,35.77,36.09,6315353.0
2017-09-06,36.08,36.98,36.08,36.76,12965891.0
2017-09-07,36.95,38.19,36.84,38.01,14055322.0
2017-09-08,38.04,38.3,37.73,37.79,9075887.0
2017-09-11,38.04,38.26,38.0,38.09,6121966.0
2017-09-12,38.07,38.3,37.98,38.18,4259661.0
2017-09-13,38.0,38.5,38.0,38.27,5622321.0
2017-09-14,38.24,38.59,38.13,38.31,6603771.0
2017-09-15,38.27,38.87,38.07,38.4,11121940.0
2017-09-18,38.3,38.67,38.18,38.39,5636234.0
2017-09-19,38.5,38.75,38.32,38.59,5215295.0
2017-09-20,38.67,38.87,38.21,38.54,6424644.0
2017-09-21,38.55,38.67,38.19,38.25,5715762.0
2017-09-22,38.13,38.31,38.05,38.29,4866093.0
2017-09-25,38.22,38.31,37.54,37.78,7420267.0
2017-09-26,37.85,38.19,37.75,37.85,6132882.0
2017-09-27,38.03,38.29,37.76,38.05,9377650.0
2017-09-28,37.44,37.96,37.44,37.73,7734238.0
2017-09-29,37.73,38.6,37.71,38.46,9964979.0
2017-10-02,38.51,38.78,38.37,38.73,7243776.0
2017-10-03,38.78,39.05,38.49,38.71,5106995.0
2017-10-04,38.8,38.83,38.5,38.66,5630390.0
2017-10-05,38.76,39.04,38.68,38.99,5452499.0
2017-10-06,39.05,39.08,38.67,38.81,7466696.0
2017-10-09,38.8,39.27,38.8,38.99,4984444.0
2017-10-10,39.02,39.28,38.77,38.84,6012662.0
2017-10-11,38.85,38.98,38.17,38.31,11038623.0
2017-10-12,38.31,38.5,38.06,38.09,10045740.0
2017-10-13,38.35,38.53,38.16,38.35,9421796.0
2017-10-16,38.29,38.5,37.73,37.77,8647163.0
2017-10-17,37.76,37.84,37.42,37.49,12012714.0
2017-10-18,37.68,38.22,37.54,37.97,16937767.0
2017-10-19,36.48,37.49,36.19,37.29,29099346.0
2017-10-20,37.34,37.86,37.3,37.61,15105890.0
2017-10-23,37.66,37.85,36.74,36.83,10374258.0
2017-10-24,36.51,37.03,36.51,36.74,8533032.0
2017-10-25,36.66,36.92,36.45,36.68,8030689.0
2017-10-26,36.74,37.24,36.72,36.9,7635246.0
2017-10-27,37.07,37.36,36.64,36.8,10880141.0
2017-10-30,36.86,37.13,36.74,37.0,8118703.0
2017-10-31,37.11,37.68,37.02,37.64,6722841.0
2017-11-01,37.85,38.09,37.44,37.54,7092866.0
2017-11-02,37.49,37.5,37.0,37.4,5350300.0
2017-11-03,37.44,37.55,37.12,37.5,5716924.0
2017-11-06,37.38,37.61,37.3,37.37,4360973.0
2017-11-07,37.6,37.6,37.1,37.41,5646049.0
2017-11-08,37.3,37.37,36.94,37.01,7095229.0
2017-11-09,36.26,36.36,35.21,35.69,17006911.0
2017-11-10,35.51,36.05,35.34,35.97,8329662.0
2017-11-13,35.7,36.1,35.32,35.85,7269042.0
2017-11-14,35.71,35.79,35.18,35.22,11468030.0
2017-11-15,35.03,35.47,34.79,35.3,8120696.0
2017-11-16,35.37,35.82,35.32,35.62,8140193.0
2017-11-17,35.64,35.71,35.31,35.58,7542620.0
2017-11-20,35.62,35.97,35.42,35.53,5981720.0
2017-11-21,35.72,36.11,35.56,35.96,5888580.0
2017-11-22,36.05,36.2,35.84,35.94,4576174.0
2017-11-24,36.07,36.11,35.7,35.84,3123070.0
2017-11-27,35.88,36.2,35.79,35.99,7221698.0
2017-11-28,35.99,36.2,35.42,35.5,11335130.0
2017-11-29,35.42,35.45,33.95,34.38,22063002.0
2017-11-30,34.48,35.19,34.46,34.67,16415238.0
2017-12-01,34.38,35.25,34.31,35.2,11535245.0
2017-12-04,35.58,36.08,35.38,35.7,11130683.0
2017-12-05,35.94,37.19,35.75,36.81,19264542.0
2017-12-06,36.64,36.91,36.36,36.83,9009636.0
2017-12-07,36.72,37.15,36.5,36.85,7625635.0
2017-12-08,37.25,37.99,37.16,37.65,12423558.0
2017-12-11,37.51,37.69,37.32,37.52,7072158.0
2017-12-12,37.44,37.49,37.1,37.44,6314446.0
2017-12-13,37.46,37.64,37.33,37.4,5901802.0
2017-12-14,37.41,37.77,37.41,37.6,5456771.0
2017-12-15,37.72,38.42,37.39,38.37,16277212.0
2017-12-18,38.5,38.66,38.12,38.18,8092119.0
2017-12-19,38.15,38.23,37.72,37.8,7870990.0
2017-12-20,37.87,38.1,37.75,37.93,6551496.0
2017-12-21,38.11,38.24,37.77,37.81,9619687.0
2017-12-22,37.69,37.91,37.53,37.76,7603257.0
2017-12-26,37.79,38.01,37.61,37.94,4537016.0
2017-12-27,38.07,38.08,37.56,37.61,4244081.0
2017-12-28,37.46,37.93,37.45,37.92,3399269.0
2017-12-29,37.82,38.03,37.65,37.74,4652483.0
2018-01-02,38.17,38.36,37.92,38.06,6997345.0
2018-01-03,37.99,39.28,37.9,39.22,9134423.0
2018-01-04,39.42,39.77,38.47,38.57,8958597.0
2018-01-05,38.85,39.84,38.81,39.69,7290369.0
2018-01-08,39.55,40.08,39.44,39.8,9714170.0
2018-01-09,40.1,40.13,39.48,39.53,6215872.0
2018-01-10,38.87,39.02,37.55,37.7,17416485.0
2018-01-11,37.84,37.94,37.46,37.81,11090524.0
2018-01-12,38.0,38.27,37.9,38.02,11992898.0
2018-01-16,38.07,38.25,37.38,37.68,10718774.0
2018-01-17,38.0,38.31,37.75,37.99,12245735.0
2018-01-18,38.21,38.94,38.13,38.74,11113527.0
2018-01-19,38.75,39.02,38.2,38.43,12723975.0
2018-01-22,38.36,39.73,38.33,39.58,10714952.0
2018-01-23,39.59,39.89,39.13,39.77,6944764.0
2018-01-24,39.97,40.71,39.69,39.82,10735965.0
2018-01-25,39.93,40.41,39.86,40.02,9070904.0
2018-01-26,40.31,40.91,39.92,40.89,8522642.0
2018-01-29,40.59,41.07,40.57,40.8,6372823.0
2018-01-30,40.72,41.34,40.19,40.4,9022858.0
2018-01-31,40.48,41.1,40.36,40.58,14509719.0
2018-02-01,45.5,46.99,45.21,46.19,33290622.0
2018-02-02,45.16,46.24,44.23,44.3,19255592.0
2018-02-05,44.02,44.45,42.24,42.37,19100247.0
2018-02-06,41.72,43.1,41.72,42.79,18686071.0
2018-02-07,42.67,43.12,42.23,42.33,11379218.0
2018-02-08,42.5,42.95,41.01,41.02,14996811.0
2018-02-09,41.5,41.98,40.43,41.66,15976151.0
2018-02-12,41.95,42.64,41.64,42.32,11821421.0
2018-02-13,41.99,42.78,41.9,42.15,10415620.0
2018-02-14,41.83,42.67,41.75,42.44,9930132.0
2018-02-15,42.68,43.26,42.23,43.01,10402824.0
2018-02-16,43.16,43.64,42.91,43.34,9396171.0
2018-02-20,43.11,43.79,43.01,43.39,10946998.0
2018-02-21,43.52,43.7,43.06,43.12,10393294.0
2018-02-22,43.16,43.51,42.62,42.83,10575179.0
2018-02-23,43.27,43.79,42.82,43.68,11158729.0
2018-02-26,43.8,44.36,43.65,43.83,6402489.0
2018-02-27,43.82,43.95,43.13,43.15,9243815.0
2018-02-28,43.22,43.42,42.85,42.86,8825210.0
2018-03-01,43.01,43.11,42.05,42.27,8040493.0
2018-03-02,42.6,43.06,42.22,42.95,8070221.0
2018-03-05,42.79,43.55,42.62,43.19,5506131.0
2018-03-06,43.54,43.54,42.96,43.14,5324822.0
2018-03-07,42.97,44.02,42.8,43.93,8126490.0
2018-03-08,44.16,44.3,43.41,43.68,9297793.0
2018-03-09,43.76,43.85,43.34,43.81,7800609.0
2018-03-12,44.03,44.04,43.43,43.9,9189391.0
2018-03-13,44.14,44.22,42.69,42.82,9934861.0
2018-03-14,42.97,43.14,42.65,42.83,11663252.0
2018-03-15,42.82,42.83,42.16,42.59,7598584.0
2018-03-16,42.62,42.74,42.38,42.46,14194922.0
2018-03-19,42.23,42.76,41.72,42.09,9409974.0
2018-03-20,42.08,42.19,41.71,41.96,8000819.0
2018-03-21,41.87,42.13,41.47,41.67,7658117.0
2018-03-22,41.24,41.55,40.56,40.58,10974102.0
2018-03-23,40.57,40.94,39.7,39.71,9244845.0
2018-03-26,40.3,41.06,39.59,41.01,9796936.0
2018-03-27,41.15,41.17,39.98,40.22,11795632.0
2018-03-28,40.13,40.82,39.64,40.11,14336456.0
2018-03-29,40.44,40.83,39.99,40.24,13438323.0
2018-04-02,40.04,40.34,38.9,39.36,7676556.0
2018-04-03,39.47,39.9,39.22,39.61,9671723.0
2018-04-04,39.1,39.91,39.0,39.79,10205773.0
2018-04-05,40.11,40.31,39.61,40.03,6190805.0
2018-04-06,39.66,39.94,39.0,39.09,6019663.0
2018-04-09,39.21,39.55,38.82,38.88,7607474.0
2018-04-10,39.3,39.82,39.14,39.59,7617317.0
2018-04-11,40.41,41.09,39.51,39.83,17644406.0
2018-04-12,40.27,40.89,39.95,40.53,14002474.0
2018-04-13,41.06,41.09,39.8,39.9,7340861.0
2018-04-16,40.22,40.66,39.81,40.19,6629224.0
2018-04-17,40.39,40.8,40.13,40.61,9474509.0
2018-04-18,42.85,42.9,41.15,41.75,19386289.0
2018-04-19,41.53,42.25,41.51,42.11,9700716.0
2018-04-20,42.28,43.0,42.06,42.2,13731605.0
2018-04-23,42.35,42.5,41.49,41.6,8673103.0
2018-04-24,41.85,42.18,40.81,41.18,7316938.0
2018-04-25,41.11,41.28,40.25,40.97,11161166.0
2018-04-26,38.84,39.07,38.09,38.68,21446653.0
2018-04-27,38.68,38.89,37.99,38.23,15960098.0
2018-04-30,38.29,38.62,37.65,37.88,10620362.0
2018-05-01,37.75,37.92,37.42,37.83,7301878.0
2018-05-02,37.83,37.99,37.08,37.18,11027808.0
2018-05-03,37.0,37.76,36.81,37.64,8942680.0
2018-05-04,37.33,38.19,37.21,38.0,6359290.0
2018-05-07,38.08,38.25,37.61,37.8,6773684.0
2018-05-08,37.73,38.14,37.48,38.1,8953040.0
2018-05-09,38.3,38.84,38.18,38.23,9597472.0
2018-05-10,38.39,38.56,38.09,38.5,7215519.0
2018-05-11,38.38,38.76,38.11,38.26,7455910.0
2018-05-14,38.15,38.67,38.15,38.39,7462763.0
2018-05-15,38.12,38.21,37.69,38.08,6747247.0
2018-05-16,38.0,38.57,37.95,38.35,11002589.0
2018-05-17,38.23,38.84,38.23,38.4,6370421.0
2018-05-18,38.3,38.58,38.16,38.32,6736578.0
2018-05-21,38.49,38.82,38.19,38.29,6599255.0
2018-05-22,38.4,38.49,37.69,37.77,9142228.0
2018-05-23,37.61,38.06,37.47,38.04,7347029.0
2018-05-24,38.03,38.24,37.63,37.79,6256208.0
2018-05-25,37.84,38.29,37.8,37.94,8736645.0
2018-05-29,37.73,37.88,37.36,37.53,8306041.0
2018-05-30,37.78,38.12,37.53,37.85,7908718.0
2018-05-31,37.78,37.81,37.18,37.72,10710686.0
2018-06-01,38.06,38.86,37.91,38.34,7831203.0
2018-06-04,38.47,39.13,38.39,39.07,8115338.0
2018-06-05,39.23,40.47,39.22,40.04,11216124.0
2018-06-06,40.07,40.11,39.3,39.95,6986651.0
2018-06-07,40.06,40.86,39.84,40.45,11570738.0
2018-06-08,40.26,40.41,39.91,40.29,6067013.0
2018-06-11,40.27,40.76,40.08,40.49,5208946.0
2018-06-12,40.63,40.75,40.3,40.45,8575069.0
2018-06-13,40.25,40.27,38.87,39.33,14044008.0
2018-06-14,39.52,39.67,38.95,39.0,9353424.0
2018-06-15,38.92,39.01,38.43,38.89,12891615.0
2018-06-18,38.5,39.04,38.34,38.86,10077541.0
2018-06-19,38.32,39.3,38.28,39.18,7190171.0
2018-06-20,39.48,39.54,38.96,39.26,5750482.0
2018-06-21,39.22,39.59,37.86,38.01,11587252.0
2018-06-22,38.07,38.27,37.65,38.09,11808378.0
2018-06-25,37.72,37.75,36.78,37.11,13382642.0
2018-06-26,37.13,37.37,36.78,37.07,12451301.0
2018-06-27,37.02,37.3,36.29,36.3,9898267.0
2018-06-28,36.18,36.37,35.56,36.14,11381234.0
2018-06-29,36.28,36.54,36.13,36.26,6335783.0
2018-07-02,35.91,36.68,35.67,36.67,6144215.0
2018-07-03,36.89,37.21,36.61,36.64,3704025.0
2018-07-05,36.8,37.1,36.5,37.03,4653755.0
2018-07-06,37.2,37.54,36.75,37.39,4188534.0
2018-07-09,37.54,37.93,37.45,37.91,4660709.0
2018-07-10,37.08,37.5,36.99,37.04,11250671.0
2018-07-11,36.93,37.43,36.78,36.98,8442009.0
2018-07-12,37.46,37.78,37.2,37.55,9711482.0
2018-07-13,37.55,37.67,37.13,37.61,7785690.0
2018-07-16,37.66,38.06,37.5,37.73,11576858.0
2018-07-17,37.43,38.15,37.32,37.81,9931208.0
2018-07-18,37.78,38.34,37.62,37.95,15840275.0
2018-07-19,35.17,35.65,33.93,34.11,50978044.0
2018-07-20,34.42,34.91,34.12,34.2,20114021.0
2018-07-23,34.06,34.15,33.49,33.79,15380472.0
2018-07-24,34.02,34.06,33.44,33.52,10916736.0
2018-07-25,33.42,34.04,33.39,33.89,12443032.0
2018-07-26,33.81,34.64,33.76,34.43,9728265.0
2018-07-27,34.63,34.84,33.76,33.81,10161557.0
2018-07-30,33.72,33.96,33.41,33.67,10094010.0
2018-07-31,33.77,33.96,33.33,33.45,9976120.0
2018-08-01,33.35,33.45,32.86,33.09,8981837.0
2018-08-02,33.0,33.4,32.86,33.22,7235683.0
2018-08-03,33.37,33.72,33.17,33.66,7154255.0
2018-08-06,33.66,34.19,33.57,33.99,8118992.0
2018-08-07,34.11,34.21,33.72,33.78,5722302.0
2018-08-08,33.78,33.95,33.63,33.84,5504276.0
2018-08-09,33.86,34.21,33.76,34.15,8115874.0
2018-08-10,33.55,34.46,33.43,34.09,13198530.0
2018-08-13,34.11,34.45,33.87,33.88,7984490.0
2018-08-14,33.91,34.73,33.85,34.4,9201017.0
2018-08-15,34.05,34.1,33.6,33.86,12381546.0
2018-08-16,34.06,34.17,33.64,33.77,8534515.0
2018-08-17,33.82,34.26,33.68,34.01,6982406.0
2018-08-20,34.2,34.34,33.93,34.02,7843878.0
2018-08-21,34.06,34.87,34.03,34.53,9788785.0
2018-08-22,34.41,34.79,34.15,34.7,7463068.0
2018-08-23,34.78,34.89,34.24,34.4,7989400.0
2018-08-24,34.56,34.88,34.46,34.53,5412506.0
2018-08-27,34.62,34.79,34.52,34.58,7464771.0
2018-08-28,34.74,34.79,34.46,34.74,5877598.0
2018-08-29,34.78,35.29,34.75,34.93,5934545.0
2018-08-30,34.84,35.0,34.62,34.8,4985534.0
2018-08-31,34.72,35.06,34.56,34.61,7944075.0
2018-09-04,34.4,34.91,34.36,34.8,6743260.0
2018-09-05,34.64,34.69,34.0,34.13,8820676.0
2018-09-06,34.08,34.32,33.28,33.66,9240091.0
2018-09-07,33.4,34.02,33.14,33.99,6445251.0
2018-09-10,34.14,34.2,33.59,33.71,7787615.0
2018-09-11,33.81,34.21,33.58,34.11,4970617.0
2018-09-12,33.98,34.43,33.75,34.26,6035857.0
2018-09-13,34.43,34.85,34.3,34.44,6716827.0
2018-09-14,34.5,34.55,33.96,34.1,5376353.0
2018-09-17,34.03,34.39,34.02,34.2,6722685.0
2018-09-18,34.21,34.54,34.09,34.12,8724806.0
2018-09-19,34.01,34.37,34.01,34.22,13455592.0
2018-09-20,34.28,34.31,33.83,34.24,15877016.0
2018-09-21,34.32,34.46,33.95,34.04,24874963.0
2018-09-24,33.83,33.95,33.63,33.72,8746536.0
2018-09-25,33.57,33.72,32.6,32.76,20478999.0
2018-09-26,32.71,34.1,32.71,33.58,14006968.0
2018-09-27,33.57,33.75,33.15,33.34,7374820.0
2018-09-28,33.21,33.34,32.73,33.02,8467405.0
2018-10-01,33.1,33.15,32.46,32.51,11990681.0
2018-10-02,32.5,32.78,32.34,32.56,10174295.0
2018-10-03,32.77,33.13,32.71,32.75,11075699.0
2018-10-04,32.66,32.93,32.38,32.63,12293034.0
2018-10-05,32.65,32.73,32.1,32.24,9361103.0
2018-10-08,32.17,33.05,32.1,32.58,8036111.0
2018-10-09,32.56,34.6,32.29,33.28,27415025.0
2018-10-10,33.09,33.18,31.66,31.67,14292209.0
2018-10-11,31.78,31.8,30.76,31.4,14477822.0
2018-10-12,31.92,31.92,31.15,31.72,7910461.0
2018-10-15,31.54,32.15,31.41,31.86,5036362.0
2018-10-16,31.72,32.34,31.71,32.25,7111478.0
2018-10-17,32.23,32.39,31.5,32.02,10845349.0
2018-10-18,31.89,31.99,31.3,31.55,8705346.0
2018-10-19,29.47,29.58,28.37,28.75,39779447.0
2018-10-22,28.47,28.91,28.09,28.49,17677158.0
2018-10-23,27.75,28.36,27.61,28.19,12577530.0
2018-10-24,28.11,28.38,27.24,27.29,16309320.0
2018-10-25,27.66,28.3,27.55,28.06,12239614.0
2018-10-26,27.24,27.92,26.95,27.34,16691760.0
2018-10-29,27.72,27.8,26.36,26.82,18291838.0
2018-10-30,26.9,27.67,26.78,27.42,19994392.0
2018-10-31,29.3,29.49,27.77,29.03,28518053.0
2018-11-01,29.08,30.0,29.0,29.52,18717261.0
2018-11-02,29.52,30.08,29.31,29.87,16427558.0
2018-11-05,29.91,30.06,29.33,29.64,10724207.0
2018-11-06,29.59,30.26,29.46,29.95,12821597.0
2018-11-07,30.09,30.18,29.59,29.86,18347848.0
2018-11-08,29.74,29.97,29.52,29.84,10838106.0
2018-11-09,29.62,29.95,29.58,29.63,8713078.0
2018-11-12,29.58,29.7,28.91,28.96,10966574.0
2018-11-13,28.8,28.8,27.79,28.1,17743869.0
2018-11-14,28.2,28.34,27.87,27.89,12131076.0
2018-11-15,27.8,28.47,27.55,28.17,12345555.0
2018-11-16,28.0,28.35,27.88,28.12,12513735.0
2018-11-19,28.02,28.33,27.8,27.96,11562077.0
2018-11-20,27.7,28.63,27.6,28.16,15882587.0
2018-11-21,28.54,28.76,28.25,28.34,12092786.0
2018-11-23,28.18,29.05,28.18,28.44,7229000.0
2018-11-26,28.8,29.02,28.53,28.8,11017982.0
2018-11-27,28.58,28.88,28.41,28.74,9823531.0
2018-11-28,28.8,29.84,28.71,29.76,22025691.0
2018-11-29,29.57,29.88,29.32,29.52,8839373.0
2018-11-30,29.47,29.88,29.26,29.85,19709502.0
2018-12-03,30.17,30.36,29.82,30.2,18952845.0
2018-12-04,30.06,30.33,29.14,29.26,17330064.0
2018-12-06,28.88,29.54,28.77,29.47,15521784.0
2018-12-07,29.43,29.91,28.91,29.06,11785302.0
2018-12-10,29.16,29.29,28.72,28.98,10646703.0
2018-12-11,29.4,29.55,28.94,29.05,12570801.0
2018-12-12,28.5,29.49,28.25,29.04,12840545.0
2018-12-13,29.2,29.31,28.77,29.02,12261811.0
2018-12-14,28.79,29.14,28.75,28.91,11101090.0
2018-12-17,28.78,29.0,28.36,28.48,16640221.0
2018-12-18,28.56,28.78,28.42,28.5,13869590.0
2018-12-19,28.49,29.23,28.08,28.3,18442282.0
2018-12-20,28.2,28.52,27.58,27.99,21710551.0
2018-12-21,28.02,28.34,26.3,26.58,32178397.0
2018-12-24,26.55,26.92,26.14,26.14,6216092.0
2018-12-26,26.35,27.88,26.01,27.85,11503681.0
2018-12-27,27.48,28.04,27.02,28.03,9769881.0
2018-12-28,28.11,28.64,28.02,28.24,8781004.0
2018-12-31,28.38,28.5,27.89,28.07,7629321.0
2019-01-02,27.65,28.95,27.56,28.85,11190377.0
2019-01-03,28.63,28.82,28.27,28.32,10803896.0
2019-01-04,28.6,29.08,28.33,28.97,14593722.0
2019-01-07,28.96,29.65,28.93,29.47,13419444.0
2019-01-08,29.74,30.08,29.4,30.0,8179686.0
2019-01-09,29.99,30.4,29.74,30.29,10607476.0
2019-01-10,30.13,30.64,30.01,30.57,8741425.0
2019-01-11,30.15,30.54,29.42,30.41,13390884.0
2019-01-14,30.18,30.28,29.99,30.21,7523141.0
2019-01-15,30.3,30.75,30.27,30.67,7154657.0
2019-01-16,30.66,30.7,30.27,30.29,12725717.0
2019-01-17,30.15,30.55,30.06,30.38,12818475.0
2019-01-18,30.61,31.02,30.45,31.0,13839748.0
2019-01-22,34.34,34.75,32.73,32.9,56378653.0
2019-01-23,33.4,33.53,32.46,32.61,19280576.0
2019-01-24,32.7,32.86,32.33,32.65,11974821.0
2019-01-25,32.95,33.76,32.8,33.72,17029714.0
2019-01-28,33.49,34.23,33.4,34.02,22325483.0
2019-01-29,34.37,34.43,33.54,33.69,19304039.0
2019-01-30,33.97,34.32,32.88,34.08,27338550.0
2019-01-31,33.76,33.99,32.77,33.65,24996875.0
2019-02-01,33.75,34.48,33.63,34.31,19113790.0
2019-02-04,34.55,35.2,34.2,35.05,19798506.0
2019-02-05,35.27,35.53,35.07,35.33,13738223.0
2019-02-06,35.12,35.71,35.0,35.48,11339952.0
2019-02-07,35.22,35.39,34.82,35.25,9211019.0
2019-02-08,35.0,35.32,34.91,35.26,10228012.0
2019-02-11,35.48,35.9,35.32,35.59,9638437.0
2019-02-12,35.59,36.27,35.21,36.19,12684831.0
2019-02-13,36.21,36.54,36.16,36.26,7377994.0
2019-02-14,36.04,36.56,35.98,36.32,6874462.0
2019-02-15,36.61,36.83,36.42,36.58,10273127.0
2019-02-19,36.55,37.13,36.46,37.05,12312123.0
2019-02-20,37.02,37.25,36.69,36.74,11698695.0
2019-02-21,36.63,37.13,36.5,36.98,8151634.0
2019-02-22,36.99,37.5,36.97,37.49,6820615.0
2019-02-25,37.75,37.89,37.31,37.34,10147800.0
2019-02-26,37.34,37.55,37.06,37.38,12788049.0
2019-02-27,37.45,38.02,37.28,37.58,10571082.0
2019-02-28,37.5,37.5,37.1,37.15,7462772.0
2019-03-01,38.36,39.14,37.18,37.35,17271812.0
2019-03-04,37.48,37.58,36.7,37.25,11303952.0
2019-03-05,37.2,37.49,37.11,37.12,12174375.0
2019-03-06,37.14,37.54,36.8,36.81,10885498.0
2019-03-07,36.73,36.78,36.08,36.21,14928005.0
2019-03-08,36.02,36.02,35.51,35.89,16417026.0
2019-03-11,35.93,36.34,35.82,36.25,15306371.0
2019-03-12,36.44,36.5,36.11,36.28,10660879.0
2019-03-13,36.3,36.74,36.16,36.46,13247760.0
2019-03-14,36.38,36.62,36.17,36.35,10561015.0
2019-03-15,36.35,36.58,36.02,36.3,24452525.0
2019-03-18,36.31,36.58,36.18,36.27,9328101.0
2019-03-19,36.46,37.2,36.4,36.87,14686923.0
2019-03-20,36.76,36.91,36.57,36.7,11905421.0
2019-03-21,36.74,37.39,36.58,37.2,10661050.0
2019-03-22,37.06,37.44,36.49,36.65,8449254.0
2019-03-25,36.59,36.81,36.28,36.72,5482255.0
2019-03-26,36.92,37.09,36.64,36.9,7926711.0
2019-03-27,36.95,37.09,36.58,36.83,8223030.0
2019-03-28,36.92,37.43,36.62,36.78,9806831.0
2019-03-29,36.95,37.17,36.87,37.14,8636432.0
2019-04-01,37.41,37.77,37.36,37.68,6664123.0
2019-04-02,37.8,38.18,37.62,37.92,7396528.0
2019-04-03,38.18,38.24,37.86,37.99,10033512.0
2019-04-04,37.88,38.18,37.83,38.05,6372561.0
2019-04-05,38.11,38.33,37.74,37.84,7907443.0
2019-04-08,37.79,37.99,37.7,37.81,6982766.0
2019-04-09,37.64,37.86,37.47,37.75,7140801.0
2019-04-10,37.86,37.86,37.46,37.72,7057609.0
2019-04-11,37.63,37.63,35.89,36.32,19483275.0
2019-04-12,36.59,36.72,35.99,36.17,14267358.0
2019-04-15,36.25,36.47,36.02,36.23,9688267.0
2019-04-16,36.34,36.57,36.28,36.39,7046383.0
2019-04-17,36.46,36.75,35.72,35.97,12860194.0
2019-04-18,36.09,36.18,35.45,35.98,12334982.0
2019-04-22,35.92,36.23,35.61,36.15,7244033.0
2019-04-23,36.07,36.79,36.04,36.67,14144336.0
2019-04-24,38.0,38.75,37.56,38.52,21206362.0
2019-04-25,38.36,38.51,37.74,38.11,7937325.0
2019-04-26,38.25,38.49,38.02,38.36,9212020.0
2019-04-29,38.35,38.38,37.88,38.25,8028090.0
2019-04-30,38.27,38.8,37.96,38.75,8321444.0
2019-05-01,38.78,38.94,37.77,37.8,9686451.0
2019-05-02,37.79,38.18,37.53,37.59,10378425.0
2019-05-03,37.95,38.3,37.86,38.28,8774970.0
2019-05-06,37.64,38.06,37.59,37.88,6504651.0
2019-05-07,37.61,37.85,37.36,37.68,7808465.0
2019-05-08,37.68,37.74,37.29,37.54,5943712.0
2019-05-09,37.25,37.85,36.96,37.62,6454660.0
2019-05-10,37.48,37.58,36.71,37.38,8920146.0
2019-05-13,36.55,36.74,35.73,35.87,12425770.0
2019-05-14,35.95,37.26,35.87,36.8,11137758.0
2019-05-15,36.63,37.18,36.52,37.04,7461392.0
2019-05-16,37.14,37.64,37.04,37.27,8123298.0
2019-05-17,36.89,37.27,36.6,36.9,9273574.0
2019-05-20,36.5,36.95,36.41,36.56,7379334.0
2019-05-21,36.71,36.87,36.44,36.58,6438583.0
2019-05-22,36.47,36.59,36.13,36.31,7066420.0
2019-05-23,36.06,36.29,35.59,35.95,8753715.0
2019-05-24,36.14,36.38,35.81,36.13,5298801.0
2019-05-28,36.23,36.68,36.14,36.22,7201460.0
2019-05-29,35.96,36.23,35.79,36.1,7874254.0
2019-05-30,36.09,36.7,35.98,36.38,6489999.0
2019-05-31,36.03,36.14,35.74,35.93,7261440.0
2019-06-03,35.85,36.09,35.45,35.62,9491601.0
2019-06-04,35.87,36.81,35.85,36.54,10785043.0
2019-06-05,36.86,36.87,36.04,36.56,11404132.0
2019-06-06,36.55,36.82,36.45,36.81,5982333.0
2019-06-07,36.93,38.0,36.91,37.51,11904964.0
2019-06-10,37.66,38.4,37.55,38.12,8884296.0
2019-06-11,38.41,38.59,37.85,38.23,7350496.0
2019-06-12,38.1,39.06,38.03,39.02,9266594.0
2019-06-13,39.12,39.44,38.93,39.0,9103250.0
2019-06-14,39.14,39.32,38.86,38.91,7550088.0
2019-06-17,38.94,39.32,38.72,39.01,11564729.0
2019-06-18,39.4,39.93,39.24,39.67,9352761.0
2019-06-19,39.78,40.22,39.6,40.13,6520006.0
2019-06-20,40.54,40.55,39.88,39.92,11852507.0
2019-06-21,39.92,40.21,39.63,40.05,20769630.0
2019-06-24,40.02,40.18,39.64,39.71,7365644.0
2019-06-25,39.78,39.78,38.92,39.02,7833964.0
2019-06-26,39.13,39.37,39.05,39.2,4739356.0
2019-06-27,39.35,39.58,39.26,39.29,8254170.0
2019-06-28,39.33,39.56,39.11,39.5,14763704.0
2019-07-01,39.97,39.99,39.58,39.89,4899965.0
2019-07-02,39.91,40.19,39.71,40.08,6368225.0
2019-07-03,40.13,40.23,39.85,39.9,3419538.0
2019-07-05,39.76,40.0,39.46,39.8,3862422.0
2019-07-08,39.71,39.8,39.4,39.54,5477034.0
2019-07-09,39.58,39.98,39.52,39.94,5962887.0
2019-07-10,40.19,40.38,39.66,40.01,5443745.0
2019-07-11,39.86,39.94,39.28,39.6,5831175.0
2019-07-12,39.7,40.1,39.6,40.06,5286824.0
2019-07-15,40.09,40.32,39.74,40.27,5660356.0
2019-07-16,40.11,40.17,39.63,39.92,7612411.0
2019-07-17,39.99,41.11,38.93,39.03,15260644.0
2019-07-18,41.11,42.0,39.02,39.77,27081621.0
2019-07-19,39.85,40.33,39.47,40.21,13045768.0
2019-07-22,40.26,41.07,40.18,40.67,9627440.0
2019-07-23,40.88,41.16,40.68,41.03,8740457.0
2019-07-24,40.87,41.18,40.79,41.03,6391613.0
2019-07-25,41.04,41.15,40.74,40.81,5249386.0
2019-07-26,40.93,41.39,40.82,41.23,8385628.0
2019-07-29,41.28,41.65,41.12,41.57,7852000.0
2019-07-30,41.3,41.5,41.07,41.38,6328012.0
2019-07-31,41.38,41.54,40.63,41.19,8815028.0
2019-08-01,41.36,41.99,40.78,41.1,10690214.0
2019-08-02,40.9,40.96,40.26,40.58,6246396.0
2019-08-05,40.0,40.16,38.54,38.81,7702842.0
2019-08-06,39.21,39.73,38.88,39.69,8461717.0
2019-08-07,39.22,39.81,38.85,39.72,5576542.0
2019-08-08,40.0,41.26,39.96,41.25,6915770.0
2019-08-09,41.0,41.08,40.19,40.31,6291080.0
2019-08-12,39.97,40.05,39.42,39.74,4205152.0
2019-08-13,39.91,41.03,39.83,40.98,5647647.0
2019-08-14,40.09,40.38,39.55,39.64,7416406.0
2019-08-15,39.9,39.96,39.05,39.44,6706491.0
2019-08-16,39.81,40.07,39.63,40.02,4209567.0
2019-08-19,40.56,40.79,40.32,40.39,6552088.0
2019-08-20,40.24,40.35,39.98,40.03,5346847.0
2019-08-21,40.47,40.53,40.23,40.38,5555363.0
2019-08-22,40.56,40.57,39.8,40.0,4950325.0
2019-08-23,39.78,39.79,38.55,38.7,7527036.0
2019-08-26,39.14,39.42,38.9,39.4,6570428.0
2019-08-27,39.51,39.76,38.71,39.0,9124907.0
2019-08-28,38.87,40.26,38.78,40.09,10721240.0
2019-08-29,40.51,40.81,40.28,40.53,7188226.0
2019-08-30,40.73,40.74,40.18,40.29,4472721.0
2019-09-03,40.05,40.38,39.61,39.74,5513770.0
2019-09-04,39.67,39.88,39.03,39.64,7488684.0
2019-09-05,40.02,40.86,39.94,40.8,7084035.0
2019-09-06,40.94,41.08,40.34,40.37,5724017.0
2019-09-09,40.53,41.41,40.4,41.4,9029084.0
2019-09-10,41.05,41.19,40.03,40.27,6707584.0
2019-09-11,40.18,40.26,39.68,39.9,6195900.0
2019-09-12,40.16,40.54,39.95,40.29,4927009.0
2019-09-13,40.41,40.8,40.21,40.37,5438070.0
2019-09-16,39.75,40.39,39.67,40.3,5754402.0
2019-09-17,40.18,40.66,39.83,40.53,6383044.0
2019-09-18,40.53,40.62,39.78,40.36,4327600.0
2019-09-19,40.4,40.8,40.33,40.4,4012018.0
2019-09-20,40.55,40.87,40.14,40.36,12835199.0
2019-09-23,40.37,40.48,40.02,40.24,5663563.0
2019-09-24,40.38,40.68,39.46,39.56,7451831.0
2019-09-25,38.92,39.5,38.35,39.24,12297111.0
2019-09-26,39.09,39.48,38.86,38.93,7378772.0
2019-09-27,38.71,38.89,38.1,38.37,10701092.0
2019-09-30,38.57,39.05,38.41,38.98,6208030.0
2019-10-01,38.99,39.47,38.47,38.54,6826745.0
2019-10-02,38.35,38.57,37.99,38.17,6425347.0
2019-10-03,38.05,38.05,37.45,37.95,7239521.0
2019-10-04,38.09,38.38,37.96,38.31,4621488.0
2019-10-07,38.04,38.19,37.76,37.82,6107767.0
2019-10-08,37.47,37.73,37.23,37.32,7170395.0
2019-10-09,37.62,38.0,37.52,37.85,6812376.0
2019-10-10,37.77,38.26,37.76,37.93,7762988.0
2019-10-11,38.43,38.99,38.43,38.55,5067569.0
2019-10-14,38.54,38.63,38.34,38.36,6924194.0
2019-10-15,38.37,39.04,38.35,38.88,4813847.0
2019-10-16,38.64,39.19,38.59,38.92,5319495.0
2019-10-17,39.16,39.38,38.99,39.09,5693739.0
2019-10-18,39.21,39.35,38.74,38.82,6274307.0
2019-10-21,38.96,39.3,38.92,39.26,5136999.0
2019-10-22,39.23,39.36,38.88,38.94,5328739.0
2019-10-23,38.67,39.33,38.36,39.2,7052283.0
2019-10-24,35.77,36.65,35.19,35.62,19671708.0
2019-10-25,35.55,36.0,35.4,35.84,14034397.0
2019-10-28,35.82,36.25,35.82,35.94,7941681.0
2019-10-29,35.9,36.27,35.72,36.11,8275441.0
2019-10-30,36.15,36.19,35.69,35.86,5435336.0
2019-10-31,35.69,35.86,35.13,35.25,6921493.0
2019-11-01,35.5,35.59,35.09,35.25,8236505.0
2019-11-04,35.25,35.52,35.21,35.41,7120136.0
2019-11-05,35.5,35.76,35.31,35.48,6434748.0
2019-11-06,35.63,35.67,35.27,35.5,9225831.0
2019-11-07,35.51,35.62,34.78,34.89,10966158.0
2019-11-08,34.74,35.26,34.68,35.14,10562742.0
2019-11-11,35.02,35.31,34.93,35.25,3930645.0
2019-11-12,35.29,35.37,34.97,35.07,6182621.0
2019-11-13,34.85,34.93,34.54,34.64,6247251.0
2019-11-14,34.56,35.1,34.52,34.96,6029214.0
2019-11-15,35.38,35.58,35.19,35.27,6301985.0
2019-11-18,35.14,35.4,35.0,35.1,7639316.0
2019-11-19,35.22,35.41,34.98,35.06,5307077.0
2019-11-20,35.02,35.25,34.74,34.86,9520393.0
2019-11-21,34.92,35.15,34.85,34.94,5660379.0
2019-11-22,34.96,35.23,34.77,35.12,6165853.0
2019-11-25,36.49,36.53,35.34,35.85,14172563.0
2019-11-26,35.68,35.9,35.42,35.75,8246489.0
2019-11-27,35.8,36.02,35.69,35.85,7535829.0
2019-11-29,35.69,35.86,35.46,35.52,3128855.0
2019-12-02,35.45,35.62,34.81,34.9,10174590.0
2019-12-03,34.6,34.91,34.46,34.75,7318011.0
2019-12-04,34.81,35.24,34.81,34.97,7518066.0
2019-12-05,34.94,35.09,34.77,34.79,8119382.0
2019-12-06,35.13,35.22,34.83,34.86,6547894.0
2019-12-09,34.85,34.92,34.56,34.57,7837303.0
2019-12-10,34.67,35.0,34.66,34.72,6291143.0
2019-12-11,34.7,34.99,34.68,34.92,7420758.0
2019-12-12,34.86,35.46,34.86,35.31,5800325.0
2019-12-13,35.36,35.77,35.26,35.48,6952181.0
2019-12-16,35.57,35.77,35.39,35.4,7241116.0
2019-12-17,35.44,35.95,35.27,35.9,13049151.0
2019-12-18,35.84,35.92,35.33,35.64,12129157.0
2019-12-19,35.52,36.12,35.52,36.04,7660208.0
2019-12-20,36.02,36.34,35.92,36.19,17421648.0
2019-12-23,36.22,36.49,36.17,36.21,5397941.0
2019-12-24,36.21,36.29,36.1,36.21,2129229.0
2019-12-26,36.35,36.52,36.19,36.25,4082735.0
2019-12-27,36.39,36.4,36.0,36.07,6606893.0
2019-12-30,36.17,36.21,35.71,35.8,6535824.0
2019-12-31,35.81,36.12,35.54,36.11,7437718.0
2020-01-02,36.41,36.5,36.14,36.3,4979348.0
2020-01-03,35.92,36.1,35.78,35.96,3960887.0
2020-01-06,35.78,35.82,35.46,35.78,5866016.0
2020-01-07,35.67,35.7,35.35,35.62,6868280.0
2020-01-08,35.71,36.08,35.57,35.6,6072582.0
2020-01-09,35.14,35.45,34.97,35.18,10787739.0
2020-01-10,35.21,35.23,34.79,34.89,5664374.0
2020-01-13,34.85,34.89,34.56,34.73,7988734.0
2020-01-14,34.67,35.37,34.51,35.35,7227472.0
2020-01-15,35.43,35.72,35.05,35.33,10966043.0
2020-01-16,35.39,36.0,35.27,35.92,6955922.0
2020-01-17,35.32,35.9,35.28,35.82,12082467.0
2020-01-21,35.6,35.86,35.47,35.72,6925480.0
2020-01-22,35.81,36.07,35.63,35.89,8023517.0
2020-01-23,35.82,35.98,35.55,35.61,7980240.0
2020-01-24,35.79,35.79,35.1,35.36,9243579.0
2020-01-27,34.79,35.74,34.75,35.48,10529174.0
2020-01-28,35.61,36.45,35.49,36.21,15161775.0
2020-01-29,35.06,35.53,34.35,34.58,21463618.0
2020-01-30,34.36,35.14,34.25,35.06,12420060.0
2020-01-31,34.86,35.03,33.53,33.56,18541265.0
2020-02-03,33.75,34.53,33.71,34.39,14939947.0
2020-02-04,35.1,39.25,34.33,37.41,46298187.0
2020-02-05,36.86,37.45,36.61,37.13,25896732.0
2020-02-06,37.73,39.04,37.53,38.0,24981566.0
2020-02-07,35.83,36.87,35.8,36.2,18990660.0
2020-02-10,36.18,36.23,35.49,36.02,11638086.0
2020-02-11,36.2,36.68,36.06,36.44,9380297.0
2020-02-12,36.64,37.5,36.61,37.15,11499278.0
2020-02-13,37.05,37.27,36.7,37.19,7317878.0
2020-02-14,37.57,38.23,37.31,38.14,10998700.0
2020-02-18,38.28,38.63,37.76,37.87,15224169.0
2020-02-19,38.03,38.05,37.52,37.53,7598473.0
2020-02-20,37.34,37.87,37.22,37.69,8940335.0
2020-02-21,37.34,38.94,37.15,38.2,14697287.0
2020-02-24,37.63,37.87,36.97,37.26,18961746.0
2020-02-25,37.31,37.63,36.39,36.46,15856600.0
2020-02-26,36.81,37.18,36.42,36.69,11918253.0
2020-02-27,36.15,36.45,35.01,35.04,16142639.0
2020-02-28,34.09,34.77,33.71,34.64,16824887.0
2020-03-02,34.62,35.97,34.28,35.96,13131255.0
2020-03-03,35.73,37.42,35.66,36.72,18838655.0
2020-03-04,37.32,38.54,37.14,38.49,13445437.0
2020-03-05,37.48,38.22,37.07,37.22,11816775.0
2020-03-06,35.71,36.79,35.59,36.39,12849857.0
2020-03-09,34.02,36.13,33.64,35.52,15593959.0
2020-03-10,36.49,36.61,35.0,36.04,15419023.0
2020-03-11,35.15,35.74,34.36,34.83,13056788.0
2020-03-12,32.74,35.04,32.51,33.03,17224840.0
2020-03-13,34.55,34.81,32.99,33.99,20972148.0
2020-03-16,30.88,33.35,30.58,32.24,17099763.0
2020-03-17,32.76,33.94,32.32,33.28,14020415.0
2020-03-18,31.62,32.86,30.2,31.3,20304824.0
2020-03-19,31.47,31.49,29.45,29.6,19461376.0
2020-03-20,29.5,30.2,27.2,27.58,24947130.0
2020-03-23,27.25,27.64,26.02,26.34,18502766.0
2020-03-24,27.37,27.88,26.24,27.67,24055034.0
2020-03-25,27.66,29.48,27.12,28.37,18486127.0
2020-03-26,28.48,30.27,28.48,30.16,14334084.0
2020-03-27,29.53,30.87,29.38,30.18,14183240.0
2020-03-30,30.62,31.54,30.02,31.19,14951994.0
2020-03-31,31.03,31.18,29.94,30.06,15868732.0
2020-04-01,29.34,29.75,28.48,28.78,14341767.0
2020-04-02,28.32,29.41,28.3,29.19,12007125.0
2020-04-03,29.15,29.67,28.8,29.41,10869248.0
2020-04-06,30.67,31.32,30.28,31.18,14731910.0
2020-04-07,32.08,32.22,31.56,31.62,10602487.0
2020-04-08,31.85,33.08,31.8,33.01,12044505.0
2020-04-09,33.4,34.1,33.37,33.83,13558596.0
2020-04-13,34.29,35.08,33.96,34.76,13792283.0
2020-04-14,35.45,35.98,35.27,35.74,14583117.0
2020-04-15,35.31,36.41,35.08,36.19,10651525.0
2020-04-16,36.53,37.37,36.29,37.22,11205781.0
2020-04-17,37.45,37.64,36.99,37.46,15513645.0
2020-04-20,37.47,38.32,37.28,37.64,12664002.0
2020-04-21,37.51,38.23,37.31,37.61,12259562.0
2020-04-22,38.15,38.48,37.92,38.25,9823860.0
2020-04-23,38.46,38.84,37.66,37.91,15276074.0
2020-04-24,38.85,39.53,38.27,39.35,16896109.0
2020-04-27,40.04,40.36,39.56,39.63,11090183.0
2020-04-28,39.59,39.9,38.91,39.08,16170408.0
2020-04-29,39.45,39.75,38.84,39.03,17989643.0
2020-04-30,37.63,39.96,37.55,39.83,18279465.0
2020-05-01,38.78,39.47,38.34,39.25,13894682.0
2020-05-04,39.28,39.87,39.06,39.83,10220295.0
2020-05-05,39.92,40.76,39.77,40.32,12414258.0
2020-05-06,40.64,41.09,40.19,40.95,11026376.0
2020-05-07,41.27,41.61,41.06,41.37,12589041.0
2020-05-08,41.7,42.44,41.7,42.15,8946445.0
2020-05-11,41.88,42.43,41.6,42.13,13731878.0
2020-05-12,42.24,42.86,41.78,42.0,9548369.0
2020-05-13,41.78,42.38,41.05,41.58,11042147.0
2020-05-14,41.31,42.09,40.81,42.04,11165410.0
2020-05-15,41.46,42.47,41.38,42.11,13183200.0
2020-05-18,42.6,42.9,42.33,42.5,8882200.0
2020-05-19,42.46,43.18,42.39,42.4,13574025.0
2020-05-20,43.0,43.34,42.44,42.71,9282465.0
2020-05-21,42.75,42.93,42.24,42.47,8281748.0
2020-05-22,42.25,43.5,42.21,43.45,9879658.0
2020-05-26,43.99,44.28,43.31,43.36,9548905.0
2020-05-27,43.3,44.18,42.86,44.15,8706456.0
2020-05-28,44.14,44.98,44.01,44.23,12476814.0
2020-05-29,44.3,45.65,43.88,45.54,18741857.0
2020-06-01,45.4,45.97,45.01,45.2,8934883.0
2020-06-02,45.24,46.23,45.14,45.98,9959126.0
2020-06-03,46.35,46.72,46.08,46.45,7599225.0
2020-06-04,51.34,51.88,48.8,49.36,32274632.0
2020-06-05,49.24,49.7,48.24,48.82,16332639.0
2020-06-08,48.3,49.05,47.84,48.72,12182638.0
2020-06-09,48.87,50.0,48.57,49.75,9699811.0
2020-06-10,50.25,50.34,49.07,49.25,10545920.0
2020-06-11,49.43,49.82,47.69,47.94,10563926.0
2020-06-12,48.39,48.83,46.85,47.66,10056507.0
2020-06-15,46.94,48.12,46.64,47.89,12466094.0
2020-06-16,48.49,48.73,47.54,48.12,9643795.0
2020-06-17,48.26,49.1,48.21,48.43,9692410.0
2020-06-18,48.55,49.09,48.18,48.44,11344046.0
2020-06-19,48.73,48.95,47.42,48.29,36555733.0
2020-06-22,48.34,49.32,48.01,49.16,9223483.0
2020-06-23,49.59,50.32,49.1,49.8,12289349.0
2020-06-24,49.8,50.45,48.65,48.77,13009019.0
2020-06-25,48.72,49.54,48.41,49.4,10268723.0
2020-06-26,50.89,51.28,50.08,50.89,17762356.0
2020-06-29,51.07,51.34,50.12,51.31,8933915.0
2020-06-30,51.42,52.75,51.32,52.45,10559861.0
2020-07-01,52.71,53.43,51.32,52.96,12880203.0
2020-07-02,53.59,54.88,53.55,54.36,8468403.0
2020-07-06,55.49,56.97,54.94,56.17,9889263.0
2020-07-07,55.95,57.55,55.93,57.0,10641778.0
2020-07-08,57.35,58.46,57.16,58.27,11127232.0
2020-07-09,58.73,60.53,58.52,59.22,15414554.0
2020-07-10,59.35,59.89,58.12,59.27,11750741.0
2020-07-13,60.29,61.06,57.89,58.3,13128061.0
2020-07-14,57.75,59.29,57.28,59.08,10053987.0
2020-07-15,58.82,59.13,57.24,58.39,10724819.0
2020-07-16,57.9,58.92,57.9,58.65,7231169.0
2020-07-17,58.93,59.11,57.78,58.13,6629608.0
2020-07-20,58.71,58.8,57.77,58.47,6417149.0
2020-07-21,59.08,59.55,55.69,56.59,18075505.0
2020-07-22,56.67,57.43,56.13,56.34,9139768.0
2020-07-23,56.44,56.82,54.86,55.15,9819226.0
2020-07-24,55.02,55.36,54.04,55.12,6509620.0
2020-07-27,55.73,57.38,55.53,57.23,7820682.0
2020-07-28,57.11,57.34,56.11,56.35,11066834.0
2020-07-29,55.19,56.04,53.66,54.53,14250514.0
2020-07-30,54.0,54.94,53.73,54.72,8018272.0
2020-07-31,55.06,55.83,54.33,55.28,8942293.0
2020-08-03,55.69,56.82,55.57,56.57,8830726.0
2020-08-04,56.27,56.78,55.78,56.33,6120688.0
2020-08-05,56.47,56.93,55.98,56.66,6974308.0
2020-08-06,55.99,56.53,54.84,55.08,8657472.0
2020-08-07,55.34,55.92,54.78,55.21,6369480.0
2020-08-10,55.22,55.29,54.02,54.37,6268438.0
2020-08-11,54.21,55.64,53.7,54.29,9325542.0
2020-08-12,54.4,56.2,54.39,55.49,6977569.0
2020-08-13,55.6,57.06,55.6,56.28,8206341.0
2020-08-14,56.53,57.6,55.87,56.29,6253189.0
2020-08-17,56.69,57.57,56.3,57.35,5689921.0
2020-08-18,57.57,57.88,56.94,57.03,4807090.0
2020-08-19,57.15,58.38,57.03,57.71,7208619.0
2020-08-20,57.6,58.06,57.16,57.66,6458353.0
2020-08-21,57.86,59.06,57.51,58.21,6784603.0
2020-08-24,58.46,58.96,58.06,58.78,6053230.0
2020-08-25,58.51,58.89,58.02,58.05,4983189.0
2020-08-26,57.96,58.66,57.38,58.58,6498770.0
2020-08-27,58.92,58.92,56.2,56.31,8112935.0
2020-08-28,56.26,56.26,54.05,54.27,12445465.0
2020-08-31,54.0,54.91,53.57,54.78,13417201.0
2020-09-01,54.95,55.23,53.37,53.65,10127517.0
2020-09-02,53.89,55.23,53.51,55.09,10896258.0
2020-09-03,54.64,55.42,52.59,53.16,10157677.0
2020-09-04,52.82,53.33,50.95,52.54,9971559.0
2020-09-08,51.17,52.66,50.97,51.53,12745061.0
2020-09-09,52.03,53.71,51.71,53.44,8912076.0
2020-09-10,53.72,54.6,52.03,52.32,7080713.0
2020-09-11,52.33,53.08,52.1,52.77,7224692.0
2020-09-14,53.29,53.58,52.21,52.3,7417759.0
2020-09-15,52.68,52.99,51.64,51.78,7749957.0
2020-09-16,51.78,52.25,50.29,50.42,9394266.0
2020-09-17,49.36,49.44,47.44,48.64,15676173.0
2020-09-18,49.0,49.24,48.08,48.61,10017383.0
2020-09-21,47.93,50.24,47.73,50.14,9097420.0
2020-09-22,50.64,51.04,49.83,50.92,6906312.0
2020-09-23,51.15,51.46,50.42,50.68,6502950.0
2020-09-24,50.22,52.17,50.04,51.78,8182495.0
2020-09-25,51.97,52.73,51.18,52.48,6852738.0
2020-09-28,53.2,54.36,53.1,54.04,6507170.0
2020-09-29,53.95,54.3,52.59,52.65,7029265.0
2020-09-30,52.98,53.62,51.51,52.1,9083931.0
2020-10-01,52.37,52.86,52.0,52.38,6659601.0
2020-10-02,51.61,52.43,51.19,51.68,5456738.0
2020-10-05,51.94,52.11,51.15,51.77,4954659.0
2020-10-06,51.91,51.91,49.49,49.66,8824842.0
2020-10-07,50.55,51.11,49.98,50.94,6016408.0
2020-10-08,51.3,52.18,50.98,52.08,6746756.0
2020-10-09,52.43,55.86,52.32,55.45,12658343.0
2020-10-12,56.2,56.2,54.53,55.38,8092165.0
2020-10-13,55.55,57.82,55.4,57.59,7445692.0
2020-10-14,57.79,58.34,56.43,56.46,7515293.0
2020-10-15,55.79,56.11,54.86,55.4,6275916.0
2020-10-16,55.33,56.44,55.19,55.83,6167192.0
2020-10-19,56.43,56.9,53.92,54.32,6721190.0
2020-10-20,54.42,55.13,54.03,54.2,6407653.0
2020-10-21,54.29,54.48,52.63,52.82,6557416.0
2020-10-22,52.59,52.72,51.57,52.29,5166576.0
2020-10-23,52.47,53.95,52.47,53.79,5734656.0
2020-10-26,53.49,53.95,52.28,53.34,6597303.0
2020-10-27,53.39,53.84,53.0,53.55,4613049.0
2020-10-28,52.87,54.1,52.38,53.25,9717182.0
2020-10-29,49.3,50.8,48.03,49.28,22526778.0
2020-10-30,48.77,49.14,46.99,47.63,12566223.0
2020-11-02,48.19,49.34,47.21,47.87,10765800.0
2020-11-03,48.0,49.38,47.61,48.92,8909545.0
2020-11-04,49.47,49.64,47.56,47.82,16562125.0
2020-11-05,48.71,49.95,48.47,49.41,10325154.0
2020-11-06,49.7,51.17,49.05,50.69,10244436.0
2020-11-09,48.0,49.25,46.85,48.32,19388023.0
2020-11-10,47.55,47.64,45.36,46.54,15521805.0
2020-11-11,47.17,48.1,46.81,47.71,13142276.0
2020-11-12,48.13,48.17,46.4,46.59,10267543.0
2020-11-13,46.9,48.72,46.72,48.67,12084765.0
2020-11-16,48.45,49.17,48.01,48.55,14933349.0
2020-11-17,48.37,48.9,47.96,48.33,9892613.0
2020-11-18,48.07,49.46,48.07,48.53,12734060.0
2020-11-19,48.65,50.05,48.56,49.78,12012193.0
2020-11-20,49.8,49.88,48.96,48.99,10521533.0
2020-11-23,49.18,50.34,49.1,49.9,9421401.0
2020-11-24,49.92,51.29,49.83,50.53,7223267.0
2020-11-25,50.75,51.03,50.05,50.45,4438875.0
2020-11-27,50.94,51.93,50.9,51.34,3604040.0
2020-11-30,51.03,51.23,49.36,50.43,10743230.0
2020-12-01,50.5,51.46,50.18,50.52,7161528.0
2020-12-02,50.52,51.54,50.36,51.35,9281900.0
2020-12-03,51.25,51.3,50.11,50.29,5354235.0
2020-12-04,50.03,51.19,49.64,50.97,4791038.0
2020-12-07,50.91,51.01,49.91,50.03,5132246.0
2020-12-08,49.91,50.23,49.28,49.89,7091510.0
2020-12-09,49.96,50.18,49.22,49.5,6794469.0
2020-12-10,49.4,49.84,48.93,49.6,4344046.0
2020-12-11,49.44,49.61,48.67,49.13,4549638.0
2020-12-14,49.23,50.5,49.23,49.57,9127370.0
2020-12-15,49.96,52.1,49.69,52.08,7780397.0
2020-12-16,52.16,54.89,52.16,53.65,12846706.0
2020-12-17,53.63,53.96,52.44,53.05,6195674.0
2020-12-18,53.1,53.26,52.4,53.06,10943142.0
2020-12-21,52.62,52.68,51.17,51.57,6082303.0
2020-12-22,51.71,52.02,51.08,51.62,6216128.0
2020-12-23,52.0,52.0,51.13,51.13,4739607.0
2020-12-24,51.23,51.24,49.94,50.12,2718524.0
2020-12-28,50.5,50.55,49.93,50.24,6187361.0
2020-12-29,50.65,51.11,50.3,50.86,4796748.0
2020-12-30,51.02,51.51,50.47,50.55,8618922.0
2020-12-31,50.61,50.81,50.0,50.25,3597307.0
2021-01-04,50.48,51.9,50.45,51.5,7842746.0
2021-01-05,51.35,52.28,51.06,52.03,10002445.0
2021-01-06,51.5,54.29,51.4,53.22,9911363.0
2021-01-07,53.42,54.23,53.01,53.06,7349028.0
2021-01-08,53.37,54.55,53.23,54.48,6298601.0
2021-01-11,54.18,54.41,53.47,53.93,6956310.0
2021-01-12,53.98,56.71,53.88,56.04,11825910.0
2021-01-13,55.78,56.37,55.36,55.71,8185101.0
2021-01-14,55.83,55.83,54.98,55.27,6937900.0
2021-01-15,55.29,55.71,54.31,55.42,9710614.0
2021-01-19,55.55,57.2,55.44,56.98,8942429.0
2021-01-20,57.3,57.54,56.12,56.17,4798203.0
2021-01-21,56.3,56.47,55.32,56.4,5265856.0
2021-01-22,56.2,56.57,55.64,56.46,3317167.0
2021-01-25,57.0,58.38,56.82,57.25,9818939.0
2021-01-26,57.09,59.31,56.97,59.17,8394659.0
2021-01-27,58.64,60.55,58.05,58.35,10645108.0
2021-01-28,58.0,58.86,55.94,56.44,11679605.0
2021-01-29,56.22,57.58,55.31,56.51,10923293.0
2021-02-01,56.83,58.7,56.65,58.47,7476223.0
2021-02-02,58.51,58.78,57.1,57.33,8580889.0
2021-02-03,58.1,58.8,57.67,58.04,10673271.0
2021-02-04,63.96,64.85,60.67,61.12,29410671.0
2021-02-05,61.16,62.82,60.24,62.23,12711706.0
2021-02-08,62.6,64.06,62.56,63.84,9787868.0
2021-02-09,63.87,63.91,62.12,62.23,5036384.0
2021-02-10,62.55,63.22,61.76,62.32,4470858.0
2021-02-11,62.6,62.98,61.67,62.31,3660146.0
2021-02-12,62.05,63.19,61.94,63.01,5621774.0
2021-02-16,63.98,64.0,62.82,62.87,5559754.0
2021-02-17,62.58,63.24,62.05,63.05,4179424.0
2021-02-18,62.7,63.35,62.22,62.8,5963760.0
2021-02-19,63.19,63.36,61.87,61.98,5462514.0
2021-02-22,62.1,62.29,60.96,61.56,5252920.0
2021-02-23,60.68,61.73,59.82,61.37,5826485.0
2021-02-24,60.99,61.05,58.83,59.38,8049950.0
2021-02-25,59.4,59.97,56.85,56.98,7868324.0
2021-02-26,57.34,57.66,56.25,56.42,9013997.0
2021-03-01,57.1,58.7,56.53,58.48,6154507.0
2021-03-02,58.64,58.66,56.89,56.99,7646674.0
2021-03-03,56.73,56.95,54.48,54.6,11055547.0
2021-03-04,54.47,54.89,52.46,53.34,9940351.0
2021-03-05,53.88,54.12,51.51,53.76,8395102.0
2021-03-08,53.87,55.19,53.45,53.49,7622111.0
2021-03-09,54.6,56.97,54.32,56.17,8406976.0
2021-03-10,56.78,56.78,54.53,55.34,7202558.0
2021-03-11,55.95,56.58,55.46,56.24,5887998.0
2021-03-12,55.68,56.1,55.04,55.8,5025837.0
2021-03-15,55.85,57.71,55.61,57.67,5862094.0
2021-03-16,57.3,58.19,57.06,57.42,5873583.0
2021-03-17,56.73,59.73,56.72,59.0,6788449.0
2021-03-18,58.32,60.12,58.0,58.9,6547623.0
2021-03-19,59.16,60.03,58.51,59.73,10317941.0
2021-03-22,59.92,60.85,59.56,60.29,6584081.0
2021-03-23,60.4,61.03,60.01,60.31,5959428.0
2021-03-24,60.61,60.9,57.58,57.64,7141900.0
2021-03-25,57.73,58.43,56.98,58.09,5705597.0
2021-03-26,58.15,60.93,58.04,60.83,7409597.0
2021-03-29,60.88,61.18,59.28,59.85,7090352.0
2021-03-30,59.53,60.63,59.05,60.32,5400645.0
2021-03-31,60.84,62.67,60.75,61.24,8516830.0
2021-04-01,61.4,63.24,61.39,63.11,5210136.0
2021-04-05,63.35,63.98,62.55,63.69,6672791.0
2021-04-06,63.63,63.72,62.24,62.52,6396883.0
2021-04-07,62.69,62.69,61.43,61.76,5848300.0
2021-04-08,62.3,62.65,61.76,62.19,3948394.0
2021-04-09,62.08,62.6,61.85,62.47,3801019.0
2021-04-12,62.47,62.88,62.13,62.64,5003595.0
2021-04-13,63.02,64.08,62.92,63.82,5264929.0
2021-04-14,63.94,64.39,62.35,62.79,9522826.0
2021-04-15,63.33,64.53,63.03,64.36,4677553.0
2021-04-16,64.52,64.99,64.29,64.93,4650464.0
2021-04-19,64.63,65.11,63.6,63.79,5285783.0
2021-04-20,63.63,63.8,61.21,61.79,5506306.0
2021-04-21,61.44,61.87,60.88,61.78,5091865.0
2021-04-22,61.85,61.9,60.53,60.74,6849102.0
2021-04-23,60.88,61.17,60.44,60.91,5073020.0
2021-04-26,61.0,61.61,60.77,61.58,4539307.0
2021-04-27,61.72,62.31,61.38,61.7,5577552.0
2021-04-28,62.08,62.87,61.82,62.32,7814148.0
2021-04-29,57.29,57.34,54.95,56.07,31081972.0
2021-04-30,55.73,56.89,55.66,55.79,10069308.0
2021-05-03,56.17,58.85,56.12,58.15,12472619.0
2021-05-04,57.51,58.34,56.82,57.69,9736859.0
2021-05-05,57.4,58.88,57.39,58.24,7002822.0
2021-05-06,58.15,58.89,57.76,58.82,7583007.0
2021-05-07,59.1,60.01,58.4,59.78,10347461.0
2021-05-10,59.56,62.3,59.26,61.44,11628704.0
2021-05-11,60.04,60.99,59.14,60.43,11344451.0
2021-05-12,59.69,60.43,58.24,58.28,8763051.0
2021-05-13,58.59,59.37,58.06,58.74,6389379.0
2021-05-14,59.44,61.05,59.3,60.86,6565204.0
2021-05-17,60.81,61.8,60.54,61.69,6892456.0
2021-05-18,61.7,62.69,60.69,61.29,6110783.0
2021-05-19,60.4,60.4,59.07,59.79,8050272.0
2021-05-20,60.11,60.27,59.35,59.47,8104593.0
2021-05-21,59.81,61.38,59.72,61.02,11192185.0
2021-05-24,61.24,61.95,60.93,60.97,5735079.0
2021-05-25,61.24,61.84,60.86,61.3,6069940.0
2021-05-26,61.19,62.14,61.19,61.44,6710753.0
2021-05-27,61.2,62.12,59.32,59.51,19669724.0
2021-05-28,59.96,61.42,59.66,60.88,10887624.0
2021-06-01,61.52,62.09,60.73,61.37,5640861.0
2021-06-02,61.39,63.57,61.02,63.41,10598268.0
2021-06-03,62.98,64.27,62.59,64.07,7219237.0
2021-06-04,64.38,65.89,64.14,65.23,8978003.0
2021-06-07,65.31,65.72,64.78,65.45,6123599.0
2021-06-08,65.52,65.94,65.26,65.8,5712310.0
2021-06-09,66.22,66.34,65.4,65.96,6124375.0
2021-06-10,66.32,66.98,65.77,66.75,5789039.0
2021-06-11,66.9,67.42,66.83,67.13,5849463.0
2021-06-14,67.25,67.26,65.17,65.89,6944349.0
2021-06-15,66.0,66.35,65.47,65.96,5011353.0
2021-06-16,65.44,66.34,65.3,66.09,5626187.0
2021-06-17,65.67,66.3,65.25,65.33,6398546.0
2021-06-18,64.84,64.92,63.14,63.26,11438726.0
2021-06-21,63.38,64.97,63.36,64.4,6483904.0
2021-06-22,64.28,65.13,63.41,64.89,5311268.0
2021-06-23,65.02,65.93,64.89,65.3,4462058.0
2021-06-24,65.41,66.75,65.14,66.57,5522496.0
2021-06-25,66.75,68.19,66.75,67.9,8999367.0
2021-06-28,68.26,68.97,67.57,68.82,5413575.0
2021-06-29,69.0,70.64,68.85,70.49,6512970.0
2021-06-30,70.23,70.66,69.69,70.21,7299786.0
2021-07-01,70.21,70.77,69.03,69.8,8519809.0
2021-07-02,69.99,70.31,69.36,70.08,4910250.0
2021-07-06,70.15,70.15,68.89,69.02,6112146.0
2021-07-07,69.16,70.52,68.99,70.07,6019524.0
2021-07-08,68.66,69.29,68.38,68.65,5581827.0
2021-07-09,68.83,69.95,68.58,69.46,5263641.0
2021-07-12,69.82,70.25,68.84,68.97,5629012.0
2021-07-13,68.82,69.47,68.5,68.74,4491765.0
2021-07-14,69.67,70.31,67.96,68.03,6484165.0
2021-07-15,68.06,68.63,67.64,68.14,4577980.0
2021-07-16,68.41,68.8,68.14,68.18,4279106.0
2021-07-19,67.61,68.88,67.28,68.53,6464350.0
2021-07-20,68.7,69.61,68.58,69.57,6223929.0
2021-07-21,69.41,70.07,69.23,69.86,6082554.0
2021-07-22,69.85,72.1,69.61,72.06,8802193.0
2021-07-23,72.12,73.77,71.66,73.54,6700455.0
2021-07-26,72.89,73.97,72.89,73.26,7653900.0
2021-07-27,73.09,73.24,71.07,72.29,8159373.0
2021-07-28,72.58,73.57,72.22,72.89,5141052.0
2021-07-29,73.14,74.13,73.05,73.41,4963149.0
2021-07-30,72.06,72.07,68.08,68.21,11995258.0
2021-08-02,68.81,69.36,67.58,68.63,6785149.0
2021-08-03,68.75,68.78,67.64,68.01,5997944.0
2021-08-04,67.92,68.7,67.72,68.0,6715916.0
2021-08-05,67.7,67.88,65.58,67.28,9926204.0
2021-08-06,67.26,67.28,65.27,65.49,8888335.0
2021-08-09,65.74,66.32,65.07,65.35,7186357.0
2021-08-10,65.36,67.58,65.35,67.31,7358923.0
2021-08-11,67.22,68.22,66.95,68.02,10104412.0
2021-08-12,67.17,69.04,66.36,68.89,10680438.0
2021-08-13,68.64,74.15,68.59,74.02,17907608.0
2021-08-16,73.72,76.55,73.51,75.25,12694015.0
2021-08-17,74.04,74.74,72.66,72.84,9422840.0
2021-08-18,72.98,74.14,72.36,72.83,6536394.0
2021-08-19,72.36,73.55,72.06,72.83,5607281.0
2021-08-20,72.9,73.84,72.81,73.36,5398789.0
2021-08-23,73.41,73.47,71.78,73.2,5044717.0
2021-08-24,73.53,74.0,72.62,72.84,6132265.0
2021-08-25,72.85,74.49,72.7,74.16,5052561.0
2021-08-26,74.34,75.96,73.76,75.64,5539669.0
2021-08-27,75.3,76.58,75.19,76.41,5093508.0
2021-08-30,76.43,77.83,76.04,77.55,5541738.0
2021-08-31,77.49,77.72,76.57,76.74,6806261.0
2021-09-01,77.06,77.06,75.9,76.15,5740481.0
2021-09-02,76.31,77.22,76.12,76.49,5031017.0
2021-09-03,76.31,76.95,75.98,76.53,4437792.0
2021-09-07,76.41,76.46,74.65,74.71,6041310.0
2021-09-08,74.82,74.99,73.68,73.93,6351325.0
2021-09-09,73.83,74.09,72.94,73.0,5164427.0
2021-09-10,73.98,74.27,72.48,72.56,5393137.0
2021-09-13,72.96,73.13,71.87,72.67,5768636.0
2021-09-14,72.75,73.02,71.03,71.39,6576807.0
2021-09-15,71.96,74.99,71.86,73.99,10771096.0
2021-09-16,73.43,75.11,73.31,74.7,6630312.0
2021-09-17,74.89,75.09,73.73,74.11,8874889.0
2021-09-20,72.68,73.0,70.75,72.87,9841486.0
2021-09-21,73.41,74.03,72.07,72.12,5375285.0
2021-09-22,72.59,73.73,72.38,73.21,4028670.0
2021-09-23,73.49,74.41,73.18,73.51,4128848.0
2021-09-24,72.93,73.4,72.72,72.99,3486777.0
2021-09-27,72.73,73.81,72.41,73.67,4268685.0
2021-09-28,72.83,73.67,70.73,71.26,5379807.0
2021-09-29,71.52,71.83,69.73,69.97,5621521.0
2021-09-30,70.27,70.66,69.62,69.67,3927253.0
2021-10-01,69.7,70.36,69.02,69.91,4069134.0
2021-10-04,69.43,69.58,68.28,68.47,4648378.0
2021-10-05,68.88,70.63,68.67,69.97,3932747.0
2021-10-06,69.31,71.6,69.14,71.54,4866998.0
2021-10-07,72.97,75.17,72.85,74.17,7309180.0
2021-10-08,74.44,75.95,74.33,75.05,4672839.0
2021-10-11,74.69,74.9,74.2,74.5,2817859.0
2021-10-12,75.21,75.71,74.51,74.67,3408381.0
2021-10-13,74.97,75.33,74.24,74.9,2929525.0
2021-10-14,75.55,75.75,74.22,74.68,4770057.0
2021-10-15,75.24,75.42,74.64,74.9,4358548.0
2021-10-18,74.67,75.05,73.89,74.25,5730048.0
2021-10-19,74.41,75.38,74.38,74.72,3425809.0
2021-10-20,74.96,76.95,74.62,75.97,5201692.0
2021-10-21,75.58,76.27,75.06,76.21,3615466.0
2021-10-22,76.29,81.19,76.29,80.59,11047525.0
2021-10-25,80.59,81.06,79.9,80.57,6299553.0
2021-10-26,80.97,80.98,78.4,78.5,6145664.0
2021-10-27,78.25,78.5,77.29,77.66,7896527.0
2021-10-28,74.03,74.48,70.55,72.41,17831751.0
2021-10-29,72.06,76.98,72.06,76.72,16714321.0
2021-11-01,76.47,77.61,75.55,76.3,7915663.0
2021-11-02,75.63,76.38,74.47,74.9,7002322.0
2021-11-03,74.69,76.13,73.86,75.45,9462680.0
2021-11-04,75.66,77.0,74.95,76.28,5958196.0
2021-11-05,76.65,76.94,75.53,75.57,4692850.0
2021-11-08,75.79,76.53,73.5,73.76,8320488.0
2021-11-09,74.1,75.47,73.78,73.96,8317799.0
2021-11-10,73.87,74.72,72.94,73.23,6126591.0
2021-11-11,74.03,74.95,73.29,73.3,4201145.0
2021-11-12,73.46,74.13,72.53,73.91,3793610.0
2021-11-15,74.47,76.24,74.0,74.21,5079476.0
2021-11-16,74.3,76.58,74.19,75.89,6200423.0
2021-11-17,75.8,75.92,72.99,73.38,6393343.0
2021-11-18,73.5,75.05,73.46,74.72,9834289.0
2021-11-19,74.9,76.41,74.47,74.63,5573805.0
2021-11-22,74.43,75.19,73.54,73.57,4577106.0
2021-11-23,73.21,73.38,71.04,71.65,10521545.0
2021-11-24,71.34,72.88,70.91,72.66,4675212.0
2021-11-26,72.97,73.6,72.1,72.47,4121923.0
2021-11-29,72.54,72.66,69.53,70.55,7789499.0
2021-11-30,70.33,70.72,66.89,67.46,21869079.0
2021-12-01,68.64,68.65,66.74,66.81,11859717.0
2021-12-02,67.17,67.95,66.28,67.48,8384881.0
2021-12-03,67.78,68.54,66.31,67.05,10336625.0
2021-12-06,67.13,67.14,65.54,66.07,6413139.0
2021-12-07,66.72,67.65,66.53,67.23,6224509.0
2021-12-08,67.33,67.71,66.28,67.16,6751941.0
2021-12-09,66.99,67.69,66.55,66.6,4523754.0
2021-12-10,66.81,67.15,65.94,66.89,7593727.0
2021-12-13,66.47,67.44,66.22,66.69,6043699.0
2021-12-14,66.25,66.46,65.27,65.85,9297812.0
2021-12-15,65.32,65.76,64.25,65.61,10196356.0
2021-12-16,65.78,66.13,63.95,64.04,8521352.0
2021-12-17,63.65,65.14,62.97,64.03,19372675.0
2021-12-20,62.91,65.16,62.82,63.79,8123718.0
2021-12-21,64.21,64.55,63.3,63.71,9835736.0
2021-12-22,63.75,64.65,63.34,63.94,5835919.0
2021-12-23,64.0,65.44,63.67,64.89,6045397.0
2021-12-27,65.21,65.85,64.97,65.66,6050452.0
2021-12-28,65.82,66.72,65.47,66.08,5534908.0
2021-12-29,65.93,66.75,65.6,66.46,3654604.0
2021-12-30,66.28,67.64,66.23,66.78,3673553.0
2021-12-31,66.74,66.92,65.73,66.5,5935778.0
2022-01-03,66.45,67.12,65.66,66.8,6685654.0
2022-01-04,67.17,67.42,64.44,65.14,7527336.0
2022-01-05,64.87,66.27,64.46,64.49,7440725.0
2022-01-06,64.14,67.49,64.08,66.81,8218382.0
2022-01-07,66.73,67.33,66.28,66.32,5000956.0
2022-01-10,65.72,66.33,63.72,64.57,6684049.0
2022-01-11,64.58,66.52,64.07,66.43,3811147.0
2022-01-12,66.87,66.99,63.85,64.32,5426022.0
2022-01-13,64.74,65.24,63.17,63.28,4416900.0
2022-01-14,63.17,63.84,62.64,63.45,6192221.0
2022-01-18,62.8,62.8,61.53,61.61,7163920.0
2022-01-19,61.96,62.84,61.92,62.29,6721775.0
2022-01-20,62.85,63.68,60.67,60.71,5352535.0
2022-01-21,60.92,61.34,59.37,59.54,7742161.0
2022-01-24,58.97,59.72,56.88,59.66,9319493.0
2022-01-25,58.44,58.57,56.92,58.18,7635930.0
2022-01-26,58.57,59.49,57.2,57.71,7599830.0
2022-01-27,58.04,58.71,56.4,56.7,4948479.0
2022-01-28,56.74,57.6,55.91,57.54,5027345.0
2022-01-31,57.73,60.39,57.66,60.07,9059308.0
2022-02-01,59.91,60.62,59.57,60.48,4080626.0
2022-02-02,60.47,60.59,57.42,58.54,8826229.0
2022-02-03,58.0,58.09,56.93,57.19,6287353.0
2022-02-04,57.34,60.27,57.25,59.29,10587066.0
2022-02-07,59.18,59.73,58.54,58.7,5718351.0
2022-02-08,58.44,59.91,58.44,59.73,3770723.0
2022-02-09,60.37,60.66,59.7,60.61,3448799.0
2022-02-10,59.49,60.03,58.48,58.81,3976438.0
2022-02-11,59.31,59.94,58.05,58.38,5897311.0
2022-02-14,58.53,58.64,57.68,58.18,5714564.0
2022-02-15,58.96,59.99,58.63,59.93,3803826.0
2022-02-16,59.69,59.75,57.26,57.65,5201794.0
2022-02-17,57.48,57.7,55.53,55.76,5659313.0
2022-02-18,55.36,55.89,54.27,55.46,7219816.0
2022-02-22,55.12,56.75,54.89,55.15,6950999.0
2022-02-23,55.53,55.89,54.47,54.59,11482477.0
2022-02-24,50.23,55.64,49.53,55.44,24110823.0
2022-02-25,55.37,55.57,53.38,54.6,8340183.0
2022-02-28,54.32,54.99,53.41,54.59,9281347.0
2022-03-01,54.56,55.05,53.94,54.35,9298975.0
2022-03-02,54.35,55.45,53.68,55.09,8496734.0
2022-03-03,55.64,55.64,53.46,54.42,6139199.0
2022-03-04,54.29,56.44,54.09,55.66,8300801.0
2022-03-07,55.5,56.46,54.74,54.85,9961662.0
2022-03-08,54.94,55.93,53.25,53.31,9548989.0
2022-03-09,53.93,53.93,52.6,53.06,10250423.0
2022-03-10,53.02,55.48,51.28,52.36,18926205.0
2022-03-11,52.9,52.9,50.0,50.06,9217656.0
2022-03-14,50.2,53.25,50.01,52.09,9205630.0
2022-03-15,52.51,54.56,52.22,53.94,8927371.0
2022-03-16,53.79,54.9,53.08,54.77,7561530.0
2022-03-17,54.28,55.86,54.06,55.67,5974100.0
2022-03-18,55.1,56.67,55.1,56.02,10588515.0
2022-03-21,55.58,56.25,54.88,55.32,5918478.0
2022-03-22,54.98,56.26,54.95,55.75,7120376.0
2022-03-23,55.42,56.06,54.65,55.6,5329020.0
2022-03-24,55.74,57.39,55.54,57.23,6893128.0
2022-03-25,57.38,58.05,56.95,57.42,6240871.0
2022-03-28,57.42,58.84,56.93,58.78,7156428.0
2022-03-29,59.38,60.39,59.38,60.21,5341186.0
2022-03-30,59.73,60.34,59.12,59.36,5942950.0
2022-03-31,59.16,59.16,57.24,57.26,9380744.0
2022-04-01,57.87,58.33,57.3,57.71,4950113.0
2022-04-04,58.08,58.37,56.49,56.73,6653880.0
2022-04-05,56.68,57.73,55.98,56.4,5040637.0
2022-04-06,55.83,56.15,53.48,54.12,6359587.0
2022-04-07,53.88,54.84,53.5,54.38,4998803.0
2022-04-08,54.5,55.44,54.12,55.03,3747483.0
2022-04-11,54.36,56.23,54.36,54.89,4101940.0
2022-04-12,55.33,55.78,54.12,54.24,3987493.0
2022-04-13,54.09,55.47,53.96,55.12,3787060.0
2022-04-14,55.2,55.47,53.98,54.15,4452169.0
2022-04-18,53.83,54.75,53.67,54.56,4115398.0
2022-04-19,54.16,55.22,54.16,55.17,4698343.0
2022-04-20,55.32,55.36,54.76,54.86,4937884.0
2022-04-21,55.23,55.86,54.55,54.77,4408847.0
2022-04-22,54.6,54.83,53.08,53.17,4914849.0
2022-04-25,52.93,53.88,52.71,53.63,5503611.0
2022-04-26,53.59,53.96,52.48,53.1,4951721.0
2022-04-27,52.99,53.89,52.0,52.06,4905781.0
2022-04-28,52.47,54.05,52.15,53.77,6008451.0
2022-04-29,51.52,53.98,51.52,51.92,8341284.0
2022-05-02,51.97,53.22,51.46,53.15,6139833.0
2022-05-03,53.28,54.25,53.02,53.46,8059031.0
2022-05-04,53.48,54.49,52.32,54.42,9500161.0
2022-05-05,51.21,51.82,47.29,48.04,19285112.0
2022-05-06,48.0,49.64,47.03,48.81,11281345.0
2022-05-09,48.08,50.92,47.67,49.26,12832114.0
2022-05-10,49.97,50.89,48.38,48.59,7614938.0
2022-05-11,48.31,48.95,46.47,46.58,7085335.0
2022-05-12,45.98,47.82,45.19,46.16,8920426.0
2022-05-13,46.46,46.76,45.72,46.65,6455232.0
2022-05-16,46.49,46.49,44.91,45.09,6940770.0
2022-05-17,45.64,47.12,45.4,46.92,5704516.0
2022-05-18,46.1,46.78,44.65,44.94,5883294.0
2022-05-19,44.62,45.33,44.02,44.62,7668662.0
2022-05-20,44.96,45.32,43.28,44.31,7445787.0
2022-05-23,44.74,45.35,44.0,45.19,6122485.0
2022-05-24,44.4,45.63,43.62,44.18,8315143.0
2022-05-25,43.87,45.13,43.87,44.81,7522276.0
2022-05-26,45.68,46.81,45.49,46.47,6299006.0
2022-05-27,47.22,48.83,47.05,48.82,8695422.0
2022-05-31,48.44,49.3,47.32,48.67,17674855.0
2022-06-01,49.08,49.08,46.81,46.97,7174865.0
2022-06-02,46.86,47.78,46.45,47.77,5287932.0
2022-06-03,47.32,47.55,46.79,47.09,6122196.0
2022-06-06,47.99,48.76,47.47,47.67,5350174.0
2022-06-07,46.9,47.67,46.68,47.51,5114407.0
2022-06-08,47.82,48.14,47.3,47.68,4401853.0
2022-06-09,47.2,47.44,46.43,46.69,5139157.0
2022-06-10,44.35,45.58,44.28,44.28,8764946.0
2022-06-13,43.01,43.97,42.67,42.93,9224549.0
2022-06-14,43.2,43.59,42.21,42.58,5288483.0
2022-06-15,42.97,44.05,42.58,43.51,8232220.0
2022-06-16,42.29,42.5,40.52,41.08,9955065.0
2022-06-17,41.51,42.57,41.43,42.21,21193829.0
2022-06-21,42.7,43.47,42.2,42.29,7628456.0
2022-06-22,41.88,43.66,41.83,43.13,7343146.0
2022-06-23,42.17,43.11,42.05,42.97,5244758.0
2022-06-24,43.35,45.78,43.22,45.67,20444440.0
2022-06-27,45.87,45.94,44.22,44.38,4703394.0
2022-06-28,43.4,44.48,42.6,42.65,5435648.0
2022-06-29,42.58,43.03,42.3,42.67,3517080.0
2022-06-30,42.42,42.42,41.02,41.67,6571892.0
2022-07-01,41.94,43.04,41.76,42.89,4950892.0
2022-07-05,42.26,43.96,41.89,43.93,6413936.0
2022-07-06,44.4,44.96,43.56,43.72,6444067.0
2022-07-07,43.72,44.07,43.19,43.82,6216125.0
2022-07-08,43.4,43.83,42.75,43.14,3716315.0
2022-07-11,43.02,43.16,42.39,42.83,5986844.0
2022-07-12,43.06,43.95,42.87,43.2,4750962.0
2022-07-13,42.2,43.15,41.94,42.49,4439945.0
2022-07-14,42.2,42.36,41.22,42.03,3624764.0
2022-07-15,42.99,43.96,42.85,43.61,6407268.0
2022-07-18,43.98,44.73,43.35,43.59,4544272.0
2022-07-19,43.89,45.49,43.89,45.38,4290579.0
2022-07-20,45.59,46.47,45.42,46.19,4066096.0
2022-07-21,46.08,46.67,45.85,46.65,2964100.0
2022-07-22,46.59,47.37,46.36,46.68,4908423.0
2022-07-25,46.68,47.04,46.14,46.56,4042604.0
2022-07-26,45.39,45.79,45.25,45.66,3834191.0
2022-07-27,45.95,47.52,45.83,47.18,4122996.0
2022-07-28,47.37,48.24,46.48,48.21,4914748.0
2022-07-29,49.13,49.73,48.38,48.63,7241429.0
2022-08-01,47.85,49.34,47.65,48.94,4805884.0
2022-08-02,48.69,48.84,47.75,48.43,5250724.0
2022-08-03,49.0,50.82,49.0,50.48,8749827.0
2022-08-04,50.1,50.19,46.66,47.87,10604504.0
2022-08-05,47.33,47.66,46.69,47.28,5487413.0
2022-08-08,47.63,49.0,47.2,47.61,4786588.0
2022-08-09,47.57,48.02,47.02,48.0,6075128.0
2022-08-10,48.86,49.29,48.47,48.5,4848370.0
2022-08-11,48.87,49.52,48.13,48.57,4582022.0
2022-08-12,48.95,49.48,48.68,49.44,2885801.0
2022-08-15,49.17,49.24,48.2,48.68,3710100.0
2022-08-16,48.69,50.17,48.58,49.5,5314636.0
2022-08-17,48.89,49.03,48.24,48.57,3832350.0
2022-08-18,48.39,48.72,47.82,48.54,3534130.0
2022-08-19,47.85,48.08,46.55,47.07,4377615.0
2022-08-22,46.7,46.7,45.33,45.39,4322513.0
2022-08-23,45.32,46.36,45.16,45.43,4307267.0
2022-08-24,45.23,46.26,45.17,45.53,4212160.0
2022-08-25,45.73,46.62,45.56,46.59,3227778.0
2022-08-26,47.03,47.21,44.51,44.53,3978253.0
2022-08-29,44.26,44.85,43.9,44.46,4539236.0
2022-08-30,44.87,45.06,44.08,44.45,4275050.0
2022-08-31,44.69,44.81,43.91,44.13,7289294.0
2022-09-01,43.99,44.8,43.63,44.77,4660490.0
2022-09-02,45.19,45.46,43.83,44.11,4203055.0
2022-09-06,44.22,44.29,42.93,43.04,6219896.0
2022-09-07,43.15,44.87,43.09,44.66,4814704.0
2022-09-08,44.36,44.52,43.56,44.25,5945798.0
2022-09-09,44.38,45.16,44.27,45.1,4264810.0
2022-09-12,45.37,45.85,45.11,45.52,4737582.0
2022-09-13,44.15,44.39,42.61,42.79,6326522.0
2022-09-14,42.89,42.92,41.88,42.57,7176184.0
2022-09-15,42.49,43.83,42.43,42.66,6821688.0
2022-09-16,41.85,42.14,41.14,42.0,9313680.0
2022-09-19,41.77,41.87,41.08,41.35,6713063.0
2022-09-20,41.04,41.04,39.71,39.9,7587895.0
2022-09-21,40.04,40.31,38.8,38.93,6350487.0
2022-09-22,38.86,38.93,38.01,38.3,5490475.0
2022-09-23,38.03,38.22,37.5,38.19,5161244.0
2022-09-26,38.16,39.11,38.1,38.13,5571660.0
2022-09-27,38.52,38.59,37.27,37.57,5297995.0
2022-09-28,37.6,38.82,37.55,38.61,4452792.0
2022-09-29,37.96,38.06,37.28,37.69,4211758.0
2022-09-30,37.41,37.96,36.76,36.81,5953263.0
2022-10-03,36.94,37.62,36.18,37.22,8930322.0
2022-10-04,38.11,39.18,38.09,38.67,8189850.0
2022-10-05,38.25,39.49,38.18,39.12,7290530.0
2022-10-06,38.95,39.63,38.84,38.89,6471815.0
2022-10-07,38.51,38.58,37.42,37.55,6731561.0
2022-10-10,37.91,38.09,37.29,37.56,5192146.0
2022-10-11,37.21,37.8,36.62,36.95,6222447.0
2022-10-12,36.99,37.25,36.61,37.13,6324305.0
2022-10-13,36.21,38.34,35.92,37.96,7866691.0
2022-10-14,38.3,38.46,37.01,37.08,5716910.0
2022-10-17,38.01,38.45,37.79,37.85,5976091.0
2022-10-18,38.99,39.32,38.16,38.5,5326501.0
2022-10-19,38.28,38.64,37.28,37.81,5097833.0
2022-10-20,37.7,38.66,37.48,37.62,5105248.0
2022-10-21,37.41,38.45,37.08,38.41,4449415.0
2022-10-24,38.41,38.82,37.6,38.68,5899060.0
2022-10-25,38.61,39.12,38.14,38.97,6544224.0
2022-10-26,38.99,40.56,38.92,39.57,5856221.0
2022-10-27,39.7,40.63,39.62,39.85,6130417.0
2022-10-28,38.8,40.41,38.48,40.32,7750528.0
2022-10-31,40.35,40.61,39.42,39.84,6860695.0
2022-11-01,40.52,40.84,39.3,39.81,4960340.0
2022-11-02,39.92,40.0,38.01,38.06,8540514.0
2022-11-03,39.91,40.93,38.41,38.82,14052689.0
2022-11-04,39.47,40.78,39.03,40.07,7329916.0
2022-11-07,40.37,40.66,39.37,40.58,5258348.0
2022-11-08,40.58,42.24,40.22,41.6,7889235.0
2022-11-09,41.35,41.46,40.49,40.57,5208101.0
2022-11-10,42.49,44.8,42.26,44.66,9206002.0
2022-11-11,45.0,46.99,44.74,46.51,7298886.0
2022-11-14,46.34,46.89,45.85,45.91,6188147.0
2022-11-15,47.07,47.13,46.03,47.02,5466785.0
2022-11-16,46.28,46.46,45.31,45.49,5263536.0
2022-11-17,44.66,45.65,44.57,45.47,3622399.0
2022-11-18,46.12,46.15,45.25,45.68,3792217.0
2022-11-21,45.36,45.6,44.54,44.73,4096080.0
2022-11-22,44.88,45.16,44.41,45.13,3817045.0
2022-11-23,45.35,45.78,45.11,45.23,4981667.0
2022-11-25,44.67,45.21,44.56,45.04,2329792.0
2022-11-28,45.0,45.39,44.25,44.33,5878383.0
2022-11-29,44.6,44.66,43.62,43.77,4421407.0
2022-11-30,43.84,45.63,43.53,45.44,8882349.0
2022-12-01,45.36,46.09,45.05,45.16,4785560.0
2022-12-02,44.81,45.45,44.38,45.2,4338004.0
2022-12-05,44.85,44.92,43.82,43.94,4641211.0
2022-12-06,43.73,43.82,42.74,43.35,8691525.0
2022-12-07,43.1,43.92,42.96,43.16,5533242.0
2022-12-08,43.5,44.16,43.26,43.88,3854982.0
2022-12-09,43.53,44.05,43.31,43.64,4083673.0
2022-12-12,43.7,43.73,43.09,43.72,4238077.0
2022-12-13,45.36,45.86,43.32,43.72,5656626.0
2022-12-14,43.61,44.29,42.9,43.75,5659416.0
2022-12-15,43.06,43.15,42.01,42.29,5168379.0
2022-12-16,42.04,42.15,40.62,41.0,14561106.0
2022-12-19,41.08,41.41,40.64,41.34,7817418.0
2022-12-20,41.44,41.47,40.65,40.97,4273276.0
2022-12-21,41.27,41.5,41.01,41.28,4049958.0
2022-12-22,40.63,40.72,39.48,40.12,3930531.0
2022-12-23,39.86,40.33,39.53,40.17,2421287.0
2022-12-27,40.11,40.37,39.7,40.08,3953727.0
2022-12-28,40.06,40.4,39.76,39.92,3551051.0
2022-12-29,40.27,41.92,40.07,41.82,6385433.0
2022-12-30,41.24,41.49,40.98,41.47,4430386.0
2023-01-03,42.08,42.66,41.54,42.15,4494932.0
2023-01-04,42.79,43.34,42.28,43.09,3743475.0
2023-01-05,43.01,43.36,42.53,43.1,3748136.0
2023-01-06,43.62,45.45,43.06,45.11,5293773.0
2023-01-09,44.76,45.44,43.44,43.52,7096351.0
2023-01-10,43.32,45.13,43.32,45.09,4432615.0
2023-01-11,45.69,46.69,45.52,46.61,5456873.0
2023-01-12,46.73,46.8,45.82,46.43,3812232.0
2023-01-13,45.72,46.3,45.44,46.26,3128399.0
2023-01-17,46.23,47.11,46.05,46.77,5214306.0
2023-01-18,47.0,47.4,45.96,45.98,3429481.0
2023-01-19,45.65,45.93,44.94,45.54,5616290.0
2023-01-20,45.76,46.73,45.54,46.66,3435122.0
2023-01-23,46.94,47.84,46.57,47.66,3254721.0
2023-01-24,47.28,47.42,46.51,46.69,4864449.0
2023-01-25,46.47,49.07,46.32,48.93,5955908.0
2023-01-26,49.46,49.47,48.16,49.16,4153264.0
2023-01-27,48.97,49.7,48.88,49.0,3901451.0
2023-01-30,48.32,49.89,48.31,48.89,4066947.0
2023-01-31,48.91,49.55,48.8,49.5,4325298.0
2023-02-01,49.26,50.75,48.69,50.4,4565178.0
2023-02-02,50.75,52.23,50.69,51.66,6390040.0
2023-02-03,50.31,51.31,50.11,50.66,3808211.0
2023-02-06,50.03,50.4,49.65,49.98,3141564.0
2023-02-07,49.77,50.37,49.07,50.17,3538095.0
2023-02-08,49.6,50.0,48.83,49.16,3429668.0
2023-02-09,49.75,49.85,48.15,48.39,3072422.0
2023-02-10,48.08,48.33,47.65,48.08,3745086.0
2023-02-13,48.2,49.02,47.92,48.93,4744263.0
2023-02-14,48.73,49.19,48.21,48.8,3919840.0
2023-02-15,48.41,49.66,48.21,49.65,3708079.0
2023-02-16,48.62,49.19,48.29,48.66,3760478.0
2023-02-17,48.56,48.7,47.75,48.24,5511958.0
2023-02-21,47.89,48.81,47.82,47.89,5947896.0
2023-02-22,48.12,48.33,47.4,47.85,7391945.0
2023-02-23,45.41,45.89,43.71,45.35,12458850.0
2023-02-24,44.71,45.25,44.31,45.07,5795045.0
2023-02-27,45.32,45.85,45.08,45.8,5187685.0
2023-02-28,45.71,46.31,45.58,45.9,5338835.0
2023-03-01,45.68,46.27,45.38,45.75,4236351.0
2023-03-02,45.5,45.74,45.31,45.58,4142739.0
2023-03-03,45.93,46.24,45.81,46.04,3744187.0
2023-03-06,45.95,46.1,44.64,44.75,5972821.0
2023-03-07,44.86,45.09,43.83,43.98,5326595.0
2023-03-08,43.85,44.34,43.16,44.26,6096572.0
2023-03-09,44.02,44.28,42.92,42.95,4091557.0
2023-03-10,42.75,42.87,41.67,42.04,4526942.0
2023-03-13,41.62,41.88,41.02,41.09,5946254.0
2023-03-14,41.78,41.95,40.62,41.16,6368433.0
2023-03-15,40.49,40.94,40.13,40.81,5740756.0
2023-03-16,40.28,41.62,40.23,41.45,6022478.0
2023-03-17,41.15,42.31,40.94,42.06,11506763.0
2023-03-20,42.1,43.47,42.0,43.04,6199781.0
2023-03-21,43.14,43.98,43.1,43.75,6122839.0
2023-03-22,43.59,44.09,42.83,42.86,5088139.0
2023-03-23,43.09,43.2,42.02,42.45,4808655.0
2023-03-24,42.21,42.86,41.66,42.66,4541786.0
2023-03-27,42.77,43.02,42.55,42.6,4040342.0
2023-03-28,42.72,43.0,42.56,42.87,2827172.0
2023-03-29,43.2,43.67,43.2,43.63,3587984.0
2023-03-30,44.16,44.33,43.63,43.91,3459578.0
2023-03-31,44.08,44.42,43.74,44.37,4053584.0
2023-04-03,44.15,44.35,43.84,44.28,3539729.0
2023-04-04,44.63,44.63,43.83,44.33,3509197.0
2023-04-05,44.25,44.26,43.7,43.85,3836527.0
2023-04-06,43.64,43.83,43.24,43.57,3629646.0
2023-04-10,43.09,43.67,43.09,43.4,3279527.0
2023-04-11,43.29,43.72,43.02,43.5,3668577.0
2023-04-12,43.96,44.11,42.49,42.78,4312335.0
2023-04-13,42.97,43.62,42.86,43.61,3875651.0
2023-04-14,43.54,44.16,43.14,43.53,3603759.0
2023-04-17,44.0,44.0,43.45,43.78,3693310.0
2023-04-18,44.14,44.4,43.86,44.04,3709798.0
2023-04-19,43.85,44.15,43.53,43.71,4043299.0
2023-04-20,43.35,43.71,43.22,43.38,3624433.0
2023-04-21,43.37,43.37,42.76,43.11,3139257.0
2023-04-24,43.28,44.14,43.18,43.86,4216574.0
2023-04-25,43.58,44.18,43.55,44.01,5938259.0
2023-04-26,43.5,44.43,43.22,43.36,8552701.0
2023-04-27,45.14,45.86,44.04,45.56,11144636.0
2023-04-28,45.52,46.67,45.39,46.43,6704762.0
2023-05-01,46.02,46.35,45.41,45.66,4220828.0
2023-05-02,45.61,45.66,44.52,45.12,4035097.0
2023-05-03,45.29,45.77,44.61,44.77,4686177.0
2023-05-04,44.97,44.98,44.28,44.38,3301521.0
2023-05-05,44.72,45.71,44.63,45.63,5206444.0
2023-05-08,45.79,46.34,45.47,46.21,3781679.0
2023-05-09,45.91,46.38,45.52,45.81,3785023.0
2023-05-10,46.21,46.35,45.24,45.82,4297775.0
2023-05-11,45.83,45.9,45.47,45.78,3847536.0
2023-05-12,45.7,45.83,44.64,44.91,3690476.0
2023-05-15,44.91,45.48,44.56,45.13,4196501.0
2023-05-16,44.62,44.62,43.02,43.03,5571336.0
2023-05-17,43.06,43.96,42.96,43.88,4442508.0
2023-05-18,43.81,44.18,43.44,44.12,3241013.0
2023-05-19,44.09,44.19,43.15,43.48,4278231.0
2023-05-22,43.92,44.23,43.75,44.12,4693289.0
2023-05-23,44.0,44.18,43.15,43.78,4139005.0
2023-05-24,43.96,44.01,43.04,43.3,3486935.0
2023-05-25,43.09,43.68,42.93,43.62,6799915.0
2023-05-26,43.56,44.55,43.52,44.36,5128550.0
2023-05-30,44.25,44.48,43.34,43.62,4906808.0
2023-05-31,43.26,43.26,42.01,42.54,7695786.0
2023-06-01,42.8,43.59,42.53,43.26,5235380.0
2023-06-02,43.33,44.48,43.27,44.39,4641727.0
2023-06-05,44.77,45.34,44.29,45.29,5662024.0
2023-06-06,45.22,45.37,44.84,45.18,4537600.0
2023-06-07,45.24,45.77,44.85,45.06,5663694.0
2023-06-08,45.55,46.06,45.35,45.61,5308455.0
2023-06-09,45.64,46.54,45.64,45.81,5049917.0
2023-06-12,45.85,45.92,45.02,45.12,6150575.0
2023-06-13,45.3,45.62,45.01,45.52,4215751.0
2023-06-14,45.59,45.71,44.64,45.07,4655154.0
2023-06-15,44.94,45.7,44.38,45.62,5059707.0
2023-06-16,45.61,45.75,44.92,45.06,8591416.0
2023-06-20,44.93,45.48,44.62,44.84,4175493.0
2023-06-21,44.82,44.82,44.08,44.1,3745668.0
2023-06-22,44.15,44.15,43.61,43.87,3622565.0
2023-06-23,43.48,43.8,43.11,43.37,6234791.0
2023-06-26,43.46,43.76,43.26,43.46,3551522.0
2023-06-27,43.58,44.55,43.48,44.47,4758916.0
2023-06-28,44.43,44.85,44.24,44.84,4186422.0
2023-06-29,44.91,44.91,44.33,44.6,3278400.0
2023-06-30,45.0,45.13,44.29,44.69,5212089.0
2023-07-03,44.66,45.83,44.6,45.23,2771266.0
2023-07-05,45.23,45.27,44.63,45.03,3394000.0
2023-07-06,44.27,44.45,43.55,43.85,4572545.0
2023-07-07,43.69,44.57,43.68,44.26,4252993.0
2023-07-10,44.13,45.76,44.12,45.67,4703698.0
2023-07-11,46.0,47.35,45.96,46.9,4998837.0
2023-07-12,47.5,47.53,46.33,46.41,4969587.0
2023-07-13,46.72,46.81,46.08,46.13,4172729.0
2023-07-14,46.05,46.72,45.82,46.5,4132056.0
2023-07-17,46.06,47.37,45.96,47.19,5192490.0
2023-07-18,46.92,48.09,46.92,48.03,5550337.0
2023-07-19,48.22,49.1,47.96,49.03,6063209.0
2023-07-20,48.78,48.96,48.02,48.84,9336848.0
2023-07-21,49.21,49.35,48.31,48.34,10663505.0
2023-07-24,48.4,48.97,48.14,48.94,4705526.0
2023-07-25,49.07,49.48,48.08,48.31,6411537.0
2023-07-26,48.11,48.87,48.11,48.8,6636754.0
2023-07-27,45.56,46.07,43.3,43.66,15740816.0
2023-07-28,43.98,45.84,43.97,45.01,9571056.0
2023-07-31,45.14,45.64,44.35,44.51,8018707.0
2023-08-01,44.15,44.36,43.55,43.56,4810629.0
2023-08-02,43.16,43.9,42.81,43.76,5540453.0
2023-08-03,43.58,43.87,43.32,43.61,3928947.0
2023-08-04,43.66,43.94,42.95,43.05,3951441.0
2023-08-07,43.33,43.92,42.86,43.85,4230891.0
2023-08-08,43.28,43.58,42.52,43.52,3910550.0
2023-08-09,43.71,44.0,43.34,43.67,3942733.0
2023-08-10,44.16,44.26,43.05,43.29,3126145.0
2023-08-11,43.36,44.59,43.34,44.5,6826984.0
2023-08-14,44.21,44.35,43.69,44.03,4229956.0
2023-08-15,43.62,43.68,42.94,43.58,4240486.0
2023-08-16,43.47,43.5,42.79,42.93,4181882.0
2023-08-17,43.31,43.39,42.75,42.95,3892026.0
2023-08-18,42.58,43.28,42.23,42.99,3801087.0
2023-08-21,42.99,43.26,42.76,43.04,3385923.0
2023-08-22,43.09,43.56,43.04,43.27,3875285.0
2023-08-23,43.28,44.2,43.25,43.9,5024552.0
2023-08-24,43.87,44.24,43.11,43.14,4477080.0
2023-08-25,43.73,44.35,43.38,43.59,7250915.0
2023-08-28,43.89,44.05,43.55,43.87,4203074.0
2023-08-29,44.01,44.7,43.92,44.32,4135095.0
2023-08-30,44.32,44.87,44.26,44.75,3595281.0
2023-08-31,44.6,45.34,44.55,44.78,7844409.0
2023-09-01,45.21,45.54,44.87,45.1,4176390.0
2023-09-05,44.88,44.88,44.04,44.29,5668092.0
2023-09-06,44.17,44.32,43.43,44.12,4617287.0
2023-09-07,43.64,43.71,42.81,43.12,5296017.0
2023-09-08,42.92,43.48,42.84,43.43,4208619.0
2023-09-11,43.7,43.94,43.43,43.51,3848778.0
2023-09-12,43.4,43.98,43.32,43.51,4788269.0
2023-09-13,43.69,43.97,43.43,43.71,3583710.0
2023-09-14,43.97,44.46,43.72,44.36,4078375.0
2023-09-15,44.46,44.8,44.27,44.56,7598201.0
2023-09-18,44.34,44.46,43.81,43.91,4580537.0
2023-09-19,43.63,44.09,43.42,43.62,4308617.0
2023-09-20,43.74,44.54,43.67,43.69,4127992.0
2023-09-21,43.38,45.21,42.85,43.92,13887389.0
2023-09-22,44.23,44.84,43.0,43.13,8278092.0
2023-09-25,42.85,43.93,42.57,43.82,3948789.0
2023-09-26,43.55,44.24,43.39,43.49,5353448.0
2023-09-27,43.56,43.76,42.41,42.89,5225560.0
2023-09-28,42.73,43.89,42.72,43.65,4114887.0
2023-09-29,44.09,44.6,43.91,44.09,4798602.0
2023-10-02,43.91,44.04,43.31,43.55,3622908.0
2023-10-03,43.23,43.75,42.35,42.51,3673285.0
2023-10-04,42.56,43.07,42.54,42.94,3875320.0
2023-10-05,43.09,43.13,42.12,42.61,4116505.0
2023-10-06,42.22,43.33,42.22,43.01,4459090.0
2023-10-09,42.64,43.64,42.64,43.35,4220225.0
2023-10-10,43.48,43.82,43.27,43.52,5264979.0
2023-10-11,43.51,43.66,42.78,43.05,7473790.0
2023-10-12,43.13,43.13,42.0,42.63,5200489.0
2023-10-13,42.54,42.61,41.27,41.79,7025695.0
2023-10-16,42.14,42.62,41.88,42.47,4359870.0
2023-10-17,42.03,42.84,41.93,42.56,3584590.0
2023-10-18,42.44,42.54,41.71,41.89,4796509.0
2023-10-19,41.76,42.07,40.96,41.14,4586163.0
2023-10-20,41.16,41.16,40.69,40.76,4468854.0
2023-10-23,40.45,40.76,40.125,40.17,4857399.0
2023-10-24,40.51,41.12,40.5,40.99,4305155.0
2023-10-25,40.72,40.76,39.205,39.3,5471565.0
2023-10-26,39.21,39.52,38.23,38.36,5881149.0
2023-10-27,38.35,38.66,37.93,37.99,5112227.0
2023-10-30,38.4,38.76,38.005,38.64,4715613.0
2023-10-31,38.69,39.32,38.495,39.23,6287905.0
2023-11-01,39.14,39.21,38.215,38.71,6529814.0
2023-11-02,39.15,39.23,38.245,38.99,6534515.0
2023-11-03,39.62,40.715,39.51,40.54,6422087.0
2023-11-06,40.64,40.98,40.03,40.36,6439140.0
2023-11-07,40.51,40.83,40.148,40.77,9193468.0
2023-11-08,37.28,40.0,37.17,39.95,18084330.0
2023-11-09,40.29,40.885,39.795,39.93,9425230.0
2023-11-10,39.94,40.0,39.35,39.85,6278429.0
2023-11-13,39.63,39.8351,38.6009,38.73,7649981.0
2023-11-14,39.6,40.51,39.53,40.34,6885800.0
2023-11-15,40.48,41.42,40.45,40.62,6825578.0
2023-11-16,40.52,40.72,39.7,40.18,7485866.0
2023-11-17,40.5,40.615,39.815,40.14,5165930.0
2023-11-20,40.01,40.14,39.2,39.45,8484393.0
2023-11-21,39.26,40.435,38.975,40.39,11049519.0
2023-11-22,40.53,41.855,40.5,41.64,8620059.0
2023-11-24,41.67,41.79,41.28,41.48,2585291.0
2023-11-27,41.34,41.58,40.75,41.35,4966849.0
2023-11-28,40.97,41.5567,40.93,41.13,6503524.0
2023-11-29,41.37,41.425,40.58,40.64,7352625.0
2023-11-30,40.66,41.03,40.18,41.01,11506776.0
2023-12-01,40.99,41.885,40.605,41.73,6022325.0
2023-12-04,41.57,42.08,41.3913,41.62,5197587.0
2023-12-05,41.3,41.76,40.99,41.48,4517862.0
2023-12-06,41.72,42.213,41.44,41.47,4736674.0
2023-12-07,41.68,41.74,41.335,41.48,3680128.0
2023-12-08,41.36,41.72,41.16,41.29,6824920.0
2023-12-11,40.74,42.115,40.63,41.76,7045512.0
2023-12-12,41.77,41.79,40.91,41.11,5839856.0
2023-12-13,41.02,41.98,40.74,41.96,6610318.0
2023-12-14,42.3,42.73,41.99,42.65,9011441.0
2023-12-15,42.73,42.93,41.66,41.75,43483452.0
2023-12-18,41.525,42.805,41.52,42.52,6687263.0
2023-12-19,42.66,44.27,42.57,43.67,7350797.0
2023-12-20,43.4,43.82,42.83,42.98,5762119.0
2023-12-21,43.33,43.76,43.07,43.73,3238444.0
2023-12-22,43.56,44.0699,43.45,43.82,3330229.0
2023-12-26,43.82,43.84,43.255,43.48,3361211.0
2023-12-27,43.52,43.6603,43.1,43.38,2623020.0
2023-12-28,43.37,43.595,43.115,43.47,2767618.0
2023-12-29,43.42,43.82,43.36,43.62,4681558.0
2024-01-02,43.26,44.2,43.2,43.87,5369177.0
2024-01-03,43.63,44.085,42.96,43.55,6358059.0
2024-01-04,43.53,43.59,42.405,42.53,4778458.0
2024-01-05,42.53,43.08,42.39,42.79,3090928.0
2024-01-08,42.98,42.98,42.405,42.84,4109271.0
2024-01-09,42.29,42.68,41.96,42.14,4937424.0
2024-01-10,42.11,42.705,41.94,42.56,3755274.0
2024-01-11,42.51,42.54,41.49,41.87,4618636.0
2024-01-12,41.96,42.07,41.06,41.21,5691049.0
2024-01-16,40.82,40.95,40.16,40.7,6448394.0
2024-01-17,40.57,40.875,40.28,40.67,6416133.0
2024-01-18,40.63,40.875,40.335,40.79,5751345.0
2024-01-19,41.0302,41.355,40.5001,41.13,4361453.0
2024-01-22,41.31,41.69,40.88,41.06,5559427.0
2024-01-23,41.45,41.875,41.175,41.41,5059633.0
2024-01-24,42.62,42.89,41.305,41.61,8625328.0
2024-01-25,41.9,42.19,41.26,42.16,6080215.0
2024-01-26,42.13,42.705,42.13,42.69,5918076.0
2024-01-29,42.69,42.79,42.03,42.62,4687351.0
2024-01-30,42.38,42.41,41.9225,41.95,5073342.0
2024-01-31,41.97,42.02,40.97,41.07,5923612.0
2024-02-01,41.4,41.81,40.77,41.7,5670559.0
2024-02-02,41.56,41.98,41.01,41.94,6097502.0
2024-02-05,41.565,41.565,40.935,41.33,5907150.0
2024-02-06,41.35,42.735,41.31,42.66,5946979.0
2024-02-07,42.73,42.89,42.265,42.34,4005425.0
2024-02-08,42.25,42.29,41.64,42.02,3314444.0
2024-02-09,42.06,42.685,41.79,42.43,5098999.0
2024-02-12,42.48,43.55,42.24,43.49,5550888.0
2024-02-13,42.49,42.5,40.74,41.13,7188297.0
2024-02-14,41.28,42.24,40.83,42.18,5058294.0
2024-02-15,42.49,42.89,42.425,42.62,4873170.0
2024-02-16,42.21,43.525,42.14,43.45,7033750.0
2024-02-20,43.0,43.75,42.97,43.59,6397806.0
2024-02-21,43.34,44.4,43.09,43.8,6965116.0
2024-02-22,43.37,44.65,43.24,44.28,7552435.0
2024-02-23,43.97,44.425,43.118,44.01,7144882.0
2024-02-26,44.05,44.155,43.6725,43.88,6007287.0
2024-02-27,44.28,44.785,44.05,44.39,12708120.0
2024-02-28,47.65,48.35,46.53,47.89,23207684.0
2024-02-29,47.95,47.98,46.98,47.28,16165124.0
2024-03-01,47.2,48.3,47.06,48.05,8668579.0
2024-03-04,48.18,49.31,48.0373,48.92,8449908.0
2024-03-05,48.91,50.45,48.87,50.09,12659543.0
2024-03-06,50.32,51.14,50.32,50.54,9615452.0
2024-03-07,50.82,51.05,50.335,50.78,8912227.0
2024-03-08,50.68,50.9,50.175,50.37,8457188.0
2024-03-11,50.39,51.95,50.38,51.55,10113545.0
2024-03-12,51.73,51.93,50.68,50.91,7857026.0
2024-03-13,51.12,52.5,51.09,52.41,10333175.0
2024-03-14,52.49,52.82,51.97,52.25,7731449.0
2024-03-15,51.97,52.6999,51.885,52.2,11456673.0
2024-03-18,52.19,52.4,51.32,51.35,6435071.0
2024-03-19,51.86,52.46,51.25,51.82,6863707.0
2024-03-20,51.84,52.27,51.6,51.97,6136307.0
2024-03-21,51.84,52.355,51.68,52.0,6757378.0
2024-03-22,52.05,52.07,51.4,51.42,5071841.0
2024-03-25,51.33,51.725,51.19,51.23,5621393.0
2024-03-26,51.46,51.67,50.875,51.08,5995760.0
2024-03-27,51.45,52.04,51.41,51.92,4940522.0
2024-03-28,52.1,52.93,52.0,52.78,6816355.0
2024-04-01,52.65,52.92,51.84,52.27,4646346.0
2024-04-02,52.08,52.39,51.81,51.86,4449455.0
2024-04-03,51.75,52.27,51.515,51.85,4458932.0
2024-04-04,52.41,52.82,51.33,51.4,4702915.0
2024-04-05,51.42,52.13,51.42,52.06,5326598.0
2024-04-08,52.03,52.47,51.48,51.58,3975572.0
2024-04-09,51.8,52.005,51.51,51.96,3566651.0
2024-04-10,51.96,52.54,51.9,52.46,4901305.0
2024-04-11,52.6,52.65,51.81,51.89,3650856.0
2024-04-12,51.71,52.0,51.05,51.31,4246782.0
2024-04-15,51.62,51.9,50.74,50.89,3878593.0
2024-04-16,50.63,50.75,49.87,50.25,5161534.0
2024-04-17,50.59,50.69,49.41,49.45,4319954.0
2024-04-18,51.33,51.41,49.93,49.95,7589968.0
2024-04-19,50.23,51.02,50.0,50.39,4295939.0
2024-04-22,50.63,51.145,50.39,50.94,4140750.0
2024-04-23,51.01,51.5,50.7,51.25,4522813.0
2024-04-24,51.17,51.6,50.78,51.18,5088303.0
2024-04-25,50.66,51.49,50.56,51.34,4461328.0
2024-04-26,51.3,52.19,51.2,52.02,4985551.0
2024-04-29,52.16,52.88,52.13,52.75,5977361.0
2024-04-30,52.63,52.88,51.44,51.54,6712817.0
2024-05-01,51.69,52.485,51.04,51.06,8328741.0
2024-05-02,49.32,50.86,48.52,49.39,10828809.0
2024-05-03,49.6,50.26,49.37,49.65,6896718.0
2024-05-06,49.81,50.16,49.245,49.38,5811190.0
2024-05-07,49.59,50.27,49.59,50.07,4695761.0
2024-05-08,49.76,49.94,49.595,49.69,3847066.0
2024-05-09,49.77,50.395,49.7,50.34,3980530.0
2024-05-10,50.5,51.09,50.43,51.0,3873017.0
2024-05-13,51.14,52.16,51.04,51.99,5032219.0
2024-05-14,52.31,52.49,51.6,52.1,3472562.0
2024-05-15,52.37,52.65,51.78,52.42,3914774.0
2024-05-16,52.42,53.035,52.055,52.7,5202858.0
2024-05-17,52.64,52.78,51.12,51.48,4607229.0
2024-05-20,51.45,51.62,51.02,51.24,3056679.0
2024-05-21,51.13,52.369,51.13,52.17,3739649.0
2024-05-22,52.19,52.845,51.8701,52.8,4733888.0
2024-05-23,52.8,52.885,52.31,52.81,4828799.0
2024-05-24,53.0,54.59,53.0,54.41,7773908.0
2024-05-28,54.14,55.15,52.84,52.9,7242692.0
2024-05-29,52.26,52.38,51.38,52.09,6445462.0
2024-05-30,51.94,53.635,51.86,53.35,5852832.0
2024-05-31,53.09,54.25,53.02,54.22,7405675.0
2024-06-03,54.05,54.24,53.19,53.61,6043037.0
2024-06-04,53.4,54.03,52.94,53.75,5010626.0
2024-06-05,53.73,54.25,52.785,53.01,4851912.0
2024-06-06,53.81,53.84,53.31,53.39,4921631.0
2024-06-07,53.35,53.75,53.03,53.08,4337207.0
2024-06-10,52.65,53.19,52.42,53.15,3594600.0
2024-06-11,52.77,53.03,52.135,53.0,4198224.0
2024-06-12,53.41,53.695,52.81,53.19,4573377.0
2024-06-13,53.4,54.34,53.355,53.69,4641748.0
2024-06-14,53.08,53.45,51.945,52.13,5737329.0
2024-06-17,52.01,53.22,51.72,53.14,4399925.0
2024-06-18,52.85,54.59,52.85,54.55,5615016.0
2024-06-20,54.66,54.95,53.47,53.84,4643036.0
2024-06-21,53.88,54.47,53.67,54.15,10478355.0
2024-06-24,54.32,54.96,53.99,54.01,5694787.0
2024-06-25,53.9,55.35,53.81,53.95,4369662.0
2024-06-26,53.54,54.27,53.32,53.69,3473173.0
2024-06-27,53.655,53.67,52.855,53.05,4167180.0
2024-06-28,52.96,53.95,52.67,53.72,7190978.0
2024-07-01,53.85,53.91,52.28,52.68,4501115.0
2024-07-02,52.57,53.395,52.025,53.25,4174989.0
2024-07-03,53.428,53.598,52.23,52.61,2787252.0
2024-07-05,52.53,52.945,52.14,52.87,2686424.0
2024-07-08,52.81,52.915,52.39,52.79,3875776.0
2024-07-09,52.72,53.06,52.15,52.65,3419379.0
2024-07-10,52.59,53.069,52.19,52.98,2684115.0
2024-07-11,53.28,54.18,53.28,54.02,3264969.0
2024-07-12,54.36,54.64,53.84,54.19,3897310.0
2024-07-15,53.71,54.27,53.57,53.72,3259169.0
2024-07-16,53.9,55.495,53.61,55.42,3995441.0
2024-07-17,55.23,55.69,54.42,54.58,3746531.0
2024-07-18,54.63,55.62,54.34,54.39,3630690.0
2024-07-19,54.59,54.64,53.5,53.6,3488784.0
2024-07-22,53.78,54.345,53.39,53.91,3406499.0
2024-07-23,53.76,53.93,53.11,53.24,4678766.0
2024-07-24,53.47,54.05,53.27,53.66,5898308.0
2024-07-25,53.67,54.38,53.1,53.12,4851916.0
2024-07-26,53.7,54.83,53.641,54.18,4130167.0
2024-07-29,54.44,55.22,54.32,54.61,4469834.0
2024-07-30,54.64,55.495,54.6,55.4,4410459.0
2024-07-31,55.5,55.86,54.74,55.61,7601891.0
2024-08-01,55.06,57.68,53.74,56.23,7876766.0
2024-08-02,55.71,56.845,55.34,56.2,5578648.0
2024-08-05,54.9,56.21,54.55,54.66,7415705.0
2024-08-06,55.0,56.65,54.56,55.92,4492200.0
2024-08-07,56.283,56.775,55.045,55.11,4871273.0
2024-08-08,55.51,56.0,55.15,55.94,2640173.0
2024-08-09,56.0,56.74,55.86,56.52,2952156.0
2024-08-12,56.75,57.18,55.5,55.81,4194103.0
2024-08-13,56.13,56.4,55.25,55.7,4889117.0
2024-08-14,55.89,56.71,55.75,55.76,2992970.0
2024-08-15,56.33,56.655,55.61,55.83,4939938.0
2024-08-16,55.9,56.0,54.8,55.5,4966864.0
2024-08-19,55.43,56.935,55.294,56.675,3557256.0
2024-08-20,56.73,56.965,56.37,56.94,3137682.0
2024-08-21,57.03,58.8,56.62,58.68,5541016.0
2024-08-22,58.79,59.36,58.31,59.02,3874957.0
2024-08-23,59.22,59.3,58.48,58.88,2824175.0
2024-08-26,58.94,59.47,58.65,59.0,3196888.0
2024-08-27,58.9,59.85,58.69,59.37,4134243.0
2024-08-28,59.21,59.21,57.68,57.78,4002780.0
2024-08-29,58.0,59.38,57.86,58.6,3422048.0
2024-08-30,58.53,59.22,58.37,59.1,5430144.0
2024-09-03,58.9,59.79,58.5,58.8,4229039.0
2024-09-04,58.84,59.27,58.43,58.95,3775168.0
2024-09-05,58.97,59.5,58.74,59.12,4199828.0
2024-09-06,59.17,59.57,58.64,59.2,5032036.0
2024-09-09,59.35,59.76,58.63,59.43,4074840.0
2024-09-10,59.44,60.445,59.22,60.26,4091269.0
2024-09-11,60.26,60.83,59.7,60.73,5393757.0
2024-09-12,60.89,63.27,60.82,63.18,8941531.0
2024-09-13,63.38,63.9,62.31,63.44,5556646.0
2024-09-16,63.44,64.42,63.1601,64.36,4526657.0
2024-09-17,64.54,64.96,63.6715,64.88,5917971.0
2024-09-18,64.69,64.84,63.02,63.17,6414401.0
2024-09-19,63.9,63.98,62.78,63.22,5348918.0
2024-09-20,62.69,63.37,62.25,62.72,19784209.0
2024-09-23,62.77,63.91,62.71,63.45,4806306.0
2024-09-24,63.8,65.44,63.57,65.44,5274862.0
2024-09-25,65.03,65.4,64.06,64.1,5110691.0
2024-09-26,64.26,64.61,63.64,63.94,3726639.0
2024-09-27,64.1,64.42,63.605,64.0,4479142.0
2024-09-30,63.94,65.28,63.94,65.11,5394265.0
2024-10-01,65.15,66.1,64.43,65.83,5298652.0
2024-10-02,65.46,66.23,65.0,65.2,4937923.0
2024-10-03,65.07,65.43,64.68,65.38,3397628.0
2024-10-04,66.19,66.47,65.71,66.29,3065953.0
2024-10-07,66.21,66.85,66.08,66.77,3751958.0
2024-10-08,66.75,67.655,66.72,67.17,3563671.0
2024-10-09,67.05,67.28,66.67,66.95,3645205.0
2024-10-10,66.96,67.72,65.79,66.05,3656726.0
2024-10-11,66.43,66.96,66.22,66.33,3223686.0
2024-10-14,66.24,67.06,66.12,66.88,3403997.0
2024-10-15,66.93,67.8,66.89,66.99,3955935.0
2024-10-16,66.83,67.28,66.62,66.92,2804337.0
2024-10-17,66.92,67.225,65.335,65.36,4987380.0
2024-10-18,65.4,65.4,64.47,64.95,5186470.0
2024-10-21,64.82,65.36,64.02,64.16,3385487.0
2024-10-22,63.9,64.23,63.245,63.32,4387624.0
2024-10-23,63.95,64.56,63.27,63.67,3574090.0
2024-10-24,63.77,64.44,63.34,63.59,4559604.0
2024-10-25,63.85,64.039,63.01,63.1,3117206.0
2024-10-28,63.604,63.73,62.96,62.99,3072139.0
2024-10-29,62.59,63.3,62.44,62.77,4675191.0
2024-10-30,62.74,62.86,62.03,62.63,7200288.0
2024-10-31,58.885,58.89,56.33,57.51,10499316.0
2024-11-01,57.7,58.3087,57.54,58.11,7848057.0
2024-11-04,58.05,60.33,58.05,60.23,6351362.0
2024-11-05,60.73,61.565,60.58,61.51,5236740.0
2024-11-06,61.99,62.63,60.345,61.08,5511923.0
2024-11-07,60.9,62.24,60.84,62.02,4975108.0
2024-11-08,62.41,62.5,61.5,61.89,3260214.0
2024-11-11,62.0,62.89,61.97,62.43,3432888.0
2024-11-12,62.11,62.74,61.0,61.5,4008035.0
2024-11-13,61.68,62.09,60.955,61.89,4251479.0
2024-11-14,61.6,62.73,61.14,62.3,4195568.0
2024-11-15,62.3,62.46,61.07,61.43,5167353.0
2024-11-18,61.39,61.87,61.13,61.41,2731153.0
2024-11-19,61.01,61.55,60.4,61.1,3654626.0
2024-11-20,60.63,60.94,60.12,60.82,3980855.0
2024-11-21,60.98,61.9926,60.44,61.41,3527670.0
2024-11-22,61.77,63.43,61.57,63.24,3104473.0
2024-11-25,63.745,65.91,63.68,64.99,7571558.0
2024-11-26,64.92,65.505,64.78,65.09,3192434.0
2024-11-27,65.2,65.2,64.07,64.31,2818514.0
2024-11-29,64.01,64.4,63.25,63.29,3265583.0
2024-12-02,63.21,63.31,62.15,63.17,4655682.0
2024-12-03,62.91,63.505,62.57,62.94,2982714.0
2024-12-04,62.97,64.0,61.16,63.32,3406806.0
2024-12-05,63.27,63.94,63.06,63.62,2373518.0
2024-12-06,64.01,64.48,63.59,63.62,2871278.0
2024-12-09,63.73,66.06,63.26,65.14,5440284.0
2024-12-10,62.55,63.5,61.86,63.23,5171336.0
2024-12-11,63.23,64.39,63.155,63.17,4688738.0
2024-12-12,63.1,64.57,63.03,63.9,3771070.0
2024-12-13,63.88,64.26,63.5,63.84,4278535.0
2024-12-16,63.48,64.185,62.6,63.64,4414050.0
2024-12-17,65.2,65.2,63.71,64.23,4507194.0
2024-12-18,64.52,66.52,64.08,64.11,7134630.0
2024-12-19,64.4,65.63,63.72,63.95,5237343.0
2024-12-20,63.67,65.49,63.35,65.01,12499820.0
2024-12-23,64.8,65.165,63.32,63.63,4131102.0
2024-12-24,63.57,63.9,63.08,63.78,1458741.0
2024-12-26,63.57,64.12,63.33,63.81,1840532.0
2024-12-27,63.36,63.8,62.46,62.81,1997456.0
2024-12-30,62.46,62.67,60.74,62.06,3293701.0
2024-12-31,62.28,62.68,61.865,61.95,2131375.0
2025-01-02,61.92,62.96,61.87,62.27,2572596.0
2025-01-03,62.53,62.66,61.11,61.61,4665052.0
2025-01-06,62.01,63.7499,61.8,62.94,5520633.0
2025-01-07,63.64,64.38,62.9,63.17,3867300.0
2025-01-08,67.9,71.5199,67.81,69.4,22044714.0
2025-01-10,68.705,69.125,65.85,65.9,8234579.0
2025-01-13,64.502,66.36,64.27,65.72,4122188.0
2025-01-14,65.65,66.23,64.2,64.41,4513876.0
2025-01-15,64.83,65.57,64.2,65.11,4351422.0
2025-01-16,64.8,65.3,64.41,65.06,2945395.0
2025-01-17,65.5,66.4739,65.5,66.19,3719088.0
2025-01-21,65.895,66.1113,63.91,64.63,3863521.0
2025-01-22,64.63,65.06,63.83,63.88,3875767.0
2025-01-23,63.81,65.79,63.5,64.75,5689771.0
2025-01-24,64.992,65.42,64.42,64.81,2522578.0
2025-01-27,64.68,66.86,64.3,66.84,4402447.0
2025-01-28,66.51,67.265,66.0,67.19,3202333.0
2025-01-29,67.4741,67.635,65.955,66.0,3537530.0
2025-01-30,66.5,67.965,66.43,67.52,2973122.0
2025-01-31,67.41,67.92,67.08,67.48,3347164.0
2025-02-03,66.6,67.63,66.37,67.18,3541431.0
2025-02-04,67.45,67.72,66.14,66.95,3035090.0
2025-02-05,67.12,68.65,66.835,67.39,4622877.0
2025-02-06,67.47,68.03,67.08,67.5,2641082.0
2025-02-07,67.38,68.64,67.38,67.83,2608014.0
2025-02-10,68.04,68.62,67.85,68.26,2847255.0
2025-02-11,67.82,69.22,67.56,68.46,3615462.0
2025-02-12,67.63,68.5,67.08,67.94,3090797.0
2025-02-13,67.95,69.375,67.3,69.26,3782441.0
2025-02-14,70.0,70.03,69.28,69.9,3501937.0
2025-02-18,69.99,70.11,69.065,69.79,3784348.0
2025-02-19,68.81,69.48,67.52,69.32,3441152.0
2025-02-20,69.4,69.57,68.39,69.46,2910524.0
2025-02-21,69.79,70.27,69.1,69.39,4012477.0
2025-02-24,69.68,70.69,69.13,69.99,6286340.0
2025-02-25,70.38,71.02,69.77,70.93,6184860.0
2025-02-26,71.115,71.61,68.84,69.14,8935593.0
2025-02-27,64.29,65.81,61.55,63.48,17663371.0
2025-02-28,63.413,64.76,63.075,64.74,8587554.0
2025-03-03,65.005,66.47,64.7503,65.22,5688927.0
2025-03-04,65.1,68.04,64.975,66.67,9032161.0
2025-03-05,66.66,67.175,65.195,66.55,4965831.0
2025-03-06,66.19,67.9,66.08,67.87,5342908.0
2025-03-07,67.61,70.719,67.37,70.51,7389610.0
2025-03-10,70.34,71.48,66.82,68.19,9351889.0
2025-03-11,68.3,68.47,65.03,65.22,7255170.0
2025-03-12,65.48,66.37,64.63,65.13,5012524.0
2025-03-13,65.13,65.77,64.07,64.25,3471012.0
2025-03-14,64.68,65.455,64.32,65.28,3257882.0
2025-03-17,65.315,67.88,65.28,67.44,4344845.0
2025-03-18,67.31,67.5,64.88,65.24,4624769.0
2025-03-19,65.5,67.57,65.36,67.2,5934827.0
2025-03-20,66.78,68.0,66.2342,66.34,4143886.0
2025-03-21,66.18,66.18,65.21,65.78,15353869.0
2025-03-24,66.34,66.62,64.87,66.54,4208851.0
2025-03-25,66.86,67.2,66.12,66.3,4084503.0
2025-03-26,66.21,66.525,65.085,65.58,4241041.0
2025-03-27,65.68,67.34,65.2,66.81,3592344.0
2025-03-28,67.295,67.86,66.29,67.16,5705462.0
2025-03-31,67.02,68.11,66.24,67.73,5533679.0
2025-04-01,67.595,68.97,67.08,67.8,5340387.0
2025-04-02,67.01,68.24,66.6786,67.42,4153032.0
2025-04-03,66.22,68.48,65.24,66.36,5972557.0
2025-04-04,64.68,65.39,62.35,62.4,8339059.0
2025-04-07,61.2,63.75,59.71,61.19,9851011.0
2025-04-08,62.2,63.21,58.71,59.52,7270570.0
2025-04-09,59.27,63.53,58.965,61.96,10103921.0
2025-04-10,61.41,63.28,60.6814,62.47,6577541.0
2025-04-11,62.49,65.33,61.74,64.58,5546073.0
2025-04-14,65.04,66.6,64.25,66.07,5278787.0
2025-04-15,66.22,66.98,65.27,65.5,3519070.0
2025-04-16,65.5,67.36,65.17,65.47,7165607.0
2025-04-17,66.1,66.86,65.61,66.26,3338429.0
2025-04-21,66.27,66.815,64.68,65.63,5056603.0
2025-04-22,65.04,67.68,64.93,67.05,5133696.0
2025-04-23,67.53,67.71,65.59,66.63,5290041.0
2025-04-24,66.96,67.45,65.24,67.2,4759689.0
2025-04-25,67.45,68.054,66.81,67.83,4200767.0
