Date,open,high,low,close,volume
2015-04-27,21.25,22.12,21.15,21.82,25875390.0
2015-04-28,22.46,22.82,22.33,22.68,32307483.0
2015-04-29,22.46,23.1,22.39,22.89,21323376.0
2015-04-30,22.68,23.66,22.42,23.27,24902209.0
2015-05-01,23.38,23.95,23.29,23.66,20140708.0
2015-05-04,23.82,23.97,23.25,23.39,13290893.0
2015-05-05,23.57,23.75,23.23,23.35,16110869.0
2015-05-06,23.65,23.67,23.04,23.26,13922114.0
2015-05-07,22.74,23.02,22.48,22.91,15352759.0
2015-05-08,23.27,23.61,23.12,23.29,15782906.0
2015-05-11,23.4,23.6,22.87,22.97,15630694.0
2015-05-12,22.98,23.1,22.66,22.73,13724597.0
2015-05-13,22.82,23.0,22.46,22.61,14235571.0
2015-05-14,22.78,23.29,22.66,22.8,13881541.0
2015-05-15,22.77,22.96,22.47,22.83,8994838.0
2015-05-18,22.64,22.68,22.04,22.13,12517920.0
2015-05-19,21.72,21.85,21.2,21.29,22232771.0
2015-05-20,21.38,21.38,20.88,21.08,12641293.0
2015-05-21,21.24,21.56,20.85,21.35,17006182.0
2015-05-22,21.19,21.3,20.9,20.99,12095008.0
2015-05-26,20.7,20.75,19.87,20.08,19875296.0
2015-05-27,20.03,20.36,19.9,20.15,14136992.0
2015-05-28,20.07,20.24,19.72,20.16,11867659.0
2015-05-29,20.05,20.07,19.65,19.65,13161003.0
2015-06-01,19.75,19.75,19.3,19.35,11319567.0
2015-06-02,19.52,20.68,19.51,20.46,16519291.0
2015-06-03,20.46,20.65,19.8,19.87,16911814.0
2015-06-04,19.65,19.7,19.4,19.52,14514659.0
2015-06-05,19.36,19.76,19.26,19.65,10884876.0
2015-06-08,19.9,19.9,19.28,19.4,11460541.0
2015-06-09,19.6,20.22,19.53,20.02,15666244.0
2015-06-10,20.54,20.78,20.45,20.56,15504066.0
2015-06-11,20.36,20.4,19.8,19.93,12455988.0
2015-06-12,19.85,19.87,19.52,19.81,9417992.0
2015-06-15,19.43,19.95,19.42,19.59,9919445.0
2015-06-16,19.56,19.93,19.31,19.8,10123847.0
2015-06-17,19.96,20.13,19.54,20.02,10478808.0
2015-06-18,20.25,20.35,19.72,20.13,12244754.0
2015-06-19,19.91,20.03,19.68,19.77,15578782.0
2015-06-22,19.7,19.8,19.39,19.4,12436303.0
2015-06-23,19.4,20.15,19.38,20.11,16131772.0
2015-06-24,20.16,21.17,20.15,20.56,23024554.0
2015-06-25,20.4,20.66,19.57,19.74,16826568.0
2015-06-26,19.63,20.06,19.53,19.94,15768876.0
2015-06-29,19.7,19.96,19.36,19.38,13346439.0
2015-06-30,19.48,19.52,18.51,18.62,21979043.0
2015-07-01,18.58,18.81,18.21,18.4,14048447.0
2015-07-02,18.6,18.83,18.27,18.4,13164156.0
2015-07-06,17.89,18.12,17.51,17.84,18434248.0
2015-07-07,17.37,17.37,16.0,17.25,44510212.0
2015-07-08,17.15,17.29,16.35,16.5,20028325.0
2015-07-09,17.17,17.34,16.76,16.78,17599163.0
2015-07-10,17.3,17.5,16.66,16.74,14883933.0
2015-07-13,16.59,17.01,16.26,16.92,16218728.0
2015-07-14,16.73,17.21,16.6,17.11,14837440.0
2015-07-15,17.11,17.16,16.27,16.41,17110148.0
2015-07-16,16.65,16.67,16.1,16.3,12682664.0
2015-07-17,16.17,16.17,15.55,15.88,18744932.0
2015-07-20,15.51,15.67,14.91,15.05,34696195.0
2015-07-21,15.25,16.25,15.2,15.72,26942562.0
2015-07-22,15.51,15.56,14.86,15.06,28308674.0
2015-07-23,15.32,15.39,13.3,13.64,59676971.0
2015-07-24,13.45,13.46,12.17,12.29,56575649.0
2015-07-27,11.95,12.56,11.16,11.37,64555102.0
2015-07-28,11.76,12.69,11.62,12.33,51494302.0
2015-07-29,12.36,12.6,12.18,12.5,32208108.0
2015-07-30,12.3,12.49,11.57,11.84,28829082.0
2015-07-31,12.1,12.15,11.58,11.75,18862095.0
2015-08-03,11.64,11.67,11.12,11.2,22768293.0
2015-08-04,11.52,11.68,10.93,11.04,22603216.0
2015-08-05,11.47,11.87,10.89,10.93,40847185.0
2015-08-06,10.84,11.3,10.72,11.21,28118151.0
2015-08-07,11.07,11.25,10.48,10.53,26724275.0
2015-08-10,10.11,11.69,10.1,11.65,39959383.0
2015-08-11,11.05,11.06,10.0,10.22,46121592.0
2015-08-12,10.05,10.38,9.88,10.25,35658977.0
2015-08-13,10.19,10.28,9.96,10.07,26940963.0
2015-08-14,10.09,10.36,10.01,10.03,19108577.0
2015-08-17,9.92,10.3,9.92,10.24,29721857.0
2015-08-18,9.97,10.05,9.81,9.92,44795179.0
2015-08-19,9.85,9.86,9.59,9.73,41708348.0
2015-08-20,9.99,10.12,9.59,9.71,45067700.0
2015-08-21,9.74,9.8,9.48,9.58,29611072.0
2015-08-24,8.67,9.42,8.16,8.68,35281849.0
2015-08-25,9.25,9.26,8.24,8.24,36992899.0
2015-08-26,8.25,8.29,7.76,7.92,52334388.0
2015-08-27,8.63,10.48,8.56,10.19,102733315.0
2015-08-28,11.33,11.48,10.31,10.5,109856511.0
2015-08-31,10.35,10.83,10.17,10.64,58011720.0
2015-09-01,10.11,10.39,9.65,9.77,42397011.0
2015-09-02,10.05,10.05,9.5,9.9,36351190.0
2015-09-03,10.02,10.35,9.86,10.13,40523094.0
2015-09-04,9.79,9.91,9.51,9.71,30044217.0
2015-09-08,10.21,10.58,10.08,10.4,65898935.0
2015-09-09,10.77,11.18,10.41,10.73,44603646.0
2015-09-10,10.82,11.34,10.78,11.27,53919072.0
2015-09-11,11.31,11.64,11.1,11.4,41529884.0
2015-09-14,11.17,11.54,10.88,11.16,28214947.0
2015-09-15,11.13,11.48,11.11,11.29,27995511.0
2015-09-16,11.45,11.87,11.39,11.84,29789980.0
2015-09-17,11.66,12.59,11.56,12.05,48507466.0
2015-09-18,11.34,11.43,10.54,10.88,78756206.0
2015-09-21,10.77,10.9,10.51,10.53,33035246.0
2015-09-22,9.97,10.78,9.72,10.59,90798906.0
2015-09-23,10.62,10.67,9.96,10.0,33902160.0
2015-09-24,9.7,10.14,9.57,9.99,46747634.0
2015-09-25,10.06,10.08,9.6,9.8,46375228.0
2015-09-28,9.36,9.37,8.62,8.91,49297362.0
2015-09-29,8.97,9.26,8.96,9.11,26969246.0
2015-09-30,9.27,9.78,9.25,9.69,40387973.0
2015-10-01,9.91,10.14,9.51,9.82,31179943.0
2015-10-02,9.71,10.66,9.62,10.62,39355669.0
2015-10-05,10.54,11.29,10.51,11.18,37939098.0
2015-10-06,11.43,11.93,11.3,11.83,53414897.0
2015-10-07,12.23,13.44,12.23,13.01,93597698.0
2015-10-08,12.95,13.62,12.71,13.46,52234446.0
2015-10-09,13.89,14.2,13.17,13.49,50970705.0
2015-10-12,13.54,13.54,12.53,12.94,30155712.0
2015-10-13,12.31,13.15,12.12,12.73,30659979.0
2015-10-14,12.83,13.09,12.47,13.06,27583629.0
2015-10-15,12.92,13.2,12.84,13.0,25865100.0
2015-10-16,13.06,13.06,12.25,12.44,28007399.0
2015-10-19,12.21,12.4,11.77,12.03,25699266.0
2015-10-20,11.93,12.39,11.83,12.24,23040638.0
2015-10-21,12.29,12.35,11.87,11.95,24713231.0
2015-10-22,11.54,12.8,11.53,12.02,36105491.0
2015-10-23,12.19,12.28,11.78,12.13,25140653.0
2015-10-26,12.14,12.31,11.98,12.02,13573812.0
2015-10-27,11.82,11.99,11.31,11.61,23329992.0
2015-10-28,11.42,12.36,11.4,11.78,32460325.0
2015-10-29,11.58,12.0,11.53,11.63,18722590.0
2015-10-30,11.7,12.05,11.56,11.77,21759566.0
2015-11-02,11.79,12.05,11.61,11.82,23080000.0
2015-11-03,11.82,12.67,11.81,12.41,34369149.0
2015-11-04,12.65,12.75,11.77,12.02,30380916.0
2015-11-05,11.77,11.86,11.21,11.48,36790972.0
2015-11-06,11.17,11.25,10.61,10.75,35289329.0
2015-11-09,10.73,10.88,10.13,10.49,28831893.0
2015-11-10,10.37,10.37,9.8,9.83,33570646.0
2015-11-11,9.91,9.92,9.02,9.31,40735532.0
2015-11-12,8.86,9.17,8.6,8.77,46993157.0
2015-11-13,8.97,8.99,8.64,8.68,31829455.0
2015-11-16,8.71,8.92,8.61,8.86,30249776.0
2015-11-17,8.94,8.97,8.33,8.39,32653307.0
2015-11-18,8.53,8.8,8.45,8.77,32221154.0
2015-11-19,8.79,8.85,8.4,8.41,27375410.0
2015-11-20,8.44,8.58,8.0,8.25,33716992.0
2015-11-23,8.2,8.2,7.93,8.0,36018898.0
2015-11-24,8.19,8.4,8.0,8.3,47306219.0
2015-11-25,8.16,8.49,8.0,8.1,29659360.0
2015-11-27,8.13,8.25,8.03,8.1,14910850.0
2015-11-30,8.11,8.48,8.03,8.18,33855193.0
2015-12-01,8.25,8.41,8.13,8.33,32715958.0
2015-12-02,8.23,8.23,7.8,7.83,45147888.0
2015-12-03,7.85,7.98,7.63,7.68,45411663.0
2015-12-04,7.65,7.92,7.54,7.85,45575775.0
2015-12-07,7.63,7.63,7.19,7.23,45736377.0
2015-12-08,7.06,7.06,6.63,6.74,57722695.0
2015-12-09,6.96,7.48,6.9,6.99,60638800.0
2015-12-10,7.07,7.45,6.93,7.36,47361063.0
2015-12-11,7.16,7.29,6.83,6.9,69179927.0
2015-12-14,6.85,6.95,6.43,6.46,57013872.0
2015-12-15,6.57,6.79,6.46,6.52,47271576.0
2015-12-16,6.63,6.86,6.53,6.69,50024503.0
2015-12-17,6.57,6.64,6.1,6.12,53049501.0
2015-12-18,6.29,6.48,6.08,6.21,95186071.0
2015-12-21,6.31,6.48,6.13,6.24,42729447.0
2015-12-22,6.28,6.46,6.22,6.42,40876432.0
2015-12-23,6.7,7.53,6.7,7.45,76506116.0
2015-12-24,7.53,7.64,7.26,7.57,23225204.0
2015-12-28,7.33,7.33,6.81,6.85,42541772.0
2015-12-29,7.15,7.29,6.86,6.97,35355335.0
2015-12-30,6.74,6.94,6.68,6.77,26384702.0
2015-12-31,6.69,6.93,6.68,6.77,24404129.0
2016-01-04,6.6,6.76,6.3,6.55,43042368.0
2016-01-05,6.62,6.73,6.51,6.71,37691600.0
2016-01-06,6.37,6.47,6.13,6.17,45274258.0
2016-01-07,5.98,6.04,5.43,5.61,66549752.0
2016-01-08,5.67,5.71,5.36,5.41,42214001.0
2016-01-11,5.4,5.42,4.23,4.31,117406913.0
2016-01-12,4.47,4.58,3.65,4.11,141297014.0
2016-01-13,4.18,4.28,3.7,3.74,64470139.0
2016-01-14,3.81,4.23,3.78,4.2,77645762.0
2016-01-15,3.8,4.35,3.77,4.35,72993277.0
2016-01-19,4.58,4.58,3.92,3.96,59764684.0
2016-01-20,3.77,4.13,3.52,4.07,88462530.0
2016-01-21,4.14,4.43,3.97,4.33,61069731.0
2016-01-22,4.59,4.66,3.8,3.94,108762662.0
2016-01-25,3.87,4.0,3.81,3.94,51379290.0
2016-01-26,4.4,4.42,3.83,4.2,91959057.0
2016-01-27,4.06,5.08,4.02,4.65,95983315.0
2016-01-28,4.8,4.88,4.21,4.42,66841884.0
2016-01-29,4.44,4.75,4.37,4.6,42032273.0
2016-02-01,4.5,4.81,4.33,4.74,48304446.0
2016-02-02,4.6,4.65,4.26,4.35,31630600.0
2016-02-03,4.43,4.85,4.35,4.85,44246029.0
2016-02-04,5.1,6.03,5.09,5.72,116289858.0
2016-02-05,5.57,5.98,5.45,5.68,71756149.0
2016-02-08,5.46,5.93,5.17,5.27,64887496.0
2016-02-09,5.12,5.4,4.97,5.0,44703591.0
2016-02-10,4.95,5.13,4.78,4.98,33778558.0
2016-02-11,4.81,5.08,4.65,4.89,38051039.0
2016-02-12,5.12,5.74,5.08,5.53,44484174.0
2016-02-16,5.82,6.37,5.8,6.37,77019357.0
2016-02-17,6.63,7.6,6.6,7.16,103744628.0
2016-02-18,7.4,7.42,6.65,7.15,59717167.0
2016-02-19,6.98,7.17,6.75,6.92,38851110.0
2016-02-22,7.27,7.97,7.27,7.93,75204776.0
2016-02-23,7.55,7.74,7.15,7.24,58971054.0
2016-02-24,6.74,7.26,6.55,7.2,57113906.0
2016-02-25,7.14,7.34,6.79,7.12,35423655.0
2016-02-26,7.7,7.8,7.31,7.43,48359070.0
2016-02-29,7.69,7.84,7.51,7.63,49110094.0
2016-03-01,7.84,7.88,7.26,7.76,54181487.0
2016-03-02,7.82,9.02,7.79,8.97,84837739.0
2016-03-03,8.66,9.2,8.46,9.11,66729346.0
2016-03-04,9.32,10.49,9.17,9.74,104868694.0
2016-03-07,9.77,10.2,9.51,9.86,63724140.0
2016-03-08,9.37,9.42,8.56,8.66,58423638.0
2016-03-09,8.91,9.23,8.47,9.15,49098175.0
2016-03-10,8.86,9.65,8.75,9.6,55736587.0
2016-03-11,9.85,9.88,9.41,9.55,40919731.0
2016-03-14,9.47,10.14,9.37,9.97,39957703.0
2016-03-15,9.45,9.49,9.03,9.27,36375299.0
2016-03-16,9.25,10.28,9.22,10.22,49260667.0
2016-03-17,10.43,11.07,10.06,10.9,52897530.0
2016-03-18,11.04,11.44,10.44,10.76,79229517.0
2016-03-21,10.65,10.93,10.35,10.8,31260634.0
2016-03-22,10.56,11.2,10.43,10.99,31063067.0
2016-03-23,10.57,10.72,9.73,9.75,48615657.0
2016-03-24,9.37,10.14,9.1,10.11,52631404.0
2016-03-28,10.25,10.48,9.73,10.14,35310874.0
2016-03-29,9.71,10.3,9.41,10.14,44164161.0
2016-03-30,10.36,10.59,9.99,10.29,46768757.0
2016-03-31,10.13,10.46,10.13,10.34,32904160.0
2016-04-01,9.92,10.0,9.58,9.89,41403290.0
2016-04-04,9.91,10.09,9.39,9.42,38661036.0
2016-04-05,9.26,9.62,9.22,9.34,32210058.0
2016-04-06,9.47,9.65,9.1,9.61,37222998.0
2016-04-07,9.28,9.51,8.76,8.85,61163981.0
2016-04-08,9.17,9.53,9.02,9.33,37142612.0
2016-04-11,9.58,9.88,9.51,9.76,33164552.0
2016-04-12,10.03,10.48,9.9,10.43,59303427.0
2016-04-13,10.74,11.23,10.72,10.82,55002729.0
2016-04-14,10.85,11.07,10.54,10.73,37721802.0
2016-04-15,10.47,10.92,10.35,10.86,29401898.0
2016-04-18,10.48,11.09,10.21,11.02,41019879.0
2016-04-19,11.07,12.02,11.06,12.01,63069624.0
2016-04-20,11.95,12.69,11.82,12.36,61935812.0
2016-04-21,12.59,12.7,11.47,11.52,65994148.0
2016-04-22,11.76,12.05,11.43,11.67,53041919.0
2016-04-25,11.59,11.76,11.16,11.35,35762489.0
2016-04-26,11.29,11.6,10.56,11.48,56609191.0
2016-04-27,11.69,12.67,11.59,12.65,58340404.0
2016-04-28,12.66,13.36,12.61,12.66,62610662.0
2016-04-29,13.11,14.06,13.05,14.0,74522762.0
2016-05-02,14.03,14.04,13.31,13.55,46194594.0
2016-05-03,13.04,13.08,12.0,12.01,58848896.0
2016-05-04,12.14,12.51,11.58,11.8,48085845.0
2016-05-05,12.09,12.22,11.08,11.29,50134280.0
2016-05-06,11.14,12.12,11.13,11.79,51542176.0
2016-05-09,11.2,11.24,10.37,10.52,51299530.0
2016-05-10,10.79,10.98,10.51,10.86,25908241.0
2016-05-11,11.02,11.94,11.0,11.61,46750035.0
2016-05-12,11.67,11.98,10.83,11.03,47995945.0
2016-05-13,10.96,11.37,10.29,10.41,43784714.0
2016-05-16,10.78,11.46,10.78,11.04,43708724.0
2016-05-17,11.3,11.9,11.08,11.51,60364553.0
2016-05-18,11.23,11.48,10.35,10.54,55563327.0
2016-05-19,10.33,11.02,10.22,10.98,47882277.0
2016-05-20,11.13,11.36,10.87,11.08,42638218.0
2016-05-23,10.8,11.45,10.72,11.38,41978973.0
2016-05-24,11.41,11.51,11.03,11.11,37911788.0
2016-05-25,11.39,11.73,11.11,11.65,45708113.0
2016-05-26,11.91,12.04,11.28,11.34,31361015.0
2016-05-27,11.35,11.42,10.96,11.14,28605881.0
2016-05-31,11.06,11.5,11.03,11.08,34405307.0
2016-06-01,10.8,10.87,10.27,10.6,43736683.0
2016-06-02,10.49,10.71,10.35,10.66,29626413.0
2016-06-03,11.0,11.28,10.91,11.11,34793081.0
2016-06-06,11.38,11.68,11.37,11.65,43483439.0
2016-06-07,11.32,11.47,11.17,11.24,32086784.0
2016-06-08,11.64,11.92,11.56,11.58,37423937.0
2016-06-09,11.21,11.21,10.78,10.9,48883833.0
2016-06-10,10.53,10.68,10.26,10.36,38316391.0
2016-06-13,10.25,10.71,10.24,10.4,25621540.0
2016-06-14,10.3,10.45,9.82,10.21,33189630.0
2016-06-15,10.64,11.3,10.6,11.0,62811679.0
2016-06-16,10.81,10.82,10.32,10.78,39506889.0
2016-06-17,11.03,11.4,10.98,11.14,40751949.0
2016-06-20,11.47,11.9,11.42,11.55,38852467.0
2016-06-21,11.48,11.66,11.25,11.61,28817184.0
2016-06-22,11.81,11.9,11.36,11.5,36823152.0
2016-06-23,11.72,11.93,11.61,11.77,33377421.0
2016-06-24,11.02,11.11,10.51,10.58,54000546.0
2016-06-27,10.56,10.56,10.35,10.35,3179412.0
2016-06-28,10.62,10.92,10.52,10.69,41788029.0
2016-06-29,10.87,11.08,10.76,10.77,29246642.0
2016-06-30,10.85,11.18,10.61,11.14,33627849.0
2016-07-01,11.04,11.5,10.94,11.35,27431670.0
2016-07-05,11.1,11.18,10.34,10.5,38089873.0
2016-07-06,10.45,10.9,10.27,10.89,29830430.0
2016-07-07,11.07,11.41,10.56,10.67,38453928.0
2016-07-08,10.93,11.24,10.81,11.2,36029991.0
2016-07-11,11.4,11.89,11.37,11.65,33348130.0
2016-07-12,12.05,12.98,12.02,12.9,58922464.0
2016-07-13,12.8,13.0,12.42,12.96,44416239.0
2016-07-14,13.03,13.22,12.68,12.95,31560034.0
2016-07-15,13.03,13.25,12.91,13.11,24254773.0
2016-07-18,12.91,13.15,12.6,13.14,22209993.0
2016-07-19,12.92,12.95,12.4,12.45,27123992.0
2016-07-20,12.11,12.4,11.69,12.3,39196668.0
2016-07-21,12.5,12.89,12.44,12.87,34190720.0
2016-07-22,12.78,12.87,12.53,12.67,23433251.0
2016-07-25,12.62,12.62,12.17,12.38,29492166.0
2016-07-26,11.6,12.84,11.25,12.68,71464955.0
2016-07-27,12.89,13.59,12.8,13.06,51471757.0
2016-07-28,13.13,13.19,12.72,12.94,24752169.0
2016-07-29,12.76,13.03,12.63,12.96,28950625.0
2016-08-01,13.01,13.04,12.41,12.48,26277027.0
2016-08-02,12.64,12.7,12.21,12.4,24116358.0
2016-08-03,12.2,12.58,12.03,12.39,24935084.0
2016-08-04,12.23,12.6,12.2,12.32,23454178.0
2016-08-05,12.32,12.37,11.88,12.23,36704115.0
2016-08-08,12.49,12.73,12.28,12.29,29702981.0
2016-08-09,12.28,12.5,12.03,12.09,20151425.0
2016-08-10,12.47,12.5,12.0,12.02,21331130.0
2016-08-11,12.15,12.2,11.93,12.11,21541546.0
2016-08-12,12.0,12.18,11.72,11.82,23260746.0
2016-08-15,11.95,12.28,11.93,12.17,20583033.0
2016-08-16,12.36,12.36,12.05,12.08,20198939.0
2016-08-17,11.98,12.04,11.78,12.0,20358095.0
2016-08-18,12.2,12.27,12.04,12.23,20866712.0
2016-08-19,12.06,12.08,11.89,11.97,17280842.0
2016-08-22,11.75,11.92,11.51,11.83,20349671.0
2016-08-23,11.95,12.2,11.79,11.98,25063634.0
2016-08-24,11.82,11.86,11.04,11.08,43985624.0
2016-08-25,11.08,11.3,10.89,11.09,31310803.0
2016-08-26,11.24,11.58,10.82,10.89,32802117.0
2016-08-29,10.82,11.11,10.8,10.98,18343594.0
2016-08-30,10.94,10.97,10.45,10.56,28198789.0
2016-08-31,10.43,10.51,10.18,10.29,32201116.0
2016-09-01,10.32,10.47,10.18,10.35,20777266.0
2016-09-02,10.63,10.83,10.39,10.48,23681527.0
2016-09-06,10.6,10.81,10.52,10.72,21365513.0
2016-09-07,10.71,10.83,10.49,10.6,18407494.0
2016-09-08,10.62,10.71,10.28,10.62,29240686.0
2016-09-09,10.48,10.55,10.17,10.27,28915550.0
2016-09-12,10.01,11.14,9.9,11.08,59914986.0
2016-09-13,10.65,10.67,9.97,10.15,52845929.0
2016-09-14,10.09,10.18,9.7,9.8,47996232.0
2016-09-15,9.81,9.94,9.43,9.78,40645149.0
2016-09-16,9.6,9.99,9.51,9.94,36054365.0
2016-09-19,10.12,10.2,9.87,10.01,27230437.0
2016-09-20,9.97,10.13,9.8,9.95,24390969.0
2016-09-21,10.14,10.58,10.12,10.54,30345066.0
2016-09-22,10.84,11.13,10.82,10.98,36692360.0
2016-09-23,10.88,11.05,10.62,10.63,22320719.0
2016-09-26,10.69,10.86,10.47,10.51,24049259.0
2016-09-27,10.33,10.36,9.99,10.21,24677130.0
2016-09-28,10.41,10.92,10.27,10.91,29747608.0
2016-09-29,10.74,11.05,10.56,10.69,25113760.0
2016-09-30,10.83,11.11,10.8,10.86,26468700.0
2016-10-03,10.98,11.2,10.66,10.69,25469752.0
2016-10-04,10.75,10.78,10.25,10.39,27974777.0
2016-10-05,10.45,10.78,10.45,10.67,22107934.0
2016-10-06,10.51,10.61,10.3,10.3,18066912.0
2016-10-07,10.57,10.64,10.0,10.13,34383886.0
2016-10-10,10.29,10.42,10.14,10.19,18673621.0
2016-10-11,10.08,10.08,9.78,9.87,28834018.0
2016-10-12,9.84,10.15,9.8,10.05,18492095.0
2016-10-13,9.54,9.74,9.24,9.64,47857495.0
2016-10-14,9.78,9.93,9.56,9.66,26028956.0
2016-10-17,9.52,9.75,9.5,9.52,15198284.0
2016-10-18,9.71,9.8,9.53,9.72,17416299.0
2016-10-19,9.8,10.18,9.54,10.02,34086358.0
2016-10-20,9.82,10.28,9.64,10.21,39902593.0
2016-10-21,10.01,10.25,9.96,10.04,20959618.0
2016-10-24,10.15,10.23,9.85,10.18,28149369.0
2016-10-25,10.44,11.0,10.35,10.55,53872501.0
2016-10-26,10.45,10.67,10.33,10.58,24181509.0
2016-10-27,10.64,10.8,10.49,10.69,23642101.0
2016-10-28,10.78,11.18,10.76,10.93,36026382.0
2016-10-31,10.97,11.19,10.85,11.18,26116311.0
2016-11-01,11.31,11.37,11.02,11.15,24629157.0
2016-11-02,10.99,11.21,10.61,10.62,28235410.0
2016-11-03,10.73,11.0,10.63,10.73,19239863.0
2016-11-04,10.65,11.24,10.5,11.05,27907923.0
2016-11-07,11.42,11.45,11.11,11.29,31008815.0
2016-11-08,11.3,12.16,11.24,12.09,60810830.0
2016-11-09,12.91,13.22,12.78,13.07,79890005.0
2016-11-10,13.71,14.15,13.59,13.8,82364105.0
2016-11-11,14.12,14.26,13.1,13.94,72318032.0
2016-11-14,14.04,14.05,13.55,13.92,36168781.0
2016-11-15,13.5,14.01,13.46,13.99,36831896.0
2016-11-16,13.7,13.96,13.5,13.8,29447851.0
2016-11-17,13.85,14.02,13.61,13.8,26245367.0
2016-11-18,13.79,13.91,13.57,13.73,18127490.0
2016-11-21,14.21,14.54,14.15,14.51,44329226.0
2016-11-22,14.84,15.18,14.77,15.12,51079060.0
2016-11-23,14.88,16.42,14.85,16.21,68734369.0
2016-11-25,16.34,16.35,15.82,16.0,29522130.0
2016-11-28,15.88,16.04,15.57,15.78,28495701.0
2016-11-29,15.24,15.47,14.85,14.97,40795424.0
2016-11-30,15.4,15.62,15.06,15.35,41697007.0
2016-12-01,15.5,15.84,14.98,15.03,31823129.0
2016-12-02,14.97,15.65,14.93,15.42,27334051.0
2016-12-05,15.8,15.99,15.53,15.87,35454728.0
2016-12-06,15.63,15.96,15.6,15.89,24437770.0
2016-12-07,16.0,16.08,15.18,15.43,39163970.0
2016-12-08,15.64,15.77,15.28,15.6,28198910.0
2016-12-09,15.81,16.08,15.56,15.75,25141443.0
2016-12-12,15.94,15.96,15.24,15.36,24459516.0
2016-12-13,15.3,15.47,14.52,15.04,35245500.0
2016-12-14,14.87,15.14,14.56,14.65,28476528.0
2016-12-15,14.35,14.96,14.28,14.61,29533117.0
2016-12-16,14.44,14.56,13.83,13.83,60058972.0
2016-12-19,13.6,13.74,13.26,13.55,37625539.0
2016-12-20,13.59,14.29,13.57,14.16,24850942.0
2016-12-21,14.29,14.29,13.97,14.05,14997332.0
2016-12-22,13.99,14.3,13.78,13.8,17885249.0
2016-12-23,13.67,13.9,13.63,13.81,12582543.0
2016-12-27,13.95,14.12,13.72,13.76,15939868.0
2016-12-28,13.97,14.02,13.51,13.57,18425890.0
2016-12-29,13.56,13.61,13.3,13.48,15283729.0
2016-12-30,13.58,13.74,13.13,13.19,16745011.0
2017-01-03,13.49,13.89,13.4,13.78,28561294.0
2017-01-04,14.09,14.84,13.94,14.83,36271446.0
2017-01-05,14.68,15.29,14.41,14.62,34950139.0
2017-01-06,14.73,15.0,14.57,14.9,24429485.0
2017-01-09,14.85,14.93,14.62,14.68,17288050.0
2017-01-10,15.32,15.73,15.22,15.55,44170708.0
2017-01-11,15.55,15.93,15.23,15.87,29746506.0
2017-01-12,15.61,15.66,15.18,15.27,33933844.0
2017-01-13,15.26,15.28,14.51,15.19,33861050.0
2017-01-17,15.29,15.33,14.91,15.06,19288703.0
2017-01-18,15.08,15.39,14.98,15.24,18609548.0
2017-01-19,15.16,15.41,15.07,15.26,13250410.0
2017-01-20,15.33,15.51,15.28,15.51,17965782.0
2017-01-23,15.72,15.75,15.51,15.72,19885316.0
2017-01-24,16.3,17.06,16.11,17.02,56612866.0
2017-01-25,16.44,16.65,15.81,16.5,70035439.0
2017-01-26,16.16,16.38,15.73,15.84,41459075.0
2017-01-27,15.89,16.58,15.81,16.37,31572424.0
2017-01-30,16.1,16.28,15.95,16.25,27085577.0
2017-01-31,16.56,16.7,16.33,16.65,25302054.0
2017-02-01,16.63,16.89,16.41,16.84,21047482.0
2017-02-02,16.69,16.89,16.61,16.81,18102234.0
2017-02-03,16.5,16.75,15.71,15.83,56813141.0
2017-02-06,16.02,16.15,15.71,16.0,22961822.0
2017-02-07,16.01,16.08,15.41,15.52,38340718.0
2017-02-08,15.4,15.79,15.23,15.53,30193092.0
2017-02-09,15.55,15.55,15.15,15.39,25914238.0
2017-02-10,16.41,16.56,15.74,15.8,45456533.0
2017-02-13,16.02,16.19,15.93,15.96,26594999.0
2017-02-14,15.8,15.99,15.56,15.9,23434157.0
2017-02-15,15.66,15.77,15.35,15.37,30478821.0
2017-02-16,15.33,15.44,15.01,15.07,24693972.0
2017-02-17,15.22,15.31,14.8,14.91,24162440.0
2017-02-21,14.64,14.64,13.92,14.13,66025573.0
2017-02-22,13.9,14.06,13.57,13.73,36801016.0
2017-02-23,13.82,14.04,13.41,13.48,30478542.0
2017-02-24,13.34,13.61,13.16,13.25,27396918.0
2017-02-27,13.37,13.63,13.18,13.27,32185099.0
2017-02-28,13.24,13.63,13.23,13.4,28914703.0
2017-03-01,13.78,14.0,13.61,13.99,32861314.0
2017-03-02,13.94,13.97,13.29,13.31,23762113.0
2017-03-03,13.42,13.42,13.03,13.2,21298767.0
2017-03-06,12.92,12.95,12.53,12.9,27139385.0
2017-03-07,12.9,13.0,12.54,12.69,19155675.0
2017-03-08,12.71,12.79,12.35,12.44,21026320.0
2017-03-09,12.23,12.53,12.18,12.4,21395163.0
2017-03-10,12.55,12.62,12.2,12.37,22449292.0
2017-03-13,12.63,12.82,12.46,12.56,20014151.0
2017-03-14,12.4,12.46,12.17,12.27,19514735.0
2017-03-15,12.39,12.97,12.33,12.89,24741581.0
2017-03-16,13.14,13.16,12.75,12.82,17096305.0
2017-03-17,12.92,13.14,12.65,12.76,27517283.0
2017-03-20,12.72,12.9,12.49,12.73,14861261.0
2017-03-21,13.02,13.17,12.53,12.57,29195606.0
2017-03-22,12.63,13.06,12.58,12.86,19643160.0
2017-03-23,12.83,12.98,12.65,12.83,16113175.0
2017-03-24,12.81,12.93,12.71,12.81,10864899.0
2017-03-27,12.24,12.32,11.91,12.21,35694819.0
2017-03-28,12.21,12.66,12.15,12.57,22997159.0
2017-03-29,12.52,12.84,12.45,12.72,16069575.0
2017-03-30,12.75,13.53,12.74,13.31,34523174.0
2017-03-31,13.23,13.59,13.21,13.36,22903122.0
2017-04-03,13.5,13.53,13.01,13.24,21650494.0
2017-04-04,13.56,13.63,13.31,13.54,21489121.0
2017-04-05,13.73,13.83,13.37,13.44,19087265.0
2017-04-06,13.53,13.72,13.35,13.56,12781767.0
2017-04-07,13.41,13.57,13.28,13.37,21466383.0
2017-04-10,13.35,13.61,13.34,13.52,11134953.0
2017-04-11,13.57,13.65,13.37,13.62,12441235.0
2017-04-12,13.44,13.46,12.78,12.88,22626380.0
2017-04-13,12.86,13.01,12.61,12.72,14816308.0
2017-04-17,12.8,12.8,12.5,12.75,10972950.0
2017-04-18,12.58,12.7,12.32,12.47,17606158.0
2017-04-19,12.61,12.64,12.27,12.35,16531541.0
2017-04-20,12.48,12.66,12.36,12.51,16022357.0
2017-04-21,12.46,12.48,12.03,12.23,27650042.0
2017-04-24,12.43,12.62,12.2,12.23,32406737.0
2017-04-25,12.52,13.36,12.39,13.1,50527951.0
2017-04-26,13.02,13.79,12.88,13.5,31409941.0
2017-04-27,13.45,13.47,13.0,13.01,23723582.0
2017-04-28,13.16,13.19,12.73,12.75,22819167.0
2017-05-01,12.78,12.89,12.51,12.54,16787039.0
2017-05-02,12.48,12.85,12.47,12.72,17082666.0
2017-05-03,12.4,12.41,11.77,12.02,36587588.0
2017-05-04,11.7,11.75,11.42,11.68,33472646.0
2017-05-05,11.71,11.95,11.68,11.8,17982991.0
2017-05-08,11.69,11.74,11.55,11.67,18818283.0
2017-05-09,11.78,11.99,11.62,11.63,19398499.0
2017-05-10,11.75,11.8,11.55,11.72,20500306.0
2017-05-11,11.86,11.88,11.62,11.68,14786265.0
2017-05-12,11.63,11.78,11.49,11.51,15582090.0
2017-05-15,11.73,11.87,11.67,11.75,19718886.0
2017-05-16,11.86,11.86,11.69,11.77,17734064.0
2017-05-17,11.65,11.71,11.35,11.43,15917543.0
2017-05-18,11.31,11.45,11.06,11.29,19231062.0
2017-05-19,11.4,11.85,11.38,11.73,30057188.0
2017-05-22,11.74,11.89,11.6,11.83,16208492.0
2017-05-23,11.8,11.98,11.73,11.88,11648918.0
2017-05-24,11.95,12.05,11.78,11.9,14718752.0
2017-05-25,12.0,12.24,11.62,11.7,18875522.0
2017-05-26,11.69,11.73,11.52,11.67,9747397.0
2017-05-30,11.76,11.82,11.57,11.67,9874609.0
2017-05-31,11.53,11.55,11.18,11.49,25310602.0
2017-06-01,11.47,11.62,11.37,11.45,17577009.0
2017-06-02,11.3,11.41,11.05,11.29,17868149.0
2017-06-05,11.2,11.51,11.19,11.42,12541109.0
2017-06-06,11.45,11.98,11.3,11.85,21798085.0
2017-06-07,11.9,11.96,11.56,11.72,27296316.0
2017-06-08,11.67,12.24,11.62,12.06,24302956.0
2017-06-09,12.06,12.47,12.05,12.36,25819757.0
2017-06-12,12.36,12.61,12.24,12.34,24308272.0
2017-06-13,12.28,12.44,12.21,12.36,10094575.0
2017-06-14,12.46,12.46,12.01,12.09,20050306.0
2017-06-15,11.97,12.08,11.48,11.5,22284083.0
2017-06-16,11.5,11.61,11.2,11.42,22595867.0
2017-06-19,11.51,11.68,11.47,11.59,14187248.0
2017-06-20,11.4,11.41,11.12,11.24,16791136.0
2017-06-21,11.29,11.45,11.12,11.21,12550947.0
2017-06-22,11.19,11.64,11.15,11.45,14720290.0
2017-06-23,11.53,11.81,11.34,11.76,20742973.0
2017-06-26,11.9,11.96,11.73,11.82,13969361.0
2017-06-27,11.98,12.14,11.72,11.72,14693426.0
2017-06-28,11.86,12.09,11.68,11.99,12231085.0
2017-06-29,12.1,12.33,11.98,12.08,16253934.0
2017-06-30,12.12,12.19,11.89,12.01,14789953.0
2017-07-03,12.08,12.3,12.06,12.2,8517402.0
2017-07-05,12.2,12.36,11.98,12.17,13966991.0
2017-07-06,12.09,12.21,11.86,11.89,12965542.0
2017-07-07,11.92,12.0,11.71,11.9,12151384.0
2017-07-10,11.82,12.64,11.78,12.52,24244956.0
2017-07-11,12.52,12.63,12.17,12.6,8337033.0
2017-07-12,12.43,12.61,12.2,12.27,11086006.0
2017-07-13,12.36,12.57,12.31,12.48,7995628.0
2017-07-14,12.54,12.69,12.51,12.62,4916716.0
2017-07-17,12.78,13.36,12.75,13.01,12230347.0
2017-07-18,12.98,13.02,12.76,13.01,7047667.0
2017-07-19,13.03,13.19,12.96,13.11,14094964.0
2017-07-20,13.13,13.21,12.8,13.05,5662293.0
2017-07-21,13.07,13.19,12.9,13.02,4211664.0
2017-07-24,13.02,13.08,12.79,12.97,5861728.0
2017-07-25,13.35,14.99,13.32,14.87,33569143.0
2017-07-26,14.75,15.27,14.41,15.04,16960027.0
2017-07-27,15.06,15.1,14.45,14.5,32949262.0
2017-07-28,14.52,14.8,14.45,14.6,7325397.0
2017-07-31,14.8,14.9,14.54,14.62,17116823.0
2017-08-01,14.62,14.69,14.22,14.49,8059080.0
2017-08-02,14.13,14.5,14.06,14.39,7667461.0
2017-08-03,14.34,14.58,14.17,14.39,8876615.0
2017-08-04,14.45,14.65,14.35,14.42,5965515.0
2017-08-07,14.56,14.85,14.5,14.7,5732671.0
2017-08-08,14.61,14.85,14.41,14.48,7134937.0
2017-08-09,14.47,14.61,14.28,14.59,13141573.0
2017-08-10,14.47,14.58,14.12,14.15,17623231.0
2017-08-11,14.0,14.1,13.82,13.96,19768300.0
2017-08-14,14.09,14.24,13.99,14.15,17354049.0
2017-08-15,14.0,14.24,13.9,13.97,14953446.0
2017-08-16,14.28,14.84,14.18,14.77,24237453.0
2017-08-17,14.62,14.75,14.17,14.2,18099966.0
2017-08-18,14.06,14.34,13.92,14.15,15434337.0
2017-08-21,14.54,14.89,14.48,14.73,23224665.0
2017-08-22,14.91,15.46,14.88,15.07,31838296.0
2017-08-23,14.99,15.38,14.92,15.29,20105764.0
2017-08-24,15.29,15.64,15.16,15.49,22742784.0
2017-08-25,15.71,15.75,15.13,15.29,18065553.0
2017-08-28,15.4,15.67,15.38,15.53,13369292.0
2017-08-29,15.5,15.5,14.64,15.21,30039911.0
2017-08-30,15.15,15.17,14.54,14.56,23623298.0
2017-08-31,14.83,14.98,14.59,14.78,19899013.0
2017-09-01,14.93,15.2,14.92,15.07,12882029.0
2017-09-05,15.23,15.38,14.58,14.79,20277102.0
2017-09-06,14.5,15.11,14.5,15.06,15728976.0
2017-09-07,15.06,15.25,14.87,15.21,15428595.0
2017-09-08,14.97,14.97,14.13,14.24,27476788.0
2017-09-11,14.48,14.6,14.34,14.39,19727795.0
2017-09-12,14.3,14.48,14.07,14.3,20797832.0
2017-09-13,14.02,14.08,13.83,13.94,23715259.0
2017-09-14,13.85,13.92,13.65,13.86,17269956.0
2017-09-15,13.82,14.05,13.82,13.88,21269049.0
2017-09-18,13.9,14.24,13.89,14.13,14094435.0
2017-09-19,14.15,14.56,13.96,14.48,21264248.0
2017-09-20,14.53,14.68,13.95,14.18,18445476.0
2017-09-21,13.93,14.24,13.82,13.98,16532196.0
2017-09-22,13.9,14.34,13.88,14.06,12562049.0
2017-09-25,13.99,14.06,13.76,13.89,15654978.0
2017-09-26,13.98,14.16,13.9,13.99,13521028.0
2017-09-27,14.1,14.12,13.85,14.0,11806203.0
2017-09-28,14.0,14.56,13.85,14.42,20049863.0
2017-09-29,14.4,14.41,13.96,14.04,15714131.0
2017-10-02,13.98,14.34,13.97,14.34,14783804.0
2017-10-03,14.42,14.67,14.26,14.64,13404170.0
2017-10-04,14.68,14.87,14.52,14.53,15923723.0
2017-10-05,14.87,15.39,14.65,14.75,25632484.0
2017-10-06,14.61,14.67,14.26,14.33,16569233.0
2017-10-09,14.3,14.46,14.18,14.32,9521745.0
2017-10-10,14.49,14.69,14.36,14.41,13055983.0
2017-10-11,14.36,14.55,14.27,14.43,14388999.0
2017-10-12,14.53,14.68,14.45,14.51,14161524.0
2017-10-13,14.8,14.87,14.64,14.75,13737502.0
2017-10-16,15.26,15.59,15.04,15.27,26131977.0
2017-10-17,15.02,15.06,14.66,14.93,22915214.0
2017-10-18,14.78,14.9,14.62,14.83,15252001.0
2017-10-19,14.73,14.84,14.45,14.81,15985631.0
2017-10-20,14.92,15.04,14.71,14.83,14307072.0
2017-10-23,14.85,14.91,14.76,14.81,16018360.0
2017-10-24,15.0,15.23,14.9,15.23,20956000.0
2017-10-25,15.26,15.58,14.44,14.7,30437913.0
2017-10-26,14.83,14.9,14.6,14.69,16863119.0
2017-10-27,14.23,14.32,13.9,14.13,22873999.0
2017-10-30,14.06,14.26,13.94,13.94,15066065.0
2017-10-31,13.94,14.04,13.84,13.98,14397629.0
2017-11-01,14.4,14.69,14.27,14.38,18478825.0
2017-11-02,14.27,14.57,14.15,14.23,13059602.0
2017-11-03,14.2,14.27,14.04,14.15,8681334.0
2017-11-06,14.33,14.65,14.25,14.64,14020614.0
2017-11-07,14.49,14.57,14.36,14.55,10558993.0
2017-11-08,14.62,14.94,14.48,14.86,15949421.0
2017-11-09,14.64,14.8,14.47,14.72,15859870.0
2017-11-10,14.73,14.98,14.39,14.41,13518207.0
2017-11-13,14.33,14.64,14.31,14.43,9908239.0
2017-11-14,14.28,14.3,13.57,13.8,27677701.0
2017-11-15,13.59,13.79,13.22,13.63,17992765.0
2017-11-16,13.71,13.77,13.49,13.62,13654152.0
2017-11-17,13.51,13.93,13.5,13.86,15334576.0
2017-11-20,13.74,14.03,13.73,13.95,13823694.0
2017-11-21,14.1,14.29,14.07,14.15,12985276.0
2017-11-22,14.23,14.31,14.11,14.24,9338906.0
2017-11-24,14.28,14.54,14.25,14.35,6136288.0
2017-11-27,14.25,14.3,13.97,14.09,11047393.0
2017-11-28,13.96,14.25,13.88,14.21,11794120.0
2017-11-29,14.07,14.19,13.84,14.01,11271253.0
2017-11-30,14.1,14.15,13.84,13.92,18073300.0
2017-12-01,13.94,14.31,13.84,14.11,13706073.0
2017-12-04,14.25,14.65,14.2,14.3,16978959.0
2017-12-05,13.92,14.14,13.81,14.11,19535161.0
2017-12-06,14.11,14.46,14.11,14.35,22659379.0
2017-12-07,14.2,14.87,14.2,14.84,20610031.0
2017-12-08,14.97,15.0,14.85,14.97,12024545.0
2017-12-11,15.05,15.16,14.95,15.02,15508974.0
2017-12-12,15.15,15.75,15.11,15.71,24138467.0
2017-12-13,15.7,16.35,15.68,16.32,27314271.0
2017-12-14,16.32,16.44,16.15,16.19,23485241.0
2017-12-15,16.39,16.99,16.38,16.98,36565956.0
2017-12-18,16.98,17.46,16.82,17.35,25429218.0
2017-12-19,17.28,17.45,17.2,17.33,17764819.0
2017-12-20,17.52,17.68,17.37,17.66,20886491.0
2017-12-21,17.8,18.34,17.73,18.18,20761700.0
2017-12-22,18.19,18.31,18.01,18.1,13649056.0
2017-12-26,18.1,18.79,18.03,18.67,16561215.0
2017-12-27,18.73,19.06,18.5,18.69,17299489.0
2017-12-28,18.84,19.3,18.7,19.27,18291666.0
2017-12-29,19.37,19.45,18.68,18.96,15589690.0
2018-01-02,19.05,19.79,18.98,19.77,21899857.0
2018-01-03,19.81,19.85,19.16,19.47,20673587.0
2018-01-04,19.63,19.82,19.32,19.74,19540525.0
2018-01-05,19.69,19.91,19.53,19.9,13870616.0
2018-01-08,19.96,19.99,19.72,19.81,15237170.0
2018-01-09,19.78,19.79,18.85,18.92,32628483.0
2018-01-10,19.07,19.74,19.0,19.51,28035239.0
2018-01-11,19.64,19.94,19.37,19.88,21236145.0
2018-01-12,19.94,20.07,19.61,19.75,14187599.0
2018-01-16,19.5,19.75,19.13,19.32,22835370.0
2018-01-17,19.34,19.82,19.31,19.77,16886551.0
2018-01-18,19.7,19.8,19.37,19.4,23340984.0
2018-01-19,19.48,20.16,19.41,19.96,22636088.0
2018-01-22,19.85,20.18,19.69,19.99,17637649.0
2018-01-23,19.6,19.72,18.94,19.55,27792123.0
2018-01-24,19.89,20.14,19.4,19.6,26371285.0
2018-01-25,19.96,20.25,19.33,19.82,31662853.0
2018-01-26,19.7,19.73,19.36,19.54,18346430.0
2018-01-29,19.5,19.76,19.36,19.63,17668879.0
2018-01-30,19.47,19.71,19.11,19.13,16342622.0
2018-01-31,19.44,19.58,19.29,19.5,15107609.0
2018-02-01,19.45,19.69,19.3,19.45,10716705.0
2018-02-02,19.26,19.28,17.93,17.97,25449182.0
2018-02-05,18.14,18.65,17.36,17.65,29891974.0
2018-02-06,17.24,18.79,17.07,18.74,38602352.0
2018-02-07,18.37,18.48,17.77,17.86,31024247.0
2018-02-08,17.87,18.13,16.86,17.16,29904049.0
2018-02-09,17.44,17.75,16.64,17.57,34794826.0
2018-02-12,17.74,17.89,17.38,17.57,26314090.0
2018-02-13,17.65,17.97,17.5,17.8,23234584.0
2018-02-14,17.56,19.18,17.33,19.12,35128651.0
2018-02-15,19.27,19.35,18.77,19.12,21663125.0
2018-02-16,19.04,19.26,18.65,18.73,16549355.0
2018-02-20,18.32,18.76,18.27,18.43,12946545.0
2018-02-21,18.44,19.14,18.44,18.73,16481498.0
2018-02-22,18.93,19.4,18.91,19.16,16885254.0
2018-02-23,19.17,19.63,19.17,19.55,15111653.0
2018-02-26,19.6,19.74,19.26,19.53,13857759.0
2018-02-27,19.4,19.42,18.94,19.09,15050376.0
2018-02-28,18.98,19.17,18.6,18.6,17068423.0
2018-03-01,18.75,18.75,18.2,18.54,15127720.0
2018-03-02,18.28,18.54,18.04,18.32,16260616.0
2018-03-05,18.19,18.39,18.05,18.19,16410834.0
2018-03-06,18.6,18.89,18.41,18.7,18429775.0
2018-03-07,18.35,18.52,18.07,18.12,13955347.0
2018-03-08,18.03,18.11,17.71,17.87,12134387.0
2018-03-09,18.11,18.44,18.08,18.43,15467350.0
2018-03-12,18.39,18.58,18.19,18.56,10999075.0
2018-03-13,18.71,18.86,18.41,18.48,12003044.0
2018-03-14,18.82,18.95,18.6,18.66,12497251.0
2018-03-15,18.63,18.73,18.35,18.41,10488830.0
2018-03-16,18.5,18.57,18.33,18.36,15208231.0
2018-03-19,18.26,18.29,17.91,18.05,11531526.0
2018-03-20,18.16,18.58,18.12,18.49,16664674.0
2018-03-21,18.6,19.24,18.57,19.18,15725942.0
2018-03-22,18.9,18.91,18.05,18.05,17976577.0
2018-03-23,18.14,18.32,17.51,17.52,16437453.0
2018-03-26,17.73,17.8,17.33,17.75,12987785.0
2018-03-27,17.87,17.87,17.12,17.24,15943327.0
2018-03-28,17.22,17.25,16.51,16.75,19249226.0
2018-03-29,16.88,17.6,16.88,17.57,16127839.0
2018-04-02,17.57,17.76,16.99,17.14,14724867.0
2018-04-03,17.16,17.46,17.05,17.38,12783377.0
2018-04-04,16.9,17.36,16.62,17.34,16268866.0
2018-04-05,17.47,18.11,17.45,18.11,17297453.0
2018-04-06,17.81,17.97,17.21,17.33,16346560.0
2018-04-09,17.45,17.66,17.07,17.43,14785123.0
2018-04-10,17.92,18.34,17.7,18.2,14465858.0
2018-04-11,18.1,18.17,17.9,17.98,11123729.0
2018-04-12,17.84,17.97,17.48,17.86,12857710.0
2018-04-13,18.0,18.08,17.68,17.87,9706951.0
2018-04-16,18.09,18.22,17.83,18.16,12325556.0
2018-04-17,18.19,18.41,18.0,18.3,10121729.0
2018-04-18,18.82,19.36,18.81,19.18,19424177.0
2018-04-19,19.18,19.7,18.98,19.57,22122732.0
2018-04-20,19.59,19.68,19.16,19.36,13230173.0
2018-04-23,18.96,19.27,18.71,18.81,14924599.0
2018-04-24,18.4,18.4,15.61,16.08,77548984.0
2018-04-25,15.93,16.06,15.32,15.37,39947145.0
2018-04-26,15.5,15.71,15.12,15.63,31647207.0
2018-04-27,15.33,15.53,15.16,15.32,16203740.0
2018-04-30,15.32,15.49,15.19,15.21,17564401.0
2018-05-01,15.12,15.3,14.64,14.95,19461331.0
2018-05-02,15.23,15.37,14.96,15.11,20459693.0
2018-05-03,15.28,15.35,14.99,15.21,18971938.0
2018-05-04,15.12,15.55,15.07,15.42,15428840.0
2018-05-07,15.48,15.67,15.22,15.26,13111341.0
2018-05-08,15.19,15.35,14.99,15.3,12799316.0
2018-05-09,15.39,15.76,15.39,15.68,14097159.0
2018-05-10,15.92,16.41,15.89,16.22,19718635.0
2018-05-11,16.27,16.53,16.18,16.27,12881766.0
2018-05-14,16.35,16.47,16.08,16.2,10837307.0
2018-05-15,15.98,16.09,15.69,15.96,14673753.0
2018-05-16,16.08,16.9,16.07,16.64,18976008.0
2018-05-17,16.67,16.98,16.66,16.78,18221791.0
2018-05-18,16.7,17.17,16.69,16.87,16113200.0
2018-05-21,17.07,17.11,16.55,16.69,13431083.0
2018-05-22,16.94,17.78,16.66,17.17,27675867.0
2018-05-23,17.07,17.38,16.8,17.35,18864461.0
2018-05-24,17.3,17.52,17.08,17.38,13009984.0
2018-05-25,17.2,17.3,16.94,17.08,9003251.0
2018-05-29,16.82,17.2,16.61,16.65,12993437.0
2018-05-30,16.81,17.24,16.72,17.12,13255720.0
2018-05-31,17.24,17.37,16.86,16.9,15414435.0
2018-06-01,17.17,17.34,16.93,17.12,12801990.0
2018-06-04,17.26,17.46,17.14,17.21,9196275.0
2018-06-05,17.35,17.76,17.29,17.65,14530758.0
2018-06-06,17.83,18.23,17.68,18.2,20784776.0
2018-06-07,18.19,18.38,17.68,17.93,15733478.0
2018-06-08,17.95,18.14,17.86,18.03,10326209.0
2018-06-11,17.95,18.36,17.9,18.19,12672637.0
2018-06-12,18.11,18.18,17.67,17.86,11926324.0
2018-06-13,17.9,18.09,17.67,17.81,9608098.0
2018-06-14,17.92,17.98,17.51,17.58,12549356.0
2018-06-15,17.35,17.35,16.64,16.89,22848293.0
2018-06-18,16.7,16.91,16.57,16.8,13392693.0
2018-06-19,16.38,16.43,15.89,16.26,17789140.0
2018-06-20,16.35,16.43,16.11,16.3,11160275.0
2018-06-21,16.27,16.56,16.26,16.36,12194658.0
2018-06-22,16.69,16.79,16.39,16.44,20612124.0
2018-06-25,16.19,16.31,15.46,15.74,14838875.0
2018-06-26,15.8,16.27,15.66,16.25,16299997.0
2018-06-27,16.31,17.02,16.24,16.9,24679162.0
2018-06-28,16.68,16.92,16.22,16.79,17572541.0
2018-06-29,17.0,17.46,16.96,17.26,19796790.0
2018-07-02,17.02,17.17,16.79,17.16,14426426.0
2018-07-03,17.2,17.55,16.93,17.07,8460045.0
2018-07-05,17.07,17.37,16.66,16.97,17618050.0
2018-07-06,16.92,17.61,16.69,17.51,15284344.0
2018-07-09,17.86,18.13,17.56,18.11,16786025.0
2018-07-10,17.95,18.14,17.83,18.11,15083804.0
2018-07-11,17.52,17.73,17.21,17.41,26590642.0
2018-07-12,17.67,17.8,17.2,17.29,20100357.0
2018-07-13,17.03,17.13,16.46,16.8,26064350.0
2018-07-16,16.82,16.95,16.54,16.77,15983337.0
2018-07-17,16.7,17.04,16.67,16.77,15905015.0
2018-07-18,16.75,17.2,16.38,17.08,19202554.0
2018-07-19,16.45,16.47,15.65,15.8,38238693.0
2018-07-20,15.78,16.15,15.67,15.75,20514876.0
2018-07-23,15.78,16.03,15.49,15.83,21358540.0
2018-07-24,16.53,16.59,15.99,16.07,28247002.0
2018-07-25,16.08,16.43,15.06,15.86,35132765.0
2018-07-26,15.8,16.0,15.73,15.97,13221227.0
2018-07-27,16.05,16.27,15.81,15.99,11690379.0
2018-07-30,16.0,16.3,16.0,16.08,9135517.0
2018-07-31,16.24,16.62,16.2,16.5,12271040.0
2018-08-01,16.12,16.16,15.57,15.58,19388938.0
2018-08-02,15.41,15.52,15.23,15.43,20206505.0
2018-08-03,15.58,15.85,15.52,15.71,11971007.0
2018-08-06,15.52,15.53,15.22,15.4,16632698.0
2018-08-07,15.7,15.81,15.34,15.36,11081782.0
2018-08-08,15.41,15.59,15.28,15.39,13129817.0
2018-08-09,15.74,15.76,15.29,15.31,15046440.0
2018-08-10,15.11,15.21,15.02,15.11,13921791.0
2018-08-13,15.2,15.26,14.91,14.92,16222340.0
2018-08-14,14.97,15.13,14.6,14.8,16722970.0
2018-08-15,14.21,14.32,13.28,13.66,35976367.0
2018-08-16,13.88,14.24,13.74,13.77,17867196.0
2018-08-17,13.79,14.02,13.53,13.97,21904652.0
2018-08-20,14.14,14.21,13.83,14.12,12682984.0
2018-08-21,14.15,14.44,14.06,14.32,15806034.0
2018-08-22,14.4,14.57,14.23,14.53,12230372.0
2018-08-23,14.34,14.35,13.97,14.18,17069066.0
2018-08-24,14.54,14.79,14.36,14.47,13288903.0
2018-08-27,14.47,14.84,14.45,14.73,10476658.0
2018-08-28,14.92,14.96,14.59,14.66,12144195.0
2018-08-29,14.58,14.79,14.42,14.67,10064096.0
2018-08-30,14.47,14.51,14.03,14.15,15530834.0
2018-08-31,14.1,14.31,13.95,14.05,14284823.0
2018-09-04,13.63,13.73,13.39,13.48,19908405.0
2018-09-05,13.54,13.74,13.4,13.67,17341680.0
2018-09-06,13.81,13.99,13.5,13.57,13986275.0
2018-09-07,13.37,13.56,13.05,13.18,26776349.0
2018-09-10,13.29,13.41,13.18,13.2,11848912.0
2018-09-11,12.85,13.09,12.18,13.04,15438414.0
2018-09-12,13.11,13.78,13.03,13.63,25530616.0
2018-09-13,13.96,14.05,13.5,13.58,15259597.0
2018-09-14,13.64,13.89,13.52,13.69,13819794.0
2018-09-17,13.7,13.98,13.66,13.72,13739941.0
2018-09-18,14.0,14.25,13.92,14.01,21543149.0
2018-09-19,14.12,14.66,14.12,14.3,24725436.0
2018-09-20,14.57,14.73,14.28,14.39,23289896.0
2018-09-21,14.83,14.9,14.55,14.61,52922206.0
2018-09-24,14.6,14.75,14.24,14.24,20775233.0
2018-09-25,14.4,14.57,14.19,14.49,15317754.0
2018-09-26,14.27,14.42,13.99,14.0,16234517.0
2018-09-27,13.79,13.88,13.51,13.87,20502606.0
2018-09-28,13.85,14.06,13.8,13.92,16080603.0
2018-10-01,13.81,13.9,13.6,13.7,15925627.0
2018-10-02,13.72,14.1,13.68,13.89,14328162.0
2018-10-03,13.93,14.28,13.85,13.95,20127417.0
2018-10-04,14.03,14.08,13.45,13.63,23346400.0
2018-10-05,13.46,13.48,13.22,13.27,19861615.0
2018-10-08,13.1,13.38,12.97,13.29,16162181.0
2018-10-09,13.25,13.38,12.98,13.18,11831145.0
2018-10-10,12.94,12.99,12.51,12.77,26419355.0
2018-10-11,12.79,13.36,12.67,13.23,31623427.0
2018-10-12,13.46,13.47,12.63,12.74,31107342.0
2018-10-15,12.82,13.06,12.82,12.83,19083641.0
2018-10-16,12.89,12.91,12.48,12.68,20373007.0
2018-10-17,12.7,12.84,12.33,12.4,23013088.0
2018-10-18,12.15,12.48,12.06,12.14,21377716.0
2018-10-19,12.14,12.33,11.94,12.02,15817283.0
2018-10-22,12.07,12.1,11.84,12.0,12401601.0
2018-10-23,11.6,11.71,11.25,11.61,24002372.0
2018-10-24,11.71,11.99,10.59,10.7,45767739.0
2018-10-25,10.91,11.66,10.7,11.25,34417690.0
2018-10-26,10.9,11.58,10.87,11.5,28577579.0
2018-10-29,11.68,11.77,10.96,11.09,25835215.0
2018-10-30,10.99,11.49,10.95,11.41,22696245.0
2018-10-31,11.57,11.78,11.38,11.65,23361796.0
2018-11-01,11.86,12.47,11.76,12.28,21668134.0
2018-11-02,12.48,12.69,12.01,12.24,19501529.0
2018-11-05,12.2,12.33,12.06,12.22,9791307.0
2018-11-06,12.23,12.39,12.13,12.2,11479332.0
2018-11-07,12.17,12.35,12.04,12.33,14378304.0
2018-11-08,12.21,12.27,11.87,11.93,14289329.0
2018-11-09,11.56,11.61,11.18,11.35,21444422.0
2018-11-12,11.43,11.46,11.07,11.16,14531556.0
2018-11-13,11.16,11.5,11.06,11.25,17216375.0
2018-11-14,11.3,11.65,11.24,11.54,16142270.0
2018-11-15,11.56,12.18,11.51,11.96,23687270.0
2018-11-16,11.97,12.11,11.76,11.96,15981793.0
2018-11-19,11.91,12.01,11.48,11.51,16917599.0
2018-11-20,11.27,11.27,10.77,10.88,21391236.0
2018-11-21,11.1,11.49,11.03,11.41,17056248.0
2018-11-23,11.08,11.1,10.76,10.77,7880765.0
2018-11-26,10.75,11.22,10.71,11.09,10586381.0
2018-11-27,10.89,11.27,10.86,11.24,20866609.0
2018-11-28,11.33,11.99,10.98,11.97,29088139.0
2018-11-29,11.9,12.0,11.62,11.82,19450716.0
2018-11-30,11.71,11.99,11.58,11.94,17145975.0
2018-12-03,12.45,12.67,12.05,12.09,27161509.0
2018-12-04,12.2,12.31,11.41,11.5,22402666.0
2018-12-06,11.04,11.16,10.73,11.15,25177087.0
2018-12-07,11.25,11.49,10.9,10.92,21263938.0
2018-12-10,10.86,10.93,10.45,10.69,17917909.0
2018-12-11,11.01,11.14,10.61,10.76,19184215.0
2018-12-12,10.96,11.37,10.95,11.07,15313572.0
2018-12-13,11.23,11.3,10.79,10.92,17063936.0
2018-12-14,10.64,10.9,10.39,10.57,26978270.0
2018-12-17,10.58,10.96,10.41,10.59,16416812.0
2018-12-18,10.64,11.14,10.44,10.6,29402108.0
2018-12-19,10.63,11.04,10.03,10.18,26465357.0
2018-12-20,10.31,10.51,10.0,10.24,23589568.0
2018-12-21,10.36,10.48,9.99,10.05,30525425.0
2018-12-24,9.93,10.08,9.72,9.78,9724384.0
2018-12-26,9.9,10.4,9.6,10.4,19614874.0
2018-12-27,10.14,10.69,10.02,10.67,20161123.0
2018-12-28,10.74,10.88,10.37,10.47,20165639.0
2018-12-31,10.47,10.51,10.04,10.31,16811030.0
2019-01-02,10.01,10.5,9.93,10.36,17940883.0
2019-01-03,10.27,10.39,9.84,10.07,22417609.0
2019-01-04,10.48,10.93,10.33,10.82,25597646.0
2019-01-07,10.96,11.22,10.81,11.0,16813140.0
2019-01-08,11.15,11.27,10.98,11.2,22809611.0
2019-01-09,11.34,11.6,11.18,11.51,20615993.0
2019-01-10,11.33,11.53,11.24,11.51,19481396.0
2019-01-11,11.51,11.74,11.37,11.6,21532952.0
2019-01-14,11.41,11.64,11.4,11.55,16085229.0
2019-01-15,11.85,11.97,11.44,11.57,26038940.0
2019-01-16,11.71,11.97,11.63,11.89,22312723.0
2019-01-17,11.9,12.22,11.86,12.13,23115328.0
2019-01-18,12.32,12.65,12.28,12.56,31366386.0
2019-01-22,12.27,12.41,12.11,12.38,26656252.0
2019-01-23,12.4,12.55,12.18,12.31,25720311.0
2019-01-24,11.47,11.88,10.6,10.7,66363096.0
2019-01-25,10.97,11.48,10.96,11.24,36135324.0
2019-01-28,11.02,11.05,10.2,10.28,54798436.0
2019-01-29,10.43,10.59,10.26,10.45,38234075.0
2019-01-30,10.62,11.35,10.6,11.27,37813156.0
2019-01-31,11.23,11.76,11.21,11.64,31833220.0
2019-02-01,11.56,11.63,11.4,11.51,24240192.0
2019-02-04,11.44,11.97,11.42,11.86,21269300.0
2019-02-05,11.9,12.01,11.77,11.87,18497275.0
2019-02-06,11.86,12.05,11.78,11.91,18136709.0
2019-02-07,11.85,12.14,11.8,11.86,25183987.0
2019-02-08,11.85,11.95,11.4,11.61,23718227.0
2019-02-11,11.5,11.62,11.45,11.53,15561610.0
2019-02-12,11.55,11.7,11.47,11.49,15617904.0
2019-02-13,12.02,12.36,11.9,12.29,36169380.0
2019-02-14,12.14,12.3,12.05,12.16,15313400.0
2019-02-15,12.38,12.62,12.23,12.28,16573385.0
2019-02-19,12.63,13.26,12.53,13.09,35617646.0
2019-02-20,13.64,13.86,13.29,13.35,38188411.0
2019-02-21,13.19,13.27,12.88,13.02,20123175.0
2019-02-22,13.4,13.4,13.08,13.22,23876816.0
2019-02-25,13.25,13.31,13.11,13.26,20071766.0
2019-02-26,13.18,13.29,13.02,13.18,13448066.0
2019-02-27,13.25,13.28,13.09,13.16,17655143.0
2019-02-28,13.06,13.12,12.82,12.9,21053719.0
2019-03-01,12.98,13.15,12.79,12.87,15988724.0
2019-03-04,12.87,12.9,12.49,12.78,18449006.0
2019-03-05,12.87,12.9,12.59,12.84,17481179.0
2019-03-06,12.88,12.91,12.51,12.54,13683662.0
2019-03-07,12.5,12.53,12.13,12.31,12689885.0
2019-03-08,12.09,12.11,11.78,12.09,16287948.0
2019-03-11,12.13,12.37,12.06,12.36,13129247.0
2019-03-12,12.54,12.8,12.47,12.65,13272749.0
2019-03-13,12.8,12.83,12.55,12.66,12709889.0
2019-03-14,12.5,12.67,12.3,12.32,15132543.0
2019-03-15,12.32,12.54,12.29,12.35,15387834.0
2019-03-18,12.53,12.63,12.43,12.62,12641591.0
2019-03-19,12.8,13.04,12.63,12.68,14700798.0
2019-03-20,12.63,12.97,12.32,12.82,22588401.0
2019-03-21,12.71,13.0,12.62,12.92,18399413.0
2019-03-22,12.73,12.76,12.11,12.18,20823944.0
2019-03-25,12.21,12.6,12.15,12.38,13195089.0
2019-03-26,12.49,12.72,12.46,12.7,14315571.0
2019-03-27,12.74,12.93,12.53,12.71,12661298.0
2019-03-28,12.66,12.87,12.58,12.73,9593361.0
2019-03-29,13.05,13.2,12.75,12.89,16889332.0
2019-04-01,13.16,13.37,13.04,13.1,19060736.0
2019-04-02,13.15,13.28,12.86,13.12,17950284.0
2019-04-03,13.33,13.48,13.1,13.16,20937845.0
2019-04-04,13.07,13.6,12.99,13.56,20718983.0
2019-04-05,13.57,13.6,13.32,13.33,14640932.0
2019-04-08,13.45,13.74,13.45,13.74,17947050.0
2019-04-09,13.71,13.71,13.21,13.38,16000226.0
2019-04-10,13.41,13.57,13.34,13.49,12390626.0
2019-04-11,13.34,13.47,13.15,13.41,16534489.0
2019-04-12,13.63,13.98,13.61,13.7,26915916.0
2019-04-15,13.63,13.72,13.45,13.69,15439259.0
2019-04-16,13.67,14.18,13.65,14.16,20299805.0
2019-04-17,14.37,14.68,14.09,14.2,31700470.0
2019-04-18,14.05,14.15,13.78,14.0,27426666.0
2019-04-22,13.88,13.91,13.25,13.65,24351588.0
2019-04-23,13.65,13.69,13.26,13.46,19119433.0
2019-04-24,13.39,13.61,13.18,13.58,31512735.0
2019-04-25,13.03,13.1,12.15,12.21,46459250.0
2019-04-26,12.26,12.69,12.23,12.5,23605247.0
2019-04-29,12.45,12.59,12.3,12.43,15525477.0
2019-04-30,12.37,12.52,12.17,12.31,19578566.0
2019-05-01,12.19,12.25,11.66,11.71,31549755.0
2019-05-02,11.55,11.74,11.42,11.51,21879554.0
2019-05-03,11.65,12.01,11.61,11.95,23411749.0
2019-05-06,11.46,11.78,11.45,11.72,19891950.0
2019-05-07,11.58,11.7,11.37,11.44,22783308.0
2019-05-08,11.35,11.58,11.24,11.37,18093349.0
2019-05-09,11.23,11.39,10.95,11.28,17882675.0
2019-05-10,11.16,11.44,10.93,11.37,19163085.0
2019-05-13,10.94,11.0,10.54,10.71,28910454.0
2019-05-14,10.82,11.03,10.77,10.86,18222203.0
2019-05-15,10.72,10.93,10.62,10.85,16126106.0
2019-05-16,10.98,11.02,10.65,10.66,15201318.0
2019-05-17,10.53,10.66,10.29,10.37,25625116.0
2019-05-20,10.31,10.39,10.15,10.2,14752043.0
2019-05-21,10.24,10.41,10.2,10.35,19315322.0
2019-05-22,10.22,10.32,10.04,10.06,18387078.0
2019-05-23,9.9,9.97,9.74,9.95,22137170.0
2019-05-24,10.06,10.17,9.93,10.08,16446991.0
2019-05-28,10.2,10.3,10.0,10.03,15714822.0
2019-05-29,9.89,10.01,9.76,9.99,14107259.0
2019-05-30,10.02,10.08,9.71,9.82,15900310.0
2019-05-31,9.64,9.78,9.47,9.71,22076158.0
2019-06-03,9.74,9.94,9.66,9.92,24158273.0
2019-06-04,10.03,10.32,9.85,10.32,29427646.0
2019-06-05,10.35,10.4,9.8,10.1,25823469.0
2019-06-06,10.12,10.3,10.02,10.19,20227672.0
2019-06-07,10.33,10.73,10.29,10.35,31108750.0
2019-06-10,10.44,10.7,10.43,10.61,19845333.0
2019-06-11,11.04,11.14,10.61,10.62,28608051.0
2019-06-12,10.56,10.72,10.45,10.59,12642777.0
2019-06-13,10.7,10.9,10.62,10.83,14470482.0
2019-06-14,10.75,10.84,10.6,10.65,14385734.0
2019-06-17,10.61,10.83,10.45,10.74,12378655.0
2019-06-18,10.95,11.35,10.93,11.13,24961342.0
2019-06-19,11.06,11.27,10.99,11.19,18815555.0
2019-06-20,11.58,11.67,11.32,11.38,22356357.0
2019-06-21,11.38,11.45,11.29,11.34,22171544.0
2019-06-24,11.37,11.41,11.21,11.34,14296724.0
2019-06-25,11.38,11.52,11.32,11.34,13721681.0
2019-06-26,11.35,11.5,11.21,11.49,15438790.0
2019-06-27,11.57,11.79,11.41,11.56,17177494.0
2019-06-28,11.63,11.63,11.4,11.61,18130759.0
2019-07-01,11.39,11.47,10.86,11.45,39747043.0
2019-07-02,11.37,11.46,11.13,11.45,16522725.0
2019-07-03,11.38,11.41,11.23,11.31,9252693.0
2019-07-05,11.08,11.33,10.92,11.29,11437109.0
2019-07-08,11.23,11.45,11.18,11.22,15674343.0
2019-07-09,11.01,11.03,10.6,10.87,24168645.0
2019-07-10,11.05,11.17,10.83,10.95,16509422.0
2019-07-11,11.08,11.15,10.91,11.1,19004856.0
2019-07-12,11.07,11.18,11.01,11.02,11815273.0
2019-07-15,11.16,11.23,11.01,11.14,14485089.0
2019-07-16,11.21,11.4,11.1,11.12,19193690.0
2019-07-17,11.09,11.16,10.92,11.06,18415094.0
2019-07-18,10.97,11.18,10.95,11.15,12665808.0
2019-07-19,11.43,11.7,11.32,11.49,30374452.0
2019-07-22,11.56,11.61,11.38,11.49,13686806.0
2019-07-23,11.54,11.73,11.52,11.65,13936335.0
2019-07-24,11.54,12.07,11.53,11.94,20942064.0
2019-07-25,12.05,12.05,11.26,11.42,25283641.0
2019-07-26,11.42,11.59,11.26,11.56,14341729.0
2019-07-29,11.55,11.67,11.45,11.61,14526396.0
2019-07-30,11.47,11.54,11.38,11.47,15139906.0
2019-07-31,11.4,11.47,10.85,11.06,18292800.0
2019-08-01,10.89,11.07,10.55,10.7,23839634.0
2019-08-02,10.55,10.66,10.12,10.3,25816743.0
2019-08-05,10.05,10.2,9.83,10.07,25537580.0
2019-08-06,10.1,10.18,9.9,10.14,17080661.0
2019-08-07,9.97,10.15,9.89,10.08,21874381.0
2019-08-08,10.22,10.36,10.08,10.12,24263285.0
2019-08-09,10.04,10.06,9.71,9.75,20112810.0
2019-08-12,9.67,9.72,9.45,9.52,13650948.0
2019-08-13,9.52,10.01,9.41,9.89,30040465.0
2019-08-14,9.54,9.61,9.35,9.36,27274479.0
2019-08-15,9.38,9.39,8.78,8.99,26881224.0
2019-08-16,9.09,9.24,8.98,9.1,18373216.0
2019-08-19,9.31,9.42,9.23,9.25,16936196.0
2019-08-20,9.18,9.21,9.01,9.19,13179138.0
2019-08-21,9.27,9.32,9.14,9.14,17333029.0
2019-08-22,9.22,9.29,9.09,9.13,13829892.0
2019-08-23,9.04,9.18,8.8,8.83,22537670.0
2019-08-26,8.86,8.93,8.76,8.84,19851423.0
2019-08-27,8.92,9.02,8.68,8.71,15946948.0
2019-08-28,8.74,8.99,8.58,8.95,15458758.0
2019-08-29,9.15,9.26,9.06,9.12,14883045.0
2019-08-30,9.22,9.27,9.09,9.19,12320090.0
2019-09-03,9.0,9.16,8.88,9.07,18073006.0
2019-09-04,9.31,9.41,9.23,9.29,12094111.0
2019-09-05,9.48,9.77,9.47,9.53,24781794.0
2019-09-06,9.54,9.54,9.4,9.42,18782459.0
2019-09-09,9.47,9.75,9.44,9.7,19778200.0
2019-09-10,9.7,10.18,9.7,10.12,30520994.0
2019-09-11,10.13,10.22,9.76,10.08,20235097.0
2019-09-12,10.29,10.52,10.03,10.37,27660847.0
2019-09-13,10.65,10.97,10.62,10.76,27450095.0
2019-09-16,10.61,10.69,10.43,10.47,21058125.0
2019-09-17,10.3,10.53,10.21,10.41,22356477.0
2019-09-18,10.33,10.46,10.09,10.36,26313146.0
2019-09-19,10.32,10.65,10.31,10.45,19976455.0
2019-09-20,10.5,10.73,10.42,10.47,23552483.0
2019-09-23,10.2,10.54,10.2,10.33,18952634.0
2019-09-24,10.31,10.32,9.93,10.01,20402496.0
2019-09-25,9.93,10.18,9.81,10.07,23456832.0
2019-09-26,10.01,10.05,9.79,9.8,19445436.0
2019-09-27,9.83,9.91,9.61,9.65,22214063.0
2019-09-30,9.62,9.68,9.56,9.57,12065798.0
2019-10-01,9.55,9.6,9.13,9.17,27070450.0
2019-10-02,9.04,9.12,8.85,8.87,25680886.0
2019-10-03,8.82,8.91,8.6,8.86,28555695.0
2019-10-04,8.88,8.97,8.72,8.83,21174367.0
2019-10-07,8.79,9.05,8.73,8.76,21247783.0
2019-10-08,8.67,8.7,8.48,8.51,29789226.0
2019-10-09,8.6,8.67,8.43,8.55,20528027.0
2019-10-10,8.78,9.14,8.63,8.96,61821573.0
2019-10-11,9.14,9.66,9.13,9.55,46289268.0
2019-10-14,9.2,9.57,9.14,9.5,24400236.0
2019-10-15,9.42,9.62,9.32,9.52,19515702.0
2019-10-16,9.48,9.64,9.42,9.5,17292257.0
2019-10-17,9.59,9.73,9.41,9.44,14568707.0
2019-10-18,9.47,9.77,9.47,9.58,17182440.0
2019-10-21,9.8,10.0,9.75,9.82,24007591.0
2019-10-22,9.79,10.01,9.7,9.93,23473104.0
2019-10-23,9.97,10.38,9.59,10.13,36697012.0
2019-10-24,10.11,10.23,9.51,9.59,32819988.0
2019-10-25,9.61,10.35,9.61,10.14,35421868.0
2019-10-28,10.25,10.33,10.19,10.24,17882065.0
2019-10-29,10.13,10.27,10.1,10.23,14533675.0
2019-10-30,10.09,10.19,9.94,10.13,19786266.0
2019-10-31,10.03,10.15,9.64,9.82,23321530.0
2019-11-01,9.96,10.61,9.92,10.52,31504564.0
2019-11-04,10.76,10.99,10.62,10.8,28404624.0
2019-11-05,11.05,11.3,10.89,10.91,34170385.0
2019-11-06,10.95,10.95,10.51,10.64,21392067.0
2019-11-07,10.94,11.57,10.91,11.27,38830338.0
2019-11-08,11.15,11.52,11.03,11.52,24307158.0
2019-11-11,11.16,11.27,10.96,11.09,19073551.0
2019-11-12,11.09,11.23,10.93,11.04,15510140.0
2019-11-13,11.07,11.24,10.78,10.84,22362278.0
2019-11-14,10.85,10.94,10.68,10.81,14364130.0
2019-11-15,10.96,11.24,10.87,11.16,20828281.0
2019-11-18,11.09,11.12,10.93,11.01,15207404.0
2019-11-19,11.2,11.29,11.0,11.28,20574048.0
2019-11-20,11.11,11.34,10.93,11.03,24077610.0
2019-11-21,10.93,11.04,10.85,11.01,17158248.0
2019-11-22,11.13,11.48,11.13,11.35,22244362.0
2019-11-25,11.47,11.86,11.37,11.66,28566871.0
2019-11-26,11.62,11.82,11.56,11.71,28067996.0
2019-11-27,11.73,11.75,11.48,11.61,13482481.0
2019-11-29,11.49,11.5,11.27,11.38,11141827.0
2019-12-02,11.37,11.66,11.19,11.45,24411694.0
2019-12-03,11.04,11.06,10.7,10.92,30582309.0
2019-12-04,11.12,11.33,11.09,11.11,17332693.0
2019-12-05,11.18,11.37,11.1,11.33,13993292.0
2019-12-06,11.55,11.74,11.52,11.64,18145658.0
2019-12-09,11.78,12.25,11.74,12.1,31867973.0
2019-12-10,12.09,12.29,12.04,12.28,17341536.0
2019-12-11,12.43,12.85,12.43,12.84,33398361.0
2019-12-12,12.67,13.18,12.64,13.06,39249628.0
2019-12-13,13.1,13.38,12.83,12.87,26655121.0
2019-12-16,13.27,13.3,12.92,12.95,22355325.0
2019-12-17,13.1,13.2,12.93,12.96,24575299.0
2019-12-18,12.86,13.03,12.83,12.98,20297388.0
2019-12-19,13.02,13.07,12.97,13.0,15473984.0
2019-12-20,13.05,13.05,12.68,12.71,26325985.0
2019-12-23,12.72,12.91,12.71,12.85,15811421.0
2019-12-24,12.95,13.14,12.94,12.99,9206402.0
2019-12-26,13.07,13.18,13.02,13.17,10464293.0
2019-12-27,13.22,13.25,13.01,13.03,12066391.0
2019-12-30,13.09,13.14,12.99,13.01,8526413.0
2019-12-31,12.98,13.15,12.92,13.12,11718506.0
2020-01-02,13.35,13.45,13.13,13.2,22717949.0
2020-01-03,13.0,13.09,12.79,12.8,20404973.0
2020-01-06,12.63,12.93,12.53,12.85,19146281.0
2020-01-07,12.94,13.19,12.84,13.05,20929125.0
2020-01-08,13.13,13.31,12.98,13.18,17485164.0
2020-01-09,13.22,13.22,12.85,12.96,16543264.0
2020-01-10,12.9,13.05,12.88,12.9,12266086.0
2020-01-13,13.03,13.64,12.95,13.53,28783718.0
2020-01-14,13.34,13.58,13.18,13.21,26546447.0
2020-01-15,13.06,13.13,12.85,12.98,20449805.0
2020-01-16,13.05,13.23,12.85,12.85,16999152.0
2020-01-17,12.98,13.08,12.81,12.87,20145206.0
2020-01-21,12.63,12.64,12.12,12.27,28941636.0
2020-01-22,12.37,12.45,12.12,12.32,20845920.0
2020-01-23,11.44,12.02,11.22,11.97,57230676.0
2020-01-24,11.87,11.91,11.65,11.84,29554005.0
2020-01-27,11.37,11.37,10.83,10.9,44484930.0
2020-01-28,11.09,11.44,10.93,11.3,47002016.0
2020-01-29,11.44,11.45,11.09,11.29,22385382.0
2020-01-30,11.08,11.36,10.96,11.32,33247604.0
2020-01-31,11.12,11.21,10.9,11.1,30504978.0
2020-02-03,11.19,11.55,11.18,11.44,29629401.0
2020-02-04,11.87,12.14,11.79,12.04,34272403.0
2020-02-05,12.32,12.48,12.11,12.41,32753809.0
2020-02-06,12.4,12.47,12.25,12.32,23101046.0
2020-02-07,11.99,12.04,11.67,11.8,25463569.0
2020-02-10,11.7,12.19,11.65,12.17,20093403.0
2020-02-11,12.4,12.85,12.35,12.4,29614029.0
2020-02-12,12.8,12.86,12.52,12.67,20173345.0
2020-02-13,12.64,12.69,12.47,12.61,21059469.0
2020-02-14,12.5,12.58,12.01,12.24,30484273.0
2020-02-18,12.04,12.1,11.88,12.02,16416672.0
2020-02-19,12.08,12.12,12.02,12.1,16686627.0
2020-02-20,12.03,12.5,12.02,12.08,21147984.0
2020-02-21,12.01,12.01,11.72,11.94,18502791.0
2020-02-24,11.25,11.31,11.02,11.24,24486910.0
2020-02-25,11.32,11.36,10.64,10.73,39353422.0
2020-02-26,10.72,10.8,10.4,10.46,29846876.0
2020-02-27,10.13,10.26,9.72,9.8,53912391.0
2020-02-28,9.29,9.98,9.2,9.96,67996478.0
2020-03-02,10.04,10.51,9.7,10.5,35073461.0
2020-03-03,10.51,10.8,9.73,10.07,46929774.0
2020-03-04,10.35,10.47,10.0,10.45,25141489.0
2020-03-05,10.06,10.36,9.92,9.99,26564629.0
2020-03-06,9.56,9.81,9.26,9.43,40678903.0
2020-03-09,8.29,8.62,8.09,8.23,33742831.0
2020-03-10,8.87,9.09,8.31,9.0,30694851.0
2020-03-11,8.63,8.74,7.95,8.12,33964807.0
2020-03-12,7.17,7.75,6.81,7.17,37820718.0
2020-03-13,7.78,7.89,6.86,7.53,40387004.0
2020-03-16,6.44,6.97,6.2,6.24,40627348.0
2020-03-17,6.38,6.57,5.73,6.48,31925439.0
2020-03-18,5.89,6.0,4.85,5.31,37912715.0
2020-03-19,5.17,6.16,4.82,5.74,38977574.0
2020-03-20,6.07,6.14,5.37,5.52,39899889.0
2020-03-23,5.46,5.88,5.26,5.39,35098745.0
2020-03-24,6.08,7.24,6.07,6.99,47531326.0
2020-03-25,6.96,7.67,6.65,7.25,39768392.0
2020-03-26,7.26,7.37,6.82,6.99,32526985.0
2020-03-27,6.66,6.7,6.17,6.2,37285475.0
2020-03-30,6.27,6.3,5.99,6.24,22468300.0
2020-03-31,6.32,7.13,6.28,6.75,35499030.0
2020-04-01,6.35,6.76,6.24,6.31,27051143.0
2020-04-02,6.54,6.74,6.14,6.39,32168858.0
2020-04-03,6.36,6.74,6.2,6.32,26937169.0
2020-04-06,6.74,7.27,6.73,7.19,39115784.0
2020-04-07,7.86,8.02,7.45,7.59,43593443.0
2020-04-08,7.64,8.07,7.51,8.03,26970740.0
2020-04-09,8.31,8.43,8.01,8.19,35040927.0
2020-04-13,8.32,8.33,7.9,8.3,22290110.0
2020-04-14,8.43,8.67,8.13,8.32,21245150.0
2020-04-15,7.8,7.87,7.5,7.67,24947808.0
2020-04-16,7.78,7.8,7.39,7.58,24789632.0
2020-04-17,8.01,8.4,7.99,8.34,38253351.0
2020-04-20,7.89,8.31,7.8,8.02,19590025.0
2020-04-21,7.5,7.78,7.3,7.41,30596553.0
2020-04-22,7.55,7.76,7.55,7.64,23654734.0
2020-04-23,7.87,8.13,7.76,7.81,21015098.0
2020-04-24,8.22,8.62,8.2,8.48,34639064.0
2020-04-27,8.62,8.98,8.39,8.85,21960630.0
2020-04-28,9.09,9.23,8.61,8.92,21404042.0
2020-04-29,9.28,9.48,9.15,9.26,22248701.0
2020-04-30,8.98,9.19,8.74,8.83,21663611.0
2020-05-01,8.48,8.67,8.22,8.46,25342490.0
2020-05-04,8.37,8.71,8.23,8.7,16969526.0
2020-05-05,8.84,9.15,8.71,8.8,20285322.0
2020-05-06,8.92,8.97,8.58,8.59,10883501.0
2020-05-07,8.81,9.13,8.8,8.97,18691150.0
2020-05-08,9.17,9.29,9.11,9.21,20171063.0
2020-05-11,8.95,9.05,8.85,8.98,16171463.0
2020-05-12,9.07,9.17,8.66,8.67,21145598.0
2020-05-13,8.7,8.71,8.18,8.4,18122919.0
2020-05-14,8.11,8.59,7.81,8.29,33955034.0
2020-05-15,8.3,8.65,8.24,8.48,17750425.0
2020-05-18,9.02,9.32,9.01,9.18,33453380.0
2020-05-19,9.14,9.29,9.1,9.14,27629728.0
2020-05-20,9.33,9.38,9.09,9.12,25585506.0
2020-05-21,9.05,9.21,8.77,8.9,27813668.0
2020-05-22,8.75,8.89,8.6,8.74,21058893.0
2020-05-26,9.13,9.34,9.05,9.26,26164974.0
2020-05-27,9.42,9.46,8.97,9.29,21025398.0
2020-05-28,9.45,9.46,9.04,9.09,18131030.0
2020-05-29,9.07,9.2,8.9,9.07,24506199.0
2020-06-01,9.05,9.42,9.01,9.34,15152551.0
2020-06-02,9.45,9.91,9.44,9.75,23764227.0
2020-06-03,9.88,10.32,9.88,10.14,24780343.0
2020-06-04,10.13,10.28,9.9,10.2,20941368.0
2020-06-05,10.76,11.19,10.71,10.86,27840369.0
2020-06-08,11.12,11.27,10.84,11.25,21778986.0
2020-06-09,11.03,11.32,10.89,11.27,21768730.0
2020-06-10,11.32,11.5,11.06,11.47,28484614.0
2020-06-11,10.68,10.69,9.79,9.91,34219940.0
2020-06-12,10.45,10.57,10.05,10.49,19856386.0
2020-06-15,10.01,10.54,9.78,10.47,19926740.0
2020-06-16,11.1,11.19,10.47,10.78,21965502.0
2020-06-17,10.82,10.92,10.65,10.7,17837732.0
2020-06-18,10.48,10.72,10.37,10.56,15121266.0
2020-06-19,10.83,10.93,10.4,10.5,28464703.0
2020-06-22,10.57,10.9,10.5,10.79,17164314.0
2020-06-23,11.07,11.23,11.01,11.08,15893203.0
2020-06-24,10.96,11.03,10.44,10.57,18618069.0
2020-06-25,10.56,11.11,10.48,11.08,18005186.0
2020-06-26,11.0,11.1,10.78,10.79,20899542.0
2020-06-29,10.94,11.04,10.75,11.04,17307318.0
2020-06-30,11.07,11.68,11.03,11.57,24032954.0
2020-07-01,11.64,11.75,11.24,11.49,20636817.0
2020-07-02,11.65,11.99,11.48,11.5,25268547.0
2020-07-06,12.0,12.77,11.9,12.75,38609166.0
2020-07-07,12.7,13.0,12.5,12.73,32091817.0
2020-07-08,12.93,13.01,12.52,12.82,22607227.0
2020-07-09,13.03,13.1,12.56,12.89,27364323.0
2020-07-10,12.83,13.07,12.79,12.97,20659737.0
2020-07-13,13.28,13.87,12.96,13.02,45000687.0
2020-07-14,12.97,13.56,12.75,13.5,24372215.0
2020-07-15,13.79,13.82,13.18,13.53,21774723.0
2020-07-16,13.35,13.58,13.21,13.47,17611999.0
2020-07-17,13.57,13.66,13.41,13.58,14048058.0
2020-07-20,13.47,13.55,13.27,13.43,22039906.0
2020-07-21,13.51,13.59,13.33,13.38,17793590.0
2020-07-22,13.27,13.7,13.19,13.62,21831258.0
2020-07-23,13.74,13.74,13.06,13.32,21017357.0
2020-07-24,12.98,13.22,12.7,13.12,26054041.0
2020-07-27,13.35,13.59,13.18,13.56,15877672.0
2020-07-28,13.36,13.56,13.22,13.23,11826740.0
2020-07-29,13.32,13.43,13.13,13.3,13548294.0
2020-07-30,12.9,13.11,12.73,12.94,17433290.0
2020-07-31,12.98,12.99,12.73,12.92,14629547.0
2020-08-03,13.15,13.2,12.92,13.1,15975276.0
2020-08-04,12.81,12.97,12.44,12.95,17646482.0
2020-08-05,13.33,14.43,13.33,13.97,36936983.0
2020-08-06,13.99,14.76,13.92,14.56,32102024.0
2020-08-07,14.21,14.23,13.7,13.96,21120322.0
2020-08-10,14.18,14.39,14.12,14.38,20166823.0
2020-08-11,14.44,14.51,13.92,13.96,18491208.0
2020-08-12,14.2,14.23,13.93,13.97,12009805.0
2020-08-13,13.85,14.16,13.68,13.79,18253377.0
2020-08-14,13.85,13.91,13.67,13.78,9307169.0
2020-08-17,14.12,14.3,14.01,14.1,12216339.0
2020-08-18,14.28,14.68,14.28,14.41,13580078.0
2020-08-19,14.56,15.19,14.52,14.94,28040596.0
2020-08-20,14.6,14.8,14.5,14.7,13829084.0
2020-08-21,14.44,14.48,14.22,14.36,11532460.0
2020-08-24,14.55,14.7,14.36,14.56,12816715.0
2020-08-25,14.62,14.65,14.4,14.46,9565546.0
2020-08-26,14.43,15.05,14.37,15.01,15336355.0
2020-08-27,15.18,15.34,14.87,14.9,17636365.0
2020-08-28,15.24,15.7,15.17,15.65,16416825.0
2020-08-31,15.89,15.89,15.49,15.61,15362243.0
2020-09-01,15.69,16.2,15.63,16.18,18885665.0
2020-09-02,16.25,16.34,15.87,16.27,23304357.0
2020-09-03,15.88,15.97,15.15,15.56,18692333.0
2020-09-04,15.66,16.16,15.19,16.02,21907019.0
2020-09-08,15.6,15.95,15.38,15.72,19275008.0
2020-09-09,15.95,16.29,15.89,16.14,17462827.0
2020-09-10,16.21,16.41,15.7,15.77,20855405.0
2020-09-11,15.98,16.44,15.87,16.27,21087199.0
2020-09-14,16.46,16.51,16.26,16.36,22376676.0
2020-09-15,16.61,16.69,16.39,16.41,16686303.0
2020-09-16,16.55,17.15,16.32,16.78,27673250.0
2020-09-17,16.65,17.2,16.45,17.03,25035266.0
2020-09-18,17.05,17.5,16.94,17.0,26836616.0
2020-09-21,16.51,16.51,15.41,15.65,29936681.0
2020-09-22,15.83,15.87,15.52,15.68,16426329.0
2020-09-23,15.6,15.62,14.68,14.77,30695303.0
2020-09-24,14.78,15.59,14.67,15.38,29015383.0
2020-09-25,15.12,15.39,14.77,15.3,16654311.0
2020-09-28,15.64,15.94,15.43,15.9,17461173.0
2020-09-29,15.81,15.92,15.31,15.32,13625921.0
2020-09-30,15.4,15.81,15.36,15.64,18614259.0
2020-10-01,15.7,15.8,15.3,15.55,30596890.0
2020-10-02,15.26,16.06,15.22,15.94,23936226.0
2020-10-05,16.04,16.54,16.04,16.32,15741285.0
2020-10-06,16.43,16.58,15.72,15.72,20309796.0
2020-10-07,16.25,17.0,16.25,16.88,28829703.0
2020-10-08,17.05,17.24,16.76,16.8,16492761.0
2020-10-09,17.2,17.26,16.84,17.23,15791209.0
2020-10-12,17.16,17.26,16.77,16.81,14085414.0
2020-10-13,16.64,17.0,16.52,16.82,12754684.0
2020-10-14,16.95,17.02,16.77,16.94,9874298.0
2020-10-15,16.55,17.27,16.5,17.21,11602571.0
2020-10-16,17.25,17.3,17.02,17.15,11012059.0
2020-10-19,17.31,17.84,17.09,17.14,15826661.0
2020-10-20,17.4,17.87,17.34,17.61,15762493.0
2020-10-21,17.74,18.32,17.66,17.72,21426754.0
2020-10-22,17.55,18.4,17.3,18.35,21339169.0
2020-10-23,18.47,18.68,18.18,18.36,16469796.0
2020-10-26,17.97,18.04,17.21,17.36,24926860.0
2020-10-27,17.42,17.89,17.25,17.72,15993689.0
2020-10-28,17.15,17.21,16.68,16.87,26441566.0
2020-10-29,16.86,17.66,16.81,17.48,17138303.0
2020-10-30,17.37,17.54,16.96,17.34,14417098.0
2020-11-02,17.71,18.25,17.61,18.24,15480249.0
2020-11-03,18.52,19.02,18.45,18.77,21732740.0
2020-11-04,18.45,18.6,17.58,18.0,21800109.0
2020-11-05,18.54,19.07,18.51,18.82,17003990.0
2020-11-06,19.14,19.42,19.03,19.12,17437618.0
2020-11-09,20.85,21.29,19.51,19.79,40987967.0
2020-11-10,19.79,19.91,19.48,19.82,17163744.0
2020-11-11,19.77,19.77,19.23,19.53,18504297.0
2020-11-12,19.66,20.1,19.42,19.52,20909595.0
2020-11-13,19.68,20.22,19.68,20.14,20025795.0
2020-11-16,20.62,21.01,20.43,21.0,20641998.0
2020-11-17,20.74,21.06,20.53,21.03,17941922.0
2020-11-18,21.0,21.16,20.7,20.71,12593082.0
2020-11-19,20.73,21.17,20.52,21.11,13501311.0
2020-11-20,21.41,21.63,21.17,21.25,20378744.0
2020-11-23,21.58,21.93,21.38,21.91,21932307.0
2020-11-24,22.23,23.25,22.2,23.11,35904547.0
2020-11-25,23.01,23.66,22.67,23.54,19468244.0
2020-11-27,24.03,24.08,23.3,23.52,12314349.0
2020-11-30,23.54,23.86,23.02,23.39,25715214.0
2020-12-01,24.1,24.38,23.57,23.64,20482461.0
2020-12-02,23.5,24.19,23.07,24.08,18433584.0
2020-12-03,24.31,24.7,24.25,24.39,24569812.0
2020-12-04,24.79,25.43,24.7,25.06,31953974.0
2020-12-07,24.91,24.94,24.23,24.58,19790714.0
2020-12-08,24.21,24.79,24.15,24.47,12594041.0
2020-12-09,24.66,24.78,23.82,24.46,16007304.0
2020-12-10,24.76,25.2,24.34,24.86,17239031.0
2020-12-11,24.54,24.79,24.15,24.61,14650274.0
2020-12-14,24.76,24.92,23.77,23.8,15435953.0
2020-12-15,24.1,24.41,23.9,24.3,11708130.0
2020-12-16,24.54,24.59,23.85,24.39,13379204.0
2020-12-17,24.77,25.18,24.56,24.72,13306144.0
2020-12-18,24.72,24.9,24.42,24.63,23159114.0
2020-12-21,23.96,25.1,23.96,24.86,13488791.0
2020-12-22,24.94,25.04,24.01,24.25,13347521.0
2020-12-23,24.52,25.25,24.52,24.86,13462648.0
2020-12-24,24.8,25.06,24.6,24.79,5107713.0
2020-12-28,25.15,25.39,24.51,24.63,10089486.0
2020-12-29,24.75,24.98,24.31,24.74,9894848.0
2020-12-30,24.82,26.83,24.81,26.53,32166972.0
2020-12-31,26.55,26.62,25.85,26.02,16527916.0
2021-01-04,27.24,27.76,26.47,27.14,31387216.0
2021-01-05,27.14,28.58,27.11,28.37,26109102.0
2021-01-06,29.25,30.51,28.84,30.16,40670419.0
2021-01-07,31.05,31.78,30.66,31.17,29770946.0
2021-01-08,31.06,31.36,30.11,31.15,27541652.0
2021-01-11,29.52,30.55,28.05,30.32,22259226.0
2021-01-12,30.49,31.08,29.83,30.99,21250051.0
2021-01-13,30.94,31.24,30.48,30.56,19828162.0
2021-01-14,31.11,32.49,30.97,31.99,21668139.0
2021-01-15,31.35,31.43,30.07,30.35,19927619.0
2021-01-19,30.98,31.92,30.64,31.71,19517787.0
2021-01-20,31.97,32.39,30.91,30.97,17343246.0
2021-01-21,31.07,31.26,29.92,30.04,16883304.0
2021-01-22,29.32,30.64,28.84,30.49,17457125.0
2021-01-25,30.4,30.69,28.04,28.98,29254146.0
2021-01-26,29.36,29.78,26.77,27.01,33161629.0
2021-01-27,26.07,26.38,24.71,25.79,37297927.0
2021-01-28,26.33,28.05,26.32,27.79,26791415.0
2021-01-29,27.99,28.17,26.51,26.91,20156510.0
2021-02-01,28.31,28.57,27.57,28.23,22619569.0
2021-02-02,28.29,28.33,27.42,28.14,17952320.0
2021-02-03,28.7,29.26,28.41,29.2,19500414.0
2021-02-04,29.21,29.8,29.05,29.8,16730747.0
2021-02-05,30.21,31.9,30.21,31.73,33126382.0
2021-02-08,32.01,32.35,31.73,32.12,17556020.0
2021-02-09,31.83,32.11,31.02,32.02,18609833.0
2021-02-10,33.0,33.97,31.11,31.24,39036546.0
2021-02-11,31.16,31.67,30.55,30.99,15555467.0
2021-02-12,30.89,31.55,30.58,31.23,12012407.0
2021-02-16,32.51,33.09,32.2,32.9,28964873.0
2021-02-17,33.18,34.58,32.67,34.15,27535851.0
2021-02-18,34.36,34.88,33.55,34.14,18741320.0
2021-02-19,35.03,37.68,35.02,37.49,40020239.0
2021-02-22,37.89,39.1,37.31,38.08,33293474.0
2021-02-23,37.1,37.99,34.88,37.85,26070159.0
2021-02-24,37.75,38.13,36.55,37.89,25156615.0
2021-02-25,37.62,38.0,35.19,35.68,25657145.0
2021-02-26,34.52,35.4,33.15,33.91,37782546.0
2021-03-01,35.05,35.36,34.24,34.9,21592659.0
2021-03-02,34.98,36.2,34.89,35.18,21625495.0
2021-03-03,35.14,36.01,34.51,35.0,18613206.0
2021-03-04,33.97,34.76,31.5,32.7,38045332.0
2021-03-05,33.73,35.19,32.5,35.02,31506964.0
2021-03-08,34.73,35.48,33.8,34.43,24959359.0
2021-03-09,33.38,34.17,32.78,33.86,24411817.0
2021-03-10,33.97,34.82,33.66,34.46,20367764.0
2021-03-11,35.69,37.61,35.69,37.47,25590506.0
2021-03-12,36.93,37.49,36.52,37.42,19752503.0
2021-03-15,37.19,37.57,36.56,36.96,18337790.0
2021-03-16,37.03,37.03,34.95,34.99,21242420.0
2021-03-17,34.47,36.58,34.02,36.11,31499300.0
2021-03-18,36.0,37.14,35.28,35.42,25513398.0
2021-03-19,35.06,35.37,33.84,34.99,33270620.0
2021-03-22,35.19,35.63,34.61,35.01,21113505.0
2021-03-23,34.1,34.19,32.07,32.2,40041525.0
2021-03-24,32.81,33.35,31.58,31.61,27289027.0
2021-03-25,30.32,31.49,29.45,31.11,38038214.0
2021-03-26,32.78,33.33,31.8,32.96,23769226.0
2021-03-29,32.72,33.31,31.88,32.1,19461679.0
2021-03-30,31.8,33.02,31.38,32.68,17474736.0
2021-03-31,33.21,33.65,32.63,32.93,15946036.0
2021-04-01,33.34,33.97,33.28,33.76,16423757.0
2021-04-05,34.73,35.73,34.48,35.36,19365248.0
2021-04-06,35.72,36.22,34.76,35.01,22081134.0
2021-04-07,34.66,34.78,33.81,33.98,16292888.0
2021-04-08,34.1,34.76,33.36,34.37,15831362.0
2021-04-09,33.92,34.07,33.25,34.04,14028574.0
2021-04-12,34.02,34.02,33.03,33.67,15141251.0
2021-04-13,34.12,34.51,33.25,33.73,10889717.0
2021-04-14,34.95,37.04,34.86,36.31,35697637.0
2021-04-15,36.97,38.13,36.23,37.83,27185750.0
2021-04-16,38.13,38.46,37.44,38.14,19010522.0
2021-04-19,38.65,39.04,36.77,37.33,21560541.0
2021-04-20,37.05,37.25,35.11,35.88,20581238.0
2021-04-21,34.83,36.07,34.22,35.9,21914285.0
2021-04-22,34.98,35.69,34.24,34.74,23923777.0
2021-04-23,35.69,36.97,35.56,36.54,22572903.0
2021-04-26,37.1,39.08,36.96,39.05,27041602.0
2021-04-27,38.55,39.84,38.55,38.69,19766599.0
2021-04-28,38.02,39.67,37.61,39.35,18574642.0
2021-04-29,39.95,39.98,37.64,38.4,18860186.0
2021-04-30,38.0,38.69,37.45,37.71,13696442.0
2021-05-03,38.41,39.29,38.21,38.71,22861624.0
2021-05-04,38.91,39.28,37.9,39.22,26489196.0
2021-05-05,39.93,41.74,39.93,41.54,18253816.0
2021-05-06,42.0,42.19,40.73,42.07,25202208.0
2021-05-07,42.48,44.5,41.91,43.97,32390386.0
2021-05-10,44.96,46.1,42.64,42.74,53054579.0
2021-05-11,41.54,45.34,40.86,44.8,40448922.0
2021-05-12,44.06,44.65,42.32,42.75,40183145.0
2021-05-13,42.27,43.53,40.88,41.97,36123964.0
2021-05-14,41.23,42.51,41.18,42.29,21487570.0
2021-05-17,42.89,44.26,42.11,44.18,25784575.0
2021-05-18,44.73,44.99,43.59,43.63,24144214.0
2021-05-19,41.24,41.82,39.89,40.72,42376357.0
2021-05-20,41.02,41.49,39.87,41.22,23677492.0
2021-05-21,41.44,41.83,40.58,40.87,20823746.0
2021-05-24,40.83,41.9,40.45,41.57,13460078.0
2021-05-25,41.59,41.94,40.56,40.68,18214337.0
2021-05-26,40.97,41.74,40.86,41.32,18366243.0
2021-05-27,42.57,43.12,42.04,42.59,28490648.0
2021-05-28,42.57,42.9,42.06,42.72,14727755.0
2021-06-01,43.57,44.4,43.4,44.21,22142658.0
2021-06-02,44.0,44.01,42.96,43.34,14691299.0
2021-06-03,42.07,42.2,41.55,41.87,20223814.0
2021-06-04,42.21,42.52,41.32,41.73,15799194.0
2021-06-07,41.41,41.52,40.44,41.26,16725102.0
2021-06-08,41.38,41.92,40.69,41.38,14799559.0
2021-06-09,41.27,41.59,40.68,40.7,13874843.0
2021-06-10,40.82,41.78,40.05,40.14,16410681.0
2021-06-11,41.4,41.98,40.63,40.85,20060214.0
2021-06-14,40.61,40.79,39.16,39.48,19426517.0
2021-06-15,37.88,38.22,36.44,37.6,51189822.0
2021-06-16,36.98,37.84,36.52,37.06,36697099.0
2021-06-17,36.14,36.75,34.07,35.15,59951440.0
2021-06-18,34.77,35.45,34.45,34.96,46250164.0
2021-06-21,35.24,35.98,35.13,35.78,28159329.0
2021-06-22,36.29,37.01,35.63,36.49,27500662.0
2021-06-23,37.35,38.08,37.1,37.18,21647600.0
2021-06-24,37.75,37.85,36.77,37.52,20393530.0
2021-06-25,38.31,38.55,37.11,37.24,44083089.0
2021-06-28,37.31,37.84,36.57,36.74,14933259.0
2021-06-29,36.97,37.68,36.84,37.27,14898707.0
2021-06-30,37.11,37.45,36.77,37.11,12448852.0
2021-07-01,37.92,38.2,36.66,37.09,13946143.0
2021-07-02,37.38,37.49,36.78,37.14,10228180.0
2021-07-06,37.31,37.45,35.79,36.0,18992921.0
2021-07-07,36.57,36.77,35.34,36.21,14745187.0
2021-07-08,34.04,35.08,33.57,34.69,24061706.0
2021-07-09,35.98,36.69,35.74,36.5,18023064.0
2021-07-12,35.99,36.71,35.75,36.53,11999777.0
2021-07-13,36.25,36.31,35.4,35.73,14532691.0
2021-07-14,35.7,36.15,34.3,34.52,19482461.0
2021-07-15,34.41,35.21,33.91,34.39,15838115.0
2021-07-16,34.34,34.41,32.97,33.2,25880978.0
2021-07-19,31.7,32.45,31.36,32.4,31431745.0
2021-07-20,32.39,33.43,32.09,32.95,20933332.0
2021-07-21,33.58,34.77,33.48,34.65,24349383.0
2021-07-22,34.39,35.05,33.56,34.8,20606992.0
2021-07-23,34.8,35.26,34.28,35.19,15945495.0
2021-07-26,36.1,36.85,35.86,36.65,22801035.0
2021-07-27,36.22,36.76,35.67,36.35,17933488.0
2021-07-28,36.47,36.8,35.82,36.68,14851467.0
2021-07-29,37.49,38.58,37.17,38.47,23065884.0
2021-07-30,38.1,38.77,37.48,38.1,15910587.0
2021-08-02,38.66,39.08,36.55,36.62,21801086.0
2021-08-03,36.39,36.82,35.68,36.64,17245390.0
2021-08-04,36.4,36.66,35.63,35.65,11763586.0
2021-08-05,35.34,36.44,35.32,35.85,10530962.0
2021-08-06,36.64,37.26,36.07,36.86,13856028.0
2021-08-09,36.32,36.85,35.86,36.46,9479633.0
2021-08-10,36.7,38.47,36.54,38.22,17807380.0
2021-08-11,38.51,39.2,37.87,38.73,16883123.0
2021-08-12,38.52,38.57,37.54,38.39,11492417.0
2021-08-13,38.5,38.7,38.01,38.1,12872640.0
2021-08-16,36.84,37.13,36.13,36.84,13434755.0
2021-08-17,35.89,35.95,34.06,34.71,23492844.0
2021-08-18,34.14,34.61,33.84,33.88,18157869.0
2021-08-19,32.62,32.79,31.65,32.42,32408559.0
2021-08-20,32.7,33.15,32.2,32.8,21881060.0
2021-08-23,33.7,34.4,33.63,34.2,16189623.0
2021-08-24,34.95,35.39,34.8,35.21,15470679.0
2021-08-25,35.25,35.45,34.61,35.11,9923530.0
2021-08-26,34.86,35.27,34.46,34.54,11336100.0
2021-08-27,34.87,36.83,34.87,36.57,18805795.0
2021-08-30,37.28,37.36,36.55,36.64,13357867.0
2021-08-31,36.55,36.73,35.53,36.39,16216136.0
2021-09-01,35.73,36.29,35.04,35.89,16478206.0
2021-09-02,36.14,36.7,35.99,36.27,10984189.0
2021-09-03,36.11,36.53,35.92,36.14,12690689.0
2021-09-07,35.97,36.67,35.95,36.36,10303507.0
2021-09-08,36.12,36.13,34.36,34.37,18265713.0
2021-09-09,34.51,35.35,34.5,34.81,12518813.0
2021-09-10,35.27,36.6,35.21,35.48,22605889.0
2021-09-13,35.77,35.88,34.56,35.29,13867371.0
2021-09-14,35.16,35.37,34.65,34.79,14925189.0
2021-09-15,35.14,36.79,35.14,36.74,18871361.0
2021-09-16,35.55,35.57,33.73,34.3,35807786.0
2021-09-17,34.26,34.58,32.57,33.05,37567715.0
2021-09-20,30.76,31.59,30.52,31.17,38463194.0
2021-09-21,31.45,31.5,30.02,30.48,35686626.0
2021-09-22,31.6,32.26,31.47,31.56,28813468.0
2021-09-23,31.97,32.38,31.67,32.11,20270424.0
2021-09-24,31.69,32.69,31.69,32.24,15164300.0
2021-09-27,32.28,33.95,32.28,33.91,22469299.0
2021-09-28,34.02,34.05,32.81,33.57,19760997.0
2021-09-29,33.78,34.03,32.91,33.11,12717020.0
2021-09-30,32.54,33.76,32.53,32.53,23045139.0
2021-10-01,32.9,33.1,31.86,32.84,16091246.0
2021-10-04,33.37,33.73,32.43,32.71,20137597.0
2021-10-05,32.69,32.76,31.75,32.2,20005260.0
2021-10-06,31.83,32.18,30.93,31.71,22783873.0
2021-10-07,32.75,34.49,32.62,34.32,37035149.0
2021-10-08,34.6,35.01,33.9,34.13,17625283.0
2021-10-11,35.3,36.57,35.21,35.23,27084337.0
2021-10-12,35.05,35.48,34.44,34.61,21591553.0
2021-10-13,35.13,36.34,34.59,35.82,26459782.0
2021-10-14,36.99,37.9,36.56,37.13,28961431.0
2021-10-15,38.17,39.01,37.61,38.64,30048424.0
2021-10-18,37.54,39.05,37.39,38.54,23196075.0
2021-10-19,38.84,38.95,38.22,38.85,16543097.0
2021-10-20,38.64,39.08,38.08,38.93,14281712.0
2021-10-21,38.04,38.53,36.75,38.42,19571924.0
2021-10-22,37.97,38.81,37.21,37.67,19058229.0
2021-10-25,38.23,39.64,38.02,39.34,19215110.0
2021-10-26,39.44,39.67,38.36,38.85,15564445.0
2021-10-27,37.47,38.3,36.84,37.0,19544206.0
2021-10-28,37.65,38.22,37.16,38.1,13978391.0
2021-10-29,37.57,38.07,37.19,37.72,16052233.0
2021-11-01,37.78,38.63,37.6,38.33,10873435.0
2021-11-02,38.59,38.75,37.9,38.55,14574505.0
2021-11-03,38.64,38.7,37.52,38.23,17054441.0
2021-11-04,38.5,38.59,36.75,37.0,16309455.0
2021-11-05,37.15,37.4,36.77,37.04,12536225.0
2021-11-08,37.95,39.78,37.9,39.43,25103837.0
2021-11-09,39.23,39.79,38.15,39.2,16030778.0
2021-11-10,39.01,39.6,37.27,37.52,24055727.0
2021-11-11,39.12,41.22,38.27,40.9,39436931.0
2021-11-12,40.67,41.6,40.36,41.23,18481670.0
2021-11-15,41.02,41.24,40.2,40.86,13962122.0
2021-11-16,40.68,40.77,39.46,39.6,19165324.0
2021-11-17,39.64,40.44,38.66,38.87,19209051.0
2021-11-18,38.88,39.0,37.69,38.79,17621019.0
2021-11-19,38.47,39.27,38.11,38.28,18917982.0
2021-11-22,37.39,38.63,36.9,37.74,19078955.0
2021-11-23,38.04,39.25,37.93,38.68,15865691.0
2021-11-24,38.67,39.02,38.23,38.65,13430275.0
2021-11-26,36.28,37.41,35.3,37.24,21122389.0
2021-11-29,37.84,38.14,36.6,37.98,17219153.0
2021-11-30,37.96,38.55,36.49,37.08,27056126.0
2021-12-01,37.8,38.54,36.18,36.23,19252047.0
2021-12-02,36.39,37.35,35.92,37.1,18548791.0
2021-12-03,37.07,37.51,35.61,36.56,20762714.0
2021-12-06,37.27,37.89,36.36,37.37,13603038.0
2021-12-07,38.2,39.61,38.2,38.77,18048178.0
2021-12-08,38.86,39.3,38.26,38.72,14213766.0
2021-12-09,38.13,38.83,37.94,38.47,11526732.0
2021-12-10,38.98,39.2,37.88,38.37,10018549.0
2021-12-13,38.61,38.88,37.23,37.63,11557848.0
2021-12-14,37.56,38.78,37.39,37.96,12609630.0
2021-12-15,37.26,37.46,35.78,37.25,23245162.0
2021-12-16,38.41,39.21,38.09,38.28,17549108.0
2021-12-17,38.26,38.68,37.55,38.0,19762540.0
2021-12-20,37.05,37.64,36.71,37.42,13373728.0
2021-12-21,38.18,39.39,38.07,39.18,13560803.0
2021-12-22,39.19,40.17,39.0,40.14,13244466.0
2021-12-23,39.92,41.29,39.84,41.13,17727514.0
2021-12-27,41.0,42.04,40.63,41.99,11411800.0
2021-12-28,41.8,42.24,41.64,41.99,10838275.0
2021-12-29,41.69,42.21,41.42,41.98,14596218.0
2021-12-30,42.06,42.77,41.57,41.62,12001001.0
2021-12-31,41.64,41.97,41.38,41.73,8793174.0
2022-01-03,41.48,42.05,41.29,41.48,12665236.0
2022-01-04,41.82,42.5,41.46,42.15,14448581.0
2022-01-05,42.19,43.72,41.52,41.68,22270553.0
2022-01-06,41.48,41.9,40.28,40.53,16145811.0
2022-01-07,41.0,42.11,40.45,41.88,16974553.0
2022-01-10,41.61,41.87,40.68,41.62,12066875.0
2022-01-11,41.83,43.02,41.3,42.99,17291607.0
2022-01-12,44.99,45.45,44.16,45.15,28622632.0
2022-01-13,44.5,45.66,44.24,44.33,22953954.0
2022-01-14,43.3,44.46,43.06,44.08,19204609.0
2022-01-18,43.9,46.2,43.43,44.29,25906709.0
2022-01-19,45.04,45.5,44.05,44.08,18064366.0
2022-01-20,44.54,44.9,43.11,43.19,17598468.0
2022-01-21,42.6,42.73,40.7,40.99,24839286.0
2022-01-24,39.59,40.06,37.47,39.96,30991409.0
2022-01-25,39.32,39.86,38.02,39.63,27054500.0
2022-01-26,39.57,40.81,37.74,38.43,24866916.0
2022-01-27,38.41,39.05,36.74,37.1,24525263.0
2022-01-28,36.42,36.48,34.94,36.04,30157445.0
2022-01-31,35.98,37.26,35.64,37.22,20213695.0
2022-02-01,38.2,39.09,37.52,39.02,22362990.0
2022-02-02,39.03,39.86,38.35,39.39,19673339.0
2022-02-03,38.69,39.12,37.99,38.2,16366963.0
2022-02-04,38.03,38.83,37.71,38.42,15184262.0
2022-02-07,38.42,39.43,38.19,38.9,13817444.0
2022-02-08,39.18,40.7,38.98,40.63,18641696.0
2022-02-09,41.4,43.8,41.27,43.56,26474813.0
2022-02-10,42.86,45.56,42.8,43.91,29329415.0
2022-02-11,42.6,44.18,42.33,42.8,23462760.0
2022-02-14,42.75,43.0,41.76,42.45,17130433.0
2022-02-15,42.5,43.69,41.84,43.67,15764291.0
2022-02-16,43.6,44.44,43.54,44.25,11736029.0
2022-02-17,43.96,44.21,42.96,43.21,12251653.0
2022-02-18,43.37,43.85,42.78,43.02,15846697.0
2022-02-22,43.01,43.45,41.8,42.36,14429629.0
2022-02-23,42.55,43.19,42.05,42.46,13945730.0
2022-02-24,41.38,43.93,41.25,43.72,20397669.0
2022-02-25,43.85,46.37,43.74,46.34,29087945.0
2022-02-28,46.1,47.42,46.02,46.95,23876942.0
2022-03-01,47.51,49.55,47.17,47.91,27302498.0
2022-03-02,48.17,48.79,47.44,48.16,19132865.0
2022-03-03,48.75,49.12,47.42,49.09,22678660.0
2022-03-04,49.06,50.46,48.64,50.11,25510318.0
2022-03-07,48.9,49.38,46.71,47.15,27210636.0
2022-03-08,46.4,48.24,46.09,46.67,23946895.0
2022-03-09,45.67,47.56,44.9,46.99,23418117.0
2022-03-10,47.65,47.84,46.35,47.71,16686626.0
2022-03-11,47.13,47.78,46.61,46.93,14331207.0
2022-03-14,46.16,46.22,44.14,44.52,21012009.0
2022-03-15,43.34,44.46,43.0,44.28,18570084.0
2022-03-16,45.27,46.78,44.95,46.42,20461605.0
2022-03-17,47.02,48.8,46.76,48.59,18150945.0
2022-03-18,48.33,49.47,47.98,48.08,27493091.0
2022-03-21,48.35,50.0,48.35,49.51,15327125.0
2022-03-22,49.94,50.78,48.7,49.86,15558189.0
2022-03-23,50.01,50.42,49.68,49.81,11371706.0
2022-03-24,50.14,51.94,50.06,51.45,18021551.0
2022-03-25,51.11,51.99,50.92,51.93,11530156.0
2022-03-28,51.12,51.12,48.95,50.27,14166895.0
2022-03-29,49.03,50.09,47.64,50.09,15729428.0
2022-03-30,50.61,51.43,50.15,50.78,11190295.0
2022-03-31,50.58,51.27,49.74,49.74,10964372.0
2022-04-01,49.88,51.85,49.83,50.96,16632868.0
2022-04-04,51.78,51.78,50.57,50.9,12300254.0
2022-04-05,50.99,51.56,48.89,49.09,13805868.0
2022-04-06,48.91,49.03,47.44,48.06,13635760.0
2022-04-07,48.51,48.93,47.48,48.48,11154291.0
2022-04-08,48.91,49.35,48.23,48.97,9620296.0
2022-04-11,48.72,48.88,47.61,47.72,9370595.0
2022-04-12,48.64,49.32,47.85,48.0,11646580.0
2022-04-13,48.49,49.46,48.12,49.43,11976508.0
2022-04-14,49.7,50.42,49.14,49.19,12110222.0
2022-04-18,49.67,51.34,49.42,50.77,14267008.0
2022-04-19,50.07,50.92,49.72,50.64,10278468.0
2022-04-20,49.81,50.52,48.88,49.9,13101816.0
2022-04-21,48.49,48.79,44.48,44.95,31430941.0
2022-04-22,44.48,44.6,41.13,41.91,32547573.0
2022-04-25,40.02,42.08,39.56,41.65,31955326.0
2022-04-26,41.49,41.83,40.08,40.18,18707664.0
2022-04-27,42.1,42.91,41.52,41.69,22816538.0
2022-04-28,41.89,42.46,40.54,41.84,15192235.0
2022-04-29,42.48,43.5,40.38,40.55,17201968.0
2022-05-02,39.94,40.65,39.02,40.18,21723792.0
2022-05-03,40.34,40.89,39.82,40.15,16184267.0
2022-05-04,40.28,41.41,39.25,41.3,17667483.0
2022-05-05,41.01,41.08,38.87,39.64,22061311.0
2022-05-06,39.17,39.21,37.6,37.88,22379508.0
2022-05-09,36.1,36.95,35.36,35.52,30392839.0
2022-05-10,36.63,36.63,34.99,36.07,26543213.0
2022-05-11,37.25,37.82,35.82,35.91,22542841.0
2022-05-12,34.31,35.52,33.43,34.34,27193414.0
2022-05-13,34.77,35.8,34.59,35.04,18987965.0
2022-05-16,35.16,36.13,34.94,35.15,17882478.0
2022-05-17,37.09,37.82,36.56,37.64,22673620.0
2022-05-18,37.16,37.6,35.12,35.34,18275957.0
2022-05-19,35.63,37.59,35.63,36.72,18860223.0
2022-05-20,37.31,37.5,35.5,36.31,21630873.0
2022-05-23,37.6,38.64,37.07,38.35,19211904.0
2022-05-24,37.92,37.94,36.71,37.48,15922882.0
2022-05-25,37.07,38.06,36.93,37.83,12859848.0
2022-05-26,37.63,38.71,36.98,38.49,10011830.0
2022-05-27,39.09,39.7,38.7,39.65,11914435.0
2022-05-31,40.05,41.0,38.69,39.08,16890108.0
2022-06-01,39.32,39.98,38.85,39.64,12817554.0
2022-06-02,41.78,42.27,41.26,41.72,19239079.0
2022-06-03,41.03,41.94,41.0,41.33,13459937.0
2022-06-06,41.85,42.97,41.68,42.78,15137407.0
2022-06-07,42.25,43.62,42.15,43.39,12694788.0
2022-06-08,42.93,43.14,42.04,42.2,12373355.0
2022-06-09,42.18,42.27,40.5,40.52,13550942.0
2022-06-10,39.2,40.4,38.96,40.21,23308715.0
2022-06-13,38.19,38.52,36.3,37.17,30274567.0
2022-06-14,37.48,37.65,36.45,36.82,16368811.0
2022-06-15,37.5,37.57,35.89,36.9,17094637.0
2022-06-16,35.48,36.03,34.5,34.87,20474604.0
2022-06-17,34.54,35.0,33.42,33.82,30089685.0
2022-06-21,34.25,34.77,33.91,34.03,13634404.0
2022-06-22,32.25,32.25,31.17,31.32,31348968.0
2022-06-23,30.46,30.87,28.87,29.57,41337564.0
2022-06-24,29.76,30.99,29.15,30.99,35347247.0
2022-06-27,31.58,31.61,30.72,31.02,17053748.0
2022-06-28,31.54,32.3,30.68,30.78,22645186.0
2022-06-29,31.28,31.3,29.99,30.29,15424305.0
2022-06-30,29.72,30.06,28.99,29.26,21029193.0
2022-07-01,28.89,29.27,27.92,29.2,22967469.0
2022-07-05,27.84,27.97,26.61,27.26,35853347.0
2022-07-06,27.12,27.59,26.21,27.38,35581183.0
2022-07-07,29.31,29.54,28.78,29.22,24755667.0
2022-07-08,29.21,29.22,27.99,28.0,17509198.0
2022-07-11,27.05,27.31,26.75,26.91,22227040.0
2022-07-12,26.35,27.11,26.02,26.3,25721908.0
2022-07-13,25.76,26.95,25.37,26.44,26774624.0
2022-07-14,25.3,25.4,24.8,25.09,31890919.0
2022-07-15,25.39,26.13,24.88,25.82,29197409.0
2022-07-18,27.04,28.12,27.01,27.42,29351165.0
2022-07-19,27.3,28.61,27.26,28.5,22850356.0
2022-07-20,28.52,29.24,28.22,28.57,25186561.0
2022-07-21,28.49,29.05,27.39,28.91,27566118.0
2022-07-22,29.63,29.95,27.69,27.76,20926677.0
2022-07-25,28.54,28.62,27.98,28.29,16260809.0
2022-07-26,28.22,28.68,27.78,27.93,14626593.0
2022-07-27,27.98,29.41,27.76,29.29,17466277.0
2022-07-28,29.94,30.39,29.17,29.83,18827064.0
2022-07-29,30.05,31.73,29.77,31.55,26279245.0
2022-08-01,30.85,31.02,29.69,29.98,17320498.0
2022-08-02,29.63,29.99,28.52,29.33,17031867.0
2022-08-03,29.6,29.6,28.5,28.69,17599959.0
2022-08-04,28.82,29.44,28.53,28.76,12475258.0
2022-08-05,28.62,30.5,28.5,30.27,17881008.0
2022-08-08,30.94,31.66,30.41,30.62,15926701.0
2022-08-09,30.69,30.75,29.75,30.05,12976836.0
2022-08-10,30.96,31.59,30.59,31.4,17104865.0
2022-08-11,32.09,32.83,31.54,31.67,14663728.0
2022-08-12,31.24,31.69,31.06,31.62,10878756.0
2022-08-15,30.23,30.75,29.76,30.5,16050569.0
2022-08-16,30.95,31.47,30.73,31.39,11931713.0
2022-08-17,30.69,30.7,30.01,30.25,12467016.0
2022-08-18,30.7,31.4,30.55,31.23,12556217.0
2022-08-19,30.9,31.02,30.04,30.45,13799009.0
2022-08-22,29.9,29.91,29.29,29.86,14027511.0
2022-08-23,30.48,32.04,30.39,31.79,18021928.0
2022-08-24,31.07,31.65,30.9,31.32,10531382.0
2022-08-25,31.9,33.25,31.9,33.23,18058810.0
2022-08-26,33.82,33.89,32.04,32.19,15736114.0
2022-08-29,31.47,32.03,31.11,31.5,12645531.0
2022-08-30,31.14,31.2,29.43,29.76,19734757.0
2022-08-31,29.7,29.91,29.11,29.6,19624135.0
2022-09-01,28.49,28.54,27.58,28.09,19731902.0
2022-09-02,28.88,29.13,28.15,28.3,13699885.0
2022-09-06,28.57,28.92,27.85,28.12,14929175.0
2022-09-07,27.64,28.48,27.3,28.38,13627370.0
2022-09-08,28.58,30.64,28.45,30.62,21393872.0
2022-09-09,31.3,32.28,31.13,32.17,17891270.0
2022-09-12,32.65,32.78,31.9,32.17,12635895.0
2022-09-13,30.75,31.71,30.65,31.05,17693742.0
2022-09-14,30.52,30.7,29.53,30.03,20529689.0
2022-09-15,29.85,30.86,29.5,29.78,13837439.0
2022-09-16,29.27,29.64,28.69,29.33,27657368.0
2022-09-19,28.48,30.62,28.48,30.49,18022107.0
2022-09-20,29.92,29.94,29.36,29.72,14182133.0
2022-09-21,29.93,29.98,28.08,28.1,18878139.0
2022-09-22,28.76,29.05,28.15,28.35,16103440.0
2022-09-23,27.1,27.25,26.03,26.68,26058200.0
2022-09-26,26.18,27.26,26.12,26.5,17105502.0
2022-09-27,27.1,27.33,26.41,26.87,15322311.0
2022-09-28,26.97,27.99,26.81,27.86,14899300.0
2022-09-29,27.98,28.2,26.85,28.17,17580397.0
2022-09-30,27.85,28.42,27.29,27.33,16108350.0
2022-10-03,28.05,29.47,27.89,29.34,16515247.0
2022-10-04,30.05,30.99,29.95,30.78,17325897.0
2022-10-05,30.0,30.77,29.59,30.51,13118096.0
2022-10-06,29.7,30.08,29.23,29.82,18258737.0
2022-10-07,29.4,29.85,28.76,28.95,12667339.0
2022-10-10,29.32,30.11,29.12,29.26,11617713.0
2022-10-11,28.67,29.86,28.23,29.18,13833924.0
2022-10-12,28.9,28.97,28.11,28.84,15818366.0
2022-10-13,27.69,29.81,27.5,29.36,16285493.0
2022-10-14,29.43,29.47,27.57,27.64,13974832.0
2022-10-17,28.54,29.37,28.48,28.82,13874424.0
2022-10-18,29.46,29.57,27.83,28.49,14492059.0
2022-10-19,28.1,28.73,27.87,28.36,12703572.0
2022-10-20,28.36,30.6,28.16,29.12,26954387.0
2022-10-21,29.14,32.13,28.79,32.03,27259397.0
2022-10-24,31.12,31.79,30.63,31.05,19179516.0
2022-10-25,30.56,32.01,30.55,31.67,15133964.0
2022-10-26,32.49,33.77,32.34,33.34,19802337.0
2022-10-27,33.31,33.35,32.39,32.74,14606693.0
2022-10-28,32.17,32.41,31.45,32.2,13156916.0
2022-10-31,31.74,32.37,31.39,31.69,13138531.0
2022-11-01,33.69,33.74,32.69,32.9,16684573.0
2022-11-02,32.67,33.39,30.96,31.01,20066038.0
2022-11-03,30.55,31.67,30.28,31.56,15062182.0
2022-11-04,34.7,35.77,34.12,35.19,30363405.0
2022-11-07,34.97,35.23,34.12,34.45,12396397.0
2022-11-08,34.8,36.21,34.33,35.46,18453270.0
2022-11-09,34.89,35.76,33.67,34.03,14161901.0
2022-11-10,35.87,36.96,35.71,36.75,21126158.0
2022-11-11,37.74,39.26,37.74,38.04,22053451.0
2022-11-14,37.48,38.54,37.28,37.89,14006670.0
2022-11-15,38.25,38.44,37.57,38.09,15132141.0
2022-11-16,37.34,37.68,36.98,37.38,12620105.0
2022-11-17,35.8,36.42,35.31,36.36,13621398.0
2022-11-18,36.45,36.68,35.83,36.34,9136191.0
2022-11-21,36.02,36.36,35.14,36.13,10425311.0
2022-11-22,36.99,37.89,36.81,37.86,11848002.0
2022-11-23,37.15,38.19,37.1,38.04,8632431.0
2022-11-25,37.88,38.04,37.09,37.15,5219807.0
2022-11-28,36.53,36.89,36.12,36.19,10421773.0
2022-11-29,37.07,37.67,36.91,37.51,8912669.0
2022-11-30,38.33,39.8,37.78,39.8,23334157.0
2022-12-01,39.89,40.09,38.71,39.57,12098001.0
2022-12-02,38.69,40.29,38.44,40.22,15008702.0
2022-12-05,40.3,40.6,38.71,38.86,12200471.0
2022-12-06,39.06,39.86,38.2,38.46,14971812.0
2022-12-07,38.35,39.19,38.25,38.55,12273648.0
2022-12-08,39.67,40.05,39.28,39.86,12677620.0
2022-12-09,40.07,40.56,38.54,38.59,10601751.0
2022-12-12,38.11,38.94,37.87,38.88,9557151.0
2022-12-13,41.09,41.16,38.77,39.26,12513154.0
2022-12-14,39.04,39.89,38.86,39.43,11163673.0
2022-12-15,38.41,38.91,37.74,38.15,11048237.0
2022-12-16,38.17,39.05,37.85,38.36,29060655.0
2022-12-19,38.55,38.73,37.09,37.36,9245662.0
2022-12-20,37.65,38.39,37.65,37.8,7608094.0
2022-12-21,38.37,38.85,38.13,38.45,7266660.0
2022-12-22,38.04,38.04,36.85,37.67,11351648.0
2022-12-23,37.87,38.12,37.32,38.1,6597967.0
2022-12-27,38.67,39.26,38.41,38.88,10559296.0
2022-12-28,38.89,38.98,37.58,37.88,8305483.0
2022-12-29,38.13,38.57,38.06,38.31,6455750.0
2022-12-30,38.0,38.21,37.46,38.0,6820328.0
2023-01-03,37.95,39.07,37.59,37.92,8576057.0
2023-01-04,38.0,39.15,37.72,39.0,10415595.0
2023-01-05,38.9,40.27,38.66,39.84,12340954.0
2023-01-06,40.71,42.6,40.54,42.28,16483777.0
2023-01-09,43.2,44.18,42.83,42.83,17009510.0
2023-01-10,43.24,44.82,43.01,44.71,16052513.0
2023-01-11,45.02,45.37,44.23,45.32,18910332.0
2023-01-12,45.53,45.85,44.24,45.1,12834855.0
2023-01-13,44.76,45.43,44.48,45.05,11109598.0
2023-01-17,44.68,45.19,44.04,44.15,12643958.0
2023-01-18,45.28,46.38,43.89,43.92,19797391.0
2023-01-19,43.07,44.47,42.98,44.14,13731223.0
2023-01-20,43.85,45.44,43.37,45.41,12365137.0
2023-01-23,45.24,45.55,44.13,44.95,11735791.0
2023-01-24,42.7,45.5,42.7,44.59,9720796.0
2023-01-25,44.23,46.73,43.97,46.64,18821742.0
2023-01-26,46.27,46.48,44.26,45.45,15945716.0
2023-01-27,44.99,45.54,44.68,44.82,10871344.0
2023-01-30,44.37,45.02,43.95,43.98,8850301.0
2023-01-31,43.7,44.85,43.43,44.62,10931858.0
2023-02-01,44.27,45.32,43.18,44.81,13159919.0
2023-02-02,44.69,44.94,42.82,43.71,14696183.0
2023-02-03,43.38,44.78,42.96,43.16,13162821.0
2023-02-06,42.69,43.1,42.16,42.95,11026483.0
2023-02-07,43.02,43.85,42.34,43.69,12585613.0
2023-02-08,43.29,43.6,42.89,43.02,6826112.0
2023-02-09,43.97,44.08,42.58,42.94,9417767.0
2023-02-10,42.7,42.73,41.81,42.36,8030388.0
2023-02-13,41.8,42.49,41.31,42.11,8600620.0
2023-02-14,41.97,43.15,41.54,42.98,9376221.0
2023-02-15,41.74,42.39,41.33,42.31,10789473.0
2023-02-16,42.33,43.47,41.95,42.76,11010295.0
2023-02-17,42.12,42.13,41.2,41.74,11621258.0
2023-02-21,42.48,43.44,42.39,42.66,15232975.0
2023-02-22,42.03,42.48,41.46,41.79,9818818.0
2023-02-23,41.73,41.86,39.94,40.59,12760647.0
2023-02-24,39.36,39.94,39.01,39.89,11207259.0
2023-02-27,40.14,40.61,39.81,40.11,8130266.0
2023-02-28,40.51,41.36,40.13,40.97,11700864.0
2023-03-01,42.6,43.39,42.33,43.0,14042773.0
2023-03-02,41.87,42.96,41.87,42.82,9794698.0
2023-03-03,43.18,43.88,42.74,43.73,10232173.0
2023-03-06,43.02,43.02,42.6,42.73,8697846.0
2023-03-07,42.19,42.31,39.98,40.14,16238943.0
2023-03-08,40.15,41.44,40.15,40.54,9938627.0
2023-03-09,40.51,40.9,38.87,39.17,11896924.0
2023-03-10,39.15,39.51,37.75,37.88,18172029.0
2023-03-13,37.08,38.32,36.31,37.61,18949375.0
2023-03-14,38.84,38.99,37.59,38.04,17198017.0
2023-03-15,36.24,36.4,34.93,35.51,26465396.0
2023-03-16,35.18,36.14,34.88,36.1,25294867.0
2023-03-17,36.23,36.49,35.48,36.23,18290674.0
2023-03-20,36.98,37.62,36.75,37.45,11952527.0
2023-03-21,37.96,38.43,37.66,38.26,11516029.0
2023-03-22,38.35,39.38,37.78,37.84,12672829.0
2023-03-23,38.25,39.27,37.39,37.79,15292636.0
2023-03-24,37.37,38.21,36.75,38.01,13895469.0
2023-03-27,38.32,38.37,37.39,37.98,12486042.0
2023-03-28,38.37,38.62,38.1,38.37,6945933.0
2023-03-29,39.0,39.81,38.9,39.44,11948844.0
2023-03-30,40.39,41.15,40.03,40.2,12550829.0
2023-03-31,40.26,41.1,40.23,40.91,11181342.0
2023-04-03,41.13,41.35,40.47,41.2,10302443.0
2023-04-04,40.76,40.8,39.71,40.26,12782950.0
2023-04-05,39.87,40.41,39.57,40.32,10516031.0
2023-04-06,40.23,40.46,39.55,40.29,8095595.0
2023-04-10,40.0,40.38,39.53,40.13,9373893.0
2023-04-11,41.02,41.51,40.81,41.13,11684293.0
2023-04-12,41.28,41.66,40.87,41.12,9918352.0
2023-04-13,41.72,43.26,41.61,42.95,17383712.0
2023-04-14,43.13,43.46,42.39,43.16,11637647.0
2023-04-17,42.86,43.05,41.75,42.12,12149119.0
2023-04-18,42.42,43.02,42.4,42.96,14166373.0
2023-04-19,42.1,42.43,41.84,41.89,11655002.0
2023-04-20,41.19,41.79,41.07,41.36,11494236.0
2023-04-21,39.79,40.7,38.88,39.66,22431495.0
2023-04-24,39.19,39.55,38.45,39.53,12907965.0
2023-04-25,38.19,38.28,37.1,37.75,20736080.0
2023-04-26,37.99,38.05,37.07,37.28,10484526.0
2023-04-27,37.19,37.49,36.68,37.47,10761206.0
2023-04-28,37.03,37.93,36.91,37.91,9463179.0
2023-05-01,38.86,38.86,37.35,37.63,9629344.0
2023-05-02,37.05,37.18,36.24,36.6,10714552.0
2023-05-03,36.7,37.08,36.28,36.33,12554017.0
2023-05-04,36.18,36.33,34.76,35.22,19129306.0
2023-05-05,35.91,36.72,35.76,36.47,13540261.0
2023-05-08,37.2,37.42,36.45,36.56,9274731.0
2023-05-09,36.3,36.92,36.16,36.66,11133309.0
2023-05-10,36.95,37.0,35.51,36.24,11944500.0
2023-05-11,34.76,34.96,34.29,34.54,17097666.0
2023-05-12,34.7,34.99,34.37,34.99,10943086.0
2023-05-15,35.23,36.25,34.96,36.13,13039764.0
2023-05-16,35.95,36.3,35.17,35.25,12941633.0
2023-05-17,36.33,36.52,35.41,35.82,14459650.0
2023-05-18,35.12,35.86,34.83,35.68,9791630.0
2023-05-19,36.03,36.24,35.43,35.73,8720596.0
2023-05-22,35.72,36.04,35.61,35.62,6280765.0
2023-05-23,35.22,35.24,34.51,34.68,11101817.0
2023-05-24,34.1,34.13,33.05,33.21,17677498.0
2023-05-25,33.4,33.74,33.06,33.63,12397010.0
2023-05-26,34.87,35.13,34.47,34.77,14099707.0
2023-05-30,34.72,34.74,33.84,34.23,13296493.0
2023-05-31,33.73,34.42,33.31,34.34,16890327.0
2023-06-01,34.86,35.89,34.68,35.47,14008737.0
2023-06-02,37.29,37.56,36.62,37.19,20451054.0
2023-06-05,37.45,37.45,36.27,37.04,10166911.0
2023-06-06,36.92,37.81,36.92,37.74,8924680.0
2023-06-07,37.79,38.31,37.53,37.57,15290181.0
2023-06-08,37.88,38.07,37.41,37.84,9407128.0
2023-06-09,37.8,38.05,37.55,37.89,9270347.0
2023-06-12,37.47,38.19,36.88,37.82,10723463.0
2023-06-13,39.24,40.12,39.17,39.82,17147817.0
2023-06-14,40.6,40.75,39.52,40.06,10557651.0
2023-06-15,40.01,40.51,39.88,40.08,12694630.0
2023-06-16,39.79,40.15,39.58,39.89,16144169.0
2023-06-20,39.55,39.66,38.58,39.4,11959974.0
2023-06-21,38.97,40.04,38.91,39.77,10526698.0
2023-06-22,39.49,39.77,39.15,39.72,10899241.0
2023-06-23,38.48,38.55,37.9,38.37,12456576.0
2023-06-26,38.44,39.57,38.44,39.27,9130551.0
2023-06-27,39.57,40.51,39.45,40.41,12084654.0
2023-06-28,39.75,39.75,38.76,39.22,14802030.0
2023-06-29,38.93,39.4,38.6,39.35,10597067.0
2023-06-30,39.91,40.09,39.44,40.0,12637559.0
2023-07-03,40.41,41.31,40.28,40.76,6915661.0
2023-07-05,40.18,40.21,38.79,39.18,13613316.0
2023-07-06,38.29,38.61,37.2,37.91,17545636.0
2023-07-07,38.04,39.14,37.81,38.64,11158442.0
2023-07-10,38.24,39.01,38.22,38.98,9122268.0
2023-07-11,39.34,39.83,38.96,39.71,11554750.0
2023-07-12,40.6,41.06,40.41,40.72,11778056.0
2023-07-13,41.19,42.24,41.19,42.08,16155660.0
2023-07-14,42.09,42.09,40.91,41.08,13132282.0
2023-07-17,40.06,40.54,39.83,40.46,8040235.0
2023-07-18,40.21,40.87,40.06,40.41,8939062.0
2023-07-19,40.12,40.74,39.76,40.67,15002531.0
2023-07-20,41.75,42.51,41.31,41.89,17041817.0
2023-07-21,42.32,42.32,40.5,40.61,11550742.0
2023-07-24,40.72,42.62,40.68,42.1,16669392.0
2023-07-25,42.98,44.25,42.88,43.69,19515358.0
2023-07-26,43.23,43.95,42.9,43.41,12767006.0
2023-07-27,43.69,44.34,43.18,43.29,13403193.0
2023-07-28,43.88,43.88,43.01,43.63,9642425.0
2023-07-31,44.09,44.7,44.03,44.65,10284640.0
2023-08-01,43.68,44.09,43.41,43.75,9051050.0
2023-08-02,42.96,43.26,42.2,42.57,10719649.0
2023-08-03,42.53,43.4,42.16,43.05,8561078.0
2023-08-04,42.9,43.16,42.27,42.51,8162157.0
2023-08-07,42.7,42.7,42.12,42.29,6637262.0
2023-08-08,41.15,42.77,40.71,42.69,10580509.0
2023-08-09,42.96,43.37,42.38,42.43,8842895.0
2023-08-10,42.58,43.03,42.2,42.38,9092448.0
2023-08-11,41.67,41.96,41.06,41.42,8627801.0
2023-08-14,40.66,41.23,39.95,41.21,12482630.0
2023-08-15,40.39,40.46,39.61,39.85,11486826.0
2023-08-16,39.6,40.09,38.99,39.01,9967746.0
2023-08-17,39.99,40.35,39.59,39.62,10921000.0
2023-08-18,39.07,39.29,38.52,38.84,12635552.0
2023-08-21,39.05,39.27,38.45,38.73,8988321.0
2023-08-22,39.54,39.64,38.61,38.89,7599099.0
2023-08-23,38.92,39.76,38.82,39.26,9647339.0
2023-08-24,38.82,39.16,38.3,38.4,8152620.0
2023-08-25,38.61,38.75,37.74,38.33,8446560.0
2023-08-28,38.66,39.18,38.43,38.96,8445668.0
2023-08-29,38.88,40.22,38.71,40.19,9229063.0
2023-08-30,40.09,40.55,39.87,40.19,6656011.0
2023-08-31,40.26,40.34,39.68,39.91,8605075.0
2023-09-01,40.92,41.82,40.88,41.49,10985347.0
2023-09-05,41.35,41.85,40.73,40.8,6393080.0
2023-09-06,40.13,40.47,39.69,40.41,7647774.0
2023-09-07,39.6,39.83,39.29,39.76,7450784.0
2023-09-08,39.54,39.75,39.17,39.29,6337304.0
2023-09-11,40.39,40.61,39.8,40.11,6583521.0
2023-09-12,39.86,40.56,39.8,40.06,8955091.0
2023-09-13,39.97,40.25,39.61,39.74,5233573.0
2023-09-14,41.03,41.4,40.67,40.68,7455254.0
2023-09-15,40.67,40.98,40.23,40.37,11064375.0
2023-09-18,40.41,40.43,39.67,40.19,6683066.0
2023-09-19,40.2,40.48,38.66,38.82,12865548.0
2023-09-20,39.04,39.6,38.67,38.69,7267122.0
2023-09-21,37.88,37.93,37.2,37.23,12888709.0
2023-09-22,37.86,37.97,37.1,37.15,7816752.0
2023-09-25,36.75,37.24,36.42,37.2,6611059.0
2023-09-26,36.57,37.3,36.36,36.57,11739874.0
2023-09-27,36.77,36.96,36.04,36.55,10358424.0
2023-09-28,37.03,37.49,36.92,37.33,10314523.0
2023-09-29,37.97,38.22,37.02,37.29,10169391.0
2023-10-02,36.77,37.13,36.19,36.64,8687543.0
2023-10-03,36.1,36.78,36.01,36.34,11198070.0
2023-10-04,36.55,36.55,35.45,35.86,13597461.0
2023-10-05,35.8,36.04,35.04,35.37,13218395.0
2023-10-06,35.48,37.0,35.3,36.67,12692347.0
2023-10-09,36.33,37.16,36.24,36.83,7766170.0
2023-10-10,37.15,37.83,37.03,37.29,11390352.0
2023-10-11,37.62,37.62,36.76,37.15,6235876.0
2023-10-12,36.97,37.0,35.62,36.07,11862187.0
2023-10-13,36.31,36.38,35.32,35.45,9439407.0
2023-10-16,35.8,36.35,35.54,35.85,10920509.0
2023-10-17,35.43,36.67,35.21,36.48,11333818.0
2023-10-18,35.92,36.24,35.47,35.61,12195033.0
2023-10-19,35.51,36.03,34.83,35.23,15584428.0
2023-10-20,34.86,35.13,33.72,33.88,16094373.0
2023-10-23,33.68,33.99,33.08,33.51,11470769.0
2023-10-24,33.63,34.58,33.4,34.42,12380455.0
2023-10-25,34.34,34.71,33.75,33.84,10861940.0
2023-10-26,33.68,34.16,33.425,33.71,10294366.0
2023-10-27,34.31,34.46,33.52,33.67,10565427.0
2023-10-30,34.08,34.405,33.79,34.04,11163276.0
2023-10-31,33.64,33.915,33.27,33.78,9175158.0
2023-11-01,33.87,33.99,33.29,33.71,9698443.0
2023-11-02,34.31,35.13,34.31,35.01,9225784.0
2023-11-03,35.65,35.99,35.075,35.15,9307338.0
2023-11-06,35.51,35.6,35.155,35.37,7805837.0
2023-11-07,34.66,34.69,33.73,34.06,12611753.0
2023-11-08,33.875,34.285,33.3,33.61,10634647.0
2023-11-09,34.03,34.2184,33.09,33.24,9730470.0
2023-11-10,33.09,33.83,32.825,33.68,9924573.0
2023-11-13,33.61,33.93,33.375,33.43,8944481.0
2023-11-14,34.55,35.68,34.55,35.17,11724618.0
2023-11-15,35.48,36.38,35.29,36.0,14733404.0
2023-11-16,35.89,36.1,35.29,35.54,10034468.0
2023-11-17,35.9,36.24,35.47,36.0,8961755.0
2023-11-20,36.16,37.095,36.075,36.65,12322870.0
2023-11-21,36.97,37.53,36.85,37.0,11351670.0
2023-11-22,36.8,37.04,36.5201,36.89,7624216.0
2023-11-24,36.74,37.215,36.605,36.84,3509898.0
2023-11-27,36.53,36.67,36.16,36.59,8251473.0
2023-11-28,36.71,37.5,36.46,37.22,11345431.0
2023-11-29,37.43,37.58,36.77,37.17,9792248.0
2023-11-30,37.27,37.47,36.93,37.32,10438950.0
2023-12-01,37.84,39.46,37.7405,39.24,18671270.0
2023-12-04,38.09,38.58,37.5,37.61,15674981.0
2023-12-05,37.33,37.33,36.545,36.57,13057110.0
2023-12-06,36.87,37.18,36.2,36.25,9356787.0
2023-12-07,36.57,36.85,36.04,36.37,10691577.0
2023-12-08,37.05,38.4099,36.89,38.15,19549029.0
2023-12-11,37.53,38.04,37.3,37.87,8606646.0
2023-12-12,37.7,37.77,37.17,37.42,13640395.0
2023-12-13,37.49,39.23,37.14,39.19,15442472.0
2023-12-14,40.3,42.315,40.3,41.97,29234550.0
2023-12-15,40.95,41.955,40.95,41.5,23084708.0
2023-12-18,41.57,42.44,41.34,41.35,12241969.0
2023-12-19,42.03,42.615,42.0,42.18,16499784.0
2023-12-20,41.77,42.35,41.29,41.34,10798527.0
2023-12-21,41.97,42.3,41.825,42.23,7032183.0
2023-12-22,42.53,42.84,42.1,42.38,6984624.0
2023-12-26,42.6,43.08,42.51,42.83,6701019.0
2023-12-27,43.04,43.42,42.78,43.2,7172571.0
2023-12-28,42.95,43.25,42.875,43.02,5426539.0
2023-12-29,42.41,42.92,42.27,42.57,6509651.0
2024-01-02,41.96,42.54,41.755,42.09,9620369.0
2024-01-03,40.97,41.69,40.59,41.37,13722968.0
2024-01-04,41.12,41.58,40.72,41.55,11897495.0
2024-01-05,41.25,41.97,41.1,41.41,8228577.0
2024-01-08,41.27,42.245,41.03,42.2,9226336.0
2024-01-09,41.63,41.92,41.46,41.7,9119839.0
2024-01-10,41.55,41.65,41.125,41.3,8167480.0
2024-01-11,41.59,41.59,40.605,41.03,8279731.0
2024-01-12,41.35,41.77,40.755,40.94,7622481.0
2024-01-16,40.31,40.31,38.715,38.9,16524305.0
2024-01-17,38.0,38.315,37.6,38.24,11757156.0
2024-01-18,38.39,38.41,37.82,38.21,10158551.0
2024-01-19,38.19,38.82,37.78,38.77,13539636.0
2024-01-22,38.09,38.2,37.47,37.48,19428928.0
2024-01-23,38.1499,38.72,37.815,38.17,18432877.0
2024-01-24,40.65,40.99,39.67,39.72,27944446.0
2024-01-25,39.97,40.13,38.76,39.44,15599787.0
2024-01-26,39.68,40.15,39.405,39.59,10134969.0
2024-01-29,39.74,40.29,39.01,40.23,8875489.0
2024-01-30,39.845,40.14,39.46,39.97,10858709.0
2024-01-31,40.16,40.81,39.65,39.69,16275410.0
2024-02-01,39.88,40.21,39.505,40.18,10854319.0
2024-02-02,39.52,40.26,38.89,40.1,14120179.0
2024-02-05,39.21,39.23,37.99,38.68,16202084.0
2024-02-06,39.02,40.22,38.93,40.17,13064616.0
2024-02-07,40.1,40.115,38.91,39.2,9705206.0
2024-02-08,38.85,38.9,37.89,38.12,13849159.0
2024-02-09,37.84,37.91,37.255,37.36,15822140.0
2024-02-12,37.475,37.967,37.305,37.69,12932560.0
2024-02-13,36.88,37.12,36.255,36.66,14272034.0
2024-02-14,36.89,37.25,36.55,37.2,9269194.0
2024-02-15,37.36,38.35,37.36,38.25,10170926.0
2024-02-16,39.1,39.75,38.8,38.83,12614250.0
2024-02-20,38.42,38.51,38.0,38.14,10516143.0
2024-02-21,38.47,39.01,38.4,38.86,11345206.0
2024-02-22,38.625,39.04,38.51,38.67,9548273.0
2024-02-23,38.79,39.15,38.59,38.96,10291549.0
2024-02-26,38.36,38.41,37.605,38.03,10433059.0
2024-02-27,38.51,38.74,37.9,38.16,6760217.0
2024-02-28,37.74,37.835,37.29,37.41,10166378.0
2024-02-29,38.18,38.41,37.75,37.81,16037467.0
2024-03-01,37.94,38.35,37.6001,37.93,10343124.0
2024-03-04,38.0,38.45,37.635,38.32,9192520.0
2024-03-05,38.01,38.27,36.75,37.12,13885363.0
2024-03-06,38.18,38.76,37.9244,38.14,11704149.0
2024-03-07,39.32,40.445,39.25,39.81,12895697.0
2024-03-08,39.99,40.14,39.55,39.85,7670773.0
2024-03-11,39.78,40.67,39.78,40.42,9599726.0
2024-03-12,40.675,40.78,39.8,40.36,8841244.0
2024-03-13,41.55,43.76,41.53,43.41,26393259.0
2024-03-14,43.69,43.825,42.93,43.32,16004424.0
2024-03-15,43.64,44.9,43.5,44.61,33978401.0
2024-03-18,44.96,45.47,44.37,44.48,14482196.0
2024-03-19,43.68,44.47,43.355,44.33,13528557.0
2024-03-20,44.29,46.46,43.925,46.01,20140539.0
2024-03-21,46.39,46.4,45.47,46.24,17023907.0
2024-03-22,46.1,46.1,45.08,45.1,14514808.0
2024-03-25,45.45,46.485,45.21,45.35,7754702.0
2024-03-26,45.49,45.49,44.61,44.73,10489960.0
2024-03-27,44.94,45.94,44.535,45.88,10700012.0
2024-03-28,46.2,47.19,45.96,47.02,20168968.0
2024-04-01,47.53,47.81,47.22,47.33,10375950.0
2024-04-02,47.85,48.84,47.31,48.38,22037540.0
2024-04-03,48.71,49.75,48.64,49.61,19957486.0
2024-04-04,49.99,50.25,48.86,49.18,24836926.0
2024-04-05,49.3,49.58,48.66,49.47,14155183.0
2024-04-08,50.03,50.27,49.42,50.0,12745884.0
2024-04-09,51.45,52.03,50.505,51.3,17631708.0
2024-04-10,49.98,51.38,49.59,50.92,16142587.0
2024-04-11,51.03,51.3431,49.96,50.74,12975669.0
2024-04-12,51.91,52.42,49.33,49.47,19983768.0
2024-04-15,50.7,51.05,49.67,50.02,15047067.0
2024-04-16,48.42,49.61,48.08,49.41,20075228.0
2024-04-17,50.46,51.14,49.46,49.82,15795719.0
2024-04-18,50.82,51.04,49.68,50.16,15717467.0
2024-04-19,50.25,51.08,49.37,49.61,17066676.0
2024-04-22,48.22,49.41,47.8,48.95,20147930.0
2024-04-23,47.45,48.69,47.1,47.99,19439603.0
2024-04-24,48.23,48.46,47.38,48.24,11838342.0
2024-04-25,48.94,49.66,47.99,49.4,15974749.0
2024-04-26,49.94,50.72,49.54,50.5,19037059.0
2024-04-29,51.25,52.52,50.78,52.41,24485643.0
2024-04-30,50.5,51.2,49.9,49.94,17226580.0
2024-05-01,50.15,51.4,49.375,49.91,19249218.0
2024-05-02,49.37,49.39,48.22,48.78,24389392.0
2024-05-03,50.0,50.55,49.1375,50.45,14498117.0
2024-05-06,51.2,51.505,50.5403,50.99,10951781.0
2024-05-07,51.0,51.46,50.81,51.39,13121439.0
2024-05-08,50.2,50.7099,49.425,49.96,14197590.0
2024-05-09,50.07,51.35,49.7,51.08,10234241.0
2024-05-10,51.665,52.0,51.35,51.59,14534975.0
2024-05-13,51.985,52.5,51.77,52.04,9210528.0
2024-05-14,52.33,53.655,52.33,53.48,17713851.0
2024-05-15,53.81,54.09,52.135,53.61,17286781.0
2024-05-16,53.81,54.05,51.905,52.04,14800259.0
2024-05-17,52.73,54.345,52.545,54.23,17946535.0
2024-05-20,54.0,55.235,53.38,54.86,15774341.0
2024-05-21,54.88,54.95,53.59,54.32,18146859.0
2024-05-22,51.81,52.75,50.6,51.23,26299715.0
2024-05-23,51.89,51.97,50.81,51.2,16864689.0
2024-05-24,51.505,52.075,51.285,51.53,9649859.0
2024-05-28,53.06,53.89,52.28,53.63,14921873.0
2024-05-29,52.73,53.2,52.4,52.77,11570862.0
2024-05-30,51.51,52.655,51.41,52.31,13160255.0
2024-05-31,52.74,53.29,51.21,52.73,18379947.0
2024-06-03,53.15,53.15,51.51,52.04,10249413.0
2024-06-04,51.03,51.05,48.41,49.7,24814590.0
2024-06-05,50.0,50.61,49.66,50.49,12639523.0
2024-06-06,50.665,51.28,49.9007,51.25,11009006.0
2024-06-07,49.65,49.8,48.825,49.27,16056420.0
2024-06-10,49.51,50.22,49.401,50.0,11052232.0
2024-06-11,48.91,49.44,48.28,49.34,10672882.0
2024-06-12,50.86,51.27,48.92,49.2,10109888.0
2024-06-13,49.11,49.11,47.61,47.99,12397721.0
2024-06-14,47.705,49.19,47.38,48.11,8370169.0
2024-06-17,47.355,47.49,46.57,47.26,11361188.0
2024-06-18,47.16,47.92,46.88,47.69,9008775.0
2024-06-20,48.49,49.54,48.22,49.36,14675494.0
2024-06-21,49.09,49.82,48.21,49.56,19076617.0
2024-06-24,49.47,50.72,49.355,50.38,11347423.0
2024-06-25,49.96,50.03,49.465,49.88,8024694.0
2024-06-26,49.86,49.99,49.0,49.47,8416214.0
2024-06-27,49.65,49.69,48.17,48.32,8987727.0
2024-06-28,49.2,49.49,48.335,48.6,12546132.0
2024-07-01,49.12,49.69,48.23,48.41,6817088.0
2024-07-02,47.88,48.79,47.7,48.71,8470129.0
2024-07-03,49.41,51.16,49.41,50.65,8894267.0
2024-07-05,51.11,51.84,51.03,51.52,8300556.0
2024-07-08,51.11,51.3797,50.53,51.13,9030823.0
2024-07-09,51.06,51.795,50.645,50.8,9349866.0
2024-07-10,50.94,51.97,50.75,51.59,9196930.0
2024-07-11,51.635,51.94,50.935,51.51,8219375.0
2024-07-12,51.95,51.97,51.11,51.28,8004095.0
2024-07-15,50.61,51.03,49.7,50.42,9112857.0
2024-07-16,49.47,50.17,48.64,50.07,11035765.0
2024-07-17,49.96,50.075,48.37,48.5,12056587.0
2024-07-18,47.91,48.03,45.53,45.92,17498831.0
2024-07-19,45.68,46.3,45.47,45.9,9670969.0
2024-07-22,45.85,46.14,45.46,46.01,12381396.0
2024-07-23,45.0,45.495,43.54,45.27,18792665.0
2024-07-24,45.59,45.76,44.12,44.18,18533949.0
2024-07-25,44.02,45.255,43.27,44.53,16904562.0
2024-07-26,45.44,45.5,44.37,45.0,10390517.0
2024-07-29,44.49,44.81,44.13,44.38,9192586.0
2024-07-30,43.89,44.23,43.49,43.85,11608712.0
2024-07-31,46.01,46.37,45.12,45.41,13050663.0
2024-08-01,45.12,45.44,43.18,43.63,12260051.0
2024-08-02,43.28,43.28,41.63,41.97,17152431.0
2024-08-05,40.0,40.975,39.08,40.87,26149089.0
2024-08-06,40.7,41.865,40.32,41.04,11307894.0
2024-08-07,41.59,41.65,39.49,39.52,14519866.0
2024-08-08,40.0,41.36,39.91,41.04,10231441.0
2024-08-09,41.61,41.66,40.68,41.05,9181852.0
2024-08-12,41.64,41.95,41.21,41.56,8945616.0
2024-08-13,41.54,42.08,41.1,41.89,7439340.0
2024-08-14,42.17,42.17,41.38,41.91,9124709.0
2024-08-15,43.35,44.075,43.22,43.58,12988263.0
2024-08-16,43.3,43.71,43.05,43.44,8973090.0
2024-08-19,43.99,44.4,43.591,44.25,10891902.0
2024-08-20,44.44,44.64,43.39,43.53,9390368.0
2024-08-21,44.03,44.12,43.47,43.89,7041637.0
2024-08-22,43.6,43.69,43.01,43.3,7143407.0
2024-08-23,43.7,44.82,43.6,44.66,11801118.0
2024-08-26,45.6,46.01,44.96,45.19,11046713.0
2024-08-27,44.97,45.6,44.82,45.23,6755678.0
2024-08-28,44.05,44.31,43.535,43.87,9080058.0
2024-08-29,43.88,44.195,43.475,43.83,8612493.0
2024-08-30,43.89,44.32,43.52,44.28,7811438.0
2024-09-03,42.36,42.39,40.85,41.36,18808962.0
2024-09-04,41.33,42.13,41.0,41.61,9787325.0
2024-09-05,42.09,42.32,41.3,41.4,7371467.0
2024-09-06,41.13,41.4,39.73,40.0,13200113.0
2024-09-09,40.62,40.87,40.18,40.4,8663336.0
2024-09-10,40.29,40.44,39.335,40.41,9559469.0
2024-09-11,40.9,41.405,40.274,41.3,13306410.0
2024-09-12,41.78,42.29,41.59,41.81,11414970.0
2024-09-13,42.14,43.04,42.06,42.66,10831542.0
2024-09-16,43.23,43.69,42.685,42.89,11120248.0
2024-09-17,42.91,43.51,42.83,43.13,6921257.0
2024-09-18,43.17,44.97,43.04,43.92,11573717.0
2024-09-19,45.7,45.85,44.99,45.14,16920492.0
2024-09-20,44.68,44.872,44.355,44.53,16304120.0
2024-09-23,45.0,45.7678,44.82,45.14,15471287.0
2024-09-24,48.18,48.98,47.54,48.72,26361607.0
2024-09-25,48.75,48.98,48.14,48.31,12454784.0
2024-09-26,51.085,52.61,50.8,51.91,32402727.0
2024-09-27,51.24,52.06,51.15,51.34,15967660.0
2024-09-30,50.21,50.51,49.44,49.92,14994756.0
2024-10-01,50.55,50.725,49.54,50.38,9101948.0
2024-10-02,50.86,51.45,50.35,50.82,10744242.0
2024-10-03,49.64,50.05,49.28,49.77,10383897.0
2024-10-04,50.61,51.12,49.98,50.55,11509878.0
2024-10-07,50.42,51.19,50.04,50.79,8895323.0
2024-10-08,48.97,48.97,48.045,48.59,13040395.0
2024-10-09,48.02,48.96,47.71,48.87,6977030.0
2024-10-10,48.915,49.825,48.5101,49.54,6959946.0
2024-10-11,49.47,50.28,49.37,50.03,6415054.0
2024-10-14,47.92,49.0,47.56,48.86,13573477.0
2024-10-15,47.985,48.14,47.09,47.28,11854658.0
2024-10-16,47.81,48.07,47.33,47.97,7360395.0
2024-10-17,48.26,48.395,47.62,47.95,8317625.0
2024-10-18,48.82,49.1,48.16,48.18,8822992.0
2024-10-21,48.43,48.7,47.675,47.94,10150413.0
2024-10-22,50.0,50.12,47.635,48.53,14468579.0
2024-10-23,47.51,48.12,47.27,47.92,10849088.0
2024-10-24,47.99,48.2,46.65,46.84,10171520.0
2024-10-25,47.0,47.2,46.515,46.6,8528887.0
2024-10-28,46.86,46.97,46.53,46.73,6446341.0
2024-10-29,47.49,47.56,46.53,46.57,8471555.0
2024-10-30,46.28,46.35,45.565,45.97,9017135.0
2024-10-31,45.41,45.57,44.715,45.02,9481291.0
2024-11-01,45.6,46.17,45.3,45.59,7733375.0
2024-11-04,45.97,46.725,45.6269,46.27,9147823.0
2024-11-05,46.87,47.0,46.42,46.99,5991473.0
2024-11-06,45.28,47.225,44.92,46.87,12911727.0
2024-11-07,48.24,49.21,48.19,48.58,12733263.0
2024-11-08,46.52,46.9,45.475,46.36,16197353.0
2024-11-11,45.54,45.63,44.715,44.9,12737202.0
2024-11-12,43.98,44.12,42.92,43.6,18145186.0
2024-11-13,43.75,43.872,43.09,43.12,11931876.0
2024-11-14,43.47,43.57,42.71,43.27,11905710.0
2024-11-15,43.5,43.82,42.0,42.7,12902345.0
2024-11-18,43.035,43.65,42.555,43.55,11887683.0
2024-11-19,43.55,44.2,43.1301,44.12,12764200.0
2024-11-20,44.0,44.145,43.4,43.7,8733683.0
2024-11-21,43.77,44.11,43.26,43.76,8872121.0
2024-11-22,43.68,43.76,43.37,43.72,9109420.0
2024-11-25,43.85,44.61,43.85,44.38,13286669.0
2024-11-26,43.96,44.08,43.12,43.48,11820979.0
2024-11-27,43.61,44.23,43.51,43.76,7050324.0
2024-11-29,43.62,44.52,43.57,44.2,6191105.0
2024-12-02,44.19,44.39,42.66,43.64,14413035.0
2024-12-03,44.66,44.83,43.545,43.83,12218846.0
2024-12-04,43.93,44.24,42.81,43.04,18548226.0
2024-12-05,43.12,43.3485,42.45,42.79,11873523.0
2024-12-06,43.07,43.07,42.03,42.07,9470996.0
2024-12-09,43.75,44.75,43.69,43.73,18310002.0
2024-12-10,43.54,43.72,42.59,42.67,10835493.0
2024-12-11,42.805,43.115,42.4,43.0,7338962.0
2024-12-12,42.6,42.73,41.975,42.08,10184736.0
2024-12-13,41.73,41.785,41.1,41.59,9669036.0
2024-12-16,41.288,41.52,40.5,40.74,10232527.0
2024-12-17,40.15,40.79,40.07,40.62,11734115.0
2024-12-18,40.43,40.62,38.57,38.71,12500001.0
2024-12-19,38.74,39.22,37.665,38.24,15766356.0
2024-12-20,37.98,39.29,37.96,38.86,22372243.0
2024-12-23,38.92,39.34,38.555,39.25,8562504.0
2024-12-24,39.37,39.39,38.81,39.22,3815327.0
2024-12-26,39.04,39.32,38.92,39.19,6127836.0
2024-12-27,38.9,39.18,38.56,38.86,7892478.0
2024-12-30,38.42,38.48,37.745,38.16,11047287.0
2024-12-31,38.12,38.47,37.96,38.08,9246978.0
2025-01-02,38.39,38.78,37.811,37.88,8791471.0
2025-01-03,38.0,38.19,37.185,37.71,10155153.0
2025-01-06,38.83,39.76,38.51,38.57,18974389.0
2025-01-07,38.83,39.1688,38.4058,38.74,15304180.0
2025-01-08,38.76,39.825,38.31,39.74,15588975.0
2025-01-10,40.5,40.64,38.73,38.98,11971121.0
2025-01-13,38.65,39.6,38.62,39.41,10418049.0
2025-01-14,39.71,39.835,39.04,39.5,9801890.0
2025-01-15,40.445,40.45,39.52,40.03,10618040.0
2025-01-16,40.19,40.41,39.575,40.03,11793725.0
2025-01-17,40.09,40.81,39.87,40.22,12045606.0
2025-01-21,40.76,40.94,39.86,40.3,16558021.0
2025-01-22,40.44,40.5,39.02,39.09,15882574.0
2025-01-23,38.11,38.7,36.46,38.5,30475402.0
2025-01-24,38.73,38.88,37.455,37.81,19076373.0
2025-01-27,37.215,37.215,36.58,36.67,18550521.0
2025-01-28,36.88,37.0,35.46,35.84,16842910.0
2025-01-29,35.98,36.84,35.94,36.28,12599740.0
2025-01-30,36.67,36.815,36.07,36.64,11821904.0
2025-01-31,36.36,36.64,35.685,35.85,13387229.0
2025-02-03,35.365,36.135,34.8901,35.86,15940316.0
2025-02-04,36.0301,36.995,36.0301,36.48,14490587.0
2025-02-05,36.27,37.01,35.97,36.68,14888320.0
2025-02-06,37.54,37.94,36.775,37.15,13748144.0
2025-02-07,38.49,39.19,37.87,38.22,21531690.0
2025-02-10,38.88,38.91,38.4,38.46,16243406.0
2025-02-11,37.705,38.22,37.45,37.59,13957929.0
2025-02-12,37.67,38.44,37.46,37.96,10946289.0
2025-02-13,38.69,40.35,38.48,40.22,21444617.0
2025-02-14,40.53,40.8,39.28,39.47,17559039.0
2025-02-18,39.48,39.52,38.605,39.3,12261306.0
2025-02-19,38.95,38.96,38.19,38.57,12101232.0
2025-02-20,38.94,39.63,38.59,38.96,11471979.0
2025-02-21,38.95,38.95,36.835,36.98,16151093.0
2025-02-24,37.19,37.44,36.94,37.11,8418222.0
2025-02-25,37.19,37.23,36.02,36.76,10618835.0
2025-02-26,38.54,38.72,37.82,37.95,16632704.0
2025-02-27,38.79,38.855,37.285,37.42,13147007.0
2025-02-28,36.71,37.02,36.23,36.91,14779630.0
2025-03-03,38.1,38.49,35.4,35.53,18101210.0
2025-03-04,35.4,35.62,34.262,34.9,18310704.0
2025-03-05,36.425,38.34,36.35,38.16,29190990.0
2025-03-06,38.0,39.01,37.3,37.68,18546798.0
2025-03-07,37.18,37.65,35.93,36.94,16969347.0
2025-03-10,35.6,35.68,33.98,34.5,21432936.0
2025-03-11,34.76,36.22,34.57,35.88,18345220.0
2025-03-12,36.81,37.24,36.03,36.78,13995704.0
2025-03-13,36.73,38.735,36.73,37.58,20682685.0
2025-03-14,38.09,38.95,38.0,38.85,15203261.0
2025-03-17,38.99,39.99,38.99,39.51,12880746.0
2025-03-18,40.12,40.31,39.275,39.84,14569832.0
2025-03-19,39.8,41.095,39.5249,40.42,17519016.0
2025-03-20,41.045,41.53,40.565,40.7,22075572.0
2025-03-21,39.96,40.37,39.21,40.25,22336010.0
2025-03-24,41.49,42.31,41.33,41.61,21356005.0
2025-03-25,42.1999,43.27,42.0875,43.01,20804715.0
2025-03-26,43.24,43.45,41.351,41.49,19433535.0
2025-03-27,40.69,40.705,39.61,39.98,18010128.0
2025-03-28,39.89,40.27,38.27,38.42,20227245.0
2025-03-31,37.26,38.185,36.33,37.86,17462354.0
2025-04-01,38.06,38.13,37.195,38.13,13121248.0
2025-04-02,37.6,38.22,37.41,38.2,13166153.0
2025-04-03,35.98,35.99,33.42,33.51,31999523.0
2025-04-04,31.15,31.32,28.485,29.15,44734481.0
2025-04-07,28.03,31.65,27.66,30.37,40398820.0
2025-04-08,31.66,31.775,28.64,29.21,35157937.0
2025-04-09,29.93,34.18,28.955,33.74,38575457.0
2025-04-10,32.72,32.82,30.23,31.35,25658438.0
2025-04-11,31.92,33.74,31.85,33.35,26249819.0
2025-04-14,34.07,34.64,33.06,33.75,19645835.0
2025-04-15,33.29,33.805,32.965,33.37,18741773.0
2025-04-16,33.37,33.98,32.835,33.32,17261124.0
2025-04-17,33.345,33.58,32.37,32.9,16987936.0
2025-04-21,33.12,33.3,32.1216,32.95,11419888.0
2025-04-22,33.42,34.755,33.3,34.06,19264304.0
2025-04-23,35.435,36.46,35.06,35.19,21643066.0
2025-04-24,35.57,37.81,35.27,37.63,23970823.0
2025-04-25,37.005,37.66,36.8125,37.35,10958689.0
