Date,open,high,low,close,volume
2015-04-27,58.7,58.91,57.54,58.25,144179.0
2015-04-28,58.27,58.77,57.78,58.44,147491.0
2015-04-29,58.31,58.75,57.86,57.98,107169.0
2015-04-30,57.51,57.6,55.41,55.84,272776.0
2015-05-01,55.92,56.82,55.22,56.43,187769.0
2015-05-04,56.48,56.99,55.83,56.01,140508.0
2015-05-05,55.86,56.41,55.1,55.28,182082.0
2015-05-06,55.32,55.78,54.81,55.44,170913.0
2015-05-07,55.26,55.78,55.15,55.39,125211.0
2015-05-08,55.89,56.24,55.12,55.38,154241.0
2015-05-11,55.29,55.99,55.29,55.82,263787.0
2015-05-12,55.82,55.95,54.73,55.67,152245.0
2015-05-13,55.84,56.34,55.51,55.96,112386.0
2015-05-14,56.16,56.82,56.01,56.59,113446.0
2015-05-15,56.42,56.74,55.72,56.0,122934.0
2015-05-18,55.71,56.97,55.71,56.77,262193.0
2015-05-19,56.88,58.27,56.45,58.05,283017.0
2015-05-20,58.49,63.73,58.49,60.95,750941.0
2015-05-21,61.19,61.42,60.43,61.09,303177.0
2015-05-22,61.1,61.46,60.17,60.22,184742.0
2015-05-26,59.88,60.16,58.83,59.55,261949.0
2015-05-27,59.81,59.81,58.35,59.09,315675.0
2015-05-28,59.08,59.43,58.28,59.25,196583.0
2015-05-29,59.15,59.15,57.27,57.3,253404.0
2015-06-01,57.86,58.4,56.93,57.78,227296.0
2015-06-02,57.57,58.36,57.18,57.74,202971.0
2015-06-03,57.8,58.82,57.63,58.34,200866.0
2015-06-04,57.98,58.26,56.97,57.08,167450.0
2015-06-05,56.94,58.18,56.2,58.07,229532.0
2015-06-08,57.95,58.22,57.19,57.95,190388.0
2015-06-09,58.02,58.42,57.19,57.24,137328.0
2015-06-10,57.84,58.77,57.8,58.01,184150.0
2015-06-11,58.02,58.5,57.85,58.41,125806.0
2015-06-12,58.25,58.28,57.62,57.89,108716.0
2015-06-15,57.25,57.68,56.68,57.41,230315.0
2015-06-16,57.25,59.11,57.25,58.34,229949.0
2015-06-17,58.6,58.79,57.86,58.14,189498.0
2015-06-18,58.46,59.7,57.78,58.35,342800.0
2015-06-19,58.54,58.99,57.93,58.82,295113.0
2015-06-22,59.32,60.55,58.58,60.43,322332.0
2015-06-23,60.53,61.05,59.49,61.01,291671.0
2015-06-24,60.78,60.99,60.27,60.47,258937.0
2015-06-25,60.83,61.85,60.48,61.8,284503.0
2015-06-26,62.12,62.17,59.45,59.74,3410196.0
2015-06-29,59.29,59.89,58.44,58.47,191271.0
2015-06-30,59.05,59.05,58.06,58.3,181566.0
2015-07-01,58.86,59.75,58.13,58.5,170036.0
2015-07-02,58.71,58.71,57.49,57.62,122446.0
2015-07-06,57.37,57.89,57.25,57.74,147759.0
2015-07-07,57.81,57.96,56.85,57.57,121217.0
2015-07-08,57.13,57.37,56.56,57.15,151078.0
2015-07-09,57.63,57.83,56.69,56.96,109719.0
2015-07-10,57.55,57.81,56.89,57.39,118057.0
2015-07-13,57.78,57.95,57.3,57.82,119691.0
2015-07-14,57.97,58.87,57.35,58.65,190001.0
2015-07-15,58.72,58.95,57.31,57.52,303321.0
2015-07-16,58.01,58.45,57.7,57.92,147123.0
2015-07-17,57.76,58.48,57.76,58.48,115363.0
2015-07-20,58.47,59.17,58.47,58.71,182115.0
2015-07-21,58.63,58.63,56.53,56.57,150481.0
2015-07-22,56.72,56.81,56.07,56.35,139777.0
2015-07-23,56.33,56.56,55.5,55.63,156320.0
2015-07-24,55.61,55.85,55.09,55.13,151736.0
2015-07-27,54.86,54.96,54.11,54.18,285030.0
2015-07-28,54.31,54.54,53.08,53.21,219294.0
2015-07-29,53.17,54.57,52.99,54.19,174823.0
2015-07-30,54.0,54.61,53.64,54.47,136399.0
2015-07-31,54.66,55.19,54.3,54.83,110739.0
2015-08-03,54.9,54.9,53.19,53.89,144202.0
2015-08-04,53.88,54.7,53.72,53.87,165126.0
2015-08-05,54.32,54.67,53.83,53.92,127451.0
2015-08-06,54.18,54.46,53.27,54.22,115855.0
2015-08-07,53.95,54.32,53.63,54.2,99052.0
2015-08-10,54.51,55.48,54.47,55.43,147048.0
2015-08-11,54.85,55.32,54.54,55.05,107124.0
2015-08-12,54.63,54.66,53.8,54.42,121747.0
2015-08-13,54.52,54.65,53.82,54.27,161458.0
2015-08-14,54.19,55.0,54.01,54.97,144439.0
2015-08-17,54.82,55.63,54.4,55.6,170468.0
2015-08-18,55.53,55.53,54.81,55.06,100050.0
2015-08-19,54.76,55.29,54.07,54.44,108225.0
2015-08-20,53.96,54.35,53.24,53.27,170041.0
2015-08-21,52.38,53.47,51.9,52.79,213601.0
2015-08-24,50.15,52.99,50.11,51.5,305304.0
2015-08-25,53.11,53.11,50.46,50.73,294536.0
2015-08-26,53.0,53.0,48.73,50.36,715545.0
2015-08-27,50.5,50.99,48.68,49.91,351588.0
2015-08-28,49.76,50.92,48.54,50.41,240130.0
2015-08-31,50.15,51.47,49.69,50.9,252701.0
2015-09-01,50.27,50.47,49.5,49.78,165930.0
2015-09-02,50.18,50.74,49.92,50.68,150794.0
2015-09-03,50.76,51.25,50.37,50.42,147638.0
2015-09-04,49.91,50.7,49.88,50.44,107536.0
2015-09-08,50.95,51.61,50.48,51.28,373342.0
2015-09-09,51.58,51.76,50.31,50.35,219426.0
2015-09-10,50.31,50.5,49.49,49.59,284318.0
2015-09-11,49.43,50.25,49.17,50.01,196995.0
2015-09-14,50.16,50.16,48.85,48.9,228527.0
2015-09-15,49.05,49.77,48.91,49.42,196512.0
2015-09-16,49.52,50.36,49.39,50.03,184010.0
2015-09-17,49.99,50.65,49.74,49.85,223250.0
2015-09-18,49.31,50.43,48.28,50.43,1147603.0
2015-09-21,49.57,51.36,49.46,51.05,481469.0
2015-09-22,50.57,51.13,49.56,49.66,188659.0
2015-09-23,49.75,49.99,48.11,48.29,237126.0
2015-09-24,48.07,48.48,47.57,48.1,236196.0
2015-09-25,48.54,48.54,47.6,47.69,227665.0
2015-09-28,47.6,48.08,47.38,47.5,176669.0
2015-09-29,47.5,47.94,47.23,47.81,337958.0
2015-09-30,48.25,49.06,48.0,48.88,378787.0
2015-10-01,48.87,49.0,47.72,48.22,205053.0
2015-10-02,47.76,48.63,47.51,48.59,153574.0
2015-10-05,48.83,49.93,48.68,49.86,162370.0
2015-10-06,49.87,50.38,49.54,49.81,176086.0
2015-10-07,49.99,50.67,49.78,50.08,101230.0
2015-10-08,49.98,50.59,49.92,50.43,93834.0
2015-10-09,50.48,50.88,50.44,50.56,71740.0
2015-10-12,50.56,50.9,50.1,50.66,61426.0
2015-10-13,50.55,50.58,50.02,50.33,114447.0
2015-10-14,50.3,50.72,49.54,49.66,114498.0
2015-10-15,49.74,50.21,48.95,49.59,65628.0
2015-10-16,49.57,49.75,49.05,49.34,71020.0
2015-10-19,49.18,49.92,49.16,49.79,72667.0
2015-10-20,49.7,50.23,49.32,49.8,59485.0
2015-10-21,50.06,50.4,49.29,49.4,75685.0
2015-10-22,49.55,50.89,49.4,50.58,89662.0
2015-10-23,50.85,51.19,49.94,50.28,61871.0
2015-10-26,50.3,50.41,49.61,49.76,112598.0
2015-10-27,49.61,49.91,49.23,49.41,109610.0
2015-10-28,49.53,50.16,48.95,50.13,134464.0
2015-10-29,49.98,50.41,49.57,50.35,88344.0
2015-10-30,50.32,50.74,49.94,50.44,107012.0
2015-11-02,50.4,51.42,50.36,51.4,85536.0
2015-11-03,51.4,51.67,50.94,51.32,86244.0
2015-11-04,51.36,51.7,50.92,51.35,87982.0
2015-11-05,51.39,51.79,50.78,51.74,76218.0
2015-11-06,51.62,51.88,50.85,51.86,78557.0
2015-11-09,51.76,51.99,51.19,51.52,117589.0
2015-11-10,51.51,51.85,51.12,51.73,93406.0
2015-11-11,51.89,51.89,50.88,51.24,102535.0
2015-11-12,50.08,50.79,49.59,50.0,112578.0
2015-11-13,49.71,50.6,49.29,49.42,133240.0
2015-11-16,49.42,50.58,49.34,50.52,102915.0
2015-11-17,50.48,51.21,50.04,50.36,75187.0
2015-11-18,50.42,51.14,50.36,51.08,85167.0
2015-11-19,50.91,51.31,50.51,51.17,117902.0
2015-11-20,51.52,51.86,51.22,51.66,143505.0
2015-11-23,51.49,52.0,51.42,51.98,121962.0
2015-11-24,51.58,51.89,51.25,51.62,113942.0
2015-11-25,51.75,51.75,51.09,51.29,85124.0
2015-11-27,51.23,51.4,50.62,50.78,54532.0
2015-11-30,50.8,51.61,50.8,51.48,197938.0
2015-12-01,51.59,52.21,51.17,51.72,124128.0
2015-12-02,51.67,51.78,51.46,51.62,97087.0
2015-12-03,51.85,52.23,51.08,51.56,122011.0
2015-12-04,51.45,52.43,51.45,52.16,120421.0
2015-12-07,52.16,52.37,51.03,51.29,146044.0
2015-12-08,51.09,51.69,50.04,50.38,166640.0
2015-12-09,50.31,50.96,49.36,49.51,153787.0
2015-12-10,49.67,50.84,49.38,50.25,171051.0
2015-12-11,49.64,49.93,48.16,48.36,164977.0
2015-12-14,48.34,48.81,47.86,48.73,176510.0
2015-12-15,49.0,49.67,48.77,49.61,216670.0
2015-12-16,53.0,53.5,49.09,50.28,514700.0
2015-12-17,50.36,50.36,49.53,49.69,217118.0
2015-12-18,49.38,49.58,48.48,48.51,378452.0
2015-12-21,49.13,50.71,49.01,50.68,223082.0
2015-12-22,52.27,53.85,51.71,53.58,326977.0
2015-12-23,53.82,54.12,53.43,53.68,117306.0
2015-12-24,53.77,54.02,53.34,53.54,56355.0
2015-12-28,53.45,53.45,52.63,53.17,121115.0
2015-12-29,53.61,54.39,53.4,54.26,121509.0
2015-12-30,54.23,55.01,53.87,54.89,210076.0
2015-12-31,54.58,54.94,54.02,54.36,190532.0
2016-01-04,53.76,54.44,53.23,54.12,245305.0
2016-01-05,54.26,55.64,54.17,55.6,317609.0
2016-01-06,55.14,56.2,55.14,55.91,311997.0
2016-01-07,54.93,55.53,54.61,55.36,251097.0
2016-01-08,55.59,55.59,54.6,54.75,281761.0
2016-01-11,55.01,55.35,54.34,54.92,223668.0
2016-01-12,55.37,56.77,55.37,56.28,259223.0
2016-01-13,56.52,56.58,53.8,54.09,209537.0
2016-01-14,54.23,54.32,53.14,53.7,179676.0
2016-01-15,52.41,53.18,51.81,52.99,273206.0
2016-01-19,53.49,53.49,51.77,52.37,232709.0
2016-01-20,51.56,53.72,50.85,53.22,158675.0
2016-01-21,53.27,54.17,52.73,52.92,174240.0
2016-01-22,53.51,54.27,53.36,53.85,182493.0
2016-01-25,53.81,54.01,53.11,53.49,183880.0
2016-01-26,53.63,55.38,53.63,55.16,142853.0
2016-01-27,54.67,54.74,53.78,53.99,165928.0
2016-01-28,54.38,54.43,53.51,53.8,116788.0
2016-01-29,53.95,55.7,53.95,55.7,239437.0
2016-02-01,55.49,55.49,54.23,54.95,183840.0
2016-02-02,54.47,54.56,53.76,54.05,226935.0
2016-02-03,54.31,55.02,53.71,54.35,183194.0
2016-02-04,54.25,55.04,53.96,54.5,276936.0
2016-02-05,54.15,54.15,52.94,53.25,376983.0
2016-02-08,52.76,55.37,52.31,55.18,276928.0
2016-02-09,54.52,55.36,54.41,54.88,188775.0
2016-02-10,55.23,55.58,54.57,54.66,182658.0
2016-02-11,53.8,54.43,51.76,53.08,131941.0
2016-02-12,53.41,54.06,52.29,52.49,137358.0
2016-02-16,52.96,53.44,52.44,53.17,149642.0
2016-02-17,53.57,54.31,53.33,54.13,236933.0
2016-02-18,54.63,54.92,53.96,54.54,166846.0
2016-02-19,54.49,54.91,54.06,54.33,193376.0
2016-02-22,55.13,55.64,53.71,54.04,242448.0
2016-02-23,53.99,55.97,53.79,55.68,272850.0
2016-02-24,55.15,55.15,53.76,54.34,161011.0
2016-02-25,54.5,55.76,54.5,55.49,187300.0
2016-02-26,57.1,58.79,56.54,57.56,451100.0
2016-02-29,57.92,58.04,56.21,57.51,359976.0
2016-03-01,58.08,58.67,57.23,58.42,285839.0
2016-03-02,58.45,59.69,58.2,59.29,231249.0
2016-03-03,59.06,60.0,58.7,59.14,240251.0
2016-03-04,59.14,59.53,58.41,59.32,205132.0
2016-03-07,59.01,59.67,58.91,59.34,161995.0
2016-03-08,59.0,59.05,58.08,58.13,176029.0
2016-03-09,58.2,58.46,57.25,57.56,115159.0
2016-03-10,57.59,58.4,55.96,56.48,198374.0
2016-03-11,56.83,57.86,56.64,57.64,95861.0
2016-03-14,57.42,57.42,56.58,57.22,144463.0
2016-03-15,56.83,58.12,56.7,57.79,196651.0
2016-03-16,57.62,59.03,57.23,58.78,217145.0
2016-03-17,58.77,59.73,57.94,59.56,189801.0
2016-03-18,60.0,60.21,59.61,60.08,364267.0
2016-03-21,60.21,60.79,59.67,60.7,218432.0
2016-03-22,60.13,60.41,59.68,60.39,190575.0
2016-03-23,60.13,60.32,59.33,59.44,179236.0
2016-03-24,59.29,59.77,58.61,59.64,146980.0
2016-03-28,59.72,59.82,58.73,59.09,121227.0
2016-03-29,58.86,60.75,58.34,60.74,150805.0
2016-03-30,60.9,60.9,60.21,60.47,210159.0
2016-03-31,60.5,60.5,59.54,60.13,129635.0
2016-04-01,59.59,60.01,58.95,59.71,132226.0
2016-04-04,59.49,59.49,57.72,57.97,154340.0
2016-04-05,57.53,58.6,57.53,58.44,208940.0
2016-04-06,58.35,59.21,57.3,58.97,114198.0
2016-04-07,58.67,59.15,58.28,58.83,177073.0
2016-04-08,59.25,59.61,59.03,59.51,157152.0
2016-04-11,59.64,60.22,59.44,60.06,244556.0
2016-04-12,59.83,60.53,59.61,59.87,181018.0
2016-04-13,60.08,61.95,59.91,61.93,269128.0
2016-04-14,61.96,62.6,61.47,62.38,132234.0
2016-04-15,62.38,62.69,61.27,61.4,103812.0
2016-04-18,60.94,61.95,60.94,61.55,68639.0
2016-04-19,61.89,61.89,60.75,61.05,165291.0
2016-04-20,60.72,60.75,60.26,60.43,172794.0
2016-04-21,60.57,60.7,59.33,59.71,103055.0
2016-04-22,59.66,60.49,59.36,60.18,146403.0
2016-04-25,59.95,60.02,59.07,59.34,103418.0
2016-04-26,59.53,60.49,59.3,60.44,120794.0
2016-04-27,60.56,60.99,60.26,60.75,105961.0
2016-04-28,60.67,61.34,60.14,60.9,96405.0
2016-04-29,60.89,61.57,60.57,61.31,159106.0
2016-05-02,61.49,62.36,60.85,61.89,138552.0
2016-05-03,61.6,61.64,60.9,61.3,111349.0
2016-05-04,60.94,61.02,60.44,60.53,100251.0
2016-05-05,60.86,61.71,60.62,61.45,144700.0
2016-05-06,61.14,62.04,60.34,61.77,103316.0
2016-05-09,61.71,62.0,61.35,61.63,67844.0
2016-05-10,62.05,62.78,61.86,62.55,82972.0
2016-05-11,62.31,62.87,61.87,62.28,84421.0
2016-05-12,62.27,62.62,61.42,61.59,111486.0
2016-05-13,61.71,62.22,61.23,62.05,97618.0
2016-05-16,62.05,63.32,62.01,63.09,79192.0
2016-05-17,63.08,63.91,62.79,63.3,253388.0
2016-05-18,63.29,64.39,62.87,63.89,163285.0
2016-05-19,63.5,63.75,63.0,63.55,110632.0
2016-05-20,63.8,64.71,63.66,64.66,97502.0
2016-05-23,64.7,64.85,64.15,64.5,133844.0
2016-05-24,64.85,66.17,64.44,65.88,169022.0
2016-05-25,66.05,66.38,64.87,64.91,190249.0
2016-05-26,65.11,66.99,65.11,66.9,293162.0
2016-05-27,67.31,67.77,66.38,66.63,188439.0
2016-05-31,67.24,67.46,66.2,66.55,162068.0
2016-06-01,66.67,66.77,65.7,66.4,174816.0
2016-06-02,66.45,66.95,65.91,66.36,191665.0
2016-06-03,66.14,66.33,65.76,65.86,157945.0
2016-06-06,65.99,67.66,65.6,67.63,174402.0
2016-06-07,67.65,67.97,67.02,67.17,105773.0
2016-06-08,67.04,67.62,66.79,67.52,90963.0
2016-06-09,67.22,67.65,67.17,67.43,119544.0
2016-06-10,67.24,67.53,66.25,66.55,146105.0
2016-06-13,66.39,66.5,64.83,64.91,130195.0
2016-06-14,64.65,65.48,64.19,65.2,142822.0
2016-06-15,65.27,65.76,64.81,65.23,128648.0
2016-06-16,64.88,65.36,64.16,64.95,103353.0
2016-06-17,65.16,65.37,64.47,65.05,302505.0
2016-06-20,66.22,66.3,65.31,65.79,124474.0
2016-06-21,65.54,65.76,65.18,65.21,94442.0
2016-06-22,65.37,65.47,64.59,64.82,120903.0
2016-06-23,65.45,65.72,64.51,65.68,165495.0
2016-06-24,63.85,64.71,63.14,64.26,1790607.0
2016-06-27,63.43,63.88,63.43,63.45,5256.0
2016-06-28,63.99,64.44,63.75,64.25,130323.0
2016-06-29,64.74,65.38,64.43,65.19,141305.0
2016-06-30,65.4,66.83,65.33,66.81,137852.0
2016-07-01,67.0,67.81,66.72,66.87,139348.0
2016-07-05,66.76,66.76,64.82,65.54,130769.0
2016-07-06,65.39,66.06,65.22,65.38,230150.0
2016-07-07,65.37,66.0,65.34,65.62,131717.0
2016-07-08,66.11,66.87,66.04,66.33,99109.0
2016-07-11,66.39,67.14,66.37,66.53,114824.0
2016-07-12,66.91,67.01,66.24,66.35,154675.0
2016-07-13,66.35,66.97,65.66,65.68,155963.0
2016-07-14,65.95,66.05,65.4,65.6,135602.0
2016-07-15,65.64,65.93,65.08,65.16,114204.0
2016-07-18,65.31,65.82,65.27,65.56,105339.0
2016-07-19,65.48,66.52,65.48,66.12,73197.0
2016-07-20,66.39,66.75,66.05,66.37,87587.0
2016-07-21,66.23,66.97,66.04,66.37,78471.0
2016-07-22,66.17,66.7,65.81,66.42,86568.0
2016-07-25,66.22,66.36,65.36,65.52,190602.0
2016-07-26,65.53,67.84,65.53,67.75,281454.0
2016-07-27,68.01,69.97,68.0,69.7,303103.0
2016-07-28,69.65,69.96,69.21,69.59,191751.0
2016-07-29,69.37,69.73,68.59,69.51,145533.0
2016-08-01,69.44,70.74,69.29,70.68,240194.0
2016-08-02,70.41,70.7,68.85,69.41,183167.0
2016-08-03,69.61,70.48,69.57,70.29,144490.0
2016-08-04,70.43,70.56,69.48,69.86,99332.0
2016-08-05,70.14,70.69,69.9,70.32,141648.0
2016-08-08,70.56,70.56,69.75,70.39,79560.0
2016-08-09,70.54,70.67,70.26,70.6,57719.0
2016-08-10,70.52,71.0,70.1,70.99,99987.0
2016-08-11,71.14,71.81,70.84,71.3,126685.0
2016-08-12,71.32,71.84,70.97,71.55,136839.0
2016-08-15,71.55,72.58,71.33,72.57,133203.0
2016-08-16,72.71,73.02,72.23,72.78,158409.0
2016-08-17,72.87,73.52,72.71,73.33,226625.0
2016-08-18,73.73,74.06,73.35,73.69,135772.0
2016-08-19,73.51,74.34,73.25,74.07,139960.0
2016-08-22,74.04,74.49,73.8,74.22,60519.0
2016-08-23,74.5,74.65,73.35,73.37,154481.0
2016-08-24,73.35,74.76,73.28,74.24,385250.0
2016-08-25,75.0,75.01,69.56,71.72,821833.0
2016-08-26,70.5,71.22,68.38,69.07,549893.0
2016-08-29,69.0,69.57,69.0,69.09,242337.0
2016-08-30,67.69,68.41,67.42,68.41,187309.0
2016-08-31,68.21,68.29,67.81,67.96,153021.0
2016-09-01,67.98,68.71,67.67,68.59,152013.0
2016-09-02,68.97,69.52,68.72,69.26,136715.0
2016-09-06,69.32,70.09,67.68,68.24,285337.0
2016-09-07,68.36,68.98,67.86,68.81,395235.0
2016-09-08,68.94,70.08,68.38,68.79,247724.0
2016-09-09,68.42,68.56,67.55,67.61,99637.0
2016-09-12,67.71,68.93,67.44,68.48,220580.0
2016-09-13,68.14,68.94,68.06,68.24,135865.0
2016-09-14,68.06,68.78,68.06,68.29,160422.0
2016-09-15,68.13,69.47,67.79,69.11,113188.0
2016-09-16,69.02,69.02,68.31,68.34,232981.0
2016-09-19,68.41,69.4,68.35,68.56,84709.0
2016-09-20,68.68,68.72,67.63,67.84,144563.0
2016-09-21,68.04,68.56,68.04,68.38,184448.0
2016-09-22,68.78,69.63,68.48,69.19,242508.0
2016-09-23,68.93,69.55,68.74,69.02,75595.0
2016-09-26,68.67,69.58,68.34,68.94,119851.0
2016-09-27,68.72,69.58,68.72,69.06,169196.0
2016-09-28,68.95,69.46,68.8,69.16,119152.0
2016-09-29,69.21,69.28,68.58,68.76,154461.0
2016-09-30,69.12,69.64,68.56,69.2,146984.0
2016-10-03,68.82,69.94,68.82,69.53,209638.0
2016-10-04,69.49,69.92,68.42,68.48,142697.0
2016-10-05,68.88,69.12,68.3,68.71,125106.0
2016-10-06,68.38,68.52,67.93,68.16,203733.0
2016-10-07,68.17,68.17,67.07,67.07,243559.0
2016-10-10,67.19,67.8,67.19,67.39,200743.0
2016-10-11,67.15,67.43,66.67,66.78,162775.0
2016-10-12,67.02,67.22,66.42,66.5,139696.0
2016-10-13,65.94,67.28,65.7,66.87,141690.0
2016-10-14,67.29,67.49,66.53,66.68,138052.0
2016-10-17,66.64,67.14,66.6,66.68,62722.0
2016-10-18,67.0,67.75,67.0,67.53,90999.0
2016-10-19,67.75,68.1,67.41,67.6,104186.0
2016-10-20,67.3,68.0,66.38,66.42,101945.0
2016-10-21,66.1,66.57,65.89,66.52,193090.0
2016-10-24,67.08,67.38,66.63,66.92,45431.0
2016-10-25,67.03,67.26,66.45,66.88,88209.0
2016-10-26,66.72,67.51,66.64,67.38,109798.0
2016-10-27,67.56,67.56,66.87,67.21,90875.0
2016-10-28,67.2,67.91,67.13,67.43,63925.0
2016-10-31,67.59,67.9,67.1,67.56,52005.0
2016-11-01,67.79,67.97,67.05,67.17,118962.0
2016-11-02,67.03,67.45,66.54,66.61,94289.0
2016-11-03,67.09,67.15,66.35,66.43,86649.0
2016-11-04,66.37,67.55,66.37,67.06,137290.0
2016-11-07,67.66,68.3,67.45,68.28,99831.0
2016-11-08,68.05,68.71,68.05,68.43,64517.0
2016-11-09,68.13,72.64,68.13,72.0,236274.0
2016-11-10,73.02,73.7,71.66,71.96,179457.0
2016-11-11,71.67,73.97,71.46,73.56,139101.0
2016-11-14,74.39,75.65,74.0,74.79,182264.0
2016-11-15,74.9,74.9,73.16,74.64,108896.0
2016-11-16,74.31,74.94,73.99,74.87,134319.0
2016-11-17,74.89,75.7,74.89,75.53,110249.0
2016-11-18,75.97,76.1,75.05,75.67,210459.0
2016-11-21,75.92,76.3,75.49,75.79,168173.0
2016-11-22,76.26,77.68,75.77,77.51,159332.0
2016-11-23,77.78,78.95,77.42,78.41,197818.0
2016-11-25,78.89,78.94,78.4,78.49,103105.0
2016-11-28,78.49,80.19,78.37,79.77,380286.0
2016-11-29,79.81,79.92,78.95,79.02,171419.0
2016-11-30,79.38,79.62,78.25,78.5,126561.0
2016-12-01,79.0,79.77,78.54,79.45,152957.0
2016-12-02,79.25,80.39,78.78,80.05,152330.0
2016-12-05,80.65,80.85,79.38,79.85,130877.0
2016-12-06,79.7,80.46,79.54,80.37,205573.0
2016-12-07,80.59,81.78,80.49,81.54,125268.0
2016-12-08,81.81,82.17,80.86,81.92,141363.0
2016-12-09,82.37,82.37,81.04,81.65,105084.0
2016-12-12,81.03,81.19,78.62,79.48,210665.0
2016-12-13,79.87,79.96,78.22,78.94,241829.0
2016-12-14,80.61,80.8,74.93,75.63,493066.0
2016-12-15,77.38,77.97,76.3,76.55,219317.0
2016-12-16,76.46,77.25,76.27,76.74,379850.0
2016-12-19,76.55,78.68,76.55,78.64,166320.0
2016-12-20,78.46,79.76,78.46,79.54,165832.0
2016-12-21,79.83,79.93,78.94,79.01,163917.0
2016-12-22,79.31,79.4,78.34,78.96,114032.0
2016-12-23,79.21,79.76,78.68,79.21,74945.0
2016-12-27,79.09,79.6,78.86,79.35,77407.0
2016-12-28,79.81,79.94,78.44,78.86,113169.0
2016-12-29,78.95,79.25,78.56,78.87,117694.0
2016-12-30,79.01,79.01,77.01,77.15,211566.0
2017-01-03,78.03,78.63,77.77,77.95,155732.0
2017-01-04,78.17,79.04,77.7,78.34,139253.0
2017-01-05,78.4,78.69,77.02,77.22,151742.0
2017-01-06,77.06,78.58,76.79,78.21,131994.0
2017-01-09,77.71,77.99,76.77,77.22,131988.0
2017-01-10,77.21,78.69,77.2,78.51,127608.0
2017-01-11,78.52,78.52,76.81,77.47,90116.0
2017-01-12,77.63,77.75,76.11,77.35,90087.0
2017-01-13,77.67,78.15,77.33,78.03,99962.0
2017-01-17,77.36,78.02,76.27,76.65,221810.0
2017-01-18,76.97,77.61,76.75,77.17,254258.0
2017-01-19,78.48,78.48,77.01,78.21,242599.0
2017-01-20,78.56,78.63,77.42,77.81,224248.0
2017-01-23,77.83,77.96,76.04,76.36,107245.0
2017-01-24,76.44,77.49,76.44,77.33,78712.0
2017-01-25,77.95,78.39,76.9,77.29,124975.0
2017-01-26,77.34,77.35,76.4,76.9,81400.0
2017-01-27,76.9,77.64,76.41,76.66,79634.0
2017-01-30,76.46,77.12,75.66,77.09,105730.0
2017-01-31,76.56,77.18,75.62,76.95,203430.0
2017-02-01,76.89,77.7,75.22,75.71,186297.0
2017-02-02,75.55,76.01,75.0,75.57,104682.0
2017-02-03,75.77,77.28,75.77,77.23,90844.0
2017-02-06,77.31,77.45,76.77,77.32,72799.0
2017-02-07,77.43,78.0,76.95,77.36,157741.0
2017-02-08,77.28,77.34,76.38,76.84,97505.0
2017-02-09,77.14,78.3,76.31,78.25,92061.0
2017-02-10,78.71,80.26,78.71,79.51,179693.0
2017-02-13,79.79,80.44,79.52,79.92,94062.0
2017-02-14,79.78,80.28,78.68,79.44,81770.0
2017-02-15,79.57,80.18,79.48,80.02,110156.0
2017-02-16,79.97,81.36,79.75,81.26,155878.0
2017-02-17,80.7,81.84,80.5,81.78,118936.0
2017-02-21,81.88,83.03,81.75,83.0,167645.0
2017-02-22,82.88,83.24,82.18,82.69,250541.0
2017-02-23,82.52,82.66,80.32,80.37,115421.0
2017-02-24,79.92,80.71,79.59,80.51,146612.0
2017-02-27,80.49,82.94,80.49,82.88,176352.0
2017-02-28,83.42,83.71,81.47,82.15,194023.0
2017-03-01,87.64,88.0,85.6,86.13,436514.0
2017-03-02,86.88,86.88,84.77,85.22,175282.0
2017-03-03,85.37,86.19,85.27,86.0,114905.0
2017-03-06,85.93,86.13,85.15,85.69,98273.0
2017-03-07,85.75,86.11,85.45,85.66,102623.0
2017-03-08,86.25,86.25,85.05,85.18,83961.0
2017-03-09,85.26,85.72,84.87,85.01,148835.0
2017-03-10,85.4,86.94,85.36,86.9,175874.0
2017-03-13,87.25,87.6,85.85,86.29,105556.0
2017-03-14,85.75,86.71,85.27,85.81,69467.0
2017-03-15,85.99,86.9,85.99,86.72,107746.0
2017-03-16,87.04,87.43,86.49,86.72,61302.0
2017-03-17,86.75,88.05,86.36,87.82,139823.0
2017-03-20,88.02,88.45,87.43,87.52,119594.0
2017-03-21,88.13,89.02,85.63,85.73,119916.0
2017-03-22,85.1,85.89,84.85,85.65,103414.0
2017-03-23,85.5,86.17,85.36,85.4,107811.0
2017-03-24,85.68,86.26,85.11,85.53,89133.0
2017-03-27,85.1,85.78,83.48,85.69,118289.0
2017-03-28,85.65,86.72,84.97,86.23,94267.0
2017-03-29,86.02,86.83,85.85,86.69,55091.0
2017-03-30,86.85,87.54,86.66,87.26,79497.0
2017-03-31,87.28,87.79,86.29,87.2,121016.0
2017-04-03,87.55,87.81,86.26,86.37,184759.0
2017-04-04,86.4,86.82,85.92,86.24,154293.0
2017-04-05,86.73,86.9,85.2,85.42,238669.0
2017-04-06,85.47,86.4,85.05,85.7,107044.0
2017-04-07,85.97,86.43,85.81,86.32,125546.0
2017-04-10,86.47,86.62,85.74,86.23,74347.0
2017-04-11,85.81,86.58,85.66,86.28,91725.0
2017-04-12,86.64,87.75,85.08,85.69,116609.0
2017-04-13,85.71,86.5,84.14,84.2,94533.0
2017-04-17,84.35,85.46,84.35,85.14,104981.0
2017-04-18,84.94,85.67,84.52,85.36,103953.0
2017-04-19,69.33,70.0,69.01,69.03,231589.0
2017-04-20,69.31,69.31,67.56,68.84,241807.0
2017-04-21,68.95,69.98,68.68,69.54,200970.0
2017-04-24,70.11,70.59,69.92,70.46,153179.0
2017-04-25,71.07,71.07,69.28,70.01,191492.0
2017-04-26,69.93,70.67,69.65,70.13,148241.0
2017-04-27,70.38,71.12,70.38,70.96,142637.0
2017-04-28,71.07,71.62,70.92,71.07,153095.0
2017-05-01,71.61,71.99,70.87,71.69,132009.0
2017-05-02,71.83,72.92,71.78,72.66,266861.0
2017-05-03,72.52,72.76,71.09,71.27,143242.0
2017-05-04,71.5,72.33,71.4,72.25,184877.0
2017-05-05,72.37,73.05,72.18,73.03,125987.0
2017-05-08,73.29,73.97,73.0,73.63,192185.0
2017-05-09,73.97,73.97,73.12,73.46,209357.0
2017-05-10,73.25,73.88,73.14,73.83,114283.0
2017-05-11,73.53,74.14,73.11,74.11,101258.0
2017-05-12,73.95,73.95,73.31,73.8,72816.0
2017-05-15,74.21,74.5,73.94,73.98,125778.0
2017-05-16,74.0,74.92,74.0,74.59,127215.0
2017-05-17,73.72,74.37,72.38,72.96,192350.0
2017-05-18,72.79,73.07,72.12,72.6,132093.0
2017-05-19,72.78,74.01,72.78,73.76,83842.0
2017-05-22,74.54,74.85,74.12,74.32,141415.0
2017-05-23,74.96,75.17,73.84,74.77,270864.0
2017-05-24,73.95,73.95,71.01,72.26,486341.0
2017-05-25,72.8,73.17,72.13,73.12,212751.0
2017-05-26,73.11,74.79,73.11,74.45,176359.0
2017-05-30,74.3,74.55,73.22,73.95,171413.0
2017-05-31,74.02,74.58,73.24,74.21,145368.0
2017-06-01,74.34,74.57,73.38,73.86,115241.0
2017-06-02,73.95,75.0,73.84,74.66,114811.0
2017-06-05,74.61,74.61,73.79,74.2,137305.0
2017-06-06,73.87,73.87,73.08,73.45,89376.0
2017-06-07,73.48,73.75,72.78,73.13,90313.0
2017-06-08,73.02,73.97,71.61,73.27,241683.0
2017-06-09,73.44,74.24,73.02,73.44,92104.0
2017-06-12,73.13,73.22,71.8,72.76,119395.0
2017-06-13,73.21,73.54,72.7,73.39,139367.0
2017-06-14,73.38,73.77,72.71,73.43,97095.0
2017-06-15,72.82,73.14,72.08,73.1,79635.0
2017-06-16,73.1,73.39,72.49,72.9,175256.0
2017-06-19,73.22,73.78,72.64,73.29,137419.0
2017-06-20,73.39,73.66,71.77,71.83,130633.0
2017-06-21,71.91,72.0,71.05,71.45,136110.0
2017-06-22,71.4,71.78,70.85,71.7,108548.0
2017-06-23,72.22,72.46,71.35,71.61,210785.0
2017-06-26,71.71,72.22,71.69,71.9,93090.0
2017-06-27,71.86,72.75,71.52,72.25,155675.0
2017-06-28,72.19,72.77,72.03,72.59,207378.0
2017-06-29,72.62,72.73,70.59,70.82,161002.0
2017-06-30,70.99,72.16,70.66,71.84,133908.0
2017-07-03,73.55,75.54,73.3,73.7,290556.0
2017-07-05,73.86,75.83,73.71,75.64,374071.0
2017-07-06,75.25,75.57,73.44,74.09,611274.0
2017-07-07,74.2,75.84,73.81,75.84,222600.0
2017-07-10,75.87,75.87,75.06,75.46,267397.0
2017-07-11,75.61,77.19,75.47,77.06,81179.0
2017-07-12,77.67,78.11,76.55,76.79,86259.0
2017-07-13,76.76,77.73,76.09,76.89,52363.0
2017-07-14,77.33,77.43,76.55,76.88,66194.0
2017-07-17,76.98,77.37,76.83,77.05,66898.0
2017-07-18,76.76,77.2,76.24,76.75,55364.0
2017-07-19,77.0,77.0,75.95,76.86,139481.0
2017-07-20,76.7,77.28,76.65,76.88,55291.0
2017-07-21,76.4,77.56,76.41,77.45,42037.0
2017-07-24,77.91,78.96,77.52,78.73,88378.0
2017-07-25,79.27,80.97,78.96,80.24,90137.0
2017-07-26,80.26,80.3,79.39,80.12,58908.0
2017-07-27,80.5,80.54,79.61,79.88,153723.0
2017-07-28,79.79,81.33,79.63,81.27,60094.0
2017-07-31,81.55,81.69,80.24,80.37,135876.0
2017-08-01,80.83,81.43,80.3,81.34,64904.0
2017-08-02,81.37,82.1,81.19,81.99,58172.0
2017-08-03,82.11,83.02,81.55,83.0,47674.0
2017-08-04,83.41,83.78,82.83,83.73,44256.0
2017-08-07,83.84,85.27,83.61,85.26,157705.0
2017-08-08,84.77,86.13,84.59,85.49,70847.0
2017-08-09,85.41,87.11,85.18,86.37,202254.0
2017-08-10,86.4,87.11,85.15,85.62,196702.0
2017-08-11,84.99,86.42,84.68,85.94,159715.0
2017-08-14,86.76,87.06,86.34,86.86,176701.0
2017-08-15,87.23,87.36,85.4,86.42,316241.0
2017-08-16,86.57,86.64,85.37,85.55,197933.0
2017-08-17,83.6,83.6,80.29,81.84,407354.0
2017-08-18,81.87,84.08,81.59,82.87,210455.0
2017-08-21,82.85,83.21,80.86,81.44,349817.0
2017-08-22,81.7,82.7,81.55,82.06,262854.0
2017-08-23,81.56,82.2,80.66,81.11,302102.0
2017-08-24,82.12,85.48,82.0,83.35,316822.0
2017-08-25,83.65,85.05,83.52,84.35,311604.0
2017-08-28,84.67,84.67,83.15,83.25,152731.0
2017-08-29,84.36,85.31,83.87,84.47,288819.0
2017-08-30,84.7,85.14,83.91,84.55,205532.0
2017-08-31,85.12,86.06,84.53,85.77,239143.0
2017-09-01,85.85,86.45,85.26,86.0,145271.0
2017-09-05,86.09,86.67,84.56,85.47,271586.0
2017-09-06,85.75,86.01,85.0,85.37,260139.0
2017-09-07,85.5,85.75,84.72,85.28,166784.0
2017-09-08,85.15,86.09,84.85,85.4,333872.0
2017-09-11,85.72,86.19,85.0,85.49,189133.0
2017-09-12,85.54,85.62,84.8,85.42,162760.0
2017-09-13,85.24,85.58,84.72,85.38,205333.0
2017-09-14,85.25,85.5,84.32,84.69,203004.0
2017-09-15,84.86,85.09,84.16,84.57,341161.0
2017-09-18,84.82,87.9,84.1,87.7,304579.0
2017-09-19,87.76,89.22,87.65,88.34,270485.0
2017-09-20,88.33,89.27,87.74,89.21,185914.0
2017-09-21,89.28,89.45,88.8,89.38,184451.0
2017-09-22,89.47,90.9,89.44,90.47,185579.0
2017-09-25,90.5,91.32,89.32,89.56,313289.0
2017-09-26,89.57,90.22,89.46,89.67,182389.0
2017-09-27,89.98,91.22,89.3,90.95,224883.0
2017-09-28,90.63,91.15,89.53,89.64,175695.0
2017-09-29,89.64,90.22,89.19,89.81,252359.0
2017-10-02,90.1,90.86,89.47,90.61,226232.0
2017-10-03,90.67,90.67,86.13,87.42,491376.0
2017-10-04,87.53,89.49,87.19,89.35,440838.0
2017-10-05,89.46,90.07,89.08,89.35,386158.0
2017-10-06,89.0,89.31,88.53,88.88,177871.0
2017-10-09,89.28,89.83,88.7,89.51,130817.0
2017-10-10,89.82,90.33,89.05,89.36,162211.0
2017-10-11,89.54,89.54,87.56,87.88,136882.0
2017-10-12,87.95,88.34,87.68,88.12,173260.0
2017-10-13,88.2,88.44,87.01,87.11,128140.0
2017-10-16,87.27,90.0,87.03,89.79,441592.0
2017-10-17,90.05,90.24,88.8,89.28,331841.0
2017-10-18,89.5,89.91,88.86,89.69,128393.0
2017-10-19,89.14,90.39,88.6,90.26,160402.0
2017-10-20,90.5,93.0,90.46,92.29,226952.0
2017-10-23,92.46,93.0,91.14,91.62,141697.0
2017-10-24,92.49,93.0,91.6,91.73,162560.0
2017-10-25,91.62,92.31,91.02,92.24,176661.0
2017-10-26,92.77,92.95,91.65,91.94,124155.0
2017-10-27,91.91,92.35,91.13,91.29,114110.0
2017-10-30,90.8,91.07,90.0,90.58,109744.0
2017-10-31,90.65,91.42,90.53,90.68,193647.0
2017-11-01,90.88,90.88,89.23,89.89,208151.0
2017-11-02,89.99,91.32,89.3,91.19,194282.0
2017-11-03,91.2,91.61,90.38,90.87,120773.0
2017-11-06,90.87,91.39,90.12,91.26,241960.0
2017-11-07,91.1,92.32,90.94,91.36,191242.0
2017-11-08,91.41,91.62,90.13,90.82,152234.0
2017-11-09,90.66,90.94,89.58,90.74,140941.0
2017-11-10,90.54,90.83,89.64,90.44,106233.0
2017-11-13,90.17,90.5,89.14,90.16,89626.0
2017-11-14,90.49,90.52,89.52,90.14,126978.0
2017-11-15,89.87,90.29,89.3,89.52,98099.0
2017-11-16,89.76,90.56,89.63,89.93,111714.0
2017-11-17,89.83,90.24,89.03,89.31,105385.0
2017-11-20,89.24,91.78,89.18,91.68,204311.0
2017-11-21,92.45,92.89,91.96,92.25,119332.0
2017-11-22,92.21,92.88,91.28,92.23,82398.0
2017-11-24,92.21,92.65,91.48,91.77,73251.0
2017-11-27,91.75,92.02,91.56,91.65,92531.0
2017-11-28,91.78,92.58,91.34,92.48,125079.0
2017-11-29,92.53,92.53,88.99,89.56,240532.0
2017-11-30,89.6,90.75,88.91,90.36,221217.0
2017-12-01,90.29,90.29,86.61,88.74,197957.0
2017-12-04,90.08,91.79,88.35,88.79,526029.0
2017-12-05,89.03,89.78,88.27,88.85,339230.0
2017-12-06,88.77,89.77,88.42,89.01,185016.0
2017-12-07,88.85,90.35,88.85,89.65,156108.0
2017-12-08,89.91,90.42,89.52,89.88,406508.0
2017-12-11,89.75,91.36,89.75,90.76,291449.0
2017-12-12,90.94,92.37,90.6,91.13,286395.0
2017-12-13,91.09,91.72,90.48,91.25,366135.0
2017-12-14,91.27,92.13,90.55,91.8,215910.0
2017-12-15,92.34,96.57,92.28,96.13,632291.0
2017-12-18,97.13,98.67,95.41,95.96,660642.0
2017-12-19,98.31,100.0,96.42,97.2,897858.0
2017-12-20,97.95,101.4,96.75,96.89,382174.0
2017-12-21,97.2,97.2,94.22,94.54,360304.0
2017-12-22,94.54,94.67,93.51,93.72,161759.0
2017-12-26,94.16,94.64,93.59,94.13,132288.0
2017-12-27,94.4,94.56,93.58,94.18,100358.0
2017-12-28,94.18,94.45,93.25,93.7,194637.0
2017-12-29,93.8,94.94,93.49,94.35,188472.0
2018-01-02,94.35,94.64,92.88,93.58,175371.0
2018-01-03,93.9,94.34,92.95,93.68,229402.0
2018-01-04,94.03,94.82,93.82,94.25,600221.0
2018-01-05,94.66,96.34,94.29,95.65,274981.0
2018-01-08,97.02,98.84,96.75,98.06,279490.0
2018-01-09,98.19,98.53,96.58,97.25,238828.0
2018-01-10,96.75,96.78,95.35,95.85,183905.0
2018-01-11,95.95,96.45,95.6,96.12,124964.0
2018-01-12,96.57,97.44,95.81,97.1,185234.0
2018-01-16,97.84,98.08,96.29,96.42,208093.0
2018-01-17,96.58,97.46,96.58,96.89,165964.0
2018-01-18,78.04,78.04,76.52,77.28,278852.0
2018-01-19,77.76,78.73,77.47,78.71,271170.0
2018-01-22,78.52,78.74,77.55,77.77,209526.0
2018-01-23,77.77,77.84,76.9,77.5,275843.0
2018-01-24,77.75,78.9,77.71,78.8,248503.0
2018-01-25,79.04,80.89,78.86,80.8,362463.0
2018-01-26,81.13,83.13,80.0,82.68,384677.0
2018-01-29,82.61,85.47,82.21,83.72,450485.0
2018-01-30,83.16,83.6,80.98,81.52,282631.0
2018-01-31,81.99,82.51,80.15,80.32,196571.0
2018-02-01,80.12,82.23,80.12,81.79,170902.0
2018-02-02,81.44,81.86,80.29,80.48,147391.0
2018-02-05,79.8,80.23,73.02,75.49,461349.0
2018-02-06,73.99,77.64,73.04,77.32,501655.0
2018-02-07,77.33,78.6,77.28,77.36,288976.0
2018-02-08,77.72,77.75,74.62,74.62,257441.0
2018-02-09,75.59,76.58,72.95,74.96,278801.0
2018-02-12,75.42,77.12,74.81,76.32,168996.0
2018-02-13,75.96,77.02,75.91,76.83,220798.0
2018-02-14,76.13,77.75,75.81,77.51,196485.0
2018-02-15,78.1,79.45,77.88,79.3,263111.0
2018-02-16,79.42,81.06,79.19,80.64,247771.0
2018-02-20,80.27,81.77,80.09,80.82,213942.0
2018-02-21,80.82,81.83,80.1,80.41,436214.0
2018-02-22,80.78,80.98,79.7,79.77,267910.0
2018-02-23,80.17,80.89,79.93,80.74,204449.0
2018-02-26,80.81,81.96,80.58,81.82,318904.0
2018-02-27,82.02,82.95,81.2,81.21,384480.0
2018-02-28,84.26,88.73,82.0,85.6,716115.0
2018-03-01,86.15,87.16,84.87,85.37,471498.0
2018-03-02,85.12,86.78,84.1,86.28,325995.0
2018-03-05,85.99,86.62,85.02,86.3,252063.0
2018-03-06,86.59,86.88,85.4,86.0,367960.0
2018-03-07,85.22,87.78,84.9,87.49,299641.0
2018-03-08,88.09,88.09,86.69,87.22,290718.0
2018-03-09,87.82,87.82,86.38,87.61,314977.0
2018-03-12,87.93,87.93,86.24,86.53,328496.0
2018-03-13,86.99,88.21,86.54,88.09,313677.0
2018-03-14,88.54,90.81,88.08,90.07,645335.0
2018-03-15,90.33,90.63,87.86,89.05,358776.0
2018-03-16,89.29,89.33,88.14,88.32,752653.0
2018-03-19,88.16,88.16,86.25,87.9,482305.0
2018-03-20,87.99,89.26,87.71,88.63,345239.0
2018-03-21,88.64,90.01,88.19,89.55,215044.0
2018-03-22,88.7,89.22,86.34,86.61,225191.0
2018-03-23,87.15,89.01,87.15,87.58,354599.0
2018-03-26,89.0,90.82,87.46,90.56,427968.0
2018-03-27,91.0,91.34,87.6,87.99,463152.0
2018-03-28,87.71,88.1,85.74,86.98,523383.0
2018-03-29,87.4,87.91,86.62,86.81,1030842.0
2018-04-02,86.63,86.77,84.08,85.93,380165.0
2018-04-03,86.11,87.29,85.63,86.83,264877.0
2018-04-04,85.09,87.99,84.94,87.82,264812.0
2018-04-05,88.28,89.46,87.94,89.28,281565.0
2018-04-06,88.48,89.43,86.59,87.26,181435.0
2018-04-09,87.99,88.6,86.6,86.67,194373.0
2018-04-10,87.81,88.04,86.85,87.15,271569.0
2018-04-11,86.75,87.9,86.75,87.24,227646.0
2018-04-12,87.63,88.27,87.26,87.79,354389.0
2018-04-13,88.36,88.41,87.33,87.86,224851.0
2018-04-16,88.3,89.25,87.97,88.78,209999.0
2018-04-17,89.63,90.67,89.18,90.04,188374.0
2018-04-18,90.5,91.24,90.08,90.8,211913.0
2018-04-19,90.88,92.56,90.7,92.11,267170.0
2018-04-20,92.21,93.1,91.44,92.16,270429.0
2018-04-23,92.43,93.16,92.17,92.3,171401.0
2018-04-24,92.62,92.89,88.84,90.15,365558.0
2018-04-25,90.46,90.46,88.22,89.58,219890.0
2018-04-26,89.81,90.85,89.05,90.19,148584.0
2018-04-27,90.29,90.36,88.15,88.43,156932.0
2018-04-30,88.61,89.19,87.7,87.85,292711.0
2018-05-01,87.83,87.88,85.51,87.07,275188.0
2018-05-02,87.08,88.6,86.65,86.72,211287.0
2018-05-03,86.57,87.72,86.46,87.0,433946.0
2018-05-04,86.57,88.63,86.57,88.4,155136.0
2018-05-07,88.51,90.76,88.51,90.58,249483.0
2018-05-08,90.03,91.48,90.03,91.32,203382.0
2018-05-09,91.67,92.41,91.35,92.11,144067.0
2018-05-10,92.42,92.66,91.75,92.17,125535.0
2018-05-11,92.34,93.14,91.94,92.97,166280.0
2018-05-14,93.0,93.55,91.51,92.04,206420.0
2018-05-15,91.61,92.14,90.5,90.65,250518.0
2018-05-16,90.65,91.41,90.0,90.14,179463.0
2018-05-17,90.15,90.91,89.52,90.18,228989.0
2018-05-18,90.23,91.07,90.17,91.06,231191.0
2018-05-21,91.46,92.6,91.32,91.77,235388.0
2018-05-22,91.78,92.11,90.39,90.6,140806.0
2018-05-23,90.3,91.45,90.14,91.22,171700.0
2018-05-24,91.09,91.9,90.75,91.56,138561.0
2018-05-25,91.44,91.76,90.44,90.89,267338.0
2018-05-29,93.55,95.87,92.02,93.19,946843.0
2018-05-30,94.25,95.65,88.0,93.28,1084823.0
2018-05-31,93.47,94.6,91.64,91.86,420317.0
2018-06-01,92.6,93.86,91.84,92.92,419504.0
2018-06-04,93.41,94.64,93.37,94.54,182986.0
2018-06-05,94.78,95.74,94.28,94.77,232451.0
2018-06-06,94.96,95.96,94.9,95.22,306409.0
2018-06-07,95.57,95.9,94.05,94.76,154727.0
2018-06-08,94.66,95.87,94.66,95.82,266177.0
2018-06-11,96.0,97.32,95.02,95.74,211614.0
2018-06-12,96.08,96.19,94.1,94.73,260697.0
2018-06-13,94.8,95.72,93.15,93.71,306574.0
2018-06-14,93.8,94.31,92.2,92.56,426757.0
2018-06-15,92.15,93.24,91.58,92.3,391609.0
2018-06-18,92.17,93.06,91.82,92.22,258843.0
2018-06-19,91.79,92.0,89.05,90.3,403903.0
2018-06-20,90.39,91.99,90.01,91.87,287634.0
2018-06-21,91.46,91.85,90.4,91.15,223238.0
2018-06-22,91.65,91.99,90.58,91.62,219039.0
2018-06-25,91.94,93.1,89.69,90.35,357895.0
2018-06-26,90.35,91.2,89.66,91.08,263343.0
2018-06-27,91.35,92.74,90.13,90.42,265027.0
2018-06-28,72.24,73.34,71.85,73.06,400304.0
2018-06-29,73.35,73.76,72.75,72.93,553965.0
2018-07-02,72.62,72.99,71.94,72.95,261638.0
2018-07-03,73.51,73.92,73.03,73.06,197516.0
2018-07-05,73.39,73.49,72.22,72.48,422805.0
2018-07-06,72.37,72.51,72.02,72.38,198973.0
2018-07-09,72.92,73.89,72.92,73.8,292249.0
2018-07-10,73.88,74.88,73.82,74.74,280770.0
2018-07-11,74.47,74.67,73.44,73.58,498617.0
2018-07-12,74.0,75.17,73.71,74.94,191563.0
2018-07-13,74.95,76.17,74.95,76.11,186230.0
2018-07-16,76.45,76.45,75.86,76.33,219864.0
2018-07-17,76.4,77.17,76.32,77.1,244877.0
2018-07-18,77.53,78.58,77.1,78.12,282124.0
2018-07-19,77.89,78.44,77.42,78.2,288160.0
2018-07-20,78.0,78.52,77.63,77.71,183729.0
2018-07-23,77.72,77.93,76.61,76.67,187835.0
2018-07-24,77.36,77.56,75.63,76.21,245343.0
2018-07-25,76.05,76.69,75.51,76.16,425042.0
2018-07-26,76.19,77.71,75.68,77.4,509416.0
2018-07-27,77.52,78.0,75.81,75.94,193595.0
2018-07-30,76.0,76.36,73.6,73.75,311425.0
2018-07-31,74.15,77.04,73.78,76.37,401701.0
2018-08-01,76.07,76.9,75.26,76.35,201796.0
2018-08-02,75.75,76.83,75.75,76.68,311493.0
2018-08-03,76.91,76.96,76.06,76.08,213168.0
2018-08-06,76.08,76.79,75.27,76.75,239167.0
2018-08-07,76.87,77.75,76.31,77.52,434445.0
2018-08-08,77.53,77.56,76.7,76.93,157694.0
2018-08-09,76.92,77.5,76.34,77.0,177389.0
2018-08-10,76.7,77.27,76.38,76.99,123958.0
2018-08-13,77.19,77.37,76.61,77.04,152097.0
2018-08-14,77.21,78.56,77.18,78.3,524549.0
2018-08-15,78.0,78.0,76.05,76.52,203181.0
2018-08-16,77.22,77.27,76.77,77.01,169967.0
2018-08-17,77.0,78.15,76.61,78.0,234614.0
2018-08-20,78.09,79.36,77.78,78.98,231794.0
2018-08-21,79.36,80.3,79.31,80.24,221440.0
2018-08-22,79.9,80.96,79.77,79.79,279076.0
2018-08-23,79.57,80.59,79.25,79.71,206437.0
2018-08-24,80.04,80.49,79.57,80.42,202041.0
2018-08-27,80.75,81.11,79.6,80.76,666497.0
2018-08-28,87.79,89.94,85.6,89.72,1547731.0
2018-08-29,90.1,93.63,89.97,92.74,763860.0
2018-08-30,92.62,93.26,90.66,90.95,478797.0
2018-08-31,90.92,91.32,89.51,90.68,480076.0
2018-09-04,90.95,91.97,90.08,91.95,405078.0
2018-09-05,91.95,92.61,90.64,92.35,326677.0
2018-09-06,92.57,94.12,92.09,92.63,335045.0
2018-09-07,92.16,93.88,92.07,92.87,226188.0
2018-09-10,93.37,93.82,92.62,93.17,251582.0
2018-09-11,92.94,93.96,92.48,93.11,423685.0
2018-09-12,93.12,93.65,92.34,92.99,207721.0
2018-09-13,93.23,93.9,92.76,93.0,536532.0
2018-09-14,93.0,93.83,92.76,93.61,467397.0
2018-09-17,93.31,93.51,91.65,92.07,445732.0
2018-09-18,92.39,93.22,91.67,92.6,334155.0
2018-09-19,92.48,92.94,90.7,90.96,283722.0
2018-09-20,91.54,91.54,90.1,90.63,271742.0
2018-09-21,91.01,91.65,90.72,91.21,644925.0
2018-09-24,91.0,91.25,87.8,89.76,733483.0
2018-09-25,89.9,91.46,89.34,91.18,406565.0
2018-09-26,91.5,91.77,90.73,91.2,366011.0
2018-09-27,91.44,92.06,91.25,91.36,263588.0
2018-09-28,91.4,93.75,91.39,92.61,844758.0
2018-10-01,93.31,93.89,92.03,92.35,268803.0
2018-10-02,92.5,92.98,91.37,91.59,288643.0
2018-10-03,91.84,92.44,91.39,92.06,377797.0
2018-10-04,91.86,91.86,89.27,90.16,356772.0
2018-10-05,90.0,90.91,88.31,89.72,285058.0
2018-10-08,89.63,89.88,88.41,89.07,346243.0
2018-10-09,88.74,89.51,87.23,87.39,328233.0
2018-10-10,87.0,87.39,83.25,83.4,701120.0
2018-10-11,83.21,85.02,82.27,82.8,687534.0
2018-10-12,84.42,85.42,82.92,83.49,562748.0
2018-10-15,84.29,84.29,82.94,83.72,361774.0
2018-10-16,84.34,87.84,83.85,87.38,527082.0
2018-10-17,87.27,87.27,85.93,86.61,228671.0
2018-10-18,86.22,86.88,85.03,86.42,411268.0
2018-10-19,86.58,87.0,85.05,85.67,548977.0
2018-10-22,86.01,86.11,84.28,85.18,288018.0
2018-10-23,84.0,84.69,81.79,83.15,665704.0
2018-10-24,83.66,84.33,81.69,81.75,285966.0
2018-10-25,82.45,83.0,81.5,82.3,414133.0
2018-10-26,81.24,83.01,80.51,82.56,567973.0
2018-10-29,83.38,83.38,79.62,80.61,721803.0
2018-10-30,80.26,81.61,79.76,81.24,486221.0
2018-10-31,82.14,84.72,82.0,83.83,321990.0
2018-11-01,84.36,85.44,83.77,85.1,449353.0
2018-11-02,86.07,86.5,85.15,85.5,335256.0
2018-11-05,85.64,85.84,83.59,85.01,286244.0
2018-11-06,85.0,87.45,85.0,86.65,320646.0
2018-11-07,87.25,88.53,85.96,88.11,493041.0
2018-11-08,88.19,88.87,87.23,87.9,267424.0
2018-11-09,87.21,88.29,86.81,87.98,409510.0
2018-11-12,87.9,88.28,85.9,86.43,324688.0
2018-11-13,86.44,87.71,85.52,87.43,302845.0
2018-11-14,87.72,88.0,82.39,82.6,544898.0
2018-11-15,82.0,84.64,82.0,84.52,293663.0
2018-11-16,84.06,84.85,83.53,84.71,315461.0
2018-11-19,84.6,84.6,81.76,82.07,373112.0
2018-11-20,80.32,81.09,78.64,80.82,426644.0
2018-11-21,81.57,82.0,80.67,81.32,299808.0
2018-11-23,80.9,83.25,80.66,82.33,196021.0
2018-11-26,82.95,83.66,82.03,82.7,348351.0
2018-11-27,82.17,82.75,80.81,81.35,203431.0
2018-11-28,82.23,84.78,82.23,84.68,290337.0
2018-11-29,84.68,85.55,84.14,84.65,250709.0
2018-11-30,84.45,84.9,83.96,84.52,362626.0
2018-12-03,85.78,86.5,84.66,85.67,313110.0
2018-12-04,85.2,85.82,82.74,82.82,313422.0
2018-12-06,81.13,82.33,79.28,82.11,425077.0
2018-12-07,81.89,82.99,80.86,81.11,560122.0
2018-12-10,81.09,82.55,80.87,81.77,382193.0
2018-12-11,83.02,83.66,81.05,81.54,318135.0
2018-12-12,82.78,84.43,82.17,83.28,253685.0
2018-12-13,83.76,84.36,81.27,81.49,332091.0
2018-12-14,80.69,81.84,79.61,80.88,369069.0
2018-12-17,80.69,81.24,77.54,77.87,714006.0
2018-12-18,80.4,83.25,78.75,80.25,1215940.0
2018-12-19,80.32,82.33,78.67,79.3,533146.0
2018-12-20,78.7,79.09,73.2,74.89,650932.0
2018-12-21,75.0,76.7,73.39,73.42,981282.0
2018-12-24,72.49,73.22,71.47,71.65,238752.0
2018-12-26,72.74,75.33,71.76,75.33,439279.0
2018-12-27,74.19,76.38,72.49,76.38,347724.0
2018-12-28,76.42,77.7,76.11,76.73,285588.0
2018-12-31,77.4,77.96,76.56,77.48,342610.0
2019-01-02,76.31,76.69,75.18,75.94,375436.0
2019-01-03,75.42,75.53,72.81,72.97,462301.0
2019-01-04,73.94,75.84,73.9,75.44,330703.0
2019-01-07,76.0,76.4,74.54,75.8,304800.0
2019-01-08,76.74,77.43,76.13,77.42,292590.0
2019-01-09,77.82,78.13,77.08,77.56,331693.0
2019-01-10,77.0,78.58,76.97,78.49,287275.0
2019-01-11,77.77,79.25,77.61,78.72,285132.0
2019-01-14,77.98,79.58,77.75,78.96,255863.0
2019-01-15,79.04,79.37,78.39,78.58,284070.0
2019-01-16,78.6,79.06,78.09,78.76,237521.0
2019-01-17,78.53,79.88,78.18,79.27,220568.0
2019-01-18,79.93,80.91,79.52,80.27,250488.0
2019-01-22,80.01,80.01,77.62,78.06,270002.0
2019-01-23,78.57,79.77,77.83,78.85,310466.0
2019-01-24,79.29,80.12,79.17,79.63,304843.0
2019-01-25,80.39,80.66,79.83,80.16,235343.0
2019-01-28,79.45,80.02,78.85,79.96,156042.0
2019-01-29,80.17,81.67,79.92,81.11,211259.0
2019-01-30,82.0,83.16,80.8,82.61,278364.0
2019-01-31,82.36,84.62,82.36,84.5,352454.0
2019-02-01,84.78,85.29,84.02,84.67,287988.0
2019-02-04,85.0,86.36,84.75,86.33,268321.0
2019-02-05,86.66,87.75,86.44,87.66,376384.0
2019-02-06,87.64,87.99,86.57,87.68,216565.0
2019-02-07,87.35,87.73,86.15,87.52,219133.0
2019-02-08,87.14,88.4,86.48,88.3,184923.0
2019-02-11,88.3,89.22,88.18,88.9,197182.0
2019-02-12,89.59,90.81,89.33,90.71,220977.0
2019-02-13,91.0,91.38,90.33,90.97,271621.0
2019-02-14,90.51,91.32,90.51,91.04,155145.0
2019-02-15,91.74,92.77,91.38,92.51,198050.0
2019-02-19,92.1,92.76,91.67,92.49,183309.0
2019-02-20,92.37,93.28,92.31,92.79,212380.0
2019-02-21,92.52,93.18,92.02,93.09,187683.0
2019-02-22,93.45,94.04,92.86,94.01,196700.0
2019-02-25,94.47,95.0,93.86,94.24,372742.0
2019-02-26,94.21,94.25,93.14,93.6,512366.0
2019-02-27,94.69,94.95,90.5,92.91,911684.0
2019-02-28,93.37,94.62,92.93,93.73,414338.0
2019-03-01,94.3,94.32,93.39,93.76,349328.0
2019-03-04,94.13,94.13,92.42,93.1,440726.0
2019-03-05,92.91,93.48,90.96,91.52,316372.0
2019-03-06,91.34,91.99,90.85,90.89,207545.0
2019-03-07,90.65,91.19,89.63,90.63,239454.0
2019-03-08,89.9,91.17,89.29,91.08,256850.0
2019-03-11,89.58,91.75,89.26,91.72,427697.0
2019-03-12,91.63,91.91,90.56,91.66,326817.0
2019-03-13,92.04,92.69,91.51,92.44,306792.0
2019-03-14,92.42,93.01,91.83,92.16,283518.0
2019-03-15,92.23,92.23,90.97,91.13,815862.0
2019-03-18,90.93,93.25,90.93,92.92,254395.0
2019-03-19,93.07,93.9,92.46,92.69,226652.0
2019-03-20,92.58,93.74,92.23,92.92,189359.0
2019-03-21,92.55,94.93,92.55,94.75,244706.0
2019-03-22,94.09,94.14,91.93,91.93,328457.0
2019-03-25,91.88,93.62,91.88,93.28,276713.0
2019-03-26,94.01,94.02,92.77,93.55,258848.0
2019-03-27,93.53,94.07,92.15,92.97,250662.0
2019-03-28,93.04,94.38,93.02,94.33,211583.0
2019-03-29,94.5,95.0,93.8,94.87,354816.0
2019-04-01,99.63,99.63,97.52,98.23,563072.0
2019-04-02,98.04,98.28,97.14,97.75,279369.0
2019-04-03,98.08,98.4,97.35,97.82,223413.0
2019-04-04,97.9,99.11,97.39,97.86,263834.0
2019-04-05,98.13,98.72,98.13,98.64,366322.0
2019-04-08,98.0,98.5,97.05,98.43,253053.0
2019-04-09,97.77,98.61,97.47,98.01,256556.0
2019-04-10,98.42,99.31,97.91,98.9,328898.0
2019-04-11,98.96,99.93,98.77,99.8,354545.0
2019-04-12,100.27,101.39,100.17,100.57,286674.0
2019-04-15,100.5,100.8,99.36,99.92,202592.0
2019-04-16,100.21,100.82,99.82,100.22,215688.0
2019-04-17,100.8,101.25,98.54,99.16,272935.0
2019-04-18,99.53,100.36,98.8,100.0,256657.0
2019-04-22,99.53,100.71,99.13,100.55,200531.0
2019-04-23,101.48,103.58,100.87,103.49,440503.0
2019-04-24,103.9,104.98,103.25,103.5,343670.0
2019-04-25,103.1,103.9,102.15,103.58,394891.0
2019-04-26,103.8,104.99,103.35,104.82,280351.0
2019-04-29,104.69,106.31,104.55,105.6,423599.0
2019-04-30,105.78,106.78,104.86,105.53,383071.0
2019-05-01,105.61,106.15,103.19,103.23,531081.0
2019-05-02,102.92,103.67,102.41,103.6,412797.0
2019-05-03,103.91,104.87,103.53,104.57,301959.0
2019-05-06,103.18,107.45,102.85,106.65,349945.0
2019-05-07,105.22,105.61,104.06,104.61,311914.0
2019-05-08,104.33,105.3,103.85,104.36,480143.0
2019-05-09,103.59,104.55,103.03,104.36,256268.0
2019-05-10,103.98,105.22,102.09,104.55,369421.0
2019-05-13,102.32,103.43,101.26,102.74,426802.0
2019-05-14,104.35,104.64,102.36,102.79,555773.0
2019-05-15,102.2,104.14,102.01,103.75,354976.0
2019-05-16,104.11,105.16,103.88,104.25,349105.0
2019-05-17,103.36,104.51,102.96,103.14,240631.0
2019-05-20,102.99,103.37,102.23,102.7,337367.0
2019-05-21,103.14,104.38,102.75,103.83,256044.0
2019-05-22,103.66,104.34,103.47,103.73,318608.0
2019-05-23,104.43,104.8,102.94,103.64,393330.0
2019-05-24,104.17,104.94,103.28,104.11,427239.0
2019-05-28,104.48,106.6,104.48,104.86,2665750.0
2019-05-29,113.51,117.81,110.23,117.14,1826795.0
2019-05-30,117.94,119.99,117.2,119.68,852349.0
2019-05-31,118.79,121.6,118.38,121.59,1144261.0
2019-06-03,121.59,124.27,121.4,122.49,990373.0
2019-06-04,123.19,125.24,122.79,125.18,679821.0
2019-06-05,125.33,127.7,125.33,127.14,768502.0
2019-06-06,127.51,128.11,125.64,126.58,770494.0
2019-06-07,127.1,128.31,126.57,127.95,682447.0
2019-06-10,129.45,129.64,127.72,128.0,450441.0
2019-06-11,128.55,129.33,126.07,126.95,551495.0
2019-06-12,126.96,127.35,125.81,127.2,482615.0
2019-06-13,127.64,127.83,126.53,127.46,610869.0
2019-06-14,127.38,127.56,125.62,126.17,501735.0
2019-06-17,126.57,127.15,125.44,126.27,381962.0
2019-06-18,126.71,127.45,126.44,127.24,580887.0
2019-06-19,127.49,130.93,127.49,130.9,874382.0
2019-06-20,131.6,132.6,128.93,129.14,777992.0
2019-06-21,128.71,129.35,127.3,128.27,1144335.0
2019-06-24,128.5,131.68,128.39,129.42,802485.0
2019-06-25,129.74,131.32,128.64,129.25,952707.0
2019-06-26,129.2,130.87,128.35,130.31,514555.0
2019-06-27,130.54,131.95,129.65,131.55,445727.0
2019-06-28,131.93,133.81,130.31,133.81,1141037.0
2019-07-01,134.2,134.79,131.85,132.75,693722.0
2019-07-02,133.2,136.19,132.59,136.19,687419.0
2019-07-03,136.05,137.57,135.19,136.32,274573.0
2019-07-05,136.03,136.05,134.0,135.92,354021.0
2019-07-08,135.84,135.88,134.57,135.15,388278.0
2019-07-09,134.88,137.16,134.72,137.12,455364.0
2019-07-10,137.57,138.79,136.06,136.34,427386.0
2019-07-11,133.08,136.21,131.18,136.13,910294.0
2019-07-12,136.0,136.63,133.37,136.01,655743.0
2019-07-15,136.3,136.66,134.91,135.73,425779.0
2019-07-16,135.73,136.93,135.12,136.79,399648.0
2019-07-17,136.55,137.48,135.87,137.0,327219.0
2019-07-18,136.71,138.28,136.12,138.06,318942.0
2019-07-19,139.03,139.25,137.07,137.13,507125.0
2019-07-22,137.18,137.65,136.25,137.16,372010.0
2019-07-23,138.21,138.23,136.17,138.11,237701.0
2019-07-24,137.72,139.12,137.09,138.95,301208.0
2019-07-25,139.56,140.03,138.19,139.83,474472.0
2019-07-26,140.0,140.31,138.49,138.68,347598.0
2019-07-29,138.75,138.75,136.77,137.63,394752.0
2019-07-30,137.36,138.51,136.23,138.14,339910.0
2019-07-31,138.39,139.35,135.69,136.75,435798.0
2019-08-01,136.79,139.72,136.15,138.01,496522.0
2019-08-02,137.83,137.83,135.38,136.43,335404.0
2019-08-05,134.77,134.91,130.74,132.41,537948.0
2019-08-06,133.36,140.0,133.36,139.64,660302.0
2019-08-07,138.74,140.57,136.47,139.48,367645.0
2019-08-08,140.28,143.71,140.03,142.82,541589.0
2019-08-09,142.22,143.19,141.61,142.42,291864.0
2019-08-12,142.33,143.36,141.09,141.25,251250.0
2019-08-13,142.5,144.37,141.69,142.01,411271.0
2019-08-14,140.34,141.5,137.3,138.58,459029.0
2019-08-15,139.0,141.46,138.65,141.23,347199.0
2019-08-16,142.0,143.65,141.32,141.8,408356.0
2019-08-19,143.15,143.28,141.1,142.44,373602.0
2019-08-20,141.97,144.85,141.17,144.32,399658.0
2019-08-21,145.78,146.07,143.3,144.2,455893.0
2019-08-22,144.32,144.99,142.29,144.7,380388.0
2019-08-23,144.2,145.15,141.51,141.86,586526.0
2019-08-26,143.57,144.29,141.83,144.28,748787.0
2019-08-27,145.0,146.49,142.49,145.1,1152063.0
2019-08-28,144.71,147.93,134.16,143.76,1569944.0
2019-08-29,145.45,147.65,144.1,145.95,925725.0
2019-08-30,146.76,146.94,143.72,144.67,551902.0
2019-09-03,142.4,144.05,140.01,142.01,738104.0
2019-09-04,142.96,145.2,142.66,144.17,634565.0
2019-09-05,145.56,145.9,143.69,144.57,495438.0
2019-09-06,144.57,146.0,142.55,142.86,726893.0
2019-09-09,143.0,143.1,133.27,133.57,943919.0
2019-09-10,132.0,132.0,123.57,127.49,1572631.0
2019-09-11,127.66,129.21,123.62,123.77,1379937.0
2019-09-12,125.02,127.54,125.02,125.7,615255.0
2019-09-13,125.17,127.49,124.82,125.64,687101.0
2019-09-16,125.51,128.63,125.16,127.98,597523.0
2019-09-17,128.12,131.25,127.88,130.05,567307.0
2019-09-18,130.16,131.29,128.88,130.47,672014.0
2019-09-19,130.59,131.85,129.53,130.81,833450.0
2019-09-20,130.88,131.72,127.57,127.57,1405527.0
2019-09-23,127.6,129.9,125.8,128.56,786305.0
2019-09-24,129.23,130.76,128.13,129.21,672510.0
2019-09-25,129.06,129.84,126.3,128.38,414134.0
2019-09-26,128.54,128.86,126.99,127.4,295456.0
2019-09-27,127.41,127.78,124.15,124.74,457938.0
2019-09-30,124.92,125.53,123.68,124.88,800393.0
2019-10-01,125.25,125.8,119.55,119.9,796796.0
2019-10-02,118.94,121.97,117.48,121.7,735946.0
2019-10-03,121.7,122.99,120.16,122.5,414710.0
2019-10-04,123.2,123.99,122.26,123.74,353548.0
2019-10-07,123.47,123.56,122.36,122.78,428520.0
2019-10-08,121.96,123.18,120.78,121.98,292109.0
2019-10-09,122.9,125.97,122.84,124.82,462386.0
2019-10-10,124.55,125.41,124.06,124.89,432236.0
2019-10-11,125.65,126.57,122.22,122.4,498349.0
2019-10-14,122.53,124.01,122.48,123.55,326464.0
2019-10-15,124.0,124.85,122.55,122.78,367252.0
2019-10-16,122.28,123.49,121.19,122.41,575278.0
2019-10-17,122.61,122.81,120.52,120.66,441386.0
2019-10-18,120.48,120.81,117.79,119.0,627010.0
2019-10-21,118.59,119.62,118.2,118.59,427559.0
2019-10-22,118.14,119.75,117.46,117.5,349852.0
2019-10-23,117.52,118.83,116.9,118.36,354169.0
2019-10-24,118.56,120.77,118.29,120.31,362291.0
2019-10-25,119.94,121.12,118.41,118.64,334944.0
2019-10-28,118.99,121.47,118.44,120.51,332348.0
2019-10-29,120.51,122.44,120.33,121.27,341784.0
2019-10-30,121.11,122.14,119.69,120.62,468562.0
2019-10-31,121.27,124.75,121.01,123.34,586022.0
2019-11-01,124.03,124.51,122.82,124.46,423955.0
2019-11-04,125.0,125.61,121.75,122.49,361730.0
2019-11-05,122.48,122.6,120.44,122.09,379462.0
2019-11-06,122.24,122.49,121.07,122.08,467309.0
2019-11-07,122.0,122.83,121.05,121.43,396826.0
2019-11-08,121.85,122.82,121.32,121.69,336871.0
2019-11-11,121.6,123.5,121.0,122.56,206385.0
2019-11-12,122.88,124.72,122.57,124.04,395303.0
2019-11-13,123.92,128.08,123.5,127.22,430887.0
2019-11-14,127.18,128.67,127.0,128.51,430731.0
2019-11-15,128.91,129.73,128.73,129.44,413229.0
2019-11-18,128.98,131.27,128.18,130.71,507267.0
2019-11-19,130.94,133.09,130.87,132.28,569788.0
2019-11-20,131.91,134.45,131.51,132.76,437904.0
2019-11-21,132.76,133.35,129.71,129.83,385221.0
2019-11-22,130.0,130.13,128.06,128.9,375146.0
2019-11-25,129.0,129.74,128.42,128.67,280238.0
2019-11-26,128.37,130.2,128.01,128.92,473166.0
2019-11-27,129.06,129.79,127.32,129.59,285201.0
2019-11-29,129.72,131.18,128.64,129.89,189861.0
2019-12-02,130.07,130.18,125.85,125.93,474287.0
2019-12-03,125.48,128.72,124.26,128.17,528332.0
2019-12-04,128.51,129.47,127.9,128.01,383412.0
2019-12-05,128.09,128.87,126.82,126.95,390669.0
2019-12-06,127.51,128.3,127.07,127.84,233171.0
2019-12-09,127.68,127.68,122.6,122.98,676875.0
2019-12-10,122.71,124.58,122.71,124.31,499939.0
2019-12-11,124.56,125.01,123.79,124.1,407989.0
2019-12-12,124.01,124.5,122.31,123.43,485910.0
2019-12-13,123.25,126.31,122.94,126.18,544760.0
2019-12-16,126.85,127.76,124.67,127.06,987260.0
2019-12-17,130.48,130.5,119.77,120.67,1688648.0
2019-12-18,120.0,120.13,115.39,116.05,1157796.0
2019-12-19,116.03,117.12,114.83,115.62,747095.0
2019-12-20,115.95,117.47,115.29,116.73,955978.0
2019-12-23,117.1,117.11,115.91,116.53,513775.0
2019-12-24,117.0,117.38,116.33,117.03,166395.0
2019-12-26,116.92,116.94,114.44,115.4,454960.0
2019-12-27,115.63,116.04,114.59,115.09,391659.0
2019-12-30,114.99,115.0,113.37,114.18,387150.0
2019-12-31,114.25,115.0,113.72,114.15,436378.0
2020-01-02,114.95,119.8,114.72,119.79,876101.0
2020-01-03,119.2,120.79,119.09,120.48,479561.0
2020-01-06,121.44,121.62,120.31,121.44,615864.0
2020-01-07,121.21,123.26,120.68,122.36,519375.0
2020-01-08,121.87,122.82,120.19,120.62,599812.0
2020-01-09,121.62,122.78,121.36,122.1,328133.0
2020-01-10,122.1,122.13,120.03,120.09,437198.0
2020-01-13,120.77,122.41,120.58,122.13,486160.0
2020-01-14,121.95,122.13,120.64,120.95,426158.0
2020-01-15,121.06,122.0,120.68,121.57,454272.0
2020-01-16,122.19,123.37,120.54,121.47,462081.0
2020-01-17,121.56,122.06,120.83,121.38,324621.0
2020-01-21,121.37,123.89,121.37,123.79,805094.0
2020-01-22,124.06,124.75,121.78,121.94,575668.0
2020-01-23,122.1,123.1,121.43,121.5,419724.0
2020-01-24,122.12,124.17,121.78,122.39,499965.0
2020-01-27,120.92,122.44,120.02,121.79,561646.0
2020-01-28,122.21,123.46,121.5,123.16,290715.0
2020-01-29,123.63,123.84,121.93,122.99,282925.0
2020-01-30,122.19,123.91,121.6,123.11,349766.0
2020-01-31,123.05,123.17,121.05,122.43,561059.0
2020-02-03,122.67,124.36,122.06,123.39,721045.0
2020-02-04,124.53,126.44,124.53,125.55,564778.0
2020-02-05,126.3,126.95,124.07,124.92,436005.0
2020-02-06,125.02,126.15,124.06,126.09,239915.0
2020-02-07,125.99,128.79,125.34,128.58,612152.0
2020-02-10,128.49,129.63,128.24,129.35,326373.0
2020-02-11,129.8,129.99,127.72,128.17,337468.0
2020-02-12,128.01,128.92,126.09,127.27,512842.0
2020-02-13,127.0,128.4,126.75,128.23,289421.0
2020-02-14,128.48,129.87,128.47,129.76,253973.0
2020-02-18,129.49,130.15,128.6,128.77,343653.0
2020-02-19,128.91,130.67,128.91,129.6,478407.0
2020-02-20,129.77,130.45,126.26,127.23,394935.0
2020-02-21,126.76,127.44,126.27,126.77,520829.0
2020-02-24,124.07,124.07,118.89,119.0,724125.0
2020-02-25,119.54,120.48,112.82,113.34,1118328.0
2020-02-26,114.51,116.83,103.14,103.33,1882851.0
2020-02-27,102.0,105.78,99.42,105.32,2160128.0
2020-02-28,104.0,108.83,103.09,107.85,2366166.0
2020-03-02,107.86,113.15,107.33,112.7,1319823.0
2020-03-03,113.04,116.45,112.37,113.07,1137375.0
2020-03-04,114.47,119.09,113.46,118.97,808907.0
2020-03-05,117.0,117.72,108.9,111.39,1656506.0
2020-03-06,108.24,108.24,102.08,105.08,1682961.0
2020-03-09,100.23,100.66,94.63,96.67,1012097.0
2020-03-10,99.03,100.5,96.21,99.33,1022305.0
2020-03-11,96.44,98.32,89.23,90.06,1081833.0
2020-03-12,84.27,87.49,78.48,81.0,1607338.0
2020-03-13,85.53,86.27,81.63,84.32,1380813.0
2020-03-16,73.53,77.85,69.63,70.51,1080651.0
2020-03-17,69.95,70.5,64.91,67.68,1623706.0
2020-03-18,63.12,63.99,52.01,61.66,2634819.0
2020-03-19,59.02,67.7,57.81,66.39,1371959.0
2020-03-20,68.39,78.33,67.02,70.2,1917531.0
2020-03-23,67.92,69.29,63.82,66.56,1319389.0
2020-03-24,70.43,75.37,69.92,74.57,1267232.0
2020-03-25,75.72,83.49,73.35,77.67,1229809.0
2020-03-26,80.04,87.33,79.36,87.08,1286540.0
2020-03-27,83.7,84.94,80.7,81.71,1248901.0
2020-03-30,79.96,80.09,74.46,76.89,1100026.0
2020-03-31,75.52,79.12,74.18,74.61,1264022.0
2020-04-01,71.84,73.0,67.74,68.83,1302944.0
2020-04-02,68.88,72.62,68.5,70.69,1382791.0
2020-04-03,70.33,71.32,67.12,68.08,862650.0
2020-04-06,71.83,77.39,70.0,76.63,712142.0
2020-04-07,81.65,83.14,77.36,79.37,1708966.0
2020-04-08,80.95,86.8,79.58,84.69,1065012.0
2020-04-09,87.71,89.33,81.77,82.0,1051944.0
2020-04-13,80.0,80.82,77.23,77.83,674889.0
2020-04-14,79.83,81.3,77.96,78.07,801477.0
2020-04-15,76.26,80.43,74.85,79.17,963850.0
2020-04-16,79.72,81.5,75.36,76.2,1040881.0
2020-04-17,79.22,83.74,79.22,82.61,876200.0
2020-04-20,80.82,82.65,79.49,80.73,462826.0
2020-04-21,78.65,79.4,75.3,75.69,600194.0
2020-04-22,77.92,78.0,76.11,77.16,450510.0
2020-04-23,78.08,80.1,77.3,77.48,564772.0
2020-04-24,77.69,78.31,75.7,75.7,602744.0
2020-04-27,75.63,79.45,74.25,78.69,1264096.0
2020-04-28,81.05,85.16,80.37,84.73,1212872.0
2020-04-29,87.34,91.12,86.77,90.98,1123763.0
2020-04-30,89.43,90.0,86.47,87.6,758924.0
2020-05-01,85.79,86.04,81.87,83.15,721148.0
2020-05-04,81.02,83.03,79.65,82.47,647378.0
2020-05-05,83.97,85.98,81.93,82.38,944151.0
2020-05-06,83.21,83.85,80.82,81.28,666400.0
2020-05-07,83.53,86.18,82.59,85.07,471912.0
2020-05-08,86.54,90.74,86.54,90.43,675536.0
2020-05-11,89.53,91.08,88.04,90.36,836057.0
2020-05-12,90.85,91.81,88.92,88.99,589796.0
2020-05-13,88.28,88.44,84.87,85.74,584479.0
2020-05-14,84.21,86.75,81.56,85.95,615794.0
2020-05-15,84.61,86.76,82.57,83.18,999210.0
2020-05-18,86.5,91.57,85.72,90.82,720743.0
2020-05-19,90.5,91.92,88.4,88.51,572010.0
2020-05-20,90.18,91.96,89.63,91.02,451323.0
2020-05-21,91.97,93.57,90.64,93.11,791667.0
2020-05-22,93.83,94.45,91.56,93.99,602955.0
2020-05-26,98.05,100.27,97.32,99.62,990285.0
2020-05-27,109.0,109.78,101.5,105.15,1524012.0
2020-05-28,104.9,109.31,103.78,103.92,943033.0
2020-05-29,102.51,103.71,100.62,100.76,950821.0
2020-06-01,101.54,104.34,101.33,103.4,597746.0
2020-06-02,104.9,104.92,102.83,103.06,453545.0
2020-06-03,104.2,110.86,104.2,110.37,562645.0
2020-06-04,110.25,112.18,107.51,110.78,554872.0
2020-06-05,116.36,119.56,114.06,114.34,759303.0
2020-06-08,117.67,118.67,116.06,116.72,592224.0
2020-06-09,113.22,115.91,112.52,113.72,377439.0
2020-06-10,112.82,113.38,108.96,111.13,672660.0
2020-06-11,104.19,108.06,103.94,105.17,792859.0
2020-06-12,110.43,110.74,106.0,109.49,802335.0
2020-06-15,104.81,109.67,104.5,109.08,459537.0
2020-06-16,114.55,114.7,109.03,110.77,401366.0
2020-06-17,110.77,111.97,110.0,111.25,704590.0
2020-06-18,109.59,112.01,109.05,110.85,689381.0
2020-06-19,112.44,112.47,110.54,111.25,1134354.0
2020-06-22,110.81,111.97,105.79,107.02,709591.0
2020-06-23,108.07,108.42,105.06,105.08,647612.0
2020-06-24,104.8,105.01,98.92,98.97,648208.0
2020-06-25,96.82,99.28,96.43,99.17,604598.0
2020-06-26,98.64,98.71,94.55,95.15,708584.0
2020-06-29,96.64,101.14,95.49,100.7,607591.0
2020-06-30,99.4,100.36,98.16,99.65,704252.0
2020-07-01,99.98,103.03,99.73,100.75,443580.0
2020-07-02,102.53,103.37,98.87,99.88,303059.0
2020-07-06,101.7,102.21,99.76,100.75,276405.0
2020-07-07,99.73,101.05,97.62,97.76,372696.0
2020-07-08,97.94,99.56,97.47,99.1,269104.0
2020-07-09,98.64,98.64,94.2,94.87,392225.0
2020-07-10,94.62,95.63,93.94,94.84,301486.0
2020-07-13,95.95,96.61,93.2,93.63,418549.0
2020-07-14,93.42,94.56,92.45,94.48,292949.0
2020-07-15,96.5,97.92,95.87,96.67,331420.0
2020-07-16,95.62,97.52,95.34,96.69,335042.0
2020-07-17,97.47,98.29,96.8,97.78,425844.0
2020-07-20,97.34,98.45,96.97,97.68,336860.0
2020-07-21,98.78,99.45,96.92,97.26,278604.0
2020-07-22,97.0,98.7,96.85,98.67,191431.0
2020-07-23,98.37,99.32,96.5,97.27,260032.0
2020-07-24,97.21,97.21,95.05,95.45,263263.0
2020-07-27,95.19,95.86,93.82,94.26,256558.0
2020-07-28,93.95,95.67,93.59,94.29,197359.0
2020-07-29,95.19,96.03,94.27,95.86,324777.0
2020-07-30,94.99,96.6,94.07,95.77,255245.0
2020-07-31,96.11,96.12,94.11,96.12,245257.0
2020-08-03,96.13,96.48,93.33,96.43,290851.0
2020-08-04,96.53,97.79,96.08,97.58,257082.0
2020-08-05,98.5,101.03,97.62,100.08,409981.0
2020-08-06,99.86,100.75,99.33,100.51,279927.0
2020-08-07,100.11,100.83,99.67,100.39,204501.0
2020-08-10,100.77,103.0,100.68,102.89,290216.0
2020-08-11,104.84,108.06,103.71,103.85,641996.0
2020-08-12,106.44,106.44,102.89,104.71,352372.0
2020-08-13,103.8,106.75,103.04,105.96,329219.0
2020-08-14,105.39,107.1,105.37,106.57,201689.0
2020-08-17,107.28,107.28,105.14,105.24,392971.0
2020-08-18,105.25,105.65,103.76,105.26,216110.0
2020-08-19,105.45,107.7,104.24,106.64,435205.0
2020-08-20,105.67,106.19,103.92,106.02,266880.0
2020-08-21,105.55,106.59,105.24,105.8,221844.0
2020-08-24,106.85,110.7,106.15,110.66,465106.0
2020-08-25,110.73,112.13,109.54,110.34,604268.0
2020-08-26,109.0,109.2,101.7,106.15,860704.0
2020-08-27,107.53,109.29,107.0,108.25,678753.0
2020-08-28,109.21,110.66,108.96,110.59,391190.0
2020-08-31,109.74,110.37,108.97,109.92,392756.0
2020-09-01,109.28,112.6,108.68,111.98,414299.0
2020-09-02,112.0,114.99,111.46,114.51,510522.0
2020-09-03,114.95,115.42,111.74,113.49,705153.0
2020-09-04,114.52,114.83,109.41,111.44,457095.0
2020-09-08,110.56,110.96,107.84,109.49,407400.0
2020-09-09,110.75,110.75,108.27,108.61,461113.0
2020-09-10,109.37,110.64,107.14,107.2,345583.0
2020-09-11,107.21,109.34,106.89,109.01,363985.0
2020-09-14,109.33,110.28,108.58,110.02,415192.0
2020-09-15,110.15,111.15,109.01,109.65,457054.0
2020-09-16,109.84,113.01,109.29,111.68,363463.0
2020-09-17,110.5,113.93,109.68,112.22,467574.0
2020-09-18,112.01,113.77,110.83,111.35,901516.0
2020-09-21,109.16,109.46,106.01,106.8,398821.0
2020-09-22,106.85,108.55,106.66,107.51,298438.0
2020-09-23,107.61,109.06,102.83,102.9,358224.0
2020-09-24,102.29,103.24,99.55,101.48,468562.0
2020-09-25,100.5,104.55,100.29,104.17,472405.0
2020-09-28,106.15,107.39,105.13,105.44,400768.0
2020-09-29,104.98,105.71,104.04,104.44,269404.0
2020-09-30,104.73,106.28,103.47,104.66,521722.0
2020-10-01,106.15,106.9,104.63,105.42,273138.0
2020-10-02,102.07,106.37,102.01,106.1,245270.0
2020-10-05,107.55,108.4,106.36,106.67,225951.0
2020-10-06,107.87,109.05,105.89,106.04,354417.0
2020-10-07,109.01,111.06,108.56,110.48,337697.0
2020-10-08,111.87,112.09,110.66,111.78,213781.0
2020-10-09,112.0,113.22,111.29,111.66,243358.0
2020-10-12,111.71,111.93,110.7,110.73,206873.0
2020-10-13,109.61,110.6,108.94,109.41,181198.0
2020-10-14,108.92,111.14,108.92,109.78,189065.0
2020-10-15,109.77,116.0,109.21,114.59,647611.0
2020-10-16,115.18,115.18,112.62,112.7,440531.0
2020-10-19,113.24,114.0,110.41,110.57,230173.0
2020-10-20,111.62,113.2,110.61,110.97,328700.0
2020-10-21,111.09,112.44,110.13,110.5,229019.0
2020-10-22,110.17,113.41,110.17,112.98,246949.0
2020-10-23,114.1,114.88,112.56,114.08,265779.0
2020-10-26,112.55,112.55,108.66,109.16,339017.0
2020-10-27,108.67,108.94,106.48,106.92,333724.0
2020-10-28,104.83,108.42,104.15,104.18,333240.0
2020-10-29,104.0,106.21,102.64,105.5,390151.0
2020-10-30,105.34,106.3,102.93,105.05,327111.0
2020-11-02,106.5,109.53,106.39,108.63,262805.0
2020-11-03,110.57,113.96,110.01,112.97,346753.0
2020-11-04,112.7,114.74,111.35,113.22,239325.0
2020-11-05,113.44,114.95,113.37,114.04,294281.0
2020-11-06,114.9,115.52,113.71,115.0,201877.0
2020-11-09,122.67,129.25,120.92,125.79,762056.0
2020-11-10,126.32,130.92,125.81,129.77,508187.0
2020-11-11,129.73,129.77,125.37,126.68,375726.0
2020-11-12,125.01,126.85,124.3,125.29,438886.0
2020-11-13,126.85,130.16,126.57,130.07,433833.0
2020-11-16,134.5,136.37,133.45,135.46,616318.0
2020-11-17,133.87,137.13,132.16,135.47,324191.0
2020-11-18,137.22,137.97,134.11,134.29,360402.0
2020-11-19,133.46,134.82,132.45,133.17,543535.0
2020-11-20,132.98,132.98,127.61,127.98,573833.0
2020-11-23,128.77,130.15,127.64,128.25,489666.0
2020-11-24,130.54,131.29,129.36,129.6,632506.0
2020-11-25,128.9,129.54,127.46,128.46,350941.0
2020-11-27,129.32,129.34,126.11,127.06,116619.0
2020-11-30,126.5,126.81,123.38,123.58,475663.0
2020-12-01,125.24,129.77,125.17,128.81,439739.0
2020-12-02,127.92,130.08,126.48,129.66,430322.0
2020-12-03,130.19,133.9,129.18,131.56,432535.0
2020-12-04,132.49,133.57,131.37,132.85,208932.0
2020-12-07,133.9,134.49,132.49,133.56,334492.0
2020-12-08,132.51,134.76,131.08,132.23,295595.0
2020-12-09,132.49,133.1,129.71,130.88,317551.0
2020-12-10,130.13,131.97,129.71,131.09,331907.0
2020-12-11,130.8,132.24,130.03,131.86,433901.0
2020-12-14,133.02,134.16,131.81,132.33,441949.0
2020-12-15,132.77,134.02,131.88,133.95,414717.0
2020-12-16,134.43,135.09,131.77,132.5,360905.0
2020-12-17,132.91,133.5,131.39,131.56,599510.0
2020-12-18,131.45,134.23,131.16,133.09,874827.0
2020-12-21,129.79,133.28,129.35,131.67,571505.0
2020-12-22,128.73,130.79,127.86,129.09,490067.0
2020-12-23,131.12,133.49,130.89,131.65,372242.0
2020-12-24,131.75,131.8,130.38,131.2,84510.0
2020-12-28,131.93,133.32,131.51,132.04,230811.0
2020-12-29,132.77,132.99,129.54,131.22,177627.0
2020-12-30,131.09,133.55,131.09,132.49,712849.0
2020-12-31,132.23,133.66,131.5,132.4,331066.0
2021-01-04,132.48,132.85,126.42,127.62,428678.0
2021-01-05,127.71,131.0,127.69,130.88,309001.0
2021-01-06,130.33,135.19,130.33,134.32,537213.0
2021-01-07,135.78,137.41,135.32,137.04,419645.0
2021-01-08,137.44,139.15,136.38,138.5,430736.0
2021-01-11,136.02,138.76,136.02,137.65,232993.0
2021-01-12,138.46,138.65,136.74,137.08,229015.0
2021-01-13,136.46,138.45,136.39,138.02,271465.0
2021-01-14,139.05,141.31,138.04,138.78,499411.0
2021-01-15,137.84,137.84,134.91,135.06,483508.0
2021-01-19,136.03,137.36,135.45,136.01,343128.0
2021-01-20,137.03,137.6,136.04,136.72,369553.0
2021-01-21,135.72,136.53,131.0,131.61,519031.0
2021-01-22,130.25,131.5,128.26,128.7,705835.0
2021-01-25,128.39,128.78,125.84,126.34,435511.0
2021-01-26,127.25,127.94,121.99,122.13,377324.0
2021-01-27,121.19,121.46,115.57,116.13,731595.0
2021-01-28,117.54,120.61,116.3,118.43,803054.0
2021-01-29,117.87,119.04,116.31,117.74,553605.0
2021-02-01,119.4,120.24,118.02,119.22,413294.0
2021-02-02,121.18,125.21,120.45,124.93,601761.0
2021-02-03,124.58,127.39,123.9,126.8,412611.0
2021-02-04,127.68,129.73,127.15,128.71,346679.0
2021-02-05,129.44,130.27,128.03,128.97,291848.0
2021-02-08,129.77,131.94,129.77,131.84,206385.0
2021-02-09,131.46,131.85,129.5,131.54,193728.0
2021-02-10,132.2,133.04,129.77,129.91,268917.0
2021-02-11,130.62,132.09,129.74,130.45,201850.0
2021-02-12,129.54,130.2,128.35,128.54,298580.0
2021-02-16,128.64,129.09,127.21,127.36,270222.0
2021-02-17,126.48,128.91,125.8,128.34,226187.0
2021-02-18,127.07,128.84,126.29,128.09,219659.0
2021-02-19,128.75,132.29,128.56,132.16,290245.0
2021-02-22,130.42,132.25,129.3,129.59,208860.0
2021-02-23,128.67,132.75,128.13,132.37,386298.0
2021-02-24,128.61,134.47,127.17,133.04,506209.0
2021-02-25,132.29,132.51,126.99,127.9,516909.0
2021-02-26,127.94,127.94,124.26,125.78,478408.0
2021-03-01,128.45,130.99,128.22,130.17,307385.0
2021-03-02,129.99,130.49,128.76,129.3,166018.0
2021-03-03,129.83,130.05,126.46,126.56,230180.0
2021-03-04,126.55,127.7,121.17,123.0,361280.0
2021-03-05,124.68,124.68,117.06,123.33,625357.0
2021-03-08,124.66,125.67,122.95,123.44,360433.0
2021-03-09,123.86,126.83,122.9,125.32,344523.0
2021-03-10,126.85,126.93,123.68,125.86,181453.0
2021-03-11,126.19,127.8,124.76,126.18,195253.0
2021-03-12,126.63,130.9,126.48,130.7,326404.0
2021-03-15,131.23,132.74,130.71,132.45,270388.0
2021-03-16,132.68,133.28,131.19,131.82,371888.0
2021-03-17,132.4,133.66,131.55,133.18,248131.0
2021-03-18,131.96,133.49,128.42,128.52,292711.0
2021-03-19,128.21,128.21,124.76,125.26,754660.0
2021-03-22,125.0,126.17,124.25,125.23,267977.0
2021-03-23,124.11,125.31,121.21,121.97,312012.0
2021-03-24,123.01,126.09,122.56,122.75,316807.0
2021-03-25,122.17,122.99,118.52,122.42,415966.0
2021-03-26,123.24,123.59,121.26,123.46,275935.0
2021-03-29,123.55,124.5,122.03,122.97,281468.0
2021-03-30,122.96,124.99,122.46,123.8,217213.0
2021-03-31,124.34,125.93,123.95,125.8,482902.0
2021-04-01,127.54,129.85,126.51,127.98,416343.0
2021-04-05,128.75,130.84,127.98,129.17,287726.0
2021-04-06,128.42,130.85,127.87,130.01,209494.0
2021-04-07,130.67,130.67,127.39,128.13,159643.0
2021-04-08,127.49,132.01,126.76,131.7,547021.0
2021-04-09,131.47,131.68,129.59,131.34,229249.0
2021-04-12,130.94,132.04,130.07,132.03,193688.0
2021-04-13,131.15,132.4,130.55,132.1,223442.0
2021-04-14,132.93,134.6,132.79,133.77,239251.0
2021-04-15,134.56,135.97,132.99,135.31,337142.0
2021-04-16,135.96,136.0,133.9,135.46,246329.0
2021-04-19,135.28,135.28,133.1,133.76,281258.0
2021-04-20,132.38,133.19,130.6,132.68,400953.0
2021-04-21,132.43,135.9,132.03,134.99,404959.0
2021-04-22,137.39,140.44,136.79,137.58,493940.0
2021-04-23,138.1,139.9,137.75,139.2,173830.0
2021-04-26,140.47,141.74,139.32,139.6,392041.0
2021-04-27,140.7,141.6,139.2,139.99,280132.0
2021-04-28,139.19,140.92,139.01,140.44,282703.0
2021-04-29,141.73,142.89,140.8,142.46,252810.0
2021-04-30,141.69,141.86,139.64,140.8,217325.0
2021-05-03,141.93,141.93,138.85,139.95,205348.0
2021-05-04,139.17,140.02,137.07,139.69,279456.0
2021-05-05,140.08,140.22,136.76,136.99,223065.0
2021-05-06,136.93,138.22,135.0,138.08,282209.0
2021-05-07,137.86,142.04,137.4,141.63,335314.0
2021-05-10,142.5,142.5,139.1,139.1,540685.0
2021-05-11,136.92,138.98,128.5,138.19,480409.0
2021-05-12,137.64,138.36,131.19,131.22,409919.0
2021-05-13,131.93,134.98,131.93,132.88,294510.0
2021-05-14,134.36,136.96,133.12,136.48,145576.0
2021-05-17,135.28,135.38,133.16,133.79,350845.0
2021-05-18,133.2,133.4,131.85,131.94,319300.0
2021-05-19,129.13,130.07,127.52,130.03,493106.0
2021-05-20,130.92,132.39,130.05,132.34,440494.0
2021-05-21,133.88,134.72,132.82,133.33,383237.0
2021-05-24,134.86,135.47,133.47,135.11,299201.0
2021-05-25,136.19,136.6,134.43,135.08,230407.0
2021-05-26,134.43,135.69,131.66,135.51,315933.0
2021-05-27,137.29,139.92,135.48,139.81,457626.0
2021-05-28,139.95,141.38,139.27,140.46,370970.0
2021-06-01,141.85,143.76,141.26,143.04,335735.0
2021-06-02,143.46,144.73,141.43,143.4,415781.0
2021-06-03,143.42,145.0,142.19,144.39,337805.0
2021-06-04,145.04,146.91,145.04,146.79,330796.0
2021-06-07,147.0,147.24,145.77,147.14,315719.0
2021-06-08,147.55,148.95,146.52,148.24,492463.0
2021-06-09,148.53,148.66,145.21,145.23,392321.0
2021-06-10,146.66,146.66,144.35,145.04,291210.0
2021-06-11,145.39,145.66,142.38,143.34,467335.0
2021-06-14,142.61,143.63,142.4,143.52,301044.0
2021-06-15,144.11,144.47,143.35,144.09,243339.0
2021-06-16,143.76,144.0,141.6,142.12,235765.0
2021-06-17,141.75,142.58,138.91,139.67,410758.0
2021-06-18,137.99,138.63,137.41,137.92,434946.0
2021-06-21,139.23,141.14,138.81,141.14,255812.0
2021-06-22,141.49,142.25,139.42,140.9,203309.0
2021-06-23,140.9,142.03,139.77,140.99,203585.0
2021-06-24,142.02,143.35,140.96,143.29,260983.0
2021-06-25,143.76,144.5,142.54,142.77,825147.0
2021-06-28,141.96,142.76,139.83,140.77,265444.0
2021-06-29,140.79,142.47,139.44,139.5,250509.0
2021-06-30,138.96,140.68,138.62,139.42,194784.0
2021-07-01,139.56,141.31,138.88,140.75,193600.0
2021-07-02,141.19,141.9,140.01,141.7,188050.0
2021-07-06,141.7,141.7,139.0,141.06,167091.0
2021-07-07,140.3,141.76,139.62,141.47,225095.0
2021-07-08,139.06,141.21,138.35,139.5,340899.0
2021-07-09,141.41,142.21,140.92,142.2,153888.0
2021-07-12,141.05,141.75,139.25,139.35,154336.0
2021-07-13,138.17,138.86,136.84,136.95,279128.0
2021-07-14,137.26,137.59,134.44,134.87,227734.0
2021-07-15,134.0,135.36,133.07,134.33,268139.0
2021-07-16,135.02,135.96,133.82,134.5,222082.0
2021-07-19,131.91,132.5,129.61,130.86,302465.0
2021-07-20,132.01,137.38,131.0,136.64,461828.0
2021-07-21,137.77,138.96,136.8,137.88,254895.0
2021-07-22,137.0,137.35,135.39,136.38,212827.0
2021-07-23,137.44,137.44,135.51,135.99,156508.0
2021-07-26,135.07,136.15,134.73,135.73,287735.0
2021-07-27,135.05,136.09,133.85,135.83,195598.0
2021-07-28,137.0,137.85,135.9,137.04,227082.0
2021-07-29,137.8,138.5,136.23,136.46,180401.0
2021-07-30,135.81,136.55,134.66,135.25,153460.0
2021-08-02,136.26,137.43,133.52,133.64,248960.0
2021-08-03,133.47,133.47,130.26,132.33,275607.0
2021-08-04,130.88,131.6,128.04,128.64,445632.0
2021-08-05,128.94,131.81,128.94,131.8,221250.0
2021-08-06,132.93,133.16,132.0,132.43,160176.0
2021-08-09,131.97,131.97,128.9,129.14,306878.0
2021-08-10,128.76,131.12,128.71,130.82,405935.0
2021-08-11,130.8,133.51,130.37,133.51,320735.0
2021-08-12,133.63,133.63,131.77,132.15,185747.0
2021-08-13,131.87,131.92,130.56,131.02,174373.0
2021-08-16,130.26,131.06,128.5,128.96,270378.0
2021-08-17,128.31,129.07,126.79,127.86,276503.0
2021-08-18,128.01,128.8,126.98,127.4,162320.0
2021-08-19,126.62,129.41,126.42,127.39,365527.0
2021-08-20,127.78,128.54,126.89,127.28,263716.0
2021-08-23,127.94,129.29,127.66,128.63,305438.0
2021-08-24,129.35,130.83,129.35,130.08,278588.0
2021-08-25,127.0,130.34,125.31,128.81,557693.0
2021-08-26,127.2,127.94,125.55,126.67,309805.0
2021-08-27,127.44,128.74,126.86,127.9,322183.0
2021-08-30,128.14,128.26,125.27,125.76,256093.0
2021-08-31,126.34,127.4,125.78,126.82,423314.0
2021-09-01,127.68,128.21,125.73,126.68,241634.0
2021-09-02,126.54,127.78,126.01,126.73,193923.0
2021-09-03,126.26,126.34,124.36,124.44,186961.0
2021-09-07,123.64,124.87,122.94,123.07,270499.0
2021-09-08,123.2,125.0,123.01,124.97,460138.0
2021-09-09,125.03,126.28,124.54,125.11,242742.0
2021-09-10,125.37,125.91,124.04,124.42,204218.0
2021-09-13,125.78,126.37,124.58,125.88,268307.0
2021-09-14,126.41,126.66,124.76,126.51,290146.0
2021-09-15,127.0,127.98,126.24,127.87,295511.0
2021-09-16,128.08,128.22,124.97,125.02,302548.0
2021-09-17,124.65,127.29,124.65,127.25,690470.0
2021-09-20,125.11,127.81,124.75,127.56,368362.0
2021-09-21,128.07,128.33,125.94,126.35,217252.0
2021-09-22,127.28,129.07,127.28,128.82,178430.0
2021-09-23,129.77,133.0,129.74,132.61,257888.0
2021-09-24,132.62,135.37,131.91,134.7,354057.0
2021-09-27,135.73,137.62,135.73,136.48,339693.0
2021-09-28,136.18,136.5,133.21,133.91,258631.0
2021-09-29,134.94,135.22,133.9,133.9,306971.0
2021-09-30,134.51,134.74,131.87,131.87,283179.0
2021-10-01,133.01,136.06,131.54,135.5,277106.0
2021-10-04,135.65,135.65,132.61,134.27,260844.0
2021-10-05,134.37,135.18,132.55,134.9,198344.0
2021-10-06,133.27,134.75,131.95,134.69,177378.0
2021-10-07,135.66,136.37,134.68,135.43,162824.0
2021-10-08,135.85,136.2,133.38,134.78,245404.0
2021-10-11,135.04,135.53,133.93,134.94,231572.0
2021-10-12,135.0,136.73,134.62,134.72,169565.0
2021-10-13,134.69,134.93,132.85,134.43,301871.0
2021-10-14,135.41,139.6,133.86,138.76,488193.0
2021-10-15,139.82,140.45,138.9,140.02,338669.0
2021-10-18,139.12,141.92,139.12,141.33,315483.0
2021-10-19,141.55,142.15,138.8,140.29,344571.0
2021-10-20,140.29,141.05,137.5,138.42,241331.0
2021-10-21,138.72,140.42,137.61,140.39,186332.0
2021-10-22,136.6,141.67,136.6,140.54,229475.0
2021-10-25,140.98,140.98,138.2,139.99,244043.0
2021-10-26,139.58,141.62,138.91,140.92,167171.0
2021-10-27,141.64,142.77,140.0,140.76,228806.0
2021-10-28,141.2,142.42,139.94,140.68,246306.0
2021-10-29,140.84,141.81,139.11,139.39,244887.0
2021-11-01,139.39,140.04,136.47,137.8,316332.0
2021-11-02,138.29,138.57,136.92,138.49,455210.0
2021-11-03,138.0,139.69,137.71,139.15,260088.0
2021-11-04,139.83,141.23,138.95,139.62,216620.0
2021-11-05,141.0,145.5,139.97,145.41,355058.0
2021-11-08,146.24,147.37,144.71,147.37,253250.0
2021-11-09,148.48,150.23,147.14,149.8,332960.0
2021-11-10,149.21,151.6,148.09,148.58,453695.0
2021-11-11,148.61,149.49,145.88,146.19,324498.0
2021-11-12,146.46,147.7,144.76,145.65,289198.0
2021-11-15,146.03,147.17,145.66,146.6,195401.0
2021-11-16,146.53,147.93,144.7,145.12,266553.0
2021-11-17,144.93,146.53,143.89,146.23,183385.0
2021-11-18,146.99,147.47,145.23,146.66,186122.0
2021-11-19,145.27,147.07,144.21,145.46,315194.0
2021-11-22,146.55,148.29,144.94,144.99,262897.0
2021-11-23,144.63,145.77,144.14,144.99,216936.0
2021-11-24,144.16,146.04,144.16,146.0,232604.0
2021-11-26,142.53,142.75,136.76,137.8,453792.0
2021-11-29,139.66,141.03,138.13,140.18,555008.0
2021-11-30,138.73,139.98,137.97,138.52,687309.0
2021-12-01,140.93,141.91,133.31,133.37,330052.0
2021-12-02,134.39,139.93,134.39,138.85,364762.0
2021-12-03,139.76,140.05,137.01,139.47,358425.0
2021-12-06,141.19,143.01,140.23,142.25,277390.0
2021-12-07,143.56,144.35,141.01,141.62,313988.0
2021-12-08,143.2,146.04,142.67,145.33,378160.0
2021-12-09,144.21,144.94,143.52,144.17,302386.0
2021-12-10,145.28,145.44,143.36,144.68,340511.0
2021-12-13,144.3,145.11,141.0,142.42,422391.0
2021-12-14,140.94,142.64,138.19,139.1,366943.0
2021-12-15,138.73,141.08,136.59,141.05,704571.0
2021-12-16,145.62,145.74,134.69,136.14,601682.0
2021-12-17,135.94,138.29,134.46,135.87,791214.0
2021-12-20,133.83,135.85,133.2,135.61,348823.0
2021-12-21,137.42,141.19,137.19,141.17,304951.0
2021-12-22,140.34,141.56,140.04,140.69,260859.0
2021-12-23,141.53,143.38,141.14,142.28,137969.0
2021-12-27,142.46,143.69,141.98,143.65,275979.0
2021-12-28,144.14,145.07,143.55,144.52,169228.0
2021-12-29,144.97,144.99,143.46,144.65,130463.0
2021-12-30,144.78,145.65,144.23,144.4,182258.0
2021-12-31,144.57,145.36,143.81,144.22,103761.0
2022-01-03,144.28,145.25,141.89,143.43,232027.0
2022-01-04,144.1,147.57,144.1,147.45,310234.0
2022-01-05,147.88,148.17,144.71,145.99,354554.0
2022-01-06,146.93,147.68,145.79,146.45,276405.0
2022-01-07,148.08,150.49,147.71,149.63,450557.0
2022-01-10,149.79,150.38,146.52,148.29,521104.0
2022-01-11,147.67,148.97,146.1,148.83,318472.0
2022-01-12,148.84,150.73,148.44,148.85,253183.0
2022-01-13,149.76,151.12,148.79,149.1,344730.0
2022-01-14,148.01,152.49,147.18,152.37,664276.0
2022-01-18,152.0,152.36,147.6,148.0,358314.0
2022-01-19,147.86,149.15,145.96,146.85,338187.0
2022-01-20,147.7,151.28,147.35,147.5,392028.0
2022-01-21,147.35,147.81,144.56,145.75,444063.0
2022-01-24,142.44,145.87,140.29,145.13,651146.0
2022-01-25,142.91,143.76,138.86,140.97,409793.0
2022-01-26,142.33,144.06,137.73,139.38,428047.0
2022-01-27,140.86,140.86,134.68,135.21,484045.0
2022-01-28,135.21,135.49,132.09,135.26,743014.0
2022-01-31,134.54,136.44,134.02,136.39,604791.0
2022-02-01,137.1,137.1,134.09,137.01,680411.0
2022-02-02,136.83,140.15,135.34,138.57,513759.0
2022-02-03,137.22,137.72,134.72,135.21,376958.0
2022-02-04,134.11,136.92,133.31,135.96,369527.0
2022-02-07,136.82,139.13,136.51,138.11,295819.0
2022-02-08,138.08,138.08,136.04,137.26,293461.0
2022-02-09,137.96,139.74,137.53,139.29,305127.0
2022-02-10,137.22,140.89,136.22,138.36,315559.0
2022-02-11,138.77,140.49,137.91,138.95,415291.0
2022-02-14,139.39,140.74,138.04,139.08,377747.0
2022-02-15,140.48,144.29,139.58,143.62,468766.0
2022-02-16,142.9,144.65,142.69,143.97,311843.0
2022-02-17,143.05,144.34,142.03,143.75,296499.0
2022-02-18,143.93,145.77,141.35,141.98,293075.0
2022-02-22,141.5,142.7,140.18,141.07,412268.0
2022-02-23,141.76,141.79,137.55,137.66,606855.0
2022-02-24,134.15,141.67,130.69,141.19,582895.0
2022-02-25,141.44,144.69,139.8,144.03,338891.0
2022-02-28,143.16,147.59,143.06,147.51,633087.0
2022-03-01,147.21,148.79,145.86,146.95,468854.0
2022-03-02,148.28,153.19,147.03,151.14,476956.0
2022-03-03,152.25,152.26,147.26,147.51,299825.0
2022-03-04,147.33,149.52,145.22,148.56,494336.0
2022-03-07,149.39,151.23,148.16,148.5,788134.0
2022-03-08,148.74,148.74,141.55,141.64,690862.0
2022-03-09,142.25,146.31,142.25,145.7,728827.0
2022-03-10,144.28,147.16,143.4,146.97,318085.0
2022-03-11,148.95,148.95,145.56,145.75,342432.0
2022-03-14,147.22,147.69,140.11,143.18,438030.0
2022-03-15,144.38,146.54,143.38,146.38,275309.0
2022-03-16,146.63,148.4,142.08,144.85,387920.0
2022-03-17,144.13,148.76,144.0,148.28,452878.0
2022-03-18,148.22,149.5,147.36,149.07,404878.0
2022-03-21,148.49,151.58,147.94,151.51,372778.0
2022-03-22,151.52,155.45,151.11,153.8,400980.0
2022-03-23,153.79,154.81,151.29,151.6,241127.0
2022-03-24,152.16,155.32,151.86,155.09,305159.0
2022-03-25,155.4,156.46,152.83,154.56,277423.0
2022-03-28,153.92,154.93,150.77,151.71,286044.0
2022-03-29,151.63,155.39,150.26,154.99,345598.0
2022-03-30,155.22,156.03,154.15,154.96,277025.0
2022-03-31,155.32,156.85,153.54,153.54,283676.0
2022-04-01,153.95,156.58,153.8,156.35,378635.0
2022-04-04,156.35,158.53,155.1,157.21,436770.0
2022-04-05,156.93,159.29,155.25,155.39,647879.0
2022-04-06,154.04,154.3,151.85,152.98,395304.0
2022-04-07,153.24,155.29,152.56,154.18,492022.0
2022-04-08,154.93,154.93,149.95,150.12,325396.0
2022-04-11,150.11,151.87,149.28,149.4,221133.0
2022-04-12,150.16,152.03,148.14,148.73,291095.0
2022-04-13,149.08,150.74,148.43,149.45,341924.0
2022-04-14,150.52,150.82,147.75,147.79,233052.0
2022-04-18,147.78,149.23,147.65,148.34,280833.0
2022-04-19,148.67,151.11,148.67,150.21,305802.0
2022-04-20,151.0,153.32,149.87,152.82,253231.0
2022-04-21,154.0,155.14,150.11,150.78,421931.0
2022-04-22,149.99,151.19,146.86,147.6,228980.0
2022-04-25,146.39,146.66,143.13,145.84,311511.0
2022-04-26,145.57,145.57,141.93,142.07,189005.0
2022-04-27,141.52,143.78,141.52,142.61,170785.0
2022-04-28,143.31,145.21,141.65,144.22,192156.0
2022-04-29,143.69,144.24,140.55,141.23,370606.0
2022-05-02,140.7,143.45,137.78,140.57,493631.0
2022-05-03,140.47,141.99,139.67,140.5,190081.0
2022-05-04,140.73,143.71,138.83,143.02,250620.0
2022-05-05,141.97,142.9,136.43,137.16,264852.0
2022-05-06,136.98,138.03,134.43,137.01,321081.0
2022-05-09,135.38,135.94,132.01,133.0,457280.0
2022-05-10,134.83,137.13,133.02,135.44,371104.0
2022-05-11,135.55,138.98,132.88,133.06,312827.0
2022-05-12,132.73,134.79,130.51,133.65,428290.0
2022-05-13,134.92,138.22,134.9,137.22,308229.0
2022-05-16,137.22,138.67,134.89,135.13,265120.0
2022-05-17,137.35,138.07,135.89,136.81,276715.0
2022-05-18,135.62,136.42,132.7,133.37,359716.0
2022-05-19,132.28,134.12,131.4,132.93,306142.0
2022-05-20,134.22,134.56,129.17,132.28,328352.0
2022-05-23,133.1,134.65,130.31,134.5,419858.0
2022-05-24,133.51,135.26,132.14,135.05,573992.0
2022-05-25,134.16,137.12,134.16,136.86,481620.0
2022-05-26,137.9,140.94,137.9,140.63,246424.0
2022-05-27,141.85,144.32,141.05,144.24,328280.0
2022-05-31,143.17,143.94,140.78,143.05,619927.0
2022-06-01,143.98,144.73,140.29,143.23,300617.0
2022-06-02,144.23,146.73,143.66,146.59,235118.0
2022-06-03,145.28,146.15,144.72,145.7,210149.0
2022-06-06,147.59,149.61,146.36,148.47,260246.0
2022-06-07,147.59,151.26,147.28,151.19,265345.0
2022-06-08,150.5,150.78,146.52,146.68,283854.0
2022-06-09,145.86,146.87,143.89,144.06,227132.0
2022-06-10,141.79,143.04,140.69,140.84,274302.0
2022-06-13,137.37,138.37,135.01,135.82,316637.0
2022-06-14,136.56,136.57,132.01,133.39,259958.0
2022-06-15,134.89,135.96,132.46,134.14,326827.0
2022-06-16,131.54,131.87,127.52,128.0,319579.0
2022-06-17,127.93,130.52,127.44,129.6,435735.0
2022-06-21,130.94,132.23,129.58,131.38,343626.0
2022-06-22,129.38,131.35,128.44,130.14,375772.0
2022-06-23,130.13,130.39,126.95,127.59,373921.0
2022-06-24,128.81,132.17,128.81,132.0,657951.0
2022-06-27,132.93,132.97,131.3,132.77,223969.0
2022-06-28,133.31,135.04,131.08,131.36,286136.0
2022-06-29,131.75,132.36,128.85,130.3,234038.0
2022-06-30,130.21,131.8,128.87,131.12,373988.0
2022-07-01,131.49,133.73,129.93,133.25,308919.0
2022-07-05,131.25,132.07,127.45,130.94,305668.0
2022-07-06,131.63,133.32,130.69,132.59,302116.0
2022-07-07,133.31,134.89,133.22,133.89,139387.0
2022-07-08,133.88,134.09,132.33,133.34,161545.0
2022-07-11,132.34,133.79,132.34,132.86,154313.0
2022-07-12,132.64,134.71,132.54,134.04,266880.0
2022-07-13,132.2,134.44,132.2,133.0,218448.0
2022-07-14,131.04,133.41,130.87,133.0,282078.0
2022-07-15,134.46,135.26,134.04,134.84,241559.0
2022-07-18,136.81,137.63,134.87,135.32,385412.0
2022-07-19,135.7,141.32,135.7,141.19,377212.0
2022-07-20,141.3,143.43,140.66,142.52,300976.0
2022-07-21,142.25,143.48,141.11,143.35,215567.0
2022-07-22,143.7,144.13,142.53,143.2,328275.0
2022-07-25,143.2,143.53,141.55,142.65,184316.0
2022-07-26,142.61,145.73,141.32,144.17,392127.0
2022-07-27,144.98,146.42,143.57,145.8,345965.0
2022-07-28,145.55,150.04,144.35,149.95,453596.0
2022-07-29,150.15,158.39,150.15,157.71,625579.0
2022-08-01,157.9,157.9,155.23,156.78,354656.0
2022-08-02,156.75,158.62,155.03,155.89,286241.0
2022-08-03,156.14,157.74,154.16,156.87,290684.0
2022-08-04,156.99,157.46,156.0,156.42,299682.0
2022-08-05,155.0,157.78,155.0,157.52,224767.0
2022-08-08,158.65,159.71,157.0,157.71,250104.0
2022-08-09,157.96,158.53,156.51,157.34,226350.0
2022-08-10,159.2,162.22,158.63,161.18,279602.0
2022-08-11,162.09,164.38,158.78,159.55,552579.0
2022-08-12,159.54,162.14,159.11,161.8,217677.0
2022-08-15,161.72,163.68,160.24,163.39,209418.0
2022-08-16,164.44,165.61,163.75,165.56,262687.0
2022-08-17,163.97,164.7,162.53,163.94,216615.0
2022-08-18,163.81,165.24,163.32,164.82,161270.0
2022-08-19,164.65,164.65,161.73,163.24,246436.0
2022-08-22,161.09,162.11,158.51,158.86,273447.0
2022-08-23,158.55,160.46,158.5,160.16,187856.0
2022-08-24,160.16,161.3,159.87,160.39,195839.0
2022-08-25,160.92,162.77,159.88,162.58,292557.0
2022-08-26,163.35,163.79,155.64,155.89,357358.0
2022-08-29,155.0,156.63,153.65,155.88,422682.0
2022-08-30,157.04,158.01,152.3,152.82,368115.0
2022-08-31,153.47,154.4,151.45,152.3,422666.0
2022-09-01,151.0,152.36,149.5,152.31,318196.0
2022-09-02,154.12,155.72,151.8,152.22,301823.0
2022-09-06,152.19,152.19,148.7,149.67,521354.0
2022-09-07,149.33,155.1,149.27,154.53,361265.0
2022-09-08,153.05,156.05,153.05,155.36,204335.0
2022-09-09,156.26,158.12,155.95,157.06,221147.0
2022-09-12,157.54,158.15,156.9,157.26,328851.0
2022-09-13,154.58,155.44,151.65,152.0,287019.0
2022-09-14,152.16,154.74,151.2,154.49,369087.0
2022-09-15,153.58,154.82,151.95,152.11,251204.0
2022-09-16,150.16,150.56,147.61,148.58,612611.0
2022-09-19,150.2,154.6,149.82,154.32,500504.0
2022-09-20,153.46,153.57,151.07,152.06,240765.0
2022-09-21,154.62,154.63,150.36,150.44,217243.0
2022-09-22,150.43,150.43,146.38,148.8,276734.0
2022-09-23,146.64,147.3,143.81,145.66,282581.0
2022-09-26,144.86,147.86,144.49,144.72,252724.0
2022-09-27,146.39,146.48,141.93,142.77,356960.0
2022-09-28,143.64,145.33,141.51,144.79,273359.0
2022-09-29,143.55,144.48,141.59,143.74,266051.0
2022-09-30,143.19,146.18,143.18,143.98,244067.0
2022-10-03,145.92,148.59,144.64,147.7,278653.0
2022-10-04,149.99,152.77,149.46,150.87,352661.0
2022-10-05,148.94,150.53,147.59,149.4,224549.0
2022-10-06,149.42,150.96,148.02,148.23,269682.0
2022-10-07,147.26,149.1,146.82,147.99,213520.0
2022-10-10,148.82,150.94,147.57,148.92,351364.0
2022-10-11,148.73,148.99,144.81,146.05,376055.0
2022-10-12,147.37,147.37,143.52,143.64,359048.0
2022-10-13,140.23,148.65,139.85,146.14,354969.0
2022-10-14,146.85,147.07,138.82,139.73,358879.0
2022-10-17,142.14,145.47,142.14,145.43,318389.0
2022-10-18,148.12,149.94,147.36,148.7,154626.0
2022-10-19,147.65,149.34,146.86,148.96,143048.0
2022-10-20,148.96,150.34,147.8,148.67,196123.0
2022-10-21,148.95,152.06,147.59,151.7,273932.0
2022-10-24,156.18,157.44,152.88,157.06,400294.0
2022-10-25,156.96,159.54,156.95,159.01,325821.0
2022-10-26,159.94,160.72,157.07,157.59,321431.0
2022-10-27,158.6,162.27,158.55,161.23,318762.0
2022-10-28,161.72,163.72,160.54,163.58,227339.0
2022-10-31,162.9,164.48,161.9,162.64,261049.0
2022-11-01,161.38,162.31,159.63,161.49,270673.0
2022-11-02,160.62,162.24,156.12,156.27,291734.0
2022-11-03,154.67,158.67,153.87,156.44,285473.0
2022-11-04,158.12,158.28,153.32,156.19,376955.0
2022-11-07,156.61,157.2,155.0,156.67,323066.0
2022-11-08,157.14,158.4,155.51,157.55,231556.0
2022-11-09,156.8,158.62,155.91,156.04,352225.0
2022-11-10,160.14,163.87,159.77,163.81,369893.0
2022-11-11,163.15,163.21,158.71,159.3,329500.0
2022-11-14,158.84,159.79,156.29,158.1,368818.0
2022-11-15,160.04,160.44,157.78,159.39,325294.0
2022-11-16,159.11,160.7,158.29,160.1,196580.0
2022-11-17,158.98,160.65,157.37,160.55,163996.0
2022-11-18,162.15,164.6,161.34,163.76,328118.0
2022-11-21,163.04,164.3,161.06,161.65,228392.0
2022-11-22,162.65,163.86,162.27,162.56,181714.0
2022-11-23,162.94,163.48,161.48,162.4,148979.0
2022-11-25,162.05,163.41,161.79,162.54,105890.0
2022-11-28,161.24,161.59,158.2,158.43,196168.0
2022-11-29,158.01,158.45,155.55,156.57,283991.0
2022-11-30,156.61,162.31,156.51,162.31,695083.0
2022-12-01,162.84,163.88,160.77,163.73,229382.0
2022-12-02,161.91,165.79,161.91,164.7,300181.0
2022-12-05,163.23,164.22,161.57,162.36,184282.0
2022-12-06,163.65,163.65,158.8,159.38,280012.0
2022-12-07,159.69,162.58,159.23,160.01,209137.0
2022-12-08,161.05,161.61,158.07,158.89,241975.0
2022-12-09,158.64,159.12,156.58,157.03,250672.0
2022-12-12,154.53,157.46,154.38,157.17,302405.0
2022-12-13,160.05,160.22,156.84,157.39,292342.0
2022-12-14,157.9,157.92,155.16,156.61,483060.0
2022-12-15,155.39,155.44,151.66,153.04,323955.0
2022-12-16,151.95,152.5,150.74,151.85,428302.0
2022-12-19,152.83,154.05,147.69,149.44,633834.0
2022-12-20,151.0,153.77,148.32,153.32,704111.0
2022-12-21,155.12,157.64,152.93,157.63,359196.0
2022-12-22,156.03,156.64,151.2,153.53,299297.0
2022-12-23,153.82,155.1,152.46,154.19,185669.0
2022-12-27,154.63,156.03,154.0,154.71,224409.0
2022-12-28,154.71,155.79,151.78,151.89,231577.0
2022-12-29,152.52,154.43,152.33,153.47,260528.0
2022-12-30,152.99,153.67,151.5,153.64,210185.0
2023-01-03,153.67,154.54,150.64,152.03,331878.0
2023-01-04,152.01,153.0,149.92,151.52,268732.0
2023-01-05,150.42,152.19,149.05,151.95,347437.0
2023-01-06,153.56,158.38,152.6,157.85,352744.0
2023-01-09,158.97,158.97,155.71,155.73,377037.0
2023-01-10,155.17,157.67,155.17,157.43,301903.0
2023-01-11,158.3,163.25,158.28,163.08,427397.0
2023-01-12,164.82,165.5,160.8,163.65,430547.0
2023-01-13,161.8,165.25,161.8,165.24,353380.0
2023-01-17,165.71,167.9,163.98,165.46,496471.0
2023-01-18,166.27,166.91,162.58,162.61,574651.0
2023-01-19,162.0,162.02,159.54,160.5,354412.0
2023-01-20,161.43,164.88,160.2,164.7,407396.0
2023-01-23,165.73,167.27,164.32,167.12,365369.0
2023-01-24,167.79,168.54,166.24,167.68,330952.0
2023-01-25,166.0,169.2,166.0,168.4,281963.0
2023-01-26,169.27,169.65,167.68,169.07,236818.0
2023-01-27,168.71,171.0,168.71,170.2,319451.0
2023-01-30,170.2,172.09,169.04,169.31,442117.0
2023-01-31,169.4,171.12,168.42,170.95,391598.0
2023-02-01,170.68,171.97,169.16,170.33,430765.0
2023-02-02,170.78,172.9,169.74,171.79,510364.0
2023-02-03,170.62,172.54,169.51,170.03,357221.0
2023-02-06,169.33,172.23,168.89,171.77,259393.0
2023-02-07,171.09,174.65,170.28,174.18,302199.0
2023-02-08,173.01,174.78,172.53,174.56,200741.0
2023-02-09,175.18,176.12,173.33,173.48,358542.0
2023-02-10,173.18,173.76,171.41,173.2,244006.0
2023-02-13,174.16,175.16,173.26,174.22,258728.0
2023-02-14,173.82,175.66,172.9,174.95,307852.0
2023-02-15,174.0,177.44,174.0,177.31,202965.0
2023-02-16,175.68,177.55,174.45,175.33,318932.0
2023-02-17,175.14,177.21,174.59,176.9,299782.0
2023-02-21,176.9,177.03,174.45,175.02,356887.0
2023-02-22,175.0,175.84,174.15,174.25,415389.0
2023-02-23,175.18,175.81,173.72,175.37,267300.0
2023-02-24,174.12,175.39,173.8,174.87,343240.0
2023-02-27,176.0,177.27,174.23,174.67,489586.0
2023-02-28,173.95,173.95,163.25,165.57,1373028.0
2023-03-01,168.22,171.97,165.47,171.41,528093.0
2023-03-02,170.64,174.54,169.21,174.4,369183.0
2023-03-03,175.15,175.54,173.26,174.56,331530.0
2023-03-06,175.19,175.61,173.72,174.62,267438.0
2023-03-07,174.75,175.43,172.2,172.46,311656.0
2023-03-08,172.68,173.18,171.05,172.53,208334.0
2023-03-09,173.38,174.44,171.31,171.55,238835.0
2023-03-10,171.25,171.25,166.64,167.78,297047.0
2023-03-13,165.68,167.14,163.77,166.07,337067.0
2023-03-14,168.13,171.02,167.03,169.14,314939.0
2023-03-15,166.59,166.59,161.46,163.98,370630.0
2023-03-16,162.82,168.48,162.0,168.14,302460.0
2023-03-17,167.19,167.19,163.25,163.35,333698.0
2023-03-20,164.37,166.5,163.99,165.14,227614.0
2023-03-21,167.27,168.81,167.0,167.82,212927.0
2023-03-22,168.03,169.48,166.17,166.3,201172.0
2023-03-23,166.35,167.29,163.44,165.08,302635.0
2023-03-24,163.67,166.24,162.22,165.75,214283.0
2023-03-27,167.58,168.65,166.73,168.0,183627.0
2023-03-28,167.45,169.24,167.31,168.64,252989.0
2023-03-29,169.32,170.18,168.53,169.63,193228.0
2023-03-30,170.01,171.23,169.31,170.04,136697.0
2023-03-31,170.19,171.72,170.0,171.04,262417.0
2023-04-03,170.49,172.28,169.85,172.25,284998.0
2023-04-04,172.46,172.59,168.51,168.81,192473.0
2023-04-05,168.28,169.3,166.24,166.84,288400.0
2023-04-06,166.96,167.91,166.16,166.41,160716.0
2023-04-10,165.65,168.08,165.0,167.97,192403.0
2023-04-11,168.45,169.7,168.35,168.89,153196.0
2023-04-12,169.66,170.51,168.43,169.06,147700.0
2023-04-13,169.36,170.14,167.71,169.74,143686.0
2023-04-14,169.19,169.61,167.67,168.36,233362.0
2023-04-17,168.31,169.46,167.88,168.93,164121.0
2023-04-18,169.71,172.59,169.6,171.78,286834.0
2023-04-19,171.8,172.73,169.75,170.27,201968.0
2023-04-20,169.97,171.99,169.38,171.46,221842.0
2023-04-21,172.39,172.39,170.17,171.65,261019.0
2023-04-24,171.61,172.35,169.44,170.52,242756.0
2023-04-25,169.79,169.94,167.41,168.09,398022.0
2023-04-26,168.0,168.43,164.18,164.62,441443.0
2023-04-27,165.08,168.59,164.99,168.16,327139.0
2023-04-28,167.93,169.24,167.85,168.64,217523.0
2023-05-01,168.14,172.72,168.01,170.78,231283.0
2023-05-02,170.72,170.72,168.46,170.0,278561.0
2023-05-03,170.32,172.12,169.51,170.69,266697.0
2023-05-04,170.47,170.65,165.64,167.61,273071.0
2023-05-05,168.36,170.52,168.36,170.09,164592.0
2023-05-08,170.0,170.29,168.28,169.0,209503.0
2023-05-09,169.2,171.7,167.63,171.57,563117.0
2023-05-10,172.07,172.07,168.75,170.68,383835.0
2023-05-11,169.9,170.28,167.87,168.34,298925.0
2023-05-12,168.34,169.03,164.05,165.96,384034.0
2023-05-15,167.42,180.59,167.42,178.9,773983.0
2023-05-16,178.49,178.94,176.63,177.53,413846.0
2023-05-17,178.99,179.35,177.13,177.63,322244.0
2023-05-18,177.67,178.97,176.28,178.68,297597.0
2023-05-19,179.93,179.93,176.08,176.98,240397.0
2023-05-22,177.15,179.45,176.51,178.94,439619.0
2023-05-23,178.06,178.26,163.61,164.83,1259322.0
2023-05-24,163.0,164.43,160.65,163.26,640632.0
2023-05-25,163.74,163.85,160.03,160.07,514085.0
2023-05-26,160.81,162.34,159.09,159.3,484439.0
2023-05-30,161.07,161.24,158.95,159.15,444426.0
2023-05-31,158.84,159.0,153.95,154.58,1094870.0
2023-06-01,154.77,155.95,153.63,154.91,615151.0
2023-06-02,156.8,162.3,156.48,162.0,580199.0
2023-06-05,161.64,161.64,156.52,157.24,481927.0
2023-06-06,157.74,159.64,157.35,159.42,339121.0
2023-06-07,159.35,163.71,158.04,163.45,375269.0
2023-06-08,163.45,166.37,163.05,164.67,461377.0
2023-06-09,165.62,165.62,162.0,163.61,341755.0
2023-06-12,164.04,165.15,162.75,164.42,264373.0
2023-06-13,164.68,166.74,164.39,164.81,373641.0
2023-06-14,165.52,166.01,164.13,164.84,370783.0
2023-06-15,164.84,166.38,164.03,166.27,250849.0
2023-06-16,166.27,167.78,165.79,165.89,278943.0
2023-06-20,165.2,168.13,165.01,167.81,432439.0
2023-06-21,167.36,172.48,166.85,172.19,284277.0
2023-06-22,171.71,173.41,171.07,173.03,295918.0
2023-06-23,170.65,174.51,170.16,173.74,611288.0
2023-06-26,172.9,173.73,169.56,172.14,289614.0
2023-06-27,172.97,175.14,172.74,174.65,194441.0
2023-06-28,174.95,175.49,173.35,175.15,315189.0
2023-06-29,175.07,177.11,175.07,175.98,245785.0
2023-06-30,177.57,177.91,176.6,176.94,251949.0
2023-07-03,176.13,177.08,175.74,176.29,122883.0
2023-07-05,175.36,175.58,173.11,174.59,282334.0
2023-07-06,173.19,174.98,171.94,174.59,326819.0
2023-07-07,173.76,174.87,173.42,174.02,347691.0
2023-07-10,173.54,175.62,173.54,174.99,256641.0
2023-07-11,174.89,177.0,174.75,176.44,287842.0
2023-07-12,177.8,177.8,174.15,174.83,256444.0
2023-07-13,174.89,175.77,173.94,174.06,186219.0
2023-07-14,174.09,174.09,170.44,170.49,344711.0
2023-07-17,170.51,173.65,170.51,173.42,317159.0
2023-07-18,173.22,175.11,172.25,174.81,259359.0
2023-07-19,175.08,175.68,173.1,174.02,169067.0
2023-07-20,174.99,177.19,174.78,177.12,310366.0
2023-07-21,177.58,178.21,176.64,177.45,241726.0
2023-07-24,177.45,178.6,177.14,177.74,316780.0
2023-07-25,176.15,180.6,175.0,180.29,301383.0
2023-07-26,180.53,182.18,178.91,178.95,322696.0
2023-07-27,179.47,179.47,175.7,176.56,207092.0
2023-07-28,176.69,177.29,173.66,174.25,382020.0
2023-07-31,174.6,176.24,173.81,175.98,237467.0
2023-08-01,174.95,176.44,174.71,175.28,278373.0
2023-08-02,174.47,175.91,173.78,174.31,326800.0
2023-08-03,173.31,175.14,172.79,174.91,254543.0
2023-08-04,175.86,178.09,174.74,176.19,310049.0
2023-08-07,176.51,178.67,176.49,177.94,243401.0
2023-08-08,178.24,179.48,176.03,176.1,310992.0
2023-08-09,176.94,176.94,173.34,173.42,302639.0
2023-08-10,173.3,174.42,170.71,171.35,308436.0
2023-08-11,171.25,171.86,170.23,170.65,214076.0
2023-08-14,170.55,171.52,170.14,170.58,151099.0
2023-08-15,169.87,169.87,167.75,167.79,203141.0
2023-08-16,167.37,169.71,167.37,168.29,236492.0
2023-08-17,168.54,168.54,164.07,164.1,285169.0
2023-08-18,162.99,165.46,162.71,164.35,317197.0
2023-08-21,164.65,165.5,164.01,164.97,224571.0
2023-08-22,165.06,166.48,164.46,166.01,293070.0
2023-08-23,166.51,167.25,165.06,165.45,396395.0
2023-08-24,165.45,167.87,165.05,165.12,453065.0
2023-08-25,165.51,167.23,164.4,166.39,377725.0
2023-08-28,166.65,168.88,166.55,167.85,621234.0
2023-08-29,160.96,167.78,156.21,165.51,1371168.0
2023-08-30,166.92,172.28,166.0,168.89,738106.0
2023-08-31,169.31,170.01,167.56,168.71,693689.0
2023-09-01,170.03,171.09,167.58,169.36,387812.0
2023-09-05,169.08,170.3,167.02,167.03,307708.0
2023-09-06,167.16,168.71,165.75,166.07,243087.0
2023-09-07,166.3,168.01,165.2,166.83,300286.0
2023-09-08,166.54,166.57,163.67,164.41,229636.0
2023-09-11,164.69,165.31,162.46,163.22,284668.0
2023-09-12,163.01,165.32,162.59,164.56,514564.0
2023-09-13,164.0,164.99,162.55,163.79,320481.0
2023-09-14,163.8,165.82,163.34,165.56,313573.0
2023-09-15,165.29,165.92,163.64,164.56,488224.0
2023-09-18,164.46,168.12,164.27,168.06,511523.0
2023-09-19,168.25,168.58,165.17,166.32,440372.0
2023-09-20,167.04,167.71,165.56,165.74,237680.0
2023-09-21,165.69,165.69,160.68,160.82,265741.0
2023-09-22,160.68,161.99,159.48,159.67,259642.0
2023-09-25,158.76,159.85,158.07,159.5,294971.0
2023-09-26,159.1,159.69,157.25,157.41,284357.0
2023-09-27,158.94,160.9,158.78,160.24,364833.0
2023-09-28,161.55,163.06,160.33,160.99,360578.0
2023-09-29,161.9,163.26,160.75,161.93,436396.0
2023-10-02,161.54,162.84,160.56,161.02,345474.0
2023-10-03,160.5,161.7,157.78,158.75,242965.0
2023-10-04,159.02,160.99,158.37,160.52,400420.0
2023-10-05,160.57,161.25,159.66,160.34,389658.0
2023-10-06,159.74,161.28,158.51,160.38,463850.0
2023-10-09,162.87,165.82,161.48,165.23,445658.0
2023-10-10,166.14,168.04,165.38,167.19,306867.0
2023-10-11,167.86,168.83,167.64,168.63,196038.0
2023-10-12,168.58,168.99,163.65,165.46,246517.0
2023-10-13,166.28,166.47,164.38,164.98,183527.0
2023-10-16,165.82,166.9,164.77,166.28,195001.0
2023-10-17,165.11,168.81,165.11,166.0,342412.0
2023-10-18,166.08,166.4,163.72,163.73,223526.0
2023-10-19,163.44,164.12,160.75,160.84,198269.0
2023-10-20,160.11,160.97,158.2,158.24,217436.0
2023-10-23,158.09,158.64,156.89,157.16,186698.0
2023-10-24,158.43,159.0,157.17,157.56,205125.0
2023-10-25,158.16,161.15,158.16,160.45,351006.0
2023-10-26,160.72,161.64,159.2,159.25,238063.0
2023-10-27,159.08,159.27,156.41,157.34,206893.0
2023-10-30,158.35,159.54,155.42,156.87,262386.0
2023-10-31,156.54,158.86,156.47,158.41,297168.0
2023-11-01,158.86,158.86,157.1101,158.27,270543.0
2023-11-02,159.79,162.27,159.79,161.15,322285.0
2023-11-03,162.41,163.5253,161.77,162.0,246626.0
2023-11-06,162.0,162.86,160.44,162.71,208207.0
2023-11-07,162.6,163.155,161.83,162.07,149882.0
2023-11-08,162.07,162.11,160.05,160.47,214845.0
2023-11-09,160.98,163.97,160.98,162.52,345362.0
2023-11-10,163.13,165.41,162.115,165.33,228910.0
2023-11-13,165.25,167.265,163.9,166.9,356742.0
2023-11-14,168.13,170.68,167.795,170.54,329764.0
2023-11-15,171.38,172.34,170.0,170.07,518965.0
2023-11-16,169.51,170.25,168.33,169.97,287619.0
2023-11-17,170.5,170.87,169.57,169.97,198017.0
2023-11-20,170.34,171.355,169.95,170.65,210221.0
2023-11-21,170.36,171.74,169.5,171.36,175798.0
2023-11-22,171.31,174.05,171.31,173.57,369335.0
2023-11-24,174.03,174.6,173.065,173.9,84086.0
2023-11-27,173.34,175.25,172.93,174.63,360291.0
2023-11-28,174.9,174.9,170.09,170.48,349860.0
2023-11-29,171.01,171.01,167.56,168.77,404119.0
2023-11-30,169.16,171.09,169.08,171.03,440389.0
2023-12-01,171.83,175.92,171.83,175.9,492478.0
2023-12-04,175.12,178.33,174.75,178.31,421635.0
2023-12-05,177.86,178.34,174.19,174.43,362988.0
2023-12-06,174.5,176.59,174.5,175.2,245007.0
2023-12-07,175.21,177.83,173.99,177.73,263894.0
2023-12-08,177.97,180.54,177.97,178.91,349964.0
2023-12-11,179.08,183.275,179.08,182.94,359532.0
2023-12-12,183.38,185.635,183.38,183.72,323612.0
2023-12-13,183.54,186.44,183.04,186.0,367511.0
2023-12-14,185.66,186.71,182.14,183.01,361358.0
2023-12-15,181.93,182.77,180.76,181.85,699870.0
2023-12-18,182.93,185.23,181.81,183.63,767149.0
2023-12-19,186.81,191.0,182.25,183.85,996123.0
2023-12-20,181.76,181.865,173.89,173.96,847784.0
2023-12-21,175.0,179.43,175.0,178.85,462709.0
2023-12-22,179.37,181.38,178.5481,179.78,291629.0
2023-12-26,180.12,181.145,179.02,180.12,211848.0
2023-12-27,179.71,180.498,178.63,178.92,262697.0
2023-12-28,178.26,179.59,178.26,179.04,245469.0
2023-12-29,178.87,179.68,178.11,178.87,209891.0
2024-01-02,178.19,179.54,177.43,177.86,179016.0
2024-01-03,176.88,177.56,173.75,173.88,247859.0
2024-01-04,174.59,176.34,173.96,173.96,199063.0
2024-01-05,174.26,174.56,171.98,172.01,279121.0
2024-01-08,171.07,172.97,169.7,172.93,329170.0
2024-01-09,172.01,172.01,169.85,170.61,326704.0
2024-01-10,171.19,172.86,170.74,171.36,432064.0
2024-01-11,171.81,172.855,169.83,172.47,381787.0
2024-01-12,173.86,176.2,172.32,172.86,336759.0
2024-01-16,171.99,173.12,169.78,170.86,501250.0
2024-01-17,170.66,174.02,170.66,172.14,307804.0
2024-01-18,173.31,177.61,171.14,177.54,564615.0
2024-01-19,178.3,178.89,175.55,176.38,357176.0
2024-01-22,176.44,179.49,176.44,179.15,305296.0
2024-01-23,180.8,181.46,178.29,179.1,274317.0
2024-01-24,180.26,180.93,178.91,179.2,228964.0
2024-01-25,182.0,184.95,180.91,184.73,496136.0
2024-01-26,184.71,185.4,182.61,183.58,262840.0
2024-01-29,183.97,184.65,182.44,183.76,255732.0
2024-01-30,182.97,184.265,182.53,182.68,256584.0
2024-01-31,182.2,183.0,179.475,179.59,407940.0
2024-02-01,180.1,183.59,178.2,183.5,499892.0
2024-02-02,182.3,184.26,181.78,184.0,343016.0
2024-02-05,182.49,185.285,182.0,184.99,349148.0
2024-02-06,185.09,187.33,184.12,187.17,491617.0
2024-02-07,187.74,190.08,187.69,189.57,311188.0
2024-02-08,190.0,190.49,185.74,186.64,351267.0
2024-02-09,187.47,188.16,185.88,188.06,267037.0
2024-02-12,188.0,188.455,186.95,187.57,231543.0
2024-02-13,186.03,188.56,185.185,188.02,513306.0
2024-02-14,190.0,193.41,189.255,193.37,557508.0
2024-02-15,194.03,195.67,191.42,194.05,369263.0
2024-02-16,194.11,195.52,193.55,194.01,393113.0
2024-02-20,192.81,193.75,192.35,192.57,322865.0
2024-02-21,192.36,195.16,192.36,194.61,420281.0
2024-02-22,194.71,199.49,194.71,199.38,439738.0
2024-02-23,199.47,199.97,198.78,199.17,430639.0
2024-02-26,200.64,200.64,198.01,198.98,691785.0
2024-02-27,197.84,198.32,191.45,193.52,1056942.0
2024-02-28,194.49,194.7422,189.8,190.06,620784.0
2024-02-29,190.99,194.125,189.69,193.4,625259.0
2024-03-01,192.89,194.2,191.555,193.89,425429.0
2024-03-04,194.22,195.97,193.675,194.15,303097.0
2024-03-05,194.51,194.83,188.81,188.91,339262.0
2024-03-06,189.67,190.665,188.86,189.38,294208.0
2024-03-07,190.69,191.29,188.32,188.4,224058.0
2024-03-08,188.26,188.845,185.191,186.45,324656.0
2024-03-11,185.94,186.38,182.95,183.28,516082.0
2024-03-12,183.55,185.42,182.47,184.63,923959.0
2024-03-13,184.51,188.27,184.46,187.79,394592.0
2024-03-14,187.5,188.83,185.12,186.35,295676.0
2024-03-15,185.07,187.87,185.07,187.19,384459.0
2024-03-18,187.57,189.72,187.29,188.02,273973.0
2024-03-19,188.67,191.11,187.85,190.64,373499.0
2024-03-20,191.04,192.82,190.64,192.27,228131.0
2024-03-21,192.87,193.5,190.8942,191.23,220295.0
2024-03-22,191.93,193.65,190.6401,193.38,265602.0
2024-03-25,194.4,194.5,190.29,190.43,207088.0
2024-03-26,190.98,191.445,189.99,190.48,198635.0
2024-03-27,192.17,194.5,190.88,194.43,329686.0
2024-03-28,194.43,195.985,190.72,191.0,431469.0
2024-04-01,191.69,191.69,186.8107,188.26,331798.0
2024-04-02,187.25,187.915,185.43,187.69,271272.0
2024-04-03,187.2,189.28,186.99,187.95,261017.0
2024-04-04,189.33,190.45,186.6629,187.9,206072.0
2024-04-05,188.67,189.62,188.18,189.13,173910.0
2024-04-08,189.35,190.425,187.97,188.18,263374.0
2024-04-09,187.74,188.11,185.03,187.76,326036.0
2024-04-10,185.73,190.95,185.29,190.73,395025.0
2024-04-11,190.57,194.83,189.13,193.79,402074.0
2024-04-12,192.38,195.31,191.0677,191.76,461572.0
2024-04-15,194.73,198.186,192.875,193.73,393335.0
2024-04-16,193.67,199.43,193.66,198.34,531005.0
2024-04-17,199.57,199.84,195.31,197.55,484845.0
2024-04-18,197.5,200.25,196.64,196.66,342576.0
2024-04-19,197.15,199.27,196.38,197.1,332283.0
2024-04-22,198.12,200.33,197.98,199.41,297535.0
2024-04-23,200.2,206.34,199.935,204.82,440930.0
2024-04-24,204.94,206.38,202.37,204.75,287518.0
2024-04-25,203.76,206.92,201.81,206.82,211715.0
2024-04-26,207.19,209.6512,206.44,206.46,298597.0
2024-04-29,206.51,208.25,206.38,207.57,326701.0
2024-04-30,206.8,207.935,205.815,207.4,398497.0
2024-05-01,206.62,209.07,206.62,208.07,293594.0
2024-05-02,209.8,210.77,207.5,210.04,278415.0
2024-05-03,212.06,212.45,209.15,211.36,287030.0
2024-05-06,212.85,213.63,211.12,212.66,590273.0
2024-05-07,212.67,212.67,207.82,208.42,497554.0
2024-05-08,208.49,210.2,208.035,209.48,287918.0
2024-05-09,210.1,213.11,209.9,212.84,292157.0
2024-05-10,213.71,216.86,213.655,215.44,302245.0
2024-05-13,215.36,215.36,209.89,209.9,308677.0
2024-05-14,208.79,210.201,208.4421,210.08,338562.0
2024-05-15,210.14,212.6212,209.77,211.93,246984.0
2024-05-16,212.26,215.37,212.24,214.51,248828.0
2024-05-17,215.0,216.16,213.95,215.54,223930.0
2024-05-20,216.0,217.22,214.52,215.0,344955.0
2024-05-21,214.91,216.635,213.8,216.16,259809.0
2024-05-22,215.77,216.0,214.1,215.73,262837.0
2024-05-23,216.87,219.35,215.16,215.86,448861.0
2024-05-24,217.14,217.7145,215.1,217.31,291869.0
2024-05-28,217.77,218.22,211.92,212.05,529596.0
2024-05-29,214.0,225.61,212.06,213.06,897916.0
2024-05-30,214.0,215.935,212.3684,215.11,327302.0
2024-05-31,215.28,221.93,215.28,221.77,1104909.0
2024-06-03,222.81,224.0,220.86,222.48,587597.0
2024-06-04,225.01,228.78,222.7875,228.6,706708.0
2024-06-05,228.15,229.265,225.98,227.66,433404.0
2024-06-06,227.84,229.2999,224.64,224.96,287782.0
2024-06-07,225.2,226.3899,222.47,222.52,315593.0
2024-06-10,222.03,226.04,221.1301,224.71,478206.0
2024-06-11,223.77,225.0,221.3662,223.73,327564.0
2024-06-12,224.21,225.93,221.69,225.5,347910.0
2024-06-13,225.14,227.39,223.57,226.96,308971.0
2024-06-14,227.35,227.85,224.33,225.17,275793.0
2024-06-17,224.19,229.01,223.44,227.96,233717.0
2024-06-18,228.0,228.9677,226.16,228.78,394264.0
2024-06-20,228.85,232.02,226.08,226.46,312334.0
2024-06-21,226.46,228.99,224.81,227.26,503301.0
2024-06-24,228.86,230.94,227.1,227.45,418019.0
2024-06-25,228.16,230.72,226.73,228.95,495298.0
2024-06-26,227.77,227.77,225.01,225.3,446149.0
2024-06-27,225.67,228.23,224.42,226.78,495517.0
2024-06-28,227.2,229.38,222.94,223.61,737503.0
2024-07-01,225.72,226.35,219.89,220.59,376293.0
2024-07-02,221.39,224.25,221.39,224.13,277436.0
2024-07-03,224.22,228.32,224.22,228.03,304541.0
2024-07-05,228.33,228.47,225.485,227.26,210412.0
2024-07-08,227.91,230.88,227.91,228.19,290415.0
2024-07-09,227.95,227.95,224.86,224.89,345452.0
2024-07-10,226.0,227.16,225.25,225.89,438514.0
2024-07-11,226.1,227.065,224.89,225.82,531688.0
2024-07-12,227.75,227.75,225.6,226.32,300109.0
2024-07-15,227.63,227.89,222.95,225.17,605413.0
2024-07-16,226.0,231.16,225.78,230.8,473592.0
2024-07-17,230.14,231.86,226.65,226.97,312839.0
2024-07-18,226.69,229.53,223.26,224.01,346718.0
2024-07-19,224.89,225.91,221.47,221.81,343965.0
2024-07-22,222.56,225.99,222.2,225.76,470758.0
2024-07-23,226.0,232.48,225.96,231.22,478435.0
2024-07-24,229.85,230.13,226.2491,227.1,382602.0
2024-07-25,227.89,233.99,227.79,230.76,368466.0
2024-07-26,232.62,237.4516,232.1,234.23,258067.0
2024-07-29,235.0,237.74,233.1001,237.3,295539.0
2024-07-30,239.27,239.39,235.35,238.66,396126.0
2024-07-31,240.07,242.645,237.25,241.34,315601.0
2024-08-01,241.72,242.975,237.46,240.97,302345.0
2024-08-02,237.62,238.805,230.28,231.98,305231.0
2024-08-05,223.36,229.205,218.05,226.84,364029.0
2024-08-06,230.03,232.13,227.4,227.66,236620.0
2024-08-07,229.86,233.41,226.72,227.02,482978.0
2024-08-08,228.05,234.76,228.05,233.72,365370.0
2024-08-09,233.93,236.72,233.015,236.3,275688.0
2024-08-12,236.55,237.68,232.55,234.95,189185.0
2024-08-13,236.44,237.6,233.8101,235.08,228582.0
2024-08-14,235.77,238.69,235.77,236.89,341199.0
2024-08-15,258.83,258.84,237.55,239.39,672491.0
2024-08-16,240.0,243.17,239.55,240.61,409892.0
2024-08-19,240.68,242.37,238.2269,238.91,315979.0
2024-08-20,239.03,240.2058,236.58,240.12,358126.0
2024-08-21,240.62,244.59,240.1992,244.56,277733.0
2024-08-22,245.5,246.87,244.7,246.07,334419.0
2024-08-23,246.74,248.025,244.47,246.72,384800.0
2024-08-26,248.0,249.89,245.36,245.9,603135.0
2024-08-27,239.24,250.03,230.93,247.39,885721.0
2024-08-28,248.0,252.45,248.0,250.35,363012.0
2024-08-29,250.71,258.62,250.71,255.02,447540.0
2024-08-30,255.94,259.04,252.98,256.56,705471.0
2024-09-03,256.81,257.9999,247.5,247.74,381383.0
2024-09-04,247.18,253.44,247.18,252.61,304473.0
2024-09-05,253.64,254.97,251.0,251.88,389901.0
2024-09-06,252.5,254.01,248.43,249.43,383536.0
2024-09-09,253.0,256.84,252.57,255.64,464282.0
2024-09-10,258.24,258.24,252.79,254.28,320172.0
2024-09-11,254.24,254.84,249.2193,254.36,375988.0
2024-09-12,254.45,256.96,252.86,256.16,331869.0
2024-09-13,256.4,260.84,255.86,259.35,396656.0
2024-09-16,261.08,262.62,258.6,262.22,396176.0
2024-09-17,262.01,264.2152,259.3,261.82,307005.0
2024-09-18,262.85,263.71,258.42,258.82,286654.0
2024-09-19,262.39,265.465,260.43,264.5,288399.0
2024-09-20,264.3,265.985,262.63,265.81,511772.0
2024-09-23,266.44,269.38,266.3001,267.96,306332.0
2024-09-24,267.2,267.2,262.1438,265.58,316590.0
2024-09-25,266.54,267.03,261.06,262.73,344369.0
2024-09-26,263.22,265.48,261.06,261.26,332025.0
2024-09-27,260.98,262.91,258.87,259.32,446767.0
2024-09-30,259.78,261.58,256.815,261.48,483519.0
2024-10-01,262.26,264.84,259.73,262.28,272494.0
2024-10-02,262.28,266.66,262.28,265.63,330126.0
2024-10-03,265.26,266.0,259.88,260.31,346238.0
2024-10-04,261.95,263.06,259.44,261.44,230189.0
2024-10-07,261.42,261.77,257.0417,258.09,273279.0
2024-10-08,259.85,261.8,258.6,260.0,192786.0
2024-10-09,259.05,262.23,258.875,261.42,330238.0
2024-10-10,260.11,260.2,257.0,258.44,225202.0
2024-10-11,259.68,264.9429,259.68,264.72,208988.0
2024-10-14,265.74,267.19,264.5,266.19,256599.0
2024-10-15,267.36,267.36,262.67,262.93,307345.0
2024-10-16,262.59,265.32,258.17,265.15,429290.0
2024-10-17,266.01,266.97,264.0,264.96,203919.0
2024-10-18,265.07,265.24,260.27,260.89,364734.0
2024-10-21,261.82,263.41,259.42,261.1,247972.0
2024-10-22,261.9,262.26,253.8,255.47,424852.0
2024-10-23,255.36,257.15,253.5,254.88,529699.0
2024-10-24,253.9,256.23,250.98,253.31,325619.0
2024-10-25,254.18,255.32,250.55,253.8,404371.0
2024-10-28,254.17,254.655,246.15,248.69,681666.0
2024-10-29,246.1,249.84,245.06,248.94,434663.0
2024-10-30,247.99,251.32,247.42,248.43,343342.0
2024-10-31,247.27,248.81,244.55,244.95,369482.0
2024-11-01,247.42,247.495,244.98,245.86,315406.0
2024-11-04,246.29,249.54,245.0701,248.6,329385.0
2024-11-05,249.46,253.12,249.31,253.06,357189.0
2024-11-06,264.14,264.55,257.31,261.43,517482.0
2024-11-07,260.09,260.09,252.62,253.11,411681.0
2024-11-08,255.16,263.4241,254.09,259.47,428002.0
2024-11-11,262.27,264.88,261.5,263.47,358703.0
2024-11-12,263.47,263.7839,259.4,263.52,274131.0
2024-11-13,263.15,274.1,263.15,273.92,730442.0
2024-11-14,273.92,281.15,272.25,277.04,1175856.0
2024-11-15,275.57,279.28,268.45,270.41,758678.0
2024-11-18,270.65,270.65,266.08,269.66,496584.0
2024-11-19,269.29,274.3399,267.0563,272.78,528077.0
2024-11-20,277.19,279.39,272.69,277.42,359510.0
2024-11-21,278.46,281.97,276.0,277.35,350122.0
2024-11-22,279.01,282.82,278.12,279.02,366437.0
2024-11-25,281.81,283.6,276.14,276.37,522704.0
2024-11-26,276.4,278.39,275.11,275.86,437253.0
2024-11-27,275.42,277.045,269.66,271.43,440941.0
2024-11-29,272.84,274.71,269.99,273.37,173852.0
2024-12-02,273.62,273.62,266.47,268.68,368019.0
2024-12-03,269.52,269.52,266.44,267.96,274236.0
2024-12-04,266.5,270.83,265.55,269.86,359210.0
2024-12-05,268.95,270.63,266.56,269.07,521801.0
2024-12-06,269.02,269.02,262.16,263.73,465755.0
2024-12-09,263.17,263.54,254.03,255.48,824691.0
2024-12-10,255.0,257.54,254.14,256.05,323208.0
2024-12-11,257.39,259.13,256.52,258.52,384011.0
2024-12-12,258.65,259.8693,254.855,255.44,339396.0
2024-12-13,255.64,257.88,255.26,256.89,351366.0
2024-12-16,258.0,263.95,256.4128,262.8,623489.0
2024-12-17,262.98,263.65,257.36,259.8,937353.0
2024-12-18,250.44,252.8322,232.89,237.24,2230136.0
2024-12-19,238.82,241.1353,233.5,237.69,955564.0
2024-12-20,236.74,240.29,233.78,238.94,1105948.0
2024-12-23,238.2,239.91,235.86,238.32,393615.0
2024-12-24,239.0,240.495,237.5,240.05,191358.0
2024-12-26,239.95,241.09,238.2501,240.56,312767.0
2024-12-27,238.25,241.2007,237.93,240.94,274610.0
2024-12-30,237.49,240.91,236.81,239.7,335249.0
2024-12-31,240.0,241.29,237.13,237.74,276137.0
2025-01-02,238.64,239.59,235.86,237.19,292516.0
2025-01-03,236.84,239.88,236.84,237.98,356330.0
2025-01-06,238.16,238.9,228.68,229.6,768548.0
2025-01-07,230.48,231.74,225.48,225.85,724828.0
2025-01-08,226.79,228.03,222.0,227.39,2114186.0
2025-01-10,225.83,231.92,225.0,225.57,743725.0
2025-01-13,223.34,226.74,222.175,226.3,599777.0
2025-01-14,228.31,230.69,226.28,229.47,495927.0
2025-01-15,234.06,234.06,227.91,228.43,697061.0
2025-01-16,228.9,236.4,228.9,235.58,826715.0
2025-01-17,236.51,239.1,235.29,237.06,612370.0
2025-01-21,238.98,242.36,238.58,240.09,580430.0
2025-01-22,240.05,242.82,237.54,241.52,489770.0
2025-01-23,243.85,243.85,237.29,238.55,557616.0
2025-01-24,237.04,238.12,233.29,235.54,414710.0
2025-01-27,233.77,236.11,233.24,235.43,409303.0
2025-01-28,237.44,238.92,233.95,235.13,488328.0
2025-01-29,235.16,237.08,233.17,234.15,364845.0
2025-01-30,235.61,238.97,235.6,238.11,293581.0
2025-01-31,239.38,241.52,237.685,238.94,322792.0
2025-02-03,235.0,242.02,234.5,240.25,390577.0
2025-02-04,238.17,242.9426,234.16,234.27,395284.0
2025-02-05,236.34,238.13,235.34,236.45,344744.0
2025-02-06,237.12,238.47,229.61,232.41,466583.0
2025-02-07,234.23,235.8842,233.4012,234.89,347477.0
2025-02-10,235.05,235.64,231.74,234.06,426226.0
2025-02-11,233.78,234.2,231.11,232.12,267626.0
2025-02-12,229.07,230.095,226.28,227.29,435444.0
2025-02-13,227.85,228.98,223.58,224.68,626434.0
2025-02-14,225.0,225.4283,217.56,220.85,713956.0
2025-02-18,221.7,222.1,217.78,219.6,814743.0
2025-02-19,219.86,223.99,216.6801,222.33,685613.0
2025-02-20,222.59,226.0,221.04,225.54,594966.0
2025-02-21,226.24,229.11,224.63,225.63,576995.0
2025-02-24,225.63,231.19,225.35,229.57,633493.0
2025-02-25,229.93,232.3711,226.92,227.87,523857.0
2025-02-26,227.89,231.44,227.12,227.45,555936.0
2025-02-27,245.0,261.82,244.99,259.02,1375441.0
2025-02-28,261.0,266.11,257.38,264.68,1049000.0
2025-03-03,266.73,268.9166,260.34,265.85,812932.0
2025-03-04,263.84,270.37,262.4,265.48,807159.0
2025-03-05,265.25,269.65,263.5,268.59,572990.0
2025-03-06,265.28,266.99,260.22,263.23,426148.0
2025-03-07,261.67,265.52,260.5579,262.72,533459.0
2025-03-10,259.57,264.69,254.57,256.62,672710.0
2025-03-11,255.85,256.69,252.075,253.11,610131.0
2025-03-12,255.77,255.945,248.62,252.73,661201.0
2025-03-13,251.63,252.49,248.485,250.96,350216.0
2025-03-14,252.0,256.86,251.01,256.01,418484.0
2025-03-17,255.94,261.85,255.94,260.25,367665.0
2025-03-18,259.21,262.13,258.9,260.82,330993.0
2025-03-19,262.0,266.03,261.08,264.47,418642.0
2025-03-20,262.32,265.89,260.1277,261.47,351686.0
2025-03-21,262.06,262.35,259.4,261.5,543356.0
2025-03-24,263.6,268.0,262.68,267.88,403217.0
2025-03-25,268.34,272.41,268.34,270.85,460935.0
2025-03-26,270.66,272.36,266.31,268.83,508268.0
2025-03-27,268.87,272.56,266.895,268.63,296431.0
2025-03-28,267.55,269.65,265.118,266.06,484749.0
2025-03-31,262.57,269.41,260.3401,267.19,460260.0
2025-04-01,265.93,271.25,265.05,270.21,442129.0
2025-04-02,266.65,272.97,266.65,270.1,490496.0
2025-04-03,263.0,271.5,258.26,259.19,678130.0
2025-04-04,252.57,256.75,240.89,241.72,994882.0
2025-04-07,230.0,246.975,229.07,236.44,774035.0
2025-04-08,248.57,248.57,234.64,238.87,633989.0
2025-04-09,235.62,254.925,234.4,253.56,793043.0
2025-04-10,250.2,255.395,243.12,249.41,724906.0
2025-04-11,249.26,251.78,246.129,249.97,870379.0
2025-04-14,254.33,256.1203,251.09,254.1,729424.0
2025-04-15,252.89,256.015,249.49,250.94,525340.0
2025-04-16,250.9,251.7,245.25,247.15,443776.0
2025-04-17,245.64,247.35,242.21,244.74,548188.0
2025-04-21,242.1,243.0,234.48,237.26,386366.0
2025-04-22,238.02,242.495,237.19,240.98,687858.0
2025-04-23,245.0,248.385,241.47,242.7,581176.0
2025-04-24,242.04,247.9,241.78,247.21,418444.0
2025-04-25,247.66,248.54,243.56,246.01,486542.0
