Date,open,high,low,close,volume
2015-04-27,96.71,98.14,96.22,96.93,2919318.0
2015-04-28,97.04,97.39,93.45,96.22,3303153.0
2015-04-29,96.26,96.4,94.55,95.42,2754121.0
2015-04-30,97.14,99.84,95.62,96.12,6230676.0
2015-05-01,95.94,102.28,95.8,100.99,4762545.0
2015-05-04,101.22,101.67,98.96,100.13,2447552.0
2015-05-05,99.3,100.14,97.28,97.43,2922693.0
2015-05-06,97.5,98.7,96.43,98.49,2406453.0
2015-05-07,98.87,100.85,98.56,100.74,2733653.0
2015-05-08,102.0,104.8,101.56,103.99,4490461.0
2015-05-11,104.1,104.94,103.19,103.57,2395516.0
2015-05-12,104.12,104.18,101.67,101.78,2277037.0
2015-05-13,102.23,103.18,101.5,101.64,2054777.0
2015-05-14,102.55,103.0,101.55,102.66,1890386.0
2015-05-15,103.34,103.49,101.75,102.72,2248641.0
2015-05-18,102.85,103.43,102.08,103.11,1747131.0
2015-05-19,103.5,105.69,101.97,102.79,2832372.0
2015-05-20,102.85,103.94,101.89,102.88,1745378.0
2015-05-21,102.78,106.88,101.53,106.79,4915284.0
2015-05-22,107.06,108.0,106.12,107.17,2804072.0
2015-05-26,107.88,107.97,105.78,106.99,2982094.0
2015-05-27,107.12,111.14,106.8,110.71,4101808.0
2015-05-28,111.44,112.77,109.6,110.79,5005342.0
2015-05-29,110.8,112.81,110.13,112.28,3578279.0
2015-06-01,113.23,114.0,111.34,111.98,2720290.0
2015-06-02,111.39,111.72,109.22,110.63,3023807.0
2015-06-03,111.74,111.97,108.16,108.23,2938928.0
2015-06-04,107.75,108.65,105.91,106.74,2905051.0
2015-06-05,106.41,107.65,105.87,106.97,2258470.0
2015-06-08,107.02,107.12,103.4,103.83,2781383.0
2015-06-09,103.15,104.19,101.15,103.81,2970226.0
2015-06-10,106.31,106.31,104.6,105.31,2374050.0
2015-06-11,104.95,105.59,103.69,104.66,1557866.0
2015-06-12,103.53,104.47,103.41,103.81,1630862.0
2015-06-15,102.67,103.17,101.43,102.79,2648591.0
2015-06-16,103.24,103.46,101.63,103.15,2043460.0
2015-06-17,103.21,103.88,102.01,102.17,1863547.0
2015-06-18,102.23,106.57,102.23,105.16,2933377.0
2015-06-19,105.21,105.49,103.0,104.57,3488553.0
2015-06-22,105.79,106.44,103.74,104.6,2062624.0
2015-06-23,105.36,105.7,102.69,103.38,2527263.0
2015-06-24,103.43,104.2,102.71,102.93,1963434.0
2015-06-25,103.37,103.83,102.21,102.62,1366428.0
2015-06-26,101.94,102.88,100.16,100.51,2758550.0
2015-06-29,98.28,99.95,96.24,97.5,3168645.0
2015-06-30,98.39,99.17,95.79,98.2,3602106.0
2015-07-01,100.47,101.16,97.22,97.59,2019153.0
2015-07-02,97.5,98.64,97.25,98.09,1653851.0
2015-07-06,96.71,99.18,95.87,96.7,2145493.0
2015-07-07,96.72,97.3,91.02,96.45,5162091.0
2015-07-08,94.76,95.35,91.43,92.26,6313288.0
2015-07-09,94.0,94.99,89.77,90.51,5471607.0
2015-07-10,91.75,93.9,91.75,92.73,4819994.0
2015-07-13,93.9,94.46,91.02,91.78,4307723.0
2015-07-14,92.5,95.42,91.92,94.74,3741139.0
2015-07-15,94.75,94.99,92.75,92.88,3584284.0
2015-07-16,93.48,93.88,90.63,91.79,4978978.0
2015-07-17,92.18,92.61,89.67,91.28,3533525.0
2015-07-20,91.83,91.83,89.65,90.01,2886590.0
2015-07-21,89.91,92.49,89.87,92.4,3550394.0
2015-07-22,87.21,90.59,85.72,90.28,8205955.0
2015-07-23,92.39,94.47,92.01,93.0,4919909.0
2015-07-24,94.01,94.49,90.08,90.27,3580080.0
2015-07-27,88.95,89.46,86.93,88.22,3186070.0
2015-07-28,89.46,92.03,87.37,91.05,3360384.0
2015-07-29,91.25,93.45,90.16,91.8,3950263.0
2015-07-30,96.0,98.65,94.2,97.87,6516424.0
2015-07-31,97.34,100.26,96.73,96.99,4968574.0
2015-08-03,96.47,98.15,95.78,97.97,2810719.0
2015-08-04,95.98,97.57,93.67,95.28,5367236.0
2015-08-05,95.28,97.79,95.01,97.02,2897825.0
2015-08-06,97.47,97.5,93.24,95.74,3487174.0
2015-08-07,95.28,96.52,94.01,96.34,2167000.0
2015-08-10,96.82,99.47,96.41,99.27,2595125.0
2015-08-11,97.53,98.0,95.39,96.28,3585362.0
2015-08-12,92.92,94.89,90.05,93.82,8025082.0
2015-08-13,93.42,94.42,91.93,93.65,3662024.0
2015-08-14,93.65,93.81,91.38,91.62,3149465.0
2015-08-17,90.84,91.67,89.97,91.61,4022640.0
2015-08-18,91.64,92.19,87.95,88.34,4643000.0
2015-08-19,89.01,89.59,86.43,87.01,5258170.0
2015-08-20,86.16,86.16,81.75,82.02,7030052.0
2015-08-21,78.47,82.97,78.47,80.34,6273627.0
2015-08-24,73.59,83.84,72.05,79.37,9159654.0
2015-08-25,83.39,84.74,80.64,80.84,5707099.0
2015-08-26,84.48,85.38,80.79,85.02,4041074.0
2015-08-27,87.66,88.25,84.97,86.64,5408234.0
2015-08-28,86.0,87.3,85.83,86.76,1920284.0
2015-08-31,85.75,86.59,84.05,84.65,2943872.0
2015-09-01,82.07,84.84,81.32,81.99,3774486.0
2015-09-02,82.81,84.92,81.68,84.86,3533672.0
2015-09-03,85.12,86.85,84.87,85.71,2685942.0
2015-09-04,83.86,86.32,83.71,84.43,2345953.0
2015-09-08,87.13,91.15,87.0,90.51,4474879.0
2015-09-09,91.98,94.9,88.64,88.89,4907240.0
2015-09-10,88.1,89.22,86.1,86.88,4039117.0
2015-09-11,86.2,88.74,85.13,88.41,3141436.0
2015-09-14,89.94,90.51,88.22,90.26,2834431.0
2015-09-15,90.85,92.67,90.3,90.47,2793720.0
2015-09-16,90.5,91.0,89.13,90.94,2204152.0
2015-09-17,90.81,92.99,90.23,90.95,2804353.0
2015-09-18,89.54,91.25,88.5,90.08,3274556.0
2015-09-21,90.15,91.6,89.3,90.35,2207707.0
2015-09-22,88.58,88.88,86.05,86.39,3768273.0
2015-09-23,86.41,87.0,85.13,85.57,2618814.0
2015-09-24,84.27,86.49,80.79,85.68,5411254.0
2015-09-25,86.5,88.56,85.59,86.73,2704424.0
2015-09-28,86.75,86.75,82.36,82.43,2642948.0
2015-09-29,83.09,84.09,80.88,82.31,2710115.0
2015-09-30,83.75,87.4,83.7,87.05,3199277.0
2015-10-01,86.09,86.19,82.35,85.38,3725635.0
2015-10-02,83.96,85.94,83.08,85.88,3018159.0
2015-10-05,86.11,87.75,85.15,85.3,3142256.0
2015-10-06,84.98,86.29,81.93,84.72,4057243.0
2015-10-07,85.5,86.3,82.72,84.94,3503576.0
2015-10-08,84.66,86.71,82.98,86.49,3062475.0
2015-10-09,86.01,88.08,85.78,87.32,2795050.0
2015-10-12,88.51,89.92,87.8,89.01,3051990.0
2015-10-13,88.03,88.39,86.8,87.02,2323590.0
2015-10-14,87.73,92.31,86.62,91.52,5052769.0
2015-10-15,92.41,95.16,92.4,94.09,4890951.0
2015-10-16,93.93,94.18,92.44,93.22,2180856.0
2015-10-19,93.52,94.19,92.21,93.42,2056966.0
2015-10-20,93.39,93.39,91.61,91.99,1988693.0
2015-10-21,92.69,93.66,91.05,91.32,2379378.0
2015-10-22,93.01,98.09,93.01,97.93,8365991.0
2015-10-23,96.59,97.69,93.69,96.07,6422060.0
2015-10-26,94.6,95.26,91.11,91.41,3658168.0
2015-10-27,91.15,92.49,89.18,90.3,3293700.0
2015-10-28,91.7,92.08,89.72,90.92,4970022.0
2015-10-29,74.73,80.96,72.53,73.0,36632813.0
2015-10-30,73.26,78.78,73.1,78.35,15305307.0
2015-11-02,77.64,80.46,75.9,76.63,7109466.0
2015-11-03,76.06,79.96,76.06,78.49,5354073.0
2015-11-04,78.67,80.05,78.15,79.98,4543838.0
2015-11-05,80.1,80.75,78.31,79.5,3322157.0
2015-11-06,79.51,81.27,79.26,80.89,3586876.0
2015-11-09,80.79,81.57,79.66,81.12,2475410.0
2015-11-10,79.5,80.99,78.65,80.57,4462313.0
2015-11-11,80.32,82.64,80.31,81.34,2614008.0
2015-11-12,80.75,81.4,79.04,79.44,3249169.0
2015-11-13,79.12,79.92,77.71,77.82,3009225.0
2015-11-16,77.7,79.22,77.37,78.73,2900848.0
2015-11-17,78.91,79.45,78.02,78.42,2473719.0
2015-11-18,78.15,82.29,78.08,81.91,3985649.0
2015-11-19,81.54,81.98,80.23,80.92,2053518.0
2015-11-20,81.54,81.54,79.1,79.77,2329216.0
2015-11-23,80.21,80.75,78.28,78.56,3498616.0
2015-11-24,80.01,84.51,80.0,83.34,6982714.0
2015-11-25,83.43,85.51,82.79,84.48,3344405.0
2015-11-27,84.9,88.76,84.77,88.36,4197399.0
2015-11-30,88.5,93.46,88.42,93.46,25785893.0
2015-12-01,92.72,94.14,91.97,94.09,7995902.0
2015-12-02,93.27,94.21,91.45,91.92,5271768.0
2015-12-03,92.99,93.88,89.49,89.92,5650905.0
2015-12-04,89.85,91.2,88.5,90.45,5766433.0
2015-12-07,90.99,90.99,86.09,86.25,7643154.0
2015-12-08,85.1,88.36,84.9,87.55,5240865.0
2015-12-09,86.84,87.34,85.45,86.24,5145443.0
2015-12-10,86.67,89.89,85.38,88.46,4852381.0
2015-12-11,86.68,87.85,83.2,83.28,3387201.0
2015-12-14,83.17,83.73,81.85,83.44,4774591.0
2015-12-15,83.06,84.99,83.0,83.93,3776457.0
2015-12-16,84.52,86.2,83.96,85.91,2485748.0
2015-12-17,86.91,87.72,84.52,84.61,2699676.0
2015-12-18,83.99,85.56,83.01,84.1,3221199.0
2015-12-21,85.25,85.98,84.48,85.28,1645737.0
2015-12-22,85.14,85.96,83.91,85.27,2214589.0
2015-12-23,85.3,85.58,84.1,84.53,2608012.0
2015-12-24,84.89,87.16,84.53,86.42,1079765.0
2015-12-28,85.84,86.0,84.39,85.88,1312128.0
2015-12-29,85.86,86.56,84.38,86.32,1982925.0
2015-12-30,85.79,86.66,85.57,85.76,1392279.0
2015-12-31,85.43,85.87,84.15,84.2,2135061.0
2016-01-04,82.0,84.74,81.55,84.45,2514343.0
2016-01-05,85.29,85.76,82.23,82.39,3222456.0
2016-01-06,80.55,81.65,78.91,80.35,5262857.0
2016-01-07,77.93,78.98,75.9,76.0,6884419.0
2016-01-08,75.95,77.83,74.51,75.19,6956447.0
2016-01-11,75.69,77.89,75.44,77.22,4090325.0
2016-01-12,77.99,78.77,76.07,77.78,5333121.0
2016-01-13,77.9,78.97,74.03,74.25,3686596.0
2016-01-14,74.01,74.89,70.22,74.54,6228860.0
2016-01-15,70.27,71.08,66.93,68.65,9587765.0
2016-01-19,69.89,71.19,68.02,68.43,4584847.0
2016-01-20,67.5,71.67,67.11,70.81,6660460.0
2016-01-21,71.43,73.58,70.67,72.08,4485967.0
2016-01-22,73.6,75.55,73.36,74.72,3519542.0
2016-01-25,74.11,74.5,72.16,72.38,2992884.0
2016-01-26,72.75,73.52,71.17,71.66,3332104.0
2016-01-27,70.87,72.2,70.0,70.65,2872648.0
2016-01-28,71.15,71.85,69.39,70.28,2554980.0
2016-01-29,71.54,74.79,70.75,74.78,3536107.0
2016-02-01,73.94,76.94,73.72,76.34,3018386.0
2016-02-02,75.17,75.52,72.32,72.88,3694682.0
2016-02-03,73.53,73.76,69.24,70.78,5659440.0
2016-02-04,74.21,77.0,71.79,76.31,10314205.0
2016-02-05,75.46,76.49,70.37,70.7,4634045.0
2016-02-08,69.07,69.39,62.42,64.0,10306401.0
2016-02-09,61.66,66.85,61.61,65.54,5350069.0
2016-02-10,66.15,68.17,65.71,66.15,5706915.0
2016-02-11,64.62,66.71,64.45,65.07,4432527.0
2016-02-12,66.15,67.81,64.75,67.3,3074014.0
2016-02-16,68.9,69.98,67.91,69.44,3920054.0
2016-02-17,69.93,71.77,69.06,70.35,4388153.0
2016-02-18,70.44,70.63,67.43,67.6,5764620.0
2016-02-19,67.33,67.33,66.03,66.47,4105483.0
2016-02-22,67.15,69.99,67.0,69.91,3626452.0
2016-02-23,70.0,70.05,68.17,68.24,2433670.0
2016-02-24,67.48,70.14,66.67,70.01,2873144.0
2016-02-25,70.54,70.94,68.13,70.9,2731302.0
2016-02-26,71.49,72.51,70.88,72.23,2827771.0
2016-02-29,72.56,73.4,71.03,71.24,2805503.0
2016-03-01,72.0,74.62,71.1,74.23,3610384.0
2016-03-02,74.25,75.92,74.23,75.55,2992797.0
2016-03-03,75.65,75.73,73.6,74.52,2672741.0
2016-03-04,75.66,78.43,75.39,76.63,4278448.0
2016-03-07,76.57,78.32,75.44,76.98,3723843.0
2016-03-08,76.21,76.79,74.52,75.48,2905177.0
2016-03-09,75.56,76.97,74.4,76.73,2803939.0
2016-03-10,77.42,78.44,75.39,77.22,2697353.0
2016-03-11,78.01,78.39,77.22,78.1,3944203.0
2016-03-14,78.0,79.23,77.45,78.81,2372938.0
2016-03-15,78.5,79.22,77.25,79.07,4002209.0
2016-03-16,78.45,80.1,78.19,79.89,4340240.0
2016-03-17,79.16,81.4,79.16,81.22,3756510.0
2016-03-18,81.45,83.47,81.24,83.38,4420708.0
2016-03-21,82.69,83.6,81.91,82.75,2138889.0
2016-03-22,81.7,83.12,81.39,83.06,1957360.0
2016-03-23,83.25,83.34,81.14,81.22,2043137.0
2016-03-24,80.5,81.32,79.56,81.25,2721587.0
2016-03-28,81.51,81.76,79.93,80.87,1400969.0
2016-03-29,80.44,81.97,79.44,81.69,2776730.0
2016-03-30,80.99,82.1,80.94,81.75,4772460.0
2016-03-31,81.64,81.93,80.5,81.07,4029625.0
2016-04-01,80.21,82.19,80.05,82.05,2544392.0
2016-04-04,81.2,82.48,80.87,81.57,2001520.0
2016-04-05,80.59,81.79,80.4,81.12,1878270.0
2016-04-06,80.52,83.17,80.52,83.02,1848307.0
2016-04-07,82.5,82.7,80.99,81.26,2119106.0
2016-04-08,83.51,84.58,82.27,82.74,3480054.0
2016-04-11,83.54,84.25,82.94,82.98,2608571.0
2016-04-12,83.5,83.5,81.63,82.69,2561641.0
2016-04-13,83.45,85.45,83.1,85.05,4156387.0
2016-04-14,84.32,85.62,83.74,85.49,2920251.0
2016-04-15,84.43,84.94,84.0,84.38,5342764.0
2016-04-18,84.02,84.67,83.62,84.13,3021102.0
2016-04-19,84.07,84.34,81.95,82.89,3009424.0
2016-04-20,83.6,85.61,83.08,85.01,3011974.0
2016-04-21,84.83,84.97,83.76,84.14,1609658.0
2016-04-22,83.75,85.4,82.8,84.39,3385742.0
2016-04-25,83.79,84.68,81.89,83.34,4554011.0
2016-04-26,87.13,89.79,85.83,86.69,18166964.0
2016-04-27,86.0,88.98,85.94,88.94,6552265.0
2016-04-28,88.25,91.18,85.27,85.87,5481606.0
2016-04-29,86.25,86.42,83.64,85.28,8047545.0
2016-05-02,85.12,86.61,84.37,86.34,3664295.0
2016-05-03,85.67,86.03,84.51,85.47,3522559.0
2016-05-04,84.63,85.54,83.72,83.82,3343540.0
2016-05-05,85.89,86.24,84.83,85.24,4979898.0
2016-05-06,84.94,86.33,84.25,85.36,2762869.0
2016-05-09,85.53,86.5,84.57,85.04,2245937.0
2016-05-10,85.35,86.39,84.76,86.07,1997264.0
2016-05-11,85.54,86.87,85.52,85.59,1574639.0
2016-05-12,85.53,86.0,81.95,83.25,4271891.0
2016-05-13,83.59,84.73,82.99,83.07,2761900.0
2016-05-16,84.79,85.94,84.0,84.97,2734593.0
2016-05-17,85.65,85.92,84.28,84.75,2223743.0
2016-05-18,84.96,87.52,84.56,87.03,3737978.0
2016-05-19,87.02,87.85,85.54,86.43,2042538.0
2016-05-20,87.5,88.81,87.0,88.39,4149494.0
2016-05-23,89.51,90.37,88.82,88.96,2578081.0
2016-05-24,90.35,91.91,89.25,91.58,5212814.0
2016-05-25,92.18,92.8,91.0,91.95,2925492.0
2016-05-26,91.49,92.48,90.94,91.33,2527126.0
2016-05-27,91.37,92.78,91.16,92.12,2961264.0
2016-05-31,92.81,94.49,92.27,94.49,29171563.0
2016-06-01,94.1,94.35,93.46,94.34,4371061.0
2016-06-02,93.95,94.1,93.06,93.5,3909253.0
2016-06-03,94.0,94.0,91.69,92.07,4373133.0
2016-06-06,90.66,90.8,90.13,90.26,6656696.0
2016-06-07,90.85,90.85,90.29,90.49,4624039.0
2016-06-08,90.5,90.65,90.07,90.5,3582919.0
2016-06-09,90.0,90.49,89.36,90.29,2590870.0
2016-06-10,89.25,89.69,87.96,88.43,3477072.0
2016-06-13,87.4,88.88,87.24,87.4,3111178.0
2016-06-14,88.04,88.15,85.84,87.37,4105642.0
2016-06-15,87.71,87.9,85.82,85.99,4511321.0
2016-06-16,85.03,86.2,83.83,86.13,3678450.0
2016-06-17,86.23,86.23,84.15,85.02,3914170.0
2016-06-20,86.98,87.27,85.17,85.35,3167207.0
2016-06-21,85.88,86.12,85.3,85.87,2473118.0
2016-06-22,85.51,86.91,85.44,85.92,2601681.0
2016-06-23,86.79,87.39,86.57,87.36,3100812.0
2016-06-24,81.53,84.19,78.8,80.07,10068130.0
2016-06-27,77.5,78.0,76.25,76.28,791866.0
2016-06-28,77.79,78.0,75.7,76.47,4754622.0
2016-06-29,78.14,79.43,77.72,78.32,5335795.0
2016-06-30,78.3,78.53,76.31,78.34,7009876.0
2016-07-01,77.83,78.42,77.56,77.97,2920899.0
2016-07-05,77.46,77.59,75.9,76.44,3394873.0
2016-07-06,75.94,76.52,75.04,76.05,3073583.0
2016-07-07,76.24,77.74,75.93,76.47,3734669.0
2016-07-08,77.06,79.22,76.82,79.15,3608904.0
2016-07-11,80.25,80.77,79.71,79.84,3820985.0
2016-07-12,80.8,81.87,80.28,80.61,3606172.0
2016-07-13,81.2,81.45,80.41,80.68,3019670.0
2016-07-14,78.9,80.06,78.23,79.58,9803073.0
2016-07-15,79.97,80.25,79.5,79.68,2464697.0
2016-07-18,80.56,81.83,80.4,81.73,4206023.0
2016-07-19,81.93,82.41,81.28,81.54,2724508.0
2016-07-20,82.16,84.86,81.81,84.17,6424294.0
2016-07-21,84.21,84.65,83.13,83.29,6803469.0
2016-07-22,82.85,84.62,82.21,84.4,4127895.0
2016-07-25,84.18,84.96,83.64,83.95,3732892.0
2016-07-26,85.16,87.94,85.16,87.9,9902669.0
2016-07-27,88.82,89.1,87.03,87.44,6735309.0
2016-07-28,84.68,87.8,83.06,84.35,8975736.0
2016-07-29,84.43,85.83,83.25,84.09,4310932.0
2016-08-01,84.43,84.5,83.65,84.23,3790559.0
2016-08-02,84.51,84.61,81.67,81.85,5219328.0
2016-08-03,81.76,83.22,81.72,83.15,2267271.0
2016-08-04,83.46,84.4,82.79,84.25,2553883.0
2016-08-05,84.48,86.31,84.38,85.74,2337853.0
2016-08-08,86.0,87.09,85.31,85.92,2420119.0
2016-08-09,86.25,86.97,86.1,86.37,1749982.0
2016-08-10,86.56,86.59,85.26,85.72,1849951.0
2016-08-11,86.38,86.74,85.69,86.18,1812775.0
2016-08-12,85.49,86.4,85.45,86.03,1398753.0
2016-08-15,86.65,88.8,86.31,88.52,3134981.0
2016-08-16,88.5,88.53,87.33,87.41,2660449.0
2016-08-17,87.51,88.3,87.07,88.26,1880454.0
2016-08-18,88.46,88.74,87.4,87.6,1955021.0
2016-08-19,87.58,89.04,87.56,88.38,2533677.0
2016-08-22,88.13,88.61,87.79,88.13,1797243.0
2016-08-23,88.88,89.17,87.73,88.86,2017646.0
2016-08-24,88.63,89.86,86.87,87.35,2978451.0
2016-08-25,87.42,88.49,87.4,87.61,2454132.0
2016-08-26,87.58,89.29,87.35,88.49,2399672.0
2016-08-29,88.69,89.55,88.68,88.94,1588298.0
2016-08-30,89.2,89.61,88.05,88.5,1894544.0
2016-08-31,88.13,88.4,87.51,88.02,2155462.0
2016-09-01,88.38,88.99,87.39,87.95,3157177.0
2016-09-02,88.25,88.25,87.46,88.15,2126094.0
2016-09-06,87.89,87.98,86.52,87.83,3001192.0
2016-09-07,87.63,87.78,86.59,86.61,2929640.0
2016-09-08,86.51,86.84,85.36,85.89,3391936.0
2016-09-09,84.8,84.93,81.22,81.4,5735677.0
2016-09-12,80.99,83.2,80.13,82.91,4312174.0
2016-09-13,83.15,83.31,81.56,82.5,3462562.0
2016-09-14,81.91,83.55,81.91,83.55,2851885.0
2016-09-15,83.48,85.85,83.27,85.54,2854706.0
2016-09-16,85.87,86.23,83.45,83.75,3917717.0
2016-09-19,84.35,84.54,82.35,82.99,3383374.0
2016-09-20,83.77,83.9,82.48,82.79,2345346.0
2016-09-21,83.17,83.67,82.64,83.38,1895074.0
2016-09-22,84.3,84.53,83.71,84.39,1845305.0
2016-09-23,84.03,85.0,83.53,83.9,2730478.0
2016-09-26,83.05,83.74,82.4,82.53,2711157.0
2016-09-27,82.23,83.2,81.74,82.43,3474321.0
2016-09-28,82.54,83.4,81.81,82.24,2562996.0
2016-09-29,82.11,98.09,81.5,96.12,24426934.0
2016-09-30,99.7,104.64,99.7,102.01,23722523.0
2016-10-03,102.98,105.0,101.98,102.76,6893449.0
2016-10-04,102.76,104.95,102.5,103.23,5730260.0
2016-10-05,103.19,104.31,102.36,102.5,4680716.0
2016-10-06,102.5,105.29,100.82,103.49,10824322.0
2016-10-07,103.82,103.92,102.09,102.99,4719138.0
2016-10-10,102.36,103.71,102.05,102.83,3123458.0
2016-10-11,102.77,102.77,100.69,101.93,4392660.0
2016-10-12,101.52,103.2,100.75,102.74,2850218.0
2016-10-13,101.87,102.0,100.3,101.84,3347326.0
2016-10-14,102.36,103.09,101.13,101.4,2077996.0
2016-10-17,100.87,101.93,100.6,100.88,1857730.0
2016-10-18,101.65,102.23,101.25,101.65,1279956.0
2016-10-19,101.2,101.65,100.88,101.03,1938821.0
2016-10-20,100.48,107.54,99.39,104.49,7811638.0
2016-10-21,105.39,105.56,100.8,101.71,14432296.0
2016-10-24,101.62,102.0,100.51,101.84,3357799.0
2016-10-25,101.65,101.65,100.5,100.64,3969909.0
2016-10-26,100.41,101.15,97.87,98.66,6451196.0
2016-10-27,100.36,100.7,98.74,99.08,36611490.0
2016-10-28,99.75,100.26,99.2,99.78,13880943.0
2016-10-31,99.81,100.3,99.72,100.0,7925712.0
2016-11-01,100.0,100.05,99.33,99.55,6966278.0
2016-11-02,99.51,99.67,99.0,99.03,5171894.0
2016-11-03,99.25,99.6,98.69,98.74,4918341.0
2016-11-04,98.72,99.24,98.32,98.7,3282162.0
2016-11-07,99.11,99.34,98.65,98.72,5905986.0
2016-11-08,98.8,99.43,98.55,99.01,4715083.0
2016-11-09,98.5,98.76,97.01,97.28,7985394.0
2016-11-10,97.41,97.56,95.88,96.59,8361871.0
2016-11-11,96.5,98.05,96.5,97.73,3810246.0
2016-11-14,98.0,98.0,96.61,96.74,4583198.0
2016-11-15,96.63,98.04,96.33,97.8,3477343.0
2016-11-16,97.82,98.69,97.68,97.83,2307498.0
2016-11-17,98.0,98.57,97.65,98.06,2280574.0
2016-11-18,98.51,99.05,98.35,98.88,2341873.0
2016-11-21,99.28,99.43,98.31,98.59,2814052.0
2016-11-22,98.95,99.25,98.34,98.84,1986607.0
2016-11-23,98.6,99.52,98.5,99.33,2019982.0
2016-11-25,99.4,99.59,99.14,99.51,1465556.0
2016-11-28,99.97,100.0,98.96,99.06,4654524.0
2016-11-29,99.0,99.45,98.57,98.85,2853643.0
2016-11-30,99.21,99.35,98.83,99.15,4324101.0
2016-12-01,99.02,99.4,97.75,97.75,5485547.0
2016-12-02,98.0,98.55,97.75,97.97,3091379.0
2016-12-05,98.24,98.34,97.65,97.8,2825515.0
2016-12-06,97.56,98.2,97.52,97.81,2247047.0
2016-12-07,98.0,98.45,97.57,98.39,2364145.0
2016-12-08,98.65,98.99,98.12,98.15,2019902.0
2016-12-09,98.45,98.57,98.0,98.33,1962212.0
2016-12-12,98.14,98.5,98.06,98.14,1953914.0
2016-12-13,98.35,98.62,98.08,98.2,3244221.0
2016-12-14,98.2,98.39,97.8,97.83,3679751.0
2016-12-15,97.75,98.29,97.69,97.78,4155385.0
2016-12-16,97.82,97.9,97.01,97.19,4929696.0
2016-12-19,97.29,97.52,97.04,97.13,2347105.0
2016-12-20,97.31,97.77,96.85,97.1,2764285.0
2016-12-21,97.0,97.75,96.95,97.7,1788720.0
2016-12-22,97.6,97.91,97.39,97.88,1803053.0
2016-12-23,97.9,98.5,97.8,98.2,1053124.0
2016-12-27,98.4,99.21,98.39,99.0,1507046.0
2016-12-28,99.11,99.18,98.36,98.39,2358806.0
2016-12-29,98.4,98.64,98.01,98.1,1823459.0
2016-12-30,98.16,98.44,97.68,98.01,2235382.0
2017-01-03,98.25,98.25,97.55,97.66,2392823.0
2017-01-04,97.67,98.36,97.65,98.3,3949710.0
2017-01-05,98.48,98.79,98.18,98.4,2181745.0
2017-01-06,98.7,98.72,97.99,98.21,2849128.0
2017-01-09,98.25,98.47,97.97,98.11,2188267.0
2017-01-10,98.54,98.79,98.26,98.63,2767909.0
2017-01-11,98.49,98.61,98.28,98.48,1727308.0
2017-01-12,98.49,98.58,98.26,98.3,1572829.0
2017-01-13,98.21,98.62,97.97,98.38,2072609.0
2017-01-17,98.5,98.62,97.61,97.62,5501692.0
2017-01-18,98.09,98.34,97.86,98.01,1936287.0
2017-01-19,98.14,98.26,97.81,98.06,2464406.0
2017-01-20,98.2,98.3,97.68,97.8,2744184.0
2017-01-23,97.5,97.7,96.0,96.0,9077687.0
2017-01-24,96.23,97.32,96.06,96.7,4201161.0
2017-01-25,96.83,97.81,96.83,97.5,3860035.0
2017-01-26,97.43,97.62,97.11,97.26,3110228.0
2017-01-27,97.4,97.99,97.3,97.88,2484229.0
2017-01-30,98.05,98.2,97.25,98.02,2971671.0
2017-01-31,97.75,98.17,97.45,97.85,2699370.0
2017-02-01,98.39,98.58,97.75,97.75,4618258.0
2017-02-02,98.1,99.34,98.1,99.01,3450354.0
2017-02-03,99.0,99.5,98.9,99.46,1838621.0
2017-02-06,99.85,101.25,99.76,100.05,12646675.0
2017-02-07,100.65,101.28,100.44,101.27,2636859.0
2017-02-08,101.47,102.15,101.04,102.08,3419232.0
2017-02-09,102.0,102.17,101.55,101.6,1995489.0
2017-02-10,101.76,102.31,101.75,101.99,2131163.0
2017-02-13,102.1,102.49,101.85,102.26,1460325.0
2017-02-14,102.0,102.49,101.91,102.28,2148811.0
2017-02-15,102.25,102.74,102.25,102.58,1645345.0
2017-02-16,102.65,102.74,102.41,102.49,1069978.0
2017-02-17,102.31,102.78,102.18,102.4,1334862.0
2017-02-21,102.21,102.75,102.21,102.6,1530021.0
2017-02-22,102.6,102.89,102.4,102.65,1576878.0
2017-02-23,102.65,102.89,102.46,102.59,1367035.0
2017-02-24,102.2,102.86,102.19,102.83,2153558.0
2017-02-27,102.58,102.89,102.57,102.81,881055.0
2017-02-28,102.65,103.18,102.3,102.81,1650151.0
2017-03-01,103.2,103.44,102.96,103.2,1797786.0
2017-03-02,103.12,103.79,103.05,103.61,4282400.0
2017-03-03,103.72,103.94,103.44,103.86,1484471.0
2017-03-06,103.55,104.1,103.3,103.89,1535268.0
2017-03-07,103.86,104.11,103.56,103.77,2881801.0
2017-03-08,103.68,104.03,103.65,103.87,5757302.0
2017-03-09,103.76,104.02,103.75,103.92,3101443.0
2017-03-10,104.1,104.23,103.9,104.22,3012897.0
2017-03-13,104.1,104.45,103.8,103.99,3592455.0
2017-03-14,103.9,103.98,103.71,103.8,1669486.0
2017-03-15,103.8,103.97,103.72,103.75,2702301.0
2017-03-16,103.88,103.97,103.28,103.4,3891390.0
2017-03-17,103.2,103.38,102.91,103.27,3096574.0
2017-03-20,103.25,103.49,103.15,103.33,1158180.0
2017-03-21,103.2,103.51,102.65,102.94,3273473.0
2017-03-22,102.83,102.99,102.6,102.73,2040715.0
2017-03-23,102.74,102.97,102.62,102.7,1720612.0
2017-03-24,102.81,103.16,102.6,102.99,2153518.0
2017-03-27,102.92,103.36,102.7,103.22,1182206.0
2017-03-28,103.07,103.53,102.97,103.18,1246296.0
2017-03-29,103.16,103.67,103.15,103.62,1622946.0
2017-03-30,103.33,104.29,103.14,103.75,1697023.0
2017-03-31,103.94,104.0,103.38,103.5,3326854.0
2017-04-03,103.68,104.42,103.5,104.27,2955064.0
2017-04-04,104.75,105.26,104.34,105.05,7816144.0
2017-04-05,105.48,105.48,104.61,104.8,3961319.0
2017-04-06,104.95,105.0,104.34,104.4,3719165.0
2017-04-07,104.5,104.8,104.45,104.55,4128575.0
2017-04-10,104.5,104.68,104.17,104.17,2051221.0
2017-04-11,104.05,104.44,103.87,103.97,2272051.0
2017-04-12,103.92,103.99,103.66,103.69,3112263.0
2017-04-13,103.7,103.9,103.19,103.23,2697648.0
2017-04-17,103.5,103.69,103.17,103.17,1998885.0
2017-04-18,103.2,103.58,103.16,103.31,1495281.0
2017-04-19,103.5,104.42,103.39,104.23,3463244.0
2017-04-20,104.45,104.5,103.9,104.43,2904176.0
2017-04-21,104.45,104.45,104.11,104.36,1813228.0
2017-04-24,104.5,104.91,104.41,104.77,1644757.0
2017-04-25,104.86,105.28,104.8,105.21,2253253.0
2017-04-26,105.11,105.6,105.11,105.47,2824838.0
2017-04-27,105.5,105.58,105.3,105.45,1981043.0
2017-04-28,105.4,105.8,105.3,105.75,2050052.0
2017-05-01,105.9,106.15,105.6,105.96,1946758.0
2017-05-02,106.0,106.19,105.67,105.76,2297848.0
2017-05-03,106.0,106.1,105.6,105.79,1199183.0
2017-05-04,105.76,106.97,105.73,106.78,4468089.0
2017-05-05,106.57,106.96,106.38,106.58,2512702.0
2017-05-08,106.53,106.97,106.45,106.9,2710936.0
2017-05-09,106.66,107.02,106.65,106.77,2151949.0
2017-05-10,106.72,106.89,106.58,106.68,3242966.0
2017-05-11,106.55,106.94,106.4,106.86,2924493.0
2017-05-12,106.77,106.91,106.5,106.87,4860589.0
2017-05-15,106.78,107.2,106.67,107.04,1854824.0
2017-05-16,106.97,107.75,106.93,107.7,6256893.0
2017-05-17,107.26,107.83,107.25,107.39,5324208.0
2017-05-18,107.28,107.5,107.14,107.27,3252767.0
2017-05-19,107.45,107.82,107.45,107.75,2773353.0
2017-05-22,107.87,108.24,107.75,108.17,3259310.0
2017-05-23,107.96,108.2,107.96,108.09,2996392.0
2017-05-24,108.11,108.29,107.84,108.0,3686014.0
2017-05-25,108.0,108.15,107.8,107.95,3058752.0
2017-05-26,107.89,108.24,107.89,108.0,2620593.0
2017-05-30,107.91,108.21,107.91,108.14,2092208.0
2017-05-31,109.05,109.9,108.98,109.9,12506652.0
2017-06-01,109.64,109.71,109.0,109.32,7466123.0
2017-06-02,109.2,109.35,108.86,109.15,3789013.0
2017-06-05,109.0,109.32,109.0,109.22,2537372.0
2017-06-06,109.22,109.35,108.84,108.85,2724684.0
2017-06-07,108.85,109.32,108.81,109.21,2903193.0
2017-06-08,109.07,109.4,108.92,109.23,2064827.0
2017-06-09,109.23,109.5,108.17,108.58,4308663.0
2017-06-12,108.91,108.91,108.0,108.22,2889858.0
2017-06-13,108.45,109.11,108.32,109.11,1959081.0
2017-06-14,108.96,109.41,108.65,109.27,2478030.0
2017-06-15,108.78,109.11,108.75,109.0,1315681.0
2017-06-16,109.0,109.4,108.84,109.09,2075727.0
2017-06-19,109.0,109.28,108.9,109.15,1808880.0
2017-06-20,109.05,109.86,108.97,109.0,3010661.0
2017-06-21,109.02,109.21,108.88,109.17,2796616.0
2017-06-22,109.15,109.5,108.99,109.5,3156690.0
2017-06-23,109.5,109.98,109.47,109.98,23835493.0
2017-06-26,109.75,109.92,109.45,109.73,2438030.0
2017-06-27,109.67,109.79,109.42,109.52,4010401.0
2017-06-28,109.88,109.95,109.57,109.9,2210609.0
2017-06-29,109.77,109.8,109.03,109.4,4944797.0
2017-06-30,109.33,109.51,109.14,109.45,2853904.0
2017-07-03,109.5,109.5,109.1,109.27,1170829.0
2017-07-05,109.27,109.36,109.03,109.2,2315602.0
2017-07-06,109.11,109.3,109.05,109.26,1708567.0
2017-07-07,109.27,109.38,109.0,109.11,3532524.0
2017-07-10,109.05,109.46,109.05,109.32,1429255.0
2017-07-11,109.25,109.25,109.0,109.25,973948.0
2017-07-12,109.2,109.37,109.06,109.17,2188924.0
2017-07-13,109.15,109.5,109.08,109.21,1586676.0
2017-07-14,109.2,109.48,109.17,109.4,1262137.0
2017-07-17,109.4,109.61,109.37,109.45,1270084.0
2017-07-18,109.45,109.64,109.37,109.46,915304.0
2017-07-19,109.45,109.65,109.41,109.6,1302266.0
2017-07-20,109.5,109.81,109.41,109.71,990273.0
2017-07-21,109.6,109.89,109.56,109.86,833900.0
2017-07-24,109.83,109.83,109.55,109.55,1172589.0
2017-07-25,109.56,109.93,109.55,109.71,1673038.0
2017-07-26,109.75,109.95,109.75,109.93,1962136.0
2017-07-27,109.85,110.43,109.84,110.34,2846855.0
2017-07-28,110.12,110.4,110.05,110.22,1370056.0
2017-07-31,110.25,110.39,110.08,110.33,2535134.0
2017-08-01,110.3,111.19,110.22,111.1,2024802.0
2017-08-02,111.08,111.22,110.86,110.88,2250197.0
2017-08-03,110.52,111.06,110.43,110.66,1285680.0
2017-08-04,112.0,112.75,111.75,112.42,3165178.0
2017-08-07,112.65,113.2,112.42,112.96,1674536.0
2017-08-08,113.02,113.39,112.82,112.98,1064864.0
2017-08-09,112.6,113.1,112.57,113.09,1113577.0
2017-08-10,112.85,112.85,112.08,112.12,2215223.0
2017-08-11,112.06,112.28,111.57,112.2,2038093.0
2017-08-14,112.5,112.8,112.33,112.52,1024608.0
2017-08-15,112.65,112.83,112.51,112.83,838225.0
2017-08-16,112.81,112.85,112.55,112.79,498470.0
2017-08-17,112.79,112.85,112.33,112.47,1318242.0
2017-08-18,112.7,112.7,112.39,112.45,705023.0
2017-08-21,112.59,112.68,112.18,112.35,888542.0
2017-08-22,112.45,112.74,112.34,112.35,514816.0
2017-08-23,112.51,112.51,112.3,112.3,892547.0
2017-08-24,112.38,112.48,111.94,112.01,1174441.0
2017-08-25,112.1,112.35,111.9,112.23,1086110.0
2017-08-28,112.16,112.74,112.0,112.57,1287694.0
2017-08-29,112.25,112.6,112.22,112.31,1193917.0
2017-08-30,112.31,112.58,112.29,112.4,981061.0
2017-08-31,112.43,113.06,112.37,112.96,2329303.0
2017-09-01,112.8,113.19,112.8,112.9,1229832.0
2017-09-05,112.56,112.85,112.29,112.42,1527053.0
2017-09-06,112.57,112.57,111.75,112.16,2330529.0
2017-09-07,112.23,112.75,112.14,112.66,933768.0
2017-09-08,112.4,112.48,112.16,112.3,640529.0
2017-09-11,112.5,112.7,112.26,112.55,630930.0
2017-09-12,112.66,112.81,112.64,112.78,1041063.0
2017-09-13,112.71,112.81,112.6,112.63,1102974.0
2017-09-14,112.46,112.75,112.32,112.4,1773984.0
2017-09-15,112.5,112.84,112.43,112.84,1775788.0
2017-09-18,112.86,113.23,112.8,112.99,1648062.0
2017-09-19,112.91,113.05,112.83,112.92,935464.0
2017-09-20,112.85,112.95,112.5,112.55,1244072.0
2017-09-21,112.49,112.85,112.34,112.72,1369549.0
2017-09-22,112.55,112.77,112.49,112.64,733878.0
2017-09-25,112.55,112.63,112.36,112.42,2387530.0
2017-09-26,112.4,112.6,112.31,112.37,1232452.0
2017-09-27,112.4,112.89,112.4,112.73,1190002.0
2017-09-28,112.7,113.07,112.61,112.87,1592194.0
2017-09-29,112.96,113.4,112.83,113.09,1806253.0
2017-10-02,113.15,113.39,112.85,113.12,2505592.0
2017-10-03,113.22,113.43,113.01,113.36,1228678.0
2017-10-04,113.3,113.8,113.1,113.71,1681891.0
2017-10-05,113.75,113.83,113.56,113.68,913561.0
2017-10-06,114.0,114.42,113.9,113.95,2859228.0
2017-10-09,114.1,114.67,113.99,114.52,1834619.0
2017-10-10,114.65,115.17,114.46,115.0,2833288.0
2017-10-11,114.94,115.61,114.83,115.46,2268671.0
2017-10-12,115.15,115.35,114.8,115.18,1273664.0
2017-10-13,115.68,115.68,115.04,115.17,1311283.0
2017-10-16,115.51,115.52,114.76,114.94,1369506.0
2017-10-17,114.97,115.2,114.92,115.15,1402530.0
2017-10-18,115.03,115.51,115.03,115.36,2151549.0
2017-10-19,115.15,115.49,115.01,115.49,1196506.0
2017-10-20,115.7,115.94,115.4,115.88,3369031.0
2017-10-23,115.71,116.44,115.71,116.4,1818667.0
2017-10-24,116.5,117.0,116.4,116.79,1674015.0
2017-10-25,116.59,116.79,116.24,116.49,1903043.0
2017-10-26,117.66,118.0,116.61,116.62,4339209.0
2017-10-27,116.87,117.3,116.82,116.93,3129297.0
2017-10-30,116.43,116.97,116.28,116.73,2878185.0
2017-10-31,116.7,117.07,116.5,117.05,2188138.0
2017-11-01,117.05,117.73,116.89,117.3,2902891.0
2017-11-02,117.03,117.73,116.57,117.46,3186211.0
2017-11-03,117.45,118.2,111.38,115.02,25791196.0
2017-11-06,115.02,116.88,115.02,116.72,8836894.0
2017-11-07,116.32,116.98,116.0,116.66,3361573.0
2017-11-08,116.7,117.56,116.25,116.34,5526264.0
2017-11-09,116.12,116.6,114.99,115.31,3342909.0
2017-11-10,115.26,116.25,115.04,116.05,2392787.0
2017-11-13,116.12,116.2,115.53,115.65,2473204.0
2017-11-14,115.6,115.95,115.02,115.5,3542500.0
2017-11-15,115.42,115.43,114.72,115.0,2949748.0
2017-11-16,115.2,115.88,115.05,115.19,3501510.0
2017-11-17,115.38,115.7,115.2,115.5,2030576.0
2017-11-20,115.51,115.91,115.14,115.18,1414785.0
2017-11-21,115.22,115.61,115.15,115.32,1881085.0
2017-11-22,115.32,115.86,115.07,115.15,1434527.0
2017-11-24,114.81,115.2,114.54,114.65,1942509.0
2017-11-27,114.5,115.08,114.44,114.53,2369347.0
2017-11-28,114.65,114.85,113.78,113.79,3851488.0
2017-11-29,113.85,114.17,112.5,113.0,6117113.0
2017-11-30,113.3,114.18,112.95,113.39,3727805.0
2017-12-01,114.01,115.0,113.93,114.78,4934907.0
2017-12-04,115.0,115.05,113.75,113.87,2772561.0
2017-12-05,113.7,114.29,113.53,113.75,3482856.0
2017-12-06,114.14,115.0,113.4,114.33,2388263.0
2017-12-07,114.5,115.28,114.25,115.13,2100722.0
2017-12-08,115.15,115.85,115.13,115.29,2112288.0
2017-12-11,116.4,116.6,115.63,115.84,2542626.0
2017-12-12,116.11,116.32,115.5,115.64,1345847.0
2017-12-13,115.65,116.1,115.61,116.06,1560704.0
2017-12-14,115.96,116.1,115.63,115.88,4909959.0
2017-12-15,115.85,116.35,115.47,116.35,1989853.0
2017-12-18,116.22,116.92,116.07,116.79,1332441.0
2017-12-19,116.63,117.0,116.3,116.45,1348017.0
2017-12-20,116.56,116.89,116.4,116.74,1450447.0
2017-12-21,116.73,116.91,116.6,116.7,1012332.0
2017-12-22,116.72,117.38,116.61,116.7,1442464.0
2017-12-26,116.61,116.84,116.49,116.57,736564.0
2017-12-27,116.7,116.87,116.47,116.69,9765545.0
2017-12-28,116.63,117.12,116.55,116.98,812434.0
2017-12-29,116.93,117.4,116.91,117.09,1578114.0
2018-01-02,117.0,117.98,116.8,117.95,1784326.0
2018-01-03,118.0,118.53,117.68,118.08,2873244.0
2018-01-04,118.09,118.33,117.66,117.87,2153538.0
2018-01-05,118.09,118.31,117.91,118.05,1631750.0
2018-01-08,118.65,118.65,117.95,118.28,1258049.0
2018-01-09,118.3,118.83,118.26,118.45,1408576.0
2018-01-10,118.37,119.27,118.07,119.15,1868472.0
2018-01-11,119.15,119.48,118.75,119.25,2576823.0
2018-01-12,119.29,119.7,118.99,119.58,2027268.0
2018-01-16,119.52,119.9,119.4,119.4,2517420.0
2018-01-17,119.34,119.47,118.8,119.34,4178113.0
2018-01-18,119.4,120.2,119.4,120.0,3981607.0
2018-01-19,120.11,120.67,120.0,120.45,4838016.0
2018-01-22,120.7,121.25,120.55,121.08,2026468.0
2018-01-23,121.37,121.46,120.85,120.85,2000448.0
2018-01-24,120.75,121.12,120.25,120.46,1470549.0
2018-01-25,121.24,121.24,120.2,120.2,1526690.0
2018-01-26,120.5,120.99,120.21,120.34,2357049.0
2018-01-29,120.07,120.65,119.51,120.55,1377289.0
2018-01-30,120.01,120.41,119.9,120.21,2079902.0
2018-01-31,120.55,120.7,119.89,120.32,2942128.0
2018-02-01,120.85,121.5,120.63,121.3,3660635.0
2018-02-02,121.12,121.29,120.5,120.62,2626774.0
2018-02-05,119.54,120.32,117.86,118.19,5072536.0
2018-02-06,117.1,118.77,117.0,118.15,4432273.0
2018-02-07,118.15,118.3,116.24,116.41,3993831.0
2018-02-08,118.25,118.75,115.76,115.94,5688021.0
2018-02-09,116.29,116.55,114.77,115.78,4053366.0
2018-02-12,116.3,116.9,115.98,116.54,1876544.0
2018-02-13,116.21,117.08,115.99,116.2,1903505.0
2018-02-14,115.88,116.25,114.55,114.88,4370322.0
2018-02-15,115.39,117.05,115.21,116.92,2289328.0
2018-02-16,116.5,119.03,116.5,118.5,5097227.0
2018-02-20,125.8,125.93,125.5,125.56,30986842.0
2018-02-21,125.78,125.92,125.59,125.6,11299491.0
2018-02-22,125.75,125.82,125.65,125.71,7547841.0
2018-02-23,125.68,125.73,125.33,125.44,5231211.0
2018-02-26,125.35,125.45,124.18,124.46,8208264.0
2018-02-27,124.42,124.89,124.4,124.65,3645530.0
2018-02-28,124.7,124.78,124.64,124.66,2745359.0
2018-03-01,124.37,124.7,123.5,123.77,4976988.0
2018-03-02,123.76,124.3,123.5,124.09,2903278.0
2018-03-05,125.45,125.53,124.69,124.78,5036942.0
2018-03-06,124.96,125.09,124.01,124.4,4066737.0
2018-03-07,124.03,124.13,123.6,123.78,3054918.0
2018-03-08,124.0,124.17,123.65,123.7,1715210.0
2018-03-09,123.96,124.0,123.31,123.68,2533701.0
2018-03-12,123.45,123.94,123.28,123.62,1984136.0
2018-03-13,123.98,124.0,122.05,122.63,6211355.0
2018-03-14,122.75,123.21,120.99,122.3,6210728.0
2018-03-15,122.29,123.09,121.86,121.88,2211198.0
2018-03-16,121.9,122.58,121.15,122.25,3386179.0
2018-03-19,122.1,123.5,121.76,122.63,1529718.0
2018-03-20,122.72,123.24,122.71,123.1,1353479.0
2018-03-21,121.9,122.44,121.69,121.96,3147323.0
2018-03-22,121.56,121.68,120.5,120.92,3138307.0
2018-03-23,121.8,121.8,119.5,120.19,2174726.0
2018-03-26,121.38,121.95,121.0,121.61,3413129.0
2018-03-27,122.16,122.48,121.32,121.52,3367904.0
2018-03-28,121.53,121.76,116.02,116.26,11204976.0
2018-03-29,117.25,117.66,115.44,117.0,4969351.0
2018-04-02,117.0,117.07,114.57,115.22,4566125.0
2018-04-03,115.53,116.49,115.23,116.41,3379907.0
2018-04-04,115.2,115.94,113.77,115.43,4889336.0
2018-04-05,115.29,116.15,114.22,114.78,4686676.0
2018-04-06,114.24,114.8,113.38,113.73,3927468.0
2018-04-09,114.32,114.75,113.65,114.34,3190830.0
2018-04-10,115.52,117.36,115.4,116.61,6659313.0
2018-04-11,116.71,116.94,115.1,115.88,4931754.0
2018-04-12,115.88,115.88,112.25,114.17,10004086.0
2018-04-13,114.09,115.65,112.67,113.44,6605551.0
2018-04-16,113.47,113.64,112.65,112.83,2488715.0
2018-04-17,112.99,113.94,112.83,113.16,2497656.0
2018-04-18,113.01,113.59,112.59,112.99,1512101.0
2018-04-19,110.08,110.15,106.75,107.17,12747580.0
2018-04-20,107.89,108.08,103.19,105.15,16428033.0
2018-04-23,105.6,106.31,102.82,103.17,9049384.0
2018-04-24,103.16,103.4,100.23,101.71,12601891.0
2018-04-25,102.3,102.7,100.36,101.19,8249435.0
2018-04-26,102.0,104.76,101.97,102.49,9264050.0
2018-04-27,103.9,105.82,102.97,105.4,10043304.0
2018-04-30,105.76,106.37,104.75,104.9,4016285.0
2018-05-01,104.91,105.12,103.36,103.99,5134087.0
2018-05-02,104.47,104.55,102.04,102.72,5151790.0
2018-05-03,94.22,95.0,90.83,92.36,31708974.0
2018-05-04,93.35,100.29,93.21,100.28,15638998.0
2018-05-07,100.0,100.24,98.1,98.46,3710525.0
2018-05-08,98.31,98.99,96.8,98.79,3644519.0
2018-05-09,99.0,99.13,98.24,98.64,2425442.0
2018-05-10,98.75,99.29,98.61,99.29,2832219.0
2018-05-11,99.08,99.33,98.3,99.01,2280521.0
2018-05-14,109.75,114.66,108.05,110.74,23167958.0
2018-05-15,112.08,112.88,109.58,110.05,9077171.0
2018-05-16,108.5,109.8,106.81,108.84,9651206.0
2018-05-17,109.75,110.37,103.07,106.71,8530907.0
2018-05-18,106.4,113.0,106.3,111.02,12282741.0
2018-05-21,114.2,114.97,113.07,114.65,9542117.0
2018-05-22,117.69,117.71,114.76,115.46,13172850.0
2018-05-23,114.0,114.19,111.89,112.55,5107716.0
2018-05-24,113.0,113.24,109.77,111.51,4273400.0
2018-05-25,111.48,117.03,111.36,116.79,9197454.0
2018-05-29,119.0,119.11,115.18,116.28,10126029.0
2018-05-30,114.73,116.02,113.36,115.58,9240109.0
2018-05-31,115.02,115.4,112.51,114.0,8042720.0
2018-06-01,113.31,114.75,113.12,114.0,6789328.0
2018-06-04,110.35,111.29,109.32,110.7,5488590.0
2018-06-05,110.77,118.0,110.24,116.36,5543964.0
2018-06-06,115.87,116.0,113.37,114.52,4700282.0
2018-06-07,121.75,122.24,119.9,120.07,23139093.0
2018-06-08,119.45,120.43,118.5,120.17,6819799.0
2018-06-11,119.0,119.15,117.51,118.29,4626575.0
2018-06-12,117.05,117.25,114.83,115.25,6723415.0
2018-06-13,113.38,114.18,111.28,111.45,10868539.0
2018-06-14,111.47,113.3,110.23,113.01,9244947.0
2018-06-15,115.75,117.61,112.51,113.16,11933664.0
2018-06-18,112.3,112.35,110.24,111.45,6443502.0
2018-06-19,108.47,109.96,108.1,108.99,6860632.0
2018-06-20,108.8,114.99,108.8,112.92,7062423.0
2018-06-21,113.18,113.99,112.25,112.84,3304648.0
2018-06-22,113.35,115.11,112.14,115.07,7211101.0
2018-06-25,113.2,113.26,108.87,110.14,5144413.0
2018-06-26,110.69,111.27,108.3,109.78,4405080.0
2018-06-27,111.0,112.0,108.6,109.36,4133820.0
2018-06-28,109.76,110.5,109.0,110.25,3259279.0
2018-06-29,110.5,110.99,109.19,109.27,4574497.0
2018-07-02,108.6,108.96,106.7,108.8,3916322.0
2018-07-03,108.95,108.95,106.25,106.87,2212506.0
2018-07-05,107.0,107.65,105.58,106.68,3712626.0
2018-07-06,106.87,107.86,106.25,107.47,2870453.0
2018-07-09,107.99,108.0,106.0,107.37,2822850.0
2018-07-10,107.5,111.49,106.81,110.36,4193616.0
2018-07-11,105.5,109.1,105.21,107.6,5709199.0
2018-07-12,108.81,108.81,105.5,108.39,4158171.0
2018-07-13,108.2,109.8,106.6,107.52,4272063.0
2018-07-16,107.0,107.0,103.65,104.05,5967254.0
2018-07-17,103.5,104.9,100.99,103.67,9014551.0
2018-07-18,103.71,108.02,103.53,106.49,4799063.0
2018-07-19,103.15,104.01,102.11,103.54,7100450.0
2018-07-20,103.0,106.0,102.0,103.35,9295534.0
2018-07-23,102.08,105.98,99.8,105.09,12777360.0
2018-07-24,105.19,105.95,100.21,100.66,9091035.0
2018-07-25,97.96,100.91,94.91,98.37,19852175.0
2018-07-26,91.84,94.08,90.25,92.81,49298074.0
2018-07-27,94.0,96.57,93.67,94.97,21620409.0
2018-07-30,95.16,95.75,94.23,94.83,14652943.0
2018-07-31,95.5,95.99,94.78,95.34,11682125.0
2018-08-01,96.0,96.08,95.15,95.4,8527416.0
2018-08-02,95.0,95.73,94.62,95.6,7547944.0
2018-08-03,95.68,96.09,94.83,95.92,7016237.0
2018-08-06,95.97,96.53,95.4,96.29,6821371.0
2018-08-07,96.57,96.57,95.82,95.97,4264899.0
2018-08-08,96.09,96.15,95.36,95.8,4126940.0
2018-08-09,95.36,95.76,94.97,95.68,4801198.0
2018-08-10,93.96,94.7,93.7,94.56,9384153.0
2018-08-13,94.69,94.69,92.38,93.16,8900421.0
2018-08-14,93.09,93.24,90.3,91.19,10669867.0
2018-08-15,89.71,89.95,86.67,89.76,15241249.0
2018-08-16,90.06,90.25,89.26,89.64,4169240.0
2018-08-17,89.37,90.17,88.6,89.77,5833435.0
2018-08-20,89.93,90.73,88.4,90.13,6460467.0
2018-08-21,90.54,92.54,90.07,91.96,7318121.0
2018-08-22,91.35,91.9,90.55,91.22,5669767.0
2018-08-23,91.77,91.77,90.1,90.68,5518941.0
2018-08-24,90.82,92.27,90.69,91.98,7316326.0
2018-08-27,92.32,92.58,91.7,92.31,5963952.0
2018-08-28,92.64,93.46,92.42,93.19,7418505.0
2018-08-29,93.2,94.11,92.69,93.82,5507801.0
2018-08-30,93.2,93.48,91.78,92.19,5222678.0
2018-08-31,92.08,93.33,92.0,93.14,4057585.0
2018-09-04,93.3,94.9,93.15,94.66,7915382.0
2018-09-05,94.6,94.71,92.92,93.88,7533604.0
2018-09-06,93.88,94.39,93.29,93.99,9140951.0
2018-09-07,94.5,95.06,93.16,94.02,10214053.0
2018-09-10,94.1,95.14,93.56,93.68,8539949.0
2018-09-11,93.0,93.0,88.26,89.57,15011140.0
2018-09-12,88.41,88.84,84.59,88.8,15937101.0
2018-09-13,90.0,92.25,89.59,91.91,9852463.0
2018-09-14,92.25,93.42,91.45,92.76,7293831.0
2018-09-17,93.62,93.75,90.0,90.15,4110439.0
2018-09-18,90.15,91.94,89.9,91.68,4465257.0
2018-09-19,91.27,92.28,91.27,92.18,3977171.0
2018-09-20,92.92,94.0,92.55,93.89,5995920.0
2018-09-21,94.0,94.18,92.62,93.73,9068350.0
2018-09-24,92.79,93.16,90.8,91.09,4525798.0
2018-09-25,90.12,90.39,86.31,86.51,12705227.0
2018-09-26,86.37,86.86,84.35,85.29,9662370.0
2018-09-27,85.9,86.69,85.0,85.52,5012180.0
2018-09-28,85.14,85.96,84.52,85.5,4910310.0
2018-10-01,86.43,86.99,84.93,85.03,6007518.0
2018-10-02,84.73,86.2,84.45,85.08,4058678.0
2018-10-03,85.62,86.37,84.47,86.12,4423119.0
2018-10-04,85.6,85.67,82.18,82.95,7525678.0
2018-10-05,83.0,83.49,80.71,83.21,6544197.0
2018-10-08,82.56,82.96,81.54,82.15,3324824.0
2018-10-09,81.81,82.5,80.7,80.98,3237564.0
2018-10-10,80.0,80.0,77.7,78.16,7068318.0
2018-10-11,78.72,80.17,76.64,77.29,7109555.0
2018-10-12,80.01,80.5,77.35,78.56,5817332.0
2018-10-15,78.44,78.9,77.84,77.89,2977601.0
2018-10-16,78.87,81.26,78.5,81.19,5462842.0
2018-10-17,81.86,81.98,79.64,79.87,4110553.0
2018-10-18,79.6,79.98,77.46,77.7,4919016.0
2018-10-19,78.67,79.39,76.26,77.7,5204805.0
2018-10-22,78.52,79.0,76.37,76.48,4222956.0
2018-10-23,75.0,78.68,74.02,77.72,6462651.0
2018-10-24,75.23,75.56,71.03,71.23,9901291.0
2018-10-25,72.1,74.2,71.41,73.75,7014995.0
2018-10-26,72.78,73.04,70.25,70.95,6515336.0
2018-10-29,73.15,74.3,69.72,70.72,6699771.0
2018-10-30,70.3,75.7,70.16,75.49,6276115.0
2018-10-31,76.32,76.61,74.06,74.99,6109107.0
2018-11-01,80.92,85.92,79.97,84.09,19551300.0
2018-11-02,84.5,85.2,82.69,84.08,12556164.0
2018-11-05,83.73,83.86,81.43,82.86,4253484.0
2018-11-06,82.8,84.59,82.66,84.54,3643706.0
2018-11-07,85.14,85.62,83.75,85.45,3734947.0
2018-11-08,84.62,86.32,84.4,84.62,4054526.0
2018-11-09,83.81,84.07,81.83,83.69,3508048.0
2018-11-12,82.16,82.5,79.21,79.28,4321859.0
2018-11-13,80.0,83.13,79.5,81.75,3269614.0
2018-11-14,82.78,83.9,81.28,82.08,2373237.0
2018-11-15,81.68,85.41,81.34,84.62,5076749.0
2018-11-16,83.13,85.15,82.73,84.97,3970848.0
2018-11-19,84.58,85.37,81.27,81.36,3510095.0
2018-11-20,80.66,82.8,79.53,81.41,8756524.0
2018-11-21,82.84,84.15,82.04,83.14,3638926.0
2018-11-23,82.47,83.82,82.14,82.61,729673.0
2018-11-26,84.19,84.34,81.77,81.94,3353673.0
2018-11-27,81.53,82.42,80.89,80.89,3151651.0
2018-11-28,81.52,83.07,80.35,83.02,3618275.0
2018-11-29,82.42,84.06,82.42,82.91,2429812.0
2018-11-30,82.91,83.42,80.6,83.37,4447581.0
2018-12-03,86.96,87.4,85.27,85.67,6123466.0
2018-12-04,85.11,86.32,81.75,81.82,6129445.0
2018-12-06,79.83,82.08,79.33,82.05,3821170.0
2018-12-07,81.12,82.0,76.4,76.5,4157253.0
2018-12-10,76.41,77.6,74.16,76.0,5060925.0
2018-12-11,78.39,80.66,77.87,78.88,4347115.0
2018-12-12,80.06,81.36,79.41,79.74,6120762.0
2018-12-13,80.43,80.43,78.07,78.83,5182882.0
2018-12-14,77.45,79.45,77.28,77.57,3194475.0
2018-12-17,77.1,78.11,74.63,75.27,3467240.0
2018-12-18,76.21,78.54,75.99,77.01,5195407.0
2018-12-19,76.5,77.31,71.27,71.31,6093171.0
2018-12-20,71.44,73.31,71.04,71.95,5987707.0
2018-12-21,72.27,73.02,70.08,70.34,5976567.0
2018-12-24,70.34,70.5,67.68,67.71,2267873.0
2018-12-26,68.5,72.3,67.62,71.77,5229367.0
2018-12-27,70.71,73.01,69.93,73.01,3472598.0
2018-12-28,72.78,73.72,71.71,72.13,4133559.0
2018-12-31,72.59,73.28,71.77,73.28,3739129.0
2019-01-02,71.91,75.29,71.56,75.03,4721287.0
2019-01-03,73.31,74.2,71.73,71.97,5356869.0
2019-01-04,73.36,75.79,73.0,75.45,4866724.0
2019-01-07,75.61,77.01,74.89,76.01,3515747.0
2019-01-08,76.46,77.04,75.56,76.44,4009040.0
2019-01-09,77.45,79.99,77.18,79.94,6325780.0
2019-01-10,79.1,80.14,78.25,80.03,3116093.0
2019-01-11,79.26,80.95,78.96,79.48,3447939.0
2019-01-14,78.3,79.41,77.81,78.61,3336323.0
2019-01-15,78.84,79.3,77.47,78.07,5438979.0
2019-01-16,78.5,79.96,78.3,78.34,5619717.0
2019-01-17,78.9,79.45,77.59,79.14,5297031.0
2019-01-18,80.05,81.94,79.76,80.79,8818895.0
2019-01-22,80.18,80.25,78.53,79.09,5039886.0
2019-01-23,80.01,80.5,78.29,78.9,3480757.0
2019-01-24,81.51,85.19,81.18,84.25,8390743.0
2019-01-25,85.6,86.62,85.06,85.24,5673691.0
2019-01-28,83.63,85.75,82.61,85.66,3655821.0
2019-01-29,85.42,86.12,84.81,85.74,3496251.0
2019-01-30,86.65,88.0,85.64,87.72,5051587.0
2019-01-31,87.25,87.83,86.53,87.03,3046855.0
2019-02-01,87.14,89.7,87.1,88.4,4916335.0
2019-02-04,88.04,88.7,87.22,88.7,3253511.0
2019-02-05,88.57,90.69,88.5,90.24,5821448.0
2019-02-06,92.49,94.64,91.82,92.45,9862949.0
2019-02-07,87.43,91.63,87.15,90.73,8803920.0
2019-02-08,88.64,89.64,86.78,87.51,5589462.0
2019-02-11,87.55,89.46,87.45,89.25,4085288.0
2019-02-12,90.25,93.66,89.83,93.23,6275869.0
2019-02-13,93.5,93.58,91.6,91.88,4025306.0
2019-02-14,91.5,92.84,91.5,91.75,3347376.0
2019-02-15,92.58,93.3,92.02,93.04,3500722.0
2019-02-19,93.0,93.07,91.96,92.5,2695117.0
2019-02-20,92.99,94.31,92.6,94.25,4072436.0
2019-02-21,93.82,94.41,92.93,94.35,4865795.0
2019-02-22,95.0,95.32,93.97,94.51,3496590.0
2019-02-25,95.93,98.2,95.32,97.14,5013403.0
2019-02-26,96.43,96.78,93.83,94.1,4286785.0
2019-02-27,93.67,93.67,91.27,91.83,4966211.0
2019-02-28,91.4,91.89,90.92,91.32,2358117.0
2019-03-01,92.18,94.74,91.97,94.25,4001126.0
2019-03-04,94.75,95.11,92.59,93.48,2250964.0
2019-03-05,93.39,93.77,91.93,93.3,2272942.0
2019-03-06,92.99,93.49,91.86,91.88,2962705.0
2019-03-07,93.0,94.32,91.88,94.08,6070120.0
2019-03-08,92.28,93.43,91.44,93.18,3961560.0
2019-03-11,93.6,94.99,93.4,94.28,3117343.0
2019-03-12,94.79,94.79,93.54,93.99,2006764.0
2019-03-13,94.45,94.79,93.32,93.4,1525672.0
2019-03-14,93.13,94.02,92.6,92.85,2099892.0
2019-03-15,93.41,95.85,92.86,93.38,4101267.0
2019-03-18,93.45,93.74,91.35,92.27,1867141.0
2019-03-19,92.81,93.65,92.61,92.82,1938415.0
2019-03-20,92.65,93.08,90.56,91.03,1699057.0
2019-03-21,91.46,94.9,91.04,94.29,2413939.0
2019-03-22,93.77,93.77,90.56,90.66,1988107.0
2019-03-25,90.03,90.37,88.23,88.93,2364011.0
2019-03-26,89.44,89.85,88.56,89.29,1820953.0
2019-03-27,89.08,89.7,85.72,87.35,3900946.0
2019-03-28,87.4,87.8,85.38,85.92,3056092.0
2019-03-29,87.07,89.0,87.01,88.39,3212814.0
2019-04-01,90.0,94.57,90.0,94.39,4016437.0
2019-04-02,94.34,94.5,92.6,92.79,2712982.0
2019-04-03,94.69,96.79,94.25,96.18,4330989.0
2019-04-04,95.69,97.9,95.69,96.57,2867168.0
2019-04-05,97.73,98.28,96.58,98.15,2818862.0
2019-04-08,97.75,98.78,96.9,98.61,2297344.0
2019-04-09,98.5,98.69,97.37,97.59,2684991.0
2019-04-10,97.45,98.72,96.3,98.13,2297182.0
2019-04-11,98.2,99.21,97.3,97.65,2076667.0
2019-04-12,99.18,100.42,98.51,100.34,3327317.0
2019-04-15,100.4,100.69,98.98,99.23,2563899.0
2019-04-16,100.59,101.27,100.15,100.66,2682480.0
2019-04-17,102.1,103.05,100.42,101.17,3210071.0
2019-04-18,102.18,102.19,99.72,100.59,2832025.0
2019-04-22,100.23,100.23,98.43,98.47,2083315.0
2019-04-23,98.51,99.54,98.28,99.03,4126500.0
2019-04-24,98.85,101.33,98.5,100.13,3802934.0
2019-04-25,99.42,99.72,96.4,97.68,2899296.0
2019-04-26,96.6,99.1,95.7,99.0,2755898.0
2019-04-29,98.45,99.4,97.29,97.9,4439986.0
2019-04-30,105.22,107.7,102.86,105.62,10559368.0
2019-05-01,106.6,108.33,104.92,104.99,4463488.0
2019-05-02,104.93,107.47,104.34,106.6,3989109.0
2019-05-03,107.08,108.51,106.88,108.08,3445596.0
2019-05-06,104.72,106.16,103.72,106.02,2967838.0
2019-05-07,104.49,104.74,100.68,102.46,4390773.0
2019-05-08,101.19,103.65,99.62,101.5,4099538.0
2019-05-09,100.12,100.78,96.89,100.33,4142809.0
2019-05-10,99.88,100.98,97.56,100.17,2746204.0
2019-05-13,96.43,97.36,92.81,93.12,5061338.0
2019-05-14,94.88,98.35,94.6,98.17,4875926.0
2019-05-15,97.49,101.11,97.01,100.17,4147994.0
2019-05-16,98.38,99.63,97.18,97.65,3410755.0
2019-05-17,96.48,98.79,94.97,95.13,3348259.0
2019-05-20,92.8,93.0,91.06,92.6,4759024.0
2019-05-21,94.32,96.91,93.61,96.68,5394431.0
2019-05-22,95.48,96.64,93.57,93.64,3760424.0
2019-05-23,91.68,92.49,89.8,91.91,5022905.0
2019-05-24,92.7,93.46,91.75,91.81,3230856.0
2019-05-28,92.57,92.57,89.08,89.61,11811943.0
2019-05-29,88.49,89.8,87.26,89.12,4207329.0
2019-05-30,89.21,91.1,89.13,90.88,2737588.0
2019-05-31,89.26,89.86,88.09,88.16,4020450.0
2019-06-03,91.17,91.17,89.0,89.63,3423969.0
2019-06-04,91.76,94.81,91.29,94.63,4331234.0
2019-06-05,95.13,95.46,91.67,93.45,2224626.0
2019-06-06,93.26,93.95,91.78,92.29,3751823.0
2019-06-07,92.81,92.93,91.9,92.64,1877778.0
2019-06-10,93.92,97.36,93.61,95.39,3008601.0
2019-06-11,97.9,98.29,95.12,95.46,2311589.0
2019-06-12,97.5,97.5,93.68,93.76,3891915.0
2019-06-13,94.32,94.59,93.1,94.44,2048132.0
2019-06-14,91.89,92.99,90.88,90.89,3758684.0
2019-06-17,91.0,91.6,89.53,89.7,2695644.0
2019-06-18,91.26,94.98,90.66,94.78,3697295.0
2019-06-19,95.15,97.2,94.76,96.22,2695218.0
2019-06-20,98.5,98.97,96.94,98.01,3523472.0
2019-06-21,98.13,98.76,96.42,98.06,3567297.0
2019-06-24,98.58,99.59,97.56,97.65,3141676.0
2019-06-25,97.8,98.5,94.89,95.11,2882269.0
2019-06-26,97.13,98.5,96.08,97.14,2976272.0
2019-06-27,98.29,100.59,97.96,99.23,4482924.0
2019-06-28,101.37,101.37,97.47,97.61,23376319.0
2019-07-01,101.91,103.33,99.51,99.92,6155650.0
2019-07-02,99.41,99.89,97.68,98.08,2834843.0
2019-07-03,97.17,97.98,96.83,97.68,1597489.0
2019-07-05,96.39,97.27,95.9,96.53,2688129.0
2019-07-08,95.69,96.79,95.19,95.55,2904959.0
2019-07-09,95.05,96.26,94.76,95.92,3327582.0
2019-07-10,96.84,97.94,95.99,96.13,2803514.0
2019-07-11,96.3,96.5,93.95,94.12,2893633.0
2019-07-12,94.66,97.05,94.11,96.99,2621238.0
2019-07-15,97.23,99.36,97.12,99.16,3266349.0
2019-07-16,97.75,97.76,96.09,97.01,2925064.0
2019-07-17,97.0,97.55,96.11,96.4,1982187.0
2019-07-18,96.49,97.52,96.05,97.12,2974608.0
2019-07-19,97.54,98.63,96.48,97.96,3547577.0
2019-07-22,98.71,99.64,98.46,98.74,2173932.0
2019-07-23,99.89,100.94,99.16,100.94,3086398.0
2019-07-24,102.75,106.25,102.71,105.5,6759474.0
2019-07-25,104.53,104.9,101.52,101.77,4053520.0
2019-07-26,102.5,102.98,101.25,102.36,2941119.0
2019-07-29,103.66,104.8,102.18,104.23,4042779.0
2019-07-30,103.5,106.26,101.12,105.79,5185787.0
2019-07-31,104.13,104.5,101.65,103.39,5025703.0
2019-08-01,103.34,106.32,99.44,100.0,6704989.0
2019-08-02,99.56,100.82,97.89,100.46,3231300.0
2019-08-05,97.7,98.33,96.0,96.9,4565344.0
2019-08-06,98.12,100.38,97.86,100.27,3871430.0
2019-08-07,98.75,102.84,98.41,102.37,3998454.0
2019-08-08,102.61,102.61,100.5,101.48,2916482.0
2019-08-09,100.44,100.68,99.06,99.88,2389190.0
2019-08-12,99.41,100.07,97.94,98.25,2106093.0
2019-08-13,98.1,102.86,97.33,102.17,3534247.0
2019-08-14,99.26,101.3,99.17,99.99,3573740.0
2019-08-15,100.27,100.99,99.0,99.77,2392902.0
2019-08-16,100.99,103.86,100.23,103.56,3260049.0
2019-08-19,105.4,106.55,103.33,103.46,2987733.0
2019-08-20,103.85,103.85,102.54,102.87,1800575.0
2019-08-21,103.06,104.67,102.61,103.36,1398177.0
2019-08-22,103.56,104.19,102.32,103.29,1265375.0
2019-08-23,101.66,102.13,97.16,97.99,5242702.0
2019-08-26,99.64,99.94,98.17,98.71,2519100.0
2019-08-27,99.96,101.08,98.32,98.72,2475763.0
2019-08-28,98.34,100.5,97.73,100.28,1689644.0
2019-08-29,101.98,102.97,101.25,101.56,1726209.0
2019-08-30,102.23,103.21,101.55,102.14,1639538.0
2019-09-03,100.59,101.32,99.0,99.17,1902656.0
2019-09-04,100.28,102.1,100.18,101.85,1936772.0
2019-09-05,102.66,106.79,102.65,106.0,3276939.0
2019-09-06,105.64,105.99,104.54,105.81,1422475.0
2019-09-09,106.5,108.49,104.8,107.39,2929331.0
2019-09-10,106.56,108.96,105.91,107.86,3374171.0
2019-09-11,107.63,110.53,107.6,110.0,3418522.0
2019-09-12,110.4,112.06,109.77,110.03,3031026.0
2019-09-13,109.62,111.42,108.83,110.73,1751096.0
2019-09-16,109.24,109.93,107.38,107.57,1980555.0
2019-09-17,106.73,107.98,106.31,107.76,1490709.0
2019-09-18,107.25,108.93,106.4,107.82,1261409.0
2019-09-19,108.14,109.08,107.92,108.36,1434811.0
2019-09-20,108.46,108.94,104.49,104.8,3345042.0
2019-09-23,104.8,107.01,104.31,106.05,1746196.0
2019-09-24,106.31,107.2,103.66,103.9,2005718.0
2019-09-25,104.14,108.38,102.83,108.22,3073760.0
2019-09-26,108.37,109.82,107.84,108.41,3253948.0
2019-09-27,108.17,108.73,105.42,106.53,2808975.0
2019-09-30,107.59,109.38,106.61,109.12,2595092.0
2019-10-01,111.64,113.5,108.27,108.97,4624601.0
2019-10-02,108.4,109.23,106.39,106.7,2967989.0
2019-10-03,107.08,107.41,104.64,107.32,3062957.0
2019-10-04,107.56,109.98,107.16,109.88,1717659.0
2019-10-07,109.38,110.34,107.81,107.99,1689230.0
2019-10-08,106.67,107.42,103.63,103.75,3636300.0
2019-10-09,106.21,106.62,104.75,105.96,2103096.0
2019-10-10,106.37,108.29,105.85,107.25,2453966.0
2019-10-11,108.81,112.24,108.81,110.76,4078324.0
2019-10-14,109.86,111.55,109.44,111.24,2175614.0
2019-10-15,111.17,112.47,110.6,111.97,1897483.0
2019-10-16,111.37,112.42,108.52,108.61,3013768.0
2019-10-17,110.01,110.51,108.56,109.81,2131399.0
2019-10-18,109.7,110.42,108.48,109.01,1927178.0
2019-10-21,109.77,110.34,108.67,109.98,1810019.0
2019-10-22,110.19,110.45,107.67,107.78,2186221.0
2019-10-23,105.06,105.49,101.89,103.21,5872244.0
2019-10-24,104.25,106.29,103.69,106.07,3159088.0
2019-10-25,105.68,106.31,103.97,105.86,3594836.0
2019-10-28,106.25,110.25,106.25,108.65,5513631.0
2019-10-29,114.5,118.5,113.95,114.41,9320231.0
2019-10-30,114.55,116.1,113.9,114.81,4095357.0
2019-10-31,113.91,114.73,113.1,113.68,3482461.0
2019-11-01,115.47,118.55,114.83,118.0,4965563.0
2019-11-04,118.53,119.89,116.46,117.88,3739758.0
2019-11-05,118.63,120.03,117.51,118.66,5598765.0
2019-11-06,118.17,118.5,115.53,116.47,3394529.0
2019-11-07,118.19,119.01,116.66,117.4,3119523.0
2019-11-08,116.22,117.71,115.55,117.62,2067122.0
2019-11-11,116.89,118.47,116.27,118.26,2902555.0
2019-11-12,118.95,120.84,118.44,118.94,4317340.0
2019-11-13,117.72,120.25,117.23,118.77,2312375.0
2019-11-14,118.27,119.0,116.45,117.99,2497174.0
2019-11-15,119.08,119.49,116.82,117.48,2067214.0
2019-11-18,116.54,117.53,115.66,115.92,2169899.0
2019-11-19,116.93,117.47,113.83,114.01,3840541.0
2019-11-20,114.5,116.12,113.07,114.74,3714893.0
2019-11-21,114.31,114.99,112.43,114.26,3008627.0
2019-11-22,114.39,115.96,114.0,115.22,2336324.0
2019-11-25,116.46,119.23,115.99,117.08,3176849.0
2019-11-26,116.87,117.48,115.0,116.63,3628164.0
2019-11-27,116.88,117.91,116.2,117.41,1220476.0
2019-11-29,116.47,116.94,115.02,115.58,1102665.0
2019-12-02,115.75,116.01,113.5,114.76,2321501.0
2019-12-03,113.0,114.85,111.57,114.61,2444247.0
2019-12-04,115.94,117.69,115.58,116.28,2832364.0
2019-12-05,116.31,118.14,115.61,117.11,1492400.0
2019-12-06,118.8,119.98,118.33,118.67,2253529.0
2019-12-09,118.25,119.13,117.32,117.85,1155253.0
2019-12-10,118.26,120.6,118.22,119.1,2526339.0
2019-12-11,118.94,122.28,118.8,121.4,3290044.0
2019-12-12,121.2,126.06,120.5,123.98,4634538.0
2019-12-13,123.32,125.24,122.12,123.88,2894821.0
2019-12-16,125.0,125.22,123.98,124.3,2723020.0
2019-12-17,124.36,126.97,123.03,125.93,3725512.0
2019-12-18,125.55,126.45,124.77,125.79,2528323.0
2019-12-19,125.66,126.15,124.42,125.95,2033098.0
2019-12-20,126.08,127.84,125.96,127.69,3772695.0
2019-12-23,128.31,129.47,127.17,128.03,2897532.0
2019-12-24,128.43,129.36,127.51,129.2,958525.0
2019-12-26,129.5,129.5,127.53,128.68,972474.0
2019-12-27,129.04,129.26,127.8,128.19,1011497.0
2019-12-30,128.27,128.35,126.35,127.55,935309.0
2019-12-31,127.43,127.9,126.8,127.26,957832.0
2020-01-02,128.61,129.5,127.19,128.54,2247936.0
2020-01-03,126.23,128.28,126.12,127.3,1546142.0
2020-01-06,125.4,126.99,124.68,126.4,2157907.0
2020-01-07,127.5,129.78,127.0,128.04,2595859.0
2020-01-08,128.21,129.11,127.13,128.36,1589050.0
2020-01-09,129.8,130.95,128.69,129.18,2429658.0
2020-01-10,130.11,130.83,129.18,129.64,2293956.0
2020-01-13,131.0,132.51,130.15,131.98,2313983.0
2020-01-14,131.4,133.68,131.29,132.71,2499353.0
2020-01-15,132.45,132.91,131.56,132.5,2206154.0
2020-01-16,133.98,134.96,132.8,134.18,2495050.0
2020-01-17,134.99,135.48,132.47,133.84,2268291.0
2020-01-21,133.4,134.45,132.69,133.96,2018213.0
2020-01-22,134.52,136.3,133.48,134.64,2422027.0
2020-01-23,134.89,137.22,134.85,136.41,2534130.0
2020-01-24,137.49,137.92,134.55,135.28,2887925.0
2020-01-27,131.56,131.73,128.06,130.45,3781242.0
2020-01-28,132.5,133.65,131.24,132.68,2207844.0
2020-01-29,133.05,134.77,131.74,132.66,2273470.0
2020-01-30,130.81,132.01,128.85,131.62,2039836.0
2020-01-31,130.02,130.97,126.05,126.86,4448584.0
2020-02-03,127.69,129.03,125.01,125.7,4207394.0
2020-02-04,133.0,134.5,127.75,130.51,5559965.0
2020-02-05,133.4,136.84,132.43,134.23,4386733.0
2020-02-06,135.37,135.75,133.05,135.34,2082783.0
2020-02-07,134.49,134.86,132.0,132.26,2522440.0
2020-02-10,130.75,133.31,130.46,133.19,1769690.0
2020-02-11,134.13,137.16,133.79,135.52,2406950.0
2020-02-12,136.58,138.43,136.15,137.83,2592920.0
2020-02-13,136.87,139.26,135.98,138.69,1426190.0
2020-02-14,138.88,139.59,134.69,137.08,1846684.0
2020-02-18,134.41,135.49,132.61,133.87,1919928.0
2020-02-19,134.91,137.32,134.31,134.95,2028182.0
2020-02-20,134.33,135.14,131.62,134.8,2294986.0
2020-02-21,134.59,137.12,129.54,130.5,3522122.0
2020-02-24,124.55,125.58,123.22,124.04,5135477.0
2020-02-25,125.59,125.9,119.0,120.82,4628537.0
2020-02-26,121.54,122.87,118.23,119.47,4415467.0
2020-02-27,115.34,117.84,113.9,114.64,4950815.0
2020-02-28,110.02,115.6,110.0,113.69,5507119.0
2020-03-02,117.59,120.34,114.43,120.08,4306264.0
2020-03-03,119.41,122.78,116.34,116.56,3969722.0
2020-03-04,118.22,121.34,117.51,121.27,2755954.0
2020-03-05,116.55,118.92,114.03,115.27,3161542.0
2020-03-06,110.74,114.07,109.13,111.69,3544483.0
2020-03-09,104.7,108.0,101.46,101.97,5696661.0
2020-03-10,104.43,107.4,101.63,106.85,4622472.0
2020-03-11,103.63,105.33,98.86,100.52,4958102.0
2020-03-12,86.4,97.23,86.0,91.97,7271865.0
2020-03-13,96.0,99.7,87.55,95.54,7099132.0
2020-03-16,84.54,86.82,78.26,80.32,7781186.0
2020-03-17,81.65,81.98,75.6,80.08,9133944.0
2020-03-18,73.35,76.78,58.41,64.56,10744549.0
2020-03-19,64.83,77.24,63.05,76.12,6107945.0
2020-03-20,78.84,83.99,72.7,73.58,5722140.0
2020-03-23,74.21,78.61,69.16,77.27,3664800.0
2020-03-24,83.03,88.3,81.3,85.73,3691037.0
2020-03-25,87.16,89.99,82.51,84.86,3174057.0
2020-03-26,86.46,89.86,83.76,89.72,4068535.0
2020-03-27,86.13,87.87,80.87,81.3,2923319.0
2020-03-30,81.65,85.15,79.11,84.93,2963070.0
2020-03-31,84.83,87.65,82.09,82.93,2697277.0
2020-04-01,79.48,79.99,73.81,74.73,3433995.0
2020-04-02,74.15,79.27,73.51,77.78,2455262.0
2020-04-03,77.26,79.11,72.86,75.75,2330855.0
2020-04-06,80.07,87.19,79.89,86.94,3657851.0
2020-04-07,91.87,91.87,83.73,84.28,3938535.0
2020-04-08,86.0,93.82,85.44,91.58,4222075.0
2020-04-09,92.76,96.97,89.41,89.97,4008285.0
2020-04-13,88.59,89.49,87.28,89.11,1718058.0
2020-04-14,90.97,92.71,89.05,92.28,2561445.0
2020-04-15,90.36,90.49,86.06,87.14,3902217.0
2020-04-16,87.4,89.2,85.99,89.01,2985575.0
2020-04-17,91.85,93.35,88.71,90.17,3477282.0
2020-04-20,89.54,89.73,86.47,86.7,2798675.0
2020-04-21,84.1,85.47,80.46,81.06,5091836.0
2020-04-22,85.45,89.45,84.8,89.06,3599235.0
2020-04-23,88.56,91.16,87.57,88.08,2398665.0
2020-04-24,87.84,95.13,87.84,94.43,4025674.0
2020-04-27,95.2,97.67,94.93,97.13,4775903.0
2020-04-28,105.02,105.48,98.28,98.34,5908840.0
2020-04-29,101.0,107.83,101.0,106.77,6470986.0
2020-04-30,105.9,106.22,98.54,99.57,4967866.0
2020-05-01,97.48,99.0,95.01,95.5,2799904.0
2020-05-04,94.23,96.7,92.6,96.56,3739163.0
2020-05-05,98.66,100.73,98.23,99.2,2913325.0
2020-05-06,99.71,102.52,98.82,100.38,2703273.0
2020-05-07,102.2,103.12,100.13,102.66,2341125.0
2020-05-08,102.69,105.36,101.69,104.84,2694108.0
2020-05-11,103.77,103.85,102.02,102.56,1839585.0
2020-05-12,102.82,103.48,98.13,98.33,2000210.0
2020-05-13,95.02,96.8,91.7,93.03,5532632.0
2020-05-14,91.75,94.79,89.1,93.59,3380085.0
2020-05-15,89.91,92.38,89.33,90.45,4376441.0
2020-05-18,94.14,102.41,93.42,102.07,5700616.0
2020-05-19,100.84,102.1,98.38,99.04,3498741.0
2020-05-20,101.74,105.16,101.68,103.6,4409521.0
2020-05-21,102.85,103.59,97.62,98.89,3395104.0
2020-05-22,98.86,99.43,96.85,98.33,2694801.0
2020-05-26,103.17,105.26,101.61,102.01,4900704.0
2020-05-27,102.28,104.74,101.36,104.39,5118108.0
2020-05-28,103.78,103.81,99.12,99.26,3774868.0
2020-05-29,99.21,100.7,96.1,96.1,42777109.0
2020-06-01,97.7,100.38,96.59,99.19,6321762.0
2020-06-02,100.2,103.1,99.27,101.45,5259661.0
2020-06-03,106.0,110.18,105.78,108.55,7679642.0
2020-06-04,107.75,111.14,106.8,109.55,6754160.0
2020-06-05,115.93,118.85,113.3,113.82,7954062.0
2020-06-08,117.48,117.89,113.29,114.1,4465111.0
2020-06-09,111.55,113.86,110.16,111.51,3161739.0
2020-06-10,112.09,112.41,109.88,110.29,2926008.0
2020-06-11,105.56,107.47,102.36,102.47,2980744.0
2020-06-12,106.64,107.3,103.2,106.17,3346793.0
2020-06-15,104.89,110.45,103.2,109.46,4031520.0
2020-06-16,114.15,116.26,110.54,113.26,5840021.0
2020-06-17,114.63,117.74,114.4,116.75,4844349.0
2020-06-18,115.34,119.27,115.34,117.19,5303439.0
2020-06-19,118.95,121.68,117.0,117.27,22349928.0
2020-06-22,117.71,118.09,114.61,117.04,3762261.0
2020-06-23,118.5,120.34,117.81,119.92,2487216.0
2020-06-24,117.64,118.89,112.6,113.06,4056411.0
2020-06-25,113.21,113.96,110.98,113.37,3482142.0
2020-06-26,112.35,113.15,106.75,108.15,4922244.0
2020-06-29,109.61,112.6,107.0,111.58,2510300.0
2020-06-30,113.35,114.79,111.35,114.04,2681520.0
2020-07-01,114.05,114.6,111.68,111.91,1824384.0
2020-07-02,114.22,115.67,112.58,112.72,2030592.0
2020-07-06,115.68,116.86,115.02,116.53,2001997.0
2020-07-07,116.25,117.46,115.22,115.43,1327206.0
2020-07-08,116.17,116.72,114.53,116.43,1499155.0
2020-07-09,116.57,119.0,113.25,117.9,2320787.0
2020-07-10,118.49,119.5,116.07,117.1,1621869.0
2020-07-13,120.71,122.71,116.87,117.04,3100804.0
2020-07-14,116.4,120.8,115.49,120.45,2583212.0
2020-07-15,121.96,122.97,120.25,121.83,2038144.0
2020-07-16,119.23,121.7,118.53,121.13,1534740.0
2020-07-17,122.67,122.82,120.66,122.71,2173176.0
2020-07-20,121.89,124.01,120.41,123.56,1731219.0
2020-07-21,125.0,126.12,122.95,123.49,2380166.0
2020-07-22,122.97,124.19,120.89,121.36,2333631.0
2020-07-23,121.58,121.67,117.31,119.18,2605380.0
2020-07-24,116.86,118.04,114.38,115.75,3147650.0
2020-07-27,117.05,120.38,116.29,120.24,2978551.0
2020-07-28,116.57,119.0,115.0,115.24,6709086.0
2020-07-29,115.75,119.75,115.75,119.09,2861593.0
2020-07-30,116.89,117.87,115.66,117.22,3058038.0
2020-07-31,118.36,118.63,114.77,117.53,3344893.0
2020-08-03,118.41,119.75,117.89,119.15,1606232.0
2020-08-04,119.47,121.56,119.29,120.91,2327790.0
2020-08-05,118.18,120.05,117.25,119.86,2182880.0
2020-08-06,119.57,122.58,119.05,122.45,2338055.0
2020-08-07,121.89,122.67,119.4,120.71,1842737.0
2020-08-10,120.52,121.84,119.69,121.39,1224424.0
2020-08-11,122.18,124.48,121.15,121.33,1764294.0
2020-08-12,122.14,125.41,121.86,124.91,1735528.0
2020-08-13,124.3,124.56,122.52,122.74,1096809.0
2020-08-14,122.36,123.66,122.18,123.04,739346.0
2020-08-17,124.44,125.02,123.73,124.8,1171822.0
2020-08-18,125.94,126.2,122.89,124.38,2000757.0
2020-08-19,125.1,125.56,123.12,123.75,1560994.0
2020-08-20,122.07,122.76,120.61,121.45,1112967.0
2020-08-21,120.93,121.5,119.8,121.5,1375995.0
2020-08-24,122.7,123.85,122.16,123.78,1042481.0
2020-08-25,125.92,127.8,124.92,127.31,2054998.0
2020-08-26,127.2,128.42,126.11,127.53,1422861.0
2020-08-27,128.14,128.35,125.44,126.05,1376391.0
2020-08-28,125.93,127.45,125.26,127.23,1736638.0
2020-08-31,126.96,127.71,124.85,125.76,2257594.0
2020-09-01,126.0,129.02,125.95,128.2,2090576.0
2020-09-02,129.68,132.94,128.7,132.1,1541448.0
2020-09-03,130.99,130.99,125.05,126.1,2010064.0
2020-09-04,126.37,127.08,122.32,126.33,1607662.0
2020-09-08,121.02,122.65,119.21,119.72,2541781.0
2020-09-09,122.17,125.63,121.4,124.24,2269290.0
2020-09-10,125.2,127.77,122.55,123.1,1487822.0
2020-09-11,124.47,126.65,123.16,124.75,1397478.0
2020-09-14,126.17,127.62,124.48,125.7,1538829.0
2020-09-15,127.39,128.8,126.82,127.41,1601386.0
2020-09-16,129.0,131.31,128.36,128.59,2053261.0
2020-09-17,123.62,128.14,122.86,127.76,2066306.0
2020-09-18,128.68,128.99,123.39,126.09,4200604.0
2020-09-21,122.95,123.51,119.28,121.35,2024521.0
2020-09-22,122.79,123.48,120.69,122.63,1606958.0
2020-09-23,123.17,124.0,119.43,119.94,1595706.0
2020-09-24,118.64,121.22,118.15,119.16,1810500.0
2020-09-25,118.56,120.17,117.25,119.83,2039641.0
2020-09-28,122.46,124.17,121.91,124.0,2143414.0
2020-09-29,126.1,126.14,123.16,123.29,1626650.0
2020-09-30,123.87,126.77,123.22,124.81,2005227.0
2020-10-01,129.63,132.18,128.0,130.99,3429335.0
2020-10-02,127.17,130.48,126.64,127.39,2130571.0
2020-10-05,129.48,132.07,129.0,132.0,2269271.0
2020-10-06,131.7,135.01,130.39,130.9,2187538.0
2020-10-07,133.33,134.91,133.01,133.6,1838974.0
2020-10-08,135.07,135.92,134.13,134.83,2208206.0
2020-10-09,142.48,145.15,138.8,141.53,5037614.0
2020-10-12,143.0,143.25,140.41,142.08,2861315.0
2020-10-13,141.0,141.99,136.58,136.84,2605447.0
2020-10-14,136.8,138.1,135.84,137.11,2318114.0
2020-10-15,134.59,137.59,133.69,136.87,1556938.0
2020-10-16,139.33,139.67,136.96,137.23,1300903.0
2020-10-19,137.63,138.85,135.53,136.33,1606896.0
2020-10-20,137.67,137.8,134.89,135.21,1353879.0
2020-10-21,137.93,138.12,135.27,135.86,1681879.0
2020-10-22,136.06,136.43,133.32,134.89,1514326.0
2020-10-23,135.51,137.75,134.36,137.18,1439669.0
2020-10-26,135.19,136.1,132.71,134.89,2856133.0
2020-10-27,136.38,136.57,131.65,133.23,2530490.0
2020-10-28,130.07,130.91,126.8,129.77,3015698.0
2020-10-29,128.79,137.51,128.79,136.17,2721746.0
2020-10-30,133.52,135.79,132.98,135.12,2286285.0
2020-11-02,137.09,138.34,136.01,137.31,1903499.0
2020-11-03,137.65,141.49,137.0,138.88,1747443.0
2020-11-04,141.05,141.49,136.7,139.38,2354748.0
2020-11-05,142.0,145.24,141.08,144.38,2242444.0
2020-11-06,144.28,147.47,143.62,146.72,2748176.0
2020-11-09,149.74,152.48,144.55,144.86,3523968.0
2020-11-10,142.78,144.49,139.94,140.24,2172299.0
2020-11-11,143.31,145.94,142.7,145.07,1659792.0
2020-11-12,146.0,146.59,143.63,144.3,1431866.0
2020-11-13,146.01,147.58,145.66,146.49,1084984.0
2020-11-16,149.39,151.22,148.3,149.99,1888311.0
2020-11-17,150.75,151.55,147.92,149.39,1798108.0
2020-11-18,149.49,150.61,147.82,148.15,1218392.0
2020-11-19,148.0,151.83,147.07,151.35,1765687.0
2020-11-20,151.93,153.03,150.55,150.57,1533167.0
2020-11-23,152.52,156.35,151.28,155.91,2137117.0
2020-11-24,158.37,158.62,154.74,158.47,2314069.0
2020-11-25,159.0,159.28,156.66,157.67,1700284.0
2020-11-27,158.45,161.84,158.17,158.94,1038581.0
2020-11-30,159.0,160.92,156.85,158.42,2267996.0
2020-12-01,160.4,161.77,158.65,159.08,1932934.0
2020-12-02,159.09,160.83,157.47,160.54,1144955.0
2020-12-03,161.11,162.15,158.75,158.79,1576760.0
2020-12-04,159.62,164.17,159.09,163.99,2248990.0
2020-12-07,165.61,167.27,164.3,165.09,2213450.0
2020-12-08,164.92,167.11,163.81,166.37,1329330.0
2020-12-09,163.96,164.91,155.88,157.32,3678858.0
2020-12-10,156.5,160.36,156.5,158.27,3002427.0
2020-12-11,157.5,158.7,154.57,157.1,1442657.0
2020-12-14,159.67,159.74,155.52,158.46,2075264.0
2020-12-15,157.26,160.69,156.05,160.06,2499500.0
2020-12-16,161.14,161.2,156.61,157.28,2195242.0
2020-12-17,158.48,158.8,156.36,158.06,1686710.0
2020-12-18,158.07,158.92,154.68,155.51,4232008.0
2020-12-21,153.18,157.25,152.93,157.03,1529461.0
2020-12-22,157.13,159.6,155.76,156.38,1489891.0
2020-12-23,157.94,158.63,156.81,156.86,1571319.0
2020-12-24,157.72,157.93,156.51,157.33,480480.0
2020-12-28,159.5,161.8,157.91,158.17,1063626.0
2020-12-29,158.8,159.53,154.75,155.91,1043352.0
2020-12-30,157.5,159.74,156.71,159.39,888929.0
2020-12-31,159.86,160.23,158.61,159.01,839304.0
2021-01-04,160.33,165.84,158.62,162.04,2931582.0
2021-01-05,161.53,165.97,161.12,165.67,1980562.0
2021-01-06,164.61,171.8,164.61,168.72,2686489.0
2021-01-07,172.09,176.5,171.93,174.99,2485549.0
2021-01-08,181.38,182.55,171.5,175.03,2827979.0
2021-01-11,174.39,176.46,171.93,173.21,3001045.0
2021-01-12,174.29,179.0,173.23,176.08,3112116.0
2021-01-13,177.99,177.99,176.18,177.42,1750309.0
2021-01-14,178.62,181.09,178.62,180.0,2617678.0
2021-01-15,179.64,179.84,168.45,172.22,3598873.0
2021-01-19,177.31,178.5,174.54,175.0,2522440.0
2021-01-20,178.86,180.31,173.71,174.49,2590775.0
2021-01-21,176.64,176.75,171.73,173.62,2187707.0
2021-01-22,172.57,175.17,171.92,172.3,1974237.0
2021-01-25,176.69,176.75,171.03,174.42,2006144.0
2021-01-26,174.42,174.46,168.66,168.75,2231333.0
2021-01-27,162.72,164.43,156.02,160.56,3714458.0
2021-01-28,166.53,166.8,162.38,164.33,2484770.0
2021-01-29,164.15,167.55,159.81,160.47,3535396.0
2021-02-01,166.44,172.44,166.1,171.53,4953011.0
2021-02-02,180.0,183.0,170.7,177.21,6621774.0
2021-02-03,179.99,181.74,173.11,174.1,3272585.0
2021-02-04,175.89,181.45,175.15,181.45,2703071.0
2021-02-05,182.95,184.13,181.06,181.99,3031417.0
2021-02-08,184.7,188.15,184.0,188.12,2333011.0
2021-02-09,187.35,188.4,184.47,188.04,1702813.0
2021-02-10,191.61,191.93,183.39,187.9,2839843.0
2021-02-11,188.4,194.76,188.4,194.0,2611688.0
2021-02-12,193.17,195.89,190.86,194.39,1671733.0
2021-02-16,199.46,200.19,193.69,195.43,2177964.0
2021-02-17,192.58,194.94,187.91,189.69,2395727.0
2021-02-18,187.5,188.95,183.05,185.88,2774932.0
2021-02-19,189.41,192.76,188.49,191.59,2193910.0
2021-02-22,190.8,192.4,184.97,185.61,2407842.0
2021-02-23,183.87,183.87,175.33,181.08,5191278.0
2021-02-24,178.0,186.82,176.93,186.21,3161739.0
2021-02-25,186.51,188.0,178.05,178.52,3366284.0
2021-02-26,182.04,184.17,177.12,182.55,2929054.0
2021-03-01,186.52,187.9,183.32,187.3,4355404.0
2021-03-02,189.0,189.76,182.06,182.27,2770941.0
2021-03-03,182.6,184.17,175.53,175.99,2418931.0
2021-03-04,173.59,176.68,164.19,167.28,3754462.0
2021-03-05,174.23,182.06,166.04,180.9,5076480.0
2021-03-08,178.82,183.58,170.15,171.0,3168847.0
2021-03-09,176.13,185.24,175.0,183.82,3687954.0
2021-03-10,186.04,187.35,180.23,180.43,2240150.0
2021-03-11,186.69,189.49,185.03,188.5,3206896.0
2021-03-12,184.89,186.66,181.79,183.47,2077994.0
2021-03-15,196.8,200.0,194.21,199.91,12106497.0
2021-03-16,201.1,206.21,200.64,202.78,6890131.0
2021-03-17,199.56,209.59,199.0,208.34,7321590.0
2021-03-18,204.15,208.25,197.69,198.59,8299011.0
2021-03-19,196.35,204.53,193.22,202.04,53102151.0
2021-03-22,203.11,206.12,196.65,200.4,5876913.0
2021-03-23,200.11,200.23,189.79,191.62,4748174.0
2021-03-24,193.25,194.51,187.25,187.28,2892968.0
2021-03-25,182.66,192.0,182.28,191.31,3512554.0
2021-03-26,190.79,199.43,189.07,199.0,3096230.0
2021-03-29,196.91,197.66,191.88,194.14,2707334.0
2021-03-30,192.39,198.81,192.27,197.77,2324541.0
2021-03-31,200.02,203.2,198.0,201.34,2854055.0
2021-04-01,205.27,208.31,204.14,208.08,2662814.0
2021-04-05,211.34,216.43,209.63,214.7,2663653.0
2021-04-06,212.61,214.7,208.66,212.91,2177545.0
2021-04-07,211.9,213.39,210.26,212.14,1522760.0
2021-04-08,209.0,210.67,207.09,209.21,3177343.0
2021-04-09,207.45,209.52,206.04,209.19,1878028.0
2021-04-12,207.98,208.22,204.87,207.94,1686526.0
2021-04-13,207.32,207.79,200.72,202.0,3033617.0
2021-04-14,201.2,203.33,198.59,199.89,2879118.0
2021-04-15,202.76,202.76,198.53,201.77,1858183.0
2021-04-16,201.19,202.08,199.01,199.38,2187730.0
2021-04-19,199.37,199.56,191.99,194.76,2686010.0
2021-04-20,193.86,196.59,192.36,193.86,3197858.0
2021-04-21,194.16,201.35,192.46,201.13,2747806.0
2021-04-22,201.24,202.07,195.88,196.25,2380142.0
2021-04-23,198.09,202.77,197.94,201.56,3211226.0
2021-04-26,202.4,206.72,202.1,205.02,3238934.0
2021-04-27,207.78,209.19,202.46,203.4,2790727.0
2021-04-28,203.89,203.89,198.35,198.65,2191533.0
2021-04-29,201.2,201.66,196.4,200.76,1982458.0
2021-04-30,197.27,198.33,191.05,192.51,3704579.0
2021-05-03,194.75,195.94,190.47,191.84,2245296.0
2021-05-04,188.5,191.75,185.2,191.09,4444270.0
2021-05-05,192.02,192.73,188.47,190.41,4243267.0
2021-05-06,189.42,192.62,186.26,192.52,2785646.0
2021-05-07,195.0,198.5,193.33,197.92,3321426.0
2021-05-10,195.3,196.41,188.91,189.03,2850684.0
2021-05-11,183.42,192.83,182.59,192.54,3037617.0
2021-05-12,187.79,189.99,181.72,182.78,3820518.0
2021-05-13,184.85,189.13,184.69,186.44,2586306.0
2021-05-14,188.8,194.95,188.16,192.27,2953904.0
2021-05-17,190.26,191.47,187.24,191.18,2244611.0
2021-05-18,193.07,195.35,191.18,191.25,2288571.0
2021-05-19,187.16,195.81,186.12,194.94,2749191.0
2021-05-20,195.59,200.62,195.59,199.67,2641454.0
2021-05-21,201.13,202.32,199.18,199.84,2237229.0
2021-05-24,200.74,205.7,200.74,204.38,2078638.0
2021-05-25,206.0,206.64,204.13,204.76,1916588.0
2021-05-26,204.69,207.86,204.02,206.14,1983290.0
2021-05-27,206.51,210.41,205.0,210.22,3503847.0
2021-05-28,210.5,213.29,209.7,211.42,2239041.0
2021-06-01,212.85,214.3,207.65,207.91,2264873.0
2021-06-02,207.12,208.56,205.49,207.85,1764834.0
2021-06-03,205.59,205.77,200.63,200.75,3895075.0
2021-06-04,201.35,203.25,200.67,202.0,3485632.0
2021-06-07,202.0,202.0,199.72,201.15,2587813.0
2021-06-08,203.08,203.08,197.5,198.25,3322628.0
2021-06-09,198.71,199.6,196.52,197.38,1939020.0
2021-06-10,198.0,202.66,197.7,201.05,2371541.0
2021-06-11,201.01,202.41,199.43,201.13,1811078.0
2021-06-14,201.55,204.47,199.08,203.57,2099760.0
2021-06-15,202.79,204.96,201.86,202.99,2071361.0
2021-06-16,204.0,204.44,197.41,200.26,2017800.0
2021-06-17,199.77,201.18,195.29,198.43,1781262.0
2021-06-18,195.62,197.02,192.71,193.1,4796644.0
2021-06-21,194.35,198.68,193.49,198.46,2312304.0
2021-06-22,197.71,198.71,195.72,197.4,1645993.0
2021-06-23,196.09,199.87,195.94,199.15,1672159.0
2021-06-24,200.99,205.11,200.39,203.83,2570373.0
2021-06-25,204.47,206.4,202.44,204.17,13139833.0
2021-06-28,205.85,206.77,203.46,206.18,1931315.0
2021-06-29,205.68,207.95,204.91,207.7,1802303.0
2021-06-30,207.58,207.67,203.63,205.72,2168235.0
2021-07-01,205.54,205.71,201.27,201.86,1551643.0
2021-07-02,203.19,203.94,200.94,202.73,1197251.0
2021-07-06,202.73,203.92,199.85,201.74,2135924.0
2021-07-07,203.0,203.47,197.79,198.35,2079248.0
2021-07-08,194.22,197.13,191.75,195.99,1930507.0
2021-07-09,196.1,201.25,194.81,200.35,1384639.0
2021-07-12,202.4,204.49,200.72,204.41,2090411.0
2021-07-13,203.71,204.83,202.89,204.0,1708456.0
2021-07-14,206.56,208.75,202.56,203.55,1612932.0
2021-07-15,197.25,199.57,192.81,194.41,3958025.0
2021-07-16,195.39,197.27,189.54,190.11,2342466.0
2021-07-19,187.56,189.37,184.92,188.62,2592730.0
2021-07-20,189.09,195.02,187.84,193.31,1797142.0
2021-07-21,193.0,198.68,193.0,198.62,1890946.0
2021-07-22,196.84,196.84,192.25,194.31,1926367.0
2021-07-23,195.69,196.94,193.79,196.35,1933382.0
2021-07-26,196.0,198.72,195.73,198.16,1535792.0
2021-07-27,196.53,197.0,190.65,194.25,2024750.0
2021-07-28,195.16,200.1,195.16,198.58,1752904.0
2021-07-29,201.77,204.83,201.02,204.27,1671267.0
2021-07-30,202.34,206.67,202.02,206.39,1635734.0
2021-08-02,210.2,215.89,208.56,208.98,3383940.0
2021-08-03,210.1,210.99,203.04,210.53,2082363.0
2021-08-04,211.13,214.34,209.64,212.43,1818050.0
2021-08-05,213.32,214.88,211.11,212.9,1778006.0
2021-08-06,211.69,214.32,211.69,213.75,1259830.0
2021-08-09,215.12,218.16,212.92,217.11,2147325.0
2021-08-10,216.71,218.03,214.19,217.26,1564729.0
2021-08-11,217.67,218.84,214.01,218.42,1475465.0
2021-08-12,216.45,217.23,213.38,214.53,2399837.0
2021-08-13,214.14,216.82,213.52,215.26,1421455.0
2021-08-16,212.98,214.6,211.98,213.18,1543381.0
2021-08-17,211.28,211.77,204.6,206.5,2280923.0
2021-08-18,206.5,208.07,203.6,203.82,1536738.0
2021-08-19,200.75,203.42,199.61,203.02,2372224.0
2021-08-20,202.7,205.23,202.35,205.0,1325109.0
2021-08-23,206.34,211.31,206.34,210.63,1739300.0
2021-08-24,212.28,215.06,211.83,214.52,1688089.0
2021-08-25,216.0,219.08,215.29,217.79,1909335.0
2021-08-26,217.24,223.38,215.63,222.24,2331314.0
2021-08-27,222.77,226.88,221.99,226.51,1746227.0
2021-08-30,227.34,228.72,225.55,227.64,1150568.0
2021-08-31,222.25,222.25,209.8,215.13,5156665.0
2021-09-01,215.45,215.86,211.45,211.5,2551875.0
2021-09-02,212.92,213.23,210.71,211.91,1856214.0
2021-09-03,213.09,215.38,212.3,212.99,1813864.0
2021-09-07,213.45,213.49,211.36,212.86,1822880.0
2021-09-08,211.94,212.74,207.25,208.12,1740924.0
2021-09-09,209.83,211.91,209.0,210.46,2448040.0
2021-09-10,212.94,216.5,212.0,212.12,1835643.0
2021-09-13,214.43,216.26,211.68,214.77,1416557.0
2021-09-14,216.11,216.32,211.15,211.48,1405483.0
2021-09-15,212.67,212.7,209.97,212.34,1414786.0
2021-09-16,211.03,213.71,208.79,213.03,1502921.0
2021-09-17,211.63,212.19,207.91,209.33,4877768.0
2021-09-20,204.91,205.0,198.94,202.78,2959538.0
2021-09-21,204.66,207.77,203.01,206.06,1524286.0
2021-09-22,207.81,213.27,207.11,213.08,1734668.0
2021-09-23,214.15,218.08,213.01,216.35,1430769.0
2021-09-24,215.01,218.02,214.03,216.67,1096875.0
2021-09-27,214.2,218.14,212.72,216.69,1069800.0
2021-09-28,212.65,214.0,205.95,206.19,2201949.0
2021-09-29,202.91,203.79,197.86,198.75,1976559.0
2021-09-30,200.57,201.49,195.71,195.87,2344655.0
2021-10-01,196.33,197.28,191.0,192.89,3381558.0
2021-10-04,193.71,193.94,187.91,188.95,2551739.0
2021-10-05,190.69,193.59,188.68,191.63,2246386.0
2021-10-06,188.67,191.94,188.41,190.9,1847474.0
2021-10-07,193.51,197.37,193.51,193.85,1514519.0
2021-10-08,194.51,194.67,189.99,190.31,1394358.0
2021-10-11,189.34,191.16,185.74,185.94,2144042.0
2021-10-12,187.15,187.75,182.34,183.19,3021017.0
2021-10-13,184.42,186.22,182.41,183.1,2767065.0
2021-10-14,187.0,189.94,186.76,189.1,2682375.0
2021-10-15,190.39,191.73,189.1,189.81,1772478.0
2021-10-18,188.21,192.32,187.15,192.26,2028233.0
2021-10-19,192.83,197.13,191.52,196.95,2100596.0
2021-10-20,196.56,199.79,194.79,197.52,2100397.0
2021-10-21,196.3,201.52,196.0,201.25,1688657.0
2021-10-22,201.58,203.43,199.88,199.93,1829466.0
2021-10-25,200.66,202.13,199.78,200.29,1390539.0
2021-10-26,201.08,201.16,193.77,196.15,2706811.0
2021-10-27,193.72,195.18,190.84,192.41,2882646.0
2021-10-28,194.34,200.13,194.14,199.9,1931000.0
2021-10-29,197.74,201.81,197.22,200.86,1604843.0
2021-11-01,202.62,206.58,202.01,205.13,3419033.0
2021-11-02,205.52,208.47,203.18,206.56,2991342.0
2021-11-03,207.49,217.13,206.72,215.78,3378886.0
2021-11-04,215.99,219.43,215.0,219.26,2326381.0
2021-11-05,220.0,224.79,219.95,224.25,2835945.0
2021-11-08,223.66,227.5,221.26,223.08,3829726.0
2021-11-09,223.24,223.38,218.34,221.05,1625224.0
2021-11-10,218.46,220.19,212.77,214.22,2262187.0
2021-11-11,223.26,223.34,214.15,219.1,4639660.0
2021-11-12,219.58,220.54,214.41,217.82,2828996.0
2021-11-15,221.0,221.0,215.19,215.68,2003327.0
2021-11-16,215.2,219.97,214.4,219.26,1497233.0
2021-11-17,219.26,219.26,215.67,217.81,1376544.0
2021-11-18,218.76,220.67,216.36,220.58,2495127.0
2021-11-19,220.58,221.81,219.64,221.26,2124255.0
2021-11-22,222.31,225.66,219.44,221.87,2846054.0
2021-11-23,221.41,224.09,215.57,219.12,2070018.0
2021-11-24,216.6,221.22,214.32,221.03,1631247.0
2021-11-26,213.12,217.56,210.25,212.45,1776506.0
2021-11-29,216.75,224.26,215.1,223.94,2412931.0
2021-11-30,222.7,227.82,218.3,223.36,5141720.0
2021-12-01,227.34,234.68,222.71,223.0,3223503.0
2021-12-02,220.27,225.9,218.18,222.73,1934818.0
2021-12-03,225.0,228.46,221.56,227.12,2743793.0
2021-12-06,227.8,228.31,217.43,224.28,2223768.0
2021-12-07,228.99,239.91,228.0,238.9,2934410.0
2021-12-08,229.01,229.8,221.09,228.09,3880058.0
2021-12-09,225.35,228.56,224.75,225.16,1990848.0
2021-12-10,228.56,228.88,223.03,226.46,1751518.0
2021-12-13,228.38,228.38,220.06,221.79,1966590.0
2021-12-14,218.91,221.63,216.75,219.99,1687336.0
2021-12-15,221.34,229.62,218.78,229.38,2565658.0
2021-12-16,228.84,229.31,217.65,217.95,3223834.0
2021-12-17,216.24,222.54,214.45,218.71,4671428.0
2021-12-20,215.49,219.69,214.61,217.65,1336333.0
2021-12-21,221.55,224.7,219.05,224.37,1603774.0
2021-12-22,223.05,226.88,221.71,226.76,1057962.0
2021-12-23,226.76,229.19,226.26,227.35,920491.0
2021-12-27,228.65,232.85,227.6,232.78,1235993.0
2021-12-28,233.81,234.42,228.58,231.02,1362273.0
2021-12-29,230.39,233.37,229.9,230.52,1116978.0
2021-12-30,230.53,232.6,228.3,228.6,886359.0
2021-12-31,229.15,231.5,227.35,227.78,1023020.0
2022-01-03,228.39,233.37,228.07,231.22,1519604.0
2022-01-04,232.41,234.9,225.46,232.87,1964983.0
2022-01-05,231.75,234.28,224.26,224.57,1963533.0
2022-01-06,225.5,228.76,224.11,226.96,1957799.0
2022-01-07,228.0,229.99,219.88,221.33,1760182.0
2022-01-10,220.05,222.14,214.7,221.83,1926494.0
2022-01-11,222.67,227.75,220.76,227.54,1755379.0
2022-01-12,229.06,231.4,225.86,229.02,1262999.0
2022-01-13,231.99,232.36,220.6,221.86,2910990.0
2022-01-14,218.71,225.39,218.3,225.29,1722896.0
2022-01-18,220.0,221.17,216.74,217.42,2349413.0
2022-01-19,217.94,220.45,210.78,210.95,1888253.0
2022-01-20,208.0,211.77,199.41,199.61,2885044.0
2022-01-21,197.33,207.73,196.8,199.95,3812039.0
2022-01-24,195.83,203.47,188.07,203.07,3739096.0
2022-01-25,197.2,199.88,193.39,194.77,3855581.0
2022-01-26,200.45,205.25,193.54,196.96,3470576.0
2022-01-27,200.87,201.02,186.39,187.96,3786899.0
2022-01-28,186.48,189.53,180.12,189.45,4949076.0
2022-01-31,190.39,205.9,190.0,205.44,5679858.0
2022-02-01,208.99,210.99,200.01,208.2,4066217.0
2022-02-02,209.63,211.83,205.68,210.35,2863864.0
2022-02-03,206.72,208.8,197.8,198.34,4263591.0
2022-02-04,196.97,200.11,190.79,198.12,3205417.0
2022-02-07,198.4,201.91,196.06,196.92,2169490.0
2022-02-08,197.29,203.32,196.09,202.53,2306046.0
2022-02-09,205.49,210.0,200.5,209.76,3113012.0
2022-02-10,204.36,209.62,198.13,199.05,2466782.0
2022-02-11,200.01,200.97,185.18,186.74,3738556.0
2022-02-14,187.84,191.67,183.97,185.88,2040009.0
2022-02-15,190.5,196.9,189.21,196.62,2810008.0
2022-02-16,195.45,200.64,193.0,199.66,1969413.0
2022-02-17,196.4,197.45,187.39,187.61,2763054.0
2022-02-18,188.77,190.14,185.19,187.09,2691821.0
2022-02-22,185.18,191.61,183.91,187.24,2361659.0
2022-02-23,190.48,194.6,185.03,185.15,2612345.0
2022-02-24,179.12,191.73,178.31,191.42,3208633.0
2022-02-25,190.49,194.32,185.58,194.2,2058741.0
2022-02-28,191.43,192.73,186.73,190.12,2741126.0
2022-03-01,189.61,189.99,179.23,181.18,2997848.0
2022-03-02,183.02,190.47,182.63,188.35,3191781.0
2022-03-03,189.42,189.92,184.05,184.7,2591638.0
2022-03-04,182.48,183.23,174.16,176.45,3190789.0
2022-03-07,177.79,179.1,169.55,169.72,2992458.0
2022-03-08,170.62,185.44,168.74,176.9,4006618.0
2022-03-09,183.0,186.27,182.2,183.35,3108923.0
2022-03-10,179.24,181.32,175.82,180.5,1899207.0
2022-03-11,183.98,185.27,178.16,178.56,2176907.0
2022-03-14,178.38,179.64,170.22,171.71,2515948.0
2022-03-15,172.86,179.03,172.71,178.44,2183095.0
2022-03-16,181.37,188.42,178.18,188.32,2846085.0
2022-03-17,187.03,190.32,185.14,189.77,1488967.0
2022-03-18,187.51,192.85,184.68,192.42,3132082.0
2022-03-21,190.87,193.23,186.53,190.51,1895251.0
2022-03-22,189.95,192.19,187.51,187.75,2797117.0
2022-03-23,185.05,188.54,183.44,183.59,1865360.0
2022-03-24,188.2,191.38,184.25,191.08,2320544.0
2022-03-25,191.58,191.84,186.4,190.46,1768614.0
2022-03-28,188.38,190.11,183.99,189.42,2490428.0
2022-03-29,193.38,196.35,190.72,194.74,2083094.0
2022-03-30,192.76,194.39,186.23,187.33,1922403.0
2022-03-31,188.45,189.28,184.76,185.08,2627237.0
2022-04-01,187.12,187.12,179.15,182.02,2417287.0
2022-04-04,181.72,184.75,180.68,182.61,1844316.0
2022-04-05,180.4,181.18,172.78,175.07,4235069.0
2022-04-06,170.85,177.25,169.78,174.02,3754899.0
2022-04-07,172.51,175.56,169.44,172.92,2016251.0
2022-04-08,170.52,170.72,165.26,167.5,5746516.0
2022-04-11,165.43,168.16,164.75,165.52,3346946.0
2022-04-12,169.83,170.47,165.08,166.23,3138920.0
2022-04-13,167.51,171.36,165.63,171.03,2922829.0
2022-04-14,171.26,172.51,168.79,170.0,2698294.0
2022-04-18,169.7,176.73,169.15,173.25,2138362.0
2022-04-19,170.23,179.28,170.23,178.65,2979308.0
2022-04-20,180.67,185.28,178.37,178.79,2685040.0
2022-04-21,181.26,183.22,174.36,174.85,2346331.0
2022-04-22,174.76,175.33,170.02,170.75,2165393.0
2022-04-25,169.96,173.5,169.01,172.84,2781896.0
2022-04-26,169.98,170.96,167.36,167.75,3369815.0
2022-04-27,166.65,172.41,165.67,170.76,3341974.0
2022-04-28,172.06,179.43,170.31,177.25,3107041.0
2022-04-29,174.47,178.11,170.64,170.9,2892924.0
2022-05-02,172.26,177.62,170.26,177.0,2776166.0
2022-05-03,173.76,179.35,171.98,178.07,3271720.0
2022-05-04,180.66,186.02,173.6,185.92,3180752.0
2022-05-05,180.64,182.42,175.78,178.37,3974007.0
2022-05-06,177.0,182.27,173.73,177.58,2457386.0
2022-05-09,174.93,176.79,171.85,172.9,3700082.0
2022-05-10,178.03,181.79,172.62,178.44,3438552.0
2022-05-11,175.93,178.61,170.55,170.87,3660038.0
2022-05-12,169.91,175.08,168.7,173.66,2557011.0
2022-05-13,176.9,183.1,175.61,181.99,2878007.0
2022-05-16,180.05,181.15,176.49,176.99,1949982.0
2022-05-17,182.04,185.87,181.13,185.64,2909627.0
2022-05-18,182.58,185.31,174.44,175.39,2654341.0
2022-05-19,175.07,179.99,173.5,175.79,1672858.0
2022-05-20,178.75,180.55,173.73,180.11,2744256.0
2022-05-23,180.44,182.06,176.74,180.69,1891669.0
2022-05-24,178.11,180.45,175.62,179.12,2200475.0
2022-05-25,176.88,185.59,176.63,184.63,2294109.0
2022-05-26,184.93,193.45,183.9,192.63,2883449.0
2022-05-27,194.07,198.28,194.07,195.93,3266403.0
2022-05-31,194.98,195.5,188.31,189.76,5124631.0
2022-06-01,191.08,191.19,181.92,184.57,2552850.0
2022-06-02,184.77,187.97,183.35,187.94,2443203.0
2022-06-03,184.84,185.14,181.26,182.37,2310959.0
2022-06-06,183.99,184.56,177.13,180.01,3169105.0
2022-06-07,178.31,182.48,176.1,181.83,2372787.0
2022-06-08,181.47,181.6,175.56,177.07,2409901.0
2022-06-09,176.53,194.71,176.38,184.22,10137529.0
2022-06-10,179.73,182.97,178.07,178.57,3614627.0
2022-06-13,173.52,176.92,167.77,168.52,3899423.0
2022-06-14,168.65,171.11,166.22,168.29,1892444.0
2022-06-15,170.71,172.16,165.1,168.94,2355609.0
2022-06-16,164.16,164.75,156.1,158.32,3994223.0
2022-06-17,159.37,160.7,156.55,157.83,4907509.0
2022-06-21,162.1,162.56,158.32,159.09,2655406.0
2022-06-22,156.05,159.71,155.72,156.95,2604261.0
2022-06-23,157.87,157.94,151.32,153.51,3186075.0
2022-06-24,155.99,160.55,155.48,159.32,14800220.0
2022-06-27,161.36,161.36,157.65,158.86,2502636.0
2022-06-28,160.3,164.42,153.81,154.22,3229102.0
2022-06-29,152.88,153.75,146.97,150.02,3124815.0
2022-06-30,147.27,149.62,145.31,148.03,4467513.0
2022-07-01,146.67,149.53,143.34,146.09,2531291.0
2022-07-05,141.93,146.0,140.33,145.91,3164976.0
2022-07-06,145.83,147.87,143.7,145.75,2264355.0
2022-07-07,149.04,152.9,147.97,152.02,2362028.0
2022-07-08,150.8,154.88,150.05,154.28,1721879.0
2022-07-11,152.18,154.54,150.88,151.96,2093484.0
2022-07-12,152.85,154.8,151.09,152.24,1864697.0
2022-07-13,149.62,155.83,149.25,155.01,2439797.0
2022-07-14,154.75,160.22,153.0,159.82,2337141.0
2022-07-15,161.2,165.09,160.09,163.98,2681723.0
2022-07-18,165.92,165.92,160.8,161.92,1985738.0
2022-07-19,164.12,170.81,164.12,170.43,2174482.0
2022-07-20,169.45,177.48,168.28,176.48,2410453.0
2022-07-21,177.9,180.14,175.01,179.95,2215814.0
2022-07-22,180.0,180.0,172.7,175.14,2413884.0
2022-07-25,174.79,175.35,171.87,174.13,3663107.0
2022-07-26,177.46,177.88,174.01,174.46,3852550.0
2022-07-27,177.59,182.64,177.42,181.42,3222993.0
2022-07-28,182.33,183.83,178.11,183.12,2275201.0
2022-07-29,182.86,185.27,181.15,183.88,2527679.0
2022-08-01,182.82,186.69,182.09,184.5,1928505.0
2022-08-02,183.74,183.8,179.67,180.47,2645450.0
2022-08-03,181.25,186.18,180.9,185.55,2187863.0
2022-08-04,184.83,185.2,182.49,184.26,1627754.0
2022-08-05,181.28,182.96,177.63,181.66,2240887.0
2022-08-08,180.61,182.67,177.29,179.96,1660359.0
2022-08-09,176.43,177.39,169.34,171.04,3130604.0
2022-08-10,175.41,180.26,172.44,179.97,2726208.0
2022-08-11,181.33,184.69,179.74,180.38,1488677.0
2022-08-12,181.8,187.57,181.32,187.47,2086006.0
2022-08-15,186.0,189.13,184.41,187.57,1284500.0
2022-08-16,186.77,187.56,184.76,185.85,1297556.0
2022-08-17,183.14,183.14,177.39,180.22,1681045.0
2022-08-18,180.63,184.98,179.89,182.76,1610089.0
2022-08-19,180.94,183.17,179.28,180.33,1619975.0
2022-08-22,177.07,178.18,172.1,172.52,2154992.0
2022-08-23,172.15,176.81,172.15,173.94,1043714.0
2022-08-24,174.26,174.26,170.36,173.01,1237991.0
2022-08-25,173.35,179.2,173.33,179.02,1542840.0
2022-08-26,178.04,178.66,167.82,168.12,2380674.0
2022-08-29,166.66,168.58,165.5,165.88,1242072.0
2022-08-30,167.57,168.68,163.35,165.72,1967256.0
2022-08-31,166.07,167.12,163.23,164.58,2205458.0
2022-09-01,161.85,164.64,158.91,164.4,2188639.0
2022-09-02,166.86,168.21,161.34,162.39,1696477.0
2022-09-06,161.86,163.16,159.01,160.75,2031938.0
2022-09-07,160.51,165.33,160.36,163.32,1689270.0
2022-09-08,161.97,166.89,160.7,165.45,1498603.0
2022-09-09,166.57,168.87,165.66,168.14,2098026.0
2022-09-12,169.55,169.9,167.0,169.07,1280186.0
2022-09-13,162.05,163.4,155.0,155.46,3863230.0
2022-09-14,154.62,160.43,154.15,159.45,2807116.0
2022-09-15,159.06,161.99,156.83,159.68,2340267.0
2022-09-16,158.56,160.68,156.85,159.94,2506530.0
2022-09-19,158.27,163.38,157.81,163.1,1582357.0
2022-09-20,160.35,162.55,159.51,160.9,1358006.0
2022-09-21,161.85,166.71,159.13,159.17,1528456.0
2022-09-22,158.92,159.9,154.16,155.13,2090036.0
2022-09-23,152.73,153.37,148.42,152.94,2680335.0
2022-09-26,153.05,154.96,151.24,151.95,2167962.0
2022-09-27,154.41,156.5,150.75,153.51,1741513.0
2022-09-28,152.95,157.1,152.27,156.44,2103774.0
2022-09-29,153.96,155.04,146.95,151.01,2841081.0
2022-09-30,149.75,152.79,147.43,147.51,2112798.0
2022-10-03,149.52,153.9,147.8,151.96,2415512.0
2022-10-04,156.48,159.96,155.49,159.89,2392218.0
2022-10-05,156.83,162.35,155.13,161.24,1904454.0
2022-10-06,161.26,163.79,158.87,158.99,1559992.0
2022-10-07,154.87,154.87,150.36,151.75,2753027.0
2022-10-10,151.74,151.96,146.08,147.5,1812098.0
2022-10-11,145.0,145.78,141.56,143.75,3004364.0
2022-10-12,142.55,143.79,140.13,140.28,2066889.0
2022-10-13,134.19,145.24,132.08,143.17,3307402.0
2022-10-14,144.9,145.54,137.08,138.09,2893033.0
2022-10-17,141.81,143.17,139.5,141.27,1972101.0
2022-10-18,143.44,146.48,137.73,140.95,2218572.0
2022-10-19,140.37,143.98,139.83,141.32,2160432.0
2022-10-20,142.08,143.74,138.58,139.04,2895772.0
2022-10-21,138.71,145.59,137.51,145.25,2496459.0
2022-10-24,144.01,145.77,140.45,144.94,1921732.0
2022-10-25,145.44,148.79,144.81,148.74,2831861.0
2022-10-26,146.69,152.64,144.14,147.28,2023382.0
2022-10-27,149.33,151.86,144.86,145.12,2197887.0
2022-10-28,145.96,152.19,145.0,151.66,2552031.0
2022-10-31,149.77,150.58,145.54,146.08,3307191.0
2022-11-01,150.48,153.85,147.8,151.85,4306559.0
2022-11-02,151.95,158.5,148.41,148.61,2977969.0
2022-11-03,146.39,146.39,142.76,144.85,2373323.0
2022-11-04,149.9,151.84,146.93,151.06,2385672.0
2022-11-07,152.7,158.22,151.31,157.9,2451175.0
2022-11-08,161.41,165.1,159.77,163.11,2659159.0
2022-11-09,159.94,161.03,154.63,154.72,2780129.0
2022-11-10,163.98,165.81,161.67,165.47,4487685.0
2022-11-11,166.52,171.0,163.54,169.94,2515251.0
2022-11-14,168.04,172.66,168.04,169.01,1823402.0
2022-11-15,175.22,176.66,171.89,174.81,2335636.0
2022-11-16,171.54,172.86,165.48,166.88,2204373.0
2022-11-17,162.56,170.4,162.56,170.09,1460548.0
2022-11-18,172.82,172.83,169.22,171.94,1533725.0
2022-11-21,170.44,171.28,168.12,168.85,1271227.0
2022-11-22,169.75,173.43,168.0,173.41,1695549.0
2022-11-23,174.09,179.03,173.28,175.2,1586522.0
2022-11-25,174.97,175.52,172.69,172.69,735363.0
2022-11-28,169.05,170.86,163.38,164.1,2758037.0
2022-11-29,164.68,166.26,162.79,164.69,1347265.0
2022-11-30,165.07,176.66,162.61,175.84,3654139.0
2022-12-01,177.55,178.07,173.13,173.44,2083001.0
2022-12-02,169.17,171.2,167.32,171.06,1619959.0
2022-12-05,169.81,170.3,166.54,168.37,1208132.0
2022-12-06,166.66,167.87,161.14,163.08,1903991.0
2022-12-07,161.45,164.31,160.0,163.95,1427249.0
2022-12-08,164.65,171.87,163.53,171.47,2520290.0
2022-12-09,169.71,172.87,168.4,169.72,1961974.0
2022-12-12,169.89,173.28,169.1,173.07,2048360.0
2022-12-13,180.58,180.58,171.29,174.31,3081347.0
2022-12-14,173.23,175.36,169.0,171.57,1968677.0
2022-12-15,168.26,169.65,164.59,165.16,2570271.0
2022-12-16,164.35,165.43,161.66,163.72,3696450.0
2022-12-19,164.29,164.33,158.53,160.27,1418231.0
2022-12-20,157.99,161.22,157.06,159.51,1101408.0
2022-12-21,160.87,163.84,160.01,163.43,1737528.0
2022-12-22,159.86,161.01,153.96,157.51,2759052.0
2022-12-23,156.21,157.82,154.2,157.67,1212321.0
2022-12-27,155.55,155.56,153.24,153.78,1374931.0
2022-12-28,152.9,154.85,150.9,151.7,1433409.0
2022-12-29,154.84,159.7,153.49,158.12,2016648.0
2022-12-30,155.53,158.18,154.07,158.03,1020995.0
2023-01-03,159.78,160.45,153.11,155.05,1900282.0
2023-01-04,158.28,160.36,156.1,157.96,1678419.0
2023-01-05,156.1,157.26,153.1,153.51,1692408.0
2023-01-06,155.85,160.17,153.89,159.63,2063253.0
2023-01-09,162.29,164.45,160.04,160.97,1834371.0
2023-01-10,163.55,166.25,161.98,166.07,2219656.0
2023-01-11,166.66,168.88,165.23,168.73,2019224.0
2023-01-12,170.09,171.87,167.39,170.21,1704966.0
2023-01-13,168.62,171.95,168.22,171.82,2006431.0
2023-01-17,170.71,170.78,167.79,170.33,1991041.0
2023-01-18,172.42,175.3,170.54,170.68,1565766.0
2023-01-19,168.8,169.26,164.86,165.0,2163258.0
2023-01-20,166.55,168.68,164.26,168.5,2322322.0
2023-01-23,169.23,175.75,168.51,173.03,3386371.0
2023-01-24,170.95,174.26,169.49,173.17,1627040.0
2023-01-25,170.84,174.38,168.98,174.1,1328505.0
2023-01-26,176.62,180.2,174.73,180.02,2996396.0
2023-01-27,177.49,182.94,177.09,181.54,2078897.0
2023-01-30,179.34,182.74,178.84,179.48,3948765.0
2023-01-31,182.39,185.15,178.0,184.31,4265189.0
2023-02-01,184.07,196.3,183.81,193.94,4468428.0
2023-02-02,195.47,197.71,192.83,196.16,2815928.0
2023-02-03,192.19,195.45,190.76,190.95,2654712.0
2023-02-06,187.91,190.3,186.09,187.37,2060027.0
2023-02-07,188.24,194.55,188.0,193.24,2270233.0
2023-02-08,191.16,192.15,187.32,187.95,1935669.0
2023-02-09,191.19,194.06,189.02,189.85,2010608.0
2023-02-10,187.89,188.18,185.19,186.47,1459748.0
2023-02-13,186.98,189.25,185.46,188.38,1677751.0
2023-02-14,186.81,190.45,185.45,189.79,1864652.0
2023-02-15,188.17,193.55,188.17,193.29,1482392.0
2023-02-16,190.4,193.81,190.4,191.23,2173510.0
2023-02-17,190.71,191.72,186.61,188.46,2206496.0
2023-02-21,185.48,187.19,181.09,181.41,2073942.0
2023-02-22,180.9,181.99,176.73,177.69,2205976.0
2023-02-23,181.28,181.82,177.11,180.99,2013433.0
2023-02-24,177.76,178.06,175.37,176.86,1791531.0
2023-02-27,180.21,180.58,177.43,177.74,1165929.0
2023-02-28,177.56,180.72,176.55,178.48,1227698.0
2023-03-01,179.27,180.63,177.55,178.87,900323.0
2023-03-02,176.18,181.23,174.17,180.63,1171488.0
2023-03-03,181.38,183.18,178.79,182.96,1285904.0
2023-03-06,184.01,184.67,178.87,179.94,1088676.0
2023-03-07,180.41,180.81,176.16,177.4,1330949.0
2023-03-08,178.38,182.65,178.38,182.51,2072401.0
2023-03-09,182.91,185.31,178.67,179.83,1961599.0
2023-03-10,181.92,181.97,174.51,175.05,2263023.0
2023-03-13,173.02,177.82,171.38,174.93,2225238.0
2023-03-14,177.28,179.26,175.59,178.82,2104757.0
2023-03-15,176.34,177.17,171.55,174.6,2497535.0
2023-03-16,173.11,180.16,172.16,179.49,1886828.0
2023-03-17,179.54,180.2,176.2,177.29,2933577.0
2023-03-20,177.56,181.14,176.57,180.55,1127833.0
2023-03-21,182.24,183.82,178.0,180.46,1531813.0
2023-03-22,180.14,183.26,176.48,176.62,1858231.0
2023-03-23,178.64,184.5,178.09,182.04,2225322.0
2023-03-24,181.45,181.8,174.7,176.55,2280888.0
2023-03-27,176.92,178.89,173.47,174.2,2162862.0
2023-03-28,173.93,173.93,169.91,173.21,2318017.0
2023-03-29,176.9,179.71,174.61,179.0,2398661.0
2023-03-30,181.4,184.14,180.59,181.62,2075885.0
2023-03-31,180.71,186.82,180.36,186.48,2081239.0
2023-04-03,185.53,186.0,180.34,181.98,1623854.0
2023-04-04,182.5,182.51,175.72,176.12,1644420.0
2023-04-05,174.41,174.99,171.33,173.02,2191085.0
2023-04-06,172.1,172.77,169.98,170.1,1930707.0
2023-04-10,168.82,172.52,168.05,172.41,1746474.0
2023-04-11,174.42,175.0,171.65,171.88,1589043.0
2023-04-12,173.31,174.33,169.78,170.22,1726789.0
2023-04-13,170.37,173.11,169.51,171.92,1648251.0
2023-04-14,172.14,174.77,170.5,172.35,1492367.0
2023-04-17,170.85,174.73,170.85,174.51,1218432.0
2023-04-18,176.42,177.48,174.55,175.78,1369327.0
2023-04-19,173.52,174.58,172.45,172.79,1196078.0
2023-04-20,166.45,172.41,163.24,169.62,2490790.0
2023-04-21,169.0,170.13,165.54,169.82,1827519.0
2023-04-24,169.82,170.74,168.46,169.89,1066492.0
2023-04-25,168.78,168.78,162.31,164.5,2611727.0
2023-04-26,165.04,167.04,163.46,165.35,1924512.0
2023-04-27,160.0,161.86,155.31,161.19,4130673.0
2023-04-28,161.0,163.82,159.53,163.74,2969641.0
2023-05-01,164.23,166.45,163.73,166.01,4321949.0
2023-05-02,173.34,176.88,168.76,171.51,5403173.0
2023-05-03,172.25,172.52,166.94,167.56,2363365.0
2023-05-04,166.98,167.35,162.75,163.79,2363647.0
2023-05-05,164.74,167.44,162.3,166.82,2405284.0
2023-05-08,166.93,168.35,165.47,168.05,1306531.0
2023-05-09,165.4,165.83,163.27,165.09,1963040.0
2023-05-10,167.55,168.2,164.73,165.2,1490352.0
2023-05-11,163.9,166.16,161.23,163.35,1471000.0
2023-05-12,164.33,165.25,162.38,164.55,1020622.0
2023-05-15,164.55,168.17,164.04,167.93,1448256.0
2023-05-16,167.21,168.64,165.78,165.89,1279079.0
2023-05-17,167.8,171.73,167.44,171.25,2081165.0
2023-05-18,172.88,175.87,172.14,175.64,2910636.0
2023-05-19,176.71,177.0,174.12,174.96,1987957.0
2023-05-22,174.2,178.07,173.54,177.37,1485441.0
2023-05-23,176.32,177.37,174.24,175.06,1832889.0
2023-05-24,171.31,171.67,165.39,166.52,3235192.0
2023-05-25,165.01,171.88,163.26,171.34,2833329.0
2023-05-26,173.96,182.58,173.36,181.18,3605823.0
2023-05-30,185.0,186.58,180.44,182.07,2217362.0
2023-05-31,180.69,182.07,177.89,179.1,5289814.0
2023-06-01,180.18,182.96,176.86,181.0,2388915.0
2023-06-02,183.24,183.99,178.67,181.6,1547493.0
2023-06-05,181.83,181.99,175.31,176.56,1894656.0
2023-06-06,175.46,181.87,174.66,181.26,1688084.0
2023-06-07,182.5,189.92,182.19,186.45,2225684.0
2023-06-08,187.24,188.82,186.23,187.46,1622027.0
2023-06-09,189.1,190.18,184.27,185.0,2013015.0
2023-06-12,187.0,189.72,185.12,189.35,2831538.0
2023-06-13,190.2,197.81,190.01,196.44,3564400.0
2023-06-14,195.94,199.55,194.1,195.69,3289576.0
2023-06-15,192.92,197.06,192.43,195.75,2454713.0
2023-06-16,198.2,199.18,195.49,197.85,4520127.0
2023-06-20,195.31,197.91,193.27,195.4,2022098.0
2023-06-21,194.24,195.82,192.74,193.28,2077165.0
2023-06-22,191.4,195.58,190.51,194.65,1473379.0
2023-06-23,190.5,191.93,188.5,188.69,1886482.0
2023-06-26,189.99,195.26,189.53,192.2,1438650.0
2023-06-27,192.0,200.5,190.76,200.32,2192475.0
2023-06-28,196.9,199.82,196.4,197.56,1511619.0
2023-06-29,197.54,200.49,195.13,199.76,1613341.0
2023-06-30,202.9,205.98,200.95,204.68,2521509.0
2023-07-03,205.54,208.63,203.6,207.13,1089166.0
2023-07-05,205.0,206.69,202.6,203.67,2368434.0
2023-07-06,200.48,204.64,200.03,204.37,2721574.0
2023-07-07,203.53,207.66,203.53,204.06,1847778.0
2023-07-10,206.15,211.07,205.86,210.42,3146361.0
2023-07-11,210.8,211.49,207.87,210.95,1588383.0
2023-07-12,214.25,214.8,210.6,211.86,2568103.0
2023-07-13,212.52,216.83,212.39,216.52,2061310.0
2023-07-14,215.7,216.68,211.36,212.54,1971232.0
2023-07-17,212.54,221.25,211.96,219.62,2475412.0
2023-07-18,218.86,224.4,218.38,223.66,2130781.0
2023-07-19,223.07,224.32,220.19,220.28,2207591.0
2023-07-20,216.78,218.61,210.4,211.95,3362010.0
2023-07-21,214.15,216.33,213.16,213.3,5324210.0
2023-07-24,212.97,214.56,210.12,210.88,5006577.0
2023-07-25,219.0,222.16,216.48,219.89,3839163.0
2023-07-26,217.98,220.57,215.7,218.48,2204171.0
2023-07-27,223.23,225.57,219.12,221.79,3403462.0
2023-07-28,225.31,225.44,220.63,223.31,1994430.0
2023-07-31,223.4,225.2,222.06,222.98,1495257.0
2023-08-01,221.41,224.32,221.0,223.48,1308968.0
2023-08-02,220.08,220.35,215.94,216.4,3373040.0
2023-08-03,213.03,217.74,211.78,215.95,2491787.0
2023-08-04,210.39,215.64,209.42,213.7,2888608.0
2023-08-07,216.0,218.92,214.01,218.73,1524237.0
2023-08-08,215.0,217.5,213.26,216.89,1862403.0
2023-08-09,217.38,218.68,214.13,214.37,2069373.0
2023-08-10,217.7,218.61,210.97,211.98,1750622.0
2023-08-11,209.22,209.22,202.91,204.2,2703852.0
2023-08-14,203.1,207.35,202.56,207.25,1757295.0
2023-08-15,205.07,205.48,200.85,201.74,1944014.0
2023-08-16,202.42,202.96,195.79,196.74,2400515.0
2023-08-17,197.81,198.25,193.61,194.53,1970158.0
2023-08-18,192.55,197.79,192.4,196.57,1989335.0
2023-08-21,196.57,202.55,196.57,201.62,1946296.0
2023-08-22,203.75,204.29,198.56,199.66,1428475.0
2023-08-23,193.5,202.28,193.5,201.1,2256825.0
2023-08-24,203.27,203.29,193.23,193.82,2888125.0
2023-08-25,194.81,196.89,193.09,196.2,2358954.0
2023-08-28,197.51,200.81,197.51,199.23,1456638.0
2023-08-29,197.25,205.96,197.25,205.16,1683639.0
2023-08-30,204.95,206.29,202.37,205.88,1962387.0
2023-08-31,205.27,207.8,203.39,205.72,3461044.0
2023-09-01,207.42,210.16,205.32,209.96,1583547.0
2023-09-05,208.87,210.57,207.33,207.57,1443607.0
2023-09-06,207.14,209.94,205.48,207.79,1582922.0
2023-09-07,203.79,205.27,202.11,204.01,1847186.0
2023-09-08,204.01,205.5,201.91,203.05,1220364.0
2023-09-11,204.86,205.1,200.74,203.5,1101818.0
2023-09-12,200.83,204.21,199.32,199.5,1301745.0
2023-09-13,199.15,204.27,199.15,200.4,1897679.0
2023-09-14,202.54,203.42,198.92,202.69,1293857.0
2023-09-15,201.83,202.39,196.34,197.38,4382017.0
2023-09-18,196.86,199.79,196.52,199.29,1483846.0
2023-09-19,198.71,199.58,196.37,199.14,1307834.0
2023-09-20,200.39,201.45,194.74,194.96,1131838.0
2023-09-21,193.54,196.21,193.04,194.0,1711903.0
2023-09-22,195.54,198.96,194.51,196.79,1523179.0
2023-09-25,195.57,198.27,194.7,198.12,1045406.0
2023-09-26,197.0,197.53,194.06,194.99,1538595.0
2023-09-27,197.03,198.27,194.13,196.7,1156145.0
2023-09-28,197.09,202.75,196.12,200.53,1198237.0
2023-09-29,202.77,203.4,198.76,199.92,1170721.0
2023-10-02,200.78,202.45,197.52,200.19,1227713.0
2023-10-03,197.9,201.48,194.09,195.2,2468256.0
2023-10-04,195.77,198.85,194.58,198.19,1610184.0
2023-10-05,198.39,199.1,192.85,195.45,1415829.0
2023-10-06,194.2,200.79,192.14,199.02,1837361.0
2023-10-09,196.77,198.9,194.5,198.12,860095.0
2023-10-10,198.86,204.0,198.22,201.75,1216716.0
2023-10-11,201.84,204.9,201.6,203.46,1646196.0
2023-10-12,204.34,206.14,200.5,202.36,2120807.0
2023-10-13,202.37,202.51,193.22,194.5,2439465.0
2023-10-16,195.77,200.25,195.01,199.78,1963847.0
2023-10-17,197.32,200.24,194.46,197.72,1274914.0
2023-10-18,194.5,195.62,190.6,193.2,1908886.0
2023-10-19,193.81,194.05,187.1,187.93,3027852.0
2023-10-20,187.62,188.53,184.3961,185.76,2155000.0
2023-10-23,183.91,186.07,181.17,182.35,1700523.0
2023-10-24,182.92,184.43,180.88,183.61,2337454.0
2023-10-25,180.72,181.4,175.21,175.94,2923110.0
2023-10-26,178.49,185.29,177.4,179.56,3048458.0
2023-10-27,181.01,181.96,177.55,179.13,1448052.0
2023-10-30,172.4,173.0,167.2102,170.18,4475064.0
2023-10-31,170.79,172.86,167.9301,172.43,2588564.0
2023-11-01,171.57,172.68,167.5,172.52,2889139.0
2023-11-02,175.0,178.36,173.31,177.59,2472705.0
2023-11-03,179.83,183.75,178.93,181.55,3689382.0
2023-11-06,182.5,184.42,180.44,182.8,4399997.0
2023-11-07,178.25,191.49,178.19,185.8,4284968.0
2023-11-08,180.5,184.66,180.11,183.35,2521595.0
2023-11-09,184.41,184.55,179.64,180.33,2662141.0
2023-11-10,183.26,187.84,180.73,186.67,3055815.0
2023-11-13,185.0,185.375,181.96,184.84,1845381.0
2023-11-14,191.02,195.8,190.17,194.89,2876817.0
2023-11-15,196.43,202.65,196.43,200.75,2807281.0
2023-11-16,200.38,203.07,199.61,200.8,2332993.0
2023-11-17,200.93,202.2,199.0,200.94,1659067.0
2023-11-20,201.0,204.78,200.79,203.34,2086398.0
2023-11-21,202.0,202.43,198.5,200.44,2312935.0
2023-11-22,201.88,204.98,199.27,199.58,1501040.0
2023-11-24,199.03,200.775,198.48,200.12,834956.0
2023-11-27,199.05,201.025,198.0,199.66,1023189.0
2023-11-28,200.0,201.88,198.36,200.03,1263456.0
2023-11-29,203.74,207.8,202.25,204.33,2149120.0
2023-11-30,205.18,205.52,201.76,204.08,2269489.0
2023-12-01,204.0,206.54,202.43,205.68,1362968.0
2023-12-04,204.06,206.49,203.41,206.28,1638538.0
2023-12-05,204.57,206.35,202.68,205.83,1937080.0
2023-12-06,208.54,210.3399,205.38,205.92,2052536.0
2023-12-07,207.8,213.15,206.817,211.7,2487838.0
2023-12-08,211.43,217.225,210.8,215.55,2609661.0
2023-12-11,216.43,221.9,215.96,220.55,2936801.0
2023-12-12,219.61,221.71,218.76,219.13,1847297.0
2023-12-13,219.31,223.06,217.53,221.33,2001490.0
2023-12-14,223.81,233.245,223.0,232.68,3894293.0
2023-12-15,235.17,238.27,232.8,232.93,3936601.0
2023-12-18,233.2,233.86,227.27,229.33,2531728.0
2023-12-19,230.41,231.28,228.615,229.38,1721906.0
2023-12-20,228.56,229.95,222.68,222.9,2479654.0
2023-12-21,226.97,229.869,226.52,229.25,1905492.0
2023-12-22,230.9,232.15,227.77,228.95,1033467.0
2023-12-26,230.0,233.28,229.37,231.95,1159844.0
2023-12-27,232.84,233.9,230.645,232.1,919100.0
2023-12-28,233.17,233.365,230.64,231.07,946312.0
2023-12-29,231.07,231.9599,227.73,229.68,1105071.0
2024-01-02,227.26,227.26,218.57,221.18,2668473.0
2024-01-03,217.58,218.25,214.08,216.08,1866242.0
2024-01-04,204.305,210.54,204.12,207.76,3880506.0
2024-01-05,207.99,208.96,204.66,205.72,2246321.0
2024-01-08,207.3,213.03,207.255,212.17,1923573.0
2024-01-09,208.13,213.07,207.72,211.71,2023232.0
2024-01-10,211.86,212.51,207.18,211.29,1759355.0
2024-01-11,210.99,212.49,207.31,211.49,2138852.0
2024-01-12,211.3,212.205,207.57,209.11,1247690.0
2024-01-16,210.69,211.72,206.31,208.99,1749516.0
2024-01-17,205.93,206.0,201.58,205.48,2146696.0
2024-01-18,210.71,212.675,208.96,211.61,3148419.0
2024-01-19,213.34,219.45,212.46,218.36,2749848.0
2024-01-22,219.63,223.0,217.3467,218.84,2445076.0
2024-01-23,220.35,224.87,219.45,223.93,2484996.0
2024-01-24,222.73,224.87,219.6501,221.69,2798736.0
2024-01-25,222.99,223.89,217.83,219.41,2552343.0
2024-01-26,218.12,218.95,214.36,215.12,2424393.0
2024-01-29,216.93,217.57,213.29,217.47,1827943.0
2024-01-30,215.55,217.25,214.23,215.17,1708121.0
2024-01-31,212.88,215.32,209.75,210.57,3150774.0
2024-02-01,211.69,214.04,209.44,213.01,1967665.0
2024-02-02,210.16,215.56,209.86,214.99,2135991.0
2024-02-05,218.36,223.42,218.0,221.02,4119429.0
2024-02-06,220.98,225.42,218.84,223.0,3949129.0
2024-02-07,225.0,225.0,218.61,221.37,2788955.0
2024-02-08,221.44,228.85,221.44,227.83,2815390.0
2024-02-09,229.87,233.66,228.325,233.55,2621409.0
2024-02-12,234.0,241.26,233.1,236.68,2787744.0
2024-02-13,230.1,234.23,228.1,232.07,2723742.0
2024-02-14,233.96,235.46,232.43,233.96,1824763.0
2024-02-15,235.42,238.13,234.03,234.49,2078337.0
2024-02-16,234.5,236.69,231.3,232.16,1476220.0
2024-02-20,230.0,232.2,227.31,231.35,2140486.0
2024-02-21,230.02,235.35,229.665,235.32,1641060.0
2024-02-22,241.47,242.4,237.11,239.5,3173287.0
2024-02-23,240.82,241.325,237.5,238.85,1817647.0
2024-02-26,240.36,245.0,240.15,243.79,1595984.0
2024-02-27,245.88,252.83,245.0,245.73,2438147.0
2024-02-28,243.11,245.865,242.0,243.98,1489157.0
2024-02-29,247.94,250.3,245.66,249.73,3374691.0
2024-03-01,251.88,259.08,250.29,257.51,2444551.0
2024-03-04,259.49,259.49,253.73,254.24,2667550.0
2024-03-05,251.71,254.28,246.79,248.46,2319462.0
2024-03-06,252.07,255.355,250.335,251.25,2527718.0
2024-03-07,253.72,264.26,253.17,259.04,2942083.0
2024-03-08,259.92,262.91,251.79,252.03,2481016.0
2024-03-11,250.63,254.305,249.7166,253.29,2020386.0
2024-03-12,256.19,257.99,251.73,257.46,2103846.0
2024-03-13,253.69,254.35,250.155,250.98,2457605.0
2024-03-14,250.35,251.345,241.32,243.73,3519966.0
2024-03-15,234.49,239.31,233.0,237.54,5827212.0
2024-03-18,240.17,241.99,236.31,236.62,2236744.0
2024-03-19,234.91,238.145,233.54,236.38,2172202.0
2024-03-20,235.58,241.7399,234.55,241.27,2102181.0
2024-03-21,246.65,249.975,244.56,246.11,2926556.0
2024-03-22,244.35,247.18,243.315,244.33,2236543.0
2024-03-25,240.9,242.52,238.61,240.34,1703454.0
2024-03-26,242.19,243.33,238.79,239.06,1443134.0
2024-03-27,242.25,246.14,240.48,245.44,1588429.0
2024-03-28,245.89,248.31,245.0,247.77,1731401.0
2024-04-01,248.38,251.87,244.84,246.28,1477835.0
2024-04-02,243.82,243.82,239.6,240.77,1607852.0
2024-04-03,239.09,244.31,238.0,243.88,1061568.0
2024-04-04,247.23,248.09,237.97,239.17,2500669.0
2024-04-05,240.25,241.52,238.85,241.01,1617573.0
2024-04-08,242.15,246.21,241.92,244.92,1182479.0
2024-04-09,247.21,251.96,246.37,251.83,1708516.0
2024-04-10,246.73,248.51,240.2,241.08,2028201.0
2024-04-11,242.85,244.9,240.52,244.33,1734100.0
2024-04-12,239.62,240.89,232.755,233.61,2597575.0
2024-04-15,237.49,237.5,228.385,230.11,2304027.0
2024-04-16,231.62,232.545,227.98,230.68,1638999.0
2024-04-17,231.07,231.46,225.84,226.92,1939103.0
2024-04-18,222.0,223.38,217.35,219.35,3494808.0
2024-04-19,219.35,220.34,213.02,215.12,2759976.0
2024-04-22,218.67,220.2,214.33,218.66,2230045.0
2024-04-23,219.02,226.89,218.845,225.61,3023787.0
2024-04-24,235.46,237.69,232.32,235.04,3810484.0
2024-04-25,236.86,239.59,233.75,238.08,2051586.0
2024-04-26,236.95,244.29,236.39,242.7,2059371.0
2024-04-29,242.75,247.94,242.13,247.13,2976344.0
2024-04-30,257.72,261.15,250.51,256.19,4799825.0
2024-05-01,253.35,258.21,246.55,249.43,3538381.0
2024-05-02,253.44,255.39,245.195,254.26,2316609.0
2024-05-03,261.0,262.11,257.11,257.85,2513112.0
2024-05-06,259.26,260.49,256.665,259.63,2213598.0
2024-05-07,260.57,262.0,258.33,258.65,1605077.0
2024-05-08,255.58,260.29,255.58,260.21,1636479.0
2024-05-09,260.51,261.88,258.08,260.8,1777761.0
2024-05-10,262.5,264.0,260.18,261.73,1072289.0
2024-05-13,263.99,266.63,263.0,263.93,1395197.0
2024-05-14,264.7,268.4323,263.94,267.66,1618280.0
2024-05-15,270.16,272.29,267.75,272.0,2231412.0
2024-05-16,271.1,273.37,269.55,269.61,1549811.0
2024-05-17,269.72,270.18,265.7601,267.72,1344607.0
2024-05-20,267.99,274.525,267.5301,273.57,1271425.0
2024-05-21,269.26,275.49,268.17,274.42,1155763.0
2024-05-22,277.0,280.24,275.2401,278.83,2185229.0
2024-05-23,279.88,279.88,269.68,272.72,2327038.0
2024-05-24,278.33,280.77,275.55,277.17,1319860.0
2024-05-28,276.55,282.22,276.12,279.63,1503596.0
2024-05-29,274.44,277.185,273.4,273.83,1696130.0
2024-05-30,271.42,274.29,270.225,271.43,1785092.0
2024-05-31,271.835,273.9,264.22,272.1,3065079.0
2024-06-03,275.62,277.52,265.105,269.94,1273183.0
2024-06-04,267.47,271.24,265.64,266.3,1783789.0
2024-06-05,270.06,276.08,268.771,275.7,1692716.0
2024-06-06,274.63,275.1659,271.52,272.01,1438019.0
2024-06-07,272.79,277.0,270.8,271.89,1211253.0
2024-06-10,268.17,277.32,268.05,276.85,1353928.0
2024-06-11,276.79,278.36,271.87,277.93,1122977.0
2024-06-12,282.0,286.8699,279.59,282.99,1652764.0
2024-06-13,272.05,279.43,272.0,275.47,1382708.0
2024-06-14,270.0,272.41,266.27,268.85,1680269.0
2024-06-17,268.45,271.64,264.15,271.26,1702496.0
2024-06-18,270.78,273.22,269.36,271.4,1649842.0
2024-06-20,269.61,270.32,263.26,264.68,3003795.0
2024-06-21,266.43,271.715,264.84,271.03,4027477.0
2024-06-24,268.98,271.77,266.56,267.27,1680505.0
2024-06-25,270.31,271.35,266.68,269.92,1460598.0
2024-06-26,269.0,270.86,265.82,268.17,1693077.0
2024-06-27,268.21,269.7299,264.41,265.01,1489077.0
2024-06-28,267.44,273.835,265.88,269.09,2228021.0
2024-07-01,269.12,269.78,262.53,265.67,1723855.0
2024-07-02,265.67,272.235,265.505,272.04,1421311.0
2024-07-03,272.38,274.59,268.4,272.29,970939.0
2024-07-05,275.49,275.5,269.795,273.54,1237677.0
2024-07-08,274.36,277.8,274.16,277.22,1006905.0
2024-07-09,277.25,278.135,273.18,274.91,1072912.0
2024-07-10,277.08,282.75,275.08,282.37,1233261.0
2024-07-11,283.51,284.99,274.46,274.58,2095907.0
2024-07-12,277.81,283.93,275.74,280.19,1558573.0
2024-07-15,281.87,286.09,280.0,282.77,1431363.0
2024-07-16,285.39,291.47,283.26,290.78,1356231.0
2024-07-17,284.555,296.08,275.97,276.29,4527084.0
2024-07-18,279.93,285.55,276.05,279.27,2209022.0
2024-07-19,279.02,279.89,268.096,269.29,2402890.0
2024-07-22,275.86,284.75,271.02,283.81,4005420.0
2024-07-23,260.79,269.63,255.15,262.3,6654121.0
2024-07-24,260.77,262.585,254.21,254.4,4060791.0
2024-07-25,250.36,255.46,245.42,247.51,4244244.0
2024-07-26,251.59,256.23,250.58,253.62,2111034.0
2024-07-29,257.25,262.235,254.31,255.81,2420962.0
2024-07-30,258.46,258.46,250.36,251.68,2477535.0
2024-07-31,258.84,264.54,255.19,263.16,3232096.0
2024-08-01,258.01,260.61,241.4,243.62,4006466.0
2024-08-02,236.15,238.9078,231.08,237.75,4567147.0
2024-08-05,232.03,241.98,229.015,235.41,3227516.0
2024-08-06,237.24,243.02,234.35,236.76,1854032.0
2024-08-07,243.53,244.52,228.3,229.29,2676978.0
2024-08-08,236.7,245.96,233.0,245.24,2776016.0
2024-08-09,242.38,243.91,239.06,242.02,1089196.0
2024-08-12,242.7,243.12,237.025,240.16,2299072.0
2024-08-13,241.46,248.61,241.1,248.01,2323342.0
2024-08-14,247.79,248.885,241.255,243.64,1785919.0
2024-08-15,250.62,254.76,247.36,253.25,2790135.0
2024-08-16,251.99,255.78,250.035,254.44,1523849.0
2024-08-19,252.57,258.42,250.645,258.24,1381240.0
2024-08-20,256.58,257.375,252.55,254.02,1515478.0
2024-08-21,256.61,259.74,251.01,254.31,2218554.0
2024-08-22,254.98,255.37,244.21,245.36,3142383.0
2024-08-23,251.18,254.27,248.43,252.63,2568243.0
2024-08-26,251.3,252.025,248.23,249.84,2041601.0
2024-08-27,247.4,254.54,246.045,252.73,1653377.0
2024-08-28,252.37,253.37,244.9,246.91,1439019.0
2024-08-29,249.32,254.25,247.48,248.78,1666299.0
2024-08-30,254.79,257.61,252.0,256.36,2696441.0
2024-09-03,251.24,252.24,234.93,236.14,3463953.0
2024-09-04,234.01,240.33,232.075,238.86,2492233.0
2024-09-05,236.17,239.83,234.67,236.7,1976363.0
2024-09-06,236.17,236.47,225.68,226.7,3035358.0
2024-09-09,230.1,231.07,226.73,230.6,2549282.0
2024-09-10,227.38,228.915,221.54,225.19,2910935.0
2024-09-11,224.36,231.33,220.1,230.87,3876532.0
2024-09-12,228.01,229.24,222.37,225.14,2532924.0
2024-09-13,228.11,231.88,227.04,229.93,3017643.0
2024-09-16,227.0,230.5,225.33,230.01,1866112.0
2024-09-17,232.35,234.68,229.51,232.57,1920251.0
2024-09-18,233.37,238.64,230.96,231.51,2161228.0
2024-09-19,238.64,242.49,235.85,238.72,3656214.0
2024-09-20,233.41,234.17,228.54,231.88,6787217.0
2024-09-23,232.95,234.0,230.9401,231.86,1470367.0
2024-09-24,234.6,239.17,230.67,233.75,1913865.0
2024-09-25,231.53,235.14,231.18,233.97,1620454.0
2024-09-26,242.625,244.12,234.945,242.24,2067410.0
2024-09-27,245.18,246.98,242.69,244.93,2443909.0
2024-09-30,237.39,240.2,236.22,240.01,2898316.0
2024-10-01,238.81,239.83,230.395,232.22,2440299.0
2024-10-02,232.6,238.49,230.83,235.36,1404189.0
2024-10-03,232.75,234.91,230.93,233.24,1747705.0
2024-10-04,239.56,239.71,231.51,234.24,1599654.0
2024-10-07,236.98,237.09,232.2,234.02,1805941.0
2024-10-08,234.02,236.18,232.39,234.96,1469365.0
2024-10-09,233.24,238.8675,233.0,238.31,1423682.0
2024-10-10,234.07,236.47,232.5,236.17,1191471.0
2024-10-11,233.57,240.75,233.35,238.1,1148202.0
2024-10-14,240.23,243.74,237.85,243.44,1964844.0
2024-10-15,242.64,244.57,230.14,232.85,3611822.0
2024-10-16,236.43,237.84,232.5,232.73,1368800.0
2024-10-17,238.44,238.88,232.1,232.28,2062040.0
2024-10-18,236.24,236.6691,232.44,233.45,1187573.0
2024-10-21,231.06,232.445,227.33,230.15,1584931.0
2024-10-22,229.42,232.49,227.6429,231.52,2173619.0
2024-10-23,236.23,239.885,233.02,236.32,2954457.0
2024-10-24,238.68,241.92,235.56,239.06,1592955.0
2024-10-25,240.62,246.075,240.08,243.16,2140411.0
2024-10-28,239.42,251.0999,238.13,249.7,2811967.0
2024-10-29,250.57,256.62,249.06,255.58,2133925.0
2024-10-30,249.47,253.42,245.0,245.32,2400971.0
2024-10-31,244.48,244.48,231.3,234.5,3540255.0
2024-11-01,234.5,240.17,234.095,238.59,2223699.0
2024-11-04,237.32,239.21,235.57,236.9,2935879.0
2024-11-05,220.5,224.84,216.93,224.65,5961082.0
2024-11-06,228.13,233.83,226.11,231.38,3597991.0
2024-11-07,237.76,238.85,231.88,236.12,3129205.0
2024-11-08,233.13,235.0,227.965,233.89,2743168.0
2024-11-11,230.98,231.415,223.71,227.04,2715067.0
2024-11-12,225.31,226.99,221.85,224.79,2528753.0
2024-11-13,221.57,225.44,221.44,222.96,3144654.0
2024-11-14,223.88,225.33,221.37,223.96,2250033.0
2024-11-15,221.83,223.96,216.59,217.04,2792478.0
2024-11-18,217.2,220.42,216.0371,220.19,2472936.0
2024-11-19,218.55,220.59,217.245,219.91,1503356.0
2024-11-20,217.2,220.47,216.0639,220.34,2143069.0
2024-11-21,222.11,226.29,219.7817,224.57,1769272.0
2024-11-22,227.0,227.03,223.705,226.38,1584135.0
2024-11-25,229.94,235.43,227.83,233.85,2784554.0
2024-11-26,237.36,238.76,226.75,228.66,2476552.0
2024-11-27,228.09,229.97,222.86,226.53,1520630.0
2024-11-29,227.86,232.17,226.715,229.37,1437417.0
2024-12-02,229.005,236.07,228.175,233.61,2796583.0
2024-12-03,230.71,232.79,228.09,228.36,2573008.0
2024-12-04,231.27,231.86,222.54,223.66,2350464.0
2024-12-05,222.47,223.03,216.41,216.99,2296966.0
2024-12-06,218.37,220.19,217.61,218.66,2302266.0
2024-12-09,217.95,225.99,217.2,223.61,2149836.0
2024-12-10,224.26,224.48,217.05,217.94,1715584.0
2024-12-11,220.1,221.92,217.76,219.84,2482982.0
2024-12-12,218.58,219.62,215.43,217.73,1770390.0
2024-12-13,216.12,218.31,215.05,216.84,2855604.0
2024-12-16,217.11,220.65,214.79,218.18,2884581.0
2024-12-17,220.34,223.18,217.61,219.02,3592378.0
2024-12-18,219.08,223.36,209.29,210.29,3608668.0
2024-12-19,212.06,213.4599,206.97,207.27,2734942.0
2024-12-20,205.64,213.47,204.72,210.24,6139259.0
2024-12-23,210.5,214.84,210.5,214.09,1737565.0
2024-12-24,214.92,215.41,212.31,215.4,788844.0
2024-12-26,213.0,217.38,213.0,215.04,885661.0
2024-12-27,213.33,214.95,211.67,213.76,1162038.0
2024-12-30,211.55,211.95,206.79,207.47,1817889.0
2024-12-31,208.74,209.49,206.335,207.85,1154471.0
2025-01-02,209.61,211.6,205.23,206.21,1424322.0
2025-01-03,207.3,210.14,205.0,208.86,2308109.0
2025-01-06,210.01,215.91,210.01,213.41,1972600.0
2025-01-07,213.88,218.9373,211.24,212.58,2312106.0
2025-01-08,212.14,213.32,207.34,209.72,2302263.0
2025-01-10,209.63,211.32,206.38,206.75,2510990.0
2025-01-13,203.12,207.21,202.25,206.83,1629587.0
2025-01-14,208.58,210.65,206.73,210.63,1512755.0
2025-01-15,215.26,216.6618,213.49,213.56,3143305.0
2025-01-16,215.25,215.42,209.78,210.76,1631771.0
2025-01-17,216.41,217.458,213.97,215.36,1921386.0
2025-01-21,215.0,216.7474,213.33,214.88,3237684.0
2025-01-22,215.185,219.635,214.01,216.09,2367183.0
2025-01-23,213.62,219.91,212.685,219.88,2250690.0
2025-01-24,216.45,217.455,211.57,213.43,2776928.0
2025-01-27,215.005,219.74,212.38,215.08,4525371.0
2025-01-28,214.0,215.71,208.3,213.43,2446040.0
2025-01-29,213.23,215.74,211.74,213.01,1739381.0
2025-01-30,211.64,212.76,206.81,211.39,3303209.0
2025-01-31,212.0,215.8499,208.31,208.55,3019353.0
2025-02-03,203.0,207.0835,198.21,204.73,4742751.0
2025-02-04,207.84,210.0,198.87,202.4,3675376.0
2025-02-05,201.76,214.13,201.58,213.24,4450975.0
2025-02-06,216.5,220.62,214.655,216.82,2928640.0
2025-02-07,215.47,217.86,211.27,212.93,2216245.0
2025-02-10,214.2,215.07,208.76,210.05,2412105.0
2025-02-11,208.32,213.64,207.6391,210.97,1273192.0
2025-02-12,216.4,221.49,212.63,219.79,3202192.0
2025-02-13,219.21,221.28,216.64,219.59,2761188.0
2025-02-14,220.8,226.44,219.26,224.14,3085458.0
2025-02-18,226.79,234.085,226.72,228.86,4327304.0
2025-02-19,230.52,246.7999,229.55,245.58,5345494.0
2025-02-20,255.0,255.45,244.08,245.86,4342705.0
2025-02-21,247.21,248.0,236.22,236.52,5304096.0
2025-02-24,236.795,238.63,232.87,233.15,3129824.0
2025-02-25,234.53,235.7,228.02,228.56,3033137.0
2025-02-26,229.52,230.7,225.38,229.38,2630326.0
2025-02-27,228.65,229.3,216.46,216.87,3573445.0
2025-02-28,218.33,221.15,213.63,215.59,4231411.0
2025-03-03,220.0,222.79,213.48,216.53,4651665.0
2025-03-04,216.51,218.11,210.72,211.16,4111413.0
2025-03-05,213.33,217.555,208.67,216.77,2621023.0
2025-03-06,212.79,219.45,210.67,214.47,3463320.0
2025-03-07,214.095,223.8,212.5001,222.56,4301438.0
2025-03-10,217.47,218.07,206.94,208.84,3747375.0
2025-03-11,209.1,209.76,199.875,205.8,3197247.0
2025-03-12,208.07,209.98,203.63,204.45,2288514.0
2025-03-13,204.07,208.0,200.06,201.02,1792670.0
2025-03-14,204.8,206.96,203.48,206.16,2771575.0
2025-03-17,204.86,212.1199,204.86,209.83,2207468.0
2025-03-18,207.45,208.99,205.27,207.1,1861441.0
2025-03-19,206.18,211.36,206.03,207.38,1640467.0
2025-03-20,204.06,205.66,201.53,202.64,1455305.0
2025-03-21,200.18,201.3768,196.95,200.64,3351987.0
2025-03-24,206.32,212.42,205.595,211.12,2742598.0
2025-03-25,213.91,216.63,210.75,211.33,1662307.0
2025-03-26,211.04,212.61,202.87,205.75,3637663.0
2025-03-27,203.29,203.87,198.72,200.06,2877075.0
2025-03-28,198.27,199.08,188.85,189.99,4260791.0
2025-03-31,187.3,191.11,183.56,190.06,4304176.0
2025-04-01,188.545,190.14,184.3,190.0,2270378.0
2025-04-02,186.4,196.59,186.4,193.67,2230312.0
2025-04-03,183.48,185.31,171.71,171.88,6167501.0
2025-04-04,164.87,167.375,155.87,160.81,6448823.0
2025-04-07,156.54,173.55,152.37,163.29,6564180.0
2025-04-08,164.58,169.0,148.09,153.5,5098683.0
2025-04-09,156.52,187.51,152.205,185.87,8785850.0
2025-04-10,176.12,177.86,159.53,165.59,6325167.0
2025-04-11,164.34,169.81,158.66,168.79,5169338.0
2025-04-14,172.45,173.34,166.76,170.545,2349214.0
2025-04-15,172.72,174.51,169.46,171.63,1923114.0
2025-04-16,165.25,170.45,163.16,168.59,4699521.0
2025-04-17,169.91,172.02,166.76,170.74,2106387.0
2025-04-21,166.6,171.95,166.6,171.5,2624579.0
2025-04-22,173.74,176.08,172.17,174.66,2876109.0
2025-04-23,181.46,185.3632,179.51,180.87,3916649.0
2025-04-24,187.21,194.43,184.7743,193.57,4247102.0
2025-04-25,189.39,194.59,188.41,193.55,2485988.0
