Date,open,high,low,close,volume
2015-04-27,45.54,46.09,45.46,45.63,2454369.0
2015-04-28,45.88,45.99,45.44,45.68,2632979.0
2015-04-29,44.92,45.39,44.64,45.16,2593632.0
2015-04-30,44.12,45.09,43.95,44.79,4376074.0
2015-05-01,46.32,46.35,45.26,45.87,2796475.0
2015-05-04,45.98,46.08,45.58,45.79,1221399.0
2015-05-05,45.95,46.43,45.74,45.91,2246537.0
2015-05-06,46.11,46.17,45.45,45.67,2184533.0
2015-05-07,45.42,45.62,44.93,45.62,2714159.0
2015-05-08,46.34,46.45,45.59,46.11,1844719.0
2015-05-11,47.03,47.37,46.65,46.88,3261321.0
2015-05-12,46.5,47.08,46.35,46.77,1816391.0
2015-05-13,46.79,47.13,46.42,46.48,1975462.0
2015-05-14,46.71,46.98,46.27,46.36,1588760.0
2015-05-15,46.24,46.33,45.95,46.13,2096675.0
2015-05-18,45.92,46.16,45.56,45.64,1581518.0
2015-05-19,44.35,44.53,43.91,44.25,3102912.0
2015-05-20,44.71,45.0,44.35,44.63,1822508.0
2015-05-21,45.25,45.27,44.83,44.97,1636968.0
2015-05-22,45.07,45.34,44.8,44.88,2330429.0
2015-05-26,44.75,44.79,44.02,44.3,1692246.0
2015-05-27,44.04,44.51,43.91,44.43,2076472.0
2015-05-28,43.93,44.23,43.56,44.14,1780389.0
2015-05-29,43.86,44.1,43.5,43.77,1435903.0
2015-06-01,43.77,43.88,42.92,43.17,1760663.0
2015-06-02,43.86,45.0,43.8,44.69,2481782.0
2015-06-03,44.4,44.65,43.94,44.1,2047092.0
2015-06-04,44.09,44.32,43.63,43.84,1332169.0
2015-06-05,43.45,44.1,43.3,43.63,1369225.0
2015-06-08,43.46,43.66,43.02,43.25,1587303.0
2015-06-09,42.98,43.09,42.38,42.42,2743993.0
2015-06-10,44.02,44.44,43.63,43.9,3302746.0
2015-06-11,44.02,44.23,43.66,44.17,1818572.0
2015-06-12,44.03,44.2,43.73,44.04,1426645.0
2015-06-15,43.61,43.87,43.51,43.61,1346766.0
2015-06-16,43.06,43.14,42.8,43.01,1604340.0
2015-06-17,43.11,43.44,42.66,43.27,1647136.0
2015-06-18,43.67,43.87,43.29,43.68,1559125.0
2015-06-19,43.51,43.7,43.13,43.16,1550511.0
2015-06-22,43.75,43.93,43.48,43.53,1157421.0
2015-06-23,43.18,43.85,43.16,43.8,1807795.0
2015-06-24,43.88,44.19,43.51,43.59,1486400.0
2015-06-25,43.38,43.49,42.84,42.9,1338984.0
2015-06-26,42.72,42.98,42.6,42.84,1003702.0
2015-06-29,42.36,42.61,42.01,42.04,1404275.0
2015-06-30,42.11,42.11,40.85,41.21,4778173.0
2015-07-01,41.05,41.14,40.62,40.73,2814311.0
2015-07-02,41.28,41.64,40.85,41.04,2034094.0
2015-07-06,39.96,40.49,39.67,40.14,2681279.0
2015-07-07,39.16,39.88,38.26,39.72,4259766.0
2015-07-08,38.4,38.65,37.96,38.17,4178705.0
2015-07-09,39.25,39.44,38.53,38.53,2642494.0
2015-07-10,39.81,39.82,39.1,39.14,2884339.0
2015-07-13,39.87,40.98,39.5,40.67,6018657.0
2015-07-14,40.68,40.69,40.09,40.51,3098824.0
2015-07-15,40.66,40.66,40.14,40.47,3101579.0
2015-07-16,41.06,41.2,40.56,40.81,2225405.0
2015-07-17,40.58,40.59,40.16,40.35,1626057.0
2015-07-20,40.28,40.42,39.92,40.01,2021763.0
2015-07-21,39.91,40.61,39.81,39.99,3715400.0
2015-07-22,38.98,39.39,38.81,39.03,2736171.0
2015-07-23,39.08,39.27,38.4,38.53,2506097.0
2015-07-24,38.08,38.1,37.09,37.39,3523141.0
2015-07-27,37.34,37.58,36.8,36.97,3126358.0
2015-07-28,37.8,37.97,37.45,37.78,3437499.0
2015-07-29,38.01,38.67,37.97,38.49,2585536.0
2015-07-30,38.49,38.62,37.97,38.2,2042951.0
2015-07-31,38.96,39.04,38.52,38.62,1978968.0
2015-08-03,37.87,38.08,37.57,37.77,2347732.0
2015-08-04,38.65,39.05,38.25,38.5,2084458.0
2015-08-05,40.11,40.24,39.45,39.47,3955864.0
2015-08-06,39.82,40.47,39.51,40.27,2911841.0
2015-08-07,39.95,40.22,39.7,39.8,2532859.0
2015-08-10,40.11,41.68,39.94,41.6,3337767.0
2015-08-11,40.18,40.3,39.68,40.07,3276349.0
2015-08-12,38.88,39.33,38.5,39.29,2929080.0
2015-08-13,38.59,38.74,38.18,38.44,1607800.0
2015-08-14,38.41,38.83,38.4,38.59,1328775.0
2015-08-17,38.22,38.33,37.97,38.24,1814839.0
2015-08-18,37.59,37.91,37.48,37.77,1848882.0
2015-08-19,36.79,37.11,36.07,36.57,3468759.0
2015-08-20,37.23,37.3,36.74,36.74,2075074.0
2015-08-21,36.65,36.9,35.98,35.99,2488018.0
2015-08-24,33.59,35.21,33.25,34.14,5244034.0
2015-08-25,35.58,35.58,34.3,34.3,3655621.0
2015-08-26,35.12,35.13,33.82,34.71,2802925.0
2015-08-27,35.23,36.8,35.23,36.56,4366294.0
2015-08-28,35.8,36.95,35.8,36.6,2900163.0
2015-08-31,36.14,36.94,35.79,36.72,1759293.0
2015-09-01,34.71,35.29,34.12,34.32,3428949.0
2015-09-02,35.6,35.63,34.48,35.2,3080676.0
2015-09-03,35.45,36.32,35.38,35.59,2962330.0
2015-09-04,34.14,34.45,33.83,34.23,3090555.0
2015-09-08,35.3,36.01,35.18,35.93,3238005.0
2015-09-09,37.13,37.31,35.86,35.99,3134183.0
2015-09-10,36.36,36.83,36.05,36.38,3343685.0
2015-09-11,37.25,37.27,36.68,37.21,4316276.0
2015-09-14,36.85,37.47,36.34,37.44,3133981.0
2015-09-15,36.72,36.99,36.43,36.9,5615326.0
2015-09-16,36.81,37.36,36.8,37.21,4308083.0
2015-09-17,36.59,37.41,36.41,36.76,3688486.0
2015-09-18,35.85,36.17,35.27,35.52,5074130.0
2015-09-21,35.38,35.58,35.06,35.32,2828816.0
2015-09-22,34.1,34.19,33.62,34.04,4389787.0
2015-09-23,34.46,34.59,33.54,33.54,3770487.0
2015-09-24,33.49,34.09,33.28,34.02,5435615.0
2015-09-25,33.93,34.02,33.46,33.6,2662137.0
2015-09-28,32.38,32.42,31.97,32.06,3119646.0
2015-09-29,32.83,32.9,32.37,32.65,3347602.0
2015-09-30,33.39,33.86,33.26,33.82,4655257.0
2015-10-01,34.22,34.45,33.38,33.76,2893803.0
2015-10-02,33.79,34.83,33.44,34.78,5028288.0
2015-10-05,35.12,35.73,35.08,35.27,4219324.0
2015-10-06,35.23,35.58,35.09,35.42,2564352.0
2015-10-07,38.57,38.87,37.83,38.19,7571426.0
2015-10-08,38.23,38.96,37.96,38.81,5570285.0
2015-10-09,39.79,40.05,39.52,39.74,4947277.0
2015-10-12,39.36,39.37,38.66,38.95,2490352.0
2015-10-13,37.96,38.6,37.96,38.17,2442575.0
2015-10-14,39.15,39.36,38.89,39.24,4362839.0
2015-10-15,39.14,39.27,38.75,39.21,2689665.0
2015-10-16,39.01,39.1,38.27,38.36,2790178.0
2015-10-19,38.03,38.1,37.46,37.76,2436709.0
2015-10-20,37.12,37.65,37.05,37.5,2739589.0
2015-10-21,37.6,37.65,37.08,37.18,1827231.0
2015-10-22,37.45,38.24,37.44,37.96,2052442.0
2015-10-23,38.54,38.66,38.1,38.29,1974064.0
2015-10-26,38.51,38.54,37.76,37.8,2004421.0
2015-10-27,37.21,37.59,36.9,37.01,2669505.0
2015-10-28,36.01,37.18,35.97,36.7,3472205.0
2015-10-29,35.58,36.21,35.57,35.86,3598463.0
2015-10-30,36.48,36.69,36.26,36.51,3111694.0
2015-11-02,35.83,36.28,35.57,36.15,2795353.0
2015-11-03,35.61,36.67,35.54,36.41,4031972.0
2015-11-04,37.1,37.25,36.16,36.4,2937171.0
2015-11-05,35.32,35.41,34.71,34.94,3113791.0
2015-11-06,34.62,34.8,34.17,34.72,2633900.0
2015-11-09,35.01,35.19,34.47,34.76,2345527.0
2015-11-10,34.89,35.39,34.54,35.26,3833102.0
2015-11-11,35.67,35.67,34.73,34.95,2001373.0
2015-11-12,34.03,34.57,33.97,33.99,2635285.0
2015-11-13,34.29,34.51,33.83,34.24,2520640.0
2015-11-16,34.08,34.52,33.68,34.19,2130186.0
2015-11-17,34.08,34.08,33.28,33.43,2792242.0
2015-11-18,34.26,34.68,34.18,34.63,2642497.0
2015-11-19,34.95,35.22,34.85,34.95,1832426.0
2015-11-20,35.47,35.48,34.58,34.68,1985934.0
2015-11-23,34.45,34.75,34.09,34.22,2748157.0
2015-11-24,34.08,34.52,34.05,34.33,2200497.0
2015-11-25,34.0,34.08,33.53,33.67,2460407.0
2015-11-27,32.97,33.18,32.83,33.11,2406774.0
2015-11-30,33.05,33.41,32.81,33.08,3514350.0
2015-12-01,33.14,33.47,33.07,33.4,2632230.0
2015-12-02,32.7,32.99,32.36,32.48,2583289.0
2015-12-03,32.41,32.52,31.52,31.8,3864731.0
2015-12-04,31.55,31.76,31.23,31.75,3384514.0
2015-12-07,31.27,31.28,30.79,31.01,3893171.0
2015-12-08,28.94,29.09,28.24,28.5,7815214.0
2015-12-09,30.09,30.26,29.1,29.41,5707539.0
2015-12-10,29.62,30.26,29.45,29.9,3506343.0
2015-12-11,28.65,29.0,28.45,28.53,4714956.0
2015-12-14,28.48,28.59,27.88,28.15,4906603.0
2015-12-15,28.24,28.71,28.13,28.18,3719296.0
2015-12-16,28.92,29.05,28.45,28.96,3375677.0
2015-12-17,28.49,28.5,27.51,27.52,4289317.0
2015-12-18,27.99,28.11,27.32,27.38,6726615.0
2015-12-21,28.23,28.26,27.45,27.64,4778947.0
2015-12-22,28.03,28.39,27.8,28.26,4143054.0
2015-12-23,29.91,30.07,29.58,29.86,4798855.0
2015-12-24,29.89,29.9,29.56,29.72,818810.0
2015-12-28,29.4,29.43,29.1,29.4,2647745.0
2015-12-29,29.28,29.55,28.93,29.27,2104454.0
2015-12-30,29.09,29.24,28.87,29.09,2321276.0
2015-12-31,28.94,29.29,28.91,29.12,1473075.0
2016-01-04,28.24,28.58,27.77,28.41,4868016.0
2016-01-05,28.88,28.92,28.24,28.65,2955646.0
2016-01-06,26.99,27.14,26.69,27.03,6227645.0
2016-01-07,25.76,26.34,25.7,25.81,5083407.0
2016-01-08,25.85,25.94,25.0,25.07,5402131.0
2016-01-11,25.54,25.56,24.4,24.74,8642602.0
2016-01-12,24.67,24.67,23.49,24.02,7457554.0
2016-01-13,24.82,24.93,23.72,23.81,4888838.0
2016-01-14,24.81,25.38,24.32,25.2,8233284.0
2016-01-15,23.51,23.9,23.23,23.62,5599329.0
2016-01-19,23.87,23.93,23.07,23.32,4145107.0
2016-01-20,22.68,23.0,21.88,22.7,6122061.0
2016-01-21,23.22,24.08,23.01,23.87,6741658.0
2016-01-22,24.5,24.65,23.45,23.77,7718028.0
2016-01-25,23.17,23.31,22.71,22.83,6436943.0
2016-01-26,23.75,24.42,23.56,24.39,5715180.0
2016-01-27,23.98,24.71,23.81,24.1,4756953.0
2016-01-28,25.18,25.2,24.2,24.46,4476965.0
2016-01-29,23.95,24.7,23.91,24.65,3615685.0
2016-02-01,24.09,24.66,23.75,24.5,2804770.0
2016-02-02,23.08,23.34,22.88,23.25,3998549.0
2016-02-03,24.48,25.07,23.77,25.05,6284752.0
2016-02-04,26.58,27.58,26.51,26.96,10781780.0
2016-02-05,26.06,26.66,25.99,26.21,4727461.0
2016-02-08,25.98,26.71,25.87,26.43,6066180.0
2016-02-09,25.03,25.59,24.88,25.36,6509992.0
2016-02-10,25.33,25.76,25.06,25.25,5037438.0
2016-02-11,24.52,25.0,24.29,24.59,7738699.0
2016-02-12,26.26,26.73,25.97,26.52,6423450.0
2016-02-16,26.28,26.89,25.86,26.84,5003475.0
2016-02-17,27.11,27.99,27.11,27.63,5674284.0
2016-02-18,27.23,27.31,26.88,27.16,4758805.0
2016-02-19,26.73,27.4,26.67,27.37,5103131.0
2016-02-22,28.43,29.24,28.36,29.11,6848009.0
2016-02-23,28.47,28.64,27.78,27.99,7086081.0
2016-02-24,25.42,26.03,25.06,25.95,7235067.0
2016-02-25,25.62,25.79,25.07,25.66,4727342.0
2016-02-26,26.03,26.33,25.43,25.52,4312006.0
2016-02-29,26.23,26.67,26.07,26.1,4092588.0
2016-03-01,27.13,27.19,26.56,26.96,5164786.0
2016-03-02,27.63,28.56,27.58,28.56,5464663.0
2016-03-03,28.67,28.91,28.09,28.89,6133537.0
2016-03-04,29.5,30.85,29.31,30.32,11020046.0
2016-03-07,31.16,32.22,31.12,31.95,14246996.0
2016-03-08,29.88,29.89,28.73,28.98,7580507.0
2016-03-09,28.81,29.11,28.2,29.06,3176686.0
2016-03-10,28.34,28.83,27.97,28.59,6484061.0
2016-03-11,28.72,29.18,28.49,29.11,4654619.0
2016-03-14,28.78,29.06,28.42,28.74,5113262.0
2016-03-15,27.55,27.57,27.1,27.29,5100546.0
2016-03-16,27.48,28.42,27.05,28.39,6652939.0
2016-03-17,29.4,29.59,28.8,29.46,9134642.0
2016-03-18,29.72,29.94,29.01,29.13,6046112.0
2016-03-21,29.05,29.31,28.69,28.91,4917282.0
2016-03-22,28.06,28.47,28.02,28.35,4992763.0
2016-03-23,28.22,28.29,27.49,27.67,5059656.0
2016-03-24,26.83,27.79,26.73,27.71,5266931.0
2016-03-28,27.93,27.95,27.31,27.74,2548865.0
2016-03-29,26.59,27.61,26.38,27.6,5164586.0
2016-03-30,28.44,28.98,28.23,28.53,5113947.0
2016-03-31,28.33,28.51,28.1,28.27,2830921.0
2016-04-01,27.28,28.22,27.25,28.17,3577564.0
2016-04-04,28.61,28.72,27.72,27.79,3146230.0
2016-04-05,27.0,27.44,26.87,27.32,4722575.0
2016-04-06,26.94,27.58,26.71,27.57,3390388.0
2016-04-07,27.35,27.64,26.85,26.93,3217929.0
2016-04-08,27.9,28.21,27.68,27.99,4019584.0
2016-04-11,29.03,29.22,28.77,28.9,3211895.0
2016-04-12,29.78,30.05,29.3,29.94,4114596.0
2016-04-13,31.5,32.0,31.32,31.88,8338056.0
2016-04-14,31.85,32.15,31.4,31.9,6015950.0
2016-04-15,31.51,31.9,31.18,31.67,3703347.0
2016-04-18,31.56,32.56,31.38,32.46,4304936.0
2016-04-19,33.09,33.86,32.86,33.8,5189137.0
2016-04-20,34.3,35.52,34.18,35.42,11182159.0
2016-04-21,35.17,35.39,33.82,34.05,7448164.0
2016-04-22,33.8,34.05,33.23,33.56,4502903.0
2016-04-25,32.57,32.88,32.26,32.39,4323127.0
2016-04-26,32.45,32.77,32.0,32.71,4020571.0
2016-04-27,32.06,32.92,32.06,32.88,5422065.0
2016-04-28,33.3,34.24,33.2,33.38,4978620.0
2016-04-29,33.75,34.31,33.37,33.66,3976077.0
2016-05-02,33.98,33.99,33.08,33.5,3757622.0
2016-05-03,32.06,32.1,31.25,31.42,5774600.0
2016-05-04,30.94,31.25,30.4,30.55,5358630.0
2016-05-05,30.76,31.21,30.31,30.5,5039133.0
2016-05-06,30.15,31.2,30.09,30.9,4238093.0
2016-05-09,29.07,29.16,28.38,28.47,6269634.0
2016-05-10,28.89,29.65,28.79,29.59,5310730.0
2016-05-11,29.62,29.8,29.13,29.4,4475909.0
2016-05-12,29.4,29.6,28.47,28.7,4105681.0
2016-05-13,28.47,28.88,28.24,28.29,3746967.0
2016-05-16,29.13,29.66,28.97,29.02,3607588.0
2016-05-17,29.18,29.89,28.9,29.44,3823058.0
2016-05-18,28.77,29.49,28.38,28.46,4877707.0
2016-05-19,27.91,28.93,27.73,28.79,5533688.0
2016-05-20,29.1,29.31,28.14,28.31,4841162.0
2016-05-23,27.99,28.53,27.86,28.34,3926642.0
2016-05-24,28.72,28.92,28.42,28.64,3912798.0
2016-05-25,29.12,29.61,29.02,29.5,3883630.0
2016-05-26,29.57,29.74,28.83,28.92,3914816.0
2016-05-27,29.24,29.27,28.51,28.73,3585153.0
2016-05-31,28.48,29.01,28.03,28.04,4038576.0
2016-06-01,27.21,27.63,27.0,27.52,8143929.0
2016-06-02,27.18,27.58,27.15,27.58,4583900.0
2016-06-03,27.9,28.38,27.65,28.34,5131257.0
2016-06-06,29.23,29.89,29.1,29.83,6374400.0
2016-06-07,29.45,29.88,29.38,29.39,5414660.0
2016-06-08,29.99,30.42,29.89,29.93,4862933.0
2016-06-09,29.1,29.26,28.65,28.75,5089483.0
2016-06-10,28.1,28.46,27.8,27.94,5404208.0
2016-06-13,27.78,28.37,27.77,28.07,4970857.0
2016-06-14,27.71,27.89,26.95,27.32,4605576.0
2016-06-15,28.01,28.69,27.98,28.31,4973890.0
2016-06-16,27.83,28.5,27.35,28.45,4131820.0
2016-06-17,28.84,29.4,28.75,29.19,4380803.0
2016-06-20,30.05,30.46,29.97,30.05,4321512.0
2016-06-21,30.25,30.33,29.74,30.17,3386060.0
2016-06-22,30.84,30.97,30.22,30.34,4979466.0
2016-06-23,31.25,31.26,30.58,31.09,5106153.0
2016-06-24,28.44,29.61,28.43,28.76,9034637.0
2016-06-27,28.01,28.27,27.98,28.17,705873.0
2016-06-28,28.97,29.4,28.71,28.96,6529589.0
2016-06-29,29.97,30.29,29.67,29.95,4769133.0
2016-06-30,30.62,31.31,30.24,31.3,7483800.0
2016-07-01,31.08,31.67,31.02,31.57,4142544.0
2016-07-05,31.05,31.26,30.31,30.5,4249345.0
2016-07-06,30.19,30.9,29.98,30.89,3382046.0
2016-07-07,31.33,31.46,30.08,30.28,4288740.0
2016-07-08,30.82,31.63,30.8,31.59,5432493.0
2016-07-11,31.89,32.33,31.83,32.13,3866214.0
2016-07-12,33.04,33.36,32.67,33.19,5847291.0
2016-07-13,33.72,33.73,32.68,33.14,5376567.0
2016-07-14,33.72,33.77,33.25,33.47,4358023.0
2016-07-15,33.1,33.37,32.7,32.86,3761476.0
2016-07-18,32.73,33.03,32.43,32.99,2740859.0
2016-07-19,31.58,31.75,31.04,31.19,5093986.0
2016-07-20,30.73,31.06,30.47,30.8,3396909.0
2016-07-21,31.58,31.92,31.38,31.57,3147542.0
2016-07-22,31.37,31.43,31.0,31.35,1828316.0
2016-07-25,31.38,31.39,30.79,31.07,1980591.0
2016-07-26,31.73,32.43,31.65,32.39,3944154.0
2016-07-27,32.6,32.97,32.3,32.82,4072231.0
2016-07-28,32.61,32.86,32.3,32.84,4868634.0
2016-07-29,32.55,32.99,32.37,32.82,3311933.0
2016-08-01,33.24,33.24,32.58,32.68,4132899.0
2016-08-02,32.89,32.93,32.36,32.79,3317717.0
2016-08-03,32.35,33.04,32.13,33.02,3624812.0
2016-08-04,32.08,32.52,31.77,32.46,5481110.0
2016-08-05,32.55,32.81,32.35,32.74,3283943.0
2016-08-08,33.15,33.52,33.05,33.27,3637845.0
2016-08-09,32.89,33.27,32.79,32.87,2544265.0
2016-08-10,32.82,32.86,32.06,32.07,3264108.0
2016-08-11,32.28,32.54,32.03,32.46,3976297.0
2016-08-12,31.62,31.74,30.98,31.08,4426406.0
2016-08-15,31.32,31.76,31.31,31.73,2898313.0
2016-08-16,32.39,32.66,32.16,32.4,3964314.0
2016-08-17,32.04,32.39,31.64,32.22,2840775.0
2016-08-18,32.8,32.8,32.37,32.63,2485968.0
2016-08-19,32.03,32.22,31.76,32.06,2820906.0
2016-08-22,31.34,31.69,31.22,31.61,3619020.0
2016-08-23,32.17,32.57,32.1,32.13,3531065.0
2016-08-24,31.97,32.04,31.47,31.5,2755943.0
2016-08-25,31.56,31.89,31.49,31.82,2664652.0
2016-08-26,32.37,32.83,31.24,31.54,6799484.0
2016-08-29,31.4,31.77,31.25,31.69,2862683.0
2016-08-30,31.19,31.26,30.48,30.6,3397330.0
2016-08-31,30.19,30.41,30.04,30.17,3806141.0
2016-09-01,30.64,30.82,30.28,30.78,2429601.0
2016-09-02,31.39,31.43,30.7,31.13,5074758.0
2016-09-06,31.27,31.59,31.04,31.58,2574048.0
2016-09-07,31.14,31.34,30.75,31.04,3176403.0
2016-09-08,31.6,31.83,31.32,31.47,2807270.0
2016-09-09,31.36,31.42,30.71,30.74,2759119.0
2016-09-12,30.06,31.21,29.99,31.12,4518988.0
2016-09-13,30.39,30.49,29.62,29.8,4193853.0
2016-09-14,30.14,30.45,29.9,30.32,4111557.0
2016-09-15,29.99,30.6,29.91,30.49,4239938.0
2016-09-16,30.0,30.23,29.79,29.9,3809167.0
2016-09-19,30.95,31.05,30.7,30.8,3292633.0
2016-09-20,30.9,31.0,30.69,30.91,2154206.0
2016-09-21,31.26,32.1,31.26,32.04,3383652.0
2016-09-22,33.06,33.15,32.49,32.52,4703632.0
2016-09-23,32.42,32.76,32.33,32.41,3075160.0
2016-09-26,32.41,32.53,32.15,32.17,2134276.0
2016-09-27,31.71,32.32,31.61,32.23,2094882.0
2016-09-28,32.91,33.77,32.67,33.74,7920971.0
2016-09-29,33.72,34.34,33.49,33.7,5105963.0
2016-09-30,33.79,33.87,33.29,33.4,3756821.0
2016-10-03,33.41,33.61,33.21,33.56,2108328.0
2016-10-04,34.16,34.16,32.94,33.1,3784504.0
2016-10-05,33.57,33.96,33.33,33.72,2183629.0
2016-10-06,33.3,33.51,33.1,33.18,1929124.0
2016-10-07,33.68,33.72,32.96,33.16,6391279.0
2016-10-10,33.42,33.94,33.4,33.71,3039779.0
2016-10-11,33.74,33.77,32.38,32.58,3884867.0
2016-10-12,32.97,33.4,32.72,32.81,5021172.0
2016-10-13,31.27,32.02,31.24,31.81,4786503.0
2016-10-14,32.09,32.36,31.75,31.77,2556360.0
2016-10-17,31.67,31.97,31.67,31.81,2891580.0
2016-10-18,32.71,32.72,32.27,32.55,2731497.0
2016-10-19,32.25,32.68,32.1,32.62,4149615.0
2016-10-20,32.24,32.59,31.89,32.42,3467606.0
2016-10-21,32.59,33.15,32.47,32.87,3523873.0
2016-10-24,33.28,33.35,32.84,33.12,2908850.0
2016-10-25,34.01,34.45,33.98,34.12,4358735.0
2016-10-26,34.08,34.46,33.93,34.21,2911885.0
2016-10-27,34.45,34.58,34.09,34.24,2672173.0
2016-10-28,34.5,34.81,34.4,34.53,3112663.0
2016-10-31,34.74,35.0,34.64,34.85,2089837.0
2016-11-01,35.32,35.37,34.51,34.68,4170922.0
2016-11-02,34.93,35.13,34.42,34.45,4922449.0
2016-11-03,34.66,34.95,34.44,34.56,2369508.0
2016-11-04,34.05,34.33,33.91,33.93,3161222.0
2016-11-07,35.11,35.29,34.89,35.28,2982353.0
2016-11-08,35.22,35.9,35.07,35.72,3861166.0
2016-11-09,37.35,38.47,37.29,38.24,8236510.0
2016-11-10,39.74,40.19,39.06,39.29,10009344.0
2016-11-11,38.96,39.15,38.3,39.08,4362317.0
2016-11-14,38.9,39.65,38.86,39.65,5194694.0
2016-11-15,37.49,38.15,37.22,38.13,4841756.0
2016-11-16,37.46,37.62,37.04,37.36,3938599.0
2016-11-17,37.58,37.98,37.32,37.56,2997372.0
2016-11-18,36.59,36.85,36.25,36.55,3342424.0
2016-11-21,37.22,37.56,37.11,37.51,3156854.0
2016-11-22,38.3,39.08,38.05,39.0,4598141.0
2016-11-23,37.97,39.41,37.95,39.39,6780246.0
2016-11-25,39.11,39.42,38.81,39.35,2818069.0
2016-11-28,39.0,39.65,38.92,39.45,5484111.0
2016-11-29,38.46,38.84,38.22,38.34,4220162.0
2016-11-30,37.96,38.22,37.66,37.91,3387281.0
2016-12-01,37.95,38.62,37.87,38.35,2885045.0
2016-12-02,38.0,39.04,37.94,39.02,2433179.0
2016-12-05,39.32,39.66,39.1,39.49,2676746.0
2016-12-06,38.62,39.25,38.52,39.25,2634519.0
2016-12-07,40.63,41.58,40.57,41.53,5568213.0
2016-12-08,42.59,42.61,41.7,42.12,9436726.0
2016-12-09,41.6,41.63,40.87,41.15,3853420.0
2016-12-12,41.57,41.96,41.42,41.5,3031330.0
2016-12-13,41.34,41.57,40.41,40.83,3294943.0
2016-12-14,40.68,41.12,39.98,40.04,2975427.0
2016-12-15,38.75,39.34,38.53,39.25,4518346.0
2016-12-16,38.9,39.26,38.73,38.76,3672849.0
2016-12-19,38.14,38.51,38.03,38.18,2808085.0
2016-12-20,38.59,39.1,38.51,39.08,2451858.0
2016-12-21,38.95,39.03,38.79,38.88,1944390.0
2016-12-22,38.44,38.65,38.11,38.18,1946343.0
2016-12-23,38.1,38.27,37.96,38.12,1000085.0
2016-12-27,38.23,38.45,38.22,38.35,868138.0
2016-12-28,39.45,39.48,38.82,38.87,1923876.0
2016-12-29,39.02,39.04,38.75,38.9,1766836.0
2016-12-30,39.35,39.51,38.4,38.46,2868697.0
2017-01-03,38.84,39.09,38.75,38.96,2415774.0
2017-01-04,38.55,39.23,38.51,39.21,3119661.0
2017-01-05,38.54,39.39,38.54,39.32,3898077.0
2017-01-06,38.82,39.01,38.37,38.39,3569801.0
2017-01-09,38.36,38.72,38.26,38.36,4089799.0
2017-01-10,40.53,41.01,40.33,41.0,5707409.0
2017-01-11,41.31,41.77,41.03,41.7,4782630.0
2017-01-12,42.87,42.87,41.94,42.13,5007765.0
2017-01-13,41.74,42.25,41.43,42.04,3090039.0
2017-01-17,42.71,43.0,42.44,42.46,3513800.0
2017-01-18,42.94,43.55,42.83,43.33,4121179.0
2017-01-19,43.12,43.24,42.69,43.01,1832576.0
2017-01-20,42.37,43.08,42.36,42.93,2422714.0
2017-01-23,43.57,43.87,43.45,43.81,2804394.0
2017-01-24,45.42,45.92,45.31,45.7,5874957.0
2017-01-25,45.07,46.04,44.94,45.96,5219834.0
2017-01-26,45.05,45.3,44.61,44.86,3439517.0
2017-01-27,45.01,45.39,44.86,45.35,2932245.0
2017-01-30,44.59,44.83,44.14,44.39,2861556.0
2017-01-31,45.09,45.12,44.35,44.79,2654643.0
2017-02-01,45.11,45.57,44.82,45.44,3175480.0
2017-02-02,44.69,44.86,44.37,44.61,3283898.0
2017-02-03,43.26,43.35,42.65,42.67,5409614.0
2017-02-06,42.46,42.82,42.35,42.78,7227309.0
2017-02-07,43.13,43.44,42.94,43.02,5102694.0
2017-02-08,42.73,43.13,42.44,42.94,3627704.0
2017-02-09,42.65,43.19,42.41,43.14,4377459.0
2017-02-10,44.09,45.41,44.06,45.41,5836069.0
2017-02-13,46.08,47.11,46.06,46.65,10246994.0
2017-02-14,46.1,46.33,45.7,46.25,3540633.0
2017-02-15,46.12,46.35,45.84,45.93,2168619.0
2017-02-16,46.18,46.3,45.91,46.13,2409486.0
2017-02-17,45.29,45.5,45.12,45.5,2245842.0
2017-02-21,45.99,46.24,45.87,46.15,3233115.0
2017-02-22,43.96,44.54,43.93,44.34,2902614.0
2017-02-23,44.49,44.57,42.44,42.51,10035067.0
2017-02-24,41.51,42.21,41.25,41.69,6559946.0
2017-02-27,41.7,42.4,41.65,41.83,4609225.0
2017-02-28,41.39,41.69,41.35,41.52,2896542.0
2017-03-01,42.27,43.02,42.12,42.91,4883691.0
2017-03-02,42.49,42.64,41.15,41.23,4255803.0
2017-03-03,41.39,41.8,41.25,41.79,2590387.0
2017-03-06,40.83,40.92,40.53,40.68,3035129.0
2017-03-07,41.0,41.06,40.58,40.62,3483539.0
2017-03-08,41.03,41.07,39.73,39.9,8132557.0
2017-03-09,39.44,39.8,39.13,39.41,5291655.0
2017-03-10,39.8,39.96,39.06,39.39,4954352.0
2017-03-13,40.79,41.03,40.65,40.85,3727253.0
2017-03-14,40.3,40.9,39.93,40.55,3520881.0
2017-03-15,41.54,43.1,41.19,43.06,7628139.0
2017-03-16,43.4,43.47,42.86,42.93,6785503.0
2017-03-17,43.32,43.46,42.97,43.03,3188588.0
2017-03-20,43.07,43.34,42.87,43.26,2175672.0
2017-03-21,42.93,43.06,40.98,41.01,6101327.0
2017-03-22,41.2,41.8,40.99,41.56,3755200.0
2017-03-23,41.42,41.68,41.06,41.33,2742434.0
2017-03-24,41.32,41.4,40.58,40.84,6281487.0
2017-03-27,39.92,40.32,39.45,40.23,5052412.0
2017-03-28,40.31,41.1,40.27,40.86,3181938.0
2017-03-29,40.56,41.06,40.51,40.88,3056531.0
2017-03-30,41.16,41.5,41.03,41.08,2921079.0
2017-03-31,40.35,40.92,40.14,40.68,2423596.0
2017-04-03,40.8,41.02,40.1,40.47,2671650.0
2017-04-04,41.05,41.18,40.73,41.03,2565501.0
2017-04-05,41.78,41.98,40.72,40.75,3463149.0
2017-04-06,41.11,41.42,40.8,40.98,5023171.0
2017-04-07,40.08,41.13,40.0,40.61,3298237.0
2017-04-10,40.89,41.06,40.7,40.87,2822894.0
2017-04-11,41.86,41.9,40.73,41.44,4012550.0
2017-04-12,39.99,40.09,39.06,39.28,5775943.0
2017-04-13,39.15,39.4,38.84,38.94,2975019.0
2017-04-17,39.2,39.22,38.63,39.01,2345578.0
2017-04-18,38.63,38.94,38.23,38.62,4285768.0
2017-04-19,39.31,39.37,38.44,38.52,3513904.0
2017-04-20,39.26,39.76,39.13,39.57,3470292.0
2017-04-21,39.84,39.85,39.31,39.53,2963289.0
2017-04-24,40.08,40.28,39.84,40.11,2997041.0
2017-04-25,40.14,40.42,39.88,40.34,2695646.0
2017-04-26,39.51,40.43,39.5,40.08,2235987.0
2017-04-27,39.87,39.87,39.05,39.53,2789304.0
2017-04-28,40.11,40.16,39.76,39.82,1574977.0
2017-05-01,39.96,40.15,39.72,40.07,1774989.0
2017-05-02,39.59,39.89,39.57,39.84,3089862.0
2017-05-03,38.77,38.91,38.26,38.37,3225344.0
2017-05-04,37.94,38.19,37.67,38.07,3830614.0
2017-05-05,38.59,39.1,38.4,38.9,3220582.0
2017-05-08,38.35,38.51,38.17,38.47,2181344.0
2017-05-09,38.92,39.08,38.36,38.48,4299285.0
2017-05-10,39.02,39.09,38.72,38.81,2094366.0
2017-05-11,38.94,38.96,38.64,38.77,2243135.0
2017-05-12,38.5,38.69,38.43,38.69,1582371.0
2017-05-15,39.31,39.49,39.11,39.19,2532878.0
2017-05-16,39.94,40.55,39.91,40.45,4108594.0
2017-05-17,40.23,40.64,40.09,40.1,4816983.0
2017-05-18,39.87,40.63,39.63,40.41,3995800.0
2017-05-19,41.11,41.72,41.04,41.38,4370531.0
2017-05-22,42.21,42.31,41.83,42.13,3363378.0
2017-05-23,41.86,42.06,41.71,41.86,2934732.0
2017-05-24,41.22,41.69,41.13,41.5,2874309.0
2017-05-25,41.55,41.96,41.02,41.39,3156937.0
2017-05-26,41.41,41.47,40.95,40.98,2036137.0
2017-05-30,41.28,41.46,41.07,41.3,1237482.0
2017-05-31,40.56,40.79,40.24,40.31,2881779.0
2017-06-01,40.51,40.86,40.44,40.65,1873800.0
2017-06-02,40.74,41.03,40.32,40.8,2318102.0
2017-06-05,40.62,40.75,40.34,40.41,1579279.0
2017-06-06,40.36,41.05,40.31,40.96,2052780.0
2017-06-07,41.32,41.49,40.87,41.24,3208029.0
2017-06-08,41.22,42.16,41.21,42.11,2582884.0
2017-06-09,41.62,42.2,41.45,41.73,2837922.0
2017-06-12,41.6,41.83,40.9,41.04,5171755.0
2017-06-13,41.09,41.29,40.96,41.16,2172807.0
2017-06-14,41.25,41.27,39.59,39.89,3817042.0
2017-06-15,39.45,39.72,38.96,39.35,3258551.0
2017-06-16,39.43,39.51,38.88,39.3,3250885.0
2017-06-19,39.54,39.76,39.23,39.25,2431525.0
2017-06-20,38.67,38.68,37.66,38.0,4195312.0
2017-06-21,38.58,38.78,38.1,38.32,3200733.0
2017-06-22,38.08,38.99,38.08,38.71,5617407.0
2017-06-23,39.1,39.37,38.86,39.17,2707121.0
2017-06-26,39.5,39.61,38.95,39.28,1795489.0
2017-06-27,40.63,40.92,40.18,40.19,5701863.0
2017-06-28,41.1,41.27,40.81,41.17,3386323.0
2017-06-29,42.17,42.41,41.51,41.84,3158191.0
2017-06-30,42.55,42.55,42.07,42.31,2719800.0
2017-07-03,43.23,43.84,43.13,43.6,3051049.0
2017-07-05,43.86,43.95,43.14,43.29,4889217.0
2017-07-06,43.25,43.66,43.07,43.14,3800506.0
2017-07-07,43.54,43.63,43.15,43.5,3722065.0
2017-07-10,42.69,44.39,42.65,44.22,4726248.0
2017-07-11,44.42,44.87,44.21,44.7,1753294.0
2017-07-12,44.73,44.93,44.49,44.67,1061114.0
2017-07-13,44.59,44.85,44.28,44.55,869403.0
2017-07-14,45.3,45.58,45.08,45.17,1618199.0
2017-07-17,45.45,45.71,45.39,45.43,1060773.0
2017-07-18,44.63,45.5,44.56,45.46,1559652.0
2017-07-19,45.29,45.57,45.21,45.36,2167704.0
2017-07-20,44.73,44.84,44.1,44.53,1148215.0
2017-07-21,44.36,44.41,43.85,44.12,1315570.0
2017-07-24,44.06,44.18,43.13,43.9,2010337.0
2017-07-25,45.22,46.18,45.08,45.91,3814823.0
2017-07-26,46.06,46.22,45.57,46.01,2022138.0
2017-07-27,46.56,46.56,45.65,45.87,3077390.0
2017-07-28,45.97,46.84,45.91,46.6,1628530.0
2017-07-31,47.2,47.51,46.99,47.38,4547683.0
2017-08-01,46.99,47.23,46.77,47.11,1375560.0
2017-08-02,45.58,46.05,45.34,46.02,1759353.0
2017-08-03,46.19,46.48,45.94,46.18,960804.0
2017-08-04,47.08,47.08,46.65,46.83,1013688.0
2017-08-07,47.51,48.03,47.45,47.86,1478948.0
2017-08-08,47.17,47.61,47.06,47.28,1688687.0
2017-08-09,46.07,46.36,45.81,46.16,3812885.0
2017-08-10,45.7,45.83,45.34,45.37,2259853.0
2017-08-11,44.33,44.75,44.24,44.61,5583534.0
2017-08-14,44.71,45.05,44.67,44.76,2486500.0
2017-08-15,43.96,44.33,43.88,44.21,3159361.0
2017-08-16,44.91,45.37,44.78,45.24,2830225.0
2017-08-17,44.9,45.01,44.26,44.32,1995160.0
2017-08-18,44.58,44.84,44.46,44.64,1906551.0
2017-08-21,45.15,45.33,44.96,45.2,2226049.0
2017-08-22,45.98,46.3,45.89,46.15,4196741.0
2017-08-23,46.27,47.41,46.19,47.31,7937265.0
2017-08-24,47.24,47.83,46.97,47.59,3737755.0
2017-08-25,48.17,48.24,47.65,47.69,3351018.0
2017-08-28,47.83,48.21,47.66,48.03,1704545.0
2017-08-29,47.59,48.29,47.5,48.11,2791197.0
2017-08-30,48.16,48.33,47.89,47.91,3006918.0
2017-08-31,48.84,49.27,48.74,49.08,4176157.0
2017-09-01,49.57,49.79,49.28,49.53,2535183.0
2017-09-05,49.31,49.42,48.25,48.84,4863010.0
2017-09-06,48.84,49.29,48.78,49.15,2098222.0
2017-09-07,49.46,49.58,49.23,49.53,1986998.0
2017-09-08,49.28,49.34,48.01,48.27,3285153.0
2017-09-11,48.6,49.44,48.57,49.24,2116611.0
2017-09-12,49.57,49.89,49.48,49.66,2701858.0
2017-09-13,48.67,48.89,48.53,48.84,2265686.0
2017-09-14,47.71,47.99,47.48,47.96,2715793.0
2017-09-15,47.7,47.93,47.6,47.63,3392007.0
2017-09-18,47.83,48.27,47.81,48.24,2019664.0
2017-09-19,47.99,48.52,47.77,48.45,2079877.0
2017-09-20,48.23,48.4,47.42,47.82,3282304.0
2017-09-21,47.5,48.09,47.28,47.85,3621449.0
2017-09-22,47.7,48.18,47.65,47.82,2006718.0
2017-09-25,47.5,47.62,46.82,47.08,2299969.0
2017-09-26,47.08,47.16,46.51,46.61,2929752.0
2017-09-27,47.24,47.28,46.56,46.95,1970242.0
2017-09-28,46.38,47.06,46.24,46.95,2406442.0
2017-09-29,47.25,47.45,47.05,47.19,1546187.0
2017-10-02,47.44,48.03,47.41,47.93,1804039.0
2017-10-03,48.31,48.44,48.15,48.39,2229678.0
2017-10-04,48.77,48.86,48.4,48.52,1373877.0
2017-10-05,48.75,49.17,48.69,48.73,1864455.0
2017-10-06,48.82,49.19,48.64,49.08,2709245.0
2017-10-09,49.15,49.25,47.96,48.07,3612061.0
2017-10-10,48.19,48.4,47.98,48.26,2010604.0
2017-10-11,48.12,48.14,47.55,47.75,1808430.0
2017-10-12,47.86,48.24,47.69,48.08,2230420.0
2017-10-13,49.42,50.13,49.24,50.01,3803235.0
2017-10-16,50.67,50.77,49.83,50.02,2596240.0
2017-10-17,49.9,50.02,49.55,49.79,1937101.0
2017-10-18,48.86,49.02,47.64,48.02,5009509.0
2017-10-19,47.86,48.41,47.79,48.13,2201994.0
2017-10-20,48.45,48.63,47.84,48.37,2163723.0
2017-10-23,47.96,48.19,47.9,47.96,1115095.0
2017-10-24,47.62,48.14,47.61,47.98,1713469.0
2017-10-25,47.58,47.58,46.76,47.1,1941464.0
2017-10-26,47.88,47.91,47.2,47.21,2291755.0
2017-10-27,46.76,47.66,46.7,47.45,1788453.0
2017-10-30,47.7,47.84,47.23,47.33,1738099.0
2017-10-31,47.33,48.1,47.16,47.93,1845132.0
2017-11-01,49.46,49.47,48.97,49.03,2660908.0
2017-11-02,49.26,49.78,49.2,49.48,1899578.0
2017-11-03,49.66,49.66,49.0,49.24,1358467.0
2017-11-06,50.04,50.44,50.0,50.39,2318323.0
2017-11-07,50.38,50.42,49.52,49.89,2144191.0
2017-11-08,50.21,50.56,49.78,50.5,2300358.0
2017-11-09,48.95,49.13,48.57,49.12,3413057.0
2017-11-10,49.39,49.67,49.14,49.51,1695556.0
2017-11-13,48.75,49.51,48.75,49.2,1957495.0
2017-11-14,48.39,48.48,47.7,48.0,2870868.0
2017-11-15,47.14,47.75,46.72,47.56,3204344.0
2017-11-16,47.85,47.87,47.38,47.63,1895996.0
2017-11-17,47.55,47.87,47.44,47.59,1933084.0
2017-11-20,47.48,47.84,47.24,47.82,2454424.0
2017-11-21,47.95,48.36,47.87,48.05,2579463.0
2017-11-22,48.74,49.13,48.71,49.01,1934515.0
2017-11-24,49.27,49.65,49.27,49.43,1084675.0
2017-11-27,49.55,49.62,48.83,48.88,1317478.0
2017-11-28,48.33,48.74,48.2,48.71,2108714.0
2017-11-29,48.12,48.52,47.67,47.89,2171992.0
2017-11-30,48.13,48.26,47.79,47.9,1809397.0
2017-12-01,48.05,48.72,47.63,48.3,2623967.0
2017-12-04,48.49,48.75,48.27,48.29,1895512.0
2017-12-05,47.24,47.68,47.07,47.2,2886212.0
2017-12-06,47.0,47.64,46.97,47.45,3001281.0
2017-12-07,46.82,47.18,46.77,47.06,2682439.0
2017-12-08,47.33,47.55,47.04,47.17,2329078.0
2017-12-11,47.9,48.24,47.84,47.95,1932037.0
2017-12-12,47.57,48.03,47.36,47.7,3417962.0
2017-12-13,47.96,48.75,47.82,48.6,4166540.0
2017-12-14,48.77,48.83,48.04,48.06,3277212.0
2017-12-15,48.8,49.15,48.68,49.12,3388810.0
2017-12-18,49.56,50.17,49.54,49.88,2297256.0
2017-12-19,49.42,49.78,49.26,49.49,1740441.0
2017-12-20,50.31,50.71,50.02,50.57,2754670.0
2017-12-21,50.97,51.46,50.87,51.41,2561326.0
2017-12-22,51.28,51.41,50.94,51.09,1619640.0
2017-12-26,51.03,51.72,50.4,51.42,2299528.0
2017-12-27,52.01,52.17,51.61,51.75,1887740.0
2017-12-28,52.63,52.88,52.42,52.76,2387387.0
2017-12-29,53.69,53.69,52.6,52.93,2964394.0
2018-01-02,53.95,54.88,53.82,54.75,3908206.0
2018-01-03,54.75,55.0,54.43,54.95,2849232.0
2018-01-04,54.87,55.0,54.64,54.7,2377675.0
2018-01-05,54.65,54.66,54.15,54.54,3632600.0
2018-01-08,55.0,55.68,54.94,55.65,2781625.0
2018-01-09,56.0,56.14,55.61,55.74,2735103.0
2018-01-10,55.92,56.16,55.7,56.08,2497608.0
2018-01-11,56.66,57.28,56.62,57.24,2577964.0
2018-01-12,57.54,57.78,57.43,57.67,2364016.0
2018-01-16,56.57,56.73,55.67,55.78,3844892.0
2018-01-17,56.31,56.49,55.91,56.27,2348142.0
2018-01-18,56.26,56.43,55.85,56.24,2059127.0
2018-01-19,56.55,56.78,55.91,56.05,2510689.0
2018-01-22,56.33,56.47,55.96,56.45,2278008.0
2018-01-23,55.87,55.89,55.13,55.66,2684337.0
2018-01-24,56.46,56.58,55.97,56.15,2116936.0
2018-01-25,56.86,56.98,55.71,55.76,2522796.0
2018-01-26,55.96,56.43,55.83,56.31,1413929.0
2018-01-29,57.18,57.28,56.6,56.65,2507805.0
2018-01-30,56.75,56.76,56.08,56.17,1914350.0
2018-01-31,56.22,56.41,55.77,56.11,2124116.0
2018-02-01,56.21,56.67,56.1,56.52,2255667.0
2018-02-02,56.53,56.53,54.12,54.33,4950639.0
2018-02-05,54.98,55.6,52.72,53.29,3873583.0
2018-02-06,53.68,55.61,53.42,55.19,6956328.0
2018-02-07,54.37,54.71,53.8,53.9,4165444.0
2018-02-08,54.0,54.12,52.13,52.27,4991932.0
2018-02-09,53.15,53.95,51.78,53.72,5096656.0
2018-02-12,54.21,55.49,54.15,55.19,5615469.0
2018-02-13,55.37,55.99,55.14,55.71,3190992.0
2018-02-14,55.23,58.2,55.11,58.04,5440703.0
2018-02-15,59.04,59.25,58.21,58.9,3404126.0
2018-02-16,58.06,58.73,57.73,57.82,3362034.0
2018-02-20,56.55,56.88,55.96,56.27,3964914.0
2018-02-21,56.36,57.18,55.97,55.97,2268040.0
2018-02-22,56.16,57.01,56.03,56.61,2319259.0
2018-02-23,56.66,57.09,56.46,57.07,1287878.0
2018-02-26,57.61,58.19,57.2,58.01,2900115.0
2018-02-27,57.48,57.5,56.47,56.55,4201942.0
2018-02-28,55.38,55.61,54.66,54.71,5777051.0
2018-03-01,53.1,53.25,51.99,52.64,4861604.0
2018-03-02,51.4,51.81,50.77,51.48,5407990.0
2018-03-05,51.11,52.32,51.05,52.25,2914912.0
2018-03-06,52.78,53.57,52.78,53.22,4165240.0
2018-03-07,52.43,52.96,52.18,52.61,3759458.0
2018-03-08,52.18,52.24,51.31,51.91,4681245.0
2018-03-09,52.23,52.73,51.84,52.07,3275508.0
2018-03-12,52.26,52.41,52.0,52.22,2079705.0
2018-03-13,52.77,52.99,52.0,52.04,2551582.0
2018-03-14,53.06,53.13,51.91,52.2,2944419.0
2018-03-15,52.67,52.83,52.36,52.6,5063205.0
2018-03-16,52.66,52.93,52.39,52.58,2006651.0
2018-03-19,52.0,52.02,51.19,51.62,2816741.0
2018-03-20,51.69,52.22,51.44,51.7,2106655.0
2018-03-21,51.83,53.49,51.7,53.26,3824165.0
2018-03-22,51.67,51.87,50.61,50.79,4288761.0
2018-03-23,51.01,51.64,50.46,50.51,3124255.0
2018-03-26,51.62,51.68,50.74,51.45,2292146.0
2018-03-27,52.16,52.17,50.46,50.69,3806328.0
2018-03-28,50.3,50.51,49.69,50.2,3365128.0
2018-03-29,51.2,51.9,51.1,51.53,3074107.0
2018-04-02,51.72,52.01,51.01,51.31,2179673.0
2018-04-03,51.8,52.23,50.98,51.29,2950875.0
2018-04-04,50.06,51.06,50.05,50.98,2624359.0
2018-04-05,51.6,51.94,51.35,51.52,3076581.0
2018-04-06,50.99,51.2,50.32,50.55,2545130.0
2018-04-09,50.98,51.62,50.41,50.93,3645445.0
2018-04-10,53.12,53.6,52.77,53.14,4517366.0
2018-04-11,52.78,53.77,52.76,53.14,3228190.0
2018-04-12,53.38,54.07,53.16,53.81,2604265.0
2018-04-13,54.64,54.68,54.13,54.26,2687894.0
2018-04-16,54.97,54.98,53.87,54.23,2414505.0
2018-04-17,54.64,54.89,54.38,54.74,4476483.0
2018-04-18,56.73,57.4,56.64,56.85,5314616.0
2018-04-19,57.01,57.14,56.14,56.56,2665996.0
2018-04-20,56.56,56.93,56.19,56.6,2489459.0
2018-04-23,55.29,55.93,55.05,55.52,3019650.0
2018-04-24,56.1,56.49,55.16,55.68,2321723.0
2018-04-25,55.01,55.49,54.67,55.23,2535319.0
2018-04-26,56.22,56.22,55.34,55.68,1910113.0
2018-04-27,55.03,55.55,54.93,55.14,2835648.0
2018-04-30,55.01,55.34,54.91,54.95,1855421.0
2018-05-01,54.72,54.76,53.88,54.56,2493426.0
2018-05-02,55.43,55.58,54.85,55.02,2115027.0
2018-05-03,55.48,55.64,54.65,55.46,1911010.0
2018-05-04,55.21,55.89,55.13,55.62,1997616.0
2018-05-07,55.8,55.86,55.24,55.48,1757539.0
2018-05-08,55.35,55.42,54.69,55.41,2571313.0
2018-05-09,55.97,56.79,55.84,56.56,3765947.0
2018-05-10,56.78,57.44,56.62,57.35,2198667.0
2018-05-11,57.97,58.12,57.22,57.39,2502919.0
2018-05-14,57.99,58.2,57.67,57.85,1983685.0
2018-05-15,57.0,57.7,56.81,57.52,1449321.0
2018-05-16,58.96,59.27,58.84,58.93,2722394.0
2018-05-17,58.55,59.19,58.49,58.98,1521286.0
2018-05-18,58.55,58.89,58.25,58.41,1965199.0
2018-05-21,58.99,59.3,58.85,59.16,2269497.0
2018-05-22,59.19,59.66,58.75,58.96,4042986.0
2018-05-23,57.68,57.86,57.13,57.76,2611624.0
2018-05-24,57.52,57.67,57.02,57.6,1468661.0
2018-05-25,56.9,57.14,56.54,56.98,1229329.0
2018-05-29,56.36,56.64,55.58,55.82,2025064.0
2018-05-30,56.4,57.1,56.08,56.71,2375727.0
2018-05-31,57.1,57.17,56.32,56.7,1629236.0
2018-06-01,57.36,57.82,57.14,57.54,1590544.0
2018-06-04,57.99,58.1,57.55,57.66,1157950.0
2018-06-05,58.13,58.6,58.03,58.53,1889931.0
2018-06-06,59.58,60.72,59.56,60.67,4521153.0
2018-06-07,59.94,60.46,59.07,59.64,2969380.0
2018-06-08,59.52,59.63,59.06,59.22,1929913.0
2018-06-11,59.23,59.52,59.06,59.1,2422784.0
2018-06-12,58.73,58.98,58.47,58.77,1472097.0
2018-06-13,58.55,59.07,58.3,58.73,1677377.0
2018-06-14,58.71,59.04,58.19,58.5,1959788.0
2018-06-15,57.05,57.14,56.08,56.79,3674236.0
2018-06-18,56.11,57.1,56.04,57.06,2698438.0
2018-06-19,54.49,54.99,54.27,54.95,4656683.0
2018-06-20,55.55,55.56,54.65,55.07,2452467.0
2018-06-21,54.81,55.0,54.52,54.72,2221574.0
2018-06-22,56.02,56.1,55.41,55.46,2409709.0
2018-06-25,54.36,54.53,53.62,54.12,2767393.0
2018-06-26,54.25,55.33,54.15,55.11,5309839.0
2018-06-27,55.31,55.88,54.74,54.94,6252711.0
2018-06-28,54.74,55.8,54.62,55.52,5145707.0
2018-06-29,56.02,56.44,55.39,55.48,3327899.0
2018-07-02,54.15,54.28,53.56,53.96,4498621.0
2018-07-03,54.55,54.59,53.66,53.8,2389599.0
2018-07-05,53.93,54.23,53.68,54.08,1847654.0
2018-07-06,53.91,54.82,53.76,54.65,4816067.0
2018-07-09,55.36,56.02,55.06,55.97,4294285.0
2018-07-10,55.63,56.23,55.54,56.21,5835132.0
2018-07-11,54.01,54.43,52.98,53.38,6101001.0
2018-07-12,53.94,54.11,53.52,54.05,2413201.0
2018-07-13,53.81,54.18,53.59,54.0,1499626.0
2018-07-16,53.63,53.78,53.39,53.64,1793114.0
2018-07-17,54.03,54.52,53.88,54.24,2114706.0
2018-07-18,54.42,54.96,54.05,54.94,2194198.0
2018-07-19,53.9,54.07,53.06,53.63,3211726.0
2018-07-20,53.46,54.32,53.39,53.84,2730348.0
2018-07-23,53.87,53.95,53.64,53.8,2040226.0
2018-07-24,56.59,56.96,55.86,55.88,5503327.0
2018-07-25,55.12,56.31,54.96,56.31,2697817.0
2018-07-26,55.08,55.48,54.76,55.09,3633379.0
2018-07-27,55.2,55.71,54.84,55.06,2186968.0
2018-07-30,54.91,55.59,54.81,54.84,2921644.0
2018-07-31,56.32,56.35,55.45,55.5,2822118.0
2018-08-01,54.21,54.3,53.52,53.79,2389484.0
2018-08-02,51.64,52.04,51.41,51.85,6363050.0
2018-08-03,51.61,52.86,51.59,52.7,6532289.0
2018-08-06,51.44,51.75,51.01,51.34,3486582.0
2018-08-07,52.73,52.76,51.38,51.51,3017718.0
2018-08-08,51.72,52.2,51.15,51.97,3059135.0
2018-08-09,50.86,50.93,50.28,50.34,1724724.0
2018-08-10,49.03,49.64,49.03,49.53,4540912.0
2018-08-13,49.77,49.9,49.19,49.48,2337567.0
2018-08-14,48.96,49.29,48.71,49.03,2571346.0
2018-08-15,47.28,47.5,46.73,47.43,4388655.0
2018-08-16,47.83,48.14,47.49,47.56,2363188.0
2018-08-17,47.44,48.53,47.27,48.26,2067936.0
2018-08-20,48.62,48.7,48.06,48.2,2059090.0
2018-08-21,48.03,48.15,47.68,47.82,2433471.0
2018-08-22,48.61,48.64,48.05,48.28,2713538.0
2018-08-23,47.74,47.85,47.22,47.27,2061458.0
2018-08-24,48.33,48.53,48.01,48.29,2036353.0
2018-08-27,48.72,49.04,48.54,48.75,2067545.0
2018-08-28,49.68,49.69,48.69,48.76,3616942.0
2018-08-29,48.73,49.15,48.53,48.99,1552798.0
2018-08-30,48.61,48.67,48.12,48.25,2074537.0
2018-08-31,48.07,48.29,47.73,48.03,1501366.0
2018-09-04,46.5,46.73,46.24,46.59,3222108.0
2018-09-05,46.81,47.03,46.46,46.77,2562948.0
2018-09-06,46.85,47.23,46.3,46.59,2625057.0
2018-09-07,46.15,46.48,45.76,46.27,3224309.0
2018-09-10,46.67,46.7,46.34,46.44,2242106.0
2018-09-11,45.75,46.3,45.62,46.28,2082268.0
2018-09-12,46.45,47.32,46.32,47.09,2609559.0
2018-09-13,47.67,47.75,46.88,47.23,3187421.0
2018-09-14,47.74,47.88,47.34,47.45,1461433.0
2018-09-17,47.87,48.05,47.48,47.54,1777489.0
2018-09-18,48.28,48.53,48.05,48.34,2478231.0
2018-09-19,49.23,49.81,49.19,49.28,3317624.0
2018-09-20,51.57,51.57,50.84,51.15,6404530.0
2018-09-21,51.6,51.92,51.41,51.58,2754515.0
2018-09-24,52.0,52.16,51.39,51.48,2471341.0
2018-09-25,52.2,52.65,52.16,52.21,3001418.0
2018-09-26,51.69,51.93,51.41,51.53,2289858.0
2018-09-27,51.17,51.5,50.98,51.33,1763632.0
2018-09-28,50.94,51.45,50.83,51.02,2353166.0
2018-10-01,50.89,51.12,50.44,50.96,1739293.0
2018-10-02,50.99,51.32,50.92,51.19,2061610.0
2018-10-03,51.71,51.81,51.18,51.3,2185396.0
2018-10-04,51.87,51.87,50.91,51.16,1954928.0
2018-10-05,50.3,50.31,49.32,49.8,3675361.0
2018-10-08,49.72,49.91,49.28,49.83,1920425.0
2018-10-09,49.67,50.63,49.33,50.19,3889522.0
2018-10-10,49.57,49.68,48.5,48.73,3665470.0
2018-10-11,48.63,49.32,48.35,48.93,4585275.0
2018-10-12,49.88,49.89,48.79,49.19,2658279.0
2018-10-15,49.59,50.12,49.47,49.53,2768584.0
2018-10-16,50.16,50.18,49.63,49.85,2205410.0
2018-10-17,50.45,50.66,49.76,50.14,2943256.0
2018-10-18,49.8,49.96,48.79,48.96,2767187.0
2018-10-19,48.71,49.25,48.4,48.61,2101488.0
2018-10-22,48.78,49.22,48.54,49.1,2054934.0
2018-10-23,47.89,48.3,47.24,48.24,2484658.0
2018-10-24,48.25,48.48,46.25,46.31,3465893.0
2018-10-25,47.35,47.55,46.97,47.31,2582884.0
2018-10-26,46.31,48.03,46.3,47.82,3774138.0
2018-10-29,48.69,48.88,47.21,47.65,4223406.0
2018-10-30,47.6,48.12,47.42,48.11,2822845.0
2018-10-31,49.07,49.69,48.8,49.29,3232864.0
2018-11-01,50.14,51.0,49.53,50.77,2587607.0
2018-11-02,51.1,51.37,50.26,50.82,2326604.0
2018-11-05,51.82,51.98,51.17,51.37,1946071.0
2018-11-06,51.2,51.62,51.04,51.59,1723454.0
2018-11-07,52.5,52.55,51.81,52.21,1694506.0
2018-11-08,52.48,52.74,51.82,52.1,1865379.0
2018-11-09,50.77,50.93,50.06,50.57,2856281.0
2018-11-12,51.47,51.47,50.19,50.23,2331872.0
2018-11-13,50.44,50.77,49.6,50.18,2187198.0
2018-11-14,48.76,49.32,48.52,48.98,4223569.0
2018-11-15,48.85,50.14,48.65,50.05,5688966.0
2018-11-16,50.63,51.23,50.44,50.93,2287792.0
2018-11-19,50.81,50.89,50.35,50.65,2030427.0
2018-11-20,49.61,49.75,48.71,49.06,2205505.0
2018-11-21,49.47,49.95,49.39,49.71,1078799.0
2018-11-23,47.39,47.73,46.94,47.51,1926952.0
2018-11-26,46.67,47.3,46.64,47.08,2004931.0
2018-11-27,45.89,46.45,45.84,46.32,3035536.0
2018-11-28,46.42,47.84,45.94,47.76,4852100.0
2018-11-29,47.14,47.3,46.76,47.03,2592195.0
2018-11-30,46.3,46.76,46.12,46.76,3802255.0
2018-12-03,48.49,48.62,47.64,47.82,3266132.0
2018-12-04,47.9,48.39,47.18,47.38,3466366.0
2018-12-06,45.6,46.39,45.25,46.38,3785199.0
2018-12-07,46.95,47.29,45.83,45.97,2450432.0
2018-12-10,45.61,45.83,44.62,45.31,3905500.0
2018-12-11,46.54,46.62,46.01,46.29,2923646.0
2018-12-12,47.3,47.78,46.95,47.0,2711154.0
2018-12-13,47.81,48.02,47.34,47.7,3038895.0
2018-12-14,46.57,47.03,46.53,46.68,3038267.0
2018-12-17,47.82,48.2,47.07,47.16,3151311.0
2018-12-18,47.79,48.17,47.63,47.77,3534084.0
2018-12-19,48.68,49.22,47.13,47.27,5236222.0
2018-12-20,47.96,48.41,47.31,47.74,4521486.0
2018-12-21,48.23,48.97,47.67,47.76,4374337.0
2018-12-24,48.4,48.53,47.23,47.37,2174922.0
2018-12-26,47.48,49.13,47.16,49.1,2372364.0
2018-12-27,47.2,48.31,47.2,48.31,2937297.0
2018-12-28,48.62,48.73,48.0,48.21,1879707.0
2018-12-31,48.38,48.62,47.9,48.48,1894190.0
2019-01-02,46.45,47.38,46.41,47.35,3149600.0
2019-01-03,46.97,47.21,46.32,46.65,2501408.0
2019-01-04,48.1,49.64,47.85,49.25,3196375.0
2019-01-07,49.43,50.09,49.21,49.69,2791882.0
2019-01-08,49.93,50.4,49.88,50.3,2997552.0
2019-01-09,50.75,51.18,50.5,50.84,4223853.0
2019-01-10,49.97,50.64,49.86,50.59,2388271.0
2019-01-11,50.38,50.69,50.11,50.51,1500776.0
2019-01-14,50.21,50.86,50.18,50.55,1279050.0
2019-01-15,50.72,51.05,50.24,50.69,2322893.0
2019-01-16,50.5,50.98,50.44,50.89,1987181.0
2019-01-17,50.56,51.98,50.56,51.66,1832142.0
2019-01-18,51.94,52.0,51.45,51.64,2373602.0
2019-01-22,50.43,50.62,50.03,50.31,3697637.0
2019-01-23,50.0,50.13,49.62,49.92,2751082.0
2019-01-24,49.8,50.21,49.74,49.87,2070801.0
2019-01-25,51.15,52.9,51.07,52.26,4542651.0
2019-01-28,52.27,52.88,52.08,52.69,3991904.0
2019-01-29,54.21,54.77,53.96,54.41,4308318.0
2019-01-30,55.43,55.63,54.52,55.16,4056939.0
2019-01-31,55.65,56.38,55.46,56.27,2706505.0
2019-02-01,56.21,56.32,55.59,55.97,2254494.0
2019-02-04,56.16,57.1,55.9,56.74,3743029.0
2019-02-05,56.67,56.77,55.88,56.23,2551715.0
2019-02-06,56.3,57.11,56.16,56.64,5542951.0
2019-02-07,56.62,56.65,55.8,56.27,4054723.0
2019-02-08,56.0,56.3,55.57,56.03,5001925.0
2019-02-11,55.83,56.01,55.61,55.78,1903171.0
2019-02-12,56.08,56.18,55.61,55.92,4602655.0
2019-02-13,56.66,57.04,56.32,56.32,2570392.0
2019-02-14,56.01,56.33,55.88,56.28,2474472.0
2019-02-15,57.1,57.35,56.79,57.15,2428301.0
2019-02-19,57.4,58.24,57.37,57.83,2530087.0
2019-02-20,57.83,58.73,57.82,58.43,2202657.0
2019-02-21,57.83,58.04,57.45,58.02,2514559.0
2019-02-22,58.78,58.99,58.53,58.83,2230056.0
2019-02-25,58.11,58.79,58.09,58.7,2361712.0
2019-02-26,58.63,59.17,58.49,58.8,2608466.0
2019-02-27,59.6,59.97,58.48,58.52,4280372.0
2019-02-28,58.35,58.51,58.0,58.2,3645834.0
2019-03-01,58.86,58.93,58.15,58.36,2538251.0
2019-03-04,58.66,59.01,58.37,58.66,2590160.0
2019-03-05,58.83,59.17,58.77,58.92,2168151.0
2019-03-06,59.54,59.64,59.19,59.19,2881233.0
2019-03-07,55.2,55.2,54.44,54.74,4522125.0
2019-03-08,53.73,54.67,53.65,54.66,3593038.0
2019-03-11,54.8,55.55,54.7,55.28,1972764.0
2019-03-12,55.34,55.62,55.3,55.32,1737609.0
2019-03-13,56.02,56.27,55.74,56.03,1720634.0
2019-03-14,55.73,56.23,55.66,56.0,1525427.0
2019-03-15,55.94,56.22,55.84,55.98,1533635.0
2019-03-18,56.8,57.29,56.78,56.99,3528948.0
2019-03-19,58.05,58.08,56.07,56.52,7251424.0
2019-03-20,56.04,56.99,55.89,56.65,2992381.0
2019-03-21,56.66,57.08,56.34,56.83,2154638.0
2019-03-22,56.5,56.75,56.13,56.14,3280489.0
2019-03-25,56.69,57.47,56.64,56.95,2982884.0
2019-03-26,57.79,58.1,57.56,57.79,6422744.0
2019-03-27,58.18,58.37,57.54,57.66,5049801.0
2019-03-28,58.54,58.54,57.75,58.02,5061333.0
2019-03-29,58.9,59.03,58.48,58.85,5531528.0
2019-04-01,60.54,60.58,59.81,59.85,3186287.0
2019-04-02,60.39,61.0,60.33,60.98,2640946.0
2019-04-03,61.64,61.71,60.93,61.02,2860403.0
2019-04-04,60.77,61.06,60.48,61.04,2334449.0
2019-04-05,61.37,61.45,60.85,61.07,1697360.0
2019-04-08,61.89,62.48,61.72,62.36,2807283.0
2019-04-09,62.14,62.4,61.83,61.89,1918447.0
2019-04-10,62.83,62.95,62.26,62.4,3456519.0
2019-04-11,62.0,62.42,61.76,62.06,3029406.0
2019-04-12,63.27,63.27,62.73,62.78,1768524.0
2019-04-15,62.36,62.53,62.01,62.46,2094152.0
2019-04-16,62.0,62.07,59.75,60.34,5802887.0
2019-04-17,59.92,60.55,59.84,60.46,3401324.0
2019-04-18,60.58,60.93,60.34,60.77,1392610.0
2019-04-22,60.6,60.93,60.3,60.87,1578637.0
2019-04-23,60.49,61.07,60.46,60.6,1404771.0
2019-04-24,59.97,60.16,59.18,59.43,2552802.0
2019-04-25,59.25,59.7,58.85,59.34,2404416.0
2019-04-26,59.28,59.53,59.13,59.3,2557964.0
2019-04-29,59.25,59.38,58.94,59.29,1712673.0
2019-04-30,58.79,59.17,58.52,58.9,2183302.0
2019-05-01,58.8,58.96,57.3,57.94,3054429.0
2019-05-02,57.62,57.68,57.18,57.44,3696034.0
2019-05-03,58.26,59.03,58.26,58.92,2394734.0
2019-05-06,57.57,58.15,57.38,58.08,2313431.0
2019-05-07,58.74,58.81,57.77,58.29,2861174.0
2019-05-08,57.8,58.21,57.56,57.67,2533319.0
2019-05-09,57.43,58.01,57.25,57.74,2794100.0
2019-05-10,58.04,59.05,57.69,58.87,2772284.0
2019-05-13,57.69,57.86,56.92,57.16,3401091.0
2019-05-14,58.22,58.84,58.01,58.46,2417382.0
2019-05-15,57.82,58.61,57.69,58.29,1653054.0
2019-05-16,59.31,60.15,58.96,59.78,3963507.0
2019-05-17,59.83,60.34,59.56,59.96,3287116.0
2019-05-20,59.88,60.36,59.61,59.74,2291487.0
2019-05-21,59.43,59.84,59.22,59.76,1328818.0
2019-05-22,59.78,59.89,59.38,59.45,2138095.0
2019-05-23,58.82,58.95,58.21,58.77,2455649.0
2019-05-24,59.63,59.88,59.31,59.71,2329879.0
2019-05-28,61.14,61.45,60.51,60.63,3646840.0
2019-05-29,58.98,59.44,58.75,59.39,4237982.0
2019-05-30,59.27,59.35,58.91,58.93,1840602.0
2019-05-31,57.3,58.14,57.2,57.93,3632306.0
2019-06-03,58.0,58.89,57.91,58.76,2283167.0
2019-06-04,58.98,59.27,58.57,59.25,1556132.0
2019-06-05,58.59,58.69,57.74,58.04,2613367.0
2019-06-06,57.97,58.3,57.58,57.99,2650120.0
2019-06-07,57.78,58.63,57.71,58.11,1779433.0
2019-06-10,58.89,59.01,58.53,58.67,1841946.0
2019-06-11,60.31,60.63,60.1,60.27,2438669.0
2019-06-12,60.27,60.83,60.19,60.29,1705056.0
2019-06-13,61.16,61.7,60.94,61.57,2175483.0
2019-06-14,60.5,60.97,60.41,60.77,2095763.0
2019-06-17,60.95,60.99,60.59,60.66,1378121.0
2019-06-18,61.5,62.34,61.5,62.18,2456751.0
2019-06-19,60.11,60.39,59.28,59.9,4422013.0
2019-06-20,60.56,60.71,59.94,60.4,2521530.0
2019-06-21,60.08,60.59,60.08,60.27,1750101.0
2019-06-24,60.87,61.28,60.57,60.94,1748091.0
2019-06-25,61.5,61.66,60.76,60.99,2651943.0
2019-06-26,61.56,62.14,61.47,61.7,1918557.0
2019-06-27,62.41,62.42,61.74,61.95,2242887.0
2019-06-28,62.7,62.72,62.16,62.34,2088492.0
2019-07-01,63.18,63.21,62.53,62.78,2178068.0
2019-07-02,63.1,64.02,62.73,63.73,3021698.0
2019-07-03,63.22,63.38,62.89,63.31,1896609.0
2019-07-05,59.93,60.25,59.16,60.05,4933412.0
2019-07-08,60.64,60.91,60.36,60.48,2191217.0
2019-07-09,60.44,60.64,60.22,60.58,1934817.0
2019-07-10,61.36,61.54,61.09,61.39,1607296.0
2019-07-11,60.83,61.12,60.6,60.85,1942259.0
2019-07-12,60.94,61.25,60.65,60.71,1672593.0
2019-07-15,61.56,61.75,61.24,61.51,2218734.0
2019-07-16,60.67,60.73,60.14,60.43,2668277.0
2019-07-17,60.75,61.17,60.7,60.96,1746807.0
2019-07-18,60.36,60.72,60.0,60.65,1561475.0
2019-07-19,61.23,61.5,60.81,61.11,1597260.0
2019-07-22,61.06,61.3,60.42,60.75,1672128.0
2019-07-23,61.06,61.2,60.32,60.55,1527293.0
2019-07-24,57.76,58.2,57.59,58.04,3187349.0
2019-07-25,57.4,57.71,57.04,57.3,1947959.0
2019-07-26,57.83,57.85,57.23,57.53,1240073.0
2019-07-29,58.02,58.04,57.42,57.81,1102819.0
2019-07-30,57.79,58.08,57.61,58.04,2289479.0
2019-07-31,57.08,57.89,56.43,57.08,3222721.0
2019-08-01,55.23,55.67,54.14,54.53,3637595.0
2019-08-02,53.79,54.0,53.14,53.28,3184226.0
2019-08-05,52.36,52.56,51.7,52.14,3707844.0
2019-08-06,52.53,52.57,51.52,52.14,3194169.0
2019-08-07,50.06,50.06,50.06,50.06,12479.0
2019-08-08,50.06,50.72,49.97,50.65,2398393.0
2019-08-09,49.68,49.8,48.72,48.78,3055027.0
2019-08-12,49.28,49.29,48.73,48.79,1851329.0
2019-08-13,48.82,50.22,48.76,50.01,2803935.0
2019-08-14,49.1,49.29,48.55,48.56,1894555.0
2019-08-15,48.98,49.05,48.57,48.97,1684011.0
2019-08-16,48.84,49.01,48.61,48.82,1544269.0
2019-08-19,49.47,49.56,49.13,49.13,2054189.0
2019-08-20,49.0,49.25,48.69,48.72,2027892.0
2019-08-21,48.79,48.82,48.4,48.48,2691496.0
2019-08-22,48.52,48.73,48.22,48.55,2459121.0
2019-08-23,48.59,49.11,47.88,47.98,1956961.0
2019-08-26,48.29,48.59,48.07,48.35,1386896.0
2019-08-27,48.65,48.67,48.18,48.2,1591948.0
2019-08-28,48.38,49.18,48.22,48.7,2746329.0
2019-08-29,49.63,49.67,49.16,49.26,1839088.0
2019-08-30,50.58,50.82,50.29,50.58,3028236.0
2019-09-03,49.79,50.16,49.73,49.97,1396008.0
2019-09-04,51.4,51.61,51.23,51.6,2254835.0
2019-09-05,51.55,52.25,51.51,52.17,2848770.0
2019-09-06,52.25,52.43,52.08,52.16,1910001.0
2019-09-09,51.96,52.42,51.96,52.39,1721529.0
2019-09-10,52.21,53.07,52.1,52.86,1961326.0
2019-09-11,53.13,53.29,52.87,53.24,1395363.0
2019-09-12,53.35,53.93,53.16,53.69,2066838.0
2019-09-13,55.38,55.44,54.81,54.85,2489865.0
2019-09-16,54.23,54.46,53.5,53.65,2255008.0
2019-09-17,53.04,53.68,52.82,53.61,1593346.0
2019-09-18,53.43,53.49,52.7,53.05,1408526.0
2019-09-19,53.15,53.3,52.84,52.91,1625884.0
2019-09-20,53.1,53.33,52.77,52.82,1970275.0
2019-09-23,52.49,53.13,52.35,52.99,1328907.0
2019-09-24,52.02,52.15,51.2,51.42,2171745.0
2019-09-25,51.06,52.0,51.06,51.9,1528867.0
2019-09-26,51.95,51.99,51.35,51.42,1718560.0
2019-09-27,51.84,52.34,51.78,51.98,5485364.0
2019-09-30,51.83,52.2,51.83,52.09,1482420.0
2019-10-01,51.93,52.02,51.2,51.37,1905031.0
2019-10-02,49.69,50.15,49.28,49.75,3017836.0
2019-10-03,49.0,49.94,48.94,49.79,2641804.0
2019-10-04,49.64,50.15,49.63,50.14,1637652.0
2019-10-07,49.79,50.25,49.63,49.69,1317725.0
2019-10-08,49.6,49.64,49.23,49.24,1363670.0
2019-10-09,49.63,49.82,49.12,49.55,1850174.0
2019-10-10,50.28,51.03,50.13,50.9,2530218.0
2019-10-11,52.78,53.44,52.76,52.85,3375358.0
2019-10-14,52.16,52.24,51.82,51.84,1257324.0
2019-10-15,51.11,51.72,50.95,51.4,6117176.0
2019-10-16,50.88,51.03,50.42,50.52,2280702.0
2019-10-17,51.2,51.43,50.73,50.77,2681570.0
2019-10-18,51.16,51.38,50.91,50.95,2535939.0
2019-10-21,52.14,52.17,51.69,51.88,3338169.0
2019-10-22,51.96,52.45,51.9,52.2,1774081.0
2019-10-23,52.5,52.5,52.08,52.13,1129321.0
2019-10-24,52.84,52.84,51.88,52.02,1461601.0
2019-10-25,52.2,52.84,52.16,52.56,1385564.0
2019-10-28,53.17,53.53,53.02,53.34,1702895.0
2019-10-29,53.62,53.66,53.32,53.37,1284244.0
2019-10-30,52.73,52.73,51.97,52.53,1471140.0
2019-10-31,52.2,52.29,51.71,52.01,1996188.0
2019-11-01,52.72,54.04,52.57,53.98,2355935.0
2019-11-04,55.53,55.87,55.16,55.23,2415768.0
2019-11-05,56.49,56.49,55.62,55.82,1898590.0
2019-11-06,55.99,56.07,55.47,55.66,1537025.0
2019-11-07,55.88,56.0,55.31,55.51,2393003.0
2019-11-08,54.07,54.37,53.56,54.11,2468482.0
2019-11-11,52.57,53.4,52.53,53.38,1713871.0
2019-11-12,53.56,53.59,52.83,53.02,1669228.0
2019-11-13,52.34,52.55,52.02,52.18,1187904.0
2019-11-14,52.65,52.95,52.52,52.92,1719418.0
2019-11-15,53.43,53.99,53.27,53.97,1991384.0
2019-11-18,53.8,54.2,53.57,53.99,1162218.0
2019-11-19,55.34,55.34,54.41,54.53,1440552.0
2019-11-20,53.24,53.7,52.96,53.11,1329150.0
2019-11-21,52.95,53.38,52.91,53.3,1096667.0
2019-11-22,53.94,54.16,53.7,53.8,1189825.0
2019-11-25,54.35,54.8,54.23,54.67,1109151.0
2019-11-26,54.65,54.92,54.45,54.86,1208129.0
2019-11-27,54.86,55.07,54.62,54.98,857761.0
2019-11-29,54.34,54.69,54.29,54.56,820820.0
2019-12-02,54.73,55.33,54.48,55.15,1924196.0
2019-12-03,54.15,54.63,53.98,54.6,1276318.0
2019-12-04,54.7,55.07,54.52,54.86,1299999.0
2019-12-05,54.55,54.86,54.34,54.61,1107121.0
2019-12-06,55.4,55.56,55.21,55.37,839835.0
2019-12-09,56.01,56.42,55.75,55.91,1418615.0
2019-12-10,55.73,59.0,55.24,56.06,1325812.0
2019-12-11,56.61,57.17,56.61,56.91,2064181.0
2019-12-12,56.94,57.74,56.76,57.52,1809306.0
2019-12-13,58.28,58.95,57.52,57.72,1650996.0
2019-12-16,59.68,59.68,58.75,58.82,1798723.0
2019-12-17,58.41,58.99,58.41,58.68,1392760.0
2019-12-18,58.46,58.65,58.31,58.53,1313378.0
2019-12-19,58.89,58.98,58.37,58.48,1462718.0
2019-12-20,59.19,59.38,58.75,58.77,1369324.0
2019-12-23,58.77,59.13,58.75,58.97,1459921.0
2019-12-24,59.17,59.24,58.97,59.01,405169.0
2019-12-26,59.29,59.54,59.12,59.49,775374.0
2019-12-27,59.7,59.7,59.27,59.35,728177.0
2019-12-30,59.32,59.49,59.12,59.17,800395.0
2019-12-31,59.39,59.4,59.01,59.36,784548.0
2020-01-02,59.67,60.02,59.5,59.89,1811523.0
2020-01-03,58.79,59.26,58.78,58.84,1561691.0
2020-01-06,58.43,58.68,58.24,58.45,1492611.0
2020-01-07,58.34,58.68,58.19,58.39,1627617.0
2020-01-08,58.68,59.3,58.61,58.9,1420370.0
2020-01-09,58.55,58.64,58.06,58.29,1778801.0
2020-01-10,58.61,58.97,58.42,58.45,1104787.0
2020-01-13,58.53,59.38,58.48,59.13,1370197.0
2020-01-14,59.16,59.48,59.0,59.23,1148333.0
2020-01-15,58.8,59.32,58.6,58.99,1497138.0
2020-01-16,59.23,59.36,59.02,59.15,1003307.0
2020-01-17,60.96,61.05,60.52,60.67,1762105.0
2020-01-21,60.05,60.34,59.76,59.95,2107368.0
2020-01-22,60.87,61.11,60.31,60.5,2038961.0
2020-01-23,58.63,58.96,57.83,58.91,2689222.0
2020-01-24,58.33,58.48,57.43,57.76,1736426.0
2020-01-27,55.26,55.55,54.98,55.1,2357394.0
2020-01-28,55.26,55.74,55.22,55.51,1479438.0
2020-01-29,55.7,55.81,55.1,55.25,1067544.0
2020-01-30,54.63,55.26,54.34,55.22,1367649.0
2020-01-31,54.04,54.08,53.22,53.43,3023858.0
2020-02-03,53.16,53.57,53.01,53.14,1325203.0
2020-02-04,54.74,55.03,54.58,54.97,1809653.0
2020-02-05,55.78,55.87,55.22,55.68,1602442.0
2020-02-06,55.69,55.79,55.22,55.38,1229263.0
2020-02-07,54.43,54.64,53.69,53.73,1305905.0
2020-02-10,53.54,53.61,53.08,53.43,1190586.0
2020-02-11,54.31,54.35,53.6,53.85,1528086.0
2020-02-12,55.43,55.51,54.96,55.28,1621064.0
2020-02-13,54.8,55.07,54.58,54.87,1053686.0
2020-02-14,54.91,54.94,54.32,54.5,1369239.0
2020-02-18,54.28,54.48,54.13,54.42,796707.0
2020-02-19,54.46,54.58,54.24,54.34,904808.0
2020-02-20,54.47,54.76,54.1,54.19,1242372.0
2020-02-21,54.3,54.71,53.98,54.62,2570176.0
2020-02-24,51.11,51.49,50.9,51.23,2846547.0
2020-02-25,51.61,51.64,50.16,50.43,2730816.0
2020-02-26,50.5,50.66,49.59,49.71,2398070.0
2020-02-27,47.84,48.33,47.01,47.26,4810203.0
2020-02-28,45.17,47.08,44.63,46.93,7025685.0
2020-03-02,47.22,48.89,46.85,48.77,6370300.0
2020-03-03,49.56,50.65,48.26,48.76,6984409.0
2020-03-04,50.69,51.52,50.1,51.48,3222895.0
2020-03-05,49.37,50.13,49.05,49.27,4025609.0
2020-03-06,46.17,46.66,45.67,46.16,4163998.0
2020-03-09,42.38,43.64,41.41,41.81,6536004.0
2020-03-10,44.98,45.94,43.54,45.8,5030126.0
2020-03-11,44.15,44.61,41.74,42.71,5668042.0
2020-03-12,39.13,39.88,37.14,38.86,6720862.0
2020-03-13,42.13,43.9,40.05,43.9,4905682.0
2020-03-16,39.1,42.12,38.82,40.26,3482596.0
2020-03-17,40.48,42.69,40.09,41.79,2965518.0
2020-03-18,38.48,39.72,36.88,38.03,3420782.0
2020-03-19,37.74,38.72,35.82,37.96,3744446.0
2020-03-20,38.53,39.49,36.44,36.57,3702012.0
2020-03-23,36.1,37.21,35.35,36.42,4318935.0
2020-03-24,39.79,42.45,39.11,42.17,4076546.0
2020-03-25,42.65,46.02,42.34,44.18,4558655.0
2020-03-26,45.22,46.1,44.28,45.4,3325871.0
2020-03-27,43.0,44.6,42.49,43.57,2730519.0
2020-03-30,45.3,45.98,43.97,44.91,3321074.0
2020-03-31,45.51,46.64,45.03,45.56,3434912.0
2020-04-01,45.06,45.62,43.98,44.17,3913093.0
2020-04-02,45.43,46.74,44.8,46.01,2874765.0
2020-04-03,46.31,46.56,44.6,45.04,3410841.0
2020-04-06,46.38,46.77,45.77,46.34,3474940.0
2020-04-07,47.15,47.19,45.71,45.73,3004423.0
2020-04-08,45.6,46.31,45.04,46.0,1916635.0
2020-04-09,46.86,48.06,46.8,47.66,3412564.0
2020-04-13,48.19,48.19,47.16,47.87,1558099.0
2020-04-14,48.42,48.95,47.74,47.99,3106279.0
2020-04-15,46.04,46.37,45.8,46.02,3019553.0
2020-04-16,46.44,46.59,45.77,46.47,2940081.0
2020-04-17,48.11,48.15,47.23,47.64,2250776.0
2020-04-20,46.91,47.8,46.35,46.4,2552633.0
2020-04-21,45.2,45.67,44.35,44.63,2617912.0
2020-04-22,46.2,46.55,45.71,46.29,2239695.0
2020-04-23,46.41,47.52,45.94,46.04,1471901.0
2020-04-24,46.99,47.06,45.97,46.5,2377498.0
2020-04-27,46.62,47.02,46.36,46.89,1403299.0
2020-04-28,47.35,47.63,46.75,46.96,1502700.0
2020-04-29,48.23,49.18,48.16,48.87,2338721.0
2020-04-30,46.37,47.01,45.87,46.19,2416195.0
2020-05-01,44.55,45.34,44.52,45.04,2865536.0
2020-05-04,44.47,44.98,44.11,44.98,2329938.0
2020-05-05,44.94,45.45,44.21,44.25,1972750.0
2020-05-06,45.2,45.28,44.36,44.51,1485994.0
2020-05-07,45.64,46.31,45.59,45.8,1781902.0
2020-05-08,46.88,47.0,46.31,46.95,1615301.0
2020-05-11,45.1,45.8,45.08,45.47,1721601.0
2020-05-12,46.31,46.5,44.97,44.99,1521147.0
2020-05-13,45.93,45.93,45.14,45.72,2890065.0
2020-05-14,44.74,46.68,44.57,46.56,3766033.0
2020-05-15,47.6,48.3,47.17,47.59,3319053.0
2020-05-18,51.11,52.0,50.88,51.42,2931177.0
2020-05-19,51.93,52.46,51.7,51.82,2150242.0
2020-05-20,52.63,52.95,52.0,52.39,1999265.0
2020-05-21,52.29,52.62,51.46,51.82,1962783.0
2020-05-22,51.5,52.28,51.26,52.12,1508831.0
2020-05-26,51.79,52.11,51.18,51.46,2345127.0
2020-05-27,52.51,52.6,51.82,52.34,2208656.0
2020-05-28,52.86,53.17,52.4,52.51,2259006.0
2020-05-29,53.28,54.08,53.07,53.92,2739090.0
2020-06-01,54.23,55.02,54.12,54.87,1715319.0
2020-06-02,55.46,56.15,55.33,55.75,3110651.0
2020-06-03,56.09,56.99,56.01,56.53,1850879.0
2020-06-04,56.21,56.68,55.9,56.65,2416025.0
2020-06-05,57.54,57.79,56.32,56.55,3684206.0
2020-06-08,58.19,58.39,57.48,58.28,2492683.0
2020-06-09,56.8,57.9,56.54,57.75,2212123.0
2020-06-10,58.33,58.91,57.9,58.57,2239233.0
2020-06-11,56.82,57.02,55.41,55.55,2898987.0
2020-06-12,57.89,58.08,56.72,57.5,3307709.0
2020-06-15,55.59,57.39,55.34,57.09,2710235.0
2020-06-16,58.2,58.45,56.85,57.45,2533102.0
2020-06-17,57.71,58.01,57.28,57.46,1683218.0
2020-06-18,55.96,56.23,55.73,56.13,2362562.0
2020-06-19,55.71,56.03,54.87,55.02,2479801.0
2020-06-22,56.1,56.4,55.87,56.12,1887354.0
2020-06-23,57.07,57.81,56.84,56.92,2283845.0
2020-06-24,56.42,56.51,55.56,55.63,2028038.0
2020-06-25,56.18,56.79,55.95,56.76,1686549.0
2020-06-26,56.71,56.72,55.75,55.8,1722598.0
2020-06-29,56.02,56.12,55.4,55.59,1296897.0
2020-06-30,55.31,56.43,55.27,56.18,1786598.0
2020-07-01,55.89,56.2,55.33,55.98,2369913.0
2020-07-02,56.71,57.16,56.15,56.29,1869867.0
2020-07-06,56.58,57.0,56.24,56.95,2120255.0
2020-07-07,56.4,57.54,56.37,56.91,2802085.0
2020-07-08,57.47,58.34,57.41,58.3,1983397.0
2020-07-09,58.79,59.05,57.8,57.96,2337274.0
2020-07-10,58.32,58.95,57.88,58.9,1501870.0
2020-07-13,60.24,60.66,58.66,58.75,3181521.0
2020-07-14,59.38,60.9,59.35,60.84,3334007.0
2020-07-15,61.56,61.61,60.47,60.87,2249418.0
2020-07-16,60.87,61.33,60.64,61.18,2440034.0
2020-07-17,61.67,62.22,61.51,62.15,1995282.0
2020-07-20,61.94,62.79,61.92,62.42,1782820.0
2020-07-21,61.42,61.9,61.3,61.31,2048114.0
2020-07-22,61.18,61.54,61.04,61.44,1193948.0
2020-07-23,61.2,61.39,60.37,60.68,1267674.0
2020-07-24,60.3,61.01,60.18,60.77,1302147.0
2020-07-27,61.59,62.65,61.43,62.57,2036268.0
2020-07-28,61.35,61.87,61.22,61.28,1927523.0
2020-07-29,62.48,62.94,61.93,62.68,1626470.0
2020-07-30,60.69,61.24,60.13,61.04,1733627.0
2020-07-31,60.71,61.07,60.24,61.04,3109873.0
2020-08-03,62.4,62.79,61.84,61.91,2189541.0
2020-08-04,61.85,62.27,61.63,61.86,3299163.0
2020-08-05,64.06,65.2,63.91,64.6,3370908.0
2020-08-06,62.25,62.76,61.88,62.46,2424880.0
2020-08-07,61.4,61.43,60.44,60.95,2051977.0
2020-08-10,61.47,62.12,61.31,61.61,1609026.0
2020-08-11,62.42,62.51,61.24,61.35,2063696.0
2020-08-12,62.49,63.32,62.15,62.32,3013906.0
2020-08-13,62.01,62.47,61.54,61.8,1566734.0
2020-08-14,61.71,61.83,61.27,61.59,853472.0
2020-08-17,62.95,63.24,62.25,62.46,1750949.0
2020-08-18,63.57,63.71,63.02,63.58,1816586.0
2020-08-19,63.65,63.76,62.13,62.23,1283056.0
2020-08-20,61.12,62.2,61.08,62.16,1892624.0
2020-08-21,61.06,61.65,60.96,61.53,1639543.0
2020-08-24,62.24,62.25,61.55,61.82,1079396.0
2020-08-25,61.2,61.34,60.46,61.04,1194689.0
2020-08-26,61.08,61.89,60.87,61.76,1265061.0
2020-08-27,62.51,62.51,60.82,61.21,1214024.0
2020-08-28,61.56,62.27,61.42,61.98,2143905.0
2020-08-31,61.98,62.03,61.19,61.23,1233276.0
2020-09-01,61.78,62.52,61.28,62.21,2378589.0
2020-09-02,62.75,62.78,61.86,62.32,1403763.0
2020-09-03,61.18,61.25,59.48,60.25,2695054.0
2020-09-04,60.96,61.86,60.1,61.5,2044011.0
2020-09-08,60.49,61.63,60.15,60.87,1321864.0
2020-09-09,62.04,62.53,61.93,61.93,1808228.0
2020-09-10,62.3,62.49,60.7,60.89,2100324.0
2020-09-11,62.72,64.33,62.5,63.94,3796467.0
2020-09-14,64.77,64.78,63.86,63.86,1788006.0
2020-09-15,66.52,66.55,65.23,65.43,3486611.0
2020-09-16,65.8,65.98,64.63,64.84,3231062.0
2020-09-17,63.89,64.97,63.83,64.72,2169883.0
2020-09-18,65.52,65.59,64.41,64.42,1627313.0
2020-09-21,62.27,62.43,60.82,61.6,2611308.0
2020-09-22,61.33,61.59,60.55,61.41,1883601.0
2020-09-23,61.28,61.43,60.29,60.4,1979123.0
2020-09-24,60.86,61.9,60.46,61.17,1869917.0
2020-09-25,59.9,60.42,59.38,60.36,2219956.0
2020-09-28,60.82,61.1,60.21,60.49,3094650.0
2020-09-29,60.51,60.76,60.06,60.21,2620762.0
2020-09-30,60.52,60.76,60.07,60.39,2283316.0
2020-10-01,60.56,60.72,59.54,59.82,1692054.0
2020-10-02,59.32,61.01,59.24,60.49,2398631.0
2020-10-05,60.64,61.35,60.61,61.23,1289374.0
2020-10-06,60.99,61.08,59.5,59.61,2844368.0
2020-10-07,60.77,61.84,60.75,61.2,1983608.0
2020-10-08,61.49,61.6,60.94,61.52,1387081.0
2020-10-09,62.96,63.14,62.05,62.09,4041480.0
2020-10-12,61.84,61.94,61.51,61.69,2086487.0
2020-10-13,61.05,61.27,60.56,61.07,1681547.0
2020-10-14,61.34,61.46,60.87,61.0,1365078.0
2020-10-15,59.5,60.73,59.47,60.55,1441592.0
2020-10-16,60.38,60.63,60.0,60.05,1206653.0
2020-10-19,59.9,60.4,59.09,59.23,1867544.0
2020-10-20,59.23,59.94,59.17,59.58,1367371.0
2020-10-21,59.7,61.01,59.68,60.22,1978406.0
2020-10-22,59.78,60.11,59.07,59.9,1114517.0
2020-10-23,59.69,60.03,59.42,59.6,1312147.0
2020-10-26,59.0,59.02,57.92,58.28,1816690.0
2020-10-27,57.61,58.3,57.4,57.95,2190274.0
2020-10-28,55.61,55.98,55.39,55.42,3917951.0
2020-10-29,55.79,56.78,55.39,56.65,2861552.0
2020-10-30,56.43,56.83,56.05,56.77,2323964.0
2020-11-02,57.78,57.9,57.05,57.41,2180136.0
2020-11-03,59.41,59.41,58.72,58.82,2032094.0
2020-11-04,57.49,57.9,56.97,57.6,2445547.0
2020-11-05,58.91,59.62,58.72,58.78,1827210.0
2020-11-06,60.55,61.2,60.1,60.83,2086157.0
2020-11-09,63.11,63.21,60.24,61.56,3005605.0
2020-11-10,63.0,63.69,62.63,62.71,3277896.0
2020-11-11,62.98,63.29,62.62,62.97,1846886.0
2020-11-12,62.15,63.0,61.82,62.06,1301494.0
2020-11-13,62.03,62.83,62.03,62.51,1090891.0
2020-11-16,63.08,63.39,62.75,63.17,1452229.0
2020-11-17,62.84,63.54,62.39,63.26,1864626.0
2020-11-18,63.6,63.94,63.03,63.09,1489183.0
2020-11-19,62.83,63.11,62.21,63.11,1051433.0
2020-11-20,63.6,63.88,63.24,63.53,1251244.0
2020-11-23,64.28,65.49,64.23,65.38,1760408.0
2020-11-24,66.33,67.91,66.28,67.65,2075502.0
2020-11-25,65.37,66.76,65.36,66.28,2918783.0
2020-11-27,65.14,66.11,65.11,66.05,1541526.0
2020-11-30,65.86,66.15,64.73,64.97,2372462.0
2020-12-01,66.26,67.65,66.26,67.51,3138540.0
2020-12-02,69.69,70.75,68.61,70.19,4145944.0
2020-12-03,72.13,73.14,71.5,72.57,2748001.0
2020-12-04,73.11,74.06,73.11,73.92,2017729.0
2020-12-07,73.21,73.57,72.46,72.97,1504318.0
2020-12-08,72.36,73.33,72.25,72.89,1675079.0
2020-12-09,72.55,72.71,71.58,72.39,2028532.0
2020-12-10,72.65,74.19,72.56,73.98,1999120.0
2020-12-11,73.45,74.21,73.35,74.12,2875103.0
2020-12-14,75.0,75.3,74.17,74.39,2650518.0
2020-12-15,75.23,76.46,74.93,76.19,3012946.0
2020-12-16,75.86,76.21,75.09,75.9,1264120.0
2020-12-17,76.97,77.64,76.45,76.6,1638242.0
2020-12-18,76.74,77.12,76.32,76.61,1308357.0
2020-12-21,74.2,76.31,74.2,76.28,2955608.0
2020-12-22,75.56,75.6,74.77,75.29,1375642.0
2020-12-23,75.99,76.47,75.43,76.13,1210673.0
2020-12-24,77.01,77.05,75.53,75.94,378244.0
2020-12-28,76.6,76.78,75.29,75.59,762711.0
2020-12-29,77.14,77.25,75.89,76.13,1524037.0
2020-12-30,76.36,76.39,75.62,75.99,1198178.0
2020-12-31,75.25,75.43,74.81,75.22,1006406.0
2021-01-04,78.98,79.35,77.39,77.39,2593742.0
2021-01-05,77.81,79.53,77.42,79.26,2265364.0
2021-01-06,82.27,83.5,81.8,82.8,2771795.0
2021-01-07,84.93,86.17,84.43,85.98,2888604.0
2021-01-08,85.5,86.9,84.95,86.69,2835920.0
2021-01-11,82.96,84.33,82.92,83.78,3097822.0
2021-01-12,82.73,84.1,82.65,84.02,1685618.0
2021-01-13,82.75,82.95,81.59,81.76,2024509.0
2021-01-14,83.44,85.03,83.34,84.84,1599064.0
2021-01-15,81.67,81.91,79.92,80.47,2044896.0
2021-01-19,81.28,82.0,80.66,81.6,1557292.0
2021-01-20,82.75,83.08,82.08,82.68,1420642.0
2021-01-21,83.19,83.27,81.42,82.39,1410300.0
2021-01-22,80.23,81.53,80.02,81.4,1287746.0
2021-01-25,80.84,81.17,80.12,81.09,1213470.0
2021-01-26,81.72,81.92,81.08,81.13,1434968.0
2021-01-27,78.44,79.95,77.46,78.69,2437142.0
2021-01-28,78.66,79.2,77.95,78.51,1764010.0
2021-01-29,77.48,78.15,76.18,76.42,1993939.0
2021-02-01,78.63,78.79,77.72,78.47,1746143.0
2021-02-02,77.25,77.41,76.47,77.0,1754984.0
2021-02-03,77.35,77.82,77.0,77.53,1813638.0
2021-02-04,77.57,77.83,76.85,77.52,1175232.0
2021-02-05,78.0,78.48,77.09,78.48,1501702.0
2021-02-08,79.11,80.45,79.05,80.29,2714169.0
2021-02-09,79.84,81.83,79.5,81.4,3370472.0
2021-02-10,83.11,83.8,81.31,83.06,2941599.0
2021-02-11,82.0,82.77,81.47,82.28,1812430.0
2021-02-12,81.98,83.8,81.85,83.66,1534580.0
2021-02-16,86.78,88.43,86.49,87.63,2509769.0
2021-02-17,89.55,89.59,86.76,87.54,2447354.0
2021-02-18,88.67,88.8,86.81,88.09,1776280.0
2021-02-19,89.23,90.52,89.13,89.99,2002500.0
2021-02-22,89.27,91.4,89.11,90.37,2945119.0
2021-02-23,89.47,90.66,87.7,90.51,2484344.0
2021-02-24,90.44,91.81,89.75,91.71,1742034.0
2021-02-25,92.17,92.85,89.77,90.13,2359949.0
2021-02-26,89.38,89.62,87.02,87.4,3708088.0
2021-03-01,88.21,89.98,88.2,89.8,2277473.0
2021-03-02,90.57,91.89,90.38,91.34,2711933.0
2021-03-03,90.49,91.4,89.38,90.86,2141408.0
2021-03-04,85.0,85.35,81.15,81.9,4303286.0
2021-03-05,84.0,84.4,81.39,83.64,3643749.0
2021-03-08,82.93,84.56,82.49,83.4,2443664.0
2021-03-09,82.17,82.52,80.27,81.92,4546336.0
2021-03-10,79.99,80.37,78.96,80.21,2984044.0
2021-03-11,81.89,82.5,81.2,82.5,2729619.0
2021-03-12,80.71,81.5,80.22,81.27,1780143.0
2021-03-15,79.25,79.8,78.07,79.58,3902834.0
2021-03-16,79.16,79.41,78.17,78.8,2259961.0
2021-03-17,77.59,78.93,76.74,78.72,3810953.0
2021-03-18,77.87,78.87,77.53,77.56,3131828.0
2021-03-19,76.91,77.21,75.95,76.55,2763063.0
2021-03-22,76.06,76.32,75.28,76.08,2168766.0
2021-03-23,75.11,75.78,74.03,74.3,2734697.0
2021-03-24,74.67,75.79,74.64,74.75,2680547.0
2021-03-25,74.23,75.37,73.61,75.06,2277774.0
2021-03-26,76.86,78.11,76.57,78.05,2468794.0
2021-03-29,77.35,77.57,76.47,76.96,2223969.0
2021-03-30,77.02,77.88,76.65,77.88,1966995.0
2021-03-31,78.09,78.49,77.24,77.65,2234141.0
2021-04-01,77.41,78.0,76.52,77.98,1835400.0
2021-04-05,79.43,80.45,78.83,79.87,2361723.0
2021-04-06,79.37,79.93,78.59,78.78,2297842.0
2021-04-07,79.9,80.96,79.87,80.02,2070355.0
2021-04-08,80.15,80.56,79.41,80.2,1937366.0
2021-04-09,79.01,79.4,78.51,79.4,2446610.0
2021-04-12,79.43,79.5,78.5,78.95,1782126.0
2021-04-13,79.38,79.65,78.69,79.5,2094321.0
2021-04-14,80.0,82.24,79.95,81.72,2856675.0
2021-04-15,83.25,84.1,82.97,83.78,2214461.0
2021-04-16,84.85,85.16,83.77,84.79,2468004.0
2021-04-19,85.38,86.82,85.38,86.3,3597018.0
2021-04-20,85.71,86.01,84.17,84.72,3168513.0
2021-04-21,83.93,86.24,83.58,86.0,3107631.0
2021-04-22,84.54,84.71,83.5,84.01,3830213.0
2021-04-23,85.14,86.7,85.06,86.44,2001967.0
2021-04-26,87.33,88.29,87.2,88.25,2070325.0
2021-04-27,87.0,87.73,86.56,86.92,2069161.0
2021-04-28,86.82,88.13,86.63,87.57,2202263.0
2021-04-29,88.0,88.07,86.66,87.53,2117336.0
2021-04-30,86.47,86.79,84.94,85.06,2217627.0
2021-05-03,86.03,87.37,85.88,86.95,2051608.0
2021-05-04,86.75,87.33,85.6,87.16,3152642.0
2021-05-05,88.47,90.96,88.32,90.38,3706486.0
2021-05-06,90.54,91.59,90.01,91.36,3387366.0
2021-05-07,92.08,93.35,91.41,93.17,3279644.0
2021-05-10,95.23,95.97,93.65,93.81,4335654.0
2021-05-11,92.38,94.79,91.46,94.65,4078525.0
2021-05-12,93.52,94.61,92.37,92.75,3048325.0
2021-05-13,90.02,91.49,88.7,90.02,3803369.0
2021-05-14,88.14,88.7,87.25,88.23,3252914.0
2021-05-17,88.5,90.67,88.5,90.63,2422890.0
2021-05-18,90.77,90.87,89.34,89.44,2302855.0
2021-05-19,87.27,87.72,85.57,86.18,3485936.0
2021-05-20,86.26,86.88,85.45,86.58,4059263.0
2021-05-21,86.68,87.06,85.27,85.65,2044160.0
2021-05-24,85.27,85.99,84.76,85.69,1578358.0
2021-05-25,84.78,85.07,83.97,84.08,2411309.0
2021-05-26,84.04,84.92,83.46,84.8,1854109.0
2021-05-27,87.34,87.84,86.93,87.74,2906770.0
2021-05-28,87.1,87.62,86.77,87.43,1860472.0
2021-06-01,90.37,91.09,89.97,90.8,4021228.0
2021-06-02,90.0,90.7,89.57,90.22,2391905.0
2021-06-03,88.75,88.79,87.83,88.51,2806466.0
2021-06-04,89.38,89.85,88.68,89.75,2470703.0
2021-06-07,89.38,89.48,87.75,88.12,2502053.0
2021-06-08,88.5,89.03,87.69,88.61,1555290.0
2021-06-09,87.5,87.62,86.53,86.87,2249430.0
2021-06-10,86.83,87.29,86.1,86.9,2038017.0
2021-06-11,87.72,88.16,87.18,87.48,1514598.0
2021-06-14,87.2,87.51,86.76,86.97,1519438.0
2021-06-15,86.3,86.64,85.36,86.42,2141081.0
2021-06-16,85.29,86.09,84.35,84.66,2211359.0
2021-06-17,83.54,84.03,82.41,83.02,3493909.0
2021-06-18,82.7,83.08,81.03,81.04,4617052.0
2021-06-21,80.9,82.5,80.61,82.09,2189394.0
2021-06-22,82.53,83.34,81.98,83.11,1347367.0
2021-06-23,84.39,84.69,83.52,83.72,1943980.0
2021-06-24,84.39,85.17,84.19,84.82,1370877.0
2021-06-25,85.33,85.76,85.02,85.02,1075858.0
2021-06-28,85.35,85.48,84.22,84.46,1330154.0
2021-06-29,84.9,85.2,84.2,84.61,1318726.0
2021-06-30,84.08,84.55,83.31,83.89,1242959.0
2021-07-01,84.04,84.19,82.51,82.72,1623504.0
2021-07-02,83.03,83.8,82.39,83.63,1306838.0
2021-07-06,84.02,84.09,81.91,82.44,1681784.0
2021-07-07,84.1,84.73,83.41,84.33,2363282.0
2021-07-08,81.64,82.95,80.99,82.48,2305427.0
2021-07-09,84.09,86.23,83.78,85.99,2000722.0
2021-07-12,85.1,86.3,84.9,86.03,1249262.0
2021-07-13,85.36,85.87,85.06,85.18,1157000.0
2021-07-14,85.96,86.35,85.16,85.73,1846122.0
2021-07-15,85.5,86.74,85.17,86.25,1398068.0
2021-07-16,83.98,84.19,82.49,82.79,3437704.0
2021-07-19,80.21,80.59,79.33,80.23,2593911.0
2021-07-20,79.16,81.48,78.95,81.45,2462554.0
2021-07-21,82.68,83.39,82.2,82.94,1672209.0
2021-07-22,82.27,82.45,81.15,82.08,1447019.0
2021-07-23,82.69,82.91,81.67,82.77,1668942.0
2021-07-26,84.8,86.16,84.76,86.05,1895806.0
2021-07-27,84.1,85.36,81.66,82.78,3697196.0
2021-07-28,84.98,87.03,84.46,86.62,2950484.0
2021-07-29,88.6,89.51,88.21,88.67,3247057.0
2021-07-30,86.34,87.44,85.89,86.31,2340358.0
2021-08-02,88.06,88.61,87.17,87.3,2432247.0
2021-08-03,88.23,89.39,87.53,89.39,2443440.0
2021-08-04,88.75,89.17,88.34,88.53,2124623.0
2021-08-05,84.91,85.61,84.27,84.74,3563819.0
2021-08-06,85.1,85.5,84.6,84.97,1674686.0
2021-08-09,84.97,85.88,84.76,85.57,2071474.0
2021-08-10,85.23,87.07,85.17,86.94,2105213.0
2021-08-11,85.88,86.62,85.12,86.1,3602959.0
2021-08-12,79.53,79.57,78.79,79.16,2954648.0
2021-08-13,79.03,80.09,78.94,79.44,2363349.0
2021-08-16,77.71,78.32,77.02,78.03,3121467.0
2021-08-17,76.89,77.2,75.79,76.83,3291706.0
2021-08-18,74.92,75.28,74.03,74.13,3440403.0
2021-08-19,72.28,72.8,71.62,72.42,5203214.0
2021-08-20,71.68,72.68,71.57,72.52,2705286.0
2021-08-23,73.0,73.44,72.84,73.0,1976331.0
2021-08-24,74.66,75.69,74.59,75.09,2572974.0
2021-08-25,75.25,75.77,74.83,75.4,1474421.0
2021-08-26,74.11,74.58,73.81,74.02,1853099.0
2021-08-27,74.57,76.1,74.51,75.83,1817082.0
2021-08-30,76.59,76.65,75.97,76.06,1242697.0
2021-08-31,75.69,75.83,74.61,75.07,2223938.0
2021-09-01,74.09,75.25,73.87,74.91,2454384.0
2021-09-02,74.99,76.13,74.85,75.28,2284231.0
2021-09-03,76.34,76.74,75.64,75.87,2050839.0
2021-09-07,75.41,75.76,74.51,74.56,2156899.0
2021-09-08,74.4,74.56,73.5,73.55,2737604.0
2021-09-09,72.72,73.05,71.89,72.06,3410108.0
2021-09-10,73.83,74.44,73.17,73.18,3189166.0
2021-09-13,73.97,74.44,73.41,73.78,8318161.0
2021-09-14,73.89,73.93,72.56,72.7,2905530.0
2021-09-15,73.05,74.08,72.98,73.56,2383095.0
2021-09-16,71.74,71.8,69.82,70.14,3799710.0
2021-09-17,67.77,68.17,66.84,68.04,6994206.0
2021-09-20,64.29,66.11,64.23,66.07,7914410.0
2021-09-21,66.44,66.46,65.11,65.37,7198910.0
2021-09-22,67.17,67.58,66.5,66.59,6223311.0
2021-09-23,67.56,67.91,66.99,67.05,4049319.0
2021-09-24,66.72,67.48,66.62,66.77,3697260.0
2021-09-27,66.63,67.54,66.61,67.54,3525723.0
2021-09-28,65.97,66.13,65.26,65.83,5241232.0
2021-09-29,65.39,65.96,65.13,65.74,4642301.0
2021-09-30,67.0,67.64,66.76,66.82,3541676.0
2021-10-01,66.76,67.06,65.83,66.81,3099987.0
2021-10-04,66.97,67.5,66.44,66.56,3061395.0
2021-10-05,65.78,66.71,65.21,66.38,2891063.0
2021-10-06,65.82,67.08,65.52,67.07,3208111.0
2021-10-07,68.72,69.23,67.95,68.13,4260212.0
2021-10-08,68.58,68.81,68.14,68.47,3332298.0
2021-10-11,70.73,71.35,69.78,69.81,2857660.0
2021-10-12,69.29,69.62,68.89,69.29,3395802.0
2021-10-13,68.19,69.09,68.04,69.05,3553588.0
2021-10-14,70.59,71.34,70.53,71.09,3078845.0
2021-10-15,70.7,70.96,70.12,70.43,2912633.0
2021-10-18,70.0,70.41,69.47,70.18,2757466.0
2021-10-19,70.24,71.23,70.16,70.89,3049969.0
2021-10-20,68.1,68.63,66.99,68.13,5703464.0
2021-10-21,66.14,66.27,64.87,65.54,4765923.0
2021-10-22,65.89,66.43,65.18,65.88,3567630.0
2021-10-25,66.31,66.97,66.26,66.83,2457830.0
2021-10-26,66.75,66.76,65.86,66.03,3241229.0
2021-10-27,65.0,65.36,64.44,64.44,3268914.0
2021-10-28,64.15,64.78,64.1,64.5,4594003.0
2021-10-29,63.62,63.79,63.12,63.27,2830017.0
2021-11-01,63.25,63.67,63.07,63.39,2732361.0
2021-11-02,61.49,62.22,61.23,61.94,4003164.0
2021-11-03,62.21,62.33,61.58,62.11,4336494.0
2021-11-04,61.38,61.51,60.56,60.86,3871900.0
2021-11-05,60.52,60.72,60.17,60.62,3121044.0
2021-11-08,60.99,62.29,60.93,62.29,4098985.0
2021-11-09,61.52,61.89,60.73,61.4,3174925.0
2021-11-10,60.8,61.26,60.31,60.34,3227241.0
2021-11-11,62.22,63.14,62.2,63.0,5036704.0
2021-11-12,62.11,62.71,61.84,62.34,3752630.0
2021-11-15,61.63,61.74,61.26,61.62,2964320.0
2021-11-16,61.14,61.31,60.54,60.55,3569631.0
2021-11-17,60.91,61.24,60.51,60.67,3117869.0
2021-11-18,60.0,60.21,59.58,59.9,3618629.0
2021-11-19,60.63,61.46,60.45,60.71,3668015.0
2021-11-22,61.11,62.39,60.94,62.01,3300079.0
2021-11-23,63.16,64.06,63.06,63.84,3926522.0
2021-11-24,64.29,64.67,63.72,63.75,2513213.0
2021-11-26,60.82,62.48,60.74,62.33,3123577.0
2021-11-29,63.21,63.58,62.3,62.94,4519129.0
2021-11-30,63.4,63.76,61.82,62.69,4376674.0
2021-12-01,62.84,63.84,62.16,62.16,5574029.0
2021-12-02,63.0,64.37,62.86,64.13,4234772.0
2021-12-03,62.27,62.61,60.75,61.33,4031294.0
2021-12-06,61.47,62.36,61.03,62.09,3942402.0
2021-12-07,64.08,64.89,63.93,64.16,3521575.0
2021-12-08,63.74,63.97,63.47,63.88,2545654.0
2021-12-09,63.44,64.04,63.29,63.98,4370062.0
2021-12-10,64.58,64.69,63.69,64.11,2708206.0
2021-12-13,64.71,64.77,63.7,64.21,2622357.0
2021-12-14,64.49,65.74,64.44,64.7,3589934.0
2021-12-15,64.24,64.62,63.45,64.55,3192524.0
2021-12-16,65.66,66.39,65.66,65.8,3887913.0
2021-12-17,65.96,66.02,64.91,64.91,3081648.0
2021-12-20,64.55,64.6,63.49,64.33,3027481.0
2021-12-21,65.64,66.19,65.5,66.01,2665458.0
2021-12-22,65.16,65.97,64.58,65.88,4364245.0
2021-12-23,66.15,66.62,65.94,66.21,1563072.0
2021-12-27,66.03,66.47,65.47,66.41,1942905.0
2021-12-28,66.18,66.6,65.79,65.92,2865871.0
2021-12-29,66.0,66.64,65.95,66.12,1953774.0
2021-12-30,67.2,67.72,66.77,66.77,2479439.0
2021-12-31,66.83,67.14,66.54,66.94,1497201.0
2022-01-03,67.5,67.61,66.42,66.73,3628581.0
2022-01-04,67.2,68.33,67.13,67.52,2984792.0
2022-01-05,68.33,69.65,68.3,68.71,4117904.0
2022-01-06,70.41,70.59,69.46,70.04,4994653.0
2022-01-07,71.19,72.33,71.14,72.24,5414559.0
2022-01-10,71.9,72.8,71.5,72.71,5555513.0
2022-01-11,72.55,74.43,72.28,74.42,5652880.0
2022-01-12,76.07,76.67,75.64,76.07,5963576.0
2022-01-13,76.19,76.69,75.57,75.66,4871984.0
2022-01-14,74.91,75.71,74.66,75.4,4967381.0
2022-01-18,74.71,75.92,74.45,75.73,6051846.0
2022-01-19,77.9,78.76,77.74,77.92,6091568.0
2022-01-20,78.3,78.36,76.13,76.16,6027080.0
2022-01-21,74.68,75.24,74.02,74.36,6109440.0
2022-01-24,71.56,73.28,70.85,73.27,6301868.0
2022-01-25,72.74,73.97,72.01,73.68,3700906.0
2022-01-26,75.0,75.32,73.36,74.03,4045641.0
2022-01-27,75.54,76.38,74.59,75.09,4418304.0
2022-01-28,74.85,74.91,71.86,73.13,6066456.0
2022-01-31,71.15,71.57,70.25,71.4,5225596.0
2022-02-01,72.44,74.28,72.39,74.2,4316711.0
2022-02-02,73.94,74.42,73.35,74.29,4148218.0
2022-02-03,74.39,74.59,73.45,73.47,4727099.0
2022-02-04,73.96,74.11,73.36,73.89,4269452.0
2022-02-07,74.69,76.99,74.32,76.64,6373151.0
2022-02-08,77.25,78.18,76.33,78.1,4612995.0
2022-02-09,78.05,78.43,77.33,78.33,5039187.0
2022-02-10,78.61,80.44,78.59,78.96,4340079.0
2022-02-11,78.02,79.28,77.58,77.79,4193800.0
2022-02-14,78.38,78.61,77.66,78.37,3068596.0
2022-02-15,77.12,77.48,76.13,77.13,4002766.0
2022-02-16,77.16,78.64,77.1,78.56,3078702.0
2022-02-17,77.26,77.59,76.24,76.68,4246702.0
2022-02-18,77.6,77.93,77.19,77.63,2479077.0
2022-02-22,78.22,79.09,77.34,77.77,6540431.0
2022-02-23,77.19,77.57,76.18,77.5,5476015.0
2022-02-24,74.37,75.55,73.61,75.42,6316341.0
2022-02-25,74.84,78.03,74.76,77.96,5227078.0
2022-02-28,77.16,79.14,77.1,78.58,4751574.0
2022-03-01,80.25,81.45,79.09,80.03,5329004.0
2022-03-02,82.72,83.78,82.32,83.54,6540765.0
2022-03-03,84.43,84.69,82.69,84.0,6286404.0
2022-03-04,81.14,82.0,80.79,81.88,10412417.0
2022-03-07,80.86,81.46,78.96,79.54,6169303.0
2022-03-08,78.28,79.2,77.22,77.53,7564177.0
2022-03-09,75.67,77.98,75.05,77.72,7712727.0
2022-03-10,72.97,74.89,72.18,74.85,6792533.0
2022-03-11,73.11,74.36,72.67,72.72,4664595.0
2022-03-14,71.04,71.31,68.95,69.37,8954187.0
2022-03-15,67.91,69.21,67.5,69.08,8968027.0
2022-03-16,70.59,72.8,70.59,72.72,6816447.0
2022-03-17,73.32,74.85,73.14,74.84,4771597.0
2022-03-18,74.79,75.72,74.55,75.43,4636959.0
2022-03-21,77.1,77.79,76.91,77.69,3802993.0
2022-03-22,78.74,78.83,76.31,76.47,3668293.0
2022-03-23,76.95,78.07,76.59,77.88,3853781.0
2022-03-24,78.7,78.91,77.98,78.3,3003767.0
2022-03-25,78.92,79.58,78.72,79.52,2890619.0
2022-03-28,78.53,78.61,77.54,78.53,2574523.0
2022-03-29,77.26,78.41,76.77,78.38,3512008.0
2022-03-30,79.55,81.09,79.45,80.5,3057590.0
2022-03-31,81.63,81.92,80.3,80.4,2786418.0
2022-04-01,81.49,82.88,81.4,82.68,3345701.0
2022-04-04,81.87,82.04,80.91,81.38,2800303.0
2022-04-05,81.01,81.37,80.07,80.49,2861246.0
2022-04-06,80.59,80.92,79.83,80.57,3680638.0
2022-04-07,80.58,81.28,79.62,80.85,2936355.0
2022-04-08,81.26,81.48,80.11,80.28,2769703.0
2022-04-11,80.59,80.65,79.47,79.74,2655932.0
2022-04-12,80.87,81.93,80.24,80.49,3327457.0
2022-04-13,80.77,82.0,80.75,81.94,2691420.0
2022-04-14,82.0,82.4,81.62,81.87,2644524.0
2022-04-18,82.45,83.21,81.94,82.4,2575773.0
2022-04-19,81.16,81.6,80.31,80.7,2704752.0
2022-04-20,78.04,78.62,76.02,78.58,6459842.0
2022-04-21,76.57,76.92,74.38,74.81,4776200.0
2022-04-22,74.53,74.87,72.57,72.67,3842611.0
2022-04-25,70.37,71.07,68.71,70.84,5313141.0
2022-04-26,69.69,70.47,68.66,68.74,4639655.0
2022-04-27,71.9,72.76,70.76,71.9,4250024.0
2022-04-28,71.42,71.76,70.53,71.51,3416835.0
2022-04-29,72.52,73.2,71.06,71.12,2905342.0
2022-05-02,70.84,71.45,69.78,70.95,3688334.0
2022-05-03,71.52,71.99,70.73,71.12,3262190.0
2022-05-04,69.98,72.01,69.11,71.81,3929326.0
2022-05-05,70.83,71.23,68.22,68.97,4992273.0
2022-05-06,68.07,68.6,67.02,68.07,3784999.0
2022-05-09,65.74,65.96,64.61,64.97,4919386.0
2022-05-10,65.65,65.83,64.1,65.1,3655333.0
2022-05-11,66.5,67.58,65.38,65.42,4113586.0
2022-05-12,63.71,64.76,63.17,64.42,4946524.0
2022-05-13,65.21,66.21,65.09,65.81,3054236.0
2022-05-16,66.61,67.01,65.84,66.57,3174855.0
2022-05-17,68.97,69.16,68.19,68.96,3690246.0
2022-05-18,67.97,68.06,66.44,66.67,2547246.0
2022-05-19,67.16,68.42,67.12,67.93,2962039.0
2022-05-20,69.7,69.85,67.93,69.54,3178360.0
2022-05-23,70.96,71.23,70.05,70.73,3009596.0
2022-05-24,70.01,71.32,69.86,71.27,2566007.0
2022-05-25,71.3,72.14,71.03,71.89,2934204.0
2022-05-26,71.62,72.22,71.43,72.13,2550594.0
2022-05-27,73.0,73.27,72.64,73.19,2165789.0
2022-05-31,74.08,74.42,73.13,73.44,4667742.0
2022-06-01,73.94,74.13,72.5,73.23,2178375.0
2022-06-02,74.36,76.03,74.33,75.82,3136500.0
2022-06-03,75.05,75.51,74.46,74.86,1482574.0
2022-06-06,75.52,76.28,75.16,75.91,2548756.0
2022-06-07,76.4,78.5,76.4,78.4,3553564.0
2022-06-08,76.54,77.41,76.2,76.49,2943420.0
2022-06-09,75.97,75.99,74.36,74.41,2646794.0
2022-06-10,71.84,72.22,70.75,71.69,4056396.0
2022-06-13,68.88,69.83,68.1,68.81,3670878.0
2022-06-14,68.29,68.78,66.83,67.42,3373810.0
2022-06-15,68.67,70.0,67.85,69.52,3158106.0
2022-06-16,67.52,68.62,67.23,68.04,3542926.0
2022-06-17,66.08,66.3,63.88,64.54,4770851.0
2022-06-21,64.8,65.71,64.68,65.4,3038533.0
2022-06-22,62.56,63.48,62.42,62.71,4517343.0
2022-06-23,61.93,62.03,60.12,60.81,5031442.0
2022-06-24,61.14,62.73,60.72,62.72,3210188.0
2022-06-27,63.23,63.51,62.68,63.02,2836306.0
2022-06-28,63.96,64.59,63.07,63.26,3102976.0
2022-06-29,63.76,63.9,62.48,62.93,2951346.0
2022-06-30,60.86,61.44,59.98,61.0,3837692.0
2022-07-01,59.62,60.22,58.06,59.83,3875504.0
2022-07-05,56.86,57.31,56.02,57.28,4965065.0
2022-07-06,57.2,57.53,56.25,57.26,3841356.0
2022-07-07,59.31,60.0,59.02,59.49,4180870.0
2022-07-08,59.34,59.45,58.19,59.11,2986626.0
2022-07-11,57.7,58.12,57.32,57.81,4334852.0
2022-07-12,57.26,57.93,56.86,57.22,5086559.0
2022-07-13,57.14,58.61,56.65,58.1,4371899.0
2022-07-14,55.07,55.07,54.22,54.68,5172608.0
2022-07-15,54.26,55.51,53.83,55.41,6344041.0
2022-07-18,57.25,57.97,56.52,56.64,3496604.0
2022-07-19,57.18,57.61,56.79,57.45,3103766.0
2022-07-20,57.25,57.41,56.7,57.3,2876925.0
2022-07-21,55.96,57.54,55.89,57.53,2871247.0
2022-07-22,58.4,58.85,57.22,57.5,2913513.0
2022-07-25,59.65,59.77,58.91,59.67,2922505.0
2022-07-26,59.68,59.74,58.63,59.11,2890773.0
2022-07-27,57.79,59.64,57.05,59.42,4579809.0
2022-07-28,60.27,60.42,59.22,59.88,3441298.0
2022-07-29,60.49,61.23,59.94,61.03,3881929.0
2022-08-01,60.8,60.83,59.75,60.25,2725438.0
2022-08-02,60.06,60.13,58.82,59.3,3022897.0
2022-08-03,59.63,59.81,58.89,59.18,2859562.0
2022-08-04,59.04,59.7,58.64,59.32,2575794.0
2022-08-05,59.04,60.91,58.83,60.69,2625447.0
2022-08-08,61.4,61.71,60.44,60.8,2863053.0
2022-08-09,61.16,61.43,60.76,61.34,2756672.0
2022-08-10,62.3,62.36,61.5,61.71,3605154.0
2022-08-11,59.96,60.53,59.58,59.98,4678391.0
2022-08-12,59.33,60.31,59.18,60.2,7104176.0
2022-08-15,58.0,58.59,57.62,58.51,3890493.0
2022-08-16,60.08,61.03,60.05,60.98,3509163.0
2022-08-17,59.5,60.01,59.32,59.66,2671000.0
2022-08-18,60.16,60.56,59.92,60.49,2587353.0
2022-08-19,59.57,59.66,58.74,58.83,2933795.0
2022-08-22,58.85,59.44,58.54,58.93,2043258.0
2022-08-23,59.31,61.25,59.29,61.1,4680980.0
2022-08-24,58.94,59.52,58.78,59.12,3780808.0
2022-08-25,59.42,60.25,59.23,60.17,2251734.0
2022-08-26,60.89,61.21,59.4,59.71,3141550.0
2022-08-29,59.0,59.84,58.89,59.24,2345414.0
2022-08-30,58.48,58.5,56.59,56.77,4422385.0
2022-08-31,56.26,56.68,55.77,56.29,3183607.0
2022-09-01,54.25,54.54,53.61,54.34,4279788.0
2022-09-02,55.19,55.5,54.22,54.49,3820820.0
2022-09-06,55.48,55.63,54.66,54.88,2994977.0
2022-09-07,53.67,54.61,53.21,54.33,4132980.0
2022-09-08,54.59,55.36,54.5,55.34,2433741.0
2022-09-09,57.02,58.09,57.0,57.93,3506902.0
2022-09-12,58.83,59.12,58.32,58.84,2563632.0
2022-09-13,57.56,58.41,56.49,56.68,3956080.0
2022-09-14,56.5,56.73,55.73,56.2,3541532.0
2022-09-15,55.48,56.19,55.14,55.35,3309641.0
2022-09-16,54.67,55.57,54.48,55.17,3589688.0
2022-09-19,54.4,56.33,54.27,56.31,2456700.0
2022-09-20,54.79,55.25,54.32,55.11,3507366.0
2022-09-21,54.89,54.94,53.22,53.22,3848030.0
2022-09-22,55.51,55.83,54.88,55.35,3970692.0
2022-09-23,52.4,52.61,51.47,52.16,8999672.0
2022-09-26,51.14,52.43,50.92,51.22,5248814.0
2022-09-27,52.29,52.96,51.81,52.38,5002567.0
2022-09-28,52.35,54.0,52.24,53.87,4264567.0
2022-09-29,54.48,55.26,53.77,55.18,6329501.0
2022-09-30,54.29,55.85,54.29,55.06,4688687.0
2022-10-03,56.14,57.43,55.96,57.0,6471185.0
2022-10-04,57.68,59.58,57.66,59.25,5526135.0
2022-10-05,57.67,59.15,57.44,58.74,5140478.0
2022-10-06,57.37,57.87,56.92,57.17,3367299.0
2022-10-07,56.95,57.57,56.54,57.3,4830126.0
2022-10-10,57.76,58.27,57.17,57.46,3848993.0
2022-10-11,56.56,57.34,55.88,56.16,4460486.0
2022-10-12,55.42,56.04,55.11,55.45,3445363.0
2022-10-13,54.27,56.77,54.17,56.43,4745002.0
2022-10-14,56.08,56.1,53.66,53.71,3767031.0
2022-10-17,55.55,55.9,54.83,55.18,4794896.0
2022-10-18,55.59,55.84,54.23,54.71,3619681.0
2022-10-19,54.03,54.58,53.49,53.74,3485639.0
2022-10-20,52.88,54.65,52.72,53.33,6419466.0
2022-10-21,53.32,55.65,53.06,55.56,5721040.0
2022-10-24,54.14,54.79,53.84,54.09,5003733.0
2022-10-25,53.89,55.08,53.66,55.05,3688704.0
2022-10-26,55.45,57.35,55.45,56.91,4806299.0
2022-10-27,55.0,55.4,54.53,54.75,7214392.0
2022-10-28,53.44,53.82,52.5,52.83,5573012.0
2022-10-31,52.5,53.87,52.43,53.35,6098074.0
2022-11-01,55.52,55.7,54.62,54.97,6205079.0
2022-11-02,54.77,54.88,52.75,52.78,5404314.0
2022-11-03,52.29,53.27,52.25,53.02,3292905.0
2022-11-04,57.34,58.88,57.11,58.34,6579320.0
2022-11-07,59.44,59.59,58.31,58.46,4429414.0
2022-11-08,59.16,60.11,58.74,59.52,3446980.0
2022-11-09,59.38,60.06,58.15,58.35,3903181.0
2022-11-10,60.22,60.97,59.65,60.81,3364520.0
2022-11-11,64.44,65.36,64.01,64.71,6469477.0
2022-11-14,63.49,64.87,63.4,64.24,4065430.0
2022-11-15,65.93,66.16,65.08,65.28,4085812.0
2022-11-16,64.82,65.08,64.16,64.51,2862783.0
2022-11-17,63.1,64.95,62.97,64.93,3515920.0
2022-11-18,64.99,65.35,64.64,65.19,2786537.0
2022-11-21,63.5,64.53,62.63,64.28,3985987.0
2022-11-22,64.85,65.43,64.5,65.2,3134146.0
2022-11-23,65.36,66.24,65.29,66.14,2249270.0
2022-11-25,66.14,66.28,65.7,65.73,1079603.0
2022-11-28,65.51,66.2,65.15,65.2,2749155.0
2022-11-29,67.09,68.1,67.01,67.86,3820127.0
2022-11-30,68.38,68.95,67.29,68.64,4925164.0
2022-12-01,69.42,70.05,68.99,69.18,4277296.0
2022-12-02,68.36,70.07,68.36,69.82,3632070.0
2022-12-05,71.28,71.66,69.26,69.46,3487285.0
2022-12-06,70.34,70.7,69.66,70.34,3863154.0
2022-12-07,69.41,70.27,69.41,69.85,3027512.0
2022-12-08,71.31,72.05,71.06,71.8,3021582.0
2022-12-09,72.35,73.11,72.3,72.49,3386820.0
2022-12-12,71.62,71.72,70.36,71.13,3498591.0
2022-12-13,73.23,73.35,71.22,71.61,4019334.0
2022-12-14,70.65,71.19,69.9,70.72,3312694.0
2022-12-15,71.32,71.32,69.9,70.45,3472646.0
2022-12-16,69.16,69.56,68.8,69.43,3987810.0
2022-12-19,69.36,69.85,68.61,68.86,2343557.0
2022-12-20,69.35,70.09,69.32,69.63,2142013.0
2022-12-21,70.53,71.07,70.32,70.74,2350569.0
2022-12-22,70.12,70.34,69.31,70.29,2109693.0
2022-12-23,70.67,70.95,70.3,70.79,1407117.0
2022-12-27,71.49,71.81,71.23,71.43,1444021.0
2022-12-28,72.03,72.14,70.55,70.63,1903768.0
2022-12-29,71.34,71.62,70.99,71.09,1969013.0
2022-12-30,70.93,71.53,70.6,71.2,1122794.0
2023-01-03,71.03,71.79,70.62,71.06,1979025.0
2023-01-04,71.52,71.68,70.93,71.54,1734236.0
2023-01-05,71.63,72.15,71.23,71.95,1582004.0
2023-01-06,72.8,74.2,72.56,74.07,2810146.0
2023-01-09,74.9,75.35,74.11,74.15,3126982.0
2023-01-10,74.92,75.65,74.35,75.61,2221358.0
2023-01-11,76.28,76.35,75.17,75.35,2356601.0
2023-01-12,77.21,77.72,75.75,77.68,4020759.0
2023-01-13,76.92,77.56,76.8,77.55,2205040.0
2023-01-17,76.46,76.53,75.75,75.97,2624227.0
2023-01-18,77.72,78.16,76.36,76.4,3624620.0
2023-01-19,76.42,77.83,76.29,77.32,3609275.0
2023-01-20,77.25,78.38,77.04,78.38,3673429.0
2023-01-23,78.58,78.78,78.13,78.76,2369583.0
2023-01-24,87.0,79.83,77.29,78.99,2305114.0
2023-01-25,78.56,79.94,78.54,79.88,2161416.0
2023-01-26,80.28,80.52,79.32,80.4,2908028.0
2023-01-27,79.28,79.82,77.75,79.61,4268625.0
2023-01-30,78.98,79.74,78.93,78.93,2394859.0
2023-01-31,78.41,79.4,78.13,79.35,2031954.0
2023-02-01,78.09,79.39,76.95,79.09,4121338.0
2023-02-02,77.06,77.11,74.71,75.15,5612581.0
2023-02-03,75.34,76.09,74.6,74.71,3001977.0
2023-02-06,73.82,74.0,73.07,73.88,2412493.0
2023-02-07,74.09,75.11,73.45,74.64,2630052.0
2023-02-08,74.53,74.86,74.01,74.35,2226248.0
2023-02-09,75.77,75.78,74.15,74.37,1938179.0
2023-02-10,73.2,73.34,72.45,73.32,3051051.0
2023-02-13,73.06,74.03,72.88,74.0,1905273.0
2023-02-14,74.04,75.02,73.78,74.7,2167988.0
2023-02-15,72.21,74.46,72.0,74.43,2433543.0
2023-02-16,74.07,75.44,73.9,74.91,2090623.0
2023-02-17,74.15,74.53,73.84,74.44,2198731.0
2023-02-21,76.13,76.54,75.13,75.38,2769081.0
2023-02-22,73.35,73.63,72.04,72.85,3883152.0
2023-02-23,72.31,72.41,70.45,71.49,3770181.0
2023-02-24,69.27,69.4,68.4,68.9,3987430.0
2023-02-27,68.73,69.49,68.3,69.16,3457129.0
2023-02-28,69.55,70.51,69.06,69.73,3280485.0
2023-03-01,72.25,73.11,72.02,72.71,4599945.0
2023-03-02,72.34,73.92,72.28,73.74,2826863.0
2023-03-03,75.12,75.3,74.55,75.18,2956441.0
2023-03-06,73.02,73.08,72.36,72.71,3550625.0
2023-03-07,72.23,72.32,70.41,70.62,3787881.0
2023-03-08,71.25,71.86,71.17,71.58,3699246.0
2023-03-09,69.49,69.7,68.0,68.22,3571111.0
2023-03-10,68.58,69.44,67.47,67.54,3333717.0
2023-03-13,66.61,68.89,66.57,68.41,4091945.0
2023-03-14,68.7,69.57,68.46,69.39,3487871.0
2023-03-15,66.62,67.15,64.61,65.87,6475340.0
2023-03-16,64.19,65.3,64.11,64.73,9983915.0
2023-03-17,65.02,65.05,64.03,64.67,9661522.0
2023-03-20,65.88,66.69,65.75,66.46,4299778.0
2023-03-21,66.96,67.1,65.46,65.98,3810256.0
2023-03-22,65.48,66.43,65.0,65.05,2833311.0
2023-03-23,65.28,65.84,64.19,64.6,3378870.0
2023-03-24,64.73,65.05,64.24,64.67,3214457.0
2023-03-27,65.03,65.37,64.57,65.09,2154882.0
2023-03-28,65.71,66.45,65.59,66.06,2251585.0
2023-03-29,66.8,67.11,66.53,66.83,2722634.0
2023-03-30,68.07,68.21,67.66,68.11,2779450.0
2023-03-31,68.08,68.73,68.03,68.6,4221913.0
2023-04-03,68.12,68.59,67.47,68.09,3426599.0
2023-04-04,67.76,67.77,66.66,66.93,2883180.0
2023-04-05,66.54,67.23,66.34,66.85,2825058.0
2023-04-06,66.98,67.04,66.25,66.75,1805863.0
2023-04-10,66.93,67.37,66.6,67.19,1322127.0
2023-04-11,69.07,70.1,69.0,69.61,3031409.0
2023-04-12,69.92,70.07,69.17,69.43,2479031.0
2023-04-13,70.16,70.36,69.42,69.9,4152338.0
2023-04-14,69.33,69.55,68.11,68.58,2617657.0
2023-04-17,69.52,69.82,69.01,69.21,2357982.0
2023-04-18,69.67,70.55,69.59,70.41,2255716.0
2023-04-19,69.61,69.67,68.84,69.21,2964026.0
2023-04-20,68.45,68.76,66.91,67.3,4319112.0
2023-04-21,64.82,64.88,63.75,64.58,6660178.0
2023-04-24,64.25,64.82,64.1,64.46,3327755.0
2023-04-25,62.89,62.91,61.95,62.14,3992016.0
2023-04-26,64.05,64.05,62.74,62.94,4173607.0
2023-04-27,63.22,63.72,62.86,63.7,3467649.0
2023-04-28,63.58,64.07,63.46,63.99,2974178.0
2023-05-01,64.24,64.4,63.08,63.17,2583846.0
2023-05-02,62.34,62.41,61.45,62.12,3883316.0
2023-05-03,62.4,62.76,61.87,62.01,3271732.0
2023-05-04,61.56,62.06,61.41,61.48,2931329.0
2023-05-05,62.54,64.08,62.42,63.67,3366905.0
2023-05-08,64.77,64.84,63.85,63.87,2314319.0
2023-05-09,63.21,64.13,63.16,63.84,1888225.0
2023-05-10,64.44,64.44,62.56,63.18,3008278.0
2023-05-11,61.31,61.55,60.64,61.38,3229476.0
2023-05-12,61.63,62.02,61.52,61.74,2580851.0
2023-05-15,62.49,63.01,62.41,62.91,3006352.0
2023-05-16,62.06,62.5,61.37,61.41,2618871.0
2023-05-17,62.68,63.02,62.14,62.64,2306328.0
2023-05-18,61.81,61.93,61.2,61.92,3049140.0
2023-05-19,62.11,62.24,61.61,62.22,3544662.0
2023-05-22,61.55,62.14,61.55,61.91,3047377.0
2023-05-23,61.37,61.46,60.78,60.82,3012376.0
2023-05-24,59.97,60.02,59.0,59.09,3335900.0
2023-05-25,59.69,59.69,58.75,59.39,4278985.0
2023-05-26,61.15,61.43,60.85,61.12,3898634.0
2023-05-30,61.03,61.03,60.01,60.2,4001576.0
2023-05-31,59.99,60.06,58.86,59.05,6759201.0
2023-06-01,60.32,61.39,60.07,61.04,6265459.0
2023-06-02,63.43,63.6,63.03,63.17,4330972.0
2023-06-05,63.15,63.33,62.26,62.92,2873271.0
2023-06-06,63.02,63.75,62.92,63.67,3312727.0
2023-06-07,63.88,64.34,63.51,63.68,3662356.0
2023-06-08,64.59,64.76,64.08,64.6,2933950.0
2023-06-09,64.69,64.97,64.42,64.57,2215488.0
2023-06-12,63.55,63.87,63.07,63.74,2768447.0
2023-06-13,65.38,65.94,65.37,65.6,3603385.0
2023-06-14,67.99,68.09,66.94,67.26,5491141.0
2023-06-15,67.34,68.44,67.14,68.35,2582339.0
2023-06-16,68.12,68.25,67.52,67.55,3723425.0
2023-06-20,65.89,66.24,65.66,65.93,2975367.0
2023-06-21,64.92,65.6,64.84,65.4,3393733.0
2023-06-22,65.1,65.25,64.78,65.1,2337037.0
2023-06-23,63.53,63.72,63.22,63.5,2833579.0
2023-06-26,63.46,64.24,63.46,63.74,2226845.0
2023-06-27,64.13,65.07,63.86,64.9,3003287.0
2023-06-28,63.7,63.72,63.07,63.43,2846327.0
2023-06-29,63.08,63.85,62.96,63.8,2242687.0
2023-06-30,64.38,64.38,63.63,63.84,1762351.0
2023-07-03,65.18,65.46,64.83,64.83,1633303.0
2023-07-05,64.39,64.44,63.82,64.01,2279810.0
2023-07-06,63.09,63.34,62.2,62.94,3191622.0
2023-07-07,62.81,63.84,62.81,63.38,2621512.0
2023-07-10,62.32,63.25,62.3,63.18,2611544.0
2023-07-11,64.09,64.61,63.88,64.54,3061259.0
2023-07-12,66.79,67.16,66.53,66.92,3358934.0
2023-07-13,68.64,69.16,68.34,69.01,3341124.0
2023-07-14,69.09,69.1,68.43,68.53,2470315.0
2023-07-17,66.85,67.38,66.72,67.32,2288762.0
2023-07-18,66.66,67.34,66.64,67.16,2259722.0
2023-07-19,65.87,66.28,65.82,66.23,2712532.0
2023-07-20,67.19,67.52,66.58,66.6,2126279.0
2023-07-21,66.93,66.96,66.29,66.48,1250607.0
2023-07-24,66.21,67.43,66.14,67.03,2463692.0
2023-07-25,69.48,70.21,69.14,69.81,3824853.0
2023-07-26,68.21,68.56,67.55,67.95,2907006.0
2023-07-27,67.55,67.99,66.91,67.05,2872040.0
2023-07-28,66.39,66.42,65.81,66.1,3014052.0
2023-07-31,66.5,66.88,66.47,66.55,3029285.0
2023-08-01,65.48,65.69,65.15,65.57,3937683.0
2023-08-02,64.23,64.52,63.59,63.82,3790270.0
2023-08-03,63.48,64.45,63.27,64.06,3612213.0
2023-08-04,64.03,64.88,63.81,64.04,2371895.0
2023-08-07,64.22,64.43,63.81,64.05,1962265.0
2023-08-08,62.99,63.68,62.47,63.57,2333796.0
2023-08-09,64.12,64.25,63.63,63.7,1920363.0
2023-08-10,61.85,62.25,61.13,61.35,2755998.0
2023-08-11,60.59,61.08,60.48,61.02,3504747.0
2023-08-14,59.65,60.06,59.09,59.94,3946885.0
2023-08-15,59.26,59.35,58.66,58.74,5237687.0
2023-08-16,58.31,59.13,58.27,58.36,2979511.0
2023-08-17,59.96,60.18,59.31,59.56,3657078.0
2023-08-18,59.11,59.54,58.89,59.33,2718585.0
2023-08-21,59.43,60.0,59.31,59.95,2988657.0
2023-08-22,61.1,61.11,60.09,60.32,2448027.0
2023-08-23,60.93,61.69,60.87,61.69,2907185.0
2023-08-24,60.49,61.03,60.2,60.79,4361875.0
2023-08-25,61.03,61.2,60.31,60.71,3661755.0
2023-08-28,61.32,61.76,61.28,61.72,1501882.0
2023-08-29,61.39,62.36,61.39,62.33,2487566.0
2023-08-30,62.8,63.0,62.53,62.75,1566286.0
2023-08-31,63.06,63.08,62.48,62.5,2138217.0
2023-09-01,64.14,64.39,63.47,63.85,2856890.0
2023-09-05,64.0,64.21,63.39,63.4,2417886.0
2023-09-06,63.2,63.55,62.76,63.31,2541332.0
2023-09-07,61.58,61.8,60.92,61.24,2459858.0
2023-09-08,60.7,61.37,60.69,61.22,3686250.0
2023-09-11,63.49,63.74,63.12,63.28,3748495.0
2023-09-12,63.12,63.54,63.11,63.19,1783514.0
2023-09-13,63.17,63.43,62.9,63.11,1742350.0
2023-09-14,65.71,66.1,65.3,66.03,4917387.0
2023-09-15,66.8,66.96,65.82,65.85,3552302.0
2023-09-18,65.94,65.96,65.18,65.27,2104208.0
2023-09-19,65.97,66.19,65.21,65.41,3330636.0
2023-09-20,65.85,66.38,65.48,65.52,2210719.0
2023-09-21,64.49,64.5,63.68,63.74,2540965.0
2023-09-22,64.0,64.6,63.98,64.07,3589015.0
2023-09-25,62.1,63.14,62.05,63.07,3076662.0
2023-09-26,62.73,63.03,61.92,62.01,2879683.0
2023-09-27,62.86,63.09,61.84,62.32,2227017.0
2023-09-28,63.22,64.31,63.1,63.79,3518369.0
2023-09-29,64.54,64.6,63.47,63.64,3334141.0
2023-10-02,63.3,63.5,62.28,62.7,3097504.0
2023-10-03,61.54,62.03,61.03,61.39,4198965.0
2023-10-04,61.04,61.08,60.08,60.48,3403183.0
2023-10-05,60.96,61.15,60.62,60.9,3271021.0
2023-10-06,61.65,62.49,61.16,62.0,4969708.0
2023-10-09,61.23,61.49,60.66,61.29,2890304.0
2023-10-10,62.38,62.86,62.21,62.52,2561528.0
2023-10-11,63.15,63.24,62.48,62.96,2208697.0
2023-10-12,63.15,63.15,62.07,62.43,3250446.0
2023-10-13,62.49,62.76,61.83,62.38,3638604.0
2023-10-16,63.35,64.59,63.24,64.14,5001482.0
2023-10-17,63.37,64.62,63.34,64.37,4833864.0
2023-10-18,63.54,63.54,62.2,62.42,3459210.0
2023-10-19,62.13,62.45,61.68,61.9,3877498.0
2023-10-20,60.72,61.015,60.15,60.56,4449215.0
2023-10-23,60.26,60.755,59.8,60.36,4565046.0
2023-10-24,61.66,62.5,61.53,62.42,4195528.0
2023-10-25,63.31,63.74,62.85,63.11,4889664.0
2023-10-26,63.3,63.52,62.56,63.09,3985050.0
2023-10-27,64.0,64.14,63.4,63.75,3619507.0
2023-10-30,64.58,64.87,64.145,64.21,3380153.0
2023-10-31,64.16,64.81,63.88,64.34,3236833.0
2023-11-01,64.97,65.25,64.395,65.08,3243870.0
2023-11-02,66.32,66.76,65.81,66.27,2876783.0
2023-11-03,66.54,66.85,66.235,66.3,2196660.0
2023-11-06,67.02,67.11,66.59,66.68,2535159.0
2023-11-07,65.38,65.44,64.54,64.7,3171955.0
2023-11-08,64.76,64.99,64.23,64.59,2229408.0
2023-11-09,65.13,65.535,64.43,64.46,1924657.0
2023-11-10,64.62,65.56,64.24,65.46,2062172.0
2023-11-13,65.36,65.86,65.28,65.58,2071253.0
2023-11-14,68.15,68.47,67.71,67.81,3825301.0
2023-11-15,68.23,68.37,67.78,67.86,2788252.0
2023-11-16,67.52,67.915,67.3,67.65,2560817.0
2023-11-17,68.17,68.57,67.98,68.19,2116258.0
2023-11-20,68.41,69.44,68.3,69.23,2621716.0
2023-11-21,70.0,70.425,69.9201,70.24,3070066.0
2023-11-22,69.72,69.87,69.08,69.85,2982910.0
2023-11-24,69.28,69.75,69.23,69.72,1574902.0
2023-11-27,69.38,69.43,69.01,69.03,2575135.0
2023-11-28,68.96,69.45,68.75,69.43,1987019.0
2023-11-29,69.6,69.63,68.68,68.87,2099079.0
2023-11-30,69.02,69.12,68.69,69.09,1819731.0
2023-12-01,70.41,71.51,70.22,71.16,4082026.0
2023-12-04,69.43,69.65,68.685,69.05,3165480.0
2023-12-05,68.73,68.82,68.07,68.49,2297216.0
2023-12-06,70.05,70.19,68.84,68.99,3096329.0
2023-12-07,70.16,70.845,69.91,70.44,4074221.0
2023-12-08,69.84,70.61,69.84,70.17,3047463.0
2023-12-11,69.07,69.45,68.94,69.15,2840305.0
2023-12-12,69.83,69.83,69.04,69.44,2703217.0
2023-12-13,69.46,70.55,68.935,70.46,2266887.0
2023-12-14,72.0,72.515,71.44,72.18,4202169.0
2023-12-15,72.62,73.195,72.28,72.45,5529635.0
2023-12-18,73.35,73.48,72.8202,72.83,2647671.0
2023-12-19,73.51,74.075,73.43,73.79,2118157.0
2023-12-20,73.3,73.64,72.45,72.46,2291415.0
2023-12-21,73.92,74.37,73.46,74.0,2207205.0
2023-12-22,74.18,74.31,73.74,73.83,1831686.0
2023-12-26,74.0,74.37,74.0,74.18,1215262.0
2023-12-27,74.47,74.84,74.32,74.77,2050629.0
2023-12-28,74.64,75.0891,74.5,74.54,2430334.0
2023-12-29,74.11,74.49,73.925,74.46,1462094.0
2024-01-02,74.0,74.72,73.97,74.26,3051704.0
2024-01-03,73.11,73.84,72.8,73.55,3398073.0
2024-01-04,73.13,73.39,72.93,73.04,1512453.0
2024-01-05,72.39,73.3,72.34,72.64,1759123.0
2024-01-08,72.27,72.9,71.925,72.84,2417136.0
2024-01-09,71.5,71.58,70.77,70.86,2660843.0
2024-01-10,70.52,70.635,70.15,70.31,2093151.0
2024-01-11,70.38,70.49,69.46,70.06,2225099.0
2024-01-12,70.71,70.83,70.055,70.18,1629369.0
2024-01-16,69.94,69.94,68.89,69.09,3565352.0
2024-01-17,68.03,68.41,67.86,68.2,2553514.0
2024-01-18,69.39,69.4,68.675,69.17,2904284.0
2024-01-19,68.87,68.98,68.235,68.75,3346658.0
2024-01-22,67.18,67.69,67.09,67.28,3576322.0
2024-01-23,68.61,69.37,68.44,68.74,3084717.0
2024-01-24,70.77,70.84,69.55,69.55,4866702.0
2024-01-25,69.8,70.115,69.43,70.1,3399005.0
2024-01-26,71.07,71.11,70.675,70.77,2157352.0
2024-01-29,70.75,71.09,70.3,71.05,2272871.0
2024-01-30,70.44,70.56,69.68,70.2,3244915.0
2024-01-31,70.22,70.79,69.27,69.27,2920131.0
2024-02-01,69.48,70.185,69.33,70.12,2094635.0
2024-02-02,68.87,69.04,68.455,68.48,2708791.0
2024-02-05,67.51,67.785,67.035,67.5,2713966.0
2024-02-06,67.79,68.44,67.79,68.32,2584364.0
2024-02-07,68.16,68.53,67.91,68.52,2188512.0
2024-02-08,68.02,68.32,67.715,68.11,2270496.0
2024-02-09,67.93,67.985,67.42,67.92,1784153.0
2024-02-12,67.83,68.29,67.74,68.0,1969157.0
2024-02-13,67.56,67.62,66.255,66.65,2617949.0
2024-02-14,66.85,67.13,66.7099,67.08,1511241.0
2024-02-15,67.02,67.72,66.97,67.54,2668691.0
2024-02-16,69.42,69.91,69.04,69.12,3888334.0
2024-02-20,67.07,67.12,65.76,65.92,4613042.0
2024-02-21,65.57,65.88,64.86,65.48,2883220.0
2024-02-22,65.66,65.89,65.4,65.69,2931675.0
2024-02-23,66.22,66.49,65.83,65.98,2164350.0
2024-02-26,64.59,64.72,64.105,64.65,3413717.0
2024-02-27,65.34,65.48,64.65,64.98,3071309.0
2024-02-28,64.0,64.2,63.88,63.96,2158690.0
2024-02-29,64.81,65.03,64.275,64.53,2073082.0
2024-03-01,64.6,65.3,64.2,65.14,2482434.0
2024-03-04,64.57,64.94,64.49,64.85,2183483.0
2024-03-05,64.06,64.285,63.6725,63.8,2912664.0
2024-03-06,65.2,65.49,64.83,64.85,2617914.0
2024-03-07,64.11,64.335,63.61,63.67,3408475.0
2024-03-08,63.41,63.48,62.575,62.69,3068149.0
2024-03-11,61.08,62.05,61.05,62.0,4636420.0
2024-03-12,63.55,63.56,62.58,62.72,4677620.0
2024-03-13,62.19,63.48,62.05,63.17,4825120.0
2024-03-14,62.64,62.75,61.68,62.05,3710776.0
2024-03-15,61.78,62.35,61.6685,62.18,3743718.0
2024-03-18,62.96,63.04,62.25,62.27,2450807.0
2024-03-19,62.94,63.145,62.705,62.81,3095020.0
2024-03-20,62.93,64.02,62.8358,63.87,1940518.0
2024-03-21,64.44,64.7,64.12,64.13,2503686.0
2024-03-22,63.4,63.545,62.995,63.0,2508239.0
2024-03-25,63.78,64.179,63.37,63.41,2367951.0
2024-03-26,63.03,63.07,62.15,62.17,2938199.0
2024-03-27,62.42,63.49,62.37,63.46,2217111.0
2024-03-28,63.53,63.9,63.23,63.74,3254646.0
2024-04-01,64.33,64.68,64.08,64.18,2363575.0
2024-04-02,65.0,65.34,64.61,65.09,3300435.0
2024-04-03,64.46,64.8,63.72,64.6,5273669.0
2024-04-04,65.26,65.26,63.29,63.3,3151945.0
2024-04-05,62.92,63.11,62.62,63.0,3896851.0
2024-04-08,65.15,66.23,65.15,66.08,4714113.0
2024-04-09,67.38,67.71,66.6291,67.26,3709699.0
2024-04-10,65.72,66.54,65.49,66.51,3062651.0
2024-04-11,66.51,66.545,65.4,66.27,2101907.0
2024-04-12,67.5,68.05,65.99,65.99,4339891.0
2024-04-15,67.9,68.05,66.54,66.77,3848447.0
2024-04-16,65.37,65.86,64.85,65.69,3176963.0
2024-04-17,67.55,68.01,66.56,66.78,3839522.0
2024-04-18,67.54,67.62,66.27,66.68,3823540.0
2024-04-19,66.54,67.22,66.44,66.97,2774494.0
2024-04-22,66.97,67.45,66.47,67.2,3867206.0
2024-04-23,65.87,66.8,65.66,66.64,2522653.0
2024-04-24,68.35,68.35,67.42,68.14,3406791.0
2024-04-25,67.19,68.12,66.71,67.78,2964653.0
2024-04-26,68.86,68.86,67.9,68.24,3019687.0
2024-04-29,68.6,69.02,68.39,69.01,2466253.0
2024-04-30,68.7,68.8,67.77,67.83,3281797.0
2024-05-01,67.9,68.35,67.27,67.5,2330366.0
2024-05-02,67.91,68.38,67.55,68.28,2263071.0
2024-05-03,68.99,69.12,68.42,68.94,3193738.0
2024-05-06,69.5,69.93,69.17,69.82,1835775.0
2024-05-07,70.0,70.355,69.95,70.04,2081160.0
2024-05-08,68.85,69.21,68.705,69.02,1817470.0
2024-05-09,69.62,70.135,69.52,70.0,2213866.0
2024-05-10,70.5,70.565,69.77,69.8,2140011.0
2024-05-13,69.75,70.12,69.75,69.84,1725389.0
2024-05-14,70.0,70.08,69.53,69.69,2925735.0
2024-05-15,70.45,70.45,68.99,70.33,2576832.0
2024-05-16,71.08,72.0,70.81,71.91,4283086.0
2024-05-17,72.99,73.645,72.785,73.61,3545104.0
2024-05-20,73.32,73.59,73.025,73.39,3373817.0
2024-05-21,73.56,74.24,73.41,73.48,4017573.0
2024-05-22,72.94,73.07,71.82,72.22,3413599.0
2024-05-23,72.59,72.66,71.155,71.42,2580134.0
2024-05-24,72.15,72.3,71.71,71.85,1769285.0
2024-05-28,71.96,72.005,70.69,70.86,2478151.0
2024-05-29,69.91,69.97,69.41,69.53,2371802.0
2024-05-30,69.24,69.92,69.19,69.74,2409841.0
2024-05-31,70.1,70.25,69.31,70.1,1764409.0
2024-06-03,69.55,69.6,68.675,69.42,2100826.0
2024-06-04,68.26,68.4,67.87,68.31,2611737.0
2024-06-05,68.125,68.44,67.73,68.08,2125497.0
2024-06-06,68.24,69.27,68.07,69.2,1376863.0
2024-06-07,68.42,68.45,67.82,68.0,1775322.0
2024-06-10,67.835,68.46,67.67,68.25,1210649.0
2024-06-11,66.48,67.2,66.23,67.18,1962387.0
2024-06-12,68.16,68.27,66.91,67.08,2226300.0
2024-06-13,66.91,67.09,66.645,66.92,1818586.0
2024-06-14,66.0,66.65,65.845,66.51,1633154.0
2024-06-17,65.53,66.15,65.38,65.99,1797338.0
2024-06-18,65.81,66.495,65.77,66.26,1984361.0
2024-06-20,66.74,67.05,66.46,66.92,1823562.0
2024-06-21,66.03,66.44,66.01,66.4,1805750.0
2024-06-24,66.53,67.04,66.21,66.45,1681432.0
2024-06-25,66.65,66.84,66.33,66.52,1543989.0
2024-06-26,66.84,66.95,66.505,66.8,1368529.0
2024-06-27,66.0,66.16,65.5,65.82,2081054.0
2024-06-28,66.17,66.39,65.755,65.93,1756228.0
2024-07-01,66.39,66.92,66.1175,66.41,1988893.0
2024-07-02,65.46,66.02,65.3,66.01,1717945.0
2024-07-03,67.7,68.43,67.67,67.9,2023272.0
2024-07-05,67.75,67.86,67.05,67.64,1950737.0
2024-07-08,67.17,67.38,66.74,67.17,1911020.0
2024-07-09,66.95,67.2683,66.73,66.98,1784090.0
2024-07-10,66.9,67.59,66.77,67.49,1995298.0
2024-07-11,68.31,68.32,67.78,68.08,1673096.0
2024-07-12,68.25,68.87,68.22,68.52,1616946.0
2024-07-15,67.66,68.14,67.3429,67.55,1936346.0
2024-07-16,65.01,66.35,64.66,66.32,4562281.0
2024-07-17,66.56,66.82,65.76,65.77,3407271.0
2024-07-18,65.83,65.87,64.2,64.37,3453592.0
2024-07-19,63.69,63.99,63.41,63.78,2312402.0
2024-07-22,63.835,64.1526,63.71,63.99,2678678.0
2024-07-23,63.0,63.6091,62.87,63.53,2702320.0
2024-07-24,64.01,64.155,63.46,63.49,3065972.0
2024-07-25,64.09,64.78,63.52,64.33,2484252.0
2024-07-26,65.13,65.45,64.615,65.06,2229459.0
2024-07-29,64.51,64.84,64.37,64.7,2285258.0
2024-07-30,63.52,63.8199,63.275,63.53,3317875.0
2024-07-31,65.15,65.58,64.385,65.16,3822821.0
2024-08-01,64.82,65.22,63.31,63.49,3489143.0
2024-08-02,64.07,64.14,63.08,63.67,3892186.0
2024-08-05,62.35,63.34,62.105,62.97,4053330.0
2024-08-06,62.11,63.45,61.97,63.06,4396180.0
2024-08-07,63.11,63.27,62.37,62.54,3817600.0
2024-08-08,62.84,63.215,62.73,62.92,2487749.0
2024-08-09,63.19,63.6,62.55,63.24,2652526.0
2024-08-12,63.33,63.6937,63.155,63.31,1919318.0
2024-08-13,63.27,63.81,63.18,63.75,1887525.0
2024-08-14,62.51,62.71,62.19,62.44,2904678.0
2024-08-15,63.2,63.24,62.66,62.75,3304335.0
2024-08-16,60.71,61.525,60.64,61.28,2820618.0
2024-08-19,62.35,62.92,62.28,62.48,2783977.0
2024-08-20,62.44,62.625,61.87,62.0,2242416.0
2024-08-21,63.51,63.59,63.12,63.39,2217358.0
2024-08-22,62.83,62.89,62.48,62.74,1761448.0
2024-08-23,62.57,63.08,62.3,63.02,2846906.0
2024-08-26,63.8,64.4,63.57,63.72,2463534.0
2024-08-27,63.92,64.12,63.62,64.0,2399260.0
2024-08-28,62.84,63.105,62.65,63.0,2070809.0
2024-08-29,62.96,63.58,62.83,63.32,1473801.0
2024-08-30,63.01,63.27,62.635,63.27,2238296.0
2024-09-03,61.0,61.07,60.1,60.34,3715360.0
2024-09-04,60.13,60.58,60.05,60.09,2096272.0
2024-09-05,60.53,60.86,60.37,60.39,2035136.0
2024-09-06,60.09,60.19,59.35,59.71,3387652.0
2024-09-09,60.07,60.46,59.985,60.01,2379104.0
2024-09-10,59.82,59.82,59.4006,59.77,2092076.0
2024-09-11,60.74,61.31,60.202,61.21,2532269.0
2024-09-12,61.67,62.08,61.525,61.91,2782978.0
2024-09-13,62.62,62.79,62.48,62.55,2033884.0
2024-09-16,62.93,63.2488,62.8,63.19,1845365.0
2024-09-17,63.5,63.5782,62.78,62.92,1868298.0
2024-09-18,63.32,63.88,62.835,62.91,2078874.0
2024-09-19,65.5,65.5,64.64,65.18,5144540.0
2024-09-20,64.3,64.49,63.555,63.57,2044872.0
2024-09-23,63.76,64.615,63.7,64.58,2056860.0
2024-09-24,67.77,67.85,67.255,67.42,4128592.0
2024-09-25,67.94,67.96,67.56,67.67,3420368.0
2024-09-26,70.28,71.08,70.07,70.75,5285310.0
2024-09-27,71.08,71.455,70.99,71.23,2910533.0
2024-09-30,71.47,71.48,70.69,71.17,3349906.0
2024-10-01,70.86,71.16,70.195,71.16,3536258.0
2024-10-02,71.49,72.08,70.78,70.82,4744337.0
2024-10-03,69.79,70.195,69.63,69.83,2760697.0
2024-10-04,69.64,69.92,69.33,69.7,2065922.0
2024-10-07,69.44,69.835,69.275,69.62,2385918.0
2024-10-08,66.305,66.69,66.135,66.66,5638700.0
2024-10-09,65.57,66.43,65.28,66.35,4138921.0
2024-10-10,66.33,66.9,65.96,66.84,3352039.0
2024-10-11,66.81,67.38,66.78,67.23,3489998.0
2024-10-14,66.71,67.775,66.585,67.7,3928895.0
2024-10-15,66.52,66.82,66.29,66.47,4468450.0
2024-10-16,66.35,66.52,65.67,65.95,3566578.0
2024-10-17,64.65,65.125,64.135,65.09,3642630.0
2024-10-18,65.58,65.69,65.215,65.36,2430082.0
2024-10-21,65.37,65.46,64.691,64.95,2054329.0
2024-10-22,65.23,65.49,64.98,65.48,1746202.0
2024-10-23,64.4,64.61,64.16,64.49,2638784.0
2024-10-24,64.77,64.84,64.066,64.61,2969774.0
2024-10-25,65.38,65.845,65.12,65.28,2574169.0
2024-10-28,65.8,66.31,65.68,66.18,1706217.0
2024-10-29,66.78,66.985,66.525,66.58,1669469.0
2024-10-30,65.93,66.39,65.635,65.9,1855998.0
2024-10-31,65.36,65.43,64.51,64.89,1817150.0
2024-11-01,65.67,65.8,65.175,65.33,1807525.0
2024-11-04,65.34,65.775,65.0,65.01,1703312.0
2024-11-05,65.595,65.75,65.34,65.5,1491222.0
2024-11-06,64.4,65.55,64.36,65.33,2930834.0
2024-11-07,67.69,68.18,67.42,67.47,4396364.0
2024-11-08,64.92,64.98,63.87,64.43,4747115.0
2024-11-11,63.14,63.23,62.41,62.6,3467265.0
2024-11-12,61.39,61.4,60.505,61.2,4297292.0
2024-11-13,60.91,60.97,60.31,60.62,2165576.0
2024-11-14,60.57,60.82,60.26,60.43,2432816.0
2024-11-15,60.99,61.3,60.73,60.98,3049252.0
2024-11-18,61.39,62.215,61.39,62.12,3107002.0
2024-11-19,61.87,62.5,61.75,62.43,2012239.0
2024-11-20,62.73,62.8,62.33,62.39,1336489.0
2024-11-21,62.31,62.675,62.0,62.57,1964504.0
2024-11-22,62.05,62.395,61.97,62.35,1870105.0
2024-11-25,63.28,63.355,62.795,62.98,2193843.0
2024-11-26,62.63,62.64,61.785,62.03,1765034.0
2024-11-27,61.99,62.585,61.92,62.32,1712674.0
2024-11-29,62.31,62.905,62.12,62.84,1072883.0
2024-12-02,63.34,63.425,62.75,63.27,3015805.0
2024-12-03,64.02,64.15,63.44,63.51,5094315.0
2024-12-04,63.6,63.8,63.31,63.39,2520026.0
2024-12-05,63.65,63.98,63.211,63.52,2181471.0
2024-12-06,63.44,63.44,62.01,62.11,2715105.0
2024-12-09,65.34,65.9108,64.88,64.89,5649052.0
2024-12-10,65.15,65.24,64.75,64.82,2674186.0
2024-12-11,64.81,65.12,64.565,64.98,1895475.0
2024-12-12,63.87,63.99,63.22,63.45,8124542.0
2024-12-13,62.67,62.68,61.815,62.21,3231829.0
2024-12-16,61.75,61.89,61.24,61.26,2879364.0
2024-12-17,60.83,61.71,60.78,61.46,3091100.0
2024-12-18,60.69,60.91,59.185,59.34,3535410.0
2024-12-19,59.49,59.64,58.67,58.73,3302631.0
2024-12-20,58.37,59.19,58.34,58.64,3223072.0
2024-12-23,58.62,59.315,58.53,59.23,1940181.0
2024-12-24,59.25,59.2905,58.99,59.2,705055.0
2024-12-26,59.01,59.37,58.95,59.25,1398467.0
2024-12-27,59.02,59.29,58.825,59.01,2198166.0
2024-12-30,58.88,58.9,58.4,58.59,2470508.0
2024-12-31,58.78,59.115,58.69,58.81,1780643.0
2025-01-02,58.91,59.4,58.63,58.77,1782194.0
2025-01-03,58.76,58.78,58.19,58.6,2289628.0
2025-01-06,58.75,59.2081,58.34,58.38,3058753.0
2025-01-07,58.6,58.82,58.035,58.19,2345795.0
2025-01-08,57.93,58.71,57.85,58.63,6191951.0
2025-01-10,59.59,59.63,58.69,58.84,2923040.0
2025-01-13,58.88,59.75,58.78,59.52,2683676.0
2025-01-14,60.16,60.505,59.82,60.38,2734974.0
2025-01-15,61.06,61.09,60.265,60.46,2522952.0
2025-01-16,60.32,61.25,58.55,59.79,10552639.0
2025-01-17,60.94,61.79,60.68,61.1,4698214.0
2025-01-21,62.05,62.055,61.554,61.73,3768569.0
2025-01-22,61.65,61.765,61.12,61.12,2877648.0
2025-01-23,61.1,61.65,60.865,61.56,2816670.0
2025-01-24,62.37,62.49,61.95,62.09,3056141.0
2025-01-27,61.36,62.0,61.1,61.97,2913890.0
2025-01-28,60.79,60.97,59.71,59.9,5132584.0
2025-01-29,59.96,60.31,59.485,59.72,3243934.0
2025-01-30,60.53,61.16,60.145,60.91,3012737.0
2025-01-31,60.63,61.12,60.11,60.41,2751034.0
2025-02-03,59.39,60.35,59.3372,59.85,2621120.0
2025-02-04,60.4,61.4,60.22,61.2,2890752.0
2025-02-05,61.45,61.64,61.19,61.37,1928720.0
2025-02-06,62.8,62.95,62.135,62.19,2763540.0
2025-02-07,62.77,63.03,61.9101,61.95,2629842.0
2025-02-10,62.13,62.425,61.9945,62.25,1499950.0
2025-02-11,61.1,61.73,60.9,61.65,2095459.0
2025-02-12,61.88,62.645,61.75,62.04,1807918.0
2025-02-13,62.42,63.51,62.31,63.29,3440165.0
2025-02-14,64.65,64.73,63.295,63.36,3857070.0
2025-02-18,63.92,64.265,63.61,64.18,2241258.0
2025-02-19,63.0,63.42,61.24,62.76,4512179.0
2025-02-20,64.12,64.735,63.76,64.29,3206386.0
2025-02-21,64.49,64.49,63.27,63.53,2259541.0
2025-02-24,63.34,63.435,62.65,62.74,2506265.0
2025-02-25,62.33,62.36,61.335,62.11,4863157.0
2025-02-26,61.72,62.091,61.51,61.58,2415338.0
2025-02-27,61.31,61.31,60.69,60.71,2997586.0
2025-02-28,60.27,60.68,60.02,60.56,3238410.0
2025-03-03,62.09,62.25,60.661,61.05,3714441.0
2025-03-04,61.76,63.09,61.21,62.19,3588169.0
2025-03-05,63.045,63.855,62.925,63.75,3956483.0
2025-03-06,64.22,64.425,63.52,63.94,3248845.0
2025-03-07,61.3,62.92,61.1948,62.31,4776423.0
2025-03-10,62.0,62.69,61.545,62.21,3434410.0
2025-03-11,62.13,62.42,61.31,61.85,3640689.0
2025-03-12,61.33,61.35,60.51,60.78,3379207.0
2025-03-13,60.57,61.58,60.5,61.2,2587893.0
2025-03-14,62.39,63.12,62.075,63.04,2726756.0
2025-03-17,63.43,63.79,63.39,63.47,4051439.0
2025-03-18,64.0,64.23,63.25,64.14,3030227.0
2025-03-19,63.565,64.055,63.3701,63.86,1669276.0
2025-03-20,62.74,63.35,62.64,62.92,2351756.0
2025-03-21,61.69,62.03,61.4,61.99,3703969.0
2025-03-24,62.89,63.195,62.1,62.17,2026109.0
2025-03-25,62.92,63.31,62.78,62.81,1866385.0
2025-03-26,63.04,63.055,62.505,62.87,1863066.0
2025-03-27,62.3,62.6,62.0401,62.34,1888279.0
2025-03-28,61.98,62.11,60.86,61.03,4251825.0
2025-03-31,59.09,60.22,58.67,60.08,4722619.0
2025-04-01,60.36,60.45,59.88,60.23,2471071.0
2025-04-02,59.99,60.045,59.335,59.9,2401150.0
2025-04-03,58.59,59.38,58.405,58.43,4258409.0
2025-04-04,56.09,56.39,53.96,54.67,8787444.0
2025-04-07,53.93,56.54,53.45,54.56,5487023.0
2025-04-08,55.4,55.52,51.67,52.32,5303929.0
2025-04-09,52.78,56.03,52.27,55.61,6264569.0
2025-04-10,55.21,55.3799,53.7425,54.87,4408051.0
2025-04-11,55.8,57.345,55.77,56.86,3932075.0
2025-04-14,57.15,57.6624,56.62,57.01,3003676.0
2025-04-15,57.4,57.73,57.08,57.26,2885044.0
2025-04-16,57.15,57.65,56.77,57.16,2896748.0
2025-04-17,58.085,58.71,57.94,58.17,2750782.0
2025-04-21,58.44,58.55,57.8601,58.47,1858923.0
2025-04-22,59.415,60.08,59.21,59.62,2347674.0
2025-04-23,61.06,61.88,60.16,60.2,3825237.0
2025-04-24,60.83,61.84,60.73,61.69,4015564.0
2025-04-25,61.16,61.18,60.42,60.56,2694994.0
