Date,open,high,low,close,volume
2015-04-27,34.05,34.3,34.04,34.09,24392190.0
2015-04-28,34.28,34.98,34.17,34.86,48302358.0
2015-04-29,34.58,35.23,34.54,34.76,40639746.0
2015-04-30,34.7,34.9,34.55,34.64,29269778.0
2015-05-01,34.56,34.72,34.13,34.42,34144284.0
2015-05-04,34.41,34.71,34.25,34.53,21285398.0
2015-05-05,34.49,34.58,33.66,33.72,31710525.0
2015-05-06,33.71,33.79,33.08,33.38,30633429.0
2015-05-07,33.25,33.56,33.11,33.37,22621763.0
2015-05-08,33.72,33.83,33.59,33.69,27607097.0
2015-05-11,33.65,33.7,33.38,33.49,21475715.0
2015-05-12,33.31,33.94,33.03,33.66,41249416.0
2015-05-13,33.63,34.14,33.57,33.9,34400159.0
2015-05-14,34.08,34.2,34.0,34.13,23884887.0
2015-05-15,34.11,34.38,34.01,34.33,28085917.0
2015-05-18,34.28,35.02,34.26,34.87,59609265.0
2015-05-19,34.79,34.85,34.17,34.37,38248846.0
2015-05-20,34.43,34.71,34.29,34.62,27279976.0
2015-05-21,34.55,35.22,34.52,35.07,41559606.0
2015-05-22,34.89,35.03,34.61,34.71,26299073.0
2015-05-26,34.6,34.75,34.26,34.67,37125315.0
2015-05-27,34.75,35.09,34.6,34.95,31566604.0
2015-05-28,34.96,34.97,34.64,34.8,19533958.0
2015-05-29,34.75,34.82,34.54,34.54,26101714.0
2015-06-01,34.53,34.6,34.24,34.35,28166793.0
2015-06-02,34.37,34.53,34.28,34.36,19484805.0
2015-06-03,34.45,35.17,34.36,35.03,39000024.0
2015-06-04,34.92,35.48,34.78,35.27,56104519.0
2015-06-05,35.16,35.17,34.5,34.57,36650690.0
2015-06-08,34.5,34.72,34.49,34.59,25327068.0
2015-06-09,34.59,34.79,34.5,34.51,23823903.0
2015-06-10,34.59,34.76,34.59,34.72,31296058.0
2015-06-11,34.82,34.98,34.78,34.88,29754766.0
2015-06-12,34.75,34.96,34.64,34.65,25781645.0
2015-06-15,34.54,34.57,34.4,34.41,24270145.0
2015-06-16,34.3,34.75,34.26,34.67,29699857.0
2015-06-17,34.72,34.85,34.54,34.8,30433808.0
2015-06-18,34.8,35.1,34.76,35.02,37314612.0
2015-06-19,34.92,35.06,34.88,34.99,34340595.0
2015-06-22,35.1,35.15,35.0,35.04,23491825.0
2015-06-23,35.57,36.25,35.51,35.91,69916593.0
2015-06-24,35.92,35.95,35.68,35.78,33365759.0
2015-06-25,36.13,36.45,36.04,36.18,45537439.0
2015-06-26,36.38,36.4,35.91,36.12,29362054.0
2015-06-29,35.87,36.23,35.75,35.77,26730687.0
2015-06-30,36.03,36.15,35.46,35.52,31316870.0
2015-07-01,35.59,35.63,35.27,35.57,36887598.0
2015-07-02,35.85,35.93,35.64,35.73,22192646.0
2015-07-06,35.6,35.66,35.47,35.61,25378417.0
2015-07-07,35.79,35.85,35.37,35.77,26995707.0
2015-07-08,35.28,35.32,34.74,34.79,31299536.0
2015-07-09,35.02,35.04,34.33,34.39,33051557.0
2015-07-10,34.62,34.85,34.55,34.65,30576088.0
2015-07-13,34.75,34.97,34.67,34.88,26716871.0
2015-07-14,34.74,35.13,34.66,35.12,24825948.0
2015-07-15,35.1,35.13,34.68,34.73,29016635.0
2015-07-16,34.85,35.19,34.85,35.16,18428661.0
2015-07-17,35.1,35.24,34.9,35.01,20301725.0
2015-07-20,35.04,35.06,34.71,34.9,22212564.0
2015-07-21,34.67,34.67,34.39,34.57,27142831.0
2015-07-22,34.25,34.35,34.02,34.27,51718524.0
2015-07-23,34.28,34.34,33.86,33.93,34224353.0
2015-07-24,34.66,35.09,34.29,34.29,86858551.0
2015-07-27,34.22,34.66,34.02,34.32,50226296.0
2015-07-28,34.57,34.58,34.22,34.33,52260693.0
2015-07-29,34.47,34.91,34.37,34.69,39801095.0
2015-07-30,34.86,34.89,34.68,34.8,25951130.0
2015-07-31,34.94,34.99,34.72,34.74,29820624.0
2015-08-03,34.95,35.02,34.5,34.66,29655156.0
2015-08-04,34.79,34.8,34.5,34.58,25945782.0
2015-08-05,34.79,34.83,34.51,34.57,22777882.0
2015-08-06,34.55,34.59,33.95,34.24,32698207.0
2015-08-07,34.11,34.26,34.04,34.21,25612877.0
2015-08-10,34.3,34.78,34.2,34.78,29136433.0
2015-08-11,34.6,34.96,34.57,34.65,35374383.0
2015-08-12,33.86,34.07,33.45,34.02,61974465.0
2015-08-13,34.01,34.17,33.79,33.81,35169107.0
2015-08-14,33.91,34.05,33.78,34.05,22725714.0
2015-08-17,33.96,34.23,33.9,34.23,20452705.0
2015-08-18,34.16,34.43,34.12,34.35,20517871.0
2015-08-19,34.29,34.5,34.07,34.36,21046095.0
2015-08-20,34.17,34.46,33.95,33.95,38293660.0
2015-08-21,33.7,33.95,33.38,33.38,41507551.0
2015-08-24,32.18,33.27,30.97,32.37,75965609.0
2015-08-25,33.11,33.11,31.77,31.8,50232635.0
2015-08-26,32.36,32.85,32.01,32.69,46296129.0
2015-08-27,33.01,33.49,32.82,33.44,41918332.0
2015-08-28,33.34,33.45,33.1,33.29,24141154.0
2015-08-31,33.2,33.28,33.01,33.2,22215456.0
2015-09-01,32.6,32.79,32.16,32.32,32914211.0
2015-09-02,32.97,32.97,32.5,32.82,23972874.0
2015-09-03,32.97,33.24,32.92,33.04,22813531.0
2015-09-04,32.68,32.78,32.35,32.56,29328791.0
2015-09-08,32.95,33.19,32.81,33.14,18657555.0
2015-09-09,33.4,33.5,32.72,32.78,22417840.0
2015-09-10,32.77,32.84,32.55,32.75,25551212.0
2015-09-11,32.73,32.78,32.56,32.72,17613929.0
2015-09-14,32.74,32.78,32.51,32.55,18260936.0
2015-09-15,32.68,32.93,32.54,32.86,22335074.0
2015-09-16,32.86,33.1,32.76,32.94,23475141.0
2015-09-17,32.73,33.14,32.41,32.78,37591550.0
2015-09-18,32.68,32.79,32.41,32.55,43688542.0
2015-09-21,32.55,32.69,32.45,32.56,19861563.0
2015-09-22,32.32,32.45,32.13,32.27,25464246.0
2015-09-23,32.29,32.34,32.04,32.2,15695993.0
2015-09-24,32.02,32.23,31.95,32.11,24334657.0
2015-09-25,32.27,32.7,32.16,32.33,27002081.0
2015-09-28,32.26,32.34,31.88,31.9,35802261.0
2015-09-29,31.99,32.18,31.85,32.07,33758742.0
2015-09-30,32.36,32.71,32.24,32.58,34686106.0
2015-10-01,32.48,32.64,32.17,32.53,30575052.0
2015-10-02,32.34,32.64,32.18,32.64,27967663.0
2015-10-05,32.98,33.49,32.97,33.43,27815521.0
2015-10-06,33.5,33.52,33.25,33.31,27639583.0
2015-10-07,33.07,33.34,33.01,33.12,21010302.0
2015-10-08,33.11,33.41,32.87,33.4,17299409.0
2015-10-09,33.42,33.52,33.0,33.14,19290924.0
2015-10-12,33.2,33.31,33.07,33.3,14109824.0
2015-10-13,33.19,33.29,33.06,33.22,22063367.0
2015-10-14,33.23,33.39,33.1,33.27,23282705.0
2015-10-15,33.33,33.5,33.2,33.49,18564171.0
2015-10-16,33.75,33.86,33.54,33.83,32868354.0
2015-10-19,33.63,33.69,33.42,33.63,27756070.0
2015-10-20,33.59,33.85,33.51,33.75,20014109.0
2015-10-21,33.88,33.94,33.33,33.6,27214727.0
2015-10-22,33.46,34.16,33.46,33.96,32706849.0
2015-10-23,34.7,34.74,33.62,33.74,46213224.0
2015-10-26,33.75,33.76,33.48,33.66,25400256.0
2015-10-27,33.57,33.61,33.16,33.21,24356668.0
2015-10-28,33.36,33.6,33.12,33.42,27780396.0
2015-10-29,33.48,33.67,33.28,33.55,17746019.0
2015-10-30,33.62,33.75,33.51,33.51,24420928.0
2015-11-02,33.69,33.78,33.39,33.61,25521676.0
2015-11-03,33.55,33.75,33.46,33.63,17455777.0
2015-11-04,33.76,33.78,33.44,33.48,17277645.0
2015-11-05,33.49,33.55,33.27,33.34,16126679.0
2015-11-06,33.22,33.27,32.86,33.16,21488034.0
2015-11-09,32.96,32.97,32.75,32.84,20428473.0
2015-11-10,32.86,32.9,32.67,32.79,18890120.0
2015-11-11,32.84,33.0,32.8,32.92,14038880.0
2015-11-12,32.84,32.86,32.63,32.69,17319334.0
2015-11-13,32.64,32.84,32.31,32.31,23246749.0
2015-11-16,32.35,33.05,32.22,33.04,23598421.0
2015-11-17,33.07,33.52,33.06,33.26,20345208.0
2015-11-18,33.25,33.58,33.02,33.54,22198187.0
2015-11-19,33.52,33.75,33.47,33.62,17946126.0
2015-11-20,33.74,33.78,33.55,33.66,20448445.0
2015-11-23,33.66,33.68,33.43,33.46,15233297.0
2015-11-24,33.29,33.59,33.2,33.39,16887603.0
2015-11-25,33.35,33.5,33.24,33.45,14582031.0
2015-11-27,33.5,33.78,33.48,33.57,9327165.0
2015-11-30,33.59,33.75,33.42,33.67,23798415.0
2015-12-01,33.78,33.97,33.58,33.77,16760517.0
2015-12-02,33.76,33.95,33.54,33.56,25849778.0
2015-12-03,33.61,33.66,33.01,33.1,28739380.0
2015-12-04,33.19,34.17,33.16,34.11,35471318.0
2015-12-07,33.88,34.39,33.88,34.27,33954857.0
2015-12-08,33.95,34.1,33.63,33.85,28396984.0
2015-12-09,33.75,34.23,33.47,33.57,24873227.0
2015-12-10,33.63,34.03,33.55,33.67,27693982.0
2015-12-11,33.41,33.59,33.09,33.17,26933814.0
2015-12-14,33.15,33.65,33.11,33.6,26360540.0
2015-12-15,33.72,33.93,33.41,33.81,25201222.0
2015-12-16,33.91,34.48,33.9,34.4,31109689.0
2015-12-17,34.42,34.61,34.03,34.03,27688593.0
2015-12-18,33.87,33.99,33.6,33.6,51060164.0
2015-12-21,33.92,34.1,33.75,34.09,20362259.0
2015-12-22,34.29,34.48,34.01,34.41,20426379.0
2015-12-23,34.43,34.92,34.43,34.78,19308243.0
2015-12-24,34.75,34.77,34.54,34.66,6862360.0
2015-12-28,34.62,34.88,34.6,34.76,13912511.0
2015-12-29,34.94,34.99,34.79,34.93,14287581.0
2015-12-30,34.93,34.95,34.68,34.74,13747362.0
2015-12-31,34.56,34.66,34.39,34.41,20256108.0
2016-01-04,34.08,34.35,34.0,34.35,31767362.0
2016-01-05,34.35,34.69,34.12,34.59,30683450.0
2016-01-06,33.82,34.21,33.72,34.06,26903732.0
2016-01-07,33.62,34.09,33.51,33.51,35014681.0
2016-01-08,33.77,33.96,33.41,33.54,28064731.0
2016-01-11,33.76,34.1,33.53,33.95,26415648.0
2016-01-12,34.1,34.19,33.66,33.9,24059043.0
2016-01-13,34.01,34.29,33.73,33.74,40223798.0
2016-01-14,33.88,34.55,33.75,34.3,36180634.0
2016-01-15,33.66,34.34,33.61,33.99,44711549.0
2016-01-19,34.21,34.6,34.11,34.51,36701974.0
2016-01-20,34.14,34.35,33.43,33.9,50509887.0
2016-01-21,33.99,34.88,33.79,34.54,40970681.0
2016-01-22,34.88,35.18,34.7,35.14,32934437.0
2016-01-25,35.19,35.43,34.77,35.0,30238308.0
2016-01-26,35.03,35.57,34.93,35.4,40990847.0
2016-01-27,34.99,35.8,34.9,35.48,50252591.0
2016-01-28,35.77,35.79,35.21,35.53,26178881.0
2016-01-29,35.71,36.06,35.68,36.06,43275648.0
2016-02-01,36.04,36.4,35.88,36.18,33344784.0
2016-02-02,36.14,36.19,35.79,36.06,29146825.0
2016-02-03,36.12,36.8,35.9,36.72,37985169.0
2016-02-04,36.73,36.82,36.27,36.53,31039852.0
2016-02-05,36.59,37.04,36.53,36.88,34658078.0
2016-02-08,36.6,37.12,36.39,37.11,41029012.0
2016-02-09,36.7,36.88,36.16,36.65,35223655.0
2016-02-10,36.65,36.74,36.26,36.43,26875060.0
2016-02-11,36.06,36.35,35.91,36.21,42253202.0
2016-02-12,36.35,36.51,36.04,36.47,26447247.0
2016-02-16,36.68,36.75,36.19,36.65,27679285.0
2016-02-17,36.75,36.79,36.53,36.64,25999471.0
2016-02-18,36.62,37.0,36.51,36.99,21889626.0
2016-02-19,36.9,36.98,36.52,36.57,24707622.0
2016-02-22,36.74,36.86,36.55,36.86,21381616.0
2016-02-23,36.81,36.91,36.51,36.74,20575326.0
2016-02-24,36.7,37.11,36.63,37.1,22753023.0
2016-02-25,37.1,37.5,37.05,37.37,22797534.0
2016-02-26,37.49,37.49,37.06,37.13,22163481.0
2016-02-29,37.12,37.39,36.95,36.95,29156452.0
2016-03-01,37.1,37.39,37.06,37.39,19508078.0
2016-03-02,37.22,37.69,37.11,37.69,21505977.0
2016-03-03,37.69,38.11,37.49,37.99,27696872.0
2016-03-04,37.91,38.14,37.8,37.93,20739265.0
2016-03-07,37.8,38.19,37.61,38.13,22000870.0
2016-03-08,37.97,38.42,37.85,38.09,24603523.0
2016-03-09,38.12,38.32,37.83,37.98,21932744.0
2016-03-10,38.06,38.41,38.0,38.31,25212031.0
2016-03-11,38.45,38.55,38.17,38.36,20835087.0
2016-03-14,38.37,38.48,38.13,38.32,17625244.0
2016-03-15,38.11,38.52,38.1,38.52,14762399.0
2016-03-16,38.54,38.88,38.36,38.77,21042944.0
2016-03-17,38.77,39.19,38.72,39.12,27709414.0
2016-03-18,39.23,39.25,38.56,38.56,41077282.0
2016-03-21,38.66,39.07,38.56,38.92,20675641.0
2016-03-22,38.9,38.95,38.63,38.63,22025004.0
2016-03-23,38.6,38.65,38.37,38.54,20805911.0
2016-03-24,38.38,38.89,38.38,38.88,17784466.0
2016-03-28,39.0,39.28,38.81,39.07,21541939.0
2016-03-29,39.13,39.6,38.95,39.45,25890415.0
2016-03-30,39.61,39.72,39.08,39.37,25730686.0
2016-03-31,39.42,39.57,39.01,39.17,27091842.0
2016-04-01,38.67,39.12,38.61,39.05,27724478.0
2016-04-04,39.16,39.36,39.07,39.36,18023871.0
2016-04-05,39.29,39.36,39.0,39.19,24868287.0
2016-04-06,38.79,38.93,38.49,38.64,22265569.0
2016-04-07,38.35,38.61,38.22,38.59,22285288.0
2016-04-08,38.73,38.9,38.37,38.5,17560092.0
2016-04-11,38.67,38.68,38.33,38.39,17718947.0
2016-04-12,38.47,38.79,38.38,38.67,17646313.0
2016-04-13,38.78,38.84,38.18,38.25,22596583.0
2016-04-14,38.25,38.58,38.24,38.42,13761743.0
2016-04-15,38.46,38.6,38.4,38.48,15781172.0
2016-04-18,38.57,38.8,38.35,38.65,17331399.0
2016-04-19,38.8,38.93,38.53,38.92,15855168.0
2016-04-20,38.99,39.01,38.66,38.72,16770820.0
2016-04-21,38.53,38.58,37.85,37.86,32227952.0
2016-04-22,37.85,38.16,37.85,38.07,24299141.0
2016-04-25,38.03,38.23,37.86,38.21,17581660.0
2016-04-26,38.32,38.41,37.9,38.09,20848868.0
2016-04-27,37.86,38.91,37.73,38.72,41412277.0
2016-04-28,38.72,38.88,38.55,38.64,20203443.0
2016-04-29,38.64,38.88,38.48,38.82,25345557.0
2016-05-02,38.87,39.15,38.78,39.1,22061970.0
2016-05-03,39.02,39.08,38.68,38.91,21815943.0
2016-05-04,38.75,39.0,38.58,38.88,15479286.0
2016-05-05,38.94,38.99,38.66,38.74,16234826.0
2016-05-06,38.78,38.99,38.47,38.99,15663295.0
2016-05-09,38.99,39.11,38.83,38.86,13491017.0
2016-05-10,39.02,39.38,38.98,39.31,17373980.0
2016-05-11,39.27,39.34,39.02,39.18,14403550.0
2016-05-12,39.3,39.66,39.2,39.55,18734079.0
2016-05-13,39.49,39.52,39.11,39.15,16478697.0
2016-05-16,38.95,39.29,38.9,39.28,15050398.0
2016-05-17,39.24,39.33,39.0,39.11,22053441.0
2016-05-18,39.09,39.15,38.27,38.45,25651613.0
2016-05-19,38.27,38.47,37.77,38.44,27409513.0
2016-05-20,38.64,38.68,38.31,38.45,20244545.0
2016-05-23,38.48,38.51,38.26,38.32,15368921.0
2016-05-24,38.46,38.55,38.39,38.5,14130851.0
2016-05-25,38.67,38.72,38.45,38.62,14709461.0
2016-05-26,38.69,38.99,38.64,38.84,16016751.0
2016-05-27,38.83,38.99,38.6,38.99,15668921.0
2016-05-31,39.03,39.2,38.94,39.15,27936320.0
2016-06-01,39.1,39.12,38.61,38.73,17042271.0
2016-06-02,38.73,38.84,38.58,38.84,12299902.0
2016-06-03,38.97,39.27,38.93,39.21,19244763.0
2016-06-06,39.22,39.47,39.18,39.34,16725824.0
2016-06-07,39.37,39.89,39.33,39.79,24901258.0
2016-06-08,39.72,39.87,39.64,39.86,14426231.0
2016-06-09,39.83,40.17,39.65,40.09,20686254.0
2016-06-10,39.95,40.53,39.88,40.33,25854214.0
2016-06-13,40.19,40.46,40.13,40.19,16754817.0
2016-06-14,40.17,40.47,39.93,40.38,23000912.0
2016-06-15,40.44,40.57,40.27,40.29,19467348.0
2016-06-16,40.2,40.56,40.14,40.49,20091820.0
2016-06-17,40.54,40.86,40.33,40.73,27257465.0
2016-06-20,41.04,41.05,40.53,40.78,20226494.0
2016-06-21,40.83,41.31,40.56,41.07,19935559.0
2016-06-22,41.06,41.56,41.06,41.3,20238120.0
2016-06-23,41.55,41.89,41.38,41.88,19020385.0
2016-06-24,41.45,42.23,41.3,41.52,57127727.0
2016-06-27,41.29,41.66,41.29,41.56,2578354.0
2016-06-28,42.14,42.17,41.87,42.02,34413233.0
2016-06-29,42.22,42.54,42.08,42.54,23669488.0
2016-06-30,42.69,43.42,42.54,43.21,31906479.0
2016-07-01,43.42,43.55,43.01,43.47,23227285.0
2016-07-05,43.5,43.89,43.33,43.35,35568842.0
2016-07-06,42.98,43.1,42.44,43.1,26449396.0
2016-07-07,42.72,42.9,42.13,42.3,23703598.0
2016-07-08,42.13,42.69,41.7,42.61,28438645.0
2016-07-11,42.47,42.59,42.21,42.51,21591916.0
2016-07-12,42.4,42.6,42.23,42.41,18674912.0
2016-07-13,42.46,42.87,42.35,42.59,14851928.0
2016-07-14,42.45,42.96,42.45,42.77,16650800.0
2016-07-15,42.91,43.08,42.7,42.89,16642004.0
2016-07-18,42.86,42.9,42.67,42.85,12340670.0
2016-07-19,42.79,42.85,42.67,42.77,13664771.0
2016-07-20,42.75,42.81,42.52,42.71,14084809.0
2016-07-21,42.55,42.78,42.34,42.52,22548209.0
2016-07-22,42.53,43.44,42.5,43.11,30724160.0
2016-07-25,42.93,42.97,42.7,42.94,14590868.0
2016-07-26,42.88,42.98,42.28,42.38,20068089.0
2016-07-27,42.37,42.91,42.37,42.76,19811126.0
2016-07-28,42.67,42.68,42.35,42.58,13509825.0
2016-07-29,42.62,43.39,42.46,43.29,25242533.0
2016-08-01,43.25,43.5,43.11,43.18,20648318.0
2016-08-02,43.29,43.31,42.92,43.16,19594816.0
2016-08-03,43.09,43.22,42.92,43.14,13632276.0
2016-08-04,43.18,43.24,42.95,43.08,11842078.0
2016-08-05,43.16,43.22,42.77,43.16,19623096.0
2016-08-08,43.17,43.17,42.8,42.93,14033178.0
2016-08-09,42.95,43.09,42.78,43.08,14757858.0
2016-08-10,43.06,43.3,43.06,43.2,11700411.0
2016-08-11,43.31,43.48,43.26,43.39,11978055.0
2016-08-12,43.41,43.46,43.19,43.28,10528127.0
2016-08-15,43.21,43.31,43.02,43.02,16247420.0
2016-08-16,43.0,43.01,41.91,41.96,31643860.0
2016-08-17,42.01,42.08,41.34,41.86,29330806.0
2016-08-18,41.74,41.84,41.11,41.4,32551262.0
2016-08-19,41.23,41.25,40.69,41.01,29450307.0
2016-08-22,40.92,40.99,40.55,40.91,17671833.0
2016-08-23,40.99,41.03,40.78,40.85,15052494.0
2016-08-24,40.9,40.99,40.6,40.87,16153537.0
2016-08-25,40.87,41.18,40.75,41.07,16902169.0
2016-08-26,41.13,41.29,40.6,40.68,17843525.0
2016-08-29,40.8,41.05,40.72,41.0,12941756.0
2016-08-30,41.14,41.14,40.73,40.89,11217029.0
2016-08-31,40.95,41.05,40.66,40.88,18740200.0
2016-09-01,40.85,41.0,40.65,40.96,15706162.0
2016-09-02,41.09,41.38,40.74,40.95,19064735.0
2016-09-06,41.02,41.36,40.81,41.23,15523773.0
2016-09-07,41.26,41.34,40.99,41.27,13529263.0
2016-09-08,41.27,41.39,41.05,41.19,13523184.0
2016-09-09,40.98,41.07,39.68,39.71,38473260.0
2016-09-12,39.57,40.85,39.55,40.71,26862069.0
2016-09-13,40.45,40.46,39.77,39.97,25528322.0
2016-09-14,39.95,40.26,39.76,39.89,26537071.0
2016-09-15,39.8,40.62,39.62,40.45,22940304.0
2016-09-16,40.34,40.4,39.9,40.2,41344238.0
2016-09-19,40.2,40.24,39.86,40.06,16182119.0
2016-09-20,40.16,40.43,39.88,39.96,14196774.0
2016-09-21,40.05,40.63,39.97,40.57,19128543.0
2016-09-22,40.73,41.19,40.7,41.11,22282440.0
2016-09-23,41.15,41.39,40.73,41.28,18866726.0
2016-09-26,41.28,41.41,41.11,41.14,16646254.0
2016-09-27,41.23,41.7,41.06,41.46,18420306.0
2016-09-28,41.01,41.07,40.58,40.85,26339658.0
2016-09-29,40.75,41.07,40.44,40.73,17044972.0
2016-09-30,40.91,41.04,40.6,40.61,19379027.0
2016-10-03,40.62,41.04,40.5,40.77,16580399.0
2016-10-04,40.72,40.76,39.71,39.9,33169829.0
2016-10-05,39.61,39.63,38.83,39.16,22600210.0
2016-10-06,39.13,39.2,38.91,39.11,15749160.0
2016-10-07,39.22,39.29,38.71,38.87,19171022.0
2016-10-10,38.93,39.2,38.21,39.01,19019562.0
2016-10-11,38.94,39.38,38.6,39.1,22311205.0
2016-10-12,39.15,39.48,39.06,39.33,17178476.0
2016-10-13,39.28,39.48,39.02,39.37,17546578.0
2016-10-14,39.41,39.57,39.22,39.22,13516496.0
2016-10-17,39.1,39.49,39.05,39.27,13881960.0
2016-10-18,39.23,39.45,39.15,39.36,16037149.0
2016-10-19,39.46,39.57,39.31,39.38,11711400.0
2016-10-20,39.05,39.08,38.5,38.65,31120939.0
2016-10-21,38.4,38.67,36.96,37.49,82697834.0
2016-10-24,36.51,37.33,36.3,36.86,100566993.0
2016-10-25,37.01,37.06,36.55,36.7,40474016.0
2016-10-26,36.64,36.77,36.27,36.43,32874321.0
2016-10-27,36.6,36.89,36.46,36.52,43165609.0
2016-10-28,36.65,36.81,36.44,36.51,23223699.0
2016-10-31,36.61,36.82,36.52,36.79,31378046.0
2016-11-01,36.97,37.19,36.4,36.56,27610465.0
2016-11-02,36.6,36.7,36.3,36.37,26022640.0
2016-11-03,36.56,36.99,36.38,36.63,25543515.0
2016-11-04,36.78,36.82,36.5,36.5,23255547.0
2016-11-07,36.79,36.87,36.64,36.81,21392816.0
2016-11-08,36.81,37.09,36.81,36.99,17782057.0
2016-11-09,36.97,37.53,36.43,37.44,34760199.0
2016-11-10,37.47,37.47,36.4,36.57,37984482.0
2016-11-11,36.51,36.57,36.3,36.51,25277440.0
2016-11-14,36.61,36.63,36.1,36.13,26049451.0
2016-11-15,36.16,36.77,36.14,36.77,20884707.0
2016-11-16,36.92,37.23,36.85,37.15,20833117.0
2016-11-17,37.3,37.69,37.27,37.41,21183321.0
2016-11-18,37.45,37.61,37.3,37.56,16976307.0
2016-11-21,37.67,37.74,37.46,37.74,17179583.0
2016-11-22,37.99,38.74,37.82,38.55,26134781.0
2016-11-23,38.42,38.97,38.41,38.73,24564545.0
2016-11-25,38.77,39.21,38.73,39.21,10844449.0
2016-11-28,39.18,39.67,39.17,39.54,26606004.0
2016-11-29,39.58,39.63,39.27,39.48,19855579.0
2016-11-30,39.21,39.21,38.62,38.63,32678293.0
2016-12-01,38.63,38.91,38.16,38.88,27397229.0
2016-12-02,38.84,39.12,38.47,38.61,16101250.0
2016-12-05,38.7,38.98,38.63,38.63,20772161.0
2016-12-06,38.78,39.41,38.69,39.35,23559816.0
2016-12-07,39.49,40.49,39.43,40.45,32948776.0
2016-12-08,40.25,40.75,40.19,40.41,21998439.0
2016-12-09,40.28,40.42,40.17,40.38,17103498.0
2016-12-12,40.56,41.35,40.53,41.12,31906727.0
2016-12-13,41.27,41.56,41.22,41.36,20715386.0
2016-12-14,41.3,41.55,40.93,41.1,26329370.0
2016-12-15,40.9,41.68,40.85,41.5,24484639.0
2016-12-16,41.65,41.75,41.42,41.67,27954186.0
2016-12-19,41.67,42.18,41.45,42.12,20563484.0
2016-12-20,42.17,42.76,42.14,42.47,21163637.0
2016-12-21,42.42,42.57,42.33,42.36,13749802.0
2016-12-22,42.24,42.78,42.16,42.72,17556546.0
2016-12-23,42.79,42.8,42.47,42.73,9643475.0
2016-12-27,42.73,42.84,42.52,42.65,11431415.0
2016-12-28,42.65,42.82,42.47,42.52,10784978.0
2016-12-29,42.53,42.8,42.53,42.66,12387546.0
2016-12-30,42.76,42.83,42.45,42.53,16673124.0
2017-01-03,42.69,43.03,42.52,43.02,26003982.0
2017-01-04,42.94,43.0,42.71,42.77,23198233.0
2017-01-05,42.85,42.89,42.53,42.65,25651026.0
2017-01-06,41.98,42.0,41.21,41.32,32675606.0
2017-01-09,41.29,41.39,40.8,40.8,25476521.0
2017-01-10,40.66,41.06,40.24,40.81,21521599.0
2017-01-11,40.38,40.7,40.28,40.61,24494257.0
2017-01-12,40.57,41.11,40.5,41.01,19884394.0
2017-01-13,40.92,41.18,40.79,40.96,13931316.0
2017-01-17,41.0,41.14,40.76,41.11,22510934.0
2017-01-18,41.15,41.24,40.77,40.8,19456655.0
2017-01-19,40.89,41.02,40.71,41.0,16658759.0
2017-01-20,41.33,41.87,41.29,41.45,25150547.0
2017-01-23,41.46,42.07,41.39,42.0,25188109.0
2017-01-24,41.4,41.74,41.05,41.36,28654681.0
2017-01-25,41.33,41.47,40.89,41.39,21436617.0
2017-01-26,41.17,41.85,40.96,41.77,28128191.0
2017-01-27,41.98,42.3,41.75,42.01,19017073.0
2017-01-30,41.94,42.13,41.66,41.82,15871463.0
2017-01-31,41.68,42.19,41.58,42.16,25404857.0
2017-02-01,42.28,42.46,41.86,42.06,32077613.0
2017-02-02,42.02,42.07,40.95,41.18,29152980.0
2017-02-03,41.48,41.52,41.2,41.25,19148638.0
2017-02-06,41.27,41.27,40.98,41.06,11374764.0
2017-02-07,41.08,41.17,40.82,41.12,17310466.0
2017-02-08,41.17,41.32,41.07,41.21,15687502.0
2017-02-09,41.27,41.43,41.13,41.31,11361994.0
2017-02-10,41.25,41.43,41.2,41.38,12133436.0
2017-02-13,40.82,41.14,40.49,40.65,34358076.0
2017-02-14,40.47,40.78,40.41,40.75,19700142.0
2017-02-15,40.66,41.14,40.56,41.12,23313180.0
2017-02-16,41.12,41.36,41.03,41.25,16575658.0
2017-02-17,41.17,41.53,40.79,41.48,24154382.0
2017-02-21,41.37,41.75,41.32,41.73,17504039.0
2017-02-22,41.68,41.78,41.45,41.59,15656398.0
2017-02-23,41.69,41.99,41.54,41.95,19216437.0
2017-02-24,42.11,42.36,42.04,42.36,17042753.0
2017-02-27,42.3,42.3,41.73,41.82,17336585.0
2017-02-28,41.73,41.87,41.64,41.79,19334083.0
2017-03-01,41.78,42.18,41.56,42.04,23898715.0
2017-03-02,41.9,42.1,41.84,42.07,13178425.0
2017-03-03,42.05,42.06,41.76,42.01,17231120.0
2017-03-06,41.83,42.0,41.71,41.96,14175287.0
2017-03-07,41.9,41.99,41.71,41.88,16250623.0
2017-03-08,41.88,41.88,41.68,41.77,17880933.0
2017-03-09,41.86,42.13,41.75,41.94,17670436.0
2017-03-10,42.03,42.43,42.02,42.35,19732067.0
2017-03-13,42.22,42.42,42.18,42.37,14299397.0
2017-03-14,42.38,42.44,42.05,42.09,10063714.0
2017-03-15,42.14,42.64,42.09,42.59,21053975.0
2017-03-16,42.6,42.66,42.34,42.44,14601070.0
2017-03-17,42.59,42.65,42.37,42.61,24748330.0
2017-03-20,42.61,42.7,42.32,42.42,11835828.0
2017-03-21,42.45,42.51,42.0,42.08,20290691.0
2017-03-22,42.1,42.12,41.46,41.65,18534232.0
2017-03-23,41.63,41.91,41.41,41.65,14660372.0
2017-03-24,41.76,41.89,41.54,41.68,14201483.0
2017-03-27,41.59,41.75,41.38,41.49,13182777.0
2017-03-28,41.41,41.61,41.26,41.56,15584276.0
2017-03-29,41.54,41.75,41.4,41.45,14092763.0
2017-03-30,41.39,41.82,41.32,41.76,14772747.0
2017-03-31,41.79,41.89,41.55,41.55,17527899.0
2017-04-03,41.6,41.77,41.37,41.57,17977247.0
2017-04-04,41.57,41.7,41.4,41.69,12547652.0
2017-04-05,41.72,41.74,41.47,41.51,19943370.0
2017-04-06,41.05,41.08,40.6,40.6,20487261.0
2017-04-07,40.6,40.86,40.52,40.59,20332978.0
2017-04-10,40.6,40.68,40.31,40.38,18212898.0
2017-04-11,40.38,40.39,40.07,40.31,19607704.0
2017-04-12,40.21,40.57,40.07,40.56,22195520.0
2017-04-13,40.51,40.76,40.25,40.28,17550646.0
2017-04-17,40.3,40.49,40.22,40.3,12117100.0
2017-04-18,40.22,40.43,40.18,40.25,15915671.0
2017-04-19,40.32,40.44,40.19,40.25,23796026.0
2017-04-20,39.99,40.51,39.92,40.36,21715573.0
2017-04-21,40.23,40.36,39.81,39.93,23882507.0
2017-04-24,40.1,40.15,39.86,40.02,23911772.0
2017-04-25,40.08,40.25,39.69,39.94,38133463.0
2017-04-26,40.02,40.56,39.85,40.44,34349726.0
2017-04-27,40.37,40.4,39.88,39.91,22642294.0
2017-04-28,39.88,40.06,39.52,39.63,24988359.0
2017-05-01,39.68,39.7,39.06,39.1,24741116.0
2017-05-02,39.14,39.22,38.88,38.95,23380068.0
2017-05-03,38.94,38.98,38.15,38.4,33733249.0
2017-05-04,38.41,38.41,37.63,38.01,31447435.0
2017-05-05,38.08,38.71,38.03,38.56,21811898.0
2017-05-08,38.78,38.78,38.32,38.57,20137464.0
2017-05-09,38.53,38.55,38.16,38.22,21587819.0
2017-05-10,38.19,38.65,38.13,38.45,22606193.0
2017-05-11,38.45,38.55,38.21,38.44,16537689.0
2017-05-12,38.49,38.61,38.31,38.49,13766649.0
2017-05-15,38.52,38.69,38.41,38.59,21235694.0
2017-05-16,38.68,38.76,38.19,38.19,21582240.0
2017-05-17,37.98,38.04,37.45,37.46,29660180.0
2017-05-18,37.5,38.14,37.46,37.95,25732546.0
2017-05-19,38.04,38.29,37.89,38.24,20346740.0
2017-05-22,38.24,38.35,38.17,38.25,14821233.0
2017-05-23,38.26,38.41,38.21,38.31,13532512.0
2017-05-24,38.31,38.36,38.08,38.15,15633121.0
2017-05-25,38.12,38.34,38.11,38.23,14879933.0
2017-05-26,38.21,38.25,38.01,38.12,13725840.0
2017-05-30,38.19,38.68,38.19,38.55,20515692.0
2017-05-31,38.65,38.87,38.51,38.53,24037054.0
2017-06-01,38.68,38.89,38.52,38.87,17690250.0
2017-06-02,39.0,39.08,38.76,38.87,18528301.0
2017-06-05,38.81,38.86,38.57,38.81,13812969.0
2017-06-06,38.78,38.92,38.65,38.73,16205342.0
2017-06-07,38.85,38.87,38.54,38.76,16426686.0
2017-06-08,38.81,38.84,38.42,38.5,20172673.0
2017-06-09,38.63,38.8,38.55,38.79,18394016.0
2017-06-12,38.8,39.37,38.8,39.07,22779817.0
2017-06-13,39.01,39.01,38.58,38.68,18838467.0
2017-06-14,38.79,38.81,38.5,38.72,16347566.0
2017-06-15,38.67,38.9,38.64,38.84,16683652.0
2017-06-16,38.97,39.0,38.66,38.96,29721741.0
2017-06-19,38.98,38.98,38.68,38.91,20955230.0
2017-06-20,38.77,38.92,38.6,38.66,21737300.0
2017-06-21,38.64,38.67,37.85,38.15,24581354.0
2017-06-22,38.19,38.35,37.96,38.1,16197255.0
2017-06-23,38.16,38.16,37.82,37.95,22904034.0
2017-06-26,37.94,38.28,37.86,38.15,18392174.0
2017-06-27,37.84,37.88,37.6,37.7,19858050.0
2017-06-28,37.88,38.06,37.78,37.94,20342441.0
2017-06-29,37.87,37.98,37.62,37.62,23713312.0
2017-06-30,37.73,37.87,37.54,37.73,22537412.0
2017-07-03,37.84,38.13,37.78,38.11,11124346.0
2017-07-05,38.11,38.21,37.85,38.12,20076716.0
2017-07-06,37.59,37.69,37.18,37.18,20800002.0
2017-07-07,37.18,37.23,36.82,36.98,20838817.0
2017-07-10,36.96,37.08,36.82,36.83,22774749.0
2017-07-11,36.84,36.86,36.54,36.6,11632216.0
2017-07-12,36.77,36.9,36.61,36.85,8836797.0
2017-07-13,36.53,36.6,36.19,36.2,15716243.0
2017-07-14,36.23,36.38,36.17,36.3,11455963.0
2017-07-17,36.32,36.45,36.25,36.39,10584016.0
2017-07-18,36.38,36.4,35.87,35.97,14259750.0
2017-07-19,36.03,36.13,35.81,36.13,26266910.0
2017-07-20,36.31,36.72,36.16,36.53,15828459.0
2017-07-21,36.47,36.61,36.26,36.51,8250455.0
2017-07-24,36.54,36.55,36.18,36.24,9838132.0
2017-07-25,36.29,36.5,36.13,36.22,15406022.0
2017-07-26,37.45,38.1,37.4,38.04,36966789.0
2017-07-27,38.2,39.5,38.2,39.41,61985870.0
2017-07-28,39.25,39.67,38.83,38.99,17214286.0
2017-07-31,38.97,39.13,38.72,39.0,28474889.0
2017-08-01,39.27,39.27,38.71,38.86,13132608.0
2017-08-02,38.93,38.99,38.04,38.26,15073258.0
2017-08-03,38.25,38.5,38.15,38.27,7829878.0
2017-08-04,38.36,38.52,38.04,38.42,6988307.0
2017-08-07,38.5,38.64,38.37,38.52,6347049.0
2017-08-08,38.56,38.75,38.27,38.36,7231211.0
2017-08-09,38.2,38.4,38.06,38.36,19705681.0
2017-08-10,38.27,38.54,38.18,38.19,21303250.0
2017-08-11,38.3,38.34,38.07,38.1,13278974.0
2017-08-14,38.24,38.56,38.18,38.5,17162498.0
2017-08-15,38.5,38.55,38.01,38.16,14820094.0
2017-08-16,38.16,38.34,37.96,38.23,14973321.0
2017-08-17,38.16,38.22,37.58,37.6,21988976.0
2017-08-18,37.5,37.61,37.2,37.37,23015932.0
2017-08-21,37.49,37.89,37.41,37.58,17308585.0
2017-08-22,37.69,37.99,37.56,37.98,14736024.0
2017-08-23,37.85,38.08,37.85,37.92,19934874.0
2017-08-24,37.96,37.98,37.64,37.68,10939182.0
2017-08-25,37.82,38.13,37.76,37.99,14187523.0
2017-08-28,38.0,38.07,37.75,37.94,10124818.0
2017-08-29,37.75,38.03,37.75,37.85,9584910.0
2017-08-30,37.82,37.82,37.61,37.67,12431031.0
2017-08-31,37.74,37.87,37.45,37.46,20735303.0
2017-09-01,37.59,37.61,37.42,37.48,12768799.0
2017-09-05,37.4,37.43,36.93,37.09,22803795.0
2017-09-06,37.13,37.16,36.53,36.57,28367264.0
2017-09-07,36.6,36.79,35.58,35.6,48613550.0
2017-09-08,35.6,35.76,35.1,35.59,41048676.0
2017-09-11,35.68,35.8,35.52,35.74,23044705.0
2017-09-12,35.96,36.43,35.82,36.26,28283985.0
2017-09-13,36.34,36.67,36.28,36.55,25730419.0
2017-09-14,36.6,36.6,36.22,36.32,17883392.0
2017-09-15,36.41,37.11,36.39,37.1,47942685.0
2017-09-18,37.11,37.5,37.02,37.42,31965860.0
2017-09-19,37.41,38.44,37.27,38.21,46310721.0
2017-09-20,38.32,38.74,38.22,38.43,26868992.0
2017-09-21,38.5,38.54,38.14,38.22,16781181.0
2017-09-22,38.4,38.65,38.21,38.59,23212328.0
2017-09-25,38.53,39.19,38.5,39.12,36175903.0
2017-09-26,39.12,39.31,38.7,38.72,22605712.0
2017-09-27,38.63,38.91,38.51,38.77,23767008.0
2017-09-28,38.68,39.17,38.59,39.04,17368629.0
2017-09-29,38.95,39.22,38.81,39.17,21960981.0
2017-10-02,39.2,39.31,39.07,39.11,15604251.0
2017-10-03,39.19,39.48,39.09,39.48,16063045.0
2017-10-04,39.37,39.66,39.25,39.5,17910769.0
2017-10-05,39.61,39.8,39.4,39.51,22602696.0
2017-10-06,38.84,39.05,38.54,38.59,22427489.0
2017-10-09,38.65,38.67,38.15,38.3,19247893.0
2017-10-10,38.35,38.61,38.27,38.5,17317456.0
2017-10-11,38.52,38.61,38.05,38.19,26978001.0
2017-10-12,37.49,37.53,35.83,35.86,81976416.0
2017-10-13,35.84,36.04,35.25,35.7,56085354.0
2017-10-16,35.82,36.45,35.75,36.17,31097057.0
2017-10-17,36.17,36.29,35.99,36.23,21663555.0
2017-10-18,36.23,36.28,35.51,35.71,36764776.0
2017-10-19,35.93,36.33,35.59,35.69,32887368.0
2017-10-20,35.79,35.84,35.4,35.54,37835452.0
2017-10-23,35.42,35.66,35.19,35.25,30902268.0
2017-10-24,35.31,35.36,34.81,34.86,52235811.0
2017-10-25,34.26,34.35,33.33,33.49,96377175.0
2017-10-26,33.75,33.89,33.6,33.68,45121512.0
2017-10-27,33.68,34.02,33.54,33.97,52317302.0
2017-10-30,34.02,34.33,33.39,33.54,51695635.0
2017-10-31,33.64,33.84,33.43,33.65,36376366.0
2017-11-01,33.86,33.94,33.29,33.55,37844704.0
2017-11-02,33.57,34.42,32.93,33.17,72968207.0
2017-11-03,33.34,33.39,32.95,33.3,40239320.0
2017-11-06,33.07,33.08,32.55,32.86,47747017.0
2017-11-07,32.83,33.12,32.71,33.07,30060967.0
2017-11-08,32.85,33.5,32.78,33.44,87599244.0
2017-11-09,33.43,34.45,33.35,34.0,69915864.0
2017-11-10,34.17,34.48,34.1,34.22,57476582.0
2017-11-13,34.28,34.36,34.14,34.17,28861756.0
2017-11-14,34.19,34.2,33.58,33.72,30261233.0
2017-11-15,34.02,34.2,33.65,33.81,32882313.0
2017-11-16,33.86,34.66,33.81,34.52,39966218.0
2017-11-17,34.43,34.88,34.35,34.51,36967216.0
2017-11-20,34.55,34.9,34.44,34.64,31264652.0
2017-11-21,34.6,34.75,34.29,34.33,35417001.0
2017-11-22,34.28,34.91,34.2,34.87,26453909.0
2017-11-24,34.87,34.95,34.74,34.81,9203078.0
2017-11-27,34.84,35.01,34.55,34.68,26793427.0
2017-11-28,34.56,35.54,34.56,35.42,34450425.0
2017-11-29,35.48,36.55,35.41,36.48,53178129.0
2017-11-30,36.5,36.9,36.03,36.38,49831258.0
2017-12-01,36.35,36.75,35.93,36.5,31437115.0
2017-12-04,36.8,37.54,36.75,37.27,40482422.0
2017-12-05,37.2,37.29,36.52,36.55,33055388.0
2017-12-06,36.41,36.45,36.03,36.11,31172158.0
2017-12-07,36.13,36.4,35.81,36.17,24529301.0
2017-12-08,36.16,36.75,36.15,36.73,25507428.0
2017-12-11,36.65,36.94,36.52,36.9,23666709.0
2017-12-12,37.03,38.17,36.98,38.1,46399912.0
2017-12-13,38.01,38.19,37.37,38.04,39671434.0
2017-12-14,37.86,38.16,37.68,37.74,34286518.0
2017-12-15,38.14,38.29,37.93,38.24,46808578.0
2017-12-18,38.5,38.89,38.39,38.46,31497249.0
2017-12-19,38.46,38.68,38.03,38.05,29181805.0
2017-12-20,38.27,38.84,38.18,38.55,26968863.0
2017-12-21,38.56,39.29,38.47,38.88,31981720.0
2017-12-22,38.78,39.11,38.7,38.94,19960503.0
2017-12-26,38.95,39.33,38.95,39.06,13578192.0
2017-12-27,39.08,39.14,38.71,38.89,16339334.0
2017-12-28,39.0,39.2,38.88,39.18,15627434.0
2017-12-29,39.22,39.32,38.88,38.88,26479899.0
2018-01-02,39.06,39.06,38.36,38.54,32195623.0
2018-01-03,38.47,38.49,37.53,37.65,39162458.0
2018-01-04,37.75,38.19,37.26,38.0,27865665.0
2018-01-05,38.14,38.16,37.8,38.14,22194851.0
2018-01-08,38.15,38.48,37.85,38.25,26643949.0
2018-01-09,37.63,37.99,37.48,37.49,28061066.0
2018-01-10,37.39,37.39,36.54,36.62,41078627.0
2018-01-11,36.67,36.77,36.37,36.48,41400305.0
2018-01-12,36.48,36.99,36.32,36.9,31182186.0
2018-01-16,36.9,37.02,36.54,36.72,24727605.0
2018-01-17,36.77,36.95,36.49,36.85,22050208.0
2018-01-18,36.84,37.38,36.81,37.15,27661060.0
2018-01-19,37.37,37.37,36.94,37.21,27919839.0
2018-01-22,37.2,37.9,36.98,37.87,31660644.0
2018-01-23,37.95,38.22,37.03,37.19,33035978.0
2018-01-24,37.29,37.39,36.98,37.02,28567810.0
2018-01-25,37.09,37.45,36.84,37.45,23400305.0
2018-01-26,37.46,37.82,37.36,37.82,21608455.0
2018-01-29,37.13,37.68,36.98,37.26,30879645.0
2018-01-30,37.36,37.8,37.3,37.44,29883171.0
2018-01-31,37.42,37.92,37.33,37.45,41422384.0
2018-02-01,38.51,39.29,38.4,39.16,59963826.0
2018-02-02,39.03,39.04,37.81,38.07,46098657.0
2018-02-05,37.81,38.31,36.63,36.63,45595537.0
2018-02-06,36.08,37.07,35.5,36.83,62905300.0
2018-02-07,36.81,37.45,36.74,36.93,35634519.0
2018-02-08,36.89,36.95,35.57,35.57,45743025.0
2018-02-09,35.83,36.35,35.03,36.05,50218426.0
2018-02-12,36.33,36.6,35.97,36.37,27750742.0
2018-02-13,36.29,36.71,35.97,36.6,22877170.0
2018-02-14,36.4,36.77,36.11,36.41,24834221.0
2018-02-15,36.47,37.0,36.23,37.0,27507162.0
2018-02-16,36.98,37.39,36.86,37.14,19901638.0
2018-02-20,36.88,37.09,36.67,36.77,22071534.0
2018-02-21,36.77,37.04,36.28,36.31,20792614.0
2018-02-22,36.47,36.99,36.41,36.47,18537517.0
2018-02-23,36.55,36.75,36.29,36.72,17446314.0
2018-02-26,36.93,37.51,36.81,37.46,19871434.0
2018-02-27,37.42,37.64,36.87,36.87,21420614.0
2018-02-28,37.18,37.18,36.3,36.3,29281673.0
2018-03-01,36.31,36.75,35.87,36.0,28548902.0
2018-03-02,36.0,36.4,35.95,36.35,21364000.0
2018-03-05,36.2,36.82,36.1,36.7,19298996.0
2018-03-06,36.83,36.9,36.5,36.87,17462057.0
2018-03-07,36.59,37.03,36.56,36.91,18485992.0
2018-03-08,36.91,37.11,36.56,37.11,19766286.0
2018-03-09,37.17,37.22,36.82,37.05,18820270.0
2018-03-12,37.05,37.57,37.04,37.36,22305006.0
2018-03-13,37.55,37.81,37.26,37.39,19183815.0
2018-03-14,37.59,37.59,36.96,37.03,18605247.0
2018-03-15,37.09,37.29,37.01,37.04,21879149.0
2018-03-16,37.09,37.34,36.9,37.0,37103039.0
2018-03-19,36.98,37.1,36.47,36.58,19637887.0
2018-03-20,36.68,36.82,36.18,36.34,20167101.0
2018-03-21,36.34,36.5,36.0,36.0,17437156.0
2018-03-22,35.95,36.04,35.36,35.37,28196930.0
2018-03-23,35.37,35.54,34.55,34.7,35027990.0
2018-03-26,35.06,35.29,34.44,34.69,31492531.0
2018-03-27,34.85,35.2,34.69,34.9,33860715.0
2018-03-28,35.29,35.85,35.24,35.56,30746165.0
2018-03-29,35.68,35.89,35.02,35.65,27564088.0
2018-04-02,35.58,35.66,34.83,35.1,29230305.0
2018-04-03,35.16,35.42,34.85,35.37,21880171.0
2018-04-04,35.04,35.94,34.98,35.88,20562124.0
2018-04-05,35.93,36.21,35.68,36.14,17103329.0
2018-04-06,36.01,36.2,35.42,35.63,25117409.0
2018-04-09,35.24,35.7,35.06,35.17,21879644.0
2018-04-10,35.32,36.39,35.05,35.81,40263863.0
2018-04-11,35.66,35.73,35.18,35.25,21045775.0
2018-04-12,35.42,35.47,35.06,35.16,21950205.0
2018-04-13,35.21,35.37,35.02,35.14,14374835.0
2018-04-16,35.37,35.82,35.22,35.64,24897295.0
2018-04-17,35.69,35.77,35.31,35.36,20585770.0
2018-04-18,35.48,35.54,35.16,35.21,21601034.0
2018-04-19,35.24,35.27,34.81,34.82,23543932.0
2018-04-20,34.86,35.06,34.15,34.67,32452801.0
2018-04-23,34.71,34.89,34.59,34.89,21211939.0
2018-04-24,35.15,35.33,34.76,35.0,21572221.0
2018-04-25,34.87,35.24,34.73,35.2,25291217.0
2018-04-26,33.44,33.7,32.47,33.1,132230365.0
2018-04-27,33.14,33.56,33.02,33.04,54209888.0
2018-04-30,33.27,33.41,32.67,32.7,46154796.0
2018-05-01,32.75,32.91,32.36,32.54,35817129.0
2018-05-02,32.63,32.63,31.9,32.06,40178616.0
2018-05-03,32.04,32.15,31.61,31.94,40296150.0
2018-05-04,31.94,32.27,31.82,32.14,25539542.0
2018-05-07,32.22,32.25,31.85,32.04,26266284.0
2018-05-08,31.97,32.0,31.58,31.7,33513948.0
2018-05-09,31.63,31.71,31.17,31.4,37494364.0
2018-05-10,31.58,32.03,31.5,31.88,29909412.0
2018-05-11,32.0,32.31,31.99,32.29,27512317.0
2018-05-14,32.39,32.48,32.11,32.19,26894988.0
2018-05-15,32.14,32.24,31.81,32.09,26506812.0
2018-05-16,32.09,32.41,32.05,32.3,19056312.0
2018-05-17,32.38,32.41,31.9,31.93,25420555.0
2018-05-18,31.94,32.1,31.78,32.05,21880412.0
2018-05-21,32.16,32.65,31.9,32.59,28688946.0
2018-05-22,32.63,32.81,32.4,32.43,29387281.0
2018-05-23,32.42,32.53,32.05,32.33,25966238.0
2018-05-24,32.39,32.81,32.21,32.78,35254745.0
2018-05-25,32.7,32.72,32.39,32.51,21816330.0
2018-05-29,32.46,32.49,32.14,32.33,26957135.0
2018-05-30,32.36,32.64,32.28,32.57,24135764.0
2018-05-31,32.52,32.55,32.16,32.32,29417475.0
2018-06-01,32.48,32.61,32.36,32.47,23764267.0
2018-06-04,32.58,32.68,32.37,32.41,18378731.0
2018-06-05,32.41,32.71,32.3,32.68,23413313.0
2018-06-06,32.77,33.56,32.6,33.38,34143281.0
2018-06-07,33.07,33.97,32.9,33.81,42562592.0
2018-06-08,33.66,34.03,33.58,33.83,33183619.0
2018-06-11,33.97,34.48,33.81,34.18,37157948.0
2018-06-12,34.51,34.53,34.08,34.35,59401268.0
2018-06-13,33.0,33.14,32.21,32.22,195082730.0
2018-06-14,32.6,32.98,32.1,32.52,88703108.0
2018-06-15,32.62,33.27,32.15,33.15,113983823.0
2018-06-18,33.02,33.04,32.1,32.19,78654710.0
2018-06-19,32.0,32.6,31.96,32.39,87343701.0
2018-06-20,32.5,32.58,31.95,32.0,55805218.0
2018-06-21,32.1,32.3,31.51,31.6,51425403.0
2018-06-22,31.73,31.89,31.51,31.69,63900036.0
2018-06-25,31.65,31.95,31.58,31.71,48623447.0
2018-06-26,31.73,31.81,31.4,31.62,44643591.0
2018-06-27,31.98,32.05,31.64,31.65,46426999.0
2018-06-28,31.75,32.32,31.66,32.19,42241887.0
2018-06-29,32.25,32.49,32.05,32.11,42028711.0
2018-07-02,32.16,32.31,32.0,32.21,37766220.0
2018-07-03,32.25,32.79,32.18,32.71,33880394.0
2018-07-05,32.75,32.8,32.46,32.6,35419418.0
2018-07-06,32.66,32.74,32.45,32.68,41215474.0
2018-07-09,32.24,32.37,32.11,32.15,43459104.0
2018-07-10,32.24,32.5,32.13,32.5,38848510.0
2018-07-11,32.28,32.35,31.86,31.87,39230476.0
2018-07-12,32.06,32.31,31.9,32.23,44450041.0
2018-07-13,31.88,31.92,31.5,31.67,53377577.0
2018-07-16,31.71,31.99,31.65,31.9,33218261.0
2018-07-17,31.87,32.11,31.71,31.76,36439014.0
2018-07-18,31.82,31.95,31.7,31.71,44570973.0
2018-07-19,31.73,31.78,31.25,31.27,51683360.0
2018-07-20,31.33,31.38,31.04,31.1,36692928.0
2018-07-23,31.14,31.2,30.8,31.0,37293282.0
2018-07-24,31.25,31.68,31.01,31.68,50969824.0
2018-07-25,31.1,31.18,30.13,30.25,96319197.0
2018-07-26,30.36,30.56,30.3,30.35,44339537.0
2018-07-27,30.45,31.21,30.35,31.08,46038626.0
2018-07-30,31.56,32.13,31.45,32.0,64042962.0
2018-07-31,32.14,32.34,31.94,31.97,47549937.0
2018-08-01,32.2,32.27,31.81,31.9,31356239.0
2018-08-02,31.85,32.1,31.77,31.85,31197887.0
2018-08-03,31.9,32.28,31.76,32.27,26584417.0
2018-08-06,32.21,32.32,32.0,32.11,30087337.0
2018-08-07,32.09,32.44,31.97,32.4,27341463.0
2018-08-08,32.48,32.53,32.3,32.36,21953796.0
2018-08-09,32.4,32.5,32.25,32.49,16909405.0
2018-08-10,32.39,32.41,32.16,32.26,21481517.0
2018-08-13,32.26,32.34,32.18,32.21,22779435.0
2018-08-14,32.24,32.38,32.21,32.24,18037525.0
2018-08-15,32.28,32.55,32.13,32.47,29631546.0
2018-08-16,32.53,33.14,32.53,33.09,37384750.0
2018-08-17,33.06,33.26,32.96,33.03,26168602.0
2018-08-20,33.14,33.25,33.01,33.11,23493474.0
2018-08-21,33.33,33.58,33.31,33.4,28419334.0
2018-08-22,33.2,33.2,32.66,32.68,34156895.0
2018-08-23,32.69,32.79,32.41,32.49,21453573.0
2018-08-24,32.46,32.74,32.46,32.64,16233345.0
2018-08-27,32.74,33.03,32.72,32.83,17595907.0
2018-08-28,32.81,32.83,32.63,32.67,16484686.0
2018-08-29,32.66,32.7,32.21,32.23,25162387.0
2018-08-30,32.2,32.32,31.87,31.96,25559388.0
2018-08-31,31.95,31.99,31.72,31.94,31258912.0
2018-09-04,31.78,31.94,31.48,31.86,25162226.0
2018-09-05,31.75,32.05,31.54,32.02,26723593.0
2018-09-06,32.13,32.31,32.0,32.18,25646095.0
2018-09-07,32.16,32.39,32.09,32.12,25757787.0
2018-09-10,32.28,32.69,32.2,32.39,26269019.0
2018-09-11,32.48,32.8,32.47,32.67,26353799.0
2018-09-12,32.84,33.65,32.84,33.42,49637035.0
2018-09-13,33.44,33.69,33.09,33.68,34605791.0
2018-09-14,33.61,33.65,33.3,33.6,33184761.0
2018-09-17,33.6,33.81,33.43,33.62,25544289.0
2018-09-18,33.56,33.92,33.38,33.72,33661937.0
2018-09-19,33.93,33.96,33.25,33.37,30996008.0
2018-09-20,33.49,33.53,33.15,33.44,24775754.0
2018-09-21,34.05,34.24,33.78,33.78,130157081.0
2018-09-24,34.25,34.28,33.75,33.91,36390154.0
2018-09-25,33.78,34.19,33.69,33.76,30681499.0
2018-09-26,33.83,33.91,33.34,33.35,32880463.0
2018-09-27,33.43,33.77,33.27,33.42,24834467.0
2018-09-28,33.41,33.68,33.31,33.58,22052171.0
2018-10-01,33.66,33.75,33.39,33.49,22517840.0
2018-10-02,33.53,33.93,33.48,33.92,30003414.0
2018-10-03,34.08,34.12,33.77,33.92,26699057.0
2018-10-04,33.83,34.14,33.54,34.12,27518236.0
2018-10-05,34.19,34.3,33.86,33.99,28667812.0
2018-10-08,34.01,34.18,33.78,34.11,28071660.0
2018-10-09,33.69,33.7,33.5,33.5,27866091.0
2018-10-10,33.63,33.99,32.84,32.85,45520118.0
2018-10-11,32.83,33.06,31.66,31.75,63697051.0
2018-10-12,32.19,32.36,31.85,32.25,43151601.0
2018-10-15,32.27,32.67,32.21,32.36,33242645.0
2018-10-16,32.37,32.47,32.15,32.39,28048719.0
2018-10-17,32.41,32.72,32.28,32.57,29913552.0
2018-10-18,32.57,32.85,32.24,32.5,30724973.0
2018-10-19,32.45,32.95,32.31,32.87,35133029.0
2018-10-22,32.91,32.96,32.59,32.67,23091900.0
2018-10-23,32.7,33.28,32.05,33.02,53428177.0
2018-10-24,31.73,31.8,30.26,30.36,118852875.0
2018-10-25,30.65,30.71,29.76,29.98,76905428.0
2018-10-26,29.89,29.93,28.85,29.09,77662526.0
2018-10-29,29.59,30.32,29.29,29.64,49270037.0
2018-10-30,29.85,30.59,29.82,30.47,49148657.0
2018-10-31,30.69,30.98,30.12,30.68,44854836.0
2018-11-01,30.99,31.05,30.38,30.49,35379857.0
2018-11-02,30.63,30.91,30.35,30.52,33517094.0
2018-11-05,30.63,30.86,30.57,30.63,27346452.0
2018-11-06,30.64,30.97,30.51,30.96,24310567.0
2018-11-07,30.99,31.13,30.69,31.1,30836284.0
2018-11-08,31.08,31.16,30.88,31.04,29547578.0
2018-11-09,30.98,31.08,30.44,30.69,39994705.0
2018-11-12,30.7,31.23,30.65,30.78,25935270.0
2018-11-13,30.85,30.9,30.28,30.33,25640955.0
2018-11-14,30.55,30.72,30.11,30.51,31293471.0
2018-11-15,30.35,30.37,29.9,30.12,38917357.0
2018-11-16,30.07,30.42,29.95,30.29,28929502.0
2018-11-19,30.34,30.7,30.21,30.35,27957692.0
2018-11-20,29.97,30.18,29.4,29.42,41394289.0
2018-11-21,29.5,30.02,29.41,29.77,30306459.0
2018-11-23,29.76,29.76,29.35,29.36,13401041.0
2018-11-26,29.65,30.15,29.64,29.95,35791456.0
2018-11-27,29.84,30.49,29.72,30.44,32155693.0
2018-11-28,30.44,30.87,30.35,30.74,34470875.0
2018-11-29,30.37,30.71,30.2,30.57,30877349.0
2018-11-30,30.71,31.43,30.68,31.24,80467279.0
2018-12-03,31.74,31.9,31.31,31.71,43725277.0
2018-12-04,31.73,32.01,30.67,30.73,44831310.0
2018-12-06,30.48,30.56,29.85,30.53,51999337.0
2018-12-07,30.22,30.88,30.01,30.14,37474553.0
2018-12-10,30.08,30.09,29.17,29.91,41052118.0
2018-12-11,30.44,30.67,29.59,29.7,49563330.0
2018-12-12,30.11,30.29,29.93,30.16,40903671.0
2018-12-13,30.09,30.19,29.55,29.91,49097777.0
2018-12-14,29.83,30.4,29.7,30.22,42741389.0
2018-12-17,30.13,30.24,29.6,29.86,44021662.0
2018-12-18,29.63,30.02,29.6,29.75,44497114.0
2018-12-19,29.92,30.3,29.61,29.82,51419590.0
2018-12-20,29.84,29.86,28.19,28.65,76716349.0
2018-12-21,28.34,29.24,28.14,28.31,79660738.0
2018-12-24,28.21,28.29,27.36,27.36,41110050.0
2018-12-26,27.5,28.1,26.8,28.08,57391215.0
2018-12-27,27.81,28.16,27.17,28.15,58571190.0
2018-12-28,28.19,28.8,28.17,28.46,50588253.0
2018-12-31,28.57,28.64,28.09,28.54,52861533.0
2019-01-02,28.5,29.59,28.3,29.54,39293953.0
2019-01-03,29.52,29.81,29.21,29.58,37603571.0
2019-01-04,29.96,30.38,29.89,30.34,42072388.0
2019-01-07,30.73,31.27,30.42,30.89,41070898.0
2019-01-08,31.31,31.38,31.03,31.28,43567261.0
2019-01-09,30.88,30.88,29.97,30.1,44305280.0
2019-01-10,30.05,30.48,29.82,30.4,32015596.0
2019-01-11,30.4,30.95,30.31,30.87,28933612.0
2019-01-14,30.7,30.78,30.39,30.62,24468180.0
2019-01-15,30.52,30.6,30.23,30.6,26735374.0
2019-01-16,30.53,30.75,30.35,30.56,24494417.0
2019-01-17,30.55,30.75,30.41,30.64,26266965.0
2019-01-18,30.82,31.03,30.52,30.96,43249105.0
2019-01-22,30.92,30.99,30.42,30.58,37658459.0
2019-01-23,30.72,30.9,30.59,30.89,27854624.0
2019-01-24,30.78,30.78,30.27,30.6,24393843.0
2019-01-25,30.68,31.04,30.64,30.66,30505705.0
2019-01-28,30.62,30.68,30.43,30.67,31028573.0
2019-01-29,30.62,30.7,30.45,30.7,31342725.0
2019-01-30,29.96,30.4,29.01,29.37,92953484.0
2019-01-31,29.5,30.09,29.15,30.06,52176969.0
2019-02-01,30.21,30.36,29.9,30.0,41076164.0
2019-02-04,30.03,30.03,29.56,29.61,39034259.0
2019-02-05,29.67,29.71,29.46,29.63,29276888.0
2019-02-06,29.7,29.79,29.52,29.56,22928167.0
2019-02-07,29.54,29.56,28.92,29.45,37887746.0
2019-02-08,29.4,29.56,29.1,29.55,24281568.0
2019-02-11,29.58,29.84,29.46,29.71,29057321.0
2019-02-12,29.85,30.03,29.73,29.81,29989070.0
2019-02-13,29.81,29.88,29.5,29.84,30040089.0
2019-02-14,29.7,30.01,29.55,29.79,25846239.0
2019-02-15,30.03,30.52,29.93,30.47,37188658.0
2019-02-19,30.46,30.68,30.31,30.63,24712413.0
2019-02-20,30.64,30.94,30.46,30.85,24749090.0
2019-02-21,30.86,31.06,30.63,30.83,26580394.0
2019-02-22,30.95,31.19,30.82,31.15,23357232.0
2019-02-25,31.25,31.29,31.02,31.13,24414699.0
2019-02-26,31.14,31.43,30.96,31.22,29664844.0
2019-02-27,31.23,31.27,30.78,31.06,26349549.0
2019-02-28,31.06,31.27,30.97,31.12,28225982.0
2019-03-01,31.2,31.24,30.64,30.82,30592851.0
2019-03-04,30.95,30.95,29.67,29.98,49482743.0
2019-03-05,30.02,30.05,29.8,29.95,26029791.0
2019-03-06,30.0,30.14,29.77,29.81,24580343.0
2019-03-07,29.86,30.07,29.8,29.92,24826103.0
2019-03-08,29.85,30.06,29.74,29.96,22505948.0
2019-03-11,29.98,30.31,29.95,30.22,26018525.0
2019-03-12,30.25,30.9,30.22,30.63,32484586.0
2019-03-13,30.65,30.72,30.21,30.28,27702221.0
2019-03-14,30.28,30.49,30.21,30.28,22091439.0
2019-03-15,30.51,30.68,30.3,30.67,53361640.0
2019-03-18,30.68,30.84,30.59,30.8,23325108.0
2019-03-19,30.87,31.05,30.56,30.68,28730520.0
2019-03-20,30.59,30.76,30.4,30.51,24664904.0
2019-03-21,30.45,31.15,30.45,31.06,26343293.0
2019-03-22,31.0,31.34,31.0,31.07,33171404.0
2019-03-25,31.1,31.15,30.65,30.77,25633279.0
2019-03-26,30.97,31.42,30.94,31.39,24304939.0
2019-03-27,31.31,31.64,31.25,31.4,26743641.0
2019-03-28,31.42,31.5,30.87,31.01,26996419.0
2019-03-29,31.16,31.39,30.97,31.36,31606530.0
2019-04-01,31.6,31.99,31.54,31.95,37773767.0
2019-04-02,31.91,31.95,31.55,31.63,31945765.0
2019-04-03,31.8,31.96,31.64,31.87,28779967.0
2019-04-04,31.95,32.13,31.92,31.98,28211971.0
2019-04-05,32.07,32.36,31.92,32.35,39928718.0
2019-04-08,32.45,32.52,32.19,32.39,37251965.0
2019-04-09,31.85,31.89,31.54,31.75,26779029.0
2019-04-10,31.75,32.04,31.74,31.88,20385934.0
2019-04-11,31.92,32.25,31.88,32.2,24930873.0
2019-04-12,32.3,32.32,31.96,32.2,26021137.0
2019-04-15,32.21,32.25,31.94,32.02,19463704.0
2019-04-16,32.12,32.25,31.94,32.25,21701920.0
2019-04-17,32.08,32.2,31.95,31.95,22364832.0
2019-04-18,31.95,32.1,31.85,32.03,23317482.0
2019-04-22,32.02,32.18,31.92,32.08,22239129.0
2019-04-23,32.06,32.28,31.88,32.1,31674988.0
2019-04-24,31.07,31.59,30.52,30.79,72249253.0
2019-04-25,30.64,30.65,30.05,30.34,44021278.0
2019-04-26,30.47,30.96,30.28,30.68,35191837.0
2019-04-29,30.91,31.31,30.82,30.88,31762671.0
2019-04-30,30.94,31.14,30.76,30.96,35001292.0
2019-05-01,31.05,31.21,30.78,30.79,27046955.0
2019-05-02,30.96,31.01,30.59,30.62,29711544.0
2019-05-03,30.66,30.79,30.57,30.7,28225621.0
2019-05-06,30.46,30.64,30.38,30.59,25182044.0
2019-05-07,30.52,30.59,30.28,30.53,25771202.0
2019-05-08,30.39,30.5,30.17,30.3,25015157.0
2019-05-09,30.27,30.45,30.13,30.38,27078359.0
2019-05-10,30.25,30.72,30.16,30.62,22013322.0
2019-05-13,30.35,30.65,30.34,30.47,27713285.0
2019-05-14,30.7,31.38,30.62,31.09,37525165.0
2019-05-15,31.04,31.3,30.89,31.25,23931316.0
2019-05-16,31.35,31.88,31.35,31.62,23634851.0
2019-05-17,31.41,32.0,31.38,31.8,30889487.0
2019-05-20,32.28,33.08,31.96,32.19,53455213.0
2019-05-21,32.24,32.64,32.09,32.41,23313504.0
2019-05-22,32.24,32.45,32.12,32.28,19988761.0
2019-05-23,32.18,32.32,31.93,32.14,24665483.0
2019-05-24,32.32,32.35,32.1,32.27,16156736.0
2019-05-28,32.33,32.42,31.91,31.93,24523052.0
2019-05-29,31.91,32.21,31.69,31.91,26948867.0
2019-05-30,31.96,32.07,31.64,31.86,24227597.0
2019-05-31,31.06,31.16,30.38,30.58,49412581.0
2019-06-03,30.72,31.35,30.68,31.09,36323622.0
2019-06-04,31.39,31.5,30.98,31.48,31262246.0
2019-06-05,31.62,31.71,31.42,31.68,20430778.0
2019-06-06,31.8,32.18,31.7,32.1,24411663.0
2019-06-07,32.17,32.7,32.14,32.49,31788435.0
2019-06-10,32.69,33.0,31.86,31.93,30927316.0
2019-06-11,32.06,32.44,32.03,32.11,19612611.0
2019-06-12,32.11,32.31,32.03,32.18,19282922.0
2019-06-13,32.22,32.33,32.12,32.29,16873425.0
2019-06-14,32.34,32.44,32.18,32.35,19848544.0
2019-06-17,32.25,32.39,32.17,32.3,16814240.0
2019-06-18,32.44,32.7,32.4,32.44,20534071.0
2019-06-19,32.54,32.59,32.32,32.41,21209552.0
2019-06-20,32.58,32.61,32.31,32.54,27066011.0
2019-06-21,32.69,32.7,32.42,32.45,39218598.0
2019-06-24,32.49,32.69,32.46,32.58,21745352.0
2019-06-25,32.6,32.6,32.45,32.55,19229656.0
2019-06-26,32.59,32.79,32.52,32.53,27960853.0
2019-06-27,32.76,33.03,32.56,32.98,28184290.0
2019-06-28,33.04,33.55,32.92,33.51,40771306.0
2019-07-01,33.81,33.9,33.4,33.43,32421656.0
2019-07-02,33.47,33.87,33.37,33.84,26635036.0
2019-07-03,33.96,34.04,33.87,33.98,20136493.0
2019-07-05,33.98,34.37,33.94,34.3,24506957.0
2019-07-08,34.13,34.36,34.07,34.25,31848245.0
2019-07-09,33.59,33.66,33.4,33.54,30976979.0
2019-07-10,33.74,33.84,33.62,33.76,25352105.0
2019-07-11,33.99,34.02,33.26,33.46,28863919.0
2019-07-12,33.53,33.66,33.39,33.65,23251722.0
2019-07-15,33.66,33.74,33.57,33.71,20255058.0
2019-07-16,33.68,33.72,33.51,33.58,17869349.0
2019-07-17,33.56,33.58,33.25,33.26,18798178.0
2019-07-18,33.19,33.2,32.84,33.09,32128778.0
2019-07-19,33.23,33.27,32.77,32.79,32156755.0
2019-07-22,32.75,32.75,32.07,32.13,35521084.0
2019-07-23,32.15,32.16,31.52,32.09,45574407.0
2019-07-24,32.18,33.39,32.18,33.24,48284728.0
2019-07-25,33.58,33.99,33.45,33.81,39019229.0
2019-07-26,33.74,34.23,33.59,34.15,34149302.0
2019-07-29,34.07,34.45,33.94,34.34,30939050.0
2019-07-30,34.44,34.64,34.08,34.18,33926816.0
2019-07-31,34.05,34.48,33.89,34.05,40633777.0
2019-08-01,34.48,34.6,34.02,34.12,41058878.0
2019-08-02,33.8,34.34,33.54,34.17,36476292.0
2019-08-05,33.7,33.94,33.19,33.49,37067635.0
2019-08-06,33.51,33.97,33.29,33.96,31658718.0
2019-08-07,33.6,34.16,33.36,34.06,37948549.0
2019-08-08,34.25,34.54,34.07,34.54,28498500.0
2019-08-09,34.43,34.59,34.15,34.54,22866772.0
2019-08-12,34.47,34.58,34.27,34.48,23659186.0
2019-08-13,34.37,34.96,34.37,34.86,31598979.0
2019-08-14,34.6,34.63,34.02,34.09,34615314.0
2019-08-15,34.24,34.46,33.96,34.34,24367612.0
2019-08-16,34.48,35.0,34.41,34.97,31102985.0
2019-08-19,35.01,35.44,34.99,35.38,26135677.0
2019-08-20,35.29,35.3,34.9,34.98,21805804.0
2019-08-21,35.19,35.25,34.97,35.16,21916204.0
2019-08-22,35.24,35.5,35.08,35.39,21461215.0
2019-08-23,35.3,35.44,34.64,34.82,33864032.0
2019-08-26,34.97,35.14,34.71,34.93,23199367.0
2019-08-27,35.01,35.04,34.63,34.72,32086664.0
2019-08-28,34.67,34.98,34.54,34.96,24369041.0
2019-08-29,35.11,35.33,35.05,35.15,23298615.0
2019-08-30,35.18,35.35,35.07,35.26,21610193.0
2019-09-03,35.08,35.39,34.92,35.38,20542298.0
2019-09-04,35.53,35.82,35.44,35.72,20751045.0
2019-09-05,35.9,35.98,35.75,35.89,21750094.0
2019-09-06,35.95,36.37,35.91,36.25,29266063.0
2019-09-09,37.82,38.14,36.71,36.79,117865963.0
2019-09-10,37.21,37.72,36.97,37.58,48019601.0
2019-09-11,37.93,38.75,37.71,38.74,55071433.0
2019-09-12,38.37,38.48,37.73,38.38,42667020.0
2019-09-13,38.01,38.35,37.74,37.91,39225394.0
2019-09-16,37.7,37.83,37.11,37.31,49189889.0
2019-09-17,37.04,37.25,36.79,37.16,35295611.0
2019-09-18,36.76,36.98,36.49,36.76,38600411.0
2019-09-19,37.03,37.22,36.8,37.15,27257877.0
2019-09-20,37.3,38.01,37.18,37.91,79104102.0
2019-09-23,37.62,37.85,37.48,37.6,23711988.0
2019-09-24,37.79,37.85,37.34,37.38,28103285.0
2019-09-25,37.33,37.56,37.24,37.38,22369591.0
2019-09-26,37.4,37.46,37.18,37.38,21829113.0
2019-09-27,37.61,37.73,37.18,37.43,24227756.0
2019-09-30,37.59,37.93,37.53,37.84,28436226.0
2019-10-01,37.95,37.96,37.37,37.41,24334716.0
2019-10-02,37.35,37.35,36.92,37.08,26612141.0
2019-10-03,37.0,37.2,36.66,37.19,21001457.0
2019-10-04,37.22,37.52,37.13,37.51,22598045.0
2019-10-07,37.58,37.87,37.52,37.66,21245336.0
2019-10-08,37.68,37.71,37.38,37.48,31034529.0
2019-10-09,37.21,37.22,36.89,37.05,24736026.0
2019-10-10,37.0,37.55,36.97,37.42,23887003.0
2019-10-11,37.59,37.8,37.47,37.58,27814613.0
2019-10-14,37.58,37.69,37.31,37.47,23651381.0
2019-10-15,37.45,38.07,37.42,37.9,22957991.0
2019-10-16,37.82,38.0,37.7,37.79,22152459.0
2019-10-17,37.86,37.86,37.61,37.81,19153745.0
2019-10-18,37.81,38.53,37.79,38.47,37673766.0
2019-10-21,38.42,38.62,38.19,38.23,28041279.0
2019-10-22,37.82,38.36,37.6,38.17,20373530.0
2019-10-23,38.01,38.14,37.63,37.74,24362381.0
2019-10-24,37.69,37.77,36.54,36.82,40910408.0
2019-10-25,36.94,37.17,36.72,36.91,33280773.0
2019-10-28,38.3,38.86,37.97,38.49,62238149.0
2019-10-29,38.49,38.49,37.98,38.06,26710017.0
2019-10-30,38.39,38.87,38.11,38.2,34018825.0
2019-10-31,38.21,38.49,37.88,38.49,39485026.0
2019-11-01,38.95,39.02,38.74,38.95,35232725.0
2019-11-04,39.1,39.5,38.86,38.89,35861679.0
2019-11-05,38.81,39.31,38.79,39.17,29715471.0
2019-11-06,39.25,39.28,38.99,39.25,21999335.0
2019-11-07,39.29,39.58,39.25,39.42,25542401.0
2019-11-08,39.34,39.43,39.09,39.38,18635139.0
2019-11-11,39.26,39.38,39.2,39.37,13585575.0
2019-11-12,39.35,39.48,39.07,39.17,16550113.0
2019-11-13,39.19,39.31,39.05,39.16,16596947.0
2019-11-14,38.97,39.08,38.69,38.95,27469011.0
2019-11-15,39.13,39.51,39.06,39.5,31476777.0
2019-11-18,39.3,39.7,39.21,39.63,25969683.0
2019-11-19,38.92,38.97,37.37,38.0,64556823.0
2019-11-20,37.09,37.61,36.4,37.18,69861438.0
2019-11-21,37.03,37.7,37.03,37.6,31358462.0
2019-11-22,37.75,37.93,37.69,37.75,19877074.0
2019-11-25,37.9,37.9,37.18,37.26,32466124.0
2019-11-26,37.28,37.44,36.77,37.4,54029541.0
2019-11-27,37.44,37.82,37.4,37.66,17069487.0
2019-11-29,37.74,37.96,37.36,37.38,18172510.0
2019-12-02,37.48,37.48,37.23,37.32,24887610.0
2019-12-03,37.2,37.55,36.91,37.55,24870032.0
2019-12-04,37.59,38.36,37.51,38.1,38236927.0
2019-12-05,38.12,38.36,38.01,38.19,21764567.0
2019-12-06,38.29,38.58,38.14,38.2,22613844.0
2019-12-09,38.12,38.43,38.03,38.04,20702326.0
2019-12-10,38.07,38.27,37.82,38.06,21783879.0
2019-12-11,38.02,38.25,38.0,38.17,18528997.0
2019-12-12,38.2,38.57,38.2,38.35,23598998.0
2019-12-13,38.21,38.28,37.95,38.26,24895937.0
2019-12-16,38.37,38.65,38.37,38.59,24046923.0
2019-12-17,38.6,38.7,38.45,38.5,34741135.0
2019-12-18,38.6,38.93,38.59,38.74,28439744.0
2019-12-19,38.79,38.93,38.66,38.93,26773190.0
2019-12-20,39.21,39.26,38.89,39.15,48371162.0
2019-12-23,39.25,39.43,39.04,39.07,29142243.0
2019-12-24,39.1,39.12,38.9,38.96,8697213.0
2019-12-26,38.99,39.2,38.97,39.16,19818847.0
2019-12-27,39.24,39.36,39.2,39.24,15434020.0
2019-12-30,39.27,39.28,38.98,39.04,17671577.0
2019-12-31,39.01,39.11,38.86,39.08,20218352.0
2020-01-02,39.16,39.22,38.71,38.86,30256306.0
2020-01-03,38.58,39.2,38.57,39.06,27416012.0
2020-01-06,38.99,39.15,38.82,39.1,38696250.0
2020-01-07,39.08,39.3,38.98,39.25,28375359.0
2020-01-08,39.33,39.55,39.29,39.37,40542491.0
2020-01-09,38.92,39.0,38.55,38.8,39456701.0
2020-01-10,38.81,38.95,38.57,38.57,29722998.0
2020-01-13,38.54,38.55,38.02,38.1,33073730.0
2020-01-14,38.06,38.19,37.95,38.09,26536986.0
2020-01-15,37.97,38.03,37.79,37.87,26077244.0
2020-01-16,37.99,38.13,37.77,38.03,27320255.0
2020-01-17,38.05,38.44,37.98,38.38,33593550.0
2020-01-21,38.35,38.64,38.18,38.52,43754575.0
2020-01-22,38.68,39.14,38.64,39.04,36134774.0
2020-01-23,38.96,38.99,38.55,38.63,29007976.0
2020-01-24,38.6,38.78,38.23,38.5,34465331.0
2020-01-27,38.02,38.57,38.01,38.25,35221574.0
2020-01-28,38.32,38.8,38.27,38.58,30847837.0
2020-01-29,38.5,38.56,37.03,37.05,57974423.0
2020-01-30,36.47,37.45,36.32,37.43,50680306.0
2020-01-31,37.32,37.76,37.25,37.62,41160013.0
2020-02-03,37.96,37.97,36.8,36.96,40785825.0
2020-02-04,37.08,37.74,36.94,37.63,31958845.0
2020-02-05,37.73,37.95,37.52,37.81,24637491.0
2020-02-06,37.86,38.48,37.86,38.44,26212556.0
2020-02-07,38.45,38.72,38.36,38.45,25198659.0
2020-02-10,38.42,38.54,38.1,38.34,18544340.0
2020-02-11,38.49,38.82,37.9,38.17,31978014.0
2020-02-12,38.19,38.33,38.02,38.04,31309382.0
2020-02-13,37.88,38.43,37.86,38.31,24627627.0
2020-02-14,38.28,38.47,38.11,38.25,27388865.0
2020-02-18,38.18,38.32,38.04,38.26,24280102.0
2020-02-19,38.24,38.65,38.16,38.44,22601208.0
2020-02-20,38.4,38.67,38.31,38.61,27176134.0
2020-02-21,38.52,38.68,38.37,38.55,28468242.0
2020-02-24,37.99,38.51,37.98,38.05,34886904.0
2020-02-25,38.11,38.28,37.26,37.35,48886212.0
2020-02-26,37.19,37.79,36.92,37.1,40268174.0
2020-02-27,36.58,36.91,35.36,35.73,66325718.0
2020-02-28,34.0,35.72,33.01,35.22,121099729.0
2020-03-02,35.37,37.42,35.29,37.18,68432790.0
2020-03-03,37.26,37.96,35.87,36.3,63808014.0
2020-03-04,37.02,38.22,36.72,38.18,42070353.0
2020-03-05,37.4,37.93,36.97,37.18,45298116.0
2020-03-06,36.71,37.25,36.18,37.03,48883084.0
2020-03-09,35.01,36.15,34.38,34.69,67968653.0
2020-03-10,35.51,35.89,34.24,35.85,56660605.0
2020-03-11,34.85,35.07,34.16,34.52,45340445.0
2020-03-12,31.86,33.43,31.06,31.33,84215236.0
2020-03-13,32.92,34.61,31.86,34.47,64688756.0
2020-03-16,31.0,33.89,30.92,31.81,58776602.0
2020-03-17,32.12,34.06,32.01,33.74,59642018.0
2020-03-18,32.0,32.91,30.25,32.85,76034396.0
2020-03-19,31.36,32.49,30.5,31.15,60817171.0
2020-03-20,30.46,30.5,28.18,28.45,116732263.0
2020-03-23,27.39,27.71,26.08,26.77,96884135.0
2020-03-24,28.0,28.3,26.84,28.09,76300913.0
2020-03-25,28.08,29.93,27.37,28.4,68027712.0
2020-03-26,28.68,30.96,28.68,30.6,64092411.0
2020-03-27,29.69,30.82,29.22,29.84,46386011.0
2020-03-30,29.9,30.41,29.48,30.23,41629880.0
2020-03-31,30.04,30.13,29.05,29.15,69813374.0
2020-04-01,28.38,28.58,27.7,28.05,54645990.0
2020-04-02,28.0,28.87,28.0,28.76,33818421.0
2020-04-03,28.53,28.74,27.25,27.46,53443175.0
2020-04-06,28.4,29.68,28.31,29.44,53502008.0
2020-04-07,30.44,30.97,30.07,30.08,54265545.0
2020-04-08,29.95,30.0,29.1,29.89,40793294.0
2020-04-09,30.0,30.94,29.99,30.73,50332672.0
2020-04-13,30.5,30.72,29.9,30.19,34145822.0
2020-04-14,30.69,31.16,30.35,31.13,31941489.0
2020-04-15,30.63,30.96,29.96,30.09,37542892.0
2020-04-16,30.28,30.28,29.7,30.16,32533858.0
2020-04-17,30.85,31.25,30.7,31.23,34656154.0
2020-04-20,30.85,31.42,30.7,30.98,30583180.0
2020-04-21,30.51,30.52,29.64,29.87,43213059.0
2020-04-22,30.9,30.9,29.31,29.47,50764172.0
2020-04-23,29.44,30.05,29.33,29.5,34011522.0
2020-04-24,29.59,29.95,29.15,29.71,35567748.0
2020-04-27,29.99,30.68,29.74,30.54,33320717.0
2020-04-28,31.0,31.12,30.61,30.65,30924781.0
2020-04-29,31.13,31.87,31.07,31.43,33160143.0
2020-04-30,31.0,31.05,30.28,30.47,40751938.0
2020-05-01,30.77,30.79,29.75,29.9,36851311.0
2020-05-04,29.75,29.75,29.22,29.6,35164096.0
2020-05-05,29.74,30.18,29.72,29.74,24626123.0
2020-05-06,29.82,29.87,28.79,28.79,45094227.0
2020-05-07,29.17,29.2,28.83,28.89,31814282.0
2020-05-08,29.29,29.85,29.21,29.79,24047674.0
2020-05-11,29.65,29.65,29.15,29.38,29223357.0
2020-05-12,29.51,29.67,28.89,28.89,35220892.0
2020-05-13,28.8,28.92,28.0,28.09,49265017.0
2020-05-14,27.98,28.6,27.61,28.58,39827034.0
2020-05-15,28.28,28.45,28.07,28.31,32250323.0
2020-05-18,28.99,29.69,28.93,29.45,34952257.0
2020-05-19,29.46,29.52,28.9,28.96,35217784.0
2020-05-20,29.27,29.82,29.01,29.59,37899058.0
2020-05-21,29.79,30.06,29.53,29.77,38670851.0
2020-05-22,29.78,29.91,29.43,29.88,26638287.0
2020-05-26,30.64,31.12,30.57,30.82,41383190.0
2020-05-27,31.74,31.98,31.53,31.85,43440277.0
2020-05-28,32.03,32.07,30.97,31.06,39689492.0
2020-05-29,30.55,30.96,30.33,30.86,43747283.0
2020-06-01,30.75,31.24,30.6,30.93,24959542.0
2020-06-02,31.05,31.1,30.71,30.99,28436964.0
2020-06-03,31.3,31.66,31.28,31.51,27861297.0
2020-06-04,31.39,31.8,31.28,31.8,30762811.0
2020-06-05,32.54,33.0,32.23,32.77,46689380.0
2020-06-08,33.0,33.24,32.69,33.23,34279284.0
2020-06-09,32.81,32.86,32.35,32.62,32209533.0
2020-06-10,32.57,32.62,32.1,32.14,27291220.0
2020-06-11,31.2,31.32,30.11,30.17,49865162.0
2020-06-12,31.02,31.08,30.01,30.5,36279651.0
2020-06-15,29.99,30.65,29.52,30.5,40263555.0
2020-06-16,31.42,31.47,30.36,30.78,41630972.0
2020-06-17,30.78,30.82,30.21,30.26,31480615.0
2020-06-18,30.06,30.41,29.95,30.35,28364618.0
2020-06-19,30.69,30.75,29.98,30.31,74958936.0
2020-06-22,30.18,30.3,30.0,30.11,29559417.0
2020-06-23,30.3,30.68,30.2,30.25,38913011.0
2020-06-24,30.03,30.04,29.16,29.42,65596027.0
2020-06-25,29.49,29.81,29.21,29.72,36571305.0
2020-06-26,29.56,29.56,28.92,29.08,76576680.0
2020-06-29,29.33,29.93,29.29,29.91,37534495.0
2020-06-30,30.01,30.34,29.71,30.23,43791447.0
2020-07-01,30.13,30.48,29.85,29.9,30972794.0
2020-07-02,30.11,30.5,30.02,30.08,37724979.0
2020-07-06,30.54,30.6,30.24,30.49,33715853.0
2020-07-07,30.3,30.45,30.23,30.32,27509243.0
2020-07-08,30.46,30.55,30.15,30.46,38933020.0
2020-07-09,29.87,29.88,29.39,29.54,39365702.0
2020-07-10,29.5,30.23,29.45,30.13,36893104.0
2020-07-13,30.16,30.17,29.64,29.76,40993109.0
2020-07-14,29.72,30.1,29.52,29.96,30603497.0
2020-07-15,30.07,30.13,29.85,30.01,30955944.0
2020-07-16,29.97,30.5,29.92,30.39,32987050.0
2020-07-17,30.48,30.53,30.18,30.25,23156728.0
2020-07-20,30.18,30.18,29.8,29.85,32399528.0
2020-07-21,29.89,30.42,29.86,30.25,34270709.0
2020-07-22,30.16,30.27,29.95,30.16,30508666.0
2020-07-23,30.15,30.15,29.54,29.9,51503445.0
2020-07-24,29.8,30.21,29.46,29.57,38727179.0
2020-07-27,29.5,29.51,29.21,29.29,33494616.0
2020-07-28,29.26,29.89,29.2,29.69,37667134.0
2020-07-29,29.67,29.67,29.31,29.56,30475883.0
2020-07-30,29.47,29.73,29.36,29.57,26647892.0
2020-07-31,29.51,29.62,29.27,29.58,38694208.0
2020-08-03,29.95,29.98,29.41,29.62,38979156.0
2020-08-04,29.6,30.16,29.56,30.01,34044431.0
2020-08-05,30.15,30.21,29.79,29.85,22991667.0
2020-08-06,29.71,30.09,29.68,29.84,21908725.0
2020-08-07,29.74,30.06,29.58,30.02,30422083.0
2020-08-10,30.05,30.2,29.99,30.2,35514362.0
2020-08-11,30.41,30.77,30.1,30.2,30986949.0
2020-08-12,30.36,30.51,30.11,30.18,21188089.0
2020-08-13,30.0,30.13,29.84,29.91,24893071.0
2020-08-14,29.83,30.15,29.76,30.01,22547745.0
2020-08-17,30.08,30.08,29.8,29.85,25019445.0
2020-08-18,29.86,29.93,29.77,29.79,21913568.0
2020-08-19,29.81,29.89,29.68,29.73,24779948.0
2020-08-20,29.55,29.88,29.5,29.67,22927026.0
2020-08-21,29.73,29.79,29.53,29.69,24883645.0
2020-08-24,29.71,30.05,29.66,30.03,26384315.0
2020-08-25,30.09,30.14,29.83,29.9,21027062.0
2020-08-26,29.83,30.12,29.7,29.99,27840305.0
2020-08-27,30.01,30.17,29.82,29.9,29612453.0
2020-08-28,29.94,30.08,29.81,30.04,26839368.0
2020-08-31,30.15,30.16,29.8,29.81,41482986.0
2020-09-01,29.74,29.75,29.32,29.47,46552904.0
2020-09-02,29.37,29.84,29.32,29.7,35128793.0
2020-09-03,29.78,30.18,29.42,29.59,44328301.0
2020-09-04,29.63,29.87,29.26,29.42,44835228.0
2020-09-08,29.5,29.6,29.02,29.51,46433102.0
2020-09-09,29.63,29.7,29.37,29.37,29620226.0
2020-09-10,29.38,29.38,28.9,28.91,47416639.0
2020-09-11,28.96,29.13,28.8,29.0,29669553.0
2020-09-14,29.1,29.3,29.0,29.14,28722807.0
2020-09-15,29.19,29.34,29.06,29.12,25911737.0
2020-09-16,29.13,29.54,29.12,29.24,30879180.0
2020-09-17,29.15,29.24,28.95,29.07,31650021.0
2020-09-18,29.04,29.22,28.91,28.93,45861784.0
2020-09-21,28.8,28.82,28.26,28.63,45473995.0
2020-09-22,28.53,28.93,28.42,28.51,28148374.0
2020-09-23,28.55,28.69,27.84,27.87,43786781.0
2020-09-24,27.87,28.26,27.75,28.04,33052111.0
2020-09-25,27.91,28.11,27.75,28.04,35928816.0
2020-09-28,28.32,28.65,28.24,28.38,30525147.0
2020-09-29,28.36,28.41,28.13,28.3,25472226.0
2020-09-30,28.38,28.67,28.29,28.51,39088210.0
2020-10-01,28.52,28.64,28.34,28.49,28640457.0
2020-10-02,28.27,28.89,28.21,28.68,28698107.0
2020-10-05,28.49,28.75,28.36,28.67,33463571.0
2020-10-06,28.75,29.16,28.66,28.71,39162573.0
2020-10-07,28.92,28.98,28.69,28.8,41425537.0
2020-10-08,28.32,28.63,28.24,28.61,32108638.0
2020-10-09,28.63,28.69,28.23,28.32,32697673.0
2020-10-12,28.3,28.3,28.01,28.13,51208925.0
2020-10-13,28.01,28.13,27.68,27.75,54011942.0
2020-10-14,27.71,27.95,27.48,27.49,48462436.0
2020-10-15,27.31,27.45,27.11,27.45,32086954.0
2020-10-16,27.48,27.57,27.32,27.33,29326146.0
2020-10-19,27.44,27.47,26.82,26.88,52128035.0
2020-10-20,26.99,27.12,26.66,26.76,41589793.0
2020-10-21,26.77,26.92,26.54,26.72,47749159.0
2020-10-22,27.83,28.5,27.7,28.28,89507895.0
2020-10-23,28.35,28.41,27.75,27.82,42630544.0
2020-10-26,27.63,27.65,27.09,27.38,41524470.0
2020-10-27,27.24,27.27,26.9,26.92,35166960.0
2020-10-28,26.7,26.88,26.45,26.5,48948835.0
2020-10-29,26.5,27.05,26.35,26.76,44176199.0
2020-10-30,26.74,27.04,26.69,27.02,48443044.0
2020-11-02,27.4,27.6,27.01,27.34,48052113.0
2020-11-03,27.51,27.8,27.4,27.46,33284852.0
2020-11-04,27.21,27.45,26.86,27.04,45482693.0
2020-11-05,27.19,27.85,27.18,27.51,35119352.0
2020-11-06,27.49,27.7,27.38,27.44,26235293.0
2020-11-09,28.24,28.79,28.15,28.3,70673973.0
2020-11-10,28.55,28.97,28.49,28.85,44191969.0
2020-11-11,28.97,29.0,28.43,28.73,39718751.0
2020-11-12,28.5,28.58,28.19,28.44,30495607.0
2020-11-13,28.57,28.99,28.47,28.91,27490069.0
2020-11-16,29.11,29.23,28.9,28.97,49948993.0
2020-11-17,28.78,29.13,28.68,29.03,28575410.0
2020-11-18,29.05,29.17,28.61,28.62,29558856.0
2020-11-19,28.51,28.51,28.11,28.28,41380974.0
2020-11-20,28.22,28.42,28.16,28.32,28220045.0
2020-11-23,28.39,28.7,28.35,28.62,27818839.0
2020-11-24,28.93,29.44,28.91,29.23,44008027.0
2020-11-25,29.28,29.29,28.9,28.99,24489231.0
2020-11-27,29.07,29.19,28.88,29.03,15649805.0
2020-11-30,28.87,29.02,28.7,28.75,43340500.0
2020-12-01,28.82,29.14,28.75,28.87,42064174.0
2020-12-02,28.82,29.2,28.79,29.09,29487247.0
2020-12-03,29.03,29.24,28.9,29.23,34957864.0
2020-12-04,29.37,29.76,29.31,29.54,37725523.0
2020-12-07,29.78,29.78,29.52,29.64,34632649.0
2020-12-08,29.49,30.93,29.46,30.81,73608037.0
2020-12-09,31.0,31.89,30.97,31.46,70685357.0
2020-12-10,31.07,31.11,30.48,30.69,47031929.0
2020-12-11,30.43,31.09,30.39,31.01,31502190.0
2020-12-14,31.23,31.27,30.4,30.55,42637295.0
2020-12-15,30.64,30.7,30.28,30.58,33433895.0
2020-12-16,30.53,30.59,30.24,30.29,34687525.0
2020-12-17,30.04,30.12,29.54,29.62,61678987.0
2020-12-18,29.52,29.68,29.26,29.4,74417091.0
2020-12-21,28.98,29.21,28.75,29.01,47824714.0
2020-12-22,29.0,29.01,28.32,28.4,63984560.0
2020-12-23,28.5,28.93,28.5,28.75,39301101.0
2020-12-24,28.73,28.76,28.5,28.69,19153092.0
2020-12-28,28.93,28.96,28.5,28.55,41619463.0
2020-12-29,28.69,28.88,28.51,28.54,36617545.0
2020-12-30,28.54,28.68,28.43,28.49,34347761.0
2020-12-31,28.45,28.8,28.39,28.76,38622254.0
2021-01-04,29.39,29.49,29.02,29.44,65467712.0
2021-01-05,29.5,29.75,29.19,29.26,62729974.0
2021-01-06,29.41,30.0,29.36,29.83,55480035.0
2021-01-07,30.02,30.09,29.68,29.91,53825775.0
2021-01-08,29.14,29.21,28.75,29.02,54736872.0
2021-01-11,28.74,29.02,28.68,28.87,30857037.0
2021-01-12,28.87,28.87,28.51,28.75,43440478.0
2021-01-13,28.79,28.8,28.47,28.61,38809033.0
2021-01-14,28.65,29.77,28.53,29.29,63858747.0
2021-01-15,28.95,29.29,28.82,29.17,40653079.0
2021-01-19,29.28,29.38,28.9,28.95,40763961.0
2021-01-20,29.0,29.01,28.74,28.96,32542486.0
2021-01-21,28.91,29.08,28.77,28.83,28045402.0
2021-01-22,28.81,29.05,28.57,28.93,34724599.0
2021-01-25,28.76,29.18,28.49,29.11,51913343.0
2021-01-26,29.1,29.84,29.07,29.75,50518939.0
2021-01-27,29.04,30.2,28.96,29.14,73550651.0
2021-01-28,29.03,29.72,28.78,28.8,52642495.0
2021-01-29,28.78,29.04,28.57,28.63,50054934.0
2021-02-01,28.94,28.98,28.33,28.65,42881245.0
2021-02-02,28.78,28.82,28.38,28.54,42804417.0
2021-02-03,28.51,28.7,28.45,28.51,40384252.0
2021-02-04,28.52,28.89,28.47,28.89,31723396.0
2021-02-05,28.98,29.07,28.86,28.93,27570810.0
2021-02-08,28.97,28.99,28.62,28.77,32069007.0
2021-02-09,28.66,28.78,28.56,28.62,32788000.0
2021-02-10,28.64,28.66,28.48,28.55,42270057.0
2021-02-11,28.51,28.7,28.46,28.69,33741085.0
2021-02-12,28.6,28.84,28.59,28.8,28712931.0
2021-02-16,28.8,29.18,28.73,28.97,38700704.0
2021-02-17,28.82,29.74,28.8,29.57,51286936.0
2021-02-18,29.55,29.59,29.21,29.23,27002688.0
2021-02-19,29.29,29.33,28.98,29.0,29702976.0
2021-02-22,28.99,29.57,28.98,29.32,34873918.0
2021-02-23,29.65,29.81,29.11,29.18,46960190.0
2021-02-24,29.3,29.59,29.2,29.38,34631901.0
2021-02-25,29.16,29.26,28.59,28.63,58536245.0
2021-02-26,28.68,28.79,27.89,27.89,77507379.0
2021-03-01,28.16,28.45,28.02,28.09,44403416.0
2021-03-02,28.08,28.46,28.08,28.22,35724601.0
2021-03-03,28.18,28.93,28.18,28.72,57266264.0
2021-03-04,28.77,29.32,28.65,28.92,60753233.0
2021-03-05,29.01,29.74,28.98,29.62,58713960.0
2021-03-08,29.54,30.39,29.42,29.99,55979250.0
2021-03-09,29.9,30.14,29.61,29.64,47952125.0
2021-03-10,29.94,30.16,29.57,29.99,43789277.0
2021-03-11,29.91,30.0,29.5,29.54,36501354.0
2021-03-12,29.9,30.86,29.72,29.81,70111224.0
2021-03-15,30.02,30.07,29.68,29.93,42404936.0
2021-03-16,29.75,30.04,29.69,29.99,37999810.0
2021-03-17,30.12,30.23,29.81,30.15,39940603.0
2021-03-18,30.07,30.5,29.99,30.01,31298169.0
2021-03-19,30.01,30.06,29.62,29.76,73685587.0
2021-03-22,29.78,30.01,29.58,29.99,31364041.0
2021-03-23,29.95,30.27,29.81,30.0,36918964.0
2021-03-24,29.98,30.29,29.97,29.99,33537445.0
2021-03-25,30.0,30.19,29.81,30.08,37010460.0
2021-03-26,30.28,30.6,30.08,30.31,62974497.0
2021-03-29,30.4,30.65,30.22,30.56,37277315.0
2021-03-30,30.61,30.74,30.4,30.73,35132972.0
2021-03-31,30.65,30.65,30.2,30.27,45302855.0
2021-04-01,30.24,30.48,30.03,30.47,32476988.0
2021-04-05,30.62,30.84,30.6,30.71,38517296.0
2021-04-06,30.71,30.98,30.69,30.98,33666426.0
2021-04-07,31.01,31.15,30.8,30.93,40650506.0
2021-04-08,30.3,30.34,29.93,30.0,49877419.0
2021-04-09,30.05,30.19,29.91,30.04,33316746.0
2021-04-12,30.01,30.16,29.9,29.96,24858831.0
2021-04-13,29.86,29.86,29.51,29.63,41385404.0
2021-04-14,29.6,29.8,29.3,29.73,31287888.0
2021-04-15,29.78,29.84,29.68,29.75,26490820.0
2021-04-16,29.91,30.03,29.84,29.95,30163100.0
2021-04-19,30.0,30.08,29.81,29.99,29788532.0
2021-04-20,29.97,30.02,29.85,29.89,27038675.0
2021-04-21,29.96,30.24,29.91,30.11,34357370.0
2021-04-22,31.3,31.89,31.15,31.36,108523112.0
2021-04-23,31.48,31.71,31.4,31.4,40369340.0
2021-04-26,31.38,31.38,30.89,30.91,45461322.0
2021-04-27,30.84,30.88,30.63,30.77,33392195.0
2021-04-28,30.97,31.15,30.9,30.96,28091351.0
2021-04-29,31.13,31.53,31.11,31.34,38477920.0
2021-04-30,31.36,31.43,31.05,31.41,31332606.0
2021-05-03,31.78,31.85,31.47,31.5,37454107.0
2021-05-04,31.6,32.08,31.55,32.02,51888680.0
2021-05-05,32.01,32.1,31.88,32.03,20518042.0
2021-05-06,32.04,32.42,31.71,32.41,29120865.0
2021-05-07,32.2,32.36,32.06,32.16,28950204.0
2021-05-10,32.33,32.9,32.26,32.63,40983553.0
2021-05-11,32.49,32.67,32.08,32.26,33399776.0
2021-05-12,32.15,32.3,31.93,31.97,31482144.0
2021-05-13,31.83,32.36,31.66,32.21,27068405.0
2021-05-14,32.33,32.55,32.22,32.24,21181778.0
2021-05-17,33.51,33.88,31.24,31.37,171457883.0
2021-05-18,29.88,30.0,28.89,29.55,247052434.0
2021-05-19,29.05,29.18,28.67,28.96,122635900.0
2021-05-20,29.01,29.7,28.91,29.64,81940197.0
2021-05-21,30.01,30.24,29.86,30.01,74587869.0
2021-05-24,30.05,30.16,29.73,29.75,47598374.0
2021-05-25,29.71,29.75,29.23,29.52,58376815.0
2021-05-26,29.5,29.64,29.38,29.55,33055738.0
2021-05-27,29.65,29.9,29.57,29.71,47450089.0
2021-05-28,29.71,29.71,29.37,29.43,40929988.0
2021-06-01,29.46,29.52,29.22,29.32,39397487.0
2021-06-02,29.3,29.64,29.15,29.61,40032951.0
2021-06-03,29.46,29.57,29.19,29.23,45912511.0
2021-06-04,29.24,29.34,29.19,29.27,34160198.0
2021-06-07,29.3,29.33,29.01,29.08,33090837.0
2021-06-08,29.03,29.04,28.73,28.98,61779960.0
2021-06-09,28.95,29.18,28.88,29.01,29228138.0
2021-06-10,29.01,29.29,29.0,29.18,34757756.0
2021-06-11,29.22,29.35,29.13,29.32,31090598.0
2021-06-14,29.23,29.27,28.96,29.09,27195073.0
2021-06-15,29.06,29.3,29.04,29.28,26212498.0
2021-06-16,29.28,29.34,28.99,29.06,30401409.0
2021-06-17,29.04,29.15,28.71,28.74,35712452.0
2021-06-18,28.63,28.77,28.41,28.65,65706189.0
2021-06-21,28.72,28.95,28.67,28.93,33607023.0
2021-06-22,28.94,29.0,28.77,28.78,31362702.0
2021-06-23,28.8,28.92,28.64,28.65,23776220.0
2021-06-24,28.71,28.84,28.61,28.79,35878560.0
2021-06-25,28.7,28.95,28.66,28.89,27975340.0
2021-06-28,28.91,28.91,28.75,28.78,27094846.0
2021-06-29,28.8,29.04,28.65,28.66,32262766.0
2021-06-30,28.66,28.86,28.65,28.78,32948476.0
2021-07-01,28.89,29.22,28.86,29.11,26395465.0
2021-07-02,29.11,29.35,29.1,29.23,28686361.0
2021-07-06,29.28,29.33,28.95,29.02,40206637.0
2021-07-07,29.03,29.07,28.86,28.93,33598447.0
2021-07-08,28.27,28.37,28.09,28.18,40019186.0
2021-07-09,28.25,28.54,28.24,28.45,34150163.0
2021-07-12,28.34,28.58,28.23,28.48,26879901.0
2021-07-13,28.48,28.62,28.22,28.27,29026579.0
2021-07-14,28.26,28.36,28.16,28.26,31965876.0
2021-07-15,28.24,28.5,28.2,28.43,27267951.0
2021-07-16,28.5,28.63,28.3,28.34,26188219.0
2021-07-19,28.11,28.2,27.5,27.79,57679269.0
2021-07-20,27.71,28.18,27.65,27.91,34763185.0
2021-07-21,28.08,28.3,27.85,27.9,30814329.0
2021-07-22,28.26,28.35,27.74,28.01,36936984.0
2021-07-23,27.97,28.21,27.94,28.15,30234130.0
2021-07-26,28.08,28.24,28.01,28.18,36555998.0
2021-07-27,28.01,28.4,27.88,28.2,34185344.0
2021-07-28,28.15,28.29,27.86,28.01,31774817.0
2021-07-29,28.19,28.45,28.11,28.29,31819474.0
2021-07-30,28.37,28.4,28.01,28.05,37502241.0
2021-08-02,28.24,28.55,28.03,28.11,32542780.0
2021-08-03,28.08,28.25,27.91,28.19,28687712.0
2021-08-04,28.04,28.12,27.81,27.85,29441177.0
2021-08-05,27.87,28.01,27.86,27.94,21025516.0
2021-08-06,27.91,28.09,27.91,27.96,23083584.0
2021-08-09,27.97,28.0,27.81,27.85,25196013.0
2021-08-10,27.82,28.11,27.77,28.09,22260375.0
2021-08-11,28.08,28.22,28.02,28.16,20500677.0
2021-08-12,28.2,28.22,27.95,28.02,19014073.0
2021-08-13,28.04,28.26,28.0,28.19,21942742.0
2021-08-16,28.14,28.29,27.98,28.2,20506969.0
2021-08-17,28.08,28.27,28.01,28.19,19910486.0
2021-08-18,28.06,28.15,27.8,27.83,27643337.0
2021-08-19,27.8,27.85,27.5,27.53,37675030.0
2021-08-20,27.52,27.84,27.43,27.57,27760041.0
2021-08-23,27.62,27.72,27.5,27.52,27958858.0
2021-08-24,27.53,27.56,27.37,27.45,29291782.0
2021-08-25,27.45,27.52,27.34,27.43,22438265.0
2021-08-26,27.4,27.42,27.01,27.02,37203441.0
2021-08-27,27.04,27.2,26.88,27.13,32240303.0
2021-08-30,27.12,27.3,27.05,27.23,30414431.0
2021-08-31,27.19,27.5,27.12,27.42,39800862.0
2021-09-01,27.44,27.46,27.14,27.19,28358226.0
2021-09-02,27.18,27.87,27.16,27.64,60977318.0
2021-09-03,27.64,27.75,27.32,27.56,27047990.0
2021-09-07,27.47,27.55,27.36,27.42,26386189.0
2021-09-08,27.46,27.74,27.46,27.6,28682982.0
2021-09-09,27.57,27.67,27.41,27.42,30065360.0
2021-09-10,27.48,27.49,27.16,27.18,28886367.0
2021-09-13,27.34,27.75,27.33,27.52,38647148.0
2021-09-14,27.55,27.61,27.25,27.33,28736152.0
2021-09-15,27.35,27.65,27.31,27.57,33641282.0
2021-09-16,27.56,27.74,27.44,27.6,28732423.0
2021-09-17,27.42,27.94,27.42,27.53,67979007.0
2021-09-20,27.32,27.37,26.94,27.21,48815322.0
2021-09-21,27.31,27.43,26.94,26.96,35589226.0
2021-09-22,27.02,27.21,26.99,27.01,31684780.0
2021-09-23,27.06,27.29,27.02,27.19,34023964.0
2021-09-24,27.15,27.38,27.1,27.13,24476239.0
2021-09-27,27.17,27.65,27.16,27.4,32153916.0
2021-09-28,27.44,27.74,27.19,27.24,32928582.0
2021-09-29,27.28,27.57,27.17,27.4,31434652.0
2021-09-30,27.48,27.51,27.01,27.01,44374495.0
2021-10-01,27.14,27.4,27.01,27.16,31540441.0
2021-10-04,27.24,27.45,27.09,27.25,43725387.0
2021-10-05,27.3,27.48,27.17,27.35,32212451.0
2021-10-06,27.26,27.34,26.97,27.31,55833607.0
2021-10-07,27.0,27.23,26.97,27.09,48642679.0
2021-10-08,27.06,27.12,26.75,26.77,38999894.0
2021-10-11,26.69,26.77,26.03,26.03,64547524.0
2021-10-12,26.02,26.03,25.36,25.43,76673706.0
2021-10-13,25.28,25.46,25.01,25.3,60836113.0
2021-10-14,25.37,25.81,25.35,25.62,56671194.0
2021-10-15,25.69,25.94,25.65,25.7,47629654.0
2021-10-18,25.56,25.65,25.28,25.33,45171917.0
2021-10-19,25.46,25.6,25.27,25.59,34926517.0
2021-10-20,25.61,26.09,25.56,25.91,48283414.0
2021-10-21,26.12,26.29,25.6,25.76,55827824.0
2021-10-22,25.76,25.8,25.47,25.49,37129283.0
2021-10-25,25.43,25.66,25.32,25.64,49626060.0
2021-10-26,25.63,25.7,25.35,25.37,36395574.0
2021-10-27,25.39,25.48,25.04,25.06,39993988.0
2021-10-28,25.13,25.64,25.09,25.55,53082648.0
2021-10-29,25.37,25.52,25.15,25.26,54211127.0
2021-11-01,25.46,25.58,25.35,25.37,40270442.0
2021-11-02,25.4,25.48,25.13,25.23,34599713.0
2021-11-03,25.12,25.33,25.11,25.18,36375002.0
2021-11-04,25.13,25.25,24.54,24.8,63091148.0
2021-11-05,24.85,25.31,24.83,25.1,44461554.0
2021-11-08,25.06,25.13,24.73,24.88,46194302.0
2021-11-09,24.82,24.85,24.58,24.71,45360680.0
2021-11-10,24.69,25.13,24.66,24.95,47032833.0
2021-11-11,24.99,25.1,24.88,24.92,30380323.0
2021-11-12,24.95,25.08,24.91,24.94,27354469.0
2021-11-15,24.97,25.05,24.74,24.8,40249427.0
2021-11-16,24.79,24.89,24.63,24.66,36376432.0
2021-11-17,24.63,24.72,24.56,24.66,32297658.0
2021-11-18,24.63,24.69,24.39,24.39,37564054.0
2021-11-19,24.32,24.34,23.96,24.13,50469648.0
2021-11-22,24.1,24.86,24.07,24.7,53938460.0
2021-11-23,24.69,24.99,24.69,24.76,44543765.0
2021-11-24,24.67,24.72,24.43,24.47,33684130.0
2021-11-26,24.06,24.32,24.01,24.22,29344081.0
2021-11-29,24.25,24.26,23.85,23.89,52454338.0
2021-11-30,23.64,23.68,22.55,22.83,139344683.0
2021-12-01,23.0,23.2,22.22,22.23,80358968.0
2021-12-02,22.28,23.26,22.28,23.05,80024826.0
2021-12-03,23.02,23.53,22.91,23.46,70543671.0
2021-12-06,23.59,23.94,23.23,23.28,59112803.0
2021-12-07,23.3,23.37,22.97,23.08,62421683.0
2021-12-08,23.02,23.57,22.98,23.17,48938067.0
2021-12-09,23.03,23.07,22.68,22.94,51573990.0
2021-12-10,22.98,23.05,22.75,22.84,40021723.0
2021-12-13,22.71,22.8,22.29,22.44,66144169.0
2021-12-14,22.39,22.73,22.25,22.29,77280236.0
2021-12-15,22.28,22.4,22.02,22.17,70727562.0
2021-12-16,22.65,23.89,22.65,23.71,113622510.0
2021-12-17,23.8,23.84,23.28,23.78,107980328.0
2021-12-20,24.03,24.29,23.75,24.19,77105998.0
2021-12-21,24.32,24.82,24.2,24.47,72902796.0
2021-12-22,24.44,24.84,24.24,24.78,51168198.0
2021-12-23,24.85,25.02,24.81,24.87,43314359.0
2021-12-27,24.87,25.09,24.63,24.78,51249008.0
2021-12-28,24.74,25.12,24.69,24.82,42075382.0
2021-12-29,24.81,24.92,24.6,24.64,33782900.0
2021-12-30,24.67,24.95,24.66,24.78,40563456.0
2021-12-31,24.72,24.83,24.57,24.6,45021229.0
2022-01-03,24.77,25.58,24.77,25.43,58183252.0
2022-01-04,25.65,25.88,25.44,25.64,55074126.0
2022-01-05,26.0,26.82,26.0,26.21,94688837.0
2022-01-06,26.71,26.79,25.94,26.11,70814332.0
2022-01-07,25.91,26.52,25.77,26.29,74142529.0
2022-01-10,26.39,26.64,26.2,26.46,58180268.0
2022-01-11,26.65,26.73,26.14,26.34,45358109.0
2022-01-12,26.28,26.51,26.15,26.45,36614634.0
2022-01-13,26.5,27.07,26.32,26.8,49097800.0
2022-01-14,26.62,27.23,26.47,27.18,54846848.0
2022-01-18,27.21,27.47,26.91,27.31,60634124.0
2022-01-19,27.45,27.48,26.78,27.28,50938308.0
2022-01-20,27.13,27.41,26.96,27.02,42038707.0
2022-01-21,26.84,27.0,26.45,26.61,60208039.0
2022-01-24,26.19,26.58,25.79,26.34,77806984.0
2022-01-25,26.16,26.61,25.7,26.48,87211019.0
2022-01-26,26.98,26.98,24.06,24.25,142184916.0
2022-01-27,24.06,24.52,23.56,24.12,88147433.0
2022-01-28,24.07,25.24,23.94,25.21,77087065.0
2022-01-31,24.97,25.54,24.62,25.5,97954487.0
2022-02-01,24.19,24.6,24.12,24.42,130356035.0
2022-02-02,24.21,24.7,24.07,24.54,70872316.0
2022-02-03,24.5,24.91,24.44,24.56,48206686.0
2022-02-04,24.51,24.54,23.98,24.08,52657999.0
2022-02-07,24.04,24.08,23.64,23.93,55263975.0
2022-02-08,23.88,24.11,23.82,23.94,31835864.0
2022-02-09,24.01,24.55,23.98,24.5,40052848.0
2022-02-10,24.46,24.65,24.21,24.25,44132811.0
2022-02-11,24.27,24.46,24.01,24.13,45381147.0
2022-02-14,24.04,24.27,23.84,24.05,43397456.0
2022-02-15,24.17,24.45,24.11,24.34,32941233.0
2022-02-16,24.17,24.34,23.78,23.94,45817558.0
2022-02-17,23.83,23.95,23.6,23.76,46610649.0
2022-02-18,23.71,23.96,23.55,23.87,47277540.0
2022-02-22,23.77,24.1,23.57,23.75,46954929.0
2022-02-23,23.8,23.93,23.41,23.51,37940472.0
2022-02-24,22.96,23.29,22.65,23.23,70215836.0
2022-02-25,23.45,24.11,23.44,23.91,44582310.0
2022-02-28,23.59,23.75,23.41,23.69,47423339.0
2022-03-01,23.61,23.76,23.17,23.53,43552392.0
2022-03-02,23.56,24.05,23.53,23.82,34459807.0
2022-03-03,23.95,24.1,23.68,23.91,37174217.0
2022-03-04,23.7,23.89,23.44,23.87,36403912.0
2022-03-07,23.67,23.86,23.48,23.57,37850050.0
2022-03-08,23.51,23.63,23.0,23.0,50813466.0
2022-03-09,23.29,23.52,23.2,23.26,43814931.0
2022-03-10,23.22,23.22,22.94,23.19,40500778.0
2022-03-11,23.6,23.7,23.15,23.19,54488069.0
2022-03-14,23.22,23.24,22.81,22.89,49609796.0
2022-03-15,22.98,23.2,22.91,23.09,35565870.0
2022-03-16,23.15,23.29,22.97,23.19,37606579.0
2022-03-17,23.12,23.27,22.94,23.19,31049115.0
2022-03-18,23.2,23.35,23.02,23.22,67598453.0
2022-03-21,23.22,23.51,23.09,23.16,38512415.0
2022-03-22,23.26,23.49,23.18,23.21,29933501.0
2022-03-23,23.21,23.45,23.17,23.21,28837059.0
2022-03-24,23.24,23.35,23.16,23.33,28110632.0
2022-03-25,23.4,23.84,23.33,23.84,31825571.0
2022-03-28,24.0,24.07,23.71,23.87,38496040.0
2022-03-29,23.94,24.06,23.85,23.99,33217435.0
2022-03-30,24.05,24.15,23.92,24.14,32012940.0
2022-03-31,24.0,24.14,23.62,23.63,52548842.0
2022-04-01,23.72,24.0,23.39,23.98,40318339.0
2022-04-04,23.85,24.2,23.57,24.18,35657235.0
2022-04-05,23.97,24.15,23.85,23.89,33184904.0
2022-04-06,23.78,24.14,23.6,24.03,37256228.0
2022-04-07,23.91,23.98,23.6,23.73,47443882.0
2022-04-08,23.67,24.24,23.54,24.14,55227397.0
2022-04-11,18.89,19.77,18.85,19.63,157485278.0
2022-04-12,19.75,20.12,19.51,19.56,104795879.0
2022-04-13,19.12,19.49,19.03,19.42,64100538.0
2022-04-14,19.32,19.59,19.21,19.54,52731119.0
2022-04-18,19.43,19.57,19.29,19.46,54812748.0
2022-04-19,19.49,19.64,19.39,19.49,57496030.0
2022-04-20,19.52,19.59,19.3,19.43,48751399.0
2022-04-21,19.68,20.35,19.63,20.21,81259770.0
2022-04-22,20.05,20.05,19.5,19.52,68483566.0
2022-04-25,19.77,19.89,19.11,19.51,71861412.0
2022-04-26,19.45,19.65,19.3,19.3,50825858.0
2022-04-27,19.23,19.36,18.99,19.07,66767014.0
2022-04-28,19.25,19.59,19.1,19.42,67479409.0
2022-04-29,19.36,19.37,18.81,18.86,70195438.0
2022-05-02,19.0,19.39,18.86,19.12,67551591.0
2022-05-03,19.18,19.68,19.04,19.33,62675309.0
2022-05-04,19.28,19.98,19.21,19.95,60771845.0
2022-05-05,19.74,19.99,19.68,19.95,55503880.0
2022-05-06,19.8,20.11,19.66,20.03,51506825.0
2022-05-09,19.98,20.04,19.47,19.55,51563301.0
2022-05-10,19.66,19.85,19.24,19.36,42465876.0
2022-05-11,19.5,19.66,19.29,19.43,50074173.0
2022-05-12,19.4,19.74,19.39,19.72,52686961.0
2022-05-13,19.74,19.86,19.54,19.84,34107316.0
2022-05-16,19.93,20.38,19.68,20.28,40026961.0
2022-05-17,20.4,20.67,20.24,20.57,42938444.0
2022-05-18,20.51,20.63,20.13,20.23,43342780.0
2022-05-19,19.92,20.34,19.91,20.21,41588106.0
2022-05-20,20.21,20.42,20.09,20.4,47415765.0
2022-05-23,20.53,20.91,20.42,20.74,46775082.0
2022-05-24,20.8,21.23,20.6,21.16,49841239.0
2022-05-25,21.12,21.37,21.06,21.3,40179427.0
2022-05-26,21.38,21.53,21.27,21.32,28495526.0
2022-05-27,21.31,21.41,21.15,21.29,34169573.0
2022-05-31,21.19,21.43,20.97,21.29,61515254.0
2022-06-01,21.44,21.47,21.12,21.22,35928933.0
2022-06-02,21.26,21.26,20.94,21.19,27085159.0
2022-06-03,21.06,21.15,20.8,20.9,27796852.0
2022-06-06,20.92,21.05,20.83,20.94,22002924.0
2022-06-07,20.9,21.19,20.77,21.14,24977744.0
2022-06-08,21.09,21.2,20.99,21.05,20732913.0
2022-06-09,21.02,21.16,20.87,20.88,24941249.0
2022-06-10,20.68,20.85,20.63,20.69,33584188.0
2022-06-13,20.4,20.49,19.68,19.76,56215858.0
2022-06-14,19.88,19.96,19.3,19.45,42638297.0
2022-06-15,19.6,19.71,19.18,19.44,38941850.0
2022-06-16,19.28,19.29,18.67,18.96,67896413.0
2022-06-17,19.14,19.42,19.0,19.38,97645449.0
2022-06-21,19.64,20.05,19.47,19.96,49307689.0
2022-06-22,19.85,20.55,19.82,20.32,46613865.0
2022-06-23,20.43,20.78,20.08,20.61,51713608.0
2022-06-24,20.7,21.06,20.51,20.99,47641663.0
2022-06-27,20.95,21.04,20.67,20.78,32339898.0
2022-06-28,20.93,21.06,20.6,20.61,26760572.0
2022-06-29,20.67,21.02,20.54,20.95,26585678.0
2022-06-30,20.79,21.15,20.75,20.96,37655687.0
2022-07-01,20.97,21.39,20.87,21.31,32762530.0
2022-07-05,21.13,21.19,20.77,21.17,36980603.0
2022-07-06,21.17,21.23,20.89,21.09,27644985.0
2022-07-07,21.17,21.32,21.03,21.15,27015412.0
2022-07-08,20.93,21.06,20.75,20.8,22366311.0
2022-07-11,20.71,20.86,20.63,20.66,23340969.0
2022-07-12,20.63,20.86,20.45,20.6,26448049.0
2022-07-13,20.45,20.6,20.23,20.45,25213051.0
2022-07-14,20.13,20.35,20.05,20.33,26620991.0
2022-07-15,20.54,20.59,20.21,20.57,23838015.0
2022-07-18,20.63,20.69,20.51,20.53,22507373.0
2022-07-19,20.6,20.86,20.53,20.8,21813064.0
2022-07-20,20.82,20.83,20.4,20.48,34207151.0
2022-07-21,19.04,19.12,18.24,18.92,123409020.0
2022-07-22,18.66,18.69,18.25,18.4,72016305.0
2022-07-25,18.38,18.65,18.33,18.53,39493055.0
2022-07-26,18.4,18.45,18.18,18.3,38885023.0
2022-07-27,18.35,18.49,18.23,18.39,36607436.0
2022-07-28,18.3,18.77,18.29,18.58,41940101.0
2022-07-29,18.51,18.85,18.48,18.78,40819755.0
2022-08-01,18.85,18.87,18.61,18.73,37087767.0
2022-08-02,18.72,18.74,18.32,18.36,43625163.0
2022-08-03,18.42,18.5,18.31,18.37,35524333.0
2022-08-04,18.31,18.38,18.22,18.27,28287824.0
2022-08-05,18.27,18.36,18.09,18.35,32726396.0
2022-08-08,18.36,18.41,18.0,18.0,44081700.0
2022-08-09,18.04,18.22,18.04,18.1,33257462.0
2022-08-10,18.22,18.25,17.99,18.01,50229507.0
2022-08-11,18.06,18.17,18.01,18.04,40798898.0
2022-08-12,18.1,18.27,18.09,18.27,25822303.0
2022-08-15,18.19,18.46,18.19,18.39,28845380.0
2022-08-16,18.37,18.7,18.37,18.57,34240980.0
2022-08-17,18.42,18.61,18.32,18.42,23772331.0
2022-08-18,18.26,18.53,18.18,18.43,33817371.0
2022-08-19,18.38,18.51,18.32,18.43,27161443.0
2022-08-22,18.31,18.33,18.07,18.13,32057068.0
2022-08-23,18.11,18.19,18.02,18.06,27298198.0
2022-08-24,18.07,18.07,17.86,18.01,30647745.0
2022-08-25,18.05,18.1,17.94,18.09,25198614.0
2022-08-26,18.02,18.09,17.85,17.89,30590663.0
2022-08-29,17.81,17.92,17.71,17.78,25465384.0
2022-08-30,17.81,17.9,17.75,17.82,32481912.0
2022-08-31,17.82,17.86,17.5,17.54,46669909.0
2022-09-01,17.49,17.67,17.41,17.5,30623244.0
2022-09-02,17.57,17.61,17.16,17.19,36489608.0
2022-09-06,17.2,17.23,16.78,16.79,57232550.0
2022-09-07,16.76,17.14,16.68,16.87,55566578.0
2022-09-08,16.86,16.93,16.7,16.77,49770857.0
2022-09-09,16.92,17.07,16.86,17.03,55150785.0
2022-09-12,17.07,17.4,17.03,17.38,43425012.0
2022-09-13,17.18,17.32,16.78,16.83,42274585.0
2022-09-14,16.89,16.92,16.7,16.77,41000337.0
2022-09-15,16.83,16.92,16.63,16.76,38637255.0
2022-09-16,16.67,16.81,16.55,16.74,69825935.0
2022-09-19,16.63,16.86,16.58,16.76,33805281.0
2022-09-20,16.65,16.65,16.46,16.56,36187487.0
2022-09-21,16.58,16.66,16.25,16.25,38815583.0
2022-09-22,16.26,16.38,16.14,16.24,37800352.0
2022-09-23,16.1,16.13,15.85,16.01,46225624.0
2022-09-26,15.91,15.98,15.58,15.67,46841195.0
2022-09-27,15.81,16.03,15.67,15.73,41183424.0
2022-09-28,15.78,15.92,15.71,15.83,42670752.0
2022-09-29,15.67,15.75,15.41,15.53,51308347.0
2022-09-30,15.53,15.68,15.34,15.34,63932744.0
2022-10-03,15.73,16.18,15.66,15.9,59540471.0
2022-10-04,15.99,16.15,15.89,16.09,46876220.0
2022-10-05,15.97,16.14,15.76,15.93,38250090.0
2022-10-06,15.64,15.81,15.31,15.32,52923865.0
2022-10-07,15.23,15.24,14.9,14.94,53446897.0
2022-10-10,15.0,15.13,14.76,14.9,43852638.0
2022-10-11,14.85,14.91,14.68,14.81,49661493.0
2022-10-12,14.76,14.94,14.62,14.63,46719587.0
2022-10-13,14.49,15.15,14.46,15.12,60354521.0
2022-10-14,15.19,15.27,14.97,14.99,47240338.0
2022-10-17,15.14,15.4,15.08,15.31,44240705.0
2022-10-18,15.56,15.7,15.45,15.6,49420243.0
2022-10-19,15.46,15.76,15.4,15.54,47349092.0
2022-10-20,16.21,17.16,16.12,16.74,117495741.0
2022-10-21,16.83,17.4,16.77,17.1,81050681.0
2022-10-24,17.43,17.85,17.39,17.51,69196482.0
2022-10-25,17.53,17.89,17.5,17.69,58235104.0
2022-10-26,17.85,18.24,17.76,18.14,65201017.0
2022-10-27,18.35,18.35,17.99,18.03,53975498.0
2022-10-28,18.28,18.59,18.23,18.48,55833922.0
2022-10-31,18.35,18.39,18.13,18.23,47573949.0
2022-11-01,18.57,18.58,18.24,18.35,48025723.0
2022-11-02,18.27,18.8,18.27,18.43,49201073.0
2022-11-03,18.17,18.33,18.07,18.17,41249439.0
2022-11-04,18.34,18.41,18.09,18.32,39458723.0
2022-11-07,18.34,18.4,18.15,18.36,39985216.0
2022-11-08,18.38,18.73,18.3,18.57,43210379.0
2022-11-09,18.48,18.72,18.38,18.38,41838444.0
2022-11-10,18.83,18.97,18.58,18.84,46482727.0
2022-11-11,18.82,19.13,18.78,19.05,52519514.0
2022-11-14,19.08,19.36,19.04,19.06,37316467.0
2022-11-15,19.12,19.39,18.81,19.02,49339280.0
2022-11-16,19.0,19.05,18.78,18.93,32155441.0
2022-11-17,18.71,18.99,18.52,18.95,36007803.0
2022-11-18,19.04,19.12,18.92,18.97,34211309.0
2022-11-21,18.98,19.08,18.76,18.84,31911448.0
2022-11-22,18.9,19.04,18.89,19.0,33770953.0
2022-11-23,18.93,19.12,18.89,19.09,21486024.0
2022-11-25,19.17,19.29,19.07,19.12,13782713.0
2022-11-28,19.1,19.15,18.77,18.82,27787847.0
2022-11-29,18.79,19.03,18.75,19.01,24087955.0
2022-11-30,18.94,19.28,18.8,19.28,59293423.0
2022-12-01,19.29,19.4,19.09,19.19,31615469.0
2022-12-02,19.05,19.06,18.86,19.02,33479648.0
2022-12-05,18.92,18.98,18.69,18.75,28698037.0
2022-12-06,18.89,19.18,18.81,19.17,45858132.0
2022-12-07,19.05,19.42,19.0,19.3,45381037.0
2022-12-08,19.43,19.52,19.02,19.12,45761101.0
2022-12-09,19.07,19.35,19.03,19.09,29815562.0
2022-12-12,19.14,19.31,19.07,19.3,31333483.0
2022-12-13,19.41,19.5,19.07,19.12,54142090.0
2022-12-14,19.05,19.1,18.76,18.9,44027741.0
2022-12-15,18.64,18.81,18.36,18.47,47282183.0
2022-12-16,18.36,18.51,18.22,18.49,76412515.0
2022-12-19,18.27,18.32,17.64,17.86,62216947.0
2022-12-20,17.85,18.09,17.83,18.07,40922709.0
2022-12-21,18.18,18.27,18.07,18.15,42316196.0
2022-12-22,18.01,18.28,17.92,18.27,32614993.0
2022-12-23,18.17,18.32,18.1,18.31,25164051.0
2022-12-27,18.25,18.52,18.22,18.46,30382455.0
2022-12-28,18.45,18.55,18.19,18.22,26632293.0
2022-12-29,18.27,18.55,18.24,18.45,23765855.0
2022-12-30,18.42,18.48,18.22,18.41,26204237.0
2023-01-03,18.51,18.85,18.41,18.74,42149170.0
2023-01-04,18.87,19.37,18.81,19.14,43926755.0
2023-01-05,19.14,19.32,18.96,19.21,31081839.0
2023-01-06,19.35,19.79,19.34,19.53,36050329.0
2023-01-09,19.24,19.24,18.98,19.04,51981064.0
2023-01-10,19.35,19.48,19.2,19.47,32869494.0
2023-01-11,19.47,19.49,19.25,19.41,30010227.0
2023-01-12,19.48,19.57,19.37,19.41,31740354.0
2023-01-13,19.39,19.59,19.29,19.55,25479977.0
2023-01-17,19.55,19.57,19.27,19.33,38801049.0
2023-01-18,19.29,19.33,18.97,19.02,38023707.0
2023-01-19,18.93,19.02,18.79,18.94,40180782.0
2023-01-20,18.96,19.23,18.77,19.23,37836624.0
2023-01-23,19.23,19.4,18.98,19.1,32890784.0
2023-01-24,18.97,22.84,15.15,19.16,32858473.0
2023-01-25,19.75,20.48,19.74,20.42,73582116.0
2023-01-26,20.27,20.32,19.81,20.0,47400914.0
2023-01-27,19.95,20.1,19.81,19.95,37093996.0
2023-01-30,19.92,20.26,19.89,20.16,37245959.0
2023-01-31,20.16,20.38,20.07,20.37,36575932.0
2023-02-01,20.47,20.5,20.07,20.18,40172549.0
2023-02-02,20.1,20.49,20.04,20.28,34968831.0
2023-02-03,20.22,20.26,19.78,19.83,31599941.0
2023-02-06,19.75,19.76,19.49,19.58,30929765.0
2023-02-07,19.49,19.54,19.09,19.25,36534418.0
2023-02-08,19.09,19.22,19.02,19.16,29805219.0
2023-02-09,19.21,19.25,18.89,18.97,28320910.0
2023-02-10,19.03,19.11,18.83,19.07,24931150.0
2023-02-13,19.01,19.32,18.99,19.26,21668665.0
2023-02-14,19.3,19.35,19.03,19.15,23195192.0
2023-02-15,19.01,19.27,18.99,19.25,31155538.0
2023-02-16,19.04,19.42,18.93,19.26,35161148.0
2023-02-17,19.26,19.51,19.13,19.44,29997547.0
2023-02-21,19.22,19.36,19.13,19.21,28220330.0
2023-02-22,19.22,19.43,19.22,19.38,25308792.0
2023-02-23,19.42,19.58,19.26,19.35,24845773.0
2023-02-24,19.26,19.27,18.98,19.24,29138136.0
2023-02-27,19.3,19.34,19.01,19.03,22981105.0
2023-02-28,19.02,19.03,18.84,18.91,34154826.0
2023-03-01,18.83,18.86,18.56,18.66,23339850.0
2023-03-02,18.53,18.75,18.5,18.66,24188168.0
2023-03-03,18.7,18.85,18.67,18.81,23501477.0
2023-03-06,18.85,18.96,18.77,18.77,24072147.0
2023-03-07,18.8,18.93,18.6,18.71,27944036.0
2023-03-08,18.57,18.64,18.18,18.61,31510317.0
2023-03-09,18.7,18.7,18.31,18.32,24711104.0
2023-03-10,18.28,18.49,18.24,18.43,32018524.0
2023-03-13,18.27,18.66,18.22,18.3,39834982.0
2023-03-14,18.37,18.51,18.21,18.44,32076205.0
2023-03-15,18.2,18.34,18.06,18.31,34436388.0
2023-03-16,18.23,18.43,18.07,18.39,31733375.0
2023-03-17,18.32,18.35,18.03,18.13,58728602.0
2023-03-20,18.27,18.58,18.22,18.49,27382101.0
2023-03-21,18.68,18.72,18.44,18.54,24313184.0
2023-03-22,18.61,18.72,18.38,18.39,21071095.0
2023-03-23,18.41,18.57,18.34,18.46,28957808.0
2023-03-24,18.45,18.66,18.35,18.61,32061597.0
2023-03-27,18.74,18.95,18.71,18.87,26650453.0
2023-03-28,18.84,18.99,18.72,18.72,21547161.0
2023-03-29,18.86,19.05,18.83,19.0,23149448.0
2023-03-30,19.01,19.14,18.98,19.08,19736256.0
2023-03-31,19.12,19.25,19.03,19.25,27130925.0
2023-04-03,19.27,19.48,19.2,19.39,31102535.0
2023-04-04,19.52,19.65,19.39,19.64,34207621.0
2023-04-05,19.62,19.93,19.59,19.88,38673247.0
2023-04-06,19.65,19.79,19.51,19.65,29722558.0
2023-04-10,19.47,19.6,19.42,19.57,23617542.0
2023-04-11,19.59,19.91,19.58,19.69,24664840.0
2023-04-12,19.79,19.88,19.65,19.77,28179531.0
2023-04-13,19.85,19.98,19.66,19.96,25253874.0
2023-04-14,19.95,19.99,19.77,19.93,24948446.0
2023-04-17,19.9,19.92,19.65,19.79,23443916.0
2023-04-18,19.83,19.87,19.65,19.82,28517402.0
2023-04-19,19.78,19.83,19.61,19.7,31537199.0
2023-04-20,18.71,18.72,17.56,17.65,129904844.0
2023-04-21,17.87,18.4,17.83,18.22,76810214.0
2023-04-24,18.09,18.12,17.51,17.53,60001379.0
2023-04-25,17.51,17.77,17.45,17.51,46691792.0
2023-04-26,17.39,17.66,17.19,17.2,42482881.0
2023-04-27,17.38,17.63,17.36,17.61,36926914.0
2023-04-28,17.42,17.75,17.38,17.67,40675800.0
2023-05-01,17.74,17.76,17.49,17.5,35510207.0
2023-05-02,17.36,17.43,17.03,17.07,39398107.0
2023-05-03,17.15,17.25,17.07,17.09,32213142.0
2023-05-04,17.02,17.08,16.85,16.91,27422691.0
2023-05-05,16.98,17.13,16.88,17.13,23712264.0
2023-05-08,17.01,17.17,16.95,17.12,32091038.0
2023-05-09,17.1,17.11,16.91,17.02,29058356.0
2023-05-10,17.06,17.1,16.86,17.04,32892425.0
2023-05-11,16.95,17.0,16.88,16.96,21332611.0
2023-05-12,17.0,17.19,16.95,17.03,27280574.0
2023-05-15,17.0,17.1,16.94,16.95,28697250.0
2023-05-16,16.93,16.94,16.51,16.53,31200292.0
2023-05-17,16.66,16.75,16.55,16.66,34154737.0
2023-05-18,16.6,16.65,16.37,16.55,39142046.0
2023-05-19,16.59,16.65,16.29,16.31,46679368.0
2023-05-22,16.35,16.43,16.16,16.38,42251592.0
2023-05-23,16.26,16.3,16.07,16.1,45314834.0
2023-05-24,16.11,16.12,15.95,15.95,34236861.0
2023-05-25,15.67,15.67,15.0,15.15,102758196.0
2023-05-26,15.23,15.62,15.18,15.5,50164934.0
2023-05-30,15.49,15.69,15.42,15.64,35346736.0
2023-05-31,15.66,15.87,15.62,15.73,70109396.0
2023-06-01,15.75,15.87,15.63,15.81,31363773.0
2023-06-02,15.08,15.42,14.85,15.21,105292874.0
2023-06-05,15.33,15.44,15.25,15.39,39528290.0
2023-06-06,15.46,15.75,15.36,15.67,39037180.0
2023-06-07,15.63,16.12,15.57,16.1,43584209.0
2023-06-08,16.04,16.08,15.88,16.07,32833653.0
2023-06-09,16.01,16.13,15.91,15.95,24666316.0
2023-06-12,15.95,16.0,15.82,15.93,27544049.0
2023-06-13,15.8,15.97,15.68,15.82,41578194.0
2023-06-14,15.9,16.02,15.82,15.84,26782423.0
2023-06-15,15.88,16.1,15.79,16.03,30535162.0
2023-06-16,16.1,16.13,15.96,16.06,64149044.0
2023-06-20,16.02,16.08,15.77,15.78,35360536.0
2023-06-21,15.7,15.72,15.49,15.61,40676424.0
2023-06-22,15.57,15.64,15.47,15.58,30281623.0
2023-06-23,15.63,15.73,15.42,15.45,37408525.0
2023-06-26,15.46,15.65,15.43,15.63,28616621.0
2023-06-27,15.55,15.89,15.53,15.84,31456985.0
2023-06-28,15.81,15.84,15.61,15.78,26156374.0
2023-06-29,15.74,16.01,15.74,15.98,27298284.0
2023-06-30,16.0,16.04,15.83,15.95,40465311.0
2023-07-03,15.95,16.12,15.95,16.12,18424159.0
2023-07-05,16.08,16.23,16.0,16.07,32988063.0
2023-07-06,16.01,16.03,15.84,15.87,33351015.0
2023-07-07,15.54,15.75,15.53,15.61,28998267.0
2023-07-10,15.52,15.55,15.22,15.27,45305500.0
2023-07-11,15.29,15.35,15.11,15.23,39687999.0
2023-07-12,15.24,15.27,15.1,15.12,46478345.0
2023-07-13,15.14,15.17,15.01,15.12,40508184.0
2023-07-14,14.8,14.81,14.29,14.5,101745447.0
2023-07-17,14.12,14.21,13.48,13.53,160933417.0
2023-07-18,13.53,13.99,13.43,13.45,132538732.0
2023-07-19,14.32,14.64,14.27,14.59,142144700.0
2023-07-20,14.59,14.66,14.45,14.66,76867898.0
2023-07-21,14.61,14.78,14.6,14.76,49225391.0
2023-07-24,14.78,15.09,14.78,14.95,49475738.0
2023-07-25,15.08,15.11,14.72,14.8,59669837.0
2023-07-26,14.91,14.97,14.53,14.89,63191544.0
2023-07-27,14.89,14.92,14.5,14.51,65495958.0
2023-07-28,14.59,14.67,14.44,14.45,51420561.0
2023-07-31,14.46,14.59,14.41,14.52,47585574.0
2023-08-01,14.56,14.57,14.26,14.3,46332985.0
2023-08-02,14.29,14.56,14.21,14.35,41739077.0
2023-08-03,14.24,14.26,14.03,14.09,40848091.0
2023-08-04,14.05,14.11,14.0,14.0,38965007.0
2023-08-07,14.01,14.09,13.89,14.01,38109902.0
2023-08-08,13.94,14.2,13.94,14.18,39075057.0
2023-08-09,14.17,14.35,14.15,14.27,33951700.0
2023-08-10,14.29,14.35,14.17,14.17,33556423.0
2023-08-11,14.15,14.4,14.12,14.37,31237083.0
2023-08-14,14.31,14.37,14.18,14.26,26901398.0
2023-08-15,14.2,14.21,14.1,14.14,26393583.0
2023-08-16,14.15,14.19,14.01,14.1,29440328.0
2023-08-17,14.13,14.16,13.99,14.01,36036709.0
2023-08-18,13.97,14.14,13.95,14.05,32213555.0
2023-08-21,14.02,14.14,13.92,14.1,47841439.0
2023-08-22,14.09,14.32,14.03,14.26,43201018.0
2023-08-23,14.26,14.35,14.14,14.16,29371062.0
2023-08-24,14.04,14.28,14.04,14.15,29780078.0
2023-08-25,14.17,14.21,14.05,14.11,22107740.0
2023-08-28,14.18,14.27,14.11,14.21,30173724.0
2023-08-29,14.45,14.81,14.45,14.77,45429008.0
2023-08-30,14.88,14.99,14.7,14.73,26065343.0
2023-08-31,14.8,14.88,14.7,14.79,45406173.0
2023-09-01,14.81,14.86,14.64,14.65,20292900.0
2023-09-05,14.65,14.75,14.47,14.48,28402921.0
2023-09-06,14.43,14.75,14.32,14.61,43010140.0
2023-09-07,14.6,14.76,14.55,14.61,30699115.0
2023-09-08,14.61,14.61,14.36,14.4,28287768.0
2023-09-11,14.47,14.59,14.44,14.52,28625021.0
2023-09-12,14.53,14.57,14.38,14.46,27383338.0
2023-09-13,14.55,14.68,14.47,14.62,30916587.0
2023-09-14,14.9,15.16,14.87,15.06,55154996.0
2023-09-15,15.0,15.3,14.96,15.23,80594245.0
2023-09-18,15.17,15.22,15.02,15.09,29972535.0
2023-09-19,15.06,15.25,15.05,15.21,33196722.0
2023-09-20,15.28,15.73,15.27,15.55,45303595.0
2023-09-21,15.41,15.54,15.29,15.31,33709196.0
2023-09-22,15.33,15.36,15.05,15.12,33967661.0
2023-09-25,15.05,15.11,14.85,15.06,30428694.0
2023-09-26,14.8,15.08,14.67,15.02,35411976.0
2023-09-27,15.01,15.01,14.8,14.87,27561603.0
2023-09-28,14.89,15.02,14.88,15.01,27817623.0
2023-09-29,15.04,15.1,14.91,15.02,29640866.0
2023-10-02,15.04,15.09,14.66,14.67,36600218.0
2023-10-03,14.67,14.82,14.58,14.78,36830846.0
2023-10-04,14.66,14.73,14.45,14.65,37089003.0
2023-10-05,14.63,14.88,14.63,14.83,32171501.0
2023-10-06,14.42,14.51,14.12,14.45,53313473.0
2023-10-09,14.47,14.75,14.46,14.73,30659763.0
2023-10-10,14.69,14.98,14.69,14.96,35746767.0
2023-10-11,14.95,15.05,14.68,14.77,31793518.0
2023-10-12,14.64,14.67,14.28,14.45,38543666.0
2023-10-13,14.48,14.63,14.32,14.36,34127248.0
2023-10-16,14.4,14.5,14.23,14.41,31727891.0
2023-10-17,14.32,14.59,14.29,14.58,34771816.0
2023-10-18,14.47,14.53,14.31,14.32,36230867.0
2023-10-19,15.37,15.66,15.16,15.26,97636470.0
2023-10-20,15.19,15.91,15.19,15.38,68058260.0
2023-10-23,15.37,15.38,14.86,14.95,53938561.0
2023-10-24,15.18,15.57,15.18,15.53,66404195.0
2023-10-25,15.5,15.585,15.07,15.19,42605642.0
2023-10-26,15.17,15.29,14.98,15.12,41165104.0
2023-10-27,15.1,15.18,14.74,14.82,35848968.0
2023-10-30,14.95,15.38,14.91,15.26,41831936.0
2023-10-31,15.28,15.44,15.25,15.4,33688354.0
2023-11-01,15.49,15.7,15.43,15.58,41502544.0
2023-11-02,15.62,15.78,15.56,15.73,35788683.0
2023-11-03,15.9,16.04,15.83,15.88,42807458.0
2023-11-06,15.83,15.895,15.64,15.75,32805448.0
2023-11-07,15.71,15.96,15.71,15.84,26425500.0
2023-11-08,15.84,15.84,15.58,15.65,28224188.0
2023-11-09,15.68,15.75,15.55,15.63,26080794.0
2023-11-10,15.68,15.74,15.46,15.64,23758927.0
2023-11-13,15.61,15.74,15.51,15.58,23875961.0
2023-11-14,15.7,15.75,15.515,15.63,31504198.0
2023-11-15,15.65,15.8,15.64,15.76,25233515.0
2023-11-16,15.88,15.93,15.75,15.88,26214108.0
2023-11-17,15.91,15.96,15.84,15.9,27168798.0
2023-11-20,15.9,16.17,15.85,16.1,30874061.0
2023-11-21,16.07,16.25,16.025,16.19,25679974.0
2023-11-22,16.25,16.28,16.1,16.17,21305814.0
2023-11-24,16.21,16.32,16.19,16.21,12360706.0
2023-11-27,16.19,16.27,16.085,16.21,29976124.0
2023-11-28,16.17,16.2,16.03,16.18,24258347.0
2023-11-29,16.19,16.33,16.15,16.3,26623380.0
2023-11-30,16.29,16.6,16.29,16.57,50629892.0
2023-12-01,16.6,16.77,16.525,16.76,35407170.0
2023-12-04,16.6,16.77,16.55,16.66,40542131.0
2023-12-05,16.98,17.34,16.96,17.22,72090974.0
2023-12-06,17.17,17.28,16.855,16.94,45867448.0
2023-12-07,17.02,17.13,16.9,17.09,31308987.0
2023-12-08,17.09,17.11,16.81,16.92,42137112.0
2023-12-11,16.91,16.94,16.53,16.62,43834933.0
2023-12-12,16.56,16.58,16.34,16.41,41348756.0
2023-12-13,16.33,16.5,16.1,16.45,53889409.0
2023-12-14,16.51,16.81,16.51,16.65,54484889.0
2023-12-15,16.52,16.655,16.45,16.52,65906378.0
2023-12-18,16.6,16.75,16.41,16.46,34621737.0
2023-12-19,16.43,16.62,16.41,16.61,28077369.0
2023-12-20,16.57,16.611,16.4,16.4,33476242.0
2023-12-21,16.47,16.51,16.35,16.49,36327830.0
2023-12-22,16.5,16.73,16.5,16.55,26740301.0
2023-12-26,16.5,16.61,16.44,16.57,22750382.0
2023-12-27,16.49,16.617,16.45,16.58,27728714.0
2023-12-28,16.54,16.87,16.53,16.74,32112851.0
2023-12-29,16.63,16.83,16.61,16.78,33285405.0
2024-01-02,16.84,17.38,16.83,17.25,47624336.0
2024-01-03,17.32,17.375,17.22,17.23,33612239.0
2024-01-04,17.26,17.3,17.15,17.15,35703515.0
2024-01-05,17.16,17.515,17.095,17.47,33311337.0
2024-01-08,17.45,17.485,17.24,17.32,41215104.0
2024-01-09,16.97,16.98,16.83,16.95,30338333.0
2024-01-10,16.9,16.9,16.76,16.87,26893664.0
2024-01-11,16.8,16.8,16.15,16.23,59137482.0
2024-01-12,16.34,16.62,16.325,16.48,32658837.0
2024-01-16,16.42,16.6,16.34,16.44,39033365.0
2024-01-17,16.38,16.63,16.35,16.41,39260687.0
2024-01-18,16.29,16.42,16.19,16.4,35127663.0
2024-01-19,16.66,16.78,16.395,16.67,52563025.0
2024-01-22,16.72,16.9,16.64,16.8,44093337.0
2024-01-23,17.04,17.25,16.98,17.19,59712988.0
2024-01-24,16.56,17.039,16.46,16.68,79216981.0
2024-01-25,16.77,17.19,16.69,17.18,54457867.0
2024-01-26,17.15,17.38,17.12,17.29,38567301.0
2024-01-29,17.22,17.28,17.05,17.25,38264828.0
2024-01-30,17.25,17.59,17.18,17.53,54946231.0
2024-01-31,17.51,17.82,17.5,17.69,52968145.0
2024-02-01,18.09,18.155,17.82,18.04,71660403.0
2024-02-02,17.935,17.98,17.755,17.83,33248174.0
2024-02-05,17.71,17.87,17.58,17.73,31496582.0
2024-02-06,17.66,17.77,17.55,17.61,25743133.0
2024-02-07,17.6,17.62,17.3,17.33,33871765.0
2024-02-08,17.3,17.3,16.74,16.82,66974946.0
2024-02-09,16.79,16.88,16.57,16.84,44427048.0
2024-02-12,16.84,17.06,16.76,17.02,31151103.0
2024-02-13,17.02,17.2,16.75,16.9,29734201.0
2024-02-14,16.97,17.09,16.84,16.91,26468015.0
2024-02-15,16.94,17.22,16.94,17.09,25926726.0
2024-02-16,16.95,17.07,16.76,16.97,28848846.0
2024-02-20,16.88,17.13,16.87,16.91,29103874.0
2024-02-21,16.92,17.01,16.84,17.0,22650669.0
2024-02-22,16.77,16.77,16.42,16.59,59974375.0
2024-02-23,16.63,16.86,16.54,16.8,32270828.0
2024-02-26,16.8,16.83,16.52,16.6,26815783.0
2024-02-27,16.61,16.85,16.54,16.83,28350767.0
2024-02-28,16.82,17.04,16.81,16.96,33530951.0
2024-02-29,17.02,17.12,16.91,16.93,46155202.0
2024-03-01,16.87,17.05,16.81,16.98,27552686.0
2024-03-04,16.87,16.985,16.71,16.8,32690451.0
2024-03-05,17.03,17.355,17.0,17.17,43337772.0
2024-03-06,17.1,17.22,17.025,17.18,35355970.0
2024-03-07,17.19,17.3,17.01,17.05,27325103.0
2024-03-08,17.06,17.32,16.975,17.2,30812907.0
2024-03-11,17.22,17.44,17.22,17.33,29541451.0
2024-03-12,17.3,17.34,17.17,17.2,38700453.0
2024-03-13,17.27,17.435,17.13,17.19,32339739.0
2024-03-14,17.15,17.17,16.83,17.01,37237513.0
2024-03-15,16.89,17.14,16.885,17.05,93104714.0
2024-03-18,17.1,17.32,16.93,17.3,35176844.0
2024-03-19,17.3,17.315,17.155,17.17,26144577.0
2024-03-20,17.12,17.31,17.08,17.21,28961604.0
2024-03-21,17.19,17.2699,17.06,17.16,34446600.0
2024-03-22,17.19,17.2,16.98,16.98,26169942.0
2024-03-25,17.035,17.13,16.965,17.12,30944557.0
2024-03-26,17.13,17.28,17.045,17.18,33048344.0
2024-03-27,17.29,17.59,17.29,17.55,37488360.0
2024-03-28,17.55,17.7,17.52,17.6,33461501.0
2024-04-01,17.19,17.54,17.15,17.5,31980058.0
2024-04-02,17.48,17.7,17.48,17.52,40169511.0
2024-04-03,17.59,17.71,17.49,17.61,38155914.0
2024-04-04,17.62,17.88,17.56,17.57,31850269.0
2024-04-05,17.52,17.54,17.28,17.42,37768986.0
2024-04-08,17.4,17.46,17.22,17.25,27372186.0
2024-04-09,17.0,17.08,16.81,16.9,32802499.0
2024-04-10,16.77,16.79,16.51,16.73,39046811.0
2024-04-11,16.67,16.7,16.42,16.42,40831195.0
2024-04-12,16.41,16.46,16.25,16.31,41785200.0
2024-04-15,16.46,16.54,16.13,16.24,40249909.0
2024-04-16,16.22,16.23,15.94,16.09,56368796.0
2024-04-17,16.11,16.25,16.06,16.12,27177523.0
2024-04-18,16.11,16.35,16.09,16.33,29566457.0
2024-04-19,16.33,16.53,16.26,16.51,45820353.0
2024-04-22,16.69,16.73,16.17,16.31,54178101.0
2024-04-23,16.38,16.53,16.29,16.5,47804980.0
2024-04-24,16.9,17.03,16.38,16.81,74197830.0
2024-04-25,16.7,17.0,16.5,16.58,46680422.0
2024-04-26,16.47,16.88,16.39,16.75,37852681.0
2024-04-29,16.99,17.28,16.99,17.02,43593396.0
2024-04-30,16.91,16.98,16.8,16.89,31822752.0
2024-05-01,16.83,17.1,16.78,16.92,39355576.0
2024-05-02,16.99,16.99,16.73,16.82,32204956.0
2024-05-03,16.82,16.92,16.73,16.85,24022904.0
2024-05-06,16.95,17.04,16.91,16.99,24181847.0
2024-05-07,17.06,17.21,17.0,17.08,28086647.0
2024-05-08,17.03,17.2,17.0,17.11,25292002.0
2024-05-09,17.1,17.19,17.04,17.18,22547632.0
2024-05-10,17.2,17.22,17.12,17.17,19229539.0
2024-05-13,17.18,17.34,17.15,17.26,28014670.0
2024-05-14,17.28,17.34,17.22,17.3,23545315.0
2024-05-15,17.35,17.44,17.18,17.33,30877838.0
2024-05-16,17.31,17.37,17.15,17.3,24686127.0
2024-05-17,17.4,17.41,17.26,17.4,25891141.0
2024-05-20,17.38,17.56,17.355,17.52,28266548.0
2024-05-21,17.51,17.52,17.14,17.27,31173258.0
2024-05-22,17.19,17.51,17.185,17.5,30647323.0
2024-05-23,17.4,17.51,17.32,17.47,32477428.0
2024-05-24,17.49,17.61,17.4201,17.5,24995941.0
2024-05-28,17.46,17.525,17.2,17.27,25458293.0
2024-05-29,17.25,17.31,17.11,17.12,23503803.0
2024-05-30,17.17,17.64,17.16,17.62,33266334.0
2024-05-31,17.53,18.27,17.47,18.22,67619381.0
2024-06-03,18.13,18.33,17.96,18.01,38332663.0
2024-06-04,17.97,18.36,17.9,18.35,30089128.0
2024-06-05,18.31,18.32,18.16,18.3,28101697.0
2024-06-06,18.29,18.45,18.22,18.28,22319229.0
2024-06-07,18.22,18.22,17.97,18.1,36626727.0
2024-06-10,18.0,18.04,17.75,17.86,32419553.0
2024-06-11,17.84,17.95,17.725,17.86,29956832.0
2024-06-12,17.99,18.04,17.57,17.61,35652136.0
2024-06-13,17.545,17.68,17.42,17.67,30691960.0
2024-06-14,17.59,17.745,17.49,17.64,22652260.0
2024-06-17,17.56,17.7,17.49,17.67,27451180.0
2024-06-18,17.88,18.2,17.86,18.05,33710922.0
2024-06-20,17.94,18.16,17.9,18.11,32100580.0
2024-06-21,18.17,18.455,18.07,18.4,72567163.0
2024-06-24,18.42,18.7,18.4,18.65,42162107.0
2024-06-25,18.64,18.73,18.53,18.69,34090625.0
2024-06-26,18.64,18.81,18.61,18.76,32029556.0
2024-06-27,18.78,18.79,18.61,18.75,28916174.0
2024-06-28,18.8,19.13,18.78,19.11,52825062.0
2024-07-01,19.24,19.32,18.83,18.98,36095656.0
2024-07-02,18.98,19.0,18.68,18.82,31606880.0
2024-07-03,18.88,18.915,18.66,18.68,14857893.0
2024-07-05,18.7,18.8,18.645,18.77,30727755.0
2024-07-08,18.84,18.9,18.69,18.81,23277354.0
2024-07-09,18.82,18.98,18.705,18.8,27840906.0
2024-07-10,18.57,18.75,18.46,18.74,33408224.0
2024-07-11,18.7,18.87,18.62,18.86,23633136.0
2024-07-12,18.72,18.85,18.585,18.81,37919360.0
2024-07-15,18.85,18.87,18.53,18.58,33910797.0
2024-07-16,18.595,18.86,18.565,18.85,23923599.0
2024-07-17,18.9,19.19,18.85,19.16,40611450.0
2024-07-18,19.1,19.33,18.99,19.15,34793829.0
2024-07-19,19.12,19.24,18.98,19.12,29910195.0
2024-07-22,18.7,18.77,18.31,18.55,44083621.0
2024-07-23,18.57,18.61,18.14,18.21,70161791.0
2024-07-24,18.92,19.23,18.76,19.16,64464732.0
2024-07-25,19.15,19.74,19.1,19.19,54049733.0
2024-07-26,19.16,19.3,18.89,19.01,30844077.0
2024-07-29,19.0,19.015,18.82,18.9,30788251.0
2024-07-30,18.95,19.03,18.835,18.98,27854872.0
2024-07-31,18.9,19.32,18.88,19.25,39521937.0
2024-08-01,19.31,19.63,19.13,19.47,44379242.0
2024-08-02,19.64,19.99,19.19,19.37,45240081.0
2024-08-05,18.8,19.12,18.64,18.91,50898372.0
2024-08-06,18.885,19.3,18.86,19.19,33775950.0
2024-08-07,19.2,19.5199,19.095,19.25,30036555.0
2024-08-08,19.255,19.48,19.21,19.4,25588127.0
2024-08-09,19.39,19.595,19.27,19.49,22819398.0
2024-08-12,19.54,19.56,19.3,19.43,22979823.0
2024-08-13,19.42,19.56,19.36,19.52,21508001.0
2024-08-14,19.48,19.66,19.4214,19.63,19158517.0
2024-08-15,19.55,19.575,18.97,19.09,42608051.0
2024-08-16,19.12,19.36,19.08,19.34,24724352.0
2024-08-19,19.35,19.51,19.34,19.49,20506339.0
2024-08-20,19.46,19.58,19.385,19.49,20260787.0
2024-08-21,19.52,19.59,19.4211,19.54,20055442.0
2024-08-22,19.56,19.58,19.4,19.51,17596606.0
2024-08-23,19.54,19.76,19.51,19.73,21519295.0
2024-08-26,19.76,19.94,19.7035,19.76,22599636.0
2024-08-27,19.74,19.795,19.595,19.65,20321885.0
2024-08-28,19.68,19.91,19.67,19.82,20435525.0
2024-08-29,19.8,19.85,19.62,19.76,20775553.0
2024-08-30,19.76,19.91,19.7,19.9,29362404.0
2024-09-03,19.93,20.45,19.92,20.43,50351838.0
2024-09-04,20.49,20.87,20.25,20.57,57532272.0
2024-09-05,20.71,20.83,20.52,20.65,44199087.0
2024-09-06,20.65,21.0,20.65,20.97,53079539.0
2024-09-09,20.96,21.6,20.925,21.5,58958294.0
2024-09-10,21.45,21.86,21.3306,21.71,60944405.0
2024-09-11,21.615,21.615,21.24,21.45,37328178.0
2024-09-12,21.33,21.64,21.17,21.59,34568152.0
2024-09-13,21.57,21.67,21.435,21.64,31451267.0
2024-09-16,21.84,22.34,21.79,22.27,53733063.0
2024-09-17,22.07,22.1,21.71,21.78,29304291.0
2024-09-18,21.84,21.995,21.64,21.73,27825547.0
2024-09-19,21.65,21.7,21.18,21.36,40942189.0
2024-09-20,21.3,21.62,21.23,21.54,94156520.0
2024-09-23,21.54,21.595,21.36,21.49,25550178.0
2024-09-24,21.38,21.66,21.31,21.59,25904966.0
2024-09-25,21.62,21.74,21.52,21.56,28334844.0
2024-09-26,21.49,21.76,21.43,21.65,25497494.0
2024-09-27,21.72,21.935,21.6831,21.9,23577658.0
2024-09-30,22.003,22.065,21.665,22.0,26272690.0
2024-10-01,21.93,22.15,21.835,22.13,32705460.0
2024-10-02,22.05,22.24,22.0,22.19,29820058.0
2024-10-03,22.13,22.225,21.97,22.05,28894508.0
2024-10-04,21.7,21.98,21.48,21.91,24545359.0
2024-10-07,21.91,21.91,21.67,21.78,23116323.0
2024-10-08,21.92,21.98,21.72,21.86,22716397.0
2024-10-09,21.87,22.0,21.785,21.93,25365269.0
2024-10-10,21.6,21.68,21.21,21.22,28738389.0
2024-10-11,21.3,21.445,21.2219,21.37,25249680.0
2024-10-14,21.36,21.41,21.255,21.26,33512220.0
2024-10-15,21.39,21.61,21.23,21.51,35942564.0
2024-10-16,21.52,21.76,21.48,21.71,23926933.0
2024-10-17,21.56,21.77,21.53,21.73,25470926.0
2024-10-18,21.73,22.06,21.63,21.85,27277363.0
2024-10-21,21.88,21.97,21.65,21.66,29366226.0
2024-10-22,21.25,21.62,21.05,21.5,47781946.0
2024-10-23,21.24,22.58,21.05,22.49,71932594.0
2024-10-24,22.4,22.48,22.06,22.2,38783014.0
2024-10-25,22.3,22.41,21.81,21.83,26050374.0
2024-10-28,21.92,22.15,21.8202,22.11,27923749.0
2024-10-29,21.99,22.36,21.92,22.18,32710942.0
2024-10-30,22.13,22.255,21.9,22.02,36264924.0
2024-10-31,22.06,22.595,22.03,22.54,59566724.0
2024-11-01,22.53,22.73,22.07,22.12,37169971.0
2024-11-04,22.14,22.25,21.79,21.92,24318469.0
2024-11-05,21.9,22.17,21.8313,22.05,26461524.0
2024-11-06,22.11,22.39,21.97,22.32,32259149.0
2024-11-07,22.39,22.39,21.96,22.04,31471807.0
2024-11-08,22.05,22.43,22.05,22.34,29901504.0
2024-11-11,22.28,22.48,22.245,22.31,23464952.0
2024-11-12,22.21,22.29,21.79,22.15,39579032.0
2024-11-13,22.17,22.39,22.06,22.3,29345430.0
2024-11-14,22.3,22.46,22.22,22.25,20825081.0
2024-11-15,22.24,22.75,22.195,22.68,40207174.0
2024-11-18,22.785,23.2,22.78,22.99,35675531.0
2024-11-19,22.88,22.92,22.68,22.73,24727689.0
2024-11-20,22.8,22.9,22.735,22.83,20422879.0
2024-11-21,22.8,23.15,22.73,22.98,23080590.0
2024-11-22,23.05,23.29,22.935,23.18,35732841.0
2024-11-25,23.15,23.32,22.95,23.1,64729649.0
2024-11-26,22.94,23.11,22.87,23.09,30080198.0
2024-11-27,23.2,23.38,23.01,23.27,33206289.0
2024-11-29,23.27,23.305,23.01,23.16,19177093.0
2024-12-02,23.15,23.16,22.64,22.7,44160516.0
2024-12-03,23.41,24.03,23.38,23.74,63128655.0
2024-12-04,23.67,23.825,23.37,23.53,41534096.0
2024-12-05,23.605,23.89,23.58,23.83,40155435.0
2024-12-06,23.825,23.9,23.56,23.88,34218657.0
2024-12-09,23.9,23.99,23.34,23.37,38385831.0
2024-12-10,23.41,23.66,23.11,23.51,32851451.0
2024-12-11,23.43,23.5399,23.14,23.48,38518051.0
2024-12-12,23.58,23.74,23.36,23.36,22014947.0
2024-12-13,23.37,23.67,23.26,23.63,33693813.0
2024-12-16,23.71,23.81,22.61,22.84,48017754.0
2024-12-17,22.8,22.98,22.6717,22.83,39844422.0
2024-12-18,22.802,22.985,22.46,22.48,38897346.0
2024-12-19,22.505,22.68,22.41,22.57,43160739.0
2024-12-20,22.59,22.75,22.52,22.75,93983941.0
2024-12-23,22.67,22.87,22.59,22.84,24655265.0
2024-12-24,22.84,22.9894,22.76,22.95,9550858.0
2024-12-26,22.93,23.15,22.875,22.96,16445645.0
2024-12-27,22.88,23.07,22.815,22.86,18547486.0
2024-12-30,22.78,22.78,22.44,22.61,25419754.0
2024-12-31,22.62,22.85,22.6,22.77,22342771.0
2025-01-02,22.83,23.17,22.8,22.83,27108139.0
2025-01-03,22.9,22.96,22.65,22.67,26879734.0
2025-01-06,22.755,22.77,22.53,22.6,34415994.0
2025-01-07,22.54,22.645,22.16,22.2,37143499.0
2025-01-08,22.13,22.245,21.66,22.18,35517848.0
2025-01-10,21.88,22.04,21.49,21.69,41571990.0
2025-01-13,21.63,21.68,21.4,21.56,37865586.0
2025-01-14,21.52,21.82,21.38,21.8,25627213.0
2025-01-15,21.98,22.09,21.88,21.91,50559612.0
2025-01-16,22.0,22.13,21.84,22.02,25639525.0
2025-01-17,22.09,22.37,21.98,22.29,33637964.0
2025-01-21,22.21,22.54,22.21,22.49,36777438.0
2025-01-22,22.38,22.475,22.02,22.32,31676405.0
2025-01-23,22.34,22.66,22.22,22.53,32125164.0
2025-01-24,22.55,22.79,22.54,22.72,44409155.0
2025-01-27,23.5,24.365,23.35,24.14,92445031.0
2025-01-28,24.06,24.58,23.92,24.4,55731190.0
2025-01-29,24.71,24.98,24.2,24.23,34420209.0
2025-01-30,24.165,24.23,23.775,24.02,45652797.0
2025-01-31,24.01,24.14,23.66,23.73,40347615.0
2025-02-03,23.69,24.43,23.67,24.25,59555788.0
2025-02-04,24.21,24.43,24.0739,24.25,30540242.0
2025-02-05,24.46,24.575,24.28,24.47,29511713.0
2025-02-06,24.5,24.56,24.3,24.45,24522167.0
2025-02-07,24.45,24.73,24.245,24.54,26289976.0
2025-02-10,24.605,24.94,24.6,24.86,31913371.0
2025-02-11,24.9,25.18,24.8,25.15,35150076.0
2025-02-12,25.15,25.38,25.055,25.36,38970306.0
2025-02-13,25.47,25.735,25.36,25.63,35114941.0
2025-02-14,25.67,25.93,25.6,25.87,31687351.0
2025-02-18,25.71,26.18,25.71,26.07,52442325.0
2025-02-19,26.22,26.35,26.07,26.24,30551506.0
2025-02-20,26.2,26.28,25.94,26.15,32753475.0
2025-02-21,26.08,26.72,25.97,26.62,58421436.0
2025-02-24,26.615,27.125,26.6,26.74,54549482.0
2025-02-25,26.87,27.16,26.26,26.65,52497223.0
2025-02-26,26.56,26.83,26.43,26.57,39296477.0
2025-02-27,26.64,26.965,26.57,26.9,32943308.0
2025-02-28,27.0,27.49,27.0,27.41,62510735.0
2025-03-03,27.27,27.86,27.19,27.72,45078605.0
2025-03-04,27.8,27.97,26.12,26.22,89479650.0
2025-03-05,26.065,26.39,25.83,26.18,42010005.0
2025-03-06,26.22,26.79,26.055,26.73,32211542.0
2025-03-07,26.67,27.21,26.6,27.12,35341911.0
2025-03-10,27.11,27.455,26.68,27.28,57820379.0
2025-03-11,26.47,26.825,25.59,26.01,74574228.0
2025-03-12,25.63,25.86,24.89,25.72,62383149.0
2025-03-13,25.79,26.46,25.76,26.09,37698470.0
2025-03-14,25.8,26.65,25.75,26.58,37591265.0
2025-03-17,26.57,26.93,26.25,26.83,45569996.0
2025-03-18,26.795,26.98,26.56,26.61,30365554.0
2025-03-19,26.65,26.935,26.4503,26.84,30145657.0
2025-03-20,26.9,26.93,26.68,26.79,27272219.0
2025-03-21,26.81,27.21,26.64,27.02,91268306.0
2025-03-24,26.86,27.22,26.835,26.96,26862823.0
2025-03-25,26.97,27.56,26.97,27.31,42339650.0
2025-03-26,27.405,27.84,27.36,27.65,42607090.0
2025-03-27,27.77,28.42,27.64,28.2,42999990.0
2025-03-28,28.35,28.51,28.0619,28.18,35085146.0
2025-03-31,28.26,28.56,28.21,28.28,50156470.0
2025-04-01,28.4,28.61,28.22,28.48,43986201.0
2025-04-02,28.41,28.59,28.01,28.14,41574761.0
2025-04-03,28.54,29.03,28.45,28.6,48912272.0
2025-04-04,28.0,28.43,26.53,26.64,61360910.0
2025-04-07,25.18,27.225,25.1,26.83,74875347.0
2025-04-08,27.02,27.19,26.03,26.39,55717127.0
2025-04-09,26.09,26.855,25.2,26.47,77738746.0
2025-04-10,26.24,26.76,25.9,26.39,51467778.0
2025-04-11,26.58,26.9,26.3647,26.79,32057579.0
2025-04-14,26.63,27.35,26.575,27.2,27042606.0
2025-04-15,27.5,27.63,27.26,27.5,25721287.0
2025-04-16,27.74,27.78,26.94,27.02,27835753.0
2025-04-17,27.18,27.49,27.01,27.15,24870213.0
2025-04-21,27.16,27.28,26.16,26.33,46225978.0
2025-04-22,26.0,27.36,25.98,26.96,50906760.0
2025-04-23,26.535,27.32,26.12,27.19,43350991.0
2025-04-24,27.17,27.83,27.1402,27.53,43640734.0
2025-04-25,27.46,27.52,26.625,26.81,37050271.0
