Date,open,high,low,close,volume
2015-04-27,66.39,67.46,65.89,66.28,1869288.0
2015-04-28,65.94,66.39,64.28,64.88,2047908.0
2015-04-29,64.21,65.09,62.97,64.04,2189091.0
2015-04-30,64.0,64.73,63.16,63.68,1601779.0
2015-05-01,63.44,63.87,62.13,63.8,2159440.0
2015-05-04,64.0,65.3,63.97,64.16,2415215.0
2015-05-05,63.01,64.14,62.29,63.0,6380100.0
2015-05-06,63.27,63.69,62.28,63.33,1980977.0
2015-05-07,64.32,64.64,62.9,64.56,2723258.0
2015-05-08,65.19,65.5,63.5,63.77,1316001.0
2015-05-11,64.19,64.92,63.62,63.73,2113277.0
2015-05-12,63.4,65.33,63.38,65.13,2512696.0
2015-05-13,64.9,66.15,64.12,65.27,3053102.0
2015-05-14,73.96,76.0,70.57,71.14,12015129.0
2015-05-15,71.5,74.26,71.13,71.97,3714913.0
2015-05-18,72.77,72.88,70.65,71.98,2008901.0
2015-05-19,72.42,73.48,72.24,72.49,1534386.0
2015-05-20,71.95,72.48,70.79,71.94,1896604.0
2015-05-21,72.3,72.34,71.44,71.99,1782967.0
2015-05-22,77.95,86.17,77.85,84.63,14459760.0
2015-05-26,87.23,87.62,80.7,81.99,7346071.0
2015-05-27,82.0,83.81,80.75,81.51,2410102.0
2015-05-28,78.81,80.83,77.8,80.22,3059974.0
2015-05-29,80.05,80.73,79.64,79.87,2054316.0
2015-06-01,80.3,82.76,80.3,81.63,2728204.0
2015-06-02,76.51,77.9,72.44,77.04,9329010.0
2015-06-03,76.79,76.98,74.45,74.85,4350191.0
2015-06-04,74.4,75.86,73.7,75.07,2767623.0
2015-06-05,75.07,77.55,74.71,76.07,2139684.0
2015-06-08,75.89,76.65,74.3,74.34,1601225.0
2015-06-09,74.42,75.12,72.87,74.67,1743243.0
2015-06-10,74.49,76.29,74.1,76.17,1530790.0
2015-06-11,76.42,78.64,76.41,77.5,3014240.0
2015-06-12,74.77,77.91,74.57,77.39,5526487.0
2015-06-15,76.35,76.67,75.25,76.13,2600476.0
2015-06-16,75.66,76.12,73.56,75.71,2868837.0
2015-06-17,76.62,77.0,75.08,75.41,2320192.0
2015-06-18,74.5,75.49,72.3,75.01,6085180.0
2015-06-19,74.37,74.48,71.6,71.63,5537578.0
2015-06-22,72.54,74.11,72.1,73.85,2846729.0
2015-06-23,74.87,75.1,73.54,73.95,2617163.0
2015-06-24,74.5,74.5,72.51,72.9,1722540.0
2015-06-25,73.35,74.0,72.74,73.85,2409510.0
2015-06-26,72.0,73.59,71.64,73.25,2812073.0
2015-06-29,71.56,72.05,70.27,70.6,1638442.0
2015-06-30,71.91,72.75,71.44,72.59,1812202.0
2015-07-01,73.54,73.85,70.77,71.0,1835471.0
2015-07-02,70.99,71.58,70.02,71.31,1659146.0
2015-07-06,69.94,71.84,68.9,71.52,2617176.0
2015-07-07,69.19,71.31,63.0,71.09,8794552.0
2015-07-08,67.36,70.83,67.36,69.32,4323384.0
2015-07-09,72.04,72.95,70.28,71.48,2905812.0
2015-07-10,73.56,73.66,71.71,73.32,1850840.0
2015-07-13,73.6,74.74,72.99,73.83,1659212.0
2015-07-14,74.19,74.95,73.11,74.31,1249437.0
2015-07-15,73.7,73.7,69.95,70.22,2537346.0
2015-07-16,71.44,73.14,71.18,71.88,1535970.0
2015-07-17,72.32,72.79,71.31,71.9,1408029.0
2015-07-20,72.14,73.55,71.28,72.78,2095235.0
2015-07-21,72.84,75.06,72.29,74.18,2907606.0
2015-07-22,74.06,75.0,72.87,74.18,920298.0
2015-07-23,74.58,77.57,74.39,75.15,1770147.0
2015-07-24,75.0,75.82,71.83,72.78,1710771.0
2015-07-27,70.2,71.08,68.47,69.0,2176245.0
2015-07-28,68.94,69.3,66.87,68.27,2954509.0
2015-07-29,68.72,71.31,68.38,70.51,2077051.0
2015-07-30,70.65,71.0,69.96,70.68,1918482.0
2015-07-31,71.19,72.48,69.9,71.58,2370936.0
2015-08-03,71.68,72.8,69.66,71.5,4102754.0
2015-08-04,75.0,79.42,74.3,78.57,8560021.0
2015-08-05,79.73,80.2,78.35,79.5,3193434.0
2015-08-06,79.73,79.84,76.91,77.46,1699304.0
2015-08-07,77.55,77.55,74.94,75.5,1499393.0
2015-08-10,75.97,78.05,75.82,77.57,1819622.0
2015-08-11,75.92,75.92,70.66,71.98,4274338.0
2015-08-12,70.29,70.9,66.37,70.24,5354847.0
2015-08-13,69.89,73.75,69.58,72.13,3212733.0
2015-08-14,71.33,72.95,70.8,71.58,1183974.0
2015-08-17,71.65,72.82,70.55,72.79,1018743.0
2015-08-18,70.78,71.49,69.05,69.28,2498501.0
2015-08-19,69.22,69.93,67.9,68.13,1889938.0
2015-08-20,66.71,67.07,63.64,64.68,4868006.0
2015-08-21,63.77,65.15,62.93,63.37,3044008.0
2015-08-24,56.57,61.25,54.5,60.5,4466107.0
2015-08-25,64.5,66.32,62.24,63.73,3776969.0
2015-08-26,64.49,65.56,62.85,64.08,2566452.0
2015-08-27,65.04,69.96,65.01,69.89,3697825.0
2015-08-28,70.08,72.14,68.65,69.5,2234600.0
2015-08-31,69.04,69.9,66.01,66.49,2148291.0
2015-09-01,65.43,66.77,63.81,64.33,2100929.0
2015-09-02,65.88,66.43,64.0,65.46,1407791.0
2015-09-03,65.62,68.49,65.12,65.89,1536074.0
2015-09-04,64.75,65.48,62.85,63.92,1832602.0
2015-09-08,66.15,67.97,63.32,64.45,2548874.0
2015-09-09,65.16,67.42,65.05,65.95,1944419.0
2015-09-10,65.43,68.1,65.25,67.19,1814802.0
2015-09-11,66.59,69.02,65.71,68.87,1916322.0
2015-09-14,68.2,68.41,65.73,65.89,1597451.0
2015-09-15,65.63,67.44,63.77,66.92,1296173.0
2015-09-16,68.72,73.0,68.22,72.3,4921699.0
2015-09-17,71.01,71.83,69.13,70.26,2577277.0
2015-09-18,69.34,70.57,68.11,68.34,2210030.0
2015-09-21,67.53,68.91,67.18,67.67,2564849.0
2015-09-22,67.04,67.5,65.25,66.61,3097842.0
2015-09-23,67.87,67.87,64.63,64.99,2442933.0
2015-09-24,64.67,66.77,63.82,66.71,1704303.0
2015-09-25,67.14,67.37,64.8,65.39,1983642.0
2015-09-28,64.8,65.17,61.39,61.86,2366806.0
2015-09-29,62.42,63.01,60.23,62.79,3863366.0
2015-09-30,63.97,64.59,61.5,63.12,3464886.0
2015-10-01,63.42,64.4,61.02,62.58,1983737.0
2015-10-02,63.34,68.11,63.23,66.77,4262433.0
2015-10-05,67.09,70.23,66.55,69.09,3420243.0
2015-10-06,68.5,70.99,68.21,68.64,1890202.0
2015-10-07,71.64,72.34,68.93,70.16,3345741.0
2015-10-08,69.52,70.91,66.09,68.27,2414534.0
2015-10-09,68.24,69.48,66.6,67.25,2592583.0
2015-10-12,67.95,69.61,67.16,67.34,1942507.0
2015-10-13,67.5,69.75,67.01,68.5,1868820.0
2015-10-14,68.65,69.54,66.62,68.44,2303412.0
2015-10-15,69.39,70.9,68.63,70.15,2393108.0
2015-10-16,70.08,72.24,69.51,71.05,2813061.0
2015-10-19,71.33,72.57,70.59,72.0,1305316.0
2015-10-20,73.09,74.78,72.32,73.23,2354640.0
2015-10-21,72.84,73.7,71.12,72.22,1327690.0
2015-10-22,72.99,75.45,71.22,72.39,2623152.0
2015-10-23,75.15,75.75,73.5,74.31,3967888.0
2015-10-26,89.26,97.29,88.75,90.78,24272577.0
2015-10-27,89.99,91.68,85.1,88.63,8339515.0
2015-10-28,88.0,89.96,86.32,88.42,4240202.0
2015-10-29,88.64,89.4,86.84,87.91,3482752.0
2015-10-30,88.66,93.88,88.66,92.96,6325407.0
2015-11-02,93.01,97.98,92.44,96.43,4995259.0
2015-11-03,96.17,97.8,93.75,97.17,4546149.0
2015-11-04,98.3,98.75,94.57,96.45,3528784.0
2015-11-05,98.0,99.28,94.62,98.88,2757791.0
2015-11-06,98.85,103.58,98.24,103.39,3486085.0
2015-11-09,101.94,103.4,96.33,97.92,4278633.0
2015-11-10,97.63,99.1,95.82,98.23,2528897.0
2015-11-11,98.83,100.42,98.35,99.14,1981788.0
2015-11-12,98.97,100.56,98.25,99.58,1901709.0
2015-11-13,97.01,97.76,94.87,97.25,2348043.0
2015-11-16,95.62,97.63,93.81,97.29,3080123.0
2015-11-17,97.22,98.5,91.44,92.57,4170105.0
2015-11-18,92.95,96.26,92.55,95.07,3183530.0
2015-11-19,106.15,114.72,106.0,109.69,12109617.0
2015-11-20,110.99,112.43,106.85,111.67,5488664.0
2015-11-23,110.03,111.0,107.26,110.6,3477309.0
2015-11-24,108.5,108.94,105.21,106.27,4201991.0
2015-11-25,105.6,107.99,104.57,104.99,2919700.0
2015-11-27,103.55,104.47,100.86,102.7,2479960.0
2015-11-30,103.17,107.01,103.17,106.96,13728565.0
2015-12-01,106.0,109.07,104.53,108.85,3468453.0
2015-12-02,54.76,55.6,53.68,53.75,3639689.0
2015-12-03,54.49,54.49,52.99,53.33,4645257.0
2015-12-04,53.3,54.51,53.0,54.1,3325614.0
2015-12-07,53.85,54.3,52.81,53.1,3676642.0
2015-12-08,51.51,53.21,50.95,52.98,4554368.0
2015-12-09,52.67,53.0,50.33,50.72,7717892.0
2015-12-10,52.6,52.65,50.0,50.49,7071116.0
2015-12-11,49.81,50.63,48.02,48.69,6715057.0
2015-12-14,48.5,49.25,47.74,48.56,10830361.0
2015-12-15,48.73,49.91,48.1,48.35,9796064.0
2015-12-16,48.9,49.96,48.1,49.83,4571204.0
2015-12-17,50.0,50.25,48.33,48.41,6887661.0
2015-12-18,48.16,48.71,47.9,48.6,12582776.0
2015-12-21,48.26,48.98,48.17,48.7,4427359.0
2015-12-22,48.8,49.01,48.23,48.53,2254145.0
2015-12-23,48.92,49.3,48.75,49.13,2205314.0
2015-12-24,49.28,49.29,48.47,48.74,920055.0
2015-12-28,48.45,48.5,47.18,47.95,2450313.0
2015-12-29,48.36,48.6,47.53,48.04,1873267.0
2015-12-30,47.99,48.35,46.54,47.09,2919285.0
2015-12-31,46.75,47.39,46.22,46.32,2813417.0
2016-01-04,44.99,45.93,43.8,45.23,6133036.0
2016-01-05,45.66,48.05,45.12,47.69,6559657.0
2016-01-06,46.74,48.36,46.5,47.89,4503851.0
2016-01-07,46.35,47.12,45.01,45.28,6940362.0
2016-01-08,46.26,46.98,44.95,45.03,3769485.0
2016-01-11,44.57,45.0,43.01,43.61,4669463.0
2016-01-12,44.46,44.71,43.9,44.59,5072353.0
2016-01-13,44.8,44.8,41.17,42.01,9322636.0
2016-01-14,42.5,43.72,41.33,43.33,3981257.0
2016-01-15,41.47,43.0,40.48,41.47,5465762.0
2016-01-19,42.4,43.65,41.6,42.01,5003240.0
2016-01-20,41.01,42.8,39.5,42.41,6061174.0
2016-01-21,41.98,43.82,41.5,42.92,4677168.0
2016-01-22,44.1,45.11,42.86,42.93,4259321.0
2016-01-25,43.0,43.47,42.74,42.92,3754238.0
2016-01-26,42.76,43.34,41.65,42.83,4004301.0
2016-01-27,42.26,43.15,41.33,41.57,4739834.0
2016-01-28,42.25,42.49,40.5,40.84,5625291.0
2016-01-29,41.23,43.1,41.23,42.68,4057347.0
2016-02-01,42.68,43.42,41.88,41.97,5076232.0
2016-02-02,41.76,41.92,39.97,40.36,5511949.0
2016-02-03,40.49,40.91,38.32,39.9,6267335.0
2016-02-04,40.07,41.18,39.64,41.11,4032039.0
2016-02-05,40.91,41.09,38.17,39.13,6337146.0
2016-02-08,38.36,38.6,36.2,37.07,5939021.0
2016-02-09,36.34,38.21,35.62,36.57,5366292.0
2016-02-10,37.06,38.03,36.45,36.88,2808742.0
2016-02-11,36.49,37.17,35.5,36.33,5154295.0
2016-02-12,37.2,38.4,36.62,37.13,3375731.0
2016-02-16,38.54,40.35,38.18,40.33,8503519.0
2016-02-17,41.07,42.25,40.61,41.39,6244498.0
2016-02-18,42.0,42.0,40.36,40.78,3253378.0
2016-02-19,41.0,41.75,40.29,41.69,3996373.0
2016-02-22,42.4,42.45,41.06,42.32,3526879.0
2016-02-23,42.16,42.5,41.05,41.29,3989432.0
2016-02-24,40.44,41.74,39.7,41.53,4559217.0
2016-02-25,40.64,41.35,39.8,41.22,3383986.0
2016-02-26,42.01,42.85,41.39,41.79,4151946.0
2016-02-29,41.04,42.33,40.85,40.92,4878397.0
2016-03-01,41.5,42.46,41.2,41.9,4975481.0
2016-03-02,42.25,42.43,40.02,40.5,7842654.0
2016-03-03,40.5,40.98,38.4,39.24,9082668.0
2016-03-04,39.84,40.44,39.39,40.02,4178864.0
2016-03-07,39.78,40.22,39.09,39.36,3285162.0
2016-03-08,38.97,39.34,38.65,38.89,2092923.0
2016-03-09,39.06,39.42,38.82,39.35,4388923.0
2016-03-10,39.59,39.79,38.56,38.99,3874450.0
2016-03-11,39.02,40.55,39.01,40.45,4147088.0
2016-03-14,41.0,41.95,40.81,41.22,5951166.0
2016-03-15,41.24,41.42,39.96,40.76,4923475.0
2016-03-16,40.76,42.79,40.44,42.61,7248488.0
2016-03-17,40.7,42.87,39.52,42.31,15337047.0
2016-03-18,42.51,44.38,42.5,43.52,8448126.0
2016-03-21,42.84,45.3,42.84,45.16,6605774.0
2016-03-22,44.23,45.2,43.8,44.87,6832215.0
2016-03-23,44.87,45.15,43.88,44.37,3851251.0
2016-03-24,44.25,44.25,43.55,44.16,2731195.0
2016-03-28,44.09,44.15,43.3,43.35,2924077.0
2016-03-29,43.31,44.76,42.88,44.51,3700072.0
2016-03-30,45.0,45.58,44.66,45.02,4373974.0
2016-03-31,45.05,45.05,44.16,44.26,4732498.0
2016-04-01,43.97,45.05,43.84,44.84,2447965.0
2016-04-04,44.6,45.1,43.85,44.39,2614965.0
2016-04-05,44.1,44.19,42.76,43.71,3665857.0
2016-04-06,43.85,44.45,43.34,43.72,3646821.0
2016-04-07,43.5,43.69,42.7,43.36,2897445.0
2016-04-08,43.8,45.18,43.55,44.43,4504493.0
2016-04-11,44.83,46.67,44.68,45.68,5313647.0
2016-04-12,45.95,47.14,45.95,46.87,5701916.0
2016-04-13,47.8,49.0,47.79,48.71,6998795.0
2016-04-14,48.75,49.33,48.43,48.72,3784829.0
2016-04-15,48.72,48.76,47.95,48.06,2597895.0
2016-04-18,47.83,48.79,47.54,48.62,2239518.0
2016-04-19,48.79,48.97,47.41,47.77,3339705.0
2016-04-20,47.85,48.62,47.44,48.39,3192638.0
2016-04-21,48.51,48.92,47.12,47.21,3456650.0
2016-04-22,47.51,47.61,45.85,47.12,3495210.0
2016-04-25,47.0,47.24,45.9,46.02,3677280.0
2016-04-26,46.07,46.45,45.09,45.42,3701062.0
2016-04-27,45.08,45.36,44.1,45.09,3473943.0
2016-04-28,45.09,45.97,44.92,45.07,2282107.0
2016-04-29,44.91,44.95,43.27,43.61,5826437.0
2016-05-02,43.56,44.72,43.56,44.54,2354763.0
2016-05-03,44.23,44.47,43.44,44.0,2624184.0
2016-05-04,43.4,43.66,43.1,43.62,2436309.0
2016-05-05,44.15,44.95,43.54,43.85,2929319.0
2016-05-06,43.48,44.66,43.36,44.5,2274111.0
2016-05-09,44.5,44.86,43.02,43.29,3511749.0
2016-05-10,43.41,44.15,43.12,44.03,3336240.0
2016-05-11,44.11,44.15,43.4,43.51,1817286.0
2016-05-12,43.74,44.47,42.75,43.08,2927141.0
2016-05-13,43.41,43.53,42.66,43.01,2399866.0
2016-05-16,43.25,44.59,43.12,44.29,2517658.0
2016-05-17,43.96,45.28,43.94,44.08,3527604.0
2016-05-18,43.82,44.41,43.25,43.77,2973681.0
2016-05-19,43.39,43.95,42.35,42.67,3455123.0
2016-05-20,42.51,43.53,42.5,43.39,3071756.0
2016-05-23,43.41,43.47,42.17,42.64,4243466.0
2016-05-24,42.97,45.56,42.58,45.42,6055609.0
2016-05-25,45.85,46.33,44.83,44.89,4262692.0
2016-05-26,44.77,45.38,44.0,44.68,3699145.0
2016-05-27,45.45,46.67,44.86,45.9,5452288.0
2016-05-31,46.21,46.5,44.62,45.76,36782506.0
2016-06-01,45.41,45.5,44.1,44.32,5828827.0
2016-06-02,44.85,45.38,43.65,44.68,4098755.0
2016-06-03,44.57,45.09,43.39,43.84,4092199.0
2016-06-06,44.27,45.51,44.0,44.7,2693018.0
2016-06-07,44.95,45.04,43.99,44.3,3026726.0
2016-06-08,43.9,44.2,40.72,42.0,13146245.0
2016-06-09,42.0,42.54,40.73,41.14,5365408.0
2016-06-10,40.37,41.04,39.61,39.93,5964980.0
2016-06-13,39.41,40.18,39.02,39.51,5405069.0
2016-06-14,39.6,40.5,39.41,40.11,5735379.0
2016-06-15,40.62,40.68,39.06,39.25,6696943.0
2016-06-16,40.83,40.96,39.18,39.84,10065014.0
2016-06-17,39.74,40.02,37.77,38.06,10006536.0
2016-06-20,38.5,39.45,38.5,39.13,6002454.0
2016-06-21,39.43,40.14,39.3,39.64,4470355.0
2016-06-22,39.8,40.58,39.56,40.1,4864028.0
2016-06-23,40.51,40.97,40.04,40.65,3955844.0
2016-06-24,39.25,40.15,39.05,39.6,7893489.0
2016-06-27,39.19,39.38,38.42,38.46,291489.0
2016-06-28,38.47,40.19,38.35,39.91,5753571.0
2016-06-29,39.74,41.0,39.64,40.5,4137426.0
2016-06-30,40.47,41.56,40.33,41.2,3933038.0
2016-07-01,41.21,41.71,40.84,41.13,3042984.0
2016-07-05,40.77,41.09,40.45,40.66,4052608.0
2016-07-06,40.42,40.62,39.58,40.22,4330926.0
2016-07-07,40.27,40.65,39.73,40.06,2973144.0
2016-07-08,40.01,41.01,39.97,40.61,3677373.0
2016-07-11,40.77,41.94,40.61,41.78,2755219.0
2016-07-12,41.93,42.72,41.81,41.95,3360558.0
2016-07-13,42.0,42.24,41.58,42.19,3621085.0
2016-07-14,42.48,43.28,42.06,43.0,2786725.0
2016-07-15,43.25,43.49,42.67,43.08,2181810.0
2016-07-18,43.07,43.93,43.0,43.68,2480785.0
2016-07-19,43.15,43.4,42.79,43.06,5549222.0
2016-07-20,43.06,43.5,42.84,43.48,3174514.0
2016-07-21,43.23,43.79,42.97,43.4,2836788.0
2016-07-22,43.62,43.91,43.33,43.83,3212356.0
2016-07-25,43.63,43.8,43.3,43.73,2519094.0
2016-07-26,43.52,44.1,43.46,44.0,3603861.0
2016-07-27,43.99,44.12,43.68,43.97,2954627.0
2016-07-28,43.91,43.99,43.38,43.79,2730946.0
2016-07-29,43.75,43.83,42.78,43.67,3373410.0
2016-08-01,43.59,43.79,42.99,43.09,3899642.0
2016-08-02,43.0,43.16,42.03,42.56,2998351.0
2016-08-03,42.67,42.77,42.19,42.5,2754973.0
2016-08-04,42.5,43.06,42.39,42.94,2299518.0
2016-08-05,43.35,43.49,42.99,43.05,2974231.0
2016-08-08,42.97,43.9,42.9,43.89,3420221.0
2016-08-09,43.91,45.4,43.76,45.16,7737496.0
2016-08-10,45.24,45.85,45.08,45.53,4438247.0
2016-08-11,45.84,46.21,45.54,45.89,3778235.0
2016-08-12,45.82,46.6,45.69,46.39,4503526.0
2016-08-15,46.6,47.52,46.6,46.98,5042377.0
2016-08-16,47.0,47.15,46.06,46.46,3961529.0
2016-08-17,46.46,46.52,46.01,46.38,2560025.0
2016-08-18,46.26,46.47,45.5,46.29,3633962.0
2016-08-19,46.25,46.33,45.8,46.16,2844211.0
2016-08-22,46.3,46.35,45.65,45.82,2570294.0
2016-08-23,45.83,46.6,45.68,45.94,2111881.0
2016-08-24,46.04,46.4,45.71,45.82,2566696.0
2016-08-25,45.89,46.66,45.8,46.34,3899900.0
2016-08-26,46.54,47.85,46.4,47.44,5270649.0
2016-08-29,47.45,47.5,46.8,47.14,2643190.0
2016-08-30,47.45,47.93,47.11,47.35,2633076.0
2016-08-31,47.57,47.72,47.0,47.35,4554360.0
2016-09-01,47.05,49.16,46.98,48.96,11643212.0
2016-09-02,48.85,49.43,47.64,47.9,6345471.0
2016-09-06,46.5,47.25,44.85,45.96,13945110.0
2016-09-07,45.63,45.82,44.75,44.95,18835769.0
2016-09-08,45.09,45.88,44.9,45.36,9093221.0
2016-09-09,45.1,45.2,43.71,44.14,10301768.0
2016-09-12,43.47,44.46,43.13,44.32,5272637.0
2016-09-13,44.32,44.48,42.76,43.08,5216292.0
2016-09-14,42.88,43.51,42.65,42.83,4264329.0
2016-09-15,43.15,43.97,42.71,43.75,5412471.0
2016-09-16,43.75,43.81,43.13,43.67,3922677.0
2016-09-19,43.99,44.28,43.63,43.77,3290177.0
2016-09-20,43.77,44.3,43.77,44.09,3482988.0
2016-09-21,44.42,45.5,44.15,45.33,5957166.0
2016-09-22,45.35,46.11,45.35,46.1,6894467.0
2016-09-23,46.0,46.34,45.75,46.02,4884006.0
2016-09-26,45.76,46.05,45.41,45.55,3045080.0
2016-09-27,45.76,46.27,45.51,46.25,3009131.0
2016-09-28,46.18,47.0,46.13,46.95,3083166.0
2016-09-29,46.66,47.25,46.63,46.79,3761722.0
2016-09-30,46.8,46.99,46.46,46.57,3303616.0
2016-10-03,46.57,47.03,46.44,46.95,3493004.0
2016-10-04,47.03,47.3,46.62,47.03,3626481.0
2016-10-05,47.29,47.68,47.05,47.45,4734179.0
2016-10-06,47.62,47.78,46.7,47.59,6678171.0
2016-10-07,47.54,47.58,46.95,47.08,2363937.0
2016-10-10,47.0,48.49,46.76,48.16,3674423.0
2016-10-11,47.94,47.96,46.47,46.77,4292262.0
2016-10-12,46.62,47.13,46.23,46.35,3074760.0
2016-10-13,45.85,46.35,45.23,46.31,4196703.0
2016-10-14,46.99,47.45,46.5,46.57,2211567.0
2016-10-17,46.65,46.7,46.18,46.29,1755892.0
2016-10-18,46.96,47.82,46.75,47.06,3757350.0
2016-10-19,47.13,47.52,47.13,47.24,2168973.0
2016-10-20,47.25,47.42,46.81,47.25,2139141.0
2016-10-21,47.14,47.7,46.94,47.61,1492935.0
2016-10-24,47.66,48.41,47.66,48.2,3105312.0
2016-10-25,48.2,49.62,47.89,48.0,4683513.0
2016-10-26,48.0,48.02,46.62,46.69,2926323.0
2016-10-27,46.81,46.91,44.77,45.47,5360111.0
2016-10-28,45.3,46.2,44.51,44.73,3655198.0
2016-10-31,44.77,45.09,43.98,44.15,4268689.0
2016-11-01,44.39,44.42,42.95,43.41,3670021.0
2016-11-02,43.64,43.68,42.02,42.34,4862656.0
2016-11-03,42.31,43.04,42.26,42.45,2169854.0
2016-11-04,42.0,42.73,41.84,42.44,2784395.0
2016-11-07,43.24,44.04,43.14,43.54,3374758.0
2016-11-08,43.67,44.05,43.05,43.57,2286234.0
2016-11-09,42.75,43.5,41.99,42.29,4180852.0
2016-11-10,43.01,43.85,40.84,40.98,5424759.0
2016-11-11,40.7,41.25,40.02,41.1,7053474.0
2016-11-14,41.37,41.56,40.24,40.62,2919885.0
2016-11-15,41.37,42.09,41.0,42.02,7057127.0
2016-11-16,40.78,42.33,40.32,42.16,3629584.0
2016-11-17,42.01,42.65,42.0,42.31,2165476.0
2016-11-18,42.31,42.73,41.46,42.02,2409761.0
2016-11-21,42.02,42.62,41.64,42.26,3784665.0
2016-11-22,42.5,42.5,41.56,41.87,3874970.0
2016-11-23,42.19,42.19,40.59,40.99,6527289.0
2016-11-25,45.01,46.27,44.75,45.01,15764816.0
2016-11-28,45.0,45.05,44.24,44.74,6853540.0
2016-11-29,44.51,45.96,44.42,45.87,7527101.0
2016-11-30,46.15,46.33,45.09,45.23,5036159.0
2016-12-01,45.3,45.78,44.61,44.83,6224978.0
2016-12-02,44.62,45.02,43.46,44.01,5786314.0
2016-12-05,44.08,44.46,42.91,42.97,4083624.0
2016-12-06,43.18,43.49,42.14,42.38,3657069.0
2016-12-07,42.65,43.04,41.93,42.85,2885178.0
2016-12-08,43.0,43.24,42.34,43.17,3298434.0
2016-12-09,43.26,43.8,42.74,43.43,2328609.0
2016-12-12,43.2,43.38,42.16,42.62,3522424.0
2016-12-13,42.92,43.15,42.28,42.61,2603516.0
2016-12-14,42.47,42.53,41.88,41.97,4429911.0
2016-12-15,41.69,41.74,41.02,41.33,2989721.0
2016-12-16,41.56,41.6,40.9,41.0,4719182.0
2016-12-19,40.98,41.15,40.46,40.86,4532170.0
2016-12-20,40.96,41.37,40.71,40.81,2142473.0
2016-12-21,41.0,41.16,40.63,40.7,2903811.0
2016-12-22,40.33,40.53,40.0,40.07,3745053.0
2016-12-23,40.0,40.17,39.71,39.98,2309301.0
2016-12-27,40.0,40.62,39.89,40.15,2422379.0
2016-12-28,40.2,40.43,39.83,39.97,2620788.0
2016-12-29,40.01,40.11,39.8,39.99,2573340.0
2016-12-30,40.42,40.8,39.88,40.0,3530248.0
2017-01-03,40.88,41.1,40.4,40.49,4545738.0
2017-01-04,40.89,41.69,40.66,41.34,5872847.0
2017-01-05,41.9,43.0,41.71,42.8,4842396.0
2017-01-06,42.5,42.8,41.81,42.5,3133973.0
2017-01-09,42.81,43.66,42.59,43.24,3005866.0
2017-01-10,43.41,43.78,43.3,43.71,2582315.0
2017-01-11,43.76,43.99,43.13,43.97,2439969.0
2017-01-12,43.79,44.24,42.64,43.36,2656588.0
2017-01-13,43.5,43.84,43.26,43.53,1673864.0
2017-01-17,43.52,44.67,43.12,44.17,4858777.0
2017-01-18,44.29,44.3,43.51,43.99,2504333.0
2017-01-19,43.94,44.03,43.29,43.54,2029230.0
2017-01-20,43.58,43.77,43.31,43.36,1869066.0
2017-01-23,43.39,43.4,43.03,43.29,2502404.0
2017-01-24,43.3,44.09,43.3,43.88,2773233.0
2017-01-25,44.0,44.07,43.36,43.62,2590586.0
2017-01-26,43.97,44.0,43.01,43.38,3592358.0
2017-01-27,43.53,43.9,43.39,43.4,2131312.0
2017-01-30,43.35,43.51,42.75,43.4,2279610.0
2017-01-31,43.24,43.63,43.04,43.21,2995869.0
2017-02-01,43.59,43.59,42.57,43.01,2788932.0
2017-02-02,43.0,43.08,42.6,42.79,1925180.0
2017-02-03,42.99,43.05,42.53,42.9,1548197.0
2017-02-06,43.12,43.24,42.83,43.05,2190246.0
2017-02-07,43.21,43.25,42.86,42.91,2162803.0
2017-02-08,43.39,43.39,42.58,43.11,2795971.0
2017-02-09,43.4,43.79,43.03,43.39,3254668.0
2017-02-10,43.85,45.06,43.59,44.49,4856232.0
2017-02-13,44.75,45.28,44.69,44.95,3835738.0
2017-02-14,45.09,45.27,44.6,45.07,7140119.0
2017-02-15,45.16,45.62,44.9,45.46,2872767.0
2017-02-16,45.75,45.75,44.91,45.51,3346763.0
2017-02-17,45.51,45.85,45.14,45.63,3303926.0
2017-02-21,45.85,47.3,45.65,47.06,6716731.0
2017-02-22,47.44,48.0,46.56,47.59,8065937.0
2017-02-23,50.0,50.37,47.91,48.28,12736991.0
2017-02-24,47.9,48.77,47.89,48.54,5069116.0
2017-02-27,48.31,48.5,47.8,48.28,4558839.0
2017-02-28,47.79,48.2,47.25,47.44,4757921.0
2017-03-01,47.8,47.98,47.32,47.87,3151240.0
2017-03-02,47.5,47.98,47.02,47.67,2979432.0
2017-03-03,47.42,47.98,47.3,47.82,2789827.0
2017-03-06,47.79,47.79,47.29,47.51,2131391.0
2017-03-07,47.5,47.77,47.29,47.45,2288786.0
2017-03-08,47.45,47.97,47.06,47.35,3334291.0
2017-03-09,47.19,47.57,46.7,47.17,3112249.0
2017-03-10,47.26,48.33,47.26,48.27,3496040.0
2017-03-13,48.29,49.6,48.29,48.99,4942625.0
2017-03-14,48.72,49.75,48.46,49.37,3091383.0
2017-03-15,49.31,49.66,48.24,48.66,3878367.0
2017-03-16,49.19,49.33,48.83,49.0,3198848.0
2017-03-17,49.24,49.25,48.63,49.06,3057124.0
2017-03-20,49.03,49.9,48.92,49.76,3284893.0
2017-03-21,49.8,50.16,47.79,48.04,6664208.0
2017-03-22,48.05,48.25,47.59,48.2,2841151.0
2017-03-23,48.07,49.07,47.97,48.62,5499067.0
2017-03-24,48.99,49.42,48.74,49.18,4067948.0
2017-03-27,48.88,49.4,48.46,49.29,2010511.0
2017-03-28,49.27,49.84,48.89,49.53,2542154.0
2017-03-29,49.43,49.79,48.97,49.69,2464008.0
2017-03-30,49.69,49.88,49.39,49.69,2230341.0
2017-03-31,49.55,49.55,48.7,49.15,4028092.0
2017-04-03,49.48,49.74,49.22,49.52,2877858.0
2017-04-04,49.52,49.79,49.14,49.39,3243786.0
2017-04-05,49.65,49.7,48.84,48.99,3003381.0
2017-04-06,49.02,49.28,48.86,49.13,1764017.0
2017-04-07,49.04,50.77,48.88,50.09,4647580.0
2017-04-10,50.11,50.61,49.67,49.85,3741990.0
2017-04-11,49.92,50.43,48.39,48.9,3533542.0
2017-04-12,48.96,49.08,48.56,48.59,2700555.0
2017-04-13,48.59,49.21,48.24,48.29,2003460.0
2017-04-17,48.29,48.79,48.28,48.61,1712778.0
2017-04-18,48.21,49.4,48.2,48.98,3290457.0
2017-04-19,49.41,50.15,46.64,47.15,14672177.0
2017-04-20,47.62,48.21,47.0,47.02,6054705.0
2017-04-21,47.17,47.46,46.98,47.16,4305685.0
2017-04-24,47.96,48.04,47.37,47.55,4004949.0
2017-04-25,48.48,49.51,48.29,49.1,5011307.0
2017-04-26,49.43,49.75,48.65,49.64,3836302.0
2017-04-27,49.8,50.39,49.55,50.24,4289800.0
2017-04-28,50.3,50.57,49.94,50.51,4166596.0
2017-05-01,50.45,52.5,50.45,52.08,5930041.0
2017-05-02,52.12,53.11,52.08,52.38,4813327.0
2017-05-03,53.19,53.19,51.87,52.31,2130311.0
2017-05-04,52.22,52.27,51.48,52.2,2970815.0
2017-05-05,52.31,52.72,51.73,52.68,3026339.0
2017-05-08,53.1,53.12,52.54,52.97,4119953.0
2017-05-09,53.7,55.48,53.37,55.33,8655400.0
2017-05-10,55.86,56.75,55.3,56.13,8283225.0
2017-05-11,53.86,54.79,52.72,54.15,9494269.0
2017-05-12,54.59,55.39,54.4,55.33,5376561.0
2017-05-15,55.37,55.7,54.96,55.16,4238959.0
2017-05-16,55.25,56.56,54.95,56.43,6600637.0
2017-05-17,55.44,56.12,54.84,54.89,4341620.0
2017-05-18,53.85,55.72,53.44,55.47,3286473.0
2017-05-19,55.45,56.4,55.11,56.15,3561391.0
2017-05-22,56.16,56.49,55.27,55.37,3938518.0
2017-05-23,55.64,55.66,54.37,54.68,3584358.0
2017-05-24,54.82,55.01,54.3,54.94,2166684.0
2017-05-25,55.43,56.04,54.94,55.71,2609545.0
2017-05-26,55.99,56.08,54.96,55.32,1777629.0
2017-05-30,55.3,55.49,54.47,55.17,2587531.0
2017-05-31,54.97,55.23,54.46,54.65,3632154.0
2017-06-01,55.0,56.56,54.92,56.14,3514988.0
2017-06-02,56.3,56.3,55.53,56.15,3261933.0
2017-06-05,56.24,56.9,55.82,56.65,3075141.0
2017-06-06,56.34,57.65,56.17,56.85,3598460.0
2017-06-07,57.0,57.44,56.69,57.38,3095768.0
2017-06-08,57.95,58.58,56.84,58.02,4768302.0
2017-06-09,58.37,58.49,54.38,55.83,6317018.0
2017-06-12,55.42,55.53,53.6,54.86,5164892.0
2017-06-13,55.44,55.54,54.55,55.06,3207383.0
2017-06-14,55.5,55.5,53.28,53.76,4306225.0
2017-06-15,53.02,53.39,51.78,52.64,7367834.0
2017-06-16,52.5,53.08,52.12,52.94,4696371.0
2017-06-19,53.72,54.01,53.28,53.92,3910168.0
2017-06-20,54.07,54.35,53.76,54.07,4249604.0
2017-06-21,54.19,55.16,53.87,55.05,2878417.0
2017-06-22,54.9,56.1,54.63,55.77,4104870.0
2017-06-23,55.67,56.03,55.36,55.63,2029492.0
2017-06-26,55.99,56.52,54.57,54.97,2752685.0
2017-06-27,55.17,55.45,53.65,54.14,2845915.0
2017-06-28,54.2,55.13,53.08,54.85,2605131.0
2017-06-29,54.47,54.84,52.67,53.85,4477369.0
2017-06-30,54.09,54.48,53.41,53.86,2465913.0
2017-07-03,54.32,54.54,53.45,53.87,1062267.0
2017-07-05,53.78,54.25,53.12,54.2,3179130.0
2017-07-06,53.73,54.0,52.81,53.13,3243265.0
2017-07-07,53.4,53.62,52.89,53.07,1882008.0
2017-07-10,53.23,54.93,53.21,54.3,2371487.0
2017-07-11,54.41,55.17,53.89,54.86,1346993.0
2017-07-12,55.39,56.16,55.23,55.98,1613649.0
2017-07-13,56.2,56.3,55.67,56.17,1415395.0
2017-07-14,56.49,57.85,56.26,57.49,2262574.0
2017-07-17,57.27,57.48,56.25,56.85,1489670.0
2017-07-18,56.9,57.74,56.42,57.63,1723221.0
2017-07-19,57.74,58.13,57.27,57.95,2750629.0
2017-07-20,58.25,58.25,56.86,57.36,1780410.0
2017-07-21,57.36,58.15,57.02,58.07,1282572.0
2017-07-24,58.07,58.18,57.41,57.94,1507902.0
2017-07-25,58.24,58.24,57.36,57.88,1123852.0
2017-07-26,58.12,60.11,58.0,59.72,2685962.0
2017-07-27,60.25,60.65,57.79,58.85,4460161.0
2017-07-28,58.85,60.22,57.8,59.71,2125579.0
2017-07-31,60.3,60.3,58.86,59.73,2425677.0
2017-08-01,59.77,60.04,59.31,59.52,2093333.0
2017-08-02,59.62,59.84,56.93,58.01,3857225.0
2017-08-03,58.0,58.52,57.13,57.42,2449704.0
2017-08-04,57.61,57.92,56.53,57.7,939649.0
2017-08-07,57.95,58.28,57.51,57.91,1702317.0
2017-08-08,58.15,59.25,58.0,58.46,1266447.0
2017-08-09,57.85,58.0,56.84,57.71,2432803.0
2017-08-10,56.88,57.04,54.35,54.55,6354632.0
2017-08-11,54.16,54.74,53.56,53.85,5597563.0
2017-08-14,54.26,54.28,52.39,52.48,7013347.0
2017-08-15,52.5,52.8,50.9,51.55,7982522.0
2017-08-16,51.99,52.01,49.88,50.14,11370996.0
2017-08-17,50.38,50.87,49.12,49.19,7922216.0
2017-08-18,49.28,50.96,49.0,50.44,6897068.0
2017-08-21,50.71,52.5,50.64,52.18,7843362.0
2017-08-22,53.35,54.25,52.28,52.51,5583171.0
2017-08-23,52.49,53.5,52.28,53.31,3848254.0
2017-08-24,53.6,53.7,52.12,52.85,3824610.0
2017-08-25,53.0,53.3,51.99,52.48,4120397.0
2017-08-28,52.52,52.54,51.43,52.17,5754334.0
2017-08-29,51.5,52.46,51.37,52.16,3539240.0
2017-08-30,52.47,53.04,52.24,52.72,4673116.0
2017-08-31,49.95,51.97,48.62,51.45,20740193.0
2017-09-01,51.03,51.42,49.86,50.63,6837196.0
2017-09-05,50.73,50.88,49.59,50.3,6443459.0
2017-09-06,50.19,50.94,49.95,50.3,2788323.0
2017-09-07,50.41,51.81,50.32,51.23,4733273.0
2017-09-08,51.34,52.03,51.3,51.54,3272727.0
2017-09-11,52.06,53.31,52.03,52.46,4328413.0
2017-09-12,52.79,52.91,51.88,52.38,3299238.0
2017-09-13,52.33,53.4,51.95,52.99,5831357.0
2017-09-14,52.85,53.94,52.75,52.97,3627280.0
2017-09-15,53.1,53.22,52.14,52.4,7014990.0
2017-09-18,52.76,54.34,52.58,53.19,4054373.0
2017-09-19,53.3,53.47,52.11,53.02,3130032.0
2017-09-20,53.32,54.56,53.16,53.45,3876373.0
2017-09-21,53.3,53.64,52.6,53.42,2224593.0
2017-09-22,52.9,53.37,52.55,52.91,2874092.0
2017-09-25,52.58,52.8,51.33,52.51,4952665.0
2017-09-26,52.71,52.88,51.65,51.75,2860812.0
2017-09-27,52.01,52.62,51.71,52.32,2910917.0
2017-09-28,52.03,53.15,51.8,52.82,2850694.0
2017-09-29,52.93,53.34,52.64,52.74,2511285.0
2017-10-02,52.84,53.83,52.25,52.98,2154584.0
2017-10-03,53.6,54.66,53.01,54.52,3919226.0
2017-10-04,54.5,55.99,54.38,55.49,4450308.0
2017-10-05,55.5,56.41,55.4,56.23,2722450.0
2017-10-06,56.14,56.46,55.58,55.71,1961293.0
2017-10-09,55.54,55.71,54.47,55.3,2581337.0
2017-10-10,54.89,54.98,53.75,54.61,3684443.0
2017-10-11,54.36,54.38,53.57,54.31,2814596.0
2017-10-12,54.66,54.86,54.08,54.74,2024448.0
2017-10-13,54.76,55.42,54.67,55.19,1810625.0
2017-10-16,55.45,55.66,55.01,55.47,1172009.0
2017-10-17,55.48,55.88,54.24,54.61,2393762.0
2017-10-18,54.54,54.61,54.01,54.27,2099822.0
2017-10-19,53.06,53.1,49.67,49.8,17859503.0
2017-10-20,50.58,50.58,48.33,48.35,13405621.0
2017-10-23,48.35,48.69,47.62,48.43,6286891.0
2017-10-24,48.96,49.21,48.04,48.05,4928482.0
2017-10-25,48.05,48.21,46.64,47.35,6675402.0
2017-10-26,47.5,47.7,46.59,46.6,4743993.0
2017-10-27,46.39,47.31,46.11,47.13,4451735.0
2017-10-30,47.65,48.18,46.99,47.01,3949691.0
2017-10-31,47.14,48.44,47.0,47.89,6053199.0
2017-11-01,48.05,49.23,47.35,47.55,12254351.0
2017-11-02,46.43,47.49,44.57,46.46,14936135.0
2017-11-03,46.76,47.19,46.12,46.4,5635681.0
2017-11-06,46.5,46.8,45.77,45.91,6612634.0
2017-11-07,46.02,46.27,45.38,45.9,5491747.0
2017-11-08,45.19,46.83,45.04,45.95,6186822.0
2017-11-09,45.65,45.95,45.03,45.9,7003105.0
2017-11-10,45.64,45.77,45.24,45.67,3231909.0
2017-11-13,45.65,46.56,45.59,46.48,5983520.0
2017-11-14,46.2,46.46,45.03,45.3,4439117.0
2017-11-15,45.0,45.88,44.55,45.87,3628862.0
2017-11-16,46.22,47.28,46.11,46.83,4565575.0
2017-11-17,47.11,48.35,47.03,47.74,5406389.0
2017-11-20,48.19,48.19,47.17,47.39,3236921.0
2017-11-21,48.16,48.56,47.61,48.11,3775343.0
2017-11-22,48.39,48.74,47.8,48.03,2968258.0
2017-11-24,47.68,47.87,47.1,47.64,2143434.0
2017-11-27,47.18,47.2,46.36,46.81,4416626.0
2017-11-28,46.74,47.06,46.16,46.67,2504427.0
2017-11-29,46.68,47.19,45.92,46.25,5398121.0
2017-11-30,46.3,47.25,46.03,46.08,4101968.0
2017-12-01,45.85,46.62,45.84,46.32,3410504.0
2017-12-04,46.65,46.65,45.51,46.12,2659773.0
2017-12-05,46.05,46.36,45.38,45.95,2873401.0
2017-12-06,45.49,45.67,44.93,45.28,6120663.0
2017-12-07,44.25,44.96,43.57,43.76,11232919.0
2017-12-08,44.06,44.88,42.88,42.98,7234533.0
2017-12-11,42.89,43.58,42.65,43.16,4553352.0
2017-12-12,42.91,43.38,42.91,43.34,5155498.0
2017-12-13,43.34,43.69,42.65,43.59,5391343.0
2017-12-14,43.93,43.93,43.04,43.57,4682395.0
2017-12-15,43.69,44.05,43.53,44.01,7029681.0
2017-12-18,44.19,44.7,43.77,44.51,5447549.0
2017-12-19,44.53,44.89,44.03,44.32,3403219.0
2017-12-20,44.59,44.72,44.3,44.4,1893548.0
2017-12-21,44.66,45.0,44.3,44.75,2618001.0
2017-12-22,44.82,45.4,44.68,45.15,2668566.0
2017-12-26,44.85,44.99,44.13,44.3,2775930.0
2017-12-27,44.05,44.83,43.53,44.64,2954427.0
2017-12-28,45.15,45.15,44.29,44.75,1593461.0
2017-12-29,45.22,45.41,43.93,44.1,4069843.0
2018-01-02,45.1,46.55,44.92,46.07,7911782.0
2018-01-03,46.7,47.2,46.0,46.6,5755972.0
2018-01-04,47.38,47.38,46.1,46.21,3920703.0
2018-01-05,46.52,47.75,46.26,47.37,5793681.0
2018-01-08,47.69,47.69,46.66,47.2,3110254.0
2018-01-09,47.5,48.04,46.7,47.67,4628159.0
2018-01-10,47.53,48.07,46.91,47.15,2975608.0
2018-01-11,47.39,48.15,47.18,47.71,3433400.0
2018-01-12,47.99,48.2,47.59,47.66,3778726.0
2018-01-16,48.28,49.1,48.1,48.22,5365674.0
2018-01-17,48.47,48.84,48.1,48.34,4014695.0
2018-01-18,48.63,48.64,47.36,47.45,5134351.0
2018-01-19,47.45,47.65,46.6,46.85,5901495.0
2018-01-22,46.0,46.21,44.83,46.14,8423683.0
2018-01-23,45.64,45.66,44.45,44.83,9630931.0
2018-01-24,44.84,45.2,44.45,44.84,6225080.0
2018-01-25,44.91,46.19,44.8,45.59,4924164.0
2018-01-26,46.04,47.07,45.79,46.84,4990664.0
2018-01-29,46.9,47.73,46.05,47.01,4435022.0
2018-01-30,46.55,47.01,46.14,46.9,3712499.0
2018-01-31,47.2,47.45,46.6,46.78,3800083.0
2018-02-01,46.58,47.96,45.72,47.25,5297913.0
2018-02-02,47.0,47.23,46.33,46.87,5681012.0
2018-02-05,46.65,47.58,46.23,46.29,7710902.0
2018-02-06,45.6,48.21,45.55,47.81,9686971.0
2018-02-07,47.59,48.32,46.24,46.27,6214310.0
2018-02-08,46.24,46.98,44.21,44.63,7792022.0
2018-02-09,44.63,45.15,43.02,43.84,7616505.0
2018-02-12,44.22,44.47,43.07,43.65,5517452.0
2018-02-13,43.7,44.68,43.5,43.98,3776646.0
2018-02-14,43.88,45.3,43.88,44.96,5676063.0
2018-02-15,45.5,46.45,45.45,46.28,5302531.0
2018-02-16,46.34,47.19,46.34,46.64,3987571.0
2018-02-20,46.35,47.25,46.19,46.37,4077632.0
2018-02-21,46.71,47.26,46.24,46.47,3420866.0
2018-02-22,46.53,47.05,46.43,46.99,2285869.0
2018-02-23,47.45,47.48,46.33,47.45,2433548.0
2018-02-26,47.17,47.31,46.89,47.09,3395974.0
2018-02-27,46.9,47.28,46.25,46.48,3357199.0
2018-02-28,46.5,46.57,45.76,45.98,4307404.0
2018-03-01,46.14,46.31,44.92,45.53,2878808.0
2018-03-02,44.98,45.65,43.9,45.63,3170059.0
2018-03-05,45.48,47.34,45.45,47.05,4979047.0
2018-03-06,47.41,47.71,46.97,47.54,3216510.0
2018-03-07,47.0,48.0,46.5,47.92,3853416.0
2018-03-08,47.78,48.44,47.54,47.89,2607296.0
2018-03-09,48.49,48.9,48.1,48.36,3969996.0
2018-03-12,48.42,49.46,48.1,49.06,5533821.0
2018-03-13,49.28,49.57,48.44,48.78,5726912.0
2018-03-14,48.37,49.49,48.31,48.73,6583413.0
2018-03-15,48.63,49.9,47.14,47.78,13205213.0
2018-03-16,48.15,49.68,48.03,49.27,11219776.0
2018-03-19,47.67,48.94,47.6,48.7,8898007.0
2018-03-20,48.15,49.98,48.0,49.62,6791536.0
2018-03-21,49.21,50.25,49.06,49.47,5778564.0
2018-03-22,48.9,49.12,47.34,48.19,6621115.0
2018-03-23,47.68,48.18,46.51,46.76,6735298.0
2018-03-26,47.36,47.86,46.45,47.5,3876464.0
2018-03-27,47.94,47.94,45.86,46.3,5389512.0
2018-03-28,46.0,46.77,45.6,46.17,4360069.0
2018-03-29,46.17,47.06,45.31,46.62,3350648.0
2018-04-02,46.62,46.76,45.31,45.77,4279306.0
2018-04-03,46.3,46.3,45.09,45.58,3382547.0
2018-04-04,44.79,46.05,44.59,45.72,4034993.0
2018-04-05,46.09,46.61,45.7,45.87,2629595.0
2018-04-06,45.61,46.08,44.36,44.8,4089954.0
2018-04-09,45.19,45.63,44.63,44.78,2769460.0
2018-04-10,45.61,46.27,45.05,46.02,4476613.0
2018-04-11,45.9,46.27,45.48,45.66,2461957.0
2018-04-12,45.68,45.99,45.34,45.38,2560777.0
2018-04-13,45.41,45.65,43.53,43.91,5847950.0
2018-04-16,43.84,43.97,42.36,42.64,7231413.0
2018-04-17,42.9,43.45,42.51,42.82,4247767.0
2018-04-18,42.9,43.64,42.76,43.34,3054331.0
2018-04-19,43.54,44.27,43.04,43.1,3845946.0
2018-04-20,43.0,43.21,42.4,42.65,4525896.0
2018-04-23,42.82,43.76,42.7,42.94,4068497.0
2018-04-24,43.48,43.8,41.64,41.7,4909805.0
2018-04-25,41.56,41.75,40.79,41.29,5861212.0
2018-04-26,41.4,41.43,40.45,40.5,5882560.0
2018-04-27,40.86,40.99,40.13,40.63,4627982.0
2018-04-30,40.94,41.48,40.63,40.9,3235238.0
2018-05-01,40.87,41.6,40.61,41.46,3408118.0
2018-05-02,41.6,41.68,41.14,41.34,1939473.0
2018-05-03,41.05,41.47,40.45,41.38,3193219.0
2018-05-04,41.02,41.66,40.59,41.18,3733437.0
2018-05-07,41.49,42.3,41.29,42.03,4630107.0
2018-05-08,42.38,43.1,42.32,42.67,4718690.0
2018-05-09,42.75,43.7,42.6,43.39,3750953.0
2018-05-10,43.49,43.85,43.3,43.41,2040881.0
2018-05-11,43.55,43.89,43.0,43.1,1772609.0
2018-05-14,43.0,43.76,43.0,43.18,1573477.0
2018-05-15,42.57,42.88,42.14,42.86,2592161.0
2018-05-16,42.92,43.12,42.15,42.74,2750175.0
2018-05-17,42.53,43.13,42.08,42.8,2666126.0
2018-05-18,42.95,43.14,42.42,43.09,2064774.0
2018-05-21,43.71,44.16,42.91,42.98,8804488.0
2018-05-22,43.02,43.55,42.8,43.44,4775391.0
2018-05-23,45.11,46.74,44.62,45.17,15901435.0
2018-05-24,45.17,46.15,44.93,45.93,5893304.0
2018-05-25,46.1,46.8,45.94,46.5,4349423.0
2018-05-29,46.0,46.47,45.04,45.52,5856234.0
2018-05-30,45.52,45.68,44.97,45.14,3769918.0
2018-05-31,45.26,45.44,44.73,45.09,5907887.0
2018-06-01,45.15,45.56,44.72,45.09,4829507.0
2018-06-04,45.04,46.47,45.04,46.41,6298867.0
2018-06-05,46.66,46.98,46.55,46.59,5737228.0
2018-06-06,46.55,48.27,46.52,48.02,9915989.0
2018-06-07,47.91,48.47,47.63,48.07,4669161.0
2018-06-08,47.62,48.95,47.48,48.89,4455544.0
2018-06-11,48.74,49.5,48.7,49.47,6848524.0
2018-06-12,49.81,51.0,49.46,50.31,7965225.0
2018-06-13,49.91,50.84,49.6,50.28,3723683.0
2018-06-14,50.39,51.42,50.35,51.14,5185854.0
2018-06-15,51.05,51.91,50.71,51.72,8778692.0
2018-06-18,51.09,51.36,50.4,51.22,3793458.0
2018-06-19,49.5,50.09,49.05,49.9,7001658.0
2018-06-20,50.01,50.19,48.89,49.67,4502309.0
2018-06-21,49.62,49.69,48.89,49.0,4270199.0
2018-06-22,49.41,49.41,48.15,48.78,2776270.0
2018-06-25,47.6,47.99,46.0,47.47,7655196.0
2018-06-26,47.68,48.0,47.06,47.32,4911902.0
2018-06-27,47.18,47.46,46.43,46.54,6316589.0
2018-06-28,46.5,48.47,46.48,48.01,5772414.0
2018-06-29,48.55,48.7,47.26,47.63,4271840.0
2018-07-02,46.76,47.08,45.93,46.96,5474800.0
2018-07-03,47.46,47.5,45.77,46.45,3863653.0
2018-07-05,46.5,46.99,44.8,45.16,5173008.0
2018-07-06,45.47,45.89,44.75,45.65,4898612.0
2018-07-09,45.95,46.08,44.81,45.16,3764498.0
2018-07-10,45.47,46.14,45.1,45.19,4437637.0
2018-07-11,45.0,45.54,44.72,45.3,3140498.0
2018-07-12,45.51,45.96,44.73,45.42,3225303.0
2018-07-13,45.37,45.66,44.8,45.0,2888208.0
2018-07-16,44.92,44.92,44.2,44.37,3131765.0
2018-07-17,43.9,44.59,43.84,44.5,3263339.0
2018-07-18,44.5,44.5,43.72,43.91,4346930.0
2018-07-19,43.71,43.72,42.01,42.12,8781209.0
2018-07-20,42.2,42.75,42.08,42.25,4589586.0
2018-07-23,42.21,42.54,42.15,42.46,4556929.0
2018-07-24,43.16,43.91,42.48,42.71,4738822.0
2018-07-25,42.92,43.4,42.37,43.24,2852722.0
2018-07-26,43.02,43.19,42.5,42.63,2719311.0
2018-07-27,43.0,43.54,42.05,42.12,4922359.0
2018-07-30,42.05,42.31,41.75,41.85,4073467.0
2018-07-31,41.93,42.2,41.0,41.15,4950915.0
2018-08-01,41.2,41.97,40.96,41.47,3455385.0
2018-08-02,40.92,41.1,40.33,41.07,4634866.0
2018-08-03,41.0,41.01,40.29,40.41,3596998.0
2018-08-06,40.54,40.73,40.36,40.53,4421191.0
2018-08-07,41.19,41.56,40.83,41.15,3296667.0
2018-08-08,40.96,41.56,40.19,40.31,3589538.0
2018-08-09,40.52,40.86,40.18,40.41,3352890.0
2018-08-10,40.13,40.32,39.92,40.0,4004611.0
2018-08-13,40.0,40.05,39.58,39.68,3374961.0
2018-08-14,39.6,40.12,39.34,39.61,4594446.0
2018-08-15,38.61,38.84,38.04,38.3,9368545.0
2018-08-16,38.6,38.78,38.2,38.32,7399986.0
2018-08-17,38.17,38.55,38.04,38.45,3360477.0
2018-08-20,38.75,39.27,38.5,39.22,4237830.0
2018-08-21,39.4,39.67,39.22,39.38,3142996.0
2018-08-22,39.53,39.72,38.93,38.99,2272350.0
2018-08-23,39.2,39.78,39.0,39.08,4018708.0
2018-08-24,39.17,39.53,39.0,39.34,2524798.0
2018-08-27,40.02,40.67,39.65,40.15,4262860.0
2018-08-28,40.44,40.49,39.64,39.72,2436575.0
2018-08-29,39.7,39.84,39.32,39.61,2935156.0
2018-08-30,39.69,39.7,39.08,39.15,4510424.0
2018-08-31,39.0,39.3,38.8,39.15,4793883.0
2018-09-04,38.93,39.02,38.31,38.46,6216401.0
2018-09-05,38.25,38.26,36.93,36.97,7926654.0
2018-09-06,38.65,39.82,38.31,38.98,14686620.0
2018-09-07,38.6,39.27,37.46,37.56,8122228.0
2018-09-10,37.53,38.09,36.75,36.85,6946204.0
2018-09-11,36.4,37.12,36.03,36.99,5255088.0
2018-09-12,36.83,37.15,35.95,36.88,5320149.0
2018-09-13,37.62,38.01,37.39,37.7,4184652.0
2018-09-14,37.8,38.4,37.75,38.04,4208772.0
2018-09-17,37.63,38.22,37.08,37.14,3873770.0
2018-09-18,37.14,37.89,37.06,37.45,3366631.0
2018-09-19,37.54,38.83,37.54,38.73,4626900.0
2018-09-20,38.75,39.68,38.72,39.48,7950206.0
2018-09-21,39.88,40.11,39.25,39.41,4424505.0
2018-09-24,38.8,39.14,38.01,38.27,5928423.0
2018-09-25,38.55,38.55,37.26,37.62,5621932.0
2018-09-26,37.96,38.57,37.78,37.85,4728360.0
2018-09-27,37.95,38.34,37.55,38.12,3487335.0
2018-09-28,37.66,38.24,37.12,37.17,6907869.0
2018-10-01,37.53,37.81,37.12,37.16,4407601.0
2018-10-02,36.92,37.79,36.54,37.47,8139265.0
2018-10-03,37.81,38.13,37.43,38.04,3934291.0
2018-10-04,37.65,37.74,36.43,36.47,6192246.0
2018-10-05,36.61,36.61,35.17,35.37,6251833.0
2018-10-08,34.64,35.11,33.9,34.56,6412825.0
2018-10-09,34.56,35.1,34.39,34.71,5422419.0
2018-10-10,34.48,35.04,33.65,33.95,9414252.0
2018-10-11,33.24,35.32,33.0,35.15,8567426.0
2018-10-12,36.05,38.96,35.96,38.65,13481525.0
2018-10-15,36.94,37.28,35.5,36.17,10172519.0
2018-10-16,36.32,36.32,34.17,34.49,9180522.0
2018-10-17,34.76,35.42,34.21,34.95,3336199.0
2018-10-18,34.64,34.77,32.41,32.76,7253172.0
2018-10-19,33.65,33.84,32.36,32.63,3703939.0
2018-10-22,33.7,34.05,33.35,33.45,5611583.0
2018-10-23,32.48,33.02,32.2,32.61,4680420.0
2018-10-24,32.5,32.5,30.38,30.47,7240494.0
2018-10-25,30.73,31.32,30.47,30.84,5261286.0
2018-10-26,30.0,31.53,29.66,31.11,4995170.0
2018-10-29,31.47,31.78,30.23,30.55,3934708.0
2018-10-30,30.43,31.3,29.8,31.18,3531099.0
2018-10-31,31.87,33.6,31.82,33.28,6196746.0
2018-11-01,33.67,35.57,33.45,34.88,5408979.0
2018-11-02,35.34,35.95,34.6,34.97,4556256.0
2018-11-05,34.74,35.03,33.76,34.09,2878353.0
2018-11-06,34.11,34.88,33.09,33.56,2790057.0
2018-11-07,34.0,34.48,33.32,34.44,4007791.0
2018-11-08,29.75,29.84,27.5,27.89,30218426.0
2018-11-09,27.27,27.4,25.78,26.13,9931706.0
2018-11-12,25.96,26.45,25.3,25.55,9881258.0
2018-11-13,25.88,26.73,25.0,25.27,11011310.0
2018-11-14,25.67,26.71,25.45,26.32,10016479.0
2018-11-15,26.41,27.16,25.97,26.32,9751140.0
2018-11-16,26.17,26.59,25.97,26.4,4091830.0
2018-11-19,26.41,26.92,26.01,26.17,5088515.0
2018-11-20,25.49,26.21,25.34,25.4,5154149.0
2018-11-21,25.94,27.8,25.83,26.99,7119798.0
2018-11-23,26.63,26.96,26.03,26.22,3732509.0
2018-11-26,26.71,27.94,26.62,27.77,6202643.0
2018-11-27,27.71,28.63,27.68,28.25,4206960.0
2018-11-28,28.53,29.13,27.9,28.86,4851189.0
2018-11-29,28.76,28.76,27.5,28.04,6433781.0
2018-11-30,28.03,28.89,27.66,28.85,4218071.0
2018-12-03,30.0,30.64,29.78,30.02,8011373.0
2018-12-04,30.0,30.55,29.39,29.63,5809982.0
2018-12-06,28.75,29.43,28.22,28.98,5236321.0
2018-12-07,28.62,29.73,28.55,28.57,4220842.0
2018-12-10,28.39,28.84,27.91,28.56,3336016.0
2018-12-11,29.09,29.58,28.43,28.44,5067072.0
2018-12-12,29.1,29.41,28.9,29.03,5088677.0
2018-12-13,29.02,29.2,28.19,28.3,2988504.0
2018-12-14,27.84,28.77,27.73,28.18,4866982.0
2018-12-17,27.95,27.95,27.04,27.31,3191494.0
2018-12-18,27.4,27.6,27.01,27.05,2651941.0
2018-12-19,27.05,27.52,25.97,26.28,3759337.0
2018-12-20,26.26,26.94,26.07,26.31,2588217.0
2018-12-21,26.58,27.07,26.0,26.49,6965674.0
2018-12-24,26.37,27.78,25.93,26.84,3189954.0
2018-12-26,27.15,28.01,26.52,27.98,3111798.0
2018-12-27,27.42,28.55,27.24,28.43,6492148.0
2018-12-28,28.46,28.67,27.46,27.75,3531569.0
2018-12-31,28.01,28.19,26.6,27.06,3289683.0
2019-01-02,26.41,27.88,26.32,27.59,3340494.0
2019-01-03,27.26,27.57,26.78,26.96,3065316.0
2019-01-04,27.47,28.86,27.45,28.55,4038667.0
2019-01-07,28.55,29.6,28.25,29.18,3795864.0
2019-01-08,29.14,29.92,28.47,29.48,4256018.0
2019-01-09,29.8,30.4,29.56,30.18,4252639.0
2019-01-10,29.84,30.22,29.55,30.08,3064340.0
2019-01-11,30.0,30.44,29.67,29.82,3002618.0
2019-01-14,29.5,30.01,29.08,29.65,3386185.0
2019-01-15,29.77,30.55,29.77,30.53,3555672.0
2019-01-16,30.55,31.45,30.31,31.09,4160877.0
2019-01-17,30.95,32.05,30.95,31.61,5880541.0
2019-01-18,31.99,32.84,31.85,32.4,5507042.0
2019-01-22,31.97,32.01,30.69,30.96,5542256.0
2019-01-23,31.05,31.7,30.14,30.29,3926319.0
2019-01-24,30.49,31.73,30.34,31.69,4773699.0
2019-01-25,32.0,32.35,31.71,32.31,3881341.0
2019-01-28,32.0,32.41,31.77,31.89,3700849.0
2019-01-29,32.09,32.23,31.03,31.69,2791931.0
2019-01-30,32.0,32.49,31.71,32.43,2848438.0
2019-01-31,32.69,33.64,32.6,33.3,5515862.0
2019-02-01,33.28,34.0,33.25,33.53,3298154.0
2019-02-04,33.24,33.78,33.12,33.66,1974971.0
2019-02-05,34.09,34.72,33.92,34.26,3766221.0
2019-02-06,34.24,34.25,33.7,33.9,2241207.0
2019-02-07,33.62,33.62,31.91,32.1,4000443.0
2019-02-08,32.01,32.49,31.76,32.38,2479949.0
2019-02-11,32.75,33.24,32.31,33.0,2503111.0
2019-02-12,33.51,33.9,33.2,33.68,3666306.0
2019-02-13,33.57,34.23,33.53,33.87,2688525.0
2019-02-14,33.71,33.92,33.18,33.74,3166677.0
2019-02-15,33.83,33.93,33.22,33.32,2421126.0
2019-02-19,33.04,33.52,33.01,33.33,6380850.0
2019-02-20,33.61,34.42,33.5,33.8,5304531.0
2019-02-21,33.72,33.85,32.26,32.52,4975456.0
2019-02-22,32.68,33.29,32.16,32.79,6227094.0
2019-02-25,33.95,34.27,33.44,34.09,6512110.0
2019-02-26,33.72,34.41,33.43,34.19,3704536.0
2019-02-27,34.0,34.08,33.38,33.92,4103256.0
2019-02-28,33.99,34.33,33.47,34.13,4119608.0
2019-03-01,34.57,35.59,34.19,34.36,4826190.0
2019-03-04,34.71,35.44,34.39,34.99,9174519.0
2019-03-05,39.79,43.0,39.28,41.91,38509501.0
2019-03-06,41.0,42.86,40.55,42.59,17486220.0
2019-03-07,41.35,41.95,39.43,40.28,14802292.0
2019-03-08,38.53,41.0,38.53,40.81,8168455.0
2019-03-11,40.9,42.5,40.8,41.92,7087025.0
2019-03-12,42.0,42.52,41.05,41.38,5681840.0
2019-03-13,41.42,41.84,41.19,41.64,4995632.0
2019-03-14,41.01,41.48,40.88,41.28,3860605.0
2019-03-15,41.52,42.14,41.37,41.67,5153725.0
2019-03-18,41.72,42.46,41.58,42.41,5081042.0
2019-03-19,42.27,42.5,41.39,41.94,3278712.0
2019-03-20,41.41,41.75,40.58,41.48,3577104.0
2019-03-21,41.07,41.84,40.78,41.79,3318140.0
2019-03-22,41.39,41.57,39.96,40.26,3845904.0
2019-03-25,39.88,41.29,39.62,41.28,4599118.0
2019-03-26,41.28,41.44,40.4,40.79,3277138.0
2019-03-27,41.04,43.0,40.83,42.31,8445894.0
2019-03-28,42.17,43.55,42.09,43.47,7551323.0
2019-03-29,43.72,44.77,43.61,43.69,5734588.0
2019-04-01,44.5,45.43,44.2,45.19,7599993.0
2019-04-02,45.0,45.44,44.4,44.62,3590289.0
2019-04-03,44.79,45.79,44.61,45.13,4537983.0
2019-04-04,44.71,45.3,43.86,44.43,4628072.0
2019-04-05,44.35,45.76,44.31,45.75,4008880.0
2019-04-08,45.5,46.12,44.9,46.01,4640397.0
2019-04-09,45.0,45.72,44.66,45.36,5163361.0
2019-04-10,45.3,45.55,44.45,44.97,3056869.0
2019-04-11,44.71,44.87,44.24,44.3,2786679.0
2019-04-12,45.48,46.5,44.89,44.98,4197918.0
2019-04-15,44.97,45.05,43.72,44.13,3084021.0
2019-04-16,44.99,44.99,44.14,44.33,2150142.0
2019-04-17,44.67,44.73,43.5,43.95,3863505.0
2019-04-18,44.01,44.53,43.64,44.43,3049947.0
2019-04-22,43.9,43.9,43.18,43.53,3418927.0
2019-04-23,43.13,43.86,42.74,43.84,5065412.0
2019-04-24,43.45,43.99,42.06,42.94,3923994.0
2019-04-25,42.59,42.79,41.88,42.5,4045537.0
2019-04-26,42.84,43.33,42.42,43.28,2055013.0
2019-04-29,43.44,44.07,43.27,44.01,2120356.0
2019-04-30,43.66,44.35,43.35,44.05,1915943.0
2019-05-01,44.32,44.59,43.43,43.54,1908445.0
2019-05-02,43.28,43.87,42.89,43.29,1975757.0
2019-05-03,43.29,44.28,43.2,44.18,2081161.0
2019-05-06,41.93,42.16,40.9,41.95,6668737.0
2019-05-07,41.96,42.16,40.38,41.04,5110038.0
2019-05-08,40.81,41.19,40.29,40.64,2895465.0
2019-05-09,39.95,40.89,39.21,40.63,5686521.0
2019-05-10,41.22,41.4,39.12,40.0,4841694.0
2019-05-13,38.56,39.07,38.0,38.07,5485296.0
2019-05-14,38.55,39.03,37.58,38.85,4034382.0
2019-05-15,38.97,39.43,38.26,38.96,2850406.0
2019-05-16,39.06,39.95,38.45,38.81,3064133.0
2019-05-17,38.12,38.25,36.5,36.7,7147869.0
2019-05-20,35.97,36.46,35.48,36.04,4939695.0
2019-05-21,36.5,38.72,36.2,37.89,7611528.0
2019-05-22,37.6,38.37,37.34,37.66,6626349.0
2019-05-23,36.4,36.67,34.87,36.46,8974704.0
2019-05-24,37.09,37.46,35.08,35.18,4762433.0
2019-05-28,35.41,35.99,34.31,34.36,6759648.0
2019-05-29,34.09,34.28,33.17,34.07,5473463.0
2019-05-30,33.79,34.9,33.5,34.68,3261564.0
2019-05-31,34.09,34.83,33.99,34.56,2852932.0
2019-06-03,34.49,34.76,33.66,33.96,4113585.0
2019-06-04,33.97,35.01,33.75,34.87,3409702.0
2019-06-05,35.21,35.36,33.05,33.73,4949434.0
2019-06-06,33.58,34.0,33.39,33.58,2619868.0
2019-06-07,33.72,34.25,33.51,33.95,3379306.0
2019-06-10,34.42,35.74,34.13,35.1,4791393.0
2019-06-11,35.9,36.8,35.55,36.19,5026654.0
2019-06-12,35.22,35.5,34.64,35.2,3843056.0
2019-06-13,35.28,35.68,34.34,34.54,3191483.0
2019-06-14,34.17,34.3,33.25,33.47,4854943.0
2019-06-17,33.8,34.2,33.45,33.86,3129110.0
2019-06-18,34.19,36.07,34.18,35.99,6818748.0
2019-06-19,36.3,36.89,35.96,36.63,3952397.0
2019-06-20,37.52,38.11,36.45,36.48,4793687.0
2019-06-21,36.05,36.59,36.0,36.05,4087815.0
2019-06-24,36.05,36.53,35.83,36.43,3166325.0
2019-06-25,36.22,36.37,34.72,35.0,3039514.0
2019-06-26,35.58,37.0,35.52,36.79,4687926.0
2019-06-27,37.01,37.51,36.77,37.11,3521041.0
2019-06-28,37.39,37.39,36.57,36.91,3177645.0
2019-07-01,38.58,39.69,38.3,38.66,6683130.0
2019-07-02,38.43,39.3,38.32,38.88,3248488.0
2019-07-03,38.96,39.01,38.17,38.69,1687030.0
2019-07-05,38.2,38.67,38.05,38.57,1528017.0
2019-07-08,38.04,38.14,36.74,36.8,2826581.0
2019-07-09,36.68,37.97,36.53,37.94,3228178.0
2019-07-10,38.46,38.88,37.79,37.96,2546962.0
2019-07-11,37.96,38.1,37.21,37.39,1610926.0
2019-07-12,37.71,37.85,37.04,37.25,1877239.0
2019-07-15,37.55,37.63,36.96,37.35,2339275.0
2019-07-16,37.47,37.47,36.84,36.86,1627337.0
2019-07-17,37.39,38.96,37.26,37.6,3487225.0
2019-07-18,37.69,38.04,37.33,38.01,2224352.0
2019-07-19,38.25,38.95,37.97,38.16,3269955.0
2019-07-22,38.06,38.64,38.0,38.56,2588256.0
2019-07-23,38.69,40.91,38.69,40.76,6605439.0
2019-07-24,40.5,40.75,39.95,40.28,3194546.0
2019-07-25,40.27,40.73,39.91,40.33,3035862.0
2019-07-26,40.49,40.53,38.99,39.19,4050031.0
2019-07-29,39.11,39.5,38.53,39.33,1691591.0
2019-07-30,38.93,39.3,38.63,39.21,2065387.0
2019-07-31,39.15,39.37,38.36,38.98,2541405.0
2019-08-01,38.98,39.87,37.05,37.29,4450436.0
2019-08-02,36.91,37.05,35.85,36.44,3562685.0
2019-08-05,34.67,35.01,32.72,33.5,8965373.0
2019-08-06,34.15,34.77,33.92,33.99,3559471.0
2019-08-07,33.33,34.3,32.87,34.15,2830929.0
2019-08-08,34.5,35.0,34.09,34.99,2299758.0
2019-08-09,34.49,34.62,33.71,33.93,1654838.0
2019-08-12,33.25,33.34,32.73,32.74,4947330.0
2019-08-13,32.78,34.2,32.14,33.44,3593663.0
2019-08-14,32.83,32.83,31.64,32.13,3742185.0
2019-08-15,32.51,32.9,31.84,32.36,2258920.0
2019-08-16,33.17,33.78,32.8,33.53,2873407.0
2019-08-19,34.48,35.37,34.38,35.3,4897219.0
2019-08-20,34.79,35.6,34.79,35.26,2659475.0
2019-08-21,35.66,35.7,34.62,34.7,2158534.0
2019-08-22,34.5,34.6,32.96,33.32,3242247.0
2019-08-23,33.03,33.36,31.93,32.14,3709812.0
2019-08-26,32.53,32.81,31.84,31.86,3468604.0
2019-08-27,31.88,32.12,31.18,31.39,3795078.0
2019-08-28,31.38,31.99,31.01,31.68,2908145.0
2019-08-29,32.21,32.32,31.75,31.87,5245770.0
2019-08-30,32.19,32.74,31.98,32.38,5355488.0
2019-09-03,32.27,32.27,31.36,31.58,5091868.0
2019-09-04,32.77,33.33,32.35,32.87,6412102.0
2019-09-05,33.11,34.85,33.11,34.1,6191480.0
2019-09-06,34.2,35.15,33.88,34.93,4624050.0
2019-09-09,34.75,35.17,34.35,35.11,4763783.0
2019-09-10,34.2,35.47,33.55,34.17,9638909.0
2019-09-11,34.41,36.6,34.12,36.12,7223755.0
2019-09-12,36.41,36.41,34.76,34.83,4971546.0
2019-09-13,35.46,36.13,35.32,36.01,3453786.0
2019-09-16,34.93,35.66,34.92,35.63,2605386.0
2019-09-17,35.5,35.5,34.92,35.24,3326529.0
2019-09-18,35.2,35.5,33.77,34.03,4225679.0
2019-09-19,34.02,34.39,33.1,33.2,5424225.0
2019-09-20,33.32,33.64,32.82,33.08,5108121.0
2019-09-23,32.99,33.0,31.89,32.04,4259451.0
2019-09-24,32.12,32.5,31.63,31.75,4543090.0
2019-09-25,31.5,32.21,31.24,32.15,3739583.0
2019-09-26,30.89,31.25,29.65,29.81,11444939.0
2019-09-27,29.33,30.7,28.55,29.02,32993289.0
2019-09-30,29.38,29.79,28.98,29.29,7620541.0
2019-10-01,29.57,30.13,29.41,29.84,5813965.0
2019-10-02,29.73,30.46,29.58,29.94,15702613.0
2019-10-03,30.26,31.07,29.96,30.8,6036522.0
2019-10-04,30.8,31.2,30.02,30.35,4267697.0
2019-10-07,30.09,30.8,29.45,29.98,5870863.0
2019-10-08,29.51,29.55,28.58,28.85,6249819.0
2019-10-09,29.31,29.45,28.83,29.03,3567702.0
2019-10-10,29.01,29.63,29.0,29.38,5550877.0
2019-10-11,30.47,31.37,30.2,30.58,5362021.0
2019-10-14,30.73,31.11,30.45,30.54,2371923.0
2019-10-15,30.72,31.43,30.51,30.86,2167998.0
2019-10-16,30.77,30.99,30.42,30.84,3673255.0
2019-10-17,31.2,31.32,30.32,30.42,2572645.0
2019-10-18,30.42,30.88,29.36,29.38,5004962.0
2019-10-21,29.59,30.79,29.51,30.28,3211246.0
2019-10-22,30.4,30.94,30.34,30.67,3563218.0
2019-10-23,30.34,31.07,30.15,30.29,3010454.0
2019-10-24,30.37,30.78,29.83,30.6,3176640.0
2019-10-25,30.36,31.14,30.24,30.82,3331536.0
2019-10-28,31.11,31.78,30.98,31.38,2828513.0
2019-10-29,31.29,31.66,30.89,31.54,2370569.0
2019-10-30,31.62,32.36,31.46,32.32,4031786.0
2019-10-31,32.43,33.09,32.12,32.99,6427351.0
2019-11-01,33.55,33.86,32.99,33.79,5251686.0
2019-11-04,34.1,35.24,34.1,34.93,6825292.0
2019-11-05,35.0,35.95,34.92,35.75,2330219.0
2019-11-06,35.75,35.86,34.85,35.05,3221179.0
2019-11-07,35.82,35.85,34.7,34.93,2879836.0
2019-11-08,35.21,35.24,33.71,34.17,3762330.0
2019-11-11,33.24,33.89,33.07,33.88,2515968.0
2019-11-12,34.0,34.08,33.56,33.77,1375577.0
2019-11-13,33.7,33.7,32.36,32.75,4622753.0
2019-11-14,32.49,32.5,30.86,31.3,6220616.0
2019-11-15,31.65,32.07,31.04,31.14,3314669.0
2019-11-18,31.11,31.77,30.98,31.43,2808414.0
2019-11-19,31.87,32.03,31.44,31.61,3062821.0
2019-11-20,31.66,31.71,30.73,31.01,3745015.0
2019-11-21,30.9,31.09,30.29,31.01,2687319.0
2019-11-22,31.33,32.41,31.25,32.33,3088621.0
2019-11-25,32.68,33.17,32.46,32.81,3775985.0
2019-11-26,32.71,32.99,32.34,32.89,4319110.0
2019-11-27,33.0,33.5,32.86,33.13,1605571.0
2019-11-29,32.89,33.25,32.68,33.24,2510584.0
2019-12-02,33.15,33.38,31.73,31.88,4538263.0
2019-12-03,31.45,31.67,31.0,31.48,4221176.0
2019-12-04,31.64,31.92,31.25,31.68,2345213.0
2019-12-05,31.68,32.47,31.55,32.22,2286965.0
2019-12-06,32.66,33.41,32.57,32.87,2351081.0
2019-12-09,32.57,32.95,32.05,32.07,2060932.0
2019-12-10,32.24,32.3,31.67,31.85,2167200.0
2019-12-11,32.0,32.2,31.88,31.97,1103085.0
2019-12-12,32.2,33.33,31.99,33.21,3770510.0
2019-12-13,33.52,34.28,33.47,33.78,3912679.0
2019-12-16,33.95,34.49,33.92,34.09,2621324.0
2019-12-17,34.13,34.52,33.83,34.0,2756801.0
2019-12-18,33.9,34.37,33.77,34.31,2672238.0
2019-12-19,34.2,34.3,33.83,34.16,2574638.0
2019-12-20,34.24,34.8,34.07,34.57,6062812.0
2019-12-23,34.81,35.0,34.58,34.66,2348420.0
2019-12-24,34.35,34.64,34.18,34.47,501707.0
2019-12-26,34.49,34.76,34.35,34.57,741457.0
2019-12-27,34.75,34.85,34.48,34.61,1361514.0
2019-12-30,34.68,34.72,34.1,34.2,1676624.0
2019-12-31,34.0,34.06,33.48,33.54,1802164.0
2020-01-02,34.94,37.27,34.5,36.97,6966446.0
2020-01-03,36.09,36.7,35.95,36.18,2573262.0
2020-01-06,35.76,35.91,35.15,35.69,2402019.0
2020-01-07,35.75,37.84,35.44,37.33,8591942.0
2020-01-08,37.09,37.46,36.71,36.87,4392950.0
2020-01-09,37.49,37.95,36.84,37.12,3358543.0
2020-01-10,37.96,37.99,36.49,36.7,3441611.0
2020-01-13,37.24,38.0,37.01,37.65,6015980.0
2020-01-14,37.28,38.51,36.91,38.5,5215752.0
2020-01-15,38.39,38.51,37.43,37.56,5319974.0
2020-01-16,38.15,38.45,37.53,38.45,5130987.0
2020-01-17,38.6,38.95,38.12,38.94,6914035.0
2020-01-21,34.56,35.91,33.57,35.86,24179873.0
2020-01-22,35.71,36.29,34.43,34.45,15775729.0
2020-01-23,33.66,34.38,33.13,34.26,9334845.0
2020-01-24,33.13,33.35,31.5,31.9,13495334.0
2020-01-27,28.97,32.76,28.92,31.45,21277832.0
2020-01-28,32.06,33.32,31.49,32.95,11283462.0
2020-01-29,33.6,33.6,32.4,32.86,7078160.0
2020-01-30,31.89,33.23,31.6,33.16,8371926.0
2020-01-31,32.51,32.95,31.82,32.13,9182031.0
2020-02-03,32.12,33.26,31.52,32.34,8149974.0
2020-02-04,33.02,34.27,32.83,34.1,8488572.0
2020-02-05,35.0,35.1,33.14,33.93,7004546.0
2020-02-06,34.05,34.41,33.38,34.07,7408965.0
2020-02-07,33.59,33.97,33.02,33.87,5379374.0
2020-02-10,33.5,33.56,32.41,32.66,7287482.0
2020-02-11,33.01,34.16,33.01,33.79,6153150.0
2020-02-12,34.13,34.69,33.84,34.31,6652216.0
2020-02-13,33.6,33.8,33.29,33.69,3830365.0
2020-02-14,33.81,33.84,33.26,33.42,1879557.0
2020-02-18,33.23,33.69,32.79,33.64,3949642.0
2020-02-19,34.0,35.05,33.9,34.79,5141050.0
2020-02-20,34.95,35.55,33.85,33.86,4591071.0
2020-02-21,33.76,33.78,32.7,33.06,5722988.0
2020-02-24,31.38,31.86,31.0,31.26,8189827.0
2020-02-25,31.87,31.99,29.96,30.15,9215595.0
2020-02-26,30.56,31.26,30.23,30.25,4950435.0
2020-02-27,29.99,30.91,29.42,30.01,8096515.0
2020-02-28,29.33,30.38,29.31,30.36,6745003.0
2020-03-02,30.63,30.7,29.78,30.5,5142323.0
2020-03-03,30.5,30.96,29.7,29.94,9520425.0
2020-03-04,30.38,30.77,30.07,30.55,4511422.0
2020-03-05,29.87,30.79,29.65,29.95,7733750.0
2020-03-06,28.71,30.11,28.6,29.62,8652752.0
2020-03-09,27.8,28.67,26.85,26.9,12680079.0
2020-03-10,28.15,29.1,27.48,29.03,7802905.0
2020-03-11,27.54,28.32,27.42,27.55,7702839.0
2020-03-12,25.35,26.87,25.25,25.91,12433994.0
2020-03-13,27.0,27.12,23.58,25.07,16398421.0
2020-03-16,22.21,24.24,20.3,22.54,9885163.0
2020-03-17,22.71,23.99,22.53,23.1,6594002.0
2020-03-18,21.78,22.88,20.1,21.63,13422370.0
2020-03-19,21.4,24.11,21.02,23.05,9543698.0
2020-03-20,24.16,25.42,22.72,22.77,11880942.0
2020-03-23,22.62,23.26,21.49,22.08,8189258.0
2020-03-24,23.11,24.44,22.91,23.52,9394430.0
2020-03-25,23.76,25.09,23.26,24.08,10152296.0
2020-03-26,24.25,25.89,23.92,25.02,8908748.0
2020-03-27,24.26,24.39,23.4,23.46,5343161.0
2020-03-30,23.19,23.45,21.57,22.51,8439352.0
2020-03-31,22.09,23.8,22.0,23.45,7007906.0
2020-04-01,22.61,22.97,21.87,22.15,6041369.0
2020-04-02,22.09,22.94,21.88,22.36,3980845.0
2020-04-03,22.15,22.47,21.53,22.01,4978452.0
2020-04-06,22.99,23.59,22.82,23.45,5834547.0
2020-04-07,24.5,25.16,24.0,24.43,8387369.0
2020-04-08,24.55,24.96,24.07,24.51,4491782.0
2020-04-09,25.0,25.27,24.31,24.82,9087803.0
2020-04-13,24.67,24.73,23.91,24.05,3628250.0
2020-04-14,24.5,24.6,23.79,23.86,7710439.0
2020-04-15,23.05,23.5,23.0,23.47,4789926.0
2020-04-16,24.0,24.0,23.05,23.24,5260447.0
2020-04-17,24.0,24.01,23.36,23.85,6118223.0
2020-04-20,23.1,23.92,22.86,23.66,7956601.0
2020-04-21,23.33,23.66,23.1,23.25,5484925.0
2020-04-22,23.59,23.78,22.92,23.0,6311260.0
2020-04-23,23.22,24.12,23.02,23.7,5936988.0
2020-04-24,24.0,24.29,23.45,23.78,5324331.0
2020-04-27,24.04,24.72,24.03,24.44,4665257.0
2020-04-28,24.92,25.15,24.18,24.47,5351081.0
2020-04-29,26.01,26.54,25.9,25.91,26568946.0
2020-04-30,26.03,26.73,25.51,25.76,9022014.0
2020-05-01,25.01,25.16,23.9,24.16,6275080.0
2020-05-04,24.16,24.6,23.68,24.04,6607976.0
2020-05-05,24.5,25.11,24.19,24.24,3200160.0
2020-05-06,24.5,24.67,23.96,24.26,3044233.0
2020-05-07,24.61,24.83,24.37,24.81,3665947.0
2020-05-08,25.11,25.65,24.92,25.12,5325935.0
2020-05-11,25.1,25.1,24.5,24.61,3289778.0
2020-05-12,24.92,24.92,24.07,24.11,5201027.0
2020-05-13,24.02,24.15,23.18,23.33,6882671.0
2020-05-14,23.0,23.66,22.35,23.66,4901494.0
2020-05-15,23.4,24.26,23.12,24.0,4614242.0
2020-05-18,24.6,25.63,24.52,25.53,10206426.0
2020-05-19,25.73,26.53,25.65,25.8,4956142.0
2020-05-20,26.0,26.52,25.05,25.72,6885016.0
2020-05-21,25.35,25.82,24.84,24.98,5514540.0
2020-05-22,24.5,24.77,23.53,23.8,6560935.0
2020-05-26,24.78,26.29,24.72,26.04,7945550.0
2020-05-27,26.28,26.58,25.3,25.83,5228723.0
2020-05-28,25.57,25.59,25.04,25.34,6160409.0
2020-05-29,25.19,26.68,24.21,26.57,13172998.0
2020-06-01,26.44,26.73,25.89,25.9,5908616.0
2020-06-02,26.05,26.82,25.9,26.65,5071872.0
2020-06-03,27.0,28.2,26.95,27.95,7004110.0
2020-06-04,28.05,28.53,27.75,28.1,6045142.0
2020-06-05,29.0,29.65,29.0,29.08,6157016.0
2020-06-08,29.31,30.0,29.19,29.52,3687590.0
2020-06-09,29.01,29.37,28.76,29.02,3843851.0
2020-06-10,29.1,29.12,27.98,28.02,4664472.0
2020-06-11,27.04,27.4,26.45,26.54,6569282.0
2020-06-12,27.3,27.49,26.29,27.14,6006407.0
2020-06-15,26.0,27.05,25.93,26.83,5239562.0
2020-06-16,27.67,27.95,25.86,25.97,8167220.0
2020-06-17,26.04,26.26,25.82,25.95,4863123.0
2020-06-18,26.33,26.58,26.01,26.09,3551143.0
2020-06-19,26.43,26.75,25.84,26.0,5774802.0
2020-06-22,26.2,26.32,25.62,26.29,4161611.0
2020-06-23,26.79,26.94,26.45,26.67,3201698.0
2020-06-24,26.3,26.47,25.64,25.81,4775562.0
2020-06-25,25.6,26.18,25.47,26.16,2900685.0
2020-06-26,26.0,26.13,25.8,26.01,2948403.0
2020-06-29,25.47,26.29,25.13,26.08,4307005.0
2020-06-30,26.0,26.19,25.79,25.92,3768137.0
2020-07-01,25.93,26.56,25.49,25.64,3700492.0
2020-07-02,26.36,27.32,26.19,26.56,5124677.0
2020-07-06,28.2,28.64,27.88,28.08,7109573.0
2020-07-07,27.25,27.48,26.95,27.04,3518827.0
2020-07-08,27.57,27.59,26.56,27.19,4827193.0
2020-07-09,27.69,27.89,26.84,26.9,6019011.0
2020-07-10,26.5,27.03,26.04,26.8,4814105.0
2020-07-13,27.0,27.41,26.67,26.84,5315876.0
2020-07-14,26.85,26.86,25.86,26.1,6055914.0
2020-07-15,26.8,28.19,26.8,28.02,6450576.0
2020-07-16,26.89,27.07,26.43,26.91,4991524.0
2020-07-17,27.11,27.2,26.87,27.08,2491979.0
2020-07-20,27.2,27.68,26.8,26.92,3254716.0
2020-07-21,27.32,28.05,27.28,27.52,4260729.0
2020-07-22,27.32,27.38,26.67,27.28,5504393.0
2020-07-23,27.01,27.38,26.69,26.83,4136286.0
2020-07-24,26.38,27.17,26.35,27.1,5227285.0
2020-07-27,26.9,27.92,26.82,27.85,4297355.0
2020-07-28,30.85,30.9,27.36,27.72,17568330.0
2020-07-29,28.0,28.25,27.57,27.95,5006618.0
2020-07-30,27.54,27.68,27.25,27.46,3558951.0
2020-07-31,27.32,27.44,26.75,27.2,3472708.0
2020-08-03,27.45,28.0,27.29,27.89,5551251.0
2020-08-04,27.93,28.04,27.35,27.78,5241625.0
2020-08-05,27.88,28.16,27.76,28.03,3858579.0
2020-08-06,28.0,28.02,27.59,27.99,2486758.0
2020-08-07,27.66,28.08,27.38,27.82,3499272.0
2020-08-10,27.84,28.71,27.83,28.4,6806127.0
2020-08-11,28.63,29.35,28.61,28.66,5365920.0
2020-08-12,28.89,29.39,28.88,29.36,5219013.0
2020-08-13,29.49,29.63,28.51,28.7,3307468.0
2020-08-14,28.8,28.81,28.35,28.54,3297232.0
2020-08-17,28.81,28.81,28.27,28.29,2766659.0
2020-08-18,28.24,28.52,28.0,28.07,2803457.0
2020-08-19,28.0,28.25,27.59,27.81,2670067.0
2020-08-20,27.79,28.17,27.72,28.0,2247632.0
2020-08-21,27.79,28.22,27.79,28.12,2999044.0
2020-08-24,28.51,28.95,28.39,28.58,4267873.0
2020-08-25,28.49,28.83,28.41,28.75,5443098.0
2020-08-26,28.7,28.76,28.26,28.6,7781446.0
2020-08-27,28.96,29.14,28.42,29.03,4215235.0
2020-08-28,29.1,30.95,29.0,30.63,6636458.0
2020-08-31,29.66,30.94,29.65,30.24,5929364.0
2020-09-01,30.76,30.76,29.71,30.65,4326269.0
2020-09-02,30.66,31.02,30.16,30.6,4648718.0
2020-09-03,30.19,30.77,29.4,30.11,4593423.0
2020-09-04,29.89,30.77,29.89,30.66,4638757.0
2020-09-08,29.87,30.66,29.52,30.19,4218806.0
2020-09-09,30.17,30.25,29.53,29.64,3743269.0
2020-09-10,29.73,29.86,28.57,28.89,4562398.0
2020-09-11,28.98,29.06,28.48,28.76,3659517.0
2020-09-14,29.39,29.82,29.02,29.41,4089510.0
2020-09-15,29.51,29.68,28.88,29.03,2338644.0
2020-09-16,29.24,29.45,28.9,29.36,3184393.0
2020-09-17,28.8,29.68,28.62,29.68,3591210.0
2020-09-18,29.96,29.96,29.0,29.43,4315157.0
2020-09-21,28.98,29.04,27.99,28.23,3442286.0
2020-09-22,28.01,28.2,27.57,27.96,3426583.0
2020-09-23,28.17,28.71,27.65,27.66,4096669.0
2020-09-24,27.55,28.15,27.32,27.75,5617765.0
2020-09-25,29.05,30.59,29.0,30.15,8366259.0
2020-09-28,30.5,32.11,30.5,32.0,7540382.0
2020-09-29,31.4,31.83,30.9,31.27,4873037.0
2020-09-30,31.4,31.74,30.9,31.14,3849930.0
2020-10-01,31.33,31.47,31.11,31.29,2196282.0
2020-10-02,30.49,31.25,30.39,31.03,2286775.0
2020-10-05,31.27,31.6,30.94,31.24,3119268.0
2020-10-06,31.39,32.52,31.29,32.03,4998122.0
2020-10-07,32.2,33.23,32.14,32.47,2921354.0
2020-10-08,32.97,33.1,32.57,32.74,2550971.0
2020-10-09,32.91,32.94,32.15,32.17,2770975.0
2020-10-12,32.34,32.67,32.02,32.46,3581564.0
2020-10-13,32.48,32.49,30.2,30.25,6221037.0
2020-10-14,30.65,30.65,29.54,29.84,3436029.0
2020-10-15,29.5,29.8,29.34,29.75,2516202.0
2020-10-16,29.99,30.12,29.67,29.91,2978650.0
2020-10-19,30.24,30.35,29.77,30.19,2568835.0
2020-10-20,30.22,30.67,29.93,30.08,2589156.0
2020-10-21,30.12,30.16,29.27,30.04,3458322.0
2020-10-22,30.02,30.79,29.84,30.74,3493695.0
2020-10-23,30.99,31.46,30.52,31.22,3273656.0
2020-10-26,31.04,31.09,30.07,30.36,3894420.0
2020-10-27,30.42,30.53,29.47,29.49,4306762.0
2020-10-28,29.21,29.78,28.83,29.33,3969467.0
2020-10-29,29.68,30.23,29.26,29.47,3098764.0
2020-10-30,29.09,29.36,28.51,28.76,3722278.0
2020-11-02,29.37,29.44,28.69,29.32,3442147.0
2020-11-03,29.11,29.32,28.91,29.15,2493151.0
2020-11-04,29.7,30.76,29.46,30.54,3034034.0
2020-11-05,30.81,32.6,30.8,32.27,4533313.0
2020-11-06,31.43,32.24,31.42,32.12,2391279.0
2020-11-09,35.8,37.45,35.66,36.57,12573151.0
2020-11-10,35.48,36.56,35.13,36.13,7019874.0
2020-11-11,35.43,36.09,33.04,35.5,7181454.0
2020-11-12,35.66,35.66,33.87,33.92,4524730.0
2020-11-13,34.06,34.7,33.29,34.65,5516009.0
2020-11-16,35.33,35.42,33.91,34.54,3499918.0
2020-11-17,34.91,35.18,34.41,35.01,3405941.0
2020-11-18,35.0,35.0,33.6,33.69,4959709.0
2020-11-19,33.59,34.1,33.34,33.68,4216371.0
2020-11-20,34.16,34.16,33.42,33.72,3049497.0
2020-11-23,34.08,34.1,33.28,33.66,4321511.0
2020-11-24,34.4,34.48,33.44,33.84,2880599.0
2020-11-25,33.9,34.14,32.96,33.33,3131910.0
2020-11-27,33.49,34.23,33.34,34.21,2181547.0
2020-11-30,33.68,34.49,33.53,33.59,6420755.0
2020-12-01,33.83,34.75,33.4,34.41,3985337.0
2020-12-02,34.12,34.2,32.5,33.15,6422003.0
2020-12-03,33.78,35.58,33.47,35.22,5595759.0
2020-12-04,35.14,35.4,33.79,35.06,3398542.0
2020-12-07,35.15,35.52,34.25,34.49,2285211.0
2020-12-08,34.33,34.49,33.74,34.45,2699930.0
2020-12-09,34.46,34.9,33.81,33.96,2186545.0
2020-12-10,33.7,34.45,33.42,34.21,1861233.0
2020-12-11,34.28,34.28,32.83,32.96,3005155.0
2020-12-14,33.2,34.09,33.01,33.86,3244854.0
2020-12-15,34.13,34.38,33.68,34.16,2117697.0
2020-12-16,34.49,35.27,34.44,35.14,3545355.0
2020-12-17,35.04,35.19,34.37,34.91,2219476.0
2020-12-18,35.04,35.07,34.14,34.61,3597131.0
2020-12-21,33.34,33.74,33.07,33.6,3379915.0
2020-12-22,33.73,33.75,32.85,32.95,1672164.0
2020-12-23,32.96,33.06,32.39,32.63,2741992.0
2020-12-24,32.22,32.3,31.58,31.99,4290636.0
2020-12-28,32.34,32.36,31.19,31.9,3456115.0
2020-12-29,32.0,32.16,31.74,32.03,2510830.0
2020-12-30,32.06,33.52,32.05,33.25,2189083.0
2020-12-31,33.45,33.77,32.88,33.73,2394511.0
2021-01-04,33.84,34.38,32.95,33.5,5922254.0
2021-01-05,33.45,34.84,33.35,34.25,3612992.0
2021-01-06,33.63,34.2,33.28,33.59,4797221.0
2021-01-07,33.41,33.58,32.42,33.2,2792789.0
2021-01-08,33.6,34.08,33.34,33.75,3815710.0
2021-01-11,33.97,34.17,32.98,33.11,4498913.0
2021-01-12,33.15,33.34,32.31,32.66,2967847.0
2021-01-13,32.64,33.38,32.51,32.98,1911319.0
2021-01-14,33.13,33.53,32.87,33.0,2129851.0
2021-01-15,33.29,33.44,32.7,33.13,2728781.0
2021-01-19,33.0,33.75,32.96,33.67,4157368.0
2021-01-20,33.82,34.59,33.56,34.58,5151015.0
2021-01-21,33.69,34.07,33.15,33.69,5889892.0
2021-01-22,33.5,33.62,32.61,33.58,3296087.0
2021-01-25,33.49,33.88,32.44,32.78,2455756.0
2021-01-26,32.73,32.76,31.85,31.97,4193067.0
2021-01-27,31.6,32.56,31.0,31.83,10117994.0
2021-01-28,32.35,33.1,31.53,32.6,4307311.0
2021-01-29,32.12,32.34,31.07,31.83,3688008.0
2021-02-01,32.22,32.41,30.99,31.15,7021885.0
2021-02-02,31.76,32.35,31.25,32.01,6918567.0
2021-02-03,31.69,32.1,31.24,31.86,6632698.0
2021-02-04,32.21,32.84,31.95,32.79,3585602.0
2021-02-05,33.05,35.14,33.0,34.92,6035305.0
2021-02-08,34.9,35.78,34.58,35.4,3201197.0
2021-02-09,34.8,35.74,34.62,35.5,2354166.0
2021-02-10,36.0,37.08,35.78,36.5,2775818.0
2021-02-11,36.68,37.7,36.57,37.58,2954496.0
2021-02-12,37.27,37.76,36.87,37.01,1685823.0
2021-02-16,37.99,38.79,37.79,38.61,3629523.0
2021-02-17,39.1,39.1,37.62,38.16,2951346.0
2021-02-18,37.53,38.23,36.9,37.99,3467188.0
2021-02-19,38.51,41.04,38.46,38.99,6908750.0
2021-02-22,39.71,40.27,38.9,40.0,4898354.0
2021-02-23,41.7,41.85,39.92,40.91,9994586.0
2021-02-24,41.39,41.39,39.91,40.69,3592115.0
2021-02-25,41.0,41.15,39.31,39.58,6754934.0
2021-02-26,39.0,40.03,38.72,39.45,5182309.0
2021-03-01,40.49,40.5,39.3,39.76,4208833.0
2021-03-02,39.75,40.39,39.65,39.78,6122539.0
2021-03-03,39.91,40.48,39.51,39.8,8070347.0
2021-03-04,40.98,41.0,38.6,39.06,9487017.0
2021-03-05,39.55,40.08,38.87,39.74,7497042.0
2021-03-08,39.28,39.74,38.63,39.17,4880124.0
2021-03-09,39.72,41.0,39.62,40.19,9968794.0
2021-03-10,40.75,40.75,38.91,39.55,6248811.0
2021-03-11,40.0,41.47,39.83,41.41,6632625.0
2021-03-12,40.75,43.98,40.75,43.38,9903934.0
2021-03-15,43.8,44.66,43.38,43.86,5836213.0
2021-03-16,44.19,45.08,43.91,44.57,4437162.0
2021-03-17,44.02,45.19,43.5,44.12,6054306.0
2021-03-18,43.68,43.97,41.99,42.12,4631898.0
2021-03-19,41.58,42.06,41.08,41.9,4424997.0
2021-03-22,42.4,42.63,41.13,41.21,3103325.0
2021-03-23,40.97,40.97,39.65,39.74,3548867.0
2021-03-24,39.31,39.52,37.69,37.89,4538137.0
2021-03-25,37.75,38.58,37.25,37.9,4438863.0
2021-03-26,38.14,39.15,36.15,37.28,5940502.0
2021-03-29,37.5,38.32,36.79,38.18,6339982.0
2021-03-30,37.93,39.73,37.93,39.56,5259978.0
2021-03-31,39.92,40.0,39.17,39.63,5204231.0
2021-04-01,40.72,40.76,39.62,40.14,4196420.0
2021-04-05,40.79,40.79,39.41,39.69,2695669.0
2021-04-06,40.15,40.89,40.01,40.18,2713592.0
2021-04-07,39.81,40.1,38.19,38.81,6363988.0
2021-04-08,38.71,39.0,37.97,38.55,3776214.0
2021-04-09,38.5,38.5,37.06,37.21,3993864.0
2021-04-12,37.03,37.06,35.09,35.2,11068693.0
2021-04-13,35.12,35.45,34.84,35.14,5013820.0
2021-04-14,35.52,36.44,35.27,35.67,5481939.0
2021-04-15,35.85,36.22,35.35,36.1,4827232.0
2021-04-16,36.31,36.86,36.22,36.51,6269239.0
2021-04-19,36.51,37.55,36.49,37.01,10099381.0
2021-04-20,37.26,37.62,35.79,36.61,4398146.0
2021-04-21,36.61,38.12,36.52,38.05,4924694.0
2021-04-22,38.5,39.02,38.27,38.33,3375245.0
2021-04-23,39.18,39.3,38.33,38.54,3163339.0
2021-04-26,38.55,39.22,38.37,39.17,1853780.0
2021-04-27,39.12,39.44,38.87,39.27,1719193.0
2021-04-28,39.59,40.84,39.57,40.73,4937811.0
2021-04-29,41.0,41.5,39.73,40.02,2702914.0
2021-04-30,39.13,39.5,38.85,39.08,2514498.0
2021-05-03,39.61,39.66,38.51,38.56,4724432.0
2021-05-04,38.35,38.56,37.4,38.39,3927746.0
2021-05-05,37.71,38.89,37.59,38.46,4622917.0
2021-05-06,39.09,40.03,38.93,39.29,4010692.0
2021-05-07,39.15,39.88,38.9,39.22,3267882.0
2021-05-10,38.6,38.67,36.64,36.81,4643969.0
2021-05-11,36.09,37.27,35.93,37.16,4317101.0
2021-05-12,37.0,37.27,35.93,36.13,3752813.0
2021-05-13,36.21,37.02,35.73,36.01,2798910.0
2021-05-14,36.49,37.63,36.32,37.51,4021810.0
2021-05-17,38.63,39.29,37.53,38.92,5660745.0
2021-05-18,39.31,40.0,39.3,39.44,5345032.0
2021-05-19,39.22,41.39,38.42,41.02,6143570.0
2021-05-20,40.76,41.71,40.52,41.3,4055865.0
2021-05-21,41.69,41.69,39.4,39.77,3200162.0
2021-05-24,40.1,40.16,39.06,39.34,2949694.0
2021-05-25,39.77,40.97,39.47,39.77,3877826.0
2021-05-26,39.86,40.79,39.86,40.67,3041008.0
2021-05-27,40.9,40.96,40.1,40.66,7377776.0
2021-05-28,40.8,41.91,40.69,41.85,4887908.0
2021-06-01,41.81,42.04,40.08,40.17,4961548.0
2021-06-02,40.04,40.29,39.52,39.68,2876690.0
2021-06-03,39.14,39.64,38.87,39.19,2447778.0
2021-06-04,39.58,39.59,38.97,39.24,3343772.0
2021-06-07,38.9,39.14,37.54,37.68,4354036.0
2021-06-08,37.92,38.35,37.31,37.47,3827631.0
2021-06-09,37.72,38.15,37.36,37.69,3611561.0
2021-06-10,37.72,37.92,36.86,37.38,5393119.0
2021-06-11,37.55,37.78,37.25,37.52,4343985.0
2021-06-14,37.58,37.78,36.75,37.19,4548249.0
2021-06-15,37.27,37.31,36.78,37.08,2405399.0
2021-06-16,37.46,38.07,36.98,37.45,4085487.0
2021-06-17,37.37,38.21,37.11,37.26,3486498.0
2021-06-18,37.35,37.39,36.79,36.88,5925390.0
2021-06-21,36.83,37.28,36.31,36.86,3008542.0
2021-06-22,36.5,36.77,35.77,36.69,4427652.0
2021-06-23,37.0,37.4,36.4,36.49,3597454.0
2021-06-24,36.7,37.0,36.48,36.76,2596640.0
2021-06-25,36.8,36.98,35.17,35.73,7425778.0
2021-06-28,35.6,36.1,34.65,35.59,5350251.0
2021-06-29,35.2,35.68,35.02,35.51,3245607.0
2021-06-30,35.51,36.23,35.15,35.46,2978844.0
2021-07-01,35.87,36.06,35.14,35.34,2476237.0
2021-07-02,35.38,35.69,35.11,35.49,1935093.0
2021-07-06,34.68,34.96,34.28,34.42,5154207.0
2021-07-07,34.2,34.56,33.34,33.44,3378308.0
2021-07-08,32.74,32.99,31.71,31.99,10049908.0
2021-07-09,32.32,32.49,31.61,32.18,4564988.0
2021-07-12,31.9,32.12,31.43,31.82,2504365.0
2021-07-13,32.03,32.61,32.0,32.14,2967032.0
2021-07-14,32.5,32.94,31.84,31.98,3953066.0
2021-07-15,32.0,32.27,31.17,31.6,5235763.0
2021-07-16,31.59,31.66,30.05,30.22,9061353.0
2021-07-19,29.88,29.9,28.69,28.86,11699212.0
2021-07-20,29.03,29.33,28.13,28.89,8040313.0
2021-07-21,28.99,29.51,28.92,29.16,5335420.0
2021-07-22,29.39,29.43,28.14,28.56,5875187.0
2021-07-23,28.15,28.17,26.93,27.23,10975045.0
2021-07-26,25.57,26.48,23.9,25.35,11676093.0
2021-07-27,24.74,26.24,24.7,25.99,12665301.0
2021-07-28,27.41,28.27,26.56,27.99,12431785.0
2021-07-29,28.6,28.9,26.87,27.74,11468992.0
2021-07-30,26.9,27.43,25.75,25.93,7880753.0
2021-08-02,26.15,26.72,25.92,25.99,5345959.0
2021-08-03,25.8,25.98,24.33,24.59,10187404.0
2021-08-04,24.71,25.06,24.09,24.18,6084951.0
2021-08-05,24.09,25.15,23.93,24.73,4012288.0
2021-08-06,25.19,25.3,24.52,24.67,3527498.0
2021-08-09,24.91,25.02,24.34,24.85,3113821.0
2021-08-10,25.05,25.12,24.36,24.62,4212625.0
2021-08-11,24.9,25.09,24.32,24.53,4385407.0
2021-08-12,24.25,24.35,23.61,23.99,5394068.0
2021-08-13,24.27,24.95,23.71,24.91,5542240.0
2021-08-16,24.77,24.91,24.45,24.85,5065701.0
2021-08-17,24.39,24.68,23.97,24.06,4267335.0
2021-08-18,24.32,25.56,24.0,25.18,6919742.0
2021-08-19,24.59,26.74,24.45,26.53,11857176.0
2021-08-20,26.49,27.07,25.5,26.29,7317764.0
2021-08-23,26.16,27.5,25.91,27.4,6158706.0
2021-08-24,28.55,29.05,28.08,28.76,7800049.0
2021-08-25,29.24,29.4,28.64,29.02,3739008.0
2021-08-26,28.72,29.1,28.42,28.71,2855356.0
2021-08-27,28.64,29.34,28.37,28.43,3250409.0
2021-08-30,28.39,28.97,27.78,28.59,3599321.0
2021-08-31,29.27,30.55,28.98,30.49,6504182.0
2021-09-01,31.01,32.1,30.85,31.69,6884547.0
2021-09-02,31.12,31.62,30.7,31.24,3553091.0
2021-09-03,30.76,31.54,30.72,31.42,4067499.0
2021-09-07,31.52,32.91,31.52,32.32,3487882.0
2021-09-08,32.22,32.64,31.44,32.18,3528483.0
2021-09-09,31.28,31.93,31.14,31.81,3196642.0
2021-09-10,32.0,32.47,30.65,30.91,7377055.0
2021-09-13,30.3,30.4,28.87,29.34,8698894.0
2021-09-14,29.27,29.57,28.06,28.4,5566829.0
2021-09-15,28.0,28.69,27.31,28.59,5598960.0
2021-09-16,27.88,28.9,27.65,28.61,4048280.0
2021-09-17,29.04,29.27,28.26,28.82,4540987.0
2021-09-20,27.9,28.28,26.92,27.96,6366498.0
2021-09-21,27.97,28.73,27.97,28.29,3099836.0
2021-09-22,28.73,29.4,28.56,28.92,3852559.0
2021-09-23,28.89,29.34,28.62,29.32,2794250.0
2021-09-24,29.09,29.1,27.69,29.07,4148215.0
2021-09-27,28.8,30.26,28.33,30.06,4293239.0
2021-09-28,29.52,30.85,29.51,30.01,4020500.0
2021-09-29,29.76,30.3,29.44,29.67,3112583.0
2021-09-30,29.8,31.04,29.69,30.75,6091958.0
2021-10-01,30.79,31.4,30.46,31.0,3557836.0
2021-10-04,31.0,31.0,30.09,30.33,3483170.0
2021-10-05,30.19,31.47,30.14,31.43,3298728.0
2021-10-06,30.86,31.43,30.72,31.12,2961355.0
2021-10-07,31.62,32.2,31.41,31.61,3743889.0
2021-10-08,31.62,32.14,31.43,31.82,2667035.0
2021-10-11,32.48,32.6,31.63,31.65,2418431.0
2021-10-12,31.57,32.47,31.55,31.67,4113069.0
2021-10-13,31.97,32.57,31.77,32.2,2560678.0
2021-10-14,32.4,32.66,31.84,32.14,3035520.0
2021-10-15,32.87,33.27,32.03,32.72,3943239.0
2021-10-18,32.51,32.58,31.36,31.82,3594157.0
2021-10-19,31.21,31.37,30.48,31.28,4800185.0
2021-10-20,31.34,31.6,30.43,31.19,3778976.0
2021-10-21,31.0,31.58,30.76,31.2,3351954.0
2021-10-22,31.11,31.57,30.34,30.44,3256048.0
2021-10-25,29.7,29.7,28.02,29.1,8640159.0
2021-10-26,29.08,29.14,28.4,28.86,5189004.0
2021-10-27,28.7,29.19,28.5,28.95,3748952.0
2021-10-28,28.55,29.09,28.35,28.87,5654356.0
2021-10-29,28.86,28.91,27.92,28.56,4950834.0
2021-11-01,28.41,29.56,28.3,29.42,4500583.0
2021-11-02,28.74,29.01,28.37,28.93,3816470.0
2021-11-03,28.85,29.09,28.6,28.62,6642510.0
2021-11-04,28.88,28.93,28.02,28.61,6081186.0
2021-11-05,29.44,30.53,29.36,30.21,6229105.0
2021-11-08,30.84,31.6,30.75,31.12,5808741.0
2021-11-09,31.03,31.04,30.05,30.41,3441914.0
2021-11-10,30.68,31.25,30.21,30.38,4019331.0
2021-11-11,30.63,31.38,30.08,30.94,3302968.0
2021-11-12,30.81,31.18,30.58,30.93,3180879.0
2021-11-15,31.15,31.41,30.8,30.87,1936724.0
2021-11-16,31.25,31.29,29.89,29.97,4052036.0
2021-11-17,29.8,29.93,28.92,29.37,3162266.0
2021-11-18,28.61,29.56,28.61,29.45,3991694.0
2021-11-19,29.19,29.79,28.84,29.03,3984527.0
2021-11-22,28.99,29.55,28.71,29.23,2848869.0
2021-11-23,29.33,29.77,29.0,29.28,2129319.0
2021-11-24,28.95,29.45,28.66,29.09,3581857.0
2021-11-26,27.2,27.91,26.1,27.85,6973328.0
2021-11-29,27.75,27.82,26.57,27.12,6641111.0
2021-11-30,27.1,27.63,26.87,27.5,7881021.0
2021-12-01,28.1,28.66,27.79,27.95,6832502.0
2021-12-02,28.2,29.38,28.17,28.77,6187096.0
2021-12-03,27.99,28.29,24.94,25.26,9609484.0
2021-12-06,25.01,26.68,24.65,26.65,5063085.0
2021-12-07,27.41,28.45,27.13,27.87,6022974.0
2021-12-08,27.55,27.79,26.66,27.08,4246715.0
2021-12-09,26.89,26.91,26.08,26.09,4034036.0
2021-12-10,26.15,26.4,25.55,26.01,9348434.0
2021-12-13,25.5,25.71,24.35,25.08,16740547.0
2021-12-14,24.95,25.92,24.65,24.99,6086781.0
2021-12-15,24.69,24.74,23.19,24.28,9744521.0
2021-12-16,24.47,24.68,22.25,22.45,8863322.0
2021-12-17,22.15,23.48,21.53,22.86,34255386.0
2021-12-20,22.13,22.35,21.4,21.74,5821953.0
2021-12-21,22.41,23.9,22.11,23.56,6169472.0
2021-12-22,22.9,23.47,22.58,22.88,4120483.0
2021-12-23,22.99,23.85,22.83,23.79,5621804.0
2021-12-27,23.47,23.94,23.27,23.57,3971741.0
2021-12-28,23.5,23.78,23.14,23.29,2622089.0
2021-12-29,23.55,23.55,22.49,22.87,4351855.0
2021-12-30,22.88,25.18,22.81,24.76,4630951.0
2021-12-31,24.56,25.29,24.41,24.62,3033322.0
2022-01-03,24.53,25.38,24.2,25.14,8366984.0
2022-01-04,25.51,25.86,24.75,25.69,5399609.0
2022-01-05,25.04,25.55,24.63,24.94,4599995.0
2022-01-06,25.19,25.9,24.76,25.19,4761303.0
2022-01-07,25.42,25.8,24.75,25.02,4358523.0
2022-01-10,25.37,25.37,23.14,23.23,8281829.0
2022-01-11,23.55,24.34,23.4,24.0,8198281.0
2022-01-12,25.08,25.2,24.23,24.86,5165420.0
2022-01-13,24.55,24.98,24.0,24.13,5448345.0
2022-01-14,24.33,24.93,23.58,23.72,5200858.0
2022-01-18,23.57,23.79,23.11,23.35,6516532.0
2022-01-19,23.66,24.28,23.44,23.47,3119823.0
2022-01-20,25.05,26.26,24.58,25.21,9981805.0
2022-01-21,25.65,26.49,25.48,25.77,9305710.0
2022-01-24,25.22,25.87,24.36,25.79,5818130.0
2022-01-25,25.14,25.73,25.08,25.47,4545068.0
2022-01-26,25.9,26.09,25.1,25.33,7306535.0
2022-01-27,25.68,25.68,24.31,24.35,3855620.0
2022-01-28,24.39,25.36,23.63,25.33,4749764.0
2022-01-31,25.84,26.77,25.68,26.61,3495011.0
2022-02-01,26.66,27.14,26.3,27.06,3863727.0
2022-02-02,27.2,27.2,26.29,26.29,2836192.0
2022-02-03,26.11,26.45,25.83,26.17,2662820.0
2022-02-04,26.3,27.24,26.17,27.14,4357188.0
2022-02-07,27.05,27.76,27.0,27.36,9323937.0
2022-02-08,27.5,28.58,27.05,28.46,6471466.0
2022-02-09,28.89,29.8,28.85,29.59,7341706.0
2022-02-10,29.29,30.16,29.26,29.84,5138174.0
2022-02-11,29.84,30.38,28.96,29.14,6760345.0
2022-02-14,28.65,29.66,28.6,29.58,5942908.0
2022-02-15,30.01,30.71,29.86,30.42,10123797.0
2022-02-16,30.03,30.26,29.63,30.01,7071147.0
2022-02-17,29.58,30.26,29.58,29.8,6584289.0
2022-02-18,29.12,29.71,28.44,28.57,7533125.0
2022-02-22,27.58,28.13,26.96,27.65,8746084.0
2022-02-23,27.89,27.89,26.14,27.02,8686335.0
2022-02-24,25.7,26.88,25.51,26.87,8283080.0
2022-02-25,26.97,27.07,26.17,26.96,5020941.0
2022-02-28,26.36,26.69,25.71,25.82,4665973.0
2022-03-01,25.8,26.5,25.59,25.79,4171487.0
2022-03-02,26.76,28.15,26.5,27.87,10017442.0
2022-03-03,28.1,28.4,26.5,26.99,8246522.0
2022-03-04,26.71,27.39,24.72,25.0,6246487.0
2022-03-07,24.0,24.37,22.16,22.19,10153668.0
2022-03-08,22.48,23.58,21.57,22.9,5770390.0
2022-03-09,23.77,24.71,23.77,24.14,4900339.0
2022-03-10,22.52,22.77,20.5,21.22,13223771.0
2022-03-11,21.56,21.66,19.36,19.37,13704389.0
2022-03-14,17.13,18.47,14.29,16.75,22156555.0
2022-03-15,15.93,18.53,15.31,18.18,14682929.0
2022-03-16,22.68,24.71,21.44,23.34,18891154.0
2022-03-17,22.07,22.8,21.42,22.31,9134368.0
2022-03-18,22.27,24.29,22.01,23.21,9666437.0
2022-03-21,22.0,22.71,21.0,22.52,9034979.0
2022-03-22,23.72,25.0,23.52,24.18,9882293.0
2022-03-23,23.49,24.83,23.11,24.02,7747793.0
2022-03-24,25.14,25.83,23.28,24.5,7124782.0
2022-03-25,23.22,23.64,21.9,22.44,8798915.0
2022-03-28,22.62,23.6,22.62,23.45,6004692.0
2022-03-29,24.84,25.84,24.2,24.23,5294266.0
2022-03-30,23.79,24.67,23.56,24.31,3072275.0
2022-03-31,23.66,24.11,22.8,23.12,3726289.0
2022-04-01,24.7,25.4,24.23,24.55,3940946.0
2022-04-04,25.37,25.43,24.16,24.37,3924702.0
2022-04-05,24.49,24.52,23.24,23.49,3486779.0
2022-04-06,23.19,23.57,22.12,23.41,3895247.0
2022-04-07,23.35,23.39,22.16,22.37,6467527.0
2022-04-08,22.29,22.54,21.9,22.07,4196536.0
2022-04-11,21.44,21.92,21.16,21.49,7855242.0
2022-04-12,22.15,23.03,21.88,22.13,4890334.0
2022-04-13,22.4,22.87,21.86,22.82,4991339.0
2022-04-14,22.94,23.56,22.88,23.14,2823046.0
2022-04-18,22.55,22.87,22.01,22.68,2438011.0
2022-04-19,22.49,22.84,22.2,22.76,2773153.0
2022-04-20,22.76,22.76,21.94,22.02,3202536.0
2022-04-21,22.05,22.25,21.13,21.55,4403347.0
2022-04-22,21.75,22.84,21.48,21.82,3923030.0
2022-04-25,20.91,21.68,20.16,21.62,6034806.0
2022-04-26,21.0,21.32,20.34,20.71,3749670.0
2022-04-27,21.03,22.13,20.82,21.67,3357273.0
2022-04-28,21.9,22.45,21.47,22.29,2617131.0
2022-04-29,23.8,24.98,23.58,23.65,6170740.0
2022-05-02,23.76,24.36,23.46,23.68,4212298.0
2022-05-03,24.0,24.67,23.49,23.54,3115905.0
2022-05-04,22.9,23.72,22.46,23.6,3127858.0
2022-05-05,22.63,23.08,21.75,22.42,3029382.0
2022-05-06,21.97,22.01,20.9,21.3,4105517.0
2022-05-09,20.72,20.72,19.51,19.71,5144275.0
2022-05-10,20.42,20.42,19.41,19.62,5133413.0
2022-05-11,20.3,20.98,19.53,19.99,5110188.0
2022-05-12,19.08,19.89,18.46,19.49,6862184.0
2022-05-13,20.0,21.24,19.84,20.88,7122456.0
2022-05-16,21.33,21.98,20.85,20.98,4176573.0
2022-05-17,22.09,22.52,21.32,21.65,3952352.0
2022-05-18,21.4,22.08,20.94,21.53,4177115.0
2022-05-19,21.14,21.55,20.91,20.98,6267928.0
2022-05-20,21.65,22.1,21.07,21.39,5459724.0
2022-05-23,21.36,21.42,20.05,20.33,6136320.0
2022-05-24,19.8,19.84,18.66,19.35,7763925.0
2022-05-25,19.67,20.05,19.23,19.57,6362601.0
2022-05-26,19.97,21.47,19.72,21.11,6445701.0
2022-05-27,21.49,21.51,20.83,21.3,5566946.0
2022-05-31,22.36,22.53,21.69,22.06,8490105.0
2022-06-01,22.34,22.76,21.31,21.78,4849881.0
2022-06-02,21.67,22.15,21.5,22.12,4804502.0
2022-06-03,21.68,22.09,21.15,21.73,4369725.0
2022-06-06,23.12,23.7,22.67,22.77,13053668.0
2022-06-07,22.55,23.46,22.35,23.3,4319343.0
2022-06-08,23.61,25.57,23.61,25.36,11135442.0
2022-06-09,23.98,24.06,22.85,23.04,6362132.0
2022-06-10,22.94,23.32,22.23,22.43,6628504.0
2022-06-13,21.3,21.51,20.32,20.54,5196118.0
2022-06-14,21.14,22.61,21.01,22.18,4038952.0
2022-06-15,22.32,22.72,21.84,21.92,5321075.0
2022-06-16,20.92,21.12,20.5,20.79,3547765.0
2022-06-17,21.72,21.98,21.13,21.35,5337008.0
2022-06-21,22.61,23.26,21.98,23.07,7212250.0
2022-06-22,22.58,23.51,22.36,22.82,4414476.0
2022-06-23,23.35,23.56,22.15,22.73,3213819.0
2022-06-24,23.57,24.02,23.26,23.65,3913860.0
2022-06-27,24.99,25.0,24.03,24.57,7046552.0
2022-06-28,27.94,29.31,26.8,27.22,23032626.0
2022-06-29,28.08,29.04,26.83,27.9,12563728.0
2022-06-30,27.22,27.48,26.24,27.45,8411431.0
2022-07-01,27.07,27.81,26.84,27.79,18314650.0
2022-07-05,26.71,26.87,25.61,26.0,7710147.0
2022-07-06,26.06,26.06,24.43,24.9,7908272.0
2022-07-07,25.53,26.77,25.4,26.63,7689569.0
2022-07-08,26.36,26.69,25.65,26.16,4092641.0
2022-07-11,24.67,24.85,23.88,24.51,6400485.0
2022-07-12,24.03,24.9,24.03,24.59,3455128.0
2022-07-13,24.58,26.5,24.26,26.11,6493677.0
2022-07-14,25.83,26.12,25.17,25.5,3428234.0
2022-07-15,24.8,25.45,24.49,25.36,3639122.0
2022-07-18,25.83,26.77,25.52,25.61,3318750.0
2022-07-19,25.7,27.14,25.7,26.74,5956348.0
2022-07-20,26.7,27.1,26.23,26.52,3353638.0
2022-07-21,26.84,27.24,26.5,27.03,3309666.0
2022-07-22,26.77,27.14,26.29,26.51,1961486.0
2022-07-25,26.56,26.89,26.28,26.83,3130748.0
2022-07-26,27.06,27.18,26.24,26.24,2660603.0
2022-07-27,26.66,26.9,26.02,26.55,2724232.0
2022-07-28,26.3,26.61,24.7,26.17,3627888.0
2022-07-29,25.18,26.07,25.16,25.78,4602061.0
2022-08-01,25.41,25.64,24.68,25.23,4185461.0
2022-08-02,24.43,25.77,24.42,25.3,3510139.0
2022-08-03,25.26,26.33,25.18,26.26,2167642.0
2022-08-04,26.99,27.39,26.39,26.8,2919241.0
2022-08-05,26.09,26.7,26.05,26.52,1744707.0
2022-08-08,26.52,27.03,25.33,25.42,3514755.0
2022-08-09,25.42,25.72,25.32,25.61,1976803.0
2022-08-10,25.8,25.85,25.1,25.36,3421242.0
2022-08-11,25.64,26.99,25.61,25.94,3586783.0
2022-08-12,25.3,26.29,25.16,26.28,1608730.0
2022-08-15,26.0,26.71,26.0,26.44,1935947.0
2022-08-16,26.11,26.66,26.11,26.56,2061812.0
2022-08-17,26.5,26.73,26.06,26.19,2674045.0
2022-08-18,25.96,26.13,25.52,25.93,1672409.0
2022-08-19,25.93,26.16,25.64,26.11,1854950.0
2022-08-22,26.0,26.95,25.76,26.56,4206993.0
2022-08-23,26.78,27.09,26.5,26.89,2793175.0
2022-08-24,26.61,28.09,26.5,27.86,5117709.0
2022-08-25,28.42,29.16,28.25,28.67,6235507.0
2022-08-26,29.93,30.04,28.34,28.87,5045417.0
2022-08-29,28.85,28.9,27.23,27.36,3807485.0
2022-08-30,27.11,27.93,24.37,25.52,7894558.0
2022-08-31,26.06,26.54,25.54,25.72,5580754.0
2022-09-01,24.87,25.69,24.51,25.68,3121757.0
2022-09-02,25.36,25.75,25.0,25.29,2779737.0
2022-09-06,25.29,25.44,24.55,24.91,2175090.0
2022-09-07,24.84,25.34,24.75,25.31,2162413.0
2022-09-08,24.64,25.17,24.36,25.1,2979955.0
2022-09-09,25.57,25.68,25.18,25.55,2139046.0
2022-09-12,25.78,26.59,25.65,25.96,2439155.0
2022-09-13,25.38,25.99,25.25,25.45,1851360.0
2022-09-14,25.55,26.04,25.36,25.94,1969575.0
2022-09-15,26.04,26.62,25.83,26.46,3670131.0
2022-09-16,25.59,25.8,23.81,25.13,7251354.0
2022-09-19,24.98,25.92,24.97,25.73,2973160.0
2022-09-20,26.8,27.71,26.61,26.7,7596348.0
2022-09-21,25.95,26.09,24.3,24.43,5484722.0
2022-09-22,25.0,26.56,24.8,25.6,7166293.0
2022-09-23,25.88,26.44,25.38,25.99,6555622.0
2022-09-26,27.38,28.12,27.29,27.37,8918414.0
2022-09-27,28.3,28.58,27.5,27.66,8224944.0
2022-09-28,27.1,28.58,27.08,28.3,5339579.0
2022-09-29,27.01,27.48,26.45,27.18,3513681.0
2022-09-30,26.58,27.64,26.5,27.31,5034158.0
2022-10-03,27.39,27.9,26.74,27.68,4126113.0
2022-10-04,28.46,29.26,28.42,28.69,6748963.0
2022-10-05,29.25,30.5,29.2,30.24,7977907.0
2022-10-06,30.31,30.33,29.4,29.46,3721364.0
2022-10-07,28.69,29.08,27.83,28.33,3874885.0
2022-10-10,27.08,27.2,26.0,26.6,14416302.0
2022-10-11,25.68,25.79,22.64,23.63,12100544.0
2022-10-12,23.98,24.28,23.5,23.86,2914950.0
2022-10-13,23.29,24.77,22.81,24.3,4806278.0
2022-10-14,24.98,25.21,23.67,23.67,2904212.0
2022-10-17,24.86,25.2,24.06,24.24,5271887.0
2022-10-18,25.15,25.29,24.29,24.53,3769860.0
2022-10-19,23.5,24.04,22.45,22.62,5112676.0
2022-10-20,23.22,24.2,23.01,23.26,4876854.0
2022-10-21,23.26,24.13,23.15,23.94,4302994.0
2022-10-24,20.83,21.0,19.25,20.36,11601935.0
2022-10-25,21.34,22.48,21.3,21.88,6816134.0
2022-10-26,22.65,23.72,22.53,23.32,6127168.0
2022-10-27,23.6,23.82,23.12,23.2,2949865.0
2022-10-28,22.06,22.84,21.9,22.83,4044564.0
2022-10-31,22.21,22.86,22.08,22.63,4808763.0
2022-11-01,25.0,25.45,24.32,24.54,6148335.0
2022-11-02,24.65,25.94,24.6,25.5,6924938.0
2022-11-03,24.88,26.76,24.87,26.52,6253392.0
2022-11-04,28.42,29.04,27.62,28.0,13298446.0
2022-11-07,28.04,28.63,26.96,26.99,8800795.0
2022-11-08,26.65,27.49,26.33,27.17,2230866.0
2022-11-09,25.97,26.11,24.65,25.0,4215745.0
2022-11-10,26.98,27.76,26.67,27.5,5946866.0
2022-11-11,29.07,30.14,28.73,28.84,9035944.0
2022-11-14,28.67,29.4,27.72,27.72,4453020.0
2022-11-15,29.7,31.15,29.1,29.28,11158959.0
2022-11-16,29.03,29.63,28.69,28.76,7172176.0
2022-11-17,28.29,30.02,27.92,29.17,8111477.0
2022-11-18,28.2,28.63,27.94,28.35,4914397.0
2022-11-21,27.25,28.44,27.11,27.5,9362219.0
2022-11-22,26.58,27.07,26.13,26.77,4236108.0
2022-11-23,27.19,27.3,26.52,27.11,4101486.0
2022-11-25,25.94,25.98,25.19,25.95,4101901.0
2022-11-28,26.84,28.31,26.27,28.11,9350934.0
2022-11-29,29.12,29.49,28.45,29.2,6248345.0
2022-11-30,30.92,32.19,30.92,31.95,12567481.0
2022-12-01,30.74,31.89,30.56,31.87,5592246.0
2022-12-02,31.98,32.64,31.25,32.26,8546763.0
2022-12-05,33.33,33.94,31.86,32.7,8699922.0
2022-12-06,32.83,33.41,32.52,33.11,4660464.0
2022-12-07,31.39,32.61,31.24,32.27,6046193.0
2022-12-08,33.17,34.15,33.17,33.7,7236438.0
2022-12-09,33.88,34.07,32.36,32.41,5379157.0
2022-12-12,33.2,33.35,32.65,33.15,5872675.0
2022-12-13,34.12,34.29,33.18,33.32,9518927.0
2022-12-14,33.5,34.87,33.33,34.41,15698129.0
2022-12-15,34.79,35.99,34.12,34.63,10698097.0
2022-12-16,35.0,35.92,34.73,34.82,8102526.0
2022-12-19,34.86,34.95,33.95,34.52,10100623.0
2022-12-20,33.48,34.62,33.45,34.5,5517643.0
2022-12-21,34.35,35.19,34.06,34.96,5355768.0
2022-12-22,35.0,35.39,34.52,34.82,3573361.0
2022-12-23,34.84,35.25,33.84,33.99,2559663.0
2022-12-27,34.9,35.6,34.02,35.46,8703575.0
2022-12-28,35.52,35.81,34.48,34.55,5988237.0
2022-12-29,34.5,35.11,33.91,34.73,4728423.0
2022-12-30,33.86,34.56,33.8,34.4,3057671.0
2023-01-03,35.01,35.97,34.96,35.69,5290220.0
2023-01-04,37.17,38.22,36.94,38.13,8778738.0
2023-01-05,37.83,38.71,37.64,38.3,5602756.0
2023-01-06,37.4,38.49,37.13,38.33,4772121.0
2023-01-09,39.0,39.01,36.85,37.68,9133514.0
2023-01-10,37.72,38.22,37.03,37.65,5040425.0
2023-01-11,36.7,37.12,36.42,36.52,4530044.0
2023-01-12,36.14,37.17,35.99,36.98,4395666.0
2023-01-13,37.52,38.41,37.39,37.53,3878419.0
2023-01-17,36.55,36.81,35.64,36.32,5104344.0
2023-01-18,36.84,37.23,36.07,36.37,5292041.0
2023-01-19,37.31,38.14,37.04,37.58,5013053.0
2023-01-20,38.8,39.09,38.02,38.28,4776186.0
2023-01-23,38.31,38.69,37.97,38.03,1625220.0
2023-01-24,37.62,38.75,37.5,38.63,3285909.0
2023-01-25,38.7,39.9,38.55,39.73,4101491.0
2023-01-26,40.07,40.08,39.5,40.06,4345049.0
2023-01-27,40.0,40.17,39.15,39.41,3559655.0
2023-01-30,37.61,37.88,37.09,37.45,6031559.0
2023-01-31,37.02,37.89,36.67,36.76,5201988.0
2023-02-01,37.91,39.22,37.0,37.64,4388442.0
2023-02-02,37.59,37.64,36.03,36.44,4502578.0
2023-02-03,36.32,36.49,35.48,35.77,4314285.0
2023-02-06,35.15,36.43,34.79,36.16,3776534.0
2023-02-07,37.11,37.36,36.84,37.08,4729182.0
2023-02-08,36.99,37.96,36.86,37.08,5441189.0
2023-02-09,37.95,38.44,37.43,37.69,5455222.0
2023-02-10,36.32,36.99,36.32,36.57,3862011.0
2023-02-13,37.25,38.19,37.03,37.85,5397066.0
2023-02-14,37.34,37.99,37.19,37.78,5045206.0
2023-02-15,37.31,37.85,36.76,37.83,3937360.0
2023-02-16,37.9,38.21,37.4,38.05,2817300.0
2023-02-17,36.85,37.08,36.35,36.47,2857553.0
2023-02-21,35.83,37.13,35.77,36.4,5853104.0
2023-02-22,36.79,36.99,36.21,36.77,2705057.0
2023-02-23,37.39,37.49,35.67,36.28,5874788.0
2023-02-24,35.09,35.27,34.39,34.79,3897414.0
2023-02-27,35.07,35.85,34.87,35.49,5171470.0
2023-02-28,35.5,36.5,35.23,35.55,5537254.0
2023-03-01,37.29,37.98,36.91,37.73,6144912.0
2023-03-02,37.3,37.88,36.89,37.87,4989643.0
2023-03-03,37.56,39.13,37.5,38.72,5934997.0
2023-03-06,39.5,39.53,38.51,38.61,7070691.0
2023-03-07,39.32,39.47,36.58,37.53,9306324.0
2023-03-08,37.73,37.75,36.4,36.94,5777966.0
2023-03-09,35.93,36.11,34.9,35.03,6179617.0
2023-03-10,35.98,36.9,35.7,36.08,4971971.0
2023-03-13,36.2,37.53,36.1,37.28,6988067.0
2023-03-14,37.49,37.85,36.95,37.81,4333192.0
2023-03-15,36.66,36.91,35.9,36.38,5341927.0
2023-03-16,36.43,37.4,36.2,37.39,3708722.0
2023-03-17,37.89,37.94,36.0,36.65,11709322.0
2023-03-20,35.21,36.77,35.07,36.44,7171867.0
2023-03-21,36.91,38.26,36.91,38.1,4663932.0
2023-03-22,38.1,38.22,37.13,37.19,3439982.0
2023-03-23,38.03,38.57,36.76,37.39,3379940.0
2023-03-24,36.99,37.07,36.1,36.22,4477014.0
2023-03-27,36.03,36.23,35.71,36.11,3306120.0
2023-03-28,36.77,37.11,35.59,35.75,4300547.0
2023-03-29,35.59,36.2,35.43,36.15,5320455.0
2023-03-30,36.19,37.4,36.07,36.98,5572735.0
2023-03-31,37.15,37.89,37.05,37.67,4379415.0
2023-04-03,37.72,37.91,37.01,37.4,2624011.0
2023-04-04,37.14,37.78,36.97,37.55,1733113.0
2023-04-05,37.43,37.43,36.36,36.74,1592095.0
2023-04-06,37.22,37.76,36.84,37.64,3217205.0
2023-04-10,37.44,38.02,37.23,37.8,2225258.0
2023-04-11,38.1,38.47,37.06,37.08,3033147.0
2023-04-12,36.7,36.81,35.17,35.26,6383698.0
2023-04-13,36.05,36.36,35.58,35.73,3079101.0
2023-04-14,35.51,35.6,35.02,35.48,3177615.0
2023-04-17,36.44,36.82,36.19,36.55,3359718.0
2023-04-18,36.82,37.82,36.73,37.65,3424876.0
2023-04-19,37.3,37.88,37.02,37.14,3040223.0
2023-04-20,36.83,37.67,36.66,36.96,2282172.0
2023-04-21,36.5,36.83,35.78,36.57,2607711.0
2023-04-24,36.0,36.1,35.11,35.79,4179690.0
2023-04-25,35.15,35.38,34.34,35.11,4765596.0
2023-04-26,35.49,35.79,34.82,34.92,2821657.0
2023-04-27,35.06,35.38,34.69,35.01,7128523.0
2023-04-28,35.03,35.78,34.57,35.51,3672815.0
2023-05-01,35.3,35.67,35.18,35.29,1811337.0
2023-05-02,34.86,35.02,33.57,34.52,3382030.0
2023-05-03,34.04,34.23,32.67,32.91,9337808.0
2023-05-04,32.84,33.49,32.67,32.94,3963368.0
2023-05-05,32.89,33.36,32.88,33.1,3744117.0
2023-05-08,33.15,33.34,32.92,33.15,3458448.0
2023-05-09,31.95,32.67,31.84,32.48,5484099.0
2023-05-10,32.76,32.81,32.13,32.52,3488606.0
2023-05-11,32.39,34.03,32.3,33.42,3745434.0
2023-05-12,33.27,33.5,32.82,33.05,4725598.0
2023-05-15,33.68,34.38,32.8,34.24,4844307.0
2023-05-16,33.59,33.96,33.13,33.95,2867471.0
2023-05-17,33.18,33.76,32.95,33.75,5318113.0
2023-05-18,34.43,34.44,33.15,33.57,5084427.0
2023-05-19,33.25,33.48,32.83,33.25,3298753.0
2023-05-22,34.09,34.27,33.81,33.91,5112472.0
2023-05-23,33.51,33.59,32.71,32.96,4355640.0
2023-05-24,32.4,32.59,31.43,32.02,6715128.0
2023-05-25,30.85,31.53,30.7,31.21,9250023.0
2023-05-26,31.45,31.77,31.06,31.49,4133141.0
2023-05-30,31.14,31.76,30.82,31.38,7417678.0
2023-05-31,32.0,32.36,31.21,31.58,17876963.0
2023-06-01,30.81,32.33,30.77,32.23,10803940.0
2023-06-02,33.47,34.56,33.47,34.42,7727735.0
2023-06-05,34.23,34.45,33.89,33.96,3773406.0
2023-06-06,34.42,35.63,34.32,35.12,4912635.0
2023-06-07,35.01,35.41,34.04,34.29,5297358.0
2023-06-08,35.72,36.19,35.22,36.15,12410062.0
2023-06-09,36.37,37.84,36.2,37.78,8657586.0
2023-06-12,37.24,37.69,36.75,36.79,7408460.0
2023-06-13,37.8,37.91,36.1,36.18,6982254.0
2023-06-14,35.51,36.35,35.5,35.92,5349766.0
2023-06-15,36.1,36.14,35.1,35.86,4595279.0
2023-06-16,36.0,36.13,35.64,36.0,4068257.0
2023-06-20,34.87,35.42,34.64,34.7,3330754.0
2023-06-21,34.97,35.4,34.72,35.21,6113008.0
2023-06-22,35.05,35.37,34.68,34.86,2842312.0
2023-06-23,34.96,35.22,34.03,34.28,3169531.0
2023-06-26,34.2,34.42,33.94,33.99,3186090.0
2023-06-27,35.0,35.15,34.63,34.88,2835455.0
2023-06-28,34.43,34.99,34.15,34.92,2523909.0
2023-06-29,34.4,34.88,34.39,34.67,3128852.0
2023-06-30,34.7,35.14,34.61,35.0,3342107.0
2023-07-03,35.56,35.74,35.05,35.21,2966528.0
2023-07-05,35.17,35.46,34.78,35.11,3314473.0
2023-07-06,34.19,34.54,33.42,33.72,4098585.0
2023-07-07,33.96,34.89,33.82,34.58,2332996.0
2023-07-10,34.24,35.34,34.17,35.26,2918007.0
2023-07-11,35.62,35.98,35.23,35.88,2608435.0
2023-07-12,36.64,37.47,36.24,37.18,5763638.0
2023-07-13,37.78,38.16,37.6,38.01,5529801.0
2023-07-14,37.3,37.35,36.36,36.91,3183877.0
2023-07-17,36.65,37.03,36.33,36.97,2742771.0
2023-07-18,36.94,37.3,36.0,36.09,2560063.0
2023-07-19,36.59,36.78,36.23,36.75,2148014.0
2023-07-20,36.65,36.93,36.27,36.54,6181327.0
2023-07-21,37.13,37.27,36.5,36.71,1676867.0
2023-07-24,36.24,38.5,36.07,37.9,3230152.0
2023-07-25,38.5,39.22,37.8,37.92,4324740.0
2023-07-26,37.48,38.5,37.39,38.42,2395743.0
2023-07-27,38.5,38.63,37.52,37.61,2292355.0
2023-07-28,39.17,39.77,39.0,39.56,3418510.0
2023-07-31,40.0,41.21,39.95,41.04,6642639.0
2023-08-01,40.32,40.97,40.11,40.36,2726651.0
2023-08-02,39.3,39.35,38.08,38.32,3241302.0
2023-08-03,39.05,39.91,39.05,39.74,3088337.0
2023-08-04,40.0,40.5,39.74,39.75,2578700.0
2023-08-07,40.44,40.5,39.97,40.46,2285526.0
2023-08-08,39.38,40.02,39.12,39.94,4204337.0
2023-08-09,40.86,41.17,40.59,40.88,5455446.0
2023-08-10,42.05,43.59,41.28,41.36,8836156.0
2023-08-11,40.24,40.72,39.95,40.52,4249741.0
2023-08-14,39.73,40.52,39.32,40.04,2776194.0
2023-08-15,39.98,40.12,39.21,39.61,2226339.0
2023-08-16,38.89,39.53,38.5,39.35,3879822.0
2023-08-17,40.04,40.24,38.41,38.48,5986130.0
2023-08-18,37.15,37.95,36.82,37.61,3734221.0
2023-08-21,37.43,38.23,37.38,37.7,5000936.0
2023-08-22,38.5,38.5,37.96,38.05,2490436.0
2023-08-23,38.66,39.86,38.56,39.33,3637406.0
2023-08-24,40.03,40.86,39.56,39.6,4251244.0
2023-08-25,39.28,39.46,38.27,39.15,3452641.0
2023-08-28,39.14,39.82,39.05,39.54,3345886.0
2023-08-29,40.0,40.18,39.59,39.98,2133113.0
2023-08-30,39.14,40.05,39.09,39.78,3209064.0
2023-08-31,39.76,39.81,39.1,39.31,2950442.0
2023-09-01,40.0,40.9,39.71,40.38,5599096.0
2023-09-05,38.5,38.87,37.05,38.26,8816941.0
2023-09-06,38.43,38.74,37.56,37.89,5332149.0
2023-09-07,36.35,36.41,35.49,35.85,5255221.0
2023-09-08,35.88,36.01,35.5,35.88,2267729.0
2023-09-11,36.3,36.57,35.73,35.99,5777315.0
2023-09-12,36.0,36.56,35.87,36.2,7036716.0
2023-09-13,36.04,36.11,35.52,35.85,5607329.0
2023-09-14,36.05,36.05,35.56,35.64,3159246.0
2023-09-15,36.02,36.4,35.87,35.91,3817773.0
2023-09-18,36.0,36.32,35.67,36.13,4999174.0
2023-09-19,36.1,36.29,35.75,36.01,3217689.0
2023-09-20,35.97,36.19,35.72,35.76,3115556.0
2023-09-21,35.33,35.65,35.13,35.42,4400164.0
2023-09-22,36.68,36.73,35.8,35.83,4165810.0
2023-09-25,35.01,35.91,35.0,35.84,2733892.0
2023-09-26,35.4,35.56,35.21,35.25,2425067.0
2023-09-27,35.21,35.49,35.05,35.43,2603055.0
2023-09-28,34.7,35.23,34.69,35.09,4226507.0
2023-09-29,35.69,35.8,34.93,34.97,3338241.0
2023-10-02,35.05,35.18,34.83,34.96,2268118.0
2023-10-03,34.26,34.27,33.02,33.24,7168616.0
2023-10-04,32.96,33.22,32.7,33.11,4880485.0
2023-10-05,32.81,33.18,32.74,33.18,4561149.0
2023-10-06,33.3,34.05,33.15,33.9,3420165.0
2023-10-09,33.09,33.41,32.9,33.3,3529793.0
2023-10-10,33.64,34.41,33.51,34.24,5051193.0
2023-10-11,34.35,34.53,33.97,34.46,4040003.0
2023-10-12,34.73,34.8,33.75,33.9,4038992.0
2023-10-13,33.38,33.72,32.98,33.04,2862454.0
2023-10-16,32.88,33.76,32.84,33.61,3134945.0
2023-10-17,32.83,33.38,32.83,33.15,2427747.0
2023-10-18,32.81,33.21,32.77,32.94,4635933.0
2023-10-19,32.65,33.27,32.47,33.05,6208290.0
2023-10-20,32.49,33.06,32.07,32.09,6042158.0
2023-10-23,32.05,33.87,31.99,33.81,5928781.0
2023-10-24,33.41,34.75,33.385,34.66,6142505.0
2023-10-25,34.18,34.72,34.11,34.54,3724649.0
2023-10-26,34.54,35.31,34.54,34.97,4053888.0
2023-10-27,35.58,35.865,34.28,35.32,3242520.0
2023-10-30,35.64,35.735,35.0,35.2,4236718.0
2023-10-31,34.52,34.6,33.53,34.0,5759792.0
2023-11-01,33.95,34.05,33.3131,33.53,3541969.0
2023-11-02,33.64,33.67,32.62,33.09,5700302.0
2023-11-03,33.6,34.06,33.49,33.58,2489091.0
2023-11-06,34.24,34.37,33.9,34.0,1796002.0
2023-11-07,33.53,33.865,33.37,33.5,4019929.0
2023-11-08,33.3,33.895,33.25,33.53,2607688.0
2023-11-09,33.6,33.895,33.41,33.67,1764292.0
2023-11-10,33.44,33.915,33.29,33.91,1630683.0
2023-11-13,34.57,35.34,34.36,35.21,2298892.0
2023-11-14,35.36,35.66,35.3,35.36,3109587.0
2023-11-15,36.07,36.32,35.59,35.79,4111143.0
2023-11-16,34.92,35.705,34.87,35.36,3965857.0
2023-11-17,35.57,35.7344,35.13,35.45,2543198.0
2023-11-20,35.78,36.71,35.7,36.67,5780802.0
2023-11-21,32.66,34.53,31.55,32.78,15296490.0
2023-11-22,34.06,35.41,34.01,34.93,12973741.0
2023-11-24,35.0,35.55,34.89,35.36,3957048.0
2023-11-27,35.37,35.6,35.25,35.52,4350166.0
2023-11-28,35.36,35.68,35.215,35.4,4848058.0
2023-11-29,34.82,35.165,34.25,34.47,6468795.0
2023-11-30,35.1,35.425,34.865,35.18,4237962.0
2023-12-01,34.43,34.51,33.755,34.14,4486387.0
2023-12-04,33.71,33.995,33.625,33.7,2573488.0
2023-12-05,33.0,33.13,32.42,32.94,6578714.0
2023-12-06,33.11,33.17,32.72,32.76,3553060.0
2023-12-07,32.875,33.24,32.725,33.02,2888475.0
2023-12-08,33.11,33.165,32.86,32.9,4244597.0
2023-12-11,32.77,33.49,32.66,33.39,4052212.0
2023-12-12,33.6,33.935,33.265,33.88,2541859.0
2023-12-13,33.98,33.98,33.1411,33.48,3969827.0
2023-12-14,33.5,33.89,33.29,33.48,5150240.0
2023-12-15,33.69,34.18,33.435,33.76,2888926.0
2023-12-18,33.77,33.86,33.335,33.39,2113556.0
2023-12-19,33.8,34.315,33.73,34.24,2207193.0
2023-12-20,33.84,34.225,33.685,33.69,4991976.0
2023-12-21,33.99,34.71,33.92,34.69,3122181.0
2023-12-22,33.79,34.46,33.67,34.4,2504778.0
2023-12-26,34.22,34.52,33.94,34.04,2224891.0
2023-12-27,33.99,34.31,33.9,34.24,1765206.0
2023-12-28,34.95,35.735,34.95,35.27,3382887.0
2023-12-29,35.07,36.12,35.07,36.01,5350807.0
2024-01-02,35.67,35.96,35.365,35.66,2749277.0
2024-01-03,35.96,36.65,35.58,36.37,5235417.0
2024-01-04,36.63,39.1099,36.55,38.45,7670056.0
2024-01-05,38.105,38.725,37.87,38.25,3200582.0
2024-01-08,37.44,37.935,37.065,37.86,3703825.0
2024-01-09,37.84,38.185,37.38,37.42,4142694.0
2024-01-10,38.0,38.14,37.22,37.22,5076265.0
2024-01-11,37.5,37.57,37.08,37.55,1710908.0
2024-01-12,37.32,37.64,37.11,37.24,2085232.0
2024-01-16,36.8,37.195,36.38,36.55,3203024.0
2024-01-17,35.69,36.01,35.3434,35.91,3048377.0
2024-01-18,36.32,36.615,35.795,36.49,2609089.0
2024-01-19,35.66,36.17,35.34,35.94,2734629.0
2024-01-22,34.5,35.21,34.422,34.95,4310175.0
2024-01-23,36.09,36.67,35.645,36.05,4004603.0
2024-01-24,37.205,37.42,36.675,36.85,3374986.0
2024-01-25,37.39,37.48,36.92,37.21,2126969.0
2024-01-26,37.15,37.73,37.15,37.49,1681522.0
2024-01-29,37.82,37.87,36.61,37.09,3483336.0
2024-01-30,35.9,36.44,35.9,36.37,2913928.0
2024-01-31,35.95,37.045,35.94,36.56,4293481.0
2024-02-01,37.18,37.62,37.035,37.4,3902483.0
2024-02-02,36.58,37.03,36.58,37.0,4517290.0
2024-02-05,37.2,37.505,36.88,37.41,2193150.0
2024-02-06,38.85,39.795,38.435,39.48,6147921.0
2024-02-07,38.35,39.46,38.27,39.45,4550488.0
2024-02-08,38.95,39.1,38.74,38.99,3089244.0
2024-02-09,38.97,39.61,38.8,39.59,2002739.0
2024-02-12,39.74,40.61,39.611,40.0,3143108.0
2024-02-13,39.53,40.05,39.34,39.65,2227731.0
2024-02-14,40.5,40.67,40.27,40.61,2739882.0
2024-02-15,40.58,41.085,40.5101,40.94,4009748.0
2024-02-16,41.67,42.05,41.155,41.25,2957283.0
2024-02-20,41.4,41.69,41.21,41.44,5044203.0
2024-02-21,42.0,42.27,41.5,41.91,6932414.0
2024-02-22,44.9,45.3,43.38,44.67,6851021.0
2024-02-23,46.42,47.445,45.85,47.34,9508072.0
2024-02-26,46.41,46.9,44.995,45.9,7781482.0
2024-02-27,45.26,45.26,43.62,44.32,6244843.0
2024-02-28,43.71,44.635,43.68,44.46,4370040.0
2024-02-29,45.35,45.64,44.39,44.47,5307737.0
2024-03-01,45.03,45.74,44.825,44.91,3114906.0
2024-03-04,44.2,44.28,42.53,42.57,5287981.0
2024-03-05,42.15,42.77,42.05,42.28,4211903.0
2024-03-06,43.12,43.63,42.68,43.12,4247879.0
2024-03-07,43.2,43.485,42.89,43.26,3249444.0
2024-03-08,43.5,44.15,43.235,43.41,4524472.0
2024-03-11,43.99,44.08,43.07,43.29,3115978.0
2024-03-12,44.0,44.44,43.99,44.28,2989704.0
2024-03-13,44.4,45.49,44.37,44.67,4240068.0
2024-03-14,43.87,43.995,43.44,43.87,2218505.0
2024-03-15,43.21,43.845,42.9677,43.42,2621080.0
2024-03-18,43.5,44.26,43.43,44.25,3313996.0
2024-03-19,44.2,44.41,43.88,44.39,2693026.0
2024-03-20,44.16,44.85,44.01,44.5,3294890.0
2024-03-21,44.99,45.4,44.464,44.68,3171129.0
2024-03-22,44.93,45.44,44.83,45.02,3989443.0
2024-03-25,44.84,45.09,44.44,44.68,3212953.0
2024-03-26,45.0,45.045,44.64,44.65,2613132.0
2024-03-27,44.21,44.22,43.14,43.64,4462123.0
2024-03-28,43.75,44.555,43.75,43.89,3851024.0
2024-04-01,44.73,47.64,44.71,46.96,5129991.0
2024-04-02,47.66,49.215,47.66,48.91,6996840.0
2024-04-03,48.52,49.62,48.27,49.38,4338948.0
2024-04-04,49.48,49.72,47.84,47.99,3160581.0
2024-04-05,48.47,48.47,47.65,48.14,2136548.0
2024-04-08,48.43,49.37,48.12,48.82,4058521.0
2024-04-09,48.73,49.01,48.36,49.0,3320843.0
2024-04-10,49.23,49.92,48.43,48.75,2536358.0
2024-04-11,48.92,50.4,48.9,50.1,5529034.0
2024-04-12,49.48,49.77,48.52,48.85,3949969.0
2024-04-15,50.14,50.635,48.86,49.2,3020857.0
2024-04-16,49.55,49.7,48.67,48.67,4059290.0
2024-04-17,48.67,48.79,47.91,48.26,3114231.0
2024-04-18,49.45,49.45,48.59,48.72,1987725.0
2024-04-19,48.45,48.45,47.615,48.0,2237119.0
2024-04-22,48.47,49.45,48.315,49.35,4052650.0
2024-04-23,50.0,50.6,49.82,50.48,3367954.0
2024-04-24,50.8,51.255,50.3,50.6,3250038.0
2024-04-25,49.92,50.44,49.64,50.42,2555209.0
2024-04-26,51.755,51.89,50.35,50.6,4542150.0
2024-04-29,49.0,49.51,48.63,49.13,3834226.0
2024-04-30,48.89,49.22,48.24,48.26,2941646.0
2024-05-01,48.18,49.35,48.06,48.74,1722975.0
2024-05-02,50.1,51.29,49.8,50.94,4498734.0
2024-05-03,51.62,53.38,51.3,53.3,4988771.0
2024-05-06,53.4,54.29,53.12,53.87,3487843.0
2024-05-07,52.91,52.91,51.81,52.7,2807620.0
2024-05-08,52.42,53.555,52.38,53.29,3614786.0
2024-05-09,52.7,53.33,52.12,53.22,3757423.0
2024-05-10,53.39,53.96,53.15,53.56,3564560.0
2024-05-13,54.0,54.93,53.87,54.9,4473037.0
2024-05-14,54.0,55.72,53.89,55.7,3141543.0
2024-05-15,55.7,55.88,54.95,55.77,2544770.0
2024-05-16,55.5,56.445,55.37,56.41,3645226.0
2024-05-17,56.43,57.9,56.43,56.83,4218796.0
2024-05-20,56.5,58.0,56.29,57.05,4351380.0
2024-05-21,56.45,56.49,54.62,55.83,6450293.0
2024-05-22,55.86,56.08,53.665,54.5,4155045.0
2024-05-23,50.66,52.69,50.43,51.96,8865820.0
2024-05-24,52.06,53.13,52.06,52.75,2920676.0
2024-05-28,52.74,52.95,52.09,52.26,2731835.0
2024-05-29,50.73,51.61,50.56,51.38,2752467.0
2024-05-30,51.69,52.06,51.38,51.77,3322381.0
2024-05-31,50.61,51.64,50.55,51.51,3560005.0
2024-06-03,51.89,52.67,51.0,51.74,2540109.0
2024-06-04,49.7,50.81,49.68,50.16,4652921.0
2024-06-05,50.5,51.73,50.49,51.65,11613462.0
2024-06-06,52.21,52.43,51.82,52.045,2672314.0
2024-06-07,51.6,51.665,51.11,51.4,1944156.0
2024-06-10,51.26,51.99,51.01,51.64,2141791.0
2024-06-11,51.72,51.72,50.67,51.08,2549581.0
2024-06-12,51.2,51.2,50.62,50.78,2981432.0
2024-06-13,50.58,51.09,50.31,50.68,3628093.0
2024-06-14,50.16,50.44,49.75,50.27,2627474.0
2024-06-17,50.44,50.74,49.66,50.24,1991875.0
2024-06-18,49.5,50.32,49.42,49.95,2211147.0
2024-06-20,50.13,50.64,49.88,49.98,4291710.0
2024-06-21,49.25,49.98,48.16,48.35,4528208.0
2024-06-24,48.07,48.98,48.03,48.72,4268987.0
2024-06-25,48.63,49.2,48.3,48.47,2345950.0
2024-06-26,48.8,49.0922,48.2,48.87,3214893.0
2024-06-27,48.11,48.26,47.45,47.5,2888960.0
2024-06-28,47.21,47.72,46.5,47.0,3632427.0
2024-07-01,47.3,47.575,46.79,47.55,1477137.0
2024-07-02,47.78,47.85,46.86,47.71,2167599.0
2024-07-03,48.67,49.875,48.52,49.66,2577912.0
2024-07-05,49.46,50.295,49.38,49.76,2482021.0
2024-07-08,49.52,49.69,49.04,49.56,3410224.0
2024-07-09,49.85,51.44,49.71,50.91,3345695.0
2024-07-10,50.41,50.43,48.9,48.99,3441765.0
2024-07-11,50.0,50.14,48.69,49.29,3068913.0
2024-07-12,50.54,51.055,50.03,50.27,2694706.0
2024-07-15,49.31,49.3922,47.69,47.79,3275400.0
2024-07-16,47.46,47.97,47.02,47.58,2148402.0
2024-07-17,47.25,47.37,46.31,46.42,2902416.0
2024-07-18,46.18,46.2799,44.83,45.33,3912662.0
2024-07-19,44.65,45.45,44.11,45.36,3329537.0
2024-07-22,46.57,47.685,46.57,47.3,2644818.0
2024-07-23,46.01,46.29,45.55,46.26,2868630.0
2024-07-24,45.63,46.085,45.05,45.28,2876907.0
2024-07-25,44.78,44.782,43.32,43.43,4973987.0
2024-07-26,43.17,43.67,42.66,43.35,3162426.0
2024-07-29,43.54,43.54,42.62,43.09,3644474.0
2024-07-30,42.24,42.7,41.685,41.97,5551055.0
2024-07-31,43.16,43.405,42.385,42.53,3163648.0
2024-08-01,42.07,42.28,40.445,41.14,4860149.0
2024-08-02,40.0,40.05,38.68,39.32,5797238.0
2024-08-05,38.62,41.02,38.23,40.31,3570057.0
2024-08-06,40.96,42.95,40.86,42.21,4878788.0
2024-08-07,42.75,43.0,40.72,40.98,3537908.0
2024-08-08,41.29,42.38,40.97,42.26,2901101.0
2024-08-09,42.01,42.25,41.29,41.88,2251751.0
2024-08-12,42.0,42.35,41.911,42.05,1913148.0
2024-08-13,42.69,42.69,41.79,42.15,2248995.0
2024-08-14,42.09,42.23,40.71,41.41,3014988.0
2024-08-15,41.82,42.2999,41.68,42.01,1846347.0
2024-08-16,42.55,43.0,42.49,42.75,2498575.0
2024-08-19,42.62,43.18,42.62,42.91,2008064.0
2024-08-20,42.27,42.41,41.22,41.28,5217602.0
2024-08-21,42.18,43.24,42.065,42.99,4741382.0
2024-08-22,43.5,43.6,42.56,42.6,2499252.0
2024-08-23,42.3,42.75,42.03,42.18,2639111.0
2024-08-26,42.59,42.59,41.86,42.34,3542479.0
2024-08-27,46.45,46.67,45.11,45.97,9521397.0
2024-08-28,46.52,47.29,46.17,46.18,6096043.0
2024-08-29,47.47,48.06,46.63,46.73,4021345.0
2024-08-30,47.82,47.905,46.65,47.14,4750221.0
2024-09-03,46.67,47.655,46.67,47.33,4529722.0
2024-09-04,47.55,47.6,47.0,47.37,5806178.0
2024-09-05,47.69,48.27,47.549,47.72,4231759.0
2024-09-06,47.22,47.7011,47.05,47.56,2562166.0
2024-09-09,47.37,47.64,47.0,47.26,2070403.0
2024-09-10,47.51,47.64,46.88,47.07,1536726.0
2024-09-11,47.26,47.52,46.88,47.28,2860082.0
2024-09-12,47.28,47.28,46.48,47.1,2998704.0
2024-09-13,47.15,47.34,47.0123,47.29,1440864.0
2024-09-16,47.15,47.64,46.77,46.79,2545965.0
2024-09-17,46.99,47.39,46.565,46.65,1619612.0
2024-09-18,46.56,46.83,46.2,46.7,2569119.0
2024-09-19,47.9,48.57,47.04,47.44,2966096.0
2024-09-20,48.56,48.98,48.43,48.66,3698509.0
2024-09-23,49.15,49.72,49.01,49.09,4499148.0
2024-09-24,51.445,53.09,50.89,53.06,8357772.0
2024-09-25,50.93,51.57,50.42,51.08,16870871.0
2024-09-26,54.8,56.99,54.35,56.68,20825186.0
2024-09-27,58.02,61.655,57.71,61.32,15390188.0
2024-09-30,63.7,63.87,59.145,59.43,15437917.0
2024-10-01,59.79,62.53,59.53,62.51,7268305.0
2024-10-02,65.55,67.02,64.03,66.92,9463316.0
2024-10-03,63.66,65.73,63.58,64.63,5543532.0
2024-10-04,69.42,69.67,67.81,68.43,8154566.0
2024-10-07,69.12,69.31,66.61,68.35,6146559.0
2024-10-08,62.72,63.98,61.295,61.48,10420894.0
2024-10-09,60.05,63.02,59.865,62.39,9796405.0
2024-10-10,64.9,65.61,63.725,63.82,5890255.0
2024-10-11,62.7,65.39,62.475,65.03,3743776.0
2024-10-14,64.07,65.25,63.51,63.64,2825479.0
2024-10-15,61.0,61.33,57.81,58.02,8588129.0
2024-10-16,58.48,60.01,58.19,59.45,3002095.0
2024-10-17,58.14,58.445,57.55,58.0,3242238.0
2024-10-18,62.51,62.6371,60.76,61.25,4236051.0
2024-10-21,60.345,60.65,59.8,60.5,1534722.0
2024-10-22,60.3,61.83,60.13,60.53,2507088.0
2024-10-23,60.93,61.83,60.85,61.44,3053500.0
2024-10-24,61.6,62.1,61.17,62.06,2142218.0
2024-10-25,62.07,62.2,61.47,61.85,1773867.0
2024-10-28,62.91,65.565,62.77,65.07,3776099.0
2024-10-29,65.5,65.74,64.83,64.89,5647225.0
2024-10-30,64.0,65.35,63.41,65.06,3761554.0
2024-10-31,64.76,64.9977,63.9,64.4,2604346.0
2024-11-01,64.36,65.425,64.15,65.19,2987456.0
2024-11-04,66.92,69.44,66.92,67.24,3158282.0
2024-11-05,68.34,68.59,66.96,68.42,3927659.0
2024-11-06,67.19,67.6,65.71,67.06,2735057.0
2024-11-07,67.73,69.265,67.52,68.43,3770200.0
2024-11-08,65.44,67.37,65.29,65.48,3129865.0
2024-11-11,66.3,66.72,65.35,66.68,2170715.0
2024-11-12,64.38,64.74,63.33,64.02,3308992.0
2024-11-13,62.7,62.87,61.315,62.08,3168634.0
2024-11-14,60.96,61.0,59.55,59.93,3656809.0
2024-11-15,59.93,59.93,59.05,59.49,2742218.0
2024-11-18,60.92,61.675,60.3869,61.32,3930447.0
2024-11-19,63.9,64.03,61.635,62.74,5735839.0
2024-11-20,64.0,65.38,63.92,64.79,4488746.0
2024-11-21,64.24,65.58,64.08,65.17,3300875.0
2024-11-22,64.0,64.5,63.575,63.64,3231715.0
2024-11-25,64.3,64.8,64.0,64.53,2807002.0
2024-11-26,63.98,63.98,62.81,62.9,3275383.0
2024-11-27,63.96,64.21,63.36,63.8,3702170.0
2024-11-29,65.0,65.64,64.23,64.65,2438557.0
2024-12-02,65.64,65.85,64.7,65.25,2688715.0
2024-12-03,66.0,68.6,65.87,68.03,6016346.0
2024-12-04,67.32,67.73,65.74,66.88,4834854.0
2024-12-05,66.3,67.53,66.3,67.21,3073358.0
2024-12-06,69.09,69.6,68.43,69.07,4401310.0
2024-12-09,74.7,77.18,74.6,75.06,7801759.0
2024-12-10,72.16,73.27,71.58,72.0,4265064.0
2024-12-11,71.63,72.84,71.37,72.81,2539870.0
2024-12-12,74.74,75.385,74.0625,74.08,3302840.0
2024-12-13,72.32,72.8,71.69,72.55,2930972.0
2024-12-16,71.91,72.67,71.32,72.56,3464614.0
2024-12-17,73.25,74.7,72.24,74.61,3720817.0
2024-12-18,73.71,74.0899,71.3553,71.51,2692803.0
2024-12-19,71.79,72.6,71.0,72.57,2416813.0
2024-12-20,70.99,72.8,70.37,72.44,2127172.0
2024-12-23,72.1,73.08,71.61,73.02,1802294.0
2024-12-24,72.71,72.99,72.18,72.31,1038098.0
2024-12-26,72.3,73.38,72.23,73.06,1472331.0
2024-12-27,71.48,71.65,70.511,70.59,2185096.0
2024-12-30,69.22,69.33,68.5,68.61,2033733.0
2024-12-31,69.78,69.97,68.6,68.66,1092814.0
2025-01-02,66.418,66.815,64.68,64.77,3167825.0
2025-01-03,66.0,67.65,66.0,67.6,3104935.0
2025-01-06,67.69,67.86,65.3,65.34,2513241.0
2025-01-07,65.46,65.88,64.88,65.0,2591377.0
2025-01-08,65.41,65.74,64.37,64.9,3195242.0
2025-01-10,63.5,63.575,62.37,63.15,3135758.0
2025-01-13,63.63,64.5175,63.37,63.71,2292334.0
2025-01-14,64.95,65.1,63.95,64.4,1951311.0
2025-01-15,65.32,65.35,64.6,65.02,1860027.0
2025-01-16,65.34,65.86,64.87,65.81,2148909.0
2025-01-17,66.59,68.69,66.35,67.16,2863592.0
2025-01-21,69.22,69.39,68.2901,68.96,3064911.0
2025-01-22,67.83,68.07,66.03,66.87,2340407.0
2025-01-23,67.19,68.2,66.65,68.0,1952422.0
2025-01-24,69.88,71.66,69.38,71.52,2715380.0
2025-01-27,70.85,71.045,69.02,70.0,2383700.0
2025-01-28,69.72,71.45,68.86,71.44,1191951.0
2025-01-29,72.26,72.82,71.05,71.29,1137675.0
2025-01-30,71.24,74.15,71.24,73.5,1313439.0
2025-01-31,73.0,73.02,70.11,70.17,2129538.0
2025-02-03,71.28,73.42,70.1919,72.03,2687026.0
2025-02-04,73.36,73.56,71.18,71.27,2297274.0
2025-02-05,68.95,69.83,68.39,68.82,3092358.0
2025-02-06,70.0,70.0,67.92,68.53,2486068.0
2025-02-07,68.74,69.79,68.22,69.22,3309487.0
2025-02-10,70.0,70.25,67.56,68.39,2730208.0
2025-02-11,65.66,67.13,62.87,65.69,2868293.0
2025-02-12,66.25,68.44,64.85,68.06,3346471.0
2025-02-13,67.19,69.79,67.19,69.74,2616556.0
2025-02-14,72.06,72.14,68.86,69.25,4309086.0
2025-02-18,68.1,68.22,66.17,67.17,4004711.0
2025-02-19,67.64,67.68,66.27,66.68,1988320.0
2025-02-20,66.37,67.21,63.7,66.11,5871174.0
2025-02-21,67.25,68.47,66.15,67.02,6201310.0
2025-02-24,67.405,67.405,64.51,64.66,6078464.0
2025-02-25,59.035,59.11,55.6,57.3,17805415.0
2025-02-26,60.815,60.93,58.3601,58.61,12355846.0
2025-02-27,57.63,58.22,56.81,57.2,7802137.0
2025-02-28,55.72,57.95,55.6901,56.68,5565227.0
2025-03-03,57.9,60.19,57.8,57.81,4787388.0
2025-03-04,57.59,60.26,57.25,59.36,5327832.0
2025-03-05,60.78,64.11,60.68,64.01,7482250.0
2025-03-06,63.905,64.84,63.13,63.52,7132300.0
2025-03-07,63.57,64.44,62.3,63.83,7695935.0
2025-03-10,63.05,64.19,62.0206,62.22,4287045.0
2025-03-11,62.34,62.6,60.4,61.59,4726809.0
2025-03-12,60.5,61.63,59.32,61.62,4460384.0
2025-03-13,61.05,61.17,60.1,60.8,3152000.0
2025-03-14,62.64,63.5,61.98,62.03,2490098.0
2025-03-17,62.51,66.73,62.3,66.67,6333559.0
2025-03-18,66.54,67.1,65.71,66.09,3537116.0
2025-03-19,66.9,67.28,65.77,67.0,3928260.0
2025-03-20,64.49,64.85,63.73,64.53,3207540.0
2025-03-21,63.21,64.26,62.69,64.23,4119721.0
2025-03-24,65.15,65.23,63.45,63.91,3916491.0
2025-03-25,63.19,63.71,62.73,63.67,3324495.0
2025-03-26,63.455,63.9,62.5,63.11,2237363.0
2025-03-27,64.165,65.69,64.01,65.18,2254063.0
2025-03-28,64.8,65.18,62.64,62.68,2473869.0
2025-03-31,63.04,63.96,62.6,63.58,2478321.0
2025-04-01,63.25,64.14,62.47,63.17,2728513.0
2025-04-02,63.08,63.835,62.53,63.58,1583998.0
2025-04-03,62.39,62.405,61.115,61.2,3777838.0
2025-04-04,57.5,57.5,54.35,55.89,7866791.0
2025-04-07,53.045,57.19,52.52,53.55,8070235.0
2025-04-08,55.02,55.6,51.35,52.21,8348886.0
2025-04-09,53.19,55.585,51.97,54.79,8938730.0
2025-04-10,56.86,56.89,53.37,54.19,8818641.0
2025-04-11,54.25,54.915,52.64,54.73,5569976.0
2025-04-14,56.5,59.4218,56.5,56.75,7496205.0
2025-04-15,56.37,57.0,56.34,56.47,3374947.0
2025-04-16,56.42,56.585,54.94,55.55,5100424.0
2025-04-17,56.94,57.7,54.61,54.85,6302729.0
2025-04-21,54.775,55.51,54.03,55.25,4171493.0
2025-04-22,56.5,57.67,56.5,56.87,4324805.0
2025-04-23,58.2,59.56,58.17,58.2,5096491.0
2025-04-24,57.61,58.65,57.36,57.66,2538918.0
2025-04-25,57.66,58.07,57.1701,57.52,2965673.0
