Date,open,high,low,close,volume
2015-04-27,28.76,29.31,27.96,28.13,5671993.0
2015-04-28,28.13,28.39,27.5,28.21,4178546.0
2015-04-29,28.11,28.59,27.91,28.07,3645165.0
2015-04-30,27.5,27.73,26.72,27.09,4166524.0
2015-05-01,27.21,29.17,27.2,28.96,5701277.0
2015-05-04,29.08,29.41,28.65,28.66,3567551.0
2015-05-05,28.87,29.72,28.87,29.06,3601601.0
2015-05-06,29.25,29.3,28.68,29.0,2087302.0
2015-05-07,29.52,30.46,29.35,29.96,3756990.0
2015-05-08,30.26,30.62,29.92,30.37,2566612.0
2015-05-11,30.37,30.87,30.27,30.75,2752622.0
2015-05-12,30.63,30.74,30.16,30.45,2093421.0
2015-05-13,30.79,31.27,30.66,30.9,2262827.0
2015-05-14,31.05,31.1,30.48,30.56,2024713.0
2015-05-15,30.51,30.93,30.25,30.75,1415615.0
2015-05-18,30.51,31.23,30.42,31.13,1545591.0
2015-05-19,31.05,31.05,30.45,30.71,1469122.0
2015-05-20,30.77,31.1,30.52,30.88,2052397.0
2015-05-21,30.99,31.8,30.9,31.37,1500728.0
2015-05-22,31.37,31.77,31.28,31.42,1331801.0
2015-05-26,31.3,31.46,30.07,30.19,2254680.0
2015-05-27,30.31,30.85,30.14,30.75,1528546.0
2015-05-28,30.54,30.57,29.9,30.14,1549725.0
2015-05-29,30.1,30.3,29.9,29.99,1547453.0
2015-06-01,30.04,30.29,29.54,29.71,3367326.0
2015-06-02,29.56,30.7,29.56,30.38,1898525.0
2015-06-03,30.54,31.06,30.4,30.7,2287384.0
2015-06-04,30.36,30.63,30.2,30.37,1566634.0
2015-06-05,30.19,31.03,30.01,30.69,1637562.0
2015-06-08,30.68,30.68,29.93,30.04,1839375.0
2015-06-09,30.1,30.1,29.05,29.23,3633197.0
2015-06-10,28.95,30.58,28.92,29.6,3751520.0
2015-06-11,29.67,30.22,29.63,30.05,2596299.0
2015-06-12,29.93,30.53,29.85,30.2,1451935.0
2015-06-15,29.84,30.31,29.56,30.01,1573313.0
2015-06-16,29.84,30.09,29.06,29.19,2395467.0
2015-06-17,29.31,29.75,29.17,29.36,1656582.0
2015-06-18,29.41,30.14,29.24,29.7,1845412.0
2015-06-19,29.6,30.14,29.49,29.52,2007452.0
2015-06-22,29.79,29.88,29.38,29.43,2140447.0
2015-06-23,29.46,30.63,29.4,30.33,1875651.0
2015-06-24,30.33,30.56,29.55,29.59,1808073.0
2015-06-25,29.52,29.58,28.07,28.09,3677460.0
2015-06-26,28.08,28.35,27.21,27.24,4694911.0
2015-06-29,26.9,27.43,26.6,26.86,2528702.0
2015-06-30,27.24,27.35,26.31,26.43,2364211.0
2015-07-01,26.09,26.68,25.73,26.3,3268992.0
2015-07-02,26.25,26.68,25.7,25.79,2292212.0
2015-07-06,25.51,25.96,25.06,25.3,2071705.0
2015-07-07,25.24,25.4,24.16,25.34,2907698.0
2015-07-08,25.0,25.33,24.13,24.39,2103410.0
2015-07-09,24.89,25.45,24.89,25.18,1904160.0
2015-07-10,25.53,25.81,25.12,25.48,2045581.0
2015-07-13,25.53,25.99,25.41,25.82,1766307.0
2015-07-14,25.65,25.92,25.5,25.79,1518963.0
2015-07-15,25.7,25.99,25.67,25.81,2278180.0
2015-07-16,26.0,26.42,25.78,26.18,1902581.0
2015-07-17,26.21,26.38,25.78,25.83,1787580.0
2015-07-20,25.96,26.01,25.74,25.77,2937500.0
2015-07-21,25.74,26.42,25.73,26.29,2279575.0
2015-07-22,26.1,26.36,25.7,26.13,2943565.0
2015-07-23,26.08,26.3,25.27,25.97,3166835.0
2015-07-24,27.0,29.15,27.0,27.33,6399127.0
2015-07-27,27.11,28.59,26.96,28.31,3155485.0
2015-07-28,28.6,28.85,28.17,28.42,1838175.0
2015-07-29,28.5,29.89,28.42,29.79,2702944.0
2015-07-30,29.55,29.84,29.29,29.67,2880392.0
2015-07-31,29.76,29.87,29.22,29.26,2579448.0
2015-08-03,29.18,29.21,28.03,28.18,2562305.0
2015-08-04,28.34,28.94,27.77,28.0,2104235.0
2015-08-05,28.38,28.67,27.61,27.67,1572631.0
2015-08-06,27.59,27.91,26.96,27.69,2351914.0
2015-08-07,27.57,28.0,26.81,26.82,2365935.0
2015-08-10,27.18,28.72,27.01,28.35,2679224.0
2015-08-11,27.96,28.3,27.28,28.26,1830534.0
2015-08-12,27.94,28.34,27.39,28.31,1448717.0
2015-08-13,28.26,28.36,27.73,28.01,1005000.0
2015-08-14,27.98,28.49,27.91,28.4,1452465.0
2015-08-17,28.15,28.65,27.73,28.32,1215598.0
2015-08-18,28.28,28.56,28.01,28.07,1603324.0
2015-08-19,27.77,27.99,27.27,27.58,2143518.0
2015-08-20,27.11,27.2,25.86,25.92,2937527.0
2015-08-21,25.63,25.9,25.1,25.12,2051993.0
2015-08-24,23.55,25.42,21.78,23.65,2900575.0
2015-08-25,24.95,25.03,23.48,23.5,3662576.0
2015-08-26,24.17,24.49,23.54,24.41,2502322.0
2015-08-27,24.76,26.07,24.76,25.8,2254640.0
2015-08-28,25.76,26.94,25.73,26.75,2021147.0
2015-08-31,26.55,27.33,26.26,26.99,1753648.0
2015-09-01,25.89,26.74,25.77,26.13,2332669.0
2015-09-02,26.66,26.82,25.69,26.26,1617474.0
2015-09-03,26.33,26.68,26.16,26.26,1518402.0
2015-09-04,26.32,26.6,25.87,26.39,1512782.0
2015-09-08,26.86,27.05,26.27,26.7,1826722.0
2015-09-09,26.97,27.06,26.18,26.27,1181362.0
2015-09-10,26.28,26.92,26.14,26.32,1065669.0
2015-09-11,26.03,26.37,25.64,26.23,1311064.0
2015-09-14,26.2,26.28,25.47,25.86,1399222.0
2015-09-15,26.09,26.92,26.02,26.87,1713506.0
2015-09-16,26.9,28.23,26.79,28.11,2765788.0
2015-09-17,28.04,28.47,27.68,27.81,1532263.0
2015-09-18,27.43,27.62,26.42,26.5,2390721.0
2015-09-21,26.05,26.12,25.35,25.45,2815747.0
2015-09-22,25.04,25.08,23.89,24.29,4739480.0
2015-09-23,24.46,24.52,23.55,23.96,2490614.0
2015-09-24,23.5,24.41,23.39,24.07,2402406.0
2015-09-25,24.26,24.35,23.86,24.09,1805625.0
2015-09-28,23.56,23.78,22.83,23.32,2947466.0
2015-09-29,23.43,23.64,22.74,22.9,2192286.0
2015-09-30,23.08,23.37,22.41,22.67,2855933.0
2015-10-01,23.04,23.2,21.96,22.37,2856754.0
2015-10-02,22.0,23.0,21.82,22.98,1869683.0
2015-10-05,23.28,24.7,23.25,24.55,2382777.0
2015-10-06,24.49,25.31,24.35,24.94,2222996.0
2015-10-07,25.18,26.0,24.85,25.83,2934130.0
2015-10-08,25.79,27.06,25.71,26.98,3593069.0
2015-10-09,27.02,27.4,26.37,27.17,2178700.0
2015-10-12,27.17,27.3,26.52,27.13,1682420.0
2015-10-13,26.82,27.8,26.7,27.08,1942220.0
2015-10-14,27.2,28.0,26.88,27.72,1800297.0
2015-10-15,27.65,27.77,27.09,27.7,1693023.0
2015-10-16,27.64,27.65,26.15,26.58,2452468.0
2015-10-19,26.39,26.55,26.01,26.45,1794864.0
2015-10-20,26.31,27.2,25.94,26.87,1491343.0
2015-10-21,26.94,26.98,25.93,25.95,1856728.0
2015-10-22,26.19,26.58,25.63,26.13,2588843.0
2015-10-23,26.81,30.38,26.65,27.58,8809847.0
2015-10-26,27.55,28.02,26.93,27.01,2780828.0
2015-10-27,26.81,26.89,25.17,25.37,3107016.0
2015-10-28,25.66,26.15,25.23,25.88,2419849.0
2015-10-29,25.53,26.45,25.45,25.75,1754444.0
2015-10-30,25.95,27.26,25.83,27.07,2175875.0
2015-11-02,27.05,27.78,26.9,27.47,2238163.0
2015-11-03,27.5,28.25,27.18,27.86,2233847.0
2015-11-04,27.79,27.9,26.81,27.07,2089292.0
2015-11-05,27.06,27.31,26.47,26.92,1297785.0
2015-11-06,26.72,27.55,26.51,27.44,1479798.0
2015-11-09,27.44,27.44,26.24,26.76,2246613.0
2015-11-10,26.67,27.09,26.31,26.84,1410694.0
2015-11-11,26.88,27.38,26.35,27.25,1945766.0
2015-11-12,26.86,26.95,25.63,25.63,3466217.0
2015-11-13,25.54,26.13,25.29,25.53,2037812.0
2015-11-16,25.49,26.08,25.4,25.9,1318499.0
2015-11-17,25.97,26.24,25.54,25.67,1554762.0
2015-11-18,25.95,26.51,25.94,26.27,1740573.0
2015-11-19,26.35,26.67,26.02,26.62,1130931.0
2015-11-20,26.74,26.94,26.25,26.29,1223504.0
2015-11-23,26.29,26.69,25.96,26.04,1396624.0
2015-11-24,25.99,27.04,25.81,26.93,1292400.0
2015-11-25,26.97,27.21,26.57,26.97,749045.0
2015-11-27,27.22,27.32,26.8,26.98,520049.0
2015-11-30,27.04,27.44,26.8,27.15,1448840.0
2015-12-01,27.12,27.34,26.85,27.27,1100486.0
2015-12-02,27.22,27.55,26.64,26.84,1404298.0
2015-12-03,26.88,27.11,25.36,25.75,1857338.0
2015-12-04,25.69,26.0,25.25,25.78,1310814.0
2015-12-07,25.69,25.69,24.18,24.34,2777665.0
2015-12-08,23.79,24.31,23.51,24.01,1979399.0
2015-12-09,23.99,24.75,23.79,23.86,1775490.0
2015-12-10,23.85,24.45,23.84,24.38,1754890.0
2015-12-11,24.12,24.37,23.53,23.69,1649680.0
2015-12-14,23.74,23.91,23.15,23.81,2188057.0
2015-12-15,23.9,24.59,23.87,24.11,1813235.0
2015-12-16,24.28,24.68,23.6,23.95,1873081.0
2015-12-17,23.84,24.09,23.56,23.81,2138523.0
2015-12-18,23.78,23.94,23.5,23.5,4231881.0
2015-12-21,23.88,24.11,23.39,23.62,1789604.0
2015-12-22,23.95,24.75,23.71,24.49,2170796.0
2015-12-23,24.89,25.47,24.74,25.43,1937612.0
2015-12-24,25.39,25.68,25.24,25.46,742705.0
2015-12-28,25.29,25.29,24.3,24.44,1273654.0
2015-12-29,24.69,24.76,23.95,24.58,1183183.0
2015-12-30,24.42,24.6,23.87,24.13,1206186.0
2015-12-31,23.96,24.32,23.89,24.02,1161297.0
2016-01-04,23.51,24.42,23.4,24.32,1638466.0
2016-01-05,24.32,24.36,23.21,23.41,1784652.0
2016-01-06,22.98,23.18,22.66,22.96,1832630.0
2016-01-07,22.5,23.02,21.61,21.77,3590894.0
2016-01-08,22.34,22.34,21.32,21.36,2345887.0
2016-01-11,21.54,21.67,20.65,21.19,2491248.0
2016-01-12,21.39,21.6,19.93,20.7,2600425.0
2016-01-13,20.85,21.19,19.85,19.96,2351048.0
2016-01-14,20.2,20.3,19.31,20.1,2139262.0
2016-01-15,19.25,20.05,19.18,20.01,2159536.0
2016-01-19,20.18,20.18,18.5,18.92,2827919.0
2016-01-20,18.22,19.46,17.58,19.05,3535199.0
2016-01-21,19.07,19.96,18.95,19.53,2041619.0
2016-01-22,20.19,20.74,19.89,20.14,2621326.0
2016-01-25,20.07,20.43,19.67,19.74,2098096.0
2016-01-26,20.05,20.83,19.86,20.78,1726215.0
2016-01-27,20.51,21.03,20.35,20.47,1690008.0
2016-01-28,20.86,21.18,20.35,20.57,1695607.0
2016-01-29,20.6,21.44,20.49,21.42,2172763.0
2016-02-01,21.18,21.72,20.89,21.55,1344362.0
2016-02-02,21.02,21.2,20.59,21.09,1740043.0
2016-02-03,21.4,21.51,20.49,21.42,1907190.0
2016-02-04,21.4,22.63,21.38,22.51,2165367.0
2016-02-05,22.41,22.71,22.02,22.14,1372197.0
2016-02-08,21.64,22.06,21.27,21.8,1749712.0
2016-02-09,21.34,21.93,21.3,21.58,1253576.0
2016-02-10,21.6,21.92,21.29,21.36,1020114.0
2016-02-11,20.82,21.33,20.36,20.89,1906178.0
2016-02-12,21.21,21.52,20.02,21.44,2648118.0
2016-02-16,21.63,21.89,21.14,21.65,1683922.0
2016-02-17,21.88,22.67,21.87,22.04,2145055.0
2016-02-18,20.98,21.47,20.25,21.12,4175228.0
2016-02-19,17.45,17.65,15.7,16.43,23408873.0
2016-02-22,16.68,16.91,15.96,16.37,5923694.0
2016-02-23,16.31,16.57,15.7,15.73,4559367.0
2016-02-24,15.5,15.85,14.94,15.64,4765392.0
2016-02-25,15.7,15.81,15.31,15.76,5052108.0
2016-02-26,15.92,16.32,15.75,15.85,4311839.0
2016-02-29,15.85,16.04,15.61,15.84,2386356.0
2016-03-01,16.02,16.32,15.76,16.29,2538657.0
2016-03-02,16.23,16.42,15.91,16.23,3002264.0
2016-03-03,16.28,17.46,16.25,17.3,3100219.0
2016-03-04,17.39,17.53,16.79,16.97,3319503.0
2016-03-07,17.0,18.54,16.95,18.49,3671425.0
2016-03-08,18.22,18.4,17.77,18.13,3411369.0
2016-03-09,18.28,18.66,17.9,18.43,3118914.0
2016-03-10,18.41,18.57,17.8,18.05,3040398.0
2016-03-11,18.18,19.03,18.11,19.0,2493607.0
2016-03-14,18.84,18.95,18.27,18.51,1653193.0
2016-03-15,18.16,18.22,17.71,17.99,2119886.0
2016-03-16,17.94,18.66,17.84,18.63,2115666.0
2016-03-17,18.73,19.3,18.56,19.11,1677329.0
2016-03-18,19.13,19.62,18.8,19.21,2293813.0
2016-03-21,19.15,19.49,18.93,19.35,1399357.0
2016-03-22,19.23,19.54,19.03,19.43,1999244.0
2016-03-23,19.31,19.33,18.33,18.33,2209142.0
2016-03-24,18.14,18.52,17.8,18.52,1559553.0
2016-03-28,18.5,18.5,17.61,18.12,2247592.0
2016-03-29,17.88,18.69,17.64,18.58,1899988.0
2016-03-30,18.7,18.86,18.11,18.32,1924570.0
2016-03-31,18.37,18.45,18.07,18.31,1603295.0
2016-04-01,18.04,18.29,17.68,18.22,1744794.0
2016-04-04,18.25,18.54,17.74,17.75,1669210.0
2016-04-05,17.51,18.17,17.36,17.88,1943786.0
2016-04-06,17.85,18.39,17.68,18.25,1840139.0
2016-04-07,18.14,18.29,17.81,17.97,1322211.0
2016-04-08,18.2,18.98,18.17,18.38,1800452.0
2016-04-11,18.51,18.9,18.4,18.59,1336421.0
2016-04-12,18.81,19.34,18.7,19.22,1603869.0
2016-04-13,19.28,19.95,19.02,19.87,2049775.0
2016-04-14,19.87,19.95,19.37,19.67,1412773.0
2016-04-15,19.53,19.73,19.17,19.64,1978608.0
2016-04-18,19.41,19.66,19.13,19.32,2093066.0
2016-04-19,19.14,19.19,18.56,19.07,2215181.0
2016-04-20,19.1,19.4,18.9,19.17,2753420.0
2016-04-21,19.36,19.53,18.47,18.58,3305746.0
2016-04-22,19.53,20.14,18.27,19.93,5493973.0
2016-04-25,19.92,20.42,19.12,19.25,2583375.0
2016-04-26,19.54,19.81,19.25,19.81,1856760.0
2016-04-27,19.72,20.24,19.53,19.9,1547335.0
2016-04-28,19.84,20.24,19.72,19.8,1725214.0
2016-04-29,19.98,20.18,19.35,19.51,1698639.0
2016-05-02,19.64,19.98,18.9,19.16,2017524.0
2016-05-03,18.85,18.91,18.09,18.36,2004132.0
2016-05-04,18.23,18.61,17.93,17.95,2269669.0
2016-05-05,18.21,18.36,17.49,17.53,1776925.0
2016-05-06,17.42,17.79,17.37,17.64,1470295.0
2016-05-09,17.47,17.55,17.08,17.17,2094100.0
2016-05-10,17.27,17.94,17.18,17.9,1665084.0
2016-05-11,17.9,18.17,17.63,17.68,1388122.0
2016-05-12,17.83,17.99,17.26,17.29,2054951.0
2016-05-13,17.18,17.54,16.9,17.04,1831400.0
2016-05-16,17.19,17.47,17.02,17.03,1380281.0
2016-05-17,17.03,17.85,16.87,17.53,2136839.0
2016-05-18,17.36,17.7,16.84,16.92,1800050.0
2016-05-19,16.67,16.8,16.39,16.73,2444419.0
2016-05-20,16.85,17.28,16.79,17.24,1395875.0
2016-05-23,17.15,17.35,17.0,17.14,1024314.0
2016-05-24,17.27,17.41,16.98,17.26,1162049.0
2016-05-25,17.42,18.1,17.4,18.06,1764179.0
2016-05-26,18.3,18.48,17.91,17.95,1973084.0
2016-05-27,18.01,18.22,17.92,18.11,1343364.0
2016-05-31,18.14,18.48,17.93,18.06,1877286.0
2016-06-01,17.95,18.13,17.47,18.12,1071147.0
2016-06-02,18.04,18.19,17.85,17.97,1141168.0
2016-06-03,18.0,18.0,17.58,17.87,1302221.0
2016-06-06,18.06,18.71,17.92,18.67,1714486.0
2016-06-07,18.66,18.95,18.51,18.79,3259095.0
2016-06-08,18.96,19.11,18.84,18.95,1229801.0
2016-06-09,18.75,18.92,18.61,18.85,1098253.0
2016-06-10,18.6,18.69,18.12,18.23,1511262.0
2016-06-13,18.41,18.59,18.02,18.09,2761286.0
2016-06-14,17.99,18.37,17.62,18.14,2833700.0
2016-06-15,18.21,18.61,18.1,18.35,1987825.0
2016-06-16,18.13,18.19,17.69,18.04,1686263.0
2016-06-17,18.16,19.02,18.15,18.94,2742702.0
2016-06-20,19.03,19.1,18.52,18.82,2829305.0
2016-06-21,18.65,19.05,18.55,19.0,2268504.0
2016-06-22,19.01,19.18,18.9,18.98,1366932.0
2016-06-23,19.27,19.47,19.21,19.44,1236382.0
2016-06-24,18.64,18.94,18.43,18.59,2573022.0
2016-06-27,18.28,18.36,18.0,18.03,111662.0
2016-06-28,17.55,17.9,17.5,17.74,2203633.0
2016-06-29,18.0,18.54,17.69,18.36,2116148.0
2016-06-30,18.32,18.61,18.18,18.57,1887937.0
2016-07-01,18.6,19.3,18.6,19.18,1977252.0
2016-07-05,18.94,19.09,18.61,19.02,2018458.0
2016-07-06,18.85,19.05,18.38,18.71,2481263.0
2016-07-07,18.78,19.34,18.78,19.17,1449261.0
2016-07-08,19.39,19.8,19.39,19.71,1775811.0
2016-07-11,19.87,20.29,19.87,20.2,1472820.0
2016-07-12,20.47,20.96,20.36,20.9,2024176.0
2016-07-13,20.92,21.09,20.45,20.56,2138654.0
2016-07-14,20.6,21.09,20.6,20.87,2175095.0
2016-07-15,20.9,20.96,20.56,20.65,1786325.0
2016-07-18,20.48,20.96,20.36,20.96,2874191.0
2016-07-19,20.93,21.04,20.79,20.86,2449612.0
2016-07-20,20.8,21.15,20.73,21.08,4230278.0
2016-07-21,21.04,21.2,20.68,20.98,4887873.0
2016-07-22,20.75,21.96,20.62,21.96,5649280.0
2016-07-25,21.75,21.8,20.68,20.7,3558294.0
2016-07-26,20.88,21.47,20.88,21.29,2469066.0
2016-07-27,21.31,21.68,20.89,21.09,2402226.0
2016-07-28,21.0,21.15,20.81,20.97,1430455.0
2016-07-29,22.29,23.36,22.15,23.21,4870059.0
2016-08-01,23.03,23.03,22.5,22.91,3065874.0
2016-08-02,22.8,23.07,22.6,22.72,1760233.0
2016-08-03,22.7,23.06,22.6,22.99,1197027.0
2016-08-04,22.96,23.14,22.87,22.95,1185380.0
2016-08-05,23.07,23.55,23.07,23.45,1385537.0
2016-08-08,23.55,23.98,23.48,23.88,1755480.0
2016-08-09,23.93,23.96,23.15,23.27,1590471.0
2016-08-10,23.44,23.67,23.19,23.22,1071174.0
2016-08-11,23.29,23.42,23.1,23.23,1244388.0
2016-08-12,23.27,23.39,23.02,23.22,1307913.0
2016-08-15,23.31,23.71,23.26,23.67,1421989.0
2016-08-16,23.63,23.97,23.46,23.89,1322523.0
2016-08-17,23.77,24.07,23.7,23.96,2258827.0
2016-08-18,24.0,24.42,23.97,24.38,1427592.0
2016-08-19,24.17,24.83,24.15,24.67,1915078.0
2016-08-22,24.44,24.65,24.29,24.58,1078210.0
2016-08-23,24.8,25.34,24.8,25.05,2260476.0
2016-08-24,24.94,25.11,24.54,24.61,1261493.0
2016-08-25,24.61,24.71,24.43,24.56,1143068.0
2016-08-26,24.76,24.9,24.23,24.46,1204070.0
2016-08-29,24.44,24.63,24.38,24.49,1104762.0
2016-08-30,24.37,24.72,24.3,24.53,811174.0
2016-08-31,24.39,24.54,24.17,24.42,905855.0
2016-09-01,24.34,24.43,23.79,24.05,1682151.0
2016-09-02,24.33,24.4,24.09,24.25,1031335.0
2016-09-06,24.33,24.33,23.84,24.2,879221.0
2016-09-07,24.2,24.42,24.15,24.32,871454.0
2016-09-08,24.35,24.57,24.16,24.43,910886.0
2016-09-09,24.12,24.5,23.72,23.84,1460302.0
2016-09-12,23.53,24.11,23.35,23.93,1629495.0
2016-09-13,23.52,23.79,23.42,23.43,1897213.0
2016-09-14,23.46,23.61,23.2,23.25,839801.0
2016-09-15,23.25,23.61,23.2,23.42,1291800.0
2016-09-16,23.22,23.87,23.1,23.8,1926886.0
2016-09-19,24.06,24.2,23.53,23.69,1144739.0
2016-09-20,23.76,23.77,23.4,23.49,978053.0
2016-09-21,23.83,24.1,23.65,24.07,862524.0
2016-09-22,24.37,24.6,24.28,24.53,1611117.0
2016-09-23,24.49,24.69,23.93,24.0,853653.0
2016-09-26,23.94,24.08,23.68,23.83,796010.0
2016-09-27,23.69,23.94,23.53,23.84,919484.0
2016-09-28,23.98,24.31,23.68,24.3,803062.0
2016-09-29,24.41,24.58,23.88,24.02,1222414.0
2016-09-30,23.97,24.34,23.75,24.18,1362308.0
2016-10-03,24.2,24.5,24.07,24.32,1014255.0
2016-10-04,24.49,24.55,23.92,23.97,849569.0
2016-10-05,24.38,24.89,24.07,24.78,1703424.0
2016-10-06,24.7,24.87,24.46,24.76,1054640.0
2016-10-07,24.89,24.94,24.18,24.33,1056184.0
2016-10-10,24.61,24.71,24.14,24.17,1230378.0
2016-10-11,24.09,24.12,23.38,23.48,1354034.0
2016-10-12,23.36,23.46,23.1,23.28,1129409.0
2016-10-13,22.88,23.11,22.55,23.01,1314615.0
2016-10-14,23.33,23.46,22.82,23.03,1093106.0
2016-10-17,23.0,23.13,22.87,22.9,1039665.0
2016-10-18,23.33,23.34,22.93,23.13,616574.0
2016-10-19,23.21,23.79,23.16,23.66,999227.0
2016-10-20,23.49,23.55,23.09,23.21,1084451.0
2016-10-21,23.02,23.46,22.93,23.44,742607.0
2016-10-24,23.75,23.79,23.23,23.31,1208408.0
2016-10-25,23.21,23.21,22.09,22.43,2329436.0
2016-10-26,22.34,22.54,22.11,22.29,1410810.0
2016-10-27,21.42,22.13,21.02,21.89,3442610.0
2016-10-28,21.69,21.78,20.88,21.01,4099911.0
2016-10-31,20.92,21.63,20.81,21.35,2471755.0
2016-11-01,21.46,21.62,21.18,21.41,2388137.0
2016-11-02,21.31,21.42,20.92,21.01,1507544.0
2016-11-03,21.1,21.19,20.8,21.08,1588764.0
2016-11-04,21.06,21.62,20.94,21.53,1782776.0
2016-11-07,22.02,22.49,22.02,22.41,1571476.0
2016-11-08,22.31,22.68,22.13,22.63,1313016.0
2016-11-09,23.02,25.03,22.82,25.03,4417655.0
2016-11-10,25.07,26.56,25.05,26.54,4443873.0
2016-11-11,26.42,27.08,25.98,26.81,2689248.0
2016-11-14,27.03,27.98,26.9,27.19,4047921.0
2016-11-15,27.2,27.5,26.42,26.99,3170247.0
2016-11-16,26.8,27.0,26.0,26.1,2296554.0
2016-11-17,26.18,26.39,25.84,26.01,1649083.0
2016-11-18,25.89,26.14,25.86,25.98,1756524.0
2016-11-21,26.19,26.65,26.09,26.25,1867467.0
2016-11-22,26.59,26.73,26.32,26.54,1696077.0
2016-11-23,26.49,27.29,26.34,27.25,1816790.0
2016-11-25,27.32,27.44,27.2,27.37,597961.0
2016-11-28,27.27,27.48,26.72,27.3,2016160.0
2016-11-29,27.1,27.31,26.86,26.96,1229432.0
2016-11-30,27.35,28.14,27.35,27.79,1905318.0
2016-12-01,28.03,28.36,27.87,28.06,2146408.0
2016-12-02,27.82,28.29,27.82,28.18,1665106.0
2016-12-05,28.35,28.62,28.0,28.0,1721390.0
2016-12-06,27.85,28.62,27.83,28.62,1542419.0
2016-12-07,28.71,29.31,28.59,29.24,1576111.0
2016-12-08,29.23,29.29,28.34,28.54,1880263.0
2016-12-09,28.51,28.77,28.16,28.33,1419671.0
2016-12-12,28.54,28.76,28.04,28.16,1631403.0
2016-12-13,28.32,28.4,27.61,27.85,1585364.0
2016-12-14,27.62,28.02,27.26,27.45,1321714.0
2016-12-15,27.2,28.01,27.06,27.96,1269720.0
2016-12-16,27.84,28.32,27.77,28.17,2363837.0
2016-12-19,28.09,28.38,27.9,28.34,1378583.0
2016-12-20,28.46,29.15,28.35,28.83,1476680.0
2016-12-21,28.7,28.7,28.05,28.38,1377097.0
2016-12-22,28.04,28.51,27.83,28.41,1470472.0
2016-12-23,28.35,28.78,28.14,28.73,837303.0
2016-12-27,28.88,29.11,28.58,28.61,1090786.0
2016-12-28,28.76,28.92,28.01,28.07,676602.0
2016-12-29,28.04,28.2,27.76,28.06,851396.0
2016-12-30,28.01,28.23,27.62,27.76,1148128.0
2017-01-03,27.9,28.48,27.55,28.03,1822317.0
2017-01-04,28.25,28.65,27.85,28.45,1957416.0
2017-01-05,28.42,28.64,27.58,27.6,1899312.0
2017-01-06,27.6,29.19,27.6,28.7,2533544.0
2017-01-09,28.6,28.71,28.08,28.09,1233941.0
2017-01-10,28.3,28.47,28.05,28.17,1090613.0
2017-01-11,28.17,28.39,27.92,28.18,1261617.0
2017-01-12,28.18,28.18,27.32,27.94,1176277.0
2017-01-13,27.93,28.4,27.87,28.14,1385692.0
2017-01-17,28.0,28.17,27.49,27.55,720042.0
2017-01-18,27.53,27.8,27.41,27.58,901846.0
2017-01-19,27.8,28.48,27.8,28.45,2142166.0
2017-01-20,28.5,28.72,28.22,28.49,1236137.0
2017-01-23,28.44,28.85,27.65,27.85,987212.0
2017-01-24,28.07,28.57,27.96,28.53,1501011.0
2017-01-25,28.81,29.22,28.57,29.19,1140588.0
2017-01-26,29.13,29.4,28.47,28.54,1015123.0
2017-01-27,28.67,28.8,28.32,28.52,949413.0
2017-01-30,28.17,28.17,27.26,27.74,2480413.0
2017-01-31,27.65,27.65,26.75,27.54,1491828.0
2017-02-01,27.89,27.97,27.42,27.78,1509389.0
2017-02-02,27.25,27.7,27.25,27.58,920700.0
2017-02-03,27.59,28.32,27.51,28.25,1246151.0
2017-02-06,28.03,28.24,27.49,27.58,792662.0
2017-02-07,27.74,27.88,27.13,27.35,755033.0
2017-02-08,27.21,27.36,26.84,27.3,821876.0
2017-02-09,27.22,27.97,27.17,27.85,1358271.0
2017-02-10,28.16,28.2,27.73,28.1,707904.0
2017-02-13,28.31,28.48,27.91,28.15,1040980.0
2017-02-14,28.07,28.14,27.6,28.11,590444.0
2017-02-15,28.01,28.6,27.8,28.51,1054729.0
2017-02-16,28.47,28.68,27.87,28.26,1523587.0
2017-02-17,28.0,30.13,27.85,28.84,3286631.0
2017-02-21,28.69,28.79,27.27,27.43,3155715.0
2017-02-22,27.01,27.7,26.97,27.38,1870743.0
2017-02-23,27.55,27.63,26.66,26.98,1399201.0
2017-02-24,26.56,27.36,26.47,27.35,1089728.0
2017-02-27,27.35,27.69,27.17,27.68,995713.0
2017-02-28,27.39,27.5,26.75,26.84,1781060.0
2017-03-01,27.54,27.97,27.43,27.45,1778631.0
2017-03-02,27.29,27.43,26.47,26.51,936985.0
2017-03-03,26.34,26.98,26.3,26.85,1235584.0
2017-03-06,26.27,26.89,26.27,26.8,1026259.0
2017-03-07,26.82,26.82,26.36,26.51,604075.0
2017-03-08,26.53,26.67,26.18,26.19,735472.0
2017-03-09,26.08,26.27,25.56,25.82,1031350.0
2017-03-10,25.98,26.14,25.66,25.95,1031916.0
2017-03-13,26.0,26.16,25.75,25.95,999000.0
2017-03-14,25.62,25.64,25.14,25.61,971552.0
2017-03-15,25.82,26.8,25.55,26.72,1569175.0
2017-03-16,26.83,26.83,26.13,26.29,905595.0
2017-03-17,26.4,27.42,26.25,27.38,3077561.0
2017-03-20,27.27,27.28,26.55,26.83,1419691.0
2017-03-21,26.95,27.0,25.79,26.07,1260438.0
2017-03-22,25.95,26.14,25.65,25.94,937712.0
2017-03-23,25.93,26.35,25.66,26.2,1190424.0
2017-03-24,26.32,26.59,25.76,25.87,966274.0
2017-03-27,25.13,25.68,25.01,25.58,1417961.0
2017-03-28,25.52,26.29,25.5,26.24,1054205.0
2017-03-29,26.16,26.38,25.91,26.24,1056327.0
2017-03-30,26.22,26.77,26.22,26.66,855624.0
2017-03-31,26.55,26.79,26.34,26.55,1254984.0
2017-04-03,26.56,26.8,26.05,26.41,1082037.0
2017-04-04,26.43,26.9,26.23,26.48,1235898.0
2017-04-05,27.14,27.3,26.36,26.44,1626789.0
2017-04-06,26.63,27.14,26.32,27.04,876392.0
2017-04-07,26.88,27.44,26.73,27.17,1283310.0
2017-04-10,27.32,27.48,27.0,27.17,760451.0
2017-04-11,26.99,27.45,26.8,27.41,1186663.0
2017-04-12,27.21,27.21,26.12,26.29,1522478.0
2017-04-13,26.13,26.33,25.52,25.52,1689530.0
2017-04-17,25.6,25.7,25.33,25.65,1151133.0
2017-04-18,25.35,25.82,25.27,25.68,1279924.0
2017-04-19,25.89,26.02,25.63,25.79,711180.0
2017-04-20,26.12,26.51,26.01,26.43,992429.0
2017-04-21,26.45,26.65,25.92,26.13,1282724.0
2017-04-24,26.61,26.87,26.47,26.76,1643046.0
2017-04-25,26.95,27.38,26.65,26.76,2956991.0
2017-04-26,26.81,27.93,26.81,27.57,3194913.0
2017-04-27,27.34,27.45,26.81,26.85,1307650.0
2017-04-28,26.78,26.98,26.49,26.9,1382016.0
2017-05-01,26.9,27.14,26.54,27.06,1588119.0
2017-05-02,27.15,27.5,27.1,27.35,1760156.0
2017-05-03,27.14,27.27,26.81,27.02,1720460.0
2017-05-04,27.08,27.2,26.68,26.8,710815.0
2017-05-05,26.98,27.21,26.76,27.12,524344.0
2017-05-08,26.89,27.12,26.74,26.92,708921.0
2017-05-09,27.0,27.29,26.91,27.15,779628.0
2017-05-10,27.2,27.65,27.19,27.37,896527.0
2017-05-11,27.23,27.32,26.75,27.22,640022.0
2017-05-12,27.04,27.16,26.74,26.9,625499.0
2017-05-15,27.22,27.3,26.93,27.17,1615941.0
2017-05-16,27.23,27.23,26.38,26.91,2171402.0
2017-05-17,26.37,26.55,26.12,26.23,1179102.0
2017-05-18,26.1,26.18,25.67,25.89,1097552.0
2017-05-19,26.23,26.82,26.04,26.56,1009593.0
2017-05-22,26.85,26.88,26.39,26.62,926318.0
2017-05-23,26.6,26.81,26.22,26.79,852092.0
2017-05-24,26.76,26.82,26.33,26.51,541838.0
2017-05-25,26.61,26.61,26.03,26.06,803095.0
2017-05-26,26.0,26.12,25.81,25.91,764492.0
2017-05-30,25.81,25.84,25.52,25.66,982697.0
2017-05-31,25.56,25.56,25.05,25.52,1703304.0
2017-06-01,25.72,26.24,25.47,26.07,1998833.0
2017-06-02,26.02,26.61,25.98,26.27,1157887.0
2017-06-05,26.27,26.35,25.98,25.98,751988.0
2017-06-06,25.73,25.87,25.5,25.73,1841745.0
2017-06-07,25.7,25.87,25.43,25.49,923638.0
2017-06-08,25.41,26.13,25.28,26.01,810798.0
2017-06-09,26.01,26.7,25.93,26.56,813822.0
2017-06-12,26.65,27.07,26.5,26.93,1151178.0
2017-06-13,26.98,27.3,26.84,27.2,901926.0
2017-06-14,27.17,27.17,26.46,26.8,1475649.0
2017-06-15,26.46,26.85,26.22,26.72,1047008.0
2017-06-16,26.62,26.9,26.43,26.77,1990752.0
2017-06-19,26.82,27.18,26.63,27.02,1248617.0
2017-06-20,26.73,26.81,26.32,26.63,776646.0
2017-06-21,26.81,26.86,26.14,26.21,1030811.0
2017-06-22,26.29,26.62,26.2,26.54,809345.0
2017-06-23,26.54,26.98,26.5,26.81,1230589.0
2017-06-26,26.9,27.44,26.82,27.2,1126429.0
2017-06-27,27.23,27.89,27.23,27.3,1557717.0
2017-06-28,27.57,28.39,27.46,28.35,1746367.0
2017-06-29,28.48,28.48,27.72,28.23,2329511.0
2017-06-30,28.25,28.33,27.7,28.03,1935688.0
2017-07-03,28.24,28.49,27.98,28.34,672928.0
2017-07-05,28.2,28.3,27.98,28.22,983191.0
2017-07-06,28.11,28.24,27.62,27.67,1256542.0
2017-07-07,27.66,27.92,27.35,27.88,1255836.0
2017-07-10,27.76,28.03,27.53,27.7,816134.0
2017-07-11,27.6,27.93,27.44,27.59,494867.0
2017-07-12,27.8,27.95,27.35,27.46,546088.0
2017-07-13,27.41,27.52,27.24,27.41,279167.0
2017-07-14,27.34,27.57,27.28,27.39,525273.0
2017-07-17,27.36,27.91,27.24,27.69,335555.0
2017-07-18,27.72,27.72,27.4,27.65,288563.0
2017-07-19,27.67,28.13,27.67,28.08,809961.0
2017-07-20,28.15,28.25,27.73,27.9,198301.0
2017-07-21,27.9,28.09,27.68,27.82,323903.0
2017-07-24,27.72,27.98,27.66,27.93,408169.0
2017-07-25,28.23,28.38,27.86,28.15,732246.0
2017-07-26,28.55,28.99,26.8,26.84,1244428.0
2017-07-27,28.04,28.05,27.18,27.6,1721189.0
2017-07-28,27.57,27.67,27.03,27.42,388592.0
2017-07-31,27.56,27.66,27.3,27.41,945046.0
2017-08-01,27.6,27.73,27.27,27.7,393444.0
2017-08-02,27.54,27.66,27.11,27.38,412974.0
2017-08-03,27.42,27.63,27.32,27.61,350610.0
2017-08-04,27.61,28.27,27.6,28.23,431522.0
2017-08-07,28.27,28.94,28.17,28.7,1138704.0
2017-08-08,28.5,29.29,28.48,28.67,423147.0
2017-08-09,28.44,28.83,28.3,28.82,1101494.0
2017-08-10,28.64,28.79,28.45,28.51,1034755.0
2017-08-11,28.22,28.73,28.1,28.58,943772.0
2017-08-14,28.8,28.96,28.63,28.67,808924.0
2017-08-15,28.73,29.02,28.54,28.67,793277.0
2017-08-16,28.68,28.72,28.48,28.53,843566.0
2017-08-17,28.42,28.72,28.22,28.23,1010623.0
2017-08-18,28.14,28.3,27.96,28.2,863288.0
2017-08-21,28.17,28.24,27.88,28.11,890857.0
2017-08-22,28.2,28.59,28.15,28.57,671620.0
2017-08-23,28.34,29.02,28.28,28.84,932482.0
2017-08-24,28.93,28.94,28.63,28.73,683197.0
2017-08-25,28.75,29.2,28.65,29.02,1343935.0
2017-08-28,29.14,29.49,28.58,28.74,747821.0
2017-08-29,28.49,28.8,28.35,28.67,731852.0
2017-08-30,28.53,28.74,28.43,28.72,559826.0
2017-08-31,28.95,28.98,28.66,28.84,956849.0
2017-09-01,28.98,29.67,28.98,29.56,1152723.0
2017-09-05,29.5,29.7,29.09,29.19,964139.0
2017-09-06,29.34,29.36,28.82,28.89,1042462.0
2017-09-07,28.95,28.95,28.47,28.52,935989.0
2017-09-08,28.38,28.77,28.25,28.74,781294.0
2017-09-11,28.92,29.29,28.73,29.25,643733.0
2017-09-12,29.43,29.69,29.37,29.67,874694.0
2017-09-13,29.62,29.62,29.33,29.47,1044843.0
2017-09-14,29.42,29.5,29.22,29.35,1115430.0
2017-09-15,29.33,29.67,29.21,29.56,1397234.0
2017-09-18,29.68,29.87,29.58,29.66,628724.0
2017-09-19,29.66,29.78,29.6,29.69,517084.0
2017-09-20,29.68,30.63,29.5,30.46,2006611.0
2017-09-21,30.36,30.38,29.93,30.28,754779.0
2017-09-22,30.23,30.49,30.19,30.2,619678.0
2017-09-25,30.19,30.47,30.04,30.4,785665.0
2017-09-26,30.3,30.58,30.23,30.39,1184893.0
2017-09-27,30.52,31.0,30.42,30.9,797025.0
2017-09-28,30.83,31.32,30.61,31.18,2454319.0
2017-09-29,31.5,32.3,31.35,31.9,2629822.0
2017-10-02,35.45,35.97,34.97,35.31,8729616.0
2017-10-03,35.31,35.64,34.94,35.07,4166503.0
2017-10-04,35.29,35.83,34.39,34.68,3188018.0
2017-10-05,34.75,35.13,34.39,35.06,1163172.0
2017-10-06,34.93,35.12,34.61,34.73,1002020.0
2017-10-09,34.71,34.95,34.39,34.5,818929.0
2017-10-10,34.55,34.75,34.39,34.63,1309794.0
2017-10-11,34.67,34.82,34.42,34.63,1305315.0
2017-10-12,34.36,34.72,34.14,34.19,1058218.0
2017-10-13,34.31,34.36,33.95,34.01,711449.0
2017-10-16,34.1,34.51,34.07,34.1,622973.0
2017-10-17,34.03,34.1,33.72,33.91,766070.0
2017-10-18,33.94,34.15,33.77,34.03,1614176.0
2017-10-19,33.79,34.21,33.71,34.2,1370779.0
2017-10-20,34.32,34.66,34.28,34.61,790503.0
2017-10-23,34.6,34.6,34.4,34.46,756829.0
2017-10-24,34.6,34.67,34.33,34.37,1024759.0
2017-10-25,34.37,34.46,33.2,33.87,1536678.0
2017-10-26,32.08,33.1,30.39,31.54,5656721.0
2017-10-27,31.4,32.11,31.28,32.08,2156271.0
2017-10-30,32.01,32.25,31.42,31.69,2162994.0
2017-10-31,32.1,32.68,32.06,32.52,1899422.0
2017-11-01,32.84,32.87,32.14,32.36,1620920.0
2017-11-02,32.14,32.34,32.0,32.07,916281.0
2017-11-03,32.01,32.22,31.9,32.13,716414.0
2017-11-06,33.0,33.0,32.24,32.49,1903874.0
2017-11-07,32.52,32.6,31.9,32.17,778968.0
2017-11-08,32.17,32.57,31.97,32.54,1074161.0
2017-11-09,32.18,32.62,32.11,32.31,835177.0
2017-11-10,32.3,32.83,32.3,32.58,1271135.0
2017-11-13,32.36,33.06,32.14,32.81,1538619.0
2017-11-14,32.81,33.96,32.8,33.15,1630014.0
2017-11-15,32.75,33.11,32.31,32.84,2011611.0
2017-11-16,33.0,33.48,32.94,33.45,1399223.0
2017-11-17,33.24,33.77,33.11,33.63,846876.0
2017-11-20,33.56,33.79,33.55,33.7,687998.0
2017-11-21,33.8,33.99,33.67,33.8,559711.0
2017-11-22,33.89,34.11,33.75,34.04,480062.0
2017-11-24,34.2,34.2,33.89,34.04,238517.0
2017-11-27,33.93,34.25,33.85,34.01,690762.0
2017-11-28,34.0,35.01,34.0,34.98,759359.0
2017-11-29,34.99,35.35,34.98,35.29,1195855.0
2017-11-30,35.44,35.9,35.28,35.65,1667091.0
2017-12-01,35.76,35.85,34.78,35.44,1759249.0
2017-12-04,35.95,36.55,35.44,36.01,2892085.0
2017-12-05,36.0,36.53,35.94,36.07,1460714.0
2017-12-06,35.97,36.16,35.44,35.6,868786.0
2017-12-07,35.41,36.52,35.41,36.01,2021158.0
2017-12-08,36.3,36.32,35.92,35.95,1101661.0
2017-12-11,36.01,36.12,35.64,35.8,1330789.0
2017-12-12,37.01,37.45,36.24,36.88,6407848.0
2017-12-13,37.04,38.25,36.96,37.36,3417580.0
2017-12-14,37.43,37.46,36.38,36.48,1727146.0
2017-12-15,36.59,37.32,36.59,36.71,2211991.0
2017-12-18,37.13,37.28,36.96,37.19,1037861.0
2017-12-19,37.17,37.28,36.69,36.89,1626036.0
2017-12-20,37.16,37.43,36.85,37.04,1375276.0
2017-12-21,37.13,37.67,37.04,37.47,494156.0
2017-12-22,37.45,37.69,37.24,37.27,542746.0
2017-12-26,37.27,37.84,37.27,37.54,781995.0
2017-12-27,37.61,37.84,37.45,37.55,657503.0
2017-12-28,37.76,37.9,37.62,37.88,697333.0
2017-12-29,37.84,37.99,37.37,37.46,1114365.0
2018-01-02,37.57,37.88,37.34,37.74,1431561.0
2018-01-03,37.79,38.08,37.4,37.58,1210301.0
2018-01-04,37.72,37.84,36.98,37.0,1845970.0
2018-01-05,36.6,36.83,36.2,36.59,1580829.0
2018-01-08,36.55,36.83,36.19,36.72,891310.0
2018-01-09,36.85,37.15,36.57,36.6,874792.0
2018-01-10,36.67,36.82,36.28,36.34,590759.0
2018-01-11,36.38,36.86,36.3,36.82,868259.0
2018-01-12,36.96,37.23,36.9,37.15,496835.0
2018-01-16,37.37,37.58,35.95,36.11,1177813.0
2018-01-17,36.23,36.48,36.03,36.15,1148563.0
2018-01-18,35.94,36.3,35.89,36.1,586019.0
2018-01-19,36.24,36.76,36.11,36.66,868857.0
2018-01-22,36.6,36.6,36.15,36.51,1455101.0
2018-01-23,36.53,36.56,35.83,35.92,1333016.0
2018-01-24,36.12,36.2,35.36,35.51,1331119.0
2018-01-25,35.76,36.19,35.6,35.84,988581.0
2018-01-26,35.91,36.46,35.57,36.42,1063725.0
2018-01-29,36.35,36.56,35.52,35.53,1154148.0
2018-01-30,35.13,35.35,34.54,34.96,1012047.0
2018-01-31,35.27,35.56,34.24,34.47,1017452.0
2018-02-01,34.26,34.98,33.82,34.29,1964100.0
2018-02-02,33.98,34.1,33.29,33.59,1151389.0
2018-02-05,33.21,33.75,32.26,32.26,1897572.0
2018-02-06,31.47,33.03,31.25,32.75,1470705.0
2018-02-07,32.5,32.79,32.18,32.46,1107568.0
2018-02-08,32.42,32.64,31.77,31.77,1110366.0
2018-02-09,32.02,32.17,30.96,31.9,1362289.0
2018-02-12,32.01,32.61,31.7,32.4,1069962.0
2018-02-13,32.26,33.03,32.16,32.69,1136721.0
2018-02-14,32.45,33.54,32.26,33.51,1046770.0
2018-02-15,33.82,34.29,33.62,34.06,1475863.0
2018-02-16,34.63,35.38,34.5,34.84,2276600.0
2018-02-20,34.74,35.22,34.26,34.76,1492128.0
2018-02-21,34.88,35.74,34.66,35.23,1812193.0
2018-02-22,34.1,35.44,33.5,34.26,2420340.0
2018-02-23,34.15,34.29,33.06,33.57,1779589.0
2018-02-26,33.67,34.09,33.4,33.52,1887238.0
2018-02-27,33.4,33.92,33.07,33.08,1388432.0
2018-02-28,33.16,33.21,32.62,32.64,1513272.0
2018-03-01,32.77,33.16,32.47,32.74,1536835.0
2018-03-02,32.36,33.37,32.16,33.28,1328205.0
2018-03-05,33.27,33.76,33.15,33.54,1848717.0
2018-03-06,33.35,33.81,32.83,33.15,1712664.0
2018-03-07,32.9,33.27,32.81,33.18,1406640.0
2018-03-08,33.25,33.34,32.9,33.2,965039.0
2018-03-09,33.48,33.77,33.31,33.74,1850439.0
2018-03-12,33.69,33.9,33.5,33.5,794871.0
2018-03-13,33.76,33.96,33.07,33.19,1323709.0
2018-03-14,33.71,33.71,33.04,33.18,740149.0
2018-03-15,33.2,33.4,32.69,32.72,1276902.0
2018-03-16,32.86,33.18,32.72,32.79,4289489.0
2018-03-19,32.65,32.82,32.22,32.78,1266893.0
2018-03-20,32.89,33.34,32.83,33.01,1596514.0
2018-03-21,33.04,33.5,32.99,33.01,900408.0
2018-03-22,32.52,32.94,31.98,32.02,1723529.0
2018-03-23,32.1,32.37,31.73,31.73,1374831.0
2018-03-26,32.12,32.28,31.61,32.28,1467555.0
2018-03-27,32.32,32.79,31.77,31.99,829617.0
2018-03-28,31.94,32.33,31.77,32.22,1260397.0
2018-03-29,32.46,32.84,32.26,32.63,1796110.0
2018-04-02,32.54,32.55,31.41,31.68,1213660.0
2018-04-03,31.86,32.27,31.66,32.19,933809.0
2018-04-04,31.52,32.36,31.3,32.31,1965156.0
2018-04-05,32.5,32.86,32.32,32.75,1756569.0
2018-04-06,32.61,32.74,31.36,31.65,2969957.0
2018-04-09,31.76,31.97,31.45,31.5,1248164.0
2018-04-10,31.97,32.3,31.73,32.1,1139821.0
2018-04-11,31.87,32.2,31.78,32.05,1011137.0
2018-04-12,31.98,32.24,31.84,32.06,700547.0
2018-04-13,32.29,32.6,32.07,32.29,2306042.0
2018-04-16,32.53,32.67,32.27,32.64,1727460.0
2018-04-17,32.75,32.75,31.41,31.58,2032136.0
2018-04-18,31.77,32.1,31.75,31.93,2096550.0
2018-04-19,31.98,32.18,31.52,31.74,1427344.0
2018-04-20,31.84,31.91,31.44,31.72,1033627.0
2018-04-23,31.7,31.83,31.45,31.65,1530007.0
2018-04-24,32.09,33.12,31.49,31.75,10795613.0
2018-04-25,31.63,31.93,31.33,31.64,6636258.0
2018-04-26,31.98,33.14,31.64,31.72,4831828.0
2018-04-27,31.91,32.01,31.5,31.88,1839604.0
2018-04-30,32.06,32.52,31.85,31.87,2405887.0
2018-05-01,31.72,31.86,30.93,31.1,2569738.0
2018-05-02,31.15,31.51,30.81,31.1,2650383.0
2018-05-03,31.09,31.31,30.58,31.14,1902453.0
2018-05-04,31.05,32.15,30.98,32.02,1231885.0
2018-05-07,32.03,32.96,31.84,32.78,1711589.0
2018-05-08,32.83,33.06,32.69,33.06,2383324.0
2018-05-09,33.16,33.62,33.11,33.47,2705442.0
2018-05-10,33.5,33.89,33.42,33.83,2777619.0
2018-05-11,33.91,34.37,33.9,34.29,3009150.0
2018-05-14,34.37,35.05,34.37,34.87,4614614.0
2018-05-15,34.84,35.39,34.64,35.31,2701665.0
2018-05-16,35.51,36.25,35.51,35.75,2335029.0
2018-05-17,35.66,36.25,35.47,35.98,2107141.0
2018-05-18,36.0,36.87,36.0,36.54,3542489.0
2018-05-21,36.96,37.29,36.42,36.58,4126449.0
2018-05-22,36.75,36.79,34.76,34.98,4888288.0
2018-05-23,34.69,34.85,34.03,34.8,3199410.0
2018-05-24,34.84,35.07,34.34,34.98,2363018.0
2018-05-25,34.75,35.3,34.65,35.23,2300441.0
2018-05-29,34.92,35.37,34.59,35.06,2087135.0
2018-05-30,35.25,35.41,34.76,35.17,3053150.0
2018-05-31,35.28,35.28,34.2,34.49,2441217.0
2018-06-01,34.77,34.89,33.92,34.23,2991318.0
2018-06-04,34.31,34.6,34.0,34.22,2186867.0
2018-06-05,34.23,34.65,34.03,34.63,2119854.0
2018-06-06,34.75,34.94,34.31,34.66,2831601.0
2018-06-07,34.71,34.88,34.43,34.84,2023977.0
2018-06-08,34.76,34.95,34.37,34.62,3267332.0
2018-06-11,34.62,35.03,34.33,35.02,2889498.0
2018-06-12,34.92,35.2,34.71,34.94,2182499.0
2018-06-13,34.96,35.02,34.57,34.64,1802945.0
2018-06-14,34.69,34.81,34.27,34.61,2246848.0
2018-06-15,34.37,34.46,33.92,34.33,2559357.0
2018-06-18,34.1,34.5,33.91,34.26,1295417.0
2018-06-19,33.72,34.03,33.26,33.71,1653027.0
2018-06-20,33.89,33.89,33.45,33.66,982315.0
2018-06-21,33.5,33.77,33.25,33.4,1365446.0
2018-06-22,33.75,34.0,33.57,33.7,1619732.0
2018-06-25,33.4,33.55,32.89,33.28,1111877.0
2018-06-26,33.31,33.56,32.99,33.38,899153.0
2018-06-27,33.49,33.94,33.21,33.21,957962.0
2018-06-28,33.07,33.31,32.36,32.55,2230933.0
2018-06-29,33.11,34.53,32.93,34.26,2976629.0
2018-07-02,34.07,34.85,33.62,34.82,1422388.0
2018-07-03,35.0,35.27,34.39,34.46,769643.0
2018-07-05,34.7,34.98,34.25,34.7,1632680.0
2018-07-06,34.58,34.97,34.52,34.71,1185196.0
2018-07-09,34.99,35.38,34.89,35.34,1025509.0
2018-07-10,35.32,35.48,34.5,34.86,807665.0
2018-07-11,34.44,34.69,34.39,34.52,1035753.0
2018-07-12,34.6,34.79,34.33,34.62,691028.0
2018-07-13,34.3,34.96,34.3,34.79,919412.0
2018-07-16,34.84,34.98,34.47,34.56,823292.0
2018-07-17,34.58,34.72,34.19,34.68,913675.0
2018-07-18,34.85,34.98,34.48,34.95,990852.0
2018-07-19,35.0,35.94,34.93,35.85,2199246.0
2018-07-20,35.9,37.62,35.82,37.07,5299296.0
2018-07-23,36.79,37.2,36.54,36.69,2416877.0
2018-07-24,37.53,37.59,36.52,36.63,2627079.0
2018-07-25,36.48,37.47,36.21,37.27,2094463.0
2018-07-26,37.54,39.19,36.38,37.2,3199693.0
2018-07-27,38.04,38.08,37.08,37.29,1924997.0
2018-07-30,37.6,37.73,37.23,37.39,1254494.0
2018-07-31,37.6,38.25,37.42,38.1,1076175.0
2018-08-01,37.93,38.16,37.67,38.03,1799124.0
2018-08-02,37.93,38.42,37.71,38.21,938381.0
2018-08-03,38.23,38.33,38.12,38.2,692505.0
2018-08-06,38.25,38.34,38.03,38.28,1183324.0
2018-08-07,38.43,38.45,38.14,38.18,797064.0
2018-08-08,38.16,38.3,37.91,38.13,774397.0
2018-08-09,38.16,38.31,37.99,38.16,650183.0
2018-08-10,37.9,38.09,37.66,37.83,764306.0
2018-08-13,37.73,37.81,37.26,37.37,747213.0
2018-08-14,37.42,37.55,37.07,37.09,1143045.0
2018-08-15,36.89,36.99,35.7,36.31,1544882.0
2018-08-16,36.48,36.83,36.36,36.72,1030629.0
2018-08-17,36.61,36.97,36.58,36.78,1001763.0
2018-08-20,36.81,36.89,36.4,36.65,1181448.0
2018-08-21,36.82,37.29,36.67,37.13,1745856.0
2018-08-22,37.09,37.18,36.57,36.66,774073.0
2018-08-23,36.7,36.78,36.34,36.37,939535.0
2018-08-24,36.5,36.74,36.3,36.58,1268044.0
2018-08-27,36.72,37.18,36.64,36.95,617817.0
2018-08-28,37.08,37.13,36.84,36.88,958029.0
2018-08-29,36.94,36.94,36.29,36.31,461786.0
2018-08-30,36.19,36.28,35.87,36.07,885160.0
2018-08-31,35.99,36.06,35.75,35.84,811665.0
2018-09-04,35.81,35.99,35.61,35.92,751992.0
2018-09-05,35.87,36.28,35.84,36.18,988077.0
2018-09-06,36.16,36.35,35.86,35.98,1003374.0
2018-09-07,35.83,35.91,35.19,35.32,946035.0
2018-09-10,35.37,36.06,35.37,35.81,1225954.0
2018-09-11,35.66,35.81,35.32,35.78,1129770.0
2018-09-12,35.75,35.96,35.53,35.93,873301.0
2018-09-13,36.03,36.16,35.62,35.8,1448492.0
2018-09-14,35.8,36.15,35.58,35.83,1136727.0
2018-09-17,35.84,36.34,35.73,36.24,945338.0
2018-09-18,36.32,36.84,36.19,36.68,1104964.0
2018-09-19,36.84,37.23,36.76,37.05,1275849.0
2018-09-20,37.63,37.98,37.07,37.17,1203670.0
2018-09-21,37.25,37.45,37.1,37.17,1596023.0
2018-09-24,37.0,37.3,36.82,37.15,1754910.0
2018-09-25,37.18,37.24,36.75,36.78,763998.0
2018-09-26,36.64,37.24,36.41,36.72,889058.0
2018-09-27,36.71,36.96,36.58,36.66,1104629.0
2018-09-28,36.38,36.78,36.33,36.64,753898.0
2018-10-01,36.94,37.05,36.62,36.79,1159101.0
2018-10-02,36.71,36.93,36.51,36.59,437686.0
2018-10-03,36.75,37.81,36.75,37.6,1724816.0
2018-10-04,37.4,38.74,37.33,38.21,2351672.0
2018-10-05,38.5,39.17,38.42,39.0,1956785.0
2018-10-08,38.89,39.23,38.71,38.83,1499937.0
2018-10-09,38.8,39.35,38.44,39.1,1273870.0
2018-10-10,39.05,39.09,37.37,37.45,1979149.0
2018-10-11,37.13,37.4,36.36,36.39,1631607.0
2018-10-12,36.57,36.62,34.99,35.96,2088183.0
2018-10-15,35.91,36.89,35.81,36.71,1501476.0
2018-10-16,36.94,37.24,36.54,37.09,1408957.0
2018-10-17,36.94,37.15,36.04,36.34,1423934.0
2018-10-18,35.99,36.18,35.21,35.67,1267035.0
2018-10-19,35.77,35.87,34.94,35.08,1120759.0
2018-10-22,35.92,36.74,35.9,36.44,3097275.0
2018-10-23,35.64,36.28,34.8,35.86,2334207.0
2018-10-24,35.74,36.1,33.26,33.54,2577495.0
2018-10-25,32.06,32.11,28.27,29.29,8128590.0
2018-10-26,28.99,29.05,27.71,27.87,3455922.0
2018-10-29,28.15,28.37,27.06,27.5,3264296.0
2018-10-30,27.12,28.38,26.9,28.26,2307515.0
2018-10-31,28.82,29.47,28.46,28.55,2721462.0
2018-11-01,21.31,22.87,20.7,22.72,5270515.0
2018-11-02,22.96,23.14,21.89,22.26,3060108.0
2018-11-05,21.85,22.89,21.85,22.67,2633915.0
2018-11-06,22.53,22.86,21.67,22.03,2156536.0
2018-11-07,22.24,22.45,21.53,22.4,2423196.0
2018-11-08,22.2,22.75,22.1,22.26,2147676.0
2018-11-09,21.8,22.07,21.25,21.56,2687863.0
2018-11-12,21.48,21.61,20.84,20.93,1873966.0
2018-11-13,21.06,21.38,20.82,21.02,2119044.0
2018-11-14,20.65,21.6,20.65,21.11,1734568.0
2018-11-15,21.0,21.81,20.82,21.74,1791596.0
2018-11-16,23.2,23.48,22.33,22.9,4331723.0
2018-11-19,22.69,23.52,22.61,22.66,2205073.0
2018-11-20,22.26,22.29,21.66,22.0,2267137.0
2018-11-21,22.07,22.59,22.06,22.21,1243424.0
2018-11-23,22.0,22.54,22.0,22.26,457499.0
2018-11-26,23.19,23.49,23.01,23.39,2536107.0
2018-11-27,23.25,23.58,23.13,23.14,1892753.0
2018-11-28,23.28,23.69,22.66,23.57,1763986.0
2018-11-29,23.0,23.63,23.0,23.39,1703029.0
2018-11-30,23.24,24.01,23.24,23.83,2264064.0
2018-12-03,24.43,24.48,23.5,23.74,1883923.0
2018-12-04,23.68,23.89,22.42,22.42,2945854.0
2018-12-06,22.0,22.64,21.6,22.61,2533172.0
2018-12-07,22.83,23.09,21.98,22.07,2066811.0
2018-12-10,21.9,22.38,21.65,22.14,2656732.0
2018-12-11,22.83,22.93,22.11,22.11,1986287.0
2018-12-12,22.56,22.56,22.11,22.11,2115103.0
2018-12-13,22.13,22.18,21.66,21.7,2352077.0
2018-12-14,21.27,21.78,20.92,20.95,2590143.0
2018-12-17,20.78,21.42,20.16,20.7,2619638.0
2018-12-18,21.05,21.28,20.9,21.0,3088048.0
2018-12-19,21.43,21.81,20.43,20.5,2407596.0
2018-12-20,20.53,20.86,20.07,20.26,2485279.0
2018-12-21,20.32,20.32,19.64,19.81,3968076.0
2018-12-24,19.58,19.67,18.98,19.4,1119179.0
2018-12-26,19.52,20.53,19.45,20.47,2299371.0
2018-12-27,19.97,20.64,19.93,20.64,2115856.0
2018-12-28,20.79,21.03,20.33,20.43,1238349.0
2018-12-31,20.47,20.65,19.95,20.59,2105910.0
2019-01-02,20.15,20.98,20.13,20.9,1872761.0
2019-01-03,20.7,20.83,20.11,20.25,1103440.0
2019-01-04,20.63,21.25,20.63,21.13,1451020.0
2019-01-07,21.17,22.06,20.66,21.66,3673900.0
2019-01-08,21.94,22.13,21.48,21.92,1951910.0
2019-01-09,22.2,22.74,21.53,21.76,2194257.0
2019-01-10,21.54,22.13,21.46,21.8,2065146.0
2019-01-11,21.64,21.96,21.55,21.87,1460942.0
2019-01-14,21.62,21.95,21.52,21.7,1568183.0
2019-01-15,21.69,21.79,21.28,21.55,1855804.0
2019-01-16,21.53,21.89,21.5,21.61,1338043.0
2019-01-17,21.5,22.35,21.5,22.1,1383965.0
2019-01-18,22.28,22.77,22.28,22.52,1394494.0
2019-01-22,22.4,22.65,21.99,22.2,1770818.0
2019-01-23,22.31,22.41,21.94,22.06,1531211.0
2019-01-24,21.99,22.46,21.99,22.25,883653.0
2019-01-25,22.54,22.79,22.39,22.49,1018633.0
2019-01-28,22.15,22.89,22.08,22.72,2046605.0
2019-01-29,22.86,23.07,22.78,22.87,906523.0
2019-01-30,23.12,23.41,22.75,23.24,1118332.0
2019-01-31,23.21,23.53,23.16,23.38,1209361.0
2019-02-01,23.4,23.79,23.31,23.55,1368572.0
2019-02-04,23.55,23.92,23.34,23.77,1220691.0
2019-02-05,23.8,24.0,23.73,23.92,1138858.0
2019-02-06,24.0,24.21,23.84,23.9,1219937.0
2019-02-07,23.75,23.93,23.54,23.89,896981.0
2019-02-08,23.72,23.83,23.52,23.78,1177072.0
2019-02-11,23.85,24.23,23.8,24.14,1343320.0
2019-02-12,24.37,24.78,24.29,24.65,2650472.0
2019-02-13,24.71,25.17,24.69,25.03,1837695.0
2019-02-14,24.87,25.28,24.76,24.8,2647557.0
2019-02-15,24.95,25.5,24.85,25.47,2114738.0
2019-02-19,25.4,25.78,25.31,25.6,2307044.0
2019-02-20,25.69,26.27,25.65,25.99,2712414.0
2019-02-21,25.91,26.63,24.94,25.02,3492329.0
2019-02-22,25.18,25.28,23.86,24.36,3559430.0
2019-02-25,24.33,24.47,23.77,23.91,3108448.0
2019-02-26,23.77,23.91,23.46,23.63,2898936.0
2019-02-27,23.58,23.67,23.33,23.47,2117325.0
2019-02-28,23.35,23.52,23.19,23.41,2801446.0
2019-03-01,23.54,23.66,23.24,23.53,4119567.0
2019-03-04,23.61,23.84,23.14,23.16,2041462.0
2019-03-05,23.21,23.38,23.11,23.14,1662628.0
2019-03-06,23.07,23.1,22.45,22.54,2231494.0
2019-03-07,22.45,22.67,22.33,22.44,2174563.0
2019-03-08,22.35,22.62,22.23,22.6,1874525.0
2019-03-11,22.21,22.51,21.94,22.47,1716652.0
2019-03-12,22.5,22.66,22.31,22.63,1426513.0
2019-03-13,22.78,23.1,22.69,22.94,1466487.0
2019-03-14,22.94,23.0,22.64,22.69,1298487.0
2019-03-15,22.7,22.86,22.21,22.25,2799663.0
2019-03-18,22.35,22.74,22.28,22.71,1514779.0
2019-03-19,22.86,22.96,22.44,22.46,1563053.0
2019-03-20,22.44,22.74,22.01,22.5,1675284.0
2019-03-21,22.35,23.0,22.29,22.96,1201201.0
2019-03-22,21.85,22.28,20.57,20.96,4417922.0
2019-03-25,20.86,21.29,20.63,21.05,2024389.0
2019-03-26,21.26,21.55,21.02,21.46,1796979.0
2019-03-27,21.44,21.66,21.23,21.55,1237774.0
2019-03-28,21.56,21.78,21.35,21.65,1474989.0
2019-03-29,21.86,21.86,21.58,21.73,1340371.0
2019-04-01,21.97,22.28,21.85,22.13,1450357.0
2019-04-02,22.17,22.38,22.0,22.32,1246398.0
2019-04-03,22.56,22.65,22.26,22.43,1531996.0
2019-04-04,22.47,22.86,22.39,22.82,1494920.0
2019-04-05,23.0,23.28,22.79,23.02,1248311.0
2019-04-08,22.91,23.11,22.78,23.0,1033604.0
2019-04-09,22.85,22.92,22.31,22.38,1096899.0
2019-04-10,22.48,22.81,22.25,22.76,795988.0
2019-04-11,22.81,23.16,22.64,23.12,966526.0
2019-04-12,23.18,23.49,23.15,23.32,1167803.0
2019-04-15,23.26,23.37,22.99,23.2,656517.0
2019-04-16,23.28,23.59,23.19,23.49,978646.0
2019-04-17,23.75,23.8,23.34,23.54,840802.0
2019-04-18,23.7,23.77,23.49,23.67,1052143.0
2019-04-22,23.5,23.62,23.36,23.59,794362.0
2019-04-23,23.61,23.93,23.49,23.81,861670.0
2019-04-24,23.86,24.15,23.73,23.97,1288378.0
2019-04-25,23.21,23.63,20.98,21.08,4335637.0
2019-04-26,21.05,21.57,20.95,21.5,1714673.0
2019-04-29,21.59,21.77,21.5,21.55,1341148.0
2019-04-30,21.5,21.72,21.28,21.56,1579000.0
2019-05-01,21.62,22.0,21.4,21.65,1217642.0
2019-05-02,21.54,21.75,21.32,21.57,1237110.0
2019-05-03,21.69,22.25,21.57,22.23,1110414.0
2019-05-06,21.67,22.27,21.59,22.24,1116346.0
2019-05-07,21.93,22.09,21.58,21.79,1172471.0
2019-05-08,21.72,21.87,21.51,21.53,849013.0
2019-05-09,21.25,21.62,21.07,21.5,891612.0
2019-05-10,21.34,21.71,21.11,21.58,957573.0
2019-05-13,21.01,21.22,20.46,20.74,1228433.0
2019-05-14,20.86,21.23,20.76,20.99,931339.0
2019-05-15,20.74,21.17,20.69,21.08,920938.0
2019-05-16,21.24,21.59,21.15,21.38,1331355.0
2019-05-17,21.03,21.19,20.79,20.93,1186030.0
2019-05-20,20.67,20.92,20.63,20.84,846927.0
2019-05-21,20.95,21.23,20.85,21.16,706911.0
2019-05-22,21.01,21.03,20.69,20.85,736104.0
2019-05-23,20.55,20.55,20.14,20.41,1033927.0
2019-05-24,20.67,20.69,20.24,20.49,601787.0
2019-05-28,20.54,20.66,20.16,20.19,895641.0
2019-05-29,20.0,20.02,19.61,19.76,1111638.0
2019-05-30,19.77,20.04,19.65,19.7,792145.0
2019-05-31,19.43,19.47,19.16,19.28,1209327.0
2019-06-03,19.3,19.66,19.17,19.63,1142788.0
2019-06-04,19.96,20.26,19.86,20.23,1146255.0
2019-06-05,20.33,20.45,19.96,20.34,1467087.0
2019-06-06,20.35,20.39,19.91,20.07,1007345.0
2019-06-07,20.21,20.32,19.98,20.16,1053401.0
2019-06-10,20.32,20.62,20.32,20.55,1022120.0
2019-06-11,20.76,20.87,20.23,20.28,834103.0
2019-06-12,20.23,20.23,19.87,19.98,1078178.0
2019-06-13,20.03,20.18,19.86,20.05,1133331.0
2019-06-14,19.98,19.98,19.18,19.34,1456718.0
2019-06-17,19.33,19.46,19.16,19.2,1364774.0
2019-06-18,19.38,19.99,19.25,19.86,1095610.0
2019-06-19,19.88,19.97,19.71,19.91,992858.0
2019-06-20,20.25,20.32,20.04,20.23,1104343.0
2019-06-21,20.13,20.76,20.12,20.33,2060859.0
2019-06-24,20.34,20.37,19.64,19.66,1080646.0
2019-06-25,19.63,19.9,19.54,19.78,1371701.0
2019-06-26,19.86,19.95,19.75,19.82,1235463.0
2019-06-27,19.97,20.35,19.94,20.24,968942.0
2019-06-28,20.3,20.78,20.27,20.75,3217495.0
2019-07-01,21.15,21.22,20.31,20.55,1246913.0
2019-07-02,20.34,20.44,19.77,19.93,1649745.0
2019-07-03,19.94,20.0,19.61,19.79,765346.0
2019-07-05,19.69,20.32,19.65,20.28,747539.0
2019-07-08,20.16,20.37,20.1,20.13,930009.0
2019-07-09,19.98,20.04,19.41,19.85,1018663.0
2019-07-10,20.0,20.06,19.59,19.62,907766.0
2019-07-11,19.71,19.71,19.32,19.47,1021318.0
2019-07-12,19.31,19.91,19.31,19.88,954740.0
2019-07-15,19.89,19.89,19.46,19.79,1295128.0
2019-07-16,19.82,20.33,19.69,20.23,1175608.0
2019-07-17,20.15,20.22,19.51,19.51,1202046.0
2019-07-18,19.53,19.7,19.38,19.46,823865.0
2019-07-19,19.54,19.91,19.47,19.68,567897.0
2019-07-22,19.7,20.01,19.6,19.74,795179.0
2019-07-23,19.95,20.28,19.84,20.14,939502.0
2019-07-24,19.98,20.8,19.89,20.7,1766946.0
2019-07-25,20.15,20.23,18.19,18.3,3755868.0
2019-07-26,18.32,18.69,18.2,18.56,2453012.0
2019-07-29,18.48,18.99,18.34,18.96,2132708.0
2019-07-30,18.63,19.61,18.63,19.58,1816605.0
2019-07-31,19.52,20.05,19.52,19.6,1943097.0
2019-08-01,19.89,20.21,19.45,19.55,2373231.0
2019-08-02,19.46,19.66,19.25,19.5,1746773.0
2019-08-05,19.08,19.28,18.72,18.9,2202684.0
2019-08-06,19.06,19.29,18.85,19.28,1308436.0
2019-08-07,18.93,19.42,18.84,19.33,1116113.0
2019-08-08,19.38,19.78,19.38,19.73,1355444.0
2019-08-09,19.63,19.67,18.93,18.94,1015176.0
2019-08-12,18.8,18.89,18.21,18.22,1110241.0
2019-08-13,18.22,18.8,18.02,18.2,911629.0
2019-08-14,17.81,17.89,17.03,17.11,1204092.0
2019-08-15,17.14,17.14,16.28,16.51,1837392.0
2019-08-16,16.61,17.01,16.5,16.96,1000936.0
2019-08-19,17.24,17.32,17.05,17.21,900919.0
2019-08-20,17.19,17.24,16.82,16.92,598012.0
2019-08-21,17.14,17.19,16.95,17.01,787515.0
2019-08-22,17.05,17.3,16.91,17.11,799222.0
2019-08-23,16.94,16.94,16.14,16.28,1241800.0
2019-08-26,16.5,16.56,16.3,16.42,975132.0
2019-08-27,16.54,16.63,16.25,16.31,792985.0
2019-08-28,16.25,16.68,16.1,16.59,663941.0
2019-08-29,16.85,17.31,16.83,17.27,965112.0
2019-08-30,17.48,17.55,17.24,17.47,878658.0
2019-09-03,17.25,17.36,16.44,16.63,1027380.0
2019-09-04,16.94,17.18,16.81,17.09,792540.0
2019-09-05,17.43,17.93,17.23,17.74,1109161.0
2019-09-06,17.93,18.52,17.93,18.19,1443458.0
2019-09-09,18.33,19.06,18.32,19.03,2690178.0
2019-09-10,18.94,19.7,18.9,19.67,2184679.0
2019-09-11,19.82,20.27,19.32,20.24,1542347.0
2019-09-12,20.19,20.22,19.57,19.98,1281306.0
2019-09-13,20.13,20.45,19.83,20.01,1097700.0
2019-09-16,20.05,20.54,19.98,20.29,1276572.0
2019-09-17,20.3,20.36,19.7,20.0,1012965.0
2019-09-18,19.86,19.95,19.57,19.77,1031686.0
2019-09-19,19.78,20.03,19.57,19.79,1042165.0
2019-09-20,19.83,19.97,19.41,19.45,6280568.0
2019-09-23,19.28,19.97,19.25,19.8,1096360.0
2019-09-24,19.79,19.88,18.97,19.07,1293016.0
2019-09-25,18.99,19.87,18.99,19.67,1102028.0
2019-09-26,19.63,19.87,19.48,19.71,1238512.0
2019-09-27,19.82,20.17,19.72,19.78,920575.0
2019-09-30,19.86,20.0,19.66,19.68,1108997.0
2019-10-01,19.84,20.05,18.23,18.34,1045652.0
2019-10-02,18.11,18.3,17.49,17.84,1679187.0
2019-10-03,17.78,17.8,17.16,17.44,1549371.0
2019-10-04,17.43,17.47,16.55,16.87,2088929.0
2019-10-07,16.73,16.87,16.33,16.46,1901637.0
2019-10-08,16.22,16.3,16.03,16.09,1414778.0
2019-10-09,16.22,16.29,16.05,16.21,1043956.0
2019-10-10,16.34,17.04,16.27,16.97,1589152.0
2019-10-11,16.99,17.5,16.99,17.22,1799180.0
2019-10-14,17.06,17.28,16.91,17.15,1441882.0
2019-10-15,17.11,17.89,16.96,17.8,1082044.0
2019-10-16,17.83,18.27,17.73,18.06,1106497.0
2019-10-17,18.26,18.53,18.04,18.3,999670.0
2019-10-18,18.12,18.31,17.95,18.05,903217.0
2019-10-21,18.22,18.62,18.22,18.38,1163012.0
2019-10-22,18.35,18.52,17.94,18.51,1458943.0
2019-10-23,18.51,18.69,18.15,18.5,1349318.0
2019-10-24,18.61,19.23,17.53,18.71,3252118.0
2019-10-25,18.6,19.5,18.6,19.2,2175435.0
2019-10-28,19.26,19.71,19.25,19.66,1556950.0
2019-10-29,19.52,20.0,19.48,19.75,1577634.0
2019-10-30,19.71,19.96,19.47,19.95,2407731.0
2019-10-31,19.95,19.95,19.48,19.78,2513539.0
2019-11-01,19.95,20.77,19.9,20.75,2272242.0
2019-11-04,21.28,22.07,21.25,21.79,2805596.0
2019-11-05,21.87,22.27,21.64,21.76,1710013.0
2019-11-06,21.68,21.79,21.34,21.57,866218.0
2019-11-07,21.84,22.17,21.53,21.59,1317074.0
2019-11-08,21.33,21.5,21.04,21.25,1191747.0
2019-11-11,21.01,21.7,20.94,21.66,1693858.0
2019-11-12,21.62,21.76,21.42,21.57,1414223.0
2019-11-13,21.33,21.48,21.16,21.22,953633.0
2019-11-14,21.26,21.4,20.93,21.05,738691.0
2019-11-15,21.24,21.44,21.01,21.19,637817.0
2019-11-18,21.15,21.15,20.81,21.01,679852.0
2019-11-19,21.16,21.24,20.94,21.08,554987.0
2019-11-20,21.02,21.15,20.77,20.87,883813.0
2019-11-21,20.91,21.17,20.82,20.88,811210.0
2019-11-22,21.0,21.34,20.97,21.29,618499.0
2019-11-25,21.37,21.63,21.29,21.5,1049293.0
2019-11-26,21.43,21.69,21.2,21.26,921201.0
2019-11-27,21.28,21.46,21.18,21.41,645548.0
2019-11-29,21.26,21.38,20.98,21.04,476667.0
2019-12-02,21.12,21.42,20.78,20.8,791383.0
2019-12-03,20.45,20.51,20.19,20.48,669145.0
2019-12-04,20.59,20.9,20.53,20.54,762316.0
2019-12-05,20.65,20.76,20.47,20.56,569017.0
2019-12-06,21.0,21.41,21.0,21.26,796830.0
2019-12-09,21.23,21.52,21.2,21.3,804425.0
2019-12-10,21.29,21.49,21.2,21.4,1162214.0
2019-12-11,21.6,22.67,21.54,22.65,2086305.0
2019-12-12,22.64,23.14,22.54,23.0,1281959.0
2019-12-13,22.93,23.25,22.58,22.76,966396.0
2019-12-16,22.85,22.97,22.49,22.5,1154369.0
2019-12-17,22.51,22.6,22.32,22.38,850884.0
2019-12-18,22.38,22.76,22.21,22.67,1384253.0
2019-12-19,22.7,22.85,22.53,22.56,1829875.0
2019-12-20,22.75,22.85,22.43,22.54,3062586.0
2019-12-23,22.6,23.05,22.42,23.01,662813.0
2019-12-24,22.95,23.01,22.78,22.83,212266.0
2019-12-26,22.95,23.01,22.79,22.98,410953.0
2019-12-27,23.08,23.1,22.65,22.69,560855.0
2019-12-30,22.63,22.68,22.24,22.26,1019056.0
2019-12-31,22.2,22.47,22.12,22.15,1112931.0
2020-01-02,22.35,22.39,21.84,22.14,1204934.0
2020-01-03,21.75,22.09,21.7,22.05,623351.0
2020-01-06,21.86,21.93,21.71,21.9,1104458.0
2020-01-07,21.84,21.88,21.39,21.53,804661.0
2020-01-08,21.53,21.73,21.44,21.45,1100407.0
2020-01-09,21.57,21.64,21.14,21.28,1160535.0
2020-01-10,21.36,21.36,21.1,21.19,1013336.0
2020-01-13,21.31,21.42,21.0,21.38,981378.0
2020-01-14,20.7,21.27,20.61,21.04,1228605.0
2020-01-15,20.82,21.0,20.51,20.7,937450.0
2020-01-16,21.02,21.52,20.97,21.5,1233493.0
2020-01-17,21.38,21.52,20.81,20.91,1122711.0
2020-01-21,20.8,20.89,19.94,20.39,1071770.0
2020-01-22,20.61,20.79,20.35,20.53,955615.0
2020-01-23,20.41,20.94,20.14,20.86,1194269.0
2020-01-24,20.89,21.0,20.53,20.8,769226.0
2020-01-27,20.29,21.01,20.22,20.81,963909.0
2020-01-28,20.97,21.09,20.8,20.94,554530.0
2020-01-29,21.05,21.29,20.98,21.0,678827.0
2020-01-30,20.83,21.16,20.72,21.08,767036.0
2020-01-31,20.92,21.04,20.32,20.33,1242413.0
2020-02-03,20.48,20.74,20.33,20.57,1012465.0
2020-02-04,21.0,21.43,20.88,21.16,728446.0
2020-02-05,21.5,21.7,21.39,21.65,683319.0
2020-02-06,21.82,21.82,21.24,21.35,713180.0
2020-02-07,21.14,21.18,20.82,21.03,618977.0
2020-02-10,21.02,21.45,20.96,21.23,639130.0
2020-02-11,21.33,21.8,21.32,21.62,503563.0
2020-02-12,21.96,22.22,21.84,22.01,1202989.0
2020-02-13,21.83,22.01,21.76,21.94,808461.0
2020-02-14,21.96,21.99,21.38,21.61,570607.0
2020-02-18,21.49,22.05,21.4,22.04,767417.0
2020-02-19,22.07,22.35,21.87,22.07,1560840.0
2020-02-20,23.45,24.64,22.74,23.3,2770864.0
2020-02-21,23.3,23.52,22.72,22.85,1410221.0
2020-02-24,21.79,22.08,21.56,21.83,1619642.0
2020-02-25,22.1,22.18,20.85,20.9,1547329.0
2020-02-26,21.21,21.31,20.8,21.06,2278135.0
2020-02-27,20.52,21.29,19.64,20.47,1713640.0
2020-02-28,19.76,20.98,19.71,20.35,2533445.0
2020-03-02,20.43,21.03,19.89,21.0,1889126.0
2020-03-03,20.99,21.59,20.29,20.78,2797125.0
2020-03-04,21.1,21.76,20.68,21.7,1167746.0
2020-03-05,21.01,21.53,20.9,21.21,1879671.0
2020-03-06,20.3,21.02,19.95,20.25,1647638.0
2020-03-09,18.45,18.54,16.94,17.17,2196244.0
2020-03-10,17.9,17.9,15.82,17.32,2141968.0
2020-03-11,16.85,17.21,16.43,17.11,2003093.0
2020-03-12,15.98,16.96,15.22,16.1,2011967.0
2020-03-13,17.07,17.99,16.17,17.9,2097878.0
2020-03-16,16.27,16.59,15.7,16.42,2071772.0
2020-03-17,16.62,17.61,15.84,17.5,2834352.0
2020-03-18,16.16,17.33,15.24,16.1,1905995.0
2020-03-19,15.79,17.58,15.63,17.07,1502850.0
2020-03-20,17.23,17.65,15.91,16.18,1578635.0
2020-03-23,15.96,16.31,15.06,15.28,1429708.0
2020-03-24,16.0,16.71,15.75,16.18,1208191.0
2020-03-25,16.08,18.13,15.67,17.32,2048789.0
2020-03-26,17.54,18.63,16.97,17.4,2123648.0
2020-03-27,16.67,16.86,15.92,15.95,2202733.0
2020-03-30,15.85,16.25,15.2,15.94,1684567.0
2020-03-31,15.81,16.43,15.59,16.07,2013109.0
2020-04-01,15.2,15.53,14.78,15.18,958666.0
2020-04-02,15.1,16.27,14.93,16.13,1816543.0
2020-04-03,16.08,16.19,14.53,14.75,1686245.0
2020-04-06,15.6,16.16,15.26,15.89,990289.0
2020-04-07,16.64,17.25,16.44,16.69,1264811.0
2020-04-08,17.0,17.8,16.69,17.58,813728.0
2020-04-09,18.04,18.66,17.06,17.39,1227170.0
2020-04-13,17.16,17.26,16.52,17.2,1596284.0
2020-04-14,17.48,17.92,16.9,17.13,2702391.0
2020-04-15,16.3,16.43,15.6,15.81,1197691.0
2020-04-16,15.74,15.88,15.35,15.75,845772.0
2020-04-17,16.26,16.65,15.75,16.17,1068730.0
2020-04-20,15.76,15.99,15.58,15.74,892622.0
2020-04-21,15.32,16.0,15.32,15.84,835101.0
2020-04-22,16.3,16.41,15.55,15.7,541506.0
2020-04-23,15.84,16.44,15.55,16.24,694824.0
2020-04-24,16.5,16.64,16.12,16.55,547068.0
2020-04-27,16.75,17.42,16.68,17.24,687436.0
2020-04-28,17.47,17.75,17.1,17.47,969560.0
2020-04-29,18.0,18.46,17.89,18.05,1174314.0
2020-04-30,17.55,19.66,17.05,19.29,3162718.0
2020-05-01,18.89,18.97,18.13,18.72,3933886.0
2020-05-04,18.4,18.52,17.59,18.18,2864337.0
2020-05-05,19.57,19.57,18.43,18.46,2418690.0
2020-05-06,18.65,18.81,18.06,18.36,1796194.0
2020-05-07,18.58,18.81,17.8,17.96,1267401.0
2020-05-08,18.3,19.02,18.15,19.0,737821.0
2020-05-11,18.78,19.33,18.5,19.21,755174.0
2020-05-12,19.28,19.54,18.81,18.89,1972468.0
2020-05-13,18.76,18.76,17.91,18.16,1827298.0
2020-05-14,17.69,17.95,17.13,17.92,2025659.0
2020-05-15,17.65,18.62,17.56,18.19,1176228.0
2020-05-18,19.06,19.84,19.06,19.63,1317509.0
2020-05-19,19.45,20.19,19.44,19.44,1262036.0
2020-05-20,19.87,20.03,19.69,19.85,943327.0
2020-05-21,19.78,20.2,19.75,20.01,734404.0
2020-05-22,19.99,20.15,19.65,19.88,722150.0
2020-05-26,20.78,20.87,20.35,20.6,1388371.0
2020-05-27,21.02,21.31,20.52,21.23,1314401.0
2020-05-28,21.25,21.45,20.28,20.35,879785.0
2020-05-29,20.05,20.12,19.75,19.97,1257982.0
2020-06-01,20.17,20.31,19.8,19.99,855484.0
2020-06-02,20.3,20.91,20.14,20.84,991443.0
2020-06-03,21.15,21.85,21.0,21.73,879079.0
2020-06-04,21.47,22.49,21.29,22.43,1474957.0
2020-06-05,23.0,23.84,22.5,22.57,1113048.0
2020-06-08,22.81,23.95,22.81,23.93,1377716.0
2020-06-09,23.5,23.66,22.98,23.08,1403777.0
2020-06-10,22.88,23.34,22.32,22.56,1149886.0
2020-06-11,21.52,21.68,20.96,21.1,1216546.0
2020-06-12,21.95,22.0,21.12,21.93,1029796.0
2020-06-15,21.14,22.39,20.88,22.19,943305.0
2020-06-16,23.15,23.47,22.58,22.67,1313561.0
2020-06-17,22.67,22.72,22.18,22.43,992127.0
2020-06-18,22.16,22.74,22.06,22.31,858020.0
2020-06-19,22.52,22.67,21.85,21.88,1761138.0
2020-06-22,21.79,22.29,21.55,22.17,604171.0
2020-06-23,22.57,22.64,21.97,22.01,1050141.0
2020-06-24,21.67,21.8,20.7,20.72,1260020.0
2020-06-25,20.52,21.31,20.41,21.28,684738.0
2020-06-26,21.11,21.4,20.44,20.66,1519470.0
2020-06-29,20.96,21.35,20.83,21.05,1083460.0
2020-06-30,20.9,21.44,20.69,21.29,719171.0
2020-07-01,21.51,21.58,20.63,20.67,771676.0
2020-07-02,20.89,21.37,20.7,20.89,753773.0
2020-07-06,21.36,21.55,21.03,21.53,782934.0
2020-07-07,21.25,21.38,20.5,20.57,817350.0
2020-07-08,20.51,20.83,20.28,20.51,838009.0
2020-07-09,20.48,20.59,19.68,19.73,621327.0
2020-07-10,20.25,20.53,19.99,20.42,1347657.0
2020-07-13,20.61,20.99,20.15,20.76,913152.0
2020-07-14,20.62,21.25,20.2,21.22,829077.0
2020-07-15,21.79,22.07,21.62,21.86,963921.0
2020-07-16,21.73,22.03,21.6,21.94,695939.0
2020-07-17,21.9,22.12,21.48,21.48,597754.0
2020-07-20,21.37,21.54,21.05,21.14,460416.0
2020-07-21,21.4,21.74,21.14,21.27,915582.0
2020-07-22,21.14,21.4,21.01,21.33,780043.0
2020-07-23,19.42,20.0,19.01,19.64,3000331.0
2020-07-24,19.63,20.17,19.27,19.34,1433632.0
2020-07-27,19.34,19.61,19.01,19.46,1306686.0
2020-07-28,19.28,20.13,19.28,19.75,1399029.0
2020-07-29,19.77,20.66,19.76,20.49,1607154.0
2020-07-30,20.06,20.29,19.52,19.68,963710.0
2020-07-31,19.56,19.7,19.01,19.53,984879.0
2020-08-03,19.6,19.95,19.47,19.6,1044733.0
2020-08-04,19.47,19.74,19.27,19.36,929360.0
2020-08-05,19.61,19.84,19.41,19.78,1023654.0
2020-08-06,19.71,19.93,19.59,19.63,708724.0
2020-08-07,19.62,20.04,19.42,20.01,658714.0
2020-08-10,20.15,21.11,20.15,20.9,805338.0
2020-08-11,21.22,21.52,21.05,21.08,672792.0
2020-08-12,21.3,21.3,20.66,20.97,527271.0
2020-08-13,20.74,21.09,20.71,20.92,424899.0
2020-08-14,20.69,21.18,20.66,21.06,428207.0
2020-08-17,21.24,21.25,20.67,20.82,425565.0
2020-08-18,20.68,20.79,20.35,20.4,491963.0
2020-08-19,20.4,20.9,20.4,20.64,407842.0
2020-08-20,20.36,20.63,20.32,20.4,502221.0
2020-08-21,20.29,20.5,20.1,20.23,538712.0
2020-08-24,20.37,20.78,20.14,20.78,660161.0
2020-08-25,21.0,21.53,20.65,20.72,776832.0
2020-08-26,20.58,20.82,20.37,20.68,783351.0
2020-08-27,20.83,21.1,20.73,20.87,715484.0
2020-08-28,20.98,21.04,20.54,20.86,553175.0
2020-08-31,20.76,20.84,20.41,20.47,539600.0
2020-09-01,20.39,20.95,20.23,20.88,411131.0
2020-09-02,20.9,20.94,20.64,20.81,652349.0
2020-09-03,20.84,21.26,20.48,20.57,598549.0
2020-09-04,20.94,21.18,20.52,20.94,687153.0
2020-09-08,20.8,20.84,20.3,20.4,849494.0
2020-09-09,20.47,20.66,20.03,20.32,643711.0
2020-09-10,20.35,20.41,19.33,19.35,846969.0
2020-09-11,19.35,19.64,19.27,19.46,925987.0
2020-09-14,19.55,19.69,19.27,19.69,978355.0
2020-09-15,19.72,19.98,19.58,19.6,643357.0
2020-09-16,19.96,20.77,19.81,20.21,1653835.0
2020-09-17,19.98,21.02,19.94,20.61,1614995.0
2020-09-18,20.62,21.29,20.05,20.14,2465054.0
2020-09-21,19.6,19.66,18.84,19.03,950686.0
2020-09-22,19.26,19.94,19.15,19.54,1232962.0
2020-09-23,19.48,19.86,19.32,19.34,890965.0
2020-09-24,19.26,19.81,19.17,19.39,822019.0
2020-09-25,19.15,19.63,19.15,19.43,922513.0
2020-09-28,19.65,20.04,19.65,19.76,1290945.0
2020-09-29,19.85,19.94,19.5,19.51,790045.0
2020-09-30,19.7,19.9,19.42,19.5,1270122.0
2020-10-01,19.5,19.72,19.23,19.47,822298.0
2020-10-02,19.15,19.67,19.1,19.36,1275616.0
2020-10-05,19.7,20.36,19.55,20.29,1166839.0
2020-10-06,20.55,20.66,19.91,20.04,969887.0
2020-10-07,20.2,20.66,20.2,20.44,634506.0
2020-10-08,20.58,20.7,20.22,20.68,448473.0
2020-10-09,20.93,21.0,20.39,20.41,712503.0
2020-10-12,20.45,20.83,20.45,20.66,533839.0
2020-10-13,20.6,20.71,20.32,20.52,672630.0
2020-10-14,20.34,20.66,20.26,20.53,591694.0
2020-10-15,20.24,20.82,20.21,20.72,739553.0
2020-10-16,20.7,21.74,20.7,21.37,1485498.0
2020-10-19,21.37,21.58,21.19,21.29,869930.0
2020-10-20,21.56,21.98,21.32,21.34,1015157.0
2020-10-21,21.25,21.75,21.12,21.18,1423674.0
2020-10-22,21.63,22.18,19.35,20.13,1624720.0
2020-10-23,20.15,21.48,20.15,21.12,1558329.0
2020-10-26,20.76,20.82,19.69,19.79,1344075.0
2020-10-27,19.79,19.89,19.36,19.49,868365.0
2020-10-28,18.95,19.39,18.49,18.53,1000983.0
2020-10-29,18.48,18.81,18.29,18.78,1002400.0
2020-10-30,18.78,19.08,18.59,18.84,1230712.0
2020-11-02,19.12,19.89,19.1,19.87,934601.0
2020-11-03,20.29,20.52,19.98,20.12,843752.0
2020-11-04,20.0,20.12,19.18,19.27,611788.0
2020-11-05,19.38,20.13,19.38,19.81,671141.0
2020-11-06,19.81,20.1,19.65,19.84,560971.0
2020-11-09,21.25,22.13,20.98,22.03,1448717.0
2020-11-10,22.26,22.87,22.2,22.49,1115876.0
2020-11-11,22.65,22.65,22.23,22.47,602982.0
2020-11-12,22.23,22.42,21.85,22.11,511280.0
2020-11-13,22.37,22.92,22.37,22.91,620235.0
2020-11-16,23.38,24.21,23.06,23.42,1123097.0
2020-11-17,23.02,23.23,22.54,22.95,658928.0
2020-11-18,23.13,23.52,22.82,22.83,786276.0
2020-11-19,22.74,22.74,22.03,22.55,1329569.0
2020-11-20,22.4,22.72,21.39,21.52,977889.0
2020-11-23,21.73,22.58,21.66,22.5,1036563.0
2020-11-24,22.92,24.13,22.88,24.1,1368941.0
2020-11-25,23.85,24.12,23.57,23.72,877470.0
2020-11-27,23.82,23.91,23.55,23.79,345935.0
2020-11-30,23.69,23.7,22.85,22.85,627809.0
2020-12-01,23.24,23.28,22.54,22.63,614827.0
2020-12-02,22.35,22.89,22.24,22.73,622586.0
2020-12-03,22.83,23.03,22.6,22.7,416816.0
2020-12-04,23.0,23.78,22.84,23.76,584788.0
2020-12-07,23.75,24.07,23.61,24.01,1023876.0
2020-12-08,23.88,24.39,23.88,24.38,704889.0
2020-12-09,24.47,25.18,24.46,25.06,1275714.0
2020-12-10,24.94,25.27,24.84,25.15,740205.0
2020-12-11,25.01,25.93,25.01,25.85,1037249.0
2020-12-14,26.39,26.67,25.08,25.12,1372827.0
2020-12-15,25.37,25.95,25.05,25.94,798328.0
2020-12-16,25.97,26.21,25.3,25.42,711914.0
2020-12-17,25.4,25.69,24.92,25.69,1012285.0
2020-12-18,25.77,26.27,25.7,26.26,2093243.0
2020-12-21,25.52,26.28,25.34,26.2,791686.0
2020-12-22,26.41,26.69,26.27,26.5,779735.0
2020-12-23,26.65,26.87,26.17,26.35,823491.0
2020-12-24,26.35,26.75,26.02,26.55,379294.0
2020-12-28,26.63,26.86,26.51,26.62,517804.0
2020-12-29,26.77,26.79,26.02,26.08,663120.0
2020-12-30,26.27,26.74,26.27,26.48,576127.0
2020-12-31,26.52,26.61,26.2,26.39,721236.0
2021-01-04,26.57,26.8,26.03,26.23,717598.0
2021-01-05,26.5,27.04,26.38,26.72,854011.0
2021-01-06,26.98,28.37,26.8,28.29,1395557.0
2021-01-07,28.5,28.66,27.94,27.97,1055128.0
2021-01-08,28.26,28.26,27.83,28.11,630208.0
2021-01-11,27.81,28.34,27.81,27.91,421526.0
2021-01-12,28.1,28.74,27.99,28.45,396309.0
2021-01-13,28.37,28.62,27.9,27.94,398637.0
2021-01-14,27.84,28.25,27.67,28.09,471846.0
2021-01-15,27.75,27.86,27.38,27.6,549861.0
2021-01-19,27.84,28.55,27.62,28.36,740722.0
2021-01-20,28.5,28.66,28.29,28.49,562637.0
2021-01-21,28.51,28.68,27.99,28.05,421777.0
2021-01-22,27.7,28.15,27.58,28.06,814098.0
2021-01-25,27.92,28.99,27.71,28.58,626272.0
2021-01-26,28.89,29.18,28.31,28.84,610698.0
2021-01-27,28.43,30.95,28.3,29.57,1947357.0
2021-01-28,29.58,29.69,27.56,27.74,1841977.0
2021-01-29,27.68,28.91,27.5,27.81,2790221.0
2021-02-01,28.19,28.75,27.81,28.27,925664.0
2021-02-02,28.49,29.1,27.99,28.97,618341.0
2021-02-03,29.0,29.19,28.75,29.1,688802.0
2021-02-04,29.16,30.84,29.16,30.46,1493981.0
2021-02-05,30.54,31.09,29.82,31.04,1796836.0
2021-02-08,31.25,32.39,31.0,31.75,860401.0
2021-02-09,31.75,31.85,31.26,31.34,499755.0
2021-02-10,31.5,31.96,31.01,31.42,430326.0
2021-02-11,31.66,31.99,30.88,31.13,605374.0
2021-02-12,31.11,32.22,31.09,32.19,473300.0
2021-02-16,32.48,33.11,32.44,32.96,517054.0
2021-02-17,32.84,33.08,32.25,32.8,490385.0
2021-02-18,32.42,32.51,31.54,31.68,508662.0
2021-02-19,31.95,32.53,31.86,32.35,674500.0
2021-02-22,32.05,32.8,32.05,32.29,594310.0
2021-02-23,32.09,32.28,31.12,32.19,872889.0
2021-02-24,32.75,33.49,30.63,30.72,1096794.0
2021-02-25,30.74,31.71,30.47,31.29,1385963.0
2021-02-26,31.15,32.45,31.02,32.1,1196594.0
2021-03-01,32.78,33.77,32.76,32.91,937303.0
2021-03-02,32.68,32.76,31.52,31.56,608705.0
2021-03-03,31.65,31.96,31.04,31.04,935968.0
2021-03-04,30.97,31.14,28.21,29.02,1693097.0
2021-03-05,29.44,29.76,28.19,29.48,1094916.0
2021-03-08,29.76,29.9,28.93,29.07,1088518.0
2021-03-09,29.29,29.85,28.28,28.79,1125631.0
2021-03-10,28.99,29.5,28.71,29.16,703306.0
2021-03-11,29.43,30.16,29.3,29.6,1021442.0
2021-03-12,29.7,30.35,29.46,30.03,973707.0
2021-03-15,30.0,30.22,28.88,29.01,884301.0
2021-03-16,28.8,29.03,28.3,28.42,702714.0
2021-03-17,28.54,28.93,28.16,28.62,707729.0
2021-03-18,28.56,29.12,27.83,27.9,1026945.0
2021-03-19,27.78,28.36,27.63,27.68,2204349.0
2021-03-22,27.72,28.31,27.64,28.05,703073.0
2021-03-23,27.73,28.15,26.77,26.99,1065227.0
2021-03-24,27.23,27.98,27.15,27.22,925633.0
2021-03-25,26.81,28.37,26.72,28.19,1273680.0
2021-03-26,28.51,29.29,28.19,28.92,859305.0
2021-03-29,28.97,29.8,27.88,27.91,1043052.0
2021-03-30,27.95,29.06,27.95,28.42,729371.0
2021-03-31,28.45,28.89,28.31,28.49,679721.0
2021-04-01,28.53,28.65,27.98,28.49,746339.0
2021-04-05,28.74,29.13,28.65,29.11,874644.0
2021-04-06,28.92,29.22,28.76,28.82,1208612.0
2021-04-07,29.0,29.13,28.15,28.19,783357.0
2021-04-08,28.07,28.51,27.8,28.5,946912.0
2021-04-09,28.52,28.84,28.39,28.7,715626.0
2021-04-12,28.85,29.22,28.81,29.06,504350.0
2021-04-13,29.0,29.18,28.18,28.5,681474.0
2021-04-14,28.25,29.0,28.07,28.72,719991.0
2021-04-15,28.88,28.88,28.5,28.74,494527.0
2021-04-16,28.97,29.25,28.74,28.81,539450.0
2021-04-19,28.69,28.86,28.46,28.67,594005.0
2021-04-20,28.47,28.72,27.13,27.46,1056185.0
2021-04-21,27.22,28.34,27.1,28.29,714850.0
2021-04-22,27.91,28.57,26.65,26.72,1204890.0
2021-04-23,26.79,27.8,26.26,27.46,793719.0
2021-04-26,27.68,28.29,27.68,27.98,755385.0
2021-04-27,27.95,28.12,27.64,27.78,542007.0
2021-04-28,27.72,28.43,27.57,28.25,572597.0
2021-04-29,28.65,28.72,28.05,28.47,509753.0
2021-04-30,28.43,28.79,27.53,27.64,1391349.0
2021-05-03,27.85,28.66,27.71,28.41,642926.0
2021-05-04,28.45,28.54,27.89,28.37,614117.0
2021-05-05,28.59,28.75,28.14,28.65,788840.0
2021-05-06,28.72,29.39,28.26,29.33,763194.0
2021-05-07,29.22,30.0,28.81,29.92,799641.0
2021-05-10,30.0,30.0,29.62,29.63,929837.0
2021-05-11,29.09,29.73,28.79,29.2,582381.0
2021-05-12,29.17,29.17,28.13,28.23,543143.0
2021-05-13,28.3,28.89,28.04,28.29,760715.0
2021-05-14,28.53,29.22,28.37,29.14,601568.0
2021-05-17,28.93,29.03,28.17,28.24,699134.0
2021-05-18,28.24,28.24,27.33,27.33,1155540.0
2021-05-19,26.99,27.79,26.66,27.69,1234083.0
2021-05-20,27.73,28.17,27.52,27.96,779548.0
2021-05-21,28.17,28.57,28.05,28.14,495762.0
2021-05-24,28.27,28.4,27.98,28.3,365814.0
2021-05-25,28.37,28.62,27.33,27.43,534323.0
2021-05-26,27.4,27.57,26.88,27.39,819730.0
2021-05-27,27.72,27.91,27.51,27.63,1076950.0
2021-05-28,27.7,27.82,27.47,27.78,503395.0
2021-06-01,27.94,28.54,27.86,28.47,612740.0
2021-06-02,28.66,28.75,28.17,28.39,523966.0
2021-06-03,28.22,28.62,27.94,28.35,395002.0
2021-06-04,28.52,28.61,28.19,28.43,452127.0
2021-06-07,28.44,28.52,28.0,28.15,681365.0
2021-06-08,28.13,29.41,28.07,29.26,884330.0
2021-06-09,29.23,29.7,29.12,29.58,842959.0
2021-06-10,29.79,30.0,29.46,29.55,880261.0
2021-06-11,29.76,30.02,29.54,29.78,599728.0
2021-06-14,29.79,29.93,29.04,29.16,524732.0
2021-06-15,29.17,29.55,29.13,29.37,535071.0
2021-06-16,29.33,29.45,28.87,29.27,636388.0
2021-06-17,29.23,29.28,26.85,27.03,1428104.0
2021-06-18,26.54,26.67,25.54,25.57,2226662.0
2021-06-21,25.72,27.26,25.61,27.05,1236190.0
2021-06-22,26.99,27.12,26.48,26.8,984313.0
2021-06-23,26.8,27.46,26.71,26.8,849677.0
2021-06-24,27.05,27.64,26.64,27.46,1035523.0
2021-06-25,27.74,27.8,26.86,27.11,10993077.0
2021-06-28,27.06,27.11,25.88,26.49,1175675.0
2021-06-29,26.7,26.77,25.84,26.0,1013730.0
2021-06-30,25.92,26.91,25.9,26.89,1090364.0
2021-07-01,27.25,27.92,26.99,27.41,1264238.0
2021-07-02,27.34,27.34,26.83,26.91,658498.0
2021-07-06,26.83,26.83,26.07,26.15,841224.0
2021-07-07,25.86,26.3,25.72,26.02,684028.0
2021-07-08,25.36,25.93,25.17,25.52,961136.0
2021-07-09,25.97,26.99,25.95,26.77,813145.0
2021-07-12,26.59,27.48,26.46,27.39,645463.0
2021-07-13,27.2,27.41,27.09,27.13,599564.0
2021-07-14,26.98,27.44,26.62,26.69,531197.0
2021-07-15,26.48,26.74,26.13,26.48,559676.0
2021-07-16,26.65,26.93,25.88,25.96,686994.0
2021-07-19,25.29,25.38,24.7,25.06,978997.0
2021-07-20,25.05,26.2,24.91,25.94,852572.0
2021-07-21,26.15,26.76,26.14,26.49,747124.0
2021-07-22,26.82,27.22,25.65,25.89,1086406.0
2021-07-23,26.43,26.99,26.01,26.29,604607.0
2021-07-26,27.09,27.38,26.52,27.04,760765.0
2021-07-27,26.77,27.0,26.36,26.49,670823.0
2021-07-28,26.63,27.07,26.28,26.81,730669.0
2021-07-29,27.3,27.37,26.94,27.08,587517.0
2021-07-30,26.86,27.25,26.76,27.11,860790.0
2021-08-02,27.24,27.97,26.93,26.98,822358.0
2021-08-03,27.12,28.08,26.96,27.89,628260.0
2021-08-04,27.42,27.91,27.24,27.26,538064.0
2021-08-05,27.49,27.92,27.47,27.52,533580.0
2021-08-06,27.95,28.22,27.6,27.87,463520.0
2021-08-09,27.79,28.07,27.53,27.78,532965.0
2021-08-10,27.96,28.79,27.83,28.54,471049.0
2021-08-11,28.69,29.6,28.39,29.58,637942.0
2021-08-12,29.68,29.74,29.22,29.58,411054.0
2021-08-13,29.62,29.7,29.16,29.36,408217.0
2021-08-16,29.06,29.38,28.71,28.83,451108.0
2021-08-17,28.55,28.82,28.17,28.65,544083.0
2021-08-18,28.49,28.68,27.75,27.77,901544.0
2021-08-19,27.29,27.98,27.23,27.62,536478.0
2021-08-20,27.57,28.08,27.22,28.05,541154.0
2021-08-23,28.36,28.8,28.22,28.72,493344.0
2021-08-24,28.8,29.2,28.73,28.84,318670.0
2021-08-25,28.82,29.37,28.7,29.03,383175.0
2021-08-26,29.07,29.3,28.79,29.0,533816.0
2021-08-27,29.17,29.93,29.17,29.85,488119.0
2021-08-30,29.8,29.82,29.29,29.33,425316.0
2021-08-31,29.38,29.46,28.9,29.03,659959.0
2021-09-01,29.03,29.07,28.45,28.61,432470.0
2021-09-02,28.91,29.17,28.54,29.14,595666.0
2021-09-03,29.12,29.17,28.46,28.55,477437.0
2021-09-07,28.37,28.62,28.12,28.14,544547.0
2021-09-08,28.0,28.09,27.37,27.93,519435.0
2021-09-09,28.5,29.16,27.99,28.75,916888.0
2021-09-10,28.99,29.26,28.42,28.44,778516.0
2021-09-13,28.75,28.75,27.88,28.36,668700.0
2021-09-14,28.44,28.44,27.32,27.37,576843.0
2021-09-15,27.3,27.6,27.07,27.53,809773.0
2021-09-16,27.69,27.75,26.74,27.0,853977.0
2021-09-17,27.02,27.21,26.32,26.82,2768912.0
2021-09-20,26.01,26.63,25.51,26.57,814947.0
2021-09-21,26.66,26.74,26.19,26.62,767623.0
2021-09-22,26.91,27.44,26.85,27.02,382714.0
2021-09-23,27.29,27.68,27.25,27.51,484932.0
2021-09-24,27.44,27.65,27.18,27.43,245228.0
2021-09-27,27.65,28.47,27.6,28.25,304480.0
2021-09-28,28.24,28.46,27.96,28.0,403507.0
2021-09-29,28.17,28.3,27.66,27.93,388422.0
2021-09-30,28.05,28.18,27.17,27.17,537836.0
2021-10-01,27.34,28.22,27.0,27.86,418133.0
2021-10-04,27.84,28.29,27.65,28.18,425878.0
2021-10-05,28.24,28.47,27.85,28.15,301605.0
2021-10-06,27.7,28.21,27.44,28.21,388167.0
2021-10-07,28.36,28.76,28.25,28.37,443029.0
2021-10-08,28.25,28.67,28.1,28.41,308900.0
2021-10-11,28.6,29.15,28.4,28.7,349894.0
2021-10-12,28.61,29.04,28.56,28.76,386081.0
2021-10-13,28.73,28.89,28.49,28.73,498732.0
2021-10-14,28.81,28.99,28.44,28.89,422069.0
2021-10-15,29.44,29.69,29.05,29.27,433050.0
2021-10-18,29.17,29.18,28.86,29.05,286181.0
2021-10-19,29.14,29.14,28.56,28.74,397842.0
2021-10-20,28.77,29.58,28.54,29.53,493283.0
2021-10-21,30.01,30.69,28.38,28.78,909409.0
2021-10-22,29.01,30.08,28.62,29.67,825691.0
2021-10-25,29.88,30.19,29.6,29.85,678737.0
2021-10-26,29.64,29.87,28.89,28.91,494261.0
2021-10-27,28.79,28.9,27.97,27.98,365044.0
2021-10-28,27.95,28.34,27.93,28.31,241254.0
2021-10-29,28.35,28.62,27.95,28.05,391086.0
2021-11-01,28.25,29.11,28.06,29.0,419717.0
2021-11-02,29.06,29.37,28.51,28.91,371523.0
2021-11-03,28.67,29.39,28.35,29.14,309289.0
2021-11-04,29.46,29.55,28.75,28.88,451937.0
2021-11-05,29.28,30.41,29.28,30.0,746465.0
2021-11-08,30.43,30.61,30.1,30.22,427930.0
2021-11-09,29.71,29.95,28.93,28.95,769477.0
2021-11-10,29.0,29.4,28.24,28.32,666452.0
2021-11-11,28.19,28.48,28.05,28.2,624262.0
2021-11-12,28.34,28.94,28.24,28.84,558495.0
2021-11-15,29.0,29.07,28.38,28.4,548603.0
2021-11-16,28.38,28.42,27.69,27.79,590824.0
2021-11-17,27.58,28.37,27.58,28.25,722116.0
2021-11-18,28.47,28.6,27.7,27.96,566661.0
2021-11-19,27.57,28.02,27.46,27.75,480922.0
2021-11-22,28.0,29.34,28.0,29.14,629751.0
2021-11-23,29.1,29.49,28.87,28.93,523711.0
2021-11-24,28.67,28.96,28.57,28.79,325288.0
2021-11-26,27.53,28.0,27.12,27.87,413855.0
2021-11-29,28.25,28.36,27.5,27.85,431654.0
2021-11-30,27.35,27.84,26.45,26.5,841677.0
2021-12-01,27.28,27.42,25.57,25.57,744921.0
2021-12-02,25.71,26.64,25.57,26.4,546111.0
2021-12-03,26.65,26.87,26.04,26.24,627812.0
2021-12-06,26.69,27.71,26.52,27.44,647081.0
2021-12-07,27.67,28.22,27.52,27.79,438284.0
2021-12-08,27.79,28.38,27.74,28.29,599056.0
2021-12-09,28.1,28.42,27.96,28.23,540639.0
2021-12-10,28.48,28.88,28.12,28.28,452852.0
2021-12-13,28.24,28.53,28.0,28.36,573700.0
2021-12-14,28.13,29.18,28.09,28.72,1133530.0
2021-12-15,28.82,28.99,28.49,28.98,909728.0
2021-12-16,29.34,29.42,28.39,28.66,734264.0
2021-12-17,28.55,29.46,28.32,28.81,1795095.0
2021-12-20,28.44,28.61,27.53,28.44,882735.0
2021-12-21,28.69,29.11,28.69,29.11,457344.0
2021-12-22,29.17,29.46,29.11,29.29,412669.0
2021-12-23,29.58,29.77,29.39,29.49,336302.0
2021-12-27,29.44,29.64,29.27,29.55,343395.0
2021-12-28,29.39,29.75,29.33,29.43,327520.0
2021-12-29,29.34,29.72,29.17,29.56,271415.0
2021-12-30,29.62,29.86,29.46,29.52,406966.0
2021-12-31,29.5,30.5,29.07,30.2,927074.0
2022-01-03,30.36,31.1,30.23,30.44,956427.0
2022-01-04,30.66,31.63,30.6,31.34,890345.0
2022-01-05,31.48,31.72,30.92,30.96,1083078.0
2022-01-06,31.35,31.48,30.87,31.19,1019469.0
2022-01-07,31.23,31.53,30.91,31.17,721655.0
2022-01-10,31.07,31.2,30.49,30.72,851381.0
2022-01-11,30.95,31.01,30.26,30.87,687559.0
2022-01-12,30.79,31.15,30.58,30.59,679488.0
2022-01-13,30.46,31.1,30.17,30.64,795467.0
2022-01-14,30.43,30.86,30.2,30.85,702912.0
2022-01-18,30.71,30.96,30.24,30.27,803274.0
2022-01-19,30.31,30.51,29.59,29.64,814625.0
2022-01-20,29.6,29.85,28.47,28.49,789141.0
2022-01-21,28.38,28.5,27.56,27.57,1142046.0
2022-01-24,26.94,28.48,26.74,28.31,995608.0
2022-01-25,27.95,28.84,27.2,28.51,1077063.0
2022-01-26,28.79,29.54,28.32,28.77,803106.0
2022-01-27,29.09,29.41,27.99,28.12,1084889.0
2022-01-28,28.06,28.58,27.26,28.57,738626.0
2022-01-31,28.25,28.74,27.86,28.73,1473393.0
2022-02-01,28.87,29.47,28.42,29.39,598319.0
2022-02-02,29.24,29.38,28.64,29.24,519897.0
2022-02-03,29.14,29.58,28.96,29.12,1148463.0
2022-02-04,28.83,29.24,28.67,28.94,425245.0
2022-02-07,28.88,29.42,28.85,29.21,417129.0
2022-02-08,29.5,30.02,29.41,29.94,394269.0
2022-02-09,30.0,30.4,29.89,30.11,456253.0
2022-02-10,29.64,30.22,29.52,29.86,659144.0
2022-02-11,29.76,30.3,29.61,30.09,744024.0
2022-02-14,30.21,30.44,29.88,30.11,498121.0
2022-02-15,30.34,30.78,30.25,30.5,427940.0
2022-02-16,30.46,31.35,30.44,31.27,579725.0
2022-02-17,30.02,30.63,28.92,29.51,1301886.0
2022-02-18,29.23,29.8,28.88,29.45,806788.0
2022-02-22,29.55,30.08,29.31,29.56,722070.0
2022-02-23,29.82,29.93,28.66,28.66,1060537.0
2022-02-24,28.11,28.61,27.87,28.39,866615.0
2022-02-25,28.36,29.09,28.36,28.85,816935.0
2022-02-28,28.42,29.03,28.38,28.86,1036310.0
2022-03-01,28.78,28.91,27.32,28.22,1640161.0
2022-03-02,28.62,29.78,28.6,29.55,1287409.0
2022-03-03,29.8,30.12,29.32,29.74,631007.0
2022-03-04,29.3,30.51,29.3,30.39,874661.0
2022-03-07,30.37,31.44,30.21,30.82,1503927.0
2022-03-08,31.0,32.84,30.86,31.47,1333596.0
2022-03-09,31.84,32.01,31.4,31.7,751690.0
2022-03-10,31.37,32.2,31.22,32.09,916679.0
2022-03-11,32.25,32.92,32.15,32.63,736994.0
2022-03-14,32.94,33.05,31.78,32.21,769821.0
2022-03-15,32.29,32.55,31.93,32.46,790283.0
2022-03-16,32.44,32.79,32.06,32.74,781656.0
2022-03-17,32.58,33.4,32.58,33.36,1000354.0
2022-03-18,33.46,34.36,33.26,34.31,1638196.0
2022-03-21,34.47,34.92,33.96,34.34,667939.0
2022-03-22,34.5,34.88,34.15,34.35,607943.0
2022-03-23,34.17,34.42,33.96,34.09,409158.0
2022-03-24,34.23,34.82,34.01,34.74,477661.0
2022-03-25,34.75,35.35,34.53,35.32,580674.0
2022-03-28,35.1,35.21,34.42,34.82,720064.0
2022-03-29,34.9,34.98,34.43,34.78,455456.0
2022-03-30,34.8,35.08,34.38,34.71,407754.0
2022-03-31,34.53,35.18,34.28,34.36,781695.0
2022-04-01,34.56,34.86,33.53,34.03,862093.0
2022-04-04,34.02,34.11,33.35,33.72,745519.0
2022-04-05,33.6,33.89,32.13,32.27,921881.0
2022-04-06,32.0,32.43,31.68,31.9,907331.0
2022-04-07,31.87,32.08,31.39,31.78,612742.0
2022-04-08,31.49,31.59,30.76,31.28,828302.0
2022-04-11,31.3,31.68,31.21,31.31,637020.0
2022-04-12,31.54,31.82,31.2,31.58,840343.0
2022-04-13,31.53,31.75,31.3,31.69,622871.0
2022-04-14,31.77,32.11,31.59,31.74,454411.0
2022-04-18,31.72,32.19,31.69,31.8,638830.0
2022-04-19,32.11,32.35,32.0,32.29,683199.0
2022-04-20,32.5,32.8,32.2,32.24,698172.0
2022-04-21,32.62,32.73,31.64,31.85,874894.0
2022-04-22,31.54,31.95,30.68,31.03,998948.0
2022-04-25,30.7,31.21,30.12,31.2,952835.0
2022-04-26,30.84,31.2,30.56,30.64,890143.0
2022-04-27,29.64,29.64,27.49,28.15,3116792.0
2022-04-28,28.3,29.1,28.0,28.5,1608804.0
2022-04-29,28.35,28.68,27.64,27.74,1031518.0
2022-05-02,27.71,27.86,26.83,27.25,876252.0
2022-05-03,27.31,28.06,27.05,27.88,622166.0
2022-05-04,27.96,28.6,27.58,28.51,736210.0
2022-05-05,28.32,28.45,27.45,27.63,594469.0
2022-05-06,27.52,27.7,26.71,26.87,542244.0
2022-05-09,26.45,26.61,25.5,25.63,840682.0
2022-05-10,25.8,25.96,24.78,25.08,662355.0
2022-05-11,25.25,25.52,24.08,24.12,883135.0
2022-05-12,24.04,24.23,23.39,24.08,1161148.0
2022-05-13,24.26,24.69,24.04,24.58,757097.0
2022-05-16,24.62,24.87,24.35,24.64,502104.0
2022-05-17,24.91,25.54,24.9,25.43,495981.0
2022-05-18,25.44,25.77,24.76,24.88,647610.0
2022-05-19,24.56,25.02,24.08,24.37,794125.0
2022-05-20,24.44,24.44,23.63,23.95,655071.0
2022-05-23,24.43,24.49,24.19,24.37,618935.0
2022-05-24,24.22,24.22,23.31,23.77,677310.0
2022-05-25,23.9,24.16,23.45,23.87,514711.0
2022-05-26,24.05,24.41,24.05,24.27,387638.0
2022-05-27,24.37,25.01,24.37,24.99,437096.0
2022-05-31,24.76,24.97,24.51,24.86,542274.0
2022-06-01,24.98,25.02,24.18,24.49,507430.0
2022-06-02,24.69,25.38,24.48,25.36,796895.0
2022-06-03,25.09,25.46,25.01,25.46,693465.0
2022-06-06,26.18,27.0,26.0,26.78,1474147.0
2022-06-07,26.46,26.87,26.27,26.87,652246.0
2022-06-08,26.56,26.7,26.09,26.33,614103.0
2022-06-09,26.33,26.33,25.54,25.55,635504.0
2022-06-10,25.04,25.25,24.47,24.56,612409.0
2022-06-13,24.04,24.2,23.5,23.87,939654.0
2022-06-14,23.88,24.05,23.47,23.73,711259.0
2022-06-15,24.0,24.2,23.57,23.94,785000.0
2022-06-16,23.47,23.51,22.22,22.39,1150577.0
2022-06-17,22.52,23.02,22.21,22.97,13520455.0
2022-06-21,23.31,24.07,22.79,23.92,1119175.0
2022-06-22,23.49,24.16,23.49,23.87,649124.0
2022-06-23,23.78,24.25,23.41,23.84,691408.0
2022-06-24,24.05,24.95,24.05,24.51,1853772.0
2022-06-27,24.74,25.28,24.58,25.0,745640.0
2022-06-28,25.3,25.47,24.35,24.4,767978.0
2022-06-29,24.47,24.47,23.69,24.06,748377.0
2022-06-30,23.71,24.29,23.63,24.22,603856.0
2022-07-01,24.25,24.62,23.81,24.41,630538.0
2022-07-05,23.9,24.06,22.71,23.15,1136752.0
2022-07-06,23.05,23.29,21.94,22.2,707802.0
2022-07-07,22.55,22.92,22.53,22.79,562645.0
2022-07-08,22.71,22.95,22.22,22.4,436016.0
2022-07-11,22.14,22.32,21.92,22.05,574216.0
2022-07-12,21.99,22.4,21.87,22.08,546149.0
2022-07-13,21.76,21.99,21.42,21.81,495403.0
2022-07-14,21.09,21.64,20.94,21.64,533063.0
2022-07-15,22.07,22.28,21.62,22.22,453290.0
2022-07-18,22.56,22.85,22.33,22.43,482137.0
2022-07-19,22.84,24.0,22.84,23.95,648978.0
2022-07-20,23.93,24.41,23.76,24.39,624420.0
2022-07-21,24.19,24.3,23.64,24.23,583306.0
2022-07-22,24.42,24.42,23.53,23.78,584465.0
2022-07-25,23.95,24.38,23.68,24.36,461281.0
2022-07-26,24.12,24.52,23.92,24.04,392723.0
2022-07-27,24.26,25.33,24.08,24.93,1003119.0
2022-07-28,25.25,25.54,24.97,25.48,772589.0
2022-07-29,25.6,26.09,25.42,25.95,760491.0
2022-08-01,25.69,26.14,25.33,25.89,586592.0
2022-08-02,25.65,25.93,25.33,25.56,570211.0
2022-08-03,25.63,25.88,25.14,25.79,794682.0
2022-08-04,25.97,26.0,25.17,25.43,497461.0
2022-08-05,25.17,26.17,25.09,26.17,494820.0
2022-08-08,26.38,26.74,25.92,26.4,624944.0
2022-08-09,26.51,26.7,25.79,26.25,879234.0
2022-08-10,26.91,27.05,26.75,27.0,487206.0
2022-08-11,27.35,27.55,27.11,27.32,495910.0
2022-08-12,27.49,28.1,27.34,28.1,465592.0
2022-08-15,27.82,27.95,27.67,27.89,398468.0
2022-08-16,27.83,28.07,27.75,27.97,593275.0
2022-08-17,27.61,27.67,27.2,27.34,402350.0
2022-08-18,27.24,27.52,27.12,27.42,319356.0
2022-08-19,27.15,27.2,26.72,26.92,419147.0
2022-08-22,26.51,26.51,26.15,26.26,291298.0
2022-08-23,26.21,26.71,26.21,26.36,367195.0
2022-08-24,26.36,26.63,26.15,26.56,464690.0
2022-08-25,26.67,27.19,26.67,27.04,720469.0
2022-08-26,27.19,27.22,25.78,25.79,442441.0
2022-08-29,25.53,25.63,25.15,25.43,463743.0
2022-08-30,25.43,25.43,24.95,25.03,538874.0
2022-08-31,25.07,25.07,24.35,24.38,568507.0
2022-09-01,24.14,24.28,23.75,24.15,625220.0
2022-09-02,24.51,24.51,23.32,23.5,842055.0
2022-09-06,23.65,23.81,23.13,23.57,713956.0
2022-09-07,23.58,24.23,23.54,24.14,599976.0
2022-09-08,23.92,24.06,23.54,23.97,471151.0
2022-09-09,24.15,24.56,24.12,24.26,835021.0
2022-09-12,24.5,24.98,24.44,24.89,803437.0
2022-09-13,24.1,24.41,23.93,24.01,723663.0
2022-09-14,24.07,24.07,23.35,23.74,539630.0
2022-09-15,23.77,24.02,23.29,23.38,591881.0
2022-09-16,22.98,22.98,22.54,22.92,3549678.0
2022-09-19,22.55,23.41,22.55,23.38,510063.0
2022-09-20,23.09,23.38,22.91,23.34,548954.0
2022-09-21,23.66,24.28,23.55,23.58,749861.0
2022-09-22,23.58,23.58,23.09,23.14,677664.0
2022-09-23,22.78,22.81,22.0,22.2,662428.0
2022-09-26,22.1,22.79,22.1,22.23,628564.0
2022-09-27,22.49,23.0,22.1,22.26,655502.0
2022-09-28,22.45,23.14,22.32,22.93,649679.0
2022-09-29,22.61,22.63,21.6,21.87,584744.0
2022-09-30,21.75,22.04,21.32,21.35,739846.0
2022-10-03,21.77,23.01,21.34,22.84,866195.0
2022-10-04,23.3,23.68,23.17,23.49,574705.0
2022-10-05,23.06,23.81,23.01,23.69,470839.0
2022-10-06,23.57,23.92,23.52,23.81,399363.0
2022-10-07,23.75,23.75,23.18,23.4,589132.0
2022-10-10,23.54,23.67,23.09,23.31,572699.0
2022-10-11,23.1,23.36,22.63,22.9,761220.0
2022-10-12,22.84,22.95,22.47,22.51,404663.0
2022-10-13,21.82,23.07,21.5,22.8,728332.0
2022-10-14,22.89,23.05,22.04,22.05,358989.0
2022-10-17,22.51,23.17,22.51,23.16,572736.0
2022-10-18,23.74,24.15,23.21,23.74,490561.0
2022-10-19,23.54,23.8,23.19,23.4,528739.0
2022-10-20,23.45,23.53,22.53,22.68,410654.0
2022-10-21,22.75,23.47,22.69,23.33,408015.0
2022-10-24,23.42,23.62,23.13,23.43,557388.0
2022-10-25,23.59,24.9,23.06,24.58,593910.0
2022-10-26,24.82,25.42,24.53,25.17,696273.0
2022-10-27,25.73,27.16,25.67,26.92,724106.0
2022-10-28,27.09,28.14,27.0,28.14,653340.0
2022-10-31,27.85,28.86,27.76,28.53,622520.0
2022-11-01,28.79,29.1,28.5,28.85,695465.0
2022-11-02,28.6,29.17,27.53,27.62,614965.0
2022-11-03,27.28,28.75,27.03,28.45,495310.0
2022-11-04,28.9,29.77,28.81,29.73,395335.0
2022-11-07,29.02,29.6,28.99,29.4,443705.0
2022-11-08,29.51,29.94,28.89,29.22,394054.0
2022-11-09,28.75,29.04,27.99,28.12,360508.0
2022-11-10,29.27,29.77,28.87,29.67,472794.0
2022-11-11,29.73,30.29,29.59,29.87,663596.0
2022-11-14,29.71,30.82,29.57,30.2,479067.0
2022-11-15,30.47,30.75,29.4,29.9,1035023.0
2022-11-16,29.77,29.84,29.37,29.78,423383.0
2022-11-17,29.42,29.93,29.31,29.86,335697.0
2022-11-18,30.39,30.39,29.39,29.6,260697.0
2022-11-21,29.4,30.31,29.29,30.16,253774.0
2022-11-22,30.28,30.61,30.07,30.59,325376.0
2022-11-23,30.56,30.69,30.23,30.49,242319.0
2022-11-25,30.58,30.96,30.5,30.52,150712.0
2022-11-28,30.22,30.5,29.8,29.96,226242.0
2022-11-29,30.04,30.14,29.71,30.0,296030.0
2022-11-30,29.89,30.68,29.52,30.63,397104.0
2022-12-01,31.0,31.53,30.9,31.27,401028.0
2022-12-02,30.81,31.68,30.73,31.58,307288.0
2022-12-05,31.21,31.21,30.35,30.48,302715.0
2022-12-06,30.31,30.38,29.43,29.57,394251.0
2022-12-07,29.46,29.77,29.36,29.38,344128.0
2022-12-08,29.62,29.95,29.31,29.38,338655.0
2022-12-09,29.66,30.34,29.6,29.69,642632.0
2022-12-12,29.84,30.43,29.54,30.4,644008.0
2022-12-13,31.28,31.35,30.34,30.74,602246.0
2022-12-14,30.77,31.15,30.21,30.28,364360.0
2022-12-15,29.8,29.8,28.9,29.14,441533.0
2022-12-16,28.54,28.87,28.37,28.81,1307208.0
2022-12-19,28.95,30.02,28.83,29.81,650627.0
2022-12-20,29.82,30.57,29.82,29.93,428990.0
2022-12-21,30.29,30.89,30.16,30.56,372969.0
2022-12-22,30.12,30.2,29.01,29.75,274939.0
2022-12-23,29.66,30.11,29.5,29.93,215622.0
2022-12-27,29.92,30.1,29.67,29.86,171703.0
2022-12-28,29.99,30.12,29.06,29.09,199098.0
2022-12-29,29.3,29.96,29.16,29.84,272702.0
2022-12-30,29.72,29.72,29.21,29.57,286682.0
2023-01-03,29.73,29.97,29.18,29.77,321033.0
2023-01-04,29.88,30.34,29.83,29.93,470474.0
2023-01-05,29.91,29.92,29.45,29.5,276957.0
2023-01-06,29.7,29.7,26.81,26.86,971367.0
2023-01-09,27.06,27.73,26.47,26.63,508002.0
2023-01-10,26.7,27.35,26.59,27.34,394769.0
2023-01-11,27.55,27.76,27.24,27.74,393474.0
2023-01-12,27.72,28.05,27.46,28.05,393667.0
2023-01-13,27.87,28.23,27.59,28.11,283279.0
2023-01-17,27.99,28.24,27.81,27.84,258037.0
2023-01-18,28.0,28.52,27.67,27.7,236256.0
2023-01-19,27.59,27.59,27.02,27.23,280996.0
2023-01-20,27.6,27.6,27.15,27.39,348159.0
2023-01-23,27.49,27.68,27.25,27.35,372797.0
2023-01-24,27.13,27.9,26.98,27.61,270852.0
2023-01-25,27.42,28.1,27.4,27.96,277714.0
2023-01-26,28.18,28.45,27.62,28.25,239654.0
2023-01-27,28.25,28.43,28.05,28.31,267227.0
2023-01-30,28.13,28.28,27.72,27.79,249433.0
2023-01-31,28.04,28.78,27.75,28.77,434634.0
2023-02-01,28.61,28.97,28.4,28.42,663056.0
2023-02-02,28.57,28.69,27.64,28.6,622392.0
2023-02-03,28.52,28.8,28.35,28.74,476342.0
2023-02-06,28.59,28.73,27.72,28.13,443054.0
2023-02-07,27.92,28.56,27.69,28.38,563105.0
2023-02-08,28.1,28.34,27.57,27.65,410585.0
2023-02-09,27.81,27.81,26.91,27.12,479694.0
2023-02-10,27.08,27.37,26.79,27.35,334671.0
2023-02-13,27.41,27.84,27.29,27.8,240864.0
2023-02-14,27.63,27.91,27.07,27.38,264330.0
2023-02-15,27.08,27.61,26.87,27.47,295121.0
2023-02-16,27.06,28.19,27.02,27.75,403433.0
2023-02-17,28.13,28.56,27.8,28.38,588513.0
2023-02-21,27.39,27.6,24.48,26.08,1433926.0
2023-02-22,25.92,26.17,25.26,25.65,784467.0
2023-02-23,25.81,26.62,25.81,26.61,499612.0
2023-02-24,26.42,26.91,26.11,26.82,504285.0
2023-02-27,27.22,27.48,27.14,27.37,387964.0
2023-02-28,27.42,28.22,27.31,27.91,680568.0
2023-03-01,27.82,28.2,27.74,27.92,449833.0
2023-03-02,27.6,27.86,27.18,27.85,378288.0
2023-03-03,28.19,28.39,27.0,28.06,989278.0
2023-03-06,27.92,28.13,27.01,27.2,497549.0
2023-03-07,26.91,27.01,25.88,25.88,534100.0
2023-03-08,25.92,26.51,25.78,26.29,432192.0
2023-03-09,26.4,26.58,25.78,25.81,310801.0
2023-03-10,25.62,25.64,24.81,25.01,593868.0
2023-03-13,24.62,24.62,23.21,23.22,834523.0
2023-03-14,24.01,24.02,23.0,23.31,1504572.0
2023-03-15,22.51,22.86,21.99,22.61,1249206.0
2023-03-16,22.21,23.29,21.87,23.01,623204.0
2023-03-17,22.7,22.77,22.0,22.06,1504647.0
2023-03-20,22.38,23.32,22.29,23.03,680846.0
2023-03-21,23.63,23.96,23.38,23.83,747932.0
2023-03-22,24.38,24.69,23.55,23.57,774774.0
2023-03-23,23.71,23.95,22.67,22.87,680711.0
2023-03-24,22.49,23.25,22.26,23.23,466907.0
2023-03-27,23.61,23.9,23.46,23.55,385190.0
2023-03-28,23.51,23.93,23.51,23.74,323806.0
2023-03-29,24.15,24.22,23.66,23.92,316243.0
2023-03-30,24.31,24.5,23.75,23.9,269741.0
2023-03-31,24.13,24.37,23.99,24.36,377913.0
2023-04-03,24.54,24.76,24.12,24.39,294100.0
2023-04-04,24.46,24.46,23.52,23.78,302178.0
2023-04-05,23.58,23.88,23.29,23.52,328481.0
2023-04-06,23.68,23.7,23.24,23.36,247302.0
2023-04-10,23.78,24.4,23.58,24.13,478271.0
2023-04-11,24.25,24.76,24.25,24.45,387070.0
2023-04-12,24.79,24.79,24.42,24.54,260190.0
2023-04-13,24.34,24.4,24.01,24.07,414749.0
2023-04-14,24.07,24.33,23.68,23.71,430547.0
2023-04-17,23.81,24.28,23.81,24.19,373461.0
2023-04-18,24.29,24.4,23.72,23.83,345173.0
2023-04-19,23.68,24.0,23.59,23.97,232112.0
2023-04-20,23.78,24.01,23.7,23.94,298597.0
2023-04-21,24.1,24.1,23.64,23.94,289795.0
2023-04-24,23.97,24.3,23.92,24.03,258120.0
2023-04-25,23.72,23.95,23.58,23.8,296011.0
2023-04-26,23.58,23.78,23.06,23.21,306617.0
2023-04-27,23.19,23.82,23.1,23.76,298912.0
2023-04-28,23.73,24.28,23.73,23.95,366814.0
2023-05-01,24.06,24.6,23.78,23.83,372783.0
2023-05-02,22.54,23.15,20.07,21.67,972622.0
2023-05-03,21.68,21.98,21.13,21.76,775253.0
2023-05-04,21.55,21.66,20.4,20.7,539164.0
2023-05-05,21.07,21.64,21.07,21.53,343022.0
2023-05-08,21.77,21.77,21.02,21.32,305083.0
2023-05-09,21.11,21.21,20.91,21.08,313589.0
2023-05-10,21.44,21.44,20.56,20.94,347004.0
2023-05-11,20.75,20.97,20.59,20.93,254377.0
2023-05-12,21.07,21.11,20.45,20.73,296746.0
2023-05-15,20.86,21.03,20.68,20.83,343361.0
2023-05-16,20.62,20.75,20.42,20.61,334407.0
2023-05-17,20.95,21.38,20.87,21.25,437306.0
2023-05-18,21.18,21.39,20.85,21.37,380362.0
2023-05-19,21.78,21.78,21.14,21.4,299863.0
2023-05-22,21.39,21.57,21.0,21.45,383263.0
2023-05-23,21.34,21.81,21.34,21.56,347306.0
2023-05-24,21.52,21.52,20.91,21.0,249545.0
2023-05-25,20.77,21.19,20.58,21.17,301027.0
2023-05-26,21.14,21.55,21.05,21.51,225064.0
2023-05-30,21.55,21.63,21.31,21.52,276657.0
2023-05-31,21.33,21.44,20.92,21.15,390415.0
2023-06-01,21.31,21.57,21.06,21.46,367343.0
2023-06-02,21.96,22.89,21.79,22.78,355696.0
2023-06-05,22.67,22.67,21.48,21.93,368424.0
2023-06-06,21.74,22.5,21.74,22.3,1005502.0
2023-06-07,22.52,23.64,21.87,23.57,707239.0
2023-06-08,23.48,23.49,22.92,23.09,429647.0
2023-06-09,23.09,23.09,22.68,22.96,334517.0
2023-06-12,22.85,23.21,22.42,23.05,427795.0
2023-06-13,23.25,23.77,23.18,23.5,383123.0
2023-06-14,23.64,23.81,23.32,23.48,381527.0
2023-06-15,23.45,23.9,23.36,23.9,434173.0
2023-06-16,24.08,24.08,23.52,23.89,1532237.0
2023-06-20,23.66,23.84,23.36,23.62,368683.0
2023-06-21,23.49,23.97,23.37,23.93,344633.0
2023-06-22,23.95,23.95,23.39,23.61,388339.0
2023-06-23,23.28,23.69,22.96,23.49,1377712.0
2023-06-26,23.51,23.87,23.47,23.72,294593.0
2023-06-27,23.61,24.15,23.5,24.0,334579.0
2023-06-28,24.03,24.13,23.74,24.1,278456.0
2023-06-29,24.66,25.69,24.66,25.57,512330.0
2023-06-30,25.78,26.03,25.54,25.71,386541.0
2023-07-03,25.58,25.96,25.55,25.8,295324.0
2023-07-05,25.57,25.65,25.37,25.43,456693.0
2023-07-06,25.16,25.32,24.64,25.07,353251.0
2023-07-07,25.12,25.8,25.12,25.49,272389.0
2023-07-10,25.34,25.81,25.34,25.69,389937.0
2023-07-11,25.83,26.02,25.6,25.82,297783.0
2023-07-12,26.15,26.19,25.67,25.72,330838.0
2023-07-13,25.55,25.87,25.3,25.73,218108.0
2023-07-14,25.66,25.66,25.13,25.62,215242.0
2023-07-17,25.58,25.86,25.47,25.5,350947.0
2023-07-18,25.44,25.84,25.26,25.62,319036.0
2023-07-19,25.76,25.95,25.54,25.88,296325.0
2023-07-20,26.0,26.1,25.76,25.93,215094.0
2023-07-21,26.0,26.0,25.45,25.49,266610.0
2023-07-24,25.36,25.78,25.26,25.7,185034.0
2023-07-25,25.7,25.86,25.55,25.74,222350.0
2023-07-26,25.86,26.23,25.82,25.85,232734.0
2023-07-27,25.95,26.08,25.65,25.69,333662.0
2023-07-28,25.98,26.13,25.77,25.79,337670.0
2023-07-31,26.01,26.31,26.01,26.22,430389.0
2023-08-01,24.01,25.6,23.83,25.58,686903.0
2023-08-02,25.68,26.89,25.68,26.87,502863.0
2023-08-03,26.79,26.79,26.07,26.16,325614.0
2023-08-04,26.26,26.26,25.68,25.71,291867.0
2023-08-07,25.69,26.31,25.69,26.26,203663.0
2023-08-08,25.77,26.18,25.5,26.15,245878.0
2023-08-09,26.13,26.3,25.87,26.03,244263.0
2023-08-10,26.01,26.5,26.01,26.25,280945.0
2023-08-11,26.2,26.3,25.98,26.23,250245.0
2023-08-14,26.16,26.18,25.66,26.01,256640.0
2023-08-15,25.87,25.87,25.43,25.48,188040.0
2023-08-16,25.47,25.76,25.21,25.22,205745.0
2023-08-17,25.22,25.56,25.22,25.33,195763.0
2023-08-18,25.14,25.47,25.08,25.22,281274.0
2023-08-21,25.14,25.17,24.78,24.89,244582.0
2023-08-22,24.98,25.21,24.69,24.71,183736.0
2023-08-23,24.89,25.17,24.73,25.11,203640.0
2023-08-24,24.95,25.26,24.91,24.95,254086.0
2023-08-25,25.13,25.24,24.66,24.86,155802.0
2023-08-28,24.92,25.31,24.9,24.93,183537.0
2023-08-29,24.97,25.31,24.77,25.16,239571.0
2023-08-30,25.21,25.36,24.95,25.01,220820.0
2023-08-31,25.06,25.26,24.95,25.07,288617.0
2023-09-01,25.29,25.59,25.29,25.55,267883.0
2023-09-05,25.21,25.21,24.05,24.11,448707.0
2023-09-06,24.15,24.42,23.78,23.87,287394.0
2023-09-07,24.07,24.07,23.08,23.38,341634.0
2023-09-08,23.31,23.64,23.14,23.57,215553.0
2023-09-11,23.69,23.96,23.53,23.79,247992.0
2023-09-12,23.71,23.96,23.64,23.79,198324.0
2023-09-13,23.79,23.79,23.46,23.58,245863.0
2023-09-14,23.83,24.36,23.83,24.35,318443.0
2023-09-15,24.22,24.36,23.88,24.02,1055095.0
2023-09-18,24.18,24.37,23.99,24.02,245704.0
2023-09-19,24.11,24.76,24.11,24.6,468237.0
2023-09-20,24.78,25.3,24.76,24.86,412525.0
2023-09-21,24.75,25.5,24.44,25.35,644239.0
2023-09-22,25.39,25.57,24.99,25.29,400661.0
2023-09-25,25.09,25.9,25.09,25.36,440728.0
2023-09-26,25.17,25.34,24.59,24.59,368428.0
2023-09-27,24.84,25.02,24.58,24.81,306701.0
2023-09-28,24.71,25.26,24.71,25.01,417008.0
2023-09-29,25.19,25.19,24.24,24.35,449870.0
2023-10-02,24.16,24.16,23.54,23.58,476941.0
2023-10-03,23.51,23.6,23.19,23.34,302317.0
2023-10-04,22.43,22.73,21.0,21.24,774992.0
2023-10-05,21.26,21.77,21.11,21.39,654122.0
2023-10-06,21.46,21.8,21.0,21.6,528443.0
2023-10-09,21.47,22.04,21.34,21.97,472470.0
2023-10-10,22.12,22.58,22.08,22.23,337634.0
2023-10-11,22.25,22.58,22.18,22.58,353599.0
2023-10-12,22.38,22.38,21.85,22.0,243843.0
2023-10-13,22.2,22.28,21.84,21.91,258642.0
2023-10-16,23.28,23.57,22.5,22.94,485314.0
2023-10-17,22.78,23.33,22.78,23.06,494865.0
2023-10-18,22.71,22.73,22.22,22.27,357866.0
2023-10-19,22.15,22.43,21.71,21.76,372541.0
2023-10-20,21.86,21.97,21.53,21.58,429455.0
2023-10-23,21.51,21.76,21.24,21.3,335942.0
2023-10-24,21.55,21.55,21.04,21.04,291608.0
2023-10-25,20.6,20.68,20.04,20.12,735752.0
2023-10-26,20.39,20.67,20.19,20.65,567017.0
2023-10-27,20.65,20.65,20.22,20.29,422043.0
2023-10-30,20.55,20.85,20.35,20.8,400890.0
2023-10-31,20.74,20.91,20.57,20.83,295681.0
2023-11-01,20.65,20.88,20.43,20.7,416933.0
2023-11-02,21.64,22.92,21.175,22.75,529509.0
2023-11-03,23.23,24.27,23.15,24.0,619943.0
2023-11-06,23.91,23.96,23.405,23.93,422814.0
2023-11-07,23.81,23.81,23.44,23.53,291944.0
2023-11-08,23.52,23.595,22.92,23.09,323511.0
2023-11-09,23.37,23.46,22.99,23.08,249071.0
2023-11-10,23.3,23.49,22.995,23.36,244812.0
2023-11-13,23.23,23.53,23.16,23.32,231941.0
2023-11-14,23.5,24.3,23.5,24.28,565388.0
2023-11-15,24.35,24.89,24.35,24.71,329155.0
2023-11-16,24.66,24.71,24.11,24.43,300765.0
2023-11-17,24.79,25.06,24.64,24.92,510932.0
2023-11-20,24.76,24.93,24.6,24.85,378748.0
2023-11-21,24.72,24.81,24.5,24.57,193024.0
2023-11-22,24.76,24.76,24.385,24.64,171823.0
2023-11-24,24.72,24.86,24.55,24.74,88997.0
2023-11-27,24.53,24.835,24.34,24.64,330721.0
2023-11-28,24.49,24.605,24.2,24.23,304196.0
2023-11-29,24.58,24.78,24.4515,24.6,288846.0
2023-11-30,24.68,24.99,24.39,24.96,403930.0
2023-12-01,24.96,25.65,24.95,25.62,397883.0
2023-12-04,25.5,26.22,25.5,26.16,407514.0
2023-12-05,26.06,26.06,25.36,25.54,397070.0
2023-12-06,25.84,26.16,25.57,25.58,324746.0
2023-12-07,25.75,26.34,25.71,26.34,386628.0
2023-12-08,26.35,26.84,26.35,26.56,284398.0
2023-12-11,26.59,26.68,26.335,26.56,344412.0
2023-12-12,26.5,26.78,26.28,26.64,329376.0
2023-12-13,26.61,27.61,26.3,27.47,570880.0
2023-12-14,28.0,28.75,27.98,28.61,444893.0
2023-12-15,28.65,28.86,28.11,28.33,972940.0
2023-12-18,28.46,28.46,27.1201,27.19,654514.0
2023-12-19,27.54,27.74,27.2,27.37,1059694.0
2023-12-20,27.34,27.46,25.84,25.86,1240119.0
2023-12-21,26.26,26.45,25.91,26.36,537214.0
2023-12-22,26.58,26.84,26.17,26.35,446194.0
2023-12-26,26.51,26.73,26.36,26.51,522173.0
2023-12-27,26.49,26.63,26.31,26.45,401663.0
2023-12-28,26.25,26.77,26.202,26.77,365648.0
2023-12-29,26.75,26.9,26.285,26.59,328989.0
2024-01-02,26.44,26.76,26.32,26.59,512470.0
2024-01-03,26.3,26.47,25.8,26.11,460453.0
2024-01-04,26.09,26.47,25.92,25.95,581038.0
2024-01-05,26.06,26.83,26.005,26.23,477179.0
2024-01-08,26.07,26.535,25.89,26.52,380209.0
2024-01-09,26.1,26.1,25.51,25.52,497805.0
2024-01-10,25.33,25.48,25.105,25.37,525127.0
2024-01-11,24.97,25.0,24.51,24.93,483245.0
2024-01-12,25.24,25.24,24.69,24.84,231347.0
2024-01-16,24.49,24.645,24.305,24.42,295659.0
2024-01-17,23.93,24.1927,23.79,23.84,364770.0
2024-01-18,23.89,23.98,23.4,23.84,346089.0
2024-01-19,23.94,24.7,23.64,24.69,480251.0
2024-01-22,24.96,25.72,24.87,25.5,500241.0
2024-01-23,25.9,26.18,25.5,25.57,454461.0
2024-01-24,26.06,26.06,25.2822,25.47,360476.0
2024-01-25,25.82,26.115,25.565,25.86,349243.0
2024-01-26,26.05,26.15,25.73,25.87,304701.0
2024-01-29,25.87,25.94,25.44,25.92,343092.0
2024-01-30,25.67,26.03,25.62,26.01,423757.0
2024-01-31,26.07,26.26,25.1,25.14,798612.0
2024-02-01,25.22,25.425,24.85,25.4,422367.0
2024-02-02,25.01,25.77,24.82,25.57,436112.0
2024-02-05,25.18,25.505,24.94,25.31,325213.0
2024-02-06,25.25,25.999,25.25,25.87,407407.0
2024-02-07,25.99,25.99,25.36,25.53,435545.0
2024-02-08,25.51,26.04,25.43,26.0,348292.0
2024-02-09,26.04,26.34,25.6,26.32,317847.0
2024-02-12,26.31,27.04,26.19,26.74,559369.0
2024-02-13,25.92,25.98,25.38,25.76,605087.0
2024-02-14,26.15,26.6,25.94,26.46,415145.0
2024-02-15,26.67,27.34,26.67,27.31,482904.0
2024-02-16,26.89,27.21,26.511,26.54,425209.0
2024-02-20,26.11,26.492,26.0232,26.31,522052.0
2024-02-21,26.33,26.61,26.09,26.53,484603.0
2024-02-22,25.93,26.2081,24.53,25.43,739609.0
2024-02-23,25.17,25.17,23.673,24.59,676702.0
2024-02-26,24.41,24.5,24.11,24.25,629663.0
2024-02-27,24.45,24.67,24.21,24.58,429771.0
2024-02-28,24.29,24.91,24.29,24.4,464080.0
2024-02-29,24.75,25.46,24.693,25.38,628423.0
2024-03-01,25.29,25.29,24.89,25.04,347767.0
2024-03-04,25.02,25.18,24.65,24.67,505586.0
2024-03-05,24.54,25.44,24.49,25.11,464955.0
2024-03-06,25.31,25.76,25.09,25.5,481654.0
2024-03-07,25.65,25.88,25.605,25.88,358610.0
2024-03-08,26.0,26.6283,26.0,26.25,521269.0
2024-03-11,26.24,26.53,25.555,26.03,508045.0
2024-03-12,26.03,26.16,25.62,25.8,379418.0
2024-03-13,25.74,26.27,25.74,26.0,502440.0
2024-03-14,25.74,25.87,25.17,25.47,556525.0
2024-03-15,25.26,26.2,25.26,25.98,1781232.0
2024-03-18,25.85,26.14,25.68,25.82,581365.0
2024-03-19,25.77,26.18,25.7605,26.05,559690.0
2024-03-20,25.94,26.56,25.65,26.35,399478.0
2024-03-21,26.41,27.37,26.41,26.73,480060.0
2024-03-22,26.79,26.83,26.2,26.39,384683.0
2024-03-25,26.51,27.17,26.51,27.13,426811.0
2024-03-26,27.24,27.68,27.06,27.44,399690.0
2024-03-27,27.72,28.08,27.455,28.04,527829.0
2024-03-28,28.12,28.22,27.72,27.85,640778.0
2024-04-01,27.86,28.0,27.16,27.21,365953.0
2024-04-02,27.11,27.11,26.54,27.04,569401.0
2024-04-03,26.9,27.67,26.9,27.57,393485.0
2024-04-04,27.85,28.0,27.125,27.2,371004.0
2024-04-05,27.62,28.19,27.415,27.93,455090.0
2024-04-08,28.05,28.2,27.8,27.85,450497.0
2024-04-09,28.0,28.2,27.49,27.93,277307.0
2024-04-10,27.26,27.48,26.81,27.34,384399.0
2024-04-11,27.42,27.71,27.19,27.7,340351.0
2024-04-12,27.25,27.4,26.73,26.86,376310.0
2024-04-15,27.09,27.275,26.5,26.57,304427.0
2024-04-16,26.34,26.35,25.98,26.13,379900.0
2024-04-17,26.34,26.34,25.89,25.89,354210.0
2024-04-18,26.08,26.505,25.94,26.25,533078.0
2024-04-19,26.22,26.75,26.22,26.54,448487.0
2024-04-22,26.6,26.7908,26.305,26.43,493422.0
2024-04-23,26.39,26.76,26.29,26.76,1977849.0
2024-04-24,26.59,27.2,26.39,27.18,621675.0
2024-04-25,26.99,27.25,26.55,27.11,997327.0
2024-04-26,27.3,27.62,27.09,27.14,442477.0
2024-04-29,27.22,27.385,26.96,27.06,362301.0
2024-04-30,26.9,26.9,25.955,26.02,852574.0
2024-05-01,27.19,29.83,26.84,29.55,1400812.0
2024-05-02,29.89,30.456,29.509,30.05,1107223.0
2024-05-03,30.4,30.65,29.78,30.44,628971.0
2024-05-06,30.82,31.0,30.33,30.51,411374.0
2024-05-07,30.67,30.83,30.545,30.57,371013.0
2024-05-08,30.25,30.825,29.96,30.67,582631.0
2024-05-09,30.84,31.07,30.575,31.06,382718.0
2024-05-10,31.2,31.27,30.7,31.24,304908.0
2024-05-13,31.44,31.59,30.98,30.99,438518.0
2024-05-14,31.39,31.52,30.825,30.9,494198.0
2024-05-15,31.21,31.275,30.695,30.74,389304.0
2024-05-16,30.64,31.11,30.47,31.08,398489.0
2024-05-17,31.08,31.22,30.93,31.04,232695.0
2024-05-20,30.96,31.34,30.75,30.75,362228.0
2024-05-21,30.66,30.995,30.5,30.94,598467.0
2024-05-22,30.83,30.83,30.04,30.21,315262.0
2024-05-23,30.25,30.3,29.43,29.72,345565.0
2024-05-24,30.01,30.45,29.705,30.42,344743.0
2024-05-28,30.59,31.14,30.468,30.76,470244.0
2024-05-29,30.39,30.65,30.22,30.5,311946.0
2024-05-30,30.82,31.11,30.79,31.1,513308.0
2024-05-31,31.13,31.49,30.9538,31.45,1093034.0
2024-06-03,31.85,32.0,31.02,31.24,1394114.0
2024-06-04,31.02,31.27,30.405,30.43,408051.0
2024-06-05,30.57,30.81,30.28,30.36,327836.0
2024-06-06,30.24,30.41,29.51,29.63,273947.0
2024-06-07,29.24,29.43,28.81,29.29,339593.0
2024-06-10,28.93,29.18,28.6,29.16,344153.0
2024-06-11,28.82,28.88,28.44,28.79,345619.0
2024-06-12,29.56,29.63,28.99,29.2,419094.0
2024-06-13,29.07,29.08,28.62,28.87,379043.0
2024-06-14,28.38,28.42,27.515,28.1,506007.0
2024-06-17,28.09,29.6,27.91,29.6,833660.0
2024-06-18,29.66,30.72,29.65,30.61,648584.0
2024-06-20,30.65,31.29,30.44,31.21,712798.0
2024-06-21,31.12,31.185,30.51,30.66,1541034.0
2024-06-24,30.69,31.42,30.62,30.94,429880.0
2024-06-25,30.72,30.7399,30.07,30.16,532676.0
2024-06-26,30.04,30.14,29.65,29.68,643225.0
2024-06-27,29.84,29.98,29.44,29.67,508831.0
2024-06-28,29.97,30.14,29.37,29.92,3330955.0
2024-07-01,29.9,30.0,29.18,29.23,402939.0
2024-07-02,29.23,29.65,29.12,29.3,1329453.0
2024-07-03,29.39,29.72,29.29,29.42,300585.0
2024-07-05,29.32,29.7,28.96,29.53,345191.0
2024-07-08,29.41,29.645,28.5,28.78,877068.0
2024-07-09,28.75,29.115,28.35,28.69,701293.0
2024-07-10,28.83,28.91,28.315,28.66,684476.0
2024-07-11,29.37,29.82,28.91,29.62,1019778.0
2024-07-12,29.94,29.94,29.49,29.51,610952.0
2024-07-15,29.49,30.35,29.4,30.05,743365.0
2024-07-16,30.31,31.43,30.215,31.38,597128.0
2024-07-17,31.11,31.85,31.04,31.26,436136.0
2024-07-18,31.01,31.89,30.962,31.25,496552.0
2024-07-19,31.21,31.47,30.8014,30.87,364135.0
2024-07-22,30.98,31.7,30.55,31.59,403018.0
2024-07-23,31.37,32.73,31.28,32.63,857378.0
2024-07-24,32.6,33.7,32.08,32.26,895668.0
2024-07-25,32.46,33.68,32.38,33.28,715402.0
2024-07-26,33.92,34.24,33.12,33.32,491038.0
2024-07-29,33.35,33.35,32.5,32.74,413478.0
2024-07-30,32.98,33.45,32.71,32.84,361006.0
2024-07-31,33.02,33.68,32.54,33.06,538240.0
2024-08-01,35.0,37.04,34.76,36.5,1675368.0
2024-08-02,34.65,34.77,32.585,33.97,1089484.0
2024-08-05,32.14,34.11,31.72,33.47,988035.0
2024-08-06,33.43,34.395,33.185,33.57,679598.0
2024-08-07,33.96,33.96,32.69,32.74,665101.0
2024-08-08,33.22,33.62,32.5,32.84,1119733.0
2024-08-09,32.83,33.135,32.37,32.91,558279.0
2024-08-12,32.86,32.9099,31.735,31.84,454561.0
2024-08-13,31.94,32.26,31.53,32.1,446282.0
2024-08-14,32.25,32.25,31.71,32.07,293456.0
2024-08-15,32.76,32.85,32.144,32.2,615077.0
2024-08-16,32.12,32.475,31.96,32.34,453398.0
2024-08-19,32.35,32.7,32.16,32.68,361763.0
2024-08-20,32.51,32.62,31.82,31.96,237758.0
2024-08-21,32.11,32.27,31.85,32.17,327876.0
2024-08-22,32.3,32.3,31.85,31.94,369023.0
2024-08-23,32.2,32.75,31.87,32.49,615018.0
2024-08-26,32.87,32.915,32.37,32.45,363401.0
2024-08-27,32.36,32.51,32.14,32.28,412283.0
2024-08-28,32.17,32.83,32.17,32.69,635345.0
2024-08-29,32.8,33.1997,32.535,32.87,606085.0
2024-08-30,32.73,33.02,32.43,33.01,407477.0
2024-09-03,32.7,32.905,31.8201,32.14,600123.0
2024-09-04,31.96,32.265,31.79,32.09,394674.0
2024-09-05,32.17,32.47,31.59,32.42,438868.0
2024-09-06,32.37,32.61,30.78,31.05,548819.0
2024-09-09,30.8,30.917,30.43,30.55,523288.0
2024-09-10,30.59,30.64,30.12,30.61,399456.0
2024-09-11,30.36,30.7,29.6601,30.51,430187.0
2024-09-12,30.75,31.015,30.46,30.77,560021.0
2024-09-13,31.15,32.0,30.96,31.9,725691.0
2024-09-16,32.12,32.58,31.98,32.52,372712.0
2024-09-17,32.83,33.44,32.67,33.13,482070.0
2024-09-18,33.15,33.97,32.57,33.2,562749.0
2024-09-19,33.96,34.14,33.16,34.13,556259.0
2024-09-20,34.04,34.645,33.715,34.2,1593794.0
2024-09-23,34.33,34.5,33.93,34.0,362839.0
2024-09-24,34.2,34.29,33.8,34.19,305067.0
2024-09-25,34.25,34.45,33.91,34.05,412850.0
2024-09-26,34.4,34.73,33.94,33.94,388844.0
2024-09-27,34.29,34.74,34.09,34.37,455186.0
2024-09-30,34.33,34.97,34.005,34.84,526056.0
2024-10-01,34.65,34.735,33.73,33.99,448170.0
2024-10-02,33.84,34.12,33.565,33.82,344335.0
2024-10-03,33.54,33.565,32.89,33.33,296749.0
2024-10-04,33.88,34.0,33.5391,33.99,260716.0
2024-10-07,33.78,34.435,33.772,34.16,417227.0
2024-10-08,34.19,34.26,33.74,34.23,585254.0
2024-10-09,34.08,35.27,34.08,35.11,643157.0
2024-10-10,34.97,35.65,34.75,35.46,482743.0
2024-10-11,35.57,36.7,35.57,35.98,607005.0
2024-10-14,35.79,36.69,35.25,36.63,390885.0
2024-10-15,36.22,36.45,35.21,35.21,1021422.0
2024-10-16,35.63,36.3,35.6,35.77,522091.0
2024-10-17,35.73,35.73,34.98,35.2,375537.0
2024-10-18,35.51,35.7,35.28,35.34,326931.0
2024-10-21,34.71,35.35,34.19,34.19,611398.0
2024-10-22,34.39,34.81,33.97,34.78,381404.0
2024-10-23,34.68,34.93,34.555,34.76,362120.0
2024-10-24,35.03,35.79,35.01,35.76,534381.0
2024-10-25,35.98,36.1,35.43,35.44,390408.0
2024-10-28,35.72,36.4,35.69,36.15,450664.0
2024-10-29,35.94,35.99,35.52,35.64,315785.0
2024-10-30,35.52,36.11,35.52,35.73,469221.0
2024-10-31,34.54,35.8,34.27,34.28,435604.0
2024-11-01,34.46,34.505,32.47,32.58,704768.0
2024-11-04,32.3,33.33,32.26,33.01,370663.0
2024-11-05,32.88,33.95,32.88,33.8,352428.0
2024-11-06,35.99,37.54,35.745,37.0,993745.0
2024-11-07,36.91,37.35,36.39,36.86,703744.0
2024-11-08,36.87,37.53,36.81,37.14,662388.0
2024-11-11,37.7,38.36,37.515,38.2,610096.0
2024-11-12,38.17,38.69,38.0,38.28,1733902.0
2024-11-13,38.5,38.51,37.67,37.87,470251.0
2024-11-14,38.19,38.38,36.88,37.37,387849.0
2024-11-15,37.8,37.87,36.85,37.22,375995.0
2024-11-18,37.13,37.6,37.1,37.44,399546.0
2024-11-19,37.09,38.0,37.09,37.98,304176.0
2024-11-20,37.96,38.16,36.62,37.05,537233.0
2024-11-21,37.15,37.73,36.96,37.17,456381.0
2024-11-22,37.37,37.95,37.245,37.55,645869.0
2024-11-25,37.87,38.54,37.86,37.87,552087.0
2024-11-26,37.46,37.87,37.14,37.68,462788.0
2024-11-27,37.82,38.07,37.43,37.45,336338.0
2024-11-29,37.86,38.1,37.6,37.7,247970.0
2024-12-02,37.69,38.1,37.07,37.67,405430.0
2024-12-03,37.78,37.79,37.18,37.35,350877.0
2024-12-04,37.11,37.73,37.04,37.54,332357.0
2024-12-05,37.51,37.83,37.29,37.35,311918.0
2024-12-06,37.89,38.1,37.385,37.98,435040.0
2024-12-09,38.26,38.455,37.28,37.36,503948.0
2024-12-10,37.38,38.8125,36.71,38.37,500258.0
2024-12-11,38.89,39.0,37.88,37.91,442905.0
2024-12-12,37.89,37.97,37.36,37.38,313563.0
2024-12-13,37.28,37.71,37.215,37.32,319971.0
2024-12-16,37.38,37.82,37.11,37.78,420317.0
2024-12-17,37.5,37.655,36.04,36.68,603630.0
2024-12-18,36.85,37.18,34.5,34.97,633456.0
2024-12-19,35.38,36.09,35.32,35.38,588723.0
2024-12-20,35.15,36.59,35.15,35.76,1927014.0
2024-12-23,35.6,35.67,34.9,35.17,560503.0
2024-12-24,35.2,35.85,34.99,35.83,127889.0
2024-12-26,35.69,36.02,35.355,35.91,227067.0
2024-12-27,35.62,36.05,35.13,35.48,217164.0
2024-12-30,35.37,35.5325,34.88,35.27,1022742.0
2024-12-31,35.57,35.79,35.04,35.1,375894.0
2025-01-02,35.37,35.675,34.77,35.08,333432.0
2025-01-03,35.22,36.04,34.91,35.94,347636.0
2025-01-06,36.05,36.72,35.84,36.21,558406.0
2025-01-07,36.29,36.49,35.09,35.3,459542.0
2025-01-08,35.0,35.075,33.9,34.82,793067.0
2025-01-10,34.12,35.29,34.065,34.95,538895.0
2025-01-13,34.89,36.24,34.89,36.21,468397.0
2025-01-14,36.65,37.66,36.65,37.46,447555.0
2025-01-15,38.0,38.12,37.52,37.66,626258.0
2025-01-16,37.5,37.9327,37.24,37.58,355635.0
2025-01-17,38.0,38.337,37.76,38.18,482825.0
2025-01-21,38.59,39.19,38.32,38.51,493271.0
2025-01-22,38.33,38.9,38.2,38.38,384647.0
2025-01-23,38.63,39.83,38.11,39.34,472835.0
2025-01-24,39.14,39.602,39.005,39.45,374302.0
2025-01-27,39.2,39.22,38.12,38.42,636100.0
2025-01-28,38.32,38.6399,37.58,37.76,415123.0
2025-01-29,37.78,38.6,37.66,37.71,385515.0
2025-01-30,38.05,38.8,37.975,38.3,291220.0
2025-01-31,38.22,38.34,37.5,37.83,753676.0
2025-02-03,36.94,37.25,35.86,36.51,653556.0
2025-02-04,36.54,37.38,36.525,37.2,370050.0
2025-02-05,37.38,37.69,37.26,37.65,407870.0
2025-02-06,37.9,38.14,37.48,37.71,354423.0
2025-02-07,37.68,38.035,37.09,37.14,379767.0
2025-02-10,37.35,37.35,36.85,37.05,243266.0
2025-02-11,36.87,37.62,36.87,37.22,305324.0
2025-02-12,36.48,36.51,35.27,35.48,509252.0
2025-02-13,35.73,36.04,35.16,35.17,431271.0
2025-02-14,35.49,35.495,34.12,34.39,737332.0
2025-02-18,34.46,34.89,34.27,34.57,803427.0
2025-02-19,34.2,34.5201,33.72,34.21,800393.0
2025-02-20,33.525,33.525,30.5,31.36,1228246.0
2025-02-21,31.62,31.79,29.92,30.22,933150.0
2025-02-24,30.48,31.25,30.277,30.31,1014228.0
2025-02-25,30.73,31.115,30.41,30.78,706125.0
2025-02-26,31.14,31.63,30.93,31.16,537989.0
2025-02-27,31.04,31.35,30.455,30.99,582066.0
2025-02-28,30.93,31.115,30.595,31.09,630031.0
2025-03-03,31.35,31.405,29.795,30.09,792870.0
2025-03-04,29.71,30.0,29.22,29.44,659576.0
2025-03-05,29.52,29.99,29.32,29.84,679419.0
2025-03-06,29.48,30.3,29.25,29.78,563909.0
2025-03-07,29.74,30.045,29.0783,29.83,473973.0
2025-03-10,29.31,29.68,29.06,29.27,725825.0
2025-03-11,29.4,29.855,29.2804,29.39,533390.0
2025-03-12,29.61,29.61,28.85,29.01,598209.0
2025-03-13,29.12,29.26,28.67,28.9,381528.0
2025-03-14,28.9,29.36,28.65,29.19,747973.0
2025-03-17,29.37,29.81,29.17,29.48,488064.0
2025-03-18,29.39,29.55,29.005,29.15,580443.0
2025-03-19,29.19,29.725,29.13,29.49,664523.0
2025-03-20,29.18,29.81,29.18,29.63,399137.0
2025-03-21,29.29,29.49,29.065,29.38,1258800.0
2025-03-24,29.87,29.91,29.46,29.64,360180.0
2025-03-25,29.58,29.71,29.22,29.59,440135.0
2025-03-26,29.59,29.69,29.165,29.37,311956.0
2025-03-27,29.37,29.4374,28.93,29.0,381463.0
2025-03-28,28.99,29.125,27.995,28.45,687265.0
2025-03-31,28.01,28.24,27.67,28.06,870823.0
2025-04-01,27.89,28.22,27.55,28.13,614923.0
2025-04-02,27.81,28.88,27.79,28.86,959348.0
2025-04-03,27.42,27.86,26.37,26.65,721956.0
2025-04-04,25.45,25.7,24.34,25.09,1057085.0
2025-04-07,24.28,25.84,23.5,24.97,976055.0
2025-04-08,25.74,26.105,23.93,24.21,944003.0
2025-04-09,23.94,27.065,23.84,26.64,800600.0
2025-04-10,25.69,26.065,24.95,25.59,663033.0
2025-04-11,25.49,25.62,24.7,25.24,438923.0
2025-04-14,25.74,26.2,25.03,25.56,699485.0
2025-04-15,25.26,25.6253,24.98,25.29,854172.0
2025-04-16,24.95,25.21,24.59,24.88,688899.0
2025-04-17,24.93,25.64,24.93,25.37,465763.0
2025-04-21,25.0,25.12,24.7,25.0,514406.0
2025-04-22,24.99,25.205,24.055,24.7,510545.0
2025-04-23,25.45,25.905,24.57,24.58,597729.0
2025-04-24,24.63,25.31,24.585,25.25,420413.0
2025-04-25,25.0,25.13,24.7,25.1,302403.0
