Date,open,high,low,close,volume
2015-04-27,54.79,55.5,54.71,54.97,19812788.0
2015-04-28,54.91,55.43,54.87,55.41,12955571.0
2015-04-29,55.17,55.76,55.07,55.46,17573756.0
2015-04-30,55.65,55.65,54.78,55.1,16234867.0
2015-05-01,55.26,55.58,54.96,55.19,12042956.0
2015-05-04,55.27,55.77,55.26,55.73,9904553.0
2015-05-05,55.73,56.2,55.6,55.72,16910394.0
2015-05-06,55.43,55.6,54.45,54.92,15650009.0
2015-05-07,54.96,55.19,54.61,54.81,14691457.0
2015-05-08,55.17,56.05,55.09,56.05,17418707.0
2015-05-11,55.92,55.96,55.44,55.51,12803144.0
2015-05-12,55.31,55.64,55.0,55.47,11554458.0
2015-05-13,55.47,55.83,55.37,55.6,11341246.0
2015-05-14,55.95,56.13,55.72,56.04,10899187.0
2015-05-15,56.04,56.04,55.3,55.52,13204739.0
2015-05-18,55.58,55.98,55.55,55.75,10502016.0
2015-05-19,55.9,56.7,55.89,56.4,16872718.0
2015-05-20,56.32,56.37,55.93,56.08,13230360.0
2015-05-21,55.91,56.18,55.83,56.01,13398856.0
2015-05-22,56.04,56.23,55.99,56.0,8556405.0
2015-05-26,55.97,56.0,55.46,55.66,15742666.0
2015-05-27,55.92,56.31,55.71,56.07,11804453.0
2015-05-28,56.11,56.3,55.89,56.21,8714015.0
2015-05-29,56.25,56.26,55.68,55.96,17152698.0
2015-06-01,56.24,56.49,55.8,56.04,15696098.0
2015-06-02,56.01,56.45,55.74,56.18,13118078.0
2015-06-03,56.35,57.2,56.35,56.91,16049446.0
2015-06-04,56.53,56.89,55.93,56.14,17401139.0
2015-06-05,57.04,57.22,56.4,56.61,16718319.0
2015-06-08,56.94,56.94,56.12,56.12,13930268.0
2015-06-09,56.23,56.92,56.0,56.7,14465642.0
2015-06-10,56.98,57.57,56.9,57.21,18546137.0
2015-06-11,57.26,57.57,57.07,57.26,13797699.0
2015-06-12,57.13,57.29,56.74,57.09,13350680.0
2015-06-15,56.65,57.07,56.48,56.98,12708386.0
2015-06-16,56.85,57.24,56.73,57.22,10441613.0
2015-06-17,57.31,57.55,57.1,57.17,17493338.0
2015-06-18,57.29,57.84,57.19,57.7,18213000.0
2015-06-19,57.42,57.57,57.05,57.05,32859580.0
2015-06-22,57.58,58.04,57.53,57.91,14965038.0
2015-06-23,58.0,58.26,57.76,57.89,13092744.0
2015-06-24,57.67,58.15,57.54,57.54,13120153.0
2015-06-25,57.75,57.79,57.13,57.17,13944051.0
2015-06-26,57.34,57.58,57.29,57.44,15915336.0
2015-06-29,56.8,57.19,56.01,56.06,19053905.0
2015-06-30,56.54,56.88,55.99,56.24,16798651.0
2015-07-01,57.09,57.2,56.61,56.91,12044866.0
2015-07-02,56.84,57.14,56.52,56.74,9974918.0
2015-07-06,56.1,56.53,56.01,56.44,11619484.0
2015-07-07,56.32,56.47,55.07,56.25,15772042.0
2015-07-08,55.84,56.17,55.21,55.25,12673975.0
2015-07-09,56.06,56.15,55.44,55.5,13404069.0
2015-07-10,56.33,56.46,55.86,56.08,13142184.0
2015-07-13,56.56,56.76,56.42,56.74,14958002.0
2015-07-14,56.46,57.37,56.39,57.25,20045156.0
2015-07-15,57.41,58.16,57.26,57.78,17107507.0
2015-07-16,58.24,58.35,57.98,58.17,13172758.0
2015-07-17,57.97,58.05,57.49,57.94,12941330.0
2015-07-20,57.99,58.29,57.88,58.05,9672925.0
2015-07-21,58.02,58.37,57.75,57.95,12335756.0
2015-07-22,58.07,58.59,57.99,58.52,14859641.0
2015-07-23,58.73,58.76,58.07,58.21,13038454.0
2015-07-24,58.18,58.34,57.7,57.78,13142505.0
2015-07-27,57.48,57.84,57.34,57.59,15474144.0
2015-07-28,57.73,57.84,57.16,57.4,16446566.0
2015-07-29,57.6,58.13,57.42,57.96,13580927.0
2015-07-30,57.85,58.19,57.72,58.15,9770685.0
2015-07-31,58.23,58.25,57.79,57.87,12123838.0
2015-08-03,58.07,58.07,57.5,57.91,13071212.0
2015-08-04,57.77,58.16,57.71,57.82,12308832.0
2015-08-05,57.81,58.02,57.48,57.65,11982779.0
2015-08-06,57.65,57.95,57.4,57.53,12524854.0
2015-08-07,57.57,57.86,57.04,57.47,13585613.0
2015-08-10,57.8,57.98,57.68,57.94,12324200.0
2015-08-11,57.23,57.55,56.98,57.21,15026917.0
2015-08-12,56.9,56.95,56.2,56.72,21663210.0
2015-08-13,56.75,57.13,56.63,56.89,11734570.0
2015-08-14,56.89,57.37,56.82,57.33,9721765.0
2015-08-17,57.02,57.5,56.93,57.35,11116724.0
2015-08-18,57.41,57.72,57.27,57.54,10573730.0
2015-08-19,57.28,57.55,56.95,57.06,13697088.0
2015-08-20,56.46,56.58,56.11,56.12,20709512.0
2015-08-21,55.33,55.78,53.96,53.97,31607038.0
2015-08-24,49.2,53.24,47.75,51.25,38730043.0
2015-08-25,53.55,53.65,50.0,50.02,30516901.0
2015-08-26,51.56,52.41,50.58,52.3,29576044.0
2015-08-27,53.44,54.1,52.88,54.03,25418252.0
2015-08-28,53.75,53.93,53.04,53.54,18207202.0
2015-08-31,53.4,53.56,53.06,53.33,13737999.0
2015-09-01,52.11,52.32,50.53,50.99,27797314.0
2015-09-02,52.49,52.49,51.27,51.99,20699429.0
2015-09-03,52.39,53.0,52.22,52.43,15613260.0
2015-09-04,51.8,51.82,50.76,51.29,22184650.0
2015-09-08,52.65,52.98,51.98,52.93,19430504.0
2015-09-09,53.61,53.7,52.02,52.19,16028262.0
2015-09-10,52.07,52.86,51.8,52.56,17935500.0
2015-09-11,52.34,52.66,52.03,52.62,12491713.0
2015-09-14,52.63,52.88,52.41,52.77,16232005.0
2015-09-15,53.04,53.78,52.82,53.47,14028020.0
2015-09-16,53.52,53.89,52.9,53.72,14448951.0
2015-09-17,53.7,53.91,52.03,52.21,24403353.0
2015-09-18,51.27,51.48,50.7,51.04,38973497.0
2015-09-21,51.52,51.74,51.18,51.55,16288830.0
2015-09-22,50.87,51.15,50.33,50.69,21192645.0
2015-09-23,50.88,50.94,50.5,50.78,12420086.0
2015-09-24,50.09,50.68,49.8,50.55,16566605.0
2015-09-25,51.36,51.87,51.07,51.48,18283140.0
2015-09-28,51.07,51.3,50.2,50.37,16841440.0
2015-09-29,50.47,50.96,50.0,50.89,20677118.0
2015-09-30,51.63,51.72,50.7,51.35,20427101.0
2015-10-01,51.51,51.86,50.91,51.44,15494317.0
2015-10-02,50.28,51.29,49.51,51.26,21526696.0
2015-10-05,51.71,52.57,51.5,52.41,15050605.0
2015-10-06,52.18,52.54,51.92,52.03,14286850.0
2015-10-07,52.49,52.72,51.91,52.19,13863490.0
2015-10-08,52.23,52.59,51.77,52.54,15330600.0
2015-10-09,53.02,53.07,51.98,52.14,16847638.0
2015-10-12,52.12,52.43,51.75,52.18,10570665.0
2015-10-13,52.02,52.31,51.71,51.86,15778302.0
2015-10-14,51.7,51.9,50.74,51.5,26184345.0
2015-10-15,51.98,52.7,51.75,52.69,18141308.0
2015-10-16,53.15,53.19,52.5,52.88,15543897.0
2015-10-19,52.76,53.01,52.45,52.56,15329998.0
2015-10-20,52.62,53.28,52.58,53.08,13504278.0
2015-10-21,53.04,53.86,53.03,53.12,17666680.0
2015-10-22,53.4,54.45,53.4,54.06,18212224.0
2015-10-23,54.34,54.8,54.11,54.75,16893740.0
2015-10-26,54.76,54.81,54.16,54.29,12519477.0
2015-10-27,53.98,54.32,53.82,54.12,12206843.0
2015-10-28,54.24,55.5,54.17,55.45,16623179.0
2015-10-29,55.39,55.56,54.91,55.09,11314189.0
2015-10-30,55.07,55.07,54.03,54.14,18259373.0
2015-11-02,54.21,55.02,54.13,54.85,10957141.0
2015-11-03,54.68,55.15,54.45,54.93,10547971.0
2015-11-04,54.56,54.75,54.37,54.58,12808979.0
2015-11-05,54.35,55.08,54.35,54.86,12111752.0
2015-11-06,56.04,56.34,55.56,55.85,22358782.0
2015-11-09,56.08,56.22,55.14,55.47,17608873.0
2015-11-10,55.3,55.96,55.23,55.91,13127686.0
2015-11-11,56.13,56.17,55.51,55.8,10808355.0
2015-11-12,55.52,55.75,55.17,55.17,17358348.0
2015-11-13,55.02,55.36,54.33,54.57,16279016.0
2015-11-16,54.48,55.27,54.4,55.27,11943942.0
2015-11-17,55.33,55.48,54.84,54.96,11314859.0
2015-11-18,55.06,55.77,54.96,55.67,16419707.0
2015-11-19,55.77,56.07,55.46,55.97,12151961.0
2015-11-20,56.26,56.26,55.72,55.82,16259282.0
2015-11-23,55.9,56.04,55.56,55.6,9636883.0
2015-11-24,55.14,55.48,54.88,55.28,14156491.0
2015-11-25,55.46,55.52,55.1,55.22,10026401.0
2015-11-27,55.34,55.47,54.98,55.39,4914008.0
2015-11-30,55.46,55.69,55.1,55.1,15218529.0
2015-12-01,55.51,55.77,55.27,55.71,15520744.0
2015-12-02,55.8,55.8,55.0,55.08,12760806.0
2015-12-03,55.13,55.22,54.03,54.2,15393489.0
2015-12-04,54.48,55.88,54.3,55.67,19476679.0
2015-12-07,55.45,55.56,55.02,55.42,17883762.0
2015-12-08,54.98,55.2,54.28,54.4,19811990.0
2015-12-09,54.12,54.94,53.71,54.12,18151961.0
2015-12-10,54.25,54.98,53.88,54.34,14023015.0
2015-12-11,53.45,53.94,52.99,53.31,17653555.0
2015-12-14,53.32,53.57,52.75,53.2,22014135.0
2015-12-15,53.83,55.12,53.81,54.91,18925324.0
2015-12-16,55.21,56.04,54.81,55.85,20577536.0
2015-12-17,56.11,56.24,55.47,55.47,18612952.0
2015-12-18,55.0,55.15,53.79,53.79,31399988.0
2015-12-21,54.3,54.54,53.55,54.02,12951040.0
2015-12-22,54.36,54.5,53.7,54.34,10289103.0
2015-12-23,54.6,55.06,54.46,55.04,13020455.0
2015-12-24,54.97,55.09,54.71,54.82,4999417.0
2015-12-28,54.55,54.78,54.17,54.68,8280957.0
2015-12-29,55.11,55.35,54.99,55.29,7889326.0
2015-12-30,55.27,55.31,54.79,54.89,8005241.0
2015-12-31,54.51,54.95,54.22,54.36,10733934.0
2016-01-04,53.09,53.27,52.3,52.91,25931612.0
2016-01-05,52.93,53.26,52.54,52.89,14570725.0
2016-01-06,52.12,52.62,51.83,51.88,19930389.0
2016-01-07,51.01,51.19,50.15,50.4,29652857.0
2016-01-08,50.8,50.85,49.46,49.56,22709743.0
2016-01-11,50.18,50.32,49.64,50.09,19001933.0
2016-01-12,50.88,51.52,50.45,51.36,28809703.0
2016-01-13,51.73,51.8,49.5,49.73,21911654.0
2016-01-14,50.08,51.0,49.6,50.64,24290558.0
2016-01-15,48.59,49.64,48.13,48.82,40527589.0
2016-01-19,49.25,49.54,47.99,48.21,29504886.0
2016-01-20,47.28,48.24,46.88,47.87,40064760.0
2016-01-21,48.03,49.04,47.91,48.01,24270732.0
2016-01-22,49.03,49.27,48.56,49.02,18288557.0
2016-01-25,48.91,48.98,47.62,47.66,23419586.0
2016-01-26,47.75,48.56,47.66,48.26,18859219.0
2016-01-27,48.3,49.3,48.13,48.57,20438599.0
2016-01-28,49.1,49.39,48.6,48.92,21296642.0
2016-01-29,49.29,50.25,49.16,50.23,25343101.0
2016-02-01,50.12,50.18,49.55,49.94,17280998.0
2016-02-02,49.26,49.32,48.78,48.83,25591059.0
2016-02-03,48.45,48.51,46.51,47.6,47130535.0
2016-02-04,47.4,48.61,47.37,48.25,30826391.0
2016-02-05,48.35,48.66,47.6,47.86,23721109.0
2016-02-08,47.11,47.34,46.06,46.5,31168046.0
2016-02-09,45.61,46.76,45.35,46.45,29878364.0
2016-02-10,46.88,47.22,46.11,46.17,19876114.0
2016-02-11,44.93,45.53,44.5,45.16,32554423.0
2016-02-12,45.96,47.38,45.93,47.31,28531236.0
2016-02-16,48.05,48.41,47.57,48.24,20321606.0
2016-02-17,48.65,48.96,47.99,48.13,18059700.0
2016-02-18,48.09,48.14,47.48,47.73,17162729.0
2016-02-19,47.4,48.16,47.34,48.09,18218954.0
2016-02-22,48.83,49.34,48.83,49.19,17571593.0
2016-02-23,48.87,48.92,47.98,48.1,15193069.0
2016-02-24,47.34,47.68,46.56,47.61,18584510.0
2016-02-25,47.71,48.15,47.71,47.75,16643594.0
2016-02-26,48.13,48.53,47.83,48.07,20270304.0
2016-02-29,48.03,48.03,46.91,46.92,24006260.0
2016-03-01,47.14,48.72,47.14,48.72,24735267.0
2016-03-02,48.84,49.57,48.61,49.57,18656420.0
2016-03-03,49.63,49.79,49.07,49.77,14252174.0
2016-03-04,50.01,50.49,49.68,50.11,18643331.0
2016-03-07,49.77,50.15,49.44,50.07,14373942.0
2016-03-08,49.61,49.66,48.92,49.05,18088589.0
2016-03-09,49.38,49.5,48.51,48.79,17911012.0
2016-03-10,48.94,49.13,47.96,48.51,18529674.0
2016-03-11,49.12,50.13,48.88,50.07,18295697.0
2016-03-14,49.97,50.07,49.44,49.88,12782913.0
2016-03-15,49.3,49.99,49.2,49.98,12891687.0
2016-03-16,49.75,50.29,49.28,49.54,16626969.0
2016-03-17,49.43,49.93,48.84,49.73,15995921.0
2016-03-18,50.44,50.7,49.93,50.54,35658512.0
2016-03-21,50.5,50.75,50.17,50.67,13524258.0
2016-03-22,50.21,50.58,50.0,50.37,13896952.0
2016-03-23,50.18,50.33,49.7,49.76,13631928.0
2016-03-24,49.02,49.08,48.52,48.9,20855944.0
2016-03-28,49.04,49.04,48.55,48.7,18476028.0
2016-03-29,48.62,48.65,47.84,48.05,24445013.0
2016-03-30,48.4,49.16,48.14,48.65,16792409.0
2016-03-31,48.6,48.83,48.27,48.36,16397511.0
2016-04-01,48.23,48.58,47.77,48.45,14319691.0
2016-04-04,48.42,48.66,48.2,48.5,12092369.0
2016-04-05,48.08,48.09,47.46,47.51,18276721.0
2016-04-06,47.39,48.13,47.22,48.08,17201647.0
2016-04-07,47.71,47.78,46.62,46.93,17590636.0
2016-04-08,47.35,47.65,46.97,47.07,12233898.0
2016-04-11,47.11,47.71,47.0,47.03,15104726.0
2016-04-12,47.14,47.83,46.95,47.77,18752861.0
2016-04-13,48.29,49.24,48.27,49.03,26304858.0
2016-04-14,48.3,49.3,48.17,48.79,30054848.0
2016-04-15,48.62,48.94,48.06,48.25,24864456.0
2016-04-18,47.97,48.88,47.91,48.84,18003237.0
2016-04-19,49.01,49.92,48.98,49.88,18671644.0
2016-04-20,49.98,50.52,49.76,50.45,22644515.0
2016-04-21,50.55,50.78,49.93,50.05,20245229.0
2016-04-22,50.05,50.73,50.05,50.62,16364838.0
2016-04-25,50.31,50.6,50.12,50.51,11670789.0
2016-04-26,50.51,50.99,50.45,50.92,13332267.0
2016-04-27,50.87,51.41,50.72,50.93,15342349.0
2016-04-28,50.51,50.93,50.2,50.41,15505347.0
2016-04-29,50.46,50.46,49.68,49.98,17877156.0
2016-05-02,50.28,50.7,50.15,50.59,14779309.0
2016-05-03,49.86,50.13,49.54,50.0,16246346.0
2016-05-04,49.06,49.27,48.68,48.94,22400075.0
2016-05-05,48.97,49.19,48.77,48.96,15944181.0
2016-05-06,48.71,49.12,48.65,49.02,14188761.0
2016-05-09,49.02,49.22,48.81,48.88,13852401.0
2016-05-10,49.0,49.51,49.0,49.4,14213086.0
2016-05-11,49.36,49.72,49.08,49.08,17329241.0
2016-05-12,49.34,49.58,49.04,49.2,13589577.0
2016-05-13,49.1,49.43,48.21,48.24,25240807.0
2016-05-16,48.12,48.63,47.93,48.27,19642882.0
2016-05-17,48.14,48.17,47.55,47.62,21484977.0
2016-05-18,47.68,48.72,47.62,48.65,30015057.0
2016-05-19,48.44,48.96,48.16,48.38,13590827.0
2016-05-20,48.62,49.21,48.56,48.75,13222562.0
2016-05-23,48.76,48.88,48.35,48.7,10643872.0
2016-05-24,49.05,49.37,48.69,49.2,16589931.0
2016-05-25,49.58,50.83,49.51,50.5,22478581.0
2016-05-26,50.52,50.66,50.4,50.55,14972257.0
2016-05-27,50.6,50.86,50.49,50.85,13430066.0
2016-05-31,51.02,51.19,50.49,50.72,19711852.0
2016-06-01,50.26,51.04,50.17,51.0,16763141.0
2016-06-02,50.96,51.11,50.71,51.11,14198808.0
2016-06-03,50.17,50.31,49.61,50.19,25437023.0
2016-06-06,50.24,50.87,50.19,50.49,14528022.0
2016-06-07,50.73,50.73,50.27,50.27,15298769.0
2016-06-08,50.25,50.44,49.74,50.0,18154500.0
2016-06-09,49.65,49.68,48.85,49.14,19447039.0
2016-06-10,48.49,48.71,48.17,48.34,16802474.0
2016-06-13,48.13,48.51,47.96,47.97,16149470.0
2016-06-14,47.86,48.12,46.51,46.88,25301972.0
2016-06-15,47.27,47.56,46.74,46.78,20121722.0
2016-06-16,46.47,46.86,45.96,46.85,15580027.0
2016-06-17,46.85,47.0,46.52,46.6,25635217.0
2016-06-20,47.49,47.9,46.92,46.93,19485853.0
2016-06-21,47.29,47.34,46.77,47.23,11714136.0
2016-06-22,47.15,47.58,46.93,46.97,17061366.0
2016-06-23,47.64,47.91,47.39,47.91,16240531.0
2016-06-24,45.76,46.97,45.28,45.71,46687585.0
2016-06-27,45.2,45.21,44.88,44.89,3713723.0
2016-06-28,45.89,46.11,45.34,46.1,27509771.0
2016-06-29,46.63,46.98,46.14,46.97,20838022.0
2016-06-30,47.24,47.36,46.53,47.33,22537146.0
2016-07-01,47.08,47.28,46.86,47.03,19005126.0
2016-07-05,46.7,46.76,45.81,46.21,22194802.0
2016-07-06,45.89,46.66,45.7,46.65,19023797.0
2016-07-07,46.58,47.21,46.44,46.8,17944979.0
2016-07-08,47.45,47.92,47.45,47.79,19774825.0
2016-07-11,48.1,48.45,47.94,48.08,15989327.0
2016-07-12,48.42,48.63,48.21,48.35,15047742.0
2016-07-13,48.31,48.47,47.98,48.27,14385325.0
2016-07-14,49.05,49.15,48.67,48.94,17532225.0
2016-07-15,48.85,48.88,47.41,47.71,35078177.0
2016-07-18,47.81,48.33,47.78,48.28,24116851.0
2016-07-19,48.08,48.55,48.04,48.37,15981699.0
2016-07-20,48.59,48.69,48.4,48.61,16560641.0
2016-07-21,48.65,48.81,48.29,48.3,15922308.0
2016-07-22,48.32,48.36,48.1,48.32,13578345.0
2016-07-25,48.24,48.26,47.85,48.12,12122176.0
2016-07-26,48.03,48.17,47.8,47.97,16129002.0
2016-07-27,47.95,48.22,47.78,48.0,17885757.0
2016-07-28,47.94,48.21,47.68,48.13,12562560.0
2016-07-29,47.95,48.17,47.95,47.97,13111343.0
2016-08-01,47.98,48.05,47.63,47.81,16025605.0
2016-08-02,47.66,47.83,47.39,47.7,17032934.0
2016-08-03,47.33,47.63,47.33,47.57,14912561.0
2016-08-04,47.6,48.0,47.57,47.84,14661935.0
2016-08-05,48.39,48.7,48.13,48.68,18941283.0
2016-08-08,48.78,49.05,48.74,48.91,14857402.0
2016-08-09,49.02,49.15,48.81,48.93,10408750.0
2016-08-10,48.82,48.93,48.07,48.18,16748894.0
2016-08-11,48.23,48.5,47.92,48.24,14603144.0
2016-08-12,48.05,48.08,47.83,47.9,13226793.0
2016-08-15,48.05,48.34,48.03,48.27,11749924.0
2016-08-16,48.16,48.6,48.06,48.44,13957611.0
2016-08-17,48.37,48.66,48.31,48.61,13062657.0
2016-08-18,48.5,48.66,48.33,48.53,12180479.0
2016-08-19,48.44,48.73,48.2,48.65,12542375.0
2016-08-22,48.64,48.74,48.5,48.63,9209805.0
2016-08-23,48.64,48.75,48.39,48.41,15429597.0
2016-08-24,48.5,48.77,48.35,48.63,16271334.0
2016-08-25,48.62,48.69,48.3,48.38,13639357.0
2016-08-26,48.58,48.84,48.28,48.51,15518382.0
2016-08-29,48.75,49.74,48.69,49.56,21183908.0
2016-08-30,49.73,50.64,49.68,50.62,24674914.0
2016-08-31,50.7,50.92,50.24,50.8,24516226.0
2016-09-01,50.92,51.0,50.11,50.43,17015901.0
2016-09-02,50.45,50.66,50.18,50.55,12683075.0
2016-09-06,50.56,50.57,49.63,49.99,21827560.0
2016-09-07,49.79,50.03,49.65,49.77,12437118.0
2016-09-08,49.81,49.99,49.56,49.9,14127735.0
2016-09-09,49.49,49.86,48.72,48.72,32036854.0
2016-09-12,48.37,48.64,47.98,48.54,35558196.0
2016-09-13,47.8,47.86,46.52,46.96,58924134.0
2016-09-14,47.08,47.58,46.5,46.52,44782812.0
2016-09-15,46.12,46.35,45.19,46.15,61167365.0
2016-09-16,45.7,45.87,45.25,45.43,51780424.0
2016-09-19,45.62,46.29,45.48,46.01,33543671.0
2016-09-20,47.15,47.2,46.12,46.56,51484653.0
2016-09-21,46.51,46.54,45.33,45.83,64494636.0
2016-09-22,45.83,46.12,45.37,45.72,36951049.0
2016-09-23,45.5,45.91,45.43,45.74,28697651.0
2016-09-26,45.37,45.5,44.65,44.88,30930005.0
2016-09-27,44.79,45.1,44.66,45.09,24336931.0
2016-09-28,45.36,45.48,44.95,45.31,28199377.0
2016-09-29,45.19,45.26,44.21,44.37,45219121.0
2016-09-30,44.33,44.73,44.1,44.28,54086627.0
2016-10-03,44.12,44.16,43.56,43.83,38177507.0
2016-10-04,43.62,44.09,43.55,43.75,44001813.0
2016-10-05,43.83,45.08,43.83,44.99,40429129.0
2016-10-06,45.18,45.39,44.83,45.18,29875383.0
2016-10-07,45.2,45.45,44.93,45.33,24892593.0
2016-10-10,45.7,45.92,45.44,45.65,21784723.0
2016-10-11,45.8,45.81,45.15,45.45,25439902.0
2016-10-12,45.51,45.83,45.31,45.32,21539503.0
2016-10-13,45.24,45.24,44.28,44.75,44124597.0
2016-10-14,45.17,45.52,44.31,44.71,45403182.0
2016-10-17,44.54,44.76,44.32,44.5,18850526.0
2016-10-18,44.75,45.0,44.41,44.95,23870378.0
2016-10-19,44.86,45.53,44.86,45.26,26960934.0
2016-10-20,44.97,45.29,44.66,44.93,27192283.0
2016-10-21,44.74,45.29,44.66,45.09,21471368.0
2016-10-24,45.45,45.68,45.29,45.52,19295123.0
2016-10-25,45.47,45.8,45.41,45.72,20401017.0
2016-10-26,45.46,46.17,45.44,46.15,25180852.0
2016-10-27,46.42,46.81,46.26,46.41,25658395.0
2016-10-28,46.57,46.64,45.88,46.23,20676574.0
2016-10-31,46.4,46.56,46.0,46.01,20114834.0
2016-11-01,46.12,46.28,45.6,45.99,20019326.0
2016-11-02,45.38,45.51,45.07,45.24,19551728.0
2016-11-03,45.33,45.79,45.25,45.34,14944971.0
2016-11-04,45.36,45.42,44.49,44.6,27385108.0
2016-11-07,45.22,45.69,45.21,45.4,25757345.0
2016-11-08,45.18,45.82,44.87,45.51,19446368.0
2016-11-09,46.33,48.61,46.0,47.99,67578756.0
2016-11-10,48.93,51.93,48.79,51.63,100942998.0
2016-11-11,51.09,51.99,50.73,51.73,46592420.0
2016-11-14,51.91,54.06,51.91,53.22,59056180.0
2016-11-15,52.38,52.59,51.54,52.59,39421287.0
2016-11-16,51.79,52.17,51.36,51.68,26967885.0
2016-11-17,51.39,52.9,50.96,52.49,29195779.0
2016-11-18,52.45,52.98,51.99,52.82,29672612.0
2016-11-21,52.85,52.98,52.02,52.12,23584366.0
2016-11-22,52.43,52.58,51.81,52.22,22806231.0
2016-11-23,52.44,52.63,51.95,52.16,20014421.0
2016-11-25,52.4,52.62,52.04,52.62,9635745.0
2016-11-28,52.12,52.48,51.39,51.58,26469579.0
2016-11-29,51.56,52.13,51.56,51.86,16253901.0
2016-11-30,52.48,53.16,52.3,52.92,26552117.0
2016-12-01,53.13,54.47,53.06,54.34,35620201.0
2016-12-02,54.24,54.27,53.31,53.58,21626137.0
2016-12-05,53.9,54.53,53.87,54.35,24787550.0
2016-12-06,54.45,55.57,54.22,55.55,30702920.0
2016-12-07,55.55,57.29,55.23,57.28,46606123.0
2016-12-08,57.29,58.02,56.71,57.29,39816676.0
2016-12-09,56.91,57.24,56.49,57.14,20322750.0
2016-12-12,56.5,57.1,55.55,55.78,27765881.0
2016-12-13,55.85,56.21,55.29,55.84,24016497.0
2016-12-14,54.74,55.62,54.03,54.7,54560756.0
2016-12-15,55.17,56.25,54.9,55.19,31328190.0
2016-12-16,55.49,55.65,54.92,55.34,33168384.0
2016-12-19,55.18,55.47,54.65,55.22,16801271.0
2016-12-20,55.47,56.32,55.15,56.1,19244107.0
2016-12-21,56.09,56.09,55.63,55.71,14036002.0
2016-12-22,55.76,56.02,55.5,55.75,14500975.0
2016-12-23,55.78,55.98,55.62,55.96,8312556.0
2016-12-27,55.9,56.1,55.84,55.95,8859943.0
2016-12-28,55.98,56.08,55.27,55.32,10430281.0
2016-12-29,55.19,55.46,54.48,54.84,15897164.0
2016-12-30,54.89,55.36,54.79,55.11,15094766.0
2017-01-03,55.67,56.35,55.46,56.0,22062436.0
2017-01-04,56.16,56.3,55.61,56.05,15032073.0
2017-01-05,55.49,55.82,54.47,55.18,18831028.0
2017-01-06,55.26,55.56,54.7,55.04,18712915.0
2017-01-09,54.68,54.81,54.18,54.24,21772939.0
2017-01-10,54.35,55.18,54.26,54.62,17978117.0
2017-01-11,54.6,54.8,53.72,54.8,20758249.0
2017-01-12,54.65,54.78,53.9,54.5,20548628.0
2017-01-13,55.11,56.2,54.65,55.31,37214911.0
2017-01-17,54.8,54.96,53.58,53.78,26962437.0
2017-01-18,53.78,54.29,53.34,54.27,21152073.0
2017-01-19,54.24,54.76,53.86,54.58,20880234.0
2017-01-20,54.75,55.11,54.62,55.07,24125614.0
2017-01-23,54.71,55.0,54.15,54.25,17190078.0
2017-01-24,54.36,55.07,54.13,54.7,18499284.0
2017-01-25,55.38,56.83,55.28,56.62,32231257.0
2017-01-26,56.61,57.32,56.59,57.18,23718526.0
2017-01-27,57.03,57.11,56.41,56.59,17170151.0
2017-01-30,56.12,56.32,55.75,56.08,15951649.0
2017-01-31,55.98,56.38,55.8,56.33,22406930.0
2017-02-01,56.54,57.07,55.77,55.91,21139630.0
2017-02-02,55.56,55.96,55.4,55.75,13040336.0
2017-02-03,56.88,57.28,56.43,57.27,19851328.0
2017-02-06,57.08,57.41,56.49,56.55,13910639.0
2017-02-07,56.86,57.19,56.27,56.34,14929386.0
2017-02-08,56.21,56.21,55.16,55.63,18578605.0
2017-02-09,55.98,56.77,55.67,56.73,15905881.0
2017-02-10,57.02,57.04,56.66,56.86,12267003.0
2017-02-13,57.07,57.51,56.89,57.08,15324729.0
2017-02-14,57.13,58.0,56.99,57.98,16372631.0
2017-02-15,58.1,59.0,57.89,58.55,25335785.0
2017-02-16,58.36,58.36,57.51,58.12,14694201.0
2017-02-17,57.58,58.1,57.45,58.09,15782575.0
2017-02-21,58.25,58.63,57.9,58.25,16902762.0
2017-02-22,58.0,58.59,58.0,58.36,12337043.0
2017-02-23,58.43,58.59,58.06,58.49,13837534.0
2017-02-24,57.7,57.91,57.32,57.81,16378701.0
2017-02-27,57.81,58.25,57.71,58.06,10101023.0
2017-02-28,57.99,58.32,57.73,57.88,15545626.0
2017-03-01,59.11,59.99,59.09,59.73,25894855.0
2017-03-02,59.78,59.79,58.56,58.71,17531016.0
2017-03-03,58.85,59.24,58.67,58.89,14752586.0
2017-03-06,58.54,58.88,58.18,58.61,13222358.0
2017-03-07,58.43,58.52,58.01,58.3,13097354.0
2017-03-08,58.95,59.13,58.16,58.21,14710643.0
2017-03-09,58.45,58.87,58.2,58.7,15720223.0
2017-03-10,58.98,59.18,58.52,58.85,15108088.0
2017-03-13,58.83,59.03,58.51,58.7,13104553.0
2017-03-14,58.49,58.8,58.24,58.76,10883805.0
2017-03-15,58.9,59.31,58.36,58.71,17768072.0
2017-03-16,58.86,59.41,58.76,59.32,18451354.0
2017-03-17,59.37,59.41,58.52,58.67,20970896.0
2017-03-20,58.47,58.47,57.62,57.63,17661799.0
2017-03-21,57.93,57.96,55.63,55.85,31713201.0
2017-03-22,55.53,55.57,54.85,55.33,27722339.0
2017-03-23,55.23,55.99,54.98,55.25,18977601.0
2017-03-24,55.5,56.05,55.22,55.83,21125462.0
2017-03-27,54.63,55.58,54.24,55.39,16837315.0
2017-03-28,55.35,56.25,55.24,55.96,14870950.0
2017-03-29,55.94,56.09,55.55,55.67,10328466.0
2017-03-30,55.68,56.43,55.61,56.24,12094524.0
2017-03-31,56.02,56.17,55.62,55.66,11857146.0
2017-04-03,55.7,55.82,54.79,55.49,14530942.0
2017-04-04,55.3,55.33,54.98,55.2,11925142.0
2017-04-05,55.79,56.2,54.93,54.98,17385628.0
2017-04-06,54.95,55.65,54.7,55.37,10370607.0
2017-04-07,54.94,55.31,54.61,54.84,15848580.0
2017-04-10,54.99,55.25,54.32,54.54,14607163.0
2017-04-11,54.23,54.26,53.26,54.16,28086447.0
2017-04-12,53.95,54.02,53.05,53.12,25580708.0
2017-04-13,51.8,52.75,51.35,51.35,47966173.0
2017-04-17,51.64,52.76,51.25,52.72,31925359.0
2017-04-18,52.36,52.66,52.09,52.45,22255494.0
2017-04-19,52.88,53.14,52.05,52.15,17414103.0
2017-04-20,52.72,53.59,52.43,53.5,31533101.0
2017-04-21,53.39,53.84,52.95,53.0,26168482.0
2017-04-24,54.15,54.34,53.59,53.65,23803710.0
2017-04-25,54.33,55.08,54.29,54.56,27055914.0
2017-04-26,54.6,55.07,54.36,54.54,15866698.0
2017-04-27,54.54,54.65,53.91,54.44,13961286.0
2017-04-28,54.33,54.58,53.73,53.84,16499429.0
2017-05-01,54.1,54.75,53.97,54.46,13877292.0
2017-05-02,54.46,54.61,54.06,54.54,15289926.0
2017-05-03,54.01,54.89,53.95,54.85,15721435.0
2017-05-04,55.27,55.6,54.87,55.18,17047412.0
2017-05-05,55.25,55.38,54.88,55.11,13062906.0
2017-05-08,55.12,55.29,54.75,55.04,14242805.0
2017-05-09,55.14,55.37,54.45,54.68,14373861.0
2017-05-10,54.43,54.91,54.36,54.72,15880552.0
2017-05-11,54.28,54.42,53.06,53.74,32176455.0
2017-05-12,53.3,53.32,52.54,53.02,29600779.0
2017-05-15,53.06,53.41,53.02,53.32,15172231.0
2017-05-16,53.4,53.44,52.95,53.26,12648851.0
2017-05-17,52.04,52.65,51.65,52.24,33170788.0
2017-05-18,52.31,52.96,51.95,52.38,19777710.0
2017-05-19,52.57,53.34,52.39,53.06,16857246.0
2017-05-22,53.27,53.32,52.5,53.01,13931627.0
2017-05-23,53.01,53.56,52.85,53.39,11751619.0
2017-05-24,53.49,53.61,52.8,53.09,11356245.0
2017-05-25,53.25,53.25,52.57,52.78,16643043.0
2017-05-26,52.63,52.81,52.37,52.41,14247640.0
2017-05-30,52.16,52.5,51.9,52.16,19378125.0
2017-05-31,52.23,52.25,50.83,51.14,30526971.0
2017-06-01,51.53,52.21,51.06,52.08,20979930.0
2017-06-02,51.67,52.24,51.53,51.81,19465960.0
2017-06-05,51.71,52.18,51.66,51.72,13648976.0
2017-06-06,51.32,52.03,51.24,51.81,14869523.0
2017-06-07,51.84,52.31,51.7,52.09,17006848.0
2017-06-08,52.0,53.03,51.88,52.56,22553296.0
2017-06-09,52.86,53.95,52.8,53.8,25724031.0
2017-06-12,53.98,54.58,53.94,54.09,22770476.0
2017-06-13,54.35,54.69,54.28,54.45,17906480.0
2017-06-14,54.09,54.64,53.57,54.53,16572901.0
2017-06-15,54.04,54.45,53.81,53.9,17227194.0
2017-06-16,53.93,54.24,53.65,53.89,23473992.0
2017-06-19,54.31,54.64,54.12,54.24,15365875.0
2017-06-20,54.06,54.09,53.42,53.46,13622247.0
2017-06-21,53.47,53.48,52.8,52.98,12653652.0
2017-06-22,52.8,52.89,52.22,52.49,15361965.0
2017-06-23,52.7,52.82,52.32,52.45,21854276.0
2017-06-26,52.73,53.43,52.59,52.9,12532538.0
2017-06-27,53.02,53.65,52.9,53.16,13496313.0
2017-06-28,53.61,54.42,53.52,54.33,20914056.0
2017-06-29,55.65,56.6,55.21,55.78,32536971.0
2017-06-30,56.03,56.05,55.16,55.41,16719441.0
2017-07-03,55.81,56.45,55.71,55.78,11825311.0
2017-07-05,55.97,56.02,55.34,55.78,14081357.0
2017-07-06,55.98,56.32,55.5,55.56,14481056.0
2017-07-07,55.78,55.83,55.25,55.74,11502975.0
2017-07-10,55.53,55.81,55.34,55.59,10978963.0
2017-07-11,55.67,55.71,54.82,55.08,5944096.0
2017-07-12,54.95,55.24,54.6,55.17,4608291.0
2017-07-13,55.27,55.67,55.06,55.66,6254872.0
2017-07-14,54.31,55.2,54.12,54.99,8273507.0
2017-07-17,54.89,54.98,54.44,54.7,6694048.0
2017-07-18,54.31,54.92,54.23,54.79,5162811.0
2017-07-19,54.8,55.21,54.69,54.94,12359190.0
2017-07-20,54.98,55.31,54.68,54.9,5642198.0
2017-07-21,54.48,54.62,54.1,54.18,6202063.0
2017-07-24,54.07,54.41,54.04,54.31,6850276.0
2017-07-25,54.99,55.4,54.92,55.07,8734587.0
2017-07-26,55.27,55.33,54.81,54.9,9406514.0
2017-07-27,54.86,54.96,54.39,54.71,17352646.0
2017-07-28,54.41,54.57,53.18,53.3,14332234.0
2017-07-31,53.42,54.22,53.4,53.94,20377565.0
2017-08-01,54.21,54.39,53.85,54.06,7166328.0
2017-08-02,53.54,53.96,53.46,53.59,7935155.0
2017-08-03,53.51,53.66,53.34,53.42,8434704.0
2017-08-04,53.68,53.7,51.93,52.83,18664522.0
2017-08-07,52.73,52.95,52.43,52.52,9026427.0
2017-08-08,52.32,53.3,52.22,52.71,10954746.0
2017-08-09,52.28,52.81,52.14,52.79,14631256.0
2017-08-10,52.39,52.72,51.92,51.95,18372683.0
2017-08-11,51.83,52.21,51.74,51.94,14714208.0
2017-08-14,52.37,53.09,52.34,52.84,16313105.0
2017-08-15,53.2,53.36,52.83,52.85,11026881.0
2017-08-16,53.01,53.21,52.46,52.69,11224409.0
2017-08-17,52.47,52.63,51.79,51.8,16814191.0
2017-08-18,51.63,52.14,51.38,51.68,17130641.0
2017-08-21,51.74,51.91,51.4,51.82,13503090.0
2017-08-22,51.95,52.27,51.92,52.22,12982542.0
2017-08-23,51.83,52.48,51.8,52.03,10019374.0
2017-08-24,52.19,52.53,52.04,52.16,12345029.0
2017-08-25,52.27,52.57,51.76,51.77,15307187.0
2017-08-28,51.95,52.02,51.42,51.63,12425096.0
2017-08-29,51.21,51.5,51.13,51.42,10710162.0
2017-08-30,51.46,51.74,51.2,51.36,11425233.0
2017-08-31,51.0,51.24,50.87,51.07,25231036.0
2017-09-01,51.06,51.49,50.93,50.97,16217433.0
2017-09-05,50.63,50.67,49.76,50.1,31250978.0
2017-09-06,50.25,50.27,49.56,49.88,26853679.0
2017-09-07,49.94,49.94,49.27,49.68,23367261.0
2017-09-08,49.61,49.98,49.43,49.58,18975565.0
2017-09-11,50.0,50.8,49.94,50.66,17987052.0
2017-09-12,50.85,51.73,50.84,51.57,17129436.0
2017-09-13,51.39,51.51,51.18,51.46,12617331.0
2017-09-14,51.54,51.72,51.08,51.29,13739413.0
2017-09-15,51.28,51.68,51.25,51.66,28494046.0
2017-09-18,51.67,52.84,51.61,52.71,20942882.0
2017-09-19,52.72,53.59,52.53,53.36,17046879.0
2017-09-20,53.39,54.11,53.28,53.75,21558009.0
2017-09-21,53.55,54.24,53.52,54.06,16210868.0
2017-09-22,53.92,54.36,53.75,54.25,18047717.0
2017-09-25,54.07,54.33,53.55,54.03,11595884.0
2017-09-26,54.1,54.28,53.76,53.8,12052460.0
2017-09-27,54.47,54.53,54.06,54.21,15838645.0
2017-09-28,54.29,54.33,53.74,54.25,14531555.0
2017-09-29,54.25,55.23,54.09,55.15,20872235.0
2017-10-02,55.16,55.47,54.86,55.47,11764296.0
2017-10-03,55.33,55.62,54.85,55.58,17404689.0
2017-10-04,55.31,55.35,54.9,54.96,14697103.0
2017-10-05,55.0,55.77,54.78,55.39,14560658.0
2017-10-06,55.48,55.68,55.22,55.58,11151220.0
2017-10-09,55.62,55.7,54.92,55.14,11377035.0
2017-10-10,55.37,55.72,55.15,55.61,12800536.0
2017-10-11,55.44,55.71,55.26,55.66,12843107.0
2017-10-12,55.69,55.71,55.06,55.21,15067498.0
2017-10-13,53.49,53.71,52.84,53.69,35310028.0
2017-10-16,53.65,53.97,53.42,53.8,22802389.0
2017-10-17,53.98,54.0,53.12,53.19,18614716.0
2017-10-18,53.41,54.07,53.32,53.41,21604023.0
2017-10-19,53.11,53.93,53.0,53.75,12669710.0
2017-10-20,54.21,55.07,54.04,54.92,28407666.0
2017-10-23,54.75,55.04,54.7,54.91,18102146.0
2017-10-24,55.0,55.56,55.0,55.42,18779387.0
2017-10-25,55.49,55.58,54.87,55.25,17096879.0
2017-10-26,55.45,56.17,55.45,55.62,15979177.0
2017-10-27,55.23,56.04,55.13,55.87,17258583.0
2017-10-30,55.45,55.96,55.31,55.85,12249199.0
2017-10-31,55.95,56.52,55.9,56.14,14619169.0
2017-11-01,56.32,56.84,56.19,56.21,11678320.0
2017-11-02,55.8,56.52,55.35,56.48,15630001.0
2017-11-03,56.25,56.44,55.9,56.35,10049173.0
2017-11-06,56.1,56.43,56.0,56.18,10414893.0
2017-11-07,56.17,56.29,54.67,55.05,18679065.0
2017-11-08,54.8,54.99,54.05,54.26,24047114.0
2017-11-09,53.9,54.19,53.21,54.0,24438825.0
2017-11-10,54.02,54.13,53.79,53.81,13671702.0
2017-11-13,53.52,53.91,53.41,53.72,13447019.0
2017-11-14,53.52,54.1,53.32,54.04,20830063.0
2017-11-15,53.63,54.12,53.49,53.75,18238575.0
2017-11-16,53.95,54.86,53.86,54.6,26361825.0
2017-11-17,54.21,54.46,53.97,54.15,15814821.0
2017-11-20,54.12,54.21,53.85,54.05,16943059.0
2017-11-21,54.08,54.58,53.99,54.52,13757036.0
2017-11-22,54.46,54.62,54.03,54.06,11421659.0
2017-11-24,54.19,54.31,54.0,54.09,5386489.0
2017-11-27,54.02,54.46,53.86,53.95,11066809.0
2017-11-28,53.87,55.89,53.72,55.57,25685169.0
2017-11-29,55.84,57.25,55.7,56.68,29631806.0
2017-11-30,57.03,57.33,56.38,56.47,30984403.0
2017-12-01,56.57,57.18,55.44,56.2,31242412.0
2017-12-04,57.27,57.99,57.2,57.39,28720384.0
2017-12-05,57.65,59.41,57.44,58.55,39754878.0
2017-12-06,58.56,59.1,58.12,58.57,26758332.0
2017-12-07,58.45,60.0,58.29,59.36,32990684.0
2017-12-08,59.71,59.92,59.15,59.31,22017053.0
2017-12-11,59.27,59.3,58.62,58.87,15876592.0
2017-12-12,58.71,60.56,58.71,60.33,25040438.0
2017-12-13,60.31,60.5,59.38,59.4,18227043.0
2017-12-14,59.55,59.99,59.21,59.22,14730970.0
2017-12-15,59.45,60.65,59.35,59.87,36467523.0
2017-12-18,60.44,61.13,60.37,60.92,19970907.0
2017-12-19,61.2,61.27,60.28,60.36,17062716.0
2017-12-20,60.88,61.07,60.06,60.14,16544502.0
2017-12-21,60.68,62.12,60.68,61.61,22130653.0
2017-12-22,62.0,62.24,61.19,61.55,11653242.0
2017-12-26,61.5,61.72,60.8,61.13,11662751.0
2017-12-27,61.1,61.24,60.66,60.95,10010820.0
2017-12-28,61.03,61.31,60.91,61.3,10550864.0
2017-12-29,61.46,61.58,60.67,60.67,10711384.0
2018-01-02,61.04,61.36,60.7,61.09,13819293.0
2018-01-03,61.22,61.77,61.1,61.56,14203721.0
2018-01-04,61.98,63.05,61.91,62.33,18740512.0
2018-01-05,62.76,62.81,62.09,62.75,14217871.0
2018-01-08,62.66,62.73,61.94,62.04,15569369.0
2018-01-09,62.3,62.77,62.07,62.26,15766492.0
2018-01-10,62.48,63.4,62.36,63.12,18107523.0
2018-01-11,63.65,63.67,62.69,63.01,22074996.0
2018-01-12,63.2,63.4,62.05,62.55,25886119.0
2018-01-16,62.79,63.15,62.18,62.5,17907786.0
2018-01-17,62.85,64.04,62.49,63.88,23892881.0
2018-01-18,63.87,64.31,63.86,63.95,16305872.0
2018-01-19,64.15,64.26,63.83,64.22,16524008.0
2018-01-22,64.0,64.75,63.97,64.73,12245161.0
2018-01-23,64.31,64.85,64.22,64.49,12937130.0
2018-01-24,64.95,65.63,64.8,65.48,20180270.0
2018-01-25,65.7,65.85,65.4,65.65,17568706.0
2018-01-26,65.89,66.04,65.25,65.93,16251896.0
2018-01-29,65.78,66.31,65.66,65.82,16105189.0
2018-01-30,65.43,65.93,65.28,65.28,16158886.0
2018-01-31,65.27,66.1,65.16,65.78,18147919.0
2018-02-01,65.37,66.09,65.06,65.51,15717623.0
2018-02-02,65.33,65.53,63.83,64.07,18905283.0
2018-02-05,58.7,59.89,57.5,58.16,103394442.0
2018-02-06,56.91,58.5,55.87,57.28,83076895.0
2018-02-07,56.94,58.12,56.75,57.54,45550954.0
2018-02-08,57.33,57.44,55.35,55.4,43569719.0
2018-02-09,56.14,56.54,54.72,56.13,48904558.0
2018-02-12,56.36,57.12,55.88,56.5,24401292.0
2018-02-13,56.06,58.09,55.95,58.0,24234222.0
2018-02-14,57.85,59.6,57.8,59.55,23681797.0
2018-02-15,59.82,60.1,59.15,60.02,22397333.0
2018-02-16,59.67,60.43,59.67,59.95,18661930.0
2018-02-20,59.86,61.27,59.78,59.95,18517576.0
2018-02-21,59.86,60.49,59.73,59.73,19987777.0
2018-02-22,59.88,60.17,58.68,58.81,17948561.0
2018-02-23,59.07,59.24,58.35,59.17,21099194.0
2018-02-26,59.75,60.0,58.95,59.97,16478259.0
2018-02-27,60.03,60.48,59.21,59.21,17024431.0
2018-02-28,59.47,59.82,58.32,58.41,17869070.0
2018-03-01,58.25,58.94,57.06,57.31,28491014.0
2018-03-02,56.92,57.62,56.42,57.41,22428543.0
2018-03-05,56.81,57.97,56.59,57.59,20560933.0
2018-03-06,57.71,57.87,56.64,57.07,23975904.0
2018-03-07,56.4,56.74,56.01,56.6,24788705.0
2018-03-08,56.75,57.02,56.23,56.72,16828426.0
2018-03-09,57.16,58.27,57.0,58.23,19051459.0
2018-03-12,58.27,58.56,57.96,58.02,12414789.0
2018-03-13,58.39,58.42,57.42,57.56,13810597.0
2018-03-14,57.86,57.9,56.45,56.63,12212890.0
2018-03-15,56.77,57.12,56.24,56.83,13277729.0
2018-03-16,56.99,57.17,55.87,55.9,37095026.0
2018-03-19,55.88,55.99,54.97,55.48,17982245.0
2018-03-20,55.77,55.89,54.66,54.9,26874569.0
2018-03-21,55.02,55.58,54.54,54.79,18997260.0
2018-03-22,54.21,54.28,52.18,52.53,32656339.0
2018-03-23,52.72,52.94,50.94,50.98,30975803.0
2018-03-26,51.95,52.55,51.52,52.29,26717990.0
2018-03-27,52.4,52.8,50.69,51.1,23669292.0
2018-03-28,51.16,51.93,50.95,51.48,23342454.0
2018-03-29,52.06,52.75,51.72,52.41,17706766.0
2018-04-02,52.37,52.4,50.42,51.35,23358585.0
2018-04-03,51.72,52.19,51.06,52.08,16646425.0
2018-04-04,51.13,53.04,51.01,52.91,15952721.0
2018-04-05,53.34,53.96,53.05,53.26,16488760.0
2018-04-06,52.65,52.92,51.96,52.23,22943843.0
2018-04-09,52.5,53.33,52.16,52.25,17031957.0
2018-04-10,52.99,53.06,52.12,52.62,14662807.0
2018-04-11,52.32,52.47,51.72,51.93,14673150.0
2018-04-12,52.16,53.27,52.03,52.7,19967755.0
2018-04-13,52.01,52.3,50.81,50.89,32054903.0
2018-04-16,50.59,51.34,50.31,50.8,31879064.0
2018-04-17,50.95,51.16,50.49,50.57,25507078.0
2018-04-18,50.78,50.97,50.26,50.39,21055691.0
2018-04-19,50.51,51.61,50.49,51.54,23678427.0
2018-04-20,51.93,52.82,51.82,52.56,31149270.0
2018-04-23,52.55,52.84,52.18,52.61,17723926.0
2018-04-24,52.95,53.75,52.18,52.51,23052062.0
2018-04-25,52.44,53.49,51.93,53.11,20978459.0
2018-04-26,52.99,53.11,52.26,52.44,17025831.0
2018-04-27,52.28,52.94,52.21,52.36,12304308.0
2018-04-30,52.56,53.05,51.96,51.96,17050544.0
2018-05-01,51.76,52.6,51.6,52.56,13903801.0
2018-05-02,52.38,52.87,52.06,52.19,16397171.0
2018-05-03,51.62,51.79,50.81,51.54,19216107.0
2018-05-04,51.17,52.9,51.07,52.41,16660471.0
2018-05-07,52.97,52.99,52.38,52.66,16259095.0
2018-05-08,52.72,53.71,52.63,53.19,20786179.0
2018-05-09,53.45,53.98,53.35,53.76,16286719.0
2018-05-10,54.13,54.73,53.63,54.65,20698959.0
2018-05-11,54.69,54.93,54.27,54.45,14423966.0
2018-05-14,54.78,54.82,54.33,54.48,12809098.0
2018-05-15,54.43,55.28,54.38,54.75,14991071.0
2018-05-16,54.7,55.32,54.56,55.04,16450178.0
2018-05-17,54.4,54.67,54.03,54.22,21622360.0
2018-05-18,54.15,54.42,53.69,53.7,21492739.0
2018-05-21,54.08,54.63,54.07,54.54,11491448.0
2018-05-22,54.63,55.65,54.44,55.26,17398192.0
2018-05-23,55.03,56.18,54.63,56.18,23566091.0
2018-05-24,55.87,55.9,54.44,54.67,24673369.0
2018-05-25,54.6,54.99,54.53,54.9,17741852.0
2018-05-29,54.04,54.26,52.64,52.95,31603954.0
2018-05-30,53.66,54.44,53.38,54.23,16416151.0
2018-05-31,54.21,54.38,53.8,53.99,17515910.0
2018-06-01,54.56,55.02,54.28,54.69,14100194.0
2018-06-04,54.79,55.17,54.6,54.83,10593684.0
2018-06-05,54.61,54.93,54.29,54.5,11883887.0
2018-06-06,54.72,55.63,54.66,55.58,15848187.0
2018-06-07,55.77,55.99,55.25,55.63,17299554.0
2018-06-08,55.56,55.77,54.98,55.68,12965922.0
2018-06-11,55.79,56.11,55.5,55.51,13518437.0
2018-06-12,55.64,55.95,55.09,55.38,13608329.0
2018-06-13,55.39,55.93,55.14,55.16,14901056.0
2018-06-14,55.33,55.35,54.48,54.74,18189125.0
2018-06-15,54.55,55.37,54.38,54.98,35715787.0
2018-06-18,54.51,55.23,54.43,55.08,17856741.0
2018-06-19,54.68,55.23,54.6,55.08,16654795.0
2018-06-20,55.46,55.59,54.44,54.48,16545649.0
2018-06-21,54.25,54.76,53.88,54.37,21191614.0
2018-06-22,54.96,55.05,53.78,53.94,24542020.0
2018-06-25,53.78,54.14,53.1,53.96,21069575.0
2018-06-26,53.9,53.94,53.02,53.43,14409122.0
2018-06-27,53.24,53.94,53.06,53.28,19520867.0
2018-06-28,53.55,53.86,53.02,53.63,13837294.0
2018-06-29,55.62,57.12,55.41,55.44,43888493.0
2018-07-02,55.2,56.38,55.07,56.32,21204896.0
2018-07-03,56.43,56.63,55.43,55.56,12830436.0
2018-07-05,55.92,56.08,55.05,55.24,16788632.0
2018-07-06,55.3,56.13,55.03,55.89,12389247.0
2018-07-09,56.19,56.97,56.01,56.77,16683969.0
2018-07-10,57.06,57.08,56.34,56.62,15581357.0
2018-07-11,56.4,56.75,55.98,56.07,15641421.0
2018-07-12,56.46,56.48,55.6,56.03,18236134.0
2018-07-13,54.74,55.79,53.63,55.36,34345394.0
2018-07-16,55.74,57.23,55.63,56.99,25538677.0
2018-07-17,56.95,57.03,56.43,56.56,21649009.0
2018-07-18,56.26,56.82,56.14,56.57,19913894.0
2018-07-19,56.26,56.88,56.02,56.33,22219397.0
2018-07-20,56.07,56.66,55.85,56.41,17466990.0
2018-07-23,56.39,58.09,56.3,58.0,24584057.0
2018-07-24,58.0,58.69,57.85,58.35,27245014.0
2018-07-25,58.1,58.5,57.85,58.23,15506626.0
2018-07-26,58.47,58.73,58.2,58.31,14165306.0
2018-07-27,58.38,58.9,58.16,58.63,17662862.0
2018-07-30,58.83,59.27,58.3,58.49,22699873.0
2018-07-31,58.61,58.71,57.2,57.29,21633939.0
2018-08-01,57.96,58.28,57.21,57.65,19192778.0
2018-08-02,57.08,58.45,57.08,58.29,13489479.0
2018-08-03,58.06,58.93,58.03,58.83,13720359.0
2018-08-06,58.58,59.03,58.19,58.89,13360502.0
2018-08-07,58.94,59.16,58.7,58.82,13811287.0
2018-08-08,58.76,59.5,58.76,59.19,13779623.0
2018-08-09,58.65,58.9,58.4,58.44,15859809.0
2018-08-10,57.38,58.42,57.38,58.05,16170067.0
2018-08-13,57.66,58.11,57.56,57.61,19541107.0
2018-08-14,57.67,58.26,57.67,58.07,14860350.0
2018-08-15,57.68,58.25,57.65,57.99,17378407.0
2018-08-16,58.14,58.81,58.05,58.66,19992527.0
2018-08-17,58.51,59.04,58.51,58.86,13737555.0
2018-08-20,58.81,59.21,58.67,59.03,11403362.0
2018-08-21,59.0,59.53,58.94,58.96,17943462.0
2018-08-22,59.04,59.5,58.83,59.17,20829648.0
2018-08-23,59.0,59.05,58.57,58.62,19655815.0
2018-08-24,58.9,58.92,58.67,58.69,14366641.0
2018-08-27,58.87,59.48,58.76,59.1,19915340.0
2018-08-28,59.19,59.33,58.99,59.07,19330297.0
2018-08-29,59.05,59.18,58.82,58.96,14436658.0
2018-08-30,58.67,59.08,58.43,58.46,14801114.0
2018-08-31,58.27,58.54,58.07,58.48,16720205.0
2018-09-04,58.45,58.95,58.07,58.8,19003707.0
2018-09-05,58.88,59.2,58.81,58.95,22332414.0
2018-09-06,58.91,59.16,57.93,57.93,20756866.0
2018-09-07,57.92,58.07,57.35,57.4,21482401.0
2018-09-10,57.62,57.84,57.31,57.46,15623360.0
2018-09-11,57.4,57.56,57.32,57.38,22160341.0
2018-09-12,57.33,57.39,55.8,55.94,23868803.0
2018-09-13,56.01,56.25,54.99,55.0,26954770.0
2018-09-14,55.19,55.56,54.7,54.73,20997594.0
2018-09-17,54.75,54.76,53.94,54.31,21959479.0
2018-09-18,54.25,54.7,54.04,54.5,22055213.0
2018-09-19,54.49,55.45,54.28,55.22,17046211.0
2018-09-20,55.63,55.81,54.99,55.55,20308059.0
2018-09-21,55.75,55.81,54.92,54.99,36158566.0
2018-09-24,54.8,55.16,54.24,54.26,19604704.0
2018-09-25,54.3,54.69,54.2,54.23,15207508.0
2018-09-26,54.38,54.45,53.02,53.16,22025149.0
2018-09-27,53.28,53.6,52.76,52.82,19990966.0
2018-09-28,52.69,52.98,52.41,52.56,18588642.0
2018-10-01,52.74,52.8,52.16,52.25,17215502.0
2018-10-02,52.24,52.35,51.88,52.13,17509572.0
2018-10-03,52.5,52.92,52.33,52.65,18444899.0
2018-10-04,52.73,53.86,52.73,53.51,21417765.0
2018-10-05,53.7,53.86,52.98,53.19,14792969.0
2018-10-08,52.98,53.96,52.98,53.67,12858245.0
2018-10-09,53.38,53.97,52.98,53.53,15918641.0
2018-10-10,53.7,54.07,52.41,52.43,21875871.0
2018-10-11,52.38,52.84,51.01,51.44,33147930.0
2018-10-12,52.1,53.33,50.87,52.11,32067278.0
2018-10-15,52.51,53.99,52.51,53.24,34118920.0
2018-10-16,53.31,53.79,52.53,53.73,28227162.0
2018-10-17,53.56,55.01,53.19,54.46,23524241.0
2018-10-18,54.17,54.4,52.76,53.1,22533342.0
2018-10-19,53.08,53.63,52.86,52.89,19521017.0
2018-10-22,53.07,53.17,51.56,51.65,17621456.0
2018-10-23,50.84,51.95,50.47,51.56,25529823.0
2018-10-24,51.31,51.49,50.02,50.19,31161536.0
2018-10-25,50.53,52.61,50.42,51.86,29366058.0
2018-10-26,51.32,51.93,50.79,51.25,30053794.0
2018-10-29,51.88,53.15,51.59,52.23,30541316.0
2018-10-30,52.45,52.91,51.87,52.69,24911154.0
2018-10-31,53.04,54.03,53.03,53.23,23667388.0
2018-11-01,53.43,53.96,53.15,53.56,17654776.0
2018-11-02,54.21,54.63,53.11,53.61,18285668.0
2018-11-05,53.73,54.3,51.16,53.66,18989967.0
2018-11-06,53.36,53.71,52.96,53.55,20696823.0
2018-11-07,53.82,54.18,52.79,53.58,20668529.0
2018-11-08,52.9,53.6,52.86,53.16,22429345.0
2018-11-09,53.09,53.39,52.73,53.04,18972193.0
2018-11-12,53.13,53.58,52.28,52.35,19003290.0
2018-11-13,52.62,53.33,52.62,52.74,28102033.0
2018-11-14,53.14,53.29,51.49,52.15,24788368.0
2018-11-15,51.54,52.91,51.28,52.82,23220058.0
2018-11-16,52.65,53.18,52.48,52.94,18872541.0
2018-11-19,52.97,53.48,52.6,53.32,20215542.0
2018-11-20,53.05,53.24,52.36,52.54,22999613.0
2018-11-21,52.62,53.2,52.27,52.43,16946294.0
2018-11-23,51.97,52.29,51.61,51.83,11139394.0
2018-11-26,52.33,53.18,52.33,52.88,20581730.0
2018-11-27,52.69,53.32,52.45,53.19,18044608.0
2018-11-28,53.15,54.36,52.58,54.35,23713256.0
2018-11-29,53.97,54.42,53.79,54.04,14978735.0
2018-11-30,54.08,54.55,53.87,54.28,18939274.0
2018-12-03,54.78,55.04,53.6,54.24,21261736.0
2018-12-04,53.95,53.99,51.51,51.78,33280486.0
2018-12-06,50.65,51.14,50.02,51.09,40310215.0
2018-12-07,50.89,51.45,50.05,50.26,28510478.0
2018-12-10,50.07,50.07,48.3,48.8,34524589.0
2018-12-11,49.41,49.59,47.55,47.76,32388554.0
2018-12-12,48.29,48.3,46.85,47.74,42819963.0
2018-12-13,47.97,48.12,46.93,47.03,35227105.0
2018-12-14,46.55,47.49,46.38,46.54,25913029.0
2018-12-17,46.22,47.31,46.12,46.61,29443311.0
2018-12-18,46.94,47.52,46.32,46.52,26740046.0
2018-12-19,46.39,47.43,45.3,45.67,34287569.0
2018-12-20,45.4,46.77,45.33,46.04,43969930.0
2018-12-21,45.59,46.53,44.93,45.12,55577917.0
2018-12-24,44.47,45.1,43.6,43.6,18049856.0
2018-12-26,43.84,45.59,43.02,45.59,27770258.0
2018-12-27,44.72,45.53,43.85,45.53,27005326.0
2018-12-28,45.68,46.43,45.53,45.78,23635066.0
2018-12-31,45.98,46.48,45.57,46.08,16544485.0
2019-01-02,45.53,46.95,45.41,46.94,20295244.0
2019-01-03,46.65,47.35,46.37,46.57,22262061.0
2019-01-04,47.42,48.11,47.2,47.95,23343629.0
2019-01-07,47.78,48.23,47.54,47.64,21858290.0
2019-01-08,47.9,48.16,46.92,47.54,19702853.0
2019-01-09,47.51,47.98,47.08,47.8,18837660.0
2019-01-10,47.5,48.05,47.31,47.75,16208449.0
2019-01-11,47.5,48.09,47.18,47.87,20006939.0
2019-01-14,47.51,48.49,47.4,48.42,23827571.0
2019-01-15,47.6,48.25,47.01,47.67,27447612.0
2019-01-16,48.15,49.34,47.99,48.94,32026431.0
2019-01-17,48.64,49.36,48.4,49.23,25738840.0
2019-01-18,49.1,50.16,48.86,50.01,36380310.0
2019-01-22,49.77,50.1,49.63,49.86,33975480.0
2019-01-23,50.0,50.32,49.5,50.12,16806655.0
2019-01-24,49.79,50.34,49.65,49.98,17862377.0
2019-01-25,50.4,50.54,49.96,50.13,20192224.0
2019-01-28,49.77,49.9,49.2,49.82,19913150.0
2019-01-29,49.78,50.11,49.72,49.85,11927559.0
2019-01-30,49.84,50.35,49.59,50.09,16885059.0
2019-01-31,49.28,49.42,48.66,48.91,24934702.0
2019-02-01,49.0,49.08,48.79,48.91,21123467.0
2019-02-04,48.85,49.15,48.71,49.06,17547768.0
2019-02-05,49.27,49.32,48.75,49.27,14784891.0
2019-02-06,49.09,49.53,49.07,49.22,12145716.0
2019-02-07,49.09,49.3,47.71,48.08,24189661.0
2019-02-08,47.94,48.04,47.06,47.65,20641299.0
2019-02-11,47.87,47.96,47.38,47.65,15995875.0
2019-02-12,48.01,49.46,48.01,49.05,22033149.0
2019-02-13,49.24,49.71,48.89,49.02,13770948.0
2019-02-14,48.63,48.91,48.03,48.52,16456463.0
2019-02-15,49.09,49.42,48.49,49.22,19346194.0
2019-02-19,49.03,49.62,48.82,49.38,15121740.0
2019-02-20,49.43,49.88,49.3,49.81,16742573.0
2019-02-21,49.76,49.89,49.37,49.56,16938768.0
2019-02-22,49.6,49.75,48.95,49.02,15848242.0
2019-02-25,49.26,50.23,49.25,49.66,16564091.0
2019-02-26,49.49,50.14,49.34,49.59,16997795.0
2019-02-27,49.59,50.03,49.36,49.9,17454958.0
2019-02-28,49.98,50.13,49.73,49.89,17786633.0
2019-03-01,50.23,50.84,49.87,50.03,19051640.0
2019-03-04,50.29,50.9,49.69,50.11,16697031.0
2019-03-05,50.03,50.05,49.33,49.89,14235444.0
2019-03-06,49.97,50.22,49.68,49.82,14210992.0
2019-03-07,49.71,49.85,49.29,49.68,19047337.0
2019-03-08,49.26,49.9,49.17,49.8,17400006.0
2019-03-11,50.0,50.1,49.63,49.76,19471722.0
2019-03-12,49.78,50.05,49.54,49.65,18299327.0
2019-03-13,49.87,50.08,49.61,49.92,21647268.0
2019-03-14,50.07,50.79,49.93,50.35,20160716.0
2019-03-15,50.22,50.8,50.0,50.66,46117420.0
2019-03-18,50.84,52.07,50.83,51.73,23843330.0
2019-03-19,52.42,52.42,51.34,51.41,19911941.0
2019-03-20,51.19,51.57,50.33,50.4,20632372.0
2019-03-21,49.98,50.14,49.17,49.86,24132773.0
2019-03-22,49.25,49.47,48.0,48.31,27975797.0
2019-03-25,48.42,48.89,47.85,48.08,17227557.0
2019-03-26,48.52,49.04,48.41,49.01,16989637.0
2019-03-27,48.94,49.19,48.45,48.77,16912046.0
2019-03-28,48.73,49.22,48.35,49.09,15881613.0
2019-03-29,49.8,49.8,47.8,48.32,53590815.0
2019-04-01,48.43,48.9,48.17,48.81,42015467.0
2019-04-02,48.57,48.88,47.96,48.21,35393648.0
2019-04-03,48.47,48.87,48.08,48.86,30366307.0
2019-04-04,48.95,49.68,48.88,49.17,19260113.0
2019-04-05,49.26,49.41,48.6,48.78,23734918.0
2019-04-08,48.64,49.1,48.58,48.88,18875202.0
2019-04-09,48.68,48.7,48.02,48.14,22903535.0
2019-04-10,48.08,48.19,47.4,47.79,30977774.0
2019-04-11,47.97,48.26,47.38,47.74,33662658.0
2019-04-12,47.75,48.82,46.06,46.49,70271436.0
2019-04-15,45.87,47.06,45.66,46.77,34954040.0
2019-04-16,46.88,47.87,46.87,47.65,25217106.0
2019-04-17,47.96,47.96,46.92,47.55,25143950.0
2019-04-18,47.44,47.87,47.12,47.58,22416772.0
2019-04-22,47.41,47.5,47.1,47.26,15972578.0
2019-04-23,47.2,47.44,46.95,47.35,16434297.0
2019-04-24,47.06,47.69,47.03,47.48,17831759.0
2019-04-25,47.17,47.96,46.91,47.51,23042832.0
2019-04-26,47.52,47.98,47.4,47.96,13035469.0
2019-04-29,47.97,48.79,47.96,48.27,16918706.0
2019-04-30,48.35,48.56,48.11,48.41,18525135.0
2019-05-01,48.32,48.85,47.99,48.23,17542090.0
2019-05-02,48.35,48.49,47.85,48.3,16883119.0
2019-05-03,48.52,48.77,48.35,48.65,16571509.0
2019-05-06,47.99,48.73,47.88,48.43,19279924.0
2019-05-07,48.05,48.16,46.91,47.17,23919136.0
2019-05-08,47.06,47.31,46.81,47.0,19814429.0
2019-05-09,46.0,46.83,45.78,46.74,23246873.0
2019-05-10,46.41,47.37,46.11,47.15,19983545.0
2019-05-13,46.28,46.99,46.26,46.33,23304706.0
2019-05-14,46.38,46.93,45.98,46.49,21267557.0
2019-05-15,46.02,46.35,45.49,45.84,20123347.0
2019-05-16,45.99,46.53,45.76,45.9,20764061.0
2019-05-17,45.44,46.23,45.41,45.7,22273628.0
2019-05-20,45.62,45.91,45.3,45.45,18854327.0
2019-05-21,45.62,46.36,45.52,46.33,18416379.0
2019-05-22,46.07,46.31,45.96,46.1,13155037.0
2019-05-23,45.83,45.86,45.07,45.56,17643677.0
2019-05-24,45.76,46.35,45.59,46.17,13425455.0
2019-05-28,46.07,46.25,45.57,45.59,19984800.0
2019-05-29,45.39,45.68,45.13,45.48,16058804.0
2019-05-30,45.69,45.85,44.88,45.05,13775877.0
2019-05-31,44.53,44.86,44.22,44.37,17540547.0
2019-06-03,44.24,45.11,44.2,44.52,20172450.0
2019-06-04,45.16,45.76,45.01,45.68,21082046.0
2019-06-05,45.87,45.9,45.3,45.86,13705360.0
2019-06-06,45.74,46.19,45.45,45.92,16020500.0
2019-06-07,45.9,46.16,45.55,45.63,14980033.0
2019-06-10,46.06,46.81,46.06,46.27,15242691.0
2019-06-11,45.84,46.46,45.77,46.26,15078315.0
2019-06-12,46.01,46.27,44.78,44.91,22470396.0
2019-06-13,45.1,45.63,44.92,45.29,15629455.0
2019-06-14,45.31,45.79,44.84,45.59,16147536.0
2019-06-17,45.58,46.02,45.14,45.27,13420383.0
2019-06-18,45.25,46.39,45.06,46.1,18611118.0
2019-06-19,46.48,46.75,45.63,45.65,17787583.0
2019-06-20,45.85,45.99,45.24,45.86,19205212.0
2019-06-21,45.84,46.89,45.79,46.89,39186157.0
2019-06-24,46.55,46.69,46.23,46.27,21854440.0
2019-06-25,46.13,46.53,45.43,46.14,20813975.0
2019-06-26,46.21,46.28,45.78,45.8,17106752.0
2019-06-27,46.22,46.53,46.11,46.29,13391603.0
2019-06-28,46.81,47.7,46.8,47.32,31030908.0
2019-07-01,47.88,48.12,47.4,47.69,15122093.0
2019-07-02,47.52,47.8,46.92,47.23,12107292.0
2019-07-03,47.3,47.79,46.98,47.66,10438423.0
2019-07-05,48.1,48.19,47.67,47.77,10801597.0
2019-07-08,47.4,47.99,47.31,47.53,13189258.0
2019-07-09,47.3,47.89,47.21,47.83,12595046.0
2019-07-10,47.67,47.81,47.04,47.15,12784891.0
2019-07-11,47.21,47.58,47.06,47.14,19751364.0
2019-07-12,47.12,47.42,46.92,47.36,12792576.0
2019-07-15,47.4,47.45,46.44,46.71,21338425.0
2019-07-16,46.72,46.97,45.22,45.3,37548254.0
2019-07-17,45.2,45.75,45.14,45.21,24502071.0
2019-07-18,45.22,46.02,45.19,45.82,19412549.0
2019-07-19,45.96,46.41,45.86,46.03,21848288.0
2019-07-22,45.89,46.55,45.77,46.48,17974066.0
2019-07-23,46.68,47.59,46.66,47.2,21150178.0
2019-07-24,47.3,48.47,47.28,48.45,29357158.0
2019-07-25,48.52,48.74,48.01,48.09,20562036.0
2019-07-26,48.15,49.31,48.07,49.3,21641763.0
2019-07-29,49.38,49.57,48.18,48.28,19148583.0
2019-07-30,48.01,48.59,47.89,48.55,14207046.0
2019-07-31,48.26,48.98,48.11,48.41,23422839.0
2019-08-01,48.41,48.64,46.95,47.06,22668604.0
2019-08-02,47.11,47.61,46.37,47.44,20158952.0
2019-08-05,46.5,46.8,45.85,46.14,27113503.0
2019-08-06,46.61,47.03,45.82,46.93,19446099.0
2019-08-07,46.07,46.15,45.23,45.81,27830027.0
2019-08-08,45.69,46.64,45.55,46.4,20671304.0
2019-08-09,46.02,46.66,45.75,46.3,19786112.0
2019-08-12,45.51,45.91,45.33,45.53,17365568.0
2019-08-13,45.61,46.42,45.26,45.96,16722759.0
2019-08-14,45.02,45.1,43.94,43.97,28786684.0
2019-08-15,44.3,44.5,43.34,43.38,27899987.0
2019-08-16,43.74,44.54,43.63,44.39,21196609.0
2019-08-19,45.13,45.47,44.93,45.25,15378105.0
2019-08-20,45.04,45.04,44.63,44.68,13346104.0
2019-08-21,44.96,45.28,44.81,45.0,13517481.0
2019-08-22,45.33,45.83,45.06,45.62,14705015.0
2019-08-23,45.2,45.65,44.09,44.42,21153801.0
2019-08-26,44.71,45.0,44.49,44.98,15973246.0
2019-08-27,45.23,45.33,44.43,44.75,15038180.0
2019-08-28,44.64,45.78,44.49,45.47,14740415.0
2019-08-29,46.0,46.49,45.78,46.19,16196668.0
2019-08-30,46.54,46.9,46.41,46.57,15251816.0
2019-09-03,46.31,46.34,45.48,46.09,17224856.0
2019-09-04,46.54,46.7,46.28,46.5,17138114.0
2019-09-05,47.31,48.17,47.3,47.62,19244308.0
2019-09-06,47.58,47.77,47.1,47.15,18846336.0
2019-09-09,47.32,48.64,46.89,48.41,27651420.0
2019-09-10,48.07,48.93,48.07,48.31,25822484.0
2019-09-11,48.29,48.98,47.79,48.85,19189958.0
2019-09-12,48.52,49.08,48.22,48.65,24305937.0
2019-09-13,49.01,49.36,48.66,48.92,25142359.0
2019-09-16,48.46,49.0,48.4,48.98,17759682.0
2019-09-17,48.7,48.86,48.31,48.76,18463810.0
2019-09-18,48.63,49.21,48.43,48.93,20548852.0
2019-09-19,48.99,49.31,48.87,48.91,17052734.0
2019-09-20,49.07,49.3,48.61,48.63,30451103.0
2019-09-23,48.32,49.09,48.31,48.96,21331118.0
2019-09-24,48.98,49.22,48.47,48.65,21855450.0
2019-09-25,48.73,49.54,48.65,49.26,21405392.0
2019-09-26,49.25,49.37,48.82,48.87,20057083.0
2019-09-27,50.4,51.41,50.25,50.71,59468942.0
2019-09-30,50.77,50.85,50.06,50.44,28888394.0
2019-10-01,50.65,50.78,49.0,49.06,27403497.0
2019-10-02,48.72,49.04,48.37,48.47,24808549.0
2019-10-03,48.3,48.51,47.32,48.48,20635471.0
2019-10-04,48.66,49.25,48.53,49.21,15947794.0
2019-10-07,48.95,49.29,48.75,48.81,15738204.0
2019-10-08,48.25,48.35,47.54,47.82,19835257.0
2019-10-09,48.17,48.42,48.08,48.15,13535102.0
2019-10-10,48.33,49.07,48.16,48.65,18406978.0
2019-10-11,49.46,49.92,49.15,49.21,23092111.0
2019-10-14,49.09,49.45,48.98,49.27,17075909.0
2019-10-15,49.28,51.25,48.78,50.11,39507014.0
2019-10-16,50.04,50.28,49.45,49.59,23759914.0
2019-10-17,49.98,50.17,49.48,49.61,20588351.0
2019-10-18,49.34,50.22,49.32,49.97,21199754.0
2019-10-21,50.28,50.5,50.18,50.46,20379314.0
2019-10-22,50.44,51.02,50.23,50.62,19474216.0
2019-10-23,50.72,50.97,50.57,50.93,15154572.0
2019-10-24,50.66,51.2,50.66,51.1,17730618.0
2019-10-25,51.08,51.73,51.0,51.57,17433347.0
2019-10-28,51.94,52.05,51.57,51.65,23914846.0
2019-10-29,51.5,52.36,51.5,52.17,21063049.0
2019-10-30,51.88,52.28,51.62,52.03,16155863.0
2019-10-31,51.77,52.03,51.15,51.63,18814737.0
2019-11-01,52.13,52.29,51.91,52.18,16359347.0
2019-11-04,52.58,52.8,52.24,52.72,17559945.0
2019-11-05,52.74,53.5,52.74,53.3,25965273.0
2019-11-06,53.29,53.84,53.17,53.8,22051098.0
2019-11-07,53.78,54.4,53.78,54.0,23452471.0
2019-11-08,53.83,54.23,53.56,54.1,14722656.0
2019-11-11,53.79,54.14,53.73,54.05,10659938.0
2019-11-12,53.75,54.24,53.62,54.22,15187629.0
2019-11-13,53.81,53.9,53.21,53.29,16937719.0
2019-11-14,53.22,53.56,53.1,53.49,16498145.0
2019-11-15,53.78,53.94,53.43,53.8,15225623.0
2019-11-18,53.84,54.11,53.65,54.0,14374870.0
2019-11-19,54.1,54.33,53.87,54.03,14436526.0
2019-11-20,53.73,53.86,53.25,53.54,14994768.0
2019-11-21,53.84,53.93,53.34,53.56,16186126.0
2019-11-22,53.9,54.35,53.81,54.28,13823402.0
2019-11-25,54.53,54.53,54.04,54.21,15560980.0
2019-11-26,54.11,54.12,53.73,53.81,18081019.0
2019-11-27,54.15,54.4,54.01,54.34,16355412.0
2019-11-29,54.07,54.75,54.07,54.46,10508630.0
2019-12-02,54.31,54.44,53.55,53.62,20253309.0
2019-12-03,53.01,53.05,52.17,52.58,25760216.0
2019-12-04,52.6,53.48,52.54,53.24,18868398.0
2019-12-05,53.41,53.53,53.1,53.23,13499709.0
2019-12-06,53.86,54.41,53.69,54.37,18325935.0
2019-12-09,54.17,54.55,53.91,53.92,15107447.0
2019-12-10,53.49,53.87,53.38,53.69,15959626.0
2019-12-11,53.74,53.98,53.07,53.17,16834475.0
2019-12-12,53.37,54.55,53.1,54.36,19121951.0
2019-12-13,54.05,54.42,53.43,53.79,19179788.0
2019-12-16,54.24,54.56,54.22,54.22,19793887.0
2019-12-17,54.11,54.51,53.99,54.34,16723358.0
2019-12-18,54.46,54.46,53.63,53.67,18868265.0
2019-12-19,53.74,53.83,53.42,53.63,18133501.0
2019-12-20,54.05,54.05,53.07,53.33,66323247.0
2019-12-23,53.34,54.0,53.25,53.81,17638360.0
2019-12-24,53.95,54.04,53.74,53.82,4635459.0
2019-12-26,54.05,54.39,53.95,54.15,12517137.0
2019-12-27,54.29,54.32,53.87,53.92,9892762.0
2019-12-30,54.17,54.26,53.5,53.6,10900535.0
2019-12-31,53.53,53.82,53.46,53.8,12566101.0
2020-01-02,53.85,54.04,53.51,53.75,16806063.0
2020-01-03,53.11,53.62,52.9,53.42,15609670.0
2020-01-06,52.74,53.2,52.72,53.1,13200655.0
2020-01-07,53.05,53.05,52.47,52.66,13285117.0
2020-01-08,52.84,53.33,52.8,52.82,16587622.0
2020-01-09,53.2,53.2,52.48,52.73,20818099.0
2020-01-10,52.79,52.9,52.48,52.5,13778540.0
2020-01-13,52.5,52.5,51.83,52.11,25207426.0
2020-01-14,50.23,50.74,49.25,49.3,56678417.0
2020-01-15,48.83,48.84,47.98,48.32,47147978.0
2020-01-16,48.46,49.32,47.84,49.25,37020214.0
2020-01-17,49.37,49.42,48.53,49.18,29669233.0
2020-01-21,49.09,49.88,48.8,48.94,30858265.0
2020-01-22,49.03,49.09,48.29,48.56,20367677.0
2020-01-23,48.39,48.45,47.98,48.22,17297943.0
2020-01-24,48.19,48.21,47.18,47.57,21239603.0
2020-01-27,46.89,47.42,46.74,47.1,18156167.0
2020-01-28,47.51,47.79,47.28,47.37,16673308.0
2020-01-29,47.42,47.9,47.26,47.27,16189560.0
2020-01-30,47.17,47.95,47.04,47.91,14760210.0
2020-01-31,47.42,47.45,46.75,46.94,23080445.0
2020-02-03,47.24,47.72,47.03,47.12,15471985.0
2020-02-04,47.7,47.84,47.25,47.26,14973286.0
2020-02-05,47.9,48.4,47.78,48.31,20141773.0
2020-02-06,48.44,48.5,47.85,47.98,18259189.0
2020-02-07,47.73,48.0,47.48,47.84,13174648.0
2020-02-10,47.67,47.86,47.42,47.77,18124754.0
2020-02-11,48.08,48.34,47.94,47.99,13686081.0
2020-02-12,48.22,48.49,47.76,47.79,16668133.0
2020-02-13,47.62,48.18,47.55,48.12,12529964.0
2020-02-14,48.14,48.32,47.75,48.22,15526365.0
2020-02-18,47.97,48.12,46.53,46.99,22427844.0
2020-02-19,47.25,47.35,46.98,47.09,15602522.0
2020-02-20,47.0,47.41,46.68,47.34,15965494.0
2020-02-21,47.48,47.85,47.1,47.7,21729106.0
2020-02-24,46.58,46.95,46.26,46.39,23075930.0
2020-02-25,46.29,46.67,44.96,45.12,31110106.0
2020-02-26,45.48,45.65,44.13,44.14,27437440.0
2020-02-27,43.32,44.32,42.43,42.47,41180045.0
2020-02-28,41.31,41.87,39.75,40.85,71710072.0
2020-03-02,40.98,42.28,39.46,42.26,44231229.0
2020-03-03,42.06,42.9,40.03,40.53,45091021.0
2020-03-04,41.01,41.43,39.96,41.4,33881480.0
2020-03-05,40.0,40.01,38.57,38.9,45037864.0
2020-03-06,37.0,37.68,36.33,37.09,56766462.0
2020-03-09,33.72,34.48,32.22,32.48,53277150.0
2020-03-10,34.63,35.08,32.28,35.08,40078709.0
2020-03-11,34.05,34.27,32.01,32.33,44784160.0
2020-03-12,29.81,30.86,27.12,27.2,68447627.0
2020-03-13,30.15,31.76,27.77,30.89,78365669.0
2020-03-16,26.34,29.23,26.3,26.5,57466710.0
2020-03-17,27.63,30.62,25.89,29.63,58112784.0
2020-03-18,27.7,28.89,26.9,28.12,51904083.0
2020-03-19,27.66,29.11,26.29,28.29,53123498.0
2020-03-20,28.68,28.75,26.18,26.5,73915797.0
2020-03-23,26.26,26.87,25.11,25.25,47064127.0
2020-03-24,26.96,29.17,26.33,28.92,48630317.0
2020-03-25,29.0,30.3,27.77,28.97,53341084.0
2020-03-26,29.33,31.39,29.08,30.9,45522929.0
2020-03-27,30.02,31.29,29.08,30.28,38942842.0
2020-03-30,30.36,30.48,28.89,29.92,41232839.0
2020-03-31,29.41,29.75,28.16,28.7,36920282.0
2020-04-01,27.02,27.37,26.2,26.57,48497405.0
2020-04-02,26.47,27.53,26.38,27.22,33113523.0
2020-04-03,27.0,27.36,25.91,26.23,32735751.0
2020-04-06,27.41,28.83,27.4,28.63,36056071.0
2020-04-07,30.75,30.78,28.71,28.77,39229882.0
2020-04-08,29.34,30.48,28.68,30.28,42213700.0
2020-04-09,31.12,33.91,31.1,33.2,62520568.0
2020-04-13,33.22,33.24,31.41,31.43,36068902.0
2020-04-14,32.11,32.5,29.56,30.18,64267050.0
2020-04-15,28.77,29.11,28.22,28.44,41883866.0
2020-04-16,28.28,28.28,26.66,26.89,52962096.0
2020-04-17,28.15,28.78,27.8,28.38,46984953.0
2020-04-20,27.33,28.89,26.92,27.68,45441601.0
2020-04-21,26.9,27.25,26.5,26.84,41918733.0
2020-04-22,27.5,27.58,26.7,26.8,28078443.0
2020-04-23,26.95,27.21,26.42,26.53,38331520.0
2020-04-24,26.8,27.29,26.37,26.92,35172744.0
2020-04-27,27.37,28.58,27.16,28.41,39606131.0
2020-04-28,29.6,29.92,28.59,28.87,35188016.0
2020-04-29,30.1,30.46,29.65,30.0,38515168.0
2020-04-30,29.32,29.61,28.6,29.05,29506087.0
2020-05-01,28.5,28.53,27.28,27.59,35197567.0
2020-05-04,26.96,27.45,26.6,27.35,34343885.0
2020-05-05,27.52,27.8,26.25,26.32,56753388.0
2020-05-06,26.46,26.65,25.4,25.61,57732882.0
2020-05-07,25.59,26.1,25.14,25.23,52386991.0
2020-05-08,25.64,25.78,25.23,25.43,53768812.0
2020-05-11,25.11,25.23,24.6,24.78,51444166.0
2020-05-12,24.96,25.27,24.0,24.04,53560500.0
2020-05-13,23.95,23.95,22.0,22.53,90209918.0
2020-05-14,22.13,24.59,22.02,24.06,87965504.0
2020-05-15,23.69,23.83,23.08,23.36,51616656.0
2020-05-18,24.55,25.59,24.34,25.41,55751418.0
2020-05-19,25.0,25.15,23.92,23.95,48234338.0
2020-05-20,24.49,24.74,24.36,24.52,45297081.0
2020-05-21,24.39,24.85,24.32,24.46,28376528.0
2020-05-22,24.44,24.49,23.92,24.17,30415297.0
2020-05-26,25.05,26.51,25.04,26.26,57720312.0
2020-05-27,27.8,28.26,26.84,27.95,61962965.0
2020-05-28,28.32,28.37,27.12,27.22,51606629.0
2020-05-29,26.5,27.07,26.09,26.47,51382843.0
2020-06-01,26.61,27.59,26.37,27.09,34258099.0
2020-06-02,27.58,27.99,27.16,27.4,39057981.0
2020-06-03,28.39,29.19,28.34,28.83,50813950.0
2020-06-04,29.48,30.25,28.64,30.22,61839219.0
2020-06-05,33.89,33.89,31.46,31.67,107651152.0
2020-06-08,32.9,33.43,32.27,33.32,69051349.0
2020-06-09,32.44,33.08,31.51,32.63,51480394.0
2020-06-10,32.3,32.33,29.65,29.71,82089966.0
2020-06-11,27.2,28.43,26.7,26.79,75621263.0
2020-06-12,28.0,28.23,27.35,27.97,51301222.0
2020-06-15,26.86,28.39,26.56,28.21,48311406.0
2020-06-16,29.43,29.65,27.77,28.52,52985585.0
2020-06-17,28.5,28.55,27.35,27.45,38660809.0
2020-06-18,27.1,27.93,26.93,27.55,33670192.0
2020-06-19,28.0,28.05,27.01,27.6,71891222.0
2020-06-22,27.27,27.63,26.89,27.35,32808327.0
2020-06-23,27.78,28.29,27.19,27.23,47279122.0
2020-06-24,26.96,27.03,25.99,26.12,57380897.0
2020-06-25,25.96,27.41,25.89,27.37,45102204.0
2020-06-26,26.1,26.4,25.25,25.34,81172273.0
2020-06-29,25.59,25.9,25.26,25.7,43769204.0
2020-06-30,25.21,25.87,25.17,25.6,46609953.0
2020-07-01,25.73,25.95,24.93,25.09,37509316.0
2020-07-02,25.75,26.17,25.1,25.34,37013338.0
2020-07-06,25.82,26.02,24.98,25.49,46983102.0
2020-07-07,25.2,25.22,24.34,24.46,36920549.0
2020-07-08,24.44,24.78,24.07,24.55,38413379.0
2020-07-09,24.5,24.78,23.71,24.04,38118868.0
2020-07-10,24.18,25.53,24.15,25.47,56483330.0
2020-07-13,25.82,26.04,24.94,25.41,51038750.0
2020-07-14,23.92,24.39,23.33,24.25,118952601.0
2020-07-15,24.98,25.55,24.84,25.35,61714257.0
2020-07-16,24.91,26.09,24.82,25.46,48676823.0
2020-07-17,25.49,25.64,24.86,24.95,39642338.0
2020-07-20,24.72,24.88,24.4,24.57,38682160.0
2020-07-21,24.75,26.28,24.71,26.2,58455309.0
2020-07-22,26.13,26.35,25.82,26.26,41030493.0
2020-07-23,26.16,26.51,25.7,26.35,50790951.0
2020-07-24,26.47,26.85,26.2,26.26,39357026.0
2020-07-27,26.02,26.02,25.25,25.49,34761049.0
2020-07-28,25.33,25.7,25.33,25.53,30505206.0
2020-07-29,25.45,25.82,25.0,25.78,31442059.0
2020-07-30,25.19,25.24,24.5,24.65,51019212.0
2020-07-31,24.5,24.66,24.08,24.26,45570805.0
2020-08-03,24.25,24.5,23.9,24.29,27863660.0
2020-08-04,24.2,24.29,24.03,24.22,28106895.0
2020-08-05,24.4,24.75,24.34,24.4,33157291.0
2020-08-06,24.2,24.5,24.12,24.24,44670290.0
2020-08-07,24.13,25.22,24.0,25.07,46272401.0
2020-08-10,25.22,25.48,24.22,24.7,50602640.0
2020-08-11,25.29,26.14,25.2,25.32,55000138.0
2020-08-12,25.98,26.14,24.72,25.19,42898644.0
2020-08-13,24.95,25.23,24.68,25.02,27387846.0
2020-08-14,24.79,25.49,24.64,25.3,26743370.0
2020-08-17,25.03,25.14,24.44,24.47,36661695.0
2020-08-18,24.42,24.45,24.01,24.04,29680691.0
2020-08-19,24.01,24.39,23.84,24.07,33667843.0
2020-08-20,23.74,23.94,23.6,23.75,36022144.0
2020-08-21,23.64,23.91,23.52,23.64,27197999.0
2020-08-24,23.8,24.51,23.61,24.49,36906689.0
2020-08-25,24.74,24.89,24.3,24.61,35077309.0
2020-08-26,24.51,24.58,24.04,24.04,28348206.0
2020-08-27,23.99,24.78,23.97,24.59,36706594.0
2020-08-28,24.75,24.77,24.35,24.69,25797331.0
2020-08-31,24.49,24.51,24.09,24.15,27615501.0
2020-09-01,24.02,24.34,23.74,24.05,30541866.0
2020-09-02,24.01,24.66,23.93,24.57,40334000.0
2020-09-03,24.8,25.36,24.3,24.52,42349263.0
2020-09-04,25.0,25.19,24.25,24.79,48745000.0
2020-09-08,24.28,24.55,23.74,23.97,49082908.0
2020-09-09,24.01,24.07,23.7,23.84,49427909.0
2020-09-10,24.03,24.67,23.86,23.95,54211678.0
2020-09-11,23.92,24.32,23.71,24.27,34861088.0
2020-09-14,24.38,24.97,24.23,24.81,49787143.0
2020-09-15,24.96,25.04,24.56,24.88,41954783.0
2020-09-16,24.87,26.0,24.75,25.71,51783223.0
2020-09-17,25.23,25.43,24.9,25.11,51531349.0
2020-09-18,24.94,25.4,24.9,25.13,115153221.0
2020-09-21,24.45,24.52,23.72,24.04,56188353.0
2020-09-22,23.98,24.36,23.53,23.65,39839451.0
2020-09-23,23.78,24.13,22.83,22.83,45697673.0
2020-09-24,22.96,23.72,22.56,23.32,43329110.0
2020-09-25,23.12,23.71,23.01,23.64,30229938.0
2020-09-28,23.99,24.27,23.76,23.82,41103532.0
2020-09-29,23.72,23.72,23.07,23.26,38448038.0
2020-09-30,23.36,23.87,23.25,23.51,43071535.0
2020-10-01,23.57,23.81,23.16,23.56,38879813.0
2020-10-02,23.15,24.09,23.08,23.99,26238579.0
2020-10-05,24.22,24.6,24.22,24.45,22607532.0
2020-10-06,24.68,25.0,24.04,24.18,30991253.0
2020-10-07,24.42,24.93,24.39,24.81,34647278.0
2020-10-08,24.88,25.33,24.67,25.3,26483448.0
2020-10-09,25.39,25.51,25.01,25.3,28211320.0
2020-10-12,25.2,25.74,25.15,25.68,25855591.0
2020-10-13,25.42,25.5,24.7,24.74,29939591.0
2020-10-14,24.27,24.43,23.23,23.25,75497816.0
2020-10-15,23.06,23.09,22.75,22.95,60328585.0
2020-10-16,23.01,23.23,22.61,22.86,43141248.0
2020-10-19,22.89,22.91,22.51,22.54,37423638.0
2020-10-20,22.73,23.13,22.69,22.81,34751214.0
2020-10-21,22.82,22.95,22.6,22.7,29528300.0
2020-10-22,22.66,23.32,22.61,23.25,32238259.0
2020-10-23,23.58,23.59,23.11,23.28,24558345.0
2020-10-26,22.97,23.02,22.6,22.7,34034100.0
2020-10-27,22.61,22.61,21.82,21.82,49636452.0
2020-10-28,21.23,21.48,20.8,21.18,54835944.0
2020-10-29,21.05,21.38,20.76,21.14,46183950.0
2020-10-30,21.1,21.46,20.84,21.45,34608757.0
2020-11-02,21.7,21.98,21.19,21.9,38401197.0
2020-11-03,22.31,22.5,21.99,22.09,38427015.0
2020-11-04,21.75,22.56,21.17,21.88,47203200.0
2020-11-05,21.89,22.57,21.86,22.33,38319691.0
2020-11-06,22.5,22.57,21.84,21.91,29502889.0
2020-11-09,24.03,24.87,23.3,24.22,102118885.0
2020-11-10,24.36,24.37,23.86,24.19,49029149.0
2020-11-11,24.23,24.54,24.01,24.19,38309198.0
2020-11-12,23.91,24.15,23.56,23.81,34541933.0
2020-11-13,23.91,24.18,23.73,24.07,30095954.0
2020-11-16,24.99,25.03,24.39,24.9,36954813.0
2020-11-17,24.53,25.15,24.52,25.04,29490357.0
2020-11-18,25.15,25.95,25.06,25.06,44318288.0
2020-11-19,25.19,26.22,24.97,26.16,44559958.0
2020-11-20,26.04,26.23,25.46,25.48,38469055.0
2020-11-23,25.95,26.44,25.87,26.3,40691371.0
2020-11-24,27.46,28.73,27.34,28.61,80523352.0
2020-11-25,28.33,28.69,28.0,28.59,38875516.0
2020-11-27,28.59,28.63,28.18,28.46,20281442.0
2020-11-30,28.43,28.56,27.28,27.35,48210962.0
2020-12-01,28.15,28.68,28.04,28.06,42001848.0
2020-12-02,27.99,28.99,27.85,28.87,35507962.0
2020-12-03,28.94,29.49,28.79,29.16,41264622.0
2020-12-04,29.5,29.97,29.34,29.55,47168819.0
2020-12-07,29.42,29.63,29.07,29.34,31712959.0
2020-12-08,29.03,29.3,28.4,28.94,32209486.0
2020-12-09,29.24,29.24,28.61,29.05,35276013.0
2020-12-10,28.72,29.56,28.54,29.49,31730186.0
2020-12-11,29.02,29.39,28.67,29.08,29779106.0
2020-12-14,29.54,29.77,28.51,28.64,28378015.0
2020-12-15,29.13,29.77,28.9,29.73,38888856.0
2020-12-16,29.64,29.91,29.48,29.65,35204820.0
2020-12-17,29.8,29.9,29.44,29.47,42870469.0
2020-12-18,29.47,29.62,28.8,29.01,53716403.0
2020-12-21,29.57,29.89,28.84,29.55,52731621.0
2020-12-22,29.65,29.72,28.95,28.96,25705218.0
2020-12-23,29.28,30.49,29.27,30.35,38383666.0
2020-12-24,30.29,30.38,29.66,29.84,14443728.0
2020-12-28,30.08,30.48,29.91,29.93,21658495.0
2020-12-29,30.15,30.17,29.75,29.78,19584418.0
2020-12-30,29.8,30.04,29.65,29.75,18519310.0
2020-12-31,29.75,30.24,29.67,30.18,21081197.0
2021-01-04,30.32,30.44,29.4,29.7,31407014.0
2021-01-05,30.09,30.95,29.82,30.53,37360007.0
2021-01-06,31.9,33.0,31.79,32.69,73507549.0
2021-01-07,33.58,34.2,33.32,33.43,50634123.0
2021-01-08,33.61,33.65,32.67,33.19,32324741.0
2021-01-11,32.64,33.56,32.32,33.24,33798499.0
2021-01-12,34.0,34.52,33.66,33.94,59146428.0
2021-01-13,33.82,34.26,33.63,33.8,35734811.0
2021-01-14,34.07,35.1,34.01,34.75,55856896.0
2021-01-15,33.08,33.5,31.82,32.04,91993100.0
2021-01-19,32.41,33.04,32.28,32.63,43806828.0
2021-01-20,32.78,32.83,32.3,32.46,29949845.0
2021-01-21,32.32,32.43,31.92,32.0,28276009.0
2021-01-22,31.34,32.06,31.15,31.9,24476094.0
2021-01-25,31.88,32.35,31.61,32.24,28515507.0
2021-01-26,32.49,32.53,31.36,31.38,28026455.0
2021-01-27,30.92,31.03,29.92,30.17,45074947.0
2021-01-28,30.52,31.05,30.31,30.81,28770175.0
2021-01-29,30.77,31.19,29.82,29.88,39500819.0
2021-02-01,30.14,30.22,29.68,29.99,23713446.0
2021-02-02,30.46,31.19,30.38,30.75,25302882.0
2021-02-03,30.72,31.77,30.61,31.7,28507775.0
2021-02-04,31.86,32.85,31.8,32.66,30825420.0
2021-02-05,33.0,33.19,32.51,32.56,24908134.0
2021-02-08,32.78,33.57,30.77,33.4,29223804.0
2021-02-09,33.21,33.41,32.91,33.26,23539764.0
2021-02-10,33.48,33.69,33.09,33.2,22687029.0
2021-02-11,33.2,33.34,32.37,32.72,22393221.0
2021-02-12,32.65,33.62,32.65,33.53,34473054.0
2021-02-16,34.07,34.93,34.0,34.79,36468247.0
2021-02-17,34.34,37.45,34.03,36.59,80326754.0
2021-02-18,36.44,37.36,36.18,36.96,43334709.0
2021-02-19,37.13,37.85,37.03,37.83,39022955.0
2021-02-22,37.68,37.93,37.1,37.26,34689971.0
2021-02-23,37.59,37.77,36.61,37.14,36792508.0
2021-02-24,37.24,38.34,37.14,38.29,42764312.0
2021-02-25,38.68,38.68,37.3,37.56,37233059.0
2021-02-26,37.1,37.41,35.93,36.17,39467955.0
2021-03-01,37.11,37.42,36.74,37.09,28066087.0
2021-03-02,37.15,37.45,36.99,37.14,19701160.0
2021-03-03,37.35,38.66,37.35,37.69,35365103.0
2021-03-04,37.62,38.0,36.36,37.16,42932476.0
2021-03-05,37.87,38.12,36.34,37.43,34558285.0
2021-03-08,38.13,38.88,37.77,38.67,38255218.0
2021-03-09,38.17,38.8,37.48,38.13,35854113.0
2021-03-10,38.68,39.7,38.28,39.58,38437222.0
2021-03-11,39.22,39.59,38.61,38.88,30598733.0
2021-03-12,39.5,40.02,39.42,39.97,28754041.0
2021-03-15,40.07,40.23,39.17,39.7,25902218.0
2021-03-16,39.37,39.49,38.72,39.35,24668311.0
2021-03-17,39.68,40.44,39.21,39.84,33537039.0
2021-03-18,40.15,41.54,40.15,40.81,57420561.0
2021-03-19,39.94,40.07,39.22,39.63,60291837.0
2021-03-22,39.28,39.31,38.62,38.97,32206037.0
2021-03-23,38.5,39.05,38.05,38.24,32494370.0
2021-03-24,38.36,39.02,38.11,38.12,24201715.0
2021-03-25,37.97,39.36,37.78,39.3,28772999.0
2021-03-26,39.9,40.23,39.17,39.76,29156073.0
2021-03-29,38.58,39.36,37.9,38.44,38426862.0
2021-03-30,38.54,40.08,38.47,39.39,36134172.0
2021-03-31,39.27,39.63,38.92,39.07,25832772.0
2021-04-01,38.96,39.65,38.92,39.63,22706933.0
2021-04-05,40.03,40.33,39.32,39.48,21293401.0
2021-04-06,39.42,39.9,39.26,39.85,20969588.0
2021-04-07,39.84,40.09,39.63,39.99,19393220.0
2021-04-08,39.87,40.2,39.33,40.03,20845029.0
2021-04-09,40.34,40.79,40.25,40.5,28363569.0
2021-04-12,40.46,40.89,40.4,40.77,21093008.0
2021-04-13,40.5,40.51,39.7,39.79,29333229.0
2021-04-14,39.7,42.18,39.06,41.99,64926942.0
2021-04-15,42.1,42.26,41.03,42.24,44146305.0
2021-04-16,42.67,44.13,42.58,43.84,57060176.0
2021-04-19,43.61,44.4,43.38,43.88,39124194.0
2021-04-20,43.4,43.4,42.35,42.54,29734016.0
2021-04-21,42.24,43.36,41.77,43.24,27258024.0
2021-04-22,43.26,43.52,42.68,42.7,24638336.0
2021-04-23,42.71,44.18,42.63,43.86,28031474.0
2021-04-26,44.13,44.68,43.99,44.14,24606572.0
2021-04-27,44.39,45.22,44.2,45.09,29130247.0
2021-04-28,45.15,45.67,44.93,45.08,20795102.0
2021-04-29,45.62,46.39,45.52,46.24,26880723.0
2021-04-30,45.8,46.02,44.86,45.05,34176545.0
2021-05-03,45.45,45.65,45.07,45.48,16522710.0
2021-05-04,45.26,45.84,44.67,45.74,26137592.0
2021-05-05,45.93,46.2,45.47,45.94,19387848.0
2021-05-06,46.11,46.69,45.7,46.63,34271521.0
2021-05-07,45.93,46.62,45.55,46.54,25140360.0
2021-05-10,46.84,47.35,46.59,46.6,28193072.0
2021-05-11,46.02,46.88,45.51,45.72,31478527.0
2021-05-12,46.83,47.16,45.48,45.64,33392860.0
2021-05-13,45.49,46.79,45.31,46.4,23556160.0
2021-05-14,46.6,47.11,46.47,46.96,17078543.0
2021-05-17,46.92,47.98,46.8,47.9,25212829.0
2021-05-18,47.9,48.13,46.83,46.86,24125959.0
2021-05-19,45.94,46.32,45.37,46.17,28911119.0
2021-05-20,46.07,46.18,45.27,45.73,26106955.0
2021-05-21,45.97,46.3,45.78,45.88,27312655.0
2021-05-24,46.0,46.51,45.76,46.24,25707428.0
2021-05-25,46.39,47.02,46.04,46.09,29415310.0
2021-05-26,46.11,46.6,45.6,46.4,26170626.0
2021-05-27,46.99,47.38,46.31,46.76,42572888.0
2021-05-28,46.85,46.88,46.28,46.72,15762254.0
2021-06-01,47.16,47.41,46.79,47.26,17878633.0
2021-06-02,47.38,47.46,46.58,46.81,18492643.0
2021-06-03,46.69,47.0,46.35,46.46,20206431.0
2021-06-04,47.06,47.1,46.51,46.96,18190344.0
2021-06-07,47.1,47.18,46.78,47.11,16644280.0
2021-06-08,46.74,47.01,46.3,46.61,21271669.0
2021-06-09,46.24,46.34,45.63,45.92,22617509.0
2021-06-10,46.47,46.65,45.01,45.09,21640010.0
2021-06-11,45.18,45.69,45.18,45.68,19389342.0
2021-06-14,45.61,45.88,44.84,45.15,25452273.0
2021-06-15,45.2,45.72,45.0,45.46,23865420.0
2021-06-16,44.95,45.96,44.32,45.57,38287684.0
2021-06-17,45.79,45.96,42.66,42.79,48910365.0
2021-06-18,41.68,42.31,41.47,41.75,61292236.0
2021-06-21,42.3,43.31,42.23,43.28,26444695.0
2021-06-22,43.41,43.87,42.86,43.54,26455220.0
2021-06-23,43.5,44.31,43.5,43.96,18778502.0
2021-06-24,44.26,45.42,44.21,45.18,27951013.0
2021-06-25,45.57,46.65,45.22,46.38,49074747.0
2021-06-28,46.0,46.07,45.09,45.79,27127537.0
2021-06-29,46.04,46.38,44.6,44.79,39534033.0
2021-06-30,44.62,45.39,44.45,45.29,18168081.0
2021-07-01,45.48,45.64,44.97,45.41,18658011.0
2021-07-02,45.3,45.41,44.84,45.07,13221611.0
2021-07-06,44.73,44.82,43.3,43.49,25486864.0
2021-07-07,43.28,43.97,43.12,43.4,21883952.0
2021-07-08,42.58,42.95,41.97,42.32,29148739.0
2021-07-09,43.18,44.11,42.85,43.91,25055931.0
2021-07-12,43.28,44.25,42.96,44.16,17618924.0
2021-07-13,43.79,44.13,43.01,43.23,25387815.0
2021-07-14,43.6,45.13,42.51,44.95,49618019.0
2021-07-15,44.59,45.39,44.37,45.0,33388140.0
2021-07-16,45.41,45.53,44.11,44.28,27838162.0
2021-07-19,42.71,43.3,42.29,43.05,43362218.0
2021-07-20,43.0,45.15,42.87,44.84,34556156.0
2021-07-21,45.29,46.15,45.21,45.8,29654627.0
2021-07-22,45.84,45.95,44.8,45.03,23309504.0
2021-07-23,45.1,45.51,44.42,44.59,23946475.0
2021-07-26,44.47,45.24,44.47,45.01,22976698.0
2021-07-27,44.59,45.38,44.27,45.14,22124508.0
2021-07-28,45.38,46.04,44.98,45.51,23252786.0
2021-07-29,45.89,46.71,45.68,46.5,24487386.0
2021-07-30,46.26,46.85,45.73,45.94,25794022.0
2021-08-02,46.04,46.81,45.57,45.79,23960718.0
2021-08-03,45.98,46.94,45.11,46.83,24050332.0
2021-08-04,46.27,46.97,46.04,46.15,22177986.0
2021-08-05,46.05,47.0,46.01,46.99,28092591.0
2021-08-06,47.5,48.99,47.45,48.77,33583895.0
2021-08-09,48.66,49.34,48.29,48.65,29795184.0
2021-08-10,48.73,49.69,48.69,49.63,28708128.0
2021-08-11,49.63,50.73,49.17,50.66,29203916.0
2021-08-12,50.76,51.25,50.56,51.15,21737916.0
2021-08-13,51.21,51.41,50.18,50.37,15843274.0
2021-08-16,49.93,49.98,48.94,49.41,22618934.0
2021-08-17,48.88,49.37,48.03,48.71,16887015.0
2021-08-18,48.36,48.98,47.9,47.97,16319283.0
2021-08-19,47.35,47.95,46.83,47.25,20259394.0
2021-08-20,47.13,47.45,46.84,47.42,15357369.0
2021-08-23,47.75,47.99,47.45,47.61,15551923.0
2021-08-24,47.75,48.37,47.71,48.36,15109050.0
2021-08-25,48.62,49.62,48.47,49.29,21357377.0
2021-08-26,49.53,49.87,48.89,49.05,21627625.0
2021-08-27,49.22,49.85,49.12,49.81,16873293.0
2021-08-30,49.76,49.81,48.35,48.41,16054070.0
2021-08-31,48.41,48.99,45.21,45.7,73514276.0
2021-09-01,45.7,45.97,43.27,43.45,84960543.0
2021-09-02,43.68,44.88,43.54,44.57,37650009.0
2021-09-03,44.49,44.5,43.82,44.17,21715844.0
2021-09-07,44.32,44.96,44.25,44.31,19740337.0
2021-09-08,44.12,44.54,43.63,43.82,21252445.0
2021-09-09,43.85,44.72,43.76,44.36,19776855.0
2021-09-10,45.0,45.25,44.19,44.33,23367394.0
2021-09-13,44.56,45.81,44.56,45.76,28027245.0
2021-09-14,46.02,46.94,45.76,46.05,36053222.0
2021-09-15,45.87,46.89,45.85,46.64,31535647.0
2021-09-16,46.9,47.27,46.01,46.28,24102388.0
2021-09-17,45.74,46.69,45.74,46.47,35634049.0
2021-09-20,45.03,45.87,44.84,45.81,30603110.0
2021-09-21,45.98,46.36,45.73,45.85,23049147.0
2021-09-22,46.49,47.69,46.47,47.08,29430711.0
2021-09-23,47.46,48.17,47.16,47.8,21852833.0
2021-09-24,47.78,48.57,47.73,47.92,20384668.0
2021-09-27,48.38,48.94,46.16,47.56,48927455.0
2021-09-28,47.01,47.03,45.07,45.92,49349105.0
2021-09-29,46.45,47.15,45.93,47.03,21730185.0
2021-09-30,47.14,47.15,46.12,46.41,22947456.0
2021-10-01,46.55,47.31,46.49,47.02,18021686.0
2021-10-04,47.02,47.69,46.67,47.02,22315163.0
2021-10-05,47.5,48.45,47.35,47.96,20250450.0
2021-10-06,47.58,48.09,47.06,47.87,17425672.0
2021-10-07,48.26,48.59,47.54,47.76,19272290.0
2021-10-08,47.87,48.34,47.66,48.0,14295435.0
2021-10-11,48.2,48.46,47.22,47.28,15387863.0
2021-10-12,47.29,47.53,46.52,46.65,18995676.0
2021-10-13,46.57,46.57,45.22,46.05,24150340.0
2021-10-14,46.68,46.89,44.83,45.31,53257733.0
2021-10-15,45.72,48.74,45.71,48.38,60096554.0
2021-10-18,48.19,49.71,48.14,49.43,33842717.0
2021-10-19,49.64,50.35,49.28,50.34,26500344.0
2021-10-20,50.19,50.39,49.71,50.16,24227929.0
2021-10-21,49.95,50.6,49.76,50.33,20448349.0
2021-10-22,50.54,51.12,50.49,50.66,21517194.0
2021-10-25,50.89,51.12,50.52,50.62,19330320.0
2021-10-26,50.73,51.1,50.36,50.63,18196320.0
2021-10-27,50.26,50.99,49.95,50.05,21988272.0
2021-10-28,50.38,51.4,50.35,51.36,26785492.0
2021-10-29,51.25,51.64,51.02,51.16,19788549.0
2021-11-01,51.56,52.0,51.27,51.71,18699047.0
2021-11-02,51.54,51.72,51.22,51.3,21672475.0
2021-11-03,51.04,52.57,51.02,52.0,24225733.0
2021-11-04,51.55,51.7,49.91,50.62,32005730.0
2021-11-05,51.0,51.61,50.4,50.44,23443239.0
2021-11-08,50.55,51.37,50.55,50.87,19509514.0
2021-11-09,50.5,50.56,49.21,49.89,28324754.0
2021-11-10,49.74,50.77,49.68,50.36,19827762.0
2021-11-11,50.42,50.91,50.22,50.59,16069704.0
2021-11-12,50.68,51.0,50.37,50.96,17124727.0
2021-11-15,51.19,51.7,50.98,51.08,20110198.0
2021-11-16,51.11,51.18,50.17,50.37,19244872.0
2021-11-17,50.42,50.69,49.53,49.84,17802697.0
2021-11-18,49.63,50.18,49.27,49.9,19199348.0
2021-11-19,49.0,49.24,47.77,48.82,30549683.0
2021-11-22,50.63,51.11,49.73,50.34,28555882.0
2021-11-23,50.71,51.74,50.7,51.4,28026368.0
2021-11-24,51.51,51.74,51.18,51.31,18901905.0
2021-11-26,49.1,49.1,47.69,48.43,29919279.0
2021-11-29,49.67,49.77,48.31,49.16,27677041.0
2021-11-30,48.11,48.51,47.32,47.78,40671735.0
2021-12-01,48.69,49.45,47.18,47.21,29374136.0
2021-12-02,47.73,49.4,47.51,48.91,29184929.0
2021-12-03,49.26,49.26,47.37,47.75,29221906.0
2021-12-06,48.98,49.9,48.71,48.81,31650111.0
2021-12-07,49.46,50.52,49.34,50.25,28370162.0
2021-12-08,50.18,50.31,49.32,49.41,19990328.0
2021-12-09,49.02,50.03,48.74,49.69,16927160.0
2021-12-10,50.29,50.6,49.58,50.2,20040918.0
2021-12-13,49.9,49.96,48.43,48.56,19598933.0
2021-12-14,48.61,49.49,48.6,48.89,17602886.0
2021-12-15,49.02,49.27,48.13,48.94,20284287.0
2021-12-16,49.72,50.82,49.31,50.3,32781050.0
2021-12-17,49.7,49.73,47.87,47.95,74918975.0
2021-12-20,47.06,47.17,46.25,46.85,29134897.0
2021-12-21,47.59,48.14,47.34,47.81,21249436.0
2021-12-22,47.74,48.32,47.62,48.03,15688025.0
2021-12-23,48.4,48.93,48.22,48.36,16025616.0
2021-12-27,48.55,48.82,48.08,48.77,11900424.0
2021-12-28,48.56,49.19,48.36,48.42,14326456.0
2021-12-29,48.6,48.86,48.37,48.45,14390706.0
2021-12-30,48.49,48.91,48.04,48.1,13701312.0
2021-12-31,48.03,48.36,47.84,47.98,12649302.0
2022-01-03,48.93,50.81,48.92,50.73,38987829.0
2022-01-04,51.58,53.15,51.52,52.75,43855114.0
2022-01-05,52.92,53.14,52.0,52.29,35072561.0
2022-01-06,53.15,53.67,52.66,53.63,29720783.0
2022-01-07,53.86,55.19,53.8,54.77,35149255.0
2022-01-10,55.5,56.06,54.48,55.35,34733481.0
2022-01-11,55.56,56.13,55.23,56.06,25073744.0
2022-01-12,56.41,56.71,55.76,56.4,34159376.0
2022-01-13,56.6,57.18,55.76,56.0,34037310.0
2022-01-14,56.85,58.87,56.39,58.06,56739623.0
2022-01-18,57.72,58.11,56.51,56.69,41696460.0
2022-01-19,57.11,57.68,55.47,55.57,34970174.0
2022-01-20,55.72,56.38,54.91,55.0,26972805.0
2022-01-21,54.5,55.0,53.13,53.67,38357592.0
2022-01-24,52.73,53.49,51.18,53.32,48559385.0
2022-01-25,52.67,53.73,51.55,53.59,40858674.0
2022-01-26,53.91,54.92,53.43,54.14,39687068.0
2022-01-27,54.6,55.51,53.23,53.76,34218490.0
2022-01-28,53.61,54.22,52.77,54.19,35519701.0
2022-01-31,53.82,54.05,53.03,53.8,34657457.0
2022-02-01,54.72,55.81,53.99,55.6,35870234.0
2022-02-02,55.27,56.05,54.96,55.93,29037133.0
2022-02-03,55.84,56.29,54.73,55.17,25227381.0
2022-02-04,56.04,57.04,55.47,56.33,33622141.0
2022-02-07,56.41,57.89,55.91,57.33,37480071.0
2022-02-08,58.0,58.98,57.8,58.75,39099621.0
2022-02-09,58.7,59.38,58.34,59.06,25883079.0
2022-02-10,59.55,60.3,58.8,59.05,36092028.0
2022-02-11,58.52,60.24,57.91,58.31,38650503.0
2022-02-14,58.51,58.65,57.18,57.85,32680507.0
2022-02-15,59.12,59.32,58.09,58.38,18230309.0
2022-02-16,57.91,58.88,57.55,58.14,22057183.0
2022-02-17,57.15,57.53,55.76,56.15,24946481.0
2022-02-18,56.15,56.72,55.37,55.63,22137850.0
2022-02-22,55.57,56.12,54.7,55.28,26887770.0
2022-02-23,55.85,56.02,53.76,53.95,21860660.0
2022-02-24,51.76,52.83,50.68,52.71,40917573.0
2022-02-25,53.17,54.44,53.09,54.11,27493473.0
2022-02-28,52.63,53.4,52.21,53.37,31094793.0
2022-03-01,52.44,52.72,50.01,50.29,54135517.0
2022-03-02,51.32,52.82,51.0,52.22,34894295.0
2022-03-03,52.35,52.56,50.94,51.24,24159705.0
2022-03-04,50.04,50.06,48.18,48.79,35895277.0
2022-03-07,48.58,48.58,45.77,45.81,56332477.0
2022-03-08,46.68,48.2,46.35,46.46,60018106.0
2022-03-09,48.79,49.75,48.35,49.16,34560188.0
2022-03-10,48.26,49.57,47.85,49.01,26178780.0
2022-03-11,49.67,50.0,48.43,48.47,23707064.0
2022-03-14,49.66,50.38,49.3,49.86,28166599.0
2022-03-15,50.16,50.63,49.33,50.11,25080554.0
2022-03-16,51.05,52.22,50.73,51.6,34672817.0
2022-03-17,51.02,51.49,50.23,51.48,29930253.0
2022-03-18,50.85,51.54,50.04,51.42,60963397.0
2022-03-21,51.66,51.8,50.61,51.14,23411544.0
2022-03-22,52.41,54.2,52.3,53.39,28625573.0
2022-03-23,52.76,53.05,51.1,51.12,27988681.0
2022-03-24,51.71,51.82,50.91,51.33,19677765.0
2022-03-25,51.47,52.59,51.41,52.56,19137752.0
2022-03-28,52.03,52.11,50.78,51.81,24115385.0
2022-03-29,53.06,53.3,51.52,51.6,20915025.0
2022-03-30,51.53,51.68,49.79,50.11,30913813.0
2022-03-31,49.75,50.43,48.43,48.46,31238471.0
2022-04-01,49.25,49.47,47.83,48.71,29989948.0
2022-04-04,48.45,48.66,47.61,48.46,23817213.0
2022-04-05,47.91,48.9,47.77,48.12,21757285.0
2022-04-06,47.69,48.08,47.4,47.89,26001173.0
2022-04-07,48.16,48.3,46.58,47.74,29486490.0
2022-04-08,48.0,48.89,47.93,48.73,23659786.0
2022-04-11,48.94,50.19,48.92,49.33,27040961.0
2022-04-12,49.68,49.9,48.0,48.42,25791898.0
2022-04-13,47.54,48.62,47.45,48.54,20645250.0
2022-04-14,45.89,47.82,45.03,46.35,65583236.0
2022-04-18,46.22,47.58,46.15,47.17,26120864.0
2022-04-19,47.39,48.19,47.33,47.83,19753344.0
2022-04-20,48.48,49.37,48.32,48.65,25893016.0
2022-04-21,49.15,49.49,47.6,47.78,19027637.0
2022-04-22,47.69,47.92,46.26,46.34,21676840.0
2022-04-25,45.76,45.97,44.53,45.83,30045485.0
2022-04-26,45.16,46.0,44.56,44.58,21527416.0
2022-04-27,44.41,45.19,44.14,44.58,19520852.0
2022-04-28,45.04,45.31,44.31,45.17,17430977.0
2022-04-29,45.04,45.4,43.51,43.63,27149365.0
2022-05-02,43.87,44.04,42.61,43.67,25009323.0
2022-05-03,43.9,44.64,43.66,44.16,21545258.0
2022-05-04,44.31,46.13,44.18,45.98,29467984.0
2022-05-05,45.0,45.06,43.45,44.76,29978552.0
2022-05-06,44.61,44.88,43.52,44.55,27035308.0
2022-05-09,43.97,44.54,43.23,43.96,27132655.0
2022-05-10,44.39,44.71,42.19,43.08,25276065.0
2022-05-11,43.11,44.51,42.49,42.57,25291635.0
2022-05-12,42.23,42.41,40.92,41.81,30171669.0
2022-05-13,42.45,43.19,42.28,42.64,21253242.0
2022-05-16,42.4,42.67,41.7,42.21,16837420.0
2022-05-17,42.99,43.82,42.96,43.71,23340475.0
2022-05-18,43.29,43.31,41.89,42.11,27351304.0
2022-05-19,41.7,42.31,41.57,42.0,25211943.0
2022-05-20,42.51,42.79,40.74,41.67,35410447.0
2022-05-23,42.73,44.32,42.73,43.82,27979139.0
2022-05-24,43.69,43.77,42.64,43.29,23995958.0
2022-05-25,43.09,44.46,43.03,44.12,22343936.0
2022-05-26,44.83,45.76,44.75,45.6,23502476.0
2022-05-27,45.7,46.05,45.45,45.89,19482595.0
2022-05-31,45.34,46.27,45.0,45.77,40727420.0
2022-06-01,45.96,46.07,44.4,45.16,20417940.0
2022-06-02,45.12,45.43,44.51,45.33,14633272.0
2022-06-03,44.83,45.33,44.61,44.82,12572421.0
2022-06-06,45.34,45.89,44.96,45.12,11867170.0
2022-06-07,44.76,45.54,44.63,45.47,13281641.0
2022-06-08,44.88,45.07,44.23,44.63,12364407.0
2022-06-09,44.58,44.63,42.64,42.67,20159161.0
2022-06-10,41.03,41.44,40.02,40.08,27625790.0
2022-06-13,38.98,39.68,38.77,38.99,27553788.0
2022-06-14,38.77,39.3,37.01,37.43,36817591.0
2022-06-15,38.0,38.66,37.33,38.17,31358082.0
2022-06-16,37.36,37.73,36.54,37.65,37991483.0
2022-06-17,37.83,38.97,37.5,38.48,59114262.0
2022-06-21,39.86,39.94,38.87,38.99,24884695.0
2022-06-22,38.39,39.07,38.31,38.6,18635438.0
2022-06-23,38.06,38.36,37.15,37.9,23143788.0
2022-06-24,38.68,41.1,38.51,40.76,39407715.0
2022-06-27,40.84,40.99,39.9,40.24,16996810.0
2022-06-28,40.97,41.56,40.08,40.18,18141739.0
2022-06-29,40.27,40.53,39.55,39.71,15778666.0
2022-06-30,39.07,39.71,38.28,39.17,20425668.0
2022-07-01,38.72,40.08,38.46,39.92,15333852.0
2022-07-05,39.0,40.12,38.51,40.1,19153309.0
2022-07-06,39.61,40.03,38.93,39.5,17014086.0
2022-07-07,40.21,40.49,39.73,40.12,21060401.0
2022-07-08,40.3,40.7,39.86,40.18,14437509.0
2022-07-11,39.67,40.01,39.24,39.79,13117023.0
2022-07-12,39.08,40.47,39.01,39.6,15127341.0
2022-07-13,39.08,39.35,38.41,39.07,14116762.0
2022-07-14,38.09,38.75,37.43,38.74,24355325.0
2022-07-15,39.4,41.81,39.23,41.13,40328336.0
2022-07-18,41.93,42.79,41.02,41.19,17991317.0
2022-07-19,41.88,43.07,41.75,42.9,25724214.0
2022-07-20,42.54,43.03,42.36,42.72,19111193.0
2022-07-21,42.48,43.37,42.28,43.28,17808953.0
2022-07-22,43.17,43.53,42.69,43.17,15965371.0
2022-07-25,43.53,43.91,43.21,43.5,20297871.0
2022-07-26,43.11,43.68,42.81,42.9,15446668.0
2022-07-27,42.98,43.97,42.69,43.71,19498409.0
2022-07-28,43.55,43.83,42.71,43.32,14527314.0
2022-07-29,43.31,44.35,43.31,43.87,17512749.0
2022-08-01,43.44,44.16,43.16,43.54,13668336.0
2022-08-02,43.49,43.54,42.86,42.88,17763980.0
2022-08-03,43.39,44.57,43.25,43.89,17359472.0
2022-08-04,43.5,43.6,42.64,42.77,15062818.0
2022-08-05,42.58,44.3,42.53,43.76,16021034.0
2022-08-08,43.97,44.19,43.13,43.19,12882192.0
2022-08-09,43.22,43.79,42.99,43.4,10489538.0
2022-08-10,44.04,44.7,44.04,44.33,14037553.0
2022-08-11,45.0,45.61,44.89,45.25,14038759.0
2022-08-12,45.52,45.96,45.19,45.94,10706009.0
2022-08-15,45.41,45.82,44.91,45.75,11070262.0
2022-08-16,45.58,46.32,45.35,46.06,12234120.0
2022-08-17,45.72,46.31,45.55,46.14,13151653.0
2022-08-18,46.14,46.2,45.76,46.14,7885936.0
2022-08-19,45.9,46.02,45.04,45.35,13143109.0
2022-08-22,44.6,44.74,44.12,44.41,12391386.0
2022-08-23,44.46,44.96,44.28,44.37,10475081.0
2022-08-24,44.33,44.7,44.02,44.64,11706720.0
2022-08-25,44.79,45.52,44.43,45.39,11783235.0
2022-08-26,45.58,45.72,43.94,43.97,13405211.0
2022-08-29,43.8,44.32,43.58,43.92,12504898.0
2022-08-30,44.26,44.44,43.55,44.14,14365040.0
2022-08-31,44.28,44.59,43.61,43.71,22609074.0
2022-09-01,43.66,43.74,42.8,43.7,13172983.0
2022-09-02,44.3,44.8,43.17,43.38,13025894.0
2022-09-06,43.71,43.88,42.36,42.88,14708716.0
2022-09-07,42.54,43.91,42.25,43.84,19475847.0
2022-09-08,43.62,45.26,43.34,45.23,18500268.0
2022-09-09,45.51,45.81,45.25,45.33,12877226.0
2022-09-12,45.68,46.14,45.26,45.53,12127936.0
2022-09-13,44.35,44.53,43.04,43.22,21124908.0
2022-09-14,43.25,43.61,42.25,43.28,15067769.0
2022-09-15,43.4,44.69,43.35,44.14,13173183.0
2022-09-16,43.7,44.06,43.33,43.94,21238767.0
2022-09-19,43.43,44.61,43.41,44.32,11324052.0
2022-09-20,43.89,44.29,43.09,43.41,19503917.0
2022-09-21,43.66,43.81,42.24,42.27,19207117.0
2022-09-22,42.49,42.51,41.44,41.52,15499003.0
2022-09-23,40.82,40.98,39.7,40.41,23316195.0
2022-09-26,40.14,40.54,39.34,40.01,21419992.0
2022-09-27,40.21,40.59,39.41,40.03,17541410.0
2022-09-28,39.9,41.06,39.9,40.81,16033451.0
2022-09-29,40.16,40.69,39.77,40.5,14811335.0
2022-09-30,40.64,41.14,40.18,40.22,21182153.0
2022-10-03,41.29,41.8,40.64,41.58,16827628.0
2022-10-04,42.16,43.59,42.16,43.54,18601267.0
2022-10-05,42.83,43.54,42.56,43.31,15873363.0
2022-10-06,42.87,43.14,42.21,42.24,15634801.0
2022-10-07,42.03,42.12,41.39,41.79,17186699.0
2022-10-10,41.94,42.11,41.15,41.45,10973663.0
2022-10-11,41.22,41.32,40.06,40.23,19135869.0
2022-10-12,40.24,41.22,39.96,40.51,16469940.0
2022-10-13,39.75,42.67,39.75,42.38,23808696.0
2022-10-14,43.8,44.93,43.13,43.17,33977458.0
2022-10-17,44.66,45.19,43.89,43.96,24506990.0
2022-10-18,45.11,45.3,43.82,44.67,24810427.0
2022-10-19,44.18,44.52,43.3,43.62,17876771.0
2022-10-20,43.68,44.43,43.5,43.65,17572664.0
2022-10-21,43.64,44.88,43.57,44.83,18632838.0
2022-10-24,44.95,45.53,44.83,45.2,16154290.0
2022-10-25,44.78,45.6,44.37,45.37,16362245.0
2022-10-26,45.66,46.21,45.47,45.7,15013443.0
2022-10-27,46.02,46.49,45.55,45.65,14655473.0
2022-10-28,45.91,46.49,45.47,46.35,14990408.0
2022-10-31,46.14,46.52,45.98,45.99,13999976.0
2022-11-01,46.58,47.06,46.26,46.95,22409133.0
2022-11-02,46.88,47.55,46.49,46.88,29250236.0
2022-11-03,46.2,46.2,45.41,45.54,17140059.0
2022-11-04,46.33,46.91,45.9,46.74,27082490.0
2022-11-07,47.13,47.82,46.81,47.07,17713343.0
2022-11-08,47.25,47.47,46.72,47.18,14842744.0
2022-11-09,46.8,47.0,45.95,45.97,18318730.0
2022-11-10,47.02,48.11,46.93,47.95,23091917.0
2022-11-11,48.1,48.36,47.33,47.55,18076599.0
2022-11-14,47.2,47.57,46.87,46.87,13929946.0
2022-11-15,47.38,47.51,46.24,46.71,19076020.0
2022-11-16,46.67,46.85,46.03,46.21,14713334.0
2022-11-17,45.72,46.17,45.47,45.99,11357648.0
2022-11-18,46.72,46.77,45.97,46.5,10515277.0
2022-11-21,46.38,47.09,46.38,46.84,11656810.0
2022-11-22,47.13,47.4,46.91,47.11,11684932.0
2022-11-23,47.12,47.5,46.99,47.33,10878534.0
2022-11-25,47.36,47.64,47.02,47.44,4913253.0
2022-11-28,47.12,47.75,46.92,46.98,12493529.0
2022-11-29,47.18,47.65,47.04,47.57,13344936.0
2022-11-30,47.32,47.95,46.14,47.95,26417009.0
2022-12-01,47.93,48.18,46.46,46.87,15980271.0
2022-12-02,46.39,46.52,44.88,45.94,29820376.0
2022-12-05,45.7,45.88,43.62,43.66,32574620.0
2022-12-06,43.68,43.85,42.66,43.4,25961448.0
2022-12-07,43.09,43.34,42.44,42.45,24114882.0
2022-12-08,42.71,42.89,42.11,42.58,17161416.0
2022-12-09,42.33,42.92,42.32,42.5,16023748.0
2022-12-12,42.6,42.93,42.11,42.86,18428878.0
2022-12-13,43.88,44.08,42.11,42.62,31496029.0
2022-12-14,42.59,43.23,41.95,42.18,22044435.0
2022-12-15,41.42,41.71,41.01,41.37,16767015.0
2022-12-16,41.03,41.45,40.85,41.19,29836155.0
2022-12-19,41.34,41.91,41.11,41.82,17454159.0
2022-12-20,41.29,42.56,40.97,40.98,25415425.0
2022-12-21,41.36,41.64,40.92,41.12,20170810.0
2022-12-22,40.71,40.74,40.02,40.68,17382728.0
2022-12-23,40.69,41.0,40.45,40.98,10167450.0
2022-12-27,41.01,41.14,40.61,41.04,10297637.0
2022-12-28,40.94,41.38,40.86,41.12,11889350.0
2022-12-29,41.15,41.4,41.06,41.33,11597069.0
2022-12-30,41.11,41.43,40.99,41.29,10021490.0
2023-01-03,41.61,42.14,41.45,41.79,15944341.0
2023-01-04,42.26,43.06,42.23,42.65,18943554.0
2023-01-05,42.58,42.63,41.93,42.42,12380714.0
2023-01-06,42.59,43.0,42.1,42.8,15247015.0
2023-01-09,43.12,43.13,42.16,42.39,21225581.0
2023-01-10,42.67,42.88,42.02,42.36,18348818.0
2023-01-11,42.38,42.83,42.02,42.74,18272129.0
2023-01-12,43.05,43.55,42.8,42.83,20940373.0
2023-01-13,41.38,44.36,40.46,44.22,41649673.0
2023-01-17,43.84,44.37,43.18,44.12,25473853.0
2023-01-18,43.96,44.61,43.3,43.38,20277987.0
2023-01-19,42.91,43.2,42.52,42.95,18565318.0
2023-01-20,43.08,43.94,42.76,43.92,23237244.0
2023-01-23,43.94,45.18,43.87,45.03,19692033.0
2023-01-24,38.1,45.2,40.01,44.45,13697168.0
2023-01-25,44.05,45.42,44.03,45.34,17285326.0
2023-01-26,45.53,45.9,45.16,45.81,16724633.0
2023-01-27,45.81,46.37,45.81,46.12,18161805.0
2023-01-30,45.91,46.65,45.81,46.29,19427394.0
2023-01-31,46.32,46.88,46.06,46.87,22840370.0
2023-02-01,46.66,47.8,46.47,47.33,21874606.0
2023-02-02,47.32,47.57,46.43,47.23,19057958.0
2023-02-03,47.0,48.04,46.95,47.58,17346886.0
2023-02-06,47.26,47.76,47.15,47.68,15948898.0
2023-02-07,47.44,48.41,47.35,48.13,21764791.0
2023-02-08,47.7,48.61,47.61,48.25,18070537.0
2023-02-09,48.47,48.63,47.49,47.57,17362107.0
2023-02-10,47.41,47.71,46.98,47.51,18929038.0
2023-02-13,47.34,48.15,47.13,48.13,16451661.0
2023-02-14,47.93,48.84,47.75,48.5,16844439.0
2023-02-15,47.92,48.26,47.7,47.97,12856710.0
2023-02-16,47.6,47.81,47.19,47.22,12631719.0
2023-02-17,47.09,47.57,47.02,47.49,13463805.0
2023-02-21,47.07,47.07,45.97,46.24,13652656.0
2023-02-22,45.95,46.23,45.69,46.01,13402927.0
2023-02-23,46.12,46.44,45.79,46.25,14783579.0
2023-02-24,45.84,46.76,45.7,46.62,16040295.0
2023-02-27,46.94,47.43,46.72,46.78,15468291.0
2023-02-28,46.67,47.03,46.54,46.77,18627235.0
2023-03-01,46.5,46.92,46.25,46.68,13382237.0
2023-03-02,46.46,46.62,45.38,45.8,19116480.0
2023-03-03,46.02,46.98,45.91,46.85,14947169.0
2023-03-06,46.88,47.18,46.51,46.63,14235998.0
2023-03-07,46.19,46.27,44.12,44.45,24056783.0
2023-03-08,44.26,44.56,43.6,43.84,14852048.0
2023-03-09,43.44,43.53,40.83,41.13,33599809.0
2023-03-10,40.58,42.36,39.73,41.36,55435396.0
2023-03-13,39.8,40.55,38.21,38.41,78806919.0
2023-03-14,41.5,41.6,39.37,40.17,52855086.0
2023-03-15,38.3,38.98,38.08,38.85,47324577.0
2023-03-16,38.63,40.06,38.15,39.3,40397549.0
2023-03-17,38.76,38.76,37.53,37.76,47403809.0
2023-03-20,38.12,38.45,37.45,37.48,34283746.0
2023-03-21,38.61,38.96,38.36,38.48,34664650.0
2023-03-22,38.71,38.71,37.19,37.2,22994382.0
2023-03-23,37.49,37.64,36.51,36.61,30239875.0
2023-03-24,36.0,36.48,35.25,36.23,35703105.0
2023-03-27,37.02,37.69,36.96,37.47,27454606.0
2023-03-28,37.36,37.59,36.87,37.18,15270005.0
2023-03-29,37.6,38.01,37.3,37.97,20789094.0
2023-03-30,38.3,38.5,37.17,37.38,22340446.0
2023-03-31,37.73,37.95,37.31,37.38,30287859.0
2023-04-03,37.52,38.16,37.4,37.72,21540975.0
2023-04-04,37.7,37.8,36.39,36.81,21942678.0
2023-04-05,36.5,37.01,36.27,36.89,15486891.0
2023-04-06,37.11,38.1,37.06,37.9,23484942.0
2023-04-10,37.7,38.71,37.61,38.63,27005818.0
2023-04-11,38.77,39.54,38.71,39.37,25116114.0
2023-04-12,39.42,39.85,38.89,39.19,20252925.0
2023-04-13,39.32,39.68,39.04,39.66,22397755.0
2023-04-14,39.75,40.51,39.12,39.64,40963063.0
2023-04-17,39.83,41.3,39.56,41.3,31445105.0
2023-04-18,41.21,42.06,41.14,41.87,27892257.0
2023-04-19,41.97,42.41,41.79,42.24,23310493.0
2023-04-20,41.87,42.05,41.45,41.67,19265538.0
2023-04-21,41.21,41.4,40.21,41.24,23975297.0
2023-04-24,41.13,41.6,41.04,41.45,17327817.0
2023-04-25,40.7,41.06,40.39,40.55,20727970.0
2023-04-26,40.24,40.45,39.25,39.46,26915624.0
2023-04-27,39.53,39.78,39.32,39.66,21695753.0
2023-04-28,39.25,39.92,38.96,39.75,20192960.0
2023-05-01,40.49,41.18,40.19,40.39,26564347.0
2023-05-02,40.01,40.01,38.32,38.84,36239477.0
2023-05-03,39.03,39.67,38.61,38.65,25202737.0
2023-05-04,37.68,38.08,36.4,36.72,53246973.0
2023-05-05,37.46,38.28,37.33,37.94,27039663.0
2023-05-08,38.43,38.78,38.15,38.38,22735421.0
2023-05-09,37.94,38.67,37.77,38.54,18999064.0
2023-05-10,39.2,39.23,37.9,38.28,17941573.0
2023-05-11,37.76,38.48,37.41,38.33,18536194.0
2023-05-12,38.46,38.53,37.18,37.49,17658639.0
2023-05-15,37.6,39.1,37.46,38.77,24405846.0
2023-05-16,38.68,38.77,38.32,38.39,21823892.0
2023-05-17,38.99,40.61,38.89,40.46,29241596.0
2023-05-18,40.32,40.32,39.57,40.21,27213897.0
2023-05-19,40.33,40.46,39.62,40.03,19774940.0
2023-05-22,40.2,41.23,40.1,40.98,27519430.0
2023-05-23,41.01,42.12,40.98,41.21,26116555.0
2023-05-24,40.89,41.29,40.68,40.87,21193748.0
2023-05-25,40.62,41.29,40.52,40.9,17691783.0
2023-05-26,40.9,41.52,40.76,41.23,17399404.0
2023-05-30,41.24,41.42,40.34,40.98,14752581.0
2023-05-31,40.29,40.47,39.3,39.81,27221068.0
2023-06-01,40.21,40.53,39.68,40.06,17079390.0
2023-06-02,40.62,41.55,40.38,41.24,16906059.0
2023-06-05,41.16,41.16,40.44,40.45,18443896.0
2023-06-06,40.4,41.62,40.26,41.26,18825118.0
2023-06-07,41.45,42.14,40.99,42.07,17781833.0
2023-06-08,41.7,42.4,41.56,42.37,17159322.0
2023-06-09,42.33,42.47,42.03,42.13,11101144.0
2023-06-12,42.11,42.76,41.41,41.83,19435624.0
2023-06-13,41.68,43.34,41.53,42.65,18863972.0
2023-06-14,42.75,42.99,41.99,42.08,14826069.0
2023-06-15,41.82,42.42,41.62,42.36,14188171.0
2023-06-16,42.58,42.74,42.06,42.18,36422065.0
2023-06-20,42.12,42.14,41.34,41.89,16681109.0
2023-06-21,41.85,41.96,41.53,41.65,11686483.0
2023-06-22,41.55,41.63,40.92,41.06,11506653.0
2023-06-23,40.53,40.74,40.3,40.61,18952026.0
2023-06-26,40.78,41.22,40.46,40.59,13618534.0
2023-06-27,40.62,41.06,40.34,40.91,11749594.0
2023-06-28,40.92,40.94,40.38,40.62,13959577.0
2023-06-29,41.48,42.51,41.37,42.45,23956315.0
2023-06-30,42.95,43.22,42.62,42.68,20062199.0
2023-07-03,42.88,43.6,42.74,43.4,9249140.0
2023-07-05,43.23,43.62,42.77,43.48,15723583.0
2023-07-06,43.22,43.31,42.24,42.89,14981509.0
2023-07-07,42.59,43.43,42.59,42.77,13506536.0
2023-07-10,42.71,42.99,42.28,42.32,16675756.0
2023-07-11,42.35,42.93,42.07,42.74,15402345.0
2023-07-12,43.31,43.85,43.01,43.26,13998344.0
2023-07-13,43.47,43.76,43.3,43.71,18034790.0
2023-07-14,44.75,45.31,43.3,43.56,30897627.0
2023-07-17,43.56,45.13,43.55,44.74,25175572.0
2023-07-18,44.77,45.7,44.6,45.6,24188946.0
2023-07-19,45.93,46.57,45.54,46.26,18932692.0
2023-07-20,46.37,47.24,46.21,47.13,18927160.0
2023-07-21,47.18,47.21,45.95,45.96,16215407.0
2023-07-24,45.97,46.83,45.96,46.42,12053227.0
2023-07-25,46.39,46.64,45.43,45.48,13537415.0
2023-07-26,46.48,46.83,46.11,46.44,19520918.0
2023-07-27,46.56,47.17,45.58,45.77,19509566.0
2023-07-28,46.05,46.23,45.57,46.14,12617523.0
2023-07-31,46.34,46.68,45.86,46.16,11698545.0
2023-08-01,46.01,46.16,45.34,45.71,12705674.0
2023-08-02,45.1,45.17,44.56,45.1,13914289.0
2023-08-03,44.71,45.39,44.51,45.15,12154795.0
2023-08-04,45.1,45.7,44.71,44.85,10840773.0
2023-08-07,45.18,45.46,44.92,45.06,10860288.0
2023-08-08,43.98,44.55,43.38,44.48,14519961.0
2023-08-09,44.22,44.25,43.57,43.72,11973847.0
2023-08-10,44.0,44.39,43.62,43.67,11982245.0
2023-08-11,43.51,43.85,43.38,43.73,7316190.0
2023-08-14,43.53,43.91,43.27,43.74,10676968.0
2023-08-15,43.13,43.26,42.52,42.73,13835858.0
2023-08-16,42.66,42.73,42.14,42.22,10076681.0
2023-08-17,42.47,42.75,42.26,42.47,12685974.0
2023-08-18,42.1,42.79,42.05,42.5,10797342.0
2023-08-21,42.65,42.87,42.12,42.49,12600402.0
2023-08-22,42.46,42.57,41.43,41.5,13634776.0
2023-08-23,41.56,41.64,41.22,41.61,11927385.0
2023-08-24,41.45,42.18,41.39,41.43,10363278.0
2023-08-25,41.64,41.8,40.77,41.23,12534674.0
2023-08-28,41.41,42.07,41.29,41.88,10314541.0
2023-08-29,41.87,42.37,41.65,42.0,14404781.0
2023-08-30,42.06,42.13,41.47,41.54,12536289.0
2023-08-31,41.68,41.71,41.11,41.29,21534921.0
2023-09-01,41.55,41.99,41.51,41.65,12890291.0
2023-09-05,41.65,42.28,41.31,41.54,14337172.0
2023-09-06,41.21,41.4,40.6,41.02,18775431.0
2023-09-07,40.73,41.02,40.3,40.43,13800976.0
2023-09-08,40.45,41.12,40.33,41.0,13922599.0
2023-09-11,41.38,41.72,41.21,41.33,15053845.0
2023-09-12,41.41,42.97,41.27,42.54,18393944.0
2023-09-13,42.71,42.88,42.12,42.25,15274153.0
2023-09-14,42.81,43.39,42.7,43.05,20764473.0
2023-09-15,42.67,43.31,42.61,42.95,47371772.0
2023-09-18,42.99,43.6,42.77,43.43,15849745.0
2023-09-19,43.55,43.74,42.9,43.22,15319631.0
2023-09-20,43.4,43.72,42.82,42.87,16794930.0
2023-09-21,42.75,43.17,42.29,42.32,14990853.0
2023-09-22,42.33,42.39,41.15,41.23,16783109.0
2023-09-25,40.88,41.62,40.77,41.56,10624004.0
2023-09-26,41.05,41.31,40.36,40.65,15219393.0
2023-09-27,40.63,41.2,40.46,40.86,11815519.0
2023-09-28,40.84,41.2,40.72,40.91,12454556.0
2023-09-29,41.2,41.39,40.58,40.86,13124465.0
2023-10-02,40.7,40.76,39.44,39.61,15102034.0
2023-10-03,39.38,39.47,38.47,38.67,19252888.0
2023-10-04,38.51,39.11,38.39,38.97,14343461.0
2023-10-05,38.76,39.42,38.6,39.3,11820594.0
2023-10-06,38.89,39.89,38.76,39.69,13976757.0
2023-10-09,39.11,39.8,39.1,39.7,12096616.0
2023-10-10,39.92,40.38,39.72,39.82,14429734.0
2023-10-11,40.01,40.21,39.25,39.69,14835937.0
2023-10-12,39.69,40.01,39.32,39.74,14878060.0
2023-10-13,40.83,41.64,40.47,40.96,28092154.0
2023-10-16,41.47,42.17,41.4,41.65,18418958.0
2023-10-17,41.43,42.37,41.43,41.98,16982347.0
2023-10-18,41.7,41.94,41.35,41.53,16053154.0
2023-10-19,41.48,42.22,41.16,41.18,16120344.0
2023-10-20,41.05,41.09,39.94,40.27,17498803.0
2023-10-23,40.26,40.38,39.42,39.48,13785821.0
2023-10-24,39.615,39.83,39.24,39.28,15097799.0
2023-10-25,39.07,39.205,38.575,39.03,13848959.0
2023-10-26,39.02,39.975,38.98,39.65,15480243.0
2023-10-27,39.38,39.41,38.62,38.76,13582756.0
2023-10-30,39.1,39.59,38.69,39.43,14141830.0
2023-10-31,39.64,39.81,39.235,39.77,11919151.0
2023-11-01,39.96,39.98,39.285,39.61,19850326.0
2023-11-02,39.74,40.54,39.39,40.51,19998111.0
2023-11-03,41.17,41.86,41.07,41.62,16147458.0
2023-11-06,41.79,41.79,41.15,41.34,15148503.0
2023-11-07,41.18,41.2,40.74,41.04,13796660.0
2023-11-08,41.07,41.19,40.43,40.98,19418659.0
2023-11-09,41.295,41.38,40.27,40.4,14006476.0
2023-11-10,40.63,40.95,40.36,40.89,14707291.0
2023-11-13,40.735,41.055,40.53,40.77,12159663.0
2023-11-14,41.5,42.3812,41.46,42.08,20183765.0
2023-11-15,42.07,43.025,42.07,42.84,17268133.0
2023-11-16,42.82,42.96,41.99,42.53,16931047.0
2023-11-17,42.825,42.99,42.44,42.96,13893804.0
2023-11-20,42.86,42.95,42.51,42.79,10369704.0
2023-11-21,42.64,42.725,42.15,42.6,16078313.0
2023-11-22,42.66,42.8344,42.4,42.78,11862166.0
2023-11-24,42.8,43.11,42.73,42.92,5271688.0
2023-11-27,42.64,43.03,42.52,43.02,15714739.0
2023-11-28,42.97,43.45,42.79,43.37,15332802.0
2023-11-29,43.69,44.135,43.625,43.78,16745987.0
2023-11-30,43.81,44.75,43.48,44.59,23247475.0
2023-12-01,44.51,45.2351,44.38,45.02,18116068.0
2023-12-04,44.71,45.33,44.5181,45.12,13424137.0
2023-12-05,44.95,44.97,44.41,44.49,14531689.0
2023-12-06,44.8,45.25,44.43,44.5,18923734.0
2023-12-07,44.79,45.44,44.65,45.4,18787791.0
2023-12-08,45.36,46.335,45.12,46.1,20238192.0
2023-12-11,45.9,46.22,45.57,46.0,21116909.0
2023-12-12,45.94,46.76,45.81,46.47,19786932.0
2023-12-13,46.495,47.775,46.35,47.76,26549110.0
2023-12-14,48.44,50.55,48.44,50.51,41115343.0
2023-12-15,50.1,50.77,49.92,50.31,44099130.0
2023-12-18,50.41,50.48,49.53,49.66,20531685.0
2023-12-19,49.67,50.32,49.31,50.09,20556349.0
2023-12-20,49.83,50.5681,49.29,49.34,20481412.0
2023-12-21,49.62,49.83,49.13,49.45,11127600.0
2023-12-22,49.66,49.86,49.09,49.18,10450409.0
2023-12-26,49.16,49.67,49.03,49.64,8856607.0
2023-12-27,49.41,49.565,49.15,49.33,12536734.0
2023-12-28,49.14,49.65,49.09,49.48,9872634.0
2023-12-29,49.35,49.575,49.21,49.22,11733457.0
2024-01-02,49.05,49.76,48.82,49.33,14915973.0
2024-01-03,49.09,49.09,48.32,48.68,21653163.0
2024-01-04,48.82,49.855,48.77,49.28,15917377.0
2024-01-05,49.4,50.47,49.29,49.92,15074725.0
2024-01-08,49.38,49.985,49.145,49.92,15119706.0
2024-01-09,49.44,49.46,49.05,49.29,13625172.0
2024-01-10,49.0,49.115,48.605,49.08,11849691.0
2024-01-11,48.89,49.08,48.34,49.04,21049143.0
2024-01-12,47.95,48.78,47.0,47.4,30453564.0
2024-01-16,46.77,47.06,46.22,46.82,25209831.0
2024-01-17,46.24,47.055,46.21,46.67,17445570.0
2024-01-18,46.55,46.62,46.12,46.44,17901253.0
2024-01-19,46.63,48.18,46.38,48.12,25606893.0
2024-01-22,48.23,48.93,48.16,48.53,19372125.0
2024-01-23,48.65,49.215,48.4001,49.12,16421944.0
2024-01-24,49.37,50.09,49.25,49.49,17776002.0
2024-01-25,49.68,49.935,49.5,49.88,17979556.0
2024-01-26,49.84,50.5,49.77,50.32,19211127.0
2024-01-29,50.16,50.67,49.99,50.35,16725052.0
2024-01-30,50.63,51.27,50.62,51.19,14736818.0
2024-01-31,51.01,51.44,50.155,50.18,20394311.0
2024-02-01,49.82,49.965,47.88,48.73,27566034.0
2024-02-02,48.5,49.57,48.06,49.16,19328977.0
2024-02-05,48.61,48.92,48.24,48.7,14202439.0
2024-02-06,48.52,49.12,48.01,48.29,13928474.0
2024-02-07,48.45,48.6,47.45,48.48,15839441.0
2024-02-08,48.18,48.5,48.055,48.35,10839237.0
2024-02-09,48.22,48.27,47.465,48.06,16593965.0
2024-02-12,48.0,49.29,47.8814,48.92,14101940.0
2024-02-13,48.4,48.71,47.5901,48.24,13659950.0
2024-02-14,48.6,48.72,47.96,48.53,12683358.0
2024-02-15,48.73,52.45,48.62,52.04,46473456.0
2024-02-16,51.94,52.32,51.32,51.91,24359699.0
2024-02-20,51.5,52.24,51.27,51.77,19839124.0
2024-02-21,51.64,52.68,51.13,52.66,18563727.0
2024-02-22,52.83,53.91,52.75,53.37,20467847.0
2024-02-23,53.53,54.02,53.42,53.86,20863496.0
2024-02-26,53.75,54.56,53.68,54.13,18099809.0
2024-02-27,54.275,54.89,54.24,54.81,19548170.0
2024-02-28,54.735,55.42,54.57,54.72,20045146.0
2024-02-29,55.04,55.695,54.94,55.59,28335630.0
2024-03-01,55.4,55.75,54.895,55.06,17760949.0
2024-03-04,54.87,56.559,54.73,55.81,19483100.0
2024-03-05,55.71,57.1,55.43,56.6,21786060.0
2024-03-06,56.82,57.39,56.27,57.11,25418497.0
2024-03-07,57.05,57.68,56.87,57.0,18116262.0
2024-03-08,57.21,57.54,56.88,57.07,17872501.0
2024-03-11,56.775,57.345,56.52,57.09,16622016.0
2024-03-12,57.25,58.11,57.1,57.61,23622801.0
2024-03-13,57.62,58.44,57.62,57.82,17444933.0
2024-03-14,57.87,58.125,57.12,57.37,24851015.0
2024-03-15,56.86,58.3,56.86,57.51,40782636.0
2024-03-18,57.6,57.83,57.11,57.77,16376548.0
2024-03-19,57.645,57.94,56.92,57.01,14504724.0
2024-03-20,56.62,57.51,56.28,57.3,22841413.0
2024-03-21,57.59,58.115,57.45,57.85,18141679.0
2024-03-22,57.81,58.015,57.12,57.13,13736602.0
2024-03-25,57.075,57.33,56.37,56.73,15028153.0
2024-03-26,57.14,57.15,56.59,56.68,11445820.0
2024-03-27,56.38,57.64,56.38,57.61,13762586.0
2024-03-28,57.66,58.08,57.56,57.96,14618982.0
2024-04-01,57.88,57.88,57.26,57.61,11039467.0
2024-04-02,57.36,58.0,57.19,57.35,14632878.0
2024-04-03,57.2,57.96,56.85,57.13,13226477.0
2024-04-04,57.73,58.0,56.54,56.68,12361915.0
2024-04-05,56.63,57.62,56.57,57.4,11080968.0
2024-04-08,57.38,57.98,57.31,57.79,15308824.0
2024-04-09,57.7,57.99,56.87,57.58,10645952.0
2024-04-10,56.79,57.3,56.42,56.94,16475238.0
2024-04-11,56.98,57.0,55.63,56.69,18995594.0
2024-04-12,55.97,57.0,55.34,56.47,27876733.0
2024-04-15,57.61,57.98,56.74,56.97,19407516.0
2024-04-16,56.9,56.96,55.66,56.41,25620002.0
2024-04-17,56.88,57.63,56.65,57.18,18867719.0
2024-04-18,57.63,59.13,57.22,58.74,24468521.0
2024-04-19,59.0,60.85,58.86,60.35,34334317.0
2024-04-22,60.4,61.49,60.34,61.1,21753384.0
2024-04-23,61.17,61.76,60.81,60.94,21731239.0
2024-04-24,60.6,60.95,60.05,60.6,19731585.0
2024-04-25,60.61,60.96,59.6,59.93,24002548.0
2024-04-26,59.78,60.43,59.38,59.91,18785900.0
2024-04-29,59.86,60.3,59.36,59.8,15343629.0
2024-04-30,59.6,59.99,59.3,59.32,18007721.0
2024-05-01,59.58,60.15,59.33,59.52,16366622.0
2024-05-02,60.12,60.15,59.32,59.83,15329457.0
2024-05-03,60.03,60.258,59.12,59.94,17298461.0
2024-05-06,60.47,60.878,59.835,60.19,16240012.0
2024-05-07,60.28,60.61,60.06,60.26,16268334.0
2024-05-08,60.15,61.43,60.095,61.23,18718390.0
2024-05-09,60.74,61.37,60.48,61.28,14224341.0
2024-05-10,61.46,61.97,61.46,61.89,14428151.0
2024-05-13,61.96,62.17,61.21,61.26,15203467.0
2024-05-14,61.56,61.985,61.02,61.89,14499402.0
2024-05-15,62.2,62.55,61.87,62.34,17489595.0
2024-05-16,62.45,62.475,60.965,61.06,21104094.0
2024-05-17,61.41,61.63,60.885,61.08,15795879.0
2024-05-20,60.975,61.79,60.59,60.7,15029013.0
2024-05-21,60.82,61.7,60.78,61.46,18422116.0
2024-05-22,61.3,61.45,60.51,60.93,10340462.0
2024-05-23,60.75,60.78,59.36,59.68,12929681.0
2024-05-24,60.04,60.39,59.87,60.21,9912943.0
2024-05-28,59.97,60.18,59.19,59.48,11276104.0
2024-05-29,58.865,58.94,58.42,58.75,12835045.0
2024-05-30,58.82,59.39,58.6,59.21,13584794.0
2024-05-31,59.27,59.99,58.97,59.92,25386580.0
2024-06-03,60.2,60.2,58.6,59.34,13206541.0
2024-06-04,58.82,59.4769,58.34,58.7,12520578.0
2024-06-05,58.86,58.92,58.125,58.68,11199021.0
2024-06-06,58.78,58.995,57.5,57.73,18587275.0
2024-06-07,57.57,58.68,57.57,58.36,14466685.0
2024-06-10,57.9,58.13,57.37,57.93,12793783.0
2024-06-11,57.75,57.75,56.51,57.13,19197743.0
2024-06-12,58.28,58.45,57.155,57.3,16929802.0
2024-06-13,57.45,57.62,56.69,57.27,15963533.0
2024-06-14,56.99,57.61,56.62,57.4,15375340.0
2024-06-17,57.205,58.245,57.07,58.24,18361118.0
2024-06-18,58.21,59.05,57.9,59.05,15547306.0
2024-06-20,58.74,59.2,58.59,58.96,11985497.0
2024-06-21,58.295,58.46,57.32,58.1,62733152.0
2024-06-24,58.49,59.46,58.27,59.01,16198322.0
2024-06-25,58.77,59.0,57.18,57.2,27490678.0
2024-06-26,57.22,57.8,56.8259,57.01,30425651.0
2024-06-27,56.41,57.47,56.33,57.42,13832215.0
2024-06-28,58.09,59.45,58.09,59.39,31074371.0
2024-07-01,59.61,60.61,59.57,60.59,14470217.0
2024-07-02,60.49,61.18,60.14,60.97,9543675.0
2024-07-03,61.0,61.14,60.16,60.66,6681757.0
2024-07-05,60.5,60.66,59.11,59.62,11436342.0
2024-07-08,59.97,60.405,58.66,59.01,12479723.0
2024-07-09,59.075,60.42,58.915,59.88,12238232.0
2024-07-10,59.54,59.99,59.375,59.72,12097129.0
2024-07-11,59.4,60.705,59.28,60.16,16852834.0
2024-07-12,56.2,56.92,55.6,56.54,53042761.0
2024-07-15,57.05,58.24,57.04,57.73,27277018.0
2024-07-16,58.04,60.62,57.525,60.24,25577314.0
2024-07-17,60.16,61.0,59.885,60.91,17371091.0
2024-07-18,60.62,60.82,58.99,59.24,17738147.0
2024-07-19,59.3,59.77,59.11,59.23,12360694.0
2024-07-22,59.26,59.39,58.54,59.14,13637615.0
2024-07-23,59.2,59.905,59.04,59.67,10927801.0
2024-07-24,59.77,60.21,59.37,59.44,10776975.0
2024-07-25,59.56,60.73,59.45,59.7,14119500.0
2024-07-26,59.85,60.45,59.57,60.39,12538715.0
2024-07-29,60.74,60.83,59.345,59.59,8986171.0
2024-07-30,60.46,60.73,59.885,60.01,11503929.0
2024-07-31,59.82,60.12,59.2,59.34,11535807.0
2024-08-01,59.26,59.34,56.515,56.88,17752743.0
2024-08-02,55.18,55.57,52.8,53.26,27642559.0
2024-08-05,51.3,52.4,50.15,52.12,28594008.0
2024-08-06,52.28,52.96,52.05,52.36,18723459.0
2024-08-07,53.15,53.49,52.15,52.29,18407359.0
2024-08-08,52.97,53.3182,52.65,52.76,16175955.0
2024-08-09,52.3,52.83,52.07,52.76,11668838.0
2024-08-12,52.91,53.47,51.675,52.06,18090058.0
2024-08-13,52.36,52.96,51.81,52.87,12268393.0
2024-08-14,53.03,53.775,52.72,53.66,13217137.0
2024-08-15,54.5,55.17,54.43,54.57,16549334.0
2024-08-16,54.78,55.43,54.61,55.33,19173858.0
2024-08-19,55.345,56.46,55.26,56.45,12792712.0
2024-08-20,56.03,56.72,55.92,56.15,12533544.0
2024-08-21,56.44,56.45,55.2,55.46,13691698.0
2024-08-22,55.7,56.37,55.66,55.96,15683045.0
2024-08-23,56.42,57.395,56.32,56.7,17074290.0
2024-08-26,57.02,57.15,56.535,56.72,9478780.0
2024-08-27,56.71,56.92,56.155,56.26,7638494.0
2024-08-28,56.06,57.36,56.03,57.07,11905122.0
2024-08-29,57.31,57.77,56.51,57.35,9283373.0
2024-08-30,57.45,58.58,57.38,58.47,20377177.0
2024-09-03,58.62,58.945,57.9,58.37,15933351.0
2024-09-04,58.49,59.0,57.72,58.12,10985821.0
2024-09-05,58.62,58.68,56.54,56.86,18300978.0
2024-09-06,56.68,56.78,53.69,54.0,21853780.0
2024-09-09,54.73,55.08,54.43,54.59,17134754.0
2024-09-10,56.0,56.1,53.38,53.95,24649938.0
2024-09-11,53.72,53.86,52.425,53.73,17321962.0
2024-09-12,53.73,54.34,50.22,51.57,42605367.0
2024-09-13,51.86,53.035,51.75,52.78,24761996.0
2024-09-16,52.81,53.93,52.81,53.79,18066048.0
2024-09-17,53.97,55.065,53.97,54.51,15885201.0
2024-09-18,54.46,55.19,54.1,54.26,20108994.0
2024-09-19,55.01,56.005,54.65,55.8,21399027.0
2024-09-20,55.35,56.29,54.875,56.29,45276002.0
2024-09-23,56.26,56.52,54.9,55.11,14758834.0
2024-09-24,55.12,55.19,53.79,54.16,16365645.0
2024-09-25,54.28,54.33,53.41,53.61,10555673.0
2024-09-26,54.035,57.11,53.315,56.39,34463225.0
2024-09-27,56.62,56.62,55.8,55.9,13530194.0
2024-09-30,55.66,56.515,55.48,56.49,16286022.0
2024-10-01,56.0,56.03,55.2,55.39,11069187.0
2024-10-02,55.33,55.814,54.92,55.3,9007156.0
2024-10-03,55.08,55.21,54.405,54.98,8135346.0
2024-10-04,55.99,57.125,55.98,56.96,14594348.0
2024-10-07,57.225,57.63,56.8,57.16,11176904.0
2024-10-08,58.28,58.28,57.27,57.3,12072943.0
2024-10-09,57.32,57.725,57.07,57.54,12415294.0
2024-10-10,57.72,58.39,57.35,57.75,12743930.0
2024-10-11,59.955,61.72,59.92,60.99,37049005.0
2024-10-14,61.27,63.35,60.94,62.16,30758836.0
2024-10-15,62.91,63.82,62.225,63.03,24693115.0
2024-10-16,63.235,64.08,63.12,63.89,17412629.0
2024-10-17,64.49,64.715,63.5,64.38,15073446.0
2024-10-18,64.41,64.78,63.825,64.36,19233993.0
2024-10-21,64.48,64.685,63.92,64.02,15603358.0
2024-10-22,64.02,65.2075,64.0,64.81,26164837.0
2024-10-23,64.77,65.05,63.86,64.56,18380790.0
2024-10-24,64.615,65.57,64.325,65.43,18393299.0
2024-10-25,65.845,65.95,64.245,64.53,14855494.0
2024-10-28,64.995,65.745,64.81,65.61,16158895.0
2024-10-29,65.49,66.0,65.24,65.3,13205431.0
2024-10-30,65.13,66.395,65.13,65.41,16021699.0
2024-10-31,65.1,65.75,64.625,64.92,12963150.0
2024-11-01,65.22,65.58,64.62,64.68,13313661.0
2024-11-04,64.56,64.65,63.05,63.7,12607352.0
2024-11-05,64.0,64.5,63.62,64.07,13447215.0
2024-11-06,73.3,74.27,69.95,72.47,63689050.0
2024-11-07,71.64,71.67,69.735,69.82,18680854.0
2024-11-08,70.005,70.13,69.36,70.04,14270933.0
2024-11-11,71.02,73.25,71.02,72.56,17117791.0
2024-11-12,72.775,73.37,72.11,72.6,17848142.0
2024-11-13,72.75,73.96,72.655,72.77,18822870.0
2024-11-14,72.85,73.47,72.5101,72.8,13654820.0
2024-11-15,73.0,74.41,72.89,74.34,18836977.0
2024-11-18,74.5,74.7,73.72,74.09,18439994.0
2024-11-19,73.62,74.16,73.13,73.43,15412935.0
2024-11-20,73.67,73.78,72.425,73.58,14415305.0
2024-11-21,73.935,76.04,73.935,74.83,20068109.0
2024-11-22,74.565,76.08,74.55,75.96,14997137.0
2024-11-25,76.2,77.305,75.965,76.9,28636367.0
2024-11-26,77.5,78.13,76.36,77.35,19138959.0
2024-11-27,77.37,77.79,76.425,77.21,19793860.0
2024-11-29,77.69,78.04,76.14,76.17,9468110.0
2024-12-02,76.95,76.95,74.8,75.28,18274199.0
2024-12-03,75.81,75.85,74.02,74.14,15047845.0
2024-12-04,74.05,74.25,72.71,73.06,14300947.0
2024-12-05,73.4,74.61,73.1,73.66,17766742.0
2024-12-06,73.99,74.72,73.73,74.33,14798066.0
2024-12-09,74.305,74.55,72.42,72.62,15517495.0
2024-12-10,73.5,73.5,71.9,72.05,12277180.0
2024-12-11,72.59,72.92,71.45,71.6,11867330.0
2024-12-12,71.88,72.06,70.79,70.8,12446642.0
2024-12-13,70.853,71.05,70.02,70.44,16794296.0
2024-12-16,70.47,72.29,69.82,71.98,24602380.0
2024-12-17,71.047,71.54,70.38,70.81,15595768.0
2024-12-18,70.61,71.5,68.61,68.76,21201200.0
2024-12-19,69.4,70.69,68.67,68.85,16444553.0
2024-12-20,69.17,71.035,68.77,70.34,50113370.0
2024-12-23,69.72,70.69,69.6176,70.54,11816897.0
2024-12-24,70.67,71.59,70.54,71.59,4372045.0
2024-12-26,71.43,71.84,71.11,71.76,6964236.0
2024-12-27,71.18,71.74,70.63,71.11,7219372.0
2024-12-30,70.41,70.795,69.77,70.41,8443765.0
2024-12-31,70.53,70.9199,70.06,70.24,7031396.0
2025-01-02,70.48,71.21,69.76,70.19,8303251.0
2025-01-03,70.35,71.42,69.74,71.31,9154712.0
2025-01-06,71.925,73.25,71.5301,72.03,15565219.0
2025-01-07,72.975,73.13,71.51,71.59,13521984.0
2025-01-08,71.51,72.08,71.06,71.57,16544614.0
2025-01-10,70.9,70.93,69.34,69.96,14466594.0
2025-01-13,69.9,70.61,69.555,70.53,10439606.0
2025-01-14,71.46,71.46,70.29,71.19,21909801.0
2025-01-15,75.36,76.82,73.65,75.95,33482930.0
2025-01-16,75.85,76.44,74.685,75.95,22897776.0
2025-01-17,75.98,77.25,75.5,77.08,20673601.0
2025-01-21,77.69,78.29,77.33,77.85,21057410.0
2025-01-22,77.57,77.81,76.865,77.54,11669514.0
2025-01-23,77.71,78.3,77.025,77.43,12981757.0
2025-01-24,77.0,77.65,77.0,77.32,10393217.0
2025-01-27,77.4,78.04,76.89,77.94,10636208.0
2025-01-28,77.87,78.15,77.17,77.88,11561792.0
2025-01-29,77.75,78.98,77.61,78.37,9175266.0
2025-01-30,79.145,79.24,78.08,78.82,11275472.0
2025-01-31,78.695,79.2857,78.31,78.8,14983820.0
2025-02-03,77.23,78.505,77.02,78.14,12394971.0
2025-02-04,79.84,79.85,78.44,79.47,14665156.0
2025-02-05,79.66,80.35,79.18,80.05,17930933.0
2025-02-06,80.5,81.5,79.91,81.42,16988787.0
2025-02-07,81.27,81.3,79.09,80.67,17951588.0
2025-02-10,80.46,80.57,78.25,79.1,18357347.0
2025-02-11,78.77,79.965,77.81,79.64,16682774.0
2025-02-12,79.2,79.72,78.83,79.25,13440423.0
2025-02-13,79.43,79.655,78.605,78.85,10093295.0
2025-02-14,79.23,80.3399,78.89,79.98,17521197.0
2025-02-18,79.99,80.95,79.49,80.78,15318289.0
2025-02-19,80.32,80.645,79.97,80.35,13917405.0
2025-02-20,80.11,80.28,78.02,78.63,14807037.0
2025-02-21,78.91,79.45,77.33,77.5,18205322.0
2025-02-24,77.97,78.52,76.41,77.22,12989643.0
2025-02-25,77.87,78.035,74.93,76.0,15683183.0
2025-02-26,76.35,77.77,76.27,76.45,13466821.0
2025-02-27,76.99,77.92,76.375,76.62,13744381.0
2025-02-28,77.04,78.42,76.5871,78.32,24698772.0
2025-03-03,78.86,78.98,76.32,77.03,18013220.0
2025-03-04,75.47,75.65,71.34,73.3,28857983.0
2025-03-05,73.21,74.63,72.44,74.16,20421855.0
2025-03-06,73.79,73.89,71.6288,72.65,19460421.0
2025-03-07,72.25,72.25,68.1,71.05,21256791.0
2025-03-10,69.55,69.55,65.515,66.78,27582678.0
2025-03-11,66.825,68.01,65.785,67.28,24310617.0
2025-03-12,68.8,69.49,67.7,68.93,18462330.0
2025-03-13,69.63,69.725,68.31,68.46,17471085.0
2025-03-14,69.46,71.065,69.25,70.85,15762132.0
2025-03-17,70.47,71.56,70.083,70.84,11184960.0
2025-03-18,71.005,71.48,70.385,71.11,11102053.0
2025-03-19,71.14,73.825,70.83,72.76,14453532.0
2025-03-20,71.84,73.3651,71.78,72.52,12388300.0
2025-03-21,71.96,72.775,71.15,72.52,32647018.0
2025-03-24,73.64,74.53,73.3406,74.28,10688938.0
2025-03-25,74.47,74.66,73.83,74.24,9499263.0
2025-03-26,74.39,75.375,73.12,73.47,10851951.0
2025-03-27,73.57,73.57,72.22,72.28,10457498.0
2025-03-28,72.265,72.55,69.95,70.69,13555120.0
2025-03-31,69.9,72.065,69.56,71.79,14854917.0
2025-04-01,70.84,71.63,70.115,71.31,10661039.0
2025-04-02,70.56,72.475,70.22,72.26,8854045.0
2025-04-03,67.78,68.72,65.41,65.67,25880241.0
2025-04-04,62.75,63.57,59.7101,60.98,31050747.0
2025-04-07,60.69,64.335,58.42,62.17,41305625.0
2025-04-08,64.685,65.63,60.88,62.08,27374097.0
2025-04-09,60.64,67.19,59.43,66.33,42744848.0
2025-04-10,64.95,65.0,61.49,63.11,29025943.0
2025-04-11,61.54,63.6235,59.65,62.51,33866905.0
2025-04-14,63.16,64.01,62.395,63.1,28057659.0
2025-04-15,63.44,65.42,63.3,64.54,20903180.0
2025-04-16,63.89,64.9765,63.37,63.98,17350817.0
2025-04-17,64.38,65.705,64.065,64.71,18961737.0
2025-04-21,64.2,65.16,63.4,64.01,17859057.0
2025-04-22,64.71,66.41,64.71,66.23,17536494.0
2025-04-23,67.435,69.5,67.435,67.94,20678779.0
2025-04-24,67.7,69.845,67.5,69.56,18420837.0
2025-04-25,69.065,70.195,68.995,69.73,17775914.0
