Date,open,high,low,close,volume
2015-04-27,82.32,82.57,81.75,81.89,11319452.0
2015-04-28,81.87,82.44,81.61,82.3,11068383.0
2015-04-29,82.01,83.06,81.74,82.94,15810000.0
2015-04-30,83.25,83.38,82.21,82.68,16478100.0
2015-05-01,82.76,83.01,82.21,82.87,11318474.0
2015-05-04,83.07,83.35,82.24,82.66,14403098.0
2015-05-05,83.28,83.66,81.61,81.64,15687924.0
2015-05-06,82.37,82.7,80.94,81.32,16120199.0
2015-05-07,81.16,81.18,79.84,80.44,17213907.0
2015-05-08,81.08,81.85,80.16,81.76,14391894.0
2015-05-11,81.84,81.88,80.14,80.22,18008763.0
2015-05-12,80.1,81.01,79.96,80.59,9755456.0
2015-05-13,81.29,81.39,80.08,80.38,12463223.0
2015-05-14,80.61,81.15,80.3,80.35,9588638.0
2015-05-15,80.01,80.99,79.81,80.67,9542413.0
2015-05-18,80.51,80.84,80.17,80.74,7158793.0
2015-05-19,80.2,80.28,79.47,79.59,13813542.0
2015-05-20,79.87,80.0,79.28,79.74,12581862.0
2015-05-21,80.19,80.61,79.9,80.49,9989961.0
2015-05-22,79.94,80.56,79.79,80.2,6229589.0
2015-05-26,79.55,79.72,78.63,78.93,12988179.0
2015-05-27,78.88,79.52,78.36,78.79,11164389.0
2015-05-28,78.52,78.62,77.98,78.48,12074917.0
2015-05-29,78.46,78.89,78.2,78.39,12958519.0
2015-06-01,78.59,78.6,78.09,78.19,8450612.0
2015-06-02,78.43,79.11,78.01,78.73,10071088.0
2015-06-03,78.49,79.07,78.08,78.19,8561310.0
2015-06-04,77.78,77.93,77.07,77.13,15559035.0
2015-06-05,76.78,78.36,76.75,77.67,18904866.0
2015-06-08,77.37,77.82,77.05,77.23,9634817.0
2015-06-09,77.7,78.19,77.19,77.22,10206222.0
2015-06-10,78.17,78.39,77.9,78.14,9712625.0
2015-06-11,78.31,78.44,77.75,77.82,8341268.0
2015-06-12,77.38,77.44,76.82,76.97,10327297.0
2015-06-15,76.42,77.18,76.19,76.76,8014482.0
2015-06-16,76.91,77.39,76.54,77.37,8945140.0
2015-06-17,77.78,78.12,76.79,77.18,10387063.0
2015-06-18,77.42,77.77,77.06,77.13,12618456.0
2015-06-19,76.29,76.6,75.87,75.9,16980373.0
2015-06-22,76.6,76.9,76.26,76.86,10380680.0
2015-06-23,76.73,77.23,76.65,77.1,7097737.0
2015-06-24,76.92,77.36,76.58,76.61,6784652.0
2015-06-25,76.59,76.68,75.81,75.84,8541347.0
2015-06-26,75.76,76.1,75.34,76.02,11060938.0
2015-06-29,75.12,75.6,74.58,74.62,13323447.0
2015-06-30,75.33,75.45,74.68,75.16,15087899.0
2015-07-01,75.31,75.34,73.9,74.2,12965914.0
2015-07-02,74.4,74.93,74.34,74.47,8672577.0
2015-07-06,73.55,74.26,73.24,73.54,13415863.0
2015-07-07,73.26,74.47,72.43,74.22,20669083.0
2015-07-08,73.71,74.22,72.42,72.72,16102148.0
2015-07-09,73.72,74.03,73.09,73.11,11833000.0
2015-07-10,73.53,73.99,73.13,73.46,13157421.0
2015-07-13,73.74,74.19,73.54,73.98,14308322.0
2015-07-14,73.8,74.84,73.77,74.54,12567324.0
2015-07-15,74.16,74.52,72.97,73.23,12531015.0
2015-07-16,73.65,73.87,73.19,73.33,7827663.0
2015-07-17,73.26,73.33,72.2,72.44,13811501.0
2015-07-20,72.57,72.58,71.39,71.48,13454391.0
2015-07-21,71.65,72.21,71.29,71.51,10586454.0
2015-07-22,71.22,71.65,70.78,70.93,15024338.0
2015-07-23,71.0,71.45,70.33,70.87,11233057.0
2015-07-24,70.87,70.9,69.25,69.53,12455001.0
2015-07-27,68.62,69.32,68.21,68.51,16985555.0
2015-07-28,68.61,70.85,68.56,70.47,18888455.0
2015-07-29,70.29,71.5,70.07,71.43,23235701.0
2015-07-30,71.28,71.49,70.62,70.93,12516343.0
2015-07-31,70.32,70.42,69.27,69.38,21548807.0
2015-08-03,68.64,69.07,67.78,67.91,16636986.0
2015-08-04,68.22,68.75,67.4,67.69,12613928.0
2015-08-05,68.22,68.97,67.11,67.15,18442979.0
2015-08-06,66.78,68.43,66.29,68.25,23187250.0
2015-08-07,67.97,68.51,66.79,67.01,16942755.0
2015-08-10,67.17,69.22,67.17,69.19,19206020.0
2015-08-11,67.79,69.37,67.66,69.31,20950861.0
2015-08-12,69.06,70.74,68.66,70.58,23189275.0
2015-08-13,70.1,70.36,69.4,69.49,19758114.0
2015-08-14,69.64,70.12,69.18,69.35,12061093.0
2015-08-17,69.0,69.83,68.77,69.48,9504507.0
2015-08-18,69.36,69.54,68.89,69.25,10997379.0
2015-08-19,68.85,68.96,67.0,67.32,19317261.0
2015-08-20,67.14,67.59,65.79,65.79,25301450.0
2015-08-21,65.14,65.85,63.46,63.49,25066573.0
2015-08-24,59.79,62.58,58.74,60.13,41893413.0
2015-08-25,62.73,62.73,59.17,59.24,27123829.0
2015-08-26,60.72,61.32,59.54,61.27,39202184.0
2015-08-27,62.68,64.44,62.45,64.3,31609469.0
2015-08-28,64.07,66.42,64.04,65.75,31246304.0
2015-08-31,65.25,66.86,64.08,66.48,35958546.0
2015-09-01,64.52,65.28,63.54,64.08,28623513.0
2015-09-02,65.0,65.1,63.18,64.69,25447362.0
2015-09-03,65.11,66.25,64.46,64.87,21768793.0
2015-09-04,63.93,64.25,63.52,63.78,16541190.0
2015-09-08,64.48,64.88,63.69,64.78,15435212.0
2015-09-09,65.24,66.02,63.47,63.59,18405538.0
2015-09-10,63.84,64.3,62.96,63.9,18454585.0
2015-09-11,63.3,63.45,62.49,63.37,13119194.0
2015-09-14,62.93,63.21,62.5,62.8,12384775.0
2015-09-15,63.02,63.73,63.01,63.52,14645432.0
2015-09-16,64.03,65.41,63.93,65.32,17135365.0
2015-09-17,65.37,66.44,64.86,65.27,19751965.0
2015-09-18,63.58,64.05,62.72,63.1,21146728.0
2015-09-21,63.77,63.93,63.06,63.46,15643727.0
2015-09-22,62.48,63.45,62.35,62.79,16898489.0
2015-09-23,63.03,63.32,61.95,61.98,13950243.0
2015-09-24,61.5,62.68,61.09,62.25,18910715.0
2015-09-25,62.94,62.94,61.81,62.37,15740999.0
2015-09-28,61.72,61.72,59.83,59.88,16071306.0
2015-09-29,60.17,60.66,59.39,59.79,18430565.0
2015-09-30,60.34,61.43,60.27,61.21,16025816.0
2015-10-01,61.98,62.66,60.77,61.32,17427939.0
2015-10-02,60.62,63.89,60.51,63.85,19774371.0
2015-10-05,64.65,66.0,64.59,65.78,23382906.0
2015-10-06,66.01,67.74,65.66,67.24,27277322.0
2015-10-07,68.1,68.94,66.7,68.08,39882162.0
2015-10-08,67.96,69.67,67.54,69.41,26995940.0
2015-10-09,69.54,69.62,68.51,68.94,25723373.0
2015-10-12,69.05,69.06,67.43,68.05,21545353.0
2015-10-13,67.53,68.35,67.15,67.33,20604801.0
2015-10-14,67.19,68.17,67.04,67.89,15114591.0
2015-10-15,67.61,69.17,67.38,69.14,19464372.0
2015-10-16,69.38,69.56,68.28,69.18,19923206.0
2015-10-19,68.54,68.58,67.5,67.87,18788918.0
2015-10-20,67.72,68.37,67.36,68.05,13610538.0
2015-10-21,67.75,68.08,67.14,67.21,14495662.0
2015-10-22,67.58,68.58,67.55,68.42,18726128.0
2015-10-23,68.1,68.89,67.66,68.26,15543029.0
2015-10-26,68.13,68.13,66.57,66.59,11826352.0
2015-10-27,65.67,66.01,65.11,65.79,20942047.0
2015-10-28,66.25,67.7,65.72,67.25,19719684.0
2015-10-29,67.0,68.22,66.9,67.59,9732276.0
2015-10-30,67.95,68.75,67.15,68.05,14153549.0
2015-11-02,67.62,69.98,67.52,69.63,14687651.0
2015-11-03,70.11,71.93,70.08,71.4,21124931.0
2015-11-04,71.47,71.67,70.23,70.76,17679469.0
2015-11-05,70.41,71.19,69.84,70.14,16220981.0
2015-11-06,69.54,70.08,68.77,69.79,13633441.0
2015-11-09,69.64,70.41,68.82,69.11,12673050.0
2015-11-10,68.82,69.87,68.56,69.26,12381262.0
2015-11-11,69.25,69.34,67.63,67.8,14338973.0
2015-11-12,66.84,67.31,66.13,66.25,19291531.0
2015-11-13,66.03,66.58,65.2,65.98,17356817.0
2015-11-16,65.89,68.25,65.84,68.18,17299806.0
2015-11-17,68.0,68.28,67.18,67.43,15198286.0
2015-11-18,67.9,68.63,67.25,68.54,20921090.0
2015-11-19,68.14,68.51,67.06,67.62,18885275.0
2015-11-20,67.64,67.95,66.83,66.9,13934058.0
2015-11-23,66.84,67.75,66.41,67.38,16407015.0
2015-11-24,67.7,69.12,67.57,68.82,18857781.0
2015-11-25,68.24,68.83,67.84,68.26,11083333.0
2015-11-27,67.71,68.05,67.52,67.77,8375768.0
2015-11-30,68.05,68.68,67.77,68.02,17585109.0
2015-12-01,68.08,68.62,67.91,68.56,13733340.0
2015-12-02,68.11,68.37,66.22,66.44,25168490.0
2015-12-03,66.76,66.98,64.79,65.11,24049453.0
2015-12-04,64.5,65.08,63.48,64.7,32081666.0
2015-12-07,63.1,63.19,61.35,62.24,32687941.0
2015-12-08,60.87,62.44,60.25,61.6,27200856.0
2015-12-09,61.88,63.73,61.53,62.41,28556861.0
2015-12-10,62.44,63.74,62.01,62.81,38840490.0
2015-12-11,61.73,61.96,60.4,60.46,28960482.0
2015-12-14,60.17,61.1,59.52,60.78,39024936.0
2015-12-15,61.64,62.6,61.56,62.31,28982926.0
2015-12-16,62.07,62.72,61.24,61.9,28636608.0
2015-12-17,61.94,62.06,60.38,60.38,29054411.0
2015-12-18,59.9,59.94,58.77,58.79,26552864.0
2015-12-21,58.8,59.32,58.21,58.85,23990976.0
2015-12-22,59.06,59.91,58.77,59.54,25253670.0
2015-12-23,60.73,62.17,60.53,62.13,30198028.0
2015-12-24,62.21,62.29,61.35,61.57,7215306.0
2015-12-28,60.5,60.82,60.14,60.45,12543994.0
2015-12-29,61.49,61.66,60.54,60.87,15090222.0
2015-12-30,60.03,60.89,59.99,60.05,14922117.0
2015-12-31,59.77,60.64,59.58,60.32,19116555.0
2016-01-04,60.16,60.78,59.3,60.3,21773597.0
2016-01-05,60.26,60.6,59.58,60.53,15196925.0
2016-01-06,59.1,59.22,57.71,58.2,26855548.0
2016-01-07,57.07,58.38,56.54,56.78,27871574.0
2016-01-08,57.26,57.39,55.84,56.05,19082296.0
2016-01-11,56.28,56.35,54.16,54.85,28320085.0
2016-01-12,55.7,55.88,53.46,54.98,35522313.0
2016-01-13,55.65,56.04,53.08,53.66,33829743.0
2016-01-14,54.21,56.46,53.36,55.97,37661621.0
2016-01-15,53.63,54.86,53.32,54.35,36248633.0
2016-01-19,54.76,55.01,52.33,53.18,35833629.0
2016-01-20,52.13,52.55,49.93,51.77,51210394.0
2016-01-21,51.71,54.03,51.37,53.38,43564220.0
2016-01-22,55.33,56.12,54.45,55.74,38219354.0
2016-01-25,54.68,56.08,53.1,53.14,28989958.0
2016-01-26,54.1,55.22,53.4,55.15,25196994.0
2016-01-27,54.77,56.42,54.2,54.89,36483686.0
2016-01-28,56.97,57.19,55.43,56.56,38167248.0
2016-01-29,56.66,58.27,56.49,58.21,31485530.0
2016-02-01,57.24,57.67,56.39,57.23,27620122.0
2016-02-02,55.84,56.09,55.04,55.33,25192669.0
2016-02-03,56.12,57.35,54.11,57.3,36412495.0
2016-02-04,57.42,58.5,57.0,57.27,37038507.0
2016-02-05,56.5,56.74,55.47,55.94,30208122.0
2016-02-08,54.83,56.0,54.0,55.65,34800322.0
2016-02-09,54.82,55.49,53.44,54.31,36911114.0
2016-02-10,54.15,55.32,53.51,54.09,30215340.0
2016-02-11,53.15,54.27,52.37,53.86,47981124.0
2016-02-12,54.6,55.52,54.11,55.28,25780835.0
2016-02-16,56.21,56.38,55.02,55.83,33791693.0
2016-02-17,56.5,57.91,56.27,57.66,29260684.0
2016-02-18,58.15,58.23,56.66,56.94,28815932.0
2016-02-19,56.18,56.83,55.7,56.81,24924662.0
2016-02-22,57.89,58.52,57.64,58.26,24704720.0
2016-02-23,57.7,57.98,56.17,56.27,21450154.0
2016-02-24,55.22,56.96,55.07,56.84,25278380.0
2016-02-25,56.67,57.04,55.78,56.89,18586790.0
2016-02-26,57.84,58.0,57.04,57.23,21153259.0
2016-02-29,57.46,57.62,56.53,56.58,22974569.0
2016-03-01,56.98,58.15,56.39,58.06,23638548.0
2016-03-02,57.7,59.52,57.42,59.48,26790697.0
2016-03-03,59.24,60.49,59.21,60.38,24394176.0
2016-03-04,60.72,61.83,60.07,60.96,30358715.0
2016-03-07,60.93,62.46,60.64,62.39,33352212.0
2016-03-08,61.88,61.92,59.67,59.77,29790302.0
2016-03-09,60.58,61.52,59.84,60.74,25452363.0
2016-03-10,60.48,60.86,59.69,60.79,28773415.0
2016-03-11,61.59,62.56,61.52,62.36,24769806.0
2016-03-14,61.57,62.16,61.34,61.95,21706558.0
2016-03-15,61.1,61.83,60.66,61.83,21715546.0
2016-03-16,62.2,63.04,61.77,62.9,26961858.0
2016-03-17,63.41,64.27,62.84,63.76,27185383.0
2016-03-18,63.79,63.85,62.9,63.49,30468384.0
2016-03-21,63.24,63.68,62.57,63.27,16696210.0
2016-03-22,62.53,63.49,62.49,62.92,14171558.0
2016-03-23,62.47,62.7,61.42,61.54,18864637.0
2016-03-24,60.69,61.84,60.4,61.84,15515578.0
2016-03-28,61.86,62.03,61.08,61.51,11552384.0
2016-03-29,60.82,61.84,60.46,61.8,14355657.0
2016-03-30,62.36,62.62,61.56,61.91,15732904.0
2016-03-31,61.68,62.36,61.58,61.89,14037723.0
2016-04-01,60.82,61.24,60.61,61.06,14797453.0
2016-04-04,60.95,61.59,60.43,60.6,15806228.0
2016-04-05,60.1,60.63,59.94,60.2,16028711.0
2016-04-06,60.69,61.51,60.23,61.5,18195972.0
2016-04-07,61.02,61.59,60.63,61.14,13926233.0
2016-04-08,62.29,62.71,62.06,62.37,17657356.0
2016-04-11,62.87,63.06,62.11,62.11,16234501.0
2016-04-12,62.35,64.32,62.22,63.96,27120630.0
2016-04-13,63.93,64.45,63.48,64.26,18687197.0
2016-04-14,64.53,64.54,64.02,64.41,17381711.0
2016-04-15,64.05,64.16,63.45,63.53,14210438.0
2016-04-18,62.23,64.75,62.08,64.59,20671086.0
2016-04-19,64.96,65.95,64.66,65.88,17329600.0
2016-04-20,65.53,66.98,65.32,66.47,21071943.0
2016-04-21,66.56,66.84,65.94,66.08,19332661.0
2016-04-22,66.24,67.29,66.19,67.04,15739936.0
2016-04-25,66.81,66.82,65.79,66.29,17223100.0
2016-04-26,66.67,67.37,66.51,67.35,13581380.0
2016-04-27,67.7,68.78,67.65,68.63,21934252.0
2016-04-28,68.32,68.81,67.35,67.61,15554157.0
2016-04-29,67.76,68.42,66.47,67.5,24106841.0
2016-05-02,67.38,67.66,66.6,67.43,15059833.0
2016-05-03,66.52,66.64,65.43,65.84,16135435.0
2016-05-04,65.88,66.34,64.5,64.89,18591410.0
2016-05-05,65.99,66.35,64.88,65.42,14343053.0
2016-05-06,65.0,66.07,64.83,65.27,12544975.0
2016-05-09,64.9,65.04,63.5,64.32,16018749.0
2016-05-10,64.65,65.47,64.62,65.45,10348858.0
2016-05-11,65.29,66.23,64.76,65.65,14198609.0
2016-05-12,66.24,66.74,65.34,65.83,12476793.0
2016-05-13,65.54,66.04,64.85,64.99,12371851.0
2016-05-16,65.84,66.3,65.65,66.09,13676219.0
2016-05-17,66.1,66.91,65.89,66.4,15557953.0
2016-05-18,66.39,66.6,65.34,65.76,22683295.0
2016-05-19,65.1,65.92,64.49,65.77,16854747.0
2016-05-20,65.97,66.3,65.57,66.16,9616512.0
2016-05-23,65.77,66.28,65.54,65.99,10271908.0
2016-05-24,66.33,66.71,65.91,66.32,11261101.0
2016-05-25,66.72,67.47,66.66,67.37,14265211.0
2016-05-26,67.63,67.92,66.88,67.09,10705271.0
2016-05-27,66.85,67.17,66.48,67.13,9249950.0
2016-05-31,67.29,67.82,66.57,66.87,15381018.0
2016-06-01,66.22,67.09,66.05,66.89,16652489.0
2016-06-02,66.38,66.84,66.13,66.8,12843960.0
2016-06-03,66.8,67.15,66.14,66.54,12157290.0
2016-06-06,67.19,68.07,67.07,68.01,18204332.0
2016-06-07,68.23,69.73,68.21,69.55,15593276.0
2016-06-08,69.97,70.26,69.2,69.39,18123798.0
2016-06-09,68.59,69.21,68.52,68.86,12340197.0
2016-06-10,68.15,68.59,67.28,67.37,14480566.0
2016-06-13,67.04,68.08,66.97,67.17,11587763.0
2016-06-14,66.89,67.47,66.37,67.13,12185749.0
2016-06-15,66.88,67.77,66.49,66.97,16829031.0
2016-06-16,66.25,66.75,65.34,66.65,19860430.0
2016-06-17,66.9,67.02,66.5,66.89,17428861.0
2016-06-20,67.85,68.0,67.41,67.47,10900820.0
2016-06-21,67.32,68.41,67.12,68.27,11182812.0
2016-06-22,68.57,68.57,67.83,67.89,10245034.0
2016-06-23,68.6,69.03,68.34,69.01,9436625.0
2016-06-24,66.35,67.54,66.29,66.54,26758639.0
2016-06-27,65.87,65.93,65.57,65.62,1789989.0
2016-06-28,65.85,66.45,65.47,66.44,14548620.0
2016-06-29,66.85,68.1,66.85,67.7,16354054.0
2016-06-30,67.41,68.28,67.27,68.24,12116118.0
2016-07-01,68.16,68.85,68.11,68.6,12678477.0
2016-07-05,67.68,67.92,66.55,67.22,15069264.0
2016-07-06,66.83,67.55,66.37,67.5,15887985.0
2016-07-07,67.91,68.34,66.35,66.81,14090203.0
2016-07-08,67.42,67.95,67.05,67.71,11566302.0
2016-07-11,68.07,68.39,67.78,67.84,9747386.0
2016-07-12,68.86,69.82,68.72,69.52,15513579.0
2016-07-13,69.32,69.7,68.27,68.92,12544447.0
2016-07-14,69.46,69.63,69.07,69.27,10896117.0
2016-07-15,69.52,69.68,68.97,69.23,8900169.0
2016-07-18,69.03,69.31,68.59,69.28,9400081.0
2016-07-19,69.11,69.22,68.63,68.88,6990409.0
2016-07-20,68.61,69.13,68.04,68.79,11553623.0
2016-07-21,68.6,69.23,67.94,68.11,9251914.0
2016-07-22,68.26,68.43,67.88,68.32,7990115.0
2016-07-25,67.87,68.02,66.71,66.96,12748412.0
2016-07-26,66.57,67.41,66.53,67.35,12359240.0
2016-07-27,67.44,67.93,66.4,66.69,16177519.0
2016-07-28,66.61,67.02,66.23,66.7,10863007.0
2016-07-29,65.75,67.46,65.69,67.38,16500588.0
2016-08-01,66.79,66.84,64.93,65.16,30639159.0
2016-08-02,65.62,66.07,64.57,65.75,25590276.0
2016-08-03,65.76,67.05,65.5,67.02,23903924.0
2016-08-04,66.77,67.38,66.54,66.92,16777809.0
2016-08-05,66.96,67.62,66.84,67.53,11426209.0
2016-08-08,68.0,68.89,67.98,68.43,21663394.0
2016-08-09,68.62,68.73,67.8,68.07,11108607.0
2016-08-10,68.21,68.36,67.19,67.33,18023151.0
2016-08-11,67.62,68.61,67.47,68.32,17428255.0
2016-08-12,68.5,68.91,68.32,68.7,10183418.0
2016-08-15,69.09,69.39,68.89,69.25,10453812.0
2016-08-16,69.13,69.58,68.71,69.36,10241131.0
2016-08-17,69.02,69.61,68.95,69.57,14710711.0
2016-08-18,69.81,71.0,69.74,71.0,24129151.0
2016-08-19,70.77,70.77,70.15,70.41,10787602.0
2016-08-22,69.8,69.93,69.28,69.6,14120161.0
2016-08-23,69.6,70.27,69.6,70.08,12455098.0
2016-08-24,69.7,70.16,69.62,69.81,16444347.0
2016-08-25,69.7,69.91,69.39,69.62,11893997.0
2016-08-26,69.74,70.28,69.05,69.38,14574965.0
2016-08-29,69.18,69.91,69.1,69.85,7393383.0
2016-08-30,70.01,70.28,69.34,69.61,7120589.0
2016-08-31,69.22,69.32,68.13,68.51,13224055.0
2016-09-01,68.22,68.47,67.77,68.31,16658454.0
2016-09-02,68.98,69.25,68.65,69.08,10794394.0
2016-09-06,69.26,70.17,69.2,70.12,12778241.0
2016-09-07,70.44,70.67,70.13,70.52,15081959.0
2016-09-08,70.97,71.94,70.63,71.84,17970804.0
2016-09-09,71.17,71.39,69.7,69.7,21590247.0
2016-09-12,69.21,70.75,69.08,70.39,21944153.0
2016-09-13,69.62,69.65,68.18,68.38,24542994.0
2016-09-14,68.3,69.12,67.39,67.57,26456828.0
2016-09-15,67.84,68.9,67.73,68.41,17147597.0
2016-09-16,67.01,67.7,67.01,67.45,17093254.0
2016-09-19,68.0,68.18,67.4,67.41,11782019.0
2016-09-20,67.33,67.79,66.87,66.92,14120781.0
2016-09-21,67.5,68.5,67.42,68.47,20237770.0
2016-09-22,69.21,69.46,68.49,68.55,13303315.0
2016-09-23,68.22,68.84,67.25,67.64,23062524.0
2016-09-26,67.87,68.23,67.21,67.34,13238744.0
2016-09-27,66.67,67.07,66.14,66.89,19384471.0
2016-09-28,67.28,69.88,66.71,69.78,41077611.0
2016-09-29,69.73,70.45,69.03,69.66,26952651.0
2016-09-30,70.15,70.98,69.7,70.61,14335772.0
2016-10-03,70.73,70.84,69.97,70.56,13135442.0
2016-10-04,70.62,70.79,69.55,69.84,11830227.0
2016-10-05,70.55,71.23,70.48,70.91,12903613.0
2016-10-06,71.12,71.35,70.38,71.02,11166796.0
2016-10-07,71.03,71.33,70.4,70.61,11738203.0
2016-10-10,71.31,71.98,71.24,71.72,11523395.0
2016-10-11,71.47,71.59,70.51,70.9,13688625.0
2016-10-12,70.6,70.84,70.0,70.6,10413213.0
2016-10-13,70.16,70.57,69.29,70.21,13534184.0
2016-10-14,70.57,70.8,69.75,69.8,11355392.0
2016-10-17,69.82,70.04,69.07,69.46,7419892.0
2016-10-18,70.15,70.3,69.43,69.74,6927769.0
2016-10-19,70.28,71.27,70.21,70.73,14305091.0
2016-10-20,70.31,70.94,69.92,70.65,12487978.0
2016-10-21,70.19,70.31,69.78,70.19,14069081.0
2016-10-24,70.19,70.43,69.21,69.98,10634220.0
2016-10-25,69.96,70.71,69.54,69.66,13211481.0
2016-10-26,69.04,70.11,68.92,69.82,17761049.0
2016-10-27,70.12,70.22,69.53,69.56,14199103.0
2016-10-28,69.44,70.43,68.93,69.37,18558383.0
2016-10-31,69.12,69.49,68.5,68.62,12951446.0
2016-11-01,69.13,69.37,67.87,68.63,18808105.0
2016-11-02,67.98,68.22,67.0,67.87,22961672.0
2016-11-03,67.87,68.26,67.5,68.14,12747168.0
2016-11-04,67.8,68.46,67.36,67.77,17537962.0
2016-11-07,68.54,69.27,68.54,69.23,14719055.0
2016-11-08,68.89,69.71,68.79,69.32,11111938.0
2016-11-09,69.56,70.97,68.75,70.45,25984948.0
2016-11-10,70.4,71.28,70.16,70.75,20624031.0
2016-11-11,70.33,70.46,68.89,69.46,17651600.0
2016-11-14,69.21,69.92,68.83,69.85,12467376.0
2016-11-15,70.46,71.86,70.4,71.82,19205313.0
2016-11-16,71.66,72.14,71.1,71.32,16594725.0
2016-11-17,71.92,72.39,70.66,70.84,10254287.0
2016-11-18,71.09,71.53,70.73,71.13,11956165.0
2016-11-21,72.13,72.9,72.13,72.82,16833261.0
2016-11-22,72.84,73.2,71.9,72.78,16007729.0
2016-11-23,72.43,73.31,72.35,73.08,11459797.0
2016-11-25,72.77,72.93,72.36,72.72,8791783.0
2016-11-28,73.07,73.09,71.58,71.71,18776854.0
2016-11-29,70.62,71.26,70.07,70.83,18356471.0
2016-11-30,73.29,75.12,73.29,74.43,44851307.0
2016-12-01,75.81,76.06,74.55,74.61,27404015.0
2016-12-02,74.57,75.18,74.36,74.83,18324138.0
2016-12-05,75.51,76.09,75.19,75.49,22500017.0
2016-12-06,75.03,75.65,74.57,75.35,16957311.0
2016-12-07,75.18,76.05,75.18,75.95,15994538.0
2016-12-08,76.15,76.46,75.56,76.36,14594869.0
2016-12-09,76.76,76.76,76.16,76.6,8969284.0
2016-12-12,78.3,78.45,76.64,76.96,16121512.0
2016-12-13,77.54,78.39,76.83,77.83,16008133.0
2016-12-14,77.46,77.77,76.05,76.27,19825607.0
2016-12-15,75.95,76.72,75.52,76.44,19011299.0
2016-12-16,76.58,76.58,76.12,76.51,16872897.0
2016-12-19,76.43,76.57,76.01,76.16,7108254.0
2016-12-20,76.55,76.65,75.78,75.99,8978163.0
2016-12-21,76.15,76.46,75.73,76.11,8099808.0
2016-12-22,76.16,76.62,76.01,76.42,10969285.0
2016-12-23,76.3,76.5,76.18,76.35,6396632.0
2016-12-27,76.47,76.78,76.4,76.52,10001757.0
2016-12-28,76.69,76.72,75.63,75.69,8093355.0
2016-12-29,75.58,75.8,75.27,75.54,6696442.0
2016-12-30,75.47,75.89,75.08,75.32,8852558.0
2017-01-03,76.11,76.81,75.36,76.17,24620933.0
2017-01-04,76.23,76.37,75.76,76.01,11175557.0
2017-01-05,76.06,76.34,75.45,75.82,11140455.0
2017-01-06,76.06,76.14,75.39,75.89,7410423.0
2017-01-09,75.39,75.46,74.68,74.79,10946747.0
2017-01-10,74.73,74.9,74.05,74.11,9657939.0
2017-01-11,74.37,75.05,74.06,74.91,12875370.0
2017-01-12,75.33,75.41,74.3,74.6,10890488.0
2017-01-13,74.5,74.66,74.19,74.38,9896951.0
2017-01-17,74.61,75.02,74.55,74.84,9769842.0
2017-01-18,74.43,74.87,74.34,74.67,8722757.0
2017-01-19,74.67,74.7,74.08,74.26,8993722.0
2017-01-20,74.74,74.99,74.29,74.54,9172308.0
2017-01-23,74.2,74.35,73.39,73.75,15196648.0
2017-01-24,74.04,74.88,73.9,74.56,11827959.0
2017-01-25,74.58,75.18,74.56,74.95,9398361.0
2017-01-26,75.19,75.31,74.84,75.01,8643169.0
2017-01-27,74.55,74.63,74.01,74.23,9941617.0
2017-01-30,73.89,73.93,72.36,72.87,13276689.0
2017-01-31,72.91,73.02,72.13,72.9,14006607.0
2017-02-01,73.29,73.38,71.91,72.36,18415814.0
2017-02-02,72.48,72.9,71.9,72.77,12878990.0
2017-02-03,73.06,73.78,72.63,73.4,11826580.0
2017-02-06,73.51,73.65,72.57,72.78,10512889.0
2017-02-07,72.46,72.8,71.37,71.75,14149703.0
2017-02-08,71.42,72.08,70.65,71.92,16145592.0
2017-02-09,72.35,72.95,72.35,72.73,9261127.0
2017-02-10,73.31,73.69,73.06,73.28,10405317.0
2017-02-13,73.13,73.45,72.99,73.42,7982438.0
2017-02-14,73.63,73.69,72.74,73.66,10771587.0
2017-02-15,73.44,73.76,73.13,73.37,8919990.0
2017-02-16,73.44,73.54,72.26,72.37,11367860.0
2017-02-17,72.0,72.21,71.74,71.97,11583432.0
2017-02-21,72.65,72.85,72.35,72.46,11793716.0
2017-02-22,72.12,72.2,71.3,71.36,11536293.0
2017-02-23,72.16,72.28,71.21,71.66,17375432.0
2017-02-24,71.14,71.41,70.63,70.99,13992824.0
2017-02-27,71.06,71.91,70.94,71.6,23677699.0
2017-02-28,71.39,71.71,71.18,71.38,14012145.0
2017-03-01,72.04,73.14,71.99,72.81,18985298.0
2017-03-02,72.45,72.81,72.09,72.12,10762604.0
2017-03-03,72.24,72.51,71.82,71.99,11149535.0
2017-03-06,71.87,72.25,71.59,72.15,8367482.0
2017-03-07,72.41,72.43,71.42,71.51,11459325.0
2017-03-08,71.22,71.64,69.62,69.65,25556116.0
2017-03-09,69.3,70.15,68.89,70.11,27755183.0
2017-03-10,70.56,70.65,69.6,70.01,17477266.0
2017-03-13,69.94,70.36,69.78,70.02,13078638.0
2017-03-14,69.48,69.49,68.62,69.23,26373786.0
2017-03-15,69.82,70.93,69.48,70.77,23188100.0
2017-03-16,70.92,70.92,70.07,70.27,16107129.0
2017-03-17,70.14,70.29,69.8,69.8,14233060.0
2017-03-20,69.57,69.85,69.15,69.7,12215226.0
2017-03-21,70.03,70.08,68.95,69.21,16711649.0
2017-03-22,69.0,69.43,68.72,69.11,12411026.0
2017-03-23,68.91,69.42,68.76,68.83,11800440.0
2017-03-24,68.93,69.08,68.43,68.56,10441386.0
2017-03-27,67.91,68.43,67.86,68.24,11491252.0
2017-03-28,68.34,69.38,68.18,69.21,27905428.0
2017-03-29,69.2,70.28,69.01,70.16,18574200.0
2017-03-30,70.6,70.77,69.96,70.14,15883982.0
2017-03-31,69.91,70.34,69.58,69.9,19857204.0
2017-04-03,70.01,70.06,69.08,69.78,13117519.0
2017-04-04,69.93,70.34,69.26,70.29,12970871.0
2017-04-05,70.88,71.49,69.96,70.07,22719203.0
2017-04-06,70.35,70.83,70.16,70.63,13124355.0
2017-04-07,70.67,70.86,70.25,70.36,12560704.0
2017-04-10,70.75,71.21,70.6,70.89,10817571.0
2017-04-11,71.0,71.03,70.14,70.9,13887873.0
2017-04-12,70.97,71.41,70.38,70.6,11453269.0
2017-04-13,70.54,70.59,69.15,69.31,17646424.0
2017-04-17,69.29,69.53,69.12,69.46,8011241.0
2017-04-18,69.15,69.61,68.66,68.81,14723319.0
2017-04-19,68.98,69.11,67.62,67.8,18113328.0
2017-04-20,68.0,68.63,67.93,68.13,16234371.0
2017-04-21,67.84,68.13,67.45,67.79,13343875.0
2017-04-24,68.29,68.47,67.98,68.19,13325578.0
2017-04-25,68.36,68.93,68.15,68.77,15586676.0
2017-04-26,68.45,69.47,68.42,68.54,18682955.0
2017-04-27,68.01,68.08,67.11,67.79,20542347.0
2017-04-28,68.37,68.49,67.73,67.84,14425044.0
2017-05-01,67.82,68.0,67.5,67.65,9419351.0
2017-05-02,67.79,68.01,67.03,67.33,16160660.0
2017-05-03,67.16,67.82,66.97,67.52,16926556.0
2017-05-04,67.03,67.11,65.83,66.26,33933404.0
2017-05-05,66.3,67.42,66.26,67.31,18710634.0
2017-05-08,67.3,67.91,67.24,67.79,18938545.0
2017-05-09,67.93,67.93,67.02,67.23,10716814.0
2017-05-10,67.62,68.44,67.56,68.12,18257902.0
2017-05-11,68.36,68.48,67.88,67.98,11968679.0
2017-05-12,67.93,68.06,67.55,67.75,10642408.0
2017-05-15,68.76,68.87,68.06,68.28,13099176.0
2017-05-16,68.6,68.6,67.7,67.94,11691420.0
2017-05-17,67.54,68.12,67.24,67.27,15384789.0
2017-05-18,66.97,67.58,66.72,67.25,14065975.0
2017-05-19,67.58,68.22,67.42,68.08,15293610.0
2017-05-22,68.44,68.48,67.69,67.93,10326393.0
2017-05-23,68.11,68.18,67.73,68.09,9081888.0
2017-05-24,68.01,68.22,67.42,67.73,13576634.0
2017-05-25,67.56,68.23,66.26,66.5,23324898.0
2017-05-26,66.5,66.67,66.18,66.61,13189470.0
2017-05-30,66.26,66.26,65.69,65.72,14503330.0
2017-05-31,65.2,65.64,65.09,65.44,15990024.0
2017-06-01,65.47,66.09,65.26,65.85,17969249.0
2017-06-02,65.55,65.57,64.81,65.09,16526121.0
2017-06-05,64.89,65.45,64.87,65.21,12551991.0
2017-06-06,65.17,66.09,65.02,65.98,14828681.0
2017-06-07,65.71,66.03,64.6,65.05,22920112.0
2017-06-08,64.74,65.34,64.72,64.86,19568416.0
2017-06-09,65.01,66.64,65.0,66.42,23175594.0
2017-06-12,67.01,67.55,66.74,66.89,22922686.0
2017-06-13,67.09,67.48,66.77,67.39,15803006.0
2017-06-14,67.21,67.21,65.66,66.17,30259790.0
2017-06-15,65.87,66.2,65.38,65.67,19257694.0
2017-06-16,65.61,66.33,65.19,66.3,23861737.0
2017-06-19,66.15,66.29,65.71,65.88,15656811.0
2017-06-20,65.12,65.22,64.31,65.04,16058555.0
2017-06-21,64.84,65.22,63.64,63.99,27288944.0
2017-06-22,64.02,64.5,63.69,63.95,15430094.0
2017-06-23,63.96,64.45,63.78,64.38,14531896.0
2017-06-26,64.58,64.7,63.98,64.24,13601609.0
2017-06-27,64.47,64.76,64.13,64.14,14216324.0
2017-06-28,64.22,64.88,64.18,64.49,16857836.0
2017-06-29,64.68,65.34,64.49,64.63,19022428.0
2017-06-30,65.1,65.22,64.5,64.92,19641991.0
2017-07-03,65.15,66.48,65.08,66.17,18402800.0
2017-07-05,65.84,65.9,64.58,64.83,20967865.0
2017-07-06,64.94,65.13,63.97,64.11,20775552.0
2017-07-07,63.9,64.1,63.29,64.01,16036745.0
2017-07-10,63.92,64.37,63.78,64.22,14153837.0
2017-07-11,64.24,64.79,63.93,64.55,4486634.0
2017-07-12,65.15,65.37,64.47,64.74,5538127.0
2017-07-13,64.79,65.06,64.44,65.04,3664003.0
2017-07-14,65.09,65.52,64.99,65.4,4140453.0
2017-07-17,65.29,65.76,65.22,65.31,5175798.0
2017-07-18,65.65,65.67,64.73,64.99,6955813.0
2017-07-19,64.94,66.02,64.89,65.96,24802698.0
2017-07-20,66.35,66.56,65.58,65.75,6612019.0
2017-07-21,65.52,65.85,65.02,65.14,5706462.0
2017-07-24,65.28,65.34,64.84,64.98,4198053.0
2017-07-25,65.71,66.28,65.62,65.82,5758188.0
2017-07-26,66.16,66.64,65.7,65.88,10081659.0
2017-07-27,65.9,66.58,65.6,66.55,15815914.0
2017-07-28,66.36,67.13,66.22,66.5,6588494.0
2017-07-31,66.49,67.0,66.31,66.62,13519501.0
2017-08-01,66.64,66.99,66.32,66.61,5710012.0
2017-08-02,66.16,66.63,65.68,66.34,5236878.0
2017-08-03,66.27,66.36,65.14,65.41,5942330.0
2017-08-04,65.46,65.82,65.31,65.66,3299660.0
2017-08-07,65.42,65.48,64.94,65.08,4270027.0
2017-08-08,64.95,65.56,64.8,65.0,3517922.0
2017-08-09,65.09,65.45,64.81,65.05,10437867.0
2017-08-10,65.16,65.27,64.25,64.36,15262091.0
2017-08-11,64.16,64.52,63.88,63.94,15990942.0
2017-08-14,64.06,64.34,63.67,63.75,11406699.0
2017-08-15,63.85,63.85,63.14,63.51,12725622.0
2017-08-16,63.53,63.71,62.77,62.9,16583330.0
2017-08-17,62.65,62.89,61.99,62.01,14796925.0
2017-08-18,61.85,62.74,61.81,62.32,18632664.0
2017-08-21,62.23,62.26,61.8,62.0,10375176.0
2017-08-22,62.17,62.55,62.13,62.41,15171824.0
2017-08-23,62.28,63.0,62.22,62.68,11525968.0
2017-08-24,62.46,62.87,62.44,62.72,10390508.0
2017-08-25,62.84,63.25,62.82,63.0,8220210.0
2017-08-28,63.03,63.24,62.38,62.72,9956048.0
2017-08-29,62.42,62.72,62.18,62.64,8727081.0
2017-08-30,62.4,62.86,62.22,62.67,8664419.0
2017-08-31,62.94,63.13,62.73,62.97,10333681.0
2017-09-01,63.07,63.79,62.91,63.58,11595543.0
2017-09-05,63.84,64.24,63.48,63.93,18114752.0
2017-09-06,64.25,65.15,64.22,64.97,17052125.0
2017-09-07,65.0,65.25,64.66,65.09,8640332.0
2017-09-08,64.95,64.99,64.1,64.4,10264742.0
2017-09-11,64.65,65.1,64.5,65.01,13551055.0
2017-09-12,65.2,65.55,65.03,65.41,9409697.0
2017-09-13,65.55,66.27,65.48,66.23,15893275.0
2017-09-14,66.36,67.0,66.35,66.55,14583401.0
2017-09-15,65.82,65.84,65.4,65.84,13068128.0
2017-09-18,65.69,66.16,65.64,66.12,12583545.0
2017-09-19,66.26,66.48,66.13,66.39,10504257.0
2017-09-20,66.58,67.02,66.52,66.84,18273771.0
2017-09-21,66.75,67.03,66.56,66.86,8874083.0
2017-09-22,66.8,67.39,66.73,67.2,14647937.0
2017-09-25,67.51,68.37,67.44,68.17,14833769.0
2017-09-26,68.0,68.27,67.81,68.14,10710700.0
2017-09-27,68.2,68.45,67.82,68.43,10918244.0
2017-09-28,68.58,68.9,68.3,68.49,11799895.0
2017-09-29,68.25,68.49,68.03,68.48,14287467.0
2017-10-02,67.75,68.48,67.49,68.46,12416792.0
2017-10-03,68.37,68.62,68.24,68.39,7239789.0
2017-10-04,68.39,68.59,68.1,68.34,10197587.0
2017-10-05,68.39,68.76,68.35,68.65,10161797.0
2017-10-06,68.0,68.38,67.84,68.07,11963273.0
2017-10-09,68.15,68.42,68.07,68.21,5764084.0
2017-10-10,68.69,68.93,68.2,68.27,7763702.0
2017-10-11,68.19,68.47,67.91,68.43,10287024.0
2017-10-12,67.91,68.27,67.8,68.18,10181097.0
2017-10-13,68.58,68.78,68.1,68.14,8893702.0
2017-10-16,68.35,68.69,68.15,68.29,7666914.0
2017-10-17,68.27,68.47,67.96,68.33,8377136.0
2017-10-18,68.28,68.56,67.77,67.85,7706312.0
2017-10-19,67.38,67.92,67.35,67.64,7591879.0
2017-10-20,67.79,67.81,67.32,67.77,9820249.0
2017-10-23,67.82,68.04,67.36,67.42,8655313.0
2017-10-24,67.66,67.85,67.41,67.55,9820238.0
2017-10-25,67.43,67.63,66.87,67.08,13522747.0
2017-10-26,67.11,67.44,66.82,67.22,9362173.0
2017-10-27,66.87,67.7,66.34,67.34,16187992.0
2017-10-30,67.44,67.88,67.31,67.69,11614807.0
2017-10-31,67.72,68.16,67.42,67.91,9648980.0
2017-11-01,68.32,69.0,68.29,68.68,17306253.0
2017-11-02,68.68,68.87,68.06,68.48,11328296.0
2017-11-03,68.45,68.95,68.38,68.68,11111879.0
2017-11-06,68.99,70.34,68.87,70.25,19099969.0
2017-11-07,70.37,70.47,69.79,70.16,13410298.0
2017-11-08,69.99,70.17,69.43,69.82,14246622.0
2017-11-09,69.55,70.15,69.45,70.03,12988863.0
2017-11-10,69.91,69.97,69.13,69.66,10534238.0
2017-11-13,69.47,69.73,69.18,69.26,7489798.0
2017-11-14,69.0,69.0,68.06,68.14,16527694.0
2017-11-15,67.53,67.67,67.09,67.37,17693128.0
2017-11-16,67.16,67.4,66.91,67.1,12513950.0
2017-11-17,67.23,67.57,67.06,67.43,9172427.0
2017-11-20,67.35,67.41,66.97,67.27,7785255.0
2017-11-21,67.53,67.8,67.28,67.42,8464364.0
2017-11-22,67.82,67.95,67.65,67.69,9307472.0
2017-11-24,67.96,68.1,67.87,67.88,4990724.0
2017-11-27,67.59,67.67,67.05,67.19,10595899.0
2017-11-28,67.26,67.81,67.18,67.71,12113321.0
2017-11-29,67.68,68.2,67.54,68.08,13599337.0
2017-11-30,68.24,69.23,68.24,69.1,22303582.0
2017-12-01,69.59,70.16,68.94,69.68,21188342.0
2017-12-04,69.75,70.75,69.43,69.65,13575949.0
2017-12-05,69.65,69.9,69.27,69.35,10689760.0
2017-12-06,69.15,69.27,68.35,68.45,12061155.0
2017-12-07,68.38,68.77,68.32,68.65,8639978.0
2017-12-08,69.0,69.31,66.69,69.28,10696685.0
2017-12-11,69.41,70.14,69.37,69.78,11316715.0
2017-12-12,70.05,70.13,69.5,69.59,11758230.0
2017-12-13,69.59,69.75,69.28,69.49,9216049.0
2017-12-14,69.23,69.73,69.21,69.24,11782846.0
2017-12-15,69.27,69.27,68.63,68.72,10153405.0
2017-12-18,68.89,69.59,68.87,69.25,9660685.0
2017-12-19,69.57,69.75,69.19,69.35,6764247.0
2017-12-20,69.58,70.45,69.37,70.33,12254496.0
2017-12-21,70.36,72.03,70.29,71.82,16803132.0
2017-12-22,71.9,72.26,71.6,71.97,10660816.0
2017-12-26,72.23,72.72,72.08,72.6,8631105.0
2017-12-27,72.61,72.64,72.21,72.36,10855316.0
2017-12-28,72.35,72.47,72.22,72.47,7966785.0
2017-12-29,72.66,72.7,72.14,72.26,7356372.0
2018-01-02,72.62,73.53,72.39,73.45,14891354.0
2018-01-03,73.6,74.74,73.52,74.55,19299630.0
2018-01-04,74.5,75.05,74.23,75.0,14306843.0
2018-01-05,74.9,75.03,74.35,74.97,14204426.0
2018-01-08,74.94,75.46,74.74,75.42,9779217.0
2018-01-09,75.57,75.59,75.11,75.23,9234491.0
2018-01-10,75.45,75.5,75.08,75.14,10821983.0
2018-01-11,75.4,76.95,75.13,76.68,18089532.0
2018-01-12,76.7,77.62,76.7,77.42,19819205.0
2018-01-16,77.6,77.65,76.3,76.44,16894935.0
2018-01-17,76.66,77.44,76.16,77.11,14007382.0
2018-01-18,76.82,77.01,76.34,76.48,11514622.0
2018-01-19,76.31,76.41,75.88,76.38,12962747.0
2018-01-22,76.48,78.06,76.46,78.03,17016724.0
2018-01-23,78.18,78.26,77.52,77.91,10184938.0
2018-01-24,78.0,78.39,77.43,77.7,12919670.0
2018-01-25,78.09,78.09,76.95,77.09,11718449.0
2018-01-26,77.26,77.64,77.1,77.51,7785306.0
2018-01-29,77.2,77.47,76.22,76.34,12647167.0
2018-01-30,75.7,75.91,74.73,74.8,22751839.0
2018-01-31,75.0,75.13,74.33,74.85,15765547.0
2018-02-01,74.95,75.67,74.53,75.62,18011557.0
2018-02-02,74.23,74.41,72.06,72.46,31005405.0
2018-02-05,71.49,72.4,68.28,69.42,34767640.0
2018-02-06,68.23,70.47,67.9,69.97,32815176.0
2018-02-07,70.19,71.06,68.79,68.8,24603696.0
2018-02-08,68.87,69.15,66.69,66.72,27771124.0
2018-02-09,67.51,67.58,64.45,66.67,35174085.0
2018-02-12,67.53,68.51,67.21,67.76,24956856.0
2018-02-13,67.41,67.77,67.01,67.48,12284954.0
2018-02-14,66.82,68.66,66.66,68.46,19756920.0
2018-02-15,68.6,68.65,67.19,68.29,16469372.0
2018-02-16,68.0,68.76,67.71,68.12,13791074.0
2018-02-20,68.26,68.76,67.44,67.75,17808096.0
2018-02-21,67.55,68.18,66.61,66.61,12545399.0
2018-02-22,67.09,68.33,66.92,67.34,15330257.0
2018-02-23,67.67,68.85,67.55,68.8,15684833.0
2018-02-26,69.15,69.35,68.81,69.21,12156413.0
2018-02-27,69.35,69.9,68.3,68.31,13465707.0
2018-02-28,68.67,68.92,66.71,66.74,17621961.0
2018-03-01,66.67,67.69,66.16,66.64,22974984.0
2018-03-02,66.18,67.19,65.65,66.95,14578875.0
2018-03-05,66.64,67.87,66.52,67.66,12831534.0
2018-03-06,68.08,68.33,67.36,67.7,15677944.0
2018-03-07,66.97,67.68,66.56,67.19,12362602.0
2018-03-08,67.34,67.54,66.69,67.17,8013317.0
2018-03-09,67.69,68.51,67.63,68.45,11393053.0
2018-03-12,68.49,68.93,68.09,68.43,9486031.0
2018-03-13,68.64,68.95,67.66,67.94,10730854.0
2018-03-14,68.2,68.39,67.4,67.54,11348152.0
2018-03-15,67.79,68.08,66.68,67.19,12408513.0
2018-03-16,66.75,67.61,66.62,67.31,14342576.0
2018-03-19,67.1,67.19,65.89,66.27,14524982.0
2018-03-20,66.63,67.28,66.54,66.83,11259109.0
2018-03-21,67.23,69.02,67.02,68.58,16439550.0
2018-03-22,67.82,68.18,67.05,67.18,18483779.0
2018-03-23,67.52,68.3,66.62,66.77,19214283.0
2018-03-26,67.54,68.07,66.76,67.97,15953442.0
2018-03-27,68.26,68.54,66.94,67.33,13923130.0
2018-03-28,67.37,67.6,65.91,66.02,18228748.0
2018-03-29,66.31,67.67,66.3,67.41,13997923.0
2018-04-02,67.15,67.27,64.92,66.06,18992559.0
2018-04-03,66.31,67.53,65.68,67.47,14114315.0
2018-04-04,66.44,67.53,65.98,67.38,12490776.0
2018-04-05,67.55,69.02,67.55,68.59,13528407.0
2018-04-06,68.16,68.49,66.46,67.35,18883891.0
2018-04-09,67.67,68.53,67.4,67.67,10819833.0
2018-04-10,68.74,70.45,68.72,69.91,22621829.0
2018-04-11,69.8,70.8,69.71,70.64,21190947.0
2018-04-12,70.88,71.19,70.38,70.63,14311617.0
2018-04-13,71.01,71.7,70.91,71.41,13330421.0
2018-04-16,71.57,72.47,71.19,72.14,14024342.0
2018-04-17,72.33,72.75,71.92,72.42,16105269.0
2018-04-18,73.05,74.22,73.03,73.56,17311471.0
2018-04-19,73.62,74.2,73.2,73.65,18150344.0
2018-04-20,73.5,73.56,72.83,73.3,13690420.0
2018-04-23,73.07,73.76,72.67,73.75,14844633.0
2018-04-24,73.95,74.46,72.56,72.96,22787505.0
2018-04-25,72.73,73.64,72.27,73.54,13163311.0
2018-04-26,73.81,74.67,73.58,74.61,12216888.0
2018-04-27,73.85,74.19,73.53,73.82,10539303.0
2018-04-30,73.7,74.64,73.68,73.81,12963191.0
2018-05-01,73.44,73.49,72.43,73.36,13800927.0
2018-05-02,73.14,74.24,73.04,73.66,13434737.0
2018-05-03,73.32,73.61,72.5,73.49,15329576.0
2018-05-04,73.29,74.11,72.99,73.85,13585489.0
2018-05-07,74.43,75.57,73.8,73.95,17973699.0
2018-05-08,73.98,74.57,72.64,74.53,28774057.0
2018-05-09,75.44,76.89,75.43,76.05,24903938.0
2018-05-10,76.35,76.8,76.0,76.62,13890093.0
2018-05-11,76.79,77.25,76.56,76.73,12010656.0
2018-05-14,76.97,77.61,76.97,77.26,10226324.0
2018-05-15,77.09,77.4,76.69,77.28,10482690.0
2018-05-16,77.17,77.6,76.78,77.55,11997162.0
2018-05-17,77.8,78.83,77.76,78.72,16271320.0
2018-05-18,78.58,78.66,78.05,78.11,14092682.0
2018-05-21,78.55,78.91,78.15,78.91,11513109.0
2018-05-22,78.9,79.42,77.64,77.86,16583398.0
2018-05-23,77.41,77.91,76.77,77.85,16605788.0
2018-05-24,76.95,77.07,76.22,76.57,19154752.0
2018-05-25,75.22,75.32,73.84,74.58,32453517.0
2018-05-29,74.0,74.81,73.66,74.35,19327458.0
2018-05-30,74.99,76.94,74.96,76.6,23022169.0
2018-05-31,76.04,76.92,75.86,76.02,13258724.0
2018-06-01,76.28,76.89,75.97,76.38,14102548.0
2018-06-04,76.64,77.2,75.52,75.72,13689210.0
2018-06-05,75.35,76.12,75.18,75.54,13707928.0
2018-06-06,75.82,76.1,75.23,75.9,13479246.0
2018-06-07,76.3,77.49,76.28,77.05,15178860.0
2018-06-08,77.14,77.35,76.42,76.9,11236625.0
2018-06-11,76.88,77.64,76.72,77.3,10717777.0
2018-06-12,77.3,77.48,76.5,76.71,15707225.0
2018-06-13,76.47,76.87,76.11,76.42,12502106.0
2018-06-14,76.64,76.86,76.13,76.31,10291137.0
2018-06-15,75.36,75.51,74.01,74.17,16089397.0
2018-06-18,73.98,75.41,73.98,74.91,13184372.0
2018-06-19,74.01,75.02,73.8,74.74,12607644.0
2018-06-20,75.19,75.35,74.47,75.07,11655932.0
2018-06-21,74.54,74.58,73.33,73.68,15009796.0
2018-06-22,75.5,75.97,75.14,75.15,28310942.0
2018-06-25,74.93,75.03,73.14,73.64,18380345.0
2018-06-26,73.83,74.86,73.57,74.57,13529149.0
2018-06-27,75.19,76.51,75.16,75.57,20583866.0
2018-06-28,75.68,75.96,74.89,75.47,14285368.0
2018-06-29,75.68,76.74,75.68,75.94,13167937.0
2018-07-02,75.41,75.43,74.41,74.82,15296553.0
2018-07-03,75.6,76.46,75.11,75.29,9308177.0
2018-07-05,75.75,75.99,74.99,75.21,9969537.0
2018-07-06,74.98,75.91,74.63,75.67,9310429.0
2018-07-09,76.13,76.91,76.09,76.8,11059160.0
2018-07-10,77.27,78.0,77.18,77.37,11003761.0
2018-07-11,76.65,77.12,75.23,75.73,19362770.0
2018-07-12,75.93,76.35,75.32,75.86,12568031.0
2018-07-13,75.93,76.72,75.73,76.26,11423091.0
2018-07-16,75.51,75.88,74.73,75.38,11390744.0
2018-07-17,75.13,75.5,74.66,75.08,9753183.0
2018-07-18,74.72,75.24,73.98,75.13,15351520.0
2018-07-19,74.93,75.47,74.85,75.15,16231809.0
2018-07-20,75.15,75.32,74.65,74.89,10861317.0
2018-07-23,75.1,75.15,74.42,74.56,7623849.0
2018-07-24,74.89,75.94,74.79,75.5,10168500.0
2018-07-25,75.6,76.31,75.23,76.13,11037546.0
2018-07-26,76.29,77.09,76.14,76.96,12187385.0
2018-07-27,76.1,77.03,76.0,76.63,12642806.0
2018-07-30,77.24,77.56,76.98,77.26,11394997.0
2018-07-31,77.4,77.61,76.94,77.12,11290711.0
2018-08-01,76.45,76.48,75.64,76.05,11172625.0
2018-08-02,75.49,75.78,75.0,75.63,9689758.0
2018-08-03,75.49,75.63,74.86,75.24,7663337.0
2018-08-06,75.46,75.88,75.01,75.52,8200093.0
2018-08-07,76.29,76.5,75.84,76.08,11798340.0
2018-08-08,75.55,75.81,75.08,75.53,9401055.0
2018-08-09,75.59,75.73,74.71,74.83,15232467.0
2018-08-10,74.66,75.29,74.51,75.29,16977728.0
2018-08-13,75.15,75.41,74.29,74.33,9817144.0
2018-08-14,74.9,75.01,74.2,74.51,10437874.0
2018-08-15,73.8,73.92,71.7,71.91,26400448.0
2018-08-16,72.26,72.84,72.22,72.43,25013734.0
2018-08-17,72.62,72.8,72.34,72.61,11532984.0
2018-08-20,72.63,73.36,72.6,73.1,8345742.0
2018-08-21,73.71,74.06,73.39,73.47,9509139.0
2018-08-22,73.93,74.58,73.88,74.35,9345383.0
2018-08-23,74.0,74.13,73.72,74.0,6468894.0
2018-08-24,74.46,74.98,74.39,74.54,7753284.0
2018-08-27,74.79,75.19,74.68,75.09,6984879.0
2018-08-28,75.23,75.54,74.72,74.77,8393479.0
2018-08-29,75.01,75.54,74.78,75.23,7760446.0
2018-08-30,75.2,75.35,74.63,75.02,9250541.0
2018-08-31,74.79,74.81,74.13,74.44,8909659.0
2018-09-04,74.78,74.84,73.98,74.28,15094743.0
2018-09-05,73.94,74.22,73.19,74.18,9598117.0
2018-09-06,73.9,74.15,72.61,72.81,14406402.0
2018-09-07,72.54,72.93,71.78,72.8,10134371.0
2018-09-10,73.17,73.47,72.75,72.77,8911663.0
2018-09-11,72.7,73.88,72.5,73.46,14281571.0
2018-09-12,74.06,74.57,73.82,73.84,12689419.0
2018-09-13,73.72,74.01,73.23,73.87,11037449.0
2018-09-14,73.88,74.54,73.85,74.26,9494340.0
2018-09-17,74.45,74.88,74.2,74.38,14728899.0
2018-09-18,74.91,75.38,74.86,74.87,10223473.0
2018-09-19,74.89,75.41,74.82,75.1,10911537.0
2018-09-20,75.42,75.71,75.03,75.12,12512374.0
2018-09-21,75.01,75.35,74.5,75.1,13710102.0
2018-09-24,75.76,76.53,75.7,76.2,12784505.0
2018-09-25,76.68,77.01,76.58,76.69,13027568.0
2018-09-26,76.22,76.62,75.81,75.95,12728563.0
2018-09-27,76.25,76.35,75.75,75.95,10672146.0
2018-09-28,75.59,76.54,75.55,75.74,14833073.0
2018-10-01,76.02,77.11,76.02,76.79,12712910.0
2018-10-02,76.98,77.13,76.34,76.87,9468650.0
2018-10-03,77.2,77.72,76.98,77.49,13244803.0
2018-10-04,77.24,77.71,76.72,77.17,15192738.0
2018-10-05,77.09,77.41,76.69,77.16,11983237.0
2018-10-08,76.59,77.22,76.29,77.1,11578674.0
2018-10-09,77.37,78.36,77.04,77.79,16817008.0
2018-10-10,77.92,78.05,75.0,75.35,26405265.0
2018-10-11,74.62,74.67,72.25,72.8,35592112.0
2018-10-12,73.52,73.74,71.89,73.0,23578960.0
2018-10-15,72.99,73.29,72.37,72.39,11590374.0
2018-10-16,72.59,73.12,72.29,72.99,14571389.0
2018-10-17,72.85,73.07,71.91,72.53,15804298.0
2018-10-18,71.86,72.84,71.71,72.17,16587091.0
2018-10-19,71.81,72.58,71.48,71.53,13568442.0
2018-10-22,71.48,71.63,70.31,70.74,12294486.0
2018-10-23,69.7,69.72,67.91,68.89,26477733.0
2018-10-24,69.22,69.24,66.15,66.17,28100195.0
2018-10-25,66.98,67.67,66.53,66.98,25333570.0
2018-10-26,66.43,67.3,65.38,66.48,25579939.0
2018-10-29,66.97,67.06,64.37,65.24,24459846.0
2018-10-30,65.2,66.91,64.9,66.75,26397352.0
2018-10-31,67.4,68.29,67.07,67.16,17287796.0
2018-11-01,67.3,68.05,66.61,67.73,21475811.0
2018-11-02,68.48,68.98,66.88,67.56,21212484.0
2018-11-05,68.38,68.96,68.22,68.69,13231630.0
2018-11-06,68.86,69.16,68.19,69.01,13072117.0
2018-11-07,69.9,70.36,69.1,70.14,16663206.0
2018-11-08,69.82,70.37,68.37,68.62,15145350.0
2018-11-09,67.71,68.94,67.34,68.5,22917818.0
2018-11-12,68.97,69.26,66.94,67.08,18041630.0
2018-11-13,66.89,67.25,65.19,65.54,32732140.0
2018-11-14,66.56,66.81,64.83,65.43,22542111.0
2018-11-15,65.01,66.47,65.44,66.39,15601565.0
2018-11-16,66.8,67.41,66.47,67.18,19755466.0
2018-11-19,66.77,67.43,66.56,67.16,15583829.0
2018-11-20,66.28,66.44,64.46,64.96,26324382.0
2018-11-21,65.47,66.68,65.32,65.98,17330943.0
2018-11-23,64.34,64.57,63.44,63.91,14421770.0
2018-11-26,64.38,65.3,64.37,64.87,16682750.0
2018-11-27,64.54,65.16,64.32,64.69,22264294.0
2018-11-28,64.63,65.85,64.22,65.8,21148228.0
2018-11-29,65.85,66.76,65.75,66.23,14414463.0
2018-11-30,65.65,66.3,65.32,66.11,18129018.0
2018-12-03,67.62,67.99,66.79,67.58,21994116.0
2018-12-04,67.61,67.83,65.52,65.64,18296515.0
2018-12-06,64.2,64.53,63.07,64.43,35356073.0
2018-12-07,65.66,66.63,63.96,64.07,27445717.0
2018-12-10,63.62,63.93,61.62,63.07,23382779.0
2018-12-11,64.04,64.16,62.43,63.09,17241615.0
2018-12-12,64.12,64.55,63.3,63.34,19267357.0
2018-12-13,63.19,63.94,62.91,63.54,15298973.0
2018-12-14,63.15,63.41,61.79,62.09,22893814.0
2018-12-17,61.93,62.45,60.52,60.96,20732300.0
2018-12-18,60.85,61.07,59.19,59.52,26616985.0
2018-12-19,59.83,60.96,58.33,58.82,45548907.0
2018-12-20,58.1,58.99,56.84,57.19,38504384.0
2018-12-21,56.67,57.61,55.64,56.11,37394111.0
2018-12-24,55.45,55.72,53.79,53.84,15605923.0
2018-12-26,54.36,57.2,53.36,57.19,29096971.0
2018-12-27,56.04,57.56,55.28,57.49,24377297.0
2018-12-28,57.75,58.01,56.7,57.05,19437424.0
2018-12-31,57.56,57.77,56.68,57.35,18705301.0
2019-01-02,56.44,58.87,56.15,58.48,24892646.0
2019-01-03,58.65,58.86,57.24,57.9,18024052.0
2019-01-04,58.9,60.05,58.56,59.87,21351479.0
2019-01-07,60.32,61.2,59.52,60.76,18056906.0
2019-01-08,61.61,61.75,60.9,61.23,18692311.0
2019-01-09,62.05,62.41,61.41,62.2,18756783.0
2019-01-10,61.73,62.46,61.38,62.38,19167596.0
2019-01-11,62.06,62.41,61.46,62.01,14105948.0
2019-01-14,61.42,62.11,61.33,61.86,13191739.0
2019-01-15,62.2,62.67,61.77,62.08,9821467.0
2019-01-16,62.01,62.51,61.79,62.0,12541129.0
2019-01-17,61.53,62.84,61.39,62.57,10174827.0
2019-01-18,63.31,63.89,62.94,63.84,14531758.0
2019-01-22,63.14,63.28,62.28,62.45,19863168.0
2019-01-23,62.67,62.75,61.3,61.81,23367653.0
2019-01-24,61.68,62.7,61.43,62.14,13049182.0
2019-01-25,62.67,63.32,62.57,62.93,10233586.0
2019-01-28,62.1,62.33,61.62,62.3,12022744.0
2019-01-29,62.66,62.91,62.44,62.49,11884145.0
2019-01-30,62.88,63.57,62.54,63.37,12116611.0
2019-01-31,63.47,64.08,63.3,63.78,17844177.0
2019-02-01,64.47,65.27,64.26,64.89,14772410.0
2019-02-04,64.45,65.06,63.97,65.04,10108051.0
2019-02-05,64.99,65.25,64.78,65.14,7852677.0
2019-02-06,64.83,65.01,64.6,64.66,6803809.0
2019-02-07,64.26,64.48,62.64,63.23,14600475.0
2019-02-08,63.06,63.21,61.87,62.94,10634406.0
2019-02-11,62.64,63.34,62.46,63.24,12497386.0
2019-02-12,64.09,64.41,63.3,64.04,10677292.0
2019-02-13,64.3,65.35,64.23,64.84,13061653.0
2019-02-14,64.61,65.56,64.49,65.07,10213409.0
2019-02-15,65.75,66.17,65.6,66.12,10183838.0
2019-02-19,65.79,66.57,65.69,66.32,8721631.0
2019-02-20,66.22,66.93,66.21,66.6,9935693.0
2019-02-21,66.39,66.56,65.33,65.57,11866116.0
2019-02-22,66.06,66.26,65.43,65.76,9948258.0
2019-02-25,65.55,66.09,65.49,65.87,15904458.0
2019-02-26,65.81,66.26,65.64,65.66,10550682.0
2019-02-27,65.98,66.59,65.6,65.91,10294013.0
2019-02-28,65.92,66.01,64.84,65.25,11249407.0
2019-03-01,65.6,66.46,65.6,66.45,20327998.0
2019-03-04,66.69,66.85,65.57,66.57,19780305.0
2019-03-05,66.66,66.69,65.88,66.35,15807549.0
2019-03-06,65.81,65.95,65.18,65.51,22690923.0
2019-03-07,65.55,65.6,64.86,65.12,23446166.0
2019-03-08,64.07,64.2,63.31,63.9,15621533.0
2019-03-11,64.37,65.05,64.31,64.9,13212089.0
2019-03-12,65.01,65.65,64.99,65.32,11013139.0
2019-03-13,65.73,66.01,65.46,65.98,13206790.0
2019-03-14,66.04,66.38,65.97,66.05,12320420.0
2019-03-15,65.48,65.71,65.26,65.51,12427359.0
2019-03-18,65.59,66.53,65.56,66.42,10067909.0
2019-03-19,66.75,67.09,65.97,66.24,12525956.0
2019-03-20,66.18,67.42,65.98,66.82,13662863.0
2019-03-21,66.62,67.4,66.48,67.29,17878046.0
2019-03-22,66.68,66.79,65.22,65.47,19974975.0
2019-03-25,65.19,65.61,64.87,65.5,12346537.0
2019-03-26,66.26,66.89,66.08,66.44,11516543.0
2019-03-27,66.39,66.69,65.47,65.97,9582647.0
2019-03-28,65.69,66.3,65.56,66.22,9149159.0
2019-03-29,66.86,67.02,65.9,66.12,10037621.0
2019-04-01,66.56,67.13,66.47,66.99,12411747.0
2019-04-02,67.16,67.22,66.37,66.53,11152432.0
2019-04-03,66.72,66.85,65.66,65.89,11989787.0
2019-04-04,65.93,66.49,65.61,66.44,10504382.0
2019-04-05,66.62,67.69,66.59,67.61,17269238.0
2019-04-08,67.71,68.25,67.63,67.91,10602138.0
2019-04-09,67.71,67.71,66.87,67.08,14541926.0
2019-04-10,67.23,67.64,67.15,67.33,9375986.0
2019-04-11,67.27,67.84,66.86,67.38,10914234.0
2019-04-12,68.35,68.4,67.39,67.56,15426841.0
2019-04-15,67.48,67.64,67.05,67.16,8300980.0
2019-04-16,67.4,67.7,67.16,67.6,8130337.0
2019-04-17,68.01,68.16,67.42,67.51,10934622.0
2019-04-18,67.7,67.79,67.02,67.19,9759653.0
2019-04-22,67.81,68.66,67.62,68.61,14164657.0
2019-04-23,68.66,68.81,68.05,68.5,10212221.0
2019-04-24,68.56,68.6,67.27,67.3,11019051.0
2019-04-25,67.29,67.64,66.94,67.09,12060913.0
2019-04-26,66.6,66.62,65.64,66.22,16838386.0
2019-04-29,66.24,66.52,66.03,66.16,12974541.0
2019-04-30,66.8,66.84,66.03,66.11,14327153.0
2019-05-01,66.13,66.33,64.74,64.79,22155991.0
2019-05-02,64.38,64.77,63.63,63.66,28033012.0
2019-05-03,64.26,64.75,64.11,64.25,19624559.0
2019-05-06,63.76,64.52,63.7,64.31,20344657.0
2019-05-07,63.55,63.8,62.94,63.75,15064718.0
2019-05-08,63.72,64.28,63.58,63.75,9823707.0
2019-05-09,63.45,63.99,62.91,63.75,14409544.0
2019-05-10,63.75,64.21,62.85,64.05,13074954.0
2019-05-13,63.47,63.78,62.65,62.95,14070022.0
2019-05-14,63.29,64.25,63.23,63.72,9241956.0
2019-05-15,63.36,64.19,63.19,64.05,10092343.0
2019-05-16,64.21,64.64,64.21,64.4,9376619.0
2019-05-17,63.97,64.32,63.67,63.75,10555799.0
2019-05-20,63.76,64.08,63.65,63.78,8186324.0
2019-05-21,64.05,64.7,63.97,64.52,18380450.0
2019-05-22,64.13,64.28,63.31,63.52,9637121.0
2019-05-23,62.46,62.51,61.02,61.39,23963613.0
2019-05-24,61.88,62.12,61.09,61.62,10153381.0
2019-05-28,61.66,61.77,60.89,60.98,12930642.0
2019-05-29,60.14,60.63,59.78,60.59,16951585.0
2019-05-30,60.49,60.6,59.63,59.82,15173861.0
2019-05-31,59.0,59.54,58.77,58.77,21898542.0
2019-06-03,59.17,59.81,59.08,59.52,18024661.0
2019-06-04,60.08,60.69,59.92,60.55,14743427.0
2019-06-05,60.67,60.69,59.52,59.88,15882054.0
2019-06-06,60.0,61.22,60.0,60.99,32393915.0
2019-06-07,61.18,61.66,61.03,61.27,15774071.0
2019-06-10,61.6,62.0,61.36,61.45,9837825.0
2019-06-11,61.99,62.19,61.55,61.57,9522629.0
2019-06-12,61.17,61.31,60.51,60.7,13816452.0
2019-06-13,61.4,61.69,60.68,61.41,12191939.0
2019-06-14,61.56,61.57,60.86,61.01,7916416.0
2019-06-17,60.88,61.69,60.69,61.52,8795248.0
2019-06-18,61.92,62.74,61.81,62.37,17222144.0
2019-06-19,62.28,62.66,61.97,62.3,8827665.0
2019-06-20,63.3,63.78,63.23,63.68,25953969.0
2019-06-21,63.2,63.79,63.2,63.56,16356327.0
2019-06-24,63.54,63.72,62.89,62.99,10396671.0
2019-06-25,62.95,63.01,62.42,62.49,11887333.0
2019-06-26,63.12,63.93,62.96,63.45,14326784.0
2019-06-27,63.45,63.64,62.85,62.98,10608998.0
2019-06-28,63.13,63.77,63.13,63.71,17369740.0
2019-07-01,64.5,64.71,63.61,63.77,14913860.0
2019-07-02,63.58,63.71,62.47,62.75,12100515.0
2019-07-03,62.84,63.05,62.46,63.0,6987346.0
2019-07-05,62.77,63.15,62.63,63.09,7363356.0
2019-07-08,62.99,63.53,62.81,63.18,8628482.0
2019-07-09,63.08,63.27,62.66,63.23,7488131.0
2019-07-10,63.63,64.26,63.21,64.04,11767381.0
2019-07-11,64.23,64.24,63.77,64.17,12681342.0
2019-07-12,64.21,64.66,64.21,64.44,8081374.0
2019-07-15,64.55,64.59,63.72,63.86,9538946.0
2019-07-16,63.73,63.84,62.93,63.18,10587053.0
2019-07-17,63.13,63.33,62.42,62.46,13664662.0
2019-07-18,62.16,62.47,61.8,62.47,12755565.0
2019-07-19,62.53,62.97,62.24,62.76,9965289.0
2019-07-22,63.0,63.26,62.55,63.05,7844184.0
2019-07-23,63.05,63.39,62.86,63.22,7268818.0
2019-07-24,63.14,63.9,63.07,63.49,9907734.0
2019-07-25,63.73,63.81,62.58,62.77,10070354.0
2019-07-26,62.77,62.78,62.18,62.45,9653823.0
2019-07-29,62.4,62.45,61.74,62.2,8284938.0
2019-07-30,61.95,63.05,61.83,62.9,10801348.0
2019-07-31,62.9,63.44,62.18,62.7,15278042.0
2019-08-01,62.01,62.3,60.89,61.28,25190596.0
2019-08-02,61.53,61.89,59.78,60.4,21699934.0
2019-08-05,59.28,59.44,58.18,58.6,27576891.0
2019-08-06,58.75,59.09,57.9,58.53,16997506.0
2019-08-07,57.46,58.37,57.16,58.09,24802188.0
2019-08-08,58.48,59.79,58.21,59.76,23267835.0
2019-08-09,59.81,59.94,58.85,59.1,14593219.0
2019-08-12,58.96,59.05,58.14,58.42,18055472.0
2019-08-13,58.14,59.49,57.83,58.94,14397726.0
2019-08-14,57.68,57.82,56.54,56.63,23649726.0
2019-08-15,56.33,56.6,55.67,56.28,14306088.0
2019-08-16,56.58,57.19,56.39,57.02,21450306.0
2019-08-19,57.82,58.49,57.71,58.28,13881866.0
2019-08-20,58.0,58.07,57.57,57.79,9521878.0
2019-08-21,58.39,58.49,57.95,58.16,12037401.0
2019-08-22,58.36,58.59,57.87,57.9,9353521.0
2019-08-23,57.21,57.75,55.64,55.96,24409141.0
2019-08-26,56.45,56.75,55.96,56.2,10806578.0
2019-08-27,56.5,56.73,55.55,55.85,11833743.0
2019-08-28,56.14,56.93,55.86,56.65,15696538.0
2019-08-29,57.09,57.72,57.03,57.48,12332306.0
2019-08-30,57.7,58.2,57.14,57.48,13022340.0
2019-09-03,56.55,57.32,56.38,57.2,13964802.0
2019-09-04,58.0,58.25,57.83,58.0,11191118.0
2019-09-05,58.51,59.37,58.42,58.72,14538515.0
2019-09-06,58.6,59.1,58.27,59.03,12234331.0
2019-09-09,59.51,60.35,59.39,60.21,24757225.0
2019-09-10,60.58,61.8,60.46,60.92,25718030.0
2019-09-11,61.26,61.74,60.65,60.98,22752016.0
2019-09-12,60.21,61.04,59.71,60.6,19059516.0
2019-09-13,61.0,61.4,60.74,61.08,14061580.0
2019-09-16,63.64,63.65,62.4,63.13,30677809.0
2019-09-17,63.17,63.19,61.83,62.25,26473181.0
2019-09-18,61.8,62.2,61.52,61.95,11617589.0
2019-09-19,62.32,62.46,61.6,61.79,14029442.0
2019-09-20,61.27,61.52,60.98,61.28,20164618.0
2019-09-23,60.87,61.46,60.8,61.3,9337060.0
2019-09-24,61.11,61.17,59.97,60.33,20574893.0
2019-09-25,60.05,60.5,59.91,60.43,10143268.0
2019-09-26,60.16,60.3,59.34,59.64,14088335.0
2019-09-27,59.31,60.09,59.2,59.63,15632625.0
2019-09-30,59.35,59.59,59.14,59.2,19819471.0
2019-10-01,59.4,59.62,57.82,57.83,16468129.0
2019-10-02,57.49,57.63,56.25,56.41,19280673.0
2019-10-03,56.1,57.08,55.64,57.02,21186885.0
2019-10-04,57.26,57.46,56.68,57.38,11061469.0
2019-10-07,57.47,57.69,56.84,56.87,12304397.0
2019-10-08,56.29,56.73,55.82,55.9,20802273.0
2019-10-09,56.4,56.72,56.3,56.41,8934940.0
2019-10-10,56.6,57.27,56.51,57.12,10375027.0
2019-10-11,57.71,58.43,57.61,57.89,24195751.0
2019-10-14,57.47,58.07,57.25,57.86,12166831.0
2019-10-15,57.74,58.68,57.67,58.1,11267326.0
2019-10-16,57.9,58.31,57.27,57.29,12005526.0
2019-10-17,57.53,57.71,57.15,57.33,12289357.0
2019-10-18,57.18,57.64,57.02,57.03,10278156.0
2019-10-21,57.14,58.1,57.07,58.05,10503489.0
2019-10-22,58.23,59.47,58.05,58.8,21108485.0
2019-10-23,58.7,59.41,58.45,59.29,12213623.0
2019-10-24,59.63,59.67,58.73,59.04,13205551.0
2019-10-25,59.06,59.69,58.98,59.52,11874984.0
2019-10-28,59.72,60.06,59.08,59.18,11756551.0
2019-10-29,58.96,59.92,58.76,59.42,13468418.0
2019-10-30,59.56,59.59,57.98,58.21,15506686.0
2019-10-31,57.97,58.06,57.39,57.96,15032442.0
2019-11-01,58.25,59.39,58.2,59.28,13310097.0
2019-11-04,59.96,61.39,59.95,61.21,21530212.0
2019-11-05,61.38,61.83,61.09,61.29,17555060.0
2019-11-06,61.2,61.33,59.87,60.04,17827895.0
2019-11-07,60.65,61.13,60.49,60.94,13241711.0
2019-11-08,60.57,60.77,60.0,60.69,10389848.0
2019-11-11,60.12,60.63,59.89,60.35,14480473.0
2019-11-12,60.53,60.86,59.73,60.04,12541246.0
2019-11-13,59.73,59.99,59.53,59.78,10793945.0
2019-11-14,59.76,60.09,59.34,59.62,8116977.0
2019-11-15,59.87,60.31,59.8,60.08,9183463.0
2019-11-18,59.7,59.77,59.1,59.35,12754805.0
2019-11-19,59.16,59.21,58.4,58.47,15380355.0
2019-11-20,58.45,59.49,58.09,59.06,17147126.0
2019-11-21,59.26,60.08,59.07,60.03,15641682.0
2019-11-22,60.08,60.37,59.71,59.83,11491975.0
2019-11-25,59.76,59.99,59.53,59.89,12338159.0
2019-11-26,59.97,59.99,59.12,59.34,13403157.0
2019-11-27,59.41,59.61,59.0,59.49,9668274.0
2019-11-29,59.0,59.21,58.67,58.89,7830226.0
2019-12-02,59.09,59.47,58.82,58.89,15390992.0
2019-12-03,58.37,58.47,57.8,58.01,17128314.0
2019-12-04,58.52,59.06,58.33,58.88,17430420.0
2019-12-05,59.13,59.2,58.4,58.6,10894161.0
2019-12-06,58.85,59.9,58.84,59.72,16729654.0
2019-12-09,59.26,59.93,59.26,59.65,8839059.0
2019-12-10,59.85,59.99,59.51,59.77,8786138.0
2019-12-11,59.68,60.08,59.55,59.67,12436340.0
2019-12-12,59.76,60.98,59.69,60.77,22492370.0
2019-12-13,60.98,61.37,60.27,60.31,11372454.0
2019-12-16,60.74,61.36,60.71,61.12,11136816.0
2019-12-17,61.38,61.71,60.93,61.16,23154716.0
2019-12-18,61.09,61.78,61.01,61.39,12942045.0
2019-12-19,61.4,61.57,61.26,61.37,12770101.0
2019-12-20,60.96,61.43,60.85,61.36,17420045.0
2019-12-23,61.29,62.03,61.22,61.99,13474589.0
2019-12-24,62.13,62.22,61.85,61.96,5037439.0
2019-12-26,62.23,62.44,61.86,61.94,10157173.0
2019-12-27,62.17,62.23,61.64,61.68,10718840.0
2019-12-30,60.12,60.23,59.61,59.7,14632973.0
2019-12-31,59.4,60.1,59.23,60.04,10729021.0
2020-01-02,60.44,60.67,60.23,60.58,11946968.0
2020-01-03,61.13,61.31,60.1,60.4,29515623.0
2020-01-06,60.61,61.18,60.4,60.87,22460711.0
2020-01-07,60.7,60.77,60.0,60.71,11493394.0
2020-01-08,60.65,60.72,59.63,59.71,19038083.0
2020-01-09,59.68,60.21,58.98,60.15,15367597.0
2020-01-10,60.12,60.17,59.74,59.81,9151352.0
2020-01-13,59.72,60.02,59.41,59.83,8779691.0
2020-01-14,59.7,59.91,59.31,59.84,17339872.0
2020-01-15,59.58,59.76,59.23,59.4,10830804.0
2020-01-16,59.75,59.95,59.47,59.5,8224487.0
2020-01-17,59.66,59.69,59.02,59.12,11909116.0
2020-01-21,58.79,58.8,57.96,58.06,17354555.0
2020-01-22,57.95,57.99,57.34,57.5,14677719.0
2020-01-23,56.9,57.46,56.46,57.28,13278012.0
2020-01-24,57.02,57.28,56.18,56.62,20390559.0
2020-01-27,55.48,55.7,54.98,55.05,21682539.0
2020-01-28,55.36,55.64,55.08,55.3,14300069.0
2020-01-29,55.61,55.81,54.65,54.72,13748945.0
2020-01-30,54.15,55.22,54.01,55.16,24430549.0
2020-01-31,54.23,54.38,53.16,53.44,33430533.0
2020-02-03,53.37,53.45,52.55,52.74,21290433.0
2020-02-04,53.5,53.92,52.83,52.93,19819836.0
2020-02-05,53.81,55.11,53.78,54.92,34381974.0
2020-02-06,55.18,55.18,54.27,54.36,15400630.0
2020-02-07,53.95,54.21,53.7,53.98,13693685.0
2020-02-10,53.7,53.83,53.38,53.71,14640594.0
2020-02-11,54.44,54.52,54.07,54.31,13844593.0
2020-02-12,55.12,55.35,54.59,55.05,17199814.0
2020-02-13,54.89,55.18,54.55,54.87,11974888.0
2020-02-14,55.06,55.1,54.24,54.58,12520109.0
2020-02-18,54.1,54.57,53.63,54.13,16314908.0
2020-02-19,54.49,55.07,54.19,54.85,12455425.0
2020-02-20,54.99,55.4,54.65,54.79,13050826.0
2020-02-21,54.27,54.32,53.69,54.14,13808205.0
2020-02-24,52.1,52.4,51.48,51.64,33037501.0
2020-02-25,51.78,51.82,49.04,49.36,42837329.0
2020-02-26,49.54,49.78,47.85,47.87,48828313.0
2020-02-27,46.63,47.53,45.29,45.31,61278725.0
2020-02-28,43.88,45.84,43.52,45.27,68764415.0
2020-03-02,46.28,47.16,44.93,47.1,36642667.0
2020-03-03,47.37,47.99,45.15,45.66,48595314.0
2020-03-04,46.64,46.75,45.67,46.74,24484539.0
2020-03-05,45.4,45.61,44.28,45.03,29387322.0
2020-03-06,43.5,43.89,41.86,42.5,61517408.0
2020-03-09,35.07,36.43,33.73,33.94,66556947.0
2020-03-10,36.67,36.82,33.36,35.55,48431137.0
2020-03-11,34.45,35.05,33.13,33.67,43492869.0
2020-03-12,31.19,32.0,29.38,29.47,38829069.0
2020-03-13,31.96,32.22,28.8,32.19,34098421.0
2020-03-16,27.95,31.11,27.67,27.81,40233594.0
2020-03-17,28.08,29.18,26.95,28.0,45443564.0
2020-03-18,26.04,26.58,22.88,23.98,52135809.0
2020-03-19,24.33,25.71,22.98,25.61,52226458.0
2020-03-20,26.26,26.84,24.76,25.86,58357226.0
2020-03-23,25.13,25.29,23.15,23.57,48260209.0
2020-03-24,25.4,27.49,25.4,27.35,44511075.0
2020-03-25,27.95,30.0,26.74,28.64,52434902.0
2020-03-26,28.93,31.0,28.57,30.39,46918069.0
2020-03-27,29.12,29.21,28.16,28.33,36528419.0
2020-03-30,27.95,28.87,27.09,28.62,42127400.0
2020-03-31,29.42,30.0,28.48,29.06,34350607.0
2020-04-01,28.12,28.48,27.23,27.62,23826458.0
2020-04-02,29.01,31.76,28.26,30.15,73128147.0
2020-04-03,31.1,31.31,28.98,29.83,63834325.0
2020-04-06,30.5,31.62,30.09,31.41,38020723.0
2020-04-07,32.96,33.87,32.02,32.08,51509497.0
2020-04-08,32.76,34.33,32.49,34.22,41905812.0
2020-04-09,35.54,36.46,32.62,33.91,91381541.0
2020-04-13,35.09,35.22,33.26,33.8,33842840.0
2020-04-14,33.97,34.38,33.42,33.64,36324070.0
2020-04-15,32.3,32.38,31.06,32.06,36710536.0
2020-04-16,31.98,32.08,30.65,30.69,32302898.0
2020-04-17,31.33,33.99,31.31,33.95,45853438.0
2020-04-20,31.95,34.1,31.78,32.89,56394974.0
2020-04-21,31.94,32.9,31.39,32.31,60430757.0
2020-04-22,33.77,33.99,33.01,33.46,36894144.0
2020-04-23,34.48,35.35,34.14,34.54,41603647.0
2020-04-24,35.23,35.54,34.07,34.62,32441516.0
2020-04-27,34.36,35.62,33.58,35.37,23288037.0
2020-04-28,35.9,36.4,35.32,36.18,29569013.0
2020-04-29,37.37,38.99,37.34,38.86,35537494.0
2020-04-30,39.08,39.08,37.44,38.0,42020062.0
2020-05-01,37.22,37.5,35.41,35.85,29265931.0
2020-05-04,35.19,37.12,35.02,37.09,26390227.0
2020-05-05,38.61,38.92,36.99,37.12,34366717.0
2020-05-06,37.3,37.62,36.12,36.15,23675053.0
2020-05-07,37.17,37.79,36.83,37.09,24240499.0
2020-05-08,37.96,38.8,37.74,38.78,24840580.0
2020-05-11,38.52,38.63,37.92,38.1,23265662.0
2020-05-12,38.48,38.53,37.38,37.43,28064487.0
2020-05-13,37.18,37.23,35.47,35.73,34497444.0
2020-05-14,35.1,36.47,34.3,36.13,30984194.0
2020-05-15,36.14,36.89,35.67,35.99,27213861.0
2020-05-18,38.05,39.18,37.95,38.93,36597396.0
2020-05-19,38.98,39.1,37.81,37.84,26970315.0
2020-05-20,38.62,39.42,38.42,39.35,27260646.0
2020-05-21,39.47,39.63,38.41,38.72,28120869.0
2020-05-22,38.41,38.52,37.69,38.48,19247501.0
2020-05-26,39.71,39.96,39.45,39.55,37444281.0
2020-05-27,40.13,40.36,38.94,40.06,35612830.0
2020-05-28,40.16,40.16,38.75,38.94,27179408.0
2020-05-29,38.6,39.05,37.95,38.76,35754826.0
2020-06-01,38.7,39.66,38.18,39.44,23869771.0
2020-06-02,39.87,40.58,39.82,40.54,25159234.0
2020-06-03,41.18,41.92,41.1,41.73,27300871.0
2020-06-04,41.5,41.9,40.9,41.74,27424720.0
2020-06-05,43.83,45.25,43.79,44.84,50196696.0
2020-06-08,46.47,46.88,45.43,46.86,47534714.0
2020-06-09,45.36,45.49,44.48,45.1,43699499.0
2020-06-10,44.68,44.72,42.86,42.88,40488452.0
2020-06-11,39.89,41.04,38.71,38.84,48152242.0
2020-06-12,40.55,40.84,38.74,39.82,42817532.0
2020-06-15,38.12,40.35,37.7,39.94,32852798.0
2020-06-16,41.84,41.9,39.92,41.09,32046700.0
2020-06-17,40.93,40.94,39.68,39.69,23368029.0
2020-06-18,39.29,40.62,39.05,40.18,18468934.0
2020-06-19,41.43,41.44,39.53,39.57,26967088.0
2020-06-22,38.88,39.38,38.42,39.25,19448200.0
2020-06-23,39.84,39.94,39.17,39.29,14805831.0
2020-06-24,38.68,38.69,36.86,37.11,32362974.0
2020-06-25,36.76,37.96,36.57,37.82,24017220.0
2020-06-26,37.55,37.55,36.34,36.51,33861103.0
2020-06-29,36.6,37.32,36.44,37.0,19452815.0
2020-06-30,36.7,38.07,36.32,37.85,20943436.0
2020-07-01,38.0,38.51,36.88,36.93,24573415.0
2020-07-02,37.69,38.21,37.26,37.34,20779169.0
2020-07-06,38.0,38.27,36.98,37.45,22542171.0
2020-07-07,36.98,37.03,36.2,36.26,20910910.0
2020-07-08,36.26,36.82,35.93,36.23,20650858.0
2020-07-09,36.07,36.17,34.4,34.44,30543584.0
2020-07-10,34.24,35.58,34.24,35.54,25227968.0
2020-07-13,35.87,36.01,35.08,35.35,37223780.0
2020-07-14,35.11,36.66,35.01,36.59,34221117.0
2020-07-15,37.52,37.62,36.83,37.38,25902534.0
2020-07-16,37.13,37.69,36.66,37.21,18822756.0
2020-07-17,37.33,37.74,36.53,36.69,17716903.0
2020-07-20,36.56,36.98,36.05,36.08,20076519.0
2020-07-21,36.7,38.55,36.65,38.26,36188840.0
2020-07-22,37.85,37.85,37.24,37.79,19621693.0
2020-07-23,37.66,37.91,37.24,37.72,21043891.0
2020-07-24,37.72,38.28,37.37,37.51,19950569.0
2020-07-27,37.46,37.72,36.99,37.55,18230986.0
2020-07-28,37.33,37.69,36.81,36.91,17776886.0
2020-07-29,37.01,37.71,36.76,37.68,17215023.0
2020-07-30,36.89,36.91,35.88,36.2,32833724.0
2020-07-31,35.65,36.07,35.3,36.03,24774420.0
2020-08-03,36.02,36.36,35.72,36.16,21105539.0
2020-08-04,36.04,37.12,36.01,37.04,22572126.0
2020-08-05,37.77,37.9,37.09,37.43,30763500.0
2020-08-06,37.22,37.56,36.99,37.13,19190742.0
2020-08-07,36.8,37.27,36.37,37.18,18376577.0
2020-08-10,37.46,38.35,37.37,38.33,26308068.0
2020-08-11,39.08,39.53,38.02,38.2,26513139.0
2020-08-12,38.78,39.03,38.17,38.58,25533871.0
2020-08-13,38.27,38.59,37.74,37.83,15761049.0
2020-08-14,37.53,38.25,37.39,38.19,13279662.0
2020-08-17,38.2,38.22,37.76,37.97,14255817.0
2020-08-18,37.83,38.2,37.38,37.49,14348766.0
2020-08-19,37.46,37.63,36.94,37.06,14793943.0
2020-08-20,36.51,36.75,36.25,36.26,19107685.0
2020-08-21,36.12,36.19,35.69,36.03,17347787.0
2020-08-24,36.25,37.28,36.04,37.02,24826985.0
2020-08-25,37.22,37.27,36.32,36.5,20118545.0
2020-08-26,36.45,36.45,35.68,35.73,18001223.0
2020-08-27,35.74,36.04,35.36,35.8,22259652.0
2020-08-28,35.94,36.55,35.76,36.44,14575050.0
2020-08-31,36.49,36.54,35.65,35.65,18791540.0
2020-09-01,35.49,35.57,34.97,35.41,18260946.0
2020-09-02,35.4,35.61,35.02,35.24,23850473.0
2020-09-03,35.17,35.9,34.77,34.98,39442315.0
2020-09-04,35.34,35.58,34.44,34.87,34341015.0
2020-09-08,34.21,34.37,33.22,33.6,49218848.0
2020-09-09,33.98,34.17,33.71,33.83,24977619.0
2020-09-10,33.93,33.97,32.53,32.59,37003339.0
2020-09-11,32.66,32.83,32.35,32.62,25397272.0
2020-09-14,32.71,33.17,32.48,32.87,19444213.0
2020-09-15,33.09,33.39,32.54,32.63,25610440.0
2020-09-16,32.92,34.38,32.64,33.94,35899018.0
2020-09-17,33.4,34.02,33.07,33.99,22356743.0
2020-09-18,33.97,34.0,33.27,33.61,26406373.0
2020-09-21,32.26,32.34,31.43,31.97,30719575.0
2020-09-22,31.99,32.5,31.58,31.64,22348723.0
2020-09-23,31.76,31.88,30.17,30.21,26484596.0
2020-09-24,30.1,30.75,29.54,30.2,35243784.0
2020-09-25,29.89,30.41,29.7,30.18,27558431.0
2020-09-28,30.73,31.23,30.69,30.89,26375971.0
2020-09-29,30.8,30.87,29.74,30.04,23801491.0
2020-09-30,30.23,30.58,29.81,29.95,24574493.0
2020-10-01,29.62,29.75,28.85,29.03,28365245.0
2020-10-02,28.25,29.56,28.2,29.31,28705210.0
2020-10-05,29.57,30.21,29.5,30.19,31572227.0
2020-10-06,30.63,30.8,29.66,29.74,31111551.0
2020-10-07,29.91,30.24,29.57,30.16,21043019.0
2020-10-08,30.41,31.31,30.27,31.29,30563066.0
2020-10-09,31.57,31.65,30.74,30.79,25517943.0
2020-10-12,30.69,30.98,30.37,30.87,16684603.0
2020-10-13,30.87,31.05,30.3,30.39,25383766.0
2020-10-14,30.46,31.23,30.4,30.52,27245479.0
2020-10-15,30.0,30.9,29.73,30.89,20360584.0
2020-10-16,30.83,30.87,30.14,30.19,18711488.0
2020-10-19,30.3,30.45,29.52,29.55,25186046.0
2020-10-20,29.72,30.16,29.52,29.9,22993784.0
2020-10-21,29.73,29.9,29.32,29.33,24657633.0
2020-10-22,29.38,30.58,29.19,30.54,32827709.0
2020-10-23,30.7,30.88,30.01,30.39,24987726.0
2020-10-26,29.87,29.91,29.01,29.3,30400969.0
2020-10-27,29.27,29.28,28.85,28.92,21596759.0
2020-10-28,28.21,28.39,27.55,27.71,40549086.0
2020-10-29,27.35,28.65,26.98,28.56,37252105.0
2020-10-30,28.36,28.74,28.03,28.72,37903718.0
2020-11-02,29.11,30.09,28.57,29.7,41893111.0
2020-11-03,30.2,30.22,29.26,29.53,34877454.0
2020-11-04,29.57,30.28,28.77,29.57,43613651.0
2020-11-05,29.61,30.16,29.51,29.57,31795761.0
2020-11-06,29.57,30.01,28.81,28.93,33223222.0
2020-11-09,32.4,33.79,28.92,33.06,99356706.0
2020-11-10,33.68,34.13,32.98,34.13,73338096.0
2020-11-11,34.5,34.57,33.46,33.78,46542504.0
2020-11-12,33.19,33.66,32.34,32.69,38598610.0
2020-11-13,32.94,34.05,32.9,33.88,39440989.0
2020-11-16,35.32,36.19,34.89,36.11,47932662.0
2020-11-17,35.64,36.5,35.17,36.48,39010057.0
2020-11-18,36.79,36.93,35.42,35.42,41000176.0
2020-11-19,35.17,36.07,34.81,36.0,32936212.0
2020-11-20,35.91,36.07,35.56,35.81,19753247.0
2020-11-23,36.37,38.39,36.33,38.34,38162335.0
2020-11-24,39.63,40.42,39.28,40.31,53466025.0
2020-11-25,40.05,40.05,39.15,39.37,35676170.0
2020-11-27,39.15,39.47,38.6,38.91,18755356.0
2020-11-30,38.48,38.53,36.7,36.76,41543555.0
2020-12-01,37.78,37.99,36.87,36.93,34479474.0
2020-12-02,36.81,38.71,36.69,38.13,37741795.0
2020-12-03,38.3,39.0,37.91,38.53,36487667.0
2020-12-04,39.23,40.66,39.23,40.63,51850225.0
2020-12-07,40.15,40.24,39.3,39.68,34656603.0
2020-12-08,39.19,40.67,39.18,40.27,28927347.0
2020-12-09,40.68,41.34,39.87,40.36,43345886.0
2020-12-10,40.41,42.08,40.3,41.6,38802190.0
2020-12-11,41.32,41.33,40.54,41.12,28076100.0
2020-12-14,41.75,41.76,39.54,39.68,39942167.0
2020-12-15,39.9,40.66,39.53,40.46,29345761.0
2020-12-16,40.56,40.71,39.98,40.26,23814426.0
2020-12-17,40.62,40.63,39.83,40.07,23181694.0
2020-12-18,39.99,40.21,39.09,39.4,36570153.0
2020-12-21,37.41,38.46,37.02,38.13,40079448.0
2020-12-22,38.05,38.18,37.45,37.49,25104196.0
2020-12-23,37.81,38.85,37.8,38.32,26965905.0
2020-12-24,38.37,38.37,37.74,38.12,11451452.0
2020-12-28,38.26,38.74,37.77,37.88,18912276.0
2020-12-29,38.11,38.22,37.45,37.63,18984254.0
2020-12-30,37.66,38.58,37.57,38.22,28218307.0
2020-12-31,38.05,38.21,37.73,37.9,18154851.0
2021-01-04,38.34,38.66,37.51,37.96,33855195.0
2021-01-05,38.37,40.7,38.34,39.66,47736719.0
2021-01-06,40.44,41.25,39.92,40.87,43131366.0
2021-01-07,41.23,41.89,40.8,41.47,25728595.0
2021-01-08,42.0,42.0,41.09,41.42,31371973.0
2021-01-11,40.52,42.24,40.29,42.07,23451593.0
2021-01-12,42.58,43.77,42.26,43.54,43973639.0
2021-01-13,43.69,43.71,42.87,43.2,27382210.0
2021-01-14,43.47,45.0,43.43,44.48,41657302.0
2021-01-15,43.69,43.7,42.33,42.75,47748499.0
2021-01-19,43.27,43.91,43.13,43.61,27809736.0
2021-01-20,43.98,44.09,43.34,43.77,25362807.0
2021-01-21,43.53,43.75,41.9,42.29,29995048.0
2021-01-22,41.36,42.19,41.02,42.07,25222345.0
2021-01-25,41.61,41.77,40.88,41.64,40911640.0
2021-01-26,42.01,42.64,40.73,40.75,27499841.0
2021-01-27,40.08,41.32,39.51,40.2,49933611.0
2021-01-28,40.53,41.16,40.16,40.67,28624097.0
2021-01-29,40.1,40.62,39.18,39.32,31534480.0
2021-02-01,39.8,40.0,38.94,39.6,30510700.0
2021-02-02,40.55,40.99,40.03,40.03,31964506.0
2021-02-03,40.24,41.85,40.09,41.74,37192842.0
2021-02-04,42.05,42.21,41.31,42.2,24163900.0
2021-02-05,42.86,43.0,42.44,42.56,24098229.0
2021-02-08,43.18,44.55,43.14,44.34,31184121.0
2021-02-09,43.99,44.13,43.29,43.87,32399363.0
2021-02-10,44.02,44.75,43.74,44.71,29225494.0
2021-02-11,44.57,44.58,43.09,44.02,24816343.0
2021-02-12,43.71,44.71,43.63,44.67,23700434.0
2021-02-16,45.7,46.32,45.47,45.79,38296698.0
2021-02-17,46.26,46.77,45.59,46.47,34535375.0
2021-02-18,46.27,46.36,45.28,45.42,30680058.0
2021-02-19,45.48,46.36,45.43,46.18,27202087.0
2021-02-22,46.49,48.47,46.41,47.78,37822251.0
2021-02-23,48.35,48.71,46.51,48.57,49185420.0
2021-02-24,48.89,50.58,48.48,50.29,38874435.0
2021-02-25,50.81,50.81,48.98,49.32,37943918.0
2021-02-26,48.66,48.8,46.73,48.15,45154407.0
2021-03-01,49.42,50.08,49.06,49.4,34695790.0
2021-03-02,49.58,49.98,49.1,49.13,37234094.0
2021-03-03,49.49,50.98,49.48,49.85,41287218.0
2021-03-04,50.3,51.96,49.83,51.04,53786915.0
2021-03-05,52.49,53.07,51.18,52.95,56197882.0
2021-03-08,53.47,53.75,52.28,53.05,50305048.0
2021-03-09,52.75,53.51,51.75,52.12,59444769.0
2021-03-10,52.2,53.62,51.95,53.44,39208269.0
2021-03-11,53.55,54.37,53.34,53.46,25398699.0
2021-03-12,53.56,54.05,53.17,53.57,29893370.0
2021-03-15,53.45,53.6,52.32,52.96,30245850.0
2021-03-16,52.08,52.13,51.13,51.45,38643535.0
2021-03-17,51.3,52.1,50.86,51.85,32276128.0
2021-03-18,51.39,51.62,49.31,49.52,43603550.0
2021-03-19,49.5,50.35,48.86,49.53,40579252.0
2021-03-22,48.9,49.09,48.44,48.54,29780870.0
2021-03-23,47.56,48.9,47.26,47.83,51598108.0
2021-03-24,48.56,49.69,48.56,49.03,40815358.0
2021-03-25,48.21,49.35,47.43,49.21,40335130.0
2021-03-26,50.1,50.5,49.53,50.43,36174313.0
2021-03-29,50.0,50.26,49.22,49.83,23643070.0
2021-03-30,49.32,49.93,49.03,49.4,26696132.0
2021-03-31,49.3,49.52,48.87,49.06,24048696.0
2021-04-01,49.28,50.33,49.02,50.31,32519753.0
2021-04-05,50.21,50.22,48.82,49.11,26686143.0
2021-04-06,49.35,50.01,48.9,48.98,26628902.0
2021-04-07,49.0,49.4,48.82,49.15,24944345.0
2021-04-08,48.8,48.81,47.95,48.51,31883327.0
2021-04-09,48.5,48.92,47.97,48.19,22186742.0
2021-04-12,48.61,48.96,47.64,47.81,19598134.0
2021-04-13,47.73,48.12,47.38,47.86,22412666.0
2021-04-14,48.28,49.84,48.23,49.19,33383929.0
2021-04-15,49.25,49.25,48.59,48.79,24843124.0
2021-04-16,49.15,49.27,48.2,48.4,28594505.0
2021-04-19,48.5,48.86,47.88,48.35,20413942.0
2021-04-20,48.18,48.25,46.59,47.07,36286963.0
2021-04-21,46.47,47.84,46.25,47.67,28495529.0
2021-04-22,47.9,47.92,46.95,47.11,25031447.0
2021-04-23,47.15,47.75,46.87,47.54,16952371.0
2021-04-26,47.36,48.22,47.36,47.86,17945890.0
2021-04-27,48.04,48.61,47.82,48.44,21134436.0
2021-04-28,48.8,50.3,48.76,50.11,32936985.0
2021-04-29,50.83,51.29,50.05,50.67,33021248.0
2021-04-30,49.95,50.64,49.28,49.39,29259482.0
2021-05-03,49.96,50.88,49.8,50.75,22870043.0
2021-05-04,50.85,51.23,50.2,50.78,26958756.0
2021-05-05,51.41,52.58,51.41,52.42,23166537.0
2021-05-06,52.41,52.69,51.44,52.69,29355230.0
2021-05-07,52.15,53.72,51.96,53.63,31598117.0
2021-05-10,54.3,55.14,53.61,53.65,34499000.0
2021-05-11,52.53,53.28,51.81,52.27,56765912.0
2021-05-12,52.54,54.07,52.28,52.52,41097761.0
2021-05-13,51.89,52.85,51.18,51.88,39849065.0
2021-05-14,52.45,53.69,52.45,53.49,28591832.0
2021-05-17,53.3,54.75,53.22,54.73,33702063.0
2021-05-18,54.65,54.85,53.36,53.46,35217682.0
2021-05-19,52.21,52.72,51.4,52.13,43984817.0
2021-05-20,52.11,52.29,51.31,52.05,28261328.0
2021-05-21,52.57,52.94,52.12,52.16,25269890.0
2021-05-24,52.52,52.8,51.93,52.68,24010194.0
2021-05-25,52.55,52.69,51.53,51.61,24279253.0
2021-05-26,51.66,52.26,51.42,52.07,19777242.0
2021-05-27,52.28,52.75,51.82,52.11,19526767.0
2021-05-28,52.4,52.47,51.93,52.21,18565492.0
2021-06-01,53.24,54.34,53.21,54.22,36285148.0
2021-06-02,54.55,55.49,53.91,55.23,33946723.0
2021-06-03,55.0,55.69,54.65,55.38,29380829.0
2021-06-04,55.74,55.98,54.93,55.75,26329405.0
2021-06-07,55.74,56.08,55.43,55.51,20035194.0
2021-06-08,55.32,56.09,54.66,55.99,28776500.0
2021-06-09,56.15,56.39,55.61,55.64,28026119.0
2021-06-10,56.39,56.65,54.98,55.57,28676949.0
2021-06-11,55.77,56.08,55.31,55.38,19045746.0
2021-06-14,55.58,55.92,54.69,55.14,18872546.0
2021-06-15,55.49,56.34,55.35,56.19,32142515.0
2021-06-16,56.1,56.55,55.4,55.89,30393166.0
2021-06-17,55.75,56.22,53.26,53.99,53470931.0
2021-06-18,52.86,53.53,52.35,52.39,56906115.0
2021-06-21,52.29,54.17,52.29,54.07,42183379.0
2021-06-22,53.94,54.64,53.35,54.43,24172168.0
2021-06-23,54.93,55.55,54.48,54.58,20276486.0
2021-06-24,54.83,55.09,54.3,55.05,20878398.0
2021-06-25,55.2,55.37,54.89,55.34,19164970.0
2021-06-28,55.1,55.13,53.25,53.47,32851447.0
2021-06-29,53.79,54.09,53.14,53.21,15955477.0
2021-06-30,53.37,54.03,53.32,53.87,23517024.0
2021-07-01,55.1,55.27,54.3,54.81,23625827.0
2021-07-02,54.58,54.87,54.11,54.69,15235946.0
2021-07-06,54.51,54.61,52.69,52.91,34223122.0
2021-07-07,52.83,53.32,51.47,52.05,30411932.0
2021-07-08,51.13,52.24,50.95,51.75,24689883.0
2021-07-09,52.41,52.89,51.8,52.85,25603035.0
2021-07-12,52.25,53.09,51.88,52.77,20676528.0
2021-07-13,52.51,52.84,52.06,52.37,24893404.0
2021-07-14,52.53,53.14,50.61,50.81,33499696.0
2021-07-15,50.26,50.87,49.86,50.1,29835401.0
2021-07-16,50.48,50.5,48.59,48.68,37126896.0
2021-07-19,47.02,47.63,46.3,46.96,57497409.0
2021-07-20,46.98,48.09,46.58,47.59,41671023.0
2021-07-21,48.53,49.65,48.42,49.25,41021322.0
2021-07-22,49.2,49.2,48.28,48.7,23635028.0
2021-07-23,48.86,48.88,48.03,48.52,23475941.0
2021-07-26,48.64,49.92,48.55,49.72,23633103.0
2021-07-27,49.33,49.41,48.68,49.26,23444182.0
2021-07-28,49.39,50.12,48.94,49.71,19584641.0
2021-07-29,50.35,50.57,49.89,50.19,21897010.0
2021-07-30,50.09,50.3,49.09,49.39,24800341.0
2021-08-02,49.42,50.62,48.94,49.02,28905400.0
2021-08-03,48.86,49.96,48.4,49.86,32151045.0
2021-08-04,48.96,49.57,48.44,48.51,32261915.0
2021-08-05,48.81,49.66,48.6,49.06,22899994.0
2021-08-06,49.48,49.9,49.24,49.51,18107380.0
2021-08-09,48.85,49.2,48.48,48.81,21096707.0
2021-08-10,49.07,49.8,49.01,49.67,26641536.0
2021-08-11,49.54,50.15,49.23,50.06,23843077.0
2021-08-12,50.02,50.29,49.4,50.01,18269054.0
2021-08-13,50.04,50.04,49.3,49.42,16525361.0
2021-08-16,48.75,48.77,48.08,48.51,24129911.0
2021-08-17,48.04,48.79,47.58,48.01,25554106.0
2021-08-18,48.0,48.38,46.95,47.01,28152884.0
2021-08-19,46.2,46.5,45.14,45.79,49628129.0
2021-08-20,45.37,46.18,45.17,45.89,30793775.0
2021-08-23,47.0,47.74,46.9,47.61,29352209.0
2021-08-24,48.01,48.65,47.93,48.4,22691060.0
2021-08-25,48.3,49.04,47.98,48.77,19908774.0
2021-08-26,48.49,48.76,47.95,48.03,20732666.0
2021-08-27,48.63,49.64,48.52,49.31,23101326.0
2021-08-30,49.5,49.69,48.71,48.73,15908886.0
2021-08-31,48.49,48.93,48.28,48.4,26936587.0
2021-09-01,48.35,48.63,47.51,47.69,31729917.0
2021-09-02,48.13,49.29,48.13,48.9,30821648.0
2021-09-03,48.8,49.16,48.39,48.62,19583983.0
2021-09-07,48.39,49.0,48.15,48.33,21240800.0
2021-09-08,48.6,48.92,47.68,47.71,21899152.0
2021-09-09,47.39,48.56,47.14,47.81,25264757.0
2021-09-10,48.55,48.65,47.64,47.79,18756543.0
2021-09-13,48.41,49.49,48.41,49.16,34249834.0
2021-09-14,49.6,49.69,48.24,48.45,29467876.0
2021-09-15,49.14,50.3,49.06,50.26,38347479.0
2021-09-16,50.21,50.22,49.42,49.69,30321859.0
2021-09-17,49.44,50.22,49.19,49.32,32229525.0
2021-09-20,47.55,47.81,46.47,47.24,42830011.0
2021-09-21,47.8,48.05,46.85,47.35,25661747.0
2021-09-22,48.15,49.38,48.15,48.81,39626065.0
2021-09-23,49.08,50.67,48.85,50.52,24867147.0
2021-09-24,50.25,51.16,50.15,50.9,27751526.0
2021-09-27,52.02,52.92,51.95,52.71,40848684.0
2021-09-28,53.21,53.83,52.77,52.89,66487649.0
2021-09-29,52.84,53.22,52.19,52.89,34947178.0
2021-09-30,52.74,53.03,52.09,52.09,44599415.0
2021-10-01,52.47,53.89,52.47,53.84,41656005.0
2021-10-04,54.42,55.32,54.17,54.72,57407887.0
2021-10-05,55.5,56.05,54.47,55.04,49014807.0
2021-10-06,54.13,54.76,53.5,54.46,50087432.0
2021-10-07,54.6,55.18,54.33,54.88,38798075.0
2021-10-08,55.46,56.7,55.33,56.57,43100213.0
2021-10-11,57.42,57.59,56.31,56.36,43010749.0
2021-10-12,56.25,56.95,56.02,56.41,35519131.0
2021-10-13,56.0,56.65,55.37,56.36,28951265.0
2021-10-14,57.0,57.29,56.48,57.05,23396112.0
2021-10-15,57.69,57.91,57.3,57.33,22677414.0
2021-10-18,57.89,58.21,57.05,57.37,32628772.0
2021-10-19,57.61,58.22,57.3,58.02,22276253.0
2021-10-20,57.58,58.5,57.35,58.49,25106257.0
2021-10-21,58.04,58.25,56.94,57.41,32120878.0
2021-10-22,57.62,58.0,57.08,57.95,21502534.0
2021-10-25,58.66,59.12,58.35,58.8,25056090.0
2021-10-26,59.0,59.41,58.78,59.14,22751590.0
2021-10-27,58.5,58.82,57.31,57.44,34003784.0
2021-10-28,57.13,57.9,57.12,57.85,23367503.0
2021-10-29,58.14,58.27,57.23,57.47,21998929.0
2021-11-01,58.04,58.62,57.88,58.46,24828366.0
2021-11-02,58.12,58.57,57.72,57.91,17062698.0
2021-11-03,57.21,58.03,56.97,57.43,23337358.0
2021-11-04,58.28,58.43,56.99,57.51,38181610.0
2021-11-05,58.3,58.52,57.78,58.26,22603513.0
2021-11-08,58.75,59.4,58.47,58.79,20011158.0
2021-11-09,58.86,59.05,58.02,59.03,19688987.0
2021-11-10,58.78,58.97,57.13,57.47,36016457.0
2021-11-11,57.51,58.08,57.51,57.69,24498285.0
2021-11-12,57.45,57.78,57.2,57.55,17094986.0
2021-11-15,57.5,58.37,57.01,58.03,21375656.0
2021-11-16,58.2,58.59,57.84,58.12,20479415.0
2021-11-17,57.55,58.38,57.03,57.23,23669489.0
2021-11-18,57.1,57.55,56.2,56.89,28955461.0
2021-11-19,55.66,55.81,54.55,54.67,45689812.0
2021-11-22,54.59,56.48,54.58,55.64,33897329.0
2021-11-23,56.37,57.54,56.32,57.35,33863649.0
2021-11-24,57.05,58.24,56.97,57.91,21434324.0
2021-11-26,55.04,55.76,54.14,55.58,44727231.0
2021-11-29,56.79,57.36,55.72,55.9,35441220.0
2021-11-30,54.85,55.68,54.32,54.59,46261967.0
2021-12-01,55.87,56.38,53.98,54.01,44799676.0
2021-12-02,54.04,55.78,53.4,55.58,50371910.0
2021-12-03,56.33,56.58,54.61,55.14,37940112.0
2021-12-06,55.99,56.62,55.3,55.96,31969547.0
2021-12-07,56.74,57.81,56.67,57.27,36843346.0
2021-12-08,57.59,57.87,57.14,57.26,23514986.0
2021-12-09,56.9,57.05,56.47,56.82,23399407.0
2021-12-10,57.43,57.47,56.22,57.24,19525626.0
2021-12-13,56.73,56.9,55.38,55.65,28603968.0
2021-12-14,55.31,56.27,55.23,55.42,28798849.0
2021-12-15,55.34,55.48,53.92,55.15,33858091.0
2021-12-16,55.63,56.64,55.41,55.5,26865904.0
2021-12-17,55.1,55.35,53.88,54.37,34834574.0
2021-12-20,52.23,53.05,51.66,53.01,36330793.0
2021-12-21,53.55,54.72,53.53,54.52,25159686.0
2021-12-22,54.58,55.24,53.92,54.87,21103076.0
2021-12-23,55.11,55.66,54.88,54.9,16685276.0
2021-12-27,54.72,56.15,54.26,56.1,21742156.0
2021-12-28,56.24,56.61,55.75,56.06,17940733.0
2021-12-29,55.97,56.24,55.43,55.7,15109066.0
2021-12-30,55.72,56.16,55.31,55.36,13589987.0
2021-12-31,55.22,55.79,55.13,55.5,13241176.0
2022-01-03,55.58,57.31,55.55,57.22,32527141.0
2022-01-04,58.0,59.43,57.81,59.2,39978797.0
2022-01-05,59.78,60.44,59.1,59.19,45402016.0
2022-01-06,60.58,60.85,59.66,60.51,37340673.0
2022-01-07,60.74,61.5,60.32,61.34,35584587.0
2022-01-10,61.48,61.6,60.35,61.15,33236482.0
2022-01-11,61.68,63.34,61.16,63.23,38443870.0
2022-01-12,63.57,63.74,62.89,63.35,30248350.0
2022-01-13,63.35,63.86,62.77,63.03,29776988.0
2022-01-14,63.09,64.61,63.05,64.51,32400471.0
2022-01-18,65.2,65.53,63.78,64.77,41091165.0
2022-01-19,65.27,65.34,63.79,64.3,32989028.0
2022-01-20,63.88,65.42,63.58,63.71,41990402.0
2022-01-21,62.99,63.39,61.79,62.45,57269777.0
2022-01-24,60.97,63.09,59.84,62.87,62294641.0
2022-01-25,62.63,65.55,61.47,65.31,59217211.0
2022-01-26,66.0,66.53,64.49,65.2,65362736.0
2022-01-27,66.35,67.06,64.82,65.91,54450687.0
2022-01-28,65.47,66.27,64.26,65.63,52651198.0
2022-01-31,65.48,66.34,64.44,65.92,31649182.0
2022-02-01,65.53,68.43,65.38,68.27,45222321.0
2022-02-02,67.92,68.62,67.08,68.49,32598533.0
2022-02-03,68.21,68.35,67.1,67.84,30981274.0
2022-02-04,68.7,70.0,68.54,68.9,40866724.0
2022-02-07,68.57,70.43,68.05,69.78,32582458.0
2022-02-08,69.57,69.71,67.8,68.28,37882124.0
2022-02-09,68.44,69.38,68.27,68.85,35395715.0
2022-02-10,68.51,69.74,67.97,68.42,37821621.0
2022-02-11,68.88,70.5,68.45,70.41,46517005.0
2022-02-14,69.98,70.06,67.93,68.75,49816495.0
2022-02-15,67.06,68.19,66.68,68.03,43072396.0
2022-02-16,68.57,69.77,68.16,68.58,36722109.0
2022-02-17,68.52,69.19,67.94,68.47,33811427.0
2022-02-18,67.5,68.59,67.39,68.05,31645770.0
2022-02-22,70.11,70.11,65.94,66.95,46501366.0
2022-02-23,67.34,68.16,66.95,67.64,33978980.0
2022-02-24,69.08,69.16,65.36,67.11,61742931.0
2022-02-25,67.26,68.95,67.26,68.88,39211463.0
2022-02-28,68.39,70.66,68.01,70.58,48197133.0
2022-03-01,71.21,72.49,70.29,71.29,62115463.0
2022-03-02,72.38,73.5,72.03,72.92,45454101.0
2022-03-03,72.21,73.62,72.06,73.12,44559875.0
2022-03-04,73.11,75.27,72.92,75.23,52625893.0
2022-03-07,76.01,77.56,74.64,76.34,65607361.0
2022-03-08,78.08,80.22,75.33,77.54,98027181.0
2022-03-09,74.7,76.94,73.5,75.17,87018243.0
2022-03-10,76.06,77.67,75.52,77.47,68901344.0
2022-03-11,76.23,77.81,76.11,76.85,45918864.0
2022-03-14,75.21,75.74,73.55,74.55,50745013.0
2022-03-15,71.66,72.65,70.44,71.82,62362196.0
2022-03-16,72.09,72.72,70.74,71.49,53768064.0
2022-03-17,72.76,74.14,72.31,73.95,38478153.0
2022-03-18,73.82,74.38,73.32,73.88,29275387.0
2022-03-21,74.66,76.37,74.62,76.13,34357426.0
2022-03-22,75.81,76.23,74.71,75.57,33231054.0
2022-03-23,76.99,77.58,76.62,76.87,29331529.0
2022-03-24,77.16,77.82,76.55,77.06,26350284.0
2022-03-25,76.6,78.85,76.53,78.75,28049621.0
2022-03-28,77.13,77.16,76.31,76.8,34880188.0
2022-03-29,75.08,76.64,74.19,76.6,36636968.0
2022-03-30,77.34,78.04,76.86,77.49,24868234.0
2022-03-31,76.76,78.21,76.43,76.44,32803294.0
2022-04-01,76.34,77.78,76.29,77.06,24806291.0
2022-04-04,77.56,77.81,76.34,77.16,23003669.0
2022-04-05,77.3,78.49,75.86,75.95,27288559.0
2022-04-06,76.78,77.47,75.97,76.4,32164186.0
2022-04-07,76.76,77.66,75.34,77.4,27048693.0
2022-04-08,77.61,79.75,77.61,79.53,26713051.0
2022-04-11,78.68,78.7,76.97,77.14,26230495.0
2022-04-12,78.7,79.85,78.27,78.42,31964711.0
2022-04-13,79.38,79.81,78.07,79.59,24647942.0
2022-04-14,79.21,80.48,79.09,79.85,25934716.0
2022-04-18,80.51,81.5,80.01,81.02,30456565.0
2022-04-19,80.6,81.39,79.89,80.36,22863926.0
2022-04-20,80.57,81.1,79.79,80.67,26039656.0
2022-04-21,81.15,81.51,77.81,78.11,32578853.0
2022-04-22,77.8,78.92,76.17,76.2,35749637.0
2022-04-25,73.8,74.08,71.0,73.68,55362197.0
2022-04-26,74.23,75.8,73.59,73.78,44584346.0
2022-04-27,74.25,75.59,72.92,74.86,44566257.0
2022-04-28,75.36,77.76,73.88,77.13,43734848.0
2022-04-29,77.3,77.74,74.88,75.15,39708120.0
2022-05-02,74.69,76.38,74.46,76.35,52070620.0
2022-05-03,76.49,78.85,76.44,78.49,41649436.0
2022-05-04,80.0,81.92,78.98,81.75,45383728.0
2022-05-05,82.33,82.41,78.88,80.52,46596959.0
2022-05-06,81.56,82.93,79.92,82.92,47122824.0
2022-05-09,81.14,81.21,75.75,76.06,53021957.0
2022-05-10,77.23,78.69,75.13,76.75,56863902.0
2022-05-11,78.03,80.33,77.65,77.78,49852542.0
2022-05-12,77.75,78.15,75.68,78.11,45021768.0
2022-05-13,79.27,81.1,79.13,80.78,29718696.0
2022-05-16,81.07,83.76,81.02,82.91,28259397.0
2022-05-17,84.03,84.38,83.12,83.87,28164650.0
2022-05-18,84.47,84.57,80.73,81.72,33230686.0
2022-05-19,79.86,82.79,79.86,81.42,35720504.0
2022-05-20,82.42,83.39,80.13,81.77,31919998.0
2022-05-23,82.74,84.22,82.22,83.93,26644672.0
2022-05-24,83.0,84.6,82.36,84.25,26563838.0
2022-05-25,84.54,86.11,84.42,85.99,26323997.0
2022-05-26,86.51,87.58,86.45,86.94,21339145.0
2022-05-27,86.55,88.77,86.34,88.53,18667247.0
2022-05-31,89.99,90.46,86.73,87.2,39340576.0
2022-06-01,88.3,89.27,87.33,88.62,29648579.0
2022-06-02,88.0,88.96,87.46,88.34,26302723.0
2022-06-03,88.45,89.79,88.35,89.51,20525334.0
2022-06-06,89.94,90.0,88.93,89.41,16692311.0
2022-06-07,89.35,92.2,89.28,92.08,25689374.0
2022-06-08,92.53,93.31,91.71,92.28,28492681.0
2022-06-09,91.49,92.07,90.14,90.24,24588142.0
2022-06-10,89.2,90.54,87.68,88.71,31271763.0
2022-06-13,86.02,86.11,82.41,84.08,44731346.0
2022-06-14,85.77,86.87,83.14,84.24,34756409.0
2022-06-15,84.05,84.47,80.99,82.38,43223150.0
2022-06-16,80.19,80.63,77.07,77.74,57979147.0
2022-06-17,77.2,77.77,72.59,73.49,64234188.0
2022-06-21,74.61,76.96,74.48,76.44,35006746.0
2022-06-22,72.76,74.67,72.36,73.38,41212617.0
2022-06-23,73.73,74.26,69.47,70.66,56921148.0
2022-06-24,71.87,73.11,70.83,71.59,47398507.0
2022-06-27,72.42,74.19,72.33,73.69,33979401.0
2022-06-28,75.44,76.9,74.54,75.68,39800401.0
2022-06-29,76.73,76.99,72.84,73.05,35591959.0
2022-06-30,71.48,73.36,70.87,71.51,37766738.0
2022-07-01,72.38,72.89,70.13,72.58,34601989.0
2022-07-05,71.08,71.42,68.19,69.7,44932941.0
2022-07-06,68.95,70.19,66.45,68.51,48209505.0
2022-07-07,70.37,71.54,70.2,70.98,33793561.0
2022-07-08,71.84,72.14,69.96,70.95,21970314.0
2022-07-11,70.06,70.86,69.33,70.27,22754116.0
2022-07-12,68.43,69.31,67.66,68.9,32345148.0
2022-07-13,67.9,70.23,67.9,68.79,29489039.0
2022-07-14,66.38,67.57,65.48,67.49,36636771.0
2022-07-15,68.96,69.03,67.57,68.59,29960251.0
2022-07-18,70.42,71.32,69.83,70.16,25726762.0
2022-07-19,70.06,72.5,70.04,72.32,24388176.0
2022-07-20,71.52,73.35,71.22,73.02,20924706.0
2022-07-21,71.02,71.81,69.66,71.74,21579587.0
2022-07-22,72.02,72.73,70.73,71.15,20418165.0
2022-07-25,72.13,73.83,71.27,73.76,19556000.0
2022-07-26,74.64,74.97,72.59,73.09,18614370.0
2022-07-27,73.56,75.11,72.81,74.74,22405348.0
2022-07-28,75.41,75.92,73.77,75.16,23332670.0
2022-07-29,76.53,78.66,76.38,78.42,25833814.0
2022-08-01,77.08,77.28,75.77,76.8,25665504.0
2022-08-02,76.81,77.39,75.94,76.62,19932173.0
2022-08-03,76.94,77.17,73.96,74.42,28506573.0
2022-08-04,73.91,74.12,71.39,71.66,27995502.0
2022-08-05,70.69,73.71,70.69,73.08,22589765.0
2022-08-08,73.0,74.12,72.89,73.46,18882650.0
2022-08-09,74.5,75.7,74.37,74.75,17341547.0
2022-08-10,74.92,75.72,73.44,75.29,17394167.0
2022-08-11,76.7,78.54,76.47,77.88,30265776.0
2022-08-12,77.37,78.51,77.04,78.47,19190468.0
2022-08-15,75.63,77.36,74.94,76.94,21012209.0
2022-08-16,77.05,77.86,76.28,76.76,19678778.0
2022-08-17,76.41,78.2,76.21,77.4,22736164.0
2022-08-18,78.26,79.56,78.12,79.48,23432974.0
2022-08-19,79.28,80.01,78.82,79.46,19744227.0
2022-08-22,78.78,79.8,77.48,79.31,22848067.0
2022-08-23,80.61,82.79,80.55,82.17,27183512.0
2022-08-24,82.18,83.3,81.81,83.18,24546602.0
2022-08-25,83.66,84.24,83.01,83.82,19899277.0
2022-08-26,83.65,84.56,82.47,82.84,19317554.0
2022-08-29,82.8,85.18,82.59,84.09,26062525.0
2022-08-30,82.65,82.67,80.57,81.24,28820855.0
2022-08-31,79.23,81.84,78.94,80.5,29152256.0
2022-09-01,79.31,79.61,77.42,78.52,28302095.0
2022-09-02,80.45,81.02,79.53,79.96,28594084.0
2022-09-06,80.71,80.98,78.89,79.22,22784132.0
2022-09-07,77.49,78.64,76.78,78.3,30270666.0
2022-09-08,78.65,79.03,77.69,78.64,26840760.0
2022-09-09,80.05,80.99,79.45,80.6,19339380.0
2022-09-12,81.78,82.97,81.08,82.08,20865906.0
2022-09-13,80.8,82.18,79.65,80.01,30573038.0
2022-09-14,80.76,82.85,80.76,82.27,27192149.0
2022-09-15,80.81,81.15,79.75,80.15,27943150.0
2022-09-16,79.9,79.96,77.3,78.44,35201836.0
2022-09-19,75.46,77.69,75.28,77.64,18812925.0
2022-09-20,77.1,77.55,76.19,77.1,21149842.0
2022-09-21,78.55,78.66,75.94,75.97,34352932.0
2022-09-22,77.35,77.6,75.64,75.7,28874033.0
2022-09-23,72.76,72.9,69.94,70.48,52737815.0
2022-09-26,70.04,70.92,68.66,68.75,36079816.0
2022-09-27,69.94,70.81,69.13,69.52,33835551.0
2022-09-28,70.22,73.0,69.8,72.6,31573751.0
2022-09-29,72.07,72.75,70.8,72.6,24281497.0
2022-09-30,72.02,73.02,71.32,72.02,21684701.0
2022-10-03,74.61,76.49,74.49,76.09,34775311.0
2022-10-04,77.63,79.43,77.02,79.36,33165429.0
2022-10-05,79.33,81.63,78.65,81.0,30636847.0
2022-10-06,80.34,82.69,80.28,82.44,26335115.0
2022-10-07,82.61,83.54,81.21,81.8,28457658.0
2022-10-10,82.12,82.82,79.86,80.12,23165843.0
2022-10-11,78.62,80.85,78.29,79.48,26921104.0
2022-10-12,78.96,80.68,78.44,80.12,20551213.0
2022-10-13,79.07,83.71,79.05,83.39,35067421.0
2022-10-14,82.48,83.67,80.12,80.28,26755306.0
2022-10-17,81.54,82.62,81.05,81.28,18994191.0
2022-10-18,81.95,82.75,80.41,81.99,25187907.0
2022-10-19,82.23,84.72,82.2,84.41,31263774.0
2022-10-20,85.05,85.83,83.98,84.49,25261846.0
2022-10-21,84.96,87.1,84.74,86.93,25274182.0
2022-10-24,86.88,87.95,86.41,87.34,22496039.0
2022-10-25,87.0,87.83,86.53,87.43,18841826.0
2022-10-26,87.76,89.32,87.7,88.62,22706462.0
2022-10-27,89.84,90.44,88.67,88.94,25010642.0
2022-10-28,89.9,90.63,87.65,89.25,24663964.0
2022-10-31,88.37,91.18,88.27,90.0,29760433.0
2022-11-01,91.51,91.55,90.32,90.87,21755430.0
2022-11-02,90.58,91.05,88.47,88.68,28249565.0
2022-11-03,88.14,90.83,87.89,90.32,26817245.0
2022-11-04,92.33,93.02,90.14,91.42,30295307.0
2022-11-07,91.61,93.28,91.45,92.99,19387719.0
2022-11-08,92.81,93.48,91.94,93.08,21859253.0
2022-11-09,91.82,92.11,88.33,88.53,31513956.0
2022-11-10,90.36,90.6,88.5,90.5,29244107.0
2022-11-11,92.23,93.61,92.01,93.13,25541289.0
2022-11-14,92.86,94.71,92.85,93.1,23122640.0
2022-11-15,93.45,94.32,92.84,94.08,25771076.0
2022-11-16,93.24,93.81,91.68,92.16,23638603.0
2022-11-17,90.75,92.44,90.28,92.36,21429904.0
2022-11-18,90.65,91.88,89.51,91.63,23683055.0
2022-11-21,89.64,90.63,87.29,90.39,42576772.0
2022-11-22,91.52,93.43,91.1,93.22,26877457.0
2022-11-23,91.53,92.8,91.19,92.21,20598650.0
2022-11-25,92.27,92.92,91.71,91.87,7591311.0
2022-11-28,89.62,90.75,89.05,89.35,29150244.0
2022-11-29,90.34,91.23,90.01,90.7,19024193.0
2022-11-30,91.71,91.89,89.72,91.15,21915127.0
2022-12-01,91.79,92.25,90.54,90.85,19451019.0
2022-12-02,90.22,91.38,89.78,90.31,18384965.0
2022-12-05,91.2,91.56,86.88,87.63,25876919.0
2022-12-06,87.08,88.13,84.73,85.32,32465110.0
2022-12-07,85.3,86.42,84.37,85.12,24447088.0
2022-12-08,87.03,87.22,84.27,84.74,25640362.0
2022-12-09,84.47,85.4,82.65,82.68,24048943.0
2022-12-12,83.15,85.05,82.83,84.85,21092424.0
2022-12-13,86.5,87.18,85.78,86.46,27278688.0
2022-12-14,87.05,87.36,85.16,85.93,26337755.0
2022-12-15,85.18,85.61,83.96,85.41,20207545.0
2022-12-16,83.8,84.76,83.21,84.36,29550525.0
2022-12-19,84.38,84.65,82.88,83.49,18418305.0
2022-12-20,83.75,85.29,83.43,84.75,14296507.0
2022-12-21,86.48,86.75,85.21,86.36,17029113.0
2022-12-22,86.45,86.5,82.68,84.37,18679664.0
2022-12-23,85.49,87.08,85.05,87.06,14814960.0
2022-12-27,87.44,88.36,87.12,87.99,16374639.0
2022-12-28,87.87,87.87,85.75,86.02,15918974.0
2022-12-29,85.66,87.31,85.62,86.92,13457907.0
2022-12-30,86.46,87.64,86.45,87.47,11330914.0
2023-01-03,86.92,87.36,83.35,84.4,26541416.0
2023-01-04,83.15,84.88,82.83,84.39,22852575.0
2023-01-05,84.25,86.4,84.01,85.93,19361852.0
2023-01-06,87.04,88.63,86.82,87.56,22211189.0
2023-01-09,88.88,89.02,86.97,87.25,23001610.0
2023-01-10,87.82,88.05,86.49,87.87,15799501.0
2023-01-11,88.64,88.86,87.19,88.14,16451492.0
2023-01-12,88.67,90.4,88.5,89.82,18358035.0
2023-01-13,89.75,90.17,88.8,89.95,15904159.0
2023-01-17,90.16,91.08,89.77,90.14,16966599.0
2023-01-18,90.56,91.57,88.4,88.49,19037646.0
2023-01-19,87.98,89.95,87.79,89.59,17146862.0
2023-01-20,89.78,90.79,88.87,90.48,14280030.0
2023-01-23,91.14,91.59,90.31,90.6,14652544.0
2023-01-24,90.3,90.46,88.46,90.25,14886444.0
2023-01-25,89.81,90.26,88.38,90.26,13430617.0
2023-01-26,91.72,93.15,90.6,93.11,18331505.0
2023-01-27,92.61,93.07,91.08,91.23,17420541.0
2023-01-30,90.57,90.7,89.02,89.14,13762454.0
2023-01-31,88.84,90.07,87.93,89.93,13924137.0
2023-02-01,89.51,89.89,87.0,88.16,23483596.0
2023-02-02,87.82,87.99,85.2,86.15,24901506.0
2023-02-03,86.51,87.91,85.87,85.96,22727409.0
2023-02-06,86.04,86.69,84.52,85.57,15857170.0
2023-02-07,86.11,88.48,85.66,88.35,20507016.0
2023-02-08,88.28,88.73,87.06,87.56,13483580.0
2023-02-09,87.57,87.85,86.75,86.81,16075156.0
2023-02-10,88.25,90.39,88.17,90.21,20001627.0
2023-02-13,89.75,90.33,88.82,89.98,12372446.0
2023-02-14,89.27,90.67,89.02,90.01,13511305.0
2023-02-15,89.0,89.19,87.35,88.48,15972123.0
2023-02-16,88.0,88.76,87.52,87.61,12657087.0
2023-02-17,86.25,86.31,84.12,84.49,22340234.0
2023-02-21,84.12,85.04,83.91,84.07,16811279.0
2023-02-22,83.84,84.63,82.79,83.51,20135213.0
2023-02-23,84.77,85.26,83.7,84.77,17511674.0
2023-02-24,83.52,84.78,83.04,84.66,18748388.0
2023-02-27,84.83,85.28,84.21,84.91,15338191.0
2023-02-28,85.77,85.8,83.62,83.69,19003820.0
2023-03-01,83.76,85.77,83.45,85.34,18546968.0
2023-03-02,85.19,86.41,84.92,86.09,16402487.0
2023-03-03,85.06,87.69,85.0,87.26,25337598.0
2023-03-06,86.78,87.44,86.43,87.3,16949157.0
2023-03-07,86.78,87.0,85.56,85.78,18500179.0
2023-03-08,85.4,86.49,84.08,84.9,19699517.0
2023-03-09,85.39,86.59,83.68,83.7,18944056.0
2023-03-10,83.7,84.88,82.15,82.63,28312371.0
2023-03-13,80.52,82.4,79.11,80.95,41663451.0
2023-03-14,80.94,83.57,80.31,81.75,30533190.0
2023-03-15,78.75,79.35,76.24,77.36,57673510.0
2023-03-16,75.66,78.4,75.36,78.2,44401829.0
2023-03-17,77.75,78.4,76.34,76.97,33675782.0
2023-03-20,76.1,78.2,76.1,77.7,26144360.0
2023-03-21,79.3,80.64,79.06,80.39,29856229.0
2023-03-22,80.44,80.81,78.62,78.68,24604696.0
2023-03-23,79.11,79.8,76.84,77.59,24743111.0
2023-03-24,76.05,78.2,75.81,77.89,20649609.0
2023-03-27,78.71,80.0,78.08,79.55,20111926.0
2023-03-28,79.1,81.13,79.07,80.78,16298354.0
2023-03-29,81.58,81.99,81.05,81.9,18102274.0
2023-03-30,82.58,82.7,81.78,82.26,13730400.0
2023-03-31,82.47,82.97,82.17,82.83,16147327.0
2023-04-03,86.32,87.14,85.87,86.58,31226124.0
2023-04-04,86.84,86.95,84.25,85.01,24681487.0
2023-04-05,85.22,86.29,84.51,86.29,20276134.0
2023-04-06,86.16,86.25,84.81,84.98,16689270.0
2023-04-10,85.3,86.64,85.3,85.66,13488647.0
2023-04-11,86.14,87.01,85.65,86.47,12787580.0
2023-04-12,87.07,87.25,86.27,86.53,16667178.0
2023-04-13,86.4,87.29,86.19,87.07,15692262.0
2023-04-14,87.19,87.74,86.72,87.23,11780079.0
2023-04-17,86.94,87.3,85.9,86.2,11880993.0
2023-04-18,86.0,86.76,85.57,86.54,12246759.0
2023-04-19,85.76,86.31,85.29,86.24,17123070.0
2023-04-20,85.04,85.5,84.44,85.48,15198120.0
2023-04-21,85.79,85.83,84.6,84.98,16878782.0
2023-04-24,84.71,86.68,84.68,86.28,12625917.0
2023-04-25,85.44,85.59,84.16,84.66,15332606.0
2023-04-26,84.06,84.84,83.02,83.53,20035011.0
2023-04-27,83.48,84.04,82.69,83.83,17057343.0
2023-04-28,83.53,85.59,83.24,85.13,19114270.0
2023-05-01,84.06,85.08,83.72,84.17,13910686.0
2023-05-02,83.16,83.29,79.74,80.51,33823986.0
2023-05-03,79.48,80.41,78.96,78.99,29683773.0
2023-05-04,79.02,79.82,77.87,78.11,26430480.0
2023-05-05,80.27,80.86,79.79,80.23,19536652.0
2023-05-08,81.4,81.75,80.22,80.23,16355949.0
2023-05-09,79.6,81.02,79.43,80.26,20710621.0
2023-05-10,80.66,80.82,78.75,79.35,18026000.0
2023-05-11,78.23,78.81,77.8,78.4,19084137.0
2023-05-12,78.79,79.32,77.95,78.52,18956635.0
2023-05-15,78.81,79.37,78.19,78.92,16272278.0
2023-05-16,78.55,78.89,76.87,76.98,22260859.0
2023-05-17,77.77,78.88,77.2,78.46,23100333.0
2023-05-18,77.99,79.13,77.5,79.03,16577126.0
2023-05-19,79.76,80.26,79.19,79.64,18061094.0
2023-05-22,79.34,80.12,79.19,79.31,13471766.0
2023-05-23,80.07,81.07,79.86,80.16,21401872.0
2023-05-24,80.79,81.13,79.83,80.51,16737145.0
2023-05-25,79.35,79.52,78.34,79.08,19125452.0
2023-05-26,79.56,79.78,78.36,78.77,14392873.0
2023-05-30,77.4,78.05,77.1,77.96,20165805.0
2023-05-31,76.74,77.33,76.33,76.59,22398812.0
2023-06-01,76.77,78.41,76.25,77.54,25811840.0
2023-06-02,78.99,80.28,78.45,79.9,27639389.0
2023-06-05,81.07,81.07,79.23,79.37,18913096.0
2023-06-06,78.32,80.08,78.24,80.01,17375360.0
2023-06-07,80.4,82.23,80.35,82.13,30327137.0
2023-06-08,82.24,82.52,80.42,81.78,23081137.0
2023-06-09,81.74,82.14,81.11,81.33,19194061.0
2023-06-12,80.11,81.36,80.0,80.55,18196130.0
2023-06-13,81.44,82.52,80.89,80.93,20068212.0
2023-06-14,81.73,82.09,79.5,80.1,23802686.0
2023-06-15,80.24,81.59,80.22,80.98,23388539.0
2023-06-16,81.28,81.51,80.63,80.86,23730882.0
2023-06-20,79.62,79.71,77.77,78.36,21283660.0
2023-06-21,78.04,79.65,77.92,78.98,17236870.0
2023-06-22,78.26,78.35,77.63,77.92,16755381.0
2023-06-23,77.08,77.57,76.72,77.36,17452556.0
2023-06-26,77.5,79.19,77.32,78.75,16244304.0
2023-06-27,78.67,79.27,78.21,78.93,14194194.0
2023-06-28,78.85,79.83,78.15,79.73,16451630.0
2023-06-29,80.03,80.65,79.6,80.65,14217892.0
2023-06-30,81.2,81.58,80.6,81.17,17985293.0
2023-07-03,81.37,81.97,81.06,81.36,9769891.0
2023-07-05,81.7,81.72,80.45,80.91,16280342.0
2023-07-06,80.03,80.59,78.49,79.09,20983885.0
2023-07-07,78.7,81.54,78.64,80.79,24458027.0
2023-07-10,80.58,81.58,80.52,81.42,15462510.0
2023-07-11,81.79,83.34,81.63,83.21,19821023.0
2023-07-12,83.89,84.45,83.46,83.98,21538759.0
2023-07-13,83.98,84.5,82.88,83.66,26613237.0
2023-07-14,83.12,83.2,81.25,81.45,21994088.0
2023-07-17,81.16,81.64,80.92,81.29,16232309.0
2023-07-18,81.1,82.96,80.97,82.11,21607291.0
2023-07-19,82.11,83.15,81.93,82.59,18760482.0
2023-07-20,83.27,83.73,82.86,83.56,17724904.0
2023-07-21,83.87,84.34,83.33,84.3,15764505.0
2023-07-24,84.73,86.28,84.7,85.66,22269803.0
2023-07-25,85.62,86.61,85.1,86.11,16803262.0
2023-07-26,85.4,86.48,85.28,86.14,16394005.0
2023-07-27,86.61,86.96,85.35,85.59,17775303.0
2023-07-28,85.53,85.87,84.6,85.85,17318288.0
2023-07-31,86.6,87.73,86.35,87.48,18133239.0
2023-08-01,87.13,87.32,86.13,87.07,17904641.0
2023-08-02,86.48,86.92,85.2,85.93,22961517.0
2023-08-03,86.16,87.58,85.69,86.8,20816983.0
2023-08-04,87.42,88.24,86.82,86.92,21604149.0
2023-08-07,87.41,87.59,86.76,87.02,13410765.0
2023-08-08,85.61,87.49,84.97,87.45,18618558.0
2023-08-09,88.3,89.36,87.75,88.55,26042805.0
2023-08-10,88.68,89.69,87.94,88.54,19613252.0
2023-08-11,88.5,90.0,88.48,89.9,23344603.0
2023-08-14,89.65,89.89,88.92,89.52,15094733.0
2023-08-15,88.9,89.0,87.5,87.66,22491233.0
2023-08-16,87.75,88.7,86.84,86.9,18997729.0
2023-08-17,88.12,89.14,87.81,87.94,20232149.0
2023-08-18,87.43,88.92,87.15,88.81,17653648.0
2023-08-21,89.17,89.53,87.64,88.25,15244236.0
2023-08-22,88.36,88.67,87.52,87.57,12869736.0
2023-08-23,86.62,87.43,85.87,87.35,19399283.0
2023-08-24,86.56,87.67,86.5,86.75,16727513.0
2023-08-25,87.27,88.03,86.51,87.59,19018407.0
2023-08-28,87.82,88.84,87.67,88.18,12859097.0
2023-08-29,88.5,88.51,87.54,88.42,13509662.0
2023-08-30,88.82,89.02,88.47,88.86,13945062.0
2023-08-31,89.19,89.34,88.28,88.92,14808692.0
2023-09-01,89.9,90.84,89.88,90.74,17882080.0
2023-09-05,91.25,92.15,91.16,91.22,24368698.0
2023-09-06,91.04,91.75,90.59,91.26,20162145.0
2023-09-07,91.44,91.91,91.01,91.17,15364572.0
2023-09-08,91.6,92.71,91.55,92.05,17375861.0
2023-09-11,92.72,93.0,90.47,90.84,22047498.0
2023-09-12,91.82,93.08,91.65,92.98,26799673.0
2023-09-13,93.07,93.26,91.8,92.28,18157686.0
2023-09-14,93.24,93.69,92.96,93.36,18549904.0
2023-09-15,92.5,93.41,92.01,92.01,24806371.0
2023-09-18,92.28,92.55,91.43,92.11,16873326.0
2023-09-19,92.8,92.93,90.71,91.25,18135903.0
2023-09-20,90.8,91.83,90.34,90.4,17970995.0
2023-09-21,91.02,91.23,89.01,89.16,21723105.0
2023-09-22,89.83,90.43,89.23,89.31,21036026.0
2023-09-25,89.07,90.57,89.07,90.43,17536880.0
2023-09-26,89.65,90.45,89.51,89.91,16729981.0
2023-09-27,91.03,92.41,90.63,92.15,23144708.0
2023-09-28,91.75,92.79,91.54,92.25,24231374.0
2023-09-29,92.11,92.47,90.05,90.39,24184570.0
2023-10-02,90.27,90.51,87.98,88.59,25299903.0
2023-10-03,88.38,88.7,87.66,88.53,20733283.0
2023-10-04,87.21,87.36,84.91,85.75,29786159.0
2023-10-05,84.52,85.97,84.52,85.22,23518463.0
2023-10-06,85.22,86.51,84.26,85.73,25740547.0
2023-10-09,88.03,88.96,87.4,88.59,30744526.0
2023-10-10,88.67,89.29,88.17,88.7,20850253.0
2023-10-11,87.79,87.88,86.55,87.56,23572661.0
2023-10-12,88.49,88.57,87.25,87.66,19993223.0
2023-10-13,89.09,90.02,88.71,89.59,24266126.0
2023-10-16,90.17,90.46,89.33,90.19,19182636.0
2023-10-17,89.99,91.41,89.86,91.13,20211959.0
2023-10-18,91.5,92.34,91.29,91.96,23808386.0
2023-10-19,91.64,92.56,90.77,91.8,31648532.0
2023-10-20,91.64,91.98,89.945,90.26,23274664.0
2023-10-23,89.74,89.75,88.39,88.8,25943980.0
2023-10-24,89.02,89.09,87.52,87.55,22135692.0
2023-10-25,87.61,88.06,86.95,87.39,20706040.0
2023-10-26,86.59,87.11,85.8452,86.71,22385106.0
2023-10-27,86.62,86.945,84.34,84.63,26904709.0
2023-10-30,84.93,85.54,84.09,84.91,22765311.0
2023-10-31,85.01,85.37,84.16,85.19,18602783.0
2023-11-01,85.73,86.19,84.87,84.99,23041250.0
2023-11-02,85.2,87.64,84.71,87.56,22661491.0
2023-11-03,87.4,87.675,86.15,86.68,23617406.0
2023-11-06,87.37,87.37,85.45,85.7,20517657.0
2023-11-07,84.58,84.73,83.425,83.8,23774785.0
2023-11-08,83.48,84.03,82.7159,82.75,25371001.0
2023-11-09,83.36,83.55,82.45,82.5,19115029.0
2023-11-10,83.43,83.61,82.62,83.41,17291776.0
2023-11-13,83.54,84.18,83.28,84.01,14223684.0
2023-11-14,84.33,84.995,84.19,84.76,17361935.0
2023-11-15,84.63,85.6664,84.48,84.6,16521759.0
2023-11-16,83.8,84.12,82.105,82.95,26582958.0
2023-11-17,83.66,85.25,83.46,84.69,24429649.0
2023-11-20,85.04,85.5399,84.7901,84.81,14549450.0
2023-11-21,84.41,84.77,83.814,84.62,13486888.0
2023-11-22,82.93,84.65,82.46,84.58,18274883.0
2023-11-24,84.55,85.56,84.5,84.94,9494924.0
2023-11-27,84.49,84.78,83.84,84.63,12250903.0
2023-11-28,84.8,85.43,84.49,84.65,14460871.0
2023-11-29,85.18,85.285,83.745,84.02,22633990.0
2023-11-30,84.74,85.79,83.57,84.58,29182290.0
2023-12-01,84.48,86.025,84.1,85.02,21523970.0
2023-12-04,84.4,85.16,84.01,84.63,18535141.0
2023-12-05,84.58,84.74,83.1,83.15,18873534.0
2023-12-06,82.61,83.19,81.59,81.91,31153083.0
2023-12-07,82.29,82.695,81.055,81.35,20454206.0
2023-12-08,81.89,82.48,81.725,82.23,17063628.0
2023-12-11,82.3,82.6,81.92,82.33,14672054.0
2023-12-12,81.57,81.66,80.74,81.2,22693192.0
2023-12-13,81.25,82.355,80.87,82.33,23222660.0
2023-12-14,83.16,84.86,83.16,84.75,30358628.0
2023-12-15,83.99,84.46,83.6,84.3,23183178.0
2023-12-18,84.98,85.41,84.1,84.18,21223566.0
2023-12-19,84.34,85.28,84.15,85.19,18431226.0
2023-12-20,85.49,85.99,84.3,84.4,19909082.0
2023-12-21,84.57,84.86,83.935,84.73,13031386.0
2023-12-22,85.34,85.715,84.845,84.98,12518959.0
2023-12-26,85.7,86.165,85.44,85.71,12991615.0
2023-12-27,85.71,86.0,85.02,85.33,10119096.0
2023-12-28,84.89,85.215,84.0,84.03,13098950.0
2023-12-29,84.32,84.4,83.59,83.84,12172729.0
2024-01-02,84.43,85.52,84.31,84.74,19650895.0
2024-01-03,84.87,86.425,84.44,86.12,18967889.0
2024-01-04,86.74,87.11,84.56,84.61,21024331.0
2024-01-05,85.42,85.46,84.2882,84.68,17014649.0
2024-01-08,83.24,83.8,82.1025,83.7,23609340.0
2024-01-09,83.81,83.9,82.175,82.36,16875169.0
2024-01-10,82.52,82.5505,81.22,81.55,16579879.0
2024-01-11,81.99,82.2,81.43,81.76,19294260.0
2024-01-12,83.02,83.345,82.18,82.68,19384242.0
2024-01-16,82.5,82.61,80.66,80.71,18015480.0
2024-01-17,79.88,80.84,79.7,80.04,19642085.0
2024-01-18,80.06,80.13,78.9823,79.91,17852193.0
2024-01-19,79.87,80.18,79.59,80.17,19970078.0
2024-01-22,80.0,80.645,79.48,80.47,15068215.0
2024-01-23,80.34,81.29,80.22,80.64,12354604.0
2024-01-24,81.06,81.83,80.68,81.79,16920430.0
2024-01-25,82.37,83.66,81.88,83.63,18804705.0
2024-01-26,83.54,84.28,82.925,84.25,18234682.0
2024-01-29,84.12,84.25,83.25,84.13,14840315.0
2024-01-30,83.3,85.02,82.98,85.0,17670559.0
2024-01-31,85.0,85.16,83.37,83.41,19290257.0
2024-02-01,83.91,84.3,82.63,83.4,25550688.0
2024-02-02,84.1,84.18,82.82,83.52,19037500.0
2024-02-05,83.01,83.805,82.405,83.31,15796807.0
2024-02-06,83.72,84.4,83.23,83.58,14028149.0
2024-02-07,83.82,84.175,83.07,83.75,13460228.0
2024-02-08,83.7,84.92,83.68,84.61,18100507.0
2024-02-09,84.77,85.13,83.22,83.31,19036646.0
2024-02-12,83.6,84.47,83.6,84.23,12946925.0
2024-02-13,84.31,84.6,82.835,83.38,20578402.0
2024-02-14,83.99,84.245,82.86,83.3,20447200.0
2024-02-15,83.28,85.856,83.21,85.62,21682213.0
2024-02-16,85.97,86.2499,85.32,85.57,13480383.0
2024-02-20,85.66,85.71,84.68,84.79,14497788.0
2024-02-21,85.15,86.46,85.09,86.38,14378315.0
2024-02-22,85.83,86.89,85.42,86.53,17603292.0
2024-02-23,85.69,86.235,85.14,85.96,14476172.0
2024-02-26,85.86,86.825,85.43,86.26,11688172.0
2024-02-27,86.34,86.71,85.45,85.89,13158684.0
2024-02-28,86.0,86.65,85.38,85.72,13339537.0
2024-02-29,85.9,86.42,85.655,86.14,13667577.0
2024-03-01,86.76,87.54,86.61,87.14,16229753.0
2024-03-04,87.09,87.32,86.125,86.21,16599023.0
2024-03-05,86.08,87.41,85.97,86.85,16086812.0
2024-03-06,87.58,88.04,86.93,87.12,14004180.0
2024-03-07,87.24,88.35,87.17,87.86,12284598.0
2024-03-08,87.74,88.19,87.52,88.17,14125993.0
2024-03-11,88.19,89.11,87.53,89.08,12491700.0
2024-03-12,89.07,89.315,88.465,88.94,11890370.0
2024-03-13,89.87,90.85,89.72,90.36,21362593.0
2024-03-14,90.72,91.33,90.37,91.29,17973014.0
2024-03-15,91.22,92.22,91.01,91.56,18876683.0
2024-03-18,91.19,91.46,90.43,91.14,15248355.0
2024-03-19,91.13,92.2496,91.07,92.18,14272893.0
2024-03-20,91.65,92.38,91.51,92.05,16329556.0
2024-03-21,92.21,92.79,91.92,92.6,11667059.0
2024-03-22,92.64,92.87,92.1735,92.4,8974404.0
2024-03-25,92.72,93.88,92.7,93.26,17537119.0
2024-03-26,93.35,93.56,92.36,92.54,17686925.0
2024-03-27,92.34,93.42,92.18,93.4,16979950.0
2024-03-28,93.95,94.58,93.5,94.41,17307570.0
2024-04-01,94.69,95.39,93.7563,95.11,21449284.0
2024-04-02,95.52,96.54,95.1,96.44,19335599.0
2024-04-03,96.8,97.23,96.48,97.1,14574431.0
2024-04-04,97.25,97.6,96.66,97.04,18470645.0
2024-04-05,97.44,98.47,96.85,98.08,15597269.0
2024-04-08,98.13,98.41,97.285,97.46,17017278.0
2024-04-09,97.88,98.14,96.78,97.49,17666514.0
2024-04-10,97.22,98.15,96.8,97.79,19599825.0
2024-04-11,98.1,98.14,96.335,97.72,19602336.0
2024-04-12,98.34,98.97,95.67,96.13,23286215.0
2024-04-15,96.59,97.05,95.11,95.23,24345363.0
2024-04-16,95.05,95.49,93.73,94.4,18248809.0
2024-04-17,94.2,95.14,93.46,94.13,13710457.0
2024-04-18,94.45,94.72,93.51,93.84,12777824.0
2024-04-19,94.02,95.61,93.88,94.97,17725720.0
2024-04-22,94.47,96.24,93.72,95.59,15122166.0
2024-04-23,95.15,96.12,94.69,96.12,14328745.0
2024-04-24,95.52,96.3,95.06,96.19,10651892.0
2024-04-25,96.08,96.92,95.25,96.63,13250097.0
2024-04-26,95.76,96.115,94.76,95.74,16182722.0
2024-04-29,95.46,96.6,95.4,96.39,11118164.0
2024-04-30,96.0,96.17,93.48,93.52,17699467.0
2024-05-01,93.39,93.69,91.53,92.03,25471795.0
2024-05-02,92.65,93.19,92.12,92.56,17308397.0
2024-05-03,92.64,92.74,91.345,92.57,19043868.0
2024-05-06,92.86,94.235,92.86,93.3,16722741.0
2024-05-07,93.43,93.9,93.18,93.21,10471146.0
2024-05-08,92.67,93.545,92.53,93.1,9905941.0
2024-05-09,93.2,94.35,93.2,94.35,11244551.0
2024-05-10,94.55,94.86,93.58,93.83,10284104.0
2024-05-13,94.05,94.4,93.18,93.58,10489028.0
2024-05-14,93.4,93.77,93.02,93.7,12176664.0
2024-05-15,93.5,94.08,92.12,93.91,19396002.0
2024-05-16,93.7,94.38,93.4,93.65,12290068.0
2024-05-17,93.82,95.105,93.79,94.96,14500702.0
2024-05-20,95.0,95.21,94.105,94.34,10067334.0
2024-05-21,94.1,94.865,93.81,93.88,11233839.0
2024-05-22,93.5,93.54,91.71,92.08,17433979.0
2024-05-23,92.54,92.86,91.08,91.24,13465690.0
2024-05-24,91.95,92.1898,91.11,91.37,9520579.0
2024-05-28,91.69,92.55,91.455,92.31,14452061.0
2024-05-29,92.05,92.13,90.27,90.68,15026778.0
2024-05-30,90.48,91.27,90.45,90.94,11366388.0
2024-05-31,91.1,93.2661,91.0096,93.2,16251507.0
2024-06-03,92.89,92.92,90.09,90.76,20398294.0
2024-06-04,89.82,89.97,88.7,89.89,17360705.0
2024-06-05,90.0,90.14,89.33,89.88,10520075.0
2024-06-06,89.57,90.38,89.2266,90.35,12752925.0
2024-06-07,90.18,91.035,89.55,89.99,10044889.0
2024-06-10,90.33,91.21,89.99,90.67,11274040.0
2024-06-11,90.27,90.59,89.44,90.49,9295489.0
2024-06-12,91.24,91.27,89.0711,89.52,16280287.0
2024-06-13,89.28,89.53,88.245,88.7,14247820.0
2024-06-14,88.6,88.7,87.67,88.04,12905603.0
2024-06-17,87.92,88.665,87.6,88.27,14773859.0
2024-06-18,88.84,89.76,88.418,88.64,14642856.0
2024-06-20,88.9,90.73,88.62,90.27,17036826.0
2024-06-21,90.51,90.76,89.62,89.75,19993159.0
2024-06-24,89.53,91.625,89.38,91.28,15593822.0
2024-06-25,91.2,91.5,90.7,91.49,13835130.0
2024-06-26,91.59,91.59,90.155,90.59,11563699.0
2024-06-27,91.07,91.17,90.29,90.8,7815787.0
2024-06-28,91.5,91.82,90.82,91.15,12834982.0
2024-07-01,91.88,92.18,90.66,91.2,12281635.0
2024-07-02,92.08,92.1,90.55,91.13,12613126.0
2024-07-03,91.21,91.95,91.05,91.53,8104036.0
2024-07-05,91.35,91.42,89.7,90.1,11725124.0
2024-07-08,89.45,90.38,89.195,89.55,9797339.0
2024-07-09,88.66,89.74,88.4,88.76,9545521.0
2024-07-10,88.66,89.39,88.39,89.36,9660378.0
2024-07-11,89.13,90.475,88.82,90.29,11344797.0
2024-07-12,90.8,90.93,89.85,90.52,9058559.0
2024-07-15,91.16,92.72,90.81,91.89,15395847.0
2024-07-16,91.5,92.3871,91.03,92.3,12064667.0
2024-07-17,92.51,93.82,92.49,93.22,14717597.0
2024-07-18,93.12,94.51,92.79,93.39,16433739.0
2024-07-19,93.24,93.88,92.13,92.37,13250091.0
2024-07-22,91.88,92.32,91.265,91.79,10763728.0
2024-07-23,91.53,91.61,90.215,90.33,16551898.0
2024-07-24,90.57,91.15,89.715,90.34,14664250.0
2024-07-25,90.4,92.19,89.97,91.9,18218634.0
2024-07-26,91.66,92.575,91.3314,92.19,11865366.0
2024-07-29,92.2,92.27,90.535,91.4,13578260.0
2024-07-30,91.39,93.11,91.2817,92.82,12836510.0
2024-07-31,94.08,94.14,93.14,93.21,18086875.0
2024-08-01,93.0,93.47,90.27,90.74,21279055.0
2024-08-02,89.7,90.19,87.51,88.4,22918104.0
2024-08-05,86.5,87.18,85.47,86.45,25019456.0
2024-08-06,86.77,87.96,86.43,86.98,15709299.0
2024-08-07,88.04,88.94,87.28,87.33,13062974.0
2024-08-08,87.58,89.33,87.58,89.21,10798416.0
2024-08-09,89.08,89.79,88.51,89.41,11172736.0
2024-08-12,89.93,90.425,87.5,89.85,14392936.0
2024-08-13,89.17,89.25,88.54,88.98,15693184.0
2024-08-14,89.15,89.895,88.8,89.5,10828761.0
2024-08-15,90.01,90.86,89.93,90.57,9167605.0
2024-08-16,90.01,90.69,89.94,90.47,8876521.0
2024-08-19,90.62,91.85,90.62,91.08,10881309.0
2024-08-20,90.88,90.96,88.64,88.68,16933212.0
2024-08-21,89.24,89.685,88.575,88.83,11368806.0
2024-08-22,88.89,89.46,88.71,89.06,9797442.0
2024-08-23,89.48,90.54,89.37,90.39,10367313.0
2024-08-26,91.39,91.995,90.53,91.2,9757271.0
2024-08-27,91.2,91.45,90.19,90.35,8313559.0
2024-08-28,89.8,90.325,89.3737,89.77,8524196.0
2024-08-29,90.3,91.28,89.45,90.94,11249342.0
2024-08-30,90.02,91.31,89.81,91.28,14042449.0
2024-09-03,89.79,89.9269,88.445,89.01,19096980.0
2024-09-04,89.1,89.67,87.605,87.78,15056977.0
2024-09-05,88.41,88.48,87.02,87.1,12495610.0
2024-09-06,87.29,87.82,85.66,86.01,17956014.0
2024-09-09,86.27,87.43,86.14,86.63,16412011.0
2024-09-10,86.76,86.87,84.41,85.14,24663017.0
2024-09-11,85.13,85.17,83.02,84.35,24062815.0
2024-09-12,84.68,85.435,84.05,85.11,15884613.0
2024-09-13,85.54,86.23,85.34,85.59,13097558.0
2024-09-16,86.31,87.11,85.92,86.57,13437430.0
2024-09-17,86.6,87.8,86.41,87.74,12517342.0
2024-09-18,87.61,88.99,87.49,87.91,14104729.0
2024-09-19,89.4,89.955,88.47,88.96,18903358.0
2024-09-20,88.59,88.97,87.775,88.76,13980802.0
2024-09-23,88.2,89.555,87.895,89.12,13315054.0
2024-09-24,90.14,90.14,88.7748,88.9,17313272.0
2024-09-25,88.67,88.94,86.98,87.16,13816717.0
2024-09-26,85.43,86.575,85.17,85.45,23448028.0
2024-09-27,85.91,87.315,85.86,87.19,15244515.0
2024-09-30,87.03,87.955,86.525,87.8,11404146.0
2024-10-01,87.01,90.16,86.9,89.8,33056960.0
2024-10-02,91.06,91.29,89.71,90.72,20962571.0
2024-10-03,91.04,92.44,90.35,92.32,22363006.0
2024-10-04,93.1,93.465,92.25,93.18,17977816.0
2024-10-07,93.51,94.21,93.2,93.51,16259596.0
2024-10-08,92.3,92.4,90.63,91.07,19879941.0
2024-10-09,90.39,91.86,90.21,91.62,15759641.0
2024-10-10,92.13,92.75,91.46,92.24,13023696.0
2024-10-11,92.21,93.14,92.03,92.81,13207221.0
2024-10-14,92.16,92.92,92.02,92.77,11098991.0
2024-10-15,90.3,90.9,89.73,89.78,18919576.0
2024-10-16,90.29,90.505,89.965,90.21,9938549.0
2024-10-17,90.2,90.94,90.1,90.64,10716579.0
2024-10-18,90.47,90.73,89.7,90.34,12007522.0
2024-10-21,90.94,91.23,89.91,90.07,10581016.0
2024-10-22,90.4,90.7,89.95,90.28,8978156.0
2024-10-23,90.03,90.375,89.29,89.81,9906537.0
2024-10-24,90.0,90.27,89.2,89.8,8523322.0
2024-10-25,90.28,90.52,89.51,89.77,9552221.0
2024-10-28,87.86,89.255,87.78,89.2,12113928.0
2024-10-29,89.0,89.07,87.65,87.84,11895666.0
2024-10-30,88.15,88.73,87.81,88.04,9682070.0
2024-10-31,88.6,89.26,88.355,88.59,15811304.0
2024-11-01,89.79,90.11,87.85,88.03,13152006.0
2024-11-04,88.63,89.71,88.51,89.57,12905927.0
2024-11-05,90.01,90.395,89.61,90.17,10438307.0
2024-11-06,92.65,94.265,92.0499,93.56,25026553.0
2024-11-07,93.5,93.5,92.42,93.13,13069002.0
2024-11-08,93.14,93.885,92.77,93.75,11168410.0
2024-11-11,93.77,94.595,93.33,94.28,10454690.0
2024-11-12,94.55,94.8475,93.6799,93.78,9250143.0
2024-11-13,94.06,94.895,92.93,94.51,11838119.0
2024-11-14,95.14,95.18,94.265,94.87,9005536.0
2024-11-15,94.78,95.69,94.39,94.73,14040194.0
2024-11-18,95.48,96.18,95.06,95.99,12617748.0
2024-11-19,95.22,95.9501,94.925,95.38,11898144.0
2024-11-20,95.73,96.41,95.43,96.34,8958572.0
2024-11-21,96.78,97.85,96.54,97.12,16770387.0
2024-11-22,96.99,97.92,96.9,97.27,10777824.0
2024-11-25,97.25,97.74,95.115,95.35,16475209.0
2024-11-26,95.48,95.68,94.78,95.22,12466369.0
2024-11-27,95.13,95.93,95.0,95.12,7798129.0
2024-11-29,95.33,95.69,95.16,95.53,6734211.0
2024-12-02,95.5,95.66,93.67,94.52,11094773.0
2024-12-03,95.13,95.3,94.1007,94.51,8943277.0
2024-12-04,94.47,94.47,91.68,92.23,16258909.0
2024-12-05,92.57,93.2,92.2037,92.59,11331044.0
2024-12-06,92.4,92.41,90.845,91.02,13103291.0
2024-12-09,91.78,92.265,90.79,90.87,11813889.0
2024-12-10,91.39,91.52,90.12,90.25,11649914.0
2024-12-11,90.44,90.74,89.96,90.4,11573572.0
2024-12-12,90.24,90.4,89.58,89.67,10873147.0
2024-12-13,89.89,89.92,88.97,89.22,11173010.0
2024-12-16,88.97,88.97,87.19,87.26,12518076.0
2024-12-17,86.6,86.77,85.8,86.61,16005837.0
2024-12-18,86.37,86.78,84.05,84.05,19620612.0
2024-12-19,84.94,85.21,83.26,83.32,24994071.0
2024-12-20,83.31,84.43,83.0902,84.14,17852306.0
2024-12-23,83.31,84.21,82.75,83.93,17222446.0
2024-12-24,84.17,84.8,83.6191,84.64,7373847.0
2024-12-26,84.67,84.715,84.05,84.57,7693077.0
2024-12-27,84.5,85.48,84.135,84.56,10184850.0
2024-12-30,84.57,85.03,83.85,84.55,11772651.0
2024-12-31,84.75,85.9,84.575,85.66,10582503.0
2025-01-02,86.36,87.295,86.075,86.66,17443535.0
2025-01-03,87.17,87.7631,86.82,87.47,11061724.0
2025-01-06,87.87,88.57,86.845,87.07,11417644.0
2025-01-07,87.71,88.61,87.18,87.94,12517878.0
2025-01-08,87.4,88.07,87.09,88.03,14241768.0
2025-01-10,89.17,90.2,87.92,88.39,17037896.0
2025-01-13,88.79,90.775,88.79,90.25,24447955.0
2025-01-14,90.09,91.2999,89.955,91.22,15586374.0
2025-01-15,91.78,92.805,91.4,92.57,17328935.0
2025-01-16,92.26,93.325,92.15,93.24,12615089.0
2025-01-17,93.24,94.29,92.91,93.96,11949644.0
2025-01-21,93.72,94.0,92.99,93.48,24651028.0
2025-01-22,93.19,93.3,91.72,91.78,17939730.0
2025-01-23,92.48,92.8199,91.545,92.2,14679536.0
2025-01-24,92.33,92.705,91.195,91.31,14578383.0
2025-01-27,91.0,91.16,89.73,90.36,15996520.0
2025-01-28,90.63,90.95,89.05,89.5,18700833.0
2025-01-29,89.28,90.155,89.15,89.7,10340851.0
2025-01-30,90.25,90.63,89.6,90.16,19546075.0
2025-01-31,89.91,90.11,87.43,87.64,22269824.0
2025-02-03,87.63,88.545,86.83,88.19,19908227.0
2025-02-04,87.78,90.23,87.63,90.04,20139909.0
2025-02-05,90.01,90.355,89.505,90.23,10885985.0
2025-02-06,90.64,90.86,88.09,88.57,20654716.0
2025-02-07,88.9,89.365,88.44,88.56,11283954.0
2025-02-10,89.35,90.66,89.35,90.51,12935677.0
2025-02-11,90.94,91.85,90.36,91.24,13113386.0
2025-02-12,90.49,91.11,88.875,89.04,19399202.0
2025-02-13,88.9,89.91,88.32,89.71,15775383.0
2025-02-14,90.05,91.325,90.05,90.07,12942936.0
2025-02-18,90.5,91.9,89.98,91.3,14787106.0
2025-02-19,91.68,92.88,91.625,92.02,12265572.0
2025-02-20,91.83,93.015,91.44,92.86,14166145.0
2025-02-21,92.3,92.55,90.875,90.93,15638197.0
2025-02-24,91.09,91.4381,90.465,90.95,13147565.0
2025-02-25,90.93,91.35,88.905,89.64,13304331.0
2025-02-26,89.75,89.985,88.715,89.13,12152728.0
2025-02-27,89.75,90.705,88.98,89.61,15023880.0
2025-02-28,89.32,91.07,88.76,91.0,13313449.0
2025-03-03,91.35,91.8725,87.01,87.82,24750876.0
2025-03-04,86.53,88.38,85.43,86.97,25338516.0
2025-03-05,85.71,86.145,84.025,85.7,28255410.0
2025-03-06,85.29,86.485,84.62,85.96,23552147.0
2025-03-07,86.35,88.0594,86.35,87.43,22424488.0
2025-03-10,87.905,89.29,87.26,88.08,20022634.0
2025-03-11,88.44,88.82,86.91,87.38,15115021.0
2025-03-12,87.44,88.585,87.105,87.78,16120193.0
2025-03-13,87.47,88.73,86.65,87.18,15370875.0
2025-03-14,87.66,89.88,87.26,89.76,16011348.0
2025-03-17,89.69,91.61,89.69,91.19,14880701.0
2025-03-18,91.7,91.905,90.62,91.34,15403262.0
2025-03-19,91.46,93.24,91.44,92.83,15871286.0
2025-03-20,92.32,93.48,91.93,93.17,16581638.0
2025-03-21,92.86,93.08,91.935,92.52,18487452.0
2025-03-24,92.22,93.395,92.07,92.85,11912204.0
2025-03-25,93.26,94.04,92.95,93.23,11145903.0
2025-03-26,94.1,94.82,93.545,93.78,12785834.0
2025-03-27,93.5,93.85,92.4976,92.87,9573864.0
2025-03-28,92.82,93.17,91.965,92.43,11124370.0
2025-03-31,92.23,94.0,92.1,93.45,14406865.0
2025-04-01,93.5,94.085,92.49,94.0,13560318.0
2025-04-02,93.2,94.21,92.98,94.13,16980155.0
2025-04-03,89.65,90.34,86.71,86.74,37828820.0
2025-04-04,83.65,84.59,78.76,78.76,50375917.0
2025-04-07,76.21,81.58,74.98,78.25,56953283.0
2025-04-08,80.66,81.075,75.22,76.44,45269056.0
2025-04-09,74.95,83.21,74.49,82.36,59480877.0
2025-04-10,80.22,80.22,75.48,76.98,39523258.0
2025-04-11,77.34,79.48,75.82,78.89,20958192.0
2025-04-14,80.76,80.76,78.38,79.17,16374031.0
2025-04-15,79.1,80.52,79.005,79.05,11083446.0
2025-04-16,79.54,81.045,79.34,79.7,13665713.0
2025-04-17,80.35,82.755,80.31,81.5,23954302.0
2025-04-21,80.21,80.41,78.49,79.37,15505960.0
2025-04-22,80.4,81.99,80.05,81.39,11048522.0
2025-04-23,82.1,82.98,80.74,81.24,21607902.0
2025-04-24,82.0,82.78,81.29,82.54,10609490.0
2025-04-25,81.8,82.46,81.48,82.39,8832251.0
