============================================================
📊 股票池：60 只，覆盖 11 个行业
📅 数据窗口：2015-01-01 ~ 2026-04-27
============================================================

📥 加载本地缓存：data/raw_60stocks_2026-04-27.csv
   数据形状：(154867, 7)
   实际股票数：60
   日期范围：2016-01-04 ~ 2026-04-27

🔧 特征工程：技术指标 + VIX + Turbulence...
Successfully added technical indicators
Successfully added vix
Successfully added turbulence index

📈 计算已实现波动率（HV）...
✅ 添加 7 个波动率特征，总指标数：15

🧮 计算 252 日滚动协方差矩阵...
   特征工程后：(138119, 26)

🔍 特征验证（NVDA 最新 5 天）：
      date  close   vix  turbulence    hv_20  hv_term_structure  hv_vix_spread
2026-04-21 199.88 19.50   74.707045 0.332670           0.623639       0.137670
2026-04-22 202.50 18.92   98.541720 0.331681           0.602743       0.142481
2026-04-23 199.64 19.31  182.876723 0.336620           0.691409       0.143520
2026-04-24 208.27 18.71   93.273343 0.309546           0.789924       0.122446
2026-04-27 216.61 18.02   86.637455 0.302463           0.855092       0.122263

   协方差矩阵形状：(59, 59)

📂 训练集：(118649, 26) | 测试集：(19352, 26)
   训练日期：2017-01-03 ~ 2024-12-30
   测试日期：2025-01-02 ~ 2026-04-24

🌍 环境：股票数=59, 状态特征数=15

🤖 训练 A2C，400,000 步（约 30-90 分钟）...
{'n_steps': 10, 'ent_coef': 0.005, 'learning_rate': 0.0004}
Using cuda device
-------------------------------------
| time/                 |           |
|    fps                | 357       |
|    iterations         | 100       |
|    time_elapsed       | 2         |
|    total_timesteps    | 1000      |
| train/                |           |
|    entropy_loss       | -83.5     |
|    explained_variance | 0         |
|    learning_rate      | 0.0004    |
|    n_updates          | 99        |
|    policy_loss        | 8.8e+08   |
|    reward             | 2002091.2 |
|    std                | 0.996     |
|    value_loss         | 1.43e+14  |
-------------------------------------
-------------------------------------
| time/                 |           |
|    fps                | 393       |
|    iterations         | 200       |
|    time_elapsed       | 5         |
|    total_timesteps    | 2000      |
| train/                |           |
|    entropy_loss       | -83.5     |
|    explained_variance | 5.96e-08  |
|    learning_rate      | 0.0004    |
|    n_updates          | 199       |
|    policy_loss        | 1.6e+09   |
|    reward             | 3652452.8 |
|    std                | 0.996     |
|    value_loss         | 4.83e+14  |
-------------------------------------
=================================
begin_total_asset:1000000
end_total_asset:3541868.4423366333
Sharpe:  0.8958304864476688
=================================
-------------------------------------
| time/                 |           |
|    fps                | 399       |
|    iterations         | 300       |
|    time_elapsed       | 7         |
|    total_timesteps    | 3000      |
| train/                |           |
|    entropy_loss       | -83.4     |
|    explained_variance | 0         |
|    learning_rate      | 0.0004    |
|    n_updates          | 299       |
|    policy_loss        | 8.63e+08  |
|    reward             | 2067742.1 |
|    std                | 0.995     |
|    value_loss         | 1.41e+14  |
-------------------------------------
-------------------------------------
| time/                 |           |
|    fps                | 407       |
|    iterations         | 400       |
|    time_elapsed       | 9         |
|    total_timesteps    | 4000      |
| train/                |           |
|    entropy_loss       | -83.4     |
|    explained_variance | 0         |
|    learning_rate      | 0.0004    |
|    n_updates          | 399       |
|    policy_loss        | 1.67e+09  |
|    reward             | 3856027.8 |
|    std                | 0.995     |
|    value_loss         | 5.11e+14  |
-------------------------------------
=================================
begin_total_asset:1000000
end_total_asset:3691008.5032107555
Sharpe:  0.9179331806029851
=================================
-------------------------------------
| time/                 |           |
|    fps                | 409       |
|    iterations         | 500       |
|    time_elapsed       | 12        |
|    total_timesteps    | 5000      |
| train/                |           |
|    entropy_loss       | -83.4     |
|    explained_variance | -2.38e-07 |
|    learning_rate      | 0.0004    |
|    n_updates          | 499       |
|    policy_loss        | 7.68e+08  |
|    reward             | 1839205.4 |
|    std                | 0.995     |
|    value_loss         | 1.03e+14  |
-------------------------------------
-------------------------------------
| time/                 |           |
|    fps                | 413       |
|    iterations         | 600       |
|    time_elapsed       | 14        |
|    total_timesteps    | 6000      |
| train/                |           |
|    entropy_loss       | -83.4     |
|    explained_variance | 0         |
|    learning_rate      | 0.0004    |
|    n_updates          | 599       |
|    policy_loss        | 1.43e+09  |
|    reward             | 3208546.5 |
|    std                | 0.994     |
|    value_loss         | 3.58e+14  |
-------------------------------------
=================================
begin_total_asset:1000000
end_total_asset:3100317.752464333
Sharpe:  0.8451590635582031
=================================
-------------------------------------
| time/                 |           |
|    fps                | 413       |
|    iterations         | 700       |
|    time_elapsed       | 16        |
|    total_timesteps    | 7000      |
| train/                |           |
|    entropy_loss       | -83.4     |
|    explained_variance | 0         |
|    learning_rate      | 0.0004    |
|    n_updates          | 699       |
|    policy_loss        | 8.91e+08  |
|    reward             | 1903718.5 |
|    std                | 0.994     |
|    value_loss         | 1.35e+14  |
-------------------------------------
-------------------------------------
| time/                 |           |
|    fps                | 415       |
|    iterations         | 800       |
|    time_elapsed       | 19        |
|    total_timesteps    | 8000      |
| train/                |           |
|    entropy_loss       | -83.3     |
|    explained_variance | 0         |
|    learning_rate      | 0.0004    |
|    n_updates          | 799       |
|    policy_loss        | 1.56e+09  |
|    reward             | 3449580.8 |
|    std                | 0.994     |
|    value_loss         | 4.26e+14  |
-------------------------------------
=================================
begin_total_asset:1000000
end_total_asset:3445713.9142980035
Sharpe:  0.8832999424943381
=================================
-------------------------------------
| time/                 |           |
|    fps                | 415       |
|    iterations         | 900       |
|    time_elapsed       | 21        |
|    total_timesteps    | 9000      |
| train/                |           |
|    entropy_loss       | -83.3     |
|    explained_variance | 5.96e-08  |
|    learning_rate      | 0.0004    |
|    n_updates          | 899       |
|    policy_loss        | 8.33e+08  |
|    reward             | 1874251.5 |
|    std                | 0.993     |
|    value_loss         | 1.2e+14   |
-------------------------------------
-------------------------------------
| time/                 |           |
|    fps                | 416       |
|    iterations         | 1000      |
|    time_elapsed       | 23        |
|    total_timesteps    | 10000     |
| train/                |           |
|    entropy_loss       | -83.3     |
|    explained_variance | 1.19e-07  |
|    learning_rate      | 0.0004    |
|    n_updates          | 999       |
|    policy_loss        | 1.5e+09   |
|    reward             | 3275737.2 |
|    std                | 0.993     |
|    value_loss         | 3.72e+14  |
-------------------------------------
=================================
begin_total_asset:1000000
end_total_asset:3247251.4354107217
Sharpe:  0.8734552998352826
=================================
-------------------------------------
| time/                 |           |
|    fps                | 416       |
|    iterations         | 1100      |
|    time_elapsed       | 26        |
|    total_timesteps    | 11000     |
| train/                |           |
|    entropy_loss       | -83.3     |
|    explained_variance | 0         |
|    learning_rate      | 0.0004    |
|    n_updates          | 1099      |
|    policy_loss        | 7.73e+08  |
|    reward             | 1863350.1 |
|    std                | 0.992     |
|    value_loss         | 1.2e+14   |
-------------------------------------
-------------------------------------
| time/                 |           |
|    fps                | 417       |
|    iterations         | 1200      |
|    time_elapsed       | 28        |
|    total_timesteps    | 12000     |
| train/                |           |
|    entropy_loss       | -83.2     |
|    explained_variance | 0         |
|    learning_rate      | 0.0004    |
|    n_updates          | 1199      |
|    policy_loss        | 1.34e+09  |
|    reward             | 3119821.0 |
|    std                | 0.992     |
|    value_loss         | 3.23e+14  |
-------------------------------------
=================================
begin_total_asset:1000000
end_total_asset:3093571.4095515395
Sharpe:  0.84554187324963
=================================
-------------------------------------
| time/                 |           |
|    fps                | 417       |
|    iterations         | 1300      |
|    time_elapsed       | 31        |
|    total_timesteps    | 13000     |
| train/                |           |
|    entropy_loss       | -83.2     |
|    explained_variance | -1.19e-07 |
|    learning_rate      | 0.0004    |
|    n_updates          | 1299      |
|    policy_loss        | 8.49e+08  |
|    reward             | 1853369.4 |
|    std                | 0.991     |
|    value_loss         | 1.33e+14  |
-------------------------------------
-------------------------------------
| time/                 |           |
|    fps                | 418       |
|    iterations         | 1400      |
|    time_elapsed       | 33        |
|    total_timesteps    | 14000     |
| train/                |           |
|    entropy_loss       | -83.2     |
|    explained_variance | 1.79e-07  |
|    learning_rate      | 0.0004    |
|    n_updates          | 1399      |
|    policy_loss        | 1.47e+09  |
|    reward             | 3386398.5 |
|    std                | 0.991     |
|    value_loss         | 4.09e+14  |
-------------------------------------
=================================
begin_total_asset:1000000
end_total_asset:3493092.367548067
Sharpe:  0.9133044938280372
=================================
-------------------------------------
| time/                 |           |
|    fps                | 418       |
|    iterations         | 1500      |
|    time_elapsed       | 35        |
|    total_timesteps    | 15000     |
| train/                |           |
|    entropy_loss       | -83.1     |
|    explained_variance | 1.79e-07  |
|    learning_rate      | 0.0004    |
|    n_updates          | 1499      |
|    policy_loss        | 8.16e+08  |
|    reward             | 1818099.9 |
|    std                | 0.991     |
|    value_loss         | 1.13e+14  |
-------------------------------------
-------------------------------------
| time/                 |           |
|    fps                | 419       |
|    iterations         | 1600      |
|    time_elapsed       | 38        |
|    total_timesteps    | 16000     |
| train/                |           |
|    entropy_loss       | -83.2     |
|    explained_variance | -1.19e-07 |
|    learning_rate      | 0.0004    |
|    n_updates          | 1599      |
|    policy_loss        | 1.19e+09  |
|    reward             | 2973055.5 |
|    std                | 0.991     |
|    value_loss         | 2.85e+14  |
-------------------------------------
=================================
begin_total_asset:1000000
end_total_asset:3072603.4048314276
Sharpe:  0.8431149533989075
=================================
-------------------------------------
| time/                 |           |
|    fps                | 416       |
|    iterations         | 1700      |
|    time_elapsed       | 40        |
|    total_timesteps    | 17000     |
| train/                |           |
|    entropy_loss       | -83.1     |
|    explained_variance | 1.79e-07  |
|    learning_rate      | 0.0004    |
|    n_updates          | 1699      |
|    policy_loss        | 7.75e+08  |
|    reward             | 1841671.2 |
|    std                | 0.99      |
|    value_loss         | 1.13e+14  |
-------------------------------------
-------------------------------------
| time/                 |           |
|    fps                | 417       |
|    iterations         | 1800      |
|    time_elapsed       | 43        |
|    total_timesteps    | 18000     |
| train/                |           |
|    entropy_loss       | -83.1     |
|    explained_variance | 0         |
|    learning_rate      | 0.0004    |
|    n_updates          | 1799      |
|    policy_loss        | 1.36e+09  |
|    reward             | 2952811.0 |
|    std                | 0.989     |
|    value_loss         | 3.27e+14  |
-------------------------------------
=================================
begin_total_asset:1000000
end_total_asset:3168348.4225851363
Sharpe:  0.8620476432042657
=================================
-------------------------------------
| time/                 |           |
|    fps                | 417       |
|    iterations         | 1900      |
|    time_elapsed       | 45        |
|    total_timesteps    | 19000     |
| train/                |           |
|    entropy_loss       | -83       |
|    explained_variance | 0         |
|    learning_rate      | 0.0004    |
|    n_updates          | 1899      |
|    policy_loss        | 7.95e+08  |
|    reward             | 1813495.0 |
|    std                | 0.989     |
|    value_loss         | 1.11e+14  |
-------------------------------------
-------------------------------------
| time/                 |           |
|    fps                | 418       |
|    iterations         | 2000      |
|    time_elapsed       | 47        |
|    total_timesteps    | 20000     |
| train/                |           |
|    entropy_loss       | -83       |
|    explained_variance | -1.19e-07 |
|    learning_rate      | 0.0004    |
|    n_updates          | 1999      |
|    policy_loss        | 1.44e+09  |
|    reward             | 3302842.8 |
|    std                | 0.988     |
|    value_loss         | 3.93e+14  |
-------------------------------------
=================================
begin_total_asset:1000000
end_total_asset:3580880.6632218957
Sharpe:  0.9251003623505724
=================================
-------------------------------------
| time/                 |           |
|    fps                | 418       |
|    iterations         | 2100      |
|    time_elapsed       | 50        |
|    total_timesteps    | 21000     |
| train/                |           |
|    entropy_loss       | -83       |
|    explained_variance | -2.38e-07 |
|    learning_rate      | 0.0004    |
|    n_updates          | 2099      |
|    policy_loss        | 7.24e+08  |
|    reward             | 1739311.1 |
|    std                | 0.988     |
|    value_loss         | 9.76e+13  |
-------------------------------------
-------------------------------------
| time/                 |           |
|    fps                | 419       |
|    iterations         | 2200      |
|    time_elapsed       | 52        |
|    total_timesteps    | 22000     |
| train/                |           |
|    entropy_loss       | -83       |
|    explained_variance | -1.19e-07 |
|    learning_rate      | 0.0004    |
|    n_updates          | 2199      |
|    policy_loss        | 1.34e+09  |
|    reward             | 2995690.2 |
|    std                | 0.988     |
|    value_loss         | 3.1e+14   |
-------------------------------------
=================================
begin_total_asset:1000000
end_total_asset:3205261.2682783585
Sharpe:  0.8639629631039754
=================================
-------------------------------------
| time/                 |           |
|    fps                | 419       |
|    iterations         | 2300      |
|    time_elapsed       | 54        |
|    total_timesteps    | 23000     |
| train/                |           |
|    entropy_loss       | -82.9     |
|    explained_variance | 0         |
|    learning_rate      | 0.0004    |
|    n_updates          | 2299      |
|    policy_loss        | 7.02e+08  |
|    reward             | 1656723.5 |
|    std                | 0.987     |
|    value_loss         | 9.9e+13   |
-------------------------------------
-------------------------------------
| time/                 |           |
|    fps                | 419       |
|    iterations         | 2400      |
|    time_elapsed       | 57        |
|    total_timesteps    | 24000     |
| train/                |           |
|    entropy_loss       | -82.9     |
|    explained_variance | -1.19e-07 |
|    learning_rate      | 0.0004    |
|    n_updates          | 2399      |
|    policy_loss        | 1.38e+09  |
|    reward             | 3153599.5 |
|    std                | 0.987     |
|    value_loss         | 3.61e+14  |
-------------------------------------
=================================
begin_total_asset:1000000
end_total_asset:3366021.2669923953
Sharpe:  0.865187861946212
=================================
-------------------------------------
| time/                 |           |
|    fps                | 419       |
|    iterations         | 2500      |
|    time_elapsed       | 59        |
|    total_timesteps    | 25000     |
| train/                |           |
|    entropy_loss       | -82.9     |
|    explained_variance | 1.19e-07  |
|    learning_rate      | 0.0004    |
|    n_updates          | 2499      |
|    policy_loss        | 7e+08     |
|    reward             | 1641497.9 |
|    std                | 0.986     |
|    value_loss         | 8.87e+13  |
-------------------------------------
-------------------------------------
| time/                 |           |
|    fps                | 419       |
|    iterations         | 2600      |
|    time_elapsed       | 61        |
|    total_timesteps    | 26000     |
| train/                |           |
|    entropy_loss       | -82.8     |
|    explained_variance | 0         |
|    learning_rate      | 0.0004    |
|    n_updates          | 2599      |
|    policy_loss        | 1.42e+09  |
|    reward             | 3163559.0 |
|    std                | 0.985     |
|    value_loss         | 3.62e+14  |
-------------------------------------
=================================
begin_total_asset:1000000
end_total_asset:3367882.782537368
Sharpe:  0.8683607512583824
=================================
-------------------------------------
| time/                 |           |
|    fps                | 419       |
|    iterations         | 2700      |
|    time_elapsed       | 64        |
|    total_timesteps    | 27000     |
| train/                |           |
|    entropy_loss       | -82.8     |
|    explained_variance | 0         |
|    learning_rate      | 0.0004    |
|    n_updates          | 2699      |
|    policy_loss        | 6.9e+08   |
|    reward             | 1621753.8 |
|    std                | 0.985     |
|    value_loss         | 8.43e+13  |
-------------------------------------
-------------------------------------
| time/                 |           |
|    fps                | 419       |
|    iterations         | 2800      |
|    time_elapsed       | 66        |
|    total_timesteps    | 28000     |
| train/                |           |
|    entropy_loss       | -82.8     |
|    explained_variance | 1.19e-07  |
|    learning_rate      | 0.0004    |
|    n_updates          | 2799      |
|    policy_loss        | 1.27e+09  |
|    reward             | 2941495.0 |
|    std                | 0.985     |
|    value_loss         | 2.92e+14  |
-------------------------------------
=================================
begin_total_asset:1000000
end_total_asset:3098594.821574344
Sharpe:  0.8450309423417541
=================================
-------------------------------------
| time/                 |           |
|    fps                | 419       |
|    iterations         | 2900      |
|    time_elapsed       | 69        |
|    total_timesteps    | 29000     |
| train/                |           |
|    entropy_loss       | -82.8     |
|    explained_variance | 0         |
|    learning_rate      | 0.0004    |
|    n_updates          | 2899      |
|    policy_loss        | 7.13e+08  |
|    reward             | 1591014.6 |
|    std                | 0.984     |
|    value_loss         | 9.11e+13  |
-------------------------------------
-------------------------------------
| time/                 |           |
|    fps                | 420       |
|    iterations         | 3000      |
|    time_elapsed       | 71        |
|    total_timesteps    | 30000     |
| train/                |           |
|    entropy_loss       | -82.7     |
|    explained_variance | -1.19e-07 |
|    learning_rate      | 0.0004    |
|    n_updates          | 2999      |
|    policy_loss        | 1.38e+09  |
|    reward             | 3317229.2 |
|    std                | 0.984     |
|    value_loss         | 3.8e+14   |
-------------------------------------
=================================
begin_total_asset:1000000
end_total_asset:3606706.328186291
Sharpe:  0.9104555981039331
=================================
-------------------------------------
| time/                 |           |
|    fps                | 420       |
|    iterations         | 3100      |
|    time_elapsed       | 73        |
|    total_timesteps    | 31000     |
| train/                |           |
|    entropy_loss       | -82.7     |
|    explained_variance | 0         |
|    learning_rate      | 0.0004    |
|    n_updates          | 3099      |
|    policy_loss        | 6.67e+08  |
|    reward             | 1579844.0 |
|    std                | 0.983     |
|    value_loss         | 7.79e+13  |
-------------------------------------
-------------------------------------
| time/                 |           |
|    fps                | 420       |
|    iterations         | 3200      |
|    time_elapsed       | 76        |
|    total_timesteps    | 32000     |
| train/                |           |
|    entropy_loss       | -82.6     |
|    explained_variance | 0         |
|    learning_rate      | 0.0004    |
|    n_updates          | 3199      |
|    policy_loss        | 1.45e+09  |
|    reward             | 3184110.0 |
|    std                | 0.981     |
|    value_loss         | 3.98e+14  |
-------------------------------------
=================================
begin_total_asset:1000000
end_total_asset:3598697.074287203
Sharpe:  0.9132769932692234
=================================
-------------------------------------
| time/                 |           |
|    fps                | 420       |
|    iterations         | 3300      |
|    time_elapsed       | 78        |
|    total_timesteps    | 33000     |
| train/                |           |
|    entropy_loss       | -82.6     |
|    explained_variance | 0         |
|    learning_rate      | 0.0004    |
|    n_updates          | 3299      |
|    policy_loss        | 5.56e+08  |
|    reward             | 1497937.2 |
|    std                | 0.981     |
|    value_loss         | 6.03e+13  |
-------------------------------------
-------------------------------------
| time/                 |           |
|    fps                | 420       |
|    iterations         | 3400      |
|    time_elapsed       | 80        |
|    total_timesteps    | 34000     |
| train/                |           |
|    entropy_loss       | -82.6     |
|    explained_variance | -1.19e-07 |
|    learning_rate      | 0.0004    |
|    n_updates          | 3399      |
|    policy_loss        | 1.31e+09  |
|    reward             | 3057598.0 |
|    std                | 0.981     |
|    value_loss         | 3.46e+14  |
-------------------------------------
=================================
begin_total_asset:1000000
end_total_asset:3311984.950256886
Sharpe:  0.8560154597268715
=================================
-------------------------------------
| time/                 |           |
|    fps                | 420       |
|    iterations         | 3500      |
|    time_elapsed       | 83        |
|    total_timesteps    | 35000     |
| train/                |           |
|    entropy_loss       | -82.6     |
|    explained_variance | 1.19e-07  |
|    learning_rate      | 0.0004    |
|    n_updates          | 3499      |
|    policy_loss        | 6.54e+08  |
|    reward             | 1387158.2 |
|    std                | 0.981     |
|    value_loss         | 8.07e+13  |
-------------------------------------
-------------------------------------
| time/                 |           |
|    fps                | 420       |
|    iterations         | 3600      |
|    time_elapsed       | 85        |
|    total_timesteps    | 36000     |
| train/                |           |
|    entropy_loss       | -82.6     |
|    explained_variance | 0         |
|    learning_rate      | 0.0004    |
|    n_updates          | 3599      |
|    policy_loss        | 1.42e+09  |
|    reward             | 3312114.2 |
|    std                | 0.981     |
|    value_loss         | 3.86e+14  |
-------------------------------------
=================================
begin_total_asset:1000000
end_total_asset:3479877.7493908955
Sharpe:  0.8983480756283977
=================================
-------------------------------------
| time/                 |           |
|    fps                | 419       |
|    iterations         | 3700      |
|    time_elapsed       | 88        |
|    total_timesteps    | 37000     |
| train/                |           |
|    entropy_loss       | -82.5     |
|    explained_variance | 0         |
|    learning_rate      | 0.0004    |
|    n_updates          | 3699      |
|    policy_loss        | 7.49e+08  |
|    reward             | 1302614.1 |
|    std                | 0.98      |
|    value_loss         | 1.04e+14  |
-------------------------------------
-------------------------------------
| time/                 |           |
|    fps                | 419       |
|    iterations         | 3800      |
|    time_elapsed       | 90        |
|    total_timesteps    | 38000     |
| train/                |           |
|    entropy_loss       | -82.5     |
|    explained_variance | 1.19e-07  |
|    learning_rate      | 0.0004    |
|    n_updates          | 3799      |
|    policy_loss        | 1.27e+09  |
|    reward             | 3066983.8 |
|    std                | 0.979     |
|    value_loss         | 3.35e+14  |
-------------------------------------
=================================
begin_total_asset:1000000
end_total_asset:3302884.9230323993
Sharpe:  0.8796977784151526
=================================
-------------------------------------
| time/                 |           |
|    fps                | 419       |
|    iterations         | 3900      |
|    time_elapsed       | 92        |
|    total_timesteps    | 39000     |
| train/                |           |
|    entropy_loss       | -82.4     |
|    explained_variance | 1.19e-07  |
|    learning_rate      | 0.0004    |
|    n_updates          | 3899      |
|    policy_loss        | 7.79e+08  |
|    reward             | 1628745.6 |
|    std                | 0.979     |
|    value_loss         | 1.08e+14  |
-------------------------------------
-------------------------------------
| time/                 |           |
|    fps                | 419       |
|    iterations         | 4000      |
|    time_elapsed       | 95        |
|    total_timesteps    | 40000     |
| train/                |           |
|    entropy_loss       | -82.4     |
|    explained_variance | -1.19e-07 |
|    learning_rate      | 0.0004    |
|    n_updates          | 3999      |
|    policy_loss        | 1.24e+09  |
|    reward             | 2924694.8 |
|    std                | 0.979     |
|    value_loss         | 2.96e+14  |
-------------------------------------
=================================
begin_total_asset:1000000
end_total_asset:3144716.4731889726
Sharpe:  0.8551591126556309
=================================
-------------------------------------
| time/                 |           |
|    fps                | 419       |
|    iterations         | 4100      |
|    time_elapsed       | 97        |
|    total_timesteps    | 41000     |
| train/                |           |
|    entropy_loss       | -82.3     |
|    explained_variance | 0         |
|    learning_rate      | 0.0004    |
|    n_updates          | 4099      |
|    policy_loss        | 7.43e+08  |
|    reward             | 1748891.6 |
|    std                | 0.977     |
|    value_loss         | 1.07e+14  |
-------------------------------------
-------------------------------------
| time/                 |           |
|    fps                | 419       |
|    iterations         | 4200      |
|    time_elapsed       | 100       |
|    total_timesteps    | 42000     |
| train/                |           |
|    entropy_loss       | -82.3     |
|    explained_variance | 0         |
|    learning_rate      | 0.0004    |
|    n_updates          | 4199      |
|    policy_loss        | 1.16e+09  |
|    reward             | 2699106.8 |
|    std                | 0.977     |
|    value_loss         | 2.56e+14  |
-------------------------------------
=================================
begin_total_asset:1000000
end_total_asset:3000645.154450399
Sharpe:  0.8272214923855113
=================================
-------------------------------------
| time/                 |           |
|    fps                | 419       |
|    iterations         | 4300      |
|    time_elapsed       | 102       |
|    total_timesteps    | 43000     |
| train/                |           |
|    entropy_loss       | -82.3     |
|    explained_variance | 1.19e-07  |
|    learning_rate      | 0.0004    |
|    n_updates          | 4299      |
|    policy_loss        | 7.43e+08  |
|    reward             | 1693507.4 |
|    std                | 0.977     |
|    value_loss         | 9.91e+13  |
-------------------------------------
-------------------------------------
| time/                 |           |
|    fps                | 419       |
|    iterations         | 4400      |
|    time_elapsed       | 104       |
|    total_timesteps    | 44000     |
| train/                |           |
|    entropy_loss       | -82.2     |
|    explained_variance | -1.19e-07 |
|    learning_rate      | 0.0004    |
|    n_updates          | 4399      |
|    policy_loss        | 1.36e+09  |
|    reward             | 3028389.8 |
|    std                | 0.976     |
|    value_loss         | 3.31e+14  |
-------------------------------------
=================================
begin_total_asset:1000000
end_total_asset:3458840.4311150215
Sharpe:  0.8833024824715808
=================================
-------------------------------------
| time/                 |           |
|    fps                | 419       |
|    iterations         | 4500      |
|    time_elapsed       | 107       |
|    total_timesteps    | 45000     |
| train/                |           |
|    entropy_loss       | -82.3     |
|    explained_variance | -1.19e-07 |
|    learning_rate      | 0.0004    |
|    n_updates          | 4499      |
|    policy_loss        | 7.58e+08  |
|    reward             | 1689678.8 |
|    std                | 0.976     |
|    value_loss         | 9.86e+13  |
-------------------------------------
-------------------------------------
| time/                 |           |
|    fps                | 419       |
|    iterations         | 4600      |
|    time_elapsed       | 109       |
|    total_timesteps    | 46000     |
| train/                |           |
|    entropy_loss       | -82.2     |
|    explained_variance | 0         |
|    learning_rate      | 0.0004    |
|    n_updates          | 4599      |
|    policy_loss        | 1.2e+09   |
|    reward             | 2752137.5 |
|    std                | 0.976     |
|    value_loss         | 2.52e+14  |
-------------------------------------
=================================
begin_total_asset:1000000
end_total_asset:3047360.4337175307
Sharpe:  0.8419004578384309
=================================
-------------------------------------
| time/                 |           |
|    fps                | 419       |
|    iterations         | 4700      |
|    time_elapsed       | 112       |
|    total_timesteps    | 47000     |
| train/                |           |
|    entropy_loss       | -82.2     |
|    explained_variance | 1.19e-07  |
|    learning_rate      | 0.0004    |
|    n_updates          | 4699      |
|    policy_loss        | 7.14e+08  |
|    reward             | 1619882.1 |
|    std                | 0.975     |
|    value_loss         | 8.78e+13  |
-------------------------------------
-------------------------------------
| time/                 |           |
|    fps                | 419       |
|    iterations         | 4800      |
|    time_elapsed       | 114       |
|    total_timesteps    | 48000     |
| train/                |           |
|    entropy_loss       | -82.2     |
|    explained_variance | 5.96e-08  |
|    learning_rate      | 0.0004    |
|    n_updates          | 4799      |
|    policy_loss        | 1.21e+09  |
|    reward             | 2711557.8 |
|    std                | 0.975     |
|    value_loss         | 2.53e+14  |
-------------------------------------
=================================
begin_total_asset:1000000
end_total_asset:3212353.842106241
Sharpe:  0.8597298474491045
=================================
-------------------------------------
| time/                 |           |
|    fps                | 419       |
|    iterations         | 4900      |
|    time_elapsed       | 116       |
|    total_timesteps    | 49000     |
| train/                |           |
|    entropy_loss       | -82.1     |
|    explained_variance | 0         |
|    learning_rate      | 0.0004    |
|    n_updates          | 4899      |
|    policy_loss        | 6.96e+08  |
|    reward             | 1614561.4 |
|    std                | 0.974     |
|    value_loss         | 9.32e+13  |
-------------------------------------
-------------------------------------
| time/                 |           |
|    fps                | 419       |
|    iterations         | 5000      |
|    time_elapsed       | 119       |
|    total_timesteps    | 50000     |
| train/                |           |
|    entropy_loss       | -82.1     |
|    explained_variance | 0         |
|    learning_rate      | 0.0004    |
|    n_updates          | 4999      |
|    policy_loss        | 1.13e+09  |
|    reward             | 2681974.8 |
|    std                | 0.974     |
|    value_loss         | 2.38e+14  |
-------------------------------------
=================================
begin_total_asset:1000000
end_total_asset:3156279.071837319
Sharpe:  0.8636217020194429
=================================
-------------------------------------
| time/                 |           |
|    fps                | 419       |
|    iterations         | 5100      |
|    time_elapsed       | 121       |
|    total_timesteps    | 51000     |
| train/                |           |
|    entropy_loss       | -82.1     |
|    explained_variance | 0         |
|    learning_rate      | 0.0004    |
|    n_updates          | 5099      |
|    policy_loss        | 6.51e+08  |
|    reward             | 1589203.0 |
|    std                | 0.973     |
|    value_loss         | 8.56e+13  |
-------------------------------------
-------------------------------------
| time/                 |           |
|    fps                | 420       |
|    iterations         | 5200      |
|    time_elapsed       | 123       |
|    total_timesteps    | 52000     |
| train/                |           |
|    entropy_loss       | -82       |
|    explained_variance | 1.19e-07  |
|    learning_rate      | 0.0004    |
|    n_updates          | 5199      |
|    policy_loss        | 1.05e+09  |
|    reward             | 2510228.0 |
|    std                | 0.972     |
|    value_loss         | 2.18e+14  |
-------------------------------------
=================================
begin_total_asset:1000000
end_total_asset:3089845.0084486706
Sharpe:  0.852445869833603
=================================
-------------------------------------
| time/                 |           |
|    fps                | 419       |
|    iterations         | 5300      |
|    time_elapsed       | 126       |
|    total_timesteps    | 53000     |
| train/                |           |
|    entropy_loss       | -81.9     |
|    explained_variance | 0         |
|    learning_rate      | 0.0004    |
|    n_updates          | 5299      |
|    policy_loss        | 6.64e+08  |
|    reward             | 1548293.9 |
|    std                | 0.971     |
|    value_loss         | 7.97e+13  |
-------------------------------------
-------------------------------------
| time/                 |           |
|    fps                | 420       |
|    iterations         | 5400      |
|    time_elapsed       | 128       |
|    total_timesteps    | 54000     |
| train/                |           |
|    entropy_loss       | -81.9     |
|    explained_variance | -1.19e-07 |
|    learning_rate      | 0.0004    |
|    n_updates          | 5399      |
|    policy_loss        | 1.09e+09  |
|    reward             | 2420784.8 |
|    std                | 0.97      |
|    value_loss         | 2.21e+14  |
-------------------------------------
=================================
begin_total_asset:1000000
end_total_asset:3096316.041298711
Sharpe:  0.8512355880854853
=================================
-------------------------------------
| time/                 |           |
|    fps                | 419       |
|    iterations         | 5500      |
|    time_elapsed       | 131       |
|    total_timesteps    | 55000     |
| train/                |           |
|    entropy_loss       | -81.9     |
|    explained_variance | 0         |
|    learning_rate      | 0.0004    |
|    n_updates          | 5499      |
|    policy_loss        | 6.55e+08  |
|    reward             | 1495386.6 |
|    std                | 0.97      |
|    value_loss         | 7.83e+13  |
-------------------------------------
-------------------------------------
| time/                 |           |
|    fps                | 419       |
|    iterations         | 5600      |
|    time_elapsed       | 133       |
|    total_timesteps    | 56000     |
| train/                |           |
|    entropy_loss       | -81.9     |
|    explained_variance | 0         |
|    learning_rate      | 0.0004    |
|    n_updates          | 5599      |
|    policy_loss        | 1.13e+09  |
|    reward             | 2533046.5 |
|    std                | 0.97      |
|    value_loss         | 2.39e+14  |
-------------------------------------
=================================
begin_total_asset:1000000
end_total_asset:3109438.800295439
Sharpe:  0.8525348039537113
=================================
-------------------------------------
| time/                 |           |
|    fps                | 419       |
|    iterations         | 5700      |
|    time_elapsed       | 135       |
|    total_timesteps    | 57000     |
| train/                |           |
|    entropy_loss       | -81.8     |
|    explained_variance | 0         |
|    learning_rate      | 0.0004    |
|    n_updates          | 5699      |
|    policy_loss        | 6.54e+08  |
|    reward             | 1467526.9 |
|    std                | 0.969     |
|    value_loss         | 8.29e+13  |
-------------------------------------
-------------------------------------
| time/                 |           |
|    fps                | 419       |
|    iterations         | 5800      |
|    time_elapsed       | 138       |
|    total_timesteps    | 58000     |
| train/                |           |
|    entropy_loss       | -81.8     |
|    explained_variance | 5.96e-08  |
|    learning_rate      | 0.0004    |
|    n_updates          | 5799      |
|    policy_loss        | 1.16e+09  |
|    reward             | 2550776.0 |
|    std                | 0.968     |
|    value_loss         | 2.52e+14  |
-------------------------------------
=================================
begin_total_asset:1000000
end_total_asset:3097769.1483566104
Sharpe:  0.8525721460073943
=================================
-------------------------------------
| time/                 |           |
|    fps                | 419       |
|    iterations         | 5900      |
|    time_elapsed       | 140       |
|    total_timesteps    | 59000     |
| train/                |           |
|    entropy_loss       | -81.8     |
|    explained_variance | 1.19e-07  |
|    learning_rate      | 0.0004    |
|    n_updates          | 5899      |
|    policy_loss        | 6.2e+08   |
|    reward             | 1497825.9 |
|    std                | 0.968     |
|    value_loss         | 7.51e+13  |
-------------------------------------
-------------------------------------
| time/                 |           |
|    fps                | 419       |
|    iterations         | 6000      |
|    time_elapsed       | 142       |
|    total_timesteps    | 60000     |
| train/                |           |
|    entropy_loss       | -81.8     |
|    explained_variance | -1.19e-07 |
|    learning_rate      | 0.0004    |
|    n_updates          | 5999      |
|    policy_loss        | 1.1e+09   |
|    reward             | 2553842.5 |
|    std                | 0.968     |
|    value_loss         | 2.31e+14  |
-------------------------------------
=================================
begin_total_asset:1000000
end_total_asset:2983795.522276821
Sharpe:  0.8271806512359159
=================================
-------------------------------------
| time/                 |           |
|    fps                | 419       |
|    iterations         | 6100      |
|    time_elapsed       | 145       |
|    total_timesteps    | 61000     |
| train/                |           |
|    entropy_loss       | -81.8     |
|    explained_variance | 0         |
|    learning_rate      | 0.0004    |
|    n_updates          | 6099      |
|    policy_loss        | 6.46e+08  |
|    reward             | 1447574.4 |
|    std                | 0.968     |
|    value_loss         | 7.39e+13  |
-------------------------------------
-------------------------------------
| time/                 |           |
|    fps                | 419       |
|    iterations         | 6200      |
|    time_elapsed       | 147       |
|    total_timesteps    | 62000     |
| train/                |           |
|    entropy_loss       | -81.8     |
|    explained_variance | 0         |
|    learning_rate      | 0.0004    |
|    n_updates          | 6199      |
|    policy_loss        | 1.21e+09  |
|    reward             | 2803546.8 |
|    std                | 0.968     |
|    value_loss         | 2.94e+14  |
-------------------------------------
=================================
begin_total_asset:1000000
end_total_asset:3325898.9759655786
Sharpe:  0.8647049877778132
=================================
-------------------------------------
| time/                 |           |
|    fps                | 419       |
|    iterations         | 6300      |
|    time_elapsed       | 150       |
|    total_timesteps    | 63000     |
| train/                |           |
|    entropy_loss       | -81.8     |
|    explained_variance | 0         |
|    learning_rate      | 0.0004    |
|    n_updates          | 6299      |
|    policy_loss        | 6.37e+08  |
|    reward             | 1425006.1 |
|    std                | 0.968     |
|    value_loss         | 7.94e+13  |
-------------------------------------
-------------------------------------
| time/                 |           |
|    fps                | 419       |
|    iterations         | 6400      |
|    time_elapsed       | 152       |
|    total_timesteps    | 64000     |
| train/                |           |
|    entropy_loss       | -81.8     |
|    explained_variance | -1.19e-07 |
|    learning_rate      | 0.0004    |
|    n_updates          | 6399      |
|    policy_loss        | 1.15e+09  |
|    reward             | 2602401.0 |
|    std                | 0.969     |
|    value_loss         | 2.43e+14  |
-------------------------------------
=================================
begin_total_asset:1000000
end_total_asset:2996980.8380110706
Sharpe:  0.8285689609589636
=================================
-------------------------------------
| time/                 |           |
|    fps                | 419       |
|    iterations         | 6500      |
|    time_elapsed       | 154       |
|    total_timesteps    | 65000     |
| train/                |           |
|    entropy_loss       | -81.9     |
|    explained_variance | 1.19e-07  |
|    learning_rate      | 0.0004    |
|    n_updates          | 6499      |
|    policy_loss        | 6.74e+08  |
|    reward             | 1475960.6 |
|    std                | 0.97      |
|    value_loss         | 8.12e+13  |
-------------------------------------
-------------------------------------
| time/                 |           |
|    fps                | 419       |
|    iterations         | 6600      |
|    time_elapsed       | 157       |
|    total_timesteps    | 66000     |
| train/                |           |
|    entropy_loss       | -81.9     |
|    explained_variance | 0         |
|    learning_rate      | 0.0004    |
|    n_updates          | 6599      |
|    policy_loss        | 1.3e+09   |
|    reward             | 3063149.8 |
|    std                | 0.97      |
|    value_loss         | 3.11e+14  |
-------------------------------------
=================================
begin_total_asset:1000000
end_total_asset:3538095.2459225478
Sharpe:  0.9064701985941744
=================================
-------------------------------------
| time/                 |           |
|    fps                | 419       |
|    iterations         | 6700      |
|    time_elapsed       | 159       |
|    total_timesteps    | 67000     |
| train/                |           |
|    entropy_loss       | -81.9     |
|    explained_variance | -1.19e-07 |
|    learning_rate      | 0.0004    |
|    n_updates          | 6699      |
|    policy_loss        | 6.56e+08  |
|    reward             | 1495181.5 |
|    std                | 0.97      |
|    value_loss         | 7.77e+13  |
-------------------------------------
-------------------------------------
| time/                 |           |
|    fps                | 419       |
|    iterations         | 6800      |
|    time_elapsed       | 162       |
|    total_timesteps    | 68000     |
| train/                |           |
|    entropy_loss       | -81.9     |
|    explained_variance | -1.19e-07 |
|    learning_rate      | 0.0004    |
|    n_updates          | 6799      |
|    policy_loss        | 1.16e+09  |
|    reward             | 2581215.8 |
|    std                | 0.97      |
|    value_loss         | 2.41e+14  |
-------------------------------------
=================================
begin_total_asset:1000000
end_total_asset:3061934.3588618864
Sharpe:  0.8436402072783663
=================================
-------------------------------------
| time/                 |           |
|    fps                | 419       |
|    iterations         | 6900      |
|    time_elapsed       | 164       |
|    total_timesteps    | 69000     |
| train/                |           |
|    entropy_loss       | -81.8     |
|    explained_variance | 1.19e-07  |
|    learning_rate      | 0.0004    |
|    n_updates          | 6899      |
|    policy_loss        | 6.25e+08  |
|    reward             | 1492940.1 |
|    std                | 0.969     |
|    value_loss         | 7.53e+13  |
-------------------------------------
-------------------------------------
| time/                 |           |
|    fps                | 419       |
|    iterations         | 7000      |
|    time_elapsed       | 166       |
|    total_timesteps    | 70000     |
| train/                |           |
|    entropy_loss       | -81.8     |
|    explained_variance | 0         |
|    learning_rate      | 0.0004    |
|    n_updates          | 6999      |
|    policy_loss        | 1.09e+09  |
|    reward             | 2617969.5 |
|    std                | 0.969     |
|    value_loss         | 2.3e+14   |
-------------------------------------
=================================
begin_total_asset:1000000
end_total_asset:3123643.020585008
Sharpe:  0.854416654566607
=================================
-------------------------------------
| time/                 |           |
|    fps                | 419       |
|    iterations         | 7100      |
|    time_elapsed       | 169       |
|    total_timesteps    | 71000     |
| train/                |           |
|    entropy_loss       | -81.8     |
|    explained_variance | 0         |
|    learning_rate      | 0.0004    |
|    n_updates          | 7099      |
|    policy_loss        | 6.41e+08  |
|    reward             | 1479963.4 |
|    std                | 0.968     |
|    value_loss         | 7.39e+13  |
-------------------------------------
-------------------------------------
| time/                 |           |
|    fps                | 419       |
|    iterations         | 7200      |
|    time_elapsed       | 171       |
|    total_timesteps    | 72000     |
| train/                |           |
|    entropy_loss       | -81.7     |
|    explained_variance | 1.79e-07  |
|    learning_rate      | 0.0004    |
|    n_updates          | 7199      |
|    policy_loss        | 1.2e+09   |
|    reward             | 2807376.2 |
|    std                | 0.967     |
|    value_loss         | 2.7e+14   |
-------------------------------------
=================================
begin_total_asset:1000000
end_total_asset:3436294.7318590796
Sharpe:  0.8860537678223336
=================================
-------------------------------------
| time/                 |           |
|    fps                | 419       |
|    iterations         | 7300      |
|    time_elapsed       | 174       |
|    total_timesteps    | 73000     |
| train/                |           |
|    entropy_loss       | -81.6     |
|    explained_variance | 0         |
|    learning_rate      | 0.0004    |
|    n_updates          | 7299      |
|    policy_loss        | 6.13e+08  |
|    reward             | 1388845.6 |
|    std                | 0.966     |
|    value_loss         | 7.32e+13  |
-------------------------------------
-------------------------------------
| time/                 |           |
|    fps                | 418       |
|    iterations         | 7400      |
|    time_elapsed       | 176       |
|    total_timesteps    | 74000     |
| train/                |           |
|    entropy_loss       | -81.6     |
|    explained_variance | -1.19e-07 |
|    learning_rate      | 0.0004    |
|    n_updates          | 7399      |
|    policy_loss        | 1.03e+09  |
|    reward             | 2431673.0 |
|    std                | 0.965     |
|    value_loss         | 2.1e+14   |
-------------------------------------
=================================
begin_total_asset:1000000
end_total_asset:3030664.738406861
Sharpe:  0.8341393634686509
=================================
-------------------------------------
| time/                 |           |
|    fps                | 418       |
|    iterations         | 7500      |
|    time_elapsed       | 179       |
|    total_timesteps    | 75000     |
| train/                |           |
|    entropy_loss       | -81.6     |
|    explained_variance | 0         |
|    learning_rate      | 0.0004    |
|    n_updates          | 7499      |
|    policy_loss        | 6.63e+08  |
|    reward             | 1480717.2 |
|    std                | 0.966     |
|    value_loss         | 8.44e+13  |
-------------------------------------
-------------------------------------
| time/                 |           |
|    fps                | 418       |
|    iterations         | 7600      |
|    time_elapsed       | 181       |
|    total_timesteps    | 76000     |
| train/                |           |
|    entropy_loss       | -81.6     |
|    explained_variance | 0         |
|    learning_rate      | 0.0004    |
|    n_updates          | 7599      |
|    policy_loss        | 1.13e+09  |
|    reward             | 2486043.0 |
|    std                | 0.965     |
|    value_loss         | 2.34e+14  |
-------------------------------------
=================================
begin_total_asset:1000000
end_total_asset:3155078.3357348433
Sharpe:  0.8614109465500149
=================================
-------------------------------------
| time/                 |           |
|    fps                | 418       |
|    iterations         | 7700      |
|    time_elapsed       | 183       |
|    total_timesteps    | 77000     |
| train/                |           |
|    entropy_loss       | -81.6     |
|    explained_variance | -2.38e-07 |
|    learning_rate      | 0.0004    |
|    n_updates          | 7699      |
|    policy_loss        | 6.7e+08   |
|    reward             | 1482462.0 |
|    std                | 0.965     |
|    value_loss         | 7.76e+13  |
-------------------------------------
-------------------------------------
| time/                 |           |
|    fps                | 418       |
|    iterations         | 7800      |
|    time_elapsed       | 186       |
|    total_timesteps    | 78000     |
| train/                |           |
|    entropy_loss       | -81.6     |
|    explained_variance | -2.38e-07 |
|    learning_rate      | 0.0004    |
|    n_updates          | 7799      |
|    policy_loss        | 9.91e+08  |
|    reward             | 2417839.2 |
|    std                | 0.965     |
|    value_loss         | 1.96e+14  |
-------------------------------------
=================================
begin_total_asset:1000000
end_total_asset:2972660.1799557954
Sharpe:  0.8190369478139651
=================================
-------------------------------------
| time/                 |           |
|    fps                | 418       |
|    iterations         | 7900      |
|    time_elapsed       | 188       |
|    total_timesteps    | 79000     |
| train/                |           |
|    entropy_loss       | -81.5     |
|    explained_variance | -2.38e-07 |
|    learning_rate      | 0.0004    |
|    n_updates          | 7899      |
|    policy_loss        | 6.41e+08  |
|    reward             | 1464739.6 |
|    std                | 0.964     |
|    value_loss         | 7.39e+13  |
-------------------------------------
-------------------------------------
| time/                 |           |
|    fps                | 418       |
|    iterations         | 8000      |
|    time_elapsed       | 191       |
|    total_timesteps    | 80000     |
| train/                |           |
|    entropy_loss       | -81.5     |
|    explained_variance | 0         |
|    learning_rate      | 0.0004    |
|    n_updates          | 7999      |
|    policy_loss        | 1.03e+09  |
|    reward             | 2539666.5 |
|    std                | 0.964     |
|    value_loss         | 2.1e+14   |
-------------------------------------
=================================
begin_total_asset:1000000
end_total_asset:3206032.7913479805
Sharpe:  0.871742329565978
=================================
-------------------------------------
| time/                 |           |
|    fps                | 418       |
|    iterations         | 8100      |
|    time_elapsed       | 193       |
|    total_timesteps    | 81000     |
| train/                |           |
|    entropy_loss       | -81.5     |
|    explained_variance | 2.38e-07  |
|    learning_rate      | 0.0004    |
|    n_updates          | 8099      |
|    policy_loss        | 6.13e+08  |
|    reward             | 1434294.8 |
|    std                | 0.964     |
|    value_loss         | 7.19e+13  |
-------------------------------------
-------------------------------------
| time/                 |           |
|    fps                | 418       |
|    iterations         | 8200      |
|    time_elapsed       | 195       |
|    total_timesteps    | 82000     |
| train/                |           |
|    entropy_loss       | -81.5     |
|    explained_variance | 0         |
|    learning_rate      | 0.0004    |
|    n_updates          | 8199      |
|    policy_loss        | 1.03e+09  |
|    reward             | 2414084.5 |
|    std                | 0.964     |
|    value_loss         | 2.13e+14  |
-------------------------------------
=================================
begin_total_asset:1000000
end_total_asset:3165490.0867931796
Sharpe:  0.8634398625910082
=================================
-------------------------------------
| time/                 |           |
|    fps                | 418       |
|    iterations         | 8300      |
|    time_elapsed       | 198       |
|    total_timesteps    | 83000     |
| train/                |           |
|    entropy_loss       | -81.5     |
|    explained_variance | 1.19e-07  |
|    learning_rate      | 0.0004    |
|    n_updates          | 8299      |
|    policy_loss        | 6.13e+08  |
|    reward             | 1406845.0 |
|    std                | 0.964     |
|    value_loss         | 7.07e+13  |
-------------------------------------
-------------------------------------
| time/                 |           |
|    fps                | 418       |
|    iterations         | 8400      |
|    time_elapsed       | 200       |
|    total_timesteps    | 84000     |
| train/                |           |
|    entropy_loss       | -81.5     |
|    explained_variance | -1.19e-07 |
|    learning_rate      | 0.0004    |
|    n_updates          | 8399      |
|    policy_loss        | 1.08e+09  |
|    reward             | 2428232.5 |
|    std                | 0.963     |
|    value_loss         | 2.34e+14  |
-------------------------------------
=================================
begin_total_asset:1000000
end_total_asset:3217916.879414661
Sharpe:  0.8599158229364438
=================================
-------------------------------------
| time/                 |           |
|    fps                | 418       |
|    iterations         | 8500      |
|    time_elapsed       | 203       |
|    total_timesteps    | 85000     |
| train/                |           |
|    entropy_loss       | -81.5     |
|    explained_variance | 0         |
|    learning_rate      | 0.0004    |
|    n_updates          | 8499      |
|    policy_loss        | 5.83e+08  |
|    reward             | 1416918.6 |
|    std                | 0.963     |
|    value_loss         | 6.69e+13  |
-------------------------------------
-------------------------------------
| time/                 |           |
|    fps                | 418       |
|    iterations         | 8600      |
|    time_elapsed       | 205       |
|    total_timesteps    | 86000     |
| train/                |           |
|    entropy_loss       | -81.5     |
|    explained_variance | 1.19e-07  |
|    learning_rate      | 0.0004    |
|    n_updates          | 8599      |
|    policy_loss        | 1.07e+09  |
|    reward             | 2530119.0 |
|    std                | 0.963     |
|    value_loss         | 2.2e+14   |
-------------------------------------
=================================
begin_total_asset:1000000
end_total_asset:3157861.704636884
Sharpe:  0.8538737969004166
=================================
-------------------------------------
| time/                 |           |
|    fps                | 418       |
|    iterations         | 8700      |
|    time_elapsed       | 207       |
|    total_timesteps    | 87000     |
| train/                |           |
|    entropy_loss       | -81.4     |
|    explained_variance | -1.19e-07 |
|    learning_rate      | 0.0004    |
|    n_updates          | 8699      |
|    policy_loss        | 5.98e+08  |
|    reward             | 1361348.0 |
|    std                | 0.962     |
|    value_loss         | 6.27e+13  |
-------------------------------------
-------------------------------------
| time/                 |           |
|    fps                | 418       |
|    iterations         | 8800      |
|    time_elapsed       | 210       |
|    total_timesteps    | 88000     |
| train/                |           |
|    entropy_loss       | -81.4     |
|    explained_variance | -1.19e-07 |
|    learning_rate      | 0.0004    |
|    n_updates          | 8799      |
|    policy_loss        | 1e+09     |
|    reward             | 2455962.2 |
|    std                | 0.962     |
|    value_loss         | 1.99e+14  |
-------------------------------------
=================================
begin_total_asset:1000000
end_total_asset:3054734.0647892756
Sharpe:  0.835560578654023
=================================
-------------------------------------
| time/                 |           |
|    fps                | 418       |
|    iterations         | 8900      |
|    time_elapsed       | 212       |
|    total_timesteps    | 89000     |
| train/                |           |
|    entropy_loss       | -81.4     |
|    explained_variance | -1.19e-07 |
|    learning_rate      | 0.0004    |
|    n_updates          | 8899      |
|    policy_loss        | 5.6e+08   |
|    reward             | 1326014.5 |
|    std                | 0.962     |
|    value_loss         | 5.67e+13  |
-------------------------------------
-------------------------------------
| time/                 |           |
|    fps                | 418       |
|    iterations         | 9000      |
|    time_elapsed       | 214       |
|    total_timesteps    | 90000     |
| train/                |           |
|    entropy_loss       | -81.3     |
|    explained_variance | 0         |
|    learning_rate      | 0.0004    |
|    n_updates          | 8999      |
|    policy_loss        | 1.03e+09  |
|    reward             | 2404739.0 |
|    std                | 0.961     |
|    value_loss         | 1.91e+14  |
-------------------------------------
=================================
begin_total_asset:1000000
end_total_asset:3072236.6352222688
Sharpe:  0.8371362761162208
=================================
-------------------------------------
| time/                 |           |
|    fps                | 418       |
|    iterations         | 9100      |
|    time_elapsed       | 217       |
|    total_timesteps    | 91000     |
| train/                |           |
|    entropy_loss       | -81.3     |
|    explained_variance | 1.79e-07  |
|    learning_rate      | 0.0004    |
|    n_updates          | 9099      |
|    policy_loss        | 5.36e+08  |
|    reward             | 1281295.0 |
|    std                | 0.961     |
|    value_loss         | 5.81e+13  |
-------------------------------------
-------------------------------------
| time/                 |           |
|    fps                | 418       |
|    iterations         | 9200      |
|    time_elapsed       | 219       |
|    total_timesteps    | 92000     |
| train/                |           |
|    entropy_loss       | -81.3     |
|    explained_variance | 1.19e-07  |
|    learning_rate      | 0.0004    |
|    n_updates          | 9199      |
|    policy_loss        | 9.96e+08  |
|    reward             | 2335896.8 |
|    std                | 0.96      |
|    value_loss         | 2.04e+14  |
-------------------------------------
=================================
begin_total_asset:1000000
end_total_asset:3160496.671166764
Sharpe:  0.8601548141800242
=================================
-------------------------------------
| time/                 |           |
|    fps                | 418       |
|    iterations         | 9300      |
|    time_elapsed       | 222       |
|    total_timesteps    | 93000     |
| train/                |           |
|    entropy_loss       | -81.3     |
|    explained_variance | 5.96e-08  |
|    learning_rate      | 0.0004    |
|    n_updates          | 9299      |
|    policy_loss        | 5.92e+08  |
|    reward             | 1241490.2 |
|    std                | 0.96      |
|    value_loss         | 6.45e+13  |
-------------------------------------
-------------------------------------
| time/                 |           |
|    fps                | 418       |
|    iterations         | 9400      |
|    time_elapsed       | 224       |
|    total_timesteps    | 94000     |
| train/                |           |
|    entropy_loss       | -81.2     |
|    explained_variance | 0         |
|    learning_rate      | 0.0004    |
|    n_updates          | 9399      |
|    policy_loss        | 9.72e+08  |
|    reward             | 2263375.5 |
|    std                | 0.959     |
|    value_loss         | 1.85e+14  |
-------------------------------------
=================================
begin_total_asset:1000000
end_total_asset:2926320.1267060926
Sharpe:  0.811368677372543
=================================
-------------------------------------
| time/                 |           |
|    fps                | 418       |
|    iterations         | 9500      |
|    time_elapsed       | 227       |
|    total_timesteps    | 95000     |
| train/                |           |
|    entropy_loss       | -81.2     |
|    explained_variance | 0         |
|    learning_rate      | 0.0004    |
|    n_updates          | 9499      |
|    policy_loss        | 6.1e+08   |
|    reward             | 1383264.8 |
|    std                | 0.958     |
|    value_loss         | 6.59e+13  |
-------------------------------------
-------------------------------------
| time/                 |           |
|    fps                | 418       |
|    iterations         | 9600      |
|    time_elapsed       | 229       |
|    total_timesteps    | 96000     |
| train/                |           |
|    entropy_loss       | -81.2     |
|    explained_variance | 0         |
|    learning_rate      | 0.0004    |
|    n_updates          | 9599      |
|    policy_loss        | 1.04e+09  |
|    reward             | 2537538.2 |
|    std                | 0.958     |
|    value_loss         | 2.04e+14  |
-------------------------------------
=================================
begin_total_asset:1000000
end_total_asset:3259506.611812693
Sharpe:  0.8459703912426727
=================================
-------------------------------------
| time/                 |           |
|    fps                | 418       |
|    iterations         | 9700      |
|    time_elapsed       | 231       |
|    total_timesteps    | 97000     |
| train/                |           |
|    entropy_loss       | -81.2     |
|    explained_variance | -1.19e-07 |
|    learning_rate      | 0.0004    |
|    n_updates          | 9699      |
|    policy_loss        | 5.69e+08  |
|    reward             | 1320796.2 |
|    std                | 0.958     |
|    value_loss         | 6.14e+13  |
-------------------------------------
-------------------------------------
| time/                 |           |
|    fps                | 418       |
|    iterations         | 9800      |
|    time_elapsed       | 234       |
|    total_timesteps    | 98000     |
| train/                |           |
|    entropy_loss       | -81.2     |
|    explained_variance | 0         |
|    learning_rate      | 0.0004    |
|    n_updates          | 9799      |
|    policy_loss        | 8.54e+08  |
|    reward             | 2115163.0 |
|    std                | 0.959     |
|    value_loss         | 1.43e+14  |
-------------------------------------
=================================
begin_total_asset:1000000
end_total_asset:2914359.0894833365
Sharpe:  0.8066085456829626
=================================
-------------------------------------
| time/                 |           |
|    fps                | 418       |
|    iterations         | 9900      |
|    time_elapsed       | 236       |
|    total_timesteps    | 99000     |
| train/                |           |
|    entropy_loss       | -81.2     |
|    explained_variance | 0         |
|    learning_rate      | 0.0004    |
|    n_updates          | 9899      |
|    policy_loss        | 5.99e+08  |
|    reward             | 1325850.1 |
|    std                | 0.958     |
|    value_loss         | 6.79e+13  |
-------------------------------------
-------------------------------------
| time/                 |           |
|    fps                | 418       |
|    iterations         | 10000     |
|    time_elapsed       | 238       |
|    total_timesteps    | 100000    |
| train/                |           |
|    entropy_loss       | -81.2     |
|    explained_variance | 0         |
|    learning_rate      | 0.0004    |
|    n_updates          | 9999      |
|    policy_loss        | 9.13e+08  |
|    reward             | 2155496.5 |
|    std                | 0.958     |
|    value_loss         | 1.57e+14  |
-------------------------------------
=================================
begin_total_asset:1000000
end_total_asset:3131128.845151398
Sharpe:  0.8523781819858013
=================================
-------------------------------------
| time/                 |           |
|    fps                | 418       |
|    iterations         | 10100     |
|    time_elapsed       | 241       |
|    total_timesteps    | 101000    |
| train/                |           |
|    entropy_loss       | -81.2     |
|    explained_variance | -1.19e-07 |
|    learning_rate      | 0.0004    |
|    n_updates          | 10099     |
|    policy_loss        | 6.24e+08  |
|    reward             | 1379084.4 |
|    std                | 0.958     |
|    value_loss         | 7.28e+13  |
-------------------------------------
-------------------------------------
| time/                 |           |
|    fps                | 418       |
|    iterations         | 10200     |
|    time_elapsed       | 243       |
|    total_timesteps    | 102000    |
| train/                |           |
|    entropy_loss       | -81.2     |
|    explained_variance | -1.19e-07 |
|    learning_rate      | 0.0004    |
|    n_updates          | 10199     |
|    policy_loss        | 9.56e+08  |
|    reward             | 2249661.2 |
|    std                | 0.958     |
|    value_loss         | 1.98e+14  |
-------------------------------------
=================================
begin_total_asset:1000000
end_total_asset:3293630.556141004
Sharpe:  0.8609822071392551
=================================
-------------------------------------
| time/                 |           |
|    fps                | 418       |
|    iterations         | 10300     |
|    time_elapsed       | 245       |
|    total_timesteps    | 103000    |
| train/                |           |
|    entropy_loss       | -81.1     |
|    explained_variance | 5.96e-08  |
|    learning_rate      | 0.0004    |
|    n_updates          | 10299     |
|    policy_loss        | 6.05e+08  |
|    reward             | 1421992.8 |
|    std                | 0.958     |
|    value_loss         | 7.04e+13  |
-------------------------------------
-------------------------------------
| time/                 |           |
|    fps                | 419       |
|    iterations         | 10400     |
|    time_elapsed       | 248       |
|    total_timesteps    | 104000    |
| train/                |           |
|    entropy_loss       | -81.1     |
|    explained_variance | 0         |
|    learning_rate      | 0.0004    |
|    n_updates          | 10399     |
|    policy_loss        | 1.09e+09  |
|    reward             | 2305691.2 |
|    std                | 0.958     |
|    value_loss         | 2.15e+14  |
-------------------------------------
=================================
begin_total_asset:1000000
end_total_asset:3365879.7148876092
Sharpe:  0.8622664937550316
=================================
-------------------------------------
| time/                 |           |
|    fps                | 419       |
|    iterations         | 10500     |
|    time_elapsed       | 250       |
|    total_timesteps    | 105000    |
| train/                |           |
|    entropy_loss       | -81.1     |
|    explained_variance | 5.96e-08  |
|    learning_rate      | 0.0004    |
|    n_updates          | 10499     |
|    policy_loss        | 5.62e+08  |
|    reward             | 1389989.0 |
|    std                | 0.957     |
|    value_loss         | 6.71e+13  |
-------------------------------------
-------------------------------------
| time/                 |           |
|    fps                | 419       |
|    iterations         | 10600     |
|    time_elapsed       | 252       |
|    total_timesteps    | 106000    |
| train/                |           |
|    entropy_loss       | -81.1     |
|    explained_variance | 5.96e-08  |
|    learning_rate      | 0.0004    |
|    n_updates          | 10599     |
|    policy_loss        | 1.13e+09  |
|    reward             | 2407088.2 |
|    std                | 0.957     |
|    value_loss         | 2.45e+14  |
-------------------------------------
=================================
begin_total_asset:1000000
end_total_asset:3352396.867220983
Sharpe:  0.8691410499741894
=================================
-------------------------------------
| time/                 |           |
|    fps                | 418       |
|    iterations         | 10700     |
|    time_elapsed       | 255       |
|    total_timesteps    | 107000    |
| train/                |           |
|    entropy_loss       | -81       |
|    explained_variance | 5.96e-08  |
|    learning_rate      | 0.0004    |
|    n_updates          | 10699     |
|    policy_loss        | 5.76e+08  |
|    reward             | 1413552.0 |
|    std                | 0.956     |
|    value_loss         | 6.76e+13  |
-------------------------------------
-------------------------------------
| time/                 |           |
|    fps                | 419       |
|    iterations         | 10800     |
|    time_elapsed       | 257       |
|    total_timesteps    | 108000    |
| train/                |           |
|    entropy_loss       | -81       |
|    explained_variance | -1.19e-07 |
|    learning_rate      | 0.0004    |
|    n_updates          | 10799     |
|    policy_loss        | 1.07e+09  |
|    reward             | 2615770.2 |
|    std                | 0.956     |
|    value_loss         | 2.31e+14  |
-------------------------------------
=================================
begin_total_asset:1000000
end_total_asset:3336949.2560314797
Sharpe:  0.86386336748433
=================================
-------------------------------------
| time/                 |           |
|    fps                | 418       |
|    iterations         | 10900     |
|    time_elapsed       | 260       |
|    total_timesteps    | 109000    |
| train/                |           |
|    entropy_loss       | -81       |
|    explained_variance | 0         |
|    learning_rate      | 0.0004    |
|    n_updates          | 10899     |
|    policy_loss        | 6.07e+08  |
|    reward             | 1350192.6 |
|    std                | 0.956     |
|    value_loss         | 6.45e+13  |
-------------------------------------
-------------------------------------
| time/                 |           |
|    fps                | 419       |
|    iterations         | 11000     |
|    time_elapsed       | 262       |
|    total_timesteps    | 110000    |
| train/                |           |
|    entropy_loss       | -81       |
|    explained_variance | 0         |
|    learning_rate      | 0.0004    |
|    n_updates          | 10999     |
|    policy_loss        | 9.43e+08  |
|    reward             | 2322367.8 |
|    std                | 0.956     |
|    value_loss         | 1.76e+14  |
-------------------------------------
=================================
begin_total_asset:1000000
end_total_asset:3029671.1898653414
Sharpe:  0.8213618353699278
=================================
-------------------------------------
| time/                 |           |
|    fps                | 418       |
|    iterations         | 11100     |
|    time_elapsed       | 265       |
|    total_timesteps    | 111000    |
| train/                |           |
|    entropy_loss       | -80.9     |
|    explained_variance | -1.19e-07 |
|    learning_rate      | 0.0004    |
|    n_updates          | 11099     |
|    policy_loss        | 5.88e+08  |
|    reward             | 1356768.4 |
|    std                | 0.955     |
|    value_loss         | 6.38e+13  |
-------------------------------------
-------------------------------------
| time/                 |           |
|    fps                | 418       |
|    iterations         | 11200     |
|    time_elapsed       | 267       |
|    total_timesteps    | 112000    |
| train/                |           |
|    entropy_loss       | -80.9     |
|    explained_variance | -1.19e-07 |
|    learning_rate      | 0.0004    |
|    n_updates          | 11199     |
|    policy_loss        | 1.05e+09  |
|    reward             | 2465170.0 |
|    std                | 0.954     |
|    value_loss         | 2.14e+14  |
-------------------------------------
=================================
begin_total_asset:1000000
end_total_asset:3375684.940333176
Sharpe:  0.8674419677146566
=================================
-------------------------------------
| time/                 |           |
|    fps                | 418       |
|    iterations         | 11300     |
|    time_elapsed       | 270       |
|    total_timesteps    | 113000    |
| train/                |           |
|    entropy_loss       | -80.9     |
|    explained_variance | 1.79e-07  |
|    learning_rate      | 0.0004    |
|    n_updates          | 11299     |
|    policy_loss        | 5.48e+08  |
|    reward             | 1341222.5 |
|    std                | 0.953     |
|    value_loss         | 6.16e+13  |
-------------------------------------
-------------------------------------
| time/                 |           |
|    fps                | 418       |
|    iterations         | 11400     |
|    time_elapsed       | 272       |
|    total_timesteps    | 114000    |
| train/                |           |
|    entropy_loss       | -80.9     |
|    explained_variance | 0         |
|    learning_rate      | 0.0004    |
|    n_updates          | 11399     |
|    policy_loss        | 9.64e+08  |
|    reward             | 2342967.5 |
|    std                | 0.953     |
|    value_loss         | 2e+14     |
-------------------------------------
=================================
begin_total_asset:1000000
end_total_asset:3211400.5922696926
Sharpe:  0.8553582755531801
=================================
-------------------------------------
| time/                 |           |
|    fps                | 418       |
|    iterations         | 11500     |
|    time_elapsed       | 274       |
|    total_timesteps    | 115000    |
| train/                |           |
|    entropy_loss       | -80.8     |
|    explained_variance | 1.79e-07  |
|    learning_rate      | 0.0004    |
|    n_updates          | 11499     |
|    policy_loss        | 5.8e+08   |
|    reward             | 1294878.6 |
|    std                | 0.952     |
|    value_loss         | 6.3e+13   |
-------------------------------------
-------------------------------------
| time/                 |           |
|    fps                | 418       |
|    iterations         | 11600     |
|    time_elapsed       | 277       |
|    total_timesteps    | 116000    |
| train/                |           |
|    entropy_loss       | -80.8     |
|    explained_variance | 1.79e-07  |
|    learning_rate      | 0.0004    |
|    n_updates          | 11599     |
|    policy_loss        | 1.14e+09  |
|    reward             | 2221810.5 |
|    std                | 0.952     |
|    value_loss         | 2.26e+14  |
-------------------------------------
=================================
begin_total_asset:1000000
end_total_asset:3173744.328407859
Sharpe:  0.8296247914038364
=================================
-------------------------------------
| time/                 |           |
|    fps                | 418       |
|    iterations         | 11700     |
|    time_elapsed       | 279       |
|    total_timesteps    | 117000    |
| train/                |           |
|    entropy_loss       | -80.8     |
|    explained_variance | 5.96e-08  |
|    learning_rate      | 0.0004    |
|    n_updates          | 11699     |
|    policy_loss        | 5.73e+08  |
|    reward             | 1332996.9 |
|    std                | 0.952     |
|    value_loss         | 6.01e+13  |
-------------------------------------
-------------------------------------
| time/                 |           |
|    fps                | 418       |
|    iterations         | 11800     |
|    time_elapsed       | 281       |
|    total_timesteps    | 118000    |
| train/                |           |
|    entropy_loss       | -80.7     |
|    explained_variance | -2.38e-07 |
|    learning_rate      | 0.0004    |
|    n_updates          | 11799     |
|    policy_loss        | 1.06e+09  |
|    reward             | 2495397.5 |
|    std                | 0.951     |
|    value_loss         | 2.11e+14  |
-------------------------------------
=================================
begin_total_asset:1000000
end_total_asset:3190525.8499100925
Sharpe:  0.8497333738404622
=================================
-------------------------------------
| time/                 |           |
|    fps                | 418       |
|    iterations         | 11900     |
|    time_elapsed       | 284       |
|    total_timesteps    | 119000    |
| train/                |           |
|    entropy_loss       | -80.7     |
|    explained_variance | 0         |
|    learning_rate      | 0.0004    |
|    n_updates          | 11899     |
|    policy_loss        | 5.48e+08  |
|    reward             | 1299875.9 |
|    std                | 0.95      |
|    value_loss         | 5.84e+13  |
-------------------------------------
-------------------------------------
| time/                 |           |
|    fps                | 418       |
|    iterations         | 12000     |
|    time_elapsed       | 286       |
|    total_timesteps    | 120000    |
| train/                |           |
|    entropy_loss       | -80.7     |
|    explained_variance | 0         |
|    learning_rate      | 0.0004    |
|    n_updates          | 11999     |
|    policy_loss        | 1.08e+09  |
|    reward             | 2393925.0 |
|    std                | 0.95      |
|    value_loss         | 2.27e+14  |
-------------------------------------
=================================
begin_total_asset:1000000
end_total_asset:3076980.2307474148
Sharpe:  0.8404783370050323
=================================
-------------------------------------
| time/                 |           |
|    fps                | 418       |
|    iterations         | 12100     |
|    time_elapsed       | 289       |
|    total_timesteps    | 121000    |
| train/                |           |
|    entropy_loss       | -80.6     |
|    explained_variance | 0         |
|    learning_rate      | 0.0004    |
|    n_updates          | 12099     |
|    policy_loss        | 5.43e+08  |
|    reward             | 1274190.5 |
|    std                | 0.95      |
|    value_loss         | 5.59e+13  |
-------------------------------------
-------------------------------------
| time/                 |           |
|    fps                | 418       |
|    iterations         | 12200     |
|    time_elapsed       | 291       |
|    total_timesteps    | 122000    |
| train/                |           |
|    entropy_loss       | -80.6     |
|    explained_variance | -1.19e-07 |
|    learning_rate      | 0.0004    |
|    n_updates          | 12199     |
|    policy_loss        | 1.12e+09  |
|    reward             | 2360778.8 |
|    std                | 0.949     |
|    value_loss         | 2.36e+14  |
-------------------------------------
=================================
begin_total_asset:1000000
end_total_asset:3069417.879774583
Sharpe:  0.8354396188649565
=================================
-------------------------------------
| time/                 |           |
|    fps                | 418       |
|    iterations         | 12300     |
|    time_elapsed       | 293       |
|    total_timesteps    | 123000    |
| train/                |           |
|    entropy_loss       | -80.5     |
|    explained_variance | -1.19e-07 |
|    learning_rate      | 0.0004    |
|    n_updates          | 12299     |
|    policy_loss        | 5.17e+08  |
|    reward             | 1228089.5 |
|    std                | 0.948     |
|    value_loss         | 5.36e+13  |
-------------------------------------
-------------------------------------
| time/                 |           |
|    fps                | 418       |
|    iterations         | 12400     |
|    time_elapsed       | 296       |
|    total_timesteps    | 124000    |
| train/                |           |
|    entropy_loss       | -80.5     |
|    explained_variance | 0         |
|    learning_rate      | 0.0004    |
|    n_updates          | 12399     |
|    policy_loss        | 1.26e+09  |
|    reward             | 2782763.8 |
|    std                | 0.948     |
|    value_loss         | 2.95e+14  |
-------------------------------------
=================================
begin_total_asset:1000000
end_total_asset:3355409.4918697984
Sharpe:  0.8625662543060342
=================================
-------------------------------------
| time/                 |           |
|    fps                | 418       |
|    iterations         | 12500     |
|    time_elapsed       | 298       |
|    total_timesteps    | 125000    |
| train/                |           |
|    entropy_loss       | -80.5     |
|    explained_variance | 1.79e-07  |
|    learning_rate      | 0.0004    |
|    n_updates          | 12499     |
|    policy_loss        | 5.64e+08  |
|    reward             | 1246711.1 |
|    std                | 0.947     |
|    value_loss         | 5.64e+13  |
-------------------------------------
-------------------------------------
| time/                 |           |
|    fps                | 418       |
|    iterations         | 12600     |
|    time_elapsed       | 301       |
|    total_timesteps    | 126000    |
| train/                |           |
|    entropy_loss       | -80.5     |
|    explained_variance | 0         |
|    learning_rate      | 0.0004    |
|    n_updates          | 12599     |
|    policy_loss        | 1.25e+09  |
|    reward             | 2979471.2 |
|    std                | 0.947     |
|    value_loss         | 2.77e+14  |
-------------------------------------
=================================
begin_total_asset:1000000
end_total_asset:3432799.226103697
Sharpe:  0.8853822955681754
=================================
-------------------------------------
| time/                 |           |
|    fps                | 418       |
|    iterations         | 12700     |
|    time_elapsed       | 303       |
|    total_timesteps    | 127000    |
| train/                |           |
|    entropy_loss       | -80.5     |
|    explained_variance | 5.96e-08  |
|    learning_rate      | 0.0004    |
|    n_updates          | 12699     |
|    policy_loss        | 5.34e+08  |
|    reward             | 1205497.4 |
|    std                | 0.947     |
|    value_loss         | 5.73e+13  |
-------------------------------------
-------------------------------------
| time/                 |           |
|    fps                | 418       |
|    iterations         | 12800     |
|    time_elapsed       | 305       |
|    total_timesteps    | 128000    |
| train/                |           |
|    entropy_loss       | -80.4     |
|    explained_variance | 5.96e-08  |
|    learning_rate      | 0.0004    |
|    n_updates          | 12799     |
|    policy_loss        | 1.09e+09  |
|    reward             | 2487178.0 |
|    std                | 0.947     |
|    value_loss         | 2.39e+14  |
-------------------------------------
=================================
begin_total_asset:1000000
end_total_asset:3113599.909286487
Sharpe:  0.8442988646850317
=================================
-------------------------------------
| time/                 |           |
|    fps                | 418       |
|    iterations         | 12900     |
|    time_elapsed       | 308       |
|    total_timesteps    | 129000    |
| train/                |           |
|    entropy_loss       | -80.4     |
|    explained_variance | 0         |
|    learning_rate      | 0.0004    |
|    n_updates          | 12899     |
|    policy_loss        | 5.21e+08  |
|    reward             | 1256956.5 |
|    std                | 0.946     |
|    value_loss         | 5.6e+13   |
-------------------------------------
-------------------------------------
| time/                 |           |
|    fps                | 418       |
|    iterations         | 13000     |
|    time_elapsed       | 310       |
|    total_timesteps    | 130000    |
| train/                |           |
|    entropy_loss       | -80.4     |
|    explained_variance | 1.19e-07  |
|    learning_rate      | 0.0004    |
|    n_updates          | 12999     |
|    policy_loss        | 1.31e+09  |
|    reward             | 2833807.5 |
|    std                | 0.946     |
|    value_loss         | 3.08e+14  |
-------------------------------------
=================================
begin_total_asset:1000000
end_total_asset:3333426.9663452194
Sharpe:  0.8683850821791321
=================================
-------------------------------------
| time/                 |           |
|    fps                | 418       |
|    iterations         | 13100     |
|    time_elapsed       | 313       |
|    total_timesteps    | 131000    |
| train/                |           |
|    entropy_loss       | -80.4     |
|    explained_variance | 5.96e-08  |
|    learning_rate      | 0.0004    |
|    n_updates          | 13099     |
|    policy_loss        | 5.42e+08  |
|    reward             | 1242139.4 |
|    std                | 0.946     |
|    value_loss         | 6.05e+13  |
-------------------------------------
-------------------------------------
| time/                 |           |
|    fps                | 418       |
|    iterations         | 13200     |
|    time_elapsed       | 315       |
|    total_timesteps    | 132000    |
| train/                |           |
|    entropy_loss       | -80.3     |
|    explained_variance | 0         |
|    learning_rate      | 0.0004    |
|    n_updates          | 13199     |
|    policy_loss        | 1.21e+09  |
|    reward             | 2874405.8 |
|    std                | 0.945     |
|    value_loss         | 2.79e+14  |
-------------------------------------
=================================
begin_total_asset:1000000
end_total_asset:3256940.8519495637
Sharpe:  0.8552694260265064
=================================
-------------------------------------
| time/                 |           |
|    fps                | 418       |
|    iterations         | 13300     |
|    time_elapsed       | 317       |
|    total_timesteps    | 133000    |
| train/                |           |
|    entropy_loss       | -80.3     |
|    explained_variance | -1.19e-07 |
|    learning_rate      | 0.0004    |
|    n_updates          | 13299     |
|    policy_loss        | 5.54e+08  |
|    reward             | 1249436.0 |
|    std                | 0.945     |
|    value_loss         | 6.22e+13  |
-------------------------------------
-------------------------------------
| time/                 |           |
|    fps                | 418       |
|    iterations         | 13400     |
|    time_elapsed       | 320       |
|    total_timesteps    | 134000    |
| train/                |           |
|    entropy_loss       | -80.2     |
|    explained_variance | 0         |
|    learning_rate      | 0.0004    |
|    n_updates          | 13399     |
|    policy_loss        | 1.22e+09  |
|    reward             | 2624822.5 |
|    std                | 0.943     |
|    value_loss         | 2.83e+14  |
-------------------------------------
=================================
begin_total_asset:1000000
end_total_asset:3116707.0985523243
Sharpe:  0.8625801763355921
=================================
-------------------------------------
| time/                 |           |
|    fps                | 418       |
|    iterations         | 13500     |
|    time_elapsed       | 322       |
|    total_timesteps    | 135000    |
| train/                |           |
|    entropy_loss       | -80.2     |
|    explained_variance | -2.38e-07 |
|    learning_rate      | 0.0004    |
|    n_updates          | 13499     |
|    policy_loss        | 5.37e+08  |
|    reward             | 1312847.0 |
|    std                | 0.943     |
|    value_loss         | 5.64e+13  |
-------------------------------------
-------------------------------------
| time/                 |           |
|    fps                | 418       |
|    iterations         | 13600     |
|    time_elapsed       | 324       |
|    total_timesteps    | 136000    |
| train/                |           |
|    entropy_loss       | -80.2     |
|    explained_variance | -1.19e-07 |
|    learning_rate      | 0.0004    |
|    n_updates          | 13599     |
|    policy_loss        | 1.15e+09  |
|    reward             | 2685585.2 |
|    std                | 0.942     |
|    value_loss         | 2.53e+14  |
-------------------------------------
=================================
begin_total_asset:1000000
end_total_asset:3031590.1119647995
Sharpe:  0.8444951017903084
=================================
-------------------------------------
| time/                 |           |
|    fps                | 418       |
|    iterations         | 13700     |
|    time_elapsed       | 327       |
|    total_timesteps    | 137000    |
| train/                |           |
|    entropy_loss       | -80.1     |
|    explained_variance | 1.79e-07  |
|    learning_rate      | 0.0004    |
|    n_updates          | 13699     |
|    policy_loss        | 5.31e+08  |
|    reward             | 1266945.0 |
|    std                | 0.942     |
|    value_loss         | 5.47e+13  |
-------------------------------------
-------------------------------------
| time/                 |           |
|    fps                | 418       |
|    iterations         | 13800     |
|    time_elapsed       | 329       |
|    total_timesteps    | 138000    |
| train/                |           |
|    entropy_loss       | -80.2     |
|    explained_variance | -1.19e-07 |
|    learning_rate      | 0.0004    |
|    n_updates          | 13799     |
|    policy_loss        | 1.15e+09  |
|    reward             | 2748538.2 |
|    std                | 0.942     |
|    value_loss         | 2.63e+14  |
-------------------------------------
=================================
begin_total_asset:1000000
end_total_asset:3070668.644234874
Sharpe:  0.8528261593429245
=================================
-------------------------------------
| time/                 |           |
|    fps                | 418       |
|    iterations         | 13900     |
|    time_elapsed       | 332       |
|    total_timesteps    | 139000    |
| train/                |           |
|    entropy_loss       | -80.1     |
|    explained_variance | 0         |
|    learning_rate      | 0.0004    |
|    n_updates          | 13899     |
|    policy_loss        | 5.2e+08   |
|    reward             | 1233341.4 |
|    std                | 0.942     |
|    value_loss         | 5.21e+13  |
-------------------------------------
-------------------------------------
| time/                 |           |
|    fps                | 418       |
|    iterations         | 14000     |
|    time_elapsed       | 334       |
|    total_timesteps    | 140000    |
| train/                |           |
|    entropy_loss       | -80.1     |
|    explained_variance | 0         |
|    learning_rate      | 0.0004    |
|    n_updates          | 13999     |
|    policy_loss        | 1.16e+09  |
|    reward             | 2737441.5 |
|    std                | 0.941     |
|    value_loss         | 2.7e+14   |
-------------------------------------
=================================
begin_total_asset:1000000
end_total_asset:3021294.8414816647
Sharpe:  0.8405439625043691
=================================
-------------------------------------
| time/                 |           |
|    fps                | 418       |
|    iterations         | 14100     |
|    time_elapsed       | 337       |
|    total_timesteps    | 141000    |
| train/                |           |
|    entropy_loss       | -80.1     |
|    explained_variance | 1.79e-07  |
|    learning_rate      | 0.0004    |
|    n_updates          | 14099     |
|    policy_loss        | 5.21e+08  |
|    reward             | 1212123.9 |
|    std                | 0.941     |
|    value_loss         | 5.05e+13  |
-------------------------------------
-------------------------------------
| time/                 |           |
|    fps                | 418       |
|    iterations         | 14200     |
|    time_elapsed       | 339       |
|    total_timesteps    | 142000    |
| train/                |           |
|    entropy_loss       | -80       |
|    explained_variance | -1.19e-07 |
|    learning_rate      | 0.0004    |
|    n_updates          | 14199     |
|    policy_loss        | 1.18e+09  |
|    reward             | 2768370.2 |
|    std                | 0.941     |
|    value_loss         | 2.71e+14  |
-------------------------------------
=================================
begin_total_asset:1000000
end_total_asset:3085773.9675077805
Sharpe:  0.8495574826647352
=================================
-------------------------------------
| time/                 |           |
|    fps                | 418       |
|    iterations         | 14300     |
|    time_elapsed       | 341       |
|    total_timesteps    | 143000    |
| train/                |           |
|    entropy_loss       | -80       |
|    explained_variance | 0         |
|    learning_rate      | 0.0004    |
|    n_updates          | 14299     |
|    policy_loss        | 5.17e+08  |
|    reward             | 1189300.6 |
|    std                | 0.94      |
|    value_loss         | 5.04e+13  |
-------------------------------------
-------------------------------------
| time/                 |           |
|    fps                | 418       |
|    iterations         | 14400     |
|    time_elapsed       | 344       |
|    total_timesteps    | 144000    |
| train/                |           |
|    entropy_loss       | -80       |
|    explained_variance | 0         |
|    learning_rate      | 0.0004    |
|    n_updates          | 14399     |
|    policy_loss        | 1.11e+09  |
|    reward             | 2681478.0 |
|    std                | 0.939     |
|    value_loss         | 2.36e+14  |
-------------------------------------
=================================
begin_total_asset:1000000
end_total_asset:3042314.0591378305
Sharpe:  0.8462259857820007
=================================
-------------------------------------
| time/                 |           |
|    fps                | 418       |
|    iterations         | 14500     |
|    time_elapsed       | 346       |
|    total_timesteps    | 145000    |
| train/                |           |
|    entropy_loss       | -79.9     |
|    explained_variance | -1.19e-07 |
|    learning_rate      | 0.0004    |
|    n_updates          | 14499     |
|    policy_loss        | 5.22e+08  |
|    reward             | 1197041.0 |
|    std                | 0.938     |
|    value_loss         | 5.11e+13  |
-------------------------------------
-------------------------------------
| time/                 |           |
|    fps                | 418       |
|    iterations         | 14600     |
|    time_elapsed       | 348       |
|    total_timesteps    | 146000    |
| train/                |           |
|    entropy_loss       | -79.8     |
|    explained_variance | -1.19e-07 |
|    learning_rate      | 0.0004    |
|    n_updates          | 14599     |
|    policy_loss        | 1.09e+09  |
|    reward             | 2731825.0 |
|    std                | 0.937     |
|    value_loss         | 2.45e+14  |
-------------------------------------
=================================
begin_total_asset:1000000
end_total_asset:3253526.739633487
Sharpe:  0.8907978121104888
=================================
-------------------------------------
| time/                 |           |
|    fps                | 418       |
|    iterations         | 14700     |
|    time_elapsed       | 351       |
|    total_timesteps    | 147000    |
| train/                |           |
|    entropy_loss       | -79.9     |
|    explained_variance | -2.38e-07 |
|    learning_rate      | 0.0004    |
|    n_updates          | 14699     |
|    policy_loss        | 4.85e+08  |
|    reward             | 1181638.5 |
|    std                | 0.937     |
|    value_loss         | 4.76e+13  |
-------------------------------------
-------------------------------------
| time/                 |           |
|    fps                | 418       |
|    iterations         | 14800     |
|    time_elapsed       | 353       |
|    total_timesteps    | 148000    |
| train/                |           |
|    entropy_loss       | -79.8     |
|    explained_variance | 0         |
|    learning_rate      | 0.0004    |
|    n_updates          | 14799     |
|    policy_loss        | 1.07e+09  |
|    reward             | 2536612.8 |
|    std                | 0.936     |
|    value_loss         | 2.37e+14  |
-------------------------------------
=================================
begin_total_asset:1000000
end_total_asset:3103024.468335324
Sharpe:  0.8509571428313262
=================================
-------------------------------------
| time/                 |           |
|    fps                | 418       |
|    iterations         | 14900     |
|    time_elapsed       | 356       |
|    total_timesteps    | 149000    |
| train/                |           |
|    entropy_loss       | -79.7     |
|    explained_variance | 1.19e-07  |
|    learning_rate      | 0.0004    |
|    n_updates          | 14899     |
|    policy_loss        | 4.81e+08  |
|    reward             | 1162320.2 |
|    std                | 0.936     |
|    value_loss         | 4.73e+13  |
-------------------------------------
-------------------------------------
| time/                 |           |
|    fps                | 418       |
|    iterations         | 15000     |
|    time_elapsed       | 358       |
|    total_timesteps    | 150000    |
| train/                |           |
|    entropy_loss       | -79.7     |
|    explained_variance | 1.79e-07  |
|    learning_rate      | 0.0004    |
|    n_updates          | 14999     |
|    policy_loss        | 1.13e+09  |
|    reward             | 2573880.2 |
|    std                | 0.935     |
|    value_loss         | 2.53e+14  |
-------------------------------------
=================================
begin_total_asset:1000000
end_total_asset:3142728.9363480937
Sharpe:  0.8676728571238623
=================================
-------------------------------------
| time/                 |           |
|    fps                | 418       |
|    iterations         | 15100     |
|    time_elapsed       | 360       |
|    total_timesteps    | 151000    |
| train/                |           |
|    entropy_loss       | -79.7     |
|    explained_variance | 1.19e-07  |
|    learning_rate      | 0.0004    |
|    n_updates          | 15099     |
|    policy_loss        | 4.78e+08  |
|    reward             | 1149416.4 |
|    std                | 0.935     |
|    value_loss         | 4.51e+13  |
-------------------------------------
-------------------------------------
| time/                 |           |
|    fps                | 418       |
|    iterations         | 15200     |
|    time_elapsed       | 363       |
|    total_timesteps    | 152000    |
| train/                |           |
|    entropy_loss       | -79.7     |
|    explained_variance | 0         |
|    learning_rate      | 0.0004    |
|    n_updates          | 15199     |
|    policy_loss        | 1.12e+09  |
|    reward             | 2698749.8 |
|    std                | 0.935     |
|    value_loss         | 2.53e+14  |
-------------------------------------
=================================
begin_total_asset:1000000
end_total_asset:3173201.2679996053
Sharpe:  0.8680808689196093
=================================
-------------------------------------
| time/                 |           |
|    fps                | 418       |
|    iterations         | 15300     |
|    time_elapsed       | 365       |
|    total_timesteps    | 153000    |
| train/                |           |
|    entropy_loss       | -79.7     |
|    explained_variance | 0         |
|    learning_rate      | 0.0004    |
|    n_updates          | 15299     |
|    policy_loss        | 4.59e+08  |
|    reward             | 1115152.8 |
|    std                | 0.935     |
|    value_loss         | 4.52e+13  |
-------------------------------------
-------------------------------------
| time/                 |           |
|    fps                | 418       |
|    iterations         | 15400     |
|    time_elapsed       | 368       |
|    total_timesteps    | 154000    |
| train/                |           |
|    entropy_loss       | -79.7     |
|    explained_variance | 1.79e-07  |
|    learning_rate      | 0.0004    |
|    n_updates          | 15399     |
|    policy_loss        | 1.04e+09  |
|    reward             | 2510793.0 |
|    std                | 0.935     |
|    value_loss         | 2.08e+14  |
-------------------------------------
=================================
begin_total_asset:1000000
end_total_asset:3108327.217675166
Sharpe:  0.8614386767518173
=================================
-------------------------------------
| time/                 |           |
|    fps                | 418       |
|    iterations         | 15500     |
|    time_elapsed       | 370       |
|    total_timesteps    | 155000    |
| train/                |           |
|    entropy_loss       | -79.7     |
|    explained_variance | 0         |
|    learning_rate      | 0.0004    |
|    n_updates          | 15499     |
|    policy_loss        | 4.81e+08  |
|    reward             | 1116175.9 |
|    std                | 0.935     |
|    value_loss         | 4.53e+13  |
-------------------------------------
-------------------------------------
| time/                 |           |
|    fps                | 418       |
|    iterations         | 15600     |
|    time_elapsed       | 372       |
|    total_timesteps    | 156000    |
| train/                |           |
|    entropy_loss       | -79.7     |
|    explained_variance | 0         |
|    learning_rate      | 0.0004    |
|    n_updates          | 15599     |
|    policy_loss        | 1.01e+09  |
|    reward             | 2608948.5 |
|    std                | 0.935     |
|    value_loss         | 2.07e+14  |
-------------------------------------
=================================
begin_total_asset:1000000
end_total_asset:3156900.3651979254
Sharpe:  0.8687486472059591
=================================
-------------------------------------
| time/                 |           |
|    fps                | 418       |
|    iterations         | 15700     |
|    time_elapsed       | 375       |
|    total_timesteps    | 157000    |
| train/                |           |
|    entropy_loss       | -79.7     |
|    explained_variance | -1.19e-07 |
|    learning_rate      | 0.0004    |
|    n_updates          | 15699     |
|    policy_loss        | 4.59e+08  |
|    reward             | 1126223.0 |
|    std                | 0.935     |
|    value_loss         | 4.31e+13  |
-------------------------------------
-------------------------------------
| time/                 |           |
|    fps                | 418       |
|    iterations         | 15800     |
|    time_elapsed       | 377       |
|    total_timesteps    | 158000    |
| train/                |           |
|    entropy_loss       | -79.7     |
|    explained_variance | 1.19e-07  |
|    learning_rate      | 0.0004    |
|    n_updates          | 15799     |
|    policy_loss        | 9.51e+08  |
|    reward             | 2288885.2 |
|    std                | 0.935     |
|    value_loss         | 1.93e+14  |
-------------------------------------
=================================
begin_total_asset:1000000
end_total_asset:2982276.058592912
Sharpe:  0.8308333310227453
=================================
-------------------------------------
| time/                 |           |
|    fps                | 418       |
|    iterations         | 15900     |
|    time_elapsed       | 380       |
|    total_timesteps    | 159000    |
| train/                |           |
|    entropy_loss       | -79.7     |
|    explained_variance | 0         |
|    learning_rate      | 0.0004    |
|    n_updates          | 15899     |
|    policy_loss        | 4.6e+08   |
|    reward             | 1110249.1 |
|    std                | 0.935     |
|    value_loss         | 4.42e+13  |
-------------------------------------
-------------------------------------
| time/                 |           |
|    fps                | 418       |
|    iterations         | 16000     |
|    time_elapsed       | 382       |
|    total_timesteps    | 160000    |
| train/                |           |
|    entropy_loss       | -79.7     |
|    explained_variance | 1.19e-07  |
|    learning_rate      | 0.0004    |
|    n_updates          | 15999     |
|    policy_loss        | 9.79e+08  |
|    reward             | 2337722.5 |
|    std                | 0.935     |
|    value_loss         | 1.88e+14  |
-------------------------------------
=================================
begin_total_asset:1000000
end_total_asset:3068084.475679825
Sharpe:  0.8440216061236735
=================================
-------------------------------------
| time/                 |           |
|    fps                | 418       |
|    iterations         | 16100     |
|    time_elapsed       | 384       |
|    total_timesteps    | 161000    |
| train/                |           |
|    entropy_loss       | -79.7     |
|    explained_variance | 0         |
|    learning_rate      | 0.0004    |
|    n_updates          | 16099     |
|    policy_loss        | 4.66e+08  |
|    reward             | 1108496.5 |
|    std                | 0.935     |
|    value_loss         | 4.35e+13  |
-------------------------------------
-------------------------------------
| time/                 |           |
|    fps                | 418       |
|    iterations         | 16200     |
|    time_elapsed       | 387       |
|    total_timesteps    | 162000    |
| train/                |           |
|    entropy_loss       | -79.7     |
|    explained_variance | 0         |
|    learning_rate      | 0.0004    |
|    n_updates          | 16199     |
|    policy_loss        | 9.39e+08  |
|    reward             | 2234162.5 |
|    std                | 0.934     |
|    value_loss         | 1.76e+14  |
-------------------------------------
=================================
begin_total_asset:1000000
end_total_asset:3053289.327890746
Sharpe:  0.84427355565457
=================================
-------------------------------------
| time/                 |           |
|    fps                | 418       |
|    iterations         | 16300     |
|    time_elapsed       | 389       |
|    total_timesteps    | 163000    |
| train/                |           |
|    entropy_loss       | -79.6     |
|    explained_variance | 0         |
|    learning_rate      | 0.0004    |
|    n_updates          | 16299     |
|    policy_loss        | 4.84e+08  |
|    reward             | 1105670.2 |
|    std                | 0.934     |
|    value_loss         | 4.2e+13   |
-------------------------------------
-------------------------------------
| time/                 |           |
|    fps                | 418       |
|    iterations         | 16400     |
|    time_elapsed       | 391       |
|    total_timesteps    | 164000    |
| train/                |           |
|    entropy_loss       | -79.6     |
|    explained_variance | 1.19e-07  |
|    learning_rate      | 0.0004    |
|    n_updates          | 16399     |
|    policy_loss        | 9.56e+08  |
|    reward             | 2289001.5 |
|    std                | 0.934     |
|    value_loss         | 1.85e+14  |
-------------------------------------
=================================
begin_total_asset:1000000
end_total_asset:3101457.7144175214
Sharpe:  0.8546976923131004
=================================
-------------------------------------
| time/                 |           |
|    fps                | 418       |
|    iterations         | 16500     |
|    time_elapsed       | 394       |
|    total_timesteps    | 165000    |
| train/                |           |
|    entropy_loss       | -79.6     |
|    explained_variance | 0         |
|    learning_rate      | 0.0004    |
|    n_updates          | 16499     |
|    policy_loss        | 4.47e+08  |
|    reward             | 1081144.0 |
|    std                | 0.933     |
|    value_loss         | 4.15e+13  |
-------------------------------------
-------------------------------------
| time/                 |           |
|    fps                | 418       |
|    iterations         | 16600     |
|    time_elapsed       | 396       |
|    total_timesteps    | 166000    |
| train/                |           |
|    entropy_loss       | -79.6     |
|    explained_variance | 0         |
|    learning_rate      | 0.0004    |
|    n_updates          | 16599     |
|    policy_loss        | 9e+08     |
|    reward             | 2253510.8 |
|    std                | 0.933     |
|    value_loss         | 1.77e+14  |
-------------------------------------
=================================
begin_total_asset:1000000
end_total_asset:3025707.743881777
Sharpe:  0.8388515380537561
=================================
-------------------------------------
| time/                 |           |
|    fps                | 418       |
|    iterations         | 16700     |
|    time_elapsed       | 399       |
|    total_timesteps    | 167000    |
| train/                |           |
|    entropy_loss       | -79.6     |
|    explained_variance | 0         |
|    learning_rate      | 0.0004    |
|    n_updates          | 16699     |
|    policy_loss        | 4.47e+08  |
|    reward             | 1078029.8 |
|    std                | 0.933     |
|    value_loss         | 4.05e+13  |
-------------------------------------
-------------------------------------
| time/                 |           |
|    fps                | 418       |
|    iterations         | 16800     |
|    time_elapsed       | 401       |
|    total_timesteps    | 168000    |
| train/                |           |
|    entropy_loss       | -79.6     |
|    explained_variance | 0         |
|    learning_rate      | 0.0004    |
|    n_updates          | 16799     |
|    policy_loss        | 9.54e+08  |
|    reward             | 2286492.0 |
|    std                | 0.933     |
|    value_loss         | 1.8e+14   |
-------------------------------------
=================================
begin_total_asset:1000000
end_total_asset:3089976.535430835
Sharpe:  0.8498340344167451
=================================
-------------------------------------
| time/                 |           |
|    fps                | 418       |
|    iterations         | 16900     |
|    time_elapsed       | 404       |
|    total_timesteps    | 169000    |
| train/                |           |
|    entropy_loss       | -79.5     |
|    explained_variance | 5.96e-08  |
|    learning_rate      | 0.0004    |
|    n_updates          | 16899     |
|    policy_loss        | 4.57e+08  |
|    reward             | 1068136.6 |
|    std                | 0.932     |
|    value_loss         | 4.04e+13  |
-------------------------------------
-------------------------------------
| time/                 |           |
|    fps                | 418       |
|    iterations         | 17000     |
|    time_elapsed       | 406       |
|    total_timesteps    | 170000    |
| train/                |           |
|    entropy_loss       | -79.5     |
|    explained_variance | -1.19e-07 |
|    learning_rate      | 0.0004    |
|    n_updates          | 16999     |
|    policy_loss        | 9.38e+08  |
|    reward             | 2294956.2 |
|    std                | 0.933     |
|    value_loss         | 1.76e+14  |
-------------------------------------
=================================
begin_total_asset:1000000
end_total_asset:3164465.912260994
Sharpe:  0.8672108443564481
=================================
-------------------------------------
| time/                 |           |
|    fps                | 418       |
|    iterations         | 17100     |
|    time_elapsed       | 408       |
|    total_timesteps    | 171000    |
| train/                |           |
|    entropy_loss       | -79.5     |
|    explained_variance | 1.19e-07  |
|    learning_rate      | 0.0004    |
|    n_updates          | 17099     |
|    policy_loss        | 4.64e+08  |
|    reward             | 1061713.4 |
|    std                | 0.932     |
|    value_loss         | 4.03e+13  |
-------------------------------------
-------------------------------------
| time/                 |           |
|    fps                | 418       |
|    iterations         | 17200     |
|    time_elapsed       | 411       |
|    total_timesteps    | 172000    |
| train/                |           |
|    entropy_loss       | -79.5     |
|    explained_variance | 1.19e-07  |
|    learning_rate      | 0.0004    |
|    n_updates          | 17199     |
|    policy_loss        | 9.03e+08  |
|    reward             | 2187599.2 |
|    std                | 0.932     |
|    value_loss         | 1.63e+14  |
-------------------------------------
=================================
begin_total_asset:1000000
end_total_asset:3293233.8181550135
Sharpe:  0.8937056601739818
=================================
-------------------------------------
| time/                 |           |
|    fps                | 418       |
|    iterations         | 17300     |
|    time_elapsed       | 413       |
|    total_timesteps    | 173000    |
| train/                |           |
|    entropy_loss       | -79.4     |
|    explained_variance | -1.19e-07 |
|    learning_rate      | 0.0004    |
|    n_updates          | 17299     |
|    policy_loss        | 4.79e+08  |
|    reward             | 1052194.2 |
|    std                | 0.931     |
|    value_loss         | 4e+13     |
-------------------------------------
-------------------------------------
| time/                 |           |
|    fps                | 418       |
|    iterations         | 17400     |
|    time_elapsed       | 415       |
|    total_timesteps    | 174000    |
| train/                |           |
|    entropy_loss       | -79.4     |
|    explained_variance | 1.19e-07  |
|    learning_rate      | 0.0004    |
|    n_updates          | 17399     |
|    policy_loss        | 9.33e+08  |
|    reward             | 2240583.5 |
|    std                | 0.93      |
|    value_loss         | 1.72e+14  |
-------------------------------------
=================================
begin_total_asset:1000000
end_total_asset:3403089.0312791015
Sharpe:  0.9123536240958537
=================================
--------------------------------------
| time/                 |            |
|    fps                | 418        |
|    iterations         | 17500      |
|    time_elapsed       | 418        |
|    total_timesteps    | 175000     |
| train/                |            |
|    entropy_loss       | -79.3      |
|    explained_variance | 1.19e-07   |
|    learning_rate      | 0.0004     |
|    n_updates          | 17499      |
|    policy_loss        | 4.32e+08   |
|    reward             | 1045355.25 |
|    std                | 0.93       |
|    value_loss         | 3.88e+13   |
--------------------------------------
-------------------------------------
| time/                 |           |
|    fps                | 418       |
|    iterations         | 17600     |
|    time_elapsed       | 420       |
|    total_timesteps    | 176000    |
| train/                |           |
|    entropy_loss       | -79.3     |
|    explained_variance | 0         |
|    learning_rate      | 0.0004    |
|    n_updates          | 17599     |
|    policy_loss        | 9.29e+08  |
|    reward             | 2116719.8 |
|    std                | 0.928     |
|    value_loss         | 1.62e+14  |
-------------------------------------
=================================
begin_total_asset:1000000
end_total_asset:3207181.4646985135
Sharpe:  0.8746983656180837
=================================
-------------------------------------
| time/                 |           |
|    fps                | 418       |
|    iterations         | 17700     |
|    time_elapsed       | 423       |
|    total_timesteps    | 177000    |
| train/                |           |
|    entropy_loss       | -79.3     |
|    explained_variance | 0         |
|    learning_rate      | 0.0004    |
|    n_updates          | 17699     |
|    policy_loss        | 4.25e+08  |
|    reward             | 1049132.9 |
|    std                | 0.928     |
|    value_loss         | 3.72e+13  |
-------------------------------------
-------------------------------------
| time/                 |           |
|    fps                | 418       |
|    iterations         | 17800     |
|    time_elapsed       | 425       |
|    total_timesteps    | 178000    |
| train/                |           |
|    entropy_loss       | -79.2     |
|    explained_variance | 0         |
|    learning_rate      | 0.0004    |
|    n_updates          | 17799     |
|    policy_loss        | 9.26e+08  |
|    reward             | 2149087.2 |
|    std                | 0.927     |
|    value_loss         | 1.59e+14  |
-------------------------------------
=================================
begin_total_asset:1000000
end_total_asset:3202794.1090585403
Sharpe:  0.8732011625174942
=================================
--------------------------------------
| time/                 |            |
|    fps                | 418        |
|    iterations         | 17900      |
|    time_elapsed       | 427        |
|    total_timesteps    | 179000     |
| train/                |            |
|    entropy_loss       | -79.2      |
|    explained_variance | 0          |
|    learning_rate      | 0.0004     |
|    n_updates          | 17899      |
|    policy_loss        | 4.16e+08   |
|    reward             | 1014094.56 |
|    std                | 0.927      |
|    value_loss         | 3.65e+13   |
--------------------------------------
-------------------------------------
| time/                 |           |
|    fps                | 418       |
|    iterations         | 18000     |
|    time_elapsed       | 430       |
|    total_timesteps    | 180000    |
| train/                |           |
|    entropy_loss       | -79.1     |
|    explained_variance | -1.19e-07 |
|    learning_rate      | 0.0004    |
|    n_updates          | 17999     |
|    policy_loss        | 8.5e+08   |
|    reward             | 2104713.0 |
|    std                | 0.926     |
|    value_loss         | 1.52e+14  |
-------------------------------------
=================================
begin_total_asset:1000000
end_total_asset:3205745.487602522
Sharpe:  0.8745563097358201
=================================
-------------------------------------
| time/                 |           |
|    fps                | 418       |
|    iterations         | 18100     |
|    time_elapsed       | 432       |
|    total_timesteps    | 181000    |
| train/                |           |
|    entropy_loss       | -79.1     |
|    explained_variance | 1.19e-07  |
|    learning_rate      | 0.0004    |
|    n_updates          | 18099     |
|    policy_loss        | 1.33e+09  |
|    reward             | 1007794.0 |
|    std                | 0.926     |
|    value_loss         | 3.74e+14  |
-------------------------------------
-------------------------------------
| time/                 |           |
|    fps                | 418       |
|    iterations         | 18200     |
|    time_elapsed       | 434       |
|    total_timesteps    | 182000    |
| train/                |           |
|    entropy_loss       | -79.1     |
|    explained_variance | 0         |
|    learning_rate      | 0.0004    |
|    n_updates          | 18199     |
|    policy_loss        | 9.06e+08  |
|    reward             | 2125389.0 |
|    std                | 0.927     |
|    value_loss         | 1.52e+14  |
-------------------------------------
-------------------------------------
| time/                 |           |
|    fps                | 418       |
|    iterations         | 18300     |
|    time_elapsed       | 437       |
|    total_timesteps    | 183000    |
| train/                |           |
|    entropy_loss       | -79.2     |
|    explained_variance | -1.19e-07 |
|    learning_rate      | 0.0004    |
|    n_updates          | 18299     |
|    policy_loss        | 1.46e+09  |
|    reward             | 3267510.5 |
|    std                | 0.927     |
|    value_loss         | 4.14e+14  |
-------------------------------------
=================================
begin_total_asset:1000000
end_total_asset:3267510.609649116
Sharpe:  0.887047756888285
=================================
-------------------------------------
| time/                 |           |
|    fps                | 418       |
|    iterations         | 18400     |
|    time_elapsed       | 439       |
|    total_timesteps    | 184000    |
| train/                |           |
|    entropy_loss       | -79.2     |
|    explained_variance | 1.19e-07  |
|    learning_rate      | 0.0004    |
|    n_updates          | 18399     |
|    policy_loss        | 8.46e+08  |
|    reward             | 2006792.4 |
|    std                | 0.927     |
|    value_loss         | 1.43e+14  |
-------------------------------------
-------------------------------------
| time/                 |           |
|    fps                | 418       |
|    iterations         | 18500     |
|    time_elapsed       | 441       |
|    total_timesteps    | 185000    |
| train/                |           |
|    entropy_loss       | -79.1     |
|    explained_variance | 1.19e-07  |
|    learning_rate      | 0.0004    |
|    n_updates          | 18499     |
|    policy_loss        | 1.44e+09  |
|    reward             | 3300518.8 |
|    std                | 0.927     |
|    value_loss         | 3.91e+14  |
-------------------------------------
=================================
begin_total_asset:1000000
end_total_asset:3210745.4143852955
Sharpe:  0.8753560243589892
=================================
-------------------------------------
| time/                 |           |
|    fps                | 418       |
|    iterations         | 18600     |
|    time_elapsed       | 444       |
|    total_timesteps    | 186000    |
| train/                |           |
|    entropy_loss       | -79.1     |
|    explained_variance | -1.19e-07 |
|    learning_rate      | 0.0004    |
|    n_updates          | 18599     |
|    policy_loss        | 8.34e+08  |
|    reward             | 2027592.4 |
|    std                | 0.926     |
|    value_loss         | 1.35e+14  |
-------------------------------------
-------------------------------------
| time/                 |           |
|    fps                | 418       |
|    iterations         | 18700     |
|    time_elapsed       | 446       |
|    total_timesteps    | 187000    |
| train/                |           |
|    entropy_loss       | -79.1     |
|    explained_variance | -1.19e-07 |
|    learning_rate      | 0.0004    |
|    n_updates          | 18699     |
|    policy_loss        | 1.38e+09  |
|    reward             | 3354736.0 |
|    std                | 0.926     |
|    value_loss         | 3.87e+14  |
-------------------------------------
=================================
begin_total_asset:1000000
end_total_asset:3209007.53014526
Sharpe:  0.8750628867833014
=================================
-------------------------------------
| time/                 |           |
|    fps                | 418       |
|    iterations         | 18800     |
|    time_elapsed       | 449       |
|    total_timesteps    | 188000    |
| train/                |           |
|    entropy_loss       | -79.1     |
|    explained_variance | 5.96e-08  |
|    learning_rate      | 0.0004    |
|    n_updates          | 18799     |
|    policy_loss        | 7.49e+08  |
|    reward             | 1952351.4 |
|    std                | 0.926     |
|    value_loss         | 1.18e+14  |
-------------------------------------
-------------------------------------
| time/                 |           |
|    fps                | 418       |
|    iterations         | 18900     |
|    time_elapsed       | 451       |
|    total_timesteps    | 189000    |
| train/                |           |
|    entropy_loss       | -79.1     |
|    explained_variance | 0         |
|    learning_rate      | 0.0004    |
|    n_updates          | 18899     |
|    policy_loss        | 1.46e+09  |
|    reward             | 3354654.8 |
|    std                | 0.926     |
|    value_loss         | 3.92e+14  |
-------------------------------------
=================================
begin_total_asset:1000000
end_total_asset:3250520.9170142887
Sharpe:  0.8824818151427469
=================================
-------------------------------------
| time/                 |           |
|    fps                | 418       |
|    iterations         | 19000     |
|    time_elapsed       | 454       |
|    total_timesteps    | 190000    |
| train/                |           |
|    entropy_loss       | -79.1     |
|    explained_variance | -1.19e-07 |
|    learning_rate      | 0.0004    |
|    n_updates          | 18999     |
|    policy_loss        | 7.67e+08  |
|    reward             | 1778893.5 |
|    std                | 0.927     |
|    value_loss         | 1.22e+14  |
-------------------------------------
-------------------------------------
| time/                 |           |
|    fps                | 418       |
|    iterations         | 19100     |
|    time_elapsed       | 456       |
|    total_timesteps    | 191000    |
| train/                |           |
|    entropy_loss       | -79.1     |
|    explained_variance | 1.19e-07  |
|    learning_rate      | 0.0004    |
|    n_updates          | 19099     |
|    policy_loss        | 1.42e+09  |
|    reward             | 3207231.8 |
|    std                | 0.927     |
|    value_loss         | 3.69e+14  |
-------------------------------------
=================================
begin_total_asset:1000000
end_total_asset:3184599.7172566117
Sharpe:  0.8694366053057011
=================================
-------------------------------------
| time/                 |           |
|    fps                | 418       |
|    iterations         | 19200     |
|    time_elapsed       | 458       |
|    total_timesteps    | 192000    |
| train/                |           |
|    entropy_loss       | -79.1     |
|    explained_variance | 5.96e-08  |
|    learning_rate      | 0.0004    |
|    n_updates          | 19199     |
|    policy_loss        | 7.39e+08  |
|    reward             | 1855380.2 |
|    std                | 0.926     |
|    value_loss         | 1.18e+14  |
-------------------------------------
-------------------------------------
| time/                 |           |
|    fps                | 418       |
|    iterations         | 19300     |
|    time_elapsed       | 461       |
|    total_timesteps    | 193000    |
| train/                |           |
|    entropy_loss       | -79.1     |
|    explained_variance | -1.19e-07 |
|    learning_rate      | 0.0004    |
|    n_updates          | 19299     |
|    policy_loss        | 1.41e+09  |
|    reward             | 3369451.2 |
|    std                | 0.925     |
|    value_loss         | 4.01e+14  |
-------------------------------------
=================================
begin_total_asset:1000000
end_total_asset:3334416.189344668
Sharpe:  0.9015543720154677
=================================
-------------------------------------
| time/                 |           |
|    fps                | 418       |
|    iterations         | 19400     |
|    time_elapsed       | 463       |
|    total_timesteps    | 194000    |
| train/                |           |
|    entropy_loss       | -79       |
|    explained_variance | 5.96e-08  |
|    learning_rate      | 0.0004    |
|    n_updates          | 19399     |
|    policy_loss        | 8.09e+08  |
|    reward             | 1859630.4 |
|    std                | 0.924     |
|    value_loss         | 1.25e+14  |
-------------------------------------
-------------------------------------
| time/                 |           |
|    fps                | 418       |
|    iterations         | 19500     |
|    time_elapsed       | 466       |
|    total_timesteps    | 195000    |
| train/                |           |
|    entropy_loss       | -79       |
|    explained_variance | 0         |
|    learning_rate      | 0.0004    |
|    n_updates          | 19499     |
|    policy_loss        | 1.35e+09  |
|    reward             | 3289226.2 |
|    std                | 0.924     |
|    value_loss         | 3.67e+14  |
-------------------------------------
=================================
begin_total_asset:1000000
end_total_asset:3294156.028038066
Sharpe:  0.8901314404943377
=================================
-------------------------------------
| time/                 |           |
|    fps                | 418       |
|    iterations         | 19600     |
|    time_elapsed       | 468       |
|    total_timesteps    | 196000    |
| train/                |           |
|    entropy_loss       | -79       |
|    explained_variance | -1.19e-07 |
|    learning_rate      | 0.0004    |
|    n_updates          | 19599     |
|    policy_loss        | 8.01e+08  |
|    reward             | 1836461.2 |
|    std                | 0.924     |
|    value_loss         | 1.31e+14  |
-------------------------------------
-------------------------------------
| time/                 |           |
|    fps                | 418       |
|    iterations         | 19700     |
|    time_elapsed       | 470       |
|    total_timesteps    | 197000    |
| train/                |           |
|    entropy_loss       | -79       |
|    explained_variance | -1.19e-07 |
|    learning_rate      | 0.0004    |
|    n_updates          | 19699     |
|    policy_loss        | 1.36e+09  |
|    reward             | 3176512.0 |
|    std                | 0.924     |
|    value_loss         | 3.63e+14  |
-------------------------------------
=================================
begin_total_asset:1000000
end_total_asset:3254649.17469154
Sharpe:  0.8843865477888772
=================================
-------------------------------------
| time/                 |           |
|    fps                | 418       |
|    iterations         | 19800     |
|    time_elapsed       | 473       |
|    total_timesteps    | 198000    |
| train/                |           |
|    entropy_loss       | -79       |
|    explained_variance | 0         |
|    learning_rate      | 0.0004    |
|    n_updates          | 19799     |
|    policy_loss        | 7.39e+08  |
|    reward             | 1813731.4 |
|    std                | 0.924     |
|    value_loss         | 1.15e+14  |
-------------------------------------
-------------------------------------
| time/                 |           |
|    fps                | 418       |
|    iterations         | 19900     |
|    time_elapsed       | 475       |
|    total_timesteps    | 199000    |
| train/                |           |
|    entropy_loss       | -78.9     |
|    explained_variance | -1.19e-07 |
|    learning_rate      | 0.0004    |
|    n_updates          | 19899     |
|    policy_loss        | 1.22e+09  |
|    reward             | 3005719.2 |
|    std                | 0.923     |
|    value_loss         | 2.94e+14  |
-------------------------------------
=================================
begin_total_asset:1000000
end_total_asset:3060629.764162689
Sharpe:  0.8454820036830597
=================================
-------------------------------------
| time/                 |           |
|    fps                | 418       |
|    iterations         | 20000     |
|    time_elapsed       | 478       |
|    total_timesteps    | 200000    |
| train/                |           |
|    entropy_loss       | -78.9     |
|    explained_variance | 0         |
|    learning_rate      | 0.0004    |
|    n_updates          | 19999     |
|    policy_loss        | 7.15e+08  |
|    reward             | 1835064.0 |
|    std                | 0.923     |
|    value_loss         | 1.12e+14  |
-------------------------------------
-------------------------------------
| time/                 |           |
|    fps                | 418       |
|    iterations         | 20100     |
|    time_elapsed       | 480       |
|    total_timesteps    | 201000    |
| train/                |           |
|    entropy_loss       | -78.9     |
|    explained_variance | 2.38e-07  |
|    learning_rate      | 0.0004    |
|    n_updates          | 20099     |
|    policy_loss        | 1.24e+09  |
|    reward             | 2936006.2 |
|    std                | 0.922     |
|    value_loss         | 3.22e+14  |
-------------------------------------
=================================
begin_total_asset:1000000
end_total_asset:3121283.9681242825
Sharpe:  0.860603364488301
=================================
-------------------------------------
| time/                 |           |
|    fps                | 418       |
|    iterations         | 20200     |
|    time_elapsed       | 482       |
|    total_timesteps    | 202000    |
| train/                |           |
|    entropy_loss       | -78.9     |
|    explained_variance | -1.19e-07 |
|    learning_rate      | 0.0004    |
|    n_updates          | 20199     |
|    policy_loss        | 6.9e+08   |
|    reward             | 1720006.4 |
|    std                | 0.923     |
|    value_loss         | 1.02e+14  |
-------------------------------------
-------------------------------------
| time/                 |           |
|    fps                | 418       |
|    iterations         | 20300     |
|    time_elapsed       | 485       |
|    total_timesteps    | 203000    |
| train/                |           |
|    entropy_loss       | -78.8     |
|    explained_variance | 0         |
|    learning_rate      | 0.0004    |
|    n_updates          | 20299     |
|    policy_loss        | 1.24e+09  |
|    reward             | 2933722.0 |
|    std                | 0.922     |
|    value_loss         | 3.12e+14  |
-------------------------------------
=================================
begin_total_asset:1000000
end_total_asset:3118343.4866940365
Sharpe:  0.8592945983825366
=================================
-------------------------------------
| time/                 |           |
|    fps                | 418       |
|    iterations         | 20400     |
|    time_elapsed       | 487       |
|    total_timesteps    | 204000    |
| train/                |           |
|    entropy_loss       | -78.7     |
|    explained_variance | 0         |
|    learning_rate      | 0.0004    |
|    n_updates          | 20399     |
|    policy_loss        | 7.01e+08  |
|    reward             | 1704566.8 |
|    std                | 0.921     |
|    value_loss         | 9.51e+13  |
-------------------------------------
-------------------------------------
| time/                 |           |
|    fps                | 418       |
|    iterations         | 20500     |
|    time_elapsed       | 490       |
|    total_timesteps    | 205000    |
| train/                |           |
|    entropy_loss       | -78.7     |
|    explained_variance | 0         |
|    learning_rate      | 0.0004    |
|    n_updates          | 20499     |
|    policy_loss        | 1.22e+09  |
|    reward             | 2918878.8 |
|    std                | 0.92      |
|    value_loss         | 2.97e+14  |
-------------------------------------
=================================
begin_total_asset:1000000
end_total_asset:3086371.242306351
Sharpe:  0.8520648827684021
=================================
-------------------------------------
| time/                 |           |
|    fps                | 418       |
|    iterations         | 20600     |
|    time_elapsed       | 492       |
|    total_timesteps    | 206000    |
| train/                |           |
|    entropy_loss       | -78.6     |
|    explained_variance | -2.38e-07 |
|    learning_rate      | 0.0004    |
|    n_updates          | 20599     |
|    policy_loss        | 6.88e+08  |
|    reward             | 1675749.5 |
|    std                | 0.919     |
|    value_loss         | 1.03e+14  |
-------------------------------------
-------------------------------------
| time/                 |           |
|    fps                | 418       |
|    iterations         | 20700     |
|    time_elapsed       | 494       |
|    total_timesteps    | 207000    |
| train/                |           |
|    entropy_loss       | -78.6     |
|    explained_variance | -1.19e-07 |
|    learning_rate      | 0.0004    |
|    n_updates          | 20699     |
|    policy_loss        | 1.34e+09  |
|    reward             | 3065057.0 |
|    std                | 0.918     |
|    value_loss         | 3.32e+14  |
-------------------------------------
=================================
begin_total_asset:1000000
end_total_asset:3325432.368990908
Sharpe:  0.9047497796816862
=================================
-------------------------------------
| time/                 |           |
|    fps                | 418       |
|    iterations         | 20800     |
|    time_elapsed       | 497       |
|    total_timesteps    | 208000    |
| train/                |           |
|    entropy_loss       | -78.6     |
|    explained_variance | -1.19e-07 |
|    learning_rate      | 0.0004    |
|    n_updates          | 20799     |
|    policy_loss        | 6.86e+08  |
|    reward             | 1653720.0 |
|    std                | 0.918     |
|    value_loss         | 9.33e+13  |
-------------------------------------
-------------------------------------
| time/                 |           |
|    fps                | 418       |
|    iterations         | 20900     |
|    time_elapsed       | 499       |
|    total_timesteps    | 209000    |
| train/                |           |
|    entropy_loss       | -78.5     |
|    explained_variance | 0         |
|    learning_rate      | 0.0004    |
|    n_updates          | 20899     |
|    policy_loss        | 1.26e+09  |
|    reward             | 3010692.8 |
|    std                | 0.916     |
|    value_loss         | 3.27e+14  |
-------------------------------------
=================================
begin_total_asset:1000000
end_total_asset:3239518.280773997
Sharpe:  0.8885399223094788
=================================
-------------------------------------
| time/                 |           |
|    fps                | 418       |
|    iterations         | 21000     |
|    time_elapsed       | 501       |
|    total_timesteps    | 210000    |
| train/                |           |
|    entropy_loss       | -78.5     |
|    explained_variance | 0         |
|    learning_rate      | 0.0004    |
|    n_updates          | 20999     |
|    policy_loss        | 6.36e+08  |
|    reward             | 1629268.2 |
|    std                | 0.917     |
|    value_loss         | 8.43e+13  |
-------------------------------------
-------------------------------------
| time/                 |           |
|    fps                | 418       |
|    iterations         | 21100     |
|    time_elapsed       | 504       |
|    total_timesteps    | 211000    |
| train/                |           |
|    entropy_loss       | -78.4     |
|    explained_variance | 0         |
|    learning_rate      | 0.0004    |
|    n_updates          | 21099     |
|    policy_loss        | 1.26e+09  |
|    reward             | 3040503.8 |
|    std                | 0.915     |
|    value_loss         | 3.11e+14  |
-------------------------------------
=================================
begin_total_asset:1000000
end_total_asset:3202663.6259076805
Sharpe:  0.877009500148557
=================================
-------------------------------------
| time/                 |           |
|    fps                | 418       |
|    iterations         | 21200     |
|    time_elapsed       | 506       |
|    total_timesteps    | 212000    |
| train/                |           |
|    entropy_loss       | -78.4     |
|    explained_variance | 5.96e-08  |
|    learning_rate      | 0.0004    |
|    n_updates          | 21199     |
|    policy_loss        | 6.3e+08   |
|    reward             | 1505441.4 |
|    std                | 0.915     |
|    value_loss         | 8.29e+13  |
-------------------------------------
-------------------------------------
| time/                 |           |
|    fps                | 418       |
|    iterations         | 21300     |
|    time_elapsed       | 508       |
|    total_timesteps    | 213000    |
| train/                |           |
|    entropy_loss       | -78.4     |
|    explained_variance | 0         |
|    learning_rate      | 0.0004    |
|    n_updates          | 21299     |
|    policy_loss        | 1.22e+09  |
|    reward             | 2927276.0 |
|    std                | 0.915     |
|    value_loss         | 3.06e+14  |
-------------------------------------
=================================
begin_total_asset:1000000
end_total_asset:3211020.474692629
Sharpe:  0.8746090732360028
=================================
-------------------------------------
| time/                 |           |
|    fps                | 418       |
|    iterations         | 21400     |
|    time_elapsed       | 511       |
|    total_timesteps    | 214000    |
| train/                |           |
|    entropy_loss       | -78.3     |
|    explained_variance | 0         |
|    learning_rate      | 0.0004    |
|    n_updates          | 21399     |
|    policy_loss        | 5.99e+08  |
|    reward             | 1516916.6 |
|    std                | 0.914     |
|    value_loss         | 7.25e+13  |
-------------------------------------
-------------------------------------
| time/                 |           |
|    fps                | 418       |
|    iterations         | 21500     |
|    time_elapsed       | 513       |
|    total_timesteps    | 215000    |
| train/                |           |
|    entropy_loss       | -78.3     |
|    explained_variance | 1.19e-07  |
|    learning_rate      | 0.0004    |
|    n_updates          | 21499     |
|    policy_loss        | 1.2e+09   |
|    reward             | 2843104.2 |
|    std                | 0.914     |
|    value_loss         | 3.17e+14  |
-------------------------------------
=================================
begin_total_asset:1000000
end_total_asset:3143990.540281429
Sharpe:  0.8596938288383227
=================================
-------------------------------------
| time/                 |           |
|    fps                | 418       |
|    iterations         | 21600     |
|    time_elapsed       | 516       |
|    total_timesteps    | 216000    |
| train/                |           |
|    entropy_loss       | -78.3     |
|    explained_variance | 0         |
|    learning_rate      | 0.0004    |
|    n_updates          | 21599     |
|    policy_loss        | 5.54e+08  |
|    reward             | 1499204.8 |
|    std                | 0.913     |
|    value_loss         | 6.19e+13  |
-------------------------------------
-------------------------------------
| time/                 |           |
|    fps                | 418       |
|    iterations         | 21700     |
|    time_elapsed       | 518       |
|    total_timesteps    | 217000    |
| train/                |           |
|    entropy_loss       | -78.2     |
|    explained_variance | -2.38e-07 |
|    learning_rate      | 0.0004    |
|    n_updates          | 21699     |
|    policy_loss        | 1.31e+09  |
|    reward             | 3149473.0 |
|    std                | 0.913     |
|    value_loss         | 3.53e+14  |
-------------------------------------
=================================
begin_total_asset:1000000
end_total_asset:3343969.478024922
Sharpe:  0.902038186015928
=================================
-------------------------------------
| time/                 |           |
|    fps                | 418       |
|    iterations         | 21800     |
|    time_elapsed       | 520       |
|    total_timesteps    | 218000    |
| train/                |           |
|    entropy_loss       | -78.2     |
|    explained_variance | -2.38e-07 |
|    learning_rate      | 0.0004    |
|    n_updates          | 21799     |
|    policy_loss        | 6.02e+08  |
|    reward             | 1386311.4 |
|    std                | 0.913     |
|    value_loss         | 7.97e+13  |
-------------------------------------
-------------------------------------
| time/                 |           |
|    fps                | 418       |
|    iterations         | 21900     |
|    time_elapsed       | 523       |
|    total_timesteps    | 219000    |
| train/                |           |
|    entropy_loss       | -78.3     |
|    explained_variance | 0         |
|    learning_rate      | 0.0004    |
|    n_updates          | 21899     |
|    policy_loss        | 1.21e+09  |
|    reward             | 2971282.2 |
|    std                | 0.913     |
|    value_loss         | 3.11e+14  |
-------------------------------------
=================================
begin_total_asset:1000000
end_total_asset:3148620.426379235
Sharpe:  0.8643424896103282
=================================
-------------------------------------
| time/                 |           |
|    fps                | 418       |
|    iterations         | 22000     |
|    time_elapsed       | 525       |
|    total_timesteps    | 220000    |
| train/                |           |
|    entropy_loss       | -78.2     |
|    explained_variance | -1.19e-07 |
|    learning_rate      | 0.0004    |
|    n_updates          | 21999     |
|    policy_loss        | 7.14e+08  |
|    reward             | 1440763.0 |
|    std                | 0.912     |
|    value_loss         | 1.09e+14  |
-------------------------------------
-------------------------------------
| time/                 |           |
|    fps                | 418       |
|    iterations         | 22100     |
|    time_elapsed       | 528       |
|    total_timesteps    | 221000    |
| train/                |           |
|    entropy_loss       | -78.2     |
|    explained_variance | 5.96e-08  |
|    learning_rate      | 0.0004    |
|    n_updates          | 22099     |
|    policy_loss        | 1.21e+09  |
|    reward             | 3005014.2 |
|    std                | 0.912     |
|    value_loss         | 3.12e+14  |
-------------------------------------
=================================
begin_total_asset:1000000
end_total_asset:3222412.9897573595
Sharpe:  0.8789542692501972
=================================
-------------------------------------
| time/                 |           |
|    fps                | 418       |
|    iterations         | 22200     |
|    time_elapsed       | 530       |
|    total_timesteps    | 222000    |
| train/                |           |
|    entropy_loss       | -78.2     |
|    explained_variance | 1.19e-07  |
|    learning_rate      | 0.0004    |
|    n_updates          | 22199     |
|    policy_loss        | 7.3e+08   |
|    reward             | 1663062.5 |
|    std                | 0.912     |
|    value_loss         | 1.1e+14   |
-------------------------------------
-------------------------------------
| time/                 |           |
|    fps                | 418       |
|    iterations         | 22300     |
|    time_elapsed       | 532       |
|    total_timesteps    | 223000    |
| train/                |           |
|    entropy_loss       | -78.1     |
|    explained_variance | 0         |
|    learning_rate      | 0.0004    |
|    n_updates          | 22299     |
|    policy_loss        | 1.24e+09  |
|    reward             | 3076565.2 |
|    std                | 0.91      |
|    value_loss         | 3.28e+14  |
-------------------------------------
=================================
begin_total_asset:1000000
end_total_asset:3382432.1232445147
Sharpe:  0.9126529802670535
=================================
-------------------------------------
| time/                 |           |
|    fps                | 418       |
|    iterations         | 22400     |
|    time_elapsed       | 535       |
|    total_timesteps    | 224000    |
| train/                |           |
|    entropy_loss       | -78       |
|    explained_variance | 0         |
|    learning_rate      | 0.0004    |
|    n_updates          | 22399     |
|    policy_loss        | 7.42e+08  |
|    reward             | 1754469.4 |
|    std                | 0.91      |
|    value_loss         | 1.1e+14   |
-------------------------------------
-------------------------------------
| time/                 |           |
|    fps                | 418       |
|    iterations         | 22500     |
|    time_elapsed       | 537       |
|    total_timesteps    | 225000    |
| train/                |           |
|    entropy_loss       | -78       |
|    explained_variance | 0         |
|    learning_rate      | 0.0004    |
|    n_updates          | 22499     |
|    policy_loss        | 1.25e+09  |
|    reward             | 2985431.0 |
|    std                | 0.909     |
|    value_loss         | 3.04e+14  |
-------------------------------------
=================================
begin_total_asset:1000000
end_total_asset:3314209.396123742
Sharpe:  0.8948932290164973
=================================
-------------------------------------
| time/                 |           |
|    fps                | 418       |
|    iterations         | 22600     |
|    time_elapsed       | 540       |
|    total_timesteps    | 226000    |
| train/                |           |
|    entropy_loss       | -78       |
|    explained_variance | 0         |
|    learning_rate      | 0.0004    |
|    n_updates          | 22599     |
|    policy_loss        | 7.3e+08   |
|    reward             | 1751090.1 |
|    std                | 0.908     |
|    value_loss         | 1.05e+14  |
-------------------------------------
-------------------------------------
| time/                 |           |
|    fps                | 418       |
|    iterations         | 22700     |
|    time_elapsed       | 542       |
|    total_timesteps    | 227000    |
| train/                |           |
|    entropy_loss       | -77.9     |
|    explained_variance | 0         |
|    learning_rate      | 0.0004    |
|    n_updates          | 22699     |
|    policy_loss        | 1.22e+09  |
|    reward             | 2943230.0 |
|    std                | 0.908     |
|    value_loss         | 3.09e+14  |
-------------------------------------
=================================
begin_total_asset:1000000
end_total_asset:3312330.29101987
Sharpe:  0.8963124299728897
=================================
-------------------------------------
| time/                 |           |
|    fps                | 418       |
|    iterations         | 22800     |
|    time_elapsed       | 544       |
|    total_timesteps    | 228000    |
| train/                |           |
|    entropy_loss       | -77.9     |
|    explained_variance | 0         |
|    learning_rate      | 0.0004    |
|    n_updates          | 22799     |
|    policy_loss        | 6.9e+08   |
|    reward             | 1693010.2 |
|    std                | 0.908     |
|    value_loss         | 9.88e+13  |
-------------------------------------
-------------------------------------
| time/                 |           |
|    fps                | 418       |
|    iterations         | 22900     |
|    time_elapsed       | 547       |
|    total_timesteps    | 229000    |
| train/                |           |
|    entropy_loss       | -77.9     |
|    explained_variance | 5.96e-08  |
|    learning_rate      | 0.0004    |
|    n_updates          | 22899     |
|    policy_loss        | 1.15e+09  |
|    reward             | 2835978.2 |
|    std                | 0.907     |
|    value_loss         | 2.66e+14  |
-------------------------------------
=================================
begin_total_asset:1000000
end_total_asset:3243572.3311273344
Sharpe:  0.8830173522899053
=================================
-------------------------------------
| time/                 |           |
|    fps                | 418       |
|    iterations         | 23000     |
|    time_elapsed       | 549       |
|    total_timesteps    | 230000    |
| train/                |           |
|    entropy_loss       | -77.9     |
|    explained_variance | 0         |
|    learning_rate      | 0.0004    |
|    n_updates          | 22999     |
|    policy_loss        | 6.66e+08  |
|    reward             | 1702308.4 |
|    std                | 0.907     |
|    value_loss         | 9.71e+13  |
-------------------------------------
-------------------------------------
| time/                 |           |
|    fps                | 418       |
|    iterations         | 23100     |
|    time_elapsed       | 551       |
|    total_timesteps    | 231000    |
| train/                |           |
|    entropy_loss       | -77.9     |
|    explained_variance | 0         |
|    learning_rate      | 0.0004    |
|    n_updates          | 23099     |
|    policy_loss        | 1.1e+09   |
|    reward             | 2781706.0 |
|    std                | 0.907     |
|    value_loss         | 2.65e+14  |
-------------------------------------
=================================
begin_total_asset:1000000
end_total_asset:3264441.2847074238
Sharpe:  0.8846300669307684
=================================
-------------------------------------
| time/                 |           |
|    fps                | 418       |
|    iterations         | 23200     |
|    time_elapsed       | 554       |
|    total_timesteps    | 232000    |
| train/                |           |
|    entropy_loss       | -77.8     |
|    explained_variance | 0         |
|    learning_rate      | 0.0004    |
|    n_updates          | 23199     |
|    policy_loss        | 6.73e+08  |
|    reward             | 1601916.6 |
|    std                | 0.906     |
|    value_loss         | 9.14e+13  |
-------------------------------------
-------------------------------------
| time/                 |           |
|    fps                | 418       |
|    iterations         | 23300     |
|    time_elapsed       | 556       |
|    total_timesteps    | 233000    |
| train/                |           |
|    entropy_loss       | -77.8     |
|    explained_variance | 0         |
|    learning_rate      | 0.0004    |
|    n_updates          | 23299     |
|    policy_loss        | 1.04e+09  |
|    reward             | 2732541.5 |
|    std                | 0.906     |
|    value_loss         | 2.42e+14  |
-------------------------------------
=================================
begin_total_asset:1000000
end_total_asset:3290998.7554844576
Sharpe:  0.8881344666548397
=================================
-------------------------------------
| time/                 |           |
|    fps                | 418       |
|    iterations         | 23400     |
|    time_elapsed       | 559       |
|    total_timesteps    | 234000    |
| train/                |           |
|    entropy_loss       | -77.7     |
|    explained_variance | 0         |
|    learning_rate      | 0.0004    |
|    n_updates          | 23399     |
|    policy_loss        | 6.47e+08  |
|    reward             | 1623464.8 |
|    std                | 0.904     |
|    value_loss         | 8.83e+13  |
-------------------------------------
-------------------------------------
| time/                 |           |
|    fps                | 418       |
|    iterations         | 23500     |
|    time_elapsed       | 561       |
|    total_timesteps    | 235000    |
| train/                |           |
|    entropy_loss       | -77.7     |
|    explained_variance | 5.96e-08  |
|    learning_rate      | 0.0004    |
|    n_updates          | 23499     |
|    policy_loss        | 1.08e+09  |
|    reward             | 2680767.8 |
|    std                | 0.904     |
|    value_loss         | 2.47e+14  |
-------------------------------------
=================================
begin_total_asset:1000000
end_total_asset:3377058.502831932
Sharpe:  0.9031439675842338
=================================
-------------------------------------
| time/                 |           |
|    fps                | 418       |
|    iterations         | 23600     |
|    time_elapsed       | 563       |
|    total_timesteps    | 236000    |
| train/                |           |
|    entropy_loss       | -77.7     |
|    explained_variance | -1.19e-07 |
|    learning_rate      | 0.0004    |
|    n_updates          | 23599     |
|    policy_loss        | 6.17e+08  |
|    reward             | 1573936.6 |
|    std                | 0.904     |
|    value_loss         | 8.28e+13  |
-------------------------------------
-------------------------------------
| time/                 |           |
|    fps                | 418       |
|    iterations         | 23700     |
|    time_elapsed       | 566       |
|    total_timesteps    | 237000    |
| train/                |           |
|    entropy_loss       | -77.6     |
|    explained_variance | -1.19e-07 |
|    learning_rate      | 0.0004    |
|    n_updates          | 23699     |
|    policy_loss        | 1.04e+09  |
|    reward             | 2520272.5 |
|    std                | 0.903     |
|    value_loss         | 2.33e+14  |
-------------------------------------
=================================
begin_total_asset:1000000
end_total_asset:3221829.123032384
Sharpe:  0.8681367142903732
=================================
-------------------------------------
| time/                 |           |
|    fps                | 418       |
|    iterations         | 23800     |
|    time_elapsed       | 568       |
|    total_timesteps    | 238000    |
| train/                |           |
|    entropy_loss       | -77.6     |
|    explained_variance | 0         |
|    learning_rate      | 0.0004    |
|    n_updates          | 23799     |
|    policy_loss        | 6.23e+08  |
|    reward             | 1548059.5 |
|    std                | 0.904     |
|    value_loss         | 8.3e+13   |
-------------------------------------
-------------------------------------
| time/                 |           |
|    fps                | 418       |
|    iterations         | 23900     |
|    time_elapsed       | 570       |
|    total_timesteps    | 239000    |
| train/                |           |
|    entropy_loss       | -77.6     |
|    explained_variance | 0         |
|    learning_rate      | 0.0004    |
|    n_updates          | 23899     |
|    policy_loss        | 1.09e+09  |
|    reward             | 2587373.5 |
|    std                | 0.903     |
|    value_loss         | 2.53e+14  |
-------------------------------------
=================================
begin_total_asset:1000000
end_total_asset:3259717.1388881346
Sharpe:  0.8753971988791183
=================================
-------------------------------------
| time/                 |           |
|    fps                | 418       |
|    iterations         | 24000     |
|    time_elapsed       | 573       |
|    total_timesteps    | 240000    |
| train/                |           |
|    entropy_loss       | -77.6     |
|    explained_variance | 0         |
|    learning_rate      | 0.0004    |
|    n_updates          | 23999     |
|    policy_loss        | 6.31e+08  |
|    reward             | 1456138.1 |
|    std                | 0.903     |
|    value_loss         | 8.29e+13  |
-------------------------------------
-------------------------------------
| time/                 |           |
|    fps                | 418       |
|    iterations         | 24100     |
|    time_elapsed       | 575       |
|    total_timesteps    | 241000    |
| train/                |           |
|    entropy_loss       | -77.6     |
|    explained_variance | -1.19e-07 |
|    learning_rate      | 0.0004    |
|    n_updates          | 24099     |
|    policy_loss        | 1.09e+09  |
|    reward             | 2599913.5 |
|    std                | 0.903     |
|    value_loss         | 2.61e+14  |
-------------------------------------
=================================
begin_total_asset:1000000
end_total_asset:3282934.2900345395
Sharpe:  0.8828607862708993
=================================
-------------------------------------
| time/                 |           |
|    fps                | 418       |
|    iterations         | 24200     |
|    time_elapsed       | 578       |
|    total_timesteps    | 242000    |
| train/                |           |
|    entropy_loss       | -77.6     |
|    explained_variance | -1.19e-07 |
|    learning_rate      | 0.0004    |
|    n_updates          | 24199     |
|    policy_loss        | 6.03e+08  |
|    reward             | 1526579.6 |
|    std                | 0.903     |
|    value_loss         | 7.69e+13  |
-------------------------------------
-------------------------------------
| time/                 |           |
|    fps                | 418       |
|    iterations         | 24300     |
|    time_elapsed       | 580       |
|    total_timesteps    | 243000    |
| train/                |           |
|    entropy_loss       | -77.6     |
|    explained_variance | 0         |
|    learning_rate      | 0.0004    |
|    n_updates          | 24299     |
|    policy_loss        | 1.04e+09  |
|    reward             | 2633574.0 |
|    std                | 0.903     |
|    value_loss         | 2.46e+14  |
-------------------------------------
=================================
begin_total_asset:1000000
end_total_asset:3200079.7744950647
Sharpe:  0.864751916731496
=================================
-------------------------------------
| time/                 |           |
|    fps                | 418       |
|    iterations         | 24400     |
|    time_elapsed       | 582       |
|    total_timesteps    | 244000    |
| train/                |           |
|    entropy_loss       | -77.6     |
|    explained_variance | -2.38e-07 |
|    learning_rate      | 0.0004    |
|    n_updates          | 24399     |
|    policy_loss        | 5.83e+08  |
|    reward             | 1511663.5 |
|    std                | 0.902     |
|    value_loss         | 7.86e+13  |
-------------------------------------
-------------------------------------
| time/                 |           |
|    fps                | 418       |
|    iterations         | 24500     |
|    time_elapsed       | 585       |
|    total_timesteps    | 245000    |
| train/                |           |
|    entropy_loss       | -77.5     |
|    explained_variance | 1.79e-07  |
|    learning_rate      | 0.0004    |
|    n_updates          | 24499     |
|    policy_loss        | 1.09e+09  |
|    reward             | 2615274.5 |
|    std                | 0.902     |
|    value_loss         | 2.6e+14   |
-------------------------------------
=================================
begin_total_asset:1000000
end_total_asset:3182076.731704745
Sharpe:  0.8622215149730327
=================================
-------------------------------------
| time/                 |           |
|    fps                | 418       |
|    iterations         | 24600     |
|    time_elapsed       | 587       |
|    total_timesteps    | 246000    |
| train/                |           |
|    entropy_loss       | -77.5     |
|    explained_variance | 0         |
|    learning_rate      | 0.0004    |
|    n_updates          | 24599     |
|    policy_loss        | 6.37e+08  |
|    reward             | 1453303.0 |
|    std                | 0.901     |
|    value_loss         | 8.57e+13  |
-------------------------------------
-------------------------------------
| time/                 |           |
|    fps                | 418       |
|    iterations         | 24700     |
|    time_elapsed       | 590       |
|    total_timesteps    | 247000    |
| train/                |           |
|    entropy_loss       | -77.5     |
|    explained_variance | -1.19e-07 |
|    learning_rate      | 0.0004    |
|    n_updates          | 24699     |
|    policy_loss        | 1.15e+09  |
|    reward             | 2759251.0 |
|    std                | 0.902     |
|    value_loss         | 2.69e+14  |
-------------------------------------
=================================
begin_total_asset:1000000
end_total_asset:3357386.7075462877
Sharpe:  0.89995335814968
=================================
-------------------------------------
| time/                 |           |
|    fps                | 418       |
|    iterations         | 24800     |
|    time_elapsed       | 592       |
|    total_timesteps    | 248000    |
| train/                |           |
|    entropy_loss       | -77.5     |
|    explained_variance | 0         |
|    learning_rate      | 0.0004    |
|    n_updates          | 24799     |
|    policy_loss        | 6.36e+08  |
|    reward             | 1527689.0 |
|    std                | 0.902     |
|    value_loss         | 8.54e+13  |
-------------------------------------
-------------------------------------
| time/                 |           |
|    fps                | 418       |
|    iterations         | 24900     |
|    time_elapsed       | 595       |
|    total_timesteps    | 249000    |
| train/                |           |
|    entropy_loss       | -77.5     |
|    explained_variance | 0         |
|    learning_rate      | 0.0004    |
|    n_updates          | 24899     |
|    policy_loss        | 1.1e+09   |
|    reward             | 2724951.2 |
|    std                | 0.902     |
|    value_loss         | 2.51e+14  |
-------------------------------------
=================================
begin_total_asset:1000000
end_total_asset:3310985.53660697
Sharpe:  0.8908540354686972
=================================
-------------------------------------
| time/                 |           |
|    fps                | 418       |
|    iterations         | 25000     |
|    time_elapsed       | 597       |
|    total_timesteps    | 250000    |
| train/                |           |
|    entropy_loss       | -77.5     |
|    explained_variance | 0         |
|    learning_rate      | 0.0004    |
|    n_updates          | 24999     |
|    policy_loss        | 6.09e+08  |
|    reward             | 1542515.0 |
|    std                | 0.902     |
|    value_loss         | 8.16e+13  |
-------------------------------------
-------------------------------------
| time/                 |           |
|    fps                | 418       |
|    iterations         | 25100     |
|    time_elapsed       | 599       |
|    total_timesteps    | 251000    |
| train/                |           |
|    entropy_loss       | -77.6     |
|    explained_variance | -1.19e-07 |
|    learning_rate      | 0.0004    |
|    n_updates          | 25099     |
|    policy_loss        | 1.06e+09  |
|    reward             | 2659711.2 |
|    std                | 0.902     |
|    value_loss         | 2.52e+14  |
-------------------------------------
=================================
begin_total_asset:1000000
end_total_asset:3297407.9382592454
Sharpe:  0.8878316153856275
=================================
-------------------------------------
| time/                 |           |
|    fps                | 418       |
|    iterations         | 25200     |
|    time_elapsed       | 602       |
|    total_timesteps    | 252000    |
| train/                |           |
|    entropy_loss       | -77.5     |
|    explained_variance | 0         |
|    learning_rate      | 0.0004    |
|    n_updates          | 25199     |
|    policy_loss        | 6.23e+08  |
|    reward             | 1505880.0 |
|    std                | 0.902     |
|    value_loss         | 7.72e+13  |
-------------------------------------
-------------------------------------
| time/                 |           |
|    fps                | 418       |
|    iterations         | 25300     |
|    time_elapsed       | 604       |
|    total_timesteps    | 253000    |
| train/                |           |
|    entropy_loss       | -77.5     |
|    explained_variance | 0         |
|    learning_rate      | 0.0004    |
|    n_updates          | 25299     |
|    policy_loss        | 9.66e+08  |
|    reward             | 2629972.5 |
|    std                | 0.901     |
|    value_loss         | 2.28e+14  |
-------------------------------------
=================================
begin_total_asset:1000000
end_total_asset:3251572.9901990136
Sharpe:  0.8771182444944785
=================================
-------------------------------------
| time/                 |           |
|    fps                | 418       |
|    iterations         | 25400     |
|    time_elapsed       | 607       |
|    total_timesteps    | 254000    |
| train/                |           |
|    entropy_loss       | -77.4     |
|    explained_variance | -2.38e-07 |
|    learning_rate      | 0.0004    |
|    n_updates          | 25399     |
|    policy_loss        | 6.08e+08  |
|    reward             | 1488459.9 |
|    std                | 0.901     |
|    value_loss         | 7.54e+13  |
-------------------------------------
-------------------------------------
| time/                 |           |
|    fps                | 418       |
|    iterations         | 25500     |
|    time_elapsed       | 609       |
|    total_timesteps    | 255000    |
| train/                |           |
|    entropy_loss       | -77.4     |
|    explained_variance | -1.19e-07 |
|    learning_rate      | 0.0004    |
|    n_updates          | 25499     |
|    policy_loss        | 1.06e+09  |
|    reward             | 2575102.8 |
|    std                | 0.9       |
|    value_loss         | 2.27e+14  |
-------------------------------------
=================================
begin_total_asset:1000000
end_total_asset:3248606.546597522
Sharpe:  0.8789603758402776
=================================
-------------------------------------
| time/                 |           |
|    fps                | 418       |
|    iterations         | 25600     |
|    time_elapsed       | 611       |
|    total_timesteps    | 256000    |
| train/                |           |
|    entropy_loss       | -77.4     |
|    explained_variance | 1.19e-07  |
|    learning_rate      | 0.0004    |
|    n_updates          | 25599     |
|    policy_loss        | 5.98e+08  |
|    reward             | 1424084.2 |
|    std                | 0.9       |
|    value_loss         | 7.72e+13  |
-------------------------------------
-------------------------------------
| time/                 |           |
|    fps                | 418       |
|    iterations         | 25700     |
|    time_elapsed       | 614       |
|    total_timesteps    | 257000    |
| train/                |           |
|    entropy_loss       | -77.4     |
|    explained_variance | 0         |
|    learning_rate      | 0.0004    |
|    n_updates          | 25699     |
|    policy_loss        | 1.01e+09  |
|    reward             | 2462609.2 |
|    std                | 0.9       |
|    value_loss         | 2.18e+14  |
-------------------------------------
=================================
begin_total_asset:1000000
end_total_asset:3162202.000775347
Sharpe:  0.8598534835841929
=================================
-------------------------------------
| time/                 |           |
|    fps                | 418       |
|    iterations         | 25800     |
|    time_elapsed       | 616       |
|    total_timesteps    | 258000    |
| train/                |           |
|    entropy_loss       | -77.4     |
|    explained_variance | 1.19e-07  |
|    learning_rate      | 0.0004    |
|    n_updates          | 25799     |
|    policy_loss        | 5.97e+08  |
|    reward             | 1412510.9 |
|    std                | 0.9       |
|    value_loss         | 7.83e+13  |
-------------------------------------
-------------------------------------
| time/                 |           |
|    fps                | 418       |
|    iterations         | 25900     |
|    time_elapsed       | 619       |
|    total_timesteps    | 259000    |
| train/                |           |
|    entropy_loss       | -77.3     |
|    explained_variance | 5.96e-08  |
|    learning_rate      | 0.0004    |
|    n_updates          | 25899     |
|    policy_loss        | 1.02e+09  |
|    reward             | 2487389.8 |
|    std                | 0.899     |
|    value_loss         | 2.28e+14  |
-------------------------------------
=================================
begin_total_asset:1000000
end_total_asset:3233817.885482497
Sharpe:  0.8764854182019336
=================================
-------------------------------------
| time/                 |           |
|    fps                | 418       |
|    iterations         | 26000     |
|    time_elapsed       | 621       |
|    total_timesteps    | 260000    |
| train/                |           |
|    entropy_loss       | -77.2     |
|    explained_variance | 0         |
|    learning_rate      | 0.0004    |
|    n_updates          | 25999     |
|    policy_loss        | 6.03e+08  |
|    reward             | 1479831.4 |
|    std                | 0.897     |
|    value_loss         | 7.74e+13  |
-------------------------------------
-------------------------------------
| time/                 |           |
|    fps                | 418       |
|    iterations         | 26100     |
|    time_elapsed       | 624       |
|    total_timesteps    | 261000    |
| train/                |           |
|    entropy_loss       | -77.2     |
|    explained_variance | 0         |
|    learning_rate      | 0.0004    |
|    n_updates          | 26099     |
|    policy_loss        | 1.03e+09  |
|    reward             | 2541393.2 |
|    std                | 0.896     |
|    value_loss         | 2.13e+14  |
-------------------------------------
=================================
begin_total_asset:1000000
end_total_asset:3208837.654131463
Sharpe:  0.8736592907508455
=================================
-------------------------------------
| time/                 |           |
|    fps                | 418       |
|    iterations         | 26200     |
|    time_elapsed       | 626       |
|    total_timesteps    | 262000    |
| train/                |           |
|    entropy_loss       | -77.1     |
|    explained_variance | 1.19e-07  |
|    learning_rate      | 0.0004    |
|    n_updates          | 26199     |
|    policy_loss        | 5.56e+08  |
|    reward             | 1477230.8 |
|    std                | 0.896     |
|    value_loss         | 7.42e+13  |
-------------------------------------
-------------------------------------
| time/                 |           |
|    fps                | 418       |
|    iterations         | 26300     |
|    time_elapsed       | 628       |
|    total_timesteps    | 263000    |
| train/                |           |
|    entropy_loss       | -77.1     |
|    explained_variance | 1.19e-07  |
|    learning_rate      | 0.0004    |
|    n_updates          | 26299     |
|    policy_loss        | 1.01e+09  |
|    reward             | 2528395.2 |
|    std                | 0.896     |
|    value_loss         | 2.16e+14  |
-------------------------------------
=================================
begin_total_asset:1000000
end_total_asset:3373666.4069415294
Sharpe:  0.9046088152339529
=================================
-------------------------------------
| time/                 |           |
|    fps                | 418       |
|    iterations         | 26400     |
|    time_elapsed       | 631       |
|    total_timesteps    | 264000    |
| train/                |           |
|    entropy_loss       | -77.1     |
|    explained_variance | 0         |
|    learning_rate      | 0.0004    |
|    n_updates          | 26399     |
|    policy_loss        | 5.82e+08  |
|    reward             | 1448088.6 |
|    std                | 0.895     |
|    value_loss         | 7.24e+13  |
-------------------------------------
-------------------------------------
| time/                 |           |
|    fps                | 418       |
|    iterations         | 26500     |
|    time_elapsed       | 633       |
|    total_timesteps    | 265000    |
| train/                |           |
|    entropy_loss       | -77.1     |
|    explained_variance | -2.38e-07 |
|    learning_rate      | 0.0004    |
|    n_updates          | 26499     |
|    policy_loss        | 1.02e+09  |
|    reward             | 2392616.5 |
|    std                | 0.895     |
|    value_loss         | 2.18e+14  |
-------------------------------------
=================================
begin_total_asset:1000000
end_total_asset:3270893.1403205614
Sharpe:  0.880125943980285
=================================
-------------------------------------
| time/                 |           |
|    fps                | 418       |
|    iterations         | 26600     |
|    time_elapsed       | 636       |
|    total_timesteps    | 266000    |
| train/                |           |
|    entropy_loss       | -77.1     |
|    explained_variance | 0         |
|    learning_rate      | 0.0004    |
|    n_updates          | 26599     |
|    policy_loss        | 5.76e+08  |
|    reward             | 1422391.9 |
|    std                | 0.895     |
|    value_loss         | 7.2e+13   |
-------------------------------------
-------------------------------------
| time/                 |           |
|    fps                | 418       |
|    iterations         | 26700     |
|    time_elapsed       | 638       |
|    total_timesteps    | 267000    |
| train/                |           |
|    entropy_loss       | -77.1     |
|    explained_variance | 0         |
|    learning_rate      | 0.0004    |
|    n_updates          | 26699     |
|    policy_loss        | 9.98e+08  |
|    reward             | 2376142.8 |
|    std                | 0.895     |
|    value_loss         | 2.22e+14  |
-------------------------------------
=================================
begin_total_asset:1000000
end_total_asset:3231668.651349282
Sharpe:  0.8739154754046776
=================================
-------------------------------------
| time/                 |           |
|    fps                | 418       |
|    iterations         | 26800     |
|    time_elapsed       | 640       |
|    total_timesteps    | 268000    |
| train/                |           |
|    entropy_loss       | -77.1     |
|    explained_variance | 5.96e-08  |
|    learning_rate      | 0.0004    |
|    n_updates          | 26799     |
|    policy_loss        | 5.91e+08  |
|    reward             | 1438125.8 |
|    std                | 0.895     |
|    value_loss         | 6.88e+13  |
-------------------------------------
-------------------------------------
| time/                 |           |
|    fps                | 418       |
|    iterations         | 26900     |
|    time_elapsed       | 643       |
|    total_timesteps    | 269000    |
| train/                |           |
|    entropy_loss       | -77       |
|    explained_variance | 1.19e-07  |
|    learning_rate      | 0.0004    |
|    n_updates          | 26899     |
|    policy_loss        | 1e+09     |
|    reward             | 2522014.2 |
|    std                | 0.894     |
|    value_loss         | 2.22e+14  |
-------------------------------------
=================================
begin_total_asset:1000000
end_total_asset:3286588.0984777124
Sharpe:  0.8863045840295203
=================================
-------------------------------------
| time/                 |           |
|    fps                | 418       |
|    iterations         | 27000     |
|    time_elapsed       | 645       |
|    total_timesteps    | 270000    |
| train/                |           |
|    entropy_loss       | -77       |
|    explained_variance | 5.96e-08  |
|    learning_rate      | 0.0004    |
|    n_updates          | 26999     |
|    policy_loss        | 5.63e+08  |
|    reward             | 1393987.4 |
|    std                | 0.894     |
|    value_loss         | 6.43e+13  |
-------------------------------------
-------------------------------------
| time/                 |           |
|    fps                | 418       |
|    iterations         | 27100     |
|    time_elapsed       | 648       |
|    total_timesteps    | 271000    |
| train/                |           |
|    entropy_loss       | -77       |
|    explained_variance | 0         |
|    learning_rate      | 0.0004    |
|    n_updates          | 27099     |
|    policy_loss        | 9.86e+08  |
|    reward             | 2492939.8 |
|    std                | 0.894     |
|    value_loss         | 2.05e+14  |
-------------------------------------
=================================
begin_total_asset:1000000
end_total_asset:3266263.8476110343
Sharpe:  0.8804512825866054
=================================
-------------------------------------
| time/                 |           |
|    fps                | 418       |
|    iterations         | 27200     |
|    time_elapsed       | 650       |
|    total_timesteps    | 272000    |
| train/                |           |
|    entropy_loss       | -76.9     |
|    explained_variance | -1.19e-07 |
|    learning_rate      | 0.0004    |
|    n_updates          | 27199     |
|    policy_loss        | 4.97e+08  |
|    reward             | 1342534.1 |
|    std                | 0.893     |
|    value_loss         | 5.73e+13  |
-------------------------------------
-------------------------------------
| time/                 |           |
|    fps                | 418       |
|    iterations         | 27300     |
|    time_elapsed       | 652       |
|    total_timesteps    | 273000    |
| train/                |           |
|    entropy_loss       | -76.9     |
|    explained_variance | 1.19e-07  |
|    learning_rate      | 0.0004    |
|    n_updates          | 27299     |
|    policy_loss        | 9.37e+08  |
|    reward             | 2384550.2 |
|    std                | 0.892     |
|    value_loss         | 1.91e+14  |
-------------------------------------
=================================
begin_total_asset:1000000
end_total_asset:3198665.311813228
Sharpe:  0.8684102051483127
=================================
-------------------------------------
| time/                 |           |
|    fps                | 418       |
|    iterations         | 27400     |
|    time_elapsed       | 655       |
|    total_timesteps    | 274000    |
| train/                |           |
|    entropy_loss       | -76.9     |
|    explained_variance | -1.19e-07 |
|    learning_rate      | 0.0004    |
|    n_updates          | 27399     |
|    policy_loss        | 5.25e+08  |
|    reward             | 1271157.5 |
|    std                | 0.892     |
|    value_loss         | 5.98e+13  |
-------------------------------------
-------------------------------------
| time/                 |           |
|    fps                | 418       |
|    iterations         | 27500     |
|    time_elapsed       | 657       |
|    total_timesteps    | 275000    |
| train/                |           |
|    entropy_loss       | -76.9     |
|    explained_variance | 0         |
|    learning_rate      | 0.0004    |
|    n_updates          | 27499     |
|    policy_loss        | 9.83e+08  |
|    reward             | 2289535.2 |
|    std                | 0.892     |
|    value_loss         | 2.01e+14  |
-------------------------------------
=================================
begin_total_asset:1000000
end_total_asset:3250780.0790977394
Sharpe:  0.8772648273167051
=================================
-------------------------------------
| time/                 |           |
|    fps                | 418       |
|    iterations         | 27600     |
|    time_elapsed       | 660       |
|    total_timesteps    | 276000    |
| train/                |           |
|    entropy_loss       | -76.8     |
|    explained_variance | -1.19e-07 |
|    learning_rate      | 0.0004    |
|    n_updates          | 27599     |
|    policy_loss        | 5.39e+08  |
|    reward             | 1283222.6 |
|    std                | 0.891     |
|    value_loss         | 6.66e+13  |
-------------------------------------
-------------------------------------
| time/                 |           |
|    fps                | 418       |
|    iterations         | 27700     |
|    time_elapsed       | 662       |
|    total_timesteps    | 277000    |
| train/                |           |
|    entropy_loss       | -76.8     |
|    explained_variance | 0         |
|    learning_rate      | 0.0004    |
|    n_updates          | 27699     |
|    policy_loss        | 9.14e+08  |
|    reward             | 2354506.8 |
|    std                | 0.891     |
|    value_loss         | 2.03e+14  |
-------------------------------------
=================================
begin_total_asset:1000000
end_total_asset:3259949.4737870866
Sharpe:  0.8777078758106134
=================================
-------------------------------------
| time/                 |           |
|    fps                | 417       |
|    iterations         | 27800     |
|    time_elapsed       | 665       |
|    total_timesteps    | 278000    |
| train/                |           |
|    entropy_loss       | -76.8     |
|    explained_variance | 0         |
|    learning_rate      | 0.0004    |
|    n_updates          | 27799     |
|    policy_loss        | 5.51e+08  |
|    reward             | 1361872.4 |
|    std                | 0.892     |
|    value_loss         | 6.61e+13  |
-------------------------------------
-------------------------------------
| time/                 |           |
|    fps                | 417       |
|    iterations         | 27900     |
|    time_elapsed       | 667       |
|    total_timesteps    | 279000    |
| train/                |           |
|    entropy_loss       | -76.8     |
|    explained_variance | 1.19e-07  |
|    learning_rate      | 0.0004    |
|    n_updates          | 27899     |
|    policy_loss        | 9.14e+08  |
|    reward             | 2316640.8 |
|    std                | 0.891     |
|    value_loss         | 1.73e+14  |
-------------------------------------
=================================
begin_total_asset:1000000
end_total_asset:3190225.9499934665
Sharpe:  0.8640427942970699
=================================
-------------------------------------
| time/                 |           |
|    fps                | 417       |
|    iterations         | 28000     |
|    time_elapsed       | 670       |
|    total_timesteps    | 280000    |
| train/                |           |
|    entropy_loss       | -76.8     |
|    explained_variance | 5.96e-08  |
|    learning_rate      | 0.0004    |
|    n_updates          | 27999     |
|    policy_loss        | 5.28e+08  |
|    reward             | 1343713.5 |
|    std                | 0.892     |
|    value_loss         | 6.42e+13  |
-------------------------------------
-------------------------------------
| time/                 |           |
|    fps                | 417       |
|    iterations         | 28100     |
|    time_elapsed       | 672       |
|    total_timesteps    | 281000    |
| train/                |           |
|    entropy_loss       | -76.8     |
|    explained_variance | -1.19e-07 |
|    learning_rate      | 0.0004    |
|    n_updates          | 28099     |
|    policy_loss        | 8.93e+08  |
|    reward             | 2206138.0 |
|    std                | 0.891     |
|    value_loss         | 1.57e+14  |
-------------------------------------
=================================
begin_total_asset:1000000
end_total_asset:3200553.940629146
Sharpe:  0.8660132653858349
=================================
-------------------------------------
| time/                 |           |
|    fps                | 417       |
|    iterations         | 28200     |
|    time_elapsed       | 674       |
|    total_timesteps    | 282000    |
| train/                |           |
|    entropy_loss       | -76.8     |
|    explained_variance | -1.19e-07 |
|    learning_rate      | 0.0004    |
|    n_updates          | 28199     |
|    policy_loss        | 5.33e+08  |
|    reward             | 1321897.0 |
|    std                | 0.891     |
|    value_loss         | 6.93e+13  |
-------------------------------------
-------------------------------------
| time/                 |           |
|    fps                | 417       |
|    iterations         | 28300     |
|    time_elapsed       | 677       |
|    total_timesteps    | 283000    |
| train/                |           |
|    entropy_loss       | -76.7     |
|    explained_variance | 5.96e-08  |
|    learning_rate      | 0.0004    |
|    n_updates          | 28299     |
|    policy_loss        | 9.05e+08  |
|    reward             | 2096186.2 |
|    std                | 0.89      |
|    value_loss         | 1.56e+14  |
-------------------------------------
=================================
begin_total_asset:1000000
end_total_asset:3217640.4169629947
Sharpe:  0.8683052478582521
=================================
-------------------------------------
| time/                 |           |
|    fps                | 417       |
|    iterations         | 28400     |
|    time_elapsed       | 679       |
|    total_timesteps    | 284000    |
| train/                |           |
|    entropy_loss       | -76.8     |
|    explained_variance | 0         |
|    learning_rate      | 0.0004    |
|    n_updates          | 28399     |
|    policy_loss        | 6.01e+08  |
|    reward             | 1372915.0 |
|    std                | 0.89      |
|    value_loss         | 7.6e+13   |
-------------------------------------
-------------------------------------
| time/                 |           |
|    fps                | 417       |
|    iterations         | 28500     |
|    time_elapsed       | 682       |
|    total_timesteps    | 285000    |
| train/                |           |
|    entropy_loss       | -76.8     |
|    explained_variance | 0         |
|    learning_rate      | 0.0004    |
|    n_updates          | 28499     |
|    policy_loss        | 9.83e+08  |
|    reward             | 2222849.5 |
|    std                | 0.891     |
|    value_loss         | 1.92e+14  |
-------------------------------------
=================================
begin_total_asset:1000000
end_total_asset:3302456.837773639
Sharpe:  0.8882299536931976
=================================
-------------------------------------
| time/                 |           |
|    fps                | 417       |
|    iterations         | 28600     |
|    time_elapsed       | 684       |
|    total_timesteps    | 286000    |
| train/                |           |
|    entropy_loss       | -76.7     |
|    explained_variance | 0         |
|    learning_rate      | 0.0004    |
|    n_updates          | 28599     |
|    policy_loss        | 5.63e+08  |
|    reward             | 1444268.4 |
|    std                | 0.89      |
|    value_loss         | 7.29e+13  |
-------------------------------------
-------------------------------------
| time/                 |           |
|    fps                | 417       |
|    iterations         | 28700     |
|    time_elapsed       | 686       |
|    total_timesteps    | 287000    |
| train/                |           |
|    entropy_loss       | -76.7     |
|    explained_variance | 0         |
|    learning_rate      | 0.0004    |
|    n_updates          | 28699     |
|    policy_loss        | 9.45e+08  |
|    reward             | 2179682.2 |
|    std                | 0.889     |
|    value_loss         | 1.86e+14  |
-------------------------------------
=================================
begin_total_asset:1000000
end_total_asset:3145698.5007046103
Sharpe:  0.8558872016739545
=================================
-------------------------------------
| time/                 |           |
|    fps                | 417       |
|    iterations         | 28800     |
|    time_elapsed       | 689       |
|    total_timesteps    | 288000    |
| train/                |           |
|    entropy_loss       | -76.7     |
|    explained_variance | -1.19e-07 |
|    learning_rate      | 0.0004    |
|    n_updates          | 28799     |
|    policy_loss        | 6.05e+08  |
|    reward             | 1439351.2 |
|    std                | 0.889     |
|    value_loss         | 7.24e+13  |
-------------------------------------
-------------------------------------
| time/                 |           |
|    fps                | 417       |
|    iterations         | 28900     |
|    time_elapsed       | 691       |
|    total_timesteps    | 289000    |
| train/                |           |
|    entropy_loss       | -76.7     |
|    explained_variance | -2.38e-07 |
|    learning_rate      | 0.0004    |
|    n_updates          | 28899     |
|    policy_loss        | 9.89e+08  |
|    reward             | 2237521.0 |
|    std                | 0.89      |
|    value_loss         | 2.09e+14  |
-------------------------------------
=================================
begin_total_asset:1000000
end_total_asset:3219802.7948315735
Sharpe:  0.8717588412461553
=================================
-------------------------------------
| time/                 |           |
|    fps                | 417       |
|    iterations         | 29000     |
|    time_elapsed       | 694       |
|    total_timesteps    | 290000    |
| train/                |           |
|    entropy_loss       | -76.7     |
|    explained_variance | 5.96e-08  |
|    learning_rate      | 0.0004    |
|    n_updates          | 28999     |
|    policy_loss        | 6e+08     |
|    reward             | 1429051.6 |
|    std                | 0.89      |
|    value_loss         | 6.98e+13  |
-------------------------------------
-------------------------------------
| time/                 |           |
|    fps                | 417       |
|    iterations         | 29100     |
|    time_elapsed       | 696       |
|    total_timesteps    | 291000    |
| train/                |           |
|    entropy_loss       | -76.7     |
|    explained_variance | 0         |
|    learning_rate      | 0.0004    |
|    n_updates          | 29099     |
|    policy_loss        | 9.53e+08  |
|    reward             | 2419152.2 |
|    std                | 0.89      |
|    value_loss         | 1.92e+14  |
-------------------------------------
=================================
begin_total_asset:1000000
end_total_asset:3172342.7020498537
Sharpe:  0.862571795457541
=================================
-------------------------------------
| time/                 |           |
|    fps                | 417       |
|    iterations         | 29200     |
|    time_elapsed       | 699       |
|    total_timesteps    | 292000    |
| train/                |           |
|    entropy_loss       | -76.6     |
|    explained_variance | 5.96e-08  |
|    learning_rate      | 0.0004    |
|    n_updates          | 29199     |
|    policy_loss        | 5.72e+08  |
|    reward             | 1373913.9 |
|    std                | 0.888     |
|    value_loss         | 6.74e+13  |
-------------------------------------
-------------------------------------
| time/                 |           |
|    fps                | 417       |
|    iterations         | 29300     |
|    time_elapsed       | 701       |
|    total_timesteps    | 293000    |
| train/                |           |
|    entropy_loss       | -76.6     |
|    explained_variance | 1.19e-07  |
|    learning_rate      | 0.0004    |
|    n_updates          | 29299     |
|    policy_loss        | 8.74e+08  |
|    reward             | 2306248.0 |
|    std                | 0.888     |
|    value_loss         | 1.74e+14  |
-------------------------------------
=================================
begin_total_asset:1000000
end_total_asset:3178435.5917876475
Sharpe:  0.8655395384876522
=================================
-------------------------------------
| time/                 |           |
|    fps                | 417       |
|    iterations         | 29400     |
|    time_elapsed       | 704       |
|    total_timesteps    | 294000    |
| train/                |           |
|    entropy_loss       | -76.5     |
|    explained_variance | 5.96e-08  |
|    learning_rate      | 0.0004    |
|    n_updates          | 29399     |
|    policy_loss        | 5.67e+08  |
|    reward             | 1390859.9 |
|    std                | 0.887     |
|    value_loss         | 6.61e+13  |
-------------------------------------
-------------------------------------
| time/                 |           |
|    fps                | 417       |
|    iterations         | 29500     |
|    time_elapsed       | 706       |
|    total_timesteps    | 295000    |
| train/                |           |
|    entropy_loss       | -76.5     |
|    explained_variance | 0         |
|    learning_rate      | 0.0004    |
|    n_updates          | 29499     |
|    policy_loss        | 9.37e+08  |
|    reward             | 2372370.0 |
|    std                | 0.887     |
|    value_loss         | 2e+14     |
-------------------------------------
=================================
begin_total_asset:1000000
end_total_asset:3321839.242082796
Sharpe:  0.8949711781434888
=================================
-------------------------------------
| time/                 |           |
|    fps                | 417       |
|    iterations         | 29600     |
|    time_elapsed       | 709       |
|    total_timesteps    | 296000    |
| train/                |           |
|    entropy_loss       | -76.5     |
|    explained_variance | 0         |
|    learning_rate      | 0.0004    |
|    n_updates          | 29599     |
|    policy_loss        | 5.52e+08  |
|    reward             | 1365872.6 |
|    std                | 0.886     |
|    value_loss         | 6.39e+13  |
-------------------------------------
-------------------------------------
| time/                 |           |
|    fps                | 417       |
|    iterations         | 29700     |
|    time_elapsed       | 711       |
|    total_timesteps    | 297000    |
| train/                |           |
|    entropy_loss       | -76.4     |
|    explained_variance | 0         |
|    learning_rate      | 0.0004    |
|    n_updates          | 29699     |
|    policy_loss        | 9.45e+08  |
|    reward             | 2216593.8 |
|    std                | 0.886     |
|    value_loss         | 1.85e+14  |
-------------------------------------
=================================
begin_total_asset:1000000
end_total_asset:3164064.0371098486
Sharpe:  0.8642782752530169
=================================
-------------------------------------
| time/                 |           |
|    fps                | 417       |
|    iterations         | 29800     |
|    time_elapsed       | 713       |
|    total_timesteps    | 298000    |
| train/                |           |
|    entropy_loss       | -76.4     |
|    explained_variance | 0         |
|    learning_rate      | 0.0004    |
|    n_updates          | 29799     |
|    policy_loss        | 5.4e+08   |
|    reward             | 1316193.1 |
|    std                | 0.885     |
|    value_loss         | 6.47e+13  |
-------------------------------------
-------------------------------------
| time/                 |           |
|    fps                | 417       |
|    iterations         | 29900     |
|    time_elapsed       | 716       |
|    total_timesteps    | 299000    |
| train/                |           |
|    entropy_loss       | -76.4     |
|    explained_variance | -1.19e-07 |
|    learning_rate      | 0.0004    |
|    n_updates          | 29899     |
|    policy_loss        | 1.03e+09  |
|    reward             | 2289568.2 |
|    std                | 0.885     |
|    value_loss         | 2.19e+14  |
-------------------------------------
=================================
begin_total_asset:1000000
end_total_asset:3188996.449016934
Sharpe:  0.870337189269567
=================================
-------------------------------------
| time/                 |           |
|    fps                | 417       |
|    iterations         | 30000     |
|    time_elapsed       | 718       |
|    total_timesteps    | 300000    |
| train/                |           |
|    entropy_loss       | -76.3     |
|    explained_variance | -1.19e-07 |
|    learning_rate      | 0.0004    |
|    n_updates          | 29999     |
|    policy_loss        | 5.35e+08  |
|    reward             | 1356016.2 |
|    std                | 0.884     |
|    value_loss         | 6.29e+13  |
-------------------------------------
-------------------------------------
| time/                 |           |
|    fps                | 417       |
|    iterations         | 30100     |
|    time_elapsed       | 721       |
|    total_timesteps    | 301000    |
| train/                |           |
|    entropy_loss       | -76.3     |
|    explained_variance | 0         |
|    learning_rate      | 0.0004    |
|    n_updates          | 30099     |
|    policy_loss        | 9.89e+08  |
|    reward             | 2416308.5 |
|    std                | 0.884     |
|    value_loss         | 1.97e+14  |
-------------------------------------
=================================
begin_total_asset:1000000
end_total_asset:3125025.270949037
Sharpe:  0.8586988233441591
=================================
-------------------------------------
| time/                 |           |
|    fps                | 417       |
|    iterations         | 30200     |
|    time_elapsed       | 723       |
|    total_timesteps    | 302000    |
| train/                |           |
|    entropy_loss       | -76.3     |
|    explained_variance | 5.96e-08  |
|    learning_rate      | 0.0004    |
|    n_updates          | 30199     |
|    policy_loss        | 5.12e+08  |
|    reward             | 1318046.4 |
|    std                | 0.884     |
|    value_loss         | 5.93e+13  |
-------------------------------------
-------------------------------------
| time/                 |           |
|    fps                | 417       |
|    iterations         | 30300     |
|    time_elapsed       | 725       |
|    total_timesteps    | 303000    |
| train/                |           |
|    entropy_loss       | -76.3     |
|    explained_variance | 0         |
|    learning_rate      | 0.0004    |
|    n_updates          | 30299     |
|    policy_loss        | 1.02e+09  |
|    reward             | 2376411.0 |
|    std                | 0.884     |
|    value_loss         | 2.23e+14  |
-------------------------------------
=================================
begin_total_asset:1000000
end_total_asset:3205987.549477883
Sharpe:  0.8756615597121272
=================================
-------------------------------------
| time/                 |           |
|    fps                | 417       |
|    iterations         | 30400     |
|    time_elapsed       | 728       |
|    total_timesteps    | 304000    |
| train/                |           |
|    entropy_loss       | -76.3     |
|    explained_variance | 0         |
|    learning_rate      | 0.0004    |
|    n_updates          | 30399     |
|    policy_loss        | 5.32e+08  |
|    reward             | 1295326.9 |
|    std                | 0.884     |
|    value_loss         | 5.88e+13  |
-------------------------------------
-------------------------------------
| time/                 |           |
|    fps                | 417       |
|    iterations         | 30500     |
|    time_elapsed       | 730       |
|    total_timesteps    | 305000    |
| train/                |           |
|    entropy_loss       | -76.3     |
|    explained_variance | 0         |
|    learning_rate      | 0.0004    |
|    n_updates          | 30499     |
|    policy_loss        | 1.04e+09  |
|    reward             | 2500001.0 |
|    std                | 0.884     |
|    value_loss         | 2.47e+14  |
-------------------------------------
=================================
begin_total_asset:1000000
end_total_asset:3143817.827822683
Sharpe:  0.8619030513603921
=================================
-------------------------------------
| time/                 |           |
|    fps                | 417       |
|    iterations         | 30600     |
|    time_elapsed       | 733       |
|    total_timesteps    | 306000    |
| train/                |           |
|    entropy_loss       | -76.3     |
|    explained_variance | 0         |
|    learning_rate      | 0.0004    |
|    n_updates          | 30599     |
|    policy_loss        | 5.16e+08  |
|    reward             | 1262278.9 |
|    std                | 0.884     |
|    value_loss         | 5.63e+13  |
-------------------------------------
-------------------------------------
| time/                 |           |
|    fps                | 417       |
|    iterations         | 30700     |
|    time_elapsed       | 735       |
|    total_timesteps    | 307000    |
| train/                |           |
|    entropy_loss       | -76.3     |
|    explained_variance | 5.96e-08  |
|    learning_rate      | 0.0004    |
|    n_updates          | 30699     |
|    policy_loss        | 1.1e+09   |
|    reward             | 2566519.2 |
|    std                | 0.883     |
|    value_loss         | 2.51e+14  |
-------------------------------------
=================================
begin_total_asset:1000000
end_total_asset:3114512.9617616627
Sharpe:  0.8564327103976881
=================================
-------------------------------------
| time/                 |           |
|    fps                | 417       |
|    iterations         | 30800     |
|    time_elapsed       | 738       |
|    total_timesteps    | 308000    |
| train/                |           |
|    entropy_loss       | -76.3     |
|    explained_variance | -1.19e-07 |
|    learning_rate      | 0.0004    |
|    n_updates          | 30799     |
|    policy_loss        | 5.31e+08  |
|    reward             | 1266163.5 |
|    std                | 0.884     |
|    value_loss         | 6.13e+13  |
-------------------------------------
-------------------------------------
| time/                 |           |
|    fps                | 417       |
|    iterations         | 30900     |
|    time_elapsed       | 740       |
|    total_timesteps    | 309000    |
| train/                |           |
|    entropy_loss       | -76.3     |
|    explained_variance | 0         |
|    learning_rate      | 0.0004    |
|    n_updates          | 30899     |
|    policy_loss        | 1.02e+09  |
|    reward             | 2652703.8 |
|    std                | 0.883     |
|    value_loss         | 2.23e+14  |
-------------------------------------
=================================
begin_total_asset:1000000
end_total_asset:3138113.7798055895
Sharpe:  0.8596512277102294
=================================
-------------------------------------
| time/                 |           |
|    fps                | 417       |
|    iterations         | 31000     |
|    time_elapsed       | 742       |
|    total_timesteps    | 310000    |
| train/                |           |
|    entropy_loss       | -76.3     |
|    explained_variance | 0         |
|    learning_rate      | 0.0004    |
|    n_updates          | 30999     |
|    policy_loss        | 5.55e+08  |
|    reward             | 1275938.4 |
|    std                | 0.884     |
|    value_loss         | 6.16e+13  |
-------------------------------------
-------------------------------------
| time/                 |           |
|    fps                | 417       |
|    iterations         | 31100     |
|    time_elapsed       | 745       |
|    total_timesteps    | 311000    |
| train/                |           |
|    entropy_loss       | -76.3     |
|    explained_variance | 0         |
|    learning_rate      | 0.0004    |
|    n_updates          | 31099     |
|    policy_loss        | 1.09e+09  |
|    reward             | 2546729.0 |
|    std                | 0.884     |
|    value_loss         | 2.47e+14  |
-------------------------------------
=================================
begin_total_asset:1000000
end_total_asset:3232510.599986509
Sharpe:  0.8813382294304803
=================================
-------------------------------------
| time/                 |           |
|    fps                | 417       |
|    iterations         | 31200     |
|    time_elapsed       | 747       |
|    total_timesteps    | 312000    |
| train/                |           |
|    entropy_loss       | -76.3     |
|    explained_variance | 1.79e-07  |
|    learning_rate      | 0.0004    |
|    n_updates          | 31199     |
|    policy_loss        | 5.27e+08  |
|    reward             | 1315138.1 |
|    std                | 0.884     |
|    value_loss         | 6.07e+13  |
-------------------------------------
-------------------------------------
| time/                 |           |
|    fps                | 417       |
|    iterations         | 31300     |
|    time_elapsed       | 750       |
|    total_timesteps    | 313000    |
| train/                |           |
|    entropy_loss       | -76.3     |
|    explained_variance | 1.79e-07  |
|    learning_rate      | 0.0004    |
|    n_updates          | 31299     |
|    policy_loss        | 1.13e+09  |
|    reward             | 2586674.5 |
|    std                | 0.883     |
|    value_loss         | 2.67e+14  |
-------------------------------------
=================================
begin_total_asset:1000000
end_total_asset:3265911.4276204538
Sharpe:  0.8897748859824245
=================================
-------------------------------------
| time/                 |           |
|    fps                | 417       |
|    iterations         | 31400     |
|    time_elapsed       | 752       |
|    total_timesteps    | 314000    |
| train/                |           |
|    entropy_loss       | -76.3     |
|    explained_variance | 0         |
|    learning_rate      | 0.0004    |
|    n_updates          | 31399     |
|    policy_loss        | 5.48e+08  |
|    reward             | 1305082.5 |
|    std                | 0.883     |
|    value_loss         | 6.58e+13  |
-------------------------------------
-------------------------------------
| time/                 |           |
|    fps                | 417       |
|    iterations         | 31500     |
|    time_elapsed       | 755       |
|    total_timesteps    | 315000    |
| train/                |           |
|    entropy_loss       | -76.2     |
|    explained_variance | -1.19e-07 |
|    learning_rate      | 0.0004    |
|    n_updates          | 31499     |
|    policy_loss        | 1.09e+09  |
|    reward             | 2661062.5 |
|    std                | 0.883     |
|    value_loss         | 2.54e+14  |
-------------------------------------
=================================
begin_total_asset:1000000
end_total_asset:3112864.8818618455
Sharpe:  0.8546569796662814
=================================
-------------------------------------
| time/                 |           |
|    fps                | 417       |
|    iterations         | 31600     |
|    time_elapsed       | 757       |
|    total_timesteps    | 316000    |
| train/                |           |
|    entropy_loss       | -76.3     |
|    explained_variance | -1.19e-07 |
|    learning_rate      | 0.0004    |
|    n_updates          | 31599     |
|    policy_loss        | 5.4e+08   |
|    reward             | 1329794.8 |
|    std                | 0.883     |
|    value_loss         | 6.3e+13   |
-------------------------------------
-------------------------------------
| time/                 |           |
|    fps                | 417       |
|    iterations         | 31700     |
|    time_elapsed       | 760       |
|    total_timesteps    | 317000    |
| train/                |           |
|    entropy_loss       | -76.2     |
|    explained_variance | 0         |
|    learning_rate      | 0.0004    |
|    n_updates          | 31699     |
|    policy_loss        | 1.16e+09  |
|    reward             | 2607238.5 |
|    std                | 0.883     |
|    value_loss         | 2.77e+14  |
-------------------------------------
=================================
begin_total_asset:1000000
end_total_asset:3166364.489323502
Sharpe:  0.8663976511752507
=================================
-------------------------------------
| time/                 |           |
|    fps                | 416       |
|    iterations         | 31800     |
|    time_elapsed       | 762       |
|    total_timesteps    | 318000    |
| train/                |           |
|    entropy_loss       | -76.2     |
|    explained_variance | 0         |
|    learning_rate      | 0.0004    |
|    n_updates          | 31799     |
|    policy_loss        | 4.97e+08  |
|    reward             | 1329582.9 |
|    std                | 0.882     |
|    value_loss         | 5.77e+13  |
-------------------------------------
-------------------------------------
| time/                 |           |
|    fps                | 417       |
|    iterations         | 31900     |
|    time_elapsed       | 764       |
|    total_timesteps    | 319000    |
| train/                |           |
|    entropy_loss       | -76.2     |
|    explained_variance | 0         |
|    learning_rate      | 0.0004    |
|    n_updates          | 31899     |
|    policy_loss        | 1.11e+09  |
|    reward             | 2709168.5 |
|    std                | 0.882     |
|    value_loss         | 2.54e+14  |
-------------------------------------
=================================
begin_total_asset:1000000
end_total_asset:3127323.470644552
Sharpe:  0.8590831879300456
=================================
-------------------------------------
| time/                 |           |
|    fps                | 416       |
|    iterations         | 32000     |
|    time_elapsed       | 767       |
|    total_timesteps    | 320000    |
| train/                |           |
|    entropy_loss       | -76.1     |
|    explained_variance | 0         |
|    learning_rate      | 0.0004    |
|    n_updates          | 31999     |
|    policy_loss        | 5.21e+08  |
|    reward             | 1287070.1 |
|    std                | 0.881     |
|    value_loss         | 5.67e+13  |
-------------------------------------
-------------------------------------
| time/                 |           |
|    fps                | 416       |
|    iterations         | 32100     |
|    time_elapsed       | 769       |
|    total_timesteps    | 321000    |
| train/                |           |
|    entropy_loss       | -76.1     |
|    explained_variance | 0         |
|    learning_rate      | 0.0004    |
|    n_updates          | 32099     |
|    policy_loss        | 1.11e+09  |
|    reward             | 2699979.5 |
|    std                | 0.881     |
|    value_loss         | 2.56e+14  |
-------------------------------------
=================================
begin_total_asset:1000000
end_total_asset:3126015.174917762
Sharpe:  0.8591803084429874
=================================
-------------------------------------
| time/                 |           |
|    fps                | 416       |
|    iterations         | 32200     |
|    time_elapsed       | 772       |
|    total_timesteps    | 322000    |
| train/                |           |
|    entropy_loss       | -76.1     |
|    explained_variance | -1.19e-07 |
|    learning_rate      | 0.0004    |
|    n_updates          | 32199     |
|    policy_loss        | 4.85e+08  |
|    reward             | 1250512.4 |
|    std                | 0.881     |
|    value_loss         | 5.37e+13  |
-------------------------------------
-------------------------------------
| time/                 |           |
|    fps                | 416       |
|    iterations         | 32300     |
|    time_elapsed       | 774       |
|    total_timesteps    | 323000    |
| train/                |           |
|    entropy_loss       | -76.1     |
|    explained_variance | 1.19e-07  |
|    learning_rate      | 0.0004    |
|    n_updates          | 32299     |
|    policy_loss        | 1.11e+09  |
|    reward             | 2706749.2 |
|    std                | 0.881     |
|    value_loss         | 2.75e+14  |
-------------------------------------
=================================
begin_total_asset:1000000
end_total_asset:3201409.196734201
Sharpe:  0.8763794166227804
=================================
-------------------------------------
| time/                 |           |
|    fps                | 416       |
|    iterations         | 32400     |
|    time_elapsed       | 777       |
|    total_timesteps    | 324000    |
| train/                |           |
|    entropy_loss       | -76       |
|    explained_variance | 0         |
|    learning_rate      | 0.0004    |
|    n_updates          | 32399     |
|    policy_loss        | 4.83e+08  |
|    reward             | 1231264.2 |
|    std                | 0.88      |
|    value_loss         | 5.31e+13  |
-------------------------------------
-------------------------------------
| time/                 |           |
|    fps                | 416       |
|    iterations         | 32500     |
|    time_elapsed       | 779       |
|    total_timesteps    | 325000    |
| train/                |           |
|    entropy_loss       | -76       |
|    explained_variance | -1.19e-07 |
|    learning_rate      | 0.0004    |
|    n_updates          | 32499     |
|    policy_loss        | 1.07e+09  |
|    reward             | 2710289.2 |
|    std                | 0.879     |
|    value_loss         | 2.6e+14   |
-------------------------------------
=================================
begin_total_asset:1000000
end_total_asset:3136552.492605858
Sharpe:  0.8636330246927738
=================================
-------------------------------------
| time/                 |           |
|    fps                | 416       |
|    iterations         | 32600     |
|    time_elapsed       | 782       |
|    total_timesteps    | 326000    |
| train/                |           |
|    entropy_loss       | -75.9     |
|    explained_variance | 0         |
|    learning_rate      | 0.0004    |
|    n_updates          | 32599     |
|    policy_loss        | 5.06e+08  |
|    reward             | 1211491.8 |
|    std                | 0.878     |
|    value_loss         | 5.2e+13   |
-------------------------------------
-------------------------------------
| time/                 |           |
|    fps                | 416       |
|    iterations         | 32700     |
|    time_elapsed       | 784       |
|    total_timesteps    | 327000    |
| train/                |           |
|    entropy_loss       | -75.9     |
|    explained_variance | 0         |
|    learning_rate      | 0.0004    |
|    n_updates          | 32699     |
|    policy_loss        | 1.07e+09  |
|    reward             | 2742979.0 |
|    std                | 0.878     |
|    value_loss         | 2.47e+14  |
-------------------------------------
=================================
begin_total_asset:1000000
end_total_asset:3160286.6487272163
Sharpe:  0.8659751054588922
=================================
-------------------------------------
| time/                 |           |
|    fps                | 416       |
|    iterations         | 32800     |
|    time_elapsed       | 786       |
|    total_timesteps    | 328000    |
| train/                |           |
|    entropy_loss       | -75.9     |
|    explained_variance | 0         |
|    learning_rate      | 0.0004    |
|    n_updates          | 32799     |
|    policy_loss        | 4.8e+08   |
|    reward             | 1204624.2 |
|    std                | 0.878     |
|    value_loss         | 5.05e+13  |
-------------------------------------
-------------------------------------
| time/                 |           |
|    fps                | 416       |
|    iterations         | 32900     |
|    time_elapsed       | 789       |
|    total_timesteps    | 329000    |
| train/                |           |
|    entropy_loss       | -75.8     |
|    explained_variance | -1.19e-07 |
|    learning_rate      | 0.0004    |
|    n_updates          | 32899     |
|    policy_loss        | 1.07e+09  |
|    reward             | 2634916.8 |
|    std                | 0.877     |
|    value_loss         | 2.3e+14   |
-------------------------------------
=================================
begin_total_asset:1000000
end_total_asset:3148364.010139804
Sharpe:  0.864901701672763
=================================
-------------------------------------
| time/                 |           |
|    fps                | 416       |
|    iterations         | 33000     |
|    time_elapsed       | 791       |
|    total_timesteps    | 330000    |
| train/                |           |
|    entropy_loss       | -75.8     |
|    explained_variance | -1.19e-07 |
|    learning_rate      | 0.0004    |
|    n_updates          | 32999     |
|    policy_loss        | 4.65e+08  |
|    reward             | 1196168.5 |
|    std                | 0.877     |
|    value_loss         | 4.88e+13  |
-------------------------------------
-------------------------------------
| time/                 |           |
|    fps                | 416       |
|    iterations         | 33100     |
|    time_elapsed       | 794       |
|    total_timesteps    | 331000    |
| train/                |           |
|    entropy_loss       | -75.8     |
|    explained_variance | 5.96e-08  |
|    learning_rate      | 0.0004    |
|    n_updates          | 33099     |
|    policy_loss        | 1.06e+09  |
|    reward             | 2519106.2 |
|    std                | 0.877     |
|    value_loss         | 2.39e+14  |
-------------------------------------
=================================
begin_total_asset:1000000
end_total_asset:3122340.201218663
Sharpe:  0.8597616964762995
=================================
-------------------------------------
| time/                 |           |
|    fps                | 416       |
|    iterations         | 33200     |
|    time_elapsed       | 796       |
|    total_timesteps    | 332000    |
| train/                |           |
|    entropy_loss       | -75.8     |
|    explained_variance | 0         |
|    learning_rate      | 0.0004    |
|    n_updates          | 33199     |
|    policy_loss        | 4.78e+08  |
|    reward             | 1162536.5 |
|    std                | 0.877     |
|    value_loss         | 4.74e+13  |
-------------------------------------
-------------------------------------
| time/                 |           |
|    fps                | 416       |
|    iterations         | 33300     |
|    time_elapsed       | 799       |
|    total_timesteps    | 333000    |
| train/                |           |
|    entropy_loss       | -75.8     |
|    explained_variance | -1.19e-07 |
|    learning_rate      | 0.0004    |
|    n_updates          | 33299     |
|    policy_loss        | 1.06e+09  |
|    reward             | 2613575.2 |
|    std                | 0.876     |
|    value_loss         | 2.55e+14  |
-------------------------------------
=================================
begin_total_asset:1000000
end_total_asset:3231926.859814764
Sharpe:  0.8809257953783969
=================================
-------------------------------------
| time/                 |           |
|    fps                | 416       |
|    iterations         | 33400     |
|    time_elapsed       | 801       |
|    total_timesteps    | 334000    |
| train/                |           |
|    entropy_loss       | -75.8     |
|    explained_variance | -1.19e-07 |
|    learning_rate      | 0.0004    |
|    n_updates          | 33399     |
|    policy_loss        | 4.57e+08  |
|    reward             | 1153675.9 |
|    std                | 0.876     |
|    value_loss         | 4.56e+13  |
-------------------------------------
-------------------------------------
| time/                 |           |
|    fps                | 416       |
|    iterations         | 33500     |
|    time_elapsed       | 804       |
|    total_timesteps    | 335000    |
| train/                |           |
|    entropy_loss       | -75.8     |
|    explained_variance | 5.96e-08  |
|    learning_rate      | 0.0004    |
|    n_updates          | 33499     |
|    policy_loss        | 1.02e+09  |
|    reward             | 2588921.2 |
|    std                | 0.876     |
|    value_loss         | 2.37e+14  |
-------------------------------------
=================================
begin_total_asset:1000000
end_total_asset:3147125.3174408297
Sharpe:  0.8642319916253068
=================================
-------------------------------------
| time/                 |           |
|    fps                | 416       |
|    iterations         | 33600     |
|    time_elapsed       | 806       |
|    total_timesteps    | 336000    |
| train/                |           |
|    entropy_loss       | -75.8     |
|    explained_variance | 2.38e-07  |
|    learning_rate      | 0.0004    |
|    n_updates          | 33599     |
|    policy_loss        | 4.69e+08  |
|    reward             | 1131543.1 |
|    std                | 0.877     |
|    value_loss         | 4.66e+13  |
-------------------------------------
-------------------------------------
| time/                 |           |
|    fps                | 416       |
|    iterations         | 33700     |
|    time_elapsed       | 808       |
|    total_timesteps    | 337000    |
| train/                |           |
|    entropy_loss       | -75.7     |
|    explained_variance | 0         |
|    learning_rate      | 0.0004    |
|    n_updates          | 33699     |
|    policy_loss        | 9.89e+08  |
|    reward             | 2583759.8 |
|    std                | 0.875     |
|    value_loss         | 2.13e+14  |
-------------------------------------
=================================
begin_total_asset:1000000
end_total_asset:3155714.5717631145
Sharpe:  0.8643308884776133
=================================
-------------------------------------
| time/                 |           |
|    fps                | 416       |
|    iterations         | 33800     |
|    time_elapsed       | 811       |
|    total_timesteps    | 338000    |
| train/                |           |
|    entropy_loss       | -75.7     |
|    explained_variance | 1.19e-07  |
|    learning_rate      | 0.0004    |
|    n_updates          | 33799     |
|    policy_loss        | 4.5e+08   |
|    reward             | 1118469.6 |
|    std                | 0.875     |
|    value_loss         | 4.53e+13  |
-------------------------------------
-------------------------------------
| time/                 |           |
|    fps                | 416       |
|    iterations         | 33900     |
|    time_elapsed       | 813       |
|    total_timesteps    | 339000    |
| train/                |           |
|    entropy_loss       | -75.7     |
|    explained_variance | 0         |
|    learning_rate      | 0.0004    |
|    n_updates          | 33899     |
|    policy_loss        | 9.42e+08  |
|    reward             | 2528258.5 |
|    std                | 0.875     |
|    value_loss         | 2e+14     |
-------------------------------------
=================================
begin_total_asset:1000000
end_total_asset:3117890.574063843
Sharpe:  0.8561224817564942
=================================
-------------------------------------
| time/                 |           |
|    fps                | 416       |
|    iterations         | 34000     |
|    time_elapsed       | 816       |
|    total_timesteps    | 340000    |
| train/                |           |
|    entropy_loss       | -75.6     |
|    explained_variance | -1.19e-07 |
|    learning_rate      | 0.0004    |
|    n_updates          | 33999     |
|    policy_loss        | 4.51e+08  |
|    reward             | 1137744.1 |
|    std                | 0.874     |
|    value_loss         | 4.35e+13  |
-------------------------------------
-------------------------------------
| time/                 |           |
|    fps                | 416       |
|    iterations         | 34100     |
|    time_elapsed       | 818       |
|    total_timesteps    | 341000    |
| train/                |           |
|    entropy_loss       | -75.6     |
|    explained_variance | 2.38e-07  |
|    learning_rate      | 0.0004    |
|    n_updates          | 34099     |
|    policy_loss        | 9.62e+08  |
|    reward             | 2321626.2 |
|    std                | 0.874     |
|    value_loss         | 1.91e+14  |
-------------------------------------
=================================
begin_total_asset:1000000
end_total_asset:3069929.27473143
Sharpe:  0.8453299344886351
=================================
-------------------------------------
| time/                 |           |
|    fps                | 416       |
|    iterations         | 34200     |
|    time_elapsed       | 821       |
|    total_timesteps    | 342000    |
| train/                |           |
|    entropy_loss       | -75.5     |
|    explained_variance | 0         |
|    learning_rate      | 0.0004    |
|    n_updates          | 34199     |
|    policy_loss        | 4.62e+08  |
|    reward             | 1097928.0 |
|    std                | 0.873     |
|    value_loss         | 4.36e+13  |
-------------------------------------
-------------------------------------
| time/                 |           |
|    fps                | 416       |
|    iterations         | 34300     |
|    time_elapsed       | 823       |
|    total_timesteps    | 343000    |
| train/                |           |
|    entropy_loss       | -75.5     |
|    explained_variance | -2.38e-07 |
|    learning_rate      | 0.0004    |
|    n_updates          | 34299     |
|    policy_loss        | 9.26e+08  |
|    reward             | 2321412.5 |
|    std                | 0.873     |
|    value_loss         | 1.9e+14   |
-------------------------------------
=================================
begin_total_asset:1000000
end_total_asset:3035687.934391871
Sharpe:  0.8385926938565869
=================================
-------------------------------------
| time/                 |           |
|    fps                | 416       |
|    iterations         | 34400     |
|    time_elapsed       | 826       |
|    total_timesteps    | 344000    |
| train/                |           |
|    entropy_loss       | -75.5     |
|    explained_variance | -1.19e-07 |
|    learning_rate      | 0.0004    |
|    n_updates          | 34399     |
|    policy_loss        | 4.48e+08  |
|    reward             | 1105787.8 |
|    std                | 0.872     |
|    value_loss         | 4.31e+13  |
-------------------------------------
-------------------------------------
| time/                 |           |
|    fps                | 416       |
|    iterations         | 34500     |
|    time_elapsed       | 828       |
|    total_timesteps    | 345000    |
| train/                |           |
|    entropy_loss       | -75.5     |
|    explained_variance | 0         |
|    learning_rate      | 0.0004    |
|    n_updates          | 34499     |
|    policy_loss        | 9.34e+08  |
|    reward             | 2282634.5 |
|    std                | 0.872     |
|    value_loss         | 1.83e+14  |
-------------------------------------
=================================
begin_total_asset:1000000
end_total_asset:3031380.3377141966
Sharpe:  0.8393125419661198
=================================
-------------------------------------
| time/                 |           |
|    fps                | 416       |
|    iterations         | 34600     |
|    time_elapsed       | 830       |
|    total_timesteps    | 346000    |
| train/                |           |
|    entropy_loss       | -75.4     |
|    explained_variance | 1.19e-07  |
|    learning_rate      | 0.0004    |
|    n_updates          | 34599     |
|    policy_loss        | 4.34e+08  |
|    reward             | 1099195.2 |
|    std                | 0.871     |
|    value_loss         | 4.15e+13  |
-------------------------------------
-------------------------------------
| time/                 |           |
|    fps                | 416       |
|    iterations         | 34700     |
|    time_elapsed       | 833       |
|    total_timesteps    | 347000    |
| train/                |           |
|    entropy_loss       | -75.4     |
|    explained_variance | 1.19e-07  |
|    learning_rate      | 0.0004    |
|    n_updates          | 34699     |
|    policy_loss        | 9.74e+08  |
|    reward             | 2298318.5 |
|    std                | 0.871     |
|    value_loss         | 1.85e+14  |
-------------------------------------
=================================
begin_total_asset:1000000
end_total_asset:3130510.4714855794
Sharpe:  0.8649233309768622
=================================
-------------------------------------
| time/                 |           |
|    fps                | 416       |
|    iterations         | 34800     |
|    time_elapsed       | 835       |
|    total_timesteps    | 348000    |
| train/                |           |
|    entropy_loss       | -75.4     |
|    explained_variance | 0         |
|    learning_rate      | 0.0004    |
|    n_updates          | 34799     |
|    policy_loss        | 4.17e+08  |
|    reward             | 1073280.4 |
|    std                | 0.87      |
|    value_loss         | 4.12e+13  |
-------------------------------------
-------------------------------------
| time/                 |           |
|    fps                | 416       |
|    iterations         | 34900     |
|    time_elapsed       | 838       |
|    total_timesteps    | 349000    |
| train/                |           |
|    entropy_loss       | -75.4     |
|    explained_variance | -1.19e-07 |
|    learning_rate      | 0.0004    |
|    n_updates          | 34899     |
|    policy_loss        | 9.3e+08   |
|    reward             | 2239986.0 |
|    std                | 0.87      |
|    value_loss         | 1.79e+14  |
-------------------------------------
=================================
begin_total_asset:1000000
end_total_asset:3098091.007839256
Sharpe:  0.8569328996540305
=================================
-------------------------------------
| time/                 |           |
|    fps                | 416       |
|    iterations         | 35000     |
|    time_elapsed       | 840       |
|    total_timesteps    | 350000    |
| train/                |           |
|    entropy_loss       | -75.3     |
|    explained_variance | 0         |
|    learning_rate      | 0.0004    |
|    n_updates          | 34999     |
|    policy_loss        | 4.16e+08  |
|    reward             | 1074880.8 |
|    std                | 0.87      |
|    value_loss         | 4.03e+13  |
-------------------------------------
-------------------------------------
| time/                 |           |
|    fps                | 416       |
|    iterations         | 35100     |
|    time_elapsed       | 842       |
|    total_timesteps    | 351000    |
| train/                |           |
|    entropy_loss       | -75.3     |
|    explained_variance | 2.38e-07  |
|    learning_rate      | 0.0004    |
|    n_updates          | 35099     |
|    policy_loss        | 9.44e+08  |
|    reward             | 2261653.2 |
|    std                | 0.87      |
|    value_loss         | 1.77e+14  |
-------------------------------------
=================================
begin_total_asset:1000000
end_total_asset:3170965.549875379
Sharpe:  0.8724831981021798
=================================
-------------------------------------
| time/                 |           |
|    fps                | 416       |
|    iterations         | 35200     |
|    time_elapsed       | 845       |
|    total_timesteps    | 352000    |
| train/                |           |
|    entropy_loss       | -75.3     |
|    explained_variance | 0         |
|    learning_rate      | 0.0004    |
|    n_updates          | 35199     |
|    policy_loss        | 4.09e+08  |
|    reward             | 1059057.1 |
|    std                | 0.87      |
|    value_loss         | 4.04e+13  |
-------------------------------------
-------------------------------------
| time/                 |           |
|    fps                | 416       |
|    iterations         | 35300     |
|    time_elapsed       | 847       |
|    total_timesteps    | 353000    |
| train/                |           |
|    entropy_loss       | -75.4     |
|    explained_variance | 0         |
|    learning_rate      | 0.0004    |
|    n_updates          | 35299     |
|    policy_loss        | 8.69e+08  |
|    reward             | 2222939.5 |
|    std                | 0.87      |
|    value_loss         | 1.65e+14  |
-------------------------------------
=================================
begin_total_asset:1000000
end_total_asset:3135298.526444025
Sharpe:  0.8637312447143725
=================================
-------------------------------------
| time/                 |           |
|    fps                | 416       |
|    iterations         | 35400     |
|    time_elapsed       | 850       |
|    total_timesteps    | 354000    |
| train/                |           |
|    entropy_loss       | -75.3     |
|    explained_variance | 0         |
|    learning_rate      | 0.0004    |
|    n_updates          | 35399     |
|    policy_loss        | 4.17e+08  |
|    reward             | 1058967.8 |
|    std                | 0.87      |
|    value_loss         | 3.99e+13  |
-------------------------------------
-------------------------------------
| time/                 |           |
|    fps                | 416       |
|    iterations         | 35500     |
|    time_elapsed       | 852       |
|    total_timesteps    | 355000    |
| train/                |           |
|    entropy_loss       | -75.3     |
|    explained_variance | 0         |
|    learning_rate      | 0.0004    |
|    n_updates          | 35499     |
|    policy_loss        | 8.81e+08  |
|    reward             | 2147648.8 |
|    std                | 0.87      |
|    value_loss         | 1.58e+14  |
-------------------------------------
=================================
begin_total_asset:1000000
end_total_asset:2955617.2622690275
Sharpe:  0.823843773237048
=================================
-------------------------------------
| time/                 |           |
|    fps                | 416       |
|    iterations         | 35600     |
|    time_elapsed       | 855       |
|    total_timesteps    | 356000    |
| train/                |           |
|    entropy_loss       | -75.3     |
|    explained_variance | -1.19e-07 |
|    learning_rate      | 0.0004    |
|    n_updates          | 35599     |
|    policy_loss        | 4.29e+08  |
|    reward             | 1047845.0 |
|    std                | 0.869     |
|    value_loss         | 4.01e+13  |
-------------------------------------
-------------------------------------
| time/                 |           |
|    fps                | 416       |
|    iterations         | 35700     |
|    time_elapsed       | 857       |
|    total_timesteps    | 357000    |
| train/                |           |
|    entropy_loss       | -75.2     |
|    explained_variance | 1.19e-07  |
|    learning_rate      | 0.0004    |
|    n_updates          | 35699     |
|    policy_loss        | 8.35e+08  |
|    reward             | 2118286.0 |
|    std                | 0.869     |
|    value_loss         | 1.56e+14  |
-------------------------------------
=================================
begin_total_asset:1000000
end_total_asset:2980507.9541687476
Sharpe:  0.8303402991729334
=================================
-------------------------------------
| time/                 |           |
|    fps                | 416       |
|    iterations         | 35800     |
|    time_elapsed       | 860       |
|    total_timesteps    | 358000    |
| train/                |           |
|    entropy_loss       | -75.2     |
|    explained_variance | 1.79e-07  |
|    learning_rate      | 0.0004    |
|    n_updates          | 35799     |
|    policy_loss        | 4.13e+08  |
|    reward             | 1052243.6 |
|    std                | 0.868     |
|    value_loss         | 3.87e+13  |
-------------------------------------
-------------------------------------
| time/                 |           |
|    fps                | 416       |
|    iterations         | 35900     |
|    time_elapsed       | 862       |
|    total_timesteps    | 359000    |
| train/                |           |
|    entropy_loss       | -75.2     |
|    explained_variance | -1.19e-07 |
|    learning_rate      | 0.0004    |
|    n_updates          | 35899     |
|    policy_loss        | 8.06e+08  |
|    reward             | 2091219.9 |
|    std                | 0.868     |
|    value_loss         | 1.48e+14  |
-------------------------------------
=================================
begin_total_asset:1000000
end_total_asset:3016665.207706892
Sharpe:  0.8386648983691964
=================================
--------------------------------------
| time/                 |            |
|    fps                | 416        |
|    iterations         | 36000      |
|    time_elapsed       | 864        |
|    total_timesteps    | 360000     |
| train/                |            |
|    entropy_loss       | -75.2      |
|    explained_variance | 1.19e-07   |
|    learning_rate      | 0.0004     |
|    n_updates          | 35999      |
|    policy_loss        | 3.97e+08   |
|    reward             | 1042225.94 |
|    std                | 0.867      |
|    value_loss         | 3.7e+13    |
--------------------------------------
-------------------------------------
| time/                 |           |
|    fps                | 416       |
|    iterations         | 36100     |
|    time_elapsed       | 867       |
|    total_timesteps    | 361000    |
| train/                |           |
|    entropy_loss       | -75.1     |
|    explained_variance | 0         |
|    learning_rate      | 0.0004    |
|    n_updates          | 36099     |
|    policy_loss        | 8.18e+08  |
|    reward             | 2088664.1 |
|    std                | 0.867     |
|    value_loss         | 1.5e+14   |
-------------------------------------
=================================
begin_total_asset:1000000
end_total_asset:2995563.432895605
Sharpe:  0.8355518910811575
=================================
-------------------------------------
| time/                 |           |
|    fps                | 416       |
|    iterations         | 36200     |
|    time_elapsed       | 869       |
|    total_timesteps    | 362000    |
| train/                |           |
|    entropy_loss       | -75.1     |
|    explained_variance | 0         |
|    learning_rate      | 0.0004    |
|    n_updates          | 36199     |
|    policy_loss        | 3.94e+08  |
|    reward             | 1013384.2 |
|    std                | 0.866     |
|    value_loss         | 3.67e+13  |
-------------------------------------
-------------------------------------
| time/                 |           |
|    fps                | 416       |
|    iterations         | 36300     |
|    time_elapsed       | 872       |
|    total_timesteps    | 363000    |
| train/                |           |
|    entropy_loss       | -75       |
|    explained_variance | 0         |
|    learning_rate      | 0.0004    |
|    n_updates          | 36299     |
|    policy_loss        | 8.25e+08  |
|    reward             | 2065255.2 |
|    std                | 0.865     |
|    value_loss         | 1.46e+14  |
-------------------------------------
=================================
begin_total_asset:1000000
end_total_asset:3081304.026848555
Sharpe:  0.8535024309383427
=================================
-------------------------------------
| time/                 |           |
|    fps                | 415       |
|    iterations         | 36400     |
|    time_elapsed       | 875       |
|    total_timesteps    | 364000    |
| train/                |           |
|    entropy_loss       | -75       |
|    explained_variance | 1.19e-07  |
|    learning_rate      | 0.0004    |
|    n_updates          | 36399     |
|    policy_loss        | 1.22e+09  |
|    reward             | 1007918.1 |
|    std                | 0.865     |
|    value_loss         | 3.46e+14  |
-------------------------------------
-------------------------------------
| time/                 |           |
|    fps                | 415       |
|    iterations         | 36500     |
|    time_elapsed       | 877       |
|    total_timesteps    | 365000    |
| train/                |           |
|    entropy_loss       | -75.1     |
|    explained_variance | 0         |
|    learning_rate      | 0.0004    |
|    n_updates          | 36499     |
|    policy_loss        | 7.99e+08  |
|    reward             | 2010865.9 |
|    std                | 0.866     |
|    value_loss         | 1.42e+14  |
-------------------------------------
-------------------------------------
| time/                 |           |
|    fps                | 415       |
|    iterations         | 36600     |
|    time_elapsed       | 879       |
|    total_timesteps    | 366000    |
| train/                |           |
|    entropy_loss       | -75       |
|    explained_variance | 0         |
|    learning_rate      | 0.0004    |
|    n_updates          | 36599     |
|    policy_loss        | 1.23e+09  |
|    reward             | 3014651.5 |
|    std                | 0.865     |
|    value_loss         | 3.46e+14  |
-------------------------------------
=================================
begin_total_asset:1000000
end_total_asset:2983171.1373503143
Sharpe:  0.8344213335878861
=================================
-------------------------------------
| time/                 |           |
|    fps                | 415       |
|    iterations         | 36700     |
|    time_elapsed       | 882       |
|    total_timesteps    | 367000    |
| train/                |           |
|    entropy_loss       | -74.9     |
|    explained_variance | 0         |
|    learning_rate      | 0.0004    |
|    n_updates          | 36699     |
|    policy_loss        | 7.76e+08  |
|    reward             | 1995442.2 |
|    std                | 0.864     |
|    value_loss         | 1.39e+14  |
-------------------------------------
-------------------------------------
| time/                 |           |
|    fps                | 415       |
|    iterations         | 36800     |
|    time_elapsed       | 884       |
|    total_timesteps    | 368000    |
| train/                |           |
|    entropy_loss       | -74.9     |
|    explained_variance | 0         |
|    learning_rate      | 0.0004    |
|    n_updates          | 36799     |
|    policy_loss        | 1.26e+09  |
|    reward             | 3156648.0 |
|    std                | 0.864     |
|    value_loss         | 3.51e+14  |
-------------------------------------
=================================
begin_total_asset:1000000
end_total_asset:3034678.7982864287
Sharpe:  0.8455217799029675
=================================
-------------------------------------
| time/                 |           |
|    fps                | 415       |
|    iterations         | 36900     |
|    time_elapsed       | 887       |
|    total_timesteps    | 369000    |
| train/                |           |
|    entropy_loss       | -74.9     |
|    explained_variance | 0         |
|    learning_rate      | 0.0004    |
|    n_updates          | 36899     |
|    policy_loss        | 7.46e+08  |
|    reward             | 1944292.8 |
|    std                | 0.864     |
|    value_loss         | 1.25e+14  |
-------------------------------------
-------------------------------------
| time/                 |           |
|    fps                | 415       |
|    iterations         | 37000     |
|    time_elapsed       | 889       |
|    total_timesteps    | 370000    |
| train/                |           |
|    entropy_loss       | -74.9     |
|    explained_variance | -1.19e-07 |
|    learning_rate      | 0.0004    |
|    n_updates          | 36999     |
|    policy_loss        | 1.14e+09  |
|    reward             | 3106446.2 |
|    std                | 0.864     |
|    value_loss         | 3.31e+14  |
-------------------------------------
=================================
begin_total_asset:1000000
end_total_asset:2980440.14069476
Sharpe:  0.8308366682909539
=================================
-------------------------------------
| time/                 |           |
|    fps                | 415       |
|    iterations         | 37100     |
|    time_elapsed       | 892       |
|    total_timesteps    | 371000    |
| train/                |           |
|    entropy_loss       | -74.9     |
|    explained_variance | 0         |
|    learning_rate      | 0.0004    |
|    n_updates          | 37099     |
|    policy_loss        | 6.73e+08  |
|    reward             | 1894406.2 |
|    std                | 0.863     |
|    value_loss         | 1.08e+14  |
-------------------------------------
-------------------------------------
| time/                 |           |
|    fps                | 415       |
|    iterations         | 37200     |
|    time_elapsed       | 895       |
|    total_timesteps    | 372000    |
| train/                |           |
|    entropy_loss       | -74.9     |
|    explained_variance | 0         |
|    learning_rate      | 0.0004    |
|    n_updates          | 37199     |
|    policy_loss        | 1.18e+09  |
|    reward             | 3049893.8 |
|    std                | 0.863     |
|    value_loss         | 3.24e+14  |
-------------------------------------
=================================
begin_total_asset:1000000
end_total_asset:2960915.3126205145
Sharpe:  0.8259230266177876
=================================
-------------------------------------
| time/                 |           |
|    fps                | 415       |
|    iterations         | 37300     |
|    time_elapsed       | 897       |
|    total_timesteps    | 373000    |
| train/                |           |
|    entropy_loss       | -74.8     |
|    explained_variance | -1.19e-07 |
|    learning_rate      | 0.0004    |
|    n_updates          | 37299     |
|    policy_loss        | 7.34e+08  |
|    reward             | 1738565.1 |
|    std                | 0.863     |
|    value_loss         | 1.21e+14  |
-------------------------------------
-------------------------------------
| time/                 |           |
|    fps                | 415       |
|    iterations         | 37400     |
|    time_elapsed       | 899       |
|    total_timesteps    | 374000    |
| train/                |           |
|    entropy_loss       | -74.8     |
|    explained_variance | 0         |
|    learning_rate      | 0.0004    |
|    n_updates          | 37399     |
|    policy_loss        | 1.33e+09  |
|    reward             | 3080481.8 |
|    std                | 0.863     |
|    value_loss         | 3.4e+14   |
-------------------------------------
=================================
begin_total_asset:1000000
end_total_asset:3054747.519011626
Sharpe:  0.846455219428436
=================================
-------------------------------------
| time/                 |           |
|    fps                | 415       |
|    iterations         | 37500     |
|    time_elapsed       | 902       |
|    total_timesteps    | 375000    |
| train/                |           |
|    entropy_loss       | -74.8     |
|    explained_variance | 0         |
|    learning_rate      | 0.0004    |
|    n_updates          | 37499     |
|    policy_loss        | 6.85e+08  |
|    reward             | 1793652.0 |
|    std                | 0.862     |
|    value_loss         | 1.07e+14  |
-------------------------------------
-------------------------------------
| time/                 |           |
|    fps                | 415       |
|    iterations         | 37600     |
|    time_elapsed       | 904       |
|    total_timesteps    | 376000    |
| train/                |           |
|    entropy_loss       | -74.8     |
|    explained_variance | 0         |
|    learning_rate      | 0.0004    |
|    n_updates          | 37599     |
|    policy_loss        | 1.18e+09  |
|    reward             | 3059417.0 |
|    std                | 0.862     |
|    value_loss         | 3.26e+14  |
-------------------------------------
=================================
begin_total_asset:1000000
end_total_asset:3024703.076379063
Sharpe:  0.8397171668253428
=================================
-------------------------------------
| time/                 |           |
|    fps                | 415       |
|    iterations         | 37700     |
|    time_elapsed       | 907       |
|    total_timesteps    | 377000    |
| train/                |           |
|    entropy_loss       | -74.7     |
|    explained_variance | 1.19e-07  |
|    learning_rate      | 0.0004    |
|    n_updates          | 37699     |
|    policy_loss        | 7.19e+08  |
|    reward             | 1757792.2 |
|    std                | 0.86      |
|    value_loss         | 1.11e+14  |
-------------------------------------
-------------------------------------
| time/                 |           |
|    fps                | 415       |
|    iterations         | 37800     |
|    time_elapsed       | 909       |
|    total_timesteps    | 378000    |
| train/                |           |
|    entropy_loss       | -74.6     |
|    explained_variance | 5.96e-08  |
|    learning_rate      | 0.0004    |
|    n_updates          | 37799     |
|    policy_loss        | 1.16e+09  |
|    reward             | 3027867.8 |
|    std                | 0.859     |
|    value_loss         | 3.09e+14  |
-------------------------------------
=================================
begin_total_asset:1000000
end_total_asset:3026347.0099661076
Sharpe:  0.8422856021517846
=================================
-------------------------------------
| time/                 |           |
|    fps                | 415       |
|    iterations         | 37900     |
|    time_elapsed       | 912       |
|    total_timesteps    | 379000    |
| train/                |           |
|    entropy_loss       | -74.6     |
|    explained_variance | 0         |
|    learning_rate      | 0.0004    |
|    n_updates          | 37899     |
|    policy_loss        | 7.27e+08  |
|    reward             | 1786718.9 |
|    std                | 0.859     |
|    value_loss         | 1.2e+14   |
-------------------------------------
-------------------------------------
| time/                 |           |
|    fps                | 415       |
|    iterations         | 38000     |
|    time_elapsed       | 914       |
|    total_timesteps    | 380000    |
| train/                |           |
|    entropy_loss       | -74.5     |
|    explained_variance | -1.19e-07 |
|    learning_rate      | 0.0004    |
|    n_updates          | 37999     |
|    policy_loss        | 1.22e+09  |
|    reward             | 2996626.0 |
|    std                | 0.858     |
|    value_loss         | 3.24e+14  |
-------------------------------------
=================================
begin_total_asset:1000000
end_total_asset:3087408.3628962133
Sharpe:  0.855164990003485
=================================
-------------------------------------
| time/                 |           |
|    fps                | 415       |
|    iterations         | 38100     |
|    time_elapsed       | 917       |
|    total_timesteps    | 381000    |
| train/                |           |
|    entropy_loss       | -74.5     |
|    explained_variance | 1.19e-07  |
|    learning_rate      | 0.0004    |
|    n_updates          | 38099     |
|    policy_loss        | 7.12e+08  |
|    reward             | 1808703.0 |
|    std                | 0.858     |
|    value_loss         | 1.12e+14  |
-------------------------------------
-------------------------------------
| time/                 |           |
|    fps                | 415       |
|    iterations         | 38200     |
|    time_elapsed       | 919       |
|    total_timesteps    | 382000    |
| train/                |           |
|    entropy_loss       | -74.5     |
|    explained_variance | 5.96e-08  |
|    learning_rate      | 0.0004    |
|    n_updates          | 38199     |
|    policy_loss        | 1.11e+09  |
|    reward             | 2927236.0 |
|    std                | 0.857     |
|    value_loss         | 2.83e+14  |
-------------------------------------
=================================
begin_total_asset:1000000
end_total_asset:3005393.0399905383
Sharpe:  0.8351291268670268
=================================
-------------------------------------
| time/                 |           |
|    fps                | 415       |
|    iterations         | 38300     |
|    time_elapsed       | 922       |
|    total_timesteps    | 383000    |
| train/                |           |
|    entropy_loss       | -74.4     |
|    explained_variance | -1.19e-07 |
|    learning_rate      | 0.0004    |
|    n_updates          | 38299     |
|    policy_loss        | 6.55e+08  |
|    reward             | 1780434.5 |
|    std                | 0.857     |
|    value_loss         | 1.06e+14  |
-------------------------------------
-------------------------------------
| time/                 |           |
|    fps                | 415       |
|    iterations         | 38400     |
|    time_elapsed       | 924       |
|    total_timesteps    | 384000    |
| train/                |           |
|    entropy_loss       | -74.4     |
|    explained_variance | -1.19e-07 |
|    learning_rate      | 0.0004    |
|    n_updates          | 38399     |
|    policy_loss        | 1.16e+09  |
|    reward             | 2763737.0 |
|    std                | 0.856     |
|    value_loss         | 3.01e+14  |
-------------------------------------
=================================
begin_total_asset:1000000
end_total_asset:3011700.976483317
Sharpe:  0.8378230418120102
=================================
-------------------------------------
| time/                 |           |
|    fps                | 415       |
|    iterations         | 38500     |
|    time_elapsed       | 927       |
|    total_timesteps    | 385000    |
| train/                |           |
|    entropy_loss       | -74.4     |
|    explained_variance | 1.19e-07  |
|    learning_rate      | 0.0004    |
|    n_updates          | 38499     |
|    policy_loss        | 6.64e+08  |
|    reward             | 1722972.0 |
|    std                | 0.856     |
|    value_loss         | 1.01e+14  |
-------------------------------------
-------------------------------------
| time/                 |           |
|    fps                | 415       |
|    iterations         | 38600     |
|    time_elapsed       | 929       |
|    total_timesteps    | 386000    |
| train/                |           |
|    entropy_loss       | -74.4     |
|    explained_variance | 0         |
|    learning_rate      | 0.0004    |
|    n_updates          | 38599     |
|    policy_loss        | 1.13e+09  |
|    reward             | 2953828.5 |
|    std                | 0.856     |
|    value_loss         | 3.08e+14  |
-------------------------------------
=================================
begin_total_asset:1000000
end_total_asset:3082477.4568806677
Sharpe:  0.8555582647211569
=================================
-------------------------------------
| time/                 |           |
|    fps                | 415       |
|    iterations         | 38700     |
|    time_elapsed       | 932       |
|    total_timesteps    | 387000    |
| train/                |           |
|    entropy_loss       | -74.3     |
|    explained_variance | 1.19e-07  |
|    learning_rate      | 0.0004    |
|    n_updates          | 38699     |
|    policy_loss        | 6.36e+08  |
|    reward             | 1702454.6 |
|    std                | 0.855     |
|    value_loss         | 9.38e+13  |
-------------------------------------
-------------------------------------
| time/                 |           |
|    fps                | 415       |
|    iterations         | 38800     |
|    time_elapsed       | 934       |
|    total_timesteps    | 388000    |
| train/                |           |
|    entropy_loss       | -74.3     |
|    explained_variance | 5.96e-08  |
|    learning_rate      | 0.0004    |
|    n_updates          | 38799     |
|    policy_loss        | 1.16e+09  |
|    reward             | 2895776.5 |
|    std                | 0.855     |
|    value_loss         | 2.89e+14  |
-------------------------------------
=================================
begin_total_asset:1000000
end_total_asset:3058200.0895756735
Sharpe:  0.8505089502297103
=================================
-------------------------------------
| time/                 |           |
|    fps                | 415       |
|    iterations         | 38900     |
|    time_elapsed       | 937       |
|    total_timesteps    | 389000    |
| train/                |           |
|    entropy_loss       | -74.3     |
|    explained_variance | 0         |
|    learning_rate      | 0.0004    |
|    n_updates          | 38899     |
|    policy_loss        | 6.59e+08  |
|    reward             | 1614359.5 |
|    std                | 0.855     |
|    value_loss         | 9.88e+13  |
-------------------------------------
-------------------------------------
| time/                 |           |
|    fps                | 415       |
|    iterations         | 39000     |
|    time_elapsed       | 939       |
|    total_timesteps    | 390000    |
| train/                |           |
|    entropy_loss       | -74.3     |
|    explained_variance | 0         |
|    learning_rate      | 0.0004    |
|    n_updates          | 38999     |
|    policy_loss        | 1.13e+09  |
|    reward             | 2881138.2 |
|    std                | 0.855     |
|    value_loss         | 2.94e+14  |
-------------------------------------
=================================
begin_total_asset:1000000
end_total_asset:3063542.404451215
Sharpe:  0.8512888113909223
=================================
-------------------------------------
| time/                 |           |
|    fps                | 414       |
|    iterations         | 39100     |
|    time_elapsed       | 942       |
|    total_timesteps    | 391000    |
| train/                |           |
|    entropy_loss       | -74.2     |
|    explained_variance | 0         |
|    learning_rate      | 0.0004    |
|    n_updates          | 39099     |
|    policy_loss        | 6.38e+08  |
|    reward             | 1592958.2 |
|    std                | 0.854     |
|    value_loss         | 8.71e+13  |
-------------------------------------
-------------------------------------
| time/                 |           |
|    fps                | 414       |
|    iterations         | 39200     |
|    time_elapsed       | 944       |
|    total_timesteps    | 392000    |
| train/                |           |
|    entropy_loss       | -74.2     |
|    explained_variance | 0         |
|    learning_rate      | 0.0004    |
|    n_updates          | 39199     |
|    policy_loss        | 1.12e+09  |
|    reward             | 2781855.5 |
|    std                | 0.854     |
|    value_loss         | 2.81e+14  |
-------------------------------------
=================================
begin_total_asset:1000000
end_total_asset:2999132.3418950588
Sharpe:  0.8352802129228485
=================================
-------------------------------------
| time/                 |           |
|    fps                | 414       |
|    iterations         | 39300     |
|    time_elapsed       | 947       |
|    total_timesteps    | 393000    |
| train/                |           |
|    entropy_loss       | -74.2     |
|    explained_variance | 0         |
|    learning_rate      | 0.0004    |
|    n_updates          | 39299     |
|    policy_loss        | 5.92e+08  |
|    reward             | 1562515.5 |
|    std                | 0.854     |
|    value_loss         | 7.84e+13  |
-------------------------------------
-------------------------------------
| time/                 |           |
|    fps                | 414       |
|    iterations         | 39400     |
|    time_elapsed       | 949       |
|    total_timesteps    | 394000    |
| train/                |           |
|    entropy_loss       | -74.2     |
|    explained_variance | -1.19e-07 |
|    learning_rate      | 0.0004    |
|    n_updates          | 39399     |
|    policy_loss        | 1.08e+09  |
|    reward             | 2840961.8 |
|    std                | 0.853     |
|    value_loss         | 2.67e+14  |
-------------------------------------
=================================
begin_total_asset:1000000
end_total_asset:2986371.2088187495
Sharpe:  0.8325229195983691
=================================
-------------------------------------
| time/                 |           |
|    fps                | 414       |
|    iterations         | 39500     |
|    time_elapsed       | 952       |
|    total_timesteps    | 395000    |
| train/                |           |
|    entropy_loss       | -74.2     |
|    explained_variance | -1.19e-07 |
|    learning_rate      | 0.0004    |
|    n_updates          | 39499     |
|    policy_loss        | 6.02e+08  |
|    reward             | 1511136.2 |
|    std                | 0.853     |
|    value_loss         | 8.04e+13  |
-------------------------------------
-------------------------------------
| time/                 |           |
|    fps                | 414       |
|    iterations         | 39600     |
|    time_elapsed       | 954       |
|    total_timesteps    | 396000    |
| train/                |           |
|    entropy_loss       | -74.2     |
|    explained_variance | 0         |
|    learning_rate      | 0.0004    |
|    n_updates          | 39599     |
|    policy_loss        | 1.09e+09  |
|    reward             | 2750045.0 |
|    std                | 0.853     |
|    value_loss         | 2.76e+14  |
-------------------------------------
=================================
begin_total_asset:1000000
end_total_asset:3030217.871155956
Sharpe:  0.8441119442323247
=================================
-------------------------------------
| time/                 |           |
|    fps                | 414       |
|    iterations         | 39700     |
|    time_elapsed       | 957       |
|    total_timesteps    | 397000    |
| train/                |           |
|    entropy_loss       | -74.1     |
|    explained_variance | 5.96e-08  |
|    learning_rate      | 0.0004    |
|    n_updates          | 39699     |
|    policy_loss        | 5.85e+08  |
|    reward             | 1536181.9 |
|    std                | 0.852     |
|    value_loss         | 7.13e+13  |
-------------------------------------
-------------------------------------
| time/                 |           |
|    fps                | 414       |
|    iterations         | 39800     |
|    time_elapsed       | 959       |
|    total_timesteps    | 398000    |
| train/                |           |
|    entropy_loss       | -74       |
|    explained_variance | 1.19e-07  |
|    learning_rate      | 0.0004    |
|    n_updates          | 39799     |
|    policy_loss        | 1.14e+09  |
|    reward             | 2710218.0 |
|    std                | 0.851     |
|    value_loss         | 2.91e+14  |
-------------------------------------
=================================
begin_total_asset:1000000
end_total_asset:3036891.6297605825
Sharpe:  0.8439211752929323
=================================
-------------------------------------
| time/                 |           |
|    fps                | 414       |
|    iterations         | 39900     |
|    time_elapsed       | 962       |
|    total_timesteps    | 399000    |
| train/                |           |
|    entropy_loss       | -74       |
|    explained_variance | 1.79e-07  |
|    learning_rate      | 0.0004    |
|    n_updates          | 39899     |
|    policy_loss        | 5.24e+08  |
|    reward             | 1500834.0 |
|    std                | 0.851     |
|    value_loss         | 5.95e+13  |
-------------------------------------
-------------------------------------
| time/                 |           |
|    fps                | 414       |
|    iterations         | 40000     |
|    time_elapsed       | 964       |
|    total_timesteps    | 400000    |
| train/                |           |
|    entropy_loss       | -74       |
|    explained_variance | -1.19e-07 |
|    learning_rate      | 0.0004    |
|    n_updates          | 39999     |
|    policy_loss        | 1.15e+09  |
|    reward             | 2868773.2 |
|    std                | 0.85      |
|    value_loss         | 2.94e+14  |
-------------------------------------
✅ 模型已保存到 trained_models/a2c_60stocks_hv.zip

📈 样本外回测（2025-01-01 ~ 2026-04-27）...
=================================
begin_total_asset:1000000
end_total_asset:1199700.3570555607
Sharpe:  0.9692412284636603
=================================
hit end!

============================================================
📊 A2C 跨行业组合 绩效统计
============================================================
Annual return          0.150141
Cumulative returns     0.199700
Annual volatility      0.157237
Sharpe ratio           0.970723
Calmar ratio           0.849356
Stability              0.747025
Max drawdown          -0.176770
Omega ratio            1.211632
Sortino ratio          1.421347
Skew                        NaN
Kurtosis                    NaN
Tail ratio             0.941765
Daily value at risk   -0.019204
dtype: float64
Annual return          0.150141
Cumulative returns     0.199700
Annual volatility      0.157237
Sharpe ratio           0.970723
Calmar ratio           0.849356
Stability              0.747025
Max drawdown          -0.176770
Omega ratio            1.211632
Sortino ratio          1.421347
Skew                        NaN
Kurtosis                    NaN
Tail ratio             0.941765
Daily value at risk   -0.019204
dtype: float64

============================================================
📊 S&P 500 基准 绩效统计
============================================================
[*********************100%***********************]  1 of 1 completed

1 Failed download:
['^GSPC']: YFRateLimitError('Too Many Requests. Rate limited. Try after a while.')
Traceback (most recent call last):
  File "/root/autodl-tmp/Stock_ETF_Crypto/project4/pipline.py", line 311, in <module>
    baseline = get_baseline(ticker="^GSPC", start=TRADE_START, end=TRADE_END)
  File "/root/miniconda3/envs/finrl/lib/python3.10/site-packages/finrl/plot.py", line 83, in get_baseline
    ).fetch_data()
  File "/root/miniconda3/envs/finrl/lib/python3.10/site-packages/finrl/meta/preprocessor/yahoodownloader.py", line 76, in fetch_data
    raise ValueError("no data is fetched.")
ValueError: no data is fetched.
