============================================================
📊 股票池：60 只，覆盖 11 个行业
📅 数据窗口：2015-01-01 ~ 2026-04-27
============================================================

📥 加载本地缓存：data/raw_60stocks_2026-04-27.csv
   数据形状：(154867, 7)
   实际股票数：60
   日期范围：2016-01-04 ~ 2026-04-27

🔧 特征工程：技术指标 + VIX + Turbulence...
Successfully added technical indicators
Successfully added vix
Successfully added turbulence index

📈 计算已实现波动率（HV）...
✅ 添加 7 个波动率特征，总指标数：15

🧮 计算 252 日滚动协方差矩阵...
   特征工程后：(138119, 26)

🔍 特征验证（NVDA 最新 5 天）：
      date  close   vix  turbulence    hv_20  hv_term_structure  hv_vix_spread
2026-04-21 199.88 19.50   74.707045 0.332670           0.623639       0.137670
2026-04-22 202.50 18.92   98.541720 0.331681           0.602743       0.142481
2026-04-23 199.64 19.31  182.876723 0.336620           0.691409       0.143520
2026-04-24 208.27 18.71   93.273343 0.309546           0.789924       0.122446
2026-04-27 216.61 18.02   86.637455 0.302463           0.855092       0.122263

   协方差矩阵形状：(59, 59)

📂 训练集：(118649, 26) | 测试集：(19352, 26)
   训练日期：2017-01-03 ~ 2024-12-30
   测试日期：2025-01-02 ~ 2026-04-24

🌍 环境：股票数=59, 状态特征数=15

🤖 训练 A2C，400,000 步（约 30-90 分钟）...
{'n_steps': 10, 'ent_coef': 0.005, 'learning_rate': 0.0004}
Using cuda device
-------------------------------------
| time/                 |           |
|    fps                | 356       |
|    iterations         | 100       |
|    time_elapsed       | 2         |
|    total_timesteps    | 1000      |
| train/                |           |
|    entropy_loss       | -83.5     |
|    explained_variance | -1.19e-07 |
|    learning_rate      | 0.0004    |
|    n_updates          | 99        |
|    policy_loss        | 9.45e+08  |
|    reward             | 2051600.4 |
|    std                | 0.997     |
|    value_loss         | 1.49e+14  |
-------------------------------------
-------------------------------------
| time/                 |           |
|    fps                | 394       |
|    iterations         | 200       |
|    time_elapsed       | 5         |
|    total_timesteps    | 2000      |
| train/                |           |
|    entropy_loss       | -83.5     |
|    explained_variance | 0         |
|    learning_rate      | 0.0004    |
|    n_updates          | 199       |
|    policy_loss        | 1.54e+09  |
|    reward             | 3332208.0 |
|    std                | 0.996     |
|    value_loss         | 4.06e+14  |
-------------------------------------
=================================
begin_total_asset:1000000
end_total_asset:3236149.5862351074
Sharpe:  0.8755420819683828
=================================
-------------------------------------
| time/                 |           |
|    fps                | 400       |
|    iterations         | 300       |
|    time_elapsed       | 7         |
|    total_timesteps    | 3000      |
| train/                |           |
|    entropy_loss       | -83.5     |
|    explained_variance | -1.19e-07 |
|    learning_rate      | 0.0004    |
|    n_updates          | 299       |
|    policy_loss        | 8.7e+08   |
|    reward             | 2023214.9 |
|    std                | 0.996     |
|    value_loss         | 1.36e+14  |
-------------------------------------
-------------------------------------
| time/                 |           |
|    fps                | 408       |
|    iterations         | 400       |
|    time_elapsed       | 9         |
|    total_timesteps    | 4000      |
| train/                |           |
|    entropy_loss       | -83.4     |
|    explained_variance | 1.79e-07  |
|    learning_rate      | 0.0004    |
|    n_updates          | 399       |
|    policy_loss        | 1.6e+09   |
|    reward             | 3567904.2 |
|    std                | 0.996     |
|    value_loss         | 4.38e+14  |
-------------------------------------
=================================
begin_total_asset:1000000
end_total_asset:3432634.59493877
Sharpe:  0.9161746501190625
=================================
-------------------------------------
| time/                 |           |
|    fps                | 407       |
|    iterations         | 500       |
|    time_elapsed       | 12        |
|    total_timesteps    | 5000      |
| train/                |           |
|    entropy_loss       | -83.4     |
|    explained_variance | -1.19e-07 |
|    learning_rate      | 0.0004    |
|    n_updates          | 499       |
|    policy_loss        | 7.78e+08  |
|    reward             | 1896360.2 |
|    std                | 0.995     |
|    value_loss         | 1.11e+14  |
-------------------------------------
-------------------------------------
| time/                 |           |
|    fps                | 411       |
|    iterations         | 600       |
|    time_elapsed       | 14        |
|    total_timesteps    | 6000      |
| train/                |           |
|    entropy_loss       | -83.4     |
|    explained_variance | -1.19e-07 |
|    learning_rate      | 0.0004    |
|    n_updates          | 599       |
|    policy_loss        | 1.64e+09  |
|    reward             | 3655927.2 |
|    std                | 0.995     |
|    value_loss         | 4.67e+14  |
-------------------------------------
=================================
begin_total_asset:1000000
end_total_asset:3558492.9965618663
Sharpe:  0.9036224521231809
=================================
-------------------------------------
| time/                 |           |
|    fps                | 411       |
|    iterations         | 700       |
|    time_elapsed       | 17        |
|    total_timesteps    | 7000      |
| train/                |           |
|    entropy_loss       | -83.4     |
|    explained_variance | -1.19e-07 |
|    learning_rate      | 0.0004    |
|    n_updates          | 699       |
|    policy_loss        | 7.86e+08  |
|    reward             | 1780655.5 |
|    std                | 0.994     |
|    value_loss         | 1.16e+14  |
-------------------------------------
-------------------------------------
| time/                 |           |
|    fps                | 414       |
|    iterations         | 800       |
|    time_elapsed       | 19        |
|    total_timesteps    | 8000      |
| train/                |           |
|    entropy_loss       | -83.4     |
|    explained_variance | 0         |
|    learning_rate      | 0.0004    |
|    n_updates          | 799       |
|    policy_loss        | 1.45e+09  |
|    reward             | 3227207.8 |
|    std                | 0.995     |
|    value_loss         | 3.74e+14  |
-------------------------------------
=================================
begin_total_asset:1000000
end_total_asset:3190786.079124441
Sharpe:  0.8670176095162236
=================================
-------------------------------------
| time/                 |           |
|    fps                | 413       |
|    iterations         | 900       |
|    time_elapsed       | 21        |
|    total_timesteps    | 9000      |
| train/                |           |
|    entropy_loss       | -83.4     |
|    explained_variance | -1.19e-07 |
|    learning_rate      | 0.0004    |
|    n_updates          | 899       |
|    policy_loss        | 8.25e+08  |
|    reward             | 1922656.4 |
|    std                | 0.994     |
|    value_loss         | 1.25e+14  |
-------------------------------------
-------------------------------------
| time/                 |           |
|    fps                | 415       |
|    iterations         | 1000      |
|    time_elapsed       | 24        |
|    total_timesteps    | 10000     |
| train/                |           |
|    entropy_loss       | -83.4     |
|    explained_variance | 0         |
|    learning_rate      | 0.0004    |
|    n_updates          | 999       |
|    policy_loss        | 1.72e+09  |
|    reward             | 3905715.5 |
|    std                | 0.994     |
|    value_loss         | 5.3e+14   |
-------------------------------------
=================================
begin_total_asset:1000000
end_total_asset:3918461.7897082684
Sharpe:  0.9610356016672771
=================================
-------------------------------------
| time/                 |           |
|    fps                | 415       |
|    iterations         | 1100      |
|    time_elapsed       | 26        |
|    total_timesteps    | 11000     |
| train/                |           |
|    entropy_loss       | -83.4     |
|    explained_variance | 0         |
|    learning_rate      | 0.0004    |
|    n_updates          | 1099      |
|    policy_loss        | 7.74e+08  |
|    reward             | 1765370.6 |
|    std                | 0.995     |
|    value_loss         | 1.08e+14  |
-------------------------------------
-------------------------------------
| time/                 |           |
|    fps                | 416       |
|    iterations         | 1200      |
|    time_elapsed       | 28        |
|    total_timesteps    | 12000     |
| train/                |           |
|    entropy_loss       | -83.4     |
|    explained_variance | 0         |
|    learning_rate      | 0.0004    |
|    n_updates          | 1199      |
|    policy_loss        | 1.32e+09  |
|    reward             | 3213324.5 |
|    std                | 0.994     |
|    value_loss         | 3.45e+14  |
-------------------------------------
=================================
begin_total_asset:1000000
end_total_asset:3218140.164537581
Sharpe:  0.8739732605474126
=================================
-------------------------------------
| time/                 |           |
|    fps                | 416       |
|    iterations         | 1300      |
|    time_elapsed       | 31        |
|    total_timesteps    | 13000     |
| train/                |           |
|    entropy_loss       | -83.4     |
|    explained_variance | -1.19e-07 |
|    learning_rate      | 0.0004    |
|    n_updates          | 1299      |
|    policy_loss        | 8.39e+08  |
|    reward             | 1799502.0 |
|    std                | 0.995     |
|    value_loss         | 1.28e+14  |
-------------------------------------
-------------------------------------
| time/                 |           |
|    fps                | 417       |
|    iterations         | 1400      |
|    time_elapsed       | 33        |
|    total_timesteps    | 14000     |
| train/                |           |
|    entropy_loss       | -83.4     |
|    explained_variance | 1.79e-07  |
|    learning_rate      | 0.0004    |
|    n_updates          | 1399      |
|    policy_loss        | 1.57e+09  |
|    reward             | 3475974.2 |
|    std                | 0.995     |
|    value_loss         | 4.35e+14  |
-------------------------------------
=================================
begin_total_asset:1000000
end_total_asset:3595045.7338881926
Sharpe:  0.9083364181348255
=================================
-------------------------------------
| time/                 |           |
|    fps                | 417       |
|    iterations         | 1500      |
|    time_elapsed       | 35        |
|    total_timesteps    | 15000     |
| train/                |           |
|    entropy_loss       | -83.4     |
|    explained_variance | 0         |
|    learning_rate      | 0.0004    |
|    n_updates          | 1499      |
|    policy_loss        | 8.29e+08  |
|    reward             | 1919432.4 |
|    std                | 0.995     |
|    value_loss         | 1.27e+14  |
-------------------------------------
-------------------------------------
| time/                 |           |
|    fps                | 418       |
|    iterations         | 1600      |
|    time_elapsed       | 38        |
|    total_timesteps    | 16000     |
| train/                |           |
|    entropy_loss       | -83.3     |
|    explained_variance | 0         |
|    learning_rate      | 0.0004    |
|    n_updates          | 1599      |
|    policy_loss        | 1.5e+09   |
|    reward             | 3644821.0 |
|    std                | 0.994     |
|    value_loss         | 4.23e+14  |
-------------------------------------
=================================
begin_total_asset:1000000
end_total_asset:3778013.986667716
Sharpe:  0.9523860419891645
=================================
-------------------------------------
| time/                 |           |
|    fps                | 416       |
|    iterations         | 1700      |
|    time_elapsed       | 40        |
|    total_timesteps    | 17000     |
| train/                |           |
|    entropy_loss       | -83.3     |
|    explained_variance | 0         |
|    learning_rate      | 0.0004    |
|    n_updates          | 1699      |
|    policy_loss        | 8e+08     |
|    reward             | 1890691.2 |
|    std                | 0.993     |
|    value_loss         | 1.18e+14  |
-------------------------------------
-------------------------------------
| time/                 |           |
|    fps                | 417       |
|    iterations         | 1800      |
|    time_elapsed       | 43        |
|    total_timesteps    | 18000     |
| train/                |           |
|    entropy_loss       | -83.3     |
|    explained_variance | 1.19e-07  |
|    learning_rate      | 0.0004    |
|    n_updates          | 1799      |
|    policy_loss        | 1.62e+09  |
|    reward             | 3426583.5 |
|    std                | 0.993     |
|    value_loss         | 4.32e+14  |
-------------------------------------
=================================
begin_total_asset:1000000
end_total_asset:3749235.0033372613
Sharpe:  0.9389339798282917
=================================
-------------------------------------
| time/                 |           |
|    fps                | 416       |
|    iterations         | 1900      |
|    time_elapsed       | 45        |
|    total_timesteps    | 19000     |
| train/                |           |
|    entropy_loss       | -83.3     |
|    explained_variance | 0         |
|    learning_rate      | 0.0004    |
|    n_updates          | 1899      |
|    policy_loss        | 8.06e+08  |
|    reward             | 1842258.5 |
|    std                | 0.993     |
|    value_loss         | 1.16e+14  |
-------------------------------------
-------------------------------------
| time/                 |           |
|    fps                | 417       |
|    iterations         | 2000      |
|    time_elapsed       | 47        |
|    total_timesteps    | 20000     |
| train/                |           |
|    entropy_loss       | -83.3     |
|    explained_variance | 0         |
|    learning_rate      | 0.0004    |
|    n_updates          | 1999      |
|    policy_loss        | 1.3e+09   |
|    reward             | 3008216.5 |
|    std                | 0.993     |
|    value_loss         | 3.3e+14   |
-------------------------------------
=================================
begin_total_asset:1000000
end_total_asset:3249065.1774833463
Sharpe:  0.8821693558169553
=================================
-------------------------------------
| time/                 |           |
|    fps                | 416       |
|    iterations         | 2100      |
|    time_elapsed       | 50        |
|    total_timesteps    | 21000     |
| train/                |           |
|    entropy_loss       | -83.3     |
|    explained_variance | 0         |
|    learning_rate      | 0.0004    |
|    n_updates          | 2099      |
|    policy_loss        | 7.99e+08  |
|    reward             | 1862651.0 |
|    std                | 0.993     |
|    value_loss         | 1.12e+14  |
-------------------------------------
-------------------------------------
| time/                 |           |
|    fps                | 417       |
|    iterations         | 2200      |
|    time_elapsed       | 52        |
|    total_timesteps    | 22000     |
| train/                |           |
|    entropy_loss       | -83.3     |
|    explained_variance | 0         |
|    learning_rate      | 0.0004    |
|    n_updates          | 2199      |
|    policy_loss        | 1.39e+09  |
|    reward             | 3318193.8 |
|    std                | 0.992     |
|    value_loss         | 3.78e+14  |
-------------------------------------
=================================
begin_total_asset:1000000
end_total_asset:3513473.7183847115
Sharpe:  0.9346932093590653
=================================
-------------------------------------
| time/                 |           |
|    fps                | 417       |
|    iterations         | 2300      |
|    time_elapsed       | 55        |
|    total_timesteps    | 23000     |
| train/                |           |
|    entropy_loss       | -83.2     |
|    explained_variance | -1.19e-07 |
|    learning_rate      | 0.0004    |
|    n_updates          | 2299      |
|    policy_loss        | 7.6e+08   |
|    reward             | 1737269.8 |
|    std                | 0.992     |
|    value_loss         | 1.09e+14  |
-------------------------------------
-------------------------------------
| time/                 |           |
|    fps                | 417       |
|    iterations         | 2400      |
|    time_elapsed       | 57        |
|    total_timesteps    | 24000     |
| train/                |           |
|    entropy_loss       | -83.2     |
|    explained_variance | -2.38e-07 |
|    learning_rate      | 0.0004    |
|    n_updates          | 2399      |
|    policy_loss        | 1.36e+09  |
|    reward             | 3142834.8 |
|    std                | 0.991     |
|    value_loss         | 3.51e+14  |
-------------------------------------
=================================
begin_total_asset:1000000
end_total_asset:3393955.3230395904
Sharpe:  0.9123864009031328
=================================
-------------------------------------
| time/                 |           |
|    fps                | 417       |
|    iterations         | 2500      |
|    time_elapsed       | 59        |
|    total_timesteps    | 25000     |
| train/                |           |
|    entropy_loss       | -83.1     |
|    explained_variance | 1.19e-07  |
|    learning_rate      | 0.0004    |
|    n_updates          | 2499      |
|    policy_loss        | 7.3e+08   |
|    reward             | 1720385.1 |
|    std                | 0.99      |
|    value_loss         | 9.88e+13  |
-------------------------------------
-------------------------------------
| time/                 |           |
|    fps                | 417       |
|    iterations         | 2600      |
|    time_elapsed       | 62        |
|    total_timesteps    | 26000     |
| train/                |           |
|    entropy_loss       | -83.1     |
|    explained_variance | 0         |
|    learning_rate      | 0.0004    |
|    n_updates          | 2599      |
|    policy_loss        | 1.34e+09  |
|    reward             | 2970247.0 |
|    std                | 0.99      |
|    value_loss         | 3.19e+14  |
-------------------------------------
=================================
begin_total_asset:1000000
end_total_asset:3225841.101596824
Sharpe:  0.8737432778446192
=================================
-------------------------------------
| time/                 |           |
|    fps                | 417       |
|    iterations         | 2700      |
|    time_elapsed       | 64        |
|    total_timesteps    | 27000     |
| train/                |           |
|    entropy_loss       | -83.2     |
|    explained_variance | 0         |
|    learning_rate      | 0.0004    |
|    n_updates          | 2699      |
|    policy_loss        | 7e+08     |
|    reward             | 1694189.6 |
|    std                | 0.991     |
|    value_loss         | 9.02e+13  |
-------------------------------------
-------------------------------------
| time/                 |           |
|    fps                | 417       |
|    iterations         | 2800      |
|    time_elapsed       | 66        |
|    total_timesteps    | 28000     |
| train/                |           |
|    entropy_loss       | -83.1     |
|    explained_variance | 0         |
|    learning_rate      | 0.0004    |
|    n_updates          | 2799      |
|    policy_loss        | 1.46e+09  |
|    reward             | 3289088.2 |
|    std                | 0.99      |
|    value_loss         | 3.63e+14  |
-------------------------------------
=================================
begin_total_asset:1000000
end_total_asset:3513295.5464899302
Sharpe:  0.9252273425237378
=================================
-------------------------------------
| time/                 |           |
|    fps                | 417       |
|    iterations         | 2900      |
|    time_elapsed       | 69        |
|    total_timesteps    | 29000     |
| train/                |           |
|    entropy_loss       | -83.1     |
|    explained_variance | 0         |
|    learning_rate      | 0.0004    |
|    n_updates          | 2899      |
|    policy_loss        | 7.07e+08  |
|    reward             | 1543949.4 |
|    std                | 0.99      |
|    value_loss         | 8.62e+13  |
-------------------------------------
-------------------------------------
| time/                 |           |
|    fps                | 418       |
|    iterations         | 3000      |
|    time_elapsed       | 71        |
|    total_timesteps    | 30000     |
| train/                |           |
|    entropy_loss       | -83.1     |
|    explained_variance | 0         |
|    learning_rate      | 0.0004    |
|    n_updates          | 2999      |
|    policy_loss        | 1.39e+09  |
|    reward             | 3217288.8 |
|    std                | 0.99      |
|    value_loss         | 3.58e+14  |
-------------------------------------
=================================
begin_total_asset:1000000
end_total_asset:3538818.6876044106
Sharpe:  0.9392259912339036
=================================
-------------------------------------
| time/                 |           |
|    fps                | 417       |
|    iterations         | 3100      |
|    time_elapsed       | 74        |
|    total_timesteps    | 31000     |
| train/                |           |
|    entropy_loss       | -83.1     |
|    explained_variance | -1.19e-07 |
|    learning_rate      | 0.0004    |
|    n_updates          | 3099      |
|    policy_loss        | 6.52e+08  |
|    reward             | 1579824.1 |
|    std                | 0.99      |
|    value_loss         | 7.67e+13  |
-------------------------------------
-------------------------------------
| time/                 |           |
|    fps                | 418       |
|    iterations         | 3200      |
|    time_elapsed       | 76        |
|    total_timesteps    | 32000     |
| train/                |           |
|    entropy_loss       | -83.1     |
|    explained_variance | 0         |
|    learning_rate      | 0.0004    |
|    n_updates          | 3199      |
|    policy_loss        | 1.39e+09  |
|    reward             | 2953901.8 |
|    std                | 0.99      |
|    value_loss         | 3.39e+14  |
-------------------------------------
=================================
begin_total_asset:1000000
end_total_asset:3286959.5798264504
Sharpe:  0.8913212032973469
=================================
-------------------------------------
| time/                 |           |
|    fps                | 418       |
|    iterations         | 3300      |
|    time_elapsed       | 78        |
|    total_timesteps    | 33000     |
| train/                |           |
|    entropy_loss       | -83       |
|    explained_variance | -1.19e-07 |
|    learning_rate      | 0.0004    |
|    n_updates          | 3299      |
|    policy_loss        | 6.01e+08  |
|    reward             | 1583803.6 |
|    std                | 0.989     |
|    value_loss         | 6.62e+13  |
-------------------------------------
-------------------------------------
| time/                 |           |
|    fps                | 418       |
|    iterations         | 3400      |
|    time_elapsed       | 81        |
|    total_timesteps    | 34000     |
| train/                |           |
|    entropy_loss       | -83       |
|    explained_variance | 0         |
|    learning_rate      | 0.0004    |
|    n_updates          | 3399      |
|    policy_loss        | 1.32e+09  |
|    reward             | 3014883.0 |
|    std                | 0.988     |
|    value_loss         | 3.34e+14  |
-------------------------------------
=================================
begin_total_asset:1000000
end_total_asset:3319557.3660692456
Sharpe:  0.9002857889816611
=================================
-------------------------------------
| time/                 |           |
|    fps                | 418       |
|    iterations         | 3500      |
|    time_elapsed       | 83        |
|    total_timesteps    | 35000     |
| train/                |           |
|    entropy_loss       | -83       |
|    explained_variance | -1.19e-07 |
|    learning_rate      | 0.0004    |
|    n_updates          | 3499      |
|    policy_loss        | 6.67e+08  |
|    reward             | 1366325.5 |
|    std                | 0.988     |
|    value_loss         | 7.95e+13  |
-------------------------------------
-------------------------------------
| time/                 |           |
|    fps                | 417       |
|    iterations         | 3600      |
|    time_elapsed       | 86        |
|    total_timesteps    | 36000     |
| train/                |           |
|    entropy_loss       | -83       |
|    explained_variance | 0         |
|    learning_rate      | 0.0004    |
|    n_updates          | 3599      |
|    policy_loss        | 1.44e+09  |
|    reward             | 3370837.8 |
|    std                | 0.988     |
|    value_loss         | 3.93e+14  |
-------------------------------------
=================================
begin_total_asset:1000000
end_total_asset:3673583.01037994
Sharpe:  0.9368832802165795
=================================
-------------------------------------
| time/                 |           |
|    fps                | 417       |
|    iterations         | 3700      |
|    time_elapsed       | 88        |
|    total_timesteps    | 37000     |
| train/                |           |
|    entropy_loss       | -82.9     |
|    explained_variance | 1.19e-07  |
|    learning_rate      | 0.0004    |
|    n_updates          | 3699      |
|    policy_loss        | 7.45e+08  |
|    reward             | 1308895.4 |
|    std                | 0.987     |
|    value_loss         | 1.05e+14  |
-------------------------------------
-------------------------------------
| time/                 |           |
|    fps                | 418       |
|    iterations         | 3800      |
|    time_elapsed       | 90        |
|    total_timesteps    | 38000     |
| train/                |           |
|    entropy_loss       | -82.9     |
|    explained_variance | 1.19e-07  |
|    learning_rate      | 0.0004    |
|    n_updates          | 3799      |
|    policy_loss        | 1.45e+09  |
|    reward             | 3383053.8 |
|    std                | 0.986     |
|    value_loss         | 4.02e+14  |
-------------------------------------
=================================
begin_total_asset:1000000
end_total_asset:3662051.3577308855
Sharpe:  0.9198397661832324
=================================
-------------------------------------
| time/                 |           |
|    fps                | 418       |
|    iterations         | 3900      |
|    time_elapsed       | 93        |
|    total_timesteps    | 39000     |
| train/                |           |
|    entropy_loss       | -82.9     |
|    explained_variance | 0         |
|    learning_rate      | 0.0004    |
|    n_updates          | 3899      |
|    policy_loss        | 7.73e+08  |
|    reward             | 1653172.8 |
|    std                | 0.986     |
|    value_loss         | 1.11e+14  |
-------------------------------------
-------------------------------------
| time/                 |           |
|    fps                | 418       |
|    iterations         | 4000      |
|    time_elapsed       | 95        |
|    total_timesteps    | 40000     |
| train/                |           |
|    entropy_loss       | -82.8     |
|    explained_variance | 0         |
|    learning_rate      | 0.0004    |
|    n_updates          | 3999      |
|    policy_loss        | 1.38e+09  |
|    reward             | 3241090.5 |
|    std                | 0.985     |
|    value_loss         | 3.59e+14  |
-------------------------------------
=================================
begin_total_asset:1000000
end_total_asset:3579534.374694348
Sharpe:  0.9246582431502114
=================================
-------------------------------------
| time/                 |           |
|    fps                | 418       |
|    iterations         | 4100      |
|    time_elapsed       | 97        |
|    total_timesteps    | 41000     |
| train/                |           |
|    entropy_loss       | -82.8     |
|    explained_variance | 1.19e-07  |
|    learning_rate      | 0.0004    |
|    n_updates          | 4099      |
|    policy_loss        | 7.63e+08  |
|    reward             | 1787627.8 |
|    std                | 0.986     |
|    value_loss         | 1.11e+14  |
-------------------------------------
-------------------------------------
| time/                 |           |
|    fps                | 418       |
|    iterations         | 4200      |
|    time_elapsed       | 100       |
|    total_timesteps    | 42000     |
| train/                |           |
|    entropy_loss       | -82.8     |
|    explained_variance | 2.38e-07  |
|    learning_rate      | 0.0004    |
|    n_updates          | 4199      |
|    policy_loss        | 1.4e+09   |
|    reward             | 3189474.2 |
|    std                | 0.986     |
|    value_loss         | 3.6e+14   |
-------------------------------------
=================================
begin_total_asset:1000000
end_total_asset:3643214.070683285
Sharpe:  0.9202230124431212
=================================
-------------------------------------
| time/                 |           |
|    fps                | 418       |
|    iterations         | 4300      |
|    time_elapsed       | 102       |
|    total_timesteps    | 43000     |
| train/                |           |
|    entropy_loss       | -82.8     |
|    explained_variance | 0         |
|    learning_rate      | 0.0004    |
|    n_updates          | 4299      |
|    policy_loss        | 7.36e+08  |
|    reward             | 1729958.0 |
|    std                | 0.985     |
|    value_loss         | 1.03e+14  |
-------------------------------------
-------------------------------------
| time/                 |           |
|    fps                | 418       |
|    iterations         | 4400      |
|    time_elapsed       | 105       |
|    total_timesteps    | 44000     |
| train/                |           |
|    entropy_loss       | -82.7     |
|    explained_variance | -2.38e-07 |
|    learning_rate      | 0.0004    |
|    n_updates          | 4399      |
|    policy_loss        | 1.31e+09  |
|    reward             | 2978097.8 |
|    std                | 0.983     |
|    value_loss         | 3.23e+14  |
-------------------------------------
=================================
begin_total_asset:1000000
end_total_asset:3443230.7895118566
Sharpe:  0.9103695633099282
=================================
-------------------------------------
| time/                 |           |
|    fps                | 418       |
|    iterations         | 4500      |
|    time_elapsed       | 107       |
|    total_timesteps    | 45000     |
| train/                |           |
|    entropy_loss       | -82.7     |
|    explained_variance | 0         |
|    learning_rate      | 0.0004    |
|    n_updates          | 4499      |
|    policy_loss        | 7.19e+08  |
|    reward             | 1679880.8 |
|    std                | 0.984     |
|    value_loss         | 9.68e+13  |
-------------------------------------
-------------------------------------
| time/                 |           |
|    fps                | 419       |
|    iterations         | 4600      |
|    time_elapsed       | 109       |
|    total_timesteps    | 46000     |
| train/                |           |
|    entropy_loss       | -82.7     |
|    explained_variance | 0         |
|    learning_rate      | 0.0004    |
|    n_updates          | 4599      |
|    policy_loss        | 1.45e+09  |
|    reward             | 3255190.0 |
|    std                | 0.983     |
|    value_loss         | 3.53e+14  |
-------------------------------------
=================================
begin_total_asset:1000000
end_total_asset:3706359.503512046
Sharpe:  0.9340989773594761
=================================
-------------------------------------
| time/                 |           |
|    fps                | 418       |
|    iterations         | 4700      |
|    time_elapsed       | 112       |
|    total_timesteps    | 47000     |
| train/                |           |
|    entropy_loss       | -82.7     |
|    explained_variance | 0         |
|    learning_rate      | 0.0004    |
|    n_updates          | 4699      |
|    policy_loss        | 7.53e+08  |
|    reward             | 1717679.4 |
|    std                | 0.983     |
|    value_loss         | 9.82e+13  |
-------------------------------------
-------------------------------------
| time/                 |           |
|    fps                | 419       |
|    iterations         | 4800      |
|    time_elapsed       | 114       |
|    total_timesteps    | 48000     |
| train/                |           |
|    entropy_loss       | -82.7     |
|    explained_variance | 2.38e-07  |
|    learning_rate      | 0.0004    |
|    n_updates          | 4799      |
|    policy_loss        | 1.39e+09  |
|    reward             | 3193746.5 |
|    std                | 0.983     |
|    value_loss         | 3.48e+14  |
-------------------------------------
=================================
begin_total_asset:1000000
end_total_asset:3810689.87186192
Sharpe:  0.9494952210577454
=================================
-------------------------------------
| time/                 |           |
|    fps                | 419       |
|    iterations         | 4900      |
|    time_elapsed       | 116       |
|    total_timesteps    | 49000     |
| train/                |           |
|    entropy_loss       | -82.7     |
|    explained_variance | 0         |
|    learning_rate      | 0.0004    |
|    n_updates          | 4899      |
|    policy_loss        | 6.82e+08  |
|    reward             | 1563892.9 |
|    std                | 0.984     |
|    value_loss         | 8.7e+13   |
-------------------------------------
-------------------------------------
| time/                 |           |
|    fps                | 419       |
|    iterations         | 5000      |
|    time_elapsed       | 119       |
|    total_timesteps    | 50000     |
| train/                |           |
|    entropy_loss       | -82.7     |
|    explained_variance | 0         |
|    learning_rate      | 0.0004    |
|    n_updates          | 4999      |
|    policy_loss        | 1.29e+09  |
|    reward             | 2928524.0 |
|    std                | 0.983     |
|    value_loss         | 2.84e+14  |
-------------------------------------
=================================
begin_total_asset:1000000
end_total_asset:3598119.934572655
Sharpe:  0.9070310590261704
=================================
-------------------------------------
| time/                 |           |
|    fps                | 419       |
|    iterations         | 5100      |
|    time_elapsed       | 121       |
|    total_timesteps    | 51000     |
| train/                |           |
|    entropy_loss       | -82.7     |
|    explained_variance | 0         |
|    learning_rate      | 0.0004    |
|    n_updates          | 5099      |
|    policy_loss        | 7.24e+08  |
|    reward             | 1634839.9 |
|    std                | 0.984     |
|    value_loss         | 9e+13     |
-------------------------------------
-------------------------------------
| time/                 |           |
|    fps                | 419       |
|    iterations         | 5200      |
|    time_elapsed       | 123       |
|    total_timesteps    | 52000     |
| train/                |           |
|    entropy_loss       | -82.7     |
|    explained_variance | 1.79e-07  |
|    learning_rate      | 0.0004    |
|    n_updates          | 5199      |
|    policy_loss        | 1.28e+09  |
|    reward             | 3001239.2 |
|    std                | 0.984     |
|    value_loss         | 3.09e+14  |
-------------------------------------
=================================
begin_total_asset:1000000
end_total_asset:3775914.380090577
Sharpe:  0.9351446693665394
=================================
-------------------------------------
| time/                 |           |
|    fps                | 419       |
|    iterations         | 5300      |
|    time_elapsed       | 126       |
|    total_timesteps    | 53000     |
| train/                |           |
|    entropy_loss       | -82.7     |
|    explained_variance | -1.19e-07 |
|    learning_rate      | 0.0004    |
|    n_updates          | 5299      |
|    policy_loss        | 6.53e+08  |
|    reward             | 1567694.5 |
|    std                | 0.983     |
|    value_loss         | 8.05e+13  |
-------------------------------------
-------------------------------------
| time/                 |           |
|    fps                | 418       |
|    iterations         | 5400      |
|    time_elapsed       | 128       |
|    total_timesteps    | 54000     |
| train/                |           |
|    entropy_loss       | -82.6     |
|    explained_variance | -1.19e-07 |
|    learning_rate      | 0.0004    |
|    n_updates          | 5399      |
|    policy_loss        | 1.22e+09  |
|    reward             | 2764560.2 |
|    std                | 0.981     |
|    value_loss         | 2.85e+14  |
-------------------------------------
=================================
begin_total_asset:1000000
end_total_asset:3595316.867832675
Sharpe:  0.9073626764587375
=================================
-------------------------------------
| time/                 |           |
|    fps                | 418       |
|    iterations         | 5500      |
|    time_elapsed       | 131       |
|    total_timesteps    | 55000     |
| train/                |           |
|    entropy_loss       | -82.6     |
|    explained_variance | -2.38e-07 |
|    learning_rate      | 0.0004    |
|    n_updates          | 5499      |
|    policy_loss        | 6.3e+08   |
|    reward             | 1509477.9 |
|    std                | 0.982     |
|    value_loss         | 7.85e+13  |
-------------------------------------
-------------------------------------
| time/                 |           |
|    fps                | 419       |
|    iterations         | 5600      |
|    time_elapsed       | 133       |
|    total_timesteps    | 56000     |
| train/                |           |
|    entropy_loss       | -82.6     |
|    explained_variance | 0         |
|    learning_rate      | 0.0004    |
|    n_updates          | 5599      |
|    policy_loss        | 1.19e+09  |
|    reward             | 2616377.0 |
|    std                | 0.982     |
|    value_loss         | 2.56e+14  |
-------------------------------------
=================================
begin_total_asset:1000000
end_total_asset:3268103.3310885946
Sharpe:  0.8790814402174999
=================================
-------------------------------------
| time/                 |           |
|    fps                | 419       |
|    iterations         | 5700      |
|    time_elapsed       | 136       |
|    total_timesteps    | 57000     |
| train/                |           |
|    entropy_loss       | -82.5     |
|    explained_variance | 0         |
|    learning_rate      | 0.0004    |
|    n_updates          | 5699      |
|    policy_loss        | 6.6e+08   |
|    reward             | 1440489.5 |
|    std                | 0.981     |
|    value_loss         | 7.96e+13  |
-------------------------------------
-------------------------------------
| time/                 |           |
|    fps                | 419       |
|    iterations         | 5800      |
|    time_elapsed       | 138       |
|    total_timesteps    | 58000     |
| train/                |           |
|    entropy_loss       | -82.6     |
|    explained_variance | -1.19e-07 |
|    learning_rate      | 0.0004    |
|    n_updates          | 5799      |
|    policy_loss        | 1.29e+09  |
|    reward             | 2665280.8 |
|    std                | 0.981     |
|    value_loss         | 2.75e+14  |
-------------------------------------
=================================
begin_total_asset:1000000
end_total_asset:3406818.628941489
Sharpe:  0.879002893129605
=================================
-------------------------------------
| time/                 |           |
|    fps                | 419       |
|    iterations         | 5900      |
|    time_elapsed       | 140       |
|    total_timesteps    | 59000     |
| train/                |           |
|    entropy_loss       | -82.6     |
|    explained_variance | 1.19e-07  |
|    learning_rate      | 0.0004    |
|    n_updates          | 5899      |
|    policy_loss        | 6.6e+08   |
|    reward             | 1515675.5 |
|    std                | 0.981     |
|    value_loss         | 7.66e+13  |
-------------------------------------
-------------------------------------
| time/                 |           |
|    fps                | 419       |
|    iterations         | 6000      |
|    time_elapsed       | 143       |
|    total_timesteps    | 60000     |
| train/                |           |
|    entropy_loss       | -82.5     |
|    explained_variance | 0         |
|    learning_rate      | 0.0004    |
|    n_updates          | 5999      |
|    policy_loss        | 1.33e+09  |
|    reward             | 3105367.8 |
|    std                | 0.981     |
|    value_loss         | 3.43e+14  |
-------------------------------------
=================================
begin_total_asset:1000000
end_total_asset:3733935.931303195
Sharpe:  0.9356897464205
=================================
-------------------------------------
| time/                 |           |
|    fps                | 419       |
|    iterations         | 6100      |
|    time_elapsed       | 145       |
|    total_timesteps    | 61000     |
| train/                |           |
|    entropy_loss       | -82.5     |
|    explained_variance | 1.19e-07  |
|    learning_rate      | 0.0004    |
|    n_updates          | 6099      |
|    policy_loss        | 6.43e+08  |
|    reward             | 1459194.1 |
|    std                | 0.98      |
|    value_loss         | 7.43e+13  |
-------------------------------------
-------------------------------------
| time/                 |           |
|    fps                | 419       |
|    iterations         | 6200      |
|    time_elapsed       | 147       |
|    total_timesteps    | 62000     |
| train/                |           |
|    entropy_loss       | -82.5     |
|    explained_variance | 5.96e-08  |
|    learning_rate      | 0.0004    |
|    n_updates          | 6199      |
|    policy_loss        | 1.31e+09  |
|    reward             | 2986741.2 |
|    std                | 0.98      |
|    value_loss         | 3.34e+14  |
-------------------------------------
=================================
begin_total_asset:1000000
end_total_asset:3572440.5797443306
Sharpe:  0.9123832982406443
=================================
-------------------------------------
| time/                 |           |
|    fps                | 419       |
|    iterations         | 6300      |
|    time_elapsed       | 150       |
|    total_timesteps    | 63000     |
| train/                |           |
|    entropy_loss       | -82.5     |
|    explained_variance | 0         |
|    learning_rate      | 0.0004    |
|    n_updates          | 6299      |
|    policy_loss        | 6.3e+08   |
|    reward             | 1418282.2 |
|    std                | 0.98      |
|    value_loss         | 7.87e+13  |
-------------------------------------
-------------------------------------
| time/                 |           |
|    fps                | 419       |
|    iterations         | 6400      |
|    time_elapsed       | 152       |
|    total_timesteps    | 64000     |
| train/                |           |
|    entropy_loss       | -82.5     |
|    explained_variance | 5.96e-08  |
|    learning_rate      | 0.0004    |
|    n_updates          | 6399      |
|    policy_loss        | 1.26e+09  |
|    reward             | 2887843.5 |
|    std                | 0.98      |
|    value_loss         | 3.01e+14  |
-------------------------------------
=================================
begin_total_asset:1000000
end_total_asset:3506700.782594962
Sharpe:  0.9057366131410091
=================================
-------------------------------------
| time/                 |           |
|    fps                | 419       |
|    iterations         | 6500      |
|    time_elapsed       | 154       |
|    total_timesteps    | 65000     |
| train/                |           |
|    entropy_loss       | -82.4     |
|    explained_variance | -1.19e-07 |
|    learning_rate      | 0.0004    |
|    n_updates          | 6499      |
|    policy_loss        | 6.52e+08  |
|    reward             | 1467925.0 |
|    std                | 0.979     |
|    value_loss         | 8.06e+13  |
-------------------------------------
-------------------------------------
| time/                 |           |
|    fps                | 419       |
|    iterations         | 6600      |
|    time_elapsed       | 157       |
|    total_timesteps    | 66000     |
| train/                |           |
|    entropy_loss       | -82.4     |
|    explained_variance | 0         |
|    learning_rate      | 0.0004    |
|    n_updates          | 6599      |
|    policy_loss        | 1.2e+09   |
|    reward             | 2994422.0 |
|    std                | 0.978     |
|    value_loss         | 2.98e+14  |
-------------------------------------
=================================
begin_total_asset:1000000
end_total_asset:3522974.1092456775
Sharpe:  0.8995007543816851
=================================
-------------------------------------
| time/                 |           |
|    fps                | 419       |
|    iterations         | 6700      |
|    time_elapsed       | 159       |
|    total_timesteps    | 67000     |
| train/                |           |
|    entropy_loss       | -82.4     |
|    explained_variance | -1.19e-07 |
|    learning_rate      | 0.0004    |
|    n_updates          | 6699      |
|    policy_loss        | 6.34e+08  |
|    reward             | 1496687.9 |
|    std                | 0.978     |
|    value_loss         | 7.77e+13  |
-------------------------------------
-------------------------------------
| time/                 |           |
|    fps                | 419       |
|    iterations         | 6800      |
|    time_elapsed       | 162       |
|    total_timesteps    | 68000     |
| train/                |           |
|    entropy_loss       | -82.3     |
|    explained_variance | -2.38e-07 |
|    learning_rate      | 0.0004    |
|    n_updates          | 6799      |
|    policy_loss        | 1.26e+09  |
|    reward             | 2881604.2 |
|    std                | 0.977     |
|    value_loss         | 2.99e+14  |
-------------------------------------
=================================
begin_total_asset:1000000
end_total_asset:3604020.6506136493
Sharpe:  0.9049660654091266
=================================
-------------------------------------
| time/                 |           |
|    fps                | 419       |
|    iterations         | 6900      |
|    time_elapsed       | 164       |
|    total_timesteps    | 69000     |
| train/                |           |
|    entropy_loss       | -82.3     |
|    explained_variance | 0         |
|    learning_rate      | 0.0004    |
|    n_updates          | 6899      |
|    policy_loss        | 6.07e+08  |
|    reward             | 1436532.5 |
|    std                | 0.977     |
|    value_loss         | 6.99e+13  |
-------------------------------------
-------------------------------------
| time/                 |           |
|    fps                | 419       |
|    iterations         | 7000      |
|    time_elapsed       | 166       |
|    total_timesteps    | 70000     |
| train/                |           |
|    entropy_loss       | -82.3     |
|    explained_variance | 0         |
|    learning_rate      | 0.0004    |
|    n_updates          | 6999      |
|    policy_loss        | 1.28e+09  |
|    reward             | 3004802.8 |
|    std                | 0.978     |
|    value_loss         | 3.04e+14  |
-------------------------------------
=================================
begin_total_asset:1000000
end_total_asset:3784414.5256367074
Sharpe:  0.9320424300718857
=================================
-------------------------------------
| time/                 |           |
|    fps                | 418       |
|    iterations         | 7100      |
|    time_elapsed       | 169       |
|    total_timesteps    | 71000     |
| train/                |           |
|    entropy_loss       | -82.2     |
|    explained_variance | 5.96e-08  |
|    learning_rate      | 0.0004    |
|    n_updates          | 7099      |
|    policy_loss        | 5.93e+08  |
|    reward             | 1411733.9 |
|    std                | 0.976     |
|    value_loss         | 6.59e+13  |
-------------------------------------
-------------------------------------
| time/                 |           |
|    fps                | 418       |
|    iterations         | 7200      |
|    time_elapsed       | 171       |
|    total_timesteps    | 72000     |
| train/                |           |
|    entropy_loss       | -82.3     |
|    explained_variance | 0         |
|    learning_rate      | 0.0004    |
|    n_updates          | 7199      |
|    policy_loss        | 1.25e+09  |
|    reward             | 2933502.2 |
|    std                | 0.976     |
|    value_loss         | 2.99e+14  |
-------------------------------------
=================================
begin_total_asset:1000000
end_total_asset:3736342.1341860234
Sharpe:  0.9310384000663949
=================================
-------------------------------------
| time/                 |           |
|    fps                | 418       |
|    iterations         | 7300      |
|    time_elapsed       | 174       |
|    total_timesteps    | 73000     |
| train/                |           |
|    entropy_loss       | -82.3     |
|    explained_variance | 5.96e-08  |
|    learning_rate      | 0.0004    |
|    n_updates          | 7299      |
|    policy_loss        | 5.9e+08   |
|    reward             | 1343329.6 |
|    std                | 0.977     |
|    value_loss         | 6.89e+13  |
-------------------------------------
-------------------------------------
| time/                 |           |
|    fps                | 418       |
|    iterations         | 7400      |
|    time_elapsed       | 176       |
|    total_timesteps    | 74000     |
| train/                |           |
|    entropy_loss       | -82.3     |
|    explained_variance | -1.19e-07 |
|    learning_rate      | 0.0004    |
|    n_updates          | 7399      |
|    policy_loss        | 1.16e+09  |
|    reward             | 2765492.2 |
|    std                | 0.976     |
|    value_loss         | 2.7e+14   |
-------------------------------------
=================================
begin_total_asset:1000000
end_total_asset:3575645.411104067
Sharpe:  0.9113537768233053
=================================
-------------------------------------
| time/                 |           |
|    fps                | 418       |
|    iterations         | 7500      |
|    time_elapsed       | 179       |
|    total_timesteps    | 75000     |
| train/                |           |
|    entropy_loss       | -82.3     |
|    explained_variance | 0         |
|    learning_rate      | 0.0004    |
|    n_updates          | 7499      |
|    policy_loss        | 6.32e+08  |
|    reward             | 1374025.2 |
|    std                | 0.977     |
|    value_loss         | 7.23e+13  |
-------------------------------------
-------------------------------------
| time/                 |           |
|    fps                | 418       |
|    iterations         | 7600      |
|    time_elapsed       | 181       |
|    total_timesteps    | 76000     |
| train/                |           |
|    entropy_loss       | -82.3     |
|    explained_variance | 0         |
|    learning_rate      | 0.0004    |
|    n_updates          | 7599      |
|    policy_loss        | 1.21e+09  |
|    reward             | 2642300.2 |
|    std                | 0.977     |
|    value_loss         | 2.63e+14  |
-------------------------------------
=================================
begin_total_asset:1000000
end_total_asset:3469003.533090315
Sharpe:  0.8804190639992744
=================================
-------------------------------------
| time/                 |           |
|    fps                | 418       |
|    iterations         | 7700      |
|    time_elapsed       | 183       |
|    total_timesteps    | 77000     |
| train/                |           |
|    entropy_loss       | -82.2     |
|    explained_variance | 0         |
|    learning_rate      | 0.0004    |
|    n_updates          | 7699      |
|    policy_loss        | 6.15e+08  |
|    reward             | 1395168.9 |
|    std                | 0.976     |
|    value_loss         | 6.8e+13   |
-------------------------------------
-------------------------------------
| time/                 |           |
|    fps                | 419       |
|    iterations         | 7800      |
|    time_elapsed       | 186       |
|    total_timesteps    | 78000     |
| train/                |           |
|    entropy_loss       | -82.2     |
|    explained_variance | 0         |
|    learning_rate      | 0.0004    |
|    n_updates          | 7799      |
|    policy_loss        | 1.13e+09  |
|    reward             | 2745228.0 |
|    std                | 0.976     |
|    value_loss         | 2.52e+14  |
-------------------------------------
=================================
begin_total_asset:1000000
end_total_asset:3463180.6890393146
Sharpe:  0.8732002512829833
=================================
-------------------------------------
| time/                 |           |
|    fps                | 418       |
|    iterations         | 7900      |
|    time_elapsed       | 188       |
|    total_timesteps    | 79000     |
| train/                |           |
|    entropy_loss       | -82.2     |
|    explained_variance | -1.19e-07 |
|    learning_rate      | 0.0004    |
|    n_updates          | 7899      |
|    policy_loss        | 6.1e+08   |
|    reward             | 1395512.4 |
|    std                | 0.976     |
|    value_loss         | 6.67e+13  |
-------------------------------------
-------------------------------------
| time/                 |           |
|    fps                | 419       |
|    iterations         | 8000      |
|    time_elapsed       | 190       |
|    total_timesteps    | 80000     |
| train/                |           |
|    entropy_loss       | -82.2     |
|    explained_variance | 5.96e-08  |
|    learning_rate      | 0.0004    |
|    n_updates          | 7999      |
|    policy_loss        | 1.15e+09  |
|    reward             | 2764231.5 |
|    std                | 0.976     |
|    value_loss         | 2.49e+14  |
-------------------------------------
=================================
begin_total_asset:1000000
end_total_asset:3594872.9630306438
Sharpe:  0.8966103728628114
=================================
-------------------------------------
| time/                 |           |
|    fps                | 418       |
|    iterations         | 8100      |
|    time_elapsed       | 193       |
|    total_timesteps    | 81000     |
| train/                |           |
|    entropy_loss       | -82.2     |
|    explained_variance | 5.96e-08  |
|    learning_rate      | 0.0004    |
|    n_updates          | 8099      |
|    policy_loss        | 6.39e+08  |
|    reward             | 1427380.5 |
|    std                | 0.976     |
|    value_loss         | 7.1e+13   |
-------------------------------------
-------------------------------------
| time/                 |           |
|    fps                | 419       |
|    iterations         | 8200      |
|    time_elapsed       | 195       |
|    total_timesteps    | 82000     |
| train/                |           |
|    entropy_loss       | -82.2     |
|    explained_variance | 0         |
|    learning_rate      | 0.0004    |
|    n_updates          | 8199      |
|    policy_loss        | 1.13e+09  |
|    reward             | 2508503.0 |
|    std                | 0.975     |
|    value_loss         | 2.3e+14   |
-------------------------------------
=================================
begin_total_asset:1000000
end_total_asset:3380272.4525317885
Sharpe:  0.901756419418083
=================================
-------------------------------------
| time/                 |           |
|    fps                | 419       |
|    iterations         | 8300      |
|    time_elapsed       | 198       |
|    total_timesteps    | 83000     |
| train/                |           |
|    entropy_loss       | -82.2     |
|    explained_variance | 0         |
|    learning_rate      | 0.0004    |
|    n_updates          | 8299      |
|    policy_loss        | 5.96e+08  |
|    reward             | 1381194.2 |
|    std                | 0.975     |
|    value_loss         | 6.79e+13  |
-------------------------------------
-------------------------------------
| time/                 |           |
|    fps                | 419       |
|    iterations         | 8400      |
|    time_elapsed       | 200       |
|    total_timesteps    | 84000     |
| train/                |           |
|    entropy_loss       | -82.1     |
|    explained_variance | -1.19e-07 |
|    learning_rate      | 0.0004    |
|    n_updates          | 8399      |
|    policy_loss        | 1.23e+09  |
|    reward             | 2676771.0 |
|    std                | 0.974     |
|    value_loss         | 2.82e+14  |
-------------------------------------
=================================
begin_total_asset:1000000
end_total_asset:3523891.375072808
Sharpe:  0.8868863076617789
=================================
-------------------------------------
| time/                 |           |
|    fps                | 419       |
|    iterations         | 8500      |
|    time_elapsed       | 202       |
|    total_timesteps    | 85000     |
| train/                |           |
|    entropy_loss       | -82.1     |
|    explained_variance | -1.19e-07 |
|    learning_rate      | 0.0004    |
|    n_updates          | 8499      |
|    policy_loss        | 5.76e+08  |
|    reward             | 1409292.1 |
|    std                | 0.974     |
|    value_loss         | 6.64e+13  |
-------------------------------------
-------------------------------------
| time/                 |           |
|    fps                | 419       |
|    iterations         | 8600      |
|    time_elapsed       | 205       |
|    total_timesteps    | 86000     |
| train/                |           |
|    entropy_loss       | -82.1     |
|    explained_variance | 0         |
|    learning_rate      | 0.0004    |
|    n_updates          | 8599      |
|    policy_loss        | 1.25e+09  |
|    reward             | 3051062.0 |
|    std                | 0.973     |
|    value_loss         | 3.19e+14  |
-------------------------------------
=================================
begin_total_asset:1000000
end_total_asset:3935550.345121394
Sharpe:  0.9602900278462255
=================================
-------------------------------------
| time/                 |           |
|    fps                | 419       |
|    iterations         | 8700      |
|    time_elapsed       | 207       |
|    total_timesteps    | 87000     |
| train/                |           |
|    entropy_loss       | -82.1     |
|    explained_variance | -1.19e-07 |
|    learning_rate      | 0.0004    |
|    n_updates          | 8699      |
|    policy_loss        | 5.57e+08  |
|    reward             | 1300178.2 |
|    std                | 0.973     |
|    value_loss         | 5.76e+13  |
-------------------------------------
-------------------------------------
| time/                 |           |
|    fps                | 419       |
|    iterations         | 8800      |
|    time_elapsed       | 209       |
|    total_timesteps    | 88000     |
| train/                |           |
|    entropy_loss       | -82.1     |
|    explained_variance | 0         |
|    learning_rate      | 0.0004    |
|    n_updates          | 8799      |
|    policy_loss        | 1.12e+09  |
|    reward             | 2680250.2 |
|    std                | 0.973     |
|    value_loss         | 2.37e+14  |
-------------------------------------
=================================
begin_total_asset:1000000
end_total_asset:3423458.8377462705
Sharpe:  0.8734934018373082
=================================
-------------------------------------
| time/                 |           |
|    fps                | 419       |
|    iterations         | 8900      |
|    time_elapsed       | 212       |
|    total_timesteps    | 89000     |
| train/                |           |
|    entropy_loss       | -82       |
|    explained_variance | 0         |
|    learning_rate      | 0.0004    |
|    n_updates          | 8899      |
|    policy_loss        | 5.36e+08  |
|    reward             | 1285789.8 |
|    std                | 0.973     |
|    value_loss         | 5.38e+13  |
-------------------------------------
-------------------------------------
| time/                 |           |
|    fps                | 418       |
|    iterations         | 9000      |
|    time_elapsed       | 214       |
|    total_timesteps    | 90000     |
| train/                |           |
|    entropy_loss       | -82       |
|    explained_variance | 0         |
|    learning_rate      | 0.0004    |
|    n_updates          | 8999      |
|    policy_loss        | 1.08e+09  |
|    reward             | 2561394.2 |
|    std                | 0.972     |
|    value_loss         | 2.14e+14  |
-------------------------------------
=================================
begin_total_asset:1000000
end_total_asset:3235809.593238814
Sharpe:  0.8425981198004605
=================================
-------------------------------------
| time/                 |           |
|    fps                | 418       |
|    iterations         | 9100      |
|    time_elapsed       | 217       |
|    total_timesteps    | 91000     |
| train/                |           |
|    entropy_loss       | -82       |
|    explained_variance | -1.19e-07 |
|    learning_rate      | 0.0004    |
|    n_updates          | 9099      |
|    policy_loss        | 5.51e+08  |
|    reward             | 1251528.8 |
|    std                | 0.972     |
|    value_loss         | 5.55e+13  |
-------------------------------------
-------------------------------------
| time/                 |           |
|    fps                | 419       |
|    iterations         | 9200      |
|    time_elapsed       | 219       |
|    total_timesteps    | 92000     |
| train/                |           |
|    entropy_loss       | -82.1     |
|    explained_variance | 0         |
|    learning_rate      | 0.0004    |
|    n_updates          | 9199      |
|    policy_loss        | 1.13e+09  |
|    reward             | 2438786.8 |
|    std                | 0.974     |
|    value_loss         | 2.28e+14  |
-------------------------------------
=================================
begin_total_asset:1000000
end_total_asset:3307317.8841470825
Sharpe:  0.8785392254545968
=================================
-------------------------------------
| time/                 |           |
|    fps                | 419       |
|    iterations         | 9300      |
|    time_elapsed       | 221       |
|    total_timesteps    | 93000     |
| train/                |           |
|    entropy_loss       | -82.1     |
|    explained_variance | 0         |
|    learning_rate      | 0.0004    |
|    n_updates          | 9299      |
|    policy_loss        | 5.59e+08  |
|    reward             | 1214886.2 |
|    std                | 0.973     |
|    value_loss         | 6.1e+13   |
-------------------------------------
-------------------------------------
| time/                 |           |
|    fps                | 419       |
|    iterations         | 9400      |
|    time_elapsed       | 224       |
|    total_timesteps    | 94000     |
| train/                |           |
|    entropy_loss       | -82       |
|    explained_variance | 0         |
|    learning_rate      | 0.0004    |
|    n_updates          | 9399      |
|    policy_loss        | 1.16e+09  |
|    reward             | 2650462.8 |
|    std                | 0.973     |
|    value_loss         | 2.55e+14  |
-------------------------------------
=================================
begin_total_asset:1000000
end_total_asset:3560410.9039475527
Sharpe:  0.9029600264693465
=================================
-------------------------------------
| time/                 |           |
|    fps                | 419       |
|    iterations         | 9500      |
|    time_elapsed       | 226       |
|    total_timesteps    | 95000     |
| train/                |           |
|    entropy_loss       | -82       |
|    explained_variance | 0         |
|    learning_rate      | 0.0004    |
|    n_updates          | 9499      |
|    policy_loss        | 5.96e+08  |
|    reward             | 1366710.4 |
|    std                | 0.972     |
|    value_loss         | 6.56e+13  |
-------------------------------------
-------------------------------------
| time/                 |           |
|    fps                | 419       |
|    iterations         | 9600      |
|    time_elapsed       | 228       |
|    total_timesteps    | 96000     |
| train/                |           |
|    entropy_loss       | -82.1     |
|    explained_variance | 0         |
|    learning_rate      | 0.0004    |
|    n_updates          | 9599      |
|    policy_loss        | 1.06e+09  |
|    reward             | 2683963.8 |
|    std                | 0.973     |
|    value_loss         | 2.29e+14  |
-------------------------------------
=================================
begin_total_asset:1000000
end_total_asset:3634017.1426687418
Sharpe:  0.9086912717280776
=================================
-------------------------------------
| time/                 |           |
|    fps                | 419       |
|    iterations         | 9700      |
|    time_elapsed       | 231       |
|    total_timesteps    | 97000     |
| train/                |           |
|    entropy_loss       | -82       |
|    explained_variance | -1.19e-07 |
|    learning_rate      | 0.0004    |
|    n_updates          | 9699      |
|    policy_loss        | 5.71e+08  |
|    reward             | 1344683.5 |
|    std                | 0.972     |
|    value_loss         | 6.35e+13  |
-------------------------------------
-------------------------------------
| time/                 |           |
|    fps                | 419       |
|    iterations         | 9800      |
|    time_elapsed       | 233       |
|    total_timesteps    | 98000     |
| train/                |           |
|    entropy_loss       | -82       |
|    explained_variance | -2.38e-07 |
|    learning_rate      | 0.0004    |
|    n_updates          | 9799      |
|    policy_loss        | 1.03e+09  |
|    reward             | 2551099.0 |
|    std                | 0.972     |
|    value_loss         | 2.07e+14  |
-------------------------------------
=================================
begin_total_asset:1000000
end_total_asset:3545579.428485889
Sharpe:  0.9031390006523605
=================================
-------------------------------------
| time/                 |           |
|    fps                | 419       |
|    iterations         | 9900      |
|    time_elapsed       | 236       |
|    total_timesteps    | 99000     |
| train/                |           |
|    entropy_loss       | -81.9     |
|    explained_variance | 0         |
|    learning_rate      | 0.0004    |
|    n_updates          | 9899      |
|    policy_loss        | 5.92e+08  |
|    reward             | 1284854.4 |
|    std                | 0.971     |
|    value_loss         | 6.24e+13  |
-------------------------------------
-------------------------------------
| time/                 |           |
|    fps                | 419       |
|    iterations         | 10000     |
|    time_elapsed       | 238       |
|    total_timesteps    | 100000    |
| train/                |           |
|    entropy_loss       | -82       |
|    explained_variance | 0         |
|    learning_rate      | 0.0004    |
|    n_updates          | 9999      |
|    policy_loss        | 1.05e+09  |
|    reward             | 2404793.2 |
|    std                | 0.972     |
|    value_loss         | 1.98e+14  |
-------------------------------------
=================================
begin_total_asset:1000000
end_total_asset:3497234.506368007
Sharpe:  0.8892990425217906
=================================
-------------------------------------
| time/                 |           |
|    fps                | 419       |
|    iterations         | 10100     |
|    time_elapsed       | 240       |
|    total_timesteps    | 101000    |
| train/                |           |
|    entropy_loss       | -82       |
|    explained_variance | 0         |
|    learning_rate      | 0.0004    |
|    n_updates          | 10099     |
|    policy_loss        | 6.11e+08  |
|    reward             | 1345851.4 |
|    std                | 0.972     |
|    value_loss         | 6.99e+13  |
-------------------------------------
-------------------------------------
| time/                 |           |
|    fps                | 419       |
|    iterations         | 10200     |
|    time_elapsed       | 243       |
|    total_timesteps    | 102000    |
| train/                |           |
|    entropy_loss       | -82       |
|    explained_variance | 1.79e-07  |
|    learning_rate      | 0.0004    |
|    n_updates          | 10199     |
|    policy_loss        | 1.1e+09   |
|    reward             | 2451972.5 |
|    std                | 0.972     |
|    value_loss         | 2.37e+14  |
-------------------------------------
=================================
begin_total_asset:1000000
end_total_asset:3656163.30248648
Sharpe:  0.9139220705189071
=================================
-------------------------------------
| time/                 |           |
|    fps                | 419       |
|    iterations         | 10300     |
|    time_elapsed       | 245       |
|    total_timesteps    | 103000    |
| train/                |           |
|    entropy_loss       | -82       |
|    explained_variance | 5.96e-08  |
|    learning_rate      | 0.0004    |
|    n_updates          | 10299     |
|    policy_loss        | 5.99e+08  |
|    reward             | 1373394.9 |
|    std                | 0.972     |
|    value_loss         | 6.53e+13  |
-------------------------------------
-------------------------------------
| time/                 |           |
|    fps                | 419       |
|    iterations         | 10400     |
|    time_elapsed       | 247       |
|    total_timesteps    | 104000    |
| train/                |           |
|    entropy_loss       | -82       |
|    explained_variance | -1.19e-07 |
|    learning_rate      | 0.0004    |
|    n_updates          | 10399     |
|    policy_loss        | 1.07e+09  |
|    reward             | 2327903.0 |
|    std                | 0.971     |
|    value_loss         | 2.15e+14  |
-------------------------------------
=================================
begin_total_asset:1000000
end_total_asset:3354774.4736456126
Sharpe:  0.865913796018706
=================================
-------------------------------------
| time/                 |           |
|    fps                | 419       |
|    iterations         | 10500     |
|    time_elapsed       | 250       |
|    total_timesteps    | 105000    |
| train/                |           |
|    entropy_loss       | -82       |
|    explained_variance | 1.79e-07  |
|    learning_rate      | 0.0004    |
|    n_updates          | 10499     |
|    policy_loss        | 6.11e+08  |
|    reward             | 1363550.4 |
|    std                | 0.971     |
|    value_loss         | 6.53e+13  |
-------------------------------------
-------------------------------------
| time/                 |           |
|    fps                | 419       |
|    iterations         | 10600     |
|    time_elapsed       | 252       |
|    total_timesteps    | 106000    |
| train/                |           |
|    entropy_loss       | -82       |
|    explained_variance | 0         |
|    learning_rate      | 0.0004    |
|    n_updates          | 10599     |
|    policy_loss        | 1.09e+09  |
|    reward             | 2403017.5 |
|    std                | 0.971     |
|    value_loss         | 2.49e+14  |
-------------------------------------
=================================
begin_total_asset:1000000
end_total_asset:3259877.340450768
Sharpe:  0.8519020429141204
=================================
-------------------------------------
| time/                 |           |
|    fps                | 419       |
|    iterations         | 10700     |
|    time_elapsed       | 255       |
|    total_timesteps    | 107000    |
| train/                |           |
|    entropy_loss       | -81.9     |
|    explained_variance | 0         |
|    learning_rate      | 0.0004    |
|    n_updates          | 10699     |
|    policy_loss        | 5.51e+08  |
|    reward             | 1364826.0 |
|    std                | 0.971     |
|    value_loss         | 6.36e+13  |
-------------------------------------
-------------------------------------
| time/                 |           |
|    fps                | 419       |
|    iterations         | 10800     |
|    time_elapsed       | 257       |
|    total_timesteps    | 108000    |
| train/                |           |
|    entropy_loss       | -81.9     |
|    explained_variance | -1.19e-07 |
|    learning_rate      | 0.0004    |
|    n_updates          | 10799     |
|    policy_loss        | 1.11e+09  |
|    reward             | 2621116.0 |
|    std                | 0.971     |
|    value_loss         | 2.32e+14  |
-------------------------------------
=================================
begin_total_asset:1000000
end_total_asset:3330153.1430579457
Sharpe:  0.8615503258726483
=================================
-------------------------------------
| time/                 |           |
|    fps                | 419       |
|    iterations         | 10900     |
|    time_elapsed       | 259       |
|    total_timesteps    | 109000    |
| train/                |           |
|    entropy_loss       | -81.9     |
|    explained_variance | 5.96e-08  |
|    learning_rate      | 0.0004    |
|    n_updates          | 10899     |
|    policy_loss        | 5.54e+08  |
|    reward             | 1326274.5 |
|    std                | 0.97      |
|    value_loss         | 6.24e+13  |
-------------------------------------
-------------------------------------
| time/                 |           |
|    fps                | 419       |
|    iterations         | 11000     |
|    time_elapsed       | 262       |
|    total_timesteps    | 110000    |
| train/                |           |
|    entropy_loss       | -81.8     |
|    explained_variance | 0         |
|    learning_rate      | 0.0004    |
|    n_updates          | 10999     |
|    policy_loss        | 1.02e+09  |
|    reward             | 2491088.2 |
|    std                | 0.97      |
|    value_loss         | 2.01e+14  |
-------------------------------------
=================================
begin_total_asset:1000000
end_total_asset:3278391.4256782765
Sharpe:  0.8497659842338753
=================================
-------------------------------------
| time/                 |           |
|    fps                | 419       |
|    iterations         | 11100     |
|    time_elapsed       | 264       |
|    total_timesteps    | 111000    |
| train/                |           |
|    entropy_loss       | -81.8     |
|    explained_variance | 0         |
|    learning_rate      | 0.0004    |
|    n_updates          | 11099     |
|    policy_loss        | 5.7e+08   |
|    reward             | 1337243.9 |
|    std                | 0.97      |
|    value_loss         | 6.25e+13  |
-------------------------------------
-------------------------------------
| time/                 |           |
|    fps                | 419       |
|    iterations         | 11200     |
|    time_elapsed       | 267       |
|    total_timesteps    | 112000    |
| train/                |           |
|    entropy_loss       | -81.8     |
|    explained_variance | -1.19e-07 |
|    learning_rate      | 0.0004    |
|    n_updates          | 11199     |
|    policy_loss        | 1.07e+09  |
|    reward             | 2536814.5 |
|    std                | 0.969     |
|    value_loss         | 2.18e+14  |
-------------------------------------
=================================
begin_total_asset:1000000
end_total_asset:3551495.901206302
Sharpe:  0.9075823638709244
=================================
-------------------------------------
| time/                 |           |
|    fps                | 419       |
|    iterations         | 11300     |
|    time_elapsed       | 269       |
|    total_timesteps    | 113000    |
| train/                |           |
|    entropy_loss       | -81.8     |
|    explained_variance | -1.19e-07 |
|    learning_rate      | 0.0004    |
|    n_updates          | 11299     |
|    policy_loss        | 5.69e+08  |
|    reward             | 1286892.6 |
|    std                | 0.969     |
|    value_loss         | 5.67e+13  |
-------------------------------------
-------------------------------------
| time/                 |           |
|    fps                | 419       |
|    iterations         | 11400     |
|    time_elapsed       | 271       |
|    total_timesteps    | 114000    |
| train/                |           |
|    entropy_loss       | -81.7     |
|    explained_variance | 0         |
|    learning_rate      | 0.0004    |
|    n_updates          | 11399     |
|    policy_loss        | 1.02e+09  |
|    reward             | 2423274.5 |
|    std                | 0.967     |
|    value_loss         | 2.17e+14  |
-------------------------------------
=================================
begin_total_asset:1000000
end_total_asset:3427797.1806551972
Sharpe:  0.8866916843777757
=================================
-------------------------------------
| time/                 |           |
|    fps                | 419       |
|    iterations         | 11500     |
|    time_elapsed       | 274       |
|    total_timesteps    | 115000    |
| train/                |           |
|    entropy_loss       | -81.7     |
|    explained_variance | 2.38e-07  |
|    learning_rate      | 0.0004    |
|    n_updates          | 11499     |
|    policy_loss        | 5.61e+08  |
|    reward             | 1266270.2 |
|    std                | 0.967     |
|    value_loss         | 5.95e+13  |
-------------------------------------
-------------------------------------
| time/                 |           |
|    fps                | 419       |
|    iterations         | 11600     |
|    time_elapsed       | 276       |
|    total_timesteps    | 116000    |
| train/                |           |
|    entropy_loss       | -81.7     |
|    explained_variance | 1.79e-07  |
|    learning_rate      | 0.0004    |
|    n_updates          | 11599     |
|    policy_loss        | 1.14e+09  |
|    reward             | 2398897.8 |
|    std                | 0.966     |
|    value_loss         | 2.55e+14  |
-------------------------------------
=================================
begin_total_asset:1000000
end_total_asset:3481977.2073240676
Sharpe:  0.8839910891407456
=================================
-------------------------------------
| time/                 |           |
|    fps                | 419       |
|    iterations         | 11700     |
|    time_elapsed       | 279       |
|    total_timesteps    | 117000    |
| train/                |           |
|    entropy_loss       | -81.6     |
|    explained_variance | 1.19e-07  |
|    learning_rate      | 0.0004    |
|    n_updates          | 11699     |
|    policy_loss        | 5.29e+08  |
|    reward             | 1287030.8 |
|    std                | 0.965     |
|    value_loss         | 5.62e+13  |
-------------------------------------
-------------------------------------
| time/                 |           |
|    fps                | 419       |
|    iterations         | 11800     |
|    time_elapsed       | 281       |
|    total_timesteps    | 118000    |
| train/                |           |
|    entropy_loss       | -81.6     |
|    explained_variance | 0         |
|    learning_rate      | 0.0004    |
|    n_updates          | 11799     |
|    policy_loss        | 1.09e+09  |
|    reward             | 2598252.0 |
|    std                | 0.966     |
|    value_loss         | 2.31e+14  |
-------------------------------------
=================================
begin_total_asset:1000000
end_total_asset:3373135.3045838275
Sharpe:  0.8682123297570379
=================================
-------------------------------------
| time/                 |           |
|    fps                | 419       |
|    iterations         | 11900     |
|    time_elapsed       | 283       |
|    total_timesteps    | 119000    |
| train/                |           |
|    entropy_loss       | -81.6     |
|    explained_variance | -1.19e-07 |
|    learning_rate      | 0.0004    |
|    n_updates          | 11899     |
|    policy_loss        | 5.44e+08  |
|    reward             | 1236563.6 |
|    std                | 0.965     |
|    value_loss         | 5.33e+13  |
-------------------------------------
-------------------------------------
| time/                 |           |
|    fps                | 419       |
|    iterations         | 12000     |
|    time_elapsed       | 286       |
|    total_timesteps    | 120000    |
| train/                |           |
|    entropy_loss       | -81.6     |
|    explained_variance | 0         |
|    learning_rate      | 0.0004    |
|    n_updates          | 11999     |
|    policy_loss        | 1.27e+09  |
|    reward             | 2645517.8 |
|    std                | 0.965     |
|    value_loss         | 2.79e+14  |
-------------------------------------
=================================
begin_total_asset:1000000
end_total_asset:3586070.381888722
Sharpe:  0.9101476471154893
=================================
-------------------------------------
| time/                 |           |
|    fps                | 419       |
|    iterations         | 12100     |
|    time_elapsed       | 288       |
|    total_timesteps    | 121000    |
| train/                |           |
|    entropy_loss       | -81.6     |
|    explained_variance | 0         |
|    learning_rate      | 0.0004    |
|    n_updates          | 12099     |
|    policy_loss        | 5.16e+08  |
|    reward             | 1262476.4 |
|    std                | 0.965     |
|    value_loss         | 5.52e+13  |
-------------------------------------
-------------------------------------
| time/                 |           |
|    fps                | 419       |
|    iterations         | 12200     |
|    time_elapsed       | 290       |
|    total_timesteps    | 122000    |
| train/                |           |
|    entropy_loss       | -81.5     |
|    explained_variance | -1.19e-07 |
|    learning_rate      | 0.0004    |
|    n_updates          | 12199     |
|    policy_loss        | 1.29e+09  |
|    reward             | 2661049.5 |
|    std                | 0.965     |
|    value_loss         | 2.99e+14  |
-------------------------------------
=================================
begin_total_asset:1000000
end_total_asset:3365459.1597874677
Sharpe:  0.8719082829984978
=================================
-------------------------------------
| time/                 |           |
|    fps                | 419       |
|    iterations         | 12300     |
|    time_elapsed       | 293       |
|    total_timesteps    | 123000    |
| train/                |           |
|    entropy_loss       | -81.5     |
|    explained_variance | -1.19e-07 |
|    learning_rate      | 0.0004    |
|    n_updates          | 12299     |
|    policy_loss        | 5.2e+08   |
|    reward             | 1199352.5 |
|    std                | 0.965     |
|    value_loss         | 5.17e+13  |
-------------------------------------
-------------------------------------
| time/                 |           |
|    fps                | 419       |
|    iterations         | 12400     |
|    time_elapsed       | 295       |
|    total_timesteps    | 124000    |
| train/                |           |
|    entropy_loss       | -81.5     |
|    explained_variance | 0         |
|    learning_rate      | 0.0004    |
|    n_updates          | 12399     |
|    policy_loss        | 1.24e+09  |
|    reward             | 2766749.0 |
|    std                | 0.964     |
|    value_loss         | 2.86e+14  |
-------------------------------------
=================================
begin_total_asset:1000000
end_total_asset:3264044.101555816
Sharpe:  0.8509679420991518
=================================
-------------------------------------
| time/                 |           |
|    fps                | 419       |
|    iterations         | 12500     |
|    time_elapsed       | 298       |
|    total_timesteps    | 125000    |
| train/                |           |
|    entropy_loss       | -81.5     |
|    explained_variance | 1.79e-07  |
|    learning_rate      | 0.0004    |
|    n_updates          | 12499     |
|    policy_loss        | 5.52e+08  |
|    reward             | 1229792.5 |
|    std                | 0.964     |
|    value_loss         | 5.5e+13   |
-------------------------------------
-------------------------------------
| time/                 |           |
|    fps                | 419       |
|    iterations         | 12600     |
|    time_elapsed       | 300       |
|    total_timesteps    | 126000    |
| train/                |           |
|    entropy_loss       | -81.5     |
|    explained_variance | 5.96e-08  |
|    learning_rate      | 0.0004    |
|    n_updates          | 12599     |
|    policy_loss        | 1.2e+09   |
|    reward             | 2950399.0 |
|    std                | 0.964     |
|    value_loss         | 2.7e+14   |
-------------------------------------
=================================
begin_total_asset:1000000
end_total_asset:3291422.783837062
Sharpe:  0.8514067384329445
=================================
-------------------------------------
| time/                 |           |
|    fps                | 418       |
|    iterations         | 12700     |
|    time_elapsed       | 303       |
|    total_timesteps    | 127000    |
| train/                |           |
|    entropy_loss       | -81.5     |
|    explained_variance | 1.19e-07  |
|    learning_rate      | 0.0004    |
|    n_updates          | 12699     |
|    policy_loss        | 5.41e+08  |
|    reward             | 1173095.6 |
|    std                | 0.964     |
|    value_loss         | 5.46e+13  |
-------------------------------------
-------------------------------------
| time/                 |           |
|    fps                | 419       |
|    iterations         | 12800     |
|    time_elapsed       | 305       |
|    total_timesteps    | 128000    |
| train/                |           |
|    entropy_loss       | -81.5     |
|    explained_variance | 0         |
|    learning_rate      | 0.0004    |
|    n_updates          | 12799     |
|    policy_loss        | 1.2e+09   |
|    reward             | 2658570.2 |
|    std                | 0.964     |
|    value_loss         | 2.69e+14  |
-------------------------------------
=================================
begin_total_asset:1000000
end_total_asset:3333232.646633475
Sharpe:  0.8714985660523128
=================================
-------------------------------------
| time/                 |           |
|    fps                | 418       |
|    iterations         | 12900     |
|    time_elapsed       | 307       |
|    total_timesteps    | 129000    |
| train/                |           |
|    entropy_loss       | -81.5     |
|    explained_variance | 0         |
|    learning_rate      | 0.0004    |
|    n_updates          | 12899     |
|    policy_loss        | 5.57e+08  |
|    reward             | 1253670.2 |
|    std                | 0.964     |
|    value_loss         | 5.54e+13  |
-------------------------------------
-------------------------------------
| time/                 |           |
|    fps                | 419       |
|    iterations         | 13000     |
|    time_elapsed       | 310       |
|    total_timesteps    | 130000    |
| train/                |           |
|    entropy_loss       | -81.4     |
|    explained_variance | 5.96e-08  |
|    learning_rate      | 0.0004    |
|    n_updates          | 12999     |
|    policy_loss        | 1.25e+09  |
|    reward             | 2867795.0 |
|    std                | 0.963     |
|    value_loss         | 3.13e+14  |
-------------------------------------
=================================
begin_total_asset:1000000
end_total_asset:3571270.6747441255
Sharpe:  0.9075536702435486
=================================
-------------------------------------
| time/                 |           |
|    fps                | 418       |
|    iterations         | 13100     |
|    time_elapsed       | 312       |
|    total_timesteps    | 131000    |
| train/                |           |
|    entropy_loss       | -81.5     |
|    explained_variance | 0         |
|    learning_rate      | 0.0004    |
|    n_updates          | 13099     |
|    policy_loss        | 5.65e+08  |
|    reward             | 1239978.5 |
|    std                | 0.963     |
|    value_loss         | 5.92e+13  |
-------------------------------------
-------------------------------------
| time/                 |           |
|    fps                | 418       |
|    iterations         | 13200     |
|    time_elapsed       | 315       |
|    total_timesteps    | 132000    |
| train/                |           |
|    entropy_loss       | -81.4     |
|    explained_variance | -2.38e-07 |
|    learning_rate      | 0.0004    |
|    n_updates          | 13199     |
|    policy_loss        | 1.24e+09  |
|    reward             | 3007626.2 |
|    std                | 0.963     |
|    value_loss         | 3.1e+14   |
-------------------------------------
=================================
begin_total_asset:1000000
end_total_asset:3508635.6763957553
Sharpe:  0.9033448249572207
=================================
-------------------------------------
| time/                 |           |
|    fps                | 418       |
|    iterations         | 13300     |
|    time_elapsed       | 317       |
|    total_timesteps    | 133000    |
| train/                |           |
|    entropy_loss       | -81.4     |
|    explained_variance | -1.19e-07 |
|    learning_rate      | 0.0004    |
|    n_updates          | 13299     |
|    policy_loss        | 5.55e+08  |
|    reward             | 1230195.5 |
|    std                | 0.963     |
|    value_loss         | 6.01e+13  |
-------------------------------------
-------------------------------------
| time/                 |           |
|    fps                | 418       |
|    iterations         | 13400     |
|    time_elapsed       | 319       |
|    total_timesteps    | 134000    |
| train/                |           |
|    entropy_loss       | -81.4     |
|    explained_variance | -1.19e-07 |
|    learning_rate      | 0.0004    |
|    n_updates          | 13399     |
|    policy_loss        | 1.3e+09   |
|    reward             | 2766123.8 |
|    std                | 0.962     |
|    value_loss         | 3.16e+14  |
-------------------------------------
=================================
begin_total_asset:1000000
end_total_asset:3409061.861192959
Sharpe:  0.8793124221494194
=================================
-------------------------------------
| time/                 |           |
|    fps                | 418       |
|    iterations         | 13500     |
|    time_elapsed       | 322       |
|    total_timesteps    | 135000    |
| train/                |           |
|    entropy_loss       | -81.4     |
|    explained_variance | -1.19e-07 |
|    learning_rate      | 0.0004    |
|    n_updates          | 13499     |
|    policy_loss        | 5.17e+08  |
|    reward             | 1294190.6 |
|    std                | 0.962     |
|    value_loss         | 5.48e+13  |
-------------------------------------
-------------------------------------
| time/                 |           |
|    fps                | 418       |
|    iterations         | 13600     |
|    time_elapsed       | 324       |
|    total_timesteps    | 136000    |
| train/                |           |
|    entropy_loss       | -81.3     |
|    explained_variance | -1.19e-07 |
|    learning_rate      | 0.0004    |
|    n_updates          | 13599     |
|    policy_loss        | 1.36e+09  |
|    reward             | 3127374.0 |
|    std                | 0.961     |
|    value_loss         | 3.44e+14  |
-------------------------------------
=================================
begin_total_asset:1000000
end_total_asset:3678150.5921066594
Sharpe:  0.926612865089609
=================================
-------------------------------------
| time/                 |           |
|    fps                | 418       |
|    iterations         | 13700     |
|    time_elapsed       | 327       |
|    total_timesteps    | 137000    |
| train/                |           |
|    entropy_loss       | -81.3     |
|    explained_variance | 1.79e-07  |
|    learning_rate      | 0.0004    |
|    n_updates          | 13699     |
|    policy_loss        | 5.35e+08  |
|    reward             | 1247578.0 |
|    std                | 0.96      |
|    value_loss         | 5.35e+13  |
-------------------------------------
-------------------------------------
| time/                 |           |
|    fps                | 418       |
|    iterations         | 13800     |
|    time_elapsed       | 329       |
|    total_timesteps    | 138000    |
| train/                |           |
|    entropy_loss       | -81.2     |
|    explained_variance | 0         |
|    learning_rate      | 0.0004    |
|    n_updates          | 13799     |
|    policy_loss        | 1.31e+09  |
|    reward             | 3065587.2 |
|    std                | 0.96      |
|    value_loss         | 3.24e+14  |
-------------------------------------
=================================
begin_total_asset:1000000
end_total_asset:3502820.707219934
Sharpe:  0.8949548391638751
=================================
-------------------------------------
| time/                 |           |
|    fps                | 418       |
|    iterations         | 13900     |
|    time_elapsed       | 331       |
|    total_timesteps    | 139000    |
| train/                |           |
|    entropy_loss       | -81.2     |
|    explained_variance | 0         |
|    learning_rate      | 0.0004    |
|    n_updates          | 13899     |
|    policy_loss        | 5.24e+08  |
|    reward             | 1237697.2 |
|    std                | 0.959     |
|    value_loss         | 5.19e+13  |
-------------------------------------
-------------------------------------
| time/                 |           |
|    fps                | 418       |
|    iterations         | 14000     |
|    time_elapsed       | 334       |
|    total_timesteps    | 140000    |
| train/                |           |
|    entropy_loss       | -81.1     |
|    explained_variance | 5.96e-08  |
|    learning_rate      | 0.0004    |
|    n_updates          | 13999     |
|    policy_loss        | 1.21e+09  |
|    reward             | 2859397.5 |
|    std                | 0.958     |
|    value_loss         | 2.99e+14  |
-------------------------------------
=================================
begin_total_asset:1000000
end_total_asset:3316908.053884707
Sharpe:  0.8633743411010077
=================================
-------------------------------------
| time/                 |           |
|    fps                | 418       |
|    iterations         | 14100     |
|    time_elapsed       | 336       |
|    total_timesteps    | 141000    |
| train/                |           |
|    entropy_loss       | -81.1     |
|    explained_variance | 1.19e-07  |
|    learning_rate      | 0.0004    |
|    n_updates          | 14099     |
|    policy_loss        | 5.32e+08  |
|    reward             | 1205815.0 |
|    std                | 0.958     |
|    value_loss         | 5.04e+13  |
-------------------------------------
-------------------------------------
| time/                 |           |
|    fps                | 418       |
|    iterations         | 14200     |
|    time_elapsed       | 339       |
|    total_timesteps    | 142000    |
| train/                |           |
|    entropy_loss       | -81.1     |
|    explained_variance | -1.19e-07 |
|    learning_rate      | 0.0004    |
|    n_updates          | 14199     |
|    policy_loss        | 1.31e+09  |
|    reward             | 2987898.5 |
|    std                | 0.958     |
|    value_loss         | 3.23e+14  |
-------------------------------------
=================================
begin_total_asset:1000000
end_total_asset:3439691.4275666196
Sharpe:  0.8868451618018901
=================================
-------------------------------------
| time/                 |           |
|    fps                | 418       |
|    iterations         | 14300     |
|    time_elapsed       | 341       |
|    total_timesteps    | 143000    |
| train/                |           |
|    entropy_loss       | -81.1     |
|    explained_variance | -1.19e-07 |
|    learning_rate      | 0.0004    |
|    n_updates          | 14299     |
|    policy_loss        | 5.23e+08  |
|    reward             | 1187358.9 |
|    std                | 0.958     |
|    value_loss         | 5.06e+13  |
-------------------------------------
-------------------------------------
| time/                 |           |
|    fps                | 418       |
|    iterations         | 14400     |
|    time_elapsed       | 343       |
|    total_timesteps    | 144000    |
| train/                |           |
|    entropy_loss       | -81.1     |
|    explained_variance | 0         |
|    learning_rate      | 0.0004    |
|    n_updates          | 14399     |
|    policy_loss        | 1.22e+09  |
|    reward             | 3033003.2 |
|    std                | 0.958     |
|    value_loss         | 3e+14     |
-------------------------------------
=================================
begin_total_asset:1000000
end_total_asset:3495783.6792932968
Sharpe:  0.8938329544227482
=================================
-------------------------------------
| time/                 |           |
|    fps                | 418       |
|    iterations         | 14500     |
|    time_elapsed       | 346       |
|    total_timesteps    | 145000    |
| train/                |           |
|    entropy_loss       | -81.1     |
|    explained_variance | 0         |
|    learning_rate      | 0.0004    |
|    n_updates          | 14499     |
|    policy_loss        | 4.95e+08  |
|    reward             | 1165640.1 |
|    std                | 0.957     |
|    value_loss         | 4.89e+13  |
-------------------------------------
-------------------------------------
| time/                 |           |
|    fps                | 418       |
|    iterations         | 14600     |
|    time_elapsed       | 348       |
|    total_timesteps    | 146000    |
| train/                |           |
|    entropy_loss       | -81       |
|    explained_variance | -2.38e-07 |
|    learning_rate      | 0.0004    |
|    n_updates          | 14599     |
|    policy_loss        | 1.18e+09  |
|    reward             | 2938821.2 |
|    std                | 0.956     |
|    value_loss         | 2.83e+14  |
-------------------------------------
=================================
begin_total_asset:1000000
end_total_asset:3524576.6994198365
Sharpe:  0.9045430000037576
=================================
-------------------------------------
| time/                 |           |
|    fps                | 418       |
|    iterations         | 14700     |
|    time_elapsed       | 351       |
|    total_timesteps    | 147000    |
| train/                |           |
|    entropy_loss       | -80.9     |
|    explained_variance | -1.19e-07 |
|    learning_rate      | 0.0004    |
|    n_updates          | 14699     |
|    policy_loss        | 5.16e+08  |
|    reward             | 1183406.9 |
|    std                | 0.955     |
|    value_loss         | 4.8e+13   |
-------------------------------------
-------------------------------------
| time/                 |           |
|    fps                | 418       |
|    iterations         | 14800     |
|    time_elapsed       | 353       |
|    total_timesteps    | 148000    |
| train/                |           |
|    entropy_loss       | -80.9     |
|    explained_variance | -1.19e-07 |
|    learning_rate      | 0.0004    |
|    n_updates          | 14799     |
|    policy_loss        | 1.14e+09  |
|    reward             | 2720829.5 |
|    std                | 0.954     |
|    value_loss         | 2.73e+14  |
-------------------------------------
=================================
begin_total_asset:1000000
end_total_asset:3455074.438040538
Sharpe:  0.8929293414724098
=================================
-------------------------------------
| time/                 |           |
|    fps                | 418       |
|    iterations         | 14900     |
|    time_elapsed       | 355       |
|    total_timesteps    | 149000    |
| train/                |           |
|    entropy_loss       | -80.8     |
|    explained_variance | 1.19e-07  |
|    learning_rate      | 0.0004    |
|    n_updates          | 14899     |
|    policy_loss        | 4.98e+08  |
|    reward             | 1158748.4 |
|    std                | 0.954     |
|    value_loss         | 4.74e+13  |
-------------------------------------
-------------------------------------
| time/                 |           |
|    fps                | 418       |
|    iterations         | 15000     |
|    time_elapsed       | 358       |
|    total_timesteps    | 150000    |
| train/                |           |
|    entropy_loss       | -80.8     |
|    explained_variance | 1.19e-07  |
|    learning_rate      | 0.0004    |
|    n_updates          | 14999     |
|    policy_loss        | 1.25e+09  |
|    reward             | 2817543.5 |
|    std                | 0.953     |
|    value_loss         | 3.09e+14  |
-------------------------------------
=================================
begin_total_asset:1000000
end_total_asset:3531045.3123824215
Sharpe:  0.9042663163005779
=================================
-------------------------------------
| time/                 |           |
|    fps                | 418       |
|    iterations         | 15100     |
|    time_elapsed       | 360       |
|    total_timesteps    | 151000    |
| train/                |           |
|    entropy_loss       | -80.7     |
|    explained_variance | 1.19e-07  |
|    learning_rate      | 0.0004    |
|    n_updates          | 15099     |
|    policy_loss        | 4.91e+08  |
|    reward             | 1148349.4 |
|    std                | 0.952     |
|    value_loss         | 4.5e+13   |
-------------------------------------
-------------------------------------
| time/                 |           |
|    fps                | 419       |
|    iterations         | 15200     |
|    time_elapsed       | 362       |
|    total_timesteps    | 152000    |
| train/                |           |
|    entropy_loss       | -80.7     |
|    explained_variance | 0         |
|    learning_rate      | 0.0004    |
|    n_updates          | 15199     |
|    policy_loss        | 1.24e+09  |
|    reward             | 2917053.5 |
|    std                | 0.951     |
|    value_loss         | 2.98e+14  |
-------------------------------------
=================================
begin_total_asset:1000000
end_total_asset:3530764.1342004663
Sharpe:  0.9104857078472433
=================================
-------------------------------------
| time/                 |           |
|    fps                | 419       |
|    iterations         | 15300     |
|    time_elapsed       | 365       |
|    total_timesteps    | 153000    |
| train/                |           |
|    entropy_loss       | -80.7     |
|    explained_variance | 0         |
|    learning_rate      | 0.0004    |
|    n_updates          | 15299     |
|    policy_loss        | 5.04e+08  |
|    reward             | 1120030.2 |
|    std                | 0.951     |
|    value_loss         | 4.55e+13  |
-------------------------------------
-------------------------------------
| time/                 |           |
|    fps                | 419       |
|    iterations         | 15400     |
|    time_elapsed       | 367       |
|    total_timesteps    | 154000    |
| train/                |           |
|    entropy_loss       | -80.7     |
|    explained_variance | 5.96e-08  |
|    learning_rate      | 0.0004    |
|    n_updates          | 15399     |
|    policy_loss        | 1.13e+09  |
|    reward             | 2923630.0 |
|    std                | 0.951     |
|    value_loss         | 2.52e+14  |
-------------------------------------
=================================
begin_total_asset:1000000
end_total_asset:3637699.2948161107
Sharpe:  0.9231528747177002
=================================
-------------------------------------
| time/                 |           |
|    fps                | 419       |
|    iterations         | 15500     |
|    time_elapsed       | 369       |
|    total_timesteps    | 155000    |
| train/                |           |
|    entropy_loss       | -80.6     |
|    explained_variance | 0         |
|    learning_rate      | 0.0004    |
|    n_updates          | 15499     |
|    policy_loss        | 4.65e+08  |
|    reward             | 1113477.8 |
|    std                | 0.949     |
|    value_loss         | 4.53e+13  |
-------------------------------------
-------------------------------------
| time/                 |           |
|    fps                | 419       |
|    iterations         | 15600     |
|    time_elapsed       | 372       |
|    total_timesteps    | 156000    |
| train/                |           |
|    entropy_loss       | -80.6     |
|    explained_variance | -1.19e-07 |
|    learning_rate      | 0.0004    |
|    n_updates          | 15599     |
|    policy_loss        | 1.02e+09  |
|    reward             | 2847175.2 |
|    std                | 0.95      |
|    value_loss         | 2e+14     |
-------------------------------------
=================================
begin_total_asset:1000000
end_total_asset:3508462.9474883685
Sharpe:  0.9002244169424097
=================================
-------------------------------------
| time/                 |           |
|    fps                | 419       |
|    iterations         | 15700     |
|    time_elapsed       | 374       |
|    total_timesteps    | 157000    |
| train/                |           |
|    entropy_loss       | -80.6     |
|    explained_variance | 0         |
|    learning_rate      | 0.0004    |
|    n_updates          | 15699     |
|    policy_loss        | 4.73e+08  |
|    reward             | 1124106.2 |
|    std                | 0.95      |
|    value_loss         | 4.29e+13  |
-------------------------------------
-------------------------------------
| time/                 |           |
|    fps                | 419       |
|    iterations         | 15800     |
|    time_elapsed       | 376       |
|    total_timesteps    | 158000    |
| train/                |           |
|    entropy_loss       | -80.6     |
|    explained_variance | 0         |
|    learning_rate      | 0.0004    |
|    n_updates          | 15799     |
|    policy_loss        | 9.6e+08   |
|    reward             | 2368459.5 |
|    std                | 0.95      |
|    value_loss         | 2.05e+14  |
-------------------------------------
=================================
begin_total_asset:1000000
end_total_asset:3590346.809961301
Sharpe:  0.9250503188820796
=================================
-------------------------------------
| time/                 |           |
|    fps                | 419       |
|    iterations         | 15900     |
|    time_elapsed       | 379       |
|    total_timesteps    | 159000    |
| train/                |           |
|    entropy_loss       | -80.6     |
|    explained_variance | -1.19e-07 |
|    learning_rate      | 0.0004    |
|    n_updates          | 15899     |
|    policy_loss        | 4.69e+08  |
|    reward             | 1092714.5 |
|    std                | 0.949     |
|    value_loss         | 4.3e+13   |
-------------------------------------
-------------------------------------
| time/                 |           |
|    fps                | 419       |
|    iterations         | 16000     |
|    time_elapsed       | 381       |
|    total_timesteps    | 160000    |
| train/                |           |
|    entropy_loss       | -80.6     |
|    explained_variance | 1.19e-07  |
|    learning_rate      | 0.0004    |
|    n_updates          | 15999     |
|    policy_loss        | 1e+09     |
|    reward             | 2387998.0 |
|    std                | 0.949     |
|    value_loss         | 1.97e+14  |
-------------------------------------
=================================
begin_total_asset:1000000
end_total_asset:3603233.6548719634
Sharpe:  0.918313474833373
=================================
-------------------------------------
| time/                 |           |
|    fps                | 419       |
|    iterations         | 16100     |
|    time_elapsed       | 383       |
|    total_timesteps    | 161000    |
| train/                |           |
|    entropy_loss       | -80.6     |
|    explained_variance | 1.19e-07  |
|    learning_rate      | 0.0004    |
|    n_updates          | 16099     |
|    policy_loss        | 4.59e+08  |
|    reward             | 1103537.0 |
|    std                | 0.949     |
|    value_loss         | 4.3e+13   |
-------------------------------------
-------------------------------------
| time/                 |           |
|    fps                | 419       |
|    iterations         | 16200     |
|    time_elapsed       | 386       |
|    total_timesteps    | 162000    |
| train/                |           |
|    entropy_loss       | -80.6     |
|    explained_variance | 0         |
|    learning_rate      | 0.0004    |
|    n_updates          | 16199     |
|    policy_loss        | 9.79e+08  |
|    reward             | 2300677.0 |
|    std                | 0.949     |
|    value_loss         | 1.9e+14   |
-------------------------------------
=================================
begin_total_asset:1000000
end_total_asset:3538046.077973544
Sharpe:  0.9033631534042196
=================================
-------------------------------------
| time/                 |           |
|    fps                | 419       |
|    iterations         | 16300     |
|    time_elapsed       | 388       |
|    total_timesteps    | 163000    |
| train/                |           |
|    entropy_loss       | -80.5     |
|    explained_variance | 0         |
|    learning_rate      | 0.0004    |
|    n_updates          | 16299     |
|    policy_loss        | 4.61e+08  |
|    reward             | 1096148.1 |
|    std                | 0.949     |
|    value_loss         | 4.11e+13  |
-------------------------------------
-------------------------------------
| time/                 |           |
|    fps                | 419       |
|    iterations         | 16400     |
|    time_elapsed       | 391       |
|    total_timesteps    | 164000    |
| train/                |           |
|    entropy_loss       | -80.5     |
|    explained_variance | 0         |
|    learning_rate      | 0.0004    |
|    n_updates          | 16399     |
|    policy_loss        | 9.67e+08  |
|    reward             | 2301427.5 |
|    std                | 0.948     |
|    value_loss         | 1.86e+14  |
-------------------------------------
=================================
begin_total_asset:1000000
end_total_asset:3536677.228091926
Sharpe:  0.90578799319006
=================================
-------------------------------------
| time/                 |           |
|    fps                | 419       |
|    iterations         | 16500     |
|    time_elapsed       | 393       |
|    total_timesteps    | 165000    |
| train/                |           |
|    entropy_loss       | -80.5     |
|    explained_variance | 0         |
|    learning_rate      | 0.0004    |
|    n_updates          | 16499     |
|    policy_loss        | 4.6e+08   |
|    reward             | 1071267.1 |
|    std                | 0.948     |
|    value_loss         | 4.11e+13  |
-------------------------------------
-------------------------------------
| time/                 |           |
|    fps                | 419       |
|    iterations         | 16600     |
|    time_elapsed       | 395       |
|    total_timesteps    | 166000    |
| train/                |           |
|    entropy_loss       | -80.4     |
|    explained_variance | 0         |
|    learning_rate      | 0.0004    |
|    n_updates          | 16599     |
|    policy_loss        | 9.69e+08  |
|    reward             | 2312785.5 |
|    std                | 0.947     |
|    value_loss         | 1.88e+14  |
-------------------------------------
=================================
begin_total_asset:1000000
end_total_asset:3524201.526203929
Sharpe:  0.9069380253976643
=================================
-------------------------------------
| time/                 |           |
|    fps                | 419       |
|    iterations         | 16700     |
|    time_elapsed       | 398       |
|    total_timesteps    | 167000    |
| train/                |           |
|    entropy_loss       | -80.4     |
|    explained_variance | 0         |
|    learning_rate      | 0.0004    |
|    n_updates          | 16699     |
|    policy_loss        | 4.7e+08   |
|    reward             | 1062945.5 |
|    std                | 0.947     |
|    value_loss         | 3.98e+13  |
-------------------------------------
-------------------------------------
| time/                 |           |
|    fps                | 419       |
|    iterations         | 16800     |
|    time_elapsed       | 400       |
|    total_timesteps    | 168000    |
| train/                |           |
|    entropy_loss       | -80.4     |
|    explained_variance | 0         |
|    learning_rate      | 0.0004    |
|    n_updates          | 16799     |
|    policy_loss        | 9.59e+08  |
|    reward             | 2277652.8 |
|    std                | 0.946     |
|    value_loss         | 1.79e+14  |
-------------------------------------
=================================
begin_total_asset:1000000
end_total_asset:3524113.284324931
Sharpe:  0.9076629299923765
=================================
-------------------------------------
| time/                 |           |
|    fps                | 419       |
|    iterations         | 16900     |
|    time_elapsed       | 402       |
|    total_timesteps    | 169000    |
| train/                |           |
|    entropy_loss       | -80.4     |
|    explained_variance | 0         |
|    learning_rate      | 0.0004    |
|    n_updates          | 16899     |
|    policy_loss        | 4.69e+08  |
|    reward             | 1067296.5 |
|    std                | 0.946     |
|    value_loss         | 4.03e+13  |
-------------------------------------
-------------------------------------
| time/                 |           |
|    fps                | 419       |
|    iterations         | 17000     |
|    time_elapsed       | 404       |
|    total_timesteps    | 170000    |
| train/                |           |
|    entropy_loss       | -80.3     |
|    explained_variance | -1.19e-07 |
|    learning_rate      | 0.0004    |
|    n_updates          | 16999     |
|    policy_loss        | 8.9e+08   |
|    reward             | 2251661.5 |
|    std                | 0.945     |
|    value_loss         | 1.69e+14  |
-------------------------------------
=================================
begin_total_asset:1000000
end_total_asset:3579934.1922027734
Sharpe:  0.9190882963606385
=================================
-------------------------------------
| time/                 |           |
|    fps                | 419       |
|    iterations         | 17100     |
|    time_elapsed       | 407       |
|    total_timesteps    | 171000    |
| train/                |           |
|    entropy_loss       | -80.3     |
|    explained_variance | -1.19e-07 |
|    learning_rate      | 0.0004    |
|    n_updates          | 17099     |
|    policy_loss        | 4.46e+08  |
|    reward             | 1057323.8 |
|    std                | 0.944     |
|    value_loss         | 3.98e+13  |
-------------------------------------
-------------------------------------
| time/                 |           |
|    fps                | 419       |
|    iterations         | 17200     |
|    time_elapsed       | 409       |
|    total_timesteps    | 172000    |
| train/                |           |
|    entropy_loss       | -80.2     |
|    explained_variance | -1.19e-07 |
|    learning_rate      | 0.0004    |
|    n_updates          | 17199     |
|    policy_loss        | 9.25e+08  |
|    reward             | 2194633.8 |
|    std                | 0.943     |
|    value_loss         | 1.66e+14  |
-------------------------------------
=================================
begin_total_asset:1000000
end_total_asset:3537686.8017327185
Sharpe:  0.9064829758025068
=================================
-------------------------------------
| time/                 |           |
|    fps                | 419       |
|    iterations         | 17300     |
|    time_elapsed       | 411       |
|    total_timesteps    | 173000    |
| train/                |           |
|    entropy_loss       | -80.1     |
|    explained_variance | 0         |
|    learning_rate      | 0.0004    |
|    n_updates          | 17299     |
|    policy_loss        | 4.57e+08  |
|    reward             | 1051087.4 |
|    std                | 0.942     |
|    value_loss         | 4.03e+13  |
-------------------------------------
-------------------------------------
| time/                 |           |
|    fps                | 420       |
|    iterations         | 17400     |
|    time_elapsed       | 414       |
|    total_timesteps    | 174000    |
| train/                |           |
|    entropy_loss       | -80.1     |
|    explained_variance | 0         |
|    learning_rate      | 0.0004    |
|    n_updates          | 17399     |
|    policy_loss        | 8.76e+08  |
|    reward             | 2178632.0 |
|    std                | 0.942     |
|    value_loss         | 1.63e+14  |
-------------------------------------
=================================
begin_total_asset:1000000
end_total_asset:3498832.603790053
Sharpe:  0.896709461507636
=================================
-------------------------------------
| time/                 |           |
|    fps                | 420       |
|    iterations         | 17500     |
|    time_elapsed       | 416       |
|    total_timesteps    | 175000    |
| train/                |           |
|    entropy_loss       | -80.1     |
|    explained_variance | 0         |
|    learning_rate      | 0.0004    |
|    n_updates          | 17499     |
|    policy_loss        | 4.26e+08  |
|    reward             | 1051194.8 |
|    std                | 0.942     |
|    value_loss         | 3.95e+13  |
-------------------------------------
-------------------------------------
| time/                 |           |
|    fps                | 420       |
|    iterations         | 17600     |
|    time_elapsed       | 418       |
|    total_timesteps    | 176000    |
| train/                |           |
|    entropy_loss       | -80.1     |
|    explained_variance | 0         |
|    learning_rate      | 0.0004    |
|    n_updates          | 17599     |
|    policy_loss        | 8.92e+08  |
|    reward             | 2103704.0 |
|    std                | 0.942     |
|    value_loss         | 1.59e+14  |
-------------------------------------
=================================
begin_total_asset:1000000
end_total_asset:3494076.3754844167
Sharpe:  0.8896494556907477
=================================
-------------------------------------
| time/                 |           |
|    fps                | 420       |
|    iterations         | 17700     |
|    time_elapsed       | 421       |
|    total_timesteps    | 177000    |
| train/                |           |
|    entropy_loss       | -80.1     |
|    explained_variance | 0         |
|    learning_rate      | 0.0004    |
|    n_updates          | 17699     |
|    policy_loss        | 4.28e+08  |
|    reward             | 1048207.4 |
|    std                | 0.942     |
|    value_loss         | 3.71e+13  |
-------------------------------------
-------------------------------------
| time/                 |           |
|    fps                | 420       |
|    iterations         | 17800     |
|    time_elapsed       | 423       |
|    total_timesteps    | 178000    |
| train/                |           |
|    entropy_loss       | -80.2     |
|    explained_variance | 1.19e-07  |
|    learning_rate      | 0.0004    |
|    n_updates          | 17799     |
|    policy_loss        | 8.98e+08  |
|    reward             | 2116553.0 |
|    std                | 0.943     |
|    value_loss         | 1.55e+14  |
-------------------------------------
=================================
begin_total_asset:1000000
end_total_asset:3485158.7232641564
Sharpe:  0.9004035390656177
=================================
-------------------------------------
| time/                 |           |
|    fps                | 420       |
|    iterations         | 17900     |
|    time_elapsed       | 426       |
|    total_timesteps    | 179000    |
| train/                |           |
|    entropy_loss       | -80.1     |
|    explained_variance | -1.19e-07 |
|    learning_rate      | 0.0004    |
|    n_updates          | 17899     |
|    policy_loss        | 4.27e+08  |
|    reward             | 1020610.2 |
|    std                | 0.942     |
|    value_loss         | 3.66e+13  |
-------------------------------------
-------------------------------------
| time/                 |           |
|    fps                | 420       |
|    iterations         | 18000     |
|    time_elapsed       | 428       |
|    total_timesteps    | 180000    |
| train/                |           |
|    entropy_loss       | -80.1     |
|    explained_variance | 5.96e-08  |
|    learning_rate      | 0.0004    |
|    n_updates          | 17999     |
|    policy_loss        | 8.34e+08  |
|    reward             | 2068629.1 |
|    std                | 0.941     |
|    value_loss         | 1.48e+14  |
-------------------------------------
=================================
begin_total_asset:1000000
end_total_asset:3568994.66246209
Sharpe:  0.9098437622436679
=================================
-------------------------------------
| time/                 |           |
|    fps                | 420       |
|    iterations         | 18100     |
|    time_elapsed       | 430       |
|    total_timesteps    | 181000    |
| train/                |           |
|    entropy_loss       | -80       |
|    explained_variance | 0         |
|    learning_rate      | 0.0004    |
|    n_updates          | 18099     |
|    policy_loss        | 1.56e+09  |
|    reward             | 1007467.1 |
|    std                | 0.941     |
|    value_loss         | 4.64e+14  |
-------------------------------------
-------------------------------------
| time/                 |           |
|    fps                | 420       |
|    iterations         | 18200     |
|    time_elapsed       | 433       |
|    total_timesteps    | 182000    |
| train/                |           |
|    entropy_loss       | -80       |
|    explained_variance | 0         |
|    learning_rate      | 0.0004    |
|    n_updates          | 18199     |
|    policy_loss        | 8.64e+08  |
|    reward             | 2053222.1 |
|    std                | 0.941     |
|    value_loss         | 1.4e+14   |
-------------------------------------
-------------------------------------
| time/                 |           |
|    fps                | 420       |
|    iterations         | 18300     |
|    time_elapsed       | 435       |
|    total_timesteps    | 183000    |
| train/                |           |
|    entropy_loss       | -80       |
|    explained_variance | 0         |
|    learning_rate      | 0.0004    |
|    n_updates          | 18299     |
|    policy_loss        | 1.63e+09  |
|    reward             | 3555581.0 |
|    std                | 0.94      |
|    value_loss         | 4.9e+14   |
-------------------------------------
=================================
begin_total_asset:1000000
end_total_asset:3555581.1097076433
Sharpe:  0.9115392957566151
=================================
-------------------------------------
| time/                 |           |
|    fps                | 420       |
|    iterations         | 18400     |
|    time_elapsed       | 437       |
|    total_timesteps    | 184000    |
| train/                |           |
|    entropy_loss       | -80       |
|    explained_variance | 0         |
|    learning_rate      | 0.0004    |
|    n_updates          | 18399     |
|    policy_loss        | 8.46e+08  |
|    reward             | 2014204.0 |
|    std                | 0.94      |
|    value_loss         | 1.41e+14  |
-------------------------------------
-------------------------------------
| time/                 |           |
|    fps                | 420       |
|    iterations         | 18500     |
|    time_elapsed       | 439       |
|    total_timesteps    | 185000    |
| train/                |           |
|    entropy_loss       | -80       |
|    explained_variance | 0         |
|    learning_rate      | 0.0004    |
|    n_updates          | 18499     |
|    policy_loss        | 1.57e+09  |
|    reward             | 3640499.0 |
|    std                | 0.941     |
|    value_loss         | 4.77e+14  |
-------------------------------------
=================================
begin_total_asset:1000000
end_total_asset:3541277.9951401143
Sharpe:  0.9066314739207119
=================================
-------------------------------------
| time/                 |           |
|    fps                | 420       |
|    iterations         | 18600     |
|    time_elapsed       | 442       |
|    total_timesteps    | 186000    |
| train/                |           |
|    entropy_loss       | -80       |
|    explained_variance | 0         |
|    learning_rate      | 0.0004    |
|    n_updates          | 18599     |
|    policy_loss        | 8.21e+08  |
|    reward             | 1956748.6 |
|    std                | 0.94      |
|    value_loss         | 1.25e+14  |
-------------------------------------
-------------------------------------
| time/                 |           |
|    fps                | 420       |
|    iterations         | 18700     |
|    time_elapsed       | 444       |
|    total_timesteps    | 187000    |
| train/                |           |
|    entropy_loss       | -80       |
|    explained_variance | 0         |
|    learning_rate      | 0.0004    |
|    n_updates          | 18699     |
|    policy_loss        | 1.56e+09  |
|    reward             | 3650844.2 |
|    std                | 0.94      |
|    value_loss         | 4.52e+14  |
-------------------------------------
=================================
begin_total_asset:1000000
end_total_asset:3507970.58665657
Sharpe:  0.8961469932852895
=================================
-------------------------------------
| time/                 |           |
|    fps                | 420       |
|    iterations         | 18800     |
|    time_elapsed       | 446       |
|    total_timesteps    | 188000    |
| train/                |           |
|    entropy_loss       | -80       |
|    explained_variance | 1.19e-07  |
|    learning_rate      | 0.0004    |
|    n_updates          | 18799     |
|    policy_loss        | 7.25e+08  |
|    reward             | 1883710.8 |
|    std                | 0.94      |
|    value_loss         | 1.09e+14  |
-------------------------------------
-------------------------------------
| time/                 |           |
|    fps                | 420       |
|    iterations         | 18900     |
|    time_elapsed       | 448       |
|    total_timesteps    | 189000    |
| train/                |           |
|    entropy_loss       | -80       |
|    explained_variance | 0         |
|    learning_rate      | 0.0004    |
|    n_updates          | 18899     |
|    policy_loss        | 1.56e+09  |
|    reward             | 3551193.5 |
|    std                | 0.94      |
|    value_loss         | 4.32e+14  |
-------------------------------------
=================================
begin_total_asset:1000000
end_total_asset:3420801.2113949405
Sharpe:  0.8810140509976002
=================================
-------------------------------------
| time/                 |           |
|    fps                | 420       |
|    iterations         | 19000     |
|    time_elapsed       | 451       |
|    total_timesteps    | 190000    |
| train/                |           |
|    entropy_loss       | -80       |
|    explained_variance | -1.19e-07 |
|    learning_rate      | 0.0004    |
|    n_updates          | 18999     |
|    policy_loss        | 8.14e+08  |
|    reward             | 1848660.6 |
|    std                | 0.94      |
|    value_loss         | 1.35e+14  |
-------------------------------------
-------------------------------------
| time/                 |           |
|    fps                | 421       |
|    iterations         | 19100     |
|    time_elapsed       | 453       |
|    total_timesteps    | 191000    |
| train/                |           |
|    entropy_loss       | -80       |
|    explained_variance | 0         |
|    learning_rate      | 0.0004    |
|    n_updates          | 19099     |
|    policy_loss        | 1.53e+09  |
|    reward             | 3555638.5 |
|    std                | 0.94      |
|    value_loss         | 4.51e+14  |
-------------------------------------
=================================
begin_total_asset:1000000
end_total_asset:3557603.219558052
Sharpe:  0.9115878715068297
=================================
-------------------------------------
| time/                 |           |
|    fps                | 421       |
|    iterations         | 19200     |
|    time_elapsed       | 455       |
|    total_timesteps    | 192000    |
| train/                |           |
|    entropy_loss       | -80       |
|    explained_variance | 0         |
|    learning_rate      | 0.0004    |
|    n_updates          | 19199     |
|    policy_loss        | 7.84e+08  |
|    reward             | 1796417.4 |
|    std                | 0.941     |
|    value_loss         | 1.09e+14  |
-------------------------------------
-------------------------------------
| time/                 |           |
|    fps                | 421       |
|    iterations         | 19300     |
|    time_elapsed       | 458       |
|    total_timesteps    | 193000    |
| train/                |           |
|    entropy_loss       | -80       |
|    explained_variance | -2.38e-07 |
|    learning_rate      | 0.0004    |
|    n_updates          | 19299     |
|    policy_loss        | 1.41e+09  |
|    reward             | 3342947.0 |
|    std                | 0.94      |
|    value_loss         | 3.94e+14  |
-------------------------------------
=================================
begin_total_asset:1000000
end_total_asset:3350737.6223968216
Sharpe:  0.8727868997156434
=================================
-------------------------------------
| time/                 |           |
|    fps                | 421       |
|    iterations         | 19400     |
|    time_elapsed       | 460       |
|    total_timesteps    | 194000    |
| train/                |           |
|    entropy_loss       | -80       |
|    explained_variance | -1.19e-07 |
|    learning_rate      | 0.0004    |
|    n_updates          | 19399     |
|    policy_loss        | 7.27e+08  |
|    reward             | 1729539.2 |
|    std                | 0.94      |
|    value_loss         | 1.08e+14  |
-------------------------------------
-------------------------------------
| time/                 |           |
|    fps                | 421       |
|    iterations         | 19500     |
|    time_elapsed       | 462       |
|    total_timesteps    | 195000    |
| train/                |           |
|    entropy_loss       | -79.9     |
|    explained_variance | -1.19e-07 |
|    learning_rate      | 0.0004    |
|    n_updates          | 19499     |
|    policy_loss        | 1.41e+09  |
|    reward             | 3419346.2 |
|    std                | 0.939     |
|    value_loss         | 3.88e+14  |
-------------------------------------
=================================
begin_total_asset:1000000
end_total_asset:3445239.869493056
Sharpe:  0.8876468665812937
=================================
-------------------------------------
| time/                 |           |
|    fps                | 421       |
|    iterations         | 19600     |
|    time_elapsed       | 465       |
|    total_timesteps    | 196000    |
| train/                |           |
|    entropy_loss       | -79.9     |
|    explained_variance | 5.96e-08  |
|    learning_rate      | 0.0004    |
|    n_updates          | 19599     |
|    policy_loss        | 7.77e+08  |
|    reward             | 1775054.4 |
|    std                | 0.938     |
|    value_loss         | 1.24e+14  |
-------------------------------------
-------------------------------------
| time/                 |           |
|    fps                | 421       |
|    iterations         | 19700     |
|    time_elapsed       | 467       |
|    total_timesteps    | 197000    |
| train/                |           |
|    entropy_loss       | -79.8     |
|    explained_variance | 0         |
|    learning_rate      | 0.0004    |
|    n_updates          | 19699     |
|    policy_loss        | 1.42e+09  |
|    reward             | 3305263.5 |
|    std                | 0.938     |
|    value_loss         | 3.92e+14  |
-------------------------------------
=================================
begin_total_asset:1000000
end_total_asset:3475012.9162982646
Sharpe:  0.8865247992969773
=================================
-------------------------------------
| time/                 |           |
|    fps                | 421       |
|    iterations         | 19800     |
|    time_elapsed       | 470       |
|    total_timesteps    | 198000    |
| train/                |           |
|    entropy_loss       | -79.8     |
|    explained_variance | 1.19e-07  |
|    learning_rate      | 0.0004    |
|    n_updates          | 19799     |
|    policy_loss        | 7.63e+08  |
|    reward             | 1778112.1 |
|    std                | 0.937     |
|    value_loss         | 1.13e+14  |
-------------------------------------
-------------------------------------
| time/                 |           |
|    fps                | 421       |
|    iterations         | 19900     |
|    time_elapsed       | 472       |
|    total_timesteps    | 199000    |
| train/                |           |
|    entropy_loss       | -79.9     |
|    explained_variance | 0         |
|    learning_rate      | 0.0004    |
|    n_updates          | 19899     |
|    policy_loss        | 1.28e+09  |
|    reward             | 3221406.8 |
|    std                | 0.938     |
|    value_loss         | 3.37e+14  |
-------------------------------------
=================================
begin_total_asset:1000000
end_total_asset:3346212.8611271246
Sharpe:  0.8689150134577645
=================================
-------------------------------------
| time/                 |           |
|    fps                | 421       |
|    iterations         | 20000     |
|    time_elapsed       | 474       |
|    total_timesteps    | 200000    |
| train/                |           |
|    entropy_loss       | -79.8     |
|    explained_variance | 1.79e-07  |
|    learning_rate      | 0.0004    |
|    n_updates          | 19999     |
|    policy_loss        | 7.58e+08  |
|    reward             | 1805553.4 |
|    std                | 0.937     |
|    value_loss         | 1.09e+14  |
-------------------------------------
-------------------------------------
| time/                 |           |
|    fps                | 421       |
|    iterations         | 20100     |
|    time_elapsed       | 477       |
|    total_timesteps    | 201000    |
| train/                |           |
|    entropy_loss       | -79.8     |
|    explained_variance | 2.38e-07  |
|    learning_rate      | 0.0004    |
|    n_updates          | 20099     |
|    policy_loss        | 1.37e+09  |
|    reward             | 3104735.2 |
|    std                | 0.937     |
|    value_loss         | 3.6e+14   |
-------------------------------------
=================================
begin_total_asset:1000000
end_total_asset:3393193.752083339
Sharpe:  0.8832774128415237
=================================
-------------------------------------
| time/                 |           |
|    fps                | 421       |
|    iterations         | 20200     |
|    time_elapsed       | 479       |
|    total_timesteps    | 202000    |
| train/                |           |
|    entropy_loss       | -79.8     |
|    explained_variance | 1.19e-07  |
|    learning_rate      | 0.0004    |
|    n_updates          | 20199     |
|    policy_loss        | 7.48e+08  |
|    reward             | 1734913.6 |
|    std                | 0.937     |
|    value_loss         | 1.04e+14  |
-------------------------------------
-------------------------------------
| time/                 |           |
|    fps                | 421       |
|    iterations         | 20300     |
|    time_elapsed       | 481       |
|    total_timesteps    | 203000    |
| train/                |           |
|    entropy_loss       | -79.7     |
|    explained_variance | -1.19e-07 |
|    learning_rate      | 0.0004    |
|    n_updates          | 20299     |
|    policy_loss        | 1.31e+09  |
|    reward             | 3098429.8 |
|    std                | 0.936     |
|    value_loss         | 3.46e+14  |
-------------------------------------
=================================
begin_total_asset:1000000
end_total_asset:3414624.710949824
Sharpe:  0.8895968577166004
=================================
-------------------------------------
| time/                 |           |
|    fps                | 421       |
|    iterations         | 20400     |
|    time_elapsed       | 484       |
|    total_timesteps    | 204000    |
| train/                |           |
|    entropy_loss       | -79.7     |
|    explained_variance | 0         |
|    learning_rate      | 0.0004    |
|    n_updates          | 20399     |
|    policy_loss        | 6.97e+08  |
|    reward             | 1696749.8 |
|    std                | 0.936     |
|    value_loss         | 9.26e+13  |
-------------------------------------
-------------------------------------
| time/                 |           |
|    fps                | 421       |
|    iterations         | 20500     |
|    time_elapsed       | 486       |
|    total_timesteps    | 205000    |
| train/                |           |
|    entropy_loss       | -79.7     |
|    explained_variance | 0         |
|    learning_rate      | 0.0004    |
|    n_updates          | 20499     |
|    policy_loss        | 1.29e+09  |
|    reward             | 3091831.2 |
|    std                | 0.936     |
|    value_loss         | 3.34e+14  |
-------------------------------------
=================================
begin_total_asset:1000000
end_total_asset:3315495.2180057536
Sharpe:  0.8708959183835432
=================================
-------------------------------------
| time/                 |           |
|    fps                | 421       |
|    iterations         | 20600     |
|    time_elapsed       | 489       |
|    total_timesteps    | 206000    |
| train/                |           |
|    entropy_loss       | -79.7     |
|    explained_variance | 0         |
|    learning_rate      | 0.0004    |
|    n_updates          | 20599     |
|    policy_loss        | 6.73e+08  |
|    reward             | 1659528.9 |
|    std                | 0.935     |
|    value_loss         | 1.02e+14  |
-------------------------------------
-------------------------------------
| time/                 |           |
|    fps                | 421       |
|    iterations         | 20700     |
|    time_elapsed       | 491       |
|    total_timesteps    | 207000    |
| train/                |           |
|    entropy_loss       | -79.7     |
|    explained_variance | -2.38e-07 |
|    learning_rate      | 0.0004    |
|    n_updates          | 20699     |
|    policy_loss        | 1.3e+09   |
|    reward             | 3223387.8 |
|    std                | 0.935     |
|    value_loss         | 3.7e+14   |
-------------------------------------
=================================
begin_total_asset:1000000
end_total_asset:3523901.981622294
Sharpe:  0.9068460281522545
=================================
-------------------------------------
| time/                 |           |
|    fps                | 421       |
|    iterations         | 20800     |
|    time_elapsed       | 493       |
|    total_timesteps    | 208000    |
| train/                |           |
|    entropy_loss       | -79.6     |
|    explained_variance | 0         |
|    learning_rate      | 0.0004    |
|    n_updates          | 20799     |
|    policy_loss        | 6.89e+08  |
|    reward             | 1626891.0 |
|    std                | 0.934     |
|    value_loss         | 8.97e+13  |
-------------------------------------
-------------------------------------
| time/                 |           |
|    fps                | 421       |
|    iterations         | 20900     |
|    time_elapsed       | 496       |
|    total_timesteps    | 209000    |
| train/                |           |
|    entropy_loss       | -79.6     |
|    explained_variance | -1.19e-07 |
|    learning_rate      | 0.0004    |
|    n_updates          | 20899     |
|    policy_loss        | 1.36e+09  |
|    reward             | 3123606.5 |
|    std                | 0.933     |
|    value_loss         | 3.54e+14  |
-------------------------------------
=================================
begin_total_asset:1000000
end_total_asset:3419565.702417148
Sharpe:  0.8898447327158198
=================================
-------------------------------------
| time/                 |           |
|    fps                | 421       |
|    iterations         | 21000     |
|    time_elapsed       | 498       |
|    total_timesteps    | 210000    |
| train/                |           |
|    entropy_loss       | -79.5     |
|    explained_variance | 1.19e-07  |
|    learning_rate      | 0.0004    |
|    n_updates          | 20999     |
|    policy_loss        | 6.75e+08  |
|    reward             | 1666064.5 |
|    std                | 0.932     |
|    value_loss         | 8.82e+13  |
-------------------------------------
-------------------------------------
| time/                 |           |
|    fps                | 421       |
|    iterations         | 21100     |
|    time_elapsed       | 501       |
|    total_timesteps    | 211000    |
| train/                |           |
|    entropy_loss       | -79.5     |
|    explained_variance | 1.19e-07  |
|    learning_rate      | 0.0004    |
|    n_updates          | 21099     |
|    policy_loss        | 1.35e+09  |
|    reward             | 3220413.5 |
|    std                | 0.932     |
|    value_loss         | 3.48e+14  |
-------------------------------------
=================================
begin_total_asset:1000000
end_total_asset:3465918.79752874
Sharpe:  0.8929674777014731
=================================
-------------------------------------
| time/                 |           |
|    fps                | 421       |
|    iterations         | 21200     |
|    time_elapsed       | 503       |
|    total_timesteps    | 212000    |
| train/                |           |
|    entropy_loss       | -79.5     |
|    explained_variance | 5.96e-08  |
|    learning_rate      | 0.0004    |
|    n_updates          | 21199     |
|    policy_loss        | 6.58e+08  |
|    reward             | 1503354.4 |
|    std                | 0.932     |
|    value_loss         | 8.24e+13  |
-------------------------------------
-------------------------------------
| time/                 |           |
|    fps                | 421       |
|    iterations         | 21300     |
|    time_elapsed       | 505       |
|    total_timesteps    | 213000    |
| train/                |           |
|    entropy_loss       | -79.4     |
|    explained_variance | -1.19e-07 |
|    learning_rate      | 0.0004    |
|    n_updates          | 21299     |
|    policy_loss        | 1.37e+09  |
|    reward             | 3109920.2 |
|    std                | 0.931     |
|    value_loss         | 3.45e+14  |
-------------------------------------
=================================
begin_total_asset:1000000
end_total_asset:3479240.9433653066
Sharpe:  0.8872750197570823
=================================
-------------------------------------
| time/                 |           |
|    fps                | 421       |
|    iterations         | 21400     |
|    time_elapsed       | 508       |
|    total_timesteps    | 214000    |
| train/                |           |
|    entropy_loss       | -79.4     |
|    explained_variance | 0         |
|    learning_rate      | 0.0004    |
|    n_updates          | 21399     |
|    policy_loss        | 6.01e+08  |
|    reward             | 1511951.2 |
|    std                | 0.931     |
|    value_loss         | 7.25e+13  |
-------------------------------------
-------------------------------------
| time/                 |           |
|    fps                | 421       |
|    iterations         | 21500     |
|    time_elapsed       | 510       |
|    total_timesteps    | 215000    |
| train/                |           |
|    entropy_loss       | -79.4     |
|    explained_variance | 0         |
|    learning_rate      | 0.0004    |
|    n_updates          | 21499     |
|    policy_loss        | 1.35e+09  |
|    reward             | 3019733.8 |
|    std                | 0.93      |
|    value_loss         | 3.55e+14  |
-------------------------------------
=================================
begin_total_asset:1000000
end_total_asset:3468629.4086928894
Sharpe:  0.8867374016053696
=================================
-------------------------------------
| time/                 |           |
|    fps                | 420       |
|    iterations         | 21600     |
|    time_elapsed       | 513       |
|    total_timesteps    | 216000    |
| train/                |           |
|    entropy_loss       | -79.3     |
|    explained_variance | -1.19e-07 |
|    learning_rate      | 0.0004    |
|    n_updates          | 21599     |
|    policy_loss        | 5.29e+08  |
|    reward             | 1431211.0 |
|    std                | 0.93      |
|    value_loss         | 5.65e+13  |
-------------------------------------
-------------------------------------
| time/                 |           |
|    fps                | 421       |
|    iterations         | 21700     |
|    time_elapsed       | 515       |
|    total_timesteps    | 217000    |
| train/                |           |
|    entropy_loss       | -79.3     |
|    explained_variance | -1.19e-07 |
|    learning_rate      | 0.0004    |
|    n_updates          | 21699     |
|    policy_loss        | 1.27e+09  |
|    reward             | 3065634.8 |
|    std                | 0.93      |
|    value_loss         | 3.35e+14  |
-------------------------------------
=================================
begin_total_asset:1000000
end_total_asset:3352837.5992880757
Sharpe:  0.8695154605955663
=================================
-------------------------------------
| time/                 |           |
|    fps                | 420       |
|    iterations         | 21800     |
|    time_elapsed       | 517       |
|    total_timesteps    | 218000    |
| train/                |           |
|    entropy_loss       | -79.3     |
|    explained_variance | -2.38e-07 |
|    learning_rate      | 0.0004    |
|    n_updates          | 21799     |
|    policy_loss        | 5.9e+08   |
|    reward             | 1365720.6 |
|    std                | 0.929     |
|    value_loss         | 7.65e+13  |
-------------------------------------
-------------------------------------
| time/                 |           |
|    fps                | 421       |
|    iterations         | 21900     |
|    time_elapsed       | 520       |
|    total_timesteps    | 219000    |
| train/                |           |
|    entropy_loss       | -79.3     |
|    explained_variance | 0         |
|    learning_rate      | 0.0004    |
|    n_updates          | 21899     |
|    policy_loss        | 1.31e+09  |
|    reward             | 3214578.5 |
|    std                | 0.929     |
|    value_loss         | 3.56e+14  |
-------------------------------------
=================================
begin_total_asset:1000000
end_total_asset:3534199.07115675
Sharpe:  0.8987811371580635
=================================
-------------------------------------
| time/                 |           |
|    fps                | 421       |
|    iterations         | 22000     |
|    time_elapsed       | 522       |
|    total_timesteps    | 220000    |
| train/                |           |
|    entropy_loss       | -79.3     |
|    explained_variance | 1.19e-07  |
|    learning_rate      | 0.0004    |
|    n_updates          | 21999     |
|    policy_loss        | 6.89e+08  |
|    reward             | 1380227.6 |
|    std                | 0.929     |
|    value_loss         | 1.01e+14  |
-------------------------------------
-------------------------------------
| time/                 |           |
|    fps                | 421       |
|    iterations         | 22100     |
|    time_elapsed       | 524       |
|    total_timesteps    | 221000    |
| train/                |           |
|    entropy_loss       | -79.2     |
|    explained_variance | 1.19e-07  |
|    learning_rate      | 0.0004    |
|    n_updates          | 22099     |
|    policy_loss        | 1.28e+09  |
|    reward             | 3029070.0 |
|    std                | 0.928     |
|    value_loss         | 3.18e+14  |
-------------------------------------
=================================
begin_total_asset:1000000
end_total_asset:3360733.3816606416
Sharpe:  0.8701707403118103
=================================
-------------------------------------
| time/                 |           |
|    fps                | 421       |
|    iterations         | 22200     |
|    time_elapsed       | 527       |
|    total_timesteps    | 222000    |
| train/                |           |
|    entropy_loss       | -79.2     |
|    explained_variance | 1.19e-07  |
|    learning_rate      | 0.0004    |
|    n_updates          | 22199     |
|    policy_loss        | 7.14e+08  |
|    reward             | 1609265.8 |
|    std                | 0.928     |
|    value_loss         | 1.03e+14  |
-------------------------------------
-------------------------------------
| time/                 |           |
|    fps                | 421       |
|    iterations         | 22300     |
|    time_elapsed       | 529       |
|    total_timesteps    | 223000    |
| train/                |           |
|    entropy_loss       | -79.2     |
|    explained_variance | 0         |
|    learning_rate      | 0.0004    |
|    n_updates          | 22299     |
|    policy_loss        | 1.16e+09  |
|    reward             | 2951583.5 |
|    std                | 0.927     |
|    value_loss         | 3.02e+14  |
-------------------------------------
=================================
begin_total_asset:1000000
end_total_asset:3284629.346327338
Sharpe:  0.8724325521305464
=================================
-------------------------------------
| time/                 |           |
|    fps                | 421       |
|    iterations         | 22400     |
|    time_elapsed       | 531       |
|    total_timesteps    | 224000    |
| train/                |           |
|    entropy_loss       | -79.2     |
|    explained_variance | 0         |
|    learning_rate      | 0.0004    |
|    n_updates          | 22399     |
|    policy_loss        | 7.32e+08  |
|    reward             | 1691265.5 |
|    std                | 0.927     |
|    value_loss         | 1.01e+14  |
-------------------------------------
-------------------------------------
| time/                 |           |
|    fps                | 421       |
|    iterations         | 22500     |
|    time_elapsed       | 534       |
|    total_timesteps    | 225000    |
| train/                |           |
|    entropy_loss       | -79.1     |
|    explained_variance | 0         |
|    learning_rate      | 0.0004    |
|    n_updates          | 22499     |
|    policy_loss        | 1.26e+09  |
|    reward             | 3087945.2 |
|    std                | 0.927     |
|    value_loss         | 3.29e+14  |
-------------------------------------
=================================
begin_total_asset:1000000
end_total_asset:3516409.334149837
Sharpe:  0.8951665979085691
=================================
-------------------------------------
| time/                 |           |
|    fps                | 421       |
|    iterations         | 22600     |
|    time_elapsed       | 536       |
|    total_timesteps    | 226000    |
| train/                |           |
|    entropy_loss       | -79.1     |
|    explained_variance | -1.19e-07 |
|    learning_rate      | 0.0004    |
|    n_updates          | 22599     |
|    policy_loss        | 6.68e+08  |
|    reward             | 1657091.8 |
|    std                | 0.927     |
|    value_loss         | 9.37e+13  |
-------------------------------------
-------------------------------------
| time/                 |           |
|    fps                | 421       |
|    iterations         | 22700     |
|    time_elapsed       | 538       |
|    total_timesteps    | 227000    |
| train/                |           |
|    entropy_loss       | -79.1     |
|    explained_variance | 5.96e-08  |
|    learning_rate      | 0.0004    |
|    n_updates          | 22699     |
|    policy_loss        | 1.21e+09  |
|    reward             | 2895437.2 |
|    std                | 0.927     |
|    value_loss         | 3e+14     |
-------------------------------------
=================================
begin_total_asset:1000000
end_total_asset:3363157.071149709
Sharpe:  0.8698715332457994
=================================
-------------------------------------
| time/                 |           |
|    fps                | 421       |
|    iterations         | 22800     |
|    time_elapsed       | 541       |
|    total_timesteps    | 228000    |
| train/                |           |
|    entropy_loss       | -79.1     |
|    explained_variance | 0         |
|    learning_rate      | 0.0004    |
|    n_updates          | 22799     |
|    policy_loss        | 6.9e+08   |
|    reward             | 1688453.6 |
|    std                | 0.926     |
|    value_loss         | 9.85e+13  |
-------------------------------------
-------------------------------------
| time/                 |           |
|    fps                | 421       |
|    iterations         | 22900     |
|    time_elapsed       | 543       |
|    total_timesteps    | 229000    |
| train/                |           |
|    entropy_loss       | -79.1     |
|    explained_variance | 0         |
|    learning_rate      | 0.0004    |
|    n_updates          | 22899     |
|    policy_loss        | 1.26e+09  |
|    reward             | 3005906.2 |
|    std                | 0.926     |
|    value_loss         | 2.98e+14  |
-------------------------------------
=================================
begin_total_asset:1000000
end_total_asset:3492291.0104808314
Sharpe:  0.8980282502503493
=================================
-------------------------------------
| time/                 |           |
|    fps                | 421       |
|    iterations         | 23000     |
|    time_elapsed       | 546       |
|    total_timesteps    | 230000    |
| train/                |           |
|    entropy_loss       | -79.1     |
|    explained_variance | -1.19e-07 |
|    learning_rate      | 0.0004    |
|    n_updates          | 22999     |
|    policy_loss        | 6.53e+08  |
|    reward             | 1596180.5 |
|    std                | 0.927     |
|    value_loss         | 8.57e+13  |
-------------------------------------
-------------------------------------
| time/                 |           |
|    fps                | 421       |
|    iterations         | 23100     |
|    time_elapsed       | 548       |
|    total_timesteps    | 231000    |
| train/                |           |
|    entropy_loss       | -79.1     |
|    explained_variance | 1.79e-07  |
|    learning_rate      | 0.0004    |
|    n_updates          | 23099     |
|    policy_loss        | 1.14e+09  |
|    reward             | 2726989.8 |
|    std                | 0.926     |
|    value_loss         | 2.55e+14  |
-------------------------------------
=================================
begin_total_asset:1000000
end_total_asset:3168348.220643325
Sharpe:  0.839221404971047
=================================
-------------------------------------
| time/                 |           |
|    fps                | 421       |
|    iterations         | 23200     |
|    time_elapsed       | 550       |
|    total_timesteps    | 232000    |
| train/                |           |
|    entropy_loss       | -79.1     |
|    explained_variance | 2.38e-07  |
|    learning_rate      | 0.0004    |
|    n_updates          | 23199     |
|    policy_loss        | 6.32e+08  |
|    reward             | 1562119.5 |
|    std                | 0.926     |
|    value_loss         | 8.64e+13  |
-------------------------------------
-------------------------------------
| time/                 |           |
|    fps                | 421       |
|    iterations         | 23300     |
|    time_elapsed       | 553       |
|    total_timesteps    | 233000    |
| train/                |           |
|    entropy_loss       | -79       |
|    explained_variance | -1.19e-07 |
|    learning_rate      | 0.0004    |
|    n_updates          | 23299     |
|    policy_loss        | 1.13e+09  |
|    reward             | 2738690.5 |
|    std                | 0.925     |
|    value_loss         | 2.43e+14  |
-------------------------------------
=================================
begin_total_asset:1000000
end_total_asset:3279250.922139538
Sharpe:  0.8654789622503547
=================================
-------------------------------------
| time/                 |           |
|    fps                | 420       |
|    iterations         | 23400     |
|    time_elapsed       | 555       |
|    total_timesteps    | 234000    |
| train/                |           |
|    entropy_loss       | -79       |
|    explained_variance | 0         |
|    learning_rate      | 0.0004    |
|    n_updates          | 23399     |
|    policy_loss        | 6.4e+08   |
|    reward             | 1535236.1 |
|    std                | 0.925     |
|    value_loss         | 7.97e+13  |
-------------------------------------
-------------------------------------
| time/                 |           |
|    fps                | 421       |
|    iterations         | 23500     |
|    time_elapsed       | 558       |
|    total_timesteps    | 235000    |
| train/                |           |
|    entropy_loss       | -79       |
|    explained_variance | 0         |
|    learning_rate      | 0.0004    |
|    n_updates          | 23499     |
|    policy_loss        | 1.07e+09  |
|    reward             | 2582513.5 |
|    std                | 0.924     |
|    value_loss         | 2.28e+14  |
-------------------------------------
=================================
begin_total_asset:1000000
end_total_asset:3226668.9290293125
Sharpe:  0.854301428400195
=================================
-------------------------------------
| time/                 |           |
|    fps                | 420       |
|    iterations         | 23600     |
|    time_elapsed       | 560       |
|    total_timesteps    | 236000    |
| train/                |           |
|    entropy_loss       | -78.9     |
|    explained_variance | 0         |
|    learning_rate      | 0.0004    |
|    n_updates          | 23599     |
|    policy_loss        | 6.07e+08  |
|    reward             | 1523274.8 |
|    std                | 0.924     |
|    value_loss         | 7.71e+13  |
-------------------------------------
-------------------------------------
| time/                 |           |
|    fps                | 420       |
|    iterations         | 23700     |
|    time_elapsed       | 562       |
|    total_timesteps    | 237000    |
| train/                |           |
|    entropy_loss       | -79       |
|    explained_variance | 0         |
|    learning_rate      | 0.0004    |
|    n_updates          | 23699     |
|    policy_loss        | 1.14e+09  |
|    reward             | 2662730.2 |
|    std                | 0.924     |
|    value_loss         | 2.58e+14  |
-------------------------------------
=================================
begin_total_asset:1000000
end_total_asset:3401431.3811688125
Sharpe:  0.8811568024407667
=================================
-------------------------------------
| time/                 |           |
|    fps                | 420       |
|    iterations         | 23800     |
|    time_elapsed       | 565       |
|    total_timesteps    | 238000    |
| train/                |           |
|    entropy_loss       | -78.9     |
|    explained_variance | 0         |
|    learning_rate      | 0.0004    |
|    n_updates          | 23799     |
|    policy_loss        | 6.3e+08   |
|    reward             | 1508764.1 |
|    std                | 0.924     |
|    value_loss         | 7.92e+13  |
-------------------------------------
-------------------------------------
| time/                 |           |
|    fps                | 421       |
|    iterations         | 23900     |
|    time_elapsed       | 567       |
|    total_timesteps    | 239000    |
| train/                |           |
|    entropy_loss       | -78.9     |
|    explained_variance | 0         |
|    learning_rate      | 0.0004    |
|    n_updates          | 23899     |
|    policy_loss        | 1.07e+09  |
|    reward             | 2424891.2 |
|    std                | 0.924     |
|    value_loss         | 2.27e+14  |
-------------------------------------
=================================
begin_total_asset:1000000
end_total_asset:3132419.9692988987
Sharpe:  0.86008913961347
=================================
-------------------------------------
| time/                 |           |
|    fps                | 420       |
|    iterations         | 24000     |
|    time_elapsed       | 570       |
|    total_timesteps    | 240000    |
| train/                |           |
|    entropy_loss       | -78.9     |
|    explained_variance | -1.19e-07 |
|    learning_rate      | 0.0004    |
|    n_updates          | 23999     |
|    policy_loss        | 6.32e+08  |
|    reward             | 1433125.9 |
|    std                | 0.924     |
|    value_loss         | 8.02e+13  |
-------------------------------------
-------------------------------------
| time/                 |           |
|    fps                | 421       |
|    iterations         | 24100     |
|    time_elapsed       | 572       |
|    total_timesteps    | 241000    |
| train/                |           |
|    entropy_loss       | -78.9     |
|    explained_variance | -1.19e-07 |
|    learning_rate      | 0.0004    |
|    n_updates          | 24099     |
|    policy_loss        | 1.25e+09  |
|    reward             | 2790829.8 |
|    std                | 0.924     |
|    value_loss         | 2.99e+14  |
-------------------------------------
=================================
begin_total_asset:1000000
end_total_asset:3491863.4959342987
Sharpe:  0.8987631436170235
=================================
-------------------------------------
| time/                 |           |
|    fps                | 421       |
|    iterations         | 24200     |
|    time_elapsed       | 574       |
|    total_timesteps    | 242000    |
| train/                |           |
|    entropy_loss       | -78.9     |
|    explained_variance | 5.96e-08  |
|    learning_rate      | 0.0004    |
|    n_updates          | 24199     |
|    policy_loss        | 5.97e+08  |
|    reward             | 1449790.8 |
|    std                | 0.923     |
|    value_loss         | 6.91e+13  |
-------------------------------------
-------------------------------------
| time/                 |           |
|    fps                | 421       |
|    iterations         | 24300     |
|    time_elapsed       | 577       |
|    total_timesteps    | 243000    |
| train/                |           |
|    entropy_loss       | -78.9     |
|    explained_variance | 0         |
|    learning_rate      | 0.0004    |
|    n_updates          | 24299     |
|    policy_loss        | 1.04e+09  |
|    reward             | 2438270.8 |
|    std                | 0.923     |
|    value_loss         | 2.12e+14  |
-------------------------------------
=================================
begin_total_asset:1000000
end_total_asset:3005097.7488573124
Sharpe:  0.8287738838129065
=================================
-------------------------------------
| time/                 |           |
|    fps                | 421       |
|    iterations         | 24400     |
|    time_elapsed       | 579       |
|    total_timesteps    | 244000    |
| train/                |           |
|    entropy_loss       | -78.9     |
|    explained_variance | 0         |
|    learning_rate      | 0.0004    |
|    n_updates          | 24399     |
|    policy_loss        | 6.04e+08  |
|    reward             | 1453550.2 |
|    std                | 0.923     |
|    value_loss         | 7.34e+13  |
-------------------------------------
-------------------------------------
| time/                 |           |
|    fps                | 421       |
|    iterations         | 24500     |
|    time_elapsed       | 581       |
|    total_timesteps    | 245000    |
| train/                |           |
|    entropy_loss       | -78.8     |
|    explained_variance | 0         |
|    learning_rate      | 0.0004    |
|    n_updates          | 24499     |
|    policy_loss        | 1.18e+09  |
|    reward             | 2723144.2 |
|    std                | 0.922     |
|    value_loss         | 2.83e+14  |
-------------------------------------
=================================
begin_total_asset:1000000
end_total_asset:3371049.2313830922
Sharpe:  0.8806538938053698
=================================
-------------------------------------
| time/                 |           |
|    fps                | 420       |
|    iterations         | 24600     |
|    time_elapsed       | 584       |
|    total_timesteps    | 246000    |
| train/                |           |
|    entropy_loss       | -78.8     |
|    explained_variance | 0         |
|    learning_rate      | 0.0004    |
|    n_updates          | 24599     |
|    policy_loss        | 6.17e+08  |
|    reward             | 1365769.8 |
|    std                | 0.922     |
|    value_loss         | 7.66e+13  |
-------------------------------------
-------------------------------------
| time/                 |           |
|    fps                | 421       |
|    iterations         | 24700     |
|    time_elapsed       | 586       |
|    total_timesteps    | 247000    |
| train/                |           |
|    entropy_loss       | -78.8     |
|    explained_variance | -1.19e-07 |
|    learning_rate      | 0.0004    |
|    n_updates          | 24699     |
|    policy_loss        | 1.16e+09  |
|    reward             | 2688915.8 |
|    std                | 0.921     |
|    value_loss         | 2.58e+14  |
-------------------------------------
=================================
begin_total_asset:1000000
end_total_asset:3215682.8906339947
Sharpe:  0.8603343057774552
=================================
-------------------------------------
| time/                 |           |
|    fps                | 420       |
|    iterations         | 24800     |
|    time_elapsed       | 589       |
|    total_timesteps    | 248000    |
| train/                |           |
|    entropy_loss       | -78.8     |
|    explained_variance | 0         |
|    learning_rate      | 0.0004    |
|    n_updates          | 24799     |
|    policy_loss        | 6.54e+08  |
|    reward             | 1495977.1 |
|    std                | 0.921     |
|    value_loss         | 8.22e+13  |
-------------------------------------
-------------------------------------
| time/                 |           |
|    fps                | 421       |
|    iterations         | 24900     |
|    time_elapsed       | 591       |
|    total_timesteps    | 249000    |
| train/                |           |
|    entropy_loss       | -78.8     |
|    explained_variance | 0         |
|    learning_rate      | 0.0004    |
|    n_updates          | 24899     |
|    policy_loss        | 1.18e+09  |
|    reward             | 2884315.8 |
|    std                | 0.921     |
|    value_loss         | 2.8e+14   |
-------------------------------------
=================================
begin_total_asset:1000000
end_total_asset:3463556.3301186603
Sharpe:  0.8820693792711771
=================================
-------------------------------------
| time/                 |           |
|    fps                | 420       |
|    iterations         | 25000     |
|    time_elapsed       | 593       |
|    total_timesteps    | 250000    |
| train/                |           |
|    entropy_loss       | -78.8     |
|    explained_variance | 0         |
|    learning_rate      | 0.0004    |
|    n_updates          | 24999     |
|    policy_loss        | 5.94e+08  |
|    reward             | 1496475.5 |
|    std                | 0.921     |
|    value_loss         | 7.68e+13  |
-------------------------------------
-------------------------------------
| time/                 |           |
|    fps                | 420       |
|    iterations         | 25100     |
|    time_elapsed       | 596       |
|    total_timesteps    | 251000    |
| train/                |           |
|    entropy_loss       | -78.7     |
|    explained_variance | -1.19e-07 |
|    learning_rate      | 0.0004    |
|    n_updates          | 25099     |
|    policy_loss        | 1.19e+09  |
|    reward             | 2729488.5 |
|    std                | 0.92      |
|    value_loss         | 2.69e+14  |
-------------------------------------
=================================
begin_total_asset:1000000
end_total_asset:3373532.044557556
Sharpe:  0.870743145352808
=================================
-------------------------------------
| time/                 |           |
|    fps                | 420       |
|    iterations         | 25200     |
|    time_elapsed       | 598       |
|    total_timesteps    | 252000    |
| train/                |           |
|    entropy_loss       | -78.7     |
|    explained_variance | 0         |
|    learning_rate      | 0.0004    |
|    n_updates          | 25199     |
|    policy_loss        | 6.17e+08  |
|    reward             | 1502404.2 |
|    std                | 0.92      |
|    value_loss         | 7.68e+13  |
-------------------------------------
-------------------------------------
| time/                 |           |
|    fps                | 420       |
|    iterations         | 25300     |
|    time_elapsed       | 601       |
|    total_timesteps    | 253000    |
| train/                |           |
|    entropy_loss       | -78.7     |
|    explained_variance | 0         |
|    learning_rate      | 0.0004    |
|    n_updates          | 25299     |
|    policy_loss        | 1.17e+09  |
|    reward             | 2925600.2 |
|    std                | 0.92      |
|    value_loss         | 2.85e+14  |
-------------------------------------
=================================
begin_total_asset:1000000
end_total_asset:3606976.754945934
Sharpe:  0.9059223428012592
=================================
-------------------------------------
| time/                 |           |
|    fps                | 420       |
|    iterations         | 25400     |
|    time_elapsed       | 603       |
|    total_timesteps    | 254000    |
| train/                |           |
|    entropy_loss       | -78.6     |
|    explained_variance | 0         |
|    learning_rate      | 0.0004    |
|    n_updates          | 25399     |
|    policy_loss        | 5.64e+08  |
|    reward             | 1417140.2 |
|    std                | 0.919     |
|    value_loss         | 6.79e+13  |
-------------------------------------
-------------------------------------
| time/                 |           |
|    fps                | 420       |
|    iterations         | 25500     |
|    time_elapsed       | 605       |
|    total_timesteps    | 255000    |
| train/                |           |
|    entropy_loss       | -78.6     |
|    explained_variance | 1.79e-07  |
|    learning_rate      | 0.0004    |
|    n_updates          | 25499     |
|    policy_loss        | 1.09e+09  |
|    reward             | 2606716.0 |
|    std                | 0.919     |
|    value_loss         | 2.34e+14  |
-------------------------------------
=================================
begin_total_asset:1000000
end_total_asset:3323537.349700361
Sharpe:  0.8544230784231228
=================================
-------------------------------------
| time/                 |           |
|    fps                | 420       |
|    iterations         | 25600     |
|    time_elapsed       | 608       |
|    total_timesteps    | 256000    |
| train/                |           |
|    entropy_loss       | -78.6     |
|    explained_variance | 5.96e-08  |
|    learning_rate      | 0.0004    |
|    n_updates          | 25599     |
|    policy_loss        | 6.01e+08  |
|    reward             | 1389388.5 |
|    std                | 0.918     |
|    value_loss         | 7.39e+13  |
-------------------------------------
-------------------------------------
| time/                 |           |
|    fps                | 420       |
|    iterations         | 25700     |
|    time_elapsed       | 610       |
|    total_timesteps    | 257000    |
| train/                |           |
|    entropy_loss       | -78.6     |
|    explained_variance | 1.19e-07  |
|    learning_rate      | 0.0004    |
|    n_updates          | 25699     |
|    policy_loss        | 1.19e+09  |
|    reward             | 2785961.5 |
|    std                | 0.918     |
|    value_loss         | 2.79e+14  |
-------------------------------------
=================================
begin_total_asset:1000000
end_total_asset:3626112.4447962283
Sharpe:  0.9040447773500645
=================================
-------------------------------------
| time/                 |           |
|    fps                | 420       |
|    iterations         | 25800     |
|    time_elapsed       | 613       |
|    total_timesteps    | 258000    |
| train/                |           |
|    entropy_loss       | -78.6     |
|    explained_variance | 1.19e-07  |
|    learning_rate      | 0.0004    |
|    n_updates          | 25799     |
|    policy_loss        | 6.17e+08  |
|    reward             | 1410310.6 |
|    std                | 0.918     |
|    value_loss         | 7.7e+13   |
-------------------------------------
-------------------------------------
| time/                 |           |
|    fps                | 420       |
|    iterations         | 25900     |
|    time_elapsed       | 615       |
|    total_timesteps    | 259000    |
| train/                |           |
|    entropy_loss       | -78.6     |
|    explained_variance | 1.19e-07  |
|    learning_rate      | 0.0004    |
|    n_updates          | 25899     |
|    policy_loss        | 1.22e+09  |
|    reward             | 2822483.0 |
|    std                | 0.919     |
|    value_loss         | 2.93e+14  |
-------------------------------------
=================================
begin_total_asset:1000000
end_total_asset:3700153.667221039
Sharpe:  0.9229551355174693
=================================
-------------------------------------
| time/                 |           |
|    fps                | 420       |
|    iterations         | 26000     |
|    time_elapsed       | 617       |
|    total_timesteps    | 260000    |
| train/                |           |
|    entropy_loss       | -78.6     |
|    explained_variance | 0         |
|    learning_rate      | 0.0004    |
|    n_updates          | 25999     |
|    policy_loss        | 6.02e+08  |
|    reward             | 1452297.9 |
|    std                | 0.919     |
|    value_loss         | 7.33e+13  |
-------------------------------------
-------------------------------------
| time/                 |           |
|    fps                | 420       |
|    iterations         | 26100     |
|    time_elapsed       | 620       |
|    total_timesteps    | 261000    |
| train/                |           |
|    entropy_loss       | -78.6     |
|    explained_variance | 0         |
|    learning_rate      | 0.0004    |
|    n_updates          | 26099     |
|    policy_loss        | 1.1e+09   |
|    reward             | 2756478.0 |
|    std                | 0.919     |
|    value_loss         | 2.51e+14  |
-------------------------------------
=================================
begin_total_asset:1000000
end_total_asset:3535303.4908185424
Sharpe:  0.8938253167501371
=================================
-------------------------------------
| time/                 |           |
|    fps                | 420       |
|    iterations         | 26200     |
|    time_elapsed       | 622       |
|    total_timesteps    | 262000    |
| train/                |           |
|    entropy_loss       | -78.6     |
|    explained_variance | 0         |
|    learning_rate      | 0.0004    |
|    n_updates          | 26199     |
|    policy_loss        | 5.74e+08  |
|    reward             | 1460271.9 |
|    std                | 0.919     |
|    value_loss         | 7.28e+13  |
-------------------------------------
-------------------------------------
| time/                 |           |
|    fps                | 420       |
|    iterations         | 26300     |
|    time_elapsed       | 624       |
|    total_timesteps    | 263000    |
| train/                |           |
|    entropy_loss       | -78.6     |
|    explained_variance | 1.79e-07  |
|    learning_rate      | 0.0004    |
|    n_updates          | 26299     |
|    policy_loss        | 1.1e+09   |
|    reward             | 2808591.8 |
|    std                | 0.918     |
|    value_loss         | 2.68e+14  |
-------------------------------------
=================================
begin_total_asset:1000000
end_total_asset:3719843.577836679
Sharpe:  0.9212197161518089
=================================
-------------------------------------
| time/                 |           |
|    fps                | 420       |
|    iterations         | 26400     |
|    time_elapsed       | 627       |
|    total_timesteps    | 264000    |
| train/                |           |
|    entropy_loss       | -78.6     |
|    explained_variance | 0         |
|    learning_rate      | 0.0004    |
|    n_updates          | 26399     |
|    policy_loss        | 5.83e+08  |
|    reward             | 1424343.0 |
|    std                | 0.918     |
|    value_loss         | 6.99e+13  |
-------------------------------------
-------------------------------------
| time/                 |           |
|    fps                | 420       |
|    iterations         | 26500     |
|    time_elapsed       | 629       |
|    total_timesteps    | 265000    |
| train/                |           |
|    entropy_loss       | -78.6     |
|    explained_variance | -2.38e-07 |
|    learning_rate      | 0.0004    |
|    n_updates          | 26499     |
|    policy_loss        | 1.09e+09  |
|    reward             | 2598027.0 |
|    std                | 0.919     |
|    value_loss         | 2.53e+14  |
-------------------------------------
=================================
begin_total_asset:1000000
end_total_asset:3585871.6743707154
Sharpe:  0.9048132027032142
=================================
-------------------------------------
| time/                 |           |
|    fps                | 420       |
|    iterations         | 26600     |
|    time_elapsed       | 631       |
|    total_timesteps    | 266000    |
| train/                |           |
|    entropy_loss       | -78.6     |
|    explained_variance | 0         |
|    learning_rate      | 0.0004    |
|    n_updates          | 26599     |
|    policy_loss        | 5.47e+08  |
|    reward             | 1391505.6 |
|    std                | 0.918     |
|    value_loss         | 6.89e+13  |
-------------------------------------
-------------------------------------
| time/                 |           |
|    fps                | 420       |
|    iterations         | 26700     |
|    time_elapsed       | 634       |
|    total_timesteps    | 267000    |
| train/                |           |
|    entropy_loss       | -78.6     |
|    explained_variance | 0         |
|    learning_rate      | 0.0004    |
|    n_updates          | 26699     |
|    policy_loss        | 1.2e+09   |
|    reward             | 2784585.0 |
|    std                | 0.918     |
|    value_loss         | 3.03e+14  |
-------------------------------------
=================================
begin_total_asset:1000000
end_total_asset:3796620.827755318
Sharpe:  0.9351134119117179
=================================
-------------------------------------
| time/                 |           |
|    fps                | 420       |
|    iterations         | 26800     |
|    time_elapsed       | 636       |
|    total_timesteps    | 268000    |
| train/                |           |
|    entropy_loss       | -78.6     |
|    explained_variance | 0         |
|    learning_rate      | 0.0004    |
|    n_updates          | 26799     |
|    policy_loss        | 5.7e+08   |
|    reward             | 1378792.0 |
|    std                | 0.918     |
|    value_loss         | 6.33e+13  |
-------------------------------------
-------------------------------------
| time/                 |           |
|    fps                | 420       |
|    iterations         | 26900     |
|    time_elapsed       | 639       |
|    total_timesteps    | 269000    |
| train/                |           |
|    entropy_loss       | -78.5     |
|    explained_variance | 5.96e-08  |
|    learning_rate      | 0.0004    |
|    n_updates          | 26899     |
|    policy_loss        | 1.07e+09  |
|    reward             | 2748434.2 |
|    std                | 0.918     |
|    value_loss         | 2.63e+14  |
-------------------------------------
=================================
begin_total_asset:1000000
end_total_asset:3551047.15674833
Sharpe:  0.8985438734851213
=================================
-------------------------------------
| time/                 |           |
|    fps                | 420       |
|    iterations         | 27000     |
|    time_elapsed       | 641       |
|    total_timesteps    | 270000    |
| train/                |           |
|    entropy_loss       | -78.5     |
|    explained_variance | 0         |
|    learning_rate      | 0.0004    |
|    n_updates          | 26999     |
|    policy_loss        | 5.27e+08  |
|    reward             | 1356169.5 |
|    std                | 0.917     |
|    value_loss         | 6.04e+13  |
-------------------------------------
-------------------------------------
| time/                 |           |
|    fps                | 420       |
|    iterations         | 27100     |
|    time_elapsed       | 643       |
|    total_timesteps    | 271000    |
| train/                |           |
|    entropy_loss       | -78.4     |
|    explained_variance | -1.19e-07 |
|    learning_rate      | 0.0004    |
|    n_updates          | 27099     |
|    policy_loss        | 1.06e+09  |
|    reward             | 2646625.5 |
|    std                | 0.916     |
|    value_loss         | 2.3e+14   |
-------------------------------------
=================================
begin_total_asset:1000000
end_total_asset:3469555.5471994067
Sharpe:  0.8820931113280309
=================================
-------------------------------------
| time/                 |           |
|    fps                | 420       |
|    iterations         | 27200     |
|    time_elapsed       | 646       |
|    total_timesteps    | 272000    |
| train/                |           |
|    entropy_loss       | -78.4     |
|    explained_variance | 0         |
|    learning_rate      | 0.0004    |
|    n_updates          | 27199     |
|    policy_loss        | 5.08e+08  |
|    reward             | 1294268.5 |
|    std                | 0.916     |
|    value_loss         | 5.33e+13  |
-------------------------------------
-------------------------------------
| time/                 |           |
|    fps                | 420       |
|    iterations         | 27300     |
|    time_elapsed       | 648       |
|    total_timesteps    | 273000    |
| train/                |           |
|    entropy_loss       | -78.4     |
|    explained_variance | -1.19e-07 |
|    learning_rate      | 0.0004    |
|    n_updates          | 27299     |
|    policy_loss        | 1.04e+09  |
|    reward             | 2562108.8 |
|    std                | 0.915     |
|    value_loss         | 2.2e+14   |
-------------------------------------
=================================
begin_total_asset:1000000
end_total_asset:3428968.642525438
Sharpe:  0.8770415012937799
=================================
-------------------------------------
| time/                 |           |
|    fps                | 420       |
|    iterations         | 27400     |
|    time_elapsed       | 651       |
|    total_timesteps    | 274000    |
| train/                |           |
|    entropy_loss       | -78.4     |
|    explained_variance | -1.19e-07 |
|    learning_rate      | 0.0004    |
|    n_updates          | 27399     |
|    policy_loss        | 5.5e+08   |
|    reward             | 1255488.4 |
|    std                | 0.915     |
|    value_loss         | 5.81e+13  |
-------------------------------------
-------------------------------------
| time/                 |           |
|    fps                | 420       |
|    iterations         | 27500     |
|    time_elapsed       | 653       |
|    total_timesteps    | 275000    |
| train/                |           |
|    entropy_loss       | -78.3     |
|    explained_variance | -1.19e-07 |
|    learning_rate      | 0.0004    |
|    n_updates          | 27499     |
|    policy_loss        | 1.15e+09  |
|    reward             | 2590375.5 |
|    std                | 0.914     |
|    value_loss         | 2.58e+14  |
-------------------------------------
=================================
begin_total_asset:1000000
end_total_asset:3691449.6412721137
Sharpe:  0.9236128274797535
=================================
-------------------------------------
| time/                 |           |
|    fps                | 420       |
|    iterations         | 27600     |
|    time_elapsed       | 655       |
|    total_timesteps    | 276000    |
| train/                |           |
|    entropy_loss       | -78.3     |
|    explained_variance | 0         |
|    learning_rate      | 0.0004    |
|    n_updates          | 27599     |
|    policy_loss        | 5.55e+08  |
|    reward             | 1264187.2 |
|    std                | 0.914     |
|    value_loss         | 6.37e+13  |
-------------------------------------
-------------------------------------
| time/                 |           |
|    fps                | 420       |
|    iterations         | 27700     |
|    time_elapsed       | 658       |
|    total_timesteps    | 277000    |
| train/                |           |
|    entropy_loss       | -78.4     |
|    explained_variance | 0         |
|    learning_rate      | 0.0004    |
|    n_updates          | 27699     |
|    policy_loss        | 1.18e+09  |
|    reward             | 2720584.2 |
|    std                | 0.915     |
|    value_loss         | 2.71e+14  |
-------------------------------------
=================================
begin_total_asset:1000000
end_total_asset:3787660.504290827
Sharpe:  0.9370419775651446
=================================
-------------------------------------
| time/                 |           |
|    fps                | 420       |
|    iterations         | 27800     |
|    time_elapsed       | 660       |
|    total_timesteps    | 278000    |
| train/                |           |
|    entropy_loss       | -78.4     |
|    explained_variance | 0         |
|    learning_rate      | 0.0004    |
|    n_updates          | 27799     |
|    policy_loss        | 5.66e+08  |
|    reward             | 1305806.6 |
|    std                | 0.916     |
|    value_loss         | 6.06e+13  |
-------------------------------------
-------------------------------------
| time/                 |           |
|    fps                | 420       |
|    iterations         | 27900     |
|    time_elapsed       | 662       |
|    total_timesteps    | 279000    |
| train/                |           |
|    entropy_loss       | -78.4     |
|    explained_variance | 1.79e-07  |
|    learning_rate      | 0.0004    |
|    n_updates          | 27899     |
|    policy_loss        | 1.03e+09  |
|    reward             | 2537011.8 |
|    std                | 0.915     |
|    value_loss         | 2.09e+14  |
-------------------------------------
=================================
begin_total_asset:1000000
end_total_asset:3505339.924293619
Sharpe:  0.9000060979572886
=================================
-------------------------------------
| time/                 |           |
|    fps                | 420       |
|    iterations         | 28000     |
|    time_elapsed       | 665       |
|    total_timesteps    | 280000    |
| train/                |           |
|    entropy_loss       | -78.3     |
|    explained_variance | 5.96e-08  |
|    learning_rate      | 0.0004    |
|    n_updates          | 27999     |
|    policy_loss        | 5.53e+08  |
|    reward             | 1318963.5 |
|    std                | 0.914     |
|    value_loss         | 6.19e+13  |
-------------------------------------
-------------------------------------
| time/                 |           |
|    fps                | 420       |
|    iterations         | 28100     |
|    time_elapsed       | 667       |
|    total_timesteps    | 281000    |
| train/                |           |
|    entropy_loss       | -78.3     |
|    explained_variance | 0         |
|    learning_rate      | 0.0004    |
|    n_updates          | 28099     |
|    policy_loss        | 9.09e+08  |
|    reward             | 2390230.2 |
|    std                | 0.913     |
|    value_loss         | 1.84e+14  |
-------------------------------------
=================================
begin_total_asset:1000000
end_total_asset:3518649.430340987
Sharpe:  0.8987070523755168
=================================
-------------------------------------
| time/                 |           |
|    fps                | 420       |
|    iterations         | 28200     |
|    time_elapsed       | 670       |
|    total_timesteps    | 282000    |
| train/                |           |
|    entropy_loss       | -78.2     |
|    explained_variance | 0         |
|    learning_rate      | 0.0004    |
|    n_updates          | 28199     |
|    policy_loss        | 5.77e+08  |
|    reward             | 1309285.1 |
|    std                | 0.913     |
|    value_loss         | 6.67e+13  |
-------------------------------------
-------------------------------------
| time/                 |           |
|    fps                | 420       |
|    iterations         | 28300     |
|    time_elapsed       | 672       |
|    total_timesteps    | 283000    |
| train/                |           |
|    entropy_loss       | -78.2     |
|    explained_variance | 0         |
|    learning_rate      | 0.0004    |
|    n_updates          | 28299     |
|    policy_loss        | 9.59e+08  |
|    reward             | 2281756.5 |
|    std                | 0.912     |
|    value_loss         | 1.89e+14  |
-------------------------------------
=================================
begin_total_asset:1000000
end_total_asset:3601323.7680623103
Sharpe:  0.9118324352372547
=================================
-------------------------------------
| time/                 |           |
|    fps                | 420       |
|    iterations         | 28400     |
|    time_elapsed       | 674       |
|    total_timesteps    | 284000    |
| train/                |           |
|    entropy_loss       | -78.2     |
|    explained_variance | 0         |
|    learning_rate      | 0.0004    |
|    n_updates          | 28399     |
|    policy_loss        | 5.63e+08  |
|    reward             | 1321997.0 |
|    std                | 0.912     |
|    value_loss         | 7.02e+13  |
-------------------------------------
-------------------------------------
| time/                 |           |
|    fps                | 421       |
|    iterations         | 28500     |
|    time_elapsed       | 676       |
|    total_timesteps    | 285000    |
| train/                |           |
|    entropy_loss       | -78.1     |
|    explained_variance | -1.19e-07 |
|    learning_rate      | 0.0004    |
|    n_updates          | 28499     |
|    policy_loss        | 9.46e+08  |
|    reward             | 2223108.2 |
|    std                | 0.912     |
|    value_loss         | 1.96e+14  |
-------------------------------------
=================================
begin_total_asset:1000000
end_total_asset:3290925.922440659
Sharpe:  0.8553344109557288
=================================
-------------------------------------
| time/                 |           |
|    fps                | 421       |
|    iterations         | 28600     |
|    time_elapsed       | 679       |
|    total_timesteps    | 286000    |
| train/                |           |
|    entropy_loss       | -78.1     |
|    explained_variance | -1.19e-07 |
|    learning_rate      | 0.0004    |
|    n_updates          | 28599     |
|    policy_loss        | 5.71e+08  |
|    reward             | 1390543.8 |
|    std                | 0.912     |
|    value_loss         | 6.82e+13  |
-------------------------------------
-------------------------------------
| time/                 |           |
|    fps                | 421       |
|    iterations         | 28700     |
|    time_elapsed       | 681       |
|    total_timesteps    | 287000    |
| train/                |           |
|    entropy_loss       | -78.1     |
|    explained_variance | 0         |
|    learning_rate      | 0.0004    |
|    n_updates          | 28699     |
|    policy_loss        | 1.04e+09  |
|    reward             | 2431798.5 |
|    std                | 0.911     |
|    value_loss         | 2.29e+14  |
-------------------------------------
=================================
begin_total_asset:1000000
end_total_asset:3510628.082938718
Sharpe:  0.896036216702926
=================================
-------------------------------------
| time/                 |           |
|    fps                | 421       |
|    iterations         | 28800     |
|    time_elapsed       | 683       |
|    total_timesteps    | 288000    |
| train/                |           |
|    entropy_loss       | -78.1     |
|    explained_variance | 5.96e-08  |
|    learning_rate      | 0.0004    |
|    n_updates          | 28799     |
|    policy_loss        | 5.58e+08  |
|    reward             | 1396045.2 |
|    std                | 0.911     |
|    value_loss         | 6.78e+13  |
-------------------------------------
-------------------------------------
| time/                 |           |
|    fps                | 421       |
|    iterations         | 28900     |
|    time_elapsed       | 686       |
|    total_timesteps    | 289000    |
| train/                |           |
|    entropy_loss       | -78.1     |
|    explained_variance | 5.96e-08  |
|    learning_rate      | 0.0004    |
|    n_updates          | 28899     |
|    policy_loss        | 1.12e+09  |
|    reward             | 2522077.0 |
|    std                | 0.911     |
|    value_loss         | 2.68e+14  |
-------------------------------------
=================================
begin_total_asset:1000000
end_total_asset:3574305.457078573
Sharpe:  0.9109451651150581
=================================
-------------------------------------
| time/                 |           |
|    fps                | 420       |
|    iterations         | 29000     |
|    time_elapsed       | 688       |
|    total_timesteps    | 290000    |
| train/                |           |
|    entropy_loss       | -78.1     |
|    explained_variance | 1.79e-07  |
|    learning_rate      | 0.0004    |
|    n_updates          | 28999     |
|    policy_loss        | 5.69e+08  |
|    reward             | 1373004.6 |
|    std                | 0.912     |
|    value_loss         | 6.45e+13  |
-------------------------------------
-------------------------------------
| time/                 |           |
|    fps                | 420       |
|    iterations         | 29100     |
|    time_elapsed       | 691       |
|    total_timesteps    | 291000    |
| train/                |           |
|    entropy_loss       | -78.1     |
|    explained_variance | 0         |
|    learning_rate      | 0.0004    |
|    n_updates          | 29099     |
|    policy_loss        | 1.07e+09  |
|    reward             | 2695096.8 |
|    std                | 0.911     |
|    value_loss         | 2.36e+14  |
-------------------------------------
=================================
begin_total_asset:1000000
end_total_asset:3486600.5568129164
Sharpe:  0.8940371174529742
=================================
-------------------------------------
| time/                 |           |
|    fps                | 420       |
|    iterations         | 29200     |
|    time_elapsed       | 693       |
|    total_timesteps    | 292000    |
| train/                |           |
|    entropy_loss       | -78.1     |
|    explained_variance | 0         |
|    learning_rate      | 0.0004    |
|    n_updates          | 29199     |
|    policy_loss        | 5.84e+08  |
|    reward             | 1361546.5 |
|    std                | 0.91      |
|    value_loss         | 6.57e+13  |
-------------------------------------
-------------------------------------
| time/                 |           |
|    fps                | 420       |
|    iterations         | 29300     |
|    time_elapsed       | 695       |
|    total_timesteps    | 293000    |
| train/                |           |
|    entropy_loss       | -78       |
|    explained_variance | 0         |
|    learning_rate      | 0.0004    |
|    n_updates          | 29299     |
|    policy_loss        | 1.03e+09  |
|    reward             | 2622978.8 |
|    std                | 0.91      |
|    value_loss         | 2.18e+14  |
-------------------------------------
=================================
begin_total_asset:1000000
end_total_asset:3515185.8011364113
Sharpe:  0.9026203700281128
=================================
-------------------------------------
| time/                 |           |
|    fps                | 420       |
|    iterations         | 29400     |
|    time_elapsed       | 698       |
|    total_timesteps    | 294000    |
| train/                |           |
|    entropy_loss       | -78       |
|    explained_variance | 0         |
|    learning_rate      | 0.0004    |
|    n_updates          | 29399     |
|    policy_loss        | 5.65e+08  |
|    reward             | 1353263.6 |
|    std                | 0.91      |
|    value_loss         | 6.33e+13  |
-------------------------------------
-------------------------------------
| time/                 |           |
|    fps                | 420       |
|    iterations         | 29500     |
|    time_elapsed       | 700       |
|    total_timesteps    | 295000    |
| train/                |           |
|    entropy_loss       | -78       |
|    explained_variance | 0         |
|    learning_rate      | 0.0004    |
|    n_updates          | 29499     |
|    policy_loss        | 1.02e+09  |
|    reward             | 2415065.5 |
|    std                | 0.91      |
|    value_loss         | 2.03e+14  |
-------------------------------------
=================================
begin_total_asset:1000000
end_total_asset:3350784.105426132
Sharpe:  0.8765547061810999
=================================
-------------------------------------
| time/                 |           |
|    fps                | 420       |
|    iterations         | 29600     |
|    time_elapsed       | 703       |
|    total_timesteps    | 296000    |
| train/                |           |
|    entropy_loss       | -78       |
|    explained_variance | 5.96e-08  |
|    learning_rate      | 0.0004    |
|    n_updates          | 29599     |
|    policy_loss        | 5.52e+08  |
|    reward             | 1326762.1 |
|    std                | 0.91      |
|    value_loss         | 5.97e+13  |
-------------------------------------
-------------------------------------
| time/                 |           |
|    fps                | 420       |
|    iterations         | 29700     |
|    time_elapsed       | 705       |
|    total_timesteps    | 297000    |
| train/                |           |
|    entropy_loss       | -78       |
|    explained_variance | 0         |
|    learning_rate      | 0.0004    |
|    n_updates          | 29699     |
|    policy_loss        | 1.02e+09  |
|    reward             | 2441241.0 |
|    std                | 0.91      |
|    value_loss         | 2.29e+14  |
-------------------------------------
=================================
begin_total_asset:1000000
end_total_asset:3450843.2851483463
Sharpe:  0.8861049661768097
=================================
-------------------------------------
| time/                 |           |
|    fps                | 420       |
|    iterations         | 29800     |
|    time_elapsed       | 708       |
|    total_timesteps    | 298000    |
| train/                |           |
|    entropy_loss       | -78       |
|    explained_variance | -1.19e-07 |
|    learning_rate      | 0.0004    |
|    n_updates          | 29799     |
|    policy_loss        | 5.46e+08  |
|    reward             | 1282510.1 |
|    std                | 0.909     |
|    value_loss         | 6.05e+13  |
-------------------------------------
-------------------------------------
| time/                 |           |
|    fps                | 420       |
|    iterations         | 29900     |
|    time_elapsed       | 710       |
|    total_timesteps    | 299000    |
| train/                |           |
|    entropy_loss       | -77.9     |
|    explained_variance | -1.19e-07 |
|    learning_rate      | 0.0004    |
|    n_updates          | 29899     |
|    policy_loss        | 1.1e+09   |
|    reward             | 2449015.8 |
|    std                | 0.908     |
|    value_loss         | 2.47e+14  |
-------------------------------------
=================================
begin_total_asset:1000000
end_total_asset:3447368.821264875
Sharpe:  0.8850410265108264
=================================
-------------------------------------
| time/                 |           |
|    fps                | 420       |
|    iterations         | 30000     |
|    time_elapsed       | 712       |
|    total_timesteps    | 300000    |
| train/                |           |
|    entropy_loss       | -77.9     |
|    explained_variance | 1.79e-07  |
|    learning_rate      | 0.0004    |
|    n_updates          | 29999     |
|    policy_loss        | 5.34e+08  |
|    reward             | 1307784.2 |
|    std                | 0.908     |
|    value_loss         | 5.87e+13  |
-------------------------------------
-------------------------------------
| time/                 |           |
|    fps                | 420       |
|    iterations         | 30100     |
|    time_elapsed       | 715       |
|    total_timesteps    | 301000    |
| train/                |           |
|    entropy_loss       | -77.9     |
|    explained_variance | 0         |
|    learning_rate      | 0.0004    |
|    n_updates          | 30099     |
|    policy_loss        | 1.06e+09  |
|    reward             | 2691152.8 |
|    std                | 0.907     |
|    value_loss         | 2.43e+14  |
-------------------------------------
=================================
begin_total_asset:1000000
end_total_asset:3521826.3580848654
Sharpe:  0.9033504301858707
=================================
-------------------------------------
| time/                 |           |
|    fps                | 420       |
|    iterations         | 30200     |
|    time_elapsed       | 717       |
|    total_timesteps    | 302000    |
| train/                |           |
|    entropy_loss       | -77.8     |
|    explained_variance | 1.19e-07  |
|    learning_rate      | 0.0004    |
|    n_updates          | 30199     |
|    policy_loss        | 5.35e+08  |
|    reward             | 1285840.6 |
|    std                | 0.907     |
|    value_loss         | 5.69e+13  |
-------------------------------------
-------------------------------------
| time/                 |           |
|    fps                | 420       |
|    iterations         | 30300     |
|    time_elapsed       | 719       |
|    total_timesteps    | 303000    |
| train/                |           |
|    entropy_loss       | -77.8     |
|    explained_variance | 0         |
|    learning_rate      | 0.0004    |
|    n_updates          | 30299     |
|    policy_loss        | 1.14e+09  |
|    reward             | 2606800.2 |
|    std                | 0.907     |
|    value_loss         | 2.71e+14  |
-------------------------------------
=================================
begin_total_asset:1000000
end_total_asset:3528474.1316511105
Sharpe:  0.9025244842193373
=================================
-------------------------------------
| time/                 |           |
|    fps                | 420       |
|    iterations         | 30400     |
|    time_elapsed       | 722       |
|    total_timesteps    | 304000    |
| train/                |           |
|    entropy_loss       | -77.8     |
|    explained_variance | 1.19e-07  |
|    learning_rate      | 0.0004    |
|    n_updates          | 30399     |
|    policy_loss        | 5.22e+08  |
|    reward             | 1256100.8 |
|    std                | 0.907     |
|    value_loss         | 5.53e+13  |
-------------------------------------
-------------------------------------
| time/                 |           |
|    fps                | 420       |
|    iterations         | 30500     |
|    time_elapsed       | 724       |
|    total_timesteps    | 305000    |
| train/                |           |
|    entropy_loss       | -77.9     |
|    explained_variance | 0         |
|    learning_rate      | 0.0004    |
|    n_updates          | 30499     |
|    policy_loss        | 1.19e+09  |
|    reward             | 2725907.8 |
|    std                | 0.908     |
|    value_loss         | 2.95e+14  |
-------------------------------------
=================================
begin_total_asset:1000000
end_total_asset:3459945.106265886
Sharpe:  0.8928792849282076
=================================
-------------------------------------
| time/                 |           |
|    fps                | 420       |
|    iterations         | 30600     |
|    time_elapsed       | 727       |
|    total_timesteps    | 306000    |
| train/                |           |
|    entropy_loss       | -77.8     |
|    explained_variance | -1.19e-07 |
|    learning_rate      | 0.0004    |
|    n_updates          | 30599     |
|    policy_loss        | 5.12e+08  |
|    reward             | 1228834.8 |
|    std                | 0.907     |
|    value_loss         | 5.33e+13  |
-------------------------------------
-------------------------------------
| time/                 |           |
|    fps                | 420       |
|    iterations         | 30700     |
|    time_elapsed       | 729       |
|    total_timesteps    | 307000    |
| train/                |           |
|    entropy_loss       | -77.8     |
|    explained_variance | 0         |
|    learning_rate      | 0.0004    |
|    n_updates          | 30699     |
|    policy_loss        | 1.14e+09  |
|    reward             | 2739965.5 |
|    std                | 0.907     |
|    value_loss         | 2.81e+14  |
-------------------------------------
=================================
begin_total_asset:1000000
end_total_asset:3429752.7296776045
Sharpe:  0.890055667523855
=================================
-------------------------------------
| time/                 |           |
|    fps                | 420       |
|    iterations         | 30800     |
|    time_elapsed       | 731       |
|    total_timesteps    | 308000    |
| train/                |           |
|    entropy_loss       | -77.8     |
|    explained_variance | -1.19e-07 |
|    learning_rate      | 0.0004    |
|    n_updates          | 30799     |
|    policy_loss        | 5.33e+08  |
|    reward             | 1217801.4 |
|    std                | 0.907     |
|    value_loss         | 5.65e+13  |
-------------------------------------
-------------------------------------
| time/                 |           |
|    fps                | 420       |
|    iterations         | 30900     |
|    time_elapsed       | 734       |
|    total_timesteps    | 309000    |
| train/                |           |
|    entropy_loss       | -77.8     |
|    explained_variance | -1.19e-07 |
|    learning_rate      | 0.0004    |
|    n_updates          | 30899     |
|    policy_loss        | 1.1e+09   |
|    reward             | 2775982.8 |
|    std                | 0.906     |
|    value_loss         | 2.45e+14  |
-------------------------------------
=================================
begin_total_asset:1000000
end_total_asset:3298255.912294243
Sharpe:  0.8626816240565794
=================================
-------------------------------------
| time/                 |           |
|    fps                | 420       |
|    iterations         | 31000     |
|    time_elapsed       | 736       |
|    total_timesteps    | 310000    |
| train/                |           |
|    entropy_loss       | -77.7     |
|    explained_variance | -1.19e-07 |
|    learning_rate      | 0.0004    |
|    n_updates          | 30999     |
|    policy_loss        | 5.13e+08  |
|    reward             | 1215474.9 |
|    std                | 0.905     |
|    value_loss         | 5.57e+13  |
-------------------------------------
-------------------------------------
| time/                 |           |
|    fps                | 420       |
|    iterations         | 31100     |
|    time_elapsed       | 738       |
|    total_timesteps    | 311000    |
| train/                |           |
|    entropy_loss       | -77.7     |
|    explained_variance | -1.19e-07 |
|    learning_rate      | 0.0004    |
|    n_updates          | 31099     |
|    policy_loss        | 1.09e+09  |
|    reward             | 2546595.0 |
|    std                | 0.905     |
|    value_loss         | 2.44e+14  |
-------------------------------------
=================================
begin_total_asset:1000000
end_total_asset:3340936.2740971106
Sharpe:  0.8683217652027976
=================================
-------------------------------------
| time/                 |           |
|    fps                | 420       |
|    iterations         | 31200     |
|    time_elapsed       | 741       |
|    total_timesteps    | 312000    |
| train/                |           |
|    entropy_loss       | -77.7     |
|    explained_variance | 1.79e-07  |
|    learning_rate      | 0.0004    |
|    n_updates          | 31199     |
|    policy_loss        | 5.25e+08  |
|    reward             | 1266383.1 |
|    std                | 0.905     |
|    value_loss         | 5.65e+13  |
-------------------------------------
-------------------------------------
| time/                 |           |
|    fps                | 420       |
|    iterations         | 31300     |
|    time_elapsed       | 743       |
|    total_timesteps    | 313000    |
| train/                |           |
|    entropy_loss       | -77.6     |
|    explained_variance | 5.96e-08  |
|    learning_rate      | 0.0004    |
|    n_updates          | 31299     |
|    policy_loss        | 1.15e+09  |
|    reward             | 2660438.0 |
|    std                | 0.904     |
|    value_loss         | 2.81e+14  |
-------------------------------------
=================================
begin_total_asset:1000000
end_total_asset:3450227.0285326275
Sharpe:  0.8851480474341172
=================================
-------------------------------------
| time/                 |           |
|    fps                | 420       |
|    iterations         | 31400     |
|    time_elapsed       | 746       |
|    total_timesteps    | 314000    |
| train/                |           |
|    entropy_loss       | -77.7     |
|    explained_variance | 0         |
|    learning_rate      | 0.0004    |
|    n_updates          | 31399     |
|    policy_loss        | 5.34e+08  |
|    reward             | 1273424.9 |
|    std                | 0.904     |
|    value_loss         | 6.24e+13  |
-------------------------------------
-------------------------------------
| time/                 |           |
|    fps                | 420       |
|    iterations         | 31500     |
|    time_elapsed       | 748       |
|    total_timesteps    | 315000    |
| train/                |           |
|    entropy_loss       | -77.6     |
|    explained_variance | 0         |
|    learning_rate      | 0.0004    |
|    n_updates          | 31499     |
|    policy_loss        | 1.19e+09  |
|    reward             | 2866587.2 |
|    std                | 0.904     |
|    value_loss         | 2.98e+14  |
-------------------------------------
=================================
begin_total_asset:1000000
end_total_asset:3458149.4574306305
Sharpe:  0.8885527538130997
=================================
-------------------------------------
| time/                 |           |
|    fps                | 420       |
|    iterations         | 31600     |
|    time_elapsed       | 750       |
|    total_timesteps    | 316000    |
| train/                |           |
|    entropy_loss       | -77.6     |
|    explained_variance | 0         |
|    learning_rate      | 0.0004    |
|    n_updates          | 31599     |
|    policy_loss        | 5.43e+08  |
|    reward             | 1297786.6 |
|    std                | 0.904     |
|    value_loss         | 6.14e+13  |
-------------------------------------
-------------------------------------
| time/                 |           |
|    fps                | 420       |
|    iterations         | 31700     |
|    time_elapsed       | 753       |
|    total_timesteps    | 317000    |
| train/                |           |
|    entropy_loss       | -77.6     |
|    explained_variance | 1.19e-07  |
|    learning_rate      | 0.0004    |
|    n_updates          | 31699     |
|    policy_loss        | 1.29e+09  |
|    reward             | 2806666.5 |
|    std                | 0.904     |
|    value_loss         | 3.22e+14  |
-------------------------------------
=================================
begin_total_asset:1000000
end_total_asset:3392789.5968599385
Sharpe:  0.8742283890721587
=================================
-------------------------------------
| time/                 |           |
|    fps                | 420       |
|    iterations         | 31800     |
|    time_elapsed       | 756       |
|    total_timesteps    | 318000    |
| train/                |           |
|    entropy_loss       | -77.6     |
|    explained_variance | 0         |
|    learning_rate      | 0.0004    |
|    n_updates          | 31799     |
|    policy_loss        | 5.19e+08  |
|    reward             | 1304279.0 |
|    std                | 0.903     |
|    value_loss         | 5.64e+13  |
-------------------------------------
-------------------------------------
| time/                 |           |
|    fps                | 420       |
|    iterations         | 31900     |
|    time_elapsed       | 759       |
|    total_timesteps    | 319000    |
| train/                |           |
|    entropy_loss       | -77.6     |
|    explained_variance | -1.19e-07 |
|    learning_rate      | 0.0004    |
|    n_updates          | 31899     |
|    policy_loss        | 1.22e+09  |
|    reward             | 2969041.2 |
|    std                | 0.904     |
|    value_loss         | 3.07e+14  |
-------------------------------------
=================================
begin_total_asset:1000000
end_total_asset:3411090.512434325
Sharpe:  0.8786874245510865
=================================
-------------------------------------
| time/                 |           |
|    fps                | 419       |
|    iterations         | 32000     |
|    time_elapsed       | 762       |
|    total_timesteps    | 320000    |
| train/                |           |
|    entropy_loss       | -77.6     |
|    explained_variance | 0         |
|    learning_rate      | 0.0004    |
|    n_updates          | 31999     |
|    policy_loss        | 5.05e+08  |
|    reward             | 1261344.6 |
|    std                | 0.904     |
|    value_loss         | 5.46e+13  |
-------------------------------------
-------------------------------------
| time/                 |           |
|    fps                | 419       |
|    iterations         | 32100     |
|    time_elapsed       | 764       |
|    total_timesteps    | 321000    |
| train/                |           |
|    entropy_loss       | -77.5     |
|    explained_variance | 0         |
|    learning_rate      | 0.0004    |
|    n_updates          | 32099     |
|    policy_loss        | 1.17e+09  |
|    reward             | 2831779.2 |
|    std                | 0.903     |
|    value_loss         | 2.79e+14  |
-------------------------------------
=================================
begin_total_asset:1000000
end_total_asset:3385902.91892362
Sharpe:  0.8724211778541647
=================================
-------------------------------------
| time/                 |           |
|    fps                | 419       |
|    iterations         | 32200     |
|    time_elapsed       | 767       |
|    total_timesteps    | 322000    |
| train/                |           |
|    entropy_loss       | -77.5     |
|    explained_variance | 1.19e-07  |
|    learning_rate      | 0.0004    |
|    n_updates          | 32199     |
|    policy_loss        | 5.1e+08   |
|    reward             | 1224801.0 |
|    std                | 0.903     |
|    value_loss         | 5.15e+13  |
-------------------------------------
-------------------------------------
| time/                 |           |
|    fps                | 419       |
|    iterations         | 32300     |
|    time_elapsed       | 769       |
|    total_timesteps    | 323000    |
| train/                |           |
|    entropy_loss       | -77.5     |
|    explained_variance | 5.96e-08  |
|    learning_rate      | 0.0004    |
|    n_updates          | 32299     |
|    policy_loss        | 1.18e+09  |
|    reward             | 2818373.5 |
|    std                | 0.901     |
|    value_loss         | 2.97e+14  |
-------------------------------------
=================================
begin_total_asset:1000000
end_total_asset:3506374.815708488
Sharpe:  0.8942788191377486
=================================
-------------------------------------
| time/                 |           |
|    fps                | 419       |
|    iterations         | 32400     |
|    time_elapsed       | 771       |
|    total_timesteps    | 324000    |
| train/                |           |
|    entropy_loss       | -77.5     |
|    explained_variance | 1.19e-07  |
|    learning_rate      | 0.0004    |
|    n_updates          | 32399     |
|    policy_loss        | 5.02e+08  |
|    reward             | 1209166.4 |
|    std                | 0.902     |
|    value_loss         | 5.11e+13  |
-------------------------------------
-------------------------------------
| time/                 |           |
|    fps                | 419       |
|    iterations         | 32500     |
|    time_elapsed       | 774       |
|    total_timesteps    | 325000    |
| train/                |           |
|    entropy_loss       | -77.5     |
|    explained_variance | 0         |
|    learning_rate      | 0.0004    |
|    n_updates          | 32499     |
|    policy_loss        | 1.18e+09  |
|    reward             | 2900285.8 |
|    std                | 0.902     |
|    value_loss         | 2.98e+14  |
-------------------------------------
=================================
begin_total_asset:1000000
end_total_asset:3489422.223188167
Sharpe:  0.8917626866848376
=================================
-------------------------------------
| time/                 |           |
|    fps                | 419       |
|    iterations         | 32600     |
|    time_elapsed       | 776       |
|    total_timesteps    | 326000    |
| train/                |           |
|    entropy_loss       | -77.5     |
|    explained_variance | 0         |
|    learning_rate      | 0.0004    |
|    n_updates          | 32599     |
|    policy_loss        | 5.09e+08  |
|    reward             | 1190050.8 |
|    std                | 0.902     |
|    value_loss         | 5.05e+13  |
-------------------------------------
-------------------------------------
| time/                 |           |
|    fps                | 419       |
|    iterations         | 32700     |
|    time_elapsed       | 779       |
|    total_timesteps    | 327000    |
| train/                |           |
|    entropy_loss       | -77.5     |
|    explained_variance | 0         |
|    learning_rate      | 0.0004    |
|    n_updates          | 32699     |
|    policy_loss        | 1.16e+09  |
|    reward             | 2975015.5 |
|    std                | 0.902     |
|    value_loss         | 2.89e+14  |
-------------------------------------
=================================
begin_total_asset:1000000
end_total_asset:3539045.839378327
Sharpe:  0.9001650618149231
=================================
-------------------------------------
| time/                 |           |
|    fps                | 419       |
|    iterations         | 32800     |
|    time_elapsed       | 781       |
|    total_timesteps    | 328000    |
| train/                |           |
|    entropy_loss       | -77.5     |
|    explained_variance | 0         |
|    learning_rate      | 0.0004    |
|    n_updates          | 32799     |
|    policy_loss        | 4.88e+08  |
|    reward             | 1195062.5 |
|    std                | 0.902     |
|    value_loss         | 5.02e+13  |
-------------------------------------
-------------------------------------
| time/                 |           |
|    fps                | 419       |
|    iterations         | 32900     |
|    time_elapsed       | 783       |
|    total_timesteps    | 329000    |
| train/                |           |
|    entropy_loss       | -77.4     |
|    explained_variance | 0         |
|    learning_rate      | 0.0004    |
|    n_updates          | 32899     |
|    policy_loss        | 1.21e+09  |
|    reward             | 2973393.8 |
|    std                | 0.901     |
|    value_loss         | 2.94e+14  |
-------------------------------------
=================================
begin_total_asset:1000000
end_total_asset:3596677.7271326813
Sharpe:  0.909199707002864
=================================
-------------------------------------
| time/                 |           |
|    fps                | 419       |
|    iterations         | 33000     |
|    time_elapsed       | 786       |
|    total_timesteps    | 330000    |
| train/                |           |
|    entropy_loss       | -77.4     |
|    explained_variance | 0         |
|    learning_rate      | 0.0004    |
|    n_updates          | 32999     |
|    policy_loss        | 4.92e+08  |
|    reward             | 1174291.0 |
|    std                | 0.901     |
|    value_loss         | 4.76e+13  |
-------------------------------------
-------------------------------------
| time/                 |           |
|    fps                | 419       |
|    iterations         | 33100     |
|    time_elapsed       | 788       |
|    total_timesteps    | 331000    |
| train/                |           |
|    entropy_loss       | -77.4     |
|    explained_variance | 0         |
|    learning_rate      | 0.0004    |
|    n_updates          | 33099     |
|    policy_loss        | 1.16e+09  |
|    reward             | 2788934.0 |
|    std                | 0.901     |
|    value_loss         | 2.93e+14  |
-------------------------------------
=================================
begin_total_asset:1000000
end_total_asset:3641750.230657108
Sharpe:  0.9148978004935655
=================================
-------------------------------------
| time/                 |           |
|    fps                | 419       |
|    iterations         | 33200     |
|    time_elapsed       | 791       |
|    total_timesteps    | 332000    |
| train/                |           |
|    entropy_loss       | -77.4     |
|    explained_variance | 0         |
|    learning_rate      | 0.0004    |
|    n_updates          | 33199     |
|    policy_loss        | 4.71e+08  |
|    reward             | 1144253.6 |
|    std                | 0.901     |
|    value_loss         | 4.64e+13  |
-------------------------------------
-------------------------------------
| time/                 |           |
|    fps                | 419       |
|    iterations         | 33300     |
|    time_elapsed       | 793       |
|    total_timesteps    | 333000    |
| train/                |           |
|    entropy_loss       | -77.4     |
|    explained_variance | -1.19e-07 |
|    learning_rate      | 0.0004    |
|    n_updates          | 33299     |
|    policy_loss        | 1.2e+09   |
|    reward             | 2808770.2 |
|    std                | 0.901     |
|    value_loss         | 2.94e+14  |
-------------------------------------
=================================
begin_total_asset:1000000
end_total_asset:3639176.453543743
Sharpe:  0.9125568171224213
=================================
-------------------------------------
| time/                 |           |
|    fps                | 419       |
|    iterations         | 33400     |
|    time_elapsed       | 795       |
|    total_timesteps    | 334000    |
| train/                |           |
|    entropy_loss       | -77.3     |
|    explained_variance | 1.19e-07  |
|    learning_rate      | 0.0004    |
|    n_updates          | 33399     |
|    policy_loss        | 4.78e+08  |
|    reward             | 1150218.9 |
|    std                | 0.9       |
|    value_loss         | 4.54e+13  |
-------------------------------------
-------------------------------------
| time/                 |           |
|    fps                | 419       |
|    iterations         | 33500     |
|    time_elapsed       | 798       |
|    total_timesteps    | 335000    |
| train/                |           |
|    entropy_loss       | -77.3     |
|    explained_variance | 0         |
|    learning_rate      | 0.0004    |
|    n_updates          | 33499     |
|    policy_loss        | 1.18e+09  |
|    reward             | 2865411.0 |
|    std                | 0.899     |
|    value_loss         | 2.9e+14   |
-------------------------------------
=================================
begin_total_asset:1000000
end_total_asset:3505967.8601396214
Sharpe:  0.8805624866622143
=================================
-------------------------------------
| time/                 |           |
|    fps                | 419       |
|    iterations         | 33600     |
|    time_elapsed       | 800       |
|    total_timesteps    | 336000    |
| train/                |           |
|    entropy_loss       | -77.3     |
|    explained_variance | 1.19e-07  |
|    learning_rate      | 0.0004    |
|    n_updates          | 33599     |
|    policy_loss        | 4.78e+08  |
|    reward             | 1127034.9 |
|    std                | 0.899     |
|    value_loss         | 4.61e+13  |
-------------------------------------
-------------------------------------
| time/                 |           |
|    fps                | 419       |
|    iterations         | 33700     |
|    time_elapsed       | 803       |
|    total_timesteps    | 337000    |
| train/                |           |
|    entropy_loss       | -77.2     |
|    explained_variance | 1.79e-07  |
|    learning_rate      | 0.0004    |
|    n_updates          | 33699     |
|    policy_loss        | 1.02e+09  |
|    reward             | 2859661.0 |
|    std                | 0.898     |
|    value_loss         | 2.26e+14  |
-------------------------------------
=================================
begin_total_asset:1000000
end_total_asset:3568192.518030088
Sharpe:  0.9005565232108217
=================================
-------------------------------------
| time/                 |           |
|    fps                | 419       |
|    iterations         | 33800     |
|    time_elapsed       | 805       |
|    total_timesteps    | 338000    |
| train/                |           |
|    entropy_loss       | -77.2     |
|    explained_variance | 0         |
|    learning_rate      | 0.0004    |
|    n_updates          | 33799     |
|    policy_loss        | 4.64e+08  |
|    reward             | 1116396.1 |
|    std                | 0.898     |
|    value_loss         | 4.48e+13  |
-------------------------------------
-------------------------------------
| time/                 |           |
|    fps                | 419       |
|    iterations         | 33900     |
|    time_elapsed       | 807       |
|    total_timesteps    | 339000    |
| train/                |           |
|    entropy_loss       | -77.2     |
|    explained_variance | 0         |
|    learning_rate      | 0.0004    |
|    n_updates          | 33899     |
|    policy_loss        | 9.55e+08  |
|    reward             | 2767847.8 |
|    std                | 0.898     |
|    value_loss         | 1.96e+14  |
-------------------------------------
=================================
begin_total_asset:1000000
end_total_asset:3598170.6383404452
Sharpe:  0.9039346138866318
=================================
-------------------------------------
| time/                 |           |
|    fps                | 419       |
|    iterations         | 34000     |
|    time_elapsed       | 810       |
|    total_timesteps    | 340000    |
| train/                |           |
|    entropy_loss       | -77.1     |
|    explained_variance | -1.19e-07 |
|    learning_rate      | 0.0004    |
|    n_updates          | 33999     |
|    policy_loss        | 4.46e+08  |
|    reward             | 1140103.6 |
|    std                | 0.897     |
|    value_loss         | 4.37e+13  |
-------------------------------------
-------------------------------------
| time/                 |           |
|    fps                | 419       |
|    iterations         | 34100     |
|    time_elapsed       | 812       |
|    total_timesteps    | 341000    |
| train/                |           |
|    entropy_loss       | -77       |
|    explained_variance | 0         |
|    learning_rate      | 0.0004    |
|    n_updates          | 34099     |
|    policy_loss        | 9.62e+08  |
|    reward             | 2252897.0 |
|    std                | 0.896     |
|    value_loss         | 1.79e+14  |
-------------------------------------
=================================
begin_total_asset:1000000
end_total_asset:3485168.1920785834
Sharpe:  0.8765364761910223
=================================
-------------------------------------
| time/                 |           |
|    fps                | 419       |
|    iterations         | 34200     |
|    time_elapsed       | 815       |
|    total_timesteps    | 342000    |
| train/                |           |
|    entropy_loss       | -77       |
|    explained_variance | -1.19e-07 |
|    learning_rate      | 0.0004    |
|    n_updates          | 34199     |
|    policy_loss        | 4.62e+08  |
|    reward             | 1105718.6 |
|    std                | 0.896     |
|    value_loss         | 4.38e+13  |
-------------------------------------
-------------------------------------
| time/                 |           |
|    fps                | 419       |
|    iterations         | 34300     |
|    time_elapsed       | 817       |
|    total_timesteps    | 343000    |
| train/                |           |
|    entropy_loss       | -77.1     |
|    explained_variance | 2.38e-07  |
|    learning_rate      | 0.0004    |
|    n_updates          | 34299     |
|    policy_loss        | 9.5e+08   |
|    reward             | 2286976.0 |
|    std                | 0.896     |
|    value_loss         | 1.84e+14  |
-------------------------------------
=================================
begin_total_asset:1000000
end_total_asset:3597633.150306883
Sharpe:  0.9009618479252548
=================================
-------------------------------------
| time/                 |           |
|    fps                | 419       |
|    iterations         | 34400     |
|    time_elapsed       | 820       |
|    total_timesteps    | 344000    |
| train/                |           |
|    entropy_loss       | -77       |
|    explained_variance | 2.38e-07  |
|    learning_rate      | 0.0004    |
|    n_updates          | 34399     |
|    policy_loss        | 4.64e+08  |
|    reward             | 1109415.0 |
|    std                | 0.895     |
|    value_loss         | 4.35e+13  |
-------------------------------------
-------------------------------------
| time/                 |           |
|    fps                | 419       |
|    iterations         | 34500     |
|    time_elapsed       | 822       |
|    total_timesteps    | 345000    |
| train/                |           |
|    entropy_loss       | -77       |
|    explained_variance | 0         |
|    learning_rate      | 0.0004    |
|    n_updates          | 34499     |
|    policy_loss        | 9.28e+08  |
|    reward             | 2255226.0 |
|    std                | 0.895     |
|    value_loss         | 1.79e+14  |
-------------------------------------
=================================
begin_total_asset:1000000
end_total_asset:3528961.9858327038
Sharpe:  0.8840946136968113
=================================
-------------------------------------
| time/                 |           |
|    fps                | 419       |
|    iterations         | 34600     |
|    time_elapsed       | 824       |
|    total_timesteps    | 346000    |
| train/                |           |
|    entropy_loss       | -77       |
|    explained_variance | 0         |
|    learning_rate      | 0.0004    |
|    n_updates          | 34599     |
|    policy_loss        | 4.17e+08  |
|    reward             | 1094282.5 |
|    std                | 0.895     |
|    value_loss         | 4.1e+13   |
-------------------------------------
-------------------------------------
| time/                 |           |
|    fps                | 419       |
|    iterations         | 34700     |
|    time_elapsed       | 826       |
|    total_timesteps    | 347000    |
| train/                |           |
|    entropy_loss       | -76.9     |
|    explained_variance | 0         |
|    learning_rate      | 0.0004    |
|    n_updates          | 34699     |
|    policy_loss        | 9.88e+08  |
|    reward             | 2344766.0 |
|    std                | 0.894     |
|    value_loss         | 1.93e+14  |
-------------------------------------
=================================
begin_total_asset:1000000
end_total_asset:3851376.421748583
Sharpe:  0.9363105074429235
=================================
-------------------------------------
| time/                 |           |
|    fps                | 419       |
|    iterations         | 34800     |
|    time_elapsed       | 829       |
|    total_timesteps    | 348000    |
| train/                |           |
|    entropy_loss       | -76.9     |
|    explained_variance | 0         |
|    learning_rate      | 0.0004    |
|    n_updates          | 34799     |
|    policy_loss        | 4.57e+08  |
|    reward             | 1084369.6 |
|    std                | 0.894     |
|    value_loss         | 4.23e+13  |
-------------------------------------
-------------------------------------
| time/                 |           |
|    fps                | 419       |
|    iterations         | 34900     |
|    time_elapsed       | 831       |
|    total_timesteps    | 349000    |
| train/                |           |
|    entropy_loss       | -76.9     |
|    explained_variance | 0         |
|    learning_rate      | 0.0004    |
|    n_updates          | 34899     |
|    policy_loss        | 9.62e+08  |
|    reward             | 2246382.2 |
|    std                | 0.894     |
|    value_loss         | 1.79e+14  |
-------------------------------------
=================================
begin_total_asset:1000000
end_total_asset:3734420.55047248
Sharpe:  0.9272071183495509
=================================
-------------------------------------
| time/                 |           |
|    fps                | 419       |
|    iterations         | 35000     |
|    time_elapsed       | 834       |
|    total_timesteps    | 350000    |
| train/                |           |
|    entropy_loss       | -76.9     |
|    explained_variance | -2.38e-07 |
|    learning_rate      | 0.0004    |
|    n_updates          | 34999     |
|    policy_loss        | 4.23e+08  |
|    reward             | 1076736.9 |
|    std                | 0.894     |
|    value_loss         | 4.06e+13  |
-------------------------------------
-------------------------------------
| time/                 |           |
|    fps                | 419       |
|    iterations         | 35100     |
|    time_elapsed       | 836       |
|    total_timesteps    | 351000    |
| train/                |           |
|    entropy_loss       | -76.9     |
|    explained_variance | 0         |
|    learning_rate      | 0.0004    |
|    n_updates          | 35099     |
|    policy_loss        | 9.26e+08  |
|    reward             | 2288308.2 |
|    std                | 0.894     |
|    value_loss         | 1.82e+14  |
-------------------------------------
=================================
begin_total_asset:1000000
end_total_asset:3672919.297190965
Sharpe:  0.9138368726854371
=================================
-------------------------------------
| time/                 |           |
|    fps                | 419       |
|    iterations         | 35200     |
|    time_elapsed       | 838       |
|    total_timesteps    | 352000    |
| train/                |           |
|    entropy_loss       | -76.9     |
|    explained_variance | 5.96e-08  |
|    learning_rate      | 0.0004    |
|    n_updates          | 35199     |
|    policy_loss        | 4.37e+08  |
|    reward             | 1065123.9 |
|    std                | 0.894     |
|    value_loss         | 4.08e+13  |
-------------------------------------
-------------------------------------
| time/                 |           |
|    fps                | 419       |
|    iterations         | 35300     |
|    time_elapsed       | 841       |
|    total_timesteps    | 353000    |
| train/                |           |
|    entropy_loss       | -76.9     |
|    explained_variance | -1.19e-07 |
|    learning_rate      | 0.0004    |
|    n_updates          | 35299     |
|    policy_loss        | 8.78e+08  |
|    reward             | 2192411.8 |
|    std                | 0.893     |
|    value_loss         | 1.6e+14   |
-------------------------------------
=================================
begin_total_asset:1000000
end_total_asset:3502869.1461730795
Sharpe:  0.8877997376285897
=================================
-------------------------------------
| time/                 |           |
|    fps                | 419       |
|    iterations         | 35400     |
|    time_elapsed       | 843       |
|    total_timesteps    | 354000    |
| train/                |           |
|    entropy_loss       | -76.8     |
|    explained_variance | 1.79e-07  |
|    learning_rate      | 0.0004    |
|    n_updates          | 35399     |
|    policy_loss        | 4.28e+08  |
|    reward             | 1057547.9 |
|    std                | 0.893     |
|    value_loss         | 4e+13     |
-------------------------------------
-------------------------------------
| time/                 |           |
|    fps                | 419       |
|    iterations         | 35500     |
|    time_elapsed       | 845       |
|    total_timesteps    | 355000    |
| train/                |           |
|    entropy_loss       | -76.8     |
|    explained_variance | -1.19e-07 |
|    learning_rate      | 0.0004    |
|    n_updates          | 35499     |
|    policy_loss        | 8.63e+08  |
|    reward             | 2107936.8 |
|    std                | 0.892     |
|    value_loss         | 1.51e+14  |
-------------------------------------
=================================
begin_total_asset:1000000
end_total_asset:3557948.336767038
Sharpe:  0.891073910424307
=================================
--------------------------------------
| time/                 |            |
|    fps                | 419        |
|    iterations         | 35600      |
|    time_elapsed       | 848        |
|    total_timesteps    | 356000     |
| train/                |            |
|    entropy_loss       | -76.7      |
|    explained_variance | 0          |
|    learning_rate      | 0.0004     |
|    n_updates          | 35599      |
|    policy_loss        | 4.24e+08   |
|    reward             | 1046527.06 |
|    std                | 0.891      |
|    value_loss         | 4.03e+13   |
--------------------------------------
-------------------------------------
| time/                 |           |
|    fps                | 419       |
|    iterations         | 35700     |
|    time_elapsed       | 850       |
|    total_timesteps    | 357000    |
| train/                |           |
|    entropy_loss       | -76.8     |
|    explained_variance | 0         |
|    learning_rate      | 0.0004    |
|    n_updates          | 35699     |
|    policy_loss        | 8.63e+08  |
|    reward             | 2126130.8 |
|    std                | 0.892     |
|    value_loss         | 1.57e+14  |
-------------------------------------
=================================
begin_total_asset:1000000
end_total_asset:3580933.8361836565
Sharpe:  0.8992792186613577
=================================
-------------------------------------
| time/                 |           |
|    fps                | 419       |
|    iterations         | 35800     |
|    time_elapsed       | 852       |
|    total_timesteps    | 358000    |
| train/                |           |
|    entropy_loss       | -76.7     |
|    explained_variance | 1.19e-07  |
|    learning_rate      | 0.0004    |
|    n_updates          | 35799     |
|    policy_loss        | 4.43e+08  |
|    reward             | 1058907.8 |
|    std                | 0.892     |
|    value_loss         | 3.94e+13  |
-------------------------------------
-------------------------------------
| time/                 |           |
|    fps                | 419       |
|    iterations         | 35900     |
|    time_elapsed       | 855       |
|    total_timesteps    | 359000    |
| train/                |           |
|    entropy_loss       | -76.7     |
|    explained_variance | -1.19e-07 |
|    learning_rate      | 0.0004    |
|    n_updates          | 35899     |
|    policy_loss        | 8.7e+08   |
|    reward             | 2115875.8 |
|    std                | 0.891     |
|    value_loss         | 1.53e+14  |
-------------------------------------
=================================
begin_total_asset:1000000
end_total_asset:3609115.8452015035
Sharpe:  0.9051200936328848
=================================
-------------------------------------
| time/                 |           |
|    fps                | 419       |
|    iterations         | 36000     |
|    time_elapsed       | 857       |
|    total_timesteps    | 360000    |
| train/                |           |
|    entropy_loss       | -76.7     |
|    explained_variance | 5.96e-08  |
|    learning_rate      | 0.0004    |
|    n_updates          | 35999     |
|    policy_loss        | 4.04e+08  |
|    reward             | 1055237.2 |
|    std                | 0.891     |
|    value_loss         | 3.76e+13  |
-------------------------------------
-------------------------------------
| time/                 |           |
|    fps                | 419       |
|    iterations         | 36100     |
|    time_elapsed       | 859       |
|    total_timesteps    | 361000    |
| train/                |           |
|    entropy_loss       | -76.7     |
|    explained_variance | 1.19e-07  |
|    learning_rate      | 0.0004    |
|    n_updates          | 36099     |
|    policy_loss        | 8.81e+08  |
|    reward             | 2165994.0 |
|    std                | 0.89      |
|    value_loss         | 1.6e+14   |
-------------------------------------
=================================
begin_total_asset:1000000
end_total_asset:3643293.239688644
Sharpe:  0.909107891380937
=================================
-------------------------------------
| time/                 |           |
|    fps                | 419       |
|    iterations         | 36200     |
|    time_elapsed       | 861       |
|    total_timesteps    | 362000    |
| train/                |           |
|    entropy_loss       | -76.7     |
|    explained_variance | 0         |
|    learning_rate      | 0.0004    |
|    n_updates          | 36199     |
|    policy_loss        | 4.21e+08  |
|    reward             | 1024789.7 |
|    std                | 0.89      |
|    value_loss         | 3.7e+13   |
-------------------------------------
-------------------------------------
| time/                 |           |
|    fps                | 419       |
|    iterations         | 36300     |
|    time_elapsed       | 864       |
|    total_timesteps    | 363000    |
| train/                |           |
|    entropy_loss       | -76.7     |
|    explained_variance | -1.19e-07 |
|    learning_rate      | 0.0004    |
|    n_updates          | 36299     |
|    policy_loss        | 7.72e+08  |
|    reward             | 2009892.1 |
|    std                | 0.89      |
|    value_loss         | 1.38e+14  |
-------------------------------------
=================================
begin_total_asset:1000000
end_total_asset:3478762.565099371
Sharpe:  0.8791858339379401
=================================
--------------------------------------
| time/                 |            |
|    fps                | 419        |
|    iterations         | 36400      |
|    time_elapsed       | 866        |
|    total_timesteps    | 364000     |
| train/                |            |
|    entropy_loss       | -76.6      |
|    explained_variance | 1.19e-07   |
|    learning_rate      | 0.0004     |
|    n_updates          | 36399      |
|    policy_loss        | 1.47e+09   |
|    reward             | 1009883.44 |
|    std                | 0.89       |
|    value_loss         | 4.42e+14   |
--------------------------------------
-------------------------------------
| time/                 |           |
|    fps                | 419       |
|    iterations         | 36500     |
|    time_elapsed       | 869       |
|    total_timesteps    | 365000    |
| train/                |           |
|    entropy_loss       | -76.7     |
|    explained_variance | 0         |
|    learning_rate      | 0.0004    |
|    n_updates          | 36499     |
|    policy_loss        | 7.98e+08  |
|    reward             | 2000253.8 |
|    std                | 0.89      |
|    value_loss         | 1.36e+14  |
-------------------------------------
-------------------------------------
| time/                 |           |
|    fps                | 420       |
|    iterations         | 36600     |
|    time_elapsed       | 871       |
|    total_timesteps    | 366000    |
| train/                |           |
|    entropy_loss       | -76.7     |
|    explained_variance | -1.19e-07 |
|    learning_rate      | 0.0004    |
|    n_updates          | 36599     |
|    policy_loss        | 1.47e+09  |
|    reward             | 3522731.0 |
|    std                | 0.89      |
|    value_loss         | 4.72e+14  |
-------------------------------------
=================================
begin_total_asset:1000000
end_total_asset:3483116.2360909497
Sharpe:  0.8826213054560847
=================================
-------------------------------------
| time/                 |           |
|    fps                | 420       |
|    iterations         | 36700     |
|    time_elapsed       | 873       |
|    total_timesteps    | 367000    |
| train/                |           |
|    entropy_loss       | -76.7     |
|    explained_variance | 5.96e-08  |
|    learning_rate      | 0.0004    |
|    n_updates          | 36699     |
|    policy_loss        | 7.58e+08  |
|    reward             | 1930609.5 |
|    std                | 0.89      |
|    value_loss         | 1.3e+14   |
-------------------------------------
-------------------------------------
| time/                 |           |
|    fps                | 420       |
|    iterations         | 36800     |
|    time_elapsed       | 875       |
|    total_timesteps    | 368000    |
| train/                |           |
|    entropy_loss       | -76.6     |
|    explained_variance | -1.19e-07 |
|    learning_rate      | 0.0004    |
|    n_updates          | 36799     |
|    policy_loss        | 1.44e+09  |
|    reward             | 3553713.0 |
|    std                | 0.889     |
|    value_loss         | 4.47e+14  |
-------------------------------------
=================================
begin_total_asset:1000000
end_total_asset:3419021.7006797404
Sharpe:  0.8708065724788266
=================================
-------------------------------------
| time/                 |           |
|    fps                | 420       |
|    iterations         | 36900     |
|    time_elapsed       | 878       |
|    total_timesteps    | 369000    |
| train/                |           |
|    entropy_loss       | -76.6     |
|    explained_variance | -1.19e-07 |
|    learning_rate      | 0.0004    |
|    n_updates          | 36899     |
|    policy_loss        | 7.72e+08  |
|    reward             | 1957759.2 |
|    std                | 0.889     |
|    value_loss         | 1.27e+14  |
-------------------------------------
-------------------------------------
| time/                 |           |
|    fps                | 420       |
|    iterations         | 37000     |
|    time_elapsed       | 880       |
|    total_timesteps    | 370000    |
| train/                |           |
|    entropy_loss       | -76.6     |
|    explained_variance | -1.19e-07 |
|    learning_rate      | 0.0004    |
|    n_updates          | 36999     |
|    policy_loss        | 1.53e+09  |
|    reward             | 3871955.2 |
|    std                | 0.889     |
|    value_loss         | 5.06e+14  |
-------------------------------------
=================================
begin_total_asset:1000000
end_total_asset:3727190.035166038
Sharpe:  0.9248236131677203
=================================
-------------------------------------
| time/                 |           |
|    fps                | 420       |
|    iterations         | 37100     |
|    time_elapsed       | 883       |
|    total_timesteps    | 371000    |
| train/                |           |
|    entropy_loss       | -76.6     |
|    explained_variance | -2.38e-07 |
|    learning_rate      | 0.0004    |
|    n_updates          | 37099     |
|    policy_loss        | 6.81e+08  |
|    reward             | 1856483.8 |
|    std                | 0.889     |
|    value_loss         | 1.03e+14  |
-------------------------------------
-------------------------------------
| time/                 |           |
|    fps                | 420       |
|    iterations         | 37200     |
|    time_elapsed       | 885       |
|    total_timesteps    | 372000    |
| train/                |           |
|    entropy_loss       | -76.6     |
|    explained_variance | 0         |
|    learning_rate      | 0.0004    |
|    n_updates          | 37199     |
|    policy_loss        | 1.42e+09  |
|    reward             | 3609681.2 |
|    std                | 0.889     |
|    value_loss         | 4.52e+14  |
-------------------------------------
=================================
begin_total_asset:1000000
end_total_asset:3530063.6297923764
Sharpe:  0.8919817537191589
=================================
-------------------------------------
| time/                 |           |
|    fps                | 420       |
|    iterations         | 37300     |
|    time_elapsed       | 887       |
|    total_timesteps    | 373000    |
| train/                |           |
|    entropy_loss       | -76.5     |
|    explained_variance | 0         |
|    learning_rate      | 0.0004    |
|    n_updates          | 37299     |
|    policy_loss        | 7.09e+08  |
|    reward             | 1709974.9 |
|    std                | 0.888     |
|    value_loss         | 1.19e+14  |
-------------------------------------
-------------------------------------
| time/                 |           |
|    fps                | 420       |
|    iterations         | 37400     |
|    time_elapsed       | 889       |
|    total_timesteps    | 374000    |
| train/                |           |
|    entropy_loss       | -76.4     |
|    explained_variance | 0         |
|    learning_rate      | 0.0004    |
|    n_updates          | 37399     |
|    policy_loss        | 1.49e+09  |
|    reward             | 3611123.8 |
|    std                | 0.887     |
|    value_loss         | 4.58e+14  |
-------------------------------------
=================================
begin_total_asset:1000000
end_total_asset:3607014.5055626705
Sharpe:  0.9036188193661131
=================================
-------------------------------------
| time/                 |           |
|    fps                | 420       |
|    iterations         | 37500     |
|    time_elapsed       | 892       |
|    total_timesteps    | 375000    |
| train/                |           |
|    entropy_loss       | -76.4     |
|    explained_variance | 0         |
|    learning_rate      | 0.0004    |
|    n_updates          | 37499     |
|    policy_loss        | 6.98e+08  |
|    reward             | 1821128.8 |
|    std                | 0.886     |
|    value_loss         | 1.08e+14  |
-------------------------------------
-------------------------------------
| time/                 |           |
|    fps                | 420       |
|    iterations         | 37600     |
|    time_elapsed       | 894       |
|    total_timesteps    | 376000    |
| train/                |           |
|    entropy_loss       | -76.4     |
|    explained_variance | -1.19e-07 |
|    learning_rate      | 0.0004    |
|    n_updates          | 37599     |
|    policy_loss        | 1.46e+09  |
|    reward             | 3554956.5 |
|    std                | 0.887     |
|    value_loss         | 4.39e+14  |
-------------------------------------
=================================
begin_total_asset:1000000
end_total_asset:3563010.7486872757
Sharpe:  0.8925317651694517
=================================
-------------------------------------
| time/                 |           |
|    fps                | 420       |
|    iterations         | 37700     |
|    time_elapsed       | 896       |
|    total_timesteps    | 377000    |
| train/                |           |
|    entropy_loss       | -76.4     |
|    explained_variance | 0         |
|    learning_rate      | 0.0004    |
|    n_updates          | 37699     |
|    policy_loss        | 6.82e+08  |
|    reward             | 1759120.2 |
|    std                | 0.886     |
|    value_loss         | 1.12e+14  |
-------------------------------------
-------------------------------------
| time/                 |           |
|    fps                | 420       |
|    iterations         | 37800     |
|    time_elapsed       | 899       |
|    total_timesteps    | 378000    |
| train/                |           |
|    entropy_loss       | -76.4     |
|    explained_variance | 0         |
|    learning_rate      | 0.0004    |
|    n_updates          | 37799     |
|    policy_loss        | 1.38e+09  |
|    reward             | 3591180.5 |
|    std                | 0.886     |
|    value_loss         | 4.26e+14  |
-------------------------------------
=================================
begin_total_asset:1000000
end_total_asset:3655611.9342757105
Sharpe:  0.912144482264098
=================================
-------------------------------------
| time/                 |           |
|    fps                | 420       |
|    iterations         | 37900     |
|    time_elapsed       | 901       |
|    total_timesteps    | 379000    |
| train/                |           |
|    entropy_loss       | -76.3     |
|    explained_variance | 0         |
|    learning_rate      | 0.0004    |
|    n_updates          | 37899     |
|    policy_loss        | 7.89e+08  |
|    reward             | 1816457.9 |
|    std                | 0.885     |
|    value_loss         | 1.29e+14  |
-------------------------------------
-------------------------------------
| time/                 |           |
|    fps                | 420       |
|    iterations         | 38000     |
|    time_elapsed       | 903       |
|    total_timesteps    | 380000    |
| train/                |           |
|    entropy_loss       | -76.3     |
|    explained_variance | -1.19e-07 |
|    learning_rate      | 0.0004    |
|    n_updates          | 37999     |
|    policy_loss        | 1.42e+09  |
|    reward             | 3431039.8 |
|    std                | 0.885     |
|    value_loss         | 4.29e+14  |
-------------------------------------
=================================
begin_total_asset:1000000
end_total_asset:3676874.412954676
Sharpe:  0.9141597491738647
=================================
-------------------------------------
| time/                 |           |
|    fps                | 420       |
|    iterations         | 38100     |
|    time_elapsed       | 906       |
|    total_timesteps    | 381000    |
| train/                |           |
|    entropy_loss       | -76.2     |
|    explained_variance | 0         |
|    learning_rate      | 0.0004    |
|    n_updates          | 38099     |
|    policy_loss        | 7.66e+08  |
|    reward             | 1865277.0 |
|    std                | 0.884     |
|    value_loss         | 1.21e+14  |
-------------------------------------
-------------------------------------
| time/                 |           |
|    fps                | 420       |
|    iterations         | 38200     |
|    time_elapsed       | 908       |
|    total_timesteps    | 382000    |
| train/                |           |
|    entropy_loss       | -76.3     |
|    explained_variance | 0         |
|    learning_rate      | 0.0004    |
|    n_updates          | 38199     |
|    policy_loss        | 1.37e+09  |
|    reward             | 3516805.0 |
|    std                | 0.885     |
|    value_loss         | 4.08e+14  |
-------------------------------------
=================================
begin_total_asset:1000000
end_total_asset:3709864.101190047
Sharpe:  0.9229237201097602
=================================
-------------------------------------
| time/                 |           |
|    fps                | 420       |
|    iterations         | 38300     |
|    time_elapsed       | 911       |
|    total_timesteps    | 383000    |
| train/                |           |
|    entropy_loss       | -76.2     |
|    explained_variance | 1.19e-07  |
|    learning_rate      | 0.0004    |
|    n_updates          | 38299     |
|    policy_loss        | 7.32e+08  |
|    reward             | 1831616.2 |
|    std                | 0.884     |
|    value_loss         | 1.12e+14  |
-------------------------------------
-------------------------------------
| time/                 |           |
|    fps                | 420       |
|    iterations         | 38400     |
|    time_elapsed       | 913       |
|    total_timesteps    | 384000    |
| train/                |           |
|    entropy_loss       | -76.2     |
|    explained_variance | 1.19e-07  |
|    learning_rate      | 0.0004    |
|    n_updates          | 38399     |
|    policy_loss        | 1.44e+09  |
|    reward             | 3371328.8 |
|    std                | 0.884     |
|    value_loss         | 4.46e+14  |
-------------------------------------
=================================
begin_total_asset:1000000
end_total_asset:3809058.285127856
Sharpe:  0.9347878764113117
=================================
-------------------------------------
| time/                 |           |
|    fps                | 420       |
|    iterations         | 38500     |
|    time_elapsed       | 916       |
|    total_timesteps    | 385000    |
| train/                |           |
|    entropy_loss       | -76.1     |
|    explained_variance | 1.19e-07  |
|    learning_rate      | 0.0004    |
|    n_updates          | 38499     |
|    policy_loss        | 6.91e+08  |
|    reward             | 1708207.0 |
|    std                | 0.883     |
|    value_loss         | 9.98e+13  |
-------------------------------------
-------------------------------------
| time/                 |           |
|    fps                | 420       |
|    iterations         | 38600     |
|    time_elapsed       | 918       |
|    total_timesteps    | 386000    |
| train/                |           |
|    entropy_loss       | -76.1     |
|    explained_variance | 0         |
|    learning_rate      | 0.0004    |
|    n_updates          | 38599     |
|    policy_loss        | 1.34e+09  |
|    reward             | 3439360.8 |
|    std                | 0.881     |
|    value_loss         | 4.18e+14  |
-------------------------------------
=================================
begin_total_asset:1000000
end_total_asset:3706430.7390192742
Sharpe:  0.9202009297592394
=================================
-------------------------------------
| time/                 |           |
|    fps                | 420       |
|    iterations         | 38700     |
|    time_elapsed       | 920       |
|    total_timesteps    | 387000    |
| train/                |           |
|    entropy_loss       | -76.1     |
|    explained_variance | 0         |
|    learning_rate      | 0.0004    |
|    n_updates          | 38699     |
|    policy_loss        | 6.76e+08  |
|    reward             | 1711371.6 |
|    std                | 0.882     |
|    value_loss         | 9.36e+13  |
-------------------------------------
-------------------------------------
| time/                 |           |
|    fps                | 420       |
|    iterations         | 38800     |
|    time_elapsed       | 923       |
|    total_timesteps    | 388000    |
| train/                |           |
|    entropy_loss       | -76       |
|    explained_variance | 1.19e-07  |
|    learning_rate      | 0.0004    |
|    n_updates          | 38799     |
|    policy_loss        | 1.31e+09  |
|    reward             | 3337329.5 |
|    std                | 0.881     |
|    value_loss         | 3.83e+14  |
-------------------------------------
=================================
begin_total_asset:1000000
end_total_asset:3633874.327495207
Sharpe:  0.9057503357701411
=================================
-------------------------------------
| time/                 |           |
|    fps                | 420       |
|    iterations         | 38900     |
|    time_elapsed       | 925       |
|    total_timesteps    | 389000    |
| train/                |           |
|    entropy_loss       | -76       |
|    explained_variance | 0         |
|    learning_rate      | 0.0004    |
|    n_updates          | 38899     |
|    policy_loss        | 6.66e+08  |
|    reward             | 1635029.8 |
|    std                | 0.881     |
|    value_loss         | 1.01e+14  |
-------------------------------------
-------------------------------------
| time/                 |           |
|    fps                | 420       |
|    iterations         | 39000     |
|    time_elapsed       | 927       |
|    total_timesteps    | 390000    |
| train/                |           |
|    entropy_loss       | -76       |
|    explained_variance | -1.19e-07 |
|    learning_rate      | 0.0004    |
|    n_updates          | 38999     |
|    policy_loss        | 1.43e+09  |
|    reward             | 3497575.8 |
|    std                | 0.881     |
|    value_loss         | 4.35e+14  |
-------------------------------------
=================================
begin_total_asset:1000000
end_total_asset:3854353.4882892105
Sharpe:  0.9418616504752374
=================================
-------------------------------------
| time/                 |           |
|    fps                | 420       |
|    iterations         | 39100     |
|    time_elapsed       | 930       |
|    total_timesteps    | 391000    |
| train/                |           |
|    entropy_loss       | -75.9     |
|    explained_variance | 0         |
|    learning_rate      | 0.0004    |
|    n_updates          | 39099     |
|    policy_loss        | 6.33e+08  |
|    reward             | 1610516.4 |
|    std                | 0.88      |
|    value_loss         | 8.81e+13  |
-------------------------------------
-------------------------------------
| time/                 |           |
|    fps                | 420       |
|    iterations         | 39200     |
|    time_elapsed       | 932       |
|    total_timesteps    | 392000    |
| train/                |           |
|    entropy_loss       | -75.9     |
|    explained_variance | 0         |
|    learning_rate      | 0.0004    |
|    n_updates          | 39199     |
|    policy_loss        | 1.36e+09  |
|    reward             | 3320780.8 |
|    std                | 0.879     |
|    value_loss         | 4.01e+14  |
-------------------------------------
=================================
begin_total_asset:1000000
end_total_asset:3641168.189856441
Sharpe:  0.9075899304635581
=================================
-------------------------------------
| time/                 |           |
|    fps                | 420       |
|    iterations         | 39300     |
|    time_elapsed       | 934       |
|    total_timesteps    | 393000    |
| train/                |           |
|    entropy_loss       | -75.9     |
|    explained_variance | -1.19e-07 |
|    learning_rate      | 0.0004    |
|    n_updates          | 39299     |
|    policy_loss        | 6.12e+08  |
|    reward             | 1627179.9 |
|    std                | 0.879     |
|    value_loss         | 8.45e+13  |
-------------------------------------
-------------------------------------
| time/                 |           |
|    fps                | 420       |
|    iterations         | 39400     |
|    time_elapsed       | 937       |
|    total_timesteps    | 394000    |
| train/                |           |
|    entropy_loss       | -75.9     |
|    explained_variance | 0         |
|    learning_rate      | 0.0004    |
|    n_updates          | 39399     |
|    policy_loss        | 1.32e+09  |
|    reward             | 3444516.8 |
|    std                | 0.879     |
|    value_loss         | 3.96e+14  |
-------------------------------------
=================================
begin_total_asset:1000000
end_total_asset:3752801.3562755897
Sharpe:  0.9254876180349066
=================================
-------------------------------------
| time/                 |           |
|    fps                | 420       |
|    iterations         | 39500     |
|    time_elapsed       | 939       |
|    total_timesteps    | 395000    |
| train/                |           |
|    entropy_loss       | -75.9     |
|    explained_variance | 1.19e-07  |
|    learning_rate      | 0.0004    |
|    n_updates          | 39499     |
|    policy_loss        | 5.87e+08  |
|    reward             | 1482335.2 |
|    std                | 0.879     |
|    value_loss         | 7.67e+13  |
-------------------------------------
-------------------------------------
| time/                 |           |
|    fps                | 420       |
|    iterations         | 39600     |
|    time_elapsed       | 941       |
|    total_timesteps    | 396000    |
| train/                |           |
|    entropy_loss       | -75.8     |
|    explained_variance | 0         |
|    learning_rate      | 0.0004    |
|    n_updates          | 39599     |
|    policy_loss        | 1.3e+09   |
|    reward             | 3201402.2 |
|    std                | 0.878     |
|    value_loss         | 3.67e+14  |
-------------------------------------
=================================
begin_total_asset:1000000
end_total_asset:3671181.6672428767
Sharpe:  0.9095924571833787
=================================
-------------------------------------
| time/                 |           |
|    fps                | 420       |
|    iterations         | 39700     |
|    time_elapsed       | 944       |
|    total_timesteps    | 397000    |
| train/                |           |
|    entropy_loss       | -75.8     |
|    explained_variance | 0         |
|    learning_rate      | 0.0004    |
|    n_updates          | 39699     |
|    policy_loss        | 5.87e+08  |
|    reward             | 1560575.1 |
|    std                | 0.877     |
|    value_loss         | 7.45e+13  |
-------------------------------------
-------------------------------------
| time/                 |           |
|    fps                | 420       |
|    iterations         | 39800     |
|    time_elapsed       | 946       |
|    total_timesteps    | 398000    |
| train/                |           |
|    entropy_loss       | -75.7     |
|    explained_variance | 0         |
|    learning_rate      | 0.0004    |
|    n_updates          | 39799     |
|    policy_loss        | 1.38e+09  |
|    reward             | 3323625.5 |
|    std                | 0.876     |
|    value_loss         | 4.32e+14  |
-------------------------------------
=================================
begin_total_asset:1000000
end_total_asset:3844229.9883691473
Sharpe:  0.937812652441875
=================================
-------------------------------------
| time/                 |           |
|    fps                | 420       |
|    iterations         | 39900     |
|    time_elapsed       | 949       |
|    total_timesteps    | 399000    |
| train/                |           |
|    entropy_loss       | -75.6     |
|    explained_variance | -1.19e-07 |
|    learning_rate      | 0.0004    |
|    n_updates          | 39899     |
|    policy_loss        | 4.94e+08  |
|    reward             | 1471811.0 |
|    std                | 0.875     |
|    value_loss         | 5.66e+13  |
-------------------------------------
-------------------------------------
| time/                 |           |
|    fps                | 420       |
|    iterations         | 40000     |
|    time_elapsed       | 951       |
|    total_timesteps    | 400000    |
| train/                |           |
|    entropy_loss       | -75.6     |
|    explained_variance | 0         |
|    learning_rate      | 0.0004    |
|    n_updates          | 39999     |
|    policy_loss        | 1.35e+09  |
|    reward             | 3445145.5 |
|    std                | 0.875     |
|    value_loss         | 4.2e+14   |
-------------------------------------
✅ 模型已保存到 trained_models/a2c_60stocks_hv.zip

📈 样本外回测（2025-01-01 ~ 2026-04-27）...
=================================
begin_total_asset:1000000
end_total_asset:1183189.41197247
Sharpe:  0.8535165123782967
=================================
hit end!

============================================================
📊 A2C 跨行业组合 绩效统计
============================================================
Traceback (most recent call last):
  File "/root/miniconda3/envs/finrl/lib/python3.10/site-packages/pandas/core/indexes/base.py", line 3812, in get_loc
    return self._engine.get_loc(casted_key)
  File "pandas/_libs/index.pyx", line 167, in pandas._libs.index.IndexEngine.get_loc
  File "pandas/_libs/index.pyx", line 196, in pandas._libs.index.IndexEngine.get_loc
  File "pandas/_libs/hashtable_class_helper.pxi", line 7088, in pandas._libs.hashtable.PyObjectHashTable.get_item
  File "pandas/_libs/hashtable_class_helper.pxi", line 7096, in pandas._libs.hashtable.PyObjectHashTable.get_item
KeyError: 'account_value'

The above exception was the direct cause of the following exception:

Traceback (most recent call last):
  File "/root/autodl-tmp/Stock_ETF_Crypto/project4/pipline.py", line 301, in <module>
    stats_a2c = backtest_stats(account_value=df_value,
  File "/root/miniconda3/envs/finrl/lib/python3.10/site-packages/finrl/plot.py", line 39, in backtest_stats
    dr_test = get_daily_return(account_value, value_col_name=value_col_name)
  File "/root/miniconda3/envs/finrl/lib/python3.10/site-packages/finrl/plot.py", line 22, in get_daily_return
    df["daily_return"] = df[value_col_name].pct_change(1)
  File "/root/miniconda3/envs/finrl/lib/python3.10/site-packages/pandas/core/frame.py", line 4113, in __getitem__
    indexer = self.columns.get_loc(key)
  File "/root/miniconda3/envs/finrl/lib/python3.10/site-packages/pandas/core/indexes/base.py", line 3819, in get_loc
    raise KeyError(key) from err
KeyError: 'account_value'
