Contract Symbol,Last Price,Bid,Ask,Last Trade Date,Expiry,Strike,Option Type,Open Interest,Volume,Implied Volatility,Spot Price,Discount Rate,Direct Discount Rate,Smooth Discount Rate
UNH260501C00145000,0.0,206.65,211.6,2026-04-28 13:27:22.473002,2026-05-01,145.0,call,0.0,0.0,4.5127707791571785,353.6,0.045,0.045,0.045
UNH260501P00145000,0.03,0.0,0.01,2026-04-20 10:16:34.000000,2026-05-01,145.0,put,28.0,0.0,2.5224,353.6,0.045,0.045,0.045
UNH260501C00150000,200.0,201.65,206.7,2026-04-27 11:20:20.000000,2026-05-01,150.0,call,4.0,4.0,4.414338923045503,353.6,0.045,0.045,0.045
UNH260501P00150000,0.01,0.0,0.01,2026-04-24 11:15:38.000000,2026-05-01,150.0,put,1.0,0.0,2.4303,353.6,0.045,0.045,0.045
UNH260501C00155000,193.68,196.65,201.6,2026-04-27 11:21:48.000000,2026-05-01,155.0,call,2.0,12.0,4.1953432926832095,353.6,0.045,0.045,0.045
UNH260501P00155000,0.0,0.0,0.05,2026-04-28 13:27:22.479059,2026-05-01,155.0,put,0.0,0.0,2.6501,353.6,0.045,0.045,0.045
UNH260501C00160000,189.75,191.65,196.5,2026-04-27 12:19:13.000000,2026-05-01,160.0,call,0.0,10.0,3.9806154624353405,353.6,0.045,0.045,0.045
UNH260501P00160000,0.02,0.0,0.05,2026-04-21 13:21:33.000000,2026-05-01,160.0,put,1.0,0.0,2.5535,353.6,0.045,0.045,0.045
UNH260501C00165000,184.74,186.65,191.65,2026-04-27 12:19:34.000000,2026-05-01,165.0,call,0.0,4.0,3.927381970969116,353.6,0.045,0.045,0.045
UNH260501P00165000,0.0,0.0,0.05,2026-04-28 13:27:22.485376,2026-05-01,165.0,put,0.0,0.0,2.4598,353.6,0.045,0.045,0.045
UNH260501C00170000,179.78,181.65,186.25,2026-04-27 12:19:34.000000,2026-05-01,170.0,call,0.0,2.0,3.5206473923041406,353.6,0.045,0.045,0.045
UNH260501P00170000,0.0,0.0,0.05,2026-04-28 13:27:22.488412,2026-05-01,170.0,put,0.0,0.0,2.3689,353.6,0.045,0.045,0.045
UNH260501C00175000,0.0,176.65,181.35,2026-04-28 13:27:22.491404,2026-05-01,175.0,call,0.0,0.0,3.4628056666080234,353.6,0.045,0.045,0.045
UNH260501P00175000,0.0,0.0,0.05,2026-04-28 13:27:22.491458,2026-05-01,175.0,put,0.0,0.0,2.2806,353.6,0.045,0.045,0.045
UNH260501C00180000,0.0,171.65,176.7,2026-04-28 13:27:22.494439,2026-05-01,180.0,call,0.0,0.0,3.5372645237552414,353.6,0.045,0.045,0.045
UNH260501P00180000,0.12,0.0,0.05,2026-04-24 11:10:41.000000,2026-05-01,180.0,put,2.0,0.0,2.1947,353.6,0.045,0.045,0.045
UNH260501C00185000,0.0,166.65,171.7,2026-04-28 13:27:22.497422,2026-05-01,185.0,call,0.0,0.0,3.4054320688269897,353.6,0.045,0.045,0.045
UNH260501P00185000,0.12,0.0,0.01,2026-04-24 11:11:10.000000,2026-05-01,185.0,put,1.0,0.0,1.8606,353.6,0.045,0.045,0.045
UNH260501C00190000,81.3,161.65,166.65,2026-03-31 14:13:31.000000,2026-05-01,190.0,call,1.0,0.0,3.252603124235945,353.6,0.045,0.045,0.045
UNH260501P00190000,0.01,0.0,0.01,2026-04-24 10:22:57.000000,2026-05-01,190.0,put,5.0,0.0,1.788,353.6,0.045,0.045,0.045
UNH260501C00195000,67.7,156.65,161.4,2026-03-30 09:33:27.000000,2026-05-01,195.0,call,4.0,0.0,2.995518903848188,353.6,0.045,0.045,0.045
UNH260501P00195000,0.13,0.0,0.01,2026-04-21 10:12:24.000000,2026-05-01,195.0,put,12.0,0.0,1.7172,353.6,0.045,0.045,0.045
UNH260501C00200000,83.73,151.65,157.1,2026-03-19 13:32:47.000000,2026-05-01,200.0,call,1.0,0.0,3.1919478616112467,353.6,0.045,0.045,0.045
UNH260501P00200000,0.01,0.0,0.01,2026-04-27 13:02:58.000000,2026-05-01,200.0,put,40.0,67.0,1.6482,353.6,0.045,0.045,0.045
UNH260501C00205000,68.66,146.65,151.75,2026-03-23 12:15:09.000000,2026-05-01,205.0,call,1.0,0.0,2.932288106587034,353.6,0.045,0.045,0.045
UNH260501P00205000,0.01,0.0,0.01,2026-04-24 15:25:35.000000,2026-05-01,205.0,put,75.0,0.0,1.5808,353.6,0.045,0.045,0.045
UNH260501C00210000,113.36,141.65,146.55,2026-04-20 09:40:53.000000,2026-05-01,210.0,call,1.0,0.0,2.7270528470305964,353.6,0.045,0.045,0.045
UNH260501P00210000,0.01,0.0,0.01,2026-04-27 13:24:00.000000,2026-05-01,210.0,put,307.0,88.0,1.5149,353.6,0.045,0.045,0.045
UNH260501C00215000,0.0,136.7,141.75,2026-04-28 13:27:22.511104,2026-05-01,215.0,call,0.0,0.0,2.720349647526779,353.6,0.045,0.045,0.045
UNH260501P00215000,0.01,0.0,0.01,2026-04-21 10:12:37.000000,2026-05-01,215.0,put,32.0,0.0,1.4505,353.6,0.045,0.045,0.045
UNH260501C00220000,132.58,131.7,136.75,2026-04-23 15:20:29.000000,2026-05-01,220.0,call,2.0,0.0,2.607665679464889,353.6,0.045,0.045,0.045
UNH260501P00220000,0.02,0.0,0.01,2026-04-27 14:05:30.000000,2026-05-01,220.0,put,180.0,2.0,1.3875,353.6,0.045,0.045,0.045
UNH260501C00225000,0.0,126.7,131.75,2026-04-28 13:27:22.515300,2026-05-01,225.0,call,0.0,0.0,2.497309652130123,353.6,0.045,0.045,0.045
UNH260501P00225000,0.01,0.0,0.01,2026-04-27 11:22:12.000000,2026-05-01,225.0,put,424.0,10.0,1.3258,353.6,0.045,0.045,0.045
UNH260501C00230000,94.5,121.7,126.75,2026-04-20 12:14:01.000000,2026-05-01,230.0,call,4.0,0.0,2.3891545856104686,353.6,0.045,0.045,0.045
UNH260501P00230000,0.02,0.0,0.01,2026-04-27 10:28:22.000000,2026-05-01,230.0,put,187.0,1.0,1.2654,353.6,0.045,0.045,0.045
UNH260501C00235000,0.0,116.7,121.4,2026-04-28 13:27:22.519651,2026-05-01,235.0,call,0.0,0.0,2.1492610238450114,353.6,0.045,0.045,0.045
UNH260501P00235000,0.01,0.0,0.01,2026-04-27 12:32:21.000000,2026-05-01,235.0,put,365.0,24.0,1.2062,353.6,0.045,0.045,0.045
UNH260501C00240000,87.2,111.7,116.5,2026-04-17 11:09:49.000000,2026-05-01,240.0,call,4.0,0.0,2.09011823926468,353.6,0.045,0.045,0.045
UNH260501P00240000,0.02,0.0,0.05,2026-04-27 10:23:13.000000,2026-05-01,240.0,put,363.0,1.0,1.3111,353.6,0.045,0.045,0.045
UNH260501C00245000,108.05,108.0,111.8,2026-04-24 14:13:09.000000,2026-05-01,245.0,call,251.0,0.0,1.4104,353.6,0.045,0.045,0.045
UNH260501P00245000,0.02,0.0,0.07,2026-04-23 14:52:33.000000,2026-05-01,245.0,put,34.0,0.0,1.2876,353.6,0.045,0.045,0.045
UNH260501C00250000,102.7,101.7,106.3,2026-04-27 10:03:19.000000,2026-05-01,250.0,call,23.0,1.0,1.815000314825522,353.6,0.045,0.045,0.045
UNH260501P00250000,0.05,0.0,0.08,2026-04-27 09:30:03.000000,2026-05-01,250.0,put,1326.0,1.0,1.2392,353.6,0.045,0.045,0.045
UNH260501C00255000,98.45,96.7,101.8,2026-04-24 15:30:56.000000,2026-05-01,255.0,call,2.0,0.0,1.8918410866509667,353.6,0.045,0.045,0.045
UNH260501P00255000,0.01,0.0,0.13,2026-04-27 13:24:16.000000,2026-05-01,255.0,put,564.0,7.0,1.2365,353.6,0.045,0.045,0.045
UNH260501C00257500,0.0,94.2,99.2,2026-04-28 13:27:22.528127,2026-05-01,257.5,call,0.0,0.0,1.8139261729398963,353.6,0.045,0.045,0.045
UNH260501P00257500,0.01,0.0,0.01,2026-04-27 14:51:20.000000,2026-05-01,257.5,put,22.0,282.0,0.9531,353.6,0.045,0.045,0.045
UNH260501C00260000,93.89,91.7,96.75,2026-04-24 15:33:20.000000,2026-05-01,260.0,call,89.0,0.0,1.7800719187847216,353.6,0.045,0.045,0.045
UNH260501P00260000,0.01,0.0,0.01,2026-04-27 15:24:03.000000,2026-05-01,260.0,put,330.0,684.0,0.9262,353.6,0.045,0.045,0.045
UNH260501C00262500,0.0,89.2,93.95,2026-04-28 13:27:22.532212,2026-05-01,262.5,call,0.0,0.0,1.640374549876583,353.6,0.045,0.045,0.045
UNH260501P00262500,0.01,0.0,0.01,2026-04-27 15:27:11.000000,2026-05-01,262.5,put,55.0,62.0,0.8995,353.6,0.045,0.045,0.045
UNH260501C00265000,85.39,86.65,91.85,2026-04-27 11:22:29.000000,2026-05-01,265.0,call,143.0,1.0,1.6975870204070884,353.6,0.045,0.045,0.045
UNH260501P00265000,0.01,0.0,0.08,2026-04-27 15:41:13.000000,2026-05-01,265.0,put,1299.0,242.0,1.0492,353.6,0.045,0.045,0.045
UNH260501C00267500,82.94,84.25,89.15,2026-04-27 11:22:29.000000,2026-05-01,267.5,call,0.0,1.0,1.6233527960759817,353.6,0.045,0.045,0.045
UNH260501P00267500,0.02,0.0,0.62,2026-04-27 11:39:42.000000,2026-05-01,267.5,put,30.0,12.0,1.3143,353.6,0.045,0.045,0.045
UNH260501C00270000,83.24,81.7,86.75,2026-04-24 15:19:59.000000,2026-05-01,270.0,call,69.0,0.0,1.589735209147788,353.6,0.045,0.045,0.045
UNH260501P00270000,0.02,0.0,0.03,2026-04-27 10:44:59.000000,2026-05-01,270.0,put,1525.0,1.0,0.8989,353.6,0.045,0.045,0.045
UNH260501C00272500,0.0,79.25,83.95,2026-04-28 13:27:22.539208,2026-05-01,272.5,call,0.0,0.0,1.4741268225423478,353.6,0.045,0.045,0.045
UNH260501P00272500,0.02,0.0,0.07,2026-04-27 13:32:37.000000,2026-05-01,272.5,put,11.0,13.0,0.9444,353.6,0.045,0.045,0.045
UNH260501C00275000,80.8,79.4,81.75,2026-04-27 15:50:11.000000,2026-05-01,275.0,call,30.0,5.0,1.3923,353.6,0.045,0.045,0.045
UNH260501P00275000,0.05,0.0,0.03,2026-04-27 10:44:59.000000,2026-05-01,275.0,put,815.0,1.0,0.8431,353.6,0.045,0.045,0.045
UNH260501C00277500,76.7,74.25,79.15,2026-04-24 10:15:56.000000,2026-05-01,277.5,call,5.0,0.0,1.4380030420659093,353.6,0.045,0.045,0.045
UNH260501P00277500,0.07,0.0,0.23,2026-04-21 10:32:29.000000,2026-05-01,277.5,put,27.0,0.0,1.0139,353.6,0.045,0.045,0.045
UNH260501C00280000,72.8,72.25,76.65,2026-04-24 12:12:08.000000,2026-05-01,280.0,call,574.0,0.0,1.5002389405425236,353.6,0.045,0.045,0.045
UNH260501P00280000,0.11,0.01,0.06,2026-04-27 11:48:46.000000,2026-05-01,280.0,put,1165.0,7.0,0.8556,353.6,0.045,0.045,0.045
UNH260501C00282500,69.03,69.45,74.05,2026-04-27 14:47:41.000000,2026-05-01,282.5,call,105.0,5.0,1.3702416479431225,353.6,0.045,0.045,0.045
UNH260501P00282500,0.02,0.0,0.18,2026-04-24 15:37:49.000000,2026-05-01,282.5,put,35.0,0.0,0.9195,353.6,0.045,0.045,0.045
UNH260501C00285000,67.11,67.95,71.65,2026-04-27 15:18:31.000000,2026-05-01,285.0,call,217.0,5.0,1.5200676194928235,353.6,0.045,0.045,0.045
UNH260501P00285000,0.02,0.0,0.03,2026-04-27 13:48:58.000000,2026-05-01,285.0,put,341.0,89.0,0.7338,353.6,0.045,0.045,0.045
UNH260501C00287500,64.62,64.25,69.35,2026-04-27 15:18:31.000000,2026-05-01,287.5,call,6.0,7.0,1.3000975563966244,353.6,0.045,0.045,0.045
UNH260501P00287500,0.1,0.0,0.09,2026-04-27 12:42:25.000000,2026-05-01,287.5,put,64.0,4.0,0.7897,353.6,0.045,0.045,0.045
UNH260501C00290000,60.63,61.7,66.65,2026-04-27 12:40:52.000000,2026-05-01,290.0,call,370.0,7.0,1.2012327017536668,353.6,0.045,0.045,0.045
UNH260501P00290000,0.04,0.01,0.08,2026-04-27 15:00:53.000000,2026-05-01,290.0,put,479.0,114.0,0.7603,353.6,0.045,0.045,0.045
UNH260501C00292500,61.26,60.6,63.85,2026-04-27 09:51:13.000000,2026-05-01,292.5,call,38.0,1.0,1.3492078961164229,353.6,0.045,0.045,0.045
UNH260501P00292500,0.03,0.0,0.45,2026-04-27 15:33:35.000000,2026-05-01,292.5,put,251.0,148.0,0.9008,353.6,0.045,0.045,0.045
UNH260501C00295000,58.11,59.0,61.8,2026-04-27 15:05:58.000000,2026-05-01,295.0,call,211.0,7.0,1.0074,353.6,0.045,0.045,0.045
UNH260501P00295000,0.03,0.01,0.08,2026-04-27 15:32:40.000000,2026-05-01,295.0,put,365.0,129.0,0.7022,353.6,0.045,0.045,0.045
UNH260501C00297500,55.62,54.65,59.2,2026-04-27 15:05:58.000000,2026-05-01,297.5,call,20.0,103.0,1.1618103500705375,353.6,0.045,0.045,0.045
UNH260501P00297500,0.04,0.0,0.24,2026-04-27 13:22:07.000000,2026-05-01,297.5,put,186.0,67.0,0.7601,353.6,0.045,0.045,0.045
UNH260501C00300000,55.83,54.3,56.5,2026-04-27 15:52:52.000000,2026-05-01,300.0,call,504.0,69.0,0.9298,353.6,0.045,0.045,0.045
UNH260501P00300000,0.04,0.03,0.05,2026-04-27 15:58:49.000000,2026-05-01,300.0,put,1872.0,808.0,0.6361,353.6,0.045,0.045,0.045
UNH260501C00302500,47.98,49.25,54.25,2026-04-27 12:04:32.000000,2026-05-01,302.5,call,13.0,30.0,1.0108860588824142,353.6,0.045,0.045,0.045
UNH260501P00302500,0.17,0.0,0.43,2026-04-27 12:54:14.000000,2026-05-01,302.5,put,685.0,12.0,0.7589,353.6,0.045,0.045,0.045
UNH260501C00305000,49.0,47.6,51.45,2026-04-27 15:38:15.000000,2026-05-01,305.0,call,278.0,8.0,1.0527370678473273,353.6,0.045,0.045,0.045
UNH260501P00305000,0.3,0.0,0.15,2026-04-27 09:30:07.000000,2026-05-01,305.0,put,281.0,8.0,0.6252,353.6,0.045,0.045,0.045
UNH260501C00307500,46.0,44.6,49.3,2026-04-27 14:41:38.000000,2026-05-01,307.5,call,16.0,1.0,0.9849993794670984,353.6,0.045,0.045,0.045
UNH260501P00307500,0.12,0.01,0.27,2026-04-27 13:25:13.000000,2026-05-01,307.5,put,63.0,6.0,0.6482,353.6,0.045,0.045,0.045
UNH260501C00310000,41.01,44.4,46.7,2026-04-27 12:53:47.000000,2026-05-01,310.0,call,990.0,13.0,0.8164,353.6,0.045,0.045,0.045
UNH260501P00310000,0.06,0.05,0.09,2026-04-27 12:39:51.000000,2026-05-01,310.0,put,1106.0,21.0,0.5606,353.6,0.045,0.045,0.045
UNH260501C00312500,38.15,39.25,43.9,2026-04-27 13:23:28.000000,2026-05-01,312.5,call,120.0,1.0,0.7729050451806297,353.6,0.045,0.045,0.045
UNH260501P00312500,0.06,0.05,0.26,2026-04-27 15:46:45.000000,2026-05-01,312.5,put,148.0,16.0,0.5937,353.6,0.045,0.045,0.045
UNH260501C00315000,36.29,37.15,41.55,2026-04-27 12:54:50.000000,2026-05-01,315.0,call,909.0,8.0,0.820140947787154,353.6,0.045,0.045,0.045
UNH260501P00315000,0.12,0.05,0.21,2026-04-27 15:52:16.000000,2026-05-01,315.0,put,148.0,45.0,0.547,353.6,0.045,0.045,0.045
UNH260501C00317500,35.45,34.35,39.45,2026-04-27 09:42:09.000000,2026-05-01,317.5,call,203.0,1.0,0.7883597551712295,353.6,0.045,0.045,0.045
UNH260501P00317500,0.25,0.0,0.32,2026-04-27 10:54:51.000000,2026-05-01,317.5,put,85.0,8.0,0.5324,353.6,0.045,0.045,0.045
UNH260501C00320000,35.0,34.45,36.3,2026-04-27 15:32:17.000000,2026-05-01,320.0,call,532.0,26.0,0.6176,353.6,0.045,0.045,0.045
UNH260501P00320000,0.09,0.07,0.09,2026-04-27 15:57:10.000000,2026-05-01,320.0,put,469.0,478.0,0.4515,353.6,0.045,0.045,0.045
UNH260501C00322500,29.0,30.7,34.2,2026-04-27 13:55:59.000000,2026-05-01,322.5,call,132.0,78.0,0.4231,353.6,0.045,0.045,0.045
UNH260501P00322500,0.11,0.0,0.2,2026-04-27 14:45:32.000000,2026-05-01,322.5,put,355.0,25.0,0.4356,353.6,0.045,0.045,0.045
UNH260501C00325000,27.55,29.55,31.5,2026-04-27 14:33:57.000000,2026-05-01,325.0,call,1032.0,103.0,0.5746,353.6,0.045,0.045,0.045
UNH260501P00325000,0.14,0.11,0.17,2026-04-27 15:59:03.000000,2026-05-01,325.0,put,705.0,293.0,0.4268,353.6,0.045,0.045,0.045
UNH260501C00327500,23.54,26.4,29.05,2026-04-27 12:48:29.000000,2026-05-01,327.5,call,94.0,86.0,0.4675,353.6,0.045,0.045,0.045
UNH260501P00327500,0.15,0.0,0.18,2026-04-27 15:40:09.000000,2026-05-01,327.5,put,37.0,64.0,0.3689,353.6,0.045,0.045,0.045
UNH260501C00330000,25.79,24.55,26.25,2026-04-27 15:46:11.000000,2026-05-01,330.0,call,678.0,106.0,0.471,353.6,0.045,0.045,0.045
UNH260501P00330000,0.26,0.19,0.24,2026-04-27 15:50:07.000000,2026-05-01,330.0,put,569.0,171.0,0.3916,353.6,0.045,0.045,0.045
UNH260501C00332500,23.3,22.0,24.2,2026-04-27 15:46:11.000000,2026-05-01,332.5,call,147.0,48.0,0.4684,353.6,0.045,0.045,0.045
UNH260501P00332500,0.29,0.22,0.31,2026-04-27 15:59:45.000000,2026-05-01,332.5,put,170.0,172.0,0.3728,353.6,0.045,0.045,0.045
UNH260501C00335000,18.9,19.65,21.6,2026-04-27 14:44:07.000000,2026-05-01,335.0,call,461.0,37.0,0.4314,353.6,0.045,0.045,0.045
UNH260501P00335000,0.4,0.38,0.42,2026-04-27 15:59:55.000000,2026-05-01,335.0,put,2296.0,501.0,0.3692,353.6,0.045,0.045,0.045
UNH260501C00337500,19.04,17.45,18.8,2026-04-24 15:55:31.000000,2026-05-01,337.5,call,382.0,0.0,0.3897,353.6,0.045,0.045,0.045
UNH260501P00337500,0.57,0.52,0.61,2026-04-27 15:59:45.000000,2026-05-01,337.5,put,224.0,270.0,0.3588,353.6,0.045,0.045,0.045
UNH260501C00340000,16.7,15.35,16.5,2026-04-27 15:52:47.000000,2026-05-01,340.0,call,908.0,51.0,0.3858,353.6,0.045,0.045,0.045
UNH260501P00340000,0.76,0.77,0.85,2026-04-27 15:56:36.000000,2026-05-01,340.0,put,1032.0,733.0,0.356,353.6,0.045,0.045,0.045
UNH260501C00342500,12.0,13.15,14.0,2026-04-27 14:45:07.000000,2026-05-01,342.5,call,50.0,42.0,0.3565,353.6,0.045,0.045,0.045
UNH260501P00342500,1.13,1.07,1.19,2026-04-27 15:59:55.000000,2026-05-01,342.5,put,1204.0,2561.0,0.3494,353.6,0.045,0.045,0.045
UNH260501C00345000,10.05,10.9,11.95,2026-04-27 14:59:01.000000,2026-05-01,345.0,call,311.0,84.0,0.3419,353.6,0.045,0.045,0.045
UNH260501P00345000,1.55,1.51,1.6,2026-04-27 15:59:29.000000,2026-05-01,345.0,put,1186.0,747.0,0.3428,353.6,0.045,0.045,0.045
UNH260501C00347500,9.85,9.0,10.5,2026-04-27 15:56:16.000000,2026-05-01,347.5,call,113.0,59.0,0.3574,353.6,0.045,0.045,0.045
UNH260501P00347500,2.29,2.08,2.47,2026-04-27 15:59:55.000000,2026-05-01,347.5,put,328.0,402.0,0.3497,353.6,0.045,0.045,0.045
UNH260501C00350000,7.8,7.55,7.95,2026-04-27 15:59:57.000000,2026-05-01,350.0,call,814.0,600.0,0.334,353.6,0.045,0.045,0.045
UNH260501P00350000,2.92,2.85,2.99,2026-04-27 15:59:43.000000,2026-05-01,350.0,put,530.0,2399.0,0.3374,353.6,0.045,0.045,0.045
UNH260501C00352500,6.41,6.0,6.3,2026-04-27 15:58:05.000000,2026-05-01,352.5,call,215.0,746.0,0.3285,353.6,0.045,0.045,0.045
UNH260501P00352500,3.7,3.6,4.05,2026-04-27 15:58:31.000000,2026-05-01,352.5,put,299.0,178.0,0.3319,353.6,0.045,0.045,0.045
UNH260501C00355000,4.85,4.7,5.0,2026-04-27 15:59:24.000000,2026-05-01,355.0,call,795.0,1634.0,0.33,353.6,0.045,0.045,0.045
UNH260501P00355000,4.78,4.75,5.2,2026-04-27 15:56:07.000000,2026-05-01,355.0,put,203.0,136.0,0.3298,353.6,0.045,0.045,0.045
UNH260501C00357500,3.75,3.6,3.8,2026-04-27 15:59:59.000000,2026-05-01,357.5,call,571.0,954.0,0.3282,353.6,0.045,0.045,0.045
UNH260501P00357500,5.95,6.1,6.7,2026-04-27 15:41:25.000000,2026-05-01,357.5,put,165.0,53.0,0.3326,353.6,0.045,0.045,0.045
UNH260501C00360000,2.8,2.72,2.97,2026-04-27 15:59:32.000000,2026-05-01,360.0,call,1556.0,2290.0,0.333,353.6,0.045,0.045,0.045
UNH260501P00360000,10.22,7.7,8.15,2026-04-27 13:45:10.000000,2026-05-01,360.0,put,64.0,58.0,0.3288,353.6,0.045,0.045,0.045
UNH260501C00362500,2.14,2.03,2.21,2026-04-27 15:59:12.000000,2026-05-01,362.5,call,1597.0,1184.0,0.3354,353.6,0.045,0.045,0.045
UNH260501P00362500,13.3,9.25,10.05,2026-04-27 11:28:37.000000,2026-05-01,362.5,put,75.0,5.0,0.3253,353.6,0.045,0.045,0.045
UNH260501C00365000,1.54,1.57,1.75,2026-04-27 15:59:56.000000,2026-05-01,365.0,call,4049.0,6494.0,0.3461,353.6,0.045,0.045,0.045
UNH260501P00365000,10.91,11.45,12.45,2026-04-27 15:44:18.000000,2026-05-01,365.0,put,2.0,2.0,0.3588,353.6,0.045,0.045,0.045
UNH260501C00367500,1.14,1.08,1.2,2026-04-27 15:59:45.000000,2026-05-01,367.5,call,643.0,498.0,0.3425,353.6,0.045,0.045,0.045
UNH260501P00367500,12.9,13.55,14.4,2026-04-27 15:43:05.000000,2026-05-01,367.5,put,10.0,3.0,0.3594,353.6,0.045,0.045,0.045
UNH260501C00370000,0.84,0.84,0.88,2026-04-27 15:59:35.000000,2026-05-01,370.0,call,2425.0,1866.0,0.3513,353.6,0.045,0.045,0.045
UNH260501P00370000,20.71,14.1,16.85,2026-04-27 11:32:56.000000,2026-05-01,370.0,put,35.0,1.0,0.2563,353.6,0.045,0.045,0.045
UNH260501C00372500,0.64,0.59,0.67,2026-04-27 15:59:45.000000,2026-05-01,372.5,call,63.0,68.0,0.3573,353.6,0.045,0.045,0.045
UNH260501P00372500,0.0,16.95,20.2,2026-04-28 13:27:22.564126,2026-05-01,372.5,put,0.0,0.0,0.3936,353.6,0.045,0.045,0.045
UNH260501C00375000,0.47,0.43,0.5,2026-04-27 15:59:42.000000,2026-05-01,375.0,call,1382.0,415.0,0.3644,353.6,0.045,0.045,0.045
UNH260501P00375000,22.46,18.45,23.8,2026-04-22 14:00:58.000000,2026-05-01,375.0,put,16.0,0.0,0.4379,353.6,0.045,0.045,0.045
UNH260501C00377500,0.35,0.31,0.37,2026-04-27 15:54:47.000000,2026-05-01,377.5,call,19.0,54.0,0.371,353.6,0.045,0.045,0.045
UNH260501P00377500,0.0,21.2,26.2,2026-04-28 13:27:22.564177,2026-05-01,377.5,put,0.0,0.0,0.4852,353.6,0.045,0.045,0.045
UNH260501C00380000,0.25,0.23,0.25,2026-04-27 15:59:21.000000,2026-05-01,380.0,call,4459.0,3917.0,0.3752,353.6,0.045,0.045,0.045
UNH260501P00380000,95.75,24.0,28.6,2026-03-19 10:36:19.000000,2026-05-01,380.0,put,0.0,0.0,0.5357,353.6,0.045,0.045,0.045
UNH260501C00382500,0.26,0.09,0.45,2026-04-27 15:50:11.000000,2026-05-01,382.5,call,25.0,46.0,0.413,353.6,0.045,0.045,0.045
UNH260501P00382500,0.0,26.5,31.05,2026-04-28 13:27:22.564218,2026-05-01,382.5,put,0.0,0.0,0.5679,353.6,0.045,0.045,0.045
UNH260501C00385000,0.15,0.03,0.16,2026-04-27 15:59:11.000000,2026-05-01,385.0,call,655.0,330.0,0.3718,353.6,0.045,0.045,0.045
UNH260501P00385000,28.1,28.5,33.5,2026-04-22 11:07:14.000000,2026-05-01,385.0,put,0.0,0.0,0.558,353.6,0.045,0.045,0.045
UNH260501C00387500,0.09,0.0,0.27,2026-04-27 13:32:06.000000,2026-05-01,387.5,call,8.0,16.0,0.4182,353.6,0.045,0.045,0.045
UNH260501P00387500,0.0,31.0,35.95,2026-04-28 13:27:22.564259,2026-05-01,387.5,put,0.0,0.0,0.5862,353.6,0.045,0.045,0.045
UNH260501C00390000,0.1,0.02,0.36,2026-04-27 15:49:03.000000,2026-05-01,390.0,call,413.0,125.0,0.4684,353.6,0.045,0.045,0.045
UNH260501P00390000,100.6,33.95,38.45,2026-03-17 10:05:15.000000,2026-05-01,390.0,put,0.0,0.0,0.6584,353.6,0.045,0.045,0.045
UNH260501C00392500,0.2,0.0,0.25,2026-04-24 15:51:28.000000,2026-05-01,392.5,call,4.0,0.0,0.4634,353.6,0.045,0.045,0.045
UNH260501P00392500,0.0,35.8,41.15,2026-04-28 13:27:22.564369,2026-05-01,392.5,put,0.0,0.0,0.6496,353.6,0.045,0.045,0.045
UNH260501C00395000,0.05,0.02,0.12,2026-04-27 15:37:30.000000,2026-05-01,395.0,call,235.0,228.0,0.4503,353.6,0.045,0.045,0.045
UNH260501P00395000,0.0,38.45,43.45,2026-04-28 13:27:22.564391,2026-05-01,395.0,put,0.0,0.0,0.6752,353.6,0.045,0.045,0.045
UNH260501C00397500,0.0,0.0,0.15,2026-04-28 13:27:22.564402,2026-05-01,397.5,call,0.0,0.0,0.4774,353.6,0.045,0.045,0.045
UNH260501P00397500,0.0,41.2,45.95,2026-04-28 13:27:22.564413,2026-05-01,397.5,put,0.0,0.0,0.7311,353.6,0.045,0.045,0.045
UNH260501C00400000,0.04,0.03,0.05,2026-04-27 15:59:14.000000,2026-05-01,400.0,call,1298.0,492.0,0.4636,353.6,0.045,0.045,0.045
UNH260501P00400000,49.72,43.55,48.5,2026-04-27 12:43:01.000000,2026-05-01,400.0,put,0.0,7.0,0.7513,353.6,0.045,0.045,0.045
UNH260501C00405000,0.04,0.02,0.05,2026-04-27 11:19:34.000000,2026-05-01,405.0,call,193.0,23.0,0.4976,353.6,0.045,0.045,0.045
UNH260501P00405000,0.0,48.5,53.45,2026-04-28 13:27:22.564455,2026-05-01,405.0,put,0.0,0.0,0.7992,353.6,0.045,0.045,0.045
UNH260501C00410000,0.1,0.0,0.1,2026-04-22 15:25:05.000000,2026-05-01,410.0,call,24.0,0.0,0.5602,353.6,0.045,0.045,0.045
UNH260501P00410000,84.15,53.8,58.45,2026-04-17 14:59:20.000000,2026-05-01,410.0,put,0.0,0.0,0.89,353.6,0.045,0.045,0.045
UNH260501C00415000,0.02,0.01,0.07,2026-04-27 15:10:40.000000,2026-05-01,415.0,call,331.0,115.0,0.5864,353.6,0.045,0.045,0.045
UNH260501P00415000,66.15,58.45,63.45,2026-04-21 09:34:20.000000,2026-05-01,415.0,put,0.0,0.0,0.9057,353.6,0.045,0.045,0.045
UNH260501C00420000,0.03,0.0,0.05,2026-04-27 15:51:47.000000,2026-05-01,420.0,call,1.0,1.0,0.5959,353.6,0.045,0.045,0.045
UNH260501P00420000,0.0,63.45,68.45,2026-04-28 13:27:22.564518,2026-05-01,420.0,put,0.0,0.0,0.9597,353.6,0.045,0.045,0.045
UNH260501C00425000,0.01,0.0,0.04,2026-04-27 11:02:29.000000,2026-05-01,425.0,call,0.0,13.0,0.6194,353.6,0.045,0.045,0.045
UNH260501P00425000,0.0,68.8,73.45,2026-04-28 13:27:22.564540,2026-05-01,425.0,put,0.0,0.0,1.0567,353.6,0.045,0.045,0.045
UNH260508C00145000,204.98,206.5,212.0,2026-04-27 12:20:08.000000,2026-05-08,145.0,call,0.0,2.0,2.4739367752441828,353.6,0.045,0.045,0.045
UNH260508P00145000,0.06,0.0,0.06,2026-04-02 14:12:47.000000,2026-05-08,145.0,put,0.0,0.0,1.7518,353.6,0.045,0.045,0.045
UNH260508C00150000,200.01,201.5,207.1,2026-04-27 12:20:08.000000,2026-05-08,150.0,call,0.0,2.0,2.4171613846906284,353.6,0.045,0.045,0.045
UNH260508P00150000,0.0,0.0,4.3,2026-04-28 13:27:22.567473,2026-05-08,150.0,put,0.0,0.0,2.9395,353.6,0.045,0.045,0.045
UNH260508C00155000,0.0,196.55,202.15,2026-04-28 13:27:22.568903,2026-05-08,155.0,call,0.0,0.0,2.3597748445657447,353.6,0.045,0.045,0.045
UNH260508P00155000,0.0,0.0,4.3,2026-04-28 13:27:22.568928,2026-05-08,155.0,put,0.0,0.0,2.8391,353.6,0.045,0.045,0.045
UNH260508C00160000,98.3,191.75,197.0,2026-03-27 13:53:43.000000,2026-05-08,160.0,call,1.0,0.0,2.287597612254619,353.6,0.045,0.045,0.045
UNH260508P00160000,0.0,0.0,4.3,2026-04-28 13:27:22.570375,2026-05-08,160.0,put,0.0,0.0,2.742,353.6,0.045,0.045,0.045
UNH260508C00165000,184.93,186.55,192.2,2026-04-27 12:20:27.000000,2026-05-08,165.0,call,4.0,2.0,2.202982103464507,353.6,0.045,0.045,0.045
UNH260508P00165000,0.0,0.0,4.3,2026-04-28 13:27:22.571799,2026-05-08,165.0,put,0.0,0.0,2.6479,353.6,0.045,0.045,0.045
UNH260508C00170000,179.96,181.55,188.0,2026-04-27 12:20:27.000000,2026-05-08,170.0,call,1.0,2.0,2.3071813464120257,353.6,0.045,0.045,0.045
UNH260508P00170000,0.0,0.0,4.3,2026-04-28 13:27:22.573155,2026-05-08,170.0,put,0.0,0.0,2.5567,353.6,0.045,0.045,0.045
UNH260508C00175000,83.75,176.75,181.95,2026-03-27 13:53:36.000000,2026-05-08,175.0,call,71.0,0.0,2.027585714556049,353.6,0.045,0.045,0.045
UNH260508P00175000,0.0,0.0,4.3,2026-04-28 13:27:22.574171,2026-05-08,175.0,put,0.0,0.0,2.4681,353.6,0.045,0.045,0.045
UNH260508C00180000,78.55,171.75,177.0,2026-03-27 14:15:29.000000,2026-05-08,180.0,call,1.0,0.0,1.9640733355737805,353.6,0.045,0.045,0.045
UNH260508P00180000,0.0,0.0,4.3,2026-04-28 13:27:22.575193,2026-05-08,180.0,put,0.0,0.0,2.3819,353.6,0.045,0.045,0.045
UNH260508C00185000,0.0,166.75,172.0,2026-04-28 13:27:22.576282,2026-05-08,185.0,call,0.0,0.0,1.8889288319412592,353.6,0.045,0.045,0.045
UNH260508P00185000,0.0,0.0,4.3,2026-04-28 13:27:22.576306,2026-05-08,185.0,put,0.0,0.0,2.2981,353.6,0.045,0.045,0.045
UNH260508C00190000,0.0,161.8,167.0,2026-04-28 13:27:22.577381,2026-05-08,190.0,call,0.0,0.0,1.828241474722592,353.6,0.045,0.045,0.045
UNH260508P00190000,0.01,0.0,0.02,2026-04-27 10:59:02.000000,2026-05-08,190.0,put,4.0,1.0,1.138,353.6,0.045,0.045,0.045
UNH260508C00195000,0.0,156.6,162.2,2026-04-28 13:27:22.578477,2026-05-08,195.0,call,0.0,0.0,1.7567257764618243,353.6,0.045,0.045,0.045
UNH260508P00195000,0.0,0.0,0.03,2026-04-28 13:27:22.578495,2026-05-08,195.0,put,0.0,0.0,1.1291,353.6,0.045,0.045,0.045
UNH260508C00200000,0.0,151.6,157.2,2026-04-28 13:27:22.579575,2026-05-08,200.0,call,0.0,0.0,1.6870224341821507,353.6,0.045,0.045,0.045
UNH260508P00200000,0.02,0.0,0.04,2026-04-21 10:06:50.000000,2026-05-08,200.0,put,7.0,0.0,1.1106,353.6,0.045,0.045,0.045
UNH260508C00205000,0.0,146.6,152.2,2026-04-28 13:27:22.580609,2026-05-08,205.0,call,0.0,0.0,1.6190336653669655,353.6,0.045,0.045,0.045
UNH260508P00205000,1.95,0.0,0.05,2026-04-02 09:50:15.000000,2026-05-08,205.0,put,5.0,0.0,1.0866,353.6,0.045,0.045,0.045
UNH260508C00210000,73.82,141.8,147.1,2026-04-06 13:17:54.000000,2026-05-08,210.0,call,3.0,0.0,1.574156749813025,353.6,0.045,0.045,0.045
UNH260508P00210000,1.38,0.0,0.06,2026-04-02 09:50:11.000000,2026-05-08,210.0,put,8.0,0.0,1.0593,353.6,0.045,0.045,0.045
UNH260508C00215000,139.2,136.6,142.1,2026-04-24 15:41:28.000000,2026-05-08,215.0,call,10.0,0.0,1.4656307666635784,353.6,0.045,0.045,0.045
UNH260508P00215000,0.4,0.0,0.07,2026-04-07 15:36:11.000000,2026-05-08,215.0,put,21.0,0.0,1.0297,353.6,0.045,0.045,0.045
UNH260508C00220000,0.0,131.6,137.3,2026-04-28 13:27:22.583455,2026-05-08,220.0,call,0.0,0.0,1.4448146256607364,353.6,0.045,0.045,0.045
UNH260508P00220000,4.28,0.0,0.08,2026-04-21 12:17:51.000000,2026-05-08,220.0,put,19.0,0.0,0.9984,353.6,0.045,0.045,0.045
UNH260508C00225000,53.61,126.65,132.25,2026-04-02 14:43:31.000000,2026-05-08,225.0,call,1.0,0.0,1.382260996191754,353.6,0.045,0.045,0.045
UNH260508P00225000,4.3,0.0,0.09,2026-04-21 12:17:51.000000,2026-05-08,225.0,put,9.0,0.0,0.966,353.6,0.045,0.045,0.045
UNH260508C00230000,0.0,121.65,127.25,2026-04-28 13:27:22.585431,2026-05-08,230.0,call,0.0,0.0,1.3210175092615066,353.6,0.045,0.045,0.045
UNH260508P00230000,0.15,0.0,0.15,2026-04-23 09:55:26.000000,2026-05-08,230.0,put,271.0,0.0,0.9732,353.6,0.045,0.045,0.045
UNH260508C00235000,118.22,116.65,122.3,2026-04-23 14:48:56.000000,2026-05-08,235.0,call,8.0,0.0,1.2699812720039767,353.6,0.045,0.045,0.045
UNH260508P00235000,0.19,0.0,0.19,2026-04-20 15:24:29.000000,2026-05-08,235.0,put,48.0,0.0,0.9538,353.6,0.045,0.045,0.045
UNH260508C00240000,30.1,111.65,117.25,2026-03-27 14:49:05.000000,2026-05-08,240.0,call,2.0,0.0,1.202209852213135,353.6,0.045,0.045,0.045
UNH260508P00240000,0.07,0.0,0.25,2026-04-27 14:54:55.000000,2026-05-08,240.0,put,86.0,10.0,0.9391,353.6,0.045,0.045,0.045
UNH260508C00245000,25.0,106.85,112.05,2026-03-27 13:52:20.000000,2026-05-08,245.0,call,1.0,0.0,1.1445139018698065,353.6,0.045,0.045,0.045
UNH260508P00245000,0.04,0.0,4.3,2026-04-22 10:59:37.000000,2026-05-08,245.0,put,51.0,0.0,1.4298,353.6,0.045,0.045,0.045
UNH260508C00250000,103.1,101.85,107.15,2026-04-27 10:03:19.000000,2026-05-08,250.0,call,46.0,1.0,1.103987224873427,353.6,0.045,0.045,0.045
UNH260508P00250000,0.05,0.0,1.73,2026-04-24 15:51:10.000000,2026-05-08,250.0,put,72.0,0.0,1.1337,353.6,0.045,0.045,0.045
UNH260508C00255000,60.0,96.9,102.25,2026-04-15 11:02:02.000000,2026-05-08,255.0,call,13.0,0.0,1.0697599587792102,353.6,0.045,0.045,0.045
UNH260508P00255000,0.02,0.0,4.3,2026-04-23 13:01:38.000000,2026-05-08,255.0,put,76.0,0.0,1.3033,353.6,0.045,0.045,0.045
UNH260508C00260000,63.21,91.9,97.15,2026-04-20 10:14:20.000000,2026-05-08,260.0,call,30.0,0.0,0.9998633209153773,353.6,0.045,0.045,0.045
UNH260508P00260000,0.2,0.0,0.35,2026-04-27 15:39:34.000000,2026-05-08,260.0,put,97.0,1.0,0.7982,353.6,0.045,0.045,0.045
UNH260508C00265000,86.76,86.9,92.25,2026-04-21 12:28:12.000000,2026-05-08,265.0,call,24.0,0.0,0.9587486618052609,353.6,0.045,0.045,0.045
UNH260508P00265000,0.02,0.0,0.45,2026-04-23 15:32:03.000000,2026-05-08,265.0,put,782.0,0.0,0.7812,353.6,0.045,0.045,0.045
UNH260508C00270000,82.05,82.8,87.05,2026-04-21 12:29:46.000000,2026-05-08,270.0,call,106.0,0.0,0.9821452245162992,353.6,0.045,0.045,0.045
UNH260508P00270000,0.04,0.0,0.08,2026-04-27 15:39:45.000000,2026-05-08,270.0,put,47.0,1.0,0.5979,353.6,0.045,0.045,0.045
UNH260508C00275000,80.57,76.9,82.1,2026-04-27 15:57:58.000000,2026-05-08,275.0,call,8.0,1.0,0.8321760592333965,353.6,0.045,0.045,0.045
UNH260508P00275000,0.03,0.0,0.15,2026-04-24 15:09:38.000000,2026-05-08,275.0,put,83.0,0.0,0.6018,353.6,0.045,0.045,0.045
UNH260508C00280000,73.7,71.9,76.8,2026-04-27 14:05:54.000000,2026-05-08,280.0,call,70.0,1.0,0.7389593039498874,353.6,0.045,0.045,0.045
UNH260508P00280000,0.14,0.0,0.2,2026-04-27 15:41:21.000000,2026-05-08,280.0,put,176.0,2.0,0.5836,353.6,0.045,0.045,0.045
UNH260508C00285000,66.93,67.0,72.05,2026-04-27 14:47:41.000000,2026-05-08,285.0,call,115.0,8.0,0.7348988299519223,353.6,0.045,0.045,0.045
UNH260508P00285000,0.04,0.0,0.24,2026-04-27 15:41:29.000000,2026-05-08,285.0,put,165.0,5.0,0.5576,353.6,0.045,0.045,0.045
UNH260508C00290000,61.99,62.0,67.15,2026-04-27 14:47:41.000000,2026-05-08,290.0,call,98.0,5.0,0.6949130801239982,353.6,0.045,0.045,0.045
UNH260508P00290000,0.14,0.0,0.21,2026-04-24 09:31:46.000000,2026-05-08,290.0,put,444.0,0.0,0.5095,353.6,0.045,0.045,0.045
UNH260508C00295000,56.03,57.0,62.2,2026-04-27 11:32:41.000000,2026-05-08,295.0,call,163.0,1.0,0.6490582235057824,353.6,0.045,0.045,0.045
UNH260508P00295000,0.08,0.07,0.1,2026-04-27 15:31:08.000000,2026-05-08,295.0,put,283.0,60.0,0.4588,353.6,0.045,0.045,0.045
UNH260508C00300000,51.93,53.45,57.4,2026-04-27 10:57:30.000000,2026-05-08,300.0,call,137.0,18.0,0.515,353.6,0.045,0.045,0.045
UNH260508P00300000,0.1,0.08,0.14,2026-04-27 14:19:45.000000,2026-05-08,300.0,put,256.0,30.0,0.4362,353.6,0.045,0.045,0.045
UNH260508C00302500,0.0,49.55,54.5,2026-04-28 13:27:22.601486,2026-05-08,302.5,call,0.0,0.0,0.5589997677837809,353.6,0.045,0.045,0.045
UNH260508P00302500,0.18,0.0,0.25,2026-04-27 12:23:56.000000,2026-05-08,302.5,put,10.0,32.0,0.4247,353.6,0.045,0.045,0.045
UNH260508C00305000,45.45,47.05,52.3,2026-04-27 10:53:06.000000,2026-05-08,305.0,call,96.0,6.0,0.5611115629334911,353.6,0.045,0.045,0.045
UNH260508P00305000,0.16,0.0,0.28,2026-04-27 13:38:48.000000,2026-05-08,305.0,put,165.0,3.0,0.4122,353.6,0.045,0.045,0.045
UNH260508C00307500,46.09,44.65,49.55,2026-04-24 15:03:45.000000,2026-05-08,307.5,call,6.0,0.0,0.5231618917644458,353.6,0.045,0.045,0.045
UNH260508P00307500,0.37,0.03,0.54,2026-04-27 13:58:14.000000,2026-05-08,307.5,put,20.0,15.0,0.4391,353.6,0.045,0.045,0.045
UNH260508C00310000,41.59,44.45,47.2,2026-04-27 13:38:48.000000,2026-05-08,310.0,call,531.0,9.0,0.4993,353.6,0.045,0.045,0.045
UNH260508P00310000,0.31,0.15,0.35,2026-04-27 14:54:55.000000,2026-05-08,310.0,put,153.0,159.0,0.4091,353.6,0.045,0.045,0.045
UNH260508C00312500,37.85,39.7,44.75,2026-04-21 15:32:34.000000,2026-05-08,312.5,call,5.0,0.0,0.4926366480616356,353.6,0.045,0.045,0.045
UNH260508P00312500,0.83,0.0,0.87,2026-04-21 09:35:11.000000,2026-05-08,312.5,put,7.0,0.0,0.4292,353.6,0.045,0.045,0.045
UNH260508C00315000,39.68,37.25,42.35,2026-04-27 15:47:55.000000,2026-05-08,315.0,call,108.0,7.0,0.47755792419634185,353.6,0.045,0.045,0.045
UNH260508P00315000,0.4,0.12,0.55,2026-04-27 14:19:45.000000,2026-05-08,315.0,put,84.0,1.0,0.3876,353.6,0.045,0.045,0.045
UNH260508C00317500,37.87,36.25,39.85,2026-04-27 15:47:19.000000,2026-05-08,317.5,call,10.0,11.0,0.3847,353.6,0.045,0.045,0.045
UNH260508P00317500,0.52,0.0,1.04,2026-04-27 15:23:44.000000,2026-05-08,317.5,put,42.0,1.0,0.3992,353.6,0.045,0.045,0.045
UNH260508C00320000,35.38,33.65,37.45,2026-04-27 15:47:19.000000,2026-05-08,320.0,call,139.0,20.0,0.3621,353.6,0.045,0.045,0.045
UNH260508P00320000,0.5,0.24,0.63,2026-04-27 15:43:09.000000,2026-05-08,320.0,put,279.0,49.0,0.363,353.6,0.045,0.045,0.045
UNH260508C00322500,31.66,30.0,35.2,2026-04-24 11:32:01.000000,2026-05-08,322.5,call,14.0,0.0,0.43362397325568647,353.6,0.045,0.045,0.045
UNH260508P00322500,0.58,0.37,0.61,2026-04-27 15:26:11.000000,2026-05-08,322.5,put,34.0,32.0,0.3494,353.6,0.045,0.045,0.045
UNH260508C00325000,27.45,30.35,32.6,2026-04-27 13:34:08.000000,2026-05-08,325.0,call,385.0,54.0,0.4204,353.6,0.045,0.045,0.045
UNH260508P00325000,0.67,0.62,0.76,2026-04-27 15:43:09.000000,2026-05-08,325.0,put,1079.0,148.0,0.3531,353.6,0.045,0.045,0.045
UNH260508C00327500,26.75,27.75,30.3,2026-04-24 11:44:12.000000,2026-05-08,327.5,call,4.0,0.0,0.3977,353.6,0.045,0.045,0.045
UNH260508P00327500,0.78,0.79,0.89,2026-04-27 15:49:17.000000,2026-05-08,327.5,put,841.0,87.0,0.3458,353.6,0.045,0.045,0.045
UNH260508C00330000,26.25,25.55,27.3,2026-04-27 15:58:44.000000,2026-05-08,330.0,call,502.0,7.0,0.3623,353.6,0.045,0.045,0.045
UNH260508P00330000,1.09,0.95,1.14,2026-04-27 15:33:16.000000,2026-05-08,330.0,put,179.0,42.0,0.3409,353.6,0.045,0.045,0.045
UNH260508C00332500,21.5,21.9,24.9,2026-04-27 10:31:27.000000,2026-05-08,332.5,call,18.0,3.0,0.2888,353.6,0.045,0.045,0.045
UNH260508P00332500,1.21,1.18,1.31,2026-04-27 15:48:39.000000,2026-05-08,332.5,put,94.0,17.0,0.3318,353.6,0.045,0.045,0.045
UNH260508C00335000,22.05,20.9,22.1,2026-04-27 15:41:40.000000,2026-05-08,335.0,call,323.0,15.0,0.3135,353.6,0.045,0.045,0.045
UNH260508P00335000,1.46,1.46,1.6,2026-04-27 15:57:45.000000,2026-05-08,335.0,put,139.0,138.0,0.3257,353.6,0.045,0.045,0.045
UNH260508C00337500,15.35,18.6,20.5,2026-04-27 11:43:28.000000,2026-05-08,337.5,call,32.0,1.0,0.3222,353.6,0.045,0.045,0.045
UNH260508P00337500,1.85,1.8,2.01,2026-04-27 15:29:03.000000,2026-05-08,337.5,put,30.0,7.0,0.3219,353.6,0.045,0.045,0.045
UNH260508C00340000,15.2,16.75,18.3,2026-04-27 14:26:20.000000,2026-05-08,340.0,call,155.0,26.0,0.3196,353.6,0.045,0.045,0.045
UNH260508P00340000,2.24,2.2,2.47,2026-04-27 15:57:29.000000,2026-05-08,340.0,put,226.0,282.0,0.3163,353.6,0.045,0.045,0.045
UNH260508C00342500,16.8,14.7,16.3,2026-04-27 09:31:02.000000,2026-05-08,342.5,call,69.0,1.0,0.3124,353.6,0.045,0.045,0.045
UNH260508P00342500,2.72,2.7,3.1,2026-04-27 15:57:29.000000,2026-05-08,342.5,put,79.0,9.0,0.3144,353.6,0.045,0.045,0.045
UNH260508C00345000,12.5,13.1,14.3,2026-04-27 14:48:01.000000,2026-05-08,345.0,call,90.0,21.0,0.3107,353.6,0.045,0.045,0.045
UNH260508P00345000,3.3,3.2,3.55,2026-04-27 15:54:57.000000,2026-05-08,345.0,put,241.0,51.0,0.303,353.6,0.045,0.045,0.045
UNH260508C00347500,8.55,11.25,12.25,2026-04-27 12:03:38.000000,2026-05-08,347.5,call,61.0,58.0,0.2996,353.6,0.045,0.045,0.045
UNH260508P00347500,4.15,3.9,4.3,2026-04-27 15:32:22.000000,2026-05-08,347.5,put,102.0,78.0,0.299,353.6,0.045,0.045,0.045
UNH260508C00350000,10.76,9.85,10.5,2026-04-27 15:43:46.000000,2026-05-08,350.0,call,374.0,55.0,0.2991,353.6,0.045,0.045,0.045
UNH260508P00350000,5.0,4.8,5.2,2026-04-27 15:59:08.000000,2026-05-08,350.0,put,190.0,39.0,0.2974,353.6,0.045,0.045,0.045
UNH260508C00352500,9.0,8.4,9.0,2026-04-27 15:48:34.000000,2026-05-08,352.5,call,20.0,85.0,0.2974,353.6,0.045,0.045,0.045
UNH260508P00352500,6.04,5.75,6.2,2026-04-27 15:58:59.000000,2026-05-08,352.5,put,83.0,47.0,0.2935,353.6,0.045,0.045,0.045
UNH260508C00355000,7.7,7.0,7.65,2026-04-27 15:54:50.000000,2026-05-08,355.0,call,368.0,125.0,0.2944,353.6,0.045,0.045,0.045
UNH260508P00355000,6.8,6.95,7.45,2026-04-27 15:54:46.000000,2026-05-08,355.0,put,242.0,25.0,0.2943,353.6,0.045,0.045,0.045
UNH260508C00357500,6.25,5.65,6.25,2026-04-27 15:56:04.000000,2026-05-08,357.5,call,257.0,70.0,0.2858,353.6,0.045,0.045,0.045
UNH260508P00357500,8.0,8.15,8.9,2026-04-27 15:43:13.000000,2026-05-08,357.5,put,32.0,22.0,0.2936,353.6,0.045,0.045,0.045
UNH260508C00360000,5.15,4.8,5.25,2026-04-27 15:57:54.000000,2026-05-08,360.0,call,293.0,203.0,0.2899,353.6,0.045,0.045,0.045
UNH260508P00360000,12.6,9.6,10.4,2026-04-27 12:48:24.000000,2026-05-08,360.0,put,145.0,42.0,0.2934,353.6,0.045,0.045,0.045
UNH260508C00362500,4.25,3.95,4.35,2026-04-27 15:56:24.000000,2026-05-08,362.5,call,70.0,33.0,0.2909,353.6,0.045,0.045,0.045
UNH260508P00362500,13.63,11.15,12.0,2026-04-27 09:46:38.000000,2026-05-08,362.5,put,77.0,5.0,0.2918,353.6,0.045,0.045,0.045
UNH260508C00365000,3.35,3.2,3.5,2026-04-27 15:59:55.000000,2026-05-08,365.0,call,170.0,219.0,0.2897,353.6,0.045,0.045,0.045
UNH260508P00365000,15.15,12.75,13.7,2026-04-23 15:50:01.000000,2026-05-08,365.0,put,32.0,0.0,0.2878,353.6,0.045,0.045,0.045
UNH260508C00367500,2.84,2.55,2.8,2026-04-27 15:44:07.000000,2026-05-08,367.5,call,52.0,194.0,0.2887,353.6,0.045,0.045,0.045
UNH260508P00367500,0.0,14.35,15.5,2026-04-28 13:27:22.607812,2026-05-08,367.5,put,0.0,0.0,0.2795,353.6,0.045,0.045,0.045
UNH260508C00370000,2.1,1.79,2.23,2026-04-27 15:59:51.000000,2026-05-08,370.0,call,960.0,513.0,0.2823,353.6,0.045,0.045,0.045
UNH260508P00370000,20.58,16.1,17.6,2026-04-27 12:48:24.000000,2026-05-08,370.0,put,22.0,20.0,0.2761,353.6,0.045,0.045,0.045
UNH260508C00372500,1.8,1.62,1.79,2026-04-27 15:54:15.000000,2026-05-08,372.5,call,6.0,65.0,0.2914,353.6,0.045,0.045,0.045
UNH260508P00372500,0.0,17.65,20.0,2026-04-28 13:27:22.607843,2026-05-08,372.5,put,0.0,0.0,0.2682,353.6,0.045,0.045,0.045
UNH260508C00375000,1.39,1.28,1.41,2026-04-27 15:56:34.000000,2026-05-08,375.0,call,161.0,152.0,0.2925,353.6,0.045,0.045,0.045
UNH260508P00375000,23.15,20.3,22.6,2026-04-23 15:50:01.000000,2026-05-08,375.0,put,3.0,0.0,0.3015,353.6,0.045,0.045,0.045
UNH260508C00377500,1.13,1.0,1.13,2026-04-27 15:53:40.000000,2026-05-08,377.5,call,3.0,24.0,0.2944,353.6,0.045,0.045,0.045
UNH260508P00377500,0.0,22.5,25.65,2026-04-28 13:27:22.607871,2026-05-08,377.5,put,0.0,0.0,0.3345,353.6,0.045,0.045,0.045
UNH260508C00380000,0.85,0.79,0.86,2026-04-27 15:58:18.000000,2026-05-08,380.0,call,428.0,280.0,0.2954,353.6,0.045,0.045,0.045
UNH260508P00380000,27.5,24.15,28.8,2026-04-24 09:44:49.000000,2026-05-08,380.0,put,15.0,0.0,0.3505,353.6,0.045,0.045,0.045
UNH260508C00382500,0.66,0.59,0.73,2026-04-27 15:40:37.000000,2026-05-08,382.5,call,0.0,36.0,0.2996,353.6,0.045,0.045,0.045
UNH260508P00382500,0.0,26.4,31.35,2026-04-28 13:27:22.607899,2026-05-08,382.5,put,0.0,0.0,0.3652,353.6,0.045,0.045,0.045
UNH260508C00385000,0.53,0.48,0.58,2026-04-27 15:47:23.000000,2026-05-08,385.0,call,305.0,90.0,0.3037,353.6,0.045,0.045,0.045
UNH260508P00385000,119.26,28.8,33.75,2026-03-31 09:52:57.000000,2026-05-08,385.0,put,0.0,0.0,0.3787,353.6,0.045,0.045,0.045
UNH260508C00387500,0.41,0.37,0.46,2026-04-27 15:45:44.000000,2026-05-08,387.5,call,12.0,21.0,0.3063,353.6,0.045,0.045,0.045
UNH260508P00387500,0.0,31.1,36.15,2026-04-28 13:27:22.607928,2026-05-08,387.5,put,0.0,0.0,0.3859,353.6,0.045,0.045,0.045
UNH260508C00390000,0.32,0.3,0.35,2026-04-27 15:58:33.000000,2026-05-08,390.0,call,3014.0,722.0,0.3091,353.6,0.045,0.045,0.045
UNH260508P00390000,35.58,33.6,38.55,2026-04-23 09:40:58.000000,2026-05-08,390.0,put,3.0,0.0,0.4012,353.6,0.045,0.045,0.045
UNH260508C00392500,0.25,0.13,0.42,2026-04-27 15:36:46.000000,2026-05-08,392.5,call,0.0,70.0,0.3163,353.6,0.045,0.045,0.045
UNH260508P00392500,0.0,36.05,41.0,2026-04-28 13:27:22.607956,2026-05-08,392.5,put,0.0,0.0,0.4157,353.6,0.045,0.045,0.045
UNH260508C00395000,0.18,0.09,0.33,2026-04-27 14:37:57.000000,2026-05-08,395.0,call,199.0,149.0,0.3178,353.6,0.045,0.045,0.045
UNH260508P00395000,38.25,38.3,43.45,2026-04-22 11:26:07.000000,2026-05-08,395.0,put,0.0,0.0,0.4174,353.6,0.045,0.045,0.045
UNH260508C00397500,0.17,0.0,0.38,2026-04-27 14:14:10.000000,2026-05-08,397.5,call,0.0,218.0,0.328,353.6,0.045,0.045,0.045
UNH260508P00397500,0.0,41.0,45.95,2026-04-28 13:27:22.607984,2026-05-08,397.5,put,0.0,0.0,0.4483,353.6,0.045,0.045,0.045
UNH260508C00400000,0.15,0.08,0.17,2026-04-27 15:57:52.000000,2026-05-08,400.0,call,380.0,244.0,0.3223,353.6,0.045,0.045,0.045
UNH260508P00400000,50.5,43.5,48.45,2026-04-21 10:47:04.000000,2026-05-08,400.0,put,0.0,0.0,0.467,353.6,0.045,0.045,0.045
UNH260508C00402500,0.13,0.0,0.19,2026-04-27 14:15:16.000000,2026-05-08,402.5,call,0.0,150.0,0.3241,353.6,0.045,0.045,0.045
UNH260508P00402500,0.0,45.8,50.95,2026-04-28 13:27:22.608015,2026-05-08,402.5,put,0.0,0.0,0.4725,353.6,0.045,0.045,0.045
UNH260508C00405000,0.09,0.07,0.3,2026-04-27 15:28:35.000000,2026-05-08,405.0,call,91.0,51.0,0.3713,353.6,0.045,0.045,0.045
UNH260508P00405000,0.0,48.35,53.45,2026-04-28 13:27:22.608030,2026-05-08,405.0,put,0.0,0.0,0.4937,353.6,0.045,0.045,0.045
UNH260508C00407500,0.08,0.02,0.29,2026-04-27 14:17:02.000000,2026-05-08,407.5,call,0.0,8.0,0.3759,353.6,0.045,0.045,0.045
UNH260508P00407500,0.0,50.8,55.95,2026-04-28 13:27:22.608043,2026-05-08,407.5,put,0.0,0.0,0.508,353.6,0.045,0.045,0.045
UNH260508C00410000,0.29,0.0,0.15,2026-04-24 14:07:25.000000,2026-05-08,410.0,call,194.0,0.0,0.3539,353.6,0.045,0.045,0.045
UNH260508P00410000,0.0,53.3,58.45,2026-04-28 13:27:22.608057,2026-05-08,410.0,put,0.0,0.0,0.5253,353.6,0.045,0.045,0.045
UNH260508C00415000,0.23,0.0,0.29,2026-04-23 15:41:03.000000,2026-05-08,415.0,call,5.0,0.0,0.4138,353.6,0.045,0.045,0.045
UNH260508P00415000,0.0,58.25,63.45,2026-04-28 13:27:22.608071,2026-05-08,415.0,put,0.0,0.0,0.5555,353.6,0.045,0.045,0.045
UNH260508C00420000,0.0,0.0,0.15,2026-04-28 13:27:22.608079,2026-05-08,420.0,call,0.0,0.0,0.4048,353.6,0.045,0.045,0.045
UNH260508P00420000,0.0,63.2,68.45,2026-04-28 13:27:22.608087,2026-05-08,420.0,put,0.0,0.0,0.5843,353.6,0.045,0.045,0.045
UNH260508C00425000,0.0,0.0,3.3,2026-04-28 13:27:22.608094,2026-05-08,425.0,call,0.0,0.0,0.7211,353.6,0.045,0.045,0.045
UNH260508P00425000,0.0,68.2,73.45,2026-04-28 13:27:22.608101,2026-05-08,425.0,put,0.0,0.0,0.6165,353.6,0.045,0.045,0.045
UNH260515C00125000,229.95,226.05,234.85,2026-04-23 15:59:17.000000,2026-05-15,125.0,call,292.0,0.0,2.1378,353.6,0.045,0.045,0.045
UNH260515P00125000,0.01,0.0,0.06,2026-04-23 09:44:47.000000,2026-05-15,125.0,put,235.0,0.0,1.5876,353.6,0.045,0.045,0.045
UNH260515C00130000,140.28,220.6,229.2,2026-03-26 13:40:27.000000,2026-05-15,130.0,call,1.0,0.0,2.377786720318396,353.6,0.045,0.045,0.045
UNH260515P00130000,0.01,0.0,0.08,2026-04-21 15:02:00.000000,2026-05-15,130.0,put,428.0,0.0,1.5698,353.6,0.045,0.045,0.045
UNH260515C00135000,146.0,215.55,224.2,2026-02-03 14:13:05.000000,2026-05-15,135.0,call,0.0,0.0,2.281765723780745,353.6,0.045,0.045,0.045
UNH260515P00135000,0.01,0.0,2.51,2026-04-21 11:12:05.000000,2026-05-15,135.0,put,45.0,0.0,2.3151,353.6,0.045,0.045,0.045
UNH260515C00140000,145.04,210.55,219.2,2026-03-06 12:42:16.000000,2026-05-15,140.0,call,0.0,0.0,2.198588034188506,353.6,0.045,0.045,0.045
UNH260515P00140000,0.53,0.0,3.2,2026-03-31 10:52:44.000000,2026-05-15,140.0,put,13.0,0.0,2.3329,353.6,0.045,0.045,0.045
UNH260515C00145000,0.0,205.6,214.25,2026-04-28 13:27:22.611976,2026-05-15,145.0,call,0.0,0.0,2.136002944213027,353.6,0.045,0.045,0.045
UNH260515P00145000,0.0,0.0,3.15,2026-04-28 13:27:22.611993,2026-05-15,145.0,put,0.0,0.0,2.2463,353.6,0.045,0.045,0.045
UNH260515C00150000,0.0,200.8,209.25,2026-04-28 13:27:22.612991,2026-05-15,150.0,call,0.0,0.0,2.09101173534476,353.6,0.045,0.045,0.045
UNH260515P00150000,0.01,0.0,0.05,2026-04-27 11:06:16.000000,2026-05-15,150.0,put,171.0,2.0,1.3009,353.6,0.045,0.045,0.045
UNH260515C00155000,0.0,195.6,204.25,2026-04-28 13:27:22.614006,2026-05-15,155.0,call,0.0,0.0,1.9832951505041152,353.6,0.045,0.045,0.045
UNH260515P00155000,0.12,0.0,0.09,2026-04-22 15:55:34.000000,2026-05-15,155.0,put,101.0,0.0,1.3213,353.6,0.045,0.045,0.045
UNH260515C00160000,0.0,190.6,199.25,2026-04-28 13:27:22.615006,2026-05-15,160.0,call,0.0,0.0,1.9107543033270982,353.6,0.045,0.045,0.045
UNH260515P00160000,0.02,0.0,0.12,2026-04-23 10:55:55.000000,2026-05-15,160.0,put,66.0,0.0,1.3089,353.6,0.045,0.045,0.045
UNH260515C00165000,190.63,185.65,194.3,2026-04-22 10:19:23.000000,2026-05-15,165.0,call,2.0,0.0,1.8559268795064652,353.6,0.045,0.045,0.045
UNH260515P00165000,0.12,0.0,0.15,2026-04-22 15:58:48.000000,2026-05-15,165.0,put,147.0,0.0,1.2897,353.6,0.045,0.045,0.045
UNH260515C00170000,135.6,180.65,189.3,2025-08-15 11:06:15.000000,2026-05-15,170.0,call,0.0,0.0,1.7874992219895043,353.6,0.045,0.045,0.045
UNH260515P00170000,0.1,0.0,0.2,2026-04-23 15:55:04.000000,2026-05-15,170.0,put,216.0,0.0,1.2804,353.6,0.045,0.045,0.045
UNH260515C00175000,83.78,175.65,184.3,2026-03-30 09:50:04.000000,2026-05-15,175.0,call,2.0,0.0,1.7211134032694162,353.6,0.045,0.045,0.045
UNH260515P00175000,0.01,0.0,0.21,2026-04-27 11:06:21.000000,2026-05-15,175.0,put,406.0,11.0,1.2398,353.6,0.045,0.045,0.045
UNH260515C00180000,124.62,170.65,179.3,2026-04-10 15:42:49.000000,2026-05-15,180.0,call,25.0,0.0,1.6566442391102358,353.6,0.045,0.045,0.045
UNH260515P00180000,0.1,0.01,0.23,2026-04-27 15:30:15.000000,2026-05-15,180.0,put,240.0,973.0,1.2117,353.6,0.045,0.045,0.045
UNH260515C00185000,173.66,165.7,174.3,2026-04-22 11:11:23.000000,2026-05-15,185.0,call,5.0,0.0,1.6007960065977613,353.6,0.045,0.045,0.045
UNH260515P00185000,0.04,0.01,0.21,2026-04-27 15:33:18.000000,2026-05-15,185.0,put,948.0,45.0,1.155,353.6,0.045,0.045,0.045
UNH260515C00190000,115.31,160.9,169.2,2026-04-10 15:39:32.000000,2026-05-15,190.0,call,10.0,0.0,1.5526718482135218,353.6,0.045,0.045,0.045
UNH260515P00190000,0.05,0.01,0.05,2026-04-27 10:56:46.000000,2026-05-15,190.0,put,514.0,6.0,0.9764,353.6,0.045,0.045,0.045
UNH260515C00195000,111.0,155.7,164.35,2026-04-07 09:33:50.000000,2026-05-15,195.0,call,7.0,0.0,1.4865155179522775,353.6,0.045,0.045,0.045
UNH260515P00195000,0.21,0.0,0.39,2026-04-27 14:09:31.000000,2026-05-15,195.0,put,156.0,2.0,1.1428,353.6,0.045,0.045,0.045
UNH260515C00200000,153.51,150.7,159.2,2026-04-22 14:41:20.000000,2026-05-15,200.0,call,51.0,0.0,1.4093476725533514,353.6,0.045,0.045,0.045
UNH260515P00200000,0.02,0.0,0.07,2026-04-27 15:27:40.000000,2026-05-15,200.0,put,1687.0,152.0,0.9142,353.6,0.045,0.045,0.045
UNH260515C00210000,73.17,140.75,149.4,2026-04-06 11:56:23.000000,2026-05-15,210.0,call,31.0,0.0,1.327766758031977,353.6,0.045,0.045,0.045
UNH260515P00210000,0.02,0.01,0.03,2026-04-27 14:55:51.000000,2026-05-15,210.0,put,763.0,164.0,0.8001,353.6,0.045,0.045,0.045
UNH260515C00220000,132.88,131.95,138.85,2026-04-23 15:20:29.000000,2026-05-15,220.0,call,216.0,0.0,0.9382,353.6,0.045,0.045,0.045
UNH260515P00220000,0.12,0.01,0.16,2026-04-27 15:53:40.000000,2026-05-15,220.0,put,1164.0,38.0,0.8452,353.6,0.045,0.045,0.045
UNH260515C00230000,123.94,121.85,127.5,2026-04-24 10:52:43.000000,2026-05-15,230.0,call,350.0,0.0,1.022548789864006,353.6,0.045,0.045,0.045
UNH260515P00230000,0.04,0.0,0.37,2026-04-24 15:43:40.000000,2026-05-15,230.0,put,4873.0,0.0,0.8473,353.6,0.045,0.045,0.045
UNH260515C00240000,108.0,112.1,118.15,2026-04-21 15:39:30.000000,2026-05-15,240.0,call,611.0,0.0,1.0278128737284353,353.6,0.045,0.045,0.045
UNH260515P00240000,0.03,0.02,0.07,2026-04-27 15:57:50.000000,2026-05-15,240.0,put,1237.0,122.0,0.6575,353.6,0.045,0.045,0.045
UNH260515C00250000,104.78,102.05,107.35,2026-04-27 15:30:20.000000,2026-05-15,250.0,call,877.0,6.0,0.8447915394462671,353.6,0.045,0.045,0.045
UNH260515P00250000,0.07,0.05,0.27,2026-04-27 15:57:51.000000,2026-05-15,250.0,put,1805.0,236.0,0.687,353.6,0.045,0.045,0.045
UNH260515C00260000,93.0,92.0,97.5,2026-04-27 14:20:06.000000,2026-05-15,260.0,call,1679.0,1.0,0.7689097261122325,353.6,0.045,0.045,0.045
UNH260515P00260000,0.04,0.01,0.1,2026-04-27 15:57:50.000000,2026-05-15,260.0,put,2966.0,147.0,0.5454,353.6,0.045,0.045,0.045
UNH260515C00265000,90.0,87.1,92.5,2026-04-23 09:58:43.000000,2026-05-15,265.0,call,3.0,0.0,0.7365151741723982,353.6,0.045,0.045,0.045
UNH260515P00265000,0.14,0.0,0.3,2026-04-24 15:55:03.000000,2026-05-15,265.0,put,233.0,0.0,0.5799,353.6,0.045,0.045,0.045
UNH260515C00270000,80.0,83.5,87.65,2026-04-27 11:14:03.000000,2026-05-15,270.0,call,984.0,4.0,0.5937,353.6,0.045,0.045,0.045
UNH260515P00270000,0.09,0.07,0.23,2026-04-27 15:34:44.000000,2026-05-15,270.0,put,3378.0,92.0,0.5467,353.6,0.045,0.045,0.045
UNH260515C00275000,79.38,77.15,83.4,2026-04-24 15:59:12.000000,2026-05-15,275.0,call,1.0,0.0,0.7279721298718153,353.6,0.045,0.045,0.045
UNH260515P00275000,0.2,0.1,0.2,2026-04-27 15:28:39.000000,2026-05-15,275.0,put,247.0,3.0,0.5142,353.6,0.045,0.045,0.045
UNH260515C00280000,71.82,73.4,77.65,2026-04-27 13:38:34.000000,2026-05-15,280.0,call,1369.0,5.0,0.5014,353.6,0.045,0.045,0.045
UNH260515P00280000,0.11,0.05,0.16,2026-04-27 15:03:56.000000,2026-05-15,280.0,put,3549.0,11.0,0.4604,353.6,0.045,0.045,0.045
UNH260515C00285000,66.02,67.25,72.65,2026-04-27 13:04:57.000000,2026-05-15,285.0,call,1.0,1.0,0.5953634277295576,353.6,0.045,0.045,0.045
UNH260515P00285000,0.18,0.06,0.22,2026-04-27 10:56:37.000000,2026-05-15,285.0,put,339.0,1.0,0.4466,353.6,0.045,0.045,0.045
UNH260515C00290000,63.07,62.5,67.5,2026-04-27 15:30:07.000000,2026-05-15,290.0,call,1769.0,269.0,0.5616175675512413,353.6,0.045,0.045,0.045
UNH260515P00290000,0.2,0.17,0.32,2026-04-27 15:50:06.000000,2026-05-15,290.0,put,4227.0,6.0,0.4504,353.6,0.045,0.045,0.045
UNH260515C00295000,57.87,57.3,63.15,2026-04-24 13:01:54.000000,2026-05-15,295.0,call,6.0,0.0,0.5493536236421486,353.6,0.045,0.045,0.045
UNH260515P00295000,0.37,0.15,0.39,2026-04-27 09:43:36.000000,2026-05-15,295.0,put,367.0,1.0,0.424,353.6,0.045,0.045,0.045
UNH260515C00300000,56.0,55.25,57.45,2026-04-27 15:39:20.000000,2026-05-15,300.0,call,4843.0,37.0,0.4984,353.6,0.045,0.045,0.045
UNH260515P00300000,0.29,0.22,0.42,2026-04-27 15:47:37.000000,2026-05-15,300.0,put,3480.0,328.0,0.4023,353.6,0.045,0.045,0.045
UNH260515C00302500,25.95,50.05,54.95,2026-04-20 11:44:41.000000,2026-05-15,302.5,call,1.0,0.0,0.4602098006985068,353.6,0.045,0.045,0.045
UNH260515P00302500,0.4,0.24,0.48,2026-04-27 11:23:56.000000,2026-05-15,302.5,put,31.0,1.0,0.3934,353.6,0.045,0.045,0.045
UNH260515C00305000,50.27,47.6,52.8,2026-04-24 15:48:12.000000,2026-05-15,305.0,call,8.0,0.0,0.46334087899305115,353.6,0.045,0.045,0.045
UNH260515P00305000,0.53,0.36,0.5,2026-04-24 15:53:55.000000,2026-05-15,305.0,put,177.0,0.0,0.3885,353.6,0.045,0.045,0.045
UNH260515C00307500,46.58,45.15,50.2,2026-04-24 13:00:01.000000,2026-05-15,307.5,call,38.0,0.0,0.44009318523222957,353.6,0.045,0.045,0.045
UNH260515P00307500,0.5,0.31,0.7,2026-04-27 15:33:19.000000,2026-05-15,307.5,put,37.0,10.0,0.3829,353.6,0.045,0.045,0.045
UNH260515C00310000,47.0,45.05,47.75,2026-04-27 15:54:33.000000,2026-05-15,310.0,call,2041.0,26.0,0.4232,353.6,0.045,0.045,0.045
UNH260515P00310000,0.53,0.34,0.75,2026-04-27 15:45:04.000000,2026-05-15,310.0,put,3371.0,40.0,0.3708,353.6,0.045,0.045,0.045
UNH260515C00312500,38.89,40.3,45.25,2026-04-27 11:50:52.000000,2026-05-15,312.5,call,10.0,45.0,0.4091261327384578,353.6,0.045,0.045,0.045
UNH260515P00312500,0.7,0.53,0.64,2026-04-27 14:55:03.000000,2026-05-15,312.5,put,224.0,3.0,0.3579,353.6,0.045,0.045,0.045
UNH260515C00315000,40.28,37.95,42.95,2026-04-27 15:47:55.000000,2026-05-15,315.0,call,27.0,2.0,0.2268,353.6,0.045,0.045,0.045
UNH260515P00315000,0.72,0.65,0.73,2026-04-27 15:33:09.000000,2026-05-15,315.0,put,2385.0,101.0,0.3521,353.6,0.045,0.045,0.045
UNH260515C00317500,39.24,37.25,40.45,2026-04-27 15:49:37.000000,2026-05-15,317.5,call,38.0,10.0,0.3586,353.6,0.045,0.045,0.045
UNH260515P00317500,1.01,0.63,0.98,2026-04-27 13:23:15.000000,2026-05-15,317.5,put,406.0,57.0,0.3457,353.6,0.045,0.045,0.045
UNH260515C00320000,37.1,35.75,36.7,2026-04-27 15:51:19.000000,2026-05-15,320.0,call,3666.0,77.0,0.3273,353.6,0.045,0.045,0.045
UNH260515P00320000,0.94,0.9,0.99,2026-04-27 15:59:44.000000,2026-05-15,320.0,put,2181.0,135.0,0.3396,353.6,0.045,0.045,0.045
UNH260515C00322500,32.25,33.45,35.5,2026-04-27 15:00:11.000000,2026-05-15,322.5,call,17.0,1.0,0.3664,353.6,0.045,0.045,0.045
UNH260515P00322500,1.1,1.06,1.27,2026-04-27 15:59:44.000000,2026-05-15,322.5,put,1556.0,14.0,0.3381,353.6,0.045,0.045,0.045
UNH260515C00325000,32.07,31.1,32.25,2026-04-27 15:57:58.000000,2026-05-15,325.0,call,494.0,8.0,0.3242,353.6,0.045,0.045,0.045
UNH260515P00325000,1.44,1.23,1.36,2026-04-27 15:09:16.000000,2026-05-15,325.0,put,1440.0,163.0,0.3272,353.6,0.045,0.045,0.045
UNH260515C00327500,28.26,28.95,30.95,2026-04-27 09:49:53.000000,2026-05-15,327.5,call,30.0,15.0,0.3518,353.6,0.045,0.045,0.045
UNH260515P00327500,1.55,1.46,1.61,2026-04-27 15:58:41.000000,2026-05-15,327.5,put,34.0,14.0,0.3224,353.6,0.045,0.045,0.045
UNH260515C00330000,26.78,26.55,27.5,2026-04-27 15:30:20.000000,2026-05-15,330.0,call,5172.0,67.0,0.3045,353.6,0.045,0.045,0.045
UNH260515P00330000,1.88,1.75,1.9,2026-04-27 15:53:40.000000,2026-05-15,330.0,put,1507.0,124.0,0.318,353.6,0.045,0.045,0.045
UNH260515C00332500,25.17,24.3,25.45,2026-04-24 15:57:04.000000,2026-05-15,332.5,call,304.0,0.0,0.302,353.6,0.045,0.045,0.045
UNH260515P00332500,2.12,2.08,2.23,2026-04-27 15:58:41.000000,2026-05-15,332.5,put,650.0,36.0,0.3133,353.6,0.045,0.045,0.045
UNH260515C00335000,21.6,22.15,23.3,2026-04-27 14:45:49.000000,2026-05-15,335.0,call,281.0,8.0,0.2966,353.6,0.045,0.045,0.045
UNH260515P00335000,2.47,2.45,2.65,2026-04-27 15:46:48.000000,2026-05-15,335.0,put,255.0,67.0,0.3092,353.6,0.045,0.045,0.045
UNH260515C00337500,17.1,20.2,21.25,2026-04-27 11:24:24.000000,2026-05-15,337.5,call,11.0,5.0,0.2954,353.6,0.045,0.045,0.045
UNH260515P00337500,2.95,2.91,3.1,2026-04-27 15:58:41.000000,2026-05-15,337.5,put,101.0,24.0,0.305,353.6,0.045,0.045,0.045
UNH260515C00340000,18.5,18.35,19.25,2026-04-27 15:28:55.000000,2026-05-15,340.0,call,4508.0,265.0,0.2941,353.6,0.045,0.045,0.045
UNH260515P00340000,3.4,3.3,3.7,2026-04-27 15:49:19.000000,2026-05-15,340.0,put,1431.0,83.0,0.2997,353.6,0.045,0.045,0.045
UNH260515C00342500,14.02,16.7,18.5,2026-04-27 12:45:52.000000,2026-05-15,342.5,call,144.0,3.0,0.3169,353.6,0.045,0.045,0.045
UNH260515P00342500,4.45,3.9,4.5,2026-04-27 15:27:33.000000,2026-05-15,342.5,put,89.0,13.0,0.2995,353.6,0.045,0.045,0.045
UNH260515C00345000,15.27,14.85,15.75,2026-04-27 15:35:51.000000,2026-05-15,345.0,call,77.0,31.0,0.2944,353.6,0.045,0.045,0.045
UNH260515P00345000,4.75,4.6,5.1,2026-04-27 15:50:39.000000,2026-05-15,345.0,put,867.0,335.0,0.294,353.6,0.045,0.045,0.045
UNH260515C00347500,13.7,13.3,13.9,2026-04-27 15:36:31.000000,2026-05-15,347.5,call,29.0,27.0,0.2913,353.6,0.045,0.045,0.045
UNH260515P00347500,5.45,5.4,5.85,2026-04-27 15:46:56.000000,2026-05-15,347.5,put,314.0,30.0,0.2899,353.6,0.045,0.045,0.045
UNH260515C00350000,12.25,11.75,12.45,2026-04-27 15:55:42.000000,2026-05-15,350.0,call,7185.0,200.0,0.2915,353.6,0.045,0.045,0.045
UNH260515P00350000,6.42,6.2,6.8,2026-04-27 15:47:37.000000,2026-05-15,350.0,put,1166.0,159.0,0.286,353.6,0.045,0.045,0.045
UNH260515C00355000,9.1,9.0,9.5,2026-04-27 15:59:48.000000,2026-05-15,355.0,call,495.0,115.0,0.2864,353.6,0.045,0.045,0.045
UNH260515P00355000,8.6,8.5,9.05,2026-04-27 15:57:17.000000,2026-05-15,355.0,put,484.0,79.0,0.2846,353.6,0.045,0.045,0.045
UNH260515C00360000,6.9,6.4,7.1,2026-04-27 15:59:51.000000,2026-05-15,360.0,call,3711.0,203.0,0.2785,353.6,0.045,0.045,0.045
UNH260515P00360000,11.02,10.85,11.8,2026-04-27 15:44:32.000000,2026-05-15,360.0,put,535.0,52.0,0.2778,353.6,0.045,0.045,0.045
UNH260515C00365000,5.35,4.9,5.25,2026-04-27 15:51:58.000000,2026-05-15,365.0,call,620.0,111.0,0.2836,353.6,0.045,0.045,0.045
UNH260515P00365000,17.3,14.25,15.1,2026-04-27 10:17:15.000000,2026-05-15,365.0,put,35.0,5.0,0.2829,353.6,0.045,0.045,0.045
UNH260515C00370000,3.8,3.45,3.7,2026-04-27 15:59:25.000000,2026-05-15,370.0,call,7344.0,737.0,0.2813,353.6,0.045,0.045,0.045
UNH260515P00370000,21.0,17.75,18.65,2026-04-27 10:18:19.000000,2026-05-15,370.0,put,112.0,1.0,0.2803,353.6,0.045,0.045,0.045
UNH260515C00375000,2.56,2.35,2.61,2026-04-27 15:59:14.000000,2026-05-15,375.0,call,1129.0,771.0,0.2812,353.6,0.045,0.045,0.045
UNH260515P00375000,21.95,21.5,22.9,2026-04-22 13:01:54.000000,2026-05-15,375.0,put,27.0,0.0,0.2825,353.6,0.045,0.045,0.045
UNH260515C00380000,1.75,1.7,1.78,2026-04-27 15:59:51.000000,2026-05-15,380.0,call,3489.0,1140.0,0.2851,353.6,0.045,0.045,0.045
UNH260515P00380000,27.29,25.65,27.0,2026-04-23 09:35:29.000000,2026-05-15,380.0,put,36.0,0.0,0.2756,353.6,0.045,0.045,0.045
UNH260515C00390000,0.9,0.75,0.88,2026-04-27 15:51:04.000000,2026-05-15,390.0,call,1862.0,165.0,0.2912,353.6,0.045,0.045,0.045
UNH260515P00390000,78.5,33.9,38.85,2026-04-13 13:42:23.000000,2026-05-15,390.0,put,0.0,0.0,0.3484,353.6,0.045,0.045,0.045
UNH260515C00400000,0.43,0.37,0.43,2026-04-27 15:57:55.000000,2026-05-15,400.0,call,6835.0,2611.0,0.3025,353.6,0.045,0.045,0.045
UNH260515P00400000,49.44,44.35,46.7,2026-04-27 12:10:44.000000,2026-05-15,400.0,put,18.0,1.0,0.3298,353.6,0.045,0.045,0.045
UNH260515C00410000,0.22,0.15,0.32,2026-04-27 15:39:50.000000,2026-05-15,410.0,call,396.0,42.0,0.3228,353.6,0.045,0.045,0.045
UNH260515P00410000,56.01,52.05,58.65,2026-04-23 10:29:27.000000,2026-05-15,410.0,put,1.0,0.0,0.3398,353.6,0.045,0.045,0.045
UNH260515C00420000,0.23,0.07,0.24,2026-04-24 15:19:09.000000,2026-05-15,420.0,call,378.0,0.0,0.3461,353.6,0.045,0.045,0.045
UNH260515P00420000,65.37,62.35,68.5,2026-04-23 11:49:54.000000,2026-05-15,420.0,put,0.0,0.0,0.4119,353.6,0.045,0.045,0.045
UNH260515C00430000,0.1,0.0,0.35,2026-04-27 13:40:20.000000,2026-05-15,430.0,call,170.0,2.0,0.3938,353.6,0.045,0.045,0.045
UNH260515P00430000,151.0,73.05,78.5,2026-03-09 10:12:07.000000,2026-05-15,430.0,put,0.0,0.0,0.521,353.6,0.045,0.045,0.045
UNH260515C00440000,0.1,0.0,0.25,2026-04-27 15:31:05.000000,2026-05-15,440.0,call,329.0,3.0,0.4151,353.6,0.045,0.045,0.045
UNH260515C00450000,0.06,0.0,0.14,2026-04-27 15:51:11.000000,2026-05-15,450.0,call,437.0,76.0,0.4229,353.6,0.045,0.045,0.045
UNH260515P00450000,169.5,92.4,98.65,2026-03-12 11:14:06.000000,2026-05-15,450.0,put,0.0,0.0,0.5715,353.6,0.045,0.045,0.045
UNH260515C00460000,0.25,0.0,1.12,2026-04-21 10:27:49.000000,2026-05-15,460.0,call,240.0,0.0,0.6042,353.6,0.045,0.045,0.045
UNH260515P00460000,179.0,102.95,108.5,2026-02-03 14:36:46.000000,2026-05-15,460.0,put,0.0,0.0,0.6544,353.6,0.045,0.045,0.045
UNH260515C00470000,0.06,0.0,1.3,2026-04-21 14:21:08.000000,2026-05-15,470.0,call,146.0,0.0,0.661,353.6,0.045,0.045,0.045
UNH260515C00480000,0.06,0.0,0.13,2026-04-27 09:37:38.000000,2026-05-15,480.0,call,354.0,7.0,0.5186,353.6,0.045,0.045,0.045
UNH260515P00480000,144.1,122.85,128.65,2025-09-19 15:24:40.000000,2026-05-15,480.0,put,0.0,0.0,0.744,353.6,0.045,0.045,0.045
UNH260515C00490000,0.12,0.0,0.28,2026-04-21 14:09:38.000000,2026-05-15,490.0,call,239.0,0.0,0.5984,353.6,0.045,0.045,0.045
UNH260515P00490000,0.0,132.45,138.65,2026-04-28 13:27:22.640069,2026-05-15,490.0,put,0.0,0.0,0.7426,353.6,0.045,0.045,0.045
UNH260515C00500000,0.04,0.0,0.41,2026-04-27 14:41:48.000000,2026-05-15,500.0,call,315.0,129.0,0.6606,353.6,0.045,0.045,0.045
UNH260515C00520000,0.03,0.0,0.06,2026-04-22 15:25:46.000000,2026-05-15,520.0,call,105.0,0.0,0.593,353.6,0.045,0.045,0.045
UNH260515P00520000,0.0,162.95,168.5,2026-04-28 13:27:22.640281,2026-05-15,520.0,put,0.0,0.0,0.8968,353.6,0.045,0.045,0.045
UNH260515C00540000,0.01,0.0,0.58,2026-04-23 09:34:13.000000,2026-05-15,540.0,call,72.0,0.0,0.8208,353.6,0.045,0.045,0.045
UNH260515P00540000,0.0,181.05,189.7,2026-04-28 13:27:22.640305,2026-05-15,540.0,put,0.0,0.0,0.7961,353.6,0.045,0.045,0.045
UNH260515C00560000,0.01,0.0,0.76,2026-04-24 15:08:24.000000,2026-05-15,560.0,call,142.0,0.0,0.9121,353.6,0.045,0.045,0.045
UNH260515P00560000,0.0,201.05,209.65,2026-04-28 13:27:22.640321,2026-05-15,560.0,put,0.0,0.0,0.902,353.6,0.045,0.045,0.045
UNH260522C00145000,0.0,205.8,214.45,2026-04-28 13:27:22.641320,2026-05-22,145.0,call,0.0,0.0,1.8206824708696299,353.6,0.045,0.045,0.045
UNH260522P00145000,0.0,0.0,4.3,2026-04-28 13:27:22.641337,2026-05-22,145.0,put,0.0,0.0,2.0233,353.6,0.045,0.045,0.045
UNH260522C00150000,0.0,200.8,209.45,2026-04-28 13:27:22.642331,2026-05-22,150.0,call,0.0,0.0,1.75359711745023,353.6,0.045,0.045,0.045
UNH260522P00150000,0.0,0.0,4.3,2026-04-28 13:27:22.642347,2026-05-22,150.0,put,0.0,0.0,1.9544,353.6,0.045,0.045,0.045
UNH260522C00155000,0.0,195.8,204.45,2026-04-28 13:27:22.643349,2026-05-22,155.0,call,0.0,0.0,1.6888265931225648,353.6,0.045,0.045,0.045
UNH260522P00155000,0.0,0.0,4.3,2026-04-28 13:27:22.643366,2026-05-22,155.0,put,0.0,0.0,1.8878,353.6,0.045,0.045,0.045
UNH260522C00160000,0.0,190.65,199.7,2026-04-28 13:27:22.644293,2026-05-22,160.0,call,0.0,0.0,1.6390335558810751,353.6,0.045,0.045,0.045
UNH260522P00160000,0.0,0.0,4.3,2026-04-28 13:27:22.644310,2026-05-22,160.0,put,0.0,0.0,1.8233,353.6,0.045,0.045,0.045
UNH260522C00165000,0.0,185.45,194.9,2026-04-28 13:27:22.645237,2026-05-22,165.0,call,0.0,0.0,1.5781504546674994,353.6,0.045,0.045,0.045
UNH260522P00165000,0.0,0.0,4.3,2026-04-28 13:27:22.645253,2026-05-22,165.0,put,0.0,0.0,1.7609,353.6,0.045,0.045,0.045
UNH260522C00170000,0.0,180.45,189.9,2026-04-28 13:27:22.646115,2026-05-22,170.0,call,0.0,0.0,1.5191618252661026,353.6,0.045,0.045,0.045
UNH260522P00170000,0.0,0.0,4.3,2026-04-28 13:27:22.646132,2026-05-22,170.0,put,0.0,0.0,1.7003,353.6,0.045,0.045,0.045
UNH260522C00175000,0.0,175.7,184.75,2026-04-28 13:27:22.647056,2026-05-22,175.0,call,0.0,0.0,1.4736044819924798,353.6,0.045,0.045,0.045
UNH260522P00175000,0.0,0.0,4.3,2026-04-28 13:27:22.647073,2026-05-22,175.0,put,0.0,0.0,1.6415,353.6,0.045,0.045,0.045
UNH260522C00180000,0.0,170.5,179.95,2026-04-28 13:27:22.648069,2026-05-22,180.0,call,0.0,0.0,1.4178016291538589,353.6,0.045,0.045,0.045
UNH260522P00180000,0.0,0.0,4.3,2026-04-28 13:27:22.648085,2026-05-22,180.0,put,0.0,0.0,1.5844,353.6,0.045,0.045,0.045
UNH260522C00185000,0.0,165.5,174.95,2026-04-28 13:27:22.649087,2026-05-22,185.0,call,0.0,0.0,1.363573760959173,353.6,0.045,0.045,0.045
UNH260522P00185000,0.0,0.0,4.3,2026-04-28 13:27:22.649104,2026-05-22,185.0,put,0.0,0.0,1.5287,353.6,0.045,0.045,0.045
UNH260522C00190000,0.0,160.55,170.0,2026-04-28 13:27:22.650173,2026-05-22,190.0,call,0.0,0.0,1.321422015273757,353.6,0.045,0.045,0.045
UNH260522P00190000,0.0,0.0,4.3,2026-04-28 13:27:22.650189,2026-05-22,190.0,put,0.0,0.0,1.4745,353.6,0.045,0.045,0.045
UNH260522C00195000,0.0,155.55,165.0,2026-04-28 13:27:22.651264,2026-05-22,195.0,call,0.0,0.0,1.2698391237703417,353.6,0.045,0.045,0.045
UNH260522P00195000,0.0,0.0,4.3,2026-04-28 13:27:22.651281,2026-05-22,195.0,put,0.0,0.0,1.4217,353.6,0.045,0.045,0.045
UNH260522C00200000,111.0,150.6,160.0,2026-04-07 12:22:58.000000,2026-05-22,200.0,call,2.0,0.0,0.6146,353.6,0.045,0.045,0.045
UNH260522P00200000,0.0,0.0,0.05,2026-04-28 13:27:22.651305,2026-05-22,200.0,put,0.0,0.0,0.7535,353.6,0.045,0.045,0.045
UNH260522C00205000,0.0,145.6,155.0,2026-04-28 13:27:22.652451,2026-05-22,205.0,call,0.0,0.0,1.1754173386046742,353.6,0.045,0.045,0.045
UNH260522P00205000,0.36,0.0,0.05,2026-04-07 10:05:28.000000,2026-05-22,205.0,put,1.0,0.0,0.7232,353.6,0.045,0.045,0.045
UNH260522C00210000,0.0,140.8,149.85,2026-04-28 13:27:22.653604,2026-05-22,210.0,call,0.0,0.0,1.1321476255207281,353.6,0.045,0.045,0.045
UNH260522P00210000,0.38,0.0,4.3,2026-04-23 10:37:50.000000,2026-05-22,210.0,put,134.0,0.0,1.2706,353.6,0.045,0.045,0.045
UNH260522C00215000,0.0,135.65,145.0,2026-04-28 13:27:22.653632,2026-05-22,215.0,call,0.0,0.0,0.5843,353.6,0.045,0.045,0.045
UNH260522P00215000,2.09,0.0,4.3,2026-04-02 15:33:26.000000,2026-05-22,215.0,put,2.0,0.0,1.2224,353.6,0.045,0.045,0.045
UNH260522C00220000,0.0,131.05,139.7,2026-04-28 13:27:22.654715,2026-05-22,220.0,call,0.0,0.0,1.0480845555704814,353.6,0.045,0.045,0.045
UNH260522P00220000,0.04,0.0,1.01,2026-04-27 13:13:19.000000,2026-05-22,220.0,put,20.0,2.0,0.9036,353.6,0.045,0.045,0.045
UNH260522C00225000,0.0,126.1,134.75,2026-04-28 13:27:22.654744,2026-05-22,225.0,call,0.0,0.0,0.6065,353.6,0.045,0.045,0.045
UNH260522P00225000,2.38,0.0,4.35,2026-04-06 09:30:02.000000,2026-05-22,225.0,put,1.0,0.0,1.1318,353.6,0.045,0.045,0.045
UNH260522C00230000,0.0,121.1,129.75,2026-04-28 13:27:22.654765,2026-05-22,230.0,call,0.0,0.0,0.5306,353.6,0.045,0.045,0.045
UNH260522P00230000,0.24,0.0,4.35,2026-04-22 14:41:10.000000,2026-05-22,230.0,put,63.0,0.0,1.086,353.6,0.045,0.045,0.045
UNH260522C00235000,0.0,116.15,124.8,2026-04-28 13:27:22.654780,2026-05-22,235.0,call,0.0,0.0,0.5843,353.6,0.045,0.045,0.045
UNH260522P00235000,0.02,0.0,4.35,2026-04-23 10:37:44.000000,2026-05-22,235.0,put,11.0,0.0,1.0414,353.6,0.045,0.045,0.045
UNH260522C00240000,0.0,111.15,119.8,2026-04-28 13:27:22.654794,2026-05-22,240.0,call,0.0,0.0,0.5332,353.6,0.045,0.045,0.045
UNH260522P00240000,0.45,0.0,4.0,2026-04-20 15:45:46.000000,2026-05-22,240.0,put,251.0,0.0,0.9792,353.6,0.045,0.045,0.045
UNH260522C00245000,0.0,106.2,114.85,2026-04-28 13:27:22.654807,2026-05-22,245.0,call,0.0,0.0,0.5506,353.6,0.045,0.045,0.045
UNH260522P00245000,0.18,0.0,4.35,2026-04-21 15:44:45.000000,2026-05-22,245.0,put,11.0,0.0,0.9545,353.6,0.045,0.045,0.045
UNH260522C00250000,103.75,101.2,109.7,2026-04-24 12:02:00.000000,2026-05-22,250.0,call,2.0,0.0,0.8019945381500251,353.6,0.045,0.045,0.045
UNH260522P00250000,0.27,0.0,0.6,2026-04-22 12:09:41.000000,2026-05-22,250.0,put,17.0,0.0,0.6364,353.6,0.045,0.045,0.045
UNH260522C00255000,0.0,96.25,104.9,2026-04-28 13:27:22.655913,2026-05-22,255.0,call,0.0,0.0,0.5114,353.6,0.045,0.045,0.045
UNH260522P00255000,0.2,0.0,0.4,2026-04-24 15:22:48.000000,2026-05-22,255.0,put,41.0,0.0,0.5714,353.6,0.045,0.045,0.045
UNH260522C00260000,94.13,91.8,99.75,2026-04-24 14:29:32.000000,2026-05-22,260.0,call,3.0,0.0,0.5641,353.6,0.045,0.045,0.045
UNH260522P00260000,0.53,0.0,0.45,2026-04-23 10:37:50.000000,2026-05-22,260.0,put,21.0,0.0,0.5506,353.6,0.045,0.045,0.045
UNH260522C00265000,82.73,87.0,94.95,2026-04-21 10:59:30.000000,2026-05-22,265.0,call,1.0,0.0,0.5789,353.6,0.045,0.045,0.045
UNH260522P00265000,0.27,0.0,2.16,2026-04-22 14:08:05.000000,2026-05-22,265.0,put,60.0,0.0,0.6768,353.6,0.045,0.045,0.045
UNH260522C00270000,43.57,81.4,89.85,2026-04-10 10:32:47.000000,2026-05-22,270.0,call,30.0,0.0,0.4336,353.6,0.045,0.045,0.045
UNH260522P00270000,0.25,0.0,0.38,2026-04-27 12:04:24.000000,2026-05-22,270.0,put,53.0,3.0,0.4803,353.6,0.045,0.045,0.045
UNH260522C00275000,79.9,76.5,85.0,2026-04-24 15:14:57.000000,2026-05-22,275.0,call,27.0,0.0,0.4616,353.6,0.045,0.045,0.045
UNH260522P00275000,0.35,0.0,0.83,2026-04-24 13:36:14.000000,2026-05-22,275.0,put,329.0,0.0,0.5084,353.6,0.045,0.045,0.045
UNH260522C00280000,34.2,71.85,79.95,2026-04-13 12:35:42.000000,2026-05-22,280.0,call,8.0,0.0,0.4605,353.6,0.045,0.045,0.045
UNH260522P00280000,0.06,0.02,0.66,2026-04-27 13:25:42.000000,2026-05-22,280.0,put,74.0,5.0,0.4625,353.6,0.045,0.045,0.045
UNH260522C00285000,69.85,67.75,73.75,2026-04-24 15:27:02.000000,2026-05-22,285.0,call,36.0,0.0,0.3885,353.6,0.045,0.045,0.045
UNH260522P00285000,0.01,0.13,0.56,2026-04-24 13:09:29.000000,2026-05-22,285.0,put,497.0,0.0,0.434,353.6,0.045,0.045,0.045
UNH260522C00290000,64.67,62.85,68.3,2026-04-24 11:03:31.000000,2026-05-22,290.0,call,50.0,0.0,0.5098939220004591,353.6,0.045,0.045,0.045
UNH260522P00290000,0.39,0.3,0.8,2026-04-27 15:45:51.000000,2026-05-22,290.0,put,35.0,12.0,0.4387,353.6,0.045,0.045,0.045
UNH260522C00295000,59.59,57.95,63.55,2026-04-24 11:15:21.000000,2026-05-22,295.0,call,45.0,0.0,0.3254,353.6,0.045,0.045,0.045
UNH260522P00295000,0.53,0.4,0.58,2026-04-24 10:57:48.000000,2026-05-22,295.0,put,273.0,0.0,0.3993,353.6,0.045,0.045,0.045
UNH260522C00300000,52.44,53.55,58.2,2026-04-27 13:08:53.000000,2026-05-22,300.0,call,128.0,1.0,0.3277,353.6,0.045,0.045,0.045
UNH260522P00300000,0.74,0.33,0.88,2026-04-27 12:35:04.000000,2026-05-22,300.0,put,73.0,3.0,0.3841,353.6,0.045,0.045,0.045
UNH260522C00305000,47.86,48.25,53.5,2026-04-27 10:16:44.000000,2026-05-22,305.0,call,95.0,1.0,0.2972,353.6,0.045,0.045,0.045
UNH260522P00305000,0.63,0.67,0.87,2026-04-23 12:07:09.000000,2026-05-22,305.0,put,57.0,0.0,0.3712,353.6,0.045,0.045,0.045
UNH260522C00310000,46.95,45.65,49.0,2026-04-27 15:39:07.000000,2026-05-22,310.0,call,200.0,13.0,0.4093,353.6,0.045,0.045,0.045
UNH260522P00310000,0.98,0.67,1.26,2026-04-27 15:45:51.000000,2026-05-22,310.0,put,142.0,16.0,0.3569,353.6,0.045,0.045,0.045
UNH260522C00315000,41.68,39.5,43.9,2026-04-24 15:52:16.000000,2026-05-22,315.0,call,129.0,0.0,0.329,353.6,0.045,0.045,0.045
UNH260522P00315000,1.38,0.98,1.54,2026-04-27 15:32:06.000000,2026-05-22,315.0,put,243.0,77.0,0.346,353.6,0.045,0.045,0.045
UNH260522C00320000,32.48,35.4,38.4,2026-04-27 11:43:19.000000,2026-05-22,320.0,call,126.0,7.0,0.3087,353.6,0.045,0.045,0.045
UNH260522P00320000,2.0,1.27,1.75,2026-04-27 12:23:23.000000,2026-05-22,320.0,put,355.0,26.0,0.3273,353.6,0.045,0.045,0.045
UNH260522C00325000,28.85,32.05,33.85,2026-04-27 12:41:14.000000,2026-05-22,325.0,call,103.0,6.0,0.3307,353.6,0.045,0.045,0.045
UNH260522P00325000,2.76,1.85,2.79,2026-04-27 11:53:05.000000,2026-05-22,325.0,put,178.0,41.0,0.3335,353.6,0.045,0.045,0.045
UNH260522C00330000,29.5,27.85,29.35,2026-04-27 15:46:32.000000,2026-05-22,330.0,call,591.0,39.0,0.3197,353.6,0.045,0.045,0.045
UNH260522P00330000,3.54,2.75,3.1,2026-04-27 13:22:47.000000,2026-05-22,330.0,put,101.0,28.0,0.3205,353.6,0.045,0.045,0.045
UNH260522C00335000,25.45,24.1,25.3,2026-04-27 15:42:49.000000,2026-05-22,335.0,call,76.0,25.0,0.3189,353.6,0.045,0.045,0.045
UNH260522P00335000,4.35,3.6,4.05,2026-04-27 14:11:11.000000,2026-05-22,335.0,put,47.0,15.0,0.313,353.6,0.045,0.045,0.045
UNH260522C00340000,17.85,20.1,21.4,2026-04-27 12:47:46.000000,2026-05-22,340.0,call,260.0,1.0,0.3076,353.6,0.045,0.045,0.045
UNH260522P00340000,5.18,4.75,5.25,2026-04-24 15:30:35.000000,2026-05-22,340.0,put,76.0,0.0,0.3065,353.6,0.045,0.045,0.045
UNH260522C00345000,17.65,16.65,18.1,2026-04-27 15:57:49.000000,2026-05-22,345.0,call,127.0,34.0,0.3062,353.6,0.045,0.045,0.045
UNH260522P00345000,8.03,6.15,6.8,2026-04-27 12:58:20.000000,2026-05-22,345.0,put,34.0,1.0,0.3007,353.6,0.045,0.045,0.045
UNH260522C00350000,13.98,13.6,14.8,2026-04-27 15:30:40.000000,2026-05-22,350.0,call,470.0,45.0,0.3004,353.6,0.045,0.045,0.045
UNH260522P00350000,8.8,7.8,9.3,2026-04-27 15:28:37.000000,2026-05-22,350.0,put,66.0,8.0,0.3027,353.6,0.045,0.045,0.045
UNH260522C00355000,11.31,10.8,11.85,2026-04-27 15:58:55.000000,2026-05-22,355.0,call,143.0,21.0,0.295,353.6,0.045,0.045,0.045
UNH260522P00355000,10.83,9.8,10.95,2026-04-27 15:37:13.000000,2026-05-22,355.0,put,118.0,15.0,0.2881,353.6,0.045,0.045,0.045
UNH260522C00360000,8.17,8.55,9.4,2026-04-27 14:42:15.000000,2026-05-22,360.0,call,242.0,5.0,0.2934,353.6,0.045,0.045,0.045
UNH260522P00360000,13.43,12.5,13.8,2026-04-27 15:37:13.000000,2026-05-22,360.0,put,44.0,32.0,0.2895,353.6,0.045,0.045,0.045
UNH260522C00365000,6.1,6.45,7.4,2026-04-27 14:47:02.000000,2026-05-22,365.0,call,176.0,18.0,0.2904,353.6,0.045,0.045,0.045
UNH260522P00365000,17.85,15.4,16.9,2026-04-27 10:34:27.000000,2026-05-22,365.0,put,6.0,1.0,0.287,353.6,0.045,0.045,0.045
UNH260522C00370000,5.8,4.8,5.8,2026-04-27 15:49:35.000000,2026-05-22,370.0,call,108.0,26.0,0.2898,353.6,0.045,0.045,0.045
UNH260522P00370000,21.26,18.65,20.4,2026-04-24 13:17:03.000000,2026-05-22,370.0,put,9.0,0.0,0.2852,353.6,0.045,0.045,0.045
UNH260522C00375000,3.98,3.8,4.2,2026-04-27 15:59:42.000000,2026-05-22,375.0,call,115.0,192.0,0.2899,353.6,0.045,0.045,0.045
UNH260522P00375000,24.3,22.5,24.3,2026-04-24 11:25:53.000000,2026-05-22,375.0,put,4.0,0.0,0.2893,353.6,0.045,0.045,0.045
UNH260522C00380000,3.22,2.75,3.5,2026-04-27 15:54:01.000000,2026-05-22,380.0,call,590.0,435.0,0.2962,353.6,0.045,0.045,0.045
UNH260522P00380000,30.97,25.65,28.75,2026-04-21 13:17:13.000000,2026-05-22,380.0,put,19.0,0.0,0.2805,353.6,0.045,0.045,0.045
UNH260522C00385000,2.15,1.85,2.5,2026-04-27 15:59:21.000000,2026-05-22,385.0,call,97.0,40.0,0.2904,353.6,0.045,0.045,0.045
UNH260522P00385000,0.0,29.9,33.9,2026-04-28 13:27:22.657508,2026-05-22,385.0,put,0.0,0.0,0.3001,353.6,0.045,0.045,0.045
UNH260522C00390000,1.5,1.45,1.9,2026-04-27 15:56:47.000000,2026-05-22,390.0,call,213.0,14.0,0.297,353.6,0.045,0.045,0.045
UNH260522P00390000,43.0,34.3,39.45,2026-04-21 11:51:42.000000,2026-05-22,390.0,put,1.0,0.0,0.3299,353.6,0.045,0.045,0.045
UNH260522C00395000,1.16,0.91,1.3,2026-04-27 15:55:13.000000,2026-05-22,395.0,call,275.0,11.0,0.2912,353.6,0.045,0.045,0.045
UNH260522P00395000,83.21,38.9,43.95,2026-04-13 14:15:19.000000,2026-05-22,395.0,put,0.0,0.0,0.3352,353.6,0.045,0.045,0.045
UNH260522C00400000,0.87,0.8,0.95,2026-04-27 15:46:51.000000,2026-05-22,400.0,call,454.0,51.0,0.3,353.6,0.045,0.045,0.045
UNH260522P00400000,0.0,43.4,48.75,2026-04-28 13:27:22.657551,2026-05-22,400.0,put,0.0,0.0,0.3401,353.6,0.045,0.045,0.045
UNH260522C00405000,0.96,0.01,1.05,2026-04-22 15:32:29.000000,2026-05-22,405.0,call,231.0,0.0,0.292,353.6,0.045,0.045,0.045
UNH260522P00405000,0.0,47.95,53.6,2026-04-28 13:27:22.657566,2026-05-22,405.0,put,0.0,0.0,0.3415,353.6,0.045,0.045,0.045
UNH260522C00410000,0.55,0.11,0.75,2026-04-27 14:44:02.000000,2026-05-22,410.0,call,67.0,19.0,0.3019,353.6,0.045,0.045,0.045
UNH260522P00410000,0.0,51.1,59.75,2026-04-28 13:27:22.657579,2026-05-22,410.0,put,0.0,0.0,0.3222,353.6,0.045,0.045,0.045
UNH260522C00415000,0.33,0.01,2.66,2026-04-27 14:57:58.000000,2026-05-22,415.0,call,0.0,4.0,0.4063,353.6,0.045,0.045,0.045
UNH260522P00415000,0.0,56.2,64.7,2026-04-28 13:27:22.657594,2026-05-22,415.0,put,0.0,0.0,0.3482,353.6,0.045,0.045,0.045
UNH260522C00420000,0.01,0.1,1.01,2026-04-27 14:57:47.000000,2026-05-22,420.0,call,0.0,4.0,0.3588,353.6,0.045,0.045,0.045
UNH260522P00420000,0.0,61.0,69.9,2026-04-28 13:27:22.657608,2026-05-22,420.0,put,0.0,0.0,0.3533,353.6,0.045,0.045,0.045
UNH260522C00425000,0.23,0.02,0.25,2026-04-27 10:44:19.000000,2026-05-22,425.0,call,0.0,1.0,0.3045,353.6,0.045,0.045,0.045
UNH260529C00155000,0.0,195.55,205.0,2026-04-28 13:27:22.658721,2026-05-29,155.0,call,0.0,0.0,1.4912648905934764,353.6,0.045,0.045,0.045
UNH260529P00155000,0.0,0.0,4.3,2026-04-28 13:27:22.658739,2026-05-29,155.0,put,0.0,0.0,1.6699,353.6,0.045,0.045,0.045
UNH260529C00160000,0.0,190.05,200.0,2026-04-28 13:27:22.658752,2026-05-29,160.0,call,0.0,0.0,0.8943,353.6,0.045,0.045,0.045
UNH260529P00160000,0.0,0.0,4.3,2026-04-28 13:27:22.658763,2026-05-29,160.0,put,0.0,0.0,1.613,353.6,0.045,0.045,0.045
UNH260529C00165000,0.0,185.6,195.0,2026-04-28 13:27:22.658771,2026-05-29,165.0,call,0.0,0.0,0.7259,353.6,0.045,0.045,0.045
UNH260529P00165000,0.0,0.0,4.3,2026-04-28 13:27:22.658779,2026-05-29,165.0,put,0.0,0.0,1.5578,353.6,0.045,0.045,0.045
UNH260529C00170000,0.0,180.6,190.0,2026-04-28 13:27:22.659777,2026-05-29,170.0,call,0.0,0.0,1.333549305006275,353.6,0.045,0.045,0.045
UNH260529P00170000,0.0,0.0,4.3,2026-04-28 13:27:22.659794,2026-05-29,170.0,put,0.0,0.0,1.5043,353.6,0.045,0.045,0.045
UNH260529C00175000,0.0,175.85,184.9,2026-04-28 13:27:22.659806,2026-05-29,175.0,call,0.0,0.0,0.7746,353.6,0.045,0.045,0.045
UNH260529P00175000,0.0,0.0,4.3,2026-04-28 13:27:22.659817,2026-05-29,175.0,put,0.0,0.0,1.4523,353.6,0.045,0.045,0.045
UNH260529C00180000,0.0,170.85,179.9,2026-04-28 13:27:22.660883,2026-05-29,180.0,call,0.0,0.0,1.247957807873834,353.6,0.045,0.045,0.045
UNH260529P00180000,0.0,0.0,4.3,2026-04-28 13:27:22.660901,2026-05-29,180.0,put,0.0,0.0,1.4017,353.6,0.045,0.045,0.045
UNH260529C00185000,0.0,165.7,175.0,2026-04-28 13:27:22.660912,2026-05-29,185.0,call,0.0,0.0,0.7556,353.6,0.045,0.045,0.045
UNH260529P00185000,0.0,0.0,4.35,2026-04-28 13:27:22.660923,2026-05-29,185.0,put,0.0,0.0,1.3558,353.6,0.045,0.045,0.045
UNH260529C00190000,0.0,160.7,170.0,2026-04-28 13:27:22.660931,2026-05-29,190.0,call,0.0,0.0,0.6573,353.6,0.045,0.045,0.045
UNH260529P00190000,0.0,0.0,4.35,2026-04-28 13:27:22.660938,2026-05-29,190.0,put,0.0,0.0,1.3078,353.6,0.045,0.045,0.045
UNH260529C00195000,0.0,156.0,165.1,2026-04-28 13:27:22.660945,2026-05-29,195.0,call,0.0,0.0,0.723,353.6,0.045,0.045,0.045
UNH260529P00195000,0.0,0.0,4.35,2026-04-28 13:27:22.660952,2026-05-29,195.0,put,0.0,0.0,1.261,353.6,0.045,0.045,0.045
UNH260529C00200000,0.0,151.0,160.0,2026-04-28 13:27:22.660959,2026-05-29,200.0,call,0.0,0.0,0.6545,353.6,0.045,0.045,0.045
UNH260529P00200000,0.0,0.0,4.35,2026-04-28 13:27:22.660966,2026-05-29,200.0,put,0.0,0.0,1.2153,353.6,0.045,0.045,0.045
UNH260529C00205000,0.0,146.0,155.15,2026-04-28 13:27:22.660973,2026-05-29,205.0,call,0.0,0.0,0.6848,353.6,0.045,0.045,0.045
UNH260529P00205000,0.0,0.0,4.35,2026-04-28 13:27:22.660981,2026-05-29,205.0,put,0.0,0.0,1.1707,353.6,0.045,0.045,0.045
UNH260529C00210000,0.0,141.25,149.9,2026-04-28 13:27:22.660988,2026-05-29,210.0,call,0.0,0.0,0.69,353.6,0.045,0.045,0.045
UNH260529P00210000,0.0,0.0,4.35,2026-04-28 13:27:22.660995,2026-05-29,210.0,put,0.0,0.0,1.1271,353.6,0.045,0.045,0.045
UNH260529C00215000,0.0,136.25,144.9,2026-04-28 13:27:22.661002,2026-05-29,215.0,call,0.0,0.0,0.6437,353.6,0.045,0.045,0.045
UNH260529P00215000,0.0,0.0,4.35,2026-04-28 13:27:22.661010,2026-05-29,215.0,put,0.0,0.0,1.0844,353.6,0.045,0.045,0.045
UNH260529C00220000,0.0,131.3,139.95,2026-04-28 13:27:22.661017,2026-05-29,220.0,call,0.0,0.0,0.6436,353.6,0.045,0.045,0.045
UNH260529P00220000,0.0,0.0,4.35,2026-04-28 13:27:22.661025,2026-05-29,220.0,put,0.0,0.0,1.0426,353.6,0.045,0.045,0.045
UNH260529C00225000,0.0,126.3,134.8,2026-04-28 13:27:22.661032,2026-05-29,225.0,call,0.0,0.0,0.421,353.6,0.045,0.045,0.045
UNH260529P00225000,0.0,0.0,4.4,2026-04-28 13:27:22.661040,2026-05-29,225.0,put,0.0,0.0,1.0042,353.6,0.045,0.045,0.045
UNH260529C00230000,0.0,121.35,129.85,2026-04-28 13:27:22.661047,2026-05-29,230.0,call,0.0,0.0,0.5268,353.6,0.045,0.045,0.045
UNH260529P00230000,0.1,0.0,4.35,2026-04-27 14:19:53.000000,2026-05-29,230.0,put,0.0,6.0,0.9611,353.6,0.045,0.045,0.045
UNH260529C00235000,0.0,116.35,124.85,2026-04-28 13:27:22.661063,2026-05-29,235.0,call,0.0,0.0,0.4645,353.6,0.045,0.045,0.045
UNH260529P00235000,0.0,0.0,2.5,2026-04-28 13:27:22.661117,2026-05-29,235.0,put,0.0,0.0,0.8222,353.6,0.045,0.045,0.045
UNH260529C00240000,0.0,111.4,120.05,2026-04-28 13:27:22.661125,2026-05-29,240.0,call,0.0,0.0,0.5512,353.6,0.045,0.045,0.045
UNH260529P00240000,0.44,0.0,4.4,2026-04-20 15:12:35.000000,2026-05-29,240.0,put,250.0,0.0,0.8857,353.6,0.045,0.045,0.045
UNH260529C00245000,0.0,106.45,114.9,2026-04-28 13:27:22.661139,2026-05-29,245.0,call,0.0,0.0,0.4772,353.6,0.045,0.045,0.045
UNH260529P00245000,0.69,0.0,4.45,2026-04-27 09:30:48.000000,2026-05-29,245.0,put,10.0,2.0,0.8497,353.6,0.045,0.045,0.045
UNH260529C00250000,65.05,102.0,110.1,2026-04-15 11:21:24.000000,2026-05-29,250.0,call,0.0,0.0,0.59,353.6,0.045,0.045,0.045
UNH260529P00250000,0.2,0.0,0.6,2026-04-27 11:40:54.000000,2026-05-29,250.0,put,42.0,1.0,0.5635,353.6,0.045,0.045,0.045
UNH260529C00255000,60.37,97.0,105.15,2026-04-15 11:21:24.000000,2026-05-29,255.0,call,1.0,0.0,0.5624,353.6,0.045,0.045,0.045
UNH260529P00255000,0.8,0.0,4.45,2026-04-20 11:08:39.000000,2026-05-29,255.0,put,11.0,0.0,0.775,353.6,0.045,0.045,0.045
UNH260529C00260000,90.24,92.0,100.05,2026-04-21 15:08:44.000000,2026-05-29,260.0,call,1.0,0.0,0.519,353.6,0.045,0.045,0.045
UNH260529P00260000,0.15,0.0,0.25,2026-04-27 12:10:22.000000,2026-05-29,260.0,put,51.0,1.0,0.4515,353.6,0.045,0.045,0.045
UNH260529C00265000,0.0,87.0,95.25,2026-04-28 13:27:22.661195,2026-05-29,265.0,call,0.0,0.0,0.5081,353.6,0.045,0.045,0.045
UNH260529P00265000,0.19,0.0,0.48,2026-04-27 11:41:35.000000,2026-05-29,265.0,put,301.0,1.0,0.4656,353.6,0.045,0.045,0.045
UNH260529C00270000,55.27,82.0,90.3,2026-04-20 10:20:59.000000,2026-05-29,270.0,call,1.0,0.0,0.4813,353.6,0.045,0.045,0.045
UNH260529P00270000,0.82,0.01,0.49,2026-04-27 09:30:48.000000,2026-05-29,270.0,put,286.0,2.0,0.4422,353.6,0.045,0.045,0.045
UNH260529C00275000,79.7,77.0,85.35,2026-04-23 15:13:21.000000,2026-05-29,275.0,call,36.0,0.0,0.4548,353.6,0.045,0.045,0.045
UNH260529P00275000,0.52,0.01,1.0,2026-04-24 12:51:35.000000,2026-05-29,275.0,put,73.0,0.0,0.4654,353.6,0.045,0.045,0.045
UNH260529C00280000,74.82,74.2,78.5,2026-04-24 15:38:03.000000,2026-05-29,280.0,call,24.0,0.0,0.4508,353.6,0.045,0.045,0.045
UNH260529P00280000,0.48,0.11,0.64,2026-04-27 13:15:52.000000,2026-05-29,280.0,put,62.0,3.0,0.4163,353.6,0.045,0.045,0.045
UNH260529C00285000,68.46,68.1,73.75,2026-04-27 10:02:32.000000,2026-05-29,285.0,call,22.0,4.0,0.3404,353.6,0.045,0.045,0.045
UNH260529P00285000,0.49,0.43,0.81,2026-04-27 14:08:17.000000,2026-05-29,285.0,put,425.0,31.0,0.4256,353.6,0.045,0.045,0.045
UNH260529C00290000,65.42,65.2,68.8,2026-04-24 15:01:31.000000,2026-05-29,290.0,call,37.0,0.0,0.4561,353.6,0.045,0.045,0.045
UNH260529P00290000,0.58,0.5,0.87,2026-04-27 12:33:17.000000,2026-05-29,290.0,put,353.0,2.0,0.4052,353.6,0.045,0.045,0.045
UNH260529C00295000,61.0,58.15,63.95,2026-04-23 09:38:21.000000,2026-05-29,295.0,call,8.0,0.0,0.3142,353.6,0.045,0.045,0.045
UNH260529P00295000,0.76,0.1,0.8,2026-04-24 15:30:33.000000,2026-05-29,295.0,put,105.0,0.0,0.3486,353.6,0.045,0.045,0.045
UNH260529C00300000,54.63,53.55,59.0,2026-04-27 14:40:39.000000,2026-05-29,300.0,call,62.0,3.0,0.3216,353.6,0.045,0.045,0.045
UNH260529P00300000,0.85,0.55,1.0,2026-04-27 15:31:01.000000,2026-05-29,300.0,put,218.0,5.0,0.3583,353.6,0.045,0.045,0.045
UNH260529C00305000,50.24,48.75,54.05,2026-04-24 10:29:43.000000,2026-05-29,305.0,call,62.0,0.0,0.3078,353.6,0.045,0.045,0.045
UNH260529P00305000,1.22,0.78,1.4,2026-04-27 12:05:54.000000,2026-05-29,305.0,put,152.0,6.0,0.3554,353.6,0.045,0.045,0.045
UNH260529C00310000,44.98,44.85,49.65,2026-04-24 13:04:17.000000,2026-05-29,310.0,call,34.0,0.0,0.346,353.6,0.045,0.045,0.045
UNH260529P00310000,1.4,1.07,1.7,2026-04-27 15:27:56.000000,2026-05-29,310.0,put,23.0,14.0,0.346,353.6,0.045,0.045,0.045
UNH260529C00315000,42.23,41.45,44.5,2026-04-24 15:58:10.000000,2026-05-29,315.0,call,101.0,0.0,0.3538,353.6,0.045,0.045,0.045
UNH260529P00315000,1.73,1.35,2.01,2026-04-27 15:46:58.000000,2026-05-29,315.0,put,156.0,13.0,0.332,353.6,0.045,0.045,0.045
UNH260529C00320000,35.87,37.05,39.6,2026-04-27 14:40:39.000000,2026-05-29,320.0,call,269.0,11.0,0.3358,353.6,0.045,0.045,0.045
UNH260529P00320000,2.56,1.93,2.31,2026-04-27 13:35:53.000000,2026-05-29,320.0,put,199.0,8.0,0.3216,353.6,0.045,0.045,0.045
UNH260529C00325000,30.44,32.85,36.0,2026-04-27 13:08:53.000000,2026-05-29,325.0,call,130.0,6.0,0.3441,353.6,0.045,0.045,0.045
UNH260529P00325000,2.83,2.6,3.1,2026-04-27 15:46:58.000000,2026-05-29,325.0,put,92.0,20.0,0.3184,353.6,0.045,0.045,0.045
UNH260529C00330000,28.05,28.2,31.45,2026-04-27 14:41:13.000000,2026-05-29,330.0,call,165.0,13.0,0.32,353.6,0.045,0.045,0.045
UNH260529P00330000,3.8,3.2,4.1,2026-04-27 15:32:53.000000,2026-05-29,330.0,put,137.0,43.0,0.3112,353.6,0.045,0.045,0.045
UNH260529C00335000,24.82,23.55,27.3,2026-04-24 15:36:58.000000,2026-05-29,335.0,call,61.0,0.0,0.2996,353.6,0.045,0.045,0.045
UNH260529P00335000,5.55,4.05,5.2,2026-04-27 12:55:12.000000,2026-05-29,335.0,put,35.0,14.0,0.3036,353.6,0.045,0.045,0.045
UNH260529C00340000,21.9,20.75,23.15,2026-04-27 09:30:52.000000,2026-05-29,340.0,call,142.0,5.0,0.3015,353.6,0.045,0.045,0.045
UNH260529P00340000,6.6,5.3,6.4,2026-04-27 14:29:22.000000,2026-05-29,340.0,put,42.0,5.0,0.2969,353.6,0.045,0.045,0.045
UNH260529C00345000,15.51,17.7,19.6,2026-04-27 10:57:22.000000,2026-05-29,345.0,call,110.0,1.0,0.3,353.6,0.045,0.045,0.045
UNH260529P00345000,9.45,6.8,8.05,2026-04-27 12:09:35.000000,2026-05-29,345.0,put,40.0,6.0,0.2926,353.6,0.045,0.045,0.045
UNH260529C00350000,15.86,14.5,16.25,2026-04-27 15:42:24.000000,2026-05-29,350.0,call,290.0,41.0,0.2918,353.6,0.045,0.045,0.045
UNH260529P00350000,11.45,8.6,10.05,2026-04-27 11:32:57.000000,2026-05-29,350.0,put,290.0,26.0,0.289,353.6,0.045,0.045,0.045
UNH260529C00355000,12.78,12.15,13.75,2026-04-27 15:37:11.000000,2026-05-29,355.0,call,147.0,5.0,0.2968,353.6,0.045,0.045,0.045
UNH260529P00355000,13.3,10.75,12.4,2026-04-27 13:54:38.000000,2026-05-29,355.0,put,46.0,31.0,0.286,353.6,0.045,0.045,0.045
UNH260529C00360000,10.47,9.7,11.25,2026-04-27 15:46:45.000000,2026-05-29,360.0,call,137.0,46.0,0.2929,353.6,0.045,0.045,0.045
UNH260529P00360000,17.19,13.3,14.85,2026-04-27 11:14:32.000000,2026-05-29,360.0,put,9.0,1.0,0.2811,353.6,0.045,0.045,0.045
UNH260529C00365000,8.0,7.75,9.3,2026-04-27 15:30:13.000000,2026-05-29,365.0,call,86.0,19.0,0.2941,353.6,0.045,0.045,0.045
UNH260529P00365000,17.85,16.3,18.4,2026-04-23 11:08:20.000000,2026-05-29,365.0,put,7.0,0.0,0.2871,353.6,0.045,0.045,0.045
UNH260529C00370000,6.75,6.05,6.95,2026-04-27 15:49:22.000000,2026-05-29,370.0,call,274.0,36.0,0.2858,353.6,0.045,0.045,0.045
UNH260529P00370000,48.5,19.65,22.55,2026-04-20 11:46:26.000000,2026-05-29,370.0,put,5.0,0.0,0.2979,353.6,0.045,0.045,0.045
UNH260529C00375000,5.3,4.55,5.45,2026-04-27 15:57:19.000000,2026-05-29,375.0,call,214.0,22.0,0.2833,353.6,0.045,0.045,0.045
UNH260529P00375000,28.3,23.35,26.0,2026-04-21 12:50:55.000000,2026-05-29,375.0,put,2.0,0.0,0.2975,353.6,0.045,0.045,0.045
UNH260529C00380000,3.85,3.55,4.15,2026-04-27 15:58:37.000000,2026-05-29,380.0,call,870.0,16.0,0.2836,353.6,0.045,0.045,0.045
UNH260529P00380000,26.87,26.2,30.25,2026-04-22 11:23:18.000000,2026-05-29,380.0,put,11.0,0.0,0.288,353.6,0.045,0.045,0.045
UNH260529C00385000,2.62,2.46,3.45,2026-04-27 15:26:20.000000,2026-05-29,385.0,call,59.0,6.0,0.2842,353.6,0.045,0.045,0.045
UNH260529P00385000,0.0,29.7,33.75,2026-04-28 13:27:22.661538,2026-05-29,385.0,put,0.0,0.0,0.2638,353.6,0.045,0.045,0.045
UNH260529C00390000,2.23,1.83,2.5,2026-04-27 15:36:45.000000,2026-05-29,390.0,call,102.0,49.0,0.2824,353.6,0.045,0.045,0.045
UNH260529P00390000,43.0,34.1,37.85,2026-04-21 11:53:53.000000,2026-05-29,390.0,put,24.0,0.0,0.2539,353.6,0.045,0.045,0.045
UNH260529C00395000,1.8,1.31,2.18,2026-04-27 15:51:54.000000,2026-05-29,395.0,call,145.0,4.0,0.2895,353.6,0.045,0.045,0.045
UNH260529P00395000,0.0,38.8,43.35,2026-04-28 13:27:22.661566,2026-05-29,395.0,put,0.0,0.0,0.2842,353.6,0.045,0.045,0.045
UNH260529C00400000,1.32,0.84,1.57,2026-04-27 15:48:28.000000,2026-05-29,400.0,call,1503.0,49.0,0.2848,353.6,0.045,0.045,0.045
UNH260529P00400000,43.78,43.75,48.45,2026-04-22 11:23:18.000000,2026-05-29,400.0,put,2.0,0.0,0.3096,353.6,0.045,0.045,0.045
UNH260529C00405000,1.06,0.6,1.06,2026-04-27 15:59:34.000000,2026-05-29,405.0,call,34.0,13.0,0.2816,353.6,0.045,0.045,0.045
UNH260529P00405000,0.0,48.25,53.8,2026-04-28 13:27:22.661596,2026-05-29,405.0,put,0.0,0.0,0.328,353.6,0.045,0.045,0.045
UNH260529C00410000,0.74,0.34,0.94,2026-04-27 14:47:23.000000,2026-05-29,410.0,call,48.0,6.0,0.2864,353.6,0.045,0.045,0.045
UNH260529P00410000,0.0,53.1,58.6,2026-04-28 13:27:22.661610,2026-05-29,410.0,put,0.0,0.0,0.3376,353.6,0.045,0.045,0.045
UNH260529C00415000,0.59,0.48,0.8,2026-04-27 15:59:44.000000,2026-05-29,415.0,call,1.0,3.0,0.3059,353.6,0.045,0.045,0.045
UNH260529P00415000,0.0,56.1,64.75,2026-04-28 13:27:22.661624,2026-05-29,415.0,put,0.0,0.0,0.314,353.6,0.045,0.045,0.045
UNH260529C00420000,0.47,0.35,0.59,2026-04-27 15:55:44.000000,2026-05-29,420.0,call,10.0,2.0,0.3068,353.6,0.045,0.045,0.045
UNH260529P00420000,0.0,61.05,69.7,2026-04-28 13:27:22.661642,2026-05-29,420.0,put,0.0,0.0,0.3224,353.6,0.045,0.045,0.045
UNH260529C00425000,0.01,0.02,1.03,2026-04-27 14:58:23.000000,2026-05-29,425.0,call,0.0,8.0,0.3306,353.6,0.045,0.045,0.045
UNH260529P00425000,0.0,66.05,74.45,2026-04-28 13:27:22.663030,2026-05-29,425.0,put,0.0,0.0,0.3338002833559458,353.6,0.045,0.045,0.045
UNH260529C00430000,1.5,0.2,1.39,2026-04-27 14:14:42.000000,2026-05-29,430.0,call,0.0,7.0,0.3763,353.6,0.045,0.045,0.045
UNH260529P00430000,0.0,71.2,79.65,2026-04-28 13:27:22.663062,2026-05-29,430.0,put,0.0,0.0,0.3699,353.6,0.045,0.045,0.045
UNH260605C00180000,0.0,171.0,180.0,2026-04-28 13:27:22.664200,2026-06-05,180.0,call,0.0,0.0,1.12307416131877,353.6,0.045,0.045,0.045
UNH260605P00180000,0.0,0.0,4.3,2026-04-28 13:27:22.664217,2026-06-05,180.0,put,0.0,0.0,1.2709,353.6,0.045,0.045,0.045
UNH260605C00185000,0.0,166.0,175.2,2026-04-28 13:27:22.665348,2026-06-05,185.0,call,0.0,0.0,1.0960096270294803,353.6,0.045,0.045,0.045
UNH260605P00185000,0.0,0.0,4.3,2026-04-28 13:27:22.665365,2026-06-05,185.0,put,0.0,0.0,1.2264,353.6,0.045,0.045,0.045
UNH260605C00190000,0.0,161.0,170.05,2026-04-28 13:27:22.666491,2026-06-05,190.0,call,0.0,0.0,1.0396912527200846,353.6,0.045,0.045,0.045
UNH260605P00190000,0.0,0.0,4.3,2026-04-28 13:27:22.666508,2026-06-05,190.0,put,0.0,0.0,1.183,353.6,0.045,0.045,0.045
UNH260605C00195000,0.0,156.0,165.05,2026-04-28 13:27:22.667650,2026-06-05,195.0,call,0.0,0.0,0.9975271176152605,353.6,0.045,0.045,0.045
UNH260605P00195000,0.0,0.0,4.3,2026-04-28 13:27:22.667666,2026-06-05,195.0,put,0.0,0.0,1.1407,353.6,0.045,0.045,0.045
UNH260605C00200000,0.0,151.25,159.9,2026-04-28 13:27:22.667679,2026-06-05,200.0,call,0.0,0.0,0.4873,353.6,0.045,0.045,0.045
UNH260605P00200000,0.0,0.0,4.3,2026-04-28 13:27:22.667690,2026-06-05,200.0,put,0.0,0.0,1.0994,353.6,0.045,0.045,0.045
UNH260605C00205000,0.0,146.25,154.9,2026-04-28 13:27:22.668769,2026-06-05,205.0,call,0.0,0.0,0.9245760700033158,353.6,0.045,0.045,0.045
UNH260605P00205000,0.0,0.0,4.3,2026-04-28 13:27:22.668785,2026-06-05,205.0,put,0.0,0.0,1.059,353.6,0.045,0.045,0.045
UNH260605C00210000,0.0,141.3,149.95,2026-04-28 13:27:22.669848,2026-06-05,210.0,call,0.0,0.0,0.8931584282609532,353.6,0.045,0.045,0.045
UNH260605P00210000,0.0,0.0,4.3,2026-04-28 13:27:22.669865,2026-06-05,210.0,put,0.0,0.0,1.0196,353.6,0.045,0.045,0.045
UNH260605C00215000,0.0,136.35,145.0,2026-04-28 13:27:22.669877,2026-06-05,215.0,call,0.0,0.0,0.5478,353.6,0.045,0.045,0.045
UNH260605P00215000,0.0,0.0,4.3,2026-04-28 13:27:22.669889,2026-06-05,215.0,put,0.0,0.0,0.981,353.6,0.045,0.045,0.045
UNH260605C00220000,0.0,131.35,140.0,2026-04-28 13:27:22.669897,2026-06-05,220.0,call,0.0,0.0,0.4747,353.6,0.045,0.045,0.045
UNH260605P00220000,0.0,0.0,4.3,2026-04-28 13:27:22.669905,2026-06-05,220.0,put,0.0,0.0,0.9429,353.6,0.045,0.045,0.045
UNH260605C00225000,0.0,126.4,135.05,2026-04-28 13:27:22.669913,2026-06-05,225.0,call,0.0,0.0,0.508,353.6,0.045,0.045,0.045
UNH260605P00225000,0.0,0.0,4.3,2026-04-28 13:27:22.669921,2026-06-05,225.0,put,0.0,0.0,0.9059,353.6,0.045,0.045,0.045
UNH260605C00230000,0.0,121.4,130.05,2026-04-28 13:27:22.669928,2026-06-05,230.0,call,0.0,0.0,0.4467,353.6,0.045,0.045,0.045
UNH260605P00230000,0.0,0.0,4.3,2026-04-28 13:27:22.669936,2026-06-05,230.0,put,0.0,0.0,0.8696,353.6,0.045,0.045,0.045
UNH260605C00235000,0.0,116.45,125.1,2026-04-28 13:27:22.669942,2026-06-05,235.0,call,0.0,0.0,0.4686,353.6,0.045,0.045,0.045
UNH260605P00235000,0.0,0.0,4.3,2026-04-28 13:27:22.669949,2026-06-05,235.0,put,0.0,0.0,0.8339,353.6,0.045,0.045,0.045
UNH260605C00240000,0.0,111.5,120.15,2026-04-28 13:27:22.669956,2026-06-05,240.0,call,0.0,0.0,0.4705,353.6,0.045,0.045,0.045
UNH260605P00240000,0.0,0.0,3.0,2026-04-28 13:27:22.669963,2026-06-05,240.0,put,0.0,0.0,0.7397,353.6,0.045,0.045,0.045
UNH260605C00245000,0.0,106.55,115.2,2026-04-28 13:27:22.669970,2026-06-05,245.0,call,0.0,0.0,0.4649,353.6,0.045,0.045,0.045
UNH260605P00245000,0.0,0.0,4.35,2026-04-28 13:27:22.669977,2026-06-05,245.0,put,0.0,0.0,0.7664,353.6,0.045,0.045,0.045
UNH260605C00250000,0.0,101.6,110.25,2026-04-28 13:27:22.669984,2026-06-05,250.0,call,0.0,0.0,0.4554,353.6,0.045,0.045,0.045
UNH260605P00250000,0.0,0.0,4.35,2026-04-28 13:27:22.669992,2026-06-05,250.0,put,0.0,0.0,0.7325,353.6,0.045,0.045,0.045
UNH260605C00255000,0.0,96.65,105.3,2026-04-28 13:27:22.669999,2026-06-05,255.0,call,0.0,0.0,0.4085,353.6,0.045,0.045,0.045
UNH260605P00255000,0.0,0.0,4.4,2026-04-28 13:27:22.670006,2026-06-05,255.0,put,0.0,0.0,0.7009,353.6,0.045,0.045,0.045
UNH260605C00260000,0.0,91.7,100.35,2026-04-28 13:27:22.670013,2026-06-05,260.0,call,0.0,0.0,0.4294,353.6,0.045,0.045,0.045
UNH260605P00260000,0.0,0.0,0.54,2026-04-28 13:27:22.670021,2026-06-05,260.0,put,0.0,0.0,0.4544,353.6,0.045,0.045,0.045
UNH260605C00265000,0.0,87.0,95.4,2026-04-28 13:27:22.670028,2026-06-05,265.0,call,0.0,0.0,0.4435,353.6,0.045,0.045,0.045
UNH260605P00265000,0.35,0.0,0.66,2026-04-24 15:53:30.000000,2026-06-05,265.0,put,250.0,0.0,0.4431,353.6,0.045,0.045,0.045
UNH260605C00270000,0.0,82.0,90.5,2026-04-28 13:27:22.670044,2026-06-05,270.0,call,0.0,0.0,0.4242,353.6,0.045,0.045,0.045
UNH260605P00270000,0.5,0.01,0.63,2026-04-27 15:24:34.000000,2026-06-05,270.0,put,250.0,2.0,0.4167,353.6,0.045,0.045,0.045
UNH260605C00275000,78.27,78.2,84.4,2026-04-27 10:38:16.000000,2026-06-05,275.0,call,0.0,4.0,0.4046,353.6,0.045,0.045,0.045
UNH260605P00275000,0.61,0.0,1.15,2026-04-24 12:51:35.000000,2026-06-05,275.0,put,50.0,0.0,0.432,353.6,0.045,0.045,0.045
UNH260605C00280000,0.0,73.3,79.15,2026-04-28 13:27:22.670076,2026-06-05,280.0,call,0.0,0.0,0.3631,353.6,0.045,0.045,0.045
UNH260605P00280000,0.56,0.02,1.04,2026-04-27 14:32:39.000000,2026-06-05,280.0,put,0.0,9.0,0.4006,353.6,0.045,0.045,0.045
UNH260605C00285000,0.0,68.45,74.2,2026-04-28 13:27:22.670091,2026-06-05,285.0,call,0.0,0.0,0.353,353.6,0.045,0.045,0.045
UNH260605P00285000,0.62,0.44,1.0,2026-04-27 14:58:31.000000,2026-06-05,285.0,put,250.0,31.0,0.3973,353.6,0.045,0.045,0.045
UNH260605C00290000,64.0,63.4,69.4,2026-04-27 10:40:19.000000,2026-06-05,290.0,call,0.0,2.0,0.337,353.6,0.045,0.045,0.045
UNH260605P00290000,0.82,0.0,1.17,2026-04-27 12:33:17.000000,2026-06-05,290.0,put,251.0,2.0,0.3571,353.6,0.045,0.045,0.045
UNH260605C00295000,58.58,58.6,64.85,2026-04-27 10:59:57.000000,2026-06-05,295.0,call,0.0,1.0,0.3465,353.6,0.045,0.045,0.045
UNH260605P00295000,1.14,0.31,1.41,2026-04-27 15:24:34.000000,2026-06-05,295.0,put,0.0,4.0,0.3585,353.6,0.045,0.045,0.045
UNH260605C00300000,57.25,54.05,59.4,2026-04-23 11:07:52.000000,2026-06-05,300.0,call,1.0,0.0,0.319,353.6,0.045,0.045,0.045
UNH260605P00300000,1.35,0.0,2.92,2026-04-23 13:33:04.000000,2026-06-05,300.0,put,1.0,0.0,0.375,353.6,0.045,0.045,0.045
UNH260605C00305000,0.0,49.35,55.5,2026-04-28 13:27:22.670146,2026-06-05,305.0,call,0.0,0.0,0.3423,353.6,0.045,0.045,0.045
UNH260605P00305000,0.0,0.0,3.55,2026-04-28 13:27:22.670153,2026-06-05,305.0,put,0.0,0.0,0.3646,353.6,0.045,0.045,0.045
UNH260605C00310000,48.74,46.15,49.4,2026-04-27 15:54:33.000000,2026-06-05,310.0,call,2.0,2.0,0.3325,353.6,0.045,0.045,0.045
UNH260605P00310000,1.81,1.51,2.37,2026-04-27 15:47:37.000000,2026-06-05,310.0,put,0.0,15.0,0.3436,353.6,0.045,0.045,0.045
UNH260605C00315000,42.41,41.3,46.1,2026-04-24 10:30:49.000000,2026-06-05,315.0,call,1.0,0.0,0.3444,353.6,0.045,0.045,0.045
UNH260605P00315000,2.43,1.87,2.7,2026-04-27 15:24:13.000000,2026-06-05,315.0,put,1.0,7.0,0.3301,353.6,0.045,0.045,0.045
UNH260605C00320000,39.51,37.9,42.9,2026-04-27 15:49:37.000000,2026-06-05,320.0,call,2.0,6.0,0.3738,353.6,0.045,0.045,0.045
UNH260605P00320000,3.37,2.59,3.9,2026-04-27 10:49:33.000000,2026-06-05,320.0,put,0.0,6.0,0.3367,353.6,0.045,0.045,0.045
UNH260605C00325000,35.52,32.9,37.35,2026-04-27 15:51:19.000000,2026-06-05,325.0,call,5.0,9.0,0.3291,353.6,0.045,0.045,0.045
UNH260605P00325000,3.85,3.05,4.25,2026-04-27 15:23:30.000000,2026-06-05,325.0,put,25.0,10.0,0.3175,353.6,0.045,0.045,0.045
UNH260605C00330000,29.54,28.55,33.25,2026-04-27 09:54:22.000000,2026-06-05,330.0,call,6.0,1.0,0.3171,353.6,0.045,0.045,0.045
UNH260605P00330000,4.58,4.1,5.1,2026-04-27 15:59:17.000000,2026-06-05,330.0,put,1.0,9.0,0.312,353.6,0.045,0.045,0.045
UNH260605C00335000,25.4,25.65,27.85,2026-04-27 09:53:26.000000,2026-06-05,335.0,call,6.0,2.0,0.3033,353.6,0.045,0.045,0.045
UNH260605P00335000,5.63,5.15,6.35,2026-04-27 15:59:17.000000,2026-06-05,335.0,put,4.0,5.0,0.307,353.6,0.045,0.045,0.045
UNH260605C00340000,19.69,20.7,25.2,2026-04-27 11:04:56.000000,2026-06-05,340.0,call,0.0,3.0,0.2913,353.6,0.045,0.045,0.045
UNH260605P00340000,8.5,6.1,7.75,2026-04-27 11:43:20.000000,2026-06-05,340.0,put,2.0,10.0,0.2976,353.6,0.045,0.045,0.045
UNH260605C00345000,17.95,18.75,21.45,2026-04-27 13:55:28.000000,2026-06-05,345.0,call,101.0,2.0,0.3023,353.6,0.045,0.045,0.045
UNH260605P00345000,10.63,7.95,9.45,2026-04-27 11:49:33.000000,2026-06-05,345.0,put,0.0,3.0,0.2966,353.6,0.045,0.045,0.045
UNH260605C00350000,17.2,15.95,18.3,2026-04-27 15:40:07.000000,2026-06-05,350.0,call,25.0,29.0,0.3004,353.6,0.045,0.045,0.045
UNH260605P00350000,11.16,9.75,11.2,2026-04-27 14:58:31.000000,2026-06-05,350.0,put,2.0,3.0,0.2894,353.6,0.045,0.045,0.045
UNH260605C00355000,14.77,13.65,15.0,2026-04-27 15:52:47.000000,2026-06-05,355.0,call,13.0,6.0,0.296,353.6,0.045,0.045,0.045
UNH260605P00355000,12.62,11.95,13.55,2026-04-27 15:47:37.000000,2026-06-05,355.0,put,9.0,7.0,0.2869,353.6,0.045,0.045,0.045
UNH260605C00360000,10.18,10.95,12.2,2026-04-27 13:35:37.000000,2026-06-05,360.0,call,12.0,36.0,0.2868,353.6,0.045,0.045,0.045
UNH260605P00360000,17.48,14.5,16.25,2026-04-24 12:46:33.000000,2026-06-05,360.0,put,2.0,0.0,0.2855,353.6,0.045,0.045,0.045
UNH260605C00365000,8.95,9.15,10.6,2026-04-27 15:00:11.000000,2026-06-05,365.0,call,1.0,2.0,0.2942,353.6,0.045,0.045,0.045
UNH260605P00365000,0.0,17.35,19.15,2026-04-28 13:27:22.670312,2026-06-05,365.0,put,0.0,0.0,0.283,353.6,0.045,0.045,0.045
UNH260605C00370000,7.11,7.35,8.7,2026-04-27 10:35:51.000000,2026-06-05,370.0,call,3.0,1.0,0.2924,353.6,0.045,0.045,0.045
UNH260605P00370000,22.5,20.55,22.4,2026-04-27 09:30:23.000000,2026-06-05,370.0,put,0.0,2.0,0.2818,353.6,0.045,0.045,0.045
UNH260605C00375000,6.16,5.8,7.1,2026-04-27 15:38:26.000000,2026-06-05,375.0,call,8.0,6.0,0.291,353.6,0.045,0.045,0.045
UNH260605P00375000,0.0,24.1,29.15,2026-04-28 13:27:22.670339,2026-06-05,375.0,put,0.0,0.0,0.3235,353.6,0.045,0.045,0.045
UNH260605C00380000,5.08,4.2,5.95,2026-04-27 15:51:19.000000,2026-06-05,380.0,call,6.0,9.0,0.2884,353.6,0.045,0.045,0.045
UNH260605P00380000,30.55,26.6,32.8,2026-04-27 10:38:10.000000,2026-06-05,380.0,put,0.0,4.0,0.3056,353.6,0.045,0.045,0.045
UNH260605C00385000,4.03,3.5,4.3,2026-04-27 15:49:37.000000,2026-06-05,385.0,call,1.0,58.0,0.2853,353.6,0.045,0.045,0.045
UNH260605P00385000,0.0,30.9,34.45,2026-04-28 13:27:22.670367,2026-06-05,385.0,put,0.0,0.0,0.276,353.6,0.045,0.045,0.045
UNH260605C00390000,0.0,2.47,3.7,2026-04-28 13:27:22.670374,2026-06-05,390.0,call,0.0,0.0,0.2863,353.6,0.045,0.045,0.045
UNH260605P00390000,0.0,34.7,38.25,2026-04-28 13:27:22.670381,2026-06-05,390.0,put,0.0,0.0,0.258,353.6,0.045,0.045,0.045
UNH260605C00395000,2.27,1.93,3.25,2026-04-27 14:57:55.000000,2026-06-05,395.0,call,3.0,4.0,0.2942,353.6,0.045,0.045,0.045
UNH260605P00395000,0.0,38.95,43.6,2026-04-28 13:27:22.670395,2026-06-05,395.0,put,0.0,0.0,0.2725,353.6,0.045,0.045,0.045
UNH260605C00400000,2.01,1.34,2.47,2026-04-27 15:55:35.000000,2026-06-05,400.0,call,34.0,23.0,0.29,353.6,0.045,0.045,0.045
UNH260605P00400000,0.0,43.5,49.4,2026-04-28 13:27:22.670411,2026-06-05,400.0,put,0.0,0.0,0.3033,353.6,0.045,0.045,0.045
UNH260605C00405000,0.0,0.01,5.65,2026-04-28 13:27:22.670417,2026-06-05,405.0,call,0.0,0.0,0.3496,353.6,0.045,0.045,0.045
UNH260605P00405000,55.5,48.4,53.8,2026-04-27 11:48:33.000000,2026-06-05,405.0,put,1.0,1.0,0.3072,353.6,0.045,0.045,0.045
UNH260605C00410000,0.0,0.01,5.35,2026-04-28 13:27:22.670431,2026-06-05,410.0,call,0.0,0.0,0.3659,353.6,0.045,0.045,0.045
UNH260605P00410000,0.0,52.9,58.75,2026-04-28 13:27:22.670439,2026-06-05,410.0,put,0.0,0.0,0.3103,353.6,0.045,0.045,0.045
UNH260605C00415000,0.0,0.0,4.8,2026-04-28 13:27:22.670446,2026-06-05,415.0,call,0.0,0.0,0.3755,353.6,0.045,0.045,0.045
UNH260605P00415000,0.0,57.75,63.6,2026-04-28 13:27:22.670452,2026-06-05,415.0,put,0.0,0.0,0.3182,353.6,0.045,0.045,0.045
UNH260605C00420000,0.0,0.01,4.95,2026-04-28 13:27:22.670459,2026-06-05,420.0,call,0.0,0.0,0.3996,353.6,0.045,0.045,0.045
UNH260605P00420000,0.0,62.4,68.5,2026-04-28 13:27:22.670467,2026-06-05,420.0,put,0.0,0.0,0.3124,353.6,0.045,0.045,0.045
UNH260605C00425000,0.0,0.01,4.8,2026-04-28 13:27:22.670474,2026-06-05,425.0,call,0.0,0.0,0.4162,353.6,0.045,0.045,0.045
UNH260605P00425000,0.0,66.2,73.55,2026-04-28 13:27:22.671843,2026-06-05,425.0,put,0.0,0.0,0.29922482076479245,353.6,0.045,0.045,0.045
UNH260605C00430000,0.0,0.0,4.65,2026-04-28 13:27:22.671859,2026-06-05,430.0,call,0.0,0.0,0.4319,353.6,0.045,0.045,0.045
UNH260605P00430000,0.0,71.2,79.0,2026-04-28 13:27:22.673153,2026-06-05,430.0,put,0.0,0.0,0.3403504861750747,353.6,0.045,0.045,0.045
UNH260618C00125000,223.75,227.15,233.7,2026-04-21 11:54:25.000000,2026-06-18,125.0,call,183.0,0.0,1.43103848108815,353.6,0.045,0.045,0.045
UNH260618P00125000,0.01,0.0,0.09,2026-04-24 09:46:08.000000,2026-06-18,125.0,put,976.0,0.0,0.9674,353.6,0.045,0.045,0.045
UNH260618C00130000,225.0,222.4,227.6,2026-04-22 09:34:05.000000,2026-06-18,130.0,call,228.0,0.0,1.2637621961404526,353.6,0.045,0.045,0.045
UNH260618P00130000,0.1,0.01,0.08,2026-04-27 10:39:43.000000,2026-06-18,130.0,put,1070.0,1.0,0.9325,353.6,0.045,0.045,0.045
UNH260618C00135000,216.5,217.25,224.25,2026-04-21 12:59:04.000000,2026-06-18,135.0,call,121.0,0.0,1.0457,353.6,0.045,0.045,0.045
UNH260618P00135000,0.01,0.01,0.03,2026-04-27 10:40:19.000000,2026-06-18,135.0,put,896.0,2.0,0.8378,353.6,0.045,0.045,0.045
UNH260618C00140000,211.45,212.25,218.8,2026-04-21 12:59:11.000000,2026-06-18,140.0,call,134.0,0.0,1.2882247401816662,353.6,0.045,0.045,0.045
UNH260618P00140000,0.14,0.0,4.3,2026-03-03 15:56:42.000000,2026-06-18,140.0,put,12.0,0.0,1.4502,353.6,0.045,0.045,0.045
UNH260618C00145000,207.45,206.2,214.85,2026-04-21 13:42:55.000000,2026-06-18,145.0,call,78.0,0.0,1.2374644989559422,353.6,0.045,0.045,0.045
UNH260618P00145000,0.24,0.0,4.3,2026-04-02 14:12:47.000000,2026-06-18,145.0,put,91.0,0.0,1.4006,353.6,0.045,0.045,0.045
UNH260618C00150000,203.04,204.5,208.25,2026-04-24 12:28:27.000000,2026-06-18,150.0,call,134.0,0.0,1.1467,353.6,0.045,0.045,0.045
UNH260618P00150000,0.18,0.0,0.42,2026-04-07 14:18:34.000000,2026-06-18,150.0,put,116.0,0.0,0.9473,353.6,0.045,0.045,0.045
UNH260618C00155000,197.8,199.5,204.3,2026-04-24 12:29:22.000000,2026-06-18,155.0,call,191.0,0.0,1.2065,353.6,0.045,0.045,0.045
UNH260618P00155000,0.05,0.0,1.45,2026-04-20 15:37:03.000000,2026-06-18,155.0,put,18.0,0.0,1.0811,353.6,0.045,0.045,0.045
UNH260618C00160000,191.8,192.55,199.15,2026-04-27 13:38:18.000000,2026-06-18,160.0,call,507.0,1.0,0.8486,353.6,0.045,0.045,0.045
UNH260618P00160000,0.05,0.0,0.8,2026-04-24 12:23:42.000000,2026-06-18,160.0,put,326.0,0.0,0.9568,353.6,0.045,0.045,0.045
UNH260618C00165000,185.05,189.55,193.95,2026-04-21 11:57:12.000000,2026-06-18,165.0,call,187.0,0.0,1.0891,353.6,0.045,0.045,0.045
UNH260618P00165000,0.11,0.02,0.11,2026-04-27 15:55:09.000000,2026-06-18,165.0,put,163.0,195.0,0.7467,353.6,0.045,0.045,0.045
UNH260618C00170000,183.35,184.65,187.95,2026-04-22 09:31:24.000000,2026-06-18,170.0,call,153.0,0.0,0.9494,353.6,0.045,0.045,0.045
UNH260618P00170000,0.15,0.03,0.25,2026-04-27 13:58:47.000000,2026-06-18,170.0,put,303.0,73.0,0.7805,353.6,0.045,0.045,0.045
UNH260618C00175000,177.95,177.65,184.9,2026-04-21 12:18:00.000000,2026-06-18,175.0,call,140.0,0.0,0.9015,353.6,0.045,0.045,0.045
UNH260618P00175000,0.08,0.0,0.1,2026-04-27 10:17:34.000000,2026-06-18,175.0,put,84.0,10.0,0.6751,353.6,0.045,0.045,0.045
UNH260618C00180000,171.7,172.7,179.25,2026-04-21 12:59:07.000000,2026-06-18,180.0,call,286.0,0.0,0.7429,353.6,0.045,0.045,0.045
UNH260618P00180000,0.06,0.0,0.12,2026-04-22 15:52:59.000000,2026-06-18,180.0,put,924.0,0.0,0.6615,353.6,0.045,0.045,0.045
UNH260618C00185000,166.3,166.85,175.15,2026-04-21 12:38:52.000000,2026-06-18,185.0,call,71.0,0.0,0.7143,353.6,0.045,0.045,0.045
UNH260618P00185000,0.06,0.02,0.1,2026-04-27 13:37:08.000000,2026-06-18,185.0,put,2210.0,50.0,0.6365,353.6,0.045,0.045,0.045
UNH260618C00190000,166.05,164.95,168.5,2026-04-24 15:46:59.000000,2026-06-18,190.0,call,167.0,0.0,0.8823,353.6,0.045,0.045,0.045
UNH260618P00190000,0.11,0.0,0.51,2026-04-24 15:06:25.000000,2026-06-18,190.0,put,551.0,0.0,0.7211,353.6,0.045,0.045,0.045
UNH260618C00195000,156.8,158.85,165.05,2026-04-21 12:57:13.000000,2026-06-18,195.0,call,106.0,0.0,0.8812,353.6,0.045,0.045,0.045
UNH260618P00195000,0.06,0.02,0.1,2026-04-27 13:58:58.000000,2026-06-18,195.0,put,9855.0,17.0,0.5883,353.6,0.045,0.045,0.045
UNH260618C00200000,156.2,153.75,157.95,2026-04-24 15:47:04.000000,2026-06-18,200.0,call,493.0,0.0,0.8285401609739012,353.6,0.045,0.045,0.045
UNH260618P00200000,0.11,0.05,0.13,2026-04-27 13:53:48.000000,2026-06-18,200.0,put,12121.0,59.0,0.5896,353.6,0.045,0.045,0.045
UNH260618C00210000,144.2,144.85,148.3,2026-04-23 09:42:04.000000,2026-06-18,210.0,call,809.0,0.0,0.7138,353.6,0.045,0.045,0.045
UNH260618P00210000,0.2,0.1,0.2,2026-04-27 15:53:02.000000,2026-06-18,210.0,put,4347.0,1.0,0.5757,353.6,0.045,0.045,0.045
UNH260618C00220000,131.63,134.0,139.0,2026-04-27 12:00:56.000000,2026-06-18,220.0,call,1110.0,1.0,0.6334,353.6,0.045,0.045,0.045
UNH260618P00220000,0.16,0.11,0.41,2026-04-27 15:32:37.000000,2026-06-18,220.0,put,2228.0,5.0,0.5672,353.6,0.045,0.045,0.045
UNH260618C00230000,125.85,123.05,128.7,2026-04-24 15:45:03.000000,2026-06-18,230.0,call,765.0,0.0,0.630324070341613,353.6,0.045,0.045,0.045
UNH260618P00230000,0.2,0.17,0.25,2026-04-27 15:23:18.000000,2026-06-18,230.0,put,1932.0,31.0,0.5051,353.6,0.045,0.045,0.045
UNH260618C00240000,114.0,113.6,119.1,2026-04-27 14:44:24.000000,2026-06-18,240.0,call,370.0,3.0,0.4713,353.6,0.045,0.045,0.045
UNH260618P00240000,0.25,0.2,0.48,2026-04-27 15:24:44.000000,2026-06-18,240.0,put,4182.0,2.0,0.4923,353.6,0.045,0.045,0.045
UNH260618C00250000,102.4,103.6,108.7,2026-04-27 10:51:00.000000,2026-06-18,250.0,call,549.0,3.0,0.541690866878508,353.6,0.045,0.045,0.045
UNH260618P00250000,0.39,0.35,0.49,2026-04-27 15:06:34.000000,2026-06-18,250.0,put,6722.0,26.0,0.4612,353.6,0.045,0.045,0.045
UNH260618C00260000,92.35,94.65,98.4,2026-04-27 10:51:23.000000,2026-06-18,260.0,call,487.0,8.0,0.4025,353.6,0.045,0.045,0.045
UNH260618P00260000,0.55,0.51,0.59,2026-04-27 13:29:49.000000,2026-06-18,260.0,put,4137.0,22.0,0.4346,353.6,0.045,0.045,0.045
UNH260618C00270000,85.19,84.95,88.85,2026-04-27 14:43:49.000000,2026-06-18,270.0,call,898.0,2.0,0.4098,353.6,0.045,0.045,0.045
UNH260618P00270000,0.74,0.53,0.82,2026-04-27 15:44:25.000000,2026-06-18,270.0,put,4631.0,40.0,0.4032,353.6,0.045,0.045,0.045
UNH260618C00280000,72.49,73.55,78.3,2026-04-27 12:42:51.000000,2026-06-18,280.0,call,2177.0,7.0,0.35343343395563526,353.6,0.045,0.045,0.045
UNH260618P00280000,0.96,0.96,1.09,2026-04-27 15:57:44.000000,2026-06-18,280.0,put,12015.0,145.0,0.388,353.6,0.045,0.045,0.045
UNH260618C00290000,66.98,65.0,68.4,2026-04-27 15:29:09.000000,2026-06-18,290.0,call,3438.0,7.0,0.2817,353.6,0.045,0.045,0.045
UNH260618P00290000,1.62,1.21,1.81,2026-04-27 15:29:01.000000,2026-06-18,290.0,put,4055.0,36.0,0.3715,353.6,0.045,0.045,0.045
UNH260618C00300000,58.25,55.95,59.45,2026-04-27 15:41:55.000000,2026-06-18,300.0,call,7153.0,81.0,0.3222,353.6,0.045,0.045,0.045
UNH260618P00300000,2.1,1.9,2.1,2026-04-27 15:45:54.000000,2026-06-18,300.0,put,5375.0,71.0,0.3461,353.6,0.045,0.045,0.045
UNH260618C00310000,49.33,48.05,49.4,2026-04-27 15:54:51.000000,2026-06-18,310.0,call,2504.0,39.0,0.319,353.6,0.045,0.045,0.045
UNH260618P00310000,3.05,2.62,3.15,2026-04-27 15:27:24.000000,2026-06-18,310.0,put,3237.0,184.0,0.3282,353.6,0.045,0.045,0.045
UNH260618C00320000,40.0,39.45,40.6,2026-04-27 15:30:20.000000,2026-06-18,320.0,call,3138.0,160.0,0.3084,353.6,0.045,0.045,0.045
UNH260618P00320000,4.3,4.05,4.7,2026-04-27 15:44:32.000000,2026-06-18,320.0,put,3096.0,817.0,0.3178,353.6,0.045,0.045,0.045
UNH260618C00330000,32.56,31.75,32.8,2026-04-27 15:42:21.000000,2026-06-18,330.0,call,3935.0,33.0,0.3075,353.6,0.045,0.045,0.045
UNH260618P00330000,6.39,6.15,6.6,2026-04-27 15:57:44.000000,2026-06-18,330.0,put,2498.0,321.0,0.3054,353.6,0.045,0.045,0.045
UNH260618C00340000,25.13,24.35,26.0,2026-04-27 15:59:21.000000,2026-06-18,340.0,call,2669.0,60.0,0.3023,353.6,0.045,0.045,0.045
UNH260618P00340000,9.15,8.95,9.65,2026-04-27 15:50:28.000000,2026-06-18,340.0,put,2883.0,98.0,0.2974,353.6,0.045,0.045,0.045
UNH260618C00350000,19.35,18.15,19.2,2026-04-27 15:43:03.000000,2026-06-18,350.0,call,6490.0,369.0,0.2917,353.6,0.045,0.045,0.045
UNH260618P00350000,13.0,12.75,13.65,2026-04-27 15:56:35.000000,2026-06-18,350.0,put,2474.0,389.0,0.291,353.6,0.045,0.045,0.045
UNH260618C00360000,13.88,13.4,13.9,2026-04-27 15:57:40.000000,2026-06-18,360.0,call,4815.0,391.0,0.2897,353.6,0.045,0.045,0.045
UNH260618P00360000,18.2,17.7,19.05,2026-04-27 15:59:05.000000,2026-06-18,360.0,put,1171.0,78.0,0.29,353.6,0.045,0.045,0.045
UNH260618C00370000,9.4,9.5,9.95,2026-04-27 15:30:37.000000,2026-06-18,370.0,call,2468.0,283.0,0.2896,353.6,0.045,0.045,0.045
UNH260618P00370000,25.02,23.8,24.75,2026-04-27 14:49:37.000000,2026-06-18,370.0,put,962.0,17.0,0.2836,353.6,0.045,0.045,0.045
UNH260618C00380000,6.85,6.35,6.8,2026-04-27 15:46:46.000000,2026-06-18,380.0,call,6748.0,485.0,0.2863,353.6,0.045,0.045,0.045
UNH260618P00380000,35.44,29.8,31.85,2026-04-27 11:06:10.000000,2026-06-18,380.0,put,298.0,2.0,0.2701,353.6,0.045,0.045,0.045
UNH260618C00390000,4.5,4.1,4.6,2026-04-27 15:47:03.000000,2026-06-18,390.0,call,2139.0,659.0,0.2854,353.6,0.045,0.045,0.045
UNH260618P00390000,42.68,37.7,40.1,2026-04-27 13:23:28.000000,2026-06-18,390.0,put,39.0,13.0,0.2722,353.6,0.045,0.045,0.045
UNH260618C00400000,2.93,2.85,3.0,2026-04-27 15:58:45.000000,2026-06-18,400.0,call,13763.0,1794.0,0.289,353.6,0.045,0.045,0.045
UNH260618P00400000,52.26,46.0,48.65,2026-04-27 11:28:32.000000,2026-06-18,400.0,put,92.0,2.0,0.2658,353.6,0.045,0.045,0.045
UNH260618C00410000,1.92,1.83,1.99,2026-04-27 15:59:03.000000,2026-06-18,410.0,call,5998.0,654.0,0.2912,353.6,0.045,0.045,0.045
UNH260618P00410000,58.5,55.1,57.6,2026-04-24 13:25:53.000000,2026-06-18,410.0,put,18.0,0.0,0.2618,353.6,0.045,0.045,0.045
UNH260618C00420000,1.28,1.28,1.49,2026-04-27 15:59:24.000000,2026-06-18,420.0,call,7189.0,1784.0,0.3019,353.6,0.045,0.045,0.045
UNH260618P00420000,70.02,64.2,67.8,2026-04-27 12:10:44.000000,2026-06-18,420.0,put,15.0,1.0,0.276,353.6,0.045,0.045,0.045
UNH260618C00430000,0.85,0.84,0.91,2026-04-27 15:28:37.000000,2026-06-18,430.0,call,2326.0,24.0,0.3029,353.6,0.045,0.045,0.045
UNH260618P00430000,79.5,73.75,79.0,2026-04-21 12:38:33.000000,2026-06-18,430.0,put,9.0,0.0,0.3323,353.6,0.045,0.045,0.045
UNH260618C00440000,0.57,0.49,0.83,2026-04-27 14:32:08.000000,2026-06-18,440.0,call,674.0,21.0,0.3146,353.6,0.045,0.045,0.045
UNH260618P00440000,85.58,83.45,88.75,2026-04-23 11:49:54.000000,2026-06-18,440.0,put,4.0,0.0,0.3483,353.6,0.045,0.045,0.045
UNH260618C00450000,0.44,0.35,0.5,2026-04-27 15:49:50.000000,2026-06-18,450.0,call,4493.0,548.0,0.3169,353.6,0.045,0.045,0.045
UNH260618P00450000,181.85,93.4,98.6,2026-03-31 15:52:17.000000,2026-06-18,450.0,put,5.0,0.0,0.373,353.6,0.045,0.045,0.045
UNH260618C00460000,0.32,0.25,0.36,2026-04-27 15:58:28.000000,2026-06-18,460.0,call,1024.0,48.0,0.3247,353.6,0.045,0.045,0.045
UNH260618P00460000,191.03,101.15,109.8,2026-03-23 15:52:30.000000,2026-06-18,460.0,put,4.0,0.0,0.3556,353.6,0.045,0.045,0.045
UNH260618C00470000,0.26,0.2,0.34,2026-04-27 15:49:02.000000,2026-06-18,470.0,call,558.0,7.0,0.3413,353.6,0.045,0.045,0.045
UNH260618P00470000,201.03,111.1,118.9,2026-03-23 15:52:31.000000,2026-06-18,470.0,put,2.0,0.0,0.45970744073370706,353.6,0.045,0.045,0.045
UNH260618C00480000,0.13,0.08,0.46,2026-04-22 11:01:49.000000,2026-06-18,480.0,call,565.0,0.0,0.3629,353.6,0.045,0.045,0.045
UNH260618P00480000,128.6,123.35,128.55,2026-04-27 13:59:11.000000,2026-06-18,480.0,put,30.0,4.0,0.4585,353.6,0.045,0.045,0.045
UNH260618C00490000,0.17,0.05,0.25,2026-04-27 13:23:42.000000,2026-06-18,490.0,call,193.0,20.0,0.3563,353.6,0.045,0.045,0.045
UNH260618P00490000,135.9,132.85,138.7,2026-04-22 10:06:56.000000,2026-06-18,490.0,put,2.0,0.0,0.4718,353.6,0.045,0.045,0.045
UNH260618C00500000,0.14,0.13,0.2,2026-04-27 11:55:00.000000,2026-06-18,500.0,call,9120.0,33.0,0.38,353.6,0.045,0.045,0.045
UNH260618P00500000,231.03,142.25,147.55,2026-03-23 15:52:30.000000,2026-06-18,500.0,put,1.0,0.0,0.542379369214376,353.6,0.045,0.045,0.045
UNH260618C00510000,0.15,0.04,0.29,2026-04-27 11:04:27.000000,2026-06-18,510.0,call,833.0,5.0,0.3987,353.6,0.045,0.045,0.045
UNH260618P00510000,155.96,153.2,158.6,2026-04-22 09:34:44.000000,2026-06-18,510.0,put,1.0,0.0,0.5363,353.6,0.045,0.045,0.045
UNH260618C00520000,0.15,0.05,0.26,2026-04-24 15:50:28.000000,2026-06-18,520.0,call,520.0,0.0,0.4142,353.6,0.045,0.045,0.045
UNH260618P00520000,190.35,161.7,168.6,2025-12-29 10:45:16.000000,2026-06-18,520.0,put,0.0,0.0,0.6145464482318465,353.6,0.045,0.045,0.045
UNH260618C00530000,0.1,0.0,0.21,2026-04-22 10:32:05.000000,2026-06-18,530.0,call,151.0,0.0,0.4136,353.6,0.045,0.045,0.045
UNH260618P00530000,246.2,173.1,178.7,2026-02-12 15:40:25.000000,2026-06-18,530.0,put,0.0,0.0,0.5876,353.6,0.045,0.045,0.045
UNH260618C00540000,0.09,0.0,0.22,2026-04-27 11:24:46.000000,2026-06-18,540.0,call,277.0,13.0,0.4326,353.6,0.045,0.045,0.045
UNH260618P00540000,257.5,183.1,188.7,2026-01-27 15:52:57.000000,2026-06-18,540.0,put,0.0,0.0,0.6123,353.6,0.045,0.045,0.045
UNH260618C00550000,0.09,0.01,0.2,2026-04-24 09:45:26.000000,2026-06-18,550.0,call,3974.0,0.0,0.4468,353.6,0.045,0.045,0.045
UNH260618P00550000,187.95,191.9,198.7,2025-10-28 09:40:35.000000,2026-06-18,550.0,put,0.0,0.0,0.7041422813288001,353.6,0.045,0.045,0.045
UNH260618C00560000,0.06,0.02,0.1,2026-04-27 15:23:09.000000,2026-06-18,560.0,call,306.0,27.0,0.4373,353.6,0.045,0.045,0.045
UNH260618P00560000,292.3,202.25,207.55,2026-03-31 15:52:17.000000,2026-06-18,560.0,put,0.0,0.0,0.7044328472824863,353.6,0.045,0.045,0.045
UNH260618C00570000,0.08,0.01,0.14,2026-04-24 14:42:07.000000,2026-06-18,570.0,call,656.0,0.0,0.4623,353.6,0.045,0.045,0.045
UNH260618P00570000,301.03,212.65,218.7,2026-03-23 15:52:31.000000,2026-06-18,570.0,put,4.0,0.0,0.6587,353.6,0.045,0.045,0.045
UNH260618C00580000,0.09,0.01,0.14,2026-04-27 15:23:58.000000,2026-06-18,580.0,call,910.0,7.0,0.4772,353.6,0.045,0.045,0.045
UNH260618P00580000,312.28,221.75,228.7,2026-03-31 15:52:17.000000,2026-06-18,580.0,put,13.0,0.0,0.7755173324498685,353.6,0.045,0.045,0.045
UNH260618C00590000,0.22,0.01,0.3,2026-04-27 15:22:56.000000,2026-06-18,590.0,call,1021.0,68.0,0.5302,353.6,0.045,0.045,0.045
UNH260618P00590000,320.83,231.95,238.6,2026-03-24 15:53:29.000000,2026-06-18,590.0,put,11.0,0.0,0.8030320482061932,353.6,0.045,0.045,0.045
UNH260618C00600000,0.05,0.04,0.05,2026-04-27 11:17:31.000000,2026-06-18,600.0,call,10407.0,20.0,0.4824,353.6,0.045,0.045,0.045
UNH260618P00600000,326.2,242.95,248.6,2026-04-01 15:40:02.000000,2026-06-18,600.0,put,4.0,0.0,0.7354,353.6,0.045,0.045,0.045
UNH260618C00610000,0.14,0.0,0.3,2026-04-27 13:57:15.000000,2026-06-18,610.0,call,1763.0,38.0,0.5581,353.6,0.045,0.045,0.045
UNH260618P00610000,342.28,251.9,258.55,2026-03-31 15:52:17.000000,2026-06-18,610.0,put,6.0,0.0,0.8475406689928153,353.6,0.045,0.045,0.045
UNH260618C00620000,0.13,0.01,0.13,2026-04-27 15:56:10.000000,2026-06-18,620.0,call,2177.0,33.0,0.5302,353.6,0.045,0.045,0.045
UNH260618P00620000,342.3,263.2,268.55,2026-04-02 15:30:48.000000,2026-06-18,620.0,put,9.0,0.0,0.788,353.6,0.045,0.045,0.045
UNH260618C00630000,0.08,0.02,0.13,2026-04-27 12:28:17.000000,2026-06-18,630.0,call,3303.0,2.0,0.5468,353.6,0.045,0.045,0.045
UNH260618P00630000,300.82,273.0,278.55,2025-12-29 15:53:28.000000,2026-06-18,630.0,put,0.0,0.0,0.7963,353.6,0.045,0.045,0.045
UNH260618C00640000,0.15,0.01,0.25,2026-04-27 15:19:22.000000,2026-06-18,640.0,call,3136.0,48.0,0.5917,353.6,0.045,0.045,0.045
UNH260618P00640000,230.1,283.15,288.55,2025-04-30 13:53:39.000000,2026-06-18,640.0,put,0.0,0.0,0.8249,353.6,0.045,0.045,0.045
UNH260618C00660000,0.03,0.01,0.18,2026-04-27 12:52:00.000000,2026-06-18,660.0,call,494.0,31.0,0.5991,353.6,0.045,0.045,0.045
UNH260618P00660000,166.5,303.35,308.55,2025-03-17 12:13:29.000000,2026-06-18,660.0,put,0.0,0.0,0.8743,353.6,0.045,0.045,0.045
UNH260618C00680000,0.08,0.01,0.13,2026-04-27 12:27:50.000000,2026-06-18,680.0,call,1652.0,2.0,0.6064,353.6,0.045,0.045,0.045
UNH260618P00680000,180.58,323.05,328.55,2025-02-20 14:28:08.000000,2026-06-18,680.0,put,0.0,0.0,0.8935,353.6,0.045,0.045,0.045
UNH260618C00700000,0.02,0.01,0.1,2026-04-20 15:36:05.000000,2026-06-18,700.0,call,1299.0,0.0,0.6169,353.6,0.045,0.045,0.045
UNH260618P00700000,203.4,343.1,348.55,2025-03-17 12:13:50.000000,2026-06-18,700.0,put,0.0,0.0,0.9321,353.6,0.045,0.045,0.045
UNH260618C00720000,0.02,0.0,0.12,2026-04-24 15:09:16.000000,2026-06-18,720.0,call,886.0,0.0,0.6443,353.6,0.045,0.045,0.045
UNH260618P00720000,346.15,361.1,369.25,2025-10-28 13:44:48.000000,2026-06-18,720.0,put,0.0,0.0,1.0812702300546573,353.6,0.045,0.045,0.045
UNH260618C00740000,0.03,0.01,0.06,2026-04-20 09:53:32.000000,2026-06-18,740.0,call,2613.0,0.0,0.6365,353.6,0.045,0.045,0.045
UNH260618P00740000,0.0,381.25,389.1,2026-04-28 13:27:22.694402,2026-06-18,740.0,put,0.0,0.0,1.1205062139409816,353.6,0.045,0.045,0.045
UNH260618C00760000,0.03,0.01,0.05,2026-04-21 13:28:13.000000,2026-06-18,760.0,call,3055.0,0.0,0.6489,353.6,0.045,0.045,0.045
UNH260618P00760000,0.0,402.5,408.65,2026-04-28 13:27:22.694434,2026-06-18,760.0,put,0.0,0.0,0.9967,353.6,0.045,0.045,0.045
UNH260618C00780000,0.1,0.01,0.1,2026-04-27 10:53:49.000000,2026-06-18,780.0,call,1696.0,56.0,0.7027,353.6,0.045,0.045,0.045
UNH260618P00780000,0.0,423.2,428.55,2026-04-28 13:27:22.694454,2026-06-18,780.0,put,0.0,0.0,1.0695,353.6,0.045,0.045,0.045
UNH260618C00800000,0.01,0.01,0.03,2026-04-24 15:30:48.000000,2026-06-18,800.0,call,3568.0,0.0,0.6667,353.6,0.045,0.045,0.045
UNH260618P00800000,0.0,441.95,448.55,2026-04-28 13:27:22.695545,2026-06-18,800.0,put,0.0,0.0,1.2369351847695513,353.6,0.045,0.045,0.045
UNH260618C00820000,0.02,0.0,0.06,2026-04-27 10:06:03.000000,2026-06-18,820.0,call,2791.0,12.0,0.7062,353.6,0.045,0.045,0.045
UNH260618P00820000,0.0,462.6,468.55,2026-04-28 13:27:22.695574,2026-06-18,820.0,put,0.0,0.0,1.0863,353.6,0.045,0.045,0.045
UNH260618C00840000,0.02,0.01,0.05,2026-04-22 11:08:31.000000,2026-06-18,840.0,call,1314.0,0.0,0.7243,353.6,0.045,0.045,0.045
UNH260618P00840000,0.0,483.05,488.65,2026-04-28 13:27:22.695593,2026-06-18,840.0,put,0.0,0.0,1.1552,353.6,0.045,0.045,0.045
UNH260618C00860000,0.02,0.01,0.05,2026-04-07 12:44:15.000000,2026-06-18,860.0,call,2506.0,0.0,0.7419,353.6,0.045,0.045,0.045
UNH260618P00860000,0.0,502.65,508.65,2026-04-28 13:27:22.695608,2026-06-18,860.0,put,0.0,0.0,1.1542,353.6,0.045,0.045,0.045
UNH260618C00880000,0.01,0.0,0.04,2026-04-27 13:12:35.000000,2026-06-18,880.0,call,1569.0,3.0,0.7362,353.6,0.045,0.045,0.045
UNH260618P00880000,0.0,523.4,528.55,2026-04-28 13:27:22.695622,2026-06-18,880.0,put,0.0,0.0,1.226,353.6,0.045,0.045,0.045
UNH260618C00900000,0.01,0.0,0.02,2026-04-23 09:30:38.000000,2026-06-18,900.0,call,12561.0,0.0,0.717,353.6,0.045,0.045,0.045
UNH260618P00900000,653.3,542.95,548.65,2025-08-06 14:59:39.000000,2026-06-18,900.0,put,0.0,0.0,1.2299,353.6,0.045,0.045,0.045
