Date,open,high,low,close,volume
2015-04-27,144.53,144.59,141.67,142.04,831221.0
2015-04-28,142.03,143.32,140.02,143.27,930156.0
2015-04-29,142.35,143.15,140.97,142.18,1158203.0
2015-04-30,142.18,142.18,140.05,140.87,1294822.0
2015-05-01,141.05,142.34,141.05,142.19,772347.0
2015-05-04,142.86,144.56,142.7,143.94,1022875.0
2015-05-05,144.0,144.0,141.55,142.0,1071400.0
2015-05-06,142.18,142.53,140.52,141.08,1317845.0
2015-05-07,141.5,144.75,141.5,142.8,1168554.0
2015-05-08,143.16,143.51,141.28,142.01,1537441.0
2015-05-11,141.43,143.2,141.11,141.58,1443840.0
2015-05-12,140.36,141.26,139.04,139.16,1721624.0
2015-05-13,140.01,140.01,138.11,138.86,1384491.0
2015-05-14,139.76,141.12,139.12,141.04,793239.0
2015-05-15,140.99,141.48,140.55,141.48,806375.0
2015-05-18,141.35,142.11,140.88,141.61,731393.0
2015-05-19,141.35,142.13,141.09,141.42,842690.0
2015-05-20,141.26,142.06,141.05,141.38,641969.0
2015-05-21,141.23,142.68,140.95,142.41,872881.0
2015-05-22,142.28,143.0,141.61,141.94,807914.0
2015-05-26,141.51,141.93,139.93,140.28,1040525.0
2015-05-27,140.34,141.91,139.9,141.55,588208.0
2015-05-28,141.26,142.34,140.38,141.43,936693.0
2015-05-29,141.35,142.06,140.18,140.51,1185912.0
2015-06-01,141.4,141.92,139.79,140.82,925075.0
2015-06-02,140.01,141.22,139.11,140.51,1080421.0
2015-06-03,140.56,141.04,139.81,140.58,930403.0
2015-06-04,139.84,140.79,139.5,140.19,817238.0
2015-06-05,139.45,140.17,139.0,140.03,996352.0
2015-06-08,140.33,140.94,139.47,139.57,1048434.0
2015-06-09,139.3,139.73,137.82,137.93,1299052.0
2015-06-10,138.11,140.28,137.87,140.05,1425658.0
2015-06-11,140.62,141.29,140.14,140.86,979364.0
2015-06-12,140.28,140.55,139.54,139.6,990507.0
2015-06-15,138.9,139.74,137.7,138.58,1325759.0
2015-06-16,138.42,139.48,137.81,139.24,900891.0
2015-06-17,139.75,140.14,139.08,139.76,650734.0
2015-06-18,140.06,141.27,140.06,140.81,942157.0
2015-06-19,140.69,142.39,140.69,141.83,1919874.0
2015-06-22,142.95,143.53,142.43,142.97,1208640.0
2015-06-23,143.08,143.84,142.76,143.17,936384.0
2015-06-24,142.81,142.99,141.7,141.7,1006875.0
2015-06-25,141.79,142.36,141.09,141.91,908864.0
2015-06-26,142.3,142.51,141.28,142.04,661973.0
2015-06-29,142.5,143.75,141.72,141.78,1166616.0
2015-06-30,143.0,143.0,141.33,141.65,1029690.0
2015-07-01,143.06,143.65,142.16,143.22,995425.0
2015-07-02,143.86,143.98,142.15,143.18,1114479.0
2015-07-06,141.81,143.54,141.6,142.65,1409300.0
2015-07-07,143.03,143.49,141.39,143.24,976626.0
2015-07-08,142.54,142.99,140.77,141.14,1151382.0
2015-07-09,142.74,143.32,141.79,141.83,699085.0
2015-07-10,143.2,144.91,142.7,144.27,1057115.0
2015-07-13,144.61,146.07,144.27,145.95,947032.0
2015-07-14,146.3,147.35,145.79,147.23,824296.0
2015-07-15,147.33,147.99,146.59,146.75,755005.0
2015-07-16,147.39,148.33,146.9,148.0,624708.0
2015-07-17,148.0,148.23,147.28,148.05,575315.0
2015-07-20,148.45,148.45,147.38,148.16,455723.0
2015-07-21,147.99,148.93,146.8,147.51,857014.0
2015-07-22,147.6,148.31,147.47,148.01,625900.0
2015-07-23,148.18,148.93,147.53,148.17,714799.0
2015-07-24,148.02,148.65,147.12,147.3,720238.0
2015-07-27,147.07,147.15,146.0,146.33,902828.0
2015-07-28,147.18,149.96,146.59,149.88,1168501.0
2015-07-29,149.99,152.08,149.61,151.99,1453603.0
2015-07-30,151.77,152.49,151.42,152.0,1043013.0
2015-07-31,152.61,152.88,151.88,152.15,1010633.0
2015-08-03,151.79,152.76,151.05,152.43,1386431.0
2015-08-04,152.52,153.04,151.46,152.35,971474.0
2015-08-05,153.82,154.98,152.07,153.86,1291144.0
2015-08-06,153.27,153.36,148.68,150.19,1930123.0
2015-08-07,149.95,149.95,146.71,148.92,1482744.0
2015-08-10,150.4,150.84,149.6,150.3,1208347.0
2015-08-11,149.15,149.89,147.26,148.6,1145178.0
2015-08-12,148.29,148.3,145.71,147.93,1628878.0
2015-08-13,147.78,148.29,146.75,147.6,720375.0
2015-08-14,147.41,148.49,146.9,148.27,663671.0
2015-08-17,147.65,148.65,147.0,148.6,611886.0
2015-08-18,148.1,148.47,146.71,147.08,945860.0
2015-08-19,146.58,147.39,145.16,146.51,1017533.0
2015-08-20,145.66,145.79,143.52,143.58,1569739.0
2015-08-21,142.78,143.92,141.88,141.92,1797885.0
2015-08-24,138.47,140.9,133.5,138.2,2903063.0
2015-08-25,141.07,141.88,137.62,137.62,2210000.0
2015-08-26,139.76,140.33,136.75,139.94,1529450.0
2015-08-27,141.16,143.04,140.49,142.95,1188933.0
2015-08-28,142.43,143.11,141.53,142.83,841088.0
2015-08-31,142.72,143.63,140.39,141.02,1007300.0
2015-09-01,138.5,139.23,134.29,134.89,1791719.0
2015-09-02,136.23,137.0,134.73,136.72,1170472.0
2015-09-03,137.0,138.23,136.02,136.53,1025491.0
2015-09-04,135.42,135.97,133.18,134.32,1177175.0
2015-09-08,135.75,138.03,135.26,138.02,1377309.0
2015-09-09,139.22,139.98,135.63,135.9,835199.0
2015-09-10,136.09,136.53,134.8,135.2,1115895.0
2015-09-11,134.97,136.78,134.32,135.98,961254.0
2015-09-14,136.18,136.39,135.24,136.26,1142270.0
2015-09-15,136.4,137.82,135.98,137.18,562138.0
2015-09-16,137.5,139.16,137.14,138.87,943713.0
2015-09-17,138.81,141.33,138.65,139.8,1069039.0
2015-09-18,138.59,139.39,138.12,138.33,2064244.0
2015-09-21,139.07,140.28,138.5,139.11,1042657.0
2015-09-22,137.64,138.5,137.05,138.26,778216.0
2015-09-23,138.06,139.45,137.46,139.28,1035743.0
2015-09-24,138.23,139.11,137.69,138.84,1224851.0
2015-09-25,139.23,140.46,135.41,136.15,1109336.0
2015-09-28,135.28,135.44,128.87,130.4,2080288.0
2015-09-29,129.9,131.8,128.95,130.89,1444504.0
2015-09-30,132.28,133.67,131.4,132.66,997051.0
2015-10-01,132.49,132.82,130.22,132.19,1298952.0
2015-10-02,130.95,135.45,130.2,135.37,1462683.0
2015-10-05,136.32,137.3,135.85,136.99,1359674.0
2015-10-06,136.79,136.9,132.93,134.59,1438532.0
2015-10-07,135.5,137.27,134.17,137.24,1059267.0
2015-10-08,136.89,137.32,135.12,137.12,682812.0
2015-10-09,137.1,138.25,136.85,137.76,691775.0
2015-10-12,137.51,138.95,137.27,138.46,426784.0
2015-10-13,137.58,138.49,136.62,136.91,520161.0
2015-10-14,136.78,137.81,135.58,135.76,567769.0
2015-10-15,136.58,137.09,135.49,137.07,968212.0
2015-10-16,137.85,139.65,137.19,139.56,717834.0
2015-10-19,139.4,140.09,138.83,139.95,465200.0
2015-10-20,139.3,140.54,139.3,139.76,605412.0
2015-10-21,140.52,140.76,138.11,139.76,736532.0
2015-10-22,140.32,141.16,137.64,138.45,923275.0
2015-10-23,138.94,141.24,137.9,140.22,1251804.0
2015-10-26,140.14,140.47,139.28,139.9,747827.0
2015-10-27,139.84,141.07,139.82,140.75,506632.0
2015-10-28,141.06,141.98,139.32,141.97,749698.0
2015-10-29,142.0,143.76,142.0,143.23,792523.0
2015-10-30,143.13,143.99,142.52,142.52,1095354.0
2015-11-02,143.47,145.05,143.06,144.81,1064164.0
2015-11-03,144.51,146.7,143.83,146.63,1272223.0
2015-11-04,151.0,151.89,149.01,151.01,1480615.0
2015-11-05,151.5,152.58,151.1,152.24,1156334.0
2015-11-06,151.66,152.85,151.53,152.5,950527.0
2015-11-09,152.52,152.76,151.33,152.41,811137.0
2015-11-10,152.26,152.75,151.75,152.11,715026.0
2015-11-11,152.29,153.25,151.88,151.96,673598.0
2015-11-12,150.81,151.93,148.36,148.43,913620.0
2015-11-13,148.52,149.76,148.0,148.68,696048.0
2015-11-16,148.79,150.86,148.58,150.79,847710.0
2015-11-17,150.8,151.8,149.69,150.96,735303.0
2015-11-18,151.22,151.69,150.47,151.54,1131497.0
2015-11-19,151.13,151.41,149.52,149.96,932652.0
2015-11-20,150.72,152.46,149.96,151.22,1302450.0
2015-11-23,151.31,152.05,150.44,150.92,585980.0
2015-11-24,147.84,150.72,147.84,150.55,659857.0
2015-11-25,150.53,150.95,149.63,150.12,747085.0
2015-11-27,150.84,152.2,150.1,151.29,645674.0
2015-11-30,151.58,151.99,150.23,150.25,951664.0
2015-12-01,151.1,152.82,151.1,152.67,1093689.0
2015-12-02,152.89,153.0,151.57,151.78,798082.0
2015-12-03,152.06,152.43,149.35,149.93,1127396.0
2015-12-04,150.18,154.88,150.11,154.81,1066374.0
2015-12-07,154.32,154.81,152.8,153.62,1223773.0
2015-12-08,154.0,154.76,152.43,154.7,1554803.0
2015-12-09,154.1,155.53,151.61,152.87,1367545.0
2015-12-10,152.73,154.79,152.05,154.35,935906.0
2015-12-11,152.57,153.9,150.95,151.68,874512.0
2015-12-14,152.48,153.68,150.95,153.19,1288863.0
2015-12-15,154.09,155.5,152.97,153.29,1536067.0
2015-12-16,154.6,156.11,153.13,155.89,1153901.0
2015-12-17,156.11,157.5,155.35,155.91,1229556.0
2015-12-18,155.05,155.59,153.11,153.12,1763799.0
2015-12-21,153.8,154.6,152.66,153.59,800330.0
2015-12-22,154.6,155.37,152.31,154.37,1105818.0
2015-12-23,155.28,156.04,154.59,155.87,654571.0
2015-12-24,155.84,156.56,155.48,155.91,269596.0
2015-12-28,155.59,155.77,154.82,155.37,598616.0
2015-12-29,156.66,156.77,155.81,156.53,967384.0
2015-12-30,156.69,156.89,155.01,155.43,1134707.0
2015-12-31,154.73,155.45,154.08,154.09,1087662.0
2016-01-04,150.62,151.45,146.02,147.95,2813897.0
2016-01-05,148.65,149.69,147.8,148.42,1080429.0
2016-01-06,145.84,147.73,144.93,146.94,1774032.0
2016-01-07,144.52,145.51,143.43,144.53,1586579.0
2016-01-08,145.19,146.01,142.03,142.36,1272703.0
2016-01-11,143.09,143.45,139.23,141.15,1280800.0
2016-01-12,142.4,143.53,140.38,142.45,972452.0
2016-01-13,143.46,144.41,140.92,141.38,1318542.0
2016-01-14,141.67,145.77,141.39,145.41,1738947.0
2016-01-15,142.35,144.51,141.7,142.43,1801425.0
2016-01-19,143.83,144.35,141.38,142.5,1258430.0
2016-01-20,140.85,141.96,137.69,140.86,1323261.0
2016-01-21,140.9,142.1,139.13,141.65,1118661.0
2016-01-22,143.37,144.99,143.07,144.76,867155.0
2016-01-25,145.12,146.7,144.69,144.9,974431.0
2016-01-26,144.77,145.86,143.67,145.51,775817.0
2016-01-27,145.63,148.18,144.92,146.04,982039.0
2016-01-28,146.61,146.95,141.76,142.28,1447719.0
2016-01-29,143.31,145.37,143.0,145.37,1679342.0
2016-02-01,144.11,146.46,140.53,146.02,1571582.0
2016-02-02,144.92,145.9,143.91,145.05,1505061.0
2016-02-03,147.0,147.0,139.57,141.08,2324348.0
2016-02-04,140.47,140.99,137.41,137.91,1812656.0
2016-02-05,137.5,137.95,134.71,135.25,1227482.0
2016-02-08,134.24,134.96,129.79,132.88,1854401.0
2016-02-09,129.58,135.38,129.5,134.34,1701011.0
2016-02-10,136.22,139.22,135.89,136.14,1124714.0
2016-02-11,135.63,136.36,134.21,135.33,1589178.0
2016-02-12,136.87,139.95,136.39,139.81,1625444.0
2016-02-16,141.19,142.49,140.49,142.12,1394283.0
2016-02-17,143.31,144.21,142.06,144.11,764539.0
2016-02-18,144.5,144.8,142.73,143.18,753212.0
2016-02-19,143.36,145.0,142.38,144.9,913330.0
2016-02-22,145.63,146.3,144.98,145.68,652130.0
2016-02-23,145.98,147.07,145.5,146.46,1026668.0
2016-02-24,145.0,147.9,144.73,147.47,938864.0
2016-02-25,147.74,148.98,146.89,148.67,826446.0
2016-02-26,149.0,150.17,148.91,149.64,1228704.0
2016-02-29,149.29,150.12,147.23,147.45,1490270.0
2016-03-01,148.6,150.12,147.23,150.12,1418620.0
2016-03-02,149.82,151.19,149.24,150.72,1151824.0
2016-03-03,150.65,150.65,148.03,149.5,951927.0
2016-03-04,149.85,149.85,148.31,149.15,1081986.0
2016-03-07,148.88,149.38,147.9,148.68,967152.0
2016-03-08,147.58,148.13,146.55,147.19,869925.0
2016-03-09,147.69,147.91,145.78,147.11,1203654.0
2016-03-10,147.69,148.96,147.24,148.51,1219323.0
2016-03-11,149.13,150.13,148.23,149.78,1320254.0
2016-03-14,149.1,151.23,149.1,150.76,735883.0
2016-03-15,149.7,150.54,149.0,149.29,977647.0
2016-03-16,149.36,150.08,148.2,149.78,905379.0
2016-03-17,149.52,149.7,146.12,147.71,1137841.0
2016-03-18,148.54,150.45,146.57,150.24,2110488.0
2016-03-21,150.18,150.46,149.03,149.17,884058.0
2016-03-22,148.92,150.13,148.34,149.55,1002162.0
2016-03-23,149.65,150.15,149.06,149.24,541619.0
2016-03-24,148.49,149.28,147.74,149.13,642882.0
2016-03-28,149.56,149.56,148.26,149.03,702763.0
2016-03-29,149.21,151.72,148.59,151.52,707233.0
2016-03-30,152.47,152.82,151.38,152.54,713707.0
2016-03-31,152.2,152.75,151.37,151.82,894995.0
2016-04-01,151.24,153.75,150.71,153.49,882424.0
2016-04-04,153.99,155.98,153.55,154.92,888318.0
2016-04-05,154.03,155.96,152.56,152.86,1087604.0
2016-04-06,152.86,155.47,152.54,155.42,818330.0
2016-04-07,154.84,155.57,153.7,155.03,936566.0
2016-04-08,156.0,156.36,154.04,154.64,838047.0
2016-04-11,154.63,155.6,153.55,153.91,1080324.0
2016-04-12,154.4,157.93,154.27,157.67,1120413.0
2016-04-13,158.62,159.22,157.51,158.98,768703.0
2016-04-14,158.92,159.37,157.78,158.19,716168.0
2016-04-15,158.21,159.25,157.1,159.15,716753.0
2016-04-18,158.66,159.49,158.17,159.48,791204.0
2016-04-19,159.5,159.5,157.62,157.99,718485.0
2016-04-20,158.35,159.86,158.04,158.72,886650.0
2016-04-21,158.7,159.96,157.88,158.73,871933.0
2016-04-22,159.05,159.98,158.19,159.88,444700.0
2016-04-25,159.56,160.26,159.1,160.26,540561.0
2016-04-26,160.5,160.89,159.43,159.55,757144.0
2016-04-27,159.72,161.85,159.43,161.45,660615.0
2016-04-28,160.6,162.98,159.92,161.93,1275951.0
2016-04-29,161.01,161.32,159.81,161.26,1344251.0
2016-05-02,160.67,162.24,157.6,160.9,1277475.0
2016-05-03,160.87,161.37,159.45,160.43,1320522.0
2016-05-04,159.94,162.25,159.25,161.6,1602930.0
2016-05-05,163.07,165.96,160.93,165.21,1823357.0
2016-05-06,163.0,165.0,162.47,164.84,1545913.0
2016-05-09,165.17,167.0,164.71,165.98,1438456.0
2016-05-10,165.85,168.32,165.07,167.64,1228904.0
2016-05-11,167.78,169.08,167.03,167.05,812267.0
2016-05-12,167.64,167.91,166.18,167.15,808801.0
2016-05-13,167.1,167.58,165.82,166.29,790182.0
2016-05-16,166.29,168.86,166.18,168.57,1000764.0
2016-05-17,167.74,168.55,164.72,165.43,1181205.0
2016-05-18,165.37,166.3,163.84,165.45,973618.0
2016-05-19,164.58,165.37,162.25,163.94,1127548.0
2016-05-20,164.92,165.61,163.89,165.0,1110456.0
2016-05-23,165.04,165.54,164.12,164.15,902522.0
2016-05-24,165.0,166.43,164.14,166.07,873721.0
2016-05-25,166.5,167.3,166.02,167.0,779044.0
2016-05-26,166.85,167.48,166.72,167.19,635703.0
2016-05-27,167.07,167.38,166.4,166.99,648605.0
2016-05-31,167.0,167.0,165.3,166.45,1166488.0
2016-06-01,165.96,167.5,165.76,167.04,658165.0
2016-06-02,166.9,168.79,166.68,168.75,876599.0
2016-06-03,168.77,169.67,167.69,169.23,845549.0
2016-06-06,168.93,170.38,168.63,169.98,726576.0
2016-06-07,169.49,169.78,168.44,168.62,709632.0
2016-06-08,168.52,170.24,168.2,170.14,583869.0
2016-06-09,170.25,171.64,169.7,170.23,760403.0
2016-06-10,169.37,169.92,168.07,169.29,803579.0
2016-06-13,169.32,170.47,168.26,168.35,716943.0
2016-06-14,167.63,169.26,167.22,169.01,679992.0
2016-06-15,169.3,169.4,166.51,166.76,1093215.0
2016-06-16,166.34,167.66,165.11,167.3,652081.0
2016-06-17,167.37,167.37,164.63,165.79,909706.0
2016-06-20,167.52,169.12,167.3,168.03,793462.0
2016-06-21,168.55,170.68,168.55,170.02,1368310.0
2016-06-22,170.15,170.77,169.63,169.97,704167.0
2016-06-23,171.0,172.2,170.25,172.19,769351.0
2016-06-24,168.9,169.73,166.25,166.71,1464129.0
2016-06-27,166.61,166.61,165.01,165.07,56857.0
2016-06-28,163.98,164.68,162.88,164.08,1400435.0
2016-06-29,165.44,168.33,164.73,168.17,775622.0
2016-06-30,168.43,169.62,168.06,169.59,836345.0
2016-07-01,169.59,170.28,169.21,169.64,779066.0
2016-07-05,169.29,171.57,169.25,171.21,808546.0
2016-07-06,170.21,172.38,169.72,172.07,1146264.0
2016-07-07,171.89,173.24,171.61,173.17,859443.0
2016-07-08,174.08,176.24,172.9,175.64,891802.0
2016-07-11,175.97,177.01,175.83,176.35,717600.0
2016-07-12,176.46,176.91,175.61,175.7,843642.0
2016-07-13,176.61,176.93,174.91,175.94,657450.0
2016-07-14,177.1,177.4,175.78,176.53,668350.0
2016-07-15,177.39,177.5,174.77,175.08,944280.0
2016-07-18,175.5,176.01,173.51,174.4,876567.0
2016-07-19,174.34,175.56,173.84,174.52,601281.0
2016-07-20,175.19,176.33,174.54,175.78,508577.0
2016-07-21,175.41,175.81,174.07,174.86,443697.0
2016-07-22,174.65,174.73,172.02,173.67,638856.0
2016-07-25,173.67,174.0,171.87,172.78,697155.0
2016-07-26,172.54,175.12,172.4,175.03,782447.0
2016-07-27,174.66,175.02,172.53,174.53,760911.0
2016-07-28,174.9,176.17,173.98,175.96,518195.0
2016-07-29,175.65,176.98,175.37,176.0,775782.0
2016-08-01,174.99,177.77,174.29,176.78,783409.0
2016-08-02,176.38,176.6,174.88,176.43,728257.0
2016-08-03,176.64,176.75,175.09,175.78,1273184.0
2016-08-04,168.75,171.63,166.35,171.53,2999768.0
2016-08-05,171.6,173.78,171.6,173.73,1189518.0
2016-08-08,173.73,173.85,172.76,173.52,751750.0
2016-08-09,173.57,175.09,172.83,174.15,587540.0
2016-08-10,174.09,174.99,173.29,174.97,694440.0
2016-08-11,175.0,177.27,174.09,176.71,936744.0
2016-08-12,176.22,176.49,173.66,173.98,598850.0
2016-08-15,174.32,175.29,173.91,174.21,526567.0
2016-08-16,173.38,174.15,172.73,172.78,844735.0
2016-08-17,172.54,173.34,172.03,173.11,525170.0
2016-08-18,172.66,173.91,172.03,173.7,688959.0
2016-08-19,173.2,174.0,172.37,173.85,713720.0
2016-08-22,173.98,174.78,173.74,174.46,708810.0
2016-08-23,174.75,176.0,174.71,174.91,688449.0
2016-08-24,174.84,175.26,172.91,173.25,501837.0
2016-08-25,173.04,175.42,173.04,174.14,805503.0
2016-08-26,174.2,176.45,174.13,175.47,977495.0
2016-08-29,175.39,177.85,175.25,177.25,970214.0
2016-08-30,176.76,178.15,176.51,177.73,747316.0
2016-08-31,177.8,178.79,176.58,177.21,864625.0
2016-09-01,177.71,177.78,175.71,177.02,609017.0
2016-09-02,177.5,177.95,176.84,177.32,476848.0
2016-09-06,177.42,177.96,176.67,177.88,588803.0
2016-09-07,176.76,177.76,176.0,177.76,728570.0
2016-09-08,177.02,177.84,176.14,176.65,743513.0
2016-09-09,175.75,175.89,170.99,171.0,966954.0
2016-09-12,170.43,173.45,170.26,173.29,894691.0
2016-09-13,172.37,172.78,170.62,171.1,800954.0
2016-09-14,171.7,172.93,171.44,172.8,767217.0
2016-09-15,172.75,176.61,172.4,176.02,822874.0
2016-09-16,176.06,176.36,174.09,175.2,998066.0
2016-09-19,175.81,176.96,175.23,175.66,529109.0
2016-09-20,177.0,177.08,175.78,175.89,498376.0
2016-09-21,176.5,179.62,176.5,179.38,767841.0
2016-09-22,180.0,181.75,179.14,181.55,682201.0
2016-09-23,179.2,180.4,177.48,179.5,1175832.0
2016-09-26,178.21,178.6,176.26,177.01,690751.0
2016-09-27,177.33,178.99,176.65,178.97,675452.0
2016-09-28,180.57,180.57,178.24,179.17,592686.0
2016-09-29,179.08,179.35,175.76,176.44,599728.0
2016-09-30,177.02,180.57,177.02,179.73,1156117.0
2016-10-03,178.67,179.33,177.51,178.41,720467.0
2016-10-04,178.0,179.01,175.04,176.08,747801.0
2016-10-05,176.08,177.19,175.8,176.65,701290.0
2016-10-06,176.54,177.29,175.51,177.11,600218.0
2016-10-07,177.39,177.81,176.2,177.4,617071.0
2016-10-10,178.35,180.03,178.27,179.19,431974.0
2016-10-11,178.7,178.7,173.27,173.97,985936.0
2016-10-12,175.15,175.15,173.28,173.47,973214.0
2016-10-13,172.73,173.28,171.06,172.86,1385884.0
2016-10-14,173.9,174.05,171.9,171.93,866534.0
2016-10-17,172.17,172.4,171.02,171.54,803993.0
2016-10-18,172.73,173.26,171.82,172.79,649111.0
2016-10-19,173.1,173.59,172.1,172.22,676869.0
2016-10-20,172.26,173.76,171.68,173.03,700885.0
2016-10-21,172.2,172.61,171.13,172.32,628177.0
2016-10-24,173.38,173.85,172.1,172.16,1016192.0
2016-10-25,172.49,172.69,170.69,170.98,1026148.0
2016-10-26,169.73,169.86,166.82,167.55,1448045.0
2016-10-27,168.31,168.81,167.08,167.25,1210081.0
2016-10-28,167.41,169.67,166.75,167.79,1021736.0
2016-10-31,167.26,168.22,166.58,167.91,1764176.0
2016-11-01,167.64,168.22,165.49,166.37,1467998.0
2016-11-02,166.67,169.21,165.73,166.87,2047252.0
2016-11-03,168.98,174.99,168.46,173.18,2108574.0
2016-11-04,173.23,176.42,172.82,174.99,1303641.0
2016-11-07,176.92,178.53,176.48,177.89,1402777.0
2016-11-08,177.4,179.83,176.32,178.71,876644.0
2016-11-09,177.97,178.98,172.04,174.81,1690427.0
2016-11-10,176.14,178.26,174.68,175.61,1654815.0
2016-11-11,175.1,175.83,169.95,170.36,1400498.0
2016-11-14,170.59,170.59,162.44,162.8,2611707.0
2016-11-15,162.84,167.11,162.51,166.78,1911238.0
2016-11-16,166.56,169.39,165.93,169.26,1258855.0
2016-11-17,169.65,173.46,168.89,173.42,1652093.0
2016-11-18,173.5,174.09,171.21,171.86,1182371.0
2016-11-21,171.69,172.94,171.34,172.07,896767.0
2016-11-22,170.49,171.16,164.67,167.67,2290416.0
2016-11-23,165.57,169.54,165.57,168.48,1102220.0
2016-11-25,169.65,171.41,168.55,170.69,489615.0
2016-11-28,170.29,171.51,170.05,170.31,642215.0
2016-11-29,170.76,173.54,170.76,172.73,1328488.0
2016-11-30,172.18,172.75,168.31,169.1,1352491.0
2016-12-01,168.71,169.79,164.37,164.62,1059386.0
2016-12-02,165.49,167.32,164.75,165.53,909819.0
2016-12-05,166.47,167.08,163.93,164.41,1599617.0
2016-12-06,165.58,165.58,162.07,164.75,1516229.0
2016-12-07,163.5,164.05,161.29,163.99,1118544.0
2016-12-08,163.69,165.45,162.59,163.64,1394348.0
2016-12-09,163.67,166.79,163.67,166.51,778110.0
2016-12-12,166.51,169.65,166.51,169.4,966723.0
2016-12-13,168.94,171.93,167.16,168.12,1449168.0
2016-12-14,168.63,169.3,167.23,167.75,862726.0
2016-12-15,167.85,169.41,167.01,169.19,1084363.0
2016-12-16,169.32,169.97,167.11,167.75,1470395.0
2016-12-19,167.83,168.49,166.29,166.74,974910.0
2016-12-20,167.24,167.82,165.58,166.15,664158.0
2016-12-21,165.97,166.82,164.89,165.97,668300.0
2016-12-22,166.1,166.36,164.53,165.91,675841.0
2016-12-23,166.21,167.14,165.61,166.48,416439.0
2016-12-27,167.53,168.47,166.92,167.06,412884.0
2016-12-28,167.22,167.27,165.25,165.87,454883.0
2016-12-29,165.87,166.88,165.59,166.15,712499.0
2016-12-30,166.96,166.96,165.03,165.55,900374.0
2017-01-03,161.95,165.29,161.5,165.15,1696651.0
2017-01-04,165.46,165.89,164.43,164.94,1182777.0
2017-01-05,163.81,165.31,163.36,164.8,1128673.0
2017-01-06,165.29,168.58,164.94,167.89,1051732.0
2017-01-09,168.23,169.67,168.03,168.87,1165422.0
2017-01-10,168.56,172.9,168.37,170.94,1271745.0
2017-01-11,170.51,173.74,168.86,173.71,1641096.0
2017-01-12,172.87,173.69,170.57,173.49,1040604.0
2017-01-13,173.4,174.16,172.26,173.35,646651.0
2017-01-17,172.53,173.87,171.31,173.42,609898.0
2017-01-18,173.92,174.09,172.69,173.98,909925.0
2017-01-19,173.3,174.21,172.68,173.52,1796960.0
2017-01-20,173.78,174.34,172.03,172.29,1466632.0
2017-01-23,172.41,173.68,170.8,170.88,801629.0
2017-01-24,171.38,171.79,169.19,170.36,783647.0
2017-01-25,170.89,172.11,170.45,171.57,949795.0
2017-01-26,171.6,172.44,170.52,171.09,751196.0
2017-01-27,172.31,175.9,171.86,175.28,898053.0
2017-01-30,175.4,175.4,173.53,174.82,984338.0
2017-01-31,174.41,177.54,174.13,177.29,1545738.0
2017-02-01,175.88,179.14,174.35,178.97,1716115.0
2017-02-02,181.0,181.44,176.74,177.97,1285417.0
2017-02-03,178.75,179.45,177.58,179.37,1170296.0
2017-02-06,178.63,178.93,177.65,178.36,723980.0
2017-02-07,179.0,179.99,178.48,178.81,857215.0
2017-02-08,178.04,179.02,177.43,178.06,536752.0
2017-02-09,178.06,179.04,176.65,177.81,1439343.0
2017-02-10,177.81,178.67,177.54,178.03,598005.0
2017-02-13,178.52,178.91,177.72,178.55,441788.0
2017-02-14,178.44,179.0,177.72,178.77,655829.0
2017-02-15,177.92,180.49,177.92,180.09,855048.0
2017-02-16,180.24,180.9,178.92,180.62,920987.0
2017-02-17,180.2,180.9,179.32,180.9,810321.0
2017-02-21,181.5,182.65,179.91,182.02,943721.0
2017-02-22,181.33,182.58,181.12,181.95,649887.0
2017-02-23,182.23,182.85,181.55,182.3,612708.0
2017-02-24,181.98,183.42,181.14,183.42,657562.0
2017-02-27,183.16,183.87,182.33,182.82,698358.0
2017-02-28,182.95,183.88,182.45,183.05,642469.0
2017-03-01,183.66,186.11,182.79,185.34,759100.0
2017-03-02,185.0,185.32,183.85,184.73,507442.0
2017-03-03,184.18,184.94,183.82,184.69,606571.0
2017-03-06,183.72,184.92,183.22,184.49,812859.0
2017-03-07,183.76,184.52,182.79,183.94,622243.0
2017-03-08,182.29,184.62,182.27,184.06,822446.0
2017-03-09,183.89,185.54,183.44,185.07,870684.0
2017-03-10,185.22,185.7,184.32,185.31,737911.0
2017-03-13,185.09,185.44,183.92,184.9,832077.0
2017-03-14,184.36,184.65,182.06,182.98,1035605.0
2017-03-15,183.6,184.76,182.86,184.54,1227802.0
2017-03-16,183.45,183.95,180.1,181.37,1609762.0
2017-03-17,181.69,184.22,181.23,183.79,1842546.0
2017-03-20,184.12,184.2,182.09,182.63,788794.0
2017-03-21,183.28,183.99,180.4,181.32,1180851.0
2017-03-22,181.9,183.87,180.51,182.64,1330656.0
2017-03-23,182.15,185.0,181.76,183.71,1088911.0
2017-03-24,183.67,185.09,183.42,183.87,658057.0
2017-03-27,183.1,184.4,182.09,183.76,818512.0
2017-03-28,183.47,184.32,182.31,183.92,660815.0
2017-03-29,183.21,184.47,182.58,183.87,454533.0
2017-03-30,183.59,184.39,182.67,183.71,548452.0
2017-03-31,183.17,183.89,182.6,183.44,716559.0
2017-04-03,184.0,185.21,182.63,184.28,617086.0
2017-04-04,184.4,184.4,182.31,183.07,754741.0
2017-04-05,183.77,184.93,182.95,183.31,703319.0
2017-04-06,183.08,183.8,182.34,183.4,713464.0
2017-04-07,183.5,184.6,183.43,184.11,635743.0
2017-04-10,185.07,185.07,183.35,184.04,1041686.0
2017-04-11,183.43,184.43,182.71,183.78,514763.0
2017-04-12,182.91,183.94,182.46,183.22,715887.0
2017-04-13,182.8,183.77,182.59,182.59,582566.0
2017-04-17,183.23,184.1,182.77,183.96,423884.0
2017-04-18,183.31,183.88,182.18,183.38,543967.0
2017-04-19,184.27,184.89,183.8,184.16,545381.0
2017-04-20,184.14,186.4,183.33,186.05,627168.0
2017-04-21,185.99,186.14,184.25,185.29,577681.0
2017-04-24,179.0,180.26,175.66,177.07,9751836.0
2017-04-25,178.52,180.79,177.3,179.07,4023471.0
2017-04-26,179.7,180.13,178.28,179.81,2552552.0
2017-04-27,179.97,182.85,179.43,182.55,2207018.0
2017-04-28,182.09,187.2,181.67,186.97,3770920.0
2017-05-01,186.38,187.63,184.84,186.38,2404223.0
2017-05-02,185.52,186.38,183.01,185.28,3292009.0
2017-05-03,184.84,185.33,182.5,183.76,2572333.0
2017-05-04,183.65,184.86,182.78,184.86,1969607.0
2017-05-05,184.78,186.09,184.1,185.4,1426032.0
2017-05-08,184.29,184.8,182.35,182.62,2460047.0
2017-05-09,182.07,182.44,179.51,180.66,3214490.0
2017-05-10,181.15,181.55,177.64,179.76,5005871.0
2017-05-11,181.7,184.95,181.56,184.86,11111550.0
2017-05-12,184.24,187.69,184.12,184.62,3134728.0
2017-05-15,184.12,185.22,183.54,185.13,2849491.0
2017-05-16,185.62,185.81,182.64,182.75,1866153.0
2017-05-17,181.34,182.49,180.44,181.48,2269090.0
2017-05-18,181.48,183.45,180.9,182.61,1576485.0
2017-05-19,183.0,185.1,182.95,184.13,2418336.0
2017-05-22,184.08,185.78,183.17,184.77,1812827.0
2017-05-23,185.13,187.19,185.03,186.62,1788741.0
2017-05-24,186.56,187.25,185.71,187.0,1465509.0
2017-05-25,187.14,187.42,185.33,186.77,1205879.0
2017-05-26,187.03,187.41,185.65,186.48,1248845.0
2017-05-30,185.76,188.48,185.33,188.07,1581465.0
2017-05-31,189.29,190.71,188.1,189.23,2351780.0
2017-06-01,188.37,193.35,188.3,192.83,2024230.0
2017-06-02,192.96,194.11,192.36,193.06,1397713.0
2017-06-05,193.2,193.95,192.42,193.07,1312523.0
2017-06-06,193.38,193.89,191.33,191.9,1375675.0
2017-06-07,191.56,193.15,191.31,192.59,1214035.0
2017-06-08,192.52,193.7,190.74,191.83,1566234.0
2017-06-09,192.0,192.95,190.98,192.0,1677118.0
2017-06-12,192.2,192.58,187.27,191.0,1806978.0
2017-06-13,191.03,192.89,190.06,192.36,1162094.0
2017-06-14,193.0,193.71,191.77,192.52,907600.0
2017-06-15,191.77,192.92,190.94,191.85,1158997.0
2017-06-16,191.95,192.39,190.6,191.29,1538311.0
2017-06-19,191.87,194.04,191.6,193.48,1188060.0
2017-06-20,193.21,195.88,193.01,194.46,1793260.0
2017-06-21,194.76,195.52,193.1,193.49,1581210.0
2017-06-22,193.32,195.39,192.94,195.06,1285900.0
2017-06-23,195.08,195.45,193.84,195.15,1694042.0
2017-06-26,194.95,195.28,194.15,194.72,1255801.0
2017-06-27,194.5,196.01,193.92,194.99,1941135.0
2017-06-28,195.89,195.98,194.63,194.91,1192109.0
2017-06-29,194.5,195.56,192.02,193.23,937059.0
2017-06-30,195.07,196.59,195.01,195.11,1259308.0
2017-07-03,195.79,196.22,194.63,194.63,681642.0
2017-07-05,194.53,197.27,194.22,196.98,1064385.0
2017-07-06,196.38,196.66,194.88,195.34,1314178.0
2017-07-07,196.0,197.85,195.39,197.79,1052121.0
2017-07-10,197.84,198.15,196.67,197.5,1317876.0
2017-07-11,197.12,198.15,196.21,196.36,668526.0
2017-07-12,197.54,199.24,196.79,198.15,565054.0
2017-07-13,198.36,198.39,197.02,197.88,303675.0
2017-07-14,198.24,200.56,197.73,200.5,393763.0
2017-07-17,200.76,201.3,199.45,200.04,471957.0
2017-07-18,199.61,201.44,199.17,201.01,563359.0
2017-07-19,201.5,202.57,200.74,202.02,1257052.0
2017-07-20,202.39,204.01,201.77,203.52,504390.0
2017-07-21,203.27,205.72,202.93,205.12,855706.0
2017-07-24,205.14,205.94,204.4,205.81,804362.0
2017-07-25,206.13,206.63,203.27,204.53,492111.0
2017-07-26,203.17,204.4,202.41,202.97,586894.0
2017-07-27,203.0,203.4,200.5,201.67,1348973.0
2017-07-28,201.83,203.19,200.49,202.0,734899.0
2017-07-31,202.34,202.89,200.84,201.4,1051420.0
2017-08-01,202.29,202.29,200.57,201.23,379061.0
2017-08-02,201.39,201.73,199.1,200.46,625089.0
2017-08-03,192.94,199.51,192.34,198.9,1160233.0
2017-08-04,200.03,200.27,195.48,196.85,1128397.0
2017-08-07,197.09,197.84,196.01,197.83,412958.0
2017-08-08,198.15,198.91,196.47,196.63,563244.0
2017-08-09,196.23,197.89,196.23,197.84,1093335.0
2017-08-10,197.69,199.01,197.3,198.22,1254359.0
2017-08-11,198.41,201.12,197.55,200.36,1251199.0
2017-08-14,201.49,202.3,200.59,201.77,1558912.0
2017-08-15,201.94,202.9,201.41,201.48,992142.0
2017-08-16,201.97,202.67,200.82,201.39,1090283.0
2017-08-17,201.13,202.27,199.31,199.31,985933.0
2017-08-18,199.56,199.56,196.69,197.69,989225.0
2017-08-21,198.09,199.25,196.73,199.17,659764.0
2017-08-22,199.15,200.89,198.84,200.36,855489.0
2017-08-23,199.59,200.14,197.3,197.58,1158730.0
2017-08-24,198.68,198.68,196.84,197.86,814613.0
2017-08-25,198.09,198.79,197.69,198.57,789306.0
2017-08-28,199.17,199.82,198.62,199.05,455529.0
2017-08-29,198.11,199.38,198.08,198.9,805037.0
2017-08-30,198.5,198.87,197.38,197.9,813853.0
2017-08-31,198.28,199.69,197.55,199.44,1150999.0
2017-09-01,199.44,199.87,197.56,199.15,757084.0
2017-09-05,198.39,200.41,198.31,200.07,896570.0
2017-09-06,200.57,201.0,199.15,199.23,772529.0
2017-09-07,198.45,200.78,198.45,199.57,968319.0
2017-09-08,199.95,204.29,199.46,203.7,1202165.0
2017-09-11,204.79,204.86,202.84,203.87,1614296.0
2017-09-12,203.45,203.79,201.41,202.2,1129041.0
2017-09-13,201.64,202.4,195.81,196.62,1952236.0
2017-09-14,196.29,197.91,195.52,197.6,1408527.0
2017-09-15,197.51,198.24,195.08,195.34,1579400.0
2017-09-18,195.92,196.93,195.46,195.61,1060466.0
2017-09-19,195.76,196.6,192.69,193.0,1412455.0
2017-09-20,193.11,194.4,192.65,194.0,1109261.0
2017-09-21,193.79,193.89,191.53,191.56,1061757.0
2017-09-22,192.5,193.22,191.6,193.06,1056748.0
2017-09-25,192.91,193.62,192.04,193.2,1198324.0
2017-09-26,194.06,194.55,192.98,194.32,991200.0
2017-09-27,194.53,194.68,192.59,194.05,864704.0
2017-09-28,194.35,195.39,192.66,193.6,948663.0
2017-09-29,192.99,195.99,192.99,195.95,1102653.0
2017-10-02,196.91,197.84,195.3,196.29,1066085.0
2017-10-03,196.2,196.79,193.05,193.73,1051670.0
2017-10-04,193.73,195.13,193.67,195.0,889275.0
2017-10-05,195.0,197.25,194.19,197.25,1244423.0
2017-10-06,197.25,198.17,196.57,198.08,1132897.0
2017-10-09,197.53,197.69,196.41,197.14,1068865.0
2017-10-10,196.97,197.52,195.72,196.29,1061161.0
2017-10-11,196.27,197.65,196.19,197.51,774516.0
2017-10-12,196.77,198.89,196.77,198.83,754867.0
2017-10-13,198.68,201.47,197.44,201.43,1340057.0
2017-10-16,200.94,201.42,200.18,200.82,1078292.0
2017-10-17,200.85,203.28,200.08,203.07,956454.0
2017-10-18,203.08,207.73,202.73,207.72,2149551.0
2017-10-19,207.36,209.5,206.7,209.36,1066612.0
2017-10-20,210.0,212.54,209.72,211.83,1249552.0
2017-10-23,212.06,214.72,210.47,211.03,1004910.0
2017-10-24,211.58,211.58,209.81,210.97,953737.0
2017-10-25,210.91,211.66,209.98,210.39,1179449.0
2017-10-26,211.49,211.55,209.47,209.84,1936360.0
2017-10-27,210.1,211.19,209.23,210.1,1571834.0
2017-10-30,209.73,210.16,207.79,208.65,1112519.0
2017-10-31,208.5,209.55,208.0,208.67,1323983.0
2017-11-01,207.53,210.1,203.99,208.06,2077033.0
2017-11-02,214.94,224.73,210.0,224.02,2706465.0
2017-11-03,218.42,224.89,217.5,224.41,1405516.0
2017-11-06,224.66,225.23,222.05,222.2,992754.0
2017-11-07,222.75,223.11,219.72,221.27,2236386.0
2017-11-08,221.43,222.33,220.27,221.43,1224973.0
2017-11-09,220.97,224.58,220.53,224.48,988370.0
2017-11-10,223.68,224.3,217.56,219.23,1773109.0
2017-11-13,218.67,220.71,217.5,220.0,867167.0
2017-11-14,219.04,221.15,218.7,220.46,868931.0
2017-11-15,220.08,220.44,218.83,219.1,811592.0
2017-11-16,219.82,221.59,219.14,221.52,897724.0
2017-11-17,220.77,221.42,219.92,220.31,719688.0
2017-11-20,221.15,222.31,220.48,221.5,807948.0
2017-11-21,223.28,227.5,222.53,226.83,1476576.0
2017-11-22,226.23,226.23,222.96,224.23,1161293.0
2017-11-24,225.0,226.4,224.23,226.28,374011.0
2017-11-27,226.3,227.84,224.85,225.4,1044347.0
2017-11-28,226.37,227.33,224.89,227.15,1133687.0
2017-11-29,227.11,227.8,225.13,226.88,931595.0
2017-11-30,227.0,228.8,224.75,228.21,2090852.0
2017-12-01,228.27,229.69,224.52,226.33,1566682.0
2017-12-04,227.94,228.54,218.87,218.92,1695385.0
2017-12-05,218.93,220.75,218.51,219.07,963727.0
2017-12-06,218.4,220.43,218.0,218.92,1306940.0
2017-12-07,218.4,219.36,216.88,217.81,1351579.0
2017-12-08,218.56,220.44,217.44,219.68,1159994.0
2017-12-11,219.53,220.66,217.5,218.31,1149193.0
2017-12-12,219.25,220.89,218.67,218.99,1296617.0
2017-12-13,218.76,220.61,218.39,218.94,994178.0
2017-12-14,219.26,220.55,218.45,218.77,1368691.0
2017-12-15,220.29,222.1,218.68,221.46,2197020.0
2017-12-18,221.63,222.69,220.66,221.73,1124294.0
2017-12-19,222.33,222.89,220.43,221.33,983763.0
2017-12-20,220.96,222.2,218.86,218.99,888554.0
2017-12-21,219.85,220.62,217.53,217.78,656559.0
2017-12-22,218.3,218.66,216.87,217.23,1339894.0
2017-12-26,217.69,217.79,216.41,217.02,469912.0
2017-12-27,217.13,217.78,216.5,217.32,641283.0
2017-12-28,217.32,218.88,214.18,214.32,2213980.0
2017-12-29,216.37,218.25,213.95,214.06,1649421.0
2018-01-02,215.09,220.04,215.09,217.84,2689274.0
2018-01-03,219.43,221.28,218.78,219.99,1749103.0
2018-01-04,219.34,221.77,219.21,220.99,1332304.0
2018-01-05,222.37,223.55,221.26,222.08,1424748.0
2018-01-08,222.03,222.68,220.26,221.4,1736643.0
2018-01-09,222.34,226.85,221.6,226.42,1387268.0
2018-01-10,226.0,226.09,222.84,224.56,1275268.0
2018-01-11,224.56,225.94,221.86,225.82,1554993.0
2018-01-12,226.77,227.78,223.94,227.71,1870458.0
2018-01-16,227.98,230.12,226.62,228.54,1746180.0
2018-01-17,230.28,231.38,226.75,231.37,1666027.0
2018-01-18,231.11,232.35,229.1,232.12,1104769.0
2018-01-19,234.5,234.7,232.55,234.51,1468532.0
2018-01-22,234.07,236.74,233.26,236.71,1324309.0
2018-01-23,236.03,236.86,234.34,234.71,1205194.0
2018-01-24,236.13,239.4,235.08,238.64,1029260.0
2018-01-25,239.65,244.34,239.26,242.35,1498604.0
2018-01-26,244.3,246.32,240.31,246.28,1601293.0
2018-01-29,246.3,248.39,244.29,244.93,1286997.0
2018-01-30,243.1,244.68,241.12,243.5,1243380.0
2018-01-31,243.77,244.83,241.65,242.94,1524867.0
2018-02-01,241.08,243.51,240.2,241.52,1117976.0
2018-02-02,240.56,241.43,236.69,237.11,1346496.0
2018-02-05,237.75,237.76,224.82,224.82,1840676.0
2018-02-06,217.0,234.44,215.0,227.52,3057432.0
2018-02-07,227.93,227.93,220.93,221.92,2612475.0
2018-02-08,221.89,222.59,211.24,211.44,3003676.0
2018-02-09,212.59,218.82,209.91,217.14,2030319.0
2018-02-12,219.17,220.25,217.66,218.89,2318086.0
2018-02-13,216.99,216.99,213.37,215.4,1830064.0
2018-02-14,214.42,220.46,214.03,219.95,1322920.0
2018-02-15,221.65,223.15,218.85,222.51,982991.0
2018-02-16,221.66,224.85,221.28,222.87,981599.0
2018-02-20,223.27,223.27,218.72,219.82,1120081.0
2018-02-21,220.12,223.35,218.67,218.7,1033473.0
2018-02-22,219.83,221.42,217.72,218.32,793230.0
2018-02-23,219.42,220.39,217.48,220.34,729187.0
2018-02-26,221.59,225.27,221.12,225.03,1205803.0
2018-02-27,225.61,228.35,225.05,225.05,1319277.0
2018-02-28,225.31,227.9,221.9,222.02,1304853.0
2018-03-01,221.6,221.81,215.47,218.12,1542365.0
2018-03-02,216.62,218.73,216.19,217.65,1014101.0
2018-03-05,217.0,218.41,215.26,217.27,1777742.0
2018-03-06,217.92,219.42,215.26,216.96,1461847.0
2018-03-07,215.64,219.5,215.6,219.1,1012316.0
2018-03-08,218.92,224.0,218.91,223.44,1131152.0
2018-03-09,224.46,227.25,222.49,226.12,1461864.0
2018-03-12,227.5,227.8,225.24,225.5,1063089.0
2018-03-13,226.98,227.08,223.6,223.85,955712.0
2018-03-14,224.56,224.93,222.17,223.52,1314467.0
2018-03-15,223.97,226.02,222.96,224.15,895359.0
2018-03-16,224.39,225.0,223.2,223.27,1451411.0
2018-03-19,223.21,223.55,218.07,219.53,1161893.0
2018-03-20,220.25,221.09,218.95,219.9,716451.0
2018-03-21,220.4,220.66,217.91,218.5,754032.0
2018-03-22,217.45,219.31,213.15,213.25,1019208.0
2018-03-23,214.14,215.21,210.39,210.6,1762589.0
2018-03-26,212.97,215.6,211.08,215.25,1149321.0
2018-03-27,215.81,217.0,211.72,213.02,1361799.0
2018-03-28,213.81,214.87,211.8,212.43,961944.0
2018-03-29,213.03,219.13,212.02,216.7,1443004.0
2018-04-02,215.99,216.57,210.21,213.3,1498022.0
2018-04-03,213.88,217.01,211.84,216.82,1462957.0
2018-04-04,214.52,219.1,213.36,218.78,1583640.0
2018-04-05,219.82,220.59,218.06,220.13,1043375.0
2018-04-06,218.56,219.77,212.21,215.5,1320605.0
2018-04-09,216.22,220.28,215.69,217.4,1178147.0
2018-04-10,221.46,226.65,221.19,223.65,1701052.0
2018-04-11,222.16,223.3,221.05,222.11,867328.0
2018-04-12,223.83,224.64,222.58,223.45,929850.0
2018-04-13,224.54,226.45,223.64,225.37,962181.0
2018-04-16,226.86,231.3,226.23,229.57,1176843.0
2018-04-17,230.93,234.0,229.39,233.43,1109860.0
2018-04-18,233.92,235.0,232.65,234.39,754383.0
2018-04-19,234.4,236.13,233.81,235.24,1043562.0
2018-04-20,235.82,235.87,232.05,232.88,1002420.0
2018-04-23,233.86,234.0,231.82,233.02,748398.0
2018-04-24,233.76,234.87,228.72,230.88,1044085.0
2018-04-25,230.01,230.89,227.72,229.49,1122352.0
2018-04-26,230.21,233.19,229.34,232.89,888132.0
2018-04-27,232.85,234.59,231.61,234.26,937598.0
2018-04-30,235.25,235.95,231.82,231.87,1354546.0
2018-05-01,230.77,233.8,230.68,233.71,1010002.0
2018-05-02,232.82,234.1,230.19,230.19,1408214.0
2018-05-03,230.39,230.39,222.36,227.13,1685889.0
2018-05-04,226.04,226.89,222.87,224.66,1442574.0
2018-05-07,225.07,226.8,224.59,225.18,998931.0
2018-05-08,224.45,225.0,219.8,221.35,1466975.0
2018-05-09,222.46,224.44,218.73,223.39,1039197.0
2018-05-10,224.01,226.25,223.09,225.49,962061.0
2018-05-11,225.86,226.69,223.57,225.24,931194.0
2018-05-14,225.51,227.82,225.35,227.18,1081968.0
2018-05-15,225.98,227.39,223.57,224.75,1289712.0
2018-05-16,224.46,225.97,223.67,224.87,1200752.0
2018-05-17,225.05,225.56,223.33,224.22,1221463.0
2018-05-18,223.9,225.37,223.18,225.01,1011008.0
2018-05-21,225.82,229.16,225.32,228.76,1308601.0
2018-05-22,230.5,230.5,224.83,225.54,1179089.0
2018-05-23,224.24,227.08,224.24,226.25,1415089.0
2018-05-24,226.53,227.36,225.1,225.6,1014228.0
2018-05-25,225.11,225.8,223.14,223.73,1027711.0
2018-05-29,221.97,221.97,218.6,219.91,1380740.0
2018-05-30,221.45,223.84,220.16,223.52,1205451.0
2018-05-31,223.46,224.81,221.08,221.59,3019237.0
2018-06-01,223.32,225.25,223.04,224.94,966659.0
2018-06-04,226.02,228.83,225.04,228.33,896904.0
2018-06-05,228.53,228.9,227.03,227.72,1000254.0
2018-06-06,228.03,232.15,227.23,231.61,1031010.0
2018-06-07,231.56,231.75,227.81,229.79,908156.0
2018-06-08,230.1,231.93,228.85,231.84,713813.0
2018-06-11,231.81,234.21,230.47,232.57,1204227.0
2018-06-12,232.73,234.47,232.5,233.64,1006818.0
2018-06-13,234.0,235.19,231.99,232.26,694718.0
2018-06-14,233.33,233.65,231.46,232.82,785104.0
2018-06-15,232.41,232.97,231.37,232.16,1543152.0
2018-06-18,230.26,231.63,227.06,231.09,1039815.0
2018-06-19,229.64,230.24,228.6,230.02,1151685.0
2018-06-20,229.77,231.49,229.68,230.12,736959.0
2018-06-21,232.99,235.56,230.91,233.24,1188915.0
2018-06-22,234.12,239.16,233.65,237.6,3608616.0
2018-06-25,237.71,237.71,232.95,234.75,1028796.0
2018-06-26,234.75,241.2,234.75,239.5,1930337.0
2018-06-27,239.79,242.34,236.7,236.7,1644864.0
2018-06-28,236.36,240.24,235.02,239.7,1242423.0
2018-06-29,239.42,242.64,239.32,239.56,1271404.0
2018-07-02,237.45,239.23,235.33,238.9,807722.0
2018-07-03,239.61,241.24,238.33,240.48,679790.0
2018-07-05,241.13,242.6,240.31,242.18,955369.0
2018-07-06,242.68,244.94,241.87,242.86,817327.0
2018-07-09,244.15,245.54,243.72,244.66,925149.0
2018-07-10,245.0,245.74,243.66,244.55,1020693.0
2018-07-11,243.28,245.54,242.27,244.63,971657.0
2018-07-12,245.48,247.14,244.75,246.74,636192.0
2018-07-13,247.71,247.87,246.46,247.1,517286.0
2018-07-16,246.56,246.99,244.67,245.13,601505.0
2018-07-17,245.35,248.39,244.7,247.75,726478.0
2018-07-18,247.75,248.57,245.63,246.15,602534.0
2018-07-19,246.05,248.55,244.76,246.98,1009049.0
2018-07-20,246.01,248.35,246.01,247.03,714820.0
2018-07-23,246.46,248.63,246.1,248.21,465014.0
2018-07-24,248.56,249.93,247.21,248.48,830356.0
2018-07-25,246.66,251.54,246.0,251.16,793295.0
2018-07-26,251.6,252.74,249.04,251.37,961945.0
2018-07-27,251.08,252.1,248.81,250.2,1108461.0
2018-07-30,249.83,250.63,246.14,247.26,1100381.0
2018-07-31,248.23,250.97,247.17,250.37,1215246.0
2018-08-01,250.05,252.49,249.23,250.0,1309511.0
2018-08-02,245.92,247.06,239.8,245.1,1962175.0
2018-08-03,246.63,248.46,244.74,247.12,1055299.0
2018-08-06,247.22,248.91,246.56,248.32,947409.0
2018-08-07,248.23,248.78,247.17,247.98,757845.0
2018-08-08,248.98,252.17,248.36,251.4,1192939.0
2018-08-09,252.66,253.77,251.18,251.5,720335.0
2018-08-10,250.53,251.78,248.67,249.33,1345504.0
2018-08-13,249.52,251.05,247.6,248.23,739436.0
2018-08-14,248.29,251.33,247.73,250.4,624283.0
2018-08-15,249.82,251.73,248.42,251.03,832565.0
2018-08-16,251.88,253.42,250.77,252.63,466644.0
2018-08-17,253.26,253.9,251.46,253.12,528086.0
2018-08-20,254.0,254.35,252.44,252.81,531062.0
2018-08-21,253.99,254.99,251.32,251.35,845115.0
2018-08-22,250.61,253.4,249.04,252.86,491588.0
2018-08-23,253.67,254.66,252.74,253.84,482181.0
2018-08-24,254.0,255.8,253.85,255.4,447745.0
2018-08-27,256.41,256.92,254.66,256.3,474148.0
2018-08-28,256.87,257.99,256.37,257.65,648532.0
2018-08-29,257.5,259.99,257.5,259.35,905434.0
2018-08-30,258.9,261.12,258.9,260.32,780649.0
2018-08-31,259.76,262.67,259.76,261.87,887560.0
2018-09-04,262.14,263.37,261.43,261.93,1139637.0
2018-09-05,260.97,261.53,256.64,257.58,935841.0
2018-09-06,257.89,258.04,254.65,255.66,1375362.0
2018-09-07,254.5,255.99,253.77,254.37,1063035.0
2018-09-10,255.72,256.61,254.52,254.57,805475.0
2018-09-11,253.76,256.06,253.21,255.18,1079881.0
2018-09-12,255.68,258.97,255.25,258.35,1302566.0
2018-09-13,259.57,261.7,259.25,261.0,893254.0
2018-09-14,260.98,261.7,259.96,260.63,601198.0
2018-09-17,260.0,260.42,256.42,257.23,918095.0
2018-09-18,256.79,260.5,256.61,259.75,926252.0
2018-09-19,260.31,261.01,259.16,260.04,858830.0
2018-09-20,261.17,262.35,260.41,261.89,903408.0
2018-09-21,261.28,262.7,260.55,261.52,1720525.0
2018-09-24,260.73,262.76,260.57,262.4,867873.0
2018-09-25,263.32,263.8,261.79,262.17,533455.0
2018-09-26,262.17,264.47,260.8,261.66,824544.0
2018-09-27,262.16,262.16,259.85,259.99,503827.0
2018-09-28,259.66,261.93,258.76,261.0,955492.0
2018-10-01,262.0,265.87,262.0,264.38,1016959.0
2018-10-02,264.15,264.68,261.79,263.9,711244.0
2018-10-03,263.05,263.44,258.31,258.7,1061253.0
2018-10-04,258.44,258.77,252.24,253.38,1069731.0
2018-10-05,253.42,254.89,251.41,253.77,1045185.0
2018-10-08,253.77,254.08,248.16,250.37,885092.0
2018-10-09,249.71,252.26,248.59,250.5,601798.0
2018-10-10,249.42,249.99,242.19,242.77,1010719.0
2018-10-11,242.23,244.7,237.09,238.49,1665491.0
2018-10-12,242.66,245.41,239.93,242.62,1211087.0
2018-10-15,242.45,242.85,238.31,238.31,1124998.0
2018-10-16,239.9,244.58,238.72,244.3,1684342.0
2018-10-17,243.93,245.6,242.65,244.98,809346.0
2018-10-18,245.15,245.15,238.16,239.8,827041.0
2018-10-19,239.16,240.92,237.28,238.09,1245976.0
2018-10-22,238.87,239.48,235.12,235.34,951654.0
2018-10-23,232.18,232.84,227.12,231.37,1809220.0
2018-10-24,231.62,233.96,226.69,227.36,1364938.0
2018-10-25,228.88,233.1,226.67,231.45,1236951.0
2018-10-26,228.8,232.01,226.25,229.0,1289193.0
2018-10-29,231.89,232.94,225.34,228.5,795584.0
2018-10-30,229.22,231.38,226.96,230.6,1203712.0
2018-10-31,232.91,234.09,230.21,230.5,1571860.0
2018-11-01,230.08,234.31,229.76,234.16,1083070.0
2018-11-02,235.59,237.84,232.03,235.58,1211942.0
2018-11-05,235.72,238.36,234.61,237.32,1836851.0
2018-11-06,226.06,241.05,225.0,240.69,2683926.0
2018-11-07,242.82,243.05,236.0,236.86,2827549.0
2018-11-08,236.8,244.54,236.29,244.48,1543430.0
2018-11-09,242.23,244.12,240.0,243.26,1005799.0
2018-11-12,243.1,243.1,236.11,236.22,1009281.0
2018-11-13,236.48,239.16,233.3,234.5,934293.0
2018-11-14,236.0,237.24,233.56,235.24,891832.0
2018-11-15,233.91,240.2,232.42,240.04,1033503.0
2018-11-16,238.76,248.13,238.29,246.07,1244767.0
2018-11-19,245.92,247.66,242.19,243.4,927902.0
2018-11-20,241.9,242.85,238.04,239.36,1752416.0
2018-11-21,241.13,244.4,240.54,242.04,998332.0
2018-11-23,240.8,243.63,240.19,242.02,357423.0
2018-11-26,243.31,244.33,241.99,242.1,1128248.0
2018-11-27,241.33,243.84,239.44,243.51,903109.0
2018-11-28,243.8,249.66,243.75,249.64,1065962.0
2018-11-29,248.67,251.41,248.14,250.1,962612.0
2018-11-30,250.38,253.32,249.32,252.75,1345586.0
2018-12-03,253.94,256.04,251.47,252.56,1397960.0
2018-12-04,252.76,253.29,244.55,244.92,1452711.0
2018-12-06,242.54,243.29,234.82,241.23,1931671.0
2018-12-07,240.97,241.93,233.59,234.44,1180129.0
2018-12-10,234.11,237.3,230.0,236.43,881518.0
2018-12-11,238.87,241.58,235.0,236.66,1067317.0
2018-12-12,239.55,241.75,235.39,235.56,1009699.0
2018-12-13,236.65,238.39,234.72,236.89,1119985.0
2018-12-14,234.32,234.62,230.52,231.45,1128314.0
2018-12-17,230.0,230.29,224.41,225.85,1174330.0
2018-12-18,227.85,228.0,221.12,223.16,1283554.0
2018-12-19,224.28,228.68,220.64,222.24,1657325.0
2018-12-20,220.93,223.11,215.75,217.48,1943621.0
2018-12-21,216.74,220.05,213.93,214.26,2818348.0
2018-12-24,213.46,213.77,209.8,209.85,907762.0
2018-12-26,210.42,217.89,208.62,217.86,980217.0
2018-12-27,215.43,222.25,214.04,222.22,1189246.0
2018-12-28,223.88,224.37,221.02,221.99,815535.0
2018-12-31,223.73,225.91,222.82,225.32,665510.0
2019-01-02,221.97,223.01,218.22,220.08,1176777.0
2019-01-03,218.09,218.75,210.72,211.2,1889961.0
2019-01-04,213.3,218.59,213.3,216.99,1974950.0
2019-01-07,216.82,222.74,216.34,218.64,1660542.0
2019-01-08,220.22,223.01,219.85,222.7,1132035.0
2019-01-09,224.26,229.01,223.82,227.45,1185908.0
2019-01-10,226.33,229.69,225.34,229.45,841094.0
2019-01-11,228.38,229.53,226.58,228.87,937367.0
2019-01-14,227.4,229.18,226.35,226.38,946600.0
2019-01-15,227.01,231.14,227.01,230.78,845676.0
2019-01-16,231.6,232.97,230.15,231.27,775966.0
2019-01-17,235.09,237.11,232.0,236.11,1651400.0
2019-01-18,237.31,242.25,236.3,242.08,1351408.0
2019-01-22,240.72,241.71,237.55,239.19,1060626.0
2019-01-23,239.05,240.92,236.03,239.14,723428.0
2019-01-24,238.64,241.02,237.59,240.72,818805.0
2019-01-25,242.0,244.78,240.92,243.06,1232675.0
2019-01-28,241.12,242.2,239.7,241.84,740893.0
2019-01-29,241.88,244.78,241.73,242.45,994158.0
2019-01-30,242.95,246.4,241.82,245.48,858748.0
2019-01-31,244.76,249.87,243.38,249.46,1555130.0
2019-02-01,249.27,250.11,245.5,247.42,1002174.0
2019-02-04,246.99,248.0,244.17,247.16,981987.0
2019-02-05,248.0,254.0,241.39,242.41,2125021.0
2019-02-06,242.24,245.44,241.88,243.07,1250878.0
2019-02-07,241.25,243.22,239.95,241.56,961065.0
2019-02-08,240.67,242.26,237.75,242.21,981908.0
2019-02-11,242.97,244.81,241.75,242.78,766356.0
2019-02-12,243.71,246.52,242.37,246.26,1095547.0
2019-02-13,247.25,247.73,244.73,245.05,874601.0
2019-02-14,244.3,245.95,243.0,244.51,867124.0
2019-02-15,246.91,248.39,245.0,248.34,1477561.0
2019-02-19,247.65,248.6,246.99,248.04,730290.0
2019-02-20,247.68,249.19,246.92,249.06,861302.0
2019-02-21,249.05,249.05,246.39,247.69,696989.0
2019-02-22,248.18,249.85,247.87,249.66,671561.0
2019-02-25,250.58,252.0,249.99,250.28,1043698.0
2019-02-26,250.22,250.59,248.07,249.11,786795.0
2019-02-27,247.95,250.32,247.79,250.29,704599.0
2019-02-28,250.21,251.83,248.62,248.79,1214936.0
2019-03-01,250.53,254.47,249.9,254.37,978621.0
2019-03-04,255.44,255.62,249.86,252.86,822377.0
2019-03-05,252.85,252.87,250.13,252.23,574134.0
2019-03-06,252.51,252.69,247.43,248.58,845251.0
2019-03-07,247.94,248.28,245.47,246.67,719167.0
2019-03-08,245.62,247.01,243.58,246.72,804858.0
2019-03-11,247.9,249.97,247.73,249.94,639514.0
2019-03-12,250.8,252.35,250.06,250.58,825306.0
2019-03-13,251.79,254.94,251.29,253.63,801480.0
2019-03-14,253.74,253.74,251.32,252.26,875157.0
2019-03-15,252.81,257.16,252.56,253.92,2015212.0
2019-03-18,249.25,249.25,242.04,244.67,1953432.0
2019-03-19,244.69,247.65,242.62,247.57,1360444.0
2019-03-20,247.63,247.63,242.19,243.15,1346429.0
2019-03-21,242.95,245.68,242.6,245.42,1112377.0
2019-03-22,244.43,244.74,240.04,240.12,1094249.0
2019-03-25,240.73,241.52,238.21,241.25,1143920.0
2019-03-26,243.34,248.03,243.34,247.0,1380882.0
2019-03-27,247.22,247.9,244.16,245.6,1075925.0
2019-03-28,246.12,247.39,244.67,247.0,990019.0
2019-03-29,248.26,249.99,247.19,249.73,1483562.0
2019-04-01,250.88,252.75,250.19,251.39,1121986.0
2019-04-02,251.41,252.02,250.41,250.74,981854.0
2019-04-03,251.53,251.55,248.36,249.39,1374059.0
2019-04-04,249.88,251.88,248.42,251.59,1155697.0
2019-04-05,252.52,253.65,250.94,251.28,1475013.0
2019-04-08,251.57,251.83,249.11,250.99,1245056.0
2019-04-09,249.33,250.47,247.65,249.77,1341120.0
2019-04-10,249.94,253.83,249.39,252.23,835092.0
2019-04-11,253.21,253.34,251.24,251.73,959443.0
2019-04-12,252.61,253.6,246.37,246.71,1338350.0
2019-04-15,246.79,247.69,245.19,246.2,1102275.0
2019-04-16,247.5,249.07,239.64,240.02,1559350.0
2019-04-17,240.71,240.71,221.51,225.87,4695280.0
2019-04-18,226.0,230.88,223.63,227.89,2542740.0
2019-04-22,227.12,229.53,224.61,225.04,1489639.0
2019-04-23,225.06,231.24,224.28,228.04,2557261.0
2019-04-24,227.87,233.28,226.09,232.5,1768790.0
2019-04-25,231.77,238.36,230.7,237.43,1816947.0
2019-04-26,238.51,239.0,236.06,238.12,806910.0
2019-04-29,237.31,238.94,235.7,236.71,1103239.0
2019-04-30,237.43,240.95,233.91,240.74,1807930.0
2019-05-01,240.29,240.73,235.1,235.65,937510.0
2019-05-02,235.63,237.69,234.31,236.67,954634.0
2019-05-03,237.9,238.1,235.91,237.89,925377.0
2019-05-06,234.12,238.9,232.64,238.52,1403740.0
2019-05-07,236.8,237.52,231.0,232.55,1487852.0
2019-05-08,233.05,234.01,230.69,232.33,1560231.0
2019-05-09,224.96,231.51,222.5,229.8,2916925.0
2019-05-10,228.27,229.79,223.57,225.4,2487174.0
2019-05-13,223.0,228.35,222.5,223.69,1609310.0
2019-05-14,223.82,227.09,222.78,222.84,1409186.0
2019-05-15,222.07,227.19,221.47,225.41,1439058.0
2019-05-16,225.5,228.03,224.52,225.93,1531761.0
2019-05-17,223.93,229.79,223.9,228.36,2490054.0
2019-05-20,227.63,230.75,227.24,229.36,1567963.0
2019-05-21,230.54,235.24,230.54,233.97,1724266.0
2019-05-22,233.29,236.42,232.43,235.68,1278206.0
2019-05-23,235.04,235.04,231.92,234.0,1131299.0
2019-05-24,234.89,238.33,234.12,235.19,1300146.0
2019-05-28,236.5,239.46,234.15,234.16,2259827.0
2019-05-29,233.56,236.89,232.49,234.0,1135011.0
2019-05-30,234.16,237.61,233.88,237.2,721827.0
2019-05-31,235.59,235.74,233.22,233.44,1038962.0
2019-06-03,233.97,236.05,231.25,232.66,1127479.0
2019-06-04,234.73,236.49,233.06,235.22,1005055.0
2019-06-05,237.34,241.16,235.34,239.36,1470954.0
2019-06-06,237.71,238.02,233.09,236.63,1673078.0
2019-06-07,238.18,239.54,237.15,238.38,1270044.0
2019-06-10,239.33,241.46,238.35,240.21,1280669.0
2019-06-11,241.33,241.84,236.18,237.02,954151.0
2019-06-12,236.27,239.24,236.03,236.97,1006064.0
2019-06-13,237.82,237.82,234.65,237.04,1232457.0
2019-06-14,237.42,237.42,234.03,234.16,984241.0
2019-06-17,234.42,235.6,233.11,234.19,948355.0
2019-06-18,235.22,237.53,235.22,236.56,875249.0
2019-06-19,236.36,239.09,236.06,238.24,1529130.0
2019-06-20,240.0,245.34,239.36,245.12,1565878.0
2019-06-21,245.45,248.4,244.25,247.3,2411638.0
2019-06-24,247.41,250.08,246.6,249.98,1106497.0
2019-06-25,250.0,252.41,247.96,248.22,1358457.0
2019-06-26,248.29,248.81,244.12,248.11,1216999.0
2019-06-27,249.26,251.33,248.36,249.15,897299.0
2019-06-28,250.38,252.11,249.45,252.01,1552150.0
2019-07-01,253.16,254.95,251.3,254.55,1038415.0
2019-07-02,254.8,255.0,251.5,253.86,836703.0
2019-07-03,254.17,255.24,252.64,255.24,607926.0
2019-07-05,253.39,255.02,251.31,254.2,574967.0
2019-07-08,253.18,254.0,250.73,250.97,1065868.0
2019-07-09,249.97,252.13,249.59,251.72,922510.0
2019-07-10,252.3,254.73,252.3,253.47,712136.0
2019-07-11,254.59,256.27,252.93,256.17,1025980.0
2019-07-12,256.05,256.28,251.25,252.88,645233.0
2019-07-15,253.37,254.3,251.79,253.24,674304.0
2019-07-16,254.0,254.07,250.74,251.38,593128.0
2019-07-17,252.59,252.66,250.32,251.85,705661.0
2019-07-18,250.99,254.04,250.9,253.83,540497.0
2019-07-19,254.12,254.16,250.71,250.84,758995.0
2019-07-22,251.48,252.81,251.14,252.51,1034758.0
2019-07-23,253.03,255.85,252.28,255.79,751243.0
2019-07-24,255.62,256.62,252.85,256.25,741845.0
2019-07-25,255.08,257.34,253.84,254.15,871271.0
2019-07-26,255.36,256.46,253.51,254.39,662855.0
2019-07-29,254.88,255.69,252.88,254.79,758990.0
2019-07-30,253.49,258.06,253.38,258.03,600925.0
2019-07-31,257.42,258.05,251.7,252.8,1682134.0
2019-08-01,252.9,257.73,251.64,252.35,1000186.0
2019-08-02,252.38,252.67,247.05,248.69,1166959.0
2019-08-05,245.0,245.45,236.0,236.34,2174770.0
2019-08-06,239.63,245.0,229.0,242.14,2625424.0
2019-08-07,240.44,245.44,237.2,244.69,1523098.0
2019-08-08,246.53,252.04,245.51,251.57,1306342.0
2019-08-09,252.57,255.13,251.9,254.35,1153160.0
2019-08-12,252.78,254.76,248.47,249.16,536060.0
2019-08-13,249.27,254.56,248.72,253.34,932600.0
2019-08-14,250.45,251.61,244.53,244.71,1028960.0
2019-08-15,244.65,247.74,244.47,246.35,975027.0
2019-08-16,248.13,248.94,247.07,248.33,784498.0
2019-08-19,251.05,252.69,249.43,251.48,672903.0
2019-08-20,251.74,254.37,249.15,249.28,902091.0
2019-08-21,250.77,253.5,250.71,253.37,1007951.0
2019-08-22,254.0,257.09,253.97,255.18,1154172.0
2019-08-23,254.65,255.81,247.24,248.31,1106023.0
2019-08-26,250.34,251.2,247.55,248.81,721637.0
2019-08-27,251.01,253.36,248.19,250.32,905625.0
2019-08-28,249.02,253.94,248.91,253.01,569589.0
2019-08-29,255.2,255.56,253.72,255.04,521731.0
2019-08-30,256.72,256.72,252.82,253.92,799885.0
2019-09-03,251.16,252.71,245.91,248.03,861192.0
2019-09-04,250.08,255.09,249.27,254.71,1027146.0
2019-09-05,257.6,258.95,256.22,258.48,1027197.0
2019-09-06,258.92,264.74,257.42,262.48,1351305.0
2019-09-09,263.42,263.51,256.95,257.8,867598.0
2019-09-10,257.08,260.51,253.22,260.51,1713257.0
2019-09-11,260.05,261.47,255.29,261.0,1183333.0
2019-09-12,263.61,263.84,258.99,262.15,1097064.0
2019-09-13,262.82,262.87,259.83,260.7,674709.0
2019-09-16,259.28,259.86,257.95,258.73,852994.0
2019-09-17,259.81,259.93,257.57,258.15,857462.0
2019-09-18,258.0,259.31,255.19,257.52,760533.0
2019-09-19,257.54,259.07,256.06,256.38,847759.0
2019-09-20,255.6,256.63,253.28,253.55,1927741.0
2019-09-23,253.39,255.54,253.08,253.43,967252.0
2019-09-24,254.64,256.11,249.5,251.02,1252871.0
2019-09-25,250.9,254.66,250.5,253.95,878556.0
2019-09-26,254.83,254.83,248.21,250.54,1069216.0
2019-09-27,252.29,252.31,247.48,248.03,907225.0
2019-09-30,249.05,254.41,248.76,252.96,1666556.0
2019-10-01,254.22,256.34,250.1,250.64,873630.0
2019-10-02,249.25,250.21,245.08,247.87,1071170.0
2019-10-03,247.57,251.25,245.08,250.91,822739.0
2019-10-04,251.88,253.3,250.36,253.11,613232.0
2019-10-07,251.8,253.0,249.48,249.58,896372.0
2019-10-08,247.8,248.23,244.09,244.48,898915.0
2019-10-09,246.37,248.63,245.35,247.81,595980.0
2019-10-10,246.58,249.61,245.71,248.54,594463.0
2019-10-11,252.06,254.98,251.38,252.86,851194.0
2019-10-14,252.86,252.86,250.46,250.72,623350.0
2019-10-15,252.41,254.54,251.02,253.28,904578.0
2019-10-16,252.44,254.02,250.92,252.94,1016323.0
2019-10-17,254.0,258.07,253.68,256.8,1008409.0
2019-10-18,256.66,259.12,255.74,258.59,842894.0
2019-10-21,257.11,259.14,253.98,254.1,954592.0
2019-10-22,254.39,256.51,249.88,250.28,711988.0
2019-10-23,252.28,253.02,250.55,251.6,969126.0
2019-10-24,252.89,252.89,244.76,245.9,1388232.0
2019-10-25,245.9,248.07,244.22,244.3,1715914.0
2019-10-28,245.75,249.15,244.59,246.08,1907296.0
2019-10-29,246.92,257.27,246.05,254.28,1623652.0
2019-10-30,254.09,256.17,253.95,255.95,721465.0
2019-10-31,255.58,257.03,254.01,256.0,1629644.0
2019-11-01,257.7,260.1,256.92,258.15,1385026.0
2019-11-04,260.66,261.69,257.6,260.7,1272521.0
2019-11-05,254.96,258.77,246.3,246.68,2887816.0
2019-11-06,246.68,250.81,246.48,250.79,1785686.0
2019-11-07,251.19,252.07,243.94,244.57,1458982.0
2019-11-08,244.0,247.08,244.0,244.79,1495820.0
2019-11-11,243.39,244.44,241.75,242.44,1085020.0
2019-11-12,241.76,245.0,241.28,242.36,1035783.0
2019-11-13,242.06,247.03,240.61,247.01,1389052.0
2019-11-14,247.22,250.21,247.22,248.8,1004041.0
2019-11-15,250.11,250.46,247.34,248.3,1157139.0
2019-11-18,248.69,249.52,242.79,243.51,1793544.0
2019-11-19,244.62,247.19,243.66,245.78,1079415.0
2019-11-20,246.7,247.74,245.38,246.78,1277316.0
2019-11-21,247.11,249.94,246.47,248.96,1009300.0
2019-11-22,249.12,250.26,247.09,249.89,974791.0
2019-11-25,250.31,254.22,248.87,253.86,1236358.0
2019-11-26,254.07,256.15,253.9,255.22,1487895.0
2019-11-27,255.22,261.64,255.0,260.4,1446410.0
2019-11-29,258.96,260.33,257.42,258.5,583213.0
2019-12-02,258.09,259.59,255.7,259.03,1419808.0
2019-12-03,256.16,258.02,253.58,255.73,1672907.0
2019-12-04,256.38,258.0,254.77,257.23,1096617.0
2019-12-05,257.95,260.19,256.1,258.91,834643.0
2019-12-06,260.0,261.92,259.41,260.69,1045980.0
2019-12-09,259.14,259.76,257.32,257.9,917143.0
2019-12-10,258.37,258.59,255.68,257.24,974548.0
2019-12-11,257.94,261.31,256.47,261.06,1076560.0
2019-12-12,260.91,266.57,260.81,265.44,1400891.0
2019-12-13,265.13,269.41,264.17,268.72,1688843.0
2019-12-16,269.79,270.08,268.28,269.88,1441552.0
2019-12-17,270.84,272.94,268.2,269.03,1402079.0
2019-12-18,268.76,269.3,266.06,267.18,1170673.0
2019-12-19,266.97,269.09,266.22,267.87,1152548.0
2019-12-20,270.76,275.48,269.95,271.66,2398345.0
2019-12-23,272.29,274.17,271.1,273.49,831881.0
2019-12-24,273.56,273.86,271.3,273.01,210521.0
2019-12-26,273.03,273.78,270.39,271.06,502230.0
2019-12-27,271.58,272.92,270.96,272.85,546591.0
2019-12-30,272.68,273.71,270.0,270.52,443855.0
2019-12-31,270.06,272.01,268.74,271.97,829007.0
2020-01-02,272.09,273.45,269.87,272.54,1598406.0
2020-01-03,268.46,271.03,268.41,269.59,1562931.0
2020-01-06,268.96,273.7,266.65,273.38,1564290.0
2020-01-07,271.58,273.52,270.13,272.73,1336402.0
2020-01-08,272.91,275.54,271.56,273.4,1408520.0
2020-01-09,274.79,275.2,272.94,273.54,936608.0
2020-01-10,275.13,276.29,273.59,274.46,972931.0
2020-01-13,274.46,276.48,273.4,276.2,1276642.0
2020-01-14,275.12,277.45,273.27,275.96,1441453.0
2020-01-15,275.92,279.62,275.79,277.3,1128745.0
2020-01-16,278.68,278.99,274.38,276.87,904365.0
2020-01-17,277.72,278.43,275.3,277.08,1170937.0
2020-01-21,276.84,278.06,275.31,277.53,1290714.0
2020-01-22,278.22,279.5,277.66,278.83,1049668.0
2020-01-23,278.71,280.29,276.68,278.73,1134522.0
2020-01-24,279.58,280.56,277.57,278.25,1237096.0
2020-01-27,274.4,280.47,273.1,279.75,1588788.0
2020-01-28,280.26,283.69,279.83,282.26,1194787.0
2020-01-29,283.05,283.95,281.39,282.2,927607.0
2020-01-30,280.0,282.01,279.55,281.15,1372061.0
2020-01-31,279.54,280.98,274.49,275.18,1736446.0
2020-02-03,277.23,281.75,276.86,279.31,1782125.0
2020-02-04,283.28,286.41,282.49,284.45,1268598.0
2020-02-05,286.33,286.72,283.55,285.99,1402108.0
2020-02-06,253.0,262.7,241.75,252.25,10053873.0
2020-02-07,251.6,251.72,246.48,246.91,3712590.0
2020-02-10,247.22,252.86,246.54,252.0,2603914.0
2020-02-11,253.66,259.25,253.08,256.41,2605004.0
2020-02-12,256.76,257.38,250.07,252.23,2383449.0
2020-02-13,252.06,256.44,250.86,254.35,1897088.0
2020-02-14,255.03,260.34,253.63,260.22,2320526.0
2020-02-18,260.75,261.79,255.67,256.0,1842135.0
2020-02-19,257.2,258.41,255.62,256.07,1540229.0
2020-02-20,255.31,257.75,252.03,253.46,1131959.0
2020-02-21,252.56,258.79,252.38,257.35,1867706.0
2020-02-24,250.62,252.86,249.31,250.53,1637869.0
2020-02-25,251.31,252.2,243.15,245.43,2223517.0
2020-02-26,247.35,249.82,245.11,246.15,2056019.0
2020-02-27,244.62,250.41,242.41,242.69,2637558.0
2020-02-28,237.01,238.89,231.62,237.82,3588387.0
2020-03-02,237.84,245.32,234.05,245.32,2234243.0
2020-03-03,245.84,249.36,235.35,239.5,1948620.0
2020-03-04,244.3,247.88,243.2,247.11,1954917.0
2020-03-05,241.64,244.82,239.77,244.14,2274659.0
2020-03-06,237.4,239.89,230.59,239.12,4223955.0
2020-03-09,225.55,234.66,223.0,230.78,2589771.0
2020-03-10,236.77,239.12,229.93,237.31,2627647.0
2020-03-11,231.17,234.4,229.16,231.91,1983197.0
2020-03-12,223.3,234.88,220.54,220.57,3731536.0
2020-03-13,227.99,239.02,216.09,236.5,3459320.0
2020-03-16,216.0,234.54,208.65,223.14,2908621.0
2020-03-17,230.54,248.94,223.34,248.52,3872919.0
2020-03-18,239.1,251.97,228.0,234.72,3687975.0
2020-03-19,236.5,237.66,220.56,220.96,2641842.0
2020-03-20,217.81,224.72,216.22,220.12,3699647.0
2020-03-23,219.26,223.39,197.75,200.58,4464382.0
2020-03-24,209.41,211.77,199.5,202.85,3490633.0
2020-03-25,205.54,209.27,199.15,203.6,3489286.0
2020-03-26,204.8,219.55,204.37,219.35,2664864.0
2020-03-27,212.57,221.51,211.44,216.58,2251523.0
2020-03-30,220.05,223.71,217.33,222.87,1925918.0
2020-03-31,222.06,231.05,219.0,229.77,2698755.0
2020-04-01,221.71,229.77,220.0,225.4,2003239.0
2020-04-02,225.06,233.61,224.42,233.28,1557462.0
2020-04-03,231.01,232.86,222.79,226.73,1263705.0
2020-04-06,231.09,239.18,229.43,237.69,2254331.0
2020-04-07,240.0,243.0,235.06,237.55,2351975.0
2020-04-08,239.15,251.71,235.32,250.0,2504362.0
2020-04-09,250.0,250.58,243.53,247.45,2389842.0
2020-04-13,245.52,248.84,241.6,248.06,1308978.0
2020-04-14,251.99,251.99,247.56,249.53,2150915.0
2020-04-15,247.55,253.77,245.59,252.53,1832250.0
2020-04-16,254.76,262.62,252.56,261.61,1649535.0
2020-04-17,265.69,266.04,255.79,261.4,2030815.0
2020-04-20,261.9,266.77,259.55,263.44,1370670.0
2020-04-21,259.87,261.33,254.46,256.5,2455576.0
2020-04-22,258.87,267.9,257.99,266.76,2008020.0
2020-04-23,268.19,270.69,264.31,265.08,1221128.0
2020-04-24,266.66,268.67,262.5,268.17,1836444.0
2020-04-27,269.36,271.45,267.55,270.0,1490357.0
2020-04-28,270.59,271.95,261.15,261.92,2163586.0
2020-04-29,263.0,263.0,257.13,257.85,1726694.0
2020-04-30,256.28,263.77,251.63,252.53,2858533.0
2020-05-01,250.8,253.89,247.79,251.87,1423157.0
2020-05-04,252.39,256.39,249.23,255.27,1126565.0
2020-05-05,258.27,263.6,256.2,261.7,940688.0
2020-05-06,260.79,262.5,258.44,259.13,1045366.0
2020-05-07,266.02,266.02,255.51,256.25,1265979.0
2020-05-08,259.22,259.76,254.01,254.48,1417379.0
2020-05-11,253.53,263.76,253.14,262.05,1490310.0
2020-05-12,262.99,266.74,261.83,262.09,1222522.0
2020-05-13,262.68,264.35,258.34,261.92,1208900.0
2020-05-14,259.44,259.97,255.04,258.7,1279860.0
2020-05-15,257.64,262.48,255.97,258.25,1988144.0
2020-05-18,264.0,268.42,262.36,264.77,1025507.0
2020-05-19,265.08,265.44,262.35,263.2,828639.0
2020-05-20,255.74,258.46,242.56,242.99,3981264.0
2020-05-21,243.24,243.6,234.51,238.94,8333175.0
2020-05-22,241.52,244.66,238.56,239.25,11783282.0
2020-05-26,240.99,243.0,231.84,233.14,3585790.0
2020-05-27,231.13,234.9,227.41,234.8,3733094.0
2020-05-28,239.41,244.28,237.35,241.5,1788389.0
2020-05-29,243.86,247.06,239.6,246.93,1925313.0
2020-06-01,246.63,249.4,242.79,244.85,1163983.0
2020-06-02,245.06,245.06,241.47,244.5,1268081.0
2020-06-03,243.21,243.9,239.61,243.04,1785909.0
2020-06-04,242.0,245.35,240.0,243.55,1824743.0
2020-06-05,243.78,244.4,240.84,242.01,3480887.0
2020-06-08,240.45,247.24,239.49,247.24,3554388.0
2020-06-09,247.35,250.32,237.19,237.28,2360399.0
2020-06-10,238.44,241.05,236.6,237.14,2375660.0
2020-06-11,235.93,236.57,229.41,230.19,2378077.0
2020-06-12,234.55,236.65,229.0,230.88,2011464.0
2020-06-15,228.74,236.1,227.06,234.15,2004482.0
2020-06-16,237.81,240.5,235.18,236.46,1482956.0
2020-06-17,237.19,240.12,235.73,237.27,1310828.0
2020-06-18,236.38,238.35,235.0,236.23,1129112.0
2020-06-19,238.55,239.37,235.14,237.59,2392995.0
2020-06-22,236.93,236.93,232.06,235.19,1445900.0
2020-06-23,236.81,240.0,236.42,237.83,1482560.0
2020-06-24,236.07,236.99,227.79,232.81,2201671.0
2020-06-25,231.8,231.8,225.3,228.94,2480259.0
2020-06-26,229.65,234.81,228.98,233.57,2569760.0
2020-06-29,234.04,234.54,228.73,232.97,2087788.0
2020-06-30,232.59,240.82,231.06,239.27,2312877.0
2020-07-01,239.04,242.97,238.76,241.53,1439630.0
2020-07-02,242.18,246.08,240.52,245.03,1884460.0
2020-07-06,248.42,253.72,247.59,250.47,3197452.0
2020-07-07,248.38,252.27,247.56,251.38,1826452.0
2020-07-08,251.94,256.93,251.23,252.73,2346793.0
2020-07-09,255.26,260.34,253.96,258.61,1769441.0
2020-07-10,258.02,259.79,254.77,257.37,887139.0
2020-07-13,257.32,262.23,255.86,257.41,1342238.0
2020-07-14,257.04,263.8,256.78,263.4,1263514.0
2020-07-15,265.0,268.15,264.11,266.96,1356994.0
2020-07-16,266.9,268.38,264.87,265.05,1286904.0
2020-07-17,266.73,269.09,264.14,266.98,1280065.0
2020-07-20,267.98,268.53,265.04,267.85,1003461.0
2020-07-21,269.73,276.42,269.0,271.31,1446208.0
2020-07-22,271.71,274.76,270.91,273.44,1110906.0
2020-07-23,274.1,276.16,271.71,272.71,841412.0
2020-07-24,272.54,272.98,269.0,271.89,618628.0
2020-07-27,270.26,275.68,269.06,275.18,933218.0
2020-07-28,274.55,275.37,272.19,273.0,812642.0
2020-07-29,273.72,277.91,273.72,276.4,843287.0
2020-07-30,273.34,275.14,270.03,273.84,917880.0
2020-07-31,274.07,281.35,273.25,281.34,1491504.0
2020-08-03,282.97,284.56,280.0,283.68,1215314.0
2020-08-04,283.03,283.9,281.5,282.86,829018.0
2020-08-05,280.3,284.97,280.3,283.43,1072159.0
2020-08-06,266.0,267.95,256.37,259.61,2591057.0
2020-08-07,260.2,261.82,255.0,256.41,2228028.0
2020-08-10,259.5,259.5,255.05,256.75,2501623.0
2020-08-11,259.29,260.56,254.95,255.0,1625902.0
2020-08-12,255.89,259.55,255.89,257.22,1224426.0
2020-08-13,256.92,262.86,256.48,262.33,1049469.0
2020-08-14,261.54,262.3,256.66,258.17,1126289.0
2020-08-17,258.89,260.65,258.0,260.04,987076.0
2020-08-18,261.52,264.9,259.16,263.86,1781165.0
2020-08-19,265.0,266.19,260.55,262.0,1014737.0
2020-08-20,260.27,261.98,258.1,258.93,768245.0
2020-08-21,258.11,259.36,255.46,257.72,1166123.0
2020-08-24,258.86,259.58,254.39,254.95,903853.0
2020-08-25,256.11,257.33,254.17,255.79,1095759.0
2020-08-26,254.68,255.1,250.05,253.98,1158599.0
2020-08-27,238.52,248.26,232.0,246.57,3851306.0
2020-08-28,247.13,247.38,240.9,242.8,1914485.0
2020-08-31,243.85,244.48,241.83,242.77,2324541.0
2020-09-01,243.97,245.87,238.73,240.84,1412500.0
2020-09-02,240.58,246.27,240.03,246.19,1301419.0
2020-09-03,246.0,246.68,234.08,235.06,1770133.0
2020-09-04,236.87,238.16,232.43,234.08,1545664.0
2020-09-08,234.75,235.54,230.51,234.06,1502588.0
2020-09-09,236.16,239.05,234.59,235.57,1402853.0
2020-09-10,235.0,235.72,231.3,234.18,2075501.0
2020-09-11,234.83,236.74,233.76,235.78,1171561.0
2020-09-14,236.91,238.48,235.86,235.9,1126714.0
2020-09-15,236.0,236.45,226.05,226.15,2480486.0
2020-09-16,226.12,229.87,224.21,227.03,2434029.0
2020-09-17,226.35,229.18,224.41,227.8,1909444.0
2020-09-18,226.16,233.94,226.16,231.9,4018832.0
2020-09-21,231.39,231.39,225.36,228.44,1219720.0
2020-09-22,227.58,228.09,222.75,223.8,1880475.0
2020-09-23,225.92,229.72,224.51,225.59,1691680.0
2020-09-24,226.0,226.47,220.04,221.16,1520316.0
2020-09-25,220.05,224.57,219.5,224.08,1492671.0
2020-09-28,226.41,227.91,224.71,225.0,1046586.0
2020-09-29,226.1,226.98,224.93,225.43,845651.0
2020-09-30,227.31,235.57,226.8,232.68,2311324.0
2020-10-01,234.41,236.82,228.65,230.85,1214213.0
2020-10-02,231.9,235.0,231.0,232.66,1008100.0
2020-10-05,234.17,238.51,234.13,238.14,975993.0
2020-10-06,238.0,240.32,235.03,235.45,994051.0
2020-10-07,236.27,237.73,234.05,235.7,1037089.0
2020-10-08,235.77,237.38,234.44,236.21,1010292.0
2020-10-09,237.52,238.13,234.42,237.31,1572659.0
2020-10-12,238.08,240.5,236.71,238.36,865022.0
2020-10-13,237.43,239.74,235.4,236.71,886064.0
2020-10-14,236.78,238.86,233.11,233.69,921569.0
2020-10-15,232.17,236.48,231.5,235.01,1144140.0
2020-10-16,235.81,239.17,234.64,236.99,1055055.0
2020-10-19,237.52,240.75,236.48,237.38,1121642.0
2020-10-20,237.92,238.49,236.0,236.26,830544.0
2020-10-21,238.22,239.0,233.04,236.4,1174490.0
2020-10-22,235.62,241.42,235.48,241.09,1096113.0
2020-10-23,240.84,242.62,239.23,240.28,985368.0
2020-10-26,239.29,242.88,238.57,242.0,975116.0
2020-10-27,242.96,245.87,242.41,244.24,997974.0
2020-10-28,240.1,241.36,235.36,235.89,1059761.0
2020-10-29,235.84,236.75,230.87,232.47,1076363.0
2020-10-30,232.36,233.96,227.82,231.13,1413146.0
2020-11-02,233.61,237.15,232.04,234.79,1036787.0
2020-11-03,236.48,239.69,234.94,237.72,1131294.0
2020-11-04,240.57,245.21,236.66,236.79,1482826.0
2020-11-05,240.0,244.47,232.44,234.65,2171781.0
2020-11-06,235.19,241.63,234.72,236.62,1333734.0
2020-11-09,246.82,247.83,239.89,240.31,1929157.0
2020-11-10,241.04,243.39,239.62,240.3,2166113.0
2020-11-11,243.61,243.92,240.81,243.16,1556311.0
2020-11-12,242.9,243.69,239.13,240.21,1305888.0
2020-11-13,241.47,244.22,240.06,242.81,1873193.0
2020-11-16,246.41,246.5,241.76,242.57,1575182.0
2020-11-17,241.75,245.22,240.47,242.41,1128959.0
2020-11-18,242.18,242.26,233.31,233.47,1860237.0
2020-11-19,234.25,235.49,231.88,232.9,1439467.0
2020-11-20,232.62,234.73,231.06,231.87,1255875.0
2020-11-23,231.78,233.41,227.69,228.48,1496456.0
2020-11-24,229.0,229.76,226.87,229.29,2314373.0
2020-11-25,230.48,230.99,226.77,227.47,1628132.0
2020-11-27,228.3,229.5,226.15,228.96,849129.0
2020-11-30,230.08,234.89,229.97,234.84,4174643.0
2020-12-01,236.12,238.73,235.58,238.65,1682128.0
2020-12-02,238.65,246.5,238.43,241.87,2235471.0
2020-12-03,241.26,241.33,237.49,238.51,2347908.0
2020-12-04,238.49,242.8,238.39,242.76,2360880.0
2020-12-07,242.43,243.58,235.86,236.45,1298340.0
2020-12-08,235.11,240.36,234.61,240.24,1194947.0
2020-12-09,240.04,240.78,237.6,239.96,1315769.0
2020-12-10,240.43,243.31,240.03,242.33,1351229.0
2020-12-11,241.25,242.94,240.05,242.69,1274140.0
2020-12-14,243.46,246.74,239.88,240.0,1236637.0
2020-12-15,240.44,245.59,239.84,244.13,1261695.0
2020-12-16,244.95,247.07,242.25,245.29,1210735.0
2020-12-17,246.45,249.63,246.01,248.7,1172739.0
2020-12-18,248.45,253.23,247.0,252.09,2750686.0
2020-12-21,249.36,250.4,245.27,247.86,938607.0
2020-12-22,247.41,248.48,245.23,245.9,941191.0
2020-12-23,247.08,247.23,244.18,244.25,919508.0
2020-12-24,244.9,249.25,244.9,247.99,439981.0
2020-12-28,248.8,249.87,247.29,248.15,644520.0
2020-12-29,249.41,250.75,247.28,248.35,817030.0
2020-12-30,248.61,249.34,246.59,246.68,667324.0
2020-12-31,247.23,250.78,246.76,250.22,697594.0
2021-01-04,251.0,251.71,246.75,250.7,1120021.0
2021-01-05,251.25,252.7,247.42,251.03,1180859.0
2021-01-06,250.29,254.62,250.0,253.64,1473197.0
2021-01-07,254.46,255.87,251.21,253.5,1227443.0
2021-01-08,254.56,256.67,253.63,255.06,1457224.0
2021-01-11,255.63,257.8,255.0,257.11,870112.0
2021-01-12,261.74,267.37,259.6,263.08,2171090.0
2021-01-13,262.44,266.19,262.0,263.01,1091759.0
2021-01-14,262.61,262.99,257.42,257.77,1369454.0
2021-01-15,257.86,262.07,257.58,261.74,1462158.0
2021-01-19,263.98,265.23,259.3,260.77,1221627.0
2021-01-20,260.16,263.58,259.0,263.3,1189089.0
2021-01-21,262.29,264.0,260.17,261.9,1274071.0
2021-01-22,261.58,262.36,258.69,258.75,1589748.0
2021-01-25,258.5,261.24,257.34,260.24,843626.0
2021-01-26,260.0,260.23,255.47,258.35,1188615.0
2021-01-27,256.25,257.67,250.5,250.89,1323321.0
2021-01-28,252.67,258.99,251.83,256.21,1583952.0
2021-01-29,256.45,264.59,254.92,261.79,2023965.0
2021-02-01,262.45,265.02,260.85,261.37,1115165.0
2021-02-02,262.44,264.06,258.1,258.24,1555512.0
2021-02-03,258.49,263.63,257.07,260.93,1652662.0
2021-02-04,259.91,261.92,252.49,254.89,2532166.0
2021-02-05,255.29,258.19,252.14,254.68,1520344.0
2021-02-08,255.03,258.37,255.03,256.82,1341510.0
2021-02-09,256.43,257.24,253.04,254.17,1238904.0
2021-02-10,256.23,256.8,252.08,252.9,941821.0
2021-02-11,254.26,254.26,250.72,253.39,1230778.0
2021-02-12,253.76,257.02,252.38,256.32,1136776.0
2021-02-16,256.44,257.81,255.07,257.34,1026841.0
2021-02-17,256.71,257.31,254.28,256.82,1151524.0
2021-02-18,256.71,257.98,254.0,255.82,1417324.0
2021-02-19,255.91,256.06,247.78,247.93,2064264.0
2021-02-22,248.13,248.26,241.85,246.02,1330442.0
2021-02-23,246.87,248.86,243.26,247.7,1711778.0
2021-02-24,247.4,248.14,244.68,246.71,1566365.0
2021-02-25,246.74,250.2,245.4,247.15,1223922.0
2021-02-26,246.11,247.5,241.01,241.15,1540891.0
2021-03-01,242.71,246.14,241.85,246.06,1316390.0
2021-03-02,247.12,247.12,243.37,244.73,829793.0
2021-03-03,243.99,244.53,241.23,241.66,1373326.0
2021-03-04,241.82,243.88,238.46,240.88,1394474.0
2021-03-05,241.84,247.61,240.95,246.45,1105590.0
2021-03-08,245.81,249.64,244.02,246.1,977059.0
2021-03-09,247.1,248.09,242.71,242.85,1218708.0
2021-03-10,245.17,245.17,236.82,237.89,2111499.0
2021-03-11,238.0,239.73,236.03,238.2,2479717.0
2021-03-12,239.37,240.12,236.31,238.24,1201171.0
2021-03-15,238.39,241.0,237.92,240.76,1099059.0
2021-03-16,241.24,241.52,238.66,239.55,925758.0
2021-03-17,239.25,240.97,238.63,239.36,1162906.0
2021-03-18,238.62,240.99,238.03,239.2,862134.0
2021-03-19,239.94,241.33,237.87,239.02,2564087.0
2021-03-22,238.5,241.69,238.0,241.62,1006277.0
2021-03-23,241.96,241.99,239.46,240.26,907777.0
2021-03-24,239.33,242.32,238.77,241.77,965255.0
2021-03-25,243.65,243.65,238.56,241.73,1202628.0
2021-03-26,242.19,245.34,239.27,245.12,1123340.0
2021-03-29,245.67,248.41,243.54,247.14,895758.0
2021-03-30,246.13,248.37,244.12,245.19,900811.0
2021-03-31,245.17,245.79,242.34,243.15,1176331.0
2021-04-01,243.55,244.58,240.57,241.58,958128.0
2021-04-05,242.38,247.12,242.38,245.09,1223724.0
2021-04-06,245.14,247.22,243.38,244.62,911977.0
2021-04-07,244.69,245.11,242.35,244.02,772491.0
2021-04-08,244.02,244.48,242.43,242.87,1345086.0
2021-04-09,243.08,247.99,243.08,247.93,1226106.0
2021-04-12,247.36,247.72,245.88,247.41,1013225.0
2021-04-13,246.76,251.46,246.5,250.7,974751.0
2021-04-14,250.67,251.0,248.54,249.82,1103969.0
2021-04-15,250.82,258.95,250.77,257.85,2068821.0
2021-04-16,258.99,262.01,257.96,260.94,1904293.0
2021-04-19,260.29,260.83,257.28,258.96,1441740.0
2021-04-20,258.72,260.6,256.18,256.44,1495754.0
2021-04-21,257.55,259.69,257.17,258.14,1378718.0
2021-04-22,257.03,258.48,256.09,257.13,976501.0
2021-04-23,257.55,257.55,252.13,255.85,1532027.0
2021-04-26,255.99,258.36,255.85,257.45,1067163.0
2021-04-27,257.14,259.44,253.28,258.21,1053653.0
2021-04-28,258.53,259.9,256.72,257.51,834055.0
2021-04-29,258.16,258.27,251.08,251.42,1179484.0
2021-04-30,250.34,251.71,247.35,248.81,1723270.0
2021-05-03,249.71,253.76,249.08,253.12,978876.0
2021-05-04,252.71,252.78,249.32,251.52,996666.0
2021-05-05,251.67,252.0,246.04,249.77,1709030.0
2021-05-06,241.99,244.89,238.2,240.81,2813939.0
2021-05-07,239.39,244.95,238.94,239.39,2548304.0
2021-05-10,239.42,248.85,239.12,246.63,1860524.0
2021-05-11,247.32,248.63,240.58,241.2,1582072.0
2021-05-12,240.04,243.56,240.04,241.64,1636885.0
2021-05-13,242.35,245.93,241.66,244.08,1792713.0
2021-05-14,244.68,246.5,242.15,242.38,1344797.0
2021-05-17,242.86,245.29,241.04,241.09,979264.0
2021-05-18,239.88,243.3,239.2,242.18,1684212.0
2021-05-19,241.8,242.89,240.49,242.64,1059469.0
2021-05-20,241.64,245.28,241.45,244.79,1113223.0
2021-05-21,245.83,249.12,244.1,244.48,1021549.0
2021-05-24,245.03,246.12,242.3,243.72,1287325.0
2021-05-25,243.44,244.45,241.0,242.49,1587207.0
2021-05-26,240.3,243.25,239.36,242.02,1617292.0
2021-05-27,242.0,242.97,240.27,240.94,3236341.0
2021-05-28,242.98,244.3,241.62,241.89,1534240.0
2021-06-01,241.13,241.55,238.3,238.47,1915754.0
2021-06-02,238.43,239.51,238.15,238.68,1575863.0
2021-06-03,238.41,241.24,238.12,240.72,1402848.0
2021-06-04,242.0,242.41,240.09,240.66,883968.0
2021-06-07,241.2,242.12,239.3,239.56,1187302.0
2021-06-08,239.91,241.68,237.34,239.25,1501366.0
2021-06-09,239.56,243.6,239.56,243.35,1239225.0
2021-06-10,242.92,245.53,242.88,245.41,1115415.0
2021-06-11,246.73,246.74,242.06,242.64,1131258.0
2021-06-14,242.78,243.5,239.62,242.72,1251218.0
2021-06-15,242.77,243.42,240.87,241.44,1991863.0
2021-06-16,242.58,242.64,239.44,240.28,1992367.0
2021-06-17,239.8,241.61,239.8,240.25,1667905.0
2021-06-18,239.34,242.61,238.79,240.54,2561604.0
2021-06-21,240.72,241.63,239.5,240.83,1563540.0
2021-06-22,241.12,241.12,238.94,240.32,1429997.0
2021-06-23,239.79,241.48,238.85,240.22,1399167.0
2021-06-24,240.05,241.45,239.71,239.82,772503.0
2021-06-25,239.86,241.81,239.81,241.2,1711307.0
2021-06-28,241.78,244.38,241.62,243.7,1198031.0
2021-06-29,244.27,247.66,243.98,246.89,1755844.0
2021-06-30,247.04,247.38,241.42,243.19,1303358.0
2021-07-01,243.01,247.04,242.69,246.77,1213503.0
2021-07-02,247.59,248.94,246.48,248.45,989190.0
2021-07-06,248.0,249.5,246.47,249.35,1052524.0
2021-07-07,250.0,252.05,247.78,251.98,1217735.0
2021-07-08,250.3,251.7,249.06,251.0,895396.0
2021-07-09,251.65,252.04,247.79,249.8,1320360.0
2021-07-12,250.37,251.11,249.14,249.58,891918.0
2021-07-13,248.72,250.05,247.97,248.62,524403.0
2021-07-14,248.37,249.06,245.05,246.0,1387215.0
2021-07-15,244.34,247.14,243.0,246.62,959126.0
2021-07-16,247.26,249.3,246.05,248.07,1176359.0
2021-07-19,247.39,249.14,245.7,247.25,1222426.0
2021-07-20,248.59,250.18,246.48,247.0,947679.0
2021-07-21,247.41,247.74,244.0,246.35,1080356.0
2021-07-22,247.22,249.69,245.68,249.35,1345338.0
2021-07-23,250.0,251.58,249.59,251.08,1208925.0
2021-07-26,250.05,251.36,248.65,249.43,694501.0
2021-07-27,249.75,256.46,249.69,254.69,914539.0
2021-07-28,253.84,255.0,252.59,253.48,657433.0
2021-07-29,254.79,256.09,253.35,255.31,925314.0
2021-07-30,255.22,256.82,253.85,255.75,996156.0
2021-08-02,256.36,257.93,254.65,256.13,752622.0
2021-08-03,256.84,257.78,254.99,255.77,607260.0
2021-08-04,254.91,256.49,253.58,254.74,1037870.0
2021-08-05,240.28,245.04,239.99,243.08,2497046.0
2021-08-06,242.3,242.78,239.86,241.04,1400380.0
2021-08-09,241.14,242.3,237.54,238.54,1489133.0
2021-08-10,238.43,240.01,237.58,238.63,1714277.0
2021-08-11,238.86,242.3,238.79,240.66,1164291.0
2021-08-12,241.56,247.38,241.12,246.1,3831891.0
2021-08-13,246.1,247.39,245.0,246.79,1146545.0
2021-08-16,247.97,249.84,246.7,249.61,1251746.0
2021-08-17,249.7,254.14,248.96,253.48,2387583.0
2021-08-18,253.67,254.44,248.26,248.31,1520946.0
2021-08-19,248.88,250.2,247.14,247.88,1288211.0
2021-08-20,247.5,249.85,246.18,249.3,1184464.0
2021-08-23,250.0,250.95,249.07,249.85,1286302.0
2021-08-24,249.65,249.79,247.67,247.87,893652.0
2021-08-25,246.77,247.92,244.57,247.0,1119609.0
2021-08-26,246.45,248.43,246.13,247.53,1134955.0
2021-08-27,248.19,250.02,247.45,248.5,1129924.0
2021-08-30,248.95,252.03,248.27,250.47,997208.0
2021-08-31,250.37,252.21,249.37,251.7,1442129.0
2021-09-01,251.98,253.09,249.4,252.47,1169978.0
2021-09-02,253.58,255.39,252.63,255.13,1205951.0
2021-09-03,255.5,258.79,254.5,257.83,1381799.0
2021-09-07,257.83,258.84,254.91,257.83,1601033.0
2021-09-08,257.74,264.0,257.39,262.88,1864207.0
2021-09-09,261.48,263.27,259.87,260.15,1458624.0
2021-09-10,260.64,261.35,256.92,258.33,1208032.0
2021-09-13,259.47,260.55,258.24,258.6,1230733.0
2021-09-14,258.69,261.27,258.48,260.45,1298393.0
2021-09-15,261.19,263.74,259.74,261.68,1928683.0
2021-09-16,263.17,263.48,260.12,262.67,1165140.0
2021-09-17,262.0,262.93,260.41,261.95,2887689.0
2021-09-20,259.4,261.91,257.68,259.27,1393587.0
2021-09-21,260.0,262.22,258.99,259.0,1117980.0
2021-09-22,259.68,260.37,256.05,256.8,1593762.0
2021-09-23,257.38,258.36,253.46,253.82,1597192.0
2021-09-24,253.22,254.61,252.44,253.18,928277.0
2021-09-27,252.17,252.58,249.56,251.43,1103907.0
2021-09-28,250.69,251.06,247.74,249.73,1395176.0
2021-09-29,249.92,252.43,249.92,251.79,843136.0
2021-09-30,251.86,252.78,245.79,245.82,2045214.0
2021-10-01,246.43,246.43,240.92,244.68,1697940.0
2021-10-04,243.61,247.29,240.11,240.55,2243081.0
2021-10-05,240.55,245.13,240.55,243.06,1538061.0
2021-10-06,242.03,245.34,241.46,245.25,1241052.0
2021-10-07,246.16,248.21,241.11,241.75,1316174.0
2021-10-08,241.98,242.59,238.51,238.58,1562484.0
2021-10-11,238.4,238.59,235.67,235.83,883554.0
2021-10-12,235.83,238.59,235.13,238.39,1580376.0
2021-10-13,238.55,241.67,237.83,239.84,1171926.0
2021-10-14,240.76,243.4,240.76,242.68,1008272.0
2021-10-15,242.91,243.98,240.19,241.16,1281097.0
2021-10-18,240.84,240.93,238.18,238.45,871614.0
2021-10-19,239.5,242.96,239.16,242.73,836549.0
2021-10-20,244.47,248.07,243.31,246.9,1019389.0
2021-10-21,247.95,248.48,245.41,246.47,619057.0
2021-10-22,246.6,247.36,245.65,247.09,1041927.0
2021-10-25,247.12,247.36,245.19,246.41,809842.0
2021-10-26,246.8,247.3,245.86,246.35,1247328.0
2021-10-27,247.41,247.6,244.95,245.0,1178951.0
2021-10-28,245.0,246.94,238.1,238.66,1470471.0
2021-10-29,238.17,240.33,237.05,239.59,1836183.0
2021-11-01,239.93,243.56,239.29,243.05,963397.0
2021-11-02,243.04,243.5,241.22,242.9,1764588.0
2021-11-03,242.56,247.35,242.3,247.03,1621383.0
2021-11-04,250.0,252.29,242.39,244.08,2075760.0
2021-11-05,240.91,245.34,239.41,243.71,1990458.0
2021-11-08,242.48,245.61,241.34,245.27,1021935.0
2021-11-09,244.28,245.42,242.81,243.66,1537843.0
2021-11-10,244.0,246.68,241.38,245.88,1060161.0
2021-11-11,245.63,246.73,241.91,245.0,1281042.0
2021-11-12,245.19,245.79,242.77,244.0,1511588.0
2021-11-15,244.7,245.0,242.85,243.68,1359677.0
2021-11-16,244.22,245.89,243.18,244.11,1319095.0
2021-11-17,245.05,250.11,244.0,249.86,1894095.0
2021-11-18,250.64,251.55,247.3,249.36,1611108.0
2021-11-19,250.97,252.41,248.57,248.61,1304355.0
2021-11-22,247.37,247.59,244.21,245.29,1267841.0
2021-11-23,244.76,247.14,244.0,246.58,1255721.0
2021-11-24,246.27,247.35,244.43,244.46,911617.0
2021-11-26,245.03,248.78,244.32,245.09,1227088.0
2021-11-29,245.15,246.88,243.25,243.61,1270629.0
2021-11-30,244.93,244.93,236.0,237.14,4252489.0
2021-12-01,237.66,243.53,236.62,241.67,2364974.0
2021-12-02,241.78,246.02,240.95,241.94,1757974.0
2021-12-03,243.72,244.25,240.56,244.12,1275915.0
2021-12-06,245.31,249.28,244.79,246.14,1446243.0
2021-12-07,247.21,252.68,247.07,250.36,1743531.0
2021-12-08,242.6,247.88,240.09,246.45,1446371.0
2021-12-09,246.11,247.16,244.66,245.11,1185128.0
2021-12-10,245.68,246.84,243.88,244.97,951588.0
2021-12-13,245.49,254.0,245.19,252.81,1526592.0
2021-12-14,252.06,252.32,247.69,247.94,1196960.0
2021-12-15,249.43,250.72,246.9,249.42,1356190.0
2021-12-16,248.96,257.46,247.62,257.21,1788693.0
2021-12-17,256.98,259.4,255.21,256.9,2536857.0
2021-12-20,256.28,256.28,251.92,252.41,1668078.0
2021-12-21,253.86,255.45,250.12,251.83,1125571.0
2021-12-22,252.08,252.28,246.0,247.84,1209120.0
2021-12-23,248.0,249.59,246.12,248.91,964888.0
2021-12-27,250.0,251.42,248.32,251.32,606901.0
2021-12-28,251.11,251.36,248.74,250.21,561793.0
2021-12-29,250.8,253.51,249.62,252.79,837508.0
2021-12-30,253.7,255.05,252.53,253.26,503353.0
2021-12-31,253.26,254.79,251.33,251.48,664524.0
2022-01-03,250.23,253.57,246.92,253.21,997415.0
2022-01-04,252.52,253.17,249.22,251.78,908961.0
2022-01-05,251.75,255.38,251.5,252.95,924963.0
2022-01-06,251.68,253.15,249.65,249.73,767955.0
2022-01-07,250.27,255.92,249.61,254.15,1384130.0
2022-01-10,253.22,259.88,252.48,259.17,1678731.0
2022-01-11,259.3,262.33,257.08,261.74,1494150.0
2022-01-12,261.0,264.5,259.53,261.91,1419802.0
2022-01-13,261.11,263.85,259.29,263.69,1481842.0
2022-01-14,263.23,263.7,260.76,262.62,1502340.0
2022-01-18,261.67,262.37,258.04,260.42,1492113.0
2022-01-19,260.97,264.96,260.03,263.87,1669575.0
2022-01-20,264.79,268.55,263.85,263.97,1607614.0
2022-01-21,266.17,266.65,262.87,264.63,1694821.0
2022-01-24,262.72,263.84,254.11,259.96,1759702.0
2022-01-25,258.73,259.94,253.37,258.1,1474799.0
2022-01-26,257.23,259.85,253.06,253.89,1970197.0
2022-01-27,254.37,259.05,250.7,251.19,1810535.0
2022-01-28,252.53,255.83,249.02,255.73,1478054.0
2022-01-31,254.49,255.35,252.0,254.14,1635268.0
2022-02-01,254.36,255.52,250.93,253.23,1129692.0
2022-02-02,253.1,256.88,252.05,256.67,1471537.0
2022-02-03,261.7,272.36,259.46,270.58,3060024.0
2022-02-04,267.0,271.38,265.57,268.85,1678770.0
2022-02-07,269.59,272.21,267.42,269.27,1592533.0
2022-02-08,268.95,276.92,268.64,276.49,1615395.0
2022-02-09,276.65,280.62,275.37,277.24,1859565.0
2022-02-10,275.63,275.63,270.44,271.94,1366710.0
2022-02-11,270.98,274.96,268.73,269.98,1104601.0
2022-02-14,269.1,270.53,266.66,268.9,1128766.0
2022-02-15,271.87,272.83,269.61,271.15,963996.0
2022-02-16,270.07,271.95,267.15,271.13,1075556.0
2022-02-17,268.42,268.69,264.84,266.15,1297284.0
2022-02-18,266.62,268.14,262.78,264.04,1315001.0
2022-02-22,264.95,266.33,263.06,264.16,1439306.0
2022-02-23,264.73,269.77,264.08,268.66,1551844.0
2022-02-24,265.56,267.96,263.69,266.29,1581811.0
2022-02-25,267.67,273.24,266.54,272.72,1324633.0
2022-02-28,268.54,271.65,268.23,271.28,1151403.0
2022-03-01,271.0,273.45,269.35,271.39,970510.0
2022-03-02,270.59,274.4,269.84,272.52,933757.0
2022-03-03,273.25,274.87,271.23,272.84,1028677.0
2022-03-04,271.39,275.67,269.16,275.42,1334058.0
2022-03-07,273.66,276.49,269.76,276.05,1784835.0
2022-03-08,274.13,275.84,264.75,265.13,1682093.0
2022-03-09,266.13,268.3,263.47,264.84,1231563.0
2022-03-10,262.41,262.84,256.57,257.72,1990474.0
2022-03-11,257.95,258.99,254.17,254.51,1304420.0
2022-03-14,255.91,262.3,254.61,256.8,1330156.0
2022-03-15,258.01,259.17,255.47,258.69,1160509.0
2022-03-16,259.85,261.33,257.28,260.79,1177915.0
2022-03-17,260.73,263.75,257.59,262.29,1193564.0
2022-03-18,261.41,262.84,257.74,262.04,2739061.0
2022-03-21,261.38,268.1,261.02,267.6,1209876.0
2022-03-22,268.85,268.85,263.42,264.87,1207480.0
2022-03-23,265.72,266.45,260.91,261.97,1159936.0
2022-03-24,262.58,263.87,261.94,263.09,652865.0
2022-03-25,264.61,265.8,262.75,265.67,722780.0
2022-03-28,265.94,268.16,263.54,268.14,687765.0
2022-03-29,269.95,271.82,268.29,269.77,1397145.0
2022-03-30,268.98,272.18,267.86,269.59,900272.0
2022-03-31,269.32,270.25,265.49,266.0,1170747.0
2022-04-01,260.55,263.7,258.14,262.5,1354625.0
2022-04-04,261.78,262.03,256.95,258.31,1058395.0
2022-04-05,257.78,266.6,257.75,262.94,1085117.0
2022-04-06,261.94,270.97,261.15,270.65,1593534.0
2022-04-07,269.65,274.47,268.83,273.52,1003331.0
2022-04-08,274.07,277.29,274.01,275.42,1397616.0
2022-04-11,275.61,275.99,268.56,270.01,1073377.0
2022-04-12,269.32,271.44,267.02,269.18,788092.0
2022-04-13,269.07,271.44,267.7,270.94,664587.0
2022-04-14,272.22,274.13,270.14,271.68,921740.0
2022-04-18,271.01,272.17,258.98,260.1,1004661.0
2022-04-19,259.42,263.88,259.22,263.49,983474.0
2022-04-20,264.31,269.26,263.67,267.65,1426435.0
2022-04-21,271.0,271.37,264.53,264.89,1497978.0
2022-04-22,262.39,262.66,254.95,255.04,1153142.0
2022-04-25,254.7,259.18,252.65,258.46,924052.0
2022-04-26,257.9,260.0,254.0,254.98,1320723.0
2022-04-27,255.62,256.9,252.29,252.95,1392734.0
2022-04-28,254.21,255.46,250.36,253.16,959689.0
2022-04-29,251.86,252.91,246.31,247.19,1180032.0
2022-05-02,248.12,250.79,243.6,245.58,997352.0
2022-05-03,246.76,250.74,246.22,248.83,1057963.0
2022-05-04,248.01,254.49,246.32,253.54,1308919.0
2022-05-05,251.01,260.88,248.83,259.64,2461750.0
2022-05-06,256.0,259.36,250.31,257.97,2098874.0
2022-05-09,255.01,255.55,251.56,252.2,1492149.0
2022-05-10,253.22,256.18,249.0,250.1,1818816.0
2022-05-11,249.07,255.74,248.63,248.99,969130.0
2022-05-12,248.65,250.26,246.11,249.72,1167995.0
2022-05-13,251.03,251.31,245.93,248.44,1192134.0
2022-05-16,248.73,254.42,247.62,252.89,1126314.0
2022-05-17,254.14,256.27,252.62,256.26,1000617.0
2022-05-18,255.8,256.43,250.55,251.1,899245.0
2022-05-19,249.58,252.5,246.07,251.14,1234586.0
2022-05-20,252.4,253.47,247.82,252.3,910923.0
2022-05-23,255.83,257.79,253.31,257.0,858037.0
2022-05-24,256.91,258.99,255.49,257.45,964390.0
2022-05-25,259.54,259.54,248.31,252.16,1377826.0
2022-05-26,253.54,255.53,251.8,252.5,786990.0
2022-05-27,254.04,256.46,252.54,256.46,704629.0
2022-05-31,253.42,257.37,250.93,255.8,1401005.0
2022-06-01,259.05,259.05,248.19,251.4,752012.0
2022-06-02,251.96,253.95,245.91,253.68,667898.0
2022-06-03,253.15,255.31,251.98,252.34,530965.0
2022-06-06,254.06,259.13,253.05,258.72,1166971.0
2022-06-07,258.14,260.0,254.75,257.92,953987.0
2022-06-08,256.9,258.47,254.68,254.85,897953.0
2022-06-09,253.78,254.66,248.03,248.37,721862.0
2022-06-10,245.92,251.25,243.74,249.33,1372661.0
2022-06-13,244.8,247.61,240.58,241.85,1138194.0
2022-06-14,241.85,242.14,233.05,236.32,1186915.0
2022-06-15,237.3,238.97,233.7,236.79,912131.0
2022-06-16,234.01,235.26,231.46,234.74,1707140.0
2022-06-17,235.52,240.77,234.75,235.33,2228491.0
2022-06-21,238.0,238.0,234.51,236.53,1344941.0
2022-06-22,235.64,239.13,234.03,237.27,1395928.0
2022-06-23,238.01,242.76,238.01,242.54,721434.0
2022-06-24,246.57,251.26,243.23,250.92,1555624.0
2022-06-27,250.69,251.15,247.41,250.1,765742.0
2022-06-28,250.53,251.7,244.39,244.53,873836.0
2022-06-29,244.58,251.17,243.66,249.34,1144732.0
2022-06-30,248.0,249.66,245.48,246.53,1403210.0
2022-07-01,246.5,252.17,244.32,251.8,774915.0
2022-07-05,248.92,250.49,243.81,247.93,777657.0
2022-07-06,247.76,250.18,245.55,246.28,1063637.0
2022-07-07,245.8,248.35,245.55,246.39,977779.0
2022-07-08,246.26,249.56,245.5,245.66,870068.0
2022-07-11,243.24,245.0,242.66,243.7,562795.0
2022-07-12,241.37,242.69,235.6,236.92,969421.0
2022-07-13,235.0,236.85,233.21,235.46,695787.0
2022-07-14,232.2,234.75,231.91,234.16,685371.0
2022-07-15,236.81,240.07,235.62,239.24,775185.0
2022-07-18,238.08,239.11,233.93,234.31,818901.0
2022-07-19,236.67,238.81,235.63,238.46,763954.0
2022-07-20,236.45,237.71,235.18,237.19,1093205.0
2022-07-21,238.61,242.11,237.45,241.08,991715.0
2022-07-22,241.9,243.11,240.33,242.13,597982.0
2022-07-25,242.45,243.67,241.58,242.63,634085.0
2022-07-26,244.45,245.61,241.95,244.15,548879.0
2022-07-27,243.54,245.88,240.11,244.34,617349.0
2022-07-28,244.04,245.67,239.8,243.91,1005064.0
2022-07-29,243.61,245.32,242.02,244.31,1097636.0
2022-08-01,243.13,245.4,243.13,244.77,724171.0
2022-08-02,245.19,246.75,242.64,243.02,953489.0
2022-08-03,243.01,246.41,242.93,244.93,899995.0
2022-08-04,245.46,256.41,245.46,252.51,1807644.0
2022-08-05,251.45,255.4,248.3,254.23,1040260.0
2022-08-08,254.58,257.19,253.26,255.97,722169.0
2022-08-09,257.56,261.89,254.81,255.3,1126901.0
2022-08-10,257.7,259.04,256.24,258.56,727715.0
2022-08-11,258.95,262.46,258.7,259.4,850292.0
2022-08-12,259.98,263.97,259.86,263.69,830905.0
2022-08-15,263.08,267.5,262.61,266.81,774252.0
2022-08-16,266.06,269.06,264.88,267.78,988965.0
2022-08-17,265.8,267.4,263.57,264.23,637581.0
2022-08-18,264.58,264.8,261.38,263.71,619289.0
2022-08-19,264.36,265.73,261.63,264.53,709461.0
2022-08-22,263.97,265.69,259.89,260.75,761355.0
2022-08-23,259.35,260.16,256.49,257.4,880987.0
2022-08-24,257.42,260.78,256.14,258.35,880517.0
2022-08-25,259.58,260.58,258.08,260.01,676324.0
2022-08-26,260.27,260.63,253.53,253.73,727648.0
2022-08-29,252.12,256.11,251.51,254.44,534143.0
2022-08-30,254.39,254.88,252.38,253.17,696287.0
2022-08-31,253.86,257.74,252.33,252.42,1186920.0
2022-09-01,251.91,255.32,251.15,255.25,967417.0
2022-09-02,256.52,256.81,251.8,252.84,932188.0
2022-09-06,253.56,253.57,250.77,252.07,862197.0
2022-09-07,253.04,259.58,252.81,258.97,1339339.0
2022-09-08,257.5,260.7,256.42,260.5,1303901.0
2022-09-09,260.0,263.92,259.59,262.85,945288.0
2022-09-12,263.23,266.3,262.64,264.23,911018.0
2022-09-13,261.64,262.87,256.46,256.78,1010307.0
2022-09-14,257.69,262.0,256.71,258.95,1091877.0
2022-09-15,258.95,260.04,256.4,256.7,635136.0
2022-09-16,255.84,256.14,253.36,254.32,1315833.0
2022-09-19,252.61,252.61,248.62,251.26,1721838.0
2022-09-20,250.13,250.34,241.35,244.11,1431582.0
2022-09-21,244.21,246.18,237.84,238.01,1079119.0
2022-09-22,237.5,238.93,235.78,237.19,979830.0
2022-09-23,235.77,237.33,230.62,233.92,1440065.0
2022-09-26,232.84,234.44,230.2,231.64,1050635.0
2022-09-27,233.4,234.82,227.25,228.34,1103316.0
2022-09-28,229.18,232.02,227.68,230.37,1184264.0
2022-09-29,229.63,230.0,224.61,226.12,1401502.0
2022-09-30,227.13,228.63,222.61,222.83,1619756.0
2022-10-03,225.1,231.96,222.81,230.78,1020875.0
2022-10-04,231.36,237.22,230.64,236.97,1081080.0
2022-10-05,235.05,238.3,233.65,236.83,828353.0
2022-10-06,235.36,235.62,228.18,228.4,1196357.0
2022-10-07,226.93,227.55,221.64,222.67,1436814.0
2022-10-10,224.4,224.9,219.6,219.81,1099579.0
2022-10-11,220.08,224.46,217.68,222.65,935205.0
2022-10-12,222.86,224.26,220.69,220.79,746011.0
2022-10-13,217.23,227.38,215.9,226.53,955001.0
2022-10-14,228.13,229.74,223.59,224.7,892712.0
2022-10-17,226.36,230.18,225.39,229.02,990565.0
2022-10-18,234.71,236.12,230.27,230.63,1480290.0
2022-10-19,228.88,229.82,223.89,225.47,1310959.0
2022-10-20,225.75,226.44,222.22,222.58,878876.0
2022-10-21,222.87,224.4,220.59,223.6,1728829.0
2022-10-24,225.69,227.26,224.19,225.21,1636347.0
2022-10-25,225.37,226.44,224.29,225.7,1979175.0
2022-10-26,227.2,233.61,225.8,232.88,1845810.0
2022-10-27,233.75,233.75,230.07,231.17,901656.0
2022-10-28,232.19,235.64,232.19,235.26,1253938.0
2022-10-31,234.65,237.3,234.34,235.97,1313902.0
2022-11-01,236.96,237.6,232.89,233.88,2185365.0
2022-11-02,233.81,235.1,227.96,228.0,2044525.0
2022-11-03,225.99,226.13,220.98,221.0,2297559.0
2022-11-04,224.07,224.07,218.18,220.84,2382616.0
2022-11-07,220.84,222.18,219.04,220.94,1932672.0
2022-11-08,220.86,222.1,217.8,219.49,2899564.0
2022-11-09,220.02,221.18,217.7,218.29,2091436.0
2022-11-10,221.41,230.14,219.81,229.28,4010734.0
2022-11-11,230.42,230.42,224.45,227.67,1792656.0
2022-11-14,228.8,229.39,224.14,224.16,1924445.0
2022-11-15,226.23,226.23,221.12,222.37,2027395.0
2022-11-16,223.75,225.22,221.34,222.08,1458725.0
2022-11-17,220.0,222.39,218.82,219.91,1204124.0
2022-11-18,220.54,226.3,219.79,225.59,1405031.0
2022-11-21,225.61,237.37,225.61,234.69,2435762.0
2022-11-22,234.05,235.85,231.33,235.61,1401645.0
2022-11-23,235.18,237.51,234.85,237.34,983777.0
2022-11-25,237.84,238.79,236.5,238.06,374999.0
2022-11-28,237.39,239.35,236.01,237.34,1709790.0
2022-11-29,236.72,241.12,235.57,241.02,1890972.0
2022-11-30,241.52,249.68,240.04,249.34,2429126.0
2022-12-01,251.81,254.3,249.57,250.83,1658234.0
2022-12-02,248.24,252.59,247.76,252.38,1342753.0
2022-12-05,249.37,250.48,246.12,246.21,1224195.0
2022-12-06,245.48,246.99,242.76,244.39,908531.0
2022-12-07,245.25,247.24,243.52,246.48,1648596.0
2022-12-08,245.0,248.15,244.62,247.97,1224737.0
2022-12-09,247.24,249.59,246.23,247.6,856007.0
2022-12-12,249.15,254.92,248.4,254.06,1567351.0
2022-12-13,259.37,259.44,253.6,254.05,2638906.0
2022-12-14,253.81,255.48,250.57,254.04,1752924.0
2022-12-15,252.22,254.0,249.43,250.51,1149795.0
2022-12-16,248.56,250.0,246.76,249.51,2239670.0
2022-12-19,249.66,250.81,247.62,248.46,1215761.0
2022-12-20,248.76,251.22,248.07,249.24,1185179.0
2022-12-21,250.95,254.49,250.65,253.36,820318.0
2022-12-22,252.75,253.85,250.3,253.59,816724.0
2022-12-23,253.51,255.35,252.34,254.47,619363.0
2022-12-27,254.68,255.59,252.89,255.3,558076.0
2022-12-28,256.34,257.55,253.02,253.12,512996.0
2022-12-29,255.25,258.66,252.94,256.9,643905.0
2022-12-30,255.81,256.64,252.4,254.3,639898.0
2023-01-03,262.66,262.66,253.72,256.18,1001997.0
2023-01-04,258.0,258.52,256.23,258.09,1443175.0
2023-01-05,257.65,258.38,254.81,255.31,1575185.0
2023-01-06,256.88,259.52,254.62,259.34,1141199.0
2023-01-09,259.95,259.95,252.3,252.45,1337610.0
2023-01-10,254.44,256.47,254.07,255.37,1219134.0
2023-01-11,256.1,256.75,253.63,256.15,1413255.0
2023-01-12,256.6,258.0,254.08,254.6,692970.0
2023-01-13,253.77,256.22,253.2,255.85,663797.0
2023-01-17,255.12,257.27,254.89,256.0,1439903.0
2023-01-18,255.79,255.79,253.15,253.57,1090802.0
2023-01-19,252.65,255.2,251.91,253.96,913544.0
2023-01-20,254.03,254.03,250.09,253.81,902883.0
2023-01-23,253.64,253.64,249.2,249.58,1193805.0
2023-01-24,250.48,250.69,245.53,245.75,893955.0
2023-01-25,244.46,246.78,242.72,246.78,1228745.0
2023-01-26,247.21,249.2,245.29,249.14,573138.0
2023-01-27,249.29,253.38,248.13,251.82,1231434.0
2023-01-30,251.57,252.97,249.56,250.13,1044263.0
2023-01-31,249.88,252.44,248.56,252.22,1201531.0
2023-02-01,251.99,255.03,250.93,254.17,1096405.0
2023-02-02,239.17,257.69,236.11,248.47,3033954.0
2023-02-03,248.6,250.37,244.04,245.84,2117947.0
2023-02-06,246.06,250.73,246.06,250.16,1549938.0
2023-02-07,248.52,254.13,248.22,253.19,1541852.0
2023-02-08,252.38,253.11,249.29,250.23,1069818.0
2023-02-09,249.42,250.19,244.47,245.23,917531.0
2023-02-10,245.68,247.99,244.28,247.83,1155076.0
2023-02-13,247.75,248.91,245.65,247.25,1079984.0
2023-02-14,247.61,247.61,241.7,243.41,1826757.0
2023-02-15,242.66,243.82,241.55,243.55,697035.0
2023-02-16,241.11,244.25,240.17,241.94,845518.0
2023-02-17,241.9,245.1,240.97,244.52,1314209.0
2023-02-21,242.58,242.58,239.36,239.5,1179088.0
2023-02-22,239.55,241.96,239.34,240.4,1101794.0
2023-02-23,239.41,241.46,238.6,239.72,752908.0
2023-02-24,237.04,238.32,235.2,237.92,832193.0
2023-02-27,239.38,239.91,236.29,236.89,593793.0
2023-02-28,236.45,238.12,234.17,234.55,1538234.0
2023-03-01,232.48,233.5,230.6,232.16,872619.0
2023-03-02,230.78,234.25,230.35,233.96,977319.0
2023-03-03,235.38,237.31,234.67,237.22,766845.0
2023-03-06,236.64,238.0,236.07,236.22,786090.0
2023-03-07,237.19,238.23,234.92,236.13,1229796.0
2023-03-08,235.65,236.79,234.74,235.23,832213.0
2023-03-09,235.47,236.21,231.52,232.23,1038731.0
2023-03-10,232.0,232.87,228.97,229.71,1009291.0
2023-03-13,228.99,233.77,228.62,231.39,794149.0
2023-03-14,233.93,234.45,230.27,232.89,928708.0
2023-03-15,230.54,234.64,229.37,234.48,1231311.0
2023-03-16,233.25,238.42,232.35,238.0,1225989.0
2023-03-17,239.01,239.01,234.49,235.58,1542765.0
2023-03-20,235.87,239.43,235.79,238.49,951493.0
2023-03-21,239.54,240.78,237.85,240.25,1096256.0
2023-03-22,240.92,244.04,238.92,238.92,1176747.0
2023-03-23,238.65,239.85,235.27,236.38,934434.0
2023-03-24,236.83,240.77,236.04,240.5,910624.0
2023-03-27,242.93,243.77,241.94,242.18,880724.0
2023-03-28,241.71,243.37,240.75,241.23,563108.0
2023-03-29,241.49,243.85,241.49,242.93,757779.0
2023-03-30,244.05,245.2,243.29,245.17,684393.0
2023-03-31,246.49,247.64,244.25,247.54,1107486.0
2023-04-03,246.57,248.47,244.72,246.95,1027345.0
2023-04-04,247.84,250.48,247.84,248.25,1000465.0
2023-04-05,249.41,252.88,248.6,251.67,853932.0
2023-04-06,252.62,255.16,251.98,254.69,1369836.0
2023-04-10,253.46,255.55,252.22,253.53,814024.0
2023-04-11,254.03,255.52,252.92,252.98,909248.0
2023-04-12,255.68,256.32,253.52,253.85,1199755.0
2023-04-13,254.22,256.35,253.77,256.3,776316.0
2023-04-14,256.45,257.38,254.84,255.5,746832.0
2023-04-17,255.95,256.67,254.88,256.28,741920.0
2023-04-18,256.76,256.76,253.47,253.59,836331.0
2023-04-19,254.58,259.04,254.43,258.85,1379883.0
2023-04-20,258.46,262.62,257.24,261.91,1552482.0
2023-04-21,263.3,264.44,261.04,261.21,948350.0
2023-04-24,262.16,264.03,260.01,262.02,1046532.0
2023-04-25,261.77,262.7,259.76,260.93,765010.0
2023-04-26,258.31,259.28,256.68,258.51,945132.0
2023-04-27,258.66,263.86,258.06,263.3,1134766.0
2023-04-28,262.94,265.07,261.95,264.31,1414165.0
2023-05-01,263.95,266.13,263.95,265.32,1094746.0
2023-05-02,264.43,265.0,262.43,263.79,1209027.0
2023-05-03,265.04,266.7,262.75,263.61,1262943.0
2023-05-04,260.0,260.0,251.82,252.46,2405831.0
2023-05-05,254.37,256.72,252.47,253.66,1467492.0
2023-05-08,251.67,253.39,250.77,251.5,1497129.0
2023-05-09,250.69,250.77,248.03,249.65,1096874.0
2023-05-10,251.18,251.43,247.96,251.05,805905.0
2023-05-11,250.47,251.62,249.43,251.4,983398.0
2023-05-12,251.67,252.74,250.41,252.51,862177.0
2023-05-15,252.95,252.99,249.36,251.08,939065.0
2023-05-16,250.34,251.64,249.54,250.37,698467.0
2023-05-17,251.4,251.62,248.48,251.28,1079197.0
2023-05-18,250.87,252.06,249.49,251.57,1394553.0
2023-05-19,251.91,253.4,251.08,251.88,1236976.0
2023-05-22,251.51,253.9,250.71,251.04,958294.0
2023-05-23,250.2,251.15,245.6,246.48,1048030.0
2023-05-24,246.3,246.3,243.76,245.25,965217.0
2023-05-25,243.6,244.8,239.82,241.77,1422458.0
2023-05-26,241.58,243.32,240.64,241.12,840256.0
2023-05-30,241.23,242.68,238.25,238.39,1039484.0
2023-05-31,238.5,242.26,237.62,241.76,2214570.0
2023-06-01,243.73,248.56,243.08,248.11,2030118.0
2023-06-02,249.49,253.5,249.3,251.79,1738793.0
2023-06-05,252.12,255.36,252.12,253.99,1327168.0
2023-06-06,255.04,255.82,248.08,250.46,1483534.0
2023-06-07,250.11,252.94,249.21,252.23,1249106.0
2023-06-08,250.29,251.32,248.17,249.5,1231300.0
2023-06-09,250.76,252.71,249.4,251.5,1326924.0
2023-06-12,251.42,251.45,249.12,250.71,1220618.0
2023-06-13,249.79,252.17,249.21,251.5,635361.0
2023-06-14,255.51,257.63,252.71,253.33,1147981.0
2023-06-15,253.76,256.78,252.56,256.16,695586.0
2023-06-16,257.38,259.88,256.63,258.63,1483531.0
2023-06-20,257.06,259.51,255.08,256.47,933931.0
2023-06-21,256.28,257.93,254.53,257.31,766844.0
2023-06-22,258.36,259.12,257.1,258.07,714855.0
2023-06-23,258.0,259.75,256.29,256.55,816891.0
2023-06-26,256.55,257.06,252.64,256.49,653929.0
2023-06-27,256.48,258.73,254.02,258.25,910618.0
2023-06-28,258.0,259.37,257.31,259.02,1158852.0
2023-06-29,258.03,260.61,257.28,260.52,1139872.0
2023-06-30,262.19,265.09,262.03,264.01,1372128.0
2023-07-03,261.8,263.23,259.41,261.92,602455.0
2023-07-05,259.35,260.54,258.35,260.3,1155137.0
2023-07-06,259.19,260.52,258.11,258.87,745277.0
2023-07-07,257.02,258.64,256.18,256.92,920576.0
2023-07-10,257.44,259.67,256.57,257.56,799957.0
2023-07-11,257.21,259.38,256.34,259.33,704766.0
2023-07-12,261.05,261.41,257.96,258.66,774600.0
2023-07-13,257.84,260.98,257.64,259.95,1172008.0
2023-07-14,260.21,261.13,258.21,259.39,906074.0
2023-07-17,258.78,259.32,256.16,256.64,708012.0
2023-07-18,255.86,256.79,253.52,256.32,761817.0
2023-07-19,255.11,257.88,254.46,254.9,1439557.0
2023-07-20,256.31,263.48,255.97,263.41,1447132.0
2023-07-21,264.48,266.08,262.94,264.84,1148969.0
2023-07-24,282.2,287.32,278.84,279.97,3866619.0
2023-07-25,277.41,283.82,274.94,283.31,1666749.0
2023-07-26,282.97,285.01,282.0,282.8,1854955.0
2023-07-27,283.94,286.46,283.12,283.59,1947042.0
2023-07-28,285.1,285.49,280.11,280.32,1641510.0
2023-07-31,280.47,280.47,276.64,278.62,1625549.0
2023-08-01,276.29,278.65,275.11,278.54,1133118.0
2023-08-02,277.67,278.91,275.28,276.24,1396446.0
2023-08-03,275.34,277.26,265.71,268.7,2143226.0
2023-08-04,268.25,274.71,267.15,270.79,1521591.0
2023-08-07,271.4,277.19,271.05,275.22,1477042.0
2023-08-08,276.27,282.5,274.34,281.1,2522944.0
2023-08-09,279.06,284.48,279.06,281.53,2048619.0
2023-08-10,282.0,283.19,277.07,277.23,1282114.0
2023-08-11,277.41,282.53,276.11,282.31,1325387.0
2023-08-14,282.06,283.78,280.48,282.65,1077845.0
2023-08-15,282.02,282.91,279.53,279.66,811859.0
2023-08-16,278.29,279.08,276.29,276.75,814713.0
2023-08-17,277.13,277.13,274.8,275.54,924812.0
2023-08-18,274.61,275.85,272.59,273.69,974402.0
2023-08-21,273.45,276.25,272.45,275.62,1070322.0
2023-08-22,275.92,277.32,272.58,275.7,1032759.0
2023-08-23,277.18,277.49,275.33,277.08,868682.0
2023-08-24,277.19,279.68,276.96,277.0,859648.0
2023-08-25,277.78,281.85,277.15,280.01,1342984.0
2023-08-28,281.31,282.62,280.56,281.55,838479.0
2023-08-29,282.12,282.41,280.36,281.47,878200.0
2023-08-30,282.2,283.5,279.59,280.3,931912.0
2023-08-31,280.8,281.86,278.61,279.45,1103337.0
2023-09-01,281.0,281.0,277.66,278.46,834520.0
2023-09-05,278.45,278.45,272.36,272.88,1211166.0
2023-09-06,271.88,272.14,261.1,266.64,2460599.0
2023-09-07,266.98,269.44,265.9,267.06,1045370.0
2023-09-08,266.53,267.52,263.21,266.76,1182936.0
2023-09-11,267.23,268.63,263.99,267.18,1205458.0
2023-09-12,266.99,267.32,262.74,263.7,1111717.0
2023-09-13,263.35,265.33,262.72,265.01,986992.0
2023-09-14,266.35,267.0,263.49,264.62,1215365.0
2023-09-15,262.24,265.68,261.73,263.74,3003670.0
2023-09-18,264.24,266.5,262.22,264.57,818398.0
2023-09-19,264.21,266.85,263.68,265.96,867172.0
2023-09-20,267.5,268.97,266.84,267.13,1256521.0
2023-09-21,266.74,267.82,264.76,265.04,988958.0
2023-09-22,264.46,266.82,264.03,265.2,633332.0
2023-09-25,265.0,266.86,263.56,266.77,961802.0
2023-09-26,264.34,266.3,260.77,260.94,953846.0
2023-09-27,262.46,263.0,255.88,258.8,1188614.0
2023-09-28,259.62,264.04,259.62,262.74,1008034.0
2023-09-29,263.36,263.99,257.89,258.53,1244039.0
2023-10-02,256.37,258.01,255.15,257.76,749175.0
2023-10-03,257.1,259.87,256.54,258.9,1004884.0
2023-10-04,259.59,260.0,256.12,259.72,670375.0
2023-10-05,259.83,261.59,258.87,261.05,821505.0
2023-10-06,260.2,264.05,258.04,262.42,801986.0
2023-10-09,261.34,265.9,261.28,265.8,690136.0
2023-10-10,265.04,269.52,263.83,267.23,987466.0
2023-10-11,266.29,266.29,258.13,261.3,1693456.0
2023-10-12,261.69,262.55,256.66,257.07,1100175.0
2023-10-13,256.86,259.85,256.38,258.7,1032043.0
2023-10-16,259.88,261.54,257.43,259.75,750191.0
2023-10-17,258.06,261.39,256.89,259.3,842709.0
2023-10-18,260.31,261.72,257.92,259.4,940512.0
2023-10-19,259.39,261.76,256.99,257.48,809533.0
2023-10-20,257.55,261.63,257.04,258.64,1049558.0
2023-10-23,258.57,260.73,255.59,255.93,699320.0
2023-10-24,255.58,260.14,255.52,259.21,805009.0
2023-10-25,258.3,262.23,255.0,255.57,1080462.0
2023-10-26,254.48,256.38,253.31,254.18,632168.0
2023-10-27,254.07,254.8777,250.36,251.6,1060738.0
2023-10-30,253.0,253.0,248.57,251.09,1070790.0
2023-10-31,252.32,253.875,250.325,252.78,1969188.0
2023-11-01,253.76,254.51,251.365,253.78,931238.0
2023-11-02,253.79,257.465,252.94,255.92,1128863.0
2023-11-03,258.73,259.59,256.17,258.91,974946.0
2023-11-06,259.05,259.92,256.93,259.1,952365.0
2023-11-07,259.33,259.33,255.715,256.11,927515.0
2023-11-08,257.58,257.58,253.98,255.92,1185041.0
2023-11-09,237.16,239.23,229.855,232.24,5003062.0
2023-11-10,233.83,235.7,231.0601,234.65,2227484.0
2023-11-13,236.0,237.92,232.07,235.86,2204840.0
2023-11-14,236.43,237.73,232.62,233.34,2564989.0
2023-11-15,233.02,235.27,231.88,233.76,2510840.0
2023-11-16,234.65,236.615,233.96,235.07,1563400.0
2023-11-17,236.19,236.19,232.64,233.27,1812401.0
2023-11-20,232.5,234.6087,230.83,233.67,2367817.0
2023-11-21,235.52,237.18,234.755,236.16,1599221.0
2023-11-22,237.37,238.05,235.74,236.8,1929715.0
2023-11-24,236.65,238.9,236.4106,238.89,779777.0
2023-11-27,238.66,240.4,237.41,238.86,1746285.0
2023-11-28,238.72,239.95,237.19,237.28,1475191.0
2023-11-29,237.1,238.83,235.63,235.69,2722717.0
2023-11-30,236.28,237.0,234.8,236.18,3275813.0
2023-12-01,236.07,238.5,235.34,238.25,1512241.0
2023-12-04,237.32,238.56,237.1,237.57,1567344.0
2023-12-05,237.19,237.19,233.475,233.6,2421067.0
2023-12-06,233.74,234.9,232.255,233.45,1730472.0
2023-12-07,233.24,233.8675,232.0,233.54,2223279.0
2023-12-08,234.6,234.6,232.14,232.3,1648293.0
2023-12-11,232.46,234.59,232.34,233.39,1676477.0
2023-12-12,232.91,236.91,231.57,236.67,1769989.0
2023-12-13,236.45,240.52,235.56,240.47,1623892.0
2023-12-14,242.18,243.35,238.19,238.51,2240812.0
2023-12-15,234.22,237.64,233.93,237.01,2943119.0
2023-12-18,238.32,240.35,237.08,237.72,1694081.0
2023-12-19,237.61,240.96,237.61,240.62,1701316.0
2023-12-20,240.25,242.53,238.01,239.82,1518925.0
2023-12-21,240.68,243.89,240.17,243.13,1444660.0
2023-12-22,244.12,245.37,242.56,243.0,1974937.0
2023-12-26,243.0,244.4846,242.52,243.3,2091851.0
2023-12-27,242.56,243.27,241.57,242.5,1491887.0
2023-12-28,242.97,244.086,242.635,243.03,1119872.0
2023-12-29,242.71,244.13,242.37,243.83,851869.0
2024-01-02,243.22,248.85,240.05,245.42,1963835.0
2024-01-03,245.82,246.265,240.095,240.47,1842136.0
2024-01-04,240.75,243.44,240.5101,242.91,1289217.0
2024-01-05,241.82,243.87,241.0314,242.09,982183.0
2024-01-08,242.69,248.65,242.24,247.73,1605818.0
2024-01-09,247.18,249.89,237.53,237.84,2689227.0
2024-01-10,237.98,239.72,232.7,238.41,2204967.0
2024-01-11,238.22,238.9,234.28,235.01,1887611.0
2024-01-12,236.54,238.06,234.97,236.27,1363240.0
2024-01-16,235.06,237.58,232.7401,235.0,1581656.0
2024-01-17,233.87,236.78,233.0,234.3,1013628.0
2024-01-18,234.18,236.33,233.28,235.0,1209250.0
2024-01-19,235.22,236.12,233.38,235.89,1248309.0
2024-01-22,237.0,239.12,235.46,235.89,909687.0
2024-01-23,236.18,238.33,235.9,238.3,1219191.0
2024-01-24,237.97,239.21,234.51,234.57,1317917.0
2024-01-25,235.7,236.75,233.86,236.57,841044.0
2024-01-26,237.8,238.76,235.47,236.65,892234.0
2024-01-29,236.32,237.98,235.81,237.85,1084037.0
2024-01-30,238.5,238.935,236.11,236.21,1485709.0
2024-01-31,237.96,241.15,236.8,238.81,2355697.0
2024-02-01,237.5,242.35,233.14,242.35,3146252.0
2024-02-02,244.67,246.3,236.71,237.19,1724345.0
2024-02-05,236.98,238.59,234.74,235.07,1688100.0
2024-02-06,235.46,240.69,235.13,238.68,1671152.0
2024-02-07,239.04,242.34,238.8,239.48,1612509.0
2024-02-08,238.47,243.69,238.47,240.71,1643615.0
2024-02-09,240.96,244.05,240.32,243.75,2095531.0
2024-02-12,243.36,246.0,241.31,243.37,1453396.0
2024-02-13,243.47,245.22,237.3627,239.07,1908562.0
2024-02-14,239.01,239.55,236.93,238.61,1599862.0
2024-02-15,238.88,242.3,238.481,239.96,1226358.0
2024-02-16,239.81,243.98,238.27,240.76,1582393.0
2024-02-20,240.76,243.4,239.5,240.66,1193936.0
2024-02-21,240.73,245.51,240.095,245.32,1623805.0
2024-02-22,245.2,245.52,240.755,243.62,1305782.0
2024-02-23,243.95,246.6027,242.9,246.2,992660.0
2024-02-26,245.87,246.24,241.55,241.72,939372.0
2024-02-27,240.81,243.43,240.514,241.24,918733.0
2024-02-28,240.93,242.34,238.84,239.15,829070.0
2024-02-29,239.58,239.58,235.06,235.55,1812904.0
2024-03-01,235.41,236.335,233.41,235.31,1821268.0
2024-03-04,234.37,236.53,233.55,235.65,1930599.0
2024-03-05,237.27,238.61,233.12,233.45,1335679.0
2024-03-06,233.36,236.672,233.06,235.6,1335292.0
2024-03-07,237.07,238.77,235.935,237.62,1854811.0
2024-03-08,237.61,241.47,236.37,239.9,1692698.0
2024-03-11,239.68,242.38,238.54,239.5,964207.0
2024-03-12,238.46,239.45,237.24,237.82,1219821.0
2024-03-13,238.13,241.45,237.325,238.8,961404.0
2024-03-14,238.29,239.72,235.19,237.17,1121602.0
2024-03-15,232.18,237.76,232.18,236.71,2686009.0
2024-03-18,237.61,239.46,236.42,237.72,1141814.0
2024-03-19,238.19,240.34,237.925,240.24,1070412.0
2024-03-20,239.86,240.6,236.34,237.87,784008.0
2024-03-21,238.96,241.98,237.69,241.62,1357001.0
2024-03-22,242.9,246.66,242.05,246.25,2230128.0
2024-03-25,245.35,245.76,240.55,241.67,1755444.0
2024-03-26,242.21,242.86,240.59,241.88,879017.0
2024-03-27,243.27,246.59,242.69,246.53,839478.0
2024-03-28,246.73,248.42,245.33,247.45,1093910.0
2024-04-01,247.12,247.81,242.725,244.05,667344.0
2024-04-02,242.92,243.13,240.24,241.02,1227644.0
2024-04-03,241.53,245.25,240.32,243.59,1215750.0
2024-04-04,245.79,246.92,242.94,243.05,952525.0
2024-04-05,243.05,246.28,242.25,246.17,1234621.0
2024-04-08,245.61,245.61,241.56,241.72,2085999.0
2024-04-09,242.67,246.1,241.02,245.81,945000.0
2024-04-10,243.35,243.74,239.22,240.99,831231.0
2024-04-11,240.93,243.3,239.64,240.61,1010452.0
2024-04-12,239.13,240.02,233.74,235.17,1028381.0
2024-04-15,237.11,238.065,234.63,234.72,872259.0
2024-04-16,234.82,235.095,230.71,231.01,1063873.0
2024-04-17,230.74,232.64,229.395,232.21,1510566.0
2024-04-18,232.61,233.25,230.47,233.15,891455.0
2024-04-19,234.7,235.63,233.07,234.12,1265166.0
2024-04-22,234.72,236.07,233.33,233.88,768357.0
2024-04-23,234.58,236.175,233.395,234.36,800494.0
2024-04-24,232.33,234.57,230.025,233.83,779825.0
2024-04-25,233.91,234.69,230.4,230.48,885049.0
2024-04-26,230.0,233.16,230.0,231.55,738136.0
2024-04-29,231.84,234.5,231.84,233.44,918580.0
2024-04-30,232.81,234.83,232.06,234.6,1685938.0
2024-05-01,234.03,236.09,232.46,233.72,2721601.0
2024-05-02,243.0,243.28,230.25,240.35,3789533.0
2024-05-03,238.77,242.29,234.13,234.68,1722280.0
2024-05-06,236.81,238.0,235.56,236.58,1255426.0
2024-05-07,237.86,239.57,236.1098,237.15,1120065.0
2024-05-08,237.01,237.01,233.18,233.58,1749640.0
2024-05-09,234.14,236.445,233.9177,235.0,1921786.0
2024-05-10,235.0,236.32,233.73,235.67,2034312.0
2024-05-13,236.6,238.47,235.29,236.95,1073061.0
2024-05-14,238.03,238.95,234.365,235.0,1049299.0
2024-05-15,236.04,237.72,234.58,237.29,1167984.0
2024-05-16,236.65,238.335,235.56,236.62,1291355.0
2024-05-17,237.09,237.09,234.73,236.3,1784992.0
2024-05-20,236.41,237.32,234.9,237.13,966843.0
2024-05-21,237.67,238.17,234.265,234.86,1557645.0
2024-05-22,234.43,236.05,234.03,234.45,1364158.0
2024-05-23,233.77,234.565,229.55,230.35,1302484.0
2024-05-24,230.03,230.71,228.09,228.79,1373272.0
2024-05-28,227.38,228.4,225.6,226.8,1452692.0
2024-05-29,225.2,226.43,224.0,225.07,2680532.0
2024-05-30,225.37,226.94,224.0021,226.78,1691719.0
2024-05-31,227.21,232.21,226.32,231.97,4733874.0
2024-06-03,235.0,241.69,233.82,238.84,2081145.0
2024-06-04,239.12,239.75,237.19,238.5,2104730.0
2024-06-05,238.23,239.19,235.19,236.3,1166637.0
2024-06-06,235.48,240.8,234.67,240.17,1749824.0
2024-06-07,239.22,243.22,238.05,240.63,1571020.0
2024-06-10,239.31,240.39,237.475,239.51,777025.0
2024-06-11,238.65,239.2,234.62,234.94,1132983.0
2024-06-12,234.4,235.4,233.15,233.99,1101507.0
2024-06-13,233.0,233.67,229.33,231.97,868832.0
2024-06-14,232.6,233.97,230.75,233.73,1053942.0
2024-06-17,232.63,234.16,230.5,232.75,1288582.0
2024-06-18,232.41,234.7597,231.94,233.73,1035769.0
2024-06-20,233.15,239.26,232.08,238.4,1655703.0
2024-06-21,239.58,239.58,237.27,238.29,2014700.0
2024-06-24,238.73,239.56,235.33,235.91,895677.0
2024-06-25,235.28,235.51,233.18,233.87,1028883.0
2024-06-26,234.055,234.61,230.69,231.62,1695347.0
2024-06-27,232.28,232.98,229.07,230.94,1471771.0
2024-06-28,232.27,234.84,230.51,233.71,2403997.0
2024-07-01,233.76,237.705,229.12,229.27,1057872.0
2024-07-02,229.06,231.14,227.69,229.24,662931.0
2024-07-03,228.0,229.32,227.5,228.84,509764.0
2024-07-05,228.68,228.68,225.97,227.76,617147.0
2024-07-08,227.76,228.59,225.1907,225.54,826404.0
2024-07-09,225.24,225.7375,220.65,221.47,1603011.0
2024-07-10,221.41,226.62,218.75,223.87,2109932.0
2024-07-11,224.58,227.46,224.17,224.94,1849422.0
2024-07-12,225.5,230.34,224.63,229.11,2220518.0
2024-07-15,229.0,230.77,225.81,226.08,1260815.0
2024-07-16,226.71,230.97,225.4,230.7,1147585.0
2024-07-17,230.55,235.3,229.765,234.05,1228449.0
2024-07-18,231.5,235.55,231.49,231.74,1063274.0
2024-07-19,235.05,235.05,229.45,230.74,1075001.0
2024-07-22,231.27,232.22,229.04,231.09,866733.0
2024-07-23,232.0,234.45,230.37,234.33,1353844.0
2024-07-24,235.45,238.17,234.46,237.34,1226360.0
2024-07-25,237.34,241.6,231.82,232.78,2070332.0
2024-07-26,234.78,239.22,232.38,237.3,1384303.0
2024-07-29,236.95,238.87,233.87,237.84,1032666.0
2024-07-30,236.99,242.25,236.99,241.74,1719162.0
2024-07-31,240.05,242.825,237.24,241.06,3515195.0
2024-08-01,227.55,237.73,226.0,236.01,3769892.0
2024-08-02,237.0,242.55,236.21,241.87,1802924.0
2024-08-05,241.17,243.78,234.8922,235.78,1474177.0
2024-08-06,235.0,238.92,233.59,235.51,1277594.0
2024-08-07,235.76,238.7706,232.21,232.62,1104381.0
2024-08-08,232.56,236.08,231.76,234.39,1127474.0
2024-08-09,234.51,236.47,233.04,235.9,801133.0
2024-08-12,235.08,236.17,233.805,234.13,1330618.0
2024-08-13,233.89,236.82,233.5,236.28,1255870.0
2024-08-14,235.71,236.7175,233.615,234.08,1075025.0
2024-08-15,234.0,234.56,232.03,234.02,2135494.0
2024-08-16,234.76,237.135,234.5,236.33,917471.0
2024-08-19,236.33,237.25,235.43,235.9,1025221.0
2024-08-20,235.69,236.24,233.965,234.74,791370.0
2024-08-21,235.49,235.69,234.03,234.85,1310030.0
2024-08-22,235.79,235.85,234.17,235.3,1031382.0
2024-08-23,236.04,236.49,234.28,236.38,822080.0
2024-08-26,237.0,239.47,235.62,236.27,778157.0
2024-08-27,236.78,238.39,236.245,237.97,923889.0
2024-08-28,238.22,239.67,237.1093,238.9,980562.0
2024-08-29,239.79,241.46,239.28,240.97,707345.0
2024-08-30,241.34,242.61,240.29,242.41,893393.0
2024-09-03,242.0,244.98,241.7,242.18,2125185.0
2024-09-04,241.98,242.47,235.83,236.34,2258160.0
2024-09-05,236.33,237.84,232.92,233.25,2413626.0
2024-09-06,233.53,235.74,231.0,232.67,1486946.0
2024-09-09,232.68,238.975,232.38,237.22,1429252.0
2024-09-10,236.94,237.885,233.88,235.69,1235055.0
2024-09-11,234.15,234.97,229.31,233.69,1402110.0
2024-09-12,233.42,235.56,231.48,235.5,1020393.0
2024-09-13,235.66,237.495,233.79,234.18,772529.0
2024-09-16,235.78,236.99,232.85,234.04,950943.0
2024-09-17,233.5,234.72,229.6,231.27,965624.0
2024-09-18,231.58,235.035,229.6423,231.59,1119130.0
2024-09-19,234.3,235.665,232.55,234.63,2218071.0
2024-09-20,233.31,234.19,231.53,233.5,2231950.0
2024-09-23,233.95,235.22,232.21,234.73,1495753.0
2024-09-24,235.74,238.695,233.22,236.95,1370821.0
2024-09-25,236.54,237.0,232.8724,235.2,1777621.0
2024-09-26,235.14,237.82,233.59,237.27,1041979.0
2024-09-27,238.37,243.81,237.84,241.51,1284525.0
2024-09-30,241.55,242.405,238.025,241.1,1250174.0
2024-10-01,243.79,244.0,240.04,241.67,1279165.0
2024-10-02,241.44,242.08,239.18,239.76,1235210.0
2024-10-03,239.16,239.7837,237.295,237.36,904902.0
2024-10-04,237.62,238.91,236.58,238.22,712852.0
2024-10-07,238.22,239.315,236.13,237.46,1276825.0
2024-10-08,236.85,238.02,235.4,237.17,841902.0
2024-10-09,236.95,238.97,235.34,238.21,763127.0
2024-10-10,238.61,238.61,234.92,235.54,850695.0
2024-10-11,236.13,237.43,235.26,236.5,896618.0
2024-10-14,236.62,240.47,235.445,240.02,737051.0
2024-10-15,240.46,244.5,239.93,241.82,1127275.0
2024-10-16,241.4,242.94,239.225,240.24,1125731.0
2024-10-17,240.42,241.06,238.99,240.33,964406.0
2024-10-18,241.76,244.1299,240.205,243.75,1082870.0
2024-10-21,243.34,243.34,239.951,240.52,586749.0
2024-10-22,240.13,240.45,238.6705,239.71,697731.0
2024-10-23,239.31,240.64,237.51,240.52,943857.0
2024-10-24,240.8,241.87,238.51,238.62,836735.0
2024-10-25,238.75,239.41,236.89,238.13,1001971.0
2024-10-28,238.6,240.9,237.87,238.91,925104.0
2024-10-29,238.77,240.08,237.44,237.51,625301.0
2024-10-30,236.0,237.635,235.77,236.61,848790.0
2024-10-31,235.23,236.74,233.45,233.59,1429719.0
2024-11-01,234.5,236.72,232.68,235.24,1278381.0
2024-11-04,235.21,237.42,232.975,234.33,1620499.0
2024-11-05,233.23,238.32,231.06,237.3,1877824.0
2024-11-06,244.33,244.33,236.0,240.06,2226101.0
2024-11-07,238.85,243.0,226.82,227.11,4041890.0
2024-11-08,228.68,233.82,226.25,231.64,3891292.0
2024-11-11,232.39,236.0,231.96,234.61,1439597.0
2024-11-12,235.28,235.87,231.07,231.27,1187079.0
2024-11-13,230.97,232.0,229.07,231.22,1215207.0
2024-11-14,230.44,230.44,225.495,227.17,2820950.0
2024-11-15,227.0,228.31,223.493,225.15,1965672.0
2024-11-18,225.2,228.08,223.98,224.1,1319588.0
2024-11-19,222.51,223.0,220.54,222.64,1379169.0
2024-11-20,222.18,222.91,220.81,222.39,1421004.0
2024-11-21,222.05,225.8,221.03,225.45,1618783.0
2024-11-22,225.97,226.24,223.13,224.0,1677583.0
2024-11-25,224.18,226.1276,223.91,225.48,1914587.0
2024-11-26,225.32,225.58,222.7,224.25,2176527.0
2024-11-27,224.25,226.6712,220.38,221.98,2373169.0
2024-11-29,221.0,223.18,220.29,221.9,1184119.0
2024-12-02,222.0,223.84,220.73,222.82,1886281.0
2024-12-03,222.76,222.82,221.0,221.26,2493580.0
2024-12-04,220.31,222.37,219.24,221.43,1780188.0
2024-12-05,220.25,223.19,220.17,222.24,2362100.0
2024-12-06,221.02,222.08,219.35,220.02,2794843.0
2024-12-09,219.03,223.88,218.96,223.01,2269218.0
2024-12-10,223.68,223.68,220.91,221.44,1804078.0
2024-12-11,221.59,222.93,218.84,221.04,1951198.0
2024-12-12,221.38,228.66,220.97,227.17,3489554.0
2024-12-13,226.75,226.98,222.53,225.56,2747924.0
2024-12-16,224.3,231.74,223.805,227.56,3053164.0
2024-12-17,226.1,229.14,223.41,225.64,2526167.0
2024-12-18,227.32,228.9299,223.94,224.09,3387297.0
2024-12-19,223.33,225.8,222.82,223.83,2748846.0
2024-12-20,223.96,229.31,223.51,227.68,3104482.0
2024-12-23,226.34,227.87,225.3,226.44,1783641.0
2024-12-24,226.72,227.13,224.185,226.95,490601.0
2024-12-26,226.33,229.2,225.26,228.12,1154544.0
2024-12-27,226.75,230.09,226.72,228.49,1420897.0
2024-12-30,227.42,228.4713,224.775,226.51,1695307.0
2024-12-31,227.38,229.245,225.85,226.87,1364074.0
2025-01-02,228.01,229.0,226.18,226.49,1701863.0
2025-01-03,227.12,229.315,225.9,228.46,1244372.0
2025-01-06,227.56,232.465,227.5,230.7,1752049.0
2025-01-07,230.95,235.37,230.95,232.15,1912229.0
2025-01-08,232.58,234.55,230.0,234.43,2192833.0
2025-01-10,232.25,236.25,231.65,233.67,2597939.0
2025-01-13,234.27,238.11,231.36,236.19,2267776.0
2025-01-14,236.5,237.4,233.01,235.8,2588553.0
2025-01-15,237.0,237.9999,227.66,232.59,3098534.0
2025-01-16,232.48,236.76,230.94,236.3,2257696.0
2025-01-17,236.51,238.49,235.44,237.38,2110685.0
2025-01-21,238.31,241.2699,238.16,240.37,1917924.0
2025-01-22,238.85,239.96,236.11,237.92,1329384.0
2025-01-23,238.48,240.855,237.24,240.47,1357214.0
2025-01-24,239.0,243.78,238.62,243.45,1716388.0
2025-01-27,245.0,249.49,244.14,248.7,1912414.0
2025-01-28,248.68,250.9081,247.96,249.08,1741339.0
2025-01-29,249.3,250.75,246.42,246.9,2116309.0
2025-01-30,247.74,250.16,245.76,248.49,1401884.0
2025-01-31,247.86,249.36,246.92,247.6,2158671.0
2025-02-03,248.32,251.985,245.55,247.61,2575266.0
2025-02-04,246.02,246.75,241.77,242.42,3037701.0
2025-02-05,243.7,245.2265,242.5844,245.06,2061205.0
2025-02-06,233.55,239.24,224.345,227.21,5810642.0
2025-02-07,229.15,230.85,226.55,229.85,3783099.0
2025-02-10,229.85,234.41,228.63,229.55,2748302.0
2025-02-11,229.39,230.55,227.09,229.52,1919333.0
2025-02-12,227.5,228.42,225.62,225.85,1269910.0
2025-02-13,225.43,226.19,223.76,225.01,1487025.0
2025-02-14,227.25,227.45,224.78,224.8,1131383.0
2025-02-18,223.21,225.2,221.71,225.13,1335162.0
2025-02-19,225.0,228.26,224.5,227.56,1072168.0
2025-02-20,227.74,228.31,225.96,227.93,1425825.0
2025-02-21,226.47,229.59,226.11,227.43,1920633.0
2025-02-24,227.09,231.87,226.808,230.31,1503881.0
2025-02-25,230.45,230.93,227.78,230.05,1701182.0
2025-02-26,229.12,229.88,225.82,227.59,1612683.0
2025-02-27,227.0,227.15,223.82,224.16,1613623.0
2025-02-28,225.15,226.9,221.64,225.53,2568524.0
2025-03-03,226.5,229.92,225.41,228.45,1622955.0
2025-03-04,229.0,230.0775,224.03,224.27,1394869.0
2025-03-05,223.31,226.1193,222.31,224.12,1885825.0
2025-03-06,224.05,226.07,222.53,225.34,1961262.0
2025-03-07,223.74,230.53,223.03,229.54,1813628.0
2025-03-10,228.49,235.34,226.83,227.45,2607253.0
2025-03-11,226.63,227.32,223.3,224.92,1982142.0
2025-03-12,224.91,227.31,223.5132,223.82,2206484.0
2025-03-13,222.64,224.68,222.01,222.79,2650274.0
2025-03-14,222.47,226.47,221.9752,225.98,1157171.0
2025-03-17,225.75,228.79,225.0,227.83,2032232.0
2025-03-18,228.41,232.77,226.41,232.12,2638290.0
2025-03-19,231.19,233.51,230.0625,231.79,2324999.0
2025-03-20,231.75,233.07,230.51,231.85,1643640.0
2025-03-21,231.09,231.27,227.935,230.23,4373029.0
2025-03-24,230.16,230.82,228.02,229.19,1214675.0
2025-03-25,229.93,231.82,226.48,228.08,1675001.0
2025-03-26,228.15,229.71,226.57,228.0,1369586.0
2025-03-27,229.17,230.95,227.5,228.71,1602261.0
2025-03-28,228.62,229.0,226.25,227.5,1656273.0
2025-03-31,226.99,229.7975,225.12,229.06,1963711.0
2025-04-01,228.75,228.999,225.54,226.04,1713614.0
2025-04-02,224.77,226.8,223.54,226.42,1633333.0
2025-04-03,226.2,226.68,220.24,221.59,2687337.0
2025-04-04,219.52,220.45,204.95,207.34,6623763.0
2025-04-07,204.78,209.57,199.37,205.08,3818415.0
2025-04-08,210.14,211.795,197.73,200.83,2799924.0
2025-04-09,198.01,209.95,193.03,209.35,3130305.0
2025-04-10,206.44,207.26,194.1423,199.12,2951748.0
2025-04-11,199.59,203.355,196.57,201.78,1841377.0
2025-04-14,204.62,206.34,202.39,205.71,1549719.0
2025-04-15,206.4,206.78,201.465,202.04,2567086.0
2025-04-16,203.07,205.11,199.06,200.4,1639595.0
2025-04-17,199.5,201.28,198.4,198.71,4066833.0
2025-04-21,198.71,198.71,193.82,196.61,2501984.0
2025-04-22,198.64,200.3525,197.4,199.88,1615342.0
2025-04-23,202.57,208.035,201.05,202.32,3085001.0
2025-04-24,202.64,204.92,201.0,204.45,1345688.0
2025-04-25,204.42,205.38,201.99,205.08,1690524.0
