Date,open,high,low,close,volume
2015-04-27,69.89,70.12,66.58,67.56,879408.0
2015-04-28,67.55,68.65,65.8,68.03,874073.0
2015-04-29,67.35,68.33,66.25,67.13,1357698.0
2015-04-30,66.2,69.65,65.8,67.57,1544804.0
2015-05-01,68.16,68.48,66.56,67.12,901820.0
2015-05-04,66.74,68.63,66.66,68.19,787729.0
2015-05-05,67.81,68.49,65.76,66.2,709492.0
2015-05-06,66.24,66.74,65.39,66.32,495906.0
2015-05-07,66.11,68.36,65.9,67.48,701622.0
2015-05-08,68.23,68.98,67.16,67.9,612795.0
2015-05-11,67.75,68.72,67.4,67.6,458854.0
2015-05-12,67.21,68.58,66.15,68.08,567272.0
2015-05-13,68.21,68.26,66.5,67.77,367068.0
2015-05-14,68.03,69.8,66.54,68.93,567177.0
2015-05-15,69.01,69.22,67.72,68.39,286074.0
2015-05-18,68.3,70.37,67.93,70.1,475930.0
2015-05-19,70.0,70.38,69.27,69.79,433764.0
2015-05-20,70.0,70.34,68.74,69.17,345557.0
2015-05-21,68.97,69.21,67.78,68.25,454647.0
2015-05-22,68.2,68.88,67.88,68.68,472250.0
2015-05-26,68.0,69.16,67.68,68.65,573665.0
2015-05-27,68.63,71.73,68.22,71.64,846797.0
2015-05-28,71.44,71.8,70.36,71.27,678147.0
2015-05-29,71.0,72.72,70.75,71.7,697202.0
2015-06-01,71.61,73.0,71.19,72.35,565487.0
2015-06-02,72.03,73.39,71.5,72.59,478688.0
2015-06-03,72.93,72.99,71.84,72.49,448908.0
2015-06-04,72.11,72.39,70.59,71.86,648369.0
2015-06-05,71.96,72.87,71.43,72.61,619789.0
2015-06-08,72.83,72.83,71.56,71.74,486364.0
2015-06-09,71.89,71.89,70.02,70.9,610869.0
2015-06-10,71.42,72.5,70.59,72.17,543619.0
2015-06-11,72.27,73.5,71.95,73.37,409406.0
2015-06-12,73.35,73.35,72.1,72.44,656762.0
2015-06-15,71.39,72.47,70.02,72.37,701692.0
2015-06-16,72.02,73.34,71.8,72.79,486391.0
2015-06-17,73.06,75.49,73.02,74.97,826073.0
2015-06-18,75.02,77.67,75.02,77.4,936364.0
2015-06-19,77.63,77.98,76.87,77.62,859250.0
2015-06-22,78.38,78.38,77.04,77.81,647050.0
2015-06-23,77.8,78.0,77.25,77.93,708561.0
2015-06-24,77.97,78.1,76.76,77.11,787455.0
2015-06-25,77.5,78.17,77.02,77.76,821046.0
2015-06-26,78.17,79.99,77.55,79.6,5365619.0
2015-06-29,78.49,80.57,77.93,79.04,1442627.0
2015-06-30,79.9,80.23,79.36,79.98,1265255.0
2015-07-01,80.57,81.4,79.31,79.79,1116157.0
2015-07-02,80.1,80.1,78.93,79.36,916321.0
2015-07-06,78.78,80.39,78.0,79.71,2299587.0
2015-07-07,79.95,81.17,78.0,81.04,1172788.0
2015-07-08,81.62,81.62,79.05,79.51,816739.0
2015-07-09,80.16,80.78,79.96,80.18,891464.0
2015-07-10,81.03,81.54,80.56,81.46,899730.0
2015-07-13,82.26,83.11,81.64,82.01,784866.0
2015-07-14,82.07,82.98,81.82,82.22,540070.0
2015-07-15,82.34,82.6,80.59,80.91,651420.0
2015-07-16,82.0,83.83,81.28,83.69,969781.0
2015-07-17,83.73,84.08,82.94,83.76,370926.0
2015-07-20,84.21,84.32,83.12,83.48,408187.0
2015-07-21,83.48,84.61,82.55,84.53,667440.0
2015-07-22,84.05,85.78,84.05,85.41,477430.0
2015-07-23,85.37,86.2,84.58,85.13,414615.0
2015-07-24,84.82,85.45,82.81,83.05,505788.0
2015-07-27,82.46,82.5,80.8,81.7,963283.0
2015-07-28,82.38,83.5,80.88,83.41,581483.0
2015-07-29,83.6,83.92,81.77,83.56,512674.0
2015-07-30,83.39,84.28,82.0,83.92,437271.0
2015-07-31,84.5,86.08,83.46,84.67,497112.0
2015-08-03,85.0,85.77,83.33,84.53,442587.0
2015-08-04,84.68,85.57,84.1,84.93,621698.0
2015-08-05,85.13,87.0,84.7,85.99,1591605.0
2015-08-06,94.7,97.58,91.46,93.33,3661445.0
2015-08-07,92.49,93.11,90.62,91.76,944392.0
2015-08-10,91.48,92.19,89.52,90.29,912086.0
2015-08-11,92.0,96.19,91.4,95.92,1460584.0
2015-08-12,94.97,96.23,93.69,95.82,681905.0
2015-08-13,96.09,98.29,95.32,97.07,765814.0
2015-08-14,98.01,98.85,97.24,98.18,660348.0
2015-08-17,98.32,98.43,95.27,98.1,736593.0
2015-08-18,97.45,98.8,96.52,96.66,657826.0
2015-08-19,96.4,97.01,94.0,95.5,754670.0
2015-08-20,94.5,94.98,90.5,90.59,1016082.0
2015-08-21,89.79,90.9,88.34,90.03,1442309.0
2015-08-24,78.59,87.82,76.46,85.56,1777803.0
2015-08-25,92.0,92.31,87.0,89.6,2013974.0
2015-08-26,91.64,91.99,89.16,91.59,1442547.0
2015-08-27,93.59,94.95,92.0,93.76,1369395.0
2015-08-28,92.81,95.67,92.81,94.19,1069082.0
2015-08-31,93.3,96.23,93.1,94.15,1244278.0
2015-09-01,90.98,92.27,87.39,87.82,1352490.0
2015-09-02,89.19,90.02,87.44,89.37,609539.0
2015-09-03,89.89,90.64,87.82,88.01,716904.0
2015-09-04,87.0,88.98,86.65,88.31,527442.0
2015-09-08,89.89,91.37,88.8,91.05,668906.0
2015-09-09,91.7,91.9,90.25,90.84,901075.0
2015-09-10,90.48,97.8,90.31,96.43,1779521.0
2015-09-11,95.67,97.95,94.41,97.36,1036538.0
2015-09-14,97.91,98.57,95.03,95.73,818937.0
2015-09-15,96.0,97.1,95.33,96.72,532965.0
2015-09-16,96.59,97.66,95.61,97.47,586293.0
2015-09-17,98.12,103.29,97.68,101.92,1966406.0
2015-09-18,100.23,102.67,99.91,99.94,1593031.0
2015-09-21,101.09,101.6,98.35,99.89,761543.0
2015-09-22,98.96,98.96,96.25,97.45,685964.0
2015-09-23,97.33,100.72,96.28,100.55,887759.0
2015-09-24,100.11,100.21,95.55,97.04,841804.0
2015-09-25,98.24,98.28,90.79,92.06,1066427.0
2015-09-28,90.24,91.41,82.23,84.83,1902398.0
2015-09-29,84.58,86.58,82.06,83.03,1171755.0
2015-09-30,84.3,85.97,83.46,85.94,1296996.0
2015-10-01,85.61,86.02,83.83,85.68,1432031.0
2015-10-02,86.35,86.97,83.68,86.67,985416.0
2015-10-05,87.35,88.73,83.61,84.57,1427414.0
2015-10-06,84.79,84.79,78.27,80.11,1463397.0
2015-10-07,80.42,80.65,77.73,78.66,1817957.0
2015-10-08,78.59,79.2,74.75,77.99,1363986.0
2015-10-09,78.44,78.47,76.14,77.55,847117.0
2015-10-12,77.53,79.14,75.91,77.96,738591.0
2015-10-13,76.95,77.27,75.15,75.44,1149132.0
2015-10-14,74.99,75.18,70.29,70.65,2195805.0
2015-10-15,80.14,85.4,76.49,84.35,4272612.0
2015-10-16,84.39,86.15,82.13,83.3,2134876.0
2015-10-19,83.38,84.9,82.16,83.25,926823.0
2015-10-20,82.74,83.87,79.55,80.58,760481.0
2015-10-21,81.1,82.45,77.61,79.61,868980.0
2015-10-22,80.2,80.65,75.64,78.07,1259470.0
2015-10-23,78.43,82.63,78.0,82.5,1199076.0
2015-10-26,82.13,84.06,81.12,82.54,890171.0
2015-10-27,81.79,83.83,81.16,83.59,716938.0
2015-10-28,83.68,84.83,81.84,84.07,688266.0
2015-10-29,83.78,84.5,81.6,82.48,477084.0
2015-10-30,82.64,84.21,81.71,83.32,657620.0
2015-11-02,84.59,87.33,84.06,86.81,1116571.0
2015-11-03,86.21,88.76,84.56,87.42,1080890.0
2015-11-04,87.39,88.64,86.0,87.05,648251.0
2015-11-05,80.62,85.89,80.62,84.81,1351270.0
2015-11-06,84.76,85.07,83.19,84.72,820416.0
2015-11-09,83.96,85.24,83.01,85.03,915469.0
2015-11-10,85.04,85.75,83.97,84.92,745055.0
2015-11-11,85.51,86.06,84.06,84.74,526349.0
2015-11-12,84.31,84.43,82.91,83.39,460171.0
2015-11-13,82.93,85.23,82.68,84.42,639266.0
2015-11-16,84.51,84.8,82.26,83.0,511367.0
2015-11-17,82.93,83.87,82.48,82.91,449911.0
2015-11-18,83.41,85.15,82.62,84.98,490467.0
2015-11-19,84.8,86.33,84.43,84.61,608271.0
2015-11-20,85.1,87.98,85.1,86.29,784181.0
2015-11-23,85.83,86.83,85.31,86.27,451199.0
2015-11-24,86.25,86.95,85.6,86.86,555527.0
2015-11-25,87.0,88.13,87.0,87.4,314948.0
2015-11-27,87.43,89.44,87.43,88.83,211193.0
2015-11-30,88.59,88.63,84.28,85.01,645135.0
2015-12-01,84.46,86.39,84.35,86.17,549684.0
2015-12-02,86.38,87.32,85.95,86.22,418498.0
2015-12-03,86.42,87.16,83.5,83.89,559345.0
2015-12-04,84.54,87.87,84.54,87.77,585828.0
2015-12-07,87.38,87.71,86.4,87.22,452177.0
2015-12-08,86.61,87.93,86.3,87.27,431032.0
2015-12-09,86.78,86.97,84.72,85.25,474788.0
2015-12-10,85.43,85.97,83.8,84.96,579110.0
2015-12-11,84.08,84.75,81.35,81.77,530280.0
2015-12-14,81.68,83.46,81.66,82.91,392712.0
2015-12-15,83.56,83.99,78.5,79.22,1009295.0
2015-12-16,80.05,82.48,79.98,82.02,776307.0
2015-12-17,82.3,82.98,81.43,81.79,484098.0
2015-12-18,81.79,83.45,81.06,82.06,675896.0
2015-12-21,82.35,83.36,81.45,81.63,427443.0
2015-12-22,81.91,82.68,79.78,82.57,514813.0
2015-12-23,82.66,82.92,81.46,81.87,420664.0
2015-12-24,81.2,81.65,80.26,81.13,293493.0
2015-12-28,81.06,81.79,80.5,81.7,318619.0
2015-12-29,81.7,83.23,81.47,82.33,351252.0
2015-12-30,82.17,83.04,81.75,82.35,544601.0
2015-12-31,81.86,83.03,81.4,81.9,1019064.0
2016-01-04,80.28,80.33,77.77,78.45,1025287.0
2016-01-05,78.59,80.98,78.5,80.74,839291.0
2016-01-06,79.44,80.74,78.82,79.36,1195471.0
2016-01-07,78.88,81.93,78.12,81.9,1108129.0
2016-01-08,82.79,83.87,79.4,79.61,766430.0
2016-01-11,80.42,80.61,76.32,77.83,762887.0
2016-01-12,78.29,82.06,77.77,77.89,1306741.0
2016-01-13,77.67,78.19,70.15,71.29,1673009.0
2016-01-14,71.5,73.88,66.31,72.4,1681774.0
2016-01-15,70.0,70.88,68.41,70.29,1175942.0
2016-01-19,70.49,72.93,70.36,72.43,1191079.0
2016-01-20,71.36,75.3,70.35,74.09,1592021.0
2016-01-21,73.97,74.73,72.44,72.48,696308.0
2016-01-22,72.56,74.32,72.03,74.02,526609.0
2016-01-25,73.76,74.03,72.44,72.63,366932.0
2016-01-26,72.89,73.59,70.87,73.21,533043.0
2016-01-27,73.09,74.22,71.05,71.32,430860.0
2016-01-28,74.56,74.56,68.18,69.54,1061376.0
2016-01-29,69.36,72.19,69.36,71.28,578564.0
2016-02-01,71.01,72.41,70.02,72.03,414097.0
2016-02-02,71.22,72.83,70.28,70.64,467209.0
2016-02-03,70.55,71.63,68.8,69.89,650798.0
2016-02-04,70.04,71.29,69.1,70.63,516932.0
2016-02-05,70.54,71.75,61.4,61.98,3097325.0
2016-02-08,59.94,59.99,47.92,53.65,5328297.0
2016-02-09,52.92,55.87,51.45,53.38,1915642.0
2016-02-10,54.0,58.85,53.75,58.26,1843559.0
2016-02-11,56.53,58.15,55.34,56.25,1060261.0
2016-02-12,57.34,57.49,54.5,56.12,770738.0
2016-02-16,56.83,60.37,56.23,59.26,934344.0
2016-02-17,59.75,62.5,59.07,61.82,1041299.0
2016-02-18,62.34,63.19,61.5,61.7,817451.0
2016-02-19,61.16,64.19,60.5,63.19,880815.0
2016-02-22,63.65,64.54,62.99,63.57,971845.0
2016-02-23,63.57,66.3,62.87,63.27,742534.0
2016-02-24,60.04,64.9,56.52,64.45,1862221.0
2016-02-25,64.91,68.14,64.91,67.21,1261002.0
2016-02-26,67.25,68.68,64.92,65.92,675908.0
2016-02-29,66.17,67.85,64.69,65.06,555863.0
2016-03-01,65.87,65.87,63.71,65.65,661407.0
2016-03-02,65.83,66.49,64.76,65.76,933574.0
2016-03-03,65.41,66.52,64.54,66.4,503455.0
2016-03-04,66.26,67.8,66.1,66.83,507636.0
2016-03-07,66.66,68.87,66.23,68.38,705617.0
2016-03-08,67.88,68.91,65.88,66.1,569572.0
2016-03-09,66.19,66.28,62.38,64.53,1256237.0
2016-03-10,64.53,65.29,61.26,62.61,1444262.0
2016-03-11,63.44,65.43,63.09,65.15,676077.0
2016-03-14,62.47,64.59,62.47,64.04,927346.0
2016-03-15,63.38,63.62,61.82,61.96,1000630.0
2016-03-16,61.98,62.97,59.94,60.24,665640.0
2016-03-17,60.04,60.56,58.45,59.4,781257.0
2016-03-18,59.7,61.27,58.88,60.73,743813.0
2016-03-21,60.18,61.17,59.28,59.51,601424.0
2016-03-22,59.42,63.17,59.42,62.69,815953.0
2016-03-23,62.07,62.28,61.02,61.15,547790.0
2016-03-24,60.56,60.74,59.19,59.96,434027.0
2016-03-28,59.74,60.01,59.03,59.46,675683.0
2016-03-29,60.0,63.24,58.9,62.88,982736.0
2016-03-30,63.22,66.25,63.22,65.5,1199810.0
2016-03-31,65.22,69.12,65.1,67.91,1346184.0
2016-04-01,67.46,69.37,66.0,67.63,1123526.0
2016-04-04,68.15,72.11,67.63,70.49,1501443.0
2016-04-05,69.5,69.88,67.56,67.79,715319.0
2016-04-06,67.36,68.98,67.32,68.72,623268.0
2016-04-07,68.35,68.98,67.81,68.43,617974.0
2016-04-08,69.01,69.43,67.01,68.08,462259.0
2016-04-11,68.0,68.27,66.49,66.8,605144.0
2016-04-12,66.52,66.79,64.14,65.29,924949.0
2016-04-13,65.53,66.45,64.86,65.87,760984.0
2016-04-14,65.75,67.9,65.6,67.04,695841.0
2016-04-15,67.07,67.59,66.13,66.81,445294.0
2016-04-18,66.38,68.03,66.28,67.66,429620.0
2016-04-19,67.7,67.9,66.52,66.8,617629.0
2016-04-20,66.9,67.56,65.9,67.06,370117.0
2016-04-21,67.27,68.09,67.08,67.68,496696.0
2016-04-22,67.5,68.87,67.5,68.43,443708.0
2016-04-25,68.31,69.78,68.27,69.13,634703.0
2016-04-26,69.1,69.87,68.51,69.82,518318.0
2016-04-27,69.07,70.8,67.8,68.41,889121.0
2016-04-28,67.04,69.0,65.7,65.96,1659487.0
2016-04-29,65.67,65.67,62.64,64.38,1155589.0
2016-05-02,64.12,65.89,63.59,65.1,805112.0
2016-05-03,63.8,64.92,62.15,63.08,2054353.0
2016-05-04,62.77,62.77,61.07,61.4,847203.0
2016-05-05,61.28,61.86,60.84,61.4,876037.0
2016-05-06,61.36,61.82,60.07,61.31,715355.0
2016-05-09,61.2,62.95,61.09,62.44,850487.0
2016-05-10,62.93,62.94,61.7,62.49,528837.0
2016-05-11,62.87,64.8,62.67,63.45,769128.0
2016-05-12,63.85,63.94,60.3,61.16,670349.0
2016-05-13,60.88,61.43,60.13,60.63,573699.0
2016-05-16,60.95,62.95,60.81,62.8,886618.0
2016-05-17,62.59,63.22,61.6,61.91,666085.0
2016-05-18,61.8,62.11,61.09,61.84,628576.0
2016-05-19,61.63,63.17,61.18,62.27,692183.0
2016-05-20,62.7,64.08,62.43,63.82,683975.0
2016-05-23,63.15,64.41,62.88,63.48,987478.0
2016-05-24,63.93,65.72,62.85,64.97,760968.0
2016-05-25,64.78,65.74,64.26,65.32,738919.0
2016-05-26,65.21,65.21,62.91,63.15,809747.0
2016-05-27,63.07,65.43,62.3,65.29,1037592.0
2016-05-31,65.25,65.29,63.59,64.49,859572.0
2016-06-01,63.51,65.6,62.68,64.75,1459847.0
2016-06-02,64.59,67.67,63.59,67.64,1003129.0
2016-06-03,67.53,67.92,66.57,67.51,779766.0
2016-06-06,66.87,68.9,66.59,68.57,518080.0
2016-06-07,68.29,69.08,68.02,69.06,1110472.0
2016-06-08,69.06,73.46,68.27,73.34,1724924.0
2016-06-09,73.33,74.71,71.48,72.67,1173299.0
2016-06-10,72.27,72.94,71.13,71.91,836481.0
2016-06-13,71.44,74.85,70.58,72.08,1094301.0
2016-06-14,72.23,73.8,71.17,73.4,979352.0
2016-06-15,73.8,74.99,72.57,72.95,1032517.0
2016-06-16,72.7,72.91,71.48,72.49,756985.0
2016-06-17,72.35,72.87,71.61,72.6,714489.0
2016-06-20,74.89,77.62,73.92,77.24,1863982.0
2016-06-21,77.74,77.74,75.55,77.51,1152381.0
2016-06-22,77.33,77.77,76.17,77.49,962141.0
2016-06-23,77.75,78.17,76.46,77.59,1240404.0
2016-06-24,74.66,77.83,73.17,77.46,1560524.0
2016-06-27,76.83,77.46,76.29,77.07,17775.0
2016-06-28,76.5,78.31,76.22,78.04,843137.0
2016-06-29,78.1,81.23,78.01,79.0,1261454.0
2016-06-30,79.26,79.88,78.34,79.33,1307797.0
2016-07-01,79.62,80.22,78.98,79.58,528867.0
2016-07-05,79.52,79.52,78.48,79.05,782931.0
2016-07-06,79.0,79.15,77.97,78.69,960168.0
2016-07-07,78.58,78.88,76.21,78.21,824023.0
2016-07-08,79.0,79.0,77.29,78.87,1068802.0
2016-07-11,79.49,79.82,78.64,79.4,735130.0
2016-07-12,79.9,81.0,79.4,79.8,622946.0
2016-07-13,80.12,80.47,79.04,79.33,538477.0
2016-07-14,80.02,80.08,77.04,78.11,874876.0
2016-07-15,78.1,78.5,76.76,77.55,743501.0
2016-07-18,78.3,78.52,76.76,78.19,1190819.0
2016-07-19,79.2,86.35,78.95,83.04,2558233.0
2016-07-20,83.89,85.12,83.54,84.63,920603.0
2016-07-22,87.96,89.05,86.31,87.89,2155284.0
2016-07-25,87.64,87.86,87.02,87.8,1010409.0
2016-07-26,88.03,88.68,87.5,88.32,503153.0
2016-07-27,88.14,89.23,87.16,88.66,518945.0
2016-07-28,88.84,90.6,88.35,89.56,427058.0
2016-07-29,90.33,92.39,89.7,92.23,882846.0
2016-08-01,92.69,93.26,91.3,92.65,853676.0
2016-08-02,92.49,92.86,90.98,92.78,784752.0
2016-08-03,87.84,94.5,87.5,90.87,1999470.0
2016-08-04,91.5,91.77,90.64,91.5,984925.0
2016-08-05,91.02,92.22,90.79,91.23,854568.0
2016-08-08,91.25,91.72,90.48,90.66,804412.0
2016-08-09,91.0,91.45,90.51,91.1,821521.0
2016-08-10,90.26,90.96,89.17,90.24,739668.0
2016-08-11,90.87,91.16,90.42,90.92,653223.0
2016-08-12,91.0,91.0,90.0,90.53,499974.0
2016-08-15,90.5,91.3,90.19,90.88,523640.0
2016-08-16,90.99,90.99,90.2,90.62,523149.0
2016-08-17,90.55,90.71,89.95,90.29,901287.0
2016-08-18,90.25,91.43,90.25,90.9,553012.0
2016-08-19,90.5,91.33,89.95,90.94,579571.0
2016-08-22,90.65,91.47,90.03,90.56,263390.0
2016-08-23,90.34,92.25,90.03,92.09,558137.0
2016-08-24,91.72,93.87,90.24,90.35,797856.0
2016-08-25,90.55,91.78,90.0,90.62,315692.0
2016-08-26,90.57,91.46,90.01,91.24,479677.0
2016-08-29,91.58,92.64,90.54,91.65,721626.0
2016-08-30,91.65,92.47,91.37,92.13,647563.0
2016-08-31,91.73,92.0,90.77,91.09,589718.0
2016-09-01,91.3,91.93,90.31,91.71,675001.0
2016-09-02,92.0,92.79,91.33,92.09,415773.0
2016-09-06,92.58,95.5,92.18,94.28,670034.0
2016-09-07,94.45,95.8,94.18,95.01,699211.0
2016-09-08,94.81,96.38,94.23,95.8,848766.0
2016-09-09,95.04,95.4,92.76,92.96,1400931.0
2016-09-12,92.16,93.24,91.2,93.04,485578.0
2016-09-13,92.7,93.37,91.34,91.88,469037.0
2016-09-14,90.64,92.8,90.37,91.79,559835.0
2016-09-15,91.52,93.85,90.81,92.75,583576.0
2016-09-16,92.98,94.13,92.66,93.06,763423.0
2016-09-19,93.4,93.72,92.3,93.06,545762.0
2016-09-20,93.17,93.49,92.1,92.75,731044.0
2016-09-21,93.0,93.69,92.41,93.5,633946.0
2016-09-22,94.0,94.79,93.69,94.02,541892.0
2016-09-23,94.0,94.24,93.73,93.91,595939.0
2016-09-26,93.59,93.85,92.85,93.16,446770.0
2016-09-27,92.97,93.9,92.93,93.72,472690.0
2016-09-28,93.55,93.72,84.72,89.74,4490051.0
2016-09-29,89.89,89.98,86.26,87.8,2733845.0
2016-09-30,88.36,89.02,86.81,87.66,1025933.0
2016-10-03,86.91,87.81,84.09,84.98,1258176.0
2016-10-04,84.99,85.48,80.58,81.93,1879239.0
2016-10-05,82.55,84.85,81.78,83.37,1502442.0
2016-10-06,83.45,84.19,82.37,83.08,722823.0
2016-10-07,82.98,83.5,81.99,82.93,720354.0
2016-10-10,83.35,85.13,83.14,83.92,513869.0
2016-10-11,83.43,83.43,81.0,81.89,646469.0
2016-10-12,82.2,83.38,81.44,82.02,440524.0
2016-10-13,81.59,82.45,80.01,81.98,516136.0
2016-10-14,82.09,82.5,81.07,81.68,725682.0
2016-10-17,81.9,82.37,81.1,81.97,374485.0
2016-10-18,82.5,83.04,82.15,82.52,429143.0
2016-10-19,82.31,82.93,81.87,82.0,644635.0
2016-10-20,81.95,82.66,81.79,82.5,522902.0
2016-10-21,82.3,82.3,80.29,80.68,420733.0
2016-10-24,80.76,83.15,80.39,82.51,499252.0
2016-10-25,81.96,81.96,79.68,80.22,423569.0
2016-10-26,79.71,79.84,75.43,77.25,1532104.0
2016-10-27,77.37,77.47,75.23,75.42,608551.0
2016-10-28,75.2,77.92,75.18,76.7,577268.0
2016-10-31,77.12,78.83,76.43,78.24,1491823.0
2016-11-01,77.95,79.45,77.37,77.92,1292685.0
2016-11-02,62.79,66.46,61.0,62.93,8302406.0
2016-11-03,62.86,63.6,59.47,60.08,2771646.0
2016-11-04,60.16,63.36,60.16,61.9,1565238.0
2016-11-07,62.26,63.76,61.26,63.0,1194313.0
2016-11-08,62.99,63.73,61.94,62.64,826857.0
2016-11-09,62.17,63.99,60.14,61.99,1513544.0
2016-11-10,62.51,63.75,61.41,62.53,760783.0
2016-11-11,62.72,66.23,61.94,65.18,1477523.0
2016-11-14,66.3,70.86,66.25,68.79,1830448.0
2016-11-15,68.76,73.06,68.67,71.53,1910055.0
2016-11-16,71.17,72.1,70.38,71.29,1112705.0
2016-11-17,70.63,73.1,70.63,72.01,668693.0
2016-11-18,72.41,73.14,71.38,71.4,808545.0
2016-11-21,71.27,73.57,71.25,73.18,872679.0
2016-11-22,72.86,73.46,68.36,70.23,1429497.0
2016-11-23,70.46,72.34,69.83,72.19,773498.0
2016-11-25,73.24,74.18,71.65,72.82,472540.0
2016-11-28,72.75,73.93,70.35,70.71,999276.0
2016-11-29,70.99,70.99,67.2,68.07,1565863.0
2016-11-30,68.51,69.17,63.64,65.29,5726727.0
2016-12-01,65.0,65.82,62.66,63.34,1270217.0
2016-12-02,63.57,64.51,62.93,63.87,920289.0
2016-12-05,64.51,65.76,63.69,64.45,894993.0
2016-12-06,64.69,65.73,63.78,65.48,1782233.0
2016-12-07,65.0,65.69,62.09,63.04,957348.0
2016-12-08,62.73,64.8,62.42,64.61,782111.0
2016-12-09,64.46,65.64,64.23,65.01,754792.0
2016-12-12,64.4,65.46,64.23,65.28,731435.0
2016-12-13,65.63,66.47,64.44,65.0,1013954.0
2016-12-14,65.03,65.13,63.33,64.14,924978.0
2016-12-15,65.44,65.44,63.27,63.72,993315.0
2016-12-16,63.6,64.89,63.12,63.41,1136122.0
2016-12-19,63.9,65.28,63.0,63.51,1516767.0
2016-12-20,63.35,67.79,60.62,63.56,4436495.0
2016-12-21,64.58,65.87,63.59,63.74,2038853.0
2016-12-22,63.6,64.66,61.53,62.1,846172.0
2016-12-23,62.34,62.92,61.69,62.51,577221.0
2016-12-27,62.21,62.6,61.35,62.4,900540.0
2016-12-28,62.7,63.77,60.9,61.01,726555.0
2016-12-29,61.27,61.41,60.28,60.64,880365.0
2016-12-30,60.58,61.24,59.36,59.7,1339331.0
2017-01-03,59.5,59.64,57.76,58.25,1429301.0
2017-01-04,58.3,61.15,57.68,60.72,1811620.0
2017-01-05,60.89,64.55,60.53,62.66,1641357.0
2017-01-06,63.17,63.91,62.49,63.23,889766.0
2017-01-09,63.5,63.89,62.47,62.49,1026400.0
2017-01-10,62.86,69.49,62.43,67.04,2132145.0
2017-01-11,67.29,69.42,66.3,69.03,1961692.0
2017-01-12,69.0,69.72,67.28,67.61,1325618.0
2017-01-13,79.36,88.8,78.62,85.13,9316095.0
2017-01-17,85.47,86.74,84.61,85.49,2917387.0
2017-01-18,86.0,86.19,84.09,84.16,2361066.0
2017-01-19,84.16,84.64,81.24,81.59,1778608.0
2017-01-20,81.6,82.26,79.63,80.21,1225069.0
2017-01-23,79.65,80.46,79.01,79.98,976885.0
2017-01-24,78.3,80.05,76.3,79.75,2338411.0
2017-01-25,80.13,82.29,79.86,80.9,1408715.0
2017-01-26,80.77,81.53,79.15,79.52,701413.0
2017-01-27,79.45,80.01,78.91,79.48,533568.0
2017-01-30,79.16,79.62,77.63,78.55,527929.0
2017-01-31,78.85,79.96,78.07,79.15,839690.0
2017-02-01,79.81,80.19,78.67,79.44,940363.0
2017-02-02,79.84,80.34,78.32,79.56,561288.0
2017-02-03,79.53,81.51,79.18,81.38,780420.0
2017-02-06,81.0,81.93,79.22,79.67,733332.0
2017-02-07,79.51,80.76,79.5,79.8,1097610.0
2017-02-08,79.35,80.08,78.89,79.24,505090.0
2017-02-09,79.35,80.57,79.06,79.38,778106.0
2017-02-10,79.3,80.3,78.82,80.0,642444.0
2017-02-13,79.82,80.87,79.82,80.22,627799.0
2017-02-14,80.5,81.36,79.55,81.06,1063456.0
2017-02-15,81.0,84.0,80.97,83.25,1346137.0
2017-02-16,84.61,84.83,80.12,81.39,904106.0
2017-02-17,81.06,82.66,80.58,81.89,632647.0
2017-02-21,81.07,82.23,79.68,79.9,881546.0
2017-02-22,79.88,79.89,78.02,78.59,853838.0
2017-02-23,78.49,79.18,77.1,77.96,882240.0
2017-02-24,77.09,78.91,76.86,78.5,633957.0
2017-02-27,78.21,79.34,75.53,79.21,923406.0
2017-02-28,79.14,79.14,77.23,78.16,1479102.0
2017-03-01,78.4,84.09,78.4,81.47,1525196.0
2017-03-02,81.5,82.94,80.83,81.04,668682.0
2017-03-03,79.98,81.69,79.5,80.44,1013443.0
2017-03-06,79.77,80.24,77.62,78.36,932370.0
2017-03-07,78.71,79.0,77.44,78.59,1456735.0
2017-03-08,78.79,79.71,78.09,78.24,465010.0
2017-03-09,78.05,79.0,77.01,77.55,885322.0
2017-03-10,77.71,78.5,76.85,78.34,1528457.0
2017-03-13,77.05,78.5,76.9,77.6,762253.0
2017-03-14,77.16,78.47,76.9,77.47,614246.0
2017-03-15,77.05,78.33,77.05,77.21,672391.0
2017-03-16,77.68,78.18,76.75,77.38,702722.0
2017-03-17,77.28,79.39,76.47,78.89,674368.0
2017-03-20,78.89,80.06,78.33,79.62,613168.0
2017-03-21,79.86,80.73,76.11,76.49,1067805.0
2017-03-22,76.3,77.2,75.11,76.9,918571.0
2017-03-23,76.15,77.56,75.79,76.08,786798.0
2017-03-24,78.82,84.31,78.77,82.62,1487708.0
2017-03-27,82.12,83.6,81.58,83.4,753641.0
2017-03-28,83.15,84.3,82.93,84.01,636109.0
2017-03-29,84.32,86.32,83.76,85.19,1211491.0
2017-03-30,85.21,85.49,84.11,85.03,469700.0
2017-03-31,84.69,85.67,84.48,84.73,518603.0
2017-04-03,84.75,85.32,82.93,83.97,773607.0
2017-04-04,83.75,84.78,81.5,81.9,631916.0
2017-04-05,82.04,82.3,79.79,80.05,753602.0
2017-04-06,80.3,80.45,78.6,80.25,665380.0
2017-04-07,79.75,79.95,78.44,78.76,731593.0
2017-04-10,78.19,79.03,78.04,78.1,505274.0
2017-04-11,78.5,78.61,76.05,77.09,699997.0
2017-04-12,76.95,77.47,76.52,76.77,321373.0
2017-04-13,74.78,76.53,72.62,76.06,988472.0
2017-04-17,76.23,76.61,75.17,75.24,664505.0
2017-04-18,75.05,75.3,73.44,73.76,791913.0
2017-04-19,73.8,74.51,72.74,74.1,833064.0
2017-04-20,74.35,76.25,74.1,75.9,409849.0
2017-04-21,75.73,76.12,75.19,75.23,416082.0
2017-04-24,76.39,76.87,74.81,74.89,891553.0
2017-04-25,75.0,75.93,74.67,74.94,662570.0
2017-04-26,75.37,76.29,74.59,75.68,772698.0
2017-04-27,76.81,79.42,76.69,77.93,870369.0
2017-04-28,78.82,78.98,77.39,77.96,701992.0
2017-05-01,77.9,79.92,77.8,79.6,876146.0
2017-05-02,79.85,81.91,78.66,81.65,1695349.0
2017-05-03,74.5,76.5,72.7,73.91,5379510.0
2017-05-04,74.6,75.53,73.12,75.37,1527021.0
2017-05-05,76.35,78.49,75.65,76.21,2159607.0
2017-05-08,75.2,75.87,72.82,73.4,2173518.0
2017-05-09,73.0,73.0,71.94,71.99,1703926.0
2017-05-10,71.93,72.67,70.27,71.1,1119331.0
2017-05-11,71.2,72.32,68.86,68.94,1051617.0
2017-05-12,68.94,70.62,68.71,70.42,1297106.0
2017-05-15,70.65,72.16,70.27,71.53,1249290.0
2017-05-16,71.25,71.25,69.47,69.7,1247613.0
2017-05-17,69.5,69.52,67.73,68.05,722085.0
2017-05-18,67.9,68.94,67.11,68.66,848996.0
2017-05-19,68.79,69.0,66.91,67.66,1632226.0
2017-05-22,68.76,69.15,67.63,68.85,1091354.0
2017-05-23,68.85,69.41,67.48,67.58,576171.0
2017-05-24,67.78,68.35,67.11,68.26,855616.0
2017-05-25,68.5,69.35,67.9,69.15,1040545.0
2017-05-26,69.35,69.46,68.12,68.65,464998.0
2017-05-30,68.68,68.69,67.87,68.38,646163.0
2017-05-31,68.54,68.63,66.16,66.84,969879.0
2017-06-01,66.38,67.49,66.31,66.85,999160.0
2017-06-02,67.17,68.01,66.69,67.68,802985.0
2017-06-05,67.32,72.36,66.82,71.19,3591616.0
2017-06-06,70.13,70.61,68.49,69.74,1779400.0
2017-06-07,70.38,70.99,68.39,69.27,843447.0
2017-06-08,69.36,70.63,68.68,70.1,445159.0
2017-06-09,70.33,71.53,67.68,68.99,857841.0
2017-06-12,69.19,72.13,68.45,71.68,1029883.0
2017-06-13,71.63,73.98,71.23,72.82,1029600.0
2017-06-14,72.72,74.78,72.16,74.67,853653.0
2017-06-15,74.0,75.69,73.96,75.61,1543028.0
2017-06-16,76.13,76.69,75.24,76.26,1835042.0
2017-06-19,76.56,78.73,76.38,77.96,1382482.0
2017-06-20,77.95,78.48,77.37,77.84,1357524.0
2017-06-21,77.77,79.05,77.77,78.33,991293.0
2017-06-22,78.2,79.31,78.2,78.68,770738.0
2017-06-23,78.47,79.05,77.27,77.33,903940.0
2017-06-26,77.6,78.15,75.91,77.75,859637.0
2017-06-27,77.81,78.0,74.09,74.94,1284958.0
2017-06-28,75.09,75.68,74.0,75.28,727960.0
2017-06-29,75.27,75.27,72.5,73.27,1750098.0
2017-06-30,73.68,73.76,72.52,73.15,409879.0
2017-07-03,73.16,74.18,71.8,72.52,326763.0
2017-07-05,72.52,73.55,71.17,73.16,699752.0
2017-07-06,72.95,73.19,71.09,71.17,847498.0
2017-07-07,71.27,72.37,70.81,72.35,650401.0
2017-07-10,72.16,72.3,70.5,70.96,700725.0
2017-07-11,70.9,71.52,69.52,71.49,672291.0
2017-07-12,71.94,72.82,71.31,71.79,422854.0
2017-07-13,70.0,70.77,68.35,70.04,1886824.0
2017-07-14,70.25,72.38,70.0,71.72,752816.0
2017-07-17,71.91,72.1,69.84,70.69,1686024.0
2017-07-18,70.7,70.75,69.65,69.97,512715.0
2017-07-19,69.94,70.37,69.4,70.0,1158311.0
2017-07-20,70.38,70.7,69.84,70.01,448570.0
2017-07-21,69.68,70.29,69.08,69.52,350014.0
2017-07-24,69.31,70.47,69.31,69.71,1119714.0
2017-07-25,69.78,70.99,68.87,70.0,1029029.0
2017-07-26,69.85,70.04,68.74,68.75,532560.0
2017-07-27,69.06,69.06,66.25,66.49,2108388.0
2017-07-28,66.56,67.37,66.0,67.05,1376021.0
2017-07-31,67.02,67.36,66.28,66.61,1108954.0
2017-08-01,67.0,67.5,66.84,66.84,1222645.0
2017-08-02,71.65,71.77,69.75,71.3,2809031.0
2017-08-03,71.29,71.99,70.14,70.74,1541926.0
2017-08-04,71.26,71.57,70.85,71.14,616407.0
2017-08-07,70.98,71.61,70.87,71.31,448041.0
2017-08-08,71.2,71.82,71.03,71.31,717896.0
2017-08-09,70.94,71.64,70.55,71.54,1043996.0
2017-08-10,71.37,71.51,69.65,69.8,1653663.0
2017-08-11,69.67,70.17,69.05,69.6,940650.0
2017-08-14,70.32,72.25,69.9,71.62,864471.0
2017-08-15,71.69,71.69,70.67,71.22,539305.0
2017-08-16,71.78,73.47,71.18,73.06,752124.0
2017-08-17,72.97,73.67,72.7,72.78,1351350.0
2017-08-18,72.58,74.48,72.13,73.2,1234880.0
2017-08-21,73.15,73.65,72.17,73.06,905039.0
2017-08-22,73.57,78.92,73.06,75.91,1789954.0
2017-08-23,75.31,75.98,74.79,75.19,739424.0
2017-08-24,75.16,75.89,74.65,75.5,637351.0
2017-08-25,75.67,76.11,75.24,75.52,954939.0
2017-08-28,75.23,75.82,74.72,75.45,1127822.0
2017-08-29,75.2,75.54,74.87,75.23,663935.0
2017-08-30,75.05,75.05,73.97,74.14,1182918.0
2017-08-31,73.91,75.64,73.91,74.61,1047778.0
2017-09-01,74.74,75.18,73.79,74.96,872341.0
2017-09-05,74.49,75.92,73.81,75.85,2001792.0
2017-09-06,76.19,76.39,74.1,75.13,1554549.0
2017-09-07,74.95,75.43,71.09,71.23,1385506.0
2017-09-08,71.12,71.31,69.73,71.26,1231920.0
2017-09-11,71.81,73.25,70.9,73.13,1970902.0
2017-09-12,73.51,73.9,72.59,73.61,732061.0
2017-09-13,73.34,75.44,73.34,74.96,855006.0
2017-09-14,74.43,74.43,72.22,72.35,715506.0
2017-09-15,71.94,72.49,70.1,70.29,824870.0
2017-09-18,70.76,71.01,68.88,69.26,1169968.0
2017-09-19,69.24,69.59,68.08,69.46,1017357.0
2017-09-20,69.28,70.27,68.92,70.23,870140.0
2017-09-21,70.32,70.44,69.24,69.5,495380.0
2017-09-22,69.72,70.28,69.09,69.99,672667.0
2017-09-25,70.0,70.17,68.59,69.15,751205.0
2017-09-26,69.39,69.41,67.87,67.92,539158.0
2017-09-27,68.42,68.85,67.36,67.47,875602.0
2017-09-28,47.89,48.0,42.62,45.44,30792065.0
2017-09-29,45.75,49.16,45.61,48.93,9357971.0
2017-10-02,49.32,50.31,48.75,49.66,3585513.0
2017-10-03,49.71,49.98,46.31,47.18,4588459.0
2017-10-04,46.82,48.15,46.53,48.1,3834847.0
2017-10-05,47.97,48.83,47.07,48.0,4856883.0
2017-10-06,48.2,48.4,47.55,47.74,2292279.0
2017-10-09,47.87,48.07,47.08,47.28,1704529.0
2017-10-10,47.21,47.49,45.76,46.1,2403475.0
2017-10-11,46.38,47.22,46.15,47.2,1294997.0
2017-10-12,47.25,47.5,46.23,46.84,1078129.0
2017-10-13,46.46,46.51,45.73,46.04,1441634.0
2017-10-16,45.8,45.97,44.57,44.97,2195878.0
2017-10-17,45.24,45.5,43.87,44.99,1527495.0
2017-10-18,44.98,45.34,44.03,44.95,1322915.0
2017-10-19,44.98,45.21,43.9,44.98,1326838.0
2017-10-20,45.1,45.51,44.46,44.78,918124.0
2017-10-23,44.51,45.88,44.51,44.77,1700531.0
2017-10-24,44.49,44.97,44.01,44.55,1549970.0
2017-10-25,44.41,45.0,44.0,44.69,1646435.0
2017-10-26,44.57,44.96,43.76,44.46,1031313.0
2017-10-27,44.51,44.78,44.12,44.56,1443481.0
2017-10-30,44.13,45.29,43.74,45.24,1742494.0
2017-10-31,45.29,45.92,44.85,44.97,1598751.0
2017-11-01,45.12,45.63,44.5,44.86,2173979.0
2017-11-02,47.2,50.3,46.41,47.72,3718866.0
2017-11-03,47.71,49.38,46.98,49.12,1722656.0
2017-11-06,49.2,50.09,48.95,49.94,1511980.0
2017-11-07,50.0,50.69,49.46,50.11,1379325.0
2017-11-08,50.1,50.4,48.9,48.99,2212893.0
2017-11-09,49.61,50.64,49.17,50.38,1189443.0
2017-11-10,50.91,51.45,49.8,50.74,1086986.0
2017-11-13,50.33,51.91,50.09,51.55,1176763.0
2017-11-14,51.56,52.44,50.55,51.55,1774141.0
2017-11-15,51.37,52.59,51.14,52.0,1352687.0
2017-11-16,52.25,53.16,51.47,53.02,967033.0
2017-11-17,52.96,54.09,52.2,54.01,1538821.0
2017-11-20,54.0,55.41,53.69,54.66,1227618.0
2017-11-21,55.09,55.61,53.86,55.11,1771361.0
2017-11-22,55.21,55.84,54.6,55.35,1225592.0
2017-11-24,56.01,56.01,55.0,55.55,626534.0
2017-11-27,55.5,56.1,54.8,55.55,1964476.0
2017-11-28,55.55,58.25,55.21,57.81,1663693.0
2017-11-29,58.0,60.9,57.81,59.38,2337379.0
2017-11-30,59.02,59.58,56.94,58.43,6217719.0
2017-12-01,58.19,58.84,56.72,58.02,1856130.0
2017-12-04,58.66,59.74,57.71,57.88,1604949.0
2017-12-05,57.75,58.83,57.41,58.0,1266646.0
2017-12-06,58.19,59.28,57.68,58.83,1087668.0
2017-12-07,58.94,60.31,58.62,59.97,970194.0
2017-12-08,60.02,61.88,59.91,61.53,2123713.0
2017-12-11,61.23,62.35,57.71,58.45,1778492.0
2017-12-12,58.8,59.51,57.24,57.25,1214589.0
2017-12-13,57.15,58.84,56.57,58.51,1206664.0
2017-12-14,58.78,59.42,57.69,58.23,1435168.0
2017-12-15,58.21,59.11,56.79,57.04,1506449.0
2017-12-18,57.52,58.46,56.72,58.35,1581233.0
2017-12-19,58.3,58.87,57.85,58.14,1055197.0
2017-12-20,58.51,58.54,56.68,56.71,818196.0
2017-12-21,56.92,57.18,55.08,55.73,1567911.0
2017-12-22,55.8,56.39,55.37,56.12,760440.0
2017-12-26,56.26,57.33,56.15,56.94,415829.0
2017-12-27,56.75,57.28,56.48,56.88,625962.0
2017-12-28,56.79,57.36,56.4,57.33,499590.0
2017-12-29,57.33,57.97,57.12,57.39,588640.0
2018-01-02,57.62,59.53,57.54,57.99,1210154.0
2018-01-03,57.97,58.2,57.29,58.08,1409895.0
2018-01-04,53.98,54.22,51.04,52.25,5951987.0
2018-01-05,52.39,53.85,51.81,53.26,2968143.0
2018-01-08,53.27,55.76,52.2,55.44,2230260.0
2018-01-09,55.95,55.96,52.02,54.6,2797508.0
2018-01-10,54.98,58.68,54.81,58.6,2088816.0
2018-01-11,58.99,59.18,57.32,58.22,1167607.0
2018-01-12,58.22,58.22,55.87,56.75,1224360.0
2018-01-16,57.08,57.4,56.07,56.41,1017689.0
2018-01-17,56.41,57.24,55.43,56.32,1263170.0
2018-01-18,56.33,56.83,55.24,56.28,1232609.0
2018-01-19,56.19,56.7,55.64,56.05,1157253.0
2018-01-22,55.63,55.78,54.81,55.1,1208886.0
2018-01-23,54.71,55.94,54.35,55.75,1004148.0
2018-01-24,55.92,58.29,55.68,57.74,1272713.0
2018-01-25,58.15,58.86,57.43,58.82,747126.0
2018-01-26,58.6,58.64,57.71,58.08,1068411.0
2018-01-29,58.08,58.99,57.43,57.64,1159997.0
2018-01-30,57.75,59.66,57.15,59.31,1052201.0
2018-01-31,59.3,59.89,58.12,58.2,842490.0
2018-02-01,57.98,58.67,57.4,57.87,720737.0
2018-02-02,57.57,58.59,56.86,57.28,851281.0
2018-02-05,57.23,58.17,55.93,56.19,776416.0
2018-02-06,55.23,56.62,54.36,55.61,1186850.0
2018-02-07,55.6,55.86,54.75,54.84,637060.0
2018-02-08,55.0,55.48,54.32,54.52,945190.0
2018-02-09,54.83,55.17,52.92,54.35,1104951.0
2018-02-12,54.27,55.34,53.86,54.69,694744.0
2018-02-13,54.68,54.96,53.59,54.67,572861.0
2018-02-14,54.18,56.13,54.18,55.74,922287.0
2018-02-15,56.2,56.89,55.52,56.71,782266.0
2018-02-16,56.79,57.78,56.36,57.34,639336.0
2018-02-20,57.2,57.87,56.82,57.13,823019.0
2018-02-21,57.31,58.09,56.03,56.88,1048029.0
2018-02-22,57.13,58.32,56.28,56.4,713144.0
2018-02-23,56.54,56.88,55.48,56.36,705523.0
2018-02-26,56.25,57.07,55.7,56.97,959758.0
2018-02-27,56.98,58.2,55.54,55.72,1531943.0
2018-02-28,55.69,57.42,54.42,56.14,1835127.0
2018-03-01,56.13,56.18,53.5,54.03,1223961.0
2018-03-02,53.75,55.05,53.3,54.89,874508.0
2018-03-05,54.83,56.24,54.44,55.72,853750.0
2018-03-06,55.74,60.12,55.58,59.84,1700215.0
2018-03-07,59.49,61.15,59.42,60.84,1449873.0
2018-03-08,61.07,61.57,59.42,60.2,961589.0
2018-03-09,60.03,60.97,58.78,60.13,971803.0
2018-03-12,59.8,64.21,59.51,64.09,1574452.0
2018-03-13,64.04,65.9,63.5,64.91,1585083.0
2018-03-14,65.1,65.89,63.57,64.92,1020792.0
2018-03-15,64.98,66.0,64.15,64.89,581810.0
2018-03-16,65.12,66.07,64.44,65.59,920741.0
2018-03-19,65.51,66.22,64.24,65.12,783938.0
2018-03-20,65.26,66.01,64.69,65.59,598572.0
2018-03-21,65.66,68.61,64.85,67.71,1504427.0
2018-03-22,67.25,69.24,66.73,66.74,1015517.0
2018-03-23,68.38,70.92,68.35,68.8,1806037.0
2018-03-26,69.43,70.31,68.86,70.17,1269210.0
2018-03-27,70.52,72.75,69.72,69.99,2300513.0
2018-03-28,70.33,73.98,70.0,73.28,2367520.0
2018-03-29,73.13,75.3,72.84,74.16,1800098.0
2018-04-02,74.2,75.57,73.88,74.53,1562106.0
2018-04-03,74.33,75.07,73.7,74.69,1358174.0
2018-04-04,71.0,73.14,69.51,72.16,2420175.0
2018-04-05,72.45,73.76,72.02,72.28,1048769.0
2018-04-06,72.12,72.56,70.01,70.15,809558.0
2018-04-09,70.87,71.95,69.98,70.38,1295437.0
2018-04-10,70.89,71.88,70.68,71.28,1300432.0
2018-04-11,70.97,71.65,70.65,70.96,1528035.0
2018-04-12,70.96,73.83,70.96,72.7,1437808.0
2018-04-13,72.92,73.09,71.53,72.38,510803.0
2018-04-16,72.85,73.49,72.38,73.07,683257.0
2018-04-17,73.26,74.27,72.37,73.42,873855.0
2018-04-18,73.23,74.62,73.22,73.5,771425.0
2018-04-19,73.31,73.5,72.29,72.74,601910.0
2018-04-20,72.76,73.42,72.03,72.47,663099.0
2018-04-23,72.96,73.84,72.56,73.3,877408.0
2018-04-24,73.42,75.07,73.09,74.43,887409.0
2018-04-25,74.1,74.33,73.04,73.73,631718.0
2018-04-26,73.73,75.19,72.84,74.49,1462937.0
2018-04-27,74.75,74.94,73.41,74.25,1009826.0
2018-04-30,74.65,75.28,73.03,73.18,826178.0
2018-05-01,72.62,74.44,72.6,73.39,1779833.0
2018-05-02,73.48,74.47,73.25,74.31,1282227.0
2018-05-03,78.0,85.25,77.54,83.81,4688330.0
2018-05-04,83.0,84.08,80.09,83.46,1830680.0
2018-05-07,83.0,88.09,81.92,85.59,2227349.0
2018-05-08,85.23,86.18,84.85,85.21,1158128.0
2018-05-09,85.2,85.2,84.13,84.79,1081079.0
2018-05-10,85.26,85.89,84.32,84.56,871694.0
2018-05-11,84.91,87.07,84.75,86.8,931553.0
2018-05-14,86.31,88.6,86.31,87.94,1099151.0
2018-05-15,87.19,87.79,85.43,87.26,719094.0
2018-05-16,87.55,87.7,86.3,86.54,673128.0
2018-05-17,86.27,87.94,85.82,86.91,696380.0
2018-05-18,86.68,87.25,86.12,86.65,432622.0
2018-05-21,87.1,87.85,86.04,86.91,336313.0
2018-05-22,86.74,86.74,85.86,86.29,445856.0
2018-05-23,85.89,87.34,85.76,87.0,388428.0
2018-05-24,87.17,87.67,86.32,87.48,613615.0
2018-05-25,87.92,88.4,87.06,88.0,602345.0
2018-05-29,87.43,88.57,86.55,87.15,1072563.0
2018-05-30,87.78,88.61,87.31,87.49,486882.0
2018-05-31,87.01,89.4,86.88,87.99,809093.0
2018-06-01,88.1,93.55,88.1,92.2,1437331.0
2018-06-04,91.73,93.61,91.0,93.46,989362.0
2018-06-05,93.12,94.44,92.2,94.43,882869.0
2018-06-06,95.0,95.74,93.39,94.19,883622.0
2018-06-07,94.2,94.24,87.69,89.49,1079058.0
2018-06-08,92.83,93.75,91.73,93.0,1431868.0
2018-06-11,92.74,95.85,92.06,95.01,908169.0
2018-06-12,96.0,101.5,95.94,98.78,1239839.0
2018-06-13,99.13,99.65,98.4,98.82,799622.0
2018-06-14,99.37,102.1,98.06,98.53,1575711.0
2018-06-15,96.87,100.51,96.29,99.72,1059287.0
2018-06-18,99.54,101.19,98.81,100.89,742664.0
2018-06-19,100.87,101.8,99.49,100.81,623978.0
2018-06-20,101.29,101.9,100.32,100.65,761732.0
2018-06-21,100.36,101.08,97.76,99.74,1044187.0
2018-06-22,100.32,101.87,99.46,99.56,1168005.0
2018-06-25,98.93,99.41,93.92,95.44,1263464.0
2018-06-26,95.23,96.05,94.09,95.3,931284.0
2018-06-27,95.8,96.2,90.61,92.34,1139537.0
2018-06-28,92.3,94.67,90.71,94.27,1064957.0
2018-06-29,94.61,95.32,93.34,94.98,713748.0
2018-07-02,96.67,99.0,95.11,98.45,877252.0
2018-07-03,98.46,99.38,96.6,98.12,522251.0
2018-07-05,98.65,98.86,96.82,97.52,725648.0
2018-07-06,97.71,99.45,96.28,98.97,534671.0
2018-07-09,99.15,100.86,98.29,100.38,828673.0
2018-07-10,100.76,102.48,99.57,100.0,1126624.0
2018-07-11,98.88,102.94,98.88,102.71,802084.0
2018-07-12,103.0,105.46,102.12,104.64,942689.0
2018-07-13,103.88,103.88,100.3,100.45,980044.0
2018-07-16,100.73,100.73,98.6,99.45,738374.0
2018-07-17,98.77,102.11,98.18,101.74,642399.0
2018-07-18,102.0,103.78,101.13,103.52,772202.0
2018-07-19,103.54,104.47,102.11,102.54,506687.0
2018-07-20,102.94,103.47,101.99,102.23,439750.0
2018-07-23,102.69,104.82,102.03,104.33,532378.0
2018-07-24,104.27,104.81,101.55,101.75,554337.0
2018-07-25,101.41,103.99,101.03,103.71,798078.0
2018-07-26,103.26,103.4,100.8,101.98,525657.0
2018-07-27,100.32,101.4,92.69,95.35,2230926.0
2018-07-30,95.33,96.03,92.33,93.39,1125697.0
2018-07-31,96.72,96.72,94.08,95.13,1042244.0
2018-08-01,94.13,96.47,93.77,95.44,1225775.0
2018-08-02,119.4,125.65,114.81,124.69,6934031.0
2018-08-03,124.12,124.99,119.0,123.33,1434778.0
2018-08-06,123.61,127.31,120.37,121.84,1361759.0
2018-08-07,122.45,126.55,122.18,124.76,1499884.0
2018-08-08,125.31,126.0,123.07,124.35,707958.0
2018-08-09,124.05,126.0,123.15,123.19,1196093.0
2018-08-10,122.0,125.76,121.56,123.35,674149.0
2018-08-13,122.84,124.94,122.0,123.86,488969.0
2018-08-14,124.03,127.65,123.65,127.43,603392.0
2018-08-15,127.9,129.09,123.42,123.9,1071154.0
2018-08-16,125.0,128.45,124.92,128.31,1057652.0
2018-08-17,127.68,131.1,127.6,130.96,637285.0
2018-08-20,130.98,132.78,130.63,132.15,695093.0
2018-08-21,132.76,136.34,132.6,136.03,1263243.0
2018-08-22,136.0,139.24,135.4,138.09,1046623.0
2018-08-23,142.75,144.6,138.03,142.2,1564225.0
2018-08-24,142.04,142.89,135.06,136.33,1907952.0
2018-08-27,137.0,141.07,136.42,140.63,1222941.0
2018-08-28,141.0,142.54,139.74,141.59,705284.0
2018-08-29,141.33,144.05,140.72,142.22,904828.0
2018-08-30,141.61,145.47,141.61,144.4,599650.0
2018-08-31,144.71,145.95,144.01,144.38,424953.0
2018-09-04,144.1,146.27,143.25,146.06,607034.0
2018-09-05,146.2,146.26,140.09,141.99,1131448.0
2018-09-06,142.75,145.2,140.93,142.8,869355.0
2018-09-07,141.33,147.11,141.08,143.48,514348.0
2018-09-10,143.35,145.84,141.58,145.15,836466.0
2018-09-11,145.35,148.48,144.52,146.87,711274.0
2018-09-12,148.48,148.48,143.5,146.24,1006246.0
2018-09-13,147.07,148.56,144.63,145.0,840045.0
2018-09-14,144.64,146.1,141.87,143.03,973184.0
2018-09-17,142.84,143.99,136.73,137.93,1527177.0
2018-09-18,138.55,141.06,138.55,139.31,1097274.0
2018-09-19,139.64,141.25,135.21,139.08,1266597.0
2018-09-20,140.15,141.4,138.95,139.41,929094.0
2018-09-21,138.15,140.37,138.15,139.5,1504168.0
2018-09-24,139.04,142.8,137.92,142.1,1422056.0
2018-09-25,142.94,145.7,142.34,144.79,1243371.0
2018-09-26,144.7,146.5,141.26,142.82,848285.0
2018-09-27,143.43,144.47,141.18,143.96,651793.0
2018-09-28,143.55,145.01,141.9,143.04,828441.0
2018-10-01,140.9,141.71,131.49,133.77,2255012.0
2018-10-02,134.26,135.6,129.76,130.3,1356197.0
2018-10-03,130.47,131.01,124.92,126.14,2403901.0
2018-10-04,125.0,126.1,122.76,125.07,1360010.0
2018-10-05,124.36,129.37,122.58,126.44,1449168.0
2018-10-08,125.24,126.06,121.28,123.41,1503018.0
2018-10-09,123.04,126.92,121.58,122.5,928748.0
2018-10-10,122.2,123.56,117.83,118.08,1624530.0
2018-10-11,117.2,124.39,116.01,122.4,1588900.0
2018-10-12,124.6,127.93,123.72,127.07,1128301.0
2018-10-15,127.53,128.0,123.79,125.17,748328.0
2018-10-16,125.97,133.99,125.53,133.2,937158.0
2018-10-17,132.84,134.69,130.62,132.64,1094553.0
2018-10-18,131.68,134.47,130.26,132.85,744002.0
2018-10-19,136.0,136.57,128.71,129.0,990086.0
2018-10-22,128.73,132.07,126.95,131.44,842827.0
2018-10-23,129.78,131.61,126.18,131.15,980280.0
2018-10-24,131.14,133.47,124.41,124.84,833351.0
2018-10-25,124.72,127.41,119.3,125.66,1070903.0
2018-10-26,122.4,126.77,118.61,125.37,1171596.0
2018-10-29,127.32,130.37,122.82,124.64,1246779.0
2018-10-30,124.34,128.72,122.82,125.41,1404399.0
2018-10-31,126.57,135.86,125.0,132.77,1578064.0
2018-11-01,133.55,137.65,131.21,136.01,1271329.0
2018-11-02,137.13,138.0,131.15,132.66,1133861.0
2018-11-05,132.66,133.82,129.93,130.84,1358501.0
2018-11-06,131.51,133.52,128.95,132.92,1992209.0
2018-11-07,137.0,145.0,132.48,144.65,2977724.0
2018-11-08,143.6,152.14,143.0,148.41,1495387.0
2018-11-09,148.11,151.64,144.7,149.46,1601506.0
2018-11-12,147.27,149.5,140.57,141.81,1678444.0
2018-11-13,143.43,145.99,139.24,142.73,1456285.0
2018-11-14,143.07,144.98,137.67,138.83,1421436.0
2018-11-15,137.86,139.97,133.01,135.75,1926851.0
2018-11-16,134.91,140.17,133.54,138.15,2020629.0
2018-11-19,137.0,137.89,120.19,121.31,2483146.0
2018-11-20,117.31,122.68,115.53,119.83,2188185.0
2018-11-21,121.12,124.36,119.06,121.61,2525431.0
2018-11-23,119.64,125.01,119.64,124.28,563985.0
2018-11-26,125.77,128.93,123.02,125.99,1524456.0
2018-11-27,122.69,125.62,120.07,123.99,3040873.0
2018-11-28,123.5,126.88,121.67,124.7,3896765.0
2018-11-29,125.86,131.11,124.89,129.96,1930070.0
2018-11-30,129.54,132.34,127.36,129.59,6055689.0
2018-12-03,133.64,137.41,131.57,136.59,2254268.0
2018-12-04,136.25,138.59,121.77,127.91,2583178.0
2018-12-06,127.0,129.76,124.06,129.47,1545745.0
2018-12-07,128.18,130.66,120.27,121.41,1123990.0
2018-12-10,121.9,123.95,119.64,123.45,1647203.0
2018-12-11,125.19,129.55,120.65,123.03,1952640.0
2018-12-12,125.2,126.44,123.56,124.52,1662164.0
2018-12-13,124.9,125.72,121.11,123.02,1049748.0
2018-12-14,121.95,123.32,119.4,120.66,980912.0
2018-12-17,118.95,119.45,113.01,113.7,1349021.0
2018-12-18,115.41,116.38,112.86,114.61,1201008.0
2018-12-19,115.27,118.84,112.48,113.48,785142.0
2018-12-20,112.84,113.93,108.35,110.06,1375562.0
2018-12-21,110.97,111.19,105.05,108.32,1276621.0
2018-12-24,107.89,110.15,105.71,107.97,288746.0
2018-12-26,108.64,116.77,108.64,116.47,740526.0
2018-12-27,114.51,118.0,113.0,117.94,806282.0
2018-12-28,118.5,120.57,115.84,118.28,1537725.0
2018-12-31,119.22,121.76,118.54,119.8,657163.0
2019-01-02,117.01,118.37,114.0,115.18,1152395.0
2019-01-03,114.29,116.39,110.33,112.26,765668.0
2019-01-04,114.18,118.28,113.01,116.24,2152688.0
2019-01-07,125.53,132.78,124.0,129.95,2033267.0
2019-01-08,131.46,136.2,130.61,131.52,1650778.0
2019-01-09,132.87,139.16,132.87,138.75,1191616.0
2019-01-10,138.75,142.02,138.09,141.9,2608655.0
2019-01-11,141.9,142.74,139.8,141.1,880605.0
2019-01-14,140.43,143.31,140.01,142.74,1242153.0
2019-01-15,143.48,148.4,142.0,147.05,1388734.0
2019-01-16,147.85,149.43,145.64,147.05,989434.0
2019-01-17,147.22,150.98,146.63,149.5,868448.0
2019-01-18,150.75,152.69,149.19,149.52,1340568.0
2019-01-22,149.0,152.44,147.4,150.82,1634740.0
2019-01-23,150.0,151.46,142.76,146.54,1348377.0
2019-01-24,147.18,147.9,143.79,144.08,1566705.0
2019-01-25,144.61,147.28,142.77,145.01,1228347.0
2019-01-28,144.29,144.99,140.11,141.36,800757.0
2019-01-29,141.06,142.14,138.3,140.05,719707.0
2019-01-30,140.83,144.41,140.53,143.61,681236.0
2019-01-31,144.23,146.33,139.78,141.03,1461604.0
2019-02-01,140.7,141.86,136.78,141.78,766354.0
2019-02-04,141.83,144.62,141.11,144.49,574044.0
2019-02-05,145.43,149.46,145.0,148.74,1108187.0
2019-02-06,148.03,149.77,144.04,145.16,798686.0
2019-02-07,144.31,145.77,142.2,143.96,732197.0
2019-02-08,142.76,146.71,142.75,145.53,715435.0
2019-02-11,147.66,153.32,147.29,151.23,1658230.0
2019-02-12,153.32,155.85,150.06,152.73,1517742.0
2019-02-13,152.52,153.65,145.09,149.05,1616342.0
2019-02-14,148.3,149.63,146.91,147.83,739876.0
2019-02-15,149.91,150.25,147.34,148.49,956238.0
2019-02-19,149.06,150.19,147.35,147.9,988832.0
2019-02-20,147.09,148.18,144.43,145.54,1289123.0
2019-02-21,145.54,147.5,143.9,146.25,1267368.0
2019-02-22,153.69,156.16,135.22,136.86,3713446.0
2019-02-25,137.95,141.47,137.95,140.9,1990324.0
2019-02-26,140.3,140.68,136.69,139.59,1104986.0
2019-02-27,140.1,143.77,139.52,140.09,1393939.0
2019-02-28,140.02,142.63,139.19,139.33,1182008.0
2019-03-01,140.52,144.04,138.1,143.49,1600440.0
2019-03-04,143.89,144.9,138.05,141.5,1471610.0
2019-03-05,141.63,149.83,139.0,146.97,1357511.0
2019-03-06,146.96,148.07,142.45,143.41,1306611.0
2019-03-07,143.58,145.97,140.7,143.07,645528.0
2019-03-08,141.56,143.41,139.6,143.24,740986.0
2019-03-11,143.0,145.05,141.93,144.09,951867.0
2019-03-12,143.93,144.67,140.35,143.79,1457796.0
2019-03-13,142.24,150.15,141.51,147.46,1677954.0
2019-03-14,147.22,147.53,144.47,146.85,1349535.0
2019-03-15,146.95,152.28,146.0,151.0,3072461.0
2019-03-18,152.02,154.88,145.51,146.15,1503766.0
2019-03-19,146.22,147.62,144.5,146.94,1492001.0
2019-03-20,147.0,148.08,145.11,146.16,858661.0
2019-03-21,145.5,147.58,140.32,142.16,1880757.0
2019-03-22,140.68,140.95,127.9,129.03,3946620.0
2019-03-25,128.0,128.24,121.5,124.08,2243827.0
2019-03-26,124.71,125.6,120.14,120.95,1741578.0
2019-03-27,120.66,120.92,114.77,115.54,2464414.0
2019-03-28,115.3,119.89,112.64,118.38,1700470.0
2019-03-29,119.0,119.89,117.12,119.1,1055901.0
2019-04-01,119.95,120.99,114.0,115.17,1921770.0
2019-04-02,115.35,117.71,113.51,116.98,1697565.0
2019-04-03,117.85,118.79,114.92,117.69,1897435.0
2019-04-04,118.45,119.14,116.11,117.16,837045.0
2019-04-05,117.81,118.55,116.3,116.92,978181.0
2019-04-08,117.15,117.71,113.56,114.95,1127158.0
2019-04-09,114.2,116.16,114.0,115.22,759119.0
2019-04-10,115.05,119.81,114.25,118.88,1121460.0
2019-04-11,119.21,121.45,117.48,119.3,1126251.0
2019-04-12,119.52,120.29,117.8,117.88,672518.0
2019-04-15,117.47,120.01,116.67,118.97,912925.0
2019-04-16,120.68,120.87,116.88,117.76,944675.0
2019-04-17,117.8,117.8,109.76,111.38,2045144.0
2019-04-18,111.86,114.81,107.44,114.29,1528462.0
2019-04-22,113.73,116.86,113.19,116.61,721870.0
2019-04-23,117.25,119.36,114.31,118.03,1356222.0
2019-04-24,117.78,119.84,116.23,118.82,707429.0
2019-04-25,119.26,120.12,117.25,118.12,813631.0
2019-04-26,118.86,124.5,118.86,124.17,1279668.0
2019-04-29,124.83,125.44,121.53,124.43,970994.0
2019-04-30,124.16,125.74,120.96,121.07,1169885.0
2019-05-01,122.52,124.79,117.23,118.62,1776282.0
2019-05-02,118.47,123.7,118.0,120.37,2460595.0
2019-05-03,121.45,125.76,119.65,122.95,1514092.0
2019-05-06,118.65,123.57,118.65,122.21,1310386.0
2019-05-07,121.11,122.17,117.65,119.61,1062742.0
2019-05-08,118.96,120.8,117.1,118.23,703051.0
2019-05-09,116.79,118.32,115.5,117.21,846921.0
2019-05-10,116.92,119.22,114.44,118.79,1034903.0
2019-05-13,116.16,117.33,114.74,116.25,996442.0
2019-05-14,116.55,121.2,116.55,120.25,1328800.0
2019-05-15,118.91,123.38,118.39,121.49,1059432.0
2019-05-16,120.97,123.36,119.21,119.41,879817.0
2019-05-17,118.65,119.37,116.65,118.04,657906.0
2019-05-20,117.01,119.78,115.42,118.47,688652.0
2019-05-21,119.31,120.84,118.57,118.59,710921.0
2019-05-22,117.87,118.91,117.37,118.75,977813.0
2019-05-23,117.7,117.8,113.63,114.46,626231.0
2019-05-24,115.16,118.99,114.45,118.97,698656.0
2019-05-28,119.0,122.85,119.0,120.71,1454035.0
2019-05-29,119.31,119.7,115.9,118.6,1171497.0
2019-05-30,118.61,121.09,116.83,119.9,809266.0
2019-05-31,118.99,122.32,117.07,121.3,793348.0
2019-06-03,121.08,123.34,119.88,120.96,1185735.0
2019-06-04,121.51,124.87,120.91,124.75,956102.0
2019-06-05,125.0,126.73,123.02,123.46,1113801.0
2019-06-06,123.03,123.25,118.42,120.69,1779402.0
2019-06-07,121.25,126.65,120.44,125.98,1655194.0
2019-06-10,127.03,141.28,126.5,138.44,4297795.0
2019-06-11,136.57,140.0,136.57,138.53,1322447.0
2019-06-12,139.21,145.31,139.21,145.27,2217631.0
2019-06-13,145.0,147.5,144.46,146.32,2043632.0
2019-06-14,146.32,148.48,145.13,148.04,1282164.0
2019-06-17,148.59,151.37,148.0,150.34,1195933.0
2019-06-18,152.19,153.39,150.94,152.54,1273559.0
2019-06-19,152.85,154.1,150.74,153.78,812952.0
2019-06-20,154.96,157.5,154.16,155.66,925366.0
2019-06-21,154.1,155.15,150.33,150.8,1185403.0
2019-06-24,150.83,151.96,147.0,147.66,1011389.0
2019-06-25,148.03,148.11,143.33,143.52,1082706.0
2019-06-26,144.27,145.0,139.23,141.53,996698.0
2019-06-27,142.47,147.08,142.26,145.83,830268.0
2019-06-28,146.7,150.31,145.83,149.84,1300453.0
2019-07-01,151.49,153.07,150.94,151.43,956691.0
2019-07-02,151.82,151.82,144.34,145.67,1142298.0
2019-07-03,145.99,146.98,143.21,143.36,887854.0
2019-07-05,142.11,147.33,141.31,146.99,571734.0
2019-07-08,146.48,148.5,144.13,145.62,817425.0
2019-07-09,144.91,147.89,143.97,147.78,550245.0
2019-07-10,148.09,152.95,148.08,150.88,1094180.0
2019-07-11,151.52,152.84,148.9,152.5,621046.0
2019-07-12,152.34,152.55,145.89,149.17,918568.0
2019-07-15,149.72,152.29,148.06,151.11,901004.0
2019-07-16,151.53,153.0,148.8,149.85,792523.0
2019-07-17,149.61,149.61,144.77,147.57,711784.0
2019-07-18,147.68,155.99,146.42,153.39,911207.0
2019-07-19,153.71,155.04,151.9,152.58,551243.0
2019-07-22,152.53,157.0,152.53,155.11,781848.0
2019-07-23,155.05,156.47,151.52,151.95,464353.0
2019-07-24,152.53,153.87,150.2,152.96,536275.0
2019-07-25,152.01,153.46,150.68,151.49,402264.0
2019-07-26,152.92,155.13,151.22,153.77,505591.0
2019-07-29,153.85,154.98,149.92,153.54,462261.0
2019-07-30,152.1,157.1,152.1,156.39,618501.0
2019-07-31,157.49,160.0,154.48,156.87,1539627.0
2019-08-01,157.01,161.3,140.5,148.32,3326432.0
2019-08-02,149.11,149.11,141.76,144.21,1234982.0
2019-08-05,141.49,143.43,139.53,142.13,1142203.0
2019-08-06,143.18,147.95,143.18,147.65,1212872.0
2019-08-07,146.41,148.0,143.52,147.31,680639.0
2019-08-08,148.68,155.71,148.68,154.2,876991.0
2019-08-09,153.04,156.36,153.04,155.44,866670.0
2019-08-12,153.88,155.0,150.63,151.93,451630.0
2019-08-13,153.63,158.2,150.69,157.3,666449.0
2019-08-14,154.25,154.97,151.24,153.5,622154.0
2019-08-15,154.17,158.75,153.5,158.53,1076293.0
2019-08-16,159.09,165.09,158.54,163.68,1302777.0
2019-08-19,166.33,167.66,162.24,163.59,888324.0
2019-08-20,163.44,169.46,162.47,168.28,1160250.0
2019-08-21,170.0,173.4,168.61,173.19,812514.0
2019-08-22,173.33,175.49,171.08,174.37,817340.0
2019-08-23,174.74,176.59,172.45,173.55,1201836.0
2019-08-26,175.0,175.5,172.85,174.69,779101.0
2019-08-27,176.16,178.35,174.45,175.0,876443.0
2019-08-28,172.88,178.45,172.0,175.19,767830.0
2019-08-29,177.8,177.8,171.51,172.06,1336477.0
2019-08-30,172.39,173.03,169.08,171.61,500733.0
2019-09-03,170.0,172.6,169.3,172.26,773181.0
2019-09-04,172.69,172.96,169.17,169.63,719504.0
2019-09-05,170.39,171.43,166.51,167.67,538665.0
2019-09-06,167.68,167.68,160.24,160.49,1065499.0
2019-09-09,160.06,161.16,144.84,145.37,1996771.0
2019-09-10,143.8,146.98,138.28,145.24,1659819.0
2019-09-11,145.87,148.83,145.05,146.7,975047.0
2019-09-12,147.45,149.31,146.13,147.16,758341.0
2019-09-13,145.58,147.16,144.1,146.26,664968.0
2019-09-16,145.49,149.67,144.78,148.68,579653.0
2019-09-17,150.97,155.84,149.08,153.7,932496.0
2019-09-18,151.46,157.68,151.46,156.93,832456.0
2019-09-19,157.51,157.51,153.48,154.99,463950.0
2019-09-20,155.01,157.85,152.14,154.4,989639.0
2019-09-23,155.2,158.49,154.21,155.33,582946.0
2019-09-24,155.03,156.59,151.31,153.46,576681.0
2019-09-25,153.77,154.5,149.3,153.76,516099.0
2019-09-26,154.45,155.13,149.63,149.89,532471.0
2019-09-27,150.55,151.97,147.1,148.51,686328.0
2019-09-30,148.56,150.99,146.63,149.24,565449.0
2019-10-01,149.61,150.75,148.0,148.85,429706.0
2019-10-02,148.19,150.0,145.79,148.89,514456.0
2019-10-03,149.39,158.29,145.6,157.41,1020118.0
2019-10-04,157.21,161.32,157.21,160.37,695156.0
2019-10-07,159.44,161.85,157.95,159.45,657486.0
2019-10-08,158.33,159.28,150.08,150.41,809081.0
2019-10-09,152.08,154.99,149.55,153.9,504866.0
2019-10-10,153.24,155.55,151.3,154.46,358356.0
2019-10-11,156.96,159.9,155.1,155.35,385335.0
2019-10-14,155.76,162.14,155.1,160.18,525178.0
2019-10-15,156.0,156.72,146.38,152.97,2079687.0
2019-10-16,155.79,159.47,150.48,153.87,920021.0
2019-10-17,154.54,158.46,153.74,156.67,505734.0
2019-10-18,155.5,157.49,153.18,156.92,653153.0
2019-10-21,156.99,159.61,156.07,156.62,442132.0
2019-10-22,157.32,158.32,150.52,150.89,437848.0
2019-10-23,152.42,154.0,146.11,146.46,697121.0
2019-10-24,148.21,149.29,146.46,146.97,485858.0
2019-10-25,146.92,149.91,145.23,147.39,493509.0
2019-10-28,147.52,152.29,147.52,151.63,457734.0
2019-10-29,151.83,155.68,149.46,154.84,526004.0
2019-10-30,155.85,156.95,153.08,155.74,399774.0
2019-10-31,155.39,157.44,151.11,154.24,497262.0
2019-11-01,155.6,160.05,154.64,157.3,454651.0
2019-11-04,158.8,159.35,155.9,158.54,845039.0
2019-11-05,158.49,159.87,150.41,153.56,1369920.0
2019-11-06,153.99,157.26,152.26,153.12,1391378.0
2019-11-07,185.2,200.8,183.15,194.7,7215010.0
2019-11-08,194.1,199.62,193.5,198.08,2581766.0
2019-11-11,196.0,205.93,194.6,205.68,1518667.0
2019-11-12,204.04,208.2,202.89,206.14,1304340.0
2019-11-13,204.22,206.53,199.98,202.9,947600.0
2019-11-14,204.81,206.53,198.71,202.81,967034.0
2019-11-15,203.39,208.38,202.02,208.37,1170996.0
2019-11-18,209.21,214.48,208.82,213.78,1484223.0
2019-11-19,214.45,218.93,212.51,217.58,1262973.0
2019-11-20,216.52,223.25,216.5,221.33,1515175.0
2019-11-21,221.04,222.44,215.06,218.81,1326544.0
2019-11-22,217.47,223.52,217.02,221.85,909807.0
2019-11-25,224.0,227.52,221.7,226.79,754219.0
2019-11-26,226.55,227.83,223.21,224.07,886130.0
2019-11-27,224.24,228.85,223.93,227.53,556317.0
2019-11-29,226.1,229.69,225.27,227.31,253248.0
2019-12-02,218.15,224.53,217.1,223.92,1121801.0
2019-12-03,221.34,229.76,220.32,228.66,576034.0
2019-12-04,228.8,230.85,226.02,229.18,682409.0
2019-12-05,230.82,232.0,226.69,226.8,592647.0
2019-12-06,228.4,230.26,223.61,224.76,502870.0
2019-12-09,224.95,227.63,220.9,221.0,766557.0
2019-12-10,220.5,222.97,214.39,215.53,1527423.0
2019-12-11,213.92,215.8,211.33,212.36,1222582.0
2019-12-12,211.87,213.08,201.57,202.0,1764462.0
2019-12-13,202.0,206.13,199.52,203.83,1471836.0
2019-12-16,206.14,212.93,205.36,212.41,1508880.0
2019-12-17,213.24,217.85,208.5,217.33,1351533.0
2019-12-18,216.83,221.03,216.11,218.65,908455.0
2019-12-19,219.08,220.99,214.89,216.33,1087864.0
2019-12-20,217.19,218.31,210.37,213.42,924769.0
2019-12-23,213.67,217.62,212.47,216.39,465881.0
2019-12-24,216.93,219.15,216.08,216.4,215257.0
2019-12-26,216.65,218.45,213.67,215.32,291862.0
2019-12-27,217.45,219.33,214.02,218.11,350875.0
2019-12-30,217.21,218.76,213.65,216.19,469515.0
2019-12-31,216.48,220.69,216.13,218.74,513864.0
2020-01-02,218.56,222.63,213.69,219.38,852579.0
2020-01-03,216.79,219.53,215.21,218.7,542828.0
2020-01-06,217.92,227.18,216.75,225.99,674893.0
2020-01-07,225.01,234.43,225.01,231.45,1340424.0
2020-01-08,230.78,235.76,228.81,233.23,734899.0
2020-01-09,235.01,240.78,231.12,239.27,959230.0
2020-01-10,241.44,242.14,235.91,237.3,627849.0
2020-01-13,235.0,236.08,224.01,235.84,1574985.0
2020-01-14,236.15,241.96,233.74,235.06,824353.0
2020-01-15,235.44,235.75,229.3,234.34,947168.0
2020-01-16,234.72,237.63,230.22,234.41,700968.0
2020-01-17,236.19,236.81,230.26,230.79,530797.0
2020-01-21,230.7,235.97,229.8,231.62,1049493.0
2020-01-22,233.73,239.32,233.73,235.54,524602.0
2020-01-23,236.03,237.79,231.69,235.6,582895.0
2020-01-24,237.77,238.7,233.09,233.94,533942.0
2020-01-27,229.01,236.43,226.73,235.45,558814.0
2020-01-28,235.85,237.77,233.84,234.94,718987.0
2020-01-29,236.27,240.22,232.58,238.54,637710.0
2020-01-30,237.85,239.77,232.0,238.93,459807.0
2020-01-31,238.82,247.34,238.01,240.75,1000146.0
2020-02-03,241.04,243.84,236.45,237.09,637689.0
2020-02-04,238.91,245.26,237.67,243.7,685474.0
2020-02-05,244.34,244.34,237.0,238.54,575679.0
2020-02-06,241.72,242.42,237.14,239.0,478053.0
2020-02-07,239.33,240.99,235.01,240.22,525823.0
2020-02-10,240.59,247.43,240.07,246.92,571186.0
2020-02-11,247.09,248.04,242.54,247.92,517130.0
2020-02-12,248.01,250.68,243.44,246.0,786869.0
2020-02-13,244.02,254.7,242.27,252.21,1124944.0
2020-02-14,283.8,295.0,275.9,283.91,3359630.0
2020-02-18,284.4,298.0,281.38,296.0,1743433.0
2020-02-19,298.26,301.67,288.49,291.68,1493352.0
2020-02-20,292.33,306.71,287.23,302.51,2169261.0
2020-02-21,305.84,305.97,286.26,291.25,1386285.0
2020-02-24,278.19,295.03,275.0,294.05,1267504.0
2020-02-25,297.44,301.83,278.71,283.96,1116924.0
2020-02-26,284.71,297.84,275.1,278.25,1319128.0
2020-02-27,273.54,293.97,270.01,281.48,1241360.0
2020-02-28,276.73,278.74,266.67,276.0,1739165.0
2020-03-02,278.1,286.5,277.1,285.73,1533518.0
2020-03-03,286.34,288.88,268.2,272.88,1162798.0
2020-03-04,277.82,284.2,273.0,283.87,997409.0
2020-03-05,281.94,291.85,279.22,286.97,761297.0
2020-03-06,285.64,287.87,276.36,286.56,840496.0
2020-03-09,261.78,278.98,260.0,266.52,1256179.0
2020-03-10,271.65,281.8,263.54,279.18,1515024.0
2020-03-11,271.31,273.0,245.02,252.42,2030840.0
2020-03-12,218.51,255.0,215.0,247.64,1719439.0
2020-03-13,256.32,259.0,220.0,244.02,1599287.0
2020-03-16,215.0,218.9,202.0,202.3,1977637.0
2020-03-17,205.25,207.21,182.07,198.74,2553194.0
2020-03-18,189.53,225.0,187.0,191.16,1699369.0
2020-03-19,191.22,219.65,191.16,206.24,1418785.0
2020-03-20,208.31,223.33,203.32,209.5,1441001.0
2020-03-23,209.55,221.49,196.57,210.3,1363009.0
2020-03-24,216.77,239.21,216.0,236.21,1306461.0
2020-03-25,239.67,254.0,237.01,239.33,1046194.0
2020-03-26,243.95,253.5,239.21,250.21,1557348.0
2020-03-27,246.03,270.0,240.61,262.96,1514741.0
2020-03-30,265.31,280.97,255.07,278.0,1257912.0
2020-03-31,272.63,277.08,263.03,269.27,2002950.0
2020-04-01,255.51,263.94,252.18,254.81,1091972.0
2020-04-02,250.0,270.97,250.0,266.38,1138521.0
2020-04-03,263.62,272.48,257.07,260.75,1081315.0
2020-04-06,272.37,272.37,261.0,269.31,2515928.0
2020-04-07,272.97,280.0,250.01,250.71,1346211.0
2020-04-08,255.38,260.39,250.26,258.01,1142723.0
2020-04-09,259.95,276.62,258.6,275.27,1166685.0
2020-04-13,279.88,285.79,270.11,273.26,1190085.0
2020-04-14,276.79,285.25,274.05,280.67,1340746.0
2020-04-15,278.9,300.0,277.63,291.69,1266819.0
2020-04-16,295.0,309.09,295.0,306.27,1558620.0
2020-04-17,310.87,329.59,303.33,323.4,3899905.0
2020-04-20,322.87,328.53,316.0,323.27,1294258.0
2020-04-21,320.41,322.92,307.0,308.39,1392934.0
2020-04-22,311.49,323.55,311.34,320.63,714687.0
2020-04-23,318.57,328.9,317.14,322.04,860594.0
2020-04-24,327.43,334.27,324.49,332.44,1060596.0
2020-04-27,343.54,344.55,330.0,335.05,1630260.0
2020-04-28,335.01,338.0,312.15,313.53,1821232.0
2020-04-29,340.0,346.21,328.36,345.47,2129940.0
2020-04-30,343.0,350.97,335.0,335.2,1413817.0
2020-05-01,331.0,343.27,328.4,341.52,1009026.0
2020-05-04,343.06,352.84,339.43,352.51,1028178.0
2020-05-05,359.95,374.41,351.09,364.28,1400130.0
2020-05-06,371.24,381.38,365.52,366.52,1314528.0
2020-05-07,391.83,408.49,389.01,404.36,3838296.0
2020-05-08,407.1,414.63,398.22,405.5,3635485.0
2020-05-11,404.05,428.0,403.6,421.36,23671013.0
2020-05-12,420.3,421.77,410.1,410.8,3066597.0
2020-05-13,412.93,414.53,402.0,407.2,2016121.0
2020-05-14,401.55,408.71,396.72,403.05,1520448.0
2020-05-15,399.05,418.98,396.85,417.73,1237214.0
2020-05-18,425.02,428.59,413.24,414.44,1120977.0
2020-05-19,411.92,418.09,399.69,404.57,1453898.0
2020-05-20,409.79,410.99,395.13,399.96,1162066.0
2020-05-21,399.31,403.21,390.85,399.37,829384.0
2020-05-22,396.74,405.54,387.12,405.25,728970.0
2020-05-26,408.49,411.75,380.08,381.79,1610031.0
2020-05-27,380.2,380.2,336.26,359.63,2938036.0
2020-05-28,360.62,378.69,359.64,361.83,1573076.0
2020-05-29,367.48,379.09,364.0,378.31,1324428.0
2020-06-01,382.5,383.88,372.12,378.7,777570.0
2020-06-02,376.01,380.75,368.41,375.75,757733.0
2020-06-03,374.0,376.74,360.03,365.86,1127539.0
2020-06-04,363.66,364.83,340.34,344.85,2102005.0
2020-06-05,340.05,367.42,336.02,364.49,2155312.0
2020-06-08,362.25,370.24,352.27,368.62,1329589.0
2020-06-09,373.0,389.33,373.0,380.5,1637840.0
2020-06-10,385.22,387.71,371.86,385.17,1070921.0
2020-06-11,378.0,381.57,360.92,362.71,1294822.0
2020-06-12,368.6,385.89,362.97,370.23,1313523.0
2020-06-15,363.0,399.54,358.68,398.75,1691982.0
2020-06-16,402.0,403.37,386.28,393.0,1229333.0
2020-06-17,398.52,407.34,395.67,403.18,1144577.0
2020-06-18,405.11,407.41,399.12,401.91,744660.0
2020-06-19,405.15,412.25,403.12,409.36,1697697.0
2020-06-22,415.03,415.49,404.78,406.33,850705.0
2020-06-23,407.37,414.57,405.0,406.9,737726.0
2020-06-24,405.76,411.72,387.02,394.3,1014768.0
2020-06-25,395.21,398.69,380.07,398.09,1042042.0
2020-06-26,399.94,404.56,375.24,383.06,2924282.0
2020-06-29,387.69,398.55,376.88,398.2,989092.0
2020-06-30,397.8,408.74,391.83,405.4,1146670.0
2020-07-01,408.96,408.96,395.3,400.21,992744.0
2020-07-02,402.22,415.48,398.06,407.35,1082126.0
2020-07-06,412.2,432.9,408.81,423.18,1242705.0
2020-07-07,427.4,439.49,424.18,425.86,1032709.0
2020-07-08,429.26,435.4,426.09,435.11,899108.0
2020-07-09,435.8,445.52,428.5,440.5,1068725.0
2020-07-10,439.33,442.73,433.0,439.64,1105016.0
2020-07-13,441.43,446.5,402.45,404.23,1547937.0
2020-07-14,396.56,411.32,381.12,410.34,1527332.0
2020-07-15,415.0,419.99,407.23,417.94,812045.0
2020-07-16,413.13,416.22,400.71,413.22,554996.0
2020-07-17,416.66,429.75,413.25,424.43,820201.0
2020-07-20,430.76,437.0,427.39,432.37,730098.0
2020-07-21,432.37,435.0,420.38,429.02,610387.0
2020-07-22,430.82,434.74,417.68,426.15,451182.0
2020-07-23,427.26,437.67,416.04,420.01,743674.0
2020-07-24,420.46,424.88,402.65,421.75,629199.0
2020-07-27,428.16,428.16,411.58,423.43,818057.0
2020-07-28,423.17,431.54,416.6,417.79,1138109.0
2020-07-29,429.83,444.72,411.68,427.08,1867073.0
2020-07-30,423.35,432.23,416.24,431.36,848896.0
2020-07-31,434.78,442.13,425.01,435.54,865127.0
2020-08-03,440.62,449.45,432.39,443.67,845467.0
2020-08-04,442.1,442.82,434.64,441.89,644369.0
2020-08-05,441.75,455.0,436.61,451.79,714641.0
2020-08-06,452.41,452.89,429.56,439.0,835677.0
2020-08-07,440.88,456.23,435.02,440.7,928817.0
2020-08-10,439.31,439.83,406.21,421.22,1113658.0
2020-08-11,415.01,419.21,403.15,411.15,818513.0
2020-08-12,412.2,430.42,412.2,427.89,616376.0
2020-08-13,432.8,439.99,430.74,435.28,605823.0
2020-08-14,436.5,440.45,423.1,425.16,474553.0
2020-08-17,428.97,441.84,427.43,440.92,533134.0
2020-08-18,445.16,446.31,434.08,437.22,507971.0
2020-08-19,438.72,441.28,429.04,432.88,466307.0
2020-08-20,431.91,441.06,431.5,431.88,485182.0
2020-08-21,432.88,434.81,424.0,426.9,584653.0
2020-08-24,427.74,428.99,414.5,422.79,532458.0
2020-08-25,411.41,430.7,411.09,430.07,506415.0
2020-08-26,425.64,433.52,423.03,425.69,565422.0
2020-08-27,425.27,431.22,413.02,427.75,658815.0
2020-08-28,428.32,431.02,417.8,418.95,502277.0
2020-08-31,418.04,427.83,412.6,425.41,667445.0
2020-09-01,423.02,431.29,419.91,422.19,624494.0
2020-09-02,423.91,449.98,413.02,447.71,1555808.0
2020-09-03,436.0,446.46,409.0,412.95,1529720.0
2020-09-04,412.64,414.82,377.35,398.24,1258830.0
2020-09-08,390.89,396.18,383.18,389.19,728301.0
2020-09-09,398.45,403.86,390.24,401.68,756555.0
2020-09-10,405.33,405.67,388.55,390.02,789350.0
2020-09-11,396.05,399.41,377.81,383.46,603053.0
2020-09-14,386.21,399.73,386.1,393.61,616279.0
2020-09-15,398.58,400.49,391.98,397.97,444657.0
2020-09-16,399.83,403.97,391.52,393.92,641633.0
2020-09-17,382.62,389.6,375.62,386.21,1166507.0
2020-09-18,390.82,401.06,381.01,389.31,1594630.0
2020-09-21,385.0,393.21,381.66,391.69,667848.0
2020-09-22,392.18,398.63,381.72,398.13,659079.0
2020-09-23,395.11,398.51,382.62,386.07,543567.0
2020-09-24,381.0,387.79,376.81,382.03,423959.0
2020-09-25,379.78,402.53,376.77,402.36,707670.0
2020-09-28,399.0,401.5,387.01,400.19,1081151.0
2020-09-29,399.79,409.56,397.95,402.18,559591.0
2020-09-30,402.41,415.63,397.51,412.23,627955.0
2020-10-01,417.08,420.0,409.83,413.84,496718.0
2020-10-02,396.99,401.6,379.11,384.52,1321177.0
2020-10-05,388.0,389.76,378.74,382.51,827932.0
2020-10-06,379.67,389.35,373.41,374.89,911854.0
2020-10-07,376.75,394.43,376.75,393.82,1019231.0
2020-10-08,396.66,399.8,387.17,387.5,539921.0
2020-10-09,393.53,396.98,385.2,386.0,658752.0
2020-10-12,392.52,401.83,388.02,394.18,932722.0
2020-10-13,398.5,402.9,394.5,400.94,614250.0
2020-10-14,400.34,403.27,390.34,394.01,557065.0
2020-10-15,391.07,400.46,388.53,399.58,1058365.0
2020-10-16,403.2,417.99,398.94,405.0,838540.0
2020-10-19,403.61,410.0,395.02,397.5,943442.0
2020-10-20,397.44,404.2,389.63,392.43,814754.0
2020-10-21,393.89,396.8,385.09,387.84,764008.0
2020-10-22,386.5,398.25,385.86,395.8,464495.0
2020-10-23,398.0,411.21,396.97,411.0,548242.0
2020-10-26,405.66,418.99,403.5,418.0,897244.0
2020-10-27,395.23,398.0,380.11,380.63,2881437.0
2020-10-28,366.34,368.0,330.62,349.12,5711068.0
2020-10-29,352.76,354.39,332.37,335.29,2350507.0
2020-10-30,336.74,338.0,317.5,319.58,2224261.0
2020-11-02,328.54,328.54,305.63,312.0,1816224.0
2020-11-03,315.01,333.5,315.01,331.77,1222739.0
2020-11-04,346.01,350.36,335.3,344.5,1393388.0
2020-11-05,353.82,366.25,349.81,355.11,1405759.0
2020-11-06,356.38,365.06,349.1,361.32,927314.0
2020-11-09,361.33,366.04,343.1,343.84,1193054.0
2020-11-10,336.21,341.26,326.86,339.53,1055709.0
2020-11-11,342.85,352.48,340.5,347.5,908372.0
2020-11-12,348.47,359.28,334.02,336.7,1263070.0
2020-11-13,342.82,346.59,334.67,336.4,640403.0
2020-11-16,336.4,344.46,332.95,340.03,803506.0
2020-11-17,336.85,338.65,333.24,334.35,843601.0
2020-11-18,335.25,335.83,327.57,329.21,834593.0
2020-11-19,326.9,334.4,324.27,330.64,851814.0
2020-11-20,331.15,332.28,315.54,315.87,1659050.0
2020-11-23,318.99,325.0,314.63,321.09,1299676.0
2020-11-24,323.0,323.0,312.52,313.32,978826.0
2020-11-25,315.08,320.14,311.01,312.55,817837.0
2020-11-27,317.63,319.66,312.01,318.21,586123.0
2020-11-30,317.57,321.93,313.38,319.68,2212324.0
2020-12-01,321.35,329.11,319.17,327.72,1557238.0
2020-12-02,326.68,333.86,322.62,333.2,1116893.0
2020-12-03,333.4,349.07,331.26,344.63,1729665.0
2020-12-04,343.52,349.96,338.16,348.03,1167344.0
2020-12-07,350.74,353.83,335.94,337.4,881658.0
2020-12-08,338.45,348.28,333.33,348.16,878942.0
2020-12-09,347.81,349.5,329.6,333.39,1609459.0
2020-12-10,332.0,349.43,330.09,347.19,1420237.0
2020-12-11,342.45,351.5,341.74,347.71,1078294.0
2020-12-14,349.15,358.94,348.04,353.59,1547592.0
2020-12-15,356.65,357.38,345.0,354.21,1279015.0
2020-12-16,352.2,356.82,348.88,352.35,821108.0
2020-12-17,355.37,359.55,352.54,357.91,661484.0
2020-12-18,361.46,365.5,353.48,358.57,1247981.0
2020-12-21,352.67,354.93,346.64,348.85,870135.0
2020-12-22,348.95,354.25,345.43,354.23,701968.0
2020-12-23,357.17,364.99,355.98,355.99,612582.0
2020-12-24,356.54,358.28,351.72,355.02,282451.0
2020-12-28,355.39,365.38,352.37,362.31,1004549.0
2020-12-29,367.67,368.69,352.55,356.9,493412.0
2020-12-30,359.76,363.15,354.04,362.77,623438.0
2020-12-31,364.95,370.64,361.55,369.72,808373.0
2021-01-04,366.07,369.47,351.84,357.74,1019925.0
2021-01-05,358.04,370.59,355.22,368.75,712694.0
2021-01-06,370.97,384.51,366.69,375.92,1908210.0
2021-01-07,376.7,389.6,376.7,387.16,1199732.0
2021-01-08,389.27,396.98,381.27,388.09,1277668.0
2021-01-11,373.99,375.5,363.17,370.64,1444352.0
2021-01-12,371.37,371.51,356.26,360.17,1135579.0
2021-01-13,359.92,364.44,347.88,362.55,986825.0
2021-01-14,362.18,364.27,350.04,352.08,890619.0
2021-01-15,352.23,356.75,347.59,354.2,752952.0
2021-01-19,358.49,360.05,348.03,357.64,794548.0
2021-01-20,359.43,367.29,357.96,364.12,1168430.0
2021-01-21,366.7,370.79,361.7,367.5,689347.0
2021-01-22,367.63,373.99,365.28,370.12,424273.0
2021-01-25,373.55,378.0,364.46,376.39,567887.0
2021-01-26,377.69,377.84,360.26,361.42,893540.0
2021-01-27,359.7,361.21,349.0,349.64,1035821.0
2021-01-28,353.29,368.97,350.5,366.89,976528.0
2021-01-29,362.57,379.06,359.8,374.85,1095785.0
2021-02-01,376.35,386.59,373.0,382.62,723454.0
2021-02-02,387.23,401.65,385.2,394.63,864980.0
2021-02-03,392.47,395.0,383.06,391.69,738033.0
2021-02-04,395.48,408.1,392.84,403.25,788572.0
2021-02-05,408.02,412.24,404.0,411.03,559605.0
2021-02-08,414.78,415.0,402.62,403.3,870500.0
2021-02-09,405.75,408.0,397.81,401.03,766114.0
2021-02-10,406.43,406.43,396.18,399.44,696058.0
2021-02-11,404.62,411.06,399.15,410.2,686824.0
2021-02-12,387.98,414.34,381.05,412.56,1925259.0
2021-02-16,411.0,412.6,400.31,404.38,877280.0
2021-02-17,406.28,417.29,400.19,414.12,651661.0
2021-02-18,412.42,413.42,402.64,410.84,603538.0
2021-02-19,411.86,423.4,406.54,418.94,957172.0
2021-02-22,416.75,422.26,408.8,412.06,647108.0
2021-02-23,406.98,411.73,396.49,406.78,786600.0
2021-02-24,403.18,407.33,399.73,405.64,589075.0
2021-02-25,405.64,405.82,390.67,395.47,624365.0
2021-02-26,396.79,402.49,386.12,397.78,683251.0
2021-03-01,400.4,401.99,392.99,396.67,716961.0
2021-03-02,396.0,398.46,387.16,391.91,665465.0
2021-03-03,386.79,386.79,364.6,368.7,1311324.0
2021-03-04,367.88,371.78,352.14,356.27,1029413.0
2021-03-05,361.51,367.45,347.23,364.09,792377.0
2021-03-08,361.63,366.96,348.77,352.06,865336.0
2021-03-09,356.94,365.39,356.94,362.94,834492.0
2021-03-10,369.76,371.88,356.38,356.39,1096183.0
2021-03-11,355.86,367.11,354.97,366.78,613208.0
2021-03-12,359.23,360.56,352.59,357.73,923975.0
2021-03-15,353.76,362.98,351.04,361.93,821818.0
2021-03-16,366.97,367.54,353.0,354.65,779597.0
2021-03-17,353.56,353.56,341.16,351.7,1030771.0
2021-03-18,348.0,349.16,337.14,339.15,1197294.0
2021-03-19,339.69,347.72,337.88,344.63,931018.0
2021-03-22,343.52,362.12,342.83,359.82,1054212.0
2021-03-23,352.88,366.7,352.88,364.17,866331.0
2021-03-24,362.67,362.67,354.45,355.73,882462.0
2021-03-25,355.79,357.41,340.34,348.19,881746.0
2021-03-26,346.93,353.45,340.45,352.73,700532.0
2021-03-29,352.88,354.85,345.3,349.37,626587.0
2021-03-30,346.58,350.42,341.27,347.2,656600.0
2021-03-31,350.0,363.5,348.0,359.39,726262.0
2021-04-01,362.41,370.65,361.01,365.5,553664.0
2021-04-05,367.5,369.17,361.54,368.16,458697.0
2021-04-06,363.49,378.7,363.49,373.0,812930.0
2021-04-07,373.57,373.69,366.59,369.4,450630.0
2021-04-08,377.32,382.27,372.18,378.38,431993.0
2021-04-09,378.4,383.17,373.1,382.89,431350.0
2021-04-12,380.27,388.64,376.88,387.15,590195.0
2021-04-13,384.3,390.19,382.74,388.1,474727.0
2021-04-14,389.04,393.48,385.98,391.1,510297.0
2021-04-15,394.31,401.06,392.93,399.49,525535.0
2021-04-16,400.57,401.65,393.64,400.04,550050.0
2021-04-19,396.6,399.01,391.65,393.04,389742.0
2021-04-20,389.81,395.58,383.27,388.91,725698.0
2021-04-21,391.33,403.6,388.75,401.62,568488.0
2021-04-22,403.14,413.62,403.14,410.38,799656.0
2021-04-23,408.55,416.59,408.0,415.0,409204.0
2021-04-26,415.83,419.0,410.42,418.77,521811.0
2021-04-27,416.84,423.0,416.84,421.7,756410.0
2021-04-28,418.27,426.62,417.17,425.77,511779.0
2021-04-29,428.0,428.94,418.65,421.7,732585.0
2021-04-30,400.0,403.16,384.82,386.1,2744439.0
2021-05-03,386.1,386.55,375.5,380.57,930855.0
2021-05-04,378.63,378.97,366.23,371.42,934474.0
2021-05-05,371.99,374.14,360.75,365.94,841315.0
2021-05-06,360.75,362.88,350.65,357.34,870229.0
2021-05-07,362.57,370.38,358.5,358.74,712384.0
2021-05-10,359.27,359.27,342.42,342.69,826553.0
2021-05-11,337.52,354.98,336.18,348.0,1566338.0
2021-05-12,344.0,344.0,329.56,333.48,1130618.0
2021-05-13,336.34,338.0,318.45,323.96,1267741.0
2021-05-14,326.7,336.38,324.59,333.25,804799.0
2021-05-17,331.2,333.68,321.93,325.4,812993.0
2021-05-18,329.99,337.48,328.87,330.11,835036.0
2021-05-19,323.47,332.9,323.0,332.29,550281.0
2021-05-20,336.08,345.76,333.7,344.3,516958.0
2021-05-21,344.59,351.5,341.56,342.09,630531.0
2021-05-24,346.74,363.01,343.74,355.39,1385476.0
2021-05-25,354.79,359.22,352.83,353.25,614754.0
2021-05-26,349.59,357.98,348.92,354.69,931176.0
2021-05-27,353.62,363.0,348.08,361.91,842636.0
2021-05-28,375.0,378.44,368.03,369.39,868319.0
2021-06-01,371.2,374.33,361.58,365.67,661566.0
2021-06-02,365.31,372.41,362.99,370.99,671796.0
2021-06-03,366.99,378.87,366.99,376.74,702092.0
2021-06-04,379.52,387.95,375.0,382.91,603659.0
2021-06-07,384.01,392.21,380.76,386.98,467233.0
2021-06-08,388.29,393.31,384.62,389.95,804083.0
2021-06-09,395.0,398.15,389.57,390.03,428246.0
2021-06-10,390.4,399.68,386.5,398.98,1010129.0
2021-06-11,401.09,401.91,396.52,400.19,610413.0
2021-06-14,400.31,409.72,399.19,409.09,786031.0
2021-06-15,410.0,415.61,404.0,405.1,620937.0
2021-06-16,405.8,408.72,397.87,403.75,767428.0
2021-06-17,402.82,417.42,400.08,412.45,756171.0
2021-06-18,411.91,419.19,411.12,418.29,1004083.0
2021-06-21,418.29,424.28,407.62,423.03,641459.0
2021-06-22,420.88,427.59,417.54,427.51,589266.0
2021-06-23,427.85,433.1,423.26,431.72,595660.0
2021-06-24,433.2,439.62,424.49,425.0,1190857.0
2021-06-25,425.6,430.48,419.63,430.36,3361624.0
2021-06-28,431.49,431.58,422.45,427.16,1182893.0
2021-06-29,425.75,427.37,418.6,426.8,687228.0
2021-06-30,424.54,427.89,422.47,427.0,704780.0
2021-07-01,424.99,428.02,420.74,426.84,548927.0
2021-07-02,428.46,433.0,426.2,431.59,367052.0
2021-07-06,432.05,442.6,428.13,440.65,546898.0
2021-07-07,444.48,449.15,437.13,447.52,940730.0
2021-07-08,440.63,447.33,435.42,446.97,631169.0
2021-07-09,445.12,445.49,436.29,440.73,510224.0
2021-07-12,445.42,448.86,441.53,445.77,375504.0
2021-07-13,445.38,449.82,442.03,446.39,492832.0
2021-07-14,448.49,449.74,438.84,440.49,520578.0
2021-07-15,438.94,442.17,433.91,441.42,545247.0
2021-07-16,442.55,451.43,440.97,448.69,682790.0
2021-07-19,444.12,451.47,431.96,435.05,786372.0
2021-07-20,434.88,451.33,431.15,447.7,788627.0
2021-07-21,449.49,449.8,437.0,446.98,430964.0
2021-07-22,448.76,452.76,446.14,450.89,345121.0
2021-07-23,452.65,463.22,450.37,460.72,609466.0
2021-07-26,458.79,458.79,450.74,452.58,386768.0
2021-07-27,452.29,454.58,445.27,448.58,479214.0
2021-07-28,448.56,461.0,447.6,459.92,440548.0
2021-07-29,459.64,466.21,455.41,456.05,748123.0
2021-07-30,476.7,524.31,473.24,515.51,2418406.0
2021-08-02,517.19,517.22,497.5,511.35,713472.0
2021-08-03,512.36,522.81,511.23,521.22,536081.0
2021-08-04,520.8,527.1,513.15,514.53,1157361.0
2021-08-05,513.41,525.37,508.26,523.93,449034.0
2021-08-06,519.25,522.11,506.0,516.64,550522.0
2021-08-09,517.84,523.85,512.72,517.58,1000548.0
2021-08-10,516.98,518.26,499.05,499.94,766347.0
2021-08-11,502.02,504.02,488.54,490.26,1018672.0
2021-08-12,492.26,499.33,490.26,492.85,446810.0
2021-08-13,491.26,495.4,487.0,491.41,336883.0
2021-08-16,492.17,507.27,488.85,506.18,468195.0
2021-08-17,504.36,511.56,501.97,510.24,338007.0
2021-08-18,508.8,514.15,508.52,509.54,539445.0
2021-08-19,506.15,512.45,504.02,505.55,560369.0
2021-08-20,505.1,522.84,503.03,518.99,486667.0
2021-08-23,517.96,517.96,509.11,512.72,470868.0
2021-08-24,508.0,522.46,508.0,515.3,390953.0
2021-08-25,514.4,519.19,511.7,517.56,240494.0
2021-08-26,517.24,528.3,514.41,517.06,562973.0
2021-08-27,518.61,524.79,514.43,520.71,387189.0
2021-08-30,521.59,526.95,517.7,521.54,528678.0
2021-08-31,523.55,530.44,518.03,529.42,580219.0
2021-09-01,531.9,547.53,526.94,544.92,837548.0
2021-09-02,545.81,555.0,537.85,539.71,535875.0
2021-09-03,536.12,544.38,532.13,542.43,393319.0
2021-09-07,545.41,554.96,542.75,551.66,459576.0
2021-09-08,545.87,558.32,545.0,550.55,409319.0
2021-09-09,541.36,558.43,538.26,552.66,586536.0
2021-09-10,558.33,559.75,549.08,549.38,377093.0
2021-09-13,541.47,542.85,527.17,540.43,685426.0
2021-09-14,542.57,549.72,540.13,542.23,376664.0
2021-09-15,544.65,553.79,536.13,551.67,359561.0
2021-09-16,556.0,567.81,555.8,565.13,548591.0
2021-09-17,560.0,564.8,555.81,563.14,841383.0
2021-09-20,560.45,566.22,547.12,557.76,783003.0
2021-09-21,561.57,563.51,553.34,553.79,441656.0
2021-09-22,564.15,577.25,552.0,570.42,522439.0
2021-09-23,573.28,579.0,568.01,572.73,467479.0
2021-09-24,570.91,572.04,558.0,560.74,438343.0
2021-09-27,557.15,558.44,541.04,549.07,684913.0
2021-09-28,540.94,542.51,522.92,536.94,557838.0
2021-09-29,539.98,554.0,538.8,545.58,560985.0
2021-09-30,545.01,552.26,542.75,546.86,571122.0
2021-10-01,551.58,552.35,536.94,549.92,443072.0
2021-10-04,545.0,545.51,521.01,526.43,551893.0
2021-10-05,528.22,545.23,528.22,540.39,592567.0
2021-10-06,537.23,545.52,532.52,541.83,483096.0
2021-10-07,545.0,550.16,536.74,539.19,493258.0
2021-10-08,540.0,544.49,528.55,529.1,322259.0
2021-10-11,524.41,537.27,521.08,528.78,313764.0
2021-10-12,538.63,545.75,532.73,538.46,398103.0
2021-10-13,545.54,551.53,541.78,548.05,534995.0
2021-10-14,552.35,561.16,551.09,554.51,477492.0
2021-10-15,555.68,556.12,543.12,544.47,465208.0
2021-10-18,536.86,542.04,531.98,541.28,706126.0
2021-10-19,545.04,552.79,543.03,550.05,671296.0
2021-10-20,554.6,560.27,549.14,556.54,305615.0
2021-10-21,553.78,569.15,550.0,568.1,345471.0
2021-10-22,570.0,570.0,561.23,566.57,334100.0
2021-10-25,567.0,573.65,560.93,568.34,291644.0
2021-10-26,567.76,570.88,561.24,565.64,422886.0
2021-10-27,563.73,567.53,553.55,558.54,359025.0
2021-10-28,561.7,571.21,556.47,570.32,506489.0
2021-10-29,580.0,627.96,552.39,623.21,1303781.0
2021-11-01,627.27,634.5,612.52,627.27,730081.0
2021-11-02,630.65,641.58,620.44,639.64,878643.0
2021-11-03,647.05,649.54,615.25,619.74,760557.0
2021-11-04,619.56,632.92,616.19,629.82,568131.0
2021-11-05,633.06,642.4,627.48,635.46,444969.0
2021-11-08,637.41,642.96,629.47,637.09,388569.0
2021-11-09,634.12,647.99,632.0,637.05,397310.0
2021-11-10,631.92,637.84,618.93,620.42,504955.0
2021-11-11,622.46,639.05,620.63,637.39,492575.0
2021-11-12,639.96,648.61,634.45,646.56,409079.0
2021-11-15,650.0,653.99,635.16,641.95,286327.0
2021-11-16,643.97,655.45,640.45,648.03,443153.0
2021-11-17,647.29,655.04,635.01,651.26,939864.0
2021-11-18,657.03,659.45,646.52,648.41,504478.0
2021-11-19,653.58,654.04,633.94,641.18,566978.0
2021-11-22,638.65,643.58,618.0,618.06,838378.0
2021-11-23,612.26,618.06,585.0,590.0,1041219.0
2021-11-24,589.99,600.81,580.01,598.58,729101.0
2021-11-26,596.93,610.46,589.45,591.96,366103.0
2021-11-29,591.95,598.06,568.94,571.01,1315094.0
2021-11-30,572.0,580.35,560.63,562.59,1440405.0
2021-12-01,567.41,570.47,546.8,548.35,899771.0
2021-12-02,548.32,561.68,545.07,560.22,816136.0
2021-12-03,561.07,561.07,514.53,519.49,1436261.0
2021-12-06,517.59,531.32,510.49,524.43,1065497.0
2021-12-07,538.27,559.61,535.36,558.4,1165942.0
2021-12-08,560.0,572.75,555.97,564.85,640088.0
2021-12-09,564.71,575.01,560.0,560.15,690156.0
2021-12-10,560.87,568.55,557.7,566.5,519711.0
2021-12-13,563.93,572.59,549.29,549.61,1112672.0
2021-12-14,547.15,553.21,529.73,535.34,1365545.0
2021-12-15,538.38,545.29,527.76,541.29,2074214.0
2021-12-16,540.23,544.49,526.97,529.36,877557.0
2021-12-17,531.26,561.38,527.85,555.34,1300110.0
2021-12-20,550.36,552.33,535.45,544.89,621301.0
2021-12-21,549.69,566.3,547.68,565.9,582775.0
2021-12-22,563.75,573.29,563.75,572.79,312681.0
2021-12-23,575.0,579.85,572.01,572.01,391486.0
2021-12-27,574.29,575.13,565.72,569.88,386115.0
2021-12-28,571.0,572.27,528.8,529.5,762779.0
2021-12-29,535.98,535.98,526.76,535.4,528852.0
2021-12-30,532.7,547.75,531.9,541.31,356131.0
2021-12-31,544.15,547.22,536.38,536.95,321617.0
2022-01-03,531.8,532.79,513.0,520.79,923593.0
2022-01-04,517.1,519.8,502.95,512.27,757212.0
2022-01-05,507.34,514.33,487.66,487.81,704865.0
2022-01-06,486.13,494.44,480.4,483.0,748733.0
2022-01-07,483.0,492.0,471.15,471.49,1233381.0
2022-01-10,444.17,462.99,435.47,462.34,1407385.0
2022-01-11,464.07,482.7,462.29,481.17,1214131.0
2022-01-12,486.46,501.4,483.65,490.38,1105962.0
2022-01-13,489.16,489.16,455.23,455.78,1103101.0
2022-01-14,453.12,465.71,438.12,447.34,881880.0
2022-01-18,438.81,442.96,428.55,429.87,924555.0
2022-01-19,435.06,448.44,434.23,435.23,842011.0
2022-01-20,438.01,454.95,433.95,434.64,851661.0
2022-01-21,434.44,434.44,421.18,422.1,901748.0
2022-01-24,415.4,427.55,402.59,426.83,1202405.0
2022-01-25,416.0,418.72,399.16,406.23,1005404.0
2022-01-26,413.34,417.6,390.01,395.83,933280.0
2022-01-27,400.15,401.88,382.02,383.52,990893.0
2022-01-28,386.96,414.0,382.04,413.39,1451959.0
2022-01-31,415.0,432.25,415.0,430.48,910968.0
2022-02-01,434.1,438.71,424.69,435.04,825645.0
2022-02-02,439.0,441.65,425.84,435.67,655935.0
2022-02-03,431.42,438.09,416.48,418.73,697789.0
2022-02-04,414.13,424.85,412.51,420.35,821293.0
2022-02-07,419.39,432.44,416.37,420.86,594829.0
2022-02-08,418.0,426.79,413.16,425.53,483965.0
2022-02-09,430.77,450.31,430.77,447.88,930983.0
2022-02-10,434.28,455.23,427.22,442.27,1124939.0
2022-02-11,426.08,447.02,417.61,420.56,1157990.0
2022-02-14,418.04,423.54,403.92,407.0,815675.0
2022-02-15,415.2,421.88,410.9,417.51,745538.0
2022-02-16,416.52,416.52,403.0,413.63,533676.0
2022-02-17,410.64,413.57,386.91,387.25,1082941.0
2022-02-18,387.0,391.97,379.0,381.24,1113833.0
2022-02-22,384.66,400.54,380.58,390.96,707103.0
2022-02-23,397.7,398.73,375.39,376.31,731115.0
2022-02-24,368.89,410.87,365.73,408.72,1397243.0
2022-02-25,408.72,412.41,398.17,411.34,689229.0
2022-02-28,409.35,414.48,403.27,413.91,843602.0
2022-03-01,414.98,430.03,403.9,408.41,711934.0
2022-03-02,414.74,424.0,410.42,420.08,611459.0
2022-03-03,426.0,433.2,420.82,423.95,733955.0
2022-03-04,422.94,434.99,421.05,432.06,1167734.0
2022-03-07,436.69,439.77,418.68,420.81,1165894.0
2022-03-08,411.66,416.41,393.0,400.8,1147366.0
2022-03-09,404.13,412.28,400.01,412.24,1055306.0
2022-03-10,401.27,409.98,401.21,405.58,634775.0
2022-03-11,413.69,414.95,390.06,390.26,607547.0
2022-03-14,388.4,417.0,388.37,407.29,1065658.0
2022-03-15,412.41,418.2,403.29,416.08,857190.0
2022-03-16,422.01,439.08,420.36,437.32,880969.0
2022-03-17,435.42,456.67,434.58,454.73,811951.0
2022-03-18,455.29,469.43,450.0,468.05,1010166.0
2022-03-21,465.02,467.08,447.66,460.34,601137.0
2022-03-22,455.21,468.48,454.67,464.71,455598.0
2022-03-23,459.98,459.98,444.84,449.31,748074.0
2022-03-24,453.13,469.96,442.09,468.39,679730.0
2022-03-25,481.52,486.66,475.73,480.97,966121.0
2022-03-28,478.78,495.35,478.78,495.08,642737.0
2022-03-29,500.0,516.0,498.28,515.29,836645.0
2022-03-30,513.55,522.43,506.8,519.02,713748.0
2022-03-31,519.97,520.76,508.32,511.6,914589.0
2022-04-01,522.5,536.54,517.34,531.57,903366.0
2022-04-04,530.49,539.06,520.89,522.2,821617.0
2022-04-05,521.82,523.44,506.26,516.42,1044227.0
2022-04-06,508.62,511.89,500.82,509.54,619855.0
2022-04-07,504.28,520.71,502.37,512.52,529379.0
2022-04-08,510.01,514.81,501.89,505.99,374048.0
2022-04-11,498.75,501.82,490.01,492.49,494958.0
2022-04-12,501.17,508.78,488.51,490.43,627394.0
2022-04-13,493.59,502.91,493.48,498.8,496648.0
2022-04-14,499.4,500.0,487.52,492.11,410245.0
2022-04-18,489.88,491.99,476.11,480.63,335966.0
2022-04-19,477.89,495.99,477.89,491.79,498050.0
2022-04-20,491.74,502.53,482.99,496.39,541583.0
2022-04-21,499.12,503.78,470.21,472.41,475189.0
2022-04-22,466.9,467.83,439.46,440.65,615132.0
2022-04-25,439.94,450.12,435.35,442.49,615329.0
2022-04-26,436.28,437.8,419.75,423.5,656242.0
2022-04-27,425.44,430.62,411.02,413.02,714436.0
2022-04-28,415.0,417.67,398.27,413.23,1151389.0
2022-04-29,412.38,431.48,405.22,408.58,1358628.0
2022-05-02,408.96,413.79,397.52,407.14,687569.0
2022-05-03,405.42,407.53,393.03,395.4,697162.0
2022-05-04,397.35,409.73,377.96,406.03,882359.0
2022-05-05,400.99,408.84,372.3,379.29,730959.0
2022-05-06,372.21,373.8,347.68,351.89,1318060.0
2022-05-09,342.77,348.55,322.0,330.02,1503654.0
2022-05-10,340.62,345.75,318.73,327.43,813273.0
2022-05-11,327.2,337.95,313.38,314.94,978092.0
2022-05-12,309.6,320.79,302.61,311.52,1109483.0
2022-05-13,316.5,337.68,316.48,334.74,1189509.0
2022-05-16,334.78,339.19,323.09,324.6,685689.0
2022-05-17,333.69,338.15,321.39,332.16,557395.0
2022-05-18,327.06,329.1,306.89,308.49,1034877.0
2022-05-19,311.0,321.45,305.01,316.12,917326.0
2022-05-20,324.7,325.86,309.23,321.23,825296.0
2022-05-23,322.77,325.62,311.64,323.92,600858.0
2022-05-24,296.33,306.48,282.93,288.13,2121267.0
2022-05-25,287.81,303.19,267.57,281.32,2949317.0
2022-05-26,284.53,284.53,272.58,280.63,1672605.0
2022-05-27,285.63,289.72,278.34,289.08,1496194.0
2022-05-31,305.67,324.94,295.76,297.94,2720529.0
2022-06-01,299.12,301.73,278.9,283.85,960898.0
2022-06-02,285.0,312.97,281.01,311.83,1214377.0
2022-06-03,308.02,308.02,291.8,292.79,967084.0
2022-06-06,301.57,303.2,290.05,296.32,977417.0
2022-06-07,292.87,309.7,292.87,308.4,813495.0
2022-06-08,307.75,310.85,304.51,305.89,786845.0
2022-06-09,302.02,304.85,296.2,296.45,655790.0
2022-06-10,292.17,294.74,289.16,293.85,970093.0
2022-06-13,70.83,71.82,67.64,68.06,3286916.0
2022-06-14,68.97,70.02,67.16,69.31,3292089.0
2022-06-15,70.37,73.33,69.64,71.51,2988637.0
2022-06-16,69.23,70.17,67.11,67.99,4180404.0
2022-06-17,67.8,70.3,67.74,68.81,6242565.0
2022-06-21,70.05,71.8,69.56,70.46,3145881.0
2022-06-22,69.95,72.66,69.62,71.52,2363834.0
2022-06-23,72.55,75.58,71.87,75.21,2312177.0
2022-06-24,76.32,77.73,75.14,77.67,3563784.0
2022-06-27,77.44,77.89,75.57,76.6,2664768.0
2022-06-28,77.15,78.72,74.48,74.7,2226626.0
2022-06-29,74.74,75.68,72.41,75.45,2306851.0
2022-06-30,74.93,75.47,73.71,74.53,3616595.0
2022-07-01,74.26,78.03,74.23,77.63,1981990.0
2022-07-05,77.25,78.89,74.75,78.46,2086508.0
2022-07-06,78.96,79.88,77.4,78.35,2813989.0
2022-07-07,78.01,82.06,77.52,81.92,3239494.0
2022-07-08,80.21,82.85,79.11,81.24,1658576.0
2022-07-11,80.1,80.47,77.65,78.43,1758753.0
2022-07-12,78.93,80.67,77.38,78.05,1536430.0
2022-07-13,76.26,78.44,75.04,76.35,1742943.0
2022-07-14,75.81,77.03,73.93,76.5,1584075.0
2022-07-15,77.95,79.58,77.32,79.14,2146874.0
2022-07-18,79.29,79.91,76.2,76.99,2248306.0
2022-07-19,78.27,80.77,76.61,80.64,2131284.0
2022-07-20,80.77,83.24,79.94,82.19,2119128.0
2022-07-21,82.43,84.28,81.8,83.99,1983037.0
2022-07-22,83.85,86.06,82.55,83.78,2089930.0
2022-07-25,83.07,83.72,81.31,82.6,1750624.0
2022-07-26,82.82,83.5,80.78,82.7,2569799.0
2022-07-27,82.78,85.83,82.78,85.8,2325680.0
2022-07-28,86.06,87.28,84.11,86.99,4316899.0
2022-07-29,78.25,85.86,77.51,82.08,9906715.0
2022-08-01,82.61,86.21,82.45,83.83,3162609.0
2022-08-02,84.03,90.23,83.73,88.3,4298548.0
2022-08-03,88.29,91.23,86.84,90.39,3510356.0
2022-08-04,90.24,90.78,87.88,89.54,2259352.0
2022-08-05,87.4,90.42,87.25,89.09,2220084.0
2022-08-08,89.56,94.6,89.5,91.4,3110212.0
2022-08-09,90.67,91.24,85.02,85.12,4794427.0
2022-08-10,88.0,90.1,87.58,89.73,3512136.0
2022-08-11,89.84,91.95,87.84,88.24,2584998.0
2022-08-12,88.62,89.9,87.6,89.83,1914913.0
2022-08-15,89.91,92.74,89.71,92.3,1920770.0
2022-08-16,91.38,91.89,88.88,90.79,2433669.0
2022-08-17,89.4,89.88,87.65,88.14,1979412.0
2022-08-18,88.22,88.53,86.77,87.53,2636064.0
2022-08-19,86.67,87.72,84.12,85.11,2222642.0
2022-08-22,83.23,85.8,83.23,84.3,2594104.0
2022-08-23,84.21,84.6,82.21,83.63,2008089.0
2022-08-24,84.11,87.23,84.07,85.92,2476636.0
2022-08-25,86.99,88.43,86.11,88.37,2331049.0
2022-08-26,87.73,88.88,84.23,84.49,3014803.0
2022-08-29,83.5,84.62,83.2,83.38,2107894.0
2022-08-30,83.52,85.28,82.16,82.74,2378051.0
2022-08-31,83.5,84.19,81.76,82.21,2161153.0
2022-09-01,81.69,83.15,79.37,83.08,3928002.0
2022-09-02,84.47,85.46,81.28,82.0,2014126.0
2022-09-06,82.04,83.13,81.2,82.03,1668990.0
2022-09-07,82.56,88.6,82.11,88.37,2821151.0
2022-09-08,87.32,91.64,87.21,91.59,2639230.0
2022-09-09,91.6,93.24,91.6,92.89,2642950.0
2022-09-12,92.99,94.3,92.68,94.18,1651058.0
2022-09-13,89.92,90.65,88.56,89.17,2868249.0
2022-09-14,89.43,90.94,87.29,90.57,1512759.0
2022-09-15,90.62,93.02,90.31,90.98,1808739.0
2022-09-16,89.79,90.45,88.03,90.09,2981949.0
2022-09-19,88.62,89.14,85.42,87.94,2048670.0
2022-09-20,87.28,88.43,85.62,87.37,2069191.0
2022-09-21,87.83,88.64,84.42,84.46,2264397.0
2022-09-22,83.64,83.85,79.71,80.96,2708678.0
2022-09-23,80.39,80.78,79.03,80.66,2062514.0
2022-09-26,80.64,81.74,79.12,80.35,1994961.0
2022-09-27,81.54,81.74,78.94,79.64,2782603.0
2022-09-28,80.66,83.94,80.4,83.33,2800773.0
2022-09-29,82.31,82.9,80.61,82.1,1773277.0
2022-09-30,81.79,83.98,80.36,80.54,2032106.0
2022-10-03,81.47,85.54,81.06,84.98,2589325.0
2022-10-04,87.64,91.57,87.63,90.97,3054854.0
2022-10-05,89.31,92.13,89.31,91.08,2334004.0
2022-10-06,91.18,95.31,90.38,95.21,4233943.0
2022-10-07,103.63,105.33,100.11,102.14,9426003.0
2022-10-10,101.91,102.77,99.66,100.22,3158805.0
2022-10-11,100.45,101.73,97.33,99.68,2704419.0
2022-10-12,100.68,100.92,97.54,98.32,2083528.0
2022-10-13,95.41,103.41,94.65,101.72,3077047.0
2022-10-14,102.81,103.97,97.26,97.41,2119798.0
2022-10-17,99.41,101.6,98.24,99.73,2192973.0
2022-10-18,102.31,103.13,96.06,96.93,3681489.0
2022-10-19,95.69,97.1,94.59,96.84,2480946.0
2022-10-20,95.93,97.45,93.79,94.36,2688362.0
2022-10-21,94.18,96.74,91.62,95.68,4012621.0
2022-10-24,96.33,99.27,94.85,98.97,1892826.0
2022-10-25,99.31,102.77,99.31,100.95,2197321.0
2022-10-26,101.54,104.8,101.26,102.61,2545787.0
2022-10-27,102.18,103.25,99.33,101.25,3774137.0
2022-10-28,113.72,121.88,109.89,120.87,9279797.0
2022-10-31,120.0,122.02,116.41,120.78,4048945.0
2022-11-01,121.58,123.36,118.45,119.04,2945353.0
2022-11-02,118.33,121.41,115.48,115.95,3223401.0
2022-11-03,114.79,117.33,112.41,112.6,3183409.0
2022-11-04,114.0,116.0,111.59,114.88,3208876.0
2022-11-07,115.94,116.63,113.41,115.33,1927298.0
2022-11-08,115.33,117.76,112.22,115.35,1678476.0
2022-11-09,114.12,115.4,112.51,113.15,1711843.0
2022-11-10,118.99,120.75,117.04,119.84,3473351.0
2022-11-11,119.12,122.28,114.59,115.96,3461462.0
2022-11-14,115.75,115.75,112.47,112.99,3395828.0
2022-11-15,115.1,116.99,113.7,116.31,2330996.0
2022-11-16,116.84,117.0,114.43,114.89,1536145.0
2022-11-17,112.67,114.76,111.73,112.64,2162568.0
2022-11-18,114.6,115.36,112.62,113.72,1809818.0
2022-11-21,112.62,113.55,112.12,112.66,1893740.0
2022-11-22,113.67,113.88,110.31,111.01,2654332.0
2022-11-23,111.67,113.34,110.6,112.92,3529182.0
2022-11-25,112.91,113.02,110.65,112.0,1182919.0
2022-11-28,111.62,114.75,111.62,112.57,3268887.0
2022-11-29,112.3,113.71,110.13,110.39,2659030.0
2022-11-30,110.67,116.36,110.29,116.28,4117909.0
2022-12-01,116.39,119.98,116.25,118.03,2055590.0
2022-12-02,116.28,118.51,115.31,118.11,1883653.0
2022-12-05,117.6,119.88,115.5,116.56,2387507.0
2022-12-06,115.82,119.13,115.08,116.83,2454057.0
2022-12-07,116.31,119.19,116.31,117.91,2169900.0
2022-12-08,123.7,125.55,119.16,122.67,5622846.0
2022-12-09,121.65,122.33,116.01,116.46,3274317.0
2022-12-12,118.0,118.38,115.17,116.78,2609401.0
2022-12-13,120.5,121.54,118.81,119.56,2935385.0
2022-12-14,119.72,124.11,118.85,121.49,3270061.0
2022-12-15,119.57,119.9,115.78,116.24,2651379.0
2022-12-16,114.11,115.41,113.4,114.63,6255831.0
2022-12-19,114.14,114.29,110.63,112.23,2093632.0
2022-12-20,111.99,114.43,110.21,113.15,2247323.0
2022-12-21,113.87,116.13,112.06,114.76,1948501.0
2022-12-22,113.78,114.76,111.6,113.68,1742344.0
2022-12-23,114.47,114.47,111.04,111.44,1078972.0
2022-12-27,111.45,111.6,108.68,109.88,1746657.0
2022-12-28,110.48,111.96,109.46,109.77,1187866.0
2022-12-29,110.92,113.36,109.72,112.07,1285974.0
2022-12-30,110.93,113.33,109.46,113.24,1395652.0
2023-01-03,114.3,116.16,112.61,114.73,2061888.0
2023-01-04,116.79,117.54,113.39,114.33,2188618.0
2023-01-05,113.26,114.28,110.87,111.69,2348230.0
2023-01-06,113.03,117.01,110.78,115.82,2411377.0
2023-01-09,112.46,113.69,107.46,110.06,4995370.0
2023-01-10,108.79,111.94,107.84,110.88,2380996.0
2023-01-11,112.41,112.69,105.04,106.16,4429412.0
2023-01-12,105.44,108.48,103.67,107.14,2878573.0
2023-01-13,106.16,108.6,105.19,108.47,2328047.0
2023-01-17,107.17,109.63,106.05,109.51,1590737.0
2023-01-18,109.95,110.26,106.54,106.63,2006487.0
2023-01-19,106.0,107.67,105.96,106.2,2728270.0
2023-01-20,106.2,108.0,104.99,107.86,2389854.0
2023-01-23,107.86,108.86,106.0,106.4,2818419.0
2023-01-24,105.24,106.51,103.72,106.03,1685609.0
2023-01-25,103.75,105.05,102.5,104.0,3803584.0
2023-01-26,105.44,107.03,104.13,106.65,2266924.0
2023-01-27,106.36,107.74,105.04,106.72,1428199.0
2023-01-30,106.12,106.94,105.08,105.49,1687666.0
2023-01-31,106.06,107.56,105.74,107.09,2091063.0
2023-02-01,107.16,108.57,104.44,107.71,2894559.0
2023-02-02,109.17,110.5,106.59,108.03,3316371.0
2023-02-03,107.18,109.98,106.21,108.43,2969339.0
2023-02-06,108.09,109.07,106.44,106.73,1793944.0
2023-02-07,105.71,109.75,104.66,109.5,2189185.0
2023-02-08,109.5,110.9,108.74,109.84,1917782.0
2023-02-09,110.02,110.71,106.82,107.24,4270790.0
2023-02-10,112.65,120.0,111.21,117.89,6381640.0
2023-02-13,119.69,121.11,118.01,118.28,2944199.0
2023-02-14,117.5,119.79,116.62,118.55,1995957.0
2023-02-15,118.66,120.28,118.0,120.17,1562267.0
2023-02-16,118.49,119.39,117.08,117.26,1580655.0
2023-02-17,116.39,117.03,113.4,114.76,1810253.0
2023-02-21,113.59,114.79,112.79,114.01,2393075.0
2023-02-22,114.54,114.98,104.2,111.65,6377812.0
2023-02-23,111.61,112.1,109.35,111.87,2627058.0
2023-02-24,110.42,111.48,109.35,110.09,1540217.0
2023-02-27,110.98,111.68,109.02,110.58,1528694.0
2023-02-28,111.69,112.52,109.88,111.01,1714560.0
2023-03-01,110.51,111.31,109.32,110.76,1856077.0
2023-03-02,112.51,121.37,112.38,121.24,4461887.0
2023-03-03,120.53,123.14,119.89,122.92,2771082.0
2023-03-06,114.1,116.08,112.44,113.25,5556435.0
2023-03-07,113.24,115.38,112.12,113.81,2304855.0
2023-03-08,113.51,114.02,111.86,112.74,1394816.0
2023-03-09,113.26,116.65,111.87,112.08,3223265.0
2023-03-10,112.28,112.28,107.28,107.77,3014495.0
2023-03-13,106.27,112.94,106.16,110.66,1971468.0
2023-03-14,111.86,113.71,111.3,113.16,2077367.0
2023-03-15,112.08,114.33,111.19,113.72,1967373.0
2023-03-16,113.06,115.36,112.39,114.56,2658451.0
2023-03-17,114.5,115.45,113.06,113.93,2623893.0
2023-03-20,113.95,117.43,113.95,117.21,1704139.0
2023-03-21,117.6,119.29,116.74,118.98,1706318.0
2023-03-22,118.93,119.24,114.92,115.0,1452638.0
2023-03-23,116.26,116.87,113.32,114.5,1918673.0
2023-03-24,114.26,115.21,112.79,114.09,1360748.0
2023-03-27,115.75,117.95,115.04,116.07,1571478.0
2023-03-28,117.32,117.99,113.14,113.82,1335680.0
2023-03-29,114.83,115.75,113.07,113.96,1559896.0
2023-03-30,114.27,115.0,112.62,114.4,1547827.0
2023-03-31,115.02,116.87,114.52,116.18,2118213.0
2023-04-03,116.03,116.03,113.25,115.24,1743393.0
2023-04-04,115.44,116.18,114.3,115.64,1467276.0
2023-04-05,115.69,115.74,112.42,112.82,1489599.0
2023-04-06,112.94,112.94,111.43,112.47,1835194.0
2023-04-10,112.52,113.07,110.9,112.53,1871285.0
2023-04-11,112.0,115.12,111.97,115.04,1826003.0
2023-04-12,116.13,116.68,114.57,114.82,1534627.0
2023-04-13,115.17,116.6,115.05,116.28,1093634.0
2023-04-14,115.68,116.46,114.13,115.7,1150067.0
2023-04-17,117.91,120.22,117.69,118.65,2180505.0
2023-04-18,119.84,119.84,117.93,118.93,1653929.0
2023-04-19,118.77,124.2,118.67,124.12,2410286.0
2023-04-20,123.59,125.32,121.95,122.19,2248022.0
2023-04-21,123.35,125.4,122.33,123.73,2129627.0
2023-04-24,124.68,125.01,123.5,123.83,1829061.0
2023-04-25,123.0,125.1,123.0,123.96,2263414.0
2023-04-26,123.0,125.18,122.92,124.93,2333269.0
2023-04-27,125.58,126.44,121.22,123.58,4074986.0
2023-04-28,119.26,122.28,117.6,121.34,3901531.0
2023-05-01,121.34,121.47,117.21,118.44,2447212.0
2023-05-02,117.0,118.27,115.01,118.12,2662506.0
2023-05-03,119.2,119.88,116.79,117.32,6887641.0
2023-05-04,116.5,117.87,116.03,117.42,1765812.0
2023-05-05,117.71,121.59,117.28,120.82,2170190.0
2023-05-08,120.15,120.92,118.67,120.18,1733527.0
2023-05-09,120.19,120.44,118.69,119.65,1301009.0
2023-05-10,120.8,123.13,119.85,122.57,1821356.0
2023-05-11,122.89,123.43,119.76,121.07,1730122.0
2023-05-12,121.39,122.47,120.8,121.7,1409984.0
2023-05-15,121.75,122.62,119.3,119.61,1565764.0
2023-05-16,119.54,119.54,117.87,118.61,1331784.0
2023-05-17,118.58,119.77,116.6,118.59,1690396.0
2023-05-18,118.26,119.28,116.95,119.03,1598042.0
2023-05-19,118.81,120.53,116.97,117.13,2079990.0
2023-05-22,117.58,120.99,116.12,119.29,2391367.0
2023-05-23,118.45,119.14,114.55,115.69,2282927.0
2023-05-24,114.89,117.07,114.31,116.73,1705289.0
2023-05-25,116.66,116.66,112.27,114.61,2473910.0
2023-05-26,114.32,115.56,113.55,115.05,1688420.0
2023-05-30,115.23,116.67,113.01,113.56,8040117.0
2023-05-31,113.78,117.85,113.61,117.26,5453663.0
2023-06-01,117.48,119.63,116.31,119.58,1993286.0
2023-06-02,120.0,122.84,118.68,122.57,2676431.0
2023-06-05,123.0,126.31,122.22,124.66,3347226.0
2023-06-06,125.49,126.59,124.36,125.38,3304151.0
2023-06-07,125.76,126.19,117.74,119.71,3099561.0
2023-06-08,119.52,121.28,118.31,121.13,1851172.0
2023-06-09,121.31,124.55,120.2,124.34,2121096.0
2023-06-12,124.8,127.22,123.52,126.91,2598875.0
2023-06-13,126.98,128.02,124.68,125.95,2166055.0
2023-06-14,126.26,129.2,125.96,127.06,3325214.0
2023-06-15,128.32,131.24,128.1,130.98,4232063.0
2023-06-16,132.0,134.14,129.99,130.1,4310131.0
2023-06-20,129.73,130.8,127.64,129.97,2599363.0
2023-06-21,130.13,130.27,126.55,127.86,2759666.0
2023-06-22,127.61,128.08,125.89,126.52,2510604.0
2023-06-23,125.92,127.5,124.83,126.75,3264769.0
2023-06-26,126.0,126.15,123.15,124.62,2523187.0
2023-06-27,124.62,125.48,121.79,123.5,2634232.0
2023-06-28,124.01,127.86,123.83,126.42,2360545.0
2023-06-29,126.57,128.9,125.82,127.94,2584651.0
2023-06-30,129.76,131.76,128.2,128.51,2378142.0
2023-07-03,127.23,127.42,124.76,127.02,1237881.0
2023-07-05,126.58,128.48,125.69,128.07,1933395.0
2023-07-06,126.64,128.17,125.86,127.7,1722892.0
2023-07-07,126.8,128.59,125.78,126.71,2173065.0
2023-07-10,128.05,131.03,128.0,130.62,2345819.0
2023-07-11,130.77,132.11,130.1,131.23,1706523.0
2023-07-12,131.39,133.91,131.26,133.67,2294374.0
2023-07-13,134.56,134.92,133.01,133.98,1763833.0
2023-07-14,134.5,137.62,133.98,137.32,3087500.0
2023-07-17,136.7,138.4,136.37,137.45,2290545.0
2023-07-18,137.07,138.17,135.51,137.93,2073499.0
2023-07-19,137.34,138.92,131.88,133.63,2969252.0
2023-07-20,134.06,134.35,130.42,130.65,3287696.0
2023-07-21,130.98,132.57,130.06,130.6,7299371.0
2023-07-24,130.58,131.74,127.44,127.72,2935595.0
2023-07-25,126.9,131.11,126.81,129.96,2056210.0
2023-07-26,129.2,131.26,129.09,130.69,1653581.0
2023-07-27,131.11,131.49,128.77,129.36,3378983.0
2023-07-28,134.4,139.55,132.1,132.38,5006774.0
2023-07-31,133.14,133.4,124.03,124.56,5596420.0
2023-08-01,124.45,125.95,121.85,122.0,3987345.0
2023-08-02,120.83,124.25,120.46,123.81,3295930.0
2023-08-03,123.8,124.88,120.6,122.07,2021115.0
2023-08-04,122.14,122.83,119.89,120.33,2228200.0
2023-08-07,121.0,122.1,120.14,120.97,1697356.0
2023-08-08,120.3,120.3,107.07,110.19,8884549.0
2023-08-09,110.71,114.66,109.8,110.96,4580817.0
2023-08-10,112.25,115.94,112.15,113.27,3391864.0
2023-08-11,112.35,112.7,110.55,111.69,3250379.0
2023-08-14,111.82,116.01,111.54,115.76,3141921.0
2023-08-15,115.0,117.25,114.26,114.51,2598242.0
2023-08-16,114.84,115.42,110.99,111.16,2809652.0
2023-08-17,111.1,111.5,107.63,107.81,3967226.0
2023-08-18,107.41,107.79,105.75,106.05,3729187.0
2023-08-21,106.0,106.5,104.45,104.68,3425109.0
2023-08-22,104.38,107.46,104.14,106.98,3200723.0
2023-08-23,107.15,107.68,103.99,104.38,3821598.0
2023-08-24,104.99,105.01,100.78,100.98,4648725.0
2023-08-25,100.92,102.11,99.02,100.76,4428357.0
2023-08-28,102.07,103.29,98.75,99.29,4197992.0
2023-08-29,99.3,101.65,98.02,100.58,7650584.0
2023-08-30,101.03,106.95,100.75,103.42,5806376.0
2023-08-31,103.53,105.06,100.9,100.98,3707435.0
2023-09-01,102.32,102.7,100.51,101.9,2524566.0
2023-09-05,101.94,102.97,99.93,100.33,3173829.0
2023-09-06,105.45,108.28,104.22,106.88,6645067.0
2023-09-07,106.75,107.59,100.76,104.91,5294961.0
2023-09-08,104.92,107.14,104.18,104.35,3575720.0
2023-09-11,104.35,108.09,103.95,107.29,3496342.0
2023-09-12,106.56,107.34,103.4,104.86,4416324.0
2023-09-13,104.99,106.96,104.78,105.22,2997691.0
2023-09-14,106.23,106.6,100.93,101.55,6447867.0
2023-09-15,101.85,102.33,95.86,96.35,9075967.0
2023-09-18,95.69,96.64,94.85,95.3,3176536.0
2023-09-19,95.29,95.31,92.77,94.16,3644661.0
2023-09-20,95.37,95.81,92.36,92.63,3092472.0
2023-09-21,92.34,92.38,88.85,89.08,5326901.0
2023-09-22,88.4,89.0,87.14,87.5,4556379.0
2023-09-25,87.13,87.22,85.31,86.06,3667641.0
2023-09-26,85.62,88.74,85.34,88.62,4819173.0
2023-09-27,89.56,92.94,89.56,92.09,6709225.0
2023-09-28,92.09,96.17,91.63,95.46,7205193.0
2023-09-29,97.37,97.58,93.13,93.3,5417039.0
2023-10-02,92.86,96.18,91.8,94.55,3244917.0
2023-10-03,93.67,94.36,90.24,90.94,3026831.0
2023-10-04,91.16,91.39,85.54,87.7,5793376.0
2023-10-05,88.1,88.1,80.8,84.0,9019418.0
2023-10-06,82.55,83.69,81.07,83.22,6761720.0
2023-10-09,82.49,83.32,80.8,83.09,3165061.0
2023-10-10,82.91,86.4,81.12,85.21,5266928.0
2023-10-11,84.31,85.02,77.91,78.97,8706833.0
2023-10-12,79.69,80.14,75.04,75.49,9338951.0
2023-10-13,75.0,76.44,74.75,76.19,5124584.0
2023-10-16,77.58,80.19,76.17,78.95,5271468.0
2023-10-17,77.38,82.56,76.81,80.49,5475921.0
2023-10-18,81.49,85.27,81.465,84.12,7716822.0
2023-10-19,83.69,87.48,83.61,86.04,6633906.0
2023-10-20,86.02,87.35,85.48,85.97,4652267.0
2023-10-23,85.75,87.98,85.6,86.02,4042009.0
2023-10-24,85.4,86.84,85.26,86.35,4375100.0
2023-10-25,85.85,86.37,83.06,84.35,4112426.0
2023-10-26,84.18,84.23,80.925,81.09,6707772.0
2023-10-27,92.73,92.988,86.27,89.29,14954388.0
2023-10-30,90.16,90.59,84.71,84.91,7038157.0
2023-10-31,85.73,89.47,85.41,88.83,5391650.0
2023-11-01,88.26,94.405,87.8101,94.13,6016807.0
2023-11-02,94.84,95.8299,92.07,93.67,4425621.0
2023-11-03,96.57,99.01,96.07,97.46,5092314.0
2023-11-06,97.78,98.91,94.34,94.84,3741530.0
2023-11-07,95.8097,97.62,95.09,95.19,3273326.0
2023-11-08,95.22,95.57,91.485,92.76,4631664.0
2023-11-09,93.27,95.29,91.71,92.4,4663353.0
2023-11-10,93.61,95.07,91.59,94.05,4185635.0
2023-11-13,96.8,100.57,94.5501,98.35,5725704.0
2023-11-14,100.0,103.85,99.26,101.38,5479449.0
2023-11-15,101.38,104.245,100.86,102.11,4159505.0
2023-11-16,102.0,105.19,102.0,104.77,5726790.0
2023-11-17,104.93,106.74,104.31,104.97,5315666.0
2023-11-20,104.39,109.2,104.06,108.96,4312842.0
2023-11-21,108.42,109.65,107.81,108.96,2777940.0
2023-11-22,110.0,112.045,109.415,110.8,2746773.0
2023-11-24,110.8,113.81,110.44,112.95,1901787.0
2023-11-27,112.07,115.09,112.03,113.98,3685945.0
2023-11-28,113.37,113.77,111.29,112.2,4492396.0
2023-11-29,113.38,117.44,113.0,116.18,4734319.0
2023-11-30,116.94,117.26,114.86,115.52,4537403.0
2023-12-01,114.24,117.5,113.01,116.62,3075022.0
2023-12-04,116.25,118.79,116.1998,118.24,3084954.0
2023-12-05,116.37,117.82,115.64,117.2,2768267.0
2023-12-06,117.74,119.06,116.38,117.94,2315108.0
2023-12-07,118.3,119.48,117.51,118.89,2387225.0
2023-12-08,118.48,119.39,116.92,116.97,2375712.0
2023-12-11,117.66,118.69,115.38,117.9,3735542.0
2023-12-12,118.54,120.11,116.81,119.16,2564273.0
2023-12-13,119.14,122.38,118.425,122.29,2811949.0
2023-12-14,123.42,126.37,122.335,123.1,3705347.0
2023-12-15,123.02,123.57,121.08,122.59,5084277.0
2023-12-18,121.85,124.5,119.55,123.35,2571243.0
2023-12-19,123.63,124.58,122.91,123.29,2481838.0
2023-12-20,122.48,123.2899,115.64,116.64,5202485.0
2023-12-21,118.59,122.92,118.36,122.8,2837320.0
2023-12-22,122.38,122.61,120.23,122.17,1829062.0
2023-12-26,123.3,123.86,121.88,123.55,1412682.0
2023-12-27,124.02,124.25,122.264,123.73,1844254.0
2023-12-28,124.31,125.72,123.51,124.16,1290376.0
2023-12-29,123.78,124.78,123.65,124.09,1301642.0
2024-01-02,123.15,126.225,122.4,123.09,2091457.0
2024-01-03,123.44,123.44,119.645,120.27,1895710.0
2024-01-04,120.03,122.8,119.86,121.83,1946207.0
2024-01-05,121.27,124.99,120.5,123.98,2084808.0
2024-01-08,125.71,130.32,123.67,129.63,3725347.0
2024-01-09,128.81,132.03,128.38,129.7,2714651.0
2024-01-10,130.04,130.74,127.97,128.0,2350606.0
2024-01-11,127.97,130.3,126.72,128.93,2507237.0
2024-01-12,128.93,130.0,124.06,125.0,3646132.0
2024-01-16,123.59,124.94,121.29,124.46,3116625.0
2024-01-17,123.0,125.53,122.54,125.45,1896262.0
2024-01-18,126.26,128.0,125.2967,127.45,3594693.0
2024-01-19,127.12,127.99,125.06,127.29,2817703.0
2024-01-22,129.2,130.31,128.65,129.29,3290112.0
2024-01-23,129.15,129.3192,125.3883,127.12,1823099.0
2024-01-24,128.1,128.56,125.74,127.42,1761886.0
2024-01-25,129.14,129.39,125.24,126.505,1679531.0
2024-01-26,126.07,126.39,119.71,121.96,3850842.0
2024-01-29,121.88,124.26,119.55,124.25,2673922.0
2024-01-30,123.14,123.24,120.6,120.79,2680714.0
2024-01-31,121.23,123.06,120.12,121.35,2392438.0
2024-02-01,122.15,123.87,119.92,122.6,2478180.0
2024-02-02,122.21,122.45,119.6302,120.96,2559665.0
2024-02-05,120.71,121.802,119.6,121.23,2714674.0
2024-02-06,121.81,124.98,120.43,124.92,1988034.0
2024-02-07,124.92,127.13,124.275,126.61,2246368.0
2024-02-08,127.2,127.37,125.21,127.05,4298539.0
2024-02-09,123.0,124.9871,120.29,120.47,5638679.0
2024-02-12,119.53,120.5,117.14,118.42,5251960.0
2024-02-13,116.52,120.24,116.26,117.03,3293219.0
2024-02-14,117.03,117.7,114.96,116.75,3158117.0
2024-02-15,117.08,118.51,116.05,117.69,3125518.0
2024-02-16,116.83,118.805,116.32,117.05,3971516.0
2024-02-20,116.73,119.095,116.73,117.87,3198683.0
2024-02-21,117.0,117.96,115.3,116.39,2933524.0
2024-02-22,117.55,118.0,115.36,117.5,3037309.0
2024-02-23,117.13,118.49,116.01,116.26,6213947.0
2024-02-26,116.35,118.19,115.852,116.17,2812287.0
2024-02-27,116.25,116.415,114.55,115.32,2269130.0
2024-02-28,115.61,115.71,113.05,114.22,2764172.0
2024-02-29,115.09,115.56,114.03,115.07,3556866.0
2024-03-01,114.37,122.23,113.69,121.74,4530781.0
2024-03-04,121.76,124.3,120.5101,122.28,3477413.0
2024-03-05,123.08,123.91,120.9,121.78,3543563.0
2024-03-06,126.1,133.94,124.12,133.72,9509831.0
2024-03-07,135.6,137.93,132.26,133.24,5021335.0
2024-03-08,134.0,136.25,132.33,135.25,3749452.0
2024-03-11,134.65,136.4,133.01,133.04,3227504.0
2024-03-12,133.0,136.73,130.74,135.38,3363732.0
2024-03-13,136.1,137.4599,131.53,131.68,2945384.0
2024-03-14,132.44,133.0,128.72,129.5,2589973.0
2024-03-15,130.95,131.8188,128.62,130.46,3965162.0
2024-03-18,131.682,135.58,131.51,134.72,2661607.0
2024-03-19,133.83,134.33,131.635,134.17,2258405.0
2024-03-20,134.87,135.81,131.31,132.53,1921250.0
2024-03-21,133.48,136.4494,133.15,133.41,2185399.0
2024-03-22,133.54,134.38,131.36,133.18,1425460.0
2024-03-25,133.39,140.88,133.39,140.1,3917406.0
2024-03-26,140.69,142.0,138.495,139.93,3096083.0
2024-03-27,141.55,141.865,138.115,139.48,2031702.0
2024-03-28,139.98,140.8,138.515,138.7,2519910.0
2024-04-01,138.79,139.62,136.98,137.94,1862424.0
2024-04-02,136.33,137.99,135.21,136.65,2376378.0
2024-04-03,136.73,139.96,136.585,138.51,1734831.0
2024-04-04,139.56,139.71,133.23,133.34,3034154.0
2024-04-05,133.13,139.11,131.74,138.93,2425118.0
2024-04-08,139.53,140.91,137.47,139.94,2285582.0
2024-04-09,140.78,141.99,138.525,140.45,2776426.0
2024-04-10,138.81,140.65,137.42,140.32,1846977.0
2024-04-11,140.1,141.25,138.15,139.62,2066344.0
2024-04-12,138.02,138.77,134.28,136.14,2413463.0
2024-04-15,137.81,138.015,134.5,134.56,2545721.0
2024-04-16,135.29,137.825,133.21,136.52,3021045.0
2024-04-17,136.07,136.64,132.875,133.86,3222432.0
2024-04-18,134.36,135.99,133.58,134.3,2116526.0
2024-04-19,134.64,135.06,129.17,130.71,2859522.0
2024-04-22,131.26,132.36,129.74,131.52,2109896.0
2024-04-23,131.47,135.31,131.0,134.0,2014769.0
2024-04-24,132.79,138.5,132.47,137.87,3238092.0
2024-04-25,138.91,139.24,134.39,138.01,4202744.0
2024-04-26,132.5,138.805,124.08,124.34,8577914.0
2024-04-29,125.15,128.51,123.075,125.81,3845869.0
2024-04-30,126.25,128.65,125.08,127.39,3049133.0
2024-05-01,126.21,128.74,123.515,125.88,2916465.0
2024-05-02,127.03,127.88,124.61,126.65,2310562.0
2024-05-03,127.22,129.22,126.91,128.37,1778925.0
2024-05-06,128.52,129.94,127.79,129.65,1858343.0
2024-05-07,129.6,130.32,128.99,130.1,1425091.0
2024-05-08,130.18,130.36,127.04,127.42,1336557.0
2024-05-09,128.17,130.48,127.62,128.14,1446565.0
2024-05-10,128.14,129.3,126.72,127.05,1689903.0
2024-05-13,128.225,128.225,124.745,124.95,2596535.0
2024-05-14,125.03,126.5758,124.25,125.97,2202542.0
2024-05-15,126.58,130.22,126.0,129.71,2306730.0
2024-05-16,129.79,132.2,129.28,131.91,2018119.0
2024-05-17,131.72,132.26,130.16,131.36,2329348.0
2024-05-20,131.69,132.09,129.69,130.69,2114477.0
2024-05-21,131.1,131.56,129.91,130.84,1763164.0
2024-05-22,130.73,131.76,130.1,130.53,2089105.0
2024-05-23,129.97,129.97,125.365,125.6,1986501.0
2024-05-24,125.82,128.24,124.54,127.37,2275561.0
2024-05-28,126.7,128.04,125.15,127.38,1796395.0
2024-05-29,126.82,128.63,126.19,127.64,1349689.0
2024-05-30,127.61,127.61,117.2,118.4,5811394.0
2024-05-31,120.15,121.4734,116.26,118.77,6065255.0
2024-06-03,118.16,118.38,114.33,115.23,4058215.0
2024-06-04,115.63,117.06,114.68,116.71,2904345.0
2024-06-05,116.77,120.48,116.06,118.08,3873798.0
2024-06-06,117.5,118.175,114.2,115.3,3509851.0
2024-06-07,114.73,116.58,114.2416,115.79,3009348.0
2024-06-10,115.05,116.9599,114.62,116.57,2298397.0
2024-06-11,116.92,118.12,115.72,116.9,2223253.0
2024-06-12,116.6,118.8,115.96,117.2,2385182.0
2024-06-13,115.16,116.33,113.67,113.81,2064558.0
2024-06-14,113.55,116.01,113.23,115.95,1813639.0
2024-06-17,115.18,117.91,114.65,116.53,3379509.0
2024-06-18,116.53,117.49,116.13,116.64,2192708.0
2024-06-20,116.94,117.12,115.49,116.07,1875212.0
2024-06-21,117.18,117.27,114.22,116.64,7128290.0
2024-06-24,116.41,116.6,109.7505,110.57,4689974.0
2024-06-25,111.36,111.82,108.71,110.31,4093595.0
2024-06-26,110.28,113.83,110.16,113.51,2543870.0
2024-06-27,112.69,114.97,112.49,114.54,2473683.0
2024-06-28,114.29,114.58,111.86,113.38,5429297.0
2024-07-01,113.0,115.295,111.0,112.17,2583582.0
2024-07-02,112.17,113.08,111.0,112.49,1778494.0
2024-07-03,112.4,112.49,109.81,110.91,1350610.0
2024-07-05,111.17,113.83,110.03,113.69,1347154.0
2024-07-08,113.5,113.5,110.63,110.97,1648272.0
2024-07-09,111.32,111.5185,110.44,110.84,1291130.0
2024-07-10,110.84,111.29,109.42,110.79,2150530.0
2024-07-11,111.125,113.7999,110.8,112.66,2013158.0
2024-07-12,112.65,115.34,111.67,114.06,2300337.0
2024-07-15,113.54,114.77,112.05,113.01,1922817.0
2024-07-16,112.93,116.12,112.08,116.06,2520579.0
2024-07-17,116.04,117.19,114.58,114.61,2562729.0
2024-07-18,114.49,116.345,110.65,110.7,2848081.0
2024-07-19,111.73,112.155,110.04,111.66,2274469.0
2024-07-22,112.76,113.25,110.75,111.65,1728797.0
2024-07-23,111.65,113.28,110.441,112.13,2370353.0
2024-07-24,111.97,113.08,110.0,111.94,3614746.0
2024-07-25,111.17,112.55,107.56,107.85,11417975.0
2024-07-26,66.0,67.44,62.34,64.0,53914127.0
2024-07-29,65.03,68.93,64.1701,67.48,18397237.0
2024-07-30,68.54,70.8,67.82,69.7,15509806.0
2024-07-31,69.9,70.88,67.0,67.82,11128812.0
2024-08-01,68.15,71.23,68.11,70.32,11193391.0
2024-08-02,69.45,72.61,68.91,72.3,7633680.0
2024-08-05,69.16,75.1498,68.81,72.43,10692291.0
2024-08-06,72.92,77.32,72.69,75.25,9063570.0
2024-08-07,72.0054,73.31,69.07,69.32,10012356.0
2024-08-08,69.8,71.76,69.795,71.5,5554263.0
2024-08-09,71.56,72.34,69.62,69.76,3933798.0
2024-08-12,69.76,72.12,69.01,71.27,3348169.0
2024-08-13,71.01,72.15,70.37,71.02,5309239.0
2024-08-14,70.4,71.02,69.655,70.05,5101443.0
2024-08-15,70.97,72.46,69.9,72.36,4827011.0
2024-08-16,72.57,74.73,72.51,74.65,3122862.0
2024-08-19,74.78,77.77,74.5,77.706,3645847.0
2024-08-20,76.0,77.58,72.39,72.85,7704635.0
2024-08-21,73.75,73.75,72.15,73.2,4152473.0
2024-08-22,73.67,74.56,72.18,72.28,3569984.0
2024-08-23,72.35,75.195,72.08,74.07,3357825.0
2024-08-26,73.66,75.0,73.51,73.67,2569807.0
2024-08-27,74.14,74.31,71.95,72.24,3457986.0
2024-08-28,72.06,72.22,70.31,70.48,4090190.0
2024-08-29,71.15,71.5,69.45,69.62,3876214.0
2024-08-30,70.0,70.43,68.99,69.34,4614175.0
2024-09-03,68.91,73.28,68.91,72.36,5226455.0
2024-09-04,71.45,71.71,69.33,69.82,4308057.0
2024-09-05,69.655,69.8,67.52,69.05,4723159.0
2024-09-06,69.24,69.27,66.95,68.61,3698766.0
2024-09-09,68.87,71.56,68.74,69.71,3632636.0
2024-09-10,69.83,70.01,68.06,68.55,2559281.0
2024-09-11,68.38,68.56,66.86,68.47,3962347.0
2024-09-12,68.47,69.3,67.3441,68.82,3595249.0
2024-09-13,68.97,69.9,68.14,69.51,2615106.0
2024-09-16,70.42,71.52,69.93,70.09,4171555.0
2024-09-17,69.99,70.97,68.59,68.94,5084204.0
2024-09-18,69.4,70.63,69.08,69.46,3421315.0
2024-09-19,70.88,72.34,70.2671,71.92,4184087.0
2024-09-20,71.91,71.91,69.71,70.43,7711726.0
2024-09-23,70.47,70.92,69.61,69.7,3301578.0
2024-09-24,69.86,69.9999,68.5544,68.66,3241842.0
2024-09-25,68.61,68.68,66.32,66.73,4131282.0
2024-09-26,67.0,67.71,66.33,67.53,3295219.0
2024-09-27,68.3,68.6,67.14,67.29,4246869.0
2024-09-30,67.77,68.27,66.495,67.04,4106019.0
2024-10-01,67.39,67.39,65.29,66.0,3937736.0
2024-10-02,65.7,67.19,64.76,67.1,3771483.0
2024-10-03,66.82,67.1499,65.58,65.68,3457247.0
2024-10-04,66.45,68.99,66.22,68.11,6336504.0
2024-10-07,68.1,69.5717,67.81,68.62,3605394.0
2024-10-08,68.86,69.63,68.57,69.43,3944415.0
2024-10-09,69.17,69.725,68.83,69.62,2625017.0
2024-10-10,69.16,70.0,68.57,69.56,4719340.0
2024-10-11,69.98,70.02,69.06,69.21,3941887.0
2024-10-14,69.81,69.81,68.19,69.18,3482866.0
2024-10-15,69.0,69.09,67.04,67.1,5620105.0
2024-10-16,67.59,69.96,67.585,69.9,4703322.0
2024-10-17,69.9,70.4,69.2033,69.55,3800985.0
2024-10-18,69.5,72.4,69.26,72.38,3695232.0
2024-10-21,71.87,73.79,71.81,72.61,3232887.0
2024-10-22,72.1,73.12,71.84,73.08,2777881.0
2024-10-23,72.32,73.23,72.2,72.48,4293271.0
2024-10-24,73.21,75.13,73.03,74.85,9945183.0
2024-10-25,73.4,76.06,70.88,73.44,14562442.0
2024-10-28,73.48,74.6,71.6,72.1,5566305.0
2024-10-29,72.25,72.58,70.88,72.24,4164380.0
2024-10-30,72.1,72.56,71.09,71.8,3566753.0
2024-10-31,71.5,71.61,69.74,70.48,4043880.0
2024-11-01,70.1,71.09,69.88,70.35,2735060.0
2024-11-04,70.88,71.01,69.65,69.7,3058444.0
2024-11-05,69.69,69.69,68.37,69.0,3408061.0
2024-11-06,69.82,70.25,67.895,68.61,5193533.0
2024-11-07,68.79,68.98,67.695,68.91,4671242.0
2024-11-08,69.0,70.99,68.735,69.96,3153458.0
2024-11-11,70.07,72.04,69.6298,70.31,4532043.0
2024-11-12,69.46,75.47,69.23,74.34,5468733.0
2024-11-13,74.455,74.55,71.84,72.53,4170386.0
2024-11-14,72.6,75.78,71.75,74.68,4517569.0
2024-11-15,75.51,78.11,75.13,75.88,6879171.0
2024-11-18,75.88,78.16,75.69,76.27,3898032.0
2024-11-19,75.7,76.61,74.65,74.88,3351861.0
2024-11-20,74.73,75.31,72.94,75.24,3077219.0
2024-11-21,74.83,75.76,74.14,74.46,3230918.0
2024-11-22,74.85,75.286,72.51,72.83,4562569.0
2024-11-25,74.2,78.22,73.27,77.83,6579281.0
2024-11-26,78.65,79.38,76.9401,77.94,4141926.0
2024-11-27,78.43,78.62,77.18,78.1,2003275.0
2024-11-29,78.4,79.37,77.89,77.99,1508075.0
2024-12-02,78.19,80.18,77.5001,79.31,3277866.0
2024-12-03,79.0,81.11,78.0901,80.91,3609491.0
2024-12-04,80.86,82.26,80.69,81.01,3229922.0
2024-12-05,80.91,81.0,78.06,78.92,3275863.0
2024-12-06,79.21,79.5,77.33,77.72,2645374.0
2024-12-09,78.09,79.11,77.55,78.41,2287807.0
2024-12-10,78.79,80.9,77.895,79.41,2969695.0
2024-12-11,79.825,81.12,79.41,80.47,2912963.0
2024-12-12,80.18,80.96,77.825,78.93,3209967.0
2024-12-13,78.6,78.72,76.82,77.19,2956879.0
2024-12-16,76.87,77.42,75.05,76.41,4013482.0
2024-12-17,76.3,78.38,76.05,77.8,3613775.0
2024-12-18,77.26,77.57,75.23,75.26,2949054.0
2024-12-19,75.64,76.28,74.5,75.82,3815063.0
2024-12-20,75.47,81.51,75.47,80.04,11578521.0
2024-12-23,78.9,80.25,77.7987,79.54,2389221.0
2024-12-24,79.56,80.83,78.59,80.24,979268.0
2024-12-26,79.54,80.67,79.25,80.57,1350763.0
2024-12-27,80.03,80.5,79.63,80.24,1797760.0
2024-12-30,79.28,79.6,77.67,78.0,2752955.0
2024-12-31,78.62,78.78,77.33,77.77,1966385.0
2025-01-02,77.87,79.97,77.66,78.5,2243941.0
2025-01-03,79.0,81.2188,78.52,81.07,2684585.0
2025-01-06,81.95,82.664,79.64,79.88,3441260.0
2025-01-07,80.46,80.95,79.115,79.35,2428996.0
2025-01-08,79.1,80.7,78.85,80.09,2422916.0
2025-01-10,79.5,79.635,76.86,77.76,4716686.0
2025-01-13,82.0,82.24,73.62,79.84,5520202.0
2025-01-14,80.64,80.7,77.1,79.17,4112786.0
2025-01-15,80.17,82.29,80.0529,80.4,4770600.0
2025-01-16,83.0,85.485,82.44,84.84,6002003.0
2025-01-17,86.32,86.33,83.89,84.38,5135502.0
2025-01-21,86.27,87.05,85.07,86.32,4057627.0
2025-01-22,85.85,88.205,85.72,87.09,3175347.0
2025-01-23,87.02,87.86,86.62,87.7,3991150.0
2025-01-24,88.0,88.87,87.16,88.75,3256111.0
2025-01-27,88.58,89.59,87.35,87.53,3206012.0
2025-01-28,87.01,89.0,86.6501,88.35,3408162.0
2025-01-29,88.15,88.31,86.04,86.43,2639114.0
2025-01-30,86.61,88.7,86.61,87.62,2161758.0
2025-01-31,86.87,88.29,86.59,86.83,2339475.0
2025-02-03,88.0,88.42,86.79,87.05,2177227.0
2025-02-04,85.002,87.95,85.002,87.46,2078959.0
2025-02-05,87.46,88.86,87.01,88.78,2011536.0
2025-02-06,88.85,89.58,87.66,88.32,2471747.0
2025-02-07,88.52,88.72,87.595,88.08,2928591.0
2025-02-10,88.38,88.425,85.6044,88.27,3006638.0
2025-02-11,87.52,88.02,86.28,86.38,2586247.0
2025-02-12,85.07,85.29,83.78,83.87,4111743.0
2025-02-13,83.96,84.58,83.2,84.09,6821107.0
2025-02-14,86.03,89.84,86.0,89.07,7591682.0
2025-02-18,90.0,93.25,89.57,90.53,5693346.0
2025-02-19,90.77,91.74,89.115,89.68,3251676.0
2025-02-20,89.45,89.84,88.36,89.34,3340516.0
2025-02-21,88.6,89.87,87.56,88.78,3729392.0
2025-02-24,88.82,91.22,88.5,90.75,4020518.0
2025-02-25,90.71,91.87,87.93,88.32,3488393.0
2025-02-26,87.68,90.66,86.41,89.91,3052194.0
2025-02-27,89.44,90.0,87.73,87.81,2484359.0
2025-02-28,87.84,88.6,86.79,88.37,4965797.0
2025-03-03,88.67,88.74,85.64,85.99,3910363.0
2025-03-04,85.76,86.14,81.77,82.42,5574599.0
2025-03-05,82.61,83.54,81.5,81.96,3342814.0
2025-03-06,80.44,81.75,79.09,79.51,5366674.0
2025-03-07,79.51,80.32,76.82,77.84,3882452.0
2025-03-10,74.74,74.92,70.47,70.72,8340147.0
2025-03-11,71.15,71.45,69.02,70.26,6058790.0
2025-03-12,71.18,72.3,69.86,70.76,5172774.0
2025-03-13,70.7,70.715,68.3,68.48,3360262.0
2025-03-14,68.59,70.77,68.59,70.69,4902170.0
2025-03-17,70.33,72.2,70.3,71.35,3626807.0
2025-03-18,71.25,71.35,69.92,70.7,2603968.0
2025-03-19,70.71,74.42,70.71,73.38,4303193.0
2025-03-20,72.9,76.27,72.52,75.11,3588156.0
2025-03-21,74.17,74.485,72.73,73.8,5560850.0
2025-03-24,75.045,75.81,74.6,75.32,2692800.0
2025-03-25,75.24,76.01,72.52,73.55,3240324.0
2025-03-26,73.25,73.3965,71.47,72.13,3271542.0
2025-03-27,71.98,72.47,69.41,69.47,5524014.0
2025-03-28,69.5,69.89,67.37,67.74,4681023.0
2025-03-31,67.22,68.75,66.25,68.29,5617435.0
2025-04-01,67.85,68.4,66.3,67.32,3216462.0
2025-04-02,66.32,68.52,66.32,68.14,2561632.0
2025-04-03,64.89,65.01,61.48,61.8,5404473.0
2025-04-04,59.63,61.05,57.52,59.83,6552477.0
2025-04-07,58.03,62.9,58.0,61.63,8395500.0
2025-04-08,62.5,63.89,59.97,60.69,5575803.0
2025-04-09,60.09,67.63,59.62,66.84,6697436.0
2025-04-10,72.8,73.5,66.46,67.3,8912034.0
2025-04-11,67.23,67.6599,64.99,66.14,4788608.0
2025-04-14,67.28,68.07,66.4101,67.39,3644524.0
2025-04-15,67.4,69.32,66.978,69.23,4614835.0
2025-04-16,68.84,69.69,67.75,68.73,4273383.0
2025-04-17,67.0,68.78,66.53,68.57,3702709.0
2025-04-21,68.07,68.12,65.11,66.11,4022945.0
2025-04-22,67.09,67.305,65.53,66.33,4142186.0
2025-04-23,68.45,70.21,66.8,66.86,4522176.0
2025-04-24,67.79,70.98,67.545,70.78,3922772.0
2025-04-25,70.85,72.28,70.355,71.66,2857741.0
