Date,open,high,low,close,volume
2015-04-27,134.49,134.66,133.37,133.56,1069862.0
2015-04-28,133.28,133.66,132.19,133.48,1163439.0
2015-04-29,136.69,140.19,136.18,138.53,2788618.0
2015-04-30,137.91,139.16,136.79,137.32,2876880.0
2015-05-01,137.82,140.31,137.81,140.14,1885635.0
2015-05-04,139.84,140.99,138.93,140.6,1697224.0
2015-05-05,140.55,140.55,137.56,137.98,1649564.0
2015-05-06,138.6,138.72,137.16,137.63,1792779.0
2015-05-07,137.5,138.39,137.06,138.3,1156594.0
2015-05-08,140.1,141.96,138.75,141.66,1727624.0
2015-05-11,141.5,141.5,140.17,140.22,968213.0
2015-05-12,139.14,139.86,138.45,139.43,804107.0
2015-05-13,140.0,140.38,138.76,139.02,953333.0
2015-05-14,140.0,141.12,139.9,140.94,875464.0
2015-05-15,141.0,141.42,139.87,140.11,1277514.0
2015-05-18,140.2,140.73,139.87,140.28,1074534.0
2015-05-19,140.22,140.8,139.71,140.05,881124.0
2015-05-20,140.54,140.9,139.9,139.95,951451.0
2015-05-21,139.96,141.1,139.84,140.87,1248105.0
2015-05-22,139.88,140.36,138.77,139.64,1182935.0
2015-05-26,139.46,139.49,137.51,137.99,1092150.0
2015-05-27,138.65,140.99,138.53,140.56,1611697.0
2015-05-28,139.96,140.52,139.35,140.41,1134582.0
2015-05-29,140.51,140.53,138.77,140.16,1696860.0
2015-06-01,140.35,140.86,138.79,140.25,1221481.0
2015-06-02,139.62,141.09,138.55,140.6,932173.0
2015-06-03,140.79,141.85,140.25,140.68,1036886.0
2015-06-04,139.81,140.98,138.43,138.98,1586166.0
2015-06-05,138.5,139.62,137.58,139.22,873680.0
2015-06-08,139.17,140.0,138.32,138.34,1017968.0
2015-06-09,138.34,139.43,137.83,138.68,1274731.0
2015-06-10,138.68,141.9,138.68,141.54,1335415.0
2015-06-11,141.68,142.67,141.12,142.25,1414752.0
2015-06-12,141.76,142.29,140.23,142.05,1202175.0
2015-06-15,140.74,142.5,140.18,142.02,1403498.0
2015-06-16,141.71,144.19,141.66,143.23,1888190.0
2015-06-17,143.52,144.79,142.88,144.5,1391882.0
2015-06-18,144.66,147.03,144.66,145.99,1717453.0
2015-06-19,145.59,146.29,145.02,145.09,1453509.0
2015-06-22,145.7,146.07,144.35,145.37,1223415.0
2015-06-23,146.02,146.02,144.63,145.37,1293512.0
2015-06-24,145.25,146.1,144.69,145.52,1580167.0
2015-06-25,146.0,146.0,144.08,144.13,1140496.0
2015-06-26,144.56,146.04,144.29,145.74,2087418.0
2015-06-29,144.37,144.89,141.76,141.84,1617820.0
2015-06-30,142.41,142.79,140.68,141.69,1363378.0
2015-07-01,142.43,144.29,142.36,143.17,1217125.0
2015-07-02,143.8,144.12,142.71,143.15,1095407.0
2015-07-06,142.24,144.02,141.72,143.34,1304919.0
2015-07-07,143.56,143.7,141.45,143.65,1539348.0
2015-07-08,142.73,143.56,141.82,142.26,1561580.0
2015-07-09,143.8,144.73,143.69,143.88,1787038.0
2015-07-10,145.87,146.97,145.21,146.1,1703487.0
2015-07-13,147.23,147.56,145.9,146.23,1720532.0
2015-07-14,146.57,147.63,146.57,146.97,1787181.0
2015-07-15,147.15,147.74,146.73,147.25,1645967.0
2015-07-16,148.0,148.67,147.73,148.45,1315581.0
2015-07-17,148.6,148.84,146.99,148.65,1064755.0
2015-07-20,148.64,149.34,148.38,149.01,983125.0
2015-07-21,148.54,148.61,145.39,146.29,1439230.0
2015-07-22,146.11,146.37,144.16,145.22,2009485.0
2015-07-23,145.62,146.33,144.59,144.8,1467369.0
2015-07-24,144.81,144.83,142.31,142.62,1658988.0
2015-07-27,142.12,142.93,141.8,142.41,1466035.0
2015-07-28,142.94,145.87,142.87,144.29,2057727.0
2015-07-29,149.27,153.4,149.07,149.96,3997100.0
2015-07-30,149.95,151.21,149.65,150.28,1603612.0
2015-07-31,150.56,150.63,148.75,149.11,1260248.0
2015-08-03,149.13,149.58,147.66,148.85,916907.0
2015-08-04,148.7,149.91,147.64,148.8,895510.0
2015-08-05,149.75,150.83,149.53,149.82,809707.0
2015-08-06,150.11,150.4,148.48,149.46,813882.0
2015-08-07,149.28,149.98,148.43,149.72,951344.0
2015-08-10,150.67,152.37,150.67,151.96,1003986.0
2015-08-11,150.67,150.96,149.49,150.6,949166.0
2015-08-12,149.11,150.69,147.67,150.39,1227481.0
2015-08-13,150.13,151.08,149.54,150.54,842063.0
2015-08-14,150.41,151.7,149.7,151.61,712925.0
2015-08-17,151.08,153.0,150.83,152.85,1182074.0
2015-08-18,152.3,153.52,151.89,153.28,982175.0
2015-08-19,152.79,153.76,151.78,152.75,1284340.0
2015-08-20,151.85,152.11,148.86,148.93,1292536.0
2015-08-21,147.74,147.74,145.13,145.17,2646197.0
2015-08-24,136.01,146.07,132.02,140.81,2981692.0
2015-08-25,144.09,144.75,138.74,138.84,2161394.0
2015-08-26,141.85,144.15,139.2,144.05,1799329.0
2015-08-27,144.82,145.91,142.59,145.17,2050037.0
2015-08-28,144.53,145.37,143.39,144.53,1199739.0
2015-08-31,143.76,144.0,141.51,142.03,1219015.0
2015-09-01,139.94,140.63,138.28,138.89,2284218.0
2015-09-02,140.31,142.45,140.2,142.45,1098459.0
2015-09-03,142.66,144.54,142.46,143.41,1348106.0
2015-09-04,141.61,141.99,140.5,141.18,970198.0
2015-09-08,143.41,144.39,142.69,144.39,1365451.0
2015-09-09,145.58,145.85,142.18,142.47,1199141.0
2015-09-10,142.47,142.48,140.06,140.71,1587607.0
2015-09-11,140.25,141.9,140.02,141.88,1188468.0
2015-09-14,142.0,142.46,140.28,140.65,1055529.0
2015-09-15,141.01,142.09,140.13,141.79,1121295.0
2015-09-16,141.83,142.0,140.93,141.84,1146054.0
2015-09-17,142.01,143.76,141.27,141.56,1198559.0
2015-09-18,139.97,140.49,138.71,139.24,3049771.0
2015-09-21,139.54,140.58,138.89,139.72,892435.0
2015-09-22,138.02,138.79,137.42,137.95,1386528.0
2015-09-23,137.96,138.32,136.02,136.57,950789.0
2015-09-24,135.67,138.98,134.64,138.51,1966099.0
2015-09-25,139.23,139.82,137.4,138.02,1064055.0
2015-09-28,136.81,137.64,135.04,135.11,1757815.0
2015-09-29,134.83,135.85,134.1,135.59,1869612.0
2015-09-30,137.38,138.51,136.29,137.95,1552030.0
2015-10-01,138.0,138.79,136.42,138.18,1224414.0
2015-10-02,135.99,139.15,135.77,139.13,1167453.0
2015-10-05,140.48,144.41,140.24,144.12,1762518.0
2015-10-06,143.51,144.59,140.48,140.66,1780685.0
2015-10-07,140.82,142.14,139.59,140.36,1405777.0
2015-10-08,139.59,142.18,138.62,141.91,1097102.0
2015-10-09,141.91,143.49,141.87,142.72,1262925.0
2015-10-12,143.07,144.01,142.73,143.69,582520.0
2015-10-13,142.16,143.57,141.59,141.71,700053.0
2015-10-14,141.77,142.41,139.22,139.5,865365.0
2015-10-15,140.55,141.29,139.55,141.29,749848.0
2015-10-16,141.06,142.01,140.38,141.7,1055401.0
2015-10-19,140.93,141.32,140.37,141.25,952962.0
2015-10-20,141.19,141.71,140.54,141.25,978247.0
2015-10-21,142.0,144.83,141.66,143.09,1099568.0
2015-10-22,144.0,147.68,143.89,147.25,1330085.0
2015-10-23,148.25,148.8,147.39,148.28,1198439.0
2015-10-26,148.22,148.88,147.58,148.15,851775.0
2015-10-27,147.68,149.07,147.4,148.4,1612540.0
2015-10-28,150.87,152.51,147.21,150.78,2619362.0
2015-10-29,150.47,150.93,147.5,149.97,1677112.0
2015-10-30,150.35,150.94,147.28,148.58,2121347.0
2015-11-02,149.24,149.38,147.67,148.72,1647005.0
2015-11-03,147.58,148.1,146.17,147.17,1868015.0
2015-11-04,147.29,147.88,146.83,147.28,890712.0
2015-11-05,147.21,147.68,145.54,147.07,1272736.0
2015-11-06,146.69,146.99,144.84,145.92,1742141.0
2015-11-09,145.46,145.68,143.66,144.29,1164113.0
2015-11-10,143.73,144.73,142.5,143.94,1453165.0
2015-11-11,144.43,144.79,143.26,143.31,1219907.0
2015-11-12,143.01,143.01,141.62,141.85,1667462.0
2015-11-13,141.23,142.24,140.18,140.6,1578333.0
2015-11-16,141.25,143.36,141.08,143.28,1721071.0
2015-11-17,143.71,144.45,142.5,142.87,1424065.0
2015-11-18,143.29,143.97,142.28,143.71,1036844.0
2015-11-19,144.83,145.92,144.28,145.2,1486617.0
2015-11-20,146.25,146.72,145.39,145.5,1644218.0
2015-11-23,145.76,146.0,144.36,144.59,1011766.0
2015-11-24,143.87,146.01,143.64,145.53,1257064.0
2015-11-25,145.63,145.95,144.9,145.18,1157692.0
2015-11-27,145.53,145.99,145.14,145.56,542084.0
2015-11-30,146.5,147.59,146.0,146.46,1890229.0
2015-12-01,147.23,148.4,146.83,147.6,1616551.0
2015-12-02,147.41,147.49,145.23,145.35,1576407.0
2015-12-03,145.44,145.72,141.58,141.96,2988323.0
2015-12-04,142.45,144.27,142.37,143.84,1882766.0
2015-12-07,143.76,144.19,141.53,143.09,1782824.0
2015-12-08,142.17,142.57,140.85,142.0,1423159.0
2015-12-09,141.9,142.62,139.32,140.17,1653601.0
2015-12-10,140.2,141.04,139.51,140.0,1355323.0
2015-12-11,138.91,139.25,137.57,137.84,1301973.0
2015-12-14,138.33,139.3,137.06,139.19,1236947.0
2015-12-15,139.83,140.48,137.95,138.04,2178500.0
2015-12-16,137.74,140.09,136.42,139.64,2154028.0
2015-12-17,139.57,140.08,138.01,138.16,1180915.0
2015-12-18,137.4,138.12,136.08,136.71,2542124.0
2015-12-21,137.28,139.14,136.66,138.09,938450.0
2015-12-22,139.13,140.51,138.5,139.94,1278928.0
2015-12-23,140.43,140.87,139.44,139.89,967337.0
2015-12-24,139.73,140.19,139.49,139.84,358100.0
2015-12-28,139.75,140.16,138.3,139.59,731183.0
2015-12-29,140.64,141.29,139.74,140.34,776869.0
2015-12-30,140.23,140.61,138.85,139.26,765974.0
2015-12-31,138.5,138.74,136.62,137.36,786531.0
2016-01-04,135.62,136.1,134.81,136.07,1411618.0
2016-01-05,136.1,137.35,135.53,136.64,1525076.0
2016-01-06,135.0,136.13,134.08,135.26,1576185.0
2016-01-07,133.69,133.97,130.42,130.8,2096078.0
2016-01-08,130.94,132.21,129.87,130.19,2120855.0
2016-01-11,131.4,132.17,130.15,131.29,2080123.0
2016-01-12,132.44,132.89,131.03,132.49,1512600.0
2016-01-13,132.52,132.83,128.82,129.05,1398516.0
2016-01-14,129.13,130.15,127.36,129.04,1713322.0
2016-01-15,125.83,127.11,124.57,125.99,2844081.0
2016-01-19,126.9,128.1,126.1,127.38,1643680.0
2016-01-20,125.4,126.09,121.6,124.18,2161233.0
2016-01-21,124.38,125.61,123.69,124.32,1568315.0
2016-01-22,125.5,126.49,124.76,126.37,1195840.0
2016-01-25,126.01,126.33,124.43,124.6,1787858.0
2016-01-26,124.29,127.81,123.93,127.38,1777387.0
2016-01-27,124.11,135.34,122.67,129.0,5841527.0
2016-01-28,128.85,130.04,127.36,128.65,2504550.0
2016-01-29,129.15,134.23,129.15,133.77,3751566.0
2016-02-01,132.3,134.38,130.83,133.62,2793393.0
2016-02-02,132.68,133.94,131.99,133.53,2896669.0
2016-02-03,134.09,134.41,131.46,133.79,2046872.0
2016-02-04,133.76,136.09,133.14,135.35,2306265.0
2016-02-05,135.21,136.13,133.84,134.2,1799121.0
2016-02-08,132.32,132.73,130.73,132.26,1941097.0
2016-02-09,130.47,132.92,130.47,132.13,2205426.0
2016-02-10,132.53,134.37,132.5,133.07,1337243.0
2016-02-11,130.59,131.17,125.74,128.58,2580369.0
2016-02-12,129.64,130.55,127.68,130.18,1722094.0
2016-02-16,131.48,132.59,130.25,131.51,1620433.0
2016-02-17,132.24,135.48,132.24,135.03,1566343.0
2016-02-18,134.62,136.27,134.2,135.05,1359083.0
2016-02-19,134.89,136.0,134.32,135.26,1370409.0
2016-02-22,136.32,137.72,135.71,136.62,1209063.0
2016-02-23,135.94,137.19,135.27,135.91,1221869.0
2016-02-24,135.0,135.63,132.85,135.15,1371843.0
2016-02-25,135.52,137.35,135.31,137.24,1091439.0
2016-02-26,137.61,138.53,137.01,137.11,1752840.0
2016-02-29,136.9,137.55,135.55,136.27,2944268.0
2016-03-01,136.97,138.36,136.64,138.24,1291376.0
2016-03-02,137.69,138.12,133.57,135.61,2665237.0
2016-03-03,135.74,136.53,134.67,135.74,2012552.0
2016-03-04,135.74,136.52,134.88,135.28,1710244.0
2016-03-07,134.17,134.95,131.51,132.33,2097984.0
2016-03-08,131.28,132.27,130.74,131.4,1782193.0
2016-03-09,131.62,132.34,130.63,131.91,1503346.0
2016-03-10,132.8,134.26,131.94,133.57,2234647.0
2016-03-11,134.55,136.04,134.32,135.52,1496187.0
2016-03-14,134.94,135.56,134.13,134.21,1418190.0
2016-03-15,134.09,134.09,132.38,133.29,1468155.0
2016-03-16,133.28,134.43,132.54,133.99,1146604.0
2016-03-17,134.26,134.46,133.52,134.12,1617006.0
2016-03-18,134.49,136.08,134.17,135.45,2581235.0
2016-03-21,134.9,135.41,134.39,134.78,1152108.0
2016-03-22,134.68,135.98,134.02,135.24,954882.0
2016-03-23,135.2,135.52,134.09,134.32,785580.0
2016-03-24,132.4,132.4,127.74,129.08,3344361.0
2016-03-28,129.5,131.11,128.99,130.82,1786060.0
2016-03-29,130.79,132.19,130.06,131.86,1633783.0
2016-03-30,132.13,132.4,131.24,131.73,1400252.0
2016-03-31,131.57,131.82,130.42,131.37,1820296.0
2016-04-01,130.38,132.62,129.69,132.34,2060940.0
2016-04-04,132.29,133.06,131.52,131.69,1555301.0
2016-04-05,131.34,132.33,130.62,130.84,1488732.0
2016-04-06,129.79,131.85,129.55,131.72,1455082.0
2016-04-07,131.28,133.0,130.84,131.39,1419792.0
2016-04-08,132.42,133.8,132.29,132.91,1120784.0
2016-04-11,133.38,134.07,131.86,131.9,901837.0
2016-04-12,131.94,133.85,131.82,133.55,826841.0
2016-04-13,134.48,134.99,133.5,134.32,1387821.0
2016-04-14,134.12,134.44,132.9,133.57,1159867.0
2016-04-15,133.69,135.14,133.51,134.81,1158525.0
2016-04-18,134.62,136.51,134.34,136.29,1283500.0
2016-04-19,136.55,136.94,135.58,136.69,1568010.0
2016-04-20,136.74,139.04,136.6,136.71,1639002.0
2016-04-21,136.86,138.77,136.69,137.72,1493144.0
2016-04-22,138.03,138.43,136.44,137.9,1140928.0
2016-04-25,137.05,137.75,136.5,136.79,951482.0
2016-04-26,137.51,139.0,137.23,138.71,1468734.0
2016-04-27,139.0,144.15,138.6,143.61,2888131.0
2016-04-28,142.21,143.45,140.67,141.16,1782892.0
2016-04-29,140.1,140.83,139.0,140.52,1893673.0
2016-05-02,140.72,142.8,139.97,141.83,1529099.0
2016-05-03,141.14,142.82,140.07,142.34,1288867.0
2016-05-04,141.99,142.35,140.66,141.43,958214.0
2016-05-05,141.66,142.6,141.01,142.2,1429049.0
2016-05-06,141.99,143.67,141.73,143.44,1780881.0
2016-05-09,143.28,144.76,142.71,142.97,1399873.0
2016-05-10,143.74,145.8,143.59,145.71,1564991.0
2016-05-11,145.74,146.31,144.71,144.96,1380383.0
2016-05-12,144.74,145.98,144.29,145.31,1281287.0
2016-05-13,144.87,145.68,144.17,144.37,991235.0
2016-05-16,144.06,145.81,144.0,145.37,934433.0
2016-05-17,145.43,147.16,144.26,145.0,1557506.0
2016-05-18,144.31,145.92,143.41,144.31,1154389.0
2016-05-19,143.46,143.96,142.31,143.59,1234757.0
2016-05-20,144.48,144.94,143.72,144.62,1192121.0
2016-05-23,144.28,144.62,142.25,142.25,1627476.0
2016-05-24,142.75,143.36,142.72,142.96,1975627.0
2016-05-25,143.45,143.56,142.55,142.97,1349529.0
2016-05-26,142.95,143.28,142.47,142.83,951435.0
2016-05-27,142.8,143.43,142.79,143.13,761207.0
2016-05-31,143.54,143.91,141.54,141.87,1687433.0
2016-06-01,141.38,141.81,140.97,141.47,5111248.0
2016-06-02,140.92,141.47,139.99,140.13,2087039.0
2016-06-03,140.01,140.87,138.76,140.23,2602400.0
2016-06-06,140.53,141.25,140.04,140.34,976787.0
2016-06-07,140.75,141.81,140.56,141.06,1827114.0
2016-06-08,140.87,141.67,140.6,141.49,870546.0
2016-06-09,141.19,142.13,141.0,141.98,1347258.0
2016-06-10,141.17,142.09,141.02,141.53,1400764.0
2016-06-13,141.2,141.61,139.03,139.11,1388236.0
2016-06-14,138.99,139.46,138.3,139.43,1079252.0
2016-06-15,139.75,140.81,139.53,140.11,1462240.0
2016-06-16,139.54,140.65,138.43,139.76,943704.0
2016-06-17,139.9,140.08,138.08,138.99,1520400.0
2016-06-20,140.42,141.56,139.97,140.92,1897386.0
2016-06-21,141.22,141.58,139.41,139.41,1597285.0
2016-06-22,139.78,140.39,138.61,138.79,1359968.0
2016-06-23,140.15,140.15,138.87,139.78,1017859.0
2016-06-24,135.89,138.88,135.03,136.14,4483525.0
2016-06-27,135.0,135.45,133.81,134.23,140493.0
2016-06-28,134.56,134.56,132.81,133.94,1907529.0
2016-06-29,134.74,135.8,133.25,135.63,1299856.0
2016-06-30,135.82,139.54,135.81,139.24,2677003.0
2016-07-01,139.52,141.54,139.5,141.34,3942954.0
2016-07-05,140.93,141.0,137.79,138.41,1948706.0
2016-07-06,138.14,140.03,136.71,139.89,1998622.0
2016-07-07,139.69,140.9,138.36,138.69,1439251.0
2016-07-08,139.56,140.8,139.1,140.48,2033872.0
2016-07-11,140.56,141.95,140.56,141.19,1331416.0
2016-07-12,142.1,142.69,141.44,141.54,1853713.0
2016-07-13,141.7,142.42,141.41,141.73,1099008.0
2016-07-14,142.81,143.2,142.05,142.56,1111819.0
2016-07-15,142.91,143.0,142.04,142.09,1448430.0
2016-07-18,142.05,142.29,140.92,141.0,1278037.0
2016-07-19,141.0,143.68,140.87,143.31,2447383.0
2016-07-20,143.71,144.69,143.42,144.54,1511745.0
2016-07-21,144.61,144.62,142.18,142.86,986870.0
2016-07-22,142.59,143.89,142.13,143.77,827683.0
2016-07-25,143.28,143.96,142.53,143.72,1142034.0
2016-07-26,143.99,144.61,143.49,144.51,1312900.0
2016-07-27,146.07,147.67,143.58,146.63,2743009.0
2016-07-28,146.5,147.49,145.05,147.1,2150502.0
2016-07-29,146.46,147.19,145.69,146.89,1591399.0
2016-08-01,147.15,149.37,146.93,149.09,2237844.0
2016-08-02,148.59,149.31,147.37,148.22,1711312.0
2016-08-03,148.18,148.44,147.19,147.81,1192525.0
2016-08-04,147.96,148.38,146.82,147.37,1398653.0
2016-08-05,147.57,149.01,147.45,148.89,1138379.0
2016-08-08,148.56,149.16,147.8,148.11,833867.0
2016-08-09,148.14,148.87,148.1,148.57,918432.0
2016-08-10,149.59,151.6,149.59,151.47,2666258.0
2016-08-11,151.38,151.76,150.55,151.3,2151772.0
2016-08-12,150.73,151.75,150.73,151.47,1045005.0
2016-08-15,151.43,153.8,151.37,153.4,2128704.0
2016-08-16,152.75,153.35,152.02,152.4,1206312.0
2016-08-17,152.55,153.09,151.77,152.97,1155748.0
2016-08-18,152.91,153.2,151.77,152.43,1514050.0
2016-08-19,151.94,152.57,151.34,152.38,1152229.0
2016-08-22,152.37,152.58,151.79,152.22,1086274.0
2016-08-23,153.0,153.0,151.65,152.15,1352161.0
2016-08-24,151.83,152.53,151.42,152.29,1040471.0
2016-08-25,152.29,153.01,151.81,152.68,907970.0
2016-08-26,152.93,153.19,150.96,151.58,1153766.0
2016-08-29,151.48,152.9,151.39,152.82,954411.0
2016-08-30,152.69,153.0,151.89,152.56,665378.0
2016-08-31,152.56,152.7,151.61,152.22,1054206.0
2016-09-01,152.63,153.15,151.58,152.84,597431.0
2016-09-02,153.2,153.93,152.99,153.81,1041870.0
2016-09-06,153.74,154.98,153.59,154.63,992738.0
2016-09-07,154.48,154.74,152.79,153.11,1054164.0
2016-09-08,152.87,152.87,151.35,152.4,1000475.0
2016-09-09,151.6,151.68,149.9,149.91,1193578.0
2016-09-12,149.14,152.23,149.14,151.81,1006157.0
2016-09-13,150.99,151.63,150.1,150.6,920233.0
2016-09-14,150.57,151.97,149.48,149.83,1427659.0
2016-09-15,150.15,152.24,149.85,152.16,1221650.0
2016-09-16,151.55,151.66,149.57,150.75,1869328.0
2016-09-19,151.68,152.87,151.59,152.17,886944.0
2016-09-20,152.41,152.89,151.47,151.86,726799.0
2016-09-21,152.0,153.19,151.67,153.1,800701.0
2016-09-22,153.88,154.88,153.47,154.86,1161076.0
2016-09-23,152.04,154.36,150.0,153.81,876828.0
2016-09-26,153.47,154.88,153.07,153.87,1252583.0
2016-09-27,153.72,155.7,153.54,155.28,1412974.0
2016-09-28,155.77,156.2,155.1,156.01,1083328.0
2016-09-29,155.16,156.97,154.82,155.61,1771143.0
2016-09-30,156.36,156.95,154.69,155.16,1856826.0
2016-10-03,154.58,155.65,154.21,154.71,1325952.0
2016-10-04,155.46,155.61,152.87,153.55,1412952.0
2016-10-05,153.39,154.48,153.28,153.72,1142718.0
2016-10-06,153.8,154.43,153.13,154.14,1685067.0
2016-10-07,151.83,153.22,150.26,152.96,2063780.0
2016-10-10,153.53,154.26,152.58,152.89,1247717.0
2016-10-11,152.06,152.36,149.04,149.6,1693971.0
2016-10-12,149.61,150.56,149.55,150.0,1149844.0
2016-10-13,149.49,151.46,149.49,151.01,951293.0
2016-10-14,152.79,152.79,151.31,151.34,862647.0
2016-10-17,151.28,151.61,150.35,150.48,971613.0
2016-10-18,151.35,152.29,151.24,151.88,703763.0
2016-10-19,152.1,152.7,151.41,151.42,706846.0
2016-10-20,151.48,151.78,150.23,150.71,944035.0
2016-10-21,149.58,150.32,149.13,150.18,1245660.0
2016-10-24,151.17,152.18,151.0,151.44,905534.0
2016-10-25,151.21,153.05,151.21,152.59,1448672.0
2016-10-26,149.67,152.95,149.05,151.14,2783409.0
2016-10-27,151.58,151.67,149.1,150.13,1594045.0
2016-10-28,150.46,152.49,150.09,151.5,1500929.0
2016-10-31,152.03,152.21,150.72,150.74,1568305.0
2016-11-01,151.07,152.12,149.48,149.98,1529944.0
2016-11-02,149.69,151.12,149.56,149.67,1309433.0
2016-11-03,150.0,150.49,148.76,150.03,1458172.0
2016-11-04,150.03,151.1,149.66,149.81,1059625.0
2016-11-07,151.31,152.43,150.9,152.39,1425313.0
2016-11-08,152.26,154.33,152.06,153.78,1214892.0
2016-11-09,157.67,163.56,157.67,162.09,5322540.0
2016-11-10,162.47,166.81,162.47,166.51,3251792.0
2016-11-11,165.99,168.6,164.09,168.55,1725623.0
2016-11-14,169.86,171.19,168.56,170.19,2587448.0
2016-11-15,169.97,170.82,166.37,168.02,2508821.0
2016-11-16,167.72,167.89,165.29,165.84,1611686.0
2016-11-17,165.82,166.91,165.22,165.63,1553250.0
2016-11-18,165.51,167.36,164.97,166.62,1596944.0
2016-11-21,166.95,168.7,166.81,168.43,1523992.0
2016-11-22,169.7,170.38,168.42,170.18,1446399.0
2016-11-23,170.4,171.19,169.87,170.55,1432556.0
2016-11-25,170.78,172.23,170.46,172.08,627023.0
2016-11-28,172.24,173.55,172.0,172.67,1834339.0
2016-11-29,172.97,175.7,172.97,175.13,1640307.0
2016-11-30,175.42,176.45,174.7,175.35,2326611.0
2016-12-01,175.81,177.39,175.59,176.4,1691748.0
2016-12-02,176.5,178.73,176.3,178.67,1715405.0
2016-12-05,179.8,180.09,178.25,178.52,1744551.0
2016-12-06,177.59,178.77,176.34,178.09,1919295.0
2016-12-07,178.1,178.47,176.67,178.43,1941568.0
2016-12-08,178.08,178.12,173.44,173.67,2365889.0
2016-12-09,173.43,175.63,173.28,175.39,1495602.0
2016-12-12,172.22,174.13,168.0,173.74,2961385.0
2016-12-13,174.61,176.28,173.52,174.31,1442258.0
2016-12-14,174.49,175.5,173.51,173.74,1721119.0
2016-12-15,173.34,175.86,173.34,174.12,1193875.0
2016-12-16,174.47,176.4,173.86,174.41,3017433.0
2016-12-19,175.0,175.75,173.61,174.63,1356217.0
2016-12-20,174.96,176.07,174.11,175.26,1185617.0
2016-12-21,175.6,175.92,174.02,174.1,944420.0
2016-12-22,174.56,175.09,173.88,174.53,904699.0
2016-12-23,173.89,175.46,173.83,175.25,685225.0
2016-12-27,175.95,176.36,173.97,174.58,999486.0
2016-12-28,174.7,175.31,172.94,173.05,1171294.0
2016-12-29,173.55,174.07,172.35,173.21,967807.0
2016-12-30,173.75,174.27,171.65,172.66,1192291.0
2017-01-03,174.39,176.72,174.26,175.45,1321957.0
2017-01-04,176.14,176.25,174.21,175.54,1238472.0
2017-01-05,175.78,178.36,175.1,176.14,1279691.0
2017-01-06,176.0,177.77,175.74,177.46,998511.0
2017-01-09,176.6,177.5,175.71,176.07,1072426.0
2017-01-10,176.77,177.9,175.75,176.36,1095045.0
2017-01-11,176.33,177.11,175.27,177.07,1425511.0
2017-01-12,177.23,177.23,173.59,176.52,1275819.0
2017-01-13,176.77,178.08,176.41,177.89,952949.0
2017-01-17,177.0,177.99,174.97,175.97,1200528.0
2017-01-18,175.17,176.09,174.3,175.99,950155.0
2017-01-19,177.0,178.36,175.9,177.81,1523614.0
2017-01-20,178.31,178.92,176.85,178.28,1753744.0
2017-01-23,178.52,179.19,176.1,177.23,1263776.0
2017-01-24,176.34,178.42,175.85,177.25,1209209.0
2017-01-25,176.42,177.2,172.43,175.32,2655841.0
2017-01-26,175.5,177.62,175.25,177.3,1842738.0
2017-01-27,176.31,187.37,175.7,185.14,4338138.0
2017-01-30,185.23,186.31,180.68,182.47,2801884.0
2017-01-31,181.14,181.47,178.9,181.08,2235754.0
2017-02-01,181.31,182.44,180.15,181.03,1244256.0
2017-02-02,180.75,181.31,179.11,180.36,1129714.0
2017-02-03,180.03,183.25,180.02,183.12,1544659.0
2017-02-06,183.4,184.61,182.67,183.04,1106764.0
2017-02-07,183.91,185.0,183.1,183.21,1532573.0
2017-02-08,182.9,183.93,181.94,183.14,1249626.0
2017-02-09,183.68,183.84,182.42,182.59,1310571.0
2017-02-10,182.84,184.66,182.16,184.4,1414929.0
2017-02-13,184.65,187.5,184.65,186.6,1272347.0
2017-02-14,187.05,187.48,184.61,187.23,1391513.0
2017-02-15,186.76,188.29,186.24,187.99,997618.0
2017-02-16,188.05,188.76,186.43,188.74,1153503.0
2017-02-17,188.6,189.1,187.4,189.06,1163416.0
2017-02-21,189.02,189.94,188.6,189.59,1102698.0
2017-02-22,189.58,189.98,188.74,189.89,765701.0
2017-02-23,189.87,190.59,187.53,188.3,1157874.0
2017-02-24,187.9,189.71,187.01,189.63,1147538.0
2017-02-27,189.65,190.89,188.27,190.4,1604944.0
2017-02-28,190.19,191.31,189.3,189.81,1874260.0
2017-03-01,190.5,193.17,190.24,192.41,2088610.0
2017-03-02,192.2,192.65,190.67,191.05,1064889.0
2017-03-03,190.99,191.05,188.74,189.65,1501757.0
2017-03-06,189.28,191.3,189.01,190.94,1126918.0
2017-03-07,190.9,192.2,190.43,191.47,926582.0
2017-03-08,191.32,191.39,190.08,190.38,926557.0
2017-03-09,190.53,191.33,189.83,190.34,843173.0
2017-03-10,191.85,191.85,189.62,190.84,835738.0
2017-03-13,190.83,191.68,190.62,191.56,794532.0
2017-03-14,190.83,191.0,189.33,189.75,1055172.0
2017-03-15,190.08,192.0,189.75,191.66,985932.0
2017-03-16,191.97,192.18,189.92,190.65,1082602.0
2017-03-17,191.31,194.0,190.9,193.27,1824384.0
2017-03-20,193.2,193.65,191.77,191.98,930482.0
2017-03-21,192.35,193.16,188.25,188.69,1266500.0
2017-03-22,188.88,190.13,187.95,189.6,835440.0
2017-03-23,189.54,190.6,189.01,189.56,794531.0
2017-03-24,189.54,189.89,186.35,187.52,1498556.0
2017-03-27,184.89,186.18,183.72,185.49,1930621.0
2017-03-28,185.0,189.45,184.88,188.44,1231018.0
2017-03-29,188.0,188.92,187.2,188.29,869675.0
2017-03-30,188.44,189.3,188.2,188.78,926293.0
2017-03-31,188.39,188.56,186.42,187.2,2063841.0
2017-04-03,187.48,188.2,186.26,187.74,1259486.0
2017-04-04,187.74,188.33,186.34,187.72,1073632.0
2017-04-05,187.62,189.32,185.73,185.85,931913.0
2017-04-06,185.87,187.13,185.85,186.3,745888.0
2017-04-07,188.8,189.42,186.6,188.04,1189368.0
2017-04-10,188.09,188.85,187.26,187.66,911081.0
2017-04-11,187.44,188.94,186.67,188.38,810043.0
2017-04-12,188.43,188.7,186.13,186.34,1121017.0
2017-04-13,186.04,188.01,185.64,186.73,1173275.0
2017-04-17,187.18,188.97,186.87,188.89,843945.0
2017-04-18,188.3,189.6,187.07,187.38,1199411.0
2017-04-19,187.84,188.24,187.03,187.75,1239830.0
2017-04-20,188.02,189.04,187.38,188.13,984129.0
2017-04-21,188.84,189.9,188.2,188.94,1153330.0
2017-04-24,191.38,192.49,190.41,191.91,1561286.0
2017-04-25,190.87,193.48,190.69,193.24,1811105.0
2017-04-26,194.67,196.97,193.74,194.85,1958031.0
2017-04-27,195.48,196.62,193.95,195.03,976567.0
2017-04-28,195.04,195.28,193.43,193.79,1195409.0
2017-05-01,194.24,195.0,193.15,193.15,1004554.0
2017-05-02,193.9,194.07,193.0,194.07,938870.0
2017-05-03,193.87,194.5,192.88,194.18,773434.0
2017-05-04,194.28,195.13,193.38,194.55,1101723.0
2017-05-05,194.75,195.99,194.27,195.97,703134.0
2017-05-08,195.59,196.5,195.13,196.33,893538.0
2017-05-09,196.49,197.0,196.07,196.59,749265.0
2017-05-10,195.06,195.89,193.35,194.39,1365543.0
2017-05-11,194.26,195.43,193.17,194.98,905559.0
2017-05-12,194.36,195.64,194.17,195.59,674910.0
2017-05-15,195.48,196.03,194.88,195.18,853227.0
2017-05-16,195.07,196.19,194.81,195.29,790010.0
2017-05-17,193.72,194.24,191.61,192.01,1378810.0
2017-05-18,191.79,193.51,190.3,192.64,1256148.0
2017-05-19,193.21,196.5,192.95,195.87,1069991.0
2017-05-22,197.48,199.0,196.29,197.75,1453609.0
2017-05-23,198.22,199.37,197.04,199.32,1018945.0
2017-05-24,199.6,200.6,199.08,199.98,712452.0
2017-05-25,200.51,201.9,200.19,201.09,1122393.0
2017-05-26,201.09,202.57,200.85,202.24,751603.0
2017-05-30,202.19,202.65,200.95,202.01,921124.0
2017-05-31,202.37,203.28,201.58,203.25,1489064.0
2017-06-01,203.16,203.47,201.88,202.52,1293461.0
2017-06-02,202.7,205.07,202.58,203.7,917422.0
2017-06-05,203.37,203.48,201.34,201.47,901972.0
2017-06-06,200.93,201.24,198.3,198.44,1192609.0
2017-06-07,198.85,199.02,197.73,198.87,938578.0
2017-06-08,199.36,199.83,197.59,199.64,992046.0
2017-06-09,199.64,200.74,198.44,199.47,1056493.0
2017-06-12,199.47,200.06,197.03,198.4,1859014.0
2017-06-13,198.4,200.93,198.12,200.55,1263689.0
2017-06-14,200.55,202.45,200.35,201.28,934562.0
2017-06-15,199.77,202.27,199.24,202.03,827543.0
2017-06-16,202.37,203.3,201.66,202.67,1391515.0
2017-06-19,203.41,204.74,203.0,204.52,1026747.0
2017-06-20,203.76,205.17,203.76,203.86,838427.0
2017-06-21,204.4,204.88,203.5,203.89,669494.0
2017-06-22,203.79,203.98,201.19,201.26,907771.0
2017-06-23,201.23,202.42,200.81,201.32,1203322.0
2017-06-26,201.77,202.33,200.13,200.2,673864.0
2017-06-27,200.11,200.35,198.83,198.84,713985.0
2017-06-28,199.82,201.41,199.33,200.83,787327.0
2017-06-29,200.99,201.07,196.13,196.96,1422901.0
2017-06-30,197.75,199.21,196.26,198.1,944651.0
2017-07-03,199.42,200.55,198.14,199.66,750575.0
2017-07-05,199.03,201.21,198.95,200.74,1152248.0
2017-07-06,200.7,201.07,198.79,199.02,799642.0
2017-07-07,199.5,202.18,199.12,201.26,1300643.0
2017-07-10,201.22,202.24,200.21,201.07,1028703.0
2017-07-11,200.76,201.01,198.75,199.78,584768.0
2017-07-12,201.21,202.47,199.89,200.97,751527.0
2017-07-13,201.06,201.47,199.97,200.09,375802.0
2017-07-14,200.0,201.68,200.06,201.14,504344.0
2017-07-17,201.0,201.42,199.5,200.12,531356.0
2017-07-18,200.46,201.67,199.28,201.44,498821.0
2017-07-19,202.0,202.46,201.25,202.34,739801.0
2017-07-20,202.5,203.19,202.0,202.33,549025.0
2017-07-21,202.55,204.37,201.83,204.3,338802.0
2017-07-24,204.43,205.51,204.13,205.12,445019.0
2017-07-25,205.49,205.9,202.91,203.61,577886.0
2017-07-26,199.1,199.32,193.57,194.59,1982347.0
2017-07-27,195.73,195.93,192.84,193.84,2266185.0
2017-07-28,194.06,198.06,194.05,197.84,806908.0
2017-07-31,198.58,198.59,196.08,196.33,1475968.0
2017-08-01,196.96,196.96,193.9,196.49,764725.0
2017-08-02,196.46,198.15,196.1,198.03,426722.0
2017-08-03,198.37,199.39,197.37,199.35,448793.0
2017-08-04,199.6,199.98,198.47,199.85,488023.0
2017-08-07,200.01,201.54,199.83,201.1,674296.0
2017-08-08,199.49,200.93,198.22,199.04,638612.0
2017-08-09,199.29,201.92,198.25,201.0,1353947.0
2017-08-10,200.67,200.99,198.04,198.28,1122782.0
2017-08-11,198.52,199.86,197.8,197.89,1105954.0
2017-08-14,199.17,200.5,198.49,200.3,1192199.0
2017-08-15,200.56,200.56,198.89,199.49,1017912.0
2017-08-16,200.0,201.33,199.63,200.61,876402.0
2017-08-17,199.36,200.1,197.89,197.99,1020539.0
2017-08-18,198.38,199.8,196.77,198.73,1581719.0
2017-08-21,198.74,199.03,196.89,198.73,1201841.0
2017-08-22,199.45,201.58,198.99,201.23,877459.0
2017-08-23,200.7,201.17,199.4,199.75,831294.0
2017-08-24,200.22,200.27,198.75,199.47,723525.0
2017-08-25,200.32,200.76,198.94,199.05,651470.0
2017-08-28,199.91,199.91,197.7,197.87,807772.0
2017-08-29,198.27,201.02,198.25,200.95,984668.0
2017-08-30,200.95,201.26,200.07,201.22,893742.0
2017-08-31,201.74,202.27,201.16,201.35,842702.0
2017-09-01,201.77,201.87,199.98,200.0,734674.0
2017-09-05,200.91,200.91,198.14,198.73,1198185.0
2017-09-06,199.55,199.58,196.65,196.74,997802.0
2017-09-07,197.0,197.75,195.7,197.04,977095.0
2017-09-08,196.52,198.4,196.0,197.87,614677.0
2017-09-11,198.62,200.5,198.57,200.33,1048908.0
2017-09-12,199.89,200.31,198.57,199.0,749409.0
2017-09-13,198.3,198.5,196.8,196.85,853169.0
2017-09-14,196.63,197.81,196.45,197.63,920014.0
2017-09-15,198.1,198.72,197.6,198.27,2095613.0
2017-09-18,199.0,202.35,198.86,202.18,1313088.0
2017-09-19,201.91,203.94,201.26,203.12,784144.0
2017-09-20,202.78,205.29,202.7,204.27,1308204.0
2017-09-21,204.56,206.57,204.0,205.72,860562.0
2017-09-22,206.09,206.51,204.63,205.41,1040753.0
2017-09-25,205.5,205.5,203.22,204.87,1202818.0
2017-09-26,205.05,206.21,204.73,205.33,705505.0
2017-09-27,205.77,207.6,205.35,206.8,903704.0
2017-09-28,205.87,206.06,204.41,205.03,638864.0
2017-09-29,204.83,205.71,204.02,205.58,732241.0
2017-10-02,206.43,208.76,206.04,208.72,721866.0
2017-10-03,208.72,210.94,208.42,210.53,907384.0
2017-10-04,210.05,211.64,209.92,211.3,843089.0
2017-10-05,210.76,214.11,210.62,213.45,1215314.0
2017-10-06,212.86,213.29,211.73,212.6,941919.0
2017-10-09,213.02,213.59,212.24,213.53,671581.0
2017-10-10,214.0,214.08,212.01,212.55,642548.0
2017-10-11,212.94,213.1,212.23,212.83,704948.0
2017-10-12,212.48,213.98,212.48,213.72,727206.0
2017-10-13,214.5,214.81,213.28,213.34,782786.0
2017-10-16,213.5,214.55,212.56,213.44,747983.0
2017-10-17,212.75,213.33,210.95,211.54,769992.0
2017-10-18,211.3,212.0,209.86,210.39,945717.0
2017-10-19,210.3,211.95,209.71,211.64,674509.0
2017-10-20,212.59,214.02,211.73,213.86,899469.0
2017-10-23,213.86,214.17,212.47,212.51,837312.0
2017-10-24,212.51,214.81,211.86,212.08,1350873.0
2017-10-25,208.2,211.25,206.01,207.25,2000752.0
2017-10-26,208.18,208.5,202.03,203.91,1474183.0
2017-10-27,204.5,205.68,204.1,204.99,1255138.0
2017-10-30,204.82,206.93,204.82,206.17,1259722.0
2017-10-31,206.36,206.36,202.93,202.98,995843.0
2017-11-01,203.57,204.21,200.54,201.62,1735276.0
2017-11-02,201.73,204.18,201.31,203.82,1079252.0
2017-11-03,204.32,205.5,203.25,204.06,995303.0
2017-11-06,204.0,204.02,202.34,202.37,739956.0
2017-11-07,202.37,203.86,202.21,203.76,918008.0
2017-11-08,203.89,203.96,202.5,202.62,841222.0
2017-11-09,202.17,202.38,198.6,198.87,1363660.0
2017-11-10,198.85,201.87,198.08,199.77,929810.0
2017-11-13,199.13,201.75,199.02,200.13,912161.0
2017-11-14,199.25,201.05,199.01,200.22,813640.0
2017-11-15,199.45,201.65,198.85,198.99,1069094.0
2017-11-16,199.49,200.17,198.67,199.22,1103818.0
2017-11-17,198.26,199.56,197.75,197.77,763303.0
2017-11-20,198.01,199.4,197.71,198.74,1284180.0
2017-11-21,198.72,200.34,197.88,200.1,1190783.0
2017-11-22,199.82,200.65,199.22,200.04,921844.0
2017-11-24,200.19,200.76,199.89,200.0,411418.0
2017-11-27,200.0,201.35,199.76,201.07,1026736.0
2017-11-28,201.89,204.73,201.15,204.19,1159375.0
2017-11-29,204.61,204.96,203.65,204.17,724924.0
2017-11-30,204.21,207.85,203.75,207.16,1912229.0
2017-12-01,207.11,207.18,199.79,202.64,1311450.0
2017-12-04,203.75,204.61,201.14,201.69,1705994.0
2017-12-05,202.42,202.52,199.83,199.91,960216.0
2017-12-06,199.93,201.34,199.93,200.21,1223175.0
2017-12-07,199.89,201.16,199.28,200.17,1236080.0
2017-12-08,200.24,201.21,198.87,201.07,1344610.0
2017-12-11,201.2,201.33,199.31,199.64,804185.0
2017-12-12,197.91,198.48,196.07,196.18,1960978.0
2017-12-13,196.67,198.14,196.39,196.63,1417919.0
2017-12-14,198.07,198.43,195.69,196.22,1136754.0
2017-12-15,196.33,199.89,196.33,198.84,1981955.0
2017-12-18,199.16,199.32,196.75,198.45,1559225.0
2017-12-19,198.6,200.54,198.13,199.83,1299960.0
2017-12-20,200.08,201.77,199.95,201.3,1049803.0
2017-12-21,201.45,203.16,200.69,202.48,1501971.0
2017-12-22,203.0,203.45,202.16,202.64,788264.0
2017-12-26,202.85,203.73,201.69,201.97,574989.0
2017-12-27,202.01,203.36,201.18,202.72,600968.0
2017-12-28,203.45,204.04,202.78,203.86,692771.0
2017-12-29,204.0,204.64,203.21,203.45,768774.0
2018-01-02,203.54,204.0,199.97,200.49,1587962.0
2018-01-03,200.21,202.15,199.5,201.74,1692731.0
2018-01-04,202.37,205.53,201.83,205.21,1473247.0
2018-01-05,205.98,206.25,203.63,204.7,1722578.0
2018-01-08,204.85,205.58,204.32,204.7,1044873.0
2018-01-09,205.49,206.98,205.0,205.88,1290162.0
2018-01-10,205.0,206.05,204.25,204.75,957237.0
2018-01-11,204.79,206.17,204.7,205.51,1246208.0
2018-01-12,206.53,211.75,205.59,210.59,1892695.0
2018-01-16,211.01,211.62,206.0,206.33,1753762.0
2018-01-17,207.76,209.05,206.79,208.52,1421048.0
2018-01-18,208.36,209.44,207.19,207.8,1241899.0
2018-01-19,209.41,209.41,207.53,209.1,1413853.0
2018-01-22,209.08,209.23,207.04,208.2,1894976.0
2018-01-23,208.3,208.79,206.83,207.48,2277417.0
2018-01-24,202.99,220.16,201.4,219.27,4176208.0
2018-01-25,220.0,227.71,219.6,226.53,3237685.0
2018-01-26,224.95,226.55,221.67,226.24,1977734.0
2018-01-29,226.5,229.54,225.23,225.5,1737681.0
2018-01-30,224.91,225.87,222.3,224.28,1590173.0
2018-01-31,226.09,226.91,222.38,222.48,1833611.0
2018-02-01,222.39,227.82,222.0,225.21,1780467.0
2018-02-02,220.84,225.44,220.84,221.72,1377865.0
2018-02-05,220.44,222.35,208.91,211.22,2376045.0
2018-02-06,206.32,213.09,203.9,212.46,2901431.0
2018-02-07,212.41,218.62,212.01,214.95,1962078.0
2018-02-08,216.13,217.23,205.97,206.05,1969937.0
2018-02-09,208.12,214.33,206.96,212.1,2682433.0
2018-02-12,214.17,215.09,207.87,209.53,2698764.0
2018-02-13,207.91,212.69,207.5,211.81,2556524.0
2018-02-14,211.1,218.4,210.6,218.25,2475587.0
2018-02-15,224.38,225.4,220.72,225.4,2624474.0
2018-02-16,225.6,226.0,222.5,224.19,1939244.0
2018-02-20,223.0,224.08,221.18,221.83,1211076.0
2018-02-21,221.44,224.89,220.73,220.75,1151117.0
2018-02-22,221.68,222.58,219.76,220.14,897624.0
2018-02-23,221.45,222.16,219.87,221.0,1034326.0
2018-02-26,222.97,227.28,222.01,226.78,1445913.0
2018-02-27,226.49,227.78,223.87,223.89,1083418.0
2018-02-28,224.6,226.39,222.45,222.45,1028003.0
2018-03-01,222.98,225.6,218.0,219.15,2009589.0
2018-03-02,217.73,224.02,217.65,223.34,2058611.0
2018-03-05,220.64,224.76,219.3,224.64,1965585.0
2018-03-06,225.08,225.44,223.16,224.81,1337306.0
2018-03-07,222.55,226.48,221.38,226.28,1238314.0
2018-03-08,227.0,227.05,224.48,226.65,1054687.0
2018-03-09,227.94,230.0,226.74,229.95,1309024.0
2018-03-12,229.5,229.95,223.93,224.64,1218931.0
2018-03-13,225.92,226.87,222.83,223.35,1165646.0
2018-03-14,224.59,224.62,220.59,221.69,1003034.0
2018-03-15,222.51,223.87,221.26,222.6,871691.0
2018-03-16,223.46,223.88,221.28,222.74,1980376.0
2018-03-19,222.65,224.33,221.05,223.9,907923.0
2018-03-20,224.41,226.9,224.1,225.38,798066.0
2018-03-21,225.37,226.17,223.74,223.75,896986.0
2018-03-22,222.25,223.98,217.83,218.37,1172057.0
2018-03-23,218.5,224.47,218.5,218.81,1437906.0
2018-03-26,221.93,223.82,220.87,223.47,1319031.0
2018-03-27,225.0,225.78,219.79,221.07,1135094.0
2018-03-28,221.72,221.88,216.7,217.28,1722428.0
2018-03-29,219.59,223.46,218.02,220.9,1945518.0
2018-04-02,220.51,222.03,215.55,218.88,1345437.0
2018-04-03,219.95,221.45,217.21,220.32,1387657.0
2018-04-04,215.15,218.7,214.27,218.54,2753319.0
2018-04-05,220.44,221.71,218.35,221.22,2209212.0
2018-04-06,219.48,220.66,213.77,215.74,1496133.0
2018-04-09,217.01,218.25,214.54,214.96,1256927.0
2018-04-10,217.89,218.31,213.91,214.45,1703374.0
2018-04-11,214.0,217.48,214.0,216.32,1173569.0
2018-04-12,216.37,219.24,216.16,218.22,1248239.0
2018-04-13,219.42,219.82,217.18,218.41,942629.0
2018-04-16,219.73,220.49,218.34,218.4,1381439.0
2018-04-17,219.28,222.81,219.24,221.41,1143123.0
2018-04-18,224.62,227.7,223.51,225.49,1470672.0
2018-04-19,225.55,225.72,222.98,224.98,1027343.0
2018-04-20,225.88,225.88,222.48,223.11,1280058.0
2018-04-23,222.92,226.12,222.92,225.96,1822547.0
2018-04-24,227.75,229.74,218.08,222.02,2912523.0
2018-04-25,215.91,217.99,207.2,214.53,4583895.0
2018-04-26,214.92,215.52,210.46,211.75,2415280.0
2018-04-27,211.74,212.0,203.28,203.71,2217862.0
2018-04-30,203.79,205.25,201.24,201.31,2569934.0
2018-05-01,201.15,201.15,194.47,197.3,2926508.0
2018-05-02,197.3,200.5,195.51,195.68,1906427.0
2018-05-03,194.85,196.71,191.0,195.0,2053788.0
2018-05-04,193.96,195.75,193.19,195.07,1499409.0
2018-05-07,195.97,198.57,195.0,196.45,1281433.0
2018-05-08,196.97,199.93,196.01,199.62,2150214.0
2018-05-09,200.3,202.11,199.59,201.05,1755137.0
2018-05-10,201.71,203.0,200.9,201.67,1092360.0
2018-05-11,201.36,204.47,201.36,203.92,1296865.0
2018-05-14,203.68,204.44,201.11,203.07,1522397.0
2018-05-15,202.16,202.83,200.08,201.65,1012215.0
2018-05-16,202.0,202.7,200.23,200.5,1009864.0
2018-05-17,200.43,202.1,200.3,201.76,1207736.0
2018-05-18,201.38,203.64,201.38,202.52,2016935.0
2018-05-21,204.14,206.07,203.29,205.77,1088121.0
2018-05-22,205.63,205.77,204.09,204.37,1299227.0
2018-05-23,202.81,205.77,202.38,205.56,1111468.0
2018-05-24,205.63,208.88,205.19,208.73,1408995.0
2018-05-25,208.25,208.69,207.02,208.12,1179897.0
2018-05-29,206.34,206.79,200.09,201.81,1661837.0
2018-05-30,202.24,204.57,201.12,204.04,1241276.0
2018-05-31,204.05,204.47,201.59,201.71,1867939.0
2018-06-01,203.7,204.67,202.65,203.47,955018.0
2018-06-04,203.91,204.66,202.11,202.6,1125595.0
2018-06-05,202.17,202.91,199.82,201.1,1659399.0
2018-06-06,201.83,202.05,200.07,201.51,1601399.0
2018-06-07,201.98,203.34,201.5,202.85,853294.0
2018-06-08,202.67,202.99,199.05,202.58,1320877.0
2018-06-11,202.68,204.11,201.62,201.7,1077442.0
2018-06-12,201.32,202.53,197.53,198.5,2190375.0
2018-06-13,198.24,201.27,198.08,199.82,2036984.0
2018-06-14,200.9,201.0,195.51,195.82,2384468.0
2018-06-15,194.53,195.9,193.33,195.8,2854259.0
2018-06-18,194.73,196.5,194.61,195.97,1419312.0
2018-06-19,194.0,194.76,190.53,190.69,1530918.0
2018-06-20,191.08,191.95,190.18,191.4,1049610.0
2018-06-21,190.44,191.66,187.31,188.43,2401607.0
2018-06-22,190.1,190.14,187.46,189.38,1703453.0
2018-06-25,188.26,190.12,187.05,189.1,1288909.0
2018-06-26,189.27,189.96,187.86,188.8,1435070.0
2018-06-27,189.16,190.72,185.85,185.89,1762221.0
2018-06-28,186.12,188.25,184.21,187.44,1070562.0
2018-06-29,188.01,188.63,186.28,186.41,1580993.0
2018-07-02,185.19,187.54,184.65,187.37,1036925.0
2018-07-03,188.45,193.35,188.0,189.69,1765392.0
2018-07-05,189.41,189.86,187.66,188.7,1498677.0
2018-07-06,188.57,190.18,187.31,188.84,1484484.0
2018-07-09,189.21,192.3,188.7,191.54,1249607.0
2018-07-10,192.23,194.31,191.77,192.8,1353727.0
2018-07-11,192.04,192.08,190.83,191.51,1005204.0
2018-07-12,193.01,194.06,191.92,193.64,1333701.0
2018-07-13,193.24,195.07,192.47,192.74,1838778.0
2018-07-16,193.14,193.75,190.7,191.5,1163866.0
2018-07-17,191.53,192.55,190.46,192.32,1210836.0
2018-07-18,192.25,195.92,191.22,195.43,1522669.0
2018-07-19,194.94,195.72,193.44,194.35,1086911.0
2018-07-20,193.89,196.13,193.69,195.28,965008.0
2018-07-23,195.28,195.57,192.78,193.23,1213507.0
2018-07-24,195.0,198.8,193.69,196.75,2108540.0
2018-07-25,198.8,204.06,195.41,203.45,2556116.0
2018-07-26,202.02,203.68,199.34,200.48,2346798.0
2018-07-27,201.35,202.05,197.98,198.65,1203424.0
2018-07-30,198.65,200.21,195.98,196.26,1064430.0
2018-07-31,198.55,200.35,197.6,199.76,2239269.0
2018-08-01,199.39,199.89,195.56,196.01,1465087.0
2018-08-02,194.18,196.83,193.27,194.94,2201000.0
2018-08-03,194.04,194.54,191.85,194.09,2613355.0
2018-08-06,193.68,193.77,192.12,193.52,2042784.0
2018-08-07,194.97,196.41,194.22,196.28,1208447.0
2018-08-08,196.27,196.44,194.02,195.13,1051217.0
2018-08-09,194.98,195.3,192.4,192.57,861599.0
2018-08-10,192.38,192.77,190.66,191.81,954278.0
2018-08-13,191.93,192.78,190.48,191.84,813145.0
2018-08-14,192.0,194.17,191.75,193.63,779140.0
2018-08-15,192.83,193.47,190.77,192.31,1121022.0
2018-08-16,192.63,194.06,191.98,192.44,999914.0
2018-08-17,192.8,194.03,192.23,193.68,808145.0
2018-08-20,194.25,195.57,193.86,194.92,936044.0
2018-08-21,194.65,195.62,193.83,194.96,1013396.0
2018-08-22,194.39,194.91,192.27,192.48,806725.0
2018-08-23,192.38,192.99,191.4,191.59,855541.0
2018-08-24,192.0,192.65,191.37,192.59,619099.0
2018-08-27,193.0,195.77,193.0,195.29,885311.0
2018-08-28,196.2,196.4,194.93,195.62,1015079.0
2018-08-29,195.43,195.95,193.71,194.71,976789.0
2018-08-30,194.41,196.15,192.05,192.51,1016179.0
2018-08-31,191.59,193.6,191.35,193.4,1032452.0
2018-09-04,192.48,193.38,191.4,192.61,741076.0
2018-09-05,191.85,194.35,191.64,193.98,1162590.0
2018-09-06,194.4,195.94,194.2,195.24,741405.0
2018-09-07,194.77,195.42,193.75,194.71,998094.0
2018-09-10,195.19,196.9,195.04,195.69,1083615.0
2018-09-11,194.73,196.6,194.7,196.06,960738.0
2018-09-12,195.57,197.01,195.5,196.2,886573.0
2018-09-13,197.13,198.81,196.92,198.57,949259.0
2018-09-14,198.63,200.63,198.34,200.51,998183.0
2018-09-17,200.63,202.88,200.34,202.43,1072419.0
2018-09-18,202.8,204.95,202.43,204.61,1050935.0
2018-09-19,204.79,206.38,203.43,204.01,1363927.0
2018-09-20,204.5,205.17,200.45,202.86,1347655.0
2018-09-21,204.09,206.15,203.76,204.66,2464232.0
2018-09-24,204.3,204.61,202.28,202.83,1133634.0
2018-09-25,202.68,203.87,201.73,203.48,877343.0
2018-09-26,203.5,203.97,201.49,201.86,1223308.0
2018-09-27,202.27,202.53,201.09,202.08,947299.0
2018-09-28,201.98,204.99,201.11,204.72,1569650.0
2018-10-01,206.0,206.19,204.56,205.5,830613.0
2018-10-02,205.77,205.94,204.06,204.98,797917.0
2018-10-03,205.71,206.63,204.67,205.72,1095981.0
2018-10-04,204.3,206.18,203.81,205.91,970363.0
2018-10-05,206.09,207.72,205.51,206.32,1923303.0
2018-10-08,206.03,207.47,205.33,207.16,1528948.0
2018-10-09,206.54,207.0,204.01,204.16,931893.0
2018-10-10,204.16,204.16,197.72,197.82,1648190.0
2018-10-11,197.77,198.16,192.66,192.94,2066005.0
2018-10-12,195.64,195.65,189.42,191.85,1310429.0
2018-10-15,192.06,194.4,191.92,192.63,1044509.0
2018-10-16,193.29,195.19,191.77,194.71,1081877.0
2018-10-17,195.43,196.04,193.41,193.84,1014936.0
2018-10-18,192.29,193.68,190.0,191.22,1072906.0
2018-10-19,191.44,192.33,190.23,190.26,942810.0
2018-10-22,190.91,191.76,189.0,190.14,1138173.0
2018-10-23,187.62,190.08,186.75,187.75,1914380.0
2018-10-24,184.84,186.0,172.86,173.24,4887617.0
2018-10-25,172.98,173.77,169.32,170.6,3254619.0
2018-10-26,168.71,171.88,167.27,169.86,2877247.0
2018-10-29,170.72,172.52,164.76,167.04,2586698.0
2018-10-30,167.38,172.62,166.44,171.89,2405798.0
2018-10-31,173.51,175.62,172.24,172.58,2215340.0
2018-11-01,173.27,179.33,173.19,178.4,1848498.0
2018-11-02,178.97,181.82,176.44,176.98,3515873.0
2018-11-05,177.54,179.89,176.88,177.97,2455793.0
2018-11-06,177.68,182.84,177.68,182.2,1637152.0
2018-11-07,184.82,185.33,182.14,185.03,1879173.0
2018-11-08,185.02,185.81,184.03,184.56,1316992.0
2018-11-09,183.36,185.15,183.0,184.5,1245220.0
2018-11-12,184.96,185.52,180.59,181.01,1146992.0
2018-11-13,181.76,183.93,179.45,180.08,1298412.0
2018-11-14,181.44,182.47,178.94,179.84,1790392.0
2018-11-15,178.0,182.54,177.5,182.34,1206658.0
2018-11-16,181.34,184.91,180.88,183.06,1584879.0
2018-11-19,183.16,183.16,178.49,179.38,986715.0
2018-11-20,176.54,177.49,175.16,175.92,1546815.0
2018-11-21,177.0,178.63,176.26,176.75,1112983.0
2018-11-23,175.98,179.46,175.29,178.26,447167.0
2018-11-26,179.52,180.59,177.45,179.69,1370127.0
2018-11-27,178.55,179.47,176.5,178.64,1524829.0
2018-11-28,179.34,183.71,179.04,182.03,1589828.0
2018-11-29,181.66,183.24,180.84,182.17,1823219.0
2018-11-30,182.35,185.04,182.35,184.89,1647051.0
2018-12-03,187.06,187.47,180.79,181.57,1399249.0
2018-12-04,180.41,180.85,172.97,173.18,1760593.0
2018-12-06,170.89,171.92,165.3,171.02,2481726.0
2018-12-07,170.54,173.53,166.71,167.38,1779150.0
2018-12-10,169.19,173.6,168.55,172.2,2253745.0
2018-12-11,174.56,177.68,170.88,172.27,2391689.0
2018-12-12,174.54,175.36,171.0,171.22,3235232.0
2018-12-13,172.16,173.19,170.5,171.01,2760726.0
2018-12-14,169.29,171.41,168.54,168.97,1898214.0
2018-12-17,168.59,168.84,162.47,163.45,2420585.0
2018-12-18,164.71,166.5,161.82,162.81,1688897.0
2018-12-19,161.8,163.78,157.16,158.99,2088729.0
2018-12-20,158.02,159.12,153.01,154.61,2494783.0
2018-12-21,151.65,154.99,149.77,150.49,4348257.0
2018-12-24,148.76,149.68,145.34,148.21,1572169.0
2018-12-26,147.95,152.26,143.87,152.17,2180697.0
2018-12-27,150.35,155.17,148.63,155.12,1720279.0
2018-12-28,155.99,157.36,154.27,155.32,1455825.0
2018-12-31,156.41,157.21,155.39,157.21,1223431.0
2019-01-02,155.32,157.46,153.82,157.26,1276344.0
2019-01-03,156.0,156.73,152.44,153.37,1436004.0
2019-01-04,155.35,157.83,154.12,157.77,1839965.0
2019-01-07,157.63,159.67,155.93,158.65,1047431.0
2019-01-08,159.29,159.92,156.75,158.66,1350339.0
2019-01-09,159.26,161.51,159.16,160.9,1483825.0
2019-01-10,160.27,162.55,159.37,162.43,1131560.0
2019-01-11,161.28,163.85,160.9,163.81,1239323.0
2019-01-14,162.3,164.94,162.24,164.53,1367952.0
2019-01-15,164.85,165.39,162.39,163.14,1906833.0
2019-01-16,162.79,164.68,162.69,163.6,1090766.0
2019-01-17,162.0,166.83,161.75,165.72,976433.0
2019-01-18,167.0,170.13,166.24,168.58,1665849.0
2019-01-22,167.65,168.79,165.56,167.22,1298110.0
2019-01-23,168.48,169.91,166.14,168.81,1199772.0
2019-01-24,169.19,172.5,169.19,170.82,1329668.0
2019-01-25,172.65,172.9,170.8,171.22,1192090.0
2019-01-28,169.68,172.26,169.22,172.19,1285015.0
2019-01-29,172.73,176.16,172.73,176.0,1573800.0
2019-01-30,169.84,171.35,165.02,170.91,4073435.0
2019-01-31,169.18,173.3,169.08,171.17,2162600.0
2019-02-01,171.38,172.0,168.25,169.03,1716653.0
2019-02-04,169.38,174.61,169.22,174.61,1664657.0
2019-02-05,174.61,174.95,171.99,172.22,1583308.0
2019-02-06,171.98,174.53,171.98,172.76,1180302.0
2019-02-07,172.12,173.64,170.45,173.59,1538450.0
2019-02-08,172.86,173.27,171.3,172.12,2255589.0
2019-02-11,172.47,172.9,170.68,170.93,1159739.0
2019-02-12,171.63,173.19,171.38,172.76,1303432.0
2019-02-13,173.44,174.38,173.01,173.48,1053570.0
2019-02-14,173.02,173.08,171.49,172.1,843005.0
2019-02-15,172.54,175.4,171.69,175.24,1222893.0
2019-02-19,175.0,175.47,173.72,174.78,902428.0
2019-02-20,174.88,175.31,173.45,174.45,1038486.0
2019-02-21,174.18,174.31,170.89,171.63,979825.0
2019-02-22,172.17,172.72,171.63,172.54,1388412.0
2019-02-25,174.04,174.36,172.98,173.14,951883.0
2019-02-26,172.81,173.04,169.9,170.0,1424101.0
2019-02-27,169.4,169.99,168.23,169.34,1514879.0
2019-02-28,169.2,170.98,168.89,170.22,1739728.0
2019-03-01,171.0,171.03,168.57,169.28,1109092.0
2019-03-04,170.4,170.4,166.46,166.75,1706529.0
2019-03-05,166.75,168.38,166.75,168.03,1837263.0
2019-03-06,167.88,168.83,166.39,166.47,1080739.0
2019-03-07,166.18,166.54,163.93,166.34,1218271.0
2019-03-08,165.18,166.32,164.12,166.14,1324098.0
2019-03-11,165.12,169.86,164.68,169.51,1443774.0
2019-03-12,169.56,170.53,168.5,168.77,1452510.0
2019-03-13,169.43,173.1,169.03,171.72,1244743.0
2019-03-14,171.37,171.71,169.53,169.59,1261396.0
2019-03-15,169.64,170.96,168.66,169.79,3972139.0
2019-03-18,169.77,171.99,169.67,171.67,1718762.0
2019-03-19,172.5,173.48,170.36,170.72,1314776.0
2019-03-20,170.69,170.97,168.36,168.49,871287.0
2019-03-21,168.35,170.36,168.18,169.83,702536.0
2019-03-22,169.4,169.54,165.71,165.85,816523.0
2019-03-25,166.28,167.21,165.43,166.62,853981.0
2019-03-26,167.92,168.5,165.92,166.9,905911.0
2019-03-27,167.29,168.58,165.65,166.56,712115.0
2019-03-28,167.19,168.2,166.06,167.76,859052.0
2019-03-29,168.87,169.43,168.5,169.28,1333670.0
2019-04-01,170.25,172.77,170.04,172.31,1055123.0
2019-04-02,171.92,172.2,169.52,169.94,1367808.0
2019-04-03,170.6,170.6,166.75,167.75,1484859.0
2019-04-04,168.0,170.37,167.82,169.17,1062064.0
2019-04-05,169.26,171.13,168.59,171.12,1240361.0
2019-04-08,170.52,172.53,170.1,172.3,1159753.0
2019-04-09,171.17,171.57,169.06,169.17,1037087.0
2019-04-10,169.22,169.83,167.61,169.37,926839.0
2019-04-11,168.79,171.65,168.39,171.43,1212411.0
2019-04-12,172.67,175.49,172.05,174.93,1454065.0
2019-04-15,174.37,174.75,171.5,172.0,1601544.0
2019-04-16,172.7,174.73,172.7,173.74,931728.0
2019-04-17,175.0,176.48,174.27,174.53,988403.0
2019-04-18,174.9,177.0,174.51,176.85,1348448.0
2019-04-22,175.87,177.86,175.27,177.03,1467058.0
2019-04-23,179.66,183.13,178.8,182.37,1948133.0
2019-04-24,193.11,193.11,180.24,180.73,3087278.0
2019-04-25,179.74,180.22,175.92,176.88,1799148.0
2019-04-26,177.14,178.15,176.15,178.07,852316.0
2019-04-29,178.0,179.64,177.6,179.21,844938.0
2019-04-30,179.55,179.98,176.72,178.72,1213173.0
2019-05-01,179.12,179.93,176.35,176.39,1224102.0
2019-05-02,175.81,176.35,172.8,174.57,2036484.0
2019-05-03,175.24,176.79,175.08,176.69,1354422.0
2019-05-06,173.6,175.71,172.61,175.36,992091.0
2019-05-07,173.4,173.98,169.94,170.48,1614675.0
2019-05-08,170.38,170.74,167.89,168.29,2021505.0
2019-05-09,167.58,173.16,167.17,172.05,2037670.0
2019-05-10,170.74,173.54,169.49,173.08,1254326.0
2019-05-13,170.54,171.02,166.79,167.99,1762657.0
2019-05-14,168.04,170.41,167.82,168.49,847924.0
2019-05-15,167.02,169.23,165.65,167.72,787512.0
2019-05-16,168.33,170.43,168.1,169.85,634249.0
2019-05-17,167.86,168.41,166.1,166.37,998067.0
2019-05-20,168.11,170.45,167.39,169.29,1359168.0
2019-05-21,170.2,172.02,169.84,171.45,1182263.0
2019-05-22,170.59,171.21,168.43,169.28,939232.0
2019-05-23,167.77,168.25,162.69,163.58,1883638.0
2019-05-24,163.91,164.82,161.46,164.03,1508119.0
2019-05-28,164.28,165.44,163.07,163.66,2609727.0
2019-05-29,163.55,163.95,161.86,162.31,1204148.0
2019-05-30,162.46,163.65,161.6,162.23,839595.0
2019-05-31,160.44,161.58,160.21,160.82,1306330.0
2019-06-03,161.37,165.49,161.03,163.15,1515265.0
2019-06-04,164.27,167.91,164.27,167.78,1034430.0
2019-06-05,168.33,171.97,168.23,171.94,1251641.0
2019-06-06,171.93,172.6,169.68,171.98,862066.0
2019-06-07,173.15,174.38,172.48,173.97,973389.0
2019-06-10,175.8,176.44,173.17,173.39,1054464.0
2019-06-11,174.04,174.44,168.53,169.73,853862.0
2019-06-12,169.92,170.43,168.68,170.04,585501.0
2019-06-13,170.16,171.94,169.45,171.94,1128028.0
2019-06-14,172.25,172.25,170.13,171.25,724379.0
2019-06-17,171.69,172.43,170.38,171.78,924973.0
2019-06-18,172.58,174.87,172.37,173.59,857781.0
2019-06-19,174.23,174.48,172.55,173.62,531707.0
2019-06-20,175.84,178.41,174.39,177.96,1265964.0
2019-06-21,178.13,178.33,175.8,177.43,1851348.0
2019-06-24,176.71,178.29,176.33,177.82,976333.0
2019-06-25,178.07,178.81,177.1,177.64,763492.0
2019-06-26,177.25,179.75,176.87,178.9,1334099.0
2019-06-27,178.97,178.97,176.7,177.72,966477.0
2019-06-28,178.12,182.08,178.12,181.82,2450800.0
2019-07-01,183.33,184.35,181.53,182.54,1141792.0
2019-07-02,183.25,183.62,182.08,183.57,928214.0
2019-07-03,182.78,182.89,180.95,182.65,533590.0
2019-07-05,181.8,182.48,180.27,182.28,481765.0
2019-07-08,181.22,182.93,180.58,181.47,822894.0
2019-07-09,180.14,180.98,179.12,180.83,1378755.0
2019-07-10,182.35,183.86,181.57,182.54,887007.0
2019-07-11,182.53,183.63,182.37,183.6,707975.0
2019-07-12,184.56,185.95,183.7,185.84,827482.0
2019-07-15,185.84,186.84,185.45,186.4,1215282.0
2019-07-16,186.91,187.48,186.56,186.89,1078244.0
2019-07-17,185.73,186.05,183.43,183.55,2259796.0
2019-07-18,183.55,183.55,180.59,183.18,1237337.0
2019-07-19,184.11,184.87,183.65,183.85,939851.0
2019-07-22,183.83,185.01,183.12,184.62,702550.0
2019-07-23,185.91,186.0,183.63,185.97,1150627.0
2019-07-24,185.98,189.56,185.05,187.64,1368566.0
2019-07-25,187.39,189.0,185.5,187.61,1106288.0
2019-07-26,187.28,189.9,186.44,189.73,1745207.0
2019-07-29,189.72,190.16,188.75,189.83,924153.0
2019-07-30,189.13,189.46,187.46,189.12,939500.0
2019-07-31,189.03,189.66,184.8,185.94,1187422.0
2019-08-01,185.59,186.74,182.46,183.43,1273189.0
2019-08-02,183.34,183.58,181.14,181.97,941661.0
2019-08-05,179.97,179.99,175.03,176.77,1197748.0
2019-08-06,178.35,180.73,176.77,180.67,886416.0
2019-08-07,178.36,181.52,177.51,180.85,1003307.0
2019-08-08,182.66,185.1,182.07,184.17,778632.0
2019-08-09,183.32,185.13,182.75,184.1,719639.0
2019-08-12,183.19,183.4,180.62,181.35,563009.0
2019-08-13,181.15,184.61,180.65,183.11,803840.0
2019-08-14,181.96,182.31,179.7,180.83,1555554.0
2019-08-15,180.83,182.86,180.19,182.22,1200970.0
2019-08-16,183.69,186.39,183.35,184.35,1450866.0
2019-08-19,186.53,188.02,185.9,187.59,758215.0
2019-08-20,186.73,187.86,186.09,187.17,941717.0
2019-08-21,189.0,189.04,186.67,188.48,1012876.0
2019-08-22,189.06,189.31,186.1,187.55,633973.0
2019-08-23,186.76,189.27,182.47,183.55,1619705.0
2019-08-26,185.23,185.71,182.2,184.65,632074.0
2019-08-27,185.32,185.64,182.58,183.36,628268.0
2019-08-28,182.79,185.62,182.13,185.44,535358.0
2019-08-29,186.85,189.84,186.45,189.47,1301974.0
2019-08-30,190.5,192.22,190.0,191.27,1153661.0
2019-09-03,190.04,190.82,187.17,189.28,837594.0
2019-09-04,191.02,192.11,190.17,190.71,964521.0
2019-09-05,192.45,193.64,191.68,192.27,818565.0
2019-09-06,193.09,193.76,192.04,192.67,698959.0
2019-09-09,192.84,193.0,187.53,188.07,1612281.0
2019-09-10,187.7,187.87,185.4,187.87,1097415.0
2019-09-11,187.86,188.62,186.35,188.6,836537.0
2019-09-12,190.0,190.0,187.13,189.41,1042640.0
2019-09-13,190.15,190.23,189.01,189.96,1064554.0
2019-09-16,190.84,191.67,188.35,190.97,1550910.0
2019-09-17,192.58,192.58,189.56,191.31,1223102.0
2019-09-18,191.06,191.06,187.9,190.3,1238760.0
2019-09-19,189.14,190.19,187.01,188.13,1301692.0
2019-09-20,188.68,189.0,186.07,187.37,7649932.0
2019-09-23,186.25,188.56,185.06,186.79,1367390.0
2019-09-24,187.97,188.85,184.41,184.7,1833077.0
2019-09-25,185.45,186.41,184.56,186.0,1759220.0
2019-09-26,186.52,186.81,185.22,186.0,1180280.0
2019-09-27,186.81,186.89,182.54,183.02,1144014.0
2019-09-30,183.36,184.32,182.66,182.73,1187730.0
2019-10-01,183.84,184.54,177.63,178.71,1582861.0
2019-10-02,177.54,178.26,174.12,174.41,1208700.0
2019-10-03,174.31,175.0,172.01,174.88,888990.0
2019-10-04,175.0,176.89,173.75,176.64,912646.0
2019-10-07,176.23,178.2,175.82,176.7,941277.0
2019-10-08,175.65,178.48,174.82,176.5,1411069.0
2019-10-09,178.0,178.87,176.2,177.05,966448.0
2019-10-10,175.5,178.52,175.5,176.69,868024.0
2019-10-11,178.8,181.15,178.37,179.63,855801.0
2019-10-14,179.66,179.86,178.8,179.12,591969.0
2019-10-15,179.18,179.63,178.34,178.45,847711.0
2019-10-16,178.45,179.23,177.21,178.29,769309.0
2019-10-17,178.11,178.56,176.58,176.76,785210.0
2019-10-18,177.05,177.05,173.99,174.43,1107881.0
2019-10-21,175.3,176.92,174.65,175.45,944829.0
2019-10-22,175.32,180.06,175.32,179.88,1261790.0
2019-10-23,177.69,177.72,172.4,173.56,1998675.0
2019-10-24,175.98,177.76,174.63,174.67,2458291.0
2019-10-25,175.24,176.74,173.34,173.54,1894576.0
2019-10-28,174.28,175.97,173.97,174.93,1544560.0
2019-10-29,175.07,178.23,174.92,176.03,1856788.0
2019-10-30,176.44,178.69,176.0,178.24,1261966.0
2019-10-31,177.78,178.24,175.53,176.8,1373904.0
2019-11-01,178.03,180.19,178.03,179.73,1136081.0
2019-11-04,181.18,181.46,176.97,178.07,2483385.0
2019-11-05,177.93,179.69,177.1,179.3,2253305.0
2019-11-06,179.92,181.69,179.92,181.57,1445573.0
2019-11-07,182.0,183.23,181.53,182.95,1427546.0
2019-11-08,182.67,185.96,182.67,185.08,1446177.0
2019-11-11,184.25,184.86,182.46,184.35,684223.0
2019-11-12,184.05,185.65,183.53,185.28,852719.0
2019-11-13,185.31,186.08,184.08,184.72,961687.0
2019-11-14,184.59,185.81,184.52,185.19,739430.0
2019-11-15,186.34,187.92,185.82,187.08,1088454.0
2019-11-18,186.9,187.02,186.19,186.58,758689.0
2019-11-19,186.93,186.93,184.66,184.95,805453.0
2019-11-20,184.75,185.2,183.35,184.33,729218.0
2019-11-21,184.05,184.88,182.8,182.95,808820.0
2019-11-22,183.32,183.57,182.16,182.88,560156.0
2019-11-25,183.2,183.72,182.47,182.66,855126.0
2019-11-26,182.79,183.78,181.73,182.02,1849095.0
2019-11-27,182.44,182.88,181.64,182.35,1930415.0
2019-11-29,182.69,182.69,181.2,181.74,915649.0
2019-12-02,182.03,182.26,177.75,177.99,1963859.0
2019-12-03,177.0,178.2,175.7,177.04,2985857.0
2019-12-04,177.83,180.7,177.75,178.08,1409001.0
2019-12-05,179.0,182.58,178.7,182.37,2458339.0
2019-12-06,183.0,183.74,181.98,183.55,1467408.0
2019-12-09,183.04,183.93,182.25,183.17,1285874.0
2019-12-10,183.03,183.29,180.24,180.48,1191424.0
2019-12-11,180.28,180.57,177.57,179.27,1603020.0
2019-12-12,180.0,182.67,179.39,180.47,1204687.0
2019-12-13,179.9,180.92,178.41,179.03,968345.0
2019-12-16,179.42,180.89,178.85,180.59,1031499.0
2019-12-17,181.29,182.05,180.68,181.1,857514.0
2019-12-18,181.07,181.32,178.42,178.46,995103.0
2019-12-19,179.1,179.94,178.23,178.65,1161859.0
2019-12-20,178.76,179.54,178.11,178.33,1961946.0
2019-12-23,179.17,180.72,178.51,179.74,1404450.0
2019-12-24,180.02,180.08,178.27,178.82,321382.0
2019-12-26,179.12,179.27,177.41,178.19,664578.0
2019-12-27,178.39,178.94,177.14,177.49,781115.0
2019-12-30,177.54,177.87,175.77,176.01,886648.0
2019-12-31,175.98,176.87,175.32,176.35,726300.0
2020-01-02,177.45,179.04,176.92,178.43,1373344.0
2020-01-03,178.0,180.43,178.0,180.18,1662342.0
2020-01-06,181.55,182.98,181.0,182.09,1958569.0
2020-01-07,180.42,181.63,179.75,180.02,1470889.0
2020-01-08,180.2,181.94,179.6,180.48,1226453.0
2020-01-09,181.0,182.91,180.96,181.61,1582245.0
2020-01-10,181.51,181.79,179.41,179.51,831847.0
2020-01-13,180.24,182.09,180.04,181.13,898041.0
2020-01-14,181.0,181.53,179.66,180.97,917883.0
2020-01-15,181.07,182.96,181.07,181.61,1174680.0
2020-01-16,181.53,183.07,181.11,182.4,1289909.0
2020-01-17,182.78,183.12,181.48,181.89,1820104.0
2020-01-21,181.46,184.56,180.82,183.29,2074863.0
2020-01-22,183.86,185.58,183.09,183.1,1058679.0
2020-01-23,182.87,185.47,182.05,184.62,1146749.0
2020-01-24,185.23,185.81,184.33,185.07,925535.0
2020-01-27,182.36,183.73,181.59,182.57,1132390.0
2020-01-28,183.08,184.68,180.76,183.63,1534073.0
2020-01-29,183.92,184.42,179.61,183.47,2033164.0
2020-01-30,182.3,183.49,179.72,181.23,1842749.0
2020-01-31,180.24,180.91,174.79,175.44,2365852.0
2020-02-03,177.16,178.62,175.19,176.62,1605371.0
2020-02-04,179.24,180.66,179.0,179.53,1882518.0
2020-02-05,181.01,184.46,180.08,183.97,1273270.0
2020-02-06,185.65,187.31,185.2,186.13,1319635.0
2020-02-07,185.78,188.3,185.59,186.74,1715396.0
2020-02-10,186.51,188.47,185.34,186.25,1239910.0
2020-02-11,186.93,188.38,185.38,186.94,1599101.0
2020-02-12,187.36,188.75,186.44,188.75,1448043.0
2020-02-13,187.82,190.08,187.58,189.43,1546010.0
2020-02-14,189.36,189.4,186.62,188.06,1351868.0
2020-02-18,187.16,188.73,186.69,188.14,1139870.0
2020-02-19,188.23,188.69,186.33,186.55,1191255.0
2020-02-20,186.07,187.35,184.43,185.95,1247887.0
2020-02-21,184.91,187.86,183.61,187.6,1416928.0
2020-02-24,183.11,185.65,182.08,184.61,1857850.0
2020-02-25,184.95,185.64,173.27,173.92,2780129.0
2020-02-26,175.25,176.84,171.22,171.55,2737409.0
2020-02-27,169.18,172.69,165.53,166.14,2809533.0
2020-02-28,160.58,163.69,155.47,159.69,3829145.0
2020-03-02,160.56,165.23,157.6,165.03,2233308.0
2020-03-03,164.89,170.19,160.73,161.05,2418311.0
2020-03-04,163.44,169.72,161.21,168.28,2694732.0
2020-03-05,164.66,167.93,161.64,163.36,2951551.0
2020-03-06,159.35,164.19,157.11,163.03,1879412.0
2020-03-09,152.04,157.12,146.59,150.02,3241817.0
2020-03-10,155.01,155.64,149.61,155.3,2606861.0
2020-03-11,150.63,154.3,147.14,148.45,2753289.0
2020-03-12,137.64,139.46,128.53,132.23,5116173.0
2020-03-13,139.14,141.57,131.62,139.64,4187722.0
2020-03-16,126.26,137.1,126.26,126.7,3951441.0
2020-03-17,128.17,131.94,125.4,131.59,3327582.0
2020-03-18,123.39,126.32,115.71,121.11,2779973.0
2020-03-19,120.01,120.01,110.02,118.03,3248291.0
2020-03-20,118.19,121.84,113.28,113.99,3390521.0
2020-03-23,112.16,113.0,100.55,106.6,3724510.0
2020-03-24,112.21,116.03,110.58,114.21,3280783.0
2020-03-25,116.5,125.71,114.52,122.0,3310341.0
2020-03-26,124.47,134.88,124.14,133.16,2842417.0
2020-03-27,129.48,133.59,128.0,130.07,2431452.0
2020-03-30,130.0,134.46,127.08,133.6,1881072.0
2020-03-31,132.5,134.57,131.13,132.31,1703400.0
2020-04-01,126.71,129.0,125.19,127.4,1439055.0
2020-04-02,125.9,130.26,124.9,127.92,1426521.0
2020-04-03,127.24,128.59,124.7,125.68,1207451.0
2020-04-06,131.62,134.49,130.3,133.69,2370708.0
2020-04-07,140.41,141.38,134.18,134.4,2784044.0
2020-04-08,135.42,138.38,134.04,137.39,1700987.0
2020-04-09,140.35,142.46,138.61,141.01,2273702.0
2020-04-13,140.94,141.43,136.52,136.95,1406886.0
2020-04-14,139.01,141.52,138.42,138.5,1446595.0
2020-04-15,135.2,136.0,131.8,133.81,1609201.0
2020-04-16,133.61,134.06,130.56,132.44,1289464.0
2020-04-17,136.01,139.5,135.25,138.19,2037044.0
2020-04-20,137.99,138.2,135.2,135.25,1272690.0
2020-04-21,132.45,133.85,130.68,131.69,1328052.0
2020-04-22,134.57,134.88,132.58,133.37,1693895.0
2020-04-23,134.0,134.82,130.36,130.49,1885229.0
2020-04-24,131.4,131.62,128.66,129.3,2652699.0
2020-04-27,130.0,135.6,129.76,134.5,3679637.0
2020-04-28,138.41,139.22,135.8,136.49,1967537.0
2020-04-29,139.8,140.26,134.79,136.65,3700826.0
2020-04-30,133.94,135.27,129.51,130.62,2784431.0
2020-05-01,129.16,129.34,126.39,127.8,1881246.0
2020-05-04,126.08,126.55,123.53,124.78,3111387.0
2020-05-05,126.0,129.38,125.51,126.36,1987711.0
2020-05-06,126.71,127.12,121.67,121.73,1792888.0
2020-05-07,123.27,127.36,123.11,127.13,1855945.0
2020-05-08,128.8,135.58,128.8,135.35,2917105.0
2020-05-11,134.02,136.9,133.04,133.81,3247508.0
2020-05-12,134.11,134.83,131.73,132.04,4013384.0
2020-05-13,131.54,132.04,129.95,131.5,3236843.0
2020-05-14,130.0,134.31,129.11,132.91,2547731.0
2020-05-15,131.32,134.03,130.2,130.92,2975702.0
2020-05-18,136.23,140.45,134.99,139.48,1720068.0
2020-05-19,140.12,140.53,136.06,136.19,1415850.0
2020-05-20,137.85,138.42,136.55,136.99,1336302.0
2020-05-21,137.2,139.1,136.4,138.67,1271545.0
2020-05-22,139.3,139.3,136.6,138.57,884291.0
2020-05-26,143.08,146.05,142.56,144.65,1619489.0
2020-05-27,149.23,150.57,147.51,150.45,1901313.0
2020-05-28,152.17,152.45,148.03,148.49,1429958.0
2020-05-29,147.24,147.83,143.8,146.83,1611428.0
2020-06-01,146.75,148.8,146.48,147.27,957541.0
2020-06-02,148.33,149.97,147.37,149.32,1225693.0
2020-06-03,151.39,155.72,151.06,155.23,1284078.0
2020-06-04,155.22,157.44,153.87,157.09,1387747.0
2020-06-05,164.37,165.14,160.92,162.22,1969812.0
2020-06-08,164.15,168.33,164.02,167.78,1771154.0
2020-06-09,165.0,165.75,162.0,163.48,1389527.0
2020-06-10,162.81,162.81,157.97,158.05,1187025.0
2020-06-11,151.67,153.66,148.11,148.55,1864572.0
2020-06-12,153.33,153.68,147.4,149.2,1859789.0
2020-06-15,145.11,154.48,144.52,153.09,1338737.0
2020-06-16,158.69,159.48,154.15,155.99,1695883.0
2020-06-17,156.57,158.85,156.25,157.05,1273811.0
2020-06-18,156.0,160.56,155.37,159.06,1589230.0
2020-06-19,161.79,161.79,156.52,157.62,3178977.0
2020-06-22,155.73,156.63,153.2,153.8,1632907.0
2020-06-23,154.1,155.33,152.49,152.75,1057557.0
2020-06-24,151.0,151.0,145.9,146.45,1810966.0
2020-06-25,145.0,147.09,143.68,146.96,1589577.0
2020-06-26,146.48,147.32,144.52,146.05,2073118.0
2020-06-29,148.22,149.39,147.06,149.34,1032709.0
2020-06-30,148.13,150.21,147.7,149.46,1330600.0
2020-07-01,149.0,150.61,146.91,147.14,873377.0
2020-07-02,149.64,150.86,147.06,147.3,761238.0
2020-07-06,149.51,149.66,147.02,148.47,931352.0
2020-07-07,148.0,149.2,145.01,145.18,1511690.0
2020-07-08,145.52,145.81,143.06,143.9,1176378.0
2020-07-09,142.98,143.89,137.82,138.02,1301558.0
2020-07-10,138.2,142.06,138.2,141.97,949248.0
2020-07-13,142.92,144.43,141.35,142.82,1293512.0
2020-07-14,142.25,143.93,141.11,143.36,960287.0
2020-07-15,146.85,146.85,145.21,145.79,1999962.0
2020-07-16,145.52,149.59,144.56,148.51,1648437.0
2020-07-17,149.4,149.64,148.03,148.91,827452.0
2020-07-20,147.85,148.47,145.35,145.45,1010426.0
2020-07-21,146.66,149.76,146.3,147.81,881006.0
2020-07-22,146.92,151.58,146.62,151.53,1253552.0
2020-07-23,152.2,152.92,150.11,151.01,963256.0
2020-07-24,151.62,153.26,149.52,150.15,787717.0
2020-07-27,149.47,149.51,147.51,147.98,694986.0
2020-07-28,147.5,150.65,147.1,148.57,1000796.0
2020-07-29,147.23,149.65,144.58,149.44,1918506.0
2020-07-30,147.02,149.69,146.8,148.86,1408789.0
2020-07-31,148.22,148.22,144.76,146.74,1659624.0
2020-08-03,145.66,148.37,144.32,147.72,1387850.0
2020-08-04,148.12,149.04,146.75,147.24,2103886.0
2020-08-05,148.7,149.89,148.08,149.19,1152691.0
2020-08-06,148.99,149.65,148.33,149.14,867280.0
2020-08-07,149.11,152.98,148.51,152.97,1851928.0
2020-08-10,153.52,156.77,153.43,156.56,1144639.0
2020-08-11,159.48,160.84,157.95,158.85,1793441.0
2020-08-12,160.37,160.68,154.69,156.41,1312038.0
2020-08-13,154.32,156.5,153.74,154.95,1053801.0
2020-08-14,154.11,157.66,153.65,156.46,719343.0
2020-08-17,156.52,156.79,153.35,153.72,1090218.0
2020-08-18,153.28,154.1,152.72,153.03,617492.0
2020-08-19,152.96,154.56,152.09,152.49,701970.0
2020-08-20,151.25,151.95,150.49,150.94,801528.0
2020-08-21,150.0,151.35,149.03,149.81,1518919.0
2020-08-24,150.49,153.39,149.75,153.3,1002331.0
2020-08-25,154.3,154.73,150.87,151.47,741532.0
2020-08-26,150.92,151.49,149.42,150.47,806588.0
2020-08-27,150.61,153.53,150.4,152.44,1147616.0
2020-08-28,152.84,152.99,150.73,152.27,670595.0
2020-08-31,152.07,152.4,148.95,149.35,1176679.0
2020-09-01,147.8,150.32,147.36,150.19,954272.0
2020-09-02,150.06,154.5,149.92,153.92,1259079.0
2020-09-03,155.0,156.56,150.61,151.94,1338514.0
2020-09-04,153.5,154.38,149.79,151.7,1121699.0
2020-09-08,149.78,150.55,146.6,146.96,1588167.0
2020-09-09,147.28,147.79,145.15,146.17,1289800.0
2020-09-10,146.6,147.75,142.41,142.58,1395988.0
2020-09-11,144.1,146.2,142.62,145.36,1131554.0
2020-09-14,146.46,148.52,145.75,147.47,763818.0
2020-09-15,147.32,148.11,144.98,145.14,831020.0
2020-09-16,145.25,148.55,144.3,146.78,1069684.0
2020-09-17,140.65,144.91,139.51,144.59,1532792.0
2020-09-18,143.01,145.63,142.73,142.99,1836530.0
2020-09-21,141.35,141.49,137.43,138.33,1373662.0
2020-09-22,138.36,140.25,137.35,139.45,935623.0
2020-09-23,140.07,141.82,136.19,136.51,1033661.0
2020-09-24,136.12,138.45,135.16,136.9,929370.0
2020-09-25,135.84,138.77,135.56,138.21,883224.0
2020-09-28,139.7,142.4,139.7,140.92,721483.0
2020-09-29,140.43,140.58,137.89,138.55,1074429.0
2020-09-30,139.16,140.14,137.07,138.43,1208740.0
2020-10-01,138.89,140.08,136.8,138.22,887359.0
2020-10-02,133.72,140.94,133.6,140.49,1325290.0
2020-10-05,141.98,143.35,141.11,142.73,936260.0
2020-10-06,144.08,146.97,142.03,142.31,1347473.0
2020-10-07,143.67,145.65,143.53,144.87,1204461.0
2020-10-08,145.0,145.66,143.6,145.04,854632.0
2020-10-09,146.11,146.11,143.53,143.66,1974272.0
2020-10-12,144.8,146.76,143.84,144.73,1611701.0
2020-10-13,144.6,144.98,141.66,143.24,1235792.0
2020-10-14,142.8,145.4,142.7,142.89,1350798.0
2020-10-15,141.7,142.0,140.18,140.81,1336286.0
2020-10-16,141.62,142.5,140.25,142.24,2653296.0
2020-10-19,142.25,142.77,138.19,138.68,1500418.0
2020-10-20,140.25,140.57,137.77,138.46,889637.0
2020-10-21,137.84,138.71,136.5,136.61,1007185.0
2020-10-22,136.58,139.67,136.36,139.42,1282498.0
2020-10-23,140.4,141.19,139.41,140.7,993144.0
2020-10-26,139.26,139.61,136.43,138.51,1646182.0
2020-10-27,137.95,138.11,134.87,134.87,1998231.0
2020-10-28,134.84,137.66,132.17,132.43,1866907.0
2020-10-29,131.82,133.48,130.12,131.32,1454918.0
2020-10-30,130.56,132.72,129.17,131.33,2349974.0
2020-11-02,133.37,136.53,132.57,136.09,1417423.0
2020-11-03,137.75,139.59,136.97,138.2,1928535.0
2020-11-04,138.98,143.33,137.24,139.09,1855862.0
2020-11-05,139.53,141.13,138.0,139.15,1158394.0
2020-11-06,139.55,140.14,138.14,139.32,999111.0
2020-11-09,147.18,150.39,144.77,147.13,2276591.0
2020-11-10,148.8,152.03,148.15,151.31,1994811.0
2020-11-11,151.09,151.09,148.17,150.29,1794644.0
2020-11-12,148.56,149.52,146.69,147.5,1298550.0
2020-11-13,148.75,151.38,148.01,151.15,1217482.0
2020-11-16,153.83,154.09,151.76,152.93,1605494.0
2020-11-17,151.68,153.29,150.92,151.47,1241745.0
2020-11-18,152.43,155.22,151.84,153.5,1536315.0
2020-11-19,152.5,153.2,149.29,149.99,1413303.0
2020-11-20,150.0,150.33,147.5,148.36,1358866.0
2020-11-23,148.99,150.76,148.86,150.02,1420140.0
2020-11-24,152.64,153.74,151.22,153.67,1784748.0
2020-11-25,153.85,153.85,151.54,152.04,845003.0
2020-11-27,151.62,153.03,151.27,152.06,628950.0
2020-11-30,151.01,152.17,148.65,149.35,1572287.0
2020-12-01,151.04,154.29,150.7,151.76,1302686.0
2020-12-02,150.87,153.62,150.12,153.35,1123049.0
2020-12-03,153.35,155.22,152.94,153.88,1081817.0
2020-12-04,153.92,156.14,153.92,156.04,1065033.0
2020-12-07,154.95,155.63,152.5,153.0,1032966.0
2020-12-08,152.3,154.3,152.12,153.57,958668.0
2020-12-09,153.7,154.79,152.92,154.14,1204031.0
2020-12-10,152.57,153.59,150.08,150.37,2042456.0
2020-12-11,149.8,151.92,148.78,151.33,2444661.0
2020-12-14,152.86,155.09,152.73,153.34,1757728.0
2020-12-15,153.64,155.39,152.06,154.6,1258364.0
2020-12-16,154.9,155.3,152.63,153.4,1373400.0
2020-12-17,153.85,154.12,151.53,151.59,951251.0
2020-12-18,151.28,153.77,151.02,152.67,2447559.0
2020-12-21,150.01,150.91,147.32,149.67,1980367.0
2020-12-22,149.62,149.67,146.29,146.5,1605386.0
2020-12-23,147.36,149.4,147.0,148.15,1114087.0
2020-12-24,148.34,149.15,147.6,149.01,447419.0
2020-12-28,149.2,150.49,148.36,148.72,777878.0
2020-12-29,149.78,149.78,146.39,147.55,1105515.0
2020-12-30,147.49,149.41,147.47,148.3,995857.0
2020-12-31,148.13,148.91,147.35,148.82,1753145.0
2021-01-04,149.26,149.26,144.81,145.94,1426585.0
2021-01-05,146.2,146.71,144.5,146.01,1184444.0
2021-01-06,145.25,150.64,145.25,149.74,1845285.0
2021-01-07,150.02,152.24,148.76,151.72,1340491.0
2021-01-08,150.42,152.62,148.6,150.77,2245984.0
2021-01-11,150.25,152.24,149.41,151.78,1431331.0
2021-01-12,151.78,154.94,151.75,153.5,1531603.0
2021-01-13,152.89,153.44,151.33,152.63,1186793.0
2021-01-14,152.5,155.38,151.91,154.09,1557031.0
2021-01-15,153.57,154.21,151.88,153.17,1822126.0
2021-01-19,154.38,155.36,153.06,153.13,1438998.0
2021-01-20,153.24,154.4,152.41,154.03,1068737.0
2021-01-21,153.84,154.74,150.5,151.06,1395403.0
2021-01-22,150.41,153.15,149.81,152.77,1171499.0
2021-01-25,151.82,155.7,151.11,153.16,1849138.0
2021-01-26,154.34,154.63,150.02,150.33,1588667.0
2021-01-27,150.75,158.99,148.9,152.73,2373515.0
2021-01-28,153.16,153.52,149.63,150.43,1993531.0
2021-01-29,149.12,151.07,146.62,146.68,3102570.0
2021-02-01,147.42,148.58,146.53,147.67,1765327.0
2021-02-02,148.5,151.4,148.33,149.82,2036410.0
2021-02-03,148.71,153.82,148.71,153.08,1500696.0
2021-02-04,153.71,157.68,153.05,157.53,1613311.0
2021-02-05,159.02,160.48,157.65,158.82,1858992.0
2021-02-08,159.0,159.75,157.11,159.64,1246964.0
2021-02-09,159.67,162.54,158.42,162.14,1108975.0
2021-02-10,162.64,164.03,161.89,163.13,1363179.0
2021-02-11,162.57,166.21,162.57,163.45,1612342.0
2021-02-12,163.07,165.39,162.76,164.83,1263272.0
2021-02-16,165.12,166.24,163.03,163.32,1361136.0
2021-02-17,162.97,165.09,161.57,164.49,775951.0
2021-02-18,164.02,164.45,162.46,163.23,672411.0
2021-02-19,164.27,165.24,163.82,164.78,773927.0
2021-02-22,164.45,167.15,163.88,166.42,1426466.0
2021-02-23,168.12,168.3,164.52,167.35,1367787.0
2021-02-24,167.42,168.93,166.4,168.06,1163694.0
2021-02-25,167.67,168.97,165.53,166.2,1133709.0
2021-02-26,166.66,166.83,163.36,163.47,1730719.0
2021-03-01,165.0,168.56,164.88,167.06,1113204.0
2021-03-02,166.7,168.77,166.59,167.68,1155775.0
2021-03-03,168.2,169.6,167.51,167.95,951103.0
2021-03-04,168.13,168.5,163.12,165.77,1310961.0
2021-03-05,166.95,171.48,165.8,170.52,1188029.0
2021-03-08,171.79,175.27,170.65,172.69,1344743.0
2021-03-09,172.69,173.27,168.38,168.74,1846378.0
2021-03-10,169.57,172.82,168.61,172.42,1079969.0
2021-03-11,171.28,174.45,170.4,172.67,1127849.0
2021-03-12,174.1,176.61,174.1,176.29,1004386.0
2021-03-15,176.5,177.02,173.94,176.71,1034477.0
2021-03-16,176.16,176.28,173.81,175.32,1089997.0
2021-03-17,176.6,178.8,175.15,177.52,1197204.0
2021-03-18,177.52,180.35,177.52,179.24,1288824.0
2021-03-19,178.27,178.92,174.95,177.62,2759093.0
2021-03-22,177.52,177.52,173.52,176.56,1041611.0
2021-03-23,175.88,176.99,174.32,174.87,859126.0
2021-03-24,176.31,179.41,176.31,176.42,920587.0
2021-03-25,175.81,180.26,175.75,180.06,1015417.0
2021-03-26,180.0,181.84,179.01,181.54,1074199.0
2021-03-29,181.82,184.04,180.02,183.3,1711459.0
2021-03-30,183.34,184.37,181.8,182.1,793389.0
2021-03-31,181.32,182.36,180.65,181.56,1052692.0
2021-04-01,181.63,181.73,179.85,180.83,851010.0
2021-04-05,182.2,185.66,182.0,185.59,1189223.0
2021-04-06,184.41,185.7,184.41,185.11,930508.0
2021-04-07,185.57,186.0,183.5,184.79,984896.0
2021-04-08,182.75,184.58,182.07,184.11,887427.0
2021-04-09,181.83,183.79,180.88,183.0,1258215.0
2021-04-12,183.45,185.2,182.96,184.94,1132749.0
2021-04-13,183.19,183.94,182.01,182.28,1237262.0
2021-04-14,182.73,185.03,182.44,183.48,823954.0
2021-04-15,184.0,184.29,182.43,183.93,922893.0
2021-04-16,185.22,185.24,183.27,184.47,1418303.0
2021-04-19,184.44,184.91,182.78,184.79,1156648.0
2021-04-20,184.72,185.87,183.37,184.07,1204891.0
2021-04-21,183.63,185.87,183.23,185.85,863910.0
2021-04-22,185.44,186.09,184.26,184.5,827787.0
2021-04-23,184.93,186.98,184.39,186.48,795365.0
2021-04-26,187.51,188.45,185.05,185.19,1168790.0
2021-04-27,185.04,187.01,184.19,185.89,1197098.0
2021-04-28,188.85,189.0,185.06,185.26,1412093.0
2021-04-29,188.12,191.46,187.73,190.71,1364107.0
2021-04-30,190.07,191.12,188.78,190.23,1492383.0
2021-05-03,190.99,192.74,189.38,191.69,833487.0
2021-05-04,191.65,192.79,191.58,191.99,1396030.0
2021-05-05,191.62,191.9,189.45,190.68,1405219.0
2021-05-06,191.72,192.75,190.67,192.68,1263222.0
2021-05-07,193.0,195.34,192.35,194.82,1367741.0
2021-05-10,195.48,197.51,194.43,194.6,1004654.0
2021-05-11,193.81,194.32,189.75,191.54,1091661.0
2021-05-12,192.0,192.4,186.7,186.88,1730508.0
2021-05-13,187.75,192.08,186.81,191.29,1048758.0
2021-05-14,191.71,192.7,190.64,191.94,890802.0
2021-05-17,191.1,192.27,189.61,191.65,966817.0
2021-05-18,191.74,191.81,189.32,189.35,872532.0
2021-05-19,187.77,188.58,185.32,188.52,927112.0
2021-05-20,188.84,189.76,188.1,189.06,800871.0
2021-05-21,189.72,191.53,188.44,189.88,1641475.0
2021-05-24,190.71,190.73,188.94,189.6,891169.0
2021-05-25,189.36,190.7,188.7,188.91,631853.0
2021-05-26,189.67,189.86,187.68,189.02,709317.0
2021-05-27,190.89,191.56,189.82,190.67,1157036.0
2021-05-28,191.01,191.67,189.63,189.91,713932.0
2021-06-01,191.25,191.5,189.34,189.54,813192.0
2021-06-02,190.2,191.62,189.25,191.54,1143859.0
2021-06-03,191.4,192.01,190.1,190.81,885329.0
2021-06-04,191.5,193.85,191.03,193.57,1126172.0
2021-06-07,193.93,194.27,190.64,191.77,1018834.0
2021-06-08,191.78,193.38,191.22,192.72,1004652.0
2021-06-09,192.64,193.37,191.25,191.87,870551.0
2021-06-10,192.99,193.53,191.21,191.48,790064.0
2021-06-11,192.27,192.27,190.71,191.49,1385436.0
2021-06-14,191.0,191.41,189.44,190.84,1165757.0
2021-06-15,191.38,193.02,191.29,192.45,935877.0
2021-06-16,192.31,192.46,190.0,190.08,750808.0
2021-06-17,190.66,191.12,186.36,187.68,915586.0
2021-06-18,185.25,186.72,184.53,185.15,2567859.0
2021-06-21,186.79,190.89,186.74,190.78,1237412.0
2021-06-22,190.31,190.73,189.08,189.58,968102.0
2021-06-23,189.99,189.99,186.78,186.81,1017982.0
2021-06-24,188.04,188.3,186.24,188.11,810386.0
2021-06-25,187.8,190.07,187.8,189.81,849180.0
2021-06-28,190.06,190.19,188.25,188.87,1159401.0
2021-06-29,189.79,190.6,186.49,186.7,1064195.0
2021-06-30,186.55,188.59,186.51,188.26,1102221.0
2021-07-01,187.82,189.09,187.28,188.05,894458.0
2021-07-02,188.25,189.56,187.37,188.54,619726.0
2021-07-06,187.81,188.04,184.3,186.91,838432.0
2021-07-07,185.89,190.27,185.89,189.79,1168486.0
2021-07-08,187.83,189.41,186.79,188.02,962279.0
2021-07-09,190.14,191.24,188.59,190.22,1077314.0
2021-07-12,189.51,190.53,188.37,189.33,779100.0
2021-07-13,189.37,190.29,188.66,188.74,840420.0
2021-07-14,188.97,190.12,188.3,189.46,708168.0
2021-07-15,188.0,189.84,187.58,189.35,920334.0
2021-07-16,190.28,190.63,188.55,189.28,1057329.0
2021-07-19,187.17,187.64,182.66,184.09,1158217.0
2021-07-20,185.15,190.63,185.06,190.01,1029617.0
2021-07-21,191.0,192.41,190.6,191.63,699021.0
2021-07-22,191.2,191.2,189.8,190.57,524851.0
2021-07-23,191.67,192.18,190.64,191.86,455546.0
2021-07-26,191.25,192.6,191.25,191.92,710246.0
2021-07-27,191.61,195.59,190.81,194.05,1258890.0
2021-07-28,198.4,199.95,194.03,195.51,1267644.0
2021-07-29,197.31,198.91,195.45,198.14,1147854.0
2021-07-30,197.8,197.82,194.94,196.03,907547.0
2021-08-02,196.8,198.81,195.58,195.83,1038394.0
2021-08-03,196.51,197.41,193.36,197.32,738595.0
2021-08-04,195.8,197.25,194.89,195.87,610362.0
2021-08-05,195.52,197.81,195.52,196.69,585609.0
2021-08-06,198.14,199.45,197.45,199.08,876599.0
2021-08-09,198.4,198.59,196.8,197.24,697937.0
2021-08-10,196.99,199.14,196.7,199.02,596766.0
2021-08-11,199.43,200.74,198.57,200.69,739395.0
2021-08-12,200.78,201.15,198.36,199.17,526089.0
2021-08-13,199.47,199.61,198.0,198.37,655094.0
2021-08-16,198.19,200.54,196.33,200.46,629086.0
2021-08-17,199.48,200.46,197.89,199.32,764858.0
2021-08-18,198.89,199.43,196.55,196.8,1004925.0
2021-08-19,195.51,197.34,194.09,195.49,738061.0
2021-08-20,195.63,197.9,195.24,197.3,1242340.0
2021-08-23,198.08,199.1,197.12,198.01,556754.0
2021-08-24,198.67,199.6,198.12,198.92,416860.0
2021-08-25,199.57,200.07,198.22,199.3,396109.0
2021-08-26,198.88,199.39,198.12,199.07,483928.0
2021-08-27,199.87,200.52,199.11,199.72,622084.0
2021-08-30,199.93,200.01,198.53,199.19,396028.0
2021-08-31,199.3,200.77,199.23,200.31,786545.0
2021-09-01,201.0,201.0,198.53,199.79,784621.0
2021-09-02,200.31,202.4,200.31,202.3,948634.0
2021-09-03,202.0,202.9,201.19,202.46,881296.0
2021-09-07,201.67,203.25,200.75,202.39,1396927.0
2021-09-08,202.18,205.0,201.57,204.4,1085946.0
2021-09-09,205.0,206.46,203.77,203.81,1237482.0
2021-09-10,204.95,205.14,201.56,201.6,1044996.0
2021-09-13,202.34,202.88,197.44,199.42,1484880.0
2021-09-14,200.43,200.43,195.93,196.66,1007717.0
2021-09-15,196.61,199.46,196.08,198.48,930879.0
2021-09-16,198.91,199.5,194.83,194.88,819737.0
2021-09-17,194.12,195.79,193.57,195.12,2722349.0
2021-09-20,194.0,194.57,191.06,193.43,940409.0
2021-09-21,193.93,194.78,190.69,191.19,726210.0
2021-09-22,192.78,194.95,192.33,193.75,698311.0
2021-09-23,195.6,197.88,195.0,196.75,639039.0
2021-09-24,196.65,198.12,196.62,197.42,468901.0
2021-09-27,198.16,200.21,197.43,197.76,645937.0
2021-09-28,197.79,198.7,195.34,197.1,887724.0
2021-09-29,198.09,199.52,197.09,198.39,672068.0
2021-09-30,198.96,199.49,196.01,196.03,1059503.0
2021-10-01,197.27,199.3,194.06,198.22,876816.0
2021-10-04,197.66,199.74,195.79,197.51,853129.0
2021-10-05,198.23,199.66,196.62,198.16,959077.0
2021-10-06,197.12,199.41,195.0,199.36,727113.0
2021-10-07,199.89,202.19,199.75,201.73,664213.0
2021-10-08,201.94,202.84,200.86,202.12,723110.0
2021-10-11,202.5,205.84,201.89,202.88,701681.0
2021-10-12,202.88,205.45,202.7,203.55,796279.0
2021-10-13,203.38,204.06,200.93,203.39,674081.0
2021-10-14,204.72,205.67,203.4,205.14,737121.0
2021-10-15,205.75,208.93,205.75,208.06,1076738.0
2021-10-18,206.92,208.27,205.74,206.66,591473.0
2021-10-19,207.08,209.03,206.05,208.62,745986.0
2021-10-20,208.62,209.63,207.97,208.44,939477.0
2021-10-21,207.96,208.2,205.16,208.04,831386.0
2021-10-22,208.71,210.21,207.47,209.52,767858.0
2021-10-25,209.06,209.63,207.8,207.91,672553.0
2021-10-26,199.21,205.53,198.64,204.57,1855536.0
2021-10-27,204.99,208.71,201.27,205.79,1138782.0
2021-10-28,207.25,207.49,201.09,202.61,1119708.0
2021-10-29,202.6,204.05,201.35,202.75,1485525.0
2021-11-01,202.81,203.84,199.77,201.89,767695.0
2021-11-02,202.51,203.46,200.97,201.75,847914.0
2021-11-03,200.95,201.25,197.61,201.21,1338372.0
2021-11-04,200.73,201.18,197.61,198.16,1138367.0
2021-11-05,200.25,201.36,199.01,201.0,1306749.0
2021-11-08,201.91,203.17,200.08,202.64,1086221.0
2021-11-09,202.82,203.63,201.23,202.88,666924.0
2021-11-10,203.08,203.75,201.1,201.33,625178.0
2021-11-11,200.77,201.45,198.81,199.09,904611.0
2021-11-12,199.09,201.45,198.52,200.97,944087.0
2021-11-15,202.04,202.04,200.15,201.07,679955.0
2021-11-16,200.91,201.69,198.69,198.74,860095.0
2021-11-17,198.67,200.1,198.67,199.46,617583.0
2021-11-18,199.74,199.74,196.82,198.0,749974.0
2021-11-19,197.8,198.38,196.05,196.31,792391.0
2021-11-22,197.21,200.57,196.62,199.36,690153.0
2021-11-23,199.9,201.73,199.49,200.29,604448.0
2021-11-24,200.07,200.64,198.06,198.74,524157.0
2021-11-26,194.2,194.55,190.8,193.37,847323.0
2021-11-29,195.0,195.8,193.13,194.44,878626.0
2021-11-30,192.49,193.72,188.64,188.97,2084017.0
2021-12-01,192.0,194.51,189.43,189.45,1320570.0
2021-12-02,191.44,196.78,190.32,194.48,1246451.0
2021-12-03,194.71,198.06,194.56,197.63,1424211.0
2021-12-06,200.07,201.9,198.69,199.57,820483.0
2021-12-07,200.0,201.19,198.97,199.32,880209.0
2021-12-08,199.85,202.75,199.85,200.88,781083.0
2021-12-09,200.0,202.14,198.68,201.93,938111.0
2021-12-10,203.17,205.85,201.5,204.93,1038019.0
2021-12-13,202.88,205.02,202.01,203.49,1017216.0
2021-12-14,204.71,206.56,202.3,203.47,1160356.0
2021-12-15,203.99,206.35,203.35,206.24,781267.0
2021-12-16,206.66,209.08,205.92,206.18,1030114.0
2021-12-17,206.05,206.35,202.19,202.2,2703125.0
2021-12-20,201.0,201.4,197.03,198.68,969111.0
2021-12-21,199.9,204.26,199.6,203.29,1251826.0
2021-12-22,203.43,204.89,203.27,203.76,608487.0
2021-12-23,204.84,205.85,203.78,204.69,665810.0
2021-12-27,205.07,207.21,204.54,207.13,849230.0
2021-12-28,206.5,208.87,206.5,207.67,899558.0
2021-12-29,207.77,208.56,206.13,207.89,715715.0
2021-12-30,207.7,209.35,207.18,207.54,718602.0
2021-12-31,207.32,209.47,206.33,208.47,868363.0
2022-01-03,209.0,209.55,206.14,207.46,722508.0
2022-01-04,209.07,212.46,208.21,212.05,1129504.0
2022-01-05,212.77,214.43,210.03,210.31,876483.0
2022-01-06,212.53,214.04,210.13,211.74,864119.0
2022-01-07,212.57,213.87,211.67,212.09,1408536.0
2022-01-10,212.6,214.7,209.5,210.61,1235299.0
2022-01-11,210.61,211.76,209.43,211.58,1021722.0
2022-01-12,212.0,212.7,210.63,211.93,968699.0
2022-01-13,211.41,213.12,210.4,211.37,766530.0
2022-01-14,210.46,213.62,209.52,213.1,1110957.0
2022-01-18,212.13,212.5,208.97,211.16,1104804.0
2022-01-19,211.13,213.44,210.36,210.36,826946.0
2022-01-20,210.47,212.96,208.48,208.98,933114.0
2022-01-21,209.26,210.9,206.32,206.54,1237277.0
2022-01-24,204.44,207.56,200.65,207.08,1464523.0
2022-01-25,205.0,206.84,200.94,205.96,1765985.0
2022-01-26,204.17,210.15,200.79,204.92,1988417.0
2022-01-27,205.08,211.63,205.08,208.8,2402782.0
2022-01-28,209.84,213.0,206.24,212.82,1500393.0
2022-01-31,210.46,212.62,208.38,212.1,1566383.0
2022-02-01,212.19,213.61,209.75,212.87,1371704.0
2022-02-02,212.3,214.45,210.6,214.08,1888638.0
2022-02-03,207.84,213.25,207.84,212.17,1380752.0
2022-02-04,213.51,216.21,210.78,212.29,1462368.0
2022-02-07,213.28,213.93,211.59,212.12,1045413.0
2022-02-08,213.36,215.07,211.88,214.46,1064568.0
2022-02-09,215.72,216.17,214.5,215.44,1037906.0
2022-02-10,213.75,215.79,210.31,211.52,1102345.0
2022-02-11,211.64,214.94,210.86,213.76,1206180.0
2022-02-14,213.75,214.64,210.03,211.17,1227536.0
2022-02-15,211.98,214.17,211.0,212.77,690153.0
2022-02-16,212.68,215.32,212.52,214.41,814126.0
2022-02-17,213.73,215.55,212.24,214.4,1014312.0
2022-02-18,213.83,218.6,213.83,215.82,1609040.0
2022-02-22,220.0,220.1,215.13,216.82,2170106.0
2022-02-23,218.06,218.88,215.81,216.27,1744294.0
2022-02-24,216.79,218.94,211.41,218.53,2062752.0
2022-02-25,218.56,228.2,218.56,227.98,1979575.0
2022-02-28,229.59,234.99,229.14,234.45,3284841.0
2022-03-01,235.0,237.03,232.1,233.32,2082497.0
2022-03-02,235.0,236.64,229.16,235.75,2780300.0
2022-03-03,236.78,239.76,236.17,238.13,1875393.0
2022-03-04,236.1,245.56,235.06,245.29,3317398.0
2022-03-07,245.51,254.99,245.48,247.29,4791788.0
2022-03-08,247.38,247.86,235.25,235.31,2769764.0
2022-03-09,234.98,238.42,231.62,236.81,2425462.0
2022-03-10,235.99,238.81,234.34,235.52,1577042.0
2022-03-11,235.8,238.95,232.38,232.48,1804952.0
2022-03-14,234.35,235.6,230.47,233.83,1379575.0
2022-03-15,235.45,238.41,233.42,237.62,1145926.0
2022-03-16,234.44,236.37,224.38,227.69,2457648.0
2022-03-17,230.44,232.42,227.75,230.51,1712512.0
2022-03-18,230.63,231.12,228.59,230.23,2605238.0
2022-03-21,231.0,238.49,230.99,236.07,1566433.0
2022-03-22,236.15,237.88,234.1,237.83,1157949.0
2022-03-23,238.7,241.66,238.23,239.69,1370385.0
2022-03-24,240.0,243.36,239.14,241.0,1179460.0
2022-03-25,240.83,244.44,240.36,244.36,1127654.0
2022-03-28,242.52,243.06,239.48,240.89,1247275.0
2022-03-29,237.33,241.19,234.13,241.09,1643495.0
2022-03-30,242.0,245.63,242.0,244.32,1377832.0
2022-03-31,242.14,245.57,241.15,241.18,1316321.0
2022-04-01,241.17,243.24,239.21,242.51,1004905.0
2022-04-04,242.49,242.51,236.96,239.23,1158518.0
2022-04-05,238.61,242.68,238.61,239.15,1207266.0
2022-04-06,239.03,242.05,238.75,240.76,1399767.0
2022-04-07,239.4,244.73,237.84,243.61,1266334.0
2022-04-08,244.92,246.13,241.6,242.04,1081393.0
2022-04-11,244.31,246.91,241.75,243.55,1390400.0
2022-04-12,243.31,246.02,242.1,243.82,754641.0
2022-04-13,244.96,246.65,242.54,243.71,751561.0
2022-04-14,244.8,245.97,243.0,243.74,957530.0
2022-04-18,243.42,248.73,243.3,243.86,1022522.0
2022-04-19,244.09,247.14,243.08,246.59,1182732.0
2022-04-20,247.3,249.69,246.08,247.69,862496.0
2022-04-21,248.0,248.25,241.77,242.06,1264989.0
2022-04-22,241.16,242.43,238.55,238.79,1076416.0
2022-04-25,239.02,239.77,234.85,239.18,1525143.0
2022-04-26,238.63,241.62,236.93,236.93,1297068.0
2022-04-27,237.66,247.0,237.11,239.98,2281984.0
2022-04-28,242.43,243.28,239.35,241.2,1443610.0
2022-04-29,241.0,242.0,235.99,236.53,1839633.0
2022-05-02,236.53,238.56,230.43,233.25,1776685.0
2022-05-03,234.59,236.7,232.39,233.38,1829837.0
2022-05-04,233.99,243.36,232.11,242.92,1914555.0
2022-05-05,242.46,244.15,238.0,239.24,2174263.0
2022-05-06,238.4,240.92,236.0,239.6,1329712.0
2022-05-09,237.98,238.29,228.47,229.37,1915722.0
2022-05-10,230.0,233.84,226.77,229.3,1748846.0
2022-05-11,229.34,232.48,226.09,226.94,1830867.0
2022-05-12,226.02,227.99,219.43,223.49,2121718.0
2022-05-13,225.04,227.3,222.86,226.31,1557764.0
2022-05-16,226.71,228.35,225.26,227.8,1237388.0
2022-05-17,229.25,232.41,226.83,231.62,1084789.0
2022-05-18,230.52,232.25,225.45,225.98,1929181.0
2022-05-19,223.9,224.39,216.66,217.78,2108665.0
2022-05-20,218.38,218.58,210.19,213.5,1985832.0
2022-05-23,215.19,217.78,214.8,216.7,1812505.0
2022-05-24,216.19,220.99,215.76,219.82,1480471.0
2022-05-25,219.78,221.11,217.6,220.05,1498717.0
2022-05-26,221.73,224.05,220.72,221.26,1477349.0
2022-05-27,222.65,226.64,222.13,226.51,1403921.0
2022-05-31,224.24,226.26,223.4,224.91,1637274.0
2022-06-01,227.09,228.0,224.22,226.22,1204096.0
2022-06-02,228.67,230.74,223.84,229.44,1101724.0
2022-06-03,228.39,231.84,228.39,230.13,1410440.0
2022-06-06,231.33,232.41,229.48,229.9,956924.0
2022-06-07,228.87,235.82,228.15,235.58,1341434.0
2022-06-08,233.5,234.33,230.77,231.36,1024624.0
2022-06-09,230.73,231.6,226.77,226.89,823195.0
2022-06-10,224.45,227.11,222.9,224.63,1351968.0
2022-06-13,220.91,221.65,216.66,217.53,1288531.0
2022-06-14,218.36,218.87,214.36,215.9,1182498.0
2022-06-15,217.2,220.71,215.32,217.92,1276558.0
2022-06-16,214.71,215.68,211.3,211.89,1338733.0
2022-06-17,212.21,213.39,208.12,209.78,3063845.0
2022-06-21,211.56,218.47,211.56,216.55,1233399.0
2022-06-22,213.36,218.91,212.87,216.01,1129363.0
2022-06-23,216.25,217.85,213.95,216.6,1181182.0
2022-06-24,217.43,222.73,216.91,222.33,1675582.0
2022-06-27,223.07,226.25,222.08,223.5,1277122.0
2022-06-28,224.78,228.0,220.05,220.49,1616946.0
2022-06-29,221.67,221.99,218.96,219.28,1235550.0
2022-06-30,216.84,222.39,215.65,221.25,1343257.0
2022-07-01,221.24,224.48,219.74,223.86,705833.0
2022-07-05,220.21,221.04,209.84,214.53,1613249.0
2022-07-06,214.07,220.71,214.07,219.56,1095430.0
2022-07-07,220.56,221.94,219.3,220.58,951142.0
2022-07-08,221.28,222.15,218.61,221.11,1118605.0
2022-07-11,219.68,221.86,218.8,219.75,652231.0
2022-07-12,219.92,221.0,216.14,216.63,744623.0
2022-07-13,213.63,216.32,213.24,213.39,850149.0
2022-07-14,209.94,210.91,207.42,210.45,1044390.0
2022-07-15,213.11,213.11,210.01,212.77,857638.0
2022-07-18,213.97,215.0,208.78,209.79,1040136.0
2022-07-19,209.7,215.3,209.0,214.68,906093.0
2022-07-20,214.48,217.74,212.68,216.72,1030306.0
2022-07-21,215.88,217.01,214.57,216.89,611437.0
2022-07-22,217.76,220.17,216.08,216.76,834215.0
2022-07-25,216.95,220.29,216.95,218.8,745059.0
2022-07-26,219.36,219.64,217.12,217.63,1038136.0
2022-07-27,219.45,222.25,214.8,219.85,1156041.0
2022-07-28,219.02,223.86,217.4,223.8,1032349.0
2022-07-29,223.52,227.45,223.39,226.67,1230163.0
2022-08-01,226.55,228.12,224.59,226.18,1086357.0
2022-08-02,227.28,229.68,224.02,227.04,1007336.0
2022-08-03,227.17,231.75,223.88,230.67,1215343.0
2022-08-04,231.32,232.84,228.85,229.16,895067.0
2022-08-05,228.99,229.45,225.87,228.76,699734.0
2022-08-08,230.36,230.43,224.72,225.79,961826.0
2022-08-09,226.97,228.19,226.12,227.62,878406.0
2022-08-10,229.01,230.89,228.55,230.46,877045.0
2022-08-11,230.81,231.99,229.8,231.82,1447866.0
2022-08-12,232.0,238.1,232.0,237.95,1409304.0
2022-08-15,236.7,242.19,235.68,241.25,1469473.0
2022-08-16,241.25,242.49,240.71,241.48,807751.0
2022-08-17,239.64,243.45,239.15,242.69,861098.0
2022-08-18,243.66,244.08,242.24,243.69,1026096.0
2022-08-19,243.06,243.24,241.13,241.67,724974.0
2022-08-22,239.31,239.91,234.29,234.49,841575.0
2022-08-23,234.29,235.5,233.06,234.0,864889.0
2022-08-24,234.86,235.27,232.85,234.49,783812.0
2022-08-25,235.0,238.15,234.4,238.01,551048.0
2022-08-26,239.1,239.1,232.36,232.59,665441.0
2022-08-29,230.98,234.96,230.02,233.7,680404.0
2022-08-30,233.96,234.47,230.46,231.12,659050.0
2022-08-31,231.23,232.68,228.72,228.93,1037782.0
2022-09-01,228.8,228.89,223.51,225.37,1782396.0
2022-09-02,227.3,229.62,224.31,224.88,930915.0
2022-09-06,225.14,227.5,223.66,224.55,926387.0
2022-09-07,223.54,227.87,222.49,227.74,660840.0
2022-09-08,226.67,228.1,225.56,227.69,720809.0
2022-09-09,228.66,232.36,227.67,231.61,994623.0
2022-09-12,232.16,237.41,230.93,235.44,1559695.0
2022-09-13,232.08,233.64,227.06,227.98,1367727.0
2022-09-14,228.59,232.41,227.53,230.73,1057476.0
2022-09-15,230.37,230.63,227.37,228.46,983884.0
2022-09-16,226.51,229.3,225.32,227.45,3317893.0
2022-09-19,225.8,229.25,225.8,229.03,830793.0
2022-09-20,228.15,229.93,225.22,229.11,934098.0
2022-09-21,232.92,236.06,228.2,228.2,983238.0
2022-09-22,228.79,230.53,226.39,228.09,844753.0
2022-09-23,225.82,226.04,219.02,221.9,920309.0
2022-09-26,221.32,224.05,219.23,220.43,797505.0
2022-09-27,222.43,222.98,217.56,218.67,741702.0
2022-09-28,218.26,221.91,215.82,220.45,952848.0
2022-09-29,219.9,220.19,212.61,214.43,987266.0
2022-09-30,213.23,215.51,212.03,212.17,1208759.0
2022-10-03,214.89,221.33,214.3,220.53,1139962.0
2022-10-04,222.05,226.93,222.05,226.64,801541.0
2022-10-05,225.49,228.86,224.42,226.68,984934.0
2022-10-06,224.98,226.1,223.19,223.41,929838.0
2022-10-07,222.64,224.11,220.84,223.68,1226920.0
2022-10-10,226.2,228.72,223.02,225.41,759812.0
2022-10-11,226.58,230.54,226.04,227.74,1138373.0
2022-10-12,226.23,227.0,223.3,223.32,833289.0
2022-10-13,220.44,229.95,219.75,229.13,792368.0
2022-10-14,230.0,230.0,220.94,221.17,1041692.0
2022-10-17,224.34,229.84,224.34,228.84,1082893.0
2022-10-18,232.5,238.53,231.82,237.48,1204592.0
2022-10-19,237.82,241.51,236.26,239.37,1158880.0
2022-10-20,240.0,241.02,235.87,237.44,1184123.0
2022-10-21,236.85,243.63,236.33,242.6,1365935.0
2022-10-24,244.68,246.41,243.26,243.81,955250.0
2022-10-25,243.12,246.49,242.05,245.75,1283078.0
2022-10-26,247.5,248.8,242.81,245.7,1389183.0
2022-10-27,247.33,249.26,246.06,248.0,1140330.0
2022-10-28,247.3,252.21,245.4,250.72,1526907.0
2022-10-31,248.83,250.86,247.4,249.8,1480947.0
2022-11-01,250.55,251.47,249.2,249.91,1005291.0
2022-11-02,249.0,251.15,245.96,246.37,1419807.0
2022-11-03,243.35,251.86,243.01,248.94,1307878.0
2022-11-04,250.19,252.68,245.0,249.36,1384992.0
2022-11-07,249.87,251.83,248.18,251.58,846883.0
2022-11-08,251.84,253.61,250.41,252.54,883384.0
2022-11-09,252.34,252.93,249.45,249.52,599024.0
2022-11-10,253.98,254.4,249.62,253.48,1150573.0
2022-11-11,251.68,251.76,242.75,243.13,1395379.0
2022-11-14,243.85,246.97,242.79,242.82,1461205.0
2022-11-15,244.36,247.3,242.31,246.14,1223376.0
2022-11-16,246.14,247.24,244.21,244.87,709046.0
2022-11-17,243.0,246.81,242.52,246.52,669381.0
2022-11-18,247.88,250.35,247.37,248.22,1020067.0
2022-11-21,247.44,252.09,247.44,250.58,802447.0
2022-11-22,252.57,253.2,251.01,251.52,730040.0
2022-11-23,251.19,253.22,251.09,252.29,941247.0
2022-11-25,253.48,253.98,252.45,253.77,368383.0
2022-11-28,252.29,253.54,249.85,250.49,656353.0
2022-11-29,250.72,251.75,249.92,251.22,598332.0
2022-11-30,250.19,252.56,247.43,252.39,1907306.0
2022-12-01,253.19,253.56,250.37,252.27,833860.0
2022-12-02,250.64,256.86,250.58,255.74,1059131.0
2022-12-05,252.62,254.11,250.54,250.91,966917.0
2022-12-06,251.27,251.47,246.51,248.28,847566.0
2022-12-07,247.99,249.03,245.14,246.21,898703.0
2022-12-08,248.41,249.1,246.55,247.68,768943.0
2022-12-09,247.27,249.39,246.5,247.04,748246.0
2022-12-12,247.86,249.66,246.37,249.62,765488.0
2022-12-13,253.0,253.94,247.5,248.73,993467.0
2022-12-14,249.0,251.83,247.75,249.02,768936.0
2022-12-15,247.88,248.86,241.92,245.14,914857.0
2022-12-16,244.38,247.28,242.68,246.14,2123165.0
2022-12-19,246.0,249.88,243.64,244.3,1134927.0
2022-12-20,244.36,249.34,244.0,246.62,848541.0
2022-12-21,248.14,250.48,246.93,249.97,701245.0
2022-12-22,248.5,250.0,242.54,246.59,612717.0
2022-12-23,246.59,248.59,246.07,247.9,581602.0
2022-12-27,249.24,249.79,247.84,248.74,590919.0
2022-12-28,249.24,250.0,246.92,246.97,384705.0
2022-12-29,247.53,250.3,246.78,249.23,458065.0
2022-12-30,248.66,249.68,244.69,248.11,725360.0
2023-01-03,247.85,249.41,246.32,248.6,777907.0
2023-01-04,247.49,248.76,242.96,245.22,1076681.0
2023-01-05,244.55,246.47,243.79,244.62,945813.0
2023-01-06,247.32,251.94,245.0,248.25,1074833.0
2023-01-09,248.55,249.62,244.55,245.21,1571454.0
2023-01-10,246.24,248.92,245.72,247.54,1274212.0
2023-01-11,248.63,249.0,244.75,248.69,856423.0
2023-01-12,248.84,250.26,247.19,247.7,685548.0
2023-01-13,243.98,245.33,238.89,240.29,1459606.0
2023-01-17,240.85,242.82,239.9,241.14,1339067.0
2023-01-18,241.2,242.0,236.76,237.0,1697884.0
2023-01-19,235.82,236.98,231.48,231.55,1200383.0
2023-01-20,232.11,232.79,228.26,232.79,1500149.0
2023-01-23,232.79,234.18,231.56,232.45,1264529.0
2023-01-24,232.0,235.72,230.49,235.45,1443532.0
2023-01-25,224.86,229.13,220.33,226.88,2727618.0
2023-01-26,227.0,229.94,223.41,228.11,1429844.0
2023-01-27,227.36,229.13,226.02,227.49,1324473.0
2023-01-30,228.65,230.1,226.37,228.07,1137967.0
2023-01-31,228.96,233.2,227.84,233.06,1303209.0
2023-02-01,231.2,232.83,228.55,230.45,1137836.0
2023-02-02,228.31,232.56,227.56,231.41,1541242.0
2023-02-03,233.73,234.87,230.95,231.54,1650136.0
2023-02-06,232.25,235.65,231.2,232.35,1099108.0
2023-02-07,231.77,232.08,228.46,231.96,1186162.0
2023-02-08,230.34,231.62,228.83,229.12,1138819.0
2023-02-09,230.39,230.58,227.57,228.66,1095505.0
2023-02-10,229.71,233.27,229.08,233.22,851682.0
2023-02-13,235.0,235.66,231.7,232.88,784774.0
2023-02-14,232.87,233.18,231.0,232.07,730631.0
2023-02-15,231.09,232.48,230.7,232.47,631162.0
2023-02-16,230.63,233.16,230.19,231.3,881223.0
2023-02-17,231.82,236.06,231.25,235.26,1504268.0
2023-02-21,236.62,237.76,232.59,233.52,1064036.0
2023-02-22,233.38,234.78,232.36,233.65,704154.0
2023-02-23,233.85,234.83,230.28,231.37,788426.0
2023-02-24,230.54,232.01,229.82,231.95,667306.0
2023-02-27,232.24,232.98,229.55,230.62,985609.0
2023-02-28,230.58,231.08,227.8,227.91,1049330.0
2023-03-01,227.2,228.5,226.55,227.69,899086.0
2023-03-02,227.2,230.75,227.2,230.25,1095618.0
2023-03-03,231.0,231.37,229.55,231.04,1576839.0
2023-03-06,231.0,233.4,230.54,232.6,1136578.0
2023-03-07,232.78,233.78,229.98,229.99,1032550.0
2023-03-08,229.83,230.53,224.62,227.06,1441958.0
2023-03-09,228.21,229.16,222.41,222.87,1653419.0
2023-03-10,222.27,224.11,220.65,220.93,1544453.0
2023-03-13,218.0,220.51,216.93,218.79,1580768.0
2023-03-14,221.27,221.82,217.93,219.83,1070701.0
2023-03-15,217.05,217.85,212.77,216.75,1419779.0
2023-03-16,215.78,227.79,215.46,220.05,2634289.0
2023-03-17,219.15,219.99,216.6,218.15,2413857.0
2023-03-20,219.15,221.21,219.0,219.91,983060.0
2023-03-21,222.01,222.99,221.47,222.37,892968.0
2023-03-22,222.62,223.23,219.23,219.23,1044027.0
2023-03-23,219.96,221.77,219.1,220.11,1472782.0
2023-03-24,220.1,223.75,219.66,223.5,1370716.0
2023-03-27,225.01,225.68,223.68,225.03,865101.0
2023-03-28,225.02,226.47,224.82,225.5,662875.0
2023-03-29,226.11,226.8,225.4,226.8,722836.0
2023-03-30,227.28,227.71,225.46,226.49,935758.0
2023-03-31,227.55,228.3,226.64,228.21,1323622.0
2023-04-03,228.71,233.35,228.21,232.36,1027969.0
2023-04-04,231.9,232.52,228.42,229.32,1437550.0
2023-04-05,229.05,230.75,228.07,228.98,1332220.0
2023-04-06,229.36,231.08,226.52,227.71,1511484.0
2023-04-10,226.9,230.42,226.66,229.05,911202.0
2023-04-11,229.65,230.16,228.02,228.27,1145880.0
2023-04-12,228.42,231.07,228.42,229.24,944834.0
2023-04-13,227.77,229.47,226.0,228.77,901910.0
2023-04-14,227.69,228.5,226.23,227.69,1130446.0
2023-04-17,227.11,229.48,226.82,229.46,1631100.0
2023-04-18,229.8,232.03,229.1,229.96,972040.0
2023-04-19,230.1,230.63,228.55,228.8,557054.0
2023-04-20,228.73,228.73,226.5,227.52,651743.0
2023-04-21,228.34,228.34,224.65,225.02,913343.0
2023-04-24,225.05,225.72,223.7,224.5,791559.0
2023-04-25,223.88,224.09,221.9,222.74,994035.0
2023-04-26,216.51,216.72,210.11,214.83,2765675.0
2023-04-27,215.17,216.97,214.03,215.69,1643878.0
2023-04-28,215.21,218.6,214.92,218.34,2209505.0
2023-05-01,218.05,220.42,218.0,218.13,1845444.0
2023-05-02,217.55,217.55,211.89,213.01,2609208.0
2023-05-03,213.25,213.77,209.71,210.01,1230242.0
2023-05-04,209.52,209.84,205.4,208.85,1402019.0
2023-05-05,209.23,212.51,209.01,211.92,1050387.0
2023-05-08,212.91,213.04,210.0,210.71,719345.0
2023-05-09,211.13,211.79,209.45,211.2,1047148.0
2023-05-10,212.0,212.55,208.94,211.53,1263083.0
2023-05-11,210.1,210.6,206.56,208.05,1491095.0
2023-05-12,208.85,210.33,208.11,209.96,1137802.0
2023-05-15,210.21,211.51,209.37,210.21,787179.0
2023-05-16,210.11,210.36,207.56,207.59,942536.0
2023-05-17,208.85,211.49,208.61,211.32,1068534.0
2023-05-18,210.92,211.7,208.87,210.93,774217.0
2023-05-19,211.74,211.96,209.1,210.65,1035338.0
2023-05-22,210.49,213.93,208.77,212.52,1239305.0
2023-05-23,212.04,212.04,206.47,206.95,1798193.0
2023-05-24,206.8,208.46,205.84,206.53,1598571.0
2023-05-25,205.55,206.32,202.88,204.35,1502346.0
2023-05-26,204.71,207.23,204.52,205.25,1146523.0
2023-05-30,204.08,205.85,202.35,205.24,1379401.0
2023-05-31,204.99,205.85,202.91,204.18,1624592.0
2023-06-01,205.37,206.6,203.97,205.33,1137168.0
2023-06-02,207.07,209.65,206.33,209.09,1641735.0
2023-06-05,209.99,211.1,208.91,209.25,1337004.0
2023-06-06,209.35,211.34,208.73,210.81,901004.0
2023-06-07,211.5,214.49,210.73,214.18,994051.0
2023-06-08,214.45,214.85,212.8,213.54,921293.0
2023-06-09,214.15,214.15,211.79,212.27,717164.0
2023-06-12,212.32,213.38,211.52,213.07,720916.0
2023-06-13,213.0,214.67,211.66,213.81,995486.0
2023-06-14,213.21,213.95,211.47,212.14,1037889.0
2023-06-15,212.16,215.45,212.16,214.96,880038.0
2023-06-16,215.64,217.8,215.41,217.34,1561700.0
2023-06-20,217.0,217.66,214.79,215.49,940868.0
2023-06-21,215.07,217.66,214.18,217.53,698588.0
2023-06-22,217.31,217.53,213.68,214.45,833757.0
2023-06-23,213.95,214.66,212.19,212.39,1113552.0
2023-06-26,211.51,212.45,209.51,212.09,727374.0
2023-06-27,212.25,212.62,211.1,212.06,887060.0
2023-06-28,212.29,212.44,209.25,211.0,914639.0
2023-06-29,210.92,214.5,210.66,214.31,838727.0
2023-06-30,215.33,216.32,213.27,215.15,933084.0
2023-07-03,214.46,216.93,214.23,215.78,475224.0
2023-07-05,214.78,215.65,213.22,215.19,832305.0
2023-07-06,213.15,214.82,211.94,214.28,995229.0
2023-07-07,213.94,217.27,213.6,214.15,1026771.0
2023-07-10,214.15,216.69,213.99,214.68,1191280.0
2023-07-11,214.92,217.47,213.9,217.18,1482110.0
2023-07-12,217.94,218.62,216.44,217.61,1767154.0
2023-07-13,217.56,217.81,216.37,216.96,995928.0
2023-07-14,216.92,216.92,214.27,215.32,715039.0
2023-07-17,215.29,217.44,214.9,216.37,646428.0
2023-07-18,217.15,219.56,212.58,213.52,1452074.0
2023-07-19,213.59,215.38,212.84,213.55,1234960.0
2023-07-20,214.85,216.92,214.34,216.08,1726685.0
2023-07-21,216.58,217.15,214.79,215.47,1148486.0
2023-07-24,215.77,218.1,215.72,217.64,950574.0
2023-07-25,214.74,218.06,213.47,218.0,1392423.0
2023-07-26,220.2,225.44,217.52,222.78,2475426.0
2023-07-27,223.22,223.8,216.43,219.82,2650664.0
2023-07-28,221.0,223.07,219.0,222.64,1597615.0
2023-07-31,223.38,224.57,222.5,223.58,2232798.0
2023-08-01,223.36,225.48,223.27,225.34,1039927.0
2023-08-02,225.25,226.4,223.27,226.25,1397310.0
2023-08-03,226.5,227.38,224.69,225.63,1084137.0
2023-08-04,226.69,227.5,223.56,224.01,1199410.0
2023-08-07,224.83,227.44,224.83,227.19,1022979.0
2023-08-08,226.21,226.88,223.76,224.47,1002694.0
2023-08-09,225.0,227.02,224.47,226.14,1079945.0
2023-08-10,226.18,227.23,225.18,225.66,861283.0
2023-08-11,225.67,228.73,225.51,226.99,1210434.0
2023-08-14,226.95,227.53,225.82,226.37,952697.0
2023-08-15,225.18,225.36,222.7,223.13,1150313.0
2023-08-16,222.71,223.98,222.32,223.59,897823.0
2023-08-17,224.09,225.48,222.24,222.31,990262.0
2023-08-18,221.75,225.16,221.22,224.42,1040617.0
2023-08-21,223.83,224.82,223.46,224.28,769877.0
2023-08-22,224.28,225.02,223.1,224.28,689457.0
2023-08-23,224.63,225.2,223.22,224.86,720663.0
2023-08-24,224.22,225.78,223.72,223.88,673672.0
2023-08-25,224.97,224.97,221.92,223.59,618967.0
2023-08-28,223.62,225.6,223.34,225.35,747419.0
2023-08-29,225.44,226.21,223.95,226.15,822667.0
2023-08-30,226.73,228.58,226.0,227.24,649507.0
2023-08-31,227.77,228.37,226.43,226.64,865803.0
2023-09-01,227.85,227.94,225.63,226.37,568912.0
2023-09-05,226.56,226.56,223.21,223.33,909208.0
2023-09-06,223.0,223.0,217.84,218.05,1082860.0
2023-09-07,218.88,219.47,217.62,218.69,798554.0
2023-09-08,218.98,219.27,217.36,217.87,800647.0
2023-09-11,217.0,217.54,215.11,216.27,1880294.0
2023-09-12,215.55,218.25,214.6,217.38,1211017.0
2023-09-13,218.01,219.79,217.42,219.69,880126.0
2023-09-14,220.02,221.52,219.01,221.46,909527.0
2023-09-15,220.71,225.09,220.53,224.05,1829031.0
2023-09-18,225.0,225.88,223.43,224.33,783347.0
2023-09-19,224.15,225.3,222.12,222.85,971836.0
2023-09-20,223.84,226.2,223.6,225.55,893323.0
2023-09-21,225.24,225.53,221.84,221.88,1067472.0
2023-09-22,221.06,221.67,218.31,218.34,921771.0
2023-09-25,217.71,219.55,217.18,219.33,648690.0
2023-09-26,218.64,220.01,218.08,218.18,889724.0
2023-09-27,219.33,221.05,218.92,221.0,666759.0
2023-09-28,222.06,224.1,222.06,222.39,839024.0
2023-09-29,223.03,223.8,220.86,220.97,764051.0
2023-10-02,221.5,224.11,221.33,222.93,1207461.0
2023-10-03,222.36,224.29,220.47,220.74,1315254.0
2023-10-04,220.23,221.88,217.32,219.33,887192.0
2023-10-05,217.55,218.09,216.0,216.75,820240.0
2023-10-06,215.96,220.95,214.53,219.94,993828.0
2023-10-09,228.7,240.15,228.5,238.48,3399366.0
2023-10-10,240.0,240.0,236.18,236.67,2340000.0
2023-10-11,236.31,238.74,236.18,237.78,1068482.0
2023-10-12,238.84,239.83,235.77,237.4,851218.0
2023-10-13,239.5,243.47,238.87,243.04,2151915.0
2023-10-16,243.53,245.06,241.56,242.87,1362382.0
2023-10-17,241.68,243.9,239.81,241.27,1328932.0
2023-10-18,241.74,242.06,239.29,239.81,1092718.0
2023-10-19,239.37,241.45,237.94,237.95,1156976.0
2023-10-20,238.74,239.418,234.82,234.94,1706118.0
2023-10-23,234.64,236.32,232.85,233.21,1265515.0
2023-10-24,235.28,236.67,232.285,233.0,1060546.0
2023-10-25,239.055,244.38,238.47,242.4,2440440.0
2023-10-26,243.0,243.8,240.16,240.55,1580733.0
2023-10-27,237.88,239.3,236.58,238.25,1816095.0
2023-10-30,238.61,240.24,237.35,238.98,1485051.0
2023-10-31,239.65,241.79,237.5,241.31,2534053.0
2023-11-01,242.0,243.87,240.6342,242.7,1490434.0
2023-11-02,241.32,244.24,241.03,244.01,1749251.0
2023-11-03,245.0,245.39,243.11,243.21,1004223.0
2023-11-06,243.19,244.48,242.32,243.93,1286617.0
2023-11-07,244.06,244.08,242.205,242.73,804594.0
2023-11-08,243.34,244.11,241.419,242.02,694483.0
2023-11-09,242.0,242.0,238.31,240.1,1732912.0
2023-11-10,241.11,244.14,240.735,243.55,1102689.0
2023-11-13,243.55,247.28,243.525,246.65,1569114.0
2023-11-14,245.77,248.89,245.485,247.86,1115783.0
2023-11-15,247.56,248.2708,245.69,245.76,1073565.0
2023-11-16,246.28,246.88,244.53,245.26,824130.0
2023-11-17,246.05,246.2247,244.41,244.69,1060596.0
2023-11-20,244.65,247.0825,244.35,245.78,894435.0
2023-11-21,246.11,247.51,245.37,246.41,806376.0
2023-11-22,245.81,247.4508,245.46,247.33,617561.0
2023-11-24,247.68,248.55,247.44,247.83,337723.0
2023-11-27,247.71,247.71,245.512,246.36,717172.0
2023-11-28,247.4,247.53,245.07,245.22,846730.0
2023-11-29,245.22,246.0,243.87,244.83,835083.0
2023-11-30,245.59,247.3,245.01,246.97,951048.0
2023-12-01,247.09,249.69,246.81,249.69,842145.0
2023-12-04,248.55,252.25,248.11,252.21,1576380.0
2023-12-05,252.23,252.61,250.1994,250.89,921286.0
2023-12-06,250.89,252.85,250.26,251.95,872361.0
2023-12-07,252.72,254.76,250.52,251.49,891458.0
2023-12-08,251.75,253.19,251.75,252.29,968427.0
2023-12-11,252.02,253.643,252.02,252.42,704577.0
2023-12-12,252.01,254.35,251.6961,253.2,862778.0
2023-12-13,253.66,256.32,253.03,255.85,1287263.0
2023-12-14,255.4,255.56,248.58,251.15,1778689.0
2023-12-15,249.64,252.74,249.35,252.55,2410749.0
2023-12-18,252.66,253.93,251.77,252.87,704678.0
2023-12-19,252.71,253.975,252.252,253.89,738841.0
2023-12-20,253.12,253.97,249.4,249.56,1018164.0
2023-12-21,251.0,252.97,250.0,252.43,702264.0
2023-12-22,253.37,255.26,252.56,254.1,650617.0
2023-12-26,254.04,256.81,253.85,256.21,637779.0
2023-12-27,255.38,257.73,255.08,257.43,750977.0
2023-12-28,257.97,258.7879,257.465,258.14,569349.0
2023-12-29,258.52,259.88,257.85,259.67,812099.0
2024-01-02,259.67,261.14,257.62,258.6,1004236.0
2024-01-03,259.55,261.3899,256.5,256.54,1378483.0
2024-01-04,258.75,259.0,256.0,256.18,1096822.0
2024-01-05,256.59,257.0,253.41,253.9,959628.0
2024-01-08,253.0,253.85,250.88,253.82,1257003.0
2024-01-09,253.77,253.77,250.89,251.24,1255979.0
2024-01-10,251.24,253.01,250.81,251.25,877896.0
2024-01-11,251.76,252.35,248.09,249.94,1499690.0
2024-01-12,251.34,254.91,251.34,254.81,1107541.0
2024-01-16,254.29,254.7,249.72,250.65,1038498.0
2024-01-17,249.23,252.1,249.0,249.97,882648.0
2024-01-18,249.04,251.1,247.3601,250.95,907467.0
2024-01-19,251.5,251.5,248.98,249.34,1409109.0
2024-01-22,249.5,251.315,248.7,249.76,2043252.0
2024-01-23,250.35,252.1012,247.88,249.37,1775441.0
2024-01-24,252.32,263.69,251.62,261.18,2749326.0
2024-01-25,261.76,265.97,261.16,265.86,1968669.0
2024-01-26,266.56,267.97,262.05,265.07,1329915.0
2024-01-29,264.57,265.91,263.2,264.78,961425.0
2024-01-30,266.29,269.369,265.99,268.67,2040317.0
2024-01-31,269.0,269.5,263.84,264.99,2304981.0
2024-02-01,265.65,267.24,263.07,266.87,1714898.0
2024-02-02,265.74,266.4003,264.33,265.27,1949297.0
2024-02-05,264.0,267.07,262.5,265.52,1032353.0
2024-02-06,266.1,267.79,264.64,267.69,814573.0
2024-02-07,269.5,270.15,267.945,269.09,1058720.0
2024-02-08,269.0,269.435,267.12,269.0,616870.0
2024-02-09,270.07,271.365,269.055,270.14,878186.0
2024-02-12,269.98,270.97,269.21,269.44,696228.0
2024-02-13,269.93,270.9,265.105,267.22,1164125.0
2024-02-14,268.31,269.22,263.103,269.1,1629770.0
2024-02-15,269.68,270.9583,268.54,270.0,801370.0
2024-02-16,269.98,271.175,268.8887,269.44,699372.0
2024-02-20,270.4,271.96,268.35,268.93,697462.0
2024-02-21,270.16,272.2799,268.91,271.9,691173.0
2024-02-22,271.38,272.46,270.66,272.33,636261.0
2024-02-23,272.5,274.9,272.1746,273.75,663677.0
2024-02-26,274.19,274.594,272.59,273.02,629580.0
2024-02-27,272.33,273.8,270.77,273.7,554264.0
2024-02-28,273.68,274.66,272.48,274.31,569614.0
2024-02-29,274.98,274.98,272.37,273.25,886283.0
2024-03-01,273.3,273.3,271.05,271.95,651376.0
2024-03-04,272.0,275.34,271.39,274.71,974532.0
2024-03-05,275.57,277.4266,272.39,273.6,979342.0
2024-03-06,274.0,275.8529,273.17,273.7,585055.0
2024-03-07,274.0,274.97,272.11,273.03,761791.0
2024-03-08,272.43,273.62,270.715,272.31,696871.0
2024-03-11,271.64,273.29,270.43,273.27,559597.0
2024-03-12,273.01,275.06,271.585,274.65,844888.0
2024-03-13,275.52,275.9,274.47,275.36,829789.0
2024-03-14,276.3,276.65,273.4,275.4,839762.0
2024-03-15,273.83,276.93,273.83,275.21,1305823.0
2024-03-18,275.99,277.72,274.67,277.6,865384.0
2024-03-19,279.12,280.35,277.731,279.7,703521.0
2024-03-20,280.0,282.98,279.31,282.55,1043432.0
2024-03-21,283.36,284.75,281.22,281.34,1083989.0
2024-03-22,282.33,283.215,281.13,281.16,730547.0
2024-03-25,280.93,281.45,278.39,278.98,776445.0
2024-03-26,278.81,280.465,278.35,278.35,567488.0
2024-03-27,279.56,281.93,278.945,281.9,745771.0
2024-03-28,282.6,283.1467,281.28,282.49,644448.0
2024-04-01,287.71,291.965,286.38,291.55,1742748.0
2024-04-02,291.8,292.5,288.44,290.54,1838803.0
2024-04-03,290.57,291.99,288.43,291.69,1296682.0
2024-04-04,293.56,294.56,291.97,293.22,1391092.0
2024-04-05,293.0,295.455,291.4377,295.18,879417.0
2024-04-08,296.0,296.5,292.89,293.13,945002.0
2024-04-09,292.03,294.6687,287.195,288.84,1008051.0
2024-04-10,287.4,290.74,286.66,290.04,935579.0
2024-04-11,287.83,288.64,286.16,287.5,710821.0
2024-04-12,288.41,290.75,286.79,287.87,1280926.0
2024-04-15,291.71,291.75,284.355,284.75,976496.0
2024-04-16,285.46,286.38,283.68,285.3,1388499.0
2024-04-17,286.5,286.5,283.67,284.46,708950.0
2024-04-18,284.02,286.91,284.02,285.27,636682.0
2024-04-19,287.43,289.29,286.73,288.62,1074774.0
2024-04-22,289.94,292.71,288.046,291.31,889031.0
2024-04-23,292.72,294.695,291.68,292.72,1132368.0
2024-04-24,289.19,290.365,274.315,281.11,4023364.0
2024-04-25,282.76,285.75,279.44,284.9,1769525.0
2024-04-26,284.73,286.77,282.8,284.41,1244090.0
2024-04-29,287.96,289.93,285.43,287.79,1293624.0
2024-04-30,286.91,289.1999,286.42,287.09,1423594.0
2024-05-01,286.58,288.09,284.83,286.53,890752.0
2024-05-02,286.04,288.58,282.51,287.36,1134813.0
2024-05-03,288.0,289.0,286.0,288.14,974259.0
2024-05-06,289.47,291.61,289.46,291.38,853787.0
2024-05-07,292.34,293.74,291.2,293.37,715450.0
2024-05-08,294.0,294.07,291.83,292.74,1008039.0
2024-05-09,292.75,296.27,292.0,295.97,707524.0
2024-05-10,296.58,297.875,296.0,296.44,1019406.0
2024-05-13,296.37,297.3299,292.61,293.53,1406510.0
2024-05-14,293.44,294.56,292.47,294.06,655273.0
2024-05-15,293.8,295.25,293.6836,294.59,752305.0
2024-05-16,294.97,297.231,294.62,295.75,613503.0
2024-05-17,296.59,299.14,295.46,299.02,894154.0
2024-05-20,298.5,301.0,298.014,300.23,940086.0
2024-05-21,301.0,301.48,296.35,297.06,1103355.0
2024-05-22,297.485,299.36,296.16,298.01,882568.0
2024-05-23,297.96,298.2576,295.15,296.52,720723.0
2024-05-24,299.0,300.48,297.22,299.62,784096.0
2024-05-28,299.54,299.75,297.07,297.34,800377.0
2024-05-29,296.03,297.13,293.25,293.48,771240.0
2024-05-30,293.94,296.66,293.94,296.08,728076.0
2024-05-31,296.02,300.23,295.38,299.77,1302834.0
2024-06-03,300.89,302.42,296.445,298.26,723449.0
2024-06-04,298.37,299.24,296.9,297.32,618203.0
2024-06-05,297.9,299.65,295.635,299.45,468953.0
2024-06-06,299.0,300.5,298.1,298.27,988007.0
2024-06-07,298.2,300.16,297.87,299.14,683550.0
2024-06-10,300.0,300.0,293.86,294.68,1013863.0
2024-06-11,293.6,293.66,291.135,292.65,1068702.0
2024-06-12,292.985,295.2,292.2,294.34,871934.0
2024-06-13,293.68,294.57,290.725,292.52,686634.0
2024-06-14,290.7,292.04,288.455,291.78,639920.0
2024-06-17,291.18,294.1871,290.6601,293.83,510939.0
2024-06-18,293.57,298.05,293.17,298.0,748454.0
2024-06-20,298.0,299.65,297.0,299.63,751394.0
2024-06-21,299.56,300.22,296.68,298.25,1686932.0
2024-06-24,299.48,302.7486,298.47,298.53,1124444.0
2024-06-25,298.21,299.09,294.72,295.28,1110345.0
2024-06-26,294.31,295.58,293.32,294.53,1215398.0
2024-06-27,295.35,295.35,291.83,292.5,989198.0
2024-06-28,293.92,294.48,289.54,290.14,2259897.0
2024-07-01,291.35,293.01,286.58,287.87,1431083.0
2024-07-02,285.3,286.34,284.02,285.81,1274196.0
2024-07-03,286.47,287.26,284.05,284.88,656383.0
2024-07-05,284.26,284.26,280.46,281.68,1039387.0
2024-07-08,281.7,283.0,279.55,280.47,1222650.0
2024-07-09,280.22,281.34,279.42,279.51,803679.0
2024-07-10,279.66,281.98,279.07,281.91,957629.0
2024-07-11,281.37,285.265,281.37,284.15,935518.0
2024-07-12,285.72,286.465,283.6925,283.89,1071983.0
2024-07-15,285.51,287.2,284.01,285.42,1017055.0
2024-07-16,285.57,291.78,285.57,291.59,1125075.0
2024-07-17,292.24,294.77,291.78,291.99,900174.0
2024-07-18,291.4,295.5,291.17,293.27,960019.0
2024-07-19,294.36,294.36,287.83,288.22,973502.0
2024-07-22,288.43,291.48,287.54,291.21,745305.0
2024-07-23,292.68,295.62,292.05,294.46,1288009.0
2024-07-24,286.0,286.49,276.79,284.67,3268408.0
2024-07-25,286.61,296.19,286.61,290.98,1809681.0
2024-07-26,290.99,292.7,287.635,290.4,1079543.0
2024-07-29,290.57,291.04,288.37,289.49,1171615.0
2024-07-30,291.02,293.66,290.06,293.01,857919.0
2024-07-31,294.8,299.96,293.17,298.71,1609389.0
2024-08-01,300.0,300.75,291.535,293.45,1108397.0
2024-08-02,292.69,296.89,289.51,292.39,990477.0
2024-08-05,288.92,290.925,282.32,285.9,1093980.0
2024-08-06,286.45,290.44,285.2,285.38,815033.0
2024-08-07,287.21,290.88,286.355,287.17,890583.0
2024-08-08,287.45,293.0,287.45,290.8,823715.0
2024-08-09,293.29,296.7,291.565,292.99,1028559.0
2024-08-12,294.0,294.59,290.655,291.2,1054780.0
2024-08-13,291.85,292.795,289.53,292.2,888749.0
2024-08-14,291.71,295.17,291.71,293.73,756911.0
2024-08-15,294.99,296.31,293.1639,295.95,890624.0
2024-08-16,296.36,297.1,294.74,296.59,852276.0
2024-08-19,296.93,297.0,294.769,295.6,685058.0
2024-08-20,295.36,296.12,294.215,295.8,589166.0
2024-08-21,296.51,296.51,293.02,294.07,1029078.0
2024-08-22,294.25,294.74,292.99,293.45,676183.0
2024-08-23,294.34,294.8299,291.29,291.45,864741.0
2024-08-26,292.45,293.18,290.42,291.0,814798.0
2024-08-27,291.01,291.46,289.83,290.2,1005309.0
2024-08-28,290.99,297.18,290.5,296.64,1553435.0
2024-08-29,298.0,300.95,295.5,297.83,1640256.0
2024-08-30,297.53,299.68,295.18,299.36,1033038.0
2024-09-03,299.0,300.98,293.34,294.92,961613.0
2024-09-04,295.45,297.76,293.0,294.35,930575.0
2024-09-05,296.51,299.83,294.16,297.29,1518736.0
2024-09-06,297.0,298.41,292.24,292.78,1362092.0
2024-09-09,295.71,303.1,295.71,301.56,1922074.0
2024-09-10,303.31,306.51,300.47,302.4,1040223.0
2024-09-11,301.21,301.21,293.36,299.59,1067186.0
2024-09-12,299.34,300.94,297.41,300.67,875379.0
2024-09-13,301.08,305.84,301.05,304.8,797455.0
2024-09-16,307.38,309.967,306.15,307.55,874495.0
2024-09-17,304.75,305.6963,302.57,303.85,1045557.0
2024-09-18,303.9,306.9,301.65,302.38,1155772.0
2024-09-19,304.84,306.645,302.52,304.73,1188080.0
2024-09-20,304.77,307.76,303.185,306.87,7899130.0
2024-09-23,307.31,309.72,306.75,308.09,951757.0
2024-09-24,308.0,308.515,304.07,304.67,951750.0
2024-09-25,305.52,306.55,301.02,301.69,915621.0
2024-09-26,300.93,302.92,299.66,300.49,904212.0
2024-09-27,300.34,302.35,299.97,300.13,909186.0
2024-09-30,300.0,302.26,297.6601,302.2,1364002.0
2024-10-01,297.64,307.05,294.5,305.33,1486415.0
2024-10-02,305.5,306.62,303.1,303.92,1218382.0
2024-10-03,304.04,304.865,299.04,299.61,1124335.0
2024-10-04,300.04,301.24,297.84,300.66,877255.0
2024-10-07,299.3,300.51,296.715,297.29,874038.0
2024-10-08,297.95,298.11,295.05,296.9,843170.0
2024-10-09,296.1,300.13,295.67,298.69,726407.0
2024-10-10,298.5,298.615,295.02,296.05,902290.0
2024-10-11,295.0,299.7725,294.29,299.44,986331.0
2024-10-14,299.59,302.36,298.68,301.86,583619.0
2024-10-15,303.59,303.8562,299.85,300.21,898115.0
2024-10-16,300.14,306.06,300.14,304.87,838122.0
2024-10-17,307.0,308.32,305.64,308.23,919149.0
2024-10-18,310.0,310.58,307.61,308.48,1316261.0
2024-10-21,309.13,310.85,307.01,308.08,1059632.0
2024-10-22,307.7,308.7651,303.91,305.99,1145513.0
2024-10-23,304.85,313.111,300.715,304.4,1506446.0
2024-10-24,301.73,304.99,300.52,301.27,1331774.0
2024-10-25,304.52,304.99,302.07,302.52,1405281.0
2024-10-28,303.04,304.71,302.1401,303.92,968655.0
2024-10-29,303.23,305.16,301.73,301.75,950582.0
2024-10-30,301.82,304.12,301.16,301.37,854945.0
2024-10-31,300.32,301.37,291.31,291.61,1704184.0
2024-11-01,292.96,294.87,292.314,292.99,1355333.0
2024-11-04,293.62,295.5573,292.35,293.6,1056097.0
2024-11-05,294.56,296.99,294.53,296.65,750108.0
2024-11-06,305.035,309.01,302.78,308.46,1658827.0
2024-11-07,308.51,309.065,304.52,306.0,887097.0
2024-11-08,307.5,310.2199,306.18,309.47,855071.0
2024-11-11,312.08,315.93,311.29,313.91,925321.0
2024-11-12,315.0,315.0,310.625,312.05,778558.0
2024-11-13,313.44,316.9,311.68,314.03,906709.0
2024-11-14,314.1,314.85,291.805,292.42,1927380.0
2024-11-15,290.83,295.0,285.68,287.99,1997228.0
2024-11-18,287.0,288.0,285.29,286.0,1286935.0
2024-11-19,287.29,288.0,279.61,280.96,1772387.0
2024-11-20,281.47,282.0,278.12,280.05,1766358.0
2024-11-21,280.7,283.5,279.01,279.93,1832147.0
2024-11-22,280.76,283.6,279.9201,281.81,1433740.0
2024-11-25,283.26,284.1452,279.29,281.35,1569210.0
2024-11-26,281.08,283.37,279.56,282.02,1095087.0
2024-11-27,282.92,286.01,282.26,282.31,994435.0
2024-11-29,283.18,284.41,282.48,284.01,521675.0
2024-12-02,282.9,283.155,275.62,276.44,1936830.0
2024-12-03,276.48,278.1262,274.44,277.42,1130763.0
2024-12-04,276.47,278.578,274.99,277.66,1307536.0
2024-12-05,277.5,278.7267,275.15,275.15,1511842.0
2024-12-06,275.0,275.86,271.05,271.8,1879351.0
2024-12-09,271.35,272.71,269.4,269.57,2142951.0
2024-12-10,269.49,272.09,267.25,270.43,1279763.0
2024-12-11,269.56,270.025,263.4218,265.43,2263695.0
2024-12-12,260.0,264.15,257.2588,263.04,2408798.0
2024-12-13,263.0,265.07,261.93,263.11,1673347.0
2024-12-16,263.11,269.69,262.71,266.07,3087439.0
2024-12-17,264.47,267.7344,263.7901,265.22,1963717.0
2024-12-18,265.2,269.5,262.1,262.27,2241530.0
2024-12-19,259.95,262.83,257.88,260.28,2169768.0
2024-12-20,259.08,267.44,257.8,263.64,3546167.0
2024-12-23,265.8,265.8,262.895,265.19,1552754.0
2024-12-24,264.67,265.9,263.63,265.9,499999.0
2024-12-26,265.89,268.33,265.25,266.78,851420.0
2024-12-27,264.78,267.591,264.7201,266.14,1001268.0
2024-12-30,263.19,265.11,261.06,263.38,1550272.0
2024-12-31,264.0,265.52,262.15,263.49,894904.0
2025-01-02,264.9,265.83,260.5,261.01,1748917.0
2025-01-03,261.18,264.16,260.265,263.37,1287559.0
2025-01-06,262.32,264.285,257.56,257.99,1897923.0
2025-01-07,258.76,262.93,258.061,259.65,1303622.0
2025-01-08,258.76,262.5,258.76,261.47,1120509.0
2025-01-10,260.52,261.955,258.65,259.38,1722888.0
2025-01-13,259.38,264.88,259.0,263.67,1359869.0
2025-01-14,263.52,265.29,262.23,265.12,1096026.0
2025-01-15,267.53,267.85,264.02,266.09,1013403.0
2025-01-16,266.0,269.4,265.7,268.83,1752897.0
2025-01-17,268.42,268.81,266.13,266.67,1544066.0
2025-01-21,269.29,274.15,268.86,271.63,2444522.0
2025-01-22,271.63,271.68,266.71,268.84,2028811.0
2025-01-23,270.13,271.0,264.685,268.56,2210707.0
2025-01-24,268.56,269.03,265.74,266.43,1546485.0
2025-01-27,267.76,270.19,266.47,269.84,1694051.0
2025-01-28,269.99,270.02,261.275,262.57,2042557.0
2025-01-29,253.82,261.31,247.01,251.45,3497495.0
2025-01-30,253.85,257.09,252.5,256.93,2299341.0
2025-01-31,256.99,258.75,254.79,256.98,1902698.0
2025-02-03,256.0,258.07,253.83,256.59,1414528.0
2025-02-04,255.96,258.93,255.85,257.43,1356162.0
2025-02-05,258.71,259.23,256.83,258.58,1098123.0
2025-02-06,257.71,257.71,253.13,255.53,1154664.0
2025-02-07,256.02,257.21,253.92,254.83,1290511.0
2025-02-10,255.49,257.366,255.11,256.34,1410770.0
2025-02-11,255.87,257.69,254.35,256.99,1095554.0
2025-02-12,254.48,255.6299,250.97,251.33,1560750.0
2025-02-13,251.6,251.95,242.86,246.16,2825052.0
2025-02-14,245.75,247.05,239.87,241.94,2764839.0
2025-02-18,244.33,244.47,241.11,242.6,2113701.0
2025-02-19,242.58,246.28,242.04,244.18,1899988.0
2025-02-20,242.34,247.28,242.34,246.2,1567117.0
2025-02-21,245.2,245.33,241.645,243.06,1947331.0
2025-02-24,244.6,248.325,243.42,246.27,2204550.0
2025-02-25,247.17,250.82,246.71,249.91,1711535.0
2025-02-26,250.49,250.605,247.8775,249.24,1372024.0
2025-02-27,250.14,252.4925,249.555,251.62,1410245.0
2025-02-28,252.34,254.66,249.94,252.6,1755250.0
2025-03-03,255.17,255.9299,252.3,254.04,1333375.0
2025-03-04,252.98,257.49,250.41,250.8,2013496.0
2025-03-05,255.5,264.04,251.05,262.96,4141699.0
2025-03-06,261.49,266.15,259.235,264.55,2075810.0
2025-03-07,262.46,272.51,262.46,271.56,1978830.0
2025-03-10,270.0,279.25,268.1734,271.94,2274170.0
2025-03-11,270.77,272.2199,262.2601,264.12,1827885.0
2025-03-12,263.06,263.71,258.08,260.01,1123211.0
2025-03-13,259.32,263.175,258.65,261.16,1044577.0
2025-03-14,261.5,262.7555,259.44,262.03,956531.0
2025-03-17,262.03,267.005,262.01,265.18,974335.0
2025-03-18,264.68,268.66,263.68,267.52,1569855.0
2025-03-19,267.54,270.3,266.54,267.97,1495915.0
2025-03-20,266.15,267.45,264.55,265.7,1251446.0
2025-03-21,264.53,265.29,260.1877,263.41,3313599.0
2025-03-24,265.0,266.2075,263.6,265.88,1023140.0
2025-03-25,265.91,267.9975,264.51,267.54,911881.0
2025-03-26,269.15,270.57,268.5729,269.58,1139815.0
2025-03-27,270.0,271.2999,268.6901,269.49,802005.0
2025-03-28,269.02,270.21,267.57,269.08,1240810.0
2025-03-31,269.02,273.95,268.79,272.58,1853712.0
2025-04-01,272.58,274.79,271.37,274.14,1470232.0
2025-04-02,271.73,278.27,271.25,276.04,1349873.0
2025-04-03,273.93,279.09,268.99,269.62,1416649.0
2025-04-04,264.96,265.725,249.75,250.01,3232130.0
2025-04-07,244.66,253.25,239.2,247.68,2328406.0
2025-04-08,257.02,260.99,251.655,254.4,2276785.0
2025-04-09,249.92,272.75,249.92,271.52,2676071.0
2025-04-10,269.0,274.61,263.03,271.82,2094279.0
2025-04-11,270.32,277.765,267.23,276.65,1561532.0
2025-04-14,276.83,280.39,273.89,278.78,1244626.0
2025-04-15,277.91,280.93,276.32,277.14,1544080.0
2025-04-16,277.56,280.79,275.21,276.63,1964428.0
2025-04-17,275.54,278.41,273.35,276.08,1721964.0
2025-04-21,275.01,276.255,270.6,273.18,1423053.0
2025-04-22,271.68,275.67,266.8902,274.8,3048431.0
2025-04-23,271.63,272.875,263.6,265.73,2245733.0
2025-04-24,264.93,272.27,262.84,271.71,1834917.0
2025-04-25,273.33,273.52,268.1833,271.97,947617.0
