Date,open,high,low,close,volume
2015-04-27,71.93,72.17,70.63,70.89,5317154.0
2015-04-28,70.62,71.28,70.2,71.18,4545042.0
2015-04-29,71.86,72.82,71.84,72.28,6761470.0
2015-04-30,71.96,72.6,71.43,71.87,5432199.0
2015-05-01,72.26,73.33,71.25,73.12,6533163.0
2015-05-04,73.25,73.59,72.85,73.05,4031322.0
2015-05-05,72.83,72.97,71.82,71.91,3574230.0
2015-05-06,71.97,72.28,71.54,72.05,3562706.0
2015-05-07,71.75,72.29,71.71,71.82,3625168.0
2015-05-08,72.5,73.7,72.5,73.26,2818278.0
2015-05-11,73.26,73.99,73.19,73.47,2953490.0
2015-05-12,73.14,73.14,72.31,72.44,3149309.0
2015-05-13,72.76,73.23,72.48,72.8,2675812.0
2015-05-14,72.68,73.22,72.43,73.06,3360951.0
2015-05-15,73.23,73.42,72.59,72.9,3462223.0
2015-05-18,73.05,73.09,72.62,72.94,2160967.0
2015-05-19,72.82,73.58,72.63,73.45,3545319.0
2015-05-20,73.45,73.69,73.18,73.36,1975600.0
2015-05-21,73.34,74.35,73.18,74.27,3283198.0
2015-05-22,74.05,74.33,73.87,74.3,3020783.0
2015-05-26,73.96,74.37,73.82,74.31,4183186.0
2015-05-27,74.36,74.98,74.14,74.9,2895891.0
2015-05-28,74.8,76.48,74.74,76.41,4793094.0
2015-05-29,76.15,79.55,76.02,78.9,11837047.0
2015-06-01,78.92,79.85,78.78,79.0,4852973.0
2015-06-02,78.76,78.76,77.51,77.95,4456388.0
2015-06-03,78.0,78.17,77.28,77.83,3267142.0
2015-06-04,77.34,78.6,77.33,77.68,3777575.0
2015-06-05,77.56,78.26,76.99,78.12,2784281.0
2015-06-08,77.98,78.85,77.83,78.52,6056550.0
2015-06-09,78.37,82.89,78.01,82.77,10029434.0
2015-06-10,81.99,83.49,81.31,83.18,13157503.0
2015-06-11,83.11,87.24,83.08,86.59,16665838.0
2015-06-12,85.89,86.0,83.09,84.21,12582776.0
2015-06-15,83.57,84.61,83.09,84.08,5429022.0
2015-06-16,83.91,85.32,83.63,84.78,5694505.0
2015-06-17,84.68,84.68,83.01,83.53,5965447.0
2015-06-18,83.89,84.37,82.75,83.04,7249953.0
2015-06-19,82.47,83.21,82.32,82.63,6818973.0
2015-06-22,83.3,83.44,82.85,82.92,3516898.0
2015-06-23,83.75,83.75,82.45,82.67,3638469.0
2015-06-24,82.5,83.08,82.26,82.26,4204678.0
2015-06-25,84.16,86.9,84.08,84.8,9616796.0
2015-06-26,85.19,85.93,84.58,85.85,9238511.0
2015-06-29,85.35,85.58,83.73,83.78,4429934.0
2015-06-30,84.5,84.57,83.38,83.49,4239890.0
2015-07-01,83.8,84.96,83.6,84.85,3611858.0
2015-07-02,85.21,86.24,84.69,86.14,5098703.0
2015-07-06,85.31,86.44,85.25,86.35,5051553.0
2015-07-07,86.64,88.78,86.06,88.73,6901124.0
2015-07-08,88.27,88.5,87.17,87.25,5318616.0
2015-07-09,88.0,88.31,86.9,87.48,4765794.0
2015-07-10,88.3,88.46,87.7,88.29,4458772.0
2015-07-13,89.14,90.18,88.67,88.82,5934111.0
2015-07-14,89.05,89.1,87.85,88.76,6017042.0
2015-07-15,87.79,88.17,86.1,86.38,6611569.0
2015-07-16,86.8,87.46,86.58,87.17,5572616.0
2015-07-17,87.0,87.43,86.62,87.37,4430061.0
2015-07-20,87.7,87.92,87.27,87.87,4311011.0
2015-07-21,87.58,87.69,85.52,85.57,8023996.0
2015-07-22,83.32,86.8,81.5,86.38,12671847.0
2015-07-23,89.06,89.87,85.62,86.76,5245044.0
2015-07-24,86.0,86.21,84.16,84.72,3442054.0
2015-07-27,84.5,84.61,83.34,84.15,5011261.0
2015-07-28,84.71,85.7,84.5,85.68,3003644.0
2015-07-29,85.91,85.99,84.71,85.09,2701269.0
2015-07-30,84.26,84.97,83.97,84.54,3861730.0
2015-07-31,84.88,85.25,84.38,84.51,3996373.0
2015-08-03,84.81,85.0,83.53,84.14,4815505.0
2015-08-04,84.49,84.99,83.85,84.05,2836841.0
2015-08-05,84.68,85.08,83.97,84.73,3771986.0
2015-08-06,85.14,85.14,81.24,82.7,3857659.0
2015-08-07,82.5,82.69,80.65,82.27,4538138.0
2015-08-10,82.82,83.77,82.44,83.51,3178989.0
2015-08-11,82.81,83.75,82.73,83.54,3179484.0
2015-08-12,82.71,83.5,81.64,83.38,2826934.0
2015-08-13,83.2,83.75,82.89,83.03,2224726.0
2015-08-14,82.91,83.95,82.79,83.91,2280244.0
2015-08-17,83.26,83.78,82.93,83.47,2735575.0
2015-08-18,83.83,83.99,83.23,83.39,2238923.0
2015-08-19,83.14,84.53,82.57,83.77,2641756.0
2015-08-20,86.86,88.95,85.81,87.33,10861911.0
2015-08-21,86.98,87.7,84.53,84.53,8290002.0
2015-08-24,81.6,82.96,79.5,80.73,8543066.0
2015-08-25,82.19,82.6,77.86,78.26,6388465.0
2015-08-26,79.88,81.3,77.77,81.1,7162658.0
2015-08-27,81.79,84.04,81.71,83.74,4654731.0
2015-08-28,83.74,84.0,82.77,83.19,4860816.0
2015-08-31,83.41,84.42,82.05,82.35,3411163.0
2015-09-01,80.25,81.25,79.4,79.8,4270540.0
2015-09-02,80.71,81.83,80.3,81.81,3232314.0
2015-09-03,82.05,82.86,81.34,81.6,3203729.0
2015-09-04,80.64,81.11,79.68,80.32,3407459.0
2015-09-08,81.46,82.97,81.26,82.88,2612131.0
2015-09-09,83.45,83.5,80.89,81.09,2811775.0
2015-09-10,81.12,81.67,80.5,80.84,3663073.0
2015-09-11,80.65,81.85,78.74,81.8,3640762.0
2015-09-14,81.92,82.28,81.28,81.89,3183728.0
2015-09-15,82.43,83.36,82.11,82.96,3512762.0
2015-09-16,84.1,84.53,82.61,84.45,3798910.0
2015-09-17,84.47,92.85,84.28,89.98,16768201.0
2015-09-18,90.7,91.45,88.38,88.49,11487836.0
2015-09-21,89.1,89.81,87.11,87.59,6642617.0
2015-09-22,86.82,87.98,86.62,87.8,5047910.0
2015-09-23,88.0,88.42,86.57,86.69,4853793.0
2015-09-24,86.45,86.54,85.08,85.35,5583543.0
2015-09-25,86.24,86.43,83.23,84.06,5777175.0
2015-09-28,83.68,83.86,78.5,79.74,8250814.0
2015-09-29,80.37,82.2,79.19,80.28,7311498.0
2015-09-30,81.53,83.77,81.5,83.69,6745657.0
2015-10-01,83.6,85.32,83.4,85.18,5315698.0
2015-10-02,84.16,87.55,83.59,87.52,5602110.0
2015-10-05,88.08,88.48,85.59,86.57,5297389.0
2015-10-06,86.39,86.5,82.08,84.17,5496339.0
2015-10-07,84.3,84.85,82.4,83.99,5128004.0
2015-10-08,83.15,83.99,81.79,83.77,4593841.0
2015-10-09,85.33,86.57,85.0,86.14,5099446.0
2015-10-12,78.58,80.75,78.3,79.44,26386219.0
2015-10-13,79.79,81.25,79.54,79.62,10036070.0
2015-10-14,80.97,82.0,79.05,79.25,9475101.0
2015-10-15,79.34,80.08,78.81,79.86,6312932.0
2015-10-16,80.58,81.53,79.96,81.51,5488134.0
2015-10-19,81.13,81.3,79.47,80.25,5860881.0
2015-10-20,80.15,80.34,77.62,77.79,7377049.0
2015-10-21,78.23,78.38,75.92,77.01,8955164.0
2015-10-22,77.22,77.84,75.16,76.98,10067851.0
2015-10-23,77.55,79.08,77.27,78.31,5660663.0
2015-10-26,78.31,79.86,77.77,79.11,4749787.0
2015-10-27,79.5,80.95,79.5,80.91,4717367.0
2015-10-28,81.2,83.1,80.39,83.07,5702490.0
2015-10-29,82.3,83.57,81.29,82.0,5151724.0
2015-10-30,82.08,82.55,81.57,81.57,4019583.0
2015-11-02,81.14,82.18,80.81,82.04,3472695.0
2015-11-03,82.23,82.54,81.13,81.67,4821074.0
2015-11-04,82.15,82.15,80.92,81.05,3397456.0
2015-11-05,81.0,81.4,79.66,80.61,3786453.0
2015-11-06,80.3,80.59,78.44,80.46,6081657.0
2015-11-09,80.03,80.29,78.58,79.36,4153571.0
2015-11-10,78.71,80.32,78.71,80.06,3301945.0
2015-11-11,80.1,81.28,79.97,80.7,3313630.0
2015-11-12,80.55,80.76,79.8,79.86,3641704.0
2015-11-13,79.66,80.27,79.18,79.55,3635337.0
2015-11-16,80.0,81.25,79.98,81.23,3310614.0
2015-11-17,80.93,82.43,80.63,81.3,3012160.0
2015-11-18,81.49,83.75,81.39,83.65,3897232.0
2015-11-19,83.2,83.88,82.72,83.72,3064088.0
2015-11-20,84.3,85.5,84.11,84.47,4244831.0
2015-11-23,84.5,84.92,84.12,84.74,4027658.0
2015-11-24,83.56,84.32,83.05,83.88,3431075.0
2015-11-25,83.88,84.42,83.55,83.74,2529703.0
2015-11-27,83.77,84.25,83.6,83.65,1253753.0
2015-11-30,83.76,84.03,82.04,82.04,5839455.0
2015-12-01,84.21,86.53,83.34,86.5,7350540.0
2015-12-02,86.26,86.73,84.42,84.56,4439973.0
2015-12-03,84.65,84.84,82.56,83.06,3657113.0
2015-12-04,83.47,87.28,83.43,86.62,6970516.0
2015-12-07,87.45,88.16,85.89,86.38,4378057.0
2015-12-08,85.62,87.67,85.56,86.41,4759510.0
2015-12-09,86.02,86.32,83.57,83.86,5479360.0
2015-12-10,84.23,85.51,83.36,84.91,3666568.0
2015-12-11,83.8,84.38,83.12,83.29,3732763.0
2015-12-14,83.36,84.71,82.97,84.68,5196588.0
2015-12-15,85.18,85.98,85.02,85.52,3966661.0
2015-12-16,86.0,86.58,84.05,86.29,2963818.0
2015-12-17,86.75,87.2,86.2,86.22,3543338.0
2015-12-18,85.57,85.98,84.77,84.77,5791124.0
2015-12-21,85.72,86.45,85.15,86.04,3542915.0
2015-12-22,86.27,86.47,85.27,85.91,2445965.0
2015-12-23,86.36,86.87,86.13,86.2,2803321.0
2015-12-24,85.98,86.15,85.47,85.85,1486939.0
2015-12-28,85.58,85.7,84.89,85.49,2031655.0
2015-12-29,85.84,86.87,85.6,86.25,2089863.0
2015-12-30,86.45,87.1,86.14,86.2,1969687.0
2015-12-31,85.72,85.75,84.08,84.26,3178311.0
2016-01-04,83.4,83.6,81.79,82.87,6895039.0
2016-01-05,82.9,85.4,82.87,84.11,7460370.0
2016-01-06,82.69,84.88,82.49,83.58,6622584.0
2016-01-07,81.63,82.81,80.83,81.41,5814876.0
2016-01-08,81.67,82.48,81.04,81.25,5874037.0
2016-01-11,81.3,81.92,78.83,80.27,4878388.0
2016-01-12,80.61,81.0,79.52,80.4,4319254.0
2016-01-13,80.74,80.81,79.09,79.3,4620851.0
2016-01-14,79.28,82.73,78.62,82.54,8244634.0
2016-01-15,80.69,81.58,80.08,81.24,6641438.0
2016-01-19,82.31,84.8,81.96,83.23,9159328.0
2016-01-20,81.85,83.47,80.41,82.62,8349575.0
2016-01-21,82.56,82.62,80.59,81.4,4930865.0
2016-01-22,82.4,83.16,81.91,82.48,3455689.0
2016-01-25,82.5,83.2,81.62,81.71,2632361.0
2016-01-26,81.75,82.17,80.91,81.96,4583353.0
2016-01-27,81.61,83.25,80.96,81.76,4341852.0
2016-01-28,81.87,82.49,76.54,76.81,10127848.0
2016-01-29,77.36,79.42,77.23,79.1,7042394.0
2016-02-01,78.21,79.16,77.28,78.4,4056000.0
2016-02-02,77.66,78.3,76.09,76.3,4804168.0
2016-02-03,76.46,77.55,74.18,76.09,6966423.0
2016-02-04,75.95,76.53,73.44,74.28,6339201.0
2016-02-05,74.16,75.82,73.55,74.32,6312782.0
2016-02-08,73.55,74.58,72.83,74.19,4347839.0
2016-02-09,73.43,74.96,72.72,73.74,5159999.0
2016-02-10,73.73,74.87,72.98,73.07,4748135.0
2016-02-11,72.2,72.63,70.83,71.42,5425113.0
2016-02-12,71.57,71.73,70.43,71.27,6332444.0
2016-02-16,71.95,73.42,71.93,73.33,4811214.0
2016-02-17,74.01,74.92,73.09,74.68,4000056.0
2016-02-18,73.42,74.55,73.16,73.47,5620449.0
2016-02-19,72.69,73.07,72.2,72.61,6650799.0
2016-02-22,72.91,73.64,72.1,73.01,5672321.0
2016-02-23,73.1,74.5,73.06,73.47,4411185.0
2016-02-24,73.33,74.28,72.64,74.1,3636052.0
2016-02-25,74.27,74.89,73.77,74.82,4307058.0
2016-02-26,75.42,75.79,73.41,73.6,4807828.0
2016-02-29,73.37,73.37,71.98,72.0,5729917.0
2016-03-01,72.63,72.81,71.86,72.74,4541719.0
2016-03-02,72.73,74.05,72.44,74.02,6738839.0
2016-03-03,73.8,73.89,72.58,73.25,4526493.0
2016-03-04,73.37,74.06,72.9,73.6,3481530.0
2016-03-07,73.17,73.96,72.8,73.4,3442968.0
2016-03-08,72.94,74.55,72.89,73.0,3276003.0
2016-03-09,73.51,73.94,73.0,73.54,2372034.0
2016-03-10,74.0,74.21,72.43,73.02,4419257.0
2016-03-11,73.47,74.95,73.19,74.65,3527002.0
2016-03-14,74.26,74.6,73.79,73.91,3201814.0
2016-03-15,71.65,72.0,69.6,71.24,13747206.0
2016-03-16,71.29,72.9,71.17,72.48,5286986.0
2016-03-17,72.23,72.35,67.88,69.06,15421052.0
2016-03-18,69.2,71.05,69.06,70.95,10130444.0
2016-03-21,70.8,71.05,69.84,70.25,5899848.0
2016-03-22,70.21,72.24,70.16,71.92,7655351.0
2016-03-23,72.17,72.23,70.91,71.17,3884145.0
2016-03-24,70.65,71.44,70.2,71.12,2653896.0
2016-03-28,71.35,71.46,70.38,70.62,2661880.0
2016-03-29,70.74,71.94,70.66,71.7,3811028.0
2016-03-30,71.98,72.33,71.07,71.78,3080970.0
2016-03-31,71.77,72.33,71.1,72.01,3679909.0
2016-04-01,71.6,73.7,71.53,73.42,4083598.0
2016-04-04,73.56,73.79,72.89,73.18,2795340.0
2016-04-05,72.78,73.65,72.48,73.04,3591779.0
2016-04-06,72.8,75.06,72.8,74.76,5669094.0
2016-04-07,74.51,75.16,73.85,74.59,3724102.0
2016-04-08,75.28,75.28,73.86,74.39,3225341.0
2016-04-11,74.48,74.74,73.79,73.95,3351100.0
2016-04-12,73.78,75.29,73.53,74.57,2849823.0
2016-04-13,74.73,75.23,74.08,75.16,2341545.0
2016-04-14,75.3,75.83,74.79,75.63,3022081.0
2016-04-15,75.62,76.25,75.09,75.53,3007480.0
2016-04-18,75.58,77.26,75.19,77.22,4089198.0
2016-04-19,77.58,78.5,76.64,77.25,3819609.0
2016-04-20,77.28,77.77,76.57,77.08,4049334.0
2016-04-21,77.17,78.1,76.91,77.37,3286071.0
2016-04-22,77.1,77.94,76.93,77.83,2695264.0
2016-04-25,77.46,78.0,77.15,77.94,3766455.0
2016-04-26,76.62,78.3,76.09,76.27,5347814.0
2016-04-27,76.52,77.16,75.82,76.51,3690869.0
2016-04-28,76.12,76.66,75.67,76.46,4382954.0
2016-04-29,76.51,76.51,75.1,75.53,3386635.0
2016-05-02,75.95,77.08,75.81,76.75,3572098.0
2016-05-03,76.34,76.65,75.59,76.25,3270704.0
2016-05-04,75.17,75.62,74.63,74.87,4176841.0
2016-05-05,74.72,75.39,74.55,75.27,3446378.0
2016-05-06,74.71,74.95,73.34,74.6,4196916.0
2016-05-09,74.78,75.9,74.76,75.59,2963185.0
2016-05-10,76.29,77.13,76.05,76.88,4366043.0
2016-05-11,75.97,77.06,75.84,76.31,3716280.0
2016-05-12,76.72,76.94,75.35,75.96,4081858.0
2016-05-13,75.82,77.05,75.57,76.33,3629660.0
2016-05-16,75.98,78.47,75.84,78.29,4580071.0
2016-05-17,78.21,78.71,75.52,76.39,7153268.0
2016-05-18,76.4,76.85,75.61,76.33,4664873.0
2016-05-19,75.12,75.23,73.74,74.31,4848832.0
2016-05-20,74.79,75.54,74.68,74.81,4689174.0
2016-05-23,75.0,75.14,73.92,74.08,4441221.0
2016-05-24,74.55,75.2,74.36,74.99,3712042.0
2016-05-25,75.49,75.5,74.45,74.54,4621719.0
2016-05-26,74.6,75.6,74.27,75.52,2654566.0
2016-05-27,75.52,75.72,74.66,74.99,3247520.0
2016-05-31,75.01,75.63,74.71,75.03,4438505.0
2016-06-01,74.9,75.44,74.68,74.94,2450174.0
2016-06-02,75.22,75.68,74.9,75.46,3231681.0
2016-06-03,75.5,75.6,74.25,75.12,5318971.0
2016-06-06,75.11,75.49,74.2,74.84,3253932.0
2016-06-07,74.62,75.05,74.51,74.7,2902790.0
2016-06-08,74.66,75.09,74.4,74.91,3194883.0
2016-06-09,74.77,75.54,74.24,74.43,2759862.0
2016-06-10,74.09,74.19,73.17,73.95,4124192.0
2016-06-13,74.08,74.97,73.67,73.86,3766904.0
2016-06-14,73.54,74.37,73.06,74.32,3690952.0
2016-06-15,74.73,74.89,73.61,73.71,3408917.0
2016-06-16,73.47,74.47,72.95,74.25,4788882.0
2016-06-17,74.65,75.08,73.47,73.86,6604882.0
2016-06-20,74.45,74.7,73.22,73.28,3640098.0
2016-06-21,73.7,73.8,72.53,72.57,5999430.0
2016-06-22,72.5,73.91,72.5,73.07,4410906.0
2016-06-23,73.59,73.94,73.2,73.94,2989745.0
2016-06-24,72.45,75.12,71.87,74.33,10471156.0
2016-06-27,74.06,74.59,73.59,74.42,294173.0
2016-06-28,75.13,76.25,73.75,75.15,8008835.0
2016-06-29,75.88,78.24,75.87,78.15,7123392.0
2016-06-30,78.2,78.81,77.46,78.75,4017154.0
2016-07-01,78.89,79.33,78.37,78.95,2909610.0
2016-07-05,78.81,79.9,78.75,79.64,3286572.0
2016-07-06,79.32,80.4,79.1,80.02,4669765.0
2016-07-07,79.83,80.05,78.64,79.32,3587328.0
2016-07-08,79.32,79.9,78.93,79.66,3134921.0
2016-07-11,79.54,79.77,78.95,79.14,3461430.0
2016-07-12,79.63,79.84,78.97,79.67,4429816.0
2016-07-13,79.91,80.03,79.33,79.36,2917151.0
2016-07-14,79.5,80.69,79.4,80.59,3823680.0
2016-07-15,80.98,81.0,79.94,80.22,4529123.0
2016-07-18,80.37,80.59,79.85,79.95,3087420.0
2016-07-19,79.85,80.25,79.58,79.97,3303716.0
2016-07-20,80.27,80.52,79.99,80.28,2811087.0
2016-07-21,80.2,80.6,80.02,80.4,2713999.0
2016-07-22,80.4,81.71,80.28,81.59,4316534.0
2016-07-25,81.59,82.0,81.0,81.98,4179671.0
2016-07-26,82.75,83.35,81.63,82.09,5134739.0
2016-07-27,82.25,83.59,82.15,83.4,4057228.0
2016-07-28,83.25,83.39,81.95,82.93,4861223.0
2016-07-29,83.07,83.45,82.64,82.89,3016000.0
2016-08-01,83.02,83.78,82.94,83.18,3131148.0
2016-08-02,83.14,83.7,82.57,83.32,3339698.0
2016-08-03,83.42,83.42,82.36,82.72,2940868.0
2016-08-04,83.02,83.02,82.37,82.42,2093693.0
2016-08-05,82.42,82.52,81.04,81.56,5886901.0
2016-08-08,81.44,81.85,80.46,81.6,4227300.0
2016-08-09,81.75,82.14,80.7,81.5,2243034.0
2016-08-10,80.12,81.16,79.67,80.55,4951084.0
2016-08-11,79.98,80.66,79.98,80.56,2407996.0
2016-08-12,80.19,80.72,79.9,80.22,2525029.0
2016-08-15,80.33,80.62,80.07,80.26,2780281.0
2016-08-16,80.25,80.4,79.84,79.84,2158733.0
2016-08-17,80.16,80.35,79.58,80.11,2514812.0
2016-08-18,80.1,80.38,79.49,79.78,3037728.0
2016-08-19,79.55,79.79,78.78,79.06,3746012.0
2016-08-22,79.32,79.9,79.02,79.29,3157037.0
2016-08-23,79.68,79.97,79.44,79.57,3407537.0
2016-08-24,79.7,79.99,78.18,78.44,3422979.0
2016-08-25,78.44,79.17,77.8,78.01,2795676.0
2016-08-26,78.05,78.82,77.84,78.24,2602317.0
2016-08-29,78.33,78.74,78.05,78.6,2203303.0
2016-08-30,78.6,78.6,77.63,77.77,2026249.0
2016-08-31,77.89,78.09,77.53,77.75,2182640.0
2016-09-01,77.75,78.0,76.8,77.23,3544701.0
2016-09-02,77.52,77.63,76.45,76.85,3943353.0
2016-09-06,77.12,78.7,77.12,78.51,5524058.0
2016-09-07,78.49,78.88,78.26,78.59,2972177.0
2016-09-08,80.03,80.17,79.41,79.89,4405396.0
2016-09-09,79.62,79.62,78.2,78.24,4152260.0
2016-09-12,77.99,79.29,77.81,79.08,3288879.0
2016-09-13,78.87,78.87,77.99,78.48,3148995.0
2016-09-14,78.67,79.24,78.02,78.29,2660924.0
2016-09-15,78.12,79.06,77.77,78.82,2653594.0
2016-09-16,78.7,78.91,78.17,78.8,4255102.0
2016-09-19,78.79,79.37,78.49,79.16,3321525.0
2016-09-20,79.63,80.34,79.28,79.88,3629503.0
2016-09-21,79.8,81.0,79.68,80.87,3147586.0
2016-09-22,81.05,81.46,80.73,81.29,2639634.0
2016-09-23,80.97,81.45,80.77,81.16,2196998.0
2016-09-26,81.0,81.15,79.49,79.52,4332389.0
2016-09-27,80.62,80.92,79.61,80.88,6888929.0
2016-09-28,80.84,81.17,80.02,80.71,2467803.0
2016-09-29,80.35,80.47,79.23,79.74,3267891.0
2016-09-30,80.1,80.65,80.03,80.26,3622982.0
2016-10-03,80.0,81.07,79.69,81.0,3983503.0
2016-10-04,81.06,81.41,80.68,81.11,3184046.0
2016-10-05,81.35,82.09,81.23,81.75,3556246.0
2016-10-06,81.25,81.78,80.73,81.47,2994111.0
2016-10-07,81.57,82.31,81.3,82.09,4241408.0
2016-10-10,82.13,83.24,82.1,83.06,4600596.0
2016-10-11,82.6,82.85,81.25,81.81,4218223.0
2016-10-12,81.81,82.22,80.46,80.51,3622844.0
2016-10-13,79.93,80.48,79.6,80.0,3565014.0
2016-10-14,80.17,80.32,79.21,79.27,3143876.0
2016-10-17,79.53,79.53,78.01,78.53,3880372.0
2016-10-18,79.09,79.14,78.5,78.77,3218290.0
2016-10-19,78.96,79.33,78.53,78.56,2988801.0
2016-10-20,78.73,79.11,78.39,78.74,2661919.0
2016-10-21,78.54,78.78,78.08,78.25,3211716.0
2016-10-24,78.49,78.69,77.44,77.57,4350818.0
2016-10-25,76.88,78.28,75.5,77.75,8496026.0
2016-10-26,77.42,77.65,76.37,76.76,2988727.0
2016-10-27,77.36,77.42,76.13,76.16,3789861.0
2016-10-28,75.62,75.68,73.86,74.53,5651141.0
2016-10-31,74.63,74.74,73.8,73.84,3562142.0
2016-11-01,73.81,73.98,71.85,72.98,8190224.0
2016-11-02,73.15,73.49,72.64,72.65,4433829.0
2016-11-03,72.81,73.28,71.88,72.11,4843213.0
2016-11-04,72.12,73.03,71.67,72.49,3593709.0
2016-11-07,73.22,73.93,73.05,73.88,4964475.0
2016-11-08,73.57,74.47,73.36,74.02,2682655.0
2016-11-09,77.15,79.3,76.57,78.39,7332730.0
2016-11-10,78.96,79.7,78.0,78.34,6904770.0
2016-11-11,77.97,78.09,76.79,77.67,3072650.0
2016-11-14,78.01,78.24,76.69,77.02,3218026.0
2016-11-15,77.43,77.54,76.18,77.32,3097568.0
2016-11-16,77.52,77.52,76.82,76.94,1922331.0
2016-11-17,77.0,77.81,76.73,77.71,4519168.0
2016-11-18,77.58,77.92,76.52,76.67,4571592.0
2016-11-21,76.8,77.04,76.1,76.64,4060174.0
2016-11-22,77.81,77.81,75.5,75.99,5208707.0
2016-11-23,64.34,68.43,64.18,68.0,53940442.0
2016-11-25,68.53,69.14,67.78,69.12,8620682.0
2016-11-28,68.43,68.43,67.1,67.2,12466346.0
2016-11-29,67.57,67.64,66.48,67.15,8930019.0
2016-11-30,67.3,67.82,66.81,67.12,9085283.0
2016-12-01,67.29,67.3,65.66,65.97,7166156.0
2016-12-02,66.3,68.39,65.96,67.71,12263982.0
2016-12-05,68.16,68.31,66.74,67.26,7285932.0
2016-12-06,67.2,67.92,67.13,67.8,4616681.0
2016-12-07,67.25,67.38,66.56,67.38,5835478.0
2016-12-08,67.05,67.27,66.39,67.19,4811270.0
2016-12-09,67.38,68.17,67.22,67.85,4350639.0
2016-12-12,67.98,68.54,67.42,67.61,5273087.0
2016-12-13,67.99,68.89,67.99,68.64,5941522.0
2016-12-14,68.42,68.92,67.54,67.67,6139899.0
2016-12-15,70.37,71.59,69.66,71.37,14321300.0
2016-12-16,72.86,73.71,71.76,73.31,17584230.0
2016-12-19,73.48,74.49,73.29,73.42,6102447.0
2016-12-20,73.64,74.1,73.0,73.38,6001496.0
2016-12-21,73.33,73.89,73.1,73.25,5049690.0
2016-12-22,73.16,73.48,72.68,73.26,4827503.0
2016-12-23,73.48,74.0,73.26,73.79,2570473.0
2016-12-27,74.06,74.46,73.68,73.81,2786711.0
2016-12-28,73.66,73.78,72.97,73.06,3218820.0
2016-12-29,73.39,73.87,73.24,73.56,3031924.0
2016-12-30,73.47,73.75,73.23,73.55,2934136.0
2017-01-03,73.94,74.67,73.54,74.6,3623461.0
2017-01-04,74.95,75.0,74.38,74.72,3021517.0
2017-01-05,74.93,77.87,74.43,75.59,3310765.0
2017-01-06,75.46,76.06,75.03,75.67,2296638.0
2017-01-09,75.67,76.62,75.51,76.27,3204200.0
2017-01-10,76.44,76.56,75.81,76.27,3559303.0
2017-01-11,76.51,76.92,74.0,75.26,7701738.0
2017-01-12,74.85,77.5,74.76,77.15,11901124.0
2017-01-13,76.92,78.12,76.38,77.4,5602569.0
2017-01-17,77.06,77.06,75.87,76.85,4909116.0
2017-01-18,77.32,77.71,76.88,77.53,3360339.0
2017-01-19,77.47,77.62,76.76,76.84,4438697.0
2017-01-20,77.02,77.41,76.47,76.81,4366825.0
2017-01-23,76.24,76.88,76.16,76.32,5054869.0
2017-01-24,76.2,76.43,74.17,74.85,6587178.0
2017-01-25,75.07,75.6,74.27,74.85,4825369.0
2017-01-26,74.98,75.35,74.54,74.58,3743972.0
2017-01-27,74.92,75.4,74.5,75.38,3127944.0
2017-01-30,75.09,75.17,74.25,74.7,5909455.0
2017-01-31,74.25,77.28,74.0,77.03,6964085.0
2017-02-01,77.9,78.57,76.91,77.6,4959215.0
2017-02-02,76.99,77.91,76.55,77.39,3830839.0
2017-02-03,77.47,77.88,76.71,77.23,3619175.0
2017-02-06,76.92,77.84,76.76,77.83,2835509.0
2017-02-07,77.68,78.01,77.32,77.7,3346665.0
2017-02-08,77.44,78.65,77.19,78.11,2821567.0
2017-02-09,78.12,78.59,77.69,77.7,2962614.0
2017-02-10,77.87,78.25,77.6,77.79,2598619.0
2017-02-13,77.57,78.05,77.53,77.77,2097646.0
2017-02-14,77.5,78.83,77.25,78.81,3310274.0
2017-02-15,78.34,80.54,78.05,80.25,4269718.0
2017-02-16,80.05,80.38,79.41,80.04,3630059.0
2017-02-17,80.14,81.0,80.07,80.39,3111104.0
2017-02-21,80.17,80.87,80.11,80.36,3178822.0
2017-02-22,80.42,81.21,80.33,81.07,3468634.0
2017-02-23,81.38,82.88,81.14,82.55,6189521.0
2017-02-24,82.42,83.24,82.24,82.87,4016045.0
2017-02-27,82.83,83.4,82.66,83.06,3104235.0
2017-02-28,82.82,83.48,82.58,82.81,3671944.0
2017-03-01,83.44,84.13,82.97,83.85,3420466.0
2017-03-02,83.87,83.94,82.83,82.91,3371556.0
2017-03-03,82.7,83.9,82.6,83.78,2649606.0
2017-03-06,83.25,84.28,82.95,83.83,3956354.0
2017-03-07,82.95,83.14,81.37,82.74,5570598.0
2017-03-08,82.74,83.98,82.67,83.41,4491834.0
2017-03-09,83.67,84.77,83.51,84.55,5861915.0
2017-03-10,84.5,84.55,83.9,84.36,3629912.0
2017-03-13,84.51,84.55,83.83,84.14,2248086.0
2017-03-14,84.0,84.55,83.91,84.46,2838652.0
2017-03-15,84.43,86.14,84.37,85.88,4883362.0
2017-03-16,85.54,85.54,83.8,84.99,4742734.0
2017-03-17,84.43,84.75,83.83,83.96,5786586.0
2017-03-20,84.6,84.86,83.96,84.06,3121865.0
2017-03-21,84.34,84.95,83.63,83.73,4066180.0
2017-03-22,84.09,84.55,83.47,84.36,2848715.0
2017-03-23,83.92,85.05,83.92,84.42,3021071.0
2017-03-24,84.3,84.98,83.86,84.18,2474111.0
2017-03-27,83.9,84.44,83.74,84.24,2340427.0
2017-03-28,84.27,85.0,84.04,84.75,2754894.0
2017-03-29,84.55,84.76,84.32,84.44,2066642.0
2017-03-30,84.57,84.95,84.08,84.76,3204718.0
2017-03-31,84.4,84.94,84.08,84.11,3151938.0
2017-04-03,84.13,84.81,84.07,84.45,2429899.0
2017-04-04,84.53,86.39,84.29,86.09,4624860.0
2017-04-05,85.92,86.72,85.57,85.63,4056328.0
2017-04-06,85.47,85.9,85.12,85.36,2684636.0
2017-04-07,85.34,85.66,84.91,85.32,2808455.0
2017-04-10,85.46,85.85,85.23,85.47,1986179.0
2017-04-11,85.47,86.14,85.32,85.93,2699108.0
2017-04-12,85.74,86.34,85.67,86.25,2545020.0
2017-04-13,86.03,86.32,85.78,85.88,2172531.0
2017-04-17,81.3,82.99,81.11,82.38,12423958.0
2017-04-18,81.91,82.1,80.89,81.2,8210809.0
2017-04-19,81.12,81.71,79.88,80.89,5503600.0
2017-04-20,81.19,82.2,80.75,81.94,3267214.0
2017-04-21,81.82,82.24,81.67,81.89,3204044.0
2017-04-24,82.82,83.73,82.72,83.42,4796723.0
2017-04-25,82.71,82.71,80.5,81.2,9221042.0
2017-04-26,81.34,81.71,80.93,80.96,4421743.0
2017-04-27,80.97,81.6,80.69,81.33,3218008.0
2017-04-28,81.37,82.25,81.2,82.06,3161763.0
2017-05-01,82.09,82.22,81.75,81.82,2397236.0
2017-05-02,81.98,81.98,81.5,81.7,3602046.0
2017-05-03,81.26,81.56,81.24,81.25,3373181.0
2017-05-04,81.35,83.09,81.29,83.04,3567454.0
2017-05-05,83.06,83.11,82.07,82.51,3135276.0
2017-05-08,82.36,82.41,80.36,80.67,4708112.0
2017-05-09,80.82,80.94,80.35,80.79,3988112.0
2017-05-10,80.84,81.11,80.19,81.05,4018549.0
2017-05-11,80.72,81.0,79.91,80.22,3920395.0
2017-05-12,80.33,80.61,79.74,80.19,2935078.0
2017-05-15,80.19,80.49,79.43,80.3,2546515.0
2017-05-16,80.23,80.3,78.4,78.99,7170066.0
2017-05-17,78.52,79.03,77.92,78.14,4480285.0
2017-05-18,78.57,78.94,78.03,78.3,2928169.0
2017-05-19,78.5,78.71,77.73,77.8,5086996.0
2017-05-22,77.9,78.01,76.85,76.98,6936499.0
2017-05-23,77.19,78.36,77.02,77.99,5884774.0
2017-05-24,77.99,78.28,77.8,77.96,2254384.0
2017-05-25,78.31,78.45,77.76,78.34,1737281.0
2017-05-26,78.12,78.35,77.72,78.05,2238858.0
2017-05-30,77.95,78.66,77.74,78.35,3244949.0
2017-05-31,78.48,79.91,78.48,79.57,5171423.0
2017-06-01,79.6,80.23,79.38,79.99,3093104.0
2017-06-02,80.47,81.06,79.9,80.13,4005715.0
2017-06-05,80.0,80.07,78.98,79.35,2814775.0
2017-06-06,79.41,79.46,78.75,79.09,2687965.0
2017-06-07,79.16,79.54,79.09,79.39,2899905.0
2017-06-08,79.49,80.46,79.34,80.1,4595384.0
2017-06-09,80.1,81.18,79.7,81.04,4599396.0
2017-06-12,80.96,81.29,80.61,80.9,2842641.0
2017-06-13,81.21,81.29,80.24,81.25,4492682.0
2017-06-14,80.9,81.61,80.77,81.6,4024003.0
2017-06-15,81.39,82.15,80.96,82.05,3484768.0
2017-06-16,82.24,82.56,81.66,81.88,4903159.0
2017-06-19,82.02,82.76,81.87,82.34,2538037.0
2017-06-20,82.22,83.68,82.22,82.75,3694685.0
2017-06-21,83.15,83.42,82.38,82.64,3781206.0
2017-06-22,82.84,84.76,82.84,84.31,4891552.0
2017-06-23,84.12,84.34,83.71,83.89,3928011.0
2017-06-26,84.09,84.45,83.66,84.28,2950065.0
2017-06-27,84.18,84.33,83.04,83.04,2359847.0
2017-06-28,83.45,83.92,82.9,83.1,3035321.0
2017-06-29,83.09,83.22,82.3,82.7,2366333.0
2017-06-30,82.97,83.13,82.0,82.3,5713901.0
2017-07-03,82.41,82.91,82.32,82.7,1464738.0
2017-07-05,82.63,82.76,82.03,82.7,2263553.0
2017-07-06,82.32,82.57,81.37,81.6,3390396.0
2017-07-07,81.62,82.35,81.43,82.29,1803703.0
2017-07-10,82.33,82.57,81.89,82.28,2269712.0
2017-07-11,82.28,82.84,81.89,82.36,1476644.0
2017-07-12,82.7,84.02,82.61,83.52,1549920.0
2017-07-13,83.53,84.23,83.16,84.0,1290454.0
2017-07-14,84.1,84.58,83.9,84.38,937571.0
2017-07-17,84.21,84.53,83.43,83.67,963966.0
2017-07-18,83.5,83.77,83.22,83.71,806876.0
2017-07-19,83.52,84.28,83.52,84.23,2292059.0
2017-07-20,84.53,85.12,84.41,84.73,1444561.0
2017-07-21,84.7,84.96,84.31,84.62,1529716.0
2017-07-24,84.69,85.53,84.51,84.89,1758086.0
2017-07-25,83.75,84.4,80.77,82.21,6969005.0
2017-07-26,81.56,81.88,81.03,81.85,3795431.0
2017-07-27,81.76,83.05,81.46,83.02,5577384.0
2017-07-28,82.87,83.22,82.5,83.1,1685482.0
2017-07-31,83.34,83.76,82.63,82.66,4082999.0
2017-08-01,82.96,83.13,82.12,82.37,1693516.0
2017-08-02,82.06,82.17,81.07,81.8,2367451.0
2017-08-03,81.59,82.28,81.5,81.94,1978728.0
2017-08-04,82.0,82.32,81.77,82.29,1304272.0
2017-08-07,82.35,82.37,81.72,82.06,1372686.0
2017-08-08,81.85,82.72,81.63,81.97,1307717.0
2017-08-09,82.13,82.74,81.97,82.57,2392098.0
2017-08-10,82.54,82.54,81.66,82.05,3367345.0
2017-08-11,81.8,81.97,81.12,81.15,2446064.0
2017-08-14,81.34,81.68,81.18,81.49,1879619.0
2017-08-15,81.5,82.34,81.5,81.71,1949463.0
2017-08-16,82.14,82.2,80.02,80.69,3970525.0
2017-08-17,80.4,80.57,77.7,77.8,7318204.0
2017-08-18,77.7,77.7,76.94,77.07,4061282.0
2017-08-21,77.12,77.64,76.89,77.38,3638065.0
2017-08-22,77.53,78.65,77.53,78.26,2131886.0
2017-08-23,78.2,78.52,78.05,78.15,1801475.0
2017-08-24,78.33,79.24,78.26,78.86,4188366.0
2017-08-25,78.96,79.53,78.74,78.79,2171482.0
2017-08-28,79.1,79.43,78.63,78.84,1922895.0
2017-08-29,78.54,78.84,78.12,78.55,2153954.0
2017-08-30,79.1,80.77,78.75,80.49,5036911.0
2017-08-31,80.77,81.35,80.34,81.29,3939473.0
2017-09-01,81.54,81.71,79.43,80.08,4345104.0
2017-09-05,79.47,80.05,79.05,79.82,3702643.0
2017-09-06,80.21,80.67,79.86,80.51,2689227.0
2017-09-07,80.62,82.75,80.37,81.54,6249330.0
2017-09-08,81.61,83.12,81.54,82.92,3961293.0
2017-09-11,82.94,83.35,81.77,82.63,4389166.0
2017-09-12,82.6,82.73,81.93,82.17,2566321.0
2017-09-13,81.96,82.58,81.88,82.43,2454931.0
2017-09-14,82.33,83.99,82.12,83.07,3370406.0
2017-09-15,83.3,83.57,82.18,82.44,5374504.0
2017-09-18,82.55,82.67,82.07,82.52,2200054.0
2017-09-19,82.64,82.84,81.55,81.73,2259159.0
2017-09-20,82.06,82.42,81.39,82.02,2849924.0
2017-09-21,82.01,83.7,81.88,83.33,4426651.0
2017-09-22,83.34,84.03,82.74,83.91,3148723.0
2017-09-25,83.87,84.65,83.8,84.64,4223490.0
2017-09-26,84.43,85.13,84.01,84.22,2346334.0
2017-09-27,84.34,84.8,83.97,84.65,3085205.0
2017-09-28,84.59,85.58,84.15,85.0,2840937.0
2017-09-29,85.17,85.61,84.39,85.54,3506102.0
2017-10-02,85.78,86.68,85.74,86.35,3070984.0
2017-10-03,86.24,86.56,85.93,86.45,2128845.0
2017-10-04,86.5,87.16,86.28,86.96,2317698.0
2017-10-05,86.77,89.09,86.39,87.65,5220859.0
2017-10-06,87.31,87.49,86.64,87.08,2297184.0
2017-10-09,87.14,87.28,86.46,87.05,1701368.0
2017-10-10,85.38,86.7,85.25,86.16,4943660.0
2017-10-11,86.35,86.66,85.45,86.06,3433194.0
2017-10-12,86.1,86.45,85.91,86.43,1941143.0
2017-10-13,86.4,86.7,85.71,86.55,3027228.0
2017-10-16,86.48,86.74,85.78,85.95,3800680.0
2017-10-17,85.94,86.5,85.42,86.06,3643748.0
2017-10-18,86.33,86.56,85.52,85.73,4002151.0
2017-10-19,85.69,86.38,85.51,86.36,3233622.0
2017-10-20,86.52,87.38,86.33,87.23,3223192.0
2017-10-23,87.47,88.19,87.12,87.18,4909816.0
2017-10-24,87.42,88.33,83.75,85.17,8696104.0
2017-10-25,85.91,86.37,84.68,84.85,3916037.0
2017-10-26,84.67,85.11,83.83,84.16,3821119.0
2017-10-27,84.07,84.81,83.59,83.86,2892945.0
2017-10-30,83.76,83.76,82.43,82.65,4667838.0
2017-10-31,82.76,83.1,81.72,81.94,3853276.0
2017-11-01,82.17,83.82,82.0,82.89,3309260.0
2017-11-02,82.55,83.92,82.31,83.13,2716050.0
2017-11-03,82.71,83.59,82.66,83.51,1535373.0
2017-11-06,83.29,83.43,82.92,82.94,1861744.0
2017-11-07,83.04,83.42,82.77,83.28,2851917.0
2017-11-08,83.0,84.39,83.0,84.01,2329113.0
2017-11-09,83.82,84.26,83.63,83.99,2098634.0
2017-11-10,83.67,83.87,82.57,83.29,2692486.0
2017-11-13,83.33,83.33,82.53,82.86,2479441.0
2017-11-14,82.69,83.11,82.21,82.49,2685020.0
2017-11-15,82.51,83.14,81.42,82.19,1838054.0
2017-11-16,82.41,83.63,81.84,83.44,2599667.0
2017-11-17,83.0,83.48,82.8,82.89,4097811.0
2017-11-20,83.09,83.32,82.82,83.18,2205863.0
2017-11-21,83.65,84.53,83.37,83.51,3529945.0
2017-11-22,83.67,84.26,83.48,83.68,2230876.0
2017-11-24,83.87,84.17,83.58,84.03,817624.0
2017-11-27,84.15,85.25,84.03,84.81,2980900.0
2017-11-28,85.07,85.36,84.74,85.05,2659440.0
2017-11-29,84.79,85.24,84.45,84.96,2316034.0
2017-11-30,85.25,85.48,84.32,84.64,5002100.0
2017-12-01,84.98,85.41,84.18,85.32,2736331.0
2017-12-04,85.49,86.78,85.36,85.58,4228281.0
2017-12-05,85.59,86.58,85.21,86.06,3876786.0
2017-12-06,86.04,86.39,84.53,85.32,3130937.0
2017-12-07,85.21,85.87,84.65,85.87,4344910.0
2017-12-08,85.66,86.46,85.47,86.45,3777102.0
2017-12-11,86.46,86.84,86.07,86.67,3336804.0
2017-12-12,86.49,86.9,85.99,86.71,4252536.0
2017-12-13,86.41,89.09,86.34,87.89,5786811.0
2017-12-14,88.22,88.33,86.12,86.5,4388368.0
2017-12-15,86.89,87.61,86.27,86.54,7346414.0
2017-12-18,86.76,87.45,85.99,86.08,3795991.0
2017-12-19,86.04,86.77,85.85,86.71,4027559.0
2017-12-20,86.68,86.94,85.64,85.74,3016854.0
2017-12-21,86.03,86.18,85.44,85.61,2024252.0
2017-12-22,85.6,85.78,84.75,85.07,1834833.0
2017-12-26,85.29,85.43,84.96,84.99,1100241.0
2017-12-27,85.19,85.46,84.98,85.14,1332826.0
2017-12-28,85.3,85.44,84.89,85.05,1732237.0
2017-12-29,85.12,85.44,84.46,84.46,2563826.0
2018-01-02,84.46,85.0,84.06,84.68,3456665.0
2018-01-03,84.74,85.42,84.27,85.14,3078426.0
2018-01-04,85.28,85.8,84.74,85.52,2462477.0
2018-01-05,86.09,86.75,85.93,86.57,2946328.0
2018-01-08,86.69,86.71,85.4,86.13,3251430.0
2018-01-09,86.2,86.42,85.74,86.06,2426331.0
2018-01-10,85.61,86.17,85.49,86.1,1674588.0
2018-01-11,86.17,86.59,85.87,86.39,2647480.0
2018-01-12,86.52,87.41,86.03,86.98,2728878.0
2018-01-16,85.93,86.59,85.15,85.29,4878301.0
2018-01-17,85.8,86.36,85.47,86.21,4083343.0
2018-01-18,86.04,86.14,85.27,85.82,4445813.0
2018-01-19,86.17,86.28,85.32,85.49,5826917.0
2018-01-22,83.25,85.57,82.4,85.44,6374020.0
2018-01-23,85.18,85.92,84.24,84.42,5728106.0
2018-01-24,84.86,85.16,84.28,84.3,5977707.0
2018-01-25,84.81,85.4,84.56,85.01,5201611.0
2018-01-26,84.76,87.47,84.76,87.08,6394142.0
2018-01-29,86.77,88.33,86.65,87.6,5324547.0
2018-01-30,86.64,86.94,85.21,86.09,5388420.0
2018-01-31,86.5,86.73,81.27,81.45,10558541.0
2018-02-01,81.54,82.87,81.29,82.41,8410660.0
2018-02-02,81.88,83.03,81.12,81.18,5152459.0
2018-02-05,80.89,81.61,76.55,77.49,8145221.0
2018-02-06,76.56,79.11,75.71,77.99,10558825.0
2018-02-07,77.76,78.56,76.71,76.72,8240329.0
2018-02-08,77.19,77.65,74.19,74.21,8059648.0
2018-02-09,75.06,76.82,73.69,76.23,8939668.0
2018-02-12,76.68,77.1,75.2,76.25,6454242.0
2018-02-13,76.02,76.59,75.75,76.21,4041222.0
2018-02-14,75.41,77.19,75.34,77.03,4361085.0
2018-02-15,77.75,78.15,77.03,78.02,4810719.0
2018-02-16,77.95,79.65,77.91,78.97,4699593.0
2018-02-20,78.18,78.7,77.18,77.55,3195027.0
2018-02-21,77.59,78.75,77.55,77.55,3871107.0
2018-02-22,77.19,78.09,76.52,77.19,7687429.0
2018-02-23,77.73,78.86,77.64,78.75,5170251.0
2018-02-26,78.99,80.47,78.97,80.18,6015876.0
2018-02-27,80.15,80.21,78.69,78.7,4860441.0
2018-02-28,78.78,79.18,77.01,77.02,6123364.0
2018-03-01,77.06,77.37,75.53,76.5,6258351.0
2018-03-02,76.38,77.6,76.32,77.23,3216725.0
2018-03-05,76.9,78.08,76.71,77.7,3816634.0
2018-03-06,77.86,78.0,76.88,77.19,2963240.0
2018-03-07,76.58,77.61,76.54,77.44,2266515.0
2018-03-08,77.65,79.02,77.47,78.89,3497180.0
2018-03-09,79.28,79.96,78.88,79.61,4399473.0
2018-03-12,79.83,79.97,78.61,79.04,5059557.0
2018-03-13,79.08,79.87,78.77,79.15,4863167.0
2018-03-14,79.39,79.56,78.02,78.49,3167947.0
2018-03-15,78.58,79.86,78.46,78.75,3910102.0
2018-03-16,79.2,80.49,79.12,80.49,8326275.0
2018-03-19,80.12,80.2,78.16,78.73,5116978.0
2018-03-20,79.04,79.2,77.85,78.37,3943845.0
2018-03-21,78.46,79.0,78.03,78.24,4051958.0
2018-03-22,77.56,78.01,76.41,76.53,3816931.0
2018-03-23,76.77,76.83,74.51,74.76,4298117.0
2018-03-26,75.61,76.23,74.65,76.18,3488654.0
2018-03-27,76.09,76.6,75.14,75.66,4070640.0
2018-03-28,76.06,77.66,76.04,77.01,4257510.0
2018-03-29,77.46,77.8,76.61,77.37,3424012.0
2018-04-02,76.88,77.31,75.4,75.7,6282589.0
2018-04-03,76.25,77.6,75.86,77.54,3610639.0
2018-04-04,76.82,78.82,76.71,78.6,3022154.0
2018-04-05,78.52,78.85,78.09,78.62,2213099.0
2018-04-06,78.18,78.25,76.3,76.85,4012829.0
2018-04-09,77.27,78.35,76.33,77.34,5377491.0
2018-04-10,78.09,79.67,78.07,79.22,3657169.0
2018-04-11,78.35,78.9,78.12,78.73,2829952.0
2018-04-12,79.19,79.68,78.81,79.29,2121204.0
2018-04-13,79.88,80.45,79.24,79.72,2652368.0
2018-04-16,80.46,80.75,79.67,80.12,2743000.0
2018-04-17,80.57,80.64,79.49,79.92,3782359.0
2018-04-18,79.96,80.24,79.59,79.72,4261049.0
2018-04-19,78.96,79.75,78.55,79.75,4989439.0
2018-04-20,79.64,79.91,78.82,79.06,5424115.0
2018-04-23,79.43,80.29,79.17,80.2,4015906.0
2018-04-24,81.17,81.5,78.92,80.09,6394910.0
2018-04-25,80.27,82.32,80.01,81.14,5379027.0
2018-04-26,81.42,83.56,81.42,82.55,5058690.0
2018-04-27,82.5,83.24,82.38,82.73,3209558.0
2018-04-30,83.09,83.21,81.06,81.07,5483505.0
2018-05-01,80.68,80.93,78.69,79.07,6306117.0
2018-05-02,78.68,79.39,78.46,78.83,5166327.0
2018-05-03,78.65,78.7,77.44,78.04,4469290.0
2018-05-04,77.42,78.62,77.09,78.4,3367549.0
2018-05-07,78.41,79.26,78.23,78.63,3722577.0
2018-05-08,78.48,78.9,78.17,78.88,4591673.0
2018-05-09,78.96,79.65,78.45,79.27,3325180.0
2018-05-10,79.46,81.17,79.41,80.86,3718368.0
2018-05-11,81.15,82.45,81.02,82.45,4393786.0
2018-05-14,82.6,83.32,82.5,83.07,4739740.0
2018-05-15,82.72,82.94,81.83,82.21,3662716.0
2018-05-16,81.8,81.95,80.95,81.18,3614474.0
2018-05-17,81.04,81.84,81.03,81.66,2808408.0
2018-05-18,81.49,82.29,81.49,82.07,4002281.0
2018-05-21,82.29,82.54,81.67,81.83,2505933.0
2018-05-22,82.14,82.89,81.81,82.22,2620723.0
2018-05-23,81.71,82.92,81.61,82.68,2516910.0
2018-05-24,82.71,82.79,82.1,82.71,2481820.0
2018-05-25,82.79,83.47,82.59,82.77,2338143.0
2018-05-29,82.11,82.62,81.65,82.44,3459321.0
2018-05-30,82.92,84.02,82.91,83.86,3475394.0
2018-05-31,83.88,85.11,83.68,85.04,9526369.0
2018-06-01,85.2,85.68,84.56,84.85,4057715.0
2018-06-04,84.65,85.52,84.36,85.07,4263121.0
2018-06-05,85.25,85.7,84.54,84.82,3667563.0
2018-06-06,84.88,85.93,84.66,85.93,2720404.0
2018-06-07,86.2,86.32,85.32,85.88,3123605.0
2018-06-08,85.83,86.42,85.43,86.08,3172317.0
2018-06-11,86.31,86.78,85.81,85.86,3506939.0
2018-06-12,85.76,86.02,85.45,85.49,3016917.0
2018-06-13,85.76,86.38,85.6,85.72,3052112.0
2018-06-14,85.67,86.46,85.17,86.35,3115115.0
2018-06-15,86.13,87.27,86.1,86.88,5575197.0
2018-06-18,85.98,86.15,85.01,86.11,2906602.0
2018-06-19,85.89,86.87,85.67,86.82,3044507.0
2018-06-20,86.74,87.16,86.2,86.28,4675465.0
2018-06-21,85.82,86.28,85.19,86.07,2856410.0
2018-06-22,86.02,86.4,85.81,85.92,5786678.0
2018-06-25,86.0,86.61,85.12,85.77,3414102.0
2018-06-26,85.54,86.0,84.96,85.11,2840575.0
2018-06-27,84.91,85.6,84.64,84.67,3005386.0
2018-06-28,84.85,85.96,84.81,85.49,2564562.0
2018-06-29,85.84,86.1,85.13,85.33,2963979.0
2018-07-02,85.06,85.93,84.71,85.86,2346963.0
2018-07-03,85.81,87.02,85.81,86.51,2163522.0
2018-07-05,86.91,87.19,86.13,86.56,2675541.0
2018-07-06,86.83,87.71,86.82,87.39,2290527.0
2018-07-09,87.6,88.33,87.52,87.87,2718296.0
2018-07-10,88.08,88.23,87.67,88.05,2227180.0
2018-07-11,87.77,88.07,87.2,87.56,2449505.0
2018-07-12,88.1,88.99,87.92,88.91,2604523.0
2018-07-13,88.83,89.87,88.54,89.71,3334987.0
2018-07-16,89.63,89.84,88.84,89.07,3175249.0
2018-07-17,89.36,89.97,89.34,89.57,2179375.0
2018-07-18,89.6,90.13,89.07,90.03,3021595.0
2018-07-19,89.83,89.98,88.87,89.43,3171005.0
2018-07-20,89.02,89.37,88.26,88.47,3830970.0
2018-07-23,88.3,89.16,88.17,88.88,3145276.0
2018-07-24,91.06,93.76,90.0,93.35,9910179.0
2018-07-25,93.16,96.65,93.03,96.43,8460212.0
2018-07-26,96.64,96.96,94.83,95.18,4826081.0
2018-07-27,95.65,96.96,95.02,96.6,3975477.0
2018-07-30,96.38,98.11,96.25,98.02,5356016.0
2018-07-31,98.25,99.2,97.53,98.81,4957761.0
2018-08-01,98.74,99.35,98.44,98.7,4971802.0
2018-08-02,97.95,100.39,97.84,99.47,4321033.0
2018-08-03,99.18,100.69,98.88,100.58,4572145.0
2018-08-06,100.4,102.59,100.22,102.0,5090940.0
2018-08-07,101.79,103.81,101.68,101.94,5095174.0
2018-08-08,101.85,102.67,101.43,102.27,3901584.0
2018-08-09,102.06,102.72,101.92,102.19,3298367.0
2018-08-10,102.15,103.19,101.99,102.25,2783767.0
2018-08-13,102.45,102.68,102.11,102.44,2816376.0
2018-08-14,101.77,102.84,101.27,102.44,3283946.0
2018-08-15,102.28,103.44,102.08,103.33,3143222.0
2018-08-16,103.25,104.94,103.25,104.36,4427168.0
2018-08-17,104.43,105.92,103.96,105.55,3824340.0
2018-08-20,105.58,106.38,105.58,105.82,2765514.0
2018-08-21,106.02,106.13,104.72,105.07,2775584.0
2018-08-22,104.8,105.63,104.15,105.03,1964353.0
2018-08-23,104.99,105.25,104.39,104.82,2043366.0
2018-08-24,105.57,106.04,104.53,105.77,3089852.0
2018-08-27,106.15,106.49,104.94,105.11,2452478.0
2018-08-28,105.03,105.59,104.59,105.18,2516832.0
2018-08-29,104.4,105.59,104.28,105.33,2949508.0
2018-08-30,105.18,105.74,104.94,105.48,2928553.0
2018-08-31,105.14,105.86,104.47,105.65,3278851.0
2018-09-04,105.31,105.7,104.38,104.62,3106984.0
2018-09-05,104.85,106.11,104.7,105.72,3366560.0
2018-09-06,105.67,105.75,103.66,105.37,3180701.0
2018-09-07,105.15,107.24,104.8,107.03,3822938.0
2018-09-10,107.5,107.84,106.39,106.42,2950800.0
2018-09-11,106.41,106.62,105.52,105.64,3516440.0
2018-09-12,105.81,106.49,105.51,105.97,3925971.0
2018-09-13,106.16,106.71,105.82,106.58,5167412.0
2018-09-14,106.57,106.69,105.4,105.77,3103127.0
2018-09-17,105.61,106.77,105.05,105.71,4972164.0
2018-09-18,105.87,107.19,105.11,106.88,3668807.0
2018-09-19,106.88,107.07,105.5,105.74,3270389.0
2018-09-20,105.72,106.11,104.22,106.07,3761998.0
2018-09-21,106.23,106.87,105.35,106.33,5333680.0
2018-09-24,105.95,106.67,105.59,105.59,3095472.0
2018-09-25,106.01,106.76,105.54,105.7,3775742.0
2018-09-26,106.06,107.37,106.01,106.31,3707259.0
2018-09-27,106.49,107.17,106.21,106.69,2093719.0
2018-09-28,106.77,107.74,106.3,107.31,2812344.0
2018-10-01,107.67,107.71,107.03,107.6,2707981.0
2018-10-02,107.5,108.14,107.19,107.96,3787914.0
2018-10-03,108.47,109.61,108.24,108.62,5097152.0
2018-10-04,113.62,115.68,111.04,112.99,10940820.0
2018-10-05,114.09,115.45,114.09,115.02,8330288.0
2018-10-08,114.85,116.61,114.77,115.46,6002313.0
2018-10-09,115.09,116.0,114.23,115.45,4715996.0
2018-10-10,114.96,115.37,113.25,113.34,5602901.0
2018-10-11,113.09,113.32,106.58,107.91,7226578.0
2018-10-12,109.0,111.02,108.43,110.48,4519158.0
2018-10-15,110.5,111.81,109.98,110.62,3884714.0
2018-10-16,110.84,111.22,109.93,111.03,4192834.0
2018-10-17,110.98,113.77,110.86,113.59,4402132.0
2018-10-18,113.93,114.25,112.41,113.31,3619647.0
2018-10-19,112.88,113.36,110.66,111.92,4224178.0
2018-10-22,112.0,112.72,111.37,112.03,2938281.0
2018-10-23,110.7,111.46,109.06,110.39,3756996.0
2018-10-24,110.22,111.15,106.19,106.32,6739409.0
2018-10-25,106.43,108.82,104.17,107.89,4114808.0
2018-10-26,107.05,107.47,105.06,106.39,4464491.0
2018-10-29,107.45,109.08,106.3,107.4,3587793.0
2018-10-30,107.23,108.51,107.08,108.34,3325906.0
2018-10-31,109.59,110.43,108.35,108.44,4349230.0
2018-11-01,108.74,109.23,107.33,107.86,3639419.0
2018-11-02,108.14,108.39,105.93,106.75,3577348.0
2018-11-05,110.43,112.08,109.76,110.14,7368580.0
2018-11-06,109.0,109.3,104.95,105.9,6803677.0
2018-11-07,106.85,110.78,106.72,109.72,5875413.0
2018-11-08,109.49,110.94,109.01,110.1,3666296.0
2018-11-09,110.42,112.54,109.7,112.21,5054447.0
2018-11-12,112.26,114.71,112.26,113.2,5078884.0
2018-11-13,114.25,114.25,111.83,112.39,4239691.0
2018-11-14,112.36,112.65,109.74,109.81,5392810.0
2018-11-15,109.18,112.23,108.54,112.2,4796847.0
2018-11-16,111.68,114.3,111.67,113.83,4766426.0
2018-11-19,113.0,116.1,113.0,115.81,4869819.0
2018-11-20,114.88,116.2,114.32,114.72,4877472.0
2018-11-21,114.28,114.28,112.13,112.23,3619688.0
2018-11-23,111.86,113.81,111.4,112.87,1896989.0
2018-11-26,111.26,113.6,110.97,112.38,3296174.0
2018-11-27,112.28,114.25,111.71,114.22,3263212.0
2018-11-28,114.73,115.83,113.76,115.53,4814474.0
2018-11-29,115.3,117.93,114.97,117.0,4688290.0
2018-11-30,117.61,118.71,116.22,118.64,8965653.0
2018-12-03,118.64,118.69,117.54,118.52,4290056.0
2018-12-04,118.65,119.84,116.32,116.52,5676621.0
2018-12-06,115.32,115.99,112.98,115.84,5064370.0
2018-12-07,115.53,115.78,112.77,113.58,4128118.0
2018-12-10,113.6,114.65,111.02,114.09,3832638.0
2018-12-11,114.84,115.62,113.92,114.5,3806777.0
2018-12-12,115.48,115.74,114.27,114.34,3758775.0
2018-12-13,114.62,115.15,113.84,114.86,3609870.0
2018-12-14,114.29,114.58,111.24,111.93,5306062.0
2018-12-17,111.21,111.3,107.72,108.36,6121672.0
2018-12-18,109.43,109.66,105.67,106.5,6864411.0
2018-12-19,111.54,111.54,107.7,109.11,8362827.0
2018-12-20,109.1,110.16,108.12,109.29,8362313.0
2018-12-21,109.29,111.51,108.68,109.42,13154487.0
2018-12-24,109.35,109.41,106.63,106.75,3283982.0
2018-12-26,106.76,111.09,106.43,111.09,3792440.0
2018-12-27,110.24,112.9,108.73,112.89,4101569.0
2018-12-28,113.4,115.09,112.59,114.2,3983974.0
2018-12-31,114.34,115.85,114.24,115.72,2731012.0
2019-01-02,114.79,115.43,112.75,114.88,4247101.0
2019-01-03,114.72,114.74,111.1,111.31,4203286.0
2019-01-04,112.21,114.84,111.74,114.66,5795155.0
2019-01-07,112.37,116.44,112.05,115.28,7749593.0
2019-01-08,115.69,116.42,114.52,116.34,3428938.0
2019-01-09,116.37,118.22,116.22,117.21,5820142.0
2019-01-10,117.09,117.22,114.97,115.94,4282265.0
2019-01-11,115.27,116.21,115.1,116.18,2648795.0
2019-01-14,115.2,115.25,114.33,114.68,4404603.0
2019-01-15,113.91,118.22,113.4,117.09,5097713.0
2019-01-16,116.99,118.07,116.48,116.8,2920573.0
2019-01-17,116.81,119.2,116.55,119.16,4401880.0
2019-01-18,115.58,116.9,115.02,116.59,8886961.0
2019-01-22,115.69,117.11,115.69,117.09,4377479.0
2019-01-23,117.11,118.9,116.92,118.79,4012069.0
2019-01-24,118.22,118.22,114.2,114.99,6946450.0
2019-01-25,115.34,115.35,114.04,114.97,4599052.0
2019-01-28,114.72,115.11,113.54,115.03,3590920.0
2019-01-29,114.39,115.95,113.91,115.71,3767564.0
2019-01-30,115.53,117.08,115.53,116.94,4362867.0
2019-01-31,116.94,120.14,116.73,119.86,5746070.0
2019-02-01,120.32,120.99,119.13,120.89,4171696.0
2019-02-04,121.21,121.84,118.69,120.17,4518418.0
2019-02-05,120.72,121.74,120.4,120.43,8832402.0
2019-02-06,118.67,120.82,117.74,119.27,7421020.0
2019-02-07,119.0,119.33,116.86,117.5,7935029.0
2019-02-08,117.73,121.43,117.45,119.6,16195395.0
2019-02-11,119.2,119.94,117.04,118.01,7203060.0
2019-02-12,117.76,119.9,117.5,119.49,6975683.0
2019-02-13,119.6,120.28,118.11,119.65,12738558.0
2019-02-14,118.94,121.25,118.8,120.75,17847187.0
2019-02-15,121.18,122.48,120.4,122.48,10366435.0
2019-02-19,121.31,123.33,121.3,122.13,17861446.0
2019-02-20,122.38,123.05,121.61,122.66,19880296.0
2019-02-21,122.06,123.76,121.8,122.72,20798847.0
2019-02-22,122.73,124.74,122.65,124.0,19574004.0
2019-02-25,124.1,124.67,123.47,123.89,13682426.0
2019-02-26,123.86,125.16,123.32,124.67,20791003.0
2019-02-27,124.49,126.48,124.08,125.68,32135797.0
2019-02-28,125.52,127.77,125.2,126.29,36023631.0
2019-03-01,127.25,129.42,126.58,128.84,43291166.0
2019-03-04,130.51,130.51,125.34,127.46,59468814.0
2019-03-05,128.4,128.87,126.72,128.49,53212630.0
2019-03-06,128.75,128.79,125.39,126.68,74822867.0
2019-03-07,126.41,127.19,125.13,126.34,60615568.0
2019-03-08,126.37,126.98,125.25,126.7,50169777.0
2019-03-11,122.8,124.91,122.51,123.5,61771249.0
2019-03-12,123.5,124.02,122.68,123.5,8077894.0
2019-03-13,124.6,130.75,123.16,124.31,68139302.0
2019-03-14,124.98,124.98,122.51,123.08,42768796.0
2019-03-15,123.1,124.16,121.96,123.94,47331005.0
2019-03-18,123.99,125.35,123.5,125.24,16052335.0
2019-03-19,125.26,126.65,125.14,126.59,13726265.0
2019-03-20,127.54,129.1,126.83,128.16,7520705.0
2019-03-21,126.88,128.98,126.64,128.31,5704385.0
2019-03-22,128.73,129.48,127.43,128.3,15332895.0
2019-03-25,128.61,130.58,128.41,129.87,5972779.0
2019-03-26,130.24,132.13,129.7,131.02,5872941.0
2019-03-27,130.96,131.56,128.52,128.77,7675098.0
2019-03-28,129.34,129.9,128.87,128.95,6112929.0
2019-03-29,129.01,129.94,128.98,129.76,5729087.0
2019-04-01,130.71,131.35,129.05,129.05,5132275.0
2019-04-02,129.04,129.57,128.24,129.32,3214621.0
2019-04-03,129.11,129.25,126.84,127.05,4425479.0
2019-04-04,127.34,127.35,124.61,125.61,5540197.0
2019-04-05,126.49,127.01,125.61,126.99,4656359.0
2019-04-08,126.5,127.28,126.09,127.16,3430908.0
2019-04-09,126.76,128.12,126.6,127.24,4215648.0
2019-04-10,127.56,127.97,126.93,127.19,4227063.0
2019-04-11,126.86,127.32,124.51,125.15,5520681.0
2019-04-12,125.24,125.24,123.02,123.06,5470362.0
2019-04-15,123.77,124.35,123.16,124.08,4549115.0
2019-04-16,124.93,124.93,119.79,119.96,6573485.0
2019-04-17,120.0,120.06,115.89,116.5,14842845.0
2019-04-18,116.23,116.65,114.14,115.2,9805773.0
2019-04-22,115.04,115.57,113.65,115.47,7519732.0
2019-04-23,116.04,117.89,115.43,117.49,5891462.0
2019-04-24,118.29,118.43,117.23,118.0,4254080.0
2019-04-25,117.75,118.68,116.75,118.23,3425006.0
2019-04-26,118.83,119.92,118.67,119.87,3372541.0
2019-04-29,119.9,120.01,119.25,119.6,4097385.0
2019-04-30,116.61,117.14,114.91,117.04,7548382.0
2019-05-01,117.05,119.53,116.56,118.18,5392077.0
2019-05-02,118.44,118.57,116.86,118.46,4169249.0
2019-05-03,118.44,118.44,116.54,116.91,5695485.0
2019-05-06,115.82,117.08,115.3,116.65,5952074.0
2019-05-07,116.3,116.49,114.46,114.94,5127210.0
2019-05-08,115.85,116.89,115.23,116.25,2992573.0
2019-05-09,115.86,116.15,114.78,115.8,5818894.0
2019-05-10,115.63,116.32,114.22,116.22,3660485.0
2019-05-13,114.86,115.19,113.87,114.37,4284654.0
2019-05-14,114.73,115.53,114.53,114.94,3668359.0
2019-05-15,115.25,115.84,114.32,115.62,3724484.0
2019-05-16,114.57,117.68,114.57,116.73,3914074.0
2019-05-17,115.7,116.65,115.22,116.01,3109760.0
2019-05-20,115.87,116.3,115.0,116.23,3042762.0
2019-05-21,117.04,117.79,116.53,116.58,2611127.0
2019-05-22,116.12,118.39,116.12,117.98,3934227.0
2019-05-23,117.76,117.96,116.48,116.81,3653517.0
2019-05-24,117.53,117.55,116.45,116.79,2086492.0
2019-05-28,117.09,118.41,115.7,115.76,5007231.0
2019-05-29,115.61,115.8,114.43,115.49,5915784.0
2019-05-30,115.49,116.3,114.96,115.9,2392848.0
2019-05-31,115.34,117.58,114.99,115.94,6098447.0
2019-06-03,116.53,117.72,116.04,116.77,4722140.0
2019-06-04,118.08,118.93,117.41,117.56,3122814.0
2019-06-05,118.03,118.38,116.53,117.02,4175988.0
2019-06-06,117.52,118.94,117.27,117.5,3882788.0
2019-06-07,118.19,118.94,117.89,118.35,2726282.0
2019-06-10,116.0,116.0,113.88,113.93,8172376.0
2019-06-11,114.78,115.59,111.85,112.21,5681300.0
2019-06-12,112.5,115.5,112.5,115.24,3793939.0
2019-06-13,115.4,115.4,110.61,111.82,8477341.0
2019-06-14,112.13,112.25,111.01,111.74,3188051.0
2019-06-17,111.64,113.42,111.34,113.4,3032339.0
2019-06-18,113.65,114.83,113.22,114.65,2868693.0
2019-06-19,115.02,115.99,114.34,115.23,3320718.0
2019-06-20,116.35,117.07,115.26,115.56,2840116.0
2019-06-21,115.74,115.93,114.81,115.49,4024596.0
2019-06-24,115.08,116.15,114.71,115.63,2570460.0
2019-06-25,115.51,116.83,115.17,115.36,2110156.0
2019-06-26,114.81,114.95,110.62,111.34,4677503.0
2019-06-27,111.74,112.21,111.16,111.47,3615883.0
2019-06-28,111.8,111.83,110.02,110.79,8958684.0
2019-07-01,111.31,112.84,110.64,112.74,3238667.0
2019-07-02,112.82,114.21,112.4,114.2,2344708.0
2019-07-03,114.87,115.47,113.78,114.42,3707683.0
2019-07-05,114.05,114.37,112.55,112.82,2444038.0
2019-07-08,112.47,112.79,110.91,111.52,2998716.0
2019-07-09,111.85,113.36,111.85,113.08,2717664.0
2019-07-10,113.27,114.65,112.67,114.53,3339127.0
2019-07-11,111.53,112.24,109.1,109.82,6589644.0
2019-07-12,109.47,109.47,105.15,108.29,7211104.0
2019-07-15,108.3,109.16,107.59,108.47,4405586.0
2019-07-16,109.0,109.19,107.97,108.82,2206469.0
2019-07-17,109.35,109.65,107.08,107.09,3507528.0
2019-07-18,107.83,108.48,107.24,108.34,3232898.0
2019-07-19,108.5,108.52,106.58,106.79,4821024.0
2019-07-22,106.92,107.36,105.87,107.27,2894549.0
2019-07-23,107.5,109.4,106.06,108.22,5098250.0
2019-07-24,108.35,109.66,107.16,108.52,3762654.0
2019-07-25,108.57,110.38,107.68,107.82,4597004.0
2019-07-26,107.92,109.23,107.54,108.27,3470705.0
2019-07-29,108.07,110.24,108.07,108.72,3192491.0
2019-07-30,108.3,110.02,107.0,108.69,4664226.0
2019-07-31,108.06,110.71,107.61,108.95,5535653.0
2019-08-01,109.02,110.74,108.31,110.51,3678958.0
2019-08-02,110.96,113.27,110.58,112.42,4477651.0
2019-08-05,111.38,112.49,107.44,108.71,4765810.0
2019-08-06,109.47,112.12,109.04,111.4,5490049.0
2019-08-07,110.37,111.38,108.53,111.12,4231696.0
2019-08-08,111.96,114.54,111.64,113.97,4815896.0
2019-08-09,113.24,114.55,112.35,113.77,2788109.0
2019-08-12,112.9,114.06,112.29,113.6,2244219.0
2019-08-13,113.53,116.14,113.43,115.7,5322106.0
2019-08-14,114.86,114.87,110.22,110.29,4937899.0
2019-08-15,110.42,111.31,109.21,110.23,3939890.0
2019-08-16,110.94,111.33,109.29,110.52,3497595.0
2019-08-19,111.05,112.94,110.79,112.53,2903526.0
2019-08-20,112.33,112.88,110.91,111.01,2074810.0
2019-08-21,112.0,112.44,110.0,111.46,2207306.0
2019-08-22,111.44,112.27,110.79,111.61,1840186.0
2019-08-23,111.46,112.56,108.88,109.51,3870286.0
2019-08-26,110.61,111.82,110.25,111.78,2565480.0
2019-08-27,112.31,112.88,110.73,110.73,2945278.0
2019-08-28,110.33,111.54,109.79,110.97,1744383.0
2019-08-29,111.81,112.38,110.6,112.25,2708553.0
2019-08-30,112.82,114.17,111.92,112.97,2870678.0
2019-09-03,112.54,114.02,112.19,113.96,3710342.0
2019-09-04,114.38,114.5,112.45,113.25,3758039.0
2019-09-05,113.96,115.44,113.26,114.6,4045864.0
2019-09-06,114.78,114.99,113.84,114.05,2904651.0
2019-09-09,114.52,114.52,110.35,111.07,4982379.0
2019-09-10,108.37,111.13,106.4,111.1,6589495.0
2019-09-11,111.78,112.0,110.29,111.69,3404057.0
2019-09-12,111.92,112.42,111.12,111.47,3578469.0
2019-09-13,111.74,112.15,110.24,110.89,2842551.0
2019-09-16,110.42,110.53,109.21,110.13,1728877.0
2019-09-17,110.33,111.19,109.63,111.12,2489451.0
2019-09-18,111.44,112.91,111.17,112.72,3165105.0
2019-09-19,112.86,115.11,112.39,114.35,3947358.0
2019-09-20,115.93,117.23,114.47,116.16,7543885.0
2019-09-23,116.0,116.54,113.97,114.18,2933808.0
2019-09-24,114.36,114.55,111.94,113.25,3578773.0
2019-09-25,112.88,113.85,111.31,111.39,3117780.0
2019-09-26,112.04,112.66,110.69,111.82,2684304.0
2019-09-27,112.35,113.37,111.38,112.37,1906299.0
2019-09-30,112.4,113.45,111.69,111.83,2580818.0
2019-10-01,111.94,112.45,110.41,110.96,2493452.0
2019-10-02,110.33,110.64,106.66,107.0,4556003.0
2019-10-03,107.09,108.1,106.21,107.29,2875446.0
2019-10-04,107.49,108.26,107.0,108.2,2889307.0
2019-10-07,108.31,108.65,107.57,107.83,1506055.0
2019-10-08,106.89,108.33,105.95,107.19,2841693.0
2019-10-09,107.56,108.15,106.88,107.3,1637391.0
2019-10-10,107.03,107.49,106.58,106.92,2797589.0
2019-10-11,107.75,109.14,107.59,108.36,2558319.0
2019-10-14,108.52,109.13,107.88,107.9,1371611.0
2019-10-15,108.35,110.1,108.22,109.7,1761041.0
2019-10-16,109.18,109.48,107.79,107.95,2316857.0
2019-10-17,109.22,109.46,108.26,108.46,2268095.0
2019-10-18,108.31,108.94,107.9,108.64,2207095.0
2019-10-21,108.87,109.0,107.77,107.91,4079997.0
2019-10-22,109.98,111.46,108.89,109.84,5750365.0
2019-10-23,106.0,107.75,101.36,107.4,9115337.0
2019-10-24,107.5,108.21,106.25,107.84,3315208.0
2019-10-25,108.08,110.59,107.54,110.2,4234636.0
2019-10-28,110.62,113.19,110.62,112.99,4168518.0
2019-10-29,112.5,112.81,111.5,111.67,2987828.0
2019-10-30,111.37,113.21,111.26,112.72,2424676.0
2019-10-31,112.36,114.67,112.0,113.95,4124383.0
2019-11-01,114.07,114.51,112.31,112.51,2629123.0
2019-11-04,113.24,114.33,112.86,113.11,3002129.0
2019-11-05,112.95,113.08,110.51,111.25,3357293.0
2019-11-06,111.57,114.29,111.51,113.82,3973691.0
2019-11-07,114.23,114.63,112.03,112.77,3076343.0
2019-11-08,112.65,113.57,112.1,113.53,2224211.0
2019-11-11,113.46,114.21,112.22,112.8,1770222.0
2019-11-12,112.77,114.04,112.45,113.17,2273221.0
2019-11-13,112.87,113.53,112.25,112.79,3275038.0
2019-11-14,112.19,112.36,111.0,111.39,2627138.0
2019-11-15,111.33,113.82,111.33,113.19,4857381.0
2019-11-18,113.02,114.13,112.86,114.07,3361591.0
2019-11-19,114.03,116.12,113.75,115.1,3781612.0
2019-11-20,114.96,115.92,114.05,114.61,3638226.0
2019-11-21,114.7,115.52,113.29,114.75,2909502.0
2019-11-22,115.09,116.68,114.71,116.2,3120074.0
2019-11-25,116.6,118.46,116.6,117.47,2939682.0
2019-11-26,117.47,118.11,117.0,117.09,4705350.0
2019-11-27,117.73,117.9,116.62,117.44,1798268.0
2019-11-29,117.23,118.04,117.17,117.35,1243926.0
2019-12-02,117.52,118.25,116.1,116.74,2200267.0
2019-12-03,116.4,117.92,115.92,117.61,3052711.0
2019-12-04,118.28,118.84,117.57,118.67,2597005.0
2019-12-05,118.4,119.92,117.54,119.77,3003189.0
2019-12-06,119.97,120.71,119.58,119.64,2462830.0
2019-12-09,119.53,120.84,118.94,120.24,2344005.0
2019-12-10,120.56,121.15,120.11,120.65,3592725.0
2019-12-11,120.56,121.2,119.98,120.78,3438106.0
2019-12-12,120.56,121.93,120.56,121.7,2959433.0
2019-12-13,121.98,122.19,120.72,121.53,3343900.0
2019-12-16,123.07,124.26,122.06,122.85,3468563.0
2019-12-17,124.0,127.03,123.31,125.33,6723678.0
2019-12-18,127.88,129.98,127.69,129.48,8173458.0
2019-12-19,129.08,130.99,128.34,130.85,4423412.0
2019-12-20,132.49,137.0,131.24,132.43,9230757.0
2019-12-23,132.39,132.58,131.03,131.15,2473592.0
2019-12-24,131.07,131.21,130.13,131.11,1215797.0
2019-12-26,131.0,131.7,130.66,131.14,1272183.0
2019-12-27,131.57,131.77,130.84,131.52,2161345.0
2019-12-30,131.52,131.93,130.87,131.3,1856229.0
2019-12-31,131.18,131.52,130.5,131.43,1549861.0
2020-01-02,131.77,132.26,130.73,132.21,1927432.0
2020-01-03,130.3,132.47,130.23,131.77,1963912.0
2020-01-06,131.42,132.56,130.94,132.26,2102920.0
2020-01-07,131.7,132.93,131.7,132.51,2448943.0
2020-01-08,132.46,134.21,132.01,133.71,5188559.0
2020-01-09,134.55,136.36,134.01,135.92,4524048.0
2020-01-10,135.78,138.27,135.53,138.0,4177719.0
2020-01-13,138.2,139.99,137.89,138.94,5117116.0
2020-01-14,138.99,140.9,138.12,140.65,4685251.0
2020-01-15,140.58,141.69,140.01,141.11,3676480.0
2020-01-16,141.83,141.97,139.85,141.43,3794808.0
2020-01-17,140.88,141.74,139.36,139.58,5393587.0
2020-01-21,139.5,141.57,138.43,140.91,4849620.0
2020-01-22,141.25,142.25,140.69,141.56,2742065.0
2020-01-23,141.25,141.74,139.88,141.21,3138694.0
2020-01-24,141.85,141.99,138.7,139.07,3183268.0
2020-01-27,137.34,139.1,137.34,138.31,2826627.0
2020-01-28,138.69,139.88,138.23,139.26,2649056.0
2020-01-29,139.51,141.14,138.97,139.92,2816298.0
2020-01-30,138.18,143.72,138.1,142.67,5243822.0
2020-01-31,142.85,142.85,139.47,139.64,3913487.0
2020-02-03,140.53,141.57,139.68,141.0,5137780.0
2020-02-04,142.3,144.07,141.78,143.44,3177572.0
2020-02-05,144.78,147.36,144.53,147.35,4061100.0
2020-02-06,147.74,147.87,146.81,147.3,3285190.0
2020-02-07,147.22,147.22,145.38,146.41,2670411.0
2020-02-10,141.5,145.55,141.12,145.51,4892179.0
2020-02-11,145.73,145.86,143.18,144.25,2976514.0
2020-02-12,144.67,144.9,143.49,143.51,3953354.0
2020-02-13,142.86,143.74,141.79,141.8,3455635.0
2020-02-14,142.25,142.32,140.57,141.12,2274126.0
2020-02-18,141.02,141.96,140.53,141.01,2858223.0
2020-02-19,141.62,141.84,140.36,140.83,3082771.0
2020-02-20,141.63,142.81,141.19,142.0,3416988.0
2020-02-21,141.34,142.65,140.33,142.04,2900958.0
2020-02-24,139.28,141.59,137.87,138.15,4727778.0
2020-02-25,138.94,139.23,134.62,135.41,3401770.0
2020-02-26,136.03,137.02,133.31,133.53,4659289.0
2020-02-27,133.33,134.67,129.05,129.19,4292823.0
2020-02-28,126.38,126.8,121.51,126.13,7898390.0
2020-03-02,127.74,133.0,126.21,132.84,7355667.0
2020-03-03,133.28,135.65,128.69,130.31,6936631.0
2020-03-04,133.03,140.86,133.0,140.38,5301949.0
2020-03-05,138.38,141.91,137.53,140.15,6882129.0
2020-03-06,136.12,142.36,135.55,141.46,8010654.0
2020-03-09,134.02,140.93,133.31,135.72,5351578.0
2020-03-10,139.23,141.93,134.72,141.19,5961351.0
2020-03-11,139.46,141.84,137.39,140.02,7211964.0
2020-03-12,130.79,136.5,125.93,126.02,7836650.0
2020-03-13,132.95,139.37,128.51,139.37,6841696.0
2020-03-16,131.0,138.68,128.25,129.38,6619710.0
2020-03-17,133.21,143.59,131.1,143.2,8909251.0
2020-03-18,136.34,144.0,134.08,143.09,6734850.0
2020-03-19,142.49,142.98,131.12,133.09,6555120.0
2020-03-20,132.16,132.25,120.23,122.4,9113640.0
2020-03-23,120.95,126.88,117.06,119.05,7299342.0
2020-03-24,123.24,124.6,117.41,122.89,6827409.0
2020-03-25,120.12,126.14,119.21,121.94,6472192.0
2020-03-26,123.29,135.74,121.94,134.35,6723870.0
2020-03-27,130.65,137.61,130.2,134.11,4717376.0
2020-03-30,133.87,141.77,133.51,138.44,5057365.0
2020-03-31,136.96,142.02,134.52,138.72,7561617.0
2020-04-01,134.0,137.19,132.98,136.42,3297943.0
2020-04-02,135.35,142.8,133.03,142.18,4725051.0
2020-04-03,140.92,144.6,138.46,139.66,4013280.0
2020-04-06,142.27,143.5,140.3,141.61,4159869.0
2020-04-07,143.13,144.8,140.05,141.88,3900683.0
2020-04-08,142.05,147.25,140.5,146.22,4006811.0
2020-04-09,144.51,146.4,143.55,145.73,4415537.0
2020-04-13,144.97,146.59,142.88,144.42,2289127.0
2020-04-14,147.28,151.55,144.05,151.11,3809624.0
2020-04-15,148.94,153.4,148.51,151.18,3614430.0
2020-04-16,152.89,155.59,152.0,154.73,3512945.0
2020-04-17,155.42,157.67,153.03,157.29,3709893.0
2020-04-20,156.63,160.2,155.61,157.79,2562267.0
2020-04-21,155.41,155.8,151.41,152.67,4270235.0
2020-04-22,154.61,157.28,153.57,156.71,3279266.0
2020-04-23,157.18,162.56,154.0,159.93,5692905.0
2020-04-24,162.0,164.9,160.61,162.93,4414235.0
2020-04-27,164.0,164.5,160.72,161.29,3210509.0
2020-04-28,160.94,161.98,156.59,157.3,3270605.0
2020-04-29,157.76,158.03,154.67,155.16,3241034.0
2020-04-30,155.2,156.98,153.28,154.64,4175767.0
2020-05-01,153.72,154.6,151.57,153.63,2576671.0
2020-05-04,154.65,156.0,151.26,153.28,2228949.0
2020-05-05,153.8,159.22,152.75,157.89,2862645.0
2020-05-06,158.46,158.94,156.35,156.68,1964792.0
2020-05-07,157.5,157.69,152.72,152.97,2330591.0
2020-05-08,154.2,154.42,152.55,153.51,1967688.0
2020-05-11,153.47,159.47,153.08,158.55,3196292.0
2020-05-12,159.87,161.4,157.59,157.72,2329658.0
2020-05-13,157.03,159.35,156.04,157.93,2649972.0
2020-05-14,155.94,158.95,153.81,158.38,2393935.0
2020-05-15,158.63,159.51,156.03,159.23,2824638.0
2020-05-18,161.34,162.37,157.11,157.96,2703730.0
2020-05-19,156.85,159.13,155.28,156.7,2339430.0
2020-05-20,155.27,157.43,151.61,153.13,3780795.0
2020-05-21,153.15,153.15,149.72,152.28,3049756.0
2020-05-22,152.22,152.56,150.17,151.16,2354972.0
2020-05-26,151.11,151.76,147.16,147.96,5013422.0
2020-05-27,148.17,148.17,143.62,145.7,5376334.0
2020-05-28,147.43,152.1,146.51,150.65,3983510.0
2020-05-29,151.66,153.64,149.94,152.95,9466743.0
2020-06-01,154.47,154.99,150.89,152.45,5235562.0
2020-06-02,152.08,154.08,151.04,153.86,3269734.0
2020-06-03,153.34,154.39,150.85,152.53,3190321.0
2020-06-04,152.21,153.54,149.71,150.71,3328760.0
2020-06-05,149.7,151.76,148.34,149.21,4579125.0
2020-06-08,146.75,149.25,146.52,149.21,4076682.0
2020-06-09,149.75,151.75,149.11,149.13,4302321.0
2020-06-10,149.96,152.4,149.84,151.0,4940240.0
2020-06-11,151.85,152.24,143.05,144.08,4547384.0
2020-06-12,145.54,146.38,141.47,143.54,3973250.0
2020-06-15,142.0,142.9,139.68,141.52,3710714.0
2020-06-16,156.32,167.43,155.0,163.71,15029908.0
2020-06-17,164.23,164.36,159.4,159.97,4711157.0
2020-06-18,159.2,162.97,158.2,161.07,3631610.0
2020-06-19,162.23,162.48,158.26,159.94,6004898.0
2020-06-22,159.18,161.48,158.92,160.45,2647611.0
2020-06-23,160.89,162.87,158.95,159.34,2771597.0
2020-06-24,158.55,159.79,156.33,157.03,3095967.0
2020-06-25,157.64,163.39,156.71,162.86,3735845.0
2020-06-26,162.33,163.79,160.18,162.83,5290721.0
2020-06-29,163.85,164.21,161.03,162.72,2640297.0
2020-06-30,163.11,165.17,162.3,164.18,3296344.0
2020-07-01,164.32,165.47,162.52,163.3,2065209.0
2020-07-02,164.07,164.77,162.37,163.87,1960202.0
2020-07-06,164.46,168.92,164.01,166.89,2760124.0
2020-07-07,166.12,168.38,165.27,166.75,3273315.0
2020-07-08,166.84,169.82,166.84,169.13,2782025.0
2020-07-09,169.88,170.75,163.71,166.45,2955246.0
2020-07-10,166.14,166.14,162.74,163.36,2245221.0
2020-07-13,164.61,167.0,161.04,162.08,3455741.0
2020-07-14,162.88,164.77,161.53,163.88,2642956.0
2020-07-15,165.19,166.48,163.9,165.45,2346191.0
2020-07-16,164.95,165.44,162.6,165.0,1486791.0
2020-07-17,166.04,167.26,165.11,165.96,3027743.0
2020-07-20,166.49,167.71,165.73,167.04,1806386.0
2020-07-21,166.87,167.23,164.76,165.3,1540685.0
2020-07-22,165.54,165.85,162.33,164.84,1686461.0
2020-07-23,165.26,165.46,160.79,161.52,2408773.0
2020-07-24,161.47,161.47,158.45,159.54,2247922.0
2020-07-27,159.6,161.74,158.59,160.5,2709788.0
2020-07-28,161.67,165.41,161.35,162.65,3483155.0
2020-07-29,162.53,163.03,161.1,161.75,3108858.0
2020-07-30,158.45,158.5,150.45,153.0,6638127.0
2020-07-31,153.13,153.34,148.74,150.29,5342109.0
2020-08-03,152.8,153.85,151.22,152.84,3618435.0
2020-08-04,153.38,156.0,153.09,154.85,3260042.0
2020-08-05,157.31,157.49,153.3,154.34,2476460.0
2020-08-06,153.85,155.5,151.0,152.88,2176543.0
2020-08-07,152.96,153.5,151.58,152.93,2017370.0
2020-08-10,152.93,153.49,151.53,153.0,1745207.0
2020-08-11,153.14,153.14,150.2,150.63,2103351.0
2020-08-12,150.79,153.17,150.6,152.55,2430758.0
2020-08-13,150.82,151.69,149.79,150.46,2077861.0
2020-08-14,149.8,151.69,149.15,150.09,1538044.0
2020-08-17,150.92,152.7,150.36,151.53,2704741.0
2020-08-18,152.15,153.15,151.15,153.11,1960131.0
2020-08-19,153.81,154.41,152.01,152.29,1939000.0
2020-08-20,152.55,152.85,150.85,151.34,1830243.0
2020-08-21,151.34,151.35,147.95,149.26,3111979.0
2020-08-24,150.05,150.4,148.25,149.52,2268439.0
2020-08-25,150.36,151.31,149.31,149.68,2216224.0
2020-08-26,149.19,149.46,147.41,149.26,3029691.0
2020-08-27,150.58,150.94,148.94,148.97,3146090.0
2020-08-28,148.84,149.15,146.98,147.34,2102621.0
2020-08-31,147.35,148.79,147.03,148.39,4430706.0
2020-09-01,148.61,149.2,146.65,147.3,2359277.0
2020-09-02,146.79,150.0,146.51,149.55,2407127.0
2020-09-03,152.19,153.37,147.46,149.02,4226126.0
2020-09-04,148.77,152.58,147.95,150.91,4361833.0
2020-09-08,150.95,151.31,148.5,149.31,4351532.0
2020-09-09,150.62,154.12,150.31,151.97,2328525.0
2020-09-10,149.88,150.6,145.72,146.22,3961343.0
2020-09-11,147.56,149.19,146.88,148.09,3001470.0
2020-09-14,149.09,150.51,147.47,149.0,3072507.0
2020-09-15,149.96,151.87,149.41,150.08,2923507.0
2020-09-16,151.72,152.68,150.79,150.96,3619715.0
2020-09-17,150.13,152.68,149.46,152.47,3620831.0
2020-09-18,152.04,154.5,152.04,154.17,13210113.0
2020-09-21,153.17,153.66,149.06,151.18,3501584.0
2020-09-22,150.91,151.57,149.15,149.86,2926393.0
2020-09-23,150.05,151.59,148.7,149.81,3546101.0
2020-09-24,149.26,149.66,147.37,148.81,3424319.0
2020-09-25,148.39,150.4,147.85,150.26,2440587.0
2020-09-28,151.0,151.58,147.9,148.1,2427522.0
2020-09-29,147.98,148.44,145.93,146.26,3308955.0
2020-09-30,146.4,148.44,145.06,148.02,5083858.0
2020-10-01,148.33,148.71,144.06,144.29,3809247.0
2020-10-02,143.67,146.94,143.27,145.21,3879999.0
2020-10-05,145.07,147.47,144.18,146.63,2790616.0
2020-10-06,146.93,147.83,143.93,144.13,2409309.0
2020-10-07,148.52,149.89,146.85,148.96,4602829.0
2020-10-08,152.4,153.94,150.5,153.5,4686102.0
2020-10-09,154.09,157.15,154.07,156.88,4590567.0
2020-10-12,156.83,157.15,154.42,154.49,3242667.0
2020-10-13,153.0,154.33,148.55,150.08,5963891.0
2020-10-14,150.38,150.6,147.71,148.46,2710585.0
2020-10-15,146.51,146.91,145.38,146.78,3785950.0
2020-10-16,147.11,148.38,146.0,146.12,2919724.0
2020-10-19,147.0,147.41,142.21,142.8,3158872.0
2020-10-20,143.36,144.12,142.11,143.59,2188844.0
2020-10-21,142.29,143.33,141.21,141.31,1983653.0
2020-10-22,141.53,142.26,140.8,141.65,3057821.0
2020-10-23,142.24,144.7,141.72,142.38,2427462.0
2020-10-26,141.9,142.29,140.05,141.7,2947097.0
2020-10-27,133.02,136.08,131.87,131.9,11374611.0
2020-10-28,130.46,134.1,130.31,131.31,6188028.0
2020-10-29,132.0,133.13,130.38,132.55,4099914.0
2020-10-30,131.76,133.1,129.21,130.46,4336046.0
2020-11-02,132.54,133.95,129.99,131.63,3449595.0
2020-11-03,133.64,134.07,130.7,130.98,3628832.0
2020-11-04,134.91,151.98,134.91,148.59,12211676.0
2020-11-05,147.68,148.81,144.7,145.52,5730964.0
2020-11-06,145.05,147.39,139.1,142.74,6229782.0
2020-11-09,142.54,144.75,140.6,142.33,5493775.0
2020-11-10,147.6,149.2,143.79,146.56,5376964.0
2020-11-11,147.76,147.76,143.37,144.76,3046843.0
2020-11-12,142.93,143.46,139.86,141.03,3464669.0
2020-11-13,142.43,143.21,141.32,142.38,2144882.0
2020-11-16,143.06,144.3,140.0,140.59,4957963.0
2020-11-17,139.57,141.96,138.61,141.2,3619448.0
2020-11-18,141.9,142.42,140.13,140.17,2795172.0
2020-11-19,140.25,143.89,138.92,143.41,4626099.0
2020-11-20,142.84,147.09,142.84,145.49,5064305.0
2020-11-23,145.54,145.62,141.16,143.38,3794513.0
2020-11-24,143.39,145.64,143.11,144.9,4127874.0
2020-11-25,144.9,145.34,142.61,144.75,3223766.0
2020-11-27,145.65,147.92,145.36,147.44,1753995.0
2020-11-30,146.34,148.17,144.9,145.65,5842198.0
2020-12-01,146.69,148.06,145.26,145.56,3954412.0
2020-12-02,145.36,147.09,144.38,145.16,3757360.0
2020-12-03,145.7,146.5,143.13,144.11,4059610.0
2020-12-04,144.07,148.72,144.0,148.45,3058757.0
2020-12-07,147.3,148.33,146.48,147.42,2637180.0
2020-12-08,146.98,150.14,146.91,149.3,2754502.0
2020-12-09,154.59,158.94,153.68,158.0,8364372.0
2020-12-10,159.87,162.0,158.18,161.0,6430596.0
2020-12-11,159.72,161.18,159.06,160.04,3435693.0
2020-12-14,160.69,162.29,157.83,157.91,4390109.0
2020-12-15,159.43,168.23,158.05,167.43,6976079.0
2020-12-16,169.69,173.19,166.75,172.05,6009932.0
2020-12-17,171.73,173.9,171.1,172.63,3473825.0
2020-12-18,172.52,172.89,169.0,171.4,7356515.0
2020-12-21,168.88,169.0,165.8,168.78,3656017.0
2020-12-22,167.71,168.39,165.87,166.72,2448907.0
2020-12-23,167.45,168.0,165.47,165.48,1697282.0
2020-12-24,165.85,167.94,165.85,166.66,627229.0
2020-12-28,167.21,167.6,165.21,166.5,1482012.0
2020-12-29,166.63,167.75,165.91,166.58,1712024.0
2020-12-30,167.44,168.39,166.68,167.01,1413465.0
2020-12-31,167.07,169.14,166.29,168.84,1643767.0
2021-01-04,169.02,169.48,163.1,165.5,3164870.0
2021-01-05,165.19,166.66,163.2,166.32,2322787.0
2021-01-06,162.98,167.28,162.97,164.32,3619696.0
2021-01-07,164.18,167.12,161.78,165.83,3025518.0
2021-01-08,166.22,166.86,164.64,166.41,3438248.0
2021-01-11,185.0,189.3,182.02,185.94,11402288.0
2021-01-12,182.79,184.24,177.44,178.8,7179275.0
2021-01-13,179.83,187.62,179.34,185.5,7303875.0
2021-01-14,185.27,188.96,184.58,186.69,4413184.0
2021-01-15,186.8,191.78,186.8,190.77,6624572.0
2021-01-19,196.0,199.52,194.07,198.48,7729052.0
2021-01-20,198.77,201.77,198.68,201.26,5335808.0
2021-01-21,203.7,204.72,198.01,202.35,8702898.0
2021-01-22,202.04,206.54,200.56,206.14,6128788.0
2021-01-25,208.24,212.53,208.09,212.35,5959055.0
2021-01-26,212.55,213.23,210.6,212.72,6601482.0
2021-01-27,211.07,212.02,205.1,207.57,7358032.0
2021-01-28,208.0,211.84,207.57,210.12,5460392.0
2021-01-29,211.96,218.0,204.46,207.97,8401721.0
2021-02-01,209.46,209.89,203.1,203.14,5383786.0
2021-02-02,204.38,205.9,197.35,197.56,5314567.0
2021-02-03,197.81,200.59,196.89,196.96,3679090.0
2021-02-04,196.81,201.88,195.64,201.62,2924329.0
2021-02-05,201.62,202.92,200.85,201.77,2732210.0
2021-02-08,202.38,206.43,201.91,205.77,2909487.0
2021-02-09,203.75,204.95,200.32,201.71,2661320.0
2021-02-10,204.47,205.55,201.64,204.39,3062709.0
2021-02-11,202.87,204.18,201.62,202.58,3544689.0
2021-02-12,201.65,208.22,201.15,207.29,2611297.0
2021-02-16,205.98,207.49,203.61,205.76,2741949.0
2021-02-17,205.01,206.69,204.27,206.46,3339286.0
2021-02-18,205.3,205.42,200.95,201.12,3919791.0
2021-02-19,201.13,202.88,200.33,200.92,3434858.0
2021-02-22,199.18,201.61,197.96,200.68,2263632.0
2021-02-23,200.31,204.31,198.68,202.48,3287678.0
2021-02-24,201.67,206.46,201.63,204.52,2848792.0
2021-02-25,203.57,205.55,201.75,203.82,2386804.0
2021-02-26,206.7,206.99,202.06,204.89,3887878.0
2021-03-01,205.78,208.24,204.78,206.47,2797548.0
2021-03-02,208.89,209.95,204.1,204.14,3445286.0
2021-03-03,203.37,204.31,199.71,202.0,3660317.0
2021-03-04,203.79,204.74,198.61,200.54,4308430.0
2021-03-05,201.02,207.67,200.88,206.92,3876160.0
2021-03-08,207.0,210.89,206.32,207.03,3300343.0
2021-03-09,208.34,212.16,206.06,206.11,4227322.0
2021-03-10,206.89,208.04,204.39,205.45,3400164.0
2021-03-11,206.51,207.25,204.27,205.21,4037377.0
2021-03-12,204.89,208.46,202.28,208.08,4541373.0
2021-03-15,193.01,193.18,188.2,189.16,12405564.0
2021-03-16,191.54,191.62,187.23,190.9,6194240.0
2021-03-17,189.73,189.83,186.56,186.73,5134224.0
2021-03-18,186.02,187.09,183.8,183.93,4239983.0
2021-03-19,184.7,185.8,183.88,184.29,6048561.0
2021-03-22,184.05,185.91,183.2,185.84,2666600.0
2021-03-23,185.35,186.66,183.25,183.68,3284889.0
2021-03-24,183.7,183.84,179.82,180.17,3931458.0
2021-03-25,181.0,183.64,180.22,183.09,2630505.0
2021-03-26,184.05,185.91,182.63,185.31,2868368.0
2021-03-29,184.66,187.67,183.51,186.34,3002626.0
2021-03-30,185.53,186.86,184.71,185.5,2523602.0
2021-03-31,185.57,187.94,185.26,186.82,3621314.0
2021-04-01,186.82,188.07,184.66,185.24,2340366.0
2021-04-05,185.59,185.9,183.1,184.89,2864920.0
2021-04-06,184.69,185.63,182.49,182.8,2488379.0
2021-04-07,182.9,183.18,181.22,182.32,3406606.0
2021-04-08,182.95,183.97,182.47,182.61,2393198.0
2021-04-09,182.53,185.14,182.41,184.49,2611218.0
2021-04-12,183.43,183.94,180.88,181.82,2876088.0
2021-04-13,181.18,183.64,181.18,182.53,3089142.0
2021-04-14,182.59,184.47,182.05,183.0,2002075.0
2021-04-15,183.79,187.72,183.41,185.92,2586643.0
2021-04-16,187.38,190.3,186.88,189.25,3732096.0
2021-04-19,189.24,190.88,188.07,189.64,2966439.0
2021-04-20,190.41,193.5,190.17,190.61,2461129.0
2021-04-21,191.56,193.01,189.8,190.95,2219772.0
2021-04-22,190.0,191.27,186.75,187.05,2982838.0
2021-04-23,187.03,189.13,187.03,188.72,2483203.0
2021-04-26,188.57,188.65,186.06,187.22,2797528.0
2021-04-27,184.0,185.87,180.79,182.21,6838740.0
2021-04-28,181.45,182.0,178.58,180.55,4682764.0
2021-04-29,181.06,182.63,180.0,182.2,2432461.0
2021-04-30,181.84,183.95,181.19,182.77,3103881.0
2021-05-03,182.99,186.35,182.92,185.92,3196957.0
2021-05-04,187.53,190.08,186.78,188.2,3703540.0
2021-05-05,188.65,193.57,188.17,192.81,4242994.0
2021-05-06,191.55,194.1,189.32,193.89,3101937.0
2021-05-07,194.82,196.27,193.9,195.42,2526753.0
2021-05-10,196.17,196.61,193.5,194.76,2242047.0
2021-05-11,193.39,195.75,193.01,194.75,1850449.0
2021-05-12,194.75,195.65,192.73,193.2,2397601.0
2021-05-13,192.25,196.11,191.75,194.94,2175323.0
2021-05-14,195.71,197.27,194.92,196.21,1823874.0
2021-05-17,196.48,199.61,195.09,195.53,2465967.0
2021-05-18,195.0,196.35,193.58,194.63,2369384.0
2021-05-19,193.61,197.39,193.11,196.51,3070497.0
2021-05-20,197.16,201.08,196.17,199.53,3494708.0
2021-05-21,200.0,201.92,199.47,199.88,2579208.0
2021-05-24,201.0,203.62,200.04,201.02,2074926.0
2021-05-25,201.43,201.85,199.14,199.22,2919227.0
2021-05-26,199.23,202.44,198.25,200.99,2891438.0
2021-05-27,200.65,201.38,195.5,199.2,9340280.0
2021-05-28,199.12,202.28,198.53,199.74,2386024.0
2021-06-01,200.32,200.89,196.68,198.42,3070326.0
2021-06-02,199.01,200.92,198.25,199.13,2030286.0
2021-06-03,198.99,203.64,198.61,202.7,3066605.0
2021-06-04,202.79,204.45,201.29,202.02,2817826.0
2021-06-07,201.99,233.33,201.83,222.52,17231372.0
2021-06-08,221.71,222.27,217.37,220.7,4618467.0
2021-06-09,221.35,226.73,220.26,226.0,4934884.0
2021-06-10,226.97,235.85,226.25,233.54,5598166.0
2021-06-11,227.03,229.59,221.56,224.09,5635964.0
2021-06-14,224.23,226.66,223.02,226.1,2720733.0
2021-06-15,226.1,226.66,222.87,223.52,2188900.0
2021-06-16,223.53,224.36,220.2,220.76,2548827.0
2021-06-17,220.27,223.1,220.27,222.21,1891008.0
2021-06-18,220.43,221.05,218.32,218.55,4016656.0
2021-06-21,219.1,223.77,218.08,222.67,3671287.0
2021-06-22,222.63,223.61,220.51,221.44,1658943.0
2021-06-23,222.19,222.24,217.0,217.1,2419664.0
2021-06-24,234.92,239.37,230.42,232.97,12290462.0
2021-06-25,233.12,233.49,229.39,230.22,6992228.0
2021-06-28,229.0,229.88,226.88,228.22,2507615.0
2021-06-29,228.25,231.4,227.85,229.37,1621247.0
2021-06-30,230.09,230.85,229.06,229.52,1786736.0
2021-07-01,229.51,231.5,228.66,231.13,1977362.0
2021-07-02,231.97,234.21,231.33,233.96,1994140.0
2021-07-06,233.63,235.58,233.23,235.42,3125526.0
2021-07-07,234.68,236.59,233.46,235.82,3141508.0
2021-07-08,233.83,237.27,232.1,237.12,2431482.0
2021-07-09,237.17,238.47,232.75,234.99,4030341.0
2021-07-12,235.17,238.0,235.15,236.01,2928611.0
2021-07-13,235.98,236.65,234.03,235.3,1974044.0
2021-07-14,235.79,237.23,234.73,236.35,2103449.0
2021-07-15,235.01,235.99,230.69,231.47,3611300.0
2021-07-16,232.5,233.04,231.21,232.46,2229059.0
2021-07-19,231.88,234.3,230.57,234.14,2305943.0
2021-07-20,235.0,237.75,233.94,235.02,2297813.0
2021-07-21,236.38,237.37,233.59,237.29,1651502.0
2021-07-22,237.28,239.7,236.37,238.49,1703495.0
2021-07-23,239.28,244.55,238.56,244.15,2448303.0
2021-07-26,242.57,245.28,242.57,243.21,2678920.0
2021-07-27,243.71,244.06,242.66,243.58,2116551.0
2021-07-28,243.37,248.4,242.64,246.51,1688130.0
2021-07-29,247.5,248.24,242.24,245.33,1924383.0
2021-07-30,244.9,245.95,242.63,243.5,1905119.0
2021-08-02,245.73,247.89,244.25,246.6,1958943.0
2021-08-03,244.75,259.37,243.5,255.99,5406183.0
2021-08-04,256.0,270.65,255.42,262.47,3892600.0
2021-08-05,263.28,265.51,261.33,264.19,2262446.0
2021-08-06,263.51,264.27,260.74,263.44,2155214.0
2021-08-09,264.58,273.04,264.5,267.16,3238463.0
2021-08-10,266.75,271.08,266.18,269.45,2060223.0
2021-08-11,269.59,270.94,262.66,264.1,2813289.0
2021-08-12,263.2,264.54,261.49,263.47,2100876.0
2021-08-13,263.15,265.69,263.02,264.21,1482410.0
2021-08-16,264.88,270.26,264.27,269.94,2623287.0
2021-08-17,271.16,275.87,267.18,272.71,2096073.0
2021-08-18,272.01,274.76,268.03,268.52,2527494.0
2021-08-19,266.15,271.85,265.43,270.4,1901013.0
2021-08-20,269.38,272.87,269.06,270.91,1536829.0
2021-08-23,272.3,272.91,267.7,267.82,2438890.0
2021-08-24,266.2,267.44,261.78,262.77,3736297.0
2021-08-25,262.78,264.52,261.29,263.87,2388585.0
2021-08-26,264.0,265.59,260.58,261.32,1732985.0
2021-08-27,262.52,263.13,258.58,259.75,1839899.0
2021-08-30,261.03,264.07,259.61,262.31,1300723.0
2021-08-31,262.84,263.64,257.86,258.29,2733435.0
2021-09-01,258.54,258.77,254.49,257.4,2956822.0
2021-09-02,257.41,259.73,256.47,259.57,1469713.0
2021-09-03,260.83,260.99,256.78,259.53,1124527.0
2021-09-07,259.0,260.82,254.41,254.8,2403689.0
2021-09-08,254.6,255.71,253.68,254.84,1542529.0
2021-09-09,253.29,254.02,239.67,240.0,4976593.0
2021-09-10,242.2,243.89,238.57,239.5,4633548.0
2021-09-13,240.04,241.15,235.15,237.96,2832834.0
2021-09-14,238.72,239.79,231.98,233.09,3825977.0
2021-09-15,233.58,239.38,233.06,233.73,2802576.0
2021-09-16,234.08,234.69,229.73,231.04,2958684.0
2021-09-17,229.71,230.83,228.23,230.1,4480241.0
2021-09-20,228.09,232.73,227.29,231.64,2803437.0
2021-09-21,232.06,233.72,229.74,230.17,2172825.0
2021-09-22,230.0,231.03,227.58,228.3,2529635.0
2021-09-23,229.3,234.2,229.01,232.18,1912322.0
2021-09-24,232.77,235.39,231.34,231.68,1642578.0
2021-09-27,229.97,231.06,225.61,226.4,2785922.0
2021-09-28,226.39,226.4,220.2,221.6,3583251.0
2021-09-29,225.41,231.44,224.56,230.36,3971031.0
2021-09-30,232.78,237.16,230.8,231.05,3787048.0
2021-10-01,231.0,231.68,225.45,229.59,2215772.0
2021-10-04,227.8,230.19,224.22,224.85,4784747.0
2021-10-05,226.44,232.56,226.17,230.93,2802025.0
2021-10-06,230.56,230.85,226.05,227.85,2462722.0
2021-10-07,229.12,234.11,229.0,233.18,2001803.0
2021-10-08,233.42,235.81,231.55,233.94,2563117.0
2021-10-11,236.7,237.99,233.6,233.67,1892511.0
2021-10-12,234.7,235.07,231.98,232.78,1719458.0
2021-10-13,234.07,237.92,232.8,236.44,2105892.0
2021-10-14,237.01,238.44,234.11,236.69,1824765.0
2021-10-15,237.42,239.3,235.82,237.88,2598357.0
2021-10-18,237.95,242.66,236.7,238.98,2545987.0
2021-10-19,239.06,242.55,239.06,242.31,1573492.0
2021-10-20,243.73,245.9,243.04,243.72,1537772.0
2021-10-21,244.95,244.95,239.83,241.17,1717891.0
2021-10-22,240.96,244.04,239.56,243.75,1960703.0
2021-10-25,244.66,246.27,240.52,245.05,2763099.0
2021-10-26,244.5,248.92,237.09,248.44,4532952.0
2021-10-27,248.61,254.46,248.32,250.17,3181498.0
2021-10-28,250.16,256.75,250.08,253.35,3386510.0
2021-10-29,253.78,256.47,251.77,254.76,3152015.0
2021-11-01,255.11,256.48,248.05,249.31,2735846.0
2021-11-02,251.25,259.3,249.4,256.85,3987869.0
2021-11-03,257.77,266.79,257.76,266.26,4382930.0
2021-11-04,265.48,271.11,265.27,271.0,4133581.0
2021-11-05,268.99,269.49,258.56,265.0,3745717.0
2021-11-08,263.99,266.91,259.15,260.53,2386204.0
2021-11-09,260.53,262.16,258.39,262.02,1963849.0
2021-11-10,262.0,266.0,261.6,264.65,2215238.0
2021-11-11,262.32,264.32,261.95,262.63,1739439.0
2021-11-12,261.78,262.52,258.93,259.65,1964191.0
2021-11-15,259.39,259.61,257.16,258.43,1903164.0
2021-11-16,256.96,260.35,255.99,257.72,2565741.0
2021-11-17,256.81,264.55,256.07,261.18,2873559.0
2021-11-18,262.0,263.8,259.82,261.33,1689635.0
2021-11-19,266.43,270.8,260.3,260.7,2788210.0
2021-11-22,262.22,263.99,259.13,260.44,1997790.0
2021-11-23,259.47,262.76,259.25,261.96,1986326.0
2021-11-24,262.77,264.94,260.05,262.0,2518580.0
2021-11-26,261.8,265.88,259.03,260.37,1495480.0
2021-11-29,260.02,262.32,254.5,254.83,4041677.0
2021-11-30,253.27,254.0,246.48,248.04,8265918.0
2021-12-01,249.44,255.3,247.89,249.13,3241515.0
2021-12-02,246.52,249.98,245.12,247.88,3817784.0
2021-12-03,252.13,253.48,243.08,245.58,4169687.0
2021-12-06,245.92,246.94,241.53,246.33,3491184.0
2021-12-07,244.24,245.44,241.45,245.11,4035797.0
2021-12-08,246.61,248.18,239.47,244.32,3636201.0
2021-12-09,244.49,245.91,242.75,242.9,2291050.0
2021-12-10,241.2,244.59,241.2,244.14,2380759.0
2021-12-13,245.51,250.7,245.46,248.53,3016836.0
2021-12-14,247.74,250.01,246.39,249.38,3423994.0
2021-12-15,262.07,275.54,257.21,275.28,10016675.0
2021-12-16,275.67,283.9,272.05,279.04,5546435.0
2021-12-17,276.67,276.67,265.33,267.42,7588876.0
2021-12-20,269.23,270.01,260.35,263.48,3479415.0
2021-12-21,264.0,265.95,260.57,264.88,2702522.0
2021-12-22,264.74,266.56,262.85,266.5,2720994.0
2021-12-23,269.05,275.27,266.68,273.1,2632221.0
2021-12-27,275.04,280.3,274.72,278.41,1677639.0
2021-12-28,279.34,279.4,275.89,276.43,1034224.0
2021-12-29,275.82,279.36,275.74,278.42,1112299.0
2021-12-30,279.19,280.65,276.37,277.25,1181480.0
2021-12-31,277.47,278.73,276.01,276.22,1315736.0
2022-01-03,274.41,274.41,267.06,271.73,2621415.0
2022-01-04,269.0,269.88,263.58,266.81,2340621.0
2022-01-05,268.16,268.77,260.42,260.65,3004151.0
2022-01-06,260.1,261.3,255.46,259.33,2863297.0
2022-01-07,259.74,261.25,256.71,259.5,2245240.0
2022-01-10,258.19,260.16,255.89,260.11,2576704.0
2022-01-11,261.59,262.41,257.06,262.32,2294001.0
2022-01-12,252.9,257.44,250.97,255.92,6562799.0
2022-01-13,254.07,255.5,248.55,249.67,3726509.0
2022-01-14,250.15,250.54,242.9,244.12,2894255.0
2022-01-18,242.75,248.52,242.09,247.07,3241277.0
2022-01-19,246.33,250.41,244.73,245.05,2487565.0
2022-01-20,245.58,247.95,242.5,243.13,2655380.0
2022-01-21,246.88,247.88,242.12,243.06,2788638.0
2022-01-24,242.55,243.76,232.68,240.42,3716587.0
2022-01-25,236.81,241.53,235.12,239.46,2525106.0
2022-01-26,239.63,242.43,235.91,237.86,2913234.0
2022-01-27,239.98,243.27,235.76,236.72,2178965.0
2022-01-28,237.49,245.22,235.05,245.1,3081139.0
2022-01-31,243.27,245.49,241.92,245.39,3237085.0
2022-02-01,247.05,248.84,243.26,248.28,2449373.0
2022-02-02,245.35,251.88,244.03,250.83,2586720.0
2022-02-03,247.5,248.12,241.1,244.81,3473574.0
2022-02-04,242.72,244.1,241.22,242.27,3569451.0
2022-02-07,242.41,244.03,240.3,243.55,3948368.0
2022-02-08,241.9,242.89,237.47,239.91,2614999.0
2022-02-09,241.26,244.46,241.06,243.27,1759921.0
2022-02-10,239.9,244.09,238.11,239.64,2283142.0
2022-02-11,239.23,240.63,234.85,235.74,2054452.0
2022-02-14,234.0,236.88,231.87,234.69,2572055.0
2022-02-15,236.65,244.79,236.65,243.84,3409708.0
2022-02-16,242.58,247.02,242.58,245.58,2458988.0
2022-02-17,245.58,245.59,240.41,240.97,2059125.0
2022-02-18,238.02,242.43,238.02,240.31,2518105.0
2022-02-22,239.21,240.86,237.52,239.13,2936714.0
2022-02-23,240.55,242.68,238.02,238.31,2296253.0
2022-02-24,235.18,243.93,234.0,243.08,3272267.0
2022-02-25,243.84,252.9,243.73,250.85,2442360.0
2022-02-28,246.14,250.06,244.59,249.95,3188813.0
2022-03-01,247.56,250.34,245.44,249.5,2873291.0
2022-03-02,249.88,256.48,249.06,254.17,2452100.0
2022-03-03,254.83,259.58,254.39,258.64,3153842.0
2022-03-04,256.21,263.45,255.52,262.87,3497133.0
2022-03-07,259.86,263.63,257.86,261.64,3074955.0
2022-03-08,259.93,265.3,258.91,259.93,3482650.0
2022-03-09,263.3,267.79,262.07,262.79,2965866.0
2022-03-10,262.84,267.73,262.84,266.02,2797440.0
2022-03-11,265.07,271.72,265.07,266.3,2469637.0
2022-03-14,268.99,270.9,267.32,269.0,2713824.0
2022-03-15,269.87,276.48,269.87,275.46,4396863.0
2022-03-16,277.85,278.61,273.01,276.44,3148591.0
2022-03-17,277.01,285.89,276.45,285.51,3270105.0
2022-03-18,285.84,291.35,284.86,287.64,4557921.0
2022-03-21,287.76,295.33,287.76,289.64,3495714.0
2022-03-22,289.67,290.56,283.39,285.02,3791830.0
2022-03-23,284.42,288.18,283.35,284.19,3149382.0
2022-03-24,286.29,288.85,284.66,287.69,2412353.0
2022-03-25,288.5,291.65,286.58,289.02,2400056.0
2022-03-28,291.33,292.45,288.31,291.66,2195001.0
2022-03-29,292.03,293.14,287.58,288.39,2798056.0
2022-03-30,290.58,292.29,287.99,289.89,2220148.0
2022-03-31,289.37,291.8,285.92,286.37,3227759.0
2022-04-01,286.15,293.14,284.0,292.67,3066159.0
2022-04-04,292.75,294.98,290.95,291.42,3014182.0
2022-04-05,291.72,295.83,289.1,292.49,2324254.0
2022-04-06,296.09,306.56,294.77,305.84,4672935.0
2022-04-07,305.0,314.0,305.0,308.43,4270824.0
2022-04-08,308.0,312.38,307.95,311.69,3024679.0
2022-04-11,313.09,313.76,308.05,308.96,2178073.0
2022-04-12,306.58,309.61,304.18,308.08,2688230.0
2022-04-13,307.28,308.3,300.41,302.67,2528740.0
2022-04-14,303.75,304.47,300.19,301.86,1898106.0
2022-04-18,301.07,302.06,296.8,298.82,1581398.0
2022-04-19,298.41,299.69,293.8,297.01,2021659.0
2022-04-20,297.02,299.0,292.3,292.92,2608630.0
2022-04-21,292.92,293.45,286.66,289.61,2716751.0
2022-04-22,289.3,289.62,278.4,278.73,2772584.0
2022-04-25,278.75,285.95,276.83,285.2,2410175.0
2022-04-26,286.18,290.21,282.79,282.83,2166647.0
2022-04-27,283.1,288.13,280.59,285.09,2352078.0
2022-04-28,295.99,300.51,288.56,297.27,5887534.0
2022-04-29,295.79,297.31,289.14,292.13,3910872.0
2022-05-02,291.23,292.84,284.28,289.56,2790024.0
2022-05-03,288.63,289.81,284.11,288.07,2109522.0
2022-05-04,288.5,296.98,284.12,294.9,2743561.0
2022-05-05,293.42,294.99,288.3,292.37,3120381.0
2022-05-06,290.17,298.25,288.52,296.9,2931169.0
2022-05-09,293.51,294.93,286.65,289.23,3460544.0
2022-05-10,292.0,293.43,285.0,285.7,3140981.0
2022-05-11,283.67,294.5,283.0,286.69,2625192.0
2022-05-12,283.33,291.99,283.33,291.8,2369996.0
2022-05-13,292.63,292.8,286.51,291.63,2337673.0
2022-05-16,292.11,309.44,291.6,299.38,5118315.0
2022-05-17,300.0,303.4,293.39,301.4,2552984.0
2022-05-18,300.0,302.6,294.03,295.19,2161429.0
2022-05-19,293.58,293.58,284.37,286.27,3157441.0
2022-05-20,290.73,299.24,288.92,298.85,3129140.0
2022-05-23,300.6,304.92,299.35,302.6,2873617.0
2022-05-24,303.71,307.67,299.8,305.96,2804943.0
2022-05-25,307.0,310.42,304.64,307.01,3195708.0
2022-05-26,305.23,313.91,303.61,313.46,3284351.0
2022-05-27,312.65,324.08,311.26,323.48,3694287.0
2022-05-31,316.63,318.46,309.03,313.44,6298904.0
2022-06-01,313.44,313.9,305.59,311.08,2731736.0
2022-06-02,310.57,310.67,298.17,302.43,3703312.0
2022-06-03,302.16,305.81,300.7,301.65,2490022.0
2022-06-06,315.13,315.13,303.09,303.36,3734398.0
2022-06-07,303.99,312.15,303.02,312.1,3652818.0
2022-06-08,312.43,315.5,310.81,313.49,2684523.0
2022-06-09,311.6,311.92,303.11,303.25,1965302.0
2022-06-10,299.23,301.66,296.87,297.01,2471662.0
2022-06-13,290.43,293.16,288.51,291.28,2898757.0
2022-06-14,289.17,292.0,287.29,290.79,2422560.0
2022-06-15,291.6,296.34,288.53,292.99,1970129.0
2022-06-16,290.2,290.2,283.11,288.07,2628808.0
2022-06-17,290.01,300.99,289.68,290.9,6900000.0
2022-06-21,292.38,299.28,290.31,297.34,2821331.0
2022-06-22,296.96,309.65,296.43,306.69,4536148.0
2022-06-23,309.5,313.19,307.19,312.72,3729325.0
2022-06-24,319.55,325.82,319.01,325.62,5449892.0
2022-06-27,324.23,330.85,322.0,327.27,3219127.0
2022-06-28,326.52,329.07,316.76,317.62,2748331.0
2022-06-29,318.16,324.7,317.65,323.0,2562542.0
2022-06-30,322.13,327.05,320.01,324.23,2732891.0
2022-07-01,323.88,325.4,317.76,324.71,1817810.0
2022-07-05,322.44,327.43,318.93,327.18,2109663.0
2022-07-06,328.0,332.74,326.75,330.15,2252491.0
2022-07-07,327.25,330.5,326.24,327.95,2395046.0
2022-07-08,326.55,334.52,326.16,330.47,1898294.0
2022-07-11,330.61,332.68,329.43,331.07,1342949.0
2022-07-12,330.0,331.99,323.36,323.59,2058398.0
2022-07-13,322.01,324.68,320.83,322.46,2564310.0
2022-07-14,317.54,327.76,315.51,326.89,2615713.0
2022-07-15,331.97,335.33,328.17,331.6,3340336.0
2022-07-18,330.12,331.97,319.71,321.77,2116414.0
2022-07-19,324.09,327.38,321.84,326.2,1628234.0
2022-07-20,327.09,327.82,320.31,322.03,2051072.0
2022-07-21,321.45,328.05,319.71,326.92,1692104.0
2022-07-22,326.95,329.22,325.83,328.75,1850862.0
2022-07-25,328.75,332.27,328.06,331.55,1741726.0
2022-07-26,330.99,332.57,328.61,331.56,1812283.0
2022-07-27,328.98,330.87,325.19,328.94,1643193.0
2022-07-28,330.24,333.59,321.74,330.8,2351047.0
2022-07-29,331.06,331.06,326.82,329.69,3399855.0
2022-08-01,327.51,330.43,323.46,324.15,2464276.0
2022-08-02,327.19,328.98,319.36,320.2,3405692.0
2022-08-03,320.63,320.98,310.22,313.83,5152196.0
2022-08-04,310.2,310.25,302.24,305.79,4696250.0
2022-08-05,302.48,305.32,300.31,301.32,2814275.0
2022-08-08,300.65,306.12,296.53,302.5,3219472.0
2022-08-09,305.09,306.7,301.3,303.02,2123056.0
2022-08-10,304.5,307.13,302.59,304.61,2351049.0
2022-08-11,301.03,305.42,299.63,301.17,2198999.0
2022-08-12,302.92,308.49,301.3,308.08,2305105.0
2022-08-15,309.21,314.61,307.31,313.94,2795795.0
2022-08-16,313.93,314.37,309.63,310.31,2247979.0
2022-08-17,310.01,320.6,310.01,316.82,2747228.0
2022-08-18,316.75,318.96,314.2,316.72,2261691.0
2022-08-19,317.51,325.75,317.5,322.77,3393325.0
2022-08-22,322.28,325.77,320.39,323.1,2488026.0
2022-08-23,321.24,321.84,313.87,315.1,2962108.0
2022-08-24,316.47,320.86,315.22,318.87,1826987.0
2022-08-25,320.6,323.37,315.83,323.14,1977925.0
2022-08-26,323.59,324.59,315.27,315.56,1857980.0
2022-08-29,313.34,314.87,309.68,310.15,1696996.0
2022-08-30,310.14,311.97,306.01,307.04,1980254.0
2022-08-31,307.14,308.82,301.11,301.23,3183504.0
2022-09-01,301.0,309.41,300.5,309.13,2939177.0
2022-09-02,310.11,310.22,299.76,301.33,2525421.0
2022-09-06,302.95,312.83,302.23,306.82,2322342.0
2022-09-07,308.77,312.4,304.88,311.6,2228255.0
2022-09-08,311.95,315.73,307.59,315.5,2212547.0
2022-09-09,316.45,320.17,315.22,317.7,2177390.0
2022-09-12,318.89,320.45,314.88,315.22,2077414.0
2022-09-13,310.01,312.31,304.99,306.48,2272439.0
2022-09-14,307.21,311.81,305.9,309.61,2002888.0
2022-09-15,309.71,312.28,305.75,309.47,2348077.0
2022-09-16,307.97,311.96,306.74,308.89,4380422.0
2022-09-19,306.48,306.52,297.65,305.09,2515481.0
2022-09-20,303.82,303.82,298.94,301.73,1816772.0
2022-09-21,301.0,304.53,296.32,296.48,2241157.0
2022-09-22,300.8,312.61,299.96,310.87,5918287.0
2022-09-23,311.87,315.18,305.12,311.46,4572588.0
2022-09-26,308.8,311.73,304.88,307.5,3759990.0
2022-09-27,309.15,313.95,308.32,311.1,3019604.0
2022-09-28,333.53,341.7,328.1,334.38,9436333.0
2022-09-29,333.97,334.68,327.27,330.01,3743066.0
2022-09-30,327.15,329.51,322.42,323.35,4474113.0
2022-10-03,325.99,329.35,317.05,321.55,3340749.0
2022-10-04,322.18,330.1,321.78,329.89,2622532.0
2022-10-05,328.3,333.85,327.52,331.78,2186065.0
2022-10-06,327.94,339.26,326.87,332.95,4299153.0
2022-10-07,332.97,333.07,324.9,326.66,2601643.0
2022-10-10,326.23,327.01,320.24,323.89,1956232.0
2022-10-11,320.0,329.03,319.43,327.6,2599113.0
2022-10-12,327.38,333.65,323.88,324.57,1764724.0
2022-10-13,319.12,333.37,319.1,332.1,2657403.0
2022-10-14,331.56,335.29,328.23,331.39,2231710.0
2022-10-17,332.79,337.58,331.75,332.76,2230039.0
2022-10-18,334.14,335.33,330.37,335.03,2087263.0
2022-10-19,335.25,335.63,325.97,329.29,2419015.0
2022-10-20,331.15,331.44,325.9,329.07,1761387.0
2022-10-21,329.07,342.43,326.77,340.77,3274712.0
2022-10-24,344.22,351.77,344.22,347.9,3375901.0
2022-10-25,346.52,352.33,343.05,351.31,2513137.0
2022-10-26,352.5,361.48,350.44,357.86,2373741.0
2022-10-27,358.99,361.12,355.32,356.33,2347623.0
2022-10-28,360.32,362.0,357.04,359.9,2942083.0
2022-10-31,358.65,363.92,350.46,362.09,4258199.0
2022-11-01,345.83,358.99,340.75,352.58,7012953.0
2022-11-02,354.16,363.15,350.21,354.96,3775944.0
2022-11-03,354.06,362.83,351.51,361.68,2602543.0
2022-11-04,365.2,365.88,353.34,357.41,3004733.0
2022-11-07,358.0,367.0,357.5,365.07,2560290.0
2022-11-08,365.15,368.75,361.93,366.66,3278611.0
2022-11-09,368.44,369.8,361.91,363.27,2323699.0
2022-11-10,367.24,369.0,363.0,368.72,2993994.0
2022-11-11,366.16,367.83,344.52,352.3,6646279.0
2022-11-14,359.07,360.8,340.12,356.06,4717434.0
2022-11-15,356.94,356.99,346.36,349.95,4180693.0
2022-11-16,350.0,356.88,349.96,352.93,3563981.0
2022-11-17,352.91,362.3,352.71,360.77,2931146.0
2022-11-18,362.55,364.67,359.35,361.67,2421110.0
2022-11-21,360.39,363.76,355.37,361.17,1999399.0
2022-11-22,362.0,362.8,357.3,360.88,2460356.0
2022-11-23,361.34,362.47,358.63,361.72,1993218.0
2022-11-25,362.9,365.83,361.55,365.25,1039094.0
2022-11-28,363.45,369.51,361.0,365.77,2481988.0
2022-11-29,364.62,366.11,360.64,363.95,2207038.0
2022-11-30,365.07,372.35,361.8,371.08,5556445.0
2022-12-01,374.79,375.19,368.49,370.33,2516098.0
2022-12-02,366.08,375.04,365.0,374.76,1925568.0
2022-12-05,373.76,375.25,368.28,369.29,2296532.0
2022-12-06,367.0,370.64,365.52,368.54,1970992.0
2022-12-07,369.32,375.24,368.76,371.97,1629084.0
2022-12-08,373.26,373.26,366.5,371.79,2090943.0
2022-12-09,373.0,374.0,360.81,360.99,2787175.0
2022-12-12,362.93,367.83,362.5,367.25,2639333.0
2022-12-13,361.63,372.74,358.32,358.66,5032632.0
2022-12-14,359.01,369.43,357.06,363.5,5095457.0
2022-12-15,360.66,363.97,356.69,360.01,3437854.0
2022-12-16,357.93,360.48,355.17,359.87,6612417.0
2022-12-19,357.81,359.7,354.61,357.78,2658425.0
2022-12-20,358.5,361.45,356.34,359.64,2276011.0
2022-12-21,362.63,370.68,361.21,368.01,2211291.0
2022-12-22,367.32,369.76,362.29,365.31,1958287.0
2022-12-23,364.82,367.9,362.47,367.9,1030267.0
2022-12-27,369.5,369.73,364.33,364.88,1372062.0
2022-12-28,366.17,368.01,363.94,365.22,995966.0
2022-12-29,368.1,370.95,366.46,367.02,1077852.0
2022-12-30,367.49,367.95,362.11,365.84,1388100.0
2023-01-03,366.26,369.0,361.46,364.99,2006686.0
2023-01-04,364.64,367.12,360.34,363.1,1886196.0
2023-01-05,360.95,361.49,352.96,358.92,2008524.0
2023-01-06,360.0,366.7,357.58,362.94,2131283.0
2023-01-09,364.0,364.97,348.79,349.83,2980570.0
2023-01-10,349.0,353.21,343.34,352.75,2465191.0
2023-01-11,354.34,361.76,351.0,360.41,2602845.0
2023-01-12,359.25,360.5,353.08,359.12,2019744.0
2023-01-13,359.57,363.31,358.64,361.62,1690881.0
2023-01-17,361.62,362.0,356.55,357.74,2435381.0
2023-01-18,356.32,359.0,351.58,352.01,2302261.0
2023-01-19,352.37,355.8,350.42,351.08,2658332.0
2023-01-20,347.0,349.07,341.58,346.07,5391878.0
2023-01-23,346.61,346.61,340.22,342.21,3403129.0
2023-01-24,384.44,384.44,302.14,346.39,2242466.0
2023-01-25,345.55,349.78,345.1,349.73,2503326.0
2023-01-26,351.0,352.18,346.73,348.01,2576176.0
2023-01-27,346.11,348.09,341.53,342.1,2363613.0
2023-01-30,344.33,347.8,339.46,340.5,2647724.0
2023-01-31,340.68,344.4,339.38,344.15,2406652.0
2023-02-01,342.79,345.94,337.52,342.57,2990949.0
2023-02-02,334.0,335.3,317.0,330.7,13036614.0
2023-02-03,332.95,342.33,329.37,339.08,5670711.0
2023-02-06,341.98,343.42,334.62,337.66,3055672.0
2023-02-07,336.05,340.96,332.69,339.68,2464138.0
2023-02-08,338.56,342.87,337.82,340.73,2399385.0
2023-02-09,340.89,347.35,340.5,341.79,3072770.0
2023-02-10,343.27,348.43,342.73,345.12,1980013.0
2023-02-13,346.47,350.81,346.0,350.4,2291589.0
2023-02-14,350.54,353.82,347.28,347.56,2028850.0
2023-02-15,345.85,346.87,334.35,335.01,3603468.0
2023-02-16,331.0,332.94,325.72,326.07,3654165.0
2023-02-17,323.15,331.59,320.5,328.4,3695750.0
2023-02-21,327.15,331.72,326.33,327.51,2515648.0
2023-02-22,328.71,332.6,326.33,329.07,2380008.0
2023-02-23,328.01,332.83,325.69,327.52,2229544.0
2023-02-24,326.0,327.23,320.09,321.64,2594624.0
2023-02-27,322.6,323.4,315.9,316.62,3043472.0
2023-02-28,315.49,315.49,309.64,311.22,3966856.0
2023-03-01,310.0,316.91,309.2,314.17,3580764.0
2023-03-02,311.79,316.3,310.53,315.05,2885235.0
2023-03-03,316.37,320.16,315.24,318.43,3002947.0
2023-03-06,316.94,320.24,316.5,318.96,2673717.0
2023-03-07,319.0,320.35,309.6,310.63,2620827.0
2023-03-08,310.5,313.03,309.32,312.54,2313238.0
2023-03-09,312.31,318.77,312.31,316.85,3920329.0
2023-03-10,318.85,326.53,314.34,315.02,4597335.0
2023-03-13,317.24,331.8,317.24,324.49,5275659.0
2023-03-14,324.05,327.28,321.44,327.07,4214331.0
2023-03-15,326.0,331.36,324.5,329.47,4743547.0
2023-03-16,327.64,331.7,325.04,329.53,3498500.0
2023-03-17,331.5,334.95,328.1,329.18,8679808.0
2023-03-20,329.18,333.94,329.01,333.6,3540866.0
2023-03-21,334.39,334.44,328.08,331.08,3240628.0
2023-03-22,331.77,335.6,330.65,330.97,2472342.0
2023-03-23,330.89,335.34,330.21,332.64,2703482.0
2023-03-24,332.99,336.93,328.77,336.13,2792171.0
2023-03-27,327.8,336.22,323.26,334.6,3102495.0
2023-03-28,335.8,338.83,334.72,337.65,2433281.0
2023-03-29,339.0,339.77,334.58,335.87,2743787.0
2023-03-30,336.07,341.31,336.07,340.69,2146899.0
2023-03-31,342.0,343.65,340.69,343.42,2933578.0
2023-04-03,343.24,351.54,342.3,350.74,3039568.0
2023-04-04,352.07,359.0,351.27,354.62,3585862.0
2023-04-05,358.08,364.85,357.93,362.24,3442690.0
2023-04-06,364.85,369.5,364.25,368.29,3531707.0
2023-04-10,368.18,368.35,363.04,367.0,1868149.0
2023-04-11,367.76,368.8,363.59,364.04,2026953.0
2023-04-12,364.02,372.44,363.33,369.05,2672766.0
2023-04-13,372.62,375.56,370.31,375.15,2839943.0
2023-04-14,374.24,376.31,372.51,374.73,2287924.0
2023-04-17,375.0,375.9,371.16,372.35,2059925.0
2023-04-18,373.0,374.26,369.66,369.91,1925398.0
2023-04-19,370.55,371.28,367.35,370.47,2173205.0
2023-04-20,371.39,376.06,369.76,374.81,2766506.0
2023-04-21,378.01,386.27,378.0,385.24,3682470.0
2023-04-24,385.24,387.05,381.63,383.35,2059833.0
2023-04-25,385.05,390.48,384.0,384.84,2648590.0
2023-04-26,381.12,381.5,370.68,376.27,3161235.0
2023-04-27,391.26,398.53,380.77,390.35,4981319.0
2023-04-28,398.0,404.31,392.51,395.86,5350064.0
2023-05-01,397.26,407.35,392.26,405.81,4091129.0
2023-05-02,407.0,411.54,399.26,404.2,3884642.0
2023-05-03,415.03,434.2,414.31,431.19,10129759.0
2023-05-04,431.45,432.7,425.22,428.44,4070697.0
2023-05-05,428.1,431.27,424.56,427.81,2753370.0
2023-05-08,426.2,435.0,423.0,432.72,2478575.0
2023-05-09,431.77,435.6,428.05,428.38,2601781.0
2023-05-10,426.06,438.39,426.06,435.92,2766347.0
2023-05-11,436.7,436.85,431.12,435.55,2595934.0
2023-05-12,440.16,445.54,434.42,434.43,3939247.0
2023-05-15,435.37,436.0,430.67,434.51,2234778.0
2023-05-16,434.2,438.48,430.66,436.65,2129191.0
2023-05-17,438.8,438.95,432.73,437.47,2274225.0
2023-05-18,436.51,439.52,433.59,437.89,2268104.0
2023-05-19,439.0,447.51,439.0,442.38,3442937.0
2023-05-22,444.31,454.95,432.39,433.99,4398012.0
2023-05-23,432.92,435.89,421.51,423.21,4492062.0
2023-05-24,424.0,428.96,420.26,425.77,3133017.0
2023-05-25,426.38,428.2,419.8,427.31,2882190.0
2023-05-26,424.9,431.67,423.67,425.79,2338607.0
2023-05-30,423.79,428.73,422.06,427.24,2595731.0
2023-05-31,427.0,430.56,424.01,429.46,3950859.0
2023-06-01,430.27,436.79,428.13,436.49,2914606.0
2023-06-02,439.96,444.7,436.78,442.33,2499045.0
2023-06-05,443.0,447.8,441.71,444.26,2113753.0
2023-06-06,447.83,448.87,440.02,443.07,1495431.0
2023-06-07,440.2,446.69,435.68,436.37,2458343.0
2023-06-08,435.88,447.47,432.34,445.66,2040858.0
2023-06-09,449.3,449.3,442.6,446.04,2082341.0
2023-06-12,446.15,446.99,438.68,445.31,2566696.0
2023-06-13,443.67,447.4,442.25,445.72,1766345.0
2023-06-14,444.29,448.78,443.54,447.72,2163490.0
2023-06-15,448.0,456.58,447.69,453.93,2287108.0
2023-06-16,455.8,456.98,447.5,447.71,4295714.0
2023-06-20,445.86,454.88,445.11,451.95,2507676.0
2023-06-21,454.5,455.34,450.21,453.0,2347588.0
2023-06-22,455.0,462.26,453.82,457.68,2913524.0
2023-06-23,457.0,460.01,452.32,458.84,4832135.0
2023-06-26,465.26,465.26,448.92,452.76,3214677.0
2023-06-27,462.5,467.98,451.7,464.5,4138716.0
2023-06-28,468.51,468.53,457.32,458.7,2854710.0
2023-06-29,459.06,465.83,457.51,464.49,2112385.0
2023-06-30,464.65,469.87,464.0,468.98,3173216.0
2023-07-03,466.26,466.26,457.37,461.42,2113173.0
2023-07-05,462.1,467.25,460.0,465.7,2130392.0
2023-07-06,463.12,467.6,461.62,463.21,2193610.0
2023-07-07,462.33,463.61,451.24,452.08,2914742.0
2023-07-10,452.96,454.67,449.71,453.16,2011375.0
2023-07-11,450.0,450.56,437.61,439.39,3573117.0
2023-07-12,438.47,444.3,435.01,440.6,3107830.0
2023-07-13,440.23,442.24,434.34,434.7,2865139.0
2023-07-14,441.1,450.45,440.87,449.46,2955014.0
2023-07-17,449.45,450.62,443.26,447.14,2349068.0
2023-07-18,446.95,453.32,445.04,451.2,2237938.0
2023-07-19,451.4,455.0,448.56,453.56,2212841.0
2023-07-20,455.15,465.22,455.0,463.82,2624224.0
2023-07-21,465.41,467.04,461.97,462.04,2226909.0
2023-07-24,462.0,465.64,457.67,459.32,2190663.0
2023-07-25,457.76,460.92,456.6,457.54,1737804.0
2023-07-26,455.0,455.0,446.56,453.59,1959809.0
2023-07-27,453.32,458.68,452.25,454.99,1883510.0
2023-07-28,455.13,459.57,451.78,458.48,1438327.0
2023-07-31,459.02,459.02,450.8,454.55,2110442.0
2023-08-01,455.35,457.37,451.45,453.09,1739519.0
2023-08-02,455.23,461.64,451.32,454.48,2367147.0
2023-08-03,450.78,454.1,448.26,449.16,2414179.0
2023-08-04,449.24,452.47,446.89,449.49,1870352.0
2023-08-07,453.25,455.0,450.58,454.08,2446374.0
2023-08-08,506.0,538.0,502.71,521.6,15094503.0
2023-08-09,520.37,532.53,516.89,526.23,5376561.0
2023-08-10,523.47,528.74,519.99,521.34,4108545.0
2023-08-11,523.72,531.81,520.0,528.28,2524300.0
2023-08-14,531.28,542.3,529.25,538.0,3981105.0
2023-08-15,537.73,547.29,533.78,546.62,2826844.0
2023-08-16,547.4,552.87,542.5,546.24,2597094.0
2023-08-17,543.21,548.81,537.39,537.66,2549857.0
2023-08-18,535.03,547.77,533.9,546.43,2958610.0
2023-08-21,546.99,553.5,545.75,550.05,2305424.0
2023-08-22,549.53,556.1,547.28,553.66,1937059.0
2023-08-23,556.72,557.4,548.21,553.36,2121301.0
2023-08-24,552.7,556.98,547.3,548.0,1776666.0
2023-08-25,549.63,556.1,547.08,553.65,1847649.0
2023-08-28,550.13,556.23,550.12,553.92,1373698.0
2023-08-29,553.45,556.35,549.86,553.9,1701224.0
2023-08-30,555.01,557.75,547.04,547.99,2191120.0
2023-08-31,547.02,557.41,543.0,554.2,3043443.0
2023-09-01,556.32,559.21,553.51,557.11,2030842.0
2023-09-05,559.23,561.93,556.71,558.19,2257195.0
2023-09-06,561.02,561.59,552.7,559.95,2424252.0
2023-09-07,564.19,576.31,562.62,573.23,3707122.0
2023-09-08,572.33,587.55,571.22,586.46,4311028.0
2023-09-11,587.15,598.16,584.48,595.56,3876545.0
2023-09-12,590.97,601.13,587.85,599.3,3212110.0
2023-09-13,594.66,600.75,591.7,598.88,3126627.0
2023-09-14,599.24,601.84,590.01,591.61,3244807.0
2023-09-15,592.0,594.06,575.06,575.66,5941215.0
2023-09-18,578.0,578.0,564.41,571.28,2723628.0
2023-09-19,571.62,578.41,570.63,574.96,2186004.0
2023-09-20,573.42,575.25,569.19,569.64,1870727.0
2023-09-21,567.19,568.0,542.5,550.13,4051388.0
2023-09-22,548.81,555.49,547.63,550.54,2354187.0
2023-09-25,550.1,552.66,545.75,552.29,1686515.0
2023-09-26,550.7,554.13,548.0,550.01,1864471.0
2023-09-27,549.89,551.69,543.67,549.76,2004174.0
2023-09-28,551.32,551.68,541.4,544.45,2178763.0
2023-09-29,545.49,546.09,532.2,537.13,2967708.0
2023-10-02,536.01,540.64,526.81,538.29,2810131.0
2023-10-03,536.0,537.34,516.57,525.19,3266118.0
2023-10-04,525.56,536.18,523.63,531.46,2220627.0
2023-10-05,533.54,542.5,531.61,541.48,2950691.0
2023-10-06,544.0,566.36,542.71,565.22,4745172.0
2023-10-09,564.02,579.79,563.58,571.76,4208115.0
2023-10-10,570.0,585.95,569.73,579.31,3526745.0
2023-10-11,596.2,608.79,585.01,605.28,5850640.0
2023-10-12,605.46,613.0,602.2,610.5,4063499.0
2023-10-13,617.89,629.97,602.56,609.2,3972073.0
2023-10-16,610.99,621.98,608.43,616.64,2941520.0
2023-10-17,619.0,620.4,602.53,608.31,2911669.0
2023-10-18,607.24,615.88,603.24,607.24,2049105.0
2023-10-19,605.0,605.0,578.34,590.8,3493343.0
2023-10-20,590.0,596.92,580.88,584.64,3650591.0
2023-10-23,586.06,588.34,576.14,576.65,2781230.0
2023-10-24,580.0,594.523,579.105,592.43,2632859.0
2023-10-25,596.94,599.7,585.87,586.46,2282917.0
2023-10-26,580.0,581.0,566.16,568.1,2845799.0
2023-10-27,563.01,570.81,556.6401,560.23,2716486.0
2023-10-30,571.21,573.2099,562.55,565.71,2286180.0
2023-10-31,568.97,569.61,547.61,553.93,3661081.0
2023-11-01,555.0,558.43,551.26,554.46,2935917.0
2023-11-02,578.33,597.4399,571.99,580.29,5180828.0
2023-11-03,578.43,582.995,567.18,567.81,3055336.0
2023-11-06,571.1,597.7096,571.01,595.19,3977721.0
2023-11-07,597.0,601.94,590.125,599.93,3167575.0
2023-11-08,607.66,625.87,592.18,619.13,7776155.0
2023-11-09,614.76,615.65,583.43,591.32,6279388.0
2023-11-10,595.0,598.86,586.0,597.71,3650041.0
2023-11-13,594.35,618.75,578.15,612.71,5744778.0
2023-11-14,608.22,616.04,602.67,610.82,3827502.0
2023-11-15,610.88,612.91,584.4165,588.54,4286987.0
2023-11-16,591.5,595.0899,581.7501,588.75,3030529.0
2023-11-17,592.45,596.1785,587.21,591.71,2628078.0
2023-11-20,591.44,604.86,590.69,597.6,2831201.0
2023-11-21,598.44,601.56,591.77,592.6,1851508.0
2023-11-22,595.4,599.18,586.75,595.09,2052155.0
2023-11-24,598.36,603.5,596.9813,601.1,1332196.0
2023-11-27,601.17,603.69,591.14,591.53,2629663.0
2023-11-28,592.0,595.38,589.36,591.6,1793810.0
2023-11-29,592.2,594.5399,584.4401,591.86,1907913.0
2023-11-30,591.46,596.23,586.21,591.04,5658289.0
2023-12-01,591.7,601.97,583.0,584.04,3638125.0
2023-12-04,582.13,587.09,574.33,585.68,2576704.0
2023-12-05,583.28,591.8,579.373,588.15,2156882.0
2023-12-06,590.74,593.9,584.4,589.25,2092906.0
2023-12-07,588.28,588.8699,577.61,588.27,2094994.0
2023-12-08,589.0,598.3,584.77,598.05,2446335.0
2023-12-11,598.66,601.19,567.41,584.04,5613986.0
2023-12-12,582.0,585.85,578.1663,584.76,2846096.0
2023-12-13,583.26,598.6699,582.31,597.5,3111738.0
2023-12-14,594.5,594.5,568.69,573.67,5275771.0
2023-12-15,572.1,573.71,561.65,572.04,5316819.0
2023-12-18,576.47,583.05,575.7,579.76,3033498.0
2023-12-19,580.25,585.11,577.25,579.81,2191136.0
2023-12-20,576.48,579.86,570.03,570.21,2647031.0
2023-12-21,571.41,574.9999,567.02,572.0,1785960.0
2023-12-22,573.02,575.9,567.42,570.39,2223460.0
2023-12-26,569.5,572.7722,567.64,570.67,1678486.0
2023-12-27,570.5,583.68,570.5,581.51,2163224.0
2023-12-28,581.98,586.69,580.0,580.85,1973412.0
2023-12-29,582.85,586.1704,579.47,582.92,1999972.0
2024-01-02,580.41,592.72,579.05,592.2,3226247.0
2024-01-03,600.0,619.84,598.8,617.7,5130249.0
2024-01-04,625.26,636.41,613.27,614.5,6272520.0
2024-01-05,614.0,619.94,610.19,618.55,2403608.0
2024-01-08,622.43,626.0599,609.59,626.03,2453869.0
2024-01-09,630.105,634.425,623.72,625.48,2918799.0
2024-01-10,628.49,637.0541,625.76,630.19,2679062.0
2024-01-11,634.39,639.76,628.14,635.72,2689698.0
2024-01-12,638.2,644.0,633.0101,642.92,2067491.0
2024-01-16,643.91,647.73,633.67,634.57,2413122.0
2024-01-17,639.45,640.52,625.19,628.91,2123449.0
2024-01-18,621.28,623.8799,612.7,623.35,3384682.0
2024-01-19,622.39,629.59,620.0,628.58,3124847.0
2024-01-22,630.0,632.64,625.0,630.88,2029762.0
2024-01-23,627.69,630.0,614.82,629.68,2523734.0
2024-01-24,633.52,643.165,632.0,633.7,2276775.0
2024-01-25,627.37,632.613,624.68,627.62,2407562.0
2024-01-26,637.35,639.6,630.5,639.25,2410249.0
2024-01-29,641.5,645.65,639.77,645.0,2717619.0
2024-01-30,645.7,646.8,641.0,644.98,2005499.0
2024-01-31,650.38,663.5499,637.0,645.61,4718798.0
2024-02-01,647.33,660.52,643.17,660.43,2493355.0
2024-02-02,662.38,672.615,659.735,667.65,3018886.0
2024-02-05,691.02,711.8763,682.53,706.2,7602177.0
2024-02-06,742.0,742.0,691.1,705.03,8199847.0
2024-02-07,710.38,740.9899,707.02,725.38,5797952.0
2024-02-08,728.32,741.0,725.75,735.68,4636489.0
2024-02-09,735.5,745.7,733.61,740.16,2833762.0
2024-02-12,740.8,740.8,726.45,737.26,2932272.0
2024-02-13,730.18,742.98,730.18,742.97,2858630.0
2024-02-14,745.82,764.05,745.0,757.31,3394260.0
2024-02-15,755.8,762.99,750.01,757.78,2506104.0
2024-02-16,771.03,794.47,763.5,782.06,5009268.0
2024-02-20,790.0,793.38,753.2001,755.66,4700999.0
2024-02-21,738.08,749.5,733.24,745.91,3548048.0
2024-02-22,763.58,775.12,756.27,769.64,3166999.0
2024-02-23,774.0,777.6499,762.26,769.54,2394789.0
2024-02-26,771.3,780.22,769.12,771.92,2243059.0
2024-02-27,754.9,772.95,745.44,765.0,2716457.0
2024-02-28,762.25,763.0,751.66,757.64,2716232.0
2024-02-29,753.08,756.46,744.025,753.68,3905304.0
2024-03-01,769.02,784.08,764.13,782.12,4247218.0
2024-03-04,796.44,800.78,786.1623,792.28,3855358.0
2024-03-05,785.31,788.53,769.275,777.59,3168677.0
2024-03-06,784.29,787.85,774.0,779.77,2518587.0
2024-03-07,771.835,792.99,761.12,780.16,3977350.0
2024-03-08,780.0,780.0,755.0,762.14,4054501.0
2024-03-11,752.21,756.8,727.62,734.37,3968225.0
2024-03-12,740.96,755.97,738.01,754.95,2701405.0
2024-03-13,757.0,760.77,745.71,757.84,2357025.0
2024-03-14,764.95,768.0,749.4,760.73,2646666.0
2024-03-15,755.38,760.89,747.7065,754.17,3715572.0
2024-03-18,762.28,769.68,758.25,762.66,2520518.0
2024-03-19,758.44,773.85,755.0,772.78,2556756.0
2024-03-20,770.11,773.16,756.64,772.86,2037833.0
2024-03-21,774.0,780.5399,758.88,770.26,3012798.0
2024-03-22,770.0,777.0,767.28,770.61,1981019.0
2024-03-25,771.1,778.49,768.15,773.14,1806556.0
2024-03-26,774.2,778.3299,769.0,774.9,2098452.0
2024-03-27,778.71,785.2599,767.38,778.18,2297264.0
2024-03-28,780.32,793.67,776.44,777.96,3209424.0
2024-04-01,776.0,777.5,753.82,760.55,2920795.0
2024-04-02,755.07,765.07,753.5,763.96,2595524.0
2024-04-03,765.69,787.2475,765.41,775.99,3044785.0
2024-04-04,781.54,787.8969,767.82,768.08,2353992.0
2024-04-05,765.47,786.705,763.09,784.21,2112545.0
2024-04-08,785.02,785.195,773.35,777.29,1664153.0
2024-04-09,777.64,777.82,750.65,757.24,2464820.0
2024-04-10,751.28,765.26,746.83,761.98,1699329.0
2024-04-11,759.78,763.33,750.67,759.59,1594300.0
2024-04-12,759.57,763.5,749.785,751.64,2494704.0
2024-04-15,760.07,768.0,749.52,750.77,2358084.0
2024-04-16,751.68,753.14,743.0,746.74,2569079.0
2024-04-17,759.2,771.83,744.8776,750.77,3069193.0
2024-04-18,749.42,752.1988,743.77,745.95,1716782.0
2024-04-19,749.16,750.01,722.07,726.31,3505521.0
2024-04-22,729.74,737.88,725.42,731.33,2354047.0
2024-04-23,741.2,746.16,731.44,745.69,2040955.0
2024-04-24,752.64,752.64,728.785,732.2,2132768.0
2024-04-25,725.0,727.9915,718.3,724.87,2608446.0
2024-04-26,723.48,737.45,721.0,733.51,2008108.0
2024-04-29,735.75,740.58,729.61,737.2,2732153.0
2024-04-30,775.0,795.4975,767.66,781.1,7436817.0
2024-05-01,774.755,782.605,768.25,776.75,2804374.0
2024-05-02,777.34,777.34,754.29,755.91,3205405.0
2024-05-03,743.0,745.0,730.34,734.97,4594703.0
2024-05-06,738.04,766.99,736.0,766.68,3398217.0
2024-05-07,768.9,779.09,762.11,777.77,2878219.0
2024-05-08,779.1,781.3499,772.2,775.0,2085886.0
2024-05-09,777.0,784.0,769.2,771.55,2521481.0
2024-05-10,774.02,777.42,760.0,760.0,2081264.0
2024-05-13,763.5,763.55,750.53,757.7,1848308.0
2024-05-14,751.52,764.5,751.52,763.98,1955484.0
2024-05-15,764.15,787.66,763.1,787.02,3038172.0
2024-05-16,784.71,786.48,770.14,771.12,2299190.0
2024-05-17,772.89,774.87,767.1,770.0,1670315.0
2024-05-20,766.9,784.325,766.12,783.18,2188678.0
2024-05-21,792.46,816.61,791.39,803.17,4334317.0
2024-05-22,801.0,804.88,795.25,802.91,1767246.0
2024-05-23,810.0,820.605,802.155,808.45,3025515.0
2024-05-24,808.0,810.12,804.15,807.43,1777898.0
2024-05-28,809.0,809.0,788.25,807.86,2483108.0
2024-05-29,803.0,815.61,802.09,811.53,2379849.0
2024-05-30,812.79,819.99,806.11,815.06,1986028.0
2024-05-31,818.8,826.21,811.1,820.34,4471970.0
2024-06-03,823.83,838.28,818.5,831.26,2536806.0
2024-06-04,834.0,835.47,825.31,832.59,1747997.0
2024-06-05,830.49,838.45,817.62,831.76,2168847.0
2024-06-06,834.88,846.9742,831.88,837.29,2108166.0
2024-06-07,837.76,856.81,837.01,849.99,2468641.0
2024-06-10,853.98,871.63,849.39,865.0,3444308.0
2024-06-11,882.14,882.14,852.23,865.82,4109040.0
2024-06-12,872.0,872.0,853.85,867.3,2594406.0
2024-06-13,869.025,885.06,861.5,883.33,2243050.0
2024-06-14,882.33,884.61,876.0,878.45,2023105.0
2024-06-17,878.0,892.2,876.86,885.01,2531746.0
2024-06-18,887.0,894.87,884.0,891.46,2436698.0
2024-06-20,893.0,905.45,870.13,885.99,3359987.0
2024-06-21,885.66,891.97,879.8,883.88,3448597.0
2024-06-24,889.975,903.5786,882.94,890.11,2877472.0
2024-06-25,891.77,909.42,891.5,904.61,2839439.0
2024-06-26,904.0,906.345,897.84,901.26,2231886.0
2024-06-27,903.53,909.57,899.72,909.04,1947333.0
2024-06-28,911.31,915.54,905.38,905.38,3374845.0
2024-07-01,911.77,916.83,904.31,914.37,2545881.0
2024-07-02,902.71,912.0,878.5,906.71,4584446.0
2024-07-03,911.0,918.5,884.0,898.1,3060204.0
2024-07-05,898.425,916.4595,896.9,914.57,2880128.0
2024-07-08,917.89,928.605,912.0,918.0,2364539.0
2024-07-09,929.05,935.0,920.775,932.5,2419588.0
2024-07-10,936.57,945.69,933.0,939.78,2682927.0
2024-07-11,934.09,942.88,918.62,934.14,2858280.0
2024-07-12,937.0,950.79,936.03,948.4,2314779.0
2024-07-15,956.2,966.1,948.09,950.46,2358595.0
2024-07-16,955.75,956.39,938.38,941.6,2110955.0
2024-07-17,910.01,925.0,902.64,905.59,4200482.0
2024-07-18,907.03,909.87,836.66,848.9,7649571.0
2024-07-19,867.66,880.21,853.0,857.47,3781000.0
2024-07-22,864.8,874.42,856.82,865.97,2904528.0
2024-07-23,870.0,887.72,864.08,878.29,2087729.0
2024-07-24,872.5,878.34,854.27,859.88,2725859.0
2024-07-25,847.0,851.62,806.38,821.19,5467687.0
2024-07-26,811.87,822.01,801.3,804.62,4173873.0
2024-07-29,814.01,824.77,804.0,807.79,2473627.0
2024-07-30,815.18,821.9,775.81,790.21,3848336.0
2024-07-31,800.17,811.14,792.0901,804.27,2961343.0
2024-08-01,833.62,840.89,820.18,832.44,4059362.0
2024-08-02,816.67,820.19,787.02,804.46,3515356.0
2024-08-05,758.0,792.9399,747.55,775.26,4661393.0
2024-08-06,789.14,806.2735,785.0,793.18,3437558.0
2024-08-07,778.3,786.58,763.0201,772.14,4407392.0
2024-08-08,875.0,877.78,825.24,845.31,9434845.0
2024-08-09,860.0,908.49,860.0,891.68,6587281.0
2024-08-12,904.21,904.72,883.0,884.38,4206064.0
2024-08-13,894.08,914.6943,890.33,908.05,3506664.0
2024-08-14,910.0,934.38,903.79,931.68,3562719.0
2024-08-15,936.0,937.955,920.0,931.58,3079984.0
2024-08-16,928.39,936.2969,919.39,922.12,2364775.0
2024-08-19,922.12,926.0,916.5001,921.81,2374508.0
2024-08-20,932.1,967.0,930.51,949.97,4961391.0
2024-08-21,955.615,956.5,939.17,951.97,2616830.0
2024-08-22,951.98,972.53,948.135,954.17,3183226.0
2024-08-23,955.44,960.5,943.11,952.74,2063308.0
2024-08-26,949.2,955.0,942.77,950.53,2165925.0
2024-08-27,952.5,972.48,949.95,954.48,2912829.0
2024-08-28,954.15,958.3399,943.26,948.94,1699738.0
2024-08-29,955.0,957.515,936.0,940.2,1762531.0
2024-08-30,945.0,961.0,940.51,960.02,2555068.0
2024-09-03,957.77,969.6499,951.5801,956.53,2528768.0
2024-09-04,949.75,954.0,938.005,946.31,1891461.0
2024-09-05,941.16,943.0,906.17,912.75,3200855.0
2024-09-06,917.76,927.9022,893.0,902.71,3439837.0
2024-09-09,912.57,915.4299,895.915,908.27,2405538.0
2024-09-10,914.11,915.11,895.0001,901.25,1930295.0
2024-09-11,902.15,921.54,897.2032,920.89,2720517.0
2024-09-12,924.31,937.62,918.63,935.02,2511770.0
2024-09-13,937.01,942.35,922.1,923.71,2043572.0
2024-09-16,931.13,932.605,920.43,923.54,1759740.0
2024-09-17,921.5,921.5,902.3,906.18,2247929.0
2024-09-18,906.31,915.5,903.46,904.97,1776535.0
2024-09-19,912.85,916.81,903.86,915.04,2445715.0
2024-09-20,921.99,939.86,913.2,921.49,9921651.0
2024-09-23,921.0,922.0,909.45,918.52,2291519.0
2024-09-24,922.12,925.68,909.2,924.43,2766733.0
2024-09-25,931.79,939.3,921.19,924.56,1804002.0
2024-09-26,920.255,921.85,905.3,909.32,2692871.0
2024-09-27,893.62,901.21,875.61,877.79,4376821.0
2024-09-30,864.52,887.4299,858.81,885.94,3246691.0
2024-10-01,888.83,891.2699,878.87,884.48,2455014.0
2024-10-02,880.0,893.3499,878.7,891.07,1751126.0
2024-10-03,889.54,892.0,880.88,885.55,1974566.0
2024-10-04,885.91,888.97,876.89,887.16,1971081.0
2024-10-07,890.51,905.275,889.565,898.4,2915093.0
2024-10-08,903.0,921.9682,902.225,913.72,2199968.0
2024-10-09,916.285,921.35,912.0,919.74,1819817.0
2024-10-10,920.0,922.0,905.15,910.69,1681956.0
2024-10-11,916.04,932.24,911.1845,932.06,2293538.0
2024-10-14,936.0,937.0,926.0,929.51,1550311.0
2024-10-15,924.44,926.52,907.8001,913.32,2283950.0
2024-10-16,910.03,917.805,897.835,916.42,1644489.0
2024-10-17,921.0,930.51,916.04,917.12,2190469.0
2024-10-18,917.18,920.9199,905.62,917.97,2286367.0
2024-10-21,917.98,918.86,904.56,906.13,1592214.0
2024-10-22,901.675,911.12,900.2001,909.15,1391522.0
2024-10-23,905.62,907.9499,891.73,903.25,2646402.0
2024-10-24,898.33,900.0,888.28,891.32,1797047.0
2024-10-25,899.73,900.96,889.4501,892.7,2228203.0
2024-10-28,894.87,898.2099,890.78,895.59,2083572.0
2024-10-29,898.21,907.98,898.21,903.58,3187409.0
2024-10-30,798.5,860.5,769.0,846.83,18257133.0
2024-10-31,836.51,853.5,825.24,829.74,6582788.0
2024-11-01,828.0,833.0,816.73,818.93,5266264.0
2024-11-04,805.0,820.19,803.68,806.14,3918052.0
2024-11-05,803.825,809.21,797.49,806.06,3733046.0
2024-11-06,817.3299,820.73,767.61,776.38,8257706.0
2024-11-07,784.65,802.55,778.19,797.45,4556150.0
2024-11-08,803.5,847.27,801.26,831.54,7212585.0
2024-11-11,831.3,844.0,824.625,832.44,3342656.0
2024-11-12,830.2,833.99,810.7201,818.86,3378562.0
2024-11-13,820.32,829.105,811.29,811.81,3058345.0
2024-11-14,809.19,809.19,783.51,786.23,3998587.0
2024-11-15,775.19,777.98,744.2,746.2,7333866.0
2024-11-18,733.19,734.0,711.4001,727.2,9154349.0
2024-11-19,716.31,730.0,712.42,729.73,5831766.0
2024-11-20,735.785,757.37,735.46,753.41,5158792.0
2024-11-21,746.12,752.9999,735.0,749.92,4142889.0
2024-11-22,757.05,761.2799,745.0812,748.01,4015204.0
2024-11-25,750.0,755.0,740.01,755.0,5689853.0
2024-11-26,785.2,807.0,773.95,789.32,6622299.0
2024-11-27,788.12,794.83,780.3,788.19,2713914.0
2024-11-29,791.33,800.33,789.331,795.35,2159859.0
2024-12-02,798.11,805.35,795.2201,799.8,2895077.0
2024-12-03,802.93,817.13,801.61,813.33,2781637.0
2024-12-04,828.1,846.4629,820.5,829.84,3871037.0
2024-12-05,827.78,831.13,817.46,825.62,2422840.0
2024-12-06,827.68,841.0,825.6901,826.71,3046600.0
2024-12-09,823.7,823.7,801.28,803.58,3175953.0
2024-12-10,809.265,813.9999,797.0,799.58,2695204.0
2024-12-11,795.25,799.4999,786.3701,796.03,3510054.0
2024-12-12,796.73,801.8365,778.3901,782.35,2823723.0
2024-12-13,777.13,794.245,772.99,789.12,3059374.0
2024-12-16,792.0,799.7826,775.25,779.0,3425142.0
2024-12-17,777.86,788.0,772.43,778.62,3924715.0
2024-12-18,775.0,779.0,762.5,764.71,3353001.0
2024-12-19,765.1,772.97,752.395,757.54,4036128.0
2024-12-20,811.35,811.35,766.61,767.76,9941713.0
2024-12-23,785.17,799.36,773.07,796.28,3622281.0
2024-12-24,791.37,797.75,787.1,795.67,1150080.0
2024-12-26,794.12,803.9099,791.5,794.14,1274479.0
2024-12-27,790.0,793.295,779.22,783.17,2094699.0
2024-12-30,777.915,779.76,771.0,773.84,1717751.0
2024-12-31,771.0,773.91,764.3,772.0,2326978.0
2025-01-02,780.59,787.0,771.77,778.07,1940947.0
2025-01-03,778.17,785.84,775.53,781.98,1799035.0
2025-01-06,783.715,784.765,763.35,765.1,3990865.0
2025-01-07,764.9,783.96,761.6202,773.29,3576092.0
2025-01-08,773.83,792.56,770.665,787.22,3477699.0
2025-01-10,791.93,800.0,784.86,799.9,3973036.0
2025-01-13,794.4,805.34,783.61,797.48,3683194.0
2025-01-14,784.225,784.225,729.0,744.91,10372953.0
2025-01-15,749.0,754.6,735.265,746.74,5736815.0
2025-01-16,747.5,765.51,746.4,757.6,3069698.0
2025-01-17,747.83,755.2799,725.01,725.72,5560088.0
2025-01-21,731.27,743.28,726.53,742.35,5122605.0
2025-01-22,745.575,760.37,739.05,753.98,3737536.0
2025-01-23,747.66,766.6,744.25,766.6,3126895.0
2025-01-24,761.95,789.29,760.49,785.41,4170059.0
2025-01-27,778.71,809.25,778.71,808.17,3915121.0
2025-01-28,807.24,816.15,800.11,804.99,2808489.0
2025-01-29,806.99,809.1199,799.0,804.08,1827619.0
2025-01-30,808.41,824.62,805.0,823.23,2641582.0
2025-01-31,823.0,827.35,811.03,811.08,2561529.0
2025-02-03,804.27,817.96,801.75,810.43,2807898.0
2025-02-04,811.05,829.04,805.935,826.07,4299273.0
2025-02-05,835.15,846.9,831.0558,842.18,4577773.0
2025-02-06,839.52,887.7368,835.61,870.37,7137638.0
2025-02-07,876.53,889.36,869.6186,878.31,4425040.0
2025-02-10,877.725,880.0,859.37,868.88,3065198.0
2025-02-11,867.03,874.19,860.5,865.0,1943833.0
2025-02-12,856.93,877.78,856.11,872.97,2533371.0
2025-02-13,877.07,883.4999,867.8,871.86,2472731.0
2025-02-14,869.1,873.4999,841.49,844.27,3222299.0
2025-02-18,856.42,862.73,851.36,857.2,4289139.0
2025-02-19,857.175,881.3268,857.175,867.05,3205194.0
2025-02-20,866.84,880.32,864.0,873.12,2990224.0
2025-02-21,880.62,894.4,873.43,873.68,3940414.0
2025-02-24,879.29,893.11,870.0175,881.4,3016804.0
2025-02-25,890.74,911.9999,890.74,901.8,5109371.0
2025-02-26,898.365,922.4299,896.6,915.01,3031608.0
2025-02-27,915.72,925.5,904.06,905.16,3085342.0
2025-02-28,901.84,921.22,892.6129,920.63,4070964.0
2025-03-03,912.8,935.625,910.0,929.72,3977940.0
2025-03-04,922.235,929.16,902.7901,911.06,3342788.0
2025-03-05,904.8,930.49,901.64,929.72,3109364.0
2025-03-06,920.42,931.38,898.28,912.76,3272854.0
2025-03-07,905.39,908.0,861.39,869.58,4817874.0
2025-03-10,853.91,863.19,825.78,829.76,5961862.0
2025-03-11,827.2,832.35,811.64,824.06,3796058.0
2025-03-12,814.95,834.65,813.26,821.86,3014799.0
2025-03-13,818.24,821.1059,795.38,801.65,3566206.0
2025-03-14,803.11,815.21,800.0,813.48,3102137.0
2025-03-17,816.95,828.9999,814.57,824.76,2546499.0
2025-03-18,833.42,836.29,812.615,822.51,2354793.0
2025-03-19,821.72,842.13,819.5,837.01,3790294.0
2025-03-20,839.03,854.3899,832.4647,842.57,4402512.0
2025-03-21,837.8,850.425,825.32,837.57,5963709.0
2025-03-24,845.32,866.87,837.76,864.9,3101487.0
2025-03-25,869.55,874.92,847.92,852.35,2670581.0
2025-03-26,845.69,851.41,826.4,826.76,2563983.0
2025-03-27,822.815,826.77,815.29,821.67,2127972.0
2025-03-28,820.0,829.78,817.43,822.51,2124503.0
2025-03-31,808.98,828.01,789.4,825.91,3736907.0
2025-04-01,818.6,820.66,797.0,805.23,2987682.0
2025-04-02,795.04,819.85,795.04,818.22,2682997.0
2025-04-03,810.51,818.79,787.06,789.09,2674102.0
2025-04-04,762.11,768.27,734.6975,738.21,5299433.0
2025-04-07,697.93,748.0,677.0912,723.73,6274214.0
2025-04-08,754.98,763.504,713.2837,726.24,4114993.0
2025-04-09,704.4,754.83,689.0,753.71,6618883.0
2025-04-10,738.9,741.95,691.765,720.91,4182531.0
2025-04-11,722.89,735.8394,711.975,732.41,3602883.0
2025-04-14,750.45,759.56,734.5201,754.35,3460068.0
2025-04-15,755.57,765.31,751.49,757.18,2458124.0
2025-04-16,755.64,756.3,730.34,734.9,3301345.0
2025-04-17,840.8,858.0,821.84,839.96,10853244.0
2025-04-21,841.51,843.91,807.0,818.02,3326608.0
2025-04-22,821.88,832.0,814.0,827.54,3086150.0
2025-04-23,836.96,846.01,818.64,829.42,2714529.0
2025-04-24,836.0,862.25,829.21,859.73,2939308.0
2025-04-25,859.66,885.58,851.0688,884.54,3398360.0
