Date,open,high,low,close,volume
2015-04-27,81.0,81.66,80.16,80.22,1759953.0
2015-04-28,80.36,81.24,79.79,81.15,2052374.0
2015-04-29,81.28,82.96,81.21,82.52,2880624.0
2015-04-30,82.16,82.89,81.32,81.6,3233014.0
2015-05-01,82.4,83.42,81.99,83.36,2552403.0
2015-05-04,83.37,84.44,83.2,84.19,2404584.0
2015-05-05,84.26,84.86,83.31,83.4,2541721.0
2015-05-06,84.7,84.7,82.79,83.7,2449105.0
2015-05-07,85.0,85.58,82.98,85.17,3412445.0
2015-05-08,85.47,85.87,84.39,85.58,2134000.0
2015-05-11,85.71,87.25,85.45,86.77,3306256.0
2015-05-12,86.45,86.89,85.86,86.23,2251245.0
2015-05-13,86.45,86.78,85.75,86.08,2449547.0
2015-05-14,86.57,86.81,85.96,86.3,1852865.0
2015-05-15,86.16,86.28,84.88,85.46,2354910.0
2015-05-18,85.37,86.71,85.37,86.43,2231068.0
2015-05-19,86.76,87.12,85.96,86.28,2117146.0
2015-05-20,86.2,86.28,85.34,85.64,2093437.0
2015-05-21,85.2,86.03,84.96,85.63,1805521.0
2015-05-22,85.46,85.89,85.04,85.12,1464419.0
2015-05-26,85.0,85.12,83.74,83.97,2283680.0
2015-05-27,84.15,85.49,84.12,85.2,1724460.0
2015-05-28,84.74,85.17,84.2,85.07,1405320.0
2015-05-29,85.17,85.17,83.73,84.61,2611957.0
2015-06-01,84.86,85.21,83.66,84.32,1759123.0
2015-06-02,84.37,85.92,84.23,85.52,2376533.0
2015-06-03,86.01,87.45,85.95,86.99,2955193.0
2015-06-04,86.28,87.34,86.23,86.6,2702915.0
2015-06-05,88.11,89.22,87.42,88.24,3527837.0
2015-06-08,88.0,88.62,87.4,87.58,2019045.0
2015-06-09,87.59,88.57,87.15,87.97,1919352.0
2015-06-10,89.69,90.98,88.86,90.55,4093444.0
2015-06-11,90.04,90.94,89.75,89.93,2943658.0
2015-06-12,89.55,90.0,88.91,89.24,1667045.0
2015-06-15,88.26,89.05,87.84,88.58,1846822.0
2015-06-16,88.58,89.93,88.27,89.73,2037964.0
2015-06-17,90.09,90.22,88.93,89.14,2252206.0
2015-06-18,89.52,90.35,88.83,89.76,2509614.0
2015-06-19,89.43,89.85,88.96,89.29,2507838.0
2015-06-22,90.07,91.07,89.95,90.98,2623167.0
2015-06-23,91.74,91.82,90.81,91.47,2441119.0
2015-06-24,91.3,91.66,90.6,90.7,2035536.0
2015-06-25,91.08,91.35,89.7,89.73,1664906.0
2015-06-26,90.21,90.93,90.07,90.72,1991317.0
2015-06-29,89.37,89.77,87.2,87.29,3038117.0
2015-06-30,88.29,89.07,86.85,87.52,5033359.0
2015-07-01,88.79,89.63,88.58,88.98,2477083.0
2015-07-02,88.81,89.06,87.8,88.17,1391684.0
2015-07-06,86.92,88.16,86.57,87.51,2042094.0
2015-07-07,87.5,87.58,84.12,87.0,3420275.0
2015-07-08,85.95,86.24,84.66,84.86,2485859.0
2015-07-09,86.48,87.03,85.55,85.72,2168374.0
2015-07-10,86.97,87.66,86.62,87.36,1706336.0
2015-07-13,88.16,89.03,88.16,88.61,2429655.0
2015-07-14,88.39,89.28,88.01,88.75,2007044.0
2015-07-15,88.8,89.0,88.19,88.68,3340190.0
2015-07-16,89.26,89.82,89.04,89.53,1926435.0
2015-07-17,89.35,89.4,88.25,88.76,1573473.0
2015-07-20,89.07,89.39,88.4,88.65,1218048.0
2015-07-21,88.75,89.52,88.22,88.71,1302196.0
2015-07-22,88.7,89.0,88.27,88.75,1396009.0
2015-07-23,88.74,89.36,87.96,88.37,1738098.0
2015-07-24,88.27,89.08,87.52,87.85,2211648.0
2015-07-27,87.0,87.21,86.0,87.03,1668857.0
2015-07-28,87.85,88.33,87.03,88.0,1648183.0
2015-07-29,88.02,89.94,87.91,89.56,2177118.0
2015-07-30,89.11,89.81,88.54,89.67,1887868.0
2015-07-31,89.39,89.71,88.11,88.36,1850105.0
2015-08-03,88.54,89.39,88.26,89.14,2025574.0
2015-08-04,88.96,89.96,88.96,89.84,2242087.0
2015-08-05,90.04,91.27,89.75,89.86,2634684.0
2015-08-06,91.35,92.6,90.34,90.66,3350650.0
2015-08-07,90.63,91.25,88.91,89.41,2371025.0
2015-08-10,90.61,91.92,90.53,91.68,2005622.0
2015-08-11,90.21,90.69,89.02,89.45,2320628.0
2015-08-12,88.54,88.6,86.23,88.48,2641226.0
2015-08-13,88.77,89.6,88.42,89.27,1573875.0
2015-08-14,89.43,90.11,89.01,90.1,1218604.0
2015-08-17,89.25,89.77,88.56,89.31,1379843.0
2015-08-18,89.38,89.67,88.94,89.13,919469.0
2015-08-19,88.5,88.63,87.08,87.7,1923900.0
2015-08-20,86.88,86.95,84.88,84.89,2939622.0
2015-08-21,83.75,83.92,80.71,80.77,3904853.0
2015-08-24,76.0,79.58,74.65,75.91,6299872.0
2015-08-25,78.75,78.94,74.05,74.22,5974818.0
2015-08-26,77.25,77.64,74.89,77.46,5201983.0
2015-08-27,78.92,81.42,78.75,81.12,4273755.0
2015-08-28,80.2,81.59,79.86,81.2,2775128.0
2015-08-31,80.23,81.03,79.85,80.7,2140248.0
2015-09-01,78.18,78.8,76.59,77.12,2933513.0
2015-09-02,78.84,78.96,77.53,78.94,2134897.0
2015-09-03,79.09,80.29,78.7,79.01,2144490.0
2015-09-04,78.0,78.04,76.4,77.1,2671192.0
2015-09-08,78.79,79.96,78.28,79.89,3022374.0
2015-09-09,81.14,81.57,78.28,78.49,2697676.0
2015-09-10,78.03,79.59,77.75,78.95,1991886.0
2015-09-11,78.19,79.03,77.52,78.99,1763146.0
2015-09-14,78.78,78.98,78.11,78.51,1526781.0
2015-09-15,78.95,80.74,78.16,80.46,2327130.0
2015-09-16,80.35,81.09,80.04,80.88,1683759.0
2015-09-17,80.78,81.21,77.91,78.19,3271930.0
2015-09-18,76.99,77.1,75.55,75.83,4418661.0
2015-09-21,76.73,77.64,76.46,77.15,2538320.0
2015-09-22,75.9,76.21,75.07,75.84,2402805.0
2015-09-23,76.16,76.84,75.76,76.23,2374220.0
2015-09-24,75.39,76.23,74.64,76.03,2811076.0
2015-09-25,77.21,78.03,76.77,77.25,2598763.0
2015-09-28,76.66,76.66,74.43,74.54,2723874.0
2015-09-29,74.8,75.3,73.95,74.99,2300303.0
2015-09-30,76.33,76.59,75.12,76.21,2411637.0
2015-10-01,76.38,76.9,75.06,76.3,1913027.0
2015-10-02,73.67,75.4,73.19,75.4,3095088.0
2015-10-05,75.79,77.43,75.79,77.28,2131840.0
2015-10-06,76.96,77.42,76.37,76.71,1571631.0
2015-10-07,77.21,78.39,76.92,77.78,2051999.0
2015-10-08,77.29,78.55,77.19,78.28,1919889.0
2015-10-09,78.35,79.03,77.38,78.08,1735492.0
2015-10-12,77.91,78.35,77.54,77.94,1169071.0
2015-10-13,77.2,78.11,77.01,77.15,1497060.0
2015-10-14,76.96,77.64,75.89,76.5,1914001.0
2015-10-15,77.31,78.5,76.41,78.39,2222234.0
2015-10-16,78.78,79.34,78.24,79.27,2120068.0
2015-10-19,78.72,79.43,78.61,79.21,1252569.0
2015-10-20,79.2,80.02,79.05,79.77,1798414.0
2015-10-21,80.0,80.78,79.24,79.36,1881590.0
2015-10-22,80.18,82.23,80.12,81.4,2568218.0
2015-10-23,82.49,82.52,81.42,82.48,2920776.0
2015-10-26,82.27,82.5,81.51,82.08,1403013.0
2015-10-27,81.19,81.5,80.15,80.51,2345192.0
2015-10-28,81.09,84.02,80.77,83.96,2542631.0
2015-10-29,84.04,84.92,82.89,83.41,2481638.0
2015-10-30,83.42,83.58,82.48,82.5,1955728.0
2015-11-02,82.82,84.55,82.51,84.17,2700109.0
2015-11-03,83.68,85.68,83.68,85.02,2868150.0
2015-11-04,85.03,85.52,84.09,84.42,2610832.0
2015-11-05,84.79,85.4,83.48,84.35,2889068.0
2015-11-06,86.28,88.77,86.14,87.69,3897970.0
2015-11-09,87.63,88.08,85.63,86.02,3208086.0
2015-11-10,85.86,86.52,85.21,86.32,2048135.0
2015-11-11,86.58,87.46,85.99,86.75,2562375.0
2015-11-12,86.08,86.51,84.63,84.69,2337800.0
2015-11-13,84.44,85.33,83.88,84.29,2002040.0
2015-11-16,84.08,85.66,83.9,85.65,1850783.0
2015-11-17,85.97,86.67,85.23,85.46,1487935.0
2015-11-18,85.91,87.55,85.85,87.38,2142900.0
2015-11-19,87.17,87.63,86.52,87.4,1763167.0
2015-11-20,87.21,87.42,86.46,86.53,1797426.0
2015-11-23,86.51,86.88,85.88,86.14,1423123.0
2015-11-24,85.18,86.22,85.01,85.92,1710821.0
2015-11-25,86.0,86.18,85.49,85.78,1204850.0
2015-11-27,85.81,86.44,85.57,86.28,522022.0
2015-11-30,86.55,86.88,85.79,86.55,2479023.0
2015-12-01,87.0,87.6,86.54,87.49,2555695.0
2015-12-02,87.6,87.95,86.12,86.25,2514255.0
2015-12-03,86.71,86.76,84.13,84.53,2226613.0
2015-12-04,85.08,86.95,84.42,86.72,2130374.0
2015-12-07,86.44,86.67,85.29,86.09,1610360.0
2015-12-08,85.23,85.63,84.44,84.84,1942508.0
2015-12-09,84.56,86.1,83.48,84.08,2092273.0
2015-12-10,84.3,85.85,83.37,83.79,3190519.0
2015-12-11,82.39,82.7,80.06,80.69,3342385.0
2015-12-14,80.95,81.97,79.6,80.69,3212929.0
2015-12-15,81.71,83.89,81.67,83.06,3578461.0
2015-12-16,83.86,84.53,82.62,84.19,3547162.0
2015-12-17,84.46,84.49,81.61,81.85,2958159.0
2015-12-18,81.2,81.44,79.44,79.55,4181203.0
2015-12-21,80.15,80.86,79.17,80.05,2203263.0
2015-12-22,80.98,81.78,80.15,81.49,2334191.0
2015-12-23,81.91,83.11,81.67,82.96,1995481.0
2015-12-24,82.79,83.26,82.53,82.55,480807.0
2015-12-28,82.17,82.53,81.63,82.45,1074268.0
2015-12-29,83.13,83.54,82.57,83.21,1625338.0
2015-12-30,83.0,83.12,82.01,82.17,1122847.0
2015-12-31,81.73,82.45,81.14,81.41,1214122.0
2016-01-04,79.55,79.88,78.37,79.84,2913411.0
2016-01-05,79.85,80.34,78.83,79.57,2137772.0
2016-01-06,78.06,78.29,76.37,76.92,3137694.0
2016-01-07,75.05,75.96,73.49,73.79,3953299.0
2016-01-08,74.9,75.42,72.85,73.05,3584027.0
2016-01-11,73.42,73.82,71.74,72.89,2810129.0
2016-01-12,74.02,74.17,71.95,73.12,2686134.0
2016-01-13,74.9,75.67,71.18,71.82,5032225.0
2016-01-14,72.16,73.06,70.27,72.07,4165765.0
2016-01-15,69.18,70.48,68.64,70.17,4422793.0
2016-01-19,71.24,71.55,68.84,69.29,3400208.0
2016-01-20,67.15,68.22,65.07,67.36,5075061.0
2016-01-21,67.75,69.35,67.6,68.13,3662958.0
2016-01-22,69.43,70.3,69.0,69.87,3497141.0
2016-01-25,69.52,70.12,67.78,67.88,2669208.0
2016-01-26,68.2,69.75,68.12,69.11,2437644.0
2016-01-27,69.09,70.37,67.91,68.51,2771307.0
2016-01-28,69.46,69.53,67.91,68.84,2383890.0
2016-01-29,69.05,70.08,68.36,70.08,4239152.0
2016-02-01,69.34,69.95,68.34,69.57,3155383.0
2016-02-02,68.15,68.15,66.77,67.23,3850116.0
2016-02-03,67.8,67.85,65.09,66.79,4003738.0
2016-02-04,66.42,67.77,66.03,66.98,3292762.0
2016-02-05,67.02,67.81,65.0,65.35,4615741.0
2016-02-08,64.81,64.97,62.52,63.33,3594589.0
2016-02-09,62.15,64.13,61.38,63.59,4453474.0
2016-02-10,64.76,65.47,63.77,64.06,5123936.0
2016-02-11,60.69,60.84,57.19,58.0,8850978.0
2016-02-12,58.63,62.48,58.54,61.64,6458849.0
2016-02-16,62.66,63.86,61.74,63.44,4026763.0
2016-02-17,64.88,67.19,64.85,66.6,5792756.0
2016-02-18,66.64,66.92,65.52,66.14,3578078.0
2016-02-19,64.98,65.44,63.96,65.36,3114760.0
2016-02-22,66.19,66.83,65.68,66.08,2616454.0
2016-02-23,65.85,66.08,64.03,64.59,3313699.0
2016-02-24,63.63,64.85,62.62,64.71,3728994.0
2016-02-25,64.95,66.1,64.64,66.07,1959035.0
2016-02-26,66.83,68.27,66.56,66.99,3145155.0
2016-02-29,66.65,67.11,65.99,66.09,2920684.0
2016-03-01,67.2,70.34,67.04,70.31,4489912.0
2016-03-02,70.23,71.2,69.91,70.76,3166679.0
2016-03-03,70.39,71.97,70.37,71.87,2646571.0
2016-03-04,72.24,72.65,70.8,71.47,2550348.0
2016-03-07,70.8,72.17,70.68,72.13,2152604.0
2016-03-08,70.98,71.49,69.44,70.31,2895352.0
2016-03-09,70.97,71.27,69.91,70.41,2271787.0
2016-03-10,71.04,72.05,69.33,70.56,3103457.0
2016-03-11,71.61,73.7,71.61,73.55,2992050.0
2016-03-14,73.16,73.62,72.74,73.0,2836449.0
2016-03-15,72.2,72.42,71.36,72.42,2318038.0
2016-03-16,72.36,73.36,71.76,72.56,2271479.0
2016-03-17,72.57,73.91,71.44,73.36,2472626.0
2016-03-18,73.96,75.41,73.84,74.94,3792736.0
2016-03-21,74.95,75.57,74.05,74.55,2171417.0
2016-03-22,73.31,74.4,73.0,74.12,2513077.0
2016-03-23,73.83,74.0,72.59,72.83,2065729.0
2016-03-24,70.0,70.78,69.35,70.76,6005280.0
2016-03-28,71.13,72.33,71.03,72.01,3020050.0
2016-03-29,71.5,71.67,70.33,71.52,2563459.0
2016-03-30,72.26,74.73,71.86,72.95,4185996.0
2016-03-31,72.85,73.4,71.87,72.22,2550871.0
2016-04-01,71.52,73.33,70.81,73.25,2486025.0
2016-04-04,73.12,73.28,72.11,72.28,1800924.0
2016-04-05,71.41,71.82,70.87,71.2,2147103.0
2016-04-06,71.33,72.28,71.06,71.84,2485585.0
2016-04-07,70.98,71.47,69.32,70.01,2895790.0
2016-04-08,71.08,71.32,69.77,70.17,3562878.0
2016-04-11,70.89,72.28,70.84,71.54,2115629.0
2016-04-12,71.98,73.53,71.74,73.27,2463043.0
2016-04-13,74.2,75.83,74.2,75.77,2553717.0
2016-04-14,75.57,76.59,75.23,76.29,1904036.0
2016-04-15,76.21,76.34,75.56,76.01,1995615.0
2016-04-18,75.68,76.65,75.36,76.65,1865533.0
2016-04-19,76.99,77.95,76.81,77.5,1928731.0
2016-04-20,77.94,79.1,77.53,78.89,2157541.0
2016-04-21,78.91,79.45,78.46,78.59,1817137.0
2016-04-22,78.81,79.97,78.76,79.58,1699223.0
2016-04-25,78.94,79.36,78.01,78.85,1644259.0
2016-04-26,79.19,79.74,78.77,79.71,1960612.0
2016-04-27,79.67,80.45,79.2,79.65,2590946.0
2016-04-28,78.74,79.12,77.66,77.94,2631945.0
2016-04-29,77.66,78.13,76.87,77.64,2524981.0
2016-05-02,78.28,78.8,77.34,78.67,1543640.0
2016-05-03,77.35,77.52,75.96,77.47,2347326.0
2016-05-04,76.84,77.08,75.78,76.27,4065198.0
2016-05-05,74.93,76.83,74.93,75.83,2620947.0
2016-05-06,75.34,76.36,75.01,76.05,2122134.0
2016-05-09,76.03,76.31,75.33,75.63,1598082.0
2016-05-10,76.17,77.47,75.91,77.16,2285645.0
2016-05-11,76.78,77.54,76.21,76.21,1787440.0
2016-05-12,76.83,77.13,75.64,76.43,2050136.0
2016-05-13,76.17,77.31,75.21,75.4,1941948.0
2016-05-16,75.66,76.43,75.41,75.95,1736152.0
2016-05-17,76.02,76.86,75.59,75.91,1582800.0
2016-05-18,75.95,79.31,75.74,79.02,3668304.0
2016-05-19,78.7,79.33,77.11,77.8,2743841.0
2016-05-20,77.79,78.91,77.47,77.67,2383231.0
2016-05-23,77.27,77.94,76.78,77.2,1507177.0
2016-05-24,78.06,79.18,77.78,78.72,1639970.0
2016-05-25,79.15,80.49,79.11,79.69,1697621.0
2016-05-26,79.61,79.81,78.41,78.47,2247169.0
2016-05-27,78.81,79.54,78.36,79.54,1534216.0
2016-05-31,80.0,80.0,78.69,79.25,2515679.0
2016-06-01,78.09,79.18,77.28,78.82,2210340.0
2016-06-02,78.73,78.9,78.31,78.73,1994346.0
2016-06-03,77.19,77.35,75.29,76.12,4225091.0
2016-06-06,76.5,77.72,76.25,77.27,2131314.0
2016-06-07,77.55,77.56,76.8,76.82,1547510.0
2016-06-08,76.64,77.3,76.55,76.81,1505430.0
2016-06-09,76.19,76.25,74.89,75.15,2716650.0
2016-06-10,74.25,74.35,73.34,73.54,2490398.0
2016-06-13,73.09,73.94,72.73,73.12,2560195.0
2016-06-14,73.0,73.51,71.4,71.98,2140921.0
2016-06-15,72.41,73.2,71.69,71.77,2980974.0
2016-06-16,70.85,71.77,70.04,71.74,3689776.0
2016-06-17,71.76,72.47,71.48,72.19,3343477.0
2016-06-20,73.63,74.62,73.16,73.21,2812675.0
2016-06-21,73.83,74.03,72.98,73.72,2205660.0
2016-06-22,73.95,74.9,73.87,74.03,2181352.0
2016-06-23,75.38,76.97,75.3,76.95,2904748.0
2016-06-24,71.78,72.82,70.65,70.91,6561630.0
2016-06-27,69.29,69.53,68.12,68.23,298669.0
2016-06-28,69.02,69.07,67.3,68.7,3152756.0
2016-06-29,69.17,70.15,68.21,70.14,4229698.0
2016-06-30,70.42,71.34,69.69,71.34,2758557.0
2016-07-01,70.11,71.85,70.11,71.0,2097890.0
2016-07-05,69.71,70.1,68.06,68.74,2633250.0
2016-07-06,68.13,69.18,67.51,69.14,2361519.0
2016-07-07,69.17,70.47,68.56,69.04,2405858.0
2016-07-08,70.25,71.33,70.0,70.99,2057571.0
2016-07-11,71.76,72.27,71.4,71.81,2050127.0
2016-07-12,73.0,73.91,72.88,73.49,2639241.0
2016-07-13,73.29,73.78,72.26,73.1,1678088.0
2016-07-14,74.9,75.49,74.56,75.02,2698196.0
2016-07-15,75.57,75.71,74.71,75.11,2104836.0
2016-07-18,74.88,75.86,74.54,75.4,2086728.0
2016-07-19,74.78,75.31,74.54,75.17,1541868.0
2016-07-20,75.61,75.66,74.82,75.54,1836792.0
2016-07-21,75.73,75.93,75.12,75.43,1279470.0
2016-07-22,75.75,75.86,75.13,75.76,1183893.0
2016-07-25,75.52,75.76,75.06,75.54,1366628.0
2016-07-26,75.44,76.0,75.44,75.89,1037987.0
2016-07-27,75.77,76.17,74.9,75.42,1841658.0
2016-07-28,75.29,75.94,74.71,75.77,1185667.0
2016-07-29,75.07,75.9,75.01,75.29,2558224.0
2016-08-01,75.59,75.84,74.56,74.85,1993428.0
2016-08-02,74.9,75.32,73.2,73.97,2657086.0
2016-08-03,74.29,76.51,74.25,76.15,2732714.0
2016-08-04,74.56,75.0,72.25,72.84,4007094.0
2016-08-05,73.93,76.21,73.93,76.03,3533695.0
2016-08-08,76.36,77.46,76.16,77.3,3486165.0
2016-08-09,77.27,77.64,76.93,77.48,2411137.0
2016-08-10,77.46,77.62,76.07,76.18,2775292.0
2016-08-11,76.21,76.9,76.02,76.51,2302967.0
2016-08-12,75.49,75.8,74.85,75.52,3053060.0
2016-08-15,76.33,76.96,76.2,76.71,1945540.0
2016-08-16,76.48,76.95,76.2,76.73,1986444.0
2016-08-17,76.75,77.15,76.63,77.04,1986752.0
2016-08-18,77.02,77.13,76.3,76.52,1793171.0
2016-08-19,75.7,76.34,75.2,76.18,1586240.0
2016-08-22,75.82,76.2,75.5,76.07,1428191.0
2016-08-23,76.44,77.13,76.37,76.46,1376005.0
2016-08-24,76.72,77.04,76.53,76.71,1231236.0
2016-08-25,76.62,77.34,76.62,77.29,1599809.0
2016-08-26,77.49,78.44,77.01,77.57,2004729.0
2016-08-29,77.77,79.05,77.77,78.61,1625592.0
2016-08-30,78.75,79.71,78.61,79.56,1986232.0
2016-08-31,79.62,79.97,78.57,79.38,2660542.0
2016-09-01,79.62,79.98,77.97,78.84,2207957.0
2016-09-02,79.14,79.94,78.76,79.49,2146201.0
2016-09-06,79.42,79.42,77.95,78.59,2171588.0
2016-09-07,78.37,78.75,78.01,78.51,1962221.0
2016-09-08,78.77,79.05,78.17,78.69,2052595.0
2016-09-09,78.85,80.19,78.68,79.18,3538966.0
2016-09-12,78.4,79.98,77.68,79.74,2679456.0
2016-09-13,78.52,79.31,77.89,78.9,2448658.0
2016-09-14,79.01,79.62,78.37,79.56,4177710.0
2016-09-15,79.47,80.91,79.16,80.45,3462216.0
2016-09-16,79.86,80.04,78.99,79.42,4419927.0
2016-09-19,79.91,80.86,79.64,79.84,1761139.0
2016-09-20,80.15,80.43,79.52,79.95,2627172.0
2016-09-21,80.46,80.88,79.52,80.7,2611310.0
2016-09-22,80.83,80.98,80.08,80.14,2270039.0
2016-09-23,81.13,81.5,80.08,80.34,3228080.0
2016-09-26,79.57,79.8,79.02,79.41,2930237.0
2016-09-27,78.87,80.71,78.5,80.66,2703984.0
2016-09-28,80.92,81.75,80.41,81.65,1996248.0
2016-09-29,81.24,81.75,79.63,79.97,3021400.0
2016-09-30,80.64,82.13,80.44,81.65,3328231.0
2016-10-03,81.43,81.92,81.06,81.43,1773554.0
2016-10-04,81.6,82.78,81.59,82.59,2980603.0
2016-10-05,82.95,85.24,82.79,84.79,4343220.0
2016-10-06,85.19,85.94,84.24,85.01,2778085.0
2016-10-07,84.53,85.0,83.81,84.53,2470217.0
2016-10-10,85.0,85.24,84.61,84.94,2169473.0
2016-10-11,85.01,85.25,83.86,84.37,2507575.0
2016-10-12,84.54,85.1,84.28,84.49,2197213.0
2016-10-13,83.17,83.98,82.47,83.68,2359419.0
2016-10-14,84.99,85.34,84.16,84.43,2704015.0
2016-10-17,84.62,85.03,84.39,84.51,2120989.0
2016-10-18,84.93,85.03,84.24,84.37,1699516.0
2016-10-19,84.19,84.98,83.98,84.5,2286863.0
2016-10-20,84.35,84.59,83.26,83.92,1717709.0
2016-10-21,82.7,83.35,82.6,83.15,3999912.0
2016-10-24,83.83,84.19,83.32,83.54,1823230.0
2016-10-25,83.45,83.8,82.82,82.89,2199000.0
2016-10-26,82.58,84.08,82.45,83.9,2054321.0
2016-10-27,84.63,85.41,84.0,84.77,2531908.0
2016-10-28,84.98,85.49,83.84,84.5,2462350.0
2016-10-31,84.7,85.45,84.65,84.79,2012016.0
2016-11-01,85.29,85.39,83.09,84.18,1689055.0
2016-11-02,83.83,84.4,83.2,83.79,1749193.0
2016-11-03,84.57,87.5,84.37,86.67,4063657.0
2016-11-04,86.65,86.9,85.36,85.79,2914117.0
2016-11-07,87.45,89.07,87.39,88.82,3286228.0
2016-11-08,88.3,89.22,87.82,88.81,2984010.0
2016-11-09,89.49,93.9,89.21,93.51,6519632.0
2016-11-10,93.98,98.34,93.87,97.74,8225733.0
2016-11-11,95.88,98.16,95.88,97.93,5484913.0
2016-11-14,97.94,100.37,97.94,98.68,5423202.0
2016-11-15,97.61,98.91,95.95,98.73,4087735.0
2016-11-16,97.76,98.24,96.71,97.64,2589427.0
2016-11-17,97.95,99.24,97.53,99.16,2378074.0
2016-11-18,99.27,99.66,98.51,99.15,2269575.0
2016-11-21,99.74,100.64,99.07,100.57,2882350.0
2016-11-22,100.57,101.02,99.53,100.29,2383404.0
2016-11-23,100.53,101.96,99.99,100.64,1920708.0
2016-11-25,100.79,101.0,100.27,100.79,982056.0
2016-11-28,99.85,100.46,98.79,99.4,2353310.0
2016-11-29,99.94,100.32,99.26,99.77,3037816.0
2016-11-30,100.79,101.48,100.26,100.6,2345473.0
2016-12-01,101.37,103.5,101.11,102.47,2928387.0
2016-12-02,102.28,102.44,100.74,101.73,1954565.0
2016-12-05,102.88,103.56,101.83,102.71,2255790.0
2016-12-06,103.2,103.73,101.89,103.64,1763755.0
2016-12-07,103.48,105.57,103.1,105.47,2605370.0
2016-12-08,105.87,107.18,105.56,106.57,2569191.0
2016-12-09,106.25,106.38,105.25,106.02,2595373.0
2016-12-12,105.18,105.81,103.44,104.52,2597809.0
2016-12-13,104.99,105.57,103.86,104.83,1645448.0
2016-12-14,103.39,105.62,103.29,103.99,3910618.0
2016-12-15,104.66,107.85,104.47,107.08,3231464.0
2016-12-16,106.87,107.77,105.64,105.77,3844008.0
2016-12-19,105.74,106.76,105.12,105.91,1714864.0
2016-12-20,107.08,108.29,106.6,107.1,1922802.0
2016-12-21,106.98,107.42,105.7,106.47,1854923.0
2016-12-22,105.6,106.06,104.94,105.65,2536123.0
2016-12-23,105.69,106.27,105.44,106.2,1688861.0
2016-12-27,106.28,107.1,106.21,106.52,963677.0
2016-12-28,106.49,106.88,104.7,104.96,1054608.0
2016-12-29,105.32,105.67,103.53,103.92,1368956.0
2016-12-30,104.53,104.73,103.58,104.06,1466053.0
2017-01-03,105.23,106.1,103.57,104.86,2128273.0
2017-01-04,105.32,106.51,105.15,106.14,2071654.0
2017-01-05,105.52,106.16,103.45,104.55,1720377.0
2017-01-06,105.18,105.97,104.75,105.15,1983879.0
2017-01-09,104.47,105.5,103.93,104.74,1858410.0
2017-01-10,105.0,106.59,104.89,105.57,1491576.0
2017-01-11,105.72,107.09,105.31,106.49,1990610.0
2017-01-12,105.62,105.91,103.05,104.22,2302619.0
2017-01-13,105.13,106.46,104.54,105.23,1380332.0
2017-01-17,103.99,104.98,103.53,103.92,2760414.0
2017-01-18,104.74,105.65,103.64,105.59,2524963.0
2017-01-19,105.98,106.03,103.89,104.76,2078279.0
2017-01-20,105.27,106.05,104.89,105.59,1673141.0
2017-01-23,105.1,105.51,104.1,104.49,1292112.0
2017-01-24,105.07,106.44,105.04,105.69,1294041.0
2017-01-25,106.69,107.5,106.34,107.36,2176265.0
2017-01-26,107.33,108.06,106.85,107.34,2105178.0
2017-01-27,106.8,107.15,106.26,106.59,995369.0
2017-01-30,106.07,106.2,104.01,105.57,2425645.0
2017-01-31,105.46,106.28,104.16,105.11,1573609.0
2017-02-01,106.13,107.06,104.6,105.56,1579457.0
2017-02-02,104.43,105.63,103.41,104.43,1553480.0
2017-02-03,106.17,106.88,105.34,106.33,2060507.0
2017-02-06,105.42,106.65,105.35,106.11,1191361.0
2017-02-07,106.75,106.99,105.73,106.59,1599056.0
2017-02-08,105.89,105.9,104.45,105.22,2305046.0
2017-02-09,107.3,108.95,105.8,108.39,2421086.0
2017-02-10,108.59,109.15,108.08,108.75,2707756.0
2017-02-13,108.83,110.58,108.77,109.8,2189307.0
2017-02-14,109.29,110.99,109.29,110.45,2724738.0
2017-02-15,110.77,111.98,109.89,111.79,2652002.0
2017-02-16,111.4,112.28,111.18,112.11,2301648.0
2017-02-17,110.28,111.11,109.91,111.11,2518715.0
2017-02-21,111.97,112.39,111.04,111.22,1905654.0
2017-02-22,110.22,110.98,110.05,110.5,2184768.0
2017-02-23,110.73,110.99,110.12,110.86,1552419.0
2017-02-24,109.64,110.0,108.9,109.96,1388947.0
2017-02-27,110.06,111.06,110.05,110.95,1398918.0
2017-02-28,110.14,110.78,109.75,110.54,1721678.0
2017-03-01,112.72,114.55,112.61,113.82,2602295.0
2017-03-02,113.89,113.99,111.65,111.8,2024011.0
2017-03-03,112.11,113.12,111.8,112.56,1433976.0
2017-03-06,111.5,112.17,111.26,111.77,1770032.0
2017-03-07,111.56,111.75,110.93,111.24,1890258.0
2017-03-08,112.35,112.69,110.96,111.09,1748819.0
2017-03-09,111.46,111.72,110.54,110.99,1486851.0
2017-03-10,111.45,111.82,110.19,111.06,1872692.0
2017-03-13,111.19,111.86,110.94,111.61,1245015.0
2017-03-14,111.24,111.24,110.25,111.07,1285942.0
2017-03-15,111.34,112.03,110.88,111.39,2221034.0
2017-03-16,111.6,112.27,111.02,111.62,1878703.0
2017-03-17,111.5,111.62,109.85,109.92,2539561.0
2017-03-20,109.64,109.72,109.0,109.12,1774324.0
2017-03-21,109.98,110.0,105.55,105.84,2709077.0
2017-03-22,105.25,106.15,103.45,105.42,1689137.0
2017-03-23,105.45,107.03,104.98,105.5,1910126.0
2017-03-24,106.01,106.85,104.82,105.44,1725039.0
2017-03-27,102.64,104.79,102.01,104.5,2626428.0
2017-03-28,104.13,106.35,104.03,105.8,3699811.0
2017-03-29,105.48,105.97,104.7,105.16,2085364.0
2017-03-30,105.3,107.54,105.25,107.3,1995590.0
2017-03-31,106.72,107.5,106.61,106.68,1890067.0
2017-04-03,106.88,107.3,104.7,106.44,1854812.0
2017-04-04,105.84,106.73,105.84,106.19,1650383.0
2017-04-05,107.26,107.67,105.3,105.48,1708360.0
2017-04-06,105.4,106.65,104.84,106.29,2403627.0
2017-04-07,105.3,106.49,104.71,105.86,1943780.0
2017-04-10,105.88,106.67,105.24,105.73,1108780.0
2017-04-11,105.06,105.79,104.35,105.4,2133979.0
2017-04-12,105.71,105.71,103.57,103.84,1779717.0
2017-04-13,103.14,104.44,102.62,102.92,1509173.0
2017-04-17,103.0,104.48,102.7,104.3,1429221.0
2017-04-18,103.45,104.58,103.14,103.57,2306797.0
2017-04-19,104.83,105.1,103.86,104.17,1855055.0
2017-04-20,105.0,106.25,104.45,105.84,1963775.0
2017-04-21,105.63,106.48,105.5,105.65,2131580.0
2017-04-24,108.25,108.84,107.69,107.87,1685190.0
2017-04-25,108.9,109.34,107.85,107.89,2666550.0
2017-04-26,107.99,108.5,107.13,107.2,1807752.0
2017-04-27,107.51,107.51,106.21,107.08,1478517.0
2017-04-28,107.12,107.68,106.91,107.03,1395004.0
2017-05-01,107.64,107.79,106.92,107.46,1413479.0
2017-05-02,107.51,107.71,107.0,107.56,1398025.0
2017-05-03,107.06,108.78,107.0,108.48,2082496.0
2017-05-04,110.0,111.57,108.84,109.13,2464223.0
2017-05-05,109.6,109.81,108.36,108.73,1679966.0
2017-05-08,108.46,108.61,107.79,108.26,2122678.0
2017-05-09,108.49,108.74,107.62,107.88,1456150.0
2017-05-10,107.52,108.7,107.01,108.46,1574955.0
2017-05-11,108.04,108.47,106.55,107.79,1720099.0
2017-05-12,107.09,107.39,105.83,106.21,2247280.0
2017-05-15,106.66,107.64,106.21,107.44,1878932.0
2017-05-16,107.5,107.89,107.08,107.8,1557865.0
2017-05-17,105.77,106.33,103.09,103.42,2039231.0
2017-05-18,103.42,104.29,102.75,103.45,3822875.0
2017-05-19,103.35,104.61,103.08,103.99,2447656.0
2017-05-22,104.38,104.65,103.5,104.27,1222272.0
2017-05-23,104.26,105.49,104.12,105.15,1526230.0
2017-05-24,105.59,105.59,104.54,104.96,1420042.0
2017-05-25,105.31,106.2,105.06,106.02,1009234.0
2017-05-26,105.61,106.01,104.92,105.07,1668008.0
2017-05-30,104.62,105.0,104.28,104.86,1069137.0
2017-05-31,105.0,105.02,103.39,104.85,1891045.0
2017-06-01,105.59,106.72,104.56,106.7,2031543.0
2017-06-02,105.63,106.95,105.35,106.42,1899358.0
2017-06-05,106.31,106.66,105.54,105.57,1329698.0
2017-06-06,104.5,104.68,102.92,103.2,2070351.0
2017-06-07,103.25,103.86,102.03,103.55,1766112.0
2017-06-08,103.69,106.36,103.59,105.41,2332843.0
2017-06-09,106.13,107.92,106.02,107.75,2032756.0
2017-06-12,107.8,108.9,107.13,108.36,2088681.0
2017-06-13,108.79,109.05,107.8,108.05,5447719.0
2017-06-14,107.11,108.3,105.76,108.1,2215899.0
2017-06-15,107.28,108.47,106.94,108.28,1699013.0
2017-06-16,108.59,108.67,107.62,107.71,2290338.0
2017-06-19,108.47,108.88,108.13,108.48,1170315.0
2017-06-20,108.0,108.34,107.32,107.43,1035164.0
2017-06-21,107.62,107.63,104.59,104.89,2094934.0
2017-06-22,104.59,104.59,103.15,103.31,1925509.0
2017-06-23,103.61,103.94,102.96,103.36,2599220.0
2017-06-26,103.94,104.64,102.49,103.67,2149314.0
2017-06-27,104.01,106.04,103.7,104.6,1678031.0
2017-06-28,105.62,107.48,105.62,107.26,2270955.0
2017-06-29,109.0,109.75,107.29,108.38,2923397.0
2017-06-30,109.12,109.37,108.06,108.14,2152795.0
2017-07-03,109.04,111.38,109.04,110.18,1923259.0
2017-07-05,110.42,110.57,109.51,110.22,2026144.0
2017-07-06,110.39,112.72,110.0,110.8,3178459.0
2017-07-07,111.26,111.67,110.26,111.36,1935848.0
2017-07-10,111.08,111.82,111.01,111.34,1205245.0
2017-07-11,111.5,111.6,110.34,110.68,498662.0
2017-07-12,110.51,111.28,110.17,111.23,622033.0
2017-07-13,111.33,112.14,111.12,111.98,543831.0
2017-07-14,110.71,111.83,109.91,111.44,634595.0
2017-07-17,111.0,111.62,110.45,111.29,483169.0
2017-07-18,110.45,111.2,110.02,110.57,617055.0
2017-07-19,110.36,111.71,110.21,111.3,1451696.0
2017-07-20,111.59,111.96,110.83,111.06,562880.0
2017-07-21,111.18,111.82,110.61,111.75,550236.0
2017-07-24,111.44,112.38,111.43,112.18,381977.0
2017-07-25,113.63,114.1,113.2,113.55,467795.0
2017-07-26,113.55,113.88,111.89,112.2,402170.0
2017-07-27,112.4,113.31,112.04,112.74,1015352.0
2017-07-28,112.75,113.35,112.09,113.19,438690.0
2017-07-31,113.64,113.9,113.16,113.23,1248548.0
2017-08-01,113.85,114.41,113.03,114.32,743336.0
2017-08-02,113.9,115.26,113.45,115.22,887308.0
2017-08-03,110.69,113.43,109.91,110.27,2076663.0
2017-08-04,111.29,113.28,111.26,112.38,976772.0
2017-08-07,112.17,112.52,111.57,111.7,583845.0
2017-08-08,111.79,113.17,111.32,111.48,582793.0
2017-08-09,110.49,110.69,109.28,109.94,2242410.0
2017-08-10,109.0,109.3,105.96,106.06,2665030.0
2017-08-11,105.78,106.74,105.13,105.69,2239384.0
2017-08-14,106.98,107.58,106.71,106.74,2285942.0
2017-08-15,107.79,108.56,106.19,106.25,1572864.0
2017-08-16,106.35,106.88,104.85,105.21,2300053.0
2017-08-17,104.85,104.96,102.59,102.66,3119224.0
2017-08-18,101.77,102.52,101.21,101.95,3523224.0
2017-08-21,102.25,102.27,100.54,101.08,1680247.0
2017-08-22,101.61,102.13,101.27,101.9,1613335.0
2017-08-23,101.12,102.08,101.01,101.1,1490573.0
2017-08-24,101.7,102.29,101.42,101.69,1724781.0
2017-08-25,102.13,103.05,101.89,102.82,2069580.0
2017-08-28,102.89,103.13,102.41,102.68,1375690.0
2017-08-29,101.3,101.68,100.9,101.32,1753994.0
2017-08-30,101.82,102.49,101.28,102.14,1744093.0
2017-08-31,102.52,102.61,101.97,102.08,2214351.0
2017-09-01,102.34,103.69,102.11,103.15,1199247.0
2017-09-05,102.45,102.56,100.43,100.74,1939890.0
2017-09-06,101.05,101.83,100.5,100.58,2074156.0
2017-09-07,100.63,100.63,98.21,98.65,2746040.0
2017-09-08,98.35,99.67,97.88,98.91,1839760.0
2017-09-11,100.26,101.74,100.16,100.93,2545740.0
2017-09-12,101.48,102.59,101.33,102.18,2101807.0
2017-09-13,102.02,102.66,101.75,102.36,1618755.0
2017-09-14,102.41,102.85,101.85,101.97,2061075.0
2017-09-15,101.91,102.83,101.55,102.78,2944469.0
2017-09-18,103.15,103.86,103.0,103.38,2170450.0
2017-09-19,103.35,104.64,103.09,104.31,1649190.0
2017-09-20,104.46,105.78,103.66,105.17,1984795.0
2017-09-21,105.02,105.9,104.78,104.78,2138810.0
2017-09-22,104.29,105.34,104.18,105.0,1789601.0
2017-09-25,104.86,105.84,104.51,105.36,1865758.0
2017-09-26,105.29,106.06,104.97,105.94,1744510.0
2017-09-27,107.32,107.59,106.63,106.78,1972178.0
2017-09-28,106.81,106.98,105.46,106.0,1186185.0
2017-09-29,106.0,106.62,105.72,106.32,1227301.0
2017-10-02,106.91,107.48,106.25,107.28,1303913.0
2017-10-03,107.27,107.9,106.76,107.84,1767137.0
2017-10-04,107.87,108.3,107.45,107.85,1116950.0
2017-10-05,107.99,109.74,107.66,109.26,1427154.0
2017-10-06,109.68,110.68,108.87,109.65,1708887.0
2017-10-09,109.85,110.07,108.88,109.06,867749.0
2017-10-10,109.21,110.16,109.08,110.0,1565198.0
2017-10-11,109.66,110.3,109.37,110.01,1484329.0
2017-10-12,110.15,110.15,109.14,109.35,1149072.0
2017-10-13,109.38,109.8,108.82,109.11,1336950.0
2017-10-16,109.42,110.07,109.26,109.37,1543239.0
2017-10-17,109.7,109.95,108.34,108.79,1605698.0
2017-10-18,109.34,109.34,108.41,108.89,1518894.0
2017-10-19,108.28,109.66,108.13,109.6,1281261.0
2017-10-20,110.65,111.32,110.13,110.78,1519219.0
2017-10-23,110.78,111.49,110.59,110.79,1048617.0
2017-10-24,111.5,112.51,111.25,112.17,1616383.0
2017-10-25,112.17,112.43,110.73,111.25,2008778.0
2017-10-26,111.59,112.64,111.57,111.89,1205279.0
2017-10-27,111.45,112.16,111.09,112.02,1091432.0
2017-10-30,111.49,112.06,111.23,111.6,1818842.0
2017-10-31,111.63,111.95,110.42,110.46,1564566.0
2017-11-01,110.98,112.13,110.37,110.58,1793470.0
2017-11-02,111.65,113.34,110.41,112.94,2352439.0
2017-11-03,112.71,112.98,111.55,111.84,1985137.0
2017-11-06,111.68,112.75,111.49,112.39,1416915.0
2017-11-07,112.72,113.97,111.41,111.94,1629039.0
2017-11-08,111.93,113.02,111.32,112.44,1966410.0
2017-11-09,111.9,113.11,111.27,111.95,1722310.0
2017-11-10,112.02,112.28,110.65,110.72,1805408.0
2017-11-13,109.9,111.27,109.48,110.44,1614487.0
2017-11-14,109.66,109.94,109.26,109.56,1794570.0
2017-11-15,108.29,112.63,108.04,110.22,2026746.0
2017-11-16,110.84,111.55,110.31,110.37,1857577.0
2017-11-17,109.81,110.96,109.61,110.25,1232693.0
2017-11-20,110.42,110.6,109.92,110.02,1662250.0
2017-11-21,110.46,110.58,109.94,110.06,1271648.0
2017-11-22,110.23,110.64,109.48,109.7,1252646.0
2017-11-24,109.49,109.53,108.86,108.92,575673.0
2017-11-27,109.06,109.87,109.06,109.51,1512857.0
2017-11-28,109.93,113.0,109.7,112.83,2625970.0
2017-11-29,113.77,117.08,113.27,115.87,2743151.0
2017-11-30,116.89,117.59,115.28,115.84,3784283.0
2017-12-01,116.0,116.2,112.41,115.4,1664527.0
2017-12-04,117.14,117.99,116.73,116.76,1789297.0
2017-12-05,117.16,117.38,115.34,115.51,1302141.0
2017-12-06,115.35,116.23,115.21,115.38,1247844.0
2017-12-07,114.92,116.68,114.76,116.33,1035868.0
2017-12-08,116.86,117.2,116.19,117.15,1184239.0
2017-12-11,117.02,117.25,115.75,116.26,1460071.0
2017-12-12,116.68,117.0,115.57,116.39,1841905.0
2017-12-13,116.08,116.37,113.93,113.95,1759715.0
2017-12-14,114.32,115.74,113.93,114.47,1981848.0
2017-12-15,115.41,116.75,115.19,115.73,2849764.0
2017-12-18,116.89,116.99,115.26,116.12,2007509.0
2017-12-19,117.0,117.46,116.6,116.86,1578182.0
2017-12-20,117.61,118.17,116.98,117.11,2140255.0
2017-12-21,117.72,118.09,116.68,116.74,1859126.0
2017-12-22,117.4,117.46,115.85,116.16,1011243.0
2017-12-26,116.34,116.71,115.46,115.65,670609.0
2017-12-27,115.69,115.7,115.01,115.33,1341047.0
2017-12-28,115.59,115.59,114.88,115.2,979946.0
2017-12-29,115.62,115.76,114.94,114.98,1147261.0
2018-01-02,115.17,115.71,114.53,115.45,2207090.0
2018-01-03,115.26,115.91,114.98,115.49,1449709.0
2018-01-04,116.04,117.51,115.8,116.51,1834087.0
2018-01-05,116.84,117.75,116.21,117.68,1698455.0
2018-01-08,117.78,117.83,117.17,117.61,1500968.0
2018-01-09,118.0,119.7,117.79,119.0,2536243.0
2018-01-10,119.2,122.94,118.95,121.51,2578863.0
2018-01-11,122.66,123.78,122.1,123.72,1879369.0
2018-01-12,124.24,125.0,123.68,124.12,1365548.0
2018-01-16,122.68,124.11,121.54,122.09,1962190.0
2018-01-17,122.82,123.86,121.94,123.44,1288193.0
2018-01-18,123.83,124.45,123.23,123.31,1805512.0
2018-01-19,123.88,124.39,123.27,124.13,3248499.0
2018-01-22,124.27,124.47,123.2,124.33,1507383.0
2018-01-23,124.33,124.55,123.08,124.2,1802816.0
2018-01-24,124.98,125.96,124.39,124.83,2014745.0
2018-01-25,125.32,125.4,124.27,124.4,1691771.0
2018-01-26,124.75,126.02,124.48,126.02,1594105.0
2018-01-29,125.85,127.14,125.17,125.37,1623367.0
2018-01-30,123.59,124.13,121.18,121.39,2421592.0
2018-01-31,121.64,121.97,118.47,118.82,3053615.0
2018-02-01,118.58,120.59,118.38,120.52,1994638.0
2018-02-02,119.68,120.38,116.96,117.33,2017827.0
2018-02-05,115.94,116.89,110.62,110.79,2628290.0
2018-02-06,107.72,111.7,106.51,110.99,4151703.0
2018-02-07,110.22,112.51,109.7,111.17,2262204.0
2018-02-08,111.25,111.97,103.26,103.38,4406263.0
2018-02-09,104.72,107.0,102.1,106.04,4271379.0
2018-02-12,108.38,110.45,106.51,107.86,3459522.0
2018-02-13,106.84,107.72,106.32,106.89,2818346.0
2018-02-14,106.48,111.7,106.4,111.27,2934839.0
2018-02-15,112.07,113.03,109.1,109.73,2354657.0
2018-02-16,109.33,110.33,109.07,109.43,2520406.0
2018-02-20,109.0,109.24,107.9,108.48,2231355.0
2018-02-21,108.5,110.36,108.5,108.63,2468068.0
2018-02-22,109.16,110.07,107.63,107.79,2186147.0
2018-02-23,108.29,109.01,107.28,108.98,1823075.0
2018-02-26,109.63,110.54,109.23,110.12,1919851.0
2018-02-27,110.0,111.13,108.66,108.69,2483838.0
2018-02-28,109.49,109.7,106.28,106.32,2053232.0
2018-03-01,106.45,107.49,103.62,103.93,2785841.0
2018-03-02,103.83,105.82,102.44,105.6,2412741.0
2018-03-05,104.5,107.27,104.15,106.22,2269893.0
2018-03-06,106.91,107.81,105.98,107.54,1560208.0
2018-03-07,106.03,107.54,105.92,107.31,1477490.0
2018-03-08,107.67,107.91,106.0,107.49,1334509.0
2018-03-09,108.59,110.36,108.28,110.3,2390438.0
2018-03-12,110.36,110.55,109.58,109.89,3450091.0
2018-03-13,110.61,111.18,109.29,109.6,2138579.0
2018-03-14,110.27,110.27,107.72,108.05,1813328.0
2018-03-15,108.55,109.66,108.1,108.49,1767338.0
2018-03-16,108.79,109.47,108.25,108.65,3748876.0
2018-03-19,108.55,108.94,106.36,107.72,2075678.0
2018-03-20,108.36,109.47,108.21,108.9,1758801.0
2018-03-21,109.18,110.23,108.8,108.88,1990210.0
2018-03-22,107.22,107.93,104.66,105.06,2364418.0
2018-03-23,105.5,105.54,100.26,100.64,2372548.0
2018-03-26,102.65,105.22,101.7,104.17,1901511.0
2018-03-27,104.44,105.25,101.85,102.56,2324223.0
2018-03-28,103.02,103.78,101.85,102.9,2337274.0
2018-03-29,103.51,104.21,102.75,103.55,2228195.0
2018-04-02,103.41,103.55,99.3,100.95,2625015.0
2018-04-03,101.87,103.15,100.93,102.83,2207546.0
2018-04-04,100.92,104.73,100.76,104.42,2001893.0
2018-04-05,105.33,105.85,104.11,104.91,1675902.0
2018-04-06,103.65,104.5,101.08,102.33,1800885.0
2018-04-09,103.04,104.2,101.77,101.95,2389494.0
2018-04-10,103.59,105.24,103.38,104.7,2518285.0
2018-04-11,103.5,104.4,102.83,102.96,1830086.0
2018-04-12,103.73,105.75,103.52,105.03,1356656.0
2018-04-13,105.91,106.0,103.77,104.28,1274395.0
2018-04-16,105.31,105.59,104.4,105.08,1684502.0
2018-04-17,105.83,106.65,104.55,104.9,1395975.0
2018-04-18,105.37,106.36,105.07,105.84,1414105.0
2018-04-19,105.76,107.89,105.76,107.07,1413342.0
2018-04-20,107.54,107.7,106.4,107.03,1540346.0
2018-04-23,107.39,107.92,106.79,107.38,951651.0
2018-04-24,108.0,108.92,106.18,107.14,1189140.0
2018-04-25,106.74,107.39,105.51,106.77,1177242.0
2018-04-26,106.77,107.62,106.13,107.19,1003005.0
2018-04-27,106.73,107.83,106.32,107.62,759465.0
2018-04-30,108.13,108.48,106.32,106.32,1685512.0
2018-05-01,106.0,106.21,104.89,106.11,1178902.0
2018-05-02,105.55,105.79,101.05,101.23,3229281.0
2018-05-03,101.19,101.77,95.83,97.6,5736244.0
2018-05-04,96.98,101.18,96.98,100.66,2296206.0
2018-05-07,100.71,101.33,99.78,100.5,1722595.0
2018-05-08,100.37,101.57,99.5,100.1,1592607.0
2018-05-09,100.56,100.81,99.06,100.13,2800359.0
2018-05-10,100.21,100.88,99.11,100.84,2127953.0
2018-05-11,100.95,101.46,99.51,99.88,2641709.0
2018-05-14,100.31,100.72,99.68,99.87,1924847.0
2018-05-15,99.8,101.59,99.66,100.54,2991211.0
2018-05-16,100.31,101.73,100.1,101.17,1893044.0
2018-05-17,101.05,102.99,100.82,102.61,2299816.0
2018-05-18,102.61,103.02,101.69,102.43,2264039.0
2018-05-21,101.89,102.58,101.36,101.61,1620654.0
2018-05-22,101.77,102.99,101.72,101.96,1795759.0
2018-05-23,101.17,101.43,99.57,100.9,2116155.0
2018-05-24,100.51,100.84,99.33,100.38,2195666.0
2018-05-25,100.0,100.36,99.36,100.02,908742.0
2018-05-29,98.48,98.55,94.51,94.97,2919616.0
2018-05-30,96.39,98.22,96.06,97.85,2425838.0
2018-05-31,97.44,97.73,96.25,96.84,3571161.0
2018-06-01,98.55,99.31,98.11,98.84,1769198.0
2018-06-04,99.9,100.4,99.02,99.17,1610376.0
2018-06-05,98.77,99.18,97.4,98.56,1552641.0
2018-06-06,99.13,100.01,98.51,99.65,1524659.0
2018-06-07,100.23,100.34,98.91,99.74,1526244.0
2018-06-08,99.79,100.64,99.37,100.55,1380128.0
2018-06-11,101.23,102.06,100.8,100.84,1923230.0
2018-06-12,101.05,101.53,99.43,99.76,1973982.0
2018-06-13,99.9,100.56,98.95,99.3,2219696.0
2018-06-14,99.42,99.49,98.29,98.75,1999204.0
2018-06-15,97.81,98.66,96.57,98.56,3233783.0
2018-06-18,97.75,98.05,96.84,97.95,2090545.0
2018-06-19,96.7,97.83,96.6,97.6,1554565.0
2018-06-20,97.86,98.08,96.71,96.84,1759784.0
2018-06-21,96.82,97.23,96.06,96.42,1285010.0
2018-06-22,97.33,97.51,96.45,96.5,1749547.0
2018-06-25,96.0,96.49,95.25,95.98,1354651.0
2018-06-26,96.15,96.46,94.95,95.31,1498317.0
2018-06-27,95.16,95.6,93.12,93.22,2270656.0
2018-06-28,93.26,93.91,92.05,93.59,2132076.0
2018-06-29,94.35,95.24,93.48,93.51,1608352.0
2018-07-02,92.86,94.33,92.5,94.33,1389708.0
2018-07-03,94.7,95.23,93.89,93.99,1086012.0
2018-07-05,94.86,95.09,93.53,94.34,1458706.0
2018-07-06,93.84,95.1,93.19,94.85,1474061.0
2018-07-09,95.33,97.91,95.21,97.67,2065256.0
2018-07-10,97.84,98.2,96.41,97.01,1999811.0
2018-07-11,96.46,96.67,95.19,95.4,1795939.0
2018-07-12,96.2,96.2,94.42,95.3,1767658.0
2018-07-13,94.86,95.58,94.51,95.07,1300498.0
2018-07-16,95.24,96.37,95.16,96.3,1335762.0
2018-07-17,96.25,96.62,95.73,96.02,1531178.0
2018-07-18,96.05,97.7,95.86,97.49,1828552.0
2018-07-19,97.08,97.64,95.66,95.7,1815497.0
2018-07-20,95.2,95.57,94.85,95.25,2262554.0
2018-07-23,95.25,97.2,95.02,96.92,1760498.0
2018-07-24,97.35,99.16,96.83,98.15,1815478.0
2018-07-25,97.76,98.17,95.65,96.97,2531006.0
2018-07-26,97.5,99.16,97.44,98.1,1810589.0
2018-07-27,98.56,99.69,98.47,98.89,1932965.0
2018-07-30,99.3,101.22,99.15,100.14,2297039.0
2018-07-31,100.81,101.39,100.11,100.91,3118828.0
2018-08-01,101.39,102.2,100.17,100.51,2430569.0
2018-08-02,99.01,100.53,98.0,99.88,3485795.0
2018-08-03,99.4,100.12,98.85,99.42,1854315.0
2018-08-06,99.46,100.43,98.81,99.67,1634125.0
2018-08-07,100.11,101.54,100.05,100.33,1866350.0
2018-08-08,100.28,101.73,99.83,101.52,2523676.0
2018-08-09,101.5,101.71,99.76,99.94,2041343.0
2018-08-10,98.44,98.79,96.32,96.97,2386810.0
2018-08-13,96.86,97.0,95.88,96.46,1822021.0
2018-08-14,96.55,97.65,96.55,97.39,1372255.0
2018-08-15,96.51,96.94,95.7,96.32,1586284.0
2018-08-16,97.27,98.55,97.21,98.1,1666300.0
2018-08-17,97.81,99.02,97.62,98.8,1575625.0
2018-08-20,98.1,98.75,97.85,98.16,1278612.0
2018-08-21,98.2,100.28,98.03,99.67,1466863.0
2018-08-22,99.46,99.46,98.32,98.72,1424708.0
2018-08-23,98.58,98.58,97.61,97.88,1126815.0
2018-08-24,98.59,98.86,98.28,98.54,1758431.0
2018-08-27,99.18,100.91,98.86,100.37,1721626.0
2018-08-28,100.69,101.09,100.03,100.39,1679673.0
2018-08-29,100.11,100.11,98.44,99.68,1782392.0
2018-08-30,99.19,99.46,98.13,98.43,1526355.0
2018-08-31,98.14,98.6,97.55,98.25,1528009.0
2018-09-04,97.76,98.96,97.56,98.75,1660136.0
2018-09-05,98.79,100.32,98.57,99.72,1318505.0
2018-09-06,99.93,100.31,98.35,98.73,1270291.0
2018-09-07,99.07,99.32,97.89,98.29,1305951.0
2018-09-10,99.37,99.5,98.53,98.7,1442914.0
2018-09-11,98.1,98.33,96.8,97.66,1537930.0
2018-09-12,97.4,97.66,96.37,96.78,1941033.0
2018-09-13,97.23,97.96,96.78,97.08,1944315.0
2018-09-14,97.48,100.07,97.41,99.86,2239612.0
2018-09-17,99.69,100.62,98.81,98.99,1666993.0
2018-09-18,99.28,100.52,98.72,100.21,1676712.0
2018-09-19,100.31,103.71,100.23,102.84,2937065.0
2018-09-20,103.67,104.98,103.54,104.23,2364084.0
2018-09-21,104.63,104.94,103.62,104.68,2555137.0
2018-09-24,104.75,104.98,103.08,103.3,2239497.0
2018-09-25,103.87,104.17,102.46,102.55,1466783.0
2018-09-26,102.69,103.15,100.95,101.1,1921676.0
2018-09-27,101.24,102.0,100.49,101.06,1419971.0
2018-09-28,100.06,102.05,98.74,101.32,3473321.0
2018-10-01,101.69,102.62,101.22,101.57,1438304.0
2018-10-02,101.37,102.37,100.53,101.47,1340536.0
2018-10-03,102.51,103.54,101.77,102.44,2649544.0
2018-10-04,102.71,105.35,102.57,104.8,3053251.0
2018-10-05,105.0,105.85,104.2,104.46,1805077.0
2018-10-08,104.19,106.64,104.03,105.99,2253573.0
2018-10-09,106.05,106.55,104.56,105.95,2334060.0
2018-10-10,106.15,106.6,102.66,102.79,2240080.0
2018-10-11,102.33,102.42,97.43,97.7,3511694.0
2018-10-12,99.14,99.59,95.39,97.76,2672990.0
2018-10-15,97.27,98.53,97.08,97.4,1831213.0
2018-10-16,97.86,98.22,96.64,97.83,1812226.0
2018-10-17,97.83,100.81,97.66,99.7,2444148.0
2018-10-18,99.48,100.28,96.96,97.53,1878612.0
2018-10-19,96.5,98.78,96.5,97.6,1823974.0
2018-10-22,97.9,98.07,95.59,95.71,2178842.0
2018-10-23,94.01,95.6,93.02,95.08,2236637.0
2018-10-24,94.7,95.06,90.54,90.82,2724082.0
2018-10-25,92.06,93.61,91.67,92.36,2307545.0
2018-10-26,91.28,91.66,89.33,90.16,2507147.0
2018-10-29,91.37,92.87,89.6,90.75,2743435.0
2018-10-30,91.36,92.74,90.47,92.44,3289405.0
2018-10-31,93.77,95.8,93.59,93.78,3810000.0
2018-11-01,94.56,95.36,94.21,94.88,2158340.0
2018-11-02,96.28,97.27,95.13,95.91,2203113.0
2018-11-05,96.1,98.0,96.1,97.82,2141914.0
2018-11-06,97.68,98.51,96.96,98.38,1862695.0
2018-11-07,99.25,100.85,98.45,100.69,2699463.0
2018-11-08,96.5,98.71,96.01,96.97,4077975.0
2018-11-09,96.35,97.58,95.23,95.85,2674012.0
2018-11-12,95.57,95.99,93.46,93.67,1708822.0
2018-11-13,94.02,95.98,93.78,94.62,2019047.0
2018-11-14,95.65,95.91,92.35,92.85,2449224.0
2018-11-15,91.85,93.13,90.74,92.61,2677567.0
2018-11-16,92.19,92.5,91.07,91.56,2521178.0
2018-11-19,91.79,92.28,90.79,91.65,1943824.0
2018-11-20,90.76,90.88,89.1,89.87,2451677.0
2018-11-21,90.15,92.48,90.0,91.04,1906561.0
2018-11-23,89.12,90.73,89.12,89.67,1065154.0
2018-11-26,90.96,92.67,90.69,91.83,2507311.0
2018-11-27,91.71,92.11,91.01,91.89,2186698.0
2018-11-28,91.9,94.44,91.21,94.28,2524475.0
2018-11-29,93.57,94.85,92.79,92.91,2070149.0
2018-11-30,92.56,93.9,92.55,93.76,2287603.0
2018-12-03,95.37,95.95,93.48,94.26,2180588.0
2018-12-04,93.89,94.17,88.48,89.18,3141891.0
2018-12-06,88.41,88.51,84.51,87.34,4863459.0
2018-12-07,87.39,89.1,85.18,85.87,2914461.0
2018-12-10,85.8,85.94,81.84,83.3,3405019.0
2018-12-11,84.84,85.31,81.9,82.14,2468810.0
2018-12-12,83.64,84.48,82.46,82.85,2242822.0
2018-12-13,83.23,83.58,82.05,82.74,3226329.0
2018-12-14,81.69,83.2,81.6,82.37,2989044.0
2018-12-17,81.82,83.05,81.06,81.63,3010280.0
2018-12-18,81.88,83.49,81.2,81.88,3121459.0
2018-12-19,81.83,83.65,79.74,80.6,4010034.0
2018-12-20,79.89,81.48,79.76,80.4,3510427.0
2018-12-21,79.79,81.44,78.2,78.45,5200648.0
2018-12-24,77.63,79.0,76.68,76.83,1429016.0
2018-12-26,77.05,80.6,75.61,80.57,2755375.0
2018-12-27,79.26,81.4,78.02,81.4,2673801.0
2018-12-28,81.64,82.01,80.32,80.78,2308927.0
2018-12-31,81.41,82.1,80.43,81.55,1880927.0
2019-01-02,79.94,83.19,79.85,82.67,2247698.0
2019-01-03,82.1,83.04,81.12,81.27,2257542.0
2019-01-04,83.16,85.31,82.7,85.04,2503946.0
2019-01-07,84.48,86.23,83.76,85.0,2356447.0
2019-01-08,85.97,86.62,84.55,85.5,2251194.0
2019-01-09,85.89,87.23,85.16,86.88,2478905.0
2019-01-10,86.72,87.56,86.16,87.31,1888167.0
2019-01-11,86.53,87.95,86.02,87.74,1507638.0
2019-01-14,86.85,88.89,86.82,88.53,1726530.0
2019-01-15,88.38,89.0,87.63,88.98,1627426.0
2019-01-16,89.71,91.28,89.41,90.48,2172295.0
2019-01-17,89.97,91.59,89.44,91.17,1682729.0
2019-01-18,92.07,92.99,91.42,92.26,3316341.0
2019-01-22,91.54,92.16,90.44,90.77,3678213.0
2019-01-23,91.54,91.75,89.35,90.64,2585245.0
2019-01-24,90.1,91.83,90.1,91.38,1666691.0
2019-01-25,92.25,93.43,91.7,92.91,2319023.0
2019-01-28,91.91,92.79,91.48,92.59,1738512.0
2019-01-29,92.26,92.7,91.03,91.08,1987415.0
2019-01-30,91.02,91.68,89.85,91.32,2894783.0
2019-01-31,90.38,92.19,90.38,92.14,2822526.0
2019-02-01,92.53,93.01,91.79,92.96,2539257.0
2019-02-04,93.01,93.27,92.5,93.19,1586204.0
2019-02-05,93.24,93.29,92.12,92.99,1857105.0
2019-02-06,92.85,93.85,92.7,93.41,2060189.0
2019-02-07,90.2,92.85,89.31,91.28,3448143.0
2019-02-08,90.46,91.2,88.67,90.99,2540943.0
2019-02-11,91.59,91.77,90.61,91.5,1789951.0
2019-02-12,92.49,93.86,92.36,93.36,2430138.0
2019-02-13,94.0,94.95,93.8,93.87,1531339.0
2019-02-14,92.84,93.28,91.62,91.68,3568005.0
2019-02-15,92.54,94.35,92.54,94.15,3010216.0
2019-02-19,92.82,94.27,92.6,93.95,2039444.0
2019-02-20,94.05,95.28,93.69,95.02,2509240.0
2019-02-21,95.11,95.55,94.08,94.49,2063314.0
2019-02-22,94.69,95.48,94.56,95.01,1836945.0
2019-02-25,95.94,96.41,95.45,95.56,1784689.0
2019-02-26,95.11,96.63,95.1,95.57,1939200.0
2019-02-27,95.59,96.23,95.28,96.07,1496570.0
2019-02-28,96.15,96.18,95.45,95.85,2062776.0
2019-03-01,96.89,97.99,96.08,96.6,1661655.0
2019-03-04,96.82,97.91,95.7,96.73,2107373.0
2019-03-05,96.83,97.29,95.07,96.86,1672439.0
2019-03-06,96.69,97.02,95.39,95.5,1556273.0
2019-03-07,95.0,95.0,93.17,94.11,2146534.0
2019-03-08,92.89,93.35,92.09,93.3,2455714.0
2019-03-11,93.83,94.87,93.5,94.56,1976626.0
2019-03-12,94.86,95.42,94.6,94.74,1934743.0
2019-03-13,95.07,95.67,94.63,95.13,1653720.0
2019-03-14,95.09,95.62,94.87,95.27,1735393.0
2019-03-15,95.25,96.52,95.25,95.98,6682124.0
2019-03-18,96.49,97.63,96.2,97.25,1823264.0
2019-03-19,97.8,98.42,96.46,96.8,1985055.0
2019-03-20,96.45,97.11,93.77,93.91,2440082.0
2019-03-21,93.34,94.44,92.64,94.24,2498338.0
2019-03-22,93.11,93.37,89.91,89.96,3712215.0
2019-03-25,90.08,90.91,89.27,89.95,2013695.0
2019-03-26,90.8,91.78,90.59,91.46,1695681.0
2019-03-27,91.34,91.95,90.86,91.53,1466196.0
2019-03-28,91.72,92.48,90.93,91.69,1532124.0
2019-03-29,92.76,92.85,91.39,91.88,2209910.0
2019-04-01,92.7,95.99,92.64,95.87,2543168.0
2019-04-02,95.84,96.79,95.09,95.09,2125213.0
2019-04-03,96.24,97.11,95.88,96.46,1775458.0
2019-04-04,96.51,97.96,96.27,97.1,1403966.0
2019-04-05,97.44,98.87,97.05,98.47,2382116.0
2019-04-08,98.0,98.97,97.77,98.89,1725290.0
2019-04-09,98.15,98.24,96.8,97.26,1795453.0
2019-04-10,97.3,98.71,96.83,98.39,1351666.0
2019-04-11,99.11,100.42,98.91,99.56,1735763.0
2019-04-12,101.09,102.72,100.82,101.46,2575518.0
2019-04-15,101.66,101.97,100.88,101.34,1733516.0
2019-04-16,101.84,104.08,101.62,104.03,2230424.0
2019-04-17,104.49,105.34,103.4,104.16,2310150.0
2019-04-18,103.94,104.54,103.67,103.83,1430794.0
2019-04-22,103.39,103.88,103.04,103.46,929052.0
2019-04-23,103.05,104.22,102.96,103.66,1880171.0
2019-04-24,103.31,103.52,102.34,102.76,1861723.0
2019-04-25,102.13,103.38,101.53,102.74,1421485.0
2019-04-26,103.11,103.92,102.43,103.89,1132410.0
2019-04-29,104.14,105.96,104.0,105.3,1764820.0
2019-04-30,105.34,105.86,104.28,105.71,1920052.0
2019-05-01,105.65,106.4,104.27,104.6,2169030.0
2019-05-02,100.11,103.0,99.5,101.84,3857349.0
2019-05-03,102.48,103.85,101.77,103.13,2007503.0
2019-05-06,101.01,102.48,100.39,102.03,1813203.0
2019-05-07,100.89,101.48,100.08,100.87,2516178.0
2019-05-08,100.53,101.7,100.26,100.8,1472182.0
2019-05-09,99.5,101.4,99.16,100.83,1222923.0
2019-05-10,100.63,101.49,98.98,101.27,1774286.0
2019-05-13,98.59,98.96,95.79,96.14,3054656.0
2019-05-14,96.76,99.36,96.5,98.58,2672987.0
2019-05-15,97.37,98.71,96.82,98.23,1828538.0
2019-05-16,98.75,100.33,98.75,99.41,1572374.0
2019-05-17,98.2,99.69,98.04,98.81,1476368.0
2019-05-20,98.45,99.94,98.38,99.31,1174964.0
2019-05-21,99.92,100.95,99.73,100.44,1660116.0
2019-05-22,99.78,99.97,99.15,99.65,1325521.0
2019-05-23,98.29,98.29,96.19,97.11,2353017.0
2019-05-24,96.94,97.96,96.77,97.75,1535605.0
2019-05-28,97.43,98.43,96.33,96.34,2166495.0
2019-05-29,95.53,96.39,94.61,96.28,2319360.0
2019-05-30,96.92,97.45,95.32,95.76,1889341.0
2019-05-31,94.22,94.58,92.29,92.38,2907848.0
2019-06-03,92.36,94.27,91.71,94.22,2369043.0
2019-06-04,95.8,97.89,95.14,97.82,2123193.0
2019-06-05,97.95,98.97,96.33,98.8,2807361.0
2019-06-06,99.0,100.28,98.72,99.86,2488364.0
2019-06-07,99.76,100.07,99.0,99.42,1591741.0
2019-06-10,100.44,101.48,99.46,99.74,1686128.0
2019-06-11,100.85,100.91,99.42,99.74,1240114.0
2019-06-12,99.61,99.96,98.68,98.76,1441818.0
2019-06-13,98.99,99.58,98.84,99.33,1324687.0
2019-06-14,99.63,99.71,98.47,99.23,1302052.0
2019-06-17,99.57,99.62,97.89,97.94,1230686.0
2019-06-18,98.0,100.13,97.64,99.49,1464690.0
2019-06-19,100.31,100.8,98.81,98.97,1413884.0
2019-06-20,99.96,100.36,98.15,100.13,2431663.0
2019-06-21,100.09,101.0,99.47,99.6,3062809.0
2019-06-24,99.56,100.47,99.1,99.3,1598241.0
2019-06-25,99.45,99.55,97.85,98.27,1717432.0
2019-06-26,99.05,99.19,98.02,98.52,1773806.0
2019-06-27,98.9,99.69,98.61,99.23,1186476.0
2019-06-28,100.01,101.19,99.71,101.0,2235150.0
2019-07-01,102.33,103.08,101.15,102.02,1862806.0
2019-07-02,102.1,102.1,100.21,100.98,1634909.0
2019-07-03,101.22,102.91,101.14,102.45,1199417.0
2019-07-05,102.55,102.93,101.86,102.74,1125329.0
2019-07-08,101.68,102.51,101.34,101.87,1185103.0
2019-07-09,100.94,101.94,100.94,101.59,1353102.0
2019-07-10,101.5,102.64,100.3,100.75,1482367.0
2019-07-11,101.19,101.41,100.55,101.14,2242428.0
2019-07-12,101.45,102.63,101.11,102.51,1201891.0
2019-07-15,102.37,102.67,100.89,101.89,1291551.0
2019-07-16,102.41,102.69,101.59,102.09,1308669.0
2019-07-17,101.66,101.75,99.88,100.11,1644713.0
2019-07-18,100.02,101.68,99.75,101.44,1628503.0
2019-07-19,102.12,102.77,101.0,101.02,2069184.0
2019-07-22,100.83,101.24,100.35,100.78,1126024.0
2019-07-23,101.06,102.12,101.06,101.88,1210301.0
2019-07-24,101.46,102.67,101.35,102.55,1280105.0
2019-07-25,102.4,102.96,101.84,102.46,1351247.0
2019-07-26,102.5,103.54,101.77,103.27,1368494.0
2019-07-29,103.1,103.56,102.26,102.5,1204190.0
2019-07-30,101.85,102.41,101.42,102.34,1202957.0
2019-07-31,102.35,102.54,100.98,101.31,2048361.0
2019-08-01,94.81,95.0,89.03,91.09,7697753.0
2019-08-02,90.51,90.95,88.08,88.56,4275592.0
2019-08-05,85.96,87.18,85.08,85.95,4216857.0
2019-08-06,86.72,87.0,84.2,86.23,2655316.0
2019-08-07,84.31,85.39,82.58,85.17,3028189.0
2019-08-08,86.01,86.4,85.37,86.03,2415813.0
2019-08-09,85.63,85.93,84.12,84.82,1671668.0
2019-08-12,83.6,83.82,82.35,82.72,2212895.0
2019-08-13,82.29,85.18,81.62,83.58,2711329.0
2019-08-14,81.22,82.0,80.22,80.4,3510747.0
2019-08-15,80.9,81.14,79.58,80.09,2674393.0
2019-08-16,80.8,82.54,80.79,82.03,2693028.0
2019-08-19,82.67,83.04,82.1,82.22,2188917.0
2019-08-20,81.66,81.82,80.56,80.65,2003769.0
2019-08-21,81.5,81.73,81.09,81.4,2316766.0
2019-08-22,82.03,82.53,81.41,82.08,1727625.0
2019-08-23,81.25,82.17,78.71,79.13,2424928.0
2019-08-26,80.08,80.35,79.29,79.61,1556390.0
2019-08-27,79.97,80.27,77.74,78.29,2360061.0
2019-08-28,77.65,78.93,77.65,78.39,1961904.0
2019-08-29,79.44,79.87,79.08,79.53,1945714.0
2019-08-30,80.35,80.89,79.81,80.09,1637567.0
2019-09-03,79.11,79.26,77.89,78.64,2183811.0
2019-09-04,79.92,80.01,79.21,79.65,2579463.0
2019-09-05,79.5,82.62,79.5,81.92,3320988.0
2019-09-06,82.18,82.6,81.54,82.17,2313118.0
2019-09-09,83.0,84.59,82.31,84.2,2805119.0
2019-09-10,85.35,86.75,84.85,86.71,3052492.0
2019-09-11,87.58,88.05,85.77,88.02,2311100.0
2019-09-12,87.03,88.6,85.93,88.22,2364600.0
2019-09-13,89.87,90.68,88.91,89.82,3342947.0
2019-09-16,88.72,89.88,88.46,89.1,2208356.0
2019-09-17,88.35,88.65,87.68,88.29,2712853.0
2019-09-18,87.78,89.39,87.31,89.18,2208920.0
2019-09-19,89.15,90.13,88.91,89.01,1745147.0
2019-09-20,89.32,90.27,88.99,89.08,3026683.0
2019-09-23,88.06,90.17,87.87,89.66,1809520.0
2019-09-24,89.8,90.12,88.47,89.18,2339628.0
2019-09-25,89.03,90.24,88.81,89.77,2442177.0
2019-09-26,89.58,90.0,89.1,89.74,1658537.0
2019-09-27,90.46,91.06,89.82,90.16,2150005.0
2019-09-30,90.67,90.67,89.44,89.95,2401254.0
2019-10-01,90.73,90.79,87.17,87.28,2046726.0
2019-10-02,86.41,86.5,84.83,85.08,2387478.0
2019-10-03,84.82,85.58,83.46,85.54,2381643.0
2019-10-04,85.5,87.37,85.47,87.35,2472337.0
2019-10-07,87.45,87.97,86.8,86.99,1806826.0
2019-10-08,85.74,85.74,84.58,84.95,2115878.0
2019-10-09,85.74,86.67,85.49,86.06,1826043.0
2019-10-10,86.95,88.64,86.69,87.67,1569952.0
2019-10-11,89.88,90.8,89.34,89.42,2549751.0
2019-10-14,88.65,89.56,88.35,89.34,1149727.0
2019-10-15,89.39,90.93,88.91,89.95,1466535.0
2019-10-16,89.52,90.43,89.22,89.45,1472926.0
2019-10-17,90.29,90.74,89.07,89.38,1687920.0
2019-10-18,89.46,90.19,89.33,89.69,2070690.0
2019-10-21,90.77,91.23,90.56,90.88,1437832.0
2019-10-22,90.7,91.78,90.0,91.21,1474761.0
2019-10-23,90.14,91.6,90.14,91.57,1795350.0
2019-10-24,91.8,92.26,90.56,91.26,2006582.0
2019-10-25,90.81,92.18,90.79,91.75,1503374.0
2019-10-28,92.62,93.36,92.5,93.12,2047909.0
2019-10-29,92.74,93.94,92.74,93.0,1734784.0
2019-10-30,92.68,92.76,91.25,92.31,1432086.0
2019-10-31,91.53,91.61,89.56,91.14,2976258.0
2019-11-01,91.85,93.04,91.62,92.97,2566083.0
2019-11-04,94.02,94.91,93.61,94.5,2410989.0
2019-11-05,91.0,93.85,90.28,92.05,4400552.0
2019-11-06,91.45,91.94,89.85,90.55,2768584.0
2019-11-07,91.6,92.83,91.47,91.84,2078721.0
2019-11-08,94.59,95.01,91.31,92.89,3701298.0
2019-11-11,92.15,92.58,91.3,92.25,2002237.0
2019-11-12,92.45,93.75,92.19,93.31,3237935.0
2019-11-13,92.2,93.14,91.62,92.79,2338239.0
2019-11-14,92.52,93.07,92.52,92.81,1631459.0
2019-11-15,93.57,93.81,93.25,93.65,2248962.0
2019-11-18,93.34,93.64,92.37,93.14,2141335.0
2019-11-19,93.37,93.86,93.14,93.46,2110787.0
2019-11-20,92.98,93.5,92.47,93.12,2772689.0
2019-11-21,93.69,93.93,93.0,93.56,2119376.0
2019-11-22,93.95,95.29,93.81,94.94,2382795.0
2019-11-25,93.57,93.93,93.1,93.67,3143047.0
2019-11-26,93.64,93.93,93.38,93.83,2003951.0
2019-11-27,94.16,94.57,93.87,93.92,1306525.0
2019-11-29,94.04,94.3,93.49,93.62,793559.0
2019-12-02,94.06,94.49,92.78,92.94,1708943.0
2019-12-03,91.2,91.72,89.84,90.38,3092084.0
2019-12-04,90.95,91.71,90.72,90.76,1838928.0
2019-12-05,91.49,91.9,90.79,91.01,1472892.0
2019-12-06,92.22,92.96,92.14,92.29,1425081.0
2019-12-09,91.72,93.0,91.38,92.8,1228156.0
2019-12-10,92.48,92.75,92.1,92.45,1382648.0
2019-12-11,92.43,92.67,91.92,92.42,1435423.0
2019-12-12,92.56,94.86,92.4,94.55,2280216.0
2019-12-13,94.53,95.64,93.82,94.14,1730991.0
2019-12-16,95.0,95.3,94.39,94.49,1613575.0
2019-12-17,94.39,95.34,94.3,95.13,1400927.0
2019-12-18,95.5,95.59,95.03,95.27,2067851.0
2019-12-19,95.44,95.44,94.13,94.24,3429593.0
2019-12-20,95.01,95.38,94.5,94.54,5207864.0
2019-12-23,94.65,94.85,93.54,94.28,1763273.0
2019-12-24,94.28,94.55,93.74,93.81,596987.0
2019-12-26,93.83,94.54,93.59,94.01,1099874.0
2019-12-27,94.34,94.34,93.08,93.22,1097132.0
2019-12-30,93.65,93.65,92.79,92.88,852133.0
2019-12-31,92.98,93.75,92.78,93.74,1355319.0
2020-01-02,94.04,94.9,93.79,94.84,1628551.0
2020-01-03,93.4,93.72,92.68,93.26,1526341.0
2020-01-06,92.12,93.52,91.97,93.49,1688991.0
2020-01-07,93.21,93.8,92.73,93.39,1740545.0
2020-01-08,93.8,95.36,93.44,93.99,3611365.0
2020-01-09,94.68,95.06,94.36,94.7,2279696.0
2020-01-10,94.65,94.99,94.04,94.41,1429171.0
2020-01-13,94.56,95.08,94.12,95.07,1517034.0
2020-01-14,94.75,95.63,94.69,94.93,1907529.0
2020-01-15,94.08,95.0,93.82,94.32,2023912.0
2020-01-16,95.0,95.54,94.88,95.39,2203226.0
2020-01-17,95.47,97.1,95.41,97.1,2501504.0
2020-01-21,96.31,96.45,94.94,95.49,2076197.0
2020-01-22,95.77,96.08,95.37,95.95,1640439.0
2020-01-23,95.31,95.78,94.03,95.53,1992479.0
2020-01-24,95.66,95.66,92.5,93.52,1924172.0
2020-01-27,91.17,91.81,90.17,90.35,2104549.0
2020-01-28,91.18,92.54,90.64,92.0,1755484.0
2020-01-29,92.52,93.02,91.9,91.91,1290033.0
2020-01-30,90.99,93.2,90.68,93.11,1442480.0
2020-01-31,92.04,92.6,90.58,91.06,2695880.0
2020-02-03,91.65,93.0,91.44,91.5,1508409.0
2020-02-04,93.21,94.42,93.2,93.53,2080855.0
2020-02-05,95.33,96.92,94.53,95.64,3808567.0
2020-02-06,96.58,96.62,95.32,95.33,1762505.0
2020-02-07,94.71,95.35,94.23,94.67,1510300.0
2020-02-10,94.38,94.92,93.98,94.89,1178735.0
2020-02-11,95.35,96.83,94.98,95.87,1490552.0
2020-02-12,96.6,97.24,95.93,95.95,1535764.0
2020-02-13,95.52,95.91,95.02,95.57,1449618.0
2020-02-14,94.59,94.94,93.89,94.48,1195688.0
2020-02-18,93.87,94.74,92.47,93.18,1442573.0
2020-02-19,93.5,93.65,93.07,93.1,1421919.0
2020-02-20,93.04,94.5,92.98,93.78,1422240.0
2020-02-21,92.93,93.33,91.43,92.6,2103102.0
2020-02-24,89.11,89.56,87.05,87.83,3387223.0
2020-02-25,88.22,88.22,83.48,84.06,2961217.0
2020-02-26,84.77,85.08,81.84,81.92,3067878.0
2020-02-27,79.31,80.67,77.26,77.52,3928182.0
2020-02-28,74.89,75.94,73.19,75.45,5093043.0
2020-03-02,76.02,79.73,75.29,79.56,5089139.0
2020-03-03,79.47,80.13,74.38,75.06,3844487.0
2020-03-04,76.44,77.21,73.71,77.17,3976065.0
2020-03-05,74.06,74.18,71.27,72.26,3709377.0
2020-03-06,68.47,71.79,67.95,69.81,5168639.0
2020-03-09,63.75,65.83,57.38,58.24,7662053.0
2020-03-10,62.07,63.22,59.39,62.87,7946344.0
2020-03-11,60.05,60.61,57.2,57.97,5757006.0
2020-03-12,52.82,53.05,46.3,46.31,7775761.0
2020-03-13,51.81,52.99,46.64,52.92,8143862.0
2020-03-16,44.0,48.07,43.17,43.35,6806986.0
2020-03-17,44.56,46.97,40.0,46.77,8187837.0
2020-03-18,42.57,47.9,41.94,46.18,7466490.0
2020-03-19,44.77,47.89,43.01,44.37,5083796.0
2020-03-20,45.22,46.31,42.01,42.26,6519191.0
2020-03-23,41.01,42.0,38.62,39.22,6673425.0
2020-03-24,42.87,47.98,42.17,47.47,4764071.0
2020-03-25,50.5,56.41,47.25,51.61,5927509.0
2020-03-26,52.47,57.78,52.36,54.65,5747916.0
2020-03-27,51.57,55.35,50.78,53.04,4724639.0
2020-03-30,52.15,54.12,51.04,53.75,3226989.0
2020-03-31,53.26,53.78,50.71,52.14,4656847.0
2020-04-01,48.5,49.85,46.58,47.0,4234194.0
2020-04-02,46.36,48.91,45.57,46.63,3999475.0
2020-04-03,46.29,47.37,45.04,46.09,4530418.0
2020-04-06,49.9,50.22,47.7,49.14,4675892.0
2020-04-07,53.97,54.05,50.69,52.06,5451905.0
2020-04-08,53.01,55.43,52.58,55.02,3951973.0
2020-04-09,56.95,60.63,56.7,58.7,3738103.0
2020-04-13,58.63,59.37,55.21,58.0,3092277.0
2020-04-14,59.08,59.91,56.99,58.61,3749032.0
2020-04-15,55.44,55.99,53.93,54.52,3839949.0
2020-04-16,53.93,54.39,51.82,52.39,3092876.0
2020-04-17,55.37,56.97,54.66,56.6,4589344.0
2020-04-20,54.72,55.86,53.47,54.25,2925577.0
2020-04-21,52.02,53.06,51.22,51.79,3251119.0
2020-04-22,53.53,54.06,52.71,53.61,3659603.0
2020-04-23,54.26,54.99,52.98,53.24,2411674.0
2020-04-24,53.94,56.2,53.4,55.78,2785588.0
2020-04-27,56.46,59.74,56.3,59.26,2953310.0
2020-04-28,62.0,63.24,59.81,60.65,3179970.0
2020-04-29,63.5,64.93,62.9,64.49,3403817.0
2020-04-30,62.32,64.29,61.83,62.37,2809395.0
2020-05-01,60.38,60.5,58.72,59.54,2569322.0
2020-05-04,58.19,58.99,57.01,58.88,2244070.0
2020-05-05,59.84,60.66,58.47,58.75,2256601.0
2020-05-06,57.55,58.83,54.02,54.12,4459667.0
2020-05-07,55.08,58.84,55.03,56.72,3514809.0
2020-05-08,58.12,59.04,57.23,58.98,1996374.0
2020-05-11,57.95,58.05,56.4,57.05,2183612.0
2020-05-12,57.51,57.9,54.25,54.26,2559515.0
2020-05-13,53.7,53.94,50.97,51.35,3846964.0
2020-05-14,50.12,53.48,48.52,53.38,3204486.0
2020-05-15,52.64,53.76,51.83,52.93,2547741.0
2020-05-18,55.85,57.62,55.51,57.12,2643395.0
2020-05-19,56.79,56.96,54.95,54.98,2348304.0
2020-05-20,56.11,57.15,56.0,56.56,2268396.0
2020-05-21,56.04,57.97,56.04,57.67,2815775.0
2020-05-22,56.6,56.93,54.87,56.28,3307934.0
2020-05-26,59.49,61.58,58.93,60.46,4561562.0
2020-05-27,64.0,64.96,62.02,63.2,3499829.0
2020-05-28,64.27,64.33,61.63,61.85,2497461.0
2020-05-29,60.68,61.98,60.11,60.96,4599449.0
2020-06-01,60.78,61.4,59.66,60.88,3798959.0
2020-06-02,59.76,61.59,59.76,60.96,6232376.0
2020-06-03,62.96,64.11,62.72,63.71,5487453.0
2020-06-04,63.33,65.53,62.64,65.46,5437246.0
2020-06-05,70.98,71.45,68.27,69.23,5575955.0
2020-06-08,71.37,74.76,70.29,74.73,5548616.0
2020-06-09,72.0,72.67,70.75,71.76,3426506.0
2020-06-10,71.0,71.07,67.88,67.88,3539561.0
2020-06-11,63.1,64.22,60.06,60.35,4916106.0
2020-06-12,63.77,63.83,61.16,63.16,2729585.0
2020-06-15,60.16,65.22,59.92,64.54,3453881.0
2020-06-16,67.92,68.49,64.06,65.8,3594884.0
2020-06-17,66.23,66.42,63.76,63.82,2466842.0
2020-06-18,63.1,65.23,62.61,64.04,2473908.0
2020-06-19,65.8,65.8,62.5,63.09,8417451.0
2020-06-22,62.5,63.03,61.59,62.54,2629258.0
2020-06-23,63.69,64.5,62.89,63.18,2826795.0
2020-06-24,62.01,62.2,59.23,59.7,3838540.0
2020-06-25,59.0,60.82,58.7,60.45,4092954.0
2020-06-26,59.34,59.66,57.11,58.1,8980506.0
2020-06-29,58.83,59.43,57.76,59.2,2621758.0
2020-06-30,58.74,61.24,58.66,60.9,2789997.0
2020-07-01,61.02,61.33,58.85,58.93,2157926.0
2020-07-02,60.71,61.78,59.15,59.3,2467446.0
2020-07-06,61.33,62.12,60.27,61.31,2423196.0
2020-07-07,60.26,60.81,59.24,59.39,2437418.0
2020-07-08,59.63,60.95,59.54,60.77,1904508.0
2020-07-09,60.56,60.59,57.83,58.03,2962457.0
2020-07-10,58.15,60.72,58.0,60.54,2475984.0
2020-07-13,61.53,62.14,60.32,60.97,2409335.0
2020-07-14,60.88,61.97,60.16,61.91,2731679.0
2020-07-15,63.4,64.24,62.48,63.93,2894602.0
2020-07-16,63.23,65.45,62.67,64.25,1964950.0
2020-07-17,64.24,64.43,63.38,64.14,2220733.0
2020-07-20,63.73,63.86,62.68,63.02,1755586.0
2020-07-21,63.64,65.97,63.56,64.99,2471659.0
2020-07-22,64.25,65.59,64.16,65.47,2100589.0
2020-07-23,65.27,66.12,65.1,65.63,1932302.0
2020-07-24,66.01,66.25,64.74,64.91,1673294.0
2020-07-27,64.49,64.49,63.05,64.22,2055125.0
2020-07-28,64.02,64.88,63.66,64.08,1958403.0
2020-07-29,64.07,65.77,63.76,65.48,2820300.0
2020-07-30,63.62,63.91,61.75,63.66,2736398.0
2020-07-31,63.6,63.71,62.31,63.37,4421083.0
2020-08-03,63.69,64.96,63.28,64.43,2271853.0
2020-08-04,63.95,64.55,63.16,63.28,2907371.0
2020-08-05,65.0,67.32,64.81,67.2,3575226.0
2020-08-06,66.35,67.08,64.35,64.65,2981557.0
2020-08-07,64.25,67.99,64.14,67.96,2269622.0
2020-08-10,68.15,69.73,68.05,69.54,2411151.0
2020-08-11,71.32,72.59,70.55,70.74,3285942.0
2020-08-12,72.5,72.65,68.71,69.91,2540656.0
2020-08-13,69.0,70.19,68.51,69.54,1970012.0
2020-08-14,69.0,71.03,68.89,70.59,1598743.0
2020-08-17,70.33,70.69,69.14,69.45,1942675.0
2020-08-18,69.64,70.16,68.5,68.57,1680639.0
2020-08-19,68.43,69.83,68.31,69.07,1871436.0
2020-08-20,68.25,68.73,67.78,68.13,1342509.0
2020-08-21,68.04,68.65,67.2,67.41,1697550.0
2020-08-24,67.13,69.1,66.71,69.09,2076998.0
2020-08-25,69.8,70.33,68.56,69.1,1605475.0
2020-08-26,69.02,69.19,68.17,68.29,1442833.0
2020-08-27,68.32,69.98,68.32,69.36,1398208.0
2020-08-28,70.0,70.11,68.85,69.64,1251726.0
2020-08-31,69.33,69.39,67.47,67.77,2230844.0
2020-09-01,67.29,68.91,66.76,68.0,2124897.0
2020-09-02,68.0,69.26,67.59,69.01,2130027.0
2020-09-03,69.5,71.19,67.41,68.01,2212876.0
2020-09-04,69.5,70.34,67.95,69.71,2188607.0
2020-09-08,69.14,69.39,67.17,67.82,2775284.0
2020-09-09,68.85,69.0,67.67,68.28,1601598.0
2020-09-10,68.64,69.58,67.19,67.26,2340566.0
2020-09-11,67.42,68.5,66.94,68.12,1751517.0
2020-09-14,68.93,70.3,68.41,69.76,2080922.0
2020-09-15,70.0,70.0,68.33,68.36,1902136.0
2020-09-16,68.6,70.64,68.34,69.32,2423245.0
2020-09-17,69.09,69.66,67.42,68.59,2536681.0
2020-09-18,68.03,69.1,68.02,68.15,2949157.0
2020-09-21,66.45,67.14,63.95,64.73,3293733.0
2020-09-22,64.55,65.54,62.68,63.71,3184170.0
2020-09-23,64.1,65.01,61.94,61.96,2659925.0
2020-09-24,62.01,62.66,60.16,61.45,3540954.0
2020-09-25,60.87,62.26,60.6,62.08,3007755.0
2020-09-28,63.5,64.87,63.29,64.03,2339696.0
2020-09-29,63.76,64.25,62.38,63.09,2132381.0
2020-09-30,63.2,64.14,62.76,63.52,3073442.0
2020-10-01,63.91,64.75,62.81,63.51,2371778.0
2020-10-02,62.36,64.3,62.14,63.88,2187895.0
2020-10-05,64.65,66.21,64.51,65.71,2442645.0
2020-10-06,66.57,68.05,65.11,65.34,3175488.0
2020-10-07,66.07,68.0,66.07,67.79,2302368.0
2020-10-08,68.45,69.02,67.79,68.27,1573816.0
2020-10-09,68.93,68.99,67.07,67.88,1409039.0
2020-10-12,68.38,69.39,67.87,69.19,1311101.0
2020-10-13,68.33,68.48,66.23,66.4,2042559.0
2020-10-14,66.41,67.39,66.29,66.33,1195753.0
2020-10-15,65.54,66.67,64.87,66.53,1868915.0
2020-10-16,66.75,67.33,65.99,66.27,1539927.0
2020-10-19,66.62,67.25,65.51,65.6,1223955.0
2020-10-20,66.54,67.41,66.11,66.22,1313007.0
2020-10-21,65.99,66.82,65.77,66.14,1527680.0
2020-10-22,65.81,68.15,65.66,67.92,1422710.0
2020-10-23,68.54,69.05,68.0,68.73,1406453.0
2020-10-26,67.63,67.77,65.43,66.42,1644136.0
2020-10-27,66.01,66.02,63.44,63.46,2055092.0
2020-10-28,62.12,63.15,61.22,61.67,2554371.0
2020-10-29,61.2,63.54,60.39,63.04,1914645.0
2020-10-30,62.56,64.08,62.16,64.02,2619289.0
2020-11-02,65.19,66.3,64.19,65.93,2072945.0
2020-11-03,67.33,68.79,67.18,67.78,2819823.0
2020-11-04,67.38,68.14,63.08,63.09,4566230.0
2020-11-05,63.56,66.49,63.56,65.37,2993789.0
2020-11-06,65.84,66.3,63.05,63.55,2625331.0
2020-11-09,69.25,74.62,69.1,73.45,6427777.0
2020-11-10,73.75,76.18,73.08,75.45,4569652.0
2020-11-11,75.67,75.67,72.06,73.02,3093035.0
2020-11-12,71.53,72.19,69.93,71.02,2394835.0
2020-11-13,71.5,73.52,71.5,73.13,1740207.0
2020-11-16,75.8,75.92,74.45,75.58,2087682.0
2020-11-17,74.57,75.82,73.78,75.42,1615418.0
2020-11-18,75.71,77.56,75.41,75.77,2312156.0
2020-11-19,74.97,76.14,73.7,75.79,1926602.0
2020-11-20,75.4,76.15,74.71,75.65,2474819.0
2020-11-23,75.37,77.23,75.23,76.84,2169748.0
2020-11-24,78.48,80.01,77.7,79.85,2703089.0
2020-11-25,78.87,78.87,77.95,78.73,1556530.0
2020-11-27,78.63,79.16,77.64,78.09,892424.0
2020-11-30,77.25,77.99,75.34,75.62,3305304.0
2020-12-01,77.77,78.03,76.88,77.11,1943841.0
2020-12-02,76.48,78.92,76.48,78.68,1813601.0
2020-12-03,78.61,79.68,78.24,78.87,2181223.0
2020-12-04,79.85,81.52,79.68,81.29,2001564.0
2020-12-07,80.53,80.61,79.27,79.98,2031383.0
2020-12-08,79.27,80.59,79.19,80.25,1501387.0
2020-12-09,81.35,81.64,79.72,80.23,1592929.0
2020-12-10,79.03,80.17,78.87,79.96,1748009.0
2020-12-11,78.47,79.36,77.98,78.58,1490688.0
2020-12-14,80.0,80.03,76.54,76.61,2023573.0
2020-12-15,77.66,78.09,76.15,77.81,1568365.0
2020-12-16,77.85,78.47,77.27,78.0,1454324.0
2020-12-17,78.45,78.63,76.66,77.66,1943742.0
2020-12-18,77.66,77.98,75.75,76.51,4779848.0
2020-12-21,76.11,76.37,74.58,76.2,1852211.0
2020-12-22,76.36,76.46,74.99,75.0,1830406.0
2020-12-23,75.96,77.3,75.96,76.79,2439207.0
2020-12-24,76.8,77.02,75.87,76.74,612011.0
2020-12-28,77.16,78.62,76.7,76.91,1518881.0
2020-12-29,77.21,77.58,76.14,76.34,1231635.0
2020-12-30,76.55,77.68,76.44,77.45,1383684.0
2020-12-31,77.31,78.23,76.91,78.07,1208367.0
2021-01-04,78.4,78.4,75.71,76.4,2620877.0
2021-01-05,76.28,77.96,76.04,77.14,1578462.0
2021-01-06,79.1,82.85,78.94,81.71,3286443.0
2021-01-07,82.62,82.94,81.23,81.35,2364575.0
2021-01-08,81.46,81.6,79.32,80.7,1603962.0
2021-01-11,79.68,81.18,79.22,80.78,1202415.0
2021-01-12,81.38,82.79,81.05,82.29,1548072.0
2021-01-13,81.86,82.47,81.2,82.24,1357443.0
2021-01-14,82.65,84.56,82.33,83.91,1721895.0
2021-01-15,83.57,84.03,82.17,83.61,2242066.0
2021-01-19,84.16,85.65,83.64,84.86,1899439.0
2021-01-20,84.77,84.85,83.61,84.01,1493179.0
2021-01-21,83.82,84.36,82.82,82.86,1326427.0
2021-01-22,82.0,82.88,81.45,82.62,1375400.0
2021-01-25,81.42,82.22,80.59,81.96,1983838.0
2021-01-26,82.37,82.58,81.1,81.22,1642315.0
2021-01-27,80.0,80.21,78.96,79.24,3166458.0
2021-01-28,80.1,82.23,79.92,81.19,2157278.0
2021-01-29,80.66,80.92,77.72,78.28,3636368.0
2021-02-01,78.86,79.1,77.27,78.91,1600377.0
2021-02-02,80.0,81.21,79.4,80.16,1885037.0
2021-02-03,80.0,81.15,79.83,80.96,1574779.0
2021-02-04,81.25,83.17,80.94,82.78,2413111.0
2021-02-05,83.81,83.81,79.55,80.16,4167380.0
2021-02-08,80.4,80.94,79.32,80.91,2709011.0
2021-02-09,80.78,82.0,80.44,81.43,2749647.0
2021-02-10,81.61,82.5,81.14,82.11,2881988.0
2021-02-11,82.25,82.69,80.75,81.33,2355655.0
2021-02-12,80.01,82.17,80.0,80.86,2520161.0
2021-02-16,81.69,83.68,81.31,82.76,2966074.0
2021-02-17,82.44,84.27,82.31,83.42,2051869.0
2021-02-18,82.79,83.49,81.11,81.91,2189980.0
2021-02-19,82.62,84.37,82.58,84.1,2881268.0
2021-02-22,83.72,87.01,83.72,86.11,2969789.0
2021-02-23,87.02,87.2,85.12,85.37,2326221.0
2021-02-24,86.12,90.59,85.82,89.91,4862029.0
2021-02-25,90.32,91.61,87.72,87.91,3203601.0
2021-02-26,87.43,88.26,85.47,86.72,2749329.0
2021-03-01,88.52,89.55,88.08,88.62,2816654.0
2021-03-02,89.06,89.74,88.84,89.02,2003164.0
2021-03-03,88.38,90.98,88.38,89.37,3220105.0
2021-03-04,89.35,89.83,86.41,88.57,2704406.0
2021-03-05,90.0,91.03,87.32,90.66,2219551.0
2021-03-08,91.59,94.53,91.41,92.72,3085778.0
2021-03-09,91.64,93.37,90.27,91.39,2777878.0
2021-03-10,91.3,93.33,91.15,92.8,2141502.0
2021-03-11,92.34,93.99,91.72,92.41,2548038.0
2021-03-12,93.56,94.85,93.11,93.87,2525812.0
2021-03-15,94.02,94.45,91.95,93.8,2095565.0
2021-03-16,92.61,93.03,90.81,91.39,2556577.0
2021-03-17,92.41,93.4,91.83,93.18,2070474.0
2021-03-18,94.08,95.49,92.89,93.11,2988892.0
2021-03-19,92.0,93.19,90.73,91.98,9148422.0
2021-03-22,91.1,91.72,90.32,90.86,2390088.0
2021-03-23,90.3,90.73,88.03,88.43,2627696.0
2021-03-24,89.45,90.95,88.74,88.8,2260155.0
2021-03-25,88.68,91.23,87.84,90.93,1977405.0
2021-03-26,92.0,92.27,90.62,91.98,1957294.0
2021-03-29,90.63,91.84,90.1,90.64,1955744.0
2021-03-30,91.3,92.58,91.03,92.08,1823031.0
2021-03-31,91.41,92.2,91.06,91.1,2878506.0
2021-04-01,90.9,92.71,90.81,92.71,1895336.0
2021-04-05,93.79,94.2,92.54,92.75,1925147.0
2021-04-06,92.79,93.7,92.46,93.04,1695098.0
2021-04-07,93.05,94.16,93.05,93.95,1644714.0
2021-04-08,93.2,93.34,92.18,92.97,1205920.0
2021-04-09,93.89,94.42,93.48,94.35,2436215.0
2021-04-12,95.0,95.75,94.51,95.56,1848467.0
2021-04-13,95.2,95.89,94.2,95.28,2775118.0
2021-04-14,95.48,97.85,95.39,97.34,3520042.0
2021-04-15,97.24,97.95,96.74,97.3,2882393.0
2021-04-16,98.0,99.53,97.85,98.88,2218860.0
2021-04-19,99.27,99.87,98.34,98.54,1786500.0
2021-04-20,97.58,98.0,95.27,96.02,1939290.0
2021-04-21,95.66,98.06,95.41,97.93,1989351.0
2021-04-22,97.45,97.76,96.3,96.74,1888576.0
2021-04-23,96.65,98.86,96.53,98.5,1699002.0
2021-04-26,98.97,100.21,98.35,98.53,1914754.0
2021-04-27,98.53,99.38,98.53,99.3,1390527.0
2021-04-28,100.14,100.77,99.66,99.81,1539270.0
2021-04-29,100.77,101.55,100.07,101.2,1660533.0
2021-04-30,100.87,101.36,99.95,100.36,1524626.0
2021-05-03,101.35,102.39,100.58,101.44,1760338.0
2021-05-04,101.41,102.25,100.18,101.67,2056599.0
2021-05-05,102.75,104.61,101.63,104.19,2837718.0
2021-05-06,104.61,105.68,103.42,105.61,2303054.0
2021-05-07,103.99,105.98,103.85,105.95,2130588.0
2021-05-10,106.7,108.56,105.88,106.72,2935434.0
2021-05-11,105.76,106.48,103.95,104.91,2890825.0
2021-05-12,105.64,106.25,102.93,103.2,2226227.0
2021-05-13,102.73,106.65,102.68,105.8,2263481.0
2021-05-14,106.14,107.89,106.01,107.68,1764271.0
2021-05-17,107.06,108.21,106.68,107.96,1573446.0
2021-05-18,107.5,107.89,106.51,106.59,2136904.0
2021-05-19,105.32,106.51,103.64,106.45,2264513.0
2021-05-20,106.44,106.85,104.84,105.7,1949624.0
2021-05-21,106.06,107.42,106.06,106.9,2028775.0
2021-05-24,105.95,106.87,105.5,106.33,1693021.0
2021-05-25,106.4,107.38,104.2,104.37,1918306.0
2021-05-26,104.99,105.26,103.61,105.03,1768300.0
2021-05-27,106.54,107.02,105.6,106.63,3026669.0
2021-05-28,107.1,107.21,104.92,106.97,2181434.0
2021-06-01,107.91,108.64,107.37,108.51,1813873.0
2021-06-02,108.75,109.17,107.62,108.03,2029506.0
2021-06-03,107.57,109.08,107.27,108.23,1779194.0
2021-06-04,108.04,108.53,107.32,108.44,1287053.0
2021-06-07,108.65,108.9,107.73,108.07,1492038.0
2021-06-08,107.23,108.46,106.09,108.06,1287341.0
2021-06-09,107.41,107.55,106.08,106.09,1869086.0
2021-06-10,107.45,107.9,104.88,104.92,1594994.0
2021-06-11,105.43,106.28,105.05,105.53,1563736.0
2021-06-14,105.3,105.82,103.66,104.42,1739436.0
2021-06-15,104.48,105.55,104.02,104.89,1707014.0
2021-06-16,104.51,105.94,103.32,105.16,1745346.0
2021-06-17,105.53,105.83,99.97,100.64,2948890.0
2021-06-18,98.57,99.64,97.38,97.62,5237926.0
2021-06-21,98.58,100.77,98.57,100.77,1896133.0
2021-06-22,100.82,100.96,99.37,100.42,1506265.0
2021-06-23,100.7,101.66,100.25,101.03,1450872.0
2021-06-24,101.25,102.88,100.63,102.51,1496974.0
2021-06-25,102.99,104.57,102.53,104.33,1950426.0
2021-06-28,103.91,103.91,101.88,102.2,1496385.0
2021-06-29,102.89,103.68,101.37,101.73,1281952.0
2021-06-30,101.48,102.6,101.21,102.47,1289563.0
2021-07-01,103.29,103.63,102.61,103.3,1217339.0
2021-07-02,103.02,103.49,102.54,103.13,1018984.0
2021-07-06,102.58,102.87,99.48,100.14,2362618.0
2021-07-07,99.29,100.66,99.03,100.4,1498912.0
2021-07-08,98.49,98.92,96.58,97.15,2426913.0
2021-07-09,99.18,100.85,98.54,100.58,2000116.0
2021-07-12,99.8,101.78,98.9,101.62,1501112.0
2021-07-13,101.62,101.78,99.87,100.14,1512284.0
2021-07-14,100.37,101.61,98.87,99.69,1611547.0
2021-07-15,99.04,100.97,98.68,100.3,1532347.0
2021-07-16,100.97,101.16,98.43,98.73,1410737.0
2021-07-19,96.0,96.81,94.51,95.71,2667012.0
2021-07-20,95.59,99.94,95.13,99.06,2263222.0
2021-07-21,99.99,102.43,99.83,101.21,2133784.0
2021-07-22,101.0,101.0,99.05,99.45,1546948.0
2021-07-23,100.33,100.75,99.09,99.5,1209293.0
2021-07-26,99.62,101.22,99.62,100.74,1399231.0
2021-07-27,99.37,101.13,98.89,100.53,1381682.0
2021-07-28,100.63,101.43,99.3,100.58,1557609.0
2021-07-29,101.84,102.55,100.94,101.43,1556366.0
2021-07-30,100.96,102.19,100.05,100.28,2376012.0
2021-08-02,101.0,102.92,99.96,100.2,1795063.0
2021-08-03,101.03,102.36,98.74,102.16,1990395.0
2021-08-04,99.8,102.06,99.09,99.9,2689994.0
2021-08-05,101.25,102.29,101.08,102.08,1590444.0
2021-08-06,103.7,105.46,103.49,104.76,1842748.0
2021-08-09,104.33,105.48,103.54,104.81,1733047.0
2021-08-10,104.69,106.72,104.44,106.06,1892097.0
2021-08-11,106.57,107.61,105.59,107.54,1924071.0
2021-08-12,108.0,108.48,107.24,107.96,1775169.0
2021-08-13,108.32,108.54,107.57,108.01,1522983.0
2021-08-16,107.21,107.81,105.66,107.32,1735709.0
2021-08-17,106.25,107.22,105.27,106.54,1940210.0
2021-08-18,106.0,107.24,104.97,105.06,1702980.0
2021-08-19,103.82,105.05,102.92,103.79,1805759.0
2021-08-20,103.69,104.56,103.37,104.34,1917334.0
2021-08-23,104.02,105.29,104.0,104.52,1536373.0
2021-08-24,104.91,105.74,104.45,105.52,1411324.0
2021-08-25,105.92,107.87,105.55,106.82,1351520.0
2021-08-26,106.94,107.13,105.31,105.54,1462745.0
2021-08-27,105.92,107.63,105.68,107.36,1544401.0
2021-08-30,107.3,107.4,105.38,105.83,1388377.0
2021-08-31,105.56,106.9,105.28,105.88,2604180.0
2021-09-01,106.11,106.33,104.57,104.75,1386890.0
2021-09-02,105.0,105.4,104.43,105.03,1561877.0
2021-09-03,105.46,105.81,104.32,104.89,1330590.0
2021-09-07,104.8,105.77,104.51,104.83,1752305.0
2021-09-08,104.7,105.3,103.98,104.64,1338091.0
2021-09-09,104.38,106.17,104.07,104.54,1410143.0
2021-09-10,105.42,105.56,103.7,103.75,1269208.0
2021-09-13,105.02,105.68,104.11,105.41,1400709.0
2021-09-14,106.0,106.17,103.31,103.72,1730932.0
2021-09-15,104.13,105.34,103.8,104.32,2148703.0
2021-09-16,104.64,105.39,103.4,103.61,2001035.0
2021-09-17,103.07,104.82,102.77,103.14,4747628.0
2021-09-20,100.35,100.66,97.05,98.89,3602059.0
2021-09-21,99.32,99.89,97.28,97.9,2430752.0
2021-09-22,99.49,100.89,99.37,100.05,1963644.0
2021-09-23,101.26,104.27,101.12,103.21,1669305.0
2021-09-24,103.24,104.81,103.15,103.75,1292292.0
2021-09-27,105.0,107.54,104.9,106.61,1773898.0
2021-09-28,106.97,107.87,105.5,105.57,1800753.0
2021-09-29,105.95,106.37,105.14,105.89,1427068.0
2021-09-30,106.5,107.0,104.62,105.2,2491020.0
2021-10-01,105.5,106.9,104.55,106.18,1238654.0
2021-10-04,105.98,108.09,105.39,105.71,1856713.0
2021-10-05,106.4,108.49,105.35,108.16,1916233.0
2021-10-06,107.08,108.0,105.68,107.97,1525914.0
2021-10-07,108.93,109.61,108.31,108.49,1518771.0
2021-10-08,108.78,110.12,108.52,109.72,1320219.0
2021-10-11,110.03,111.91,109.81,110.08,1742972.0
2021-10-12,109.97,110.73,108.67,108.98,1491186.0
2021-10-13,108.5,108.67,105.47,107.45,1568363.0
2021-10-14,108.65,109.87,108.1,109.78,1324229.0
2021-10-15,110.8,111.49,110.31,110.59,1469353.0
2021-10-18,110.32,111.26,109.81,110.51,1111181.0
2021-10-19,111.59,112.13,110.95,111.92,1191105.0
2021-10-20,111.69,114.06,111.26,114.0,1291659.0
2021-10-21,113.5,114.63,112.28,113.27,1095421.0
2021-10-22,113.58,114.54,112.95,113.99,1107256.0
2021-10-25,114.33,114.68,113.65,113.81,1308989.0
2021-10-26,114.32,114.74,113.52,113.65,1036002.0
2021-10-27,113.15,114.31,111.67,111.76,1217126.0
2021-10-28,111.98,113.08,111.79,112.58,1103820.0
2021-10-29,112.49,112.83,109.52,110.05,2199653.0
2021-11-01,111.05,111.47,109.91,111.33,1272290.0
2021-11-02,111.17,112.07,110.57,111.17,1798990.0
2021-11-03,109.0,115.52,108.4,113.94,2970286.0
2021-11-04,113.35,113.72,110.06,111.8,2243723.0
2021-11-05,112.89,113.44,110.3,110.92,1646974.0
2021-11-08,111.75,112.79,110.66,111.07,1073970.0
2021-11-09,110.13,110.61,108.25,109.16,1677708.0
2021-11-10,110.11,110.93,108.08,109.58,2117864.0
2021-11-11,109.58,110.74,109.02,110.27,1028704.0
2021-11-12,110.03,110.79,109.47,110.75,1045318.0
2021-11-15,110.93,111.45,110.43,110.85,1201873.0
2021-11-16,111.13,112.48,110.63,111.29,1920020.0
2021-11-17,111.0,111.43,110.03,110.28,1326964.0
2021-11-18,110.13,110.84,108.51,109.25,1307689.0
2021-11-19,107.56,107.69,105.67,106.53,2251484.0
2021-11-22,106.27,108.75,105.75,107.48,1921180.0
2021-11-23,108.46,110.45,108.2,110.19,1955530.0
2021-11-24,110.04,110.48,108.75,109.33,1558006.0
2021-11-26,104.5,105.66,102.22,105.1,1737035.0
2021-11-29,106.72,106.82,103.97,105.03,1847538.0
2021-11-30,103.47,103.76,101.55,102.26,4139145.0
2021-12-01,104.54,104.87,100.01,100.05,2175640.0
2021-12-02,101.0,104.39,100.4,103.42,2056716.0
2021-12-03,103.32,104.31,101.7,102.73,2329361.0
2021-12-06,104.06,105.85,103.81,104.2,2046961.0
2021-12-07,105.0,106.3,104.3,105.75,1686650.0
2021-12-08,106.06,107.0,105.68,105.71,1323740.0
2021-12-09,105.31,107.08,104.77,106.53,1329859.0
2021-12-10,107.39,107.85,106.33,107.04,1424646.0
2021-12-13,106.37,106.51,104.66,105.08,1642851.0
2021-12-14,105.14,108.06,105.12,107.06,2505681.0
2021-12-15,107.43,107.67,104.83,106.93,2302479.0
2021-12-16,108.22,109.12,107.36,108.05,1870742.0
2021-12-17,107.78,108.0,105.28,105.38,4731376.0
2021-12-20,103.7,103.9,100.2,101.61,2625076.0
2021-12-21,102.99,106.51,102.99,105.97,2236461.0
2021-12-22,105.83,107.23,105.68,106.91,1410004.0
2021-12-23,107.59,109.07,107.59,108.25,1222646.0
2021-12-27,108.42,108.86,107.56,108.83,1147213.0
2021-12-28,108.52,110.1,108.33,109.06,1935064.0
2021-12-29,109.77,110.05,109.0,109.08,842209.0
2021-12-30,109.43,110.04,108.53,108.63,853566.0
2021-12-31,108.32,109.11,108.06,108.24,1001702.0
2022-01-03,108.82,110.83,108.82,109.92,1447579.0
2022-01-04,111.18,114.44,111.06,113.71,2216636.0
2022-01-05,112.9,114.03,111.29,111.4,2302091.0
2022-01-06,113.62,114.06,112.04,113.22,1896997.0
2022-01-07,113.75,115.98,113.14,114.79,2060500.0
2022-01-10,115.74,116.25,113.0,114.46,2009112.0
2022-01-11,115.0,115.44,113.62,115.39,1433800.0
2022-01-12,115.56,116.5,114.8,115.65,1287991.0
2022-01-13,116.34,117.96,116.01,116.42,1653725.0
2022-01-14,115.13,117.55,114.29,117.4,1736421.0
2022-01-18,117.18,117.4,115.14,115.73,1628817.0
2022-01-19,116.0,116.16,113.08,113.19,1541361.0
2022-01-20,113.27,115.15,112.14,112.43,1548570.0
2022-01-21,112.08,112.08,109.51,110.01,2108175.0
2022-01-24,107.5,109.85,104.81,109.44,2980272.0
2022-01-25,107.81,111.65,106.0,110.9,2229448.0
2022-01-26,112.04,113.48,110.45,111.78,2374515.0
2022-01-27,113.06,114.9,109.57,110.61,1906762.0
2022-01-28,110.19,110.36,107.32,110.19,1939485.0
2022-01-31,108.82,111.7,107.75,111.57,2290094.0
2022-02-01,111.57,114.03,111.11,113.67,1789054.0
2022-02-02,113.99,114.87,113.16,114.8,2159245.0
2022-02-03,114.93,115.72,113.14,113.39,2069962.0
2022-02-04,114.0,119.65,113.04,118.34,2962136.0
2022-02-07,118.81,120.19,118.34,119.27,1993332.0
2022-02-08,120.62,121.73,119.91,121.33,2847929.0
2022-02-09,120.84,122.5,120.3,121.19,1907017.0
2022-02-10,121.03,124.22,120.86,121.38,2819234.0
2022-02-11,120.86,122.89,118.92,119.86,3408329.0
2022-02-14,118.3,118.7,114.58,115.8,2863789.0
2022-02-15,117.0,118.63,116.93,118.0,1608115.0
2022-02-16,117.13,119.09,117.05,118.16,1847950.0
2022-02-17,116.74,116.74,113.52,114.25,2090548.0
2022-02-18,113.56,116.0,113.35,114.07,2469126.0
2022-02-22,113.86,114.27,111.44,112.76,1959048.0
2022-02-23,113.87,114.27,110.64,110.89,2119711.0
2022-02-24,107.16,109.35,105.15,108.95,2973955.0
2022-02-25,109.62,113.57,109.58,112.8,2140880.0
2022-02-28,108.83,111.78,108.76,111.66,2684378.0
2022-03-01,110.04,110.53,104.72,105.78,3004459.0
2022-03-02,106.84,110.15,106.64,109.37,2032089.0
2022-03-03,109.57,110.61,107.87,109.54,1766534.0
2022-03-04,107.15,107.15,105.0,106.43,2055866.0
2022-03-07,105.09,105.72,101.89,102.05,2427797.0
2022-03-08,103.41,106.93,102.48,103.7,2675242.0
2022-03-09,107.87,108.98,106.66,106.89,2351131.0
2022-03-10,105.49,106.67,104.72,106.15,1317209.0
2022-03-11,107.43,108.4,105.92,106.05,1633055.0
2022-03-14,108.59,111.16,107.81,109.26,2991458.0
2022-03-15,109.96,111.36,108.5,109.79,1769811.0
2022-03-16,111.26,114.0,111.26,113.96,2560518.0
2022-03-17,112.5,115.41,111.67,115.4,1859192.0
2022-03-18,115.09,115.54,113.57,115.23,5711259.0
2022-03-21,116.47,116.83,114.54,116.09,2089968.0
2022-03-22,117.62,120.31,117.62,119.0,2424524.0
2022-03-23,118.39,119.07,116.91,116.94,1549070.0
2022-03-24,117.55,119.85,117.42,119.16,1636163.0
2022-03-25,118.11,120.91,118.11,120.86,1571192.0
2022-03-28,120.45,120.62,119.04,120.06,1352450.0
2022-03-29,121.5,122.29,119.71,120.86,1510970.0
2022-03-30,121.0,121.5,119.57,120.3,1295756.0
2022-03-31,119.03,121.2,118.17,118.17,2040979.0
2022-04-01,119.32,119.86,117.57,118.4,1442921.0
2022-04-04,118.0,118.0,115.83,116.38,1610762.0
2022-04-05,116.32,117.95,116.0,116.85,1405961.0
2022-04-06,116.83,117.79,116.33,116.73,1580068.0
2022-04-07,116.26,116.46,112.39,114.65,2215912.0
2022-04-08,115.83,117.44,115.42,116.71,1319506.0
2022-04-11,116.71,118.46,116.28,116.5,1264872.0
2022-04-12,116.97,118.11,114.88,115.55,1254235.0
2022-04-13,114.86,116.38,114.5,116.3,1248519.0
2022-04-14,116.23,117.55,116.23,117.24,1399581.0
2022-04-18,116.49,118.7,116.49,118.5,1047654.0
2022-04-19,119.15,119.8,118.2,119.42,1495868.0
2022-04-20,120.22,121.84,119.89,121.06,1339089.0
2022-04-21,122.0,122.54,119.5,119.86,1306641.0
2022-04-22,119.69,120.13,115.65,115.83,1421830.0
2022-04-25,114.09,114.37,110.39,113.99,2414671.0
2022-04-26,112.3,113.66,110.38,110.39,1819851.0
2022-04-27,110.5,112.23,109.52,110.79,1371332.0
2022-04-28,112.03,112.44,109.89,112.12,1344497.0
2022-04-29,111.34,112.41,108.26,108.51,2105229.0
2022-05-02,109.06,109.73,106.03,108.41,2101597.0
2022-05-03,109.12,110.98,108.25,109.73,2337571.0
2022-05-04,106.73,111.8,105.35,111.57,3274091.0
2022-05-05,109.61,110.05,106.1,107.74,2522900.0
2022-05-06,107.81,108.19,105.4,106.68,2254797.0
2022-05-09,105.13,106.48,104.2,105.11,2832360.0
2022-05-10,105.88,107.0,102.55,104.25,2350134.0
2022-05-11,105.11,106.6,102.92,103.05,2108675.0
2022-05-12,102.48,102.71,97.6,100.16,3378719.0
2022-05-13,101.09,102.33,100.44,101.19,1956564.0
2022-05-16,101.72,101.72,99.49,101.03,1927145.0
2022-05-17,103.13,104.45,102.64,103.96,1729880.0
2022-05-18,102.95,103.31,101.14,101.59,2275306.0
2022-05-19,100.05,101.83,98.55,99.58,2327125.0
2022-05-20,100.42,101.23,96.56,98.7,3614234.0
2022-05-23,99.85,102.41,99.25,101.4,2236509.0
2022-05-24,100.8,101.56,98.29,100.89,1535434.0
2022-05-25,100.65,102.77,100.45,102.16,1778287.0
2022-05-26,103.22,104.92,103.22,104.56,1923913.0
2022-05-27,104.73,106.34,104.55,106.27,1615632.0
2022-05-31,105.17,107.08,104.59,106.25,4589625.0
2022-06-01,105.83,106.11,103.71,105.32,2032200.0
2022-06-02,105.75,105.9,104.06,105.75,1722266.0
2022-06-03,104.8,105.55,103.89,103.96,1059795.0
2022-06-06,105.08,106.8,104.0,105.33,1431472.0
2022-06-07,104.54,106.43,104.06,106.21,1266182.0
2022-06-08,105.72,106.15,104.53,105.09,1324280.0
2022-06-09,105.17,105.3,102.52,102.57,1472109.0
2022-06-10,100.0,100.87,98.13,98.39,1986469.0
2022-06-13,96.43,96.98,93.71,94.25,2481273.0
2022-06-14,94.76,96.02,93.42,94.14,1837662.0
2022-06-15,95.36,96.17,93.18,94.85,1833125.0
2022-06-16,92.84,92.98,90.28,91.33,2775708.0
2022-06-17,90.7,92.81,90.25,91.44,3046248.0
2022-06-21,93.5,94.33,92.5,93.9,1890029.0
2022-06-22,92.03,93.81,91.81,93.17,1618068.0
2022-06-23,93.06,93.32,91.13,92.49,1390055.0
2022-06-24,93.31,97.74,93.25,97.41,2461380.0
2022-06-27,97.76,98.24,96.25,96.95,1147085.0
2022-06-28,98.7,99.78,97.59,97.68,1796492.0
2022-06-29,97.94,98.18,95.86,96.33,1290395.0
2022-06-30,94.77,96.66,93.83,95.68,1547297.0
2022-07-01,95.32,97.66,95.02,97.42,1836304.0
2022-07-05,94.86,95.6,92.77,95.33,1717983.0
2022-07-06,93.72,95.58,93.18,94.82,1656981.0
2022-07-07,96.02,97.15,95.87,96.6,1689250.0
2022-07-08,97.18,97.54,95.98,96.31,1180245.0
2022-07-11,95.95,97.15,95.71,96.1,1375902.0
2022-07-12,95.03,97.69,94.93,96.02,1508708.0
2022-07-13,94.71,94.71,91.65,93.3,2188621.0
2022-07-14,90.8,91.1,89.73,90.44,2308187.0
2022-07-15,91.66,92.92,90.43,92.33,1779427.0
2022-07-18,93.43,94.44,92.3,92.66,1501944.0
2022-07-19,94.0,95.7,93.55,95.17,1741533.0
2022-07-20,94.38,96.05,94.23,95.82,1562841.0
2022-07-21,95.4,96.13,94.16,96.07,1189335.0
2022-07-22,96.46,97.22,94.77,95.51,1018816.0
2022-07-25,96.23,97.25,95.5,96.87,1303047.0
2022-07-26,96.34,97.27,95.83,96.05,1247565.0
2022-07-27,96.76,98.26,96.29,97.64,1399626.0
2022-07-28,97.46,98.23,95.89,98.1,1574026.0
2022-07-29,98.56,100.8,98.27,99.99,2654065.0
2022-08-01,99.0,99.87,98.28,99.65,1772147.0
2022-08-02,99.43,99.86,97.88,97.99,2125933.0
2022-08-03,96.5,97.11,94.47,96.81,3989090.0
2022-08-04,96.95,97.97,95.93,95.95,2128726.0
2022-08-05,95.99,97.47,95.45,96.51,1836560.0
2022-08-08,97.18,97.95,97.07,97.3,1434288.0
2022-08-09,97.69,99.12,97.5,98.58,1362019.0
2022-08-10,100.0,101.86,99.65,101.65,1646393.0
2022-08-11,102.79,103.94,102.57,102.99,1542744.0
2022-08-12,103.36,105.52,103.36,105.49,1596557.0
2022-08-15,103.94,105.02,103.64,104.82,1191592.0
2022-08-16,104.44,105.72,104.44,105.18,1177483.0
2022-08-17,103.98,105.04,103.69,104.57,1298433.0
2022-08-18,104.77,105.46,104.37,105.42,1107858.0
2022-08-19,104.76,104.76,102.82,103.4,1887348.0
2022-08-22,100.51,100.51,98.92,99.11,1753254.0
2022-08-23,99.2,100.35,99.0,99.33,1072844.0
2022-08-24,99.08,99.78,98.65,99.5,908998.0
2022-08-25,99.91,101.41,99.69,101.38,1126078.0
2022-08-26,102.07,102.34,98.47,98.52,1377423.0
2022-08-29,97.7,98.66,97.1,97.98,967707.0
2022-08-30,98.28,98.31,96.5,97.03,1130804.0
2022-08-31,97.43,97.59,95.72,95.75,2090195.0
2022-09-01,95.34,95.42,93.38,94.97,1593850.0
2022-09-02,96.21,97.5,94.39,94.89,1177442.0
2022-09-06,95.51,95.6,93.55,94.18,1542937.0
2022-09-07,93.7,96.17,93.55,95.78,1511291.0
2022-09-08,95.18,97.08,94.96,96.95,1670535.0
2022-09-09,97.9,99.0,97.78,98.48,1351896.0
2022-09-12,99.28,100.48,98.95,99.76,1528346.0
2022-09-13,97.87,98.89,95.45,95.79,1930569.0
2022-09-14,95.96,96.48,93.4,94.08,2016032.0
2022-09-15,94.11,94.97,92.07,92.54,2797670.0
2022-09-16,91.92,92.3,90.07,91.92,3095095.0
2022-09-19,90.77,94.58,90.58,94.43,2023121.0
2022-09-20,93.62,93.71,92.0,93.02,1565110.0
2022-09-21,93.67,94.84,91.86,91.87,2003328.0
2022-09-22,92.86,92.86,90.77,90.98,2376489.0
2022-09-23,89.76,90.05,87.17,88.68,2400699.0
2022-09-26,88.11,89.29,87.05,87.34,2211511.0
2022-09-27,88.19,88.9,86.18,87.18,2010131.0
2022-09-28,86.82,88.91,86.76,88.32,1911811.0
2022-09-29,87.49,87.65,85.46,86.3,2000397.0
2022-09-30,86.41,87.88,85.62,85.78,2553239.0
2022-10-03,87.31,89.61,86.23,89.19,2469401.0
2022-10-04,90.4,94.35,90.4,94.24,2432561.0
2022-10-05,92.91,94.27,92.49,93.75,1616666.0
2022-10-06,93.05,93.92,92.56,92.95,1647034.0
2022-10-07,92.19,92.58,90.37,91.08,1507398.0
2022-10-10,91.85,92.66,90.55,91.15,1121113.0
2022-10-11,90.56,92.32,89.99,90.84,1570350.0
2022-10-12,90.52,91.43,89.56,90.19,1367643.0
2022-10-13,88.83,95.65,88.05,95.1,2881494.0
2022-10-14,95.68,97.88,93.96,94.67,2175111.0
2022-10-17,96.81,97.7,95.08,95.89,2042482.0
2022-10-18,98.09,98.87,96.48,97.34,1755271.0
2022-10-19,96.85,97.89,95.76,96.42,1237927.0
2022-10-20,96.08,97.5,94.74,95.2,1674705.0
2022-10-21,95.52,98.44,95.0,98.29,1850602.0
2022-10-24,98.55,100.59,98.45,100.12,1602689.0
2022-10-25,99.3,101.67,98.97,101.4,1875979.0
2022-10-26,101.8,102.81,101.03,101.14,1712924.0
2022-10-27,102.04,103.57,101.68,101.82,1757563.0
2022-10-28,102.47,105.77,102.19,105.27,3106417.0
2022-10-31,104.89,105.67,104.27,105.19,2510270.0
2022-11-01,105.99,106.8,105.64,106.0,2087492.0
2022-11-02,107.15,109.0,105.19,105.29,3598163.0
2022-11-03,103.2,103.61,98.45,101.83,3423033.0
2022-11-04,103.72,105.64,102.82,105.06,1961902.0
2022-11-07,105.22,105.54,101.54,103.21,3163009.0
2022-11-08,102.93,103.92,101.71,103.3,2002316.0
2022-11-09,102.68,103.73,102.19,102.42,1135506.0
2022-11-10,105.05,107.86,104.61,107.72,2290526.0
2022-11-11,108.44,110.96,107.84,110.21,2769199.0
2022-11-14,109.75,110.7,108.16,108.23,2072277.0
2022-11-15,109.53,110.22,107.1,107.91,2194414.0
2022-11-16,107.91,108.55,107.47,107.74,1188008.0
2022-11-17,106.12,106.88,105.52,106.79,1379138.0
2022-11-18,108.34,108.83,106.37,107.33,1703249.0
2022-11-21,105.8,107.22,105.55,106.98,1303952.0
2022-11-22,107.77,108.76,107.47,108.56,1339074.0
2022-11-23,107.47,108.07,106.81,107.06,1318388.0
2022-11-25,107.44,108.38,107.37,107.77,581264.0
2022-11-28,106.53,107.54,105.23,105.55,1341989.0
2022-11-29,105.73,107.14,105.2,106.59,1022160.0
2022-11-30,106.33,108.26,104.41,108.03,2816471.0
2022-12-01,108.5,108.81,107.27,107.73,1367446.0
2022-12-02,106.7,107.85,106.63,107.68,1173830.0
2022-12-05,107.1,107.1,104.01,104.74,1472596.0
2022-12-06,104.98,105.39,102.68,103.29,1632986.0
2022-12-07,102.84,104.61,102.53,102.63,1672105.0
2022-12-08,103.35,103.36,101.39,101.6,1779698.0
2022-12-09,100.91,101.96,100.35,101.37,1575913.0
2022-12-12,100.99,102.69,99.3,102.56,2160043.0
2022-12-13,105.01,105.26,102.54,103.22,1696883.0
2022-12-14,103.21,104.33,101.28,102.07,1599386.0
2022-12-15,100.52,101.07,99.21,99.75,2068325.0
2022-12-16,97.77,98.47,96.66,97.87,4781622.0
2022-12-19,98.09,99.0,96.57,97.12,1622068.0
2022-12-20,97.21,98.86,97.15,98.25,1393877.0
2022-12-21,99.35,100.55,99.2,100.36,1296626.0
2022-12-22,99.79,99.79,96.82,98.66,1541126.0
2022-12-23,98.69,99.8,98.32,99.56,829419.0
2022-12-27,99.73,100.18,99.07,99.35,815627.0
2022-12-28,99.37,99.69,98.28,98.37,918164.0
2022-12-29,98.93,100.44,98.74,99.88,1241353.0
2022-12-30,99.17,99.89,98.56,99.46,937340.0
2023-01-03,100.03,100.5,98.77,99.48,1590679.0
2023-01-04,100.51,101.66,100.2,101.18,1417623.0
2023-01-05,100.67,100.85,98.82,99.44,1372931.0
2023-01-06,100.4,101.37,100.03,101.01,1680804.0
2023-01-09,100.17,100.79,97.87,98.26,2154562.0
2023-01-10,98.4,99.44,97.71,99.35,1199418.0
2023-01-11,99.06,100.03,98.77,100.0,1305426.0
2023-01-12,100.62,100.62,99.43,99.6,1664433.0
2023-01-13,98.79,101.25,98.32,101.0,1241925.0
2023-01-17,101.0,101.41,100.55,101.08,1281605.0
2023-01-18,100.63,101.19,98.37,98.57,1510147.0
2023-01-19,97.85,98.1,96.46,96.94,1702734.0
2023-01-20,97.34,98.65,96.74,98.63,1412721.0
2023-01-23,98.66,100.95,98.41,99.99,1307294.0
2023-01-24,87.58,101.15,91.96,100.88,1147077.0
2023-01-25,100.0,101.59,99.57,101.53,954778.0
2023-01-26,102.1,102.95,101.13,102.83,1208360.0
2023-01-27,102.64,104.09,102.53,103.5,1246873.0
2023-01-30,103.28,103.89,102.41,103.25,1304958.0
2023-01-31,103.79,104.96,102.47,104.94,2058989.0
2023-02-01,104.0,105.31,103.15,104.26,1412076.0
2023-02-02,104.79,104.79,102.0,102.82,1854791.0
2023-02-03,102.18,102.9,101.16,101.86,1714081.0
2023-02-06,101.04,102.4,100.93,102.1,1551447.0
2023-02-07,101.45,103.5,100.82,102.8,2392394.0
2023-02-08,101.32,107.31,101.28,104.34,3469517.0
2023-02-09,105.02,106.0,102.74,102.97,1987553.0
2023-02-10,102.76,103.22,102.02,103.03,1307856.0
2023-02-13,102.75,104.59,102.72,104.43,1443674.0
2023-02-14,103.91,104.39,102.86,103.27,1585034.0
2023-02-15,102.32,104.02,102.18,103.96,1610318.0
2023-02-16,103.53,104.05,102.7,103.11,1510475.0
2023-02-17,101.74,101.88,100.9,101.53,1557088.0
2023-02-21,100.59,100.72,97.54,98.1,2102292.0
2023-02-22,97.7,98.94,97.53,98.35,1830297.0
2023-02-23,98.87,99.65,97.63,98.52,1237402.0
2023-02-24,97.62,99.25,97.24,99.04,1376321.0
2023-02-27,100.0,100.54,98.7,99.03,1269112.0
2023-02-28,99.44,100.46,99.1,100.0,2769456.0
2023-03-01,100.01,101.5,99.63,99.95,1683595.0
2023-03-02,99.28,99.6,97.24,98.01,1976853.0
2023-03-03,98.6,99.33,97.72,99.08,1632216.0
2023-03-06,99.04,99.6,98.4,98.56,1717440.0
2023-03-07,97.92,98.43,95.38,95.96,1977565.0
2023-03-08,95.91,96.49,93.98,94.73,1836942.0
2023-03-09,94.68,94.69,90.23,90.7,2459747.0
2023-03-10,89.45,90.52,87.79,88.52,4192588.0
2023-03-13,85.05,85.95,81.41,82.18,6310687.0
2023-03-14,85.82,86.82,82.94,83.67,4857412.0
2023-03-15,80.73,81.27,78.47,80.16,5423678.0
2023-03-16,78.82,82.77,76.9,82.19,5200885.0
2023-03-17,80.94,81.28,77.45,78.02,16323702.0
2023-03-20,79.06,81.48,78.57,80.31,3254127.0
2023-03-21,82.53,83.43,82.08,82.45,3006710.0
2023-03-22,82.19,82.42,78.66,78.68,3363688.0
2023-03-23,78.75,79.77,76.53,77.23,3022220.0
2023-03-24,76.02,77.65,75.37,77.58,2824057.0
2023-03-27,79.46,80.15,78.12,79.4,2802025.0
2023-03-28,79.3,80.17,78.81,79.4,1792289.0
2023-03-29,80.78,81.27,80.05,81.19,2280522.0
2023-03-30,82.37,82.94,81.29,81.75,2525169.0
2023-03-31,82.35,82.9,82.08,82.74,2493833.0
2023-04-03,82.75,83.49,82.34,82.43,2309952.0
2023-04-04,84.4,84.52,81.62,82.24,2839613.0
2023-04-05,80.92,82.88,80.68,82.84,2343311.0
2023-04-06,83.18,83.93,82.85,83.36,1921499.0
2023-04-10,83.24,84.26,83.14,84.15,1654155.0
2023-04-11,84.43,86.01,84.22,85.41,1928154.0
2023-04-12,86.29,86.77,84.4,84.84,2076374.0
2023-04-13,84.66,85.11,83.8,84.87,1842189.0
2023-04-14,85.93,86.3,84.9,85.58,1372715.0
2023-04-17,84.99,87.15,84.61,87.08,2192186.0
2023-04-18,87.8,87.81,86.63,87.0,2012970.0
2023-04-19,87.01,88.05,86.64,87.85,2044827.0
2023-04-20,87.14,87.72,86.16,86.44,1981254.0
2023-04-21,86.34,86.34,85.07,85.71,1510516.0
2023-04-24,85.58,86.08,85.25,85.87,1472282.0
2023-04-25,84.92,84.92,83.57,83.88,1955380.0
2023-04-26,83.59,85.0,83.19,83.7,1924062.0
2023-04-27,84.04,85.74,84.01,85.59,2754998.0
2023-04-28,85.3,87.17,85.01,87.0,2578063.0
2023-05-01,86.5,87.4,86.19,86.31,1652702.0
2023-05-02,85.81,86.0,82.66,83.54,3155957.0
2023-05-03,83.0,84.86,80.97,81.36,4207110.0
2023-05-04,80.55,80.95,77.22,79.11,3343694.0
2023-05-05,80.81,82.42,80.58,82.05,2561871.0
2023-05-08,83.1,83.54,82.01,82.57,1450334.0
2023-05-09,81.73,82.09,80.97,81.5,1856205.0
2023-05-10,82.13,82.25,79.63,80.35,2089742.0
2023-05-11,79.46,80.59,78.94,80.51,2351269.0
2023-05-12,80.96,81.01,77.87,78.94,3246823.0
2023-05-15,78.92,79.61,78.81,79.4,2452283.0
2023-05-16,79.25,79.62,77.97,78.04,2334458.0
2023-05-17,78.82,81.19,78.82,81.08,2455267.0
2023-05-18,80.83,82.47,80.09,82.39,2338616.0
2023-05-19,83.07,83.28,81.55,82.04,2538159.0
2023-05-22,80.91,82.13,80.46,82.0,1818901.0
2023-05-23,81.97,83.26,81.76,81.79,1713414.0
2023-05-24,80.87,81.45,79.3,79.52,1777488.0
2023-05-25,79.49,80.33,78.77,80.07,2053866.0
2023-05-26,80.22,80.64,79.65,80.14,1679992.0
2023-05-30,80.5,81.32,79.3,81.18,1980284.0
2023-05-31,80.21,80.45,78.4,78.69,3812083.0
2023-06-01,79.43,80.53,78.53,80.13,2123046.0
2023-06-02,81.44,83.79,81.23,83.04,2581668.0
2023-06-05,83.65,83.65,82.02,83.06,2254510.0
2023-06-06,83.33,84.73,83.17,83.93,1818366.0
2023-06-07,84.33,86.38,84.02,85.76,1945738.0
2023-06-08,85.38,86.01,84.18,84.84,1623382.0
2023-06-09,84.98,85.21,84.31,84.55,1414406.0
2023-06-12,84.5,85.31,84.14,84.61,1437380.0
2023-06-13,84.94,87.03,84.7,86.49,2522741.0
2023-06-14,86.97,88.02,85.31,85.54,3676761.0
2023-06-15,85.17,87.11,85.06,86.76,3614617.0
2023-06-16,86.81,87.47,86.31,87.03,3976740.0
2023-06-20,86.05,86.2,83.65,85.05,3192998.0
2023-06-21,84.64,85.92,84.47,85.39,3152595.0
2023-06-22,85.24,85.42,83.94,84.66,1593492.0
2023-06-23,83.81,84.52,83.34,83.89,2175717.0
2023-06-26,84.15,85.54,84.02,85.23,1791186.0
2023-06-27,85.33,87.04,85.04,86.66,1637189.0
2023-06-28,86.38,86.46,85.51,86.29,1463308.0
2023-06-29,86.86,87.88,86.69,87.84,1387805.0
2023-06-30,88.47,88.9,87.91,88.22,1761065.0
2023-07-03,88.45,89.72,88.36,89.15,799016.0
2023-07-05,88.46,89.16,87.57,88.78,1465854.0
2023-07-06,87.94,88.8,87.59,88.66,1420887.0
2023-07-07,88.6,90.78,88.6,89.85,1554468.0
2023-07-10,89.44,90.1,89.19,89.42,1940530.0
2023-07-11,90.31,92.0,89.91,91.88,1855650.0
2023-07-12,93.03,93.44,91.62,91.91,1415633.0
2023-07-13,92.12,93.01,91.61,92.81,1645212.0
2023-07-14,93.25,93.26,90.86,91.55,1231704.0
2023-07-17,91.12,92.95,91.08,92.5,1271709.0
2023-07-18,92.56,94.39,92.51,93.69,1603103.0
2023-07-19,93.39,94.64,93.21,94.3,1121954.0
2023-07-20,94.42,95.03,94.02,95.02,1295637.0
2023-07-21,95.22,95.22,94.08,94.77,1296530.0
2023-07-24,94.92,97.21,94.89,96.52,1656539.0
2023-07-25,96.5,96.64,95.22,95.39,1452733.0
2023-07-26,95.39,97.18,95.39,96.83,1415454.0
2023-07-27,97.05,97.68,96.09,96.38,1382318.0
2023-07-28,97.08,97.31,95.73,96.28,1138548.0
2023-07-31,96.55,97.42,96.27,96.49,1861120.0
2023-08-01,96.68,96.9,95.8,96.34,1835539.0
2023-08-02,95.28,96.33,93.57,95.31,2466052.0
2023-08-03,94.83,97.34,94.8,96.79,1844427.0
2023-08-04,97.23,98.07,96.1,96.51,1999415.0
2023-08-07,97.34,98.42,97.03,98.13,1661358.0
2023-08-08,96.19,97.33,95.07,97.31,1441045.0
2023-08-09,97.23,97.41,94.99,95.07,1708382.0
2023-08-10,95.63,96.37,94.34,94.62,1168160.0
2023-08-11,94.16,95.5,94.16,95.21,1108938.0
2023-08-14,94.68,95.24,94.18,95.14,1017955.0
2023-08-15,93.95,94.37,92.96,93.29,1628173.0
2023-08-16,92.99,94.24,92.73,93.18,1392629.0
2023-08-17,93.81,94.24,92.76,92.92,1283352.0
2023-08-18,92.08,93.34,91.91,92.8,1592789.0
2023-08-21,91.9,92.27,90.52,91.21,1105620.0
2023-08-22,91.34,91.85,89.93,90.22,1331389.0
2023-08-23,90.4,91.55,90.09,91.43,1431159.0
2023-08-24,92.12,94.15,92.02,93.42,2083993.0
2023-08-25,93.87,94.37,92.84,93.74,1556223.0
2023-08-28,94.01,94.94,93.3,93.66,1143482.0
2023-08-29,93.99,94.49,93.49,94.43,1121088.0
2023-08-30,94.67,95.24,94.32,94.44,1133929.0
2023-08-31,94.65,95.26,94.54,94.67,2189589.0
2023-09-01,95.62,96.26,95.36,96.09,1367340.0
2023-09-05,96.0,96.47,94.43,94.45,1322738.0
2023-09-06,94.22,94.77,93.68,94.32,1195938.0
2023-09-07,94.05,94.67,93.68,94.28,1098892.0
2023-09-08,94.26,95.88,94.0,95.09,1318733.0
2023-09-11,95.71,96.46,95.12,95.26,1178129.0
2023-09-12,95.43,97.48,95.43,96.6,1633747.0
2023-09-13,97.02,97.26,95.76,96.58,1508635.0
2023-09-14,98.0,99.45,97.52,99.14,2299023.0
2023-09-15,98.33,99.46,98.16,98.69,3161886.0
2023-09-18,98.62,99.18,97.91,98.91,1340668.0
2023-09-19,99.21,99.73,98.53,98.92,1243485.0
2023-09-20,99.47,99.96,98.83,98.93,1194369.0
2023-09-21,98.42,98.48,96.84,96.97,1531388.0
2023-09-22,97.13,97.48,96.25,96.42,1210043.0
2023-09-25,95.93,97.11,95.91,97.06,757026.0
2023-09-26,96.48,97.15,94.9,95.14,1222491.0
2023-09-27,95.26,95.4,93.56,94.52,1222692.0
2023-09-28,94.32,95.23,94.25,94.86,1147558.0
2023-09-29,95.02,95.88,94.36,94.89,1296463.0
2023-10-02,94.19,94.76,92.5,93.38,1270758.0
2023-10-03,92.52,92.67,90.67,91.34,1629189.0
2023-10-04,91.32,91.6,89.66,91.19,1465551.0
2023-10-05,90.39,92.09,90.39,91.84,1302775.0
2023-10-06,91.14,93.52,91.07,92.89,1337983.0
2023-10-09,92.39,93.51,92.27,93.41,991389.0
2023-10-10,94.0,94.72,93.84,93.99,1092523.0
2023-10-11,94.26,95.14,93.61,94.86,1203984.0
2023-10-12,95.17,95.17,92.97,94.05,1009225.0
2023-10-13,94.77,95.29,93.36,93.87,1018534.0
2023-10-16,94.6,96.3,94.43,95.7,1342346.0
2023-10-17,95.38,97.62,95.22,96.93,1119702.0
2023-10-18,96.0,96.2,94.38,94.81,1313753.0
2023-10-19,94.54,95.37,93.01,93.29,1259765.0
2023-10-20,93.02,93.31,90.07,90.49,1752355.0
2023-10-23,90.1,90.49,89.04,89.33,1555899.0
2023-10-24,90.0,90.5971,89.52,89.93,1064626.0
2023-10-25,89.8,90.395,89.17,89.31,1127807.0
2023-10-26,89.36,91.36,89.36,90.31,1412181.0
2023-10-27,90.51,90.57,87.95,88.61,1469839.0
2023-10-30,89.41,91.08,89.09,90.68,1901874.0
2023-10-31,91.0,91.53,90.43,91.44,1763092.0
2023-11-01,91.72,91.76,89.95,91.32,2238840.0
2023-11-02,93.44,94.75,90.62,91.67,2395682.0
2023-11-03,92.93,94.76,92.61,94.15,2006750.0
2023-11-06,94.28,94.28,91.23,91.81,2466180.0
2023-11-07,91.29,91.495,89.9,90.71,1712742.0
2023-11-08,90.83,91.03,90.295,90.69,1477687.0
2023-11-09,91.07,91.6,90.56,90.89,1247452.0
2023-11-10,91.42,92.18,90.9,92.03,1146340.0
2023-11-13,91.25,92.22,91.07,91.5,1658312.0
2023-11-14,92.57,94.875,92.57,94.28,1737762.0
2023-11-15,94.53,95.34,94.15,94.61,1449010.0
2023-11-16,94.52,95.21,94.11,94.63,1192654.0
2023-11-17,95.3,95.88,95.085,95.75,1775905.0
2023-11-20,93.96,94.649,93.3211,94.28,1158718.0
2023-11-21,94.03,94.745,93.6,94.22,920567.0
2023-11-22,94.38,95.26,93.985,95.12,1032407.0
2023-11-24,95.2,96.32,95.11,95.74,646827.0
2023-11-27,95.31,95.96,94.92,95.82,1063030.0
2023-11-28,95.75,96.26,95.1,95.89,1327529.0
2023-11-29,96.25,97.2,96.23,96.6,1263676.0
2023-11-30,96.8,97.99,96.45,97.78,2634599.0
2023-12-01,97.42,98.13,96.95,97.74,1774153.0
2023-12-04,97.03,98.54,96.87,98.36,1759323.0
2023-12-05,97.91,98.755,97.7048,98.04,1738895.0
2023-12-06,98.7,99.7087,97.76,97.93,1421741.0
2023-12-07,98.5,99.75,98.24,99.66,2254410.0
2023-12-08,99.75,101.13,99.43,100.87,2120890.0
2023-12-11,101.0,102.57,100.975,101.43,1970195.0
2023-12-12,102.12,102.5301,101.52,102.18,1796222.0
2023-12-13,102.1,104.37,101.85,104.14,3253922.0
2023-12-14,105.14,106.69,105.0,105.21,3808809.0
2023-12-15,104.24,104.925,103.42,103.86,4282665.0
2023-12-18,104.03,104.34,103.03,103.17,2981730.0
2023-12-19,103.27,104.745,103.1,104.34,2777723.0
2023-12-20,103.73,104.8,102.48,102.51,1912209.0
2023-12-21,102.63,103.34,102.0402,103.23,1274478.0
2023-12-22,103.47,104.2942,103.165,103.54,1137198.0
2023-12-26,103.3,104.08,103.23,103.73,598584.0
2023-12-27,103.4,103.96,102.96,103.82,805037.0
2023-12-28,103.57,104.33,103.57,104.23,736983.0
2023-12-29,104.24,104.4,103.4115,103.71,974362.0
2024-01-02,103.5,105.07,103.46,104.57,1476375.0
2024-01-03,103.12,103.64,102.6,102.79,1668170.0
2024-01-04,102.72,104.215,102.62,102.88,1483223.0
2024-01-05,102.8,104.59,102.7649,104.31,1434752.0
2024-01-08,104.13,104.66,103.575,104.52,1344142.0
2024-01-09,103.71,103.7293,102.681,103.28,1461581.0
2024-01-10,103.12,103.88,102.87,103.72,1057779.0
2024-01-11,103.52,103.64,102.615,103.36,1213498.0
2024-01-12,104.0,104.36,102.61,103.23,973433.0
2024-01-16,102.36,102.6236,101.67,102.53,1244259.0
2024-01-17,101.73,102.86,101.39,101.85,1061832.0
2024-01-18,101.76,102.06,100.81,101.84,1081260.0
2024-01-19,102.45,103.59,101.43,103.44,1359761.0
2024-01-22,104.0,104.86,103.745,104.42,1349068.0
2024-01-23,104.46,105.08,104.2039,104.32,1060939.0
2024-01-24,105.1,105.66,104.56,104.79,1112192.0
2024-01-25,104.95,105.81,104.76,105.77,1424889.0
2024-01-26,106.0,106.32,105.73,106.22,1171562.0
2024-01-29,105.87,106.07,104.8101,105.58,1199434.0
2024-01-30,105.29,106.68,105.15,106.63,1473167.0
2024-01-31,106.48,106.8,104.74,104.93,2240780.0
2024-02-01,103.96,104.13,100.6,102.69,2286580.0
2024-02-02,102.73,103.66,102.25,103.21,1523199.0
2024-02-05,102.01,103.32,101.72,102.73,1834001.0
2024-02-06,102.72,103.86,102.67,103.39,2050595.0
2024-02-07,105.64,109.47,103.28,109.13,4004842.0
2024-02-08,108.74,109.63,107.39,108.61,1844516.0
2024-02-09,107.52,107.65,105.0,105.58,2616462.0
2024-02-12,105.88,108.11,105.84,107.23,1907532.0
2024-02-13,106.69,107.53,104.02,105.24,2015676.0
2024-02-14,105.72,107.32,105.65,106.4,1627438.0
2024-02-15,107.19,110.12,107.02,109.29,2473869.0
2024-02-16,107.44,108.22,107.01,107.28,1340739.0
2024-02-20,106.39,108.2699,106.1389,107.31,1249547.0
2024-02-21,107.56,107.84,106.69,107.66,1305065.0
2024-02-22,107.73,108.75,107.65,108.32,1513323.0
2024-02-23,108.71,109.49,108.07,108.07,1816937.0
2024-02-26,107.87,108.38,106.77,107.05,1378029.0
2024-02-27,107.06,108.04,107.06,107.67,945753.0
2024-02-28,107.41,108.69,107.41,108.01,1172689.0
2024-02-29,108.91,109.255,108.075,108.99,2455622.0
2024-03-01,108.84,109.12,107.41,108.01,1361468.0
2024-03-04,107.6,108.3,106.64,107.09,1539962.0
2024-03-05,106.86,109.34,106.84,108.93,1785402.0
2024-03-06,109.52,109.83,108.1101,109.61,1346525.0
2024-03-07,110.0,111.37,109.82,110.72,1721756.0
2024-03-08,111.41,111.91,110.8,111.1,1440581.0
2024-03-11,110.19,111.6,110.19,111.52,1242094.0
2024-03-12,111.78,112.27,111.015,111.74,1501080.0
2024-03-13,111.84,113.505,111.835,112.83,1629955.0
2024-03-14,112.5,112.95,110.88,111.74,1876299.0
2024-03-15,110.83,113.03,110.83,112.84,3355622.0
2024-03-18,112.91,113.88,112.4204,113.08,1364709.0
2024-03-19,113.37,114.18,113.2734,113.8,1463628.0
2024-03-20,113.27,115.57,112.91,115.33,1616329.0
2024-03-21,115.78,116.5,115.39,115.69,1415708.0
2024-03-22,116.05,116.62,114.53,114.6,1274520.0
2024-03-25,114.6,115.92,114.6,115.63,1297969.0
2024-03-26,115.57,116.3,115.39,115.82,1213160.0
2024-03-27,116.44,117.17,116.21,117.02,1298001.0
2024-03-28,117.49,117.92,117.08,117.4,1177744.0
2024-04-01,117.32,117.38,115.93,116.29,829196.0
2024-04-02,116.32,117.03,115.94,116.3,1275503.0
2024-04-03,116.24,117.5,116.24,116.87,1128031.0
2024-04-04,117.77,118.69,115.55,115.89,1194885.0
2024-04-05,115.43,116.33,115.09,115.71,1054235.0
2024-04-08,115.83,116.28,115.23,115.48,1145260.0
2024-04-09,115.62,116.08,113.29,114.3,1375274.0
2024-04-10,113.26,113.665,111.86,112.72,1484851.0
2024-04-11,112.37,112.44,110.65,111.33,1729208.0
2024-04-12,110.6,111.49,109.26,109.69,1754742.0
2024-04-15,111.47,111.67,108.12,108.36,1438380.0
2024-04-16,108.23,108.5,107.27,107.59,1216324.0
2024-04-17,108.18,108.465,106.7901,107.35,1230267.0
2024-04-18,108.19,108.9,107.66,108.7,1360118.0
2024-04-19,109.03,110.748,108.845,110.61,1470953.0
2024-04-22,111.39,112.13,110.51,111.47,1085833.0
2024-04-23,111.7,112.3,111.38,112.05,1500041.0
2024-04-24,111.66,112.92,111.39,112.76,1173987.0
2024-04-25,112.34,112.64,110.65,111.18,996379.0
2024-04-26,110.74,111.25,110.09,110.5,1110106.0
2024-04-29,110.79,112.1354,110.77,111.93,1361476.0
2024-04-30,111.26,111.475,110.33,110.48,2375175.0
2024-05-01,109.65,113.64,108.95,112.3,2451310.0
2024-05-02,112.65,113.37,110.28,111.29,1798250.0
2024-05-03,112.21,112.7873,110.605,112.26,1028914.0
2024-05-06,113.47,115.31,112.82,115.26,1712332.0
2024-05-07,116.13,116.8401,115.85,116.23,1666609.0
2024-05-08,116.27,116.93,115.65,116.69,1086143.0
2024-05-09,116.6,118.145,116.52,117.95,1154554.0
2024-05-10,118.5,119.01,117.98,118.83,1427002.0
2024-05-13,119.0,119.6,117.75,117.8,1329864.0
2024-05-14,118.22,119.08,118.105,118.88,1373889.0
2024-05-15,119.53,119.7,118.6896,119.6,1138687.0
2024-05-16,119.65,120.53,119.51,119.93,1528800.0
2024-05-17,120.59,121.395,119.96,121.31,1725532.0
2024-05-20,119.95,120.32,117.61,117.7,1360901.0
2024-05-21,117.7,118.55,117.66,117.84,1043744.0
2024-05-22,119.07,120.285,118.645,119.49,1599424.0
2024-05-23,119.24,119.275,117.62,117.85,1336917.0
2024-05-24,118.58,119.41,118.23,119.36,1254163.0
2024-05-28,119.36,119.36,117.15,117.73,1196776.0
2024-05-29,116.86,117.79,116.1625,117.49,1106921.0
2024-05-30,117.42,118.73,117.04,118.54,1070327.0
2024-05-31,118.81,120.44,118.28,120.35,2191243.0
2024-06-03,120.58,120.598,118.395,119.62,1106178.0
2024-06-04,118.71,119.86,117.76,117.98,1467513.0
2024-06-05,117.97,118.455,116.2537,117.73,1606007.0
2024-06-06,117.82,118.24,116.66,117.21,1096058.0
2024-06-07,117.05,118.7,116.87,117.84,930347.0
2024-06-10,117.39,117.82,116.4275,117.37,1308429.0
2024-06-11,116.69,116.69,113.77,114.3,1792961.0
2024-06-12,115.29,116.54,114.23,114.96,1499068.0
2024-06-13,114.96,114.96,112.95,113.97,1091973.0
2024-06-14,112.77,113.4,112.17,113.11,1065222.0
2024-06-17,113.16,114.66,112.8401,114.51,1303472.0
2024-06-18,114.46,115.72,114.16,115.67,1101979.0
2024-06-20,115.57,117.255,115.1406,117.04,1217615.0
2024-06-21,117.34,117.89,116.72,117.73,3252009.0
2024-06-24,118.19,120.07,117.96,119.16,1474911.0
2024-06-25,119.11,119.66,118.06,118.59,1124383.0
2024-06-26,117.92,118.09,116.43,117.62,1278194.0
2024-06-27,117.45,118.08,116.72,117.33,958244.0
2024-06-28,117.5,118.31,116.76,117.19,2256970.0
2024-07-01,118.0,118.91,116.98,117.53,1069828.0
2024-07-02,116.82,118.63,116.82,118.55,1009003.0
2024-07-03,118.55,119.62,118.065,118.55,703276.0
2024-07-05,118.0,118.25,116.47,116.84,919680.0
2024-07-08,117.37,118.21,116.7701,117.04,741440.0
2024-07-09,117.0,119.63,116.71,118.63,1120768.0
2024-07-10,118.88,120.42,118.76,120.39,1451594.0
2024-07-11,120.5,122.4705,120.13,122.38,1460563.0
2024-07-12,122.73,124.19,122.68,123.27,1298331.0
2024-07-15,123.39,126.04,123.39,125.54,1457004.0
2024-07-16,125.31,127.57,125.25,126.52,1539565.0
2024-07-17,126.8,128.525,126.6,127.32,1360758.0
2024-07-18,126.27,128.07,124.82,125.3,1604536.0
2024-07-19,125.43,125.46,123.58,123.76,1427324.0
2024-07-22,123.82,124.84,123.345,124.61,1233132.0
2024-07-23,124.17,125.009,123.83,124.43,1086919.0
2024-07-24,124.21,125.08,123.21,123.38,966498.0
2024-07-25,123.78,125.31,123.03,123.09,1140985.0
2024-07-26,123.8,124.98,123.44,124.14,1315950.0
2024-07-29,124.3,124.59,123.5,124.34,855778.0
2024-07-30,124.93,126.55,124.93,125.96,1073586.0
2024-07-31,126.0,126.78,125.19,125.32,1708893.0
2024-08-01,126.48,127.34,121.74,122.49,2740643.0
2024-08-02,118.32,120.88,108.49,110.26,5436440.0
2024-08-05,108.17,108.17,104.445,105.53,4022662.0
2024-08-06,105.7,108.28,105.7,107.05,2098375.0
2024-08-07,108.82,109.78,106.69,106.76,1802777.0
2024-08-08,107.69,109.19,107.5407,108.72,1673116.0
2024-08-09,108.79,109.7,108.25,109.46,1150485.0
2024-08-12,110.48,110.81,108.172,108.4,1375778.0
2024-08-13,109.13,109.68,107.6601,109.5,1444544.0
2024-08-14,109.57,111.76,109.5,111.4,1781460.0
2024-08-15,113.07,114.13,111.97,113.56,2023288.0
2024-08-16,113.93,115.0,113.7,114.89,3366204.0
2024-08-19,114.63,115.9,114.63,115.77,1288187.0
2024-08-20,114.5,114.81,113.06,113.26,1311219.0
2024-08-21,113.46,114.47,113.0,114.35,1022985.0
2024-08-22,114.4,115.34,114.17,115.24,1056381.0
2024-08-23,115.79,117.7,115.5,117.41,1091048.0
2024-08-26,118.0,119.17,117.5,118.01,1299847.0
2024-08-27,118.11,118.225,117.345,117.92,1069388.0
2024-08-28,117.81,119.32,117.79,118.78,1056558.0
2024-08-29,119.44,120.56,118.0701,119.8,1294619.0
2024-08-30,120.06,121.45,119.69,121.16,2141381.0
2024-09-03,120.09,121.45,119.67,120.7,1351526.0
2024-09-04,121.04,122.025,118.59,119.55,1405700.0
2024-09-05,120.3,120.48,117.0,117.78,1472721.0
2024-09-06,117.81,118.49,112.6,113.25,2979243.0
2024-09-09,114.5,115.69,113.31,114.95,1666268.0
2024-09-10,115.23,115.23,112.76,114.68,1278044.0
2024-09-11,114.03,114.83,111.55,114.72,1724242.0
2024-09-12,115.21,115.85,113.09,115.84,1512892.0
2024-09-13,116.46,117.1,116.02,116.26,1219856.0
2024-09-16,117.06,118.36,116.7,117.73,1318374.0
2024-09-17,118.0,119.51,118.0,118.68,1079892.0
2024-09-18,119.17,120.54,118.39,119.44,1298549.0
2024-09-19,121.7,122.19,120.26,121.8,1501472.0
2024-09-20,121.17,121.56,120.411,121.36,2966273.0
2024-09-23,121.61,122.3,120.521,120.79,1180581.0
2024-09-24,121.13,121.3675,119.62,119.81,1294972.0
2024-09-25,120.16,120.445,119.345,119.57,1460927.0
2024-09-26,120.18,121.25,119.72,120.54,1086282.0
2024-09-27,120.87,121.83,120.25,120.81,893284.0
2024-09-30,120.73,121.25,119.42,121.1,1301515.0
2024-10-01,120.47,120.485,117.95,119.36,1291477.0
2024-10-02,119.34,120.66,118.685,118.95,1151256.0
2024-10-03,118.1,118.96,117.33,118.9,1540765.0
2024-10-04,121.32,123.55,120.615,122.99,1889567.0
2024-10-07,122.19,123.11,119.97,120.46,1393302.0
2024-10-08,120.66,121.3299,120.01,120.88,972864.0
2024-10-09,120.8,122.91,120.47,122.12,1562567.0
2024-10-10,122.9,123.0,121.07,121.7,1065095.0
2024-10-11,122.38,124.8,122.3,123.72,1374647.0
2024-10-14,123.86,125.38,123.32,125.17,1270040.0
2024-10-15,125.66,127.385,125.115,125.83,1646885.0
2024-10-16,126.39,127.415,126.22,127.03,1459256.0
2024-10-17,127.01,127.95,127.01,127.82,1144355.0
2024-10-18,128.0,128.0,126.6,127.4,1055546.0
2024-10-21,126.93,127.61,125.29,125.57,1003456.0
2024-10-22,125.43,126.33,124.7903,125.64,758670.0
2024-10-23,125.02,125.59,124.2,125.16,853675.0
2024-10-24,125.54,125.835,124.31,125.36,688756.0
2024-10-25,125.5,125.505,122.95,123.46,1247163.0
2024-10-28,124.4,126.13,124.18,125.6,1335772.0
2024-10-29,125.5,126.285,124.9,125.27,1302712.0
2024-10-30,125.39,127.42,125.18,126.64,2009100.0
2024-10-31,125.67,126.67,122.46,122.48,2083939.0
2024-11-01,123.23,124.415,121.27,121.28,1992028.0
2024-11-04,121.41,121.86,120.1,120.66,1529684.0
2024-11-05,120.08,121.16,119.08,120.18,1805235.0
2024-11-06,127.51,129.13,126.7,127.73,3698272.0
2024-11-07,126.72,127.2304,123.4,123.88,1809491.0
2024-11-08,124.0,124.41,121.36,121.89,2011980.0
2024-11-11,123.7,125.9999,122.96,125.0,1954521.0
2024-11-12,124.62,125.83,124.5295,125.49,1109515.0
2024-11-13,125.47,126.34,124.83,125.26,1039650.0
2024-11-14,126.2,127.1,125.025,125.75,1190747.0
2024-11-15,125.91,128.1,125.91,127.41,3049842.0
2024-11-18,127.5,128.22,127.24,128.14,1328674.0
2024-11-19,125.0,125.77,123.64,124.61,1509844.0
2024-11-20,125.11,125.18,123.38,124.11,1563733.0
2024-11-21,125.0,127.29,124.3701,126.26,1452130.0
2024-11-22,126.26,128.5,126.26,127.89,1117390.0
2024-11-25,128.49,129.69,128.09,128.71,2127069.0
2024-11-26,128.07,129.26,127.07,129.11,1138361.0
2024-11-27,129.34,130.5515,129.25,129.52,994075.0
2024-11-29,129.72,130.39,129.31,129.41,748428.0
2024-12-02,129.81,129.81,127.33,128.41,1482724.0
2024-12-03,128.61,128.72,126.31,127.15,1365701.0
2024-12-04,126.56,127.1244,125.1201,125.9,1224108.0
2024-12-05,126.0,127.75,126.0,127.29,1578026.0
2024-12-06,127.45,127.815,126.02,126.56,1391124.0
2024-12-09,126.77,126.86,122.445,122.56,1658691.0
2024-12-10,122.57,122.57,120.2,121.24,1440206.0
2024-12-11,122.33,122.33,119.76,120.07,1995491.0
2024-12-12,120.25,122.33,119.84,120.61,1567500.0
2024-12-13,121.16,121.425,120.01,120.48,1383734.0
2024-12-16,120.15,120.91,119.38,120.61,1506778.0
2024-12-17,119.71,120.45,118.4,118.89,1388779.0
2024-12-18,118.81,119.42,114.355,114.59,1850587.0
2024-12-19,116.3,117.17,115.34,115.47,1869005.0
2024-12-20,114.98,118.8,114.374,117.83,3350865.0
2024-12-23,117.55,118.64,117.025,118.56,1301564.0
2024-12-24,118.57,119.37,118.1958,119.26,424158.0
2024-12-26,118.93,120.17,118.69,120.07,633299.0
2024-12-27,119.16,120.69,118.42,119.06,736292.0
2024-12-30,117.75,118.6124,116.633,118.15,768284.0
2024-12-31,118.47,119.31,118.13,118.53,682109.0
2025-01-02,119.03,119.8,117.83,118.27,923528.0
2025-01-03,118.91,119.35,117.685,119.14,989965.0
2025-01-06,119.49,121.2399,118.56,118.64,1093615.0
2025-01-07,119.51,120.53,118.22,119.18,1584116.0
2025-01-08,118.51,118.8684,116.68,118.43,1388747.0
2025-01-10,117.03,117.59,114.03,114.53,1997156.0
2025-01-13,114.23,116.48,113.62,116.29,1240073.0
2025-01-14,116.2,117.8947,116.2,117.61,1363721.0
2025-01-15,119.69,120.59,118.53,120.06,1429318.0
2025-01-16,116.0,118.7,115.2701,118.4,2299919.0
2025-01-17,118.88,120.39,118.1701,119.01,1535535.0
2025-01-21,119.65,120.92,119.1,120.27,1701029.0
2025-01-22,120.1,120.205,117.23,117.35,2324255.0
2025-01-23,117.03,118.19,116.66,116.89,1662699.0
2025-01-24,116.89,118.455,116.89,117.31,2305679.0
2025-01-27,117.79,120.56,117.73,120.52,1834782.0
2025-01-28,120.37,121.98,120.31,121.18,1943207.0
2025-01-29,121.27,123.88,121.055,122.33,1579388.0
2025-01-30,123.36,123.41,121.025,121.88,1196686.0
2025-01-31,121.54,122.34,120.36,120.76,1990408.0
2025-02-03,117.85,119.85,116.55,118.89,1899479.0
2025-02-04,118.01,119.685,117.4,117.95,2393642.0
2025-02-05,114.84,115.48,111.82,114.06,4048901.0
2025-02-06,115.31,115.31,112.24,113.52,1864074.0
2025-02-07,113.75,113.75,112.45,112.82,1900107.0
2025-02-10,112.86,113.35,111.41,112.09,1496589.0
2025-02-11,111.32,111.91,110.675,111.64,1132700.0
2025-02-12,110.76,111.39,109.85,110.81,2096652.0
2025-02-13,110.8,112.09,110.0,111.91,1197472.0
2025-02-14,112.1,112.8981,111.16,111.56,1276789.0
2025-02-18,110.42,111.81,110.11,111.79,1400804.0
2025-02-19,111.33,111.87,110.74,111.66,1475381.0
2025-02-20,111.29,111.6,109.7475,111.13,1550266.0
2025-02-21,111.19,111.6,108.56,109.5,1575541.0
2025-02-24,110.08,111.4,109.59,110.51,1679701.0
2025-02-25,111.51,111.555,110.04,111.1,2454770.0
2025-02-26,111.305,112.605,111.1,111.92,1295023.0
2025-02-27,112.73,114.26,112.2,112.75,1423362.0
2025-02-28,113.43,115.14,113.14,115.1,2931692.0
2025-03-03,115.84,116.62,112.56,113.48,1677372.0
2025-03-04,112.11,112.49,108.72,109.59,2163256.0
2025-03-05,109.64,111.175,108.9,110.69,1996225.0
2025-03-06,109.93,110.84,108.215,110.14,1398244.0
2025-03-07,109.63,111.71,108.65,111.24,1909466.0
2025-03-10,108.91,109.305,104.9,106.34,2874278.0
2025-03-11,106.23,106.97,104.56,105.58,2532461.0
2025-03-12,106.63,106.835,104.605,106.09,1856837.0
2025-03-13,106.46,107.83,104.77,105.04,1570935.0
2025-03-14,106.0,108.7099,105.44,108.49,1681284.0
2025-03-17,108.47,110.94,108.31,110.29,1432102.0
2025-03-18,110.84,111.15,109.46,109.74,1490267.0
2025-03-19,109.8,111.37,109.7601,110.62,1252303.0
2025-03-20,109.76,111.84,109.76,110.78,1203710.0
2025-03-21,110.02,110.97,109.21,110.27,3274317.0
2025-03-24,111.75,113.42,111.405,113.24,1744976.0
2025-03-25,113.79,114.97,113.79,114.36,1820053.0
2025-03-26,115.0,116.81,114.79,115.59,2407191.0
2025-03-27,115.43,115.7,114.1,114.41,1716815.0
2025-03-28,114.17,114.4,108.831,110.07,2326532.0
2025-03-31,108.99,112.52,108.88,111.68,1892917.0
2025-04-01,111.51,112.35,110.29,111.69,1359009.0
2025-04-02,109.86,113.115,109.86,112.71,1693721.0
2025-04-03,106.99,108.0,104.58,104.79,2817311.0
2025-04-04,101.03,101.5396,95.73,96.53,3518253.0
2025-04-07,93.92,99.44,90.38,95.78,3814572.0
2025-04-08,100.24,101.26,93.12,95.12,2990396.0
2025-04-09,94.0,105.05,92.72,103.91,4004265.0
2025-04-10,101.39,102.04,96.0226,98.48,2764568.0
2025-04-11,98.0,99.36,95.36,98.83,2635382.0
2025-04-14,100.74,102.47,99.905,101.43,1726647.0
2025-04-15,100.75,102.27,100.07,100.23,1721638.0
2025-04-16,99.66,100.92,97.735,98.62,1579647.0
2025-04-17,99.56,101.0785,98.8476,99.47,1480033.0
2025-04-21,98.55,99.355,95.76,96.87,1816644.0
2025-04-22,98.76,100.57,98.44,100.21,1384442.0
2025-04-23,102.96,105.085,101.24,101.59,1565236.0
2025-04-24,101.86,104.535,101.285,104.03,1678040.0
2025-04-25,103.74,104.187,102.11,102.9,1276654.0
