Date,open,high,low,close,volume
2015-04-27,68.27,69.65,67.0,67.32,1814057.0
2015-04-28,67.15,67.62,64.89,66.63,1372546.0
2015-04-29,66.36,69.0,66.01,67.92,1753698.0
2015-04-30,67.13,67.66,65.35,66.36,1695164.0
2015-05-01,66.62,67.41,65.52,66.71,1507480.0
2015-05-04,66.7,67.82,66.61,67.17,1103078.0
2015-05-05,66.8,67.37,65.1,65.71,1602338.0
2015-05-06,66.0,66.65,64.83,66.06,1230411.0
2015-05-07,66.0,67.38,65.6,66.59,1359981.0
2015-05-08,68.01,69.9,67.96,68.55,2424148.0
2015-05-11,69.0,69.0,67.28,67.38,1375369.0
2015-05-12,67.23,68.3,66.1,67.67,1018713.0
2015-05-13,67.65,70.0,67.39,69.71,2124707.0
2015-05-14,69.99,70.62,68.62,70.42,2107610.0
2015-05-15,70.33,70.97,69.88,70.23,1978111.0
2015-05-18,68.9,69.0,66.7,67.03,3906436.0
2015-05-19,67.75,68.47,67.33,67.94,1930095.0
2015-05-20,69.33,69.68,67.61,68.02,2048332.0
2015-05-21,68.39,69.79,68.02,69.35,1863871.0
2015-05-22,69.29,69.52,68.24,68.94,1518419.0
2015-05-26,68.46,69.28,67.95,68.3,2672575.0
2015-05-27,67.51,69.37,66.22,69.35,2611750.0
2015-05-28,69.0,71.5,68.29,71.07,5065796.0
2015-05-29,68.64,69.85,65.81,67.58,12701315.0
2015-06-01,67.07,68.0,66.18,66.46,2831029.0
2015-06-02,66.39,67.43,65.18,66.16,2122553.0
2015-06-03,67.05,67.65,66.07,66.79,1724563.0
2015-06-04,66.21,66.73,64.7,65.39,2146896.0
2015-06-05,65.36,68.99,65.06,68.66,2923925.0
2015-06-08,68.28,69.4,67.46,67.95,2173252.0
2015-06-09,68.08,68.17,66.45,67.39,1472899.0
2015-06-10,67.93,69.75,67.72,69.43,1553517.0
2015-06-11,69.88,70.0,68.67,69.16,2094398.0
2015-06-12,67.63,70.4,67.6,68.91,2462447.0
2015-06-15,68.04,70.47,67.6,70.25,2159068.0
2015-06-16,70.09,70.99,69.35,70.58,1402309.0
2015-06-17,70.71,72.35,70.64,71.54,2342199.0
2015-06-18,71.87,73.48,71.18,73.07,2486854.0
2015-06-19,73.24,73.42,72.67,73.15,2187369.0
2015-06-22,73.76,74.13,72.85,73.6,1224082.0
2015-06-23,73.42,73.83,72.35,72.9,1356656.0
2015-06-24,72.92,73.04,70.72,71.31,1509921.0
2015-06-25,71.89,72.61,71.54,72.35,942272.0
2015-06-26,72.29,72.37,69.39,70.38,2347805.0
2015-06-29,68.66,70.27,67.85,68.06,1775077.0
2015-06-30,69.0,69.84,68.14,69.63,1296112.0
2015-07-01,71.41,71.49,69.03,69.48,997773.0
2015-07-02,69.78,70.26,68.6,69.72,936872.0
2015-07-06,68.76,69.43,68.08,68.56,1184632.0
2015-07-07,68.52,68.68,65.88,68.33,2050867.0
2015-07-08,67.27,68.49,66.95,67.36,1429657.0
2015-07-09,68.4,70.0,68.14,69.01,1415500.0
2015-07-10,70.87,72.54,70.09,71.85,1634229.0
2015-07-13,72.52,72.88,70.94,71.17,1394444.0
2015-07-14,71.41,72.67,70.8,72.22,1101035.0
2015-07-15,71.7,72.82,71.27,71.62,1119714.0
2015-07-16,71.87,73.47,71.5,72.6,1562136.0
2015-07-17,73.77,73.8,71.94,72.88,1150945.0
2015-07-20,73.16,73.94,72.46,73.2,845526.0
2015-07-21,73.13,73.68,71.81,73.01,989510.0
2015-07-22,72.44,74.0,72.06,73.27,960037.0
2015-07-23,73.75,76.29,73.34,74.82,1819701.0
2015-07-24,75.42,76.85,72.9,73.89,1691580.0
2015-07-27,72.83,72.95,70.21,70.6,1514663.0
2015-07-28,71.2,71.52,68.83,70.89,1685498.0
2015-07-29,67.3,69.42,67.3,68.97,2472305.0
2015-07-30,69.4,69.68,67.41,69.26,1190016.0
2015-07-31,69.3,70.81,68.63,69.94,1219235.0
2015-08-03,69.91,69.99,67.44,68.86,1916846.0
2015-08-04,68.15,69.39,67.51,68.11,1484561.0
2015-08-05,68.68,70.29,68.68,69.3,1288651.0
2015-08-06,69.05,69.95,67.12,68.31,2456348.0
2015-08-07,68.43,68.45,66.06,67.67,1595080.0
2015-08-10,68.19,70.3,67.96,69.38,1210408.0
2015-08-11,68.84,70.68,67.14,68.04,1312230.0
2015-08-12,67.53,68.33,66.66,68.03,1434097.0
2015-08-13,68.13,69.62,67.78,68.97,831261.0
2015-08-14,68.99,70.0,68.06,69.78,867949.0
2015-08-17,69.31,70.76,68.69,70.73,654638.0
2015-08-18,70.67,71.75,69.59,69.92,808096.0
2015-08-19,69.8,70.19,68.16,68.78,856877.0
2015-08-20,68.15,69.0,64.33,64.39,1943842.0
2015-08-21,63.34,64.75,61.64,62.14,2635296.0
2015-08-24,55.01,63.39,55.01,59.63,2929081.0
2015-08-25,62.74,62.99,59.16,59.18,1702819.0
2015-08-26,61.39,61.79,58.9,61.45,1548164.0
2015-08-27,62.2,64.89,60.84,64.25,3856621.0
2015-08-28,65.78,66.81,60.01,62.76,6217359.0
2015-08-31,62.21,63.76,61.78,62.01,2054403.0
2015-09-01,60.21,61.44,59.19,59.6,2461698.0
2015-09-02,60.3,60.6,55.47,59.1,2511270.0
2015-09-03,59.5,61.61,59.5,59.92,2279451.0
2015-09-04,58.84,59.51,58.01,58.27,1252660.0
2015-09-08,59.57,61.08,58.87,60.95,1277851.0
2015-09-09,61.48,61.87,59.01,59.2,1597976.0
2015-09-10,58.99,60.71,58.32,60.06,1044402.0
2015-09-11,59.48,59.98,58.5,59.61,1478416.0
2015-09-14,59.57,59.68,58.51,59.35,926802.0
2015-09-15,59.28,59.71,58.4,59.43,1305923.0
2015-09-16,59.32,59.62,58.55,59.21,1023709.0
2015-09-17,59.24,59.5,58.14,58.65,1385197.0
2015-09-18,57.22,59.88,57.22,58.54,1985572.0
2015-09-21,58.84,61.14,58.77,59.51,1262097.0
2015-09-22,58.78,58.91,56.28,57.63,1539615.0
2015-09-23,57.34,59.09,57.12,58.61,1752179.0
2015-09-24,58.25,58.41,56.35,57.87,2100269.0
2015-09-25,58.61,59.86,56.8,57.21,1581175.0
2015-09-28,56.78,57.0,53.64,54.02,2075167.0
2015-09-29,53.87,54.62,51.71,54.46,2178003.0
2015-09-30,54.73,56.2,54.37,55.36,2041111.0
2015-10-01,55.33,55.99,54.1,55.92,1465682.0
2015-10-02,55.01,56.59,54.24,56.33,1900155.0
2015-10-05,56.36,56.36,53.8,55.3,3278620.0
2015-10-06,55.48,56.99,54.66,55.29,1856172.0
2015-10-07,55.42,57.48,54.33,57.48,1817253.0
2015-10-08,57.36,57.36,54.81,56.37,1516481.0
2015-10-09,56.8,58.3,56.04,58.21,1246309.0
2015-10-12,57.87,58.05,56.78,57.25,1077647.0
2015-10-13,56.99,58.02,55.81,55.95,848571.0
2015-10-14,55.8,56.92,54.85,54.96,1189949.0
2015-10-15,55.14,56.69,54.66,56.19,1652798.0
2015-10-16,56.32,57.77,55.82,57.68,1194118.0
2015-10-19,57.62,60.0,57.55,58.79,1429035.0
2015-10-20,58.87,59.62,57.28,57.76,1033135.0
2015-10-21,57.84,58.05,54.86,54.96,1642744.0
2015-10-22,55.18,57.82,54.88,57.06,1615072.0
2015-10-23,57.06,57.26,55.11,56.27,1818335.0
2015-10-26,56.49,56.53,54.65,55.04,4683219.0
2015-10-27,54.99,55.03,53.75,54.64,1676910.0
2015-10-28,54.98,57.63,54.08,57.23,1678903.0
2015-10-29,57.07,58.33,55.87,55.98,1176245.0
2015-10-30,56.79,56.81,55.38,56.16,1109031.0
2015-11-02,56.42,57.43,56.0,56.81,1158017.0
2015-11-03,56.57,57.67,56.44,57.14,1214730.0
2015-11-04,57.17,58.55,57.09,57.46,1667656.0
2015-11-05,57.2,57.5,55.27,55.35,1827168.0
2015-11-06,57.7,61.09,57.31,60.17,2640894.0
2015-11-09,60.17,60.44,58.17,59.07,1028131.0
2015-11-10,58.59,58.93,56.59,57.67,1274580.0
2015-11-11,58.04,58.32,56.24,57.17,900811.0
2015-11-12,56.88,61.38,56.88,58.78,1870541.0
2015-11-13,58.63,59.6,57.45,59.0,1706208.0
2015-11-16,59.17,60.41,58.66,60.03,1714314.0
2015-11-17,60.45,61.9,60.12,61.22,1971088.0
2015-11-18,61.26,62.09,60.8,61.92,1741945.0
2015-11-19,62.36,63.29,61.54,62.76,2891277.0
2015-11-20,64.88,66.9,60.15,60.54,7394826.0
2015-11-23,58.92,60.5,58.33,58.49,3666778.0
2015-11-24,57.97,59.84,57.77,59.5,1767724.0
2015-11-25,59.1,59.97,59.04,59.14,1111023.0
2015-11-27,58.93,59.97,58.76,59.84,681677.0
2015-11-30,59.98,60.4,58.69,59.5,1335987.0
2015-12-01,59.5,60.88,59.5,60.67,1588270.0
2015-12-02,60.8,61.27,59.56,59.93,1340621.0
2015-12-03,60.31,60.38,57.71,58.29,1593815.0
2015-12-04,58.63,59.47,57.88,58.7,1225377.0
2015-12-07,58.69,58.97,57.1,57.77,1367729.0
2015-12-08,57.04,58.53,56.24,57.97,1093859.0
2015-12-09,57.77,58.71,56.42,56.74,1170301.0
2015-12-10,56.73,57.38,55.8,56.82,1297542.0
2015-12-11,55.52,56.44,52.58,53.22,3991877.0
2015-12-14,52.75,54.38,51.62,52.38,1949639.0
2015-12-15,53.12,54.39,52.9,53.88,2318364.0
2015-12-16,54.11,55.57,53.78,55.42,1600534.0
2015-12-17,55.47,55.8,52.9,54.3,1721218.0
2015-12-18,54.4,55.07,53.05,53.67,3294331.0
2015-12-21,53.99,54.55,53.5,54.46,1647836.0
2015-12-22,54.23,54.61,53.52,54.37,809810.0
2015-12-23,54.6,56.67,53.9,56.51,1305593.0
2015-12-24,56.16,57.02,56.11,56.78,720551.0
2015-12-28,56.44,57.99,56.1,57.66,2000262.0
2015-12-29,58.0,58.8,57.59,58.4,1597985.0
2015-12-30,58.25,59.75,57.83,58.79,1826971.0
2015-12-31,58.52,59.86,58.1,58.81,1399887.0
2016-01-04,57.65,58.0,56.28,57.67,1547588.0
2016-01-05,57.9,58.67,56.75,57.2,1279468.0
2016-01-06,56.13,56.41,54.16,55.19,1770059.0
2016-01-07,54.0,55.28,52.38,52.97,2190198.0
2016-01-08,52.97,54.31,51.88,52.0,1870740.0
2016-01-11,52.51,52.57,50.2,51.35,2112379.0
2016-01-12,51.94,53.18,51.17,52.3,1362847.0
2016-01-13,52.86,54.1,49.83,50.26,2458488.0
2016-01-14,49.84,51.09,48.01,50.76,2345134.0
2016-01-15,49.11,50.48,47.53,50.46,2925031.0
2016-01-19,50.7,51.64,47.54,48.45,3135733.0
2016-01-20,47.17,48.45,44.04,47.75,4176202.0
2016-01-21,48.27,49.94,46.8,48.5,2154058.0
2016-01-22,49.95,51.99,49.31,50.23,1371084.0
2016-01-25,50.34,50.81,48.45,48.65,1551242.0
2016-01-26,48.79,49.16,47.0,48.62,1307768.0
2016-01-27,48.18,48.58,46.54,47.07,1928801.0
2016-01-28,46.4,46.46,43.8,44.34,2549641.0
2016-01-29,44.78,46.38,44.7,46.29,2059616.0
2016-02-01,46.23,48.34,45.78,47.9,1658914.0
2016-02-02,47.36,47.36,45.44,45.81,1018280.0
2016-02-03,46.72,47.35,44.61,47.0,1477081.0
2016-02-04,46.87,48.21,45.93,47.09,1553597.0
2016-02-05,40.79,41.99,33.77,36.23,12159962.0
2016-02-08,35.14,35.21,31.57,31.92,6068211.0
2016-02-09,31.41,34.26,31.01,31.92,4508174.0
2016-02-10,32.26,33.92,31.36,31.64,4380273.0
2016-02-11,31.06,31.87,29.85,30.86,4240975.0
2016-02-12,31.16,32.15,30.62,31.32,2122923.0
2016-02-16,31.85,32.81,31.28,32.24,1936347.0
2016-02-17,32.6,34.58,32.6,34.52,2438437.0
2016-02-18,34.9,34.9,33.13,33.74,1961744.0
2016-02-19,33.69,34.92,33.61,34.84,3879366.0
2016-02-22,35.01,36.46,35.01,35.92,2104798.0
2016-02-23,36.0,36.28,35.02,35.24,2115197.0
2016-02-24,34.77,36.69,33.77,36.58,2414433.0
2016-02-25,37.6,39.33,36.66,38.53,4802792.0
2016-02-26,44.1,44.84,40.77,41.51,8530615.0
2016-02-29,41.48,44.63,41.39,43.6,4693568.0
2016-03-01,44.27,46.09,43.79,45.99,3834842.0
2016-03-02,46.02,46.2,44.1,44.97,2693344.0
2016-03-03,45.01,46.32,44.16,46.14,1525724.0
2016-03-04,46.86,47.86,46.14,46.25,2138700.0
2016-03-07,45.95,47.61,45.62,46.69,1693283.0
2016-03-08,46.22,46.8,45.24,45.34,1568570.0
2016-03-09,45.72,47.03,45.44,46.83,1476550.0
2016-03-10,47.2,47.3,45.09,46.1,1371224.0
2016-03-11,46.41,48.02,46.26,47.95,1200163.0
2016-03-14,47.33,47.61,46.87,47.14,1829644.0
2016-03-15,46.7,47.14,45.56,46.12,1773022.0
2016-03-16,45.88,47.87,45.73,47.83,1434872.0
2016-03-17,47.5,48.21,46.46,47.27,1566058.0
2016-03-18,47.59,49.21,47.45,47.76,2541994.0
2016-03-21,47.67,48.3,47.18,47.58,1266069.0
2016-03-22,47.44,49.37,47.14,48.3,1681680.0
2016-03-23,48.15,48.38,47.0,47.13,1358383.0
2016-03-24,46.81,47.77,45.8,47.77,1140362.0
2016-03-28,47.32,47.75,46.61,46.95,798022.0
2016-03-29,46.85,48.95,46.28,48.91,1564927.0
2016-03-30,48.9,49.69,48.46,48.6,961552.0
2016-03-31,48.24,49.55,48.21,48.93,1389080.0
2016-04-01,48.56,49.77,47.61,49.46,1344898.0
2016-04-04,49.27,50.03,49.01,49.33,1283420.0
2016-04-05,48.21,49.01,47.75,48.02,907508.0
2016-04-06,48.21,49.51,47.59,49.51,1213184.0
2016-04-07,48.88,49.26,48.23,48.39,1370176.0
2016-04-08,49.19,49.71,48.41,49.49,1869775.0
2016-04-11,49.35,49.94,48.68,48.73,1256914.0
2016-04-12,48.71,48.73,47.02,47.79,1266764.0
2016-04-13,48.25,49.78,48.1,49.59,948444.0
2016-04-14,49.37,49.89,48.84,49.42,550399.0
2016-04-15,49.37,50.0,48.98,49.87,716648.0
2016-04-18,49.8,50.61,49.35,49.66,1277779.0
2016-04-19,49.91,49.99,48.02,48.73,955824.0
2016-04-20,48.87,50.42,48.47,49.71,1495686.0
2016-04-21,50.91,52.89,50.81,51.57,1724921.0
2016-04-22,51.3,52.0,50.5,51.81,1268042.0
2016-04-25,51.77,52.6,51.62,51.81,1261954.0
2016-04-26,52.01,52.42,51.22,51.65,616787.0
2016-04-27,51.38,53.34,51.38,53.03,1289512.0
2016-04-28,52.79,53.98,52.25,52.41,1603834.0
2016-04-29,52.34,52.63,51.29,51.98,2444360.0
2016-05-02,52.34,52.88,51.56,52.71,1296995.0
2016-05-03,51.89,52.5,50.26,51.01,1599036.0
2016-05-04,50.67,50.87,48.22,48.87,2748473.0
2016-05-05,49.12,49.32,47.43,47.74,2152245.0
2016-05-06,46.79,47.91,45.07,46.81,2636041.0
2016-05-09,46.67,47.6,46.2,47.15,1106252.0
2016-05-10,47.22,48.5,46.82,48.45,861837.0
2016-05-11,48.15,49.06,48.0,48.18,706960.0
2016-05-12,48.63,48.63,46.37,47.04,2025453.0
2016-05-13,46.82,47.36,46.44,46.6,1732536.0
2016-05-16,46.85,48.4,46.58,47.92,1182577.0
2016-05-17,47.82,49.71,47.56,48.95,1746010.0
2016-05-18,48.6,50.54,48.49,50.21,2147445.0
2016-05-19,50.3,51.83,49.71,50.51,1747381.0
2016-05-20,50.65,52.96,49.36,52.85,2202418.0
2016-05-23,52.99,54.46,52.69,53.71,2741220.0
2016-05-24,53.98,55.04,53.7,54.34,1928022.0
2016-05-25,54.94,55.1,54.03,54.36,1747554.0
2016-05-26,54.62,55.21,53.75,54.93,3246935.0
2016-05-27,52.0,56.99,52.0,56.34,6025152.0
2016-05-31,56.0,57.82,55.81,57.45,3411410.0
2016-06-01,57.01,58.38,56.68,58.24,2457074.0
2016-06-02,58.04,59.12,57.64,58.47,2519796.0
2016-06-03,58.2,58.2,56.82,57.8,2181618.0
2016-06-06,58.04,59.3,57.38,59.13,1294797.0
2016-06-07,58.86,59.78,58.85,59.6,1773734.0
2016-06-08,59.68,60.0,59.27,59.55,1723490.0
2016-06-09,58.95,60.0,58.56,59.01,2344073.0
2016-06-10,58.07,58.27,55.95,56.15,2280483.0
2016-06-13,55.66,57.4,55.26,56.31,1533340.0
2016-06-14,55.58,56.88,55.5,56.64,1572679.0
2016-06-15,56.8,58.9,56.65,57.91,2256011.0
2016-06-16,56.98,58.13,56.48,58.01,1257883.0
2016-06-17,58.0,58.37,57.51,57.94,1414575.0
2016-06-20,58.51,59.94,58.41,58.88,1519809.0
2016-06-21,59.24,59.97,59.01,59.56,1528496.0
2016-06-22,59.14,59.58,58.12,58.2,1320947.0
2016-06-23,58.5,60.0,57.91,59.98,1502370.0
2016-06-24,56.29,57.19,54.46,54.82,2818015.0
2016-06-27,54.31,54.36,52.64,53.08,118809.0
2016-06-28,52.33,54.06,51.88,53.34,4236610.0
2016-06-29,54.3,55.79,53.88,55.31,1569389.0
2016-06-30,55.13,55.37,53.31,54.18,1700383.0
2016-07-01,54.19,55.15,53.9,54.56,1125770.0
2016-07-05,54.26,54.5,52.85,53.75,1305087.0
2016-07-06,53.14,54.23,52.97,54.0,1587903.0
2016-07-07,54.54,55.38,54.33,54.87,1245963.0
2016-07-08,55.23,57.02,54.97,56.63,1353615.0
2016-07-11,57.16,57.8,56.82,57.36,1201950.0
2016-07-12,56.95,59.16,56.69,59.0,1758353.0
2016-07-13,59.32,59.7,58.16,58.32,1224923.0
2016-07-14,59.0,59.2,58.32,58.44,1021054.0
2016-07-15,58.39,58.89,57.03,58.71,1124813.0
2016-07-18,58.79,59.64,58.0,58.04,1295191.0
2016-07-19,58.21,58.64,57.76,58.14,1036089.0
2016-07-20,57.47,60.08,57.17,59.49,1771652.0
2016-07-21,59.49,60.54,58.1,58.32,1088601.0
2016-07-22,58.43,59.49,57.88,59.4,1061342.0
2016-07-25,59.46,60.2,58.62,59.82,1103209.0
2016-07-26,59.52,60.4,59.22,59.69,1273141.0
2016-07-27,60.14,60.25,59.13,59.5,949117.0
2016-07-28,60.87,62.21,59.79,62.12,1828402.0
2016-07-29,61.72,62.63,60.31,62.54,1691905.0
2016-08-01,62.34,62.99,61.7,62.04,1331878.0
2016-08-02,62.02,62.18,59.3,60.0,1976619.0
2016-08-03,59.65,60.42,58.52,60.09,1760385.0
2016-08-04,60.21,60.67,59.43,59.85,1109246.0
2016-08-05,59.84,60.43,59.68,60.14,1170424.0
2016-08-08,61.24,62.41,61.0,61.34,1586346.0
2016-08-09,61.17,62.75,60.92,62.57,1174761.0
2016-08-10,62.54,63.48,61.68,62.17,960572.0
2016-08-11,62.27,63.9,62.27,63.45,1278079.0
2016-08-12,63.52,64.41,62.96,64.23,1314327.0
2016-08-15,64.38,65.75,64.12,64.91,1622323.0
2016-08-16,64.65,64.76,63.55,63.78,1262114.0
2016-08-17,64.0,64.15,62.57,63.12,1564047.0
2016-08-18,63.3,64.22,62.68,63.83,1126818.0
2016-08-19,64.06,65.0,63.52,64.79,1280476.0
2016-08-22,64.77,64.77,63.64,63.86,1163236.0
2016-08-23,64.44,65.33,64.3,64.85,1930926.0
2016-08-24,64.85,65.08,63.92,64.23,1158679.0
2016-08-25,64.34,65.42,63.98,65.1,2362698.0
2016-08-26,61.0,61.88,57.58,58.52,10823716.0
2016-08-29,58.88,60.57,58.69,59.75,3190717.0
2016-08-30,59.77,60.23,58.16,58.77,1898520.0
2016-08-31,58.61,58.96,57.81,58.24,1838194.0
2016-09-01,57.86,58.29,57.39,58.19,1680475.0
2016-09-02,58.5,59.47,58.1,59.39,1994288.0
2016-09-06,59.66,61.39,59.57,61.05,2143667.0
2016-09-07,61.04,61.73,60.84,61.08,1281389.0
2016-09-08,60.83,61.13,60.41,60.92,798871.0
2016-09-09,60.2,61.15,59.3,59.64,1216025.0
2016-09-12,58.96,60.33,58.01,60.18,1097930.0
2016-09-13,59.28,59.76,57.77,58.19,1865511.0
2016-09-14,58.1,59.19,57.92,58.77,996690.0
2016-09-15,58.77,59.49,58.32,59.36,900658.0
2016-09-16,59.09,59.39,58.49,59.06,1187012.0
2016-09-19,59.5,60.38,58.58,58.82,812342.0
2016-09-20,59.22,59.61,58.11,58.37,823648.0
2016-09-21,58.34,59.33,58.12,59.21,949792.0
2016-09-22,59.7,59.75,58.88,59.13,1318103.0
2016-09-23,59.25,59.44,57.84,58.15,1206550.0
2016-09-26,57.74,58.3,57.53,57.59,944885.0
2016-09-27,57.65,58.73,57.49,58.7,1463491.0
2016-09-28,58.85,59.08,57.71,59.02,1228639.0
2016-09-29,58.9,59.08,57.7,57.73,996010.0
2016-09-30,57.75,58.89,57.41,58.68,1470223.0
2016-10-03,59.11,61.37,59.09,61.18,2263392.0
2016-10-04,60.08,60.89,59.76,60.51,1632161.0
2016-10-05,60.62,61.52,60.62,60.89,1201515.0
2016-10-06,60.66,60.88,59.69,60.2,1066008.0
2016-10-07,60.12,60.44,59.33,59.95,1076124.0
2016-10-10,60.64,62.0,60.41,61.26,1165371.0
2016-10-11,60.93,61.33,59.56,59.63,1795151.0
2016-10-12,59.39,59.71,56.89,57.38,2333546.0
2016-10-13,56.96,56.96,54.45,56.34,2757301.0
2016-10-14,56.53,57.79,55.87,56.71,2706051.0
2016-10-17,56.51,56.95,55.97,56.89,1603931.0
2016-10-18,57.97,58.93,57.41,57.66,1363642.0
2016-10-19,57.83,58.78,57.83,58.08,1212467.0
2016-10-20,57.68,59.1,57.3,58.9,1255064.0
2016-10-21,58.93,59.18,58.35,58.92,1057075.0
2016-10-24,59.31,60.03,59.07,60.0,682663.0
2016-10-25,59.97,60.04,58.82,59.14,1029810.0
2016-10-26,58.78,59.61,58.64,58.85,895706.0
2016-10-27,59.77,60.99,59.46,59.71,1559465.0
2016-10-28,59.52,61.77,59.36,60.95,1509896.0
2016-10-31,61.09,61.26,60.17,60.19,1391800.0
2016-11-01,60.42,61.71,60.0,61.71,1876587.0
2016-11-02,60.98,61.01,58.5,58.82,1629722.0
2016-11-03,58.88,59.16,57.84,57.94,1002213.0
2016-11-04,58.36,58.87,57.54,57.64,930261.0
2016-11-07,58.92,60.86,58.47,60.77,1412382.0
2016-11-08,60.36,60.95,59.39,59.78,1168387.0
2016-11-09,58.67,60.49,58.29,59.99,1508118.0
2016-11-10,60.14,60.63,57.28,57.75,2944867.0
2016-11-11,57.22,58.48,56.42,57.95,3867763.0
2016-11-14,57.95,58.98,57.54,58.79,2489579.0
2016-11-15,59.27,59.93,58.83,59.78,1151144.0
2016-11-16,59.25,60.46,58.99,60.32,1168000.0
2016-11-17,60.06,62.5,59.93,62.25,1556043.0
2016-11-18,62.85,62.9,59.84,59.88,1715422.0
2016-11-21,60.12,60.24,59.19,59.54,1365663.0
2016-11-22,58.81,59.92,58.19,59.77,1998597.0
2016-11-23,59.47,59.5,57.18,57.65,1965339.0
2016-11-25,58.0,58.49,57.54,58.33,568032.0
2016-11-28,59.15,59.15,56.75,57.42,1866687.0
2016-11-29,57.35,58.17,56.87,57.38,3750552.0
2016-11-30,62.48,62.88,57.41,57.62,7603454.0
2016-12-01,58.0,58.39,53.01,53.33,4643540.0
2016-12-02,52.76,53.95,51.9,53.68,3256277.0
2016-12-05,54.03,57.06,54.03,56.07,2678021.0
2016-12-06,56.1,56.47,55.08,55.5,1426327.0
2016-12-07,55.63,56.63,54.77,56.27,1783462.0
2016-12-08,56.0,57.01,55.25,56.81,1359920.0
2016-12-09,56.96,57.95,56.44,56.82,1241726.0
2016-12-12,56.63,57.14,55.55,56.21,1953991.0
2016-12-13,56.64,57.75,56.5,57.01,1314751.0
2016-12-14,56.62,56.75,54.96,55.33,1753392.0
2016-12-15,55.27,56.34,54.3,55.34,1459579.0
2016-12-16,54.98,55.88,54.89,55.41,1666948.0
2016-12-19,55.0,55.47,54.58,54.77,1506262.0
2016-12-20,55.0,55.21,53.18,53.72,2308587.0
2016-12-21,53.48,53.87,52.81,53.44,1464390.0
2016-12-22,53.72,53.72,52.1,52.34,1462731.0
2016-12-23,52.41,52.73,52.2,52.57,768609.0
2016-12-27,52.34,53.62,52.31,53.32,811449.0
2016-12-28,53.43,53.46,51.88,52.06,885913.0
2016-12-29,52.0,52.36,51.27,51.81,907416.0
2016-12-30,51.61,51.8,50.64,51.15,1345279.0
2017-01-03,51.83,53.09,51.3,52.5,1602808.0
2017-01-04,52.95,55.8,52.72,54.84,2273174.0
2017-01-05,54.63,55.17,53.75,54.56,951502.0
2017-01-06,54.82,56.47,54.67,56.17,1197836.0
2017-01-09,56.22,56.4,55.04,55.69,1523668.0
2017-01-10,55.89,56.61,55.01,56.18,1160216.0
2017-01-11,56.37,58.06,56.14,57.68,2814525.0
2017-01-12,57.52,57.71,54.94,56.33,4191956.0
2017-01-13,56.7,57.64,55.36,56.42,3077277.0
2017-01-17,56.19,56.36,53.22,53.3,2821168.0
2017-01-18,53.64,54.37,53.17,54.3,1935813.0
2017-01-19,54.8,55.26,53.63,53.82,1649811.0
2017-01-20,53.93,54.51,53.53,53.78,1157837.0
2017-01-23,53.7,54.16,52.89,53.71,1476030.0
2017-01-24,54.15,54.72,53.56,54.45,1406084.0
2017-01-25,57.24,60.0,56.8,58.59,3755138.0
2017-01-26,58.9,59.1,57.35,57.73,1308540.0
2017-01-27,57.39,57.91,56.05,57.31,1102863.0
2017-01-30,56.77,57.43,55.66,57.4,916229.0
2017-01-31,56.92,57.89,55.82,57.86,1469867.0
2017-02-01,58.01,58.33,57.05,58.14,1363668.0
2017-02-02,57.6,58.44,57.0,58.17,2069809.0
2017-02-03,59.2,60.88,59.2,60.58,2122356.0
2017-02-06,60.39,60.54,59.73,60.19,1029874.0
2017-02-07,60.26,61.34,60.26,61.01,1911323.0
2017-02-08,60.8,61.36,60.2,61.27,1032329.0
2017-02-09,61.47,63.23,61.32,62.81,1706665.0
2017-02-10,63.1,63.45,62.4,62.65,1205522.0
2017-02-13,62.92,62.96,61.36,62.08,1243417.0
2017-02-14,62.21,62.21,61.61,61.93,1380309.0
2017-02-15,61.86,63.23,61.67,63.17,1656779.0
2017-02-16,63.24,63.77,62.1,62.86,1597384.0
2017-02-17,62.93,64.39,62.72,64.37,1257939.0
2017-02-21,64.5,65.34,64.27,64.95,1844399.0
2017-02-22,65.18,66.46,64.38,64.98,2584056.0
2017-02-23,64.99,65.36,64.01,64.9,3068699.0
2017-02-24,61.47,64.61,61.01,62.8,4657330.0
2017-02-27,61.46,63.15,61.37,62.62,1906471.0
2017-02-28,62.53,62.6,61.4,61.73,1443819.0
2017-03-01,62.47,63.91,61.85,63.7,2596355.0
2017-03-02,63.83,63.95,62.54,62.7,1893116.0
2017-03-03,62.36,63.0,61.85,62.67,918414.0
2017-03-06,61.99,62.48,61.34,61.78,924506.0
2017-03-07,61.78,62.16,60.57,60.7,2436161.0
2017-03-08,60.8,61.29,60.39,60.67,1167713.0
2017-03-09,60.82,61.0,59.35,60.19,812732.0
2017-03-10,60.69,60.97,60.04,60.74,1001288.0
2017-03-13,60.54,61.75,60.48,61.58,1420056.0
2017-03-14,60.83,61.33,60.2,60.99,1072516.0
2017-03-15,60.93,61.79,60.57,61.65,1134888.0
2017-03-16,62.0,62.34,61.58,62.25,1032289.0
2017-03-17,62.15,62.85,61.97,62.37,1316686.0
2017-03-20,62.49,62.74,61.89,62.08,605745.0
2017-03-21,62.41,62.58,60.0,60.08,1154187.0
2017-03-22,60.0,60.58,59.67,60.48,745456.0
2017-03-23,60.54,61.53,60.5,60.77,1149707.0
2017-03-24,60.98,61.62,60.48,60.9,870845.0
2017-03-27,60.21,61.29,59.78,60.94,814165.0
2017-03-28,61.0,61.68,60.63,61.26,819312.0
2017-03-29,61.2,62.94,61.08,62.74,1455454.0
2017-03-30,62.65,63.52,62.53,62.64,982125.0
2017-03-31,62.27,63.1,62.12,62.29,785245.0
2017-04-03,62.4,62.8,60.83,61.15,1123495.0
2017-04-04,61.14,62.04,60.91,61.08,665605.0
2017-04-05,61.21,62.48,60.95,61.08,969288.0
2017-04-06,61.18,61.36,60.38,60.93,1014232.0
2017-04-07,61.01,61.53,60.44,60.95,864675.0
2017-04-10,61.23,61.5,60.86,61.12,669007.0
2017-04-11,61.0,61.47,60.1,61.07,657351.0
2017-04-12,60.88,61.58,60.32,60.72,858568.0
2017-04-13,60.68,61.1,59.46,59.49,1795407.0
2017-04-17,59.66,60.21,59.24,60.14,1266068.0
2017-04-18,60.06,61.36,59.81,61.1,919577.0
2017-04-19,61.18,61.93,61.07,61.63,800022.0
2017-04-20,61.81,62.3,61.23,62.03,679457.0
2017-04-21,62.33,62.95,62.11,62.44,793774.0
2017-04-24,63.0,63.52,62.48,63.48,857767.0
2017-04-25,63.65,64.71,63.06,63.85,1072151.0
2017-04-26,63.86,63.97,63.3,63.72,842253.0
2017-04-27,64.4,65.16,64.11,64.6,920019.0
2017-04-28,64.6,64.6,63.3,64.31,963248.0
2017-05-01,64.49,65.38,64.19,65.21,1019662.0
2017-05-02,65.32,65.5,64.6,65.42,1335750.0
2017-05-03,65.24,65.26,64.37,64.93,901253.0
2017-05-04,65.1,66.28,64.81,65.97,884321.0
2017-05-05,66.2,67.08,65.89,66.94,917276.0
2017-05-08,66.68,67.39,66.05,66.35,742335.0
2017-05-09,66.66,66.79,66.0,66.77,786714.0
2017-05-10,66.79,67.77,66.76,67.6,1009347.0
2017-05-11,67.37,67.73,66.92,67.23,654998.0
2017-05-12,67.14,67.75,66.77,67.38,660008.0
2017-05-15,67.91,69.23,67.54,68.3,1598357.0
2017-05-16,68.74,69.1,68.33,68.83,1753679.0
2017-05-17,67.83,68.13,66.09,66.18,1114133.0
2017-05-18,65.93,65.93,64.42,65.31,1735826.0
2017-05-19,65.98,67.63,65.58,65.93,1504705.0
2017-05-22,66.39,66.58,65.64,66.49,1309006.0
2017-05-23,66.99,67.3,65.34,66.43,1333368.0
2017-05-24,66.91,67.09,65.69,66.17,1751872.0
2017-05-25,66.6,67.67,66.35,67.09,3517448.0
2017-05-26,63.45,63.9,61.6,62.41,10078593.0
2017-05-30,62.4,63.2,60.51,61.6,3772718.0
2017-05-31,61.84,61.84,60.69,61.24,1594347.0
2017-06-01,61.59,62.0,60.94,61.6,1630227.0
2017-06-02,61.46,62.76,61.36,62.51,1467227.0
2017-06-05,62.51,63.0,62.36,62.56,1433266.0
2017-06-06,62.38,63.56,62.16,62.87,1146110.0
2017-06-07,62.78,62.93,61.05,61.53,1535590.0
2017-06-08,61.52,61.69,60.98,61.42,1759957.0
2017-06-09,61.47,61.79,57.68,58.27,3025354.0
2017-06-12,57.43,57.81,55.21,57.81,4046529.0
2017-06-13,58.15,58.89,57.68,58.09,2135486.0
2017-06-14,58.21,58.51,56.64,57.6,1628370.0
2017-06-15,54.31,58.08,54.17,57.74,2968821.0
2017-06-16,57.68,58.66,57.19,57.5,2095735.0
2017-06-19,57.94,58.25,57.27,57.78,1222341.0
2017-06-20,57.6,57.8,56.84,56.92,1371189.0
2017-06-21,57.24,58.02,56.71,57.13,1623360.0
2017-06-22,58.26,59.08,58.07,58.83,1642851.0
2017-06-23,58.78,59.09,58.28,58.43,1845743.0
2017-06-26,58.44,59.29,57.67,57.82,1202537.0
2017-06-27,57.54,57.54,55.92,56.09,1805222.0
2017-06-28,56.53,57.5,56.18,57.06,2481470.0
2017-06-29,57.01,57.9,56.35,57.78,3341856.0
2017-06-30,57.7,57.82,56.86,56.89,1333667.0
2017-07-03,57.34,57.53,56.13,56.4,777153.0
2017-07-05,56.26,56.98,55.97,56.48,906269.0
2017-07-06,56.16,56.84,55.97,56.27,1054899.0
2017-07-07,56.46,57.37,56.31,57.25,863584.0
2017-07-10,57.43,58.14,57.08,57.62,1214170.0
2017-07-11,57.66,59.05,57.48,58.5,973124.0
2017-07-12,59.2,61.65,58.77,60.74,1928874.0
2017-07-13,60.97,61.21,60.23,60.38,1281261.0
2017-07-14,60.2,60.56,59.56,59.84,698247.0
2017-07-17,59.94,60.47,59.69,60.07,2050737.0
2017-07-18,59.98,60.95,59.9,60.83,807419.0
2017-07-19,61.16,62.3,61.16,61.95,1819080.0
2017-07-20,62.02,62.13,61.12,61.56,1020346.0
2017-07-21,61.22,61.38,60.72,61.06,461652.0
2017-07-24,61.16,61.37,60.82,61.3,605668.0
2017-07-25,61.23,61.84,60.55,61.48,462194.0
2017-07-26,61.78,62.11,61.31,62.06,524289.0
2017-07-27,62.2,62.2,59.05,60.33,1211473.0
2017-07-28,60.33,60.43,59.89,60.06,1145861.0
2017-07-31,60.22,60.5,59.45,60.01,1209130.0
2017-08-01,60.38,60.55,59.8,60.19,656178.0
2017-08-02,60.54,60.57,58.39,58.57,725775.0
2017-08-03,58.94,59.8,58.76,59.4,754155.0
2017-08-04,59.49,60.02,59.1,59.75,373356.0
2017-08-07,59.9,59.9,58.91,58.99,651238.0
2017-08-08,58.86,59.47,58.47,58.9,607126.0
2017-08-09,58.55,59.13,58.46,58.82,741047.0
2017-08-10,58.68,58.68,56.8,56.83,1218975.0
2017-08-11,56.81,58.36,56.81,58.2,1057275.0
2017-08-14,58.78,59.38,58.56,58.6,1158018.0
2017-08-15,58.65,58.93,57.42,58.26,815009.0
2017-08-16,58.37,61.05,58.31,60.76,1723308.0
2017-08-17,60.62,60.92,59.1,59.16,1450055.0
2017-08-18,59.04,59.83,58.6,59.33,766427.0
2017-08-21,59.2,60.05,59.08,59.9,810795.0
2017-08-22,60.17,61.15,60.17,60.34,1618085.0
2017-08-23,60.34,60.76,59.85,60.33,1356606.0
2017-08-24,60.68,61.36,60.1,60.28,2653031.0
2017-08-25,66.56,67.54,64.9,65.39,8358068.0
2017-08-28,65.0,65.5,63.64,64.48,2470891.0
2017-08-29,63.35,65.15,63.2,64.38,1713392.0
2017-08-30,64.16,65.71,64.09,65.6,1079891.0
2017-08-31,65.99,67.16,65.68,67.09,1683965.0
2017-09-01,67.0,67.65,66.78,67.4,1429293.0
2017-09-05,68.34,68.44,66.61,67.33,1947398.0
2017-09-06,67.45,68.08,66.95,67.99,1598282.0
2017-09-07,68.14,68.85,67.99,68.42,1412986.0
2017-09-08,68.48,68.76,67.12,67.18,1104504.0
2017-09-11,67.65,68.49,67.4,68.21,1499360.0
2017-09-12,68.2,68.2,67.45,67.98,1145797.0
2017-09-13,67.47,67.94,67.0,67.38,1647186.0
2017-09-14,67.0,67.98,66.5,67.95,1380632.0
2017-09-15,67.53,67.72,66.96,67.22,1281909.0
2017-09-18,67.47,68.5,67.47,68.49,1448436.0
2017-09-19,68.59,68.61,68.01,68.25,702625.0
2017-09-20,68.0,69.2,66.85,68.94,3485393.0
2017-09-21,68.69,68.82,67.25,68.49,1627766.0
2017-09-22,68.49,69.61,68.07,69.53,1607786.0
2017-09-25,69.46,69.61,66.88,67.9,1880450.0
2017-09-26,68.24,68.4,66.82,66.99,1321620.0
2017-09-27,67.17,68.0,66.98,67.23,1160092.0
2017-09-28,67.37,67.58,66.72,67.07,1160155.0
2017-09-29,67.0,67.32,66.25,66.43,2100772.0
2017-10-02,64.78,67.36,64.5,66.4,2041755.0
2017-10-03,66.18,66.72,65.38,65.52,2133111.0
2017-10-04,65.26,66.27,64.64,65.95,2426075.0
2017-10-05,66.37,66.53,65.88,66.43,1019360.0
2017-10-06,66.05,66.9,66.04,66.85,816094.0
2017-10-09,67.14,67.14,65.43,65.53,1105767.0
2017-10-10,65.83,66.31,63.14,63.81,3396064.0
2017-10-11,64.02,64.5,63.28,63.48,1559211.0
2017-10-12,63.47,63.75,62.81,63.49,1855197.0
2017-10-13,63.59,63.86,63.13,63.55,1808713.0
2017-10-16,63.8,64.3,63.47,64.27,1857103.0
2017-10-17,64.31,64.97,63.97,63.97,2619035.0
2017-10-18,64.03,64.35,63.26,63.28,1326612.0
2017-10-19,62.58,63.61,62.39,63.58,1677602.0
2017-10-20,63.9,64.58,63.71,64.09,830496.0
2017-10-23,64.85,65.2,64.01,64.23,1002529.0
2017-10-24,64.33,65.7,63.85,65.41,1455926.0
2017-10-25,66.19,66.31,64.76,65.14,1247027.0
2017-10-26,65.24,66.72,65.1,66.67,1362549.0
2017-10-27,67.2,67.47,66.5,66.65,1579135.0
2017-10-30,66.74,66.83,65.61,66.34,1097828.0
2017-10-31,66.68,67.83,66.51,67.3,1496638.0
2017-11-01,67.56,67.78,66.52,66.99,2168663.0
2017-11-02,66.6,66.96,66.17,66.55,998141.0
2017-11-03,65.88,67.67,65.73,67.63,999693.0
2017-11-06,67.63,69.11,67.63,68.41,1065638.0
2017-11-07,68.69,69.24,67.74,68.0,856914.0
2017-11-08,68.1,71.31,67.91,71.16,2555800.0
2017-11-09,70.33,71.46,69.36,70.78,1460431.0
2017-11-10,70.36,70.96,69.71,69.74,1847759.0
2017-11-13,69.75,70.25,67.68,67.74,2061455.0
2017-11-14,67.51,68.8,67.39,68.35,1847566.0
2017-11-15,68.0,68.45,67.01,67.73,1198684.0
2017-11-16,68.3,69.89,68.3,69.3,3691871.0
2017-11-17,79.04,81.99,78.22,81.7,13219805.0
2017-11-20,81.04,81.7,80.39,81.35,3605688.0
2017-11-21,81.32,84.88,81.26,83.78,3394720.0
2017-11-22,83.78,84.59,83.16,83.53,1422762.0
2017-11-24,83.76,84.47,83.57,84.1,584828.0
2017-11-27,84.0,84.52,81.82,82.09,2068409.0
2017-11-28,82.57,82.84,81.11,81.42,2470977.0
2017-11-29,81.57,82.37,78.42,79.49,2699146.0
2017-11-30,79.33,80.58,78.52,80.09,1734239.0
2017-12-01,80.29,81.14,78.17,79.7,1569542.0
2017-12-04,80.56,81.02,76.89,77.68,2694645.0
2017-12-05,77.3,78.62,77.06,78.01,1634990.0
2017-12-06,77.6,80.54,77.44,80.45,1821526.0
2017-12-07,81.01,81.71,80.25,80.55,1416628.0
2017-12-08,80.94,81.56,79.71,80.42,2079153.0
2017-12-11,80.35,81.9,80.11,81.39,2122303.0
2017-12-12,81.32,81.53,79.21,80.17,1969878.0
2017-12-13,79.78,80.91,79.68,80.44,1298916.0
2017-12-14,80.5,83.05,80.07,81.19,2721453.0
2017-12-15,81.18,83.88,80.61,82.46,2422945.0
2017-12-18,82.63,84.44,82.58,83.54,1717924.0
2017-12-19,83.5,84.5,82.68,84.21,1131374.0
2017-12-20,84.27,84.44,81.76,83.62,1080225.0
2017-12-21,83.92,84.3,83.29,83.91,1082218.0
2017-12-22,84.0,84.0,82.18,82.75,792566.0
2017-12-26,82.35,82.48,81.65,82.27,628002.0
2017-12-27,82.3,82.93,81.9,82.59,776818.0
2017-12-28,82.66,82.84,81.91,82.29,662390.0
2017-12-29,82.26,83.26,82.24,82.84,793468.0
2018-01-02,83.34,87.43,82.96,86.63,2391319.0
2018-01-03,87.23,88.55,86.14,88.16,2084903.0
2018-01-04,88.58,88.7,86.5,87.95,1713672.0
2018-01-05,88.69,88.69,87.64,87.88,1408477.0
2018-01-08,88.58,90.69,88.19,89.98,1793361.0
2018-01-09,90.14,90.46,88.11,89.47,1097594.0
2018-01-10,89.0,89.22,88.11,88.97,957106.0
2018-01-11,89.22,90.15,88.55,89.45,1023391.0
2018-01-12,89.9,89.9,88.64,89.64,1407471.0
2018-01-16,90.42,90.92,86.33,87.13,1420884.0
2018-01-17,87.35,90.9,87.35,90.57,1677257.0
2018-01-18,90.97,92.1,90.33,91.43,1148738.0
2018-01-19,91.63,91.9,89.77,89.94,1212400.0
2018-01-22,90.14,91.53,89.68,91.41,749879.0
2018-01-23,91.18,92.99,91.18,92.42,838556.0
2018-01-24,92.7,93.68,91.69,92.16,1648134.0
2018-01-25,93.0,93.23,91.44,91.85,878966.0
2018-01-26,92.79,93.1,91.87,92.47,1222042.0
2018-01-29,92.95,93.18,91.12,91.51,852646.0
2018-01-30,90.4,91.55,89.37,90.79,1324986.0
2018-01-31,91.96,93.06,91.47,92.37,1200390.0
2018-02-01,92.31,92.81,91.01,92.35,1801734.0
2018-02-02,92.25,92.54,90.77,91.23,1224905.0
2018-02-05,90.11,93.09,87.26,89.59,2054034.0
2018-02-06,87.09,91.18,86.32,88.92,2451692.0
2018-02-07,88.64,90.89,88.01,89.11,1541296.0
2018-02-08,89.6,90.21,85.39,85.94,2140358.0
2018-02-09,86.5,88.67,82.63,86.83,2186743.0
2018-02-12,87.62,89.6,87.2,88.68,1149993.0
2018-02-13,88.24,89.82,88.09,88.78,1075683.0
2018-02-14,88.69,92.95,88.36,92.35,2349317.0
2018-02-15,93.03,97.27,92.78,96.35,2710739.0
2018-02-16,95.89,96.0,92.57,92.64,2279242.0
2018-02-20,92.27,94.9,92.03,93.68,1525092.0
2018-02-21,93.84,95.09,92.81,92.85,1790809.0
2018-02-22,92.86,94.64,92.74,93.21,659096.0
2018-02-23,94.08,95.16,93.5,95.12,620486.0
2018-02-26,96.01,96.36,93.43,94.69,1476855.0
2018-02-27,94.46,94.95,93.58,93.74,1943400.0
2018-02-28,93.86,95.51,93.13,93.2,1646802.0
2018-03-01,94.02,94.76,92.02,93.64,2685916.0
2018-03-02,98.01,102.61,95.5,102.32,6727937.0
2018-03-05,101.22,102.8,99.82,101.37,3849391.0
2018-03-06,101.69,104.69,101.68,103.89,2764320.0
2018-03-07,102.0,106.39,102.0,105.65,3448339.0
2018-03-08,107.68,107.89,105.56,106.46,2011249.0
2018-03-09,108.11,108.89,106.81,107.21,2487517.0
2018-03-12,107.6,108.48,105.46,107.9,2240144.0
2018-03-13,109.24,109.76,105.0,106.43,3205754.0
2018-03-14,105.47,109.88,105.4,108.67,2115510.0
2018-03-15,108.67,109.42,106.28,108.04,2468327.0
2018-03-16,107.61,108.38,106.58,106.82,1585620.0
2018-03-19,106.5,108.12,104.79,106.83,1419963.0
2018-03-20,107.04,110.07,107.04,110.01,2398270.0
2018-03-21,109.55,112.66,108.23,108.88,2282212.0
2018-03-22,107.51,108.77,105.64,105.88,1570085.0
2018-03-23,106.07,106.54,102.31,102.45,1905478.0
2018-03-26,105.06,105.96,102.9,104.88,2728953.0
2018-03-27,106.17,106.19,98.63,99.79,2654385.0
2018-03-28,99.11,99.76,94.74,95.94,3639357.0
2018-03-29,96.88,99.38,95.17,98.39,2486860.0
2018-04-02,97.32,99.16,96.34,97.37,1623254.0
2018-04-03,98.41,99.29,96.85,97.86,1246470.0
2018-04-04,95.39,99.67,94.39,99.22,1402702.0
2018-04-05,100.0,101.15,98.57,99.45,1459997.0
2018-04-06,98.46,99.81,96.86,97.46,1125148.0
2018-04-09,98.19,100.12,97.48,98.01,1026228.0
2018-04-10,99.73,102.3,97.58,101.79,2198314.0
2018-04-11,101.72,103.73,101.06,102.13,1500600.0
2018-04-12,102.4,106.57,102.4,106.39,2486317.0
2018-04-13,107.02,107.33,102.83,104.15,1691260.0
2018-04-16,105.0,105.44,102.72,103.86,1804077.0
2018-04-17,105.23,108.01,104.69,107.58,1732501.0
2018-04-18,107.15,107.78,105.12,106.8,1118385.0
2018-04-19,106.15,107.64,105.35,105.91,1140130.0
2018-04-20,105.77,106.11,103.93,104.49,1037800.0
2018-04-23,105.03,106.58,104.3,105.03,1207896.0
2018-04-24,105.75,106.16,99.33,100.36,1691127.0
2018-04-25,100.92,101.22,96.28,97.64,2481427.0
2018-04-26,98.28,101.49,97.97,100.92,1386903.0
2018-04-27,104.16,104.22,100.55,102.15,1534983.0
2018-04-30,102.13,103.99,101.81,102.65,972515.0
2018-05-01,102.1,103.25,101.2,103.19,847954.0
2018-05-02,103.31,104.48,102.72,103.0,743959.0
2018-05-03,102.27,106.68,101.71,105.83,1119439.0
2018-05-04,106.27,108.8,105.06,107.25,1596273.0
2018-05-07,107.99,110.75,107.36,109.94,1106751.0
2018-05-08,109.32,113.99,109.0,113.14,1654538.0
2018-05-09,113.2,116.43,112.89,114.84,2222937.0
2018-05-10,115.05,117.86,115.01,116.84,1364502.0
2018-05-11,116.84,117.86,115.71,116.05,1026229.0
2018-05-14,115.77,117.18,111.13,112.1,2319957.0
2018-05-15,111.69,113.54,109.55,113.08,1124953.0
2018-05-16,113.29,116.15,113.29,115.15,1270980.0
2018-05-17,115.15,116.88,113.61,114.86,1161891.0
2018-05-18,114.86,116.78,114.39,116.7,892113.0
2018-05-21,117.37,119.0,113.62,114.9,1553008.0
2018-05-22,115.17,115.49,113.37,114.36,1281158.0
2018-05-23,114.0,116.84,113.5,116.64,1216443.0
2018-05-24,117.08,117.37,114.73,116.31,2508896.0
2018-05-25,115.7,117.71,110.14,110.26,5638547.0
2018-05-29,110.2,110.41,107.08,108.42,3042823.0
2018-05-30,109.62,111.92,109.24,111.5,2257393.0
2018-05-31,111.51,112.71,110.22,110.81,2230829.0
2018-06-01,111.31,113.97,111.06,113.95,1462363.0
2018-06-04,114.59,115.85,113.09,115.8,1684414.0
2018-06-05,116.5,118.65,115.61,116.53,1201720.0
2018-06-06,116.5,117.92,115.65,117.81,1226602.0
2018-06-07,118.0,119.15,112.3,114.65,2405330.0
2018-06-08,114.35,117.2,114.01,116.75,1211409.0
2018-06-11,116.67,118.24,115.55,117.07,1083788.0
2018-06-12,117.17,119.83,116.33,118.4,2349915.0
2018-06-13,117.62,119.3,116.86,117.67,1305184.0
2018-06-14,118.0,121.64,118.0,119.5,2204563.0
2018-06-15,113.89,117.16,112.7,115.86,3164703.0
2018-06-18,114.74,117.93,114.56,117.23,1669369.0
2018-06-19,115.84,117.16,113.73,116.74,1780085.0
2018-06-20,117.0,118.37,115.72,115.87,1169519.0
2018-06-21,116.4,116.94,112.88,113.17,1109576.0
2018-06-22,111.94,112.15,104.35,105.23,5239902.0
2018-06-25,104.34,105.0,97.16,101.23,4710056.0
2018-06-26,102.82,103.4,100.89,101.75,1885124.0
2018-06-27,102.55,104.22,96.08,96.44,3144847.0
2018-06-28,95.6,98.62,95.1,98.19,2788413.0
2018-06-29,98.63,99.87,98.33,99.11,2085354.0
2018-07-02,98.03,101.09,97.02,100.71,1374379.0
2018-07-03,101.33,103.09,98.86,99.15,910601.0
2018-07-05,99.65,100.0,97.54,98.98,1686694.0
2018-07-06,99.44,101.81,98.91,101.38,1059556.0
2018-07-09,101.69,102.78,99.52,102.15,982389.0
2018-07-10,100.29,101.91,99.62,100.2,3147623.0
2018-07-11,99.67,102.36,99.45,102.08,1752949.0
2018-07-12,103.0,106.77,102.74,105.94,2493115.0
2018-07-13,106.58,107.38,104.56,105.85,2309596.0
2018-07-16,106.1,107.46,105.6,106.2,1048855.0
2018-07-17,105.52,107.9,104.84,107.25,1197577.0
2018-07-18,107.06,108.33,106.31,107.48,1449760.0
2018-07-19,107.27,107.8,106.19,106.25,1103499.0
2018-07-20,106.85,107.37,105.24,105.51,825688.0
2018-07-23,105.4,106.09,104.01,105.1,1753440.0
2018-07-24,106.0,107.06,101.15,102.43,1702798.0
2018-07-25,102.82,104.73,102.0,104.04,1781063.0
2018-07-26,103.1,104.93,101.9,104.04,1535700.0
2018-07-27,104.61,105.39,99.79,101.1,1425644.0
2018-07-30,100.62,100.81,93.68,95.38,3088523.0
2018-07-31,95.9,98.38,95.3,96.1,1872284.0
2018-08-01,96.1,100.2,96.1,99.11,1793785.0
2018-08-02,98.3,103.17,97.08,102.93,1917907.0
2018-08-03,102.62,102.88,100.13,100.47,1101724.0
2018-08-06,101.03,103.0,100.42,102.88,877661.0
2018-08-07,103.73,105.32,102.53,103.4,1080781.0
2018-08-08,103.61,104.64,102.55,103.26,595905.0
2018-08-09,104.13,106.61,103.57,105.36,1371010.0
2018-08-10,104.99,106.33,104.16,105.79,759148.0
2018-08-13,106.0,107.75,105.57,105.71,1400388.0
2018-08-14,106.66,106.99,104.32,105.79,860314.0
2018-08-15,105.2,106.27,101.97,102.95,1384716.0
2018-08-16,104.73,105.09,102.88,104.07,964177.0
2018-08-17,104.1,104.49,102.18,103.41,1077376.0
2018-08-20,103.87,104.23,102.77,104.16,1784583.0
2018-08-21,104.67,106.65,104.05,105.07,1020693.0
2018-08-22,104.64,107.3,104.64,106.86,1218664.0
2018-08-23,107.64,108.65,106.56,107.73,2534379.0
2018-08-24,114.9,126.43,114.35,123.69,11127110.0
2018-08-27,123.22,123.22,118.33,121.18,4077773.0
2018-08-28,120.36,127.6,120.1,127.43,3876963.0
2018-08-29,125.22,130.0,124.25,127.7,2998402.0
2018-08-30,127.7,128.38,125.13,125.76,1449368.0
2018-08-31,125.56,129.18,125.5,128.15,2025698.0
2018-09-04,128.0,130.0,127.52,128.64,2025300.0
2018-09-05,128.35,128.59,120.47,121.93,2324831.0
2018-09-06,121.93,124.3,120.52,123.43,1646988.0
2018-09-07,123.3,127.0,121.36,125.36,1579825.0
2018-09-10,126.0,126.38,123.63,125.32,1210022.0
2018-09-11,125.0,127.41,124.36,125.55,1868636.0
2018-09-12,123.67,126.18,122.49,125.94,1597935.0
2018-09-13,126.57,129.23,124.54,125.25,1410708.0
2018-09-14,125.96,126.94,124.7,125.37,985881.0
2018-09-17,124.87,125.69,119.08,119.49,1414984.0
2018-09-18,117.52,120.78,116.21,116.31,2849952.0
2018-09-19,116.87,117.17,113.73,115.43,3688483.0
2018-09-20,116.2,116.91,114.66,115.66,2472898.0
2018-09-21,115.29,117.53,115.01,116.4,2787027.0
2018-09-24,115.0,117.87,113.74,116.11,2010540.0
2018-09-25,116.64,117.68,115.98,117.47,2724726.0
2018-09-26,118.64,118.95,116.81,117.45,1219393.0
2018-09-27,118.63,119.43,118.16,118.5,1978858.0
2018-09-28,118.26,121.7,118.19,120.91,2870960.0
2018-10-01,121.99,123.0,116.71,117.56,2410338.0
2018-10-02,117.89,118.85,112.15,112.67,2684943.0
2018-10-03,113.96,116.23,113.04,115.06,2283113.0
2018-10-04,115.06,115.36,110.61,111.88,1650130.0
2018-10-05,111.63,113.8,108.51,110.59,1687453.0
2018-10-08,109.47,109.91,101.83,105.0,4200970.0
2018-10-09,104.98,108.24,103.01,104.18,2164435.0
2018-10-10,103.51,103.87,98.36,98.45,3449440.0
2018-10-11,98.75,103.0,98.12,99.09,3435602.0
2018-10-12,102.25,105.67,101.0,103.54,3047227.0
2018-10-15,102.55,102.83,100.03,100.96,2462745.0
2018-10-16,102.93,106.0,102.54,105.91,1652182.0
2018-10-17,106.0,106.73,103.3,105.85,1578037.0
2018-10-18,105.51,106.17,100.25,101.27,1986659.0
2018-10-19,101.97,102.4,94.57,94.8,3147319.0
2018-10-22,97.34,97.34,93.22,97.0,3737120.0
2018-10-23,94.33,97.68,93.61,97.09,3097453.0
2018-10-24,97.23,97.62,90.72,90.74,2781494.0
2018-10-25,91.52,94.34,91.03,93.64,3205961.0
2018-10-26,91.0,92.13,87.39,89.91,3576589.0
2018-10-29,94.2,97.32,90.51,93.1,5727610.0
2018-10-30,92.73,96.33,91.01,95.46,4439691.0
2018-10-31,97.78,101.33,97.25,99.84,4303531.0
2018-11-01,101.03,103.35,98.93,103.02,3078477.0
2018-11-02,103.41,105.43,101.21,105.43,2972523.0
2018-11-05,105.29,105.33,98.92,101.14,3277088.0
2018-11-06,95.57,98.48,93.55,94.94,5794334.0
2018-11-07,96.8,103.77,96.53,101.74,2958161.0
2018-11-08,101.97,103.89,100.55,101.73,1471265.0
2018-11-09,100.46,101.72,95.75,98.54,1863938.0
2018-11-12,99.36,99.71,95.0,96.36,2382094.0
2018-11-13,96.78,98.83,94.52,97.47,1572936.0
2018-11-14,99.59,101.08,97.33,97.76,2385125.0
2018-11-15,97.56,102.6,97.56,101.64,1266229.0
2018-11-16,100.68,101.19,98.62,100.52,1343651.0
2018-11-19,100.32,100.83,88.79,89.27,3259115.0
2018-11-20,87.38,90.3,83.69,87.87,3344242.0
2018-11-21,90.44,93.37,89.55,92.66,2312574.0
2018-11-23,90.82,93.4,90.5,92.57,686314.0
2018-11-26,95.45,95.85,93.72,95.62,2165881.0
2018-11-27,94.25,95.47,92.29,92.46,2202113.0
2018-11-28,95.15,99.46,93.84,99.14,2396732.0
2018-11-29,99.25,102.44,97.73,101.63,4338885.0
2018-11-30,108.99,112.7,103.83,111.73,8380116.0
2018-12-03,114.0,114.25,107.79,110.07,3959359.0
2018-12-04,107.68,110.5,106.63,108.02,2737597.0
2018-12-06,105.25,111.25,103.59,111.1,2976476.0
2018-12-07,110.88,112.32,103.65,105.66,2521987.0
2018-12-10,104.24,109.5,104.24,108.4,1987669.0
2018-12-11,110.11,110.62,105.04,106.29,2067742.0
2018-12-12,106.94,111.75,106.82,109.4,2705003.0
2018-12-13,109.39,110.75,106.1,107.76,1447282.0
2018-12-14,105.35,107.68,104.2,105.26,1675802.0
2018-12-17,104.22,104.4,99.38,100.57,2425814.0
2018-12-18,101.25,103.28,100.75,102.25,1929100.0
2018-12-19,102.59,105.64,99.44,100.32,2432388.0
2018-12-20,99.27,100.81,92.35,96.55,3452271.0
2018-12-21,96.73,97.0,91.2,91.85,2938221.0
2018-12-24,90.1,94.88,90.08,92.72,1555160.0
2018-12-26,93.54,99.92,93.51,99.77,1576747.0
2018-12-27,97.81,102.84,97.4,102.74,2565805.0
2018-12-28,103.26,104.46,99.87,102.79,1982277.0
2018-12-31,103.48,105.05,102.3,104.85,1477120.0
2019-01-02,102.0,104.71,101.71,103.32,1566753.0
2019-01-03,101.55,103.31,99.49,100.81,2057507.0
2019-01-04,102.68,109.52,101.56,108.04,3126992.0
2019-01-07,109.08,113.46,108.19,112.9,2072266.0
2019-01-08,114.48,115.91,111.25,115.09,2401926.0
2019-01-09,115.01,116.59,113.87,115.91,1876372.0
2019-01-10,115.04,116.95,113.58,116.7,1443529.0
2019-01-11,116.0,117.86,115.0,117.17,1655928.0
2019-01-14,115.75,115.9,113.44,114.32,1300236.0
2019-01-15,114.37,118.91,114.29,117.88,1561173.0
2019-01-16,118.19,118.91,115.06,116.79,1355464.0
2019-01-17,116.34,118.86,116.0,118.55,960862.0
2019-01-18,119.41,121.36,119.1,120.72,1979266.0
2019-01-22,120.0,120.36,118.29,118.98,1561822.0
2019-01-23,120.0,121.65,117.13,119.44,1429383.0
2019-01-24,120.99,120.99,117.89,119.95,890208.0
2019-01-25,120.67,122.92,119.56,122.06,1142855.0
2019-01-28,120.38,120.7,118.08,119.55,1062587.0
2019-01-29,119.32,120.5,118.18,118.21,1125556.0
2019-01-30,119.8,123.75,119.04,122.78,1484881.0
2019-01-31,123.41,127.09,123.0,124.84,1783281.0
2019-02-01,124.76,127.54,123.59,127.3,1385757.0
2019-02-04,127.46,130.8,126.53,128.83,1544564.0
2019-02-05,129.07,131.43,128.59,129.56,1325238.0
2019-02-06,129.16,130.38,126.1,128.21,1131714.0
2019-02-07,126.77,128.3,124.67,128.21,1408500.0
2019-02-08,126.48,131.37,126.48,130.89,1293778.0
2019-02-11,132.64,134.38,129.63,130.92,1415212.0
2019-02-12,131.97,134.87,131.62,134.27,1793288.0
2019-02-13,135.0,135.0,132.5,133.81,877314.0
2019-02-14,133.01,136.15,132.16,134.53,1268272.0
2019-02-15,134.94,136.34,133.81,136.25,1120616.0
2019-02-19,136.12,136.89,135.45,136.16,878857.0
2019-02-20,136.15,136.45,132.19,133.12,1597765.0
2019-02-21,132.28,133.12,131.52,132.42,1698992.0
2019-02-22,132.49,134.65,132.42,134.56,941735.0
2019-02-25,136.89,136.9,134.51,135.4,1429367.0
2019-02-26,135.62,137.07,133.61,135.97,1213935.0
2019-02-27,136.87,139.04,135.79,138.45,1605002.0
2019-02-28,138.95,138.95,135.87,135.88,3425351.0
2019-03-01,143.0,143.7,132.46,134.65,7171840.0
2019-03-04,134.44,134.97,124.35,127.91,4969274.0
2019-03-05,127.22,128.0,123.87,125.31,2539420.0
2019-03-06,125.0,126.69,121.81,122.71,2128184.0
2019-03-07,122.5,125.47,122.09,123.33,2493299.0
2019-03-08,121.21,123.72,119.51,122.43,1871645.0
2019-03-11,123.0,125.84,122.99,125.81,2155330.0
2019-03-12,126.75,126.78,124.63,124.79,1786413.0
2019-03-13,124.49,126.34,124.07,124.25,1462182.0
2019-03-14,125.4,128.38,124.43,126.42,2031056.0
2019-03-15,126.5,127.98,126.12,127.32,1937974.0
2019-03-18,127.33,129.9,127.33,128.58,1799990.0
2019-03-19,129.69,130.38,128.58,129.55,1681836.0
2019-03-20,129.5,131.0,127.66,129.99,1186169.0
2019-03-21,129.5,132.5,129.5,132.47,1291840.0
2019-03-22,132.22,132.28,124.55,125.68,2298549.0
2019-03-25,125.0,125.39,122.02,123.54,2112848.0
2019-03-26,125.91,126.0,123.5,124.28,1233191.0
2019-03-27,124.2,124.61,118.83,120.49,1614261.0
2019-03-28,120.5,122.33,119.5,121.83,1210130.0
2019-03-29,123.2,125.57,122.33,124.6,2405334.0
2019-04-01,126.3,128.88,124.53,126.84,1459225.0
2019-04-02,126.84,127.82,125.48,127.73,1471715.0
2019-04-03,128.61,129.91,127.25,128.87,1081795.0
2019-04-04,129.0,130.16,122.95,125.95,1687018.0
2019-04-05,126.08,129.08,126.07,128.7,1548729.0
2019-04-08,128.74,129.7,125.9,129.63,972756.0
2019-04-09,128.69,130.02,128.17,129.69,1169206.0
2019-04-10,130.32,134.32,130.21,133.92,1467292.0
2019-04-11,133.62,135.77,133.22,135.38,1357666.0
2019-04-12,135.9,135.9,133.94,134.94,1008291.0
2019-04-15,135.02,136.49,132.74,134.68,961116.0
2019-04-16,135.78,137.25,132.35,133.52,1253896.0
2019-04-17,134.59,134.79,128.2,128.91,1560529.0
2019-04-18,128.8,129.58,125.25,128.08,1264847.0
2019-04-22,127.89,130.37,127.3,130.0,1295041.0
2019-04-23,130.5,133.76,129.64,133.61,1714434.0
2019-04-24,134.33,135.74,133.19,133.29,977765.0
2019-04-25,135.02,136.76,132.69,135.76,1422442.0
2019-04-26,136.1,138.2,135.28,137.7,1008908.0
2019-04-29,138.11,140.75,138.0,138.88,1142772.0
2019-04-30,138.24,139.96,136.93,138.04,726086.0
2019-05-01,138.52,139.0,134.66,134.81,1332413.0
2019-05-02,134.5,136.96,132.73,134.47,1166844.0
2019-05-03,135.6,136.59,134.0,135.22,998987.0
2019-05-06,131.01,135.54,129.2,135.1,729051.0
2019-05-07,133.5,134.0,128.22,131.29,1473556.0
2019-05-08,131.29,132.94,130.23,131.77,652433.0
2019-05-09,130.06,132.97,127.72,132.43,758404.0
2019-05-10,132.04,134.19,129.92,133.32,871897.0
2019-05-13,128.86,130.81,126.14,126.86,1034055.0
2019-05-14,128.26,131.93,127.52,130.98,964582.0
2019-05-15,130.21,135.84,130.21,135.0,1140522.0
2019-05-16,135.66,140.66,135.57,139.01,1817526.0
2019-05-17,138.0,138.62,135.59,136.49,1021690.0
2019-05-20,136.19,136.6,133.51,134.33,1319088.0
2019-05-21,135.52,138.55,135.52,138.27,1366597.0
2019-05-22,137.07,137.43,135.24,136.12,1693513.0
2019-05-23,134.03,134.16,128.01,128.73,3411341.0
2019-05-24,125.79,129.5,115.65,119.3,11667899.0
2019-05-28,120.09,124.98,120.07,122.19,3805872.0
2019-05-29,120.5,121.99,117.89,118.77,2511420.0
2019-05-30,119.96,120.2,117.11,117.6,1555728.0
2019-05-31,114.96,116.66,113.19,113.99,2777949.0
2019-06-03,113.89,113.89,107.89,109.05,2641449.0
2019-06-04,111.25,111.99,109.91,111.73,1957014.0
2019-06-05,113.72,114.2,108.91,110.97,1888325.0
2019-06-06,110.74,111.0,107.96,109.5,2600649.0
2019-06-07,110.4,112.37,110.13,111.34,2443443.0
2019-06-10,115.51,121.5,114.99,118.51,4068988.0
2019-06-11,120.0,120.25,115.32,116.75,2227732.0
2019-06-12,115.23,116.49,114.26,116.13,1262938.0
2019-06-13,116.13,118.73,115.8,118.24,1177854.0
2019-06-14,117.98,118.96,116.29,118.24,1369796.0
2019-06-17,118.37,121.09,118.24,119.32,1181436.0
2019-06-18,120.27,122.45,119.88,120.08,1228781.0
2019-06-19,120.85,122.16,119.35,122.11,1089404.0
2019-06-20,124.0,125.88,122.86,124.47,1538997.0
2019-06-21,124.03,125.1,123.17,124.34,1748949.0
2019-06-24,125.8,126.0,122.59,122.93,1188190.0
2019-06-25,122.12,122.73,117.78,117.99,2023576.0
2019-06-26,119.86,122.58,118.51,120.76,1736570.0
2019-06-27,121.24,124.97,120.33,124.23,1284743.0
2019-06-28,124.82,126.18,123.17,125.75,2011550.0
2019-07-01,129.0,129.2,124.8,125.33,2126645.0
2019-07-02,125.33,128.61,125.06,128.44,1283100.0
2019-07-03,128.61,130.0,127.73,129.31,932277.0
2019-07-05,128.69,130.47,127.79,130.32,844519.0
2019-07-08,129.88,130.47,128.12,130.41,950903.0
2019-07-09,130.0,132.63,129.75,132.36,1458461.0
2019-07-10,132.7,134.38,131.94,132.21,1034654.0
2019-07-11,133.04,138.09,132.54,137.42,2332566.0
2019-07-12,136.6,137.52,134.78,136.82,1746169.0
2019-07-15,137.64,139.54,136.15,138.49,1408381.0
2019-07-16,138.0,138.26,135.92,136.51,1198274.0
2019-07-17,137.04,139.25,136.65,138.56,1234714.0
2019-07-18,137.58,139.5,137.01,138.39,1261402.0
2019-07-19,139.31,140.28,138.04,138.14,1358764.0
2019-07-22,139.06,139.91,138.3,138.7,846381.0
2019-07-23,139.08,139.44,136.22,137.77,843979.0
2019-07-24,137.35,140.15,136.63,139.96,937325.0
2019-07-25,139.82,139.89,137.81,138.74,1071428.0
2019-07-26,139.77,142.06,139.43,140.73,1089702.0
2019-07-29,141.0,141.36,134.71,138.22,976720.0
2019-07-30,136.16,139.15,135.14,137.49,915672.0
2019-07-31,137.99,139.48,133.36,135.31,1266754.0
2019-08-01,135.41,138.87,134.4,135.06,1209717.0
2019-08-02,133.73,133.73,123.81,126.47,2944903.0
2019-08-05,121.48,123.5,120.17,122.47,2075613.0
2019-08-06,124.82,126.33,122.71,124.54,1258893.0
2019-08-07,122.0,124.4,121.05,122.72,1147359.0
2019-08-08,124.71,127.68,123.85,126.88,1124656.0
2019-08-09,127.06,131.59,126.97,130.18,1595226.0
2019-08-12,128.78,129.8,127.0,129.12,963629.0
2019-08-13,129.48,132.42,128.56,131.72,1052474.0
2019-08-14,129.29,129.37,123.8,125.6,1231917.0
2019-08-15,125.35,126.25,122.81,123.54,967774.0
2019-08-16,124.76,127.69,124.69,124.79,1558057.0
2019-08-19,128.41,128.41,124.4,125.56,1681653.0
2019-08-20,125.21,128.83,124.78,126.72,2100647.0
2019-08-21,128.4,129.57,127.15,128.46,4259889.0
2019-08-22,122.79,125.03,114.23,118.41,15359261.0
2019-08-23,116.65,121.6,116.3,118.56,6037308.0
2019-08-26,119.5,119.78,111.32,112.54,4634287.0
2019-08-27,113.15,115.36,110.88,112.97,4077884.0
2019-08-28,112.87,113.57,110.53,110.57,2304784.0
2019-08-29,112.0,112.63,109.66,112.41,2565613.0
2019-08-30,113.26,113.7,110.18,111.82,1885011.0
2019-09-03,110.54,111.62,107.16,108.22,2171667.0
2019-09-04,109.17,109.97,107.39,109.7,1892946.0
2019-09-05,111.0,111.9,109.2,110.68,1886158.0
2019-09-06,111.04,112.28,110.1,110.36,1040083.0
2019-09-09,111.73,111.89,107.45,109.48,1995851.0
2019-09-10,109.43,113.09,108.71,112.71,2386419.0
2019-09-11,112.71,116.09,110.71,113.89,2627202.0
2019-09-12,116.13,116.59,113.67,113.91,1804941.0
2019-09-13,114.11,114.53,112.24,113.65,1176564.0
2019-09-16,112.8,115.45,112.17,114.82,1348222.0
2019-09-17,117.5,119.18,116.08,118.74,2529010.0
2019-09-18,118.0,118.0,114.08,116.93,1445157.0
2019-09-19,119.31,123.75,119.09,121.88,3487161.0
2019-09-20,121.97,121.98,118.67,121.6,2456629.0
2019-09-23,121.35,123.41,120.26,122.74,1485388.0
2019-09-24,123.0,123.76,117.8,118.93,1987238.0
2019-09-25,118.59,118.8,115.1,117.54,1770121.0
2019-09-26,117.75,120.17,117.35,119.57,1062852.0
2019-09-27,120.27,120.28,116.16,118.06,1485800.0
2019-09-30,118.0,118.59,116.05,117.86,1287373.0
2019-10-01,118.69,119.58,116.63,117.07,1138841.0
2019-10-02,116.48,116.55,113.38,115.59,1466697.0
2019-10-03,116.78,119.55,113.81,118.93,1226586.0
2019-10-04,119.39,123.0,118.72,122.85,1571186.0
2019-10-07,122.03,122.71,121.0,121.36,1041705.0
2019-10-08,120.97,121.43,116.74,117.61,1938514.0
2019-10-09,118.1,119.87,117.76,119.08,714210.0
2019-10-10,118.95,119.78,117.69,118.15,875368.0
2019-10-11,120.18,121.63,119.51,120.81,1638698.0
2019-10-14,120.67,121.76,119.42,119.68,697310.0
2019-10-15,119.94,121.1,119.66,119.85,887077.0
2019-10-16,116.12,117.0,111.67,113.59,2965530.0
2019-10-17,114.24,114.79,112.7,113.2,1199392.0
2019-10-18,113.15,113.44,108.43,110.95,1629052.0
2019-10-21,111.63,112.15,110.45,111.13,1822074.0
2019-10-22,112.25,113.15,110.38,110.46,1433553.0
2019-10-23,111.87,118.38,111.37,115.0,3072046.0
2019-10-24,116.44,119.75,115.57,119.69,1764966.0
2019-10-25,118.18,119.72,116.87,119.58,1024099.0
2019-10-28,120.22,120.75,118.95,120.0,970632.0
2019-10-29,119.86,120.64,119.0,119.24,930075.0
2019-10-30,120.29,120.74,118.56,120.47,968707.0
2019-10-31,120.78,120.78,117.64,119.96,927197.0
2019-11-01,120.62,123.16,119.45,123.11,1320732.0
2019-11-04,124.01,124.43,120.33,121.03,1017824.0
2019-11-05,122.39,123.91,121.21,123.37,1570254.0
2019-11-06,123.12,123.46,121.29,123.4,1185481.0
2019-11-07,123.45,124.0,121.87,122.8,864897.0
2019-11-08,123.21,125.47,122.03,125.03,1121135.0
2019-11-11,124.85,125.9,124.1,124.75,990410.0
2019-11-12,124.94,125.7,123.71,124.88,912243.0
2019-11-13,124.87,125.18,123.66,124.72,818081.0
2019-11-14,120.99,120.99,116.57,116.99,3270839.0
2019-11-15,118.39,119.9,115.33,119.2,2341085.0
2019-11-18,122.81,123.43,120.58,122.79,2163375.0
2019-11-19,124.0,125.12,121.89,124.66,1514511.0
2019-11-20,124.0,127.74,123.61,126.81,2213634.0
2019-11-21,127.12,127.23,125.11,126.84,3811477.0
2019-11-22,135.01,140.8,133.61,140.5,12252964.0
2019-11-25,139.64,148.18,139.53,147.64,6270992.0
2019-11-26,145.8,149.7,145.6,147.52,3241634.0
2019-11-27,147.0,151.26,146.35,151.0,2135610.0
2019-11-29,150.0,150.89,148.97,149.22,1139575.0
2019-12-02,152.39,152.68,146.21,148.04,2291274.0
2019-12-03,144.0,148.64,142.5,148.09,1829030.0
2019-12-04,148.19,149.28,145.91,146.62,1544567.0
2019-12-05,146.81,147.81,144.76,146.14,851589.0
2019-12-06,147.16,148.68,145.77,147.89,985929.0
2019-12-09,147.18,150.71,147.0,149.75,1985469.0
2019-12-10,149.85,150.3,148.38,149.08,1312315.0
2019-12-11,148.29,148.61,145.46,145.9,2844338.0
2019-12-12,145.35,146.2,143.41,143.65,2142421.0
2019-12-13,144.08,144.75,141.93,143.51,2354402.0
2019-12-16,143.53,147.76,143.21,146.31,2187553.0
2019-12-17,146.35,147.1,144.71,145.1,1448334.0
2019-12-18,144.73,149.24,144.61,148.1,1891923.0
2019-12-19,149.36,151.1,148.64,150.14,1947350.0
2019-12-20,150.15,151.61,148.89,150.96,7367817.0
2019-12-23,151.5,151.5,149.58,150.05,1123103.0
2019-12-24,150.23,150.77,149.79,150.35,443788.0
2019-12-26,150.63,153.66,150.01,151.92,855103.0
2019-12-27,152.66,152.66,149.26,151.51,886009.0
2019-12-30,151.3,151.3,147.0,148.95,1008176.0
2019-12-31,148.41,150.03,148.17,149.77,849267.0
2020-01-02,150.97,153.44,150.47,151.98,1109359.0
2020-01-03,148.61,152.5,148.4,152.06,895099.0
2020-01-06,149.8,154.62,148.13,154.46,1569044.0
2020-01-07,154.76,155.72,153.14,153.41,1933883.0
2020-01-08,153.64,156.75,152.75,155.76,1871610.0
2020-01-09,157.2,157.66,153.59,154.52,1385330.0
2020-01-10,156.84,156.84,153.97,155.78,978621.0
2020-01-13,157.0,157.72,155.92,156.46,1227881.0
2020-01-14,155.71,158.7,155.37,157.04,1461895.0
2020-01-15,157.57,158.37,155.53,156.02,1471048.0
2020-01-16,157.71,160.43,156.74,160.32,1527658.0
2020-01-17,161.49,161.49,156.0,157.96,1641091.0
2020-01-21,157.83,159.25,156.74,157.1,1053129.0
2020-01-22,158.24,159.24,156.18,156.53,1084475.0
2020-01-23,156.55,158.42,155.0,157.84,1491879.0
2020-01-24,159.41,160.98,156.41,157.0,910545.0
2020-01-27,153.53,154.99,151.04,153.59,1370710.0
2020-01-28,153.85,156.46,153.09,155.57,1350809.0
2020-01-29,156.79,156.79,154.65,155.62,968440.0
2020-01-30,155.11,158.98,155.0,158.69,1382552.0
2020-01-31,158.67,159.55,154.4,155.26,1169096.0
2020-02-03,156.11,160.33,155.2,159.88,1302621.0
2020-02-04,162.01,168.42,161.33,167.81,1892597.0
2020-02-05,170.51,170.74,163.07,163.88,2459357.0
2020-02-06,164.6,164.95,161.2,162.67,1125356.0
2020-02-07,162.33,165.44,160.69,162.55,971655.0
2020-02-10,162.74,167.76,162.17,167.16,1140278.0
2020-02-11,169.48,171.17,166.4,168.1,1610461.0
2020-02-12,169.8,170.42,165.41,169.84,1237376.0
2020-02-13,168.73,172.25,168.54,170.93,1048693.0
2020-02-14,171.4,173.84,170.96,172.52,961662.0
2020-02-18,172.41,174.08,170.52,172.88,866705.0
2020-02-19,174.19,176.31,173.66,174.17,1053007.0
2020-02-20,173.96,175.26,168.12,173.41,1468086.0
2020-02-21,171.92,172.0,164.12,167.07,1757472.0
2020-02-24,158.61,162.23,154.25,160.05,2030232.0
2020-02-25,164.21,164.24,154.61,155.62,3394209.0
2020-02-26,155.66,161.32,155.12,156.51,1570976.0
2020-02-27,151.79,153.97,146.79,146.87,2795032.0
2020-02-28,143.11,148.56,141.75,147.33,2953324.0
2020-03-02,151.05,152.2,145.94,152.02,2175598.0
2020-03-03,152.12,156.51,144.84,148.5,3010159.0
2020-03-04,151.53,155.5,148.63,155.4,3819915.0
2020-03-05,149.01,151.41,138.86,141.25,8816027.0
2020-03-06,136.0,140.48,134.06,138.94,4319776.0
2020-03-09,129.26,132.8,125.31,128.24,3296926.0
2020-03-10,132.27,134.4,127.1,132.28,2945437.0
2020-03-11,128.0,128.44,118.2,120.74,3370417.0
2020-03-12,109.71,113.48,105.0,105.01,3920680.0
2020-03-13,113.69,118.66,108.0,115.19,3129713.0
2020-03-16,98.03,107.49,93.92,95.71,3050969.0
2020-03-17,98.0,112.04,95.0,109.39,3506337.0
2020-03-18,101.63,107.55,96.22,105.37,2307969.0
2020-03-19,105.0,113.42,98.22,107.52,2399004.0
2020-03-20,108.78,120.93,108.0,110.3,3451270.0
2020-03-23,112.0,116.76,105.39,113.44,1968014.0
2020-03-24,121.53,125.37,118.5,121.1,2298579.0
2020-03-25,122.33,128.87,119.67,122.04,1872284.0
2020-03-26,122.91,132.0,122.51,129.14,2062508.0
2020-03-27,122.91,126.95,122.16,124.76,1583813.0
2020-03-30,125.68,128.9,124.52,127.22,1945197.0
2020-03-31,126.13,129.63,123.52,126.23,2470916.0
2020-04-01,120.44,120.76,108.88,109.69,2913654.0
2020-04-02,109.01,110.99,103.01,105.28,2555591.0
2020-04-03,104.09,106.85,101.1,102.14,1724201.0
2020-04-06,107.55,119.78,105.11,118.4,3459172.0
2020-04-07,123.01,124.0,118.62,120.22,2810802.0
2020-04-08,121.28,125.45,120.84,125.05,1277430.0
2020-04-09,125.99,128.4,120.58,123.13,2298725.0
2020-04-13,123.62,126.67,122.82,125.88,937642.0
2020-04-14,129.75,134.34,129.01,132.92,1907031.0
2020-04-15,132.02,132.94,129.31,130.54,1671657.0
2020-04-16,132.97,136.11,131.12,131.57,1587553.0
2020-04-17,137.24,137.4,133.67,135.15,1291744.0
2020-04-20,134.12,136.91,133.01,133.38,1760623.0
2020-04-21,132.19,132.32,123.51,127.18,1640184.0
2020-04-22,131.61,132.15,128.18,131.28,1014412.0
2020-04-23,130.96,134.28,130.31,131.69,862202.0
2020-04-24,128.39,130.29,125.0,128.63,1815416.0
2020-04-27,131.65,132.75,129.42,132.61,898654.0
2020-04-28,134.86,135.55,128.31,130.09,904762.0
2020-04-29,133.27,142.16,131.91,140.84,2210198.0
2020-04-30,140.93,144.49,139.66,140.36,1794143.0
2020-05-01,136.99,138.0,131.38,134.05,1298092.0
2020-05-04,132.45,134.96,131.34,134.92,910267.0
2020-05-05,140.86,146.46,140.7,143.62,1860164.0
2020-05-06,144.16,148.14,143.26,145.17,1221950.0
2020-05-07,147.56,152.08,146.7,150.63,1737832.0
2020-05-08,153.38,153.95,149.51,153.24,1786219.0
2020-05-11,154.0,161.23,153.42,158.71,1985583.0
2020-05-12,160.0,161.8,155.89,156.36,1577105.0
2020-05-13,155.32,156.93,145.93,149.09,2308034.0
2020-05-14,147.36,151.54,143.3,151.54,1601843.0
2020-05-15,151.0,157.75,150.26,156.19,1266070.0
2020-05-18,159.68,161.54,154.58,155.01,1367520.0
2020-05-19,157.6,162.13,157.04,159.06,1328497.0
2020-05-20,161.77,163.94,160.5,163.28,1332546.0
2020-05-21,163.28,167.3,163.02,163.45,3259569.0
2020-05-22,171.83,185.26,170.0,184.26,8835882.0
2020-05-26,184.89,186.47,177.18,181.15,3828665.0
2020-05-27,180.29,182.0,171.16,181.62,3311935.0
2020-05-28,178.41,186.15,178.0,180.0,1810650.0
2020-05-29,180.31,187.11,180.06,185.84,2379253.0
2020-06-01,184.53,188.76,182.45,186.56,1518257.0
2020-06-02,189.2,192.22,185.17,188.54,3437930.0
2020-06-03,190.44,192.75,187.08,188.98,3989251.0
2020-06-04,184.25,188.17,180.52,181.58,2051710.0
2020-06-05,179.09,184.93,175.24,183.12,1602124.0
2020-06-08,182.32,187.73,181.03,186.31,1620803.0
2020-06-09,186.0,187.08,183.45,183.93,1007379.0
2020-06-10,186.43,188.3,184.28,187.22,1190252.0
2020-06-11,183.0,183.35,173.5,173.74,2564937.0
2020-06-12,179.61,181.28,174.79,178.88,1546248.0
2020-06-15,172.85,181.84,171.28,181.5,1668737.0
2020-06-16,184.28,185.41,180.2,184.15,1615171.0
2020-06-17,183.41,187.5,183.16,183.79,1131308.0
2020-06-18,184.5,186.98,183.64,186.2,1029632.0
2020-06-19,188.0,189.94,185.25,187.16,1936491.0
2020-06-22,191.0,196.32,190.23,193.09,2244478.0
2020-06-23,195.21,197.22,192.16,193.08,1570293.0
2020-06-24,193.04,195.34,188.33,190.61,1774358.0
2020-06-25,191.81,194.16,189.0,193.04,821057.0
2020-06-26,193.66,197.7,190.17,196.8,3419879.0
2020-06-29,198.96,198.96,190.99,194.5,1777592.0
2020-06-30,194.92,199.32,194.19,198.7,2095740.0
2020-07-01,195.58,204.95,195.5,203.61,2091102.0
2020-07-02,203.97,204.5,199.09,199.91,2053127.0
2020-07-06,202.99,204.0,196.55,198.66,2824480.0
2020-07-07,199.5,201.16,196.52,196.68,2102104.0
2020-07-08,198.65,205.28,197.3,205.16,2293519.0
2020-07-09,205.64,208.9,201.88,204.85,1772143.0
2020-07-10,209.04,213.26,204.85,211.32,2647531.0
2020-07-13,212.13,212.8,197.28,198.0,2249950.0
2020-07-14,198.37,200.9,190.48,199.78,1957701.0
2020-07-15,200.39,201.97,196.23,200.56,1099509.0
2020-07-16,197.84,199.88,195.33,199.02,1063611.0
2020-07-17,198.9,201.5,197.41,199.97,946628.0
2020-07-20,201.75,208.88,201.35,207.67,1090217.0
2020-07-21,208.99,209.0,202.92,203.95,914005.0
2020-07-22,205.0,207.2,202.63,204.51,767544.0
2020-07-23,204.64,208.72,199.66,201.93,1110435.0
2020-07-24,199.89,202.05,197.0,199.57,790535.0
2020-07-27,201.02,204.51,199.15,203.15,679778.0
2020-07-28,204.16,208.65,203.25,205.3,1064453.0
2020-07-29,207.48,210.49,206.54,208.33,985818.0
2020-07-30,205.0,210.01,204.17,209.39,859284.0
2020-07-31,211.78,212.0,205.0,209.82,1017623.0
2020-08-03,211.99,214.9,210.81,214.42,1037217.0
2020-08-04,214.42,215.0,208.0,210.89,958539.0
2020-08-05,212.6,217.36,211.67,217.3,1185130.0
2020-08-06,216.35,216.98,211.22,213.66,1112879.0
2020-08-07,212.85,212.97,198.14,200.38,2191823.0
2020-08-10,200.1,200.91,193.89,197.9,1675602.0
2020-08-11,198.82,200.18,193.02,195.64,1630287.0
2020-08-12,196.17,197.97,189.1,190.4,2601648.0
2020-08-13,191.87,196.5,190.4,193.37,2447332.0
2020-08-14,193.87,194.5,190.76,192.34,1351950.0
2020-08-17,193.0,195.61,192.55,195.0,1725536.0
2020-08-18,196.0,198.98,194.83,197.65,1145773.0
2020-08-19,198.03,199.74,195.04,195.46,1200975.0
2020-08-20,195.0,201.86,194.52,200.17,1183113.0
2020-08-21,202.5,204.78,201.12,202.35,1171565.0
2020-08-24,204.66,207.32,201.37,202.23,1219357.0
2020-08-25,202.31,204.42,200.67,203.62,1220327.0
2020-08-26,210.0,220.56,209.15,216.74,4880531.0
2020-08-27,213.93,217.97,204.02,215.39,5162256.0
2020-08-28,217.99,223.33,217.01,220.42,1994414.0
2020-08-31,220.0,220.16,215.77,219.33,2032975.0
2020-09-01,221.37,224.95,218.92,223.59,1521579.0
2020-09-02,225.04,225.89,217.24,221.79,1334242.0
2020-09-03,216.21,217.18,205.35,206.72,2156295.0
2020-09-04,205.35,206.46,191.27,200.14,2169129.0
2020-09-08,191.57,198.55,191.11,191.89,1698818.0
2020-09-09,196.52,197.85,191.64,196.55,1277198.0
2020-09-10,198.12,201.67,191.4,192.83,1042283.0
2020-09-11,194.23,195.95,182.89,186.93,1957712.0
2020-09-14,188.87,189.82,182.82,183.67,2575617.0
2020-09-15,186.5,187.48,183.91,185.35,1322458.0
2020-09-16,187.33,187.53,181.07,182.55,1391779.0
2020-09-17,176.19,179.56,173.11,177.68,2121014.0
2020-09-18,178.85,180.16,171.27,174.89,2886479.0
2020-09-21,171.99,177.95,171.07,177.73,2218257.0
2020-09-22,180.65,185.36,177.82,184.93,1824177.0
2020-09-23,185.11,185.83,176.83,177.48,1596297.0
2020-09-24,175.21,179.07,173.03,175.91,1325082.0
2020-09-25,180.39,185.06,179.5,184.89,1869295.0
2020-09-28,187.9,188.28,184.56,187.9,1247563.0
2020-09-29,188.2,189.7,185.45,187.18,1155865.0
2020-09-30,187.45,190.0,184.68,188.13,1584193.0
2020-10-01,189.72,194.84,189.54,192.56,1591519.0
2020-10-02,192.5,197.19,190.5,194.8,1985231.0
2020-10-05,195.0,196.04,192.99,194.07,1273276.0
2020-10-06,195.44,202.44,194.5,198.19,1600362.0
2020-10-07,199.52,206.47,199.02,206.08,1577046.0
2020-10-08,206.8,210.61,206.3,209.05,2038986.0
2020-10-09,209.63,212.9,208.43,212.43,1195864.0
2020-10-12,214.55,217.99,212.5,215.34,1372898.0
2020-10-13,214.74,219.5,214.1,215.83,1326294.0
2020-10-14,205.38,210.4,204.59,209.23,3201211.0
2020-10-15,203.55,205.95,200.82,205.29,1408224.0
2020-10-16,207.61,210.91,206.73,207.2,2617022.0
2020-10-19,208.2,211.11,205.6,207.22,1418581.0
2020-10-20,209.49,213.7,208.94,211.55,1356191.0
2020-10-21,210.0,222.19,203.03,211.67,3390068.0
2020-10-22,214.94,221.95,212.01,219.46,2995831.0
2020-10-23,218.2,218.46,211.89,216.51,1561830.0
2020-10-26,213.06,215.79,207.31,209.78,1254069.0
2020-10-27,211.15,213.28,208.64,208.77,973611.0
2020-10-28,205.0,208.2,202.99,205.72,1080465.0
2020-10-29,207.2,208.39,204.98,205.87,817038.0
2020-10-30,203.9,204.6,196.78,198.04,1365775.0
2020-11-02,199.45,200.81,189.18,191.34,1620808.0
2020-11-03,192.08,197.22,190.4,194.78,970962.0
2020-11-04,205.13,209.45,199.72,207.01,1583100.0
2020-11-05,213.26,214.0,207.04,208.98,1270167.0
2020-11-06,207.51,208.0,200.71,201.0,1686223.0
2020-11-09,199.49,206.61,196.2,196.32,1480965.0
2020-11-10,194.15,195.11,184.29,187.88,1916330.0
2020-11-11,190.0,195.84,189.12,194.12,1517949.0
2020-11-12,193.86,196.01,189.72,191.75,871811.0
2020-11-13,192.38,194.35,190.06,193.25,803014.0
2020-11-16,190.18,193.85,189.43,193.5,873334.0
2020-11-17,194.28,198.42,192.34,198.09,1310939.0
2020-11-18,198.64,199.24,192.96,193.1,1011092.0
2020-11-19,192.63,201.2,192.63,199.28,1276520.0
2020-11-20,199.26,202.53,198.0,198.94,994997.0
2020-11-23,199.49,200.69,195.02,198.11,1041662.0
2020-11-24,199.34,199.71,195.38,198.49,952245.0
2020-11-25,200.3,202.91,198.02,198.86,1430718.0
2020-11-27,201.87,205.44,200.5,204.03,755051.0
2020-11-30,206.51,207.0,197.65,204.18,1682087.0
2020-12-01,205.01,207.41,202.46,206.43,1308151.0
2020-12-02,203.32,207.0,201.0,205.91,3882864.0
2020-12-03,158.55,169.0,152.52,158.03,30390777.0
2020-12-04,160.01,163.89,159.32,161.07,7473857.0
2020-12-07,161.07,162.34,153.3,155.62,6968366.0
2020-12-08,155.93,161.25,154.29,160.97,3352921.0
2020-12-09,162.8,163.0,153.3,155.59,3660147.0
2020-12-10,154.97,155.74,152.4,153.49,3449381.0
2020-12-11,153.85,156.45,151.91,155.25,2572134.0
2020-12-14,155.3,159.76,155.3,159.38,3287800.0
2020-12-15,160.0,161.81,158.35,161.8,2718810.0
2020-12-16,161.8,163.3,159.54,162.34,2198853.0
2020-12-17,163.66,166.46,162.76,166.26,2768414.0
2020-12-18,167.6,168.18,164.16,165.89,4137278.0
2020-12-21,164.97,174.93,164.53,174.37,4561761.0
2020-12-22,174.75,177.86,172.48,177.0,2826405.0
2020-12-23,177.56,185.73,177.5,182.55,3302949.0
2020-12-24,182.58,184.71,179.68,180.2,1150251.0
2020-12-28,181.63,181.63,173.88,175.55,1606481.0
2020-12-29,176.44,177.0,171.85,172.24,1521877.0
2020-12-30,174.09,174.57,170.37,172.38,1202097.0
2020-12-31,173.06,173.2,169.76,169.89,1337714.0
2021-01-04,170.86,170.86,165.26,166.37,2882257.0
2021-01-05,165.09,167.27,162.85,166.72,2481011.0
2021-01-06,161.0,163.92,160.26,161.6,2218204.0
2021-01-07,162.01,164.71,161.95,163.04,2227730.0
2021-01-08,163.06,165.88,161.77,165.4,2126515.0
2021-01-11,164.42,169.55,162.22,166.51,1692277.0
2021-01-12,167.01,168.58,162.0,167.01,1981124.0
2021-01-13,167.8,172.14,167.5,170.65,1964493.0
2021-01-14,171.26,173.34,170.22,170.95,1600665.0
2021-01-15,171.1,172.64,168.81,169.97,1407804.0
2021-01-19,170.34,173.9,168.37,172.96,2242138.0
2021-01-20,174.0,175.23,171.69,172.66,1406871.0
2021-01-21,172.94,174.49,170.58,171.83,1155042.0
2021-01-22,174.28,175.6,170.53,170.9,2347367.0
2021-01-25,172.65,174.0,165.57,171.91,2031532.0
2021-01-26,172.82,174.73,171.1,173.76,1163493.0
2021-01-27,169.96,175.75,167.91,168.64,1579673.0
2021-01-28,169.32,172.14,167.06,168.48,1384431.0
2021-01-29,167.5,168.8,163.81,165.03,1639489.0
2021-02-01,166.13,173.1,166.13,171.63,1364003.0
2021-02-02,173.0,178.18,172.75,175.09,1968377.0
2021-02-03,177.29,177.29,170.9,171.29,1684121.0
2021-02-04,171.81,174.59,170.7,172.26,1559164.0
2021-02-05,173.52,174.6,169.73,170.24,2570668.0
2021-02-08,172.32,173.88,169.3,169.56,2146542.0
2021-02-09,170.67,172.95,168.69,172.78,2204873.0
2021-02-10,172.81,174.66,167.44,168.02,2195169.0
2021-02-11,169.21,170.89,167.5,169.96,1394137.0
2021-02-12,169.45,173.55,166.79,173.33,1226546.0
2021-02-16,174.0,174.85,168.52,169.3,1635171.0
2021-02-17,168.5,170.63,166.51,170.5,2005635.0
2021-02-18,166.91,167.9,163.81,166.65,2419131.0
2021-02-19,168.42,170.75,166.8,169.66,1862290.0
2021-02-22,169.3,169.3,160.28,160.82,2598047.0
2021-02-23,157.93,158.3,151.41,153.8,3870455.0
2021-02-24,153.8,154.91,149.58,152.53,4118607.0
2021-02-25,152.5,154.51,144.02,145.08,3873704.0
2021-02-26,145.52,147.45,140.82,143.01,3629535.0
2021-03-01,145.48,151.79,144.14,151.26,2985330.0
2021-03-02,151.98,152.81,148.83,149.09,1954638.0
2021-03-03,149.1,150.33,143.14,143.19,3146721.0
2021-03-04,150.0,151.5,137.85,139.47,5595653.0
2021-03-05,141.25,141.44,133.14,136.77,4702370.0
2021-03-08,137.32,137.91,130.82,131.03,4033408.0
2021-03-09,135.99,138.99,133.8,135.87,4110400.0
2021-03-10,138.6,139.93,132.73,133.91,2497892.0
2021-03-11,136.99,140.1,135.49,138.19,2720528.0
2021-03-12,136.69,137.15,133.52,135.92,2556095.0
2021-03-15,137.1,139.14,136.35,138.53,1947875.0
2021-03-16,140.0,142.16,138.37,139.03,2005260.0
2021-03-17,137.78,137.95,133.28,137.81,2883736.0
2021-03-18,135.0,136.09,133.5,133.84,2255790.0
2021-03-19,134.91,135.43,131.1,135.04,4002651.0
2021-03-22,139.3,143.85,138.96,141.17,2819114.0
2021-03-23,141.21,142.5,138.04,138.22,2025485.0
2021-03-24,138.01,138.45,134.18,134.94,2722652.0
2021-03-25,133.21,135.74,132.22,132.93,2071568.0
2021-03-26,132.82,135.26,131.75,135.19,1523519.0
2021-03-29,135.47,135.65,132.62,135.03,1479520.0
2021-03-30,133.22,133.53,130.55,131.95,2074665.0
2021-03-31,133.5,136.92,132.75,135.48,2127891.0
2021-04-01,137.54,141.07,136.76,138.27,1842967.0
2021-04-05,138.63,140.62,137.43,140.48,1783400.0
2021-04-06,140.48,143.09,140.02,141.79,1654866.0
2021-04-07,142.67,142.67,138.15,138.79,1380948.0
2021-04-08,140.48,141.99,139.66,139.98,1207502.0
2021-04-09,140.87,142.31,138.37,142.27,1242679.0
2021-04-12,142.77,146.0,142.2,144.71,1942097.0
2021-04-13,145.93,148.42,145.06,147.69,1795731.0
2021-04-14,149.0,151.12,145.53,146.08,1822632.0
2021-04-15,147.0,149.46,146.18,148.38,1313540.0
2021-04-16,141.0,141.19,134.15,134.25,6864977.0
2021-04-19,134.24,134.63,131.81,132.9,2667938.0
2021-04-20,132.34,133.66,131.33,131.74,1328106.0
2021-04-21,131.83,134.0,131.22,133.74,1834507.0
2021-04-22,133.36,136.35,133.05,134.99,1781607.0
2021-04-23,134.91,136.82,133.0,133.2,2028574.0
2021-04-26,134.86,135.48,132.29,134.0,2798042.0
2021-04-27,129.67,130.01,126.9,127.39,4774474.0
2021-04-28,127.2,129.1,125.7,128.13,2758122.0
2021-04-29,128.52,130.22,126.26,128.21,1806837.0
2021-04-30,126.81,128.06,125.4,126.42,1688176.0
2021-05-03,126.72,127.0,122.97,122.97,1656004.0
2021-05-04,121.57,121.57,117.59,119.85,2094321.0
2021-05-05,120.56,121.3,116.46,116.84,2805167.0
2021-05-06,116.83,117.5,113.85,116.78,2210806.0
2021-05-07,118.04,120.56,116.84,117.82,1645374.0
2021-05-10,117.0,117.04,113.68,113.74,2132207.0
2021-05-11,110.5,119.62,110.28,119.25,2995037.0
2021-05-12,116.21,118.18,115.1,115.69,2125673.0
2021-05-13,115.95,117.68,111.5,111.99,2420200.0
2021-05-14,113.69,116.46,112.71,116.22,1352689.0
2021-05-17,116.0,116.43,112.82,114.37,1307413.0
2021-05-18,115.24,117.02,114.29,115.41,2410734.0
2021-05-19,112.58,114.01,112.11,112.77,2415989.0
2021-05-20,114.51,116.67,114.03,116.26,2823216.0
2021-05-21,119.0,120.09,117.07,118.05,1649536.0
2021-05-24,118.88,121.33,118.6,119.69,1796423.0
2021-05-25,121.23,121.23,118.4,118.71,1688136.0
2021-05-26,121.43,122.68,120.6,121.5,2198758.0
2021-05-27,120.83,122.0,118.58,120.82,1687727.0
2021-05-28,121.7,122.69,120.42,121.2,1624046.0
2021-06-01,123.53,123.59,119.16,120.28,2172908.0
2021-06-02,120.21,124.0,119.88,123.79,3964034.0
2021-06-03,116.26,119.18,111.67,111.98,7335693.0
2021-06-04,111.87,113.82,111.87,112.41,2750521.0
2021-06-07,112.99,116.37,112.82,115.69,4470030.0
2021-06-08,116.0,118.03,115.61,117.11,1746949.0
2021-06-09,117.52,118.6,116.06,116.07,1409832.0
2021-06-10,115.66,120.58,115.2,120.54,2177320.0
2021-06-11,120.4,121.03,119.14,120.94,1635036.0
2021-06-14,120.95,122.42,119.16,122.39,1651763.0
2021-06-15,122.38,123.52,120.67,121.42,2167423.0
2021-06-16,121.0,123.8,120.78,123.38,2046325.0
2021-06-17,122.65,126.75,122.33,126.3,3141766.0
2021-06-18,125.79,129.53,125.22,129.09,4377216.0
2021-06-21,128.99,128.99,125.1,125.49,2195657.0
2021-06-22,136.3,143.33,135.21,139.61,10955128.0
2021-06-23,138.49,138.5,135.35,137.7,3660508.0
2021-06-24,138.49,139.88,137.17,139.73,2275715.0
2021-06-25,141.74,143.24,140.25,141.24,3072750.0
2021-06-28,142.0,144.4,141.68,144.19,2184059.0
2021-06-29,144.0,145.95,143.5,143.88,2092494.0
2021-06-30,144.09,145.56,143.22,144.58,2866613.0
2021-07-01,144.85,146.45,139.88,141.02,2139148.0
2021-07-02,142.35,143.59,141.66,142.29,1235468.0
2021-07-06,142.5,144.34,141.3,142.91,1725541.0
2021-07-07,143.31,143.8,141.08,141.32,1537877.0
2021-07-08,139.01,140.01,136.51,138.53,2077501.0
2021-07-09,136.78,138.65,136.04,138.37,1426486.0
2021-07-12,139.5,140.17,135.56,136.0,1788858.0
2021-07-13,135.87,138.05,134.82,135.53,1375784.0
2021-07-14,136.67,137.28,132.11,133.06,1690710.0
2021-07-15,133.71,134.44,131.94,133.58,1645950.0
2021-07-16,134.68,136.14,134.07,134.39,2375124.0
2021-07-19,132.65,135.07,132.12,134.04,2361625.0
2021-07-20,134.84,138.54,133.17,137.87,2548006.0
2021-07-21,138.17,138.17,136.14,137.05,1743133.0
2021-07-22,136.51,141.33,136.4,141.07,2293566.0
2021-07-23,141.1,143.5,139.55,141.75,1809643.0
2021-07-26,141.7,141.84,139.67,141.62,1108718.0
2021-07-27,141.35,142.88,138.19,140.55,1507371.0
2021-07-28,140.59,143.31,140.59,142.42,1261542.0
2021-07-29,141.89,143.74,141.35,141.88,764220.0
2021-07-30,140.4,143.04,139.85,141.98,1217894.0
2021-08-02,142.0,144.16,138.63,141.69,1321485.0
2021-08-03,141.46,141.66,138.45,140.6,1597120.0
2021-08-04,140.33,142.9,140.0,141.2,902466.0
2021-08-05,141.48,147.82,141.25,146.51,2296716.0
2021-08-06,145.21,146.73,144.16,144.66,1212039.0
2021-08-09,144.7,145.32,143.74,144.32,1094291.0
2021-08-10,144.1,145.85,141.08,141.31,1525861.0
2021-08-11,147.09,149.29,144.74,145.47,2658214.0
2021-08-12,144.5,148.82,144.4,147.62,1392994.0
2021-08-13,147.29,148.76,146.82,147.46,1645981.0
2021-08-16,147.16,147.58,142.81,143.01,1691658.0
2021-08-17,141.45,143.35,140.15,143.29,1239433.0
2021-08-18,144.13,144.91,141.73,142.22,1103404.0
2021-08-19,141.66,143.32,140.64,141.27,2296653.0
2021-08-20,140.97,145.89,140.48,144.33,1957475.0
2021-08-23,144.72,145.55,142.45,145.08,1753427.0
2021-08-24,146.45,153.18,145.92,153.02,3631194.0
2021-08-25,153.0,156.96,152.68,155.02,4442091.0
2021-08-26,156.25,160.0,146.96,152.89,6686933.0
2021-08-27,152.91,155.77,150.52,155.07,2282072.0
2021-08-30,154.99,157.17,153.71,154.24,2004012.0
2021-08-31,154.0,154.68,152.28,152.87,1741729.0
2021-09-01,153.16,157.43,153.16,156.6,1953668.0
2021-09-02,156.44,159.26,155.12,158.11,1759988.0
2021-09-03,157.2,159.9,157.11,158.44,1359279.0
2021-09-07,158.0,158.44,155.5,157.21,1323595.0
2021-09-08,157.01,157.76,154.48,155.25,989077.0
2021-09-09,154.29,157.11,154.1,156.16,923857.0
2021-09-10,155.86,156.94,153.61,153.85,1018770.0
2021-09-13,153.74,153.74,149.44,150.93,1521390.0
2021-09-14,150.92,152.82,149.66,150.49,1247783.0
2021-09-15,150.17,152.35,149.85,151.68,1124659.0
2021-09-16,151.02,153.7,150.77,153.57,1303914.0
2021-09-17,153.41,153.54,150.2,151.78,2849869.0
2021-09-20,149.08,150.16,144.9,146.76,1597314.0
2021-09-21,147.0,149.63,146.73,148.18,1112049.0
2021-09-22,148.81,150.51,147.32,149.89,1068736.0
2021-09-23,150.79,153.29,150.43,152.56,968398.0
2021-09-24,152.06,152.06,149.18,151.12,1021107.0
2021-09-27,149.59,150.41,147.61,148.8,1323220.0
2021-09-28,145.61,146.67,139.41,139.42,2341548.0
2021-09-29,140.76,141.75,136.83,137.57,1558046.0
2021-09-30,138.28,145.64,138.2,144.71,2134487.0
2021-10-01,145.45,146.73,143.02,145.14,1425521.0
2021-10-04,143.79,143.98,137.69,140.28,1767126.0
2021-10-05,140.51,142.77,140.2,142.58,1132279.0
2021-10-06,141.17,146.48,139.92,146.46,1273554.0
2021-10-07,147.81,151.44,147.37,150.08,1509772.0
2021-10-08,150.88,153.85,149.95,150.9,1203004.0
2021-10-11,148.72,153.19,148.45,151.2,1377228.0
2021-10-12,152.25,156.11,151.85,155.66,1528422.0
2021-10-13,156.99,161.79,156.97,161.59,2338623.0
2021-10-14,162.19,167.32,162.08,164.48,1852528.0
2021-10-15,164.0,165.59,163.23,165.0,1319807.0
2021-10-18,163.97,165.26,161.78,163.93,1474285.0
2021-10-19,163.93,168.69,163.67,165.59,1770867.0
2021-10-20,165.75,168.06,165.14,167.27,1313028.0
2021-10-21,167.0,169.86,166.65,168.83,1155399.0
2021-10-22,167.46,169.6,166.67,167.47,1156700.0
2021-10-25,166.38,169.73,165.57,168.36,862379.0
2021-10-26,169.0,170.56,166.52,167.38,971093.0
2021-10-27,167.3,168.59,163.24,163.25,1013858.0
2021-10-28,162.69,165.65,162.01,164.5,1053876.0
2021-10-29,163.69,166.48,162.62,164.82,1229186.0
2021-11-01,164.85,166.79,164.4,166.0,1038329.0
2021-11-02,166.0,166.0,164.02,164.98,926344.0
2021-11-03,165.0,166.56,163.53,166.25,1332349.0
2021-11-04,166.31,168.6,165.64,166.44,866203.0
2021-11-05,167.29,168.61,163.83,166.07,870350.0
2021-11-08,166.94,168.78,165.35,168.69,834835.0
2021-11-09,169.1,174.92,168.57,173.31,1791451.0
2021-11-10,172.0,176.66,164.41,164.41,1812711.0
2021-11-11,165.05,166.51,163.33,163.79,1141652.0
2021-11-12,164.76,168.1,164.56,167.82,940165.0
2021-11-15,152.54,152.98,135.01,137.38,12811122.0
2021-11-16,140.34,141.96,138.22,141.39,5652040.0
2021-11-17,141.96,143.6,139.25,139.53,2221439.0
2021-11-18,139.33,139.99,135.9,136.06,2099022.0
2021-11-19,138.12,138.12,132.35,132.49,2626379.0
2021-11-22,132.26,132.75,126.89,128.16,2894602.0
2021-11-23,127.62,128.69,124.61,124.9,2497482.0
2021-11-24,123.2,125.5,122.22,125.07,2617865.0
2021-11-26,124.87,125.67,123.85,124.85,1276839.0
2021-11-29,125.88,126.29,121.3,125.0,2143127.0
2021-11-30,125.15,126.16,120.12,121.0,2927531.0
2021-12-01,122.11,122.26,111.25,111.7,3906418.0
2021-12-02,115.56,121.34,112.21,116.92,5529297.0
2021-12-03,116.7,116.89,108.08,114.21,4162848.0
2021-12-06,112.31,116.2,108.85,113.54,2769445.0
2021-12-07,116.39,119.63,116.28,117.99,2637033.0
2021-12-08,117.99,120.83,115.15,119.43,2058364.0
2021-12-09,118.27,118.8,112.48,113.15,2951102.0
2021-12-10,114.21,115.27,109.51,110.84,2727774.0
2021-12-13,110.9,114.12,109.42,111.5,1779431.0
2021-12-14,109.1,111.5,107.65,109.35,2589743.0
2021-12-15,109.1,113.9,106.53,112.82,2574546.0
2021-12-16,112.05,115.27,108.03,108.91,2978092.0
2021-12-17,107.66,111.64,105.45,111.34,3720323.0
2021-12-20,109.29,111.83,107.82,109.61,2184572.0
2021-12-21,110.5,114.19,110.22,114.04,2117844.0
2021-12-22,114.04,115.71,112.8,114.06,2039324.0
2021-12-23,114.08,116.82,113.0,115.92,1351165.0
2021-12-27,115.0,116.5,114.31,115.03,1219563.0
2021-12-28,115.03,115.42,112.34,112.68,1300429.0
2021-12-29,112.34,115.69,111.69,115.5,2513704.0
2021-12-30,115.61,117.58,115.35,116.09,1659979.0
2021-12-31,115.82,116.67,115.06,115.72,1546192.0
2022-01-03,116.09,117.23,113.0,116.96,1888969.0
2022-01-04,116.94,117.15,112.4,115.8,2376235.0
2022-01-05,114.3,115.55,112.08,112.24,2937956.0
2022-01-06,111.55,116.17,110.5,114.58,2746182.0
2022-01-07,113.75,116.99,112.49,114.79,2342507.0
2022-01-10,113.28,118.49,111.6,118.32,2223494.0
2022-01-11,118.14,122.78,116.58,122.11,2073643.0
2022-01-12,123.18,123.94,119.66,121.46,2633177.0
2022-01-13,121.03,122.08,119.08,120.4,2987877.0
2022-01-14,119.58,123.43,118.98,122.62,1943958.0
2022-01-18,119.18,121.43,117.27,118.05,2548174.0
2022-01-19,118.14,121.92,118.0,118.78,1859410.0
2022-01-20,120.32,122.0,117.92,118.1,1992066.0
2022-01-21,116.8,119.68,115.01,115.28,4010260.0
2022-01-24,115.4,121.55,112.22,121.29,4612555.0
2022-01-25,118.86,120.42,114.36,116.25,3384450.0
2022-01-26,118.15,119.95,112.12,113.12,3121562.0
2022-01-27,114.93,115.38,108.85,109.25,3584265.0
2022-01-28,109.61,113.87,106.71,113.87,2246116.0
2022-01-31,113.8,124.08,113.59,123.92,3095947.0
2022-02-01,123.69,124.72,120.85,124.01,1649695.0
2022-02-02,123.98,123.98,119.35,120.8,1681246.0
2022-02-03,118.2,120.02,114.55,114.94,1848889.0
2022-02-04,115.15,118.63,114.5,117.82,1761481.0
2022-02-07,118.03,121.19,116.77,117.78,2096376.0
2022-02-08,117.09,120.44,116.26,120.25,1001054.0
2022-02-09,122.41,122.81,119.21,122.66,1606078.0
2022-02-10,118.92,122.05,117.08,117.76,2657132.0
2022-02-11,118.26,120.15,113.98,114.51,1997376.0
2022-02-14,120.78,126.98,119.59,124.97,6803346.0
2022-02-15,125.29,125.86,120.9,123.94,2488688.0
2022-02-16,123.53,123.99,121.21,123.55,1507334.0
2022-02-17,122.1,122.1,116.66,117.54,2051696.0
2022-02-18,117.57,118.81,113.79,114.7,1669266.0
2022-02-22,112.06,117.81,112.01,116.21,3240983.0
2022-02-23,117.08,118.15,115.6,116.82,4074475.0
2022-02-24,112.54,121.67,112.4,121.34,5146465.0
2022-02-25,120.54,121.11,115.64,120.98,2297659.0
2022-02-28,120.85,121.35,117.38,118.1,2408128.0
2022-03-01,118.68,119.67,116.23,116.54,2072749.0
2022-03-02,116.8,117.53,113.02,114.92,3851884.0
2022-03-03,119.0,127.5,118.27,121.83,7166280.0
2022-03-04,123.37,132.09,123.28,129.06,5389514.0
2022-03-07,127.75,129.94,126.74,127.12,3019088.0
2022-03-08,125.16,129.31,123.95,124.11,2513529.0
2022-03-09,125.55,130.45,124.26,127.89,1838217.0
2022-03-10,126.35,128.96,125.29,126.92,1726490.0
2022-03-11,127.8,127.8,122.08,122.17,1901661.0
2022-03-14,120.02,121.67,109.74,110.22,2906265.0
2022-03-15,110.51,113.27,109.02,111.93,2403522.0
2022-03-16,112.25,117.87,112.22,117.87,2472610.0
2022-03-17,116.66,122.25,115.71,122.2,1757592.0
2022-03-18,121.4,128.07,121.12,128.01,3818732.0
2022-03-21,128.0,134.63,127.33,133.98,3090832.0
2022-03-22,132.47,139.7,131.64,139.4,2585332.0
2022-03-23,138.43,142.39,137.6,138.9,1691128.0
2022-03-24,138.94,142.98,137.7,142.98,1467392.0
2022-03-25,143.27,144.2,139.7,142.51,1301558.0
2022-03-28,141.42,143.93,139.62,143.85,1736780.0
2022-03-29,144.28,145.35,142.2,143.47,1527776.0
2022-03-30,142.0,145.03,141.2,142.09,1379105.0
2022-03-31,142.19,149.17,140.64,148.61,3532760.0
2022-04-01,146.86,150.64,145.68,147.87,1541240.0
2022-04-04,147.27,150.79,146.18,147.11,2330123.0
2022-04-05,146.73,148.72,138.35,140.57,2475960.0
2022-04-06,139.34,139.89,135.12,136.82,1350755.0
2022-04-07,135.69,137.4,134.0,136.12,1685313.0
2022-04-08,135.14,135.41,132.27,132.61,1201917.0
2022-04-11,130.65,134.21,129.86,133.28,1083229.0
2022-04-12,135.59,136.77,130.42,130.51,1652391.0
2022-04-13,131.57,141.79,131.1,141.72,2597418.0
2022-04-14,141.0,141.8,137.56,137.77,1455485.0
2022-04-18,136.84,137.11,133.1,133.81,825088.0
2022-04-19,133.7,137.0,131.29,136.44,1002003.0
2022-04-20,137.58,137.68,132.25,133.22,1297776.0
2022-04-21,134.3,136.41,125.73,125.86,1453013.0
2022-04-22,125.55,128.04,123.42,123.58,988905.0
2022-04-25,122.99,129.25,122.0,129.0,1689446.0
2022-04-26,128.51,128.55,123.86,124.1,1679546.0
2022-04-27,124.0,126.49,122.22,122.78,1109356.0
2022-04-28,124.29,127.21,121.73,126.35,950697.0
2022-04-29,125.56,127.57,121.77,122.02,1304653.0
2022-05-02,120.87,124.05,120.07,123.92,1371237.0
2022-05-03,123.95,125.31,120.52,121.98,860093.0
2022-05-04,121.43,123.78,113.81,122.91,2278087.0
2022-05-05,122.05,122.07,111.5,112.04,2943273.0
2022-05-06,111.04,111.04,102.58,103.37,2845129.0
2022-05-09,100.87,102.18,89.63,90.04,3818903.0
2022-05-10,93.01,97.11,89.22,94.89,3822884.0
2022-05-11,93.09,96.3,87.71,87.96,2815271.0
2022-05-12,86.86,93.8,84.63,93.76,4428091.0
2022-05-13,95.05,102.17,95.05,101.8,3104553.0
2022-05-16,101.45,104.58,95.75,96.35,2342765.0
2022-05-17,99.3,100.31,92.69,97.7,2678956.0
2022-05-18,95.73,98.25,94.7,95.68,1862473.0
2022-05-19,94.16,99.03,94.04,96.88,2783094.0
2022-05-20,99.77,100.61,95.5,98.9,1784288.0
2022-05-23,99.4,100.31,94.62,98.2,2820950.0
2022-05-24,96.79,96.79,88.54,88.77,3084395.0
2022-05-25,88.0,94.34,87.1,93.12,3851828.0
2022-05-26,98.91,102.04,98.46,102.0,4032550.0
2022-05-27,102.72,108.7,102.64,108.5,2875438.0
2022-05-31,106.6,107.72,100.94,102.56,3311647.0
2022-06-01,104.43,105.0,100.84,102.59,1501442.0
2022-06-02,102.0,108.5,101.78,108.44,1652177.0
2022-06-03,106.47,108.01,104.71,105.52,1782742.0
2022-06-06,107.87,108.39,104.64,105.91,1252655.0
2022-06-07,104.41,110.46,103.23,109.85,1875617.0
2022-06-08,108.47,109.27,105.68,105.91,1769732.0
2022-06-09,104.67,105.46,102.25,102.7,1384988.0
2022-06-10,100.0,101.77,97.49,98.46,1553014.0
2022-06-13,93.94,94.79,87.4,87.72,2603500.0
2022-06-14,88.88,89.66,85.8,86.47,2051826.0
2022-06-15,87.8,92.35,87.49,90.83,2338688.0
2022-06-16,87.24,89.03,85.15,85.79,1777784.0
2022-06-17,85.87,89.58,85.84,88.7,2758540.0
2022-06-21,89.9,94.72,89.9,93.57,2469569.0
2022-06-22,91.92,96.71,91.85,93.06,1389216.0
2022-06-23,94.96,95.01,91.37,92.36,2352591.0
2022-06-24,94.55,97.99,94.54,97.86,2685947.0
2022-06-27,97.71,98.56,95.83,97.51,2292507.0
2022-06-28,97.68,98.77,91.93,92.93,1540596.0
2022-06-29,93.19,94.1,91.6,92.32,1058721.0
2022-06-30,89.72,90.43,86.55,88.46,1441752.0
2022-07-01,89.31,92.0,89.09,91.96,962042.0
2022-07-05,90.87,94.68,88.79,94.42,1087469.0
2022-07-06,94.56,95.41,92.42,94.48,2223431.0
2022-07-07,95.09,100.9,94.62,100.69,2540359.0
2022-07-08,98.64,101.27,96.47,99.71,1248155.0
2022-07-11,98.83,99.49,95.8,96.48,1163177.0
2022-07-12,96.93,98.54,88.91,91.69,1514868.0
2022-07-13,88.76,92.25,87.65,91.49,1268869.0
2022-07-14,90.7,91.05,87.57,89.78,1131730.0
2022-07-15,91.26,95.6,90.57,95.42,2183702.0
2022-07-18,96.36,98.0,95.57,96.06,1290628.0
2022-07-19,97.35,99.61,95.93,99.4,1536191.0
2022-07-20,100.0,106.52,99.58,106.45,2472830.0
2022-07-21,105.4,107.67,104.94,107.25,1651057.0
2022-07-22,107.83,110.96,104.72,105.23,1719343.0
2022-07-25,105.0,105.18,102.35,103.36,871632.0
2022-07-26,103.2,103.61,97.94,98.63,2489082.0
2022-07-27,100.74,102.16,98.8,101.83,1776826.0
2022-07-28,101.47,104.05,99.77,103.88,1211704.0
2022-07-29,103.94,104.24,100.62,103.91,1273450.0
2022-08-01,102.85,105.48,100.57,104.5,920730.0
2022-08-02,102.61,107.64,102.57,106.73,944033.0
2022-08-03,107.88,111.98,107.88,111.5,1483808.0
2022-08-04,111.3,112.19,108.35,112.18,992131.0
2022-08-05,109.23,113.4,109.18,112.57,817417.0
2022-08-08,113.5,115.98,112.3,113.08,773062.0
2022-08-09,111.81,112.16,110.12,111.9,715821.0
2022-08-10,115.8,116.84,114.66,115.0,1095635.0
2022-08-11,116.06,116.13,110.53,111.38,1583954.0
2022-08-12,114.32,114.95,112.31,114.81,1414685.0
2022-08-15,113.84,116.33,113.12,114.84,759290.0
2022-08-16,113.78,114.49,111.81,113.33,980851.0
2022-08-17,110.58,111.65,108.85,109.58,1715843.0
2022-08-18,109.79,112.65,108.64,111.91,1926554.0
2022-08-19,111.06,111.67,107.38,109.22,1764687.0
2022-08-22,106.71,107.32,104.9,106.2,1596156.0
2022-08-23,108.24,109.74,107.08,108.24,1510224.0
2022-08-24,108.95,111.88,108.66,110.36,3663278.0
2022-08-25,98.0,103.66,95.06,97.12,10035105.0
2022-08-26,97.9,98.74,93.3,94.42,4444618.0
2022-08-29,92.72,95.58,92.61,93.59,2902357.0
2022-08-30,94.56,95.0,91.62,92.65,3803852.0
2022-08-31,93.29,94.77,89.96,90.03,3109140.0
2022-09-01,88.7,89.36,86.03,88.42,2573997.0
2022-09-02,89.87,90.0,86.81,87.33,2396362.0
2022-09-06,87.57,88.42,86.48,86.98,2016553.0
2022-09-07,87.0,88.57,85.56,88.15,1701251.0
2022-09-08,87.68,89.29,86.97,89.25,1340733.0
2022-09-09,91.13,94.8,90.65,94.45,1954398.0
2022-09-12,98.33,100.37,97.06,99.64,3103081.0
2022-09-13,95.12,98.06,94.69,96.35,2000916.0
2022-09-14,95.81,97.49,94.65,96.91,2793753.0
2022-09-15,95.35,97.25,92.91,93.48,2008154.0
2022-09-16,92.38,92.38,88.74,90.79,3505763.0
2022-09-19,89.7,91.82,89.12,91.52,1540779.0
2022-09-20,90.71,91.28,88.17,88.63,1652946.0
2022-09-21,89.54,90.62,86.49,86.54,1458066.0
2022-09-22,85.83,86.9,83.26,83.28,1795051.0
2022-09-23,82.48,82.48,79.47,81.03,2693134.0
2022-09-26,81.03,83.24,79.06,79.38,2071648.0
2022-09-27,81.28,81.71,78.75,80.39,2793152.0
2022-09-28,80.89,82.33,80.17,82.05,1472499.0
2022-09-29,79.66,79.77,76.43,77.8,2890394.0
2022-09-30,77.97,79.19,75.16,75.2,2519601.0
2022-10-03,75.44,78.21,75.21,78.03,2225139.0
2022-10-04,80.48,82.35,80.38,81.89,2418065.0
2022-10-05,79.62,83.36,79.03,83.31,1925237.0
2022-10-06,79.29,80.0,76.91,79.53,5365251.0
2022-10-07,78.09,78.09,72.41,72.98,3774104.0
2022-10-10,73.05,73.35,71.11,72.12,3346629.0
2022-10-11,72.59,72.84,69.61,70.17,2993410.0
2022-10-12,69.53,69.55,67.49,68.01,2996847.0
2022-10-13,65.92,70.97,65.0,69.75,3337513.0
2022-10-14,71.34,71.85,68.84,70.23,3305347.0
2022-10-17,76.33,76.59,73.54,74.04,6130342.0
2022-10-18,76.88,77.88,75.22,76.15,3994693.0
2022-10-19,75.31,78.52,74.74,77.08,2786236.0
2022-10-20,77.41,79.63,77.04,78.17,2671411.0
2022-10-21,78.1,79.31,76.37,79.2,2438912.0
2022-10-24,79.88,79.88,75.98,79.0,1405203.0
2022-10-25,79.8,82.88,79.8,82.87,1849360.0
2022-10-26,80.9,85.31,80.26,81.96,3170524.0
2022-10-27,83.22,85.18,82.56,83.16,1709459.0
2022-10-28,82.29,83.88,81.75,83.81,1040657.0
2022-10-31,83.12,83.97,82.15,83.11,1296612.0
2022-11-01,85.17,87.44,82.18,82.85,1923726.0
2022-11-02,83.07,83.51,76.73,76.76,1933556.0
2022-11-03,75.57,76.41,72.79,74.61,2232022.0
2022-11-04,75.55,75.7,69.15,72.03,3061234.0
2022-11-07,73.71,74.23,71.0,73.58,1522109.0
2022-11-08,74.28,77.44,71.96,75.04,1483381.0
2022-11-09,73.71,73.71,70.98,71.89,1469422.0
2022-11-10,77.94,81.71,77.58,81.55,2110861.0
2022-11-11,81.53,86.56,80.88,85.67,2394946.0
2022-11-14,84.24,85.36,81.61,84.08,1481207.0
2022-11-15,86.71,88.27,84.38,85.0,1462475.0
2022-11-16,83.8,84.97,80.42,81.19,2093027.0
2022-11-17,78.75,79.97,76.87,78.25,2048958.0
2022-11-18,80.16,80.45,75.83,77.3,1482083.0
2022-11-21,76.66,77.63,76.09,77.28,1342796.0
2022-11-22,77.08,77.9,75.11,77.34,1254458.0
2022-11-23,75.51,79.17,72.82,78.34,2394562.0
2022-11-25,77.92,79.12,77.48,78.29,739458.0
2022-11-28,76.81,78.39,75.86,76.48,2072956.0
2022-11-29,76.6,77.06,75.62,75.89,1883855.0
2022-11-30,74.99,77.85,72.17,77.68,4943339.0
2022-12-01,87.04,92.3,84.63,91.49,9146232.0
2022-12-02,89.56,90.22,87.02,88.64,4115520.0
2022-12-05,88.13,88.7,84.06,85.43,3358345.0
2022-12-06,85.4,85.93,83.43,84.6,1567067.0
2022-12-07,84.6,85.68,82.51,83.72,2350776.0
2022-12-08,84.07,87.94,83.3,87.03,2206961.0
2022-12-09,86.07,88.47,85.32,87.54,1375773.0
2022-12-12,87.42,92.19,87.37,92.16,2746830.0
2022-12-13,95.55,96.5,89.3,91.81,3271462.0
2022-12-14,91.65,93.39,89.51,91.6,1811058.0
2022-12-15,88.35,89.13,86.92,87.52,1975631.0
2022-12-16,85.81,88.36,85.5,87.4,9520808.0
2022-12-19,87.4,87.4,82.66,82.8,2459218.0
2022-12-20,81.72,85.2,81.11,84.54,1782792.0
2022-12-21,84.54,86.5,83.36,86.0,1143702.0
2022-12-22,84.3,85.53,83.41,85.07,1361154.0
2022-12-23,83.98,84.79,82.94,84.6,889727.0
2022-12-27,83.68,84.6,82.59,83.56,1001769.0
2022-12-28,83.22,84.31,82.41,83.0,745615.0
2022-12-29,84.19,87.03,83.37,86.54,1464899.0
2022-12-30,84.81,86.5,84.6,86.09,1050204.0
2023-01-03,87.3,89.97,85.96,86.82,1499592.0
2023-01-04,87.94,91.36,86.61,89.65,2011040.0
2023-01-05,88.18,88.68,84.66,84.88,1663909.0
2023-01-06,85.33,85.52,81.5,83.36,1599376.0
2023-01-09,84.05,89.08,83.9,87.0,2165866.0
2023-01-10,86.69,87.68,84.74,86.52,1121047.0
2023-01-11,87.27,88.5,86.03,88.01,1431825.0
2023-01-12,88.01,89.52,85.86,88.86,1450646.0
2023-01-13,87.15,89.14,86.52,88.8,982250.0
2023-01-17,87.07,90.36,86.19,89.71,1533632.0
2023-01-18,90.85,91.5,87.16,87.6,1622173.0
2023-01-19,86.37,88.71,86.25,87.55,1187482.0
2023-01-20,88.48,91.04,87.72,90.61,2568852.0
2023-01-23,90.85,93.41,90.1,93.1,1609286.0
2023-01-24,92.87,94.59,91.85,92.32,1376063.0
2023-01-25,89.59,93.32,88.64,92.34,1523072.0
2023-01-26,94.29,95.6,93.01,95.56,1497234.0
2023-01-27,94.51,96.63,94.18,95.28,2325069.0
2023-01-30,93.78,94.2,91.35,93.65,1895493.0
2023-01-31,93.99,95.92,93.24,95.77,1937836.0
2023-02-01,96.15,100.95,95.84,99.8,2573853.0
2023-02-02,102.99,107.28,101.0,106.99,3250848.0
2023-02-03,102.73,108.06,102.56,104.57,2740698.0
2023-02-06,104.34,106.57,103.08,103.81,1610832.0
2023-02-07,103.9,106.92,102.55,106.16,2394703.0
2023-02-08,106.82,107.48,105.09,105.66,1630220.0
2023-02-09,107.2,109.95,106.8,107.62,2053833.0
2023-02-10,106.16,106.53,102.81,104.68,1353392.0
2023-02-13,104.96,106.94,103.77,106.87,1362111.0
2023-02-14,106.0,109.13,105.57,106.58,1409822.0
2023-02-15,106.83,109.88,106.73,109.62,1551828.0
2023-02-16,106.61,109.43,106.22,107.09,1120259.0
2023-02-17,106.15,106.32,102.85,105.0,2091951.0
2023-02-21,102.97,104.3,101.59,101.64,1847079.0
2023-02-22,102.98,104.27,102.17,103.3,1592224.0
2023-02-23,104.37,105.0,101.71,103.82,1062163.0
2023-02-24,101.0,102.67,100.38,101.9,1714936.0
2023-02-27,103.6,104.7,101.47,101.78,1447438.0
2023-02-28,101.92,102.87,100.58,102.5,2343358.0
2023-03-01,103.11,103.8,101.41,102.48,2897039.0
2023-03-02,97.51,103.36,94.0,102.18,3954691.0
2023-03-03,102.15,103.24,99.86,100.75,2258770.0
2023-03-06,101.04,105.2,101.04,103.29,2296975.0
2023-03-07,103.46,103.67,100.4,101.11,1676405.0
2023-03-08,101.6,101.85,98.44,99.63,1693328.0
2023-03-09,99.37,100.24,93.7,94.46,2099504.0
2023-03-10,93.68,94.13,90.11,90.62,1800712.0
2023-03-13,88.53,90.92,87.0,89.42,2113663.0
2023-03-14,90.77,91.56,89.07,89.7,1687645.0
2023-03-15,88.18,88.85,87.0,87.86,1558225.0
2023-03-16,87.61,89.8,87.07,89.75,1290071.0
2023-03-17,89.11,90.22,87.73,89.15,2602605.0
2023-03-20,89.0,90.66,88.27,89.77,2197295.0
2023-03-21,90.85,94.52,90.52,94.43,2450222.0
2023-03-22,94.1,94.41,90.55,90.58,1198624.0
2023-03-23,91.64,92.9,90.27,91.25,1281129.0
2023-03-24,90.36,91.87,89.63,90.58,908754.0
2023-03-27,91.2,91.84,90.22,90.86,1226975.0
2023-03-28,90.61,91.19,89.08,89.26,1147302.0
2023-03-29,90.68,91.64,90.18,91.47,1530659.0
2023-03-30,92.66,93.28,91.26,92.26,1342144.0
2023-03-31,92.72,95.93,92.42,95.88,1657246.0
2023-04-03,94.55,95.72,93.17,95.0,1045462.0
2023-04-04,94.95,95.07,92.9,94.95,1144205.0
2023-04-05,94.46,94.53,92.28,93.56,1476754.0
2023-04-06,92.81,93.87,91.25,93.82,908695.0
2023-04-10,92.36,93.35,91.18,93.14,870801.0
2023-04-11,92.49,93.47,90.4,90.8,1382143.0
2023-04-12,92.21,92.8,90.02,90.06,845732.0
2023-04-13,90.99,92.58,90.11,91.65,889680.0
2023-04-14,90.99,91.58,89.22,91.0,1090127.0
2023-04-17,91.33,93.29,90.79,93.19,891901.0
2023-04-18,94.65,94.84,91.04,92.57,895326.0
2023-04-19,91.98,92.94,91.23,92.51,644009.0
2023-04-20,91.24,92.47,90.84,91.33,849055.0
2023-04-21,91.15,91.64,90.21,91.12,811124.0
2023-04-24,91.12,91.75,88.11,90.0,1036073.0
2023-04-25,88.5,88.69,84.66,84.72,1827718.0
2023-04-26,86.05,87.47,85.95,86.4,1204575.0
2023-04-27,87.45,87.45,85.44,86.08,908534.0
2023-04-28,85.0,86.45,83.63,86.24,926435.0
2023-05-01,86.04,86.04,84.04,84.96,1159850.0
2023-05-02,85.06,85.98,82.67,82.94,1562925.0
2023-05-03,82.87,84.89,82.34,82.83,1012120.0
2023-05-04,82.91,84.06,82.19,82.53,1146369.0
2023-05-05,83.62,85.76,83.62,85.25,1190325.0
2023-05-08,85.38,86.33,84.76,85.8,746211.0
2023-05-09,85.23,86.17,84.34,84.88,945308.0
2023-05-10,85.83,87.37,85.39,85.79,725881.0
2023-05-11,85.79,86.0,84.7,85.61,515493.0
2023-05-12,85.36,85.52,83.45,84.84,844917.0
2023-05-15,85.08,88.85,84.52,88.75,1297138.0
2023-05-16,88.01,88.86,87.31,88.47,1180687.0
2023-05-17,89.36,93.91,89.32,93.56,2072236.0
2023-05-18,93.0,96.87,93.0,96.71,1669443.0
2023-05-19,97.0,97.86,95.15,96.23,1247054.0
2023-05-22,96.23,98.46,95.5,98.12,1387374.0
2023-05-23,97.33,99.86,96.49,96.52,1658474.0
2023-05-24,95.5,97.47,94.8,96.69,2141276.0
2023-05-25,104.53,107.66,94.73,95.7,6552680.0
2023-05-26,95.7,101.78,95.7,99.58,2779039.0
2023-05-30,101.27,102.07,98.29,99.15,1723198.0
2023-05-31,98.6,99.84,97.59,99.29,2014305.0
2023-06-01,98.15,103.95,97.17,103.0,1665193.0
2023-06-02,104.56,104.94,102.75,102.88,1436559.0
2023-06-05,101.91,102.78,100.91,101.86,1143179.0
2023-06-06,101.31,104.24,101.31,103.52,1147564.0
2023-06-07,103.58,103.83,97.37,98.4,2133992.0
2023-06-08,97.87,100.39,97.66,98.85,1127860.0
2023-06-09,99.54,100.25,97.97,98.89,1287379.0
2023-06-12,99.0,102.05,99.0,101.68,1482704.0
2023-06-13,101.69,103.21,100.89,101.6,1333575.0
2023-06-14,101.67,104.21,101.35,104.16,1493354.0
2023-06-15,102.72,112.03,102.72,110.48,4425752.0
2023-06-16,110.75,110.99,107.38,108.02,2885295.0
2023-06-20,106.44,108.76,105.42,107.71,1783124.0
2023-06-21,107.92,108.22,103.63,104.44,1046707.0
2023-06-22,103.53,104.87,102.86,104.46,842143.0
2023-06-23,102.32,102.68,100.86,100.98,1991655.0
2023-06-26,100.66,101.97,99.4,99.61,841091.0
2023-06-27,100.36,103.17,100.02,102.38,1059954.0
2023-06-28,102.23,104.58,101.86,104.35,1441355.0
2023-06-29,105.0,105.55,103.91,105.25,940744.0
2023-06-30,106.19,107.6,105.95,106.09,1105274.0
2023-07-03,105.64,105.95,104.59,105.54,476762.0
2023-07-05,104.54,107.3,103.78,106.27,1446176.0
2023-07-06,104.35,105.13,103.09,104.39,1571140.0
2023-07-07,103.76,106.0,103.6,104.41,717799.0
2023-07-10,103.59,106.07,103.54,104.48,1575874.0
2023-07-11,104.76,105.44,103.38,104.92,974234.0
2023-07-12,106.93,107.0,102.23,103.64,1239348.0
2023-07-13,104.47,108.59,104.47,108.16,1811410.0
2023-07-14,108.68,110.58,107.84,108.95,1706538.0
2023-07-17,109.35,111.72,109.35,111.07,1291747.0
2023-07-18,111.07,111.28,108.67,109.28,1731828.0
2023-07-19,110.0,110.8,107.08,108.67,1369954.0
2023-07-20,106.75,107.99,103.88,104.79,1555770.0
2023-07-21,105.71,106.46,103.58,104.46,1391901.0
2023-07-24,105.21,105.44,102.89,103.58,770828.0
2023-07-25,104.4,105.31,103.69,104.3,692913.0
2023-07-26,103.9,105.67,103.26,105.37,798556.0
2023-07-27,106.61,107.05,101.55,102.29,1548743.0
2023-07-28,103.37,105.4,102.93,104.45,1243185.0
2023-07-31,105.14,109.73,105.0,108.33,2182065.0
2023-08-01,107.44,107.89,105.98,107.2,663070.0
2023-08-02,104.97,105.14,102.0,103.8,1453387.0
2023-08-03,103.43,105.62,103.33,104.42,787350.0
2023-08-04,105.54,105.54,102.01,102.81,1403643.0
2023-08-07,103.14,103.26,101.13,102.34,915619.0
2023-08-08,99.67,100.3,97.82,100.2,1649798.0
2023-08-09,101.32,101.55,98.83,99.27,868287.0
2023-08-10,100.23,101.44,98.74,98.83,1431167.0
2023-08-11,97.97,99.02,97.32,98.43,969731.0
2023-08-14,98.24,99.44,97.68,98.6,995975.0
2023-08-15,97.84,99.21,97.78,98.04,858426.0
2023-08-16,97.73,98.47,96.93,97.02,940748.0
2023-08-17,97.08,97.76,95.51,97.15,1352949.0
2023-08-18,95.64,97.95,95.24,97.49,932796.0
2023-08-21,98.0,99.32,97.33,98.6,1583328.0
2023-08-22,100.0,100.11,98.1,98.16,1508747.0
2023-08-23,98.86,100.22,98.23,99.93,2457900.0
2023-08-24,110.48,114.6,110.15,112.83,9076533.0
2023-08-25,112.89,116.18,110.74,115.94,4065896.0
2023-08-28,116.32,117.72,115.13,117.15,2565013.0
2023-08-29,117.22,119.88,117.22,118.42,3111882.0
2023-08-30,118.34,120.49,118.23,120.28,1663688.0
2023-08-31,121.0,122.19,120.57,121.26,1705528.0
2023-09-01,122.16,123.44,122.09,122.85,1939494.0
2023-09-05,122.29,124.35,121.88,124.21,1919388.0
2023-09-06,123.57,125.52,123.22,124.56,1886527.0
2023-09-07,123.08,125.4,123.0,124.8,1572704.0
2023-09-08,124.8,125.65,123.62,124.28,1251908.0
2023-09-11,125.0,125.91,123.97,124.14,1712955.0
2023-09-12,122.6,123.44,122.01,122.6,1956140.0
2023-09-13,122.22,124.37,121.94,123.45,1293360.0
2023-09-14,124.22,124.29,121.96,122.15,1328535.0
2023-09-15,121.64,121.85,119.46,120.83,2413358.0
2023-09-18,120.04,120.8,119.05,119.25,1191060.0
2023-09-19,118.67,119.54,117.81,119.27,1131240.0
2023-09-20,119.47,121.5,119.01,119.59,1242664.0
2023-09-21,144.48,145.81,144.24,144.43,26205238.0
2023-09-22,144.42,145.47,144.26,145.07,9188557.0
2023-09-25,145.0,145.3,144.59,144.8,6353456.0
2023-09-26,144.75,145.9,144.75,145.65,4011578.0
2023-09-27,145.64,147.14,145.64,146.57,3916338.0
2023-09-28,146.5,147.0,146.43,146.51,2514993.0
2023-09-29,146.59,146.85,146.15,146.25,2730488.0
2023-10-02,146.27,146.56,146.02,146.2,2667073.0
2023-10-03,146.2,146.24,145.93,146.0,2408051.0
2023-10-04,146.0,146.72,145.98,146.66,1844559.0
2023-10-05,146.25,147.0,146.21,146.98,2045441.0
2023-10-06,146.58,146.91,146.41,146.7,2837230.0
2023-10-09,146.65,147.48,146.61,147.1,2178669.0
2023-10-10,147.0,147.21,146.52,146.53,3185707.0
2023-10-11,146.52,147.35,146.49,147.18,2137572.0
2023-10-12,147.04,147.78,146.94,147.72,1970112.0
2023-10-13,147.78,148.31,147.72,147.94,2002613.0
2023-10-16,147.9,148.5,147.7,148.25,1554201.0
2023-10-17,147.8,148.21,147.47,147.81,1455520.0
2023-10-18,147.78,148.44,147.72,148.01,1929589.0
2023-10-19,148.01,148.45,147.8,147.9,1975605.0
2023-10-20,147.9,148.0,147.53,147.53,2431915.0
2023-10-23,147.57,148.3,147.5,148.02,1096218.0
2023-10-24,148.21,148.35,147.63,147.67,1666388.0
2023-10-25,147.73,147.96,147.4,147.49,1469246.0
2023-10-26,147.55,147.7,147.08,147.13,2162930.0
2023-10-27,147.3,147.57,146.9106,147.14,2181435.0
2023-10-30,147.03,147.37,146.7405,147.2,1609989.0
2023-10-31,146.99,147.62,146.8,147.16,2236934.0
2023-11-01,147.15,147.3,146.545,146.88,3149587.0
2023-11-02,146.69,146.92,146.49,146.79,2147430.0
2023-11-03,146.7,147.13,146.43,146.48,2260183.0
2023-11-06,146.67,146.815,146.3,146.62,1588372.0
2023-11-07,146.62,147.34,146.45,147.17,1936879.0
2023-11-08,147.04,147.83,146.71,146.71,2012168.0
2023-11-09,146.83,147.17,146.54,146.55,1733321.0
2023-11-10,146.6,147.15,146.465,147.0,1426047.0
2023-11-13,146.94,147.06,146.64,146.8,1588511.0
2023-11-14,151.1,151.5,151.05,151.14,4481168.0
2023-11-15,151.1,151.37,151.0,151.06,2479068.0
2023-11-16,151.02,151.25,150.82,150.88,2200235.0
2023-11-17,151.0,151.14,150.76,151.01,1925554.0
2023-11-20,151.0,151.296,150.82,151.29,1377011.0
2023-11-21,151.41,151.82,151.21,151.81,1653418.0
2023-11-22,151.96,151.96,151.44,151.54,1620116.0
2023-11-24,151.53,151.96,151.45,151.93,476169.0
2023-11-27,151.89,152.0,151.5,151.59,1891812.0
2023-11-28,151.57,151.7,150.9301,151.21,3057345.0
2023-11-29,151.89,151.89,149.61,150.6,6533979.0
2023-11-30,150.92,151.9,150.5,151.54,4967413.0
2023-12-01,151.45,151.55,151.15,151.33,1731078.0
2023-12-04,151.18,151.31,150.89,150.97,2068381.0
2023-12-05,150.8,151.39,150.8,151.38,1208862.0
2023-12-06,151.2,151.445,151.0,151.1,1396804.0
2023-12-07,151.01,151.33,150.94,151.01,1957433.0
2023-12-08,151.0,151.15,150.85,150.95,1201636.0
2023-12-11,150.93,151.62,150.88,151.49,2123347.0
2023-12-12,151.4,151.8,151.27,151.67,1943245.0
2023-12-13,151.74,152.11,151.5,152.04,2252891.0
2023-12-14,151.75,152.01,151.41,151.87,2876731.0
2023-12-15,151.61,152.77,151.56,152.56,13921500.0
2023-12-18,152.31,152.49,151.75,151.89,2534342.0
2023-12-19,151.88,152.035,151.62,151.97,2457865.0
2023-12-20,151.97,152.39,151.87,151.92,1591789.0
2023-12-21,152.15,152.25,151.76,151.8,1885341.0
2023-12-22,151.8,152.22,151.72,152.1,1466441.0
2023-12-26,152.0,152.4003,151.86,152.25,1101360.0
2023-12-27,152.01,152.22,151.99,152.08,1724609.0
2023-12-28,152.21,152.21,152.04,152.06,811295.0
2023-12-29,152.04,152.5299,152.04,152.35,1138446.0
2024-01-02,152.11,152.31,151.94,152.28,2383284.0
2024-01-03,152.15,152.37,152.025,152.15,1328035.0
2024-01-04,152.23,152.41,152.06,152.16,1495577.0
2024-01-05,152.1,152.34,152.05,152.22,1352011.0
2024-01-08,152.21,152.48,152.19,152.26,1515864.0
2024-01-09,152.24,152.53,152.21,152.38,1236487.0
2024-01-10,152.31,152.61,152.3,152.49,1112694.0
2024-01-11,152.49,153.3,152.42,152.73,2044711.0
2024-01-12,152.73,152.84,152.6,152.65,1513209.0
2024-01-16,152.5,152.77,152.435,152.63,1905311.0
2024-01-17,152.45,152.76,152.45,152.69,1540466.0
2024-01-18,152.59,152.97,152.56,152.79,1344356.0
2024-01-19,152.81,153.34,152.77,153.25,1987180.0
2024-01-22,153.32,153.88,153.045,153.29,1555086.0
2024-01-23,153.3,153.43,153.15,153.33,865229.0
2024-01-24,153.1,153.54,153.1,153.25,1301052.0
2024-01-25,153.47,153.47,153.255,153.3,959292.0
2024-01-26,153.27,153.38,153.2,153.36,1975674.0
2024-01-29,153.27,153.8,153.22,153.64,1786546.0
2024-01-30,153.56,153.69,153.17,153.42,1875264.0
2024-01-31,153.3,153.64,153.28,153.37,1340339.0
2024-02-01,153.42,153.68,153.28,153.34,1351209.0
2024-02-02,153.35,153.5,153.3,153.39,1662868.0
2024-02-05,153.21,153.42,153.12,153.34,1712569.0
2024-02-06,153.35,153.525,153.25,153.5,1325117.0
2024-02-07,153.65,153.68,153.36,153.42,1251911.0
2024-02-08,154.05,154.45,154.05,154.25,2312569.0
2024-02-09,154.35,154.6,154.24,154.54,1337948.0
2024-02-12,154.4,154.82,154.35,154.42,1416622.0
2024-02-13,154.44,154.86,154.4,154.5,1375173.0
2024-02-14,154.7,154.7,154.43,154.5,1714726.0
2024-02-15,155.3,155.47,155.2,155.41,2970991.0
2024-02-16,155.4,155.465,155.25,155.37,2579198.0
2024-02-20,155.42,155.48,155.32,155.4,1929989.0
2024-02-21,155.35,155.5,155.35,155.48,1989098.0
2024-02-22,155.64,155.83,155.57,155.63,1618183.0
2024-02-23,155.61,155.78,155.55,155.55,1274226.0
2024-02-26,155.53,155.69,155.49,155.55,1021695.0
2024-02-27,155.57,155.675,155.51,155.6,1637212.0
2024-02-28,155.55,156.16,155.55,156.16,2438734.0
2024-02-29,156.05,156.3,156.05,156.22,3148005.0
2024-03-01,156.07,156.21,155.91,156.16,2886566.0
2024-03-04,156.13,156.27,156.1,156.22,1504973.0
2024-03-05,156.42,156.4702,156.29,156.44,2217254.0
2024-03-06,156.43,156.48,156.2,156.21,1714216.0
2024-03-07,156.35,156.54,156.25,156.34,1619384.0
2024-03-08,156.33,156.5,156.275,156.45,1592315.0
2024-03-11,156.38,156.64,156.38,156.5,1924570.0
2024-03-12,156.43,156.64,156.39,156.6,1996783.0
2024-03-13,156.6,156.7,156.54,156.65,1807780.0
2024-03-14,156.86,156.87,156.1426,156.51,4423709.0
2024-03-15,156.95,156.97,156.9,156.9,18211830.0
