Date,open,high,low,close,volume
2015-04-27,126.21,126.91,124.04,124.47,32192939.0
2015-04-28,124.54,125.37,123.25,125.16,34298610.0
2015-04-29,124.47,124.9,123.63,123.8,26195084.0
2015-04-30,123.06,123.44,120.66,121.18,65454997.0
2015-05-01,121.52,122.16,120.9,121.97,43429963.0
2015-05-04,122.13,123.34,121.79,122.41,35756603.0
2015-05-05,122.35,122.62,120.28,120.85,53735335.0
2015-05-06,121.11,121.49,120.24,121.27,32102102.0
2015-05-07,121.14,122.23,120.57,121.73,28338782.0
2015-05-08,122.93,123.25,122.4,122.64,25283407.0
2015-05-11,122.6,123.66,122.44,122.71,27940368.0
2015-05-12,122.35,122.92,120.87,122.49,33084950.0
2015-05-13,122.76,123.21,122.0,122.48,26685238.0
2015-05-14,123.08,123.86,122.45,123.79,23111828.0
2015-05-15,123.56,123.72,122.94,123.65,21687736.0
2015-05-18,123.4,125.16,123.17,125.05,28923204.0
2015-05-19,124.8,125.05,124.31,124.88,22659243.0
2015-05-20,125.17,125.46,124.34,125.11,19857765.0
2015-05-21,124.98,125.47,124.48,124.97,15425984.0
2015-05-22,124.76,125.24,124.0,124.43,22079677.0
2015-05-26,123.94,124.04,122.52,123.24,40490527.0
2015-05-27,123.36,124.87,122.79,124.75,29317040.0
2015-05-28,124.45,124.71,123.77,124.64,18440660.0
2015-05-29,124.61,124.73,123.32,123.89,31385581.0
2015-06-01,124.69,124.9,123.03,124.28,35352281.0
2015-06-02,123.8,125.31,123.48,124.52,25294186.0
2015-06-03,124.76,125.93,124.42,125.76,28642009.0
2015-06-04,125.08,125.62,124.08,124.5,24488705.0
2015-06-05,124.23,125.52,123.32,125.4,34734405.0
2015-06-08,125.28,125.62,124.57,124.82,18559033.0
2015-06-09,124.71,124.86,123.5,124.41,23747334.0
2015-06-10,124.93,126.48,124.85,125.99,40982610.0
2015-06-11,126.17,126.54,125.91,126.35,17303989.0
2015-06-12,125.92,126.15,125.43,125.92,23206663.0
2015-06-15,125.11,125.8,123.94,125.53,30370541.0
2015-06-16,125.38,126.65,125.32,126.42,30752453.0
2015-06-17,126.74,126.96,125.97,126.22,27808065.0
2015-06-18,126.82,128.24,126.74,127.86,36757634.0
2015-06-19,127.82,128.16,127.6,127.83,21961711.0
2015-06-22,128.42,128.84,128.15,128.66,22296941.0
2015-06-23,128.68,129.09,128.39,128.99,22746346.0
2015-06-24,128.76,129.1,127.73,127.91,22326563.0
2015-06-25,128.35,128.42,127.24,127.85,22850065.0
2015-06-26,128.1,128.34,126.82,127.51,35893450.0
2015-06-29,126.63,127.07,124.11,124.34,45915734.0
2015-06-30,125.18,125.32,124.29,124.84,38765521.0
2015-07-01,125.77,126.16,124.06,125.23,28378867.0
2015-07-02,124.8,124.96,123.37,123.8,30050974.0
2015-07-06,122.94,124.51,122.82,123.74,25425018.0
2015-07-07,123.88,123.99,121.53,123.85,38862963.0
2015-07-08,122.8,123.35,121.28,121.99,39013210.0
2015-07-09,123.35,123.53,122.27,122.43,28302876.0
2015-07-10,123.84,124.34,123.36,124.14,27608814.0
2015-07-13,124.77,125.64,124.75,125.48,21200245.0
2015-07-14,125.46,126.5,125.4,126.19,20895462.0
2015-07-15,126.31,126.48,125.27,125.54,21596321.0
2015-07-16,126.11,126.74,125.97,126.35,31563964.0
2015-07-17,126.31,126.38,125.36,125.73,24397331.0
2015-07-20,125.78,125.86,124.76,125.06,23134338.0
2015-07-21,125.07,125.8,124.11,124.53,27586658.0
2015-07-22,124.08,125.09,123.88,124.89,20450302.0
2015-07-23,124.99,125.39,123.3,123.57,38421541.0
2015-07-24,123.48,123.71,121.49,121.62,36638974.0
2015-07-27,121.13,121.32,120.27,120.56,34471205.0
2015-07-28,120.92,121.81,119.34,121.61,50836041.0
2015-07-29,121.36,122.33,120.97,121.92,31710511.0
2015-07-30,121.63,122.44,121.01,122.28,26732884.0
2015-07-31,122.45,123.67,122.22,122.91,29800213.0
2015-08-03,123.03,123.16,121.45,122.28,33866171.0
2015-08-04,122.39,122.96,121.61,122.04,20797256.0
2015-08-05,122.59,123.53,121.91,122.31,24886003.0
2015-08-06,122.47,122.66,119.78,120.7,40664605.0
2015-08-07,120.14,120.44,119.07,119.91,41625659.0
2015-08-10,120.33,121.52,120.31,121.28,27522898.0
2015-08-11,120.48,121.09,119.65,120.24,32068151.0
2015-08-12,119.57,120.34,117.96,120.02,45015432.0
2015-08-13,120.1,120.59,119.39,119.61,34592635.0
2015-08-14,119.49,120.49,119.02,120.38,20887329.0
2015-08-17,120.03,121.68,119.6,121.6,22230441.0
2015-08-18,121.46,121.46,120.52,120.68,25823837.0
2015-08-19,119.9,120.5,118.74,119.44,43697468.0
2015-08-20,118.34,118.61,116.39,116.53,49031298.0
2015-08-21,115.13,116.66,114.37,115.03,77913029.0
2015-08-24,109.51,114.92,108.26,110.54,80054983.0
2015-08-25,114.05,114.1,109.56,109.75,58093022.0
2015-08-26,111.83,112.69,109.42,112.42,48488204.0
2015-08-27,113.3,115.12,112.36,114.49,48524451.0
2015-08-28,114.36,115.7,114.21,115.63,38567376.0
2015-08-31,115.1,115.98,114.76,115.14,28961465.0
2015-09-01,113.11,114.12,111.6,112.0,44341996.0
2015-09-02,113.41,113.97,112.07,113.94,26771021.0
2015-09-03,114.08,115.13,113.55,113.81,33208910.0
2015-09-04,112.53,113.7,112.28,112.84,29996228.0
2015-09-08,114.56,115.57,114.11,115.42,28413712.0
2015-09-09,116.17,116.41,114.01,114.14,39309033.0
2015-09-10,113.75,115.28,113.72,114.65,29674159.0
2015-09-11,114.16,115.2,113.66,115.2,27036793.0
2015-09-14,115.52,115.54,114.43,114.68,21703184.0
2015-09-15,114.86,116.19,114.73,115.96,26644804.0
2015-09-16,115.95,117.02,115.79,116.91,26878674.0
2015-09-17,116.92,118.89,116.68,117.38,49987154.0
2015-09-18,115.76,116.84,115.4,115.7,40185236.0
2015-09-21,116.54,117.3,115.08,115.54,32322332.0
2015-09-22,114.45,114.73,113.05,113.76,35652834.0
2015-09-23,114.02,114.42,113.07,113.42,22990636.0
2015-09-24,112.79,113.42,111.87,113.21,38928652.0
2015-09-25,113.82,113.91,110.93,111.43,43218911.0
2015-09-28,111.05,111.15,107.88,108.28,54934711.0
2015-09-29,108.25,109.11,106.99,107.56,48036813.0
2015-09-30,108.48,109.43,107.91,109.22,48505679.0
2015-10-01,109.37,109.68,107.43,109.0,44783220.0
2015-10-02,107.98,110.63,107.12,110.61,56843196.0
2015-10-05,111.66,113.45,111.54,113.29,41221673.0
2015-10-06,113.21,113.67,111.78,112.56,33824422.0
2015-10-07,113.1,114.5,112.63,114.45,36281051.0
2015-10-08,114.38,115.75,113.95,115.54,42941452.0
2015-10-09,115.72,116.14,115.39,115.7,26615254.0
2015-10-12,115.79,115.99,115.07,115.57,21938700.0
2015-10-13,115.11,116.3,113.93,113.99,36010391.0
2015-10-14,114.04,114.75,112.71,112.87,39721344.0
2015-10-15,113.19,115.57,112.66,115.49,40541981.0
2015-10-16,115.8,115.8,114.43,115.37,32837912.0
2015-10-19,114.9,116.21,114.65,115.61,24664460.0
2015-10-20,115.58,116.3,115.03,115.51,18733446.0
2015-10-21,115.92,115.98,113.65,113.74,33635880.0
2015-10-22,114.41,115.42,113.73,114.73,33999463.0
2015-10-23,115.65,116.05,114.73,115.84,39868776.0
2015-10-26,115.6,115.87,114.93,115.07,19226341.0
2015-10-27,114.59,114.87,113.1,113.86,37279913.0
2015-10-28,114.14,117.14,113.92,117.12,63657261.0
2015-10-29,116.74,117.11,115.56,115.85,27040757.0
2015-10-30,115.56,116.03,115.08,115.39,27643715.0
2015-11-02,115.45,118.07,115.42,117.8,33541063.0
2015-11-03,117.59,119.03,117.39,118.33,27867349.0
2015-11-04,118.65,119.0,117.69,118.29,25570307.0
2015-11-05,118.24,118.6,117.09,118.36,27106202.0
2015-11-06,118.01,119.36,117.29,119.25,35127223.0
2015-11-09,119.07,119.29,117.27,117.82,32951058.0
2015-11-10,117.32,118.17,116.96,118.14,21669776.0
2015-11-11,118.31,118.34,117.08,117.14,22026361.0
2015-11-12,116.33,116.49,114.73,114.9,39218541.0
2015-11-13,114.44,115.34,113.66,114.07,43793405.0
2015-11-16,113.96,115.09,113.36,115.05,28936932.0
2015-11-17,115.15,116.15,114.45,114.61,34428188.0
2015-11-18,114.93,116.65,114.52,116.55,35029694.0
2015-11-19,116.44,116.65,115.74,116.06,25269002.0
2015-11-20,116.48,117.36,116.38,116.81,31744385.0
2015-11-23,116.71,117.89,116.68,117.39,22384483.0
2015-11-24,116.88,118.42,116.56,118.25,24896801.0
2015-11-25,118.3,119.32,118.11,119.17,19754973.0
2015-11-27,119.27,119.9,118.88,119.62,14129309.0
2015-11-30,120.02,120.07,119.05,119.1,28559542.0
2015-12-01,119.61,119.91,118.9,119.89,27896965.0
2015-12-02,119.73,120.04,118.45,118.6,22153695.0
2015-12-03,118.93,119.45,116.14,116.6,39460298.0
2015-12-04,116.6,117.93,116.34,117.78,31772451.0
2015-12-07,117.64,117.67,115.51,116.01,29532924.0
2015-12-08,114.96,116.0,114.46,115.37,30424829.0
2015-12-09,115.03,116.17,113.6,114.08,41239558.0
2015-12-10,113.89,115.08,113.65,114.46,31253526.0
2015-12-11,113.27,113.34,111.53,111.91,52264530.0
2015-12-14,111.87,112.38,110.28,111.11,52414943.0
2015-12-15,111.73,112.96,111.6,112.71,48236284.0
2015-12-16,113.49,114.64,112.83,114.43,44340822.0
2015-12-17,114.91,114.94,112.97,113.21,41068569.0
2015-12-18,112.66,112.89,111.44,111.48,48709214.0
2015-12-21,112.17,112.63,111.5,112.32,25663337.0
2015-12-22,112.64,113.52,111.79,113.35,26922046.0
2015-12-23,113.92,114.96,113.72,114.78,29069460.0
2015-12-24,114.44,115.16,114.15,114.5,13370511.0
2015-12-28,113.98,114.07,112.95,113.97,22120415.0
2015-12-29,114.48,115.29,114.06,115.2,22794550.0
2015-12-30,115.05,115.35,114.0,114.04,20703893.0
2015-12-31,113.56,113.97,112.51,112.62,39015162.0
2016-01-04,110.61,110.83,109.08,110.01,65586644.0
2016-01-05,110.41,110.57,109.55,110.25,28242905.0
2016-01-06,108.7,109.6,108.0,108.57,34913620.0
2016-01-07,106.72,107.5,105.49,105.67,52051964.0
2016-01-08,105.87,106.49,103.66,103.85,58720520.0
2016-01-11,104.21,104.78,102.31,103.4,46899691.0
2016-01-12,104.22,104.99,101.94,103.71,53641419.0
2016-01-13,103.91,104.42,99.65,100.38,70404783.0
2016-01-14,100.86,102.71,99.19,101.77,69075353.0
2016-01-15,99.08,100.29,97.51,100.12,85059887.0
2016-01-19,101.07,101.2,97.74,98.77,51362815.0
2016-01-20,97.43,100.32,95.06,99.18,93814676.0
2016-01-21,99.33,100.91,98.38,98.95,65724110.0
2016-01-22,100.65,101.61,100.13,101.37,45546954.0
2016-01-25,100.74,101.08,98.85,99.11,34717323.0
2016-01-26,99.52,101.4,99.18,101.1,33142710.0
2016-01-27,100.59,101.59,99.06,99.71,47935482.0
2016-01-28,100.55,100.95,99.21,99.69,41947429.0
2016-01-29,100.04,102.98,99.96,102.96,42232083.0
2016-02-01,102.14,103.09,101.25,102.49,33608271.0
2016-02-02,101.33,101.47,99.77,100.28,39682760.0
2016-02-03,101.06,101.07,98.14,100.41,55249915.0
2016-02-04,100.0,101.97,99.97,100.8,51168505.0
2016-02-05,100.35,100.44,97.96,98.04,53362799.0
2016-02-08,97.01,97.01,94.94,96.43,61097529.0
2016-02-09,95.13,97.13,95.02,95.78,55839311.0
2016-02-10,96.45,97.92,95.67,95.83,42664677.0
2016-02-11,94.08,95.4,93.64,94.79,57906162.0
2016-02-12,95.66,96.79,95.19,96.59,40087572.0
2016-02-16,97.79,99.1,97.22,98.88,38863748.0
2016-02-17,99.57,101.09,99.53,100.43,40914455.0
2016-02-18,100.51,100.63,99.54,99.95,35037388.0
2016-02-19,99.56,100.56,99.11,100.45,32411842.0
2016-02-22,101.34,102.01,101.24,101.57,28859244.0
2016-02-23,101.24,101.49,100.55,100.64,29854661.0
2016-02-24,99.62,101.82,98.97,101.61,36903108.0
2016-02-25,101.79,102.6,101.39,102.54,22605956.0
2016-02-26,103.06,103.47,102.7,103.19,27169889.0
2016-02-29,103.13,104.03,102.72,102.73,32008518.0
2016-03-01,103.62,104.94,103.07,104.94,36399848.0
2016-03-02,104.79,106.09,104.59,106.02,24929737.0
2016-03-03,106.05,107.15,105.92,107.13,28210398.0
2016-03-04,107.07,108.32,106.67,107.72,38180779.0
2016-03-07,107.21,108.99,107.21,108.89,38722604.0
2016-03-08,108.29,108.29,106.14,106.26,46186956.0
2016-03-09,106.62,107.0,106.07,106.8,25622134.0
2016-03-10,107.1,107.49,104.81,105.93,48520992.0
2016-03-11,106.79,108.33,106.66,108.2,33616851.0
2016-03-14,107.87,108.34,107.4,107.92,24388490.0
2016-03-15,107.21,107.28,106.03,106.24,34253556.0
2016-03-16,105.73,107.33,105.73,106.99,37940655.0
2016-03-17,106.73,109.1,106.33,108.63,41708248.0
2016-03-18,108.77,109.95,108.7,109.61,35549965.0
2016-03-21,109.44,109.94,109.08,109.35,29892528.0
2016-03-22,108.78,109.69,108.47,109.22,23597443.0
2016-03-23,108.54,108.59,106.8,106.88,39237084.0
2016-03-24,106.24,107.22,105.74,107.2,30922005.0
2016-03-28,107.43,107.78,106.55,107.33,21094717.0
2016-03-29,107.04,110.34,106.77,110.31,46742533.0
2016-03-30,110.89,111.12,110.05,110.32,35610388.0
2016-03-31,110.48,111.17,110.34,110.63,28548138.0
2016-04-01,109.61,111.22,109.48,111.12,29902598.0
2016-04-04,110.91,111.32,110.1,110.19,21520213.0
2016-04-05,109.37,109.85,108.84,108.94,32509474.0
2016-04-06,108.93,110.27,108.58,110.17,28157663.0
2016-04-07,109.37,109.88,108.13,108.68,33287230.0
2016-04-08,109.61,110.07,108.63,109.11,26148398.0
2016-04-11,109.74,110.55,108.75,108.77,25840718.0
2016-04-12,108.79,110.18,108.43,109.94,25054923.0
2016-04-13,110.58,112.43,110.51,112.31,40512896.0
2016-04-14,112.26,112.7,111.88,112.17,25520232.0
2016-04-15,111.9,112.63,111.86,112.45,21169260.0
2016-04-18,111.98,113.39,111.87,113.3,19412189.0
2016-04-19,113.51,114.12,112.89,113.39,23222379.0
2016-04-20,113.39,114.21,112.97,113.56,21422454.0
2016-04-21,113.47,113.92,112.66,112.99,20524281.0
2016-04-22,112.98,114.19,112.97,114.11,29086027.0
2016-04-25,113.8,113.91,112.81,113.3,16362158.0
2016-04-26,113.67,114.53,113.17,114.41,30520758.0
2016-04-27,114.48,115.05,113.9,114.81,24356661.0
2016-04-28,114.27,115.0,113.19,113.5,26100598.0
2016-04-29,113.01,113.46,111.72,112.48,33279022.0
2016-05-02,112.83,113.51,112.17,113.48,21879490.0
2016-05-03,112.55,112.56,110.93,111.62,37926766.0
2016-05-04,110.99,111.99,110.37,110.7,30759515.0
2016-05-05,111.15,111.33,110.1,110.26,26187533.0
2016-05-06,109.8,110.93,109.54,110.91,25467158.0
2016-05-09,110.92,111.89,110.62,111.23,23415124.0
2016-05-10,111.66,112.4,111.07,112.35,18634896.0
2016-05-11,112.1,112.27,110.87,110.96,23590232.0
2016-05-12,111.19,111.49,109.49,110.37,34797615.0
2016-05-13,110.06,110.94,109.36,109.64,24503878.0
2016-05-16,109.92,111.52,109.87,111.03,27336356.0
2016-05-17,110.88,111.42,108.77,109.27,46670855.0
2016-05-18,108.81,110.66,108.79,109.84,35958480.0
2016-05-19,109.04,109.77,107.99,108.95,36843980.0
2016-05-20,109.29,110.79,109.23,110.79,37402113.0
2016-05-23,110.77,111.39,110.5,110.66,23721138.0
2016-05-24,111.31,113.22,111.27,112.94,41113936.0
2016-05-25,113.3,113.9,113.08,113.6,26486054.0
2016-05-26,113.77,114.01,113.25,113.47,15144420.0
2016-05-27,113.56,114.6,113.51,114.6,21260899.0
2016-05-31,114.82,115.54,114.5,115.0,32762666.0
2016-06-01,114.61,115.95,114.42,115.78,26790583.0
2016-06-02,115.49,116.67,115.37,116.67,23291413.0
2016-06-03,116.47,116.47,115.0,115.97,28731471.0
2016-06-06,116.08,117.58,116.01,117.22,26940455.0
2016-06-07,117.29,117.98,116.96,117.56,21020010.0
2016-06-08,117.66,118.64,117.65,118.43,27994103.0
2016-06-09,117.94,117.94,117.29,117.67,23434689.0
2016-06-10,116.58,116.88,115.69,116.07,32683923.0
2016-06-13,115.65,116.18,114.59,114.81,36370928.0
2016-06-14,114.39,115.11,113.67,114.48,34255867.0
2016-06-15,114.89,115.56,114.46,114.56,24162218.0
2016-06-16,113.72,114.59,112.89,114.55,36299387.0
2016-06-17,114.41,114.92,113.68,114.06,30094388.0
2016-06-20,115.8,116.45,115.3,115.3,28216238.0
2016-06-21,115.34,115.41,114.33,115.08,34700794.0
2016-06-22,115.3,115.88,114.49,114.63,27215495.0
2016-06-23,115.82,116.91,115.73,116.82,30178575.0
2016-06-24,111.94,114.03,111.5,112.38,74937975.0
2016-06-27,111.07,111.07,110.38,110.45,5241413.0
2016-06-28,109.65,110.88,109.57,110.37,42032544.0
2016-06-29,111.7,113.05,111.53,112.88,34027480.0
2016-06-30,113.12,115.02,112.57,114.98,42967144.0
2016-07-01,115.05,115.95,114.8,115.39,24397469.0
2016-07-05,115.02,115.26,113.06,113.69,29340805.0
2016-07-06,112.54,114.01,112.31,113.89,24673799.0
2016-07-07,114.22,114.99,113.41,114.13,20764072.0
2016-07-08,115.25,117.09,115.15,116.79,37960165.0
2016-07-11,117.56,118.43,117.47,118.14,26979642.0
2016-07-12,119.0,120.42,118.83,119.72,44149594.0
2016-07-13,120.33,120.39,118.95,119.25,28040302.0
2016-07-14,120.3,120.36,119.3,119.37,19321870.0
2016-07-15,119.89,120.04,119.28,119.7,23685734.0
2016-07-18,119.53,120.35,119.33,119.9,17416048.0
2016-07-19,119.76,119.97,118.93,119.3,19731311.0
2016-07-20,119.55,120.44,118.94,120.08,22890226.0
2016-07-21,120.01,120.59,119.25,119.51,19016635.0
2016-07-22,119.58,120.65,119.35,120.4,17794792.0
2016-07-25,120.15,120.46,119.76,120.22,13688634.0
2016-07-26,120.2,120.97,119.92,120.8,19545065.0
2016-07-27,121.0,121.46,120.35,121.14,21064654.0
2016-07-28,120.88,121.23,120.53,120.83,16529609.0
2016-07-29,120.71,121.76,120.05,121.07,30211545.0
2016-08-01,121.2,121.7,120.44,121.17,34763580.0
2016-08-02,121.16,121.21,119.1,119.48,28685902.0
2016-08-03,119.37,120.5,119.1,120.45,17826349.0
2016-08-04,120.45,121.19,120.26,120.56,17509673.0
2016-08-05,121.34,122.58,120.97,122.3,28634459.0
2016-08-08,122.35,122.85,122.03,122.24,14617420.0
2016-08-09,122.27,122.63,122.14,122.37,12485755.0
2016-08-10,122.38,122.6,121.15,121.49,19090524.0
2016-08-11,122.03,122.4,121.56,122.07,21142997.0
2016-08-12,121.83,122.46,121.63,122.19,12251083.0
2016-08-15,122.46,123.68,122.43,123.4,22039302.0
2016-08-16,123.08,123.12,122.26,122.4,20243582.0
2016-08-17,122.44,122.5,121.33,122.04,20628836.0
2016-08-18,122.08,122.97,122.04,122.94,16214884.0
2016-08-19,122.77,123.07,122.28,122.94,17379313.0
2016-08-22,122.68,123.34,122.33,123.22,16929328.0
2016-08-23,123.61,124.46,123.61,124.08,21539424.0
2016-08-24,123.94,124.25,122.77,123.07,21532231.0
2016-08-25,122.62,123.69,122.61,123.31,17021578.0
2016-08-26,123.45,124.41,122.3,123.06,26721376.0
2016-08-29,123.27,124.17,123.24,123.7,14011807.0
2016-08-30,123.83,124.17,123.38,123.93,14030128.0
2016-08-31,123.78,123.89,122.55,123.23,29132754.0
2016-09-01,123.34,123.63,122.02,123.32,22961407.0
2016-09-02,124.01,124.53,123.63,124.51,23080817.0
2016-09-06,124.92,124.97,123.97,124.63,13709936.0
2016-09-07,124.55,125.44,124.48,125.41,17825492.0
2016-09-08,125.31,125.41,124.77,125.16,16264116.0
2016-09-09,124.18,124.21,121.21,121.25,54205805.0
2016-09-12,120.69,122.97,120.58,122.94,33344737.0
2016-09-13,122.06,122.16,119.88,120.58,47460820.0
2016-09-14,120.77,121.47,120.29,120.6,30531783.0
2016-09-15,120.68,122.18,120.51,122.04,30036530.0
2016-09-16,121.47,121.97,121.09,121.86,31890332.0
2016-09-19,122.32,123.55,121.99,122.67,22739047.0
2016-09-20,123.2,123.23,122.15,122.15,16877320.0
2016-09-21,122.58,123.97,122.1,123.92,29981647.0
2016-09-22,124.73,125.8,124.66,125.7,35385254.0
2016-09-23,125.56,125.88,124.81,124.81,25830230.0
2016-09-26,123.8,124.17,123.1,123.23,20021095.0
2016-09-27,123.17,123.88,122.81,123.75,15625540.0
2016-09-28,123.95,124.76,123.07,124.68,19207063.0
2016-09-29,124.62,124.64,122.7,122.86,26379926.0
2016-09-30,123.42,124.78,122.86,124.21,31449287.0
2016-10-03,123.83,124.09,123.13,123.82,18672612.0
2016-10-04,124.02,124.31,122.65,123.21,26040463.0
2016-10-05,123.69,124.68,123.65,123.95,24550505.0
2016-10-06,123.75,124.01,122.82,123.82,18928759.0
2016-10-07,124.04,124.32,122.23,122.83,28728602.0
2016-10-10,123.57,124.74,123.56,124.3,21478149.0
2016-10-11,124.05,124.11,121.34,122.03,31925418.0
2016-10-12,122.09,122.61,121.53,121.93,20203292.0
2016-10-13,120.99,121.41,120.11,120.92,26294702.0
2016-10-14,121.36,121.84,120.4,120.43,24551561.0
2016-10-17,120.58,120.85,120.16,120.29,17099101.0
2016-10-18,121.52,121.58,120.66,120.98,19156581.0
2016-10-19,121.17,121.95,120.5,121.49,18474479.0
2016-10-20,121.14,122.0,120.41,121.13,20478895.0
2016-10-21,120.26,121.37,120.1,121.07,20898500.0
2016-10-24,122.04,122.61,121.45,121.84,15419864.0
2016-10-25,121.81,121.99,120.6,120.93,16454817.0
2016-10-26,120.11,121.0,119.46,119.73,24484838.0
2016-10-27,120.12,120.14,118.09,118.36,29521922.0
2016-10-28,118.31,119.03,117.75,118.03,35470809.0
2016-10-31,118.18,118.64,117.8,118.5,20311695.0
2016-11-01,118.66,118.7,116.28,117.05,34138850.0
2016-11-02,116.87,117.0,115.39,115.56,29824905.0
2016-11-03,115.91,116.24,114.88,115.0,22711578.0
2016-11-04,115.3,116.9,115.04,115.74,35232452.0
2016-11-07,118.0,118.82,117.7,118.57,31580404.0
2016-11-08,118.3,119.46,117.71,118.88,26155374.0
2016-11-09,118.08,122.83,118.05,122.54,77397876.0
2016-11-10,124.26,125.4,122.58,124.5,83937483.0
2016-11-11,125.03,127.72,124.55,127.36,95606112.0
2016-11-14,128.95,130.26,128.39,129.15,81474141.0
2016-11-15,128.85,129.89,128.3,129.49,38670406.0
2016-11-16,129.25,130.0,129.03,129.62,42314846.0
2016-11-17,129.95,130.83,129.75,130.3,42571551.0
2016-11-18,130.69,131.09,130.29,130.99,41367009.0
2016-11-21,131.31,132.0,130.61,131.6,32284338.0
2016-11-22,132.12,132.9,131.67,132.8,39633014.0
2016-11-23,132.48,133.65,132.1,133.63,37921102.0
2016-11-25,133.73,134.1,133.54,134.07,13373383.0
2016-11-28,133.97,134.0,132.15,132.33,32498459.0
2016-11-29,132.51,133.09,132.1,132.26,27989840.0
2016-11-30,132.92,133.09,131.5,131.61,32290070.0
2016-12-01,132.25,132.55,130.29,130.97,39810526.0
2016-12-02,130.94,131.47,130.52,130.9,24049251.0
2016-12-05,131.95,133.33,131.89,133.15,27530582.0
2016-12-06,133.52,134.91,132.74,134.59,27753996.0
2016-12-07,134.59,136.18,134.18,135.9,31798356.0
2016-12-08,136.25,138.21,135.8,138.04,49010185.0
2016-12-09,138.4,138.82,137.75,138.31,34312763.0
2016-12-12,137.95,138.57,136.51,136.85,34556087.0
2016-12-13,137.53,138.05,136.24,136.86,32621474.0
2016-12-14,136.42,137.35,134.81,135.15,45910539.0
2016-12-15,135.37,137.14,134.96,136.16,41336780.0
2016-12-16,136.35,137.52,135.63,135.91,39342947.0
2016-12-19,136.04,137.19,135.91,136.8,33346027.0
2016-12-20,137.28,138.21,136.99,137.93,31691225.0
2016-12-21,137.85,138.15,137.01,137.06,23215710.0
2016-12-22,136.56,136.75,134.81,135.32,34651647.0
2016-12-23,135.46,136.12,135.27,136.04,17080877.0
2016-12-27,136.23,137.3,136.21,136.65,13539965.0
2016-12-28,136.89,136.98,134.83,135.25,22708751.0
2016-12-29,135.29,136.26,134.68,135.37,21312782.0
2016-12-30,135.6,135.63,134.4,134.85,28048158.0
2017-01-03,136.49,136.83,134.5,135.52,29719037.0
2017-01-04,136.05,137.96,136.01,137.78,34466806.0
2017-01-05,137.49,137.76,135.51,136.19,30254117.0
2017-01-06,136.41,136.71,135.68,135.69,23417250.0
2017-01-09,135.54,135.72,134.5,134.8,24038482.0
2017-01-10,135.0,136.38,134.76,136.09,21639615.0
2017-01-11,136.23,136.79,135.42,136.33,27392502.0
2017-01-12,136.16,136.22,133.59,135.28,41817644.0
2017-01-13,135.65,136.97,135.65,136.26,27769365.0
2017-01-17,135.6,135.69,134.13,134.41,28067944.0
2017-01-18,134.76,134.93,133.95,134.85,21181671.0
2017-01-19,135.14,135.44,133.17,133.75,34070943.0
2017-01-20,134.21,134.88,133.82,134.44,29269756.0
2017-01-23,134.03,134.68,133.12,133.88,20522935.0
2017-01-24,134.34,136.28,134.22,135.93,34302692.0
2017-01-25,137.06,137.55,136.95,137.21,29100965.0
2017-01-26,137.34,137.5,136.42,136.66,22216296.0
2017-01-27,136.77,137.04,135.65,136.19,19465099.0
2017-01-30,135.23,135.24,133.24,134.29,40428202.0
2017-01-31,133.87,135.56,133.48,135.23,32802856.0
2017-02-01,136.22,136.87,134.7,135.15,29967640.0
2017-02-02,135.3,135.67,134.49,134.81,19879732.0
2017-02-03,135.99,136.98,135.51,136.87,24510371.0
2017-02-06,136.4,136.77,135.43,135.84,23649082.0
2017-02-07,135.82,136.46,134.77,135.24,30330102.0
2017-02-08,134.6,135.22,133.89,135.0,32947309.0
2017-02-09,135.25,137.25,135.25,136.9,28261603.0
2017-02-10,137.79,138.37,137.2,137.94,27260025.0
2017-02-13,138.77,139.2,138.09,138.3,23234637.0
2017-02-14,137.94,138.94,137.61,138.76,26941211.0
2017-02-15,138.19,139.77,138.07,139.59,20248518.0
2017-02-16,139.46,139.84,138.21,139.2,24603405.0
2017-02-17,138.45,139.16,138.25,139.11,26699497.0
2017-02-21,139.38,140.32,139.38,140.2,21352122.0
2017-02-22,140.0,140.02,139.25,139.58,14874666.0
2017-02-23,139.96,140.01,137.69,138.75,24581890.0
2017-02-24,137.46,138.65,137.3,138.65,24487159.0
2017-02-27,138.34,140.0,138.21,140.0,28256532.0
2017-02-28,139.38,139.48,137.76,137.84,40136971.0
2017-03-01,139.65,140.86,139.52,140.36,35709578.0
2017-03-02,140.33,140.36,138.64,138.75,25922938.0
2017-03-03,138.8,139.42,137.88,138.65,30981645.0
2017-03-06,137.78,137.97,136.99,137.7,23839832.0
2017-03-07,137.4,137.74,136.61,136.8,29704544.0
2017-03-08,137.28,137.62,135.78,135.88,34096178.0
2017-03-09,135.83,136.49,134.89,135.34,35209260.0
2017-03-10,136.29,136.31,134.84,135.96,39477061.0
2017-03-13,135.65,136.79,135.65,136.28,21288270.0
2017-03-14,135.75,135.83,134.56,135.63,30005599.0
2017-03-15,136.29,138.02,135.97,137.73,31217130.0
2017-03-16,138.22,138.51,137.55,137.91,25286353.0
2017-03-17,138.14,138.73,137.31,138.46,33306545.0
2017-03-20,138.28,138.52,137.37,137.86,19055846.0
2017-03-21,138.51,138.6,133.92,133.99,61814512.0
2017-03-22,133.71,134.31,132.78,134.0,46079236.0
2017-03-23,134.0,135.69,133.64,134.78,37729636.0
2017-03-24,134.95,135.47,133.86,134.49,33503550.0
2017-03-27,132.76,135.07,132.4,134.74,35573798.0
2017-03-28,134.28,135.9,134.14,135.79,26881892.0
2017-03-29,135.7,136.49,135.3,136.23,22116985.0
2017-03-30,136.32,137.38,136.26,137.26,25791283.0
2017-03-31,137.42,138.17,136.94,137.48,29375826.0
2017-04-03,137.97,138.1,135.6,136.03,38818593.0
2017-04-04,135.93,136.55,135.35,135.87,25636499.0
2017-04-05,136.83,137.43,134.08,134.33,44942151.0
2017-04-06,134.54,135.63,133.83,135.58,39827783.0
2017-04-07,135.21,136.03,134.75,135.52,24277888.0
2017-04-10,135.47,136.85,135.16,135.82,22777166.0
2017-04-11,135.27,136.92,135.08,136.9,32565720.0
2017-04-12,136.64,136.7,134.92,135.04,25697919.0
2017-04-13,134.88,135.37,133.66,133.72,30139490.0
2017-04-17,134.07,135.32,133.68,135.29,18268647.0
2017-04-18,134.72,135.46,134.15,135.32,24549457.0
2017-04-19,135.69,136.96,135.54,135.79,34610838.0
2017-04-20,136.34,137.67,136.15,137.52,31912074.0
2017-04-21,137.24,137.54,136.71,137.21,29367208.0
2017-04-24,139.08,139.34,138.49,138.92,33813579.0
2017-04-25,140.24,140.88,140.09,140.27,31610625.0
2017-04-26,140.17,141.81,140.13,140.99,41648189.0
2017-04-27,141.34,141.8,140.48,140.95,22986575.0
2017-04-28,141.03,141.17,139.04,139.06,31105617.0
2017-05-01,139.64,140.29,138.78,139.82,20911213.0
2017-05-02,139.98,140.34,138.69,139.15,17900672.0
2017-05-03,138.49,138.76,137.69,138.29,26876064.0
2017-05-04,138.53,138.73,137.11,138.1,25795617.0
2017-05-05,138.69,138.99,137.53,138.99,23691158.0
2017-05-08,138.66,138.98,137.76,138.41,16670967.0
2017-05-09,138.59,138.83,137.78,138.35,23594165.0
2017-05-10,138.04,139.48,137.86,139.21,19775817.0
2017-05-11,138.67,138.83,136.98,138.24,28609066.0
2017-05-12,137.71,137.88,137.16,137.51,23942948.0
2017-05-15,137.98,139.25,137.97,138.58,31119596.0
2017-05-16,138.97,139.04,137.62,138.63,18371261.0
2017-05-17,136.33,137.04,134.75,134.89,50689649.0
2017-05-18,134.57,135.9,134.23,135.38,44788604.0
2017-05-19,135.64,136.76,135.41,136.03,44415759.0
2017-05-22,136.26,137.2,136.16,136.95,19996786.0
2017-05-23,137.29,137.69,136.35,137.4,16676104.0
2017-05-24,137.51,138.03,136.83,137.49,21492143.0
2017-05-25,138.14,138.61,137.2,137.58,22796492.0
2017-05-26,137.38,137.79,136.78,137.54,20039666.0
2017-05-30,137.12,137.44,136.22,136.46,25520534.0
2017-05-31,136.84,136.92,134.64,136.32,34319469.0
2017-06-01,136.72,139.0,136.27,138.95,44592146.0
2017-06-02,139.45,141.02,139.05,139.85,46657529.0
2017-06-05,139.96,140.11,138.95,138.98,20804524.0
2017-06-06,138.11,139.66,137.81,138.85,25446197.0
2017-06-07,138.86,139.53,138.49,138.98,20533255.0
2017-06-08,138.98,141.46,138.74,140.88,33944767.0
2017-06-09,141.46,142.9,140.7,141.61,56969765.0
2017-06-12,141.66,142.15,140.89,141.38,34652338.0
2017-06-13,141.8,142.31,141.47,142.1,22035357.0
2017-06-14,142.03,142.04,140.45,141.26,33002168.0
2017-06-15,139.69,140.98,139.69,140.54,27374095.0
2017-06-16,140.03,140.21,139.28,140.19,34350277.0
2017-06-19,140.56,141.58,140.51,141.23,25156919.0
2017-06-20,140.88,140.97,139.7,139.8,20099365.0
2017-06-21,140.05,140.8,139.22,139.45,23338522.0
2017-06-22,139.37,140.39,139.01,139.98,17913108.0
2017-06-23,140.14,141.08,139.55,140.91,20757419.0
2017-06-26,141.09,141.53,140.2,141.08,22981884.0
2017-06-27,141.1,141.62,139.75,139.84,24603353.0
2017-06-28,140.67,142.26,140.4,141.98,25067861.0
2017-06-29,142.24,142.35,139.65,141.14,38791175.0
2017-06-30,141.25,141.67,140.77,140.92,22793723.0
2017-07-03,141.34,142.49,141.3,142.1,12968191.0
2017-07-05,141.7,141.85,140.7,141.59,21862002.0
2017-07-06,139.93,140.47,138.83,139.14,30988082.0
2017-07-07,139.43,140.68,139.18,140.49,20511003.0
2017-07-10,139.92,140.89,139.37,139.88,17206023.0
2017-07-11,139.79,140.37,138.98,140.28,7927808.0
2017-07-12,141.06,142.22,141.01,141.33,8531795.0
2017-07-13,141.24,141.56,140.38,141.49,8063543.0
2017-07-14,141.17,142.3,141.1,141.71,6937304.0
2017-07-17,141.59,142.45,141.26,142.07,7155860.0
2017-07-18,141.54,141.87,141.05,141.67,8405802.0
2017-07-19,141.88,143.14,141.88,143.1,16985452.0
2017-07-20,143.12,143.52,142.8,143.17,8131852.0
2017-07-21,143.01,143.32,142.25,142.52,10163086.0
2017-07-24,142.32,142.82,141.97,142.75,9375405.0
2017-07-25,143.61,144.25,143.21,144.02,10906063.0
2017-07-26,144.14,144.15,143.05,143.23,6104269.0
2017-07-27,143.48,143.68,141.55,142.34,24355819.0
2017-07-28,142.02,142.36,141.48,141.96,10723008.0
2017-07-31,142.22,142.38,140.97,141.51,16417720.0
2017-08-01,142.2,142.2,140.97,141.79,10885605.0
2017-08-02,141.57,141.82,139.72,140.26,9702361.0
2017-08-03,140.4,140.54,139.16,139.52,9183969.0
2017-08-04,139.88,140.32,139.49,140.21,8754137.0
2017-08-07,140.43,140.85,139.71,140.44,4348054.0
2017-08-08,140.36,141.79,139.69,140.0,12986992.0
2017-08-09,139.12,139.39,138.28,138.79,26534308.0
2017-08-10,138.28,138.28,136.26,136.27,40983533.0
2017-08-11,136.21,136.74,135.77,136.47,32779614.0
2017-08-14,137.26,138.59,137.23,138.54,21710931.0
2017-08-15,138.8,138.82,137.34,137.4,16645977.0
2017-08-16,137.67,138.39,137.21,137.44,21858645.0
2017-08-17,136.98,137.69,134.92,134.93,32722877.0
2017-08-18,134.47,135.46,134.12,134.92,42401868.0
2017-08-21,134.69,135.02,134.14,134.83,21504100.0
2017-08-22,135.26,136.44,135.14,136.29,25170593.0
2017-08-23,135.53,136.57,135.21,136.07,18381856.0
2017-08-24,136.64,136.93,136.02,136.49,15726649.0
2017-08-25,136.88,137.31,136.42,136.88,17162964.0
2017-08-28,137.37,137.61,136.77,137.46,16333269.0
2017-08-29,136.49,137.81,136.23,137.49,20277565.0
2017-08-30,137.36,138.51,137.25,138.37,15915526.0
2017-08-31,138.91,139.94,138.67,139.73,29260570.0
2017-09-01,139.98,140.63,139.73,140.52,17412507.0
2017-09-05,140.63,140.89,138.58,139.17,21908373.0
2017-09-06,139.74,140.0,139.08,139.46,18399672.0
2017-09-07,139.59,139.69,138.59,139.11,18159823.0
2017-09-08,138.93,139.77,138.62,139.22,21870454.0
2017-09-11,140.39,140.92,140.23,140.68,22617670.0
2017-09-12,141.04,141.69,140.82,141.54,22679587.0
2017-09-13,141.41,142.22,141.32,141.96,25052476.0
2017-09-14,141.78,142.16,141.42,141.83,18353801.0
2017-09-15,141.64,142.47,141.55,142.41,23184039.0
2017-09-18,142.62,143.81,142.6,143.38,24427354.0
2017-09-19,143.57,143.69,143.09,143.38,16346316.0
2017-09-20,143.53,144.02,143.26,143.84,20244658.0
2017-09-21,144.02,144.26,143.48,143.69,17395878.0
2017-09-22,143.67,144.67,143.56,144.3,25203026.0
2017-09-25,144.27,144.94,143.69,144.5,30012818.0
2017-09-26,144.29,145.15,144.18,144.61,28238135.0
2017-09-27,145.63,147.86,145.16,147.44,66351679.0
2017-09-28,147.25,148.06,146.78,147.83,29291396.0
2017-09-29,147.92,148.43,147.74,148.18,21737369.0
2017-10-02,148.31,150.0,148.08,150.0,29772446.0
2017-10-03,150.11,150.33,149.33,150.33,28372757.0
2017-10-04,150.09,150.61,149.39,149.85,22024675.0
2017-10-05,150.29,150.63,149.87,150.26,22538502.0
2017-10-06,149.71,150.34,149.57,150.05,19350771.0
2017-10-09,150.19,150.68,149.18,149.43,13981340.0
2017-10-10,149.93,150.29,149.41,149.86,21951851.0
2017-10-11,149.94,150.19,149.46,149.75,15137112.0
2017-10-12,149.46,150.01,149.02,149.64,17185574.0
2017-10-13,149.92,149.99,149.23,149.37,15464432.0
2017-10-16,149.61,150.35,149.03,149.24,20653103.0
2017-10-17,149.27,149.77,148.5,148.81,18046820.0
2017-10-18,149.5,149.91,149.08,149.52,20541658.0
2017-10-19,148.77,149.33,148.17,149.29,17164885.0
2017-10-20,150.31,150.41,149.86,149.98,25224483.0
2017-10-23,150.15,150.15,148.7,148.86,14676363.0
2017-10-24,149.39,149.78,149.04,149.17,17527726.0
2017-10-25,148.94,149.0,147.22,148.45,27235302.0
2017-10-26,148.94,149.34,148.51,148.76,15205927.0
2017-10-27,148.88,149.91,148.3,149.79,32744061.0
2017-10-30,149.27,149.45,147.38,148.21,30524847.0
2017-10-31,148.79,149.83,148.63,149.26,22449361.0
2017-11-01,150.5,150.53,147.44,148.27,31585535.0
2017-11-02,148.24,149.23,147.72,148.71,28176568.0
2017-11-03,148.48,148.96,148.06,148.61,22312722.0
2017-11-06,148.75,149.38,148.39,148.78,15576775.0
2017-11-07,148.8,148.85,146.54,147.0,29549299.0
2017-11-08,146.66,147.45,145.84,147.2,30682450.0
2017-11-09,146.27,147.39,145.28,146.68,40144390.0
2017-11-10,146.71,147.1,146.35,146.57,17823700.0
2017-11-13,145.93,146.82,145.5,146.61,14679965.0
2017-11-14,146.06,146.49,145.59,146.21,19682236.0
2017-11-15,145.35,146.21,144.5,145.63,23925205.0
2017-11-16,146.21,148.4,146.19,147.77,25888988.0
2017-11-17,147.25,149.03,147.17,148.45,25816709.0
2017-11-20,148.76,149.58,148.33,149.53,22793043.0
2017-11-21,150.2,151.29,150.06,151.09,29392343.0
2017-11-22,151.28,151.77,150.86,150.89,14136608.0
2017-11-24,151.21,151.37,150.77,150.95,6816264.0
2017-11-27,151.3,151.62,150.44,150.49,18416900.0
2017-11-28,151.02,152.97,150.66,152.86,35898267.0
2017-11-29,153.34,154.21,152.95,153.37,38234167.0
2017-11-30,154.1,154.55,153.28,153.65,32230663.0
2017-12-01,153.67,153.71,148.75,153.02,62734781.0
2017-12-04,154.9,155.41,152.3,152.45,36366775.0
2017-12-05,152.95,152.96,150.92,150.93,29667221.0
2017-12-06,150.82,151.19,149.95,150.22,21273789.0
2017-12-07,150.32,151.89,150.02,151.27,29675223.0
2017-12-08,151.89,152.28,151.28,151.41,20832438.0
2017-12-11,151.68,152.13,151.02,151.35,26654053.0
2017-12-12,151.7,151.93,150.82,150.88,25854822.0
2017-12-13,150.81,152.71,150.81,151.78,30082614.0
2017-12-14,151.85,152.2,149.64,150.1,32882639.0
2017-12-15,151.05,153.25,150.58,152.24,42851606.0
2017-12-18,153.67,154.72,153.46,154.3,22714348.0
2017-12-19,154.75,154.77,152.82,153.08,24313555.0
2017-12-20,153.75,153.94,152.84,153.38,19042817.0
2017-12-21,153.24,154.02,153.08,153.47,16772605.0
2017-12-22,153.38,153.39,152.8,153.19,13599369.0
2017-12-26,153.0,153.43,152.9,153.28,11949550.0
2017-12-27,153.21,153.95,152.81,153.13,15949851.0
2017-12-28,153.24,153.75,153.01,153.73,10167342.0
2017-12-29,154.15,154.15,152.39,152.46,21006483.0
2018-01-02,153.2,153.97,152.46,153.9,20489647.0
2018-01-03,153.87,154.46,153.52,154.06,21836626.0
2018-01-04,154.97,155.15,154.02,154.47,14207053.0
2018-01-05,154.88,154.98,153.94,154.79,19883854.0
2018-01-08,154.73,155.27,153.5,155.03,18457323.0
2018-01-09,155.24,155.5,154.73,154.82,16571253.0
2018-01-10,154.47,155.17,153.92,154.84,18516753.0
2018-01-11,155.07,157.66,154.98,157.5,26522383.0
2018-01-12,157.68,158.86,157.47,158.16,24089801.0
2018-01-16,158.86,159.41,155.8,156.14,27704736.0
2018-01-17,156.8,157.94,156.28,157.62,18571607.0
2018-01-18,157.22,157.5,156.39,156.54,17903632.0
2018-01-19,156.73,158.69,156.55,158.6,31040932.0
2018-01-22,158.4,159.45,158.31,159.45,12702360.0
2018-01-23,159.24,160.3,158.67,159.96,16904622.0
2018-01-24,160.36,160.63,158.4,158.97,20340878.0
2018-01-25,159.64,159.91,158.21,159.03,20290883.0
2018-01-26,159.53,159.69,158.77,159.6,16120307.0
2018-01-29,159.06,159.86,158.62,158.7,18293263.0
2018-01-30,157.66,158.22,156.73,157.18,24533792.0
2018-01-31,157.74,158.42,155.92,156.36,26181042.0
2018-02-01,155.73,157.21,155.53,156.85,21412980.0
2018-02-02,156.13,156.15,153.51,153.83,33314082.0
2018-02-05,152.67,153.79,147.86,147.92,52622248.0
2018-02-06,145.53,150.37,144.24,149.69,69232423.0
2018-02-07,149.61,150.79,148.61,149.84,37100959.0
2018-02-08,149.99,150.0,145.44,145.44,44704507.0
2018-02-09,146.76,147.94,142.5,146.77,53315264.0
2018-02-12,146.92,148.92,145.48,148.16,36213869.0
2018-02-13,147.38,148.79,146.9,148.48,25021222.0
2018-02-14,147.63,151.52,147.18,151.15,36286949.0
2018-02-15,152.22,152.87,150.56,152.8,23773557.0
2018-02-16,152.61,154.29,152.54,153.34,27973884.0
2018-02-20,152.55,153.77,151.67,152.08,24046205.0
2018-02-21,152.42,154.81,152.01,152.24,26735476.0
2018-02-22,152.81,154.03,151.91,152.0,16340031.0
2018-02-23,152.98,154.02,152.15,153.98,18065157.0
2018-02-26,154.53,155.26,153.47,154.99,15267664.0
2018-02-27,155.18,155.88,152.75,152.76,18125486.0
2018-02-28,153.14,153.6,150.31,150.35,29951777.0
2018-03-01,150.05,151.57,148.38,149.95,38943221.0
2018-03-02,148.71,152.75,148.4,152.35,31842321.0
2018-03-05,151.82,154.26,151.47,153.71,19603692.0
2018-03-06,154.43,155.39,152.8,155.37,17303960.0
2018-03-07,154.46,156.93,154.22,156.74,22684579.0
2018-03-08,156.9,157.47,155.5,156.42,23391297.0
2018-03-09,157.31,159.0,156.87,158.92,24927153.0
2018-03-12,159.25,159.65,158.49,159.2,15310119.0
2018-03-13,160.0,160.3,158.14,158.46,17757217.0
2018-03-14,159.22,159.39,157.41,157.71,18097545.0
2018-03-15,158.1,158.14,156.37,156.92,14172090.0
2018-03-16,156.98,158.27,156.75,157.8,36000320.0
2018-03-19,157.17,157.21,154.45,156.28,25663049.0
2018-03-20,156.67,157.02,155.77,156.24,11418519.0
2018-03-21,156.32,158.26,156.2,157.15,22213473.0
2018-03-22,155.66,156.62,153.31,153.35,29774835.0
2018-03-23,153.56,154.13,150.0,150.05,35744100.0
2018-03-26,152.09,153.38,150.43,153.33,28442432.0
2018-03-27,153.66,153.7,149.71,150.36,32820649.0
2018-03-28,150.74,151.35,149.39,150.31,26510850.0
2018-03-29,151.08,153.1,150.75,151.83,24209149.0
2018-04-02,151.52,152.07,147.18,148.13,35034274.0
2018-04-03,149.02,150.6,148.3,150.25,29857789.0
2018-04-04,148.5,152.58,148.27,152.16,29619678.0
2018-04-05,153.04,153.61,152.32,153.42,17301630.0
2018-04-06,152.37,153.4,149.15,150.36,25762675.0
2018-04-09,151.4,152.6,150.42,150.54,18997049.0
2018-04-10,152.14,153.95,151.67,153.38,24728903.0
2018-04-11,152.78,154.31,152.63,153.71,14884595.0
2018-04-12,154.43,155.41,153.93,154.76,14413182.0
2018-04-13,155.29,155.33,153.51,153.95,19813591.0
2018-04-16,154.84,155.82,154.11,155.37,18846929.0
2018-04-17,156.21,157.49,155.96,157.06,18624191.0
2018-04-18,157.52,158.38,157.16,157.48,16974157.0
2018-04-19,157.14,157.54,155.88,156.39,16174535.0
2018-04-20,156.05,156.72,155.15,155.55,21480629.0
2018-04-23,155.78,156.29,154.57,155.32,13268151.0
2018-04-24,155.9,156.63,153.19,154.43,24859690.0
2018-04-25,154.36,154.8,152.96,154.2,21981372.0
2018-04-26,154.42,155.41,153.94,154.91,14862876.0
2018-04-27,154.88,155.37,153.78,154.69,17734290.0
2018-04-30,155.02,155.65,153.29,153.32,15624584.0
2018-05-01,153.01,154.29,151.71,154.07,24977510.0
2018-05-02,153.78,155.78,153.68,154.65,16786819.0
2018-05-03,154.11,154.5,152.16,153.81,20985937.0
2018-05-04,153.26,156.5,152.8,155.73,17927916.0
2018-05-07,156.19,157.86,156.1,157.05,16303479.0
2018-05-08,156.92,157.83,156.75,157.83,17281248.0
2018-05-09,158.01,159.1,157.38,158.68,15758472.0
2018-05-10,158.9,160.17,158.75,159.53,15828661.0
2018-05-11,159.55,160.13,159.04,159.84,14413632.0
2018-05-14,160.02,160.69,159.05,159.23,15028536.0
2018-05-15,158.71,159.59,158.17,159.26,17544917.0
2018-05-16,159.49,161.32,159.47,160.92,21004449.0
2018-05-17,161.0,162.0,160.75,161.66,18639701.0
2018-05-18,161.95,162.32,161.55,161.87,17579847.0
2018-05-21,162.37,163.24,162.36,162.94,15667339.0
2018-05-22,163.26,163.33,161.63,161.76,13212023.0
2018-05-23,161.33,162.28,161.13,161.97,14235681.0
2018-05-24,161.92,162.35,160.62,162.03,12785045.0
2018-05-25,161.75,162.16,161.47,161.74,11150236.0
2018-05-29,160.88,162.23,160.11,161.52,20986902.0
2018-05-30,162.36,164.39,162.36,164.08,25169013.0
2018-05-31,164.08,164.38,162.34,162.77,28573727.0
2018-06-01,163.83,164.38,163.28,163.84,21108153.0
2018-06-04,164.32,164.71,163.32,164.71,14836035.0
2018-06-05,164.55,165.77,164.34,165.73,13283590.0
2018-06-06,165.71,166.93,165.58,166.93,16661337.0
2018-06-07,167.11,167.23,165.23,166.02,17571873.0
2018-06-08,166.06,166.61,165.76,166.52,17569845.0
2018-06-11,166.64,167.11,166.29,166.77,15922997.0
2018-06-12,166.92,167.94,166.73,167.53,16166725.0
2018-06-13,167.77,167.87,166.62,166.87,19853695.0
2018-06-14,167.49,167.84,166.61,167.76,19248134.0
2018-06-15,167.24,167.87,166.53,167.81,24922582.0
2018-06-18,166.97,168.61,166.73,168.6,18616479.0
2018-06-19,167.55,168.77,166.54,168.61,24605878.0
2018-06-20,169.45,170.2,168.95,169.97,19216897.0
2018-06-21,169.98,170.08,167.77,168.38,26946202.0
2018-06-22,169.01,169.2,167.31,167.82,34140419.0
2018-06-25,167.24,167.37,164.14,165.08,37005119.0
2018-06-26,165.23,166.66,164.85,166.04,20481682.0
2018-06-27,166.21,166.51,163.31,163.38,27511763.0
2018-06-28,163.23,164.22,162.26,163.88,26759106.0
2018-06-29,164.31,165.05,163.61,163.77,24146597.0
2018-07-02,162.76,164.96,162.48,164.9,24283647.0
2018-07-03,164.75,165.7,164.7,164.96,13561340.0
2018-07-05,165.86,166.87,164.83,166.84,18640546.0
2018-07-06,166.97,168.44,166.52,168.25,19606588.0
2018-07-09,169.01,169.33,168.39,169.31,16565172.0
2018-07-10,169.58,169.87,167.57,168.54,18790701.0
2018-07-11,167.62,168.61,167.05,167.11,23912637.0
2018-07-12,168.07,168.25,166.64,167.92,19617573.0
2018-07-13,167.85,168.73,167.42,167.42,15409852.0
2018-07-16,167.76,168.03,165.96,166.77,15946913.0
2018-07-17,166.75,168.0,166.59,167.51,15134723.0
2018-07-18,167.36,168.06,166.57,167.98,13780017.0
2018-07-19,167.77,169.25,167.26,169.17,18398258.0
2018-07-20,168.8,169.31,168.35,168.48,17570893.0
2018-07-23,168.3,169.15,167.81,168.69,12335035.0
2018-07-24,169.45,169.76,166.22,166.89,25831306.0
2018-07-25,166.94,167.5,166.14,167.5,18418151.0
2018-07-26,167.66,169.37,167.51,168.4,20944208.0
2018-07-27,168.5,168.72,164.79,165.26,28782611.0
2018-07-30,165.25,166.02,164.07,164.2,20093717.0
2018-07-31,164.53,166.62,164.39,165.87,23567270.0
2018-08-01,165.7,166.24,164.5,165.76,17942577.0
2018-08-02,164.96,167.21,164.94,166.97,18292169.0
2018-08-03,167.15,167.68,165.61,166.39,21735100.0
2018-08-06,166.27,167.51,165.9,167.32,16288797.0
2018-08-07,167.89,168.49,167.6,167.72,15045699.0
2018-08-08,167.72,167.99,166.49,167.57,14792590.0
2018-08-09,167.65,168.71,167.55,168.0,10437762.0
2018-08-10,167.05,168.67,166.96,167.53,20521940.0
2018-08-13,167.74,168.05,165.88,166.55,20518282.0
2018-08-14,166.91,168.6,166.89,168.2,17683090.0
2018-08-15,167.7,167.82,165.15,166.09,27479910.0
2018-08-16,166.86,168.17,166.69,167.63,15484737.0
2018-08-17,167.47,168.47,166.93,168.35,15106680.0
2018-08-20,168.81,169.18,167.83,168.82,12547301.0
2018-08-21,169.14,171.36,169.12,170.76,20661194.0
2018-08-22,170.59,171.49,170.42,171.18,14329156.0
2018-08-23,171.09,171.52,170.18,170.66,12945761.0
2018-08-24,171.15,171.78,171.02,171.59,11894458.0
2018-08-27,172.11,172.94,171.62,171.84,15880417.0
2018-08-28,172.16,172.48,171.1,172.0,13170323.0
2018-08-29,172.02,172.77,171.46,172.5,13157918.0
2018-08-30,172.17,173.23,171.82,172.36,14199577.0
2018-08-31,171.96,173.39,171.95,173.02,12240491.0
2018-09-04,172.79,173.12,171.12,172.25,17923503.0
2018-09-05,172.18,172.23,170.36,171.79,15166068.0
2018-09-06,172.17,172.48,170.42,170.63,16647720.0
2018-09-07,170.21,171.45,169.66,170.54,17247965.0
2018-09-10,171.25,171.68,170.39,170.75,11067142.0
2018-09-11,170.6,171.6,170.0,171.03,14078385.0
2018-09-12,170.79,171.09,169.33,170.62,21572349.0
2018-09-13,171.28,171.54,170.26,170.66,14570480.0
2018-09-14,170.77,171.93,170.4,171.38,15734941.0
2018-09-17,171.42,171.54,169.35,169.56,20023209.0
2018-09-18,169.8,170.71,169.63,170.27,13018027.0
2018-09-19,170.28,171.07,169.07,169.65,17593518.0
2018-09-20,170.37,171.3,169.81,171.22,16918661.0
2018-09-21,171.75,171.82,170.22,170.4,32538964.0
2018-09-24,170.26,170.5,168.76,169.77,15786693.0
2018-09-25,170.05,170.52,169.85,170.03,13758483.0
2018-09-26,169.93,170.03,167.78,168.03,17787202.0
2018-09-27,168.37,168.7,167.76,168.04,14471938.0
2018-09-28,167.45,169.0,167.45,168.55,22740288.0
2018-10-01,169.29,169.32,165.77,166.33,27897458.0
2018-10-02,166.18,166.53,164.18,164.53,28440336.0
2018-10-03,165.18,166.73,164.51,165.97,26027249.0
2018-10-04,165.44,165.65,163.13,163.64,29463003.0
2018-10-05,163.75,164.16,160.66,162.16,31240134.0
2018-10-08,161.77,162.4,160.55,161.82,21330667.0
2018-10-09,161.62,162.74,160.98,161.19,20620373.0
2018-10-10,160.82,160.99,156.36,156.56,46921777.0
2018-10-11,155.81,157.32,153.51,153.57,68877446.0
2018-10-12,155.56,155.76,151.88,153.6,53492577.0
2018-10-15,153.36,155.29,152.54,154.17,32747562.0
2018-10-16,155.28,158.86,154.04,158.64,35569062.0
2018-10-17,158.18,158.22,155.88,157.96,24140149.0
2018-10-18,157.41,157.63,154.37,155.0,31042710.0
2018-10-19,155.47,156.36,152.74,153.36,34214194.0
2018-10-22,153.92,154.45,152.52,153.03,28218316.0
2018-10-23,150.93,152.89,148.92,151.66,37228114.0
2018-10-24,151.43,151.98,145.82,145.95,40412447.0
2018-10-25,146.73,149.82,146.41,149.11,32311281.0
2018-10-26,147.54,149.42,144.7,147.48,36986059.0
2018-10-29,149.13,150.63,145.07,146.67,33031269.0
2018-10-30,146.85,149.89,146.56,149.73,29017208.0
2018-10-31,151.26,151.86,150.03,150.03,36785372.0
2018-11-01,150.89,153.77,150.81,153.49,28496352.0
2018-11-02,154.06,154.89,152.44,154.0,26671569.0
2018-11-05,154.04,154.66,152.35,153.88,16940941.0
2018-11-06,153.65,155.11,153.52,154.64,15572913.0
2018-11-07,155.36,157.41,154.8,157.41,22127752.0
2018-11-08,156.61,157.9,156.34,156.99,14987739.0
2018-11-09,156.0,156.03,152.95,154.08,20654377.0
2018-11-12,154.02,154.17,150.84,151.03,21886776.0
2018-11-13,151.6,153.09,150.29,150.55,18468484.0
2018-11-14,151.82,152.5,148.48,149.45,24549050.0
2018-11-15,148.49,151.8,148.13,151.58,24481980.0
2018-11-16,150.61,152.29,150.06,151.94,29323504.0
2018-11-19,151.68,152.03,148.37,148.86,21540887.0
2018-11-20,147.25,148.43,145.59,145.99,25906981.0
2018-11-21,146.78,149.37,146.53,148.03,17902261.0
2018-11-23,146.82,149.3,146.81,147.89,11134825.0
2018-11-26,149.32,150.4,148.74,149.81,15346405.0
2018-11-27,149.18,149.73,148.29,148.57,14461832.0
2018-11-28,149.2,152.37,147.7,152.24,26125946.0
2018-11-29,151.61,152.74,150.44,151.83,15134471.0
2018-11-30,151.46,152.86,151.08,152.62,20304680.0
2018-12-03,154.39,154.48,152.02,154.08,23353435.0
2018-12-04,153.75,154.13,147.14,147.52,41077908.0
2018-12-06,145.45,147.2,143.43,147.2,37581207.0
2018-12-07,147.14,148.26,143.27,144.02,28525063.0
2018-12-10,144.27,144.72,141.45,143.6,30776558.0
2018-12-11,145.68,146.19,142.39,143.45,29229335.0
2018-12-12,144.88,146.76,144.76,144.82,27894826.0
2018-12-13,145.24,145.69,142.54,142.77,23205437.0
2018-12-14,141.73,143.23,140.1,140.61,24037238.0
2018-12-17,139.67,140.88,136.16,137.02,36468455.0
2018-12-18,138.26,139.18,136.29,136.85,42277225.0
2018-12-19,136.8,138.68,133.25,134.0,47676620.0
2018-12-20,133.63,134.41,130.23,131.79,57908060.0
2018-12-21,132.38,132.95,127.98,128.37,59404809.0
2018-12-24,127.73,128.47,125.84,125.88,28575715.0
2018-12-26,126.28,132.1,125.81,131.93,40182691.0
2018-12-27,130.27,132.48,127.87,132.48,39527882.0
2018-12-28,132.48,135.01,131.54,132.86,35994373.0
2018-12-31,133.72,134.05,131.8,133.9,29173374.0
2019-01-02,132.17,135.17,131.54,134.66,27295132.0
2019-01-03,133.91,134.64,131.65,132.25,29294638.0
2019-01-04,133.92,137.6,133.71,137.19,35355270.0
2019-01-07,137.26,140.37,136.74,139.59,30477884.0
2019-01-08,140.8,141.79,139.39,141.73,27320946.0
2019-01-09,142.22,143.39,141.62,142.9,25764592.0
2019-01-10,142.06,143.72,141.35,143.64,22896774.0
2019-01-11,143.01,143.99,142.68,143.68,22428368.0
2019-01-14,142.82,143.44,142.09,142.25,29184961.0
2019-01-15,142.65,143.65,142.09,143.45,25678933.0
2019-01-16,143.68,145.25,143.67,144.52,20827343.0
2019-01-17,143.99,146.33,143.97,145.83,19273422.0
2019-01-18,146.6,147.92,146.0,147.33,28306742.0
2019-01-22,146.46,146.76,144.05,145.0,27741105.0
2019-01-23,145.32,146.18,143.46,144.6,20621253.0
2019-01-24,144.43,145.76,144.33,145.47,16976334.0
2019-01-25,146.62,147.64,146.43,147.34,22266882.0
2019-01-28,145.96,146.91,145.37,146.55,22784746.0
2019-01-29,146.71,146.82,145.88,146.2,12084754.0
2019-01-30,146.98,148.34,145.68,147.8,25516861.0
2019-01-31,147.61,149.3,147.53,149.06,27252906.0
2019-02-01,149.35,149.68,148.58,149.18,17057872.0
2019-02-04,149.41,150.97,148.88,150.96,21301684.0
2019-02-05,151.01,151.6,150.24,151.12,18295914.0
2019-02-06,151.04,151.37,150.1,150.93,13720569.0
2019-02-07,149.92,150.7,148.39,149.69,22850753.0
2019-02-08,149.06,149.9,148.5,149.85,13462999.0
2019-02-11,150.29,151.15,149.63,151.1,16374788.0
2019-02-12,151.92,153.19,151.88,152.99,20779904.0
2019-02-13,153.42,153.76,152.7,153.42,15534481.0
2019-02-14,152.58,154.37,152.4,153.77,18250979.0
2019-02-15,154.78,156.24,154.27,156.22,27240206.0
2019-02-19,155.55,157.1,155.55,156.65,15856928.0
2019-02-20,156.66,157.58,156.53,157.39,18317389.0
2019-02-21,157.13,157.37,156.06,156.79,17497048.0
2019-02-22,157.27,158.27,157.1,158.15,20411817.0
2019-02-25,159.08,159.5,158.09,158.19,17957117.0
2019-02-26,158.01,158.19,156.89,157.1,21497347.0
2019-02-27,156.49,157.44,156.12,157.32,18194872.0
2019-02-28,157.09,157.48,156.37,156.78,18155251.0
2019-03-01,157.95,158.34,156.75,158.24,19247143.0
2019-03-04,158.54,158.78,155.59,156.81,23301820.0
2019-03-05,156.94,156.95,155.96,156.08,16798163.0
2019-03-06,156.02,156.08,152.88,153.02,29604624.0
2019-03-07,153.02,153.14,151.37,151.68,26822483.0
2019-03-08,150.84,151.76,150.61,151.64,20466834.0
2019-03-11,152.11,154.31,151.9,154.29,20854536.0
2019-03-12,154.4,154.98,153.8,154.37,18966779.0
2019-03-13,154.92,155.73,154.75,154.98,24109137.0
2019-03-14,154.9,155.02,154.2,154.35,14217484.0
2019-03-15,154.53,155.87,154.33,154.76,22025850.0
2019-03-18,155.06,156.45,154.48,155.75,24510167.0
2019-03-19,156.48,156.53,154.57,154.96,18633096.0
2019-03-20,154.54,155.42,152.41,153.26,29463214.0
2019-03-21,152.73,156.06,152.73,155.27,31844984.0
2019-03-22,154.2,154.54,149.57,149.62,40663039.0
2019-03-25,149.48,151.32,148.41,150.28,26454650.0
2019-03-26,151.47,152.82,150.79,151.86,21308588.0
2019-03-27,151.71,152.21,149.48,151.27,23477054.0
2019-03-28,151.79,152.93,150.93,152.62,19473276.0
2019-03-29,153.68,153.97,152.1,153.09,28298935.0
2019-04-01,154.29,154.92,153.72,154.76,20075224.0
2019-04-02,154.87,154.88,153.51,154.36,18253472.0
2019-04-03,155.74,156.15,154.73,155.16,19554701.0
2019-04-04,155.28,156.01,154.84,155.92,15909543.0
2019-04-05,156.3,157.47,156.19,157.38,21378988.0
2019-04-08,156.85,157.5,156.07,157.12,14202430.0
2019-04-09,156.46,156.7,154.91,155.2,18534152.0
2019-04-10,155.48,157.36,155.33,157.31,18938830.0
2019-04-11,157.52,157.68,156.81,157.11,12218698.0
2019-04-12,158.13,158.16,157.11,157.68,14120287.0
2019-04-15,157.95,158.1,156.5,157.17,10964045.0
2019-04-16,157.71,157.9,156.98,157.54,16782942.0
2019-04-17,158.09,158.11,155.2,156.1,17108477.0
2019-04-18,156.11,156.28,154.66,155.64,23276340.0
2019-04-22,155.31,155.81,154.52,155.23,15596772.0
2019-04-23,155.37,158.05,155.36,157.57,23396092.0
2019-04-24,157.62,158.69,157.37,158.06,18053139.0
2019-04-25,157.33,157.47,155.47,156.75,19365357.0
2019-04-26,156.96,158.49,156.4,158.27,16999448.0
2019-04-29,158.62,159.61,158.49,159.03,13698861.0
2019-04-30,159.15,159.19,156.96,158.29,24127485.0
2019-05-01,158.67,158.73,156.71,156.79,17734287.0
2019-05-02,156.64,158.15,155.68,157.52,22715745.0
2019-05-03,158.31,160.64,158.19,160.53,20178822.0
2019-05-06,158.18,161.11,158.01,160.71,21262070.0
2019-05-07,159.31,159.87,156.25,157.53,25434464.0
2019-05-08,157.26,158.09,156.65,156.76,16113734.0
2019-05-09,155.52,156.65,153.74,156.19,25259925.0
2019-05-10,155.59,156.83,153.67,156.62,26544657.0
2019-05-13,153.69,154.02,151.16,151.63,26936494.0
2019-05-14,151.96,154.17,151.7,153.54,15519159.0
2019-05-15,152.4,154.41,152.07,154.04,18410553.0
2019-05-16,154.51,156.18,154.44,155.0,13772117.0
2019-05-17,153.82,155.27,152.66,152.84,21534435.0
2019-05-20,151.93,152.82,151.41,151.78,18689812.0
2019-05-21,152.63,154.04,152.58,153.82,11659095.0
2019-05-22,153.22,153.59,152.0,152.53,13922642.0
2019-05-23,151.06,151.06,148.58,149.39,26379401.0
2019-05-24,150.38,151.09,149.79,150.79,16093125.0
2019-05-28,151.01,151.65,149.58,149.59,14042225.0
2019-05-29,148.84,148.93,147.36,148.34,22622297.0
2019-05-30,148.75,149.58,147.04,147.93,17739134.0
2019-05-31,146.19,146.84,145.32,145.86,25411311.0
2019-06-03,146.13,147.21,145.33,146.37,26554491.0
2019-06-04,147.92,150.29,146.42,150.16,21217585.0
2019-06-05,150.76,150.88,148.61,150.19,18184095.0
2019-06-06,150.12,150.52,148.31,149.8,20772463.0
2019-06-07,150.35,151.51,150.02,150.86,17107474.0
2019-06-10,151.45,153.14,151.45,151.75,18912302.0
2019-06-11,152.87,153.23,150.58,151.3,15373037.0
2019-06-12,151.18,151.78,150.62,151.47,11957587.0
2019-06-13,152.31,153.18,151.87,153.07,14839357.0
2019-06-14,152.88,152.94,151.72,151.73,16154767.0
2019-06-17,151.87,152.9,151.67,152.24,12509313.0
2019-06-18,153.27,155.15,152.26,154.01,22100754.0
2019-06-19,154.19,154.7,153.4,154.56,15625008.0
2019-06-20,156.05,156.22,154.44,155.29,17595703.0
2019-06-21,155.13,155.17,153.61,153.95,19854435.0
2019-06-24,154.36,154.41,152.0,152.08,24002606.0
2019-06-25,152.31,152.5,151.0,151.15,17462151.0
2019-06-26,151.7,152.22,150.76,150.8,15726887.0
2019-06-27,151.24,153.77,151.24,153.63,22278430.0
2019-06-28,153.95,156.02,153.94,155.5,35089883.0
2019-07-01,157.54,158.03,155.22,156.1,23151311.0
2019-07-02,156.02,156.12,154.26,155.15,19024616.0
2019-07-03,155.6,156.34,155.17,156.26,9115116.0
2019-07-05,155.49,156.74,154.86,156.68,14156687.0
2019-07-08,156.21,156.48,154.89,155.19,9735719.0
2019-07-09,154.54,155.43,154.48,155.4,12381583.0
2019-07-10,156.2,156.56,154.85,155.67,17325420.0
2019-07-11,155.89,155.94,154.22,154.91,14260840.0
2019-07-12,155.14,156.67,154.88,156.11,16678026.0
2019-07-15,156.56,156.59,154.85,155.29,12194256.0
2019-07-16,155.13,156.2,154.67,155.24,15152686.0
2019-07-17,155.24,155.34,153.73,154.13,14155079.0
2019-07-18,154.08,155.01,153.73,154.71,15746865.0
2019-07-19,154.94,155.43,153.82,153.82,17182646.0
2019-07-22,154.24,154.7,153.4,153.68,14481912.0
2019-07-23,154.28,154.72,153.54,154.7,15493249.0
2019-07-24,154.29,157.45,154.12,157.26,23823122.0
2019-07-25,157.18,157.24,155.09,155.36,17902531.0
2019-07-26,155.58,157.41,155.5,157.2,14260262.0
2019-07-29,157.19,157.36,155.6,156.15,13192152.0
2019-07-30,155.06,157.84,154.71,157.84,20743141.0
2019-07-31,157.78,159.23,155.55,156.56,40445872.0
2019-08-01,156.88,158.17,153.59,154.29,38070177.0
2019-08-02,153.35,153.75,151.28,152.58,30148305.0
2019-08-05,149.78,149.91,146.21,148.0,39221517.0
2019-08-06,148.9,149.7,147.38,149.36,24283346.0
2019-08-07,147.92,149.71,146.69,149.32,23952105.0
2019-08-08,150.15,152.63,149.99,152.54,19415553.0
2019-08-09,152.09,152.15,150.03,150.62,19313212.0
2019-08-12,149.81,150.12,148.33,148.67,15169304.0
2019-08-13,148.34,151.79,147.67,150.27,21952977.0
2019-08-14,147.95,147.98,145.72,146.07,28235762.0
2019-08-15,146.62,146.67,144.79,145.49,24281975.0
2019-08-16,146.14,148.91,146.11,148.63,23945306.0
2019-08-19,150.32,150.89,149.95,150.13,17031814.0
2019-08-20,149.92,150.01,148.99,149.15,13326668.0
2019-08-21,150.62,150.65,149.79,150.38,13794625.0
2019-08-22,150.67,151.08,149.14,150.03,12982210.0
2019-08-23,149.22,150.11,144.93,145.43,36977684.0
2019-08-26,146.8,147.05,145.71,147.03,19188188.0
2019-08-27,147.96,148.02,144.68,144.85,24565206.0
2019-08-28,144.56,147.38,144.25,146.54,20134648.0
2019-08-29,148.15,149.29,147.96,149.11,18795178.0
2019-08-30,149.89,149.97,148.04,148.84,18729081.0
2019-09-03,147.45,148.32,146.0,146.66,20704417.0
2019-09-04,148.01,148.36,147.18,147.84,13121041.0
2019-09-05,149.85,151.91,149.37,150.59,25681627.0
2019-09-06,150.7,151.23,149.83,149.9,14645857.0
2019-09-09,150.57,152.24,150.06,151.91,25780078.0
2019-09-10,151.68,153.95,150.89,153.85,29576175.0
2019-09-11,154.52,157.16,153.56,157.0,42970546.0
2019-09-12,157.18,157.9,155.57,157.04,38648321.0
2019-09-13,157.85,158.92,157.13,157.31,31042751.0
2019-09-16,156.97,158.75,156.7,157.9,23242562.0
2019-09-17,157.36,157.57,156.45,157.49,23025019.0
2019-09-18,157.48,157.5,155.07,156.52,19845744.0
2019-09-19,156.8,157.82,155.53,155.76,21945289.0
2019-09-20,155.64,156.65,154.45,155.43,23570007.0
2019-09-23,154.86,155.95,154.56,155.31,15461691.0
2019-09-24,155.15,155.29,151.84,152.43,28353080.0
2019-09-25,152.28,154.36,151.8,154.1,22137081.0
2019-09-26,153.92,153.92,151.95,152.38,21122200.0
2019-09-27,152.82,153.22,150.5,151.16,20183249.0
2019-09-30,151.37,152.26,150.79,151.34,18105216.0
2019-10-01,152.11,153.35,148.05,148.37,34571411.0
2019-10-02,147.63,147.63,145.86,147.25,25066269.0
2019-10-03,146.69,147.94,144.93,147.74,26257819.0
2019-10-04,147.99,149.25,147.12,149.14,18821815.0
2019-10-07,148.78,150.07,148.12,148.88,16064734.0
2019-10-08,147.42,147.93,146.11,146.46,18411888.0
2019-10-09,147.54,147.69,146.64,147.13,11050857.0
2019-10-10,147.34,148.5,147.1,147.72,16519948.0
2019-10-11,149.79,151.96,147.69,150.22,29572307.0
2019-10-14,149.91,150.33,149.1,149.67,10965122.0
2019-10-15,150.17,152.13,149.79,151.39,18016649.0
2019-10-16,151.21,152.27,151.14,151.55,13177575.0
2019-10-17,152.29,153.51,152.05,153.34,13459924.0
2019-10-18,152.93,153.5,151.45,152.61,14490904.0
2019-10-21,154.17,154.98,153.91,154.04,17467259.0
2019-10-22,154.2,155.05,153.74,154.21,12679863.0
2019-10-23,154.34,154.75,153.55,154.4,8769357.0
2019-10-24,154.95,155.06,153.47,154.18,8687064.0
2019-10-25,153.91,155.53,153.9,155.0,10531482.0
2019-10-28,155.66,156.98,155.01,156.34,15392374.0
2019-10-29,156.01,157.34,155.86,156.85,11978307.0
2019-10-30,156.79,156.81,155.28,156.33,14451505.0
2019-10-31,156.1,156.1,154.24,155.45,17344204.0
2019-11-01,156.4,158.19,156.05,158.1,18421556.0
2019-11-04,159.4,159.7,158.47,158.95,16182047.0
2019-11-05,159.4,160.46,158.97,159.15,13760242.0
2019-11-06,158.99,158.99,157.81,158.23,16025460.0
2019-11-07,159.74,160.17,158.17,158.65,13448926.0
2019-11-08,158.28,159.27,157.95,159.08,11985671.0
2019-11-11,158.03,158.9,157.88,158.78,10525673.0
2019-11-12,158.93,159.88,158.49,158.83,14316891.0
2019-11-13,157.74,158.5,157.19,158.15,14697826.0
2019-11-14,157.93,158.91,157.79,158.1,13134824.0
2019-11-15,159.23,159.29,158.35,158.92,13121681.0
2019-11-18,158.72,158.74,157.94,158.52,10780160.0
2019-11-19,159.11,159.7,158.31,159.11,15212218.0
2019-11-20,158.55,159.6,157.26,158.51,21332219.0
2019-11-21,158.82,158.89,157.23,157.73,15388324.0
2019-11-22,158.31,158.54,157.35,158.22,13482393.0
2019-11-25,159.03,161.83,158.89,161.58,24776400.0
2019-11-26,161.75,162.54,161.29,161.69,15516610.0
2019-11-27,162.38,162.93,162.08,162.83,13222952.0
2019-11-29,162.41,162.79,161.67,161.77,9988199.0
2019-12-02,162.15,162.21,159.91,160.19,17242018.0
2019-12-03,158.82,160.12,158.1,159.68,14993054.0
2019-12-04,160.5,161.22,160.3,160.78,10842080.0
2019-12-05,161.47,161.65,160.45,160.94,11488959.0
2019-12-06,162.59,163.41,162.5,162.82,16486577.0
2019-12-09,162.75,163.16,162.39,162.51,13871128.0
2019-12-10,162.41,162.96,161.94,162.61,13878177.0
2019-12-11,162.88,163.08,161.95,162.56,19631237.0
2019-12-12,162.75,165.1,162.25,163.96,24875102.0
2019-12-13,163.73,164.81,162.55,163.33,23339258.0
2019-12-16,164.06,164.85,163.74,163.88,20125175.0
2019-12-17,164.14,164.7,163.69,164.7,12990059.0
2019-12-18,165.06,165.28,164.32,165.02,15459710.0
2019-12-19,165.28,165.73,164.88,165.73,11931267.0
2019-12-20,166.15,166.41,165.72,165.97,25456092.0
2019-12-23,166.24,166.36,165.36,166.3,13378604.0
2019-12-24,166.45,166.7,166.04,166.68,4334517.0
2019-12-26,166.83,166.98,166.36,166.68,9388339.0
2019-12-27,167.12,167.12,165.43,165.86,12264813.0
2019-12-30,165.98,166.21,164.57,165.44,14913101.0
2019-12-31,165.08,166.35,164.71,165.67,17368500.0
2020-01-02,166.74,166.75,164.23,165.78,18298020.0
2020-01-03,163.74,165.41,163.7,165.13,19309352.0
2020-01-06,163.85,165.54,163.54,165.35,17180137.0
2020-01-07,164.85,165.34,164.21,164.8,11951253.0
2020-01-08,164.82,166.03,164.72,165.31,13836961.0
2020-01-09,166.12,166.45,165.26,165.51,11912371.0
2020-01-10,165.55,165.69,164.2,164.89,15364093.0
2020-01-13,164.94,166.04,164.07,165.96,17284919.0
2020-01-14,165.14,167.59,164.98,166.57,18347624.0
2020-01-15,166.15,167.95,166.14,167.37,15437158.0
2020-01-16,168.59,169.87,168.43,169.53,19976236.0
2020-01-17,170.28,170.56,168.67,169.07,18306378.0
2020-01-21,168.36,168.99,167.27,167.67,17935111.0
2020-01-22,168.19,168.62,167.18,167.56,14916349.0
2020-01-23,167.1,167.97,165.45,167.45,15954270.0
2020-01-24,168.01,168.01,164.23,165.39,20491383.0
2020-01-27,162.85,164.49,162.42,163.51,18539046.0
2020-01-28,164.5,165.4,163.49,164.87,16690367.0
2020-01-29,165.1,165.56,163.9,163.93,14968785.0
2020-01-30,162.84,164.14,161.93,163.93,21889663.0
2020-01-31,163.32,163.92,160.03,160.53,30439036.0
2020-02-03,161.6,162.93,161.49,162.32,17403639.0
2020-02-04,164.31,165.31,164.16,164.77,15994178.0
2020-02-05,166.48,167.53,165.69,167.31,17807017.0
2020-02-06,167.89,168.15,166.76,166.93,14768884.0
2020-02-07,166.29,166.36,164.4,164.88,18029615.0
2020-02-10,164.56,165.89,164.46,165.81,11428805.0
2020-02-11,166.79,167.96,166.27,166.96,15005571.0
2020-02-12,168.02,168.29,167.28,168.1,12122957.0
2020-02-13,167.22,168.95,167.11,168.55,12649272.0
2020-02-14,168.7,168.78,167.34,167.9,16006202.0
2020-02-18,167.5,168.06,166.43,167.54,13422380.0
2020-02-19,168.17,169.14,167.53,168.4,11084637.0
2020-02-20,167.9,169.11,166.59,168.81,20383833.0
2020-02-21,168.15,168.63,166.33,167.1,18730732.0
2020-02-24,161.86,167.06,161.1,162.07,28239504.0
2020-02-25,162.52,162.76,155.96,156.31,45046965.0
2020-02-26,157.05,158.49,154.22,154.5,39589899.0
2020-02-27,151.35,155.01,148.82,149.06,50530279.0
2020-02-28,144.85,149.13,143.91,146.33,72757680.0
2020-03-02,147.97,151.23,145.39,151.03,33569321.0
2020-03-03,151.09,154.2,146.31,147.95,42941276.0
2020-03-04,150.28,152.45,148.52,152.16,36195813.0
2020-03-05,148.84,152.48,145.49,147.32,32729431.0
2020-03-06,142.71,145.98,140.99,144.4,39688307.0
2020-03-09,134.13,136.17,130.26,130.36,56319957.0
2020-03-10,134.71,134.8,128.02,134.43,54432656.0
2020-03-11,130.92,132.27,124.17,125.88,51521245.0
2020-03-12,116.77,119.9,111.6,111.97,70114293.0
2020-03-13,118.31,119.96,109.55,119.47,57915123.0
2020-03-16,108.62,111.3,101.43,103.62,59095694.0
2020-03-17,104.96,110.5,100.61,108.37,59344831.0
2020-03-18,103.05,106.78,96.25,99.97,62296685.0
2020-03-19,99.66,106.8,95.69,103.87,62654661.0
2020-03-20,106.12,108.76,100.45,101.4,76203733.0
2020-03-23,101.9,102.18,95.91,99.9,63534702.0
2020-03-24,105.37,109.33,99.93,109.04,73386687.0
2020-03-25,109.48,114.0,106.02,109.97,56043666.0
2020-03-26,111.54,117.6,111.2,116.81,51657562.0
2020-03-27,112.25,116.02,110.87,112.56,39931488.0
2020-03-30,113.24,115.26,110.8,115.04,41552124.0
2020-03-31,114.6,116.17,111.96,114.46,52948046.0
2020-04-01,108.7,110.38,105.53,106.66,54224225.0
2020-04-02,105.72,110.39,104.57,107.67,43774153.0
2020-04-03,106.59,108.0,102.6,104.62,42189243.0
2020-04-06,109.09,113.34,109.02,112.63,48708106.0
2020-04-07,116.88,118.64,112.39,112.92,57546079.0
2020-04-08,114.88,119.24,113.29,118.07,52822250.0
2020-04-09,121.92,124.61,121.33,123.72,69666429.0
2020-04-13,122.85,123.51,119.11,120.37,40198162.0
2020-04-14,123.9,124.88,121.3,122.81,35089744.0
2020-04-15,117.86,119.11,116.66,117.8,34809851.0
2020-04-16,118.09,118.42,114.56,116.91,49501272.0
2020-04-17,121.9,122.72,120.06,122.06,46250183.0
2020-04-20,119.59,122.9,119.04,120.62,36700541.0
2020-04-21,117.42,119.24,116.48,117.74,31608900.0
2020-04-22,120.32,120.99,118.77,119.17,24407189.0
2020-04-23,120.11,122.9,119.68,120.34,38571211.0
2020-04-24,121.53,123.32,120.09,122.41,27155771.0
2020-04-27,123.95,128.44,123.86,127.26,39021253.0
2020-04-28,131.12,131.46,127.28,129.11,47292710.0
2020-04-29,133.49,136.85,131.88,135.46,50390529.0
2020-04-30,131.9,132.94,130.14,130.31,43727524.0
2020-05-01,127.15,127.46,123.29,125.14,43352036.0
2020-05-04,123.6,125.9,122.25,125.68,28498224.0
2020-05-05,128.07,129.92,126.1,126.65,31209384.0
2020-05-06,127.49,128.2,125.0,125.72,29836758.0
2020-05-07,127.39,128.5,126.55,127.44,27492978.0
2020-05-08,130.16,132.75,129.19,132.36,32162026.0
2020-05-11,130.41,132.95,129.33,131.7,33983188.0
2020-05-12,132.26,132.29,126.84,126.97,44275308.0
2020-05-13,125.65,126.08,120.41,122.72,58719331.0
2020-05-14,119.97,123.27,117.18,123.12,55904273.0
2020-05-15,122.01,125.53,121.46,125.08,40236628.0
2020-05-18,131.45,133.39,130.83,132.68,47075369.0
2020-05-19,132.22,133.45,130.06,130.06,30269953.0
2020-05-20,132.73,134.98,132.38,134.0,35901345.0
2020-05-21,134.05,135.06,132.58,134.24,32716513.0
2020-05-22,134.67,135.05,133.02,134.89,24035237.0
2020-05-26,140.09,140.38,134.99,138.78,36971004.0
2020-05-27,141.57,143.5,137.33,143.09,42681965.0
2020-05-28,144.74,144.74,137.58,139.7,42164072.0
2020-05-29,138.3,139.28,136.41,138.9,41628788.0
2020-06-01,139.26,141.67,138.61,140.23,25664212.0
2020-06-02,141.07,141.85,139.56,141.39,24666237.0
2020-06-03,143.67,146.07,143.11,144.8,36111708.0
2020-06-04,143.84,145.6,143.18,144.59,28904716.0
2020-06-05,150.86,152.32,149.55,150.18,53513382.0
2020-06-08,152.35,153.39,151.63,153.09,33834297.0
2020-06-09,150.86,151.77,149.06,150.26,39645961.0
2020-06-10,150.09,150.26,145.9,146.18,51774514.0
2020-06-11,140.15,141.03,134.77,135.03,72041452.0
2020-06-12,140.33,141.02,134.15,138.27,63864888.0
2020-06-15,133.28,142.06,133.28,140.99,57354791.0
2020-06-16,146.69,146.69,141.03,144.38,48957023.0
2020-06-17,144.59,144.99,141.32,141.77,34811402.0
2020-06-18,140.37,143.31,139.81,141.72,26974059.0
2020-06-19,144.42,144.51,139.84,140.99,50293840.0
2020-06-22,140.24,142.56,138.83,142.4,28983237.0
2020-06-23,144.32,144.66,142.65,143.0,20344161.0
2020-06-24,141.1,141.6,136.31,138.36,42998651.0
2020-06-25,137.71,140.58,136.29,140.45,37191198.0
2020-06-26,139.48,139.83,136.49,136.67,39100061.0
2020-06-29,138.71,141.99,137.1,141.14,33935236.0
2020-06-30,140.67,143.62,140.59,143.18,32865850.0
2020-07-01,143.65,144.51,141.24,141.82,26457470.0
2020-07-02,144.56,145.28,141.89,142.4,24022381.0
2020-07-06,145.32,145.7,142.93,143.43,19858176.0
2020-07-07,142.18,143.44,140.48,140.89,22661045.0
2020-07-08,140.76,142.5,139.1,141.94,27358919.0
2020-07-09,142.02,142.35,137.24,139.07,34647849.0
2020-07-10,139.14,141.5,138.46,141.31,24008201.0
2020-07-13,142.8,144.64,139.39,139.52,34235495.0
2020-07-14,139.43,141.98,138.64,141.83,28113961.0
2020-07-15,145.42,147.78,144.79,147.03,40770083.0
2020-07-16,146.11,146.67,144.88,146.16,30530808.0
2020-07-17,146.68,147.59,145.51,146.59,20644131.0
2020-07-20,146.12,146.85,145.15,145.96,19663343.0
2020-07-21,147.47,149.16,147.2,148.03,24544748.0
2020-07-22,147.09,148.67,147.03,148.11,24424808.0
2020-07-23,147.98,150.2,146.7,148.26,21704889.0
2020-07-24,147.29,147.66,145.56,146.08,20015547.0
2020-07-27,146.19,147.69,145.39,147.6,13370650.0
2020-07-28,147.07,148.04,146.06,146.13,13268007.0
2020-07-29,147.0,149.45,146.98,149.35,19864417.0
2020-07-30,147.14,149.12,146.33,148.76,23618913.0
2020-07-31,148.14,148.42,144.67,147.36,29936504.0
2020-08-03,148.29,149.97,147.22,149.76,20777073.0
2020-08-04,149.39,150.93,149.04,150.79,20284998.0
2020-08-05,152.29,153.89,151.78,153.79,18526867.0
2020-08-06,153.8,154.44,152.91,153.73,18237747.0
2020-08-07,153.45,156.25,153.15,156.17,20475155.0
2020-08-10,156.65,158.83,156.65,157.79,24000500.0
2020-08-11,159.27,159.82,156.16,156.88,30359375.0
2020-08-12,158.67,158.89,156.49,157.52,23402789.0
2020-08-13,156.99,158.53,156.65,157.19,15799875.0
2020-08-14,156.28,157.76,155.87,157.09,13360915.0
2020-08-17,157.5,158.03,156.74,157.9,9744151.0
2020-08-18,157.85,157.85,155.71,156.39,14647527.0
2020-08-19,156.93,158.04,156.19,156.4,14337271.0
2020-08-20,154.8,156.49,154.54,155.76,15413013.0
2020-08-21,155.15,155.72,153.6,154.61,20685122.0
2020-08-24,155.86,156.27,154.33,156.23,13707136.0
2020-08-25,156.81,156.82,154.79,156.4,16269657.0
2020-08-26,156.5,156.77,155.18,155.42,13772726.0
2020-08-27,156.12,157.0,154.63,155.8,17508373.0
2020-08-28,156.6,157.2,155.73,157.12,12371402.0
2020-08-31,157.19,157.37,155.3,155.43,17051511.0
2020-09-01,155.22,157.31,154.45,157.21,15654144.0
2020-09-02,157.96,158.98,156.18,158.46,16763449.0
2020-09-03,158.12,158.29,152.96,153.78,32117585.0
2020-09-04,155.71,155.89,149.29,152.8,30618783.0
2020-09-08,151.18,152.48,149.0,149.86,26447776.0
2020-09-09,151.43,152.78,150.57,152.13,19254454.0
2020-09-10,152.83,153.88,150.06,150.15,23005486.0
2020-09-11,150.92,151.05,147.68,149.15,20850987.0
2020-09-14,150.59,153.43,150.37,153.08,21991291.0
2020-09-15,154.38,154.69,152.86,153.37,16175459.0
2020-09-16,154.11,156.85,153.84,154.82,22210881.0
2020-09-17,152.62,154.4,151.75,153.69,20002880.0
2020-09-18,153.98,155.29,151.14,153.29,38352759.0
2020-09-21,149.82,150.26,146.33,147.92,40652521.0
2020-09-22,148.65,149.3,146.56,149.06,19385790.0
2020-09-23,148.41,149.43,143.98,144.07,33403387.0
2020-09-24,144.04,146.53,142.09,144.07,31723749.0
2020-09-25,143.44,146.85,143.35,146.41,20689266.0
2020-09-28,148.37,150.44,146.4,150.02,17600904.0
2020-09-29,149.85,150.28,148.0,149.34,18703037.0
2020-09-30,149.9,151.97,148.49,149.79,29073746.0
2020-10-01,150.81,152.2,149.49,152.18,25871962.0
2020-10-02,149.41,153.58,148.99,152.85,29451992.0
2020-10-05,154.49,157.31,154.48,157.07,18553610.0
2020-10-06,158.5,161.01,156.34,156.62,36347976.0
2020-10-07,158.59,160.56,158.46,160.04,27049660.0
2020-10-08,161.72,162.28,160.58,161.86,37278551.0
2020-10-09,163.35,163.71,161.81,162.7,25038061.0
2020-10-12,163.4,164.24,162.6,163.79,20336191.0
2020-10-13,162.52,163.22,161.48,162.7,20106459.0
2020-10-14,163.01,163.91,160.94,161.09,19063417.0
2020-10-15,159.29,163.18,158.81,162.75,22865137.0
2020-10-16,163.21,163.7,162.31,162.35,17643676.0
2020-10-19,162.88,164.03,160.03,160.41,18360611.0
2020-10-20,161.56,162.45,160.34,160.76,18927696.0
2020-10-21,160.87,161.37,159.29,159.38,17504062.0
2020-10-22,160.14,162.19,159.18,162.13,20673932.0
2020-10-23,163.07,163.33,161.25,163.07,20889837.0
2020-10-26,160.92,161.37,157.38,159.55,26509948.0
2020-10-27,159.45,160.06,157.94,158.18,20523013.0
2020-10-28,154.66,155.44,153.04,153.31,32338738.0
2020-10-29,152.77,155.79,151.67,155.14,27203172.0
2020-10-30,154.32,155.28,151.39,153.09,31732985.0
2020-11-02,154.77,155.89,153.66,155.82,25252096.0
2020-11-03,158.43,161.23,158.06,160.24,30257381.0
2020-11-04,157.75,162.35,157.71,160.42,45226280.0
2020-11-05,162.01,165.58,161.91,164.91,31910985.0
2020-11-06,165.62,165.71,163.3,163.62,24930386.0
2020-11-09,176.95,178.1,169.33,169.55,55052701.0
2020-11-10,171.2,173.33,169.75,172.7,35492159.0
2020-11-11,173.34,173.48,170.86,172.63,23972637.0
2020-11-12,171.4,172.64,168.34,169.98,34011364.0
2020-11-13,171.35,174.13,171.31,173.5,25494206.0
2020-11-16,176.49,177.78,175.4,177.63,31812262.0
2020-11-17,176.04,178.8,174.28,178.46,26154529.0
2020-11-18,178.94,179.72,175.86,175.96,24377836.0
2020-11-19,175.65,177.59,175.07,177.31,20187595.0
2020-11-20,176.67,177.94,175.83,177.5,24898766.0
2020-11-23,179.25,181.99,178.73,180.82,24816040.0
2020-11-24,183.39,185.44,182.36,184.22,34945395.0
2020-11-25,183.5,184.31,181.89,183.59,21082745.0
2020-11-27,183.72,184.49,183.22,184.37,10384405.0
2020-11-30,183.82,184.32,180.32,181.02,25481587.0
2020-12-01,183.6,184.22,181.02,182.7,30324341.0
2020-12-02,181.95,183.48,180.76,182.89,20142804.0
2020-12-03,183.34,185.18,182.94,183.92,19603550.0
2020-12-04,185.02,188.45,183.92,188.2,24415714.0
2020-12-07,188.23,188.95,187.44,188.38,14671510.0
2020-12-08,187.12,190.98,187.08,190.8,20165590.0
2020-12-09,192.02,192.81,187.9,189.41,29507618.0
2020-12-10,187.76,191.65,187.31,191.24,21245294.0
2020-12-11,189.99,191.72,188.3,190.3,30864993.0
2020-12-14,191.96,193.12,189.88,189.93,32237656.0
2020-12-15,191.76,194.9,190.73,194.68,26906346.0
2020-12-16,195.13,195.21,192.96,193.98,25484653.0
2020-12-17,194.73,196.38,194.06,196.29,23834154.0
2020-12-18,196.61,197.83,194.8,195.34,37033375.0
2020-12-21,191.9,195.78,191.48,195.24,30872963.0
2020-12-22,195.99,197.72,195.39,197.46,22031442.0
2020-12-23,198.57,199.65,197.9,199.14,18392049.0
2020-12-24,199.93,199.94,198.06,199.01,8904865.0
2020-12-28,201.16,201.18,198.13,198.27,27168444.0
2020-12-29,198.64,199.0,193.44,194.43,33901256.0
2020-12-30,195.05,197.48,195.03,196.41,20595685.0
2020-12-31,196.62,196.84,194.62,196.06,24747745.0
2021-01-04,197.54,197.89,190.94,193.5,33650080.0
2021-01-05,193.09,197.62,193.07,196.49,27442945.0
2021-01-06,199.48,206.78,199.16,204.53,52952237.0
2021-01-07,205.71,208.52,205.7,208.17,24031395.0
2021-01-08,209.32,209.77,204.66,207.72,29016981.0
2021-01-11,205.09,208.12,204.83,207.54,21000529.0
2021-01-12,208.52,211.39,208.49,211.26,24892230.0
2021-01-13,211.43,211.73,209.19,209.75,22782228.0
2021-01-14,211.24,215.0,211.13,213.94,33913728.0
2021-01-15,210.81,213.96,208.26,210.75,41043473.0
2021-01-19,213.34,213.61,211.72,213.45,19744308.0
2021-01-20,214.36,215.98,213.07,214.39,25385045.0
2021-01-21,214.97,215.16,211.95,212.53,21236918.0
2021-01-22,210.49,215.33,209.55,215.0,24800215.0
2021-01-25,214.93,217.91,211.6,214.79,33984986.0
2021-01-26,216.3,216.69,212.77,213.3,23969823.0
2021-01-27,209.5,212.99,207.29,209.39,45830266.0
2021-01-28,210.84,212.37,207.63,208.72,32202541.0
2021-01-29,209.73,210.99,204.84,205.56,40591915.0
2021-02-01,208.17,211.57,205.76,210.61,26375099.0
2021-02-02,213.15,214.05,210.89,213.61,22773106.0
2021-02-03,213.7,214.74,211.59,214.25,23923243.0
2021-02-04,215.09,218.83,215.08,218.62,25400832.0
2021-02-05,220.94,221.84,218.77,221.65,23338798.0
2021-02-08,223.79,227.33,223.4,227.31,20831466.0
2021-02-09,227.13,229.62,226.31,228.38,19510942.0
2021-02-10,229.92,230.32,224.95,226.88,27955436.0
2021-02-11,228.14,229.0,223.42,226.62,25847586.0
2021-02-12,225.93,227.74,224.64,227.26,17440191.0
2021-02-16,229.47,229.63,224.79,225.83,22999508.0
2021-02-17,223.61,224.74,220.96,224.06,25163197.0
2021-02-18,222.34,222.9,219.39,220.59,24501509.0
2021-02-19,222.46,226.3,222.17,225.19,31238155.0
2021-02-22,223.51,226.39,222.98,223.73,23272101.0
2021-02-23,220.96,222.98,215.56,221.76,38646784.0
2021-02-24,222.62,227.45,221.71,227.0,27584915.0
2021-02-25,226.79,227.59,218.01,218.61,49961436.0
2021-02-26,219.52,222.23,214.81,218.31,47734237.0
2021-03-01,223.48,226.71,222.94,226.07,26160993.0
2021-03-02,225.79,225.96,221.55,221.72,26895435.0
2021-03-03,222.42,224.26,219.21,219.32,33407617.0
2021-03-04,218.51,220.69,209.43,213.19,59126462.0
2021-03-05,216.89,218.15,207.21,217.71,53204284.0
2021-03-08,219.36,222.27,217.67,218.74,40619724.0
2021-03-09,222.41,224.99,220.92,223.34,32247276.0
2021-03-10,225.6,228.97,225.2,227.22,36812000.0
2021-03-11,229.55,232.28,228.79,232.22,25256669.0
2021-03-12,231.99,234.15,231.37,233.59,23732175.0
2021-03-15,233.34,234.53,231.91,234.42,21543170.0
2021-03-16,234.02,234.09,229.12,230.5,24675008.0
2021-03-17,228.97,232.82,227.36,232.31,29422584.0
2021-03-18,230.8,232.93,224.61,225.24,35726301.0
2021-03-19,224.57,228.6,222.95,226.94,40855626.0
2021-03-22,227.68,228.1,224.1,225.23,26128435.0
2021-03-23,223.16,223.86,216.03,217.06,43660722.0
2021-03-24,219.86,221.33,212.04,212.04,47270223.0
2021-03-25,209.34,217.52,208.03,216.66,59244571.0
2021-03-26,218.96,220.68,215.96,220.61,34452574.0
2021-03-29,219.01,220.93,214.08,214.4,38078842.0
2021-03-30,214.39,218.68,213.14,218.01,36205448.0
2021-03-31,219.17,222.4,219.12,220.94,34800086.0
2021-04-01,222.4,223.9,222.02,223.74,29799201.0
2021-04-05,226.4,226.54,223.57,224.97,27826550.0
2021-04-06,225.0,226.69,223.84,224.31,24907760.0
2021-04-07,224.23,224.37,219.94,220.69,26233700.0
2021-04-08,221.84,222.82,219.39,222.56,23989440.0
2021-04-09,222.49,223.09,221.24,222.59,23267373.0
2021-04-12,222.72,222.93,220.4,221.72,20533914.0
2021-04-13,221.48,222.57,218.83,221.14,24608360.0
2021-04-14,221.87,226.0,221.8,223.32,27361960.0
2021-04-15,225.09,225.12,222.26,224.29,20587325.0
2021-04-16,225.4,225.68,223.01,224.65,23942972.0
2021-04-19,223.71,224.66,219.94,221.73,25285933.0
2021-04-20,220.77,221.62,215.24,217.19,35570761.0
2021-04-21,217.02,222.62,215.5,222.5,31147779.0
2021-04-22,223.26,225.33,220.78,221.58,31943659.0
2021-04-23,222.82,226.65,222.02,225.76,28409681.0
2021-04-26,227.0,228.69,226.75,228.11,19069177.0
2021-04-27,228.71,229.39,227.51,228.45,19648108.0
2021-04-28,228.08,229.49,227.1,228.84,16222739.0
2021-04-29,230.85,230.95,225.79,227.99,25500342.0
2021-04-30,225.72,227.8,224.14,224.89,27005991.0
2021-05-03,227.21,227.41,224.92,225.99,18693364.0
2021-05-04,224.6,226.14,220.96,223.29,26892736.0
2021-05-05,224.28,224.54,221.36,222.4,24587925.0
2021-05-06,222.65,222.81,218.64,222.59,27647251.0
2021-05-07,222.66,225.93,222.16,225.39,26172680.0
2021-05-10,225.23,225.67,219.59,219.66,28109133.0
2021-05-11,214.92,220.39,214.42,218.96,39519517.0
2021-05-12,217.1,218.77,211.54,211.85,42113404.0
2021-05-13,213.31,217.44,211.8,215.75,37739892.0
2021-05-14,217.94,221.41,215.68,221.02,25070399.0
2021-05-17,219.78,221.39,217.9,221.32,20048545.0
2021-05-18,221.39,223.24,219.47,219.64,24564503.0
2021-05-19,216.03,218.16,214.05,217.95,31202833.0
2021-05-20,218.27,219.87,216.33,219.4,24932752.0
2021-05-21,221.33,222.37,219.35,219.97,24213723.0
2021-05-24,221.18,222.45,220.0,221.4,18324181.0
2021-05-25,222.23,223.71,219.19,219.26,20514901.0
2021-05-26,220.13,223.69,220.12,223.35,20388238.0
2021-05-27,225.04,226.36,224.18,225.65,21225724.0
2021-05-28,227.08,227.18,225.05,225.5,20668438.0
2021-06-01,227.46,228.56,225.96,228.06,23081522.0
2021-06-02,228.91,228.92,226.83,228.33,18927549.0
2021-06-03,226.82,227.62,224.04,226.42,24811508.0
2021-06-04,227.56,228.06,226.21,227.4,19395789.0
2021-06-07,227.89,230.78,227.25,230.45,24049857.0
2021-06-08,231.21,233.48,229.98,232.89,27770308.0
2021-06-09,233.54,233.64,230.98,231.34,18700649.0
2021-06-10,231.68,232.18,228.71,229.28,29068994.0
2021-06-11,230.3,231.8,230.07,231.7,16707152.0
2021-06-14,232.31,233.35,230.14,231.02,19182832.0
2021-06-15,231.12,231.47,228.48,230.36,17039888.0
2021-06-16,229.7,230.68,227.64,229.87,24526975.0
2021-06-17,229.24,230.2,224.52,227.29,48292458.0
2021-06-18,223.7,225.74,221.13,222.13,54023731.0
2021-06-21,224.05,227.5,223.28,226.88,26736350.0
2021-06-22,226.27,228.41,224.72,227.91,21188548.0
2021-06-23,227.99,229.96,227.99,228.66,22387483.0
2021-06-24,230.12,231.91,228.72,231.89,21732461.0
2021-06-25,232.29,233.41,231.75,232.28,27619031.0
2021-06-28,232.24,232.59,228.77,230.44,25005986.0
2021-06-29,231.23,231.73,228.77,229.34,18844314.0
2021-06-30,228.65,230.32,227.76,229.37,26039028.0
2021-07-01,230.81,231.85,229.71,231.39,18089141.0
2021-07-02,232.0,232.08,228.56,229.19,21029729.0
2021-07-06,229.36,229.46,223.87,225.86,27771266.0
2021-07-07,225.54,226.67,221.8,223.76,28521454.0
2021-07-08,219.31,224.08,217.85,221.7,42297883.0
2021-07-09,224.16,226.45,223.34,226.38,23976354.0
2021-07-12,225.56,226.89,224.55,226.57,16831028.0
2021-07-13,225.23,225.74,222.22,222.3,25357534.0
2021-07-14,223.71,224.36,218.55,218.87,30594073.0
2021-07-15,217.83,219.06,214.94,217.63,45476978.0
2021-07-16,219.83,219.88,214.47,214.95,36620206.0
2021-07-19,210.63,214.45,209.05,211.73,58570962.0
2021-07-20,212.2,219.27,211.26,218.3,40794553.0
2021-07-21,219.45,222.22,219.36,222.06,28278730.0
2021-07-22,221.47,221.93,217.58,218.53,32878958.0
2021-07-23,219.87,219.95,216.91,219.55,23660330.0
2021-07-26,220.39,222.05,219.15,220.19,22194195.0
2021-07-27,219.01,219.08,215.38,217.62,35063568.0
2021-07-28,219.0,222.59,217.4,220.82,33043685.0
2021-07-29,222.79,224.44,222.14,222.52,22634837.0
2021-07-30,221.65,224.05,220.28,221.05,28473020.0
2021-08-02,222.47,224.55,219.64,219.95,24192605.0
2021-08-03,220.62,221.12,217.1,220.86,27798643.0
2021-08-04,219.1,221.2,217.89,218.11,25588462.0
2021-08-05,219.09,222.44,218.68,222.03,23915217.0
2021-08-06,223.75,225.21,222.14,223.39,24429215.0
2021-08-09,222.92,223.19,221.21,222.16,17225596.0
2021-08-10,222.64,223.22,221.19,222.6,22681588.0
2021-08-11,223.02,223.73,220.47,223.69,25691282.0
2021-08-12,223.76,223.84,221.71,223.16,23305194.0
2021-08-13,222.98,223.3,220.7,221.13,20813674.0
2021-08-16,219.77,220.26,217.65,219.07,24120034.0
2021-08-17,216.66,217.44,213.75,216.4,35161520.0
2021-08-18,216.1,218.04,214.37,214.51,29102340.0
2021-08-19,212.43,214.07,210.68,211.94,38119879.0
2021-08-20,212.1,216.02,211.42,215.52,31759533.0
2021-08-23,217.48,219.94,217.44,219.62,25778831.0
2021-08-24,220.32,221.92,219.69,221.78,18677896.0
2021-08-25,221.77,223.97,220.85,222.56,21548025.0
2021-08-26,222.14,223.16,219.74,220.2,22380325.0
2021-08-27,220.65,227.03,220.57,226.41,33998457.0
2021-08-30,227.25,227.35,224.98,225.48,20733337.0
2021-08-31,225.24,226.61,224.33,225.92,20839803.0
2021-09-01,226.83,228.24,224.87,227.44,20451506.0
2021-09-02,228.33,229.84,227.6,229.02,22849904.0
2021-09-03,228.25,228.97,227.19,227.96,18252374.0
2021-09-07,227.72,229.0,226.25,226.39,19153387.0
2021-09-08,225.61,225.97,222.63,223.92,25241516.0
2021-09-09,223.54,226.29,222.96,223.81,27180475.0
2021-09-10,225.16,225.29,221.52,221.62,24366127.0
2021-09-13,223.21,223.38,220.25,222.88,34693062.0
2021-09-14,223.75,223.77,219.07,220.04,30312554.0
2021-09-15,220.02,222.74,219.46,222.03,27572014.0
2021-09-16,222.26,223.34,220.26,222.19,22369030.0
2021-09-17,221.62,223.03,220.64,222.48,39957579.0
2021-09-20,217.45,218.99,214.22,217.19,44958534.0
2021-09-21,218.77,219.29,215.82,217.52,26711163.0
2021-09-22,218.88,222.55,218.87,220.9,32100323.0
2021-09-23,222.18,225.65,221.56,224.81,31057849.0
2021-09-24,223.02,224.36,221.84,223.05,28866026.0
2021-09-27,223.62,227.68,223.53,226.44,29743232.0
2021-09-28,225.41,225.6,220.85,221.29,39938155.0
2021-09-29,222.27,222.66,220.17,220.82,23628860.0
2021-09-30,222.12,222.61,218.6,218.75,33153551.0
2021-10-01,219.95,223.5,217.74,222.28,32647021.0
2021-10-04,222.14,222.32,218.93,220.26,32580237.0
2021-10-05,220.96,223.06,219.88,221.02,20407608.0
2021-10-06,218.76,220.2,216.76,219.87,32893268.0
2021-10-07,221.53,224.95,221.37,223.26,24289331.0
2021-10-08,223.39,224.11,221.5,221.58,17989556.0
2021-10-11,221.83,223.55,220.25,220.31,15929780.0
2021-10-12,220.85,222.47,220.36,221.52,18800635.0
2021-10-13,221.89,222.7,219.83,222.57,19676172.0
2021-10-14,224.75,226.0,224.32,225.87,18159962.0
2021-10-15,227.98,228.41,225.06,225.16,27555333.0
2021-10-18,223.88,225.68,223.73,225.03,19082599.0
2021-10-19,225.98,226.88,224.61,225.87,15498358.0
2021-10-20,225.97,227.98,225.12,227.37,18130549.0
2021-10-21,227.19,229.01,226.62,227.95,17851620.0
2021-10-22,227.8,228.39,225.69,227.41,16886970.0
2021-10-25,227.79,229.98,227.28,229.57,16387146.0
2021-10-26,230.03,230.72,227.8,227.84,25290160.0
2021-10-27,227.18,227.46,223.5,223.65,27088453.0
2021-10-28,224.8,228.26,224.77,228.11,22890647.0
2021-10-29,227.8,228.83,226.96,228.05,20777666.0
2021-11-01,229.25,234.18,228.89,233.96,35500822.0
2021-11-02,234.38,234.85,232.65,234.45,24949704.0
2021-11-03,234.15,239.81,233.92,238.64,47648496.0
2021-11-04,239.48,240.94,237.56,238.55,26514023.0
2021-11-05,241.17,243.4,240.2,241.81,42041677.0
2021-11-08,243.74,244.46,241.93,242.56,31324548.0
2021-11-09,242.0,242.53,239.54,241.15,29895916.0
2021-11-10,240.08,241.56,236.31,237.35,32471632.0
2021-11-11,238.31,240.38,237.66,239.26,17987496.0
2021-11-12,239.92,240.21,238.74,239.5,20526719.0
2021-11-15,240.57,240.76,237.55,238.55,27390040.0
2021-11-16,237.76,239.37,236.95,238.99,21925179.0
2021-11-17,238.06,238.13,235.13,235.86,26527765.0
2021-11-18,236.92,237.07,233.05,234.86,30637302.0
2021-11-19,233.27,234.42,232.39,232.72,33994017.0
2021-11-22,234.22,235.74,231.62,231.73,31042087.0
2021-11-23,231.39,233.0,228.62,231.33,33843831.0
2021-11-24,229.39,231.99,228.54,231.58,24099292.0
2021-11-26,224.96,226.17,219.64,222.85,62595374.0
2021-11-29,226.22,226.75,221.24,222.71,45982414.0
2021-11-30,220.66,221.86,215.88,218.17,64908363.0
2021-12-01,223.17,224.21,213.15,213.26,69305403.0
2021-12-02,214.37,219.94,213.82,219.21,64315720.0
2021-12-03,220.29,220.38,212.71,214.71,64425236.0
2021-12-06,216.54,220.69,213.71,219.02,43878330.0
2021-12-07,222.14,226.04,221.98,224.1,44679195.0
2021-12-08,224.6,226.54,223.06,225.63,36546381.0
2021-12-09,223.95,225.81,220.48,220.52,34830252.0
2021-12-10,222.2,222.85,218.32,219.91,32924568.0
2021-12-13,218.39,219.05,214.75,216.04,33478398.0
2021-12-14,214.58,217.52,213.31,214.18,36543485.0
2021-12-15,214.21,218.16,211.08,217.58,51261021.0
2021-12-16,219.45,219.9,212.25,213.18,52743794.0
2021-12-17,212.2,217.35,210.3,215.14,63114782.0
2021-12-20,212.09,212.94,208.76,212.12,49993003.0
2021-12-21,214.2,218.39,212.06,218.18,38545265.0
2021-12-22,217.87,220.35,217.13,220.28,32442011.0
2021-12-23,221.05,222.8,220.34,222.04,22125391.0
2021-12-27,222.34,224.24,220.6,224.12,24196655.0
2021-12-28,223.79,225.73,222.35,222.75,23120267.0
2021-12-29,222.72,223.49,221.26,222.99,19444392.0
2021-12-30,222.94,225.43,222.7,222.93,23607696.0
2021-12-31,222.49,224.12,222.39,222.45,23997427.0
2022-01-03,223.71,226.69,222.73,225.32,30618792.0
2022-01-04,226.0,227.13,223.38,224.98,22013134.0
2022-01-05,224.87,225.91,217.32,217.36,40582077.0
2022-01-06,217.82,220.42,215.82,218.6,39105870.0
2022-01-07,218.6,220.38,215.93,216.07,31583886.0
2022-01-10,214.77,215.39,211.11,215.32,45778073.0
2022-01-11,215.48,217.83,212.96,217.61,35209892.0
2022-01-12,218.52,219.38,214.64,215.99,35284512.0
2022-01-13,216.81,218.19,213.38,214.01,34489556.0
2022-01-14,211.99,214.4,210.58,214.31,42020871.0
2022-01-18,212.2,212.44,207.53,207.83,49512155.0
2022-01-19,208.81,209.46,204.38,204.45,46209065.0
2022-01-20,205.38,208.99,200.33,200.75,50465974.0
2022-01-21,199.76,203.02,196.99,196.99,85821001.0
2022-01-24,194.07,202.39,191.23,201.53,85903216.0
2022-01-25,198.48,201.7,194.56,198.84,61088549.0
2022-01-26,201.78,203.55,193.72,195.97,71471745.0
2022-01-27,197.63,199.61,190.6,191.52,59829045.0
2022-01-28,191.7,195.31,188.09,195.25,65869951.0
2022-01-31,194.39,201.24,193.85,201.24,53393759.0
2022-02-01,201.66,203.57,197.97,203.36,43429351.0
2022-02-02,203.62,203.9,199.29,201.34,42777817.0
2022-02-03,198.84,201.24,197.05,197.53,39629365.0
2022-02-04,197.04,200.1,194.92,198.38,34291072.0
2022-02-07,198.43,201.16,197.99,199.36,33242576.0
2022-02-08,199.47,203.12,199.36,202.76,28341923.0
2022-02-09,204.57,206.65,204.3,206.61,27329310.0
2022-02-10,202.9,209.05,202.12,203.44,44788095.0
2022-02-11,203.65,206.06,199.69,201.38,41516553.0
2022-02-14,201.63,203.53,199.24,200.68,32262664.0
2022-02-15,202.78,206.31,202.63,206.06,25883738.0
2022-02-16,205.3,207.27,204.08,206.49,30104755.0
2022-02-17,204.55,205.03,200.78,201.2,27140233.0
2022-02-18,201.03,202.72,198.76,199.47,36255429.0
2022-02-22,198.48,200.45,195.35,196.66,31847129.0
2022-02-23,198.24,198.9,192.55,192.98,31491521.0
2022-02-24,188.32,198.48,187.92,198.04,52221072.0
2022-02-25,198.69,202.62,197.0,202.5,33656151.0
2022-02-28,200.47,204.6,200.46,203.32,34975853.0
2022-03-01,202.66,203.79,197.8,199.49,40638906.0
2022-03-02,200.84,205.3,200.69,204.24,29978551.0
2022-03-03,205.09,205.11,200.29,201.82,30142659.0
2022-03-04,199.7,200.86,196.98,198.66,31657741.0
2022-03-07,199.22,199.59,193.68,193.72,39279830.0
2022-03-08,194.34,199.57,193.46,194.79,45715788.0
2022-03-09,198.22,201.0,197.62,200.28,29048016.0
2022-03-10,197.41,200.04,196.56,199.92,25660992.0
2022-03-11,200.78,201.76,196.44,196.73,24990029.0
2022-03-14,197.24,197.44,191.88,192.71,34969461.0
2022-03-15,193.46,195.79,192.88,195.78,25464343.0
2022-03-16,197.54,201.94,196.15,201.94,31869726.0
2022-03-17,200.77,205.21,200.3,205.11,25783098.0
2022-03-18,204.21,207.45,204.0,207.27,37092178.0
2022-03-21,207.2,208.18,203.94,205.44,26747523.0
2022-03-22,206.31,208.79,205.8,207.5,24699895.0
2022-03-23,206.15,207.2,203.75,203.9,19774978.0
2022-03-24,204.38,205.9,202.73,205.84,19781210.0
2022-03-25,206.09,206.62,204.44,206.12,19430366.0
2022-03-28,205.6,206.21,203.03,206.19,18999130.0
2022-03-29,208.0,212.25,207.88,211.71,29550571.0
2022-03-30,211.37,211.74,206.61,207.46,26251502.0
2022-03-31,207.13,208.91,205.15,205.27,26771581.0
2022-04-01,206.18,207.72,205.01,207.57,25948508.0
2022-04-04,207.87,208.43,205.88,207.91,20333898.0
2022-04-05,207.96,209.44,202.51,202.99,26509793.0
2022-04-06,201.27,201.8,198.68,200.11,34903891.0
2022-04-07,200.11,201.23,196.68,199.46,29291244.0
2022-04-08,199.22,200.31,197.5,197.87,25249579.0
2022-04-11,197.12,199.25,195.88,196.54,33702313.0
2022-04-12,198.7,201.68,196.42,197.16,33699784.0
2022-04-13,197.68,201.45,197.61,200.91,22303590.0
2022-04-14,201.11,202.37,198.87,198.96,27106953.0
2022-04-18,198.46,199.18,196.53,197.62,22246351.0
2022-04-19,197.86,202.24,197.69,201.56,22786685.0
2022-04-20,203.05,203.87,201.86,202.33,20516175.0
2022-04-21,204.23,204.8,197.02,197.8,31547675.0
2022-04-22,196.87,197.37,192.29,192.68,35686941.0
2022-04-25,190.99,194.11,189.21,193.85,35556526.0
2022-04-26,192.32,192.71,187.48,187.74,40513592.0
2022-04-27,187.67,189.78,186.26,186.96,37807971.0
2022-04-28,189.17,191.4,184.71,190.45,37405185.0
2022-04-29,189.59,191.73,184.51,184.95,41193373.0
2022-05-02,184.9,187.82,182.38,186.89,38002089.0
2022-05-03,186.92,189.51,185.68,188.49,30246266.0
2022-05-04,189.05,193.93,185.69,193.52,38834742.0
2022-05-05,191.53,191.56,183.38,185.67,41468705.0
2022-05-06,184.96,185.42,180.55,182.58,45457873.0
2022-05-09,179.86,182.65,174.1,174.9,53682210.0
2022-05-10,177.57,178.91,171.2,174.95,53650814.0
2022-05-11,175.13,178.19,170.3,170.6,64377822.0
2022-05-12,169.83,174.34,168.9,172.6,52967378.0
2022-05-13,175.04,179.41,175.01,178.07,36517011.0
2022-05-16,177.5,179.44,176.14,177.22,28225461.0
2022-05-17,180.41,182.84,178.99,182.64,31833733.0
2022-05-18,180.47,181.41,175.1,176.24,36093763.0
2022-05-19,174.89,178.81,174.89,176.53,33627736.0
2022-05-20,178.5,178.97,171.79,176.08,42243686.0
2022-05-23,177.88,178.96,175.5,178.21,24644132.0
2022-05-24,176.57,176.93,172.33,175.57,26861782.0
2022-05-25,174.88,179.78,174.81,178.73,27950056.0
2022-05-26,179.85,183.8,179.7,182.72,25702704.0
2022-05-27,183.76,187.65,183.4,187.64,24952062.0
2022-05-31,186.91,187.68,184.09,185.31,29794499.0
2022-06-01,186.27,186.94,181.77,184.26,28352136.0
2022-06-02,184.59,188.76,184.17,188.76,24875960.0
2022-06-03,187.29,187.96,185.79,187.06,18972140.0
2022-06-06,189.29,189.31,186.83,187.87,24678747.0
2022-06-07,186.41,190.94,185.9,190.9,21661588.0
2022-06-08,189.96,190.7,187.06,187.95,21521727.0
2022-06-09,186.55,187.07,183.53,183.57,21697229.0
2022-06-10,180.51,181.55,177.65,178.59,37153558.0
2022-06-13,173.63,174.96,169.29,170.2,39712710.0
2022-06-14,170.67,171.24,167.74,169.38,30282434.0
2022-06-15,171.21,174.06,168.66,171.86,32150529.0
2022-06-16,167.84,168.42,162.78,163.9,43810559.0
2022-06-17,164.48,167.52,163.7,165.18,40327271.0
2022-06-21,167.98,170.08,166.81,168.14,34665447.0
2022-06-22,165.96,169.26,165.37,167.82,29303486.0
2022-06-23,168.19,170.23,166.55,169.83,27089785.0
2022-06-24,171.22,175.1,170.9,175.09,37138454.0
2022-06-27,175.67,176.99,174.18,175.74,24745414.0
2022-06-28,176.93,178.15,172.35,172.44,25958302.0
2022-06-29,172.55,172.7,168.97,170.69,21292488.0
2022-06-30,168.2,171.31,166.76,169.36,31466339.0
2022-07-01,169.05,171.84,167.66,171.41,24598625.0
2022-07-05,168.68,172.9,166.73,172.83,25151145.0
2022-07-06,172.45,173.71,169.75,171.55,25697551.0
2022-07-07,172.86,175.98,172.85,175.61,24822531.0
2022-07-08,175.07,176.99,173.65,175.59,20546955.0
2022-07-11,174.26,174.97,171.6,172.06,22031451.0
2022-07-12,171.54,173.36,170.56,171.47,23864192.0
2022-07-13,169.15,172.28,168.79,171.32,25535614.0
2022-07-14,168.68,170.0,167.02,169.56,25102172.0
2022-07-15,171.54,173.35,169.31,173.09,34935913.0
2022-07-18,175.13,176.29,172.06,172.6,23031546.0
2022-07-19,174.75,178.89,174.66,178.69,24234559.0
2022-07-20,178.65,181.81,178.4,181.49,26049312.0
2022-07-21,180.45,182.5,178.85,182.42,21709855.0
2022-07-22,182.88,183.25,178.05,179.51,25116096.0
2022-07-25,180.05,180.92,178.43,180.44,19267156.0
2022-07-26,179.78,180.21,178.54,179.33,19391214.0
2022-07-27,180.48,184.25,180.0,183.41,21670690.0
2022-07-28,184.32,186.14,181.76,185.93,22838529.0
2022-07-29,186.04,187.73,185.04,187.25,21760641.0
2022-08-01,185.79,188.32,184.22,187.18,23905554.0
2022-08-02,186.47,189.02,185.48,187.0,17492574.0
2022-08-03,188.3,190.15,187.64,189.75,19157749.0
2022-08-04,189.84,190.04,188.44,189.35,14838914.0
2022-08-05,187.47,191.02,187.17,190.8,18540323.0
2022-08-08,192.15,194.63,191.89,192.82,22234911.0
2022-08-09,192.04,192.17,189.16,190.19,18247296.0
2022-08-10,193.63,195.95,193.11,195.62,20796377.0
2022-08-11,197.42,199.53,196.04,196.35,23727554.0
2022-08-12,197.35,200.43,196.58,200.36,21726589.0
2022-08-15,198.8,201.16,198.22,201.07,17414800.0
2022-08-16,200.5,201.99,199.03,200.99,18833104.0
2022-08-17,198.72,199.33,196.38,197.61,22427990.0
2022-08-18,197.88,199.25,196.9,198.92,18368053.0
2022-08-19,196.83,197.11,194.07,194.65,27416393.0
2022-08-22,191.99,192.35,190.01,190.64,22937015.0
2022-08-23,190.94,192.93,190.39,190.95,20069836.0
2022-08-24,190.79,193.3,190.16,192.41,16038273.0
2022-08-25,193.38,195.45,192.98,195.4,14794953.0
2022-08-26,195.34,195.44,188.66,188.98,24177218.0
2022-08-29,186.95,188.99,186.52,187.24,19753269.0
2022-08-30,187.82,188.01,183.54,184.62,22548933.0
2022-08-31,184.94,185.74,183.19,183.5,22412480.0
2022-09-01,181.78,181.89,178.9,181.5,30706643.0
2022-09-02,183.6,183.95,179.14,180.09,27468200.0
2022-09-06,180.71,181.08,177.5,178.31,23837119.0
2022-09-07,177.97,182.47,177.93,182.19,24781164.0
2022-09-08,180.69,183.79,179.62,183.71,25273214.0
2022-09-09,185.34,187.63,185.1,187.4,23208770.0
2022-09-12,188.6,189.86,187.97,189.67,23134571.0
2022-09-13,184.86,185.91,181.54,182.25,34144710.0
2022-09-14,182.57,183.32,180.57,182.96,25278337.0
2022-09-15,181.92,184.69,180.86,181.63,25378692.0
2022-09-16,179.09,179.68,176.91,178.99,41155873.0
2022-09-19,177.01,180.75,176.96,180.52,25412217.0
2022-09-20,178.77,178.94,176.71,178.06,22247528.0
2022-09-21,179.37,181.1,175.33,175.34,29357100.0
2022-09-22,175.0,175.58,170.74,171.39,33468593.0
2022-09-23,169.0,169.19,165.0,167.31,40336929.0
2022-09-26,165.47,168.97,163.58,164.17,30597799.0
2022-09-27,166.31,167.63,163.28,164.73,42406580.0
2022-09-28,165.76,170.99,165.07,169.94,35186541.0
2022-09-29,167.78,167.93,163.8,166.13,31464022.0
2022-09-30,165.78,169.52,164.87,164.92,40643777.0
2022-10-03,167.34,170.3,165.25,169.29,33611555.0
2022-10-04,172.61,176.08,172.53,176.0,37537299.0
2022-10-05,173.41,175.33,171.42,174.7,25281358.0
2022-10-06,173.85,176.17,172.91,173.72,22635934.0
2022-10-07,171.93,172.47,167.92,168.61,26536118.0
2022-10-10,169.29,169.57,166.59,167.67,23386430.0
2022-10-11,166.96,170.11,164.8,167.72,28009126.0
2022-10-12,167.9,168.46,165.48,167.26,26796655.0
2022-10-13,164.0,172.2,162.5,171.4,45376514.0
2022-10-14,172.74,173.92,166.71,166.81,29608626.0
2022-10-17,170.22,172.62,170.11,172.13,28199212.0
2022-10-18,175.86,177.29,172.69,174.17,34523149.0
2022-10-19,172.49,173.4,169.33,171.21,27146943.0
2022-10-20,171.42,173.55,168.47,169.03,26710706.0
2022-10-21,169.4,173.2,168.19,172.7,45402703.0
2022-10-24,173.32,174.0,171.05,173.44,27284472.0
2022-10-25,173.57,178.9,173.56,178.17,33105746.0
2022-10-26,179.15,182.37,178.33,179.05,37084746.0
2022-10-27,180.59,182.0,178.87,179.09,28651848.0
2022-10-28,179.83,183.41,178.74,183.16,33221621.0
2022-10-31,182.27,184.24,181.55,183.33,25699385.0
2022-11-01,185.24,185.6,182.88,183.58,27446653.0
2022-11-02,182.84,185.0,177.43,177.49,38139591.0
2022-11-03,175.29,177.94,174.11,176.3,29093224.0
2022-11-04,178.92,179.94,175.47,178.68,25842371.0
2022-11-07,179.74,180.59,177.68,179.49,20689937.0
2022-11-08,180.23,181.95,177.36,179.56,20265188.0
2022-11-09,178.0,178.67,174.28,174.63,27276977.0
2022-11-10,181.85,185.45,181.15,185.38,38572799.0
2022-11-11,185.76,188.84,185.69,186.9,28765362.0
2022-11-14,185.79,187.79,184.63,184.81,26499630.0
2022-11-15,187.84,189.56,186.11,187.55,26128760.0
2022-11-16,186.6,186.64,183.71,184.25,24802010.0
2022-11-17,181.62,182.95,180.51,182.54,20835670.0
2022-11-18,184.59,185.31,182.57,183.72,27269071.0
2022-11-21,182.78,183.19,181.43,182.76,19038942.0
2022-11-22,183.74,184.94,182.33,184.71,16869715.0
2022-11-23,184.29,185.78,183.55,185.19,19758783.0
2022-11-25,185.09,186.37,184.66,185.58,13393405.0
2022-11-28,184.13,184.92,181.29,181.84,17490373.0
2022-11-29,181.96,183.61,181.96,182.37,14020553.0
2022-11-30,182.67,187.43,180.8,187.37,28030141.0
2022-12-01,188.15,189.24,186.13,186.96,21996369.0
2022-12-02,184.37,188.86,184.33,188.05,22574779.0
2022-12-05,186.86,187.06,182.18,182.87,25449292.0
2022-12-06,182.88,182.98,179.08,180.07,18502134.0
2022-12-07,179.75,181.5,179.11,179.54,17177784.0
2022-12-08,180.77,182.63,179.51,180.84,20971437.0
2022-12-09,179.77,180.81,178.56,178.62,22046494.0
2022-12-12,178.85,181.09,178.0,180.72,22765420.0
2022-12-13,185.73,186.64,180.14,181.38,38445310.0
2022-12-14,181.31,182.91,178.83,180.19,32406860.0
2022-12-15,178.03,178.6,175.04,175.68,33546710.0
2022-12-16,173.8,175.11,172.67,174.37,38502417.0
2022-12-19,174.61,175.05,171.47,172.01,25614032.0
2022-12-20,171.67,174.02,171.18,172.92,18050794.0
2022-12-21,174.45,176.8,174.2,175.9,22997201.0
2022-12-22,174.33,174.49,170.67,173.6,21297569.0
2022-12-23,173.48,174.45,172.34,174.39,11647741.0
2022-12-27,174.36,174.57,172.58,173.22,13553781.0
2022-12-28,173.18,174.1,170.34,170.53,19648022.0
2022-12-29,171.72,175.25,171.4,174.85,22311308.0
2022-12-30,173.34,174.72,172.61,174.36,21275583.0
2023-01-03,175.93,177.32,171.9,173.4,22503836.0
2023-01-04,174.62,176.67,174.28,175.56,22973497.0
2023-01-05,174.59,174.76,172.39,173.68,17032620.0
2023-01-06,175.3,178.04,173.87,177.58,21986906.0
2023-01-09,179.01,180.12,177.65,177.88,18366452.0
2023-01-10,177.66,180.62,177.3,180.51,18751117.0
2023-01-11,181.26,182.79,180.68,182.76,18222696.0
2023-01-12,183.57,185.95,181.92,185.83,29650762.0
2023-01-13,184.5,187.34,184.33,187.05,22119985.0
2023-01-17,187.0,187.84,186.24,186.82,22422562.0
2023-01-18,187.45,188.96,183.7,183.8,23507760.0
2023-01-19,182.73,183.1,180.78,182.04,24624454.0
2023-01-20,182.71,185.15,181.27,185.04,36070250.0
2023-01-23,185.43,188.12,184.58,187.33,20329901.0
2023-01-24,186.59,187.83,185.88,186.93,19263452.0
2023-01-25,185.41,187.51,183.87,187.45,18174577.0
2023-01-26,188.98,189.85,186.29,188.56,18369120.0
2023-01-27,187.98,190.3,187.79,189.58,20019850.0
2023-01-30,187.84,189.61,186.83,186.94,18395072.0
2023-01-31,187.42,191.58,187.38,191.48,21567866.0
2023-02-01,191.19,196.19,190.13,194.49,27007326.0
2023-02-02,196.01,199.26,194.35,198.32,31020427.0
2023-02-03,196.11,199.13,195.7,196.99,24981474.0
2023-02-06,195.65,196.38,193.37,194.14,18160086.0
2023-02-07,193.41,196.1,191.65,195.58,27074054.0
2023-02-08,194.36,195.37,192.2,192.72,17933496.0
2023-02-09,194.23,195.12,189.43,189.93,20516649.0
2023-02-10,189.28,190.63,188.53,190.31,15248731.0
2023-02-13,190.51,192.86,189.31,192.6,15754366.0
2023-02-14,191.28,193.95,190.08,192.51,21889612.0
2023-02-15,190.98,194.55,190.53,194.46,18782880.0
2023-02-16,191.8,194.87,191.25,192.6,21366255.0
2023-02-17,191.88,193.37,190.97,193.13,23892199.0
2023-02-21,190.75,191.34,187.24,187.43,26004028.0
2023-02-22,187.83,189.15,186.75,187.94,24651715.0
2023-02-23,189.35,190.3,186.7,189.28,21311725.0
2023-02-24,186.65,187.78,185.78,187.51,24280697.0
2023-02-27,189.13,190.2,187.6,188.17,17562854.0
2023-02-28,188.12,190.02,188.07,188.18,19542637.0
2023-03-01,188.19,189.49,187.19,188.42,22532791.0
2023-03-02,186.86,189.3,186.12,188.87,18134836.0
2023-03-03,189.67,191.93,188.42,191.5,22774335.0
2023-03-06,191.56,191.74,187.9,188.7,23266746.0
2023-03-07,188.65,189.07,186.22,186.51,25865711.0
2023-03-08,186.79,187.61,185.12,186.6,22505855.0
2023-03-09,186.73,187.27,181.28,181.41,33546890.0
2023-03-10,180.39,180.39,174.26,176.18,69274206.0
2023-03-13,172.52,176.4,171.07,173.31,74171456.0
2023-03-14,178.6,179.26,174.61,176.52,48946152.0
2023-03-15,171.93,173.91,170.38,173.61,54405755.0
2023-03-16,171.47,177.38,170.5,175.98,52888335.0
2023-03-17,174.04,174.76,170.86,171.23,70239907.0
2023-03-20,173.05,175.37,172.53,173.45,46103182.0
2023-03-21,176.55,178.18,175.96,176.65,34465882.0
2023-03-22,176.52,177.35,171.53,171.64,56098235.0
2023-03-23,172.28,174.39,168.71,170.25,47720850.0
2023-03-24,168.75,172.11,167.46,171.79,47538469.0
2023-03-27,173.84,174.73,172.36,173.7,33880623.0
2023-03-28,173.1,174.51,172.69,173.45,28555089.0
2023-03-29,175.34,175.55,173.57,175.42,25564793.0
2023-03-30,176.88,177.31,174.45,175.18,26728564.0
2023-03-31,176.4,178.64,176.37,178.4,39602850.0
2023-04-03,178.95,179.78,176.49,178.48,27608982.0
2023-04-04,178.92,179.1,174.32,175.35,33487181.0
2023-04-05,174.25,174.83,172.53,173.63,28243090.0
2023-04-06,173.72,174.46,172.68,173.89,26366279.0
2023-04-10,173.07,175.88,173.03,175.75,22237792.0
2023-04-11,176.57,177.97,176.12,177.14,21876241.0
2023-04-12,178.82,178.98,175.58,175.84,27018113.0
2023-04-13,176.54,178.69,175.93,178.17,23259875.0
2023-04-14,178.33,179.22,175.34,176.51,29600374.0
2023-04-17,176.97,178.86,176.75,178.78,22177347.0
2023-04-18,179.59,179.63,176.94,178.02,22692960.0
2023-04-19,177.08,178.79,176.58,178.25,19306758.0
2023-04-20,177.15,178.43,176.52,177.33,20336276.0
2023-04-21,177.81,177.96,175.86,177.56,25972820.0
2023-04-24,177.38,178.45,176.5,177.44,17781006.0
2023-04-25,175.63,175.94,173.01,173.06,28857915.0
2023-04-26,172.23,173.4,171.0,171.39,30309779.0
2023-04-27,172.03,173.86,170.94,173.68,33424124.0
2023-04-28,173.29,175.83,173.18,175.2,31911856.0
2023-05-01,175.0,177.34,174.76,175.3,27420136.0
2023-05-02,174.4,174.45,169.92,171.7,40851051.0
2023-05-03,172.22,175.7,172.19,172.33,43261392.0
2023-05-04,171.32,171.56,168.78,170.4,42382097.0
2023-05-05,173.29,175.1,173.1,174.45,35456844.0
2023-05-08,175.26,175.55,173.13,174.05,22109887.0
2023-05-09,172.98,174.27,172.16,173.53,21465513.0
2023-05-10,175.96,176.02,172.72,174.41,27281899.0
2023-05-11,173.22,173.78,172.11,173.07,25884562.0
2023-05-12,173.65,174.21,171.65,172.72,20406402.0
2023-05-15,173.31,175.71,172.82,174.83,24310016.0
2023-05-16,173.61,174.81,172.23,172.28,24212865.0
2023-05-17,173.43,176.5,172.16,176.12,38231617.0
2023-05-18,175.56,177.57,175.02,177.19,30446567.0
2023-05-19,178.51,178.89,175.25,176.11,34316254.0
2023-05-22,176.62,179.02,176.04,178.26,28207225.0
2023-05-23,177.91,180.53,177.38,177.42,32708906.0
2023-05-24,176.55,176.74,174.67,175.54,28744169.0
2023-05-25,175.25,175.53,172.7,174.17,36202620.0
2023-05-26,174.3,176.38,174.02,176.15,29841301.0
2023-05-30,176.71,177.55,174.76,175.5,25572553.0
2023-05-31,174.69,176.01,172.36,173.77,34598813.0
2023-06-01,173.86,176.24,172.93,175.65,27800883.0
2023-06-02,178.01,182.09,177.45,182.02,50212414.0
2023-06-05,181.26,181.26,178.44,179.58,34465801.0
2023-06-06,178.93,184.96,178.93,184.31,58584472.0
2023-06-07,184.96,187.77,184.96,187.24,60685567.0
2023-06-08,186.75,187.38,184.91,186.54,34184997.0
2023-06-09,186.32,186.61,184.45,185.03,30242195.0
2023-06-12,185.23,186.68,184.22,185.8,26615219.0
2023-06-13,186.44,188.98,186.27,187.93,35758221.0
2023-06-14,188.32,189.24,184.55,185.91,37114094.0
2023-06-15,185.08,187.57,184.91,187.44,36488407.0
2023-06-16,187.95,188.55,185.09,185.94,50684496.0
2023-06-20,185.16,185.57,183.76,185.13,33269305.0
2023-06-21,184.44,185.91,183.59,184.7,30730223.0
2023-06-22,184.2,184.25,182.49,183.33,27063734.0
2023-06-23,180.77,182.41,180.05,180.57,50610105.0
2023-06-26,180.44,182.74,180.37,180.75,31507869.0
2023-06-27,181.2,183.99,180.4,183.36,28818761.0
2023-06-28,182.99,184.42,182.12,184.26,23187607.0
2023-06-29,184.72,187.08,184.43,186.38,32084099.0
2023-06-30,188.26,188.43,186.91,187.27,30287342.0
2023-07-03,186.91,188.84,186.74,187.65,14011920.0
2023-07-05,187.13,187.21,185.44,185.78,24092136.0
2023-07-06,183.63,183.71,180.72,182.78,39080780.0
2023-07-07,182.98,186.49,182.93,184.71,31706666.0
2023-07-10,184.58,188.05,184.16,187.87,29272697.0
2023-07-11,188.48,190.08,187.69,189.8,26738826.0
2023-07-12,192.76,193.05,191.37,191.87,40127301.0
2023-07-13,192.51,193.69,191.8,193.42,23523018.0
2023-07-14,193.34,193.49,190.29,191.53,32198600.0
2023-07-17,191.34,194.36,191.14,193.58,23283694.0
2023-07-18,193.7,196.39,193.49,195.97,28551475.0
2023-07-19,196.7,197.66,195.93,196.8,23678951.0
2023-07-20,196.94,196.94,194.27,195.08,27278057.0
2023-07-21,196.39,196.62,194.09,194.46,28982427.0
2023-07-24,194.56,196.26,193.99,194.94,16929832.0
2023-07-25,194.58,196.21,194.42,194.92,18961103.0
2023-07-26,194.77,197.16,194.71,196.46,20377886.0
2023-07-27,197.63,197.9,193.18,193.92,31159256.0
2023-07-28,196.02,196.95,195.5,196.43,21612218.0
2023-07-31,196.93,198.75,196.92,198.71,24203904.0
2023-08-01,197.43,197.94,195.78,197.8,27552004.0
2023-08-02,195.59,196.09,194.09,195.11,28079650.0
2023-08-03,194.3,195.64,193.06,194.56,24323073.0
2023-08-04,194.82,196.31,193.71,194.17,24950431.0
2023-08-07,194.66,195.06,192.68,194.3,20184966.0
2023-08-08,192.14,193.29,190.52,193.08,25578164.0
2023-08-09,192.87,192.88,190.75,191.57,22293207.0
2023-08-10,192.24,194.12,189.89,190.72,29378811.0
2023-08-11,189.92,191.69,189.74,190.99,21428592.0
2023-08-14,189.94,190.7,188.64,190.66,20354927.0
2023-08-15,189.52,189.64,188.04,188.14,25491278.0
2023-08-16,187.99,189.06,185.81,185.84,27018358.0
2023-08-17,186.34,186.74,183.63,183.65,26715093.0
2023-08-18,182.21,185.25,181.94,184.65,33375218.0
2023-08-21,184.7,185.28,183.07,184.38,22678096.0
2023-08-22,185.04,185.55,183.22,183.83,21335815.0
2023-08-23,184.0,186.11,183.43,185.79,21231072.0
2023-08-24,185.25,186.34,183.2,183.22,26582347.0
2023-08-25,184.06,185.0,181.61,184.0,29340436.0
2023-08-28,184.84,186.75,184.82,185.64,23002015.0
2023-08-29,185.54,188.37,184.57,188.23,22986016.0
2023-08-30,187.73,189.61,187.33,188.94,19869943.0
2023-08-31,189.2,190.26,188.53,188.61,17953390.0
2023-09-01,190.07,191.86,189.85,190.85,25094635.0
2023-09-05,189.65,189.9,186.77,186.83,27160094.0
2023-09-06,187.06,188.09,185.09,186.13,26406222.0
2023-09-07,185.14,185.38,183.59,184.33,23894847.0
2023-09-08,184.56,184.83,183.45,183.92,19413292.0
2023-09-11,185.26,185.72,184.2,184.36,17424653.0
2023-09-12,184.04,185.34,183.74,184.18,16826275.0
2023-09-13,184.5,184.88,182.39,182.97,24415720.0
2023-09-14,184.53,186.07,184.24,185.55,27952534.0
2023-09-15,184.79,185.07,182.79,183.61,39695476.0
2023-09-18,183.7,183.76,182.37,182.39,19287847.0
2023-09-19,182.49,183.3,181.07,181.68,24085942.0
2023-09-20,182.4,183.51,179.82,179.86,27642932.0
2023-09-21,178.5,178.76,177.07,177.07,31625616.0
2023-09-22,177.56,178.37,176.56,176.67,23171082.0
2023-09-25,175.69,177.86,175.54,177.46,22416152.0
2023-09-26,175.5,177.02,174.29,174.36,30476035.0
2023-09-27,175.45,176.93,174.46,175.99,37292970.0
2023-09-28,176.09,178.57,175.97,177.58,31372443.0
2023-09-29,178.97,179.16,176.15,176.74,36689028.0
2023-10-02,176.33,176.73,173.15,174.07,42139312.0
2023-10-03,172.95,173.5,170.37,171.14,42733588.0
2023-10-04,171.01,171.61,169.09,171.22,42491887.0
2023-10-05,170.8,171.9,169.94,171.35,33273468.0
2023-10-06,170.37,173.89,169.51,173.0,42160893.0
2023-10-09,171.84,174.55,171.77,174.0,26658367.0
2023-10-10,174.31,177.04,174.28,175.97,31584990.0
2023-10-11,176.12,177.23,174.38,175.67,27427204.0
2023-10-12,175.88,175.88,170.79,171.7,38693778.0
2023-10-13,172.35,172.7,169.69,170.27,33969129.0
2023-10-16,171.74,173.39,171.02,173.02,31140293.0
2023-10-17,171.94,176.42,171.9,174.95,39823233.0
2023-10-18,173.64,173.66,171.0,171.35,38501422.0
2023-10-19,170.86,172.15,168.36,168.62,51397290.0
2023-10-20,168.66,169.026,166.43,166.44,54421796.0
2023-10-23,165.66,167.455,164.645,165.03,45590887.0
2023-10-24,166.45,167.62,165.41,166.47,32666174.0
2023-10-25,165.01,165.655,163.4,163.72,36832875.0
2023-10-26,164.15,165.77,163.2,164.14,50525608.0
2023-10-27,164.52,164.83,161.67,162.21,46017094.0
2023-10-30,163.79,164.81,161.94,163.11,35156336.0
2023-10-31,163.4,164.99,162.83,164.52,31533031.0
2023-11-01,164.46,165.6,163.1,165.46,44366918.0
2023-11-02,167.75,170.0,167.325,169.87,50458069.0
2023-11-03,172.8,175.645,172.78,174.49,57060506.0
2023-11-06,174.49,174.775,171.39,172.31,35294391.0
2023-11-07,171.56,172.51,170.57,171.7,31168877.0
2023-11-08,171.7,172.13,169.3024,169.87,44938468.0
2023-11-09,171.03,171.03,166.98,167.24,38577406.0
2023-11-10,168.22,169.71,166.7901,169.11,36148732.0
2023-11-13,168.24,169.77,167.52,169.17,27610204.0
2023-11-14,174.23,178.47,174.22,178.46,77610968.0
2023-11-15,178.35,181.76,178.11,178.77,59641251.0
2023-11-16,178.14,178.63,175.155,175.88,46616698.0
2023-11-17,177.45,178.64,177.105,178.29,43436546.0
2023-11-20,178.52,179.65,177.74,179.33,26698060.0
2023-11-21,178.24,178.505,176.91,177.02,30457019.0
2023-11-22,178.18,179.39,177.42,178.13,28980363.0
2023-11-24,178.05,179.73,177.8,179.27,13436572.0
2023-11-27,178.5,179.11,177.23,178.73,30665810.0
2023-11-28,178.55,179.22,177.2,178.04,28350213.0
2023-11-29,179.55,181.75,178.7,178.98,31590200.0
2023-11-30,180.05,180.64,178.76,179.66,32216751.0
2023-12-01,179.2,185.18,178.21,184.91,64221280.0
2023-12-04,184.23,186.99,184.02,186.89,44862600.0
2023-12-05,186.05,186.05,183.98,184.39,36873498.0
2023-12-06,185.7,187.92,183.79,184.06,43637852.0
2023-12-07,184.33,185.56,183.39,185.39,32662280.0
2023-12-08,185.15,187.75,184.86,186.8,36087099.0
2023-12-11,186.68,187.62,185.885,187.19,29302064.0
2023-12-12,186.97,187.655,185.335,187.0,32023999.0
2023-12-13,187.1,193.64,185.67,193.33,69484794.0
2023-12-14,196.87,200.035,196.48,198.71,83649334.0
2023-12-15,198.95,199.55,195.95,197.04,74160651.0
2023-12-18,197.96,198.77,196.68,197.11,44451112.0
2023-12-19,198.48,201.3,198.02,200.93,52156165.0
2023-12-20,199.86,202.17,196.16,196.28,62360257.0
2023-12-21,198.5,199.82,197.52,199.62,38613394.0
2023-12-22,200.88,202.81,200.19,201.48,39173779.0
2023-12-26,202.21,204.56,201.69,204.1,26878989.0
2023-12-27,204.44,205.49,203.395,204.82,35806364.0
2023-12-28,203.79,205.165,203.28,204.04,28929896.0
2023-12-29,203.48,204.0301,200.71,200.71,41496671.0
2024-01-02,199.4,201.62,198.44,199.52,44341432.0
2024-01-03,197.4,197.67,193.78,194.2,57532477.0
2024-01-04,194.06,195.49,193.69,193.82,43114060.0
2024-01-05,192.69,195.46,192.29,193.25,40964836.0
2024-01-08,193.29,196.97,192.26,196.73,31545389.0
2024-01-09,194.35,195.769,193.32,194.97,28998688.0
2024-01-10,194.74,195.375,193.08,195.08,35075172.0
2024-01-11,194.5,194.74,191.3,193.55,48939210.0
2024-01-12,195.89,197.1,192.64,193.23,42991914.0
2024-01-16,191.72,193.26,190.11,190.84,42213011.0
2024-01-17,188.13,189.93,187.525,189.48,37787632.0
2024-01-18,190.71,191.17,188.21,190.6,41759964.0
2024-01-19,191.29,192.85,189.225,192.43,63338329.0
2024-01-22,194.15,196.82,194.09,196.54,42379449.0
2024-01-23,198.22,198.59,194.98,195.97,42470981.0
2024-01-24,198.379,198.46,194.12,194.36,41120090.0
2024-01-25,197.1,197.6584,194.41,195.97,37659452.0
2024-01-26,196.89,197.89,195.38,195.98,33478616.0
2024-01-29,196.16,199.41,195.09,199.41,29234355.0
2024-01-30,198.39,198.93,197.1,197.71,33121240.0
2024-01-31,197.21,198.94,192.71,192.88,68126593.0
2024-02-01,194.31,195.74,191.53,195.44,59478995.0
2024-02-02,193.24,195.5,192.39,194.41,52839295.0
2024-02-05,192.47,193.11,190.06,191.94,39751861.0
2024-02-06,191.7,193.8,191.02,193.67,34689117.0
2024-02-07,194.07,194.15,192.04,193.22,31713826.0
2024-02-08,193.36,196.37,192.71,196.15,35370836.0
2024-02-09,196.92,199.547,196.45,199.34,46106833.0
2024-02-12,199.87,203.55,199.84,202.96,43290809.0
2024-02-13,196.22,197.63,193.06,194.61,86247438.0
2024-02-14,197.68,199.79,196.23,199.13,43807858.0
2024-02-15,200.99,204.765,200.72,204.44,44931910.0
2024-02-16,202.12,203.7,201.09,201.66,48346202.0
2024-02-20,199.15,199.72,198.01,198.88,30547476.0
2024-02-21,197.66,198.35,196.39,197.94,28821470.0
2024-02-22,198.65,200.085,197.8052,199.44,38184703.0
2024-02-23,199.6,201.135,198.565,199.89,37667577.0
2024-02-26,199.69,201.64,199.15,201.15,29118221.0
2024-02-27,203.08,204.215,202.535,204.0,32268572.0
2024-02-28,202.44,203.8559,201.87,202.32,30143873.0
2024-02-29,205.18,206.04,202.52,203.73,40404127.0
2024-03-01,204.53,206.325,203.14,205.89,35156825.0
2024-03-04,207.03,207.77,205.45,205.7,24785363.0
2024-03-05,204.3,205.91,203.01,203.73,34163480.0
2024-03-06,206.03,206.08,204.08,205.25,34255162.0
2024-03-07,206.7,208.099,206.4,206.96,28020183.0
2024-03-08,208.74,210.41,205.8,206.83,41447733.0
2024-03-11,205.96,206.84,204.75,205.19,24435839.0
2024-03-12,205.15,205.92,203.39,204.91,34958880.0
2024-03-13,204.87,206.58,204.77,205.71,25140691.0
2024-03-14,205.05,205.28,200.17,202.03,47509099.0
2024-03-15,201.25,203.08,201.13,202.41,53216877.0
2024-03-18,202.91,203.18,200.905,201.25,32404829.0
2024-03-19,199.78,202.75,199.661,202.1,29864063.0
2024-03-20,201.52,206.99,201.11,206.1,49609589.0
2024-03-21,207.0,208.95,206.84,207.94,43067330.0
2024-03-22,207.85,208.24,205.07,205.07,28437339.0
2024-03-25,205.72,207.01,205.51,205.54,20107818.0
2024-03-26,207.05,207.635,204.99,205.17,23434807.0
2024-03-27,206.8,209.71,206.155,209.64,35028416.0
2024-03-28,210.08,211.875,209.84,210.3,37675146.0
2024-04-01,210.77,210.8,207.96,208.32,25684202.0
2024-04-02,205.75,205.88,203.4,204.49,36632122.0
2024-04-03,203.38,206.4,203.28,205.83,27362771.0
2024-04-04,208.05,208.55,203.21,203.77,32265231.0
2024-04-05,203.14,205.695,202.88,204.45,27569379.0
2024-04-08,205.98,206.4197,204.58,205.57,21330964.0
2024-04-09,206.22,206.97,204.47,206.38,23330832.0
2024-04-10,201.18,202.93,199.54,200.93,57130471.0
2024-04-11,201.97,202.91,200.1,202.29,37184020.0
2024-04-12,201.23,201.91,197.68,198.69,35388664.0
2024-04-15,199.37,200.23,194.98,195.78,41119297.0
2024-04-16,194.41,196.24,193.36,195.06,43267541.0
2024-04-17,196.47,196.62,192.99,193.0,38589529.0
2024-04-18,193.7,195.655,192.15,192.84,40238247.0
2024-04-19,191.94,194.39,191.34,193.14,42666521.0
2024-04-22,194.21,196.295,192.9,195.3,31552997.0
2024-04-23,195.26,199.32,195.13,198.57,31838301.0
2024-04-24,198.17,198.9103,196.46,197.68,28791711.0
2024-04-25,195.44,196.83,193.77,196.48,31915561.0
2024-04-26,197.0,198.89,196.42,198.36,24613603.0
2024-04-29,199.25,200.41,198.88,199.96,20494587.0
2024-04-30,198.11,198.65,195.75,195.9,30606600.0
2024-05-01,195.88,200.32,195.025,196.31,38782082.0
2024-05-02,198.78,200.12,196.54,199.92,27200714.0
2024-05-03,203.41,204.16,201.12,201.9,30880499.0
2024-05-06,203.47,204.78,203.38,204.51,23129835.0
2024-05-07,204.77,206.15,204.5,204.97,20116900.0
2024-05-08,202.72,203.955,202.555,203.78,18349403.0
2024-05-09,203.97,205.99,203.41,205.86,22914189.0
2024-05-10,206.35,206.62,203.68,204.31,21520150.0
2024-05-13,206.08,206.55,204.6,204.74,18585253.0
2024-05-14,207.13,207.74,205.91,206.86,33169005.0
2024-05-15,209.21,209.77,207.72,209.44,33412224.0
2024-05-16,208.9,209.35,207.93,207.93,26731093.0
2024-05-17,208.01,208.52,207.35,208.08,35219666.0
2024-05-20,208.02,209.48,207.775,208.54,15695809.0
2024-05-21,207.83,208.69,207.59,208.34,13466830.0
2024-05-22,207.53,208.22,205.8,206.58,20853064.0
2024-05-23,207.51,207.62,202.35,203.19,34039791.0
2024-05-24,204.79,205.68,203.96,205.44,19946055.0
2024-05-28,206.97,207.09,203.965,205.16,18475784.0
2024-05-29,202.53,203.005,201.78,202.13,25654778.0
2024-05-30,203.515,204.939,203.0802,204.05,20537499.0
2024-05-31,204.95,206.28,203.08,205.77,25784746.0
2024-06-03,207.53,207.555,203.145,204.61,23902694.0
2024-06-04,203.15,204.5035,201.65,201.97,27098879.0
2024-06-05,203.3,205.06,201.79,205.06,20707576.0
2024-06-06,204.18,204.81,202.9875,203.59,17335520.0
2024-06-07,201.53,203.17,200.68,201.2,26036032.0
2024-06-10,199.52,202.13,199.01,201.89,25115401.0
2024-06-11,199.64,201.02,198.42,200.64,23768341.0
2024-06-12,205.87,207.27,203.1,203.72,43668703.0
2024-06-13,203.27,203.54,200.51,201.94,28021108.0
2024-06-14,199.56,200.04,197.94,198.73,33453696.0
2024-06-17,198.12,200.95,197.4088,200.4,25538077.0
2024-06-18,200.46,201.69,200.03,200.75,25446932.0
2024-06-20,200.32,201.86,199.22,199.9,27999724.0
2024-06-21,199.93,200.41,198.46,200.35,37570252.0
2024-06-24,200.69,202.69,200.53,201.22,22289423.0
2024-06-25,201.13,201.16,199.82,200.56,16150627.0
2024-06-26,199.33,200.58,198.8101,200.03,19313384.0
2024-06-27,200.63,202.15,199.96,202.06,17432522.0
2024-06-28,203.88,204.635,201.315,202.89,35025979.0
2024-07-01,203.52,203.82,200.48,201.19,21886119.0
2024-07-02,201.52,202.27,200.9034,201.88,17219144.0
2024-07-03,202.25,203.28,201.63,201.83,14634045.0
2024-07-05,201.21,201.625,199.88,200.87,17282399.0
2024-07-08,202.51,203.7,201.84,202.28,20823705.0
2024-07-09,201.92,202.52,200.53,201.4,17919020.0
2024-07-10,202.29,203.59,201.49,203.37,19286055.0
2024-07-11,207.9,211.225,206.94,210.68,65443645.0
2024-07-12,212.92,214.94,212.66,213.14,50810532.0
2024-07-15,214.79,218.24,214.3,217.19,48925277.0
2024-07-16,219.14,224.86,219.02,224.6,67945562.0
2024-07-17,222.36,226.64,221.66,222.25,66091811.0
2024-07-18,221.41,224.78,216.98,217.95,53179976.0
2024-07-19,217.63,218.65,215.85,216.84,37933447.0
2024-07-22,217.68,220.6499,215.38,220.29,36185946.0
2024-07-23,219.21,223.75,219.04,222.63,44884649.0
2024-07-24,221.07,223.86,217.715,217.85,42442980.0
2024-07-25,218.45,224.02,218.2,220.57,45052988.0
2024-07-26,223.9,225.39,221.7,224.22,40821820.0
2024-07-29,224.71,225.4172,220.77,221.73,33869583.0
2024-07-30,222.72,224.46,221.11,222.57,26876737.0
2024-07-31,223.71,228.63,221.98,223.86,52387641.0
2024-08-01,223.77,224.89,215.06,216.58,71508036.0
2024-08-02,208.85,211.19,206.99,208.92,66850204.0
2024-08-05,197.9,204.74,196.7,202.2,65683110.0
2024-08-06,203.01,207.25,201.2,204.4,37072527.0
2024-08-07,207.85,207.96,201.56,201.98,30594398.0
2024-08-08,204.42,207.0,203.17,206.89,26550287.0
2024-08-09,207.05,207.12,204.94,206.46,20954346.0
2024-08-12,206.61,206.98,203.82,204.6,20357705.0
2024-08-13,206.09,208.38,204.86,207.97,25458310.0
2024-08-14,208.63,208.75,205.74,206.68,25345557.0
2024-08-15,211.26,213.1,209.91,212.04,42561476.0
2024-08-16,211.37,213.98,211.28,212.6,30427401.0
2024-08-19,212.96,215.21,212.82,215.2,17246236.0
2024-08-20,214.89,214.95,212.05,212.69,21703874.0
2024-08-21,214.28,215.66,212.82,215.46,19623044.0
2024-08-22,215.57,216.37,213.13,213.56,18083971.0
2024-08-23,215.18,221.08,214.79,220.38,40003081.0
2024-08-26,221.93,222.45,220.08,220.45,24865547.0
2024-08-27,218.91,219.37,217.71,218.74,19577861.0
2024-08-28,217.87,219.115,216.27,217.26,19684982.0
2024-08-29,218.78,220.98,217.15,218.81,24599500.0
2024-08-30,219.71,220.5,217.4,220.08,23010039.0
2024-09-03,218.13,219.37,212.91,213.35,31338454.0
2024-09-04,212.76,215.37,211.7,212.99,23706201.0
2024-09-05,213.54,214.03,210.92,211.93,23910476.0
2024-09-06,211.93,213.19,207.14,207.9,34559900.0
2024-09-09,208.15,210.255,207.52,208.48,23584104.0
2024-09-10,208.72,208.86,205.791,208.31,23025689.0
2024-09-11,207.47,209.25,204.21,208.92,27175507.0
2024-09-12,209.91,212.78,208.41,211.61,27658273.0
2024-09-13,214.03,217.25,213.94,216.83,37388104.0
2024-09-16,217.63,218.285,216.14,217.61,23289005.0
2024-09-17,219.58,221.8,218.47,219.41,35563482.0
2024-09-18,219.23,224.94,218.25,219.45,54085216.0
2024-09-19,224.66,224.68,221.5,223.97,35369494.0
2024-09-20,223.45,223.46,221.29,221.57,34587472.0
2024-09-23,222.69,223.11,220.02,220.76,20157691.0
2024-09-24,221.63,221.93,219.5,221.13,20939787.0
2024-09-25,220.32,220.61,217.54,217.69,23242325.0
2024-09-26,220.49,221.13,218.38,218.85,24974650.0
2024-09-27,220.86,222.599,219.53,220.33,23959597.0
2024-09-30,219.42,221.59,218.58,220.89,21952192.0
2024-10-01,220.17,220.34,216.3,217.89,30015969.0
2024-10-02,216.99,218.75,216.21,217.59,14455443.0
2024-10-03,216.23,217.23,215.08,216.13,21352898.0
2024-10-04,219.29,219.98,217.29,219.15,27914834.0
2024-10-07,218.64,218.66,215.87,217.43,14891287.0
2024-10-08,217.63,218.37,216.7,217.58,18118475.0
2024-10-09,217.53,219.61,216.92,218.06,18230562.0
2024-10-10,215.9,216.88,214.6,216.85,24571442.0
2024-10-11,216.77,221.61,216.71,221.26,19950923.0
2024-10-14,221.45,223.11,220.4301,222.89,19263303.0
2024-10-15,222.57,225.5,221.98,223.07,25998753.0
2024-10-16,224.89,227.17,224.39,226.74,27656695.0
2024-10-17,226.91,226.96,224.91,226.12,18003629.0
2024-10-18,226.66,227.0299,225.39,225.65,20046618.0
2024-10-21,225.63,225.69,221.53,222.1,24243816.0
2024-10-22,221.47,221.83,220.3,221.26,15813870.0
2024-10-23,220.03,220.8,217.37,219.24,23263488.0
2024-10-24,220.43,221.04,218.525,219.72,18381844.0
2024-10-25,221.31,221.97,218.52,218.89,23807804.0
2024-10-28,220.79,222.97,220.48,222.46,19877718.0
2024-10-29,220.74,221.9,219.97,221.74,20282204.0
2024-10-30,221.07,224.48,220.9,221.44,19754849.0
2024-10-31,221.22,221.77,217.63,217.76,24078329.0
2024-11-01,219.5,220.97,218.34,218.98,21221954.0
2024-11-04,218.5,221.74,217.8401,220.09,20463670.0
2024-11-05,219.34,224.29,219.06,224.23,26404596.0
2024-11-06,236.59,237.58,232.75,237.22,75554567.0
2024-11-07,236.89,238.49,235.4,236.38,34970253.0
2024-11-08,235.93,238.465,235.65,238.12,26597830.0
2024-11-11,240.52,242.3899,239.85,241.7,29207686.0
2024-11-12,239.96,241.79,236.56,237.46,35314348.0
2024-11-13,238.95,239.88,234.833,235.11,25947671.0
2024-11-14,235.95,236.43,231.21,231.94,29272066.0
2024-11-15,232.22,232.29,227.81,228.48,37927018.0
2024-11-18,229.22,230.6,228.13,228.93,29398804.0
2024-11-19,226.59,230.82,226.4,230.63,26008953.0
2024-11-20,230.23,230.93,228.04,230.93,24222492.0
2024-11-21,232.16,235.57,231.11,234.44,28679385.0
2024-11-22,235.64,239.235,235.33,238.77,22692522.0
2024-11-25,241.49,244.98,241.39,242.4,33533930.0
2024-11-26,241.18,241.6068,239.429,240.62,22581359.0
2024-11-27,242.01,243.69,240.44,240.95,19472811.0
2024-11-29,242.37,243.475,241.54,242.01,13801609.0
2024-12-02,242.24,242.66,240.01,241.75,25274751.0
2024-12-03,241.54,242.14,239.37,240.03,21376680.0
2024-12-04,240.28,241.67,239.21,240.89,19902851.0
2024-12-05,240.52,240.86,237.735,238.08,20227006.0
2024-12-06,239.79,239.89,238.38,238.93,20760639.0
2024-12-09,240.55,241.38,237.65,237.73,16684336.0
2024-12-10,237.58,238.815,235.92,236.7,19946375.0
2024-12-11,238.71,239.285,236.83,237.77,23156928.0
2024-12-12,237.16,237.65,234.35,234.68,21454510.0
2024-12-13,234.37,234.86,231.88,233.07,23972844.0
2024-12-16,232.91,235.63,232.35,234.44,32293481.0
2024-12-17,232.67,233.44,230.55,231.07,33064272.0
2024-12-18,232.24,233.076,218.92,220.84,52267523.0
2024-12-19,223.25,224.43,219.3299,219.86,51871679.0
2024-12-20,218.6,224.655,218.07,221.92,53882240.0
2024-12-23,221.74,222.4,219.38,221.41,29606797.0
2024-12-24,222.02,223.63,220.48,223.45,11948898.0
2024-12-26,222.42,226.1407,221.465,225.68,20085657.0
2024-12-27,224.29,225.44,220.2,222.39,26955979.0
2024-12-30,220.67,221.81,217.85,220.68,25706112.0
2024-12-31,222.12,223.28,220.15,220.96,26208298.0
2025-01-02,222.93,224.37,219.596,221.14,29362911.0
2025-01-03,222.07,224.82,221.38,224.43,24525172.0
2025-01-06,225.76,227.17,224.14,224.52,23541872.0
2025-01-07,225.58,226.515,221.38,222.72,28835228.0
2025-01-08,220.9,222.31,219.0121,221.71,26795840.0
2025-01-10,218.31,218.71,215.31,216.83,37379430.0
2025-01-13,214.5,217.515,213.97,217.25,28603831.0
2025-01-14,219.18,220.225,217.22,219.72,25447518.0
2025-01-15,225.44,225.575,223.0,224.04,30124684.0
2025-01-16,224.15,225.23,222.71,224.49,21029602.0
2025-01-17,226.93,226.9692,224.67,225.46,26754914.0
2025-01-21,227.52,229.89,226.985,229.79,26086289.0
2025-01-22,229.35,229.85,227.83,228.29,21306957.0
2025-01-23,226.93,229.35,226.55,229.33,20850711.0
2025-01-24,228.82,230.23,228.04,228.69,19074526.0
2025-01-27,226.71,229.62,225.21,226.5,27461670.0
2025-01-28,226.74,227.56,225.18,226.75,16847369.0
2025-01-29,226.68,228.22,224.58,226.23,20280432.0
2025-01-30,228.52,230.05,226.92,228.53,25575054.0
2025-01-31,228.75,230.32,225.535,226.48,35348742.0
2025-02-03,221.51,225.55,220.67,223.83,34023245.0
2025-02-04,223.6,227.13,223.21,226.93,17985480.0
2025-02-05,228.06,229.5,226.8893,229.4,15197250.0
2025-02-06,230.51,230.7,227.3,228.65,18809380.0
2025-02-07,228.85,229.2499,225.58,226.0,28912838.0
2025-02-10,227.37,227.52,225.86,227.02,14574663.0
2025-02-11,225.05,226.42,224.805,225.7,18215538.0
2025-02-12,222.26,224.48,221.79,223.62,25572759.0
2025-02-13,225.04,226.34,223.75,226.14,21419398.0
2025-02-14,227.27,227.98,225.61,225.97,13574434.0
2025-02-18,226.15,227.6699,225.51,227.21,15166315.0
2025-02-19,225.41,227.15,225.08,226.43,16194764.0
2025-02-20,226.01,226.19,223.01,224.26,18507555.0
2025-02-21,226.0,226.3576,217.46,217.8,45036908.0
2025-02-24,218.79,218.79,215.15,216.23,30246185.0
2025-02-25,216.37,217.27,213.49,215.41,33665008.0
2025-02-26,216.06,218.41,214.84,215.68,25464168.0
2025-02-27,215.64,216.49,212.22,212.39,29378527.0
2025-02-28,211.64,214.66,210.955,214.65,32015206.0
2025-03-03,215.4,215.96,207.42,208.78,36330030.0
2025-03-04,205.93,209.77,203.19,206.42,56427050.0
2025-03-05,206.45,208.84,204.82,208.47,35778454.0
2025-03-06,205.78,208.12,203.9,205.28,39206266.0
2025-03-07,204.97,207.11,201.73,205.95,43513913.0
2025-03-10,203.44,204.74,198.75,200.77,39442755.0
2025-03-11,201.12,203.22,198.53,200.75,51509676.0
2025-03-12,203.05,203.75,199.55,201.1,36881604.0
2025-03-13,201.27,202.025,197.0,198.1,31336882.0
2025-03-14,200.24,203.07,199.34,202.89,34089258.0
2025-03-17,202.71,206.02,202.6,205.45,26947475.0
2025-03-18,203.85,203.92,202.345,203.21,22887916.0
2025-03-19,203.35,207.68,202.9,206.37,31595525.0
2025-03-20,204.32,207.3,204.195,205.06,25665894.0
2025-03-21,202.72,204.415,201.76,203.79,39469937.0
2025-03-24,206.96,209.23,206.69,208.86,25774694.0
2025-03-25,208.69,209.27,207.09,207.7,17836815.0
2025-03-26,207.96,208.82,204.68,205.59,19422370.0
2025-03-27,205.33,206.35,203.76,204.61,23960030.0
2025-03-28,204.54,204.58,199.38,200.45,26656150.0
2025-03-31,197.48,200.64,195.49,199.49,32250727.0
2025-04-01,198.99,201.23,196.66,199.51,26054120.0
2025-04-02,196.78,203.33,196.54,202.66,36603039.0
2025-04-03,193.11,195.0599,189.2,189.65,60551537.0
2025-04-04,182.61,184.05,176.67,181.19,92612270.0
2025-04-07,174.32,190.25,171.73,179.55,96706222.0
2025-04-08,185.69,185.92,172.34,174.82,61090551.0
2025-04-09,172.72,192.11,171.74,189.68,123015115.0
2025-04-10,184.52,185.48,176.98,181.71,67503008.0
2025-04-11,181.14,184.85,178.58,184.36,44954241.0
2025-04-14,187.81,187.97,183.05,186.53,35214549.0
2025-04-15,186.34,189.05,185.84,186.76,30715458.0
2025-04-16,185.7,186.73,182.56,184.97,35063241.0
2025-04-17,184.99,187.43,184.46,186.48,42359215.0
2025-04-21,185.0,185.29,180.765,182.74,26018999.0
2025-04-22,185.15,188.1,184.55,187.47,34477053.0
2025-04-23,192.92,195.51,189.84,190.25,44866123.0
2025-04-24,190.76,194.37,189.89,194.06,29820132.0
2025-04-25,192.72,194.26,191.55,194.12,25028800.0
