Date,open,high,low,close,volume
2015-04-27,12.33,12.44,12.28,12.39,7338499.0
2015-04-28,12.5,12.56,12.39,12.5,3925497.0
2015-04-29,12.66,12.9,12.64,12.78,6582926.0
2015-04-30,12.72,13.67,12.64,13.46,13455078.0
2015-05-01,13.57,13.83,13.54,13.71,5700116.0
2015-05-04,13.65,13.95,13.59,13.9,4301575.0
2015-05-05,13.79,13.93,13.66,13.79,4918081.0
2015-05-06,13.74,13.93,13.66,13.67,3444749.0
2015-05-07,13.84,13.92,13.38,13.55,5527377.0
2015-05-08,14.13,14.26,13.97,14.13,8606547.0
2015-05-11,14.15,14.25,13.81,13.91,4431905.0
2015-05-12,14.24,14.47,14.21,14.32,5972269.0
2015-05-13,14.21,14.67,14.13,14.48,5160700.0
2015-05-14,14.34,14.9,14.27,14.84,6055417.0
2015-05-15,14.83,14.98,14.68,14.88,2883980.0
2015-05-18,14.98,15.03,14.74,14.9,2386808.0
2015-05-19,15.2,15.28,14.47,14.62,9659867.0
2015-05-20,14.7,14.76,14.29,14.46,3379834.0
2015-05-21,14.56,14.91,14.45,14.57,6506711.0
2015-05-22,14.35,14.44,14.13,14.15,3139128.0
2015-05-26,13.83,13.88,13.67,13.82,4691920.0
2015-05-27,13.79,13.88,13.69,13.78,4329266.0
2015-05-28,13.51,13.58,13.1,13.17,9872455.0
2015-05-29,12.98,13.01,12.77,12.87,7708540.0
2015-06-01,12.77,12.95,12.77,12.89,4112943.0
2015-06-02,12.77,13.12,12.61,13.08,8238125.0
2015-06-03,12.9,12.94,12.73,12.8,6692180.0
2015-06-04,12.73,12.93,12.42,12.75,8952859.0
2015-06-05,12.55,12.67,12.52,12.54,7107768.0
2015-06-08,12.96,13.15,12.89,13.12,6945447.0
2015-06-09,13.57,13.81,13.52,13.74,11306979.0
2015-06-10,13.92,14.07,13.7,14.02,8992331.0
2015-06-11,14.03,14.12,13.65,13.68,8185601.0
2015-06-12,13.56,13.66,13.3,13.38,5928366.0
2015-06-15,13.73,14.06,13.68,14.03,11373737.0
2015-06-16,13.87,14.05,13.7,14.04,8370850.0
2015-06-17,14.16,14.3,13.77,13.86,6800978.0
2015-06-18,13.74,13.91,13.44,13.51,9013767.0
2015-06-19,13.36,13.72,13.34,13.6,4457044.0
2015-06-22,13.21,13.31,13.19,13.27,5949336.0
2015-06-23,13.47,13.51,13.13,13.21,4321554.0
2015-06-24,13.28,13.41,13.2,13.38,2589593.0
2015-06-25,13.54,13.77,13.44,13.72,10657443.0
2015-06-26,13.44,13.57,13.28,13.33,13459675.0
2015-06-29,13.51,13.64,13.28,13.46,7026072.0
2015-06-30,13.22,13.62,13.22,13.56,6047980.0
2015-07-01,13.51,13.53,13.25,13.34,4808275.0
2015-07-02,13.56,13.84,13.5,13.56,8279860.0
2015-07-06,13.21,13.36,13.2,13.22,8745333.0
2015-07-07,13.06,13.09,12.9,13.07,5279251.0
2015-07-08,13.18,13.19,12.84,12.9,7062631.0
2015-07-09,12.87,13.13,12.7,13.1,8154411.0
2015-07-10,13.34,13.46,13.24,13.3,7728858.0
2015-07-13,13.65,13.83,13.61,13.71,6557934.0
2015-07-14,13.89,13.92,13.54,13.61,4897269.0
2015-07-15,13.88,14.05,13.79,13.94,6365013.0
2015-07-16,13.9,14.0,13.65,13.74,7001046.0
2015-07-17,13.75,13.86,13.62,13.86,3560543.0
2015-07-20,13.47,13.81,13.44,13.59,6064882.0
2015-07-21,13.84,13.9,13.74,13.87,3957574.0
2015-07-22,13.94,13.96,13.68,13.89,3953992.0
2015-07-23,13.96,14.17,13.47,13.54,7853555.0
2015-07-24,13.39,13.46,13.28,13.35,3283586.0
2015-07-27,13.4,13.5,13.34,13.37,2036243.0
2015-07-28,13.45,13.64,13.36,13.48,3850545.0
2015-07-29,13.63,13.75,13.58,13.71,3779462.0
2015-07-30,13.49,13.64,13.25,13.33,5882458.0
2015-07-31,13.3,13.31,12.97,13.04,5458075.0
2015-08-03,13.16,13.22,12.98,13.2,3837398.0
2015-08-04,13.47,13.52,13.31,13.45,4181631.0
2015-08-05,13.67,13.68,13.34,13.34,3660536.0
2015-08-06,13.12,13.6,13.1,13.46,5303934.0
2015-08-07,13.42,13.52,13.23,13.42,3625730.0
2015-08-10,13.63,13.65,13.51,13.6,3113781.0
2015-08-11,13.57,13.68,13.4,13.66,3217937.0
2015-08-12,13.84,14.06,13.83,14.0,4484261.0
2015-08-13,13.97,14.02,13.34,13.44,7169901.0
2015-08-14,13.43,13.5,13.34,13.46,1847146.0
2015-08-17,13.16,13.18,13.04,13.12,4696283.0
2015-08-18,12.94,13.05,12.91,13.03,3825251.0
2015-08-19,13.01,13.05,12.89,12.95,2443785.0
2015-08-20,12.96,13.31,12.94,13.15,6945736.0
2015-08-21,12.97,12.98,12.74,12.79,8112016.0
2015-08-24,12.54,12.83,12.52,12.64,5571834.0
2015-08-25,12.68,12.78,12.56,12.76,3538116.0
2015-08-26,12.77,12.82,12.71,12.72,2103994.0
2015-08-27,12.67,12.81,12.5,12.64,8234459.0
2015-08-28,12.85,12.87,12.74,12.85,2546337.0
2015-08-31,12.63,12.72,12.51,12.7,8729545.0
2015-09-01,12.83,12.86,12.62,12.71,4639428.0
2015-09-02,12.6,12.63,12.46,12.48,7318614.0
2015-09-03,12.47,12.93,12.46,12.83,15629061.0
2015-09-04,12.71,12.75,12.52,12.55,7487095.0
2015-09-08,12.71,12.87,12.68,12.77,7470666.0
2015-09-09,12.61,12.64,12.48,12.56,6056053.0
2015-09-10,12.63,12.91,12.59,12.65,12954214.0
2015-09-11,12.72,12.83,12.7,12.74,3061469.0
2015-09-14,12.8,13.09,12.77,13.01,3603300.0
2015-09-15,12.98,13.09,12.86,12.89,1955454.0
2015-09-16,12.71,12.75,12.57,12.61,4594861.0
2015-09-17,12.56,12.68,12.43,12.56,4305317.0
2015-09-18,12.4,12.46,12.3,12.33,3235331.0
2015-09-21,12.11,12.24,12.09,12.16,3020881.0
2015-09-22,12.15,12.21,12.12,12.12,1590242.0
2015-09-23,12.17,12.24,12.08,12.13,2075334.0
2015-09-24,12.1,12.3,11.91,12.28,3605442.0
2015-09-25,12.13,12.14,11.95,12.08,5985603.0
2015-09-28,12.47,12.47,12.17,12.27,4333370.0
2015-09-29,12.02,12.08,11.86,11.88,3139254.0
2015-09-30,11.87,11.88,11.54,11.61,6617999.0
2015-10-01,11.43,11.52,11.12,11.17,7615173.0
2015-10-02,11.15,11.32,11.11,11.28,4716157.0
2015-10-05,11.3,11.45,11.23,11.31,17495120.0
2015-10-06,11.25,11.43,11.22,11.37,7444126.0
2015-10-07,11.56,11.63,11.36,11.39,4919842.0
2015-10-08,11.46,11.62,11.41,11.44,6218208.0
2015-10-09,11.49,11.59,11.44,11.58,3575234.0
2015-10-12,11.6,11.7,11.53,11.67,3268511.0
2015-10-13,11.55,11.73,11.43,11.46,2892082.0
2015-10-14,11.55,11.66,11.45,11.64,4518235.0
2015-10-15,11.77,11.81,11.28,11.31,6248367.0
2015-10-16,11.23,11.24,11.12,11.15,2631303.0
2015-10-19,11.24,11.34,11.17,11.21,2358069.0
2015-10-20,11.31,11.36,11.2,11.31,2204209.0
2015-10-21,11.06,11.06,10.89,10.95,7417012.0
2015-10-22,10.96,11.06,10.76,10.86,6731684.0
2015-10-23,10.63,10.68,10.46,10.52,7390947.0
2015-10-26,10.21,10.22,9.87,9.99,13299843.0
2015-10-27,9.98,10.18,9.91,9.99,5839787.0
2015-10-28,9.69,9.75,9.54,9.67,9310741.0
2015-10-29,9.84,9.99,9.42,9.5,8357980.0
2015-10-30,9.36,9.84,9.35,9.81,7446116.0
2015-11-02,9.48,9.59,9.43,9.49,7658470.0
2015-11-03,9.45,9.64,9.42,9.56,5634444.0
2015-11-04,9.69,9.76,9.5,9.57,7753863.0
2015-11-05,9.73,10.04,9.7,10.01,5700756.0
2015-11-06,9.8,10.1,9.76,9.89,3964714.0
2015-11-09,9.75,9.75,9.58,9.7,8689746.0
2015-11-10,9.9,9.96,9.76,9.79,3483942.0
2015-11-11,9.78,9.81,9.47,9.56,4270940.0
2015-11-12,9.48,9.63,9.45,9.62,3602901.0
2015-11-13,9.71,9.94,9.64,9.94,6309769.0
2015-11-16,9.88,10.08,9.83,9.88,5084843.0
2015-11-17,9.71,9.98,9.67,9.88,4277721.0
2015-11-18,9.86,9.91,9.69,9.72,3089961.0
2015-11-19,9.65,9.81,9.36,9.36,9875187.0
2015-11-20,9.19,9.2,8.95,8.97,11063928.0
2015-11-23,9.03,9.19,8.95,9.11,4741675.0
2015-11-24,8.88,9.13,8.86,9.05,5550344.0
2015-11-25,8.96,9.18,8.9,8.98,3359110.0
2015-11-27,8.73,8.78,8.62,8.71,4291971.0
2015-11-30,8.68,8.8,8.67,8.72,3951879.0
2015-12-01,8.76,8.83,8.58,8.72,4379194.0
2015-12-02,8.59,8.6,8.41,8.48,7120241.0
2015-12-03,8.35,8.6,8.34,8.55,4677500.0
2015-12-04,8.54,8.59,8.47,8.53,2924334.0
2015-12-07,8.3,8.33,8.05,8.08,10431009.0
2015-12-08,8.02,8.16,7.94,8.11,5103827.0
2015-12-09,8.16,8.23,8.01,8.06,3710835.0
2015-12-10,7.97,8.21,7.82,7.83,6928550.0
2015-12-11,7.74,7.86,7.67,7.72,5298128.0
2015-12-14,7.39,7.43,7.28,7.41,7790057.0
2015-12-15,7.26,7.27,7.02,7.04,8789214.0
2015-12-16,7.13,7.23,6.95,7.15,7675185.0
2015-12-17,7.14,7.21,6.91,6.92,9966465.0
2015-12-18,7.04,7.07,6.91,6.96,5209512.0
2015-12-21,7.14,7.48,7.11,7.43,11094855.0
2015-12-22,7.23,7.39,7.2,7.3,3879961.0
2015-12-23,7.26,7.66,7.19,7.59,7397261.0
2015-12-24,7.73,7.77,7.56,7.69,5084897.0
2015-12-28,8.05,8.44,8.02,8.42,23419300.0
2015-12-29,8.79,8.87,8.59,8.64,21667009.0
2015-12-30,8.39,8.42,8.13,8.39,14695264.0
2015-12-31,8.64,8.84,8.56,8.67,17648154.0
2016-01-04,8.76,8.82,8.48,8.53,9340864.0
2016-01-05,8.4,8.7,8.39,8.64,6002322.0
2016-01-06,8.65,8.77,8.33,8.47,8445146.0
2016-01-07,8.54,9.03,8.53,8.87,16060008.0
2016-01-08,8.93,9.27,8.89,9.21,10579379.0
2016-01-11,8.97,8.97,8.79,8.84,6998569.0
2016-01-12,8.58,8.63,8.33,8.39,8586664.0
2016-01-13,8.4,8.63,8.39,8.45,6531237.0
2016-01-14,8.23,8.3,7.92,7.96,6705723.0
2016-01-15,7.92,7.92,7.75,7.81,3168551.0
2016-01-19,7.94,7.96,7.69,7.72,6966891.0
2016-01-20,7.8,7.87,7.64,7.85,3164531.0
2016-01-21,7.87,8.05,7.63,7.92,8228443.0
2016-01-22,7.84,7.97,7.8,7.93,4871634.0
2016-01-25,7.72,7.97,7.65,7.86,4439637.0
2016-01-26,7.93,8.01,7.76,7.9,4276557.0
2016-01-27,7.97,8.12,7.83,7.88,6268659.0
2016-01-28,7.72,8.17,7.68,8.17,8423287.0
2016-01-29,8.36,8.49,8.31,8.49,8725046.0
2016-02-01,7.94,7.95,7.81,7.87,6941877.0
2016-02-02,7.37,7.51,7.25,7.48,9402447.0
2016-02-03,7.41,7.58,7.31,7.55,5314106.0
2016-02-04,7.28,7.44,7.17,7.28,10358023.0
2016-02-05,7.46,7.6,7.44,7.54,5946531.0
2016-02-08,7.9,7.97,7.73,7.82,6490062.0
2016-02-09,7.73,7.82,7.65,7.68,3186623.0
2016-02-10,7.57,7.57,7.4,7.5,3293914.0
2016-02-11,7.53,7.59,7.26,7.3,6424501.0
2016-02-12,7.26,7.28,7.16,7.22,3575542.0
2016-02-16,6.98,7.04,6.9,7.03,6004650.0
2016-02-17,6.97,7.2,6.95,7.17,5277385.0
2016-02-18,6.94,7.04,6.83,6.83,10504779.0
2016-02-19,6.78,6.78,6.6,6.62,7368609.0
2016-02-22,6.6,6.71,6.55,6.61,10200092.0
2016-02-23,6.59,6.59,6.45,6.49,9255324.0
2016-02-24,6.48,6.61,6.46,6.52,11937009.0
2016-02-25,6.39,6.4,6.13,6.32,19340480.0
2016-02-26,6.3,6.37,6.14,6.36,20535450.0
2016-02-29,6.04,6.16,6.02,6.02,30505622.0
2016-03-01,6.07,6.3,5.97,6.18,19241160.0
2016-03-02,5.96,6.1,5.9,5.91,18339594.0
2016-03-03,5.81,6.0,5.78,5.79,20159877.0
2016-03-04,5.81,5.94,5.79,5.93,10586369.0
2016-03-07,5.91,6.17,5.88,6.1,34651009.0
2016-03-08,6.05,6.13,5.95,6.08,25522820.0
2016-03-09,6.15,6.33,6.1,6.24,31140521.0
2016-03-10,6.35,6.42,6.14,6.42,19484615.0
2016-03-11,6.5,6.58,6.41,6.43,10218116.0
2016-03-14,6.4,6.58,6.37,6.44,17250063.0
2016-03-15,6.67,6.72,6.49,6.56,20404791.0
2016-03-16,6.48,6.65,6.45,6.6,17079124.0
2016-03-17,6.69,6.88,6.48,6.83,13411200.0
2016-03-18,6.85,6.86,6.66,6.68,8966487.0
2016-03-21,6.66,6.68,6.39,6.42,23811523.0
2016-03-22,6.51,6.59,6.38,6.57,23352056.0
2016-03-23,6.62,6.65,6.28,6.3,11778168.0
2016-03-24,6.29,6.45,6.29,6.4,8755863.0
2016-03-28,6.37,6.58,6.33,6.56,13429873.0
2016-03-29,6.52,6.75,6.48,6.72,9962833.0
2016-03-30,6.77,6.82,6.65,6.76,21035663.0
2016-03-31,6.82,6.87,6.55,6.66,13778608.0
2016-04-01,6.62,6.65,6.53,6.61,4975552.0
2016-04-04,6.81,7.03,6.73,6.82,9692026.0
2016-04-05,6.73,6.73,6.55,6.61,10957707.0
2016-04-06,6.5,6.54,6.43,6.45,10267893.0
2016-04-07,6.63,6.85,6.6,6.85,14853751.0
2016-04-08,6.82,6.85,6.73,6.74,18222923.0
2016-04-11,6.5,6.54,6.46,6.52,11242603.0
2016-04-12,6.66,6.89,6.62,6.85,13793099.0
2016-04-13,6.85,6.93,6.79,6.91,12775820.0
2016-04-14,6.72,6.85,6.65,6.68,9475113.0
2016-04-15,6.48,6.55,6.46,6.49,9755972.0
2016-04-18,6.5,6.63,6.45,6.59,7621384.0
2016-04-19,6.85,7.1,6.84,7.07,10874407.0
2016-04-20,7.07,7.22,6.97,7.08,13941360.0
2016-04-21,7.07,7.19,7.04,7.12,7241505.0
2016-04-22,7.19,7.38,7.11,7.28,9611987.0
2016-04-25,7.11,7.12,6.99,7.09,5942403.0
2016-04-26,6.96,7.0,6.91,6.99,5333649.0
2016-04-27,6.9,7.0,6.82,6.94,7775198.0
2016-04-28,6.75,6.8,6.67,6.68,9968715.0
2016-04-29,6.78,7.09,6.72,6.93,15223098.0
2016-05-02,6.83,6.85,6.55,6.61,9095582.0
2016-05-03,6.69,6.79,6.66,6.75,6335959.0
2016-05-04,6.93,6.95,6.86,6.93,6439437.0
2016-05-05,6.85,6.89,6.68,6.74,6719112.0
2016-05-06,6.68,6.82,6.66,6.78,6521848.0
2016-05-09,6.82,6.85,6.74,6.79,3488899.0
2016-05-10,6.95,7.01,6.91,7.0,5708880.0
2016-05-11,6.89,7.05,6.83,7.01,5508090.0
2016-05-12,7.01,7.06,6.87,6.94,6413885.0
2016-05-13,6.79,6.98,6.76,6.78,5275864.0
2016-05-16,6.6,6.61,6.55,6.57,8431301.0
2016-05-17,6.69,6.69,6.58,6.64,3328752.0
2016-05-18,6.48,6.52,6.42,6.46,8873721.0
2016-05-19,6.4,6.65,6.36,6.61,10362350.0
2016-05-20,6.7,6.72,6.62,6.65,8617245.0
2016-05-23,6.84,6.85,6.6,6.65,7388454.0
2016-05-24,6.57,6.58,6.46,6.5,9074021.0
2016-05-25,6.49,6.6,6.43,6.55,6339233.0
2016-05-26,6.51,6.58,6.43,6.48,8151264.0
2016-05-27,6.51,6.62,6.49,6.53,8086597.0
2016-05-31,6.8,6.96,6.75,6.89,14205166.0
2016-06-01,7.13,7.21,7.01,7.2,11311080.0
2016-06-02,7.21,7.32,7.15,7.25,7100661.0
2016-06-03,7.34,7.37,7.2,7.24,8044323.0
2016-06-06,7.28,7.46,7.24,7.44,8070865.0
2016-06-07,7.36,7.51,7.34,7.49,6540267.0
2016-06-08,7.49,7.53,7.41,7.44,6366130.0
2016-06-09,7.43,7.94,7.4,7.86,13779015.0
2016-06-10,7.8,7.81,7.7,7.76,6844298.0
2016-06-13,7.88,7.93,7.76,7.83,8898611.0
2016-06-14,7.77,7.91,7.76,7.86,7102304.0
2016-06-15,7.91,7.94,7.8,7.82,4358360.0
2016-06-16,7.82,7.95,7.7,7.78,8131076.0
2016-06-17,7.82,7.96,7.81,7.95,6676072.0
2016-06-20,7.97,8.24,7.97,8.18,9363033.0
2016-06-21,8.22,8.32,8.17,8.26,5742757.0
2016-06-22,8.28,8.29,7.96,8.0,8514477.0
2016-06-23,7.97,8.15,7.85,8.09,9730476.0
2016-06-24,7.98,8.07,7.95,7.96,5765139.0
2016-06-27,8.11,8.12,8.08,8.09,414656.0
2016-06-28,8.38,8.56,8.33,8.54,10602398.0
2016-06-29,8.61,8.62,8.42,8.44,10184143.0
2016-06-30,8.55,8.7,8.46,8.64,11235046.0
2016-07-01,8.57,8.87,8.56,8.85,6282735.0
2016-07-05,8.35,8.36,8.14,8.15,10662053.0
2016-07-06,8.1,8.27,8.08,8.27,10079113.0
2016-07-07,8.36,8.53,8.06,8.18,9586221.0
2016-07-08,8.26,8.32,8.21,8.32,4167488.0
2016-07-11,8.28,8.29,7.97,8.01,8700298.0
2016-07-12,8.09,8.13,7.95,8.11,6977307.0
2016-07-13,8.17,8.22,7.99,8.12,5931348.0
2016-07-14,8.11,8.19,8.01,8.1,5058841.0
2016-07-15,7.95,8.22,7.9,8.14,5749120.0
2016-07-18,8.16,8.18,8.0,8.05,3504090.0
2016-07-19,8.14,8.15,8.01,8.05,3643991.0
2016-07-20,7.86,7.96,7.82,7.83,7316369.0
2016-07-21,7.83,7.98,7.78,7.93,6821430.0
2016-07-22,8.15,8.25,8.15,8.18,6923789.0
2016-07-25,8.2,8.2,8.03,8.08,3919658.0
2016-07-26,7.96,8.12,7.91,7.96,4444822.0
2016-07-27,8.06,8.12,7.91,7.95,4463573.0
2016-07-28,8.01,8.64,8.0,8.53,16033820.0
2016-07-29,8.59,8.69,8.54,8.55,6447535.0
2016-08-01,8.49,8.53,8.26,8.28,5477320.0
2016-08-02,8.23,8.29,8.14,8.16,3953840.0
2016-08-03,8.37,8.55,8.34,8.49,7663093.0
2016-08-04,8.5,8.62,8.39,8.44,9115538.0
2016-08-05,8.35,8.38,8.23,8.24,3598029.0
2016-08-08,8.15,8.24,8.08,8.2,4559163.0
2016-08-09,8.02,8.06,7.78,7.83,8045788.0
2016-08-10,7.82,7.85,7.62,7.68,5671148.0
2016-08-11,7.65,7.77,7.55,7.6,7184152.0
2016-08-12,7.79,7.84,7.7,7.73,5528015.0
2016-08-15,7.79,7.87,7.66,7.73,6071394.0
2016-08-16,7.74,7.84,7.73,7.83,7932801.0
2016-08-17,7.8,7.9,7.75,7.82,7999498.0
2016-08-18,7.81,8.04,7.8,7.98,6255688.0
2016-08-19,7.75,7.79,7.67,7.68,4414503.0
2016-08-22,7.97,8.0,7.88,7.93,4219486.0
2016-08-23,8.04,8.23,8.01,8.19,6429470.0
2016-08-24,8.3,8.39,8.29,8.3,7488288.0
2016-08-25,8.39,8.53,8.34,8.46,5822576.0
2016-08-26,8.45,8.66,8.42,8.5,6194131.0
2016-08-29,8.53,8.62,8.43,8.51,4175465.0
2016-08-30,8.58,8.59,8.28,8.33,4169600.0
2016-08-31,8.34,8.52,8.34,8.45,4983693.0
2016-09-01,8.34,8.39,8.19,8.24,5138726.0
2016-09-02,8.29,8.31,8.18,8.2,2527258.0
2016-09-06,8.07,8.09,7.96,8.0,5965854.0
2016-09-07,8.03,8.05,7.84,7.89,7035465.0
2016-09-08,8.04,8.29,8.04,8.24,7998888.0
2016-09-09,8.32,8.35,8.19,8.21,3194479.0
2016-09-12,8.48,8.59,8.46,8.52,6196948.0
2016-09-13,8.6,8.63,8.49,8.53,2901020.0
2016-09-14,8.6,8.63,8.38,8.51,4524528.0
2016-09-15,8.41,8.65,8.33,8.57,3992031.0
2016-09-16,8.49,8.7,8.48,8.67,3794850.0
2016-09-19,8.56,8.62,8.53,8.62,2883496.0
2016-09-20,8.81,8.97,8.8,8.95,5234539.0
2016-09-21,8.93,9.0,8.87,8.99,3867900.0
2016-09-22,9.01,9.02,8.74,8.75,6008799.0
2016-09-23,8.76,9.01,8.58,8.69,3707989.0
2016-09-26,8.7,8.81,8.69,8.78,2909324.0
2016-09-27,8.75,8.79,8.69,8.73,2585288.0
2016-09-28,8.5,8.61,8.43,8.61,4549740.0
2016-09-29,8.49,8.65,8.47,8.51,5334512.0
2016-09-30,8.43,8.43,8.29,8.36,5993847.0
2016-10-03,8.27,8.39,8.21,8.34,4428650.0
2016-10-04,8.3,8.57,8.25,8.5,5038942.0
2016-10-05,8.43,8.76,8.4,8.68,6429192.0
2016-10-06,8.71,8.79,8.52,8.71,8570900.0
2016-10-07,8.84,9.22,8.81,9.13,10701561.0
2016-10-10,9.23,9.42,9.21,9.36,7917328.0
2016-10-11,9.23,9.35,9.19,9.24,9871914.0
2016-10-12,9.23,9.34,9.15,9.21,4983570.0
2016-10-13,9.18,9.64,9.06,9.56,9900600.0
2016-10-14,9.47,9.5,9.37,9.43,5423403.0
2016-10-17,9.33,9.37,9.25,9.35,3844812.0
2016-10-18,9.45,9.51,9.38,9.39,2326525.0
2016-10-19,9.23,9.26,9.17,9.24,3862824.0
2016-10-20,9.2,9.29,9.09,9.22,4629549.0
2016-10-21,9.07,9.09,8.96,8.99,7556352.0
2016-10-24,8.96,8.96,8.85,8.91,7509020.0
2016-10-25,8.6,8.67,8.4,8.44,16628776.0
2016-10-26,8.28,8.36,7.97,8.19,17872541.0
2016-10-27,8.14,8.31,8.04,8.21,13759084.0
2016-10-28,8.24,8.37,8.22,8.35,7893871.0
2016-10-31,8.43,8.45,8.07,8.08,8090381.0
2016-11-01,7.77,7.91,7.69,7.73,15890294.0
2016-11-02,7.59,7.7,7.47,7.49,10338683.0
2016-11-03,7.47,7.62,7.41,7.41,10393047.0
2016-11-04,7.44,7.54,7.37,7.47,5892622.0
2016-11-07,7.6,7.65,7.46,7.59,5586439.0
2016-11-08,7.23,7.26,6.99,7.01,13872996.0
2016-11-09,6.89,7.35,6.85,7.21,22478106.0
2016-11-10,6.98,7.15,6.91,7.14,12934129.0
2016-11-11,7.07,7.2,6.99,7.06,8278688.0
2016-11-14,7.34,7.45,7.32,7.37,9665722.0
2016-11-15,7.48,7.55,7.22,7.26,19354588.0
2016-11-16,7.37,7.42,7.28,7.39,10352865.0
2016-11-17,7.26,7.36,7.2,7.24,21583543.0
2016-11-18,7.48,7.53,7.44,7.52,17585593.0
2016-11-21,7.7,7.8,7.68,7.79,22342756.0
2016-11-22,7.8,7.91,7.67,7.71,30447585.0
2016-11-23,7.75,8.01,7.73,7.93,37546382.0
2016-11-25,7.95,8.13,7.95,8.08,7041313.0
2016-11-28,8.32,8.44,8.28,8.43,30640276.0
2016-11-29,8.38,8.45,8.26,8.38,21300743.0
2016-11-30,8.43,8.48,8.35,8.43,23871824.0
2016-12-01,8.67,8.88,8.64,8.86,23940926.0
2016-12-02,8.77,8.87,8.51,8.7,28437629.0
2016-12-05,9.05,9.21,9.04,9.04,22330288.0
2016-12-06,9.22,9.36,9.07,9.15,26706286.0
2016-12-07,9.37,9.45,8.97,9.01,37298879.0
2016-12-08,9.12,9.4,9.0,9.37,29891883.0
2016-12-09,9.5,9.52,9.22,9.42,32604896.0
2016-12-12,8.95,9.08,8.75,8.84,19848325.0
2016-12-13,8.93,8.94,8.69,8.72,15895647.0
2016-12-14,8.78,8.98,8.75,8.97,15298928.0
2016-12-15,8.84,9.04,8.56,8.64,23130035.0
2016-12-16,8.45,8.62,8.44,8.55,15505645.0
2016-12-19,8.68,8.69,8.51,8.57,11996765.0
2016-12-20,8.29,8.39,8.21,8.32,15810197.0
2016-12-21,8.64,9.01,8.63,9.0,25103564.0
2016-12-22,8.92,9.08,8.78,8.88,25988905.0
2016-12-23,9.06,9.29,9.05,9.18,16457450.0
2016-12-27,9.27,9.44,9.22,9.33,12999848.0
2016-12-28,9.33,9.73,9.29,9.63,12294668.0
2016-12-29,9.54,9.64,9.37,9.5,13062748.0
2016-12-30,9.46,9.46,9.21,9.34,9348258.0
2017-01-03,8.58,8.63,8.16,8.34,25778951.0
2017-01-04,8.19,8.26,8.1,8.14,11081581.0
2017-01-05,8.13,8.35,7.92,8.26,24111992.0
2017-01-06,8.3,8.33,8.15,8.17,10342147.0
2017-01-09,7.87,7.87,7.73,7.79,15302881.0
2017-01-10,8.08,8.3,8.06,8.14,18189794.0
2017-01-11,8.29,8.29,8.03,8.19,9523878.0
2017-01-12,8.4,8.61,8.35,8.4,15521551.0
2017-01-13,8.51,8.56,8.38,8.51,8918922.0
2017-01-17,8.5,8.55,8.38,8.45,6266983.0
2017-01-18,8.28,8.42,8.2,8.29,9256693.0
2017-01-19,8.19,8.49,8.13,8.28,9075960.0
2017-01-20,8.27,8.36,8.01,8.05,12353086.0
2017-01-23,8.03,8.23,8.01,8.19,11864838.0
2017-01-24,8.35,8.36,8.2,8.28,6877071.0
2017-01-25,8.33,8.42,8.26,8.39,6110185.0
2017-01-26,8.64,8.75,8.42,8.47,14028734.0
2017-01-27,8.29,8.54,8.24,8.44,8902581.0
2017-01-30,8.09,8.18,8.08,8.1,11609220.0
2017-01-31,7.82,7.91,7.79,7.86,10356730.0
2017-02-01,7.9,7.97,7.88,7.9,8016141.0
2017-02-02,7.85,8.03,7.81,7.95,7770483.0
2017-02-03,7.66,7.75,7.62,7.67,9425855.0
2017-02-06,7.58,7.68,7.57,7.63,8616321.0
2017-02-07,7.86,7.87,7.8,7.85,9782601.0
2017-02-08,7.77,7.91,7.76,7.85,8895244.0
2017-02-09,7.95,7.96,7.78,7.8,9409329.0
2017-02-10,7.57,7.65,7.56,7.6,8171831.0
2017-02-13,7.44,7.49,7.36,7.37,12513716.0
2017-02-14,7.3,7.4,7.25,7.34,11780752.0
2017-02-15,7.45,7.46,7.33,7.37,13323210.0
2017-02-16,7.34,7.36,7.15,7.17,14304214.0
2017-02-17,7.2,7.23,7.14,7.16,5655516.0
2017-02-21,6.76,6.77,6.5,6.55,38745690.0
2017-02-22,6.53,6.67,6.49,6.57,19251933.0
2017-02-23,6.72,6.78,6.59,6.65,26774565.0
2017-02-24,6.68,6.77,6.61,6.76,18004793.0
2017-02-27,6.5,6.54,6.48,6.53,13990267.0
2017-02-28,6.59,6.75,6.58,6.69,15893631.0
2017-03-01,6.74,6.8,6.7,6.77,16023524.0
2017-03-02,6.74,6.82,6.62,6.8,14942440.0
2017-03-03,6.77,6.87,6.72,6.84,13172747.0
2017-03-06,7.06,7.15,6.91,6.92,20058848.0
2017-03-07,6.89,6.93,6.83,6.85,17203951.0
2017-03-08,7.08,7.13,6.99,7.04,16192230.0
2017-03-09,7.13,7.22,7.09,7.19,9285755.0
2017-03-10,7.33,7.36,7.18,7.35,23532181.0
2017-03-13,7.37,7.42,7.24,7.28,13887673.0
2017-03-14,7.34,7.35,7.08,7.12,13670755.0
2017-03-15,7.21,7.25,7.16,7.19,10778852.0
2017-03-16,7.06,7.19,7.0,7.03,12236652.0
2017-03-17,7.09,7.15,7.04,7.12,4922230.0
2017-03-20,7.21,7.43,7.21,7.43,8371429.0
2017-03-21,7.49,7.5,7.33,7.46,14626070.0
2017-03-22,7.36,7.43,7.28,7.29,8868068.0
2017-03-23,7.34,7.45,7.25,7.43,8928830.0
2017-03-24,7.46,7.5,7.43,7.48,5242906.0
2017-03-27,7.56,7.57,7.41,7.43,10489676.0
2017-03-28,7.45,7.56,7.43,7.49,4698919.0
2017-03-29,7.65,7.72,7.6,7.64,9994688.0
2017-03-30,7.59,7.67,7.46,7.57,9439910.0
2017-03-31,7.66,7.67,7.5,7.57,10354329.0
2017-04-03,7.49,7.5,7.41,7.44,9268708.0
2017-04-04,7.54,7.83,7.54,7.79,18165484.0
2017-04-05,7.87,7.9,7.72,7.77,12473134.0
2017-04-06,7.79,7.91,7.77,7.82,6791776.0
2017-04-07,7.82,7.84,7.72,7.73,3606195.0
2017-04-10,7.7,7.74,7.66,7.68,6751111.0
2017-04-11,7.56,7.58,7.45,7.52,10381133.0
2017-04-12,7.52,7.58,7.49,7.54,7321821.0
2017-04-13,7.63,7.69,7.53,7.66,7507332.0
2017-04-17,7.52,7.68,7.51,7.53,6176928.0
2017-04-18,7.51,7.55,7.43,7.49,3873974.0
2017-04-19,7.59,7.65,7.55,7.56,10686478.0
2017-04-20,7.55,7.59,7.45,7.52,6136975.0
2017-04-21,7.53,7.54,7.34,7.4,12851172.0
2017-04-24,7.3,7.37,7.23,7.32,6768586.0
2017-04-25,7.27,7.34,7.22,7.33,5872950.0
2017-04-26,7.46,7.57,7.45,7.53,7433842.0
2017-04-27,7.44,7.54,7.42,7.48,6026903.0
2017-04-28,7.58,7.62,7.55,7.57,4526090.0
2017-05-01,7.54,7.57,7.39,7.47,5751380.0
2017-05-02,7.47,7.56,7.34,7.36,13614236.0
2017-05-03,7.37,7.47,7.35,7.43,9509838.0
2017-05-04,7.44,7.45,7.31,7.39,6218893.0
2017-05-05,7.46,7.57,7.44,7.54,13920918.0
2017-05-08,7.34,7.36,7.26,7.35,8680395.0
2017-05-09,7.41,7.5,7.38,7.44,4686006.0
2017-05-10,7.54,7.73,7.51,7.57,8623067.0
2017-05-11,7.69,7.83,7.66,7.77,6422657.0
2017-05-12,7.83,7.93,7.81,7.88,7422198.0
2017-05-15,7.76,7.8,7.72,7.76,6458686.0
2017-05-16,7.56,7.6,7.45,7.47,7420364.0
2017-05-17,7.41,7.45,7.34,7.43,5858817.0
2017-05-18,7.43,7.48,7.34,7.41,4225644.0
2017-05-19,7.49,7.59,7.48,7.55,5110884.0
2017-05-22,7.66,7.72,7.65,7.7,3619447.0
2017-05-23,7.68,7.69,7.45,7.49,11433172.0
2017-05-24,7.4,7.51,7.38,7.43,6570958.0
2017-05-25,7.48,7.48,7.3,7.4,5848270.0
2017-05-26,7.44,7.49,7.33,7.44,5930245.0
2017-05-30,7.16,7.17,7.08,7.11,8208871.0
2017-05-31,7.02,7.02,6.9,6.92,7484834.0
2017-06-01,6.94,6.95,6.73,6.87,10368429.0
2017-06-02,6.82,6.83,6.74,6.77,5357647.0
2017-06-05,6.75,6.81,6.69,6.73,6147260.0
2017-06-06,6.84,6.88,6.79,6.86,4630159.0
2017-06-07,6.94,6.94,6.78,6.79,5587716.0
2017-06-08,6.82,6.91,6.72,6.82,6962632.0
2017-06-09,6.85,6.88,6.82,6.86,3208874.0
2017-06-12,6.91,6.93,6.76,6.77,4751826.0
2017-06-13,6.81,6.82,6.65,6.68,6569017.0
2017-06-14,6.63,6.73,6.6,6.62,5910385.0
2017-06-15,6.61,6.9,6.59,6.86,8828348.0
2017-06-16,6.85,6.88,6.8,6.83,2475223.0
2017-06-19,6.54,6.58,6.51,6.53,8432615.0
2017-06-20,6.53,6.56,6.5,6.53,3732857.0
2017-06-21,6.59,6.62,6.48,6.52,4222944.0
2017-06-22,6.55,6.66,6.43,6.52,10064205.0
2017-06-23,6.57,6.62,6.57,6.6,7029409.0
2017-06-26,6.8,6.87,6.74,6.84,9242692.0
2017-06-27,6.8,6.89,6.79,6.84,7877767.0
2017-06-28,6.91,6.94,6.88,6.89,3978647.0
2017-06-29,6.91,6.98,6.79,6.82,7886062.0
2017-06-30,6.74,6.8,6.65,6.78,6826896.0
2017-07-03,6.76,6.82,6.61,6.66,7918356.0
2017-07-05,6.5,6.51,6.33,6.38,12705789.0
2017-07-06,6.42,6.47,6.4,6.45,10083770.0
2017-07-07,6.57,6.58,6.36,6.39,10523970.0
2017-07-10,6.54,6.58,6.51,6.52,8384837.0
2017-07-11,6.68,6.82,6.67,6.78,5130623.0
2017-07-12,6.69,6.74,6.64,6.7,2002116.0
2017-07-13,6.6,6.74,6.6,6.64,2344671.0
2017-07-14,6.61,6.7,6.6,6.66,1544514.0
2017-07-17,6.75,6.81,6.71,6.76,1749351.0
2017-07-18,6.88,6.91,6.83,6.87,2492550.0
2017-07-19,6.88,6.92,6.85,6.87,3284611.0
2017-07-20,6.9,6.95,6.75,6.79,4340203.0
2017-07-21,6.77,6.78,6.57,6.62,4898343.0
2017-07-24,6.56,6.61,6.43,6.48,3233214.0
2017-07-25,6.55,6.58,6.53,6.58,2562285.0
2017-07-26,6.55,6.56,6.47,6.55,2253751.0
2017-07-27,6.55,6.71,6.54,6.64,7402924.0
2017-07-28,6.67,6.69,6.58,6.61,1863051.0
2017-07-31,6.42,6.42,6.24,6.32,12167780.0
2017-08-01,6.23,6.35,6.2,6.33,16367295.0
2017-08-02,6.32,6.37,6.3,6.31,2884498.0
2017-08-03,6.34,6.39,6.27,6.27,2601351.0
2017-08-04,6.27,6.28,6.21,6.25,2018540.0
2017-08-07,6.26,6.31,6.25,6.29,2049614.0
2017-08-08,6.27,6.35,6.24,6.31,1712433.0
2017-08-09,6.43,6.51,6.42,6.46,6119306.0
2017-08-10,6.5,6.72,6.48,6.69,10684764.0
2017-08-11,6.69,6.72,6.67,6.69,2395018.0
2017-08-14,6.7,6.7,6.56,6.65,4870671.0
2017-08-15,6.6,6.64,6.56,6.58,5433058.0
2017-08-16,6.5,6.58,6.47,6.49,3726317.0
2017-08-17,6.47,6.59,6.41,6.55,3424882.0
2017-08-18,6.52,6.54,6.48,6.51,2853456.0
2017-08-21,6.48,6.68,6.45,6.64,5037002.0
2017-08-22,6.69,6.69,6.55,6.59,4212178.0
2017-08-23,6.54,6.59,6.5,6.57,3385195.0
2017-08-24,6.61,6.68,6.57,6.62,8400072.0
2017-08-25,6.53,6.55,6.46,6.49,4595682.0
2017-08-28,6.42,6.65,6.41,6.57,7048868.0
2017-08-29,6.6,6.62,6.53,6.6,3828681.0
2017-08-30,6.52,6.55,6.49,6.52,3613910.0
2017-08-31,6.47,6.75,6.46,6.71,11037980.0
2017-09-01,6.68,6.85,6.66,6.79,5416182.0
2017-09-05,6.6,6.64,6.58,6.59,6948806.0
2017-09-06,6.69,6.7,6.61,6.67,3865026.0
2017-09-07,6.69,6.69,6.59,6.62,6270520.0
2017-09-08,6.5,6.51,6.4,6.44,5852619.0
2017-09-11,6.52,6.55,6.48,6.54,3359973.0
2017-09-12,6.69,6.75,6.64,6.66,8505080.0
2017-09-13,6.77,6.82,6.75,6.77,7053358.0
2017-09-14,6.75,6.88,6.73,6.82,5325994.0
2017-09-15,6.71,6.75,6.67,6.73,6548359.0
2017-09-18,6.9,6.98,6.88,6.96,9515477.0
2017-09-19,6.95,6.97,6.89,6.91,2643901.0
2017-09-20,6.93,6.95,6.82,6.85,4471923.0
2017-09-21,6.73,6.74,6.54,6.58,14763749.0
2017-09-22,6.57,6.61,6.56,6.56,4523340.0
2017-09-25,6.53,6.58,6.48,6.51,7034116.0
2017-09-26,6.56,6.56,6.48,6.53,4046339.0
2017-09-27,6.67,6.7,6.64,6.66,5974116.0
2017-09-28,6.61,6.7,6.53,6.58,6215662.0
2017-09-29,6.54,6.6,6.53,6.57,4318060.0
2017-10-02,6.4,6.4,6.29,6.38,18823147.0
2017-10-03,6.32,6.37,6.29,6.31,8361139.0
2017-10-04,6.42,6.45,6.37,6.39,5580023.0
2017-10-05,6.44,6.51,6.3,6.32,8915835.0
2017-10-06,6.32,6.33,6.22,6.25,8426570.0
2017-10-09,6.25,6.25,6.15,6.17,7222932.0
2017-10-10,6.25,6.3,6.24,6.27,5051066.0
2017-10-11,6.42,6.43,6.27,6.31,8092783.0
2017-10-12,6.4,6.55,6.39,6.5,11680598.0
2017-10-13,6.58,6.6,6.49,6.51,5156952.0
2017-10-16,6.36,6.46,6.35,6.44,6380505.0
2017-10-17,6.52,6.58,6.38,6.39,6001913.0
2017-10-18,6.35,6.36,6.29,6.34,5668565.0
2017-10-19,6.3,6.39,6.18,6.36,13149125.0
2017-10-20,6.34,6.42,6.31,6.37,5587329.0
2017-10-23,6.48,6.52,6.42,6.44,9237338.0
2017-10-24,6.45,6.47,6.4,6.47,8703166.0
2017-10-25,6.36,6.41,6.31,6.35,5147386.0
2017-10-26,6.27,6.32,6.25,6.26,6316927.0
2017-10-27,6.12,6.13,6.05,6.11,14653524.0
2017-10-30,6.11,6.17,6.08,6.13,5927575.0
2017-10-31,6.04,6.05,5.92,5.98,13824123.0
2017-11-01,5.87,5.97,5.86,5.97,9514807.0
2017-11-02,5.99,6.07,5.96,6.03,8614243.0
2017-11-03,6.11,6.15,6.08,6.12,6282235.0
2017-11-06,6.31,6.45,6.29,6.38,18647232.0
2017-11-07,6.41,6.52,6.36,6.47,12318157.0
2017-11-08,6.53,6.55,6.47,6.47,6596470.0
2017-11-09,6.59,6.6,6.5,6.59,10684943.0
2017-11-10,6.56,6.62,6.52,6.61,6643468.0
2017-11-13,6.51,6.63,6.42,6.46,9163835.0
2017-11-14,6.32,6.39,6.29,6.33,9186574.0
2017-11-15,6.4,6.47,6.27,6.33,5601368.0
2017-11-16,6.38,6.38,6.25,6.31,7500980.0
2017-11-17,6.34,6.41,6.31,6.4,8597289.0
2017-11-20,6.24,6.29,6.22,6.24,6625256.0
2017-11-21,6.25,6.28,6.18,6.2,7064512.0
2017-11-22,6.11,6.15,6.07,6.1,10033157.0
2017-11-24,5.97,5.97,5.78,5.84,20603986.0
2017-11-27,5.95,6.04,5.94,6.03,16544961.0
2017-11-28,6.14,6.27,6.14,6.23,13611580.0
2017-11-29,6.38,6.38,6.27,6.31,15338347.0
2017-11-30,6.14,6.16,5.98,6.05,23692868.0
2017-12-01,6.14,6.18,6.07,6.1,10427056.0
2017-12-04,6.05,6.05,5.88,5.92,18649881.0
2017-12-05,5.78,5.84,5.72,5.8,17957827.0
2017-12-06,5.86,5.86,5.74,5.78,7816605.0
2017-12-07,5.63,5.63,5.47,5.5,35254136.0
2017-12-08,5.56,5.57,5.49,5.53,9848863.0
2017-12-11,5.62,5.66,5.56,5.56,11815029.0
2017-12-12,5.63,5.64,5.32,5.36,21695656.0
2017-12-13,5.38,5.47,5.29,5.36,11773952.0
2017-12-14,5.36,5.39,5.25,5.34,10757935.0
2017-12-15,5.34,5.36,5.14,5.22,18573363.0
2017-12-18,5.43,5.51,5.41,5.42,21819917.0
2017-12-19,5.43,5.48,5.32,5.36,11216744.0
2017-12-20,5.31,5.31,5.16,5.23,16740851.0
2017-12-21,5.17,5.26,5.1,5.14,16314316.0
2017-12-22,5.2,5.27,5.2,5.25,8843943.0
2017-12-26,5.26,5.34,5.21,5.22,12990129.0
2017-12-27,5.42,5.44,5.35,5.39,9265876.0
2017-12-28,5.67,5.82,5.66,5.76,28304218.0
2017-12-29,5.9,5.94,5.77,5.83,18447226.0
2018-01-02,6.04,6.06,5.88,6.01,28354433.0
2018-01-03,5.95,5.97,5.84,5.91,12691590.0
2018-01-04,5.94,6.0,5.61,5.67,20350366.0
2018-01-05,21.99,22.2,21.89,22.08,9380600.0
2018-01-08,22.36,22.52,22.01,22.3,9144619.0
2018-01-09,22.55,23.44,22.34,23.3,8351213.0
2018-01-10,23.4,23.51,22.68,22.99,4797828.0
2018-01-11,23.84,24.44,23.52,24.4,14321236.0
2018-01-12,24.46,25.48,24.45,25.28,12648711.0
2018-01-16,24.58,25.08,24.11,24.6,8344380.0
2018-01-17,25.16,25.81,24.92,25.6,9458547.0
2018-01-18,25.26,25.3,24.36,25.19,6898597.0
2018-01-19,25.0,25.32,24.73,24.86,4373538.0
2018-01-22,24.65,24.88,24.58,24.85,3674144.0
2018-01-23,25.62,26.42,25.44,25.94,7943240.0
2018-01-24,26.05,26.44,25.54,25.72,7197720.0
2018-01-25,26.28,26.76,25.98,26.17,6235136.0
2018-01-26,26.75,27.0,26.67,26.77,6329877.0
2018-01-29,26.07,26.9,26.04,26.84,7057087.0
2018-01-30,27.05,27.43,26.71,26.77,6184836.0
2018-01-31,25.79,25.84,25.01,25.08,10630304.0
2018-02-01,24.57,24.7,23.96,24.35,10504712.0
2018-02-02,24.11,24.31,23.99,24.2,4919607.0
2018-02-05,23.64,23.68,23.11,23.24,6450964.0
2018-02-06,22.89,23.38,22.87,23.3,4385401.0
2018-02-07,22.87,23.09,22.72,22.8,4192412.0
2018-02-08,23.06,23.28,22.68,22.74,8405208.0
2018-02-09,22.22,22.26,21.77,22.03,5994378.0
2018-02-12,21.66,21.84,21.56,21.67,4258936.0
2018-02-13,22.04,22.28,21.88,22.0,4027769.0
2018-02-14,21.69,22.13,21.64,21.99,4476599.0
2018-02-15,21.72,22.06,21.61,21.87,4553234.0
2018-02-16,21.65,21.79,21.61,21.69,2771215.0
2018-02-20,22.15,22.26,22.04,22.18,4200192.0
2018-02-21,22.38,22.5,22.18,22.3,2680755.0
2018-02-22,22.29,22.41,22.09,22.14,1897849.0
2018-02-23,22.07,22.27,21.9,22.22,2217985.0
2018-02-26,22.46,22.49,22.04,22.39,2203987.0
2018-02-27,22.13,22.51,22.13,22.39,1805573.0
2018-02-28,22.47,22.56,22.2,22.26,1930382.0
2018-03-01,22.41,22.74,22.25,22.45,4701645.0
2018-03-02,22.54,22.64,22.45,22.58,2394720.0
2018-03-05,22.54,22.63,22.38,22.53,1684641.0
2018-03-06,22.82,22.97,22.7,22.95,1932405.0
2018-03-07,23.18,23.24,23.08,23.22,1769215.0
2018-03-08,23.14,23.14,22.81,22.92,2490306.0
2018-03-09,22.78,22.88,22.71,22.74,1111976.0
2018-03-12,23.16,23.37,23.1,23.21,6149759.0
2018-03-13,23.27,23.29,23.13,23.24,2422835.0
2018-03-14,22.74,22.84,22.6,22.82,3104765.0
2018-03-15,22.87,22.88,22.23,22.4,5609363.0
2018-03-16,22.31,22.51,22.29,22.48,1535138.0
2018-03-19,22.1,22.17,22.04,22.13,1930891.0
2018-03-20,22.24,22.44,22.13,22.29,3081456.0
2018-03-21,22.38,22.47,21.97,22.06,2556564.0
2018-03-22,22.05,22.25,21.86,21.88,2325268.0
2018-03-23,21.67,21.89,21.65,21.68,1589495.0
2018-03-26,21.86,22.08,21.83,22.03,2406319.0
2018-03-27,22.17,22.44,22.0,22.36,1737845.0
2018-03-28,22.27,22.35,22.18,22.3,1559609.0
2018-03-29,22.71,22.79,22.5,22.55,2458681.0
2018-04-02,22.08,22.15,21.86,22.04,2731089.0
2018-04-03,22.17,22.32,22.15,22.23,1261391.0
2018-04-04,22.51,22.65,22.28,22.33,2398727.0
2018-04-05,22.25,22.33,21.92,22.09,2257907.0
2018-04-06,22.29,22.34,22.22,22.24,1364077.0
2018-04-09,22.17,22.3,21.78,22.25,2852037.0
2018-04-10,21.94,22.02,21.83,21.94,2455936.0
2018-04-11,22.11,22.18,22.0,22.02,1538313.0
2018-04-12,22.15,22.24,21.98,22.19,2432723.0
2018-04-13,22.56,22.75,22.51,22.57,2340353.0
2018-04-16,22.76,22.9,22.67,22.69,1386569.0
2018-04-17,22.65,22.77,22.58,22.6,2216092.0
2018-04-18,22.84,22.98,22.54,22.61,2926173.0
2018-04-19,22.19,22.52,21.97,22.09,4147725.0
2018-04-20,22.18,22.6,22.16,22.56,5173935.0
2018-04-23,22.47,22.7,22.47,22.62,3393376.0
2018-04-24,22.76,22.95,22.74,22.91,2792319.0
2018-04-25,22.82,22.94,22.71,22.93,1061243.0
2018-04-26,22.91,23.18,22.9,23.05,2937914.0
2018-04-27,22.75,22.78,22.58,22.6,2062020.0
2018-04-30,22.36,22.57,22.25,22.56,2183550.0
2018-05-01,22.88,22.97,22.64,22.83,2575559.0
2018-05-02,22.57,22.61,22.4,22.48,3128080.0
2018-05-03,22.24,22.31,22.03,22.31,4191927.0
2018-05-04,22.26,22.3,22.04,22.15,1555824.0
2018-05-07,22.45,22.54,22.28,22.3,3475325.0
2018-05-08,22.35,22.41,22.09,22.33,1958614.0
2018-05-09,22.29,22.47,22.26,22.3,1240076.0
2018-05-10,22.53,23.0,22.47,22.88,5033739.0
2018-05-11,22.9,22.98,22.79,22.95,1339256.0
2018-05-14,22.87,23.22,22.86,23.13,3117893.0
2018-05-15,23.31,23.33,23.05,23.13,2507309.0
2018-05-16,23.02,23.08,22.91,22.95,2018682.0
2018-05-17,22.8,23.37,22.74,23.26,3612489.0
2018-05-18,23.3,23.45,23.19,23.19,1695732.0
2018-05-21,23.22,23.25,23.01,23.13,2985136.0
2018-05-22,23.41,23.79,23.36,23.72,3046999.0
2018-05-23,23.85,24.05,23.84,23.92,4500910.0
2018-05-24,23.87,24.06,23.79,24.02,1746355.0
2018-05-25,24.15,24.2,23.79,23.97,4953225.0
2018-05-29,23.47,23.5,23.16,23.47,4034864.0
2018-05-30,23.28,23.43,23.25,23.37,1653681.0
2018-05-31,23.69,24.13,23.69,23.89,4444498.0
2018-06-01,23.89,24.06,23.76,24.03,2714479.0
2018-06-04,23.82,23.94,23.64,23.67,1886700.0
2018-06-05,23.33,23.49,23.3,23.37,3935173.0
2018-06-06,23.44,23.51,23.25,23.45,2327295.0
2018-06-07,23.84,23.99,23.65,23.71,4342081.0
2018-06-08,23.34,23.5,23.26,23.49,2243608.0
2018-06-11,23.88,23.91,23.7,23.83,4742756.0
2018-06-12,23.8,23.84,23.6,23.79,2308257.0
2018-06-13,23.87,24.09,23.87,23.95,2658391.0
2018-06-14,23.93,24.06,23.71,24.02,3448417.0
2018-06-15,24.28,24.52,24.25,24.52,4126234.0
2018-06-18,24.22,24.33,23.9,24.0,2997367.0
2018-06-19,23.69,23.69,23.44,23.65,2492351.0
2018-06-20,24.0,24.06,23.91,24.03,3860018.0
2018-06-21,24.27,24.36,23.88,24.1,2604199.0
2018-06-22,23.83,23.95,23.71,23.87,2301606.0
2018-06-25,23.59,23.75,23.54,23.74,2557960.0
2018-06-26,23.63,23.85,23.54,23.83,1106187.0
2018-06-27,24.19,24.31,23.96,24.2,2994988.0
2018-06-28,24.35,24.48,23.77,23.93,2872252.0
2018-06-29,23.76,23.86,23.61,23.7,1634333.0
2018-07-02,23.27,23.28,23.13,23.23,2346599.0
2018-07-03,23.2,23.54,23.2,23.44,888798.0
2018-07-05,23.15,23.17,22.96,22.96,2200954.0
2018-07-06,22.98,23.2,22.93,23.16,1447625.0
2018-07-09,23.04,23.08,22.86,22.96,1757620.0
2018-07-10,22.9,22.92,22.57,22.58,2799842.0
2018-07-11,22.86,22.97,22.74,22.9,1357466.0
2018-07-12,22.8,22.92,22.63,22.71,1917640.0
2018-07-13,22.55,22.55,22.32,22.41,2213070.0
2018-07-16,22.37,22.49,22.24,22.41,941479.0
2018-07-17,22.4,22.42,22.15,22.2,2196860.0
2018-07-18,22.19,22.22,22.05,22.15,1596539.0
2018-07-19,21.97,22.5,21.91,22.44,3628705.0
2018-07-20,22.54,22.55,22.35,22.38,1648005.0
2018-07-23,22.14,22.16,22.05,22.09,2173877.0
2018-07-24,22.17,22.35,22.14,22.32,1164541.0
2018-07-25,22.61,22.63,22.53,22.6,1196852.0
2018-07-26,22.61,22.78,22.56,22.62,1850309.0
2018-07-27,22.82,22.93,22.77,22.81,1259075.0
2018-07-30,22.78,23.08,22.7,22.96,1646665.0
2018-07-31,23.2,23.21,22.75,22.81,1668157.0
2018-08-01,22.68,22.82,22.59,22.66,1161611.0
2018-08-02,22.62,23.2,22.61,23.08,2751727.0
2018-08-03,23.33,23.48,23.27,23.34,2271255.0
2018-08-06,23.33,23.48,23.31,23.43,1210119.0
2018-08-07,23.61,23.8,23.61,23.74,2694278.0
2018-08-08,24.06,24.21,24.03,24.13,3026273.0
2018-08-09,24.19,24.28,24.05,24.21,2459139.0
2018-08-10,23.98,24.18,23.94,24.13,1394204.0
2018-08-13,23.99,24.18,23.98,24.04,1254705.0
2018-08-14,24.21,24.41,24.19,24.22,1429110.0
2018-08-15,24.2,24.26,24.09,24.14,1257209.0
2018-08-16,24.16,24.19,23.73,23.86,1923209.0
2018-08-17,24.2,24.33,24.14,24.18,1624294.0
2018-08-20,24.11,24.17,24.04,24.15,1130197.0
2018-08-21,24.23,24.4,24.12,24.38,1494090.0
2018-08-22,24.19,24.26,24.13,24.18,1039841.0
2018-08-23,24.16,24.35,24.02,24.23,1814157.0
2018-08-24,24.05,24.09,23.87,23.88,1551282.0
2018-08-27,23.65,23.71,23.5,23.52,1777102.0
2018-08-28,23.44,23.46,23.25,23.35,1527330.0
2018-08-29,23.46,23.58,23.25,23.55,1315191.0
2018-08-30,23.64,23.69,23.34,23.65,2160479.0
2018-08-31,23.96,24.05,23.83,23.95,1586122.0
2018-09-04,23.35,23.57,23.08,23.11,3214777.0
2018-09-05,23.21,23.23,22.87,22.93,1327854.0
2018-09-06,22.91,22.93,22.7,22.81,1812800.0
2018-09-07,22.67,22.82,22.65,22.8,1300536.0
2018-09-10,22.61,23.09,22.6,23.02,2465029.0
2018-09-11,22.96,23.27,22.87,23.21,1442274.0
2018-09-12,23.48,23.51,23.14,23.21,2029753.0
2018-09-13,23.33,23.4,23.03,23.06,1560668.0
2018-09-14,22.86,22.86,22.67,22.69,1894554.0
2018-09-17,22.86,23.09,22.84,22.96,1703672.0
2018-09-18,23.15,23.95,23.11,23.84,4399522.0
2018-09-19,23.89,24.0,23.75,23.77,2759058.0
2018-09-20,24.0,24.58,23.77,24.37,4627063.0
2018-09-21,24.5,24.64,24.46,24.59,3307228.0
2018-09-24,24.72,25.09,24.71,25.08,2797560.0
2018-09-25,25.0,25.3,25.0,25.2,2226148.0
2018-09-26,25.12,25.3,24.52,24.63,3341182.0
2018-09-27,24.87,25.71,24.84,25.24,4454719.0
2018-09-28,24.86,24.91,24.6,24.83,3256781.0
2018-10-01,25.32,25.74,25.3,25.71,3857161.0
2018-10-02,25.79,26.4,25.71,26.11,3158017.0
2018-10-03,26.35,26.95,26.35,26.85,3844736.0
2018-10-04,26.85,26.85,25.88,26.32,4273043.0
2018-10-05,26.5,26.5,25.71,26.06,3455383.0
2018-10-08,26.82,27.23,26.8,27.07,4297830.0
2018-10-09,27.15,27.31,26.78,27.11,5139233.0
2018-10-10,27.41,27.65,26.89,26.98,4676728.0
2018-10-11,26.43,26.77,26.08,26.63,5999341.0
2018-10-12,26.43,26.45,25.96,26.06,4625189.0
2018-10-15,26.74,27.01,26.62,26.88,4306903.0
2018-10-16,26.77,27.05,26.56,26.8,2368624.0
2018-10-17,27.15,27.51,26.85,27.47,3375186.0
2018-10-18,26.96,26.98,26.36,26.62,3790755.0
2018-10-19,26.48,26.95,26.48,26.81,3855491.0
2018-10-22,26.2,26.43,26.02,26.05,4412691.0
2018-10-23,26.48,26.88,26.43,26.66,3478553.0
2018-10-24,26.83,26.85,26.13,26.38,3271423.0
2018-10-25,26.36,26.7,26.04,26.27,3470537.0
2018-10-26,25.72,26.41,25.58,26.36,3065435.0
2018-10-29,25.55,26.02,25.47,25.92,2453960.0
2018-10-30,26.36,26.4,25.74,26.06,2458840.0
2018-10-31,26.32,26.78,26.07,26.7,3119213.0
2018-11-01,26.63,26.76,26.14,26.4,2802797.0
2018-11-02,25.89,26.92,25.87,26.75,3358749.0
2018-11-05,28.74,29.07,28.38,28.93,8825193.0
2018-11-06,28.96,29.11,28.71,28.76,2649960.0
2018-11-07,28.71,28.94,28.39,28.68,2565989.0
2018-11-08,28.79,29.0,28.49,28.94,2420625.0
2018-11-09,29.85,31.09,29.85,30.24,7420610.0
2018-11-12,30.78,31.56,30.38,31.56,6572366.0
2018-11-13,32.03,33.41,32.03,33.07,15263162.0
2018-11-14,35.79,39.87,35.49,39.32,43146389.0
2018-11-15,35.58,35.81,31.79,31.8,18755844.0
2018-11-16,33.39,35.56,33.31,35.43,11793067.0
2018-11-19,36.73,38.83,36.01,37.2,15780401.0
2018-11-20,36.43,37.17,34.5,36.68,14272978.0
2018-11-21,37.21,38.45,35.9,36.3,14054178.0
2018-11-23,35.92,37.18,35.92,36.38,3849056.0
2018-11-26,33.57,34.99,33.45,34.56,7476098.0
2018-11-27,33.96,35.14,33.53,34.14,5270636.0
2018-11-28,35.78,38.23,35.26,37.74,14427957.0
2018-11-29,36.97,37.71,36.04,37.09,6529860.0
2018-11-30,37.19,37.63,36.2,37.32,4417426.0
2018-12-03,35.02,35.55,34.35,35.14,5533343.0
2018-12-04,36.58,36.88,35.96,36.32,6310237.0
2018-12-06,34.89,35.56,34.58,35.35,5084659.0
2018-12-07,35.56,36.97,35.54,36.52,7080000.0
2018-12-10,36.29,37.76,35.87,36.49,6099179.0
2018-12-11,36.12,36.2,35.21,35.33,5209241.0
2018-12-12,33.96,34.44,33.07,33.24,6016333.0
2018-12-13,34.63,34.87,33.13,33.44,5913720.0
2018-12-14,31.95,32.04,30.75,30.75,5050883.0
2018-12-17,30.08,30.1,28.44,28.71,4230894.0
2018-12-18,29.84,31.06,29.67,30.74,4591458.0
2018-12-19,29.07,30.53,28.77,30.14,3901778.0
2018-12-20,30.95,31.11,29.11,30.1,3700651.0
2018-12-21,29.92,31.15,29.65,30.25,3163184.0
2018-12-24,28.95,29.49,28.79,29.31,2105094.0
2018-12-26,27.97,28.87,27.54,28.23,3380310.0
2018-12-27,28.4,29.42,27.94,28.86,3541209.0
2018-12-28,27.68,28.19,27.16,27.4,3343279.0
2018-12-31,25.82,25.87,24.27,24.71,4872098.0
2019-01-02,24.22,24.79,24.11,24.49,3978445.0
2019-01-03,24.21,24.54,23.93,24.21,2718856.0
2019-01-04,24.77,25.25,24.18,25.09,2623624.0
2019-01-07,24.5,24.79,24.24,24.38,2069774.0
2019-01-08,25.1,25.28,24.55,24.74,2474925.0
2019-01-09,24.58,24.98,24.38,24.89,1630633.0
2019-01-10,25.2,25.39,24.55,24.75,3610359.0
2019-01-11,25.23,26.25,25.06,26.09,3706661.0
2019-01-14,28.0,29.98,28.0,29.75,8621486.0
2019-01-15,29.55,29.82,28.61,28.72,4418409.0
2019-01-16,30.18,30.33,27.75,28.22,4471889.0
2019-01-17,29.32,29.36,28.01,28.27,2251480.0
2019-01-18,27.33,28.95,27.29,28.41,6926378.0
2019-01-22,27.11,27.4,26.41,26.65,4735029.0
2019-01-23,27.01,27.13,25.83,26.31,3249470.0
2019-01-24,26.75,27.2,26.46,26.96,3448091.0
2019-01-25,26.5,27.54,26.48,27.4,2806956.0
2019-01-28,25.83,26.05,25.51,25.73,3419310.0
2019-01-29,25.3,26.06,25.19,25.85,3395639.0
2019-01-30,25.64,25.81,25.39,25.56,2085019.0
2019-01-31,25.67,25.7,25.0,25.28,3496424.0
2019-02-01,24.86,25.03,24.36,24.43,3972203.0
2019-02-04,23.87,24.03,23.7,23.79,3418852.0
2019-02-05,23.91,24.16,23.7,23.96,2207015.0
2019-02-06,23.82,24.08,23.65,23.87,1967791.0
2019-02-07,23.47,23.48,22.73,22.95,5253194.0
2019-02-08,23.08,23.34,22.83,23.27,2522980.0
2019-02-11,24.14,24.15,23.54,23.61,2886374.0
2019-02-12,23.63,24.07,23.56,23.81,2359098.0
2019-02-13,23.17,23.47,23.02,23.17,2585064.0
2019-02-14,23.14,23.31,22.94,22.99,2625763.0
2019-02-15,23.26,23.42,23.01,23.39,1876538.0
2019-02-19,23.41,23.78,23.36,23.71,1857821.0
2019-02-20,23.87,23.9,23.48,23.58,1671494.0
2019-02-21,23.83,24.05,23.73,24.01,2246925.0
2019-02-22,23.88,24.2,23.86,24.02,1687861.0
2019-02-25,24.51,24.85,24.31,24.77,3346391.0
2019-02-26,24.99,25.03,24.34,24.45,2191173.0
2019-02-27,24.37,24.75,24.29,24.73,1061294.0
2019-02-28,24.98,25.05,24.57,24.73,4244117.0
2019-03-01,25.24,25.28,24.92,25.08,2588189.0
2019-03-04,25.08,25.24,24.99,25.14,1800585.0
2019-03-05,25.22,25.47,25.05,25.43,1517242.0
2019-03-06,25.23,25.29,24.88,25.1,1430006.0
2019-03-07,25.11,25.31,24.89,25.27,1479649.0
2019-03-08,25.3,25.36,25.18,25.23,877788.0
2019-03-11,24.61,24.64,24.39,24.48,1734047.0
2019-03-12,24.46,24.67,24.34,24.64,1039693.0
2019-03-13,24.68,24.93,24.68,24.88,1285923.0
2019-03-14,25.03,25.17,24.93,25.08,1039515.0
2019-03-15,24.92,24.94,24.61,24.64,1056563.0
2019-03-18,24.93,25.16,24.93,25.06,1079638.0
2019-03-19,25.2,25.26,25.08,25.16,1249484.0
2019-03-20,24.98,24.98,24.78,24.97,880619.0
2019-03-21,24.69,24.89,24.63,24.86,972785.0
2019-03-22,24.44,24.46,24.28,24.41,1513043.0
2019-03-25,24.22,24.5,24.2,24.39,1114387.0
2019-03-26,24.31,24.36,24.16,24.18,836578.0
2019-03-27,23.8,24.01,23.68,23.97,1531405.0
2019-03-28,23.93,24.07,23.82,23.91,1180236.0
2019-03-29,23.62,23.7,23.38,23.48,1645263.0
2019-04-01,23.7,24.04,23.7,23.78,1445165.0
2019-04-02,23.78,23.78,23.53,23.67,1119402.0
2019-04-03,23.54,23.63,23.39,23.5,1315374.0
2019-04-04,23.53,23.55,23.2,23.25,1378727.0
2019-04-05,23.31,23.51,23.29,23.5,955338.0
2019-04-08,23.7,23.94,23.66,23.85,1724135.0
2019-04-09,23.68,23.84,23.6,23.83,1203661.0
2019-04-10,23.73,23.9,23.68,23.74,1105034.0
2019-04-11,23.6,23.82,23.35,23.53,2787336.0
2019-04-12,23.57,23.63,23.33,23.35,939457.0
2019-04-15,22.99,23.04,22.77,22.8,1855579.0
2019-04-16,22.8,22.8,22.63,22.66,981692.0
2019-04-17,22.32,22.37,22.08,22.09,2152014.0
2019-04-18,22.08,22.16,21.85,21.94,1816802.0
2019-04-22,22.16,22.23,22.05,22.15,1142332.0
2019-04-23,21.84,21.84,21.57,21.65,1620967.0
2019-04-24,21.79,21.81,21.59,21.64,883929.0
2019-04-25,21.69,22.14,21.44,21.96,1820201.0
2019-04-26,22.32,22.55,22.23,22.38,1210555.0
2019-04-29,22.29,22.49,22.04,22.47,958971.0
2019-04-30,22.48,22.51,22.22,22.33,753791.0
2019-05-01,22.6,22.73,22.55,22.62,795133.0
2019-05-02,22.42,22.53,22.21,22.39,1215619.0
2019-05-03,22.23,22.35,22.11,22.19,1014103.0
2019-05-06,21.95,22.05,21.79,21.91,1038338.0
2019-05-07,22.03,22.14,21.91,22.0,664201.0
2019-05-08,22.39,22.64,22.37,22.56,1767430.0
2019-05-09,22.39,22.49,22.18,22.42,758760.0
2019-05-10,22.39,22.92,22.39,22.71,1495222.0
2019-05-13,22.89,22.97,22.64,22.71,1311529.0
2019-05-14,22.96,23.07,22.84,22.96,995273.0
2019-05-15,22.79,22.79,22.48,22.56,834007.0
2019-05-16,22.78,22.92,22.6,22.86,675183.0
2019-05-17,22.91,23.0,22.73,22.75,512979.0
2019-05-20,23.14,23.33,23.03,23.05,1388894.0
2019-05-21,22.88,22.88,22.57,22.67,901643.0
2019-05-22,22.36,22.36,21.87,21.98,1818652.0
2019-05-23,22.08,22.25,21.86,22.18,991419.0
2019-05-24,21.98,22.42,21.89,22.32,617460.0
2019-05-28,21.91,22.19,21.9,22.12,723990.0
2019-05-29,22.58,22.65,22.37,22.44,1259813.0
2019-05-30,22.14,22.15,21.7,21.92,1603225.0
2019-05-31,21.41,21.5,20.94,21.05,1632239.0
2019-06-03,20.89,20.9,20.4,20.59,2559338.0
2019-06-04,20.56,20.9,20.53,20.74,1165898.0
2019-06-05,20.52,20.6,20.18,20.36,1265650.0
2019-06-06,20.26,20.48,19.75,20.01,2671311.0
2019-06-07,19.97,20.16,19.77,20.05,1314732.0
2019-06-10,20.04,20.25,20.0,20.2,1094604.0
2019-06-11,20.07,20.61,20.02,20.52,1294293.0
2019-06-12,20.45,20.49,20.28,20.35,778436.0
2019-06-13,20.25,20.37,19.89,19.96,1828586.0
2019-06-14,20.12,20.53,20.05,20.44,1618479.0
2019-06-17,20.5,20.55,20.26,20.3,590463.0
2019-06-18,20.16,20.23,19.76,19.88,2217779.0
2019-06-19,20.03,20.05,19.37,19.5,2027511.0
2019-06-20,19.53,19.59,18.34,18.8,5312449.0
2019-06-21,18.63,18.82,18.53,18.69,1516833.0
2019-06-24,19.23,19.74,19.14,19.59,3794170.0
2019-06-25,19.46,19.72,19.2,19.47,1674937.0
2019-06-26,19.52,19.79,19.4,19.53,2043797.0
2019-06-27,19.55,20.09,19.55,19.92,1684069.0
2019-06-28,20.29,20.31,19.8,19.89,1592658.0
2019-07-01,19.4,19.53,19.06,19.45,2839224.0
2019-07-02,19.54,19.55,19.18,19.26,1085987.0
2019-07-03,19.56,19.64,19.34,19.58,1117195.0
2019-07-05,20.5,21.01,20.49,20.68,5265736.0
2019-07-08,20.62,20.7,20.37,20.63,1805556.0
2019-07-09,20.63,20.94,20.48,20.78,1483247.0
2019-07-10,21.16,21.39,20.84,21.04,2014577.0
2019-07-11,21.19,21.38,20.58,20.67,3245993.0
2019-07-12,21.16,21.32,21.02,21.09,1963610.0
2019-07-15,20.85,20.9,20.49,20.68,2155448.0
2019-07-16,20.04,20.11,19.77,19.97,2981390.0
2019-07-17,19.89,20.14,19.67,19.87,1194565.0
2019-07-18,19.93,20.18,19.48,19.68,1768822.0
2019-07-19,19.42,19.45,19.26,19.41,2037895.0
2019-07-22,19.6,19.99,19.59,19.89,1739782.0
2019-07-23,19.81,19.92,19.67,19.71,1036291.0
2019-07-24,19.4,19.4,19.04,19.2,1868788.0
2019-07-25,19.37,19.51,19.17,19.26,1268641.0
2019-07-26,18.79,18.89,18.65,18.78,2687276.0
2019-07-29,18.57,18.57,18.26,18.4,2182958.0
2019-07-30,18.39,18.59,18.3,18.54,1050242.0
2019-07-31,19.15,19.7,19.06,19.44,3496885.0
2019-08-01,19.98,20.09,18.82,18.85,3642433.0
2019-08-02,18.43,18.61,18.05,18.6,3813190.0
2019-08-05,17.75,18.32,17.74,18.1,3944772.0
2019-08-06,18.21,18.52,18.18,18.29,1992613.0
2019-08-07,18.38,18.5,18.03,18.13,2661059.0
2019-08-08,18.39,18.72,18.21,18.43,2295972.0
2019-08-09,18.37,18.63,18.34,18.44,1143934.0
2019-08-12,18.66,18.66,18.2,18.34,1153681.0
2019-08-13,18.61,18.89,18.41,18.69,2125151.0
2019-08-14,18.7,18.75,18.45,18.72,1593199.0
2019-08-15,18.82,19.68,18.68,19.28,2810277.0
2019-08-16,19.1,19.18,18.84,19.1,874268.0
2019-08-19,18.77,19.26,18.75,19.1,1423557.0
2019-08-20,19.22,19.28,19.02,19.24,838798.0
2019-08-21,19.13,19.13,18.73,18.9,2260959.0
2019-08-22,18.92,19.04,18.67,18.72,1720783.0
2019-08-23,18.52,18.8,18.5,18.7,1308379.0
2019-08-26,19.18,19.41,19.09,19.31,2545789.0
2019-08-27,18.93,19.13,18.9,19.06,1362696.0
2019-08-28,19.48,19.66,19.24,19.35,1632530.0
2019-08-29,19.65,20.01,19.52,19.83,2412918.0
2019-08-30,19.68,19.92,19.62,19.77,950210.0
2019-09-03,20.39,20.5,20.27,20.31,1885012.0
2019-09-04,20.72,21.3,20.55,21.11,2260979.0
2019-09-05,21.04,21.34,20.7,21.14,2551334.0
2019-09-06,21.07,21.7,21.05,21.58,2428717.0
2019-09-09,22.01,22.5,22.0,22.48,2207636.0
2019-09-10,22.61,22.68,22.3,22.4,2494514.0
2019-09-11,22.1,22.48,22.03,22.1,1073188.0
2019-09-12,22.02,22.41,21.91,22.3,1559674.0
2019-09-13,22.37,22.88,22.15,22.73,1700830.0
2019-09-16,23.07,23.4,22.92,23.27,2406436.0
2019-09-17,23.07,23.37,22.95,23.03,1106972.0
2019-09-18,22.97,22.98,22.49,22.76,1427024.0
2019-09-19,22.45,22.47,21.92,22.07,2234349.0
2019-09-20,22.19,22.2,21.66,21.91,1403939.0
2019-09-23,21.65,21.97,21.56,21.91,1494110.0
2019-09-24,22.03,22.03,21.52,21.59,1031720.0
2019-09-25,21.22,21.68,21.16,21.55,1314582.0
2019-09-26,21.35,21.42,20.64,20.95,3849875.0
2019-09-27,20.41,20.74,20.37,20.54,1744140.0
2019-09-30,20.04,20.21,19.89,19.93,3267296.0
2019-10-01,19.64,19.76,19.42,19.65,2247033.0
2019-10-02,19.58,19.66,19.22,19.36,2202444.0
2019-10-03,19.19,20.09,18.96,20.0,4069567.0
2019-10-04,19.67,20.51,19.6,20.1,2747082.0
2019-10-07,19.81,20.03,19.63,19.73,1996620.0
2019-10-08,19.51,19.66,19.4,19.62,1459912.0
2019-10-09,19.49,19.68,19.09,19.17,3065838.0
2019-10-10,19.25,19.46,18.86,18.88,5098926.0
2019-10-11,18.92,19.35,18.73,19.03,3644631.0
2019-10-14,19.63,19.66,19.08,19.57,3942524.0
2019-10-15,19.68,20.08,19.62,20.03,4150553.0
2019-10-16,20.28,20.37,19.53,19.64,2919026.0
2019-10-17,19.87,20.14,19.7,19.86,1984633.0
2019-10-18,19.73,20.09,19.64,20.07,2306215.0
2019-10-21,19.34,19.41,19.12,19.41,4860845.0
2019-10-22,19.44,19.56,19.31,19.37,2154158.0
2019-10-23,19.34,19.35,19.08,19.23,2184545.0
2019-10-24,19.32,19.53,19.08,19.5,2357792.0
2019-10-25,19.41,19.54,19.31,19.48,1638344.0
2019-10-28,20.12,20.42,19.86,20.26,4848098.0
2019-10-29,20.97,21.33,20.7,20.74,6860514.0
2019-10-30,21.39,21.43,21.06,21.25,4954957.0
2019-10-31,21.4,21.41,20.59,20.81,4806804.0
2019-11-01,20.49,21.45,20.47,21.35,4612678.0
2019-11-04,22.24,22.38,22.04,22.27,5274810.0
2019-11-05,22.65,22.81,22.39,22.69,3641795.0
2019-11-06,22.67,22.79,22.29,22.35,2872517.0
2019-11-07,22.13,22.76,21.74,22.05,6178148.0
2019-11-08,22.19,22.19,21.82,22.05,2570843.0
2019-11-11,21.02,21.05,20.69,20.83,4745203.0
2019-11-12,20.98,21.0,20.6,20.73,3046581.0
2019-11-13,20.47,21.08,20.3,21.06,3291710.0
2019-11-14,20.91,21.17,20.69,20.83,3198137.0
2019-11-15,20.83,21.36,20.68,21.03,2465435.0
2019-11-18,20.42,20.6,20.04,20.1,4603929.0
2019-11-19,19.83,19.96,19.71,19.75,4836898.0
2019-11-20,19.94,20.17,19.84,20.06,2799274.0
2019-11-21,19.94,20.24,19.74,20.18,3858587.0
2019-11-22,20.47,20.88,20.43,20.73,4033558.0
2019-11-25,19.95,20.0,19.74,19.83,6118209.0
2019-11-26,19.35,19.45,19.18,19.44,6762053.0
2019-11-27,19.3,19.42,19.08,19.2,4797800.0
2019-11-29,18.22,18.25,17.76,17.8,7683930.0
2019-12-02,17.84,17.98,17.56,17.96,5580739.0
2019-12-03,18.55,19.23,18.43,18.68,9089644.0
2019-12-04,18.35,18.61,18.17,18.51,4936333.0
2019-12-05,18.67,18.89,18.44,18.52,4480839.0
2019-12-06,18.53,18.54,17.86,18.03,5204700.0
2019-12-09,17.06,17.3,16.88,17.3,9132560.0
2019-12-10,17.28,17.55,17.15,17.37,3929468.0
2019-12-11,17.54,17.66,17.18,17.22,4082210.0
2019-12-12,17.51,18.0,17.33,17.92,5259109.0
2019-12-13,17.61,17.8,17.51,17.68,3566172.0
2019-12-16,18.06,18.2,17.92,18.03,3404292.0
2019-12-17,17.76,17.91,17.59,17.79,2537365.0
2019-12-18,17.46,17.55,17.32,17.53,3364627.0
2019-12-19,17.23,17.62,17.21,17.6,5450069.0
2019-12-20,17.91,17.92,17.68,17.84,3250272.0
2019-12-23,17.14,17.27,17.07,17.17,3983466.0
2019-12-24,16.97,17.1,16.85,17.02,3286019.0
2019-12-26,17.45,17.69,17.4,17.49,4316295.0
2019-12-27,17.05,17.36,16.82,17.34,8359152.0
2019-12-30,17.22,17.3,16.86,16.9,5250100.0
2019-12-31,16.74,16.97,16.63,16.86,4106928.0
2020-01-02,16.67,16.69,16.36,16.47,6523758.0
2020-01-03,16.49,16.7,16.36,16.39,4291077.0
2020-01-06,16.63,16.68,16.33,16.59,4683968.0
2020-01-07,16.49,16.82,16.47,16.62,3693819.0
2020-01-08,16.67,16.71,16.35,16.63,3627407.0
2020-01-09,16.46,16.77,16.28,16.67,3435545.0
2020-01-10,17.04,17.26,16.99,17.04,4568894.0
2020-01-13,16.93,17.01,16.72,16.94,3964713.0
2020-01-14,17.39,17.43,16.84,16.85,4854299.0
2020-01-15,16.44,16.55,16.37,16.43,4943064.0
2020-01-16,16.44,16.75,16.02,16.08,5932029.0
2020-01-17,15.76,15.76,15.5,15.54,10309295.0
2020-01-21,15.01,15.13,14.56,14.87,9252098.0
2020-01-22,14.89,15.06,14.8,14.91,3642297.0
2020-01-23,15.1,15.27,14.84,14.94,3818114.0
2020-01-24,14.69,14.72,14.53,14.61,4482987.0
2020-01-27,15.07,15.08,14.58,14.64,5005281.0
2020-01-28,14.91,15.06,14.82,14.9,4035137.0
2020-01-29,14.66,14.7,14.52,14.66,3773481.0
2020-01-30,14.37,14.58,14.18,14.31,5283390.0
2020-01-31,14.42,14.5,14.32,14.37,3251492.0
2020-02-03,14.44,14.44,14.18,14.21,3453244.0
2020-02-04,14.33,14.75,14.3,14.65,3718834.0
2020-02-05,14.29,14.63,14.27,14.63,4652069.0
2020-02-06,14.44,14.9,14.38,14.56,2613128.0
2020-02-07,14.76,14.83,14.45,14.45,2704583.0
2020-02-10,13.95,14.05,13.75,13.84,6047590.0
2020-02-11,13.91,14.07,13.79,14.03,3398777.0
2020-02-12,14.34,14.5,14.24,14.42,3134653.0
2020-02-13,14.51,14.57,14.27,14.32,2382048.0
2020-02-14,14.39,14.45,14.29,14.34,1998930.0
2020-02-18,15.13,15.27,14.98,15.1,5775459.0
2020-02-19,15.19,15.37,15.1,15.28,2429155.0
2020-02-20,15.06,15.67,14.86,14.91,6158868.0
2020-02-21,14.71,14.94,14.7,14.8,3714338.0
2020-02-24,14.47,14.51,14.25,14.36,3678119.0
2020-02-25,14.48,14.52,14.24,14.28,4433606.0
2020-02-26,14.53,14.6,14.09,14.09,3352911.0
2020-02-27,13.54,13.63,13.32,13.47,6743530.0
2020-02-28,13.22,13.37,12.98,13.1,3731139.0
2020-03-02,13.51,13.66,13.37,13.58,4191325.0
2020-03-03,13.94,14.24,13.8,13.93,4346975.0
2020-03-04,14.2,14.28,13.95,14.19,2228962.0
2020-03-05,14.08,14.11,13.64,13.65,3115968.0
2020-03-06,13.56,13.61,13.22,13.32,3543436.0
2020-03-09,13.42,14.11,13.0,14.1,7425149.0
2020-03-10,14.31,15.14,14.28,14.97,11130373.0
2020-03-11,15.27,15.48,14.42,14.54,7502473.0
2020-03-12,13.93,14.56,13.83,14.2,7311492.0
2020-03-13,14.92,15.02,14.35,14.75,4412793.0
2020-03-16,14.03,14.28,13.9,13.92,1955970.0
2020-03-17,14.06,14.06,13.29,13.37,2020082.0
2020-03-18,12.78,12.91,12.08,12.74,5113600.0
2020-03-19,12.67,13.12,12.6,13.07,2261339.0
2020-03-20,13.2,13.24,12.49,12.53,2831522.0
2020-03-23,12.59,12.9,12.47,12.65,2415134.0
2020-03-24,13.13,13.27,12.93,13.21,2198924.0
2020-03-25,13.11,13.23,12.87,13.04,1737812.0
2020-03-26,12.91,13.15,12.68,12.8,2409421.0
2020-03-27,12.67,12.83,12.56,12.67,1876590.0
2020-03-30,12.47,12.91,12.46,12.82,1949237.0
2020-03-31,12.94,12.94,12.4,12.55,2807336.0
2020-04-01,12.26,12.3,11.97,12.01,3668767.0
2020-04-02,11.78,11.94,11.53,11.75,3872759.0
2020-04-03,11.73,12.54,11.72,12.47,3855564.0
2020-04-06,12.73,13.26,12.7,13.24,3693811.0
2020-04-07,13.73,14.32,13.64,14.31,3788969.0
2020-04-08,14.17,14.29,13.43,13.55,3548607.0
2020-04-09,13.46,13.62,13.06,13.13,3388194.0
2020-04-13,13.5,13.61,12.88,13.11,3608776.0
2020-04-14,12.77,12.88,12.42,12.45,4247456.0
2020-04-15,12.41,12.44,12.01,12.04,3317970.0
2020-04-16,11.95,12.96,11.77,12.77,5916969.0
2020-04-17,13.37,13.55,13.02,13.2,3959226.0
2020-04-20,13.4,14.42,13.3,14.26,7612344.0
2020-04-21,14.2,14.44,13.39,13.66,6590698.0
2020-04-22,13.71,14.36,13.65,14.16,5685281.0
2020-04-23,13.84,14.15,13.36,13.47,3726422.0
2020-04-24,13.58,13.6,12.95,12.98,5709491.0
2020-04-27,12.28,13.32,12.22,13.26,7910300.0
2020-04-28,13.74,13.77,13.35,13.46,3955352.0
2020-04-29,13.22,13.32,12.87,13.0,4992740.0
2020-04-30,13.04,13.51,12.88,13.41,4054711.0
2020-05-01,13.43,13.58,12.95,13.01,3983266.0
2020-05-04,13.71,13.85,13.43,13.78,4787464.0
2020-05-05,14.58,14.95,14.42,14.49,6936830.0
2020-05-06,13.93,13.93,13.35,13.49,6337206.0
2020-05-07,13.56,13.71,13.05,13.16,6440923.0
2020-05-08,12.76,12.97,12.54,12.64,6066817.0
2020-05-11,12.97,13.07,12.48,12.79,5202023.0
2020-05-12,12.36,12.46,11.8,11.8,9004675.0
2020-05-13,11.74,11.82,11.04,11.33,8601522.0
2020-05-14,11.29,11.79,11.26,11.44,5415109.0
2020-05-15,11.77,11.81,11.21,11.29,5124473.0
2020-05-18,11.94,12.48,11.9,12.1,6151344.0
2020-05-19,12.44,12.46,12.17,12.25,5722564.0
2020-05-20,12.36,12.42,11.64,11.79,5941155.0
2020-05-21,11.52,11.58,11.31,11.54,3620998.0
2020-05-22,11.38,11.74,11.38,11.64,3065954.0
2020-05-26,11.92,12.02,11.7,11.94,3272815.0
2020-05-27,11.78,11.94,11.53,11.6,4263009.0
2020-05-28,11.52,11.58,11.23,11.27,4784355.0
2020-05-29,11.17,11.47,10.88,11.32,7002432.0
2020-06-01,10.93,11.25,10.9,10.99,6031333.0
2020-06-02,11.04,11.11,10.9,10.95,3336757.0
2020-06-03,11.41,11.46,11.03,11.16,5921654.0
2020-06-04,11.24,11.42,11.08,11.26,4180471.0
2020-06-05,11.4,11.42,10.98,11.12,6180773.0
2020-06-08,10.99,11.15,10.94,11.15,4839327.0
2020-06-09,10.96,11.04,10.84,10.9,4989695.0
2020-06-10,10.99,11.15,10.94,11.05,7453966.0
2020-06-11,11.19,11.31,10.98,11.19,5538270.0
2020-06-12,11.08,11.14,10.66,10.75,5501819.0
2020-06-15,10.6,10.6,10.27,10.37,7187662.0
2020-06-16,10.02,10.1,9.89,10.0,6607651.0
2020-06-17,10.04,10.17,9.96,10.12,3820763.0
2020-06-18,10.03,10.24,9.97,10.13,3751236.0
2020-06-19,10.19,10.35,10.17,10.25,3528831.0
2020-06-22,10.28,10.47,10.08,10.14,4872059.0
2020-06-23,10.03,10.06,9.85,9.9,4903750.0
2020-06-24,9.85,10.03,9.69,9.72,5005117.0
2020-06-25,9.45,9.49,8.89,8.99,15859369.0
2020-06-26,8.97,9.18,8.96,9.05,5645518.0
2020-06-29,9.79,10.27,9.75,9.94,13168368.0
2020-06-30,10.32,10.38,10.03,10.26,4867351.0
2020-07-01,9.94,10.0,9.74,9.89,6430036.0
2020-07-02,9.88,10.18,9.88,10.08,6119361.0
2020-07-06,10.58,10.75,10.38,10.71,7845178.0
2020-07-07,11.1,11.27,10.93,10.95,7346803.0
2020-07-08,10.86,10.88,10.64,10.73,4605641.0
2020-07-09,10.96,11.01,10.38,10.39,7219329.0
2020-07-10,10.6,10.74,10.52,10.6,5519763.0
2020-07-13,10.56,10.63,10.11,10.12,5535047.0
2020-07-14,10.1,10.36,10.06,10.24,3860874.0
2020-07-15,10.31,10.46,10.12,10.44,3793372.0
2020-07-16,10.37,10.57,9.99,10.1,6171540.0
2020-07-17,10.15,10.22,9.98,10.01,4595817.0
2020-07-20,9.73,9.73,9.39,9.61,8708911.0
2020-07-21,9.77,9.8,9.65,9.71,3350285.0
2020-07-22,9.58,9.9,9.53,9.84,3352270.0
2020-07-23,9.93,10.55,9.78,10.44,7456582.0
2020-07-24,10.34,10.66,10.33,10.61,4160853.0
2020-07-27,10.49,10.56,10.08,10.16,5381446.0
2020-07-28,10.61,10.64,10.32,10.6,4387133.0
2020-07-29,10.68,11.04,10.62,10.86,5925117.0
2020-07-30,10.78,10.83,10.36,10.42,3695840.0
2020-07-31,10.43,10.49,10.15,10.26,3303097.0
2020-08-03,11.34,12.28,11.28,12.0,16854229.0
2020-08-04,11.99,12.53,11.86,12.44,9252427.0
2020-08-05,12.59,12.84,12.32,12.59,7447201.0
2020-08-06,12.97,13.01,12.17,12.23,7536672.0
2020-08-07,12.67,12.84,12.39,12.81,7036290.0
2020-08-10,12.54,12.57,12.07,12.31,4938307.0
2020-08-11,12.48,12.54,12.21,12.22,4268818.0
2020-08-12,11.98,12.33,11.88,12.23,5416144.0
2020-08-13,12.28,12.51,12.2,12.5,4316950.0
2020-08-14,12.95,13.51,12.88,13.32,6345323.0
2020-08-17,13.41,13.51,13.09,13.31,4405237.0
2020-08-18,13.81,13.97,13.62,13.71,4438749.0
2020-08-19,13.7,13.84,13.59,13.8,4375859.0
2020-08-20,13.67,13.77,13.41,13.43,3746750.0
2020-08-21,13.07,13.9,13.02,13.76,6655920.0
2020-08-24,14.07,14.27,13.91,14.03,4549778.0
2020-08-25,13.94,14.06,13.8,13.87,3193049.0
2020-08-26,13.97,14.09,13.54,13.58,3823999.0
2020-08-27,14.09,14.58,14.07,14.48,7259927.0
2020-08-28,14.38,14.49,14.09,14.32,3477497.0
2020-08-31,13.6,14.25,13.42,14.14,6391335.0
2020-09-01,13.81,14.04,13.46,13.5,6229701.0
2020-09-02,13.33,13.85,13.23,13.46,6681294.0
2020-09-03,13.69,13.79,13.2,13.34,4360507.0
2020-09-04,13.25,13.99,13.07,13.88,5911287.0
2020-09-08,13.61,13.71,12.76,12.78,6793612.0
2020-09-09,13.01,13.04,12.5,12.79,6475385.0
2020-09-10,12.69,12.84,12.38,12.4,3586051.0
2020-09-11,12.33,12.36,12.06,12.08,3626971.0
2020-09-14,12.64,12.75,12.27,12.4,4276802.0
2020-09-15,12.48,12.73,12.48,12.57,2995949.0
2020-09-16,12.5,12.51,12.06,12.14,4922861.0
2020-09-17,11.77,11.77,11.28,11.49,10146732.0
2020-09-18,11.62,11.92,11.53,11.86,4505325.0
2020-09-21,11.77,12.28,11.63,12.18,9640831.0
2020-09-22,11.8,11.83,11.51,11.67,4107632.0
2020-09-23,12.19,12.76,12.14,12.59,5935851.0
2020-09-24,12.76,13.15,12.47,12.88,3977446.0
2020-09-25,12.78,12.9,12.55,12.64,2350667.0
2020-09-28,12.23,12.63,12.16,12.48,4275212.0
2020-09-29,11.75,11.83,11.26,11.29,8561941.0
2020-09-30,11.4,11.58,11.15,11.41,3257226.0
2020-10-01,11.38,11.42,10.98,11.23,3358565.0
2020-10-02,11.08,11.46,10.93,11.07,3294312.0
2020-10-05,11.9,12.24,11.73,11.87,6285400.0
2020-10-06,11.6,11.85,11.25,11.34,4795300.0
2020-10-07,11.95,12.01,11.41,11.7,5405727.0
2020-10-08,11.5,11.9,11.39,11.86,5304398.0
2020-10-09,12.48,12.67,12.24,12.38,4568811.0
2020-10-12,13.09,13.15,12.69,12.76,4863676.0
2020-10-13,12.63,12.94,12.55,12.62,3961633.0
2020-10-14,11.91,12.14,11.73,11.79,8251738.0
2020-10-15,12.39,12.57,12.28,12.39,3909631.0
2020-10-16,12.5,12.63,12.16,12.28,3625370.0
2020-10-19,12.32,12.55,12.28,12.49,2990078.0
2020-10-20,12.58,12.64,12.31,12.38,2416744.0
2020-10-21,12.68,12.74,12.61,12.64,1986098.0
2020-10-22,12.55,12.63,12.34,12.39,2235972.0
2020-10-23,12.18,12.25,12.08,12.1,2099259.0
2020-10-26,12.4,12.48,12.16,12.3,2745959.0
2020-10-27,12.09,12.64,12.08,12.53,2297924.0
2020-10-28,12.45,12.59,12.4,12.46,2627061.0
2020-10-29,12.04,12.67,11.94,12.55,3763669.0
2020-10-30,12.34,12.76,12.34,12.74,2622103.0
2020-11-02,12.27,12.39,12.18,12.25,4103171.0
2020-11-03,11.77,11.78,11.53,11.61,6765748.0
2020-11-04,11.48,11.68,11.39,11.58,3609531.0
2020-11-05,11.62,11.8,11.1,11.13,5547148.0
2020-11-06,11.13,11.13,10.87,10.98,4600797.0
2020-11-09,10.9,10.98,10.75,10.82,4551515.0
2020-11-10,10.95,11.41,10.93,11.21,4209831.0
2020-11-11,11.32,11.57,11.07,11.52,4285664.0
2020-11-12,11.38,11.55,11.18,11.22,2910527.0
2020-11-13,11.58,11.63,11.26,11.32,2893673.0
2020-11-16,10.66,10.67,10.3,10.31,9307470.0
2020-11-17,10.35,10.38,10.18,10.3,5031423.0
2020-11-18,10.41,10.5,10.22,10.28,3343344.0
2020-11-19,9.68,10.03,9.62,9.9,9524974.0
2020-11-20,10.04,10.11,9.96,10.05,2522635.0
2020-11-23,10.14,10.28,10.09,10.21,4322093.0
2020-11-24,10.46,10.53,10.38,10.47,3745559.0
2020-11-25,10.5,10.87,10.38,10.69,4222286.0
2020-11-27,10.45,10.47,10.24,10.27,2451759.0
2020-11-30,10.78,10.84,10.41,10.6,4228918.0
2020-12-01,10.49,10.52,10.26,10.43,4707493.0
2020-12-02,10.42,10.45,9.93,9.96,6387205.0
2020-12-03,9.36,9.36,9.0,9.09,18655615.0
2020-12-04,9.17,9.5,9.16,9.28,6482192.0
2020-12-07,8.7,8.82,8.62,8.78,9850835.0
2020-12-08,8.81,8.9,8.58,8.84,6761355.0
2020-12-09,9.05,9.07,8.76,8.79,6009999.0
2020-12-10,8.95,9.38,8.91,9.31,8431260.0
2020-12-11,9.3,9.52,9.29,9.38,4507404.0
2020-12-14,9.67,9.78,9.45,9.62,5487246.0
2020-12-15,9.55,9.77,9.49,9.64,4951507.0
2020-12-16,9.55,9.74,9.53,9.7,3482644.0
2020-12-17,9.73,9.79,9.43,9.62,4037760.0
2020-12-18,9.74,9.81,9.59,9.75,3156459.0
2020-12-21,9.7,9.76,9.6,9.74,2609208.0
2020-12-22,9.95,10.05,9.83,9.9,4195071.0
2020-12-23,9.66,9.72,9.25,9.38,6324021.0
2020-12-24,9.37,9.47,9.22,9.22,2566188.0
2020-12-28,8.25,8.57,8.22,8.48,11104094.0
2020-12-29,8.68,9.01,8.68,8.85,6420895.0
2020-12-30,8.85,8.93,8.65,8.79,3573558.0
2020-12-31,8.97,9.22,8.84,9.2,4877532.0
2021-01-04,9.5,9.57,9.3,9.45,4335368.0
2021-01-05,9.74,9.89,9.69,9.78,5936564.0
2021-01-06,9.64,10.03,9.64,9.83,4852409.0
2021-01-07,9.84,9.97,9.68,9.7,4586547.0
2021-01-08,9.65,9.88,9.58,9.75,3943444.0
2021-01-11,9.51,10.18,9.49,10.1,6029175.0
2021-01-12,10.33,10.39,9.85,9.92,6640972.0
2021-01-13,9.98,10.18,9.81,9.94,5740736.0
2021-01-14,9.92,10.1,9.64,9.68,6025265.0
2021-01-15,10.08,10.09,9.8,9.96,4946882.0
2021-01-19,9.4,9.44,9.19,9.26,7187237.0
2021-01-20,9.11,9.36,9.02,9.28,5239351.0
2021-01-21,9.1,9.2,9.02,9.19,4936404.0
2021-01-22,9.02,9.1,8.95,9.01,5241254.0
2021-01-25,9.34,9.56,9.3,9.54,5429124.0
2021-01-26,9.59,9.69,9.48,9.67,3521894.0
2021-01-27,9.84,10.04,9.77,9.82,6105795.0
2021-01-28,9.77,9.87,9.49,9.83,6611055.0
2021-01-29,9.71,9.87,9.37,9.41,5607338.0
2021-02-01,10.28,10.5,10.22,10.32,10698506.0
2021-02-02,10.91,10.93,10.3,10.39,8322458.0
2021-02-03,10.37,10.4,10.06,10.14,5477760.0
2021-02-04,10.26,10.9,10.18,10.84,7725414.0
2021-02-05,11.15,11.16,10.45,10.53,8259170.0
2021-02-08,10.58,10.64,10.42,10.59,4713353.0
2021-02-09,10.32,10.44,10.23,10.31,3587695.0
2021-02-10,10.51,10.88,10.45,10.85,5715183.0
2021-02-11,10.99,11.02,10.41,10.44,8365137.0
2021-02-12,10.58,10.87,10.46,10.67,3548628.0
2021-02-16,11.29,11.3,10.85,11.1,9672483.0
2021-02-17,11.08,11.37,10.99,11.3,8260419.0
2021-02-18,11.19,11.2,10.96,10.99,6521973.0
2021-02-19,11.22,11.3,11.09,11.16,4666185.0
2021-02-22,10.84,11.05,10.74,10.93,5451397.0
2021-02-23,10.77,10.8,10.62,10.69,4490510.0
2021-02-24,10.6,10.65,10.43,10.48,3668807.0
2021-02-25,10.39,10.57,10.31,10.31,4899613.0
2021-02-26,10.23,10.41,10.16,10.32,3625561.0
2021-03-01,10.25,10.42,10.24,10.37,2253077.0
2021-03-02,10.48,10.67,10.44,10.64,4411381.0
2021-03-03,10.65,10.67,10.49,10.5,2679762.0
2021-03-04,10.36,10.4,10.04,10.26,5443525.0
2021-03-05,10.27,10.29,10.02,10.08,2694429.0
2021-03-08,9.86,9.97,9.82,9.94,3194274.0
2021-03-09,9.89,10.05,9.84,9.97,2411074.0
2021-03-10,9.83,10.11,9.78,10.03,2787019.0
2021-03-11,9.96,10.08,9.85,9.97,3255079.0
2021-03-12,9.92,9.98,9.65,9.69,4700955.0
2021-03-15,9.42,9.43,9.26,9.35,5084026.0
2021-03-16,9.39,9.58,9.37,9.55,2825645.0
2021-03-17,9.47,9.51,9.3,9.43,3499759.0
2021-03-18,9.09,9.41,9.07,9.29,3451719.0
2021-03-19,9.2,9.49,9.18,9.49,2627907.0
2021-03-22,9.46,9.69,9.44,9.62,2691049.0
2021-03-23,9.54,9.61,9.4,9.42,2924651.0
2021-03-24,9.5,9.56,9.44,9.45,1276807.0
2021-03-25,9.5,9.69,9.4,9.64,2221261.0
2021-03-26,9.7,9.72,9.61,9.66,1527951.0
2021-03-29,9.66,9.79,9.52,9.73,1894396.0
2021-03-30,9.68,9.75,9.57,9.66,2045314.0
2021-03-31,9.55,9.66,9.49,9.58,1557421.0
2021-04-01,9.72,9.8,9.59,9.7,2717736.0
2021-04-05,9.51,9.51,9.17,9.25,3737909.0
2021-04-06,9.42,9.42,9.04,9.06,3809891.0
2021-04-07,9.19,9.38,9.16,9.25,2937318.0
2021-04-08,9.29,9.33,9.19,9.28,2481408.0
2021-04-09,9.38,9.39,9.27,9.28,1311799.0
2021-04-12,9.5,9.51,9.33,9.42,2429920.0
2021-04-13,9.57,9.72,9.56,9.65,2554594.0
2021-04-14,9.7,9.74,9.61,9.63,1396134.0
2021-04-15,9.6,9.87,9.55,9.8,2468687.0
2021-04-16,9.86,9.89,9.81,9.88,1218669.0
2021-04-19,9.94,10.11,9.93,10.09,2359871.0
2021-04-20,10.05,10.1,10.03,10.04,1521015.0
2021-04-21,9.91,9.97,9.85,9.95,1279289.0
2021-04-22,9.87,10.25,9.86,10.15,3369305.0
2021-04-23,10.11,10.19,10.06,10.06,1320464.0
2021-04-26,9.96,10.33,9.95,10.31,2304745.0
2021-04-27,10.42,10.56,10.42,10.52,3280476.0
2021-04-28,10.65,10.71,10.52,10.58,2259523.0
2021-04-29,10.6,10.61,10.33,10.42,1791784.0
2021-04-30,10.57,10.59,10.48,10.51,1172182.0
2021-05-03,10.55,10.66,10.5,10.63,1780598.0
2021-05-04,10.62,10.66,10.51,10.66,2020604.0
2021-05-05,10.65,10.67,10.44,10.56,1695619.0
2021-05-06,10.5,10.64,10.42,10.53,1588257.0
2021-05-07,10.49,10.71,10.41,10.59,3332004.0
2021-05-10,10.43,10.53,10.42,10.5,1583485.0
2021-05-11,10.34,10.63,10.33,10.59,1450811.0
2021-05-12,10.57,10.7,10.56,10.68,1988568.0
2021-05-13,10.55,10.74,10.52,10.65,1285713.0
2021-05-14,10.69,10.7,10.56,10.64,1401108.0
2021-05-17,11.16,11.28,11.09,11.16,4520785.0
2021-05-18,10.99,10.99,10.8,10.81,2209411.0
2021-05-19,10.7,10.75,10.57,10.67,2023544.0
2021-05-20,10.61,10.62,10.45,10.59,2676523.0
2021-05-21,10.46,10.51,10.42,10.46,1367558.0
2021-05-24,10.32,10.44,10.29,10.42,1757472.0
2021-05-25,10.49,10.54,10.4,10.54,1174172.0
2021-05-26,10.54,10.71,10.46,10.62,2577693.0
2021-05-27,10.55,10.6,10.25,10.41,1846929.0
2021-05-28,10.63,10.64,10.49,10.52,1639873.0
2021-06-01,10.92,11.08,10.87,10.92,3811254.0
2021-06-02,10.9,10.95,10.72,10.79,1290198.0
2021-06-03,10.73,10.82,10.67,10.76,1554338.0
2021-06-04,10.72,10.98,10.64,10.89,1389608.0
2021-06-07,10.73,10.86,10.72,10.82,1435831.0
2021-06-08,11.19,11.24,10.97,11.0,2641046.0
2021-06-09,11.12,11.14,10.99,11.09,1074741.0
2021-06-10,11.12,11.24,11.01,11.09,1367558.0
2021-06-11,11.45,11.7,11.44,11.54,4605365.0
2021-06-14,11.63,11.82,11.51,11.81,2095967.0
2021-06-15,11.72,11.78,11.3,11.3,2607518.0
2021-06-16,11.28,11.52,11.26,11.43,1183174.0
2021-06-17,11.29,11.47,11.22,11.42,1745444.0
2021-06-18,11.3,11.47,11.29,11.31,895697.0
2021-06-21,11.12,11.3,11.07,11.26,1457269.0
2021-06-22,11.45,11.51,11.4,11.47,1253599.0
2021-06-23,11.76,11.9,11.64,11.64,3023212.0
2021-06-24,11.67,12.09,11.65,12.01,2291484.0
2021-06-25,12.11,12.32,12.1,12.32,2437687.0
2021-06-28,12.6,12.76,12.53,12.57,4082069.0
2021-06-29,13.01,13.31,12.67,12.8,5633829.0
2021-06-30,12.96,13.32,12.59,13.08,3836589.0
2021-07-01,12.89,12.91,12.54,12.79,2808043.0
2021-07-02,12.82,13.07,12.76,12.91,2131534.0
2021-07-06,12.81,12.9,12.61,12.86,2216611.0
2021-07-07,12.59,12.62,12.3,12.54,3757722.0
2021-07-08,12.56,12.99,12.55,12.86,3738899.0
2021-07-09,12.93,13.01,12.82,12.89,1407971.0
2021-07-12,13.07,13.15,12.94,13.1,2052467.0
2021-07-13,12.89,13.0,12.83,12.91,1501455.0
2021-07-14,13.01,13.03,12.66,12.8,1769506.0
2021-07-15,12.75,12.87,12.59,12.65,2040090.0
2021-07-16,12.81,12.87,12.73,12.83,1571832.0
2021-07-19,13.12,13.19,12.94,13.15,3065325.0
2021-07-20,13.42,13.59,13.34,13.59,2519183.0
2021-07-21,13.63,13.83,13.62,13.67,1755348.0
2021-07-22,13.69,13.97,13.59,13.95,2395419.0
2021-07-23,13.97,14.21,13.95,14.07,1383203.0
2021-07-26,14.43,14.48,14.07,14.24,2833009.0
2021-07-27,14.04,14.08,13.74,13.74,2552207.0
2021-07-28,13.93,14.11,13.79,13.85,2112426.0
2021-07-29,14.0,14.36,13.95,14.19,2433275.0
2021-07-30,13.68,13.79,13.52,13.76,2333444.0
2021-08-02,13.97,14.17,13.77,13.86,1778293.0
2021-08-03,14.04,14.29,14.0,14.25,2163990.0
2021-08-04,14.41,14.75,14.41,14.57,2395464.0
2021-08-05,14.65,14.73,14.49,14.59,2152763.0
2021-08-06,14.55,14.69,14.43,14.48,1762291.0
2021-08-09,14.3,14.33,14.02,14.15,1810553.0
2021-08-10,14.35,14.46,14.26,14.39,1362764.0
2021-08-11,13.99,14.29,13.96,14.22,1670959.0
2021-08-12,14.05,14.15,13.67,13.71,3437780.0
2021-08-13,13.74,13.85,13.49,13.5,2071652.0
2021-08-16,13.79,13.97,13.78,13.85,1758063.0
2021-08-17,13.54,13.58,13.33,13.43,3128908.0
2021-08-18,13.51,13.55,13.28,13.39,2326214.0
2021-08-19,13.25,13.59,13.1,13.52,3161506.0
2021-08-20,13.78,13.83,13.45,13.48,1531608.0
2021-08-23,13.62,13.86,13.52,13.82,1535091.0
2021-08-24,13.74,13.78,13.63,13.67,1065097.0
2021-08-25,13.73,14.03,13.62,13.75,3512138.0
2021-08-26,14.0,14.82,13.99,14.7,7219828.0
2021-08-27,15.17,15.36,15.09,15.34,4383459.0
2021-08-30,14.87,15.16,14.74,15.09,3482929.0
2021-08-31,14.92,15.42,14.89,15.32,2628751.0
2021-09-01,15.55,16.42,15.53,16.1,8291632.0
2021-09-02,16.22,16.5,16.08,16.19,4940395.0
2021-09-03,16.38,16.46,16.26,16.42,2591445.0
2021-09-07,16.28,16.32,15.92,15.97,3221955.0
2021-09-08,16.91,17.48,16.78,17.18,11542665.0
2021-09-09,17.07,17.61,16.83,17.49,7144060.0
2021-09-10,17.47,17.47,17.15,17.35,4006763.0
2021-09-13,17.94,18.46,17.92,18.1,5350511.0
2021-09-14,18.42,18.64,18.17,18.47,6307056.0
2021-09-15,19.37,19.71,18.52,19.07,12056446.0
2021-09-16,18.81,18.92,18.28,18.47,9093800.0
2021-09-17,18.16,18.32,17.61,17.65,8333211.0
2021-09-20,17.71,18.02,17.11,17.25,6749316.0
2021-09-21,16.97,17.04,16.49,16.87,5752149.0
2021-09-22,16.73,16.96,16.64,16.65,3437729.0
2021-09-23,16.98,17.66,16.98,17.63,6490177.0
2021-09-24,17.74,18.14,17.46,18.08,4588296.0
2021-09-27,19.19,20.39,19.0,20.31,17725599.0
2021-09-28,20.55,21.11,19.54,20.14,30266493.0
2021-09-29,19.4,19.57,18.75,18.84,12423706.0
2021-09-30,19.13,20.39,19.01,20.16,25015241.0
2021-10-01,19.66,19.92,19.24,19.28,13522987.0
2021-10-04,20.47,20.96,19.89,20.39,17905862.0
2021-10-05,21.06,22.1,21.05,21.78,20113934.0
2021-10-06,20.36,20.47,19.58,19.75,20446428.0
2021-10-07,19.51,20.04,18.89,19.9,11556782.0
2021-10-08,19.55,19.67,19.2,19.38,8065331.0
2021-10-11,18.63,18.98,18.36,18.66,12272153.0
2021-10-12,18.35,19.1,18.27,18.86,10212059.0
2021-10-13,18.73,19.68,18.52,19.56,10247099.0
2021-10-14,20.05,20.57,19.38,19.61,8241247.0
2021-10-15,19.2,19.45,18.75,18.84,7174358.0
2021-10-18,18.23,18.34,17.42,17.45,12784665.0
2021-10-19,17.19,17.9,17.13,17.78,7258233.0
2021-10-20,17.4,18.32,17.34,18.17,6445839.0
2021-10-21,17.95,18.2,17.51,18.16,6656621.0
2021-10-22,18.56,18.67,17.92,18.38,6905652.0
2021-10-25,19.6,20.57,19.54,20.4,13778743.0
2021-10-26,19.43,20.24,19.15,19.94,11880088.0
2021-10-27,20.61,20.97,19.74,20.45,12225889.0
2021-10-28,19.72,19.98,19.09,19.28,10611414.0
2021-10-29,18.59,18.77,18.05,18.46,10713247.0
2021-11-01,17.66,17.91,17.09,17.39,10441715.0
2021-11-02,18.1,18.58,17.95,18.42,11094471.0
2021-11-03,18.57,19.45,18.44,19.44,8735556.0
2021-11-04,19.34,19.52,18.49,19.03,9106352.0
2021-11-05,18.55,18.84,18.37,18.76,6886329.0
2021-11-08,18.54,18.69,18.05,18.07,8691322.0
2021-11-09,17.05,17.22,16.41,16.56,15865814.0
2021-11-10,15.92,16.55,15.79,16.38,11222242.0
2021-11-11,16.54,17.28,16.37,17.12,9645175.0
2021-11-12,16.75,16.9,15.87,16.07,11173229.0
2021-11-15,16.32,16.89,16.11,16.79,9061858.0
2021-11-16,17.53,17.98,17.08,17.18,8484066.0
2021-11-17,16.56,16.75,16.07,16.3,7266699.0
2021-11-18,16.75,16.82,16.23,16.37,4704376.0
2021-11-19,16.54,17.16,16.29,16.73,8011024.0
2021-11-22,15.61,16.12,15.58,15.94,10112281.0
2021-11-23,16.52,16.86,16.34,16.73,7166003.0
2021-11-24,16.73,17.05,16.55,16.7,6394106.0
2021-11-26,17.53,17.54,16.78,17.44,6870732.0
2021-11-29,15.87,16.21,15.79,15.88,11368870.0
2021-11-30,14.79,15.36,14.69,15.08,14403825.0
2021-12-01,14.4,14.49,13.83,13.91,14244514.0
2021-12-02,14.0,14.13,13.25,13.46,13170770.0
2021-12-03,13.53,13.93,13.32,13.33,9746566.0
2021-12-06,12.21,12.29,11.9,12.05,13803641.0
2021-12-07,12.25,12.54,12.02,12.22,7695261.0
2021-12-08,12.78,12.78,12.47,12.5,7489717.0
2021-12-09,12.54,12.85,12.34,12.38,7236530.0
2021-12-10,12.69,12.98,12.53,12.71,7916308.0
2021-12-13,13.2,13.33,12.35,12.55,9872113.0
2021-12-14,12.35,12.51,12.09,12.45,6575584.0
2021-12-15,12.77,12.84,12.39,12.45,6576013.0
2021-12-16,12.69,12.8,12.21,12.34,6537643.0
2021-12-17,12.08,12.48,11.99,12.04,4762909.0
2021-12-20,12.6,12.76,12.33,12.51,5993149.0
2021-12-21,12.48,12.74,12.41,12.51,5285298.0
2021-12-22,12.92,13.06,12.7,12.72,4301675.0
2021-12-23,12.06,12.28,11.69,12.1,13514626.0
2021-12-27,12.48,13.19,12.47,13.04,11963180.0
2021-12-28,12.7,13.05,12.64,12.94,5768076.0
2021-12-29,13.06,13.27,12.67,12.74,8275045.0
2021-12-30,12.48,12.54,11.76,11.92,11827167.0
2021-12-31,12.3,12.59,12.04,12.49,7480782.0
2022-01-03,12.45,12.81,12.09,12.77,6616315.0
2022-01-04,12.72,12.78,12.32,12.44,7533694.0
2022-01-05,12.74,12.93,12.5,12.8,6077642.0
2022-01-06,12.79,12.88,12.64,12.8,5870751.0
2022-01-07,12.93,13.21,12.85,13.02,6976068.0
2022-01-10,13.69,13.81,13.21,13.74,10971561.0
2022-01-11,13.48,14.14,13.4,14.07,7237153.0
2022-01-12,15.22,16.19,15.02,15.97,18874317.0
2022-01-13,14.91,15.06,14.15,14.2,13727200.0
2022-01-14,13.96,14.31,13.86,14.17,6084144.0
2022-01-18,14.39,14.48,14.04,14.33,7554723.0
2022-01-19,14.29,14.3,13.42,13.45,9827408.0
2022-01-20,13.04,13.1,12.71,12.83,7701668.0
2022-01-21,13.03,13.4,12.88,13.1,9521374.0
2022-01-24,13.38,13.7,13.27,13.32,6377281.0
2022-01-25,13.49,13.71,13.34,13.57,4754512.0
2022-01-26,14.47,14.49,13.91,13.98,9840112.0
2022-01-27,14.25,15.46,14.16,15.2,14575307.0
2022-01-28,16.72,16.98,16.05,16.27,20170119.0
2022-01-31,16.94,17.41,16.43,17.01,11493029.0
2022-02-01,16.65,17.12,16.27,17.1,9516050.0
2022-02-02,18.67,19.5,18.39,18.98,21588585.0
2022-02-03,16.97,17.57,16.87,17.24,11206210.0
2022-02-04,16.81,17.16,15.71,15.84,10684880.0
2022-02-07,15.06,15.22,14.42,14.99,11987093.0
2022-02-08,15.09,15.27,14.67,14.72,6912866.0
2022-02-09,14.15,14.22,13.94,14.05,8770681.0
2022-02-10,13.74,14.0,13.59,13.89,6474727.0
2022-02-11,13.62,14.14,13.57,13.95,16822938.0
2022-02-14,14.28,14.73,14.21,14.55,7830047.0
2022-02-15,15.02,15.2,14.65,15.12,8178818.0
2022-02-16,15.51,16.17,15.43,15.82,11166427.0
2022-02-17,15.82,16.1,15.3,15.67,5711387.0
2022-02-18,16.08,16.09,15.32,15.41,10268403.0
2022-02-22,15.99,16.16,15.53,15.67,8251062.0
2022-02-23,16.01,16.5,15.97,16.12,8707353.0
2022-02-24,16.98,17.23,16.18,16.29,13132468.0
2022-02-25,15.95,16.04,15.55,15.82,7356358.0
2022-02-28,15.75,15.85,15.38,15.46,6295357.0
2022-03-01,15.71,16.3,15.66,16.11,7289249.0
2022-03-02,16.83,17.29,16.38,17.02,9644824.0
2022-03-03,16.48,16.99,16.29,16.64,8992163.0
2022-03-04,17.01,17.76,16.99,17.34,9705884.0
2022-03-07,17.47,17.55,16.83,16.95,8366363.0
2022-03-08,16.09,16.55,15.88,16.07,11524705.0
2022-03-09,16.01,16.15,15.82,15.91,8281338.0
2022-03-10,16.1,16.45,16.02,16.32,3917868.0
2022-03-11,16.68,16.89,16.46,16.79,4047776.0
2022-03-14,16.47,16.54,16.06,16.47,4484496.0
2022-03-15,15.81,16.3,15.69,16.21,3485601.0
2022-03-16,16.59,16.79,16.32,16.69,4562298.0
2022-03-17,17.1,17.56,17.07,17.37,5633430.0
2022-03-18,17.36,17.36,17.02,17.22,4318403.0
2022-03-21,16.83,17.48,16.72,17.44,3100932.0
2022-03-22,17.98,18.3,17.7,18.09,5260768.0
2022-03-23,18.49,18.63,17.95,18.03,5144700.0
2022-03-24,18.22,19.22,17.85,18.97,8103333.0
2022-03-25,19.54,19.61,19.11,19.49,7890727.0
2022-03-28,19.19,19.55,19.16,19.22,5065239.0
2022-03-29,19.15,19.17,18.57,18.6,5945482.0
2022-03-30,18.99,19.62,18.96,19.38,6668134.0
2022-03-31,19.67,20.35,19.61,19.72,10021071.0
2022-04-01,19.7,20.16,19.55,19.92,5626362.0
2022-04-04,20.09,20.43,19.82,20.05,5924515.0
2022-04-05,20.75,21.63,20.74,21.06,11207629.0
2022-04-06,21.85,22.19,20.94,21.23,15792891.0
2022-04-07,21.25,22.47,20.94,22.37,16887091.0
2022-04-08,22.44,22.54,21.83,22.09,8525220.0
2022-04-11,22.96,23.34,22.68,23.3,8740857.0
2022-04-12,23.43,24.23,23.04,23.4,13249107.0
2022-04-13,23.7,24.74,23.66,24.62,12567822.0
2022-04-14,24.48,25.64,24.27,25.6,13428283.0
2022-04-18,26.39,28.15,26.39,27.13,20214565.0
2022-04-19,25.08,25.3,24.22,24.99,15925186.0
2022-04-20,24.79,24.9,23.68,24.0,10812078.0
2022-04-21,24.68,24.87,23.47,24.2,9843297.0
2022-04-22,23.88,24.15,22.55,22.7,8554132.0
2022-04-25,22.73,24.42,22.7,24.22,10221135.0
2022-04-26,24.13,24.54,23.33,23.82,12981090.0
2022-04-27,24.54,25.81,24.34,25.19,11582800.0
2022-04-28,24.57,24.68,23.63,23.85,7428567.0
2022-04-29,24.37,25.18,24.09,25.0,6606254.0
2022-05-02,25.41,26.07,25.29,26.0,4978448.0
2022-05-03,27.31,28.05,26.75,26.79,8094971.0
2022-05-04,28.78,29.1,28.37,29.01,7038052.0
2022-05-05,28.69,30.24,27.87,30.1,9567531.0
2022-05-06,29.29,29.34,27.33,27.68,10416389.0
2022-05-09,26.18,26.21,23.92,24.31,11750661.0
2022-05-10,23.19,25.63,23.17,24.79,13676726.0
2022-05-11,26.08,26.51,25.85,26.38,6614623.0
2022-05-12,25.63,26.74,25.54,26.48,5526084.0
2022-05-13,26.8,26.81,25.81,26.27,4416900.0
2022-05-16,27.75,28.06,26.33,27.4,6209206.0
2022-05-17,28.39,28.69,27.89,28.44,5639921.0
2022-05-18,28.84,29.09,28.13,28.49,4903227.0
2022-05-19,28.2,29.13,27.91,27.98,4421212.0
2022-05-20,27.48,28.1,27.45,27.73,5513314.0
2022-05-23,27.91,30.21,27.83,30.07,7068806.0
2022-05-24,30.0,30.29,29.53,30.12,5653171.0
2022-05-25,31.3,31.99,30.11,30.53,8696771.0
2022-05-26,30.67,32.03,29.26,29.73,8043970.0
2022-05-27,28.51,29.86,28.11,29.58,6835944.0
2022-05-31,28.97,29.13,27.54,27.91,7499887.0
2022-06-01,28.95,29.82,28.69,29.79,8712179.0
2022-06-02,30.38,30.45,28.43,28.79,8087511.0
2022-06-03,28.92,29.17,28.46,28.96,4757336.0
2022-06-06,30.96,31.87,30.6,31.73,7857780.0
2022-06-07,31.55,31.99,31.31,31.72,6097100.0
2022-06-08,32.18,32.77,28.6,29.41,14715964.0
2022-06-09,27.4,30.62,27.2,30.37,11616762.0
2022-06-10,29.69,30.28,29.24,29.72,5912526.0
2022-06-13,30.11,30.22,28.43,29.41,6762432.0
2022-06-14,26.81,26.93,23.76,24.72,18337313.0
2022-06-15,25.62,26.09,24.78,25.45,5054616.0
2022-06-16,26.79,27.17,24.84,25.27,6571956.0
2022-06-17,24.92,25.05,23.2,23.68,7169779.0
2022-06-21,22.72,23.63,22.5,23.2,6257413.0
2022-06-22,22.8,23.63,22.64,23.21,3220155.0
2022-06-23,22.93,23.09,21.22,21.34,5976978.0
2022-06-24,21.13,21.76,20.9,21.29,4388793.0
2022-06-27,20.81,22.43,20.79,22.11,5704148.0
2022-06-28,22.59,22.91,22.04,22.65,6219467.0
2022-06-29,22.85,23.06,21.86,21.87,5301785.0
2022-06-30,22.18,22.44,18.28,19.01,14379652.0
2022-07-01,19.87,20.11,19.18,19.31,6366082.0
2022-07-05,18.99,19.52,18.35,18.66,7106996.0
2022-07-06,19.02,19.11,18.3,18.85,3963895.0
2022-07-07,19.68,21.7,19.5,21.14,9116439.0
2022-07-08,21.01,21.43,20.46,20.57,4139553.0
2022-07-11,22.48,22.6,21.62,22.03,6159833.0
2022-07-12,22.52,22.61,20.46,21.21,9950296.0
2022-07-13,22.21,23.13,21.84,22.43,6428387.0
2022-07-14,23.1,23.34,22.26,22.7,5116315.0
2022-07-15,22.61,24.28,22.32,24.24,3955898.0
2022-07-18,24.99,25.71,24.92,25.34,4665531.0
2022-07-19,24.53,25.3,24.39,24.93,5010917.0
2022-07-20,25.45,27.33,24.96,26.78,6462592.0
2022-07-21,26.5,27.75,26.11,27.02,5045307.0
2022-07-22,27.86,28.58,27.77,28.3,6494874.0
2022-07-25,28.69,30.02,28.34,29.71,6470597.0
2022-07-26,31.48,31.52,29.87,30.12,12077181.0
2022-07-27,29.89,30.17,28.78,29.74,6708922.0
2022-07-28,29.54,30.55,27.95,28.34,7022729.0
2022-07-29,28.71,28.84,27.62,28.62,7341860.0
2022-08-01,27.17,28.62,26.88,28.5,10406067.0
2022-08-02,27.01,27.36,26.3,26.41,9028850.0
2022-08-03,26.41,29.23,26.06,28.53,12917270.0
2022-08-04,28.03,28.38,26.95,28.17,9455610.0
2022-08-05,27.63,28.44,27.45,27.57,4409765.0
2022-08-08,26.46,26.85,26.01,26.28,4901358.0
2022-08-09,26.83,27.22,26.52,26.96,4863230.0
2022-08-10,27.01,28.51,26.83,28.39,8840907.0
2022-08-11,29.09,31.01,28.49,30.11,8221728.0
2022-08-12,30.51,30.76,29.9,30.26,4880687.0
2022-08-15,29.18,30.82,28.98,30.56,6417772.0
2022-08-16,31.8,32.47,31.14,32.27,8236710.0
2022-08-17,32.63,32.65,31.46,31.88,5279917.0
2022-08-18,31.88,33.31,30.72,31.76,10308811.0
2022-08-19,31.36,32.37,31.22,32.05,5541236.0
2022-08-22,33.89,33.93,32.55,33.79,6472093.0
2022-08-23,34.05,34.5,31.18,32.01,12074661.0
2022-08-24,31.87,32.53,31.33,31.86,7358837.0
2022-08-25,32.21,32.48,31.62,32.3,4212272.0
2022-08-26,32.91,33.34,31.69,31.99,5427251.0
2022-08-29,31.7,33.02,31.52,31.94,5477886.0
2022-08-30,31.19,31.74,30.64,31.4,4758033.0
2022-08-31,30.83,32.09,30.56,31.65,5493397.0
2022-09-01,32.03,32.47,31.54,31.74,6050066.0
2022-09-02,31.12,31.14,29.81,30.71,9439385.0
2022-09-06,28.85,29.38,27.08,27.8,7922403.0
2022-09-07,27.53,27.83,26.96,27.01,6036811.0
2022-09-08,27.6,27.9,27.2,27.53,4290721.0
2022-09-09,27.74,27.91,27.29,27.89,3626719.0
2022-09-12,27.71,29.07,27.71,29.01,5225521.0
2022-09-13,28.75,29.24,28.2,29.13,4251916.0
2022-09-14,30.41,31.94,29.93,31.45,7019510.0
2022-09-15,29.3,29.54,28.38,28.66,6455346.0
2022-09-16,27.68,27.91,26.72,26.95,4494348.0
2022-09-19,26.44,27.4,26.39,27.35,4225965.0
2022-09-20,26.93,27.64,26.49,26.67,2754104.0
2022-09-21,27.46,27.46,26.18,26.97,3152640.0
2022-09-22,26.53,26.62,24.66,25.15,3617392.0
2022-09-23,23.75,24.73,23.62,24.07,7077600.0
2022-09-26,23.33,24.36,23.03,24.21,4823307.0
2022-09-27,23.57,24.26,23.19,23.41,5856342.0
2022-09-28,23.0,24.18,22.77,24.09,4626560.0
2022-09-29,23.35,24.01,22.65,23.7,4626621.0
2022-09-30,23.28,24.23,23.08,23.38,4234688.0
2022-10-03,22.27,22.53,21.7,22.46,5890177.0
2022-10-04,22.7,23.69,22.6,23.49,5410377.0
2022-10-05,23.97,24.05,23.56,23.94,4762064.0
2022-10-06,24.21,24.52,23.64,23.84,4687088.0
2022-10-07,23.44,23.83,22.88,22.94,4410606.0
2022-10-10,23.56,23.74,22.07,22.45,5137561.0
2022-10-11,22.69,22.97,22.1,22.62,3948196.0
2022-10-12,23.15,23.28,22.04,22.11,4331531.0
2022-10-13,22.29,23.32,21.98,23.04,4424208.0
2022-10-14,22.62,22.7,22.14,22.36,3089710.0
2022-10-17,20.82,21.17,20.62,20.84,5546150.0
2022-10-18,20.93,21.14,19.86,20.04,5150037.0
2022-10-19,19.37,19.63,19.05,19.07,6051835.0
2022-10-20,18.81,19.26,18.59,18.83,6589793.0
2022-10-21,17.86,18.01,17.41,17.82,8087526.0
2022-10-24,18.09,18.86,18.08,18.58,7506929.0
2022-10-25,18.95,20.01,18.85,20.0,8156608.0
2022-10-26,19.1,19.99,19.09,19.83,7457346.0
2022-10-27,19.43,19.72,18.43,18.91,6655502.0
2022-10-28,18.36,18.74,17.91,18.69,6506680.0
2022-10-31,20.27,20.58,19.65,20.38,8796646.0
2022-11-01,19.33,19.42,18.14,18.84,9425421.0
2022-11-02,19.82,20.34,19.55,19.91,5164043.0
2022-11-03,19.63,19.9,18.98,19.1,5412704.0
2022-11-04,19.7,21.02,19.07,20.82,7693309.0
2022-11-07,22.53,23.32,21.22,21.7,9882163.0
2022-11-08,20.62,20.62,19.59,20.2,9104983.0
2022-11-09,18.91,19.47,18.47,19.16,9140694.0
2022-11-10,19.61,20.22,19.22,19.88,5869374.0
2022-11-11,20.42,21.0,18.67,19.16,11761355.0
2022-11-14,20.57,20.69,19.04,19.52,11553496.0
2022-11-15,19.13,19.82,18.87,19.77,7565435.0
2022-11-16,18.84,20.18,18.58,20.09,9214300.0
2022-11-17,20.59,21.05,20.1,20.6,6264944.0
2022-11-18,19.7,20.79,19.68,20.56,8555685.0
2022-11-21,21.28,22.15,21.22,21.79,5274162.0
2022-11-22,21.62,23.0,21.43,22.85,5699191.0
2022-11-23,24.62,24.63,23.11,23.51,7900309.0
2022-11-25,23.05,23.61,22.62,22.7,3097320.0
2022-11-28,21.53,22.5,21.5,22.36,6604284.0
2022-11-29,22.05,22.6,21.61,22.14,4935401.0
2022-11-30,22.15,22.18,20.75,21.22,7086027.0
2022-12-01,21.65,21.86,20.45,20.87,7280011.0
2022-12-02,19.75,20.36,18.97,19.08,11159858.0
2022-12-05,17.74,17.89,17.01,17.1,13770115.0
2022-12-06,16.85,17.18,16.3,16.39,8659493.0
2022-12-07,17.12,17.83,16.47,17.74,9238743.0
2022-12-08,17.86,18.79,17.78,18.25,5940917.0
2022-12-09,19.27,19.48,18.49,19.26,9318760.0
2022-12-12,20.92,21.01,19.83,19.91,7720504.0
2022-12-13,21.29,21.67,20.75,21.27,8569183.0
2022-12-14,20.1,20.34,19.34,19.47,7760399.0
2022-12-15,20.17,21.33,19.72,20.92,8091838.0
2022-12-16,19.71,20.41,19.64,20.1,6008692.0
2022-12-19,18.57,18.82,17.9,18.0,7425731.0
2022-12-20,16.83,16.92,16.41,16.61,9299717.0
2022-12-21,17.11,17.24,16.45,16.85,6575683.0
2022-12-22,16.51,16.93,15.6,15.81,11102011.0
2022-12-23,15.35,16.32,15.33,15.91,8251871.0
2022-12-27,16.1,16.37,15.88,16.12,7002831.0
2022-12-28,14.81,15.12,14.19,15.05,9975907.0
2022-12-29,14.42,14.62,14.06,14.54,7778060.0
2022-12-30,14.05,14.44,13.92,14.1,8251002.0
2023-01-03,12.81,13.08,12.41,12.78,10194859.0
2023-01-04,12.98,13.41,12.73,13.23,6284683.0
2023-01-05,12.18,12.29,11.62,11.96,17839792.0
2023-01-06,11.86,12.21,11.67,11.89,13347057.0
2023-01-09,12.32,13.13,12.25,12.43,12539318.0
2023-01-10,11.69,11.86,11.29,11.43,15233029.0
2023-01-11,11.59,11.79,10.89,11.72,21107193.0
2023-01-12,12.46,12.55,11.68,11.76,11345707.0
2023-01-13,11.29,11.55,10.78,11.03,14352743.0
2023-01-17,11.62,11.79,11.25,11.55,16880396.0
2023-01-18,10.83,11.08,10.58,10.62,19058392.0
2023-01-19,10.71,10.85,10.47,10.51,12918119.0
2023-01-20,10.69,10.87,10.18,10.26,15199318.0
2023-01-23,10.59,11.06,10.21,11.01,20385642.0
2023-01-24,10.77,10.87,10.36,10.49,10275550.0
2023-01-25,10.16,10.26,9.81,9.81,20197116.0
2023-01-26,9.31,9.78,9.15,9.62,36943798.0
2023-01-27,9.71,9.92,9.45,9.81,18939203.0
2023-01-30,9.31,9.46,9.09,9.12,26854935.0
2023-01-31,9.03,9.39,8.98,9.32,27376155.0
2023-02-01,8.91,9.0,8.41,8.5,48668678.0
2023-02-02,8.62,8.86,8.3,8.38,29182254.0
2023-02-03,8.29,8.34,8.0,8.19,33446793.0
2023-02-06,8.26,8.52,8.08,8.5,21097691.0
2023-02-07,8.51,8.92,8.49,8.87,26046779.0
2023-02-08,8.65,8.74,8.09,8.23,28754904.0
2023-02-09,8.28,8.63,8.17,8.35,22103570.0
2023-02-10,8.39,8.81,8.33,8.79,22342201.0
2023-02-13,8.39,8.62,8.14,8.33,30327250.0
2023-02-14,8.59,8.9,8.55,8.85,22162112.0
2023-02-15,8.59,8.77,8.36,8.42,20433099.0
2023-02-16,8.53,8.54,8.11,8.26,24822952.0
2023-02-17,7.86,7.92,7.6,7.76,39470283.0
2023-02-21,7.4,7.46,7.14,7.21,41186490.0
2023-02-22,7.48,8.0,7.41,7.58,37224600.0
2023-02-23,7.91,8.21,7.66,8.07,33600395.0
2023-02-24,8.32,8.52,8.11,8.49,28601649.0
2023-02-27,8.9,9.04,8.62,8.96,30685904.0
2023-02-28,8.91,9.16,8.48,9.12,23041635.0
2023-03-01,8.89,9.37,8.86,9.3,22075049.0
2023-03-02,9.36,9.38,8.95,9.17,18609932.0
2023-03-03,9.34,9.99,9.25,9.88,34428009.0
2023-03-06,8.7,8.77,8.37,8.65,34733384.0
2023-03-07,8.69,8.91,8.57,8.77,16635328.0
2023-03-08,8.7,8.72,8.33,8.58,19305177.0
2023-03-09,8.64,8.72,8.16,8.24,20318876.0
2023-03-10,8.26,8.37,8.02,8.04,17601886.0
2023-03-13,8.3,8.69,8.24,8.65,22356325.0
2023-03-14,8.59,8.68,8.37,8.57,15186824.0
2023-03-15,8.15,8.24,7.89,8.1,22004783.0
2023-03-16,8.16,8.4,8.1,8.34,14388193.0
2023-03-17,7.97,8.02,7.71,7.8,19753324.0
2023-03-20,7.69,7.71,7.36,7.46,22264304.0
2023-03-21,7.18,7.88,7.16,7.73,30304388.0
2023-03-22,7.64,7.73,7.24,7.38,21057657.0
2023-03-23,7.34,7.54,7.16,7.18,21447436.0
2023-03-24,7.38,7.53,7.28,7.33,17531445.0
2023-03-27,7.16,7.19,6.91,7.07,30373115.0
2023-03-28,6.92,7.12,6.78,6.83,28643159.0
2023-03-29,6.75,7.04,6.67,6.9,29533607.0
2023-03-30,6.75,6.85,6.58,6.68,31694974.0
2023-03-31,6.9,7.09,6.85,6.94,28940928.0
2023-04-03,6.71,6.79,6.58,6.71,33329789.0
2023-04-04,6.66,6.73,6.58,6.61,25933761.0
2023-04-05,6.94,6.94,6.69,6.79,23042883.0
2023-04-06,6.74,6.77,6.32,6.41,35789381.0
2023-04-10,6.84,7.04,6.77,6.85,37534927.0
2023-04-11,6.92,7.06,6.74,7.06,21231013.0
2023-04-12,6.87,6.95,6.57,6.65,29421804.0
2023-04-13,6.57,6.57,6.34,6.41,29300012.0
2023-04-14,6.34,6.74,6.27,6.69,29563794.0
2023-04-17,7.14,7.19,7.04,7.13,33167607.0
2023-04-18,7.21,7.38,7.08,7.35,21286605.0
2023-04-19,7.02,7.1,6.91,6.99,27589524.0
2023-04-20,6.96,7.11,6.76,7.02,22602709.0
2023-04-21,7.04,7.11,6.95,7.0,17566474.0
2023-04-24,6.99,7.26,6.96,7.19,20784462.0
2023-04-25,7.09,7.15,6.98,7.0,18264145.0
2023-04-26,6.75,6.79,6.65,6.76,21653629.0
2023-04-27,6.86,6.94,6.69,6.88,16422369.0
2023-04-28,6.95,7.09,6.87,7.01,21663712.0
2023-05-01,6.93,6.94,6.69,6.76,16542218.0
2023-05-02,6.59,6.59,6.39,6.49,22864765.0
2023-05-03,6.29,6.38,6.15,6.31,26562742.0
2023-05-04,6.28,6.29,6.1,6.11,31324643.0
2023-05-05,6.2,6.34,6.16,6.17,22407288.0
2023-05-08,6.49,6.57,6.37,6.53,19426611.0
2023-05-09,6.63,6.68,6.47,6.63,13026891.0
2023-05-10,6.44,6.53,6.32,6.4,14894562.0
2023-05-11,6.47,6.6,6.34,6.39,12122978.0
2023-05-12,6.44,6.83,6.41,6.64,20196712.0
2023-05-15,6.84,6.97,6.78,6.94,20058519.0
2023-05-16,7.12,7.19,6.85,6.86,16604120.0
2023-05-17,6.8,7.0,6.77,6.9,13182837.0
2023-05-18,6.93,7.54,6.84,7.48,31606269.0
2023-05-19,7.61,7.72,7.39,7.46,21706006.0
2023-05-22,7.13,7.13,6.9,7.0,19040187.0
2023-05-23,6.87,7.01,6.82,6.88,14755156.0
2023-05-24,7.02,7.06,6.94,7.06,11208374.0
2023-05-25,6.97,7.04,6.66,6.76,18320738.0
2023-05-26,6.61,6.77,6.53,6.64,17040605.0
2023-05-30,6.37,6.41,6.2,6.33,24161915.0
2023-05-31,6.55,6.58,6.17,6.2,23437045.0
2023-06-01,5.99,6.03,5.87,5.94,32382787.0
2023-06-02,6.02,6.13,5.94,5.98,20724530.0
2023-06-05,6.3,6.36,6.1,6.18,16848893.0
2023-06-06,6.15,6.29,6.11,6.21,13155204.0
2023-06-07,6.36,6.44,6.23,6.39,16144705.0
2023-06-08,6.31,6.53,6.25,6.42,15571163.0
2023-06-09,6.24,6.36,6.18,6.22,13584572.0
2023-06-12,6.13,6.26,6.06,6.24,15421942.0
2023-06-13,6.48,6.49,6.34,6.42,13207755.0
2023-06-14,6.45,6.49,6.36,6.45,9218969.0
2023-06-15,6.68,7.05,6.64,7.02,35875870.0
2023-06-16,7.04,7.29,6.93,7.19,19059021.0
2023-06-20,7.2,7.26,6.84,6.85,19146238.0
2023-06-21,6.86,7.14,6.85,7.14,16799720.0
2023-06-22,7.14,7.22,6.97,7.17,14914154.0
2023-06-23,7.0,7.6,6.99,7.55,25414198.0
2023-06-26,7.73,7.83,7.58,7.7,18604220.0
2023-06-27,7.59,7.7,7.36,7.47,16936017.0
2023-06-28,7.46,7.46,7.07,7.09,28324006.0
2023-06-29,7.05,7.32,7.04,7.18,21559097.0
2023-06-30,7.15,7.54,7.11,7.42,24644463.0
2023-07-03,7.22,7.26,7.12,7.24,9505767.0
2023-07-05,7.38,7.4,7.08,7.11,13352196.0
2023-07-06,7.09,7.18,6.9,7.04,19657813.0
2023-07-07,6.98,7.14,6.78,6.86,21940574.0
2023-07-10,7.08,7.19,7.02,7.11,20667551.0
2023-07-11,7.18,7.34,7.16,7.3,13136867.0
2023-07-12,7.09,7.15,7.0,7.08,20751953.0
2023-07-13,6.99,7.08,6.79,6.82,21314386.0
2023-07-14,6.94,6.95,6.66,6.79,19994965.0
2023-07-17,6.72,6.82,6.64,6.77,11151709.0
2023-07-18,6.94,7.07,6.89,7.0,20755808.0
2023-07-19,7.02,7.09,6.92,7.0,14089946.0
2023-07-20,7.26,7.4,7.22,7.28,25649144.0
2023-07-21,7.24,7.32,7.2,7.27,12871137.0
2023-07-24,7.18,7.31,7.14,7.24,14154165.0
2023-07-25,7.22,7.44,7.2,7.34,14676035.0
2023-07-26,7.17,7.26,7.12,7.22,13969148.0
2023-07-27,7.08,7.12,6.85,7.0,25766144.0
2023-07-28,7.14,7.15,6.97,7.09,15668315.0
2023-07-31,7.05,7.11,7.01,7.11,11383146.0
2023-08-01,6.83,6.93,6.81,6.92,14803389.0
2023-08-02,6.73,6.75,6.6,6.67,19585162.0
2023-08-03,6.83,6.95,6.76,6.88,17640239.0
2023-08-04,7.0,7.01,6.87,6.95,13807978.0
2023-08-07,7.24,7.4,7.21,7.4,20247331.0
2023-08-08,7.37,7.52,7.31,7.52,17957544.0
2023-08-09,8.05,8.08,7.83,7.97,32562609.0
2023-08-10,7.73,7.77,7.39,7.48,26214841.0
2023-08-11,7.28,7.5,7.27,7.49,15295491.0
2023-08-14,7.47,7.54,7.39,7.52,9918234.0
2023-08-15,7.27,7.28,7.12,7.17,20768100.0
2023-08-16,7.06,7.06,6.92,7.0,14039370.0
2023-08-17,7.09,7.18,7.03,7.07,9279995.0
2023-08-18,6.93,7.0,6.86,6.94,13248491.0
2023-08-21,7.05,7.09,6.95,6.97,12907550.0
2023-08-22,6.98,7.0,6.74,6.78,15795788.0
2023-08-23,6.72,6.74,6.59,6.61,22490811.0
2023-08-24,6.57,6.87,6.49,6.74,26574348.0
2023-08-25,6.68,6.87,6.63,6.86,14868932.0
2023-08-28,7.18,7.18,6.8,6.85,25959521.0
2023-08-29,6.84,6.9,6.72,6.86,16631449.0
2023-08-30,6.96,7.2,6.92,7.2,18377128.0
2023-08-31,7.08,7.35,6.95,7.11,21382120.0
2023-09-01,7.23,7.34,7.05,7.05,14625613.0
2023-09-05,6.66,6.73,6.59,6.65,24934213.0
2023-09-06,6.45,6.53,6.42,6.48,20322012.0
2023-09-07,6.43,6.71,6.42,6.65,21814052.0
2023-09-08,6.7,6.79,6.64,6.71,15526888.0
2023-09-11,6.63,6.78,6.63,6.71,11435143.0
2023-09-12,6.83,7.14,6.73,7.05,31639039.0
2023-09-13,6.9,7.13,6.78,6.95,23741041.0
2023-09-14,7.08,7.16,6.91,6.93,23651500.0
2023-09-15,6.91,6.98,6.78,6.81,12730323.0
2023-09-18,6.86,6.99,6.81,6.95,14424340.0
2023-09-19,7.0,7.13,6.94,7.03,19074970.0
2023-09-20,6.78,6.85,6.76,6.79,14289451.0
2023-09-21,6.8,6.87,6.58,6.62,24893931.0
2023-09-22,6.68,6.72,6.61,6.7,11584363.0
2023-09-25,6.74,6.83,6.69,6.74,11561901.0
2023-09-26,6.61,6.72,6.57,6.61,16065107.0
2023-09-27,6.67,6.85,6.67,6.72,13072807.0
2023-09-28,6.84,6.93,6.75,6.84,15675820.0
2023-09-29,6.73,6.93,6.73,6.83,15416410.0
2023-10-02,6.71,6.77,6.6,6.63,15984240.0
2023-10-03,6.74,6.9,6.7,6.86,15964447.0
2023-10-04,7.08,7.1,6.87,6.98,18323957.0
2023-10-05,7.05,7.45,7.04,7.41,28999744.0
2023-10-06,7.46,7.83,7.43,7.74,32644830.0
2023-10-09,7.79,7.93,7.74,7.88,18868645.0
2023-10-10,7.9,7.94,7.77,7.9,14983294.0
2023-10-11,7.67,7.95,7.51,7.9,22739407.0
2023-10-12,7.78,7.98,7.72,7.8,16663197.0
2023-10-13,7.58,7.63,7.48,7.5,15457959.0
2023-10-16,7.3,7.35,7.14,7.28,22882813.0
2023-10-17,7.21,7.25,7.09,7.18,15684059.0
2023-10-18,7.33,7.34,7.15,7.18,10158490.0
2023-10-19,7.15,7.18,6.9,6.91,19591171.0
2023-10-20,6.78,6.83,6.75,6.78,16397913.0
2023-10-23,6.77,6.85,6.74,6.81,12179002.0
2023-10-24,6.8,6.96,6.76,6.96,11467793.0
2023-10-25,7.0,7.08,6.92,7.07,12660818.0
2023-10-26,7.07,7.3633,7.03,7.31,24368779.0
2023-10-27,7.42,7.44,7.18,7.2,20049419.0
2023-10-30,6.95,7.03,6.92,6.95,12982844.0
2023-10-31,7.255,7.55,7.24,7.5,23485939.0
2023-11-01,7.165,7.4,7.13,7.27,16050693.0
2023-11-02,7.14,7.3,7.1,7.29,12742180.0
2023-11-03,7.28,7.44,7.25,7.26,9169068.0
2023-11-06,6.92,6.96,6.76,6.82,23606241.0
2023-11-07,6.485,6.6399,6.47,6.61,24170164.0
2023-11-08,6.46,6.615,6.36,6.54,28858429.0
2023-11-09,6.42,6.4399,6.3,6.34,24270157.0
2023-11-10,6.35,6.359,6.29,6.33,14624807.0
2023-11-13,6.58,6.76,6.51,6.72,22924155.0
2023-11-14,6.5601,6.67,6.43,6.46,22072308.0
2023-11-15,6.63,6.795,6.55,6.56,19981465.0
2023-11-16,6.57,6.62,6.3,6.37,24489810.0
2023-11-17,6.14,6.18,6.04,6.16,29569888.0
2023-11-20,6.0,6.1,5.99,5.99,18022473.0
2023-11-21,5.95,6.05,5.87,5.89,16621636.0
2023-11-22,5.89,6.01,5.83,5.98,14986835.0
2023-11-24,5.84,5.97,5.81,5.91,10472885.0
2023-11-27,5.75,5.81,5.68,5.8,17391998.0
2023-11-28,5.7,5.79,5.5,5.52,33578614.0
2023-11-29,5.63,5.65,5.5,5.51,22943820.0
2023-11-30,5.57,5.6,5.44,5.52,17843858.0
2023-12-01,5.45,5.6,5.4301,5.45,14811118.0
2023-12-04,5.28,5.35,5.22,5.34,21958265.0
2023-12-05,5.47,5.49,5.27,5.34,14846525.0
2023-12-06,5.35,5.37,5.01,5.06,32342808.0
2023-12-07,5.05,5.17,4.97,5.07,21982579.0
2023-12-08,5.08,5.14,5.0,5.02,15711006.0
2023-12-11,4.59,4.8299,4.53,4.81,40660219.0
2023-12-12,4.649,4.72,4.5,4.52,26690476.0
2023-12-13,4.52,4.7,4.51,4.6,23054394.0
2023-12-14,4.64,4.77,4.59,4.76,22611385.0
2023-12-15,4.85,4.99,4.79,4.83,25831011.0
2023-12-18,5.05,5.06,4.875,4.89,19647430.0
2023-12-19,4.71,4.92,4.63,4.9,21818375.0
2023-12-20,4.82,4.87,4.68,4.7,17785448.0
2023-12-21,4.84,5.04,4.785,4.99,22491824.0
2023-12-22,4.9,5.06,4.89,5.04,13562811.0
2023-12-26,4.89,4.94,4.83,4.93,20585584.0
2023-12-27,5.1,5.2,4.92,4.95,22336899.0
2023-12-28,5.1,5.21,5.0773,5.14,22433998.0
2023-12-29,5.1,5.18,5.04,5.07,14577069.0
2024-01-02,5.24,5.26,5.11,5.19,18403471.0
2024-01-03,5.42,5.51,5.32,5.44,26884864.0
2024-01-04,5.72,5.8,5.55,5.77,44520340.0
2024-01-05,5.481,5.88,5.47,5.84,34001212.0
2024-01-08,5.56,6.1,5.5,6.01,36504583.0
2024-01-09,6.39,6.87,6.15,6.48,85236199.0
2024-01-10,6.2,6.305,5.9901,6.15,50393698.0
2024-01-11,6.14,6.55,6.03,6.29,53684518.0
2024-01-12,6.77,6.84,6.49,6.82,69661294.0
2024-01-16,5.99,6.0875,5.77,5.78,42890455.0
2024-01-17,5.76,5.99,5.69,5.82,18614085.0
2024-01-18,5.75,5.75,5.49,5.56,37884317.0
2024-01-19,5.39,5.4,5.19,5.2,27184358.0
2024-01-22,4.92,5.0,4.89,4.92,25492173.0
2024-01-23,4.86,5.05,4.85,5.03,20265787.0
2024-01-24,20.66,21.14,20.35,21.06,14022522.0
2024-01-25,21.08,21.12,19.9601,20.1,8717852.0
2024-01-26,19.95,20.23,19.3701,20.14,8125551.0
2024-01-29,19.57,19.62,18.955,19.13,5795176.0
2024-01-30,19.37,19.61,19.055,19.4,5834672.0
2024-01-31,19.5,19.9699,19.38,19.63,6201928.0
2024-02-01,19.42,19.64,18.84,18.91,5781490.0
2024-02-02,19.15,19.445,19.04,19.36,6514266.0
2024-02-05,19.22,19.46,19.01,19.25,4360635.0
2024-02-06,18.75,18.96,18.5,18.54,5555180.0
2024-02-07,18.68,18.7,18.12,18.24,4740442.0
2024-02-08,18.06,18.15,17.3,17.42,9906704.0
2024-02-09,17.41,17.46,16.94,17.15,6839645.0
2024-02-12,17.06,17.26,16.06,16.17,10455515.0
2024-02-13,15.62,15.735,15.34,15.52,11384111.0
2024-02-14,15.29,15.4874,14.78,14.89,11068092.0
2024-02-15,15.07,15.17,14.63,14.81,11075190.0
2024-02-16,14.85,15.23,14.824,14.99,6755869.0
2024-02-20,14.71,14.9283,14.56,14.77,8088508.0
2024-02-21,16.51,16.69,16.0801,16.62,12029352.0
2024-02-22,16.16,16.47,15.66,16.28,8454084.0
2024-02-23,15.58,15.6,15.1123,15.21,10024508.0
2024-02-26,16.16,16.18,15.3307,15.62,10521090.0
2024-02-27,16.17,16.425,15.83,16.17,7298480.0
2024-02-28,16.53,17.0299,16.48,16.73,8935831.0
2024-02-29,16.595,17.1366,16.48,16.54,6082709.0
2024-03-01,16.34,16.6022,16.27,16.42,3665962.0
2024-03-04,17.36,17.77,17.015,17.3,9923365.0
2024-03-05,17.21,17.9555,16.96,17.51,5365961.0
2024-03-06,17.61,17.6203,17.19,17.29,3053055.0
2024-03-07,17.0,17.29,16.0,16.03,6188898.0
2024-03-08,16.13,16.431,16.01,16.13,4150141.0
2024-03-11,15.95,15.955,15.675,15.69,4374369.0
2024-03-12,16.06,16.08,15.14,15.31,6887731.0
2024-03-13,14.89,15.2,14.83,14.91,6425999.0
2024-03-14,15.0,15.776,14.95,15.57,6018078.0
2024-03-15,15.41,15.435,14.875,15.13,6186039.0
2024-03-18,15.5,15.57,15.04,15.34,5285903.0
2024-03-19,15.6,15.77,15.3801,15.64,4416346.0
2024-03-20,15.35,15.53,15.31,15.37,4422834.0
2024-03-21,15.32,15.3801,15.03,15.32,5399745.0
2024-03-22,15.01,15.228,14.98,15.11,3656978.0
2024-03-25,14.99,15.1999,14.89,15.04,4823009.0
2024-03-26,15.09,15.145,14.84,14.96,5762270.0
2024-03-27,14.45,14.5,14.25,14.35,7758673.0
2024-03-28,14.57,14.92,14.365,14.57,8144266.0
2024-04-01,15.27,15.49,15.07,15.39,8293010.0
2024-04-02,15.11,15.725,15.06,15.48,5999172.0
2024-04-03,15.86,15.86,15.35,15.46,5599969.0
2024-04-04,15.39,15.405,14.8,14.9,8334199.0
2024-04-05,14.91,15.245,14.82,14.87,5235932.0
2024-04-08,15.1,15.47,15.045,15.41,5459266.0
2024-04-09,15.86,16.085,15.43,15.85,7835701.0
2024-04-10,15.98,16.04,15.63,15.67,5985902.0
2024-04-11,15.37,15.39,14.695,14.85,9391955.0
2024-04-12,14.68,14.895,14.62,14.89,4676382.0
2024-04-15,14.41,14.585,14.073,14.14,9362991.0
2024-04-16,14.15,15.0,13.865,14.48,13329058.0
2024-04-17,14.16,14.395,13.98,14.38,5735418.0
2024-04-18,14.47,14.6,14.34,14.42,7205207.0
2024-04-19,14.71,14.8,14.38,14.52,6256852.0
2024-04-22,14.89,15.09,14.78,15.04,6188940.0
2024-04-23,14.94,15.5,14.93,15.44,5497035.0
2024-04-24,14.9,14.94,14.3173,14.36,8950974.0
2024-04-25,14.27,14.5442,14.11,14.37,5896683.0
2024-04-26,14.13,14.24,13.95,14.06,7256948.0
2024-04-29,14.309,14.9682,14.292,14.91,10053726.0
2024-04-30,14.97,14.99,14.31,14.44,7738315.0
2024-05-01,14.19,14.26,13.98,14.14,7019894.0
2024-05-02,14.44,14.975,14.4,14.86,7709392.0
2024-05-03,15.07,15.7847,14.8731,15.67,11410279.0
2024-05-06,16.17,16.53,15.99,16.06,8740659.0
2024-05-07,16.01,16.2501,15.91,16.17,5054778.0
2024-05-08,16.34,16.381,15.85,15.95,5676041.0
2024-05-09,16.26,16.94,16.23,16.92,8773133.0
2024-05-10,16.7,16.815,16.455,16.52,4684653.0
2024-05-13,16.68,17.44,16.6699,17.31,6564688.0
2024-05-14,17.1,17.53,17.0,17.17,6484421.0
2024-05-15,17.09,17.73,16.93,17.6,7566685.0
2024-05-16,18.04,18.755,17.89,18.17,12255228.0
2024-05-17,18.58,19.19,18.58,19.1,7106200.0
2024-05-20,19.26,19.865,19.26,19.82,9304681.0
2024-05-21,19.57,19.9009,19.16,19.49,7278543.0
2024-05-22,19.6,20.91,19.5,20.55,11201555.0
2024-05-23,21.43,21.61,19.81,20.12,19459485.0
2024-05-24,19.62,19.62,18.92,19.02,7827122.0
2024-05-28,18.91,19.4665,18.773,19.36,5036406.0
2024-05-29,18.87,18.88,18.18,18.22,6799888.0
2024-05-30,17.79,18.0,17.54,17.56,6480293.0
2024-05-31,17.74,17.96,17.39,17.59,9163603.0
2024-06-03,18.71,18.995,18.0,18.92,8803469.0
2024-06-04,18.65,18.84,17.63,18.02,9818105.0
2024-06-05,18.2,19.0899,18.15,18.94,7359192.0
2024-06-06,19.47,19.7,18.76,19.3,8101310.0
2024-06-07,19.44,20.3254,19.33,20.18,11183816.0
2024-06-10,20.91,21.16,19.62,20.19,12210259.0
2024-06-11,20.82,21.56,20.585,21.53,7231505.0
2024-06-12,21.02,21.39,20.53,20.83,5717963.0
2024-06-13,20.6,20.72,19.89,20.11,5317880.0
2024-06-14,20.18,20.37,19.71,19.86,3853747.0
2024-06-17,19.31,19.37,18.955,19.16,4276037.0
2024-06-18,19.23,20.01,19.23,19.94,4244717.0
2024-06-20,19.45,19.465,18.93,19.03,4698094.0
2024-06-21,19.11,19.2899,18.88,18.96,3505818.0
2024-06-24,18.96,19.73,18.92,19.7,3462668.0
2024-06-25,19.17,19.49,18.92,18.99,3620122.0
2024-06-26,18.79,18.79,18.26,18.31,4092304.0
2024-06-27,18.13,18.46,17.87,17.98,5931793.0
2024-06-28,17.92,17.99,17.34,17.43,5357714.0
2024-07-01,17.08,17.215,16.5443,16.57,4955638.0
2024-07-02,16.35,16.43,16.15,16.41,5401957.0
2024-07-03,16.25,16.58,16.12,16.35,3403203.0
2024-07-05,15.96,16.09,15.5,15.6,4583824.0
2024-07-08,15.83,15.965,15.69,15.86,3377375.0
2024-07-09,16.16,16.21,15.66,15.73,3852020.0
2024-07-10,15.65,15.74,15.3434,15.51,4097411.0
2024-07-11,15.32,15.415,15.14,15.22,4023920.0
2024-07-12,15.21,15.73,15.1901,15.5,4567879.0
2024-07-15,14.85,15.028,14.3901,14.48,8596667.0
2024-07-16,14.65,14.84,14.51,14.61,4602559.0
2024-07-17,14.23,14.25,13.58,13.74,10479290.0
2024-07-18,13.92,14.35,13.8901,14.11,6383171.0
2024-07-19,14.08,14.39,13.95,14.3,3667719.0
2024-07-22,14.75,15.205,14.74,15.01,6541812.0
2024-07-23,14.89,14.95,14.6201,14.86,3823996.0
2024-07-24,14.29,14.565,14.23,14.31,4630314.0
2024-07-25,14.01,14.17,13.65,13.75,8785424.0
2024-07-26,13.68,13.785,13.49,13.51,8509612.0
2024-07-29,13.51,13.68,13.23,13.59,9351827.0
2024-07-30,13.26,14.115,13.2247,14.01,5705053.0
2024-07-31,13.63,13.8001,13.3899,13.54,7292117.0
2024-08-01,13.97,14.06,13.01,13.09,10103478.0
2024-08-02,13.31,13.38,12.71,13.05,6404960.0
2024-08-05,12.86,13.055,12.575,12.94,7358903.0
2024-08-06,13.29,13.445,12.973,13.32,5636067.0
2024-08-07,13.78,14.0227,13.63,13.86,4903272.0
2024-08-08,13.57,14.42,13.4332,14.18,7151097.0
2024-08-09,14.22,14.35,13.94,14.28,3717767.0
2024-08-12,14.61,14.74,14.27,14.4,5573246.0
2024-08-13,14.75,14.825,14.145,14.33,4345924.0
2024-08-14,14.73,15.07,14.565,14.74,6560880.0
2024-08-15,14.8,15.22,14.53,14.57,5999115.0
2024-08-16,14.33,14.415,14.01,14.07,4797267.0
2024-08-19,14.48,14.85,14.48,14.69,4987679.0
2024-08-20,14.55,14.6756,14.43,14.65,3978899.0
2024-08-21,14.59,14.695,14.245,14.56,4043976.0
2024-08-22,14.13,14.2,13.58,13.81,9987347.0
2024-08-23,13.54,13.7351,13.53,13.72,4328580.0
2024-08-26,13.54,13.705,13.26,13.33,7942412.0
2024-08-27,13.131,13.165,12.835,13.08,7738489.0
2024-08-28,12.87,13.4144,12.755,13.2,9308770.0
2024-08-29,12.75,13.47,12.71,13.43,8137597.0
2024-08-30,13.33,13.52,13.14,13.37,7076525.0
2024-09-03,13.21,13.96,13.03,13.89,7417926.0
2024-09-04,14.02,14.0699,13.385,13.46,4529403.0
2024-09-05,13.81,14.34,13.8,14.18,8653491.0
2024-09-06,14.21,14.37,14.02,14.32,4634039.0
2024-09-09,13.89,13.91,13.45,13.48,6567860.0
2024-09-10,14.03,14.16,13.7901,14.07,5551897.0
2024-09-11,14.28,14.5958,14.16,14.25,5735075.0
2024-09-12,14.09,15.03,14.04,14.83,5360431.0
2024-09-13,14.93,15.0,14.44,14.49,4517534.0
2024-09-16,14.36,14.985,14.33,14.86,4081723.0
2024-09-17,15.09,15.165,14.62,14.64,3924966.0
2024-09-18,14.81,14.8195,14.375,14.44,3834586.0
2024-09-19,14.21,14.6199,14.08,14.61,5843323.0
2024-09-20,14.57,15.4,14.51,15.34,6978556.0
2024-09-23,15.57,16.1,15.53,16.09,8030397.0
2024-09-24,15.88,16.08,15.605,15.81,5523810.0
2024-09-25,16.02,16.09,15.71,15.85,5305729.0
2024-09-26,16.01,16.035,15.345,15.47,7273348.0
2024-09-27,15.89,16.45,15.84,16.37,9981950.0
2024-09-30,16.24,16.5742,16.21,16.33,4404827.0
2024-10-01,16.25,16.53,16.05,16.37,6976676.0
2024-10-02,16.63,16.76,16.14,16.41,6496233.0
2024-10-03,16.64,16.8,16.475,16.68,5628926.0
2024-10-04,16.33,16.435,15.93,15.94,6125063.0
2024-10-07,15.66,15.6701,15.22,15.38,5846822.0
2024-10-08,15.43,15.6,15.23,15.25,4643108.0
2024-10-09,15.18,15.32,14.82,14.86,5305470.0
2024-10-10,14.74,15.185,14.63,15.13,5696472.0
2024-10-11,14.97,15.025,14.72,14.8,3820117.0
2024-10-14,14.35,14.41,13.98,13.99,5819824.0
2024-10-15,14.22,14.355,13.9938,14.01,4195180.0
2024-10-16,13.77,13.79,13.3475,13.44,8522250.0
2024-10-17,13.55,13.649,13.2657,13.31,5290686.0
2024-10-18,13.1,13.126,12.95,13.03,6993796.0
2024-10-21,13.12,13.275,13.09,13.25,6271464.0
2024-10-22,13.28,13.68,13.26,13.5,8756961.0
2024-10-23,13.51,13.965,13.395,13.82,7599898.0
2024-10-24,13.89,14.35,13.61,14.32,8660820.0
2024-10-25,14.1,14.535,14.02,14.45,6217753.0
2024-10-28,13.43,13.5499,13.14,13.34,11750294.0
2024-10-29,13.44,13.5497,13.2401,13.41,6109153.0
2024-10-30,13.11,13.4393,13.05,13.23,7399683.0
2024-10-31,12.97,13.07,12.61,12.71,12949423.0
2024-11-01,12.72,12.7767,12.35,12.48,7921965.0
2024-11-04,12.58,13.105,12.53,13.06,10459420.0
2024-11-05,13.1,13.13,12.4427,12.53,8676378.0
2024-11-06,12.79,13.115,12.68,12.87,7324545.0
2024-11-07,12.62,12.76,12.48,12.66,7980957.0
2024-11-08,12.75,12.89,12.4102,12.53,6011436.0
2024-11-11,13.68,13.88,13.56,13.8,13101747.0
2024-11-12,13.66,14.1385,13.4299,13.66,9680414.0
2024-11-13,13.49,14.14,13.43,14.11,9264037.0
2024-11-14,13.79,13.9015,13.12,13.15,8651354.0
2024-11-15,13.1,13.42,13.0732,13.37,7318165.0
2024-11-18,13.48,13.82,13.475,13.75,8381095.0
2024-11-19,13.79,14.18,13.705,13.87,8884367.0
2024-11-20,14.35,14.82,14.24,14.75,13846265.0
2024-11-21,15.39,15.52,14.81,15.15,11904714.0
2024-11-22,14.29,14.42,14.07,14.31,14878890.0
2024-11-25,14.98,15.4399,14.7206,14.79,11781612.0
2024-11-26,15.01,15.27,14.67,15.08,10170024.0
2024-11-27,14.05,14.18,13.81,13.81,9146928.0
2024-11-29,14.35,14.645,14.2401,14.43,4626419.0
2024-12-02,13.97,14.2,13.765,13.88,9656716.0
2024-12-03,13.6,13.6,13.13,13.21,9443949.0
2024-12-04,13.15,13.35,12.9,13.26,8384474.0
2024-12-05,13.42,13.6552,13.2,13.32,6637621.0
2024-12-06,13.22,13.44,13.1501,13.37,4222435.0
2024-12-09,13.76,13.955,13.59,13.77,6923529.0
2024-12-10,13.38,13.83,13.31,13.81,6877081.0
2024-12-11,14.28,14.7448,14.28,14.56,10133058.0
2024-12-12,14.71,15.4195,14.49,15.04,13175987.0
2024-12-13,14.57,14.6,14.155,14.23,7033007.0
2024-12-16,13.84,14.0702,13.8,13.95,5668315.0
2024-12-17,13.62,14.475,13.405,14.46,7641134.0
2024-12-18,14.49,14.7,14.3,14.54,6517232.0
2024-12-19,14.85,15.435,14.7918,15.4,9531347.0
2024-12-20,15.31,16.015,15.13,15.87,11632431.0
2024-12-23,15.67,15.73,15.24,15.63,7477418.0
2024-12-24,16.0,16.21,15.96,16.14,4050880.0
2024-12-26,15.34,15.42,15.09,15.37,10923514.0
2024-12-27,15.74,15.89,15.29,15.76,11302795.0
2024-12-30,18.63,19.48,17.69,18.03,30104408.0
2024-12-31,17.15,17.5,16.6,16.81,15119229.0
2025-01-02,17.23,17.62,16.86,17.01,14092924.0
2025-01-03,16.18,16.25,15.46,15.59,16484481.0
2025-01-06,17.01,17.255,16.495,17.16,16600108.0
2025-01-07,16.62,16.72,15.915,15.99,16343214.0
2025-01-08,16.6,17.135,16.48,17.11,13468066.0
2025-01-10,18.26,18.64,17.995,18.42,14921784.0
2025-01-13,18.47,18.75,17.86,18.22,14321637.0
2025-01-14,17.73,18.83,17.72,18.47,12135907.0
2025-01-15,18.73,19.185,18.42,19.12,13993077.0
2025-01-16,19.09,20.0299,18.685,19.94,16418324.0
2025-01-17,18.5,18.92,18.28,18.34,9260474.0
2025-01-21,17.99,18.09,17.575,17.73,9103454.0
2025-01-22,17.86,18.6,17.7901,18.54,7320571.0
2025-01-23,18.73,18.899,17.98,18.25,10105537.0
2025-01-24,17.85,18.31,17.64,18.12,6331628.0
2025-01-27,17.22,17.26,16.77,17.15,7871578.0
2025-01-28,16.59,16.845,16.28,16.29,7570285.0
2025-01-29,16.71,16.855,16.35,16.76,5628460.0
2025-01-30,16.49,16.7,16.025,16.14,7689113.0
2025-01-31,15.97,16.25,15.86,16.19,5329692.0
2025-02-03,17.44,17.98,17.382,17.64,9247611.0
2025-02-04,16.73,17.51,16.73,17.07,5692259.0
2025-02-05,16.94,17.82,16.93,17.8,5663599.0
2025-02-06,17.49,18.12,17.4401,17.89,7056320.0
2025-02-07,17.77,17.9499,17.41,17.48,5877389.0
2025-02-10,17.82,18.41,17.71,18.21,7146493.0
2025-02-11,18.68,18.89,18.495,18.58,6507788.0
2025-02-12,18.76,18.92,18.43,18.79,4685484.0
2025-02-13,19.54,19.94,19.0,19.15,8334731.0
2025-02-14,19.61,20.0,19.5699,19.65,4215238.0
2025-02-18,19.62,21.09,19.49,20.95,8789657.0
2025-02-19,21.73,22.7279,21.705,22.61,25413959.0
2025-02-20,21.72,21.81,21.2,21.73,8367196.0
2025-02-21,22.39,22.84,21.835,22.09,12326526.0
2025-02-24,21.04,21.295,20.84,21.24,5871093.0
2025-02-25,21.32,21.94,21.14,21.75,5375431.0
2025-02-26,21.39,21.4,20.92,21.15,5491688.0
2025-02-27,21.24,21.555,20.83,20.86,6753585.0
2025-02-28,20.62,20.77,20.305,20.34,6454800.0
2025-03-03,20.69,22.13,20.6,21.95,10418315.0
2025-03-04,23.24,24.15,22.84,23.11,12699152.0
2025-03-05,22.71,23.76,22.67,23.62,8157579.0
2025-03-06,23.24,23.24,22.58,22.77,10394534.0
2025-03-07,22.2,23.48,22.13,23.19,12469548.0
2025-03-10,23.87,24.33,23.615,23.83,8932197.0
2025-03-11,24.08,24.0887,23.21,23.28,7130394.0
2025-03-12,22.31,22.425,21.62,21.65,5596836.0
2025-03-13,21.1,22.255,21.04,21.43,6906027.0
2025-03-14,21.15,21.96,21.04,21.79,3893434.0
2025-03-17,21.42,21.745,21.13,21.22,4523235.0
2025-03-18,21.65,21.8599,21.39,21.41,4570993.0
2025-03-19,22.04,22.575,21.832,22.35,5751799.0
2025-03-20,21.9,22.02,21.06,21.17,6852301.0
2025-03-21,21.2,21.36,20.805,20.84,5283619.0
2025-03-24,21.07,21.18,20.61,20.66,5504868.0
2025-03-25,20.8,20.8,20.005,20.33,5849817.0
2025-03-26,20.41,20.67,20.12,20.14,5043962.0
2025-03-27,20.18,20.68,19.91,20.41,6161837.0
2025-03-28,20.49,21.35,20.14,21.33,6055123.0
2025-03-31,22.12,22.12,21.21,21.61,6853265.0
2025-04-01,21.12,21.23,20.57,20.7,5514245.0
2025-04-02,21.07,21.37,20.94,21.05,3661044.0
2025-04-03,21.81,21.9753,21.38,21.57,4851998.0
2025-04-04,20.17,20.7029,19.935,20.04,6319316.0
2025-04-07,20.09,20.5499,18.84,19.07,8673253.0
2025-04-08,19.59,19.78,18.11,18.28,7163154.0
2025-04-09,18.22,20.02,17.65,19.62,13737369.0
2025-04-10,19.14,19.36,18.15,18.47,9175276.0
2025-04-11,18.0,18.7,17.975,18.63,8203301.0
2025-04-14,18.79,18.83,17.3449,17.51,5991438.0
2025-04-15,17.15,17.54,16.98,17.36,4816349.0
2025-04-16,17.01,17.32,16.8201,17.03,4598453.0
2025-04-17,17.01,17.5,16.99,17.03,5058119.0
2025-04-21,16.6,16.6502,15.79,16.02,6147505.0
2025-04-22,16.0,16.0077,15.4901,15.78,8225484.0
2025-04-23,15.82,16.09,15.63,15.73,8165689.0
2025-04-24,15.34,15.5399,15.04,15.5,6700737.0
2025-04-25,15.3,15.865,15.28,15.7,5924130.0
