Date,open,high,low,close,volume
2015-04-27,19.78,19.9,19.44,19.52,15672717.0
2015-04-28,19.62,19.88,19.52,19.6,20650358.0
2015-04-29,19.64,20.4,19.63,20.12,31212402.0
2015-04-30,20.15,20.55,20.09,20.51,18962486.0
2015-05-01,20.3,20.42,20.05,20.4,14455525.0
2015-05-04,20.26,20.31,20.1,20.28,13931664.0
2015-05-05,20.82,21.0,20.73,20.76,27437592.0
2015-05-06,21.24,21.5,20.81,20.82,35257922.0
2015-05-07,20.79,20.8,20.11,20.2,24176508.0
2015-05-08,20.31,20.48,19.97,20.42,17325283.0
2015-05-11,20.48,20.54,20.18,20.38,12468930.0
2015-05-12,20.49,21.0,20.45,20.74,18670760.0
2015-05-13,21.06,21.2,20.61,20.61,23601437.0
2015-05-14,20.8,20.89,20.4,20.53,17110779.0
2015-05-15,20.14,20.55,20.05,20.52,16042581.0
2015-05-18,20.44,20.55,20.22,20.44,15228094.0
2015-05-19,19.96,20.02,19.58,19.63,28333897.0
2015-05-20,19.84,19.97,19.66,19.84,22498978.0
2015-05-21,20.27,20.59,20.2,20.5,23290608.0
2015-05-22,20.1,20.32,20.09,20.25,11869596.0
2015-05-26,19.81,19.9,19.5,19.69,19407111.0
2015-05-27,19.46,19.71,19.39,19.48,19218334.0
2015-05-28,19.22,19.56,19.09,19.56,26647013.0
2015-05-29,19.61,20.5,19.6,20.31,31796866.0
2015-06-01,20.36,20.48,20.04,20.36,15332537.0
2015-06-02,20.53,20.8,20.41,20.68,16841526.0
2015-06-03,20.49,20.74,20.05,20.17,16545120.0
2015-06-04,19.92,19.97,19.55,19.66,20064208.0
2015-06-05,19.25,20.0,19.23,19.9,21014816.0
2015-06-08,19.75,19.89,19.55,19.71,11200165.0
2015-06-09,20.2,20.39,20.14,20.21,15215256.0
2015-06-10,20.79,20.8,20.42,20.64,21161537.0
2015-06-11,20.62,20.62,20.33,20.49,9236314.0
2015-06-12,20.26,20.4,20.19,20.27,9661412.0
2015-06-15,19.95,20.2,19.94,20.15,9768300.0
2015-06-16,20.17,20.34,20.13,20.26,6148578.0
2015-06-17,20.62,20.66,19.9,20.21,19540616.0
2015-06-18,20.34,20.45,20.17,20.36,14834674.0
2015-06-19,20.04,20.15,19.86,20.02,14061275.0
2015-06-22,19.92,20.25,19.87,20.16,11025565.0
2015-06-23,20.02,20.57,19.96,20.47,17846653.0
2015-06-24,20.37,20.62,20.04,20.2,21320068.0
2015-06-25,20.05,20.12,19.92,19.98,12049051.0
2015-06-26,19.79,20.09,19.73,19.98,10860414.0
2015-06-29,19.59,19.73,19.49,19.51,18842920.0
2015-06-30,19.74,20.0,19.65,19.88,14226231.0
2015-07-01,19.54,19.58,19.0,19.1,24924785.0
2015-07-02,19.16,19.42,18.93,18.93,17892369.0
2015-07-06,18.32,18.33,17.58,17.73,41244045.0
2015-07-07,17.59,17.91,16.95,17.76,42823240.0
2015-07-08,17.62,17.7,17.07,17.38,23635245.0
2015-07-09,17.8,17.91,17.53,17.71,17195637.0
2015-07-10,17.65,17.8,17.42,17.67,17009283.0
2015-07-13,17.4,17.83,17.35,17.51,16635595.0
2015-07-14,17.35,17.86,17.32,17.72,18736123.0
2015-07-15,17.5,17.7,17.15,17.23,28486924.0
2015-07-16,17.39,17.39,17.0,17.05,19366657.0
2015-07-17,17.04,17.05,16.78,16.99,23566616.0
2015-07-20,16.93,16.97,16.69,16.69,15918311.0
2015-07-21,16.84,17.08,16.78,16.91,12663860.0
2015-07-22,16.65,16.81,16.3,16.34,27008188.0
2015-07-23,16.44,16.49,16.02,16.14,22589917.0
2015-07-24,16.18,16.18,15.86,16.03,21884655.0
2015-07-27,15.81,15.9,15.64,15.65,35862626.0
2015-07-28,15.76,16.09,15.64,15.85,21671829.0
2015-07-29,15.82,16.45,15.8,16.24,34664101.0
2015-07-30,16.21,16.37,16.06,16.1,13869306.0
2015-07-31,16.12,16.14,15.54,15.59,24442223.0
2015-08-03,15.29,15.46,14.98,15.1,34220107.0
2015-08-04,15.21,15.36,15.1,15.22,14334618.0
2015-08-05,15.31,15.51,14.9,15.02,26413046.0
2015-08-06,14.85,14.9,14.68,14.87,23823396.0
2015-08-07,14.72,14.78,14.52,14.56,19667649.0
2015-08-10,14.52,14.98,14.48,14.89,20410622.0
2015-08-11,14.48,14.54,14.27,14.49,25048221.0
2015-08-12,14.52,14.58,14.28,14.44,18278740.0
2015-08-13,14.28,14.28,13.98,14.09,25370487.0
2015-08-14,14.17,14.27,13.98,13.98,16567426.0
2015-08-17,14.05,14.16,13.86,13.9,16583485.0
2015-08-18,13.93,14.21,13.84,14.04,15369692.0
2015-08-19,13.98,14.03,13.41,13.43,35327087.0
2015-08-20,13.55,13.7,13.35,13.38,31057296.0
2015-08-21,13.46,13.56,13.06,13.23,30749636.0
2015-08-24,12.62,12.94,12.37,12.49,48954091.0
2015-08-25,13.02,13.05,12.71,12.73,31858857.0
2015-08-26,12.85,13.0,12.62,12.77,32258357.0
2015-08-27,13.05,14.0,13.04,13.96,55622160.0
2015-08-28,13.83,15.03,13.83,14.87,67340772.0
2015-08-31,14.67,16.15,14.28,15.89,87527376.0
2015-09-01,15.48,15.59,14.69,14.81,54721799.0
2015-09-02,15.11,15.32,14.16,15.07,58758025.0
2015-09-03,15.23,15.85,15.05,15.34,45148624.0
2015-09-04,15.2,15.34,14.98,15.08,21620727.0
2015-09-08,14.91,15.2,14.58,15.02,29028006.0
2015-09-09,14.99,15.06,14.45,14.52,21631597.0
2015-09-10,14.61,15.05,14.47,14.93,19446117.0
2015-09-11,14.62,14.86,14.44,14.64,25357389.0
2015-09-14,14.42,14.52,14.25,14.38,17567519.0
2015-09-15,14.48,14.68,14.34,14.58,16682714.0
2015-09-16,14.91,15.43,14.81,15.36,44024820.0
2015-09-17,15.38,15.53,15.13,15.23,28193910.0
2015-09-18,14.87,14.97,14.42,14.61,27874443.0
2015-09-21,14.92,15.19,14.82,15.05,21000289.0
2015-09-22,14.77,15.03,14.67,14.92,24506519.0
2015-09-23,15.08,15.24,14.35,14.44,34431895.0
2015-09-24,14.29,14.6,14.23,14.59,23721022.0
2015-09-25,14.81,14.98,14.6,14.71,21725196.0
2015-09-28,14.45,14.65,14.32,14.38,20162581.0
2015-09-29,14.51,14.76,14.45,14.61,14158137.0
2015-09-30,14.55,14.82,14.46,14.68,24459747.0
2015-10-01,15.15,15.2,14.43,14.58,31517188.0
2015-10-02,14.29,14.8,14.21,14.77,27760708.0
2015-10-05,15.03,15.16,14.88,15.0,22018137.0
2015-10-06,15.11,15.75,15.08,15.74,41992228.0
2015-10-07,15.93,16.05,15.42,15.57,40760822.0
2015-10-08,15.66,16.17,15.57,16.04,29566477.0
2015-10-09,16.04,16.2,15.88,15.99,28703877.0
2015-10-12,15.99,15.99,15.2,15.31,28868926.0
2015-10-13,15.18,15.62,14.99,15.06,26223735.0
2015-10-14,14.98,15.16,14.85,15.05,18470217.0
2015-10-15,14.81,15.14,14.63,15.13,33758515.0
2015-10-16,15.28,15.32,14.91,15.22,22381018.0
2015-10-19,14.91,15.02,14.77,14.83,20696199.0
2015-10-20,14.8,14.99,14.61,14.73,20072713.0
2015-10-21,14.5,14.66,14.34,14.43,26349198.0
2015-10-22,14.62,14.73,14.35,14.51,16484935.0
2015-10-23,14.23,14.39,14.13,14.27,26726011.0
2015-10-26,14.18,14.2,14.0,14.01,20869923.0
2015-10-27,13.71,13.85,13.61,13.82,25613928.0
2015-10-28,13.97,14.7,13.91,14.69,48796450.0
2015-10-29,14.71,14.94,14.58,14.63,21915106.0
2015-10-30,14.66,15.02,14.57,14.81,19237102.0
2015-11-02,14.69,14.92,14.64,14.75,15988290.0
2015-11-03,15.04,15.45,14.94,15.28,33862145.0
2015-11-04,15.2,15.28,14.75,14.85,25572390.0
2015-11-05,14.67,14.84,14.42,14.48,26025847.0
2015-11-06,14.29,14.37,14.1,14.23,22313443.0
2015-11-09,14.1,14.23,13.95,14.08,22215129.0
2015-11-10,14.0,14.29,13.99,14.09,15674267.0
2015-11-11,14.06,14.08,13.64,13.76,24090682.0
2015-11-12,13.45,13.7,13.32,13.35,33421824.0
2015-11-13,13.2,13.23,12.91,13.06,34389669.0
2015-11-16,13.0,13.43,12.81,13.39,37762957.0
2015-11-17,13.17,13.22,12.94,13.01,22666238.0
2015-11-18,13.14,13.2,12.83,13.05,24603355.0
2015-11-19,12.92,13.03,12.86,12.96,22392374.0
2015-11-20,12.94,13.28,12.86,12.93,37348902.0
2015-11-23,12.84,13.23,12.82,13.02,29010977.0
2015-11-24,13.35,13.5,13.19,13.32,25406737.0
2015-11-25,13.11,13.42,12.96,13.39,27051368.0
2015-11-27,13.09,13.11,13.0,13.03,10614562.0
2015-11-30,13.18,13.23,12.9,12.93,21981499.0
2015-12-01,12.92,13.11,12.83,12.95,19308445.0
2015-12-02,12.77,13.03,12.38,12.48,52453182.0
2015-12-03,12.59,12.97,12.45,12.77,35807630.0
2015-12-04,12.45,12.63,12.33,12.46,40293319.0
2015-12-07,12.02,12.07,11.65,11.72,49888868.0
2015-12-08,11.52,11.96,11.45,11.68,39328409.0
2015-12-09,11.77,12.06,11.43,11.56,38576546.0
2015-12-10,11.44,11.57,11.33,11.37,33622309.0
2015-12-11,11.3,11.33,11.0,11.07,44013092.0
2015-12-14,10.97,11.3,10.79,11.16,38698489.0
2015-12-15,11.33,11.65,11.25,11.4,35064220.0
2015-12-16,11.23,11.33,10.88,10.99,35916801.0
2015-12-17,10.95,10.95,10.71,10.74,29988058.0
2015-12-18,10.81,10.99,10.62,10.66,36111048.0
2015-12-21,10.6,10.74,10.52,10.66,26282330.0
2015-12-22,10.68,10.88,10.66,10.77,21713378.0
2015-12-23,11.06,11.29,11.0,11.26,39274677.0
2015-12-24,11.34,11.35,11.23,11.3,19037183.0
2015-12-28,11.06,11.07,10.91,10.93,20450591.0
2015-12-29,11.16,11.29,11.15,11.26,23279049.0
2015-12-30,10.96,11.0,10.84,10.93,24735650.0
2015-12-31,10.84,11.24,10.82,11.0,30242590.0
2016-01-04,11.26,11.42,10.82,10.98,36134306.0
2016-01-05,10.8,10.87,10.64,10.66,31826539.0
2016-01-06,10.3,10.47,10.05,10.11,72671001.0
2016-01-07,9.89,10.2,9.85,9.9,51917761.0
2016-01-08,9.95,10.02,9.71,9.8,44646271.0
2016-01-11,9.72,9.76,9.2,9.25,82118721.0
2016-01-12,9.43,9.48,8.9,9.17,101442398.0
2016-01-13,9.3,9.39,8.93,9.09,98696362.0
2016-01-14,9.14,9.34,9.04,9.23,47407465.0
2016-01-15,8.79,8.89,8.64,8.79,90972404.0
2016-01-19,8.75,8.77,8.45,8.49,55825169.0
2016-01-20,8.34,8.37,7.92,8.24,79338217.0
2016-01-21,8.1,8.69,8.06,8.56,86563739.0
2016-01-22,9.09,9.29,8.97,9.27,62294063.0
2016-01-25,8.94,9.12,8.54,8.54,55197923.0
2016-01-26,8.81,9.31,8.74,8.97,50578136.0
2016-01-27,8.92,9.42,8.79,9.18,71241964.0
2016-01-28,9.8,9.86,9.41,9.7,66046300.0
2016-01-29,9.77,9.88,9.38,9.65,47131059.0
2016-02-01,9.34,9.36,8.99,9.02,48561517.0
2016-02-02,8.72,8.81,8.56,8.57,44072092.0
2016-02-03,8.84,9.35,8.54,9.34,72016973.0
2016-02-04,9.55,9.65,9.06,9.12,44820416.0
2016-02-05,9.04,9.23,8.8,8.91,34765099.0
2016-02-08,8.77,8.82,8.52,8.64,38243282.0
2016-02-09,8.51,8.67,7.97,8.18,57742656.0
2016-02-10,7.97,8.4,7.89,7.96,63919467.0
2016-02-11,7.82,8.03,7.67,7.99,95742587.0
2016-02-12,8.16,8.52,8.01,8.33,67885019.0
2016-02-16,8.49,8.52,8.18,8.31,48790593.0
2016-02-17,8.43,8.9,8.39,8.78,60048035.0
2016-02-18,9.03,9.07,8.65,8.66,55180876.0
2016-02-19,8.55,8.59,8.35,8.55,47532889.0
2016-02-22,8.9,9.01,8.84,8.91,53922628.0
2016-02-23,8.76,8.76,8.43,8.48,62178211.0
2016-02-24,8.19,8.63,8.14,8.59,48048159.0
2016-02-25,8.48,8.92,8.28,8.8,39444384.0
2016-02-26,9.14,9.16,8.7,8.78,58781458.0
2016-02-29,8.86,9.04,8.78,9.0,50438612.0
2016-03-01,8.98,9.25,8.89,9.15,47428241.0
2016-03-02,9.01,9.36,8.94,9.3,49414633.0
2016-03-03,9.13,9.41,9.11,9.25,34333744.0
2016-03-04,9.29,9.65,9.18,9.65,48944831.0
2016-03-07,9.68,10.14,9.67,10.11,67047370.0
2016-03-08,10.04,10.04,9.65,9.65,45630699.0
2016-03-09,9.87,10.21,9.85,10.15,43950875.0
2016-03-10,9.96,10.12,9.88,10.04,33044374.0
2016-03-11,10.21,10.29,10.06,10.19,28124430.0
2016-03-14,9.92,9.93,9.76,9.88,37205415.0
2016-03-15,9.73,9.74,9.59,9.7,35403343.0
2016-03-16,9.91,10.2,9.91,10.18,38261283.0
2016-03-17,10.37,10.6,10.29,10.55,40931827.0
2016-03-18,10.71,10.8,10.43,10.48,38648284.0
2016-03-21,10.5,10.62,10.36,10.59,34963392.0
2016-03-22,10.41,10.64,10.38,10.54,28244334.0
2016-03-23,10.33,10.37,10.08,10.11,39957555.0
2016-03-24,9.78,10.1,9.74,10.06,50563301.0
2016-03-28,10.01,10.06,9.87,10.01,27124159.0
2016-03-29,9.71,9.82,9.63,9.8,34948205.0
2016-03-30,9.99,10.13,9.7,9.73,36909710.0
2016-03-31,9.68,9.92,9.67,9.7,32585640.0
2016-04-01,9.41,9.45,9.32,9.33,40242337.0
2016-04-04,9.32,9.46,9.05,9.08,38591192.0
2016-04-05,9.07,9.19,8.99,9.13,42357378.0
2016-04-06,9.38,9.63,9.32,9.6,45642954.0
2016-04-07,9.49,9.55,9.33,9.51,28143940.0
2016-04-08,9.97,10.11,9.93,10.03,47132735.0
2016-04-11,10.19,10.34,10.15,10.28,28929810.0
2016-04-12,10.37,10.72,10.31,10.64,56426925.0
2016-04-13,10.59,10.74,10.48,10.51,42908291.0
2016-04-14,10.58,10.65,10.42,10.48,31726461.0
2016-04-15,10.28,10.33,10.13,10.25,34964645.0
2016-04-18,9.84,10.24,9.79,10.17,38972132.0
2016-04-19,10.25,10.54,10.22,10.44,37295610.0
2016-04-20,10.24,10.88,10.2,10.76,42460355.0
2016-04-21,10.71,10.82,10.58,10.72,27124076.0
2016-04-22,10.75,10.93,10.69,10.76,29919310.0
2016-04-25,10.78,10.81,10.47,10.55,21936907.0
2016-04-26,10.66,10.87,10.62,10.81,19155053.0
2016-04-27,11.02,11.21,10.76,11.14,37879746.0
2016-04-28,11.16,11.34,11.1,11.22,24882689.0
2016-04-29,11.42,11.5,11.12,11.3,34793812.0
2016-05-02,11.24,11.25,10.95,11.05,21596252.0
2016-05-03,10.86,10.88,10.65,10.74,28362179.0
2016-05-04,10.93,11.03,10.63,10.79,24666848.0
2016-05-05,11.23,11.24,10.81,10.9,34124031.0
2016-05-06,10.81,11.15,10.78,10.96,26388907.0
2016-05-09,10.86,10.91,10.64,10.68,22087218.0
2016-05-10,10.75,11.02,10.72,10.99,20956780.0
2016-05-11,10.91,11.42,10.85,11.34,29244289.0
2016-05-12,11.52,11.53,11.22,11.45,23937355.0
2016-05-13,11.35,11.43,11.27,11.37,15221840.0
2016-05-16,11.68,11.79,11.63,11.76,26650245.0
2016-05-17,11.75,11.93,11.71,11.92,22188011.0
2016-05-18,11.85,12.0,11.7,11.7,29396175.0
2016-05-19,11.58,11.8,11.44,11.79,21857496.0
2016-05-20,11.79,11.86,11.61,11.75,19171489.0
2016-05-23,11.51,11.69,11.49,11.66,16232649.0
2016-05-24,11.67,11.85,11.66,11.82,17027373.0
2016-05-25,11.92,12.05,11.78,12.03,25049708.0
2016-05-26,12.11,12.12,11.92,11.95,21651796.0
2016-05-27,11.84,11.99,11.8,11.98,14083604.0
2016-05-31,11.98,12.13,11.82,11.87,16811967.0
2016-06-01,11.62,11.93,11.56,11.93,25541694.0
2016-06-02,11.67,11.96,11.65,11.86,22377677.0
2016-06-03,11.89,11.89,11.7,11.82,19135966.0
2016-06-06,12.01,12.08,11.9,12.04,23398259.0
2016-06-07,12.1,12.24,12.07,12.22,18201315.0
2016-06-08,12.34,12.45,12.27,12.43,26429779.0
2016-06-09,12.19,12.32,12.19,12.25,17923129.0
2016-06-10,12.02,12.1,11.83,11.87,20979322.0
2016-06-13,11.71,11.94,11.7,11.76,18149282.0
2016-06-14,11.73,11.79,11.66,11.73,15815092.0
2016-06-15,11.57,11.78,11.43,11.47,23320632.0
2016-06-16,11.4,11.41,11.11,11.14,30939201.0
2016-06-17,11.45,11.67,11.39,11.66,34878477.0
2016-06-20,11.82,11.96,11.76,11.91,26030099.0
2016-06-21,11.75,11.94,11.69,11.89,21694324.0
2016-06-22,11.99,12.04,11.58,11.74,25953866.0
2016-06-23,11.92,12.0,11.78,11.98,18854881.0
2016-06-24,11.38,11.58,11.36,11.4,32757976.0
2016-06-27,11.22,11.22,11.17,11.19,3574282.0
2016-06-28,11.4,11.47,11.2,11.47,23311462.0
2016-06-29,11.55,11.96,11.5,11.79,24793973.0
2016-06-30,11.66,11.79,11.52,11.57,22023871.0
2016-07-01,11.52,11.78,11.5,11.78,20566093.0
2016-07-05,11.35,11.37,11.09,11.18,30136326.0
2016-07-06,11.09,11.41,11.01,11.33,17399537.0
2016-07-07,11.5,11.54,10.73,10.82,36242158.0
2016-07-08,10.91,10.95,10.71,10.83,21537642.0
2016-07-11,10.91,10.95,10.64,10.65,16740955.0
2016-07-12,11.04,11.23,10.89,11.19,30583013.0
2016-07-13,11.07,11.15,10.65,10.75,34301396.0
2016-07-14,10.86,10.95,10.76,10.87,21423227.0
2016-07-15,10.99,11.07,10.89,10.99,23517015.0
2016-07-18,10.79,10.88,10.72,10.82,19779648.0
2016-07-19,10.79,10.82,10.68,10.7,17688831.0
2016-07-20,10.55,10.85,10.51,10.73,26504128.0
2016-07-21,10.68,10.75,10.49,10.49,20188936.0
2016-07-22,10.49,10.5,10.3,10.42,22483800.0
2016-07-25,10.2,10.23,10.11,10.13,24304509.0
2016-07-26,10.1,10.16,10.02,10.08,23787323.0
2016-07-27,10.1,10.17,9.81,9.9,28894557.0
2016-07-28,9.85,9.89,9.66,9.67,28240738.0
2016-07-29,9.63,9.81,9.55,9.76,25493488.0
2016-08-01,9.62,9.64,9.38,9.41,37922194.0
2016-08-02,9.59,9.63,9.24,9.33,30245898.0
2016-08-03,9.35,9.69,9.23,9.69,36414321.0
2016-08-04,9.56,9.91,9.54,9.84,30211393.0
2016-08-05,9.83,9.87,9.66,9.86,30812904.0
2016-08-08,10.03,10.21,10.02,10.1,28885968.0
2016-08-09,10.19,10.24,10.01,10.07,25698551.0
2016-08-10,10.1,10.21,9.75,9.77,30921498.0
2016-08-11,9.89,10.32,9.86,10.21,31513940.0
2016-08-12,10.3,10.5,10.26,10.5,31884863.0
2016-08-15,10.59,10.78,10.56,10.76,33918978.0
2016-08-16,10.79,10.96,10.7,10.92,34077470.0
2016-08-17,10.88,11.02,10.75,10.99,33319626.0
2016-08-18,11.11,11.34,11.11,11.3,58882445.0
2016-08-19,11.34,11.37,11.23,11.34,30954340.0
2016-08-22,11.09,11.11,10.95,10.97,24853492.0
2016-08-23,10.8,11.18,10.78,11.09,47746104.0
2016-08-24,10.94,11.03,10.74,10.82,29796046.0
2016-08-25,10.8,10.97,10.76,10.95,23653918.0
2016-08-26,10.94,11.21,10.85,10.95,26275613.0
2016-08-29,10.83,10.92,10.78,10.85,24761972.0
2016-08-30,10.93,10.97,10.69,10.73,27356679.0
2016-08-31,10.62,10.66,10.29,10.36,30501812.0
2016-09-01,10.19,10.27,9.95,10.06,59025055.0
2016-09-02,10.2,10.34,10.15,10.24,37173412.0
2016-09-06,10.21,10.4,10.16,10.39,33623506.0
2016-09-07,10.4,10.54,10.31,10.52,35589277.0
2016-09-08,10.71,11.03,10.58,10.96,54207488.0
2016-09-09,10.78,10.82,10.58,10.59,28866997.0
2016-09-12,10.4,10.73,10.37,10.64,26828858.0
2016-09-13,10.49,10.56,10.35,10.37,38316754.0
2016-09-14,10.27,10.43,10.04,10.09,53869325.0
2016-09-15,10.14,10.25,10.01,10.14,38167388.0
2016-09-16,9.93,10.07,9.9,10.0,39041843.0
2016-09-19,10.03,10.2,9.98,9.98,45758424.0
2016-09-20,9.87,10.13,9.82,10.07,44479212.0
2016-09-21,10.25,10.41,10.21,10.4,43991264.0
2016-09-22,10.57,10.61,10.48,10.53,53321097.0
2016-09-23,10.49,10.58,10.09,10.19,51371153.0
2016-09-26,10.34,10.54,10.31,10.43,42738382.0
2016-09-27,10.19,10.28,10.08,10.15,55452779.0
2016-09-28,10.3,10.82,10.12,10.65,93611232.0
2016-09-29,10.77,11.02,10.71,10.87,63226538.0
2016-09-30,10.97,11.01,10.88,10.93,43586400.0
2016-10-03,11.04,11.18,10.91,11.1,37506446.0
2016-10-04,11.18,11.2,11.04,11.09,58252590.0
2016-10-05,11.33,11.4,11.23,11.35,46078272.0
2016-10-06,11.47,11.54,11.38,11.51,42582493.0
2016-10-07,11.49,11.51,11.27,11.33,54424084.0
2016-10-10,11.53,11.77,11.52,11.67,52012044.0
2016-10-11,11.69,11.74,11.48,11.58,61253991.0
2016-10-12,11.46,11.49,11.36,11.43,46215632.0
2016-10-13,11.42,11.51,11.24,11.49,61179797.0
2016-10-14,11.5,11.51,11.35,11.44,53159531.0
2016-10-17,11.41,11.43,11.27,11.37,36006184.0
2016-10-18,11.48,11.5,11.32,11.45,38205892.0
2016-10-19,11.57,11.79,11.55,11.66,47828050.0
2016-10-20,11.49,11.54,11.38,11.43,45063576.0
2016-10-21,11.4,11.5,11.33,11.48,39640352.0
2016-10-24,11.35,11.44,11.2,11.43,50924447.0
2016-10-25,11.34,11.42,11.22,11.24,46471227.0
2016-10-26,11.07,11.31,11.03,11.09,57530053.0
2016-10-27,11.21,11.3,11.12,11.21,24634666.0
2016-10-28,11.1,11.22,10.93,11.01,28967279.0
2016-10-31,10.84,10.87,10.53,10.53,45158927.0
2016-11-01,10.65,10.69,10.43,10.57,34267971.0
2016-11-02,10.35,10.46,10.15,10.28,49583201.0
2016-11-03,10.24,10.27,10.01,10.08,38829623.0
2016-11-04,9.97,10.12,9.84,9.98,55940741.0
2016-11-07,10.06,10.16,9.96,10.16,34271180.0
2016-11-08,10.06,10.25,10.02,10.1,29205273.0
2016-11-09,10.14,10.37,10.04,10.28,40058450.0
2016-11-10,10.1,10.2,10.04,10.04,33907956.0
2016-11-11,9.88,9.9,9.74,9.77,48158893.0
2016-11-14,9.73,9.88,9.56,9.87,44743757.0
2016-11-15,10.08,10.4,10.08,10.34,61838932.0
2016-11-16,10.28,10.46,10.15,10.23,41178266.0
2016-11-17,10.44,10.48,10.12,10.13,40274923.0
2016-11-18,10.24,10.33,10.11,10.32,27764281.0
2016-11-21,10.6,10.79,10.56,10.77,42683621.0
2016-11-22,10.73,10.81,10.49,10.63,44223437.0
2016-11-23,10.6,10.77,10.56,10.67,26034085.0
2016-11-25,10.5,10.55,10.28,10.33,29733911.0
2016-11-28,10.47,10.59,10.35,10.44,58108078.0
2016-11-29,10.1,10.15,9.97,10.06,66883689.0
2016-11-30,10.67,11.1,10.67,10.93,110134817.0
2016-12-01,11.31,11.52,11.26,11.33,90764055.0
2016-12-02,11.4,11.51,11.32,11.48,38019989.0
2016-12-05,11.61,11.63,11.34,11.35,45313678.0
2016-12-06,11.22,11.35,11.18,11.29,30280673.0
2016-12-07,11.16,11.25,11.07,11.09,42264738.0
2016-12-08,11.15,11.31,11.07,11.31,32668001.0
2016-12-09,11.43,11.46,11.36,11.44,32810328.0
2016-12-12,11.9,11.94,11.58,11.62,52723604.0
2016-12-13,11.79,11.81,11.62,11.73,33085400.0
2016-12-14,11.59,11.72,11.3,11.32,40755901.0
2016-12-15,11.19,11.45,11.17,11.36,36515286.0
2016-12-16,11.44,11.58,11.39,11.55,34987229.0
2016-12-19,11.52,11.6,11.46,11.5,19114040.0
2016-12-20,11.67,11.72,11.57,11.62,18993134.0
2016-12-21,11.64,11.67,11.4,11.44,23003079.0
2016-12-22,11.5,11.59,11.46,11.46,18278482.0
2016-12-23,11.45,11.57,11.44,11.56,10596384.0
2016-12-27,11.64,11.79,11.64,11.73,14138698.0
2016-12-28,11.78,11.84,11.74,11.75,17702087.0
2016-12-29,11.75,11.81,11.68,11.72,16091368.0
2016-12-30,11.66,11.72,11.64,11.72,14843289.0
2017-01-03,11.98,12.0,11.36,11.44,36057276.0
2017-01-04,11.42,11.62,11.36,11.58,18035916.0
2017-01-05,11.69,11.79,11.5,11.7,21343375.0
2017-01-06,11.76,11.81,11.62,11.68,15266519.0
2017-01-09,11.52,11.52,11.3,11.31,20776155.0
2017-01-10,11.37,11.37,11.07,11.07,23758056.0
2017-01-11,11.21,11.48,11.06,11.37,32022230.0
2017-01-12,11.6,11.63,11.48,11.54,27286719.0
2017-01-13,11.45,11.53,11.37,11.41,15729943.0
2017-01-17,11.6,11.62,11.4,11.43,16968735.0
2017-01-18,11.19,11.37,11.08,11.16,30526745.0
2017-01-19,11.24,11.29,11.1,11.17,15664851.0
2017-01-20,11.45,11.5,11.37,11.39,26571982.0
2017-01-23,11.21,11.37,11.21,11.32,14644258.0
2017-01-24,11.37,11.48,11.36,11.37,15361771.0
2017-01-25,11.29,11.45,11.27,11.31,19071310.0
2017-01-26,11.44,11.58,11.42,11.53,21716707.0
2017-01-27,11.4,11.44,11.27,11.4,19895258.0
2017-01-30,11.35,11.35,11.23,11.28,16370946.0
2017-01-31,11.4,11.48,11.28,11.32,19161252.0
2017-02-01,11.42,11.55,11.33,11.48,20114472.0
2017-02-02,11.57,11.59,11.43,11.51,19694800.0
2017-02-03,11.49,11.62,11.46,11.54,20917171.0
2017-02-06,11.52,11.54,11.34,11.38,24398906.0
2017-02-07,11.21,11.23,11.11,11.19,37788414.0
2017-02-08,11.11,11.28,11.04,11.23,27465202.0
2017-02-09,11.38,11.39,11.29,11.35,20400344.0
2017-02-10,11.53,11.57,11.48,11.5,26596636.0
2017-02-13,11.37,11.4,11.3,11.32,20473869.0
2017-02-14,11.48,11.49,11.35,11.38,18542227.0
2017-02-15,11.33,11.45,11.32,11.36,19610279.0
2017-02-16,11.44,11.45,11.27,11.41,13772300.0
2017-02-17,11.32,11.41,11.31,11.39,13810214.0
2017-02-21,11.63,11.64,11.51,11.54,25140963.0
2017-02-22,11.38,11.4,11.32,11.36,18468845.0
2017-02-23,11.61,11.65,11.49,11.53,19207404.0
2017-02-24,11.44,11.51,11.44,11.46,11321854.0
2017-02-27,11.56,11.56,11.45,11.47,10346465.0
2017-02-28,11.36,11.46,11.28,11.45,16887309.0
2017-03-01,11.51,11.55,11.4,11.4,14546068.0
2017-03-02,11.21,11.29,11.15,11.17,21667178.0
2017-03-03,11.19,11.33,11.18,11.29,14425586.0
2017-03-06,11.32,11.36,11.24,11.28,15628465.0
2017-03-07,11.38,11.39,11.26,11.27,10880686.0
2017-03-08,11.11,11.21,10.62,10.67,65582905.0
2017-03-09,10.57,10.59,10.32,10.53,48180350.0
2017-03-10,10.52,10.52,10.25,10.29,43615554.0
2017-03-13,10.29,10.34,10.22,10.28,41075019.0
2017-03-14,10.11,10.21,10.02,10.19,43627144.0
2017-03-15,10.31,10.41,10.24,10.38,34078194.0
2017-03-16,10.39,10.4,10.29,10.36,22412922.0
2017-03-17,10.42,10.43,10.32,10.33,17882941.0
2017-03-20,10.26,10.36,10.22,10.27,13756877.0
2017-03-21,10.3,10.33,10.07,10.11,24793312.0
2017-03-22,10.01,10.14,9.88,10.12,22348042.0
2017-03-23,10.04,10.07,9.99,10.01,18586177.0
2017-03-24,10.05,10.1,9.98,10.09,16114011.0
2017-03-27,9.93,10.04,9.88,10.04,22487006.0
2017-03-28,10.11,10.23,10.09,10.15,17806817.0
2017-03-29,10.18,10.4,10.17,10.37,23149942.0
2017-03-30,10.47,10.59,10.44,10.57,28542006.0
2017-03-31,10.52,10.66,10.51,10.64,19417673.0
2017-04-03,10.61,10.63,10.52,10.55,16795288.0
2017-04-04,10.63,10.74,10.59,10.71,24367378.0
2017-04-05,10.84,10.89,10.65,10.68,28958048.0
2017-04-06,10.82,10.88,10.8,10.86,21917427.0
2017-04-07,10.89,10.97,10.87,10.96,19208479.0
2017-04-10,11.07,11.14,11.04,11.14,22113700.0
2017-04-11,11.13,11.21,11.06,11.17,24534603.0
2017-04-12,11.24,11.26,11.08,11.11,25764690.0
2017-04-13,11.18,11.2,11.1,11.13,17369402.0
2017-04-17,11.13,11.15,11.04,11.06,14844873.0
2017-04-18,11.0,11.1,10.94,11.04,14486760.0
2017-04-19,11.03,11.05,10.52,10.62,50282558.0
2017-04-20,10.58,10.68,10.52,10.54,28858585.0
2017-04-21,10.55,10.55,10.25,10.32,38628797.0
2017-04-24,10.29,10.31,10.21,10.25,27741819.0
2017-04-25,10.23,10.38,10.18,10.36,23677938.0
2017-04-26,10.24,10.46,10.22,10.26,26797920.0
2017-04-27,10.13,10.26,10.04,10.24,33983256.0
2017-04-28,10.29,10.33,10.17,10.24,15876270.0
2017-05-01,10.19,10.21,10.12,10.15,16053273.0
2017-05-02,10.17,10.17,9.86,9.92,42982240.0
2017-05-03,9.96,10.0,9.86,9.93,36511619.0
2017-05-04,9.75,9.76,9.43,9.46,70192184.0
2017-05-05,9.47,9.72,9.47,9.66,35545570.0
2017-05-08,9.65,9.75,9.53,9.67,30485948.0
2017-05-09,9.64,9.67,9.48,9.57,20381082.0
2017-05-10,9.7,9.95,9.68,9.86,33356545.0
2017-05-11,9.99,10.04,9.9,9.94,19365604.0
2017-05-12,9.97,9.98,9.85,9.95,19431590.0
2017-05-15,10.27,10.28,10.13,10.17,36708820.0
2017-05-16,10.22,10.26,10.09,10.11,16811826.0
2017-05-17,10.19,10.29,10.09,10.19,27048876.0
2017-05-18,10.13,10.31,10.09,10.26,21287925.0
2017-05-19,10.39,10.49,10.38,10.48,24495394.0
2017-05-22,10.55,10.6,10.5,10.54,24493107.0
2017-05-23,10.58,10.65,10.54,10.64,26245570.0
2017-05-24,10.62,10.7,10.54,10.6,33160277.0
2017-05-25,10.5,10.58,10.01,10.04,83752275.0
2017-05-26,10.14,10.3,10.08,10.28,31402079.0
2017-05-30,10.17,10.29,10.13,10.24,15906574.0
2017-05-31,9.98,10.04,9.86,9.96,33200272.0
2017-06-01,10.01,10.16,9.91,9.91,29858115.0
2017-06-02,9.83,9.93,9.73,9.86,30707121.0
2017-06-05,9.72,9.81,9.68,9.8,28108717.0
2017-06-06,9.74,9.99,9.73,9.97,26328942.0
2017-06-07,9.84,9.88,9.44,9.46,58660073.0
2017-06-08,9.4,9.53,9.37,9.43,40780303.0
2017-06-09,9.44,9.54,9.41,9.49,25615145.0
2017-06-12,9.61,9.65,9.51,9.52,25471559.0
2017-06-13,9.51,9.62,9.41,9.6,25842332.0
2017-06-14,9.54,9.59,9.2,9.23,60527455.0
2017-06-15,9.22,9.24,9.16,9.18,31580288.0
2017-06-16,9.26,9.27,9.2,9.24,21385178.0
2017-06-19,9.27,9.3,9.11,9.12,25750476.0
2017-06-20,8.92,8.97,8.83,8.95,48421893.0
2017-06-21,8.97,9.09,8.65,8.71,60919540.0
2017-06-22,8.8,8.91,8.77,8.78,31567322.0
2017-06-23,8.8,8.89,8.75,8.86,31012053.0
2017-06-26,8.88,8.96,8.76,8.93,37239187.0
2017-06-27,8.99,9.14,8.98,9.1,29084505.0
2017-06-28,9.1,9.22,9.03,9.2,29361637.0
2017-06-29,9.27,9.34,9.18,9.21,31222998.0
2017-06-30,9.32,9.5,9.29,9.5,32667954.0
2017-07-03,9.55,9.63,9.54,9.62,20200793.0
2017-07-05,9.56,9.58,9.23,9.25,68116109.0
2017-07-06,9.44,9.56,9.29,9.31,41942196.0
2017-07-07,9.19,9.2,9.0,9.1,43291283.0
2017-07-10,9.04,9.22,9.02,9.13,27664410.0
2017-07-11,9.11,9.31,9.08,9.27,13687454.0
2017-07-12,9.47,9.55,9.27,9.34,20704493.0
2017-07-13,9.38,9.5,9.36,9.47,10262966.0
2017-07-14,9.54,9.61,9.48,9.58,12927566.0
2017-07-17,9.55,9.6,9.45,9.46,13065215.0
2017-07-18,9.6,9.61,9.47,9.55,15104621.0
2017-07-19,9.57,9.72,9.57,9.69,25576710.0
2017-07-20,9.77,9.78,9.58,9.6,10607320.0
2017-07-21,9.57,9.57,9.32,9.35,22099628.0
2017-07-24,9.46,9.52,9.45,9.5,11136137.0
2017-07-25,9.69,9.82,9.65,9.81,14215984.0
2017-07-26,9.9,10.01,9.8,9.97,19406899.0
2017-07-27,10.03,10.08,9.93,10.06,26970962.0
2017-07-28,10.1,10.2,10.08,10.18,17145726.0
2017-07-31,10.15,10.32,10.07,10.28,32549241.0
2017-08-01,10.17,10.18,9.9,10.09,24336146.0
2017-08-02,10.08,10.17,9.95,10.14,12868175.0
2017-08-03,10.22,10.23,9.99,10.02,13189141.0
2017-08-04,10.04,10.16,9.97,10.13,9533379.0
2017-08-07,10.02,10.12,9.94,10.09,11260429.0
2017-08-08,10.04,10.15,10.01,10.06,12767053.0
2017-08-09,10.12,10.16,10.04,10.15,17346631.0
2017-08-10,10.24,10.25,9.9,9.91,24936594.0
2017-08-11,9.88,10.03,9.83,9.99,14900202.0
2017-08-14,9.98,10.06,9.71,9.72,25261669.0
2017-08-15,9.66,9.76,9.63,9.75,19875802.0
2017-08-16,9.77,9.85,9.56,9.57,37689651.0
2017-08-17,9.54,9.67,9.52,9.62,15970794.0
2017-08-18,9.66,9.98,9.59,9.97,30468017.0
2017-08-21,9.87,9.91,9.64,9.71,30278992.0
2017-08-22,9.76,9.84,9.72,9.77,14248589.0
2017-08-23,9.76,9.9,9.73,9.88,16572354.0
2017-08-24,9.79,9.8,9.61,9.71,18166712.0
2017-08-25,9.7,9.78,9.69,9.75,15187523.0
2017-08-28,9.69,9.7,9.42,9.53,32482405.0
2017-08-29,9.48,9.5,9.34,9.46,19661017.0
2017-08-30,9.4,9.54,9.36,9.38,18890647.0
2017-08-31,9.49,9.69,9.49,9.63,25509711.0
2017-09-01,9.6,9.67,9.51,9.67,16012332.0
2017-09-05,9.91,10.0,9.89,9.92,24644276.0
2017-09-06,10.02,10.09,9.96,10.04,20626779.0
2017-09-07,9.98,10.06,9.96,10.03,20804762.0
2017-09-08,9.99,10.02,9.67,9.73,24078264.0
2017-09-11,9.67,9.86,9.61,9.82,16411148.0
2017-09-12,9.83,9.89,9.8,9.87,14170325.0
2017-09-13,9.92,10.07,9.89,10.07,22544969.0
2017-09-14,10.17,10.28,10.11,10.13,25561039.0
2017-09-15,10.19,10.22,10.14,10.2,16084408.0
2017-09-18,10.14,10.2,10.04,10.17,18930541.0
2017-09-19,10.22,10.24,10.05,10.11,15231806.0
2017-09-20,10.19,10.33,10.13,10.24,23015518.0
2017-09-21,10.18,10.26,10.13,10.25,11603326.0
2017-09-22,10.2,10.26,10.18,10.24,13084777.0
2017-09-25,10.34,10.56,10.34,10.55,29848161.0
2017-09-26,10.46,10.51,10.39,10.49,14391971.0
2017-09-27,10.52,10.56,10.44,10.52,16026542.0
2017-09-28,10.63,10.65,10.35,10.43,18687225.0
2017-09-29,10.39,10.46,10.36,10.43,13117218.0
2017-10-02,10.17,10.23,10.12,10.21,17720956.0
2017-10-03,10.21,10.25,10.16,10.18,11278857.0
2017-10-04,10.18,10.24,10.06,10.08,13078022.0
2017-10-05,10.14,10.35,10.13,10.25,12987388.0
2017-10-06,10.01,10.02,9.92,9.97,23509646.0
2017-10-09,10.03,10.06,9.96,10.0,10976253.0
2017-10-10,10.2,10.32,10.19,10.28,15506582.0
2017-10-11,10.31,10.37,10.22,10.36,13904328.0
2017-10-12,10.17,10.29,10.13,10.23,15218497.0
2017-10-13,10.38,10.4,10.29,10.37,18411888.0
2017-10-16,10.53,10.54,10.42,10.46,16045687.0
2017-10-17,10.47,10.53,10.33,10.49,16405144.0
2017-10-18,10.51,10.55,10.43,10.48,13461879.0
2017-10-19,10.34,10.42,10.32,10.35,11579090.0
2017-10-20,10.29,10.44,10.29,10.43,11985252.0
2017-10-23,10.47,10.49,10.37,10.42,11346150.0
2017-10-24,10.48,10.55,10.39,10.54,18370740.0
2017-10-25,10.48,10.52,10.42,10.48,17232987.0
2017-10-26,10.45,10.58,10.43,10.57,15344003.0
2017-10-27,10.56,10.85,10.55,10.84,24699004.0
2017-10-30,10.9,10.93,10.81,10.87,12586364.0
2017-10-31,10.85,10.96,10.83,10.93,14033154.0
2017-11-01,11.03,11.06,10.82,10.9,21152044.0
2017-11-02,10.9,11.01,10.87,10.99,10079321.0
2017-11-03,11.0,11.2,10.93,11.18,18851219.0
2017-11-06,11.19,11.57,11.17,11.51,30754163.0
2017-11-07,11.47,11.53,11.42,11.49,17894808.0
2017-11-08,11.44,11.63,11.33,11.41,37214584.0
2017-11-09,11.42,11.55,11.4,11.46,19683741.0
2017-11-10,11.48,11.52,11.36,11.42,11712994.0
2017-11-13,11.42,11.48,11.31,11.38,13898548.0
2017-11-14,11.35,11.36,11.08,11.13,21526545.0
2017-11-15,11.08,11.15,11.02,11.09,13776515.0
2017-11-16,11.07,11.17,11.03,11.07,12232035.0
2017-11-17,11.21,11.36,11.2,11.35,16387227.0
2017-11-20,11.27,11.29,11.15,11.28,11437959.0
2017-11-21,11.3,11.45,11.3,11.4,12239270.0
2017-11-22,11.55,11.62,11.47,11.6,17969271.0
2017-11-24,11.74,11.79,11.7,11.79,9394133.0
2017-11-27,11.65,11.68,11.51,11.59,13886044.0
2017-11-28,11.56,11.63,11.53,11.58,8109512.0
2017-11-29,11.58,11.66,11.36,11.47,16093700.0
2017-11-30,11.55,11.58,11.37,11.47,17819057.0
2017-12-01,11.65,11.78,11.6,11.67,14145162.0
2017-12-04,11.54,11.58,11.47,11.49,12187683.0
2017-12-05,11.47,11.59,11.46,11.54,12914366.0
2017-12-06,11.4,11.41,11.18,11.2,19389020.0
2017-12-07,11.27,11.36,11.26,11.33,9103383.0
2017-12-08,11.52,11.55,11.4,11.49,9426614.0
2017-12-11,11.54,11.61,11.5,11.6,14382892.0
2017-12-12,11.64,11.64,11.37,11.44,24854881.0
2017-12-13,11.46,11.48,11.3,11.33,18213131.0
2017-12-14,11.22,11.43,11.21,11.43,9073187.0
2017-12-15,11.47,11.49,11.4,11.46,9608485.0
2017-12-18,11.5,11.53,11.37,11.44,13067997.0
2017-12-19,11.48,11.51,11.45,11.51,6849080.0
2017-12-20,11.54,11.62,11.48,11.61,10117836.0
2017-12-21,11.54,11.67,11.52,11.64,11135624.0
2017-12-22,11.58,11.69,11.58,11.66,6591445.0
2017-12-26,11.73,11.99,11.72,11.95,17599019.0
2017-12-27,11.93,11.96,11.87,11.92,8270168.0
2017-12-28,11.91,11.98,11.88,11.97,12368100.0
2017-12-29,12.02,12.09,11.98,12.01,11801945.0
2018-01-02,12.07,12.1,12.01,12.07,11980668.0
2018-01-03,12.17,12.36,12.17,12.34,17249213.0
2018-01-04,12.33,12.42,12.31,12.37,11847874.0
2018-01-05,12.28,12.33,12.21,12.31,12879130.0
2018-01-08,12.31,12.38,12.27,12.38,9833756.0
2018-01-09,12.41,12.64,12.37,12.57,21329175.0
2018-01-10,12.67,12.71,12.6,12.68,14572367.0
2018-01-11,12.76,12.92,12.7,12.7,20632768.0
2018-01-12,12.68,12.89,12.65,12.87,22801559.0
2018-01-16,12.81,12.86,12.68,12.76,18222757.0
2018-01-17,12.73,12.84,12.71,12.78,15944057.0
2018-01-18,12.75,12.85,12.7,12.76,16605667.0
2018-01-19,12.68,12.74,12.61,12.72,17345358.0
2018-01-22,12.68,12.84,12.63,12.78,14929803.0
2018-01-23,12.84,12.99,12.83,12.97,16617946.0
2018-01-24,12.94,13.23,12.91,13.22,26137783.0
2018-01-25,13.28,13.3,13.03,13.06,16774374.0
2018-01-26,13.11,13.29,13.1,13.24,31775936.0
2018-01-29,13.11,13.15,13.01,13.11,15828935.0
2018-01-30,12.94,12.95,12.84,12.9,34429376.0
2018-01-31,12.91,13.01,12.79,12.98,21262581.0
2018-02-01,13.08,13.26,13.03,13.24,20074205.0
2018-02-02,13.12,13.17,12.92,13.04,28757490.0
2018-02-05,13.03,13.07,12.73,12.77,30728571.0
2018-02-06,12.7,12.88,12.67,12.7,23636290.0
2018-02-07,12.72,12.81,12.28,12.37,36909290.0
2018-02-08,12.42,12.44,12.08,12.09,27259514.0
2018-02-09,12.11,12.14,11.65,11.86,43183149.0
2018-02-12,11.98,12.1,11.87,11.89,16312145.0
2018-02-13,11.79,11.93,11.71,11.87,18982086.0
2018-02-14,11.73,12.23,11.69,12.18,35759101.0
2018-02-15,12.09,12.36,11.99,12.33,19248312.0
2018-02-16,12.27,12.44,12.22,12.38,17782496.0
2018-02-20,12.42,12.56,12.35,12.39,21757894.0
2018-02-21,12.33,12.44,12.28,12.29,11380351.0
2018-02-22,12.46,12.69,12.38,12.59,19294675.0
2018-02-23,12.61,12.82,12.6,12.77,18401047.0
2018-02-26,12.73,12.92,12.68,12.86,13987370.0
2018-02-27,12.84,12.85,12.61,12.65,17031620.0
2018-02-28,12.71,12.76,12.34,12.37,27806389.0
2018-03-01,12.26,12.38,12.11,12.35,25910941.0
2018-03-02,12.22,12.37,12.1,12.37,18037730.0
2018-03-05,12.33,12.63,12.32,12.59,19666823.0
2018-03-06,12.62,12.64,12.51,12.57,18055858.0
2018-03-07,12.48,12.59,12.19,12.35,24957736.0
2018-03-08,12.32,12.33,12.08,12.15,23049842.0
2018-03-09,12.27,12.5,12.26,12.47,19384843.0
2018-03-12,12.41,12.44,12.22,12.37,17481070.0
2018-03-13,12.31,12.5,12.15,12.24,24193920.0
2018-03-14,12.28,12.34,12.14,12.28,18557000.0
2018-03-15,12.35,12.42,12.29,12.34,11738850.0
2018-03-16,12.35,12.62,12.32,12.55,27880655.0
2018-03-19,12.57,12.58,12.39,12.55,22842899.0
2018-03-20,12.76,12.9,12.71,12.81,18254697.0
2018-03-21,12.96,13.21,12.93,13.18,23088220.0
2018-03-22,13.01,13.05,12.93,12.95,15731601.0
2018-03-23,13.09,13.3,13.08,13.28,18159099.0
2018-03-26,13.23,13.28,13.12,13.21,24974652.0
2018-03-27,13.28,13.29,13.04,13.08,20617322.0
2018-03-28,13.02,13.13,12.85,13.04,18983224.0
2018-03-29,12.99,13.16,12.94,13.09,16324632.0
2018-04-02,12.98,12.98,12.7,12.74,19310393.0
2018-04-03,12.78,12.86,12.72,12.81,9174620.0
2018-04-04,12.55,12.83,12.52,12.82,20310796.0
2018-04-05,12.82,12.94,12.74,12.83,17246322.0
2018-04-06,12.8,12.85,12.47,12.51,25180083.0
2018-04-09,12.69,12.83,12.67,12.77,12814071.0
2018-04-10,13.02,13.27,13.02,13.25,23781394.0
2018-04-11,13.3,13.59,13.25,13.45,24684455.0
2018-04-12,13.4,13.54,13.3,13.52,14872045.0
2018-04-13,13.55,13.64,13.5,13.55,14162755.0
2018-04-16,13.49,13.5,13.34,13.38,14024621.0
2018-04-17,13.27,13.44,13.24,13.41,13155118.0
2018-04-18,13.7,13.9,13.64,13.88,26579147.0
2018-04-19,13.95,14.0,13.72,13.77,17428411.0
2018-04-20,13.66,13.84,13.62,13.75,11831036.0
2018-04-23,13.61,13.94,13.55,13.92,16592750.0
2018-04-24,13.85,14.0,13.63,13.68,20080440.0
2018-04-25,13.69,13.76,13.55,13.72,13658502.0
2018-04-26,13.83,13.84,13.67,13.77,17213657.0
2018-04-27,13.68,13.8,13.67,13.73,12811821.0
2018-04-30,13.62,14.0,13.6,13.8,28937298.0
2018-05-01,13.69,13.7,13.5,13.61,16092085.0
2018-05-02,13.56,13.76,13.51,13.67,13822987.0
2018-05-03,13.63,13.85,13.58,13.82,12157991.0
2018-05-04,13.83,14.13,13.83,14.09,18774054.0
2018-05-07,14.19,14.3,14.03,14.1,28789204.0
2018-05-08,14.18,14.22,13.66,14.06,52862466.0
2018-05-09,14.27,14.41,14.26,14.37,19482464.0
2018-05-10,14.38,14.44,14.25,14.41,15627078.0
2018-05-11,14.37,14.43,14.24,14.25,14069998.0
2018-05-14,14.3,14.4,14.29,14.38,16266454.0
2018-05-15,14.37,14.44,14.25,14.4,17895704.0
2018-05-16,14.34,14.48,14.3,14.46,13464160.0
2018-05-17,14.54,14.63,14.4,14.49,17198942.0
2018-05-18,14.44,14.5,14.37,14.43,12458114.0
2018-05-21,14.48,14.67,14.47,14.67,13455064.0
2018-05-22,14.65,14.74,14.55,14.56,19676003.0
2018-05-23,14.53,14.58,14.39,14.51,16091521.0
2018-05-24,14.29,14.4,14.27,14.29,15453919.0
2018-05-25,13.93,13.93,13.65,13.68,40562447.0
2018-05-29,13.57,13.6,13.33,13.51,26313043.0
2018-05-30,13.58,13.85,13.58,13.83,24120862.0
2018-05-31,13.58,13.79,13.46,13.55,24246011.0
2018-06-01,13.41,13.52,13.25,13.25,22948092.0
2018-06-04,13.3,13.33,13.06,13.12,19875538.0
2018-06-05,13.03,13.26,13.0,13.22,22309270.0
2018-06-06,13.19,13.25,13.0,13.16,16929704.0
2018-06-07,13.21,13.36,13.2,13.35,14214616.0
2018-06-08,13.31,13.39,13.18,13.27,15834093.0
2018-06-11,13.17,13.42,13.15,13.36,14690572.0
2018-06-12,13.34,13.49,13.33,13.4,19473325.0
2018-06-13,13.35,13.52,13.33,13.47,17456905.0
2018-06-14,13.55,13.56,13.4,13.52,13338003.0
2018-06-15,13.44,13.44,13.04,13.05,27494454.0
2018-06-18,13.17,13.33,13.12,13.29,17784930.0
2018-06-19,13.1,13.21,13.01,13.14,15998163.0
2018-06-20,13.32,13.44,13.15,13.28,20321907.0
2018-06-21,13.14,13.41,13.12,13.31,17963038.0
2018-06-22,13.71,14.03,13.59,14.02,32987951.0
2018-06-25,14.01,14.05,13.73,13.77,24799566.0
2018-06-26,13.91,14.31,13.79,14.27,33655982.0
2018-06-27,14.49,14.8,14.48,14.65,34440894.0
2018-06-28,14.73,14.99,14.69,14.86,31061497.0
2018-06-29,14.93,15.08,14.92,15.06,21610013.0
2018-07-02,15.0,15.06,14.87,14.96,21536155.0
2018-07-03,15.19,15.25,14.73,14.92,21090920.0
2018-07-05,15.0,15.05,14.7,14.78,21897222.0
2018-07-06,14.67,14.98,14.66,14.96,18945080.0
2018-07-09,14.97,15.03,14.81,15.03,12898179.0
2018-07-10,15.11,15.17,14.98,15.07,15415201.0
2018-07-11,14.88,15.03,14.22,14.31,38408316.0
2018-07-12,14.38,14.45,14.14,14.39,23510409.0
2018-07-13,14.42,14.66,14.4,14.47,19184333.0
2018-07-16,14.2,14.23,13.86,13.94,31202198.0
2018-07-17,13.84,14.05,13.76,13.95,54456488.0
2018-07-18,13.85,14.11,13.78,14.1,22275427.0
2018-07-19,14.08,14.29,14.03,14.13,22130335.0
2018-07-20,14.18,14.23,14.07,14.15,22809485.0
2018-07-23,14.32,14.4,14.05,14.09,23495982.0
2018-07-24,14.11,14.35,14.11,14.23,19964514.0
2018-07-25,14.28,14.48,14.17,14.42,21492682.0
2018-07-26,14.34,14.54,14.34,14.47,15826339.0
2018-07-27,14.45,14.5,14.19,14.32,15063328.0
2018-07-30,14.59,14.64,14.52,14.54,17240295.0
2018-07-31,14.38,14.4,14.24,14.28,16243925.0
2018-08-01,14.09,14.22,13.99,14.09,18113809.0
2018-08-02,14.01,14.42,13.98,14.36,17357270.0
2018-08-03,14.31,14.35,14.11,14.27,16502416.0
2018-08-06,14.4,14.54,14.3,14.31,20448211.0
2018-08-07,14.43,14.48,14.34,14.36,13378816.0
2018-08-08,14.19,14.19,13.8,13.9,28880125.0
2018-08-09,13.97,14.03,13.87,13.88,16149462.0
2018-08-10,14.01,14.12,13.99,14.08,18042214.0
2018-08-13,14.01,14.05,13.68,14.01,27384348.0
2018-08-14,14.22,14.23,13.89,13.99,18942254.0
2018-08-15,13.78,13.79,13.44,13.51,47568256.0
2018-08-16,13.57,13.65,13.52,13.63,18469009.0
2018-08-17,13.81,13.82,13.61,13.69,20418931.0
2018-08-20,13.69,13.8,13.66,13.76,17522630.0
2018-08-21,13.96,13.98,13.81,13.83,10723577.0
2018-08-22,14.13,14.32,14.06,14.27,20301551.0
2018-08-23,14.2,14.31,14.16,14.27,11531097.0
2018-08-24,14.5,14.58,14.36,14.43,14303278.0
2018-08-27,14.48,14.51,14.41,14.5,10867579.0
2018-08-28,14.51,14.51,14.35,14.43,10730074.0
2018-08-29,14.53,14.67,14.48,14.66,17719537.0
2018-08-30,14.69,14.83,14.64,14.75,14333871.0
2018-08-31,14.73,14.78,14.65,14.71,11002802.0
2018-09-04,14.85,14.87,14.53,14.58,15035839.0
2018-09-05,14.58,14.64,14.44,14.49,12873608.0
2018-09-06,14.46,14.49,14.1,14.3,15539104.0
2018-09-07,14.13,14.29,14.07,14.28,13748704.0
2018-09-10,14.38,14.42,14.17,14.21,9941266.0
2018-09-11,14.27,14.63,14.23,14.6,12411234.0
2018-09-12,14.75,14.96,14.73,14.78,18648457.0
2018-09-13,14.61,14.67,14.39,14.49,18426742.0
2018-09-14,14.48,14.71,14.31,14.5,16358244.0
2018-09-17,14.61,14.66,14.42,14.47,14423260.0
2018-09-18,14.69,14.81,14.59,14.69,14687636.0
2018-09-19,14.74,14.95,14.73,14.94,17463391.0
2018-09-20,15.02,15.05,14.78,14.8,14768638.0
2018-09-21,14.99,15.15,14.78,14.96,28359874.0
2018-09-24,15.22,15.36,15.17,15.25,24690757.0
2018-09-25,15.32,15.36,15.18,15.27,18303860.0
2018-09-26,15.17,15.24,15.09,15.11,11065241.0
2018-09-27,15.26,15.27,15.15,15.26,11781884.0
2018-09-28,15.24,15.57,15.23,15.52,18517126.0
2018-10-01,15.5,16.0,15.45,15.95,26235315.0
2018-10-02,15.95,15.96,15.83,15.87,15998017.0
2018-10-03,15.85,16.24,15.67,16.08,26224154.0
2018-10-04,16.03,16.03,15.61,15.74,26401654.0
2018-10-05,15.72,15.88,15.6,15.69,26026296.0
2018-10-08,15.56,15.71,15.53,15.68,19786746.0
2018-10-09,15.78,15.9,15.64,15.82,23300612.0
2018-10-10,15.77,15.77,15.37,15.38,18077901.0
2018-10-11,15.22,15.27,14.89,14.95,29788508.0
2018-10-12,15.14,15.16,14.92,15.12,26727151.0
2018-10-15,15.12,15.17,14.97,15.13,22378020.0
2018-10-16,15.09,15.27,15.05,15.19,18469635.0
2018-10-17,15.05,15.06,14.69,14.82,31607611.0
2018-10-18,14.56,14.76,14.51,14.56,23906661.0
2018-10-19,14.68,14.8,14.63,14.72,20596430.0
2018-10-22,14.6,14.75,14.5,14.74,17461776.0
2018-10-23,14.36,14.39,13.93,14.04,46733942.0
2018-10-24,14.24,14.34,14.04,14.05,27013992.0
2018-10-25,14.18,14.33,14.16,14.21,15381020.0
2018-10-26,14.12,14.38,14.06,14.33,21719605.0
2018-10-29,14.25,14.28,14.04,14.11,21263340.0
2018-10-30,13.9,14.16,13.87,14.03,19665606.0
2018-10-31,13.99,14.13,13.77,13.79,31990791.0
2018-11-01,13.86,13.86,13.37,13.46,36053910.0
2018-11-02,13.42,13.52,13.28,13.31,28761425.0
2018-11-05,13.49,13.59,13.29,13.3,19649377.0
2018-11-06,13.39,13.42,12.99,13.18,29618559.0
2018-11-07,13.26,13.31,12.98,13.06,25920300.0
2018-11-08,12.99,13.06,12.82,12.84,27401016.0
2018-11-09,12.65,12.84,12.57,12.7,30864707.0
2018-11-12,12.86,12.97,12.44,12.48,34847028.0
2018-11-13,12.42,12.48,11.62,11.69,84955731.0
2018-11-14,12.02,12.17,11.88,11.95,55488791.0
2018-11-15,11.99,12.16,11.93,11.98,39391896.0
2018-11-16,12.2,12.3,11.87,12.07,30346989.0
2018-11-19,11.88,12.18,11.7,12.14,34529555.0
2018-11-20,11.83,11.9,11.16,11.27,72177728.0
2018-11-21,11.51,11.82,11.42,11.52,38220825.0
2018-11-23,10.88,10.94,10.69,10.83,55536358.0
2018-11-26,10.95,11.06,10.88,10.94,39021571.0
2018-11-27,10.97,11.08,10.64,10.95,36086059.0
2018-11-28,10.85,11.04,10.6,10.66,48781752.0
2018-11-29,10.84,11.04,10.76,10.87,33119857.0
2018-11-30,10.63,10.93,10.51,10.73,46819788.0
2018-12-03,11.27,11.27,11.02,11.27,32356385.0
2018-12-04,11.25,11.35,11.15,11.18,27194420.0
2018-12-06,10.86,11.0,10.6,10.94,45909398.0
2018-12-07,11.37,11.48,11.08,11.11,43287617.0
2018-12-10,10.87,11.03,10.7,10.75,31402081.0
2018-12-11,11.04,11.1,10.85,10.95,20848334.0
2018-12-12,11.07,11.13,10.79,10.82,26275982.0
2018-12-13,10.74,11.27,10.72,11.21,53082687.0
2018-12-14,11.09,11.1,10.78,10.82,35792031.0
2018-12-17,10.89,10.91,10.41,10.45,40129621.0
2018-12-18,10.41,10.41,9.73,9.79,56381949.0
2018-12-19,9.97,10.2,9.92,10.02,38468526.0
2018-12-20,9.81,9.96,9.64,9.72,44132564.0
2018-12-21,9.62,9.78,9.54,9.57,38901239.0
2018-12-24,9.49,9.52,9.28,9.29,21598185.0
2018-12-26,9.25,9.92,9.23,9.9,40978797.0
2018-12-27,9.59,9.65,9.37,9.62,36578668.0
2018-12-28,9.54,9.65,9.38,9.53,22803367.0
2018-12-31,9.63,9.71,9.44,9.66,28417418.0
2019-01-02,9.42,10.08,9.36,9.85,33102840.0
2019-01-03,9.99,10.01,9.66,9.95,32218997.0
2019-01-04,10.17,10.39,10.06,10.18,38916079.0
2019-01-07,10.27,10.52,10.23,10.29,32249126.0
2019-01-08,10.43,10.55,10.36,10.5,29153196.0
2019-01-09,10.81,11.1,10.69,11.05,49188286.0
2019-01-10,10.89,11.14,10.85,11.1,21177995.0
2019-01-11,10.98,11.05,10.81,10.9,28613503.0
2019-01-14,10.81,10.93,10.63,10.69,31060288.0
2019-01-15,10.85,11.04,10.85,11.0,23915857.0
2019-01-16,10.95,11.07,10.82,11.06,32753269.0
2019-01-17,10.88,11.1,10.77,11.03,35852765.0
2019-01-18,11.12,11.37,11.04,11.31,40840246.0
2019-01-22,11.09,11.16,10.93,11.12,36777376.0
2019-01-23,11.17,11.19,10.89,11.05,29044810.0
2019-01-24,11.06,11.23,11.03,11.17,21986922.0
2019-01-25,11.2,11.3,11.16,11.25,17767819.0
2019-01-28,10.94,10.97,10.78,10.95,28911258.0
2019-01-29,11.12,11.33,11.12,11.16,22782631.0
2019-01-30,11.34,11.54,11.29,11.4,20660028.0
2019-01-31,11.5,11.63,11.26,11.35,27546788.0
2019-02-01,11.4,11.69,11.39,11.63,18899820.0
2019-02-04,11.38,11.52,11.2,11.5,19827783.0
2019-02-05,11.28,11.47,11.23,11.29,21945270.0
2019-02-06,11.21,11.41,11.13,11.32,19192848.0
2019-02-07,11.26,11.29,10.88,11.07,22222591.0
2019-02-08,11.1,11.13,10.97,11.08,13876829.0
2019-02-11,10.84,11.06,10.77,11.01,23566949.0
2019-02-12,11.32,11.34,11.13,11.16,17871135.0
2019-02-13,11.3,11.47,11.29,11.34,20781780.0
2019-02-14,11.27,11.48,11.17,11.48,27164175.0
2019-02-15,11.61,11.73,11.57,11.71,18769437.0
2019-02-19,11.64,11.8,11.63,11.78,21093934.0
2019-02-20,11.73,12.02,11.72,11.93,17007286.0
2019-02-21,11.89,11.94,11.83,11.88,13234696.0
2019-02-22,12.0,12.06,11.93,11.95,13080873.0
2019-02-25,11.73,11.77,11.5,11.57,28525157.0
2019-02-26,11.61,11.7,11.54,11.63,19945782.0
2019-02-27,11.83,11.99,11.76,11.89,21507775.0
2019-02-28,11.92,11.99,11.85,11.95,14269061.0
2019-03-01,11.95,12.03,11.61,11.66,31673628.0
2019-03-04,11.84,11.91,11.68,11.8,22033639.0
2019-03-05,11.91,11.93,11.76,11.82,20721661.0
2019-03-06,11.71,11.79,11.58,11.75,25802169.0
2019-03-07,11.83,11.86,11.75,11.81,17770229.0
2019-03-08,11.51,11.74,11.39,11.73,29557460.0
2019-03-11,11.87,11.9,11.77,11.86,22495987.0
2019-03-12,11.94,12.02,11.85,11.89,16419456.0
2019-03-13,12.05,12.21,12.03,12.19,29013611.0
2019-03-14,12.22,12.27,12.14,12.22,21184588.0
2019-03-15,12.08,12.24,12.06,12.2,16246196.0
2019-03-18,12.23,12.37,12.21,12.31,18439465.0
2019-03-19,12.38,12.41,12.24,12.28,15588123.0
2019-03-20,12.27,12.52,12.25,12.5,19568759.0
2019-03-21,12.48,12.55,12.39,12.44,14933624.0
2019-03-22,12.3,12.32,12.11,12.23,22739882.0
2019-03-25,12.18,12.33,12.08,12.25,19662690.0
2019-03-26,12.49,12.54,12.4,12.47,16380993.0
2019-03-27,12.49,12.51,12.22,12.34,19128770.0
2019-03-28,12.15,12.35,12.14,12.35,20701070.0
2019-03-29,12.56,12.56,12.42,12.5,17631522.0
2019-04-01,12.62,12.83,12.58,12.82,22855469.0
2019-04-02,12.88,13.04,12.85,13.01,23211381.0
2019-04-03,13.0,13.06,12.9,12.99,24301961.0
2019-04-04,12.98,13.04,12.86,12.92,17377005.0
2019-04-05,12.98,13.17,12.97,13.15,18759334.0
2019-04-08,13.23,13.41,13.23,13.4,23859479.0
2019-04-09,13.35,13.38,13.24,13.33,27393762.0
2019-04-10,13.38,13.46,13.33,13.41,16866071.0
2019-04-11,13.34,13.38,13.18,13.27,18878009.0
2019-04-12,13.36,13.4,13.28,13.3,18541304.0
2019-04-15,13.23,13.29,13.14,13.24,15836518.0
2019-04-16,13.23,13.38,13.13,13.37,13449310.0
2019-04-17,13.38,13.39,13.26,13.28,15459731.0
2019-04-18,13.3,13.34,13.23,13.32,12393091.0
2019-04-22,13.61,13.72,13.6,13.67,20381729.0
2019-04-23,13.72,13.86,13.71,13.79,18523447.0
2019-04-24,13.81,13.82,13.66,13.68,15033462.0
2019-04-25,13.69,13.73,13.5,13.53,17562452.0
2019-04-26,13.38,13.39,12.96,13.09,42154080.0
2019-04-29,13.15,13.25,13.05,13.23,23410193.0
2019-04-30,13.35,13.36,13.18,13.29,16771417.0
2019-05-01,13.28,13.31,13.06,13.22,25771769.0
2019-05-02,12.92,12.94,12.69,12.82,42308912.0
2019-05-03,12.87,13.01,12.85,12.87,26193802.0
2019-05-06,12.79,13.11,12.79,13.07,37932022.0
2019-05-07,12.78,12.85,12.63,12.73,29944937.0
2019-05-08,12.78,12.98,12.75,12.89,23149962.0
2019-05-09,12.82,12.87,12.68,12.81,19192148.0
2019-05-10,12.8,12.93,12.79,12.84,18828885.0
2019-05-13,13.14,13.19,12.64,12.68,38790738.0
2019-05-14,12.84,12.95,12.81,12.87,20288165.0
2019-05-15,12.77,13.01,12.76,12.97,22020291.0
2019-05-16,13.1,13.24,13.08,13.14,19661927.0
2019-05-17,13.16,13.26,13.03,13.08,23587662.0
2019-05-20,13.12,13.22,13.03,13.15,21460917.0
2019-05-21,13.11,13.17,13.05,13.13,14720099.0
2019-05-22,12.99,13.05,12.69,12.74,27554617.0
2019-05-23,12.37,12.37,11.92,12.09,45571616.0
2019-05-24,12.22,12.24,11.95,12.23,21527057.0
2019-05-28,12.37,12.37,12.2,12.23,23404234.0
2019-05-29,12.03,12.28,11.83,12.24,36105870.0
2019-05-30,12.28,12.29,11.72,11.76,29508719.0
2019-05-31,11.45,11.54,11.04,11.1,40319646.0
2019-06-03,11.3,11.32,10.96,10.99,33152816.0
2019-06-04,11.07,11.19,10.95,11.16,22474887.0
2019-06-05,11.01,11.02,10.53,10.77,41599347.0
2019-06-06,10.74,11.09,10.65,11.06,31594776.0
2019-06-07,10.97,11.3,10.95,11.23,26155166.0
2019-06-10,11.23,11.35,11.04,11.11,23493003.0
2019-06-11,11.19,11.22,11.04,11.11,18884916.0
2019-06-12,10.88,10.9,10.57,10.64,35061179.0
2019-06-13,11.07,11.08,10.81,10.88,34928366.0
2019-06-14,10.92,11.04,10.86,10.94,25730907.0
2019-06-17,10.85,10.95,10.75,10.81,31522906.0
2019-06-18,10.99,11.31,10.96,11.25,36092802.0
2019-06-19,11.14,11.34,11.1,11.33,41157460.0
2019-06-20,11.69,11.9,11.63,11.85,46579551.0
2019-06-21,11.86,11.98,11.85,11.97,24575774.0
2019-06-24,11.95,12.04,11.77,12.01,26632194.0
2019-06-25,12.04,12.11,11.94,12.0,23169727.0
2019-06-26,12.29,12.43,12.25,12.29,35059470.0
2019-06-27,12.29,12.39,12.26,12.29,26439111.0
2019-06-28,12.33,12.35,11.98,12.04,28856784.0
2019-07-01,12.44,12.45,12.11,12.28,31351347.0
2019-07-02,12.21,12.21,11.64,11.7,49314331.0
2019-07-03,11.81,11.86,11.65,11.77,19690232.0
2019-07-05,11.86,11.99,11.82,11.95,22706243.0
2019-07-08,12.0,12.13,11.91,11.93,25158366.0
2019-07-09,11.98,12.05,11.92,12.04,14655867.0
2019-07-10,12.33,12.57,12.3,12.53,33507941.0
2019-07-11,12.57,12.63,12.48,12.55,17841491.0
2019-07-12,12.51,12.58,12.44,12.52,14913778.0
2019-07-15,12.6,12.61,12.29,12.3,21738174.0
2019-07-16,12.37,12.47,11.86,12.07,36001107.0
2019-07-17,12.11,12.11,11.74,11.75,30196987.0
2019-07-18,11.79,11.8,11.37,11.56,38600528.0
2019-07-19,11.57,11.69,11.43,11.67,25108259.0
2019-07-22,11.62,11.71,11.58,11.68,24001785.0
2019-07-23,11.68,11.82,11.59,11.81,17880975.0
2019-07-24,11.81,11.95,11.47,11.59,34924039.0
2019-07-25,11.73,11.77,11.58,11.6,19892159.0
2019-07-26,11.64,11.71,11.55,11.65,17256351.0
2019-07-29,11.77,11.84,11.59,11.82,22699637.0
2019-07-30,11.84,12.1,11.82,12.08,21739963.0
2019-07-31,12.15,12.2,12.0,12.04,27900123.0
2019-08-01,11.87,11.88,11.12,11.31,57634579.0
2019-08-02,11.59,11.6,11.44,11.48,37577962.0
2019-08-05,11.31,11.54,11.29,11.37,47151806.0
2019-08-06,11.43,11.44,11.09,11.14,30273909.0
2019-08-07,10.81,10.89,10.49,10.84,54104179.0
2019-08-08,10.86,10.99,10.79,10.96,23546631.0
2019-08-09,11.22,11.38,11.2,11.28,28973758.0
2019-08-12,11.37,11.44,11.26,11.37,23588631.0
2019-08-13,11.33,11.93,11.31,11.87,47875449.0
2019-08-14,11.46,11.52,11.23,11.44,41846318.0
2019-08-15,11.3,11.42,11.22,11.35,30150650.0
2019-08-16,11.38,11.44,11.28,11.4,23478425.0
2019-08-19,11.6,11.71,11.5,11.66,24403225.0
2019-08-20,11.59,11.74,11.47,11.63,24653982.0
2019-08-21,11.84,11.87,11.55,11.61,24097509.0
2019-08-22,11.66,11.7,11.41,11.53,21792452.0
2019-08-23,11.23,11.39,11.08,11.19,34057632.0
2019-08-26,11.44,11.49,11.14,11.18,26088047.0
2019-08-27,11.24,11.46,11.17,11.42,24572306.0
2019-08-28,11.72,11.79,11.55,11.64,30389820.0
2019-08-29,11.65,11.83,11.65,11.78,22765450.0
2019-08-30,11.74,11.76,11.35,11.46,30548708.0
2019-09-03,11.09,11.27,10.99,11.22,28066593.0
2019-09-04,11.53,11.77,11.52,11.71,29154460.0
2019-09-05,11.8,12.01,11.65,11.7,27288905.0
2019-09-06,11.46,11.85,11.41,11.77,22340163.0
2019-09-09,11.92,12.1,11.9,12.08,23403008.0
2019-09-10,12.11,12.23,11.9,11.98,25565620.0
2019-09-11,11.99,12.05,11.58,11.68,38325378.0
2019-09-12,11.32,11.52,11.28,11.47,35739240.0
2019-09-13,11.49,11.53,11.38,11.44,14074354.0
2019-09-16,12.49,13.16,12.45,12.83,81019981.0
2019-09-17,12.93,12.93,12.15,12.29,99002044.0
2019-09-18,12.13,12.27,12.01,12.1,34742358.0
2019-09-19,12.22,12.29,12.11,12.19,30580129.0
2019-09-20,12.23,12.32,12.08,12.2,24131781.0
2019-09-23,12.14,12.24,12.04,12.21,21584137.0
2019-09-24,12.12,12.15,11.86,11.9,29593293.0
2019-09-25,11.66,11.82,11.6,11.8,21647644.0
2019-09-26,11.68,11.82,11.56,11.8,21060006.0
2019-09-27,11.57,11.84,11.55,11.66,25781464.0
2019-09-30,11.51,11.6,11.26,11.34,25414084.0
2019-10-01,11.39,11.43,11.07,11.19,26520850.0
2019-10-02,11.2,11.2,10.89,10.98,28535882.0
2019-10-03,10.83,10.98,10.64,10.93,29415039.0
2019-10-04,11.07,11.14,10.86,11.04,28011661.0
2019-10-07,11.14,11.28,10.98,11.04,20121009.0
2019-10-08,10.87,11.02,10.82,10.89,24475190.0
2019-10-09,11.18,11.21,10.93,10.99,23995415.0
2019-10-10,11.11,11.22,11.05,11.19,21299068.0
2019-10-11,11.24,11.46,11.24,11.42,36884151.0
2019-10-14,11.16,11.22,11.03,11.18,23795793.0
2019-10-15,11.15,11.23,11.01,11.06,24935061.0
2019-10-16,11.01,11.23,11.01,11.14,20483291.0
2019-10-17,11.07,11.31,11.01,11.28,17677111.0
2019-10-18,11.34,11.39,11.15,11.22,19961727.0
2019-10-21,11.05,11.22,11.04,11.21,17652836.0
2019-10-22,11.31,11.44,11.24,11.34,22258795.0
2019-10-23,11.28,11.7,11.27,11.65,25899352.0
2019-10-24,11.7,11.79,11.68,11.73,16186654.0
2019-10-25,11.71,11.84,11.61,11.83,16512942.0
2019-10-28,11.84,11.88,11.6,11.65,18973097.0
2019-10-29,11.44,11.67,11.42,11.58,17586015.0
2019-10-30,11.57,11.57,11.36,11.47,23960829.0
2019-10-31,11.39,11.4,11.21,11.3,22113047.0
2019-11-01,11.45,11.76,11.44,11.69,26235822.0
2019-11-04,11.93,11.99,11.78,11.81,24344379.0
2019-11-05,11.92,12.01,11.91,11.93,16771084.0
2019-11-06,11.96,12.08,11.72,11.81,34027066.0
2019-11-07,11.98,12.08,11.86,11.88,26066752.0
2019-11-08,11.73,12.0,11.64,11.99,24070826.0
2019-11-11,11.79,11.98,11.77,11.89,17849515.0
2019-11-12,11.96,12.02,11.81,11.87,17394539.0
2019-11-13,11.8,12.02,11.8,11.96,22521287.0
2019-11-14,12.04,12.06,11.85,11.91,20385721.0
2019-11-15,11.87,12.13,11.87,12.08,17641481.0
2019-11-18,11.98,12.01,11.83,11.9,25071720.0
2019-11-19,11.71,11.74,11.52,11.57,28855004.0
2019-11-20,11.68,11.98,11.62,11.9,38372797.0
2019-11-21,12.06,12.25,12.04,12.2,26990975.0
2019-11-22,12.2,12.21,12.01,12.11,17898332.0
2019-11-25,12.03,12.14,11.97,12.11,18794525.0
2019-11-26,12.17,12.23,12.08,12.19,16454452.0
2019-11-27,12.16,12.22,12.02,12.14,15076839.0
2019-11-29,11.93,11.94,11.54,11.62,26762338.0
2019-12-02,11.78,11.81,11.62,11.67,13936127.0
2019-12-03,11.67,11.86,11.59,11.76,23342798.0
2019-12-04,12.06,12.25,12.05,12.19,29371221.0
2019-12-05,12.31,12.35,12.15,12.19,23810045.0
2019-12-06,12.13,12.5,12.12,12.32,21014580.0
2019-12-09,12.25,12.38,12.25,12.33,13750507.0
2019-12-10,12.31,12.43,12.27,12.39,10273584.0
2019-12-11,12.33,12.37,12.14,12.3,15346630.0
2019-12-12,12.3,12.47,12.3,12.37,22300404.0
2019-12-13,12.41,12.63,12.39,12.49,17101091.0
2019-12-16,12.58,12.62,12.56,12.59,6414720.0
2019-12-17,12.65,12.76,12.65,12.72,11953432.0
2019-12-18,12.66,12.79,12.62,12.74,11869241.0
2019-12-19,12.75,12.85,12.71,12.78,7676713.0
2019-12-20,12.72,12.72,12.56,12.63,11435846.0
2019-12-23,12.61,12.72,12.59,12.7,7453507.0
2019-12-24,12.73,12.79,12.73,12.77,3453938.0
2019-12-26,12.82,12.94,12.82,12.89,7053504.0
2019-12-27,12.92,12.96,12.82,12.91,9103937.0
2019-12-30,13.01,13.02,12.79,12.89,8971671.0
2019-12-31,12.71,12.96,12.69,12.81,11605316.0
2020-01-02,12.8,12.85,12.7,12.81,12499206.0
2020-01-03,13.27,13.32,13.03,13.18,34611320.0
2020-01-06,13.3,13.32,13.12,13.16,20794309.0
2020-01-07,13.1,13.18,13.01,13.13,14878481.0
2020-01-08,13.06,13.07,12.39,12.66,55420476.0
2020-01-09,12.45,12.54,12.29,12.49,27517382.0
2020-01-10,12.43,12.48,12.34,12.41,16134021.0
2020-01-13,12.31,12.31,12.16,12.2,22870664.0
2020-01-14,12.27,12.32,12.2,12.28,18708607.0
2020-01-15,12.2,12.22,12.05,12.18,15054070.0
2020-01-16,12.2,12.36,12.2,12.29,15686458.0
2020-01-17,12.33,12.37,12.24,12.33,17766102.0
2020-01-21,12.22,12.34,12.21,12.24,13677064.0
2020-01-22,12.03,12.04,11.88,11.9,25571669.0
2020-01-23,11.6,11.71,11.5,11.66,30868235.0
2020-01-24,11.49,11.5,11.31,11.43,24408240.0
2020-01-27,11.11,11.24,11.02,11.1,25140749.0
2020-01-28,11.16,11.32,11.11,11.25,24389633.0
2020-01-29,11.28,11.29,11.09,11.16,21796298.0
2020-01-30,10.93,11.09,10.85,11.08,29517161.0
2020-01-31,10.88,10.98,10.7,10.84,32415558.0
2020-02-03,10.75,10.84,10.48,10.49,40468857.0
2020-02-04,10.68,10.7,10.4,10.44,41515382.0
2020-02-05,10.75,10.89,10.59,10.7,40714769.0
2020-02-06,10.64,10.77,10.55,10.74,25998659.0
2020-02-07,10.6,10.72,10.54,10.58,20887728.0
2020-02-10,10.48,10.56,10.38,10.42,22607392.0
2020-02-11,10.63,10.64,10.45,10.5,24936160.0
2020-02-12,10.82,10.86,10.71,10.81,31416193.0
2020-02-13,10.82,10.9,10.75,10.84,28876688.0
2020-02-14,10.96,10.99,10.84,10.95,24456976.0
2020-02-18,10.76,10.95,10.75,10.95,21426931.0
2020-02-19,11.13,11.23,11.02,11.18,25100647.0
2020-02-20,11.31,11.43,11.25,11.28,27381765.0
2020-02-21,11.08,11.21,10.99,11.16,27045151.0
2020-02-24,10.63,10.81,10.55,10.74,37552696.0
2020-02-25,10.76,10.78,10.4,10.4,33073903.0
2020-02-26,10.38,10.55,10.11,10.19,39463350.0
2020-02-27,9.72,9.99,9.6,9.78,49865749.0
2020-02-28,9.42,9.5,9.17,9.45,43000221.0
2020-03-02,9.67,9.92,9.54,9.92,41386883.0
2020-03-03,10.0,10.18,9.72,9.89,51265968.0
2020-03-04,10.11,10.13,9.76,9.86,46349748.0
2020-03-05,9.81,9.85,9.55,9.61,33122554.0
2020-03-06,9.26,9.27,8.6,8.73,78256426.0
2020-03-09,6.82,7.3,6.5,6.52,154148507.0
2020-03-10,7.09,7.33,6.86,7.24,85587036.0
2020-03-11,7.02,7.09,6.84,6.94,65179100.0
2020-03-12,6.44,6.8,6.43,6.54,93042616.0
2020-03-13,6.89,7.13,6.54,6.96,78657730.0
2020-03-16,6.09,6.38,5.82,6.05,76132935.0
2020-03-17,6.04,6.15,5.63,5.71,68945157.0
2020-03-18,5.06,5.18,4.29,4.71,190113970.0
2020-03-19,4.79,5.67,4.6,5.37,130135973.0
2020-03-20,5.28,5.37,4.68,4.94,146669251.0
2020-03-23,4.77,4.9,4.53,4.88,72403108.0
2020-03-24,5.06,5.07,4.79,4.98,85116085.0
2020-03-25,4.89,5.16,4.75,5.08,98758904.0
2020-03-26,4.9,4.96,4.64,4.83,125628011.0
2020-03-27,4.51,4.53,4.33,4.47,122496361.0
2020-03-30,4.21,4.28,4.03,4.23,164329350.0
2020-03-31,4.37,4.37,4.16,4.21,125116181.0
2020-04-01,4.24,4.38,4.13,4.38,119029194.0
2020-04-02,4.58,5.67,4.5,5.11,321813776.0
2020-04-03,5.7,6.02,5.44,5.9,225910603.0
2020-04-06,5.62,5.71,5.37,5.48,162802215.0
2020-04-07,5.46,5.53,4.89,5.09,187459793.0
2020-04-08,5.08,5.4,4.94,5.37,168911587.0
2020-04-09,5.4,5.78,4.8,4.98,303809184.0
2020-04-13,4.97,5.07,4.85,4.93,125551130.0
2020-04-14,4.76,4.8,4.53,4.66,191871950.0
2020-04-15,4.43,4.47,4.3,4.43,219221994.0
2020-04-16,4.4,4.41,4.15,4.36,241289872.0
2020-04-17,4.15,4.26,4.1,4.21,250164556.0
2020-04-20,3.76,4.05,3.7,3.75,875230560.0
2020-04-21,3.19,3.4,2.31,2.81,1003255952.0
2020-04-22,2.9,2.94,2.5,2.51,438814240.0
2020-04-23,2.68,2.87,2.6,2.64,318269456.0
2020-04-24,2.69,2.73,2.51,2.57,182431189.0
2020-04-27,2.3,2.3,2.13,2.19,271079984.0
2020-04-28,2.16,2.25,2.11,2.13,155814766.0
2020-04-29,18.01,18.22,17.46,18.0,23378606.0
2020-04-30,18.76,19.3,17.86,19.12,24001260.0
2020-05-01,19.12,19.18,18.42,18.86,13831085.0
2020-05-04,18.58,19.68,18.36,19.67,14044779.0
2020-05-05,20.76,21.79,20.74,21.51,20954778.0
2020-05-06,21.29,21.51,20.3,20.85,17295781.0
2020-05-07,21.88,21.91,20.27,20.47,12745439.0
2020-05-08,21.08,21.67,20.66,21.47,10523513.0
2020-05-11,21.53,21.6,20.76,21.17,10461550.0
2020-05-12,21.4,21.57,20.89,20.97,10138479.0
2020-05-13,21.05,21.31,20.3,20.6,10082948.0
2020-05-14,20.73,21.82,20.59,21.45,11539660.0
2020-05-15,21.95,22.61,21.68,22.39,11524980.0
2020-05-18,24.04,24.8,23.8,24.31,19714050.0
2020-05-19,24.47,24.71,24.04,24.44,9373412.0
2020-05-20,24.95,25.54,24.88,25.34,11752379.0
2020-05-21,26.5,27.49,25.88,26.6,21259837.0
2020-05-22,26.09,26.15,25.06,25.57,10614746.0
2020-05-26,25.93,25.99,25.33,25.66,12891256.0
2020-05-27,25.18,25.34,24.26,25.0,13839746.0
2020-05-28,24.84,25.58,24.55,25.03,8094813.0
2020-05-29,24.64,26.43,24.6,25.88,12747840.0
2020-06-01,25.72,26.47,25.56,26.22,8218251.0
2020-06-02,26.55,27.1,26.47,27.07,9131520.0
2020-06-03,27.17,27.53,26.65,27.12,11428031.0
2020-06-04,27.08,27.62,26.81,27.5,11376950.0
2020-06-05,28.59,29.19,28.37,28.87,11820579.0
2020-06-08,28.97,29.0,28.11,28.37,14161869.0
2020-06-09,28.07,28.55,27.68,28.42,10176420.0
2020-06-10,28.08,29.07,27.72,28.43,8303035.0
2020-06-11,26.8,27.17,25.94,26.36,22801292.0
2020-06-12,26.64,26.81,25.85,26.43,8885079.0
2020-06-15,25.47,27.07,25.36,26.98,8642102.0
2020-06-16,27.86,28.29,26.97,27.64,11803851.0
2020-06-17,27.47,27.75,27.17,27.28,7388829.0
2020-06-18,27.31,28.02,27.24,27.89,6278325.0
2020-06-19,28.66,28.86,27.54,28.23,13500977.0
2020-06-22,28.43,29.04,28.33,28.98,8862130.0
2020-06-23,29.3,29.42,28.59,28.72,7358717.0
2020-06-24,28.41,28.62,26.82,27.25,11101135.0
2020-06-25,27.18,28.05,27.09,27.94,8768600.0
2020-06-26,27.67,27.7,27.12,27.36,5255015.0
2020-06-29,27.81,28.47,27.62,28.27,6966516.0
2020-06-30,27.89,28.55,27.8,28.06,5840558.0
2020-07-01,28.3,28.51,27.93,28.35,6960417.0
2020-07-02,28.79,29.05,28.34,28.75,5545498.0
2020-07-06,28.79,29.26,28.77,28.96,6145973.0
2020-07-07,28.85,29.21,28.76,28.79,4674513.0
2020-07-08,29.03,29.29,28.84,29.18,4676507.0
2020-07-09,29.07,29.11,28.21,28.41,5602332.0
2020-07-10,28.48,29.17,28.41,29.03,5432428.0
2020-07-13,29.01,29.15,28.39,28.5,6540197.0
2020-07-14,28.23,29.08,28.16,28.88,5057522.0
2020-07-15,29.08,29.5,28.81,29.29,7041193.0
2020-07-16,29.18,29.43,29.03,29.16,3240412.0
2020-07-17,29.17,29.24,28.72,29.1,3570234.0
2020-07-20,28.9,29.25,28.59,29.12,3863793.0
2020-07-21,29.98,30.22,29.64,29.72,8346302.0
2020-07-22,29.44,29.89,29.36,29.75,3925786.0
2020-07-23,29.59,29.93,29.12,29.41,5925149.0
2020-07-24,29.37,29.51,29.06,29.44,4947545.0
2020-07-27,29.34,29.86,28.98,29.72,6268487.0
2020-07-28,29.46,29.54,29.27,29.35,4423712.0
2020-07-29,29.6,29.75,29.45,29.57,3114921.0
2020-07-30,28.99,29.01,27.9,28.93,10024367.0
2020-07-31,29.09,29.16,28.59,29.07,5028542.0
2020-08-03,29.15,29.65,29.03,29.34,5896671.0
2020-08-04,29.23,30.15,29.21,29.78,7706315.0
2020-08-05,30.84,31.02,30.15,30.23,9100422.0
2020-08-06,30.52,30.58,30.12,30.18,4339767.0
2020-08-07,29.89,29.92,29.58,29.85,4867904.0
2020-08-10,30.16,30.36,29.97,30.16,4234823.0
2020-08-11,30.6,30.66,29.82,29.82,5563594.0
2020-08-12,30.47,30.76,30.31,30.56,5307431.0
2020-08-13,30.48,30.66,30.26,30.4,3414128.0
2020-08-14,30.23,30.42,30.02,30.33,3793145.0
2020-08-17,30.24,30.85,30.22,30.77,4307946.0
2020-08-18,30.41,30.83,30.39,30.6,5589528.0
2020-08-19,30.59,30.82,30.41,30.66,3781469.0
2020-08-20,30.02,30.59,29.78,30.52,6112078.0
2020-08-21,30.0,30.24,29.64,30.18,6523322.0
2020-08-24,30.33,30.54,30.23,30.35,4511767.0
2020-08-25,30.97,31.02,30.59,30.92,5251910.0
2020-08-26,31.07,31.19,30.84,30.93,5402599.0
2020-08-27,30.89,30.9,30.27,30.67,4372557.0
2020-08-28,30.72,30.8,30.52,30.72,2437764.0
2020-08-31,30.9,30.9,30.39,30.58,3825156.0
2020-09-01,30.64,30.94,30.54,30.61,3930317.0
2020-09-02,30.58,30.6,29.59,29.86,7281598.0
2020-09-03,29.15,29.77,29.04,29.64,7998970.0
2020-09-04,29.42,29.45,28.4,28.51,7365862.0
2020-09-08,26.88,26.96,26.27,26.75,10546433.0
2020-09-09,26.84,27.69,26.71,27.41,5310536.0
2020-09-10,27.23,27.47,26.75,26.79,4856758.0
2020-09-11,26.92,27.27,26.73,27.04,3361988.0
2020-09-14,26.74,27.02,26.6,26.94,3311180.0
2020-09-15,27.06,27.7,26.96,27.52,3914066.0
2020-09-16,28.2,28.8,28.06,28.7,5787880.0
2020-09-17,28.57,29.39,28.43,29.23,4584252.0
2020-09-18,29.19,29.43,28.9,29.06,3058125.0
2020-09-21,28.67,28.76,27.66,28.29,5361818.0
2020-09-22,28.36,28.53,27.82,28.17,3020496.0
2020-09-23,28.35,28.84,28.0,28.03,5108068.0
2020-09-24,28.3,28.59,28.13,28.5,3418804.0
2020-09-25,28.3,28.56,28.17,28.35,2445226.0
2020-09-28,28.5,28.86,28.3,28.69,2428845.0
2020-09-29,28.31,28.32,27.28,27.7,5344701.0
2020-09-30,27.94,28.56,27.89,28.29,3445440.0
2020-10-01,27.76,27.86,26.77,27.51,6557070.0
2020-10-02,26.25,26.89,26.09,26.35,8583320.0
2020-10-05,27.58,28.16,27.44,27.93,7854861.0
2020-10-06,28.66,28.91,28.31,28.39,6288696.0
2020-10-07,28.16,28.41,27.89,28.39,5526195.0
2020-10-08,28.99,29.2,28.75,29.14,6567389.0
2020-10-09,28.99,29.25,28.59,28.69,4596414.0
2020-10-12,28.4,28.4,27.73,28.07,4553072.0
2020-10-13,28.46,28.65,28.27,28.46,3624048.0
2020-10-14,28.89,29.05,28.8,28.98,3195994.0
2020-10-15,28.07,28.95,28.01,28.94,5281400.0
2020-10-16,28.59,28.86,28.33,28.72,2517795.0
2020-10-19,28.83,29.01,28.59,28.59,2802970.0
2020-10-20,28.48,29.31,28.46,29.05,4394236.0
2020-10-21,28.61,28.78,27.93,28.1,5165740.0
2020-10-22,28.3,28.75,28.28,28.51,3236867.0
2020-10-23,28.55,28.56,27.78,27.88,3986229.0
2020-10-26,27.33,27.46,26.95,27.11,4646723.0
2020-10-27,27.31,27.95,27.23,27.69,3037176.0
2020-10-28,26.44,26.56,26.09,26.31,7010972.0
2020-10-29,24.92,25.74,24.75,25.6,8401411.0
2020-10-30,25.31,25.4,24.96,25.25,5426085.0
2020-11-02,25.16,26.29,25.14,26.26,5385148.0
2020-11-03,26.94,27.01,26.45,26.72,7241315.0
2020-11-04,27.12,27.63,26.69,27.44,5982511.0
2020-11-05,27.41,27.7,27.08,27.16,5115014.0
2020-11-06,26.83,26.87,26.2,26.47,5117706.0
2020-11-09,28.59,28.82,28.06,28.07,9840283.0
2020-11-10,28.66,28.97,28.47,28.91,6602443.0
2020-11-11,29.7,29.75,28.92,29.04,6376554.0
2020-11-12,29.21,29.44,28.62,28.66,6091355.0
2020-11-13,28.52,28.57,28.06,28.13,4373548.0
2020-11-16,29.12,29.17,28.66,28.81,4576603.0
2020-11-17,28.57,29.02,28.48,28.87,3614024.0
2020-11-18,29.07,29.36,28.96,29.0,4112069.0
2020-11-19,28.93,29.14,28.75,29.09,2934277.0
2020-11-20,28.93,29.36,28.92,29.27,4908811.0
2020-11-23,29.58,29.72,29.41,29.52,4398041.0
2020-11-24,30.23,31.03,30.21,30.8,9098520.0
2020-11-25,31.3,31.68,31.02,31.37,5865626.0
2020-11-27,31.12,31.36,31.03,31.22,2904863.0
2020-11-30,31.12,31.29,30.68,30.97,6778489.0
2020-12-01,30.92,30.96,30.34,30.62,4543120.0
2020-12-02,30.58,31.43,30.58,30.97,7064310.0
2020-12-03,30.89,31.36,30.81,31.25,5559714.0
2020-12-04,31.31,31.74,31.28,31.56,6930198.0
2020-12-07,31.44,31.87,31.31,31.4,4785444.0
2020-12-08,31.22,31.47,31.04,31.41,3785968.0
2020-12-09,31.55,31.66,30.9,31.34,7632750.0
2020-12-10,31.84,32.65,31.83,32.11,7572017.0
2020-12-11,32.03,32.13,31.77,31.94,3394047.0
2020-12-14,32.14,32.23,31.37,32.17,4877234.0
2020-12-15,32.32,32.62,32.25,32.54,3509357.0
2020-12-16,32.55,32.81,32.32,32.74,4349302.0
2020-12-17,33.01,33.23,32.92,33.16,4534039.0
2020-12-18,33.33,33.67,33.26,33.48,4758989.0
2020-12-21,32.18,32.84,32.12,32.64,6144336.0
2020-12-22,32.28,32.47,32.0,32.09,3769374.0
2020-12-23,32.33,33.08,32.33,32.75,5077488.0
2020-12-24,32.66,32.92,32.57,32.92,1694292.0
2020-12-28,32.88,33.05,32.51,32.59,4917521.0
2020-12-29,32.95,32.99,32.66,32.78,3630959.0
2020-12-30,32.58,33.22,32.55,32.91,4840011.0
2020-12-31,32.73,33.11,32.63,33.01,4424897.0
2021-01-04,33.0,33.29,32.24,32.38,14329290.0
2021-01-05,33.38,34.12,33.38,33.94,13616817.0
2021-01-06,33.94,34.47,33.56,34.11,7461058.0
2021-01-07,34.35,34.59,34.29,34.53,4103115.0
2021-01-08,34.93,35.5,34.75,35.43,7554646.0
2021-01-11,34.88,35.41,34.81,35.26,5113090.0
2021-01-12,35.65,36.01,35.57,35.9,4185837.0
2021-01-13,35.77,36.1,35.6,35.8,4456975.0
2021-01-14,35.7,36.32,35.61,36.24,5175030.0
2021-01-15,35.72,35.82,35.13,35.34,5492212.0
2021-01-19,35.71,35.89,35.53,35.75,3804303.0
2021-01-20,36.14,36.2,35.69,35.79,3222621.0
2021-01-21,35.82,36.0,35.64,35.76,3013233.0
2021-01-22,34.96,35.62,34.91,35.23,4673306.0
2021-01-25,35.11,35.66,35.03,35.59,4134539.0
2021-01-26,35.69,35.8,35.38,35.45,2628089.0
2021-01-27,35.41,35.93,35.02,35.5,4918796.0
2021-01-28,35.92,36.01,35.22,35.25,5409000.0
2021-01-29,35.64,35.77,35.11,35.18,3916091.0
2021-02-01,35.77,36.18,35.25,36.12,6051380.0
2021-02-02,36.97,37.05,36.72,36.82,6274695.0
2021-02-03,37.19,37.78,37.19,37.44,6804126.0
2021-02-04,37.61,37.95,37.2,37.81,5033691.0
2021-02-05,38.33,38.4,37.95,38.19,4379135.0
2021-02-08,38.47,38.98,38.47,38.94,4216169.0
2021-02-09,38.7,39.21,38.52,39.17,4904297.0
2021-02-10,39.24,39.47,39.01,39.28,5053553.0
2021-02-11,39.32,39.38,38.87,38.97,3737989.0
2021-02-12,39.01,40.07,39.01,39.94,5785112.0
2021-02-16,40.19,40.47,40.05,40.45,5467395.0
2021-02-17,40.27,40.96,40.13,40.89,7419244.0
2021-02-18,41.09,41.13,40.11,40.27,6717852.0
2021-02-19,40.26,40.5,39.55,39.68,5537456.0
2021-02-22,40.55,41.42,40.55,41.28,5814292.0
2021-02-23,41.15,41.73,40.74,41.62,5638173.0
2021-02-24,41.88,42.57,41.79,42.5,6504712.0
2021-02-25,42.32,42.77,42.15,42.46,4515201.0
2021-02-26,42.12,42.14,41.12,41.31,5913109.0
2021-03-01,41.3,41.61,40.31,40.6,6956008.0
2021-03-02,40.95,41.07,40.07,40.07,8272222.0
2021-03-03,40.88,41.65,40.55,41.14,4764356.0
2021-03-04,41.87,43.46,41.5,43.07,11815294.0
2021-03-05,44.08,44.51,43.91,44.44,7883312.0
2021-03-08,44.12,44.24,43.43,43.5,5083900.0
2021-03-09,43.73,43.82,43.07,43.11,5503187.0
2021-03-10,43.28,43.81,42.79,43.74,5733314.0
2021-03-11,43.91,44.64,43.71,44.6,6588667.0
2021-03-12,44.36,44.63,44.23,44.35,4643187.0
2021-03-15,43.9,44.34,43.46,44.26,5720629.0
2021-03-16,43.57,44.1,43.32,43.83,4932389.0
2021-03-17,43.69,43.93,43.24,43.82,5837920.0
2021-03-18,42.99,43.06,39.71,40.47,18824318.0
2021-03-19,40.83,41.99,40.26,41.77,6429976.0
2021-03-22,41.97,42.18,41.59,41.71,4162333.0
2021-03-23,40.29,40.91,39.27,39.37,12356899.0
2021-03-24,40.69,41.83,40.53,41.45,11330212.0
2021-03-25,40.47,40.62,39.31,39.89,9476983.0
2021-03-26,41.38,41.83,41.25,41.53,10091048.0
2021-03-29,41.23,41.96,40.95,41.92,6376255.0
2021-03-30,41.16,41.66,41.04,41.17,4151647.0
2021-03-31,40.99,41.7,40.22,40.53,6368550.0
2021-04-01,41.47,42.18,40.3,41.84,11598385.0
2021-04-05,41.21,41.26,39.52,40.28,9801017.0
2021-04-06,41.16,41.69,40.58,40.7,6734247.0
2021-04-07,40.54,41.05,39.91,40.86,9987566.0
2021-04-08,40.64,40.93,40.27,40.82,4288194.0
2021-04-09,40.62,40.87,40.48,40.64,3705620.0
2021-04-12,41.28,41.57,40.77,40.9,5998437.0
2021-04-13,41.33,41.48,41.15,41.4,5063623.0
2021-04-14,42.15,43.39,42.01,43.04,9353490.0
2021-04-15,43.06,43.44,42.88,43.27,4391563.0
2021-04-16,43.34,43.38,42.98,43.18,4680019.0
2021-04-19,43.22,43.49,43.05,43.32,3324511.0
2021-04-20,43.35,43.42,42.04,42.74,6415215.0
2021-04-21,41.79,42.55,41.72,41.77,5800325.0
2021-04-22,42.24,42.26,41.6,42.09,3278051.0
2021-04-23,41.91,42.61,41.85,42.46,4206504.0
2021-04-26,41.78,42.52,41.74,42.33,3150859.0
2021-04-27,42.66,43.19,42.48,43.11,3454398.0
2021-04-28,43.44,43.97,43.36,43.53,5500913.0
2021-04-29,44.47,44.61,43.84,44.26,5920438.0
2021-04-30,43.38,43.55,43.05,43.27,5007308.0
2021-05-03,43.56,44.09,43.55,43.98,3309499.0
2021-05-04,44.74,44.91,44.33,44.87,5357589.0
2021-05-05,45.23,45.3,44.39,44.66,3362942.0
2021-05-06,44.8,44.82,44.15,44.41,6635611.0
2021-05-07,44.06,44.63,43.91,44.43,4253060.0
2021-05-10,44.85,44.91,43.9,44.48,4391910.0
2021-05-11,43.92,44.93,43.92,44.87,6925403.0
2021-05-12,45.13,45.7,45.1,45.22,6837980.0
2021-05-13,43.98,44.48,43.35,43.81,7610654.0
2021-05-14,44.44,44.79,44.34,44.71,5058437.0
2021-05-17,44.88,45.41,44.86,45.39,3830998.0
2021-05-18,45.13,45.39,43.94,44.84,9166085.0
2021-05-19,43.7,43.7,42.53,43.43,9179983.0
2021-05-20,43.24,43.32,42.32,42.48,5319985.0
2021-05-21,43.5,43.8,43.37,43.7,4204925.0
2021-05-24,44.28,45.15,44.11,45.02,5145970.0
2021-05-25,45.07,45.31,44.78,44.92,3602813.0
2021-05-26,44.74,45.3,44.64,45.2,3817149.0
2021-05-27,45.19,45.64,45.05,45.55,3192958.0
2021-05-28,45.82,45.93,45.18,45.42,4851676.0
2021-06-01,46.58,46.94,45.97,46.33,6374903.0
2021-06-02,46.56,47.03,46.36,46.9,3682378.0
2021-06-03,47.1,47.15,46.51,46.97,3378666.0
2021-06-04,47.45,47.49,47.01,47.26,3654435.0
2021-06-07,47.34,47.54,47.07,47.27,3871214.0
2021-06-08,47.08,47.9,46.8,47.88,5129075.0
2021-06-09,47.95,48.1,47.42,47.58,4609249.0
2021-06-10,47.99,48.16,46.9,47.83,8677273.0
2021-06-11,47.93,48.25,47.89,48.07,4385297.0
2021-06-14,48.4,48.61,48.08,48.32,4764855.0
2021-06-15,48.68,49.01,48.63,48.98,4356437.0
2021-06-16,48.86,49.46,48.75,48.75,6152566.0
2021-06-17,48.92,49.0,47.33,48.04,11054169.0
2021-06-18,47.85,48.66,47.84,48.36,6247629.0
2021-06-21,48.4,49.41,48.33,49.36,8816196.0
2021-06-22,49.3,49.62,49.14,49.42,3734422.0
2021-06-23,50.09,50.25,49.58,49.72,4732716.0
2021-06-24,49.41,49.91,49.35,49.84,5415144.0
2021-06-25,50.03,50.33,49.49,50.25,5274196.0
2021-06-28,50.07,50.07,49.39,49.54,4247077.0
2021-06-29,49.94,50.14,49.48,49.89,3032268.0
2021-06-30,49.92,50.37,49.62,49.88,2848951.0
2021-07-01,51.21,51.4,50.42,50.62,4757480.0
2021-07-02,50.5,51.06,50.31,50.93,4438523.0
2021-07-06,50.62,50.7,49.32,49.9,10848136.0
2021-07-07,49.85,50.15,48.22,48.66,10566372.0
2021-07-08,48.71,49.54,48.32,49.52,6350418.0
2021-07-09,50.0,50.54,49.96,50.41,4279341.0
2021-07-12,49.94,50.38,49.62,50.31,2504741.0
2021-07-13,50.51,51.28,50.26,51.15,4387186.0
2021-07-14,51.13,51.18,49.28,49.7,6735255.0
2021-07-15,49.13,49.75,48.99,49.04,3927589.0
2021-07-16,49.4,49.56,48.38,49.14,4517916.0
2021-07-19,47.62,47.64,45.35,45.84,8948924.0
2021-07-20,45.64,46.61,45.02,46.51,4781145.0
2021-07-21,47.36,48.46,47.36,48.27,6502578.0
2021-07-22,48.68,49.42,48.34,49.17,4516657.0
2021-07-23,49.25,49.53,49.03,49.47,2741346.0
2021-07-26,49.26,49.71,49.01,49.67,2857388.0
2021-07-27,49.58,49.71,49.04,49.47,2654782.0
2021-07-28,49.63,49.97,49.45,49.72,3104401.0
2021-07-29,50.18,50.69,50.07,50.64,2657914.0
2021-07-30,50.7,51.02,50.44,50.66,3605732.0
2021-08-02,50.35,50.43,48.63,49.18,5876514.0
2021-08-03,48.11,48.93,47.87,48.85,8234674.0
2021-08-04,47.54,48.14,47.18,47.2,6802995.0
2021-08-05,47.34,48.16,47.34,48.1,3124303.0
2021-08-06,48.42,48.51,47.35,47.57,5245040.0
2021-08-09,46.47,46.7,45.85,46.6,5248042.0
2021-08-10,46.97,48.01,46.93,47.68,4148657.0
2021-08-11,47.2,48.34,46.91,48.3,5226988.0
2021-08-12,48.16,48.35,47.72,48.1,2826740.0
2021-08-13,48.11,48.23,47.32,47.43,3401810.0
2021-08-16,46.38,47.28,45.94,47.04,4736245.0
2021-08-17,46.66,47.2,46.33,46.58,3086057.0
2021-08-18,46.73,46.84,45.29,45.4,5795489.0
2021-08-19,44.29,44.89,43.8,44.77,6017346.0
2021-08-20,43.9,44.31,43.42,43.43,4596557.0
2021-08-23,45.35,46.18,45.34,45.85,4578558.0
2021-08-24,46.67,47.47,46.61,47.37,4881893.0
2021-08-25,47.33,48.0,47.1,47.81,4801261.0
2021-08-26,47.24,47.8,46.95,47.48,4904375.0
2021-08-27,48.02,48.28,47.92,48.15,4109868.0
2021-08-30,48.15,48.59,47.86,48.4,3661529.0
2021-08-31,48.18,48.49,47.96,48.04,4069699.0
2021-09-01,47.36,48.24,47.2,47.93,8122423.0
2021-09-02,49.01,49.52,48.93,48.95,6152060.0
2021-09-03,48.97,49.26,48.6,48.66,5343787.0
2021-09-07,47.93,48.37,47.73,48.04,3773598.0
2021-09-08,48.88,48.89,48.32,48.59,4176455.0
2021-09-09,47.82,48.87,47.45,47.75,7491037.0
2021-09-10,49.0,49.04,48.67,48.8,3994507.0
2021-09-13,49.4,49.7,49.16,49.48,3264008.0
2021-09-14,49.78,49.8,49.05,49.31,2952378.0
2021-09-15,50.45,51.07,50.44,50.69,5717960.0
2021-09-16,50.55,50.84,50.0,50.7,2729195.0
2021-09-17,50.2,50.45,49.85,50.32,4634987.0
2021-09-20,49.57,49.82,48.89,49.6,4460857.0
2021-09-21,49.61,49.69,48.74,49.58,3450058.0
2021-09-22,50.26,50.72,50.09,50.48,2938785.0
2021-09-23,50.76,51.49,50.72,51.38,3030481.0
2021-09-24,51.29,52.0,51.26,51.82,2591076.0
2021-09-27,52.84,53.08,52.63,52.91,4389440.0
2021-09-28,53.46,53.52,52.18,52.4,5253625.0
2021-09-29,52.56,53.1,52.24,52.32,4428858.0
2021-09-30,51.7,53.36,51.38,52.56,12383403.0
2021-10-01,52.62,53.39,52.34,53.26,4791399.0
2021-10-04,54.07,55.05,54.07,54.49,6919210.0
2021-10-05,55.27,55.73,55.16,55.63,5824067.0
2021-10-06,54.77,54.79,53.98,54.16,7943687.0
2021-10-07,54.02,55.36,53.74,55.36,6956410.0
2021-10-08,55.72,56.03,55.06,55.47,5639994.0
2021-10-11,56.41,56.69,56.13,56.18,3831740.0
2021-10-12,56.32,56.72,55.83,56.11,5368009.0
2021-10-13,55.63,56.45,55.39,56.16,2848320.0
2021-10-14,56.65,56.85,56.15,56.81,3403386.0
2021-10-15,57.25,57.45,56.87,57.15,3622197.0
2021-10-18,57.73,57.92,56.79,56.96,4094114.0
2021-10-19,56.9,57.88,56.7,57.42,4098793.0
2021-10-20,57.0,58.19,56.87,58.12,6031982.0
2021-10-21,57.58,57.81,56.34,57.41,4738847.0
2021-10-22,57.74,58.04,57.21,58.03,3350207.0
2021-10-25,58.42,58.69,57.78,57.83,5180159.0
2021-10-26,58.08,58.62,57.87,58.45,3509228.0
2021-10-27,57.64,58.17,56.88,56.9,6731442.0
2021-10-28,56.85,57.42,56.38,57.4,5412010.0
2021-10-29,56.79,57.39,56.4,57.15,5320799.0
2021-11-01,57.91,58.04,57.46,57.53,2787587.0
2021-11-02,57.31,57.76,57.09,57.53,2953926.0
2021-11-03,56.16,56.58,55.21,55.34,7707556.0
2021-11-04,57.31,57.4,54.53,54.92,9145495.0
2021-11-05,55.65,56.74,55.15,56.55,4738490.0
2021-11-08,56.58,57.13,56.56,57.09,3037582.0
2021-11-09,57.21,58.03,56.97,57.97,5106638.0
2021-11-10,57.79,58.01,55.95,56.32,5134448.0
2021-11-11,56.44,56.85,55.82,56.22,5376341.0
2021-11-12,55.81,56.35,55.65,55.98,5869773.0
2021-11-15,55.39,56.14,55.18,56.07,4955258.0
2021-11-16,56.0,56.5,55.68,56.2,4190095.0
2021-11-17,55.86,55.91,54.46,55.0,7492944.0
2021-11-18,55.37,55.77,54.84,55.55,4625294.0
2021-11-19,54.84,54.93,53.52,53.78,6390452.0
2021-11-22,53.99,54.91,53.91,54.45,7362759.0
2021-11-23,55.45,56.27,55.44,56.2,5877397.0
2021-11-24,55.81,56.38,55.78,55.88,4109043.0
2021-11-26,52.33,52.38,48.56,49.63,18765587.0
2021-11-29,51.97,52.17,49.64,50.17,13571396.0
2021-11-30,48.62,49.11,46.47,47.91,21152510.0
2021-12-01,49.09,49.52,46.87,47.04,12432317.0
2021-12-02,46.53,48.6,46.16,48.29,14551952.0
2021-12-03,49.7,49.93,47.55,48.0,10857304.0
2021-12-06,49.05,50.72,48.77,50.51,8107495.0
2021-12-07,51.32,52.56,51.32,51.59,9476796.0
2021-12-08,51.77,52.66,51.71,52.42,5777971.0
2021-12-09,51.92,52.07,50.97,51.02,5814108.0
2021-12-10,51.72,52.1,51.32,52.03,6198959.0
2021-12-13,51.55,52.1,51.2,51.44,6369983.0
2021-12-14,50.78,51.23,50.32,50.92,4796220.0
2021-12-15,50.64,51.69,50.24,51.62,5326063.0
2021-12-16,51.57,52.46,51.29,51.87,4873275.0
2021-12-17,51.29,51.43,50.37,50.78,5807917.0
2021-12-20,49.03,49.98,47.96,49.9,8896667.0
2021-12-21,50.9,51.61,50.59,51.57,4867598.0
2021-12-22,51.42,52.52,51.25,52.48,5877182.0
2021-12-23,52.48,53.24,52.35,53.13,3662728.0
2021-12-27,52.98,54.65,52.81,54.52,4329966.0
2021-12-28,54.83,55.14,54.54,54.67,2866004.0
2021-12-29,54.48,55.67,54.36,55.08,3933377.0
2021-12-30,55.32,55.73,55.03,55.1,3649031.0
2021-12-31,54.89,55.17,54.04,54.36,2497852.0
2022-01-03,53.97,55.16,53.94,54.83,5602883.0
2022-01-04,55.31,56.05,55.25,55.59,4856970.0
2022-01-05,56.16,56.48,55.43,55.43,5043460.0
2022-01-06,57.1,57.31,56.65,56.89,4954379.0
2022-01-07,56.9,57.04,56.37,56.67,6023687.0
2022-01-10,56.57,56.78,55.83,56.16,3758046.0
2022-01-11,56.95,58.28,56.54,58.16,6841489.0
2022-01-12,58.37,59.17,58.36,58.91,5171605.0
2022-01-13,59.02,59.13,58.21,58.27,4680723.0
2022-01-14,59.1,59.98,59.07,59.97,6031241.0
2022-01-18,60.36,61.09,60.16,60.97,6264583.0
2022-01-19,61.25,61.9,60.98,61.05,5435662.0
2022-01-20,61.24,62.17,60.61,60.66,4278403.0
2022-01-21,60.87,61.24,60.08,60.78,5410239.0
2022-01-24,59.91,60.22,58.81,60.11,9108253.0
2022-01-25,59.91,61.17,59.88,60.97,6104811.0
2022-01-26,61.67,62.52,61.41,61.68,6735134.0
2022-01-27,62.66,62.71,61.36,61.86,5751637.0
2022-01-28,62.64,62.99,61.42,61.97,4187072.0
2022-01-31,62.19,62.5,61.36,62.48,3142803.0
2022-02-01,61.91,62.76,61.58,62.53,4308289.0
2022-02-02,62.78,62.86,61.75,62.52,3332603.0
2022-02-03,62.1,63.81,61.9,63.51,5222162.0
2022-02-04,64.68,65.35,64.65,64.91,4830401.0
2022-02-07,64.61,65.05,64.47,64.68,2247156.0
2022-02-08,63.71,63.83,62.85,63.62,4923181.0
2022-02-09,63.79,64.37,63.51,64.17,3933680.0
2022-02-10,63.9,65.08,63.59,63.96,4787645.0
2022-02-11,64.43,66.34,64.37,65.74,12309152.0
2022-02-14,64.97,66.88,64.8,66.36,9540651.0
2022-02-15,64.2,64.4,63.54,64.28,10080896.0
2022-02-16,65.08,65.87,63.5,63.54,6978288.0
2022-02-17,63.62,64.5,63.42,64.17,7116171.0
2022-02-18,63.14,65.0,62.92,64.74,8438411.0
2022-02-22,66.86,66.93,65.28,65.54,9307794.0
2022-02-23,65.9,67.32,65.66,66.24,8562387.0
2022-02-24,70.19,70.24,65.07,66.34,18256681.0
2022-02-25,65.56,66.12,64.4,65.8,8803349.0
2022-02-28,67.38,68.26,66.82,67.48,8886506.0
2022-03-01,70.34,72.63,70.1,71.82,16803618.0
2022-03-02,74.15,76.2,71.75,75.42,21956134.0
2022-03-03,74.76,76.37,74.0,74.53,18443835.0
2022-03-04,77.0,80.0,76.18,79.46,17358006.0
2022-03-07,79.93,83.4,79.7,82.37,16563343.0
2022-03-08,85.43,87.84,81.57,85.43,29882732.0
2022-03-09,80.0,81.1,72.27,75.47,29934554.0
2022-03-10,77.06,77.48,72.98,74.06,11738154.0
2022-03-11,74.81,76.55,74.26,76.4,7937333.0
2022-03-14,73.53,73.56,71.46,72.84,9469996.0
2022-03-15,69.57,70.55,67.9,68.63,13575267.0
2022-03-16,70.64,71.08,67.73,68.28,7392709.0
2022-03-17,72.65,74.44,72.39,73.68,9653552.0
2022-03-18,74.25,75.0,73.55,74.64,4440881.0
2022-03-21,77.41,79.66,77.26,79.54,6410825.0
2022-03-22,78.69,79.65,77.55,78.56,4175257.0
2022-03-23,81.38,82.48,81.08,81.95,6155112.0
2022-03-24,81.67,81.78,79.3,79.75,4417220.0
2022-03-25,78.88,81.73,78.41,80.74,7537811.0
2022-03-28,76.85,77.92,74.15,74.53,8934544.0
2022-03-29,72.3,76.43,72.07,76.15,8954765.0
2022-03-30,78.07,78.7,77.3,77.91,5239107.0
2022-03-31,75.76,76.84,73.34,74.12,10749354.0
2022-04-01,73.37,74.8,73.25,74.17,4926710.0
2022-04-04,76.46,77.2,75.33,76.86,6157062.0
2022-04-05,77.34,77.71,74.54,74.8,7542830.0
2022-04-06,76.25,76.75,72.16,73.05,7040894.0
2022-04-07,73.26,73.84,71.08,73.11,5749348.0
2022-04-08,72.69,74.6,72.39,74.11,5666326.0
2022-04-11,71.75,72.76,71.3,72.3,5209363.0
2022-04-12,74.95,76.38,74.91,75.98,6839774.0
2022-04-13,77.15,78.56,75.89,78.42,6918852.0
2022-04-14,77.34,80.44,77.23,79.57,7437239.0
2022-04-18,80.81,81.7,80.0,80.41,5326122.0
2022-04-19,78.06,78.08,76.34,76.86,7626118.0
2022-04-20,77.51,77.92,75.57,77.24,5056232.0
2022-04-21,78.34,79.27,77.07,78.12,4815715.0
2022-04-22,76.98,77.47,76.28,76.31,3730465.0
2022-04-25,72.64,74.99,71.98,74.65,5073583.0
2022-04-26,75.33,76.94,74.37,76.46,7354069.0
2022-04-27,75.12,76.61,74.87,76.37,4545789.0
2022-04-28,76.28,78.23,75.86,78.08,6858266.0
2022-04-29,78.8,79.68,76.94,77.16,6097913.0
2022-05-02,75.38,78.43,74.86,78.38,4467600.0
2022-05-03,76.92,77.83,76.04,76.69,2990713.0
2022-05-04,79.4,80.72,78.66,80.22,5420096.0
2022-05-05,82.21,82.37,79.23,80.48,5997709.0
2022-05-06,81.63,82.41,80.43,82.13,5679727.0
2022-05-09,79.81,80.03,76.38,76.57,5630859.0
2022-05-10,77.07,77.33,74.22,74.53,5741028.0
2022-05-11,77.76,79.04,77.39,78.18,4659602.0
2022-05-12,78.49,79.47,77.91,79.23,4322726.0
2022-05-13,80.6,81.42,79.93,81.28,4194477.0
2022-05-16,80.98,83.39,80.82,83.11,4820683.0
2022-05-17,83.05,83.63,80.86,81.11,4118288.0
2022-05-18,82.02,82.04,78.65,79.29,3882187.0
2022-05-19,78.5,81.35,78.45,80.58,4135323.0
2022-05-20,81.21,81.84,80.25,81.65,3103819.0
2022-05-23,81.36,82.16,80.91,81.97,2989776.0
2022-05-24,82.03,82.84,81.34,82.0,1537588.0
2022-05-25,82.21,82.69,81.53,82.48,1940370.0
2022-05-26,83.15,85.1,83.15,84.59,3780767.0
2022-05-27,84.33,85.52,84.11,85.46,2372106.0
2022-05-31,87.99,88.32,84.7,85.47,7415986.0
2022-06-01,86.71,87.2,85.5,85.54,4762285.0
2022-06-02,85.88,87.49,85.27,87.25,3769453.0
2022-06-03,87.21,89.56,86.96,89.47,3671471.0
2022-06-06,89.07,89.22,87.85,88.39,2315819.0
2022-06-07,88.68,90.11,88.09,90.04,3893801.0
2022-06-08,90.26,92.2,89.74,91.99,5357176.0
2022-06-09,91.03,91.49,90.72,91.08,4583598.0
2022-06-10,90.24,90.78,88.5,90.13,5865152.0
2022-06-13,89.28,91.15,87.68,90.36,6681905.0
2022-06-14,90.98,91.92,87.36,88.45,4675862.0
2022-06-15,88.05,88.81,86.24,86.93,4420542.0
2022-06-16,86.44,88.55,85.05,87.66,5171284.0
2022-06-17,86.5,86.78,81.94,83.34,8744629.0
2022-06-21,84.49,85.3,83.65,84.05,3674414.0
2022-06-22,78.83,82.33,78.49,80.88,5215381.0
2022-06-23,81.63,81.9,78.96,78.98,3918529.0
2022-06-24,80.19,82.17,79.63,81.27,3456227.0
2022-06-27,81.29,83.39,80.4,82.93,4591526.0
2022-06-28,83.99,85.17,83.33,84.72,4228045.0
2022-06-29,85.87,86.4,82.91,82.95,4619765.0
2022-06-30,82.09,82.3,79.93,80.35,4631548.0
2022-07-01,82.1,82.46,80.84,81.67,4689846.0
2022-07-05,78.47,78.52,73.42,74.78,10752713.0
2022-07-06,73.49,74.24,71.46,73.67,8899458.0
2022-07-07,76.46,77.87,76.27,76.55,6993151.0
2022-07-08,78.59,79.01,77.08,78.54,6450590.0
2022-07-11,77.81,78.92,76.63,78.23,4950327.0
2022-07-12,74.82,75.32,72.56,72.81,6104747.0
2022-07-13,73.07,74.51,72.23,73.19,4365804.0
2022-07-14,71.02,73.3,69.51,72.85,5355782.0
2022-07-15,74.08,74.63,73.06,73.74,3367738.0
2022-07-18,76.92,77.54,76.53,76.81,5382169.0
2022-07-19,76.0,78.21,75.99,78.05,3171954.0
2022-07-20,77.17,78.26,76.48,77.64,3125904.0
2022-07-21,75.27,76.28,74.7,75.49,3979209.0
2022-07-22,75.18,76.58,74.43,74.53,5768495.0
2022-07-25,75.84,76.4,74.93,76.22,2807488.0
2022-07-26,77.3,77.44,75.0,75.16,2949302.0
2022-07-27,76.4,78.19,75.42,77.87,3166419.0
2022-07-28,78.45,78.52,76.48,77.13,4321970.0
2022-07-29,79.17,80.49,78.0,78.05,3632827.0
2022-08-01,74.79,75.62,74.01,75.13,3326801.0
2022-08-02,76.03,77.41,75.28,75.93,2737330.0
2022-08-03,76.28,76.55,73.3,73.53,4033687.0
2022-08-04,72.83,73.6,70.96,71.53,5215525.0
2022-08-05,70.46,73.18,70.42,71.54,3139189.0
2022-08-08,71.59,73.71,71.47,73.54,4433759.0
2022-08-09,74.2,74.92,72.62,73.45,2492208.0
2022-08-10,73.25,74.98,71.45,74.32,4622340.0
2022-08-11,75.83,76.97,74.98,76.28,4687258.0
2022-08-12,75.34,75.46,74.3,74.98,2949618.0
2022-08-15,71.39,73.36,71.26,72.88,4446244.0
2022-08-16,72.67,73.84,70.67,71.24,5750105.0
2022-08-17,71.65,73.17,71.09,72.05,3800672.0
2022-08-18,73.59,74.83,73.32,74.21,3315899.0
2022-08-19,74.05,75.37,73.83,74.06,2700587.0
2022-08-22,72.79,74.77,71.45,74.68,7937326.0
2022-08-23,75.83,77.28,75.81,76.83,3782049.0
2022-08-24,76.85,78.07,76.22,78.04,3857433.0
2022-08-25,78.34,78.38,75.83,76.5,2960226.0
2022-08-26,75.46,76.19,74.77,75.85,2424609.0
2022-08-29,77.02,78.96,76.71,78.69,3693460.0
2022-08-30,76.59,76.75,74.28,75.47,4967975.0
2022-08-31,73.84,75.09,73.06,73.11,4538515.0
2022-09-01,72.09,72.72,70.8,70.95,4319335.0
2022-09-02,73.18,73.22,71.3,71.43,4050258.0
2022-09-06,72.34,72.45,71.15,71.42,5250409.0
2022-09-07,69.17,69.72,67.59,67.62,7540245.0
2022-09-08,68.54,69.28,67.65,68.09,4277107.0
2022-09-09,70.33,71.61,70.03,71.1,4953575.0
2022-09-12,72.63,73.21,72.07,72.37,3710037.0
2022-09-13,72.11,72.73,70.1,72.01,6056908.0
2022-09-14,72.72,73.72,72.25,72.73,2594407.0
2022-09-15,71.09,71.15,69.34,69.76,3898135.0
2022-09-16,70.33,70.81,69.44,69.9,3384490.0
2022-09-19,67.62,70.27,67.49,70.05,2863888.0
2022-09-20,69.54,69.59,68.41,69.22,3569172.0
2022-09-21,70.49,70.62,68.1,68.68,4537917.0
2022-09-22,70.42,70.81,68.53,68.97,2928830.0
2022-09-23,65.89,65.9,64.65,65.32,5923180.0
2022-09-26,65.37,66.25,63.15,63.2,5064506.0
2022-09-27,64.3,65.53,63.69,64.42,3273459.0
2022-09-28,65.26,67.34,64.95,67.13,2603364.0
2022-09-29,67.31,67.76,66.25,66.77,2762721.0
2022-09-30,65.64,66.5,64.85,65.28,2397106.0
2022-10-03,68.6,68.9,67.17,67.89,5255804.0
2022-10-04,69.91,71.0,69.31,70.28,6673374.0
2022-10-05,71.16,72.16,69.87,71.94,4927158.0
2022-10-06,71.74,73.04,71.61,72.99,2981205.0
2022-10-07,73.27,75.85,73.25,75.1,4669954.0
2022-10-10,75.29,76.11,73.6,73.78,3511454.0
2022-10-11,72.56,73.07,71.4,71.75,2476186.0
2022-10-12,71.42,71.6,70.2,70.93,2338923.0
2022-10-13,70.39,72.87,70.37,72.52,2303976.0
2022-10-14,71.4,71.72,69.75,70.17,2519778.0
2022-10-17,71.17,71.48,69.78,70.13,3255418.0
2022-10-18,69.36,69.78,67.85,68.7,3291206.0
2022-10-19,68.87,70.57,68.55,70.04,3094872.0
2022-10-20,71.09,71.88,69.71,70.18,2545844.0
2022-10-21,70.15,70.99,69.46,70.57,1564282.0
2022-10-24,70.24,71.18,69.8,70.38,1722440.0
2022-10-25,70.59,71.45,70.23,70.61,1517354.0
2022-10-26,71.36,73.14,71.35,72.97,3435412.0
2022-10-27,73.69,74.09,73.11,73.62,1308811.0
2022-10-28,72.71,73.3,72.03,72.82,1511191.0
2022-10-31,71.39,72.64,70.72,71.53,3088145.0
2022-11-01,73.8,73.89,72.66,73.12,4586934.0
2022-11-02,73.12,74.88,72.79,74.08,2796283.0
2022-11-03,73.05,74.01,72.86,73.29,1481976.0
2022-11-04,76.54,76.94,75.5,76.82,3679923.0
2022-11-07,76.84,77.72,76.22,76.56,2231417.0
2022-11-08,76.27,76.49,74.08,74.47,2539688.0
2022-11-09,73.17,73.2,71.58,71.67,2585547.0
2022-11-10,71.66,72.99,71.19,72.24,2020506.0
2022-11-11,74.53,75.15,73.68,74.38,3191937.0
2022-11-14,73.54,74.62,71.88,71.91,2680683.0
2022-11-15,72.12,74.78,71.6,73.25,3318087.0
2022-11-16,72.11,72.47,71.38,72.04,3359552.0
2022-11-17,71.15,71.44,69.52,70.14,5007000.0
2022-11-18,67.73,69.12,67.46,69.03,8376036.0
2022-11-21,66.67,69.37,65.37,69.03,12862852.0
2022-11-22,69.92,70.76,69.58,69.98,3714977.0
2022-11-23,67.84,68.22,66.86,67.41,4692969.0
2022-11-25,68.19,68.49,66.78,66.96,1703592.0
2022-11-28,65.16,67.69,65.0,66.88,7380132.0
2022-11-29,68.51,69.12,67.19,68.34,6290798.0
2022-11-30,70.3,70.44,69.55,70.23,3723971.0
2022-12-01,71.64,72.14,70.3,70.45,4571175.0
2022-12-02,70.6,71.14,69.35,69.84,3459204.0
2022-12-05,71.56,71.78,67.25,67.72,5259083.0
2022-12-06,66.97,67.36,64.52,65.23,6746240.0
2022-12-07,65.47,65.89,63.2,63.65,5443883.0
2022-12-08,64.61,64.68,62.46,62.71,8334647.0
2022-12-09,63.07,63.75,61.81,62.85,7184860.0
2022-12-12,63.21,64.63,63.05,64.41,4520073.0
2022-12-13,65.16,66.47,65.14,65.86,4496139.0
2022-12-14,66.79,67.67,66.08,67.36,7394103.0
2022-12-15,66.9,67.05,65.68,66.15,4671452.0
2022-12-16,64.35,65.82,64.14,64.9,4847079.0
2022-12-19,65.77,66.5,64.83,66.07,3920684.0
2022-12-20,65.83,66.8,64.82,66.22,2501338.0
2022-12-21,67.61,68.16,67.41,68.06,3292439.0
2022-12-22,68.48,68.59,66.85,67.7,2385372.0
2022-12-23,68.94,69.56,68.87,69.32,2928856.0
2022-12-27,69.59,70.54,69.06,69.53,3147916.0
2022-12-28,69.18,69.22,67.53,68.58,2782833.0
2022-12-29,67.55,68.59,67.37,68.53,1972345.0
2022-12-30,68.36,70.27,68.35,70.11,3648523.0
2023-01-03,68.64,69.65,67.12,67.64,3339735.0
2023-01-04,65.58,65.58,63.98,64.3,4215280.0
2023-01-05,64.32,65.75,63.93,64.78,3555472.0
2023-01-06,65.82,66.18,64.46,64.83,2993979.0
2023-01-09,66.49,67.33,65.45,65.88,2941090.0
2023-01-10,66.27,66.68,65.22,65.9,2000373.0
2023-01-11,67.24,68.22,66.46,68.05,3545139.0
2023-01-12,69.12,69.32,68.42,68.61,2616302.0
2023-01-13,69.3,70.09,68.92,70.05,2503342.0
2023-01-17,70.87,71.14,69.46,70.86,3796496.0
2023-01-18,71.59,72.03,69.35,69.51,3172677.0
2023-01-19,70.19,71.14,69.69,70.59,2814912.0
2023-01-20,70.86,71.56,69.97,71.55,2438387.0
2023-01-23,71.82,72.25,71.29,71.5,1583917.0
2023-01-24,71.59,71.66,69.88,70.22,1653244.0
2023-01-25,70.41,71.09,69.64,70.51,1613158.0
2023-01-26,71.65,71.76,70.27,70.93,1481393.0
2023-01-27,71.74,71.78,69.2,69.5,3185149.0
2023-01-30,68.68,69.87,68.03,68.1,2345830.0
2023-01-31,67.86,69.37,67.67,69.32,1391649.0
2023-02-01,69.21,69.41,66.76,67.36,3538495.0
2023-02-02,66.99,67.49,65.9,66.57,2561457.0
2023-02-03,66.73,68.39,64.35,64.4,4875327.0
2023-02-06,65.07,65.53,63.67,65.5,2694177.0
2023-02-07,65.83,67.85,65.82,67.76,3598069.0
2023-02-08,68.4,68.79,67.61,68.68,2052011.0
2023-02-09,67.88,68.5,67.12,67.92,2430734.0
2023-02-10,69.02,69.9,68.95,69.87,2817209.0
2023-02-13,69.38,70.43,69.07,69.5,3458154.0
2023-02-14,68.22,69.63,68.01,69.4,1601529.0
2023-02-15,68.79,69.39,67.8,69.02,1908779.0
2023-02-16,68.82,69.39,68.42,68.45,2369692.0
2023-02-17,66.36,67.26,66.01,67.02,3851722.0
2023-02-21,67.5,67.82,66.54,66.69,2432686.0
2023-02-22,66.4,66.67,64.89,64.92,3495572.0
2023-02-23,66.22,66.65,65.7,66.38,2136849.0
2023-02-24,65.56,67.15,65.11,67.1,2593435.0
2023-02-27,66.63,66.76,65.73,66.25,3024804.0
2023-02-28,67.8,67.93,67.16,67.21,1886369.0
2023-03-01,67.14,68.12,66.73,68.07,2577618.0
2023-03-02,68.44,68.76,67.89,68.3,1628091.0
2023-03-03,67.19,69.91,67.14,69.86,5179280.0
2023-03-06,69.29,70.52,69.05,70.49,3977842.0
2023-03-07,70.14,70.22,67.56,67.85,5071165.0
2023-03-08,67.13,67.85,66.78,67.1,3018060.0
2023-03-09,67.9,68.39,66.17,66.24,2436627.0
2023-03-10,66.37,67.56,66.2,67.14,2989456.0
2023-03-13,64.51,66.82,64.07,65.25,5203858.0
2023-03-14,64.02,65.32,62.34,62.93,6367406.0
2023-03-15,60.26,60.97,57.94,60.02,13746538.0
2023-03-16,58.72,61.09,58.04,60.05,8449874.0
2023-03-17,59.94,60.02,57.83,58.66,9071701.0
2023-03-20,58.73,59.87,58.05,59.79,5391627.0
2023-03-21,60.54,61.32,60.11,61.23,3975147.0
2023-03-22,61.39,62.67,60.92,61.61,3512773.0
2023-03-23,62.51,63.02,60.9,60.99,2635452.0
2023-03-24,60.31,61.25,59.84,60.96,3722993.0
2023-03-27,62.24,64.27,61.86,64.15,8701162.0
2023-03-28,63.76,64.98,63.76,64.55,4149501.0
2023-03-29,65.01,65.35,64.0,64.15,2593052.0
2023-03-30,64.81,65.54,64.19,65.32,3295127.0
2023-03-31,65.92,66.5,65.26,66.44,2730700.0
2023-04-03,69.93,70.7,69.63,70.27,8377861.0
2023-04-04,71.13,71.13,69.58,70.27,3592706.0
2023-04-05,70.49,70.55,69.68,70.24,3015038.0
2023-04-06,70.35,70.49,69.77,70.26,2839335.0
2023-04-10,70.23,70.79,69.62,69.76,2884626.0
2023-04-11,70.08,71.21,69.97,71.07,3346818.0
2023-04-12,71.74,72.65,71.61,72.43,4474082.0
2023-04-13,72.36,72.63,71.65,71.8,2790907.0
2023-04-14,72.06,72.45,71.34,72.09,3170425.0
2023-04-17,71.66,71.85,70.48,70.84,2985723.0
2023-04-18,70.92,71.36,70.09,70.73,1468754.0
2023-04-19,69.72,69.98,68.86,69.3,3621061.0
2023-04-20,67.86,68.34,67.51,67.6,3486789.0
2023-04-21,68.58,68.72,67.91,68.21,2620317.0
2023-04-24,68.29,69.6,68.11,69.25,1924421.0
2023-04-25,68.54,68.57,67.26,67.62,2262607.0
2023-04-26,67.18,67.83,65.2,65.36,5692095.0
2023-04-27,65.83,66.21,65.16,65.81,2752664.0
2023-04-28,65.85,67.6,65.53,67.5,3043598.0
2023-05-01,66.34,66.93,65.62,66.55,2939028.0
2023-05-02,65.48,65.5,62.99,63.05,6535707.0
2023-05-03,61.31,61.39,60.16,60.31,12166711.0
2023-05-04,60.5,61.66,59.78,60.7,4997434.0
2023-05-05,62.73,63.34,62.61,63.03,4700048.0
2023-05-08,64.75,64.89,64.05,64.26,3454600.0
2023-05-09,63.84,65.15,63.1,64.87,5831528.0
2023-05-10,64.8,64.8,63.59,64.39,2683676.0
2023-05-11,63.26,63.62,62.62,63.25,4023257.0
2023-05-12,63.21,63.5,61.94,62.07,4070771.0
2023-05-15,62.7,63.46,62.37,62.99,4837830.0
2023-05-16,63.11,63.54,62.45,62.54,1992072.0
2023-05-17,63.87,64.99,63.06,64.6,4275997.0
2023-05-18,64.32,64.4,63.58,64.04,2496649.0
2023-05-19,64.61,64.66,63.25,63.9,2490179.0
2023-05-22,63.59,64.33,63.36,63.91,1644956.0
2023-05-23,64.64,65.4,64.5,64.87,3409715.0
2023-05-24,65.96,66.24,64.94,65.66,3775795.0
2023-05-25,64.46,64.7,63.21,64.09,4322679.0
2023-05-26,64.9,64.99,64.36,64.8,2145281.0
2023-05-30,62.85,62.97,61.7,62.3,6442616.0
2023-05-31,61.48,62.09,60.61,60.63,4040657.0
2023-06-01,60.66,63.37,60.63,62.55,3631404.0
2023-06-02,64.1,64.37,63.46,64.15,6937902.0
2023-06-05,65.37,65.37,64.02,64.03,3038435.0
2023-06-06,63.08,64.43,63.01,63.79,2569494.0
2023-06-07,64.49,65.21,64.21,64.71,3520529.0
2023-06-08,64.89,64.94,61.82,63.46,8584267.0
2023-06-09,63.64,64.2,62.79,62.93,3354971.0
2023-06-12,61.0,61.23,60.02,60.24,5997296.0
2023-06-13,62.09,62.65,61.99,62.14,3473463.0
2023-06-14,63.0,63.2,61.26,61.83,4818592.0
2023-06-15,62.21,63.77,62.14,63.41,3445591.0
2023-06-16,63.48,64.53,63.28,64.35,2973957.0
2023-06-20,63.75,63.96,62.61,63.92,2316538.0
2023-06-21,63.83,65.09,63.7,65.04,2725515.0
2023-06-22,63.15,63.65,62.14,62.52,3882134.0
2023-06-23,61.04,62.49,60.97,62.42,2413605.0
2023-06-26,62.15,63.14,62.08,62.73,2084529.0
2023-06-27,62.33,62.63,61.1,61.3,2610114.0
2023-06-28,61.47,62.94,60.87,62.52,2461468.0
2023-06-29,62.75,63.64,62.25,62.96,1992226.0
2023-06-30,63.35,63.97,63.15,63.55,3133427.0
2023-07-03,63.82,64.11,63.12,63.39,1220812.0
2023-07-05,64.66,64.85,63.9,64.63,2971118.0
2023-07-06,64.33,64.56,63.12,64.44,2371967.0
2023-07-07,64.14,66.05,64.14,65.85,2784598.0
2023-07-10,65.63,66.31,65.16,65.54,2448955.0
2023-07-11,66.03,67.05,65.89,67.03,2349459.0
2023-07-12,67.62,67.97,67.26,67.87,3046212.0
2023-07-13,67.79,69.1,67.53,69.09,3608660.0
2023-07-14,68.53,68.57,67.36,67.47,2400571.0
2023-07-17,66.85,67.4,66.53,66.58,2283611.0
2023-07-18,66.79,68.12,66.65,67.96,2550083.0
2023-07-19,68.39,68.92,67.49,67.69,1934966.0
2023-07-20,68.33,68.49,67.13,68.05,2031411.0
2023-07-21,68.52,69.31,68.17,68.99,2993283.0
2023-07-24,69.61,70.93,69.29,70.69,2420158.0
2023-07-25,70.4,71.41,70.27,71.16,2340054.0
2023-07-26,70.59,71.31,70.41,70.66,1384274.0
2023-07-27,71.16,71.99,70.72,71.43,1807191.0
2023-07-28,71.32,72.24,70.87,72.09,1751601.0
2023-07-31,72.75,73.29,72.56,73.17,2074314.0
2023-08-01,72.68,73.19,72.17,72.96,1487378.0
2023-08-02,72.67,72.74,70.88,71.48,3173369.0
2023-08-03,71.7,73.25,71.7,73.14,2923083.0
2023-08-04,73.22,74.29,72.94,73.79,2016991.0
2023-08-07,73.76,73.87,73.04,73.82,1858820.0
2023-08-08,72.47,74.27,72.04,74.06,4218657.0
2023-08-09,74.78,75.36,74.21,75.1,4777128.0
2023-08-10,74.66,75.09,73.96,74.2,3443917.0
2023-08-11,74.14,74.81,73.95,74.25,3137824.0
2023-08-14,73.69,74.22,73.35,73.81,3545425.0
2023-08-15,73.25,73.26,72.18,72.62,3907485.0
2023-08-16,72.9,73.15,71.29,71.37,3789622.0
2023-08-17,72.57,72.82,71.92,71.98,2647626.0
2023-08-18,72.18,73.06,71.91,72.79,2734937.0
2023-08-21,73.42,73.51,72.42,72.58,2085611.0
2023-08-22,72.76,72.87,72.06,72.28,1656073.0
2023-08-23,70.8,72.0,70.43,71.36,3836870.0
2023-08-24,70.88,71.73,70.45,71.41,2368735.0
2023-08-25,72.62,72.66,70.82,72.45,3105963.0
2023-08-28,72.4,73.13,72.11,72.41,1618724.0
2023-08-29,72.66,73.35,71.79,73.32,2890396.0
2023-08-30,73.73,74.01,73.06,73.66,2228099.0
2023-08-31,74.48,75.18,73.95,75.06,2900837.0
2023-09-01,76.0,76.94,75.94,76.92,4205780.0
2023-09-05,78.07,78.78,77.39,77.76,4782183.0
2023-09-06,77.6,78.77,77.42,78.52,3159808.0
2023-09-07,78.15,78.5,77.44,77.95,2671387.0
2023-09-08,78.14,78.73,77.88,78.3,2039463.0
2023-09-11,78.93,79.12,78.14,78.37,2083754.0
2023-09-12,79.36,80.01,79.31,79.7,3308786.0
2023-09-13,79.86,80.04,79.23,79.68,2783802.0
2023-09-14,80.66,81.14,80.53,81.12,3098890.0
2023-09-15,80.29,81.34,80.09,81.29,2874487.0
2023-09-18,81.79,81.94,80.8,81.45,5940835.0
2023-09-19,82.18,82.28,81.12,81.5,6660528.0
2023-09-20,80.56,81.59,80.13,80.14,4122836.0
2023-09-21,81.25,81.51,80.4,80.41,3100875.0
2023-09-22,81.55,81.6,79.99,80.63,2704957.0
2023-09-25,80.59,80.65,79.67,80.39,1918337.0
2023-09-26,79.97,81.05,79.89,80.88,2522705.0
2023-09-27,82.24,83.29,82.05,82.9,4257863.0
2023-09-28,82.32,82.61,81.22,81.57,3169004.0
2023-09-29,81.9,81.94,80.47,80.86,2399712.0
2023-10-02,81.18,81.28,79.19,79.39,3492059.0
2023-10-03,79.81,80.37,79.25,79.93,2899326.0
2023-10-04,77.97,77.97,75.22,75.59,7853801.0
2023-10-05,74.11,75.45,73.61,73.99,5599118.0
2023-10-06,74.43,74.57,73.34,74.16,3896226.0
2023-10-09,76.76,77.4,76.23,77.13,6892099.0
2023-10-10,77.19,77.19,76.19,76.71,4237623.0
2023-10-11,76.19,76.4,74.76,75.67,6048315.0
2023-10-12,76.58,76.61,74.62,75.42,4244091.0
2023-10-13,77.71,79.18,77.16,78.99,6772282.0
2023-10-16,78.63,78.89,77.87,78.39,5156223.0
2023-10-17,77.98,78.88,77.4,78.8,3914447.0
2023-10-18,79.72,80.37,79.32,79.84,4647277.0
2023-10-19,79.37,81.75,78.94,81.68,5924379.0
2023-10-20,81.59,81.98,80.17,80.7,4664731.0
2023-10-23,80.22,80.27,78.35,78.89,4607118.0
2023-10-24,78.04,78.22,76.31,76.93,6629641.0
2023-10-25,77.11,78.73,75.64,78.46,6116774.0
2023-10-26,76.83,77.59,76.49,76.89,3518401.0
2023-10-27,77.62,78.98,76.58,78.36,5522434.0
2023-10-30,77.24,77.58,75.36,76.05,5929410.0
2023-10-31,76.21,77.02,74.56,75.02,4604029.0
2023-11-01,76.66,76.72,74.24,74.75,4142905.0
2023-11-02,74.91,76.53,74.79,76.18,4191530.0
2023-11-03,75.29,76.41,74.14,74.85,5054422.0
2023-11-06,75.89,76.09,74.77,74.91,2764258.0
2023-11-07,72.99,73.15,71.615,71.8,7413645.0
2023-11-08,71.27,71.67,69.65,70.19,7264443.0
2023-11-09,70.75,71.66,70.14,70.25,4327659.0
2023-11-10,71.31,72.22,71.12,71.79,3754342.0
2023-11-13,71.81,72.96,71.77,72.92,3075552.0
2023-11-14,73.23,74.04,72.36,72.69,2688454.0
2023-11-15,71.81,72.38,71.175,71.34,5002723.0
2023-11-16,69.61,69.71,67.45,68.05,6745940.0
2023-11-17,69.14,70.95,69.14,70.75,5923718.0
2023-11-20,72.18,73.07,71.94,72.3,3988245.0
2023-11-21,72.06,72.59,71.745,72.53,2543502.0
2023-11-22,69.28,71.9,68.81,71.61,5286929.0
2023-11-24,70.95,71.86,70.75,70.82,1401523.0
2023-11-27,70.3,71.09,69.54,69.96,4632843.0
2023-11-28,70.64,71.83,70.24,71.26,2508241.0
2023-11-29,72.12,72.87,70.6,72.52,4572987.0
2023-11-30,73.5,74.21,70.03,70.14,9702200.0
2023-12-01,70.93,71.5925,69.04,69.24,4354375.0
2023-12-04,68.66,69.77,67.87,68.47,5103958.0
2023-12-05,68.74,69.24,67.47,67.58,4833500.0
2023-12-06,65.98,66.3492,64.61,64.76,9506113.0
2023-12-07,65.65,65.74,64.35,65.11,4561921.0
2023-12-08,66.11,66.9,65.92,66.53,4055300.0
2023-12-11,66.5,67.03,65.98,66.8,2589095.0
2023-12-12,64.93,65.06,63.84,64.25,7103750.0
2023-12-13,64.42,65.35,64.34,65.33,3575135.0
2023-12-14,66.95,67.8,66.9,67.16,5062761.0
2023-12-15,67.19,67.32,65.88,67.15,3451025.0
2023-12-18,68.89,69.58,67.55,68.09,5558822.0
2023-12-19,68.3,69.43,68.255,69.36,4039073.0
2023-12-20,70.15,70.3001,68.66,68.79,5252060.0
2023-12-21,68.13,69.075,68.13,69.03,3290320.0
2023-12-22,69.63,69.9599,68.49,68.69,4301867.0
2023-12-26,70.52,71.1,70.11,70.21,4996826.0
2023-12-27,70.02,70.17,68.9,68.92,3785542.0
2023-12-28,68.35,68.94,66.975,67.18,5754432.0
2023-12-29,67.68,67.75,66.63,66.65,3305417.0
2024-01-02,67.56,67.56,65.48,65.77,7908569.0
2024-01-03,66.92,68.36,66.72,68.19,7136733.0
2024-01-04,68.19,68.39,66.4,67.57,5001032.0
2024-01-05,68.83,69.315,68.36,69.03,4996498.0
2024-01-08,66.07,66.49,65.54,66.4,6270252.0
2024-01-09,67.3,67.95,66.71,67.39,4394013.0
2024-01-10,68.27,68.68,66.34,66.56,6307647.0
2024-01-11,68.35,68.92,67.11,67.65,7436215.0
2024-01-12,69.38,69.81,67.57,68.02,7198815.0
2024-01-16,68.09,68.25,67.11,67.25,4904794.0
2024-01-17,66.48,67.96,66.282,67.94,4462921.0
2024-01-18,68.36,69.31,67.79,69.06,4685914.0
2024-01-19,69.41,69.72,68.21,68.82,4668793.0
2024-01-22,68.88,70.5,68.72,69.69,4992352.0
2024-01-23,69.34,70.3279,69.12,69.66,3164812.0
2024-01-24,69.97,70.88,69.66,70.54,4857614.0
2024-01-25,71.48,72.45,71.015,72.23,4979571.0
2024-01-26,71.98,73.1866,71.13,73.1,4821985.0
2024-01-29,72.43,72.45,71.48,72.05,3444897.0
2024-01-30,72.0,73.1,71.72,72.81,3559070.0
2024-01-31,72.32,72.37,70.66,70.92,5073716.0
2024-02-01,71.59,71.99,68.9601,69.07,13358705.0
2024-02-02,68.03,68.36,67.19,67.51,5659648.0
2024-02-05,67.83,68.59,66.85,68.18,3284499.0
2024-02-06,68.65,69.1,68.12,68.81,4413389.0
2024-02-07,68.94,69.43,68.7,69.42,5234122.0
2024-02-08,70.27,71.6,70.22,71.52,6147383.0
2024-02-09,71.94,72.28,71.1,71.67,2761618.0
2024-02-12,71.53,72.13,71.53,72.11,3838751.0
2024-02-13,72.54,73.22,71.95,72.65,3631882.0
2024-02-14,73.07,73.531,71.37,71.55,4632502.0
2024-02-15,71.77,73.2,71.77,72.84,4230875.0
2024-02-16,72.95,73.63,72.4399,73.41,4209184.0
2024-02-20,73.44,73.45,72.06,72.42,3468576.0
2024-02-21,72.17,73.22,72.16,73.2,3781055.0
2024-02-22,72.99,74.05,72.91,73.6,2748494.0
2024-02-23,72.19,72.6601,71.66,71.92,3403229.0
2024-02-26,71.55,73.24,71.48,72.79,3578371.0
2024-02-27,73.21,74.16,73.14,73.85,5301401.0
2024-02-28,74.461,74.74,73.265,73.62,3991435.0
2024-02-29,74.07,74.45,73.2,73.36,3861159.0
2024-03-01,74.74,75.94,74.53,74.96,5359161.0
2024-03-04,75.43,75.5,73.83,74.01,3332734.0
2024-03-05,73.62,74.67,73.115,73.45,4262691.0
2024-03-06,74.67,75.73,74.16,74.34,4988927.0
2024-03-07,73.56,74.77,73.4,74.23,3758183.0
2024-03-08,74.02,74.08,72.99,73.36,4038736.0
2024-03-11,72.97,73.9,72.37,73.62,3072570.0
2024-03-12,73.42,74.16,73.01,73.35,4134645.0
2024-03-13,74.75,75.25,74.37,75.09,4435510.0
2024-03-14,75.9,76.76,75.74,76.3,4238536.0
2024-03-15,75.97,76.64,75.87,76.33,3141774.0
2024-03-18,77.02,78.175,76.61,77.98,3403740.0
2024-03-19,78.09,78.775,77.94,78.43,2720515.0
2024-03-20,77.2,77.52,76.62,77.25,4254532.0
2024-03-21,76.83,77.0,76.1398,76.82,2741977.0
2024-03-22,77.07,77.12,76.31,76.68,2397010.0
2024-03-25,76.99,78.21,76.99,77.76,2189150.0
2024-03-26,77.94,77.98,77.21,77.29,2776793.0
2024-03-27,76.92,77.54,76.82,77.51,2412230.0
2024-03-28,78.27,78.94,78.02,78.73,4745626.0
2024-04-01,79.08,80.2,78.8,79.67,4000055.0
2024-04-02,80.63,80.92,79.88,80.79,4241700.0
2024-04-03,81.31,81.82,81.1,81.25,3254770.0
2024-04-04,81.07,82.84,80.43,82.27,6112168.0
2024-04-05,82.58,83.25,82.12,82.4,3842792.0
2024-04-08,82.38,82.73,81.165,82.2,3757197.0
2024-04-09,82.13,82.25,80.87,81.15,3895346.0
2024-04-10,81.39,82.11,80.43,82.09,6834137.0
2024-04-11,81.67,81.67,80.79,81.55,6287748.0
2024-04-12,83.0,83.41,81.23,81.53,9724893.0
2024-04-15,81.0,81.7,80.09,81.65,10203249.0
2024-04-16,81.31,81.72,81.01,81.33,4285407.0
2024-04-17,80.28,80.96,78.69,78.91,5967324.0
2024-04-18,79.12,79.49,78.2,78.78,4529648.0
2024-04-19,78.72,79.53,78.56,78.85,7608758.0
2024-04-22,77.86,78.99,77.57,78.78,3299618.0
2024-04-23,78.25,80.1,78.16,79.98,3355415.0
2024-04-24,79.71,80.25,79.16,79.64,3662918.0
2024-04-25,79.57,80.49,78.75,80.44,3009027.0
2024-04-26,80.97,80.97,80.06,80.39,1605318.0
2024-04-29,80.07,80.33,79.17,79.5,3934064.0
2024-04-30,78.93,79.22,77.79,78.38,3829178.0
2024-05-01,77.37,78.38,75.76,75.93,5965344.0
2024-05-02,76.1,76.4,75.37,75.93,4709991.0
2024-05-03,75.74,75.92,75.02,75.13,2874884.0
2024-05-06,75.54,75.98,74.96,75.66,6195922.0
2024-05-07,75.25,76.16,74.64,75.5,4327418.0
2024-05-08,74.72,76.18,74.55,76.11,2423806.0
2024-05-09,76.07,76.56,75.88,76.52,2240297.0
2024-05-10,76.68,76.83,75.24,75.3,2746467.0
2024-05-13,75.72,76.43,75.6,76.13,3055228.0
2024-05-14,75.3,75.87,74.84,75.21,2186641.0
2024-05-15,74.45,75.88,73.88,75.88,3660044.0
2024-05-16,76.64,76.735,75.93,76.25,3195580.0
2024-05-17,76.35,77.1147,76.16,76.97,2018699.0
2024-05-20,76.554,77.55,76.18,76.73,2040480.0
2024-05-21,75.99,76.53,75.53,76.16,2009487.0
2024-05-22,75.21,75.9,74.82,74.87,2337083.0
2024-05-23,75.96,76.18,74.04,74.45,1915572.0
2024-05-24,74.88,75.6,74.73,75.35,1164363.0
2024-05-28,76.76,77.775,76.57,77.66,2300454.0
2024-05-29,77.66,77.67,76.56,76.57,1619045.0
2024-05-30,76.05,76.72,75.25,75.53,2339497.0
2024-05-31,75.63,75.84,74.33,74.82,2038199.0
2024-06-03,73.93,73.93,71.76,71.83,5763442.0
2024-06-04,70.96,71.45,70.445,71.09,2420959.0
2024-06-05,71.4,71.98,70.76,71.89,2058369.0
2024-06-06,72.12,73.47,71.96,73.26,1933239.0
2024-06-07,73.56,73.92,72.96,73.02,2049431.0
2024-06-10,73.78,75.55,73.56,75.46,4022775.0
2024-06-11,75.34,75.99,74.91,75.51,1891678.0
2024-06-12,76.83,76.92,75.57,75.98,2465147.0
2024-06-13,76.31,76.52,75.69,75.74,1685352.0
2024-06-14,76.62,76.78,75.84,76.08,2347091.0
2024-06-17,76.656,77.9799,76.55,77.79,2589752.0
2024-06-18,77.88,78.83,77.76,78.67,1757266.0
2024-06-20,79.28,79.53,78.85,79.41,1446534.0
2024-06-21,79.44,79.785,78.4003,78.65,1538693.0
2024-06-24,78.52,79.8,78.49,79.7,1402382.0
2024-06-25,79.47,79.835,78.75,78.9,1272155.0
2024-06-26,78.94,79.55,78.27,78.75,1581934.0
2024-06-27,79.7,80.03,79.225,79.92,1785656.0
2024-06-28,80.03,80.04,79.08,79.59,1359771.0
2024-07-01,80.21,81.69,79.82,81.54,2272726.0
2024-07-02,81.98,82.02,80.83,81.11,1182549.0
2024-07-03,80.95,81.6,80.5723,81.27,712655.0
2024-07-05,82.011,82.6,81.23,81.31,1979700.0
2024-07-08,80.591,81.02,80.29,80.42,2029261.0
2024-07-09,80.12,80.65,79.46,79.77,1919007.0
2024-07-10,79.42,80.6916,79.18,80.48,2291902.0
2024-07-11,79.93,80.99,79.73,80.94,3002748.0
2024-07-12,81.25,81.32,80.115,80.25,3003737.0
2024-07-15,80.26,80.38,79.57,80.12,2206681.0
2024-07-16,78.68,79.41,78.68,79.06,2012427.0
2024-07-17,80.0,80.71,79.95,80.62,2459235.0
2024-07-18,80.59,81.09,79.84,79.9,1425541.0
2024-07-19,79.51,80.22,77.86,78.0,2635981.0
2024-07-22,77.17,77.75,76.86,77.62,1556614.0
2024-07-23,76.96,77.13,75.72,76.62,3124042.0
2024-07-24,76.87,77.48,76.3,76.81,2129191.0
2024-07-25,76.17,77.78,75.54,77.46,1824024.0
2024-07-26,76.82,76.94,75.55,76.11,2125057.0
2024-07-29,76.73,76.99,74.74,75.19,1955412.0
2024-07-30,74.45,74.77,74.0,74.46,3304500.0
2024-07-31,76.33,77.91,75.9,77.74,4582741.0
2024-08-01,77.79,77.85,75.64,76.29,3633349.0
2024-08-02,73.81,73.82,72.43,73.39,5001256.0
2024-08-05,71.94,73.26,71.83,73.22,3939476.0
2024-08-06,71.77,73.39,71.73,72.45,3377891.0
2024-08-07,73.94,75.17,73.69,74.69,4943986.0
2024-08-08,74.53,75.7996,74.44,75.36,3034247.0
2024-08-09,75.67,76.35,75.25,76.22,2923564.0
2024-08-12,77.19,79.17,76.93,78.63,4745005.0
2024-08-13,78.38,78.46,77.31,77.64,2300650.0
2024-08-14,77.6,77.75,76.3,76.59,1721743.0
2024-08-15,77.29,78.0,77.15,77.41,1640446.0
2024-08-16,76.23,76.65,75.69,76.32,2475810.0
2024-08-19,76.25,76.38,74.09,74.38,4881169.0
2024-08-20,74.74,75.02,73.68,73.83,2761717.0
2024-08-21,74.32,74.81,72.11,72.6,2769702.0
2024-08-22,72.83,74.17,72.71,73.58,3170327.0
2024-08-23,74.99,75.76,74.87,75.55,3008631.0
2024-08-26,78.07,78.32,77.62,77.83,4196716.0
2024-08-27,77.39,77.6,76.14,76.49,3537464.0
2024-08-28,75.4,76.23,74.8,75.48,1852410.0
2024-08-29,76.77,77.65,76.1,76.77,4061978.0
2024-08-30,75.19,75.22,74.12,74.34,3341373.0
2024-09-03,72.15,72.15,70.85,71.09,4967787.0
2024-09-04,70.62,71.4995,69.5531,69.61,4701375.0
2024-09-05,70.73,71.53,69.51,69.89,3482531.0
2024-09-06,70.55,70.87,67.91,68.93,3708431.0
2024-09-09,68.49,69.66,68.05,69.27,2685243.0
2024-09-10,69.45,69.49,66.02,66.96,4037988.0
2024-09-11,67.85,68.62,66.37,67.85,3143156.0
2024-09-12,69.07,70.46,68.53,69.89,4037264.0
2024-09-13,70.2,70.93,69.12,69.84,2452910.0
2024-09-16,70.61,71.22,70.13,70.88,3317932.0
2024-09-17,70.9,72.29,70.84,71.72,1952287.0
2024-09-18,71.01,71.94,70.58,70.66,2443776.0
2024-09-19,72.22,73.21,71.785,72.75,4126856.0
2024-09-20,72.42,73.14,72.05,72.92,1353312.0
2024-09-23,72.96,73.53,71.17,72.25,2837640.0
2024-09-24,73.85,73.86,72.83,73.29,2386863.0
2024-09-25,72.35,72.8,70.94,71.48,3469193.0
2024-09-26,69.22,70.118,68.6,69.01,4593811.0
2024-09-27,69.3,70.32,68.8,70.27,3214666.0
2024-09-30,69.96,70.87,69.415,69.92,2343197.0
2024-10-01,69.34,73.73,69.29,72.11,13945009.0
2024-10-02,73.95,74.21,71.62,72.76,4092989.0
2024-10-03,73.74,75.9,73.45,75.73,7082176.0
2024-10-04,76.21,77.4,75.76,76.35,5852614.0
2024-10-07,77.42,79.31,77.29,79.2,4353482.0
2024-10-08,76.83,76.935,74.57,75.79,8048017.0
2024-10-09,74.11,75.36,73.41,75.25,6501526.0
2024-10-10,76.15,78.04,75.76,77.77,4533071.0
2024-10-11,77.01,77.88,76.69,77.49,3642360.0
2024-10-14,76.06,76.65,75.48,75.93,3943168.0
2024-10-15,72.27,72.95,71.67,72.76,4116684.0
2024-10-16,72.38,72.67,71.5295,72.4,2195339.0
2024-10-17,72.05,72.84,71.31,72.62,2541657.0
2024-10-18,71.74,71.92,70.57,71.38,4342284.0
2024-10-21,72.4,72.8701,71.71,72.26,2941240.0
2024-10-22,73.19,74.65,72.995,73.98,3782109.0
2024-10-23,73.49,74.03,72.91,73.55,2413357.0
2024-10-24,73.75,74.08,72.27,73.06,2218561.0
2024-10-25,73.8,74.49,73.36,74.23,3675749.0
2024-10-28,69.77,70.64,69.6696,70.43,7429077.0
2024-10-29,70.12,70.31,69.14,69.66,4015853.0
2024-10-30,70.67,71.63,70.36,71.36,3934156.0
2024-10-31,71.81,73.35,71.44,73.08,9183461.0
2024-11-01,73.63,73.8,71.95,72.02,4533323.0
2024-11-04,73.86,74.4299,73.28,74.29,3240180.0
2024-11-05,74.92,75.34,74.05,74.73,2839498.0
2024-11-06,73.23,75.32,73.23,74.54,4179036.0
2024-11-07,74.01,75.56,73.51,74.66,3133282.0
2024-11-08,73.84,73.94,72.66,73.13,2984469.0
2024-11-11,71.21,71.45,70.64,70.94,3272078.0
2024-11-12,71.78,71.85,70.5,70.69,1905280.0
2024-11-13,70.33,71.5,69.6,70.73,3448994.0
2024-11-14,72.06,72.09,70.82,71.29,2088868.0
2024-11-15,70.87,71.35,69.56,69.75,3629278.0
2024-11-18,70.93,72.31,70.9,72.07,3116107.0
2024-11-19,72.4,72.71,71.4,72.31,3959279.0
2024-11-20,72.84,72.84,71.6,72.02,1362235.0
2024-11-21,73.13,73.26,72.39,73.2,1848011.0
2024-11-22,73.1,74.58,72.9401,74.25,2573711.0
2024-11-25,72.94,73.44,71.73,72.1,3299046.0
2024-11-26,72.52,73.34,71.01,71.61,2882236.0
2024-11-27,71.63,72.3,71.16,71.72,1575876.0
2024-11-29,72.32,72.74,71.51,71.63,1707235.0
2024-12-02,71.87,71.95,70.7,71.04,3553891.0
2024-12-03,72.16,73.32,71.8,73.04,3199132.0
2024-12-04,73.41,73.45,71.52,71.88,2784128.0
2024-12-05,71.95,72.17,71.22,71.47,1525120.0
2024-12-06,70.62,70.71,69.99,70.24,3083751.0
2024-12-09,71.23,71.97,71.155,71.17,2061609.0
2024-12-10,71.54,72.13,71.32,71.4,2476164.0
2024-12-11,72.58,73.59,72.15,73.33,3061912.0
2024-12-12,72.9,73.58,72.19,73.21,2830021.0
2024-12-13,73.62,74.5,73.545,74.21,2713261.0
2024-12-16,74.15,74.3,73.61,73.7,1947905.0
2024-12-17,72.96,73.35,72.31,73.3,2140059.0
2024-12-18,73.67,74.38,72.915,72.94,2338013.0
2024-12-19,73.93,74.11,72.61,72.61,2099113.0
2024-12-20,72.27,73.41,71.958,73.1,1599767.0
2024-12-23,72.91,73.07,72.1,73.06,1894413.0
2024-12-24,73.7,74.025,73.45,73.65,1006185.0
2024-12-26,74.26,74.38,72.9,73.13,1811031.0
2024-12-27,74.1,74.4,73.69,73.85,1461964.0
2024-12-30,74.86,75.27,74.455,74.82,1621026.0
2024-12-31,75.24,75.75,74.975,75.55,1273690.0
2025-01-02,76.84,77.56,76.84,76.93,3271634.0
2025-01-03,77.41,78.215,77.26,77.92,1877683.0
2025-01-06,78.43,78.9,77.06,77.3,2141772.0
2025-01-07,78.13,78.44,77.7,78.17,3912335.0
2025-01-08,78.35,78.46,77.06,77.3,3259073.0
2025-01-10,81.54,81.815,79.37,80.64,5048677.0
2025-01-13,81.51,82.82,81.37,82.23,5060310.0
2025-01-14,81.9,82.08,81.2105,81.67,4679740.0
2025-01-15,82.28,84.58,82.28,84.34,4891827.0
2025-01-16,83.49,83.6,81.99,82.94,3607126.0
2025-01-17,82.52,83.0,82.23,82.52,2297600.0
2025-01-21,80.62,81.34,80.45,81.11,2410724.0
2025-01-22,80.72,81.21,80.32,80.43,2797882.0
2025-01-23,80.56,81.04,79.16,79.21,3802959.0
2025-01-24,80.07,80.22,79.015,79.6,1921980.0
2025-01-27,79.28,79.54,77.23,77.93,1954746.0
2025-01-28,78.87,78.95,77.81,78.86,1592194.0
2025-01-29,78.02,78.65,77.18,77.78,1670498.0
2025-01-30,77.77,78.77,77.46,77.75,2238596.0
2025-01-31,77.6,78.26,76.76,78.02,3539779.0
2025-02-03,78.42,78.77,76.94,77.82,4200160.0
2025-02-04,75.7,78.3,75.6,77.51,6136890.0
2025-02-05,76.57,77.0,75.835,76.09,1985166.0
2025-02-06,76.36,76.73,75.27,75.45,2168202.0
2025-02-07,76.22,76.29,75.46,75.86,2013926.0
2025-02-10,76.94,77.505,76.61,77.4,2814470.0
2025-02-11,78.37,78.49,77.87,78.27,2284109.0
2025-02-12,77.15,77.46,76.29,76.32,4918694.0
2025-02-13,75.68,76.47,75.58,76.39,1897061.0
2025-02-14,76.58,76.74,75.63,75.82,2425985.0
2025-02-18,76.69,77.1087,76.35,76.96,2324901.0
2025-02-19,78.06,78.2,77.23,77.45,1554217.0
2025-02-20,77.92,78.47,77.62,77.76,1626986.0
2025-02-21,76.7,76.85,75.34,75.35,2749120.0
2025-02-24,75.71,76.14,75.45,75.97,2930809.0
2025-02-25,75.6,75.61,73.74,74.13,2386579.0
2025-02-26,73.91,74.27,73.41,73.85,3229404.0
2025-02-27,75.02,75.79,74.69,75.28,2641855.0
2025-02-28,74.58,75.47,74.25,75.22,2351254.0
2025-03-03,75.33,75.56,72.925,73.32,3996346.0
2025-03-04,72.75,73.615,71.71,73.31,2030577.0
2025-03-05,71.4,71.49,70.09,71.42,3811014.0
2025-03-06,71.37,72.02,70.4901,71.13,3038726.0
2025-03-07,72.74,73.31,71.77,72.09,4195689.0
2025-03-10,72.06,72.245,70.74,70.89,1777110.0
2025-03-11,71.8,72.1701,70.98,71.45,1876154.0
2025-03-12,72.32,72.97,72.04,72.8,2389060.0
2025-03-13,72.08,72.4425,71.41,71.62,3119090.0
2025-03-14,71.89,72.43,71.65,72.28,2054592.0
2025-03-17,72.98,73.17,72.43,72.71,2873691.0
2025-03-18,73.39,73.49,71.97,72.21,2738992.0
2025-03-19,72.08,72.88,71.93,72.42,1747436.0
2025-03-20,72.23,73.8,72.04,73.73,2522945.0
2025-03-21,73.39,73.96,73.135,73.79,1528909.0
2025-03-24,74.13,74.975,73.94,74.88,2755331.0
2025-03-25,75.23,75.36,74.12,74.82,1922785.0
2025-03-26,75.34,75.935,75.13,75.42,2473382.0
2025-03-27,75.26,75.68,74.78,75.48,1590662.0
2025-03-28,75.52,75.54,74.54,74.77,2430345.0
2025-03-31,75.52,77.72,75.2819,77.33,3147203.0
2025-04-01,77.6,78.01,76.875,77.08,2753850.0
2025-04-02,76.72,77.86,76.69,77.74,2808361.0
2025-04-03,72.16,72.6992,71.435,72.25,6279800.0
2025-04-04,66.9,68.42,65.5,67.92,9319871.0
2025-04-07,65.64,69.2,64.94,65.98,7869057.0
2025-04-08,66.6,66.8,62.74,63.34,8411068.0
2025-04-09,61.73,68.045,60.67,67.58,15312913.0
2025-04-10,64.77,65.47,63.6,65.32,6596672.0
2025-04-11,64.65,66.79,64.5,66.46,4386097.0
2025-04-14,67.12,67.129,65.62,66.66,3146103.0
2025-04-15,66.47,66.92,65.915,66.48,1779217.0
2025-04-16,66.99,67.97,66.99,67.75,5451953.0
2025-04-17,68.35,70.05,68.15,69.48,4776754.0
2025-04-21,68.27,68.655,67.44,68.62,2343047.0
2025-04-22,68.89,70.27,68.72,69.37,4498971.0
2025-04-23,68.99,69.81,67.19,68.05,8908449.0
2025-04-24,68.65,68.855,67.7,68.46,4336539.0
2025-04-25,68.05,69.18,68.04,69.03,3271717.0
