Date,open,high,low,close,volume
2015-04-27,49.26,49.28,48.89,48.92,6862037.0
2015-04-28,48.92,49.03,48.71,48.97,3665120.0
2015-04-29,48.81,48.91,48.46,48.53,9409328.0
2015-04-30,48.41,48.6,48.18,48.37,8256453.0
2015-05-01,48.55,48.83,48.41,48.81,5143108.0
2015-05-04,48.81,49.01,48.8,48.88,6693670.0
2015-05-05,48.86,48.92,48.41,48.49,6509550.0
2015-05-06,48.59,48.76,48.34,48.64,6229996.0
2015-05-07,48.48,48.86,48.37,48.76,6423961.0
2015-05-08,49.01,49.36,49.01,49.17,6922689.0
2015-05-11,49.03,49.33,48.95,48.97,3973988.0
2015-05-12,48.51,49.02,48.51,48.86,4897103.0
2015-05-13,48.85,49.19,48.78,48.84,3657631.0
2015-05-14,49.04,49.61,49.04,49.59,6160699.0
2015-05-15,49.6,49.75,49.55,49.75,5014344.0
2015-05-18,49.7,49.71,49.51,49.59,6185947.0
2015-05-19,49.62,49.62,49.3,49.46,5139024.0
2015-05-20,49.39,49.59,49.35,49.35,5445659.0
2015-05-21,49.36,49.52,49.19,49.46,4305059.0
2015-05-22,49.23,49.4,49.22,49.25,5314346.0
2015-05-26,49.19,49.21,48.76,48.86,8775410.0
2015-05-27,48.96,49.25,48.91,49.17,7572026.0
2015-05-28,49.12,49.17,48.89,49.1,5734278.0
2015-05-29,49.02,49.07,48.69,48.79,6638650.0
2015-06-01,48.89,48.99,48.62,48.79,5982427.0
2015-06-02,48.65,48.77,48.42,48.66,4988630.0
2015-06-03,48.72,48.86,48.56,48.63,5890451.0
2015-06-04,48.54,48.66,48.18,48.28,7075841.0
2015-06-05,48.15,48.27,47.56,47.59,9459988.0
2015-06-08,47.56,47.73,47.46,47.57,10934780.0
2015-06-09,47.63,47.97,47.55,47.8,7085511.0
2015-06-10,47.92,48.37,47.92,48.27,7091188.0
2015-06-11,48.31,48.46,48.2,48.25,7456681.0
2015-06-12,48.13,48.17,47.89,48.06,6718424.0
2015-06-15,47.87,47.96,47.68,47.71,7554616.0
2015-06-16,47.84,48.26,47.77,48.23,5036366.0
2015-06-17,48.38,48.57,48.12,48.49,10500982.0
2015-06-18,48.64,49.22,48.6,49.0,8803731.0
2015-06-19,48.76,48.91,48.66,48.66,8867099.0
2015-06-22,48.93,49.05,48.8,48.85,4438387.0
2015-06-23,48.87,48.88,48.54,48.64,5099468.0
2015-06-24,48.62,48.69,48.42,48.42,6765086.0
2015-06-25,48.61,48.61,48.33,48.33,6383934.0
2015-06-26,48.4,48.59,48.34,48.43,4508613.0
2015-06-29,48.18,48.27,47.66,47.68,8090052.0
2015-06-30,48.18,48.18,47.59,47.6,10014744.0
2015-07-01,47.92,48.21,47.72,48.21,6857523.0
2015-07-02,48.24,48.42,48.03,48.17,6954841.0
2015-07-06,47.85,48.31,47.8,48.13,8740682.0
2015-07-07,48.26,49.16,48.09,49.12,17419807.0
2015-07-08,48.7,48.93,48.54,48.57,11751671.0
2015-07-09,49.16,49.25,48.61,48.61,8357820.0
2015-07-10,49.06,49.29,49.01,49.18,7744458.0
2015-07-13,49.41,49.66,49.41,49.64,7029976.0
2015-07-14,49.65,49.74,49.56,49.72,6857590.0
2015-07-15,49.71,49.73,49.49,49.59,5979989.0
2015-07-16,49.84,50.17,49.78,50.1,4450729.0
2015-07-17,49.98,50.07,49.77,50.07,4873706.0
2015-07-20,50.1,50.22,49.96,50.16,6224704.0
2015-07-21,50.04,50.19,49.9,50.04,6127508.0
2015-07-22,50.04,50.33,50.01,50.15,6061647.0
2015-07-23,50.26,50.26,49.89,49.96,4525083.0
2015-07-24,50.08,50.08,49.62,49.68,9949861.0
2015-07-27,49.48,49.73,49.33,49.65,9555626.0
2015-07-28,49.87,50.22,49.73,50.21,8762551.0
2015-07-29,50.26,50.49,50.16,50.38,6090087.0
2015-07-30,50.14,50.28,49.88,50.21,7028727.0
2015-07-31,50.38,50.42,50.24,50.31,6136667.0
2015-08-03,50.3,50.43,50.16,50.4,6958856.0
2015-08-04,50.35,50.45,50.11,50.38,5631206.0
2015-08-05,50.54,50.88,50.52,50.82,5191429.0
2015-08-06,50.95,50.95,50.37,50.45,7882115.0
2015-08-07,50.36,50.5,49.94,50.14,6872078.0
2015-08-10,50.3,50.51,50.26,50.34,5774238.0
2015-08-11,50.02,50.28,50.0,50.18,5616152.0
2015-08-12,49.85,50.22,49.51,50.22,8264948.0
2015-08-13,50.15,50.28,49.93,50.01,4919406.0
2015-08-14,49.99,50.17,49.87,50.16,5236432.0
2015-08-17,50.0,50.22,49.82,50.21,4978436.0
2015-08-18,50.03,50.17,49.9,49.95,5096908.0
2015-08-19,49.85,49.87,49.26,49.48,9283509.0
2015-08-20,49.16,49.49,48.95,49.05,12724959.0
2015-08-21,48.67,48.78,47.71,47.77,23332250.0
2015-08-24,45.4,47.1,43.72,46.09,68626256.0
2015-08-25,47.71,47.71,45.65,45.7,35709328.0
2015-08-26,46.61,47.13,45.75,47.07,24345969.0
2015-08-27,47.43,47.89,46.87,47.76,19529664.0
2015-08-28,47.61,47.69,47.35,47.66,8680276.0
2015-08-31,47.52,47.52,47.18,47.32,12932323.0
2015-09-01,46.37,46.85,46.05,46.37,15581741.0
2015-09-02,46.74,46.98,46.52,46.98,9544886.0
2015-09-03,47.16,47.58,47.05,47.28,7612491.0
2015-09-04,46.67,46.79,46.34,46.51,10482828.0
2015-09-08,47.27,47.54,46.94,47.51,6839007.0
2015-09-09,47.93,47.94,46.59,46.7,7571317.0
2015-09-10,46.49,47.12,46.47,46.8,14985224.0
2015-09-11,46.74,47.11,46.57,47.08,5123972.0
2015-09-14,47.08,47.17,46.76,46.94,6172229.0
2015-09-15,47.01,47.59,46.82,47.5,7245162.0
2015-09-16,47.94,48.11,47.67,48.04,11445454.0
2015-09-17,48.01,48.62,47.91,48.05,13023926.0
2015-09-18,47.19,47.71,47.0,47.18,10899664.0
2015-09-21,47.31,47.67,47.3,47.54,9755907.0
2015-09-22,47.06,47.13,46.77,47.02,10539482.0
2015-09-23,47.01,47.17,46.86,47.1,6455544.0
2015-09-24,46.75,47.25,46.73,47.16,7732013.0
2015-09-25,47.45,47.96,47.3,47.48,12245569.0
2015-09-28,47.36,47.46,46.69,46.77,15714567.0
2015-09-29,46.91,46.93,46.48,46.76,15280734.0
2015-09-30,46.95,47.35,46.86,47.2,11214108.0
2015-10-01,47.22,47.33,46.83,47.19,13720478.0
2015-10-02,46.93,47.86,46.69,47.84,13145092.0
2015-10-05,48.19,48.72,48.04,48.66,10171496.0
2015-10-06,48.56,48.73,48.31,48.33,9383524.0
2015-10-07,48.56,48.86,48.4,48.77,11917460.0
2015-10-08,48.7,49.37,48.61,49.35,12352664.0
2015-10-09,49.44,49.61,49.3,49.46,12310256.0
2015-10-12,49.48,49.69,49.43,49.59,5646446.0
2015-10-13,49.5,49.57,49.22,49.29,10101802.0
2015-10-14,49.2,49.39,48.61,48.72,10407556.0
2015-10-15,49.02,49.19,48.82,49.16,5228332.0
2015-10-16,49.2,49.68,49.19,49.63,6898456.0
2015-10-19,49.63,49.86,49.48,49.85,6256022.0
2015-10-20,49.84,49.91,49.74,49.82,6064158.0
2015-10-21,49.73,50.17,49.73,49.83,14417898.0
2015-10-22,50.03,50.89,49.94,50.82,13589842.0
2015-10-23,51.0,51.13,50.46,50.74,13359570.0
2015-10-26,50.74,50.84,50.56,50.64,8878950.0
2015-10-27,50.48,50.71,50.32,50.71,5043900.0
2015-10-28,50.72,50.73,49.88,50.42,10430877.0
2015-10-29,50.4,50.55,50.15,50.44,5605288.0
2015-10-30,50.28,50.28,49.87,49.89,8576971.0
2015-11-02,49.91,50.19,49.84,50.18,13054043.0
2015-11-03,49.89,50.07,49.59,49.94,12451355.0
2015-11-04,50.0,50.09,49.54,49.73,8059101.0
2015-11-05,49.68,49.8,49.43,49.72,9191771.0
2015-11-06,49.49,49.58,48.82,49.18,13740243.0
2015-11-09,48.94,49.02,48.57,48.85,7895965.0
2015-11-10,48.8,49.06,48.8,48.98,7429396.0
2015-11-11,48.9,49.22,48.9,48.91,7263920.0
2015-11-12,48.79,48.83,48.25,48.25,8473452.0
2015-11-13,48.11,48.33,47.79,47.83,9112391.0
2015-11-16,47.67,48.66,47.67,48.65,9735265.0
2015-11-17,48.78,49.03,48.49,48.63,8056242.0
2015-11-18,48.77,49.33,48.7,49.3,7826236.0
2015-11-19,49.33,49.65,49.32,49.42,7421069.0
2015-11-20,49.65,49.88,49.04,49.08,5487155.0
2015-11-23,49.09,49.6,49.09,49.51,5316147.0
2015-11-24,49.39,49.77,49.17,49.64,9728187.0
2015-11-25,49.64,49.89,49.6,49.77,5599005.0
2015-11-27,49.75,50.07,49.74,49.96,2712628.0
2015-11-30,49.97,50.07,49.41,49.42,10339074.0
2015-12-01,49.52,49.87,49.52,49.84,10807852.0
2015-12-02,49.77,49.91,49.52,49.59,7832017.0
2015-12-03,49.77,49.95,49.14,49.33,12535751.0
2015-12-04,49.46,50.48,49.26,50.44,12780466.0
2015-12-07,50.63,50.74,50.38,50.58,9022022.0
2015-12-08,50.26,50.56,50.15,50.45,6436418.0
2015-12-09,50.17,50.71,49.77,49.97,18794311.0
2015-12-10,50.08,50.35,49.88,50.03,7842722.0
2015-12-11,49.53,49.83,49.34,49.48,11597811.0
2015-12-14,49.48,50.01,49.29,49.97,16605448.0
2015-12-15,50.36,50.53,50.09,50.29,11534671.0
2015-12-16,50.51,51.36,50.5,51.26,20823918.0
2015-12-17,51.26,51.26,50.59,50.6,10235703.0
2015-12-18,50.18,50.18,49.34,49.34,14279980.0
2015-12-21,49.67,49.91,49.47,49.9,8155480.0
2015-12-22,49.98,50.61,49.86,50.55,7185707.0
2015-12-23,50.77,50.99,50.68,50.92,6464116.0
2015-12-24,50.81,51.02,50.81,50.87,2312094.0
2015-12-28,50.65,50.8,50.6,50.8,4620852.0
2015-12-29,51.13,51.29,50.91,51.24,4126989.0
2015-12-30,51.21,51.27,51.0,51.06,6932273.0
2015-12-31,50.89,50.9,50.43,50.49,6724740.0
2016-01-04,49.83,49.85,49.35,49.85,17281160.0
2016-01-05,49.97,50.29,49.84,50.17,8630450.0
2016-01-06,49.67,50.2,49.64,50.0,12428850.0
2016-01-07,49.44,49.92,49.22,49.4,16031310.0
2016-01-08,49.72,49.72,48.92,49.02,14409340.0
2016-01-11,49.32,49.66,49.0,49.48,15890235.0
2016-01-12,49.78,49.94,49.35,49.75,13165390.0
2016-01-13,49.81,49.85,48.79,48.84,19407430.0
2016-01-14,48.98,49.41,48.75,49.07,18903711.0
2016-01-15,48.24,48.62,47.92,48.3,24203698.0
2016-01-19,48.79,49.06,48.57,48.88,14898638.0
2016-01-20,48.34,48.56,47.38,48.27,28302815.0
2016-01-21,48.31,48.67,48.01,48.46,21000973.0
2016-01-22,49.01,49.39,48.63,49.29,13754517.0
2016-01-25,48.49,49.27,48.41,48.85,15868544.0
2016-01-26,49.0,49.62,48.95,49.29,10524037.0
2016-01-27,49.37,49.87,48.94,49.25,17247388.0
2016-01-28,49.42,49.92,49.27,49.75,15649161.0
2016-01-29,50.09,50.83,49.86,50.76,20576334.0
2016-02-01,50.65,51.13,50.5,50.93,18573126.0
2016-02-02,50.56,50.56,50.15,50.28,14068583.0
2016-02-03,50.47,50.56,49.7,50.17,25209773.0
2016-02-04,49.95,50.0,49.47,49.71,21239998.0
2016-02-05,49.8,49.94,49.37,49.63,20072963.0
2016-02-08,49.3,49.64,48.88,49.5,21546523.0
2016-02-09,49.11,50.1,49.07,49.83,24376347.0
2016-02-10,50.01,50.3,49.7,49.77,14795708.0
2016-02-11,49.18,49.6,48.88,49.37,26010413.0
2016-02-12,49.67,50.08,49.44,50.07,12457789.0
2016-02-16,50.5,50.54,50.09,50.47,15217653.0
2016-02-17,50.69,51.14,50.53,50.99,11040533.0
2016-02-18,50.82,50.91,50.49,50.76,13101903.0
2016-02-19,50.62,50.94,50.34,50.84,9794868.0
2016-02-22,51.13,51.24,50.95,51.09,9151997.0
2016-02-23,50.99,51.17,50.87,51.08,9986502.0
2016-02-24,50.84,51.3,50.58,51.24,13271568.0
2016-02-25,51.37,51.84,51.25,51.82,9511271.0
2016-02-26,51.96,51.96,50.99,51.09,28137039.0
2016-02-29,51.06,51.46,50.91,50.92,13596765.0
2016-03-01,51.21,51.5,51.13,51.41,13162969.0
2016-03-02,51.47,51.56,51.15,51.56,16157230.0
2016-03-03,51.35,51.82,51.17,51.82,10743936.0
2016-03-04,51.8,52.17,51.6,52.04,17384600.0
2016-03-07,51.82,52.0,51.63,51.72,14095858.0
2016-03-08,51.57,52.15,51.49,51.87,11547802.0
2016-03-09,52.03,52.33,52.02,52.26,11307512.0
2016-03-10,52.45,52.57,51.83,52.28,13089841.0
2016-03-11,52.54,52.65,52.26,52.45,12873613.0
2016-03-14,52.42,52.54,52.26,52.42,10645085.0
2016-03-15,52.27,52.62,52.18,52.55,6523735.0
2016-03-16,52.51,52.78,52.15,52.67,13743414.0
2016-03-17,52.65,53.15,52.6,52.99,13870301.0
2016-03-18,52.81,52.86,52.57,52.65,12987045.0
2016-03-21,52.67,52.86,52.43,52.68,11421420.0
2016-03-22,52.51,52.65,52.29,52.37,9853186.0
2016-03-23,52.26,52.94,52.24,52.38,11304315.0
2016-03-24,52.2,52.37,52.15,52.32,9455483.0
2016-03-28,52.38,52.71,52.38,52.6,7363677.0
2016-03-29,52.57,53.01,52.5,52.99,10354692.0
2016-03-30,53.17,53.34,53.04,53.34,8932310.0
2016-03-31,53.25,53.34,53.0,53.06,8287127.0
2016-04-01,52.84,53.77,52.77,53.62,14824504.0
2016-04-04,53.69,53.74,53.36,53.64,12942765.0
2016-04-05,53.42,53.54,53.16,53.28,11748703.0
2016-04-06,53.14,53.71,53.14,53.7,11672409.0
2016-04-07,53.34,53.53,52.95,53.12,11243339.0
2016-04-08,53.35,53.47,53.24,53.41,7040184.0
2016-04-11,53.47,53.64,52.99,53.03,6694169.0
2016-04-12,53.04,53.42,53.04,53.36,9355463.0
2016-04-13,53.49,53.55,52.71,52.95,14773708.0
2016-04-14,52.92,53.05,52.67,52.71,11811284.0
2016-04-15,52.7,53.06,52.64,53.03,12384193.0
2016-04-18,52.95,53.34,52.91,53.34,8476819.0
2016-04-19,53.23,53.35,53.07,53.31,5980137.0
2016-04-20,53.22,53.22,52.58,52.71,20199324.0
2016-04-21,52.51,52.58,51.73,51.73,30660162.0
2016-04-22,51.6,51.96,51.54,51.96,22004991.0
2016-04-25,51.67,52.32,51.66,52.32,8940354.0
2016-04-26,52.45,52.48,52.01,52.11,10821477.0
2016-04-27,52.3,52.52,51.91,52.36,12012219.0
2016-04-28,52.16,52.72,52.15,52.41,11544991.0
2016-04-29,52.4,52.41,51.99,52.3,13198524.0
2016-05-02,52.45,52.95,52.28,52.9,14096369.0
2016-05-03,52.71,53.01,52.65,52.8,12830374.0
2016-05-04,52.65,53.06,52.5,52.96,11003090.0
2016-05-05,52.84,53.26,52.8,52.97,10549538.0
2016-05-06,52.89,53.24,52.72,53.24,8435388.0
2016-05-09,53.27,53.67,53.15,53.53,9845054.0
2016-05-10,53.7,54.06,53.64,54.06,8567408.0
2016-05-11,53.98,54.04,53.61,53.63,6455562.0
2016-05-12,53.75,54.02,53.64,53.92,11906398.0
2016-05-13,53.79,53.87,53.14,53.24,10657717.0
2016-05-16,53.14,53.69,53.1,53.58,8139327.0
2016-05-17,53.38,53.55,52.39,52.53,19898113.0
2016-05-18,52.24,52.4,51.72,51.92,20122250.0
2016-05-19,52.08,52.45,51.95,52.43,13230964.0
2016-05-20,52.57,52.6,52.1,52.16,7050658.0
2016-05-23,52.25,52.35,52.11,52.21,8546688.0
2016-05-24,52.33,52.77,52.31,52.65,11258205.0
2016-05-25,52.75,52.95,52.63,52.73,9806833.0
2016-05-26,52.79,53.06,52.79,52.94,7951130.0
2016-05-27,53.0,53.08,52.83,53.0,7873341.0
2016-05-31,53.08,53.16,52.54,52.66,8766367.0
2016-06-01,52.7,53.2,52.7,53.2,10175759.0
2016-06-02,53.09,53.22,52.9,53.22,6300684.0
2016-06-03,53.32,53.58,53.11,53.56,13362517.0
2016-06-06,53.65,53.76,53.35,53.62,10777563.0
2016-06-07,53.66,53.76,53.47,53.56,5572792.0
2016-06-08,53.55,53.9,53.44,53.88,6018803.0
2016-06-09,53.78,54.12,53.77,54.09,5946840.0
2016-06-10,53.82,54.22,53.76,54.13,10557639.0
2016-06-13,54.13,54.22,53.68,53.68,9107991.0
2016-06-14,53.66,53.91,53.34,53.89,9514722.0
2016-06-15,53.88,54.03,53.66,53.73,9314893.0
2016-06-16,53.56,54.04,53.48,54.01,12187175.0
2016-06-17,53.61,53.69,53.12,53.47,10077549.0
2016-06-20,53.81,53.98,53.56,53.64,6497515.0
2016-06-21,53.71,53.92,53.69,53.78,6878471.0
2016-06-22,53.85,54.0,53.74,53.81,5408273.0
2016-06-23,54.02,54.14,53.87,54.14,5628551.0
2016-06-24,53.15,53.78,52.88,53.1,23768469.0
2016-06-27,53.02,53.02,52.76,52.92,1117803.0
2016-06-28,53.44,53.44,52.84,53.32,11868598.0
2016-06-29,53.6,53.96,53.43,53.94,10820663.0
2016-06-30,54.01,55.15,54.0,55.15,20984160.0
2016-07-01,55.25,55.26,54.87,54.89,14933906.0
2016-07-05,54.82,55.55,54.82,55.2,19916977.0
2016-07-06,55.19,55.34,54.91,55.25,19533617.0
2016-07-07,55.39,55.49,55.03,55.14,15618144.0
2016-07-08,55.35,55.74,55.18,55.69,10227475.0
2016-07-11,55.7,55.87,55.42,55.7,8213436.0
2016-07-12,55.61,55.69,55.38,55.4,15270849.0
2016-07-13,55.47,55.78,55.36,55.71,9398867.0
2016-07-14,55.68,56.02,55.6,55.7,15486751.0
2016-07-15,55.74,55.95,55.59,55.7,10722169.0
2016-07-18,55.7,55.74,55.55,55.64,9656863.0
2016-07-19,55.48,55.6,55.32,55.6,5295589.0
2016-07-20,55.59,55.65,55.37,55.4,6073198.0
2016-07-21,55.32,55.35,55.03,55.24,6673225.0
2016-07-22,55.35,55.53,55.28,55.5,10592030.0
2016-07-25,55.45,55.49,55.19,55.44,4033400.0
2016-07-26,55.37,55.54,54.97,55.01,11737646.0
2016-07-27,54.94,54.94,54.03,54.19,21562361.0
2016-07-28,54.51,54.53,54.03,54.43,10873813.0
2016-07-29,54.5,54.78,54.39,54.7,9262256.0
2016-08-01,54.66,54.87,54.5,54.76,14917934.0
2016-08-02,54.78,54.89,54.44,54.68,11733514.0
2016-08-03,54.77,54.77,54.23,54.38,13290826.0
2016-08-04,54.47,54.72,54.33,54.5,8943229.0
2016-08-05,54.72,54.87,54.48,54.59,12028348.0
2016-08-08,54.82,54.86,54.36,54.53,8057686.0
2016-08-09,54.53,54.9,54.53,54.7,7840923.0
2016-08-10,54.85,55.01,54.79,54.9,7303642.0
2016-08-11,55.18,55.18,54.88,54.9,8080695.0
2016-08-12,55.0,55.14,54.96,55.09,8777677.0
2016-08-15,55.16,55.25,54.95,54.95,8560374.0
2016-08-16,54.87,54.88,54.7,54.71,6712120.0
2016-08-17,54.69,54.94,54.49,54.86,12546085.0
2016-08-18,54.95,55.1,54.94,55.05,6683841.0
2016-08-19,54.98,54.99,54.81,54.92,5840881.0
2016-08-22,54.92,55.06,54.82,55.0,9938559.0
2016-08-23,55.03,55.13,54.87,54.89,5687354.0
2016-08-24,54.87,54.98,54.58,54.8,7793560.0
2016-08-25,54.83,54.83,54.48,54.59,7359658.0
2016-08-26,54.64,54.86,54.16,54.31,13499715.0
2016-08-29,54.41,54.63,54.36,54.63,8202616.0
2016-08-30,54.53,54.61,54.23,54.31,7950912.0
2016-08-31,54.26,54.44,54.19,54.38,8148579.0
2016-09-01,54.16,54.45,54.11,54.4,16677600.0
2016-09-02,54.6,54.95,54.56,54.82,10966741.0
2016-09-06,54.83,54.96,54.56,54.93,9273305.0
2016-09-07,54.84,54.94,54.35,54.46,13418458.0
2016-09-08,54.25,54.41,54.06,54.16,13344386.0
2016-09-09,53.69,53.79,52.69,52.69,24782350.0
2016-09-12,52.63,53.76,52.63,53.68,23536907.0
2016-09-13,53.4,53.46,52.91,53.02,21780467.0
2016-09-14,53.05,53.24,52.71,52.86,19395510.0
2016-09-15,52.74,53.34,52.69,53.29,10903004.0
2016-09-16,52.9,52.95,52.48,52.79,14473945.0
2016-09-19,52.8,52.99,52.68,52.68,9579434.0
2016-09-20,52.93,53.02,52.81,52.82,9704300.0
2016-09-21,52.83,53.24,52.55,53.11,24882717.0
2016-09-22,53.3,53.68,53.3,53.58,17315981.0
2016-09-23,53.59,53.6,53.32,53.34,12930969.0
2016-09-26,53.2,53.22,52.84,52.89,12797243.0
2016-09-27,52.89,53.26,52.86,53.11,12608128.0
2016-09-28,53.22,53.32,52.96,53.2,9757545.0
2016-09-29,53.17,53.2,52.64,52.68,15092971.0
2016-09-30,52.93,53.39,52.93,53.21,17339111.0
2016-10-03,53.12,53.16,52.77,52.87,11454239.0
2016-10-04,52.83,52.87,52.31,52.42,13346553.0
2016-10-05,52.51,52.6,52.24,52.37,14768156.0
2016-10-06,52.17,52.6,52.09,52.47,15412029.0
2016-10-07,52.49,52.6,51.96,52.33,11402972.0
2016-10-10,52.45,52.63,52.23,52.33,8661735.0
2016-10-11,52.29,52.33,51.87,52.06,19631635.0
2016-10-12,52.15,52.48,52.05,52.35,7145429.0
2016-10-13,51.99,52.51,51.93,52.36,19174553.0
2016-10-14,52.38,52.62,52.28,52.37,10659073.0
2016-10-17,52.39,52.46,52.09,52.12,8464992.0
2016-10-18,52.36,52.58,52.27,52.28,7844949.0
2016-10-19,52.18,52.27,51.9,51.98,9031726.0
2016-10-20,51.95,52.13,51.82,51.95,12175793.0
2016-10-21,52.13,52.29,52.01,52.23,14028243.0
2016-10-24,52.29,52.69,52.29,52.57,7609480.0
2016-10-25,52.79,52.89,52.71,52.76,9406105.0
2016-10-26,52.8,52.89,52.61,52.69,12417730.0
2016-10-27,52.67,52.88,52.37,52.45,17905674.0
2016-10-28,52.41,52.85,52.32,52.67,12751016.0
2016-10-31,52.71,52.93,52.67,52.8,8579097.0
2016-11-01,52.8,52.89,52.4,52.57,11342189.0
2016-11-02,52.44,52.73,52.4,52.44,9697106.0
2016-11-03,52.6,52.61,52.01,52.08,15635711.0
2016-11-04,52.0,52.08,51.57,51.61,11984824.0
2016-11-07,52.05,52.51,52.02,52.48,11752192.0
2016-11-08,52.1,52.85,52.05,52.7,13400693.0
2016-11-09,51.62,52.14,51.27,51.98,34557160.0
2016-11-10,52.0,52.0,50.49,50.59,52817581.0
2016-11-11,50.45,50.7,50.21,50.54,20828070.0
2016-11-14,50.54,50.58,50.25,50.45,20590330.0
2016-11-15,50.55,50.84,50.46,50.76,23019349.0
2016-11-16,50.77,50.99,50.69,50.77,16034236.0
2016-11-17,50.73,50.78,50.45,50.68,15491908.0
2016-11-18,50.68,50.72,50.43,50.5,14786066.0
2016-11-21,50.57,50.86,50.34,50.84,18968738.0
2016-11-22,50.99,51.2,50.96,51.1,11991725.0
2016-11-23,50.9,51.07,50.75,50.82,14783646.0
2016-11-25,50.93,51.23,50.93,51.22,10823549.0
2016-11-28,51.21,51.42,51.08,51.33,15116511.0
2016-11-29,51.34,51.46,51.22,51.4,7914974.0
2016-11-30,51.14,51.29,50.57,50.58,16806736.0
2016-12-01,50.39,50.44,49.98,50.25,33597899.0
2016-12-02,50.38,50.6,50.35,50.57,21585033.0
2016-12-05,50.58,50.7,50.48,50.63,21223431.0
2016-12-06,50.61,50.78,50.58,50.78,16534642.0
2016-12-07,50.76,51.54,50.75,51.51,11722390.0
2016-12-08,51.31,51.54,51.21,51.3,16962637.0
2016-12-09,51.33,52.05,51.33,52.04,14415537.0
2016-12-12,51.91,52.3,51.91,52.25,9915688.0
2016-12-13,52.35,52.61,52.23,52.49,10452323.0
2016-12-14,52.52,52.69,51.78,51.92,25337764.0
2016-12-15,51.92,52.31,51.76,52.14,16140953.0
2016-12-16,51.92,52.07,51.81,52.05,15871085.0
2016-12-19,52.1,52.23,51.97,52.15,7523220.0
2016-12-20,52.17,52.17,51.81,52.05,15316929.0
2016-12-21,52.0,52.28,52.0,52.04,6553072.0
2016-12-22,51.98,52.07,51.86,51.96,6527121.0
2016-12-23,51.93,52.09,51.92,52.06,6484307.0
2016-12-27,52.02,52.15,51.96,52.05,13378478.0
2016-12-28,52.01,52.04,51.73,51.73,8643605.0
2016-12-29,51.76,52.03,51.73,51.97,10299366.0
2016-12-30,51.98,52.08,51.6,51.71,8049944.0
2017-01-03,51.75,51.97,51.6,51.9,21730034.0
2017-01-04,51.97,52.15,51.89,51.9,9144625.0
2017-01-05,51.89,52.14,51.7,52.07,12312524.0
2017-01-06,51.97,52.15,51.78,52.12,9092386.0
2017-01-09,51.92,51.96,51.65,51.7,6903166.0
2017-01-10,51.65,51.73,51.36,51.44,10338346.0
2017-01-11,51.35,51.62,51.35,51.54,12087015.0
2017-01-12,51.52,51.61,51.44,51.49,13257560.0
2017-01-13,51.49,51.62,51.39,51.52,6509362.0
2017-01-17,51.56,52.27,51.51,52.25,19030029.0
2017-01-18,52.2,52.45,52.2,52.43,11650685.0
2017-01-19,52.37,52.37,52.12,52.24,17282419.0
2017-01-20,52.49,52.77,52.31,52.58,11015593.0
2017-01-23,52.58,52.61,52.39,52.56,16203816.0
2017-01-24,52.6,52.95,52.58,52.91,10207502.0
2017-01-25,53.03,53.1,52.89,52.9,8816356.0
2017-01-26,52.92,52.93,52.67,52.67,9978325.0
2017-01-27,52.54,52.68,52.24,52.38,16349791.0
2017-01-30,52.23,52.41,52.19,52.34,9951653.0
2017-01-31,52.34,52.59,52.25,52.59,12055276.0
2017-02-01,52.34,52.5,52.17,52.18,18410192.0
2017-02-02,52.42,52.87,52.42,52.66,18747453.0
2017-02-03,52.93,53.15,52.79,53.0,17947611.0
2017-02-06,52.97,52.98,52.71,52.71,19067927.0
2017-02-07,52.81,53.24,52.81,53.14,8352132.0
2017-02-08,53.2,53.46,53.12,53.36,8559239.0
2017-02-09,53.3,53.66,53.21,53.58,8840897.0
2017-02-10,53.61,53.69,53.42,53.62,9354195.0
2017-02-13,53.7,53.77,53.47,53.62,14059052.0
2017-02-14,53.49,53.73,53.3,53.63,10477067.0
2017-02-15,53.75,54.16,53.64,54.12,12675948.0
2017-02-16,54.06,54.2,53.81,54.19,11377287.0
2017-02-17,54.03,54.52,53.93,54.46,15581773.0
2017-02-21,54.62,55.09,54.56,54.95,16499737.0
2017-02-22,54.9,55.03,54.82,54.96,8098986.0
2017-02-23,55.0,55.31,54.96,55.09,9783057.0
2017-02-24,55.03,55.3,54.99,55.28,7755717.0
2017-02-27,55.19,55.19,54.91,55.03,12707364.0
2017-02-28,54.94,55.22,54.88,55.1,17734961.0
2017-03-01,55.13,55.48,55.05,55.36,16715959.0
2017-03-02,55.3,55.47,55.19,55.35,9988467.0
2017-03-03,55.18,55.23,54.9,55.14,10079194.0
2017-03-06,54.95,54.98,54.81,54.9,6686606.0
2017-03-07,54.76,54.94,54.75,54.83,7845939.0
2017-03-08,54.69,54.8,54.64,54.71,10787982.0
2017-03-09,54.69,54.89,54.69,54.8,7025304.0
2017-03-10,55.03,55.12,54.9,55.05,6530445.0
2017-03-13,55.0,55.16,54.93,55.09,10657995.0
2017-03-14,55.02,55.14,54.9,54.93,7890811.0
2017-03-15,55.0,55.5,55.0,55.34,14091646.0
2017-03-16,55.35,55.42,55.23,55.42,8674722.0
2017-03-17,55.17,55.35,54.98,54.98,16461990.0
2017-03-20,55.03,55.16,54.99,55.09,6551665.0
2017-03-21,55.11,55.27,54.97,55.04,13135495.0
2017-03-22,55.12,55.21,54.8,54.93,7094015.0
2017-03-23,54.88,55.08,54.72,54.81,7474716.0
2017-03-24,54.81,54.89,54.51,54.7,8343294.0
2017-03-27,54.5,54.71,54.41,54.65,5733955.0
2017-03-28,54.45,54.89,54.45,54.75,8810225.0
2017-03-29,54.7,54.92,54.66,54.85,5558224.0
2017-03-30,54.8,54.9,54.69,54.74,5399136.0
2017-03-31,54.67,54.81,54.58,54.58,4761585.0
2017-04-03,54.66,54.72,54.4,54.49,10666615.0
2017-04-04,54.53,54.65,54.43,54.65,5283980.0
2017-04-05,54.66,54.9,54.48,54.55,7268060.0
2017-04-06,54.6,54.77,54.51,54.55,5061030.0
2017-04-07,54.6,54.85,54.58,54.7,7629874.0
2017-04-10,54.72,54.95,54.62,54.86,5260614.0
2017-04-11,54.87,54.92,54.69,54.88,6325114.0
2017-04-12,54.84,55.12,54.81,55.09,7376985.0
2017-04-13,55.05,55.1,54.82,54.84,6708631.0
2017-04-17,54.93,55.23,54.92,55.23,10585705.0
2017-04-18,55.16,55.64,55.06,55.48,11085516.0
2017-04-19,55.55,55.59,55.18,55.27,7254574.0
2017-04-20,55.08,55.25,54.97,55.16,9738220.0
2017-04-21,55.13,55.17,54.97,55.0,8235055.0
2017-04-24,55.16,55.59,55.16,55.5,9831677.0
2017-04-25,55.53,55.8,55.51,55.72,7292892.0
2017-04-26,55.74,55.74,55.24,55.27,7930815.0
2017-04-27,55.35,55.38,55.11,55.2,5860799.0
2017-04-28,55.04,55.2,54.89,55.18,7034843.0
2017-05-01,55.26,55.26,54.91,54.97,8353940.0
2017-05-02,54.85,54.96,54.55,54.6,7658293.0
2017-05-03,54.65,54.74,54.48,54.65,10815746.0
2017-05-04,54.79,55.36,54.74,55.07,11578904.0
2017-05-05,55.22,55.28,55.05,55.22,8531846.0
2017-05-08,55.26,55.26,55.08,55.2,5316134.0
2017-05-09,55.18,55.27,54.91,55.0,7250508.0
2017-05-10,55.03,55.11,54.96,55.04,5232283.0
2017-05-11,54.97,55.12,54.88,55.12,5051717.0
2017-05-12,55.07,55.1,54.93,54.96,5472935.0
2017-05-15,54.93,55.2,54.93,55.14,7281878.0
2017-05-16,55.31,55.38,55.05,55.09,4797112.0
2017-05-17,55.0,55.2,54.86,55.01,13978920.0
2017-05-18,55.03,55.18,54.87,55.05,7894297.0
2017-05-19,55.07,55.45,54.99,55.35,6268147.0
2017-05-22,55.36,55.74,55.35,55.66,7101778.0
2017-05-23,55.74,55.98,55.69,55.72,7518524.0
2017-05-24,55.76,55.98,55.69,55.94,5147098.0
2017-05-25,56.02,56.43,56.0,56.29,6034051.0
2017-05-26,56.33,56.51,56.32,56.5,4207602.0
2017-05-30,56.38,56.53,56.29,56.48,4250927.0
2017-05-31,56.53,56.8,56.53,56.64,9774247.0
2017-06-01,56.71,57.1,56.53,57.1,23220448.0
2017-06-02,57.25,57.29,56.98,57.28,17241557.0
2017-06-05,57.2,57.36,57.03,57.33,17353348.0
2017-06-06,57.28,57.33,57.08,57.19,14837254.0
2017-06-07,57.07,57.25,57.05,57.17,10075983.0
2017-06-08,57.14,57.15,56.58,56.74,10593403.0
2017-06-09,56.7,56.83,56.52,56.67,13410191.0
2017-06-12,56.69,56.91,56.53,56.66,11442272.0
2017-06-13,56.66,56.8,56.43,56.75,9520637.0
2017-06-14,56.98,57.23,56.91,57.11,16040224.0
2017-06-15,56.83,57.07,56.63,56.98,10360914.0
2017-06-16,56.05,56.07,55.44,55.95,26238160.0
2017-06-19,56.08,56.22,55.71,56.22,7793121.0
2017-06-20,56.27,56.3,55.98,56.0,7231593.0
2017-06-21,56.0,56.12,55.78,55.84,12510974.0
2017-06-22,55.76,55.79,55.45,55.47,7227619.0
2017-06-23,55.46,55.66,55.42,55.49,10136276.0
2017-06-26,55.66,55.89,55.61,55.71,6590516.0
2017-06-27,55.6,55.76,55.22,55.23,10584978.0
2017-06-28,55.56,55.67,55.41,55.43,10734272.0
2017-06-29,55.36,55.51,54.64,54.84,19058635.0
2017-06-30,55.05,55.14,54.92,54.94,11222574.0
2017-07-03,54.98,55.2,54.87,54.89,5782551.0
2017-07-05,54.88,55.0,54.79,54.85,15835079.0
2017-07-06,54.66,54.83,54.53,54.54,7936815.0
2017-07-07,54.59,54.7,54.36,54.51,9841537.0
2017-07-10,54.56,54.56,54.06,54.13,9119230.0
2017-07-11,54.16,54.19,53.86,53.99,5097592.0
2017-07-12,54.32,54.47,54.24,54.3,3169005.0
2017-07-13,54.32,54.41,54.24,54.32,3018768.0
2017-07-14,54.53,54.8,54.52,54.71,2287720.0
2017-07-17,54.72,54.84,54.62,54.77,4205720.0
2017-07-18,54.72,54.87,54.61,54.79,1835870.0
2017-07-19,54.76,54.98,54.69,54.98,5591984.0
2017-07-20,54.94,55.16,54.84,54.98,4133123.0
2017-07-21,54.81,55.1,54.75,55.1,3001113.0
2017-07-24,55.04,55.09,54.86,54.93,4371313.0
2017-07-25,55.04,55.32,55.04,55.28,5825500.0
2017-07-26,55.28,55.41,55.1,55.29,3041877.0
2017-07-27,55.31,55.82,55.28,55.81,12859013.0
2017-07-28,55.7,55.87,54.57,55.35,7699600.0
2017-07-31,55.2,55.45,55.19,55.32,7279311.0
2017-08-01,55.4,55.53,55.23,55.27,10968485.0
2017-08-02,55.2,55.31,54.97,55.23,9356774.0
2017-08-03,55.31,55.5,55.1,55.14,9715519.0
2017-08-04,55.17,55.32,54.94,55.03,9919611.0
2017-08-07,55.1,55.47,55.07,55.43,7222301.0
2017-08-08,55.39,55.45,55.19,55.22,3552375.0
2017-08-09,55.18,55.35,55.12,55.31,7251819.0
2017-08-10,55.17,55.34,55.06,55.08,6662766.0
2017-08-11,54.98,55.35,54.98,55.12,4928434.0
2017-08-14,55.24,55.52,55.24,55.39,10657802.0
2017-08-15,55.41,55.75,55.41,55.67,11059028.0
2017-08-16,55.7,55.94,55.7,55.86,5682844.0
2017-08-17,55.66,55.93,55.35,55.35,6725638.0
2017-08-18,55.23,55.39,55.11,55.2,6810281.0
2017-08-21,55.16,55.5,55.0,55.4,6829335.0
2017-08-22,55.43,55.57,55.33,55.41,7129438.0
2017-08-23,55.35,55.41,55.19,55.25,5367122.0
2017-08-24,55.2,55.35,54.44,54.49,11807145.0
2017-08-25,54.7,54.89,54.64,54.67,7359198.0
2017-08-28,54.62,54.69,54.35,54.51,6204742.0
2017-08-29,54.44,54.75,54.39,54.7,6219484.0
2017-08-30,54.6,54.79,54.59,54.69,6497079.0
2017-08-31,54.73,54.81,54.65,54.71,10117345.0
2017-09-01,54.82,54.98,54.76,54.97,17904528.0
2017-09-05,54.81,55.09,54.76,55.05,20215854.0
2017-09-06,55.15,55.33,55.01,55.28,17461950.0
2017-09-07,55.32,55.44,55.18,55.36,16738124.0
2017-09-08,55.17,55.27,54.88,55.09,9158225.0
2017-09-11,55.19,55.51,55.18,55.43,9177812.0
2017-09-12,55.43,55.56,55.4,55.55,7453407.0
2017-09-13,55.5,55.78,55.5,55.58,7972349.0
2017-09-14,55.49,55.61,55.29,55.47,5817854.0
2017-09-15,55.26,55.26,55.0,55.22,12497722.0
2017-09-18,55.27,55.39,55.14,55.3,8299356.0
2017-09-19,55.33,55.36,55.0,55.13,6207650.0
2017-09-20,54.98,55.05,54.33,54.6,11029247.0
2017-09-21,54.53,54.58,54.03,54.08,10398659.0
2017-09-22,54.17,54.17,53.88,53.92,11318160.0
2017-09-25,54.01,54.36,53.97,54.31,9185443.0
2017-09-26,54.37,54.52,54.25,54.44,17321438.0
2017-09-27,54.33,54.38,53.72,54.02,11657799.0
2017-09-28,53.95,54.17,53.9,54.02,7768204.0
2017-09-29,54.02,54.15,53.93,53.98,14502777.0
2017-10-02,53.98,54.2,53.84,53.88,17849974.0
2017-10-03,53.97,54.04,53.8,53.94,20409189.0
2017-10-04,53.86,54.32,53.71,54.11,21389237.0
2017-10-05,54.29,54.49,54.21,54.35,19005045.0
2017-10-06,54.08,54.17,53.74,53.81,7605511.0
2017-10-09,53.88,53.96,53.56,53.66,12580285.0
2017-10-10,53.88,54.27,53.82,54.13,10646464.0
2017-10-11,54.1,54.39,54.1,54.24,10316307.0
2017-10-12,54.2,54.52,54.15,54.47,8096278.0
2017-10-13,54.68,54.71,54.53,54.57,8315638.0
2017-10-16,54.51,54.62,54.49,54.59,4349599.0
2017-10-17,54.45,54.5,54.22,54.39,10375476.0
2017-10-18,54.33,54.41,54.16,54.32,4668545.0
2017-10-19,54.07,54.12,53.85,54.03,8544450.0
2017-10-20,53.93,53.96,53.73,53.9,11702607.0
2017-10-23,53.86,54.13,53.79,53.86,7326418.0
2017-10-24,53.82,53.89,53.6,53.67,10682309.0
2017-10-25,53.66,53.75,53.2,53.52,12213445.0
2017-10-26,53.71,53.94,53.55,53.56,14583737.0
2017-10-27,53.42,53.49,52.99,53.1,10230353.0
2017-10-30,52.98,53.03,52.61,52.65,9299808.0
2017-10-31,52.91,53.21,52.82,53.09,10824939.0
2017-11-01,53.24,53.4,53.09,53.26,7556265.0
2017-11-02,53.2,53.29,52.93,53.13,10661369.0
2017-11-03,53.16,53.31,53.08,53.14,5922420.0
2017-11-06,53.03,53.04,52.56,52.57,10731143.0
2017-11-07,52.6,53.16,52.43,53.16,9536301.0
2017-11-08,53.32,53.74,53.25,53.74,12860392.0
2017-11-09,53.5,53.91,53.46,53.73,10421255.0
2017-11-10,53.65,54.33,53.62,54.28,7993623.0
2017-11-13,54.31,54.81,54.28,54.59,7809254.0
2017-11-14,54.45,54.82,54.37,54.78,8903465.0
2017-11-15,54.61,54.66,54.16,54.2,10724836.0
2017-11-16,54.69,55.11,54.62,54.95,11134194.0
2017-11-17,54.8,54.95,54.65,54.76,7298891.0
2017-11-20,54.67,54.88,54.65,54.7,6946926.0
2017-11-21,54.8,55.11,54.74,54.88,10383910.0
2017-11-22,54.87,54.93,54.64,54.81,10470390.0
2017-11-24,54.9,54.96,54.76,54.77,2331041.0
2017-11-27,54.74,54.9,54.72,54.8,8108867.0
2017-11-28,54.89,55.25,54.77,55.25,6985918.0
2017-11-29,55.21,55.75,55.16,55.54,14739877.0
2017-11-30,55.75,56.2,55.61,56.05,14098318.0
2017-12-01,55.93,56.21,55.33,56.19,29328699.0
2017-12-04,56.25,56.77,56.08,56.72,22771284.0
2017-12-05,56.72,56.93,56.48,56.63,22930375.0
2017-12-06,56.62,56.99,56.62,56.99,16712198.0
2017-12-07,56.89,56.92,56.41,56.44,7557540.0
2017-12-08,56.45,56.59,56.2,56.59,8695470.0
2017-12-11,56.53,56.61,56.27,56.58,6737792.0
2017-12-12,56.61,56.81,56.4,56.59,6220156.0
2017-12-13,56.63,57.04,56.55,56.91,11588967.0
2017-12-14,56.99,56.99,56.65,56.66,9118159.0
2017-12-15,56.57,56.96,56.57,56.88,9090857.0
2017-12-18,57.0,57.31,56.82,56.85,8799565.0
2017-12-19,57.07,57.18,56.91,56.92,7888969.0
2017-12-20,56.97,57.02,56.48,56.82,13813849.0
2017-12-21,56.93,57.02,56.72,56.78,5553062.0
2017-12-22,56.86,56.96,56.8,56.87,4218648.0
2017-12-26,56.83,57.12,56.79,57.0,8506305.0
2017-12-27,57.08,57.2,56.91,56.99,5992589.0
2017-12-28,57.07,57.14,56.76,56.9,7291202.0
2017-12-29,56.9,57.19,56.88,56.89,5085427.0
2018-01-02,56.95,57.02,56.53,56.54,20146794.0
2018-01-03,56.63,56.72,56.47,56.52,17950422.0
2018-01-04,56.67,56.95,56.53,56.68,15455067.0
2018-01-05,56.77,56.97,56.64,56.93,15555076.0
2018-01-08,56.85,57.12,56.82,57.07,12890996.0
2018-01-09,57.14,57.27,56.98,56.99,8357553.0
2018-01-10,56.85,56.86,56.33,56.71,9663462.0
2018-01-11,56.82,56.82,56.53,56.63,11500832.0
2018-01-12,56.72,56.92,56.53,56.65,7308858.0
2018-01-16,56.76,57.11,56.73,56.91,13806680.0
2018-01-17,57.1,57.77,57.05,57.56,12549652.0
2018-01-18,57.55,57.65,57.29,57.39,12423340.0
2018-01-19,57.6,58.09,57.54,58.03,9962828.0
2018-01-22,58.0,58.47,57.97,58.47,7871602.0
2018-01-23,58.2,58.44,58.01,58.28,10908949.0
2018-01-24,58.43,58.47,58.12,58.4,16603484.0
2018-01-25,58.5,58.74,58.13,58.43,12144584.0
2018-01-26,58.32,58.73,58.24,58.71,6342713.0
2018-01-29,58.81,58.95,58.44,58.48,10760833.0
2018-01-30,58.08,58.58,57.94,58.09,10898141.0
2018-01-31,58.14,58.29,57.59,57.82,13960180.0
2018-02-01,57.6,57.9,57.43,57.57,14094454.0
2018-02-02,57.29,57.44,56.43,56.47,15569063.0
2018-02-05,56.23,56.57,54.39,54.42,39487472.0
2018-02-06,53.53,55.13,53.24,55.02,38881650.0
2018-02-07,54.9,55.8,54.72,54.78,17526891.0
2018-02-08,54.91,55.02,53.58,53.6,32928438.0
2018-02-09,54.01,54.1,52.66,53.71,34911995.0
2018-02-12,54.02,54.52,53.89,54.26,21013577.0
2018-02-13,54.06,54.65,54.05,54.51,11994496.0
2018-02-14,54.22,54.66,53.94,54.48,20370526.0
2018-02-15,54.68,55.38,54.45,55.38,14788934.0
2018-02-16,55.4,55.84,55.1,55.6,11591638.0
2018-02-20,55.0,55.0,54.28,54.34,16069819.0
2018-02-21,54.42,54.58,53.67,53.69,15207358.0
2018-02-22,53.8,54.23,53.73,53.83,10239219.0
2018-02-23,53.94,54.36,53.75,54.35,10321054.0
2018-02-26,54.44,54.73,54.29,54.69,10100410.0
2018-02-27,54.72,54.85,53.96,53.97,9832586.0
2018-02-28,54.29,54.32,53.41,53.41,13726422.0
2018-03-01,53.28,53.79,52.82,53.29,27808582.0
2018-03-02,53.09,53.83,52.97,53.74,25915654.0
2018-03-05,53.45,54.27,53.45,54.21,18859693.0
2018-03-06,54.23,54.3,53.82,54.25,20784273.0
2018-03-07,53.74,53.97,53.47,53.76,12592933.0
2018-03-08,53.79,54.27,53.7,54.25,10725078.0
2018-03-09,54.4,54.61,54.2,54.6,11486803.0
2018-03-12,54.62,54.91,54.4,54.5,10915661.0
2018-03-13,54.67,54.77,54.37,54.46,12406076.0
2018-03-14,54.59,54.6,53.8,53.91,13519000.0
2018-03-15,53.84,54.08,53.38,53.53,9280061.0
2018-03-16,53.23,53.56,53.2,53.25,9629082.0
2018-03-19,53.21,53.31,52.54,52.73,10714816.0
2018-03-20,52.81,53.02,52.41,52.58,9888178.0
2018-03-21,52.29,52.5,51.82,51.93,17028492.0
2018-03-22,51.78,52.19,51.46,51.5,15584092.0
2018-03-23,51.68,51.89,50.81,50.86,15936407.0
2018-03-26,51.24,51.64,51.08,51.59,12374650.0
2018-03-27,51.68,52.1,51.33,51.56,17326794.0
2018-03-28,51.73,52.53,51.71,52.27,32397516.0
2018-03-29,52.48,52.95,52.48,52.63,13395339.0
2018-04-02,52.47,52.57,51.11,51.34,28604764.0
2018-04-03,51.57,52.15,51.41,52.02,24860579.0
2018-04-04,51.69,53.02,51.63,52.83,28012534.0
2018-04-05,52.92,53.17,52.64,52.96,18235847.0
2018-04-06,52.8,53.23,52.16,52.42,13113405.0
2018-04-09,52.58,52.92,52.24,52.39,14686733.0
2018-04-10,52.69,52.78,52.23,52.51,13154893.0
2018-04-11,52.36,52.68,52.3,52.41,9025223.0
2018-04-12,52.63,52.79,52.3,52.33,9843733.0
2018-04-13,52.55,52.69,52.33,52.59,8836670.0
2018-04-16,52.73,53.46,52.66,53.16,7804682.0
2018-04-17,53.3,53.41,52.99,53.28,8131299.0
2018-04-18,53.24,53.36,52.78,52.88,14496596.0
2018-04-19,52.16,52.2,51.08,51.35,23643073.0
2018-04-20,51.23,51.4,50.34,50.49,19102686.0
2018-04-23,50.53,50.58,50.2,50.43,12344903.0
2018-04-24,50.52,50.58,49.76,50.11,18771503.0
2018-04-25,50.09,50.41,49.89,50.2,19012475.0
2018-04-26,50.31,50.7,50.15,50.5,11009891.0
2018-04-27,50.39,50.94,50.34,50.77,11096099.0
2018-04-30,50.86,51.09,50.36,50.45,13892707.0
2018-05-01,50.26,50.29,49.66,50.01,10927127.0
2018-05-02,49.87,49.92,48.92,49.03,18818933.0
2018-05-03,49.15,49.26,48.76,48.98,16634626.0
2018-05-04,48.94,49.94,48.89,49.69,13132373.0
2018-05-07,49.8,49.89,49.27,49.38,9665279.0
2018-05-08,49.27,49.32,48.96,49.18,8290789.0
2018-05-09,49.09,49.37,48.99,49.25,9228168.0
2018-05-10,49.48,49.79,49.41,49.54,10242660.0
2018-05-11,49.63,49.88,49.39,49.54,10065201.0
2018-05-14,49.61,49.7,49.44,49.52,6708106.0
2018-05-15,49.28,49.46,49.06,49.33,22686922.0
2018-05-16,49.48,49.8,49.41,49.68,12151302.0
2018-05-17,49.83,49.97,49.68,49.85,19572887.0
2018-05-18,49.73,49.81,49.35,49.54,15664711.0
2018-05-21,49.73,49.92,49.6,49.75,7928385.0
2018-05-22,49.84,50.09,49.57,49.66,9383838.0
2018-05-23,49.55,49.89,49.48,49.84,18136227.0
2018-05-24,49.84,49.93,49.55,49.8,9843796.0
2018-05-25,49.81,50.2,49.74,49.88,12913469.0
2018-05-29,49.7,49.99,49.55,49.77,14959287.0
2018-05-30,49.96,50.56,49.8,50.47,17628106.0
2018-05-31,50.38,50.43,49.47,49.66,18602977.0
2018-06-01,49.8,49.89,49.53,49.66,10944596.0
2018-06-04,49.76,50.13,49.76,50.07,11665232.0
2018-06-05,50.11,50.14,49.68,49.84,8980891.0
2018-06-06,49.86,49.9,49.55,49.9,12071020.0
2018-06-07,49.77,50.47,49.7,50.21,16618510.0
2018-06-08,50.23,50.86,50.23,50.83,17081511.0
2018-06-11,50.87,51.35,50.87,51.25,13199647.0
2018-06-12,51.28,51.38,51.01,51.35,11362155.0
2018-06-13,51.34,51.42,51.03,51.19,15696018.0
2018-06-14,51.25,51.32,51.06,51.28,9751280.0
2018-06-15,50.84,51.57,50.74,51.54,17217785.0
2018-06-18,51.37,51.39,50.56,50.79,21627254.0
2018-06-19,50.6,51.15,50.57,51.06,12639235.0
2018-06-20,51.21,51.22,50.89,51.11,9562522.0
2018-06-21,51.18,51.38,51.07,51.21,13272677.0
2018-06-22,51.33,51.72,51.32,51.63,9957674.0
2018-06-25,51.51,51.97,51.5,51.89,22124221.0
2018-06-26,51.9,52.0,51.43,51.67,14054809.0
2018-06-27,51.6,52.04,51.35,51.56,19862403.0
2018-06-28,51.44,51.68,51.36,51.56,13177374.0
2018-06-29,51.59,51.81,51.3,51.53,13019769.0
2018-07-02,51.3,51.53,50.9,51.23,13255467.0
2018-07-03,51.43,51.62,51.27,51.35,7736260.0
2018-07-05,51.57,52.09,51.47,52.06,11699894.0
2018-07-06,52.12,52.43,52.0,52.22,12335082.0
2018-07-09,52.26,52.34,51.96,52.02,15117910.0
2018-07-10,52.15,52.67,52.04,52.64,15280538.0
2018-07-11,52.58,52.63,52.29,52.47,11484604.0
2018-07-12,52.62,52.71,52.23,52.4,11002279.0
2018-07-13,52.43,52.8,52.41,52.74,14053472.0
2018-07-16,52.7,52.73,52.34,52.49,10347404.0
2018-07-17,52.46,53.0,52.46,52.94,14759326.0
2018-07-18,52.88,52.93,52.47,52.51,10474162.0
2018-07-19,52.17,52.77,52.07,52.54,15092767.0
2018-07-20,52.44,52.89,52.35,52.86,17895734.0
2018-07-23,52.76,52.89,52.37,52.53,13337183.0
2018-07-24,52.41,52.73,52.32,52.63,15987683.0
2018-07-25,52.7,53.07,52.59,53.03,15258420.0
2018-07-26,53.24,53.76,53.17,53.31,15129434.0
2018-07-27,53.28,53.64,53.19,53.38,13414400.0
2018-07-30,53.24,53.45,53.0,53.32,12143924.0
2018-07-31,53.49,53.76,53.18,53.57,17898828.0
2018-08-01,53.41,53.5,53.03,53.12,14917607.0
2018-08-02,53.03,53.73,53.0,53.66,15902898.0
2018-08-03,53.79,54.55,53.75,54.29,20418728.0
2018-08-06,54.32,54.51,54.22,54.34,13412054.0
2018-08-07,54.29,54.36,53.82,54.01,13766118.0
2018-08-08,53.98,54.02,53.58,53.6,12591765.0
2018-08-09,53.61,53.7,53.37,53.44,8047047.0
2018-08-10,53.28,53.46,53.13,53.24,13459229.0
2018-08-13,53.33,53.44,53.0,53.24,8696586.0
2018-08-14,53.31,53.66,53.28,53.61,8882529.0
2018-08-15,53.45,53.87,53.15,53.83,15592607.0
2018-08-16,54.38,54.76,54.3,54.6,15526118.0
2018-08-17,54.55,55.08,54.44,55.02,13037647.0
2018-08-20,55.09,55.31,54.93,54.99,10189552.0
2018-08-21,54.97,55.05,54.39,54.6,13806258.0
2018-08-22,54.55,54.66,54.19,54.26,13573885.0
2018-08-23,54.1,54.26,53.97,54.13,10714330.0
2018-08-24,54.1,54.21,53.9,54.06,9570526.0
2018-08-27,54.15,54.32,53.88,54.09,10631636.0
2018-08-28,54.08,54.24,53.83,53.91,12621515.0
2018-08-29,53.99,54.07,53.85,53.97,8681006.0
2018-08-30,53.89,54.07,53.69,53.8,11092511.0
2018-08-31,53.8,53.97,53.56,53.78,10472931.0
2018-09-04,53.71,53.94,53.56,53.71,9571079.0
2018-09-05,53.55,54.33,53.49,54.33,14723846.0
2018-09-06,54.31,54.51,54.13,54.48,12333786.0
2018-09-07,54.31,54.41,53.99,54.37,9247266.0
2018-09-10,54.5,54.88,54.5,54.56,8361574.0
2018-09-11,54.49,54.55,54.24,54.36,8121575.0
2018-09-12,54.36,55.11,54.33,54.99,15220029.0
2018-09-13,55.01,55.03,54.6,54.91,9746491.0
2018-09-14,54.86,54.87,54.48,54.76,8925214.0
2018-09-17,54.72,54.98,54.6,54.96,10279565.0
2018-09-18,54.91,54.93,54.51,54.73,15638469.0
2018-09-19,54.68,54.91,54.55,54.63,7791898.0
2018-09-20,54.78,55.33,54.78,55.32,11817827.0
2018-09-21,55.02,55.11,54.91,55.02,10307917.0
2018-09-24,54.83,54.95,54.14,54.18,10648724.0
2018-09-25,54.34,54.46,53.83,53.86,8348587.0
2018-09-26,54.02,54.33,53.85,53.92,10369932.0
2018-09-27,53.74,54.2,53.59,53.85,8892818.0
2018-09-28,53.79,54.0,53.74,53.93,9249865.0
2018-10-01,54.01,54.09,53.83,53.89,8725512.0
2018-10-02,53.86,54.32,53.73,54.2,9592449.0
2018-10-03,54.32,54.38,53.55,53.62,15192931.0
2018-10-04,53.47,53.57,53.09,53.49,19963964.0
2018-10-05,53.38,53.65,53.36,53.44,13903111.0
2018-10-08,53.39,54.25,53.39,54.18,14908292.0
2018-10-09,54.2,54.32,53.93,54.06,13477212.0
2018-10-10,53.88,54.29,53.32,53.41,26121647.0
2018-10-11,53.26,53.54,51.92,52.09,44523284.0
2018-10-12,52.31,52.56,51.92,52.38,26263004.0
2018-10-15,52.23,53.08,52.23,52.7,15892032.0
2018-10-16,52.83,53.37,52.64,53.29,15468550.0
2018-10-17,53.24,53.66,53.05,53.54,15837833.0
2018-10-18,53.6,54.08,53.3,53.47,19370259.0
2018-10-19,54.08,54.85,54.08,54.69,28312362.0
2018-10-22,54.79,54.86,54.13,54.28,16645725.0
2018-10-23,53.96,54.66,53.65,54.52,30466629.0
2018-10-24,54.56,55.52,54.4,54.75,36761859.0
2018-10-25,54.62,55.08,54.15,54.88,30018203.0
2018-10-26,54.5,54.65,53.59,53.83,39310579.0
2018-10-29,54.2,54.83,53.95,54.45,31687523.0
2018-10-30,54.82,55.58,54.68,55.53,33148141.0
2018-10-31,55.52,55.52,54.57,55.01,30135113.0
2018-11-01,55.13,55.57,54.85,55.4,22589800.0
2018-11-02,55.4,55.47,54.63,55.11,28704131.0
2018-11-05,55.2,55.95,55.12,55.8,19972279.0
2018-11-06,55.79,56.16,55.6,56.14,15626491.0
2018-11-07,56.37,56.48,55.87,56.46,15067237.0
2018-11-08,56.18,56.58,56.17,56.49,12890220.0
2018-11-09,56.47,57.0,56.47,56.82,18510894.0
2018-11-12,56.66,56.98,56.41,56.52,15950713.0
2018-11-13,56.55,56.76,56.12,56.39,23146484.0
2018-11-14,56.49,56.49,55.74,56.01,17577624.0
2018-11-15,55.82,55.92,55.39,55.92,25604689.0
2018-11-16,55.89,56.28,55.69,56.06,15212781.0
2018-11-19,56.08,56.39,55.74,55.97,16727183.0
2018-11-20,55.8,56.08,54.89,55.04,33023203.0
2018-11-21,55.01,55.14,54.48,54.6,16604574.0
2018-11-23,54.55,55.03,54.42,54.79,8700837.0
2018-11-26,54.87,55.14,54.59,54.86,13125453.0
2018-11-27,54.77,55.37,54.74,55.35,15954376.0
2018-11-28,55.26,55.82,55.09,55.81,21973733.0
2018-11-29,55.72,56.07,55.65,55.9,13284960.0
2018-11-30,55.89,56.4,55.75,56.26,16551866.0
2018-12-03,56.46,56.46,55.73,56.31,20855748.0
2018-12-04,56.41,56.62,55.33,55.36,27634987.0
2018-12-06,55.18,55.44,54.25,55.42,32514026.0
2018-12-07,55.37,55.57,54.48,54.72,23139524.0
2018-12-10,55.03,55.03,53.88,54.72,44469000.0
2018-12-11,55.1,55.57,54.87,55.17,25677396.0
2018-12-12,55.51,55.68,55.07,55.1,18735225.0
2018-12-13,55.17,55.62,55.1,55.44,16987811.0
2018-12-14,55.09,55.16,54.37,54.5,20262678.0
2018-12-17,54.37,54.5,52.92,53.24,27324211.0
2018-12-18,53.38,53.49,52.31,52.61,27349684.0
2018-12-19,52.86,53.28,51.86,52.1,46289639.0
2018-12-20,51.87,51.89,50.68,51.17,43414993.0
2018-12-21,50.72,51.83,50.18,50.18,38484583.0
2018-12-24,50.05,50.22,48.69,48.73,23086842.0
2018-12-26,48.83,50.09,48.33,50.09,26670627.0
2018-12-27,49.78,50.61,49.04,50.57,35926853.0
2018-12-28,50.94,51.15,50.37,50.57,24436663.0
2018-12-31,50.7,50.82,50.31,50.78,14959571.0
2019-01-02,50.24,50.64,49.95,50.48,20459341.0
2019-01-03,50.39,50.91,50.11,50.19,22074830.0
2019-01-04,50.52,51.26,50.41,51.26,19003481.0
2019-01-07,51.13,51.53,50.73,51.19,15143256.0
2019-01-08,51.49,51.79,51.24,51.66,28273829.0
2019-01-09,51.65,51.7,51.06,51.18,15684516.0
2019-01-10,51.08,51.57,50.94,51.48,32431666.0
2019-01-11,51.59,51.66,51.35,51.63,11732378.0
2019-01-14,51.5,51.61,51.3,51.38,7811522.0
2019-01-15,51.37,51.94,51.34,51.89,11447704.0
2019-01-16,51.87,51.87,51.42,51.61,13484834.0
2019-01-17,51.53,51.94,51.47,51.83,10196398.0
2019-01-18,52.13,52.61,52.07,52.45,11957618.0
2019-01-22,52.31,52.41,51.55,51.97,20877708.0
2019-01-23,52.37,52.74,52.12,52.59,23804728.0
2019-01-24,52.31,52.32,51.59,51.94,17727217.0
2019-01-25,52.1,52.31,51.66,51.73,12920339.0
2019-01-28,51.62,51.97,51.45,51.95,10996666.0
2019-01-29,52.05,52.18,51.84,52.07,11500374.0
2019-01-30,52.12,52.54,52.0,52.42,13934622.0
2019-01-31,52.43,53.53,52.31,53.39,17886515.0
2019-02-01,53.55,53.55,53.0,53.22,14423443.0
2019-02-04,53.21,53.56,53.11,53.56,13367542.0
2019-02-05,53.6,53.71,53.42,53.57,11296082.0
2019-02-06,53.42,53.67,53.42,53.58,19006094.0
2019-02-07,53.35,53.58,53.17,53.54,14518998.0
2019-02-08,53.43,53.79,53.23,53.79,11100066.0
2019-02-11,53.84,53.98,53.69,53.93,6876160.0
2019-02-12,54.04,54.51,53.96,54.35,11694050.0
2019-02-13,54.45,54.62,54.33,54.45,10809562.0
2019-02-14,53.88,54.08,53.55,53.84,11388507.0
2019-02-15,54.1,54.45,53.84,54.35,12635410.0
2019-02-19,54.48,54.84,54.36,54.63,19831685.0
2019-02-20,54.58,54.73,54.36,54.53,14478614.0
2019-02-21,54.44,54.81,54.28,54.69,11712184.0
2019-02-22,54.18,54.43,54.04,54.43,24758739.0
2019-02-25,54.54,54.7,54.06,54.13,15162584.0
2019-02-26,54.16,54.39,54.04,54.16,15114394.0
2019-02-27,54.04,54.16,53.86,54.08,10811601.0
2019-02-28,54.21,54.55,54.08,54.34,8469392.0
2019-03-01,54.5,54.52,53.85,54.24,10812214.0
2019-03-04,54.34,54.44,53.73,54.15,10113567.0
2019-03-05,54.14,54.29,54.01,54.11,10132429.0
2019-03-06,54.1,54.25,53.8,54.03,12001072.0
2019-03-07,53.94,54.03,53.57,53.68,14336056.0
2019-03-08,53.73,53.97,53.45,53.71,11909335.0
2019-03-11,53.8,54.45,53.8,54.41,10519247.0
2019-03-12,54.42,54.62,54.3,54.43,10841806.0
2019-03-13,54.47,54.95,54.43,54.74,11135269.0
2019-03-14,54.76,54.85,54.6,54.69,8449574.0
2019-03-15,54.58,54.85,54.47,54.7,21846923.0
2019-03-18,54.71,54.89,54.64,54.78,8103717.0
2019-03-19,54.9,55.02,54.54,54.74,13359700.0
2019-03-20,54.71,54.82,54.33,54.51,19832747.0
2019-03-21,54.41,55.23,54.41,55.15,12699410.0
2019-03-22,55.07,55.44,55.0,55.08,21007305.0
2019-03-25,54.98,55.33,54.85,55.19,12538026.0
2019-03-26,55.38,55.86,55.34,55.66,12808701.0
2019-03-27,55.66,55.82,55.19,55.47,12740361.0
2019-03-28,55.6,55.89,55.58,55.74,11920928.0
2019-03-29,55.84,56.17,55.69,56.11,13888766.0
2019-04-01,56.22,56.23,55.83,55.92,13799445.0
2019-04-02,55.75,55.75,55.46,55.46,13964969.0
2019-04-03,55.36,55.48,55.05,55.19,18616465.0
2019-04-04,55.23,55.49,55.18,55.4,10671335.0
2019-04-05,55.48,55.61,55.33,55.59,9045198.0
2019-04-08,55.56,55.83,55.49,55.82,6136908.0
2019-04-09,55.69,55.78,55.51,55.75,12062346.0
2019-04-10,55.8,55.98,55.75,55.91,7060932.0
2019-04-11,56.0,56.13,55.82,56.02,6444919.0
2019-04-12,56.06,56.24,55.89,56.2,7635666.0
2019-04-15,56.18,56.58,56.17,56.53,6504984.0
2019-04-16,56.63,56.73,56.32,56.54,9345071.0
2019-04-17,56.84,56.91,56.56,56.82,12720197.0
2019-04-18,57.05,57.15,56.62,56.87,10622183.0
2019-04-22,56.86,57.2,56.75,56.89,12432495.0
2019-04-23,56.86,56.93,56.6,56.71,20408437.0
2019-04-24,56.74,57.04,56.7,56.83,8221930.0
2019-04-25,56.52,56.57,56.27,56.47,9992063.0
2019-04-26,56.53,56.99,56.5,56.98,8405955.0
2019-04-29,56.95,57.08,56.87,57.05,7211008.0
2019-04-30,57.08,57.77,57.02,57.71,15965938.0
2019-05-01,57.78,57.82,57.0,57.0,11992679.0
2019-05-02,56.95,57.21,56.69,56.98,13925855.0
2019-05-03,57.25,57.54,57.16,57.41,13801294.0
2019-05-06,56.99,57.42,56.92,57.32,10100265.0
2019-05-07,57.06,57.17,56.45,56.75,20115511.0
2019-05-08,56.71,57.06,56.46,56.74,11940177.0
2019-05-09,56.5,56.78,56.19,56.62,23531637.0
2019-05-10,56.48,57.39,56.24,57.31,14029635.0
2019-05-13,56.72,56.91,56.56,56.77,13081752.0
2019-05-14,56.93,57.43,56.84,57.04,16497829.0
2019-05-15,56.96,57.61,56.85,57.49,9681802.0
2019-05-16,57.79,58.27,57.63,57.94,12859911.0
2019-05-17,57.62,58.08,57.61,57.75,15458746.0
2019-05-20,57.62,57.94,57.57,57.61,9496806.0
2019-05-21,57.82,57.84,57.4,57.49,8124122.0
2019-05-22,57.51,57.88,57.39,57.75,11102018.0
2019-05-23,57.53,57.75,57.41,57.73,17398019.0
2019-05-24,57.83,57.88,57.35,57.52,9530839.0
2019-05-28,57.53,57.67,56.54,56.58,14043124.0
2019-05-29,56.36,56.37,55.88,56.17,11455050.0
2019-05-30,56.28,56.53,56.15,56.41,9770151.0
2019-05-31,55.97,56.05,55.52,55.61,13450786.0
2019-06-03,55.69,56.42,55.68,56.31,17060649.0
2019-06-04,56.66,56.83,56.48,56.82,16547017.0
2019-06-05,57.08,57.58,56.86,57.47,15069734.0
2019-06-06,57.59,58.19,57.49,58.07,20769577.0
2019-06-07,58.27,58.86,58.27,58.63,18860802.0
2019-06-10,58.71,58.78,58.47,58.65,15341778.0
2019-06-11,58.82,58.99,58.69,58.84,18109721.0
2019-06-12,58.95,59.27,58.84,58.93,10921154.0
2019-06-13,59.07,59.24,58.72,59.06,11564631.0
2019-06-14,59.03,59.25,58.97,59.09,9726115.0
2019-06-17,59.11,59.17,58.65,58.92,8796634.0
2019-06-18,59.25,59.29,58.52,58.6,18120638.0
2019-06-19,58.56,58.96,58.27,58.84,13457174.0
2019-06-20,59.09,59.43,58.96,59.36,13566320.0
2019-06-21,58.84,59.01,58.63,58.72,15416200.0
2019-06-24,58.81,59.1,58.77,58.87,17796466.0
2019-06-25,58.88,58.96,58.67,58.84,11861741.0
2019-06-26,58.57,58.57,57.98,58.0,11672553.0
2019-06-27,58.08,58.16,57.78,58.11,11524922.0
2019-06-28,58.39,58.46,57.95,58.07,12409320.0
2019-07-01,58.37,58.56,58.08,58.42,12665179.0
2019-07-02,58.44,58.93,58.4,58.93,11913548.0
2019-07-03,59.01,59.72,58.96,59.66,11995833.0
2019-07-05,59.31,59.44,58.87,59.4,11008217.0
2019-07-08,59.4,59.59,59.31,59.48,9257128.0
2019-07-09,59.36,59.46,58.91,59.13,12499546.0
2019-07-10,59.34,59.66,59.29,59.51,16804866.0
2019-07-11,59.63,59.71,59.34,59.66,12575287.0
2019-07-12,59.64,59.97,59.64,59.83,8731980.0
2019-07-15,59.93,60.07,59.77,59.97,7212607.0
2019-07-16,59.98,60.23,59.78,59.99,13578987.0
2019-07-17,59.99,60.08,59.78,59.92,9050086.0
2019-07-18,59.99,60.5,59.78,60.32,9445260.0
2019-07-19,60.47,60.56,59.9,59.94,7460398.0
2019-07-22,60.05,60.05,59.53,59.59,7135087.0
2019-07-23,60.13,60.24,59.83,60.02,10058256.0
2019-07-24,59.93,59.98,59.55,59.62,7975850.0
2019-07-25,59.5,59.8,59.36,59.7,9469200.0
2019-07-26,59.8,60.39,59.63,60.37,14727927.0
2019-07-29,60.37,60.61,60.33,60.48,6121309.0
2019-07-30,60.72,61.02,60.52,60.66,14124035.0
2019-07-31,60.47,60.56,58.85,59.43,16826760.0
2019-08-01,59.6,60.3,59.18,59.22,30148243.0
2019-08-02,59.13,59.59,59.0,59.23,24368724.0
2019-08-05,58.85,59.1,57.37,57.69,26364783.0
2019-08-06,57.89,58.48,57.67,58.21,20126351.0
2019-08-07,57.96,59.11,57.35,58.89,17550845.0
2019-08-08,58.85,59.71,58.57,59.65,24011277.0
2019-08-09,59.62,59.77,58.9,59.32,10590199.0
2019-08-12,59.16,59.35,58.72,58.92,8623726.0
2019-08-13,58.88,59.86,58.78,59.59,13201453.0
2019-08-14,59.06,59.54,58.61,58.65,17281352.0
2019-08-15,59.29,59.74,59.0,59.53,14441875.0
2019-08-16,59.79,60.45,59.79,60.21,18294626.0
2019-08-19,60.69,60.93,60.56,60.81,13180762.0
2019-08-20,60.78,60.85,60.1,60.15,8959335.0
2019-08-21,60.55,60.6,60.16,60.31,8735923.0
2019-08-22,60.36,60.76,60.2,60.63,7127628.0
2019-08-23,60.46,60.71,59.28,59.62,25296118.0
2019-08-26,60.02,60.41,59.78,60.36,13629835.0
2019-08-27,60.61,60.77,60.0,60.19,13389351.0
2019-08-28,60.17,60.77,60.06,60.77,12435730.0
2019-08-29,61.13,61.14,60.43,60.8,9657640.0
2019-08-30,61.0,61.15,60.53,60.72,8566987.0
2019-09-03,60.46,61.08,60.35,61.07,15551872.0
2019-09-04,61.32,61.62,61.08,61.62,12200477.0
2019-09-05,61.78,61.92,61.15,61.24,15720085.0
2019-09-06,61.4,61.54,61.25,61.44,13904196.0
2019-09-09,61.41,61.47,61.13,61.3,27082417.0
2019-09-10,61.03,61.03,60.59,60.92,31984951.0
2019-09-11,60.9,61.19,60.58,61.14,17422191.0
2019-09-12,61.5,61.69,61.27,61.39,18296204.0
2019-09-13,61.11,61.46,60.91,61.04,17830533.0
2019-09-16,60.75,60.81,60.32,60.45,16741202.0
2019-09-17,60.42,61.11,60.42,60.78,11683572.0
2019-09-18,60.84,60.95,60.36,60.88,10969401.0
2019-09-19,60.83,60.98,60.75,60.87,10684532.0
2019-09-20,60.64,60.78,60.32,60.32,13957878.0
2019-09-23,60.37,60.81,60.32,60.56,8773667.0
2019-09-24,60.8,61.21,60.59,60.81,17305933.0
2019-09-25,61.07,61.15,60.67,60.85,17628501.0
2019-09-26,60.92,61.37,60.89,61.19,15581554.0
2019-09-27,61.34,61.36,60.76,61.12,14293982.0
2019-09-30,61.16,61.69,61.16,61.42,11080925.0
2019-10-01,61.45,61.62,61.01,61.26,16845914.0
2019-10-02,60.96,61.02,59.8,60.03,18672725.0
2019-10-03,60.33,60.66,59.79,60.45,21000409.0
2019-10-04,60.55,61.41,60.49,61.4,12017330.0
2019-10-07,61.26,61.34,60.84,60.9,9418609.0
2019-10-08,60.72,60.89,60.31,60.32,15290815.0
2019-10-09,60.62,60.93,60.49,60.78,8549051.0
2019-10-10,60.65,61.08,60.48,60.9,8685917.0
2019-10-11,61.13,61.21,60.72,60.84,18187231.0
2019-10-14,60.92,60.98,60.51,60.54,7569968.0
2019-10-15,60.69,60.73,60.19,60.28,12233274.0
2019-10-16,60.33,60.41,60.13,60.34,10406311.0
2019-10-17,60.54,60.79,60.45,60.62,13211138.0
2019-10-18,60.51,60.97,60.51,60.74,9301249.0
2019-10-21,60.75,60.97,60.67,60.94,9981664.0
2019-10-22,61.38,61.42,60.93,60.96,12497014.0
2019-10-23,60.93,61.28,60.91,61.24,7599184.0
2019-10-24,61.36,61.55,61.12,61.45,9089533.0
2019-10-25,61.39,61.4,61.04,61.09,7518628.0
2019-10-28,61.09,61.31,60.83,60.97,11154157.0
2019-10-29,60.86,61.26,60.75,60.97,10072443.0
2019-10-30,61.02,61.36,60.85,61.25,7216383.0
2019-10-31,61.27,61.49,60.77,61.16,12628109.0
2019-11-01,61.27,61.38,61.02,61.15,10231960.0
2019-11-04,61.22,61.25,60.37,60.56,17082683.0
2019-11-05,60.48,60.89,60.29,60.76,17192219.0
2019-11-06,60.86,61.16,60.69,61.01,8284492.0
2019-11-07,61.08,61.09,60.69,60.8,9437822.0
2019-11-08,60.77,60.95,60.56,60.76,7574243.0
2019-11-11,60.79,60.89,60.57,60.67,5632194.0
2019-11-12,60.76,60.87,60.59,60.87,7085094.0
2019-11-13,60.96,61.45,60.88,61.33,9508395.0
2019-11-14,61.6,61.62,61.06,61.31,8442110.0
2019-11-15,61.4,61.46,61.11,61.33,7221445.0
2019-11-18,61.27,61.99,61.27,61.65,8615497.0
2019-11-19,61.74,61.84,61.44,61.57,8560914.0
2019-11-20,61.57,61.86,61.44,61.71,11935881.0
2019-11-21,61.6,61.75,61.26,61.4,7611141.0
2019-11-22,61.45,61.49,61.06,61.3,5517052.0
2019-11-25,61.42,61.53,61.07,61.37,10396518.0
2019-11-26,61.45,61.93,61.34,61.87,7358892.0
2019-11-27,61.98,62.09,61.81,62.02,5483250.0
2019-11-29,62.04,62.14,61.88,62.0,3008494.0
2019-12-02,61.88,62.17,61.59,62.14,17920081.0
2019-12-03,62.02,62.09,61.62,62.04,20537424.0
2019-12-04,61.97,62.49,61.9,62.45,17369149.0
2019-12-05,62.47,62.48,62.06,62.43,13445168.0
2019-12-06,62.56,62.91,62.52,62.67,10746704.0
2019-12-09,62.63,62.88,62.62,62.72,6898808.0
2019-12-10,62.72,62.79,62.46,62.52,7194326.0
2019-12-11,62.66,62.76,62.43,62.61,6201740.0
2019-12-12,62.62,63.02,62.43,62.56,11843823.0
2019-12-13,62.4,62.88,62.29,62.78,10158294.0
2019-12-16,62.96,63.15,62.88,63.0,10004622.0
2019-12-17,62.92,63.04,62.82,62.9,8005483.0
2019-12-18,63.01,63.22,62.7,62.8,5464078.0
2019-12-19,62.89,63.28,62.88,63.14,9068128.0
2019-12-20,62.82,63.36,62.78,63.1,15270570.0
2019-12-23,63.22,63.22,62.81,62.83,6006541.0
2019-12-24,62.9,62.99,62.81,62.91,1700093.0
2019-12-26,62.98,63.09,62.8,62.97,8638550.0
2019-12-27,63.1,63.27,63.04,63.25,10315292.0
2019-12-30,63.14,63.24,62.83,62.92,6238572.0
2019-12-31,62.79,63.02,62.66,62.98,4985440.0
2020-01-02,63.1,63.1,62.31,62.48,14460720.0
2020-01-03,62.25,62.65,62.09,62.38,26388928.0
2020-01-06,62.29,62.59,62.18,62.51,22541708.0
2020-01-07,62.32,62.38,61.98,62.03,15609921.0
2020-01-08,62.08,62.52,61.96,62.26,11451390.0
2020-01-09,62.45,62.71,62.3,62.7,6854496.0
2020-01-10,62.76,62.85,62.58,62.66,7410845.0
2020-01-13,62.68,63.08,62.65,63.07,9625668.0
2020-01-14,62.99,63.12,62.91,63.09,7512310.0
2020-01-15,63.04,63.67,63.01,63.54,12454341.0
2020-01-16,63.62,63.76,63.55,63.71,8048560.0
2020-01-17,63.7,63.96,63.62,63.82,14902841.0
2020-01-21,63.73,64.07,63.51,64.04,11300540.0
2020-01-22,64.06,64.24,64.04,64.09,8046512.0
2020-01-23,63.88,64.2,63.64,64.03,14563298.0
2020-01-24,64.08,64.16,63.39,63.59,11935126.0
2020-01-27,63.05,63.69,63.01,63.39,8748391.0
2020-01-28,63.43,63.66,63.37,63.47,7899538.0
2020-01-29,63.52,63.57,63.15,63.15,8300775.0
2020-01-30,63.18,63.95,63.14,63.9,13824814.0
2020-01-31,63.93,64.21,63.0,63.18,15280045.0
2020-02-03,63.41,63.65,63.13,63.18,21797632.0
2020-02-04,63.68,63.99,63.43,63.56,14290904.0
2020-02-05,63.77,64.09,63.69,64.07,20911423.0
2020-02-06,64.14,64.52,64.01,64.18,9628492.0
2020-02-07,64.18,64.39,63.99,64.26,14849207.0
2020-02-10,64.29,64.65,64.27,64.53,7394081.0
2020-02-11,64.63,64.63,64.23,64.29,8375687.0
2020-02-12,64.37,64.39,64.13,64.29,8479023.0
2020-02-13,64.12,64.75,64.03,64.64,7950882.0
2020-02-14,64.71,64.81,64.58,64.79,5421252.0
2020-02-18,64.7,64.84,64.43,64.56,6902340.0
2020-02-19,64.57,64.74,64.46,64.49,4971272.0
2020-02-20,64.38,64.59,63.94,64.54,13397700.0
2020-02-21,64.36,64.79,64.34,64.65,10027832.0
2020-02-24,63.77,64.26,63.09,63.16,19892660.0
2020-02-25,63.2,63.51,61.81,62.02,25721459.0
2020-02-26,62.21,62.78,61.64,61.67,26066418.0
2020-02-27,61.12,61.67,59.15,59.16,39092321.0
2020-02-28,57.81,58.0,56.04,57.99,50978903.0
2020-03-02,58.11,61.14,58.11,61.09,27103055.0
2020-03-03,61.18,62.2,59.82,60.26,35237524.0
2020-03-04,61.11,63.25,61.03,63.22,26214329.0
2020-03-05,61.83,62.86,61.4,62.03,16556302.0
2020-03-06,60.39,61.89,59.94,61.54,24800220.0
2020-03-09,58.14,60.5,58.0,58.86,19126264.0
2020-03-10,60.1,60.65,57.89,60.55,28174886.0
2020-03-11,59.05,59.36,56.87,57.58,17760940.0
2020-03-12,53.89,56.71,51.91,52.17,26713965.0
2020-03-13,54.77,56.63,52.76,56.61,24835777.0
2020-03-16,51.35,55.57,50.78,52.77,27436811.0
2020-03-17,53.79,57.45,53.67,57.22,32318054.0
2020-03-18,54.75,57.0,53.3,55.75,35524853.0
2020-03-19,55.16,55.44,53.39,53.89,26808121.0
2020-03-20,54.04,54.06,49.96,50.4,26903720.0
2020-03-23,50.01,50.6,47.66,48.63,31822218.0
2020-03-24,50.75,51.4,49.8,51.11,28041782.0
2020-03-25,51.0,52.61,50.08,50.97,25526399.0
2020-03-26,51.59,54.12,51.38,53.76,25754058.0
2020-03-27,52.59,54.99,52.5,53.51,26004756.0
2020-03-30,54.03,55.76,54.03,55.6,15892759.0
2020-03-31,55.4,55.67,54.34,54.47,15203395.0
2020-04-01,52.99,54.38,52.86,53.55,11979962.0
2020-04-02,52.81,55.23,52.68,54.92,14748132.0
2020-04-03,54.7,55.52,54.47,55.35,15374067.0
2020-04-06,56.73,57.81,55.92,57.41,14835521.0
2020-04-07,58.3,58.76,56.74,56.75,22985560.0
2020-04-08,57.17,57.91,56.53,57.59,13877581.0
2020-04-09,57.75,59.02,57.61,58.13,20376084.0
2020-04-13,57.94,58.24,57.14,57.7,10679473.0
2020-04-14,58.69,60.22,58.46,60.15,17745321.0
2020-04-15,59.35,59.72,58.76,59.2,12553358.0
2020-04-16,59.51,59.81,58.75,59.59,14486100.0
2020-04-17,60.32,60.7,59.51,60.5,12083083.0
2020-04-20,59.9,60.32,59.26,59.31,9264086.0
2020-04-21,58.47,58.81,57.84,58.05,13021939.0
2020-04-22,58.75,58.94,58.14,58.61,15086941.0
2020-04-23,58.47,58.85,57.99,58.09,21074219.0
2020-04-24,58.43,58.9,58.23,58.71,9638607.0
2020-04-27,59.07,59.15,58.65,58.88,11024012.0
2020-04-28,59.56,59.64,58.96,59.21,13608999.0
2020-04-29,59.51,59.51,58.4,58.96,16038644.0
2020-04-30,58.79,58.82,57.92,58.26,16397060.0
2020-05-01,57.94,58.43,57.38,57.62,13023683.0
2020-05-04,57.51,57.72,57.02,57.59,11314423.0
2020-05-05,57.82,58.26,57.57,57.64,9705173.0
2020-05-06,57.74,57.9,56.96,57.01,10700161.0
2020-05-07,57.45,57.53,56.73,56.85,11203696.0
2020-05-08,57.42,58.24,57.39,58.12,13405116.0
2020-05-11,57.86,58.49,57.8,58.04,8807213.0
2020-05-12,58.23,58.55,57.55,57.55,20587312.0
2020-05-13,57.5,57.82,56.69,57.03,12186849.0
2020-05-14,56.75,57.04,55.99,56.89,11793811.0
2020-05-15,56.88,57.56,56.68,57.39,20847888.0
2020-05-18,58.3,58.6,57.88,58.3,15214100.0
2020-05-19,58.38,58.41,57.23,57.23,15313175.0
2020-05-20,57.71,57.94,57.36,57.91,8519553.0
2020-05-21,57.82,57.83,57.15,57.27,13913917.0
2020-05-22,57.29,57.52,57.16,57.47,7216407.0
2020-05-26,58.28,58.38,57.67,57.78,10487156.0
2020-05-27,58.24,58.7,57.91,58.65,10937852.0
2020-05-28,59.1,59.5,58.85,59.17,10184564.0
2020-05-29,58.99,59.42,58.46,59.23,12891046.0
2020-06-01,59.26,59.86,59.23,59.64,9101497.0
2020-06-02,59.74,59.83,59.34,59.8,9837883.0
2020-06-03,60.06,60.16,59.86,59.88,10155277.0
2020-06-04,59.76,60.07,59.27,59.59,8973812.0
2020-06-05,60.03,60.73,59.86,60.42,11502499.0
2020-06-08,60.43,61.1,60.22,61.07,13094203.0
2020-06-09,60.84,60.93,60.2,60.57,13735357.0
2020-06-10,60.71,60.88,60.28,60.4,9877863.0
2020-06-11,59.75,60.12,58.04,58.11,14738743.0
2020-06-12,58.91,58.92,57.62,58.12,17837453.0
2020-06-15,57.58,58.87,57.19,58.79,11366695.0
2020-06-16,59.95,60.02,58.94,59.71,10840342.0
2020-06-17,59.82,60.07,59.44,59.62,8388420.0
2020-06-18,59.35,59.99,59.27,59.93,6022734.0
2020-06-19,60.48,60.67,59.53,59.62,10777649.0
2020-06-22,59.1,59.22,58.78,58.99,9039672.0
2020-06-23,59.38,59.59,58.84,58.9,7950967.0
2020-06-24,58.6,58.6,57.7,57.91,14343242.0
2020-06-25,57.88,58.39,57.52,58.32,12128869.0
2020-06-26,58.3,58.46,57.08,57.13,14476538.0
2020-06-29,57.5,58.32,57.45,58.21,9654292.0
2020-06-30,58.22,58.86,58.13,58.64,7379844.0
2020-07-01,58.75,59.06,58.66,58.69,7261597.0
2020-07-02,59.18,59.57,58.87,58.99,6857203.0
2020-07-06,59.44,59.58,58.95,59.28,10091331.0
2020-07-07,58.96,60.15,58.92,59.82,8160996.0
2020-07-08,59.95,59.99,59.42,59.67,9327862.0
2020-07-09,59.59,59.75,58.86,59.2,7672545.0
2020-07-10,59.27,60.41,59.26,60.29,14142787.0
2020-07-13,60.58,61.0,59.97,60.2,10906172.0
2020-07-14,60.03,61.23,59.91,61.08,14270061.0
2020-07-15,61.39,61.86,60.94,61.13,14952748.0
2020-07-16,61.1,61.38,60.98,61.26,7770231.0
2020-07-17,61.54,61.69,61.33,61.59,6321685.0
2020-07-20,61.46,61.49,60.78,60.97,6818583.0
2020-07-21,61.4,62.16,61.33,61.5,7847604.0
2020-07-22,61.69,62.08,61.06,61.99,7022779.0
2020-07-23,62.2,62.46,62.0,62.21,9467970.0
2020-07-24,62.31,62.83,61.83,62.13,6809254.0
2020-07-27,62.07,62.45,61.94,62.44,6802002.0
2020-07-28,62.42,62.98,62.39,62.67,6699305.0
2020-07-29,62.65,62.96,62.49,62.76,7486444.0
2020-07-30,62.61,62.98,62.32,62.76,10901714.0
2020-07-31,62.51,62.71,61.92,62.7,10277225.0
2020-08-03,62.73,62.76,62.22,62.53,8614449.0
2020-08-04,62.44,63.33,62.33,63.31,7417357.0
2020-08-05,63.41,63.54,63.0,63.18,7143577.0
2020-08-06,63.03,63.29,62.92,63.17,11983731.0
2020-08-07,63.07,63.57,63.0,63.51,9176106.0
2020-08-10,63.58,63.97,63.44,63.84,4345637.0
2020-08-11,64.14,64.3,63.22,63.4,8633508.0
2020-08-12,63.66,64.5,63.66,64.22,8021616.0
2020-08-13,64.08,64.36,63.99,64.17,5857118.0
2020-08-14,64.1,64.37,63.92,64.16,3776370.0
2020-08-17,64.31,64.73,64.19,64.52,5172926.0
2020-08-18,64.62,64.96,64.33,64.78,4927298.0
2020-08-19,64.69,64.78,64.16,64.27,5871749.0
2020-08-20,63.9,64.22,63.79,64.14,10178891.0
2020-08-21,64.06,64.39,63.87,64.3,5713949.0
2020-08-24,64.41,64.85,64.21,64.85,6978548.0
2020-08-25,65.0,65.05,64.43,64.71,4517276.0
2020-08-26,64.58,64.88,64.28,64.79,5375359.0
2020-08-27,64.91,65.5,64.9,65.19,8711155.0
2020-08-28,65.5,65.81,64.88,65.77,6868207.0
2020-08-31,65.53,65.77,65.31,65.58,7661174.0
2020-09-01,65.57,65.67,65.13,65.65,9723064.0
2020-09-02,65.95,67.11,65.85,66.84,11174758.0
2020-09-03,67.0,67.61,65.2,65.69,26304590.0
2020-09-04,65.88,66.15,64.73,65.54,15604922.0
2020-09-08,65.38,65.51,63.89,64.16,16316979.0
2020-09-09,64.53,65.72,64.41,65.09,12848573.0
2020-09-10,65.09,65.27,64.15,64.29,11060570.0
2020-09-11,64.49,64.96,64.19,64.65,10212541.0
2020-09-14,64.97,65.37,64.78,65.07,6397036.0
2020-09-15,65.23,65.46,64.89,64.98,5672885.0
2020-09-16,65.26,65.43,64.63,64.69,7270728.0
2020-09-17,64.15,64.62,63.82,64.28,10108734.0
2020-09-18,64.38,64.47,63.25,63.69,9988926.0
2020-09-21,62.88,63.07,62.11,62.83,11326358.0
2020-09-22,62.87,63.51,62.81,63.2,7148633.0
2020-09-23,63.4,63.56,62.18,62.25,7016242.0
2020-09-24,62.25,63.04,61.83,62.71,9141823.0
2020-09-25,62.39,63.11,62.25,63.04,7432117.0
2020-09-28,63.56,64.11,63.53,63.75,6077639.0
2020-09-29,63.78,63.93,63.21,63.33,8150441.0
2020-09-30,63.59,64.5,63.56,64.1,8284207.0
2020-10-01,64.47,64.61,63.91,64.46,9262892.0
2020-10-02,63.82,64.39,63.61,64.1,7463060.0
2020-10-05,64.25,64.61,64.15,64.53,4501173.0
2020-10-06,64.68,64.93,63.92,64.11,6552884.0
2020-10-07,64.48,65.07,64.35,64.8,8073123.0
2020-10-08,65.09,65.29,64.82,65.23,6659207.0
2020-10-09,65.49,66.03,65.41,65.74,7894676.0
2020-10-12,66.02,66.84,65.98,66.5,8685591.0
2020-10-13,66.3,66.65,66.14,66.45,7505697.0
2020-10-14,66.44,66.71,65.84,66.11,6566256.0
2020-10-15,65.63,66.33,65.57,66.15,6649980.0
2020-10-16,66.35,66.71,66.15,66.17,6701213.0
2020-10-19,66.17,66.45,65.13,65.31,7733956.0
2020-10-20,65.95,66.08,65.11,65.24,7660211.0
2020-10-21,65.17,65.67,65.14,65.3,7013914.0
2020-10-22,65.31,65.49,64.96,65.27,7779661.0
2020-10-23,65.5,65.65,65.19,65.39,5094101.0
2020-10-26,64.89,65.02,63.98,64.55,9352339.0
2020-10-27,64.59,64.94,64.34,64.38,5331369.0
2020-10-28,63.46,63.79,62.43,62.5,10980604.0
2020-10-29,62.34,63.1,61.72,62.48,8942690.0
2020-10-30,62.24,62.54,61.49,62.26,10093310.0
2020-11-02,63.15,63.54,62.76,63.25,10935089.0
2020-11-03,63.89,64.88,63.81,64.29,20578757.0
2020-11-04,64.65,65.41,64.24,64.32,25605874.0
2020-11-05,65.07,65.4,64.61,64.79,13919539.0
2020-11-06,64.89,65.42,64.81,65.09,12703581.0
2020-11-09,66.64,67.28,64.85,64.94,15142823.0
2020-11-10,64.93,66.4,64.88,66.22,15134568.0
2020-11-11,66.6,67.08,66.15,66.79,10382144.0
2020-11-12,66.61,66.79,66.05,66.61,8945870.0
2020-11-13,66.86,67.62,66.66,67.53,6167265.0
2020-11-16,68.15,68.18,67.63,68.15,12956031.0
2020-11-17,67.64,68.06,67.47,67.67,8148092.0
2020-11-18,67.77,68.01,66.73,66.74,7607802.0
2020-11-19,66.56,67.02,66.39,66.92,8830197.0
2020-11-20,66.82,67.11,66.44,66.5,4663421.0
2020-11-23,66.62,66.72,66.11,66.52,5825336.0
2020-11-24,66.92,67.2,66.77,66.97,6064942.0
2020-11-25,66.94,67.2,66.84,66.93,5245413.0
2020-11-27,67.1,67.1,66.72,66.92,3228570.0
2020-11-30,66.75,66.98,66.23,66.91,11582087.0
2020-12-01,67.21,67.57,67.08,67.5,12126239.0
2020-12-02,67.27,67.59,66.72,66.94,11392184.0
2020-12-03,66.77,67.23,66.76,67.11,10951368.0
2020-12-04,67.17,67.64,67.09,67.63,11055789.0
2020-12-07,67.5,67.61,67.05,67.37,9466348.0
2020-12-08,67.13,67.88,66.98,67.74,7090952.0
2020-12-09,67.84,67.87,67.29,67.47,10420075.0
2020-12-10,67.45,67.62,67.0,67.17,5723441.0
2020-12-11,66.91,67.5,66.89,67.32,5000806.0
2020-12-14,67.65,67.91,67.04,67.06,6663423.0
2020-12-15,67.35,67.55,67.14,67.22,6121300.0
2020-12-16,67.27,67.67,67.11,67.35,10505827.0
2020-12-17,67.59,67.86,67.57,67.78,4673406.0
2020-12-18,67.88,68.08,67.41,67.93,6980529.0
2020-12-21,66.62,66.77,65.94,66.64,8255571.0
2020-12-22,66.61,66.61,66.06,66.17,9107878.0
2020-12-23,66.37,66.64,66.23,66.39,4302588.0
2020-12-24,66.44,66.76,66.28,66.72,1954906.0
2020-12-28,66.97,67.45,66.9,67.25,6315355.0
2020-12-29,67.42,67.61,66.88,67.05,4993578.0
2020-12-30,67.13,67.21,66.9,66.98,7359939.0
2020-12-31,67.05,67.55,66.72,67.45,6062326.0
2021-01-04,67.42,67.44,65.92,66.72,12992627.0
2021-01-05,66.62,66.86,66.1,66.72,10871874.0
2021-01-06,66.59,67.1,66.48,66.77,14206665.0
2021-01-07,66.82,66.98,66.3,66.57,13963536.0
2021-01-08,66.62,66.96,66.25,66.9,17960849.0
2021-01-11,66.53,66.97,66.22,66.33,9648777.0
2021-01-12,66.33,66.48,65.83,66.11,11089458.0
2021-01-13,66.04,66.46,66.01,66.21,8337475.0
2021-01-14,66.27,66.3,65.78,65.86,11549048.0
2021-01-15,65.62,65.92,65.36,65.63,13260265.0
2021-01-19,65.85,65.98,65.28,65.34,8130797.0
2021-01-20,65.32,65.62,64.88,65.46,10700712.0
2021-01-21,65.36,65.41,65.13,65.24,8461251.0
2021-01-22,65.19,65.47,64.92,65.07,8329329.0
2021-01-25,64.87,65.94,64.84,65.72,17486199.0
2021-01-26,65.8,66.44,65.5,66.31,9304200.0
2021-01-27,65.94,66.83,65.03,65.19,17826873.0
2021-01-28,65.32,66.17,65.13,65.44,19925859.0
2021-01-29,65.19,65.21,64.06,64.09,19374812.0
2021-02-01,64.36,64.5,63.94,64.15,13283499.0
2021-02-02,64.4,65.1,64.21,64.58,13278384.0
2021-02-03,64.43,64.83,64.25,64.68,9542039.0
2021-02-04,64.74,65.17,64.6,65.15,7292368.0
2021-02-05,65.55,65.96,65.52,65.76,8889285.0
2021-02-08,65.97,66.16,65.58,66.01,9412236.0
2021-02-09,66.02,66.19,65.77,65.95,12345518.0
2021-02-10,66.26,66.41,65.73,65.88,6957185.0
2021-02-11,65.95,65.97,65.49,65.59,7478535.0
2021-02-12,65.53,65.77,65.36,65.69,7131815.0
2021-02-16,65.81,65.86,65.34,65.57,9246566.0
2021-02-17,65.32,65.94,65.24,65.81,8887385.0
2021-02-18,65.22,65.94,65.17,65.77,7465429.0
2021-02-19,65.82,65.83,64.88,64.94,10246237.0
2021-02-22,64.77,65.17,64.64,65.0,8649582.0
2021-02-23,65.21,65.64,64.86,65.09,12743373.0
2021-02-24,64.92,65.26,64.73,65.05,9103992.0
2021-02-25,64.95,65.32,64.2,64.34,17558542.0
2021-02-26,64.47,64.47,63.28,63.3,17718477.0
2021-03-01,63.75,64.46,63.73,63.94,11264333.0
2021-03-02,63.87,64.32,63.8,63.83,12942748.0
2021-03-03,63.66,64.03,63.49,63.53,13450882.0
2021-03-04,63.66,64.43,62.99,63.3,25968678.0
2021-03-05,63.57,64.89,63.33,64.7,21719456.0
2021-03-08,64.72,65.67,64.61,64.98,18946972.0
2021-03-09,65.2,65.51,64.87,64.92,17259567.0
2021-03-10,64.97,66.06,64.76,65.77,15827666.0
2021-03-11,65.84,66.04,65.54,65.61,12386463.0
2021-03-12,65.85,66.23,65.8,66.15,10518244.0
2021-03-15,66.39,66.5,66.04,66.44,8384558.0
2021-03-16,66.36,66.73,66.36,66.52,13550248.0
2021-03-17,66.55,66.82,66.19,66.42,12254152.0
2021-03-18,66.25,66.52,65.83,66.15,14497554.0
2021-03-19,66.22,66.56,66.06,66.38,20807120.0
2021-03-22,65.91,66.76,65.86,66.72,14499457.0
2021-03-23,66.71,67.31,66.53,67.0,13216342.0
2021-03-24,66.84,67.17,66.58,66.74,15831102.0
2021-03-25,66.83,67.47,66.5,67.39,14763964.0
2021-03-26,67.47,68.62,67.28,68.58,15098562.0
2021-03-29,68.38,69.33,68.35,69.27,11857274.0
2021-03-30,69.14,69.21,68.4,68.53,14042732.0
2021-03-31,68.5,68.78,68.16,68.31,18241132.0
2021-04-01,68.04,68.33,67.53,67.98,21191774.0
2021-04-05,68.27,69.22,68.15,68.85,20092997.0
2021-04-06,68.73,69.4,68.68,69.14,19302195.0
2021-04-07,69.26,69.35,68.88,68.97,20763858.0
2021-04-08,68.94,69.18,68.86,69.04,10244788.0
2021-04-09,69.05,69.2,68.5,68.92,7020455.0
2021-04-12,69.01,69.3,68.92,69.29,10117926.0
2021-04-13,68.99,69.18,68.83,68.92,11982803.0
2021-04-14,68.88,68.96,68.57,68.86,12087520.0
2021-04-15,69.02,69.52,69.02,69.41,7714920.0
2021-04-16,69.7,69.95,69.43,69.81,7810039.0
2021-04-19,69.82,69.96,69.32,69.54,10867366.0
2021-04-20,69.05,70.14,68.95,69.92,13168950.0
2021-04-21,70.0,70.47,70.0,70.27,10794944.0
2021-04-22,70.15,70.19,69.6,69.75,10762899.0
2021-04-23,69.61,69.79,69.29,69.57,9133794.0
2021-04-26,69.53,69.53,68.69,68.79,8750052.0
2021-04-27,68.75,68.89,68.44,68.74,10078892.0
2021-04-28,69.02,69.18,68.71,68.79,7925308.0
2021-04-29,68.76,69.63,68.76,69.52,9202883.0
2021-04-30,69.52,69.61,69.24,69.58,10784797.0
2021-05-03,69.73,70.41,69.66,70.15,12671491.0
2021-05-04,70.0,70.27,69.57,69.79,11147284.0
2021-05-05,69.77,69.87,69.45,69.74,8550497.0
2021-05-06,69.87,70.66,69.87,70.64,10192046.0
2021-05-07,70.53,70.86,70.36,70.64,9841789.0
2021-05-10,70.94,71.64,70.88,71.18,10558652.0
2021-05-11,71.21,71.36,70.24,70.56,14385702.0
2021-05-12,70.4,70.48,69.61,69.62,13223132.0
2021-05-13,69.61,70.92,69.53,70.6,18497984.0
2021-05-14,70.87,71.33,70.83,70.91,9672566.0
2021-05-17,70.95,71.25,70.66,70.81,10705805.0
2021-05-18,70.89,71.17,70.55,70.59,11169175.0
2021-05-19,70.25,70.46,69.86,70.36,13709689.0
2021-05-20,70.37,71.26,70.33,71.01,11336452.0
2021-05-21,71.19,71.48,70.89,71.02,7779569.0
2021-05-24,71.11,71.48,70.97,71.23,6535992.0
2021-05-25,71.28,71.31,70.82,71.25,8271854.0
2021-05-26,71.29,71.36,70.97,71.1,10622576.0
2021-05-27,71.22,71.45,70.59,70.66,12693907.0
2021-05-28,70.77,71.11,70.76,70.81,8476372.0
2021-06-01,71.08,71.26,70.33,70.57,8894050.0
2021-06-02,70.67,70.95,70.5,70.83,6411362.0
2021-06-03,70.62,71.33,70.62,71.27,9409968.0
2021-06-04,71.48,71.69,71.29,71.52,6078231.0
2021-06-07,71.53,71.62,71.08,71.4,7307053.0
2021-06-08,71.42,71.51,70.78,70.8,8545311.0
2021-06-09,70.67,71.02,70.44,70.46,8273863.0
2021-06-10,70.59,71.08,70.56,70.9,8213077.0
2021-06-11,71.04,71.07,70.6,70.94,6232513.0
2021-06-14,70.88,70.92,70.47,70.9,10449377.0
2021-06-15,70.96,71.12,70.66,70.73,5151605.0
2021-06-16,70.75,70.83,69.77,69.79,10507098.0
2021-06-17,69.8,70.19,69.61,70.04,9239730.0
2021-06-18,69.56,69.65,68.78,68.8,16882484.0
2021-06-21,68.76,69.21,68.72,69.14,14278434.0
2021-06-22,69.15,69.53,69.04,69.24,8351059.0
2021-06-23,69.18,69.19,68.81,68.81,7072865.0
2021-06-24,68.83,69.23,68.77,69.15,6343771.0
2021-06-25,69.19,69.76,69.06,69.68,9241292.0
2021-06-28,69.73,69.93,69.58,69.74,7570632.0
2021-06-29,69.78,69.9,69.32,69.43,13155421.0
2021-06-30,69.58,70.06,69.55,69.97,8815138.0
2021-07-01,70.0,70.17,69.65,69.76,11633080.0
2021-07-02,69.92,70.14,69.83,69.93,20733310.0
2021-07-06,69.77,69.8,69.31,69.64,7595657.0
2021-07-07,69.62,70.28,69.61,70.01,7880556.0
2021-07-08,69.68,70.06,69.48,69.75,9212884.0
2021-07-09,70.02,70.28,69.88,70.15,6287124.0
2021-07-12,70.03,70.14,69.77,70.04,7384238.0
2021-07-13,70.02,70.45,69.88,70.02,12057924.0
2021-07-14,70.11,70.74,70.01,70.64,7616097.0
2021-07-15,70.53,70.94,70.33,70.93,8662510.0
2021-07-16,71.05,71.31,70.95,71.04,8634370.0
2021-07-19,70.8,71.27,70.2,70.83,20734492.0
2021-07-20,70.82,71.54,70.66,70.85,20405246.0
2021-07-21,71.18,71.23,70.65,70.67,9366680.0
2021-07-22,70.49,70.74,70.1,70.55,9632121.0
2021-07-23,70.57,71.49,70.47,71.4,9732614.0
2021-07-26,71.29,71.63,71.11,71.52,5952169.0
2021-07-27,71.5,71.98,71.27,71.67,14720771.0
2021-07-28,71.5,71.59,70.89,71.04,9114115.0
2021-07-29,71.3,71.59,71.23,71.39,8811096.0
2021-07-30,71.5,71.88,71.4,71.51,10403736.0
2021-08-02,71.51,71.58,71.13,71.21,12050103.0
2021-08-03,71.23,71.66,71.06,71.53,8647748.0
2021-08-04,71.28,71.46,70.55,70.6,8886513.0
2021-08-05,70.97,71.09,70.77,70.94,7063013.0
2021-08-06,71.1,71.23,70.81,70.94,13492349.0
2021-08-09,71.17,71.32,71.0,71.2,9055182.0
2021-08-10,71.34,71.74,71.22,71.71,11291745.0
2021-08-11,71.89,72.24,71.83,71.95,14992786.0
2021-08-12,71.99,72.04,71.78,71.91,6432131.0
2021-08-13,72.0,72.58,71.89,72.51,8808600.0
2021-08-16,72.51,72.95,72.38,72.93,7903158.0
2021-08-17,72.8,73.25,72.63,72.97,15666042.0
2021-08-18,72.83,72.94,72.01,72.06,10669391.0
2021-08-19,71.74,72.78,71.7,72.64,13035570.0
2021-08-20,72.63,73.05,72.36,72.76,10454479.0
2021-08-23,72.77,72.9,72.5,72.53,8794517.0
2021-08-24,72.49,72.51,71.88,71.98,8494246.0
2021-08-25,71.93,72.03,71.61,71.86,8007585.0
2021-08-26,71.76,71.81,71.29,71.53,13077963.0
2021-08-27,71.6,71.91,71.36,71.78,9126224.0
2021-08-30,71.8,72.17,71.73,72.1,5645819.0
2021-08-31,72.16,72.34,71.98,72.26,8037108.0
2021-09-01,72.32,72.71,72.19,72.64,8399323.0
2021-09-02,72.79,73.04,72.66,72.92,6623255.0
2021-09-03,72.7,72.94,72.49,72.83,6011766.0
2021-09-07,72.71,72.71,71.94,71.99,9206272.0
2021-09-08,71.9,72.69,71.86,72.61,10662931.0
2021-09-09,72.54,72.56,72.12,72.19,7741475.0
2021-09-10,72.33,72.36,71.74,71.88,10270187.0
2021-09-13,72.16,72.68,71.89,72.06,13798064.0
2021-09-14,72.24,72.29,71.61,71.73,9145485.0
2021-09-15,71.73,72.11,71.56,71.99,8824670.0
2021-09-16,71.9,72.12,71.15,71.75,9789850.0
2021-09-17,71.56,71.82,71.35,71.36,13149976.0
2021-09-20,70.43,70.84,69.67,70.21,17880715.0
2021-09-21,70.41,70.97,70.0,70.13,11140503.0
2021-09-22,70.59,70.77,70.19,70.33,10026007.0
2021-09-23,70.43,70.91,70.36,70.59,8440457.0
2021-09-24,70.49,70.93,70.49,70.62,6717401.0
2021-09-27,70.51,70.84,70.24,70.3,8467099.0
2021-09-28,70.11,70.19,69.22,69.47,14982977.0
2021-09-29,69.61,70.46,69.46,70.1,13329570.0
2021-09-30,70.27,70.33,68.81,68.84,16260419.0
2021-10-01,69.05,69.35,68.37,69.02,15889231.0
2021-10-04,69.0,69.49,68.32,68.8,20351648.0
2021-10-05,68.97,69.45,68.82,69.15,16186326.0
2021-10-06,68.79,69.89,68.71,69.82,14910182.0
2021-10-07,70.17,70.75,70.08,70.13,8396819.0
2021-10-08,70.18,70.34,69.92,70.05,7285705.0
2021-10-11,70.16,70.41,69.97,70.03,8218354.0
2021-10-12,70.09,70.6,69.91,70.06,12401220.0
2021-10-13,70.13,70.38,69.58,70.19,9548277.0
2021-10-14,70.45,71.09,70.4,70.98,9975213.0
2021-10-15,71.22,71.25,70.61,70.81,11575233.0
2021-10-18,70.5,70.72,70.02,70.39,10043296.0
2021-10-19,70.27,70.43,69.93,70.42,10203062.0
2021-10-20,70.49,71.07,70.43,70.83,8829799.0
2021-10-21,70.93,70.99,70.66,70.74,7976583.0
2021-10-22,70.88,71.4,70.82,71.29,9575787.0
2021-10-25,71.24,71.39,70.74,71.24,6844587.0
2021-10-26,71.25,71.67,71.2,71.49,8805735.0
2021-10-27,71.86,71.91,71.04,71.07,10335096.0
2021-10-28,71.09,71.35,70.97,71.32,8614806.0
2021-10-29,71.14,71.53,71.07,71.25,8105319.0
2021-11-01,71.4,71.52,71.11,71.36,7033899.0
2021-11-02,71.4,72.0,71.19,71.84,9942655.0
2021-11-03,71.85,72.51,71.8,72.51,10471142.0
2021-11-04,72.25,72.64,72.06,72.58,11701782.0
2021-11-05,72.86,73.12,72.72,73.0,9929095.0
2021-11-08,73.03,73.08,72.08,72.42,12813578.0
2021-11-09,72.44,72.74,72.2,72.67,13527563.0
2021-11-10,72.74,73.08,72.61,72.89,11350551.0
2021-11-11,72.94,72.98,72.67,72.84,6319124.0
2021-11-12,72.99,73.18,72.72,72.84,7469917.0
2021-11-15,72.97,73.27,72.83,73.19,6381465.0
2021-11-16,73.14,73.38,72.7,72.73,6562151.0
2021-11-17,72.66,72.8,72.44,72.57,10444910.0
2021-11-18,72.38,72.48,71.96,72.31,11270219.0
2021-11-19,72.47,72.49,72.01,72.05,11924034.0
2021-11-22,72.14,73.12,72.06,72.62,13425797.0
2021-11-23,72.63,73.22,72.51,73.1,13405650.0
2021-11-24,73.0,73.11,72.55,72.88,9556367.0
2021-11-26,72.39,72.72,71.7,71.96,11715564.0
2021-11-29,72.04,72.42,71.68,72.14,13646622.0
2021-11-30,71.69,71.75,70.14,70.29,23715133.0
2021-12-01,70.77,71.36,69.92,69.95,22902452.0
2021-12-02,70.19,71.14,70.19,70.69,18704007.0
2021-12-03,71.08,71.68,70.87,71.57,22867553.0
2021-12-06,72.08,73.1,72.07,72.83,18524398.0
2021-12-07,72.95,73.35,72.81,72.99,13169467.0
2021-12-08,72.87,73.19,72.14,72.76,14489774.0
2021-12-09,72.75,73.22,72.44,72.96,8613861.0
2021-12-10,73.39,74.24,73.25,74.19,10889958.0
2021-12-13,74.17,75.39,74.06,75.16,16518053.0
2021-12-14,75.01,75.33,74.72,75.21,16048344.0
2021-12-15,75.22,76.06,75.19,75.97,21276952.0
2021-12-16,75.91,76.78,75.89,76.51,14498964.0
2021-12-17,76.24,76.62,75.16,75.2,23809878.0
2021-12-20,74.12,74.75,74.03,74.71,14116653.0
2021-12-21,74.71,74.76,74.17,74.61,11872071.0
2021-12-22,74.58,75.11,74.28,75.08,7650200.0
2021-12-23,75.26,75.5,75.14,75.25,8089032.0
2021-12-27,75.3,76.05,75.3,76.05,7343188.0
2021-12-28,75.96,76.56,75.96,76.48,7285332.0
2021-12-29,76.56,77.02,76.43,76.83,7891629.0
2021-12-30,77.02,77.1,76.53,76.59,6802853.0
2021-12-31,76.54,77.23,76.5,77.11,11288954.0
2022-01-03,76.66,77.14,76.02,77.1,22320270.0
2022-01-04,77.08,77.86,77.05,77.62,23066025.0
2022-01-05,77.52,78.18,77.49,77.55,29748494.0
2022-01-06,77.5,77.98,77.23,77.34,25023939.0
2022-01-07,77.22,77.72,77.01,77.42,12650260.0
2022-01-10,77.3,77.46,76.56,76.81,18578272.0
2022-01-11,76.73,76.79,75.88,76.72,19571756.0
2022-01-12,76.67,76.81,76.39,76.75,11155243.0
2022-01-13,76.83,77.05,76.58,76.89,14287366.0
2022-01-14,76.7,77.13,76.35,77.03,21391719.0
2022-01-18,76.46,76.48,75.68,75.92,16684336.0
2022-01-19,76.06,76.92,76.04,76.4,18518492.0
2022-01-20,76.33,76.98,75.83,75.9,15677902.0
2022-01-21,76.28,76.93,75.84,75.96,25270618.0
2022-01-24,75.66,76.16,74.11,75.71,35520550.0
2022-01-25,75.05,75.31,73.97,74.87,28638455.0
2022-01-26,74.64,75.31,73.86,74.3,33222240.0
2022-01-27,74.89,75.98,74.5,74.8,23821391.0
2022-01-28,74.41,75.72,73.76,75.68,25111502.0
2022-01-31,75.22,76.04,75.05,75.97,15453029.0
2022-02-01,75.97,76.14,75.12,75.9,15621141.0
2022-02-02,75.98,76.92,75.91,76.81,13630426.0
2022-02-03,76.46,77.21,76.34,76.83,14414670.0
2022-02-04,76.31,76.67,75.46,75.89,17939700.0
2022-02-07,76.19,76.4,75.59,76.03,10949447.0
2022-02-08,76.21,76.53,75.91,76.32,11472902.0
2022-02-09,76.69,76.86,76.21,76.34,14899285.0
2022-02-10,75.92,76.27,75.25,75.52,19828502.0
2022-02-11,75.74,76.02,75.03,75.25,18498403.0
2022-02-14,75.25,75.53,74.04,75.04,23550827.0
2022-02-15,75.49,75.97,74.82,75.17,12300393.0
2022-02-16,75.13,75.58,74.58,75.31,13507754.0
2022-02-17,75.12,76.1,74.9,75.89,12873541.0
2022-02-18,75.83,76.32,75.58,76.03,16470132.0
2022-02-22,76.09,76.15,74.96,75.44,21545843.0
2022-02-23,75.69,75.73,74.73,74.83,15134257.0
2022-02-24,73.84,74.0,72.19,73.54,30125661.0
2022-02-25,73.97,76.02,73.94,75.91,21141593.0
2022-02-28,74.78,75.21,74.09,74.9,20975349.0
2022-03-01,74.7,75.31,74.06,74.46,18750304.0
2022-03-02,74.48,75.59,74.38,75.25,18934983.0
2022-03-03,75.58,76.31,75.52,75.86,19576471.0
2022-03-04,75.0,76.03,74.71,75.87,22081363.0
2022-03-07,75.46,75.79,74.4,74.49,20057306.0
2022-03-08,74.57,74.75,72.43,72.48,29710386.0
2022-03-09,73.61,73.63,72.66,72.97,18254234.0
2022-03-10,72.45,72.73,71.6,72.28,21892496.0
2022-03-11,72.54,72.94,71.34,71.44,14276506.0
2022-03-14,71.89,72.54,71.43,71.82,18438859.0
2022-03-15,72.47,73.52,72.3,73.43,17078070.0
2022-03-16,73.61,73.89,72.45,73.51,18783201.0
2022-03-17,73.46,74.15,73.28,74.02,14484621.0
2022-03-18,74.09,74.26,73.53,74.19,20278562.0
2022-03-21,74.04,74.61,73.54,73.95,17659167.0
2022-03-22,74.5,74.64,73.87,74.5,11667376.0
2022-03-23,74.59,74.78,73.83,73.9,14027765.0
2022-03-24,74.2,74.45,73.95,74.42,9458792.0
2022-03-25,74.6,75.19,74.53,75.04,12508507.0
2022-03-28,75.07,75.35,74.63,75.35,11602568.0
2022-03-29,75.94,76.16,75.34,76.02,16595130.0
2022-03-30,75.72,76.08,75.4,76.07,13367526.0
2022-03-31,75.98,76.35,75.76,75.89,12388517.0
2022-04-01,76.03,76.73,75.73,76.65,12643956.0
2022-04-04,76.52,76.52,75.54,76.41,9618395.0
2022-04-05,76.06,77.27,76.06,76.48,12717155.0
2022-04-06,76.48,77.55,76.15,77.45,23849593.0
2022-04-07,77.71,78.56,77.49,78.39,18311502.0
2022-04-08,78.6,78.96,78.25,78.72,13879445.0
2022-04-11,78.86,79.12,78.25,78.4,18229905.0
2022-04-12,78.41,78.96,78.14,78.42,19804785.0
2022-04-13,78.36,78.97,78.35,78.86,11715719.0
2022-04-14,78.99,79.39,78.79,78.84,12195559.0
2022-04-18,78.66,78.95,77.97,78.19,11426673.0
2022-04-19,78.22,79.49,78.15,79.38,12814184.0
2022-04-20,79.82,80.75,79.77,80.57,21659592.0
2022-04-21,80.73,81.34,80.44,80.5,18501822.0
2022-04-22,80.69,80.79,79.17,79.24,19747884.0
2022-04-25,79.49,79.83,78.18,79.59,30868248.0
2022-04-26,79.47,79.85,78.34,78.36,26864520.0
2022-04-27,78.53,79.47,78.32,78.65,29441663.0
2022-04-28,78.76,79.9,78.35,79.81,22128498.0
2022-04-29,79.41,79.53,77.54,77.64,27802853.0
2022-05-02,78.18,78.29,75.49,76.62,55145075.0
2022-05-03,76.49,77.12,75.9,76.4,47646908.0
2022-05-04,76.43,78.23,76.2,78.12,37161586.0
2022-05-05,77.7,77.88,76.07,76.64,32186055.0
2022-05-06,76.36,77.11,75.97,76.72,34046906.0
2022-05-09,76.13,77.37,75.77,76.69,33323773.0
2022-05-10,77.08,77.33,75.85,76.16,32511180.0
2022-05-11,76.25,77.11,75.77,75.83,30110114.0
2022-05-12,75.98,76.36,75.0,75.81,29049703.0
2022-05-13,76.19,77.01,75.73,76.95,15405428.0
2022-05-16,76.9,77.64,76.57,77.3,14613712.0
2022-05-17,77.03,77.23,75.99,76.77,20637155.0
2022-05-18,75.93,75.96,71.6,71.83,40188903.0
2022-05-19,71.43,71.45,70.08,70.55,38772025.0
2022-05-20,70.95,70.97,69.58,70.7,26184985.0
2022-05-23,71.48,72.42,71.27,72.16,17711123.0
2022-05-24,71.99,73.45,71.87,73.34,23272422.0
2022-05-25,73.2,73.57,72.74,73.36,16647343.0
2022-05-26,73.7,74.52,73.58,74.14,16580542.0
2022-05-27,74.25,75.0,74.12,75.0,16921336.0
2022-05-31,74.6,74.96,73.69,74.47,19212303.0
2022-06-01,74.57,74.63,73.0,73.5,17552234.0
2022-06-02,73.67,74.57,72.46,74.57,17618503.0
2022-06-03,74.26,74.55,73.63,73.82,9750326.0
2022-06-06,74.33,74.56,73.59,73.85,10924278.0
2022-06-07,72.89,74.34,72.89,74.24,9070421.0
2022-06-08,73.82,73.99,73.28,73.33,7896633.0
2022-06-09,73.26,73.97,72.2,72.23,9442193.0
2022-06-10,71.34,72.49,70.97,71.92,17720473.0
2022-06-13,70.85,71.34,70.08,70.37,22813158.0
2022-06-14,70.35,70.67,69.04,69.54,19864775.0
2022-06-15,70.03,70.59,68.83,69.61,20069417.0
2022-06-16,68.66,69.61,68.22,69.08,19017076.0
2022-06-17,69.2,69.58,68.52,68.83,24825417.0
2022-06-21,69.13,70.33,68.8,70.14,16147172.0
2022-06-22,69.79,70.57,69.52,70.09,15207223.0
2022-06-23,70.57,71.52,70.5,71.45,16570694.0
2022-06-24,72.08,72.88,71.81,72.85,13436969.0
2022-06-27,72.92,73.04,72.44,72.65,10936489.0
2022-06-28,72.86,73.32,71.62,71.68,11004296.0
2022-06-29,71.96,72.42,71.79,72.13,9230621.0
2022-06-30,71.76,72.5,71.33,72.18,12670714.0
2022-07-01,72.2,73.27,72.08,73.22,11664106.0
2022-07-05,72.73,72.98,71.58,72.75,12828763.0
2022-07-06,73.02,73.47,72.73,72.96,11768055.0
2022-07-07,72.9,73.15,72.6,73.03,8476258.0
2022-07-08,73.06,73.48,72.67,72.9,10732544.0
2022-07-11,72.81,73.3,72.55,72.8,7172507.0
2022-07-12,72.9,73.55,72.33,72.59,11032428.0
2022-07-13,72.17,73.28,71.99,72.64,13851601.0
2022-07-14,71.71,72.81,71.69,72.7,10801733.0
2022-07-15,73.18,73.41,72.64,72.94,9300300.0
2022-07-18,73.07,73.19,72.1,72.23,8473577.0
2022-07-19,72.83,73.13,72.63,72.99,8729080.0
2022-07-20,73.07,73.14,72.12,72.5,10232158.0
2022-07-21,72.36,72.89,72.15,72.72,11944794.0
2022-07-22,72.88,73.41,72.77,73.2,9369807.0
2022-07-25,73.29,73.73,73.14,73.56,8157474.0
2022-07-26,72.89,73.5,72.64,73.39,9764234.0
2022-07-27,73.25,74.1,72.69,73.89,10995557.0
2022-07-28,73.94,75.22,73.81,75.07,9372002.0
2022-07-29,74.21,74.61,74.01,74.49,13199059.0
2022-08-01,74.39,75.66,74.36,75.42,13150520.0
2022-08-02,75.37,75.51,74.71,74.82,10632744.0
2022-08-03,74.84,75.46,74.53,75.31,12808570.0
2022-08-04,75.14,75.34,74.5,74.81,11983556.0
2022-08-05,74.44,74.69,73.94,74.64,7125722.0
2022-08-08,74.93,75.16,74.42,74.6,6966070.0
2022-08-09,74.71,74.82,74.35,74.49,8086277.0
2022-08-10,75.2,75.27,74.78,75.04,11262253.0
2022-08-11,75.36,75.6,74.69,74.86,8959652.0
2022-08-12,75.09,75.51,74.8,75.51,11094609.0
2022-08-15,75.47,76.34,75.35,76.26,10207219.0
2022-08-16,76.54,77.4,76.48,77.12,12312584.0
2022-08-17,76.8,77.2,76.71,76.9,9667715.0
2022-08-18,76.78,77.27,76.69,77.16,5777663.0
2022-08-19,76.92,77.28,76.77,76.91,6456485.0
2022-08-22,76.68,76.7,76.0,76.13,7113667.0
2022-08-23,75.85,75.91,75.47,75.8,10183480.0
2022-08-24,75.93,76.15,75.67,75.99,8061857.0
2022-08-25,76.02,76.34,75.66,76.34,6105129.0
2022-08-26,76.38,76.47,74.36,74.45,11212541.0
2022-08-29,74.01,74.75,73.81,74.33,13214253.0
2022-08-30,74.47,74.47,73.37,73.56,10316672.0
2022-08-31,73.79,73.92,73.11,73.11,10397814.0
2022-09-01,72.86,73.68,72.58,73.52,15968221.0
2022-09-02,74.08,74.37,72.33,72.56,15846738.0
2022-09-06,72.6,73.18,72.05,72.15,21871799.0
2022-09-07,72.38,73.54,72.32,73.45,19632256.0
2022-09-08,73.09,73.54,72.4,73.26,14843912.0
2022-09-09,73.45,74.47,73.18,73.98,18139028.0
2022-09-12,74.04,74.52,73.94,74.27,8680018.0
2022-09-13,73.65,73.75,71.59,71.79,12940792.0
2022-09-14,72.01,72.1,71.34,71.76,12291507.0
2022-09-15,71.72,71.79,70.97,71.16,11234718.0
2022-09-16,70.91,71.41,70.89,71.33,13452587.0
2022-09-19,70.6,71.39,70.6,71.34,9370429.0
2022-09-20,70.87,71.11,70.4,70.95,9169943.0
2022-09-21,71.38,72.08,70.64,70.68,14189702.0
2022-09-22,70.74,71.06,70.45,70.58,10428448.0
2022-09-23,70.19,70.19,68.66,69.38,15909499.0
2022-09-26,69.23,70.03,69.1,69.43,11637977.0
2022-09-27,69.77,70.15,68.1,68.23,17159282.0
2022-09-28,68.54,69.39,67.94,69.05,14259204.0
2022-09-29,68.89,69.03,67.49,67.91,13508239.0
2022-09-30,68.08,68.19,66.68,66.73,13427409.0
2022-10-03,67.21,68.05,66.84,67.88,12703306.0
2022-10-04,68.29,69.27,68.28,68.91,13366359.0
2022-10-05,68.55,68.88,67.79,68.51,10596111.0
2022-10-06,68.49,68.61,67.36,67.51,10606982.0
2022-10-07,67.38,67.46,66.24,66.5,13741647.0
2022-10-10,66.62,67.02,66.18,66.74,11798999.0
2022-10-11,66.78,67.9,66.67,67.29,10783602.0
2022-10-12,67.95,68.42,67.64,67.65,10963399.0
2022-10-13,67.0,69.03,66.69,68.77,18475634.0
2022-10-14,69.18,69.26,67.42,67.53,11611899.0
2022-10-17,68.24,68.6,68.1,68.26,9105418.0
2022-10-18,69.28,69.62,68.74,69.15,11000749.0
2022-10-19,69.25,69.62,68.55,68.83,8985484.0
2022-10-20,68.86,69.02,67.81,67.87,10023179.0
2022-10-21,67.83,69.08,67.61,68.91,9613387.0
2022-10-24,69.4,70.29,69.25,70.15,11076224.0
2022-10-25,70.31,71.16,69.91,71.07,10619789.0
2022-10-26,71.23,72.05,71.01,71.54,9483721.0
2022-10-27,71.61,72.07,71.49,71.6,9988167.0
2022-10-28,71.73,73.3,71.7,73.17,9545473.0
2022-10-31,72.96,73.19,72.55,72.74,9201120.0
2022-11-01,72.92,73.27,72.25,72.51,9535244.0
2022-11-02,72.36,73.08,71.21,71.25,16293502.0
2022-11-03,70.65,71.34,70.49,71.01,10624456.0
2022-11-04,71.86,72.25,70.91,71.85,11938621.0
2022-11-07,72.0,72.62,71.87,72.49,7133604.0
2022-11-08,72.71,73.15,71.95,72.7,9091943.0
2022-11-09,72.52,72.97,71.85,71.91,9465239.0
2022-11-10,73.45,73.79,72.38,73.6,19286103.0
2022-11-11,73.8,73.88,72.37,73.52,14289511.0
2022-11-14,73.45,74.12,72.9,72.94,14760538.0
2022-11-15,73.86,74.1,72.95,73.55,15064305.0
2022-11-16,73.65,74.28,73.61,73.91,9748595.0
2022-11-17,73.26,73.93,73.26,73.89,7827227.0
2022-11-18,74.49,74.77,74.18,74.68,9071049.0
2022-11-21,74.82,75.5,74.67,75.39,8054931.0
2022-11-22,75.95,76.01,75.66,75.94,6307095.0
2022-11-23,76.0,76.35,75.9,76.2,6286419.0
2022-11-25,76.3,76.31,76.1,76.25,2978024.0
2022-11-28,75.97,76.38,75.85,75.96,8698808.0
2022-11-29,75.76,75.92,75.28,75.67,7755123.0
2022-11-30,75.62,77.21,75.23,77.19,11704238.0
2022-12-01,77.05,77.14,76.52,76.84,10215834.0
2022-12-02,76.28,77.29,76.19,77.19,6087179.0
2022-12-05,76.36,76.45,76.0,76.22,8633024.0
2022-12-06,76.3,76.59,75.38,75.75,8136329.0
2022-12-07,75.89,76.23,75.75,76.07,7298685.0
2022-12-08,75.95,76.49,75.85,76.48,7803383.0
2022-12-09,76.11,76.44,75.88,75.89,9761718.0
2022-12-12,76.03,76.7,75.79,76.69,6996833.0
2022-12-13,77.45,77.62,76.1,76.58,11349134.0
2022-12-14,76.7,77.27,76.08,76.53,13820240.0
2022-12-15,75.89,76.04,74.67,75.23,11281678.0
2022-12-16,74.84,75.1,74.21,74.86,14561475.0
2022-12-19,74.31,74.94,73.84,74.28,8093914.0
2022-12-20,74.15,74.51,73.81,74.22,7368975.0
2022-12-21,74.58,75.25,74.53,74.96,7953290.0
2022-12-22,74.69,74.83,73.96,74.79,6888351.0
2022-12-23,74.83,75.23,74.58,75.18,4874660.0
2022-12-27,75.28,75.69,75.12,75.54,4839729.0
2022-12-28,75.76,75.86,74.6,74.6,5028990.0
2022-12-29,74.9,75.19,74.78,74.92,5574893.0
2022-12-30,74.77,74.83,74.01,74.55,6249894.0
2023-01-03,74.59,74.62,73.52,74.27,14433360.0
2023-01-04,74.48,75.02,74.09,74.56,12197256.0
2023-01-05,74.42,74.49,73.66,73.81,9848196.0
2023-01-06,74.76,76.08,74.7,75.78,9982384.0
2023-01-09,75.73,76.25,75.04,75.04,11081840.0
2023-01-10,75.13,75.25,74.69,74.94,8427855.0
2023-01-11,75.19,75.41,74.32,74.98,9848317.0
2023-01-12,75.14,75.15,74.21,74.39,9841291.0
2023-01-13,74.19,74.76,74.14,74.74,9274343.0
2023-01-17,74.86,75.42,74.68,74.79,9007022.0
2023-01-18,74.61,74.66,72.64,72.75,16069923.0
2023-01-19,72.46,72.79,72.04,72.06,12421545.0
2023-01-20,72.11,72.65,71.6,72.62,12349611.0
2023-01-23,72.76,73.23,72.55,72.85,12000433.0
2023-01-24,72.83,73.35,72.4,73.15,13465588.0
2023-01-25,72.71,73.33,72.35,73.33,11606801.0
2023-01-26,73.25,73.31,72.83,73.07,8081676.0
2023-01-27,73.02,73.2,72.51,72.86,10341793.0
2023-01-30,72.71,73.5,72.71,72.95,10463129.0
2023-01-31,73.09,73.75,72.87,73.74,8002698.0
2023-02-01,73.68,74.66,73.36,74.33,15447622.0
2023-02-02,73.83,74.17,73.36,73.69,12238803.0
2023-02-03,73.91,73.93,72.86,73.4,12874814.0
2023-02-06,73.28,73.63,73.23,73.49,7209101.0
2023-02-07,72.96,73.32,72.45,73.18,9268430.0
2023-02-08,72.78,72.91,72.49,72.62,8933483.0
2023-02-09,73.0,73.26,72.21,72.3,8341482.0
2023-02-10,72.3,73.03,72.15,72.97,8197163.0
2023-02-13,73.19,73.83,73.15,73.8,7440544.0
2023-02-14,73.75,73.78,72.88,73.13,9344740.0
2023-02-15,72.98,73.29,72.68,73.27,9006025.0
2023-02-16,72.62,73.18,72.31,72.74,8355096.0
2023-02-17,72.53,73.71,72.53,73.68,11116125.0
2023-02-21,73.38,73.79,73.01,73.4,8974751.0
2023-02-22,73.5,74.01,73.11,73.29,8851001.0
2023-02-23,73.36,73.56,72.75,73.2,12700140.0
2023-02-24,72.66,72.83,72.27,72.71,11340619.0
2023-02-27,73.06,73.26,72.47,72.63,10162251.0
2023-02-28,72.33,72.46,72.0,72.03,9757334.0
2023-03-01,71.81,71.89,70.93,71.5,10475023.0
2023-03-02,71.51,72.62,71.44,72.48,9876126.0
2023-03-03,72.48,72.61,71.87,72.54,12384269.0
2023-03-06,72.34,72.84,72.31,72.73,8356010.0
2023-03-07,72.74,72.98,71.89,72.01,10059504.0
2023-03-08,71.94,72.21,71.69,72.13,11170813.0
2023-03-09,72.41,72.53,71.25,71.46,15612688.0
2023-03-10,71.6,71.88,70.85,71.11,19026308.0
2023-03-13,71.04,72.58,71.0,71.47,29831406.0
2023-03-14,71.68,72.16,71.43,72.12,19139214.0
2023-03-15,71.65,72.68,71.49,72.59,21438247.0
2023-03-16,72.54,72.71,72.13,72.64,15712521.0
2023-03-17,72.54,72.66,71.79,72.11,13283890.0
2023-03-20,72.04,72.83,72.01,72.76,14131040.0
2023-03-21,72.87,73.03,72.19,72.7,12499653.0
2023-03-22,72.83,73.14,72.02,72.03,11942225.0
2023-03-23,72.22,72.48,71.48,71.75,12160406.0
2023-03-24,71.94,73.04,71.86,72.97,12352559.0
2023-03-27,73.22,73.69,73.21,73.36,10865542.0
2023-03-28,73.47,73.89,73.39,73.49,11593405.0
2023-03-29,73.9,73.98,73.71,73.9,9483497.0
2023-03-30,74.09,74.3,73.88,74.11,10737853.0
2023-03-31,74.49,74.74,74.37,74.71,10338734.0
2023-04-03,74.76,75.26,74.48,75.1,9607702.0
2023-04-04,75.07,75.39,74.79,74.95,7272864.0
2023-04-05,75.16,75.63,75.16,75.3,12410027.0
2023-04-06,75.23,75.49,74.91,75.36,8616848.0
2023-04-10,75.1,75.38,74.64,75.36,9423434.0
2023-04-11,75.5,75.79,75.44,75.58,12944305.0
2023-04-12,75.57,75.82,75.14,75.24,10386357.0
2023-04-13,75.27,75.7,74.92,75.66,12918992.0
2023-04-14,75.46,75.79,74.98,75.18,8789738.0
2023-04-17,75.33,75.67,75.24,75.66,9683477.0
2023-04-18,75.65,75.96,75.41,75.89,7233258.0
2023-04-19,75.98,76.06,75.62,75.84,6283769.0
2023-04-20,75.57,76.26,75.53,76.02,7329495.0
2023-04-21,76.53,76.97,76.41,76.57,10431036.0
2023-04-24,76.57,76.93,76.57,76.88,8723122.0
2023-04-25,76.86,77.37,76.7,76.78,12179666.0
2023-04-26,76.42,76.72,76.14,76.18,8778847.0
2023-04-27,76.22,77.11,76.17,77.03,11287817.0
2023-04-28,77.23,77.59,77.04,77.44,9757821.0
2023-05-01,77.31,77.82,77.29,77.5,10860790.0
2023-05-02,77.43,77.47,76.51,77.29,19136005.0
2023-05-03,77.06,77.38,76.64,76.66,11656658.0
2023-05-04,76.74,76.86,76.23,76.47,11682633.0
2023-05-05,76.59,77.24,76.5,77.18,10479429.0
2023-05-08,76.91,77.05,76.7,76.95,8069277.0
2023-05-09,76.96,76.96,76.57,76.71,6939661.0
2023-05-10,76.73,77.06,76.06,76.59,12259129.0
2023-05-11,76.57,76.87,76.15,76.82,11790844.0
2023-05-12,76.9,77.15,76.74,77.12,7012238.0
2023-05-15,77.24,77.34,76.59,76.93,8652296.0
2023-05-16,76.82,76.82,76.17,76.28,11310742.0
2023-05-17,76.48,76.49,75.77,76.24,10891385.0
2023-05-18,75.96,76.06,75.41,75.87,10765464.0
2023-05-19,76.03,76.12,75.59,75.92,10457604.0
2023-05-22,75.72,75.85,74.73,74.77,14575843.0
2023-05-23,74.57,74.63,74.12,74.22,13700364.0
2023-05-24,74.25,74.3,73.68,73.74,11901922.0
2023-05-25,73.09,73.45,72.63,73.18,17725020.0
2023-05-26,73.11,73.55,72.86,73.43,15531023.0
2023-05-30,73.0,73.18,72.35,72.59,22766942.0
2023-05-31,72.68,73.07,72.31,72.67,22328561.0
2023-06-01,72.65,72.73,72.24,72.61,13836271.0
2023-06-02,72.64,73.66,72.62,73.61,14719938.0
2023-06-05,73.5,74.03,73.21,73.34,9629600.0
2023-06-06,73.41,73.55,72.55,72.97,10796878.0
2023-06-07,72.5,72.93,72.28,72.73,13595054.0
2023-06-08,72.81,73.25,72.64,73.23,8881493.0
2023-06-09,72.98,73.34,72.83,73.11,8756867.0
2023-06-12,73.2,73.27,72.72,73.09,11357589.0
2023-06-13,72.99,73.5,72.89,73.39,8401878.0
2023-06-14,73.73,74.09,73.51,73.84,13849869.0
2023-06-15,74.1,74.76,73.96,74.58,16251166.0
2023-06-16,74.81,75.05,74.6,74.67,12672971.0
2023-06-20,74.05,74.28,73.56,73.58,9734494.0
2023-06-21,73.54,74.08,73.26,73.84,13633481.0
2023-06-22,74.22,74.38,73.98,74.27,17247792.0
2023-06-23,74.39,74.39,73.74,73.78,9706948.0
2023-06-26,73.78,73.91,73.26,73.88,8955380.0
2023-06-27,73.68,74.17,73.66,74.1,8965423.0
2023-06-28,73.76,73.81,73.2,73.6,12800400.0
2023-06-29,73.24,73.65,73.0,73.53,10018069.0
2023-06-30,73.7,74.28,73.64,74.17,14266285.0
2023-07-03,74.06,74.75,73.86,74.75,12817093.0
2023-07-05,74.44,74.69,74.35,74.62,17579383.0
2023-07-06,74.28,74.47,74.05,74.43,14881308.0
2023-07-07,74.25,74.25,73.41,73.46,16405514.0
2023-07-10,73.57,74.16,73.35,73.44,11953673.0
2023-07-11,73.5,73.66,73.11,73.55,9812583.0
2023-07-12,73.68,73.92,73.56,73.72,12680948.0
2023-07-13,73.85,74.16,73.55,74.03,10581587.0
2023-07-14,74.05,74.41,73.83,74.28,12475686.0
2023-07-17,74.0,74.31,73.79,74.06,9496427.0
2023-07-18,73.99,74.61,73.75,73.98,10124923.0
2023-07-19,74.22,74.81,74.17,74.73,14718653.0
2023-07-20,74.8,75.48,74.64,75.37,16106336.0
2023-07-21,75.49,75.84,75.4,75.63,13836903.0
2023-07-24,75.61,76.03,75.54,75.92,10692494.0
2023-07-25,75.83,75.92,75.51,75.9,8576840.0
2023-07-26,75.7,76.21,75.58,75.99,10506500.0
2023-07-27,76.13,76.31,75.32,75.32,10008516.0
2023-07-28,75.98,76.4,75.78,76.1,9672417.0
2023-07-31,76.0,76.23,75.46,75.75,10057233.0
2023-08-01,75.65,75.97,75.28,75.34,9376681.0
2023-08-02,75.04,76.09,75.04,75.61,11509759.0
2023-08-03,75.57,75.76,75.36,75.4,8777116.0
2023-08-04,75.5,75.68,74.58,74.65,10022803.0
2023-08-07,74.79,75.34,74.77,75.26,8875662.0
2023-08-08,75.21,75.29,74.52,74.72,11413651.0
2023-08-09,74.76,75.22,74.64,74.83,11912194.0
2023-08-10,75.07,75.53,74.58,74.68,10357718.0
2023-08-11,74.71,74.99,74.53,74.8,7472599.0
2023-08-14,74.9,75.1,74.3,74.43,11483769.0
2023-08-15,74.22,74.34,73.6,73.63,13257657.0
2023-08-16,73.93,74.14,73.37,73.46,14815058.0
2023-08-17,73.48,73.67,72.64,72.75,11798096.0
2023-08-18,72.63,73.17,72.56,73.02,12334490.0
2023-08-21,72.83,72.97,72.22,72.53,12005411.0
2023-08-22,72.3,72.38,72.02,72.12,11496512.0
2023-08-23,72.37,72.6,72.25,72.6,10796750.0
2023-08-24,72.35,73.0,72.0,72.02,13797592.0
2023-08-25,72.32,72.6,71.97,72.42,13088466.0
2023-08-28,72.66,72.88,72.5,72.75,6914967.0
2023-08-29,72.79,73.05,72.38,73.01,9503002.0
2023-08-30,73.1,73.36,72.93,73.13,9679312.0
2023-08-31,72.86,73.12,72.75,72.76,7731345.0
2023-09-01,73.0,73.04,71.9,72.14,8346514.0
2023-09-05,72.01,72.28,71.52,71.52,8634398.0
2023-09-06,71.44,71.6,71.21,71.44,9050245.0
2023-09-07,71.57,71.87,71.32,71.61,10148976.0
2023-09-08,71.64,71.71,71.42,71.7,8322971.0
2023-09-11,71.8,72.38,71.8,72.32,8450872.0
2023-09-12,72.36,72.38,71.64,71.7,13300196.0
2023-09-13,71.82,72.1,71.67,71.92,7863661.0
2023-09-14,72.12,72.7,72.09,72.65,9356054.0
2023-09-15,72.5,72.76,71.99,72.05,10891654.0
2023-09-18,71.8,71.83,71.24,71.54,6841253.0
2023-09-19,71.42,71.5,71.01,71.37,7733479.0
2023-09-20,71.57,71.92,71.23,71.44,10845481.0
2023-09-21,71.38,71.46,70.51,70.52,11869913.0
2023-09-22,70.54,70.72,70.1,70.14,12242995.0
2023-09-25,69.92,70.07,69.57,69.89,9137578.0
2023-09-26,69.59,69.79,69.3,69.37,11541014.0
2023-09-27,69.27,69.49,68.45,68.8,14182825.0
2023-09-28,68.9,69.2,68.72,69.01,12094360.0
2023-09-29,69.23,69.34,68.45,68.81,11797509.0
2023-10-02,68.65,68.74,67.89,68.34,12642560.0
2023-10-03,68.14,68.49,67.8,67.85,15396437.0
2023-10-04,68.02,68.44,67.63,68.39,15125938.0
2023-10-05,68.26,68.34,67.01,67.04,15757297.0
2023-10-06,66.75,66.9,65.18,66.67,28723410.0
2023-10-09,66.42,66.76,65.95,66.73,15662899.0
2023-10-10,67.28,67.74,67.07,67.41,18809618.0
2023-10-11,67.71,67.83,66.65,66.95,18293161.0
2023-10-12,67.15,67.18,65.99,66.22,15185026.0
2023-10-13,66.34,66.9,66.22,66.8,15641462.0
2023-10-16,67.19,67.7,66.91,67.49,16172936.0
2023-10-17,67.22,67.91,67.22,67.78,13192152.0
2023-10-18,68.06,68.55,67.92,68.03,16617679.0
2023-10-19,67.98,68.25,67.51,67.53,18236961.0
2023-10-20,67.68,67.98,67.27,67.27,14730494.0
2023-10-23,67.19,67.63,66.95,67.14,13777320.0
2023-10-24,67.24,67.83,67.225,67.71,12055564.0
2023-10-25,67.6,68.235,67.42,67.94,11351110.0
2023-10-26,67.97,68.22,67.48,67.5,13662158.0
2023-10-27,67.38,67.65,66.375,66.58,17587531.0
2023-10-30,66.83,67.74,66.83,67.62,12223867.0
2023-10-31,67.68,67.93,67.34,67.86,8586417.0
2023-11-01,67.91,68.05,67.4101,67.79,18709352.0
2023-11-02,68.03,68.765,67.77,68.67,21175929.0
2023-11-03,69.07,69.34,68.75,68.75,17201059.0
2023-11-06,68.77,69.16,68.72,68.86,14663152.0
2023-11-07,68.88,69.315,68.8,69.03,12567643.0
2023-11-08,69.16,69.26,68.565,68.76,10481506.0
2023-11-09,68.84,68.9,68.32,68.48,10336874.0
2023-11-10,68.64,69.025,68.27,68.96,9266210.0
2023-11-13,68.9,69.38,68.84,69.18,8540806.0
2023-11-14,69.53,70.12,69.5,69.89,13606154.0
2023-11-15,70.4,70.59,70.22,70.45,10618904.0
2023-11-16,69.72,70.02,69.44,69.58,16536407.0
2023-11-17,69.67,69.72,69.24,69.49,10761034.0
2023-11-20,69.2,69.5567,69.15,69.44,11651281.0
2023-11-21,69.43,69.7,69.13,69.65,11618790.0
2023-11-22,69.8,70.185,69.8,70.15,8862068.0
2023-11-24,70.16,70.475,70.16,70.41,4475613.0
2023-11-27,70.34,70.475,70.17,70.21,11700444.0
2023-11-28,70.19,70.7061,70.18,70.53,8562354.0
2023-11-29,70.6,70.6,69.87,69.96,9873819.0
2023-11-30,70.03,70.7,69.57,70.66,11803568.0
2023-12-01,70.61,70.98,70.4,70.95,13490306.0
2023-12-04,70.56,71.28,70.56,71.04,11386333.0
2023-12-05,70.93,71.1,70.385,70.48,11565888.0
2023-12-06,70.32,70.47,70.007,70.3,11008659.0
2023-12-07,70.5,70.83,70.245,70.6,8460017.0
2023-12-08,70.47,70.525,70.01,70.11,8191217.0
2023-12-11,70.5,70.8075,70.385,70.78,16192759.0
2023-12-12,70.93,71.01,70.615,71.01,8764399.0
2023-12-13,71.0,72.32,70.815,72.3,14052848.0
2023-12-14,72.36,72.47,71.19,71.24,16056688.0
2023-12-15,71.14,71.445,70.96,71.24,17434600.0
2023-12-18,71.01,71.7,70.855,71.44,11815961.0
2023-12-19,71.31,71.6598,71.28,71.58,8283158.0
2023-12-20,71.11,71.27,70.19,70.19,16705508.0
2023-12-21,70.57,70.75,70.12,70.68,10971923.0
2023-12-22,70.86,71.35,70.79,71.22,7831745.0
2023-12-26,71.07,71.7,71.07,71.52,6915801.0
2023-12-27,71.54,71.85,71.44,71.85,7566679.0
2023-12-28,71.75,71.97,71.65,71.88,6465982.0
2023-12-29,71.78,72.065,71.71,72.03,10412749.0
2024-01-02,71.77,72.955,71.77,72.84,12911962.0
2024-01-03,72.97,73.09,72.16,72.27,13955105.0
2024-01-04,72.22,72.66,72.02,72.17,10865014.0
2024-01-05,72.21,72.48,71.59,72.01,12802809.0
2024-01-08,72.02,72.565,71.98,72.54,9409002.0
2024-01-09,72.27,72.73,72.01,72.73,7838821.0
2024-01-10,72.67,72.995,72.3635,72.58,11113271.0
2024-01-11,72.5,72.615,72.075,72.57,9507739.0
2024-01-12,72.82,72.98,72.55,72.8,7709486.0
2024-01-16,72.81,72.85,72.1085,72.4,11560394.0
2024-01-17,72.23,72.6,72.08,72.35,9641424.0
2024-01-18,72.17,72.31,71.705,72.26,10548780.0
2024-01-19,72.32,72.34,71.68,72.05,11309573.0
2024-01-22,71.74,72.0,71.56,71.7,15078545.0
2024-01-23,72.08,72.59,72.06,72.48,13859553.0
2024-01-24,72.42,72.46,71.57,71.59,12290495.0
2024-01-25,71.89,72.28,71.59,72.28,12160938.0
2024-01-26,72.42,72.74,72.42,72.63,7432761.0
2024-01-29,72.83,73.075,72.565,73.05,9287568.0
2024-01-30,72.94,73.5,72.68,73.46,11058769.0
2024-01-31,73.44,73.645,72.83,72.92,17220612.0
2024-02-01,72.95,74.41,72.72,74.41,20588670.0
2024-02-02,74.19,74.48,73.805,74.17,23157966.0
2024-02-05,74.19,74.24,73.685,73.71,14564563.0
2024-02-06,73.71,73.92,73.465,73.88,11224152.0
2024-02-07,74.19,74.23,73.74,73.81,7544006.0
2024-02-08,73.69,74.08,73.475,73.79,16287942.0
2024-02-09,73.6,73.6,73.0,73.11,20699037.0
2024-02-12,73.19,73.635,72.8,73.63,13422839.0
2024-02-13,73.58,73.785,72.4,72.84,21640556.0
2024-02-14,72.78,72.82,72.355,72.7,15191240.0
2024-02-15,72.99,73.27,72.91,73.17,14235546.0
2024-02-16,73.1,73.62,72.79,73.28,15568084.0
2024-02-20,73.8,74.465,73.68,74.05,15388712.0
2024-02-21,74.19,74.445,73.965,74.32,13776700.0
2024-02-22,73.99,74.6299,73.695,74.55,11744898.0
2024-02-23,74.59,75.16,74.46,74.78,12548229.0
2024-02-26,74.8,74.82,74.37,74.48,11805967.0
2024-02-27,74.41,74.53,74.275,74.49,8294251.0
2024-02-28,74.44,74.64,74.245,74.57,6768728.0
2024-02-29,74.8,74.905,74.305,74.45,14083398.0
2024-03-01,74.25,74.54,73.94,74.46,15512448.0
2024-03-04,74.17,74.585,74.15,74.52,15912700.0
2024-03-05,74.84,75.215,74.55,74.7,15708378.0
2024-03-06,75.05,75.46,74.98,75.33,11816315.0
2024-03-07,75.64,75.83,75.46,75.76,9174517.0
2024-03-08,75.25,75.3908,74.89,75.16,13301640.0
2024-03-11,75.33,75.68,75.11,75.57,9316523.0
2024-03-12,75.74,76.195,75.64,75.96,10454800.0
2024-03-13,75.95,76.2,75.835,76.15,9739465.0
2024-03-14,76.1,76.28,75.31,75.56,14086043.0
2024-03-15,75.2,75.605,75.08,75.53,14248218.0
2024-03-18,74.89,75.68,74.89,75.46,10228962.0
2024-03-19,75.56,75.78,75.515,75.74,10245770.0
2024-03-20,75.85,76.0,75.57,75.97,10986029.0
2024-03-21,76.01,76.265,75.69,76.01,8936089.0
2024-03-22,76.01,76.13,75.62,75.64,10942337.0
2024-03-25,75.64,75.82,75.265,75.43,11003681.0
2024-03-26,75.52,75.685,75.41,75.47,7964351.0
2024-03-27,75.85,76.26,75.85,76.26,9848049.0
2024-03-28,76.49,76.605,76.26,76.36,9109311.0
2024-04-01,76.35,76.46,75.75,75.75,13205210.0
2024-04-02,75.75,75.86,75.235,75.36,16269181.0
2024-04-03,75.33,75.33,74.405,74.53,16092925.0
2024-04-04,74.86,74.99,74.1144,74.21,18289526.0
2024-04-05,74.15,74.56,73.9918,74.33,11148832.0
2024-04-08,74.2,74.49,74.15,74.22,10040694.0
2024-04-09,74.44,74.6,74.015,74.58,12633245.0
2024-04-10,74.0,74.425,73.772,74.31,15018417.0
2024-04-11,74.67,74.694,73.9,74.13,10551937.0
2024-04-12,73.83,74.02,73.295,73.38,14605857.0
2024-04-15,73.83,74.02,72.975,73.08,12119557.0
2024-04-16,73.23,73.325,72.93,73.11,12737465.0
2024-04-17,73.54,73.64,73.03,73.38,12731514.0
2024-04-18,73.62,73.89,73.465,73.72,11964180.0
2024-04-19,73.69,74.48,73.56,74.44,15842974.0
2024-04-22,74.59,75.345,74.255,75.15,12181810.0
2024-04-23,75.27,75.43,75.0224,75.36,12820543.0
2024-04-24,74.84,76.02,74.49,75.93,15010915.0
2024-04-25,76.09,76.475,75.47,75.75,14352559.0
2024-04-26,75.48,75.995,75.43,75.59,13488240.0
2024-04-29,75.61,75.855,75.38,75.83,9243970.0
2024-04-30,75.75,75.77,75.32,75.5,12517286.0
2024-05-01,75.28,75.57,74.71,75.02,24867495.0
2024-05-02,75.27,75.915,74.98,75.65,22820351.0
2024-05-03,75.68,76.03,75.25,75.88,18088014.0
2024-05-06,76.05,76.14,75.43,75.92,12508526.0
2024-05-07,76.24,76.79,76.24,76.75,14641823.0
2024-05-08,76.74,76.89,76.42,76.52,12669826.0
2024-05-09,76.59,77.18,76.54,77.18,12851919.0
2024-05-10,77.17,77.71,77.1,77.62,10774871.0
2024-05-13,77.77,78.0,77.27,77.4,11755441.0
2024-05-14,77.47,77.6,76.87,77.25,10117601.0
2024-05-15,77.05,77.415,77.05,77.3,18142739.0
2024-05-16,78.0,78.61,77.825,78.4,17360308.0
2024-05-17,78.31,78.38,78.01,78.21,11265865.0
2024-05-20,78.19,78.19,77.58,77.67,9226369.0
2024-05-21,77.88,78.16,77.7222,78.13,6595219.0
2024-05-22,77.6,78.08,77.46,77.82,9395116.0
2024-05-23,77.58,77.71,76.86,76.9,10751188.0
2024-05-24,77.17,77.4,77.06,77.1,6943344.0
2024-05-28,76.85,77.055,76.22,76.5,8840659.0
2024-05-29,76.09,76.365,75.92,75.95,10402364.0
2024-05-30,76.17,76.36,75.975,76.15,7404368.0
2024-05-31,76.08,77.38,75.73,77.34,11873899.0
2024-06-03,77.09,77.675,76.865,77.31,12223387.0
2024-06-04,77.32,78.105,77.185,77.98,9097456.0
2024-06-05,77.88,77.99,77.195,77.81,9095082.0
2024-06-06,77.76,78.335,77.6,78.05,9759485.0
2024-06-07,78.03,78.245,77.58,77.66,7490464.0
2024-06-10,77.78,77.8,77.1,77.6,10033646.0
2024-06-11,77.49,77.56,76.92,77.56,8583745.0
2024-06-12,77.71,77.75,76.52,76.71,14172736.0
2024-06-13,76.68,76.875,76.355,76.81,8723461.0
2024-06-14,76.59,76.95,76.39,76.95,7246410.0
2024-06-17,76.66,77.82,76.495,77.68,8761927.0
2024-06-18,77.56,77.88,77.45,77.78,6567060.0
2024-06-20,77.64,78.01,77.405,77.61,9316331.0
2024-06-21,77.77,78.17,77.605,77.67,11595433.0
2024-06-24,77.27,78.01,77.1098,77.91,9722533.0
2024-06-25,77.62,77.73,77.105,77.41,10705812.0
2024-06-26,76.87,77.44,76.71,77.25,8405221.0
2024-06-27,77.23,77.295,76.6026,76.92,4592184.0
2024-06-28,76.91,77.0,76.375,76.58,8396860.0
2024-07-01,76.98,77.265,75.98,76.04,9275425.0
2024-07-02,76.13,76.58,75.89,76.57,8233614.0
2024-07-03,76.44,76.71,76.235,76.44,5128740.0
2024-07-05,76.44,77.43,76.325,77.38,7202880.0
2024-07-08,77.44,77.53,77.05,77.26,4486755.0
2024-07-09,77.26,77.43,77.03,77.06,5635723.0
2024-07-10,77.2,77.43,77.005,77.4,7248946.0
2024-07-11,77.29,77.43,76.89,77.11,11414617.0
2024-07-12,77.52,77.86,77.185,77.45,10028071.0
2024-07-15,77.4,77.595,76.94,77.0,8481302.0
2024-07-16,77.03,77.75,76.915,77.74,7987187.0
2024-07-17,77.86,78.89,77.84,78.74,18297885.0
2024-07-18,78.45,79.15,78.34,78.35,14877188.0
2024-07-19,78.55,78.65,77.965,78.09,11816474.0
2024-07-22,78.27,78.335,77.77,78.14,9408424.0
2024-07-23,78.22,78.36,77.79,77.86,6937749.0
2024-07-24,77.58,77.93,77.28,77.79,10620304.0
2024-07-25,78.06,78.88,77.7,77.7,15685974.0
2024-07-26,78.01,78.585,77.82,78.49,10271876.0
2024-07-29,78.34,78.685,77.94,78.52,9114880.0
2024-07-30,77.58,78.12,77.24,77.99,11818445.0
2024-07-31,77.99,78.336,77.51,77.85,10474063.0
2024-08-01,78.0,78.74,77.755,78.57,16534879.0
2024-08-02,79.17,79.75,77.8,79.26,24086909.0
2024-08-05,79.12,79.35,77.44,77.7,29057340.0
2024-08-06,78.08,79.09,77.99,78.24,15801355.0
2024-08-07,78.57,79.395,78.27,78.32,14182346.0
2024-08-08,78.1,79.16,78.02,79.03,13889636.0
2024-08-09,78.87,79.29,78.53,79.15,10319743.0
2024-08-12,79.11,79.17,78.545,78.75,9735232.0
2024-08-13,78.75,79.13,78.35,79.11,7513796.0
2024-08-14,79.05,79.71,78.915,79.47,7263945.0
2024-08-15,80.59,80.81,80.05,80.29,7745074.0
2024-08-16,80.21,80.585,80.085,80.51,6976840.0
2024-08-19,80.6,80.965,80.565,80.78,7330009.0
2024-08-20,80.76,81.18,80.63,81.18,6931319.0
2024-08-21,81.86,82.2899,81.495,81.73,7960650.0
2024-08-22,81.95,81.95,81.255,81.61,7632635.0
2024-08-23,81.75,81.86,81.33,81.84,6505062.0
2024-08-26,81.93,82.59,81.92,82.42,7270614.0
2024-08-27,82.54,82.765,82.31,82.62,5674500.0
2024-08-28,82.64,82.745,81.9601,82.27,6666720.0
2024-08-29,82.17,82.17,81.69,81.86,6343651.0
2024-08-30,82.02,82.58,81.7989,82.51,8884780.0
2024-09-03,82.53,83.365,82.43,83.09,15503706.0
2024-09-04,82.94,83.54,82.86,83.48,19276562.0
2024-09-05,83.5,83.63,82.74,83.16,12775773.0
2024-09-06,83.15,83.51,82.89,82.99,12616543.0
2024-09-09,83.0,83.79,82.86,83.63,10060939.0
2024-09-10,83.51,83.995,83.39,83.61,14002265.0
2024-09-11,83.31,83.365,82.08,82.83,14556236.0
2024-09-12,82.85,83.43,82.57,83.34,8659106.0
2024-09-13,83.4,83.995,83.22,83.93,5953887.0
2024-09-16,84.15,84.53,83.87,84.26,7794798.0
2024-09-17,83.97,84.21,83.36,83.46,8405133.0
2024-09-18,83.4,83.86,82.8,83.14,12935617.0
2024-09-19,83.36,83.37,82.52,82.65,14934178.0
2024-09-20,82.57,83.11,82.43,83.05,12719055.0
2024-09-23,82.44,83.355,82.38,83.09,11985784.0
2024-09-24,82.98,83.275,82.685,82.89,8985174.0
2024-09-25,83.18,83.26,82.56,82.68,6101039.0
2024-09-26,82.53,83.25,82.53,82.87,8565569.0
2024-09-27,82.98,83.5,82.88,83.02,6432587.0
2024-09-30,83.32,83.48,82.68,83.0,8469069.0
2024-10-01,83.03,83.14,82.465,82.72,15725674.0
2024-10-02,82.5,82.505,81.86,82.02,10788330.0
2024-10-03,81.69,81.805,81.055,81.2,11507911.0
2024-10-04,81.07,81.57,80.95,81.47,12463615.0
2024-10-07,81.5,81.5,80.56,80.66,9270728.0
2024-10-08,80.69,81.16,80.475,81.06,8218292.0
2024-10-09,81.13,81.665,81.0,81.55,9276123.0
2024-10-10,81.53,81.7,80.99,81.19,9122450.0
2024-10-11,81.47,81.72,81.11,81.64,8741138.0
2024-10-14,81.6,82.01,81.47,81.97,6262947.0
2024-10-15,82.08,83.19,82.08,82.49,11287633.0
2024-10-16,82.21,82.54,82.02,82.43,7720260.0
2024-10-17,82.54,82.65,81.84,82.06,7716313.0
2024-10-18,81.88,82.27,81.64,82.24,8314073.0
2024-10-21,82.21,82.39,81.47,81.55,8704745.0
2024-10-22,81.43,82.11,81.35,82.01,8912347.0
2024-10-23,81.6,81.97,81.44,81.85,6926425.0
2024-10-24,81.83,82.0,81.495,81.74,6211294.0
2024-10-25,81.74,81.87,80.99,81.06,6546497.0
2024-10-28,81.38,81.56,81.165,81.21,5714219.0
2024-10-29,80.83,81.04,80.365,80.41,9459893.0
2024-10-30,80.3,80.54,80.045,80.28,8504569.0
2024-10-31,80.08,80.59,79.955,80.12,10905137.0
2024-11-01,80.38,80.445,80.05,80.15,7915968.0
2024-11-04,80.27,80.605,80.15,80.37,6958817.0
2024-11-05,80.17,80.88,80.02,80.88,5304747.0
2024-11-06,81.09,81.21,79.355,79.56,18488104.0
2024-11-07,79.73,80.31,79.67,79.85,17598067.0
2024-11-08,79.86,81.015,79.85,80.82,11530189.0
2024-11-11,80.71,81.45,80.48,80.54,9273734.0
2024-11-12,80.84,80.95,80.49,80.63,13517958.0
2024-11-13,80.64,80.95,80.4,80.87,6781575.0
2024-11-14,80.67,81.14,80.605,80.67,7572175.0
2024-11-15,80.6,80.655,79.915,79.96,11370350.0
2024-11-18,80.14,80.67,80.05,80.52,8748018.0
2024-11-19,80.73,80.89,80.135,80.63,8021059.0
2024-11-20,79.9,80.22,79.525,80.22,7687312.0
2024-11-21,80.31,81.18,80.09,81.09,8185764.0
2024-11-22,81.54,81.91,81.44,81.84,7703781.0
2024-11-25,82.38,82.625,82.04,82.29,8243081.0
2024-11-26,82.24,82.71,82.14,82.63,6973969.0
2024-11-27,83.0,83.24,82.645,82.8,7067828.0
2024-11-29,82.78,83.3,82.67,83.22,4313851.0
2024-12-02,83.14,83.22,82.52,83.12,10750112.0
2024-12-03,83.05,83.11,82.54,82.69,11053169.0
2024-12-04,82.47,82.58,82.045,82.46,10100873.0
2024-12-05,82.55,82.945,82.325,82.79,12639002.0
2024-12-06,82.81,83.285,82.38,82.38,7180397.0
2024-12-09,82.5,82.88,82.025,82.25,11613987.0
2024-12-10,82.19,82.84,81.86,82.64,8497175.0
2024-12-11,82.77,83.11,81.97,82.01,9045936.0
2024-12-12,82.53,82.62,82.115,82.25,5410823.0
2024-12-13,82.09,82.52,81.63,82.04,8154333.0
2024-12-16,82.07,82.48,81.59,81.61,6495048.0
2024-12-17,81.44,81.89,81.335,81.47,8536085.0
2024-12-18,81.16,81.43,80.21,80.23,17222925.0
2024-12-19,80.16,80.56,79.66,79.66,15778368.0
2024-12-20,79.62,80.4,79.35,79.94,11035192.0
2024-12-23,79.05,79.23,78.155,78.92,11468976.0
2024-12-24,78.85,79.485,78.74,79.44,3830421.0
2024-12-26,79.29,79.74,79.22,79.69,4253611.0
2024-12-27,79.32,79.72,79.005,79.3,6601672.0
2024-12-30,78.96,79.01,78.12,78.37,7249286.0
2024-12-31,78.53,78.86,78.16,78.61,6125429.0
2025-01-02,78.78,79.14,78.11,78.37,9322761.0
2025-01-03,78.52,78.7,78.045,78.33,6991886.0
2025-01-06,78.42,78.435,77.415,77.51,9275595.0
2025-01-07,77.71,78.16,77.13,77.24,11113042.0
2025-01-08,77.16,77.455,76.67,77.38,9277361.0
2025-01-10,76.89,77.325,76.24,76.34,13943592.0
2025-01-13,76.4,76.66,76.055,76.47,9490876.0
2025-01-14,76.56,76.6512,76.13,76.49,7763689.0
2025-01-15,76.91,77.15,76.11,76.23,11426986.0
2025-01-16,76.08,76.875,75.805,76.8,11223395.0
2025-01-17,76.94,77.4,76.85,77.24,10524998.0
2025-01-21,77.39,77.895,77.31,77.6,8849476.0
2025-01-22,77.95,77.95,77.15,77.22,8357776.0
2025-01-23,77.11,77.53,76.8,77.5,7562459.0
2025-01-24,77.47,77.93,77.43,77.9,6685652.0
2025-01-27,78.69,80.16,78.675,80.01,17519730.0
2025-01-28,79.76,80.1,78.6,78.76,11665020.0
2025-01-29,78.88,79.3,78.81,78.95,10195399.0
2025-01-30,79.34,79.9,79.18,79.73,8191876.0
2025-01-31,79.03,79.57,78.93,78.98,10268968.0
2025-02-03,78.41,79.45,78.23,79.29,13340766.0
2025-02-04,79.02,79.1,78.295,78.62,9307810.0
2025-02-05,78.61,79.13,78.195,79.11,8847805.0
2025-02-06,80.15,80.165,79.215,79.47,9846308.0
2025-02-07,79.49,79.68,79.12,79.35,8103946.0
2025-02-10,79.56,79.85,79.06,79.84,7949646.0
2025-02-11,79.96,80.63,79.67,80.61,9157071.0
2025-02-12,79.92,80.645,79.87,80.55,10563972.0
2025-02-13,80.76,81.49,80.54,81.42,10132252.0
2025-02-14,81.375,81.425,80.59,80.61,10470252.0
2025-02-18,80.35,80.915,79.9,80.9,10432769.0
2025-02-19,81.09,81.58,80.89,81.55,6450770.0
2025-02-20,80.56,81.23,80.43,81.23,14264185.0
2025-02-21,81.23,82.25,80.98,82.18,18203187.0
2025-02-24,81.85,82.81,81.81,82.43,14114153.0
2025-02-25,82.69,83.88,82.69,83.6,18197939.0
2025-02-26,83.28,83.36,81.85,82.0,19969303.0
2025-02-27,81.64,82.43,81.62,81.99,16613582.0
2025-02-28,82.69,83.13,82.135,83.08,15164088.0
2025-03-03,82.68,83.82,82.68,83.52,18918861.0
2025-03-04,83.36,84.14,82.05,82.1,21845896.0
2025-03-05,81.94,82.75,81.81,82.44,13772910.0
2025-03-06,82.13,82.795,81.94,82.59,13729661.0
2025-03-07,82.06,83.43,82.035,82.86,19631040.0
2025-03-10,82.99,84.35,82.36,82.68,27412531.0
2025-03-11,82.51,82.58,81.41,81.47,27913654.0
2025-03-12,80.675,80.98,79.62,79.7,22000439.0
2025-03-13,79.8,80.12,79.18,79.33,18077715.0
2025-03-14,79.15,79.58,78.88,79.51,10251129.0
2025-03-17,79.65,80.91,79.58,80.67,12470234.0
2025-03-18,80.61,80.71,79.7,79.75,9461101.0
2025-03-19,79.57,79.83,79.14,79.75,12042908.0
2025-03-20,79.63,79.915,79.24,79.36,10954524.0
2025-03-21,79.3,79.5299,78.99,79.33,11926155.0
2025-03-24,79.03,79.48,78.96,79.4,9586559.0
2025-03-25,79.26,79.365,78.425,78.68,12703224.0
2025-03-26,78.85,80.08,78.85,79.9,11492355.0
2025-03-27,80.13,80.97,80.07,80.81,9253346.0
2025-03-28,80.92,81.1,80.1107,80.41,12493134.0
2025-03-31,80.53,81.92,80.53,81.67,14299047.0
2025-04-01,81.86,82.01,81.32,81.79,11201157.0
2025-04-02,81.83,82.06,81.18,81.55,9218871.0
2025-04-03,81.75,82.82,81.35,82.02,20746446.0
2025-04-04,81.58,82.04,78.46,78.46,35619528.0
2025-04-07,76.6,79.38,76.16,77.55,45133940.0
2025-04-08,78.71,78.975,75.605,76.35,26842437.0
2025-04-09,75.965,79.94,75.835,79.31,39358891.0
2025-04-10,79.3,80.15,77.975,79.35,25967985.0
2025-04-11,79.65,80.86,78.905,80.35,19009788.0
2025-04-14,80.69,82.045,80.33,81.72,12388064.0
2025-04-15,81.84,81.94,80.98,81.03,8920386.0
2025-04-16,81.37,81.49,79.82,80.16,13657187.0
2025-04-17,80.51,82.255,80.39,81.87,13663579.0
2025-04-21,81.94,82.03,80.2,81.09,13804371.0
2025-04-22,81.4,82.71,81.26,82.24,11258782.0
2025-04-23,82.38,82.71,81.13,81.77,17717405.0
2025-04-24,81.215,81.33,80.68,81.05,12480576.0
2025-04-25,81.2,81.44,80.0,80.84,14377751.0
