Date,open,high,low,close,volume
2015-04-27,41.1,41.1,40.55,40.59,41420.0
2015-04-28,40.5,41.03,40.5,40.9,64287.0
2015-04-29,40.69,40.98,40.54,40.71,50274.0
2015-04-30,40.7,40.7,40.09,40.3,106851.0
2015-05-01,40.5,40.56,40.18,40.47,82303.0
2015-05-04,40.8,40.8,40.09,40.22,96672.0
2015-05-05,40.11,40.22,39.64,39.73,134097.0
2015-05-06,39.74,39.74,39.15,39.49,76428.0
2015-05-07,39.49,39.63,39.35,39.46,170615.0
2015-05-08,39.74,39.88,39.41,39.79,145128.0
2015-05-11,39.76,39.79,39.55,39.59,92689.0
2015-05-12,39.5,39.5,39.18,39.21,80066.0
2015-05-13,39.32,39.32,38.82,38.95,110243.0
2015-05-14,39.05,39.05,38.8,39.02,78276.0
2015-05-15,39.07,39.18,38.73,38.86,124674.0
2015-05-18,38.82,39.2,38.82,39.2,108381.0
2015-05-19,39.24,39.32,39.11,39.2,167601.0
2015-05-20,39.15,39.29,38.91,39.21,88840.0
2015-05-21,39.29,39.31,39.08,39.16,68394.0
2015-05-22,39.0,39.18,38.87,38.9,56681.0
2015-05-26,38.73,38.9,38.27,38.36,97279.0
2015-05-27,38.39,38.86,38.33,38.74,53482.0
2015-05-28,38.64,38.84,38.51,38.79,39115.0
2015-05-29,38.75,38.81,38.43,38.66,129973.0
2015-06-01,38.81,38.81,38.46,38.51,85914.0
2015-06-02,38.41,38.96,38.3,38.76,99770.0
2015-06-03,38.89,39.27,38.29,39.05,74028.0
2015-06-04,38.96,38.96,38.42,38.49,48832.0
2015-06-05,38.49,38.75,38.29,38.4,56938.0
2015-06-08,38.33,38.47,38.01,38.13,125306.0
2015-06-09,38.09,38.26,37.87,37.91,60203.0
2015-06-10,38.11,38.84,38.06,38.78,136155.0
2015-06-11,38.85,39.08,38.62,39.08,63268.0
2015-06-12,39.02,39.02,38.69,38.96,62408.0
2015-06-15,38.84,38.86,38.43,38.8,96102.0
2015-06-16,38.56,39.2,38.54,39.13,92536.0
2015-06-17,39.2,39.32,39.0,39.13,76072.0
2015-06-18,39.22,39.75,39.22,39.51,109987.0
2015-06-19,39.6,39.6,39.2,39.28,75771.0
2015-06-22,39.63,39.63,39.16,39.29,70466.0
2015-06-23,39.39,39.63,39.28,39.46,44846.0
2015-06-24,39.32,39.4,38.96,38.96,34922.0
2015-06-25,38.95,39.14,38.78,38.78,143496.0
2015-06-26,38.87,39.14,38.82,39.03,117298.0
2015-06-29,38.57,38.74,38.02,38.03,116753.0
2015-06-30,38.44,38.45,38.05,38.21,136404.0
2015-07-01,39.06,39.43,38.74,39.39,203031.0
2015-07-02,39.38,39.47,39.0,39.34,214203.0
2015-07-06,39.17,39.49,39.0,39.48,135585.0
2015-07-07,39.57,39.59,39.18,39.51,123117.0
2015-07-08,39.26,39.43,39.12,39.28,115632.0
2015-07-09,39.47,39.68,39.39,39.49,228258.0
2015-07-10,40.0,40.24,39.88,40.17,75801.0
2015-07-13,40.5,40.61,40.2,40.43,81838.0
2015-07-14,40.39,40.5,40.12,40.18,130695.0
2015-07-15,40.02,40.03,39.65,39.98,233046.0
2015-07-16,40.24,40.35,40.02,40.1,43740.0
2015-07-17,40.05,40.1,39.76,39.95,53510.0
2015-07-20,39.98,40.28,39.63,39.82,90820.0
2015-07-21,39.76,39.98,39.48,39.88,144910.0
2015-07-22,39.72,40.02,39.54,39.99,47075.0
2015-07-23,40.05,40.05,39.76,39.86,76031.0
2015-07-24,40.04,40.11,39.59,40.08,128512.0
2015-07-27,39.94,39.96,39.49,39.6,71063.0
2015-07-28,39.77,39.77,39.39,39.47,98008.0
2015-07-29,39.49,39.76,39.49,39.71,121243.0
2015-07-30,39.58,39.98,39.43,39.68,62547.0
2015-07-31,39.78,39.8,39.5,39.62,155125.0
2015-08-03,38.6,39.41,38.3,39.13,199415.0
2015-08-04,39.06,39.06,38.53,38.99,137368.0
2015-08-05,39.16,39.25,38.78,39.06,135765.0
2015-08-06,39.02,39.16,38.62,38.84,111507.0
2015-08-07,38.75,38.97,38.73,38.97,59785.0
2015-08-10,39.28,39.64,39.23,39.64,87091.0
2015-08-11,39.23,39.64,39.23,39.61,64958.0
2015-08-12,39.46,39.46,38.83,39.21,60267.0
2015-08-13,38.81,39.04,38.64,38.86,100406.0
2015-08-14,38.68,39.33,38.68,39.25,59085.0
2015-08-17,39.06,39.06,38.46,39.03,70351.0
2015-08-18,38.91,39.05,38.62,38.79,86702.0
2015-08-19,38.66,38.72,38.27,38.4,70521.0
2015-08-20,37.96,38.29,37.81,37.84,102042.0
2015-08-21,37.6,37.6,37.0,37.07,126732.0
2015-08-24,35.43,36.37,35.33,35.38,128693.0
2015-08-25,35.9,36.02,34.93,34.95,117914.0
2015-08-26,35.5,35.5,34.68,35.32,117364.0
2015-08-27,35.75,36.2,35.45,36.01,113743.0
2015-08-28,35.85,36.1,35.81,35.95,92157.0
2015-08-31,35.61,36.02,35.32,35.98,91984.0
2015-09-01,35.28,35.42,34.7,34.75,83090.0
2015-09-02,34.98,35.41,34.68,35.1,79065.0
2015-09-03,35.16,36.04,35.16,35.45,117112.0
2015-09-04,35.03,35.28,34.92,35.14,57052.0
2015-09-08,35.5,36.0,35.5,35.92,50714.0
2015-09-09,36.16,36.19,35.48,35.5,53370.0
2015-09-10,35.51,36.02,35.43,35.62,151009.0
2015-09-11,35.4,35.81,35.37,35.77,31121.0
2015-09-14,35.7,35.78,35.36,35.59,81922.0
2015-09-15,35.75,35.98,35.5,35.89,27307.0
2015-09-16,35.84,36.24,35.59,36.02,150186.0
2015-09-17,35.98,36.23,35.61,35.7,65897.0
2015-09-18,35.25,35.41,34.78,35.0,138153.0
2015-09-21,35.29,35.51,35.21,35.43,68231.0
2015-09-22,34.97,35.22,34.68,34.86,63808.0
2015-09-23,35.01,35.26,34.75,34.99,110866.0
2015-09-24,34.71,34.88,34.58,34.75,76540.0
2015-09-25,35.01,35.33,34.72,34.92,72351.0
2015-09-28,34.76,34.76,34.25,34.3,58544.0
2015-09-29,34.3,34.42,34.14,34.29,86344.0
2015-09-30,34.51,34.96,34.51,34.93,173736.0
2015-10-01,34.92,34.93,34.24,34.59,64445.0
2015-10-02,34.18,34.36,33.78,34.36,128900.0
2015-10-05,34.55,35.3,34.49,35.3,181445.0
2015-10-06,35.21,35.27,34.73,34.88,241418.0
2015-10-07,35.11,35.2,34.17,34.92,374961.0
2015-10-08,34.86,35.19,34.47,35.18,272721.0
2015-10-09,35.17,35.18,34.69,34.75,162059.0
2015-10-12,34.8,35.46,34.62,35.43,128188.0
2015-10-13,35.26,35.44,34.6,34.64,120254.0
2015-10-14,34.58,34.71,34.15,34.24,72744.0
2015-10-15,34.32,34.64,34.26,34.64,49368.0
2015-10-16,34.67,35.03,34.53,35.03,77733.0
2015-10-19,34.87,35.09,34.81,35.04,49547.0
2015-10-20,35.28,35.52,35.01,35.45,54145.0
2015-10-21,35.54,35.78,35.13,35.16,52901.0
2015-10-22,35.44,36.01,35.43,35.77,77520.0
2015-10-23,36.18,36.26,35.92,36.22,79396.0
2015-10-26,36.16,36.48,36.09,36.3,66434.0
2015-10-27,36.04,36.12,35.74,36.12,92257.0
2015-10-28,36.15,36.99,36.09,36.96,113389.0
2015-10-29,36.63,37.05,36.57,37.05,101199.0
2015-10-30,37.1,37.1,36.46,36.56,85012.0
2015-11-02,37.06,37.33,36.38,36.78,116243.0
2015-11-03,36.93,36.93,36.54,36.75,115385.0
2015-11-04,36.89,36.89,36.62,36.77,152177.0
2015-11-05,36.75,36.92,36.6,36.74,130941.0
2015-11-06,36.8,36.88,36.51,36.84,132638.0
2015-11-09,36.81,36.81,36.29,36.51,93744.0
2015-11-10,36.4,36.91,36.22,36.91,115113.0
2015-11-11,36.96,36.98,36.56,36.59,138535.0
2015-11-12,36.23,36.26,35.6,35.67,59501.0
2015-11-13,35.61,35.89,35.44,35.6,61742.0
2015-11-16,35.51,36.07,35.49,36.03,79812.0
2015-11-17,36.1,36.49,36.09,36.13,60753.0
2015-11-18,36.19,36.94,36.19,36.93,79528.0
2015-11-19,36.76,37.03,36.51,36.65,56600.0
2015-11-20,36.75,36.93,36.69,36.88,53780.0
2015-11-23,36.8,36.97,36.64,36.81,50804.0
2015-11-24,36.49,36.85,36.41,36.73,29173.0
2015-11-25,36.72,36.72,36.38,36.5,85161.0
2015-11-27,36.46,36.7,36.37,36.68,25823.0
2015-11-30,36.68,36.8,36.5,36.74,111530.0
2015-12-01,36.9,37.0,36.45,36.85,150613.0
2015-12-02,36.95,37.0,36.67,36.7,105043.0
2015-12-03,36.91,36.92,36.14,36.18,90297.0
2015-12-04,36.21,36.84,36.21,36.6,149065.0
2015-12-07,36.58,36.8,36.34,36.61,83346.0
2015-12-08,36.36,36.66,36.18,36.53,111707.0
2015-12-09,36.46,36.81,35.71,35.8,91991.0
2015-12-10,35.88,35.92,35.35,35.39,250376.0
2015-12-11,35.03,35.34,34.65,34.77,79407.0
2015-12-14,34.74,34.96,34.52,34.74,78318.0
2015-12-15,35.08,35.25,34.83,35.07,109336.0
2015-12-16,35.24,35.35,34.76,35.18,110968.0
2015-12-17,35.42,35.42,34.44,34.68,144961.0
2015-12-18,34.54,34.68,34.12,34.41,247549.0
2015-12-21,34.55,35.15,34.41,34.73,74629.0
2015-12-22,34.85,35.18,34.69,35.08,112490.0
2015-12-23,35.35,35.56,35.05,35.17,144975.0
2015-12-24,35.15,35.42,35.12,35.31,137295.0
2015-12-28,35.3,35.7,35.21,35.64,80526.0
2015-12-29,35.83,36.07,35.45,35.74,133609.0
2015-12-30,35.72,35.73,35.54,35.59,198911.0
2015-12-31,35.6,35.6,35.11,35.15,131730.0
2016-01-04,34.57,34.58,34.05,34.43,138384.0
2016-01-05,34.44,34.73,34.09,34.6,192056.0
2016-01-06,34.22,34.29,34.04,34.11,108532.0
2016-01-07,34.03,34.19,33.64,33.93,214203.0
2016-01-08,34.02,34.17,33.36,33.37,93116.0
2016-01-11,33.54,33.78,33.39,33.6,202285.0
2016-01-12,33.84,33.94,33.42,33.67,109180.0
2016-01-13,33.87,34.04,33.23,33.24,129319.0
2016-01-14,33.32,33.86,33.22,33.49,79747.0
2016-01-15,32.96,33.41,32.75,33.02,250110.0
2016-01-19,33.42,33.65,32.94,33.17,97760.0
2016-01-20,32.66,32.92,32.37,32.42,320083.0
2016-01-21,32.84,32.84,32.03,32.08,234514.0
2016-01-22,32.32,32.49,32.08,32.33,164186.0
2016-01-25,32.29,32.53,31.81,31.85,78856.0
2016-01-26,31.91,32.55,31.74,32.33,94859.0
2016-01-27,32.18,32.75,32.05,32.21,65706.0
2016-01-28,32.59,32.62,32.26,32.53,68370.0
2016-01-29,32.66,33.25,32.66,33.23,135264.0
2016-02-01,33.02,33.3,32.61,33.18,96914.0
2016-02-02,32.79,32.79,32.23,32.39,163435.0
2016-02-03,32.6,32.87,32.03,32.63,210855.0
2016-02-04,32.76,33.14,32.48,32.7,94861.0
2016-02-05,32.6,32.9,32.39,32.47,75352.0
2016-02-08,31.52,31.98,30.52,30.52,312824.0
2016-02-09,30.37,30.88,30.03,30.1,287065.0
2016-02-10,30.5,30.85,30.03,30.06,258996.0
2016-02-11,29.73,30.15,29.05,29.5,345386.0
2016-02-12,29.36,31.14,29.36,31.09,369395.0
2016-02-16,31.5,31.5,30.63,31.25,209850.0
2016-02-17,31.48,31.89,31.16,31.41,303198.0
2016-02-18,29.19,29.22,28.37,28.44,223946.0
2016-02-19,28.24,28.57,28.17,28.21,193808.0
2016-02-22,28.45,28.51,27.99,28.45,224398.0
2016-02-23,28.42,28.67,28.39,28.58,304176.0
2016-02-24,28.31,28.59,28.26,28.54,357338.0
2016-02-25,28.57,29.79,28.49,29.59,490288.0
2016-02-26,29.74,29.78,28.95,29.02,303660.0
2016-02-29,28.93,29.11,28.69,28.97,243651.0
2016-03-01,29.27,29.71,29.18,29.58,184258.0
2016-03-02,29.54,29.84,29.38,29.7,191246.0
2016-03-03,29.61,30.3,29.41,30.2,250885.0
2016-03-04,30.2,30.6,30.11,30.42,221178.0
2016-03-07,30.18,30.6,30.11,30.53,185476.0
2016-03-08,30.36,30.51,30.14,30.35,194475.0
2016-03-09,30.61,30.61,29.96,30.19,367815.0
2016-03-10,30.19,30.58,30.1,30.45,250926.0
2016-03-11,30.53,31.27,30.53,31.21,144756.0
2016-03-14,31.25,31.36,31.0,31.18,163342.0
2016-03-15,30.96,31.62,30.8,31.5,190567.0
2016-03-16,31.4,31.64,30.96,30.98,314770.0
2016-03-17,31.08,32.11,31.08,32.03,136253.0
2016-03-18,32.09,32.33,31.82,32.0,226716.0
2016-03-21,31.99,32.23,31.82,31.94,113722.0
2016-03-22,31.82,32.14,31.72,31.92,94462.0
2016-03-23,31.88,32.14,31.59,31.7,95833.0
2016-03-24,31.53,31.94,31.04,31.23,302390.0
2016-03-28,31.34,32.0,31.34,31.98,155540.0
2016-03-29,31.86,32.16,31.78,32.09,126830.0
2016-03-30,32.26,32.61,32.05,32.29,248208.0
2016-03-31,32.18,32.41,32.01,32.18,155473.0
2016-04-01,31.93,32.54,31.68,32.54,230413.0
2016-04-04,32.6,32.6,32.04,32.1,169752.0
2016-04-05,31.94,31.99,31.56,31.67,108801.0
2016-04-06,31.65,31.72,31.29,31.48,126855.0
2016-04-07,31.28,31.35,31.05,31.08,302438.0
2016-04-08,31.33,31.74,31.19,31.28,119211.0
2016-04-11,31.38,31.67,31.26,31.4,267402.0
2016-04-12,31.46,31.65,31.31,31.4,283807.0
2016-04-13,31.6,31.99,31.47,31.99,173278.0
2016-04-14,31.98,32.15,31.67,31.79,222110.0
2016-04-15,31.88,32.19,31.77,32.1,161424.0
2016-04-18,31.8,32.11,31.69,32.1,144799.0
2016-04-19,32.3,32.62,32.27,32.3,134120.0
2016-04-20,32.3,32.33,31.93,32.16,168385.0
2016-04-21,32.03,32.12,31.4,31.41,109012.0
2016-04-22,31.47,31.99,31.47,31.8,161326.0
2016-04-25,31.68,31.84,31.45,31.81,134455.0
2016-04-26,31.86,32.1,31.63,32.0,104231.0
2016-04-27,32.07,32.2,31.49,31.95,104931.0
2016-04-28,31.67,32.07,31.55,31.85,154050.0
2016-04-29,31.81,31.85,31.37,31.6,168259.0
2016-05-02,31.6,33.27,31.6,32.84,189815.0
2016-05-03,32.5,32.79,32.26,32.57,147499.0
2016-05-04,32.22,32.56,32.06,32.47,195936.0
2016-05-05,32.63,32.72,32.08,32.37,95721.0
2016-05-06,32.17,32.49,32.08,32.42,111846.0
2016-05-09,32.42,32.45,32.07,32.38,141920.0
2016-05-10,32.5,32.69,32.49,32.64,76661.0
2016-05-11,32.51,32.75,32.21,32.26,200143.0
2016-05-12,32.22,32.54,32.06,32.44,113937.0
2016-05-13,32.26,32.43,31.96,32.09,79139.0
2016-05-16,32.11,32.52,32.06,32.2,72018.0
2016-05-17,32.15,32.25,31.65,31.87,123059.0
2016-05-18,31.79,32.45,31.46,32.39,106542.0
2016-05-19,32.21,32.74,32.0,32.23,87514.0
2016-05-20,32.23,32.81,32.23,32.67,113232.0
2016-05-23,32.68,32.77,32.39,32.63,109755.0
2016-05-24,32.92,33.25,32.81,33.07,118322.0
2016-05-25,33.21,33.52,32.92,32.92,103345.0
2016-05-26,33.0,33.0,32.42,32.73,63966.0
2016-05-27,32.77,33.06,32.77,32.95,100302.0
2016-05-31,33.07,33.11,32.68,32.86,104396.0
2016-06-01,32.74,32.87,32.48,32.79,72860.0
2016-06-02,32.7,32.94,32.56,32.69,141310.0
2016-06-03,32.57,32.61,32.2,32.46,126307.0
2016-06-06,32.54,32.88,32.31,32.37,121746.0
2016-06-07,32.45,32.45,32.13,32.25,99953.0
2016-06-08,32.3,32.5,32.24,32.26,124424.0
2016-06-09,32.19,32.29,31.89,32.18,198874.0
2016-06-10,31.97,32.34,31.73,32.12,111051.0
2016-06-13,32.04,32.22,31.27,31.34,152336.0
2016-06-14,31.32,31.33,30.62,30.73,264638.0
2016-06-15,30.84,31.14,30.62,30.67,88318.0
2016-06-16,30.61,30.79,30.2,30.65,161675.0
2016-06-17,30.65,30.9,30.2,30.7,200858.0
2016-06-20,31.05,31.4,30.91,30.95,94855.0
2016-06-21,31.13,31.26,30.85,31.14,73257.0
2016-06-22,31.2,31.56,31.2,31.25,160285.0
2016-06-23,31.67,31.97,31.55,31.8,61444.0
2016-06-24,30.72,31.02,30.29,30.35,124890.0
2016-06-27,30.2,30.2,29.87,29.87,11324.0
2016-06-28,29.75,30.08,29.47,29.9,249387.0
2016-06-29,30.16,30.73,30.15,30.51,143173.0
2016-06-30,30.59,31.42,30.47,31.42,186945.0
2016-07-01,31.42,31.62,31.15,31.19,92392.0
2016-07-05,31.11,31.3,30.34,30.37,185167.0
2016-07-06,30.28,30.5,30.28,30.48,72843.0
2016-07-07,30.73,31.69,30.63,31.63,491965.0
2016-07-08,32.03,32.08,31.38,31.45,220340.0
2016-07-11,31.51,31.7,31.34,31.56,122611.0
2016-07-12,31.79,32.06,31.71,31.86,110509.0
2016-07-13,31.87,31.93,31.58,31.86,88647.0
2016-07-14,32.1,32.18,31.87,31.87,57306.0
2016-07-15,31.85,31.85,31.57,31.6,77197.0
2016-07-18,31.56,31.75,31.45,31.61,111977.0
2016-07-19,31.65,31.75,31.45,31.7,212715.0
2016-07-20,31.9,32.12,31.9,31.92,98884.0
2016-07-21,31.93,31.98,31.69,31.76,62660.0
2016-07-22,31.82,32.23,31.81,32.14,184078.0
2016-07-25,32.15,32.31,31.92,32.09,82292.0
2016-07-26,32.1,32.39,31.9,32.07,139040.0
2016-07-27,32.09,32.34,31.9,31.97,108436.0
2016-07-28,31.95,32.18,31.8,32.07,123677.0
2016-07-29,32.07,32.16,31.79,31.83,177155.0
2016-08-01,32.83,33.61,30.96,31.01,305273.0
2016-08-02,31.31,32.01,30.94,31.5,259685.0
2016-08-03,31.59,32.17,31.59,32.0,220970.0
2016-08-04,32.09,32.31,32.03,32.09,157228.0
2016-08-05,32.24,32.77,32.14,32.77,322827.0
2016-08-08,32.83,32.93,32.68,32.85,105654.0
2016-08-09,32.85,32.98,32.63,32.92,131854.0
2016-08-10,32.9,32.93,32.54,32.57,109830.0
2016-08-11,32.45,32.57,32.23,32.35,140582.0
2016-08-12,32.26,32.4,32.26,32.3,81601.0
2016-08-15,32.39,32.46,32.24,32.45,79560.0
2016-08-16,32.41,32.46,32.26,32.3,71868.0
2016-08-17,32.31,32.4,32.09,32.12,68726.0
2016-08-18,32.09,32.49,32.06,32.49,124932.0
2016-08-19,32.44,32.44,32.14,32.35,75246.0
2016-08-22,32.32,32.41,32.03,32.38,69165.0
2016-08-23,32.47,32.55,32.23,32.25,75777.0
2016-08-24,32.34,32.47,32.22,32.47,136554.0
2016-08-25,32.4,32.63,32.33,32.53,73478.0
2016-08-26,32.62,32.79,32.19,32.42,46166.0
2016-08-29,32.44,32.84,32.4,32.74,111948.0
2016-08-30,32.71,33.08,32.7,33.02,90151.0
2016-08-31,32.95,33.31,32.93,33.31,144105.0
2016-09-01,33.33,33.45,32.9,33.26,165167.0
2016-09-02,33.27,33.72,33.27,33.69,185305.0
2016-09-06,33.76,33.76,33.23,33.68,157386.0
2016-09-07,33.63,34.06,33.6,34.06,198164.0
2016-09-08,34.11,34.32,33.9,34.25,397820.0
2016-09-09,34.1,34.1,33.22,33.23,263888.0
2016-09-12,33.14,33.7,32.86,33.64,259826.0
2016-09-13,33.35,33.41,33.12,33.32,95213.0
2016-09-14,33.31,33.36,32.79,32.85,76032.0
2016-09-15,32.82,33.08,32.82,33.03,78324.0
2016-09-16,32.96,32.96,32.36,32.41,207503.0
2016-09-19,32.63,32.85,32.53,32.68,133606.0
2016-09-20,33.0,33.0,32.54,32.54,169595.0
2016-09-21,32.7,33.1,32.69,32.95,178372.0
2016-09-22,33.21,33.21,33.01,33.15,147027.0
2016-09-23,33.18,33.18,32.67,32.74,213509.0
2016-09-26,32.71,32.87,32.5,32.7,239012.0
2016-09-27,32.83,33.06,32.54,33.06,189799.0
2016-09-28,33.21,35.12,33.21,34.86,914510.0
2016-09-29,34.78,34.78,33.94,33.95,150220.0
2016-09-30,34.06,34.65,34.06,34.41,180577.0
2016-10-03,34.35,34.46,33.97,34.04,84085.0
2016-10-04,34.0,34.52,33.98,34.41,174700.0
2016-10-05,34.6,35.01,34.54,34.79,280710.0
2016-10-06,34.73,34.73,34.22,34.56,118250.0
2016-10-07,34.39,35.12,34.2,35.04,220214.0
2016-10-10,35.28,35.3,35.13,35.24,138736.0
2016-10-11,35.25,35.31,35.09,35.25,133139.0
2016-10-12,35.31,35.82,35.15,35.74,118567.0
2016-10-13,35.42,35.59,35.14,35.34,69420.0
2016-10-14,35.6,35.77,35.51,35.59,53106.0
2016-10-17,35.75,35.84,35.55,35.62,89951.0
2016-10-18,35.97,36.02,35.68,35.71,65033.0
2016-10-19,35.9,36.26,35.83,36.17,154914.0
2016-10-20,35.96,35.98,35.4,35.62,173876.0
2016-10-21,35.46,35.46,35.07,35.35,100015.0
2016-10-24,35.42,35.87,35.26,35.39,159673.0
2016-10-25,35.31,35.5,35.05,35.32,141010.0
2016-10-26,35.18,35.41,34.91,35.11,182343.0
2016-10-27,35.27,35.33,34.72,34.74,133740.0
2016-10-28,34.77,35.13,34.51,34.83,126937.0
2016-10-31,38.47,38.83,36.04,36.57,535464.0
2016-11-01,36.93,37.03,36.21,36.34,265931.0
2016-11-02,36.35,36.68,36.18,36.45,173209.0
2016-11-03,36.58,36.86,35.98,36.14,140049.0
2016-11-04,36.1,36.28,35.67,35.93,131192.0
2016-11-07,36.53,36.88,36.18,36.51,110634.0
2016-11-08,35.82,37.0,35.82,36.9,261643.0
2016-11-09,36.96,37.93,36.75,37.75,181659.0
2016-11-10,38.24,38.24,37.76,37.87,172322.0
2016-11-11,37.71,38.11,37.51,37.99,98791.0
2016-11-14,38.24,38.91,38.09,38.59,217882.0
2016-11-15,38.57,38.7,38.15,38.66,117546.0
2016-11-16,38.45,39.0,38.3,38.94,180985.0
2016-11-17,38.94,39.25,38.46,38.98,109244.0
2016-11-18,38.97,39.01,38.46,38.5,162292.0
2016-11-21,38.62,38.87,38.23,38.87,121622.0
2016-11-22,39.04,39.06,38.74,38.76,126823.0
2016-11-23,38.77,38.93,38.58,38.68,152495.0
2016-11-25,38.7,38.94,38.6,38.73,78950.0
2016-11-28,38.56,39.26,38.56,39.07,156585.0
2016-11-29,39.22,39.3,38.74,38.81,79228.0
2016-11-30,39.1,39.15,38.27,38.27,114625.0
2016-12-01,38.41,38.75,38.33,38.55,161870.0
2016-12-02,38.25,38.25,37.88,38.14,171536.0
2016-12-05,38.18,38.77,38.18,38.7,121570.0
2016-12-06,38.78,39.48,38.75,39.38,135612.0
2016-12-07,39.48,40.76,39.29,40.66,249481.0
2016-12-08,40.67,41.6,39.7,40.91,441622.0
2016-12-09,40.88,41.38,40.59,41.17,178856.0
2016-12-12,41.18,41.51,41.01,41.43,126054.0
2016-12-13,41.38,41.61,40.94,41.12,131369.0
2016-12-14,41.06,41.6,40.17,40.93,149706.0
2016-12-15,40.95,41.14,40.43,40.74,218122.0
2016-12-16,40.77,41.4,40.77,40.78,264240.0
2016-12-19,40.56,41.58,40.56,41.5,106588.0
2016-12-20,41.55,42.0,41.53,41.8,140057.0
2016-12-21,41.87,42.18,41.77,42.05,118368.0
2016-12-22,42.12,42.24,41.71,42.07,92020.0
2016-12-23,42.12,42.16,41.87,42.07,77139.0
2016-12-27,41.95,42.27,41.9,42.01,51008.0
2016-12-28,41.92,41.98,41.5,41.5,118713.0
2016-12-29,41.68,41.92,41.45,41.5,145235.0
2016-12-30,41.5,41.73,41.25,41.5,96599.0
2017-01-03,41.55,41.96,41.29,41.58,179952.0
2017-01-04,41.48,41.87,41.39,41.65,237964.0
2017-01-05,41.54,41.81,40.89,41.18,103663.0
2017-01-06,41.34,41.34,40.75,40.99,116957.0
2017-01-09,40.68,40.73,40.36,40.38,120072.0
2017-01-10,40.38,40.98,40.13,40.79,104203.0
2017-01-11,40.72,40.92,40.54,40.75,74684.0
2017-01-12,40.75,40.75,39.96,40.21,147107.0
2017-01-13,40.52,41.27,40.41,40.83,85132.0
2017-01-17,40.49,41.34,40.41,40.78,119467.0
2017-01-18,40.92,41.4,40.53,41.33,153249.0
2017-01-19,41.5,41.5,40.74,40.95,95676.0
2017-01-20,41.2,41.55,40.71,40.79,95838.0
2017-01-23,40.67,40.96,40.51,40.89,70104.0
2017-01-24,40.98,41.83,40.98,41.69,151666.0
2017-01-25,42.0,42.26,41.91,42.2,131473.0
2017-01-26,42.01,42.4,42.01,42.29,106434.0
2017-01-27,42.47,42.47,41.84,41.94,77184.0
2017-01-30,41.8,41.91,41.33,41.6,98069.0
2017-01-31,41.63,41.78,41.19,41.65,86791.0
2017-02-01,41.72,42.26,41.57,41.66,72870.0
2017-02-02,41.65,41.92,41.22,41.88,140378.0
2017-02-03,42.4,42.46,41.76,42.39,226666.0
2017-02-06,42.75,42.98,41.0,42.4,330980.0
2017-02-07,42.65,42.78,41.68,42.48,180269.0
2017-02-08,42.46,42.62,41.57,42.33,165111.0
2017-02-09,42.49,42.55,42.21,42.38,271363.0
2017-02-10,42.49,42.84,42.35,42.52,254093.0
2017-02-13,42.63,43.51,42.61,43.47,352890.0
2017-02-14,43.47,44.39,43.14,44.33,566762.0
2017-02-15,42.77,42.8,41.61,42.11,341179.0
2017-02-16,42.12,42.19,41.78,41.9,202454.0
2017-02-17,41.76,41.76,40.76,41.6,182701.0
2017-02-21,41.56,42.34,41.56,42.33,300770.0
2017-02-22,42.13,42.93,41.48,42.6,257024.0
2017-02-23,42.73,42.93,42.49,42.85,260503.0
2017-02-24,42.71,43.33,42.49,42.92,281285.0
2017-02-27,43.1,43.16,42.66,42.9,215662.0
2017-02-28,42.66,43.03,42.61,42.88,294636.0
2017-03-01,43.3,43.86,43.27,43.86,253784.0
2017-03-02,43.79,43.79,43.3,43.38,200439.0
2017-03-03,43.55,43.76,43.38,43.59,92538.0
2017-03-06,43.46,43.52,43.15,43.41,100934.0
2017-03-07,43.06,43.77,43.06,43.55,172785.0
2017-03-08,43.88,43.88,43.52,43.56,191237.0
2017-03-09,43.56,43.83,43.48,43.6,139494.0
2017-03-10,43.7,43.82,43.3,43.75,149397.0
2017-03-13,43.85,44.19,43.64,43.88,169089.0
2017-03-14,43.58,44.23,43.58,44.12,171675.0
2017-03-15,44.05,44.65,43.95,44.57,287034.0
2017-03-16,44.74,44.88,44.03,44.27,136928.0
2017-03-17,44.33,44.75,43.84,44.57,556326.0
2017-03-20,44.41,44.41,43.9,43.93,117234.0
2017-03-21,44.22,44.29,43.49,43.58,215877.0
2017-03-22,43.35,43.69,43.18,43.46,78630.0
2017-03-23,43.48,43.86,43.41,43.54,105102.0
2017-03-24,43.57,43.9,43.22,43.39,81284.0
2017-03-27,42.7,43.44,42.34,43.42,136893.0
2017-03-28,43.31,44.2,43.2,43.82,235800.0
2017-03-29,43.83,44.22,43.83,43.93,322692.0
2017-03-30,43.91,44.34,43.85,44.26,165144.0
2017-03-31,44.28,44.63,44.06,44.17,163842.0
2017-04-03,44.12,44.21,43.48,43.63,271424.0
2017-04-04,43.56,44.27,43.55,44.21,206102.0
2017-04-05,44.41,44.48,43.73,43.91,263169.0
2017-04-06,43.76,44.0,43.03,43.87,145774.0
2017-04-07,43.58,43.86,43.3,43.78,103865.0
2017-04-10,43.72,44.05,43.62,44.0,127555.0
2017-04-11,44.0,44.07,43.15,43.64,287869.0
2017-04-12,43.71,43.83,43.44,43.75,143903.0
2017-04-13,43.74,43.81,43.3,43.3,150777.0
2017-04-17,43.37,44.13,43.37,43.98,142686.0
2017-04-18,43.71,43.97,43.3,43.81,91227.0
2017-04-19,44.08,44.13,43.59,43.72,99346.0
2017-04-20,43.97,43.99,43.25,43.89,232483.0
2017-04-21,43.97,44.11,43.66,44.01,175508.0
2017-04-24,44.6,45.31,44.43,45.2,378742.0
2017-04-25,45.53,45.76,45.07,45.17,203701.0
2017-04-26,45.23,45.94,44.88,45.9,230197.0
2017-04-27,45.91,45.98,45.53,45.83,137153.0
2017-04-28,45.95,45.95,45.23,45.26,189805.0
2017-05-01,45.38,46.4,43.72,46.38,324946.0
2017-05-02,45.9,46.44,45.07,45.33,282124.0
2017-05-03,45.06,45.55,44.78,45.07,258608.0
2017-05-04,45.0,45.4,44.99,45.2,146011.0
2017-05-05,45.29,45.61,45.21,45.61,268602.0
2017-05-08,45.82,45.82,45.22,45.22,139753.0
2017-05-09,45.27,45.48,44.7,44.93,163927.0
2017-05-10,44.92,45.19,44.45,44.99,214694.0
2017-05-11,44.68,44.68,44.33,44.41,112999.0
2017-05-12,44.45,44.57,44.22,44.25,169672.0
2017-05-15,44.3,44.87,44.3,44.81,124256.0
2017-05-16,44.93,45.12,44.7,45.01,172592.0
2017-05-17,44.59,44.85,44.21,44.25,172072.0
2017-05-18,44.46,44.81,43.97,44.36,178977.0
2017-05-19,44.41,44.62,43.95,44.09,203977.0
2017-05-22,44.2,44.66,43.99,44.51,104695.0
2017-05-23,44.78,45.69,44.63,45.55,210073.0
2017-05-24,45.59,45.78,45.35,45.64,152842.0
2017-05-25,45.72,46.04,45.55,45.94,241728.0
2017-05-26,46.0,46.0,45.5,45.97,153369.0
2017-05-30,45.94,45.94,45.48,45.65,95158.0
2017-05-31,45.8,45.9,45.56,45.6,253024.0
2017-06-01,45.75,46.49,45.54,46.48,195917.0
2017-06-02,46.5,46.62,46.08,46.38,165943.0
2017-06-05,46.38,46.49,46.11,46.13,98061.0
2017-06-06,45.98,46.06,45.6,45.97,112157.0
2017-06-07,46.14,46.84,45.93,46.14,126104.0
2017-06-08,46.24,46.81,45.97,46.78,105561.0
2017-06-09,46.96,47.2,46.6,47.14,137901.0
2017-06-12,47.13,47.26,46.63,47.15,127289.0
2017-06-13,47.12,47.57,46.96,47.48,192486.0
2017-06-14,47.51,47.81,47.12,47.81,99990.0
2017-06-15,47.17,48.41,47.17,48.08,134873.0
2017-06-16,48.09,48.61,47.82,48.61,134265.0
2017-06-19,48.86,48.86,48.35,48.55,83112.0
2017-06-20,48.54,48.54,47.91,48.27,138570.0
2017-06-21,48.5,48.62,47.67,47.78,144997.0
2017-06-22,47.8,48.26,47.41,47.74,119963.0
2017-06-23,47.74,48.2,47.63,47.92,230550.0
2017-06-26,47.95,48.41,47.65,48.25,120150.0
2017-06-27,48.24,48.5,47.87,48.09,130249.0
2017-06-28,48.3,48.82,48.23,48.69,158845.0
2017-06-29,48.68,48.82,48.05,48.36,152405.0
2017-06-30,48.53,48.95,48.19,48.75,257455.0
2017-07-03,48.86,49.95,48.76,49.6,241232.0
2017-07-05,49.81,49.82,49.08,49.17,310596.0
2017-07-06,49.14,49.46,48.47,48.47,501742.0
2017-07-07,48.65,49.17,48.59,49.02,130464.0
2017-07-10,48.96,49.52,48.88,49.41,187885.0
2017-07-11,49.16,49.46,48.58,48.84,113383.0
2017-07-12,48.74,48.95,48.66,48.93,43234.0
2017-07-13,48.77,49.53,48.49,48.71,88545.0
2017-07-14,48.56,49.47,48.55,49.32,68506.0
2017-07-17,49.02,49.21,48.87,48.93,93129.0
2017-07-18,48.88,49.06,48.61,48.9,74789.0
2017-07-19,49.02,49.78,48.89,49.56,171567.0
2017-07-20,49.48,49.79,49.19,49.48,76210.0
2017-07-21,49.47,49.49,49.2,49.47,51078.0
2017-07-24,49.64,49.97,49.47,49.89,40066.0
2017-07-25,49.85,50.15,49.63,50.03,82807.0
2017-07-26,49.97,50.15,49.04,49.14,61974.0
2017-07-27,49.21,49.35,48.49,48.65,156795.0
2017-07-28,48.91,49.55,48.91,49.35,56283.0
2017-07-31,49.84,52.37,49.84,51.95,526887.0
2017-08-01,52.45,53.04,52.03,52.7,187697.0
2017-08-02,52.95,53.45,52.6,52.72,130979.0
2017-08-03,52.74,53.2,52.62,52.98,120892.0
2017-08-04,52.67,53.15,52.61,53.15,79249.0
2017-08-07,52.23,53.3,52.23,53.27,67055.0
2017-08-08,52.74,53.67,52.53,53.17,105642.0
2017-08-09,52.92,53.35,52.58,53.28,226648.0
2017-08-10,52.76,53.05,52.49,52.72,211947.0
2017-08-11,52.41,53.28,52.28,52.72,179666.0
2017-08-14,53.0,53.0,52.4,52.72,332125.0
2017-08-15,53.01,53.17,52.42,52.45,138141.0
2017-08-16,52.69,52.92,52.23,52.62,117429.0
2017-08-17,52.58,52.7,51.94,52.0,154744.0
2017-08-18,52.01,52.01,51.43,51.68,181556.0
2017-08-21,51.67,51.67,51.13,51.52,144765.0
2017-08-22,51.77,51.77,50.79,51.33,216832.0
2017-08-23,51.15,51.2,50.65,50.79,280069.0
2017-08-24,50.9,50.99,49.96,49.99,239197.0
2017-08-25,50.19,50.55,49.44,50.51,379780.0
2017-08-28,50.55,50.65,49.38,49.46,138975.0
2017-08-29,48.95,49.25,48.42,49.17,325101.0
2017-08-30,49.16,49.73,48.99,49.2,255877.0
2017-08-31,49.48,49.53,49.04,49.06,248303.0
2017-09-01,49.29,49.57,48.99,49.0,419232.0
2017-09-05,48.69,48.69,47.2,47.6,414694.0
2017-09-06,47.63,48.03,47.26,47.62,316768.0
2017-09-07,47.38,47.53,46.2,46.27,224603.0
2017-09-08,46.2,47.77,46.09,47.42,304516.0
2017-09-11,48.02,48.89,48.02,48.52,266834.0
2017-09-12,48.73,49.19,48.72,49.09,185589.0
2017-09-13,49.1,49.1,48.45,48.82,118425.0
2017-09-14,48.82,48.83,48.19,48.5,97032.0
2017-09-15,48.47,49.08,48.34,48.38,292052.0
2017-09-18,48.51,48.86,48.34,48.64,189048.0
2017-09-19,48.73,49.28,48.73,48.96,263006.0
2017-09-20,49.12,49.81,48.96,49.62,250585.0
2017-09-21,49.63,49.89,49.12,49.21,214852.0
2017-09-22,49.19,49.36,49.13,49.32,135313.0
2017-09-25,49.13,49.81,49.04,49.52,124581.0
2017-09-26,49.6,49.6,48.58,48.7,302384.0
2017-09-27,49.15,49.75,49.15,49.47,273379.0
2017-09-28,49.42,50.03,49.34,50.0,276869.0
2017-09-29,50.01,50.32,49.69,50.25,278259.0
2017-10-02,50.41,50.7,49.74,50.67,145892.0
2017-10-03,50.71,50.71,50.1,50.66,151218.0
2017-10-04,50.63,51.0,50.3,50.67,194851.0
2017-10-05,50.81,51.0,50.61,50.75,134693.0
2017-10-06,50.72,51.0,50.48,50.48,144266.0
2017-10-09,50.68,50.83,50.43,50.51,160649.0
2017-10-10,50.44,50.72,50.32,50.65,136359.0
2017-10-11,50.36,50.51,50.09,50.32,105238.0
2017-10-12,50.26,50.63,49.97,50.27,194055.0
2017-10-13,50.36,51.14,49.98,50.69,232861.0
2017-10-16,50.73,50.89,50.43,50.63,104648.0
2017-10-17,50.48,50.76,49.82,49.99,142485.0
2017-10-18,50.07,50.49,49.91,50.38,173946.0
2017-10-19,50.15,51.06,49.65,51.04,124181.0
2017-10-20,51.4,51.4,50.46,50.49,144541.0
2017-10-23,50.68,50.81,50.13,50.35,105848.0
2017-10-24,50.36,50.7,50.3,50.54,185601.0
2017-10-25,50.76,50.76,50.26,50.34,208830.0
2017-10-26,50.52,50.96,50.5,50.65,129221.0
2017-10-27,50.82,50.82,50.19,50.79,207800.0
2017-10-30,50.65,54.35,50.65,53.56,795766.0
2017-10-31,54.01,54.74,53.81,54.13,474936.0
2017-11-01,54.39,55.22,54.31,54.46,348232.0
2017-11-02,54.65,55.04,53.89,54.48,264568.0
2017-11-03,54.42,55.33,54.4,54.98,214812.0
2017-11-06,54.99,55.08,54.66,54.92,159179.0
2017-11-07,55.13,55.62,54.69,54.77,232087.0
2017-11-08,55.0,55.0,54.05,54.09,307494.0
2017-11-09,54.02,54.61,53.95,54.53,231478.0
2017-11-10,54.29,54.51,53.8,54.29,124561.0
2017-11-13,54.34,54.62,54.0,54.42,244995.0
2017-11-14,54.11,54.77,53.55,54.67,203400.0
2017-11-15,54.57,55.08,54.14,54.56,188696.0
2017-11-16,54.8,54.8,53.97,54.23,173686.0
2017-11-17,54.18,54.18,53.55,53.61,249235.0
2017-11-20,53.58,53.61,53.2,53.57,245519.0
2017-11-21,53.77,53.97,53.35,53.49,169517.0
2017-11-22,53.55,53.72,53.05,53.37,196086.0
2017-11-24,53.44,53.62,52.78,53.35,91121.0
2017-11-27,53.19,53.53,53.06,53.49,149521.0
2017-11-28,53.58,54.08,53.28,54.0,226631.0
2017-11-29,54.25,54.95,54.22,54.5,140998.0
2017-11-30,54.72,54.9,53.85,54.38,149934.0
2017-12-01,54.36,54.46,53.03,54.39,173429.0
2017-12-04,54.8,54.83,54.25,54.4,149955.0
2017-12-05,54.43,54.43,53.76,53.92,118348.0
2017-12-06,53.97,54.3,53.75,53.9,88277.0
2017-12-07,53.77,53.91,53.41,53.67,106809.0
2017-12-08,53.71,53.71,53.37,53.51,93379.0
2017-12-11,53.52,53.54,53.1,53.27,184893.0
2017-12-12,53.49,53.62,53.16,53.25,273341.0
2017-12-13,53.37,53.56,52.88,52.94,214213.0
2017-12-14,53.1,53.1,52.08,52.12,194579.0
2017-12-15,52.11,53.34,52.09,53.06,523169.0
2017-12-18,53.29,53.53,52.55,52.67,163165.0
2017-12-19,52.96,52.96,52.45,52.59,169901.0
2017-12-20,52.87,52.93,52.44,52.49,131415.0
2017-12-21,52.68,52.94,52.35,52.36,127399.0
2017-12-22,52.4,52.4,51.98,52.16,163439.0
2017-12-26,52.31,52.85,52.31,52.5,111109.0
2017-12-27,52.52,52.88,52.37,52.77,94518.0
2017-12-28,52.85,54.41,52.8,52.93,244818.0
2017-12-29,53.0,53.41,53.0,53.05,211497.0
2018-01-02,53.31,53.38,52.27,52.42,196637.0
2018-01-03,52.43,52.94,52.32,52.67,182815.0
2018-01-04,52.81,53.63,52.81,53.04,152285.0
2018-01-05,53.37,53.37,52.89,53.05,101999.0
2018-01-08,53.08,53.45,52.56,52.76,251517.0
2018-01-09,52.77,53.51,52.77,52.99,229672.0
2018-01-10,52.85,53.09,52.6,52.73,221109.0
2018-01-11,52.75,53.17,52.36,53.06,100489.0
2018-01-12,53.02,54.05,52.58,53.74,292701.0
2018-01-16,53.95,53.95,52.63,52.87,284682.0
2018-01-17,53.09,53.64,53.05,53.49,218280.0
2018-01-18,53.55,54.22,53.33,53.89,240717.0
2018-01-19,54.0,54.28,53.71,53.96,128060.0
2018-01-22,53.78,54.58,53.78,54.4,163528.0
2018-01-23,54.72,55.39,54.47,54.96,169538.0
2018-01-24,55.14,55.27,54.3,54.72,226844.0
2018-01-25,54.81,54.91,54.29,54.79,202002.0
2018-01-26,54.84,55.13,54.57,55.08,87042.0
2018-01-29,55.06,55.17,54.4,54.4,106283.0
2018-01-30,54.22,54.92,54.15,54.29,188231.0
2018-01-31,54.39,55.13,53.96,54.16,168592.0
2018-02-01,54.12,54.37,53.68,54.1,185557.0
2018-02-02,54.15,54.87,53.13,53.2,320911.0
2018-02-05,52.74,52.75,50.15,50.25,357027.0
2018-02-06,49.54,50.47,48.55,50.06,400039.0
2018-02-07,49.97,50.43,49.75,50.16,354359.0
2018-02-08,50.26,50.26,48.45,48.45,318783.0
2018-02-09,48.92,49.69,48.27,49.2,392994.0
2018-02-12,52.5,53.3,50.26,51.54,768801.0
2018-02-13,51.25,52.32,50.61,52.11,410276.0
2018-02-14,51.81,52.5,51.71,52.24,375725.0
2018-02-15,52.61,53.47,52.46,53.34,383045.0
2018-02-16,53.17,54.07,53.06,53.6,168339.0
2018-02-20,53.36,53.59,52.51,53.27,349741.0
2018-02-21,53.4,54.7,53.39,53.54,347818.0
2018-02-22,53.62,54.21,52.58,52.79,366188.0
2018-02-23,50.74,51.22,50.58,51.16,333506.0
2018-02-26,51.42,52.26,51.26,52.05,183074.0
2018-02-27,52.13,52.34,51.61,51.65,243472.0
2018-02-28,51.78,51.98,51.03,51.06,263025.0
2018-03-01,51.04,51.33,50.03,50.1,269573.0
2018-03-02,49.83,50.28,49.24,50.2,233135.0
2018-03-05,50.15,51.8,50.15,51.47,238027.0
2018-03-06,51.6,52.13,51.02,51.93,234696.0
2018-03-07,51.52,52.61,51.52,52.39,244877.0
2018-03-08,52.54,52.92,52.2,52.74,195027.0
2018-03-09,53.11,53.76,52.59,53.58,206343.0
2018-03-12,53.49,53.57,52.19,53.11,195259.0
2018-03-13,53.33,53.39,52.64,52.72,156021.0
2018-03-14,53.14,53.14,52.25,52.32,295346.0
2018-03-15,52.47,52.69,51.9,52.17,366516.0
2018-03-16,52.12,52.49,51.76,51.95,473882.0
2018-03-19,51.8,52.15,51.57,51.91,208641.0
2018-03-20,52.12,52.52,52.03,52.16,263645.0
2018-03-21,52.19,52.42,51.73,51.9,190440.0
2018-03-22,51.48,51.6,50.25,50.31,231991.0
2018-03-23,50.52,50.64,49.22,49.28,145132.0
2018-03-26,49.61,50.14,49.4,50.06,211261.0
2018-03-27,50.14,50.29,48.88,49.15,185149.0
2018-03-28,49.07,50.2,49.07,49.83,248748.0
2018-03-29,50.06,50.06,49.35,49.35,277931.0
2018-04-02,49.35,49.74,47.72,48.41,156659.0
2018-04-03,48.52,48.98,48.2,48.7,333200.0
2018-04-04,48.07,49.32,47.95,49.2,266861.0
2018-04-05,49.4,49.93,49.4,49.57,221037.0
2018-04-06,49.14,49.54,48.22,48.45,417465.0
2018-04-09,48.68,49.46,48.41,48.64,157454.0
2018-04-10,49.2,49.57,48.92,49.09,149570.0
2018-04-11,48.93,49.12,48.55,48.66,146711.0
2018-04-12,49.01,49.2,48.64,49.02,125069.0
2018-04-13,49.32,49.32,48.71,48.8,83540.0
2018-04-16,49.07,49.65,48.98,49.49,141411.0
2018-04-17,49.5,49.79,49.02,49.08,254849.0
2018-04-18,49.15,49.42,48.9,49.11,173336.0
2018-04-19,48.97,49.87,48.97,49.73,196821.0
2018-04-20,49.83,50.31,49.74,49.92,174923.0
2018-04-23,49.92,50.29,49.62,49.91,93757.0
2018-04-24,49.79,50.07,49.3,49.57,106576.0
2018-04-25,49.54,49.68,48.91,49.16,166950.0
2018-04-26,49.2,49.35,48.54,49.14,118951.0
2018-04-27,49.17,49.46,48.91,49.26,189600.0
2018-04-30,51.46,51.46,50.37,50.46,422589.0
2018-05-01,50.7,50.7,49.9,50.47,242140.0
2018-05-02,50.39,50.53,48.06,48.88,496378.0
2018-05-03,48.42,48.65,47.22,48.43,417642.0
2018-05-04,48.27,48.99,48.24,48.83,210103.0
2018-05-07,48.85,49.29,48.69,49.02,171487.0
2018-05-08,48.84,49.03,48.59,48.64,244160.0
2018-05-09,48.69,49.0,48.4,48.64,252039.0
2018-05-10,48.58,48.94,48.39,48.79,223896.0
2018-05-11,48.45,49.17,48.3,48.62,188183.0
2018-05-14,48.73,48.93,48.34,48.37,418929.0
2018-05-15,48.28,49.22,48.28,49.05,328082.0
2018-05-16,49.0,49.72,49.0,49.62,167377.0
2018-05-17,49.4,49.5,48.86,49.3,185357.0
2018-05-18,49.2,49.43,49.05,49.27,145279.0
2018-05-21,49.54,49.76,49.23,49.27,105262.0
2018-05-22,49.28,49.42,49.01,49.06,122384.0
2018-05-23,48.88,48.96,48.3,48.47,129937.0
2018-05-24,48.49,48.49,47.72,48.23,454323.0
2018-05-25,48.11,48.53,48.0,48.43,128213.0
2018-05-29,48.3,48.3,46.85,47.04,244477.0
2018-05-30,47.33,47.96,47.28,47.69,180255.0
2018-05-31,47.6,47.61,46.76,46.98,299692.0
2018-06-01,47.14,47.66,46.98,47.22,181920.0
2018-06-04,47.38,47.86,47.38,47.59,162738.0
2018-06-05,47.56,47.68,47.22,47.58,165835.0
2018-06-06,47.71,47.96,47.3,47.91,136048.0
2018-06-07,48.01,48.44,47.77,48.35,162225.0
2018-06-08,48.29,48.71,48.29,48.51,130457.0
2018-06-11,48.58,48.66,47.93,48.09,248131.0
2018-06-12,48.2,48.2,47.81,47.99,160409.0
2018-06-13,47.98,48.24,47.79,47.94,127439.0
2018-06-14,47.95,47.95,47.23,47.41,161436.0
2018-06-15,47.22,47.66,46.89,47.65,187866.0
2018-06-18,47.29,47.65,47.16,47.55,141480.0
2018-06-19,47.2,47.92,47.2,47.77,161531.0
2018-06-20,47.77,47.9,46.24,46.29,267334.0
2018-06-21,46.02,46.21,45.75,45.8,188779.0
2018-06-22,45.89,46.19,45.74,46.01,254255.0
2018-06-25,45.88,46.07,45.46,45.75,191148.0
2018-06-26,45.82,45.87,45.36,45.5,123583.0
2018-06-27,45.47,45.79,45.1,45.21,242651.0
2018-06-28,45.12,45.8,45.12,45.66,105890.0
2018-06-29,45.91,46.3,45.58,45.68,133316.0
2018-07-02,45.46,45.64,45.21,45.61,129831.0
2018-07-03,45.69,46.25,45.69,46.15,202349.0
2018-07-05,46.47,46.57,45.85,45.97,395066.0
2018-07-06,45.92,46.64,45.86,46.46,266682.0
2018-07-09,46.72,47.51,46.72,47.41,238813.0
2018-07-10,47.48,47.79,47.37,47.72,157554.0
2018-07-11,47.45,47.59,47.01,47.32,159705.0
2018-07-12,47.41,47.41,46.87,47.16,109865.0
2018-07-13,46.92,47.31,46.81,47.1,119215.0
2018-07-16,47.17,47.87,47.11,47.8,133993.0
2018-07-17,47.94,48.44,47.9,48.03,229375.0
2018-07-18,48.05,48.51,47.85,48.33,80590.0
2018-07-19,48.08,48.24,47.33,47.59,227921.0
2018-07-20,47.45,47.89,47.28,47.82,284536.0
2018-07-23,47.81,48.23,47.35,47.8,95208.0
2018-07-24,47.9,48.1,47.73,47.83,109425.0
2018-07-25,47.81,47.89,47.13,47.82,202739.0
2018-07-26,47.85,48.51,47.85,48.42,134689.0
2018-07-27,48.41,48.99,48.26,48.61,227333.0
2018-07-30,47.54,48.4,46.0,46.66,684877.0
2018-07-31,46.71,46.93,46.13,46.78,398718.0
2018-08-01,46.8,47.64,46.31,47.56,273371.0
2018-08-02,47.19,47.24,45.53,45.76,562939.0
2018-08-03,45.61,46.49,45.39,46.31,503081.0
2018-08-06,46.2,46.52,45.98,46.34,281895.0
2018-08-07,46.45,46.52,45.73,45.79,184139.0
2018-08-08,45.8,46.48,45.45,46.36,543540.0
2018-08-09,46.41,46.66,45.86,45.98,170732.0
2018-08-10,45.35,45.35,44.78,45.1,185051.0
2018-08-13,44.98,45.34,44.72,44.93,135217.0
2018-08-14,44.91,45.18,44.73,44.74,288520.0
2018-08-15,44.55,45.3,44.27,45.14,462475.0
2018-08-16,45.4,45.63,45.11,45.25,225258.0
2018-08-17,45.17,45.78,45.1,45.58,159914.0
2018-08-20,45.64,45.99,45.44,45.56,170001.0
2018-08-21,45.53,45.93,45.53,45.68,106702.0
2018-08-22,45.6,45.68,45.11,45.15,169952.0
2018-08-23,45.06,45.06,44.31,44.41,233975.0
2018-08-24,44.45,44.84,44.31,44.66,423844.0
2018-08-27,44.87,45.65,44.87,45.42,130399.0
2018-08-28,45.55,45.68,45.02,45.1,155186.0
2018-08-29,45.1,45.26,44.6,45.09,308815.0
2018-08-30,44.97,45.08,44.65,44.94,303052.0
2018-08-31,45.0,45.04,44.76,44.9,243096.0
2018-09-04,44.85,45.32,44.57,45.21,165944.0
2018-09-05,45.17,45.64,45.17,45.35,114543.0
2018-09-06,45.32,45.54,45.08,45.11,151796.0
2018-09-07,44.97,45.09,44.7,44.92,112589.0
2018-09-10,45.13,45.23,44.85,45.03,177401.0
2018-09-11,44.83,45.18,44.73,45.09,111126.0
2018-09-12,45.05,45.42,44.91,45.03,169078.0
2018-09-13,45.01,45.57,45.01,45.28,158719.0
2018-09-14,45.26,46.06,45.26,45.97,119474.0
2018-09-17,46.0,46.1,45.6,46.1,256312.0
2018-09-18,46.04,46.43,45.94,46.15,295587.0
2018-09-19,46.15,47.3,46.1,47.01,294746.0
2018-09-20,47.27,47.84,47.14,47.6,161817.0
2018-09-21,47.71,47.75,47.33,47.62,331421.0
2018-09-24,47.62,47.67,46.53,46.53,252458.0
2018-09-25,46.66,46.79,46.25,46.28,122572.0
2018-09-26,46.34,46.64,45.58,45.6,196888.0
2018-09-27,45.66,46.05,45.18,45.54,172256.0
2018-09-28,45.4,45.77,45.17,45.65,144645.0
2018-10-01,45.85,45.98,45.14,45.37,262862.0
2018-10-02,45.37,45.56,45.16,45.41,152039.0
2018-10-03,45.56,45.82,45.32,45.59,157351.0
2018-10-04,45.6,46.0,45.6,45.8,174622.0
2018-10-05,45.92,45.94,45.13,45.56,527521.0
2018-10-08,45.46,46.61,45.46,46.22,269035.0
2018-10-09,46.1,46.38,45.63,46.21,182669.0
2018-10-10,46.01,46.47,45.08,45.11,221740.0
2018-10-11,45.13,45.15,43.43,43.46,361291.0
2018-10-12,44.11,44.36,43.06,43.7,374384.0
2018-10-15,43.74,44.41,43.68,43.76,299004.0
2018-10-16,44.11,44.19,43.4,44.14,159592.0
2018-10-17,44.14,44.99,43.82,44.5,125826.0
2018-10-18,44.44,44.76,43.79,43.94,81266.0
2018-10-19,43.76,44.57,43.76,44.15,147148.0
2018-10-22,44.27,44.5,43.6,43.74,136801.0
2018-10-23,43.03,43.69,43.03,43.38,137684.0
2018-10-24,43.26,43.28,42.17,42.26,259938.0
2018-10-25,42.53,43.21,42.46,42.8,237706.0
2018-10-26,42.47,42.86,41.92,42.44,288686.0
2018-10-29,42.88,43.4,42.26,42.57,137112.0
2018-10-30,42.74,43.31,42.36,43.21,146102.0
2018-10-31,43.55,43.88,43.34,43.37,234645.0
2018-11-01,43.42,44.04,43.3,43.77,257531.0
2018-11-02,44.1,44.37,43.22,43.76,328054.0
2018-11-05,45.91,48.8,45.91,47.48,773621.0
2018-11-06,47.41,47.75,46.82,47.19,269079.0
2018-11-07,47.27,47.95,46.67,47.77,292895.0
2018-11-08,47.7,48.21,47.54,47.97,272174.0
2018-11-09,47.78,48.87,47.78,48.27,314108.0
2018-11-12,48.07,48.4,47.62,47.69,195734.0
2018-11-13,47.63,48.37,47.55,47.91,168921.0
2018-11-14,47.98,48.21,46.48,46.7,192695.0
2018-11-15,46.32,47.3,46.08,47.1,167963.0
2018-11-16,46.56,47.07,46.47,47.06,248019.0
2018-11-19,46.9,47.45,46.9,47.38,110114.0
2018-11-20,46.74,47.2,46.3,46.6,346716.0
2018-11-21,46.64,46.84,46.13,46.18,216169.0
2018-11-23,46.03,46.79,45.79,46.42,64214.0
2018-11-26,46.92,47.34,46.57,47.01,131554.0
2018-11-27,46.78,46.89,45.9,46.28,138870.0
2018-11-28,46.46,47.66,46.46,47.62,226606.0
2018-11-29,47.5,47.83,46.98,47.2,129450.0
2018-11-30,46.95,47.24,46.62,46.92,274586.0
2018-12-03,47.25,47.52,46.44,47.05,188324.0
2018-12-04,46.96,47.0,45.69,45.7,128778.0
2018-12-06,45.05,45.2,44.1,45.07,152178.0
2018-12-07,45.04,45.67,44.21,44.54,159164.0
2018-12-10,44.36,44.54,43.45,44.18,121117.0
2018-12-11,44.54,44.85,43.5,43.64,102898.0
2018-12-12,44.23,44.23,43.5,43.5,127022.0
2018-12-13,43.41,44.26,43.41,44.22,339393.0
2018-12-14,43.71,44.11,43.69,43.89,149069.0
2018-12-17,43.6,44.74,43.53,43.89,241104.0
2018-12-18,44.01,44.64,43.67,43.74,180899.0
2018-12-19,43.65,44.93,43.65,43.95,264641.0
2018-12-20,43.52,44.07,43.25,43.37,177040.0
2018-12-21,43.44,44.51,43.17,43.18,299384.0
2018-12-24,42.9,42.96,42.01,42.04,74486.0
2018-12-26,42.08,43.92,41.49,43.83,244723.0
2018-12-27,43.2,44.06,42.65,44.06,151255.0
2018-12-28,44.41,44.52,43.83,44.09,166656.0
2018-12-31,44.25,44.36,43.77,44.15,194028.0
2019-01-02,43.51,43.9,43.23,43.64,444884.0
2019-01-03,43.4,44.12,43.4,43.59,188822.0
2019-01-04,44.11,45.1,44.11,44.81,450167.0
2019-01-07,44.81,44.91,44.19,44.24,194361.0
2019-01-08,44.53,44.91,43.6,43.94,214975.0
2019-01-09,44.3,44.94,44.19,44.23,313315.0
2019-01-10,44.13,44.91,44.13,44.86,270756.0
2019-01-11,44.54,45.04,44.32,44.7,140646.0
2019-01-14,44.38,44.85,44.38,44.79,119087.0
2019-01-15,45.0,45.25,44.7,45.24,154554.0
2019-01-16,45.21,45.46,44.83,45.34,154171.0
2019-01-17,45.25,45.85,45.12,45.83,307520.0
2019-01-18,46.04,46.21,45.68,45.95,284252.0
2019-01-22,45.72,45.92,44.98,45.29,374068.0
2019-01-23,45.63,45.92,45.12,45.43,398322.0
2019-01-24,45.41,45.73,45.15,45.23,169732.0
2019-01-25,45.42,45.73,44.95,45.04,156851.0
2019-01-28,44.78,45.04,44.36,44.9,208628.0
2019-01-29,44.76,45.12,44.67,44.92,139710.0
2019-01-30,45.08,45.7,44.61,45.31,120651.0
2019-01-31,45.23,45.99,45.1,45.86,285526.0
2019-02-01,46.04,46.35,45.83,46.34,352580.0
2019-02-04,46.13,46.18,45.62,46.13,207582.0
2019-02-05,46.06,46.29,45.76,46.25,180307.0
2019-02-06,46.11,46.49,46.11,46.41,213398.0
2019-02-07,46.17,46.61,45.92,46.6,192445.0
2019-02-08,46.38,46.73,45.98,46.53,219600.0
2019-02-11,43.98,44.52,42.37,42.91,1357803.0
2019-02-12,43.17,44.04,42.96,43.21,481258.0
2019-02-13,43.16,44.04,43.16,43.79,354988.0
2019-02-14,43.75,44.11,43.47,43.83,384430.0
2019-02-15,44.2,44.64,44.19,44.53,260128.0
2019-02-19,44.45,45.54,44.45,45.27,453558.0
2019-02-20,45.2,45.83,44.86,45.66,436628.0
2019-02-21,45.7,46.01,45.41,45.9,586971.0
2019-02-22,43.6,43.61,42.73,43.24,326663.0
2019-02-25,43.26,43.63,43.18,43.2,297159.0
2019-02-26,43.05,43.5,43.02,43.1,180195.0
2019-02-27,42.98,43.33,42.92,43.06,209188.0
2019-02-28,43.15,43.33,43.04,43.22,209318.0
2019-03-01,43.53,43.7,43.21,43.46,248511.0
2019-03-04,43.59,43.8,43.13,43.53,160084.0
2019-03-05,43.56,43.62,42.95,43.16,212112.0
2019-03-06,43.13,43.35,42.98,42.99,122801.0
2019-03-07,42.95,43.01,42.57,42.79,306037.0
2019-03-08,42.5,43.18,42.5,43.08,407274.0
2019-03-11,43.22,43.34,42.8,43.33,461369.0
2019-03-12,43.37,43.48,43.22,43.3,170294.0
2019-03-13,43.44,43.45,43.15,43.24,263686.0
2019-03-14,43.26,43.44,43.15,43.28,343942.0
2019-03-15,43.35,44.12,43.35,43.56,744142.0
2019-03-18,43.56,44.34,43.56,44.05,382018.0
2019-03-19,44.21,44.46,43.59,43.65,308610.0
2019-03-20,43.5,43.81,43.02,43.03,436322.0
2019-03-21,42.89,43.54,42.75,43.33,161611.0
2019-03-22,43.11,43.16,42.68,42.77,321934.0
2019-03-25,42.76,43.16,42.28,42.35,215593.0
2019-03-26,42.5,42.86,42.29,42.7,166061.0
2019-03-27,42.66,43.16,42.51,43.0,243777.0
2019-03-28,43.0,43.25,42.66,43.19,242195.0
2019-03-29,43.47,43.51,43.05,43.35,180932.0
2019-04-01,43.59,44.06,43.53,44.05,214079.0
2019-04-02,44.02,44.02,43.1,43.42,427198.0
2019-04-03,43.56,43.85,43.4,43.59,378708.0
2019-04-04,43.67,44.05,43.63,43.79,120079.0
2019-04-05,43.98,44.1,43.76,43.86,201576.0
2019-04-08,43.84,43.9,43.57,43.6,148030.0
2019-04-09,43.46,43.59,43.19,43.29,168481.0
2019-04-10,43.25,43.92,43.24,43.77,131120.0
2019-04-11,43.87,44.37,43.83,44.31,139870.0
2019-04-12,44.5,44.75,44.29,44.36,115290.0
2019-04-15,44.35,44.47,44.22,44.32,107210.0
2019-04-16,44.51,44.92,44.51,44.9,139530.0
2019-04-17,44.92,44.92,44.36,44.49,142786.0
2019-04-18,44.6,44.86,44.46,44.5,93562.0
2019-04-22,44.24,44.42,44.0,44.34,121654.0
2019-04-23,44.38,44.46,44.03,44.38,293670.0
2019-04-24,44.38,44.62,44.24,44.44,178450.0
2019-04-25,44.35,44.96,44.02,44.76,206556.0
2019-04-26,44.69,45.39,44.64,45.32,174109.0
2019-04-29,46.0,46.11,45.03,45.92,463610.0
2019-04-30,45.96,46.39,45.4,46.33,303882.0
2019-05-01,46.27,46.4,45.6,45.64,220737.0
2019-05-02,45.5,46.0,45.38,45.61,127113.0
2019-05-03,45.58,45.91,45.45,45.78,146429.0
2019-05-06,45.32,45.75,45.01,45.72,174423.0
2019-05-07,45.49,45.67,44.91,44.99,170010.0
2019-05-08,45.05,45.6,44.9,45.26,228386.0
2019-05-09,45.04,45.69,44.87,45.55,293541.0
2019-05-10,44.97,45.9,44.88,45.89,223752.0
2019-05-13,45.27,45.49,44.65,44.9,180764.0
2019-05-14,44.83,45.4,44.81,44.99,407193.0
2019-05-15,44.74,45.5,44.74,45.34,122088.0
2019-05-16,45.51,46.11,45.51,46.1,216807.0
2019-05-17,45.81,46.47,45.81,46.0,227270.0
2019-05-20,45.87,46.51,45.87,46.02,137783.0
2019-05-21,46.21,46.53,46.21,46.35,80782.0
2019-05-22,46.17,46.4,46.04,46.13,113093.0
2019-05-23,45.88,45.88,45.29,45.61,98769.0
2019-05-24,45.7,45.91,45.38,45.74,87618.0
2019-05-28,45.72,45.77,45.28,45.28,106946.0
2019-05-29,45.04,45.18,44.74,45.06,162628.0
2019-05-30,45.27,45.6,44.81,44.96,264612.0
2019-05-31,44.76,45.15,44.63,44.96,221044.0
2019-06-03,44.82,45.47,44.79,45.47,109686.0
2019-06-04,45.84,45.99,45.27,45.68,243897.0
2019-06-05,45.72,46.08,45.64,45.93,201466.0
2019-06-06,45.98,46.17,45.88,45.98,345418.0
2019-06-07,46.11,46.41,45.66,46.14,236641.0
2019-06-10,46.18,46.28,45.87,46.17,302348.0
2019-06-11,46.43,46.81,46.17,46.76,261442.0
2019-06-12,46.73,47.34,46.66,47.02,322238.0
2019-06-13,47.21,47.39,47.0,47.28,208552.0
2019-06-14,47.21,47.91,46.79,47.67,213053.0
2019-06-17,47.62,47.78,47.02,47.04,187759.0
2019-06-18,47.19,47.55,47.17,47.29,225415.0
2019-06-19,47.39,47.77,47.25,47.28,250797.0
2019-06-20,47.48,47.71,47.11,47.69,119763.0
2019-06-21,47.59,47.75,47.17,47.18,203180.0
2019-06-24,47.04,47.55,47.04,47.18,83266.0
2019-06-25,47.13,47.69,47.11,47.36,74931.0
2019-06-26,47.3,47.68,46.29,46.29,220014.0
2019-06-27,46.31,46.64,46.24,46.34,252713.0
2019-06-28,46.59,47.07,46.48,47.07,324877.0
2019-07-01,47.46,47.48,46.87,47.13,145131.0
2019-07-02,47.17,47.57,46.9,47.4,304726.0
2019-07-03,47.63,48.41,47.42,48.41,248401.0
2019-07-05,48.31,48.31,47.75,47.96,89987.0
2019-07-08,47.88,48.09,47.83,47.98,128827.0
2019-07-09,47.9,48.18,47.73,48.18,103074.0
2019-07-10,48.29,48.41,48.11,48.3,153092.0
2019-07-11,48.26,48.26,47.87,48.13,118712.0
2019-07-12,48.16,48.5,48.04,48.49,163048.0
2019-07-15,48.5,48.5,48.07,48.37,97395.0
2019-07-16,48.2,48.46,48.08,48.12,86103.0
2019-07-17,47.94,48.06,47.51,47.59,95614.0
2019-07-18,47.55,48.0,47.55,47.92,102506.0
2019-07-19,48.03,48.03,47.55,47.6,101334.0
2019-07-22,47.6,47.82,47.33,47.64,100585.0
2019-07-23,47.62,47.93,47.41,47.78,241659.0
2019-07-24,47.92,48.36,47.66,48.34,129799.0
2019-07-25,48.34,48.39,47.97,48.05,79607.0
2019-07-26,48.16,48.63,47.88,48.57,102552.0
2019-07-29,48.57,48.68,47.85,47.95,126362.0
2019-07-30,47.73,48.11,47.73,47.92,74379.0
2019-07-31,47.89,48.19,47.52,47.89,211252.0
2019-08-01,47.68,48.02,46.98,47.15,203498.0
2019-08-02,47.04,47.28,46.83,47.08,156693.0
2019-08-05,48.57,48.57,45.84,46.31,309770.0
2019-08-06,46.55,47.44,46.5,47.33,274950.0
2019-08-07,47.53,47.53,47.53,47.53,1690.0
2019-08-08,47.53,48.51,47.15,48.47,187344.0
2019-08-09,48.15,48.47,47.99,48.2,118776.0
2019-08-12,47.91,48.21,47.15,47.42,110347.0
2019-08-13,47.36,48.17,47.07,48.08,251320.0
2019-08-14,47.56,47.57,46.32,46.37,228804.0
2019-08-15,46.47,46.84,46.09,46.44,363936.0
2019-08-16,46.36,47.38,46.3,47.16,253478.0
2019-08-19,47.76,47.76,47.22,47.63,164283.0
2019-08-20,47.59,47.59,46.8,46.83,154208.0
2019-08-21,47.09,47.24,46.84,47.0,121083.0
2019-08-22,47.22,47.78,46.71,47.22,77788.0
2019-08-23,46.83,47.44,45.97,46.0,188941.0
2019-08-26,46.22,46.48,46.11,46.45,146278.0
2019-08-27,46.7,47.11,46.31,46.35,161955.0
2019-08-28,46.33,46.65,46.14,46.39,125807.0
2019-08-29,46.8,47.01,46.59,46.69,122763.0
2019-08-30,46.93,47.23,46.62,47.13,134348.0
2019-09-03,46.91,47.1,46.57,46.84,93688.0
2019-09-04,47.34,47.55,47.02,47.46,79523.0
2019-09-05,47.87,48.09,47.46,47.84,81595.0
2019-09-06,47.72,48.17,47.72,47.95,75736.0
2019-09-09,48.17,48.17,47.46,47.92,105207.0
2019-09-10,48.08,48.09,47.27,48.09,190227.0
2019-09-11,48.21,48.65,47.94,48.55,311117.0
2019-09-12,48.64,49.26,48.37,48.95,171188.0
2019-09-13,49.08,49.36,48.86,49.23,236442.0
2019-09-16,49.12,49.68,48.82,49.53,255031.0
2019-09-17,49.54,49.7,49.39,49.63,84330.0
2019-09-18,49.52,49.69,49.27,49.57,77650.0
2019-09-19,49.5,49.73,49.31,49.45,64000.0
2019-09-20,49.5,49.69,49.09,49.19,169705.0
2019-09-23,48.9,49.98,48.9,49.89,149186.0
2019-09-24,49.83,50.47,49.62,49.74,172336.0
2019-09-25,49.76,49.76,48.97,49.11,226448.0
2019-09-26,48.97,49.31,48.91,49.02,107609.0
2019-09-27,49.14,49.23,48.65,48.92,98890.0
2019-09-30,49.04,49.28,48.82,49.25,135983.0
2019-10-01,49.29,49.42,48.29,48.33,166638.0
2019-10-02,48.02,48.02,47.11,47.28,153506.0
2019-10-03,47.35,47.59,46.99,47.29,93542.0
2019-10-04,47.27,48.39,47.27,48.3,115940.0
2019-10-07,48.16,48.58,48.03,48.2,99707.0
2019-10-08,47.8,47.8,47.06,47.08,146108.0
2019-10-09,47.35,47.59,46.83,47.23,111167.0
2019-10-10,47.18,47.67,46.99,47.16,228800.0
2019-10-11,47.75,47.89,47.3,47.41,152833.0
2019-10-14,47.19,47.42,47.17,47.21,77003.0
2019-10-15,47.25,47.47,47.16,47.18,96014.0
2019-10-16,47.01,47.01,46.61,46.88,88170.0
2019-10-17,47.01,47.27,46.63,46.9,98946.0
2019-10-18,46.86,47.07,46.78,46.96,82573.0
2019-10-21,47.25,47.65,46.88,47.62,149116.0
2019-10-22,47.46,47.46,45.88,45.95,239856.0
2019-10-23,46.03,46.27,45.39,45.77,370535.0
2019-10-24,45.93,46.09,44.99,45.11,175306.0
2019-10-25,45.25,45.49,45.11,45.39,198490.0
2019-10-28,43.0,45.0,42.31,44.13,588192.0
2019-10-29,44.0,44.72,43.85,44.72,406227.0
2019-10-30,44.68,44.87,44.17,44.61,313429.0
2019-10-31,44.51,44.93,44.08,44.84,316022.0
2019-11-01,45.14,45.29,44.83,44.9,164899.0
2019-11-04,45.31,45.32,44.52,44.7,174951.0
2019-11-05,44.76,45.41,44.76,45.13,199160.0
2019-11-06,45.29,45.45,44.81,45.12,158037.0
2019-11-07,44.81,45.12,44.61,44.61,227273.0
2019-11-08,44.54,44.81,44.42,44.5,108449.0
2019-11-11,44.23,44.53,44.0,44.3,329617.0
2019-11-12,44.45,44.68,44.21,44.59,217035.0
2019-11-13,44.36,44.57,44.14,44.45,96712.0
2019-11-14,44.38,44.64,44.3,44.52,254242.0
2019-11-15,44.61,44.74,44.04,44.2,183760.0
2019-11-18,44.06,44.42,44.02,44.32,137379.0
2019-11-19,44.36,44.63,44.12,44.13,582750.0
2019-11-20,44.21,44.8,43.99,44.44,242757.0
2019-11-21,44.4,44.52,43.79,43.96,112022.0
2019-11-22,43.75,44.24,43.75,44.09,151955.0
2019-11-25,44.18,44.39,43.9,44.14,294089.0
2019-11-26,44.23,44.38,44.12,44.3,164818.0
2019-11-27,44.46,44.46,44.05,44.29,329966.0
2019-11-29,44.29,44.72,44.28,44.72,178287.0
2019-12-02,44.83,44.83,44.0,44.08,121989.0
2019-12-03,43.66,43.73,42.96,43.05,164362.0
2019-12-04,43.01,43.66,42.97,43.36,197050.0
2019-12-05,43.42,43.46,43.12,43.43,167726.0
2019-12-06,43.55,43.88,43.51,43.81,114710.0
2019-12-09,44.04,44.24,43.74,44.06,188735.0
2019-12-10,44.05,44.14,43.57,43.83,192104.0
2019-12-11,43.78,43.95,43.41,43.84,182549.0
2019-12-12,43.86,44.5,43.85,44.35,219539.0
2019-12-13,44.42,44.64,44.16,44.4,198215.0
2019-12-16,44.69,45.16,44.33,45.06,252939.0
2019-12-17,45.09,45.55,45.09,45.28,224436.0
2019-12-18,45.3,45.35,44.59,44.71,147411.0
2019-12-19,44.64,44.64,44.16,44.46,335999.0
2019-12-20,44.77,45.11,44.28,44.65,1147582.0
2019-12-23,44.99,44.99,43.93,44.06,135503.0
2019-12-24,44.09,44.32,43.93,44.16,56964.0
2019-12-26,44.08,44.44,43.9,44.3,162046.0
2019-12-27,44.36,44.52,44.21,44.46,139353.0
2019-12-30,44.55,44.6,44.3,44.47,132778.0
2019-12-31,44.39,44.84,44.38,44.81,266457.0
2020-01-02,45.11,45.17,44.56,44.95,163460.0
2020-01-03,44.64,45.29,44.61,45.28,259880.0
2020-01-06,44.99,45.04,44.61,44.82,135374.0
2020-01-07,44.71,44.95,44.27,44.41,117957.0
2020-01-08,44.5,44.9,44.34,44.6,136727.0
2020-01-09,44.68,45.14,44.68,45.14,142164.0
2020-01-10,45.19,45.2,44.47,44.52,130993.0
2020-01-13,44.53,44.65,44.25,44.55,151057.0
2020-01-14,44.47,44.87,44.33,44.62,101891.0
2020-01-15,44.48,44.98,44.48,44.67,133872.0
2020-01-16,44.94,45.6,44.75,45.59,188629.0
2020-01-17,45.74,45.97,45.44,45.97,204484.0
2020-01-21,45.91,46.0,45.64,45.76,130155.0
2020-01-22,46.01,46.25,45.65,46.12,97401.0
2020-01-23,45.58,46.09,44.05,44.75,346843.0
2020-01-24,44.79,45.08,44.56,44.75,137426.0
2020-01-27,44.17,44.69,44.17,44.5,208532.0
2020-01-28,44.82,45.44,44.82,44.97,163749.0
2020-01-29,45.0,45.36,44.8,44.89,152598.0
2020-01-30,44.66,45.67,44.66,45.6,102322.0
2020-01-31,45.56,45.66,44.62,44.63,125875.0
2020-02-03,44.82,46.02,44.82,45.46,185444.0
2020-02-04,45.93,46.41,45.84,46.07,105629.0
2020-02-05,46.47,47.37,46.29,47.14,138660.0
2020-02-06,47.34,47.6,46.93,47.02,124841.0
2020-02-07,46.87,47.34,46.82,46.85,167487.0
2020-02-10,49.45,51.3,49.18,50.81,502518.0
2020-02-11,51.18,51.3,50.04,50.72,348155.0
2020-02-12,50.88,50.88,49.63,50.0,199456.0
2020-02-13,49.84,50.35,49.72,50.2,200615.0
2020-02-14,50.24,50.44,49.71,50.36,217035.0
2020-02-18,50.3,50.38,49.68,49.81,174259.0
2020-02-19,49.94,50.03,49.65,49.83,125009.0
2020-02-20,49.65,50.45,49.56,50.35,349592.0
2020-02-21,47.91,47.97,46.88,47.29,193755.0
2020-02-24,46.27,47.05,45.95,46.64,280109.0
2020-02-25,46.55,46.76,45.36,45.7,297338.0
2020-02-26,45.84,46.23,44.17,44.34,570953.0
2020-02-27,43.53,43.82,42.54,42.77,494254.0
2020-02-28,41.9,41.93,40.67,41.58,560273.0
2020-03-02,41.59,44.59,41.51,44.58,441442.0
2020-03-03,44.5,44.77,42.45,42.75,430579.0
2020-03-04,43.42,44.16,42.89,43.99,258049.0
2020-03-05,42.67,43.15,42.24,42.62,321074.0
2020-03-06,41.41,43.01,41.41,42.99,408814.0
2020-03-09,39.65,40.49,39.0,39.77,391571.0
2020-03-10,40.84,41.39,39.14,41.1,382885.0
2020-03-11,40.04,40.04,38.37,38.77,396255.0
2020-03-12,37.24,37.8,33.45,33.46,395441.0
2020-03-13,35.63,35.95,33.24,35.46,414846.0
2020-03-16,32.66,33.62,30.13,30.27,417603.0
2020-03-17,30.83,31.99,28.08,31.95,374920.0
2020-03-18,30.0,32.09,27.83,31.98,536192.0
2020-03-19,31.44,32.28,30.4,31.0,515258.0
2020-03-20,31.37,31.68,28.71,29.01,452742.0
2020-03-23,28.49,29.29,26.52,27.19,470212.0
2020-03-24,28.22,30.63,27.59,30.25,416204.0
2020-03-25,30.62,32.17,30.15,30.63,1002950.0
2020-03-26,31.12,32.77,30.61,32.62,260016.0
2020-03-27,31.6,32.83,29.84,31.99,313428.0
2020-03-30,32.03,33.24,31.15,32.98,248528.0
2020-03-31,32.72,32.72,30.88,31.04,267674.0
2020-04-01,29.73,30.08,27.96,28.29,372386.0
2020-04-02,28.12,29.97,27.43,27.82,542507.0
2020-04-03,27.47,28.21,27.32,27.64,414165.0
2020-04-06,28.79,30.22,28.5,29.88,477911.0
2020-04-07,31.32,32.14,30.75,30.85,249094.0
2020-04-08,31.01,32.82,30.3,32.38,296492.0
2020-04-09,32.5,34.22,32.47,33.74,287155.0
2020-04-13,33.79,33.79,32.22,32.47,261045.0
2020-04-14,33.1,33.64,32.62,33.43,326644.0
2020-04-15,32.65,32.65,31.25,31.35,216592.0
2020-04-16,31.53,31.72,30.19,31.08,298818.0
2020-04-17,32.05,32.83,31.9,32.73,270375.0
2020-04-20,32.44,32.48,31.5,31.72,179491.0
2020-04-21,31.09,31.76,30.78,31.0,315409.0
2020-04-22,31.8,31.8,30.54,30.58,393921.0
2020-04-23,30.74,31.01,29.89,29.92,199305.0
2020-04-24,30.13,30.55,29.41,29.81,477366.0
2020-04-27,29.93,31.07,29.93,30.95,191101.0
2020-04-28,31.75,32.79,31.75,32.25,249109.0
2020-04-29,32.98,33.46,32.43,32.74,314562.0
2020-04-30,32.26,32.32,31.16,31.58,225523.0
2020-05-01,30.81,30.86,29.08,29.08,318515.0
2020-05-04,28.93,30.9,27.18,30.58,473805.0
2020-05-05,30.73,31.08,28.94,29.06,302977.0
2020-05-06,29.25,29.25,27.83,27.94,274812.0
2020-05-07,27.18,29.23,27.18,28.55,340400.0
2020-05-08,29.09,29.61,28.72,29.46,232657.0
2020-05-11,29.14,29.4,28.19,28.99,187891.0
2020-05-12,28.99,29.06,27.85,27.86,192096.0
2020-05-13,27.5,27.74,26.7,26.77,391958.0
2020-05-14,26.25,26.69,25.28,26.19,653661.0
2020-05-15,25.57,26.09,25.18,26.0,327512.0
2020-05-18,27.12,27.85,26.79,27.67,717996.0
2020-05-19,27.66,27.78,27.07,27.25,218846.0
2020-05-20,27.65,28.29,27.5,28.11,652550.0
2020-05-21,28.07,29.47,27.93,29.26,429254.0
2020-05-22,29.48,29.77,29.14,29.65,502356.0
2020-05-26,30.71,31.3,30.59,31.05,517992.0
2020-05-27,32.23,32.42,31.1,31.46,344890.0
2020-05-28,31.65,31.85,31.1,31.14,603698.0
2020-05-29,30.73,30.99,30.06,30.23,314175.0
2020-06-01,30.3,30.3,29.57,29.76,262183.0
2020-06-02,29.88,30.97,29.8,30.56,450444.0
2020-06-03,31.28,32.54,31.15,31.63,538052.0
2020-06-04,31.41,32.26,31.0,32.23,381502.0
2020-06-05,33.63,34.67,33.29,34.14,307166.0
2020-06-08,35.05,35.3,34.46,35.3,241472.0
2020-06-09,34.57,34.87,33.72,33.9,465798.0
2020-06-10,33.64,34.21,32.61,33.46,561099.0
2020-06-11,32.0,32.73,31.06,31.1,556430.0
2020-06-12,32.5,33.54,31.5,32.03,354879.0
2020-06-15,30.83,32.49,30.81,32.38,285509.0
2020-06-16,33.5,33.62,32.16,32.4,301716.0
2020-06-17,32.37,33.16,32.01,32.33,317901.0
2020-06-18,32.25,33.2,32.02,32.84,325080.0
2020-06-19,33.49,33.59,32.2,32.55,283598.0
2020-06-22,32.56,32.68,31.93,32.57,346422.0
2020-06-23,33.01,33.32,32.47,32.67,232260.0
2020-06-24,32.24,32.24,31.19,31.73,592510.0
2020-06-25,31.54,32.39,31.25,32.32,292580.0
2020-06-26,31.89,32.04,31.13,31.44,460974.0
2020-06-29,31.67,32.01,31.3,31.88,248049.0
2020-06-30,31.83,32.31,31.54,32.15,314706.0
2020-07-01,32.1,32.26,31.41,31.6,363913.0
2020-07-02,32.36,32.47,31.23,31.27,222308.0
2020-07-06,31.95,32.0,31.17,31.53,215827.0
2020-07-07,31.24,31.34,30.46,30.53,213521.0
2020-07-08,30.49,31.01,30.22,30.65,210915.0
2020-07-09,30.52,30.52,29.47,29.71,187133.0
2020-07-10,29.71,31.29,29.71,31.26,340070.0
2020-07-13,31.51,31.76,30.74,31.32,221486.0
2020-07-14,31.19,32.16,30.93,32.03,195659.0
2020-07-15,32.71,32.76,32.11,32.45,220594.0
2020-07-16,32.27,33.2,31.91,33.1,280672.0
2020-07-17,33.15,33.79,32.92,33.65,325648.0
2020-07-20,33.57,33.57,32.9,33.0,295259.0
2020-07-21,33.25,34.13,33.25,33.77,199492.0
2020-07-22,33.58,34.03,33.33,33.97,130768.0
2020-07-23,33.89,34.4,33.75,34.14,173191.0
2020-07-24,34.26,34.43,33.8,33.94,121775.0
2020-07-27,33.76,33.86,33.32,33.66,215531.0
2020-07-28,33.67,33.71,33.4,33.46,210950.0
2020-07-29,33.58,34.46,33.58,34.17,325636.0
2020-07-30,33.58,33.79,33.3,33.66,247529.0
2020-07-31,33.45,33.53,32.9,33.3,261621.0
2020-08-03,33.3,33.77,31.78,32.96,379036.0
2020-08-04,33.0,33.22,32.28,32.29,335510.0
2020-08-05,32.49,33.0,32.47,32.71,230138.0
2020-08-06,32.55,33.19,32.55,32.95,131856.0
2020-08-07,32.76,34.2,32.65,34.16,223442.0
2020-08-10,34.5,35.02,34.35,34.57,186200.0
2020-08-11,35.16,36.05,34.39,34.65,222173.0
2020-08-12,35.29,35.29,34.11,34.34,191067.0
2020-08-13,34.01,34.25,33.66,34.14,148573.0
2020-08-14,33.56,34.06,33.51,33.76,111716.0
2020-08-17,33.75,33.84,32.94,33.05,137744.0
2020-08-18,32.97,33.29,32.68,32.75,129916.0
2020-08-19,32.71,32.95,32.4,32.51,126161.0
2020-08-20,32.15,32.36,32.01,32.03,158750.0
2020-08-21,31.91,32.17,31.64,31.8,149851.0
2020-08-24,31.75,32.61,31.75,32.61,279945.0
2020-08-25,33.07,33.2,32.65,32.76,139477.0
2020-08-26,32.78,32.78,32.16,32.43,196608.0
2020-08-27,32.61,33.54,32.61,33.1,183545.0
2020-08-28,33.28,33.3,32.5,32.93,283303.0
2020-08-31,33.0,33.0,32.16,32.17,222884.0
2020-09-01,31.86,32.38,31.68,32.12,240077.0
2020-09-02,32.14,32.62,31.83,32.3,571379.0
2020-09-03,32.5,33.56,31.94,32.13,286477.0
2020-09-04,32.69,32.8,31.76,32.02,283355.0
2020-09-08,31.88,31.88,30.84,31.19,401246.0
2020-09-09,31.47,32.16,31.31,31.64,197580.0
2020-09-10,31.69,31.92,30.98,30.98,278197.0
2020-09-11,31.01,31.43,30.81,31.15,155686.0
2020-09-14,31.27,31.58,31.18,31.39,257336.0
2020-09-15,31.52,31.52,30.89,31.0,546054.0
2020-09-16,31.01,32.21,30.91,31.78,235468.0
2020-09-17,31.31,32.4,31.22,32.32,363149.0
2020-09-18,32.29,32.51,31.54,31.54,384462.0
2020-09-21,30.89,31.12,29.96,30.49,238423.0
2020-09-22,30.5,31.13,30.14,30.3,262351.0
2020-09-23,30.34,30.72,29.67,29.68,524347.0
2020-09-24,29.76,30.45,29.41,29.96,638515.0
2020-09-25,29.64,30.06,29.53,29.71,318207.0
2020-09-28,29.98,30.9,29.98,30.47,287624.0
2020-09-29,30.29,30.3,29.39,29.83,233132.0
2020-09-30,29.9,30.34,29.77,29.99,225719.0
2020-10-01,30.23,30.27,29.68,30.06,149061.0
2020-10-02,29.67,30.5,29.67,30.38,139678.0
2020-10-05,30.75,31.06,30.57,30.84,243541.0
2020-10-06,31.19,31.28,30.38,30.48,216471.0
2020-10-07,30.65,30.91,30.4,30.72,205481.0
2020-10-08,31.05,31.44,30.87,31.26,171853.0
2020-10-09,31.41,31.66,30.94,30.98,208123.0
2020-10-12,30.83,31.57,30.58,31.27,289824.0
2020-10-13,31.05,31.31,30.23,30.28,212277.0
2020-10-14,30.3,30.6,30.0,30.0,149138.0
2020-10-15,29.65,30.1,29.54,29.83,141750.0
2020-10-16,29.8,30.2,29.75,30.01,203028.0
2020-10-19,30.05,30.14,29.28,29.29,160599.0
2020-10-20,29.62,29.87,29.43,29.69,150877.0
2020-10-21,29.86,30.66,29.73,30.56,190851.0
2020-10-22,30.54,30.83,30.33,30.43,185853.0
2020-10-23,30.58,30.84,30.35,30.73,123473.0
2020-10-26,30.43,30.43,29.59,29.78,214851.0
2020-10-27,29.68,29.68,29.0,29.0,234922.0
2020-10-28,28.47,29.01,28.43,28.8,330240.0
2020-10-29,28.82,29.4,28.37,29.25,220573.0
2020-10-30,29.15,29.86,29.15,29.79,342883.0
2020-11-02,30.78,31.95,30.56,31.66,385659.0
2020-11-03,32.0,33.22,31.99,32.43,374253.0
2020-11-04,31.93,32.72,31.31,32.11,248821.0
2020-11-05,32.14,32.74,31.79,32.48,232440.0
2020-11-06,32.46,32.76,32.27,32.57,185025.0
2020-11-09,34.43,35.44,34.25,34.82,327455.0
2020-11-10,35.06,35.3,34.72,35.19,177286.0
2020-11-11,35.25,35.4,34.44,34.71,126497.0
2020-11-12,34.45,34.63,33.95,34.27,110184.0
2020-11-13,34.3,34.93,34.11,34.85,97744.0
2020-11-16,35.71,35.92,35.34,35.76,164967.0
2020-11-17,35.22,35.88,34.89,35.58,165973.0
2020-11-18,35.98,35.99,35.45,35.55,229028.0
2020-11-19,35.22,35.29,34.55,35.1,216509.0
2020-11-20,34.87,35.41,34.56,35.08,186414.0
2020-11-23,35.46,35.65,34.81,35.04,176318.0
2020-11-24,35.33,35.99,34.94,35.97,214110.0
2020-11-25,35.76,35.76,34.97,35.56,494328.0
2020-11-27,35.52,35.75,34.98,35.1,137603.0
2020-11-30,35.0,35.07,34.27,34.51,516136.0
2020-12-01,35.13,35.43,34.85,35.33,199693.0
2020-12-02,35.21,35.76,35.21,35.64,202590.0
2020-12-03,35.7,36.39,35.42,36.21,283748.0
2020-12-04,36.47,36.64,36.26,36.49,319532.0
2020-12-07,36.3,36.6,35.96,36.08,283661.0
2020-12-08,35.72,36.22,35.72,36.15,117443.0
2020-12-09,36.37,36.94,36.06,36.84,285225.0
2020-12-10,36.72,37.29,36.51,37.2,283656.0
2020-12-11,36.78,37.66,36.78,37.58,283096.0
2020-12-14,37.97,37.98,37.31,37.39,231624.0
2020-12-15,37.59,38.47,37.44,38.37,179753.0
2020-12-16,38.61,38.88,38.27,38.75,245910.0
2020-12-17,38.76,38.76,38.08,38.38,380674.0
2020-12-18,38.26,38.76,38.07,38.44,1148394.0
2020-12-21,38.47,38.47,37.5,38.44,300897.0
2020-12-22,38.44,38.64,37.9,37.95,247910.0
2020-12-23,38.21,39.1,38.21,38.48,571477.0
2020-12-24,38.6,38.68,37.98,38.64,69140.0
2020-12-28,38.8,39.12,38.35,38.58,164557.0
2020-12-29,38.66,38.98,38.09,38.23,126441.0
2020-12-30,38.28,38.92,38.21,38.44,81676.0
2020-12-31,38.42,38.99,38.24,38.96,120186.0
2021-01-04,39.0,39.04,37.8,38.02,193284.0
2021-01-05,38.06,38.54,37.57,38.25,288108.0
2021-01-06,39.0,40.45,39.0,40.36,176127.0
2021-01-07,39.45,40.29,39.34,40.27,273625.0
2021-01-08,40.25,40.25,39.05,39.72,300014.0
2021-01-11,39.46,39.66,39.22,39.42,105598.0
2021-01-12,39.66,40.0,39.38,39.85,103557.0
2021-01-13,40.05,40.15,39.44,39.8,121438.0
2021-01-14,40.07,40.17,39.29,40.13,121073.0
2021-01-15,39.5,40.63,39.5,40.38,280126.0
2021-01-19,40.45,41.1,40.19,40.9,165359.0
2021-01-20,40.96,41.34,40.83,41.28,150609.0
2021-01-21,41.41,41.53,40.49,40.5,139070.0
2021-01-22,40.21,40.41,39.8,39.97,142774.0
2021-01-25,39.72,39.98,39.31,39.94,112669.0
2021-01-26,40.09,40.17,39.12,39.19,177815.0
2021-01-27,38.85,39.06,38.19,38.45,416883.0
2021-01-28,39.0,39.76,38.74,39.34,184973.0
2021-01-29,39.08,39.1,38.31,38.42,156741.0
2021-02-01,38.73,38.93,38.3,38.87,246809.0
2021-02-02,39.26,39.65,38.66,39.42,115119.0
2021-02-03,39.24,39.53,38.94,39.41,182945.0
2021-02-04,39.64,40.93,39.57,40.49,178762.0
2021-02-05,40.5,41.06,40.5,40.76,137140.0
2021-02-08,43.0,43.0,41.05,42.69,478785.0
2021-02-09,42.76,43.18,41.93,43.13,240358.0
2021-02-10,43.21,43.27,42.4,42.55,177535.0
2021-02-11,42.55,43.83,42.55,43.82,330044.0
2021-02-12,43.85,44.09,42.79,43.22,155566.0
2021-02-16,43.67,44.28,43.61,43.8,216951.0
2021-02-17,43.86,44.73,43.84,44.66,277404.0
2021-02-18,44.44,44.73,43.94,43.94,269729.0
2021-02-19,43.62,44.08,43.03,43.67,404807.0
2021-02-22,43.43,44.21,43.23,44.17,363004.0
2021-02-23,44.29,44.46,43.74,44.2,310384.0
2021-02-24,44.31,44.73,44.07,44.61,581901.0
2021-02-25,44.97,44.97,43.2,43.22,287211.0
2021-02-26,43.03,43.47,42.41,42.54,337886.0
2021-03-01,43.25,43.81,43.01,43.16,369854.0
2021-03-02,43.06,43.42,42.83,43.09,209672.0
2021-03-03,43.15,44.38,42.97,43.66,166270.0
2021-03-04,43.64,43.78,42.59,43.3,198046.0
2021-03-05,43.97,44.62,43.6,44.38,175972.0
2021-03-08,44.7,45.95,44.35,45.57,197520.0
2021-03-09,45.34,45.9,44.62,45.09,268760.0
2021-03-10,45.41,46.16,45.15,45.95,199420.0
2021-03-11,45.71,45.97,45.21,45.72,198035.0
2021-03-12,46.15,46.72,45.91,46.28,165122.0
2021-03-15,46.19,46.37,45.6,46.27,131784.0
2021-03-16,45.98,46.01,45.29,45.84,132427.0
2021-03-17,45.74,46.53,45.61,46.4,190132.0
2021-03-18,46.82,47.69,46.52,46.9,339691.0
2021-03-19,46.77,46.77,45.92,45.96,330766.0
2021-03-22,45.62,45.71,44.76,44.94,234960.0
2021-03-23,44.64,45.06,44.2,44.68,273950.0
2021-03-24,44.9,45.35,44.27,44.34,297995.0
2021-03-25,44.25,45.27,43.75,45.23,184581.0
2021-03-26,45.54,45.83,45.13,45.52,163636.0
2021-03-29,45.24,45.7,45.19,45.53,185804.0
2021-03-30,45.83,46.21,45.55,45.94,235055.0
2021-03-31,45.85,45.87,44.59,44.63,404014.0
2021-04-01,44.64,45.83,44.41,45.81,226642.0
2021-04-05,46.29,46.57,45.87,46.17,346426.0
2021-04-06,46.16,46.74,45.89,46.2,502398.0
2021-04-07,46.17,46.26,45.75,46.22,143807.0
2021-04-08,45.9,46.24,45.44,45.8,236342.0
2021-04-09,46.01,46.15,45.4,46.08,156721.0
2021-04-12,46.03,46.56,45.81,46.49,217390.0
2021-04-13,46.5,46.56,45.86,46.2,167838.0
2021-04-14,46.09,46.93,46.09,46.58,160817.0
2021-04-15,46.76,46.76,46.29,46.47,119894.0
2021-04-16,46.85,47.0,46.49,46.76,118563.0
2021-04-19,46.98,47.04,46.65,46.7,148443.0
2021-04-20,46.72,46.82,46.36,46.48,154883.0
2021-04-21,46.48,47.25,46.27,46.9,301925.0
2021-04-22,46.78,46.8,46.22,46.22,127957.0
2021-04-23,46.14,47.36,46.1,47.34,269611.0
2021-04-26,47.59,47.85,46.99,47.05,112493.0
2021-04-27,47.02,47.09,46.69,47.03,90820.0
2021-04-28,47.02,47.03,46.23,46.68,232214.0
2021-04-29,47.08,47.46,47.0,47.26,109999.0
2021-04-30,47.16,47.53,46.9,46.93,197512.0
2021-05-03,47.31,48.26,47.0,47.67,386208.0
2021-05-04,47.61,47.86,47.2,47.63,139663.0
2021-05-05,47.57,47.67,46.83,47.51,130830.0
2021-05-06,47.75,48.29,47.54,48.2,164966.0
2021-05-07,47.69,48.35,47.68,48.34,156096.0
2021-05-10,48.64,49.08,48.2,48.21,171958.0
2021-05-11,47.91,47.95,46.94,47.04,153708.0
2021-05-12,47.09,47.32,46.22,46.25,158710.0
2021-05-13,46.1,47.7,46.1,47.45,143313.0
2021-05-14,47.22,47.87,47.14,47.8,119804.0
2021-05-17,47.68,47.78,47.21,47.43,104434.0
2021-05-18,47.29,47.5,47.04,47.09,148808.0
2021-05-19,46.62,47.04,46.18,46.92,98271.0
2021-05-20,46.97,47.53,46.86,47.32,264110.0
2021-05-21,47.37,48.6,47.32,47.43,169929.0
2021-05-24,47.51,47.94,47.41,47.72,145414.0
2021-05-25,47.62,47.77,46.8,46.86,269760.0
2021-05-26,46.99,47.36,46.8,46.97,215850.0
2021-05-27,47.23,47.57,46.98,47.48,132226.0
2021-05-28,47.72,47.9,47.26,47.81,138770.0
2021-06-01,48.02,48.39,47.78,47.99,127040.0
2021-06-02,48.21,48.3,47.64,47.68,128263.0
2021-06-03,47.44,47.94,47.22,47.77,106688.0
2021-06-04,47.92,48.02,47.49,47.94,134116.0
2021-06-07,48.09,48.09,47.35,47.47,98001.0
2021-06-08,47.23,48.3,47.07,48.19,282610.0
2021-06-09,48.13,48.13,47.52,47.64,128559.0
2021-06-10,47.99,48.1,47.44,47.48,102185.0
2021-06-11,47.57,47.96,47.4,47.71,82182.0
2021-06-14,47.71,47.71,47.13,47.34,72193.0
2021-06-15,47.51,47.97,47.07,47.77,91732.0
2021-06-16,47.63,47.9,47.28,47.38,120517.0
2021-06-17,47.3,47.34,45.87,46.25,118434.0
2021-06-18,45.7,45.74,44.57,44.59,218807.0
2021-06-21,44.84,45.79,44.84,45.65,199191.0
2021-06-22,45.61,45.74,45.35,45.43,112931.0
2021-06-23,45.49,45.6,45.1,45.31,132691.0
2021-06-24,45.67,45.95,45.37,45.82,111174.0
2021-06-25,45.9,46.46,45.76,46.36,218977.0
2021-06-28,46.19,46.19,45.34,45.55,121999.0
2021-06-29,45.84,45.94,45.28,45.39,113442.0
2021-06-30,45.36,45.55,45.28,45.49,116635.0
2021-07-01,45.7,46.09,45.38,46.06,161680.0
2021-07-02,45.84,45.84,44.81,45.22,317151.0
2021-07-06,44.95,45.02,44.11,45.02,709664.0
2021-07-07,44.85,45.44,44.82,45.25,128850.0
2021-07-08,44.38,44.58,43.76,43.92,194631.0
2021-07-09,44.54,44.96,44.49,44.95,195823.0
2021-07-12,44.78,45.32,44.78,44.95,214419.0
2021-07-13,44.76,44.93,44.31,44.38,154696.0
2021-07-14,44.44,44.8,44.1,44.3,145271.0
2021-07-15,44.07,44.84,44.07,44.83,219961.0
2021-07-16,44.99,44.99,44.37,44.5,131495.0
2021-07-19,43.84,43.84,42.65,42.85,156879.0
2021-07-20,42.98,44.71,42.98,44.17,322553.0
2021-07-21,44.5,45.09,44.5,44.58,132122.0
2021-07-22,44.31,44.34,43.69,43.72,113640.0
2021-07-23,44.06,44.27,43.42,43.8,239126.0
2021-07-26,43.78,44.25,43.77,43.97,137194.0
2021-07-27,43.64,44.23,43.31,43.95,141604.0
2021-07-28,43.88,44.33,43.26,43.55,217936.0
2021-07-29,43.86,44.29,43.45,44.08,131511.0
2021-07-30,43.82,44.57,43.82,44.01,165930.0
2021-08-02,44.23,44.97,43.71,43.8,197938.0
2021-08-03,43.99,44.39,43.54,43.99,169929.0
2021-08-04,43.44,43.81,43.23,43.25,102393.0
2021-08-05,43.38,43.65,43.11,43.6,124791.0
2021-08-06,44.0,44.44,43.82,44.28,155163.0
2021-08-09,44.22,44.51,44.07,44.28,64644.0
2021-08-10,43.28,44.72,43.28,44.3,123841.0
2021-08-11,44.6,44.67,44.27,44.66,97669.0
2021-08-12,44.7,44.82,44.32,44.5,159846.0
2021-08-13,44.02,44.21,43.53,43.61,124041.0
2021-08-16,43.27,43.91,43.2,43.39,89695.0
2021-08-17,43.14,43.46,42.98,43.22,120654.0
2021-08-18,43.08,43.5,42.96,43.02,75827.0
2021-08-19,42.62,43.16,42.47,42.59,115854.0
2021-08-20,42.5,43.23,42.39,42.98,76915.0
2021-08-23,43.19,43.48,43.17,43.26,78180.0
2021-08-24,43.43,43.57,43.1,43.29,159495.0
2021-08-25,43.25,44.19,43.21,44.05,264329.0
2021-08-26,44.02,44.07,43.73,43.87,186539.0
2021-08-27,44.02,44.44,43.69,44.35,140617.0
2021-08-30,44.48,44.48,43.44,44.0,158256.0
2021-08-31,44.08,44.61,44.01,44.35,142604.0
2021-09-01,44.58,44.86,44.18,44.57,136027.0
2021-09-02,44.72,44.72,44.32,44.53,105933.0
2021-09-03,44.51,44.77,44.12,44.16,113755.0
2021-09-07,44.35,44.35,43.64,43.73,122769.0
2021-09-08,43.58,44.21,43.41,43.71,301255.0
2021-09-09,43.58,44.21,42.98,43.0,126053.0
2021-09-10,43.33,43.33,42.29,42.42,148843.0
2021-09-13,42.84,43.64,42.84,43.54,147786.0
2021-09-14,43.52,43.87,43.04,43.18,162839.0
2021-09-15,43.06,43.78,43.06,43.53,132277.0
2021-09-16,43.63,43.79,43.11,43.15,133124.0
2021-09-17,43.25,43.48,42.73,42.73,1608921.0
2021-09-20,41.97,42.34,41.44,42.02,205119.0
2021-09-21,42.35,42.68,41.66,41.66,126580.0
2021-09-22,41.99,42.18,41.6,41.65,253098.0
2021-09-23,41.8,42.2,41.72,41.77,179341.0
2021-09-24,41.59,42.23,41.59,41.69,122055.0
2021-09-27,41.86,43.03,41.86,42.83,176093.0
2021-09-28,42.84,43.37,42.09,42.24,128779.0
2021-09-29,42.25,42.7,42.25,42.65,98739.0
2021-09-30,42.84,43.13,41.96,41.96,118696.0
2021-10-01,41.97,42.88,41.82,42.59,115440.0
2021-10-04,42.6,43.22,42.26,42.4,131749.0
2021-10-05,42.57,43.46,42.11,43.27,156046.0
2021-10-06,42.92,44.09,42.7,44.09,194959.0
2021-10-07,44.29,44.97,44.23,44.36,229212.0
2021-10-08,44.4,44.86,44.37,44.69,126587.0
2021-10-11,44.89,45.35,44.5,44.54,136388.0
2021-10-12,44.59,45.08,44.53,44.74,127403.0
2021-10-13,44.64,44.74,43.91,44.65,86272.0
2021-10-14,44.86,45.2,44.51,45.13,107228.0
2021-10-15,45.59,45.8,45.27,45.35,146620.0
2021-10-18,45.13,45.39,44.83,44.91,93580.0
2021-10-19,45.33,45.44,45.08,45.2,88626.0
2021-10-20,45.25,46.07,44.84,46.01,80745.0
2021-10-21,46.14,46.2,45.54,45.85,71615.0
2021-10-22,45.86,46.15,45.62,45.95,71391.0
2021-10-25,46.09,46.22,45.67,46.19,111355.0
2021-10-26,46.17,46.17,45.65,45.77,97611.0
2021-10-27,45.81,45.95,44.92,45.04,257502.0
2021-10-28,45.32,45.75,45.25,45.54,101253.0
2021-10-29,45.45,45.8,44.83,44.86,166151.0
2021-11-01,46.16,46.65,45.41,46.03,288379.0
2021-11-02,46.05,46.59,46.04,46.35,139374.0
2021-11-03,46.03,46.51,45.62,46.24,135073.0
2021-11-04,46.12,46.3,44.67,45.26,126570.0
2021-11-05,45.51,46.16,45.41,45.85,83137.0
2021-11-08,45.93,46.1,45.59,45.92,74505.0
2021-11-09,45.63,45.88,45.17,45.33,151540.0
2021-11-10,45.52,46.01,45.27,45.68,107114.0
2021-11-11,45.63,45.8,45.19,45.62,236533.0
2021-11-12,45.2,45.29,44.86,45.2,108582.0
2021-11-15,45.46,45.46,44.95,45.11,169004.0
2021-11-16,45.24,45.6,45.09,45.39,116117.0
2021-11-17,45.22,45.44,45.01,45.27,104134.0
2021-11-18,45.34,45.46,44.55,44.69,72939.0
2021-11-19,44.31,44.51,43.58,43.68,122461.0
2021-11-22,43.92,44.66,43.84,44.36,75896.0
2021-11-23,44.62,45.41,44.62,45.34,97337.0
2021-11-24,44.9,45.28,44.75,44.91,146377.0
2021-11-26,43.6,43.73,42.82,43.28,57697.0
2021-11-29,43.68,43.68,42.93,43.06,77852.0
2021-11-30,42.5,42.5,41.51,41.64,178303.0
2021-12-01,42.43,43.18,41.69,41.79,107693.0
2021-12-02,42.04,43.31,42.04,43.17,113937.0
2021-12-03,43.09,43.3,42.72,43.05,101757.0
2021-12-06,43.28,44.08,43.14,43.53,132183.0
2021-12-07,43.79,44.08,43.58,43.79,98068.0
2021-12-08,43.83,44.0,43.58,43.81,71733.0
2021-12-09,43.59,44.3,43.58,44.09,88899.0
2021-12-10,44.31,44.57,44.02,44.11,56064.0
2021-12-13,43.93,43.93,43.33,43.36,91991.0
2021-12-14,43.39,44.3,43.39,44.22,276364.0
2021-12-15,44.12,44.35,43.85,44.17,84552.0
2021-12-16,44.5,44.8,44.21,44.41,111897.0
2021-12-17,44.31,44.31,43.22,43.33,217359.0
2021-12-20,42.71,42.77,42.06,42.41,94442.0
2021-12-21,42.84,43.73,42.84,43.18,99866.0
2021-12-22,43.2,43.46,42.98,43.24,81044.0
2021-12-23,43.58,44.1,43.58,43.78,75693.0
2021-12-27,43.75,44.17,43.52,44.12,70547.0
2021-12-28,43.98,44.76,43.98,44.46,90445.0
2021-12-29,44.42,44.77,44.37,44.58,111347.0
2021-12-30,44.53,44.68,44.02,44.11,62454.0
2021-12-31,44.04,44.36,43.96,44.08,74981.0
2022-01-03,44.43,44.98,44.43,44.69,126670.0
2022-01-04,45.12,45.97,45.08,45.68,211783.0
2022-01-05,45.8,46.24,45.05,45.12,125462.0
2022-01-06,45.71,46.26,45.36,45.55,154000.0
2022-01-07,45.67,46.79,45.63,46.74,149568.0
2022-01-10,47.05,47.12,46.39,46.65,142852.0
2022-01-11,46.92,47.05,46.19,46.83,124548.0
2022-01-12,46.95,47.09,46.42,46.83,90549.0
2022-01-13,46.84,47.51,46.84,47.09,62999.0
2022-01-14,46.63,47.25,46.47,47.02,167119.0
2022-01-18,47.1,47.1,46.23,46.28,96799.0
2022-01-19,46.61,46.62,45.3,45.38,103567.0
2022-01-20,45.65,46.43,45.31,45.37,124406.0
2022-01-21,45.21,45.45,44.63,44.72,89003.0
2022-01-24,44.55,45.24,43.7,45.19,133060.0
2022-01-25,44.81,45.15,43.61,44.72,163216.0
2022-01-26,45.11,45.98,44.98,45.28,255856.0
2022-01-27,45.45,46.38,44.83,45.32,88871.0
2022-01-28,45.31,45.56,44.54,45.33,97886.0
2022-01-31,45.05,45.96,44.85,45.91,72119.0
2022-02-01,45.56,46.15,45.3,46.11,108443.0
2022-02-02,46.15,46.74,46.11,46.68,100333.0
2022-02-03,46.79,46.93,46.49,46.64,80953.0
2022-02-04,46.77,47.29,46.44,46.87,128973.0
2022-02-07,46.78,47.8,46.67,46.87,302421.0
2022-02-08,47.4,47.94,47.02,47.74,184789.0
2022-02-09,47.79,48.08,47.59,47.99,229896.0
2022-02-10,47.9,48.16,47.5,47.61,258499.0
2022-02-11,47.74,48.11,47.16,47.39,183097.0
2022-02-14,47.63,47.91,46.8,47.55,322047.0
2022-02-15,47.94,48.85,47.86,48.8,240778.0
2022-02-16,48.7,49.4,48.7,48.97,188827.0
2022-02-17,48.92,49.24,48.38,48.52,306430.0
2022-02-18,45.89,46.53,45.83,46.14,168129.0
2022-02-22,45.89,46.34,45.59,46.08,212860.0
2022-02-23,46.33,46.33,44.9,45.05,323561.0
2022-02-24,43.97,43.99,42.87,43.88,298122.0
2022-02-25,44.4,46.22,44.34,46.12,144739.0
2022-02-28,45.11,46.2,44.52,45.7,267323.0
2022-03-01,45.35,45.5,44.41,44.52,230416.0
2022-03-02,44.9,45.99,44.9,45.7,263981.0
2022-03-03,45.73,46.29,45.62,45.85,249479.0
2022-03-04,45.09,45.39,44.74,45.15,137307.0
2022-03-07,44.81,45.21,43.52,43.53,177395.0
2022-03-08,44.07,44.76,43.35,43.83,197062.0
2022-03-09,44.99,45.28,44.52,44.75,135218.0
2022-03-10,44.29,44.94,43.97,44.82,140163.0
2022-03-11,45.07,45.45,44.66,44.76,152217.0
2022-03-14,45.44,46.82,45.44,46.67,277296.0
2022-03-15,47.01,47.46,46.18,46.68,173441.0
2022-03-16,47.09,47.42,46.76,47.38,205219.0
2022-03-17,47.0,47.7,46.97,47.62,238527.0
2022-03-18,47.51,47.9,46.94,47.76,672998.0
2022-03-21,47.98,48.55,47.74,48.5,170248.0
2022-03-22,48.9,49.05,48.29,48.47,145636.0
2022-03-23,48.25,48.46,48.02,48.16,186828.0
2022-03-24,48.28,49.04,48.28,48.69,109834.0
2022-03-25,48.85,49.16,48.65,49.15,90697.0
2022-03-28,49.17,49.17,48.58,48.88,88165.0
2022-03-29,49.4,49.47,48.9,49.22,129197.0
2022-03-30,49.22,49.37,49.02,49.15,116781.0
2022-03-31,49.15,49.5,48.61,48.62,190393.0
2022-04-01,49.07,49.47,48.85,49.45,162564.0
2022-04-04,49.5,49.5,47.73,48.21,212047.0
2022-04-05,47.99,48.63,47.83,47.94,149255.0
2022-04-06,47.94,48.55,47.77,48.01,140377.0
2022-04-07,48.01,48.14,47.39,47.74,348943.0
2022-04-08,47.93,48.68,47.85,48.43,134754.0
2022-04-11,48.52,49.06,48.49,48.57,108564.0
2022-04-12,48.64,49.06,48.27,48.49,153155.0
2022-04-13,48.26,48.81,48.04,48.59,96289.0
2022-04-14,48.53,48.96,48.53,48.73,88119.0
2022-04-18,48.44,49.04,48.44,48.87,82593.0
2022-04-19,48.81,48.98,48.6,48.66,130143.0
2022-04-20,49.0,49.68,48.89,49.67,151664.0
2022-04-21,50.0,50.33,49.42,49.57,107039.0
2022-04-22,49.6,49.6,48.31,48.34,108910.0
2022-04-25,48.04,48.41,47.16,48.33,147362.0
2022-04-26,47.85,48.29,47.47,47.53,87047.0
2022-04-27,47.62,48.28,47.36,48.01,90445.0
2022-04-28,48.29,48.7,47.64,48.65,102797.0
2022-04-29,48.43,48.79,47.43,47.44,144006.0
2022-05-02,45.1,47.06,43.76,44.88,294266.0
2022-05-03,44.79,45.84,44.51,45.31,157720.0
2022-05-04,45.15,46.43,44.99,46.43,252822.0
2022-05-05,46.05,46.21,45.24,45.59,120088.0
2022-05-06,45.44,45.72,45.19,45.52,128085.0
2022-05-09,44.94,45.13,44.19,44.33,193036.0
2022-05-10,44.63,45.08,43.58,43.97,169321.0
2022-05-11,44.11,44.94,43.85,44.0,114005.0
2022-05-12,44.09,44.12,43.36,43.85,153987.0
2022-05-13,43.59,44.41,43.37,44.14,113628.0
2022-05-16,43.91,44.57,43.66,44.28,86403.0
2022-05-17,44.93,45.46,44.83,45.45,88469.0
2022-05-18,45.16,45.35,44.23,44.42,105406.0
2022-05-19,44.0,44.28,43.27,43.94,139170.0
2022-05-20,44.36,44.75,43.3,43.99,141817.0
2022-05-23,44.58,45.01,43.88,44.91,145158.0
2022-05-24,44.76,44.88,43.95,44.86,130632.0
2022-05-25,44.86,45.65,44.86,45.31,304761.0
2022-05-26,45.67,45.92,45.5,45.8,99421.0
2022-05-27,45.8,46.12,45.53,46.08,115196.0
2022-05-31,45.99,46.18,45.53,45.84,165133.0
2022-06-01,45.95,45.95,44.78,45.57,183491.0
2022-06-02,45.68,46.05,44.89,46.05,136309.0
2022-06-03,45.74,45.94,45.54,45.86,106013.0
2022-06-06,46.0,46.47,45.48,46.13,131151.0
2022-06-07,45.86,46.52,45.68,46.52,120631.0
2022-06-08,46.16,46.16,45.37,45.57,76484.0
2022-06-09,45.39,45.57,44.69,44.69,73432.0
2022-06-10,44.0,44.3,43.6,43.89,147612.0
2022-06-13,43.1,43.4,42.44,42.75,177903.0
2022-06-14,42.89,43.36,42.58,42.8,76347.0
2022-06-15,43.0,43.71,42.53,43.23,130292.0
2022-06-16,42.42,42.5,41.71,41.91,163084.0
2022-06-17,42.0,42.56,41.72,42.3,278713.0
2022-06-21,42.68,43.57,42.65,43.33,121091.0
2022-06-22,42.85,43.51,42.51,43.33,87769.0
2022-06-23,43.18,43.43,42.66,43.01,94076.0
2022-06-24,43.34,45.49,43.34,45.09,316835.0
2022-06-27,45.13,45.18,44.7,45.04,93413.0
2022-06-28,45.54,45.78,44.94,45.06,103037.0
2022-06-29,44.96,45.02,44.5,44.61,96700.0
2022-06-30,44.03,45.21,44.03,44.9,92232.0
2022-07-01,45.03,45.46,44.5,45.11,843026.0
2022-07-05,44.65,44.65,43.08,43.96,233354.0
2022-07-06,44.12,44.64,43.66,44.22,99734.0
2022-07-07,44.69,45.0,44.63,44.63,107008.0
2022-07-08,44.94,44.94,44.31,44.32,83635.0
2022-07-11,44.13,44.65,44.13,44.24,74496.0
2022-07-12,43.83,44.62,43.83,44.03,75946.0
2022-07-13,43.77,44.13,43.56,43.92,84548.0
2022-07-14,42.98,42.98,41.7,41.81,207991.0
2022-07-15,42.65,42.65,41.88,42.15,226265.0
2022-07-18,42.61,42.78,41.74,41.74,116304.0
2022-07-19,42.15,42.89,42.0,42.87,147864.0
2022-07-20,42.75,42.92,42.23,42.75,92619.0
2022-07-21,42.42,42.82,42.03,42.8,81389.0
2022-07-22,42.71,42.94,42.2,42.46,49967.0
2022-07-25,42.71,43.29,42.65,42.87,146000.0
2022-07-26,42.86,43.19,42.7,43.15,89699.0
2022-07-27,43.13,43.13,42.3,42.87,110015.0
2022-07-28,42.75,42.75,41.5,42.22,114255.0
2022-07-29,42.1,42.97,42.1,42.42,161402.0
2022-08-01,41.37,41.86,39.62,41.14,715981.0
2022-08-02,40.93,41.0,39.85,39.94,278638.0
2022-08-03,40.07,40.51,39.82,40.04,267944.0
2022-08-04,39.81,40.19,39.57,39.63,190790.0
2022-08-05,39.69,40.2,39.65,40.01,174085.0
2022-08-08,40.27,40.82,40.15,40.35,179639.0
2022-08-09,40.46,40.88,40.19,40.41,264631.0
2022-08-10,40.81,41.03,40.49,40.7,336607.0
2022-08-11,41.13,41.56,40.95,41.41,239875.0
2022-08-12,41.17,41.78,41.1,41.7,214340.0
2022-08-15,41.37,42.09,41.37,41.83,211637.0
2022-08-16,41.92,42.46,41.86,42.26,171677.0
2022-08-17,41.92,42.56,41.92,42.29,156788.0
2022-08-18,42.39,42.59,42.01,42.31,104122.0
2022-08-19,42.41,42.41,41.66,41.74,132868.0
2022-08-22,41.36,41.36,40.66,40.73,110951.0
2022-08-23,40.79,40.79,40.22,40.29,178658.0
2022-08-24,40.42,40.42,39.7,40.01,362454.0
2022-08-25,40.18,40.74,40.17,40.71,106718.0
2022-08-26,40.72,40.72,40.09,40.19,106454.0
2022-08-29,39.91,40.12,39.49,39.55,123235.0
2022-08-30,39.53,39.54,38.67,38.67,165672.0
2022-08-31,38.69,39.14,38.42,38.46,282156.0
2022-09-01,38.41,38.97,38.23,38.77,233354.0
2022-09-02,39.03,39.89,38.72,38.92,174101.0
2022-09-06,39.22,39.97,39.1,39.64,258161.0
2022-09-07,39.34,39.97,39.34,39.81,587124.0
2022-09-08,39.71,40.33,39.71,40.16,225094.0
2022-09-09,40.79,40.79,40.04,40.06,168770.0
2022-09-12,40.21,40.48,39.84,39.89,410712.0
2022-09-13,39.37,39.75,38.72,38.83,412405.0
2022-09-14,38.95,39.04,37.99,38.35,374534.0
2022-09-15,38.3,38.67,38.1,38.3,345995.0
2022-09-16,38.22,38.55,37.91,38.26,1221978.0
2022-09-19,38.07,39.76,38.07,39.72,442006.0
2022-09-20,39.36,39.59,38.48,38.91,420549.0
2022-09-21,39.51,39.55,38.26,38.27,289248.0
2022-09-22,38.36,38.36,37.39,37.6,356896.0
2022-09-23,37.19,37.36,36.61,37.1,303096.0
2022-09-26,36.92,37.15,35.9,36.23,309082.0
2022-09-27,36.43,36.76,36.09,36.7,792403.0
2022-09-28,36.81,37.46,36.69,37.26,2331219.0
2022-09-29,37.11,37.31,36.53,37.15,333525.0
2022-09-30,37.0,37.45,36.87,36.9,295509.0
2022-10-03,36.99,37.9,36.61,37.68,339288.0
2022-10-04,37.97,39.18,37.97,39.11,404770.0
2022-10-05,38.68,38.98,38.42,38.69,210212.0
2022-10-06,38.44,38.55,38.11,38.27,172949.0
2022-10-07,37.98,37.98,37.33,37.49,200736.0
2022-10-10,37.59,38.02,37.57,37.88,174800.0
2022-10-11,37.72,38.8,37.72,38.35,204909.0
2022-10-12,38.05,38.64,37.84,37.85,201646.0
2022-10-13,37.42,39.45,37.11,39.32,196719.0
2022-10-14,39.63,39.81,38.79,38.88,189303.0
2022-10-17,39.54,39.75,38.89,39.24,192999.0
2022-10-18,39.97,40.08,39.62,39.89,138300.0
2022-10-19,39.76,40.49,39.72,40.17,179230.0
2022-10-20,39.84,40.16,39.09,39.35,189151.0
2022-10-21,39.24,40.39,39.04,40.37,204420.0
2022-10-24,40.59,40.87,40.25,40.39,333488.0
2022-10-25,40.03,40.82,39.86,40.79,204272.0
2022-10-26,41.13,41.36,40.66,40.68,213179.0
2022-10-27,40.91,41.65,40.91,41.13,236013.0
2022-10-28,41.31,42.19,41.27,42.14,299267.0
2022-10-31,41.92,42.46,40.84,41.7,346549.0
2022-11-01,42.18,42.67,41.95,42.4,362998.0
2022-11-02,42.16,42.56,41.56,41.75,233939.0
2022-11-03,41.35,41.54,40.94,41.11,183046.0
2022-11-04,41.89,42.3,41.53,42.27,224174.0
2022-11-07,42.55,42.55,41.69,42.23,146288.0
2022-11-08,42.49,42.49,41.6,41.92,143281.0
2022-11-09,41.76,41.97,41.19,41.3,121680.0
2022-11-10,42.32,42.67,42.1,42.44,142855.0
2022-11-11,42.76,42.76,41.95,42.08,134122.0
2022-11-14,41.67,41.97,41.22,41.24,185731.0
2022-11-15,41.49,41.76,41.04,41.28,147577.0
2022-11-16,41.26,41.57,41.12,41.46,302040.0
2022-11-17,41.08,41.8,41.08,41.59,109552.0
2022-11-18,42.24,42.38,41.83,42.02,129476.0
2022-11-21,41.97,42.46,41.88,42.19,147539.0
2022-11-22,42.25,42.58,42.22,42.44,132741.0
2022-11-23,42.27,42.46,42.1,42.2,112328.0
2022-11-25,42.45,42.86,42.31,42.85,56861.0
2022-11-28,42.49,42.67,42.07,42.27,149022.0
2022-11-29,42.22,42.59,42.13,42.46,87704.0
2022-11-30,42.3,42.66,41.65,42.58,173582.0
2022-12-01,42.87,42.87,42.2,42.21,119164.0
2022-12-02,41.69,42.4,41.69,41.95,203088.0
2022-12-05,41.9,41.9,41.21,41.49,192925.0
2022-12-06,41.44,41.76,41.32,41.65,169069.0
2022-12-07,41.41,41.71,41.12,41.14,187808.0
2022-12-08,41.2,41.69,41.2,41.54,114838.0
2022-12-09,41.3,41.71,41.3,41.41,118100.0
2022-12-12,41.36,41.77,41.04,41.76,122317.0
2022-12-13,42.32,42.32,41.25,41.25,462763.0
2022-12-14,41.26,41.96,41.14,41.18,154744.0
2022-12-15,40.8,41.34,40.63,40.88,132763.0
2022-12-16,40.52,40.97,40.19,40.65,378050.0
2022-12-19,40.71,41.13,40.32,40.36,285736.0
2022-12-20,40.38,41.25,40.02,40.82,329011.0
2022-12-21,41.11,41.51,41.05,41.45,199323.0
2022-12-22,41.21,41.48,40.77,41.45,153377.0
2022-12-23,41.43,41.94,41.39,41.85,78912.0
2022-12-27,41.84,42.18,41.47,41.96,67341.0
2022-12-28,42.01,42.31,41.76,41.8,123062.0
2022-12-29,41.83,42.62,41.83,42.42,133516.0
2022-12-30,42.14,42.5,42.01,42.28,164492.0
2023-01-03,42.22,42.38,41.52,42.38,300705.0
2023-01-04,42.54,43.28,42.54,43.1,179472.0
2023-01-05,42.86,43.1,42.46,42.85,96301.0
2023-01-06,43.2,43.8,43.2,43.66,197453.0
2023-01-09,43.66,43.66,42.86,42.88,134852.0
2023-01-10,42.97,43.28,42.61,43.01,166148.0
2023-01-11,43.15,43.63,43.05,43.53,105645.0
2023-01-12,43.64,43.7,43.25,43.27,99097.0
2023-01-13,42.87,43.4,42.72,43.25,92783.0
2023-01-17,43.23,43.23,42.68,42.86,170871.0
2023-01-18,42.82,43.0,42.49,42.53,116823.0
2023-01-19,42.34,42.45,41.67,41.94,82182.0
2023-01-20,42.16,42.16,41.47,41.93,113315.0
2023-01-23,42.1,42.61,41.95,42.52,104196.0
2023-01-24,42.58,43.13,42.36,42.99,69795.0
2023-01-25,42.92,43.41,42.75,42.9,75492.0
2023-01-26,43.02,43.52,43.0,43.46,195458.0
2023-01-27,43.41,43.41,42.88,43.15,88996.0
2023-01-30,43.09,43.69,42.98,43.0,137807.0
2023-01-31,43.22,43.56,42.89,43.56,139964.0
2023-02-01,43.29,43.34,42.4,42.66,245233.0
2023-02-02,42.62,42.85,41.36,41.74,224532.0
2023-02-03,41.69,41.77,41.21,41.72,199965.0
2023-02-06,42.26,43.04,41.5,42.62,327789.0
2023-02-07,42.62,44.39,42.62,44.18,316959.0
2023-02-08,43.84,44.46,43.77,44.14,194464.0
2023-02-09,44.26,44.78,44.01,44.2,207171.0
2023-02-10,44.2,44.46,44.09,44.24,226938.0
2023-02-13,44.33,45.19,44.33,44.9,295627.0
2023-02-14,44.96,45.42,44.46,44.55,282067.0
2023-02-15,44.4,45.02,44.24,45.01,326380.0
2023-02-16,44.86,45.17,44.7,44.76,333505.0
2023-02-17,43.1,43.64,42.86,43.37,265772.0
2023-02-21,43.12,43.39,42.74,43.26,251227.0
2023-02-22,43.14,43.58,43.13,43.38,270891.0
2023-02-23,43.44,43.97,43.33,43.79,241903.0
2023-02-24,43.67,44.24,43.51,44.21,191256.0
2023-02-27,44.39,44.67,43.64,43.79,251211.0
2023-02-28,43.7,43.94,43.55,43.78,211216.0
2023-03-01,43.61,44.26,43.54,43.94,201567.0
2023-03-02,43.75,43.91,43.44,43.88,217029.0
2023-03-03,43.99,44.05,43.65,43.97,137446.0
2023-03-06,44.0,44.22,43.31,43.34,266314.0
2023-03-07,43.34,43.58,42.47,42.59,159909.0
2023-03-08,42.59,42.62,41.42,41.7,203944.0
2023-03-09,41.72,41.72,40.31,40.34,209674.0
2023-03-10,40.0,40.46,39.62,39.8,205249.0
2023-03-13,38.9,39.04,37.83,38.06,330636.0
2023-03-14,39.19,39.2,37.93,38.2,356529.0
2023-03-15,37.24,37.52,36.17,37.1,319776.0
2023-03-16,36.9,38.84,36.82,38.64,293676.0
2023-03-17,38.32,38.32,36.62,36.78,589868.0
2023-03-20,37.02,38.28,37.02,38.05,344655.0
2023-03-21,38.75,39.05,38.54,38.8,231018.0
2023-03-22,38.82,38.97,37.67,37.7,179722.0
2023-03-23,37.74,37.83,36.66,36.85,186057.0
2023-03-24,36.45,37.3,36.34,37.27,161843.0
2023-03-27,37.84,38.18,37.53,37.87,184910.0
2023-03-28,37.78,38.24,37.78,38.03,181778.0
2023-03-29,38.46,38.66,38.34,38.53,181159.0
2023-03-30,38.67,39.0,38.49,38.71,146430.0
2023-03-31,38.95,39.13,38.84,39.03,184787.0
2023-04-03,39.03,39.63,39.01,39.09,160868.0
2023-04-04,39.3,39.39,38.07,38.48,130534.0
2023-04-05,38.29,38.8,38.29,38.69,119527.0
2023-04-06,38.74,39.34,38.67,38.91,138884.0
2023-04-10,38.88,39.11,38.73,38.93,101414.0
2023-04-11,39.0,39.1,38.8,38.88,114015.0
2023-04-12,38.97,39.43,38.97,39.28,107632.0
2023-04-13,38.95,39.5,38.65,39.45,130954.0
2023-04-14,39.79,39.79,38.98,39.22,149898.0
2023-04-17,39.19,39.98,39.13,39.97,113683.0
2023-04-18,39.95,40.16,39.6,39.83,149623.0
2023-04-19,40.02,40.48,39.87,40.18,133165.0
2023-04-20,40.13,40.37,39.6,39.83,208253.0
2023-04-21,39.89,39.89,38.9,39.21,161005.0
2023-04-24,39.2,39.57,38.98,39.08,75099.0
2023-04-25,38.73,39.05,38.71,38.84,129768.0
2023-04-26,38.6,39.03,37.64,37.88,240670.0
2023-04-27,38.04,38.78,37.85,38.53,181378.0
2023-04-28,38.45,39.26,38.45,38.91,131021.0
2023-05-01,37.41,39.1,36.75,39.05,380443.0
2023-05-02,38.96,39.51,38.44,39.28,323327.0
2023-05-03,39.74,40.49,39.47,40.02,191445.0
2023-05-04,39.88,40.03,39.07,39.65,188259.0
2023-05-05,40.04,40.5,39.83,39.93,149919.0
2023-05-08,40.0,40.18,39.8,40.11,93890.0
2023-05-09,39.92,40.33,39.77,40.2,139112.0
2023-05-10,40.38,40.77,39.99,40.28,222850.0
2023-05-11,39.98,40.38,39.9,40.32,116187.0
2023-05-12,40.03,40.3,39.53,39.85,85620.0
2023-05-15,39.99,40.12,39.47,39.74,109618.0
2023-05-16,39.56,40.01,39.11,39.32,121310.0
2023-05-17,39.53,39.53,39.11,39.4,156163.0
2023-05-18,39.33,39.66,39.01,39.62,86602.0
2023-05-19,39.89,40.13,39.23,39.27,151273.0
2023-05-22,39.31,39.62,38.51,38.88,132293.0
2023-05-23,38.79,39.12,38.51,38.51,116048.0
2023-05-24,38.31,38.33,37.8,37.85,120865.0
2023-05-25,37.56,37.77,37.13,37.35,112423.0
2023-05-26,37.46,37.46,36.41,36.85,234998.0
2023-05-30,36.85,37.13,36.49,37.0,163429.0
2023-05-31,36.99,37.08,36.61,36.86,168330.0
2023-06-01,36.96,37.16,36.64,36.92,207395.0
2023-06-02,37.19,38.27,37.19,38.21,107564.0
2023-06-05,38.29,38.62,38.11,38.59,178269.0
2023-06-06,38.71,39.17,38.55,39.08,214044.0
2023-06-07,39.26,40.06,39.03,40.01,156480.0
2023-06-08,40.01,40.11,39.55,39.62,157688.0
2023-06-09,39.6,39.89,39.26,39.55,170163.0
2023-06-12,39.38,39.38,38.11,38.8,308364.0
2023-06-13,39.07,39.58,38.9,38.97,144980.0
2023-06-14,39.14,39.29,37.83,37.93,126808.0
2023-06-15,37.98,38.4,37.81,38.24,137442.0
2023-06-16,38.48,38.78,38.27,38.51,508950.0
2023-06-20,38.43,38.87,37.89,38.35,162428.0
2023-06-21,38.25,38.57,37.9,38.43,147198.0
2023-06-22,38.53,39.03,38.18,38.99,214836.0
2023-06-23,38.78,39.33,38.53,39.14,797432.0
2023-06-26,39.34,39.53,38.84,39.2,175337.0
2023-06-27,39.26,39.62,39.04,39.07,125861.0
2023-06-28,38.89,38.89,38.17,38.29,149403.0
2023-06-29,38.49,38.76,38.49,38.57,160159.0
2023-06-30,38.72,38.83,38.29,38.62,207448.0
2023-07-03,38.49,39.24,38.35,38.86,109067.0
2023-07-05,38.59,38.78,38.0,38.66,137895.0
2023-07-06,38.33,38.73,38.2,38.57,111254.0
2023-07-07,38.63,39.29,38.39,38.9,195835.0
2023-07-10,38.87,39.09,38.16,38.27,115136.0
2023-07-11,37.87,38.58,37.87,38.55,162640.0
2023-07-12,38.68,38.92,38.17,38.26,148254.0
2023-07-13,37.97,38.43,37.93,38.33,144915.0
2023-07-14,38.28,38.28,37.54,37.75,153868.0
2023-07-17,37.8,38.44,37.74,38.03,85385.0
2023-07-18,38.06,38.48,38.06,38.1,100607.0
2023-07-19,38.29,38.53,38.08,38.24,91746.0
2023-07-20,38.44,38.97,38.44,38.97,89032.0
2023-07-21,39.13,39.16,38.77,39.01,111958.0
2023-07-24,38.92,39.1,38.65,38.98,83969.0
2023-07-25,39.23,39.23,38.75,39.12,227839.0
2023-07-26,39.26,40.39,39.26,40.15,182535.0
2023-07-27,40.22,40.57,39.99,40.23,172249.0
2023-07-28,40.4,40.47,39.8,39.94,202769.0
2023-07-31,39.51,39.93,38.0,39.16,318725.0
2023-08-01,39.28,39.68,38.83,39.51,180641.0
2023-08-02,39.5,40.5,39.14,40.26,4665876.0
2023-08-03,40.49,43.3,40.49,43.1,471217.0
2023-08-04,42.83,43.19,41.83,41.85,310386.0
2023-08-07,42.25,42.59,42.12,42.14,180998.0
2023-08-08,41.74,42.04,41.15,41.28,155614.0
2023-08-09,41.13,41.42,40.77,41.12,162467.0
2023-08-10,41.22,41.66,41.07,41.16,138249.0
2023-08-11,40.78,41.07,40.69,41.02,86109.0
2023-08-14,41.08,41.15,40.4,40.44,81800.0
2023-08-15,40.05,40.14,39.65,39.9,90867.0
2023-08-16,39.79,40.1,39.78,40.01,116455.0
2023-08-17,40.15,40.37,39.43,39.44,138396.0
2023-08-18,39.39,39.65,39.17,39.29,100728.0
2023-08-21,39.36,39.36,38.94,39.07,80839.0
2023-08-22,39.08,39.18,38.63,38.8,85108.0
2023-08-23,38.82,39.16,38.75,39.04,94725.0
2023-08-24,38.88,39.47,38.88,39.01,72990.0
2023-08-25,39.08,39.35,38.83,39.15,75117.0
2023-08-28,39.19,39.68,39.01,39.13,83291.0
2023-08-29,39.37,39.55,39.06,39.47,131772.0
2023-08-30,39.45,39.68,39.31,39.59,94586.0
2023-08-31,39.63,39.71,39.15,39.33,139124.0
2023-09-01,39.73,39.81,39.52,39.64,85660.0
2023-09-05,39.44,39.68,38.88,38.88,148960.0
2023-09-06,38.48,39.04,38.04,38.79,114740.0
2023-09-07,38.84,39.01,38.44,38.48,274599.0
2023-09-08,38.42,38.73,38.23,38.44,124918.0
2023-09-11,38.57,38.97,38.54,38.62,80160.0
2023-09-12,38.66,39.45,38.48,39.25,99504.0
2023-09-13,39.34,39.67,38.93,39.08,107173.0
2023-09-14,39.44,39.64,39.28,39.45,124278.0
2023-09-15,39.56,39.8,39.09,39.14,473696.0
2023-09-18,39.24,40.27,39.02,40.2,155750.0
2023-09-19,40.24,40.62,40.21,40.24,135563.0
2023-09-20,40.41,41.08,40.4,40.67,180740.0
2023-09-21,40.44,40.88,40.35,40.37,117940.0
2023-09-22,40.32,40.69,40.2,40.4,132494.0
2023-09-25,40.29,40.53,40.15,40.26,107384.0
2023-09-26,40.17,40.46,39.65,39.66,109039.0
2023-09-27,39.83,39.85,39.38,39.68,72682.0
2023-09-28,39.75,40.07,39.62,39.71,64735.0
2023-09-29,39.8,39.8,39.29,39.35,93960.0
2023-10-02,39.22,39.31,38.41,39.04,164476.0
2023-10-03,38.86,38.96,38.24,38.34,90042.0
2023-10-04,38.34,38.66,37.95,38.64,180367.0
2023-10-05,38.55,39.06,38.53,38.96,93557.0
2023-10-06,38.9,39.33,38.86,39.21,122769.0
2023-10-09,39.05,39.8,38.92,39.75,106923.0
2023-10-10,39.84,40.0,39.56,39.58,160663.0
2023-10-11,39.53,40.33,39.53,40.27,168857.0
2023-10-12,40.3,40.56,39.87,39.94,118458.0
2023-10-13,40.23,40.65,40.06,40.24,102728.0
2023-10-16,40.44,41.21,40.44,41.15,121436.0
2023-10-17,41.05,41.78,41.05,41.44,143958.0
2023-10-18,41.29,41.39,40.99,41.06,72577.0
2023-10-19,41.15,41.26,40.25,40.32,116461.0
2023-10-20,40.54,40.54,39.45,39.49,149109.0
2023-10-23,39.4,39.49,39.0501,39.29,100015.0
2023-10-24,39.48,39.915,39.3458,39.86,90408.0
2023-10-25,39.89,40.8,39.89,40.52,124293.0
2023-10-26,40.65,40.97,40.1,40.23,191472.0
2023-10-27,40.1,40.1,39.32,39.53,136046.0
2023-10-30,40.67,40.67,38.75,39.2,155720.0
2023-10-31,39.42,40.67,39.42,40.4,169312.0
2023-11-01,40.4,41.1,40.1929,40.75,164980.0
2023-11-02,40.77,40.91,40.01,40.42,219950.0
2023-11-03,40.6,40.625,40.01,40.04,151318.0
2023-11-06,39.97,40.17,39.71,39.91,262764.0
2023-11-07,39.77,39.77,39.48,39.56,143587.0
2023-11-08,39.48,39.64,39.11,39.2,104862.0
2023-11-09,39.21,39.52,39.01,39.44,138796.0
2023-11-10,38.98,39.025,38.32,38.96,150059.0
2023-11-13,38.99,39.23,38.87,39.09,100150.0
2023-11-14,38.99,39.65,38.8722,39.51,160778.0
2023-11-15,39.45,39.57,39.185,39.22,111776.0
2023-11-16,39.35,39.77,39.35,39.74,151558.0
2023-11-17,39.8,40.29,39.8,40.12,192262.0
2023-11-20,39.97,40.82,39.75,40.66,208350.0
2023-11-21,40.75,41.45,40.75,41.25,190821.0
2023-11-22,41.16,41.61,40.98,41.51,138740.0
2023-11-24,41.64,42.21,41.64,41.81,67983.0
2023-11-27,41.81,42.055,41.5901,41.92,142973.0
2023-11-28,41.99,42.065,41.35,41.45,110311.0
2023-11-29,41.51,41.64,41.1901,41.4,119409.0
2023-11-30,41.41,42.17,41.41,42.13,139193.0
2023-12-01,42.08,42.42,41.99,42.22,139019.0
2023-12-04,42.18,42.875,42.18,42.69,158387.0
2023-12-05,42.69,43.5789,42.6,43.24,217442.0
2023-12-06,43.02,43.42,41.97,42.28,213460.0
2023-12-07,42.49,42.49,41.61,41.65,143102.0
2023-12-08,41.53,41.56,41.2,41.55,184850.0
2023-12-11,41.65,41.91,41.56,41.67,136698.0
2023-12-12,41.51,41.92,41.45,41.78,154283.0
2023-12-13,41.7,42.25,41.31,42.25,644958.0
2023-12-14,42.28,42.28,41.13,41.26,231259.0
2023-12-15,41.39,41.625,40.92,41.22,378877.0
2023-12-18,41.25,41.905,40.985,41.85,147887.0
2023-12-19,41.75,42.37,41.7,42.33,202055.0
2023-12-20,42.24,42.45,41.99,42.12,260821.0
2023-12-21,42.13,42.25,41.425,41.91,134926.0
2023-12-22,42.16,42.34,41.85,42.03,103503.0
2023-12-26,42.05,42.1504,41.845,42.02,91584.0
2023-12-27,41.98,42.095,41.83,41.86,125051.0
2023-12-28,41.86,42.315,41.86,42.27,151918.0
2023-12-29,42.39,42.69,42.02,42.31,154533.0
2024-01-02,42.42,42.8833,42.42,42.74,175859.0
2024-01-03,42.7,42.93,42.395,42.42,346752.0
2024-01-04,42.68,43.3,42.35,42.95,422049.0
2024-01-05,43.15,43.71,43.15,43.38,474116.0
2024-01-08,43.36,43.445,42.445,42.69,153438.0
2024-01-09,42.5,42.7,41.73,42.32,193797.0
2024-01-10,42.15,42.44,42.045,42.16,120869.0
2024-01-11,42.02,42.39,41.64,42.35,144525.0
2024-01-12,42.55,42.67,42.08,42.22,117125.0
2024-01-16,42.41,42.46,42.065,42.43,203847.0
2024-01-17,42.45,42.95,42.33,42.53,173139.0
2024-01-18,42.54,43.14,42.24,43.02,159226.0
2024-01-19,43.62,43.62,43.16,43.33,203577.0
2024-01-22,43.35,44.36,43.35,44.35,195176.0
2024-01-23,44.27,44.5,44.0344,44.36,153005.0
2024-01-24,44.61,44.86,44.47,44.55,138857.0
2024-01-25,44.74,44.74,44.18,44.4,136694.0
2024-01-26,44.58,44.58,44.25,44.43,94854.0
2024-01-29,44.4,44.415,43.88,44.11,186267.0
2024-01-30,44.17,44.34,43.93,44.26,186338.0
2024-01-31,44.5,44.7,44.06,44.07,197178.0
2024-02-01,43.76,44.06,42.8,43.45,209701.0
2024-02-02,43.55,43.74,43.07,43.32,252130.0
2024-02-05,45.75,46.87,44.675,46.42,787954.0
2024-02-06,45.58,46.18,45.17,46.09,521321.0
2024-02-07,46.15,46.955,46.0875,46.45,398110.0
2024-02-08,46.25,46.4599,45.23,45.29,242486.0
2024-02-09,45.2,46.02,45.0,45.91,216665.0
2024-02-12,46.13,46.7,45.8501,46.33,533924.0
2024-02-13,46.41,46.59,45.62,46.03,222890.0
2024-02-14,46.11,46.535,45.9,46.16,214183.0
2024-02-15,46.3,47.37,46.3,47.18,730798.0
2024-02-16,44.84,45.06,44.36,44.45,307717.0
2024-02-20,44.29,44.9049,44.0281,44.32,193567.0
2024-02-21,44.35,44.37,43.5304,43.84,206721.0
2024-02-22,43.81,44.32,43.63,44.28,139961.0
2024-02-23,44.41,44.63,44.23,44.5,126570.0
2024-02-26,44.52,44.71,44.0,44.11,98181.0
2024-02-27,44.19,44.4,43.94,44.34,114911.0
2024-02-28,44.4,44.574,44.04,44.28,101634.0
2024-02-29,44.35,44.36,43.84,43.95,111962.0
2024-03-01,43.84,44.0,43.05,43.06,210384.0
2024-03-04,42.96,43.525,42.96,43.38,175069.0
2024-03-05,43.43,44.24,43.43,43.84,229529.0
2024-03-06,43.85,44.495,43.61,44.26,406685.0
2024-03-07,44.13,44.34,43.54,43.64,176614.0
2024-03-08,43.6,43.9,43.41,43.67,201581.0
2024-03-11,43.59,43.99,43.55,43.84,117261.0
2024-03-12,43.72,44.5,43.68,44.37,247307.0
2024-03-13,44.4,44.61,43.7,44.09,296278.0
2024-03-14,44.11,44.16,43.57,44.12,177573.0
2024-03-15,44.03,44.45,44.0,44.31,275587.0
2024-03-18,44.19,44.47,44.06,44.15,164605.0
2024-03-19,44.37,44.63,44.1671,44.35,185480.0
2024-03-20,44.21,44.56,44.01,44.3,216337.0
2024-03-21,44.27,44.42,43.82,43.9,187710.0
2024-03-22,43.92,44.13,43.85,44.11,167211.0
2024-03-25,44.21,44.76,44.14,44.41,149888.0
2024-03-26,44.43,44.84,44.25,44.36,239504.0
2024-03-27,44.65,44.91,44.65,44.85,96976.0
2024-03-28,44.97,45.5,44.9599,45.42,220333.0
2024-04-01,45.31,45.31,44.72,44.76,122487.0
2024-04-02,44.76,45.11,43.74,43.88,222631.0
2024-04-03,43.89,44.22,43.88,44.17,133133.0
2024-04-04,44.28,44.42,43.52,43.67,169006.0
2024-04-05,43.62,44.08,43.62,44.08,117099.0
2024-04-08,44.14,44.33,43.98,44.05,156345.0
2024-04-09,44.14,44.47,43.665,44.1,296880.0
2024-04-10,44.0,44.25,43.75,44.01,156476.0
2024-04-11,43.82,43.82,43.15,43.3,177001.0
2024-04-12,43.23,43.63,43.11,43.34,116838.0
2024-04-15,43.6,43.85,43.2,43.21,178652.0
2024-04-16,43.33,43.39,43.04,43.26,157490.0
2024-04-17,43.14,43.24,42.64,42.81,160323.0
2024-04-18,43.04,43.4079,42.99,43.34,119879.0
2024-04-19,43.66,44.54,43.655,44.44,195161.0
2024-04-22,44.55,44.81,44.1,44.56,213496.0
2024-04-23,44.6,44.79,44.12,44.19,163804.0
2024-04-24,43.98,44.3,43.86,44.23,130639.0
2024-04-25,44.26,44.4286,43.64,43.66,234213.0
2024-04-26,43.68,43.68,42.89,43.24,185967.0
2024-04-29,43.31,43.825,43.31,43.74,143958.0
2024-04-30,43.59,44.12,43.5722,43.94,157472.0
2024-05-01,44.06,44.69,44.06,44.53,161783.0
2024-05-02,44.7,44.788,44.34,44.58,184621.0
2024-05-03,44.49,44.58,43.83,44.4,205539.0
2024-05-06,42.93,44.72,42.33,44.54,328930.0
2024-05-07,44.68,44.82,44.095,44.16,262188.0
2024-05-08,44.32,45.02,44.32,44.78,239737.0
2024-05-09,44.55,45.12,44.55,44.81,291015.0
2024-05-10,44.89,45.18,44.89,44.95,171046.0
2024-05-13,44.95,45.25,44.82,44.85,203824.0
2024-05-14,44.87,44.93,44.46,44.64,202881.0
2024-05-15,44.47,44.69,44.33,44.58,186096.0
2024-05-16,44.82,45.2,44.7048,45.03,183401.0
2024-05-17,44.98,45.29,44.885,45.28,128283.0
2024-05-20,45.3,45.33,44.4,44.41,300362.0
2024-05-21,44.36,45.0,44.36,44.93,279144.0
2024-05-22,44.89,45.08,44.58,44.59,206076.0
2024-05-23,44.44,44.46,44.0,44.04,220100.0
2024-05-24,44.21,44.245,43.83,44.05,115973.0
2024-05-28,45.3,45.47,44.16,44.54,540031.0
2024-05-29,44.63,44.94,44.32,44.67,557866.0
2024-05-30,44.57,45.5,44.55,45.33,1784447.0
2024-05-31,45.48,45.95,45.37,45.94,377549.0
2024-06-03,45.86,45.92,45.23,45.59,212473.0
2024-06-04,45.39,45.62,44.9801,45.04,220892.0
2024-06-05,45.11,45.27,44.62,45.14,296132.0
2024-06-06,45.0,45.36,44.45,44.58,258397.0
2024-06-07,44.76,44.98,44.57,44.64,301159.0
2024-06-10,44.55,44.71,44.07,44.41,259845.0
2024-06-11,44.36,44.54,43.9859,44.31,224286.0
2024-06-12,44.31,44.42,43.8,43.99,263909.0
2024-06-13,43.98,43.98,43.2,43.38,196903.0
2024-06-14,43.15,43.36,42.85,43.33,140015.0
2024-06-17,43.2,43.8,43.1101,43.67,219990.0
2024-06-18,43.8,44.4,43.66,44.33,163683.0
2024-06-20,44.43,44.77,44.28,44.62,131594.0
2024-06-21,44.79,44.88,44.135,44.37,289153.0
2024-06-24,44.6,45.13,44.59,45.02,147031.0
2024-06-25,44.99,45.2,44.69,44.69,253242.0
2024-06-26,44.51,44.82,44.09,44.79,312766.0
2024-06-27,44.68,45.14,44.47,45.07,205111.0
2024-06-28,45.07,46.44,44.66,46.07,2485623.0
2024-07-01,46.3,46.7299,45.57,45.57,389529.0
2024-07-02,45.39,45.785,45.13,45.49,364159.0
2024-07-03,45.49,45.78,45.21,45.21,301130.0
2024-07-05,45.13,45.44,44.42,44.75,233769.0
2024-07-08,45.1,45.43,44.92,44.97,218026.0
2024-07-09,45.0,45.87,44.9,45.48,236883.0
2024-07-10,45.54,46.21,45.54,46.19,253452.0
2024-07-11,46.4,46.98,46.305,46.88,221326.0
2024-07-12,47.0,47.51,46.985,47.43,227434.0
2024-07-15,47.56,48.05,47.36,47.42,243368.0
2024-07-16,47.61,48.28,47.57,47.88,224120.0
2024-07-17,48.1,49.18,48.1,48.68,425790.0
2024-07-18,48.75,49.52,48.6,48.86,275378.0
2024-07-19,49.2,49.2,47.15,47.3,329977.0
2024-07-22,47.19,47.64,47.0501,47.33,337791.0
2024-07-23,47.46,47.48,47.16,47.27,184874.0
2024-07-24,47.31,47.62,47.0116,47.2,206695.0
2024-07-25,47.34,48.33,47.2,47.73,160739.0
2024-07-26,47.97,48.96,47.915,48.51,239470.0
2024-07-29,50.0,50.79,48.78,49.24,506510.0
2024-07-30,47.75,50.01,47.75,49.73,459148.0
2024-07-31,49.92,49.92,49.03,49.16,259686.0
2024-08-01,49.63,49.63,48.714,49.14,211536.0
2024-08-02,48.7,49.39,48.54,48.89,315487.0
2024-08-05,48.39,48.615,47.46,48.01,422279.0
2024-08-06,47.97,48.82,47.63,48.43,356190.0
2024-08-07,48.65,49.21,48.16,48.32,296696.0
2024-08-08,48.42,48.77,48.125,48.63,158602.0
2024-08-09,48.8,49.32,48.41,49.16,305180.0
2024-08-12,48.94,48.94,48.01,48.04,519882.0
2024-08-13,48.27,48.325,47.77,48.01,174456.0
2024-08-14,48.03,48.69,47.98,48.6,227107.0
2024-08-15,49.03,49.2715,48.62,48.8,227711.0
2024-08-16,48.79,49.555,48.645,49.42,296275.0
2024-08-19,49.51,49.9,49.51,49.89,200550.0
2024-08-20,49.96,50.06,49.47,49.49,215012.0
2024-08-21,49.73,49.73,49.1601,49.61,153858.0
2024-08-22,49.48,50.02,49.42,50.0,118143.0
2024-08-23,50.2,50.96,50.11,50.74,179728.0
2024-08-26,50.97,51.7,50.875,51.23,168550.0
2024-08-27,51.32,51.73,51.1058,51.37,308656.0
2024-08-28,51.44,52.15,51.44,51.81,270277.0
2024-08-29,51.95,52.21,51.47,51.82,210223.0
2024-08-30,51.81,52.135,51.48,51.92,193739.0
2024-09-03,51.93,52.36,51.57,51.7,246220.0
2024-09-04,51.85,52.14,51.61,51.95,228869.0
2024-09-05,52.24,52.24,50.9639,51.24,160824.0
2024-09-06,51.21,51.6361,51.08,51.1,240407.0
2024-09-09,51.17,51.87,50.68,51.62,307312.0
2024-09-10,51.84,51.9092,50.635,50.89,307920.0
2024-09-11,50.68,50.79,49.33,49.45,223151.0
2024-09-12,49.47,50.0,49.11,49.96,318706.0
2024-09-13,50.34,50.4199,50.0,50.23,186049.0
2024-09-16,50.57,50.79,50.41,50.52,325599.0
2024-09-17,50.39,50.51,49.94,50.16,299931.0
2024-09-18,50.17,50.42,49.87,50.08,263902.0
2024-09-19,50.31,50.44,49.68,50.2,340881.0
2024-09-20,50.16,50.16,48.18,48.52,2728655.0
2024-09-23,48.75,49.79,48.75,49.78,524977.0
2024-09-24,49.39,49.57,48.77,48.85,234176.0
2024-09-25,48.9,49.1237,48.49,48.51,310538.0
2024-09-26,48.64,49.08,48.43,48.85,573640.0
2024-09-27,49.06,49.29,48.89,48.9,168867.0
2024-09-30,48.9,49.04,48.3315,48.94,402362.0
2024-10-01,48.68,49.4,48.5908,49.11,261261.0
2024-10-02,49.02,49.1,48.56,48.56,274465.0
2024-10-03,48.37,48.5262,47.85,47.85,334583.0
2024-10-04,47.99,48.53,47.72,48.44,344713.0
2024-10-07,48.28,48.345,46.565,46.76,460136.0
2024-10-08,46.97,47.45,46.89,47.17,290198.0
2024-10-09,47.49,48.45,47.2256,48.39,389908.0
2024-10-10,49.22,49.22,48.16,48.53,370514.0
2024-10-11,49.01,49.4,48.7,49.04,293393.0
2024-10-14,49.01,49.53,48.68,49.48,212941.0
2024-10-15,49.8,50.2,49.445,49.54,327330.0
2024-10-16,49.8,50.22,49.735,50.17,267466.0
2024-10-17,50.5,50.76,50.32,50.73,194559.0
2024-10-18,50.8,50.8,50.395,50.7,169981.0
2024-10-21,50.65,50.838,49.61,49.8,197020.0
2024-10-22,49.6,49.675,48.71,49.48,341197.0
2024-10-23,49.38,49.93,48.99,49.64,348494.0
2024-10-24,49.56,49.77,49.37,49.53,210654.0
2024-10-25,49.76,49.76,48.5,48.58,316077.0
2024-10-28,48.83,49.46,48.7379,49.1,181836.0
2024-10-29,48.92,49.18,48.42,48.48,178883.0
2024-10-30,48.67,49.13,48.36,48.48,210277.0
2024-10-31,48.28,48.73,47.86,47.91,244000.0
2024-11-01,47.8,48.36,47.5,47.51,343822.0
2024-11-04,47.48,47.995,46.18,46.81,409226.0
2024-11-05,46.57,47.52,46.5,47.46,297511.0
2024-11-06,49.32,49.53,48.49,49.14,385021.0
2024-11-07,49.14,49.22,48.55,48.72,231328.0
2024-11-08,48.97,49.455,48.87,49.32,213749.0
2024-11-11,49.63,49.83,48.31,48.4,345935.0
2024-11-12,48.4,48.685,48.215,48.33,233955.0
2024-11-13,48.14,48.64,47.94,48.29,216560.0
2024-11-14,48.4,48.7,47.95,48.38,262676.0
2024-11-15,48.48,49.1876,48.39,48.99,255431.0
2024-11-18,48.69,49.13,48.4101,48.93,244402.0
2024-11-19,48.49,48.9,47.995,48.6,221147.0
2024-11-20,48.71,48.9,48.275,48.85,185552.0
2024-11-21,49.01,49.51,48.78,49.23,174012.0
2024-11-22,49.2,49.69,49.2,49.6,189723.0
2024-11-25,49.95,50.355,49.68,49.72,188231.0
2024-11-26,49.67,50.07,49.25,50.0,180991.0
2024-11-27,50.17,50.455,50.17,50.27,296698.0
2024-11-29,50.27,50.57,50.0,50.44,253565.0
2024-12-02,50.16,50.16,49.67,49.82,213492.0
2024-12-03,50.01,50.01,49.31,49.42,268491.0
2024-12-04,49.29,49.84,49.22,49.8,226405.0
2024-12-05,50.02,51.42,50.02,50.95,333478.0
2024-12-06,50.95,50.95,49.95,50.09,198343.0
2024-12-09,50.09,50.12,49.21,49.22,214783.0
2024-12-10,49.13,49.13,48.1,48.3,373049.0
2024-12-11,48.27,48.72,47.945,48.39,953491.0
2024-12-12,48.49,49.15,48.29,48.31,283042.0
2024-12-13,48.58,49.079,48.4,48.85,324973.0
2024-12-16,48.99,48.99,48.51,48.65,182729.0
2024-12-17,48.49,48.605,48.0681,48.4,185470.0
2024-12-18,48.23,48.365,47.05,47.12,214908.0
2024-12-19,47.18,48.06,47.11,47.66,224649.0
2024-12-20,47.38,48.59,47.38,48.21,351672.0
2024-12-23,47.84,48.44,47.81,48.24,184546.0
2024-12-24,48.32,48.66,48.19,48.62,65138.0
2024-12-26,48.5,48.93,48.45,48.93,335861.0
2024-12-27,48.55,49.1238,48.255,48.4,159758.0
2024-12-30,48.17,48.39,47.74,48.28,177188.0
2024-12-31,48.38,48.785,48.24,48.37,131889.0
2025-01-02,48.52,48.76,47.96,48.02,183569.0
2025-01-03,48.18,48.5499,47.73,47.81,231736.0
2025-01-06,47.71,48.08,46.86,47.0,295039.0
2025-01-07,47.15,47.6,46.95,47.43,205009.0
2025-01-08,47.4,47.54,46.92,47.52,166081.0
2025-01-10,46.94,47.14,45.71,45.86,344618.0
2025-01-13,45.76,46.475,45.76,46.27,230526.0
2025-01-14,46.39,47.465,46.103,47.33,253946.0
2025-01-15,48.07,48.18,47.77,48.07,148978.0
2025-01-16,48.12,48.88,48.015,48.76,150149.0
2025-01-17,48.63,49.08,48.63,48.86,221044.0
2025-01-21,48.98,49.4,48.75,48.8,171017.0
2025-01-22,48.98,49.11,48.1,48.16,228887.0
2025-01-23,48.04,48.26,47.77,48.14,186118.0
2025-01-24,47.97,48.73,47.94,48.71,236040.0
2025-01-27,48.98,50.34,48.98,50.14,238970.0
2025-01-28,49.94,50.3,49.15,49.44,149368.0
2025-01-29,49.22,50.03,49.22,49.77,380741.0
2025-01-30,50.12,50.12,49.15,49.44,198272.0
2025-01-31,49.21,49.495,48.78,49.06,174321.0
2025-02-03,48.33,49.01,47.99,48.85,207788.0
2025-02-04,48.94,49.25,48.67,48.69,179842.0
2025-02-05,48.95,49.045,48.43,48.83,281709.0
2025-02-06,49.18,49.75,48.91,49.65,206289.0
2025-02-07,49.63,49.72,48.93,49.01,393417.0
2025-02-10,49.51,51.34,49.02,49.59,553341.0
2025-02-11,49.1,49.24,47.025,48.97,590292.0
2025-02-12,48.7,48.849,48.2,48.61,426018.0
2025-02-13,48.6,49.569,48.5,49.36,353015.0
2025-02-14,49.26,49.5199,48.565,48.65,351160.0
2025-02-18,48.7,49.39,48.47,49.28,373652.0
2025-02-19,49.09,49.525,48.875,49.3,377090.0
2025-02-20,49.21,49.9,49.0,49.68,501027.0
2025-02-21,49.84,50.08,49.08,49.22,580531.0
2025-02-24,46.82,47.895,46.52,47.65,699770.0
2025-02-25,48.11,48.95,47.95,48.69,781615.0
2025-02-26,48.68,48.87,47.95,47.97,344626.0
2025-02-27,48.01,48.71,48.01,48.61,542704.0
2025-02-28,48.8,48.97,48.0201,48.97,342137.0
2025-03-03,49.13,49.86,48.925,49.85,361957.0
2025-03-04,49.73,49.73,48.37,48.37,396139.0
2025-03-05,48.45,48.9,48.03,48.36,476005.0
2025-03-06,48.31,48.31,47.59,48.22,394695.0
2025-03-07,48.14,48.72,48.03,48.34,285094.0
2025-03-10,48.22,49.21,47.845,48.11,601601.0
2025-03-11,48.03,48.12,47.235,47.85,422117.0
2025-03-12,47.74,47.93,47.17,47.58,315796.0
2025-03-13,47.66,48.51,47.66,48.08,351425.0
2025-03-14,48.24,49.08,48.035,49.0,364494.0
2025-03-17,48.86,49.61,48.76,49.34,349642.0
2025-03-18,49.57,49.77,49.01,49.07,283795.0
2025-03-19,49.11,49.29,48.83,49.26,303080.0
2025-03-20,49.49,49.515,49.07,49.2,324605.0
2025-03-21,49.2,49.56,48.74,48.74,1739296.0
2025-03-24,48.85,49.85,48.7401,49.8,401440.0
2025-03-25,49.98,50.15,49.13,49.8,267583.0
2025-03-26,50.14,50.59,49.995,50.26,305606.0
2025-03-27,50.46,51.055,50.1301,51.0,296578.0
2025-03-28,51.13,51.34,50.18,50.24,403208.0
2025-03-31,50.24,51.03,50.24,50.79,319070.0
2025-04-01,51.06,51.29,50.57,50.88,372221.0
2025-04-02,50.55,50.82,49.605,50.81,483304.0
2025-04-03,50.21,51.18,50.0458,50.73,1015740.0
2025-04-04,49.39,49.5,46.82,46.92,457064.0
2025-04-07,45.515,46.885,44.57,45.1,673963.0
2025-04-08,46.93,47.14,45.07,45.66,474576.0
2025-04-09,44.83,48.55,44.83,48.05,879640.0
2025-04-10,47.52,48.25,46.6854,47.73,631275.0
2025-04-11,47.43,47.7999,46.565,47.49,371269.0
2025-04-14,47.96,48.96,47.885,48.48,242626.0
2025-04-15,48.68,48.9579,48.185,48.31,227961.0
2025-04-16,48.56,48.93,47.555,47.74,303147.0
2025-04-17,48.0,48.2749,47.555,47.93,218473.0
2025-04-21,47.89,47.89,46.18,46.75,270804.0
2025-04-22,47.52,48.25,47.265,48.09,315430.0
2025-04-23,48.6,48.84,47.82,48.28,229259.0
2025-04-24,47.96,48.17,47.7,48.01,289030.0
2025-04-25,47.73,47.73,46.92,47.26,389576.0
