Date,open,high,low,close,volume
2015-04-27,28.9,29.12,28.78,28.78,288786.0
2015-04-28,28.92,29.03,28.81,28.96,287869.0
2015-04-29,28.37,28.43,27.95,28.29,334437.0
2015-04-30,27.94,28.14,27.85,27.95,257026.0
2015-05-01,28.06,28.21,27.7,28.18,356490.0
2015-05-04,28.24,28.25,28.02,28.19,175117.0
2015-05-05,27.9,28.16,27.88,28.1,298646.0
2015-05-06,28.11,28.41,27.86,28.3,352320.0
2015-05-07,27.87,28.25,27.82,28.16,294649.0
2015-05-08,28.98,29.23,28.94,29.09,287903.0
2015-05-11,28.83,28.91,28.6,28.78,558598.0
2015-05-12,28.53,28.64,28.35,28.45,199154.0
2015-05-13,28.4,28.62,28.25,28.43,260206.0
2015-05-14,28.62,28.77,28.45,28.76,254450.0
2015-05-15,28.66,28.8,28.46,28.76,194711.0
2015-05-18,28.5,28.59,28.36,28.57,234880.0
2015-05-19,28.7,28.79,28.64,28.69,234029.0
2015-05-20,28.72,28.96,28.67,28.72,283733.0
2015-05-21,28.8,28.96,28.68,28.93,237812.0
2015-05-22,28.68,28.69,28.29,28.29,214400.0
2015-05-26,27.93,27.93,27.15,27.28,592037.0
2015-05-27,27.93,28.24,27.92,28.18,357254.0
2015-05-28,28.24,28.27,27.96,28.22,229177.0
2015-05-29,28.43,28.45,27.91,28.04,295247.0
2015-06-01,27.85,27.9,27.34,27.55,201176.0
2015-06-02,27.6,27.77,27.47,27.59,262507.0
2015-06-03,28.33,28.61,28.18,28.2,308838.0
2015-06-04,28.06,28.35,27.68,27.75,282294.0
2015-06-05,27.54,27.76,27.48,27.64,203833.0
2015-06-08,27.72,27.91,27.68,27.84,424584.0
2015-06-09,27.65,27.67,27.36,27.55,153069.0
2015-06-10,28.15,28.65,28.11,28.49,305585.0
2015-06-11,29.06,29.25,28.98,29.17,456175.0
2015-06-12,28.58,28.86,28.4,28.58,391859.0
2015-06-15,28.6,28.66,28.38,28.5,393952.0
2015-06-16,28.19,28.58,28.13,28.52,181560.0
2015-06-17,29.01,29.08,28.56,28.89,340605.0
2015-06-18,28.55,29.8,28.53,29.26,519747.0
2015-06-19,29.52,29.7,29.36,29.43,428651.0
2015-06-22,30.01,30.25,29.91,30.09,333807.0
2015-06-23,30.26,30.47,30.11,30.17,728908.0
2015-06-24,29.94,30.02,29.59,29.66,288649.0
2015-06-25,29.65,29.69,29.36,29.48,570091.0
2015-06-26,29.36,29.4,29.09,29.21,399398.0
2015-06-29,28.64,28.72,28.12,28.18,438614.0
2015-06-30,28.57,28.57,27.96,28.11,403029.0
2015-07-01,28.57,28.61,28.14,28.35,483826.0
2015-07-02,28.33,28.41,28.27,28.4,196201.0
2015-07-06,27.7,27.97,27.58,27.78,993359.0
2015-07-07,27.28,27.61,26.66,27.55,471594.0
2015-07-08,26.93,26.96,26.7,26.81,329428.0
2015-07-09,27.52,27.71,27.33,27.33,217404.0
2015-07-10,28.35,28.68,28.31,28.6,375311.0
2015-07-13,28.88,28.97,28.66,28.81,261671.0
2015-07-14,28.74,29.01,28.65,28.92,246200.0
2015-07-15,28.92,29.04,28.77,28.84,367576.0
2015-07-16,29.12,29.41,29.11,29.22,196612.0
2015-07-17,29.21,29.28,29.01,29.12,156964.0
2015-07-20,28.98,29.2,28.83,29.19,242840.0
2015-07-21,28.98,29.07,28.88,29.01,231195.0
2015-07-22,29.16,29.45,29.16,29.31,167365.0
2015-07-23,29.57,29.65,29.18,29.23,196750.0
2015-07-24,29.44,29.55,28.89,28.97,423864.0
2015-07-27,28.74,28.77,28.3,28.36,553428.0
2015-07-28,28.62,29.28,28.57,29.09,307096.0
2015-07-29,29.32,29.7,29.27,29.52,211169.0
2015-07-30,29.3,29.37,29.1,29.33,186018.0
2015-07-31,29.83,29.85,29.59,29.71,218878.0
2015-08-03,29.72,30.0,29.63,29.77,475375.0
2015-08-04,29.95,30.29,29.92,30.12,298439.0
2015-08-05,30.46,30.63,30.32,30.39,179923.0
2015-08-06,30.27,30.31,29.84,29.9,261680.0
2015-08-07,29.98,30.12,29.89,30.09,275709.0
2015-08-10,30.16,30.7,30.14,30.6,239673.0
2015-08-11,30.41,30.56,30.25,30.51,232616.0
2015-08-12,29.6,30.17,29.42,30.16,296166.0
2015-08-13,30.22,30.73,30.19,30.52,360036.0
2015-08-14,30.3,30.72,30.28,30.72,198886.0
2015-08-17,30.52,30.95,30.42,30.95,242403.0
2015-08-18,30.8,30.85,30.67,30.79,237895.0
2015-08-19,30.44,30.44,29.89,30.14,918017.0
2015-08-20,30.05,30.08,29.47,29.51,323633.0
2015-08-21,29.03,29.23,28.06,28.11,389381.0
2015-08-24,26.59,28.05,26.18,27.18,388168.0
2015-08-25,28.43,28.45,27.45,27.3,401453.0
2015-08-26,28.37,28.41,27.62,28.23,448259.0
2015-08-27,28.88,29.42,28.69,29.37,352399.0
2015-08-28,29.18,29.8,29.14,29.62,695889.0
2015-08-31,29.69,29.99,29.44,29.77,378550.0
2015-09-01,28.54,28.89,28.27,28.49,650266.0
2015-09-02,28.77,28.77,28.2,28.68,358297.0
2015-09-03,28.46,28.64,28.27,28.41,639892.0
2015-09-04,28.04,28.2,27.84,28.03,223400.0
2015-09-08,29.27,29.6,29.26,29.59,424646.0
2015-09-09,29.94,29.97,29.31,29.34,296958.0
2015-09-10,29.29,29.77,29.29,29.6,528134.0
2015-09-11,29.34,29.52,29.29,29.41,786666.0
2015-09-14,29.23,29.31,29.06,29.2,1465698.0
2015-09-15,29.2,29.64,29.14,29.61,272974.0
2015-09-16,29.47,29.7,29.45,29.65,424652.0
2015-09-17,29.58,30.14,29.53,29.77,396249.0
2015-09-18,29.25,29.46,28.98,29.03,342442.0
2015-09-21,29.13,29.16,28.69,28.79,269111.0
2015-09-22,28.24,28.25,27.73,28.02,464976.0
2015-09-23,28.08,28.19,27.79,27.89,276179.0
2015-09-24,27.24,27.33,26.79,27.3,313244.0
2015-09-25,27.83,27.83,27.2,27.4,535543.0
2015-09-28,27.15,27.15,26.48,26.53,958887.0
2015-09-29,26.02,26.1,25.54,25.76,639815.0
2015-09-30,26.25,26.54,26.1,26.54,594487.0
2015-10-01,26.14,26.37,25.94,26.34,559902.0
2015-10-02,25.81,26.64,25.7,26.63,476682.0
2015-10-05,26.79,27.01,26.77,27.0,345722.0
2015-10-06,27.08,27.24,26.75,26.84,321776.0
2015-10-07,27.29,27.53,26.98,27.3,244914.0
2015-10-08,27.03,27.48,26.96,27.47,547958.0
2015-10-09,27.27,27.35,27.05,27.09,511184.0
2015-10-12,27.13,27.19,27.04,27.13,175604.0
2015-10-13,26.97,27.3,26.89,26.91,198395.0
2015-10-14,26.97,27.12,26.75,26.78,218503.0
2015-10-15,27.02,27.37,27.01,27.27,277413.0
2015-10-16,27.08,27.17,26.89,27.12,186253.0
2015-10-19,26.73,26.84,26.57,26.76,136619.0
2015-10-20,26.63,26.88,26.63,26.65,138041.0
2015-10-21,27.67,27.71,27.35,27.37,499190.0
2015-10-22,27.28,27.7,27.15,27.53,387668.0
2015-10-23,28.08,28.22,27.93,28.06,244269.0
2015-10-26,27.78,27.85,27.48,27.59,144336.0
2015-10-27,27.09,27.15,26.71,26.89,160193.0
2015-10-28,27.15,27.62,27.02,27.44,374536.0
2015-10-29,26.96,27.16,26.9,27.03,193783.0
2015-10-30,27.24,27.51,27.19,27.36,136330.0
2015-11-02,27.81,27.99,27.76,27.91,123835.0
2015-11-03,27.83,27.86,27.45,27.68,311248.0
2015-11-04,27.65,27.83,27.49,27.82,312654.0
2015-11-05,27.43,28.08,27.16,27.97,745449.0
2015-11-06,28.18,28.41,28.04,28.31,461770.0
2015-11-09,28.05,28.07,27.38,27.56,222681.0
2015-11-10,26.93,27.15,26.82,27.08,166352.0
2015-11-11,27.34,27.41,27.14,27.24,144559.0
2015-11-12,26.77,26.95,26.51,26.51,151940.0
2015-11-13,26.86,27.19,26.72,26.87,285658.0
2015-11-16,27.09,27.49,26.97,27.49,232896.0
2015-11-17,27.5,27.54,27.1,27.18,271645.0
2015-11-18,27.2,27.33,26.99,27.31,322651.0
2015-11-19,28.59,28.8,28.48,28.59,326823.0
2015-11-20,29.01,29.08,28.77,28.81,173285.0
2015-11-23,28.92,29.12,28.78,28.88,146995.0
2015-11-24,28.53,28.85,28.51,28.8,175737.0
2015-11-25,29.05,29.13,28.95,29.04,144094.0
2015-11-27,29.46,29.61,29.43,29.55,167548.0
2015-11-30,29.62,29.64,29.32,29.32,176329.0
2015-12-01,29.65,29.8,29.51,29.75,296682.0
2015-12-02,29.72,29.74,29.29,29.37,326586.0
2015-12-03,29.48,29.51,28.84,28.92,211437.0
2015-12-04,29.41,29.77,29.4,29.7,460184.0
2015-12-07,29.61,29.78,29.52,29.61,381483.0
2015-12-08,29.13,29.28,29.07,29.18,164303.0
2015-12-09,29.25,29.46,28.79,29.03,230963.0
2015-12-10,29.23,29.31,28.95,29.01,134231.0
2015-12-11,28.93,28.94,28.41,28.48,209130.0
2015-12-14,28.55,28.71,28.28,28.71,291766.0
2015-12-15,28.45,28.54,28.17,28.26,377457.0
2015-12-16,28.26,28.7,28.14,28.66,187721.0
2015-12-17,28.48,28.76,28.43,28.55,794873.0
2015-12-18,28.5,28.59,28.17,28.2,358574.0
2015-12-21,28.96,28.99,28.25,28.43,197943.0
2015-12-22,28.57,28.72,28.45,28.56,276841.0
2015-12-23,28.87,29.12,28.81,29.06,285383.0
2015-12-24,29.16,29.35,28.98,29.25,53528.0
2015-12-28,28.94,29.24,28.94,29.18,199717.0
2015-12-29,29.27,29.45,29.18,29.4,266738.0
2015-12-30,29.27,29.34,29.11,29.11,80279.0
2015-12-31,29.03,29.06,28.81,28.82,66338.0
2016-01-04,28.26,28.38,27.98,28.35,233957.0
2016-01-05,28.6,28.6,28.14,28.35,286389.0
2016-01-06,27.51,28.1,27.47,27.97,363875.0
2016-01-07,27.03,27.38,26.74,26.8,375359.0
2016-01-08,27.41,27.43,26.53,26.61,242004.0
2016-01-11,26.99,27.05,26.57,26.94,197132.0
2016-01-12,27.17,27.2,26.65,26.98,382242.0
2016-01-13,27.09,27.2,26.29,26.4,268074.0
2016-01-14,26.45,26.84,26.17,26.66,308140.0
2016-01-15,25.64,25.85,25.11,25.43,444138.0
2016-01-19,25.68,25.87,25.38,25.56,313591.0
2016-01-20,25.17,25.48,24.6,25.29,411601.0
2016-01-21,25.21,25.74,24.99,25.55,253375.0
2016-01-22,26.25,26.59,26.21,26.53,275674.0
2016-01-25,26.4,26.49,26.06,26.08,299943.0
2016-01-26,26.08,26.45,26.07,26.43,286105.0
2016-01-27,26.28,26.8,26.22,26.41,551481.0
2016-01-28,26.12,26.18,25.63,25.86,1813804.0
2016-01-29,26.01,26.93,25.99,26.92,887906.0
2016-02-01,26.44,26.88,26.33,26.78,354218.0
2016-02-02,26.0,26.03,25.58,25.73,371846.0
2016-02-03,26.03,26.03,25.33,25.69,1096298.0
2016-02-04,25.52,26.31,25.49,26.25,713057.0
2016-02-05,26.17,26.27,25.37,25.52,690496.0
2016-02-08,24.61,24.61,23.41,23.72,615192.0
2016-02-09,23.37,24.06,23.33,23.89,616091.0
2016-02-10,24.58,25.02,24.48,24.6,372894.0
2016-02-11,24.36,24.52,23.97,24.34,517622.0
2016-02-12,24.22,24.57,24.17,24.55,542254.0
2016-02-16,25.18,25.18,24.77,25.05,310426.0
2016-02-17,25.45,25.89,25.44,25.74,502029.0
2016-02-18,25.77,26.01,25.73,25.75,275736.0
2016-02-19,25.46,25.75,25.39,25.7,306944.0
2016-02-22,25.72,25.93,25.71,25.89,413679.0
2016-02-23,25.71,25.89,25.53,25.6,348154.0
2016-02-24,24.85,25.32,24.61,25.32,1000649.0
2016-02-25,25.24,25.41,25.0,25.41,570232.0
2016-02-26,25.25,25.36,25.09,25.26,373794.0
2016-02-29,25.61,25.82,25.5,25.55,378456.0
2016-03-01,26.09,26.34,25.97,26.22,633710.0
2016-03-02,26.1,26.34,25.91,26.33,322782.0
2016-03-03,27.18,27.62,27.15,27.61,449156.0
2016-03-04,27.48,27.54,27.12,27.25,418271.0
2016-03-07,26.81,27.2,26.77,27.16,257061.0
2016-03-08,27.26,27.37,27.07,27.08,310616.0
2016-03-09,27.41,27.46,27.11,27.17,258985.0
2016-03-10,26.88,27.15,26.46,26.73,425160.0
2016-03-11,27.54,27.96,27.51,27.86,447995.0
2016-03-14,28.34,28.4,27.88,27.88,383204.0
2016-03-15,27.54,27.57,27.3,27.55,191887.0
2016-03-16,27.12,27.66,27.11,27.59,425028.0
2016-03-17,27.73,28.26,27.65,28.19,192438.0
2016-03-18,28.32,28.36,28.13,28.19,267853.0
2016-03-21,27.8,27.95,27.76,27.83,560480.0
2016-03-22,27.58,27.86,27.57,27.74,259356.0
2016-03-23,27.61,27.71,27.24,27.28,195003.0
2016-03-24,27.6,27.71,27.53,27.66,281373.0
2016-03-28,27.84,27.95,27.66,27.81,95651.0
2016-03-29,28.02,28.47,27.96,28.44,374726.0
2016-03-30,28.66,28.78,28.43,28.47,209199.0
2016-03-31,28.41,28.41,28.11,28.18,344484.0
2016-04-01,27.9,28.33,27.89,28.28,267032.0
2016-04-04,28.33,28.34,28.08,28.19,182139.0
2016-04-05,27.73,27.79,27.44,27.48,261574.0
2016-04-06,27.96,28.09,27.87,28.07,619078.0
2016-04-07,28.08,28.16,27.79,27.83,301875.0
2016-04-08,28.42,28.65,28.38,28.49,222483.0
2016-04-11,28.88,29.08,28.64,28.65,282216.0
2016-04-12,28.77,28.86,28.57,28.82,303634.0
2016-04-13,29.13,29.29,28.98,29.12,233796.0
2016-04-14,28.86,29.04,28.67,28.94,168416.0
2016-04-15,28.6,28.95,28.6,28.86,316598.0
2016-04-18,28.71,29.06,28.71,29.02,238011.0
2016-04-19,29.07,29.33,29.0,29.25,287147.0
2016-04-20,28.9,29.04,28.87,28.87,346943.0
2016-04-21,28.79,28.97,28.55,28.56,230807.0
2016-04-22,28.68,28.73,28.39,28.5,291828.0
2016-04-25,28.81,28.83,28.58,28.72,310624.0
2016-04-26,29.29,29.35,29.12,29.2,414973.0
2016-04-27,29.63,29.78,29.47,29.63,286196.0
2016-04-28,29.25,29.64,29.2,29.26,302396.0
2016-04-29,29.21,29.25,28.9,29.11,429592.0
2016-05-02,29.18,29.28,29.08,29.09,264557.0
2016-05-03,28.74,29.0,28.38,28.46,1152885.0
2016-05-04,28.19,28.38,28.09,28.28,588267.0
2016-05-05,28.01,28.33,28.0,28.32,413647.0
2016-05-06,28.31,28.88,28.28,28.84,846822.0
2016-05-09,28.89,29.11,28.73,29.0,1292755.0
2016-05-10,29.19,29.52,29.18,29.46,917694.0
2016-05-11,29.28,29.41,29.13,29.14,1014616.0
2016-05-12,29.54,29.75,29.29,29.57,1967608.0
2016-05-13,29.13,29.37,29.12,29.19,635977.0
2016-05-16,29.16,29.6,29.15,29.44,1030067.0
2016-05-17,29.49,29.58,29.29,29.35,473746.0
2016-05-18,29.32,29.52,29.06,29.35,449708.0
2016-05-19,29.26,29.75,29.13,29.64,1807264.0
2016-05-20,29.99,30.1,29.84,29.85,302393.0
2016-05-23,29.83,29.88,29.69,29.71,791131.0
2016-05-24,30.01,30.34,30.01,30.26,375679.0
2016-05-25,30.85,30.86,30.67,30.77,1397118.0
2016-05-26,30.55,30.64,30.39,30.55,845369.0
2016-05-27,30.53,30.82,30.53,30.69,382190.0
2016-05-31,30.69,30.77,30.49,30.61,1631628.0
2016-06-01,30.13,30.36,30.09,30.36,319646.0
2016-06-02,30.18,30.28,30.03,30.27,418163.0
2016-06-03,30.2,30.33,30.03,30.27,632073.0
2016-06-06,30.15,30.57,30.12,30.56,380444.0
2016-06-07,30.77,30.97,30.77,30.92,287446.0
2016-06-08,31.18,31.54,31.17,31.4,1303255.0
2016-06-09,30.81,30.91,30.68,30.73,984922.0
2016-06-10,29.76,29.9,29.59,29.75,1272749.0
2016-06-13,28.97,29.24,28.81,28.87,816897.0
2016-06-14,28.77,28.85,28.42,28.59,269455.0
2016-06-15,28.71,28.95,28.65,28.68,334035.0
2016-06-16,28.12,28.71,27.92,28.68,770979.0
2016-06-17,28.93,29.11,28.71,29.03,545420.0
2016-06-20,30.45,30.55,30.28,30.29,730534.0
2016-06-21,30.25,30.46,30.03,30.23,557021.0
2016-06-22,30.62,30.63,30.17,30.26,547739.0
2016-06-23,31.19,31.52,30.9,31.49,1995123.0
2016-06-24,27.97,28.97,27.96,28.62,3078799.0
2016-06-27,26.43,26.57,26.41,26.52,193285.0
2016-06-28,27.25,27.87,27.23,27.8,3203508.0
2016-06-29,28.17,28.95,28.13,28.78,1432916.0
2016-06-30,28.73,29.58,28.68,29.58,964222.0
2016-07-01,29.57,29.61,29.31,29.46,523486.0
2016-07-05,28.26,28.28,27.81,27.88,759338.0
2016-07-06,27.25,27.91,27.02,27.91,1680007.0
2016-07-07,28.02,28.05,27.45,27.64,694050.0
2016-07-08,28.26,28.34,28.1,28.24,639431.0
2016-07-11,28.93,28.99,28.73,28.77,508663.0
2016-07-12,29.07,29.31,28.96,29.12,425496.0
2016-07-13,29.82,30.0,29.15,29.19,1191857.0
2016-07-14,29.79,30.01,29.6,29.9,1251461.0
2016-07-15,29.37,29.54,29.34,29.48,1933638.0
2016-07-18,29.36,29.68,29.24,29.63,754439.0
2016-07-19,29.28,29.48,29.25,29.35,545473.0
2016-07-20,29.46,29.61,29.42,29.51,739963.0
2016-07-21,29.21,29.52,29.18,29.39,1332093.0
2016-07-22,30.0,30.1,29.75,29.77,678624.0
2016-07-25,29.64,29.82,29.64,29.77,288458.0
2016-07-26,29.89,29.98,29.63,29.93,361349.0
2016-07-27,30.33,30.48,30.19,30.35,472192.0
2016-07-28,30.52,30.55,30.19,30.36,413306.0
2016-07-29,30.73,30.98,30.42,30.76,542379.0
2016-08-01,30.54,30.62,30.23,30.33,412162.0
2016-08-02,30.28,30.33,30.07,30.22,418285.0
2016-08-03,30.01,30.18,30.0,30.16,947773.0
2016-08-04,29.96,30.11,29.82,30.06,509778.0
2016-08-05,30.16,30.44,30.15,30.37,325482.0
2016-08-08,30.51,30.7,30.51,30.68,307915.0
2016-08-09,30.71,31.15,30.7,31.01,350948.0
2016-08-10,31.36,31.39,31.19,31.34,889706.0
2016-08-11,31.51,31.66,31.42,31.44,1114136.0
2016-08-12,31.98,32.03,31.78,31.81,779269.0
2016-08-15,32.23,32.33,32.14,32.18,372343.0
2016-08-16,32.58,33.01,32.56,32.88,677925.0
2016-08-17,33.59,33.63,33.15,33.46,1635925.0
2016-08-18,33.5,33.7,33.29,33.7,755346.0
2016-08-19,32.98,33.29,32.92,33.1,756235.0
2016-08-22,32.84,33.35,32.76,33.32,718544.0
2016-08-23,33.24,33.42,33.18,33.18,750416.0
2016-08-24,32.97,33.1,32.78,32.94,742917.0
2016-08-25,33.92,33.92,33.56,33.56,1903810.0
2016-08-26,33.95,34.03,33.03,33.24,1594344.0
2016-08-29,33.68,34.14,33.57,33.91,637805.0
2016-08-30,33.93,33.96,33.7,33.85,917301.0
2016-08-31,33.52,33.87,33.43,33.8,1068757.0
2016-09-01,33.52,33.87,33.45,33.82,513597.0
2016-09-02,33.89,34.05,33.67,33.89,1248441.0
2016-09-06,34.25,34.28,33.94,34.04,2063469.0
2016-09-07,34.01,34.05,33.79,34.0,1646968.0
2016-09-08,34.09,34.18,33.49,33.49,954614.0
2016-09-09,33.08,33.1,32.25,32.32,2026327.0
2016-09-12,32.37,33.11,32.34,33.09,1709628.0
2016-09-13,32.94,33.04,32.57,32.69,1425294.0
2016-09-14,33.09,33.21,32.88,32.94,1823641.0
2016-09-15,33.19,33.44,32.91,33.43,5646006.0
2016-09-16,33.23,33.25,32.13,32.14,3140812.0
2016-09-19,32.88,32.88,32.44,32.55,1916804.0
2016-09-20,32.95,33.02,32.53,32.61,1262377.0
2016-09-21,32.82,32.98,32.56,32.97,1334915.0
2016-09-22,33.93,34.02,33.55,33.62,1196460.0
2016-09-23,33.46,33.79,33.44,33.54,816469.0
2016-09-26,33.23,33.27,33.07,33.11,872868.0
2016-09-27,32.63,33.11,32.57,33.06,645038.0
2016-09-28,33.64,33.68,33.24,33.53,2373613.0
2016-09-29,33.36,33.45,32.83,33.03,1307745.0
2016-09-30,33.27,33.45,33.06,33.27,1457772.0
2016-10-03,33.19,33.37,32.88,33.03,384655.0
2016-10-04,34.18,34.2,33.65,33.72,1717769.0
2016-10-05,33.68,33.74,33.47,33.49,661686.0
2016-10-06,33.48,33.63,33.32,33.6,1424139.0
2016-10-07,33.35,33.39,32.83,32.93,655220.0
2016-10-10,33.3,33.72,33.3,33.6,744663.0
2016-10-11,33.19,33.21,32.56,32.74,740221.0
2016-10-12,32.42,32.59,32.27,32.48,1137079.0
2016-10-13,32.02,32.55,31.94,32.44,1493320.0
2016-10-14,32.57,32.81,32.52,32.52,1007935.0
2016-10-17,32.38,32.79,32.37,32.69,639536.0
2016-10-18,33.56,33.57,33.3,33.39,549439.0
2016-10-19,33.1,33.25,33.01,33.06,651620.0
2016-10-20,32.79,33.18,32.56,32.99,2329776.0
2016-10-21,32.95,33.14,32.85,33.1,668305.0
2016-10-24,33.41,33.47,33.02,33.21,538471.0
2016-10-25,33.19,33.22,32.63,32.72,421440.0
2016-10-26,32.37,32.78,32.31,32.6,376536.0
2016-10-27,32.75,32.75,32.15,32.45,519560.0
2016-10-28,32.12,32.52,32.08,32.38,867996.0
2016-10-31,32.43,32.5,32.28,32.3,898238.0
2016-11-01,32.06,32.31,31.7,31.85,776861.0
2016-11-02,31.89,32.15,31.81,31.83,495830.0
2016-11-03,31.81,31.85,31.55,31.6,552517.0
2016-11-04,31.67,32.11,31.55,31.74,1116935.0
2016-11-07,32.41,32.47,32.24,32.42,395408.0
2016-11-08,32.58,32.99,32.51,32.8,556197.0
2016-11-09,35.36,35.53,34.82,35.02,4537959.0
2016-11-10,35.86,35.88,34.87,35.18,4466249.0
2016-11-11,34.93,35.07,34.48,34.63,1401407.0
2016-11-14,34.86,35.0,34.66,34.92,1758380.0
2016-11-15,34.51,34.6,34.29,34.56,2477358.0
2016-11-16,33.71,33.8,33.48,33.73,2240685.0
2016-11-17,34.09,34.27,33.93,34.16,4305533.0
2016-11-18,33.59,33.83,33.59,33.73,1728577.0
2016-11-21,33.97,34.09,33.65,33.71,1582779.0
2016-11-22,33.8,33.8,33.34,33.47,1699881.0
2016-11-23,32.73,32.96,32.63,32.92,726502.0
2016-11-25,33.68,33.79,33.49,33.77,644687.0
2016-11-28,33.02,33.17,32.65,32.68,2760624.0
2016-11-29,32.6,33.03,32.6,32.87,1016006.0
2016-11-30,33.61,33.62,33.09,33.11,641619.0
2016-12-01,32.99,33.09,32.74,32.84,496892.0
2016-12-02,32.56,32.83,32.44,32.54,476122.0
2016-12-05,33.02,33.09,32.79,32.87,1172629.0
2016-12-06,33.29,33.85,33.29,33.81,1362571.0
2016-12-07,34.22,34.67,34.07,34.62,1985518.0
2016-12-08,34.27,34.4,34.02,34.05,1209050.0
2016-12-09,34.23,34.26,33.94,34.12,591435.0
2016-12-12,33.94,34.14,33.74,33.87,517474.0
2016-12-13,34.11,34.33,33.81,33.82,609911.0
2016-12-14,33.68,33.88,33.28,33.29,581369.0
2016-12-15,33.56,33.68,33.38,33.57,518745.0
2016-12-16,33.74,33.77,33.45,33.48,530442.0
2016-12-19,33.2,33.42,33.16,33.3,456603.0
2016-12-20,33.0,33.46,32.96,33.38,376894.0
2016-12-21,33.26,33.53,33.22,33.42,259259.0
2016-12-22,33.27,33.39,33.18,33.2,408107.0
2016-12-23,33.31,33.37,33.2,33.34,133712.0
2016-12-27,33.52,33.52,33.4,33.43,157427.0
2016-12-28,33.76,33.76,33.45,33.47,401735.0
2016-12-29,33.86,34.04,33.79,33.86,332539.0
2016-12-30,34.52,34.7,34.28,34.38,799722.0
2017-01-03,34.01,34.27,33.59,33.66,1206465.0
2017-01-04,33.8,33.86,33.59,33.85,870072.0
2017-01-05,34.03,34.26,34.03,34.19,1254129.0
2017-01-06,34.04,34.11,33.91,33.95,635871.0
2017-01-09,33.73,33.85,33.64,33.72,415794.0
2017-01-10,34.18,34.25,34.01,34.04,702082.0
2017-01-11,34.35,34.66,34.12,34.65,805006.0
2017-01-12,34.73,34.76,34.43,34.65,543729.0
2017-01-13,34.99,35.09,34.82,35.02,520889.0
2017-01-17,34.85,34.88,34.54,34.68,304905.0
2017-01-18,34.48,34.77,34.46,34.6,385871.0
2017-01-19,34.28,34.42,34.14,34.34,472549.0
2017-01-20,34.87,35.08,34.81,35.06,338453.0
2017-01-23,35.17,35.41,35.06,35.39,348530.0
2017-01-24,35.66,35.87,35.52,35.78,452180.0
2017-01-25,36.82,36.83,36.43,36.59,451694.0
2017-01-26,36.03,36.11,35.78,36.0,540196.0
2017-01-27,35.72,35.83,35.56,35.63,365308.0
2017-01-30,35.31,35.32,34.91,35.15,602764.0
2017-01-31,35.18,35.22,34.26,34.52,1455439.0
2017-02-01,35.36,35.59,35.07,35.54,832302.0
2017-02-02,35.52,35.69,35.37,35.4,609551.0
2017-02-03,35.91,35.91,35.51,35.57,481442.0
2017-02-06,35.01,35.08,34.85,34.98,430779.0
2017-02-07,34.27,34.52,34.17,34.28,1343800.0
2017-02-08,33.89,34.12,33.74,34.07,538699.0
2017-02-09,33.92,34.36,33.91,34.22,806273.0
2017-02-10,34.57,34.7,34.4,34.54,354635.0
2017-02-13,34.79,34.98,34.73,34.78,1248842.0
2017-02-14,34.31,34.4,34.05,34.26,400285.0
2017-02-15,34.06,34.47,34.05,34.43,618134.0
2017-02-16,34.89,34.9,34.42,34.51,525644.0
2017-02-17,34.28,34.33,34.07,34.22,516959.0
2017-02-21,34.97,35.21,34.88,35.2,923603.0
2017-02-22,34.7,34.82,34.49,34.8,557886.0
2017-02-23,34.84,34.91,33.67,33.83,845759.0
2017-02-24,32.87,33.49,32.82,33.41,787215.0
2017-02-27,33.36,34.36,33.33,34.16,1096393.0
2017-02-28,34.14,34.24,33.7,33.77,782675.0
2017-03-01,35.26,35.29,35.02,35.1,1336077.0
2017-03-02,34.64,34.94,34.61,34.79,1203519.0
2017-03-03,35.01,35.5,35.01,35.49,674307.0
2017-03-06,35.2,35.22,35.06,35.17,341567.0
2017-03-07,35.17,35.3,34.97,35.14,435235.0
2017-03-08,35.34,35.47,35.07,35.09,405240.0
2017-03-09,34.78,34.93,34.66,34.88,742987.0
2017-03-10,35.13,35.18,34.9,35.14,596224.0
2017-03-13,35.06,35.12,34.83,35.04,650678.0
2017-03-14,34.52,34.63,34.34,34.56,539362.0
2017-03-15,34.91,35.2,34.82,35.17,693910.0
2017-03-16,34.99,35.31,34.99,35.21,572286.0
2017-03-17,35.13,35.21,34.88,35.06,596328.0
2017-03-20,35.36,35.52,35.09,35.21,657465.0
2017-03-21,35.76,35.8,34.89,34.91,713758.0
2017-03-22,34.67,35.0,34.51,34.87,612064.0
2017-03-23,35.3,35.65,35.22,35.34,683592.0
2017-03-24,34.91,35.31,34.91,35.08,630565.0
2017-03-27,34.55,34.89,34.5,34.79,490250.0
2017-03-28,34.86,35.19,34.85,34.97,627683.0
2017-03-29,34.54,35.01,34.51,34.97,400423.0
2017-03-30,35.19,35.33,34.99,35.02,574656.0
2017-03-31,34.64,35.29,34.63,35.17,632024.0
2017-04-03,35.02,35.13,34.46,34.65,486438.0
2017-04-04,34.77,34.91,34.71,34.89,401231.0
2017-04-05,34.9,35.07,34.43,34.44,501198.0
2017-04-06,34.48,34.67,34.37,34.45,463024.0
2017-04-07,34.59,34.85,34.57,34.76,581677.0
2017-04-10,34.61,34.68,34.46,34.49,281951.0
2017-04-11,34.57,34.64,34.2,34.6,658159.0
2017-04-12,34.38,34.4,34.08,34.25,358944.0
2017-04-13,33.81,34.04,33.59,33.61,473000.0
2017-04-17,33.8,33.91,33.64,33.91,223337.0
2017-04-18,33.53,33.67,33.28,33.42,546086.0
2017-04-19,33.85,33.95,33.56,33.64,423414.0
2017-04-20,33.98,34.34,33.92,34.2,572214.0
2017-04-21,34.53,34.77,34.32,34.75,892589.0
2017-04-24,36.34,36.76,36.16,36.42,1167522.0
2017-04-25,36.55,36.58,36.2,36.2,921737.0
2017-04-26,36.6,36.65,36.36,36.41,888707.0
2017-04-27,36.38,36.55,36.24,36.45,411554.0
2017-04-28,36.61,36.63,36.31,36.32,362590.0
2017-05-01,36.51,36.64,36.41,36.52,308962.0
2017-05-02,37.2,37.26,36.96,37.16,1196730.0
2017-05-03,37.28,37.3,37.02,37.1,756469.0
2017-05-04,37.47,37.54,37.26,37.45,918027.0
2017-05-05,38.03,38.04,37.71,37.76,774138.0
2017-05-08,37.26,37.31,37.0,37.11,1021183.0
2017-05-09,37.43,37.49,37.16,37.2,859755.0
2017-05-10,37.18,37.39,37.13,37.28,609195.0
2017-05-11,37.33,37.38,36.93,37.28,449946.0
2017-05-12,36.98,37.09,36.84,36.91,716684.0
2017-05-15,36.85,37.26,36.82,37.17,649783.0
2017-05-16,37.14,37.25,37.03,37.04,289191.0
2017-05-17,36.23,36.27,35.64,35.65,751380.0
2017-05-18,35.55,36.06,35.54,35.98,490482.0
2017-05-19,36.22,36.61,36.22,36.51,309217.0
2017-05-22,36.59,36.63,36.29,36.41,349827.0
2017-05-23,36.53,36.61,36.26,36.48,218577.0
2017-05-24,35.97,36.26,35.9,36.25,534318.0
2017-05-25,36.02,36.14,35.86,35.98,443459.0
2017-05-26,35.77,35.87,35.6,35.71,295215.0
2017-05-30,35.81,36.15,35.79,36.07,272067.0
2017-05-31,36.44,36.51,35.97,36.12,399580.0
2017-06-01,36.24,36.61,36.15,36.6,379862.0
2017-06-02,36.51,36.7,36.48,36.63,293392.0
2017-06-05,36.46,36.56,36.27,36.36,198410.0
2017-06-06,35.74,35.92,35.68,35.7,356371.0
2017-06-07,35.79,35.97,35.7,35.92,407100.0
2017-06-08,36.25,36.5,36.19,36.21,815804.0
2017-06-09,36.37,36.65,36.24,36.46,388174.0
2017-06-12,36.06,36.15,35.8,36.1,335100.0
2017-06-13,36.43,36.43,36.12,36.3,397287.0
2017-06-14,36.21,36.48,36.0,36.09,400539.0
2017-06-15,35.45,35.8,35.42,35.77,312847.0
2017-06-16,35.83,36.16,35.71,36.15,310457.0
2017-06-19,36.54,36.76,36.42,36.51,292310.0
2017-06-20,36.53,36.59,36.16,36.27,330072.0
2017-06-21,36.31,36.48,36.22,36.31,560284.0
2017-06-22,35.77,36.05,35.68,35.89,421446.0
2017-06-23,35.77,36.08,35.64,35.96,322300.0
2017-06-26,36.14,36.26,35.95,36.08,252062.0
2017-06-27,35.63,35.8,35.52,35.62,897937.0
2017-06-28,36.24,36.42,35.89,36.02,1500923.0
2017-06-29,35.82,35.88,35.38,35.58,1300449.0
2017-06-30,36.03,36.08,35.29,35.47,1706044.0
2017-07-03,35.57,35.9,35.54,35.8,1050713.0
2017-07-05,35.94,36.32,35.86,36.31,457097.0
2017-07-06,35.72,35.85,35.58,35.66,396908.0
2017-07-07,35.57,35.85,35.42,35.82,323283.0
2017-07-10,35.74,35.95,35.69,35.85,336409.0
2017-07-11,35.73,35.74,35.36,35.65,89398.0
2017-07-12,36.4,36.5,36.25,36.35,110424.0
2017-07-13,36.49,36.51,36.11,36.28,144980.0
2017-07-14,36.08,36.2,35.91,36.12,113344.0
2017-07-17,36.08,36.14,35.98,36.06,310322.0
2017-07-18,35.69,35.78,35.65,35.73,64885.0
2017-07-19,36.06,36.19,35.97,36.14,332367.0
2017-07-20,36.24,36.21,35.69,35.77,93035.0
2017-07-21,35.34,35.45,35.07,35.4,219056.0
2017-07-24,34.88,35.21,34.71,35.16,281876.0
2017-07-25,35.46,35.57,35.28,35.32,203086.0
2017-07-26,35.47,35.75,35.35,35.64,159150.0
2017-07-27,35.64,35.64,35.27,35.44,402184.0
2017-07-28,34.91,35.17,34.74,35.17,194244.0
2017-07-31,34.98,35.13,34.88,35.07,357337.0
2017-08-01,35.44,35.48,34.79,34.86,316228.0
2017-08-02,34.46,34.95,34.46,34.95,325721.0
2017-08-03,35.04,35.4,34.8,34.88,1141624.0
2017-08-04,35.4,35.4,35.08,35.27,1025656.0
2017-08-07,35.03,35.14,34.97,35.1,392050.0
2017-08-08,34.83,35.02,34.67,34.73,323508.0
2017-08-09,34.46,34.63,34.44,34.62,601858.0
2017-08-10,34.4,34.5,34.0,34.02,667613.0
2017-08-11,34.19,34.3,33.99,34.06,653449.0
2017-08-14,34.47,34.55,34.32,34.45,513271.0
2017-08-15,34.92,35.01,34.81,34.86,608421.0
2017-08-16,35.36,35.37,35.17,35.34,904184.0
2017-08-17,34.95,35.22,34.67,34.69,668627.0
2017-08-18,34.42,34.48,34.18,34.33,497440.0
2017-08-21,34.22,34.37,34.12,34.25,306638.0
2017-08-22,34.47,34.7,34.45,34.64,388796.0
2017-08-23,34.32,34.52,34.29,34.29,311643.0
2017-08-24,35.68,35.99,35.48,35.56,722864.0
2017-08-25,35.63,35.63,34.97,35.11,945794.0
2017-08-28,35.01,35.07,34.65,34.81,682345.0
2017-08-29,34.17,34.47,34.12,34.23,700648.0
2017-08-30,34.39,34.69,34.35,34.64,807683.0
2017-08-31,34.84,35.02,34.78,34.91,716630.0
2017-09-01,35.6,35.62,35.36,35.47,512819.0
2017-09-05,35.37,35.49,34.86,34.91,534191.0
2017-09-06,34.71,34.85,34.65,34.78,411143.0
2017-09-07,35.28,35.3,34.91,35.04,474437.0
2017-09-08,35.01,35.06,34.86,34.89,349274.0
2017-09-11,35.26,35.27,34.85,34.86,575736.0
2017-09-12,35.2,35.35,35.13,35.17,360983.0
2017-09-13,35.36,35.4,35.01,35.09,494533.0
2017-09-14,35.18,35.42,35.06,35.26,626183.0
2017-09-15,35.7,35.84,35.53,35.72,855854.0
2017-09-18,36.08,36.13,35.81,35.89,500350.0
2017-09-19,36.33,36.34,35.83,36.03,551236.0
2017-09-20,35.93,36.13,35.72,35.94,469782.0
2017-09-21,36.62,36.96,36.55,36.84,442856.0
2017-09-22,36.58,36.76,36.55,36.6,392900.0
2017-09-25,36.31,36.33,36.07,36.15,341793.0
2017-09-26,36.11,36.17,35.75,35.93,784362.0
2017-09-27,36.42,36.42,36.1,36.26,474756.0
2017-09-28,36.97,37.39,36.85,37.28,610398.0
2017-09-29,37.67,38.06,37.57,37.86,952943.0
2017-10-02,37.26,37.39,37.1,37.16,451004.0
2017-10-03,37.4,37.5,37.35,37.44,391287.0
2017-10-04,37.45,37.63,37.42,37.46,291232.0
2017-10-05,37.12,37.19,36.74,36.93,505480.0
2017-10-06,36.17,36.25,36.07,36.25,512443.0
2017-10-09,36.26,36.26,35.94,36.01,267495.0
2017-10-10,36.24,36.26,36.13,36.24,478335.0
2017-10-11,36.58,36.61,36.35,36.44,445608.0
2017-10-12,36.26,36.29,36.15,36.19,317652.0
2017-10-13,36.68,36.84,36.46,36.46,356839.0
2017-10-16,36.31,36.37,36.08,36.24,424345.0
2017-10-17,35.88,35.98,35.83,35.93,268939.0
2017-10-18,35.91,35.97,35.79,35.81,197987.0
2017-10-19,35.74,36.29,35.73,36.27,311119.0
2017-10-20,36.66,36.93,36.63,36.69,296475.0
2017-10-23,37.38,37.38,36.94,36.98,309792.0
2017-10-24,37.07,37.23,36.86,37.17,220773.0
2017-10-25,37.3,37.35,36.84,37.07,354312.0
2017-10-26,37.2,37.61,37.16,37.46,309570.0
2017-10-27,37.73,37.79,37.48,37.58,325749.0
2017-10-30,37.38,37.55,37.15,37.29,351486.0
2017-10-31,37.62,37.66,37.4,37.52,246938.0
2017-11-01,37.32,37.36,36.75,36.79,365659.0
2017-11-02,36.24,36.64,36.22,36.56,589044.0
2017-11-03,36.53,36.62,36.37,36.54,666155.0
2017-11-06,36.34,36.44,36.25,36.4,780540.0
2017-11-07,35.76,35.85,35.37,35.42,1237150.0
2017-11-08,35.72,36.35,35.67,36.24,520190.0
2017-11-09,35.95,36.15,35.45,35.83,476033.0
2017-11-10,35.85,35.91,35.63,35.8,308394.0
2017-11-13,35.03,35.24,34.89,35.11,347789.0
2017-11-14,34.78,35.01,34.77,34.97,338533.0
2017-11-15,34.4,34.79,34.4,34.63,411283.0
2017-11-16,35.09,35.26,34.99,35.15,285948.0
2017-11-17,35.59,35.78,35.48,35.62,440724.0
2017-11-20,36.26,36.41,36.17,36.23,648791.0
2017-11-21,35.59,35.69,35.2,35.34,475252.0
2017-11-22,35.26,35.29,35.01,35.12,325150.0
2017-11-24,35.13,35.33,35.13,35.25,252419.0
2017-11-27,35.33,35.33,34.8,34.8,344555.0
2017-11-28,34.64,35.15,34.57,35.13,453285.0
2017-11-29,35.21,35.35,35.02,35.25,389044.0
2017-11-30,35.01,35.13,34.56,34.66,789185.0
2017-12-01,34.75,34.78,34.41,34.7,1179547.0
2017-12-04,35.25,35.47,35.09,35.13,1256369.0
2017-12-05,34.99,34.99,34.69,34.74,926693.0
2017-12-06,34.4,34.71,34.3,34.48,913205.0
2017-12-07,34.86,35.24,34.77,35.2,944822.0
2017-12-08,35.36,35.73,35.19,35.67,1380787.0
2017-12-11,35.5,35.64,35.42,35.43,716723.0
2017-12-12,35.02,35.16,34.68,34.73,1278572.0
2017-12-13,34.75,34.9,34.67,34.74,611424.0
2017-12-14,34.52,34.63,33.92,33.96,699519.0
2017-12-15,34.01,34.06,33.79,33.87,507592.0
2017-12-18,34.23,34.33,34.15,34.29,574075.0
2017-12-19,34.75,34.79,34.43,34.55,639768.0
2017-12-20,34.98,34.99,34.65,34.76,616372.0
2017-12-21,35.16,35.42,35.1,35.24,514801.0
2017-12-22,34.99,35.68,34.97,35.67,700854.0
2017-12-26,35.89,36.24,35.8,35.91,457486.0
2017-12-27,35.74,35.98,35.67,35.91,520123.0
2017-12-28,35.88,36.12,35.87,36.01,687117.0
2017-12-29,36.1,36.32,35.98,36.09,446651.0
2018-01-02,36.03,36.45,36.01,36.39,933450.0
2018-01-03,36.31,36.66,36.23,36.62,1257321.0
2018-01-04,37.48,37.64,37.36,37.55,3576892.0
2018-01-05,37.63,37.8,37.42,37.61,1185710.0
2018-01-08,37.46,37.73,37.45,37.65,1182557.0
2018-01-09,37.46,37.79,37.41,37.65,1133376.0
2018-01-10,37.47,37.6,37.38,37.46,949737.0
2018-01-11,37.12,37.19,36.98,37.14,1697252.0
2018-01-12,37.28,37.39,37.19,37.32,583232.0
2018-01-16,37.03,37.27,36.95,36.98,641799.0
2018-01-17,37.28,37.28,37.02,37.08,556843.0
2018-01-18,37.11,37.22,36.67,36.87,371157.0
2018-01-19,37.08,37.35,36.97,37.33,434568.0
2018-01-22,37.97,38.23,37.8,38.22,1031841.0
2018-01-23,38.82,38.98,38.7,38.87,886306.0
2018-01-24,38.73,38.87,38.28,38.46,591903.0
2018-01-25,38.56,39.32,38.28,38.56,850948.0
2018-01-26,38.69,38.99,38.67,38.96,622859.0
2018-01-29,38.56,38.76,38.32,38.56,941391.0
2018-01-30,38.15,38.27,37.91,38.02,604532.0
2018-01-31,37.67,37.74,37.21,37.39,670215.0
2018-02-01,36.66,37.26,36.63,36.88,980590.0
2018-02-02,36.42,36.49,35.82,35.89,756046.0
2018-02-05,35.3,35.62,34.58,34.61,1537273.0
2018-02-06,34.14,35.4,34.07,35.32,2486511.0
2018-02-07,34.55,35.12,34.53,34.84,1458995.0
2018-02-08,34.44,34.57,33.19,33.19,1131233.0
2018-02-09,33.26,33.58,32.47,33.39,1751743.0
2018-02-12,33.85,33.97,33.64,33.83,827171.0
2018-02-13,33.99,34.49,33.95,34.4,1110340.0
2018-02-14,33.82,34.46,33.82,34.41,634015.0
2018-02-15,35.04,35.46,34.82,35.33,793839.0
2018-02-16,35.32,35.44,34.85,34.9,454244.0
2018-02-20,34.96,35.2,34.73,34.87,886832.0
2018-02-21,34.84,35.19,34.58,34.58,582471.0
2018-02-22,34.68,35.0,34.49,34.71,536823.0
2018-02-23,34.75,34.88,34.59,34.86,324603.0
2018-02-26,34.87,34.93,34.61,34.82,413666.0
2018-02-27,34.32,34.49,33.75,33.75,771884.0
2018-02-28,33.66,33.68,33.1,33.1,810205.0
2018-03-01,34.01,34.14,33.25,33.53,694102.0
2018-03-02,33.37,33.77,33.15,33.71,884873.0
2018-03-05,33.87,34.47,33.8,34.33,917105.0
2018-03-06,34.46,34.46,34.05,34.19,620419.0
2018-03-07,34.19,34.42,34.14,34.35,436148.0
2018-03-08,34.54,34.73,34.34,34.58,552756.0
2018-03-09,34.06,34.27,33.99,34.11,701471.0
2018-03-12,34.16,34.26,33.98,34.09,491506.0
2018-03-13,34.3,34.42,34.07,34.13,379428.0
2018-03-14,34.96,35.03,34.4,34.53,565850.0
2018-03-15,34.48,34.97,34.47,34.77,675836.0
2018-03-16,34.68,34.97,34.65,34.72,360649.0
2018-03-19,34.57,34.58,34.07,34.41,635779.0
2018-03-20,33.95,34.38,33.94,34.13,519801.0
2018-03-21,34.22,34.42,34.11,34.16,397496.0
2018-03-22,33.8,33.84,33.45,33.46,518989.0
2018-03-23,33.66,33.97,33.49,33.64,1046385.0
2018-03-26,34.0,34.09,33.27,33.82,655450.0
2018-03-27,33.82,33.95,33.19,33.27,631917.0
2018-03-28,34.23,34.24,33.71,33.78,1453025.0
2018-03-29,34.16,34.27,33.88,34.02,516219.0
2018-04-02,33.96,34.05,33.07,33.39,484818.0
2018-04-03,34.03,34.15,33.75,34.02,654155.0
2018-04-04,33.43,34.01,33.41,33.96,541553.0
2018-04-05,34.1,34.39,34.07,34.29,606598.0
2018-04-06,33.93,34.22,33.79,33.95,1236637.0
2018-04-09,34.16,34.32,33.85,33.87,983401.0
2018-04-10,34.03,34.06,33.78,33.96,527233.0
2018-04-11,33.74,33.97,33.62,33.64,659871.0
2018-04-12,33.73,34.03,33.73,33.89,398267.0
2018-04-13,33.89,34.09,33.7,33.79,459241.0
2018-04-16,34.09,34.16,33.99,34.08,320507.0
2018-04-17,33.97,34.08,33.83,33.88,457363.0
2018-04-18,34.41,34.65,34.41,34.59,425013.0
2018-04-19,34.86,34.89,34.3,34.46,500083.0
2018-04-20,35.54,35.61,35.19,35.34,924998.0
2018-04-23,35.24,35.38,35.0,35.11,600215.0
2018-04-24,34.83,34.91,34.33,34.56,1070436.0
2018-04-25,35.6,35.61,35.24,35.53,945351.0
2018-04-26,35.49,35.66,35.43,35.59,519160.0
2018-04-27,35.34,35.68,35.32,35.64,447778.0
2018-04-30,35.3,35.61,35.3,35.36,496311.0
2018-05-01,35.35,35.41,34.97,35.29,487668.0
2018-05-02,36.03,36.03,35.6,35.64,508295.0
2018-05-03,35.76,35.91,35.41,35.86,498187.0
2018-05-04,35.8,36.18,35.76,36.07,310752.0
2018-05-07,36.23,36.35,36.08,36.28,218762.0
2018-05-08,35.96,36.51,35.94,36.48,521807.0
2018-05-09,36.66,37.04,36.65,36.99,408353.0
2018-05-10,36.59,36.89,36.59,36.75,793267.0
2018-05-11,36.81,36.87,36.62,36.68,307406.0
2018-05-14,36.45,36.48,36.21,36.26,444859.0
2018-05-15,36.3,36.32,36.03,36.11,489721.0
2018-05-16,36.41,36.55,36.29,36.55,399728.0
2018-05-17,36.93,37.1,36.79,37.0,1220679.0
2018-05-18,37.32,37.75,37.29,37.73,1057035.0
2018-05-21,37.83,38.0,37.68,37.99,536795.0
2018-05-22,38.01,38.25,37.75,37.76,763888.0
2018-05-23,37.15,37.2,36.72,36.98,721401.0
2018-05-24,37.18,37.19,36.68,36.91,571587.0
2018-05-25,36.25,36.55,36.15,36.52,452505.0
2018-05-29,35.43,35.71,35.15,35.32,799397.0
2018-05-30,35.67,36.08,35.6,35.98,620297.0
2018-05-31,37.3,37.36,36.85,36.99,1982496.0
2018-06-01,37.7,37.7,37.06,37.15,647004.0
2018-06-04,37.55,37.55,37.28,37.41,292699.0
2018-06-05,37.6,37.68,37.35,37.4,361109.0
2018-06-06,37.92,38.18,37.8,38.18,402994.0
2018-06-07,38.44,38.46,37.93,37.99,1449509.0
2018-06-08,38.05,38.06,37.71,38.0,313487.0
2018-06-11,38.13,38.39,38.05,38.32,282650.0
2018-06-12,38.21,38.23,37.99,38.11,405032.0
2018-06-13,37.92,38.02,37.51,37.66,518865.0
2018-06-14,37.89,38.13,37.81,37.83,398523.0
2018-06-15,37.78,37.8,37.45,37.61,342293.0
2018-06-18,36.84,37.27,36.73,37.26,428478.0
2018-06-19,36.27,36.68,36.12,36.62,498242.0
2018-06-20,36.87,36.87,36.57,36.72,367978.0
2018-06-21,36.16,36.26,35.93,36.01,417780.0
2018-06-22,36.49,36.5,36.19,36.41,442702.0
2018-06-25,35.85,35.93,35.28,35.52,476205.0
2018-06-26,35.88,36.11,35.78,36.05,574476.0
2018-06-27,36.03,36.25,35.68,35.7,821179.0
2018-06-28,35.28,35.4,35.06,35.34,1549329.0
2018-06-29,35.51,35.79,35.3,35.35,624846.0
2018-07-02,35.0,35.16,34.87,35.15,598548.0
2018-07-03,35.33,35.45,35.24,35.32,435737.0
2018-07-05,35.82,35.86,35.57,35.83,435996.0
2018-07-06,35.69,35.94,35.64,35.84,553581.0
2018-07-09,36.08,36.13,35.92,36.07,1434252.0
2018-07-10,35.84,36.06,35.83,35.94,975558.0
2018-07-11,35.47,35.77,35.21,35.3,1065674.0
2018-07-12,35.66,35.74,35.53,35.67,1104571.0
2018-07-13,35.52,35.69,35.39,35.48,1024563.0
2018-07-16,35.97,36.01,35.62,35.73,841965.0
2018-07-17,35.38,35.51,35.27,35.38,943226.0
2018-07-18,35.7,35.82,35.4,35.76,389484.0
2018-07-19,35.19,35.39,35.05,35.31,435056.0
2018-07-20,34.73,35.2,34.73,35.04,637761.0
2018-07-23,34.81,35.05,34.8,34.94,359796.0
2018-07-24,35.3,35.38,35.03,35.15,687459.0
2018-07-25,35.01,35.22,34.64,35.18,567139.0
2018-07-26,35.53,35.53,35.08,35.11,541138.0
2018-07-27,34.7,34.8,34.49,34.64,615852.0
2018-07-30,34.79,34.82,34.59,34.6,380377.0
2018-07-31,34.8,34.83,34.26,34.29,644624.0
2018-08-01,33.51,33.57,33.1,33.23,637556.0
2018-08-02,32.8,32.95,32.68,32.92,769462.0
2018-08-03,33.2,33.26,33.07,33.19,344867.0
2018-08-06,33.05,33.24,32.98,33.1,299576.0
2018-08-07,33.4,33.52,33.23,33.27,332130.0
2018-08-08,33.44,33.57,33.37,33.48,349958.0
2018-08-09,32.48,32.81,32.48,32.61,394374.0
2018-08-10,32.02,32.3,31.97,32.1,477089.0
2018-08-13,32.23,32.27,32.03,32.06,417905.0
2018-08-14,32.02,32.19,31.94,32.1,423385.0
2018-08-15,31.59,31.76,31.38,31.67,362633.0
2018-08-16,31.96,32.34,31.94,32.08,603196.0
2018-08-17,32.3,32.58,32.21,32.51,519064.0
2018-08-20,32.8,32.84,32.65,32.72,539331.0
2018-08-21,33.02,33.21,32.97,33.16,436878.0
2018-08-22,33.65,33.7,33.22,33.37,747572.0
2018-08-23,33.2,33.36,32.94,32.96,507844.0
2018-08-24,33.51,33.9,33.49,33.7,803044.0
2018-08-27,34.0,34.21,33.87,34.18,618485.0
2018-08-28,33.78,33.85,33.34,33.35,520883.0
2018-08-29,34.06,34.24,33.74,34.13,646496.0
2018-08-30,33.81,33.93,33.63,33.69,450676.0
2018-08-31,33.33,33.44,32.98,33.12,644597.0
2018-09-04,32.81,33.02,32.67,33.02,653648.0
2018-09-05,33.09,33.17,32.8,32.89,477034.0
2018-09-06,32.9,33.11,32.71,32.88,474152.0
2018-09-07,32.12,32.23,31.86,31.95,592215.0
2018-09-10,32.37,32.38,32.12,32.29,446425.0
2018-09-11,31.9,32.39,31.88,32.33,298761.0
2018-09-12,31.99,32.03,31.76,31.82,636713.0
2018-09-13,32.1,32.32,32.01,32.15,418786.0
2018-09-14,31.89,32.1,31.59,31.8,710942.0
2018-09-17,32.0,32.27,31.97,32.1,518319.0
2018-09-18,32.32,32.5,32.28,32.33,356920.0
2018-09-19,32.53,32.72,32.51,32.51,417769.0
2018-09-20,33.36,33.38,33.05,33.28,1005242.0
2018-09-21,33.23,33.28,33.0,33.02,641345.0
2018-09-24,33.18,33.19,32.86,32.87,504795.0
2018-09-25,33.1,33.12,32.95,33.03,397067.0
2018-09-26,32.98,33.28,32.88,33.01,790393.0
2018-09-27,33.03,33.29,33.0,33.01,398039.0
2018-09-28,32.82,32.9,32.63,32.72,420525.0
2018-10-01,32.83,32.93,32.76,32.81,451870.0
2018-10-02,32.68,32.72,32.43,32.48,367167.0
2018-10-03,33.02,33.16,32.88,32.94,1192484.0
2018-10-04,32.99,33.01,32.4,32.58,863929.0
2018-10-05,32.61,32.64,32.17,32.3,711824.0
2018-10-08,32.01,32.18,31.8,32.17,565692.0
2018-10-09,31.9,32.21,31.84,31.99,642107.0
2018-10-10,31.67,31.67,30.99,30.99,732126.0
2018-10-11,30.79,30.94,30.16,30.3,1103736.0
2018-10-12,30.58,30.61,30.08,30.39,508918.0
2018-10-15,30.76,31.22,30.65,31.0,736827.0
2018-10-16,31.29,31.34,31.16,31.3,426664.0
2018-10-17,30.79,30.79,30.33,30.4,598901.0
2018-10-18,29.42,29.54,28.45,28.48,1179839.0
2018-10-19,28.4,28.53,27.97,28.3,1301995.0
2018-10-22,28.07,28.09,27.72,27.75,751364.0
2018-10-23,27.21,27.66,27.07,27.53,938660.0
2018-10-24,27.42,27.42,26.58,26.58,806280.0
2018-10-25,27.29,27.44,27.12,27.17,814598.0
2018-10-26,27.73,28.06,27.18,27.86,1207317.0
2018-10-29,28.37,28.5,27.4,27.69,1338216.0
2018-10-30,28.34,29.3,28.3,29.24,1675966.0
2018-10-31,29.77,30.16,29.72,29.78,1609839.0
2018-11-01,30.04,30.24,29.9,30.17,1021010.0
2018-11-02,30.39,30.51,30.11,30.38,980469.0
2018-11-05,30.31,30.4,30.07,30.24,439738.0
2018-11-06,29.25,29.52,29.14,29.29,1272804.0
2018-11-07,29.99,30.52,29.79,30.45,983492.0
2018-11-08,30.1,30.2,29.59,29.7,528647.0
2018-11-09,29.46,29.58,29.15,29.38,449293.0
2018-11-12,29.0,29.21,28.85,28.95,478058.0
2018-11-13,28.93,29.36,28.89,28.94,682027.0
2018-11-14,29.47,29.58,28.74,28.96,852454.0
2018-11-15,28.2,28.54,27.82,28.45,981107.0
2018-11-16,27.75,27.94,27.51,27.86,1110106.0
2018-11-19,27.57,27.79,27.49,27.64,1267453.0
2018-11-20,27.34,27.66,27.19,27.26,1070143.0
2018-11-21,27.56,27.79,27.45,27.48,761862.0
2018-11-23,27.34,27.88,27.33,27.74,402616.0
2018-11-26,28.09,28.24,27.93,28.13,673792.0
2018-11-27,27.63,27.94,27.48,27.8,743622.0
2018-11-28,27.88,28.37,27.49,28.25,906782.0
2018-11-29,28.32,28.55,28.08,28.3,885288.0
2018-11-30,27.72,27.83,27.49,27.66,839230.0
2018-12-03,28.64,28.69,28.24,28.39,752057.0
2018-12-04,27.66,27.77,26.83,26.83,785053.0
2018-12-06,25.62,26.05,25.39,26.05,1397398.0
2018-12-07,26.59,26.84,25.7,25.76,1123640.0
2018-12-10,25.64,25.72,24.95,25.3,1161855.0
2018-12-11,25.89,25.95,25.07,25.1,1657348.0
2018-12-12,25.69,25.81,25.43,25.45,815090.0
2018-12-13,26.45,26.46,25.52,25.59,1219915.0
2018-12-14,25.43,25.75,25.43,25.5,1017949.0
2018-12-17,25.64,25.7,25.1,25.19,1122076.0
2018-12-18,25.65,25.71,25.43,25.54,1392300.0
2018-12-19,25.8,26.06,24.96,25.1,1680314.0
2018-12-20,25.07,25.23,24.62,24.92,1164938.0
2018-12-21,25.62,25.75,25.17,25.2,2342070.0
2018-12-24,25.52,25.55,25.03,25.04,625479.0
2018-12-26,25.06,25.94,24.91,25.93,823008.0
2018-12-27,25.13,25.79,25.1,25.78,985298.0
2018-12-28,26.55,26.55,26.23,26.3,1096264.0
2018-12-31,26.32,26.37,26.09,26.35,497977.0
2019-01-02,26.03,26.5,25.99,26.39,742726.0
2019-01-03,26.19,26.31,25.81,26.05,814013.0
2019-01-04,27.05,27.62,26.93,27.55,951089.0
2019-01-07,27.07,27.51,26.93,27.35,837329.0
2019-01-08,27.69,27.74,27.31,27.51,548629.0
2019-01-09,28.31,28.4,27.95,28.12,518985.0
2019-01-10,28.16,28.35,28.1,28.31,608605.0
2019-01-11,27.97,28.31,27.89,28.09,905190.0
2019-01-14,27.88,28.44,27.85,28.24,848546.0
2019-01-15,28.05,28.19,27.92,28.09,660105.0
2019-01-16,28.19,28.35,28.01,28.03,581910.0
2019-01-17,28.04,28.22,27.98,28.19,858588.0
2019-01-18,28.71,28.92,28.51,28.82,594009.0
2019-01-22,28.51,28.87,28.27,28.73,1123869.0
2019-01-23,28.99,28.99,28.2,28.33,894597.0
2019-01-24,28.23,28.47,28.21,28.32,428304.0
2019-01-25,29.3,29.31,29.0,29.07,607610.0
2019-01-28,28.9,29.36,28.85,29.31,561754.0
2019-01-29,29.12,29.2,28.89,28.96,529950.0
2019-01-30,28.71,29.19,28.66,29.06,379419.0
2019-01-31,28.63,28.85,28.57,28.84,723077.0
2019-02-01,29.12,29.52,28.96,29.21,647870.0
2019-02-04,29.5,29.73,29.33,29.7,1087286.0
2019-02-05,29.96,29.96,29.6,29.87,792804.0
2019-02-06,30.51,30.58,30.11,30.14,968931.0
2019-02-07,30.14,30.18,29.66,29.78,893131.0
2019-02-08,29.79,29.99,29.58,29.97,610811.0
2019-02-11,30.07,30.26,30.03,30.25,465731.0
2019-02-12,30.1,30.52,30.1,30.43,466612.0
2019-02-13,30.76,30.8,30.46,30.5,425067.0
2019-02-14,30.28,30.43,30.16,30.34,569350.0
2019-02-15,30.37,30.51,30.29,30.51,462712.0
2019-02-19,30.9,31.21,30.82,31.07,503402.0
2019-02-20,31.33,31.52,31.29,31.45,418409.0
2019-02-21,31.45,31.56,31.38,31.51,463459.0
2019-02-22,31.38,31.47,31.13,31.27,374152.0
2019-02-25,31.33,31.48,31.27,31.34,818485.0
2019-02-26,31.29,31.59,31.21,31.39,297654.0
2019-02-27,31.28,31.53,31.16,31.4,484382.0
2019-02-28,31.81,31.81,31.41,31.74,429589.0
2019-03-01,32.22,32.35,32.0,32.11,516958.0
2019-03-04,31.91,31.99,31.64,31.96,500832.0
2019-03-05,31.92,32.09,31.8,31.89,574220.0
2019-03-06,31.94,31.94,31.44,31.5,589000.0
2019-03-07,30.86,31.11,30.66,30.91,769947.0
2019-03-08,30.65,31.05,30.59,31.05,571772.0
2019-03-11,31.03,31.41,31.0,31.39,425024.0
2019-03-12,31.34,31.34,31.05,31.09,541641.0
2019-03-13,31.56,31.59,31.15,31.2,443642.0
2019-03-14,31.12,31.15,30.9,30.9,414273.0
2019-03-15,31.71,31.86,31.5,31.62,592159.0
2019-03-18,31.39,31.58,31.36,31.58,334117.0
2019-03-19,31.64,31.76,31.34,31.42,615516.0
2019-03-20,31.57,31.84,31.31,31.63,582615.0
2019-03-21,31.26,31.47,31.23,31.38,522382.0
2019-03-22,31.01,31.08,30.47,30.48,475497.0
2019-03-25,30.64,30.88,30.54,30.83,469001.0
2019-03-26,30.38,30.61,30.11,30.26,453472.0
2019-03-27,30.28,30.39,29.95,30.29,488366.0
2019-03-28,30.25,30.34,29.97,30.26,536201.0
2019-03-29,31.12,31.17,30.9,31.0,433215.0
2019-04-01,31.58,31.86,31.48,31.79,462408.0
2019-04-02,31.56,31.8,31.54,31.76,292699.0
2019-04-03,32.63,32.77,32.55,32.63,610196.0
2019-04-04,32.5,32.57,32.31,32.44,319623.0
2019-04-05,32.75,32.98,32.69,32.87,413869.0
2019-04-08,32.57,32.62,32.37,32.59,390796.0
2019-04-09,32.12,32.52,32.12,32.31,339534.0
2019-04-10,32.24,32.29,32.13,32.16,350740.0
2019-04-11,32.56,32.91,32.49,32.73,301138.0
2019-04-12,33.06,33.23,32.94,33.01,275256.0
2019-04-15,32.99,33.13,32.87,33.11,251162.0
2019-04-16,33.46,33.48,33.24,33.33,316304.0
2019-04-17,33.59,33.61,33.4,33.49,224554.0
2019-04-18,34.04,34.25,33.85,33.87,455680.0
2019-04-22,33.72,33.98,33.6,33.81,261697.0
2019-04-23,33.82,33.97,33.43,33.53,547962.0
2019-04-24,33.94,34.01,33.59,33.76,287174.0
2019-04-25,32.98,33.02,32.65,32.87,529226.0
2019-04-26,32.76,32.97,32.65,32.81,355497.0
2019-04-29,33.08,33.31,32.97,33.29,249889.0
2019-04-30,33.48,33.79,33.3,33.65,533158.0
2019-05-01,33.86,33.95,33.33,33.34,398574.0
2019-05-02,33.78,33.99,33.66,33.94,436872.0
2019-05-03,33.89,34.27,33.89,34.23,427794.0
2019-05-06,33.66,34.14,33.6,34.13,490846.0
2019-05-07,32.99,33.18,32.75,32.9,913551.0
2019-05-08,32.66,32.91,32.56,32.75,495699.0
2019-05-09,32.01,32.6,32.0,32.56,461300.0
2019-05-10,32.22,32.52,32.03,32.43,592520.0
2019-05-13,31.51,31.8,31.51,31.66,925845.0
2019-05-14,31.9,32.26,31.87,32.1,433764.0
2019-05-15,31.68,32.27,31.63,32.13,590141.0
2019-05-16,32.02,32.56,32.02,32.39,500849.0
2019-05-17,32.04,32.23,31.94,31.97,499030.0
2019-05-20,31.97,32.24,31.83,31.92,463513.0
2019-05-21,32.11,32.27,32.03,32.09,334556.0
2019-05-22,31.96,32.33,31.89,32.08,562116.0
2019-05-23,31.69,31.83,31.49,31.6,479554.0
2019-05-24,32.07,32.09,31.68,31.83,350491.0
2019-05-28,31.92,31.96,31.44,31.44,389654.0
2019-05-29,30.9,31.25,30.86,31.24,470931.0
2019-05-30,31.53,31.83,31.5,31.75,442107.0
2019-05-31,31.23,31.41,31.2,31.35,543024.0
2019-06-03,31.43,31.61,31.28,31.52,529890.0
2019-06-04,32.48,32.53,32.19,32.37,669149.0
2019-06-05,32.39,32.42,32.07,32.38,373126.0
2019-06-06,32.37,32.45,32.12,32.29,382383.0
2019-06-07,32.41,32.67,32.39,32.58,402053.0
2019-06-10,32.4,32.59,32.38,32.52,332718.0
2019-06-11,33.05,33.05,32.18,32.28,677379.0
2019-06-12,31.73,31.83,31.54,31.72,567622.0
2019-06-13,32.33,32.37,32.13,32.25,493175.0
2019-06-14,31.93,32.03,31.69,31.97,295779.0
2019-06-17,31.69,31.96,31.68,31.82,343877.0
2019-06-18,31.84,32.19,31.81,32.03,340810.0
2019-06-19,32.09,32.11,31.83,32.01,424848.0
2019-06-20,32.76,32.88,32.59,32.8,428085.0
2019-06-21,32.42,32.51,32.32,32.4,338535.0
2019-06-24,32.12,32.28,32.06,32.19,333418.0
2019-06-25,32.28,32.41,32.15,32.15,332697.0
2019-06-26,32.4,32.58,32.36,32.38,507641.0
2019-06-27,32.6,32.69,32.49,32.6,291259.0
2019-06-28,32.49,32.77,32.49,32.75,545758.0
2019-07-01,33.44,33.46,33.02,33.15,383615.0
2019-07-02,33.18,33.3,33.02,33.22,320750.0
2019-07-03,33.41,33.61,33.35,33.61,163613.0
2019-07-05,33.75,33.78,33.44,33.61,320055.0
2019-07-08,32.99,33.19,32.8,32.99,358982.0
2019-07-09,32.69,33.04,32.69,33.0,332362.0
2019-07-10,33.18,33.25,32.93,32.97,207035.0
2019-07-11,33.21,33.22,33.07,33.19,276152.0
2019-07-12,33.56,33.6,33.27,33.3,364603.0
2019-07-15,33.47,33.98,33.17,33.41,1007897.0
2019-07-16,33.53,33.89,33.52,33.69,477938.0
2019-07-17,33.48,33.53,33.07,33.17,435772.0
2019-07-18,33.05,33.15,32.88,33.15,286126.0
2019-07-19,32.98,33.18,32.93,33.02,212152.0
2019-07-22,33.38,33.44,32.99,33.0,256190.0
2019-07-23,32.89,33.07,32.87,33.01,252405.0
2019-07-24,32.66,32.96,32.64,32.96,260337.0
2019-07-25,32.93,33.41,32.79,33.07,466869.0
2019-07-26,33.42,33.56,33.37,33.49,305081.0
2019-07-29,33.49,33.52,33.2,33.28,281171.0
2019-07-30,32.75,33.17,32.71,33.17,621654.0
2019-07-31,33.57,33.72,33.12,33.36,680858.0
2019-08-01,33.08,33.31,32.57,32.65,399283.0
2019-08-02,32.17,32.18,31.8,31.98,481606.0
2019-08-05,31.46,31.51,31.15,31.3,409357.0
2019-08-06,31.39,31.52,31.16,31.5,375983.0
2019-08-07,31.22,31.68,31.1,31.61,600050.0
2019-08-08,32.0,32.46,31.99,32.44,322378.0
2019-08-09,32.09,32.2,31.86,32.09,332511.0
2019-08-12,31.99,32.2,31.84,31.95,256014.0
2019-08-13,32.1,32.93,31.92,32.58,453421.0
2019-08-14,32.05,32.19,31.7,31.71,417408.0
2019-08-15,31.72,31.9,31.44,31.61,369378.0
2019-08-16,31.57,32.15,31.57,32.01,516671.0
2019-08-19,32.47,32.48,32.12,32.21,265100.0
2019-08-20,31.89,31.89,31.6,31.62,318983.0
2019-08-21,32.65,32.67,32.24,32.3,444442.0
2019-08-22,31.99,32.25,31.66,32.19,766013.0
2019-08-23,32.49,33.28,32.36,32.85,1892584.0
2019-08-26,32.62,32.94,32.52,32.8,856397.0
2019-08-27,32.53,32.96,32.53,32.69,1663022.0
2019-08-28,32.26,32.68,32.14,32.53,1631701.0
2019-08-29,33.17,33.58,33.15,33.51,696048.0
2019-08-30,33.98,34.0,33.38,33.62,387966.0
2019-09-03,33.59,33.64,33.18,33.59,553273.0
2019-09-04,33.91,34.12,33.85,34.02,264428.0
2019-09-05,34.07,34.11,33.59,33.71,760767.0
2019-09-06,33.86,33.95,33.74,33.82,429488.0
2019-09-09,33.91,33.91,33.64,33.74,277651.0
2019-09-10,33.81,33.99,33.63,33.99,336257.0
2019-09-11,34.32,34.5,34.16,34.5,378130.0
2019-09-12,34.67,34.94,34.54,34.77,447791.0
2019-09-13,35.44,35.5,35.09,35.21,684906.0
2019-09-16,34.78,34.78,34.13,34.26,632358.0
2019-09-17,33.77,34.11,33.74,34.08,725531.0
2019-09-18,33.95,34.2,33.82,34.05,331501.0
2019-09-19,34.42,34.65,34.24,34.24,329229.0
2019-09-20,34.61,34.69,33.92,33.93,640867.0
2019-09-23,33.57,33.8,33.54,33.69,311273.0
2019-09-24,33.72,33.82,33.43,33.43,603638.0
2019-09-25,33.11,33.4,32.98,33.37,463007.0
2019-09-26,33.64,33.95,33.64,33.9,945022.0
2019-09-27,34.04,34.37,33.84,34.08,1221758.0
2019-09-30,34.35,34.62,34.28,34.36,799132.0
2019-10-01,34.34,34.46,33.7,33.77,985012.0
2019-10-02,33.28,33.28,32.63,32.69,873324.0
2019-10-03,32.67,33.02,32.4,32.84,610290.0
2019-10-04,32.6,33.1,32.57,33.1,515359.0
2019-10-07,32.7,32.94,32.67,32.73,536917.0
2019-10-08,31.95,32.23,31.83,32.02,731944.0
2019-10-09,32.45,32.61,32.28,32.53,447752.0
2019-10-10,32.95,33.31,32.85,33.23,718968.0
2019-10-11,34.21,34.44,33.89,33.9,803692.0
2019-10-14,34.16,34.45,34.09,34.17,587572.0
2019-10-15,34.65,35.02,34.47,34.79,846327.0
2019-10-16,34.83,35.12,34.68,34.96,538289.0
2019-10-17,35.13,35.26,34.87,34.94,598125.0
2019-10-18,35.03,35.12,34.79,34.97,373021.0
2019-10-21,35.53,35.57,35.26,35.29,426847.0
2019-10-22,35.26,35.33,34.96,34.99,473294.0
2019-10-23,35.72,35.92,35.57,35.75,654155.0
2019-10-24,36.37,36.39,35.9,36.01,787226.0
2019-10-25,36.23,36.57,36.2,36.34,548177.0
2019-10-28,36.72,36.81,36.47,36.52,642100.0
2019-10-29,37.03,37.14,36.77,36.82,1145209.0
2019-10-30,36.93,36.95,36.59,36.86,1088544.0
2019-10-31,36.6,36.67,36.32,36.5,434679.0
2019-11-01,36.76,36.94,36.69,36.89,328421.0
2019-11-04,37.08,37.18,37.04,37.1,313287.0
2019-11-05,36.87,37.11,36.84,37.03,820271.0
2019-11-06,36.57,36.94,36.5,36.93,592399.0
2019-11-07,37.02,37.09,36.89,36.96,414912.0
2019-11-08,36.56,36.79,36.48,36.79,748894.0
2019-11-11,36.37,36.86,36.34,36.84,748645.0
2019-11-12,36.94,36.98,36.77,36.79,784807.0
2019-11-13,37.16,37.29,36.99,37.25,531940.0
2019-11-14,36.85,37.19,36.82,37.16,524759.0
2019-11-15,37.13,37.35,37.13,37.31,462749.0
2019-11-18,37.33,37.46,37.3,37.4,360058.0
2019-11-19,37.58,37.59,37.18,37.42,660058.0
2019-11-20,36.75,37.17,36.75,36.92,565977.0
2019-11-21,36.86,37.1,36.71,36.99,464354.0
2019-11-22,37.31,37.4,37.16,37.36,468486.0
2019-11-25,37.53,37.71,37.48,37.62,425369.0
2019-11-26,38.43,38.74,38.34,38.65,683246.0
2019-11-27,39.04,39.04,38.7,38.97,474048.0
2019-11-29,38.08,38.39,38.08,38.3,404950.0
2019-12-02,38.2,38.25,37.94,38.19,773250.0
2019-12-03,37.47,38.03,37.46,38.02,1110294.0
2019-12-04,38.26,38.48,38.19,38.38,654419.0
2019-12-05,38.42,38.6,38.31,38.58,721185.0
2019-12-06,38.86,38.9,38.7,38.74,423049.0
2019-12-09,38.8,38.82,38.59,38.76,665107.0
2019-12-10,38.7,38.84,38.52,38.77,581011.0
2019-12-11,38.71,39.22,38.68,39.19,394444.0
2019-12-12,39.32,39.68,39.29,39.53,725269.0
2019-12-13,40.0,40.38,39.8,39.96,583684.0
2019-12-16,40.25,40.44,40.11,40.15,496879.0
2019-12-17,39.93,40.03,39.55,39.66,801768.0
2019-12-18,39.92,39.92,39.68,39.82,316416.0
2019-12-19,39.62,39.67,39.36,39.4,341734.0
2019-12-20,39.78,39.86,39.68,39.69,383460.0
2019-12-23,39.85,39.93,39.7,39.86,368506.0
2019-12-24,39.85,39.95,39.73,39.91,110347.0
2019-12-26,39.89,40.26,39.89,40.26,142518.0
2019-12-27,40.48,40.58,40.34,40.36,216621.0
2019-12-30,40.5,40.52,39.97,39.99,355206.0
2019-12-31,39.87,40.34,39.87,40.33,251554.0
2020-01-02,40.87,40.88,40.58,40.84,490650.0
2020-01-03,39.81,40.1,39.78,39.84,488006.0
2020-01-06,39.65,39.92,39.63,39.91,288991.0
2020-01-07,39.67,39.85,39.64,39.73,345485.0
2020-01-08,39.36,39.83,39.35,39.69,649766.0
2020-01-09,39.49,39.65,39.4,39.61,680776.0
2020-01-10,39.13,39.24,39.02,39.15,715515.0
2020-01-13,39.22,39.64,39.18,39.62,649271.0
2020-01-14,39.24,39.41,39.17,39.21,588536.0
2020-01-15,38.61,38.84,38.59,38.77,1309009.0
2020-01-16,38.45,38.88,38.44,38.88,778094.0
2020-01-17,38.77,38.89,38.63,38.82,878780.0
2020-01-21,38.54,38.6,38.37,38.42,617485.0
2020-01-22,38.44,38.49,38.32,38.39,584254.0
2020-01-23,38.23,38.41,38.0,38.39,1058559.0
2020-01-24,38.8,38.8,38.38,38.56,822182.0
2020-01-27,37.7,37.98,37.61,37.77,692313.0
2020-01-28,37.6,38.19,37.53,38.13,746956.0
2020-01-29,38.55,38.64,38.26,38.26,476055.0
2020-01-30,37.86,38.43,37.77,38.43,575414.0
2020-01-31,38.03,38.08,37.46,37.59,532926.0
2020-02-03,37.76,38.21,37.75,38.1,540496.0
2020-02-04,38.74,38.79,38.52,38.76,740504.0
2020-02-05,38.82,39.11,38.7,39.05,603156.0
2020-02-06,38.98,39.08,38.84,38.89,489871.0
2020-02-07,38.52,38.62,38.39,38.46,453018.0
2020-02-10,38.6,38.76,38.55,38.75,358054.0
2020-02-11,39.35,39.43,39.19,39.22,522935.0
2020-02-12,39.67,39.67,39.4,39.41,679083.0
2020-02-13,39.08,39.19,38.99,39.11,469500.0
2020-02-14,39.09,39.09,38.82,38.9,292547.0
2020-02-18,38.05,38.19,37.91,37.91,641028.0
2020-02-19,37.98,38.15,37.97,38.03,467657.0
2020-02-20,38.06,38.12,37.59,37.85,691785.0
2020-02-21,37.68,37.82,37.51,37.6,439691.0
2020-02-24,36.19,36.55,36.14,36.26,683722.0
2020-02-25,36.33,36.33,35.24,35.32,915098.0
2020-02-26,35.89,36.09,35.36,35.43,1079335.0
2020-02-27,34.65,35.12,34.21,34.21,1611933.0
2020-02-28,33.51,34.18,33.22,33.88,2146885.0
2020-03-02,34.55,35.21,34.22,35.21,1144460.0
2020-03-03,35.6,36.04,34.71,35.06,1733944.0
2020-03-04,35.76,36.27,35.4,36.27,948326.0
2020-03-05,35.43,36.05,35.2,35.36,1687835.0
2020-03-06,34.29,34.84,33.74,34.31,1879739.0
2020-03-09,31.94,32.55,30.93,30.99,3255997.0
2020-03-10,32.18,32.3,30.87,31.83,3228162.0
2020-03-11,30.68,30.74,29.34,29.62,2584693.0
2020-03-12,26.97,27.04,25.28,26.04,1529985.0
2020-03-13,27.25,27.56,25.35,27.51,1502092.0
2020-03-16,22.46,23.8,22.46,22.57,1473332.0
2020-03-17,21.77,22.86,21.07,22.47,1271969.0
2020-03-18,19.0,19.98,17.73,18.64,1255750.0
2020-03-19,18.5,19.35,18.34,18.96,1436488.0
2020-03-20,20.41,21.08,19.87,19.87,2164850.0
2020-03-23,20.09,20.77,19.56,20.18,1944477.0
2020-03-24,21.47,23.22,21.2,22.87,2519554.0
2020-03-25,23.23,24.69,22.65,23.9,2765297.0
2020-03-26,25.33,27.08,25.14,26.81,2929662.0
2020-03-27,25.05,25.95,24.87,25.36,2612366.0
2020-03-30,25.12,25.89,24.9,25.58,1518264.0
2020-03-31,26.18,27.43,25.89,26.84,1876718.0
2020-04-01,25.94,26.71,25.75,25.9,1933772.0
2020-04-02,26.34,26.88,25.67,26.25,2170694.0
2020-04-03,26.41,26.52,25.37,25.87,1525913.0
2020-04-06,27.32,27.85,27.14,27.49,1650748.0
2020-04-07,28.36,28.54,26.96,26.99,1213030.0
2020-04-08,27.43,27.69,26.85,27.59,1003723.0
2020-04-09,29.21,30.09,29.14,29.97,973975.0
2020-04-13,29.64,29.71,28.59,29.04,676705.0
2020-04-14,28.45,28.83,27.9,28.05,1921596.0
2020-04-15,26.5,26.55,25.77,26.1,1366867.0
2020-04-16,27.1,27.1,26.4,26.74,1422687.0
2020-04-17,27.86,27.98,27.42,27.84,927487.0
2020-04-20,27.25,27.49,26.8,26.8,643832.0
2020-04-21,26.73,27.22,26.23,26.25,1163792.0
2020-04-22,28.23,28.34,27.73,28.0,1625446.0
2020-04-23,28.09,28.5,27.53,27.67,1025173.0
2020-04-24,28.2,28.48,27.99,28.39,979219.0
2020-04-27,29.71,29.78,29.16,29.66,1357927.0
2020-04-28,30.16,30.28,29.74,29.78,814303.0
2020-04-29,30.69,31.54,30.68,31.43,712692.0
2020-04-30,29.98,30.28,29.77,30.12,760435.0
2020-05-01,30.0,30.0,28.99,29.38,432328.0
2020-05-04,29.06,29.74,28.95,29.74,529336.0
2020-05-05,29.51,29.66,28.87,28.88,733566.0
2020-05-06,29.12,29.17,27.99,28.01,819923.0
2020-05-07,29.04,29.31,28.78,28.83,644187.0
2020-05-08,29.32,29.53,29.17,29.45,600879.0
2020-05-11,29.25,29.25,28.56,28.6,983486.0
2020-05-12,28.7,28.78,28.19,28.22,776534.0
2020-05-13,28.19,28.19,27.48,27.76,963821.0
2020-05-14,26.93,28.27,26.56,27.99,1230445.0
2020-05-15,27.38,27.86,27.26,27.86,3050074.0
2020-05-18,29.25,30.2,29.14,30.04,841273.0
2020-05-19,29.66,29.99,29.31,29.33,686975.0
2020-05-20,29.71,30.53,29.63,30.11,808579.0
2020-05-21,30.16,30.3,29.62,29.81,441234.0
2020-05-22,30.19,30.22,29.75,29.92,411250.0
2020-05-26,31.1,31.18,30.7,30.84,436626.0
2020-05-27,32.14,32.27,31.64,32.22,458728.0
2020-05-28,32.65,32.65,31.94,32.01,1056997.0
2020-05-29,32.98,33.03,31.96,32.16,1019013.0
2020-06-01,32.8,33.09,32.66,32.8,730185.0
2020-06-02,33.52,33.98,33.29,33.93,1002678.0
2020-06-03,35.13,35.64,35.09,35.48,601548.0
2020-06-04,35.52,36.15,35.35,35.69,585570.0
2020-06-05,36.68,37.54,36.68,36.83,419197.0
2020-06-08,36.77,36.85,35.74,36.25,733659.0
2020-06-09,35.66,36.17,35.56,35.83,422061.0
2020-06-10,36.23,36.25,35.45,35.45,573027.0
2020-06-11,33.68,34.19,32.49,32.59,560474.0
2020-06-12,33.91,34.12,32.92,33.71,490072.0
2020-06-15,33.13,34.51,32.95,34.32,520961.0
2020-06-16,36.58,36.64,35.59,36.08,731050.0
2020-06-17,36.65,36.65,35.52,35.56,793990.0
2020-06-18,35.34,35.91,35.24,35.73,470571.0
2020-06-19,36.14,36.17,34.39,34.67,1438489.0
2020-06-22,35.2,35.34,34.91,35.2,1160840.0
2020-06-23,36.01,36.1,35.47,35.51,749627.0
2020-06-24,34.65,34.76,33.76,33.84,834770.0
2020-06-25,33.64,34.07,33.32,34.06,948332.0
2020-06-26,34.22,34.25,33.73,33.81,380990.0
2020-06-29,34.3,34.7,34.09,34.48,543955.0
2020-06-30,33.79,34.39,33.55,34.31,791733.0
2020-07-01,34.55,34.94,34.52,34.83,588402.0
2020-07-02,35.85,36.3,35.5,35.66,619999.0
2020-07-06,36.37,36.5,36.05,36.23,407250.0
2020-07-07,36.61,36.65,35.94,36.14,795905.0
2020-07-08,35.8,36.16,35.52,35.83,608860.0
2020-07-09,36.28,36.32,35.17,35.4,574807.0
2020-07-10,36.22,36.57,36.02,36.52,473501.0
2020-07-13,36.7,36.82,35.7,35.79,831057.0
2020-07-14,35.96,37.25,35.91,37.16,540788.0
2020-07-15,38.25,38.4,37.59,38.06,435610.0
2020-07-16,37.9,38.27,37.75,38.17,376718.0
2020-07-17,38.01,38.24,37.87,38.15,331764.0
2020-07-20,38.37,39.07,38.28,38.89,491772.0
2020-07-21,39.04,39.17,38.61,38.72,259047.0
2020-07-22,38.68,38.9,38.59,38.8,299526.0
2020-07-23,38.62,38.73,38.2,38.44,342301.0
2020-07-24,38.01,38.27,37.86,38.16,291814.0
2020-07-27,38.33,38.88,38.27,38.84,227311.0
2020-07-28,38.19,38.28,37.58,37.6,614617.0
2020-07-29,37.36,38.01,37.3,37.87,471286.0
2020-07-30,36.5,37.24,36.08,37.21,469720.0
2020-07-31,37.04,37.11,36.11,36.39,483178.0
2020-08-03,37.39,37.69,37.15,37.59,485180.0
2020-08-04,36.91,37.5,36.88,37.5,329969.0
2020-08-05,38.12,38.57,38.12,38.25,274655.0
2020-08-06,38.04,38.6,38.03,38.45,225394.0
2020-08-07,38.2,38.8,38.17,38.79,181768.0
2020-08-10,38.92,39.16,38.74,38.98,194840.0
2020-08-11,39.53,39.67,39.11,39.12,188328.0
2020-08-12,40.11,40.61,39.89,39.95,284496.0
2020-08-13,39.66,39.95,39.49,39.58,178151.0
2020-08-14,39.07,39.4,38.9,39.02,269300.0
2020-08-17,39.72,39.95,39.62,39.7,207375.0
2020-08-18,40.18,40.18,39.65,39.94,393523.0
2020-08-19,39.55,40.06,39.46,39.84,605893.0
2020-08-20,38.69,39.19,38.61,39.08,381764.0
2020-08-21,38.2,38.98,38.19,38.82,417054.0
2020-08-24,39.84,39.9,39.42,39.59,344056.0
2020-08-25,39.15,39.22,38.34,38.56,482174.0
2020-08-26,38.8,38.98,38.71,38.85,388643.0
2020-08-27,38.86,38.87,37.9,38.2,461503.0
2020-08-28,38.26,38.33,37.78,37.88,436063.0
2020-08-31,37.49,37.58,37.07,37.1,212741.0
2020-09-01,37.4,37.95,37.11,37.91,282203.0
2020-09-02,37.76,37.86,37.27,37.79,264785.0
2020-09-03,37.0,37.12,35.8,35.98,308910.0
2020-09-04,36.42,36.81,35.57,36.47,338604.0
2020-09-08,36.05,36.65,35.92,36.03,305860.0
2020-09-09,36.93,37.47,36.82,37.17,353862.0
2020-09-10,37.44,37.56,36.69,36.74,204902.0
2020-09-11,37.21,37.84,37.0,37.38,306365.0
2020-09-14,37.94,37.96,37.71,37.84,306376.0
2020-09-15,38.58,39.05,38.49,38.78,247864.0
2020-09-16,39.0,39.37,38.94,38.95,241365.0
2020-09-17,38.49,39.01,38.44,38.7,254947.0
2020-09-18,37.93,38.16,37.36,37.56,310329.0
2020-09-21,35.64,35.72,34.84,35.72,454134.0
2020-09-22,35.69,35.94,35.39,35.87,381918.0
2020-09-23,35.84,35.95,35.13,35.14,359048.0
2020-09-24,35.43,35.89,35.18,35.51,234029.0
2020-09-25,35.37,36.07,35.29,36.06,243175.0
2020-09-28,36.79,37.03,36.7,36.86,752055.0
2020-09-29,36.61,36.92,36.38,36.46,296967.0
2020-09-30,36.18,36.48,35.87,36.09,348530.0
2020-10-01,36.14,36.31,35.8,36.01,774911.0
2020-10-02,35.38,36.72,35.37,36.55,294698.0
2020-10-05,36.85,37.57,36.81,37.55,280356.0
2020-10-06,38.17,38.57,37.55,37.57,270049.0
2020-10-07,38.28,39.35,38.26,39.03,636094.0
2020-10-08,39.72,39.98,39.51,39.8,280788.0
2020-10-09,39.91,40.0,39.46,39.53,274550.0
2020-10-12,39.7,39.9,39.54,39.62,175777.0
2020-10-13,38.85,38.99,38.45,38.58,200296.0
2020-10-14,38.41,38.69,38.18,38.32,258595.0
2020-10-15,37.29,37.87,37.26,37.87,372975.0
2020-10-16,38.23,38.74,38.09,38.31,331337.0
2020-10-19,38.67,38.8,37.76,37.86,247809.0
2020-10-20,38.32,38.34,37.74,37.83,281964.0
2020-10-21,37.65,38.0,37.42,37.56,165951.0
2020-10-22,36.87,37.2,36.49,36.93,351140.0
2020-10-23,37.41,37.49,36.95,37.32,212970.0
2020-10-26,36.91,36.96,35.83,36.1,256676.0
2020-10-27,35.64,35.76,35.3,35.36,302373.0
2020-10-28,33.99,34.34,33.57,33.77,420674.0
2020-10-29,33.92,35.21,33.8,35.08,639830.0
2020-10-30,35.49,35.64,34.85,35.15,440436.0
2020-11-02,36.66,36.78,36.25,36.78,455054.0
2020-11-03,38.04,38.71,38.03,38.32,498385.0
2020-11-04,36.97,37.03,36.15,36.59,739610.0
2020-11-05,37.34,37.93,37.26,37.36,490410.0
2020-11-06,38.4,38.79,37.84,37.94,429521.0
2020-11-09,39.18,39.47,37.74,37.9,581009.0
2020-11-10,39.54,40.39,39.46,39.79,540091.0
2020-11-11,40.05,40.25,39.65,39.94,435935.0
2020-11-12,39.96,40.02,38.87,39.08,234110.0
2020-11-13,39.47,39.83,39.38,39.53,212474.0
2020-11-16,40.2,40.5,39.87,40.06,365883.0
2020-11-17,39.78,40.14,39.39,40.1,268521.0
2020-11-18,40.44,40.58,39.95,39.96,260566.0
2020-11-19,39.57,39.83,39.27,39.78,263083.0
2020-11-20,39.48,39.87,39.41,39.66,250641.0
2020-11-23,40.06,40.07,39.04,39.46,387586.0
2020-11-24,40.53,41.94,40.32,41.87,503142.0
2020-11-25,42.11,42.56,42.06,42.46,511829.0
2020-11-27,40.56,40.92,40.36,40.47,338505.0
2020-11-30,40.46,40.51,39.08,39.25,738844.0
2020-12-01,40.34,40.56,40.08,40.38,331646.0
2020-12-02,39.95,40.68,39.9,40.16,287100.0
2020-12-03,41.24,41.49,41.0,41.29,347832.0
2020-12-04,41.93,42.06,41.59,41.82,296365.0
2020-12-07,41.11,41.42,40.96,41.37,741263.0
2020-12-08,40.95,41.61,40.89,41.17,359046.0
2020-12-09,40.83,40.89,39.87,40.18,298910.0
2020-12-10,39.53,40.13,39.5,39.6,335553.0
2020-12-11,39.54,39.63,39.1,39.58,347184.0
2020-12-14,40.22,40.29,39.43,39.43,281622.0
2020-12-15,39.73,40.38,39.57,40.29,385614.0
2020-12-16,41.02,41.22,40.57,40.63,297769.0
2020-12-17,41.4,41.75,41.37,41.61,253677.0
2020-12-18,42.07,42.83,41.98,42.76,384376.0
2020-12-21,40.39,41.82,40.39,41.66,433088.0
2020-12-22,41.77,42.17,41.71,42.02,255445.0
2020-12-23,42.37,42.55,41.93,42.12,150796.0
2020-12-24,42.32,42.48,42.0,42.39,49502.0
2020-12-28,42.83,42.83,42.43,42.53,99906.0
2020-12-29,42.62,42.73,42.16,42.3,175403.0
2020-12-30,42.68,43.07,42.63,42.82,250701.0
2020-12-31,41.98,42.59,41.76,42.58,395274.0
2021-01-04,43.57,43.67,42.53,42.71,366156.0
2021-01-05,42.37,43.3,42.36,43.23,384232.0
2021-01-06,45.53,46.74,45.5,46.65,551835.0
2021-01-07,47.07,47.93,46.93,47.6,715620.0
2021-01-08,46.88,47.36,46.38,47.3,644278.0
2021-01-11,45.34,46.07,45.3,45.79,721026.0
2021-01-12,45.2,45.99,45.02,45.96,678689.0
2021-01-13,45.31,45.4,44.59,44.62,388682.0
2021-01-14,44.25,45.15,44.21,44.73,406945.0
2021-01-15,44.45,44.66,43.92,44.48,329800.0
2021-01-19,45.38,45.44,44.63,45.0,243483.0
2021-01-20,44.86,45.28,44.81,45.26,197917.0
2021-01-21,44.71,45.1,44.37,44.47,295264.0
2021-01-22,43.96,44.25,43.84,44.2,194666.0
2021-01-25,42.87,43.22,42.5,43.22,403125.0
2021-01-26,43.4,43.52,42.78,42.84,319609.0
2021-01-27,41.69,42.21,40.92,41.5,928413.0
2021-01-28,42.62,42.96,42.07,42.62,411317.0
2021-01-29,41.9,42.2,41.14,41.14,480955.0
2021-02-01,42.38,42.69,42.14,42.64,471045.0
2021-02-02,42.96,43.26,42.77,43.01,285476.0
2021-02-03,43.3,43.54,43.11,43.45,499044.0
2021-02-04,42.78,43.51,42.73,43.35,466134.0
2021-02-05,42.94,43.16,42.68,42.93,293206.0
2021-02-08,43.65,43.81,43.02,43.18,304500.0
2021-02-09,44.04,44.17,43.47,43.81,478254.0
2021-02-10,43.96,44.25,43.36,43.61,314971.0
2021-02-11,43.98,44.66,43.96,44.44,662834.0
2021-02-12,43.8,45.21,43.76,45.13,821707.0
2021-02-16,45.33,45.52,44.87,44.88,453543.0
2021-02-17,44.07,44.3,43.67,44.23,349605.0
2021-02-18,43.6,43.74,43.12,43.43,529914.0
2021-02-19,43.72,44.13,43.66,44.08,376316.0
2021-02-22,44.08,44.56,43.78,44.06,470092.0
2021-02-23,44.1,44.41,43.61,44.31,475231.0
2021-02-24,44.66,45.62,44.35,45.52,493022.0
2021-02-25,45.22,45.62,44.21,44.32,524140.0
2021-02-26,43.67,43.94,42.96,43.33,567605.0
2021-03-01,43.66,44.71,43.6,44.52,517006.0
2021-03-02,45.19,45.52,44.67,44.7,473868.0
2021-03-03,45.4,46.26,45.27,45.64,670250.0
2021-03-04,46.61,47.47,45.69,46.28,831227.0
2021-03-05,46.38,46.57,45.41,46.52,563071.0
2021-03-08,46.31,47.68,46.2,46.98,768651.0
2021-03-09,47.17,47.8,46.69,47.53,2115842.0
2021-03-10,47.34,48.26,47.3,47.96,648615.0
2021-03-11,48.36,48.7,48.04,48.25,583316.0
2021-03-12,48.3,48.67,48.04,48.67,307181.0
2021-03-15,48.47,48.54,47.75,48.31,326591.0
2021-03-16,47.5,47.67,46.82,47.2,387683.0
2021-03-17,46.56,47.2,46.27,47.05,540245.0
2021-03-18,46.04,46.76,45.87,45.91,550106.0
2021-03-19,45.88,45.9,45.13,45.16,820148.0
2021-03-22,45.4,45.41,44.73,44.8,618786.0
2021-03-23,45.11,45.23,43.78,43.89,447021.0
2021-03-24,44.66,45.05,44.34,44.34,302993.0
2021-03-25,44.55,45.61,44.31,45.58,463500.0
2021-03-26,45.87,46.43,45.59,46.39,363012.0
2021-03-29,45.99,46.43,45.96,46.31,285845.0
2021-03-30,45.95,46.92,45.91,46.8,670962.0
2021-03-31,47.47,47.81,46.75,46.98,1193924.0
2021-04-01,46.65,46.78,46.28,46.78,466489.0
2021-04-05,47.47,47.92,47.23,47.67,261774.0
2021-04-06,47.26,47.56,46.85,46.98,420236.0
2021-04-07,47.66,47.92,47.37,47.56,456495.0
2021-04-08,47.37,48.16,47.35,48.05,402464.0
2021-04-09,48.29,48.75,48.28,48.75,207922.0
2021-04-12,48.56,48.71,48.13,48.33,386533.0
2021-04-13,48.3,48.32,47.83,48.1,410610.0
2021-04-14,47.86,48.28,47.86,48.12,350400.0
2021-04-15,48.21,48.26,47.87,48.05,1894328.0
2021-04-16,48.63,48.76,48.45,48.63,1190779.0
2021-04-19,48.62,48.74,48.35,48.45,378664.0
2021-04-20,47.86,47.9,47.08,47.22,946572.0
2021-04-21,47.32,48.11,47.25,48.02,810559.0
2021-04-22,47.51,47.55,47.22,47.27,659070.0
2021-04-23,46.91,47.89,46.91,47.73,493803.0
2021-04-26,47.82,48.02,47.7,47.71,533183.0
2021-04-27,47.56,47.66,47.38,47.38,429886.0
2021-04-28,48.02,48.23,47.91,47.95,624296.0
2021-04-29,47.97,48.27,47.77,48.13,489559.0
2021-04-30,48.07,48.1,47.17,47.27,423692.0
2021-05-03,47.75,48.13,47.48,47.74,318991.0
2021-05-04,47.49,48.18,47.34,48.16,958475.0
2021-05-05,49.84,50.42,49.6,50.0,573615.0
2021-05-06,50.58,50.59,50.04,50.41,525070.0
2021-05-07,50.36,51.05,50.26,50.99,467113.0
2021-05-10,51.18,51.46,50.53,50.54,481927.0
2021-05-11,50.37,50.71,49.94,50.23,737722.0
2021-05-12,49.88,50.11,49.14,49.36,666515.0
2021-05-13,49.04,49.89,48.96,49.79,561845.0
2021-05-14,50.74,51.25,50.52,51.18,486479.0
2021-05-17,50.9,51.32,50.75,51.18,346891.0
2021-05-18,51.71,51.76,51.02,51.03,448697.0
2021-05-19,50.24,50.38,49.54,50.31,697717.0
2021-05-20,50.26,50.68,50.03,50.48,371792.0
2021-05-21,50.68,50.94,50.39,50.54,344153.0
2021-05-24,51.16,51.57,51.06,51.49,450204.0
2021-05-25,51.59,51.74,50.81,50.89,306495.0
2021-05-26,51.33,51.5,51.16,51.37,287410.0
2021-05-27,52.61,52.82,52.27,52.3,469140.0
2021-05-28,52.38,52.4,52.05,52.07,447571.0
2021-06-01,53.01,53.14,52.57,52.64,334999.0
2021-06-02,52.65,52.84,52.33,52.54,458106.0
2021-06-03,52.62,52.76,52.35,52.43,399211.0
2021-06-04,52.69,52.69,52.1,52.36,333309.0
2021-06-07,53.19,53.28,52.95,53.09,325042.0
2021-06-08,53.01,53.26,52.89,53.1,233814.0
2021-06-09,52.36,52.42,51.84,51.9,342979.0
2021-06-10,52.82,52.89,52.09,52.14,363487.0
2021-06-11,52.61,52.65,52.27,52.56,288655.0
2021-06-14,51.99,52.1,51.39,51.6,333934.0
2021-06-15,51.63,51.86,51.39,51.78,288717.0
2021-06-16,51.51,51.69,51.05,51.2,307419.0
2021-06-17,50.87,50.99,50.1,50.5,360343.0
2021-06-18,49.24,49.54,49.09,49.35,389501.0
2021-06-21,50.16,50.86,50.08,50.77,328042.0
2021-06-22,51.2,51.4,50.9,51.24,257163.0
2021-06-23,50.88,51.04,50.6,50.66,292050.0
2021-06-24,51.18,51.73,51.08,51.7,277110.0
2021-06-25,52.6,52.6,52.14,52.25,422251.0
2021-06-28,51.51,51.53,50.94,51.23,582882.0
2021-06-29,51.49,51.64,51.07,51.21,205043.0
2021-06-30,50.75,50.97,50.38,50.84,364063.0
2021-07-01,50.93,51.16,50.73,51.12,349290.0
2021-07-02,50.69,50.7,50.35,50.64,314318.0
2021-07-06,50.49,50.49,49.34,49.82,317287.0
2021-07-07,50.09,50.6,50.01,50.53,195156.0
2021-07-08,49.23,49.42,48.86,49.16,326615.0
2021-07-09,50.03,50.55,49.95,50.44,344614.0
2021-07-12,49.6,50.21,49.41,50.03,251706.0
2021-07-13,50.06,50.11,49.68,49.72,263865.0
2021-07-14,49.83,50.1,49.57,49.72,225074.0
2021-07-15,49.07,49.42,48.92,49.25,353264.0
2021-07-16,49.4,49.42,48.68,48.74,326970.0
2021-07-19,47.43,47.52,46.79,47.04,446089.0
2021-07-20,47.15,48.07,47.03,47.88,348163.0
2021-07-21,48.23,48.92,48.22,48.85,239746.0
2021-07-22,48.77,48.77,48.35,48.45,189242.0
2021-07-23,48.88,48.97,48.63,48.83,204454.0
2021-07-26,49.28,49.39,49.04,49.36,291391.0
2021-07-27,48.96,49.15,48.69,49.09,353801.0
2021-07-28,49.27,50.4,48.91,50.29,396203.0
2021-07-29,50.61,50.66,50.29,50.29,307753.0
2021-07-30,50.22,50.48,49.78,49.89,214933.0
2021-08-02,50.57,50.77,49.78,49.79,267684.0
2021-08-03,50.41,50.78,49.97,50.75,286513.0
2021-08-04,50.76,51.02,50.51,50.52,528811.0
2021-08-05,50.82,50.85,50.16,50.28,434178.0
2021-08-06,50.9,51.01,50.67,50.83,209502.0
2021-08-09,50.68,50.92,50.49,50.78,302334.0
2021-08-10,51.05,51.84,51.0,51.8,265695.0
2021-08-11,52.62,53.38,52.51,53.36,367413.0
2021-08-12,53.3,53.36,53.01,53.24,231216.0
2021-08-13,53.09,53.18,52.88,52.99,182071.0
2021-08-16,52.45,52.61,52.2,52.55,193067.0
2021-08-17,52.11,52.19,51.41,51.72,170240.0
2021-08-18,51.69,52.02,51.57,51.59,214848.0
2021-08-19,50.74,51.24,50.67,51.12,295111.0
2021-08-20,50.78,51.54,50.78,51.51,166526.0
2021-08-23,51.44,51.94,51.4,51.93,279724.0
2021-08-24,51.56,51.76,51.45,51.52,326487.0
2021-08-25,51.39,52.12,51.35,51.83,423304.0
2021-08-26,53.06,53.99,52.94,53.44,531464.0
2021-08-27,53.25,53.89,53.2,53.76,386785.0
2021-08-30,53.31,53.74,53.29,53.61,409026.0
2021-08-31,53.05,53.45,52.89,53.12,618898.0
2021-09-01,53.18,53.3,52.93,52.97,382548.0
2021-09-02,53.01,53.07,52.61,52.76,225732.0
2021-09-03,52.93,53.23,52.66,52.97,308773.0
2021-09-07,52.4,52.48,51.84,51.84,233268.0
2021-09-08,51.52,51.72,51.3,51.42,369402.0
2021-09-09,51.35,51.73,51.06,51.12,278805.0
2021-09-10,51.22,51.39,50.96,51.32,689211.0
2021-09-13,52.04,52.31,51.55,51.98,726289.0
2021-09-14,52.05,52.05,51.63,51.82,835384.0
2021-09-15,51.76,52.05,51.57,51.96,813235.0
2021-09-16,51.95,52.0,51.62,51.72,670257.0
2021-09-17,51.25,51.43,49.75,49.76,650786.0
2021-09-20,48.8,49.17,48.36,49.04,612735.0
2021-09-21,49.49,49.62,49.04,49.25,666634.0
2021-09-22,50.09,50.37,49.96,50.01,214672.0
2021-09-23,50.47,50.84,50.44,50.48,358295.0
2021-09-24,50.06,50.32,49.59,49.59,665693.0
2021-09-27,49.42,49.77,49.35,49.38,526930.0
2021-09-28,48.6,48.78,47.82,48.2,434470.0
2021-09-29,47.3,47.7,47.15,47.29,785019.0
2021-09-30,47.2,47.34,46.59,46.74,492149.0
2021-10-01,46.92,47.44,46.47,47.25,492333.0
2021-10-04,46.8,46.97,46.43,46.71,607084.0
2021-10-05,45.92,46.28,45.61,46.01,1050926.0
2021-10-06,45.67,46.45,45.59,46.43,425859.0
2021-10-07,47.21,47.4,47.0,47.14,538330.0
2021-10-08,47.3,47.35,46.79,46.82,478113.0
2021-10-11,46.29,46.64,46.07,46.12,486314.0
2021-10-12,46.01,46.29,45.81,46.16,418089.0
2021-10-13,46.2,46.42,45.85,46.36,376340.0
2021-10-14,46.53,47.22,46.53,47.19,354725.0
2021-10-15,47.38,47.65,47.27,47.51,494013.0
2021-10-18,46.85,47.42,46.7,47.19,525905.0
2021-10-19,47.81,47.97,47.66,47.71,343497.0
2021-10-20,47.72,48.39,47.6,48.2,338289.0
2021-10-21,47.78,47.79,47.11,47.38,592488.0
2021-10-22,47.55,47.8,47.28,47.34,402872.0
2021-10-25,47.75,48.2,47.56,47.92,380294.0
2021-10-26,48.57,48.6,48.02,48.02,338889.0
2021-10-27,48.03,48.16,47.56,47.58,297160.0
2021-10-28,47.41,48.36,47.35,48.22,329139.0
2021-10-29,47.82,48.09,47.77,47.94,221960.0
2021-11-01,48.53,48.74,48.32,48.55,278596.0
2021-11-02,48.75,49.54,48.67,49.54,420634.0
2021-11-03,50.3,50.38,49.71,49.9,449090.0
2021-11-04,49.37,49.71,49.22,49.29,377809.0
2021-11-05,49.17,49.73,49.15,49.48,361606.0
2021-11-08,51.01,51.22,50.46,50.55,581289.0
2021-11-09,50.71,50.8,50.32,50.64,515062.0
2021-11-10,50.77,50.91,50.07,50.22,283583.0
2021-11-11,50.57,50.65,50.24,50.35,171374.0
2021-11-12,50.7,51.04,50.58,51.0,236581.0
2021-11-15,50.62,50.81,50.55,50.56,260650.0
2021-11-16,50.31,50.63,50.27,50.54,267273.0
2021-11-17,50.33,50.5,50.2,50.41,249160.0
2021-11-18,50.08,50.15,49.74,49.81,310386.0
2021-11-19,49.25,49.52,49.11,49.11,836368.0
2021-11-22,49.08,49.35,48.7,48.7,524014.0
2021-11-23,50.95,51.13,50.39,50.69,621428.0
2021-11-24,50.82,51.27,50.73,51.11,331561.0
2021-11-26,50.2,50.31,49.27,49.93,284003.0
2021-11-29,49.39,49.46,48.66,49.14,438131.0
2021-11-30,48.93,49.15,48.21,48.68,855713.0
2021-12-01,49.36,49.5,48.0,48.02,409600.0
2021-12-02,48.7,49.56,48.54,49.33,367425.0
2021-12-03,49.13,49.26,48.29,48.53,535657.0
2021-12-06,49.75,50.55,49.66,50.4,441440.0
2021-12-07,50.89,51.79,50.86,51.49,840355.0
2021-12-08,51.14,51.35,50.8,50.94,436658.0
2021-12-09,50.36,50.59,50.23,50.3,382397.0
2021-12-10,50.51,50.65,50.14,50.41,421182.0
2021-12-13,50.2,50.29,49.73,49.74,281678.0
2021-12-14,50.64,50.96,50.02,50.1,386115.0
2021-12-15,50.43,50.82,50.06,50.72,295971.0
2021-12-16,51.04,51.09,50.33,50.42,317044.0
2021-12-17,50.33,50.54,49.95,50.0,275389.0
2021-12-20,49.47,49.58,48.98,49.45,496068.0
2021-12-21,50.12,50.73,50.07,50.69,356042.0
2021-12-22,50.76,51.52,50.69,51.5,602236.0
2021-12-23,51.6,52.07,51.5,51.59,332645.0
2021-12-27,52.52,52.54,51.87,52.52,148161.0
2021-12-28,52.59,52.75,52.35,52.49,117338.0
2021-12-29,52.83,53.08,52.79,53.02,239326.0
2021-12-30,53.25,53.36,52.63,52.65,288580.0
2021-12-31,52.93,52.94,52.49,52.8,100590.0
2022-01-03,53.04,53.22,52.65,53.2,197150.0
2022-01-04,54.05,54.54,53.87,54.23,415400.0
2022-01-05,54.12,54.32,53.32,53.35,291149.0
2022-01-06,53.43,53.52,52.84,52.95,274832.0
2022-01-07,52.87,53.16,52.75,52.96,442582.0
2022-01-10,52.58,52.66,52.08,52.26,409852.0
2022-01-11,53.04,53.43,52.74,53.36,551393.0
2022-01-12,53.56,54.18,53.53,54.07,323205.0
2022-01-13,53.94,54.46,53.88,53.97,286060.0
2022-01-14,53.84,54.11,52.92,53.21,464934.0
2022-01-18,52.4,52.67,52.15,52.39,386506.0
2022-01-19,52.8,53.0,51.73,51.81,480822.0
2022-01-20,52.49,52.7,51.72,51.77,372055.0
2022-01-21,51.11,51.36,50.4,50.53,463262.0
2022-01-24,49.0,50.01,48.19,49.97,1087347.0
2022-01-25,48.73,48.95,47.93,48.46,519814.0
2022-01-26,49.31,49.79,48.31,48.65,366119.0
2022-01-27,48.99,49.32,48.33,48.53,469826.0
2022-01-28,49.13,49.96,48.86,49.92,571675.0
2022-01-31,49.59,50.43,49.54,50.41,923509.0
2022-02-01,51.15,51.69,50.98,51.63,474732.0
2022-02-02,52.28,52.45,52.08,52.27,411007.0
2022-02-03,52.22,52.36,51.45,51.52,293911.0
2022-02-04,51.04,51.44,50.71,50.96,379642.0
2022-02-07,50.72,51.0,50.48,50.59,283997.0
2022-02-08,50.79,51.06,50.64,50.96,274393.0
2022-02-09,52.08,52.23,51.63,51.84,253583.0
2022-02-10,51.49,52.37,51.18,51.37,335464.0
2022-02-11,51.36,51.66,50.24,50.47,494105.0
2022-02-14,49.71,49.72,48.81,49.18,462462.0
2022-02-15,49.88,50.27,49.87,50.12,321738.0
2022-02-16,50.09,50.93,49.97,50.83,330624.0
2022-02-17,49.99,50.09,49.28,49.43,309500.0
2022-02-18,49.21,49.42,48.84,49.17,270312.0
2022-02-22,48.55,48.9,47.79,48.27,502999.0
2022-02-23,47.62,47.86,46.3,46.36,635222.0
2022-02-24,43.29,44.42,42.75,44.33,1493312.0
2022-02-25,44.9,45.95,44.77,45.91,917474.0
2022-02-28,44.75,45.75,44.51,44.89,1127900.0
2022-03-01,44.58,44.6,43.08,43.3,1051917.0
2022-03-02,44.12,44.71,43.95,44.32,892760.0
2022-03-03,44.9,44.9,43.23,43.47,857204.0
2022-03-04,39.92,40.05,39.07,39.79,1313597.0
2022-03-07,40.66,40.66,38.49,38.63,795719.0
2022-03-08,39.02,40.31,38.08,38.99,1488358.0
2022-03-09,41.75,42.84,41.2,42.33,1967298.0
2022-03-10,40.84,41.49,40.18,40.46,1267728.0
2022-03-11,42.67,42.79,41.41,41.45,802567.0
2022-03-14,43.17,43.54,42.26,42.79,1021405.0
2022-03-15,43.81,43.86,42.94,43.68,1219292.0
2022-03-16,43.92,44.73,42.94,43.94,966003.0
2022-03-17,44.19,45.09,44.02,45.05,1083891.0
2022-03-18,44.98,45.79,44.76,45.73,1049694.0
2022-03-21,44.7,44.93,44.37,44.65,551674.0
2022-03-22,43.7,44.18,43.66,43.88,681910.0
2022-03-23,42.83,43.12,42.47,42.47,695292.0
2022-03-24,42.16,42.74,42.11,42.7,594524.0
2022-03-25,41.78,42.42,41.45,42.42,1169085.0
2022-03-28,41.13,41.71,41.08,41.69,1232484.0
2022-03-29,42.85,43.17,42.52,42.82,829664.0
2022-03-30,41.52,41.59,40.76,40.89,784647.0
2022-03-31,40.61,40.8,40.04,40.06,605948.0
2022-04-01,40.25,40.36,39.94,40.26,618204.0
2022-04-04,39.97,40.58,39.87,40.28,529998.0
2022-04-05,39.46,39.62,38.87,38.95,829297.0
2022-04-06,38.06,38.43,37.59,38.14,819428.0
2022-04-07,38.4,38.52,37.9,38.4,836151.0
2022-04-08,39.12,39.51,38.89,38.93,789907.0
2022-04-11,39.42,39.75,38.98,39.0,704011.0
2022-04-12,39.06,39.25,38.24,38.45,746520.0
2022-04-13,38.98,39.52,38.93,39.48,620172.0
2022-04-14,39.52,39.7,39.02,39.04,349456.0
2022-04-18,38.87,39.21,38.67,38.83,235885.0
2022-04-19,39.13,39.73,39.11,39.69,736915.0
2022-04-20,41.24,43.24,41.12,42.48,2981206.0
2022-04-21,42.79,43.0,41.63,41.76,1687871.0
2022-04-22,41.94,41.99,40.88,40.89,589238.0
2022-04-25,40.78,41.11,40.08,41.05,635793.0
2022-04-26,41.24,41.34,39.63,39.65,530936.0
2022-04-27,39.77,40.2,39.46,39.79,451633.0
2022-04-28,39.83,40.65,39.24,40.45,618602.0
2022-04-29,40.36,40.59,39.52,39.58,551985.0
2022-05-02,39.55,39.75,38.83,39.75,466123.0
2022-05-03,40.55,40.84,40.04,40.57,950152.0
2022-05-04,40.32,41.52,40.0,41.47,705930.0
2022-05-05,40.45,40.6,38.97,39.62,599324.0
2022-05-06,39.53,39.63,38.84,39.25,656347.0
2022-05-09,38.67,38.88,38.13,38.39,1179797.0
2022-05-10,38.76,38.89,37.55,38.16,1427146.0
2022-05-11,38.61,39.17,37.56,37.64,794592.0
2022-05-12,37.85,38.52,37.47,38.24,791714.0
2022-05-13,38.63,39.45,38.49,39.22,516387.0
2022-05-16,38.57,39.15,38.18,38.84,404689.0
2022-05-17,40.25,40.53,39.88,40.46,429923.0
2022-05-18,39.58,39.81,38.86,39.05,393203.0
2022-05-19,38.62,39.7,38.62,39.32,673344.0
2022-05-20,39.87,39.92,38.98,39.67,383675.0
2022-05-23,39.84,40.5,39.81,40.38,522605.0
2022-05-24,40.16,40.42,39.74,40.33,549024.0
2022-05-25,40.17,40.97,40.15,40.74,358681.0
2022-05-26,40.7,41.42,40.69,41.25,407737.0
2022-05-27,41.53,41.87,41.45,41.87,319812.0
2022-05-31,41.32,41.87,41.28,41.49,1053497.0
2022-06-01,41.45,41.46,40.51,40.92,349026.0
2022-06-02,41.58,42.11,41.35,42.07,346228.0
2022-06-03,41.59,41.72,41.34,41.47,299187.0
2022-06-06,41.68,41.91,41.47,41.64,469720.0
2022-06-07,41.2,41.92,41.11,41.88,326791.0
2022-06-08,40.98,41.14,40.25,40.36,361367.0
2022-06-09,40.17,40.34,39.75,39.75,211398.0
2022-06-10,38.05,38.12,36.9,37.04,1094334.0
2022-06-13,35.36,36.1,35.35,35.71,823291.0
2022-06-14,35.74,35.96,35.18,35.44,526578.0
2022-06-15,36.23,36.53,35.51,36.16,535368.0
2022-06-16,35.5,35.84,35.26,35.56,750864.0
2022-06-17,35.69,35.91,35.25,35.64,572051.0
2022-06-21,34.96,35.2,34.7,34.82,604036.0
2022-06-22,34.28,34.67,34.15,34.34,579232.0
2022-06-23,33.98,34.38,33.78,34.31,743689.0
2022-06-24,34.79,35.34,34.79,35.26,481392.0
2022-06-27,35.07,35.41,34.87,35.12,450151.0
2022-06-28,34.92,35.2,34.26,34.38,899074.0
2022-06-29,34.48,34.63,34.05,34.53,594749.0
2022-06-30,34.11,35.04,33.79,34.82,993327.0
2022-07-01,34.29,35.01,34.01,34.99,888462.0
2022-07-05,33.42,33.88,33.13,33.83,1109113.0
2022-07-06,33.9,34.12,33.6,34.05,1084999.0
2022-07-07,34.23,34.56,34.18,34.47,650147.0
2022-07-08,35.21,35.42,34.78,34.91,806604.0
2022-07-11,34.49,34.8,34.28,34.58,496575.0
2022-07-12,34.31,35.13,34.31,34.76,647237.0
2022-07-13,34.2,34.73,33.91,34.46,568056.0
2022-07-14,33.76,34.38,33.43,34.3,451819.0
2022-07-15,34.62,34.85,34.25,34.85,348538.0
2022-07-18,35.26,35.55,34.86,34.97,468447.0
2022-07-19,35.67,36.76,35.61,36.56,1486867.0
2022-07-20,35.88,36.06,35.61,35.72,1227865.0
2022-07-21,35.69,36.22,35.58,36.18,567601.0
2022-07-22,36.22,36.37,35.79,36.0,376590.0
2022-07-25,36.48,36.59,36.09,36.35,443510.0
2022-07-26,35.57,35.88,35.51,35.63,593348.0
2022-07-27,36.49,37.29,36.41,37.16,529607.0
2022-07-28,37.39,37.99,37.23,37.93,429358.0
2022-07-29,38.0,38.74,37.94,38.59,403473.0
2022-08-01,38.33,38.73,38.22,38.27,459488.0
2022-08-02,37.94,38.03,37.32,37.33,428525.0
2022-08-03,37.92,38.36,37.69,38.11,440493.0
2022-08-04,38.48,39.2,38.43,38.95,424629.0
2022-08-05,38.56,38.92,38.41,38.87,384319.0
2022-08-08,39.14,39.42,38.82,38.88,411036.0
2022-08-09,38.82,38.94,38.44,38.53,446411.0
2022-08-10,39.48,39.98,39.35,39.38,638401.0
2022-08-11,39.63,39.71,39.32,39.37,493729.0
2022-08-12,39.43,39.8,39.31,39.74,313526.0
2022-08-15,39.6,39.81,39.51,39.66,267775.0
2022-08-16,39.73,40.28,39.65,40.15,308536.0
2022-08-17,39.41,39.59,39.15,39.38,248688.0
2022-08-18,39.57,39.73,39.28,39.57,341488.0
2022-08-19,39.22,39.25,38.68,38.93,676477.0
2022-08-22,38.1,38.12,37.69,37.69,510510.0
2022-08-23,38.01,38.37,37.92,38.01,349977.0
2022-08-24,37.13,37.42,36.71,37.4,613335.0
2022-08-25,38.4,38.8,38.3,38.78,426301.0
2022-08-26,39.04,39.11,37.63,37.63,477253.0
2022-08-29,37.7,38.28,37.62,37.92,374963.0
2022-08-30,37.96,38.1,37.26,37.4,448311.0
2022-08-31,37.07,37.43,36.99,36.99,758345.0
2022-09-01,36.01,36.21,35.74,36.12,614399.0
2022-09-02,37.2,37.51,36.39,36.5,626064.0
2022-09-06,36.07,36.16,35.67,35.85,499750.0
2022-09-07,35.8,36.72,35.8,36.69,419032.0
2022-09-08,35.78,36.54,35.64,36.46,612853.0
2022-09-09,36.98,37.36,36.93,37.31,805813.0
2022-09-12,38.45,38.51,38.05,38.19,411443.0
2022-09-13,37.12,37.39,36.33,36.37,583564.0
2022-09-14,35.94,35.98,35.18,35.5,545566.0
2022-09-15,35.45,36.0,35.25,35.3,829302.0
2022-09-16,35.59,35.82,35.24,35.47,602476.0
2022-09-19,35.25,36.1,35.22,36.08,399893.0
2022-09-20,34.69,34.79,34.29,34.54,1033479.0
2022-09-21,34.57,34.96,34.05,34.06,568895.0
2022-09-22,34.25,34.31,33.55,33.59,449774.0
2022-09-23,32.59,32.64,31.77,32.21,796231.0
2022-09-26,32.15,32.58,31.68,31.88,658212.0
2022-09-27,32.13,32.27,31.27,31.54,649449.0
2022-09-28,31.69,32.68,31.62,32.6,593869.0
2022-09-29,31.58,32.18,31.22,32.16,903205.0
2022-09-30,32.33,32.84,32.13,32.23,548998.0
2022-10-03,32.78,33.23,32.69,32.96,493519.0
2022-10-04,34.57,35.25,34.53,35.12,734034.0
2022-10-05,34.46,34.74,34.0,34.47,401743.0
2022-10-06,33.69,33.94,33.34,33.42,811584.0
2022-10-07,32.81,32.86,32.13,32.38,590802.0
2022-10-10,32.96,33.03,32.43,32.77,578595.0
2022-10-11,32.56,32.9,32.17,32.31,589420.0
2022-10-12,32.25,32.25,31.89,31.99,563119.0
2022-10-13,31.61,33.28,31.31,33.02,693307.0
2022-10-14,33.03,33.14,31.79,31.86,725284.0
2022-10-17,33.1,33.56,33.1,33.31,650315.0
2022-10-18,34.31,34.4,33.72,33.97,572876.0
2022-10-19,33.83,34.01,33.27,33.53,492694.0
2022-10-20,33.93,34.41,33.36,33.4,944313.0
2022-10-21,33.21,34.16,33.05,33.96,753783.0
2022-10-24,34.45,34.84,34.25,34.57,661998.0
2022-10-25,34.73,35.56,34.71,35.52,565192.0
2022-10-26,35.49,35.8,35.28,35.41,525657.0
2022-10-27,35.41,35.79,35.11,35.23,593357.0
2022-10-28,35.96,36.63,35.86,36.61,625263.0
2022-10-31,36.16,36.45,36.03,36.21,482147.0
2022-11-01,36.54,36.62,35.98,36.24,455813.0
2022-11-02,35.65,36.27,34.75,34.75,771757.0
2022-11-03,34.47,35.56,34.47,35.39,742950.0
2022-11-04,36.46,37.17,36.24,37.13,604379.0
2022-11-07,37.29,37.4,36.97,37.19,494796.0
2022-11-08,37.02,37.24,36.53,36.89,561228.0
2022-11-09,36.42,36.85,36.14,36.14,416165.0
2022-11-10,37.88,39.15,37.83,39.12,881072.0
2022-11-11,39.83,40.44,39.61,40.32,1215738.0
2022-11-14,39.84,39.98,39.31,39.32,833094.0
2022-11-15,40.62,40.66,39.45,39.72,785017.0
2022-11-16,39.73,39.79,39.08,39.2,569633.0
2022-11-17,38.3,39.06,38.28,39.03,449668.0
2022-11-18,39.71,39.75,39.39,39.66,331349.0
2022-11-21,39.34,39.82,39.34,39.58,638220.0
2022-11-22,39.11,39.66,39.11,39.66,729257.0
2022-11-23,39.73,40.3,39.73,40.28,428999.0
2022-11-25,40.48,40.65,40.38,40.63,181912.0
2022-11-28,40.32,40.46,39.5,39.55,298777.0
2022-11-29,39.83,40.14,39.78,40.03,388055.0
2022-11-30,40.27,40.4,39.27,40.35,799322.0
2022-12-01,40.58,40.75,40.25,40.45,315741.0
2022-12-02,40.44,40.72,40.22,40.61,353563.0
2022-12-05,40.32,40.46,39.7,39.86,419119.0
2022-12-06,39.86,39.95,39.35,39.63,335216.0
2022-12-07,39.65,39.86,39.38,39.54,464561.0
2022-12-08,39.22,39.53,39.1,39.49,316322.0
2022-12-09,39.83,40.19,39.74,39.86,283059.0
2022-12-12,39.83,39.97,39.54,39.95,281761.0
2022-12-13,41.05,41.21,40.21,40.67,435250.0
2022-12-14,40.86,41.02,40.24,40.65,285386.0
2022-12-15,40.12,40.15,39.06,39.17,382855.0
2022-12-16,38.85,39.06,38.45,39.02,653139.0
2022-12-19,39.52,39.78,38.99,39.17,744577.0
2022-12-20,39.42,39.7,39.31,39.37,483715.0
2022-12-21,39.75,40.14,39.75,39.9,338285.0
2022-12-22,39.69,39.76,39.04,39.53,327621.0
2022-12-23,39.62,39.88,39.36,39.88,135410.0
2022-12-27,39.81,40.11,39.58,39.98,116149.0
2022-12-28,40.03,40.17,39.35,39.38,252137.0
2022-12-29,39.91,40.2,39.89,39.92,277334.0
2022-12-30,39.59,39.85,39.46,39.79,207906.0
2023-01-03,41.35,41.62,40.76,41.03,521774.0
2023-01-04,42.53,43.02,42.42,43.0,1182590.0
2023-01-05,42.41,42.55,42.1,42.19,430278.0
2023-01-06,42.27,43.66,42.12,43.62,461433.0
2023-01-09,44.35,44.54,43.59,43.69,563562.0
2023-01-10,43.46,43.61,43.27,43.6,495704.0
2023-01-11,44.0,44.52,43.97,44.52,342346.0
2023-01-12,44.9,45.01,44.41,44.69,777186.0
2023-01-13,44.72,45.67,44.72,45.64,621239.0
2023-01-17,45.25,45.5,45.01,45.33,340686.0
2023-01-18,45.38,45.52,44.7,44.72,385955.0
2023-01-19,44.58,44.77,44.35,44.44,549819.0
2023-01-20,44.53,45.02,44.41,45.01,276277.0
2023-01-23,44.77,45.45,44.7,45.28,299615.0
2023-01-24,45.06,45.2,44.82,45.1,260574.0
2023-01-25,45.34,45.87,45.23,45.71,293054.0
2023-01-26,46.02,46.28,45.61,46.27,388312.0
2023-01-27,45.79,46.64,45.79,46.47,608049.0
2023-01-30,46.24,46.62,46.23,46.25,881516.0
2023-01-31,46.28,47.11,45.95,47.08,1737494.0
2023-02-01,47.36,48.32,47.09,48.05,969171.0
2023-02-02,48.34,48.85,47.98,48.63,548025.0
2023-02-03,47.12,47.69,47.12,47.4,510457.0
2023-02-06,46.92,46.99,46.39,46.55,255811.0
2023-02-07,46.56,47.36,46.49,47.28,433569.0
2023-02-08,47.05,47.19,46.5,46.94,514983.0
2023-02-09,47.29,47.39,46.72,46.83,669045.0
2023-02-10,45.93,46.3,45.79,46.27,712005.0
2023-02-13,46.54,47.25,46.53,47.24,421558.0
2023-02-14,47.01,47.56,46.89,47.22,654189.0
2023-02-15,47.27,48.31,47.24,48.18,1916149.0
2023-02-16,47.13,47.74,46.93,47.34,424765.0
2023-02-17,47.01,47.36,46.84,47.24,1023111.0
2023-02-21,47.56,47.64,46.7,46.85,917657.0
2023-02-22,46.64,46.77,46.12,46.34,2706194.0
2023-02-23,46.78,46.99,46.26,46.93,1485982.0
2023-02-24,46.16,46.41,46.06,46.31,1516113.0
2023-02-27,47.07,47.38,46.9,47.06,752604.0
2023-02-28,47.62,47.82,47.31,47.31,481500.0
2023-03-01,47.9,48.0,47.3,47.46,592775.0
2023-03-02,50.86,52.03,50.61,51.82,1408412.0
2023-03-03,51.17,51.76,50.64,51.66,906107.0
2023-03-06,51.76,52.08,51.64,51.68,703091.0
2023-03-07,52.16,52.2,51.34,51.4,653253.0
2023-03-08,51.45,51.83,51.4,51.79,419486.0
2023-03-09,51.29,51.64,50.83,50.86,390371.0
2023-03-10,51.37,51.37,49.91,50.17,478293.0
2023-03-13,49.02,49.57,48.72,48.9,835634.0
2023-03-14,50.15,50.52,49.65,50.26,689567.0
2023-03-15,48.01,48.41,47.44,48.18,660330.0
2023-03-16,47.53,48.93,47.37,48.87,754169.0
2023-03-17,47.73,48.27,47.49,48.12,963927.0
2023-03-20,49.23,49.67,49.2,49.32,1036135.0
2023-03-21,50.41,50.61,50.26,50.45,898852.0
2023-03-22,50.54,51.27,50.24,50.26,445715.0
2023-03-23,50.05,50.4,48.95,49.4,819090.0
2023-03-24,48.12,48.21,47.25,48.1,1817298.0
2023-03-27,48.49,48.67,48.16,48.32,466604.0
2023-03-28,48.35,49.2,48.21,49.19,766093.0
2023-03-29,49.35,49.63,49.04,49.59,512649.0
2023-03-30,50.29,50.52,49.94,50.08,1006489.0
2023-03-31,50.83,51.01,50.55,50.87,463257.0
2023-04-03,50.34,50.93,50.23,50.91,572132.0
2023-04-04,50.88,51.02,50.06,50.24,604103.0
2023-04-05,48.36,48.4,46.92,47.1,1133813.0
2023-04-06,46.88,47.77,46.84,47.77,615626.0
2023-04-10,47.34,48.05,47.34,48.05,317675.0
2023-04-11,47.36,48.0,47.36,47.74,889812.0
2023-04-12,48.26,49.0,48.18,48.56,584583.0
2023-04-13,48.72,49.48,48.49,49.29,468508.0
2023-04-14,49.31,49.6,49.08,49.24,377816.0
2023-04-17,49.22,49.61,49.22,49.61,278990.0
2023-04-18,49.8,49.99,49.65,49.96,443746.0
2023-04-19,49.71,50.04,49.71,49.99,303450.0
2023-04-20,49.2,50.02,49.2,49.88,285181.0
2023-04-21,49.64,49.73,49.27,49.43,435932.0
2023-04-24,50.02,50.2,49.64,49.82,480359.0
2023-04-25,49.8,50.03,49.47,49.55,502754.0
2023-04-26,48.42,48.56,48.1,48.27,401792.0
2023-04-27,48.02,48.69,47.79,48.6,692656.0
2023-04-28,47.84,48.64,47.82,48.5,805090.0
2023-05-01,48.32,48.86,48.22,48.29,368656.0
2023-05-02,47.79,48.08,47.38,47.98,875004.0
2023-05-03,48.12,48.38,47.66,47.67,1055175.0
2023-05-04,48.51,48.88,48.42,48.46,485699.0
2023-05-05,48.97,49.74,48.95,49.5,864413.0
2023-05-08,49.63,49.75,49.23,49.28,458338.0
2023-05-09,48.84,49.46,48.81,49.35,301200.0
2023-05-10,49.48,49.52,48.85,49.39,351613.0
2023-05-11,49.12,49.77,48.92,49.72,487498.0
2023-05-12,49.29,49.53,48.75,48.98,698430.0
2023-05-15,49.11,49.55,49.04,49.51,413760.0
2023-05-16,49.15,49.34,48.79,49.13,267238.0
2023-05-17,49.35,49.71,49.13,49.68,378598.0
2023-05-18,49.48,50.07,49.34,50.04,462415.0
2023-05-19,50.17,50.39,49.87,50.23,467401.0
2023-05-22,49.84,50.16,49.77,50.11,689009.0
2023-05-23,49.29,49.54,48.65,48.74,764445.0
2023-05-24,48.13,48.37,47.82,48.25,966813.0
2023-05-25,48.07,48.53,48.0,48.4,935341.0
2023-05-26,48.44,48.96,48.3,48.81,944841.0
2023-05-30,48.71,48.85,48.1,48.37,610940.0
2023-05-31,47.93,47.99,47.14,47.54,1053626.0
2023-06-01,47.49,48.44,47.47,48.29,1081612.0
2023-06-02,48.56,49.13,48.56,49.06,903621.0
2023-06-05,48.35,48.59,47.95,48.35,884604.0
2023-06-06,47.44,48.24,47.38,48.17,1079913.0
2023-06-07,48.11,48.81,48.06,48.58,980420.0
2023-06-08,49.18,49.66,49.08,49.53,818020.0
2023-06-09,49.17,49.18,48.53,48.69,1250511.0
2023-06-12,48.92,49.79,48.91,49.66,1670340.0
2023-06-13,49.23,50.08,49.14,50.05,2057514.0
2023-06-14,50.63,52.12,50.54,52.06,3467875.0
2023-06-15,51.26,52.74,51.16,52.73,2345798.0
2023-06-16,53.83,54.47,53.06,53.14,1746110.0
2023-06-20,52.59,52.93,52.25,52.85,1338520.0
2023-06-21,53.02,53.92,52.97,53.79,1732952.0
2023-06-22,53.44,53.65,53.09,53.46,985054.0
2023-06-23,52.9,53.59,52.8,53.44,1613517.0
2023-06-26,53.0,53.43,52.9,53.04,2711636.0
2023-06-27,53.1,54.66,53.05,54.57,2997395.0
2023-06-28,55.03,55.3,54.68,55.06,2190016.0
2023-06-29,54.69,54.99,54.52,54.93,2159078.0
2023-06-30,55.64,55.91,55.44,55.73,1812609.0
2023-07-03,55.75,55.9,55.65,55.88,1135181.0
2023-07-05,54.68,55.29,54.55,54.77,3073015.0
2023-07-06,53.76,54.05,53.11,53.36,1879002.0
2023-07-07,53.64,54.02,53.48,53.55,1108414.0
2023-07-10,54.05,54.49,53.86,54.0,935794.0
2023-07-11,55.17,55.41,54.92,55.4,1445026.0
2023-07-12,56.24,56.67,55.95,56.45,1770683.0
2023-07-13,57.0,57.26,56.88,57.18,1247157.0
2023-07-14,57.7,57.86,57.12,57.36,1507790.0
2023-07-17,57.03,57.6,57.02,57.54,1536018.0
2023-07-18,57.34,58.09,57.28,58.04,1117682.0
2023-07-19,58.36,58.39,57.96,58.17,1439365.0
2023-07-20,58.77,58.97,58.41,58.7,1174384.0
2023-07-21,59.03,59.2,58.82,58.91,944355.0
2023-07-24,58.85,59.12,58.84,59.02,726622.0
2023-07-25,58.64,59.55,58.59,59.5,1546879.0
2023-07-26,58.71,59.57,58.71,59.41,1587729.0
2023-07-27,60.62,60.72,59.37,59.37,1654546.0
2023-07-28,59.74,60.21,59.53,60.08,1150468.0
2023-07-31,60.01,60.32,59.91,60.3,1244903.0
2023-08-01,59.59,60.0,59.41,59.81,1688227.0
2023-08-02,58.98,59.28,58.52,58.69,1393813.0
2023-08-03,58.43,59.28,58.16,59.11,1097994.0
2023-08-04,59.33,60.02,59.14,59.3,1139462.0
2023-08-07,59.8,60.18,59.61,60.04,1196350.0
2023-08-08,58.9,59.8,58.68,59.78,1543407.0
2023-08-09,59.4,59.45,58.72,58.73,1518363.0
2023-08-10,58.75,59.35,58.34,58.4,1271885.0
2023-08-11,57.9,58.35,57.72,58.1,1440171.0
2023-08-14,57.88,58.24,57.53,58.19,1517365.0
2023-08-15,57.9,57.99,57.46,57.55,1424996.0
2023-08-16,57.92,58.36,57.47,57.47,1549401.0
2023-08-17,57.65,57.77,56.32,56.32,1099597.0
2023-08-18,55.98,56.61,55.93,56.44,993573.0
2023-08-21,56.37,56.73,56.01,56.56,1095270.0
2023-08-22,57.49,57.89,56.86,57.21,1960149.0
2023-08-23,56.84,58.0,56.78,57.88,2733904.0
2023-08-24,55.86,57.23,55.73,56.85,5721155.0
2023-08-25,56.99,57.7,56.63,57.3,3371224.0
2023-08-28,57.55,57.84,57.08,57.48,2461274.0
2023-08-29,57.42,57.93,57.23,57.8,2155566.0
2023-08-30,57.76,57.9,57.25,57.35,2015928.0
2023-08-31,57.79,57.86,57.22,57.57,2327509.0
2023-09-01,57.89,58.04,57.15,57.17,2049072.0
2023-09-05,56.65,56.7,55.34,55.43,2262780.0
2023-09-06,54.94,55.18,54.46,55.11,3189128.0
2023-09-07,54.19,55.2,54.16,55.02,5662883.0
2023-09-08,54.68,54.94,54.46,54.76,4851808.0
2023-09-11,54.91,55.2,54.53,54.55,3619134.0
2023-09-12,53.87,54.1,53.45,53.51,5683679.0
2023-09-13,53.47,54.06,53.14,53.97,4661692.0
2023-09-14,53.93,55.96,53.45,55.71,9147609.0
2023-09-15,55.07,56.0,54.13,54.77,14007030.0
2023-09-18,53.48,53.77,53.06,53.51,12130789.0
2023-09-19,53.1,53.66,52.6,53.65,11736397.0
2023-09-20,54.03,55.53,54.0,54.99,13615590.0
2023-09-21,54.65,54.91,53.19,53.47,9457444.0
2023-09-22,53.17,54.82,53.0,54.58,16633892.0
2023-09-25,55.1,56.82,54.85,56.35,8064835.0
2023-09-26,56.39,56.67,55.64,55.81,12036370.0
2023-09-27,55.6,56.46,54.53,56.4,13929332.0
2023-09-28,56.08,57.04,55.79,56.18,10974233.0
2023-09-29,56.47,56.56,54.12,54.73,9660441.0
2023-10-02,54.73,54.92,53.71,54.05,3816392.0
2023-10-03,53.67,54.26,53.05,53.41,4178313.0
2023-10-04,53.8,54.78,53.18,54.49,3922025.0
2023-10-05,54.51,55.51,54.51,55.35,8095385.0
2023-10-06,55.58,57.4,55.51,56.58,3167667.0
2023-10-09,56.14,57.16,55.96,56.83,2586005.0
2023-10-10,57.56,58.62,57.42,57.5,4606608.0
2023-10-11,58.13,59.23,57.55,59.22,3880747.0
2023-10-12,59.38,59.42,57.63,58.12,3449517.0
2023-10-13,58.3,58.52,57.49,57.53,3573369.0
2023-10-16,57.88,58.75,57.85,58.59,3043939.0
2023-10-17,57.63,58.71,57.49,57.99,3083751.0
2023-10-18,57.0,57.07,55.17,55.52,3299681.0
2023-10-19,55.19,55.575,53.8,54.57,5160107.0
2023-10-20,54.63,55.56,54.28,54.99,2344522.0
2023-10-23,54.17,55.29,54.17,54.81,4458770.0
2023-10-24,54.73,55.11,54.35,54.44,2018502.0
2023-10-25,53.89,54.34,53.48,53.5,2200562.0
2023-10-26,53.49,54.19,52.16,52.29,4849187.0
2023-10-27,52.32,52.84,51.59,52.35,2482445.0
2023-10-30,53.17,53.855,53.05,53.49,1887203.0
2023-10-31,53.67,53.99,53.42,53.57,2259742.0
2023-11-01,54.09,56.77,54.02,56.73,5815571.0
2023-11-02,57.43,57.66,56.39,56.76,4260720.0
2023-11-03,57.45,57.72,56.86,56.88,2182981.0
2023-11-06,57.02,58.215,56.88,57.69,2141719.0
2023-11-07,57.91,58.29,57.45,58.12,2654559.0
2023-11-08,58.0,59.34,58.0,58.92,3353076.0
2023-11-09,59.32,59.86,58.12,58.39,3193464.0
2023-11-10,58.84,59.87,58.54,59.86,2521611.0
2023-11-13,59.38,60.29,59.32,59.71,2776797.0
2023-11-14,60.82,61.47,60.06,60.13,5137502.0
2023-11-15,60.66,60.685,58.97,59.11,4419153.0
2023-11-16,59.8,60.13,58.955,59.19,3626699.0
2023-11-17,59.3,60.47,59.3,60.21,2749714.0
2023-11-20,59.75,59.79,58.57,58.74,4605434.0
2023-11-21,60.19,61.36,59.98,61.13,7068519.0
2023-11-22,60.9,61.68,60.83,61.23,4843523.0
2023-11-24,61.52,62.11,61.45,61.76,2337662.0
2023-11-27,61.69,62.35,61.64,61.97,4881911.0
2023-11-28,62.07,62.24,61.505,61.67,4210531.0
2023-11-29,61.84,62.905,61.84,62.52,2714498.0
2023-11-30,62.6,63.55,62.45,62.75,4344527.0
2023-12-01,62.89,64.83,62.86,64.49,4565872.0
2023-12-04,63.86,64.25,62.96,62.96,3369399.0
2023-12-05,63.28,63.79,62.9014,63.09,2319951.0
2023-12-06,63.76,64.15,62.89,62.95,2498327.0
2023-12-07,63.05,63.99,62.8,63.99,2535511.0
2023-12-08,63.72,65.15,63.72,64.95,2880561.0
2023-12-11,65.25,65.81,65.13,65.34,4837429.0
2023-12-12,65.4,65.82,65.06,65.63,5430244.0
2023-12-13,65.96,67.22,65.69,67.14,4776899.0
2023-12-14,67.24,68.27,67.07,67.24,3496259.0
2023-12-15,67.5,67.695,66.795,66.9,4359482.0
2023-12-18,66.99,67.13,65.905,66.77,3052895.0
2023-12-19,67.66,68.31,67.32,68.27,3782793.0
2023-12-20,67.96,68.3,67.06,67.08,3108220.0
2023-12-21,68.23,68.365,67.7,68.29,3932483.0
2023-12-22,68.54,68.77,68.005,68.27,2274822.0
2023-12-26,68.25,68.955,68.215,68.86,2147916.0
2023-12-27,68.53,69.16,68.48,69.03,1507397.0
2023-12-28,69.0,69.295,68.71,68.92,1776456.0
2023-12-29,68.91,69.47,68.91,69.16,1540544.0
2024-01-02,68.2,68.89,67.945,68.28,3007000.0
2024-01-03,66.77,66.845,65.91,66.34,3987019.0
2024-01-04,66.39,66.9,65.84,66.19,4313403.0
2024-01-05,65.78,67.28,65.74,66.87,2645538.0
2024-01-08,67.64,68.935,67.28,68.9,2758206.0
2024-01-09,67.83,69.225,67.83,69.09,4600199.0
2024-01-10,68.89,69.33,68.81,69.32,4221822.0
2024-01-11,69.18,69.59,68.495,68.72,4479056.0
2024-01-12,69.24,69.25,68.54,68.67,2107274.0
2024-01-16,67.69,68.28,66.965,67.29,2913232.0
2024-01-17,66.42,68.245,66.415,68.04,3156134.0
2024-01-18,68.5,69.55,68.15,69.28,5317114.0
2024-01-19,69.5,69.87,68.555,69.86,3588578.0
2024-01-22,69.98,70.69,69.95,70.26,2748743.0
2024-01-23,69.26,69.42,68.15,69.31,3516236.0
2024-01-24,70.5,70.5,68.73,69.11,3123346.0
2024-01-25,69.24,70.92,68.76,70.91,4282556.0
2024-01-26,70.5,71.12,69.725,69.95,3975961.0
2024-01-29,69.95,70.7475,69.91,70.72,5182217.0
2024-01-30,71.02,72.53,70.832,72.14,4924339.0
2024-01-31,71.71,72.69,71.45,71.76,3946509.0
2024-02-01,72.01,73.37,71.18,73.2,3524782.0
2024-02-02,72.11,73.525,72.11,73.23,3304652.0
2024-02-05,72.75,72.91,71.85,72.6,3884865.0
2024-02-06,72.86,73.54,72.72,73.39,3076083.0
2024-02-07,73.23,74.735,73.23,74.71,4090343.0
2024-02-08,74.39,75.375,74.185,74.65,4004576.0
2024-02-09,74.95,75.04,73.5,73.79,3626673.0
2024-02-12,73.63,74.37,73.5,73.84,2928253.0
2024-02-13,72.53,73.07,71.845,72.42,3169608.0
2024-02-14,73.32,74.88,73.27,74.75,3656523.0
2024-02-15,75.3,76.26,75.11,76.15,4426973.0
2024-02-16,76.88,77.96,76.33,77.59,3274244.0
2024-02-20,78.68,78.68,77.16,77.58,3757644.0
2024-02-21,77.94,78.71,76.96,77.68,4092972.0
2024-02-22,77.54,78.49,77.42,78.17,4093092.0
2024-02-23,78.8,79.41,78.4676,79.12,2749024.0
2024-02-26,79.01,79.505,78.81,79.42,2709278.0
2024-02-27,79.03,79.17,78.04,78.37,3857708.0
2024-02-28,78.32,79.32,77.79,79.32,5541114.0
2024-02-29,83.57,84.52,81.6,84.31,8561479.0
2024-03-01,83.66,84.07,82.85,83.6,4220693.0
2024-03-04,81.56,84.65,81.51,83.53,4656097.0
2024-03-05,82.7,83.21,81.405,81.62,4670242.0
2024-03-06,82.29,82.9,81.96,82.55,4756103.0
2024-03-07,82.7,82.97,82.17,82.55,3595193.0
2024-03-08,82.85,83.33,81.14,81.17,3420133.0
2024-03-11,81.32,82.52,80.13,82.29,4748048.0
2024-03-12,81.91,84.06,81.855,83.88,4112686.0
2024-03-13,84.43,84.88,83.98,84.71,2520151.0
2024-03-14,84.47,84.91,84.05,84.56,2247168.0
2024-03-15,84.27,84.62,83.19,83.4,2761354.0
2024-03-18,83.83,84.81,83.795,84.28,3223016.0
2024-03-19,83.78,85.2,83.75,84.84,3614973.0
2024-03-20,84.92,86.199,84.84,86.07,2770982.0
2024-03-21,85.4,86.12,85.03,85.76,3421934.0
2024-03-22,85.46,86.43,85.19,86.34,3271287.0
2024-03-25,86.52,87.33,86.295,86.94,3479581.0
2024-03-26,86.95,87.585,86.77,87.2,2473649.0
2024-03-27,87.97,88.0,85.5,86.02,2319612.0
2024-03-28,85.97,86.74,85.62,86.26,2258320.0
2024-04-01,86.43,86.63,84.81,84.86,1674736.0
2024-04-02,83.3,84.545,83.06,84.39,2975327.0
2024-04-03,83.77,85.61,83.67,85.49,2890982.0
2024-04-04,84.91,85.74,84.09,84.47,2811871.0
2024-04-05,84.61,86.56,84.47,86.4,2429695.0
2024-04-08,86.22,86.67,85.36,85.69,2577511.0
2024-04-09,84.6,85.0,82.95,83.98,3527621.0
2024-04-10,81.82,83.67,81.43,83.45,3369786.0
2024-04-11,82.85,83.705,82.8,83.46,2780593.0
2024-04-12,83.09,83.77,81.91,82.44,3517374.0
2024-04-15,83.46,83.835,80.17,80.31,3183828.0
2024-04-16,80.38,80.59,79.075,79.17,4196332.0
2024-04-17,80.4,80.4,78.28,78.52,2361528.0
2024-04-18,78.47,78.58,76.22,77.14,4090913.0
2024-04-19,77.53,78.06,76.545,77.05,3030040.0
2024-04-22,76.88,78.15,76.3,77.6,2968077.0
2024-04-23,77.84,78.99,77.58,78.79,2140628.0
2024-04-24,78.5,78.899,76.445,77.63,2990867.0
2024-04-25,76.52,77.59,76.11,77.2,4080327.0
2024-04-26,78.17,79.0,78.0,78.55,2298895.0
2024-04-29,79.64,79.78,78.64,78.86,2468175.0
2024-04-30,79.11,79.18,77.27,77.42,2844835.0
2024-05-01,78.02,78.26,76.82,77.15,2526467.0
2024-05-02,77.88,79.85,77.36,79.55,2727147.0
2024-05-03,80.23,80.92,80.08,80.44,2531670.0
2024-05-06,81.48,82.18,81.03,82.12,1830933.0
2024-05-07,81.88,81.92,80.02,80.95,2592314.0
2024-05-08,79.67,80.25,79.41,79.78,2267775.0
2024-05-09,80.28,80.89,79.81,80.32,2756054.0
2024-05-10,84.09,85.32,83.26,83.77,5060318.0
2024-05-13,82.86,83.83,81.97,82.12,3959431.0
2024-05-14,81.73,83.32,81.66,82.55,7262567.0
2024-05-15,82.19,85.86,82.19,85.64,7391621.0
2024-05-16,85.89,86.21,82.65,82.88,4119614.0
2024-05-17,82.26,82.89,81.245,81.92,4131548.0
2024-05-20,82.0,82.1,81.31,81.85,2466479.0
2024-05-21,81.55,81.55,79.93,81.11,3688381.0
2024-05-22,81.05,81.11,79.55,80.25,4822884.0
2024-05-23,80.36,81.23,79.43,80.41,3058976.0
2024-05-24,80.58,82.24,80.49,81.94,3670909.0
2024-05-28,81.49,82.18,78.77,79.25,5486529.0
2024-05-29,78.55,78.97,77.77,78.11,3141906.0
2024-05-30,78.37,79.96,78.08,79.96,5283689.0
2024-05-31,79.68,82.42,77.6,81.76,60095484.0
2024-06-03,82.55,82.69,78.68,78.98,12180812.0
2024-06-04,78.05,78.85,76.105,76.92,12032337.0
2024-06-05,77.38,78.68,76.705,78.4,5667298.0
2024-06-06,77.43,78.08,76.59,77.36,11293523.0
2024-06-07,76.81,78.04,76.61,77.82,10472296.0
2024-06-10,78.11,79.79,78.04,79.42,8644007.0
2024-06-11,78.5,78.73,77.29,78.18,10458791.0
2024-06-12,79.85,80.53,79.23,79.68,9069805.0
2024-06-13,78.86,79.38,78.56,79.21,8774537.0
2024-06-14,77.63,77.95,76.225,76.55,7896880.0
2024-06-17,77.42,78.77,76.97,78.72,7811252.0
2024-06-18,79.1,79.49,77.49,77.88,8340778.0
2024-06-20,77.8,77.88,74.89,75.97,8123155.0
2024-06-21,74.54,75.92,73.58,75.77,57072183.0
2024-06-24,75.8,76.06,74.07,74.1,6701465.0
2024-06-25,73.56,73.8,72.76,73.08,6228931.0
2024-06-26,72.4,73.06,72.06,72.72,5288526.0
2024-06-27,72.86,74.57,72.59,74.5,8076764.0
2024-06-28,75.1,75.845,74.44,74.98,38170113.0
2024-07-01,75.1,75.42,72.69,72.96,5193517.0
2024-07-02,71.41,72.2,71.175,72.05,6902233.0
2024-07-03,72.85,73.44,72.39,73.35,3076531.0
2024-07-05,72.91,73.73,72.32,73.67,3796684.0
2024-07-08,74.55,74.9,74.02,74.23,3568624.0
2024-07-09,75.455,76.0,74.9,75.89,4557015.0
2024-07-10,75.98,77.11,75.48,77.07,4428948.0
2024-07-11,78.26,79.88,77.73,79.61,10777803.0
2024-07-12,79.5,81.18,79.3,79.42,4730996.0
2024-07-15,80.05,80.79,79.55,79.58,6032208.0
2024-07-16,80.12,82.9,79.94,82.61,4275385.0
2024-07-17,81.55,82.17,80.78,80.79,5226685.0
2024-07-18,80.58,81.83,79.13,79.63,3805602.0
2024-07-19,79.2,80.2,78.93,79.87,2952197.0
2024-07-22,80.63,82.02,80.22,81.95,3677391.0
2024-07-23,82.08,82.98,81.8,82.26,3539130.0
2024-07-24,80.78,81.49,79.59,79.67,4044068.0
2024-07-25,78.64,81.28,78.13,79.56,4876810.0
2024-07-26,80.82,82.1,80.26,81.55,2793653.0
2024-07-29,81.68,83.13,81.22,82.6,3626053.0
2024-07-30,83.05,84.49,83.04,84.06,4483774.0
2024-07-31,84.64,86.43,84.1,85.7,4388057.0
2024-08-01,85.51,85.785,81.465,81.84,4989167.0
2024-08-02,78.55,80.21,77.45,79.08,6060094.0
2024-08-05,74.82,78.4,74.025,77.15,5422617.0
2024-08-06,74.47,79.005,74.36,78.4,5852060.0
2024-08-07,79.52,79.6,75.652,76.09,6008039.0
2024-08-08,81.81,82.8,80.68,81.54,6611041.0
2024-08-09,82.12,83.32,81.6,82.37,3948524.0
2024-08-12,82.68,82.99,80.95,81.9,3346578.0
2024-08-13,82.21,83.47,81.81,83.45,2727962.0
2024-08-14,84.2,84.25,82.705,83.35,5405395.0
2024-08-15,84.18,85.65,83.3,85.62,4100673.0
2024-08-16,85.12,85.38,83.485,84.18,2976303.0
2024-08-19,84.45,85.45,84.08,84.98,1989269.0
2024-08-20,85.31,85.76,84.71,85.29,2254322.0
2024-08-21,85.54,87.43,85.52,87.4,3650485.0
2024-08-22,87.97,88.8,87.52,88.14,4310860.0
2024-08-23,88.55,90.305,88.1,90.18,3827730.0
2024-08-26,90.3,90.96,89.92,90.05,3816602.0
2024-08-27,90.09,90.255,87.16,88.12,4615526.0
2024-08-28,87.21,87.97,87.12,87.72,2359936.0
2024-08-29,87.6,88.91,87.4,88.31,2925438.0
2024-08-30,88.41,91.02,88.31,90.77,6967486.0
2024-09-03,89.85,90.74,87.305,88.07,4360049.0
2024-09-04,87.66,87.81,85.05,85.18,6484898.0
2024-09-05,84.87,85.09,82.93,84.47,6570367.0
2024-09-06,86.32,86.72,84.18,85.33,6131522.0
2024-09-09,83.87,84.525,82.79,84.3,6119558.0
2024-09-10,84.8,85.75,84.19,85.61,3909666.0
2024-09-11,84.63,85.42,82.63,85.28,2770135.0
2024-09-12,85.46,86.88,85.29,86.66,2600245.0
2024-09-13,87.35,88.04,87.05,87.49,3235245.0
2024-09-16,87.99,89.31,87.68,89.17,3096230.0
2024-09-17,89.03,89.79,88.51,89.27,2729337.0
2024-09-18,89.86,91.84,89.21,90.04,3928187.0
2024-09-19,92.76,92.97,91.58,92.73,4259003.0
2024-09-20,92.21,93.07,91.5,92.89,4795731.0
2024-09-23,92.42,93.03,91.22,91.97,3396787.0
2024-09-24,91.18,91.95,91.05,91.49,3335545.0
2024-09-25,92.46,92.51,91.42,91.9,3216973.0
2024-09-26,93.39,94.14,92.81,93.24,3397092.0
2024-09-27,91.9,93.2178,90.89,92.5,3862300.0
2024-09-30,91.26,92.825,90.7,92.74,3367571.0
2024-10-01,91.72,92.01,89.7,90.84,3314891.0
2024-10-02,89.32,90.31,89.14,89.52,3033805.0
2024-10-03,88.29,89.015,87.74,88.66,3104242.0
2024-10-04,88.3,89.12,87.67,89.11,3419259.0
2024-10-07,88.25,89.0,87.79,88.73,2637777.0
2024-10-08,88.3,89.36,87.84,89.23,3244671.0
2024-10-09,88.22,90.25,88.22,90.05,4013984.0
2024-10-10,89.65,90.96,89.13,90.5,5325252.0
2024-10-11,90.3,91.8,90.12,91.7,3447396.0
2024-10-14,91.63,92.67,90.92,92.28,2635057.0
2024-10-15,92.78,93.925,92.3,92.97,3755160.0
2024-10-16,93.02,93.55,92.42,92.85,3335907.0
2024-10-17,93.67,93.9,92.82,93.65,2423291.0
2024-10-18,93.7,93.89,92.55,93.48,2257750.0
2024-10-21,92.86,93.4,91.965,92.23,2275580.0
2024-10-22,91.38,92.4,91.01,91.83,3170929.0
2024-10-23,91.19,91.85,90.16,90.82,3385741.0
2024-10-24,91.33,91.77,90.52,91.6,2217380.0
2024-10-25,92.78,93.24,92.02,92.39,2076408.0
2024-10-28,93.0,94.52,93.0,94.4,5592917.0
2024-10-29,93.89,94.67,93.08,94.63,3261528.0
2024-10-30,93.4,96.82,93.22,95.96,4692138.0
2024-10-31,95.31,96.11,94.58,95.43,3717150.0
2024-11-01,95.84,96.53,95.35,95.8,2870808.0
2024-11-04,95.19,95.66,94.19,94.45,3337040.0
2024-11-05,94.91,97.06,94.34,96.91,2487268.0
2024-11-06,100.5,101.595,99.87,99.96,10528286.0
2024-11-07,102.07,102.45,100.61,100.66,6107337.0
2024-11-08,100.4,101.58,100.0045,100.67,4966467.0
2024-11-11,101.4,102.51,101.345,102.28,4915929.0
2024-11-12,100.71,101.46,99.81,100.15,3845959.0
2024-11-13,99.93,100.18,99.1,99.18,2940244.0
2024-11-14,100.47,100.83,99.4,99.87,4765100.0
2024-11-15,98.41,99.02,97.64,98.29,3120647.0
2024-11-18,97.71,99.92,97.55,99.65,3124681.0
2024-11-19,98.47,100.18,98.29,99.79,4960208.0
2024-11-20,100.03,100.38,99.34,100.2,2724282.0
2024-11-21,100.13,101.18,99.76,100.5,2825150.0
2024-11-22,100.1,101.57,100.0,101.4,3324933.0
2024-11-25,101.51,103.64,101.51,102.8,5686514.0
2024-11-26,101.9,103.29,101.65,102.87,5616488.0
2024-11-27,104.07,104.19,101.76,101.94,3462354.0
2024-11-29,102.17,102.92,102.04,102.27,2097672.0
2024-12-02,102.35,102.85,101.69,102.46,3280630.0
2024-12-03,102.92,103.16,101.54,102.49,2953931.0
2024-12-04,102.79,103.4,102.1,103.37,3463448.0
2024-12-05,103.69,104.23,102.52,102.84,3372482.0
2024-12-06,103.02,103.51,102.5809,103.0,3686013.0
2024-12-09,102.02,102.9,99.57,100.09,7065153.0
2024-12-10,98.53,99.68,97.53,98.84,4724819.0
2024-12-11,98.75,99.42,98.02,98.62,3803825.0
2024-12-12,99.04,100.06,98.5,98.55,3064624.0
2024-12-13,98.97,99.13,97.36,97.92,2155445.0
2024-12-16,97.84,98.76,97.761,98.2,2469490.0
2024-12-17,98.33,98.33,96.8,97.23,3281572.0
2024-12-18,97.41,97.87,93.7,93.71,3291896.0
2024-12-19,94.12,95.18,92.86,93.06,3404634.0
2024-12-20,92.85,94.46,92.8,93.64,6739132.0
2024-12-23,94.05,94.8,93.52,94.24,3041343.0
2024-12-24,94.3,94.895,94.15,94.75,720373.0
2024-12-26,94.29,94.936,94.27,94.65,1390903.0
2024-12-27,93.91,94.53,93.18,93.58,1335821.0
2024-12-30,92.71,92.96,91.52,92.46,1769831.0
2024-12-31,92.73,93.65,92.26,92.52,1641441.0
2025-01-02,92.93,93.83,92.06,92.71,2495774.0
2025-01-03,93.01,93.5,92.18,93.24,3190015.0
2025-01-06,94.37,94.67,93.26,93.61,2693467.0
2025-01-07,93.13,93.33,91.53,92.32,3018306.0
2025-01-08,92.01,92.77,91.35,92.51,3676456.0
2025-01-10,92.46,92.46,91.29,91.78,3807803.0
2025-01-13,90.37,91.85,90.25,91.55,2908357.0
2025-01-14,91.87,93.14,91.74,92.69,3113256.0
2025-01-15,94.66,95.95,94.66,95.75,3811995.0
2025-01-16,95.93,96.06,95.3,95.59,2972134.0
2025-01-17,97.38,98.44,96.98,97.75,3858211.0
2025-01-21,99.99,100.12,98.0,99.29,4942889.0
2025-01-22,99.35,100.97,99.08,100.33,3129693.0
2025-01-23,101.07,101.44,100.32,100.52,1877607.0
2025-01-24,101.51,102.2,100.86,101.26,2640454.0
2025-01-27,98.89,99.77,98.03,99.03,2775899.0
2025-01-28,98.66,98.95,97.665,98.52,3104514.0
2025-01-29,99.1,100.21,98.66,99.09,2955115.0
2025-01-30,99.02,100.28,98.68,99.79,2420146.0
2025-01-31,100.27,100.5869,99.0,99.03,7057142.0
2025-02-03,98.0,98.32,96.14,97.34,2910300.0
2025-02-04,98.64,99.37,97.95,98.61,2347865.0
2025-02-05,99.23,101.36,98.61,101.16,3292689.0
2025-02-06,102.67,105.58,102.41,105.19,8345943.0
2025-02-07,104.7,105.09,103.07,103.34,4706178.0
2025-02-10,103.08,103.33,101.66,102.07,3072580.0
2025-02-11,101.63,103.1,101.31,102.98,3503776.0
2025-02-12,99.81,104.7,99.3,104.22,8596308.0
2025-02-13,104.6,106.71,104.55,106.5,6261240.0
2025-02-14,107.89,108.39,107.06,108.3,5721307.0
2025-02-18,110.95,110.97,108.55,110.51,7741736.0
2025-02-19,106.84,108.0,105.26,106.1,6098594.0
2025-02-20,105.8,105.94,101.55,102.58,6120609.0
2025-02-21,104.28,104.28,99.78,100.34,7263437.0
2025-02-24,99.46,101.07,98.64,100.36,4643739.0
2025-02-25,101.68,101.68,98.905,100.29,6144039.0
2025-02-26,101.63,103.6,101.5,102.33,5701142.0
2025-02-27,100.45,104.19,99.68,101.5,9052435.0
2025-02-28,101.455,102.93,99.815,102.52,7507310.0
2025-03-03,103.95,104.25,99.435,99.97,4258645.0
2025-03-04,97.02,98.72,92.71,96.31,11164344.0
2025-03-05,98.82,103.34,98.11,102.74,11656639.0
2025-03-06,101.71,102.37,98.38,98.78,6180419.0
2025-03-07,98.55,98.7,94.15,97.51,10136700.0
2025-03-10,92.395,94.565,91.9,93.77,12963462.0
2025-03-11,93.91,96.6,92.17,94.63,13232463.0
2025-03-12,96.22,98.9,96.2,98.38,7468853.0
2025-03-13,97.65,98.22,94.45,94.6,5306674.0
2025-03-14,95.71,97.1,94.9,97.02,5822443.0
2025-03-17,96.13,98.005,96.13,97.33,6379940.0
2025-03-18,96.8,96.91,95.26,96.14,6615217.0
2025-03-19,96.18,99.83,95.97,98.76,17809533.0
2025-03-20,97.98,99.91,96.88,97.59,16960581.0
2025-03-21,95.84,96.3,92.85,94.65,37706890.0
2025-03-24,96.48,98.26,96.06,98.13,18722680.0
2025-03-25,97.93,98.77,96.99,98.61,15666145.0
2025-03-26,97.89,98.605,94.58,94.58,6411208.0
2025-03-27,94.0,94.025,91.83,92.14,10479755.0
2025-03-28,91.06,91.29,87.55,88.14,11039912.0
2025-03-31,85.84,88.42,84.96,87.97,9364372.0
2025-04-01,87.36,88.96,86.55,88.85,5311283.0
2025-04-02,88.32,91.34,87.88,90.63,4604924.0
2025-04-03,84.65,87.84,84.23,86.35,7889629.0
2025-04-04,80.655,82.69,78.74,80.87,8909482.0
2025-04-07,78.66,84.91,76.75,81.22,8146989.0
2025-04-08,84.78,85.2,78.7,80.35,6082820.0
2025-04-09,79.89,89.82,77.785,89.03,10070209.0
2025-04-10,84.12,85.42,81.31,83.26,7853271.0
2025-04-11,84.19,85.38,82.21,84.74,5330706.0
2025-04-14,86.46,87.01,85.05,85.78,4353538.0
2025-04-15,86.49,87.0,85.56,85.95,3067827.0
2025-04-16,85.95,86.63,84.021,85.02,3319981.0
2025-04-17,84.62,85.83,83.475,84.75,5452264.0
2025-04-21,84.33,85.17,81.6,82.71,2883953.0
2025-04-22,83.56,86.13,83.19,85.72,6466073.0
2025-04-23,88.86,90.169,87.71,87.81,6540707.0
2025-04-24,88.11,92.07,87.53,91.35,5149233.0
2025-04-25,92.51,93.38,91.77,92.44,5629780.0
