Date,open,high,low,close,volume
2015-04-27,83.19,83.31,81.25,81.47,1223826.0
2015-04-28,81.12,81.99,80.74,81.87,844869.0
2015-04-29,81.15,81.49,80.58,81.29,959162.0
2015-04-30,81.06,81.06,79.19,79.63,1477761.0
2015-05-01,79.82,80.11,79.15,80.08,905449.0
2015-05-04,80.27,81.29,80.1,80.61,646512.0
2015-05-05,80.66,80.66,78.58,78.69,977383.0
2015-05-06,78.68,79.01,77.19,77.95,1470720.0
2015-05-07,78.25,79.04,78.22,78.39,956057.0
2015-05-08,79.3,79.86,78.85,79.21,1220173.0
2015-05-11,79.02,80.1,78.7,78.78,863308.0
2015-05-12,78.25,78.72,77.71,78.26,992968.0
2015-05-13,78.48,78.92,76.78,77.19,1402211.0
2015-05-14,77.68,78.37,77.49,78.09,1014506.0
2015-05-15,78.34,79.24,78.22,79.14,1834331.0
2015-05-18,78.79,79.76,78.79,79.73,891266.0
2015-05-19,79.35,79.94,79.1,79.53,702725.0
2015-05-20,79.59,80.29,79.36,79.72,752136.0
2015-05-21,79.65,79.89,79.08,79.66,565774.0
2015-05-22,79.51,79.87,78.99,79.61,635774.0
2015-05-26,79.59,79.59,78.79,79.16,680182.0
2015-05-27,79.41,79.51,78.94,79.2,1174334.0
2015-05-28,79.32,79.77,78.98,79.53,775576.0
2015-05-29,79.52,79.74,79.0,79.23,846067.0
2015-06-01,79.33,79.72,79.06,79.26,666200.0
2015-06-02,78.87,78.9,77.33,77.84,1105602.0
2015-06-03,77.7,77.98,76.12,76.67,1114484.0
2015-06-04,76.36,77.11,76.25,76.68,1527733.0
2015-06-05,75.94,76.04,74.82,74.94,1838913.0
2015-06-08,74.94,75.14,74.51,74.53,1126820.0
2015-06-09,74.45,74.85,74.34,74.52,1376782.0
2015-06-10,74.96,75.3,74.5,75.03,1461446.0
2015-06-11,74.86,75.3,74.45,74.81,1298242.0
2015-06-12,74.41,74.8,74.06,74.08,777134.0
2015-06-15,74.06,74.34,73.54,73.78,909330.0
2015-06-16,73.63,74.15,73.23,74.1,949892.0
2015-06-17,74.08,75.13,74.01,74.98,1227583.0
2015-06-18,75.02,76.28,75.02,76.05,1140377.0
2015-06-19,76.07,76.41,75.63,75.69,1697844.0
2015-06-22,75.84,75.99,75.1,75.39,604982.0
2015-06-23,75.15,75.25,74.03,74.36,895680.0
2015-06-24,74.38,74.68,73.74,73.85,939942.0
2015-06-25,74.0,74.18,73.68,73.89,985101.0
2015-06-26,73.7,74.97,73.39,74.96,1987369.0
2015-06-29,75.0,75.85,74.6,74.64,1681031.0
2015-06-30,74.93,75.0,74.43,74.64,1445448.0
2015-07-01,74.75,75.26,74.53,75.24,1050888.0
2015-07-02,75.62,76.41,75.39,76.22,1325496.0
2015-07-06,76.08,76.64,75.82,76.47,1333195.0
2015-07-07,76.92,78.9,76.6,78.56,2166658.0
2015-07-08,78.26,78.88,77.85,77.96,1401238.0
2015-07-09,78.17,78.46,76.72,76.86,1190706.0
2015-07-10,77.71,78.4,76.5,77.51,971596.0
2015-07-13,77.81,77.9,76.75,77.26,983998.0
2015-07-14,77.25,77.83,76.94,77.1,617672.0
2015-07-15,77.12,77.57,76.63,77.5,779899.0
2015-07-16,77.68,78.67,77.48,78.54,770458.0
2015-07-17,78.23,78.49,77.5,77.51,1212612.0
2015-07-20,77.44,77.44,76.58,77.41,1015021.0
2015-07-21,77.41,77.56,76.34,76.66,802943.0
2015-07-22,76.76,77.52,76.61,77.14,773850.0
2015-07-23,76.86,77.06,75.59,76.17,943541.0
2015-07-24,76.54,78.04,76.54,77.36,1805850.0
2015-07-27,77.34,79.3,77.32,78.68,1433050.0
2015-07-28,78.57,78.78,78.19,78.62,1363763.0
2015-07-29,78.46,79.38,77.9,79.31,1106451.0
2015-07-30,79.03,79.95,78.9,79.55,1031437.0
2015-07-31,79.91,81.27,79.91,80.46,879303.0
2015-08-03,80.5,81.14,79.97,80.36,812269.0
2015-08-04,80.07,80.33,78.97,79.09,1021048.0
2015-08-05,79.4,79.68,78.92,79.21,586416.0
2015-08-06,79.32,79.95,78.44,79.89,997074.0
2015-08-07,79.86,81.6,79.43,81.22,1454244.0
2015-08-10,81.27,81.49,80.38,80.64,758377.0
2015-08-11,80.79,81.75,80.33,81.16,1077441.0
2015-08-12,81.01,83.31,80.71,83.02,1817144.0
2015-08-13,82.7,83.48,82.05,83.14,1062105.0
2015-08-14,82.87,83.79,82.38,83.65,887517.0
2015-08-17,83.73,84.32,83.21,84.12,852781.0
2015-08-18,83.9,84.11,83.28,83.6,802219.0
2015-08-19,83.41,84.52,83.17,84.38,1408956.0
2015-08-20,83.87,85.12,83.35,84.27,1450752.0
2015-08-21,83.63,84.21,83.15,83.15,1918667.0
2015-08-24,82.07,82.07,78.83,79.22,2028610.0
2015-08-25,79.81,80.59,76.54,76.56,1689495.0
2015-08-26,77.34,78.0,76.09,77.87,1623994.0
2015-08-27,78.31,78.99,77.67,78.97,1207877.0
2015-08-28,78.94,79.13,77.74,78.83,1030997.0
2015-08-31,78.65,78.71,77.25,78.06,1663633.0
2015-09-01,77.21,77.55,75.69,76.12,1248955.0
2015-09-02,76.88,76.92,75.37,76.01,899857.0
2015-09-03,76.51,76.92,76.06,76.38,684910.0
2015-09-04,75.5,75.9,74.64,75.01,841247.0
2015-09-08,75.89,76.53,75.56,76.28,857416.0
2015-09-09,76.38,76.82,75.04,75.15,1004166.0
2015-09-10,74.74,75.85,74.74,75.07,837187.0
2015-09-11,74.84,75.95,74.56,75.94,747152.0
2015-09-14,76.06,76.53,75.68,75.88,661987.0
2015-09-15,76.06,76.59,75.28,76.5,893939.0
2015-09-16,76.26,77.75,76.23,77.63,1320246.0
2015-09-17,77.0,79.28,76.73,78.15,1493676.0
2015-09-18,77.54,78.67,77.4,77.8,1424439.0
2015-09-21,77.95,78.36,77.65,77.98,771303.0
2015-09-22,77.59,78.09,77.07,77.27,1036401.0
2015-09-23,77.37,78.45,76.92,78.33,1114407.0
2015-09-24,77.99,78.85,77.81,78.76,1041604.0
2015-09-25,78.98,80.39,78.39,79.27,1613444.0
2015-09-28,79.27,79.75,78.68,78.77,1364229.0
2015-09-29,78.92,79.17,77.74,78.23,1861193.0
2015-09-30,78.79,80.47,78.52,80.37,1570026.0
2015-10-01,80.49,80.63,78.39,79.37,1225613.0
2015-10-02,80.22,80.6,79.02,80.6,1008394.0
2015-10-05,81.0,81.32,80.09,81.12,824130.0
2015-10-06,80.93,81.18,80.17,80.72,1139349.0
2015-10-07,80.89,80.98,80.08,80.36,848469.0
2015-10-08,80.2,81.5,80.0,81.37,654968.0
2015-10-09,81.27,81.39,80.8,81.14,829316.0
2015-10-12,81.35,82.13,81.17,81.6,704171.0
2015-10-13,81.37,82.21,81.03,81.35,749644.0
2015-10-14,81.5,82.27,81.15,81.76,725876.0
2015-10-15,82.1,83.51,81.66,83.26,1150945.0
2015-10-16,83.66,83.98,83.0,83.35,809705.0
2015-10-19,83.44,83.67,82.84,83.64,798813.0
2015-10-20,83.14,84.2,83.06,83.82,561058.0
2015-10-21,84.25,84.64,83.6,83.78,707341.0
2015-10-22,83.93,85.04,83.77,84.87,859264.0
2015-10-23,84.22,85.36,82.98,83.33,966046.0
2015-10-26,83.57,83.67,82.33,83.5,964934.0
2015-10-27,83.23,83.64,82.71,83.49,718826.0
2015-10-28,83.47,83.82,81.32,82.17,970998.0
2015-10-29,81.66,82.14,80.12,81.15,901988.0
2015-10-30,81.38,82.07,80.98,81.59,758669.0
2015-11-02,81.6,82.27,81.12,82.16,833362.0
2015-11-03,81.78,82.52,81.47,82.46,851790.0
2015-11-04,82.46,83.17,82.25,82.71,676935.0
2015-11-05,82.53,83.48,82.38,83.0,1203620.0
2015-11-06,81.73,81.81,79.19,79.39,2058963.0
2015-11-09,79.0,79.77,78.71,79.3,1444009.0
2015-11-10,79.46,80.41,79.22,80.2,1183389.0
2015-11-11,80.34,81.03,80.17,81.0,1100976.0
2015-11-12,80.76,81.54,79.79,80.03,962134.0
2015-11-13,80.21,80.8,79.33,79.53,918659.0
2015-11-16,79.39,81.1,79.36,81.06,1119770.0
2015-11-17,80.8,81.44,79.32,79.55,843457.0
2015-11-18,79.29,80.02,78.26,79.88,1302209.0
2015-11-19,80.34,81.38,80.07,80.93,1092476.0
2015-11-20,81.29,81.89,81.02,81.38,1453267.0
2015-11-23,81.34,81.67,80.35,80.53,650042.0
2015-11-24,80.15,80.4,79.36,80.21,922006.0
2015-11-25,80.21,80.21,79.48,79.88,590633.0
2015-11-27,79.88,80.62,79.58,80.17,297639.0
2015-11-30,80.19,81.12,80.14,80.49,1274858.0
2015-12-01,80.94,81.05,80.0,80.67,1088196.0
2015-12-02,80.4,80.51,78.61,78.68,1350814.0
2015-12-03,78.7,78.96,77.95,78.27,1682918.0
2015-12-04,78.76,80.8,78.53,80.53,1352183.0
2015-12-07,80.32,81.2,80.02,81.18,1049300.0
2015-12-08,81.0,81.22,80.0,80.62,857434.0
2015-12-09,80.34,81.35,79.78,80.21,1689307.0
2015-12-10,80.14,80.27,78.61,78.92,1266715.0
2015-12-11,78.61,79.25,78.24,78.33,1161264.0
2015-12-14,78.34,78.72,77.35,78.47,1371404.0
2015-12-15,78.66,79.85,78.66,79.12,767751.0
2015-12-16,79.49,81.05,79.22,80.89,1054660.0
2015-12-17,80.3,80.66,79.69,79.95,1154271.0
2015-12-18,79.87,79.97,78.5,78.88,1597901.0
2015-12-21,79.16,79.61,77.98,78.66,1086140.0
2015-12-22,78.87,79.3,77.97,79.08,891385.0
2015-12-23,79.35,80.13,79.27,80.01,668979.0
2015-12-24,79.82,80.23,79.7,79.88,327910.0
2015-12-28,79.8,80.69,79.59,80.66,759937.0
2015-12-29,80.97,81.88,80.79,81.44,878136.0
2015-12-30,81.59,81.92,81.23,81.54,1153460.0
2015-12-31,81.43,81.67,79.34,80.19,979944.0
2016-01-04,79.5,79.67,78.42,79.14,1408290.0
2016-01-05,78.96,80.1,78.01,79.95,1259081.0
2016-01-06,79.37,80.07,79.13,79.59,2098595.0
2016-01-07,78.78,79.49,78.49,78.72,1421436.0
2016-01-08,78.72,79.16,78.25,78.38,1581323.0
2016-01-11,78.59,79.37,78.58,79.15,1846512.0
2016-01-12,79.77,79.77,78.46,79.6,1526175.0
2016-01-13,80.42,81.18,80.01,80.25,1830034.0
2016-01-14,80.19,81.82,79.87,81.32,1152584.0
2016-01-15,80.29,81.2,79.81,80.54,1468767.0
2016-01-19,81.26,82.43,80.87,82.23,1704249.0
2016-01-20,81.71,82.39,79.53,80.19,2032971.0
2016-01-21,80.18,80.76,78.72,79.25,1446382.0
2016-01-22,79.94,81.42,79.38,81.33,1372673.0
2016-01-25,81.37,81.43,80.53,80.76,862169.0
2016-01-26,81.11,82.27,80.85,81.7,953802.0
2016-01-27,81.26,82.54,81.04,82.0,988223.0
2016-01-28,82.0,83.9,81.59,83.25,770980.0
2016-01-29,84.0,85.18,82.81,85.01,1528187.0
2016-02-01,84.51,85.84,84.29,85.31,1089609.0
2016-02-02,85.15,86.3,84.98,86.22,1255436.0
2016-02-03,86.67,87.84,86.1,87.09,1776546.0
2016-02-04,86.94,87.56,86.43,86.61,1388253.0
2016-02-05,86.18,86.86,85.03,86.45,1776507.0
2016-02-08,86.84,87.81,85.24,86.22,1757972.0
2016-02-09,86.03,87.12,85.79,86.85,1460677.0
2016-02-10,85.63,86.78,83.8,85.79,2244419.0
2016-02-11,85.93,86.45,84.03,84.08,1503059.0
2016-02-12,83.74,84.51,82.93,83.72,1005072.0
2016-02-16,83.64,84.63,83.22,84.54,1353725.0
2016-02-17,84.55,84.83,83.57,84.22,1315108.0
2016-02-18,84.37,85.69,84.04,85.14,997885.0
2016-02-19,84.95,85.21,84.11,84.72,873455.0
2016-02-22,85.02,85.75,84.69,85.39,800577.0
2016-02-23,84.97,86.05,84.72,85.76,663957.0
2016-02-24,85.69,86.39,85.2,86.06,685867.0
2016-02-25,86.33,87.04,86.0,86.97,568924.0
2016-02-26,86.46,86.73,84.26,84.29,1152868.0
2016-02-29,84.2,85.01,84.01,84.12,1250082.0
2016-03-01,84.61,84.8,83.15,83.83,1358802.0
2016-03-02,83.46,84.15,81.75,84.06,1067063.0
2016-03-03,84.25,84.25,82.6,84.01,1183760.0
2016-03-04,83.58,85.08,83.27,84.86,918506.0
2016-03-07,84.53,86.18,84.39,86.17,1258374.0
2016-03-08,86.22,87.6,85.73,87.26,1489740.0
2016-03-09,88.33,88.58,87.59,87.93,1117113.0
2016-03-10,87.7,88.32,87.19,88.0,810859.0
2016-03-11,88.48,88.83,87.85,88.25,951797.0
2016-03-14,88.15,88.53,87.63,88.06,603632.0
2016-03-15,87.75,88.72,87.69,88.37,692460.0
2016-03-16,87.96,89.72,87.32,89.48,1148674.0
2016-03-17,89.1,89.71,88.31,89.46,1432060.0
2016-03-18,89.67,89.79,88.61,88.91,2058862.0
2016-03-21,88.49,89.31,87.72,88.91,688271.0
2016-03-22,88.8,89.31,88.26,88.37,846855.0
2016-03-23,88.44,89.71,87.91,89.39,956130.0
2016-03-24,88.99,89.62,88.74,89.46,739905.0
2016-03-28,89.5,90.03,88.91,89.28,594727.0
2016-03-29,89.26,90.91,88.94,90.87,891304.0
2016-03-30,90.93,91.0,90.25,90.72,679731.0
2016-03-31,90.72,90.93,90.19,90.66,1086685.0
2016-04-01,90.62,91.2,89.94,91.05,1111045.0
2016-04-04,91.05,91.23,89.84,90.72,939026.0
2016-04-05,90.5,90.72,88.92,89.05,1298596.0
2016-04-06,88.93,89.24,88.43,88.99,790387.0
2016-04-07,88.66,89.32,88.54,88.77,999044.0
2016-04-08,89.0,89.78,88.54,89.0,663562.0
2016-04-11,89.08,89.69,88.56,88.59,848033.0
2016-04-12,88.94,89.23,88.6,89.09,725590.0
2016-04-13,89.4,89.46,88.0,88.69,829351.0
2016-04-14,88.57,88.9,88.1,88.28,814575.0
2016-04-15,88.58,89.29,88.14,89.12,813345.0
2016-04-18,89.11,89.32,88.49,89.24,753548.0
2016-04-19,89.26,89.58,88.99,89.55,641550.0
2016-04-20,89.5,89.8,86.93,87.06,699394.0
2016-04-21,86.8,86.96,84.77,85.07,1154370.0
2016-04-22,85.55,86.24,85.21,85.77,778833.0
2016-04-25,85.69,86.28,85.37,86.27,839700.0
2016-04-26,86.19,87.04,85.47,86.07,866834.0
2016-04-27,86.46,88.03,85.83,87.45,944066.0
2016-04-28,86.47,88.13,86.36,88.05,751254.0
2016-04-29,87.56,89.32,86.98,89.16,1633699.0
2016-05-02,89.09,90.49,88.78,90.13,1383801.0
2016-05-03,90.04,90.54,89.29,89.7,894115.0
2016-05-04,89.51,91.95,89.51,91.21,1089965.0
2016-05-05,90.95,92.32,90.71,91.1,953267.0
2016-05-06,91.08,91.08,89.56,90.04,1338267.0
2016-05-09,90.23,90.49,89.81,90.34,1151907.0
2016-05-10,90.64,90.79,90.05,90.28,793771.0
2016-05-11,90.41,90.82,89.67,90.69,764991.0
2016-05-12,90.81,91.57,90.24,91.33,628135.0
2016-05-13,91.29,91.41,90.36,90.87,532997.0
2016-05-16,90.71,91.03,90.16,90.88,480991.0
2016-05-17,90.6,90.76,88.7,89.12,789535.0
2016-05-18,88.52,89.68,87.34,87.72,960143.0
2016-05-19,87.39,88.68,86.81,88.65,629803.0
2016-05-20,88.97,88.97,88.12,88.69,774000.0
2016-05-23,88.7,88.79,87.69,87.75,478025.0
2016-05-24,88.1,89.35,88.0,89.22,687844.0
2016-05-25,89.0,89.1,88.36,88.69,757072.0
2016-05-26,88.75,89.9,88.43,89.72,604292.0
2016-05-27,89.81,90.24,89.44,90.21,564953.0
2016-05-31,90.04,90.77,89.83,90.68,1127549.0
2016-06-01,90.6,91.14,90.42,91.12,698299.0
2016-06-02,90.91,91.11,90.02,91.11,528878.0
2016-06-03,92.0,93.27,91.94,92.83,641654.0
2016-06-06,92.83,93.14,92.14,92.59,633867.0
2016-06-07,92.79,93.26,92.51,92.7,546900.0
2016-06-08,92.71,93.46,92.37,93.38,606722.0
2016-06-09,93.39,94.23,93.35,94.05,939456.0
2016-06-10,93.99,94.44,93.53,93.91,669930.0
2016-06-13,94.0,94.37,93.71,93.83,775943.0
2016-06-14,93.92,95.03,93.43,94.98,1010697.0
2016-06-15,95.03,95.03,93.56,94.0,835051.0
2016-06-16,92.78,94.16,92.78,93.94,919469.0
2016-06-17,94.07,94.49,93.33,94.38,1271258.0
2016-06-20,94.29,94.49,93.09,93.91,817497.0
2016-06-21,93.91,94.61,93.35,94.03,614083.0
2016-06-22,94.27,94.27,93.58,93.75,677448.0
2016-06-23,93.91,94.08,93.28,94.06,867197.0
2016-06-24,93.45,96.53,93.35,95.58,1862690.0
2016-06-27,95.36,96.0,95.36,95.88,33995.0
2016-06-28,96.49,96.9,95.41,96.79,1277754.0
2016-06-29,97.14,97.57,96.74,97.1,813466.0
2016-06-30,97.28,99.13,97.06,99.12,1432014.0
2016-07-01,99.64,100.0,98.27,99.28,1142924.0
2016-07-05,99.38,100.26,99.26,100.1,1038717.0
2016-07-06,100.14,100.45,99.33,99.95,1038494.0
2016-07-07,99.69,100.02,97.94,98.19,752425.0
2016-07-08,97.89,99.17,97.02,99.14,841869.0
2016-07-11,98.75,99.02,97.66,98.96,497453.0
2016-07-12,98.15,98.67,97.32,97.68,712643.0
2016-07-13,98.18,98.47,97.87,98.1,965145.0
2016-07-14,97.49,97.98,96.86,97.09,1159331.0
2016-07-15,97.26,97.8,97.1,97.66,1001317.0
2016-07-18,97.86,98.4,97.79,97.98,556369.0
2016-07-19,98.06,98.4,97.59,98.05,562689.0
2016-07-20,98.0,98.29,97.35,97.53,427747.0
2016-07-21,97.25,98.48,96.96,98.36,729116.0
2016-07-22,98.29,99.7,98.17,99.41,956462.0
2016-07-25,99.12,99.4,98.53,98.82,1223089.0
2016-07-26,99.18,99.29,97.88,98.0,1255874.0
2016-07-27,98.03,98.11,96.57,97.23,1282678.0
2016-07-28,97.27,97.68,96.94,97.1,1835379.0
2016-07-29,97.02,97.68,97.02,97.52,2480636.0
2016-08-01,97.38,98.25,97.25,98.18,1687085.0
2016-08-02,98.18,98.44,97.62,98.14,1402958.0
2016-08-03,98.02,98.22,96.24,96.67,891579.0
2016-08-04,96.67,97.65,96.52,96.92,587626.0
2016-08-05,96.68,96.72,94.9,95.1,988610.0
2016-08-08,95.24,95.95,94.61,95.09,761138.0
2016-08-09,95.18,95.77,94.77,95.3,571872.0
2016-08-10,95.6,95.79,95.06,95.57,582443.0
2016-08-11,95.64,95.94,95.27,95.88,702895.0
2016-08-12,96.22,96.97,96.21,96.38,706888.0
2016-08-15,96.38,96.62,94.72,94.76,716601.0
2016-08-16,94.5,94.5,93.32,93.68,1349869.0
2016-08-17,93.23,95.41,92.67,95.07,1824244.0
2016-08-18,94.94,96.68,94.94,96.68,2067050.0
2016-08-19,96.28,96.53,94.24,94.7,1443409.0
2016-08-22,94.9,95.41,94.64,95.12,445775.0
2016-08-23,95.2,95.57,94.59,94.61,584394.0
2016-08-24,94.43,94.97,93.8,94.93,738723.0
2016-08-25,94.93,95.38,94.66,95.16,687645.0
2016-08-26,95.24,95.64,92.49,92.59,876914.0
2016-08-29,92.91,93.71,92.91,93.52,848910.0
2016-08-30,93.64,93.98,92.33,92.49,546053.0
2016-08-31,92.59,93.04,92.24,92.9,1089476.0
2016-09-01,92.75,92.91,91.97,92.21,878573.0
2016-09-02,92.24,93.38,92.02,93.2,837924.0
2016-09-06,93.55,94.8,93.47,94.16,818167.0
2016-09-07,94.05,94.64,93.45,94.54,1005554.0
2016-09-08,94.07,94.83,93.86,94.5,951481.0
2016-09-09,94.09,94.09,90.95,91.0,1112830.0
2016-09-12,91.16,92.8,90.92,92.56,1194503.0
2016-09-13,92.39,92.39,90.61,91.35,1023675.0
2016-09-14,91.51,92.44,91.19,92.35,1570008.0
2016-09-15,91.62,92.44,91.11,92.32,972461.0
2016-09-16,92.08,93.68,91.57,93.56,1513406.0
2016-09-19,93.8,94.47,93.61,94.4,939090.0
2016-09-20,94.8,95.0,93.88,93.89,744910.0
2016-09-21,93.79,95.94,93.79,95.85,1241945.0
2016-09-22,96.13,96.56,95.55,96.16,890972.0
2016-09-23,96.14,97.25,95.58,96.85,1135841.0
2016-09-26,96.77,97.25,96.39,96.63,787922.0
2016-09-27,97.03,97.6,94.95,95.07,1812264.0
2016-09-28,95.44,95.52,94.04,94.88,1298583.0
2016-09-29,94.39,94.39,92.96,93.05,2964312.0
2016-09-30,93.44,94.85,93.44,93.67,3204972.0
2016-10-03,93.45,93.57,91.87,92.84,1872646.0
2016-10-04,92.74,92.78,90.79,91.21,2700123.0
2016-10-05,91.56,92.61,90.75,91.82,2664086.0
2016-10-06,91.44,92.62,90.92,92.22,2443424.0
2016-10-07,92.84,93.44,91.79,91.81,2191820.0
2016-10-10,92.05,92.6,91.91,92.35,1391548.0
2016-10-11,92.16,92.29,91.4,91.6,1520657.0
2016-10-12,91.46,92.2,91.24,91.75,1218700.0
2016-10-13,91.82,93.12,91.66,92.73,1978568.0
2016-10-14,92.48,92.81,91.92,92.0,1144518.0
2016-10-17,92.26,92.66,91.97,92.39,1252096.0
2016-10-18,92.92,93.22,91.8,92.84,1239579.0
2016-10-19,92.91,93.06,92.16,92.76,826530.0
2016-10-20,93.0,93.85,92.71,93.11,1181832.0
2016-10-21,92.16,93.13,92.16,92.75,956871.0
2016-10-24,93.11,93.5,92.49,93.14,969780.0
2016-10-25,92.86,94.02,92.83,93.99,1152508.0
2016-10-26,94.54,94.67,93.08,93.9,1204791.0
2016-10-27,93.43,94.03,93.07,93.69,1655626.0
2016-10-28,93.66,94.42,93.39,93.94,1048267.0
2016-10-31,94.35,96.54,94.17,96.01,1492263.0
2016-11-01,96.0,96.0,94.15,94.29,949207.0
2016-11-02,94.22,94.22,92.45,93.18,907984.0
2016-11-03,92.79,93.68,92.44,93.27,706895.0
2016-11-04,93.85,94.71,93.07,93.09,1069156.0
2016-11-07,93.61,95.33,92.75,95.29,825063.0
2016-11-08,95.48,96.78,95.11,96.15,1009438.0
2016-11-09,94.75,94.75,92.26,92.37,1375515.0
2016-11-10,92.2,92.23,89.66,91.28,1757188.0
2016-11-11,91.06,92.54,90.71,90.97,812703.0
2016-11-14,90.69,91.79,90.0,91.38,1379953.0
2016-11-15,91.88,93.92,91.86,93.39,1745368.0
2016-11-16,93.45,94.08,91.31,91.96,1269622.0
2016-11-17,91.55,92.31,91.37,91.68,723526.0
2016-11-18,91.63,92.22,90.91,91.22,877234.0
2016-11-21,91.57,92.3,91.35,92.28,773393.0
2016-11-22,93.03,94.25,92.5,93.83,1592547.0
2016-11-23,92.82,93.87,92.46,92.66,870503.0
2016-11-25,92.85,94.24,92.85,94.03,434756.0
2016-11-28,94.38,96.04,94.15,95.8,1074730.0
2016-11-29,95.28,96.52,95.22,95.8,765363.0
2016-11-30,94.47,94.69,93.06,93.09,1260354.0
2016-12-01,92.49,93.66,92.19,93.61,1568463.0
2016-12-02,94.36,95.4,94.05,95.13,1847529.0
2016-12-05,94.67,95.11,93.76,95.08,1499168.0
2016-12-06,95.24,95.89,94.93,95.19,807302.0
2016-12-07,95.38,97.06,95.38,96.9,1446511.0
2016-12-08,96.19,96.6,95.17,96.19,1105416.0
2016-12-09,96.3,97.6,96.11,97.45,873422.0
2016-12-12,97.1,98.5,96.61,98.42,1033775.0
2016-12-13,98.49,99.1,98.1,98.91,919482.0
2016-12-14,99.49,99.91,96.62,96.91,1450173.0
2016-12-15,96.13,96.76,95.23,96.69,1079829.0
2016-12-16,96.65,98.44,96.65,98.2,1450663.0
2016-12-19,98.58,98.69,97.65,98.28,1069124.0
2016-12-20,98.27,99.0,97.95,98.62,782363.0
2016-12-21,98.49,99.0,98.16,98.21,595716.0
2016-12-22,98.28,98.9,97.72,98.51,555617.0
2016-12-23,98.83,99.25,98.4,98.74,659076.0
2016-12-27,98.56,98.82,98.04,98.65,388890.0
2016-12-28,98.78,98.78,97.75,97.93,521558.0
2016-12-29,98.16,99.06,97.87,98.93,588714.0
2016-12-30,99.04,99.29,98.17,98.51,571441.0
2017-01-03,98.74,98.83,97.82,98.21,1210319.0
2017-01-04,98.34,99.04,98.07,98.47,1075437.0
2017-01-05,98.62,98.78,97.71,98.6,1249123.0
2017-01-06,98.35,99.15,98.15,98.86,996633.0
2017-01-09,98.5,99.07,97.75,97.88,1581944.0
2017-01-10,97.93,97.96,97.09,97.43,1038989.0
2017-01-11,97.43,98.51,97.32,98.41,710605.0
2017-01-12,98.41,98.63,97.86,98.37,613827.0
2017-01-13,98.32,98.95,97.9,98.3,689492.0
2017-01-17,98.55,99.49,98.43,99.2,579360.0
2017-01-18,99.01,99.46,98.72,98.89,782420.0
2017-01-19,98.35,98.7,97.72,98.14,1255159.0
2017-01-20,98.47,99.07,98.03,98.4,622748.0
2017-01-23,98.57,98.67,97.93,98.03,442061.0
2017-01-24,97.78,98.26,97.56,97.96,484141.0
2017-01-25,97.54,98.01,97.01,97.94,1128460.0
2017-01-26,97.92,98.65,97.67,98.22,599031.0
2017-01-27,98.35,98.62,96.99,97.1,986478.0
2017-01-30,97.44,97.55,96.58,97.15,837845.0
2017-01-31,97.38,98.79,97.27,98.64,1273760.0
2017-02-01,98.2,98.7,97.18,97.93,1397760.0
2017-02-02,98.15,99.37,97.72,98.95,949372.0
2017-02-03,99.13,99.29,98.45,99.01,1271800.0
2017-02-06,98.9,99.25,97.91,98.11,1151224.0
2017-02-07,98.44,98.66,98.03,98.4,896156.0
2017-02-08,98.63,99.19,98.21,98.73,1211327.0
2017-02-09,98.05,98.98,96.79,97.21,1747713.0
2017-02-10,96.83,97.56,96.56,97.36,1173396.0
2017-02-13,97.39,98.11,97.21,98.07,813455.0
2017-02-14,97.59,98.43,97.59,98.21,1369634.0
2017-02-15,97.47,98.1,97.15,97.96,1022280.0
2017-02-16,97.96,99.0,97.61,98.67,1096065.0
2017-02-17,98.77,98.83,97.59,98.12,797231.0
2017-02-21,98.13,99.16,97.7,98.95,720793.0
2017-02-22,98.79,99.38,98.43,99.29,689761.0
2017-02-23,99.4,100.23,99.19,100.08,1030213.0
2017-02-24,100.57,101.49,100.32,101.09,1014882.0
2017-02-27,100.93,100.93,100.15,100.6,474930.0
2017-02-28,100.86,101.55,100.6,101.38,865269.0
2017-03-01,100.62,101.81,99.6,100.92,1112347.0
2017-03-02,100.81,102.1,100.56,101.54,630170.0
2017-03-03,101.64,101.64,100.47,101.13,1069230.0
2017-03-06,100.96,101.95,100.66,101.66,922465.0
2017-03-07,101.57,101.93,101.34,101.55,1025996.0
2017-03-08,100.64,100.87,99.92,100.11,885219.0
2017-03-09,100.11,100.86,99.45,99.72,1041642.0
2017-03-10,100.4,100.69,99.85,100.26,911209.0
2017-03-13,100.25,100.69,100.03,100.61,893368.0
2017-03-14,100.73,100.84,100.17,100.49,766211.0
2017-03-15,100.9,102.96,100.49,102.56,1010505.0
2017-03-16,101.43,101.43,99.82,100.21,988267.0
2017-03-17,100.46,101.45,100.24,100.9,1687596.0
2017-03-20,100.99,101.31,100.01,100.23,671393.0
2017-03-21,100.18,101.89,100.18,101.47,979593.0
2017-03-22,101.99,102.6,101.42,101.88,760247.0
2017-03-23,101.73,102.59,101.36,101.6,642054.0
2017-03-24,101.75,102.34,101.47,102.17,577782.0
2017-03-27,102.59,102.86,101.44,101.89,765541.0
2017-03-28,101.72,102.24,101.24,101.7,861897.0
2017-03-29,101.47,102.04,100.93,101.78,844965.0
2017-03-30,101.56,101.9,100.97,101.27,579370.0
2017-03-31,101.21,102.22,101.21,102.11,1355840.0
2017-04-03,101.95,102.09,100.97,101.66,1273087.0
2017-04-04,101.81,102.67,101.35,102.24,747799.0
2017-04-05,102.15,103.25,101.88,103.13,1106120.0
2017-04-06,102.78,103.19,102.37,102.97,772824.0
2017-04-07,103.18,103.62,102.82,102.97,790042.0
2017-04-10,102.84,103.43,102.33,103.2,909309.0
2017-04-11,103.2,103.44,102.55,103.13,756107.0
2017-04-12,103.29,104.09,102.79,103.96,945090.0
2017-04-13,103.93,104.1,102.89,103.51,826603.0
2017-04-17,103.61,104.51,103.61,104.44,942144.0
2017-04-18,104.4,104.84,104.1,104.42,658740.0
2017-04-19,104.45,104.53,103.41,103.84,531951.0
2017-04-20,103.72,103.72,102.73,103.44,904558.0
2017-04-21,103.4,104.41,103.4,103.95,1639941.0
2017-04-24,104.15,104.47,103.58,104.45,973765.0
2017-04-25,104.07,104.53,103.82,104.28,872910.0
2017-04-26,104.04,105.16,104.01,104.44,1225574.0
2017-04-27,104.68,105.81,104.36,105.07,1330777.0
2017-04-28,104.99,105.06,104.27,104.59,840169.0
2017-05-01,104.76,104.76,103.56,103.94,480587.0
2017-05-02,104.15,104.53,103.84,104.26,640513.0
2017-05-03,104.09,104.39,103.8,103.84,478813.0
2017-05-04,103.78,104.28,103.28,104.19,953256.0
2017-05-05,104.46,105.15,104.28,104.54,673194.0
2017-05-08,104.76,104.76,103.83,104.49,511571.0
2017-05-09,104.48,104.5,103.78,103.97,564743.0
2017-05-10,103.99,104.62,103.95,104.62,643366.0
2017-05-11,104.2,104.77,103.84,104.76,546932.0
2017-05-12,104.82,105.43,104.8,105.42,522014.0
2017-05-15,105.32,106.01,105.11,105.95,633193.0
2017-05-16,105.85,106.15,104.65,104.8,534225.0
2017-05-17,104.96,105.71,104.82,105.17,627255.0
2017-05-18,105.54,106.2,104.59,105.34,697651.0
2017-05-19,105.43,106.11,104.61,106.03,892117.0
2017-05-22,105.96,107.12,105.93,107.04,762657.0
2017-05-23,107.0,108.25,106.95,107.37,805424.0
2017-05-24,107.28,107.95,107.25,107.92,540644.0
2017-05-25,108.04,109.08,107.6,108.98,688125.0
2017-05-26,108.52,109.18,108.49,108.88,454850.0
2017-05-30,108.88,109.49,108.41,109.15,871745.0
2017-05-31,109.22,109.89,109.16,109.52,991771.0
2017-06-01,109.38,110.47,108.88,110.41,653913.0
2017-06-02,111.18,111.18,110.29,110.93,574503.0
2017-06-05,110.61,110.89,110.08,110.21,640754.0
2017-06-06,110.53,110.66,109.97,110.16,539838.0
2017-06-07,110.45,110.88,110.08,110.63,608309.0
2017-06-08,110.35,110.67,108.4,108.98,1332441.0
2017-06-09,108.66,109.1,108.27,108.98,807481.0
2017-06-12,109.19,109.51,108.01,108.97,740200.0
2017-06-13,108.85,109.45,108.54,109.41,446968.0
2017-06-14,110.1,110.64,109.96,110.49,761435.0
2017-06-15,109.67,110.68,109.2,110.56,880845.0
2017-06-16,110.91,111.24,110.65,111.19,1364240.0
2017-06-19,111.16,111.16,110.36,110.9,756604.0
2017-06-20,110.87,111.35,110.79,111.02,763475.0
2017-06-21,111.01,111.13,109.39,110.13,759945.0
2017-06-22,110.04,110.28,109.56,109.58,733180.0
2017-06-23,109.48,109.95,108.72,108.89,969535.0
2017-06-26,109.0,110.24,108.54,109.4,583713.0
2017-06-27,109.02,109.35,107.5,107.67,743066.0
2017-06-28,108.14,108.3,106.18,106.24,1209785.0
2017-06-29,105.75,106.29,105.13,105.92,1301684.0
2017-06-30,106.22,106.71,105.73,105.79,1047556.0
2017-07-03,106.05,106.35,105.44,105.54,621628.0
2017-07-05,105.65,105.8,104.87,105.44,1153936.0
2017-07-06,105.19,105.41,104.85,105.17,945801.0
2017-07-07,105.36,105.78,105.15,105.26,726059.0
2017-07-10,105.53,105.76,104.9,104.93,865696.0
2017-07-11,105.08,105.21,104.19,104.69,457159.0
2017-07-12,105.51,105.83,105.26,105.59,338589.0
2017-07-13,105.66,105.66,104.81,104.89,307337.0
2017-07-14,105.56,105.87,105.2,105.39,216817.0
2017-07-17,105.42,106.18,104.97,106.05,462313.0
2017-07-18,106.25,106.28,105.62,105.81,721206.0
2017-07-19,105.85,106.11,105.28,105.94,801014.0
2017-07-20,106.31,106.93,106.13,106.86,632730.0
2017-07-21,106.78,107.94,106.56,107.94,298041.0
2017-07-24,107.99,107.95,106.4,106.43,460872.0
2017-07-25,106.57,106.57,105.71,106.24,361937.0
2017-07-26,106.96,108.0,106.07,107.39,424099.0
2017-07-27,107.35,107.45,106.48,107.35,1198057.0
2017-07-28,107.43,107.47,106.5,106.71,267696.0
2017-07-31,106.78,107.27,106.35,107.06,859985.0
2017-08-01,107.29,107.39,106.55,106.92,539288.0
2017-08-02,106.34,107.6,106.16,107.59,338587.0
2017-08-03,107.25,108.89,107.25,108.88,320684.0
2017-08-04,108.67,108.99,108.18,108.93,338749.0
2017-08-07,108.83,108.97,108.53,108.93,227986.0
2017-08-08,108.83,109.42,108.65,109.4,217474.0
2017-08-09,109.76,109.76,108.51,108.53,563157.0
2017-08-10,108.51,109.14,108.15,109.06,618206.0
2017-08-11,109.28,109.28,107.51,107.87,590537.0
2017-08-14,108.06,109.05,108.0,109.05,534291.0
2017-08-15,108.7,109.53,108.7,109.17,713805.0
2017-08-16,109.35,109.9,109.14,109.88,666073.0
2017-08-17,109.87,110.35,109.76,109.9,759085.0
2017-08-18,109.82,111.01,109.6,110.63,1398846.0
2017-08-21,110.78,111.01,110.5,110.89,555276.0
2017-08-22,111.02,111.42,110.74,111.37,455189.0
2017-08-23,111.33,111.94,110.96,111.89,499901.0
2017-08-24,111.83,112.15,111.66,111.74,463945.0
2017-08-25,111.91,112.24,111.5,111.5,736733.0
2017-08-28,111.69,112.35,111.69,112.14,552087.0
2017-08-29,112.29,112.58,112.02,112.11,511991.0
2017-08-30,112.0,112.39,111.67,111.97,498531.0
2017-08-31,112.06,112.48,111.66,112.32,631278.0
2017-09-01,112.5,112.59,111.87,112.12,432092.0
2017-09-05,112.22,112.8,111.99,112.77,579268.0
2017-09-06,113.0,113.0,111.62,111.68,1025953.0
2017-09-07,111.95,112.29,111.46,111.86,730518.0
2017-09-08,111.83,112.96,111.59,112.84,657402.0
2017-09-11,112.75,113.71,112.4,113.51,441544.0
2017-09-12,113.14,113.43,111.1,111.29,625452.0
2017-09-13,111.3,111.3,110.23,110.23,961982.0
2017-09-14,110.15,111.61,110.0,111.58,825875.0
2017-09-15,111.06,111.53,110.59,111.45,1369971.0
2017-09-18,111.4,111.49,109.89,110.53,895323.0
2017-09-19,110.45,110.52,109.68,110.18,757189.0
2017-09-20,110.49,110.67,108.37,108.88,1285815.0
2017-09-21,108.88,109.46,108.64,109.02,589340.0
2017-09-22,109.22,109.25,108.17,108.38,634925.0
2017-09-25,108.29,109.78,108.2,109.74,703029.0
2017-09-26,109.6,109.93,108.9,109.53,953103.0
2017-09-27,108.85,109.24,106.82,107.24,776944.0
2017-09-28,107.04,107.87,106.21,107.66,865965.0
2017-09-29,107.46,108.09,107.07,107.36,884040.0
2017-10-02,107.76,107.9,107.14,107.37,839183.0
2017-10-03,107.24,107.24,106.21,106.6,854556.0
2017-10-04,106.68,107.6,106.35,107.55,1410209.0
2017-10-05,107.69,108.28,107.08,107.75,1014617.0
2017-10-06,107.45,108.06,106.93,107.68,737120.0
2017-10-09,107.89,108.09,107.65,107.93,483104.0
2017-10-10,108.0,109.39,107.74,109.29,844465.0
2017-10-11,109.33,110.18,109.2,109.7,727832.0
2017-10-12,109.92,110.73,109.3,110.67,700534.0
2017-10-13,110.99,111.42,109.77,109.89,929564.0
2017-10-16,109.65,110.24,109.24,109.63,923152.0
2017-10-17,109.63,110.38,109.33,110.16,1095907.0
2017-10-18,109.96,110.59,109.55,110.55,925187.0
2017-10-19,110.73,112.14,110.13,112.14,885839.0
2017-10-20,111.99,112.34,111.53,112.24,987584.0
2017-10-23,112.66,113.27,111.97,113.05,1244680.0
2017-10-24,112.53,112.98,111.67,112.7,1808523.0
2017-10-25,112.7,112.97,108.54,110.77,2895064.0
2017-10-26,111.22,112.17,110.04,110.12,1365620.0
2017-10-27,110.19,111.21,109.95,110.83,872029.0
2017-10-30,110.8,110.87,109.99,110.34,914059.0
2017-10-31,110.12,110.92,109.68,110.46,1014668.0
2017-11-01,110.94,111.61,109.58,110.28,1301739.0
2017-11-02,110.42,111.02,109.94,110.8,1685129.0
2017-11-03,110.63,112.11,110.51,110.9,1329681.0
2017-11-06,111.32,112.22,110.33,111.58,1036420.0
2017-11-07,111.71,113.05,111.35,112.81,846931.0
2017-11-08,112.64,113.38,112.43,113.19,744111.0
2017-11-09,112.94,113.53,112.81,113.22,532831.0
2017-11-10,112.75,112.94,112.19,112.45,636042.0
2017-11-13,112.72,114.33,112.5,114.24,1108862.0
2017-11-14,113.82,115.7,113.68,115.58,700434.0
2017-11-15,115.83,116.21,114.39,114.47,720251.0
2017-11-16,114.49,114.67,113.85,113.99,811617.0
2017-11-17,113.64,114.08,112.55,112.92,970662.0
2017-11-20,112.98,113.35,112.0,112.23,739488.0
2017-11-21,112.64,112.78,112.29,112.64,797936.0
2017-11-22,112.62,112.94,112.2,112.62,1040007.0
2017-11-24,112.83,113.41,112.61,112.65,181970.0
2017-11-27,112.5,113.87,112.5,113.64,1511386.0
2017-11-28,113.87,114.36,113.6,114.34,724603.0
2017-11-29,114.11,115.44,113.75,114.56,1044878.0
2017-11-30,114.68,115.85,114.16,115.57,1112754.0
2017-12-01,116.0,116.4,114.62,115.21,673516.0
2017-12-04,115.52,116.74,114.94,115.53,1356353.0
2017-12-05,115.44,115.6,113.24,114.35,891566.0
2017-12-06,114.68,115.15,114.12,115.0,1113099.0
2017-12-07,114.95,115.09,114.46,115.07,885132.0
2017-12-08,114.82,115.55,114.52,115.49,1307564.0
2017-12-11,115.28,116.06,114.8,115.99,677110.0
2017-12-12,116.0,116.29,113.93,114.01,1073410.0
2017-12-13,114.14,114.48,113.64,113.82,796691.0
2017-12-14,113.82,114.17,112.76,113.62,768176.0
2017-12-15,113.24,114.0,112.7,113.23,1743731.0
2017-12-18,113.32,113.69,110.81,111.16,931746.0
2017-12-19,111.24,111.31,108.95,109.01,929187.0
2017-12-20,108.95,109.64,108.2,108.25,863373.0
2017-12-21,108.0,108.62,107.58,108.25,710465.0
2017-12-22,108.66,108.89,108.15,108.72,693030.0
2017-12-26,108.51,109.26,108.08,108.13,602932.0
2017-12-27,108.33,108.75,108.14,108.74,465720.0
2017-12-28,108.95,109.68,108.79,109.61,825829.0
2017-12-29,109.76,110.1,109.18,109.46,633876.0
2018-01-02,109.68,110.49,108.35,108.45,988693.0
2018-01-03,108.27,109.1,107.34,108.1,1146526.0
2018-01-04,107.61,108.5,106.22,106.3,928716.0
2018-01-05,106.71,106.88,105.59,106.2,1242687.0
2018-01-08,106.36,107.04,106.15,106.98,685613.0
2018-01-09,106.55,106.97,105.52,105.68,871656.0
2018-01-10,105.39,105.56,103.84,104.64,2099245.0
2018-01-11,104.71,105.11,103.68,103.93,944149.0
2018-01-12,104.92,104.92,103.22,103.92,1314333.0
2018-01-16,104.15,104.66,102.97,104.14,2204387.0
2018-01-17,104.45,104.52,103.52,104.09,1297993.0
2018-01-18,104.32,104.32,102.86,103.47,1137119.0
2018-01-19,103.37,103.89,102.84,103.15,1229410.0
2018-01-22,103.58,104.17,103.14,103.36,1096743.0
2018-01-23,103.42,105.0,103.37,104.67,1178769.0
2018-01-24,104.58,105.02,104.0,104.43,1554327.0
2018-01-25,104.31,106.0,104.22,105.96,1061670.0
2018-01-26,106.03,106.24,104.51,105.5,1125294.0
2018-01-29,104.99,105.06,104.04,104.39,2646949.0
2018-01-30,104.07,104.86,103.81,104.24,1207515.0
2018-01-31,104.33,105.75,103.85,105.64,1338670.0
2018-02-01,105.76,106.35,103.65,104.22,2827492.0
2018-02-02,103.71,104.11,102.93,103.28,2009781.0
2018-02-05,103.02,104.1,101.72,102.0,1872602.0
2018-02-06,100.84,100.87,97.66,99.36,3112835.0
2018-02-07,99.29,100.55,99.04,99.27,1157299.0
2018-02-08,99.04,100.44,98.48,98.49,1973527.0
2018-02-09,98.77,101.86,98.65,101.06,1462049.0
2018-02-12,101.23,101.56,100.06,101.25,1572728.0
2018-02-13,101.06,102.4,100.4,102.21,957695.0
2018-02-14,101.58,101.99,100.62,101.23,950154.0
2018-02-15,101.53,103.23,101.4,103.15,987439.0
2018-02-16,102.73,105.56,102.53,105.22,1716854.0
2018-02-20,105.05,105.7,102.89,103.2,1398798.0
2018-02-21,103.2,104.12,101.88,101.9,978278.0
2018-02-22,102.32,102.93,101.49,101.86,1027054.0
2018-02-23,101.94,104.7,101.87,104.7,1053904.0
2018-02-26,104.95,105.07,103.58,103.76,924565.0
2018-02-27,104.02,104.69,102.01,102.03,2119624.0
2018-02-28,102.2,102.36,100.72,100.78,2176531.0
2018-03-01,100.85,102.06,100.06,100.73,1039571.0
2018-03-02,100.71,101.91,99.82,100.79,875377.0
2018-03-05,100.67,102.72,100.22,102.57,1063160.0
2018-03-06,102.43,102.5,100.68,101.2,824643.0
2018-03-07,100.88,101.46,99.52,99.92,1125535.0
2018-03-08,100.16,100.81,99.86,100.4,860295.0
2018-03-09,100.37,100.59,99.59,100.53,1466819.0
2018-03-12,100.36,101.76,100.28,100.91,1537614.0
2018-03-13,101.31,101.51,100.33,100.93,1263972.0
2018-03-14,101.06,101.93,100.88,101.77,940547.0
2018-03-15,102.0,102.47,101.17,101.72,1690963.0
2018-03-16,101.15,102.53,100.95,102.27,3391414.0
2018-03-19,102.11,102.91,101.55,102.19,1612157.0
2018-03-20,102.29,102.81,101.24,102.15,1820887.0
2018-03-21,102.5,103.73,102.07,102.53,1153534.0
2018-03-22,102.43,104.73,102.43,102.55,1992659.0
2018-03-23,102.71,103.57,100.98,101.09,779145.0
2018-03-26,101.41,102.44,101.34,102.12,595207.0
2018-03-27,102.19,104.92,101.95,103.81,707262.0
2018-03-28,104.09,104.7,103.43,104.0,861029.0
2018-03-29,104.02,105.19,104.02,104.4,592441.0
2018-04-02,104.68,105.49,103.16,103.67,981430.0
2018-04-03,103.65,104.61,103.25,104.42,1054110.0
2018-04-04,104.23,104.33,102.87,103.89,954323.0
2018-04-05,103.98,105.01,102.56,104.63,1000902.0
2018-04-06,104.67,105.0,103.72,104.06,879270.0
2018-04-09,104.06,105.02,103.63,104.34,1113065.0
2018-04-10,104.51,104.63,103.37,103.56,716728.0
2018-04-11,103.46,104.04,102.91,103.34,425071.0
2018-04-12,103.51,103.66,101.82,102.1,609546.0
2018-04-13,102.22,102.84,102.17,102.44,636358.0
2018-04-16,102.66,103.71,102.26,103.61,965643.0
2018-04-17,103.65,104.74,103.29,104.49,543185.0
2018-04-18,104.56,105.2,103.94,104.01,904159.0
2018-04-19,103.81,104.17,103.05,103.74,809420.0
2018-04-20,103.69,103.74,102.28,102.73,1202489.0
2018-04-23,102.88,103.74,102.79,103.33,1155170.0
2018-04-24,103.67,104.94,102.61,104.2,1829601.0
2018-04-25,103.26,105.0,102.01,104.01,1280949.0
2018-04-26,103.9,104.99,103.22,104.83,806854.0
2018-04-27,104.55,106.24,104.55,105.65,1406821.0
2018-04-30,105.68,106.04,104.99,105.4,1847263.0
2018-05-01,105.25,105.4,104.72,105.0,1799508.0
2018-05-02,105.0,105.46,103.97,104.75,1311319.0
2018-05-03,104.83,105.05,103.36,104.6,1046249.0
2018-05-04,104.61,105.09,104.29,104.68,899169.0
2018-05-07,104.52,104.54,103.75,104.15,1125046.0
2018-05-08,103.9,103.9,100.77,101.1,1354288.0
2018-05-09,101.14,101.33,99.72,100.24,851406.0
2018-05-10,100.93,101.37,100.36,101.33,757379.0
2018-05-11,101.64,102.72,101.36,102.45,1352263.0
2018-05-14,102.53,102.88,101.5,102.29,1511818.0
2018-05-15,101.74,102.11,100.81,101.47,1750607.0
2018-05-16,101.55,101.55,100.05,100.47,859184.0
2018-05-17,100.42,100.85,99.0,99.32,1533146.0
2018-05-18,99.61,100.44,99.22,99.92,1197993.0
2018-05-21,99.98,100.27,99.11,99.97,852629.0
2018-05-22,99.96,100.94,99.8,100.12,875364.0
2018-05-23,100.48,101.53,100.3,101.43,972390.0
2018-05-24,101.72,102.46,101.21,102.13,1567908.0
2018-05-25,102.22,102.88,102.02,102.18,1013920.0
2018-05-29,102.14,103.04,101.55,102.1,1060155.0
2018-05-30,101.98,102.78,101.63,102.45,1009631.0
2018-05-31,102.37,103.04,101.72,102.43,1597157.0
2018-06-01,102.36,102.48,100.84,101.03,1065492.0
2018-06-04,101.27,101.77,99.99,100.04,1184905.0
2018-06-05,99.88,100.18,98.98,99.29,1066126.0
2018-06-06,99.28,99.31,96.77,96.94,1282075.0
2018-06-07,96.6,98.0,96.21,97.04,1285393.0
2018-06-08,97.3,97.46,96.56,96.97,1063844.0
2018-06-11,96.11,96.99,94.25,94.7,2335861.0
2018-06-12,94.82,96.7,94.8,96.49,1567216.0
2018-06-13,96.81,97.16,95.88,96.08,1253509.0
2018-06-14,96.27,97.34,96.04,97.05,1232869.0
2018-06-15,96.05,97.15,95.4,97.06,2361274.0
2018-06-18,97.11,97.78,96.88,97.4,961825.0
2018-06-19,97.39,99.13,97.3,99.1,1816189.0
2018-06-20,98.91,99.47,97.86,99.29,1878128.0
2018-06-21,99.23,100.25,99.08,100.07,2489111.0
2018-06-22,100.14,100.68,99.93,100.45,1265762.0
2018-06-25,100.67,103.04,100.49,102.79,1974484.0
2018-06-26,102.65,103.99,102.56,103.2,1606411.0
2018-06-27,103.03,104.63,102.94,104.18,1417839.0
2018-06-28,104.46,105.13,103.59,103.94,1297599.0
2018-06-29,104.03,104.33,103.0,103.63,1161919.0
2018-07-02,103.74,104.67,103.47,104.59,1349735.0
2018-07-03,104.53,105.57,104.16,105.02,617318.0
2018-07-05,105.25,106.41,104.88,106.33,1190683.0
2018-07-06,106.34,107.17,106.19,107.03,936387.0
2018-07-09,106.95,106.95,102.73,103.15,1222644.0
2018-07-10,102.77,104.55,101.88,104.0,1294450.0
2018-07-11,104.42,105.88,104.27,105.66,1131461.0
2018-07-12,105.83,106.15,105.25,105.92,974009.0
2018-07-13,105.98,106.28,105.37,106.19,1004766.0
2018-07-16,106.01,106.63,105.55,106.3,1151369.0
2018-07-17,106.55,106.76,106.19,106.38,883639.0
2018-07-18,106.12,106.54,105.55,106.06,744955.0
2018-07-19,106.22,107.8,106.22,107.37,1083570.0
2018-07-20,106.95,107.27,105.7,106.6,1006353.0
2018-07-23,106.86,107.02,105.8,106.43,926325.0
2018-07-24,105.71,107.01,104.81,106.72,1507742.0
2018-07-25,107.99,109.57,107.48,108.3,1939447.0
2018-07-26,109.02,109.62,108.31,108.82,1244391.0
2018-07-27,108.82,109.66,108.21,108.61,979074.0
2018-07-30,108.5,108.53,107.36,107.78,1290020.0
2018-07-31,108.32,108.88,107.64,108.54,2062133.0
2018-08-01,107.76,107.9,106.27,107.84,1919410.0
2018-08-02,107.77,108.9,107.14,108.7,839689.0
2018-08-03,108.71,110.18,108.14,110.1,1055349.0
2018-08-06,110.12,110.89,109.88,110.5,2020857.0
2018-08-07,110.57,110.57,109.28,110.35,936086.0
2018-08-08,110.07,110.47,109.52,110.16,641449.0
2018-08-09,110.3,110.81,109.96,110.72,914951.0
2018-08-10,110.98,111.73,110.26,110.34,1221199.0
2018-08-13,110.51,110.9,110.02,110.79,1332829.0
2018-08-14,110.7,111.44,110.7,111.04,575429.0
2018-08-15,111.01,112.84,110.98,112.27,1210799.0
2018-08-16,112.1,113.27,111.83,113.18,1296698.0
2018-08-17,113.04,114.11,112.8,113.62,1383225.0
2018-08-20,113.87,113.87,112.84,113.3,1045255.0
2018-08-21,113.39,113.51,112.18,112.72,1378509.0
2018-08-22,112.89,112.94,110.7,111.23,1004584.0
2018-08-23,111.26,112.42,111.12,111.43,880848.0
2018-08-24,111.59,112.02,110.67,111.9,832125.0
2018-08-27,112.02,112.36,110.69,111.34,1161490.0
2018-08-28,111.06,111.25,110.46,110.73,732271.0
2018-08-29,111.03,111.31,110.51,111.27,678549.0
2018-08-30,111.57,112.25,111.38,111.86,808800.0
2018-08-31,111.86,112.35,110.81,111.14,740337.0
2018-09-04,111.53,112.32,111.51,111.67,904796.0
2018-09-05,111.88,113.32,111.7,113.27,981702.0
2018-09-06,113.25,114.31,112.74,114.0,1100927.0
2018-09-07,113.14,113.74,112.46,112.96,1216306.0
2018-09-10,113.29,114.02,112.99,113.4,909832.0
2018-09-11,113.55,113.99,112.97,113.22,689717.0
2018-09-12,113.03,113.71,112.76,113.02,707233.0
2018-09-13,113.18,113.78,112.23,113.76,785387.0
2018-09-14,112.55,112.78,111.16,112.3,789139.0
2018-09-17,112.43,112.74,111.56,112.34,987596.0
2018-09-18,112.07,112.67,111.49,112.51,1048787.0
2018-09-19,112.6,112.6,108.69,109.09,1473233.0
2018-09-20,109.14,109.25,108.08,109.18,1067927.0
2018-09-21,108.87,109.95,108.46,109.07,3090004.0
2018-09-24,109.28,109.45,108.41,108.51,938285.0
2018-09-25,108.32,108.32,106.89,107.49,955648.0
2018-09-26,107.83,107.94,106.43,106.49,1251513.0
2018-09-27,106.64,107.99,106.41,107.41,729254.0
2018-09-28,107.7,109.2,107.7,109.13,989817.0
2018-10-01,108.75,109.08,108.12,109.03,840111.0
2018-10-02,109.42,110.85,109.42,110.76,1335723.0
2018-10-03,110.45,110.94,107.74,108.63,1133876.0
2018-10-04,108.36,109.53,107.39,109.38,652451.0
2018-10-05,109.38,111.73,109.3,111.62,1016595.0
2018-10-08,111.82,113.51,111.61,112.59,1131253.0
2018-10-09,112.85,113.98,112.4,113.64,1266242.0
2018-10-10,113.63,114.84,112.68,112.74,1013002.0
2018-10-11,113.18,113.5,110.13,110.58,1362999.0
2018-10-12,110.48,110.61,109.25,110.14,1174886.0
2018-10-15,110.0,110.96,109.75,110.12,1297070.0
2018-10-16,109.9,111.75,109.26,111.24,1088324.0
2018-10-17,111.03,111.68,110.52,111.29,728772.0
2018-10-18,111.54,111.84,110.55,111.16,805401.0
2018-10-19,111.46,113.51,111.17,112.94,839392.0
2018-10-22,113.01,113.1,111.76,112.3,811044.0
2018-10-23,112.55,113.45,111.43,111.94,1427908.0
2018-10-24,112.26,118.22,112.08,117.7,3429991.0
2018-10-25,116.52,116.99,114.27,115.05,2801835.0
2018-10-26,115.37,115.99,112.2,112.85,1987046.0
2018-10-29,113.12,114.47,112.98,113.63,1347233.0
2018-10-30,114.06,114.82,112.89,114.36,1202154.0
2018-10-31,113.8,114.04,111.82,112.4,1611081.0
2018-11-01,112.4,112.73,111.05,112.09,1400985.0
2018-11-02,112.42,112.68,110.41,111.38,956707.0
2018-11-05,111.75,113.52,111.55,113.36,1246898.0
2018-11-06,113.39,114.94,113.29,114.84,795297.0
2018-11-07,115.48,116.24,114.5,116.14,1132589.0
2018-11-08,116.1,116.6,115.22,116.38,893275.0
2018-11-09,116.66,118.5,116.35,118.14,1114113.0
2018-11-12,118.23,120.45,117.67,119.05,1173130.0
2018-11-13,118.97,120.25,118.23,119.95,626902.0
2018-11-14,119.39,120.38,118.95,119.29,1023614.0
2018-11-15,118.49,119.82,117.37,119.31,1074159.0
2018-11-16,120.51,121.0,118.51,119.03,1143101.0
2018-11-19,119.01,119.84,118.62,119.21,811760.0
2018-11-20,119.85,120.62,118.05,118.5,1422404.0
2018-11-21,118.25,118.25,116.26,116.75,955318.0
2018-11-23,116.93,117.07,116.26,116.67,515715.0
2018-11-26,116.86,116.99,115.84,116.7,1119403.0
2018-11-27,116.75,117.65,115.83,117.5,1142155.0
2018-11-28,117.69,117.94,116.78,117.4,1061591.0
2018-11-29,117.67,117.79,116.01,117.67,897856.0
2018-11-30,117.92,119.8,117.82,119.74,1406414.0
2018-12-03,118.76,119.39,118.03,119.16,2054694.0
2018-12-04,119.58,120.76,119.04,119.17,2338315.0
2018-12-06,119.93,120.35,116.98,119.39,1570690.0
2018-12-07,119.35,120.04,118.58,119.52,1281464.0
2018-12-10,119.7,119.87,118.05,119.31,2833255.0
2018-12-11,119.48,120.23,119.16,119.87,2151728.0
2018-12-12,120.14,120.64,118.72,118.74,1446273.0
2018-12-13,118.96,120.27,118.77,119.82,1609889.0
2018-12-14,119.08,119.67,117.39,118.22,1740887.0
2018-12-17,118.55,118.77,113.87,114.14,1604261.0
2018-12-18,114.49,115.71,113.37,113.63,1318914.0
2018-12-19,114.1,115.23,112.89,113.81,1583751.0
2018-12-20,114.13,115.76,112.69,114.54,1510408.0
2018-12-21,114.6,117.3,113.76,114.05,1924822.0
2018-12-24,114.25,114.74,108.72,108.95,652538.0
2018-12-26,108.96,110.12,107.22,109.65,1436007.0
2018-12-27,109.18,110.2,107.82,110.16,1381259.0
2018-12-28,110.53,111.42,109.58,110.11,817417.0
2018-12-31,110.38,110.58,109.28,110.3,715718.0
2019-01-02,110.18,110.42,107.33,107.89,1165494.0
2019-01-03,108.0,109.21,107.54,108.34,1215708.0
2019-01-04,107.83,109.99,107.83,109.99,1214123.0
2019-01-07,109.39,110.4,108.98,109.62,923300.0
2019-01-08,109.53,110.72,109.22,110.59,727527.0
2019-01-09,110.21,111.15,109.35,110.07,784119.0
2019-01-10,109.46,111.81,109.44,111.7,1011633.0
2019-01-11,111.79,112.2,110.63,111.86,797367.0
2019-01-14,111.18,111.18,108.52,109.95,1146755.0
2019-01-15,109.44,111.91,109.44,111.25,1474067.0
2019-01-16,110.8,111.87,110.39,111.73,878205.0
2019-01-17,111.62,113.35,111.47,113.19,938910.0
2019-01-18,113.18,114.06,112.45,112.98,912462.0
2019-01-22,113.12,114.03,111.91,113.04,655338.0
2019-01-23,113.11,114.34,112.95,114.27,836774.0
2019-01-24,114.24,115.59,113.22,115.5,1060011.0
2019-01-25,115.29,115.83,113.83,114.13,1002045.0
2019-01-28,114.22,114.69,113.31,114.1,838368.0
2019-01-29,114.03,115.15,114.03,114.93,966133.0
2019-01-30,114.42,115.85,114.23,115.29,702607.0
2019-01-31,115.24,118.32,114.66,117.75,1762576.0
2019-02-01,117.75,118.06,116.35,117.36,766769.0
2019-02-04,116.36,117.42,114.93,117.39,1311530.0
2019-02-05,117.3,117.47,116.34,117.3,922684.0
2019-02-06,117.29,117.34,116.32,117.08,1076281.0
2019-02-07,112.86,118.38,112.86,118.3,1305075.0
2019-02-08,118.11,118.85,117.58,118.56,1183197.0
2019-02-11,118.56,119.45,118.48,119.04,832902.0
2019-02-12,119.12,119.84,118.17,119.49,1208732.0
2019-02-13,119.5,119.59,118.78,119.35,1099558.0
2019-02-14,119.35,119.94,118.8,119.21,830387.0
2019-02-15,119.7,120.06,119.15,119.81,893262.0
2019-02-19,119.79,120.57,119.19,120.51,998122.0
2019-02-20,120.28,121.84,119.78,121.77,1728390.0
2019-02-21,121.24,122.99,120.83,122.74,1542211.0
2019-02-22,123.0,123.8,121.99,123.72,861296.0
2019-02-25,123.76,123.84,122.2,122.82,1482107.0
2019-02-26,123.17,123.17,121.75,122.3,1003227.0
2019-02-27,121.94,122.53,121.51,122.36,738315.0
2019-02-28,122.44,123.64,121.95,123.56,1098162.0
2019-03-01,123.63,123.73,122.26,122.9,1004950.0
2019-03-04,123.13,123.36,122.1,123.11,812887.0
2019-03-05,122.99,123.26,122.47,122.76,706635.0
2019-03-06,122.95,123.19,122.12,122.38,1117838.0
2019-03-07,122.75,123.52,122.2,122.5,1381092.0
2019-03-08,122.63,123.21,122.02,123.2,1071904.0
2019-03-11,123.21,123.87,122.83,123.69,1228925.0
2019-03-12,123.91,124.08,123.31,124.06,1578387.0
2019-03-13,124.17,124.45,123.76,124.16,1204789.0
2019-03-14,124.36,124.82,123.5,124.38,1199282.0
2019-03-15,123.63,124.47,123.01,123.98,2607976.0
2019-03-18,124.0,124.23,122.9,123.34,1519237.0
2019-03-19,123.21,123.21,121.71,122.14,1148911.0
2019-03-20,122.42,123.44,122.11,122.4,1043482.0
2019-03-21,122.5,123.44,122.15,123.24,1887660.0
2019-03-22,123.74,125.7,123.5,124.89,1860526.0
2019-03-25,125.13,125.42,124.36,125.11,525381.0
2019-03-26,125.17,126.07,124.92,125.91,620335.0
2019-03-27,125.89,125.96,124.58,125.19,751032.0
2019-03-28,125.29,125.73,123.3,123.78,648697.0
2019-03-29,123.65,124.9,123.24,124.74,952245.0
2019-04-01,124.52,124.64,122.86,123.8,766930.0
2019-04-02,123.59,124.06,123.05,123.9,869735.0
2019-04-03,123.71,124.08,122.41,123.47,665067.0
2019-04-04,124.06,124.06,122.06,122.82,774938.0
2019-04-05,122.76,124.04,122.63,123.98,590019.0
2019-04-08,123.65,123.79,122.46,122.62,614338.0
2019-04-09,122.67,123.28,122.47,123.23,735078.0
2019-04-10,123.84,124.43,122.68,123.01,864612.0
2019-04-11,123.1,124.0,122.72,123.92,760202.0
2019-04-12,123.55,124.55,122.7,124.42,948355.0
2019-04-15,124.63,124.89,124.04,124.46,1009392.0
2019-04-16,124.26,124.97,122.33,122.81,706757.0
2019-04-17,122.84,123.38,122.25,122.81,1176372.0
2019-04-18,122.78,124.13,122.63,123.21,1336900.0
2019-04-22,123.25,123.48,122.45,122.72,1141094.0
2019-04-23,122.83,123.7,122.39,123.14,1429380.0
2019-04-24,123.49,124.32,122.05,124.04,1378294.0
2019-04-25,123.52,124.91,123.37,124.17,1053877.0
2019-04-26,124.72,125.58,124.14,124.34,764968.0
2019-04-29,124.14,124.29,123.07,123.62,599994.0
2019-04-30,123.88,125.76,123.39,125.71,801591.0
2019-05-01,125.28,125.54,123.99,124.01,831368.0
2019-05-02,124.2,124.7,123.22,124.12,668681.0
2019-05-03,124.39,125.41,124.14,125.22,560397.0
2019-05-06,125.33,125.67,124.62,125.08,579229.0
2019-05-07,125.04,125.59,124.15,124.57,614574.0
2019-05-08,124.42,124.72,122.71,123.03,615742.0
2019-05-09,123.42,123.79,122.55,123.6,692332.0
2019-05-10,123.65,126.05,123.44,125.98,665922.0
2019-05-13,125.71,127.72,125.71,127.41,738804.0
2019-05-14,127.06,127.44,125.79,126.13,970375.0
2019-05-15,126.32,126.5,125.54,125.68,649072.0
2019-05-16,125.58,127.0,125.3,126.76,479276.0
2019-05-17,126.12,127.89,126.04,127.45,607670.0
2019-05-20,127.89,128.28,126.88,127.38,603987.0
2019-05-21,127.44,128.41,127.1,127.21,540016.0
2019-05-22,127.56,128.39,127.03,128.29,501143.0
2019-05-23,128.45,129.35,128.37,129.33,670312.0
2019-05-24,129.41,129.99,128.75,128.79,493979.0
2019-05-28,129.05,129.05,125.77,125.86,1145639.0
2019-05-29,126.24,126.48,124.31,124.74,840985.0
2019-05-30,124.85,125.33,123.76,124.22,822711.0
2019-05-31,124.41,125.74,123.91,125.47,850195.0
2019-06-03,125.89,126.9,124.86,126.84,902016.0
2019-06-04,126.56,126.68,123.91,126.39,773549.0
2019-06-05,127.0,129.7,126.5,129.13,806695.0
2019-06-06,129.39,129.98,128.75,129.57,688372.0
2019-06-07,130.18,131.24,128.4,128.58,636058.0
2019-06-10,128.66,128.67,127.36,128.23,600951.0
2019-06-11,128.0,128.58,126.94,127.62,603892.0
2019-06-12,128.19,129.45,128.16,129.15,490621.0
2019-06-13,129.37,129.64,128.32,128.87,898199.0
2019-06-14,128.42,129.89,128.11,129.54,724899.0
2019-06-17,129.71,130.27,128.6,129.74,1091431.0
2019-06-18,130.0,130.31,128.12,128.97,1340525.0
2019-06-19,128.37,130.91,128.33,130.47,726064.0
2019-06-20,130.61,131.41,129.93,131.18,585961.0
2019-06-21,131.17,131.46,129.58,131.11,1421737.0
2019-06-24,131.61,131.68,130.72,131.59,769332.0
2019-06-25,131.82,131.87,129.89,130.22,870737.0
2019-06-26,129.89,130.33,127.42,127.47,669524.0
2019-06-27,127.74,128.14,126.97,127.56,592549.0
2019-06-28,127.3,128.5,127.13,127.88,1117020.0
2019-07-01,127.95,128.31,126.18,128.28,903363.0
2019-07-02,128.61,129.95,128.61,129.84,828901.0
2019-07-03,130.32,131.58,130.31,131.09,457094.0
2019-07-05,130.1,131.03,128.6,130.87,535085.0
2019-07-08,131.07,131.44,130.1,131.03,727607.0
2019-07-09,130.89,131.39,130.16,131.22,974669.0
2019-07-10,131.38,131.94,130.87,131.56,643690.0
2019-07-11,131.56,132.09,130.38,131.62,673772.0
2019-07-12,131.88,131.88,130.12,130.4,571613.0
2019-07-15,130.23,131.0,129.52,129.99,1149579.0
2019-07-16,129.58,130.29,128.59,129.55,731482.0
2019-07-17,130.08,130.66,129.78,130.08,694737.0
2019-07-18,130.28,131.4,129.13,131.36,804413.0
2019-07-19,131.11,131.3,128.73,128.79,662440.0
2019-07-22,128.8,129.14,127.46,128.61,612203.0
2019-07-23,128.56,128.71,127.25,128.17,938085.0
2019-07-24,128.8,128.8,126.9,127.71,1037673.0
2019-07-25,127.59,128.99,127.22,128.06,757247.0
2019-07-26,128.0,129.43,127.71,129.37,930783.0
2019-07-29,130.0,130.0,127.83,128.98,1145798.0
2019-07-30,129.08,129.7,127.25,127.95,775993.0
2019-07-31,127.9,128.6,126.44,127.11,994669.0
2019-08-01,127.0,129.73,126.46,129.05,809642.0
2019-08-02,129.38,130.45,128.44,128.66,773271.0
2019-08-05,128.55,129.57,126.29,126.92,929129.0
2019-08-06,127.0,128.45,124.93,127.82,946933.0
2019-08-07,127.83,129.04,126.14,128.18,829746.0
2019-08-08,128.25,129.74,126.59,129.29,952863.0
2019-08-09,129.67,130.19,129.01,129.37,819161.0
2019-08-12,129.59,129.59,127.72,128.07,630439.0
2019-08-13,127.58,128.97,127.25,128.23,867961.0
2019-08-14,128.82,129.0,125.9,126.16,1081036.0
2019-08-15,125.87,129.14,125.87,128.66,843757.0
2019-08-16,128.99,129.48,128.35,129.29,921284.0
2019-08-19,129.34,131.23,128.89,130.79,1439436.0
2019-08-20,130.94,130.94,129.16,129.57,1182572.0
2019-08-21,129.43,130.63,129.01,130.51,822171.0
2019-08-22,130.7,131.17,129.41,130.25,838472.0
2019-08-23,130.61,130.98,127.91,128.39,1143487.0
2019-08-26,129.16,130.19,128.47,130.15,879161.0
2019-08-27,130.89,131.73,130.33,130.4,1099284.0
2019-08-28,130.64,130.73,129.15,129.53,742630.0
2019-08-29,130.1,130.3,129.12,129.98,613661.0
2019-08-30,130.58,130.6,129.37,129.66,964946.0
2019-09-03,129.63,131.9,129.29,131.88,1026001.0
2019-09-04,131.99,132.5,130.95,132.06,1125759.0
2019-09-05,131.41,131.65,129.67,129.91,1518701.0
2019-09-06,130.16,130.49,127.94,128.88,1091172.0
2019-09-09,128.88,128.88,127.16,127.97,986553.0
2019-09-10,128.0,129.07,127.17,128.57,1189314.0
2019-09-11,128.21,129.64,127.69,129.25,795023.0
2019-09-12,130.0,130.87,128.27,129.23,2471890.0
2019-09-13,127.71,129.17,127.21,128.43,900129.0
2019-09-16,128.83,130.12,127.66,130.05,1187808.0
2019-09-17,130.14,132.02,130.02,130.72,1967524.0
2019-09-18,131.13,131.71,130.11,131.63,865802.0
2019-09-19,132.0,132.19,131.23,131.87,774399.0
2019-09-20,132.03,132.78,131.44,132.29,1644230.0
2019-09-23,132.18,132.79,131.12,131.49,2096815.0
2019-09-24,131.93,134.02,131.62,133.68,1067335.0
2019-09-25,133.47,134.01,133.01,133.8,1341075.0
2019-09-26,134.12,134.37,132.93,133.44,1269600.0
2019-09-27,133.45,133.66,131.62,132.49,750458.0
2019-09-30,132.71,133.25,132.28,132.96,940265.0
2019-10-01,132.61,133.39,132.46,133.19,912385.0
2019-10-02,132.92,133.24,130.78,131.22,1174575.0
2019-10-03,131.27,131.59,130.01,130.61,1883766.0
2019-10-04,130.77,132.47,130.39,132.24,1275636.0
2019-10-07,133.0,133.11,132.04,132.45,1000935.0
2019-10-08,131.99,132.35,129.94,130.18,1314015.0
2019-10-09,130.52,130.84,129.27,129.86,1187696.0
2019-10-10,129.47,130.41,128.61,130.29,1110441.0
2019-10-11,130.0,130.74,129.19,129.89,1102279.0
2019-10-14,129.95,129.95,128.02,128.11,641259.0
2019-10-15,128.11,129.53,128.01,129.03,1425687.0
2019-10-16,128.97,129.41,128.31,129.26,908638.0
2019-10-17,129.22,129.75,128.82,129.48,892071.0
2019-10-18,128.18,128.18,125.7,127.34,2473753.0
2019-10-21,127.82,129.25,127.37,129.2,1063029.0
2019-10-22,129.67,129.75,128.68,128.98,997887.0
2019-10-23,128.68,129.59,128.45,129.32,943005.0
2019-10-24,129.42,129.72,128.89,129.11,818788.0
2019-10-25,129.44,129.47,127.39,128.21,1510404.0
2019-10-28,128.07,128.62,125.59,125.68,1391722.0
2019-10-29,124.0,126.82,123.41,126.59,2898303.0
2019-10-30,127.8,128.91,126.2,127.0,5256111.0
2019-10-31,127.16,127.72,126.53,127.32,1854868.0
2019-11-01,127.52,127.93,126.4,127.0,1701678.0
2019-11-04,126.73,127.5,124.83,125.06,1584248.0
2019-11-05,124.61,125.13,123.67,123.71,1417580.0
2019-11-06,123.9,124.87,123.64,123.9,1004025.0
2019-11-07,123.33,123.71,121.0,121.78,1492149.0
2019-11-08,121.42,122.8,120.16,120.49,1420611.0
2019-11-11,120.66,121.21,120.31,120.71,1078580.0
2019-11-12,120.71,120.99,120.08,120.57,1211982.0
2019-11-13,120.64,123.02,120.64,122.62,1131597.0
2019-11-14,122.81,123.94,122.62,123.71,1238202.0
2019-11-15,123.59,123.91,123.04,123.84,1059619.0
2019-11-18,124.0,124.93,123.21,123.5,1487371.0
2019-11-19,123.2,123.86,122.3,123.63,1116367.0
2019-11-20,123.77,124.33,123.38,124.1,737573.0
2019-11-21,123.92,124.26,122.98,123.37,973383.0
2019-11-22,123.38,124.13,122.52,123.44,810353.0
2019-11-25,123.79,124.33,123.2,124.08,2182243.0
2019-11-26,124.06,124.57,123.65,124.25,1792168.0
2019-11-27,124.26,125.06,123.78,124.97,885814.0
2019-11-29,125.03,125.63,124.39,124.94,683154.0
2019-12-02,124.35,124.91,123.36,123.38,1280621.0
2019-12-03,123.74,124.2,123.27,124.01,946388.0
2019-12-04,123.61,125.57,123.61,125.26,1236287.0
2019-12-05,125.08,125.66,124.71,125.36,901526.0
2019-12-06,125.17,125.86,124.77,125.23,813467.0
2019-12-09,125.28,125.72,124.86,125.3,897081.0
2019-12-10,124.8,125.6,124.44,124.92,809892.0
2019-12-11,124.79,125.43,124.43,125.34,925423.0
2019-12-12,125.28,125.64,124.37,124.93,938709.0
2019-12-13,123.88,125.09,123.13,124.86,846324.0
2019-12-16,125.98,127.54,125.57,127.48,1421897.0
2019-12-17,127.19,129.26,127.19,128.67,2211540.0
2019-12-18,128.98,129.56,128.13,129.3,1432099.0
2019-12-19,129.4,130.25,128.86,129.66,1504587.0
2019-12-20,130.33,130.7,129.43,129.86,3450029.0
2019-12-23,130.05,130.25,128.23,128.76,871092.0
2019-12-24,128.71,128.79,127.94,128.16,340143.0
2019-12-26,128.33,128.64,127.87,128.55,602304.0
2019-12-27,128.5,128.91,128.12,128.88,695248.0
2019-12-30,128.65,129.04,128.17,129.02,1364416.0
2019-12-31,129.27,129.96,129.12,129.87,837803.0
2020-01-02,130.0,130.0,127.75,128.7,933617.0
2020-01-03,128.42,129.66,128.4,129.01,1163926.0
2020-01-06,128.96,129.43,128.12,128.98,956202.0
2020-01-07,129.09,129.09,127.62,128.55,735847.0
2020-01-08,128.79,128.99,128.21,128.48,716087.0
2020-01-09,128.33,129.05,128.33,128.66,807500.0
2020-01-10,129.0,129.44,128.76,128.94,1214429.0
2020-01-13,129.24,130.11,129.17,129.59,1010757.0
2020-01-14,129.65,130.28,128.81,130.26,1179942.0
2020-01-15,130.72,132.29,130.65,131.99,907879.0
2020-01-16,132.23,132.99,132.08,132.92,641830.0
2020-01-17,133.0,133.97,132.56,133.83,1015359.0
2020-01-21,133.93,134.44,133.05,133.93,1284081.0
2020-01-22,134.05,134.72,132.58,132.62,1421843.0
2020-01-23,132.59,134.12,132.35,133.9,1117386.0
2020-01-24,133.71,134.31,132.22,132.76,1248934.0
2020-01-27,132.92,133.65,131.72,132.29,938066.0
2020-01-28,132.33,133.58,132.15,132.46,812760.0
2020-01-29,132.46,132.87,131.94,131.95,1029471.0
2020-01-30,131.97,133.29,131.41,133.15,1459008.0
2020-01-31,133.08,133.58,132.1,132.61,1234580.0
2020-02-03,132.94,133.8,132.7,133.78,962288.0
2020-02-04,133.63,134.31,133.1,133.1,1405802.0
2020-02-05,134.0,134.81,132.99,134.45,1510689.0
2020-02-06,134.91,135.51,133.93,134.21,1238657.0
2020-02-07,134.49,134.81,133.52,133.61,850052.0
2020-02-10,133.73,133.81,132.92,133.46,805759.0
2020-02-11,133.69,134.27,133.28,134.02,819054.0
2020-02-12,133.81,134.41,133.4,133.75,858119.0
2020-02-13,133.67,134.11,133.07,133.55,1733326.0
2020-02-14,133.78,134.49,133.36,134.02,1624965.0
2020-02-18,134.54,135.35,134.28,134.65,1269308.0
2020-02-19,134.28,134.93,134.02,134.07,941416.0
2020-02-20,134.02,134.26,132.92,133.95,1117013.0
2020-02-21,133.99,135.67,133.84,134.96,1715497.0
2020-02-24,134.63,135.66,132.78,132.86,2082111.0
2020-02-25,132.83,133.27,128.08,128.12,1444554.0
2020-02-26,128.37,129.04,124.68,124.73,1499983.0
2020-02-27,124.02,124.38,117.93,118.01,2247914.0
2020-02-28,116.31,116.31,110.2,111.67,2907750.0
2020-03-02,113.07,116.86,111.4,116.64,2516963.0
2020-03-03,116.66,119.49,112.06,113.02,3049485.0
2020-03-04,114.39,119.35,114.05,119.31,1838169.0
2020-03-05,117.31,117.79,114.7,116.26,2002467.0
2020-03-06,112.9,116.62,110.57,116.12,2678147.0
2020-03-09,109.5,109.5,101.68,102.53,3072410.0
2020-03-10,104.51,108.14,100.86,108.01,3275239.0
2020-03-11,106.0,106.66,102.6,104.11,3071224.0
2020-03-12,95.97,99.19,87.45,91.18,2625373.0
2020-03-13,95.17,96.44,89.58,96.44,2238632.0
2020-03-16,81.0,91.61,79.92,83.03,2782120.0
2020-03-17,85.17,89.61,83.26,88.38,3017382.0
2020-03-18,83.84,83.84,71.21,77.0,2669866.0
2020-03-19,76.9,86.25,73.82,85.41,2920404.0
2020-03-20,86.61,87.67,81.19,83.0,4536880.0
2020-03-23,81.36,84.77,74.57,76.81,2192925.0
2020-03-24,80.51,87.17,79.14,86.52,2128319.0
2020-03-25,85.89,96.71,84.0,92.48,2268199.0
2020-03-26,91.69,99.08,91.05,97.98,1607361.0
2020-03-27,94.77,100.55,91.28,97.53,1704087.0
2020-03-30,98.41,100.26,96.0,99.43,1480068.0
2020-03-31,98.14,99.23,94.91,94.97,1918496.0
2020-04-01,92.02,92.02,85.53,88.08,2145341.0
2020-04-02,87.07,91.98,86.75,89.17,1636334.0
2020-04-03,87.82,89.37,86.26,87.13,1815619.0
2020-04-06,91.46,97.13,90.93,96.04,1103089.0
2020-04-07,99.78,101.49,97.34,97.45,1285138.0
2020-04-08,97.86,104.71,97.13,103.84,1357121.0
2020-04-09,104.94,113.3,104.94,111.25,2435077.0
2020-04-13,109.98,110.31,107.2,108.64,1149931.0
2020-04-14,110.46,111.23,106.78,108.34,1139051.0
2020-04-15,105.24,105.68,102.68,104.8,1208912.0
2020-04-16,105.74,107.36,101.51,101.57,1265569.0
2020-04-17,103.89,106.65,102.27,105.85,1186602.0
2020-04-20,103.2,104.09,99.55,100.76,1088516.0
2020-04-21,98.52,100.28,98.16,99.14,1253620.0
2020-04-22,101.3,103.17,99.67,102.36,975401.0
2020-04-23,102.45,104.23,100.79,101.01,1082107.0
2020-04-24,102.05,103.54,100.8,103.02,936857.0
2020-04-27,104.32,104.56,102.12,102.68,908978.0
2020-04-28,105.76,106.72,102.69,106.32,1512317.0
2020-04-29,108.41,110.06,106.73,107.29,1364642.0
2020-04-30,106.08,106.3,103.1,103.74,1218884.0
2020-05-01,102.27,102.27,99.82,100.68,1053246.0
2020-05-04,100.21,100.94,98.35,100.83,931716.0
2020-05-05,101.59,103.37,101.01,102.41,1356697.0
2020-05-06,102.48,102.73,99.69,100.51,1731470.0
2020-05-07,101.72,102.95,98.48,98.72,1340571.0
2020-05-08,100.0,101.69,99.65,101.26,1018752.0
2020-05-11,100.56,100.56,97.43,98.73,1047389.0
2020-05-12,99.0,99.69,97.78,99.26,1410632.0
2020-05-13,98.53,98.53,95.0,95.96,1870782.0
2020-05-14,94.7,98.09,92.39,98.0,1501581.0
2020-05-15,97.13,97.41,95.1,97.35,2760760.0
2020-05-18,101.24,104.2,100.64,103.24,1367074.0
2020-05-19,102.53,104.14,101.86,102.86,1404592.0
2020-05-20,104.24,104.86,102.69,103.25,1400108.0
2020-05-21,102.69,103.58,100.82,101.04,1196678.0
2020-05-22,101.06,102.18,100.87,102.12,803840.0
2020-05-26,104.9,106.77,104.35,105.35,1080188.0
2020-05-27,107.93,108.43,104.79,106.5,1244039.0
2020-05-28,108.45,108.73,107.34,107.76,1092606.0
2020-05-29,106.83,108.65,105.41,107.57,2275159.0
2020-06-01,107.58,109.54,107.3,108.42,915553.0
2020-06-02,109.21,110.97,108.66,110.41,1135951.0
2020-06-03,111.56,113.76,111.29,113.04,783987.0
2020-06-04,112.32,112.47,109.32,111.13,952334.0
2020-06-05,115.24,117.41,114.73,114.87,1124669.0
2020-06-08,115.17,117.91,115.17,117.41,1219822.0
2020-06-09,115.94,115.94,113.0,115.0,1380292.0
2020-06-10,114.08,114.77,112.24,112.94,1377498.0
2020-06-11,108.72,109.5,104.01,105.0,1454692.0
2020-06-12,107.02,107.44,103.13,105.07,1069875.0
2020-06-15,102.9,106.76,102.19,106.02,1194984.0
2020-06-16,109.21,110.86,107.33,107.98,1035886.0
2020-06-17,108.41,108.9,106.47,107.18,759469.0
2020-06-18,106.25,107.78,105.8,107.73,767951.0
2020-06-19,110.18,110.18,103.5,103.76,3198057.0
2020-06-22,103.54,107.35,102.77,106.75,1310602.0
2020-06-23,107.84,107.99,105.96,107.26,1834496.0
2020-06-24,105.83,105.93,102.84,105.27,1733598.0
2020-06-25,104.8,105.07,103.48,104.92,1160701.0
2020-06-26,104.79,105.69,103.35,104.12,2398438.0
2020-06-29,105.0,106.57,103.69,106.56,819924.0
2020-06-30,106.07,107.99,105.59,107.5,2290930.0
2020-07-01,107.47,110.77,107.15,110.0,995644.0
2020-07-02,111.0,111.66,109.27,109.97,837302.0
2020-07-06,110.91,111.85,107.95,108.43,1038031.0
2020-07-07,106.95,107.52,105.79,107.09,1388040.0
2020-07-08,107.05,108.48,106.63,107.9,1153713.0
2020-07-09,107.42,107.59,104.2,106.67,971486.0
2020-07-10,106.3,107.98,106.06,107.51,903168.0
2020-07-13,107.51,109.05,107.04,108.51,1134293.0
2020-07-14,108.63,109.64,107.61,108.78,919584.0
2020-07-15,110.22,111.25,109.01,109.2,1208596.0
2020-07-16,108.99,110.0,108.72,109.7,1554450.0
2020-07-17,110.08,112.34,110.08,111.51,1187450.0
2020-07-20,111.18,111.18,108.82,109.21,1038127.0
2020-07-21,108.54,111.34,108.54,111.11,1613365.0
2020-07-22,110.77,115.18,109.92,114.45,1086673.0
2020-07-23,114.21,115.07,113.85,114.95,1329362.0
2020-07-24,115.4,116.02,114.27,114.57,1520512.0
2020-07-27,114.37,114.94,113.28,114.01,1033508.0
2020-07-28,112.14,116.48,111.01,114.63,1763871.0
2020-07-29,114.97,115.46,113.46,115.22,1107432.0
2020-07-30,114.01,114.99,113.4,114.7,923988.0
2020-07-31,114.48,115.88,113.6,115.63,1032299.0
2020-08-03,115.31,115.82,113.68,113.87,821515.0
2020-08-04,113.68,116.07,113.32,115.64,1023756.0
2020-08-05,116.18,116.48,115.21,115.5,1146774.0
2020-08-06,115.36,117.41,114.84,116.94,834294.0
2020-08-07,115.9,119.47,115.9,118.86,1101761.0
2020-08-10,119.4,121.06,119.05,120.23,888081.0
2020-08-11,120.94,121.47,117.27,117.39,749835.0
2020-08-12,118.22,119.49,117.76,118.81,615243.0
2020-08-13,118.07,118.94,117.35,118.16,552529.0
2020-08-14,118.14,119.06,116.85,117.71,462550.0
2020-08-17,117.71,118.36,116.75,117.04,1148544.0
2020-08-18,117.0,117.68,116.12,116.53,815299.0
2020-08-19,117.25,117.42,115.87,117.02,719127.0
2020-08-20,116.34,116.82,115.18,115.46,777909.0
2020-08-21,115.91,116.11,114.82,115.83,1179739.0
2020-08-24,116.12,118.15,115.58,117.97,719666.0
2020-08-25,118.25,118.25,116.33,117.0,563979.0
2020-08-26,116.33,116.92,115.19,115.74,912677.0
2020-08-27,116.64,117.82,116.27,117.02,845657.0
2020-08-28,117.41,118.22,116.42,117.86,555276.0
2020-08-31,118.0,119.08,117.83,118.67,1004371.0
2020-09-01,118.05,118.6,116.94,117.79,905025.0
2020-09-02,117.79,121.06,117.3,120.46,1071491.0
2020-09-03,121.01,121.9,118.12,119.12,952975.0
2020-09-04,119.59,120.08,117.31,118.81,802465.0
2020-09-08,119.22,119.74,116.69,118.08,1101163.0
2020-09-09,119.1,121.43,118.62,119.71,713542.0
2020-09-10,119.26,119.93,117.8,117.92,718740.0
2020-09-11,118.19,118.82,117.35,118.44,616169.0
2020-09-14,119.0,121.26,118.68,120.38,621009.0
2020-09-15,120.61,121.45,117.78,118.56,1422903.0
2020-09-16,118.61,120.82,118.0,119.04,2717609.0
2020-09-17,118.65,118.86,115.85,116.86,1245797.0
2020-09-18,114.82,115.65,111.79,112.03,2000059.0
2020-09-21,110.46,112.04,109.65,111.3,1033190.0
2020-09-22,111.48,112.93,111.24,112.01,873070.0
2020-09-23,112.43,112.66,111.51,111.9,1162128.0
2020-09-24,111.97,114.67,110.67,112.99,672547.0
2020-09-25,112.05,114.96,111.79,114.72,716363.0
2020-09-28,115.56,115.79,114.36,114.81,875125.0
2020-09-29,115.09,115.66,113.7,114.4,839318.0
2020-09-30,115.08,116.19,114.29,115.04,836306.0
2020-10-01,114.84,115.62,112.54,113.44,1242713.0
2020-10-02,112.45,114.86,111.54,114.16,1997710.0
2020-10-05,114.48,115.25,113.49,114.51,888138.0
2020-10-06,114.89,117.63,114.45,115.4,1022367.0
2020-10-07,116.1,116.64,113.86,114.51,1523812.0
2020-10-08,118.99,122.93,118.67,121.87,2758665.0
2020-10-09,122.44,122.53,119.57,120.29,846439.0
2020-10-12,120.22,121.06,119.59,120.78,612560.0
2020-10-13,119.85,120.7,118.25,119.07,1021970.0
2020-10-14,119.68,120.44,117.95,119.4,929848.0
2020-10-15,117.89,118.78,117.5,117.94,1464523.0
2020-10-16,118.04,120.12,117.66,119.3,1678639.0
2020-10-19,119.11,119.79,117.74,118.17,1603556.0
2020-10-20,119.64,122.29,119.64,121.34,1082212.0
2020-10-21,121.03,123.25,120.73,121.46,1067064.0
2020-10-22,120.99,123.24,120.41,123.03,690912.0
2020-10-23,124.46,125.61,123.75,125.15,962554.0
2020-10-26,123.87,125.22,122.87,124.24,1196041.0
2020-10-27,125.56,130.89,125.05,127.17,2352209.0
2020-10-28,124.14,126.41,121.91,122.15,1876529.0
2020-10-29,121.66,125.35,120.16,123.47,906036.0
2020-10-30,122.75,123.53,120.91,123.42,1100519.0
2020-11-02,124.87,126.0,123.18,125.7,897505.0
2020-11-03,127.42,128.13,125.48,126.46,784217.0
2020-11-04,126.07,129.07,124.55,125.17,929644.0
2020-11-05,126.25,128.53,125.04,125.13,720583.0
2020-11-06,125.23,125.46,122.82,123.86,1238816.0
2020-11-09,128.19,131.5,127.96,128.81,1230505.0
2020-11-10,129.15,132.62,128.95,132.0,1101534.0
2020-11-11,132.6,132.6,129.63,130.06,1511299.0
2020-11-12,129.79,129.79,125.94,128.5,1741777.0
2020-11-13,129.09,131.46,128.9,130.7,1188241.0
2020-11-16,133.0,135.28,132.71,135.2,1950098.0
2020-11-17,133.91,135.6,132.77,132.84,1331895.0
2020-11-18,133.33,133.33,130.14,130.2,1128369.0
2020-11-19,130.5,131.06,128.2,129.66,2108639.0
2020-11-20,130.16,130.67,129.34,129.86,1759928.0
2020-11-23,130.22,130.98,129.86,130.41,1279385.0
2020-11-24,131.64,131.92,130.85,131.71,1433180.0
2020-11-25,131.42,132.34,129.92,132.24,1389333.0
2020-11-27,132.36,132.44,128.28,128.53,526913.0
2020-11-30,128.6,129.14,125.43,125.81,2370473.0
2020-12-01,127.0,128.19,126.19,126.24,1166157.0
2020-12-02,125.81,128.85,124.25,128.75,1619227.0
2020-12-03,127.96,128.63,126.22,126.83,1137606.0
2020-12-04,126.61,127.55,125.06,125.93,671377.0
2020-12-07,125.32,126.59,124.51,124.85,835176.0
2020-12-08,124.23,124.91,123.13,124.63,749810.0
2020-12-09,124.75,125.49,124.38,124.98,800568.0
2020-12-10,124.91,125.33,123.33,124.22,856885.0
2020-12-11,123.51,125.38,123.51,125.07,1113746.0
2020-12-14,125.93,126.79,123.22,123.52,961370.0
2020-12-15,123.62,125.08,123.0,124.8,1057688.0
2020-12-16,125.26,125.39,123.28,123.55,1037956.0
2020-12-17,124.37,124.99,123.33,123.55,876353.0
2020-12-18,123.52,123.75,120.74,121.7,2555558.0
2020-12-21,120.29,120.7,116.86,118.34,1319380.0
2020-12-22,118.28,119.18,117.7,118.92,925605.0
2020-12-23,119.87,121.0,118.54,118.58,710623.0
2020-12-24,118.59,119.93,118.11,119.72,353245.0
2020-12-28,120.65,120.91,118.8,119.23,594173.0
2020-12-29,119.58,120.28,118.93,119.24,527293.0
2020-12-30,118.73,120.05,118.73,119.66,442273.0
2020-12-31,119.73,121.53,119.22,121.41,553433.0
2021-01-04,121.71,121.92,118.91,119.39,839810.0
2021-01-05,119.83,120.46,118.33,119.58,816169.0
2021-01-06,121.02,122.2,120.3,121.72,640496.0
2021-01-07,121.91,122.15,118.64,118.76,1079648.0
2021-01-08,118.78,119.24,117.07,118.19,860924.0
2021-01-11,118.01,118.93,117.09,117.98,726495.0
2021-01-12,117.3,119.86,115.98,119.26,1236587.0
2021-01-13,119.38,122.09,118.99,121.83,1018328.0
2021-01-14,121.89,122.75,121.28,121.7,944039.0
2021-01-15,122.18,123.85,121.25,123.52,1670217.0
2021-01-19,124.58,124.58,120.67,120.88,865476.0
2021-01-20,120.33,122.44,120.12,122.25,1027314.0
2021-01-21,122.02,122.85,121.55,122.53,795947.0
2021-01-22,121.92,122.25,119.82,121.91,964284.0
2021-01-25,120.77,124.22,120.77,123.45,674231.0
2021-01-26,123.79,123.9,122.25,122.79,976442.0
2021-01-27,121.34,122.82,120.41,120.71,1287761.0
2021-01-28,120.84,123.04,120.72,121.1,669934.0
2021-01-29,120.56,121.03,118.25,118.72,984199.0
2021-02-01,118.86,120.22,117.79,119.56,701280.0
2021-02-02,120.08,121.86,119.53,119.72,581789.0
2021-02-03,119.31,119.78,117.91,118.42,767004.0
2021-02-04,118.42,120.05,118.21,119.7,830811.0
2021-02-05,120.7,122.57,119.85,121.72,1056744.0
2021-02-08,121.93,122.4,120.17,121.0,826454.0
2021-02-09,121.07,121.51,120.41,121.33,451522.0
2021-02-10,122.14,122.68,121.18,122.16,485478.0
2021-02-11,121.75,122.64,121.6,121.99,992624.0
2021-02-12,121.76,122.19,120.52,120.94,743610.0
2021-02-16,120.83,121.25,119.86,120.6,944269.0
2021-02-17,121.12,121.12,119.45,120.15,1197104.0
2021-02-18,120.6,120.79,119.85,120.0,1336427.0
2021-02-19,120.77,121.89,120.18,120.18,1446846.0
2021-02-22,119.97,122.33,119.48,122.15,1271576.0
2021-02-23,122.84,126.65,122.81,125.62,2170277.0
2021-02-24,125.65,126.75,123.83,123.9,1524995.0
2021-02-25,123.14,124.17,120.91,121.24,676548.0
2021-02-26,121.45,121.45,117.67,117.72,1705109.0
2021-03-01,118.43,119.8,118.43,119.1,986918.0
2021-03-02,119.31,119.49,117.81,117.97,870613.0
2021-03-03,117.52,118.3,115.68,117.8,690906.0
2021-03-04,118.24,121.7,117.54,120.07,1481098.0
2021-03-05,120.61,123.81,120.45,123.16,871217.0
2021-03-08,122.8,125.19,121.67,124.74,1035486.0
2021-03-09,124.74,125.75,124.19,124.63,683192.0
2021-03-10,124.22,126.69,124.17,126.23,553693.0
2021-03-11,125.6,127.28,125.3,125.9,732082.0
2021-03-12,125.68,127.5,125.22,127.36,645020.0
2021-03-15,127.36,131.03,127.36,131.0,1184141.0
2021-03-16,129.9,131.0,129.17,129.89,843162.0
2021-03-17,130.25,130.82,129.19,129.53,956736.0
2021-03-18,129.64,130.49,128.48,129.99,716619.0
2021-03-19,130.18,131.4,128.7,129.93,2171622.0
2021-03-22,128.93,129.31,126.54,127.66,896312.0
2021-03-23,127.54,129.44,127.24,128.78,742438.0
2021-03-24,128.29,131.18,128.16,130.53,1143453.0
2021-03-25,131.12,133.54,130.51,132.7,946666.0
2021-03-26,132.73,133.92,132.07,133.24,587161.0
2021-03-29,132.95,135.11,132.85,134.02,667024.0
2021-03-30,133.37,134.0,132.04,133.53,471290.0
2021-03-31,133.4,133.53,132.25,133.14,1375498.0
2021-04-01,132.84,133.07,131.62,133.03,736959.0
2021-04-05,133.3,135.49,133.16,134.42,702233.0
2021-04-06,134.04,135.45,133.11,135.13,436914.0
2021-04-07,135.41,136.09,134.67,135.7,789974.0
2021-04-08,136.15,136.15,134.85,134.95,611336.0
2021-04-09,135.23,135.95,135.0,135.46,612202.0
2021-04-12,136.07,137.14,135.42,135.63,556884.0
2021-04-13,135.03,137.97,134.83,137.63,626048.0
2021-04-14,137.95,138.83,137.08,138.72,861724.0
2021-04-15,138.15,139.56,138.15,139.48,1056888.0
2021-04-16,140.21,141.49,139.88,140.68,779362.0
2021-04-19,139.75,140.35,138.92,139.7,969591.0
2021-04-20,140.51,141.98,140.3,141.67,876282.0
2021-04-21,141.53,141.84,139.9,140.14,905114.0
2021-04-22,140.1,140.28,138.0,138.16,1107490.0
2021-04-23,137.89,138.78,137.35,137.83,1142959.0
2021-04-26,138.07,138.07,136.55,137.53,705086.0
2021-04-27,136.62,139.26,136.22,136.25,889419.0
2021-04-28,135.64,136.84,135.08,136.58,643075.0
2021-04-29,137.24,139.57,137.09,139.56,915102.0
2021-04-30,139.89,140.17,139.07,140.02,711453.0
2021-05-03,139.28,141.95,139.1,140.44,1266125.0
2021-05-04,140.32,141.25,139.43,140.63,836614.0
2021-05-05,141.01,141.01,137.47,138.88,689215.0
2021-05-06,139.67,141.55,139.22,141.3,743542.0
2021-05-07,140.59,142.83,140.59,141.69,654153.0
2021-05-10,142.41,145.43,142.41,144.15,929949.0
2021-05-11,144.35,144.62,140.94,142.23,675888.0
2021-05-12,142.45,142.83,138.48,138.6,837115.0
2021-05-13,138.74,141.42,138.5,140.26,908472.0
2021-05-14,140.6,142.71,140.6,141.12,714714.0
2021-05-17,141.73,142.59,140.54,140.77,479885.0
2021-05-18,140.72,141.0,137.61,137.84,1536145.0
2021-05-19,137.44,138.98,136.16,138.8,1352152.0
2021-05-20,139.25,141.17,138.88,140.36,904109.0
2021-05-21,140.42,141.72,139.11,140.67,1985508.0
2021-05-24,141.45,142.88,141.33,142.17,859828.0
2021-05-25,141.49,141.9,138.73,138.77,1078917.0
2021-05-26,138.92,139.59,137.82,137.83,1345218.0
2021-05-27,138.42,138.61,137.59,137.94,1399729.0
2021-05-28,138.58,138.93,137.77,137.99,744033.0
2021-06-01,138.68,138.8,137.14,138.07,626118.0
2021-06-02,138.72,138.72,137.17,137.44,730607.0
2021-06-03,137.04,138.23,136.55,137.66,875152.0
2021-06-04,138.18,138.45,137.31,137.34,836469.0
2021-06-07,137.59,138.49,137.44,137.85,710692.0
2021-06-08,138.03,138.13,136.53,137.48,963365.0
2021-06-09,137.58,139.91,137.15,138.99,1307503.0
2021-06-10,139.57,139.57,138.07,138.16,1152669.0
2021-06-11,138.0,138.68,136.6,138.63,833418.0
2021-06-14,138.87,139.08,137.53,138.38,838542.0
2021-06-15,138.37,138.62,136.89,137.63,1206255.0
2021-06-16,138.02,138.25,135.01,135.57,1562922.0
2021-06-17,135.26,136.07,134.28,134.51,967105.0
2021-06-18,132.25,133.97,131.74,131.84,1651780.0
2021-06-21,132.01,133.27,131.43,132.91,962382.0
2021-06-22,132.91,132.95,131.61,131.75,776411.0
2021-06-23,131.75,131.75,130.29,130.56,1016166.0
2021-06-24,130.56,130.86,129.34,130.23,828056.0
2021-06-25,130.0,131.32,129.57,131.27,1065079.0
2021-06-28,131.55,131.99,130.54,131.0,1120863.0
2021-06-29,130.44,130.99,129.12,129.49,1329054.0
2021-06-30,129.49,130.12,128.86,129.6,1309157.0
2021-07-01,111.3,112.18,110.56,111.88,2696180.0
2021-07-02,111.65,111.99,110.64,111.74,1480977.0
2021-07-06,112.7,113.18,111.23,112.3,2023915.0
2021-07-07,111.9,114.01,111.75,113.96,1875125.0
2021-07-08,113.4,114.84,113.0,114.23,1720819.0
2021-07-09,114.67,115.68,114.08,115.6,1127498.0
2021-07-12,115.22,116.16,114.84,116.0,1147717.0
2021-07-13,116.21,116.42,114.71,114.9,834448.0
2021-07-14,115.0,115.8,114.56,114.9,1363839.0
2021-07-15,114.77,116.14,114.77,115.79,1943341.0
2021-07-16,115.81,117.36,115.61,117.05,929286.0
2021-07-19,116.55,117.18,112.51,113.9,1376424.0
2021-07-20,114.15,116.37,114.03,116.12,1137784.0
2021-07-21,116.57,117.19,115.0,115.04,993345.0
2021-07-22,115.03,115.52,114.81,114.88,680766.0
2021-07-23,114.97,116.6,114.64,116.36,1134159.0
2021-07-26,116.1,116.44,114.75,115.88,1226624.0
2021-07-27,116.1,119.27,115.46,118.7,1724704.0
2021-07-28,118.57,118.72,115.96,117.69,977131.0
2021-07-29,118.06,118.89,117.43,118.13,983642.0
2021-07-30,117.91,118.66,116.95,117.32,643007.0
2021-08-02,117.82,118.69,117.28,117.6,924425.0
2021-08-03,117.78,118.4,117.21,118.13,787806.0
2021-08-04,117.6,117.93,116.4,117.79,728418.0
2021-08-05,118.36,119.37,117.92,119.33,656432.0
2021-08-06,119.51,120.64,118.77,119.58,733178.0
2021-08-09,119.32,120.07,119.13,119.9,802623.0
2021-08-10,119.91,120.82,119.37,120.0,806192.0
2021-08-11,120.17,121.07,120.0,120.18,992722.0
2021-08-12,120.54,120.81,119.86,119.95,491700.0
2021-08-13,120.16,120.73,119.91,120.3,988131.0
2021-08-16,120.62,121.7,119.94,120.0,866195.0
2021-08-17,119.64,120.39,118.94,120.31,771259.0
2021-08-18,120.29,120.45,119.42,120.14,812160.0
2021-08-19,120.15,121.29,119.87,120.17,937074.0
2021-08-20,119.93,121.85,119.11,121.48,1302602.0
2021-08-23,121.87,121.88,120.85,121.15,915698.0
2021-08-24,121.3,121.3,119.45,120.49,664511.0
2021-08-25,120.33,121.12,119.93,120.78,746044.0
2021-08-26,120.78,120.87,120.03,120.49,528319.0
2021-08-27,120.77,121.39,120.45,120.65,519021.0
2021-08-30,120.65,121.11,120.1,120.4,790133.0
2021-08-31,120.4,120.9,119.5,120.34,894931.0
2021-09-01,119.35,121.65,119.15,121.37,900069.0
2021-09-02,121.6,122.14,121.14,122.13,954586.0
2021-09-03,121.77,122.09,120.72,120.75,630639.0
2021-09-07,120.09,120.13,118.8,119.28,898283.0
2021-09-08,119.18,121.79,118.75,121.33,1418988.0
2021-09-09,121.46,121.49,120.53,120.57,775787.0
2021-09-10,120.57,120.65,118.73,118.77,654813.0
2021-09-13,119.84,119.84,117.89,118.05,828045.0
2021-09-14,118.46,118.69,117.2,117.42,775164.0
2021-09-15,117.22,117.72,116.52,116.88,1175530.0
2021-09-16,117.1,118.46,116.41,117.56,1692586.0
2021-09-17,117.85,118.45,113.95,114.0,3477074.0
2021-09-20,112.54,114.52,112.49,113.93,1742482.0
2021-09-21,114.75,114.75,112.67,113.38,1661520.0
2021-09-22,113.9,114.54,112.98,113.95,776219.0
2021-09-23,114.65,114.96,113.55,113.75,542266.0
2021-09-24,113.6,114.27,113.2,113.71,763330.0
2021-09-27,113.97,114.96,112.34,112.6,681567.0
2021-09-28,112.37,112.7,110.55,111.43,1012122.0
2021-09-29,111.58,113.71,111.36,113.13,958310.0
2021-09-30,113.59,113.65,111.66,111.71,1602845.0
2021-10-01,112.74,112.83,111.46,111.67,718025.0
2021-10-04,111.27,113.49,111.26,113.01,1011145.0
2021-10-05,113.45,114.6,112.51,113.79,1076319.0
2021-10-06,113.3,115.39,112.42,115.28,848079.0
2021-10-07,115.61,116.66,114.7,115.06,1117997.0
2021-10-08,114.94,115.3,113.97,114.13,657411.0
2021-10-11,114.2,114.2,111.57,112.15,753388.0
2021-10-12,112.15,113.08,111.85,112.8,814187.0
2021-10-13,112.91,114.17,112.09,113.97,738583.0
2021-10-14,114.25,115.09,113.93,115.06,698358.0
2021-10-15,115.22,115.64,114.68,115.04,869853.0
2021-10-18,114.22,114.66,113.57,113.71,559580.0
2021-10-19,114.45,114.88,113.76,114.47,561060.0
2021-10-20,114.54,116.17,114.49,115.47,856039.0
2021-10-21,115.54,115.81,115.11,115.4,788649.0
2021-10-22,115.81,116.66,115.66,116.0,944106.0
2021-10-25,115.84,116.78,115.16,115.65,1026452.0
2021-10-26,115.72,117.29,115.61,116.37,769879.0
2021-10-27,115.19,116.09,113.82,113.82,1186076.0
2021-10-28,113.95,114.66,113.72,114.41,549196.0
2021-10-29,114.1,114.81,112.64,113.35,762051.0
2021-11-01,113.46,113.55,112.22,112.97,741414.0
2021-11-02,113.22,113.41,111.76,113.08,646093.0
2021-11-03,112.62,114.01,112.21,113.26,891490.0
2021-11-04,113.32,113.59,112.58,113.4,728348.0
2021-11-05,114.09,114.83,113.5,114.13,523360.0
2021-11-08,114.28,114.37,112.03,112.33,735186.0
2021-11-09,112.28,113.0,111.85,112.5,711773.0
2021-11-10,112.5,113.55,112.31,113.17,1034711.0
2021-11-11,112.99,113.19,111.68,112.49,754790.0
2021-11-12,112.46,112.46,111.69,111.96,471011.0
2021-11-15,112.62,113.35,111.9,113.2,1619450.0
2021-11-16,113.25,113.8,112.72,112.79,1271428.0
2021-11-17,112.65,113.13,111.94,112.75,1267346.0
2021-11-18,112.73,112.97,111.03,111.38,1278108.0
2021-11-19,111.5,111.5,110.18,111.18,1661559.0
2021-11-22,111.15,113.54,110.76,112.94,1718105.0
2021-11-23,113.23,113.42,112.16,112.25,1140810.0
2021-11-24,112.19,112.85,111.6,112.18,945181.0
2021-11-26,111.08,111.35,110.15,110.66,784157.0
2021-11-29,111.33,111.9,110.54,111.49,1401020.0
2021-11-30,110.63,110.98,108.22,108.34,1726190.0
2021-12-01,110.44,111.72,109.09,109.15,1503154.0
2021-12-02,109.55,110.98,109.45,110.0,1472614.0
2021-12-03,110.63,111.91,109.79,111.89,2037809.0
2021-12-06,112.97,115.09,112.72,114.19,1011488.0
2021-12-07,113.93,116.03,113.89,115.01,1289746.0
2021-12-08,115.01,116.17,114.41,114.52,664179.0
2021-12-09,114.56,116.06,113.99,115.23,627103.0
2021-12-10,115.82,116.52,115.28,116.22,559542.0
2021-12-13,115.93,117.78,115.58,117.17,905864.0
2021-12-14,117.8,118.0,116.87,117.46,987063.0
2021-12-15,117.63,119.74,117.62,119.6,1506364.0
2021-12-16,119.84,120.83,119.62,120.33,995393.0
2021-12-17,119.03,119.78,116.34,116.6,1796657.0
2021-12-20,115.8,117.28,114.48,117.13,885439.0
2021-12-21,117.66,118.34,116.0,116.48,992678.0
2021-12-22,116.19,117.3,116.11,116.7,420334.0
2021-12-23,116.6,117.77,116.33,116.82,643775.0
2021-12-27,117.32,117.92,116.5,117.85,415521.0
2021-12-28,118.19,118.8,117.77,118.73,500544.0
2021-12-29,118.7,119.54,118.31,119.38,452042.0
2021-12-30,119.73,119.73,118.79,119.32,387441.0
2021-12-31,119.47,120.12,118.63,119.54,565376.0
2022-01-03,119.75,119.75,117.77,119.18,713641.0
2022-01-04,119.52,120.83,119.29,119.38,762016.0
2022-01-05,119.38,120.63,119.22,119.25,695017.0
2022-01-06,120.35,120.75,119.04,119.57,874669.0
2022-01-07,118.74,120.55,117.73,119.69,1023085.0
2022-01-10,119.94,120.2,118.33,120.15,941639.0
2022-01-11,120.45,120.5,117.89,118.78,954780.0
2022-01-12,118.61,119.46,117.67,119.21,1246725.0
2022-01-13,119.55,121.0,119.14,119.83,607956.0
2022-01-14,119.67,119.74,118.2,119.38,690334.0
2022-01-18,118.64,119.14,117.14,118.38,868164.0
2022-01-19,118.56,119.59,117.89,118.67,543576.0
2022-01-20,118.98,120.23,118.09,118.36,714335.0
2022-01-21,118.95,120.09,118.31,118.46,746502.0
2022-01-24,118.0,118.86,113.82,116.88,1227131.0
2022-01-25,115.46,118.46,115.46,117.63,1450108.0
2022-01-26,117.52,119.28,117.03,118.18,1400706.0
2022-01-27,119.01,120.93,118.79,119.81,1373390.0
2022-01-28,119.41,120.26,118.61,120.24,879476.0
2022-01-31,119.38,120.54,119.22,120.43,1117385.0
2022-02-01,119.61,120.24,117.19,118.48,986428.0
2022-02-02,118.11,120.74,117.81,120.23,1004900.0
2022-02-03,120.32,121.39,119.57,120.06,871793.0
2022-02-04,119.42,120.51,118.92,120.0,949034.0
2022-02-07,119.99,119.99,118.45,119.6,976938.0
2022-02-08,120.41,120.71,119.45,119.93,617281.0
2022-02-09,120.62,121.19,120.09,120.52,871415.0
2022-02-10,118.96,119.96,115.57,115.88,1847826.0
2022-02-11,116.45,118.0,115.99,116.16,821251.0
2022-02-14,116.78,117.72,115.62,116.05,1640087.0
2022-02-15,118.4,118.98,115.84,116.31,1597034.0
2022-02-16,116.25,117.11,115.08,116.49,1581432.0
2022-02-17,116.08,119.13,115.68,118.55,1820977.0
2022-02-18,117.99,120.14,117.99,119.35,1840338.0
2022-02-22,119.72,120.1,117.84,118.33,977077.0
2022-02-23,118.38,118.99,117.06,117.26,988998.0
2022-02-24,116.52,118.2,114.91,117.74,1850068.0
2022-02-25,119.31,121.99,119.05,121.95,1390446.0
2022-02-28,120.51,122.25,120.07,121.59,1642836.0
2022-03-01,121.38,122.5,119.18,120.0,1438778.0
2022-03-02,119.91,122.77,119.62,122.37,976978.0
2022-03-03,122.51,126.05,122.51,125.21,1161936.0
2022-03-04,124.36,128.04,124.36,127.88,860611.0
2022-03-07,127.85,128.29,126.12,127.11,1212264.0
2022-03-08,127.61,128.24,126.13,126.17,1039369.0
2022-03-09,126.95,127.36,124.41,125.03,1368999.0
2022-03-10,124.51,127.64,124.17,127.3,1283758.0
2022-03-11,126.7,128.11,126.41,126.97,1302674.0
2022-03-14,127.79,128.67,125.88,126.52,916220.0
2022-03-15,128.04,128.52,126.35,127.76,1200161.0
2022-03-16,127.49,128.15,125.29,127.79,1403725.0
2022-03-17,128.14,128.61,127.0,127.78,1227107.0
2022-03-18,127.21,127.6,125.69,126.07,2349093.0
2022-03-21,125.9,128.1,125.9,127.1,1408995.0
2022-03-22,127.29,127.34,125.49,125.71,1603815.0
2022-03-23,125.71,127.51,125.13,126.96,1052574.0
2022-03-24,127.18,128.26,126.94,127.79,736236.0
2022-03-25,128.09,129.85,127.73,129.85,515719.0
2022-03-28,129.75,129.94,128.43,129.7,822979.0
2022-03-29,130.0,130.9,129.34,130.59,899764.0
2022-03-30,130.8,132.73,130.23,132.56,1096364.0
2022-03-31,132.23,134.32,131.96,132.21,1149088.0
2022-04-01,132.1,134.97,131.57,134.94,901234.0
2022-04-04,134.15,134.15,131.9,133.63,713577.0
2022-04-05,133.86,136.13,133.83,134.29,877109.0
2022-04-06,134.75,137.99,134.53,137.61,1543268.0
2022-04-07,137.4,137.78,135.38,136.33,1319353.0
2022-04-08,136.92,137.77,135.48,137.35,1007286.0
2022-04-11,137.69,138.51,136.09,136.86,912176.0
2022-04-12,136.62,138.35,135.58,137.85,924462.0
2022-04-13,138.0,138.18,135.45,136.63,1073938.0
2022-04-14,136.49,138.02,136.49,137.17,817180.0
2022-04-18,137.37,138.03,136.3,137.17,648648.0
2022-04-19,137.53,138.0,136.49,137.77,547964.0
2022-04-20,138.7,139.78,138.43,139.12,785160.0
2022-04-21,139.03,140.23,138.07,138.28,1017394.0
2022-04-22,138.04,138.29,136.72,136.81,664183.0
2022-04-25,137.16,137.34,134.23,135.7,889473.0
2022-04-26,135.04,137.16,134.43,134.52,699171.0
2022-04-27,135.12,136.0,133.58,134.37,764439.0
2022-04-28,134.0,136.42,133.5,135.52,989083.0
2022-04-29,134.8,135.17,130.87,131.04,1342971.0
2022-05-02,132.18,133.14,127.25,128.74,1238229.0
2022-05-03,129.33,131.68,128.94,129.61,1377969.0
2022-05-04,130.49,131.06,129.5,130.76,1404602.0
2022-05-05,130.5,131.41,127.78,128.83,1516031.0
2022-05-06,128.22,130.0,127.98,129.68,1204386.0
2022-05-09,129.18,130.85,127.82,129.52,849292.0
2022-05-10,129.86,131.63,127.5,128.41,917200.0
2022-05-11,128.64,131.77,128.58,130.11,925707.0
2022-05-12,130.0,130.63,127.63,128.71,873712.0
2022-05-13,129.47,130.24,127.91,129.81,764066.0
2022-05-16,130.21,130.88,129.23,130.37,871905.0
2022-05-17,131.1,131.1,128.63,129.61,1895077.0
2022-05-18,130.68,130.68,128.0,128.31,2063856.0
2022-05-19,127.89,129.37,126.8,128.82,1566337.0
2022-05-20,129.35,129.39,127.08,128.72,1698032.0
2022-05-23,131.27,131.27,128.97,130.79,1438498.0
2022-05-24,131.06,134.6,130.77,134.14,1075225.0
2022-05-25,134.32,134.7,132.32,133.02,1282131.0
2022-05-26,133.83,134.81,133.03,133.19,701414.0
2022-05-27,132.76,134.34,132.57,134.3,932176.0
2022-05-31,133.06,133.76,131.8,132.71,1166611.0
2022-06-01,133.01,133.32,131.4,132.56,904242.0
2022-06-02,132.82,133.01,130.58,132.79,553295.0
2022-06-03,132.54,133.0,131.82,132.09,421051.0
2022-06-06,132.32,133.33,131.75,132.57,604399.0
2022-06-07,132.21,134.28,131.74,134.05,891325.0
2022-06-08,133.34,133.47,131.3,131.4,653315.0
2022-06-09,131.4,131.93,128.37,128.44,744566.0
2022-06-10,127.09,128.69,126.53,127.5,725832.0
2022-06-13,125.99,126.46,121.49,122.01,916447.0
2022-06-14,122.17,122.54,117.38,119.11,1342703.0
2022-06-15,119.98,120.85,117.92,119.21,1258701.0
2022-06-16,116.87,116.89,114.95,116.61,1534153.0
2022-06-17,117.48,117.49,114.25,115.72,2224723.0
2022-06-21,116.04,117.77,115.76,117.14,1129535.0
2022-06-22,116.21,118.46,116.21,117.9,1077575.0
2022-06-23,118.44,120.41,118.21,120.37,1135575.0
2022-06-24,120.63,123.47,120.63,122.91,1057908.0
2022-06-27,122.56,124.64,122.3,124.35,712587.0
2022-06-28,125.11,126.18,124.6,125.23,852562.0
2022-06-29,125.57,126.4,125.18,126.05,799122.0
2022-06-30,125.43,127.28,125.06,126.75,1222167.0
2022-07-01,127.32,129.37,126.47,129.16,1005674.0
2022-07-05,128.7,128.7,122.5,124.19,827819.0
2022-07-06,124.77,126.68,123.99,126.16,915825.0
2022-07-07,126.46,127.07,124.88,125.34,907000.0
2022-07-08,125.42,125.53,124.26,124.85,582055.0
2022-07-11,123.81,126.0,123.72,126.0,631961.0
2022-07-12,125.34,127.27,124.87,125.21,799018.0
2022-07-13,124.38,125.78,123.8,124.51,663896.0
2022-07-14,122.46,124.71,122.45,124.51,791886.0
2022-07-15,125.59,125.61,123.36,125.18,869524.0
2022-07-18,124.85,125.02,123.47,123.67,611406.0
2022-07-19,124.31,124.93,123.68,124.09,548159.0
2022-07-20,124.07,124.07,121.17,121.46,1226579.0
2022-07-21,121.05,121.57,120.17,121.52,1048641.0
2022-07-22,122.36,123.79,122.0,123.75,657987.0
2022-07-25,123.76,125.06,123.31,124.91,597881.0
2022-07-26,124.72,126.8,124.71,126.25,551002.0
2022-07-27,125.72,126.93,125.1,126.64,706822.0
2022-07-28,126.99,129.68,125.33,129.21,1275584.0
2022-07-29,129.35,131.0,129.35,130.3,754715.0
2022-08-01,129.92,130.54,128.58,130.42,1170898.0
2022-08-02,131.08,131.51,129.78,129.9,785531.0
2022-08-03,129.52,130.82,127.03,130.42,997531.0
2022-08-04,130.53,131.35,128.88,129.0,788113.0
2022-08-05,129.18,129.21,127.32,129.1,731710.0
2022-08-08,130.11,130.74,129.13,129.75,543066.0
2022-08-09,130.31,132.85,129.91,132.55,997275.0
2022-08-10,132.9,133.35,131.34,132.26,928814.0
2022-08-11,132.5,134.02,132.12,133.33,1765844.0
2022-08-12,133.97,135.02,133.87,134.91,1080338.0
2022-08-15,134.79,136.26,134.19,136.06,709124.0
2022-08-16,135.94,136.77,135.67,136.09,649669.0
2022-08-17,136.12,136.41,134.7,134.97,1169066.0
2022-08-18,135.23,135.91,135.05,135.44,751243.0
2022-08-19,135.77,136.54,135.29,136.14,1010118.0
2022-08-22,135.62,136.05,134.36,134.64,827303.0
2022-08-23,134.6,134.6,133.25,133.88,693370.0
2022-08-24,134.28,134.53,133.44,134.26,662112.0
2022-08-25,134.42,134.83,133.48,134.79,581806.0
2022-08-26,135.01,135.19,133.17,133.22,750768.0
2022-08-29,132.89,134.53,131.61,133.5,813991.0
2022-08-30,132.82,133.49,130.89,131.45,581331.0
2022-08-31,131.27,131.77,130.1,130.34,1007649.0
2022-09-01,130.23,133.06,129.69,132.74,1147062.0
2022-09-02,132.82,133.92,130.73,131.14,765677.0
2022-09-06,131.56,132.83,131.0,131.2,796896.0
2022-09-07,131.98,135.37,131.98,135.29,947142.0
2022-09-08,134.84,135.74,134.09,134.68,922207.0
2022-09-09,134.59,135.79,134.0,135.5,781789.0
2022-09-12,135.75,136.63,135.21,135.97,824059.0
2022-09-13,135.13,135.51,132.07,132.98,1144993.0
2022-09-14,133.42,135.21,133.15,134.05,1042358.0
2022-09-15,133.38,133.38,130.48,130.6,1991919.0
2022-09-16,129.27,130.6,129.27,129.9,2116860.0
2022-09-19,129.27,131.13,128.98,130.9,1187304.0
2022-09-20,130.1,130.29,127.69,128.67,2130431.0
2022-09-21,129.48,130.26,126.57,126.59,1766136.0
2022-09-22,126.34,127.55,125.88,126.58,1288046.0
2022-09-23,125.34,126.07,124.08,125.66,938943.0
2022-09-26,125.13,125.34,121.81,123.01,1326799.0
2022-09-27,123.54,123.96,121.02,121.7,1333473.0
2022-09-28,123.17,123.89,121.21,123.16,986084.0
2022-09-29,122.61,122.81,118.08,118.22,1259658.0
2022-09-30,118.85,119.34,115.04,115.05,2392399.0
2022-10-03,117.3,118.0,115.12,116.93,2087555.0
2022-10-04,116.95,119.37,116.2,118.63,1209136.0
2022-10-05,117.37,117.37,114.78,116.11,1415434.0
2022-10-06,115.49,115.59,110.66,110.71,1981477.0
2022-10-07,110.71,110.87,106.68,107.49,2693706.0
2022-10-10,107.7,108.41,106.28,106.36,3428418.0
2022-10-11,106.15,107.52,105.46,106.3,2613824.0
2022-10-12,106.22,106.34,102.97,103.01,2153005.0
2022-10-13,101.87,106.81,100.64,106.51,3531035.0
2022-10-14,107.52,108.19,103.69,104.5,2768629.0
2022-10-17,105.91,107.8,105.88,107.0,1947359.0
2022-10-18,108.48,110.13,108.19,109.89,2536425.0
2022-10-19,108.48,109.47,107.77,108.63,1606518.0
2022-10-20,108.53,108.53,105.39,105.89,2015212.0
2022-10-21,106.24,107.86,105.07,107.45,2774847.0
2022-10-24,107.95,108.67,106.24,107.5,2037085.0
2022-10-25,107.54,109.37,107.21,109.13,2279899.0
2022-10-26,109.87,110.02,108.46,109.23,1845050.0
2022-10-27,109.78,112.12,108.94,109.28,2611032.0
2022-10-28,109.64,113.88,109.33,113.64,1584751.0
2022-10-31,113.31,113.35,111.34,112.11,2481298.0
2022-11-01,112.67,113.53,111.79,112.53,1221604.0
2022-11-02,112.23,113.69,110.87,111.02,1854366.0
2022-11-03,110.24,112.75,109.12,111.86,978348.0
2022-11-04,112.06,113.07,110.93,112.39,2148923.0
2022-11-07,112.47,112.74,109.28,110.67,939620.0
2022-11-08,111.38,112.15,110.6,111.25,1471808.0
2022-11-09,111.25,111.57,110.51,110.77,1252911.0
2022-11-10,113.6,115.77,111.38,115.54,1872303.0
2022-11-11,116.1,116.64,113.18,114.26,1434031.0
2022-11-14,114.57,115.63,112.88,113.05,1859659.0
2022-11-15,114.2,115.22,113.05,114.48,1260126.0
2022-11-16,114.48,115.99,114.43,115.18,1618451.0
2022-11-17,114.02,114.41,112.8,113.24,1464159.0
2022-11-18,114.5,116.5,114.39,114.6,2300303.0
2022-11-21,114.89,114.89,112.0,113.0,2967287.0
2022-11-22,113.68,114.9,113.1,113.67,1425478.0
2022-11-23,112.83,114.53,112.66,114.49,965979.0
2022-11-25,114.91,115.42,114.6,114.78,386971.0
2022-11-28,113.91,115.72,113.88,115.3,1965673.0
2022-11-29,114.76,115.29,113.46,114.13,1209214.0
2022-11-30,113.7,116.5,113.41,116.01,3527473.0
2022-12-01,117.08,118.25,116.07,116.12,1971134.0
2022-12-02,115.0,115.3,114.18,115.06,1320542.0
2022-12-05,114.2,115.2,113.8,114.06,1798042.0
2022-12-06,113.99,115.98,113.77,115.87,1325318.0
2022-12-07,115.71,116.72,114.15,114.41,982087.0
2022-12-08,115.85,117.91,115.16,117.66,1692138.0
2022-12-09,117.3,118.22,116.88,117.19,1456423.0
2022-12-12,118.14,120.19,117.48,120.15,1056700.0
2022-12-13,121.73,122.41,119.08,120.46,1587397.0
2022-12-14,120.92,122.18,119.76,120.6,2148186.0
2022-12-15,120.19,120.68,118.36,119.11,1419612.0
2022-12-16,116.82,117.16,114.64,115.82,3118397.0
2022-12-19,115.67,116.46,114.66,115.18,885437.0
2022-12-20,115.1,116.05,114.25,115.47,1338991.0
2022-12-21,116.09,117.45,115.85,117.43,1013089.0
2022-12-22,117.33,117.33,114.75,116.75,1518626.0
2022-12-23,116.34,118.57,116.34,118.54,710801.0
2022-12-27,118.9,119.6,118.31,119.23,579459.0
2022-12-28,119.39,120.16,118.06,118.22,603401.0
2022-12-29,118.67,119.76,118.6,119.18,530509.0
2022-12-30,119.07,119.16,116.51,117.53,550543.0
2023-01-03,117.75,118.34,116.21,117.86,810852.0
2023-01-04,118.4,120.39,118.25,119.56,971059.0
2023-01-05,118.74,119.41,116.41,116.58,838946.0
2023-01-06,117.76,119.84,117.15,119.44,817454.0
2023-01-09,119.17,121.22,119.17,120.46,899829.0
2023-01-10,120.1,120.19,119.02,120.02,661709.0
2023-01-11,119.84,121.32,119.84,120.72,669423.0
2023-01-12,120.95,121.25,119.1,119.39,947508.0
2023-01-13,118.73,118.94,117.13,117.93,870690.0
2023-01-17,118.21,118.9,116.97,117.31,1192426.0
2023-01-18,117.79,117.79,113.77,113.9,1313141.0
2023-01-19,113.88,113.94,112.26,112.56,823741.0
2023-01-20,112.46,114.06,110.45,113.97,1566919.0
2023-01-23,114.06,114.85,113.11,113.77,1032282.0
2023-01-24,114.32,114.32,112.3,113.43,743944.0
2023-01-25,112.84,113.44,112.31,113.41,884448.0
2023-01-26,112.97,113.78,112.51,113.35,723394.0
2023-01-27,113.14,114.01,112.47,113.59,891121.0
2023-01-30,113.36,115.26,113.15,114.33,888770.0
2023-01-31,115.1,116.38,114.0,116.37,1168502.0
2023-02-01,115.66,116.87,115.03,116.19,1491219.0
2023-02-02,116.37,117.19,114.53,114.71,1707829.0
2023-02-03,113.72,114.08,110.73,112.76,1423746.0
2023-02-06,112.52,113.88,112.13,113.82,850469.0
2023-02-07,113.14,113.93,111.96,113.71,1030772.0
2023-02-08,112.47,113.18,111.43,112.28,1045229.0
2023-02-09,112.53,113.19,111.7,112.0,1635977.0
2023-02-10,112.31,113.7,112.02,113.68,888873.0
2023-02-13,113.68,114.21,113.36,114.04,592439.0
2023-02-14,113.98,114.42,113.35,113.7,1231909.0
2023-02-15,113.1,114.42,112.91,114.21,996693.0
2023-02-16,113.16,113.94,111.92,113.4,1167690.0
2023-02-17,113.67,115.78,113.19,115.3,1025839.0
2023-02-21,114.77,114.81,112.92,113.24,1283712.0
2023-02-22,113.58,113.88,112.25,112.81,1389262.0
2023-02-23,114.91,114.91,111.48,112.32,1248872.0
2023-02-24,111.4,113.1,110.64,113.0,1745047.0
2023-02-27,113.55,114.09,111.23,111.54,1374277.0
2023-02-28,111.0,111.38,109.41,109.71,2037891.0
2023-03-01,108.63,108.91,106.11,106.86,1909983.0
2023-03-02,106.68,108.36,106.47,108.36,1891453.0
2023-03-03,108.31,109.56,107.5,109.35,1399885.0
2023-03-06,109.21,110.28,108.66,108.92,1384272.0
2023-03-07,108.92,109.12,105.56,106.3,2667879.0
2023-03-08,106.29,107.48,105.98,107.33,1253523.0
2023-03-09,107.82,108.78,106.28,106.73,1271797.0
2023-03-10,107.05,107.19,103.81,104.48,1153478.0
2023-03-13,104.59,109.1,104.25,106.87,1337228.0
2023-03-14,107.73,108.36,106.22,107.48,1349242.0
2023-03-15,107.32,109.91,106.58,108.97,1701916.0
2023-03-16,108.61,110.07,108.05,109.22,1380900.0
2023-03-17,108.07,108.46,106.44,107.04,2379578.0
2023-03-20,107.33,108.84,107.33,108.4,1742140.0
2023-03-21,108.45,108.45,104.76,106.29,1285746.0
2023-03-22,105.83,106.49,103.97,103.98,1055109.0
2023-03-23,103.81,104.74,102.27,102.66,912845.0
2023-03-24,102.95,106.79,102.86,106.75,1022912.0
2023-03-27,107.44,107.87,105.22,105.69,1495872.0
2023-03-28,105.64,107.42,105.3,106.25,919554.0
2023-03-29,106.78,108.56,106.78,107.94,935328.0
2023-03-30,108.33,109.01,108.18,108.69,840053.0
2023-03-31,108.84,109.61,108.25,109.54,1693521.0
2023-04-03,109.12,109.81,107.97,108.99,1603401.0
2023-04-04,109.04,109.33,108.3,108.71,1462359.0
2023-04-05,109.13,112.64,109.13,112.13,1212227.0
2023-04-06,112.77,114.01,112.45,113.85,1754035.0
2023-04-10,113.14,113.85,112.22,113.59,1178966.0
2023-04-11,113.64,114.33,113.12,113.91,997393.0
2023-04-12,114.03,114.63,113.23,113.72,1499436.0
2023-04-13,113.13,113.86,111.27,113.18,1503982.0
2023-04-14,112.44,113.35,112.03,112.98,1418141.0
2023-04-17,113.29,113.85,111.77,112.7,1022194.0
2023-04-18,112.44,112.78,111.6,112.04,1121057.0
2023-04-19,112.63,113.51,112.16,112.81,826330.0
2023-04-20,113.0,113.55,112.24,113.37,1079218.0
2023-04-21,114.31,114.33,112.93,113.69,534607.0
2023-04-24,113.72,114.46,112.96,114.34,589454.0
2023-04-25,114.35,115.63,113.95,114.81,791806.0
2023-04-26,114.08,115.1,112.92,112.97,1027691.0
2023-04-27,112.45,116.02,112.45,113.45,1126535.0
2023-04-28,113.4,114.16,111.27,112.41,1088405.0
2023-05-01,112.0,113.92,111.75,112.96,1092026.0
2023-05-02,113.16,113.16,111.0,111.6,936685.0
2023-05-03,112.41,113.12,111.27,111.63,856925.0
2023-05-04,111.89,112.93,110.96,112.68,751393.0
2023-05-05,112.22,113.36,112.22,113.36,823186.0
2023-05-08,112.73,113.76,112.18,113.0,791777.0
2023-05-09,112.83,113.7,112.21,113.32,859873.0
2023-05-10,114.0,114.83,112.71,113.97,1067361.0
2023-05-11,113.73,114.06,112.4,113.06,872324.0
2023-05-12,113.68,114.32,112.7,113.45,733633.0
2023-05-15,113.73,113.89,111.59,112.75,671511.0
2023-05-16,112.82,112.82,110.02,110.26,759718.0
2023-05-17,110.6,110.6,108.6,109.1,858675.0
2023-05-18,108.39,109.22,107.83,108.9,1257413.0
2023-05-19,109.42,109.66,108.52,108.56,1202353.0
2023-05-22,108.84,109.66,108.54,108.91,784191.0
2023-05-23,108.7,110.47,108.69,109.16,1917278.0
2023-05-24,109.04,109.31,108.24,108.48,1265884.0
2023-05-25,108.0,108.66,106.62,106.99,1105953.0
2023-05-26,106.8,107.05,105.66,106.51,785817.0
2023-05-30,106.6,107.29,106.08,106.44,993853.0
2023-05-31,106.64,108.22,106.35,107.6,1546416.0
2023-06-01,107.87,108.11,105.77,107.26,1515621.0
2023-06-02,106.41,109.32,106.23,108.88,1596754.0
2023-06-05,109.08,110.78,108.83,109.37,1259436.0
2023-06-06,110.45,110.55,109.23,109.59,1377996.0
2023-06-07,109.74,111.52,108.79,111.25,1525936.0
2023-06-08,111.07,112.39,110.35,111.97,1651912.0
2023-06-09,112.03,112.83,111.2,111.43,1605581.0
2023-06-12,111.8,112.0,110.5,111.16,1429387.0
2023-06-13,110.22,112.57,109.99,112.35,1897138.0
2023-06-14,112.67,114.63,112.57,112.95,2699338.0
2023-06-15,112.73,114.16,112.11,113.91,1854867.0
2023-06-16,114.56,115.17,113.89,114.12,4874877.0
2023-06-20,114.28,114.36,113.04,113.19,1789218.0
2023-06-21,112.73,113.94,111.51,113.62,1591571.0
2023-06-22,114.0,114.52,112.28,112.94,1180115.0
2023-06-23,113.27,113.27,109.54,110.0,2196209.0
2023-06-26,110.35,110.96,109.26,110.5,1240217.0
2023-06-27,110.53,111.37,110.41,110.67,931446.0
2023-06-28,110.61,110.61,108.37,108.97,1976726.0
2023-06-29,108.17,110.07,107.86,109.25,1641839.0
2023-06-30,109.61,110.22,108.57,110.02,1578681.0
2023-07-03,110.02,111.27,109.48,111.25,676455.0
2023-07-05,110.93,113.08,110.88,112.5,1325579.0
2023-07-06,111.9,111.91,110.93,111.17,1233293.0
2023-07-07,110.14,110.97,109.78,109.99,1171969.0
2023-07-10,109.66,110.05,108.25,109.5,986653.0
2023-07-11,109.67,110.98,109.27,110.85,766349.0
2023-07-12,111.42,113.16,111.38,112.81,1177357.0
2023-07-13,112.86,113.44,112.4,113.43,908326.0
2023-07-14,113.13,113.41,112.43,112.95,858955.0
2023-07-17,112.94,112.94,110.64,110.66,831774.0
2023-07-18,110.45,111.78,108.66,109.31,892342.0
2023-07-19,109.68,111.28,109.68,111.24,1015670.0
2023-07-20,111.7,113.26,110.58,113.13,777755.0
2023-07-21,113.5,115.42,113.02,115.12,1082851.0
2023-07-24,115.21,115.47,114.3,115.01,829761.0
2023-07-25,115.03,115.94,114.73,115.44,768134.0
2023-07-26,115.5,116.7,115.03,115.87,1011084.0
2023-07-27,115.87,116.73,113.98,114.34,1363430.0
2023-07-28,115.41,115.84,113.04,113.57,816811.0
2023-07-31,114.01,114.95,113.65,114.3,1191774.0
2023-08-01,113.95,114.53,113.04,113.15,1504226.0
2023-08-02,112.74,113.84,112.7,113.09,921803.0
2023-08-03,112.5,112.94,109.44,109.48,1126619.0
2023-08-04,109.6,110.25,107.14,107.88,1211782.0
2023-08-07,108.57,109.04,107.76,107.78,1198593.0
2023-08-08,107.72,108.27,106.95,108.15,1064969.0
2023-08-09,107.55,109.5,107.55,108.31,945374.0
2023-08-10,108.47,109.22,106.81,107.28,925573.0
2023-08-11,107.58,108.09,107.12,107.89,815606.0
2023-08-14,107.68,107.8,106.01,106.54,946867.0
2023-08-15,105.75,105.83,104.35,104.39,1045672.0
2023-08-16,104.69,105.41,104.53,104.75,1089791.0
2023-08-17,104.88,105.9,104.69,104.86,872444.0
2023-08-18,105.04,105.93,104.67,105.59,664371.0
2023-08-21,105.26,105.46,104.04,104.8,1319304.0
2023-08-22,104.86,105.39,104.41,104.97,697404.0
2023-08-23,105.61,105.61,104.47,105.27,1170025.0
2023-08-24,104.84,106.72,104.3,104.45,953438.0
2023-08-25,104.96,105.68,104.39,104.92,963596.0
2023-08-28,105.0,105.82,104.71,104.97,750227.0
2023-08-29,105.22,105.79,104.65,105.13,586096.0
2023-08-30,105.08,105.43,104.18,104.74,700820.0
2023-08-31,105.35,105.42,103.35,103.38,801297.0
2023-09-01,104.01,104.13,101.31,102.18,1110282.0
2023-09-05,102.02,102.15,100.07,100.75,1386909.0
2023-09-06,100.8,101.28,100.4,100.89,1203557.0
2023-09-07,101.57,102.67,101.46,102.21,980263.0
2023-09-08,102.3,102.79,102.02,102.66,1082865.0
2023-09-11,102.44,103.47,102.44,103.02,1763696.0
2023-09-12,103.05,104.21,102.62,103.92,1220616.0
2023-09-13,104.09,106.17,103.59,106.05,1702603.0
2023-09-14,106.64,107.15,106.22,106.74,1718257.0
2023-09-15,106.33,107.35,106.25,106.78,3064728.0
2023-09-18,106.78,107.35,106.14,107.0,1453451.0
2023-09-19,107.0,107.63,106.34,106.38,1207766.0
2023-09-20,106.7,107.86,105.98,106.68,806669.0
2023-09-21,106.52,107.35,105.67,106.09,1562094.0
2023-09-22,105.66,106.53,105.35,106.21,1982283.0
2023-09-25,105.41,105.89,104.77,105.66,1066579.0
2023-09-26,105.3,105.32,102.08,102.16,1678049.0
2023-09-27,101.83,102.18,99.99,100.54,1163991.0
2023-09-28,101.1,101.15,98.58,98.63,1739572.0
2023-09-29,99.69,100.32,98.4,99.28,1268506.0
2023-10-02,98.67,99.0,94.11,95.49,2346371.0
2023-10-03,94.54,97.83,93.85,97.36,2240224.0
2023-10-04,97.9,98.04,95.59,97.11,1444182.0
2023-10-05,97.33,97.58,93.13,94.2,3500484.0
2023-10-06,92.68,95.44,90.14,95.16,2534071.0
2023-10-09,95.17,96.6,95.03,96.59,1059850.0
2023-10-10,96.72,97.65,96.21,97.36,869697.0
2023-10-11,97.71,98.09,96.24,97.84,1493981.0
2023-10-12,97.42,97.84,95.31,96.02,1773972.0
2023-10-13,96.92,97.87,96.61,97.87,1241592.0
2023-10-16,98.33,98.71,97.31,98.44,1564222.0
2023-10-17,97.71,99.18,97.71,98.53,939017.0
2023-10-18,98.16,98.75,96.93,97.11,1385818.0
2023-10-19,96.75,97.93,96.34,96.74,1144458.0
2023-10-20,96.84,98.06,96.65,96.65,1427756.0
2023-10-23,95.34,97.36,94.6,95.97,1739854.0
2023-10-24,96.98,98.02,96.7978,97.7,1007389.0
2023-10-25,97.36,98.25,97.165,97.94,1646544.0
2023-10-26,98.32,99.9,97.99,98.35,1274988.0
2023-10-27,97.95,98.84,96.76,96.91,1216160.0
2023-10-30,96.98,98.08,95.48,96.31,1304300.0
2023-10-31,96.86,97.09,95.52,96.38,1868815.0
2023-11-01,94.2,98.075,92.58,96.61,3451763.0
2023-11-02,96.45,99.95,96.45,98.81,1843841.0
2023-11-03,100.42,101.56,99.9,100.18,1704477.0
2023-11-06,100.15,100.37,98.67,98.67,1528113.0
2023-11-07,98.74,98.86,98.14,98.53,1375171.0
2023-11-08,98.1,98.97,97.31,98.54,2251954.0
2023-11-09,98.71,99.95,98.37,98.5,2056016.0
2023-11-10,99.13,99.13,98.05,98.57,1314982.0
2023-11-13,98.55,98.69,97.43,97.66,1587952.0
2023-11-14,99.41,101.85,99.305,101.75,1365756.0
2023-11-15,101.44,103.04,101.255,102.07,1236605.0
2023-11-16,102.84,103.81,101.94,103.33,1813727.0
2023-11-17,104.01,104.01,102.66,103.6,1502505.0
2023-11-20,103.04,103.455,101.44,102.87,1392658.0
2023-11-21,103.03,103.49,102.075,103.26,1062275.0
2023-11-22,103.36,105.09,102.91,104.66,1687571.0
2023-11-24,104.76,105.93,104.645,105.37,1219773.0
2023-11-27,105.5,105.5961,104.48,104.86,1370826.0
2023-11-28,104.99,106.09,104.63,105.02,1171350.0
2023-11-29,105.08,105.84,103.655,104.14,1193682.0
2023-11-30,104.29,104.3,103.37,104.11,1566480.0
2023-12-01,104.13,108.245,103.74,108.17,2802745.0
2023-12-04,107.76,109.26,107.305,108.41,1365994.0
2023-12-05,108.49,108.49,106.43,106.66,1403168.0
2023-12-06,106.93,107.72,106.64,107.33,1134638.0
2023-12-07,107.6,107.965,106.605,107.22,1401826.0
2023-12-08,107.48,108.69,106.9,108.61,2138893.0
2023-12-11,108.58,110.18,107.835,110.09,1419074.0
2023-12-12,110.43,110.43,108.5775,109.92,1191576.0
2023-12-13,110.0,113.47,109.1,113.32,1226773.0
2023-12-14,114.29,114.62,112.155,112.43,1710158.0
2023-12-15,110.37,111.35,108.98,109.9,2690008.0
2023-12-18,110.23,111.055,109.42,109.82,996154.0
2023-12-19,110.04,110.9,109.6301,110.79,886694.0
2023-12-20,110.62,111.25,109.32,109.34,1165039.0
2023-12-21,109.63,110.87,108.975,109.74,887915.0
2023-12-22,110.47,111.39,109.55,109.62,949978.0
2023-12-26,109.41,110.69,109.41,110.17,522229.0
2023-12-27,110.0,110.08,109.3,109.69,693084.0
2023-12-28,109.44,110.52,109.44,110.41,518249.0
2023-12-29,109.96,110.55,109.69,110.26,691587.0
2024-01-02,109.84,112.06,109.77,111.76,985462.0
2024-01-03,112.05,112.05,110.51,110.98,1307805.0
2024-01-04,111.29,111.64,110.29,110.53,1016165.0
2024-01-05,110.17,111.13,109.87,110.65,985647.0
2024-01-08,109.96,111.64,109.7,111.52,783626.0
2024-01-09,111.11,111.56,110.6,110.95,646385.0
2024-01-10,110.76,111.32,110.45,110.83,668138.0
2024-01-11,110.46,110.46,107.61,108.02,519566.0
2024-01-12,108.82,109.01,107.98,108.85,811279.0
2024-01-16,107.55,108.085,106.83,107.6,1317376.0
2024-01-17,106.94,108.29,105.37,105.71,760873.0
2024-01-18,105.02,105.32,104.0,104.85,785930.0
2024-01-19,105.28,105.555,103.96,104.52,1016879.0
2024-01-22,104.23,105.425,103.27,103.9,848973.0
2024-01-23,103.89,104.49,103.23,104.47,765604.0
2024-01-24,105.31,105.31,102.165,102.36,1482127.0
2024-01-25,103.58,104.05,102.5,103.8,1438557.0
2024-01-26,104.3,104.34,103.23,103.59,1165305.0
2024-01-29,103.58,104.23,102.925,103.84,1565122.0
2024-01-30,103.48,105.7,103.0724,104.56,1605840.0
2024-01-31,105.79,106.47,104.55,105.42,1533660.0
2024-02-01,104.82,107.505,104.23,107.47,1316704.0
2024-02-02,106.44,106.535,104.27,105.08,1437356.0
2024-02-05,104.06,105.14,103.26,103.92,1395714.0
2024-02-06,103.63,104.42,103.12,104.21,1057209.0
2024-02-07,104.5,105.81,103.98,105.22,1692877.0
2024-02-08,105.0,106.48,102.78,104.23,1847795.0
2024-02-09,104.2,104.67,103.14,104.41,1118565.0
2024-02-12,104.51,106.72,104.165,106.38,1459768.0
2024-02-13,105.67,106.07,103.1218,104.38,1695910.0
2024-02-14,104.45,105.95,104.23,105.33,1273570.0
2024-02-15,105.89,107.81,105.89,107.77,1231808.0
2024-02-16,107.18,108.59,106.95,107.8,1273294.0
2024-02-20,107.79,109.4,107.34,107.64,1023105.0
2024-02-21,108.33,109.48,107.74,109.16,1135621.0
2024-02-22,108.22,108.22,106.79,107.02,1486784.0
2024-02-23,107.3,108.84,107.21,108.45,1126983.0
2024-02-26,107.82,107.82,105.96,106.19,877491.0
2024-02-27,106.88,107.465,106.255,107.33,774737.0
2024-02-28,107.16,108.26,106.855,108.1,906746.0
2024-02-29,108.62,109.26,107.67,108.35,1387828.0
2024-03-01,108.03,108.305,106.12,108.11,1321954.0
2024-03-04,107.54,109.83,107.54,109.8,760549.0
2024-03-05,110.0,112.1099,109.74,109.99,1269297.0
2024-03-06,111.0,112.16,110.875,111.76,1101097.0
2024-03-07,112.19,112.86,111.96,112.66,927044.0
2024-03-08,113.02,113.09,111.74,112.82,1127995.0
2024-03-11,113.01,114.05,112.28,112.95,1170378.0
2024-03-12,112.44,112.81,110.7,110.88,862119.0
2024-03-13,111.45,112.19,110.815,111.06,1127006.0
2024-03-14,110.67,110.89,108.22,109.39,1541713.0
2024-03-15,108.16,110.03,108.01,108.48,2305367.0
2024-03-18,108.49,109.795,108.19,109.48,1113683.0
2024-03-19,109.86,111.1,109.52,110.45,1377898.0
2024-03-20,110.16,111.21,109.61,110.04,1745254.0
2024-03-21,110.08,110.72,109.095,109.15,1200307.0
2024-03-22,109.99,109.99,108.78,108.88,1067188.0
2024-03-25,109.3,109.3,107.89,108.42,1045068.0
2024-03-26,108.47,108.98,107.07,107.13,1110800.0
2024-03-27,107.95,111.41,107.95,111.3,1668658.0
2024-03-28,111.32,112.31,110.97,112.14,981358.0
2024-04-01,112.14,112.14,110.28,110.73,828997.0
2024-04-02,110.95,112.5,110.53,111.09,1268945.0
2024-04-03,111.3,111.41,110.025,110.26,1256943.0
2024-04-04,111.0,111.22,108.82,109.56,1197902.0
2024-04-05,108.77,109.74,108.35,109.1,1103143.0
2024-04-08,109.38,110.26,108.85,109.5,1132018.0
2024-04-09,110.5,110.62,109.26,109.87,1068925.0
2024-04-10,108.25,108.25,105.79,106.64,1444236.0
2024-04-11,107.28,107.33,105.42,106.13,1014903.0
2024-04-12,106.63,107.16,105.395,106.25,1506294.0
2024-04-15,106.61,107.06,104.7,105.52,1330515.0
2024-04-16,105.27,105.27,103.061,103.2,1297998.0
2024-04-17,104.04,105.66,103.33,105.27,1529206.0
2024-04-18,105.67,107.01,105.04,106.48,1143758.0
2024-04-19,107.09,108.75,106.8,108.57,989137.0
2024-04-22,108.29,110.595,107.88,110.12,1123615.0
2024-04-23,109.74,111.15,109.53,110.12,949540.0
2024-04-24,109.09,111.8,108.62,111.55,1457572.0
2024-04-25,110.8,111.87,109.8905,111.14,1408506.0
2024-04-26,111.34,111.7,109.43,109.52,1237208.0
2024-04-29,109.88,110.91,109.88,110.83,797904.0
2024-04-30,110.22,110.94,109.47,110.32,1359473.0
2024-05-01,110.31,112.0,109.92,111.33,1112872.0
2024-05-02,111.96,111.99,110.84,111.91,738028.0
2024-05-03,112.55,112.85,111.445,112.75,1021105.0
2024-05-06,112.95,112.95,111.67,112.49,967292.0
2024-05-07,113.3,113.848,112.47,113.34,837050.0
2024-05-08,113.18,114.76,112.35,114.73,963797.0
2024-05-09,114.61,116.5,114.15,116.33,1461276.0
2024-05-10,116.86,116.86,115.45,115.49,1023139.0
2024-05-13,115.57,116.41,115.09,115.31,794872.0
2024-05-14,115.89,115.93,114.17,114.78,723586.0
2024-05-15,116.0,116.63,115.685,116.09,599125.0
2024-05-16,116.01,117.17,115.86,116.78,742525.0
2024-05-17,116.94,116.94,116.16,116.6,770876.0
2024-05-20,117.0,117.3,115.88,116.35,730176.0
2024-05-21,116.67,117.445,116.21,117.18,596854.0
2024-05-22,116.41,117.0,114.81,115.06,854327.0
2024-05-23,114.21,114.48,112.02,112.06,733708.0
2024-05-24,112.4,113.0,111.78,112.96,637632.0
2024-05-28,112.85,114.05,112.842,113.0,879086.0
2024-05-29,112.29,112.36,110.92,110.97,788787.0
2024-05-30,111.52,112.81,111.48,112.75,760390.0
2024-05-31,113.17,116.61,112.63,116.53,1519679.0
2024-06-03,116.49,117.03,115.69,116.24,1026400.0
2024-06-04,115.92,116.86,115.14,116.53,753708.0
2024-06-05,115.95,116.28,114.39,114.54,822482.0
2024-06-06,114.06,114.89,113.43,113.54,746038.0
2024-06-07,112.15,113.15,112.075,112.33,747972.0
2024-06-10,112.2,113.4,111.84,112.64,1093642.0
2024-06-11,111.69,113.8599,111.365,113.74,1390330.0
2024-06-12,115.2,115.3,112.32,112.63,999361.0
2024-06-13,112.51,113.2,111.4401,112.54,1521202.0
2024-06-14,112.04,112.95,111.68,112.14,766228.0
2024-06-17,110.32,111.465,109.83,110.76,1178423.0
2024-06-18,110.4,110.79,109.57,110.57,946019.0
2024-06-20,110.6,111.84,110.13,111.12,902048.0
2024-06-21,111.63,112.45,110.76,110.91,1884679.0
2024-06-24,110.96,113.165,110.84,112.8,839675.0
2024-06-25,112.14,112.57,109.95,110.02,1208099.0
2024-06-26,109.37,110.81,108.95,110.45,957156.0
2024-06-27,110.55,111.42,110.14,111.25,669353.0
2024-06-28,111.7,111.72,110.43,111.01,1566147.0
2024-07-01,111.44,111.75,108.8,109.12,890941.0
2024-07-02,109.53,109.83,109.0,109.4,727909.0
2024-07-03,109.39,110.7,109.2,109.24,350278.0
2024-07-05,109.32,110.17,108.955,109.77,937887.0
2024-07-08,109.75,110.0,108.71,109.01,972112.0
2024-07-09,108.75,109.86,108.57,108.67,968231.0
2024-07-10,109.21,109.45,108.4,109.08,1025566.0
2024-07-11,109.87,113.5,109.73,113.18,1903967.0
2024-07-12,113.62,115.25,113.25,114.48,1039226.0
2024-07-15,113.84,114.83,112.65,113.13,1133642.0
2024-07-16,113.58,114.865,113.14,114.7,1118337.0
2024-07-17,115.16,118.53,114.77,117.34,1274864.0
2024-07-18,116.36,118.58,116.335,116.68,1018925.0
2024-07-19,117.59,117.59,115.4811,116.09,671545.0
2024-07-22,116.65,117.39,115.97,117.21,760917.0
2024-07-23,117.04,117.155,115.8,115.9,647171.0
2024-07-24,117.16,118.35,116.39,117.91,954024.0
2024-07-25,118.32,120.54,117.21,118.19,1063427.0
2024-07-26,119.32,119.32,117.0,118.19,1712734.0
2024-07-29,118.21,119.56,117.44,119.11,882121.0
2024-07-30,119.01,120.84,118.49,120.63,807535.0
2024-07-31,120.69,120.88,119.56,120.53,1046709.0
2024-08-01,121.07,123.54,120.47,123.38,1101916.0
2024-08-02,125.0,126.76,121.69,123.24,1256131.0
2024-08-05,124.27,124.42,118.65,118.79,1099742.0
2024-08-06,118.79,120.55,118.13,119.07,1430692.0
2024-08-07,119.45,121.37,118.78,120.1,1012176.0
2024-08-08,119.25,120.55,119.15,119.89,804242.0
2024-08-09,120.05,120.3,117.91,119.91,634234.0
2024-08-12,119.62,120.65,119.38,120.6,639653.0
2024-08-13,120.99,121.6,120.44,121.3,743903.0
2024-08-14,120.95,122.79,120.5437,122.03,767553.0
2024-08-15,121.23,122.19,120.765,121.98,987646.0
2024-08-16,122.44,122.94,121.44,121.89,2423752.0
2024-08-19,121.91,123.36,121.91,123.27,744312.0
2024-08-20,123.52,124.015,122.67,122.93,580652.0
2024-08-21,123.1,123.79,122.77,123.32,579157.0
2024-08-22,123.48,123.83,122.37,123.34,757650.0
2024-08-23,123.86,124.15,123.26,123.82,489227.0
2024-08-26,124.23,125.51,123.7,124.67,442166.0
2024-08-27,124.5,125.005,123.2801,123.88,549226.0
2024-08-28,124.26,125.335,124.015,124.4,701713.0
2024-08-29,124.4,124.63,123.22,124.59,580526.0
2024-08-30,124.78,125.18,123.89,125.02,656114.0
2024-09-03,125.0,126.58,124.79,125.54,793815.0
2024-09-04,126.08,127.59,125.33,126.32,709405.0
2024-09-05,127.31,127.31,122.73,123.66,2609848.0
2024-09-06,124.04,124.965,122.95,123.19,1709127.0
2024-09-09,123.15,124.95,122.58,124.62,1030691.0
2024-09-10,124.69,126.08,124.46,125.55,1278657.0
2024-09-11,125.28,125.28,123.21,124.38,1162442.0
2024-09-12,124.37,124.835,123.59,124.49,933095.0
2024-09-13,124.8,125.99,123.67,125.95,806487.0
2024-09-16,126.37,126.77,125.685,126.36,1018504.0
2024-09-17,126.18,126.71,125.19,125.68,832361.0
2024-09-18,125.76,126.0417,122.84,124.42,1301389.0
2024-09-19,123.78,124.27,122.88,123.53,2089784.0
2024-09-20,123.6,125.48,123.04,125.09,1834078.0
2024-09-23,125.45,126.77,124.76,126.41,969439.0
2024-09-24,125.59,127.01,124.995,125.29,744023.0
2024-09-25,126.13,126.13,124.2,125.54,964788.0
2024-09-26,125.26,126.5,125.05,125.58,639349.0
2024-09-27,126.21,127.89,126.04,127.38,990768.0
2024-09-30,128.0,128.48,126.72,128.41,1117743.0
2024-10-01,128.58,129.53,127.97,128.7,780368.0
2024-10-02,127.43,129.0,126.75,128.7,763534.0
2024-10-03,128.76,128.93,127.3,127.55,868530.0
2024-10-04,126.15,127.27,125.7,126.98,721390.0
2024-10-07,126.7,126.7,125.03,125.29,962866.0
2024-10-08,126.1,126.55,125.4,125.48,844371.0
2024-10-09,125.39,126.11,124.09,124.52,1871468.0
2024-10-10,124.75,125.53,123.59,123.68,789321.0
2024-10-11,124.13,125.21,123.92,124.87,880677.0
2024-10-14,124.92,125.94,124.75,125.58,830740.0
2024-10-15,126.43,128.06,126.4,127.39,1901473.0
2024-10-16,127.6,128.87,127.38,128.47,780690.0
2024-10-17,128.52,128.95,128.035,128.44,1137262.0
2024-10-18,128.78,129.275,127.8685,128.9,776913.0
2024-10-21,129.02,129.35,127.32,127.96,892715.0
2024-10-22,127.6,128.529,126.955,128.23,747740.0
2024-10-23,128.04,130.04,127.85,129.99,1388983.0
2024-10-24,130.0,131.665,129.18,129.77,1575114.0
2024-10-25,130.06,130.145,126.46,126.57,1275942.0
2024-10-28,127.48,127.64,126.51,126.63,939652.0
2024-10-29,125.89,125.89,123.77,123.93,823266.0
2024-10-30,124.78,125.0,123.5,124.14,1002939.0
2024-10-31,123.72,125.355,123.72,124.22,900597.0
2024-11-01,124.19,124.535,121.09,121.29,992480.0
2024-11-04,121.04,122.01,120.26,121.63,911310.0
2024-11-05,121.63,123.53,121.41,123.43,749649.0
2024-11-06,122.75,123.67,120.975,121.57,1570293.0
2024-11-07,122.15,123.17,115.59,117.04,3753816.0
2024-11-08,117.65,119.36,117.15,117.8,3021522.0
2024-11-11,117.79,119.92,117.77,119.73,1320942.0
2024-11-12,119.49,120.74,119.49,120.07,1578275.0
2024-11-13,120.75,120.82,117.895,118.62,1458678.0
2024-11-14,118.97,120.535,118.96,119.41,1624747.0
2024-11-15,119.12,120.34,118.945,120.09,3097978.0
2024-11-18,119.67,121.09,119.32,120.5,1552095.0
2024-11-19,120.13,121.76,119.89,121.68,2337933.0
2024-11-20,121.7,122.425,121.27,122.18,1575796.0
2024-11-21,122.39,124.09,121.85,123.98,1550615.0
2024-11-22,124.07,125.05,123.98,124.6,1178522.0
2024-11-25,125.01,125.6,124.69,125.18,1567850.0
2024-11-26,125.36,125.63,124.63,125.45,1148492.0
2024-11-27,125.98,127.53,125.88,126.08,1127691.0
2024-11-29,126.31,126.355,125.25,125.78,589041.0
2024-12-02,125.77,125.85,123.42,123.6,1095159.0
2024-12-03,125.31,125.435,122.91,122.98,1207388.0
2024-12-04,122.89,123.4,121.77,122.29,1047585.0
2024-12-05,122.33,123.17,122.075,122.42,1094703.0
2024-12-06,122.5,122.65,121.15,121.57,1381869.0
2024-12-09,121.39,122.25,121.15,121.8,1454300.0
2024-12-10,121.56,122.26,119.52,121.97,1381262.0
2024-12-11,121.93,122.28,120.8,121.0,1448200.0
2024-12-12,121.48,121.69,120.62,120.78,1302870.0
2024-12-13,120.87,121.93,120.43,121.28,1439497.0
2024-12-16,120.31,123.07,119.84,121.35,2428698.0
2024-12-17,120.82,122.94,120.23,120.7,1857225.0
2024-12-18,120.3,120.81,117.49,117.53,1409811.0
2024-12-19,116.92,119.28,116.65,118.11,1358486.0
2024-12-20,116.94,120.485,116.7,120.18,3035845.0
2024-12-23,120.05,120.41,118.9219,120.25,899028.0
2024-12-24,120.07,120.81,120.07,120.76,299561.0
2024-12-26,120.25,121.35,120.04,121.09,532940.0
2024-12-27,120.39,122.08,120.1,121.35,1073408.0
2024-12-30,121.0,121.0,119.43,120.55,734936.0
2024-12-31,120.61,121.43,120.02,120.75,646040.0
2025-01-02,122.83,122.83,120.65,121.07,693160.0
2025-01-03,121.24,122.3,120.75,121.58,906088.0
2025-01-06,121.57,121.605,119.46,119.67,893374.0
2025-01-07,119.74,121.425,119.695,120.38,844652.0
2025-01-08,119.57,121.09,118.95,121.01,814858.0
2025-01-10,120.14,120.8,118.36,119.02,1082752.0
2025-01-13,119.08,119.08,116.76,118.22,710364.0
2025-01-14,118.29,120.15,117.95,119.43,823226.0
2025-01-15,121.36,121.725,120.11,120.61,843020.0
2025-01-16,120.28,123.0,120.28,122.99,903627.0
2025-01-17,122.75,124.0928,122.4,123.66,697184.0
2025-01-21,124.31,125.602,123.44,123.89,1209305.0
2025-01-22,123.32,123.42,119.9,120.23,1080834.0
2025-01-23,120.82,121.25,116.3,119.51,2738780.0
2025-01-24,119.45,120.25,118.855,119.1,1107886.0
2025-01-27,120.4,122.13,118.11,121.73,1342672.0
2025-01-28,121.25,121.26,118.06,118.6,1214861.0
2025-01-29,118.87,119.6729,117.56,117.6,1262956.0
2025-01-30,118.88,119.73,118.25,119.33,1106222.0
2025-01-31,119.02,120.73,118.82,119.88,1393983.0
2025-02-03,119.06,121.4,118.2,120.9,1478738.0
2025-02-04,120.17,121.13,119.0,120.65,848301.0
2025-02-05,121.84,123.24,121.19,122.69,1253598.0
2025-02-06,122.78,123.0,121.58,122.56,1056700.0
2025-02-07,122.21,122.88,121.445,122.7,1177399.0
2025-02-10,122.64,123.815,122.12,123.71,1095221.0
2025-02-11,123.22,124.94,122.215,124.89,924532.0
2025-02-12,123.56,124.545,122.85,124.19,1340132.0
2025-02-13,123.71,128.74,123.475,127.81,2582925.0
2025-02-14,128.67,130.22,128.34,129.04,1891675.0
2025-02-18,129.8,130.36,128.57,129.55,1427597.0
2025-02-19,129.02,130.53,128.97,130.38,1038168.0
2025-02-20,129.61,131.84,128.27,131.18,1505847.0
2025-02-21,130.76,132.8799,129.8,131.99,1079830.0
2025-02-24,132.4,133.45,130.85,132.38,782928.0
2025-02-25,132.39,133.49,132.39,133.39,993562.0
2025-02-26,132.87,133.4162,131.84,132.65,877264.0
2025-02-27,131.82,133.0,131.19,131.84,698014.0
2025-02-28,133.07,134.11,131.72,133.7,1161939.0
2025-03-03,133.32,135.24,132.95,135.24,1082159.0
2025-03-04,135.99,136.28,131.63,131.94,1298324.0
2025-03-05,131.02,133.09,130.72,132.05,1703176.0
2025-03-06,132.01,132.01,129.69,130.54,844963.0
2025-03-07,130.88,132.55,130.57,131.68,2407952.0
2025-03-10,132.26,133.94,130.15,132.01,2422642.0
2025-03-11,132.29,132.83,131.11,132.03,1499160.0
2025-03-12,131.4,132.42,130.95,131.36,993613.0
2025-03-13,131.6,133.01,130.93,132.71,1214051.0
2025-03-14,132.5,135.52,132.32,135.26,1086242.0
2025-03-17,133.97,136.31,133.33,135.6,1740456.0
2025-03-18,134.39,135.925,134.39,135.36,1541636.0
2025-03-19,135.01,136.76,134.87,136.17,1809735.0
2025-03-20,136.44,137.03,135.74,136.94,1954850.0
2025-03-21,136.66,138.22,135.54,137.11,3749479.0
2025-03-24,137.29,138.09,135.97,136.15,1125024.0
2025-03-25,135.75,136.48,132.995,134.5,1585908.0
2025-03-26,134.62,136.15,134.6,135.72,1773771.0
2025-03-27,136.02,136.39,134.95,135.2,1204808.0
2025-03-28,136.18,137.19,135.49,136.57,1597816.0
2025-03-31,137.19,139.05,136.63,138.27,1190263.0
2025-04-01,137.46,138.365,136.81,137.92,893330.0
2025-04-02,137.66,138.94,136.5543,138.0,1055727.0
2025-04-03,139.3,140.39,137.68,139.49,1946705.0
2025-04-04,139.7,140.315,130.64,131.8,1731994.0
2025-04-07,129.5,131.27,126.0901,127.95,2373014.0
2025-04-08,130.36,131.21,125.715,127.39,1528089.0
2025-04-09,126.17,131.36,123.69,130.51,1870226.0
2025-04-10,129.83,130.9,126.71,128.75,1848824.0
2025-04-11,128.29,129.8925,126.7535,129.82,2023323.0
2025-04-14,130.35,133.962,129.9377,133.19,1398560.0
2025-04-15,133.19,134.27,132.555,132.92,1459870.0
2025-04-16,134.11,134.245,131.48,132.02,781208.0
2025-04-17,132.71,135.29,132.685,133.55,1389433.0
2025-04-21,132.83,133.275,130.19,131.78,2357646.0
2025-04-22,133.09,136.42,132.795,135.8,2344937.0
2025-04-23,135.51,136.76,134.04,136.16,2383757.0
2025-04-24,135.69,137.75,134.91,136.98,1832973.0
2025-04-25,136.66,136.79,134.32,134.76,1294718.0
