Date,open,high,low,close,volume
2015-04-27,114.05,114.11,111.28,111.39,5613488.0
2015-04-28,110.9,111.77,110.05,110.58,5719948.0
2015-04-29,110.17,110.31,108.07,108.71,7141611.0
2015-04-30,108.56,109.21,106.62,106.98,8116745.0
2015-05-01,106.98,109.79,106.85,109.55,6684016.0
2015-05-04,109.94,110.45,109.32,110.06,3350480.0
2015-05-05,109.2,109.88,107.98,108.06,4152006.0
2015-05-06,108.2,108.91,107.24,108.31,3994896.0
2015-05-07,108.4,110.72,108.25,110.04,5390875.0
2015-05-08,112.4,113.48,112.11,112.47,6432077.0
2015-05-11,112.24,112.91,111.81,111.9,3719413.0
2015-05-12,111.12,112.82,110.83,112.52,4046640.0
2015-05-13,112.92,112.95,111.1,111.19,4338106.0
2015-05-14,112.05,112.22,110.83,111.94,3809328.0
2015-05-15,111.92,113.4,111.82,113.35,4558623.0
2015-05-18,113.87,114.6,113.16,114.33,6821283.0
2015-05-19,116.12,116.48,112.34,112.34,11123896.0
2015-05-20,112.19,112.89,111.22,112.1,6993315.0
2015-05-21,111.98,112.33,111.62,112.01,4223293.0
2015-05-22,111.87,112.53,111.46,112.16,3688283.0
2015-05-26,112.0,112.18,110.69,110.93,4213993.0
2015-05-27,111.04,112.53,110.81,112.16,4131422.0
2015-05-28,111.91,112.7,111.86,112.19,2802950.0
2015-05-29,111.84,112.59,111.37,111.42,5106313.0
2015-06-01,111.97,112.34,111.25,111.67,5036966.0
2015-06-02,110.75,112.18,110.64,111.59,6085896.0
2015-06-03,111.72,113.48,111.45,113.16,6337451.0
2015-06-04,112.52,113.16,111.17,111.46,4306369.0
2015-06-05,111.34,111.36,110.27,110.37,4498278.0
2015-06-08,110.14,110.81,109.83,109.93,3448990.0
2015-06-09,109.79,110.25,109.03,109.53,3610467.0
2015-06-10,109.9,111.19,109.39,110.98,3965401.0
2015-06-11,111.0,112.33,111.0,111.29,3599810.0
2015-06-12,110.89,111.59,110.41,110.6,4292311.0
2015-06-15,110.23,110.45,109.55,110.01,3924978.0
2015-06-16,109.9,110.45,109.75,110.23,3506406.0
2015-06-17,110.73,111.29,109.96,110.47,5716976.0
2015-06-18,111.06,112.3,110.76,111.85,7220818.0
2015-06-19,111.64,113.3,111.44,112.43,9111833.0
2015-06-22,112.93,113.62,112.78,113.07,3174488.0
2015-06-23,113.24,113.59,112.93,113.18,3019189.0
2015-06-24,112.94,113.68,112.35,112.35,3706767.0
2015-06-25,113.24,113.71,112.24,112.24,4466325.0
2015-06-26,112.77,113.34,112.23,112.6,4097675.0
2015-06-29,111.56,112.32,110.46,110.54,5171919.0
2015-06-30,111.15,111.76,110.59,111.13,5813618.0
2015-07-01,112.45,112.81,111.47,112.07,4115278.0
2015-07-02,112.58,112.75,111.1,111.49,3830156.0
2015-07-06,110.27,111.93,110.17,111.32,3856295.0
2015-07-07,111.72,112.64,110.7,112.4,5514130.0
2015-07-08,111.72,112.46,110.8,111.0,3785679.0
2015-07-09,112.32,112.59,111.2,111.38,3516006.0
2015-07-10,112.67,113.48,112.09,113.1,4626711.0
2015-07-13,114.21,115.02,114.06,114.9,4124099.0
2015-07-14,114.5,115.53,114.39,115.36,3684493.0
2015-07-15,115.42,116.15,115.07,115.58,3364611.0
2015-07-16,115.87,115.91,113.83,114.73,5229879.0
2015-07-17,114.49,115.0,114.0,114.47,5487231.0
2015-07-20,112.25,114.11,112.17,113.41,5897290.0
2015-07-21,113.41,113.97,112.67,113.86,4599164.0
2015-07-22,113.96,115.08,113.8,114.9,5481427.0
2015-07-23,115.21,116.11,114.43,114.59,4306772.0
2015-07-24,114.74,115.23,113.43,113.59,4397189.0
2015-07-27,113.37,113.89,112.71,113.07,4465096.0
2015-07-28,113.76,115.03,113.18,114.84,4156216.0
2015-07-29,115.16,116.76,115.11,116.37,4851846.0
2015-07-30,115.94,116.74,115.34,116.46,3278659.0
2015-07-31,116.98,118.13,116.37,117.03,4169545.0
2015-08-03,117.62,117.7,116.16,116.89,3645015.0
2015-08-04,116.63,117.82,116.25,117.53,2987710.0
2015-08-05,118.38,118.53,117.1,118.0,4289242.0
2015-08-06,118.39,118.5,116.07,116.56,4767408.0
2015-08-07,116.7,117.16,115.78,116.93,3984484.0
2015-08-10,117.53,118.34,117.36,117.6,3353290.0
2015-08-11,117.02,118.14,116.76,117.69,3761921.0
2015-08-12,117.13,117.88,115.7,117.69,4575839.0
2015-08-13,118.0,120.14,117.79,119.02,6212592.0
2015-08-14,119.3,119.89,118.46,119.75,5133737.0
2015-08-17,119.1,120.75,118.73,119.7,7227591.0
2015-08-18,121.83,123.8,121.15,122.8,11015064.0
2015-08-19,122.67,123.79,122.13,122.76,6481716.0
2015-08-20,121.98,122.53,120.54,120.54,5549331.0
2015-08-21,119.54,120.36,116.15,116.16,10154989.0
2015-08-24,110.05,115.88,92.17,112.54,13628127.0
2015-08-25,117.0,117.0,110.89,110.97,10175741.0
2015-08-26,114.06,116.03,112.08,115.93,9298268.0
2015-08-27,117.5,118.09,115.33,117.66,7226927.0
2015-08-28,117.43,118.46,116.92,117.52,5002667.0
2015-08-31,117.01,117.49,115.93,116.46,5401683.0
2015-09-01,113.99,114.75,112.56,113.07,7384451.0
2015-09-02,114.83,116.48,114.32,116.48,6478885.0
2015-09-03,117.03,118.08,116.18,116.6,5276663.0
2015-09-04,114.68,115.69,113.49,114.42,5740794.0
2015-09-08,115.69,116.64,114.73,116.43,5719118.0
2015-09-09,117.11,117.47,113.7,113.97,5260707.0
2015-09-10,114.0,115.41,113.69,114.49,5247590.0
2015-09-11,113.97,115.46,113.7,115.44,4469603.0
2015-09-14,115.5,115.68,114.41,114.73,4246929.0
2015-09-15,114.78,116.63,113.9,116.18,4983785.0
2015-09-16,116.08,118.02,115.97,117.82,5280622.0
2015-09-17,118.33,119.82,117.27,117.91,6501286.0
2015-09-18,116.51,117.2,114.98,115.12,11263362.0
2015-09-21,115.96,117.11,115.27,116.58,5201064.0
2015-09-22,115.4,116.39,114.89,115.8,4621230.0
2015-09-23,115.85,116.55,115.66,116.17,4078423.0
2015-09-24,115.34,116.65,114.84,116.34,5099110.0
2015-09-25,117.23,118.16,116.04,116.74,5456365.0
2015-09-28,116.53,117.38,113.85,114.1,5918746.0
2015-09-29,114.21,114.93,111.8,112.91,7892744.0
2015-09-30,114.37,115.63,114.0,115.49,5372018.0
2015-10-01,116.23,117.13,114.74,117.03,5194482.0
2015-10-02,115.56,117.9,114.71,117.81,4339620.0
2015-10-05,118.75,119.29,117.91,119.2,4520586.0
2015-10-06,119.1,119.2,117.97,118.68,5202182.0
2015-10-07,119.2,119.84,118.49,119.65,4680064.0
2015-10-08,119.31,121.23,119.15,121.06,4698964.0
2015-10-09,121.27,121.5,120.47,121.33,3851112.0
2015-10-12,121.49,122.45,121.0,121.9,2849063.0
2015-10-13,121.77,122.29,121.14,121.61,2898264.0
2015-10-14,121.33,121.88,119.56,120.27,5190743.0
2015-10-15,120.62,122.03,120.4,121.81,3414293.0
2015-10-16,121.63,122.82,121.63,122.74,4052906.0
2015-10-19,122.61,123.2,122.2,123.1,3039480.0
2015-10-20,122.89,123.17,122.35,122.85,3279112.0
2015-10-21,123.29,124.02,122.75,123.3,3491807.0
2015-10-22,123.9,124.48,122.88,124.36,5802076.0
2015-10-23,125.01,125.75,122.97,124.61,5270388.0
2015-10-26,124.55,125.66,124.02,125.01,4548470.0
2015-10-27,124.51,125.09,123.82,124.47,3665839.0
2015-10-28,124.38,124.59,122.22,123.82,6819150.0
2015-10-29,123.42,124.07,122.75,123.63,4562673.0
2015-10-30,123.27,124.75,123.27,123.64,4967195.0
2015-11-02,124.24,124.64,123.38,124.41,3714335.0
2015-11-03,124.23,126.04,123.81,125.66,4301778.0
2015-11-04,125.48,125.87,124.62,125.38,4101194.0
2015-11-05,125.46,126.0,124.95,125.72,3050749.0
2015-11-06,125.27,126.11,124.82,125.98,3750510.0
2015-11-09,125.8,126.12,123.71,124.5,4988553.0
2015-11-10,124.49,125.41,124.04,125.26,3872188.0
2015-11-11,125.43,125.43,124.52,124.71,3247396.0
2015-11-12,124.18,124.97,123.06,123.81,4271857.0
2015-11-13,123.1,123.25,119.9,120.0,8691367.0
2015-11-16,120.05,121.03,118.61,120.84,7759329.0
2015-11-17,124.86,126.34,123.1,126.18,10499176.0
2015-11-18,126.44,126.73,124.66,126.54,6486449.0
2015-11-19,126.53,127.62,125.95,126.86,4658096.0
2015-11-20,127.36,130.21,127.09,130.21,8176465.0
2015-11-23,130.21,132.64,130.21,132.5,6328392.0
2015-11-24,131.93,133.93,131.74,133.6,6615042.0
2015-11-25,133.69,135.24,133.55,134.65,5299009.0
2015-11-27,134.81,135.47,134.53,134.74,3337660.0
2015-11-30,135.2,135.32,133.01,133.88,7433776.0
2015-12-01,133.52,134.63,133.26,134.43,5230945.0
2015-12-02,134.56,134.65,133.57,133.81,5019886.0
2015-12-03,133.52,134.12,130.8,130.93,6684566.0
2015-12-04,131.55,134.83,131.35,134.53,5380765.0
2015-12-07,134.0,134.79,133.19,133.93,5397968.0
2015-12-08,132.71,134.56,132.41,133.84,4725322.0
2015-12-09,133.21,134.78,131.51,131.9,5052513.0
2015-12-10,131.96,133.59,131.8,132.54,4185731.0
2015-12-11,131.09,132.19,130.31,130.44,5299759.0
2015-12-14,131.09,132.12,130.71,132.01,5952078.0
2015-12-15,132.62,133.49,131.19,131.29,4920583.0
2015-12-16,132.17,133.28,130.36,132.9,4693976.0
2015-12-17,133.06,133.54,130.99,131.35,4340039.0
2015-12-18,130.73,131.31,130.01,130.29,9805180.0
2015-12-21,131.0,131.61,130.18,131.31,3409026.0
2015-12-22,131.37,132.28,130.46,131.88,3398037.0
2015-12-23,132.49,133.34,131.88,133.11,3240828.0
2015-12-24,132.8,133.48,132.66,132.9,1517075.0
2015-12-28,132.25,132.9,131.89,132.68,2607217.0
2015-12-29,133.37,134.33,133.27,133.7,3036314.0
2015-12-30,133.58,134.06,133.28,133.35,2484809.0
2015-12-31,133.08,133.56,132.24,132.25,3178722.0
2016-01-04,130.11,131.07,129.45,131.07,8044450.0
2016-01-05,131.15,131.94,130.05,130.43,5316011.0
2016-01-06,129.0,129.9,128.56,129.08,8196176.0
2016-01-07,126.93,127.88,124.7,125.4,12538400.0
2016-01-08,126.44,126.53,123.5,123.9,7081244.0
2016-01-11,124.87,126.08,124.09,125.78,6783563.0
2016-01-12,126.78,128.8,125.83,127.49,5661739.0
2016-01-13,127.47,127.47,120.97,121.4,8911213.0
2016-01-14,121.29,121.51,118.2,119.62,13379724.0
2016-01-15,117.12,121.15,116.1,119.23,10476385.0
2016-01-19,120.54,121.89,118.8,119.76,6342604.0
2016-01-20,117.89,118.66,113.58,116.46,11187047.0
2016-01-21,117.38,121.94,117.14,120.22,8990673.0
2016-01-22,121.64,124.67,121.58,122.76,6553764.0
2016-01-25,123.38,123.85,121.56,121.71,4848700.0
2016-01-26,121.73,122.45,120.64,122.2,4469339.0
2016-01-27,122.46,124.32,120.86,121.57,5429642.0
2016-01-28,121.97,122.69,120.31,122.28,4868943.0
2016-01-29,123.17,125.76,122.75,125.76,7616144.0
2016-02-01,124.92,127.09,123.99,126.51,4616858.0
2016-02-02,125.41,126.43,124.71,125.27,5830704.0
2016-02-03,126.02,126.16,121.54,123.79,7482854.0
2016-02-04,123.65,123.9,119.45,121.11,9171639.0
2016-02-05,120.89,121.0,115.69,116.43,8115392.0
2016-02-08,114.93,115.96,109.62,111.85,11284993.0
2016-02-09,110.94,115.29,110.68,113.86,7572410.0
2016-02-10,114.5,116.16,114.05,114.33,5304582.0
2016-02-11,113.08,114.19,112.22,113.27,6446890.0
2016-02-12,114.88,116.43,113.52,116.32,5358816.0
2016-02-16,118.12,120.0,117.7,119.43,6958112.0
2016-02-17,120.45,121.68,119.87,121.21,5970653.0
2016-02-18,120.93,121.11,119.56,119.97,4457648.0
2016-02-19,119.82,121.7,118.75,121.69,5418470.0
2016-02-22,123.0,124.47,122.13,122.85,7789016.0
2016-02-23,127.0,127.19,123.35,124.53,11163386.0
2016-02-24,124.05,125.78,122.92,125.61,7930100.0
2016-02-25,125.76,126.86,124.89,126.86,4736776.0
2016-02-26,127.59,127.75,125.93,126.26,4607040.0
2016-02-29,126.26,126.99,124.05,124.12,5567867.0
2016-03-01,124.78,125.97,123.98,125.7,4900217.0
2016-03-02,125.48,125.87,124.46,125.59,3956576.0
2016-03-03,125.2,127.26,124.78,126.8,5008867.0
2016-03-04,127.37,127.49,125.16,125.56,6448069.0
2016-03-07,125.01,126.54,125.01,126.17,4161141.0
2016-03-08,125.22,128.2,125.0,126.72,5280716.0
2016-03-09,127.03,127.52,125.33,126.03,4046826.0
2016-03-10,126.2,127.0,124.31,125.89,4502357.0
2016-03-11,126.97,128.76,126.73,128.46,4626028.0
2016-03-14,128.43,129.66,128.1,128.84,3622538.0
2016-03-15,128.78,130.48,128.62,129.71,4034099.0
2016-03-16,129.63,131.11,128.81,130.45,3607459.0
2016-03-17,130.1,131.19,129.32,130.88,4130995.0
2016-03-18,131.14,132.09,130.83,131.35,7956083.0
2016-03-21,131.53,132.13,130.27,131.01,3816754.0
2016-03-22,130.61,131.22,129.92,130.59,3946425.0
2016-03-23,130.59,131.18,129.95,130.22,3625009.0
2016-03-24,129.54,130.76,129.46,130.46,3449251.0
2016-03-28,130.6,131.81,130.49,131.08,2621141.0
2016-03-29,131.0,132.9,130.71,132.47,3405078.0
2016-03-30,133.11,133.93,132.84,133.42,3138015.0
2016-03-31,133.56,134.29,133.0,133.43,3685243.0
2016-04-01,133.1,135.2,133.1,134.85,4257861.0
2016-04-04,136.07,136.23,134.35,134.85,3547634.0
2016-04-05,134.2,135.7,133.9,134.58,4068495.0
2016-04-06,134.25,135.74,133.82,135.44,3365521.0
2016-04-07,134.73,135.24,133.12,133.87,3950235.0
2016-04-08,134.62,134.62,133.06,133.62,2924397.0
2016-04-11,133.58,135.08,132.96,133.01,3472649.0
2016-04-12,133.3,134.72,133.11,134.38,4230752.0
2016-04-13,134.86,134.86,133.22,133.84,4321907.0
2016-04-14,133.5,134.71,132.88,134.37,4183198.0
2016-04-15,134.41,135.27,133.97,135.01,3508644.0
2016-04-18,134.81,136.8,134.74,136.8,3964553.0
2016-04-19,136.8,137.0,134.85,135.44,4649461.0
2016-04-20,135.75,136.08,134.48,135.19,4755103.0
2016-04-21,135.23,135.49,134.39,134.6,3541740.0
2016-04-22,134.85,135.68,133.41,135.66,4180910.0
2016-04-25,135.18,135.73,134.28,135.65,2831398.0
2016-04-26,135.09,136.24,134.88,135.34,3503897.0
2016-04-27,135.37,136.28,134.76,135.75,3487448.0
2016-04-28,134.81,135.44,132.49,132.73,5551465.0
2016-04-29,132.71,134.3,131.75,133.89,4609003.0
2016-05-02,134.37,136.25,134.31,136.05,4281228.0
2016-05-03,135.45,135.84,134.04,134.54,3408398.0
2016-05-04,133.59,135.4,133.13,135.16,3191812.0
2016-05-05,134.87,135.37,133.75,134.67,3473997.0
2016-05-06,134.48,135.81,134.31,135.7,3356811.0
2016-05-09,135.59,136.47,135.24,136.24,3551818.0
2016-05-10,136.32,137.82,136.3,137.51,3659014.0
2016-05-11,136.8,137.05,134.04,134.3,6054211.0
2016-05-12,135.0,135.0,133.1,134.19,5354803.0
2016-05-13,133.81,135.33,133.03,133.13,5292527.0
2016-05-16,133.84,136.55,133.08,135.34,8362637.0
2016-05-17,133.15,134.49,131.1,132.0,15976961.0
2016-05-18,131.03,132.77,130.02,131.77,8258527.0
2016-05-19,131.45,132.13,130.78,131.73,4573626.0
2016-05-20,131.89,133.06,131.74,131.85,5086826.0
2016-05-23,131.84,132.48,131.3,131.42,3850115.0
2016-05-24,132.18,133.87,132.05,133.36,5175604.0
2016-05-25,133.46,134.52,133.05,133.2,5017516.0
2016-05-26,133.13,134.36,132.86,134.05,3996603.0
2016-05-27,134.07,134.9,133.38,133.94,4025265.0
2016-05-31,133.57,133.8,131.72,132.12,6363334.0
2016-06-01,131.58,132.12,131.15,131.83,4743846.0
2016-06-02,131.85,132.7,131.33,132.41,3855912.0
2016-06-03,132.53,132.73,130.92,131.74,4155850.0
2016-06-06,130.82,130.87,128.47,129.19,8050434.0
2016-06-07,129.38,130.8,129.32,129.92,4433801.0
2016-06-08,130.01,130.29,129.25,129.59,3742198.0
2016-06-09,129.27,129.84,129.04,129.3,3450618.0
2016-06-10,128.45,129.22,128.21,128.83,3925608.0
2016-06-13,128.94,129.45,127.78,127.83,4822812.0
2016-06-14,127.31,127.44,124.71,125.24,7295156.0
2016-06-15,125.74,127.75,125.49,126.53,5130672.0
2016-06-16,126.05,127.54,125.66,127.36,4431982.0
2016-06-17,127.52,127.78,126.73,127.14,7536503.0
2016-06-20,128.13,128.85,127.42,127.62,3880277.0
2016-06-21,127.96,128.31,127.28,127.74,3450827.0
2016-06-22,127.69,128.97,127.4,127.6,3719921.0
2016-06-23,128.98,129.1,127.45,128.29,4776172.0
2016-06-24,126.1,127.8,125.5,126.4,8973898.0
2016-06-27,125.34,125.75,125.04,125.29,350061.0
2016-06-28,125.89,127.53,125.6,127.53,5376423.0
2016-06-29,127.9,128.47,126.9,127.37,5779461.0
2016-06-30,127.27,127.86,126.1,127.69,6641790.0
2016-07-01,128.29,130.23,128.12,129.62,5644977.0
2016-07-05,129.6,130.48,128.5,129.35,4096529.0
2016-07-06,129.2,131.61,129.03,131.57,4928617.0
2016-07-07,131.25,132.18,130.56,131.16,3970509.0
2016-07-08,132.33,134.36,132.25,134.34,4804926.0
2016-07-11,134.83,135.88,134.45,135.15,4573713.0
2016-07-12,135.24,135.99,134.3,134.84,3611575.0
2016-07-13,134.84,135.2,133.1,133.56,4231548.0
2016-07-14,134.4,134.79,133.83,134.54,3122408.0
2016-07-15,135.12,135.59,134.65,134.78,5322753.0
2016-07-18,135.46,136.48,134.81,136.34,3725067.0
2016-07-19,136.07,137.05,135.56,136.98,3831522.0
2016-07-20,137.4,137.45,136.77,137.41,3091800.0
2016-07-21,136.76,137.14,135.47,136.07,4975106.0
2016-07-22,136.41,136.64,135.96,136.52,2623831.0
2016-07-25,136.55,136.85,136.15,136.5,3350046.0
2016-07-26,136.5,137.51,136.06,136.75,2573470.0
2016-07-27,137.01,137.69,135.96,136.31,3029514.0
2016-07-28,136.19,138.12,136.1,137.96,3229764.0
2016-07-29,137.46,138.72,137.44,138.24,3654720.0
2016-08-01,138.06,138.94,137.85,138.77,3152357.0
2016-08-02,138.91,139.0,136.82,137.22,3894119.0
2016-08-03,137.13,137.22,135.7,137.06,3642633.0
2016-08-04,135.79,137.2,135.46,136.05,3802914.0
2016-08-05,137.0,137.74,136.6,136.91,3022069.0
2016-08-08,136.91,137.4,136.16,136.21,3182761.0
2016-08-09,136.27,137.09,135.34,136.11,3178123.0
2016-08-10,136.3,136.89,135.06,135.6,3430829.0
2016-08-11,136.31,137.5,135.17,137.04,4178521.0
2016-08-12,136.0,137.39,135.63,136.57,4084766.0
2016-08-15,137.11,137.97,136.93,137.06,6314749.0
2016-08-16,137.65,138.65,135.66,136.23,7281388.0
2016-08-17,135.5,136.47,134.75,136.15,5222093.0
2016-08-18,136.03,136.15,134.44,134.8,4427493.0
2016-08-19,134.42,135.76,134.32,135.46,3781586.0
2016-08-22,135.6,135.85,135.02,135.34,2752422.0
2016-08-23,135.93,136.55,135.93,136.22,2957238.0
2016-08-24,135.77,136.25,134.81,135.06,3440153.0
2016-08-25,134.73,136.16,134.37,135.43,3166189.0
2016-08-26,135.43,136.18,133.92,134.36,4193274.0
2016-08-29,134.86,135.3,134.58,135.24,3224867.0
2016-08-30,134.8,135.05,133.63,134.1,3440420.0
2016-08-31,133.89,134.68,133.6,134.12,4650514.0
2016-09-01,134.48,135.06,133.66,134.23,3850786.0
2016-09-02,134.77,135.88,134.55,135.15,3398298.0
2016-09-06,134.96,135.72,133.88,134.1,4212692.0
2016-09-07,133.3,133.87,132.16,132.79,4672345.0
2016-09-08,131.55,132.94,131.12,131.26,5010484.0
2016-09-09,130.64,130.89,127.73,127.74,6208983.0
2016-09-12,126.5,128.85,126.0,128.59,7873960.0
2016-09-13,127.74,128.0,125.43,125.72,6367837.0
2016-09-14,125.61,126.94,125.56,126.26,4310725.0
2016-09-15,125.97,127.63,125.71,126.96,5101531.0
2016-09-16,127.02,127.02,125.7,126.11,6940052.0
2016-09-19,126.68,127.37,126.17,126.29,4471088.0
2016-09-20,126.86,127.33,126.33,126.83,3617680.0
2016-09-21,127.52,128.59,126.55,128.11,5355120.0
2016-09-22,128.82,129.65,128.72,128.75,4087011.0
2016-09-23,128.63,129.2,127.79,127.79,4460674.0
2016-09-26,127.1,127.23,125.35,125.45,5336764.0
2016-09-27,125.8,126.99,125.36,126.82,4425324.0
2016-09-28,127.21,128.53,127.06,128.27,5740245.0
2016-09-29,128.5,130.74,127.91,127.93,5983404.0
2016-09-30,127.87,129.24,127.63,128.68,5613636.0
2016-10-03,128.2,128.82,127.97,128.5,3652558.0
2016-10-04,128.53,129.92,127.95,128.2,4847942.0
2016-10-05,128.32,129.03,127.52,127.58,4107731.0
2016-10-06,126.87,130.45,126.43,130.19,7460441.0
2016-10-07,129.83,130.41,127.88,128.31,5496561.0
2016-10-10,128.45,128.94,127.25,127.25,4345486.0
2016-10-11,126.85,127.08,125.46,125.85,5106792.0
2016-10-12,125.85,127.16,125.71,126.69,3543326.0
2016-10-13,126.25,126.66,125.17,126.29,3655714.0
2016-10-14,126.9,127.56,126.42,126.42,4462034.0
2016-10-17,126.18,126.8,124.88,125.14,3746418.0
2016-10-18,126.15,126.25,125.15,125.74,3558690.0
2016-10-19,125.76,126.09,124.51,125.89,4095509.0
2016-10-20,125.95,127.08,125.57,126.25,3543223.0
2016-10-21,125.31,126.8,125.25,126.6,3217777.0
2016-10-24,127.23,128.14,127.23,127.78,3821029.0
2016-10-25,126.27,126.27,123.29,123.34,8723838.0
2016-10-26,122.83,123.75,122.4,122.71,5454156.0
2016-10-27,122.71,123.46,121.85,122.26,4261344.0
2016-10-28,122.7,124.09,122.2,123.58,4494671.0
2016-10-31,123.35,123.5,121.62,122.01,5671523.0
2016-11-01,121.69,122.25,119.2,119.89,7476837.0
2016-11-02,119.93,121.29,119.82,120.29,4841690.0
2016-11-03,120.34,120.93,120.08,120.18,5113481.0
2016-11-04,120.54,121.9,120.06,120.91,4605646.0
2016-11-07,122.5,123.98,122.31,123.75,5497371.0
2016-11-08,123.95,125.42,123.6,124.32,6096405.0
2016-11-09,120.95,126.26,120.32,126.02,8047121.0
2016-11-10,126.72,130.1,126.51,129.03,8722746.0
2016-11-11,129.06,130.13,128.72,129.85,5492166.0
2016-11-14,130.5,130.64,126.94,127.67,11424505.0
2016-11-15,127.07,127.67,122.92,124.4,13426357.0
2016-11-16,123.6,125.7,123.28,125.33,9771446.0
2016-11-17,125.87,129.14,125.7,128.93,6758869.0
2016-11-18,128.93,129.36,127.72,128.33,4428697.0
2016-11-21,128.28,128.9,127.41,128.22,4064958.0
2016-11-22,128.38,131.3,128.38,130.98,5521684.0
2016-11-23,131.36,131.99,130.86,131.21,3606202.0
2016-11-25,131.86,132.13,131.07,131.57,2545977.0
2016-11-28,131.25,131.65,130.17,130.64,4745660.0
2016-11-29,130.35,130.78,129.25,129.62,4122995.0
2016-11-30,129.34,130.32,128.81,129.4,6972768.0
2016-12-01,129.34,130.35,129.0,129.47,5398638.0
2016-12-02,129.04,130.61,128.91,129.87,3735762.0
2016-12-05,130.32,130.46,129.56,129.68,4064655.0
2016-12-06,130.13,130.14,128.67,128.74,4292431.0
2016-12-07,128.75,133.06,128.75,132.46,6985607.0
2016-12-08,132.21,133.13,131.58,132.53,4975117.0
2016-12-09,132.51,133.4,131.1,133.39,5168987.0
2016-12-12,133.13,134.66,133.13,134.58,6272158.0
2016-12-13,134.55,136.89,134.55,136.54,6789804.0
2016-12-14,136.05,136.88,135.75,135.98,7029182.0
2016-12-15,136.51,137.32,135.77,135.84,5837356.0
2016-12-16,136.11,136.61,135.05,135.11,9429092.0
2016-12-19,135.06,136.5,134.79,135.44,3460703.0
2016-12-20,135.65,137.24,135.43,137.11,4301112.0
2016-12-21,136.93,137.24,136.56,136.83,2705503.0
2016-12-22,136.25,137.0,135.18,135.43,4094479.0
2016-12-23,135.65,135.99,134.79,135.05,2337535.0
2016-12-27,134.76,135.72,134.71,135.26,2254729.0
2016-12-28,135.57,135.86,134.66,135.07,3321745.0
2016-12-29,135.02,135.85,134.63,135.1,2777884.0
2016-12-30,135.64,135.82,133.83,134.08,4149055.0
2017-01-03,135.1,135.51,133.59,134.31,5300408.0
2017-01-04,134.34,135.94,134.21,135.5,4050888.0
2017-01-05,134.98,135.46,133.78,133.9,3713445.0
2017-01-06,133.97,134.33,133.05,133.53,3824085.0
2017-01-09,133.22,134.76,133.14,134.31,4307454.0
2017-01-10,134.0,136.38,133.77,136.1,5927979.0
2017-01-11,136.1,136.38,134.74,135.7,4641181.0
2017-01-12,135.51,135.53,133.94,135.07,3600179.0
2017-01-13,134.92,135.75,134.76,135.04,3117699.0
2017-01-17,135.09,136.48,134.76,135.93,3976936.0
2017-01-18,135.9,136.29,134.92,136.16,3869676.0
2017-01-19,136.0,136.78,134.93,135.39,5078525.0
2017-01-20,135.26,136.0,134.6,135.6,4853602.0
2017-01-23,135.31,138.27,135.0,138.07,7037949.0
2017-01-24,137.88,138.38,137.3,138.06,4050949.0
2017-01-25,138.45,139.37,137.43,137.48,3630775.0
2017-01-26,138.01,139.18,137.71,138.46,2931349.0
2017-01-27,138.8,138.83,137.7,138.33,3145823.0
2017-01-30,137.99,138.49,136.86,138.47,2704897.0
2017-01-31,137.63,138.61,136.85,137.58,3225224.0
2017-02-01,137.66,137.96,136.53,137.44,2968601.0
2017-02-02,137.47,137.55,136.56,136.95,2195067.0
2017-02-03,137.26,138.47,136.97,137.98,2653721.0
2017-02-06,137.43,137.9,136.45,136.49,3863065.0
2017-02-07,137.16,137.7,136.33,136.65,3239015.0
2017-02-08,136.89,137.91,136.82,137.88,2879047.0
2017-02-09,137.78,139.15,137.41,138.71,2931853.0
2017-02-10,138.6,140.57,138.24,139.85,3296663.0
2017-02-13,140.48,140.65,139.05,139.87,2753063.0
2017-02-14,139.95,141.36,139.34,141.36,4775120.0
2017-02-15,141.27,142.66,140.95,142.19,4343492.0
2017-02-16,142.39,142.98,140.9,141.54,4295367.0
2017-02-17,141.36,143.12,141.0,143.0,5083284.0
2017-02-21,145.6,145.65,143.25,145.02,9274546.0
2017-02-22,145.05,145.47,143.97,145.25,5037239.0
2017-02-23,146.11,146.33,144.51,144.71,4179742.0
2017-02-24,144.65,146.08,144.65,145.95,3511799.0
2017-02-27,145.87,146.01,144.8,145.3,4381787.0
2017-02-28,144.98,145.63,144.46,144.91,4211164.0
2017-03-01,146.72,147.7,145.89,146.68,6213340.0
2017-03-02,147.08,148.23,146.39,147.95,4049660.0
2017-03-03,148.12,148.26,146.82,147.81,3413318.0
2017-03-06,147.13,147.51,146.58,147.13,3994426.0
2017-03-07,146.33,146.95,145.83,146.02,3995889.0
2017-03-08,146.22,147.12,145.92,146.92,3611512.0
2017-03-09,147.08,147.16,146.53,146.62,3594664.0
2017-03-10,147.24,147.46,146.45,146.85,3122443.0
2017-03-13,147.33,147.67,146.5,147.43,2814961.0
2017-03-14,147.27,147.59,146.46,147.16,3272674.0
2017-03-15,147.35,148.38,146.76,147.95,3670001.0
2017-03-16,148.4,149.19,148.01,148.73,3542308.0
2017-03-17,149.4,149.99,148.13,149.6,8995311.0
2017-03-20,149.38,149.59,147.7,147.8,5900558.0
2017-03-21,148.33,148.7,146.26,146.61,4522553.0
2017-03-22,146.73,147.93,146.06,147.36,3166437.0
2017-03-23,147.28,148.41,147.03,147.99,3219052.0
2017-03-24,147.85,150.15,147.01,147.71,4735350.0
2017-03-27,147.07,147.68,146.26,146.87,2943004.0
2017-03-28,147.29,147.35,145.94,147.2,4635513.0
2017-03-29,146.37,147.42,145.96,147.04,3729969.0
2017-03-30,146.72,147.38,146.43,146.95,2450779.0
2017-03-31,146.87,147.18,146.65,146.83,3248666.0
2017-04-03,146.94,147.2,146.09,146.62,3775271.0
2017-04-04,146.5,146.9,146.05,146.34,3124198.0
2017-04-05,146.63,148.44,146.58,146.64,3389861.0
2017-04-06,147.04,147.96,147.0,147.24,2699646.0
2017-04-07,147.1,147.8,146.9,147.13,2869103.0
2017-04-10,146.96,148.99,146.75,148.21,5043053.0
2017-04-11,147.91,148.65,147.1,148.2,2844788.0
2017-04-12,147.42,147.57,146.36,146.54,4444996.0
2017-04-13,146.42,147.01,145.87,145.91,2329537.0
2017-04-17,145.9,147.31,145.76,147.31,3467600.0
2017-04-18,147.06,148.18,146.77,147.76,2969308.0
2017-04-19,147.93,148.4,147.02,147.22,3460973.0
2017-04-20,147.66,149.05,147.44,148.72,3700070.0
2017-04-21,148.49,150.14,148.4,150.0,5019350.0
2017-04-24,151.08,152.06,150.85,151.89,5076437.0
2017-04-25,152.79,154.65,152.79,153.03,5495937.0
2017-04-26,153.11,154.8,152.4,154.22,5114867.0
2017-04-27,154.69,156.27,153.89,156.12,5881207.0
2017-04-28,156.01,156.25,154.1,156.1,4982778.0
2017-05-01,156.22,156.27,154.21,154.21,3151165.0
2017-05-02,154.49,155.16,153.76,154.95,3183018.0
2017-05-03,155.16,155.39,154.59,155.0,2445354.0
2017-05-04,155.46,155.64,154.26,154.86,3788653.0
2017-05-05,155.34,155.75,154.09,155.73,2500536.0
2017-05-08,155.85,157.16,155.49,156.89,3184532.0
2017-05-09,157.04,157.74,156.29,157.68,3001541.0
2017-05-10,157.52,158.15,157.3,158.13,2616863.0
2017-05-11,157.35,157.7,155.33,156.2,3924715.0
2017-05-12,156.39,157.2,155.75,156.92,2921187.0
2017-05-15,157.28,157.84,156.66,157.33,5833722.0
2017-05-16,160.11,160.86,158.05,158.26,10116835.0
2017-05-17,157.08,157.3,155.89,156.09,5931589.0
2017-05-18,155.48,156.66,155.24,155.7,4855440.0
2017-05-19,156.04,156.74,155.32,156.3,4781460.0
2017-05-22,156.49,157.0,155.8,155.96,3800638.0
2017-05-23,155.91,156.43,154.68,154.83,4640232.0
2017-05-24,154.7,155.43,153.29,155.0,4591762.0
2017-05-25,156.2,156.69,155.35,156.46,3107260.0
2017-05-26,156.1,156.42,154.64,154.9,4284369.0
2017-05-30,154.0,154.56,153.52,153.88,3499883.0
2017-05-31,154.36,154.38,153.28,153.51,7156354.0
2017-06-01,153.52,155.16,152.74,155.15,3383273.0
2017-06-02,154.79,155.86,154.42,155.35,3481327.0
2017-06-05,155.53,155.62,154.23,154.79,2651771.0
2017-06-06,154.44,154.66,153.65,154.2,3257777.0
2017-06-07,154.69,155.3,154.35,154.96,3158039.0
2017-06-08,155.16,155.23,153.38,153.5,4021411.0
2017-06-09,154.0,154.0,152.78,152.96,4705272.0
2017-06-12,152.8,153.3,151.73,152.18,4471076.0
2017-06-13,152.31,154.04,152.06,153.99,3749009.0
2017-06-14,154.5,157.28,153.96,156.76,5996462.0
2017-06-15,156.13,157.27,154.92,156.77,3972080.0
2017-06-16,156.25,156.69,155.41,156.64,9104773.0
2017-06-19,156.91,159.03,156.39,158.81,5195081.0
2017-06-20,158.73,159.22,157.6,157.67,4201221.0
2017-06-21,157.91,158.53,156.43,156.59,4070968.0
2017-06-22,156.44,157.07,155.47,155.48,3347363.0
2017-06-23,155.16,155.23,150.91,151.31,11419441.0
2017-06-26,151.67,151.97,151.13,151.42,4126987.0
2017-06-27,151.06,153.25,150.75,152.24,4566725.0
2017-06-28,152.75,153.45,152.36,153.23,5079113.0
2017-06-29,152.77,153.0,151.52,152.16,2852426.0
2017-06-30,152.51,154.0,152.27,153.4,3637683.0
2017-07-03,154.39,154.79,153.71,154.01,1658535.0
2017-07-05,154.01,154.29,151.46,152.69,4432527.0
2017-07-06,151.77,152.48,151.22,152.05,3404908.0
2017-07-07,152.04,152.87,151.9,152.23,3775372.0
2017-07-10,152.22,152.26,151.0,151.18,5081101.0
2017-07-11,151.49,151.79,150.5,150.59,3135746.0
2017-07-12,151.7,153.14,151.09,152.62,1817026.0
2017-07-13,152.87,154.12,152.6,153.23,1330006.0
2017-07-14,153.25,153.64,151.82,152.87,1657530.0
2017-07-17,152.92,154.5,152.72,153.95,1937771.0
2017-07-18,153.61,153.85,151.99,152.19,1678752.0
2017-07-19,152.55,154.0,152.55,153.3,2808385.0
2017-07-20,152.56,152.57,145.61,147.0,9867026.0
2017-07-21,147.39,147.46,146.13,146.6,4469287.0
2017-07-24,146.75,146.69,144.25,144.66,3510597.0
2017-07-25,145.91,147.4,145.28,146.97,2413802.0
2017-07-26,146.91,147.25,145.96,146.65,1308101.0
2017-07-27,146.18,147.86,145.89,147.73,5398659.0
2017-07-28,147.93,148.27,147.32,148.05,1699025.0
2017-07-31,148.0,149.98,147.54,149.6,5252318.0
2017-08-01,150.27,150.39,148.95,149.83,2448106.0
2017-08-02,149.98,150.86,149.92,150.47,1775772.0
2017-08-03,150.74,152.03,150.5,150.79,2623457.0
2017-08-04,151.25,152.74,150.81,152.7,1470261.0
2017-08-07,152.89,154.47,152.48,153.37,1703501.0
2017-08-08,153.3,154.2,153.09,153.38,1366911.0
2017-08-09,153.35,155.57,153.32,155.26,3844837.0
2017-08-10,155.19,155.98,153.88,153.88,4432713.0
2017-08-11,154.11,155.72,153.98,154.88,3649643.0
2017-08-14,156.04,156.05,153.56,154.26,6657765.0
2017-08-15,154.28,154.8,148.26,150.17,13524385.0
2017-08-16,151.45,152.95,151.16,152.25,6043303.0
2017-08-17,151.81,152.15,149.61,149.67,4460377.0
2017-08-18,149.61,149.61,146.96,147.49,6988308.0
2017-08-21,147.1,149.88,146.89,149.2,4222423.0
2017-08-22,149.29,150.58,149.29,149.91,3267404.0
2017-08-23,148.58,149.48,147.43,149.1,5235250.0
2017-08-24,149.73,150.6,147.98,148.25,3735764.0
2017-08-25,148.51,150.53,148.4,149.65,3046541.0
2017-08-28,151.94,152.39,150.43,151.39,6843271.0
2017-08-29,150.07,150.9,149.03,149.84,5368178.0
2017-08-30,150.0,150.25,149.28,150.0,3639968.0
2017-08-31,150.61,150.93,149.85,149.87,6082440.0
2017-09-01,150.26,150.94,149.76,150.78,3382972.0
2017-09-05,151.71,153.92,151.7,152.93,7508088.0
2017-09-06,154.86,157.03,154.15,156.56,8123952.0
2017-09-07,158.17,159.28,156.79,157.93,8266048.0
2017-09-08,159.09,160.69,157.52,159.66,10084073.0
2017-09-11,158.42,158.74,156.22,158.37,8847260.0
2017-09-12,159.06,160.93,158.71,159.91,5793853.0
2017-09-13,160.39,161.38,159.55,160.02,4713556.0
2017-09-14,160.35,160.85,159.33,159.38,5288792.0
2017-09-15,159.98,159.99,158.29,158.4,9123844.0
2017-09-18,159.0,159.0,157.69,157.81,4009680.0
2017-09-19,157.8,158.32,157.16,157.66,3713362.0
2017-09-20,157.57,159.39,157.36,158.68,4598097.0
2017-09-21,158.87,159.56,158.72,159.19,3082093.0
2017-09-22,159.14,160.09,159.01,159.97,3576079.0
2017-09-25,160.05,161.43,159.75,161.1,4896484.0
2017-09-26,161.55,162.0,160.79,161.26,3222646.0
2017-09-27,161.38,161.69,160.14,160.92,3966113.0
2017-09-28,160.72,162.45,160.66,162.36,4613680.0
2017-09-29,162.5,163.61,162.15,163.56,3465894.0
2017-10-02,164.2,164.25,163.22,164.02,2721172.0
2017-10-03,164.06,165.28,164.0,165.17,3046281.0
2017-10-04,165.49,166.08,164.91,165.29,2746513.0
2017-10-05,165.07,166.25,164.26,166.12,3503628.0
2017-10-06,166.18,166.63,165.74,165.85,2916141.0
2017-10-09,166.14,166.63,165.42,165.71,2131837.0
2017-10-10,165.7,165.8,164.64,165.16,2755438.0
2017-10-11,165.19,165.87,164.45,165.25,2319308.0
2017-10-12,165.41,165.41,164.47,164.59,3397775.0
2017-10-13,164.92,166.07,164.35,164.47,3259004.0
2017-10-16,164.47,164.67,163.26,164.22,2586716.0
2017-10-17,164.22,164.92,161.51,163.35,4189197.0
2017-10-18,163.42,164.24,163.35,163.45,2758595.0
2017-10-19,163.5,164.11,162.77,163.24,2676062.0
2017-10-20,163.97,164.15,162.74,163.43,4166481.0
2017-10-23,164.04,166.27,163.75,164.74,3995110.0
2017-10-24,164.67,166.46,164.65,166.03,3686663.0
2017-10-25,166.11,166.95,165.38,166.07,4189398.0
2017-10-26,166.39,167.94,166.11,167.65,3750464.0
2017-10-27,166.8,167.75,166.46,167.34,3720385.0
2017-10-30,166.99,166.99,164.88,165.31,3906265.0
2017-10-31,165.4,166.34,165.1,165.78,2922416.0
2017-11-01,166.42,166.74,165.12,165.38,3568321.0
2017-11-02,165.01,165.01,160.53,162.71,6518907.0
2017-11-03,163.01,164.99,162.68,164.39,3080941.0
2017-11-06,164.8,164.88,163.01,164.22,3275469.0
2017-11-07,164.09,164.4,162.83,163.66,3198129.0
2017-11-08,163.34,164.68,163.27,164.05,2912866.0
2017-11-09,164.1,164.14,162.28,163.27,3405186.0
2017-11-10,163.34,164.58,162.93,164.11,3554945.0
2017-11-13,164.64,166.64,164.25,165.35,7189270.0
2017-11-14,163.62,168.14,163.15,168.06,10284002.0
2017-11-15,167.44,167.44,165.35,165.47,5534520.0
2017-11-16,166.68,167.76,166.06,167.5,4587949.0
2017-11-17,167.0,168.43,166.06,167.74,4530127.0
2017-11-20,168.14,170.69,167.8,170.45,4699894.0
2017-11-21,170.53,172.86,170.15,172.86,6229029.0
2017-11-22,172.89,172.94,172.04,172.06,4133497.0
2017-11-24,172.11,173.1,171.74,172.33,1853587.0
2017-11-27,172.87,174.91,172.38,174.16,4539828.0
2017-11-28,174.89,176.77,172.99,176.57,6048963.0
2017-11-29,176.57,178.43,175.68,177.25,4902161.0
2017-11-30,178.07,180.67,177.41,179.82,9180664.0
2017-12-01,180.32,180.6,176.7,180.42,4683390.0
2017-12-04,183.19,186.31,183.19,184.9,6193849.0
2017-12-05,184.79,184.91,182.26,182.85,6347568.0
2017-12-06,180.25,182.15,178.68,180.8,6892458.0
2017-12-07,180.05,182.58,179.77,182.0,5484946.0
2017-12-08,182.5,183.9,182.16,183.41,5092113.0
2017-12-11,182.9,182.96,181.12,182.25,6038891.0
2017-12-12,182.75,183.21,181.66,181.8,5275512.0
2017-12-13,182.01,183.67,182.0,183.03,5177363.0
2017-12-14,183.59,184.0,182.06,182.13,3542922.0
2017-12-15,182.99,183.21,182.13,182.58,8202172.0
2017-12-18,183.5,185.47,183.5,184.73,5011891.0
2017-12-19,185.24,186.72,184.6,185.98,4576282.0
2017-12-20,187.0,187.9,186.04,187.31,5383692.0
2017-12-21,187.89,188.84,187.44,188.08,5859058.0
2017-12-22,188.46,188.46,187.27,188.13,3256564.0
2017-12-26,188.53,190.42,188.34,190.36,2969182.0
2017-12-27,190.6,191.49,190.01,190.19,5912613.0
2017-12-28,190.91,190.98,189.64,189.78,3175674.0
2017-12-29,190.74,190.74,189.53,189.53,4637827.0
2018-01-02,190.21,190.72,188.01,188.03,4684674.0
2018-01-03,188.0,189.36,187.82,189.01,4530468.0
2018-01-04,189.87,190.87,188.47,190.51,4047365.0
2018-01-05,190.93,192.54,190.51,192.5,4224807.0
2018-01-08,191.72,193.72,191.6,192.04,3508451.0
2018-01-09,192.7,193.47,191.64,193.1,3012324.0
2018-01-10,192.76,193.22,191.65,191.8,3119520.0
2018-01-11,191.68,194.73,191.4,194.68,3899237.0
2018-01-12,195.5,199.42,194.82,196.42,6748410.0
2018-01-16,197.86,198.95,195.7,196.31,5692715.0
2018-01-17,197.5,199.82,196.84,199.82,3996052.0
2018-01-18,199.78,200.24,197.66,198.33,4474606.0
2018-01-19,199.81,201.33,199.13,201.33,5809640.0
2018-01-22,201.6,204.47,201.51,204.46,4857697.0
2018-01-23,204.89,206.35,204.15,204.9,3621745.0
2018-01-24,205.2,207.1,204.55,206.22,4370661.0
2018-01-25,206.8,206.83,203.84,205.37,3537694.0
2018-01-26,205.6,207.31,204.44,207.23,3778050.0
2018-01-29,207.23,207.61,204.71,204.92,3632937.0
2018-01-30,201.47,203.15,191.57,201.81,5979620.0
2018-01-31,203.22,205.08,200.23,200.9,4547323.0
2018-02-01,199.34,202.25,198.28,199.9,3553795.0
2018-02-02,199.25,199.3,193.44,193.97,6178952.0
2018-02-05,190.07,194.3,180.38,183.11,10618526.0
2018-02-06,178.62,191.96,175.42,191.04,11682716.0
2018-02-07,190.73,194.52,189.72,191.29,6016847.0
2018-02-08,191.14,191.14,180.93,181.22,7241823.0
2018-02-09,183.25,186.0,175.79,184.12,9059239.0
2018-02-12,186.55,187.01,183.41,184.06,6783710.0
2018-02-13,183.23,183.99,180.89,183.72,4273771.0
2018-02-14,181.88,185.06,181.05,184.69,6767034.0
2018-02-15,186.74,187.19,183.26,185.27,5113323.0
2018-02-16,185.06,187.99,184.86,186.97,7619162.0
2018-02-20,189.9,191.44,186.31,186.71,8922129.0
2018-02-21,187.21,187.98,182.86,183.06,7527186.0
2018-02-22,183.72,186.22,182.91,185.47,5653924.0
2018-02-23,186.2,188.41,185.62,188.35,4315388.0
2018-02-26,189.17,189.79,187.86,188.46,4647963.0
2018-02-27,188.87,189.25,184.96,184.98,4618805.0
2018-02-28,184.41,186.65,182.27,182.27,6419903.0
2018-03-01,182.75,184.4,178.25,179.64,6123863.0
2018-03-02,177.72,179.19,176.34,178.46,5671038.0
2018-03-05,177.86,182.26,177.7,181.74,5748553.0
2018-03-06,182.75,183.0,179.51,181.64,5306777.0
2018-03-07,178.82,180.0,176.82,178.58,4799246.0
2018-03-08,179.44,179.98,176.73,177.94,4750745.0
2018-03-09,179.0,182.24,177.92,182.16,4477217.0
2018-03-12,182.43,183.06,179.55,179.71,4993318.0
2018-03-13,179.59,180.95,177.86,178.35,6128147.0
2018-03-14,179.1,179.66,175.89,177.41,4531510.0
2018-03-15,177.69,179.86,176.72,178.07,3936650.0
2018-03-16,178.43,180.4,177.97,178.96,8410919.0
2018-03-19,178.65,179.32,176.0,177.1,4744511.0
2018-03-20,177.64,178.89,177.16,178.16,4148338.0
2018-03-21,178.35,180.14,177.68,178.02,3494433.0
2018-03-22,177.42,178.56,175.08,175.29,5255092.0
2018-03-23,176.24,177.56,171.56,171.8,6021266.0
2018-03-26,174.11,176.8,173.52,176.38,7323601.0
2018-03-27,177.38,178.73,173.6,174.68,4713911.0
2018-03-28,175.24,177.53,173.92,174.76,4318636.0
2018-03-29,175.7,178.64,175.5,178.24,4423526.0
2018-04-02,177.15,177.69,170.42,172.9,7228925.0
2018-04-03,172.78,174.94,172.43,173.76,5283287.0
2018-04-04,170.8,177.84,170.42,177.44,4757299.0
2018-04-05,178.0,180.04,177.31,179.13,3799927.0
2018-04-06,177.98,178.52,173.35,174.45,5236946.0
2018-04-09,175.06,175.35,172.37,172.51,5079802.0
2018-04-10,174.03,174.19,172.24,173.49,4812883.0
2018-04-11,172.0,175.06,171.8,172.86,4228416.0
2018-04-12,173.31,174.24,172.9,173.36,3396657.0
2018-04-13,174.49,175.51,172.23,172.8,4311225.0
2018-04-16,174.23,175.6,173.32,174.43,3534205.0
2018-04-17,175.76,176.24,174.1,174.91,3106493.0
2018-04-18,175.0,180.25,174.99,179.85,5858880.0
2018-04-19,179.5,179.7,175.77,177.08,5407311.0
2018-04-20,177.85,178.89,176.32,177.01,5008614.0
2018-04-23,177.62,178.38,176.13,177.66,2987719.0
2018-04-24,179.3,180.0,175.05,176.26,4435423.0
2018-04-25,176.08,178.07,174.55,177.39,5587286.0
2018-04-26,178.46,185.93,178.08,185.72,8782470.0
2018-04-27,185.49,187.04,183.87,186.46,4382418.0
2018-04-30,186.99,187.8,184.8,184.8,4173189.0
2018-05-01,184.73,184.73,181.4,184.63,3423884.0
2018-05-02,184.49,187.12,183.75,185.91,3866503.0
2018-05-03,184.87,184.9,181.2,183.19,4123873.0
2018-05-04,182.75,186.35,181.84,185.03,3896175.0
2018-05-07,185.4,185.5,182.67,183.56,3582327.0
2018-05-08,183.45,185.3,182.5,185.04,4168151.0
2018-05-09,185.03,186.5,183.57,186.36,3392251.0
2018-05-10,185.97,187.97,185.88,187.16,3850116.0
2018-05-11,187.63,190.8,187.35,190.31,5355073.0
2018-05-14,191.5,191.65,189.86,191.08,7035919.0
2018-05-15,189.5,189.69,186.1,187.98,10147044.0
2018-05-16,189.28,189.28,185.9,186.38,5044785.0
2018-05-17,186.25,187.18,184.87,185.33,4227660.0
2018-05-18,185.75,188.21,185.55,187.42,4697850.0
2018-05-21,188.2,190.67,188.0,189.79,4147784.0
2018-05-22,190.06,190.78,186.52,186.87,4585635.0
2018-05-23,187.1,187.32,184.98,186.67,7387362.0
2018-05-24,186.79,187.41,184.67,187.15,3941299.0
2018-05-25,186.71,187.83,186.05,186.85,2730436.0
2018-05-29,185.55,186.83,184.25,185.0,4725486.0
2018-05-30,184.83,187.8,184.01,187.09,3976000.0
2018-05-31,187.16,187.36,185.25,186.55,4839948.0
2018-06-01,187.21,188.83,186.52,187.35,3706248.0
2018-06-04,188.22,191.54,187.97,191.36,4103328.0
2018-06-05,190.44,192.38,189.7,191.94,4231253.0
2018-06-06,193.07,193.59,191.21,193.59,4134745.0
2018-06-07,193.83,197.2,193.83,196.17,4378743.0
2018-06-08,195.87,198.5,195.01,198.33,4006213.0
2018-06-11,198.91,200.52,198.34,199.64,4242950.0
2018-06-12,199.84,201.34,199.51,201.31,4616661.0
2018-06-13,201.3,201.58,199.66,200.31,5128112.0
2018-06-14,200.26,201.0,198.16,199.67,4305893.0
2018-06-15,198.95,201.6,198.5,200.54,7820898.0
2018-06-18,198.94,200.91,198.11,200.69,3405347.0
2018-06-19,198.21,199.9,198.1,199.21,5501146.0
2018-06-20,200.0,200.13,198.12,199.08,3389588.0
2018-06-21,199.21,200.94,198.61,200.31,4695068.0
2018-06-22,200.79,201.2,197.17,197.41,7067329.0
2018-06-25,197.41,197.84,195.06,196.38,5127170.0
2018-06-26,196.58,197.33,195.6,196.36,3270629.0
2018-06-27,196.66,197.99,195.01,195.02,3771722.0
2018-06-28,195.0,196.01,193.51,195.21,2994073.0
2018-06-29,195.86,198.83,194.99,195.1,4106627.0
2018-07-02,193.82,194.18,192.12,194.02,3822776.0
2018-07-03,194.44,195.71,193.41,193.62,1608418.0
2018-07-05,194.49,194.74,193.13,194.41,3040575.0
2018-07-06,194.58,195.35,192.95,194.48,2552568.0
2018-07-09,195.7,196.71,195.03,196.08,2575076.0
2018-07-10,196.56,197.76,196.38,197.61,2842359.0
2018-07-11,197.22,197.76,195.95,196.95,3309295.0
2018-07-12,198.2,198.48,197.0,197.95,2709206.0
2018-07-13,198.46,199.93,198.46,198.69,2311624.0
2018-07-16,199.14,199.22,197.89,198.88,2530462.0
2018-07-17,198.63,201.43,198.63,201.1,4662847.0
2018-07-18,201.02,201.92,200.19,200.97,3787846.0
2018-07-19,200.89,203.23,200.55,202.63,3691097.0
2018-07-20,202.08,203.76,201.82,202.45,3568417.0
2018-07-23,202.46,203.39,201.9,202.23,2264267.0
2018-07-24,203.53,204.25,201.35,201.99,5058216.0
2018-07-25,201.4,202.29,199.07,201.0,4380559.0
2018-07-26,201.53,202.12,198.91,199.4,4280024.0
2018-07-27,200.21,200.49,196.68,197.14,3871568.0
2018-07-30,196.53,197.57,196.4,197.28,2331224.0
2018-07-31,197.69,198.03,196.87,197.52,2795866.0
2018-08-01,196.86,197.74,195.6,196.3,3086996.0
2018-08-02,195.1,195.84,193.55,195.66,3543511.0
2018-08-03,196.03,196.4,195.25,195.64,2309318.0
2018-08-06,195.62,196.06,195.11,195.69,2515673.0
2018-08-07,196.35,197.2,195.64,197.05,3052464.0
2018-08-08,197.44,198.91,197.3,198.02,2177400.0
2018-08-09,199.0,199.74,198.04,198.08,2465988.0
2018-08-10,197.34,197.93,195.64,196.3,2873006.0
2018-08-13,196.3,197.59,194.0,194.14,5294354.0
2018-08-14,195.17,195.98,191.27,193.1,11487974.0
2018-08-15,191.75,194.18,191.09,193.99,6049299.0
2018-08-16,194.02,196.09,193.72,195.39,5690109.0
2018-08-17,195.6,195.98,194.82,195.56,3885804.0
2018-08-20,195.84,198.44,195.4,197.93,2956741.0
2018-08-21,198.83,200.74,198.41,200.23,4124597.0
2018-08-22,200.8,203.55,198.65,198.97,5007014.0
2018-08-23,199.39,201.41,199.14,200.16,3595033.0
2018-08-24,200.35,202.5,200.0,201.3,3054321.0
2018-08-27,202.83,202.95,201.19,201.98,2521349.0
2018-08-28,202.3,202.42,200.63,201.97,3516441.0
2018-08-29,201.11,201.99,200.71,201.68,2488194.0
2018-08-30,201.0,201.44,199.1,199.26,2825582.0
2018-08-31,199.38,200.91,199.29,200.77,4023306.0
2018-09-04,200.69,205.92,200.5,205.08,4612762.0
2018-09-05,204.83,206.67,203.15,204.15,3667119.0
2018-09-06,204.59,207.09,203.8,205.89,3490531.0
2018-09-07,205.45,207.23,205.43,206.23,3672696.0
2018-09-10,208.13,211.62,208.13,210.69,5586552.0
2018-09-11,213.0,214.66,211.5,213.85,5969470.0
2018-09-12,214.03,215.43,210.91,211.98,5660075.0
2018-09-13,211.44,211.44,208.7,209.45,4701094.0
2018-09-14,210.19,210.53,207.55,209.07,3622393.0
2018-09-17,209.08,210.04,208.26,208.4,3074720.0
2018-09-18,208.63,211.73,208.16,211.02,4338462.0
2018-09-19,212.0,212.67,210.66,211.68,2579094.0
2018-09-20,211.66,212.61,211.01,211.06,4020776.0
2018-09-21,211.3,212.66,210.51,212.39,9749205.0
2018-09-24,211.52,211.84,207.96,207.99,4623688.0
2018-09-25,208.84,209.3,206.8,207.46,4443309.0
2018-09-26,208.58,209.14,207.23,207.52,2965845.0
2018-09-27,207.5,207.83,205.67,206.84,3218841.0
2018-09-28,206.44,208.85,206.35,207.15,3966222.0
2018-10-01,208.52,209.79,207.37,207.6,3670701.0
2018-10-02,207.49,208.04,204.67,204.75,4428039.0
2018-10-03,206.16,206.46,203.65,203.74,4162453.0
2018-10-04,203.65,203.76,198.27,198.85,5996170.0
2018-10-05,199.07,199.7,194.57,196.38,5016586.0
2018-10-08,196.24,198.66,195.06,198.41,3731816.0
2018-10-09,197.95,199.18,195.58,195.75,4466758.0
2018-10-10,199.11,199.24,193.35,193.7,6157921.0
2018-10-11,193.71,196.67,188.47,189.74,5831416.0
2018-10-12,192.75,193.59,190.16,192.47,5450229.0
2018-10-15,192.36,193.29,190.7,191.17,3642768.0
2018-10-16,191.83,194.08,190.61,193.58,4057412.0
2018-10-17,189.64,190.67,183.98,185.17,8985667.0
2018-10-18,184.26,185.4,179.53,180.44,9261963.0
2018-10-19,180.34,180.99,178.57,179.85,7004297.0
2018-10-22,180.82,181.4,177.56,178.75,4866716.0
2018-10-23,175.77,179.49,175.44,178.53,7004926.0
2018-10-24,178.58,182.37,176.31,176.97,6791655.0
2018-10-25,177.52,180.5,176.83,179.07,5227977.0
2018-10-26,176.88,177.34,170.91,172.23,9472382.0
2018-10-29,173.74,175.99,170.95,173.2,5918379.0
2018-10-30,173.16,176.43,172.64,176.24,5657107.0
2018-10-31,177.98,178.85,175.59,175.88,6339454.0
2018-11-01,176.84,180.86,175.9,180.46,5225343.0
2018-11-02,182.47,183.01,177.39,179.93,4730558.0
2018-11-05,181.02,182.41,179.3,182.19,3885319.0
2018-11-06,181.93,182.65,180.05,182.01,3339037.0
2018-11-07,183.79,187.68,182.06,187.23,4673834.0
2018-11-08,187.13,188.69,185.72,188.0,4054004.0
2018-11-09,188.32,188.48,184.96,185.99,4761172.0
2018-11-12,185.23,186.95,179.02,179.43,7590396.0
2018-11-13,177.3,181.62,172.85,179.0,14274029.0
2018-11-14,182.61,182.9,179.15,179.9,7561076.0
2018-11-15,179.01,179.67,173.61,177.36,8663136.0
2018-11-16,173.99,177.61,173.51,177.02,6834880.0
2018-11-19,176.71,178.88,172.3,173.59,6203443.0
2018-11-20,169.25,172.0,167.0,169.05,8661014.0
2018-11-21,170.0,170.93,169.15,169.3,5752238.0
2018-11-23,169.39,170.33,168.47,168.85,2710983.0
2018-11-26,170.2,172.39,168.87,169.82,6140476.0
2018-11-27,169.11,173.38,168.82,173.22,7084186.0
2018-11-28,172.91,177.65,170.62,177.43,7133627.0
2018-11-29,176.8,177.27,174.92,175.66,4329330.0
2018-11-30,175.75,180.37,175.11,180.32,8942386.0
2018-12-03,183.29,183.5,179.35,181.74,7609902.0
2018-12-04,181.06,182.23,174.55,175.3,7059563.0
2018-12-06,173.5,176.04,170.46,175.96,7571194.0
2018-12-07,175.35,178.36,172.24,172.79,6226078.0
2018-12-10,173.39,173.99,167.73,171.69,5373771.0
2018-12-11,174.3,175.6,171.24,172.21,5229405.0
2018-12-12,173.75,176.87,172.81,174.21,5912831.0
2018-12-13,174.31,174.91,172.07,173.87,6102173.0
2018-12-14,172.98,175.14,171.95,172.29,4265183.0
2018-12-17,171.51,171.99,166.93,167.97,5631716.0
2018-12-18,168.9,171.95,168.5,170.04,4462210.0
2018-12-19,170.92,174.95,166.77,167.56,6996948.0
2018-12-20,166.28,167.31,162.23,164.16,7675587.0
2018-12-21,162.81,167.96,160.17,160.48,13034103.0
2018-12-24,160.16,161.4,158.09,158.14,4547363.0
2018-12-26,159.46,168.28,159.44,168.28,6141459.0
2018-12-27,166.44,170.46,163.36,170.32,5069251.0
2018-12-28,171.22,173.12,168.6,170.22,4551989.0
2018-12-31,171.47,173.24,170.65,171.82,4206020.0
2019-01-02,169.71,173.18,169.05,172.41,4242898.0
2019-01-03,171.84,171.84,168.21,168.61,4810468.0
2019-01-04,170.18,174.74,169.52,173.62,4762627.0
2019-01-07,173.83,178.18,173.83,177.04,4928789.0
2019-01-08,178.57,179.59,175.61,177.89,4722367.0
2019-01-09,177.87,181.27,177.1,179.73,4922046.0
2019-01-10,178.03,179.24,176.34,179.06,3605294.0
2019-01-11,177.93,180.26,177.12,179.41,3285063.0
2019-01-14,177.59,179.23,176.9,178.81,3871399.0
2019-01-15,176.08,177.82,175.2,176.47,5016065.0
2019-01-16,177.09,177.93,175.86,177.04,4075410.0
2019-01-17,174.01,175.46,172.0,174.87,6499188.0
2019-01-18,176.98,180.04,176.18,179.58,6371422.0
2019-01-22,177.49,178.6,175.36,177.11,6272715.0
2019-01-23,176.59,178.06,174.53,176.89,4910402.0
2019-01-24,177.0,177.53,175.3,177.29,3860309.0
2019-01-25,179.78,180.87,178.61,180.4,4502516.0
2019-01-28,178.97,179.99,177.41,179.83,4091373.0
2019-01-29,178.96,180.15,178.09,179.69,3686877.0
2019-01-30,180.47,184.2,179.78,182.18,5197765.0
2019-01-31,181.5,184.67,181.06,183.53,5138001.0
2019-02-01,184.03,185.15,182.83,184.37,4513184.0
2019-02-04,184.3,186.43,183.84,186.43,3050201.0
2019-02-05,186.89,186.99,184.69,186.39,4135159.0
2019-02-06,186.69,186.69,184.06,184.72,3072472.0
2019-02-07,183.74,184.92,182.45,184.07,2793487.0
2019-02-08,183.05,184.58,182.72,184.54,2792477.0
2019-02-11,185.0,185.42,182.75,182.92,3729222.0
2019-02-12,183.84,186.4,183.52,185.52,3773229.0
2019-02-13,186.3,188.68,185.92,188.41,4147029.0
2019-02-14,187.5,188.93,186.0,187.71,2600831.0
2019-02-15,189.87,192.62,189.05,192.39,4997891.0
2019-02-19,191.71,193.19,191.28,192.33,3828464.0
2019-02-20,192.39,192.4,191.11,191.85,3970075.0
2019-02-21,191.85,192.37,190.61,191.82,3094240.0
2019-02-22,191.69,192.54,191.62,192.39,3321635.0
2019-02-25,192.75,193.42,189.96,189.98,6190665.0
2019-02-26,185.59,188.47,182.8,188.3,13635082.0
2019-02-27,187.9,188.5,183.21,183.67,8766217.0
2019-02-28,183.6,185.19,183.11,185.14,8060552.0
2019-03-01,185.82,186.56,182.86,185.17,5481417.0
2019-03-04,186.2,186.24,182.1,183.81,5046772.0
2019-03-05,184.24,185.12,183.25,184.0,3690994.0
2019-03-06,184.53,184.97,183.84,184.45,4460878.0
2019-03-07,184.39,184.62,181.58,182.51,4122194.0
2019-03-08,181.49,181.91,179.52,181.23,3867055.0
2019-03-11,182.0,183.2,181.2,182.44,3866236.0
2019-03-12,183.43,184.27,182.33,184.0,3776971.0
2019-03-13,183.24,183.78,181.08,181.14,4528250.0
2019-03-14,181.28,181.74,180.5,181.61,4393038.0
2019-03-15,182.3,182.49,179.57,182.23,8059489.0
2019-03-18,182.53,183.48,182.33,183.42,4395846.0
2019-03-19,184.19,185.82,183.48,184.13,4437087.0
2019-03-20,184.3,187.12,183.43,186.1,4772648.0
2019-03-21,185.5,190.0,185.5,189.97,4756126.0
2019-03-22,189.31,192.05,188.67,188.75,5173899.0
2019-03-25,188.75,191.71,188.51,189.68,3845892.0
2019-03-26,190.69,192.19,188.74,189.34,4143254.0
2019-03-27,189.65,191.61,188.39,189.25,4298373.0
2019-03-28,189.91,191.4,189.16,190.06,3326131.0
2019-03-29,190.85,192.04,190.14,191.89,4674122.0
2019-04-01,192.99,195.9,192.85,195.64,5381379.0
2019-04-02,195.5,195.5,194.02,194.31,2717818.0
2019-04-03,194.98,198.79,194.11,198.61,4581479.0
2019-04-04,199.0,200.49,198.02,200.45,3138816.0
2019-04-05,200.86,203.13,200.61,202.06,3615266.0
2019-04-08,201.37,203.79,201.24,203.55,3040935.0
2019-04-09,202.26,202.71,200.46,200.9,3721698.0
2019-04-10,201.26,201.6,198.02,199.43,3587644.0
2019-04-11,199.9,201.5,199.03,201.48,2465415.0
2019-04-12,202.13,204.26,202.13,203.85,3097939.0
2019-04-15,204.16,205.14,203.4,204.86,3049880.0
2019-04-16,205.25,205.99,204.29,204.47,3271592.0
2019-04-17,205.34,206.84,205.32,206.55,3271891.0
2019-04-18,206.02,207.78,205.1,205.66,3162460.0
2019-04-22,204.11,206.25,204.0,204.78,2594207.0
2019-04-23,205.14,207.33,203.43,206.05,3702592.0
2019-04-24,206.16,208.3,205.54,206.72,2750949.0
2019-04-25,206.01,207.72,205.06,206.5,3292133.0
2019-04-26,205.88,206.14,203.34,203.61,3560313.0
2019-04-29,203.31,203.8,200.34,202.16,3785216.0
2019-04-30,201.55,203.75,200.79,203.7,3415616.0
2019-05-01,203.2,203.52,198.66,198.8,4644666.0
2019-05-02,199.3,201.06,198.8,201.01,2810109.0
2019-05-03,202.0,202.31,200.32,200.56,3583835.0
2019-05-06,198.74,199.93,198.31,199.63,2619675.0
2019-05-07,196.75,197.65,192.96,194.77,4622108.0
2019-05-08,194.49,196.61,193.68,195.17,3122569.0
2019-05-09,193.31,195.08,191.59,194.58,2917943.0
2019-05-10,193.21,195.49,190.01,194.58,3863576.0
2019-05-13,191.0,191.66,189.14,190.34,3326028.0
2019-05-14,190.5,192.76,190.01,191.62,3663632.0
2019-05-15,190.81,192.81,190.27,191.76,3355797.0
2019-05-16,192.47,194.96,192.2,192.38,3853985.0
2019-05-17,190.86,194.5,190.75,192.58,5223777.0
2019-05-20,191.13,192.86,190.61,190.95,4782752.0
2019-05-21,187.13,192.52,186.34,191.45,8555840.0
2019-05-22,190.49,192.22,188.05,188.91,5706339.0
2019-05-23,188.45,192.54,186.27,192.0,7754163.0
2019-05-24,192.54,193.86,190.41,193.59,3799486.0
2019-05-28,194.38,196.47,191.35,191.55,5165764.0
2019-05-29,190.28,191.88,188.03,189.99,4569945.0
2019-05-30,190.13,192.5,190.09,191.08,3029849.0
2019-05-31,189.64,190.29,188.66,189.85,3681598.0
2019-06-03,189.52,191.87,188.75,189.57,4620379.0
2019-06-04,191.58,195.5,191.42,195.25,5118128.0
2019-06-05,194.01,196.72,193.08,196.69,3704587.0
2019-06-06,196.65,197.65,194.96,197.17,3732940.0
2019-06-07,197.2,199.02,196.21,197.3,3522396.0
2019-06-10,198.56,199.85,197.32,198.05,3154460.0
2019-06-11,199.02,200.84,195.84,198.01,3708474.0
2019-06-12,198.81,200.19,197.98,198.94,2551590.0
2019-06-13,199.95,202.68,199.45,202.35,3631270.0
2019-06-14,201.31,206.5,201.31,205.77,4898440.0
2019-06-17,207.0,208.79,206.0,206.98,4620500.0
2019-06-18,208.1,210.17,207.11,207.48,3891295.0
2019-06-19,207.9,208.48,205.9,207.94,3648435.0
2019-06-20,209.57,211.66,209.31,211.25,5171454.0
2019-06-21,211.26,211.99,209.08,209.39,9854979.0
2019-06-24,208.15,209.26,205.12,205.5,4943452.0
2019-06-25,206.3,207.1,204.2,204.74,3588178.0
2019-06-26,205.34,207.32,204.65,206.42,3071224.0
2019-06-27,207.61,208.0,206.01,207.02,2286764.0
2019-06-28,207.77,209.0,207.39,207.97,11068972.0
2019-07-01,209.7,212.31,208.17,210.28,4100105.0
2019-07-02,210.24,210.26,208.46,210.14,3160610.0
2019-07-03,209.82,212.75,209.7,212.1,2183742.0
2019-07-05,209.97,212.17,209.73,211.46,2547864.0
2019-07-08,210.98,213.44,210.59,212.91,2705327.0
2019-07-09,211.93,213.33,211.2,212.0,2397527.0
2019-07-10,210.72,211.32,208.83,210.75,3457376.0
2019-07-11,212.25,214.08,211.02,214.04,3450056.0
2019-07-12,215.0,218.25,214.61,218.23,4429826.0
2019-07-15,218.95,219.3,216.81,218.7,3141289.0
2019-07-16,217.3,218.35,216.73,217.26,2657421.0
2019-07-17,216.73,217.58,215.61,215.61,3037577.0
2019-07-18,215.5,216.23,213.01,214.44,3069619.0
2019-07-19,214.67,215.23,212.93,213.04,3255033.0
2019-07-22,213.0,213.26,210.38,211.27,2765719.0
2019-07-23,212.57,214.13,211.73,213.08,2590137.0
2019-07-24,213.19,214.79,213.07,214.71,2207164.0
2019-07-25,214.28,215.92,213.63,215.55,2335396.0
2019-07-26,215.53,217.21,214.1,216.91,2675559.0
2019-07-29,216.79,218.27,216.35,218.04,2407248.0
2019-07-30,217.52,218.59,216.86,217.36,2172571.0
2019-07-31,216.35,217.8,212.17,213.69,3426412.0
2019-08-01,214.14,217.61,212.02,212.83,3431473.0
2019-08-02,211.86,213.14,211.08,212.15,2884886.0
2019-08-05,209.53,209.99,204.08,204.94,4553198.0
2019-08-06,205.01,209.09,204.5,208.8,3646800.0
2019-08-07,206.04,208.5,203.13,207.91,3901105.0
2019-08-08,209.7,211.69,208.72,211.57,2968173.0
2019-08-09,211.45,212.41,207.95,210.02,2912078.0
2019-08-12,208.1,209.64,206.15,207.01,1951683.0
2019-08-13,206.31,211.62,204.78,208.33,3906289.0
2019-08-14,204.46,205.36,201.51,201.59,4582123.0
2019-08-15,203.0,203.76,199.05,201.79,4199748.0
2019-08-16,203.75,204.43,201.67,203.65,4093594.0
2019-08-19,206.98,208.82,205.3,207.95,6413591.0
2019-08-20,213.5,217.85,212.17,217.09,12455056.0
2019-08-21,218.73,220.88,216.76,220.4,7940577.0
2019-08-22,220.05,222.66,219.88,221.02,4545216.0
2019-08-23,219.9,220.87,216.01,217.47,5770379.0
2019-08-26,218.46,219.5,216.18,218.65,3680273.0
2019-08-27,219.55,220.41,217.91,218.21,4313269.0
2019-08-28,217.88,222.09,217.11,221.95,3072754.0
2019-08-29,223.9,227.7,223.76,227.32,4184912.0
2019-08-30,228.43,229.27,226.69,227.91,3769326.0
2019-09-03,226.45,227.63,223.38,224.07,4139414.0
2019-09-04,223.95,224.15,220.67,224.15,3146989.0
2019-09-05,226.3,228.78,226.25,228.15,3373539.0
2019-09-06,228.7,231.37,227.88,231.13,3237893.0
2019-09-09,231.5,233.87,230.08,232.87,4449066.0
2019-09-10,232.25,233.02,229.71,233.0,4210672.0
2019-09-11,232.93,233.68,231.02,232.66,2978346.0
2019-09-12,233.42,235.49,233.11,233.8,3366138.0
2019-09-13,234.33,234.97,232.33,233.98,3805519.0
2019-09-16,232.73,233.61,230.61,230.99,3120219.0
2019-09-17,226.79,230.33,226.47,230.21,3806137.0
2019-09-18,230.37,231.53,229.01,230.83,3423131.0
2019-09-19,231.15,231.4,227.95,228.12,3254884.0
2019-09-20,227.99,230.05,224.23,224.67,7797035.0
2019-09-23,224.16,227.14,223.95,226.25,2955323.0
2019-09-24,228.14,230.24,224.78,225.41,4518353.0
2019-09-25,226.59,228.45,224.5,228.1,3969380.0
2019-09-26,229.68,231.12,229.0,229.79,4383280.0
2019-09-27,231.61,231.75,229.13,229.86,3152242.0
2019-09-30,230.19,232.59,230.12,232.02,3258468.0
2019-10-01,233.01,234.51,230.72,231.08,3530209.0
2019-10-02,230.6,230.6,224.34,225.55,4371896.0
2019-10-03,225.0,226.81,222.12,226.81,2972928.0
2019-10-04,227.17,229.21,227.02,227.93,3188709.0
2019-10-07,227.51,228.13,226.05,226.74,2967658.0
2019-10-08,225.36,228.78,225.1,226.67,3567904.0
2019-10-09,228.5,229.56,226.61,228.94,2675389.0
2019-10-10,229.34,232.24,229.08,231.61,3052401.0
2019-10-11,234.32,236.7,233.76,234.66,3479059.0
2019-10-14,234.22,235.49,234.06,234.18,2538129.0
2019-10-15,234.69,236.86,234.6,235.62,2667156.0
2019-10-16,235.42,236.17,233.84,235.9,2389282.0
2019-10-17,236.36,238.17,235.51,236.77,2296853.0
2019-10-18,236.99,238.73,235.64,237.93,3663925.0
2019-10-21,238.26,238.99,235.61,236.7,2079644.0
2019-10-22,237.3,238.3,236.52,237.2,2022890.0
2019-10-23,236.66,237.41,234.36,234.67,2138451.0
2019-10-24,234.81,236.37,233.07,233.89,2184113.0
2019-10-25,233.49,235.42,232.55,234.38,2210872.0
2019-10-28,234.95,236.96,234.56,236.8,2705001.0
2019-10-29,236.84,237.5,233.92,234.14,2558004.0
2019-10-30,233.51,236.6,232.88,236.24,1956669.0
2019-10-31,236.86,237.39,233.22,234.58,2824072.0
2019-11-01,236.07,237.45,235.06,237.34,2197403.0
2019-11-04,238.27,238.39,233.88,234.92,2542426.0
2019-11-05,234.74,234.92,230.27,232.2,3624629.0
2019-11-06,232.83,234.04,231.89,234.01,2631943.0
2019-11-07,234.0,235.79,231.76,232.94,2832865.0
2019-11-08,232.8,233.26,231.63,232.84,2088455.0
2019-11-11,230.5,232.28,230.18,231.8,2310669.0
2019-11-12,232.15,234.63,232.0,233.12,2991171.0
2019-11-13,232.09,234.9,230.85,234.8,2625015.0
2019-11-14,235.0,236.94,234.04,236.55,2283848.0
2019-11-15,237.69,238.05,236.36,237.29,3526672.0
2019-11-18,238.44,239.31,236.76,238.85,5766962.0
2019-11-19,230.6,233.12,225.4,225.86,14984830.0
2019-11-20,224.55,225.0,220.57,220.9,10228810.0
2019-11-21,221.94,222.31,218.5,218.54,7823720.0
2019-11-22,218.5,219.13,217.81,218.03,5786478.0
2019-11-25,218.0,218.53,216.88,218.4,8869811.0
2019-11-26,218.76,220.96,218.39,220.76,9988417.0
2019-11-27,221.68,223.45,220.66,223.0,6691487.0
2019-11-29,223.3,223.33,220.29,220.51,2952948.0
2019-12-02,220.9,221.19,217.46,217.62,4428499.0
2019-12-03,216.45,216.45,212.93,214.0,6734092.0
2019-12-04,213.5,214.96,213.19,214.1,4256397.0
2019-12-05,214.36,214.5,211.77,213.0,4581409.0
2019-12-06,214.21,215.36,213.9,214.28,4194211.0
2019-12-09,214.29,217.88,214.18,216.53,5149564.0
2019-12-10,216.52,216.69,215.1,215.9,4664413.0
2019-12-11,211.03,213.65,210.61,212.0,8286340.0
2019-12-12,212.5,214.13,210.73,212.04,9916525.0
2019-12-13,212.12,214.23,210.67,214.08,6870348.0
2019-12-16,214.43,216.72,214.3,215.53,5851489.0
2019-12-17,216.02,219.45,215.87,217.72,7578895.0
2019-12-18,218.21,219.59,217.64,218.0,6678292.0
2019-12-19,218.48,220.77,218.28,220.22,5765685.0
2019-12-20,220.59,221.57,219.8,221.19,7778259.0
2019-12-23,222.0,222.0,219.14,219.21,3945353.0
2019-12-24,219.5,221.04,219.22,220.67,2260656.0
2019-12-26,220.74,221.15,219.59,220.82,2650339.0
2019-12-27,221.2,221.79,219.78,219.97,3082875.0
2019-12-30,220.37,220.49,216.55,217.31,3952771.0
2019-12-31,217.1,218.51,216.44,218.38,3790250.0
2020-01-02,219.08,219.76,217.84,219.66,3936097.0
2020-01-03,217.14,219.68,216.75,218.93,3425706.0
2020-01-06,216.49,220.0,216.4,219.96,5683576.0
2020-01-07,219.5,220.56,216.9,218.52,5696660.0
2020-01-08,218.8,222.97,218.67,221.79,4916829.0
2020-01-09,222.64,225.55,221.85,225.19,4844154.0
2020-01-10,224.75,225.49,223.03,224.22,4226760.0
2020-01-13,224.5,224.51,222.68,223.34,6061943.0
2020-01-14,222.48,224.95,222.31,222.81,3916025.0
2020-01-15,222.28,224.98,222.13,224.59,3444310.0
2020-01-16,225.93,228.86,225.4,228.82,5390755.0
2020-01-17,229.61,232.6,228.91,231.91,7979597.0
2020-01-21,231.53,233.66,231.06,232.95,4873853.0
2020-01-22,233.79,236.53,232.88,232.9,4030827.0
2020-01-23,232.13,234.82,230.64,233.65,4617883.0
2020-01-24,234.46,235.43,230.56,232.0,4467501.0
2020-01-27,228.2,232.47,228.2,231.19,3595928.0
2020-01-28,231.82,235.25,231.35,233.86,3622093.0
2020-01-29,234.9,235.88,233.4,234.02,2564540.0
2020-01-30,232.0,233.3,231.57,232.79,4685674.0
2020-01-31,232.96,233.23,227.89,228.1,5304743.0
2020-02-03,230.3,233.53,229.35,231.54,5101207.0
2020-02-04,234.03,236.36,234.03,235.0,3505081.0
2020-02-05,237.1,238.32,235.86,238.11,3868791.0
2020-02-06,238.0,239.41,237.48,238.84,3930383.0
2020-02-07,238.84,239.53,236.52,237.3,2456067.0
2020-02-10,236.6,240.61,236.18,240.61,2568037.0
2020-02-11,240.61,242.45,240.2,241.64,2692405.0
2020-02-12,242.13,242.3,238.84,241.59,3592140.0
2020-02-13,240.97,243.6,240.4,242.36,2468189.0
2020-02-14,243.44,245.2,242.63,245.03,2841585.0
2020-02-18,244.84,246.11,243.16,243.94,2893400.0
2020-02-19,244.91,245.5,243.01,243.64,2713341.0
2020-02-20,243.69,247.12,242.15,247.02,3701834.0
2020-02-21,246.5,247.36,244.0,245.34,3881083.0
2020-02-24,238.48,243.11,237.7,239.7,5350146.0
2020-02-25,246.1,246.97,236.48,237.38,8061529.0
2020-02-26,239.1,241.04,234.32,235.28,6965709.0
2020-02-27,231.07,234.82,224.57,224.73,7612793.0
2020-02-28,218.63,221.06,212.33,217.84,11814663.0
2020-03-02,219.98,230.0,218.49,229.94,7150821.0
2020-03-03,230.03,235.82,225.57,227.94,8432488.0
2020-03-04,233.01,241.32,231.8,241.08,6769978.0
2020-03-05,236.6,239.61,233.15,234.81,6473854.0
2020-03-06,227.57,230.29,222.25,228.51,7400162.0
2020-03-09,213.87,216.18,207.25,210.46,10120507.0
2020-03-10,217.21,225.83,211.0,225.7,7206600.0
2020-03-11,217.3,219.15,210.5,212.89,7261975.0
2020-03-12,195.41,206.58,184.84,190.59,10928673.0
2020-03-13,200.45,205.82,190.0,205.67,10292304.0
2020-03-16,181.97,186.1,163.11,164.96,12536627.0
2020-03-17,168.21,174.78,155.3,173.64,16234413.0
2020-03-18,159.8,162.33,140.63,155.63,14681865.0
2020-03-19,153.16,162.91,142.0,161.13,13499063.0
2020-03-20,162.78,170.22,151.81,152.15,12602415.0
2020-03-23,150.06,164.93,146.34,162.39,12241617.0
2020-03-24,173.39,185.67,172.01,184.72,14676623.0
2020-03-25,184.42,191.55,180.0,181.76,11497377.0
2020-03-26,183.49,198.2,182.5,195.21,10174075.0
2020-03-27,188.49,196.38,186.5,190.55,7121658.0
2020-03-30,190.57,198.2,187.61,196.1,6936746.0
2020-03-31,194.8,195.49,185.45,186.71,7341134.0
2020-04-01,175.91,182.76,175.0,178.63,7858183.0
2020-04-02,174.95,182.72,174.0,181.31,6353948.0
2020-04-03,179.56,181.35,174.94,178.7,7299814.0
2020-04-06,188.0,192.41,185.13,191.33,7454001.0
2020-04-07,202.92,204.11,191.85,192.29,6438763.0
2020-04-08,194.21,196.77,191.54,194.82,6094736.0
2020-04-09,199.8,205.99,196.5,201.53,7125726.0
2020-04-13,200.45,200.45,195.37,198.79,4415560.0
2020-04-14,201.88,209.73,200.13,207.17,5655443.0
2020-04-15,198.67,202.24,196.61,198.48,5693945.0
2020-04-16,199.12,202.21,196.82,199.85,7262770.0
2020-04-17,207.17,210.25,206.16,209.42,6717580.0
2020-04-20,206.13,211.03,205.36,206.05,4753058.0
2020-04-21,200.75,204.34,199.51,200.61,4844962.0
2020-04-22,201.89,205.71,201.14,204.17,4071352.0
2020-04-23,203.32,206.97,202.19,202.32,3565518.0
2020-04-24,204.73,212.93,203.85,212.18,5026219.0
2020-04-27,215.04,220.94,214.01,217.76,5472779.0
2020-04-28,223.99,224.22,216.91,217.63,5080746.0
2020-04-29,221.34,224.17,219.82,221.81,4381069.0
2020-04-30,216.79,222.11,216.52,219.83,5152681.0
2020-05-01,216.77,219.7,215.77,218.57,3819299.0
2020-05-04,216.68,222.66,215.21,221.84,4090943.0
2020-05-05,224.94,228.85,223.61,225.61,4655164.0
2020-05-06,227.37,228.44,223.8,223.92,3321131.0
2020-05-07,226.51,231.63,226.42,229.45,4503029.0
2020-05-08,232.7,235.55,231.15,234.43,4367213.0
2020-05-11,231.77,238.77,231.25,236.56,4378313.0
2020-05-12,238.57,239.25,232.9,232.9,4399618.0
2020-05-13,233.04,236.3,228.54,230.1,6237154.0
2020-05-14,226.37,234.66,226.2,234.48,6434481.0
2020-05-15,232.79,243.23,232.7,239.33,16176261.0
2020-05-18,245.84,248.32,244.04,245.35,8341251.0
2020-05-19,240.45,242.46,237.8,238.1,9386987.0
2020-05-20,242.0,242.27,234.95,238.19,7534153.0
2020-05-21,237.62,241.18,235.79,240.88,4772695.0
2020-05-22,240.7,242.34,238.66,241.88,3041768.0
2020-05-26,248.15,248.22,242.07,242.48,4535235.0
2020-05-27,242.69,247.39,240.78,247.36,4664800.0
2020-05-28,249.52,252.23,244.43,245.14,5261750.0
2020-05-29,245.06,249.71,244.73,248.48,5342824.0
2020-06-01,249.41,249.78,245.87,247.29,3409936.0
2020-06-02,248.63,252.72,247.0,252.71,5301049.0
2020-06-03,251.8,252.83,250.39,251.0,4638114.0
2020-06-04,249.77,252.17,247.47,248.95,4759381.0
2020-06-05,252.34,255.85,250.38,254.9,5054333.0
2020-06-08,252.49,256.81,252.26,256.77,3811872.0
2020-06-09,255.33,258.29,253.86,256.76,3716430.0
2020-06-10,257.45,259.29,254.22,254.45,3589810.0
2020-06-11,248.86,250.62,238.74,239.47,6563710.0
2020-06-12,243.07,246.39,237.05,242.45,5238493.0
2020-06-15,237.62,242.22,234.31,241.36,6253342.0
2020-06-16,249.4,251.65,242.87,249.95,5296424.0
2020-06-17,252.77,254.62,250.08,250.85,4234003.0
2020-06-18,249.36,251.75,247.13,249.21,3347826.0
2020-06-19,253.1,254.3,246.38,246.65,11114627.0
2020-06-22,245.7,250.06,245.51,249.16,3815172.0
2020-06-23,253.0,253.44,250.13,250.31,3105348.0
2020-06-24,247.81,250.29,242.73,246.13,3873027.0
2020-06-25,244.8,246.35,242.2,245.38,2938448.0
2020-06-26,245.35,246.1,240.25,241.01,5002690.0
2020-06-29,242.66,246.5,240.34,246.12,3468293.0
2020-06-30,247.0,251.65,246.09,250.51,4524580.0
2020-07-01,249.65,250.33,246.93,248.15,3677252.0
2020-07-02,251.94,252.3,247.92,248.5,3369796.0
2020-07-06,250.27,251.5,247.04,249.55,3133849.0
2020-07-07,247.37,250.78,247.07,247.35,2927762.0
2020-07-08,247.87,249.79,246.22,249.17,2293978.0
2020-07-09,249.66,250.51,246.35,247.96,2994695.0
2020-07-10,248.29,250.33,246.64,250.11,2745258.0
2020-07-13,251.92,257.86,249.09,249.62,4437469.0
2020-07-14,249.0,258.18,248.46,257.79,4614212.0
2020-07-15,260.14,261.29,255.15,257.8,4343650.0
2020-07-16,256.76,260.5,256.0,258.08,2511224.0
2020-07-17,260.03,260.65,257.72,260.38,3094992.0
2020-07-20,259.04,261.2,258.02,260.17,2451072.0
2020-07-21,261.62,263.87,260.72,262.42,2440478.0
2020-07-22,262.59,265.59,262.0,265.17,2749966.0
2020-07-23,267.8,267.8,261.8,263.81,2680102.0
2020-07-24,265.04,266.89,262.99,265.31,2984507.0
2020-07-27,265.09,268.68,265.09,267.42,2412476.0
2020-07-28,268.56,269.07,264.67,265.28,2226974.0
2020-07-29,264.8,267.11,264.17,264.66,2874097.0
2020-07-30,263.34,267.35,261.55,266.31,2347799.0
2020-07-31,265.0,267.17,260.61,265.49,3640388.0
2020-08-03,266.73,268.58,265.67,266.18,2364447.0
2020-08-04,266.63,267.89,263.84,267.87,2223957.0
2020-08-05,268.39,268.39,265.89,267.48,1963860.0
2020-08-06,266.6,270.44,266.53,269.37,2203428.0
2020-08-07,270.61,274.92,269.81,271.64,2846290.0
2020-08-10,272.42,275.0,271.8,274.73,2393112.0
2020-08-11,277.69,279.37,274.41,274.92,3321260.0
2020-08-12,279.75,282.97,276.96,281.58,3869967.0
2020-08-13,281.16,282.65,279.74,281.66,2202427.0
2020-08-14,281.14,282.0,279.19,280.55,2490422.0
2020-08-17,284.4,289.22,283.57,288.24,5584428.0
2020-08-18,288.9,290.58,283.04,285.0,6934290.0
2020-08-19,287.46,287.97,281.93,282.86,4986759.0
2020-08-20,280.54,281.91,279.44,280.68,3529991.0
2020-08-21,279.97,283.55,278.42,283.23,5504045.0
2020-08-24,284.99,286.85,281.92,286.75,4430864.0
2020-08-25,287.27,287.48,283.89,286.13,2854466.0
2020-08-26,287.73,292.12,286.27,291.93,4001938.0
2020-08-27,292.22,292.95,286.56,288.63,3430926.0
2020-08-28,288.31,288.83,284.77,286.29,3100102.0
2020-08-31,285.0,286.69,282.87,285.04,4105437.0
2020-09-01,284.03,286.68,283.5,285.94,3238088.0
2020-09-02,284.85,288.04,283.6,287.2,3464637.0
2020-09-03,287.3,287.7,272.17,274.63,5380082.0
2020-09-04,275.55,276.77,264.67,269.66,5253456.0
2020-09-08,267.11,271.04,262.81,269.26,5241197.0
2020-09-09,272.46,279.74,271.75,277.04,4754651.0
2020-09-10,278.01,280.98,271.17,272.7,3156250.0
2020-09-11,273.98,277.98,273.46,276.33,3729223.0
2020-09-14,278.55,282.46,278.02,280.65,3055846.0
2020-09-15,283.04,286.7,282.38,285.58,4174935.0
2020-09-16,285.61,286.58,280.68,281.63,3380045.0
2020-09-17,277.91,282.72,276.96,279.96,3166910.0
2020-09-18,278.41,279.83,270.81,275.19,6072932.0
2020-09-21,271.87,272.9,266.53,272.35,3547977.0
2020-09-22,271.68,273.52,270.63,273.31,2972025.0
2020-09-23,275.42,276.62,264.69,266.55,4467612.0
2020-09-24,265.71,269.7,263.88,265.7,3095558.0
2020-09-25,264.19,270.15,263.92,268.55,2457922.0
2020-09-28,271.93,274.22,270.3,272.33,3061079.0
2020-09-29,273.4,273.84,271.11,272.11,2049239.0
2020-09-30,273.48,279.92,272.52,277.71,4779076.0
2020-10-01,279.44,280.0,275.85,277.62,2696923.0
2020-10-02,274.94,281.08,274.1,279.31,2943577.0
2020-10-05,280.92,282.42,279.7,282.1,2330743.0
2020-10-06,282.5,283.0,275.77,276.47,2992517.0
2020-10-07,280.85,284.0,280.0,282.79,3423651.0
2020-10-08,283.84,284.95,281.17,284.52,2256215.0
2020-10-09,285.47,287.28,284.09,285.92,2240096.0
2020-10-12,287.39,288.33,286.06,286.91,2411899.0
2020-10-13,285.7,290.77,285.7,290.36,2699882.0
2020-10-14,289.51,290.3,285.15,287.09,2221184.0
2020-10-15,284.12,290.25,283.12,287.54,2700137.0
2020-10-16,288.25,292.65,287.25,287.66,3109401.0
2020-10-19,289.76,290.11,283.38,283.73,2428441.0
2020-10-20,285.14,289.79,284.13,286.04,2281770.0
2020-10-21,285.39,288.02,283.28,284.51,2304473.0
2020-10-22,283.93,285.68,280.65,281.16,2787332.0
2020-10-23,282.38,283.19,279.55,283.0,1750747.0
2020-10-26,279.64,281.53,272.0,276.04,2911876.0
2020-10-27,276.99,279.73,276.12,276.84,3014280.0
2020-10-28,270.25,273.67,268.69,269.72,3255851.0
2020-10-29,269.69,273.7,267.31,269.63,2872501.0
2020-10-30,268.82,269.62,262.03,266.71,3874571.0
2020-11-02,270.15,274.78,268.52,270.74,2956798.0
2020-11-03,274.85,279.53,273.72,277.37,3037485.0
2020-11-04,276.76,287.04,276.01,282.72,3525318.0
2020-11-05,288.35,289.0,284.08,285.85,2516570.0
2020-11-06,286.73,286.78,282.85,284.24,2839134.0
2020-11-09,287.98,288.42,269.47,269.97,7856419.0
2020-11-10,272.79,275.79,269.25,275.57,4828522.0
2020-11-11,277.32,281.69,276.17,277.75,2987878.0
2020-11-12,283.0,283.69,273.84,276.24,3820310.0
2020-11-13,276.42,279.73,275.26,277.17,3941687.0
2020-11-16,279.18,281.29,276.4,279.57,5360160.0
2020-11-17,272.1,273.53,269.4,272.47,8532219.0
2020-11-18,270.5,275.38,269.0,269.83,5122219.0
2020-11-19,270.42,272.38,268.7,270.93,3929422.0
2020-11-20,271.45,272.37,268.87,269.81,4112543.0
2020-11-23,270.01,273.69,269.55,271.4,3294219.0
2020-11-24,274.0,275.55,272.57,273.31,4775318.0
2020-11-25,273.48,274.74,271.21,273.96,3001748.0
2020-11-27,275.24,276.58,274.36,275.99,1625328.0
2020-11-30,275.22,277.76,271.92,277.41,4624131.0
2020-12-01,278.73,278.95,275.55,276.6,3944872.0
2020-12-02,273.97,274.11,269.57,271.1,4168645.0
2020-12-03,270.63,271.93,267.14,268.14,4168929.0
2020-12-04,267.47,268.73,262.82,263.99,7732829.0
2020-12-07,263.5,264.5,261.0,262.64,6378989.0
2020-12-08,261.72,262.5,258.73,261.72,5338142.0
2020-12-09,264.61,265.77,262.25,265.58,4550125.0
2020-12-10,264.08,266.07,262.11,264.81,4234320.0
2020-12-11,263.36,265.36,262.65,264.55,3454512.0
2020-12-14,266.14,268.6,265.27,265.58,4576775.0
2020-12-15,267.51,268.76,266.2,267.98,3756037.0
2020-12-16,268.53,270.75,267.51,269.59,4669578.0
2020-12-17,272.16,274.33,271.3,273.97,4247048.0
2020-12-18,274.59,275.74,270.3,270.45,9817032.0
2020-12-21,268.56,271.95,265.88,270.99,4339037.0
2020-12-22,270.06,271.36,268.51,270.04,3143451.0
2020-12-23,270.06,271.0,268.2,269.81,2337149.0
2020-12-24,269.44,271.36,269.4,270.92,1093947.0
2020-12-28,272.17,272.25,269.24,269.25,2633841.0
2020-12-29,269.98,270.46,265.07,266.19,2572074.0
2020-12-30,266.11,267.3,264.92,265.26,2511385.0
2020-12-31,265.57,265.95,263.58,265.62,2608139.0
2021-01-04,266.01,266.44,261.06,263.92,5001741.0
2021-01-05,262.66,266.53,262.26,266.05,3822639.0
2021-01-06,264.06,269.77,261.87,267.57,3949198.0
2021-01-07,266.95,268.78,266.17,266.26,3833249.0
2021-01-08,267.35,270.73,267.0,269.09,3757709.0
2021-01-11,267.47,273.37,267.26,271.23,3765227.0
2021-01-12,271.11,277.94,270.65,276.33,4030946.0
2021-01-13,278.31,280.48,273.94,274.05,3921418.0
2021-01-14,274.5,274.89,267.67,268.34,4641421.0
2021-01-15,268.63,276.39,268.0,275.59,5131741.0
2021-01-19,278.0,278.0,273.02,273.19,3615794.0
2021-01-20,273.25,277.21,271.5,274.3,3498412.0
2021-01-21,276.22,280.7,275.67,279.05,4401230.0
2021-01-22,279.26,285.08,277.87,284.0,4501941.0
2021-01-25,283.85,285.77,281.42,285.08,4025905.0
2021-01-26,285.42,285.65,281.7,282.6,2472211.0
2021-01-27,279.99,280.81,273.08,274.05,4336987.0
2021-01-28,276.17,282.96,274.93,278.05,3462967.0
2021-01-29,275.81,277.06,270.03,270.82,4079485.0
2021-02-01,271.23,272.65,267.25,270.07,3707825.0
2021-02-02,270.0,275.69,269.99,272.16,4111756.0
2021-02-03,271.89,275.72,270.71,274.17,2802674.0
2021-02-04,274.25,279.44,274.25,278.82,2975976.0
2021-02-05,280.29,281.76,277.81,278.86,2389915.0
2021-02-08,279.69,280.42,276.89,280.03,3475827.0
2021-02-09,279.66,280.2,276.62,276.77,2507751.0
2021-02-10,278.03,278.93,276.25,278.69,2410575.0
2021-02-11,277.93,280.25,276.01,277.06,2595287.0
2021-02-12,277.12,278.71,276.58,277.51,2392184.0
2021-02-16,277.01,278.63,274.88,275.39,2873454.0
2021-02-17,275.54,281.79,275.4,280.92,3537815.0
2021-02-18,280.8,284.68,279.83,283.05,3531964.0
2021-02-19,282.87,283.91,279.44,279.64,4079946.0
2021-02-22,278.21,278.49,273.63,275.85,3995469.0
2021-02-23,269.38,269.67,257.58,267.24,12111045.0
2021-02-24,263.23,266.99,254.03,259.97,14512744.0
2021-02-25,259.75,260.9,254.71,255.25,6545422.0
2021-02-26,257.77,260.24,256.11,258.34,7871183.0
2021-03-01,258.81,262.48,258.47,261.62,4530280.0
2021-03-02,261.68,263.11,259.77,260.29,3740283.0
2021-03-03,259.28,260.5,256.01,257.36,4257543.0
2021-03-04,256.0,256.86,247.1,250.93,7154940.0
2021-03-05,252.26,254.2,246.59,253.52,6351823.0
2021-03-08,254.23,263.23,252.52,259.03,5037359.0
2021-03-09,262.73,267.57,261.79,264.96,6625292.0
2021-03-10,265.92,268.75,264.08,266.24,3798409.0
2021-03-11,268.6,270.78,267.2,268.85,4371269.0
2021-03-12,267.45,273.81,266.76,273.1,4190460.0
2021-03-15,274.5,279.65,274.34,278.54,4356177.0
2021-03-16,278.54,282.52,277.65,282.08,4458875.0
2021-03-17,281.14,283.88,279.25,280.03,5908380.0
2021-03-18,279.03,285.47,277.76,283.16,4808075.0
2021-03-19,283.64,289.1,282.43,289.1,13729246.0
2021-03-22,286.5,290.33,284.2,288.94,5564677.0
2021-03-23,289.61,293.43,288.94,289.98,4801240.0
2021-03-24,289.26,296.78,288.99,292.75,4841970.0
2021-03-25,293.03,297.88,292.45,297.18,5373520.0
2021-03-26,297.34,304.0,296.03,303.81,5865920.0
2021-03-29,303.3,305.55,299.93,302.2,4642897.0
2021-03-30,301.65,305.68,300.04,304.82,5045414.0
2021-03-31,305.5,308.02,304.14,305.25,4744061.0
2021-04-01,306.88,308.55,303.89,307.75,3923902.0
2021-04-05,309.84,315.85,309.74,315.4,4697182.0
2021-04-06,313.61,315.94,313.13,313.78,3988628.0
2021-04-07,312.84,315.14,310.93,312.47,3799321.0
2021-04-08,312.7,315.25,310.59,314.43,4035628.0
2021-04-09,315.37,319.32,314.75,319.23,4607758.0
2021-04-12,317.72,321.31,317.31,320.79,3556832.0
2021-04-13,320.53,320.9,317.0,320.4,3635055.0
2021-04-14,319.71,322.7,319.29,320.02,3440628.0
2021-04-15,320.21,323.4,320.05,322.74,3508216.0
2021-04-16,324.84,328.67,323.94,328.08,6213121.0
2021-04-19,326.49,328.83,325.44,326.85,4494282.0
2021-04-20,326.0,327.69,322.16,323.96,4462880.0
2021-04-21,324.96,327.91,323.89,325.95,3740101.0
2021-04-22,326.2,326.43,318.84,321.46,4874998.0
2021-04-23,322.19,325.53,319.58,323.89,3407497.0
2021-04-26,323.68,324.0,319.32,319.99,2848501.0
2021-04-27,320.5,322.47,320.38,320.59,3335793.0
2021-04-28,321.95,322.96,319.3,319.71,2713438.0
2021-04-29,321.71,325.79,321.08,325.34,3261852.0
2021-04-30,325.05,325.83,321.61,323.67,3118747.0
2021-05-03,326.28,331.62,325.68,330.27,3683678.0
2021-05-04,329.12,333.23,328.88,332.77,3954400.0
2021-05-05,334.25,335.71,331.08,332.05,3192361.0
2021-05-06,333.67,337.81,333.23,337.58,3539581.0
2021-05-07,336.68,339.81,335.53,339.25,2998274.0
2021-05-10,340.45,345.69,339.54,341.12,4840551.0
2021-05-11,337.55,338.0,328.21,330.66,5500874.0
2021-05-12,326.52,328.8,316.27,317.0,5821980.0
2021-05-13,319.0,327.42,318.69,325.42,5161694.0
2021-05-14,326.29,327.32,321.86,323.63,3997955.0
2021-05-17,321.0,322.83,315.31,320.01,4388032.0
2021-05-18,320.0,324.56,314.78,316.75,7010318.0
2021-05-19,312.0,314.75,309.07,314.45,5242148.0
2021-05-20,314.89,319.71,314.89,315.9,3854700.0
2021-05-21,317.0,319.28,314.45,315.77,3920594.0
2021-05-24,316.84,318.74,314.59,314.84,2930620.0
2021-05-25,315.53,317.1,314.25,316.75,3523348.0
2021-05-26,317.81,321.38,316.68,317.33,2881591.0
2021-05-27,317.3,320.41,317.3,318.77,3734767.0
2021-05-28,320.37,321.51,318.85,318.91,3197218.0
2021-06-01,320.66,321.26,315.17,316.31,3549754.0
2021-06-02,315.48,316.98,312.41,313.23,3380075.0
2021-06-03,311.0,312.93,309.69,311.43,2652535.0
2021-06-04,312.11,313.45,309.35,311.01,2638681.0
2021-06-07,311.12,312.33,307.88,309.96,3974785.0
2021-06-08,311.27,312.29,308.98,310.9,2913774.0
2021-06-09,311.45,312.98,306.9,307.34,3603743.0
2021-06-10,307.65,309.65,306.14,308.31,3286333.0
2021-06-11,309.27,311.24,308.35,310.77,2785057.0
2021-06-14,308.93,310.06,306.22,309.32,3393468.0
2021-06-15,308.75,308.95,303.49,306.45,5270587.0
2021-06-16,306.69,307.35,301.17,302.78,4492520.0
2021-06-17,303.05,305.21,300.03,303.12,4481070.0
2021-06-18,299.25,303.83,298.4,302.61,8792671.0
2021-06-21,305.25,308.72,304.87,307.6,3774182.0
2021-06-22,309.13,314.91,308.3,312.71,4418668.0
2021-06-23,312.02,313.66,310.63,311.67,2564520.0
2021-06-24,313.12,314.84,311.67,311.84,2649191.0
2021-06-25,312.24,315.46,311.55,313.63,11733470.0
2021-06-28,313.66,315.27,311.37,314.28,2635733.0
2021-06-29,315.79,320.3,315.56,318.24,3150142.0
2021-06-30,317.94,320.29,317.69,318.89,3061522.0
2021-07-01,319.91,321.69,318.5,321.54,2578049.0
2021-07-02,322.53,323.12,321.35,322.7,2201785.0
2021-07-06,322.83,323.83,316.8,319.26,3109525.0
2021-07-07,318.49,324.42,318.25,323.48,2939948.0
2021-07-08,319.07,320.33,314.8,318.54,3663159.0
2021-07-09,320.54,323.31,320.18,322.09,2587371.0
2021-07-12,321.07,324.0,320.53,321.74,2521771.0
2021-07-13,322.44,323.29,316.83,317.05,3213818.0
2021-07-14,318.75,320.06,318.01,319.22,3381563.0
2021-07-15,317.38,322.96,317.36,322.71,2603905.0
2021-07-16,324.0,326.28,321.4,321.54,3623944.0
2021-07-19,317.99,319.0,314.91,318.87,3752924.0
2021-07-20,318.5,326.13,318.27,325.35,4251678.0
2021-07-21,327.6,328.47,324.97,326.36,2832573.0
2021-07-22,327.94,327.97,325.33,326.66,2208229.0
2021-07-23,329.47,333.45,327.94,332.84,2786373.0
2021-07-26,330.07,331.56,326.88,331.18,2752275.0
2021-07-27,331.79,331.88,326.06,327.26,2910260.0
2021-07-28,326.42,329.33,324.71,325.52,2376160.0
2021-07-29,326.49,328.56,325.44,327.43,2172425.0
2021-07-30,326.85,330.11,326.34,328.19,2381388.0
2021-08-02,330.0,330.0,326.42,327.22,2016388.0
2021-08-03,328.35,333.01,328.03,331.94,2405883.0
2021-08-04,330.69,331.92,329.39,330.31,1783670.0
2021-08-05,331.96,336.0,331.09,333.11,2284098.0
2021-08-06,334.69,335.71,329.12,329.84,2656872.0
2021-08-09,329.23,331.07,327.32,328.76,1995337.0
2021-08-10,328.67,333.24,327.15,331.48,1868143.0
2021-08-11,333.8,338.55,333.4,337.0,3258579.0
2021-08-12,337.35,338.17,332.28,334.02,2554783.0
2021-08-13,333.86,335.8,330.98,331.32,2217001.0
2021-08-16,330.71,335.63,327.97,335.05,3501342.0
2021-08-17,321.0,323.59,316.61,320.75,9322822.0
2021-08-18,319.34,327.86,319.0,321.55,4880638.0
2021-08-19,318.79,325.19,317.8,322.9,2974734.0
2021-08-20,322.64,329.68,322.47,329.24,2929948.0
2021-08-23,330.0,330.53,327.38,327.74,2792663.0
2021-08-24,328.76,328.84,324.51,324.9,2359831.0
2021-08-25,324.15,326.56,323.11,323.88,2587070.0
2021-08-26,323.21,324.99,321.0,321.48,2952338.0
2021-08-27,320.88,324.05,319.65,323.38,2985438.0
2021-08-30,325.91,329.5,325.21,327.1,2926865.0
2021-08-31,327.0,328.27,323.62,326.18,4183144.0
2021-09-01,325.56,325.78,320.28,323.64,3339053.0
2021-09-02,325.03,328.18,323.7,327.74,3111117.0
2021-09-03,325.33,330.9,325.16,330.34,2775245.0
2021-09-07,331.03,332.56,326.9,328.95,2555840.0
2021-09-08,328.95,331.93,327.63,331.58,2219483.0
2021-09-09,332.45,333.73,330.87,331.77,3012064.0
2021-09-10,334.0,335.23,331.45,331.95,3178640.0
2021-09-13,334.95,337.15,332.75,335.45,3908660.0
2021-09-14,336.03,337.49,332.42,333.12,2857182.0
2021-09-15,333.36,334.67,330.1,333.37,2875484.0
2021-09-16,334.72,337.84,334.17,336.39,3043946.0
2021-09-17,334.95,339.65,334.95,335.67,7103090.0
2021-09-20,331.83,335.39,328.43,331.21,4036622.0
2021-09-21,333.03,336.97,332.0,334.22,3171072.0
2021-09-22,335.85,339.0,333.46,335.93,2873107.0
2021-09-23,337.84,339.52,335.6,335.91,2426771.0
2021-09-24,336.78,337.84,335.55,337.49,2005153.0
2021-09-27,336.87,343.74,336.87,341.41,2966325.0
2021-09-28,341.37,341.37,332.46,333.8,3304063.0
2021-09-29,333.36,338.88,333.36,336.93,2424024.0
2021-09-30,338.24,338.71,327.63,328.26,4255516.0
2021-10-01,328.15,332.73,324.58,329.86,2814197.0
2021-10-04,328.5,330.61,324.16,326.47,2919900.0
2021-10-05,326.9,332.19,326.33,329.48,2514633.0
2021-10-06,328.16,330.65,325.4,330.36,2226755.0
2021-10-07,333.5,339.22,332.86,337.48,2789455.0
2021-10-08,333.0,335.41,330.88,334.34,2912407.0
2021-10-11,335.6,340.86,334.6,336.97,2589300.0
2021-10-12,339.14,341.05,337.4,337.8,2960592.0
2021-10-13,337.32,340.24,336.55,338.28,2477742.0
2021-10-14,340.53,344.37,340.1,344.05,2825549.0
2021-10-15,346.54,350.95,345.75,350.41,3473488.0
2021-10-18,349.0,355.95,349.0,355.01,3487794.0
2021-10-19,356.94,358.09,354.42,357.99,2375643.0
2021-10-20,357.74,359.57,356.21,358.23,2574822.0
2021-10-21,358.2,364.85,358.12,364.62,2885381.0
2021-10-22,365.0,367.03,362.15,365.99,2734712.0
2021-10-25,367.2,371.66,365.99,371.26,2923355.0
2021-10-26,373.39,374.05,369.08,369.2,2989456.0
2021-10-27,369.87,375.15,369.31,372.32,2840530.0
2021-10-28,373.0,373.94,370.89,371.57,2553451.0
2021-10-29,370.33,375.15,370.03,371.74,3820193.0
2021-11-01,373.0,373.57,364.7,366.48,3380513.0
2021-11-02,366.2,368.89,364.94,367.29,2367422.0
2021-11-03,366.63,369.36,365.25,368.97,2378916.0
2021-11-04,370.78,373.23,369.41,372.18,3210297.0
2021-11-05,373.81,374.41,367.57,368.4,3090203.0
2021-11-08,370.22,372.91,367.85,368.59,2357162.0
2021-11-09,369.67,373.88,368.71,370.65,2183287.0
2021-11-10,368.25,371.21,367.72,368.58,2161363.0
2021-11-11,371.0,372.0,365.83,367.63,2387327.0
2021-11-12,369.12,373.5,366.7,372.63,2793301.0
2021-11-15,374.39,374.87,369.29,371.08,3650647.0
2021-11-16,382.0,394.38,379.0,392.33,8648192.0
2021-11-17,392.83,399.43,390.81,394.85,4647042.0
2021-11-18,398.0,406.54,396.09,405.85,4504774.0
2021-11-19,407.63,410.1,404.11,408.69,3541964.0
2021-11-22,409.8,416.56,408.7,408.79,4008859.0
2021-11-23,405.67,409.68,403.01,408.37,3557468.0
2021-11-24,403.66,412.75,402.88,412.11,2676339.0
2021-11-26,407.26,414.14,402.25,402.7,3007785.0
2021-11-29,406.9,410.81,406.04,406.82,3725493.0
2021-11-30,403.59,408.43,400.25,400.61,7773528.0
2021-12-01,402.08,410.25,400.22,400.42,3519344.0
2021-12-02,401.81,410.7,401.0,407.77,3705017.0
2021-12-03,409.85,415.93,404.45,407.81,5237476.0
2021-12-06,413.52,420.61,411.22,415.7,4624477.0
2021-12-07,417.0,418.56,413.02,416.18,4204474.0
2021-12-08,416.18,419.85,408.28,411.25,4079365.0
2021-12-09,410.8,415.25,408.29,411.34,3822865.0
2021-12-10,412.19,415.61,410.26,415.4,2625183.0
2021-12-13,415.4,416.5,404.51,405.24,3766397.0
2021-12-14,403.45,405.68,398.08,402.2,4663013.0
2021-12-15,400.62,407.93,399.39,407.81,4421435.0
2021-12-16,408.4,408.87,398.12,399.53,4632837.0
2021-12-17,396.97,397.98,387.42,387.98,11106727.0
2021-12-20,384.29,390.17,380.9,389.4,4294757.0
2021-12-21,391.63,393.76,383.24,390.47,3038158.0
2021-12-22,391.0,395.77,388.86,395.64,3267847.0
2021-12-23,398.29,399.84,394.62,397.07,2743898.0
2021-12-27,399.04,404.45,398.21,404.09,2230555.0
2021-12-28,404.99,407.02,403.0,406.22,2522529.0
2021-12-29,406.38,412.37,406.31,410.84,2209598.0
2021-12-30,411.85,413.44,408.4,409.94,1804380.0
2021-12-31,409.99,416.53,409.89,415.01,2386069.0
2022-01-03,416.57,417.84,403.26,408.64,3721342.0
2022-01-04,408.64,413.61,408.19,412.84,3266516.0
2022-01-05,414.0,414.22,406.81,407.24,4443198.0
2022-01-06,408.56,409.07,403.02,405.76,3315099.0
2022-01-07,403.36,404.09,392.88,393.61,4520671.0
2022-01-10,387.4,387.59,380.91,387.46,6439979.0
2022-01-11,388.07,391.84,384.32,386.67,4385404.0
2022-01-12,388.29,393.45,386.38,389.4,3623271.0
2022-01-13,392.51,394.31,385.86,386.98,3466279.0
2022-01-14,381.33,382.01,371.5,372.0,6336236.0
2022-01-18,366.1,368.09,360.03,366.72,6437444.0
2022-01-19,367.18,368.7,359.41,359.69,5175114.0
2022-01-20,361.33,361.85,349.02,349.58,5440597.0
2022-01-21,351.72,360.09,347.18,349.1,7718435.0
2022-01-24,343.78,364.38,343.61,363.81,8595587.0
2022-01-25,358.14,361.52,352.19,358.98,5536718.0
2022-01-26,360.0,365.9,354.45,357.28,6103290.0
2022-01-27,360.43,364.12,353.91,356.43,3944004.0
2022-01-28,360.17,366.72,352.84,366.54,4551332.0
2022-01-31,364.81,367.41,362.21,366.98,4084565.0
2022-02-01,369.47,370.69,362.37,368.7,3406831.0
2022-02-02,368.38,374.67,367.76,373.73,3839251.0
2022-02-03,370.19,372.12,363.2,364.81,4009701.0
2022-02-04,363.5,364.67,354.25,359.67,3728123.0
2022-02-07,360.26,361.8,355.44,357.35,2809304.0
2022-02-08,357.35,362.98,354.8,361.44,3225146.0
2022-02-09,365.31,367.46,363.0,364.37,2777544.0
2022-02-10,358.84,363.0,352.87,355.09,4291847.0
2022-02-11,354.69,357.34,348.56,350.29,3308671.0
2022-02-14,348.0,352.91,346.83,351.56,3654274.0
2022-02-15,355.56,357.42,351.38,353.26,3552864.0
2022-02-16,351.5,352.86,345.72,350.09,3594853.0
2022-02-17,348.99,352.31,347.39,347.94,3926974.0
2022-02-18,348.39,350.6,344.1,346.87,5526133.0
2022-02-22,335.09,336.69,312.35,316.17,19752822.0
2022-02-23,319.32,320.4,307.1,308.45,11026044.0
2022-02-24,300.0,313.44,299.29,313.24,8416724.0
2022-02-25,313.18,317.44,307.57,316.65,6510600.0
2022-02-28,312.97,316.08,310.48,315.83,5735147.0
2022-03-01,314.59,322.43,313.76,320.25,5640906.0
2022-03-02,321.06,331.19,319.68,327.37,5645611.0
2022-03-03,329.19,330.68,322.83,324.36,3858439.0
2022-03-04,322.21,326.66,319.51,324.26,3631653.0
2022-03-07,324.26,329.6,320.11,322.77,4669950.0
2022-03-08,319.75,328.49,315.95,316.74,5092527.0
2022-03-09,320.0,322.46,316.92,317.2,4443609.0
2022-03-10,314.36,318.26,308.75,317.94,3895211.0
2022-03-11,319.28,321.79,316.23,316.79,2973298.0
2022-03-14,322.91,324.0,316.21,318.36,3604268.0
2022-03-15,320.35,330.18,320.33,328.54,3775297.0
2022-03-16,331.58,333.95,324.23,330.91,3942427.0
2022-03-17,329.14,336.36,327.84,336.36,3123210.0
2022-03-18,333.63,340.74,332.31,340.74,9409577.0
2022-03-21,338.04,340.69,327.08,329.37,4521212.0
2022-03-22,329.32,331.3,324.01,329.73,4852801.0
2022-03-23,326.9,328.19,315.85,317.05,5207746.0
2022-03-24,317.15,319.4,314.3,315.78,4599930.0
2022-03-25,318.48,318.8,308.3,310.68,5177998.0
2022-03-28,311.0,314.35,309.23,314.28,3936640.0
2022-03-29,316.91,321.0,312.92,317.71,5306131.0
2022-03-30,313.11,315.24,306.1,308.46,7223830.0
2022-03-31,306.21,307.96,298.89,299.33,11044642.0
2022-04-01,300.5,303.37,298.9,301.89,5554611.0
2022-04-04,301.49,306.48,299.57,305.58,4665847.0
2022-04-05,306.26,309.1,302.21,304.86,4376138.0
2022-04-06,298.09,300.66,294.99,298.54,6499947.0
2022-04-07,296.79,304.59,293.59,302.75,5241024.0
2022-04-08,301.46,312.29,301.28,311.11,5741921.0
2022-04-11,307.81,314.17,305.93,306.72,4100561.0
2022-04-12,309.44,313.29,305.1,306.29,4122551.0
2022-04-13,306.11,311.7,305.72,310.42,3185296.0
2022-04-14,310.83,312.25,304.33,304.52,4569196.0
2022-04-18,303.0,306.29,298.72,300.21,3192413.0
2022-04-19,300.61,308.13,299.81,307.8,3389701.0
2022-04-20,311.0,316.1,309.75,315.14,4720754.0
2022-04-21,317.0,318.4,309.74,310.36,3014188.0
2022-04-22,309.82,309.82,299.78,300.11,4043169.0
2022-04-25,300.0,305.16,296.27,304.94,4396905.0
2022-04-26,302.25,307.56,299.72,299.96,3415244.0
2022-04-27,301.3,306.42,299.12,301.6,3446242.0
2022-04-28,304.75,314.54,303.01,311.76,4151717.0
2022-04-29,308.15,311.72,299.71,300.4,4878169.0
2022-05-02,301.99,308.79,299.91,306.97,4233870.0
2022-05-03,305.69,309.0,303.02,304.96,3336636.0
2022-05-04,304.08,315.75,302.93,315.31,4021309.0
2022-05-05,311.0,311.36,293.71,299.11,4959610.0
2022-05-06,296.3,296.75,289.41,294.31,4325343.0
2022-05-09,290.28,300.74,288.5,297.03,5243628.0
2022-05-10,298.46,301.07,287.66,291.16,4392900.0
2022-05-11,291.45,293.33,282.57,282.96,3880469.0
2022-05-12,281.57,293.18,280.63,289.69,4447676.0
2022-05-13,289.95,299.42,288.45,296.03,3949134.0
2022-05-16,294.08,299.57,289.79,295.99,4267850.0
2022-05-17,306.5,310.94,290.9,300.95,12425881.0
2022-05-18,293.0,295.44,281.18,285.18,7799541.0
2022-05-19,285.5,292.5,284.96,287.76,5211530.0
2022-05-20,289.82,290.5,279.59,287.19,5621770.0
2022-05-23,289.09,290.34,280.32,286.03,4305632.0
2022-05-24,284.0,289.32,280.65,287.92,4241931.0
2022-05-25,285.81,295.49,285.66,293.57,4612940.0
2022-05-26,297.32,305.63,297.0,302.81,4170801.0
2022-05-27,303.54,308.5,301.6,308.46,3899284.0
2022-05-31,306.6,307.87,300.83,302.75,5966574.0
2022-06-01,301.74,302.98,297.03,297.19,3080760.0
2022-06-02,298.81,306.03,295.89,305.87,4086408.0
2022-06-03,303.33,308.46,301.9,305.08,2956559.0
2022-06-06,305.56,307.61,303.25,303.89,2562003.0
2022-06-07,295.06,302.38,292.6,301.77,3547797.0
2022-06-08,299.78,300.58,295.68,297.53,3003115.0
2022-06-09,297.76,306.88,297.35,299.86,4170367.0
2022-06-10,291.5,296.5,288.64,289.24,4625619.0
2022-06-13,284.36,286.82,281.28,283.16,4704607.0
2022-06-14,283.21,286.38,276.59,278.67,3986997.0
2022-06-15,281.0,283.59,275.47,279.73,4050378.0
2022-06-16,274.92,276.11,269.73,273.46,6181025.0
2022-06-17,271.0,276.62,270.39,270.73,10775633.0
2022-06-21,273.69,273.92,267.42,269.2,5498444.0
2022-06-22,266.39,271.77,264.51,268.98,4679513.0
2022-06-23,270.0,275.59,269.89,275.42,3747525.0
2022-06-24,277.47,283.46,273.92,283.0,10310737.0
2022-06-27,284.46,285.0,281.49,282.69,2538618.0
2022-06-28,283.78,285.6,269.82,270.15,4068691.0
2022-06-29,271.58,276.16,268.81,273.87,2460462.0
2022-06-30,270.73,277.04,268.04,274.27,4057969.0
2022-07-01,275.73,280.75,274.55,279.08,2818310.0
2022-07-05,275.5,283.73,275.03,283.73,3241987.0
2022-07-06,284.99,285.92,280.52,283.58,2206112.0
2022-07-07,282.84,286.97,281.45,286.69,3133933.0
2022-07-08,285.99,287.99,283.91,286.47,1890962.0
2022-07-11,285.18,289.59,285.14,286.39,2453278.0
2022-07-12,288.97,293.64,283.41,285.12,2696086.0
2022-07-13,281.63,289.79,279.76,287.18,2941558.0
2022-07-14,281.85,290.29,281.65,289.48,2822219.0
2022-07-15,294.81,295.45,290.95,292.41,2647191.0
2022-07-18,297.25,298.49,292.0,293.05,2664016.0
2022-07-19,295.44,300.01,293.31,299.83,2614945.0
2022-07-20,300.93,303.69,298.28,302.3,2533412.0
2022-07-21,302.85,305.25,298.87,305.0,1965036.0
2022-07-22,307.66,310.67,304.36,306.59,2391540.0
2022-07-25,306.8,307.43,303.83,306.15,1910480.0
2022-07-26,297.0,300.64,295.91,298.18,2690206.0
2022-07-27,298.21,300.31,291.79,298.91,3219621.0
2022-07-28,295.0,301.24,293.17,299.63,3992053.0
2022-07-29,300.0,301.44,297.43,300.94,3236036.0
2022-08-01,300.64,308.45,300.01,305.82,3303894.0
2022-08-02,305.4,305.61,300.01,300.71,3091035.0
2022-08-03,303.35,308.07,300.34,306.37,3329353.0
2022-08-04,304.54,309.97,304.44,307.17,2718383.0
2022-08-05,305.38,309.78,304.5,309.69,2029298.0
2022-08-08,311.86,315.8,310.44,311.97,2505344.0
2022-08-09,308.89,309.96,303.31,305.21,2607007.0
2022-08-10,309.5,312.98,309.05,311.58,3863371.0
2022-08-11,313.84,314.62,309.58,310.69,2444200.0
2022-08-12,312.61,314.93,310.18,314.89,2273796.0
2022-08-15,312.04,315.76,310.15,314.61,3917318.0
2022-08-16,312.98,332.98,312.88,327.38,10089762.0
2022-08-17,328.09,329.5,324.07,325.76,3162612.0
2022-08-18,324.96,327.94,322.22,325.21,2899614.0
2022-08-19,324.97,326.32,319.77,321.32,3489092.0
2022-08-22,318.09,319.74,311.71,312.21,3144240.0
2022-08-23,311.21,311.52,305.64,306.9,3317535.0
2022-08-24,305.05,309.98,303.55,308.11,2495587.0
2022-08-25,308.64,309.96,305.83,309.78,2529669.0
2022-08-26,310.3,311.51,298.02,298.1,3315542.0
2022-08-29,296.57,299.71,294.29,296.32,2711751.0
2022-08-30,298.56,299.9,291.67,293.1,2892427.0
2022-08-31,292.01,292.47,288.28,288.42,4376169.0
2022-09-01,288.4,293.58,286.72,293.37,3742451.0
2022-09-02,296.11,296.8,290.12,291.9,2753601.0
2022-09-06,293.22,294.5,287.26,289.54,4109969.0
2022-09-07,290.44,297.7,290.3,297.47,3016015.0
2022-09-08,296.0,300.19,294.54,299.9,2703239.0
2022-09-09,299.48,302.49,298.33,299.77,2769929.0
2022-09-12,300.8,302.83,296.35,297.54,3632935.0
2022-09-13,292.01,294.08,277.32,277.93,4797246.0
2022-09-14,279.4,279.54,273.17,276.34,4194435.0
2022-09-15,277.89,278.01,270.54,271.54,3896084.0
2022-09-16,269.05,276.56,268.9,275.97,9535105.0
2022-09-19,273.58,281.23,273.51,280.42,3047191.0
2022-09-20,276.88,278.78,271.37,274.17,2940742.0
2022-09-21,276.0,280.13,271.51,271.57,3173521.0
2022-09-22,271.22,271.22,267.85,269.14,3515833.0
2022-09-23,267.89,271.3,266.32,270.94,3527874.0
2022-09-26,271.43,273.56,265.61,266.58,4181825.0
2022-09-27,269.36,273.69,266.98,268.69,3701021.0
2022-09-28,275.22,283.5,272.71,282.19,5816583.0
2022-09-29,278.51,278.76,274.73,278.33,4518628.0
2022-09-30,277.82,281.79,274.76,275.94,4789087.0
2022-10-03,281.0,286.06,279.55,283.7,3579971.0
2022-10-04,287.5,291.31,286.56,289.56,3641251.0
2022-10-05,286.25,292.11,285.37,289.85,2728022.0
2022-10-06,289.56,292.97,287.78,290.39,2641641.0
2022-10-07,287.53,288.63,282.42,284.32,2405956.0
2022-10-10,283.56,284.86,280.22,282.46,2115429.0
2022-10-11,281.1,286.2,280.9,282.89,2771941.0
2022-10-12,284.42,284.64,280.49,280.52,2258401.0
2022-10-13,274.66,284.83,268.73,282.83,3881627.0
2022-10-14,286.64,286.64,275.95,276.43,2783361.0
2022-10-17,279.6,283.87,279.34,281.26,3426680.0
2022-10-18,287.95,289.86,283.23,285.06,3166524.0
2022-10-19,282.47,282.77,273.02,275.49,4322993.0
2022-10-20,274.94,278.0,267.87,269.46,3959531.0
2022-10-21,268.34,275.71,268.0,275.53,3429101.0
2022-10-24,276.97,284.47,276.97,283.26,2937117.0
2022-10-25,285.51,292.13,285.51,290.26,2791642.0
2022-10-26,290.6,291.87,286.17,290.15,2615341.0
2022-10-27,291.85,294.27,289.45,291.06,3041731.0
2022-10-28,290.0,299.16,290.0,298.65,3243147.0
2022-10-31,294.41,299.28,292.55,296.13,4211031.0
2022-11-01,300.37,302.21,293.35,296.06,3309326.0
2022-11-02,295.2,300.17,288.52,288.73,4427211.0
2022-11-03,283.57,285.95,280.51,281.5,4823867.0
2022-11-04,285.89,288.84,277.5,284.03,4399410.0
2022-11-07,286.5,291.7,282.84,290.27,3260152.0
2022-11-08,292.43,293.34,287.63,291.14,3371826.0
2022-11-09,289.0,292.5,286.26,286.75,3071380.0
2022-11-10,297.74,314.74,297.08,311.7,7793983.0
2022-11-11,312.0,317.68,310.24,314.94,4945385.0
2022-11-14,314.36,315.98,306.34,306.92,6394785.0
2022-11-15,304.06,316.63,303.25,311.93,9290361.0
2022-11-16,305.86,316.41,304.51,314.91,5249549.0
2022-11-17,312.0,313.68,306.15,311.44,3643182.0
2022-11-18,314.14,316.0,310.26,313.18,3559301.0
2022-11-21,316.96,318.84,314.2,316.78,4068957.0
2022-11-22,320.0,326.82,319.38,324.88,6054740.0
2022-11-23,326.76,327.82,320.44,321.51,4243427.0
2022-11-25,322.89,329.08,321.9,326.38,3393533.0
2022-11-28,325.06,328.8,317.85,318.92,4735507.0
2022-11-29,316.0,320.0,315.62,315.96,3505644.0
2022-11-30,312.93,324.19,311.5,323.99,15106515.0
2022-12-01,326.31,329.67,324.44,327.07,3830118.0
2022-12-02,321.08,328.48,320.33,327.99,3644116.0
2022-12-05,325.15,325.52,319.54,320.08,5057347.0
2022-12-06,319.64,321.65,314.54,317.45,3341458.0
2022-12-07,315.96,322.88,314.44,320.15,4038175.0
2022-12-08,318.55,324.53,318.55,324.09,3483561.0
2022-12-09,321.48,324.44,319.93,320.48,3738832.0
2022-12-12,323.0,328.34,321.29,327.98,4900164.0
2022-12-13,344.35,347.25,329.96,332.89,5787668.0
2022-12-14,330.53,339.06,329.01,333.43,4546024.0
2022-12-15,329.44,330.02,323.37,327.6,5057631.0
2022-12-16,323.43,327.94,319.24,323.34,9614983.0
2022-12-19,319.5,321.91,316.02,317.33,3000613.0
2022-12-20,313.32,316.89,310.83,314.84,2632300.0
2022-12-21,318.05,319.59,314.74,319.36,2610365.0
2022-12-22,316.4,316.4,310.73,316.12,3064779.0
2022-12-23,314.15,319.1,313.06,318.73,2064872.0
2022-12-27,318.41,321.55,317.51,319.55,1610418.0
2022-12-28,320.55,321.43,315.5,315.73,1568353.0
2022-12-29,318.65,321.83,317.59,320.41,1559184.0
2022-12-30,317.49,318.17,313.02,315.86,2581645.0
2023-01-03,317.42,319.22,311.78,315.91,2822390.0
2023-01-04,321.07,322.51,316.38,319.73,3560934.0
2023-01-05,317.83,318.08,313.23,315.47,2935083.0
2023-01-06,316.29,318.85,309.0,317.53,4022511.0
2023-01-09,320.0,322.55,317.06,317.81,3466267.0
2023-01-10,316.3,320.73,313.96,320.63,2111276.0
2023-01-11,322.55,329.04,322.12,329.0,2864834.0
2023-01-12,332.21,332.21,326.71,329.87,2481803.0
2023-01-13,326.49,332.39,326.0,331.21,2798591.0
2023-01-17,330.33,335.16,327.1,327.53,3988949.0
2023-01-18,330.0,334.52,322.93,323.69,2952202.0
2023-01-19,320.34,321.34,310.63,310.88,5359280.0
2023-01-20,310.01,315.24,307.39,315.0,3725066.0
2023-01-23,313.54,317.53,311.09,315.48,3237915.0
2023-01-24,314.49,318.1,312.63,317.69,2127866.0
2023-01-25,315.33,318.12,311.55,317.26,2060388.0
2023-01-26,314.15,319.26,312.53,313.81,3555265.0
2023-01-27,312.02,318.24,311.33,316.69,2761169.0
2023-01-30,315.83,318.14,313.69,314.24,2643141.0
2023-01-31,315.99,324.35,315.1,324.17,3526837.0
2023-02-01,322.39,330.55,317.64,328.09,3076471.0
2023-02-02,333.45,341.47,332.69,339.79,4776634.0
2023-02-03,332.53,334.71,330.33,331.5,3389884.0
2023-02-06,328.99,331.01,327.46,329.27,2229679.0
2023-02-07,324.0,327.0,320.72,325.2,3865481.0
2023-02-08,322.94,323.99,319.57,320.79,2777196.0
2023-02-09,323.1,323.89,314.83,315.55,3063322.0
2023-02-10,313.85,317.2,312.75,316.54,2768995.0
2023-02-13,317.34,323.69,315.61,323.53,2432487.0
2023-02-14,320.61,322.96,315.67,318.43,3380793.0
2023-02-15,315.88,321.53,315.79,320.69,2585889.0
2023-02-16,315.0,323.74,314.93,321.24,3169211.0
2023-02-17,318.68,320.6,312.95,317.95,4985543.0
2023-02-21,305.55,308.01,295.03,295.5,10891773.0
2023-02-22,297.55,300.4,295.09,296.3,5922119.0
2023-02-23,296.79,299.88,294.62,299.31,4354477.0
2023-02-24,292.4,298.33,292.0,296.66,3713328.0
2023-02-27,299.36,300.49,295.04,296.01,3238332.0
2023-02-28,295.0,298.7,294.31,296.54,3949457.0
2023-03-01,291.92,293.72,288.66,290.79,5905093.0
2023-03-02,288.46,294.11,287.27,293.02,4103817.0
2023-03-03,294.64,298.61,293.76,298.45,4036700.0
2023-03-06,298.0,300.11,296.98,298.21,3763206.0
2023-03-07,299.06,299.06,290.42,290.7,4512372.0
2023-03-08,289.44,292.46,288.27,291.49,4680277.0
2023-03-09,293.05,294.37,287.75,288.0,3247953.0
2023-03-10,288.56,293.16,284.1,286.31,4730932.0
2023-03-13,283.99,292.34,282.6,286.52,3892100.0
2023-03-14,289.3,289.8,281.39,285.57,5115963.0
2023-03-15,283.95,289.16,282.67,287.97,4835545.0
2023-03-16,287.0,288.03,285.0,286.73,4400647.0
2023-03-17,287.82,291.95,286.26,288.39,8341992.0
2023-03-20,287.43,289.83,286.61,289.26,3678030.0
2023-03-21,291.43,292.89,287.6,289.43,4788155.0
2023-03-22,290.09,291.21,282.45,282.61,3723368.0
2023-03-23,285.26,286.11,280.22,283.91,6005846.0
2023-03-24,282.56,284.93,280.83,283.02,3851349.0
2023-03-27,283.75,284.94,280.91,281.27,4269715.0
2023-03-28,280.8,283.29,279.93,280.82,3633317.0
2023-03-29,281.25,283.99,281.25,283.36,3607467.0
2023-03-30,285.36,286.1,283.85,285.36,3432765.0
2023-03-31,286.99,295.55,286.76,295.12,5800560.0
2023-04-03,294.87,297.97,294.74,297.73,4007558.0
2023-04-04,297.5,299.8,294.4,294.96,2965903.0
2023-04-05,295.0,295.71,288.48,288.67,4002411.0
2023-04-06,287.25,289.79,284.24,288.61,3193441.0
2023-04-10,286.13,292.64,285.66,291.17,2799984.0
2023-04-11,292.69,295.1,291.76,293.77,2497125.0
2023-04-12,296.2,298.44,289.58,290.44,3341591.0
2023-04-13,290.89,292.47,286.37,292.15,3506009.0
2023-04-14,292.15,296.2,291.38,292.19,2653419.0
2023-04-17,291.7,295.5,291.55,295.4,2621939.0
2023-04-18,296.32,299.24,295.92,298.95,2847773.0
2023-04-19,296.45,298.29,295.05,296.91,2889329.0
2023-04-20,295.97,301.31,295.5,298.57,3371950.0
2023-04-21,301.62,303.2,299.35,300.04,3506816.0
2023-04-24,300.0,301.9,299.22,301.64,2515471.0
2023-04-25,301.5,302.69,296.13,296.33,4529517.0
2023-04-26,295.43,295.97,287.08,288.07,4037371.0
2023-04-27,288.0,294.71,287.8,293.93,3133553.0
2023-04-28,293.77,300.82,293.38,300.54,4063418.0
2023-05-01,298.98,299.56,297.37,297.7,2969999.0
2023-05-02,298.44,298.67,291.05,294.28,3413376.0
2023-05-03,294.56,298.76,292.5,293.08,2743399.0
2023-05-04,292.72,294.59,285.33,285.75,4422521.0
2023-05-05,287.17,290.87,286.1,289.62,3806598.0
2023-05-08,289.0,289.84,284.44,287.93,3736546.0
2023-05-09,286.17,291.06,285.76,290.58,2569969.0
2023-05-10,291.71,293.57,285.92,289.03,3571029.0
2023-05-11,288.74,289.45,285.02,287.69,3859744.0
2023-05-12,288.0,290.97,287.45,290.47,3438271.0
2023-05-15,289.92,290.92,286.94,288.54,5353632.0
2023-05-16,281.75,286.09,277.09,282.33,12365693.0
2023-05-17,282.15,294.05,281.21,292.39,7956888.0
2023-05-18,292.65,295.93,291.6,295.16,4546983.0
2023-05-19,295.76,295.76,289.95,290.88,4470591.0
2023-05-22,290.73,292.99,288.08,290.66,3736199.0
2023-05-23,289.28,297.77,289.28,294.94,5352185.0
2023-05-24,297.37,297.53,290.18,291.1,4978212.0
2023-05-25,291.79,291.79,286.06,286.75,5355858.0
2023-05-26,287.0,293.3,285.69,292.83,4626113.0
2023-05-30,293.28,294.45,288.95,292.4,5193255.0
2023-05-31,289.59,290.0,281.96,283.45,18288783.0
2023-06-01,284.05,289.22,279.98,288.39,4305103.0
2023-06-02,290.65,296.21,289.72,295.94,4515554.0
2023-06-05,295.62,295.72,291.37,293.1,3028785.0
2023-06-06,291.82,296.92,291.65,296.0,2855434.0
2023-06-07,297.31,302.2,297.11,301.7,4842660.0
2023-06-08,302.16,305.45,300.79,301.09,3758904.0
2023-06-09,300.98,301.43,296.1,297.35,3486443.0
2023-06-12,298.4,302.61,297.65,300.86,4457363.0
2023-06-13,302.4,304.12,298.67,300.08,4043383.0
2023-06-14,300.99,302.55,295.63,299.71,4175958.0
2023-06-15,300.84,303.43,299.58,302.02,4109746.0
2023-06-16,304.34,305.98,300.14,300.38,10809348.0
2023-06-20,299.77,302.75,298.23,301.41,3371247.0
2023-06-21,302.87,303.57,300.18,300.7,2713378.0
2023-06-22,301.5,302.84,299.6,301.18,3052180.0
2023-06-23,300.32,302.32,299.1,300.81,8525877.0
2023-06-26,302.67,309.21,301.98,307.89,4440078.0
2023-06-27,308.15,315.46,307.89,313.74,5342491.0
2023-06-28,312.0,312.94,306.06,306.51,4025557.0
2023-06-29,306.78,308.13,304.03,307.82,3279710.0
2023-06-30,309.58,311.43,308.3,310.64,3230714.0
2023-07-03,309.78,311.4,308.9,310.02,1483269.0
2023-07-05,310.5,312.3,309.99,310.8,2496625.0
2023-07-06,306.84,307.98,301.54,302.02,4831220.0
2023-07-07,301.99,305.63,300.89,302.81,2951873.0
2023-07-10,303.2,310.53,303.2,310.28,3246705.0
2023-07-11,312.91,314.57,310.74,313.66,2913954.0
2023-07-12,316.31,321.26,316.01,317.52,5300724.0
2023-07-13,318.1,318.42,313.47,314.6,3235603.0
2023-07-14,314.84,316.9,314.22,316.5,2942129.0
2023-07-17,315.72,317.82,314.15,316.05,2003340.0
2023-07-18,314.53,318.32,312.13,316.76,2316991.0
2023-07-19,317.0,319.94,316.69,319.48,2361436.0
2023-07-20,320.34,321.45,317.88,319.09,2101940.0
2023-07-21,321.07,321.89,319.49,320.47,3673354.0
2023-07-24,320.97,325.66,320.95,325.11,2621982.0
2023-07-25,325.07,326.9,323.83,325.13,2890828.0
2023-07-26,324.69,330.96,324.24,329.59,3448123.0
2023-07-27,331.71,333.44,328.93,329.71,2608561.0
2023-07-28,332.0,333.0,329.5,331.37,2268947.0
2023-07-31,331.65,334.07,331.48,333.84,2690587.0
2023-08-01,331.76,334.97,330.88,332.07,2547410.0
2023-08-02,330.03,332.53,327.92,328.5,2753888.0
2023-08-03,327.68,332.1,327.64,329.85,2452330.0
2023-08-04,328.16,329.52,325.33,326.43,3591635.0
2023-08-07,327.21,329.41,326.59,329.17,2111166.0
2023-08-08,326.58,328.53,323.39,327.81,3272766.0
2023-08-09,327.35,330.92,326.76,328.21,2698894.0
2023-08-10,330.66,332.9,328.94,329.4,3075122.0
2023-08-11,328.52,331.59,328.35,331.11,3108422.0
2023-08-14,331.46,333.79,328.43,329.95,3974759.0
2023-08-15,331.76,338.17,328.52,332.14,5860938.0
2023-08-16,332.62,337.81,331.68,333.03,3753910.0
2023-08-17,333.77,335.65,327.06,327.28,3885098.0
2023-08-18,325.06,328.89,324.43,327.37,3471953.0
2023-08-21,326.61,327.87,323.5,324.06,3109678.0
2023-08-22,325.27,326.31,322.03,324.48,2582234.0
2023-08-23,324.52,326.93,324.08,326.09,2728024.0
2023-08-24,325.12,329.0,322.31,322.59,2490159.0
2023-08-25,323.43,326.34,321.2,322.86,2418103.0
2023-08-28,323.2,327.44,322.87,325.91,2100114.0
2023-08-29,326.79,329.84,326.77,329.38,2628221.0
2023-08-30,328.0,331.62,327.87,330.63,2256151.0
2023-08-31,331.2,332.6,329.68,330.3,2914712.0
2023-09-01,332.0,333.45,331.14,333.08,2317413.0
2023-09-05,331.84,332.3,327.37,327.78,3141630.0
2023-09-06,327.53,328.61,325.56,326.0,3199736.0
2023-09-07,325.03,329.92,324.3,328.42,2453979.0
2023-09-08,327.5,329.49,326.68,328.71,2211132.0
2023-09-11,329.29,329.88,327.57,328.37,2087856.0
2023-09-12,326.83,328.77,325.89,326.28,2190597.0
2023-09-13,326.04,327.96,325.0,325.88,2564520.0
2023-09-14,327.39,330.3,325.27,329.63,2707576.0
2023-09-15,327.32,329.17,320.33,321.4,7117755.0
2023-09-18,320.16,321.65,316.91,317.26,2740425.0
2023-09-19,315.95,316.93,312.34,314.61,2776594.0
2023-09-20,315.0,316.35,310.8,310.86,2320403.0
2023-09-21,309.4,310.23,306.36,306.76,2767805.0
2023-09-22,306.16,307.65,305.46,305.73,2289219.0
2023-09-25,304.51,307.29,304.51,306.49,1882366.0
2023-09-26,304.52,305.81,301.63,302.54,2655576.0
2023-09-27,303.0,304.22,299.9,301.82,2513914.0
2023-09-28,301.67,304.87,300.75,303.49,2369593.0
2023-09-29,304.95,305.67,299.82,302.16,3502578.0
2023-10-02,300.52,303.45,298.46,299.83,2807021.0
2023-10-03,297.91,298.3,290.07,291.94,3609222.0
2023-10-04,293.36,294.21,290.36,292.39,2956313.0
2023-10-05,292.0,292.67,290.24,291.7,2469265.0
2023-10-06,290.76,294.54,287.39,292.82,2922456.0
2023-10-09,290.3,295.53,289.68,295.36,1930103.0
2023-10-10,296.69,300.67,295.17,299.22,3116433.0
2023-10-11,299.74,300.85,295.9,298.05,2292761.0
2023-10-12,297.7,297.7,290.77,293.02,2546429.0
2023-10-13,292.94,294.73,290.89,291.92,2092894.0
2023-10-16,294.43,298.37,293.58,297.33,2567037.0
2023-10-17,296.69,298.36,294.5,295.94,2139722.0
2023-10-18,293.0,293.3299,289.585,290.24,2719968.0
2023-10-19,291.0,291.34,286.42,286.77,3028368.0
2023-10-20,285.86,287.177,283.61,286.41,2885190.0
2023-10-23,285.82,288.2463,284.33,285.07,2585737.0
2023-10-24,286.74,287.9067,282.0301,283.31,2705117.0
2023-10-25,281.75,283.23,279.2,280.93,2962620.0
2023-10-26,280.53,283.24,277.75,278.0,3108043.0
2023-10-27,278.98,279.67,274.26,276.46,2907254.0
2023-10-30,277.47,282.32,276.96,281.48,3026431.0
2023-10-31,282.59,285.4,281.615,284.69,3035539.0
2023-11-01,285.59,286.83,282.0201,286.63,2747131.0
2023-11-02,290.25,294.66,290.0,294.53,3627984.0
2023-11-03,294.18,297.81,294.17,295.61,3071885.0
2023-11-06,294.75,296.44,293.2225,294.57,2879386.0
2023-11-07,294.61,296.0,293.56,294.77,2628958.0
2023-11-08,295.03,298.01,294.11,295.92,2454797.0
2023-11-09,291.95,292.7389,287.68,287.87,4058870.0
2023-11-10,289.23,291.59,286.79,291.59,3653694.0
2023-11-13,287.79,289.9307,287.24,288.07,4586692.0
2023-11-14,300.89,308.2399,300.1401,303.63,7952457.0
2023-11-15,304.1,308.93,304.01,308.19,3985859.0
2023-11-16,305.88,307.9499,304.33,306.44,3109171.0
2023-11-17,308.5,308.715,305.45,307.27,2770170.0
2023-11-20,307.19,309.67,305.74,308.19,3459411.0
2023-11-21,305.57,306.07,302.34,305.34,2977352.0
2023-11-22,307.39,309.86,306.475,309.2,2873571.0
2023-11-24,309.18,311.38,308.31,310.7,1256854.0
2023-11-27,310.69,312.89,309.75,310.92,2992570.0
2023-11-28,310.71,314.58,309.39,313.34,3116882.0
2023-11-29,314.06,314.06,310.91,311.02,3083839.0
2023-11-30,312.54,313.76,308.5939,313.49,4493669.0
2023-12-01,313.83,320.1,313.0,319.62,3613792.0
2023-12-04,319.62,325.08,318.96,324.02,3797183.0
2023-12-05,322.0,323.919,320.01,323.5,3269710.0
2023-12-06,325.0,328.31,324.21,326.11,3030378.0
2023-12-07,326.11,327.41,324.68,326.17,2742259.0
2023-12-08,326.0,327.28,325.06,326.47,2889291.0
2023-12-11,329.81,332.09,328.81,331.33,3520605.0
2023-12-12,330.44,334.52,330.32,333.2,2893500.0
2023-12-13,334.9,343.835,331.91,343.4,5822443.0
2023-12-14,349.74,353.07,348.0,351.81,7594382.0
2023-12-15,348.22,354.38,346.75,354.0,11212803.0
2023-12-18,353.71,354.92,350.32,350.81,4420513.0
2023-12-19,351.46,352.96,350.4,352.07,4654273.0
2023-12-20,351.0,354.77,348.31,348.66,3259253.0
2023-12-21,351.87,352.25,347.0,348.97,2794163.0
2023-12-22,349.04,351.34,346.69,348.59,2026027.0
2023-12-26,348.43,350.09,348.16,349.31,1585447.0
2023-12-27,349.91,350.0,347.1801,348.53,2764418.0
2023-12-28,348.5,349.04,345.8,347.36,2859461.0
2023-12-29,345.83,347.55,343.02,346.55,10325694.0
2024-01-02,344.21,347.3013,343.22,345.08,2833238.0
2024-01-03,342.48,342.7,336.59,338.26,3309335.0
2024-01-04,339.93,342.9217,338.54,338.59,3651979.0
2024-01-05,337.87,343.8299,337.82,342.94,2664147.0
2024-01-08,343.43,348.4559,343.25,347.93,2736171.0
2024-01-09,345.81,349.11,345.25,346.19,2337714.0
2024-01-10,350.62,356.86,350.31,356.8,4108900.0
2024-01-11,357.09,361.0,353.26,356.53,3530310.0
2024-01-12,358.53,358.53,353.43,355.71,1949724.0
2024-01-16,358.06,359.645,356.21,358.43,3669360.0
2024-01-17,356.63,359.7551,354.05,355.7,2646104.0
2024-01-18,356.12,358.71,354.03,357.9,2510460.0
2024-01-19,358.81,362.96,356.2801,362.41,3234462.0
2024-01-22,359.36,361.46,355.6861,356.69,4003515.0
2024-01-23,355.85,355.88,349.06,350.78,3878438.0
2024-01-24,351.94,352.87,347.07,347.27,3474305.0
2024-01-25,352.59,352.875,348.26,350.97,3064077.0
2024-01-26,351.47,357.05,351.02,355.3,3177861.0
2024-01-29,355.15,356.37,353.0101,355.7,2731946.0
2024-01-30,354.5,358.93,354.04,357.1,2336165.0
2024-01-31,357.92,358.982,352.35,352.96,3377560.0
2024-02-01,353.4,360.14,352.32,360.07,2438978.0
2024-02-02,354.18,359.55,350.02,357.23,3670647.0
2024-02-05,353.66,356.07,350.76,355.14,2653991.0
2024-02-06,354.85,358.0,354.3001,356.25,2045237.0
2024-02-07,358.48,363.7266,357.72,362.69,3272123.0
2024-02-08,362.86,365.65,361.6485,363.72,2521880.0
2024-02-09,364.13,364.43,360.8,363.15,2389863.0
2024-02-12,364.22,368.72,364.05,365.45,3119694.0
2024-02-13,358.47,359.43,353.88,357.59,3106407.0
2024-02-14,357.17,358.98,353.98,358.23,2998857.0
2024-02-15,358.9,361.64,356.85,361.08,2662700.0
2024-02-16,360.68,363.99,359.15,362.35,3899403.0
2024-02-20,355.31,365.25,354.5561,362.57,4829727.0
2024-02-21,360.59,365.11,358.95,364.13,3278598.0
2024-02-22,367.44,372.96,367.15,371.34,3387455.0
2024-02-23,372.08,374.245,370.25,371.96,3398044.0
2024-02-26,373.51,374.88,370.72,371.6,2460839.0
2024-02-27,372.66,375.8,370.6101,375.56,2802559.0
2024-02-28,375.56,379.84,375.06,377.61,2282494.0
2024-02-29,378.79,381.78,378.15,380.61,4382764.0
2024-03-01,380.36,385.095,379.83,384.45,2750902.0
2024-03-04,382.9,384.5299,380.11,380.37,2618899.0
2024-03-05,380.1,380.98,377.02,378.45,3011651.0
2024-03-06,378.53,379.815,375.89,377.44,2496116.0
2024-03-07,377.87,380.3,375.575,376.55,2368354.0
2024-03-08,375.0,376.62,372.1,373.35,2162824.0
2024-03-11,371.56,372.98,368.87,371.52,2832941.0
2024-03-12,372.51,375.9,372.405,374.54,2843807.0
2024-03-13,376.03,382.71,375.78,378.99,3761224.0
2024-03-14,378.0,380.2,372.17,375.27,3877497.0
2024-03-15,374.12,378.42,372.54,373.23,9234755.0
2024-03-18,376.49,377.6,371.14,371.91,3455574.0
2024-03-19,374.89,379.46,373.13,379.41,3493712.0
2024-03-20,379.42,384.88,376.23,384.41,2750153.0
2024-03-21,388.41,396.8729,388.29,395.2,4211983.0
2024-03-22,394.69,396.42,390.09,390.28,2884012.0
2024-03-25,389.1,389.86,382.89,383.51,2683910.0
2024-03-26,382.41,384.26,379.4,379.93,2720178.0
2024-03-27,380.85,386.3199,380.74,385.89,2536456.0
2024-03-28,387.13,387.61,379.72,383.6,4108328.0
2024-04-01,381.47,383.14,367.84,368.03,4333231.0
2024-04-02,364.5,366.86,362.96,363.0,4650544.0
2024-04-03,362.0,362.4,359.0,359.9,4723245.0
2024-04-04,362.61,365.0,356.91,357.68,4381563.0
2024-04-05,357.68,359.33,356.02,357.87,3243488.0
2024-04-08,358.07,362.57,357.26,362.05,4339821.0
2024-04-09,363.63,364.45,358.73,361.42,3022807.0
2024-04-10,351.87,353.99,348.75,350.56,4805246.0
2024-04-11,351.04,351.91,345.79,347.37,4104715.0
2024-04-12,346.12,346.12,341.51,342.87,3550338.0
2024-04-15,345.92,346.08,337.19,337.93,4209165.0
2024-04-16,336.82,338.11,332.96,334.83,4525522.0
2024-04-17,336.78,337.25,331.94,332.83,4273837.0
2024-04-18,335.65,336.95,331.33,332.89,3717526.0
2024-04-19,334.71,335.87,332.58,335.36,3076576.0
2024-04-22,338.22,339.45,333.71,336.11,3112789.0
2024-04-23,338.0,340.19,336.29,339.0,3697424.0
2024-04-24,337.07,337.55,331.82,333.01,4029153.0
2024-04-25,329.72,332.91,326.9,331.98,3787752.0
2024-04-26,331.0,335.83,330.99,335.09,2465262.0
2024-04-29,335.0,337.34,334.15,336.8,2603866.0
2024-04-30,335.72,337.44,332.86,334.22,3089890.0
2024-05-01,333.01,335.39,329.43,331.97,3267852.0
2024-05-02,335.5,336.0,330.98,335.53,3213554.0
2024-05-03,341.28,346.88,340.37,342.85,4164823.0
2024-05-06,346.0,346.38,340.4402,342.29,3366186.0
2024-05-07,343.6,345.54,340.38,340.69,2930715.0
2024-05-08,338.78,340.44,337.63,338.83,3123153.0
2024-05-09,339.25,348.005,338.88,347.44,3801431.0
2024-05-10,347.46,349.81,344.695,346.43,3413894.0
2024-05-13,348.06,348.79,340.4,340.96,4055469.0
2024-05-14,335.05,344.2549,333.0,340.5,5854302.0
2024-05-15,345.18,350.44,344.69,348.67,4150882.0
2024-05-16,348.0,348.25,342.67,342.73,3101370.0
2024-05-17,344.76,344.93,340.59,344.21,2738917.0
2024-05-20,341.13,342.5491,337.54,337.82,3236847.0
2024-05-21,339.0,339.0,332.325,336.15,4275069.0
2024-05-22,334.66,335.25,328.93,330.59,4024304.0
2024-05-23,330.98,331.0,325.995,326.89,4021099.0
2024-05-24,326.39,327.54,324.42,325.1,2736867.0
2024-05-28,325.39,330.99,324.48,328.7,3807484.0
2024-05-29,326.53,326.79,323.77,325.91,3506227.0
2024-05-30,326.26,330.22,325.705,329.18,2921660.0
2024-05-31,330.05,335.17,328.01,334.87,5557618.0
2024-06-03,333.65,333.65,326.8374,328.01,3712460.0
2024-06-04,326.87,329.79,325.1,328.26,4296649.0
2024-06-05,328.5,330.46,325.92,330.26,2422130.0
2024-06-06,329.8,331.84,328.06,331.1,2979347.0
2024-06-07,325.73,328.8156,323.93,327.03,2583614.0
2024-06-10,327.0,332.8,326.5,332.56,2691318.0
2024-06-11,333.0,336.31,330.32,335.72,3250699.0
2024-06-12,347.03,350.49,343.06,344.14,4792615.0
2024-06-13,345.9,348.6899,343.07,347.88,3380764.0
2024-06-14,344.81,347.495,341.69,346.84,2588694.0
2024-06-17,344.89,350.694,344.4,349.5,2680168.0
2024-06-18,352.95,356.4111,352.1146,353.87,3654599.0
2024-06-20,352.0,354.9213,349.59,353.44,3661041.0
2024-06-21,354.84,356.25,352.05,355.8,6596397.0
2024-06-24,356.9,357.685,350.72,350.88,4278900.0
2024-06-25,346.31,346.99,334.5337,338.32,4980431.0
2024-06-26,339.46,342.59,337.53,341.82,3365295.0
2024-06-27,342.83,344.76,338.45,341.49,2912478.0
2024-06-28,341.35,345.28,340.71,344.24,6343973.0
2024-07-01,343.92,344.645,335.39,336.19,2643523.0
2024-07-02,335.0,336.83,332.53,334.97,2995834.0
2024-07-03,337.0,339.6395,333.5401,333.64,1728290.0
2024-07-05,332.71,335.92,331.64,334.58,3436988.0
2024-07-08,335.88,340.76,335.0,339.6,3534154.0
2024-07-09,338.95,339.26,335.57,337.09,2255054.0
2024-07-10,338.64,344.29,337.62,344.18,3262919.0
2024-07-11,350.78,354.13,345.0,353.79,4146664.0
2024-07-12,355.0,363.95,354.09,359.77,4019684.0
2024-07-15,359.14,361.18,355.03,358.46,2883957.0
2024-07-16,360.06,369.415,359.5,369.12,3210209.0
2024-07-17,366.64,375.19,365.42,371.89,3990816.0
2024-07-18,369.9,375.74,365.775,366.08,2394487.0
2024-07-19,366.43,367.6,361.945,363.36,2474477.0
2024-07-22,364.5,367.28,361.08,363.25,4049112.0
2024-07-23,365.43,365.43,359.38,359.62,2535549.0
2024-07-24,358.93,361.4536,350.0,350.31,3507710.0
2024-07-25,350.2,358.8332,349.33,353.29,3297259.0
2024-07-26,355.01,361.67,355.01,359.51,2439197.0
2024-07-29,359.21,362.89,358.945,361.67,2142015.0
2024-07-30,362.82,364.685,359.26,363.69,2788465.0
2024-07-31,365.0,372.49,363.043,368.16,3526116.0
2024-08-01,369.99,371.48,353.7501,358.58,3758891.0
2024-08-02,354.93,355.57,346.74,355.43,3764539.0
2024-08-05,350.88,353.94,345.24,350.01,3827424.0
2024-08-06,348.75,358.6599,347.28,353.91,2831036.0
2024-08-07,355.18,356.27,342.28,342.4,3428969.0
2024-08-08,342.24,348.74,341.34,348.34,3590963.0
2024-08-09,347.89,351.5299,345.395,348.64,2314771.0
2024-08-12,350.77,351.5,342.13,345.81,3830222.0
2024-08-13,341.87,353.39,339.37,350.07,6388189.0
2024-08-14,349.55,359.6899,349.4,355.66,4814550.0
2024-08-15,362.46,365.41,358.14,360.07,3575313.0
2024-08-16,359.97,363.7,359.97,362.06,3308274.0
2024-08-19,362.5,364.69,362.1,363.07,3634758.0
2024-08-20,360.65,367.64,360.5,367.27,3459401.0
2024-08-21,369.45,372.87,368.5218,370.46,4587537.0
2024-08-22,371.5,372.46,364.61,365.36,4097246.0
2024-08-23,366.66,376.32,365.19,375.59,3426056.0
2024-08-26,377.08,378.5821,373.37,374.11,2452119.0
2024-08-27,373.49,374.28,371.0,373.18,1780229.0
2024-08-28,373.0,375.41,370.2,372.69,2218161.0
2024-08-29,372.61,373.316,366.93,367.06,2698364.0
2024-08-30,369.24,370.41,364.8772,368.5,3216625.0
2024-09-03,367.9,369.38,362.9,364.74,3598082.0
2024-09-04,364.17,365.93,360.0124,364.67,3220568.0
2024-09-05,364.9,365.15,357.58,361.85,2788993.0
2024-09-06,362.92,365.44,359.42,360.05,2228760.0
2024-09-09,362.76,366.16,360.03,365.52,2747404.0
2024-09-10,365.7,371.56,362.48,370.87,2787401.0
2024-09-11,369.55,371.21,362.14,370.49,2937307.0
2024-09-12,371.94,374.99,370.56,374.43,2368293.0
2024-09-13,375.56,382.0,375.51,379.99,2514697.0
2024-09-16,382.0,384.0,379.53,382.01,2877723.0
2024-09-17,383.43,387.94,381.68,383.24,2947487.0
2024-09-18,384.09,392.67,381.07,384.01,3549366.0
2024-09-19,390.84,391.87,387.01,390.34,3753514.0
2024-09-20,388.33,391.83,387.0,389.86,6584334.0
2024-09-23,390.83,392.6499,387.26,391.96,2502255.0
2024-09-24,394.7,401.11,393.63,400.66,4057434.0
2024-09-25,400.66,400.66,395.62,396.93,2787468.0
2024-09-26,399.5,400.0,395.49,396.7,2849339.0
2024-09-27,399.65,403.5437,398.31,399.53,2452212.0
2024-09-30,400.2,405.31,399.02,405.2,3444031.0
2024-10-01,404.02,410.56,401.41,409.05,3476165.0
2024-10-02,407.7,411.46,404.96,411.26,3430948.0
2024-10-03,409.0,412.97,406.8,411.58,3320559.0
2024-10-04,410.07,411.82,399.4501,408.36,3989525.0
2024-10-07,404.89,409.8099,401.24,408.06,3267547.0
2024-10-08,409.8,415.29,408.44,414.18,3693730.0
2024-10-09,420.0,420.03,410.75,416.07,3627625.0
2024-10-10,409.72,414.48,407.63,409.96,3040626.0
2024-10-11,410.56,413.14,408.84,411.9,2716921.0
2024-10-14,411.48,416.42,411.304,415.42,2088630.0
2024-10-15,417.95,421.56,415.02,415.58,3693034.0
2024-10-16,413.87,418.74,413.87,418.61,2428847.0
2024-10-17,418.61,419.0,414.5607,415.6,2013223.0
2024-10-18,416.65,416.66,413.24,415.0,2436536.0
2024-10-21,416.07,416.555,404.371,406.4,3699459.0
2024-10-22,398.5,402.95,396.21,401.85,4486520.0
2024-10-23,400.56,404.2799,396.69,399.64,3158868.0
2024-10-24,402.29,404.2,398.088,402.68,2550179.0
2024-10-25,403.52,403.52,397.83,398.91,1941241.0
2024-10-28,403.45,405.8399,401.95,402.89,2586250.0
2024-10-29,393.94,399.105,389.05,395.07,3822270.0
2024-10-30,395.0,397.69,391.94,392.52,2795584.0
2024-10-31,390.5,395.67,390.5,393.75,2518527.0
2024-11-01,394.8,398.71,392.01,392.59,3277846.0
2024-11-04,391.95,400.48,391.07,395.57,2690787.0
2024-11-05,394.97,400.23,393.8601,400.09,2496466.0
2024-11-06,394.04,394.04,381.72,388.37,7133250.0
2024-11-07,391.0,399.76,390.8,399.44,4322536.0
2024-11-08,404.0,406.4,402.3001,405.9,3448221.0
2024-11-11,407.77,411.6,405.825,408.29,4071503.0
2024-11-12,414.25,416.02,402.19,403.08,5647103.0
2024-11-13,409.13,412.7399,406.7201,410.19,3083105.0
2024-11-14,408.0,411.5,404.39,405.72,3347959.0
2024-11-15,402.9,408.91,402.9,408.18,3239412.0
2024-11-18,405.5,412.54,403.95,410.44,3394036.0
2024-11-19,408.38,409.16,399.36,406.8,3239155.0
2024-11-20,406.0,406.7,399.92,400.0,4732195.0
2024-11-21,401.33,411.39,400.38,410.45,3722333.0
2024-11-22,412.09,420.14,410.95,420.0,4932308.0
2024-11-25,425.0,430.25,424.46,428.67,4544230.0
2024-11-26,428.6,439.37,424.695,429.52,2758472.0
2024-11-27,428.6,430.1,425.96,427.19,2293222.0
2024-11-29,428.56,431.0,427.54,429.13,1946235.0
2024-12-02,429.0,430.4,423.155,426.96,2616958.0
2024-12-03,429.73,430.68,423.32,429.35,2713836.0
2024-12-04,426.41,428.83,425.5,427.92,1968661.0
2024-12-05,426.6,429.7594,425.88,426.54,2523491.0
2024-12-06,428.7,435.75,427.01,431.37,3161414.0
2024-12-09,432.35,436.36,428.03,429.18,3425402.0
2024-12-10,426.9,427.31,421.41,422.59,3354860.0
2024-12-11,425.23,428.0,421.26,421.38,4211059.0
2024-12-12,421.43,422.75,413.18,414.42,3673600.0
2024-12-13,415.77,418.14,414.18,416.98,2649715.0
2024-12-16,417.85,418.48,410.69,410.71,2879499.0
2024-12-17,410.0,410.4,406.23,408.47,3726724.0
2024-12-18,407.0,410.71,393.38,393.82,4225509.0
2024-12-19,394.74,395.14,384.89,385.02,4576036.0
2024-12-20,383.37,393.2872,383.05,392.6,8046347.0
2024-12-23,391.1,393.24,387.03,392.45,2433754.0
2024-12-24,392.13,396.14,390.5,396.14,1218701.0
2024-12-26,392.52,395.78,391.62,395.14,1321218.0
2024-12-27,392.14,395.47,391.37,392.86,1942561.0
2024-12-30,390.53,391.21,385.68,389.43,2444439.0
2024-12-31,390.01,391.46,387.3,388.99,2179649.0
2025-01-02,392.13,392.67,386.38,388.46,2418176.0
2025-01-03,389.82,391.01,385.81,389.18,2232184.0
2025-01-06,390.5,393.99,388.03,389.37,3274419.0
2025-01-07,390.9,391.9,383.1,384.23,2274108.0
2025-01-08,383.0,387.69,380.1,387.2,2848206.0
2025-01-10,388.91,392.91,384.615,389.89,5323431.0
2025-01-13,389.99,395.86,387.7,389.18,3512925.0
2025-01-14,390.59,394.2,389.63,392.78,3405054.0
2025-01-15,406.65,408.0,401.76,406.09,4584540.0
2025-01-16,406.27,410.105,403.916,409.33,2305814.0
2025-01-17,413.49,414.45,408.53,409.38,3228918.0
2025-01-21,413.0,420.22,413.0,418.43,3566657.0
2025-01-22,417.55,417.55,409.33,410.1,3581351.0
2025-01-23,411.57,414.69,408.75,414.39,3840257.0
2025-01-24,414.09,415.01,410.755,414.5,2369936.0
2025-01-27,414.9,426.1859,414.0,424.87,3698946.0
2025-01-28,423.24,423.24,416.7,418.83,2818349.0
2025-01-29,420.22,421.37,411.79,413.42,2384640.0
2025-01-30,416.41,417.3236,411.5192,414.5,3081171.0
2025-01-31,413.17,416.38,410.32,411.98,2761792.0
2025-02-03,406.12,411.9,401.01,408.76,2895985.0
2025-02-04,409.51,412.58,406.085,411.49,2150573.0
2025-02-05,415.15,415.15,408.14,413.82,2212087.0
2025-02-06,414.91,417.79,413.0,414.16,2023576.0
2025-02-07,413.2,414.2899,406.5,407.37,2530198.0
2025-02-10,410.64,414.95,408.7902,413.99,2617536.0
2025-02-11,414.0,416.57,412.74,416.36,1441380.0
2025-02-12,408.58,409.65,402.12,407.14,3386673.0
2025-02-13,408.71,412.98,407.49,412.43,3067794.0
2025-02-14,415.0,417.9999,408.5551,409.5,3004369.0
2025-02-18,408.31,408.87,400.22,403.31,3994024.0
2025-02-19,397.22,398.64,392.935,395.43,3780004.0
2025-02-20,393.0,394.76,391.1,394.64,2703526.0
2025-02-21,396.4,397.815,383.9,385.3,5286695.0
2025-02-24,386.09,386.55,378.2,382.42,5722035.0
2025-02-25,385.0,401.01,384.19,393.29,6823815.0
2025-02-26,395.24,398.87,388.56,390.48,3871492.0
2025-02-27,389.91,395.47,388.325,390.27,2825142.0
2025-02-28,394.42,396.87,390.2819,396.6,4263548.0
2025-03-03,396.95,397.07,386.47,389.69,3397256.0
2025-03-04,386.15,387.96,378.9,381.68,4384618.0
2025-03-05,379.0,387.12,378.01,386.35,2780273.0
2025-03-06,383.5,387.76,380.73,381.73,4221786.0
2025-03-07,379.5,380.6502,368.9,376.8,4574263.0
2025-03-10,377.44,383.12,372.61,374.65,3710420.0
2025-03-11,374.22,374.93,365.7276,368.16,4013274.0
2025-03-12,371.97,372.0,361.75,364.73,3367937.0
2025-03-13,361.91,362.0,345.26,347.25,7062113.0
2025-03-14,350.65,351.39,345.42,351.31,5510278.0
2025-03-17,351.76,355.55,350.96,354.13,3681262.0
2025-03-18,353.53,353.89,347.59,349.57,3008068.0
2025-03-19,352.0,354.4263,348.985,353.42,2990085.0
2025-03-20,354.69,361.7665,352.2,355.52,3390799.0
2025-03-21,352.09,353.39,346.275,351.15,8205252.0
2025-03-24,354.62,364.43,354.28,363.77,4023168.0
2025-03-25,361.53,363.65,358.54,360.99,2799540.0
2025-03-26,360.39,364.73,360.12,362.13,3140500.0
2025-03-27,361.9,365.21,361.15,362.73,3036387.0
2025-03-28,363.16,363.2,356.17,358.15,2980171.0
2025-03-31,353.495,368.74,352.65,366.49,4498643.0
2025-04-01,364.14,367.29,361.92,365.52,2801960.0
2025-04-02,362.56,372.3099,362.26,370.89,3188941.0
2025-04-03,355.78,360.04,351.7147,355.91,5406961.0
2025-04-04,350.71,365.44,349.04,353.9,7530972.0
2025-04-07,344.3,354.22,333.5,341.51,6950244.0
2025-04-08,350.38,354.0,329.74,335.24,4867208.0
2025-04-09,328.6,356.04,326.31,355.39,6792535.0
2025-04-10,352.85,355.29,339.66,353.62,5574578.0
2025-04-11,350.31,354.47,344.2,353.86,3576291.0
2025-04-14,357.8,359.02,353.6,357.2,2842084.0
2025-04-15,356.56,361.4446,353.3201,354.11,2882852.0
2025-04-16,351.84,353.8,344.32,345.99,2636887.0
2025-04-17,348.55,357.5,348.37,355.06,3232331.0
2025-04-21,354.29,354.355,341.8,346.9,4015078.0
2025-04-22,351.16,356.215,350.42,354.43,2802305.0
2025-04-23,361.92,364.84,354.85,356.42,3283040.0
2025-04-24,356.5,360.4,354.61,359.64,2749470.0
2025-04-25,357.7,359.0,354.74,357.58,2811278.0
