Date,open,high,low,close,volume
2015-04-27,33.39,33.39,33.0,33.07,8378019.0
2015-04-28,33.19,33.24,32.73,33.24,8879208.0
2015-04-29,33.14,33.56,32.89,33.32,8580931.0
2015-04-30,33.31,33.46,32.83,32.97,10413211.0
2015-05-01,33.2,33.93,33.2,33.8,8423765.0
2015-05-04,33.8,33.89,33.58,33.65,5043373.0
2015-05-05,33.44,33.67,32.93,33.16,8700482.0
2015-05-06,33.19,33.38,32.25,32.5,8441196.0
2015-05-07,32.45,32.99,32.27,32.82,7738361.0
2015-05-08,33.18,33.5,32.96,33.41,7546186.0
2015-05-11,33.4,33.82,33.33,33.7,9959547.0
2015-05-12,33.32,33.37,32.9,32.92,9013352.0
2015-05-13,33.01,33.48,32.97,33.3,6086416.0
2015-05-14,33.51,33.73,33.4,33.7,6095642.0
2015-05-15,33.6,33.73,33.29,33.6,9688138.0
2015-05-18,33.49,33.52,33.01,33.25,8715717.0
2015-05-19,33.24,33.49,33.2,33.4,7672471.0
2015-05-20,33.41,33.45,32.77,33.07,11999014.0
2015-05-21,33.1,33.94,33.02,33.83,12943669.0
2015-05-22,34.27,35.6,34.26,34.76,28531425.0
2015-05-26,34.47,34.62,33.26,33.38,16832619.0
2015-05-27,33.63,33.82,33.22,33.78,13758243.0
2015-05-28,33.71,33.91,33.47,33.65,6852197.0
2015-05-29,33.62,33.7,33.26,33.4,12242180.0
2015-06-01,33.41,33.99,33.31,33.76,9245125.0
2015-06-02,33.66,34.28,33.33,33.88,9811391.0
2015-06-03,34.01,34.26,33.85,33.96,10515954.0
2015-06-04,33.54,33.83,33.18,33.3,10962226.0
2015-06-05,33.33,33.44,32.81,32.92,12096029.0
2015-06-08,32.77,32.93,32.4,32.69,9474376.0
2015-06-09,32.66,32.85,32.29,32.58,8149746.0
2015-06-10,32.66,33.15,32.66,32.91,6640927.0
2015-06-11,32.94,33.1,32.47,32.52,8793283.0
2015-06-12,32.48,32.68,32.2,32.41,5178797.0
2015-06-15,32.27,32.27,31.65,31.71,12037953.0
2015-06-16,31.72,31.76,31.48,31.65,12945043.0
2015-06-17,31.7,32.31,31.69,32.21,10940758.0
2015-06-18,32.25,32.56,32.02,32.08,15229344.0
2015-06-19,31.96,32.1,31.8,31.8,14888012.0
2015-06-22,31.96,32.0,31.69,31.7,9607350.0
2015-06-23,31.89,31.9,31.53,31.63,11760757.0
2015-06-24,31.55,31.77,31.52,31.54,10221928.0
2015-06-25,31.71,31.71,31.07,31.21,9517554.0
2015-06-26,30.58,30.9,30.27,30.53,19465218.0
2015-06-29,30.33,30.41,29.9,29.97,16472341.0
2015-06-30,30.07,30.21,29.52,30.01,18975157.0
2015-07-01,30.33,30.55,29.95,30.52,18328266.0
2015-07-02,30.7,31.01,30.64,30.69,15655428.0
2015-07-06,30.38,30.63,29.72,30.57,11547657.0
2015-07-07,30.52,31.1,30.21,30.8,18107300.0
2015-07-08,30.49,30.68,30.32,30.45,15438229.0
2015-07-09,30.73,30.84,30.34,30.39,12980292.0
2015-07-10,30.8,30.88,30.34,30.65,9233082.0
2015-07-13,30.94,30.98,30.51,30.74,6707655.0
2015-07-14,30.67,30.73,30.46,30.51,8245757.0
2015-07-15,30.55,30.69,30.4,30.5,11866573.0
2015-07-16,30.63,30.75,30.34,30.35,10650081.0
2015-07-17,30.34,30.45,29.95,30.36,12332259.0
2015-07-20,30.4,30.54,30.09,30.45,11647525.0
2015-07-21,30.15,30.69,30.09,30.66,16950331.0
2015-07-22,30.42,30.79,30.35,30.77,12184132.0
2015-07-23,31.02,31.46,30.8,31.23,15006577.0
2015-07-24,31.18,31.41,30.54,30.81,23213993.0
2015-07-27,30.49,30.49,30.08,30.25,9903246.0
2015-07-28,30.51,30.53,30.01,30.27,8025726.0
2015-07-29,30.22,30.45,30.09,30.3,8522998.0
2015-07-30,30.22,30.67,30.08,30.62,7051519.0
2015-07-31,30.71,30.82,30.48,30.52,11852521.0
2015-08-03,30.59,30.66,29.83,30.02,11481308.0
2015-08-04,30.05,30.2,29.52,29.76,12414444.0
2015-08-05,30.02,30.38,29.97,30.3,10332629.0
2015-08-06,30.4,30.78,30.11,30.14,10594592.0
2015-08-07,30.02,30.21,29.4,29.41,10320320.0
2015-08-10,29.47,30.29,29.46,30.24,9828979.0
2015-08-11,29.94,29.97,29.3,29.32,9333438.0
2015-08-12,29.09,29.13,28.38,29.1,13033335.0
2015-08-13,29.0,29.41,28.44,28.45,8452608.0
2015-08-14,28.45,28.83,28.41,28.71,7581770.0
2015-08-17,28.5,28.8,28.28,28.61,8188756.0
2015-08-18,28.35,28.57,28.2,28.39,10426300.0
2015-08-19,28.19,28.36,27.61,27.74,14789208.0
2015-08-20,27.51,27.86,27.21,27.35,16364815.0
2015-08-21,26.95,29.43,26.94,27.47,36884319.0
2015-08-24,25.61,27.76,24.85,26.6,32292928.0
2015-08-25,27.18,27.37,25.65,25.69,22969078.0
2015-08-26,26.36,27.13,25.97,27.1,20166010.0
2015-08-27,27.39,27.86,27.18,27.79,16869326.0
2015-08-28,27.7,28.13,27.66,28.03,14850446.0
2015-08-31,27.81,28.12,27.71,28.06,14141223.0
2015-09-01,27.39,28.15,27.32,27.81,17966254.0
2015-09-02,28.15,28.16,27.41,28.0,10995074.0
2015-09-03,28.03,28.7,27.94,28.13,10797652.0
2015-09-04,27.42,27.57,26.97,26.99,14851710.0
2015-09-08,27.43,27.62,27.23,27.59,10238107.0
2015-09-09,27.89,28.01,27.21,27.26,11570284.0
2015-09-10,27.19,27.5,26.85,27.33,10061827.0
2015-09-11,27.18,27.31,26.92,27.15,11406228.0
2015-09-14,27.19,27.51,26.96,27.04,12963001.0
2015-09-15,26.96,27.27,26.86,27.11,15886247.0
2015-09-16,27.75,28.54,27.53,28.47,32237330.0
2015-09-17,27.78,28.26,27.51,27.57,16959371.0
2015-09-18,27.5,27.53,26.45,26.54,29076267.0
2015-09-21,26.18,26.7,26.18,26.44,15908747.0
2015-09-22,25.89,26.29,25.38,25.65,29603547.0
2015-09-23,25.65,25.76,25.29,25.49,11138107.0
2015-09-24,25.18,25.33,24.94,25.26,13153731.0
2015-09-25,25.41,25.45,24.76,25.01,12676240.0
2015-09-28,24.49,24.9,24.4,24.57,15013982.0
2015-09-29,24.48,24.95,24.3,24.65,16781307.0
2015-09-30,25.07,25.71,24.94,25.61,19282559.0
2015-10-01,25.52,25.71,25.07,25.35,12447904.0
2015-10-02,25.01,26.07,25.0,26.07,15532822.0
2015-10-05,26.35,27.24,26.24,27.18,15140823.0
2015-10-06,27.15,28.12,27.11,28.0,20557351.0
2015-10-07,28.11,28.26,27.75,28.01,17159333.0
2015-10-08,27.99,29.2,27.9,29.18,19745476.0
2015-10-09,29.14,29.77,29.05,29.3,22340152.0
2015-10-12,29.21,29.36,28.81,29.3,8484598.0
2015-10-13,29.02,29.6,28.93,29.23,8777745.0
2015-10-14,29.13,29.46,28.94,29.42,8591721.0
2015-10-15,29.04,29.26,28.73,28.77,11786423.0
2015-10-16,28.88,28.96,28.52,28.86,11993857.0
2015-10-19,28.6,29.06,28.51,28.98,11294802.0
2015-10-20,28.82,28.95,28.46,28.56,8202138.0
2015-10-21,28.59,28.78,28.21,28.23,8210715.0
2015-10-22,28.36,28.92,28.36,28.77,7963181.0
2015-10-23,28.98,29.24,28.73,29.03,8301896.0
2015-10-26,28.94,29.02,28.02,28.07,9912693.0
2015-10-27,27.92,28.03,27.34,27.45,15143108.0
2015-10-28,27.52,28.0,27.39,27.98,8310636.0
2015-10-29,27.63,27.77,27.27,27.37,9989660.0
2015-10-30,27.12,27.39,26.72,26.96,25649514.0
2015-11-02,12.47,14.0,12.41,13.83,51331699.0
2015-11-03,13.73,14.5,13.55,14.29,38326116.0
2015-11-04,14.25,14.43,13.91,14.14,34005390.0
2015-11-05,14.21,14.25,13.96,14.05,16651069.0
2015-11-06,13.96,14.06,13.83,14.01,21712486.0
2015-11-09,14.25,14.35,13.84,13.87,19628019.0
2015-11-10,13.87,14.14,13.83,14.12,15740162.0
2015-11-11,14.13,14.21,13.9,13.92,9757800.0
2015-11-12,13.79,13.8,13.29,13.31,20427547.0
2015-11-13,13.36,13.45,13.03,13.11,16297674.0
2015-11-16,13.15,13.43,13.11,13.35,12704551.0
2015-11-17,13.41,13.65,13.26,13.28,14772968.0
2015-11-18,13.43,13.69,13.38,13.64,12823077.0
2015-11-19,13.67,13.84,13.62,13.79,15353783.0
2015-11-20,13.84,14.09,13.81,14.06,20110576.0
2015-11-23,14.31,14.33,13.99,14.23,14518373.0
2015-11-24,14.07,14.82,14.02,14.64,28073317.0
2015-11-25,13.17,13.27,12.26,12.64,71864654.0
2015-11-27,12.54,12.88,12.51,12.61,17214251.0
2015-11-30,12.58,12.69,12.39,12.54,28423865.0
2015-12-01,12.63,12.77,12.52,12.74,17800196.0
2015-12-02,12.61,12.61,11.9,11.95,52221197.0
2015-12-03,11.97,12.37,11.86,12.15,47308507.0
2015-12-04,12.15,12.56,12.12,12.32,21798977.0
2015-12-07,12.21,12.46,12.07,12.15,21616117.0
2015-12-08,11.92,12.36,11.89,12.19,20590776.0
2015-12-09,12.08,12.45,12.04,12.11,23342641.0
2015-12-10,12.12,12.38,12.12,12.36,15198880.0
2015-12-11,12.14,12.28,12.04,12.21,20885720.0
2015-12-14,12.3,12.47,12.01,12.16,19365281.0
2015-12-15,12.22,12.46,12.2,12.21,18656389.0
2015-12-16,12.27,12.39,12.18,12.26,18168085.0
2015-12-17,12.28,12.35,11.89,11.9,25722978.0
2015-12-18,11.83,11.91,11.45,11.51,38360824.0
2015-12-21,11.6,11.63,11.31,11.43,18329951.0
2015-12-22,11.4,11.76,11.3,11.66,19676752.0
2015-12-23,11.75,11.79,11.66,11.75,11916127.0
2015-12-24,11.75,11.89,11.72,11.73,4626631.0
2015-12-28,11.7,11.72,11.58,11.63,8014960.0
2015-12-29,11.67,11.93,11.67,11.86,9663719.0
2015-12-30,11.91,11.96,11.81,11.84,8389111.0
2015-12-31,11.83,11.99,11.76,11.84,10252276.0
2016-01-04,11.58,11.66,11.45,11.6,15143290.0
2016-01-05,11.65,11.78,11.58,11.71,13558404.0
2016-01-06,11.52,11.52,11.2,11.29,16350982.0
2016-01-07,11.05,11.05,10.72,10.77,25084578.0
2016-01-08,10.83,10.92,10.55,10.58,17428382.0
2016-01-11,10.66,10.75,10.5,10.65,17003930.0
2016-01-12,10.76,10.88,10.57,10.82,16627180.0
2016-01-13,10.83,10.92,10.44,10.58,29787257.0
2016-01-14,10.6,10.82,10.54,10.62,29015650.0
2016-01-15,10.18,10.38,9.99,10.11,24178625.0
2016-01-19,10.27,10.28,9.7,9.76,27427865.0
2016-01-20,9.55,9.63,9.24,9.55,26909131.0
2016-01-21,9.61,10.01,9.5,9.94,25717951.0
2016-01-22,10.13,10.24,9.73,9.8,17287976.0
2016-01-25,9.79,9.8,9.45,9.49,14495256.0
2016-01-26,9.54,9.8,9.51,9.64,9870057.0
2016-01-27,9.64,9.89,9.56,9.62,9729280.0
2016-01-28,9.75,9.77,9.42,9.48,13383678.0
2016-01-29,9.58,9.72,9.4,9.71,47468321.0
2016-02-01,9.65,10.01,9.59,9.97,21712331.0
2016-02-02,9.83,9.97,9.73,9.88,21562066.0
2016-02-03,9.81,9.85,9.33,9.65,15264244.0
2016-02-04,9.6,9.93,9.6,9.86,11744573.0
2016-02-05,9.83,10.12,9.76,9.91,17014200.0
2016-02-08,9.76,9.81,9.21,9.37,15917981.0
2016-02-09,9.29,9.42,9.15,9.19,20489127.0
2016-02-10,9.24,9.46,9.19,9.28,12246870.0
2016-02-11,9.14,9.2,8.91,9.02,14737528.0
2016-02-12,9.09,9.44,9.03,9.42,9665474.0
2016-02-16,9.56,9.84,9.45,9.81,12031301.0
2016-02-17,9.88,10.1,9.87,10.08,11987779.0
2016-02-18,10.13,10.67,10.1,10.52,18758728.0
2016-02-19,10.49,10.49,10.05,10.32,13933355.0
2016-02-22,10.44,10.75,10.42,10.68,10849892.0
2016-02-23,10.61,10.63,10.25,10.31,13017904.0
2016-02-24,10.28,10.86,10.1,10.82,21697912.0
2016-02-25,10.16,10.46,9.95,10.34,35556523.0
2016-02-26,10.44,10.99,10.38,10.64,22766580.0
2016-02-29,10.64,10.85,10.6,10.69,17385806.0
2016-03-01,10.84,11.02,10.67,10.93,17244883.0
2016-03-02,10.93,11.06,10.77,10.9,12506970.0
2016-03-03,10.97,11.29,10.96,11.11,18108945.0
2016-03-04,11.15,11.32,11.1,11.18,15153357.0
2016-03-07,10.99,11.4,10.95,11.31,12399166.0
2016-03-08,11.2,11.27,10.96,11.05,13054836.0
2016-03-09,11.09,11.45,11.09,11.36,12056810.0
2016-03-10,11.39,11.56,11.14,11.42,15901289.0
2016-03-11,11.52,11.7,11.45,11.7,12947988.0
2016-03-14,11.63,11.71,11.36,11.47,13585133.0
2016-03-15,11.43,11.45,11.2,11.4,11117754.0
2016-03-16,11.41,11.67,11.35,11.62,11656948.0
2016-03-17,11.62,12.25,11.59,11.72,18154848.0
2016-03-18,11.78,12.22,11.78,12.18,35391435.0
2016-03-21,12.14,12.24,11.98,12.21,14445644.0
2016-03-22,12.09,12.3,12.06,12.26,10924765.0
2016-03-23,12.24,12.28,11.97,12.02,11988965.0
2016-03-24,11.98,12.1,11.71,12.07,12085824.0
2016-03-28,12.06,12.14,11.96,12.07,10558459.0
2016-03-29,12.03,12.35,11.92,12.28,10721193.0
2016-03-30,12.34,12.39,12.16,12.3,10790084.0
2016-03-31,12.3,12.36,12.2,12.32,13806573.0
2016-04-01,12.21,12.29,12.03,12.26,11919324.0
2016-04-04,12.24,12.3,12.09,12.1,11098413.0
2016-04-05,12.1,12.14,11.93,11.95,15457956.0
2016-04-06,12.03,12.29,11.89,12.28,13114135.0
2016-04-07,12.21,12.29,11.93,11.99,14218667.0
2016-04-08,12.09,12.28,12.05,12.06,8256239.0
2016-04-11,12.1,12.44,12.09,12.13,15968768.0
2016-04-12,12.2,12.31,11.78,12.22,28304029.0
2016-04-13,12.34,12.74,12.26,12.64,16026500.0
2016-04-14,12.56,12.69,12.34,12.55,14140001.0
2016-04-15,12.57,12.71,12.5,12.52,12488274.0
2016-04-18,12.48,12.96,12.45,12.67,15582320.0
2016-04-19,12.7,12.91,12.59,12.78,18279017.0
2016-04-20,12.82,12.96,12.72,12.8,17071378.0
2016-04-21,12.78,12.84,12.58,12.59,11000352.0
2016-04-22,12.52,12.73,12.52,12.61,11610980.0
2016-04-25,12.55,12.64,12.37,12.57,13957188.0
2016-04-26,12.59,12.78,12.58,12.73,15675293.0
2016-04-27,12.66,12.79,12.48,12.76,10530743.0
2016-04-28,12.74,12.8,12.52,12.57,8006630.0
2016-04-29,12.49,12.51,12.13,12.27,13491883.0
2016-05-02,12.26,12.33,12.02,12.12,12284015.0
2016-05-03,12.05,12.11,11.61,11.71,16316517.0
2016-05-04,11.65,11.8,11.52,11.59,8673632.0
2016-05-05,11.67,11.74,11.4,11.45,8975069.0
2016-05-06,11.4,11.64,11.37,11.59,8439004.0
2016-05-09,11.58,11.63,11.38,11.43,9548425.0
2016-05-10,11.48,11.72,11.41,11.61,14925390.0
2016-05-11,11.62,11.76,11.53,11.69,14228884.0
2016-05-12,11.78,11.8,11.45,11.56,12098807.0
2016-05-13,11.53,11.69,11.43,11.5,7605491.0
2016-05-16,11.53,11.68,11.49,11.64,6107577.0
2016-05-17,11.59,11.79,11.48,11.53,9529677.0
2016-05-18,11.58,11.68,11.47,11.57,7009971.0
2016-05-19,11.47,11.55,11.31,11.44,10765383.0
2016-05-20,11.48,11.67,11.4,11.66,10409147.0
2016-05-23,11.66,11.87,11.62,11.67,9392084.0
2016-05-24,11.68,11.93,11.62,11.91,8891327.0
2016-05-25,12.24,12.34,12.11,12.2,15239835.0
2016-05-26,12.5,13.15,12.45,13.04,29824008.0
2016-05-27,13.02,13.3,12.95,13.17,18878860.0
2016-05-31,13.12,13.38,13.07,13.38,22008116.0
2016-06-01,13.32,13.49,13.21,13.44,15231541.0
2016-06-02,13.39,13.64,13.38,13.54,13659159.0
2016-06-03,13.47,13.53,13.32,13.44,10879953.0
2016-06-06,13.43,13.7,13.43,13.67,8693859.0
2016-06-07,13.7,13.8,13.61,13.69,9550702.0
2016-06-08,13.69,13.9,13.66,13.87,9280693.0
2016-06-09,13.78,13.88,13.62,13.84,9411379.0
2016-06-10,13.71,13.72,13.39,13.5,10125073.0
2016-06-13,13.27,13.29,13.02,13.03,13575557.0
2016-06-14,13.01,13.2,12.89,13.05,11537884.0
2016-06-15,13.09,13.2,12.96,13.0,9812950.0
2016-06-16,12.94,13.02,12.71,12.98,8582802.0
2016-06-17,12.98,13.18,12.96,13.12,14437655.0
2016-06-20,13.28,13.38,13.06,13.07,12433366.0
2016-06-21,13.13,13.36,13.06,13.33,13168740.0
2016-06-22,12.81,12.97,12.6,12.61,18223747.0
2016-06-23,12.83,12.97,12.79,12.95,13353215.0
2016-06-24,12.41,12.63,12.15,12.26,19822284.0
2016-06-27,12.11,12.12,11.94,11.96,687804.0
2016-06-28,11.67,11.8,11.51,11.79,14543004.0
2016-06-29,11.97,12.23,11.84,12.18,14195570.0
2016-06-30,12.27,12.55,12.14,12.55,14460718.0
2016-07-01,12.55,12.76,12.51,12.73,10888518.0
2016-07-05,12.62,12.71,12.25,12.36,9277521.0
2016-07-06,12.26,12.62,12.04,12.6,12004874.0
2016-07-07,12.66,12.87,12.59,12.85,13599806.0
2016-07-08,13.05,13.15,12.95,13.08,8603605.0
2016-07-11,13.17,13.3,13.02,13.16,9730135.0
2016-07-12,13.47,13.83,13.42,13.72,17140132.0
2016-07-13,13.73,13.85,13.63,13.81,9809464.0
2016-07-14,13.89,13.94,13.75,13.8,9377223.0
2016-07-15,13.89,13.93,13.77,13.85,9983417.0
2016-07-18,13.85,14.0,13.85,13.94,6628739.0
2016-07-19,13.93,14.11,13.91,14.05,11298745.0
2016-07-20,14.15,14.25,14.04,14.16,17199582.0
2016-07-21,14.13,14.18,13.93,14.0,18661695.0
2016-07-22,14.01,14.14,13.9,14.11,10287243.0
2016-07-25,14.1,14.2,14.09,14.16,6971303.0
2016-07-26,14.16,14.27,14.11,14.18,9362361.0
2016-07-27,14.26,14.26,13.9,13.99,17620320.0
2016-07-28,13.95,13.97,13.82,13.94,16140937.0
2016-07-29,13.91,14.13,13.79,14.01,15758355.0
2016-08-01,14.06,14.24,14.02,14.18,13847512.0
2016-08-02,13.92,14.18,13.85,14.06,10676743.0
2016-08-03,14.05,14.35,14.04,14.31,10143215.0
2016-08-04,14.33,14.38,14.09,14.15,14835315.0
2016-08-05,14.24,14.36,14.19,14.28,10185536.0
2016-08-08,14.3,14.34,14.2,14.26,11586363.0
2016-08-09,14.29,14.34,14.24,14.25,12411817.0
2016-08-10,14.28,14.3,14.14,14.19,11859625.0
2016-08-11,14.2,14.33,14.15,14.3,8173787.0
2016-08-12,14.29,14.38,14.24,14.28,9991641.0
2016-08-15,14.31,14.59,14.31,14.52,12748924.0
2016-08-16,14.46,14.51,14.38,14.41,9366048.0
2016-08-17,14.4,14.5,14.33,14.5,10371428.0
2016-08-18,14.52,14.6,14.46,14.51,9054597.0
2016-08-19,14.46,14.5,14.39,14.42,9503651.0
2016-08-22,14.36,14.39,14.26,14.37,13101890.0
2016-08-23,14.43,14.65,14.43,14.57,14070627.0
2016-08-24,14.67,14.73,14.39,14.4,19637248.0
2016-08-25,13.64,14.48,13.55,14.37,36141193.0
2016-08-26,14.37,14.69,14.37,14.39,15567756.0
2016-08-29,14.41,14.58,14.39,14.43,8022867.0
2016-08-30,14.43,14.46,14.28,14.38,10430734.0
2016-08-31,14.34,14.42,14.21,14.37,11282674.0
2016-09-01,14.39,14.5,14.28,14.5,10818169.0
2016-09-02,14.61,14.7,14.45,14.49,8252740.0
2016-09-06,14.54,14.67,14.53,14.63,7392178.0
2016-09-07,14.63,14.75,14.51,14.69,6808963.0
2016-09-08,14.6,14.69,14.55,14.63,10263124.0
2016-09-09,14.52,14.53,14.07,14.07,16599864.0
2016-09-12,13.85,14.57,13.78,14.49,15755541.0
2016-09-13,14.35,14.44,14.06,14.18,15013812.0
2016-09-14,14.18,14.35,14.09,14.27,8566831.0
2016-09-15,14.19,14.6,14.14,14.5,11824079.0
2016-09-16,14.74,14.8,14.49,14.53,18459467.0
2016-09-19,14.58,14.74,14.53,14.56,7980903.0
2016-09-20,14.64,14.67,14.52,14.54,8222246.0
2016-09-21,14.63,15.0,14.62,14.99,13733708.0
2016-09-22,14.98,15.17,14.93,15.12,9938478.0
2016-09-23,15.1,15.18,15.03,15.09,8093809.0
2016-09-26,15.0,15.12,14.93,15.02,7484334.0
2016-09-27,15.0,15.37,14.95,15.34,9061231.0
2016-09-28,15.4,15.49,15.17,15.49,9741906.0
2016-09-29,15.46,15.6,15.33,15.39,9790443.0
2016-09-30,15.47,15.73,15.44,15.53,11457198.0
2016-10-03,15.46,15.69,15.45,15.65,7281352.0
2016-10-04,15.68,15.74,15.27,15.36,12294265.0
2016-10-05,15.43,15.68,15.42,15.63,9081733.0
2016-10-06,15.63,15.63,15.41,15.6,5285660.0
2016-10-07,15.62,15.68,15.48,15.58,5355303.0
2016-10-10,15.69,15.88,15.59,15.59,7726111.0
2016-10-11,15.6,15.6,15.32,15.44,10650007.0
2016-10-12,15.48,15.56,15.31,15.35,10064117.0
2016-10-13,15.2,15.25,14.94,15.15,14415578.0
2016-10-14,14.63,15.0,14.48,14.48,23107130.0
2016-10-17,14.5,14.56,14.01,14.03,22057901.0
2016-10-18,14.19,14.42,14.09,14.21,12753958.0
2016-10-19,14.18,14.27,14.03,14.12,9917738.0
2016-10-20,14.08,14.16,13.98,14.1,6822462.0
2016-10-21,14.01,14.04,13.77,13.8,14610049.0
2016-10-24,13.86,13.97,13.83,13.97,9762196.0
2016-10-25,13.97,13.99,13.85,13.9,11069885.0
2016-10-26,13.85,14.07,13.84,13.91,17328124.0
2016-10-27,13.96,14.09,13.87,13.99,14105994.0
2016-10-28,13.94,14.19,13.94,14.09,15247824.0
2016-10-31,14.13,14.49,14.03,14.49,16362836.0
2016-11-01,14.51,14.55,14.12,14.35,25361506.0
2016-11-02,14.28,14.83,14.28,14.65,22284957.0
2016-11-03,14.67,14.88,14.51,14.54,10558862.0
2016-11-04,14.5,14.93,14.43,14.71,11831004.0
2016-11-07,14.9,15.14,14.89,15.05,9780782.0
2016-11-08,15.03,15.32,14.87,15.28,11646046.0
2016-11-09,15.07,15.71,14.99,15.57,16866869.0
2016-11-10,15.62,15.9,15.44,15.49,16182030.0
2016-11-11,15.4,15.83,15.36,15.82,10306751.0
2016-11-14,15.85,16.19,15.8,16.1,14481045.0
2016-11-15,15.96,16.07,15.82,15.87,14279443.0
2016-11-16,15.86,15.9,15.72,15.8,10164148.0
2016-11-17,15.86,15.96,15.82,15.89,9623161.0
2016-11-18,15.88,15.96,15.8,15.87,10878156.0
2016-11-21,15.94,16.07,15.93,16.0,10618254.0
2016-11-22,16.06,16.19,15.9,15.95,19588300.0
2016-11-23,15.35,15.72,14.78,14.87,23417028.0
2016-11-25,14.84,15.23,14.83,15.18,8875184.0
2016-11-28,15.06,15.2,15.0,15.08,12669533.0
2016-11-29,15.06,15.32,15.03,15.15,9762766.0
2016-11-30,15.17,15.53,15.1,15.4,15933281.0
2016-12-01,15.41,15.48,15.02,15.06,12821736.0
2016-12-02,15.03,15.3,15.02,15.12,8377096.0
2016-12-05,15.26,15.55,15.25,15.55,11538522.0
2016-12-06,15.51,15.64,15.46,15.6,6886889.0
2016-12-07,15.62,16.17,15.59,16.15,11679158.0
2016-12-08,16.14,16.25,16.1,16.16,9581856.0
2016-12-09,16.08,16.15,15.74,15.78,9864904.0
2016-12-12,15.41,15.84,15.41,15.83,12700992.0
2016-12-13,15.71,15.95,15.69,15.82,10856788.0
2016-12-14,15.77,15.9,15.53,15.61,10637790.0
2016-12-15,15.54,15.65,15.4,15.51,10122198.0
2016-12-16,15.47,15.54,15.05,15.05,19761470.0
2016-12-19,15.03,15.16,14.91,15.12,10343795.0
2016-12-20,15.16,15.22,15.0,15.08,12148600.0
2016-12-21,15.09,15.36,15.09,15.14,8133125.0
2016-12-22,15.22,15.27,14.94,15.14,7591722.0
2016-12-23,15.11,15.18,15.02,15.1,6305564.0
2016-12-27,15.14,15.24,15.13,15.21,4408545.0
2016-12-28,15.18,15.31,14.93,14.94,5107787.0
2016-12-29,14.92,15.04,14.87,14.94,4904892.0
2016-12-30,15.0,15.1,14.77,14.84,9187086.0
2017-01-03,14.95,15.14,14.62,14.85,12502220.0
2017-01-04,14.92,15.21,14.85,15.08,9105636.0
2017-01-05,15.1,15.16,14.9,15.07,12312002.0
2017-01-06,15.15,15.16,14.97,15.0,7470727.0
2017-01-09,14.98,15.09,14.67,14.68,12909034.0
2017-01-10,14.65,14.97,14.4,14.69,15888315.0
2017-01-11,14.71,14.97,14.62,14.94,15008643.0
2017-01-12,14.89,14.96,14.55,14.79,11507895.0
2017-01-13,14.79,14.94,14.69,14.77,9336199.0
2017-01-17,14.68,14.89,14.56,14.58,11976799.0
2017-01-18,14.61,14.7,14.5,14.58,13664459.0
2017-01-19,14.81,15.02,14.75,14.86,15081795.0
2017-01-20,14.96,14.98,14.6,14.73,14686987.0
2017-01-23,14.71,14.72,14.41,14.67,15250365.0
2017-01-24,14.7,15.24,14.67,15.17,12348644.0
2017-01-25,15.26,15.35,15.12,15.19,16223333.0
2017-01-26,15.22,15.31,14.77,14.79,14377314.0
2017-01-27,14.83,15.11,14.78,14.8,14921528.0
2017-01-30,14.83,14.85,14.62,14.84,11239636.0
2017-01-31,14.77,15.11,14.57,15.05,14865643.0
2017-02-01,15.12,15.16,14.84,14.99,12433691.0
2017-02-02,14.89,15.22,14.87,15.21,15599564.0
2017-02-03,15.22,15.32,15.12,15.27,11657483.0
2017-02-06,15.17,15.3,15.09,15.26,7975417.0
2017-02-07,15.26,15.44,15.16,15.43,12330311.0
2017-02-08,15.41,15.64,15.39,15.51,13204205.0
2017-02-09,15.51,15.77,15.45,15.64,7708947.0
2017-02-10,15.65,15.74,15.55,15.72,7754245.0
2017-02-13,15.75,16.11,15.7,16.04,16142558.0
2017-02-14,15.96,16.41,15.95,16.06,17086204.0
2017-02-15,16.04,16.14,15.89,15.98,14448235.0
2017-02-16,15.99,16.03,15.89,15.92,12560605.0
2017-02-17,15.88,15.95,15.72,15.95,17366721.0
2017-02-21,15.93,16.22,15.93,16.13,17317944.0
2017-02-22,16.09,16.24,16.09,16.2,16629906.0
2017-02-23,16.51,17.8,16.48,17.6,36917443.0
2017-02-24,17.34,17.68,17.31,17.65,19814048.0
2017-02-27,17.65,17.81,17.48,17.65,12287395.0
2017-02-28,17.64,17.67,17.37,17.37,13847089.0
2017-03-01,17.65,17.71,17.45,17.62,9818705.0
2017-03-02,17.66,17.69,17.31,17.32,12229177.0
2017-03-03,17.3,17.4,17.12,17.35,17289359.0
2017-03-06,17.44,17.44,17.13,17.3,11163044.0
2017-03-07,17.27,17.42,17.05,17.27,11527485.0
2017-03-08,17.3,17.4,17.22,17.32,6745670.0
2017-03-09,17.25,17.41,17.17,17.36,8505286.0
2017-03-10,17.25,17.6,17.25,17.39,7840676.0
2017-03-13,17.41,17.49,17.35,17.49,6966599.0
2017-03-14,17.46,17.58,17.41,17.47,6334157.0
2017-03-15,17.44,17.65,17.28,17.57,13418063.0
2017-03-16,17.6,17.71,17.48,17.65,8987052.0
2017-03-17,17.65,17.7,17.56,17.56,14281198.0
2017-03-20,17.57,17.68,17.52,17.56,8606967.0
2017-03-21,17.62,17.69,17.15,17.15,9610400.0
2017-03-22,17.22,17.3,17.1,17.23,10651778.0
2017-03-23,17.23,17.38,17.14,17.21,9156921.0
2017-03-24,17.28,17.4,17.13,17.23,6633816.0
2017-03-27,17.09,17.31,17.03,17.2,5698091.0
2017-03-28,17.23,17.41,17.2,17.26,8741713.0
2017-03-29,17.2,17.38,17.17,17.26,5477391.0
2017-03-30,17.25,17.69,17.22,17.65,10806000.0
2017-03-31,17.61,17.96,17.56,17.88,19240577.0
2017-04-03,17.93,17.95,17.43,17.59,10538315.0
2017-04-04,17.52,17.74,17.5,17.72,6781161.0
2017-04-05,17.8,17.94,17.6,17.69,10310708.0
2017-04-06,17.69,17.72,17.43,17.56,8367840.0
2017-04-07,17.54,17.63,17.28,17.37,13464895.0
2017-04-10,17.4,17.54,17.29,17.36,6694126.0
2017-04-11,17.4,17.55,17.29,17.54,14400669.0
2017-04-12,18.37,18.37,17.85,18.02,19363860.0
2017-04-13,17.99,18.35,17.94,18.2,12701657.0
2017-04-17,18.17,18.32,18.07,18.2,8213848.0
2017-04-18,18.21,18.36,18.08,18.22,10177080.0
2017-04-19,18.42,18.61,18.3,18.38,12351833.0
2017-04-20,18.44,18.56,18.29,18.52,6786300.0
2017-04-21,18.51,18.52,18.26,18.29,9952925.0
2017-04-24,18.52,18.6,18.36,18.54,7925800.0
2017-04-25,18.57,18.71,18.49,18.61,10405984.0
2017-04-26,18.5,18.73,18.42,18.63,7950252.0
2017-04-27,18.7,18.83,18.63,18.77,9193686.0
2017-04-28,18.74,18.83,18.52,18.82,7956877.0
2017-05-01,18.85,19.0,18.8,18.93,7958624.0
2017-05-02,18.99,19.03,18.81,18.9,10921539.0
2017-05-03,18.84,18.91,18.74,18.81,6996238.0
2017-05-04,18.84,18.88,18.69,18.79,7204792.0
2017-05-05,18.83,18.92,18.71,18.91,11897940.0
2017-05-08,18.91,19.39,18.89,19.31,10053254.0
2017-05-09,19.34,19.34,19.17,19.24,6673607.0
2017-05-10,19.25,19.37,19.16,19.36,7252134.0
2017-05-11,19.31,19.34,19.17,19.26,8232899.0
2017-05-12,19.25,19.42,19.13,19.3,6417197.0
2017-05-15,19.35,19.41,19.31,19.36,7123835.0
2017-05-16,19.42,19.48,19.23,19.47,7350370.0
2017-05-17,19.32,19.41,18.94,18.96,11079542.0
2017-05-18,18.87,18.88,18.65,18.78,14280716.0
2017-05-19,18.86,19.08,18.81,19.0,8033109.0
2017-05-22,19.08,19.15,18.86,19.11,9759218.0
2017-05-23,19.14,19.14,18.81,18.96,7812216.0
2017-05-24,19.02,19.19,18.9,19.01,13359346.0
2017-05-25,19.57,19.58,18.26,18.37,21252784.0
2017-05-26,18.27,18.54,18.21,18.47,14520792.0
2017-05-30,18.43,19.03,18.42,18.94,16423406.0
2017-05-31,18.95,18.98,18.72,18.76,12248948.0
2017-06-01,18.74,18.95,18.59,18.95,8339219.0
2017-06-02,18.97,19.16,18.93,18.98,9262101.0
2017-06-05,18.94,18.96,18.73,18.8,8273593.0
2017-06-06,18.79,18.8,18.23,18.26,17627817.0
2017-06-07,18.35,18.42,18.15,18.24,12448834.0
2017-06-08,18.27,18.31,18.1,18.28,12238496.0
2017-06-09,18.29,18.33,17.6,17.8,16228012.0
2017-06-12,17.61,17.86,17.43,17.76,12527274.0
2017-06-13,17.82,17.94,17.68,17.74,9036409.0
2017-06-14,17.67,17.75,17.28,17.4,8739997.0
2017-06-15,17.28,17.39,17.16,17.27,8700612.0
2017-06-16,17.24,17.45,17.14,17.35,14634825.0
2017-06-19,17.42,17.75,17.39,17.69,10304329.0
2017-06-20,17.68,17.96,17.64,17.83,16282793.0
2017-06-21,17.83,17.84,17.54,17.71,14704835.0
2017-06-22,17.69,17.79,17.58,17.71,11064581.0
2017-06-23,17.71,17.87,17.56,17.8,14051542.0
2017-06-26,17.89,18.24,17.89,18.16,14173744.0
2017-06-27,18.1,18.18,17.77,17.77,8303890.0
2017-06-28,17.88,18.11,17.79,18.03,6154108.0
2017-06-29,17.92,17.99,17.42,17.57,9017452.0
2017-06-30,17.66,17.71,17.45,17.48,8935331.0
2017-07-03,17.59,17.74,17.54,17.56,4312603.0
2017-07-05,17.57,17.72,17.46,17.65,13992229.0
2017-07-06,17.58,17.62,17.1,17.19,11784361.0
2017-07-07,17.25,17.38,17.16,17.35,8241012.0
2017-07-10,17.53,17.89,17.45,17.87,9820057.0
2017-07-11,17.83,18.12,17.78,17.94,4912732.0
2017-07-12,18.08,18.23,17.88,18.03,4051610.0
2017-07-13,18.02,18.16,17.95,18.08,3475520.0
2017-07-14,18.1,18.49,18.09,18.42,3927453.0
2017-07-17,18.38,18.5,18.25,18.46,3700127.0
2017-07-18,18.4,18.5,18.27,18.4,2193157.0
2017-07-19,18.42,18.7,18.36,18.7,10808149.0
2017-07-20,18.94,19.06,18.75,18.95,4645875.0
2017-07-21,18.9,19.23,18.85,19.16,3316245.0
2017-07-24,19.12,19.39,19.1,19.26,3077196.0
2017-07-25,19.25,19.58,19.11,19.41,3514207.0
2017-07-26,19.45,19.47,19.18,19.26,3503055.0
2017-07-27,19.33,19.45,18.82,19.21,14731886.0
2017-07-28,19.1,19.21,18.82,19.18,2023791.0
2017-07-31,19.2,19.32,19.05,19.1,12771589.0
2017-08-01,19.15,19.18,18.96,19.15,2881128.0
2017-08-02,19.2,19.21,18.87,19.11,4673820.0
2017-08-03,19.1,19.36,19.0,19.34,6703777.0
2017-08-04,19.35,19.58,19.27,19.36,3893478.0
2017-08-07,19.36,19.4,19.25,19.34,4180762.0
2017-08-08,19.29,19.48,19.2,19.31,5331636.0
2017-08-09,19.22,19.34,19.09,19.32,7843810.0
2017-08-10,19.22,19.27,18.88,18.9,13284580.0
2017-08-11,18.94,19.1,18.85,18.9,6609939.0
2017-08-14,19.07,19.2,19.02,19.1,7615826.0
2017-08-15,19.01,19.12,18.86,19.04,9245951.0
2017-08-16,18.98,19.07,18.87,18.97,9583136.0
2017-08-17,18.88,19.08,18.63,18.64,9282794.0
2017-08-18,18.6,18.65,18.36,18.51,11687271.0
2017-08-21,18.48,18.66,18.41,18.57,6919149.0
2017-08-22,18.63,19.09,18.59,19.02,8431970.0
2017-08-23,19.04,19.05,18.8,18.86,15055941.0
2017-08-24,18.83,19.78,18.83,19.41,27375516.0
2017-08-25,19.54,19.64,19.31,19.31,13592877.0
2017-08-28,19.35,19.5,19.08,19.18,13043858.0
2017-08-29,19.04,19.25,18.96,19.21,9552919.0
2017-08-30,19.2,19.25,19.06,19.17,7960181.0
2017-08-31,19.26,19.3,19.01,19.08,10435388.0
2017-09-01,19.08,19.49,19.07,19.36,7550930.0
2017-09-05,19.28,19.34,19.1,19.24,12217322.0
2017-09-06,19.34,19.48,19.27,19.37,11645066.0
2017-09-07,19.35,19.38,19.2,19.28,5716448.0
2017-09-08,19.23,19.26,19.08,19.12,6496651.0
2017-09-11,19.26,19.4,19.23,19.32,7335323.0
2017-09-12,19.29,19.5,19.26,19.48,7431418.0
2017-09-13,19.37,19.37,19.1,19.28,7964967.0
2017-09-14,19.2,19.49,19.12,19.46,9665604.0
2017-09-15,19.45,19.55,19.32,19.47,12790686.0
2017-09-18,19.52,19.71,19.43,19.59,6414807.0
2017-09-19,19.61,19.62,19.35,19.49,5527704.0
2017-09-20,19.48,19.6,19.42,19.6,7007734.0
2017-09-21,19.55,19.78,19.54,19.77,7539375.0
2017-09-22,19.68,19.95,19.65,19.94,6778176.0
2017-09-25,19.84,19.97,19.68,19.85,9338989.0
2017-09-26,19.77,20.13,19.77,19.88,16565020.0
2017-09-27,19.89,20.02,19.76,19.87,11022884.0
2017-09-28,19.87,20.04,19.87,19.97,8095156.0
2017-09-29,20.0,20.11,19.94,19.96,6704565.0
2017-10-02,19.94,20.23,19.94,20.12,8307946.0
2017-10-03,20.05,20.21,20.02,20.09,6592771.0
2017-10-04,20.06,20.34,20.03,20.26,7002391.0
2017-10-05,20.17,20.42,20.17,20.35,11265286.0
2017-10-06,20.2,20.61,20.2,20.58,10614209.0
2017-10-09,20.64,20.73,20.55,20.57,5614559.0
2017-10-10,20.62,20.62,20.42,20.57,6676468.0
2017-10-11,20.57,20.72,20.29,20.41,8402020.0
2017-10-12,20.35,20.47,20.25,20.4,9084871.0
2017-10-13,20.95,22.0,20.95,21.71,27016737.0
2017-10-16,21.77,21.87,21.68,21.79,9645875.0
2017-10-17,21.77,21.85,21.46,21.55,7137030.0
2017-10-18,21.74,22.08,21.67,21.72,7610570.0
2017-10-19,21.64,21.97,21.51,21.96,10247749.0
2017-10-20,22.03,22.16,21.9,22.02,8621009.0
2017-10-23,22.15,22.31,22.1,22.12,8678423.0
2017-10-24,22.11,22.21,21.94,21.95,8225955.0
2017-10-25,21.87,21.94,21.65,21.67,13377955.0
2017-10-26,21.78,21.91,21.47,21.52,17010037.0
2017-10-27,21.61,21.66,21.32,21.5,20420567.0
2017-10-30,21.47,21.53,21.32,21.39,7459770.0
2017-10-31,21.43,21.7,21.43,21.55,9732527.0
2017-11-01,21.6,21.64,21.39,21.47,8813665.0
2017-11-02,21.38,21.56,21.07,21.44,14764943.0
2017-11-03,21.5,21.55,21.33,21.47,7709902.0
2017-11-06,21.47,21.53,21.38,21.44,13309582.0
2017-11-07,21.47,21.47,21.32,21.38,6245536.0
2017-11-08,21.34,21.47,21.24,21.42,6061868.0
2017-11-09,21.27,21.4,21.15,21.34,5844935.0
2017-11-10,21.25,21.31,21.14,21.23,6276650.0
2017-11-13,21.23,21.33,21.15,21.17,4921924.0
2017-11-14,21.1,21.45,20.99,21.36,11628055.0
2017-11-15,21.31,21.53,21.24,21.36,12655183.0
2017-11-16,21.43,21.75,21.41,21.57,9562176.0
2017-11-17,21.51,21.87,21.45,21.75,10639895.0
2017-11-20,21.81,22.27,21.77,22.12,11871818.0
2017-11-21,22.34,22.68,22.3,22.46,17552913.0
2017-11-22,21.0,21.53,20.59,21.34,28424717.0
2017-11-24,21.44,21.52,20.99,21.24,9657949.0
2017-11-27,21.17,21.33,20.95,21.25,15350089.0
2017-11-28,21.27,21.68,21.15,21.66,10376726.0
2017-11-29,21.74,21.97,21.35,21.43,12113450.0
2017-11-30,21.49,21.77,21.31,21.45,13922768.0
2017-12-01,21.38,21.59,20.97,21.41,9909907.0
2017-12-04,21.46,21.73,21.04,21.08,12975547.0
2017-12-05,21.18,21.25,21.02,21.07,9209152.0
2017-12-06,21.08,21.15,20.88,21.02,10032072.0
2017-12-07,21.04,21.14,20.92,20.97,8450918.0
2017-12-08,21.05,21.12,20.86,21.07,13821971.0
2017-12-11,20.97,21.36,20.93,21.3,7730577.0
2017-12-12,21.1,21.2,20.87,20.98,7174807.0
2017-12-13,20.94,20.98,20.76,20.85,9156695.0
2017-12-14,20.82,20.9,20.73,20.74,8160985.0
2017-12-15,20.88,21.0,20.66,20.92,19023013.0
2017-12-18,21.0,21.34,20.99,21.29,12155742.0
2017-12-19,21.37,21.62,21.24,21.42,9773064.0
2017-12-20,21.5,21.6,21.29,21.46,7347348.0
2017-12-21,21.51,21.58,21.23,21.25,8742419.0
2017-12-22,21.25,21.34,21.15,21.26,4099972.0
2017-12-26,21.13,21.31,21.13,21.23,3014812.0
2017-12-27,21.15,21.29,21.1,21.27,7605360.0
2017-12-28,21.22,21.3,21.07,21.15,5214119.0
2017-12-29,21.17,21.27,21.01,21.01,5204330.0
2018-01-02,21.18,21.33,21.0,21.32,6457331.0
2018-01-03,21.31,21.5,21.24,21.37,5957671.0
2018-01-04,21.4,21.64,21.33,21.53,7653851.0
2018-01-05,21.61,21.77,21.29,21.75,6750728.0
2018-01-08,21.78,21.88,21.59,21.84,5769556.0
2018-01-09,21.79,21.95,21.72,21.81,7859468.0
2018-01-10,21.68,22.14,21.68,22.05,8443302.0
2018-01-11,22.08,22.42,22.06,22.41,8356376.0
2018-01-12,22.48,22.97,22.45,22.92,8821758.0
2018-01-16,23.05,23.11,22.75,22.88,9311601.0
2018-01-17,22.7,23.49,22.66,23.46,11151454.0
2018-01-18,23.43,23.57,23.25,23.29,12277345.0
2018-01-19,23.43,23.79,23.42,23.7,11551429.0
2018-01-22,23.68,23.96,23.53,23.85,9150775.0
2018-01-23,23.43,23.86,23.36,23.81,7840088.0
2018-01-24,23.89,24.0,23.54,23.66,6781488.0
2018-01-25,23.77,23.84,23.3,23.32,7273801.0
2018-01-26,23.54,23.92,23.54,23.91,8113265.0
2018-01-29,24.1,24.1,23.71,23.81,7036466.0
2018-01-30,23.64,23.76,23.29,23.44,7973395.0
2018-01-31,23.56,23.74,23.29,23.32,13704678.0
2018-02-01,23.22,23.48,23.14,23.3,7317603.0
2018-02-02,23.08,23.19,22.47,22.48,9163108.0
2018-02-05,22.32,22.56,21.28,21.29,13314217.0
2018-02-06,20.65,21.49,20.01,21.43,20439878.0
2018-02-07,21.36,21.52,21.05,21.21,11838988.0
2018-02-08,21.27,21.34,19.91,19.92,16750561.0
2018-02-09,20.21,20.31,19.31,20.11,13216377.0
2018-02-12,20.29,20.63,20.14,20.41,12507871.0
2018-02-13,20.3,20.66,20.3,20.58,11648743.0
2018-02-14,20.44,21.35,20.35,21.29,12152356.0
2018-02-15,21.48,21.53,20.95,21.45,8133658.0
2018-02-16,21.4,21.71,21.33,21.4,6082225.0
2018-02-20,21.27,21.59,21.23,21.39,8085414.0
2018-02-21,21.45,21.74,21.17,21.17,7528242.0
2018-02-22,21.26,21.64,21.25,21.39,10726216.0
2018-02-23,22.75,23.22,22.0,22.13,22297347.0
2018-02-26,22.55,23.55,22.55,23.46,21393908.0
2018-02-27,23.37,23.83,23.26,23.52,15105703.0
2018-02-28,23.67,23.9,23.39,23.39,13425902.0
2018-03-01,23.47,23.79,23.02,23.35,12042409.0
2018-03-02,23.23,23.63,23.08,23.57,10112562.0
2018-03-05,23.46,23.88,23.34,23.69,10034124.0
2018-03-06,23.8,24.15,23.72,23.95,9878149.0
2018-03-07,23.75,24.14,23.7,24.04,8420580.0
2018-03-08,24.15,24.24,23.75,23.95,7113290.0
2018-03-09,24.06,24.75,24.0,24.65,12892649.0
2018-03-12,24.69,24.69,23.82,23.83,19626675.0
2018-03-13,23.79,24.01,23.55,23.62,16955596.0
2018-03-14,23.79,23.81,23.28,23.48,9305427.0
2018-03-15,23.55,23.64,23.37,23.48,10320209.0
2018-03-16,23.57,23.82,23.49,23.51,20052941.0
2018-03-19,23.45,23.48,23.01,23.2,9930750.0
2018-03-20,23.25,23.56,23.22,23.28,8403093.0
2018-03-21,23.26,23.57,23.18,23.28,6337595.0
2018-03-22,23.04,23.1,22.43,22.47,13453454.0
2018-03-23,22.51,22.7,21.83,21.85,16835684.0
2018-03-26,22.25,22.44,21.92,22.2,9768601.0
2018-03-27,22.23,22.34,21.68,21.77,15088796.0
2018-03-28,21.77,21.86,21.43,21.69,13347810.0
2018-03-29,21.82,22.08,21.77,21.92,8428236.0
2018-04-02,21.84,21.88,20.92,21.14,10078997.0
2018-04-03,21.34,21.56,21.01,21.32,8117006.0
2018-04-04,20.87,21.61,20.81,21.54,8208383.0
2018-04-05,21.64,21.83,21.5,21.55,7189191.0
2018-04-06,21.28,21.62,20.6,20.78,10557627.0
2018-04-09,20.94,21.32,20.76,20.89,8208928.0
2018-04-10,21.19,21.92,21.19,21.75,11967201.0
2018-04-11,21.55,21.83,21.5,21.59,9736473.0
2018-04-12,21.8,22.1,21.76,21.94,8036320.0
2018-04-13,22.04,22.12,21.65,21.77,5867486.0
2018-04-16,21.97,22.03,21.73,21.85,8246452.0
2018-04-17,22.09,22.11,21.96,22.05,5719125.0
2018-04-18,22.11,22.14,21.97,22.03,7955017.0
2018-04-19,21.91,21.93,21.49,21.66,7028945.0
2018-04-20,21.66,21.77,21.43,21.53,7425073.0
2018-04-23,21.56,21.65,21.24,21.38,6374502.0
2018-04-24,21.39,21.64,21.03,21.2,7331641.0
2018-04-25,21.17,21.36,21.08,21.31,7279447.0
2018-04-26,21.5,21.53,21.33,21.48,5632122.0
2018-04-27,21.52,21.66,21.46,21.61,7237489.0
2018-04-30,21.66,21.86,21.38,21.49,7536560.0
2018-05-01,21.45,21.89,21.4,21.82,8273719.0
2018-05-02,21.91,21.91,21.5,21.55,8476372.0
2018-05-03,21.46,21.5,20.96,21.32,5958310.0
2018-05-04,21.21,21.77,21.21,21.68,6547696.0
2018-05-07,21.71,21.86,21.66,21.79,6851066.0
2018-05-08,21.75,21.99,21.65,21.96,6372847.0
2018-05-09,22.01,22.62,21.99,22.58,6288543.0
2018-05-10,22.67,22.78,22.51,22.75,4950390.0
2018-05-11,22.72,22.84,22.63,22.71,5544361.0
2018-05-14,22.82,23.07,22.52,22.57,7655228.0
2018-05-15,22.4,22.41,21.79,22.04,8544769.0
2018-05-16,22.06,22.28,21.99,22.23,6158259.0
2018-05-17,22.16,22.47,22.12,22.3,7286702.0
2018-05-18,22.3,22.33,22.11,22.14,6295602.0
2018-05-21,22.34,22.34,22.0,22.09,6349838.0
2018-05-22,22.12,22.26,22.01,22.07,8676696.0
2018-05-23,21.87,21.9,21.55,21.9,9861590.0
2018-05-24,21.8,21.98,21.44,21.92,8288880.0
2018-05-25,21.86,21.98,21.8,21.91,7733087.0
2018-05-29,21.74,21.77,21.2,21.3,13558919.0
2018-05-30,22.4,22.48,21.04,22.16,18181969.0
2018-05-31,22.11,22.32,21.96,22.03,15182464.0
2018-06-01,22.14,22.71,22.11,22.68,9230427.0
2018-06-04,22.7,22.83,22.6,22.74,8173542.0
2018-06-05,22.84,23.5,22.78,23.42,14277958.0
2018-06-06,23.52,23.6,23.18,23.51,10129209.0
2018-06-07,23.53,23.7,23.37,23.55,9292377.0
2018-06-08,23.4,23.75,23.4,23.71,6778831.0
2018-06-11,23.68,24.2,23.65,24.01,9149072.0
2018-06-12,23.99,23.99,23.55,23.62,6088403.0
2018-06-13,23.62,23.75,23.54,23.54,8073220.0
2018-06-14,23.63,23.99,23.63,23.8,8242964.0
2018-06-15,23.7,23.7,23.44,23.59,13022832.0
2018-06-18,23.37,23.75,23.3,23.65,5554302.0
2018-06-19,23.31,23.57,23.16,23.52,8855493.0
2018-06-20,23.6,23.69,23.3,23.3,6834371.0
2018-06-21,23.54,23.62,23.31,23.5,8911812.0
2018-06-22,23.65,23.9,23.59,23.8,15110929.0
2018-06-25,23.63,23.76,22.94,23.09,8785300.0
2018-06-26,23.13,23.23,22.99,23.05,6863170.0
2018-06-27,22.98,23.17,22.81,22.81,7520858.0
2018-06-28,22.83,22.85,22.35,22.67,9800846.0
2018-06-29,22.8,23.05,22.67,22.69,7585857.0
2018-07-02,22.54,22.86,22.38,22.86,5855897.0
2018-07-03,22.92,22.93,22.55,22.59,3619220.0
2018-07-05,22.82,22.99,22.45,22.75,7158591.0
2018-07-06,22.78,23.22,22.6,23.01,5375077.0
2018-07-09,23.14,23.44,23.01,23.37,7057142.0
2018-07-10,23.36,23.97,23.36,23.87,10481618.0
2018-07-11,23.65,23.71,23.05,23.06,6833518.0
2018-07-12,23.28,23.61,23.22,23.53,6345392.0
2018-07-13,23.31,23.77,23.3,23.71,5178369.0
2018-07-16,23.69,23.74,23.51,23.57,3791481.0
2018-07-17,23.38,23.72,23.38,23.59,4094667.0
2018-07-18,23.6,23.68,23.32,23.53,6467602.0
2018-07-19,23.4,23.53,23.17,23.19,6056367.0
2018-07-20,23.19,23.2,22.89,22.94,6920765.0
2018-07-23,22.87,23.15,22.66,23.04,5596298.0
2018-07-24,23.25,23.45,22.9,22.99,7192225.0
2018-07-25,22.91,23.31,22.91,23.29,5888728.0
2018-07-26,23.22,23.65,23.22,23.45,6452266.0
2018-07-27,23.45,23.55,23.11,23.23,4742387.0
2018-07-30,23.25,23.39,22.97,23.1,4268322.0
2018-07-31,23.12,23.22,23.05,23.08,6092636.0
2018-08-01,23.14,23.3,22.96,23.01,4344498.0
2018-08-02,22.89,23.26,22.89,23.21,5254327.0
2018-08-03,23.26,23.49,23.22,23.34,5092822.0
2018-08-06,23.28,23.83,23.28,23.74,5649703.0
2018-08-07,23.83,24.08,23.8,23.99,6311714.0
2018-08-08,23.98,24.25,23.93,24.14,5567847.0
2018-08-09,24.13,24.32,24.05,24.08,4836992.0
2018-08-10,23.91,24.09,23.91,23.99,5335897.0
2018-08-13,24.05,24.16,23.79,23.8,4631452.0
2018-08-14,23.93,24.25,23.93,24.15,5071423.0
2018-08-15,23.91,24.09,23.88,24.03,6318655.0
2018-08-16,24.18,24.29,24.06,24.14,6125681.0
2018-08-17,24.08,24.62,24.07,24.54,7524365.0
2018-08-20,24.54,24.8,24.45,24.54,6085602.0
2018-08-21,24.6,24.73,24.35,24.49,8179249.0
2018-08-22,24.46,24.63,24.25,24.49,5273781.0
2018-08-23,24.5,24.71,24.48,24.63,8162060.0
2018-08-24,24.0,24.38,23.68,24.15,12857872.0
2018-08-27,24.39,24.56,24.27,24.33,6599979.0
2018-08-28,24.44,24.59,24.31,24.49,5619690.0
2018-08-29,24.55,25.28,24.51,25.08,11216208.0
2018-08-30,25.04,25.26,24.69,24.73,9607897.0
2018-08-31,24.56,24.73,24.42,24.65,8939185.0
2018-09-04,24.53,24.88,24.39,24.81,8906647.0
2018-09-05,24.83,24.93,24.48,24.68,12745992.0
2018-09-06,24.71,24.92,24.64,24.68,7686512.0
2018-09-07,24.76,24.96,24.66,24.71,14398321.0
2018-09-10,24.78,24.89,24.57,24.65,11585744.0
2018-09-11,24.45,24.81,24.35,24.68,13718470.0
2018-09-12,24.6,24.69,24.42,24.6,6950554.0
2018-09-13,24.71,25.09,24.67,25.01,6814943.0
2018-09-14,25.01,25.15,24.95,25.04,5509826.0
2018-09-17,25.04,25.25,24.98,25.01,5937377.0
2018-09-18,24.98,25.27,24.96,25.16,7597414.0
2018-09-19,25.15,25.33,25.05,25.26,7134245.0
2018-09-20,25.44,25.78,25.4,25.69,10136203.0
2018-09-21,25.79,26.14,25.73,25.83,21915838.0
2018-09-24,25.73,25.95,25.72,25.87,9643743.0
2018-09-25,25.86,25.94,25.52,25.56,6308755.0
2018-09-26,25.71,26.22,25.71,25.97,10367809.0
2018-09-27,26.01,26.02,25.58,25.63,7933500.0
2018-09-28,25.54,25.89,25.48,25.77,9174484.0
2018-10-01,25.8,25.98,25.53,25.6,8572926.0
2018-10-02,25.6,26.15,25.6,26.08,14379897.0
2018-10-03,26.2,26.34,25.97,26.06,8714433.0
2018-10-04,26.89,27.08,26.22,26.42,12955501.0
2018-10-05,26.27,26.43,25.22,25.34,15682412.0
2018-10-08,25.19,25.35,24.94,25.01,11520204.0
2018-10-09,24.87,25.12,24.75,24.97,9625480.0
2018-10-10,24.81,25.0,24.22,24.26,14229994.0
2018-10-11,24.07,24.14,22.84,23.01,18005482.0
2018-10-12,23.46,23.76,23.27,23.67,12284506.0
2018-10-15,23.62,23.85,23.54,23.56,9107851.0
2018-10-16,23.77,23.98,23.56,23.96,8101354.0
2018-10-17,24.03,24.13,23.6,23.87,7839173.0
2018-10-18,23.81,24.09,23.54,23.77,7205519.0
2018-10-19,23.87,24.25,23.65,23.84,11827007.0
2018-10-22,24.0,24.43,23.95,24.11,10434885.0
2018-10-23,23.61,24.13,23.26,23.94,9621910.0
2018-10-24,23.97,24.04,23.02,23.06,11420588.0
2018-10-25,23.28,24.06,23.27,23.79,11226187.0
2018-10-26,23.31,23.63,22.85,23.13,12369440.0
2018-10-29,23.48,23.72,22.7,23.02,9897324.0
2018-10-30,23.07,23.7,22.98,23.67,9441089.0
2018-10-31,23.84,24.37,23.78,24.14,9992164.0
2018-11-01,24.24,24.5,23.98,24.49,7361450.0
2018-11-02,24.36,24.83,24.3,24.63,11792214.0
2018-11-05,24.63,24.77,24.42,24.64,7038951.0
2018-11-06,24.59,24.88,24.53,24.88,6444505.0
2018-11-07,25.08,25.51,24.66,25.47,8228401.0
2018-11-08,25.42,25.72,25.37,25.5,7545735.0
2018-11-09,25.36,25.49,24.76,25.0,7125829.0
2018-11-12,24.77,24.86,23.94,23.99,7794682.0
2018-11-13,23.99,24.33,23.78,23.95,7820566.0
2018-11-14,24.26,24.42,23.69,23.73,9949729.0
2018-11-15,23.55,24.43,23.42,24.17,10585780.0
2018-11-16,23.99,24.37,23.96,24.16,8672140.0
2018-11-19,24.09,24.17,23.31,23.55,10002870.0
2018-11-20,23.07,23.12,22.47,22.61,10786859.0
2018-11-21,22.77,23.08,22.66,22.66,8218147.0
2018-11-23,22.39,22.76,22.27,22.51,3909040.0
2018-11-26,22.85,22.92,22.48,22.81,10845705.0
2018-11-27,22.63,22.77,22.47,22.73,10173910.0
2018-11-28,22.8,23.44,22.61,23.43,9003453.0
2018-11-29,23.29,23.29,22.66,22.86,17342479.0
2018-11-30,23.22,23.24,22.42,23.0,19162325.0
2018-12-03,23.4,24.02,23.4,23.95,13175506.0
2018-12-04,23.89,24.17,23.04,23.24,15220561.0
2018-12-06,22.76,24.09,22.7,24.02,19873605.0
2018-12-07,23.9,23.91,22.63,22.93,17395261.0
2018-12-10,22.8,23.06,22.31,22.93,13111617.0
2018-12-11,23.1,23.4,22.39,22.55,13065207.0
2018-12-12,22.7,22.99,22.52,22.55,10202035.0
2018-12-13,22.63,22.91,22.26,22.29,11356820.0
2018-12-14,22.08,22.44,21.94,22.01,11959572.0
2018-12-17,21.9,22.27,21.29,21.42,11680801.0
2018-12-18,21.6,21.92,21.37,21.41,11889427.0
2018-12-19,21.46,21.63,20.34,20.55,18164045.0
2018-12-20,20.51,20.64,19.82,20.07,16294928.0
2018-12-21,19.98,20.38,19.63,19.65,21153858.0
2018-12-24,19.4,19.89,19.32,19.38,6326318.0
2018-12-26,19.53,20.35,19.22,20.33,14093809.0
2018-12-27,20.02,20.39,19.65,20.38,11942928.0
2018-12-28,20.56,20.8,20.28,20.34,9753908.0
2018-12-31,20.49,20.65,20.24,20.46,8510336.0
2019-01-02,20.03,20.77,20.0,20.63,9467367.0
2019-01-03,20.35,20.4,19.7,19.93,13458986.0
2019-01-04,20.38,20.89,20.27,20.72,9220664.0
2019-01-07,20.75,21.16,20.74,20.95,8167572.0
2019-01-08,21.22,21.42,20.84,21.21,6355878.0
2019-01-09,21.34,21.46,21.01,21.21,8326696.0
2019-01-10,21.12,21.52,21.06,21.47,8015019.0
2019-01-11,21.24,21.29,20.8,21.17,12524905.0
2019-01-14,20.94,21.09,20.68,20.79,9626050.0
2019-01-15,20.8,21.07,20.65,21.01,8839353.0
2019-01-16,20.95,21.18,20.71,21.05,8633235.0
2019-01-17,20.95,21.45,20.92,21.23,11295440.0
2019-01-18,21.36,21.79,21.29,21.75,10827274.0
2019-01-22,21.62,21.65,21.18,21.32,15246577.0
2019-01-23,21.41,21.58,21.19,21.44,10037054.0
2019-01-24,21.55,21.95,21.51,21.77,5623250.0
2019-01-25,21.94,22.12,21.84,22.1,7290599.0
2019-01-28,21.83,22.0,21.68,21.98,6033160.0
2019-01-29,22.12,22.23,21.85,21.88,6811603.0
2019-01-30,22.09,22.24,21.91,22.2,7559235.0
2019-01-31,22.2,22.26,22.01,22.03,11203167.0
2019-02-01,22.16,22.29,21.93,22.26,7946741.0
2019-02-04,22.27,22.6,22.16,22.55,6486362.0
2019-02-05,22.57,22.82,22.57,22.8,6946505.0
2019-02-06,22.8,23.09,22.8,23.07,5836882.0
2019-02-07,22.92,23.02,22.69,22.86,7607688.0
2019-02-08,22.65,22.93,22.6,22.92,6870399.0
2019-02-11,23.0,23.2,22.79,22.86,7093228.0
2019-02-12,23.01,23.4,23.0,23.35,6945310.0
2019-02-13,23.44,23.54,23.22,23.32,9811205.0
2019-02-14,23.23,23.46,23.19,23.23,7696587.0
2019-02-15,23.33,23.4,23.14,23.28,10865516.0
2019-02-19,23.24,23.39,23.18,23.25,7177139.0
2019-02-20,23.28,23.53,23.25,23.38,7660138.0
2019-02-21,23.21,23.62,23.21,23.39,9610857.0
2019-02-22,23.55,23.82,23.52,23.74,6729697.0
2019-02-25,23.83,24.09,23.81,23.91,13031055.0
2019-02-26,23.78,23.99,23.76,23.9,9502191.0
2019-02-27,23.75,23.89,23.61,23.85,10887182.0
2019-02-28,20.05,20.34,19.34,19.73,53508291.0
2019-03-01,19.92,19.95,19.49,19.6,29705789.0
2019-03-04,19.61,19.91,19.35,19.53,21409944.0
2019-03-05,19.54,19.74,19.35,19.36,15526947.0
2019-03-06,19.33,19.35,19.06,19.08,14410814.0
2019-03-07,19.0,19.02,18.73,18.82,14276342.0
2019-03-08,18.53,18.75,18.46,18.74,10238925.0
2019-03-11,18.78,19.21,18.78,19.04,11834973.0
2019-03-12,18.92,19.11,18.86,19.06,19010921.0
2019-03-13,19.1,19.63,19.05,19.61,25276368.0
2019-03-14,19.62,19.71,19.49,19.64,18526834.0
2019-03-15,19.65,19.97,19.64,19.94,22557792.0
2019-03-18,19.91,20.07,19.84,19.95,13232443.0
2019-03-19,20.03,20.28,19.91,20.0,12999986.0
2019-03-20,20.01,20.16,19.8,19.99,11575326.0
2019-03-21,19.95,20.34,19.95,20.22,11842771.0
2019-03-22,20.11,20.17,19.33,19.34,15765553.0
2019-03-25,19.28,19.32,18.86,18.97,15882397.0
2019-03-26,19.1,19.36,19.0,19.13,10991737.0
2019-03-27,19.11,19.38,18.86,18.93,13537840.0
2019-03-28,18.96,19.25,18.91,19.0,15678438.0
2019-03-29,19.22,19.48,19.19,19.43,12159852.0
2019-04-01,19.73,20.09,19.54,20.05,13958535.0
2019-04-02,20.14,20.2,19.67,19.72,16597243.0
2019-04-03,19.78,20.03,19.66,19.75,14054204.0
2019-04-04,19.78,19.86,19.65,19.76,9353999.0
2019-04-05,19.79,19.94,19.75,19.79,6320685.0
2019-04-08,19.74,20.01,19.74,19.94,7296149.0
2019-04-09,19.81,19.88,19.5,19.59,12549677.0
2019-04-10,19.58,20.0,19.57,19.97,12761865.0
2019-04-11,19.96,20.09,19.87,19.94,11975873.0
2019-04-12,20.04,20.25,20.02,20.21,8572530.0
2019-04-15,20.23,20.28,20.01,20.2,8880522.0
2019-04-16,20.25,20.61,20.2,20.57,10751274.0
2019-04-17,20.6,20.65,20.43,20.5,8671014.0
2019-04-18,20.49,20.62,20.45,20.52,7436041.0
2019-04-22,20.42,20.48,19.83,19.88,9455609.0
2019-04-23,19.96,20.18,19.78,20.09,8000726.0
2019-04-24,20.03,20.26,19.87,19.87,11881890.0
2019-04-25,19.84,19.89,19.6,19.6,13499425.0
2019-04-26,19.45,19.57,19.29,19.41,7894647.0
2019-04-29,19.33,19.78,19.33,19.66,9036687.0
2019-04-30,19.6,19.96,19.58,19.95,8299216.0
2019-05-01,19.95,20.18,19.78,19.93,9269888.0
2019-05-02,19.99,20.13,19.87,20.04,8627463.0
2019-05-03,20.19,20.35,20.09,20.29,6821281.0
2019-05-06,19.83,20.11,19.68,20.09,11525349.0
2019-05-07,19.86,19.95,19.47,19.61,9272073.0
2019-05-08,19.52,19.79,19.5,19.53,6271286.0
2019-05-09,19.34,19.34,18.9,19.29,8803292.0
2019-05-10,19.19,19.31,18.77,19.12,10180112.0
2019-05-13,18.55,18.68,18.12,18.27,11637422.0
2019-05-14,18.33,18.63,18.17,18.3,8363267.0
2019-05-15,18.13,18.84,18.06,18.73,12947076.0
2019-05-16,18.79,19.07,18.74,18.94,7430268.0
2019-05-17,18.71,19.14,18.7,19.02,11414353.0
2019-05-20,18.75,19.21,18.67,18.96,14502109.0
2019-05-21,19.08,19.58,19.08,19.44,11554643.0
2019-05-22,19.26,19.41,18.99,19.2,16046095.0
2019-05-23,18.92,19.29,18.74,19.19,14652022.0
2019-05-24,19.52,20.23,19.4,20.03,13550991.0
2019-05-28,19.98,20.13,19.66,19.66,17343406.0
2019-05-29,19.53,19.59,18.82,19.0,19384804.0
2019-05-30,19.16,19.31,18.98,19.14,9387691.0
2019-05-31,18.85,18.86,18.35,18.68,13082673.0
2019-06-03,18.75,19.04,18.61,18.66,9809118.0
2019-06-04,19.0,19.42,18.83,19.39,10299617.0
2019-06-05,19.5,19.65,19.19,19.56,8291306.0
2019-06-06,19.65,19.77,19.47,19.66,7820048.0
2019-06-07,19.68,19.98,19.66,19.71,8454469.0
2019-06-10,19.83,20.04,19.82,19.88,7656512.0
2019-06-11,19.9,19.99,19.72,19.86,7689475.0
2019-06-12,19.86,20.01,19.7,19.92,10798518.0
2019-06-13,19.96,20.09,19.92,19.99,6705651.0
2019-06-14,19.97,19.99,19.73,19.91,6987493.0
2019-06-17,19.87,20.02,19.79,19.9,7188834.0
2019-06-18,20.01,20.56,20.0,20.52,9407005.0
2019-06-19,20.57,20.77,20.46,20.63,8971491.0
2019-06-20,20.88,20.9,20.68,20.86,9745649.0
2019-06-21,20.82,20.82,20.52,20.7,15220645.0
2019-06-24,20.7,20.87,20.57,20.66,9726321.0
2019-06-25,20.73,20.91,20.58,20.6,9236864.0
2019-06-26,20.74,20.84,20.69,20.79,8431044.0
2019-06-27,20.84,21.09,20.72,20.74,7896567.0
2019-06-28,20.83,20.96,20.73,20.79,10777275.0
2019-07-01,21.12,21.38,20.88,20.99,7060226.0
2019-07-02,21.1,21.14,20.91,21.06,7057973.0
2019-07-03,21.05,21.26,20.96,21.16,5034362.0
2019-07-05,21.01,21.2,20.92,21.16,6394757.0
2019-07-08,21.0,21.13,20.7,20.74,9759124.0
2019-07-09,20.59,20.76,20.51,20.63,8638055.0
2019-07-10,20.83,20.88,20.58,20.59,5646605.0
2019-07-11,20.63,20.86,20.47,20.85,10293663.0
2019-07-12,21.0,21.27,20.97,21.23,6846015.0
2019-07-15,21.25,21.43,21.25,21.35,8418966.0
2019-07-16,21.41,21.61,21.28,21.31,6269016.0
2019-07-17,21.27,21.4,21.18,21.18,5692829.0
2019-07-18,21.1,21.44,21.08,21.38,5734119.0
2019-07-19,21.45,21.58,21.38,21.39,7724655.0
2019-07-22,21.5,21.54,21.4,21.44,9753608.0
2019-07-23,21.56,21.71,21.43,21.63,8395700.0
2019-07-24,21.59,21.74,21.45,21.57,6886188.0
2019-07-25,21.49,21.49,21.16,21.33,5332073.0
2019-07-26,21.38,21.58,21.23,21.52,5061927.0
2019-07-29,21.47,21.6,21.38,21.5,5866998.0
2019-07-30,21.46,21.58,21.33,21.54,4525797.0
2019-07-31,21.48,21.58,20.89,21.04,12752180.0
2019-08-01,21.03,21.55,20.79,20.99,12234098.0
2019-08-02,20.56,20.69,19.93,20.14,10942626.0
2019-08-05,19.96,20.0,18.99,19.16,9648361.0
2019-08-06,19.32,19.48,19.08,19.25,8275913.0
2019-08-07,18.97,19.18,18.81,19.09,8637045.0
2019-08-08,19.25,19.59,19.21,19.53,6053956.0
2019-08-09,19.45,19.48,19.13,19.28,5251151.0
2019-08-12,19.15,19.18,18.8,18.89,5076369.0
2019-08-13,18.88,19.79,18.82,19.54,11998981.0
2019-08-14,19.21,19.4,19.07,19.28,18915496.0
2019-08-15,19.17,19.29,18.44,18.63,10145950.0
2019-08-16,18.85,19.19,18.83,19.08,10972693.0
2019-08-19,19.46,19.63,19.21,19.21,7609073.0
2019-08-20,18.88,19.09,18.79,18.91,8141316.0
2019-08-21,19.15,19.2,18.93,18.96,7505581.0
2019-08-22,19.01,19.11,18.82,18.93,11742371.0
2019-08-23,17.32,18.16,17.1,17.81,26399960.0
2019-08-26,17.98,18.07,17.73,17.84,15138647.0
2019-08-27,17.94,18.09,17.6,17.73,13791994.0
2019-08-28,17.77,17.92,17.62,17.79,10676349.0
2019-08-29,18.07,18.27,18.05,18.09,7605348.0
2019-08-30,18.31,18.51,18.21,18.29,8070120.0
2019-09-03,18.07,18.3,17.97,18.15,7878612.0
2019-09-04,18.3,18.5,18.21,18.36,6870760.0
2019-09-05,18.59,19.09,18.54,18.91,9151767.0
2019-09-06,19.0,19.16,18.98,19.1,6576238.0
2019-09-09,18.79,19.15,18.75,19.01,12135203.0
2019-09-10,18.79,19.02,18.77,18.99,9472498.0
2019-09-11,18.98,19.12,18.84,19.06,8737715.0
2019-09-12,18.99,19.05,18.47,18.75,25108938.0
2019-09-13,18.85,19.2,18.85,19.08,14057442.0
2019-09-16,18.56,18.91,18.46,18.87,7849496.0
2019-09-17,18.86,18.96,18.58,18.87,8668897.0
2019-09-18,18.89,18.99,18.49,18.71,6295027.0
2019-09-19,18.75,19.04,18.73,18.75,10150719.0
2019-09-20,18.81,18.86,18.46,18.47,14516547.0
2019-09-23,18.39,18.63,18.37,18.52,7548123.0
2019-09-24,18.58,18.65,18.12,18.15,10516952.0
2019-09-25,18.22,18.52,18.18,18.41,17342215.0
2019-09-26,18.4,18.49,18.25,18.42,11349479.0
2019-09-27,18.54,18.75,18.43,18.53,19906804.0
2019-09-30,18.6,19.02,18.6,18.92,24575218.0
2019-10-01,19.05,19.18,18.58,18.59,10473571.0
2019-10-02,18.44,18.7,18.23,18.59,20427058.0
2019-10-03,18.51,18.55,18.14,18.4,16209055.0
2019-10-04,17.0,17.04,16.46,16.64,41262776.0
2019-10-07,16.53,17.02,16.51,16.8,15453009.0
2019-10-08,16.61,16.66,16.28,16.3,16910548.0
2019-10-09,16.47,16.5,16.32,16.4,13552261.0
2019-10-10,16.05,16.18,15.93,16.03,19903110.0
2019-10-11,16.29,16.59,16.21,16.24,21220573.0
2019-10-14,16.33,16.58,16.29,16.54,15226196.0
2019-10-15,16.54,16.9,16.41,16.81,13282435.0
2019-10-16,16.76,17.16,16.73,17.04,18525108.0
2019-10-17,17.05,17.05,16.84,16.96,9603501.0
2019-10-18,16.86,16.98,16.75,16.85,12184419.0
2019-10-21,16.99,17.27,16.98,17.0,8822768.0
2019-10-22,17.01,17.18,16.91,17.12,10218265.0
2019-10-23,17.15,17.16,16.98,17.12,7244160.0
2019-10-24,17.18,17.32,16.99,17.12,6508288.0
2019-10-25,17.22,17.45,17.2,17.33,17277316.0
2019-10-28,17.46,17.67,17.46,17.63,13899502.0
2019-10-29,17.63,17.76,17.53,17.6,9462651.0
2019-10-30,17.57,17.63,17.31,17.62,8662611.0
2019-10-31,17.53,17.62,17.16,17.37,11414845.0
2019-11-01,17.44,17.78,17.29,17.78,8824911.0
2019-11-04,17.85,18.14,17.82,18.0,12249197.0
2019-11-05,18.24,18.48,18.2,18.4,12554293.0
2019-11-06,21.64,21.67,19.49,19.57,63188334.0
2019-11-07,19.82,20.19,19.36,19.39,28254209.0
2019-11-08,19.3,19.55,18.96,19.52,21512668.0
2019-11-11,19.53,19.91,19.48,19.64,12704716.0
2019-11-12,19.61,19.65,19.31,19.53,15757585.0
2019-11-13,19.38,19.63,19.25,19.53,10302190.0
2019-11-14,19.88,20.14,19.73,20.13,15232932.0
2019-11-15,20.23,20.25,20.07,20.18,10628084.0
2019-11-18,19.9,20.23,19.81,20.01,12326305.0
2019-11-19,20.1,20.18,19.93,20.11,14578617.0
2019-11-20,19.82,19.9,19.54,19.7,13926655.0
2019-11-21,19.81,19.9,19.53,19.65,12026412.0
2019-11-22,19.79,20.07,19.71,19.94,10331367.0
2019-11-25,19.95,20.23,19.92,20.15,12899940.0
2019-11-26,20.1,20.1,19.71,20.06,17376368.0
2019-11-27,20.4,20.44,19.72,19.79,17501714.0
2019-11-29,19.75,20.18,19.74,20.08,10551764.0
2019-12-02,19.98,20.05,19.79,19.83,13833543.0
2019-12-03,19.55,19.68,19.42,19.63,16652012.0
2019-12-04,19.72,20.15,19.7,20.04,14994408.0
2019-12-05,20.14,20.33,19.96,20.32,12965956.0
2019-12-06,20.43,20.65,20.41,20.5,10736898.0
2019-12-09,20.49,20.75,20.44,20.47,7542121.0
2019-12-10,19.97,20.27,19.97,20.2,11302750.0
2019-12-11,20.2,20.23,19.94,20.07,15139510.0
2019-12-12,19.94,20.5,19.94,20.43,14799338.0
2019-12-13,20.37,20.53,20.26,20.35,8693891.0
2019-12-16,20.4,20.69,20.38,20.52,8720853.0
2019-12-17,20.54,20.54,20.33,20.37,7613825.0
2019-12-18,20.33,20.48,20.3,20.33,11285454.0
2019-12-19,20.38,20.4,20.22,20.3,8267546.0
2019-12-20,20.33,20.66,20.24,20.56,16082775.0
2019-12-23,20.55,20.67,20.4,20.56,7613752.0
2019-12-24,20.56,20.74,20.56,20.59,3064850.0
2019-12-26,20.62,20.8,20.61,20.69,3729717.0
2019-12-27,20.69,20.73,20.51,20.53,4780538.0
2019-12-30,20.5,20.64,20.39,20.49,4458041.0
2019-12-31,20.41,20.57,20.33,20.55,6282100.0
2020-01-02,20.68,20.83,20.65,20.79,7194662.0
2020-01-03,20.48,20.68,20.45,20.53,5423425.0
2020-01-06,20.66,20.79,20.51,20.61,9313586.0
2020-01-07,20.56,20.77,20.51,20.66,6560159.0
2020-01-08,20.53,20.99,20.53,20.93,7781818.0
2020-01-09,21.0,21.26,20.97,21.24,9378878.0
2020-01-10,21.26,21.54,21.26,21.38,10012191.0
2020-01-13,21.46,21.55,21.34,21.46,7157678.0
2020-01-14,21.51,21.54,21.26,21.4,11997664.0
2020-01-15,21.35,21.61,21.31,21.42,13958165.0
2020-01-16,21.41,21.67,21.29,21.67,7861719.0
2020-01-17,21.63,21.98,21.53,21.97,13476351.0
2020-01-21,21.92,21.97,21.77,21.96,10312167.0
2020-01-22,21.96,21.96,21.53,21.93,9776062.0
2020-01-23,21.94,22.17,21.87,22.1,10814512.0
2020-01-24,22.18,22.2,21.8,21.98,10299926.0
2020-01-27,21.63,21.79,21.49,21.58,10554429.0
2020-01-28,21.75,21.91,21.58,21.64,8610929.0
2020-01-29,21.75,21.8,21.4,21.43,8548053.0
2020-01-30,21.28,21.61,21.2,21.53,8308289.0
2020-01-31,21.45,21.53,21.16,21.32,11420523.0
2020-02-03,21.4,21.7,21.24,21.3,8205229.0
2020-02-04,21.66,21.74,21.42,21.55,10185110.0
2020-02-05,21.76,21.79,21.55,21.78,8857171.0
2020-02-06,21.86,21.93,21.74,21.84,5703470.0
2020-02-07,21.68,21.77,21.55,21.73,7343149.0
2020-02-10,22.7,22.87,21.85,21.9,13112171.0
2020-02-11,22.02,22.3,21.96,22.23,9180990.0
2020-02-12,22.3,22.52,22.3,22.48,12993465.0
2020-02-13,22.35,22.39,22.14,22.22,9202786.0
2020-02-14,22.25,22.41,22.24,22.37,8979258.0
2020-02-18,22.07,22.29,22.0,22.24,8466081.0
2020-02-19,22.35,22.63,22.24,22.43,13283600.0
2020-02-20,22.39,22.82,22.38,22.64,20458214.0
2020-02-21,22.56,22.77,22.51,22.7,16987215.0
2020-02-24,22.28,22.44,21.96,22.1,21989409.0
2020-02-25,22.98,23.93,22.7,23.35,44019244.0
2020-02-26,23.5,23.5,22.71,22.71,16673641.0
2020-02-27,22.26,22.36,21.73,21.88,23949817.0
2020-02-28,20.98,21.37,20.17,20.79,26358289.0
2020-03-02,20.9,21.88,20.77,21.86,15428109.0
2020-03-03,21.8,21.84,20.41,20.75,19957467.0
2020-03-04,21.01,21.64,20.75,21.6,18364178.0
2020-03-05,21.08,21.7,20.97,21.54,16562265.0
2020-03-06,20.89,21.49,20.89,21.41,12858895.0
2020-03-09,19.96,20.29,18.92,18.96,14985329.0
2020-03-10,19.5,20.33,18.81,19.79,9319699.0
2020-03-11,19.19,19.47,18.57,19.36,14195077.0
2020-03-12,17.4,18.57,16.35,17.51,12917152.0
2020-03-13,18.57,18.62,16.43,17.18,16605081.0
2020-03-16,15.72,15.72,14.32,14.46,16105146.0
2020-03-17,14.64,15.14,13.61,14.4,20724667.0
2020-03-18,13.55,14.0,12.73,13.11,11237946.0
2020-03-19,13.01,14.71,12.54,14.4,13536519.0
2020-03-20,14.42,14.8,13.59,13.95,17318854.0
2020-03-23,13.78,13.96,12.97,13.7,15106526.0
2020-03-24,14.29,15.64,14.01,15.47,14245747.0
2020-03-25,15.48,16.8,14.87,15.38,14110602.0
2020-03-26,15.53,18.21,15.31,17.94,20616563.0
2020-03-27,17.0,17.31,16.12,16.86,11273214.0
2020-03-30,16.93,18.09,16.55,17.84,11892742.0
2020-03-31,17.84,17.97,16.93,17.36,16771881.0
2020-04-01,16.25,16.67,14.61,14.84,18685352.0
2020-04-02,14.81,15.82,14.75,15.49,15832239.0
2020-04-03,15.39,15.7,14.21,14.48,12047490.0
2020-04-06,15.22,15.46,14.93,15.0,21195984.0
2020-04-07,15.7,16.09,15.08,15.12,23111146.0
2020-04-08,15.44,16.14,15.32,15.72,21466257.0
2020-04-09,16.03,16.49,15.83,15.97,14773129.0
2020-04-13,15.95,15.95,15.41,15.54,9803180.0
2020-04-14,15.91,16.15,15.53,15.92,17586018.0
2020-04-15,15.5,15.55,14.93,15.0,9487278.0
2020-04-16,15.05,15.34,14.55,15.24,12117384.0
2020-04-17,15.45,15.73,15.36,15.52,17718688.0
2020-04-20,15.22,15.49,14.9,15.36,16572135.0
2020-04-21,15.06,15.21,14.4,14.42,12232337.0
2020-04-22,14.8,14.9,14.51,14.79,12847536.0
2020-04-23,14.89,15.1,14.59,14.62,11357269.0
2020-04-24,14.8,15.05,14.76,15.0,11255625.0
2020-04-27,15.12,15.26,14.98,15.03,11356199.0
2020-04-28,15.39,15.87,15.37,15.52,15964389.0
2020-04-29,15.9,16.64,15.86,16.28,18232308.0
2020-04-30,16.17,16.18,15.49,15.51,11954747.0
2020-05-01,15.11,15.22,14.62,14.71,9406003.0
2020-05-04,14.63,14.94,14.41,14.9,9864915.0
2020-05-05,15.1,15.26,14.78,14.81,10683416.0
2020-05-06,14.98,15.1,14.54,14.66,8422823.0
2020-05-07,14.9,15.24,14.88,14.95,9657675.0
2020-05-08,15.22,15.74,15.22,15.66,12001062.0
2020-05-11,15.42,15.59,14.89,15.42,9961661.0
2020-05-12,15.5,15.59,14.86,14.87,9160953.0
2020-05-13,14.82,14.88,13.9,14.06,12796121.0
2020-05-14,13.81,14.52,13.39,14.51,14935275.0
2020-05-15,14.3,14.9,14.19,14.86,13232134.0
2020-05-18,15.36,16.29,15.32,16.12,18019673.0
2020-05-19,16.13,17.18,16.12,16.73,19523692.0
2020-05-20,17.08,17.54,17.04,17.3,16561292.0
2020-05-21,17.19,17.35,16.89,17.18,8731535.0
2020-05-22,17.1,17.1,16.72,17.0,8480468.0
2020-05-26,17.4,17.47,17.03,17.06,9027298.0
2020-05-27,17.4,17.48,16.79,17.12,15044580.0
2020-05-28,15.7,15.7,14.94,15.01,50176586.0
2020-05-29,15.02,15.17,14.86,15.14,29051141.0
2020-06-01,15.05,15.58,14.95,15.13,19612469.0
2020-06-02,15.24,15.87,15.01,15.79,28266655.0
2020-06-03,16.15,16.98,16.05,16.86,19391543.0
2020-06-04,16.48,16.87,16.32,16.47,20873144.0
2020-06-05,17.2,17.64,17.13,17.41,19470729.0
2020-06-08,17.64,18.32,17.61,18.17,18930858.0
2020-06-09,17.54,17.66,17.23,17.5,15369209.0
2020-06-10,17.36,17.42,16.8,16.89,24239936.0
2020-06-11,16.08,16.38,15.55,15.66,22947687.0
2020-06-12,16.26,16.43,15.89,16.28,13611926.0
2020-06-15,15.83,17.0,15.67,16.87,15652855.0
2020-06-16,17.4,17.61,16.76,17.25,15253109.0
2020-06-17,17.34,17.38,16.77,16.82,12427535.0
2020-06-18,16.63,17.1,16.57,16.92,10313106.0
2020-06-19,17.24,17.35,16.7,16.78,29425195.0
2020-06-22,16.67,16.95,16.39,16.93,10895050.0
2020-06-23,17.13,17.34,16.97,17.01,12517388.0
2020-06-24,16.81,16.85,16.18,16.2,17669740.0
2020-06-25,16.1,16.39,15.99,16.37,13511980.0
2020-06-26,16.29,16.76,16.07,16.61,30227361.0
2020-06-29,16.7,17.28,16.48,17.13,12255874.0
2020-06-30,17.11,17.47,16.98,17.43,12307107.0
2020-07-01,17.41,17.59,16.91,17.0,11761747.0
2020-07-02,17.24,17.59,16.98,17.07,10167419.0
2020-07-06,17.35,17.63,17.33,17.46,11548734.0
2020-07-07,17.29,17.39,16.55,16.63,14367332.0
2020-07-08,16.87,16.89,16.43,16.75,16397566.0
2020-07-09,16.7,16.74,16.02,16.41,12495039.0
2020-07-10,16.45,17.07,16.41,16.99,11230182.0
2020-07-13,17.17,17.61,16.96,17.08,10659238.0
2020-07-14,16.98,17.83,16.93,17.79,14898457.0
2020-07-15,17.98,18.36,17.65,17.79,14876534.0
2020-07-16,17.74,17.97,17.66,17.83,8319336.0
2020-07-17,17.95,18.0,17.4,17.55,14077131.0
2020-07-20,17.41,17.71,17.27,17.65,8371408.0
2020-07-21,17.77,18.03,17.46,17.48,10038399.0
2020-07-22,17.4,17.8,17.31,17.73,8483383.0
2020-07-23,17.7,17.93,17.53,17.66,7281274.0
2020-07-24,17.56,17.65,17.33,17.5,8019458.0
2020-07-27,17.59,17.86,17.46,17.81,9427338.0
2020-07-28,17.77,17.87,16.66,16.7,19905960.0
2020-07-29,16.81,17.21,16.77,17.08,12325942.0
2020-07-30,16.91,17.3,16.73,17.24,8938720.0
2020-07-31,17.28,17.63,17.15,17.58,14608551.0
2020-08-03,17.59,17.88,17.38,17.77,7614312.0
2020-08-04,17.79,18.02,17.69,17.89,8697136.0
2020-08-05,18.05,18.22,17.88,17.97,9827616.0
2020-08-06,17.85,18.36,17.84,18.27,8267219.0
2020-08-07,18.24,18.47,18.16,18.47,6907718.0
2020-08-10,18.5,19.04,18.49,18.98,8436357.0
2020-08-11,19.0,19.43,18.48,18.57,10594017.0
2020-08-12,18.81,18.86,18.4,18.8,9132406.0
2020-08-13,18.55,18.72,18.35,18.38,9263166.0
2020-08-14,18.28,18.35,18.04,18.18,11523025.0
2020-08-17,18.24,18.32,17.9,17.95,12916991.0
2020-08-18,17.94,18.27,17.81,18.24,8279034.0
2020-08-19,18.3,18.49,18.09,18.14,6196990.0
2020-08-20,18.0,18.22,17.97,18.15,5865496.0
2020-08-21,18.11,18.3,17.95,18.23,7473881.0
2020-08-24,18.42,18.83,18.42,18.65,5669992.0
2020-08-25,18.72,18.8,18.3,18.44,7465111.0
2020-08-26,18.5,18.58,18.3,18.33,10460973.0
2020-08-27,18.5,18.86,18.35,18.7,14543357.0
2020-08-28,19.28,20.18,18.85,19.85,22607772.0
2020-08-31,19.8,20.17,19.55,19.55,18537607.0
2020-09-01,19.53,19.55,19.05,19.26,12852190.0
2020-09-02,19.38,19.9,19.33,19.84,10325855.0
2020-09-03,19.67,20.05,19.11,19.3,12562435.0
2020-09-04,19.25,19.5,18.92,19.23,10339365.0
2020-09-08,18.87,19.98,18.73,19.45,17584277.0
2020-09-09,19.51,19.83,19.45,19.7,10103406.0
2020-09-10,19.78,19.84,18.98,19.01,10408667.0
2020-09-11,19.19,19.47,19.04,19.29,10224677.0
2020-09-14,19.5,19.63,19.28,19.33,12678129.0
2020-09-15,19.43,19.75,19.25,19.26,8732675.0
2020-09-16,19.43,19.75,19.37,19.41,9704894.0
2020-09-17,19.14,19.26,18.89,19.14,8434111.0
2020-09-18,19.09,19.25,18.88,18.95,21729615.0
2020-09-21,18.52,18.58,18.09,18.34,11370722.0
2020-09-22,18.42,18.59,18.27,18.44,8167536.0
2020-09-23,18.71,18.95,18.26,18.32,9745238.0
2020-09-24,18.12,18.41,17.83,18.15,8950630.0
2020-09-25,18.0,18.46,17.97,18.3,7839174.0
2020-09-28,18.6,18.95,18.56,18.86,11572152.0
2020-09-29,18.85,19.15,18.84,18.92,8248160.0
2020-09-30,18.88,19.32,18.84,18.99,11925414.0
2020-10-01,19.1,19.28,18.93,19.0,10634326.0
2020-10-02,18.53,19.3,18.5,19.09,8391238.0
2020-10-05,19.32,19.59,19.1,19.31,9371333.0
2020-10-06,19.5,19.6,18.95,18.96,11898919.0
2020-10-07,19.16,19.31,19.04,19.23,11850056.0
2020-10-08,19.36,19.51,19.27,19.4,8393559.0
2020-10-09,19.61,19.68,19.24,19.37,8175962.0
2020-10-12,19.57,19.84,19.34,19.83,7831443.0
2020-10-13,19.96,19.97,19.55,19.68,7111605.0
2020-10-14,19.68,19.93,19.47,19.5,6033449.0
2020-10-15,19.27,19.58,19.11,19.56,7697827.0
2020-10-16,19.62,19.82,19.59,19.6,7409225.0
2020-10-19,19.67,19.77,19.32,19.36,5010531.0
2020-10-20,19.51,19.76,19.36,19.37,6142620.0
2020-10-21,19.31,19.47,19.21,19.22,5817083.0
2020-10-22,19.17,19.45,18.98,19.35,6150279.0
2020-10-23,19.3,19.45,19.06,19.12,6232418.0
2020-10-26,18.88,19.0,18.07,18.25,12399776.0
2020-10-27,18.28,18.38,17.96,17.98,8907288.0
2020-10-28,17.45,17.75,17.3,17.35,12223893.0
2020-10-29,17.28,17.91,17.25,17.78,7722001.0
2020-10-30,17.63,17.97,17.52,17.96,7883718.0
2020-11-02,18.18,18.49,18.02,18.41,7499051.0
2020-11-03,18.68,18.79,18.55,18.62,6340196.0
2020-11-04,18.64,18.66,18.25,18.28,8512730.0
2020-11-05,18.6,19.2,18.59,19.13,8926402.0
2020-11-06,19.1,19.34,18.97,19.25,6515724.0
2020-11-09,19.92,20.6,19.64,19.73,13947136.0
2020-11-10,19.77,20.07,19.66,19.87,11227227.0
2020-11-11,19.92,19.95,19.2,19.36,9736736.0
2020-11-12,19.21,19.36,18.69,18.93,8879036.0
2020-11-13,19.06,19.66,19.03,19.61,6527357.0
2020-11-16,19.89,20.39,19.73,20.3,11140238.0
2020-11-17,20.03,20.9,19.85,20.5,12321516.0
2020-11-18,20.61,20.95,20.44,20.45,9110311.0
2020-11-19,20.36,20.58,20.13,20.5,5731894.0
2020-11-20,20.52,20.69,20.32,20.45,7255940.0
2020-11-23,20.7,21.27,20.58,21.19,8900633.0
2020-11-24,21.32,21.94,21.26,21.75,17525336.0
2020-11-25,22.88,23.35,21.86,22.25,18762282.0
2020-11-27,22.05,22.39,22.02,22.27,6690237.0
2020-11-30,22.09,22.29,21.8,21.93,14794223.0
2020-12-01,22.22,22.59,22.08,22.38,11565973.0
2020-12-02,22.36,22.98,22.26,22.82,8710024.0
2020-12-03,22.8,23.43,22.76,23.24,8730582.0
2020-12-04,23.26,23.88,23.25,23.78,8720681.0
2020-12-07,23.57,23.89,23.36,23.68,8380920.0
2020-12-08,23.33,23.76,23.3,23.52,7938622.0
2020-12-09,23.15,23.79,23.14,23.19,10541073.0
2020-12-10,22.89,23.44,22.85,23.17,10404977.0
2020-12-11,23.01,23.35,22.91,23.11,7718886.0
2020-12-14,23.12,23.52,23.12,23.21,6512573.0
2020-12-15,23.5,23.78,23.45,23.71,6973744.0
2020-12-16,24.07,24.3,23.84,23.98,11160063.0
2020-12-17,24.18,24.29,23.96,24.22,10914919.0
2020-12-18,24.1,24.53,24.06,24.46,17948069.0
2020-12-21,23.96,24.2,23.72,24.0,10390245.0
2020-12-22,24.09,24.36,24.06,24.16,7150299.0
2020-12-23,24.16,24.46,24.15,24.21,4538625.0
2020-12-24,24.33,24.45,24.16,24.26,2309792.0
2020-12-28,24.31,24.63,24.25,24.27,5592909.0
2020-12-29,24.27,24.43,23.97,24.05,5831196.0
2020-12-30,24.2,24.69,24.2,24.32,7556371.0
2020-12-31,24.34,24.69,24.23,24.59,6368374.0
2021-01-04,24.7,24.94,23.85,24.11,8041632.0
2021-01-05,24.08,24.72,24.08,24.46,7856547.0
2021-01-06,24.62,25.38,24.62,24.96,8472010.0
2021-01-07,25.27,25.8,25.06,25.75,9288638.0
2021-01-08,25.69,25.94,25.39,25.53,7514120.0
2021-01-11,25.5,25.93,25.34,25.78,8907136.0
2021-01-12,25.83,26.15,25.75,25.91,7280747.0
2021-01-13,25.99,26.04,25.7,25.71,6596846.0
2021-01-14,25.58,25.93,25.56,25.62,8290469.0
2021-01-15,25.46,25.57,24.99,25.17,8364612.0
2021-01-19,25.26,25.38,24.99,25.14,6794305.0
2021-01-20,25.22,25.32,25.05,25.2,6270504.0
2021-01-21,25.41,25.44,24.98,25.36,7160067.0
2021-01-22,25.11,25.35,24.97,25.27,6684494.0
2021-01-25,25.22,25.27,24.41,25.02,9953342.0
2021-01-26,25.19,25.36,24.39,24.62,11548348.0
2021-01-27,24.18,25.24,24.16,24.85,12948572.0
2021-01-28,24.98,25.35,24.85,24.87,9292903.0
2021-01-29,24.77,24.99,24.07,24.34,14666939.0
2021-02-01,24.48,24.58,24.1,24.48,9352952.0
2021-02-02,24.78,25.0,24.67,24.89,5952812.0
2021-02-03,24.86,25.34,24.77,25.23,6300619.0
2021-02-04,25.21,25.96,25.11,25.95,6963361.0
2021-02-05,26.0,26.58,25.95,26.15,7267532.0
2021-02-08,26.37,27.36,26.31,27.3,8426269.0
2021-02-09,27.33,27.55,27.09,27.09,7065674.0
2021-02-10,27.21,27.53,26.94,27.15,6267799.0
2021-02-11,27.3,27.48,26.93,27.38,6265661.0
2021-02-12,27.38,27.5,27.23,27.49,3941229.0
2021-02-16,27.53,27.68,27.0,27.16,6380826.0
2021-02-17,27.0,27.08,26.23,26.28,9404598.0
2021-02-18,26.09,26.45,25.96,26.41,7345669.0
2021-02-19,26.7,27.14,26.65,27.1,8979553.0
2021-02-22,26.99,27.35,26.8,27.12,9524812.0
2021-02-23,27.03,27.44,26.49,27.38,11845463.0
2021-02-24,27.3,28.26,27.21,27.97,8275926.0
2021-02-25,27.9,30.0,27.22,28.19,18365958.0
2021-02-26,29.42,30.25,28.83,28.97,26078229.0
2021-03-01,29.37,30.44,29.16,29.58,17333565.0
2021-03-02,29.42,30.29,29.33,30.04,10928600.0
2021-03-03,29.94,30.28,29.52,29.82,10059680.0
2021-03-04,29.46,29.85,27.85,28.07,14448368.0
2021-03-05,28.3,29.78,28.12,29.75,13688881.0
2021-03-08,29.61,30.68,29.56,30.16,13142867.0
2021-03-09,30.04,30.56,29.85,30.1,10336994.0
2021-03-10,30.06,30.57,30.01,30.26,11820525.0
2021-03-11,30.37,30.48,29.97,30.34,10122474.0
2021-03-12,30.26,30.83,30.12,30.28,9478334.0
2021-03-15,30.26,30.81,30.08,30.79,12814345.0
2021-03-16,30.81,30.98,30.39,30.43,10605221.0
2021-03-17,30.29,30.79,30.26,30.74,12590095.0
2021-03-18,30.56,31.11,30.22,30.31,11022727.0
2021-03-19,30.04,30.32,29.68,30.08,49810624.0
2021-03-22,30.11,30.72,29.86,30.47,14955011.0
2021-03-23,30.34,30.57,29.44,29.58,10313369.0
2021-03-24,29.73,30.26,29.36,29.37,9073899.0
2021-03-25,29.11,30.02,28.97,29.89,9561302.0
2021-03-26,30.02,31.69,30.02,31.66,13195721.0
2021-03-29,31.59,31.94,31.01,31.07,9661703.0
2021-03-30,31.0,31.66,30.96,31.56,7219809.0
2021-03-31,31.6,32.12,31.6,31.75,8919044.0
2021-04-01,32.08,32.14,31.61,32.05,7867187.0
2021-04-05,32.32,32.62,31.75,32.46,6915188.0
2021-04-06,32.33,32.57,32.05,32.29,8973327.0
2021-04-07,32.2,32.67,32.15,32.28,6836886.0
2021-04-08,32.52,32.69,32.04,32.38,7066653.0
2021-04-09,32.38,32.99,32.34,32.98,6635309.0
2021-04-12,32.98,33.18,32.56,32.74,7861714.0
2021-04-13,32.77,33.09,32.34,33.04,9579861.0
2021-04-14,32.95,33.61,32.91,33.2,7798648.0
2021-04-15,33.49,33.82,33.29,33.62,7402622.0
2021-04-16,33.84,34.27,33.79,33.98,7281552.0
2021-04-19,33.8,34.04,33.6,33.7,7808682.0
2021-04-20,33.86,34.03,33.25,33.37,8219548.0
2021-04-21,33.27,34.01,33.2,33.9,6392121.0
2021-04-22,34.02,34.3,33.74,33.77,7580008.0
2021-04-23,33.87,34.61,33.74,34.42,6193198.0
2021-04-26,34.5,34.85,34.24,34.33,5311426.0
2021-04-27,34.38,34.7,34.28,34.43,6578867.0
2021-04-28,34.43,34.49,34.07,34.32,6245708.0
2021-04-29,34.62,34.87,34.21,34.7,7533392.0
2021-04-30,34.57,34.61,33.91,34.11,8807896.0
2021-05-03,34.33,34.64,34.11,34.48,6234950.0
2021-05-04,34.25,34.38,33.63,33.96,8884067.0
2021-05-05,34.24,34.69,33.88,34.45,5448578.0
2021-05-06,34.42,35.0,34.2,34.98,5584112.0
2021-05-07,34.99,35.59,34.81,35.57,6796621.0
2021-05-10,35.89,36.0,35.23,35.25,7745918.0
2021-05-11,34.52,34.6,33.24,33.59,11388782.0
2021-05-12,33.25,33.37,31.77,31.95,12679871.0
2021-05-13,32.0,32.65,31.94,32.39,10282612.0
2021-05-14,32.66,33.19,32.33,32.92,7289650.0
2021-05-17,32.74,33.13,32.38,33.04,8442353.0
2021-05-18,33.07,33.07,32.31,32.34,7568070.0
2021-05-19,31.75,31.87,31.22,31.8,10975154.0
2021-05-20,31.98,32.21,31.57,32.04,7495296.0
2021-05-21,32.26,32.44,31.63,31.66,8680050.0
2021-05-24,32.89,32.89,32.12,32.31,8591560.0
2021-05-25,32.5,32.8,31.81,31.86,9366033.0
2021-05-26,31.95,32.19,31.77,32.17,10337506.0
2021-05-27,32.43,32.52,31.84,32.1,24469024.0
2021-05-28,30.46,30.59,29.07,29.23,36879416.0
2021-06-01,29.72,29.97,29.38,29.86,15438660.0
2021-06-02,29.82,30.18,29.7,29.78,11186093.0
2021-06-03,29.6,30.09,29.57,29.93,8983258.0
2021-06-04,30.05,30.81,30.05,30.63,11233673.0
2021-06-07,30.8,30.89,30.22,30.55,9071487.0
2021-06-08,30.48,30.59,29.92,30.42,10084864.0
2021-06-09,30.6,30.6,29.88,30.05,12472766.0
2021-06-10,30.34,30.45,29.93,29.97,7947981.0
2021-06-11,29.85,30.2,29.85,30.08,11422216.0
2021-06-14,30.04,30.12,29.15,29.39,12610942.0
2021-06-15,29.46,29.73,29.44,29.59,8406317.0
2021-06-16,29.31,29.56,28.94,29.03,12432103.0
2021-06-17,29.09,29.25,28.12,28.64,12545497.0
2021-06-18,28.13,28.74,28.02,28.67,25007039.0
2021-06-21,28.9,29.48,28.84,29.21,9318443.0
2021-06-22,29.23,29.27,28.78,29.14,8631893.0
2021-06-23,29.18,29.51,28.96,29.2,7914044.0
2021-06-24,29.5,29.51,29.11,29.47,6270836.0
2021-06-25,29.4,29.92,29.37,29.71,17050179.0
2021-06-28,29.76,30.03,29.64,29.81,6570165.0
2021-06-29,29.95,30.32,29.79,30.14,7779380.0
2021-06-30,30.13,30.28,29.88,30.19,7129217.0
2021-07-01,30.26,30.47,30.13,30.35,7606532.0
2021-07-02,30.52,30.81,30.35,30.7,6294796.0
2021-07-06,30.58,30.65,29.92,30.18,7533671.0
2021-07-07,30.29,30.5,30.03,30.28,7349927.0
2021-07-08,29.74,30.19,29.46,29.92,6996983.0
2021-07-09,30.25,30.47,30.01,30.04,10959213.0
2021-07-12,29.9,29.93,28.63,29.21,14636611.0
2021-07-13,29.04,29.07,28.16,28.19,13290450.0
2021-07-14,28.45,28.85,28.31,28.59,7021991.0
2021-07-15,28.4,28.49,27.83,28.1,10203429.0
2021-07-16,28.21,28.37,27.45,27.52,7143310.0
2021-07-19,27.12,27.8,26.91,27.59,12621183.0
2021-07-20,27.74,28.67,27.74,28.21,13161261.0
2021-07-21,28.45,28.64,28.07,28.52,11177918.0
2021-07-22,28.59,28.64,27.72,27.8,8836705.0
2021-07-23,27.97,28.41,27.91,28.2,8394784.0
2021-07-26,28.35,28.81,28.35,28.48,5687592.0
2021-07-27,28.15,28.41,27.85,28.4,9027031.0
2021-07-28,28.47,28.67,28.16,28.47,5933108.0
2021-07-29,28.67,28.98,28.6,28.78,6496364.0
2021-07-30,28.48,28.98,28.33,28.87,6814964.0
2021-08-02,29.05,29.48,28.92,29.14,8016583.0
2021-08-03,29.3,29.65,29.11,29.53,8118236.0
2021-08-04,29.25,29.58,29.05,29.07,6062570.0
2021-08-05,29.28,29.36,29.02,29.23,4855271.0
2021-08-06,29.27,29.69,29.23,29.32,5730794.0
2021-08-09,29.3,29.56,29.22,29.32,5828404.0
2021-08-10,29.4,29.94,29.36,29.73,7458950.0
2021-08-11,29.72,30.38,29.58,30.1,5644764.0
2021-08-12,30.14,30.48,30.02,30.4,5330099.0
2021-08-13,30.13,30.16,28.98,29.01,11393278.0
2021-08-16,28.92,29.53,28.63,29.44,7672844.0
2021-08-17,29.28,29.3,28.42,28.68,8946301.0
2021-08-18,28.24,28.8,28.13,28.22,8190296.0
2021-08-19,27.93,28.12,27.55,27.78,9137797.0
2021-08-20,27.86,28.35,27.84,28.22,7878847.0
2021-08-23,28.44,28.67,28.24,28.56,6733645.0
2021-08-24,28.66,28.99,28.5,28.9,6974006.0
2021-08-25,28.93,29.74,28.86,29.39,11460333.0
2021-08-26,29.6,29.63,28.96,29.1,12504067.0
2021-08-27,27.79,29.1,27.51,28.92,23469048.0
2021-08-30,29.14,30.23,28.98,29.74,13430354.0
2021-08-31,29.84,30.36,29.66,29.74,14276516.0
2021-09-01,29.69,29.8,29.13,29.22,11839750.0
2021-09-02,29.38,29.75,29.28,29.6,8281120.0
2021-09-03,29.51,30.03,29.45,29.86,8119878.0
2021-09-07,29.5,29.58,28.64,28.65,11346551.0
2021-09-08,28.55,28.62,28.02,28.19,9890277.0
2021-09-09,28.13,28.52,27.88,28.21,7907754.0
2021-09-10,28.39,28.58,27.98,28.0,7346332.0
2021-09-13,28.21,28.47,28.12,28.38,8211288.0
2021-09-14,28.47,28.47,27.49,27.56,6591328.0
2021-09-15,27.55,28.08,27.38,27.95,7104735.0
2021-09-16,27.96,28.19,27.83,28.04,6107411.0
2021-09-17,27.84,27.95,27.46,27.68,13273810.0
2021-09-20,27.06,27.3,26.81,27.24,8460681.0
2021-09-21,27.49,27.51,26.77,26.83,8719134.0
2021-09-22,27.25,27.77,27.19,27.59,7844300.0
2021-09-23,27.77,28.23,27.71,27.98,6323292.0
2021-09-24,27.84,28.19,27.8,27.89,4293193.0
2021-09-27,27.85,28.98,27.85,28.71,8797802.0
2021-09-28,28.59,29.54,28.45,28.58,11729793.0
2021-09-29,27.57,28.0,27.17,27.31,11513268.0
2021-09-30,27.64,28.08,27.2,27.36,10305190.0
2021-10-01,27.52,28.26,27.35,28.07,7473428.0
2021-10-04,27.96,28.54,27.95,28.08,7881648.0
2021-10-05,28.28,28.5,27.94,28.3,6967136.0
2021-10-06,27.91,28.14,27.39,27.75,8765051.0
2021-10-07,27.96,28.39,27.91,28.05,7714864.0
2021-10-08,28.3,28.38,27.81,27.89,7211766.0
2021-10-11,27.97,28.1,27.59,27.68,7319429.0
2021-10-12,27.68,27.82,26.45,26.55,15261711.0
2021-10-13,26.45,26.67,26.11,26.48,12822248.0
2021-10-14,26.78,27.61,26.69,27.49,7555497.0
2021-10-15,27.62,28.62,27.61,28.28,14068442.0
2021-10-18,28.09,28.93,28.09,28.6,8972208.0
2021-10-19,28.7,29.07,28.62,28.86,8696442.0
2021-10-20,28.98,29.3,28.5,28.59,11236517.0
2021-10-21,29.45,30.8,29.32,30.57,21188457.0
2021-10-22,30.48,31.0,30.31,30.47,11160993.0
2021-10-25,30.85,30.98,30.25,30.63,7640338.0
2021-10-26,30.75,30.77,29.99,30.14,8680675.0
2021-10-27,30.19,30.31,29.65,29.7,7505013.0
2021-10-28,29.93,30.54,29.85,30.45,7023030.0
2021-10-29,30.27,30.68,30.1,30.33,7772495.0
2021-11-01,30.42,31.26,30.36,31.25,8312769.0
2021-11-02,31.25,31.63,30.75,31.01,8487503.0
2021-11-03,30.9,31.38,30.75,31.25,6253244.0
2021-11-04,31.29,31.65,31.11,31.33,5267069.0
2021-11-05,31.59,32.04,31.5,31.95,8504094.0
2021-11-08,31.9,32.28,31.52,31.6,7661961.0
2021-11-09,31.58,32.11,31.53,31.77,4536878.0
2021-11-10,31.69,32.14,31.39,31.52,6744844.0
2021-11-11,31.6,32.07,31.54,31.69,4590021.0
2021-11-12,31.67,31.93,31.42,31.82,6016840.0
2021-11-15,31.92,32.03,31.23,31.35,7091255.0
2021-11-16,31.38,31.68,31.21,31.21,5973255.0
2021-11-17,31.21,31.32,30.85,30.93,6997209.0
2021-11-18,31.1,31.47,30.64,31.41,6979396.0
2021-11-19,31.46,31.79,31.22,31.45,7932993.0
2021-11-22,31.6,32.57,31.42,31.93,10940297.0
2021-11-23,32.05,32.53,31.84,32.19,13042664.0
2021-11-24,34.0,36.21,34.0,35.44,34001117.0
2021-11-26,34.65,35.24,34.4,34.58,9289797.0
2021-11-29,34.77,36.09,34.66,35.93,16670707.0
2021-11-30,35.57,35.96,34.93,35.28,20479179.0
2021-12-01,35.99,38.38,35.67,36.46,24514563.0
2021-12-02,36.45,38.27,36.31,37.64,18331185.0
2021-12-03,37.86,38.49,37.14,37.55,16219044.0
2021-12-06,37.8,38.22,36.92,36.93,12219461.0
2021-12-07,37.3,37.7,36.98,37.29,10699250.0
2021-12-08,37.46,37.55,36.64,36.71,10980613.0
2021-12-09,36.0,36.49,35.81,36.15,14452818.0
2021-12-10,36.47,36.85,35.98,36.43,9650544.0
2021-12-13,36.3,36.4,35.24,35.28,10614817.0
2021-12-14,35.04,35.87,34.83,35.6,11187082.0
2021-12-15,35.74,36.31,35.34,36.26,9127034.0
2021-12-16,36.36,37.04,36.16,36.7,12379990.0
2021-12-17,36.5,37.29,36.48,36.57,30040137.0
2021-12-20,36.09,36.19,35.58,36.13,9298433.0
2021-12-21,36.56,37.06,36.3,37.02,9113755.0
2021-12-22,36.91,37.35,36.46,37.28,6947882.0
2021-12-23,37.14,38.04,37.12,37.65,6620872.0
2021-12-27,37.53,38.19,37.53,38.1,5805677.0
2021-12-28,38.15,38.38,37.74,37.95,5220061.0
2021-12-29,37.83,38.41,37.81,37.98,4626814.0
2021-12-30,38.1,38.21,37.69,37.75,4284656.0
2021-12-31,37.79,38.09,37.63,37.67,4878420.0
2022-01-03,37.71,38.17,37.59,38.02,7059554.0
2022-01-04,38.45,39.49,38.39,39.2,9633673.0
2022-01-05,39.23,39.65,38.86,38.87,10956202.0
2022-01-06,38.6,38.96,38.17,38.68,7976397.0
2022-01-07,38.9,39.02,38.4,38.65,7221118.0
2022-01-10,38.59,38.98,37.98,38.96,10272362.0
2022-01-11,38.99,39.2,38.66,39.19,8085487.0
2022-01-12,39.37,39.65,38.91,38.99,9091839.0
2022-01-13,39.15,39.34,38.65,38.7,9313934.0
2022-01-14,38.17,38.52,37.96,38.42,8535897.0
2022-01-18,38.01,38.34,37.54,37.63,8177579.0
2022-01-19,37.78,38.03,36.55,36.6,7245870.0
2022-01-20,36.7,37.24,36.03,36.11,9943926.0
2022-01-21,36.0,36.1,34.79,34.86,10246536.0
2022-01-24,34.3,35.65,34.15,35.62,13039717.0
2022-01-25,34.96,35.39,33.61,34.98,12091629.0
2022-01-26,35.69,36.2,34.84,35.23,10823179.0
2022-01-27,36.0,36.46,34.99,35.21,9649825.0
2022-01-28,35.19,36.33,34.91,36.3,9466581.0
2022-01-31,36.12,36.81,35.92,36.73,11087482.0
2022-02-01,36.86,37.48,36.73,37.46,10772409.0
2022-02-02,37.53,38.23,37.53,38.16,11126590.0
2022-02-03,37.87,38.44,37.67,37.72,6767950.0
2022-02-04,37.49,37.99,37.01,37.6,7085748.0
2022-02-07,37.54,37.74,37.15,37.49,7718118.0
2022-02-08,37.5,38.1,37.25,38.0,5903286.0
2022-02-09,38.17,38.5,37.8,38.4,8570320.0
2022-02-10,38.0,39.07,37.9,38.11,8800282.0
2022-02-11,38.11,38.4,37.12,37.33,6820427.0
2022-02-14,37.26,37.31,36.05,36.51,9510346.0
2022-02-15,36.9,37.4,36.73,37.37,8162715.0
2022-02-16,37.07,38.05,37.07,37.89,6762756.0
2022-02-17,37.43,37.75,36.39,36.42,7633676.0
2022-02-18,36.44,36.77,35.99,36.2,9601586.0
2022-02-22,36.05,36.22,34.62,35.19,10025787.0
2022-02-23,35.52,35.67,34.39,34.54,9701179.0
2022-02-24,33.35,34.58,33.04,34.53,12863669.0
2022-02-25,34.0,34.69,33.23,34.45,13405751.0
2022-02-28,34.29,34.67,33.53,34.36,19162861.0
2022-03-01,34.21,35.3,33.71,34.07,21951615.0
2022-03-02,34.84,36.59,34.79,36.31,21211300.0
2022-03-03,36.33,36.79,36.01,36.62,16730346.0
2022-03-04,36.32,36.51,35.63,36.35,14370162.0
2022-03-07,36.05,36.18,35.12,35.66,17613091.0
2022-03-08,35.55,36.61,35.31,35.63,23796935.0
2022-03-09,36.4,36.6,35.59,36.05,17680792.0
2022-03-10,35.7,36.17,35.09,36.15,15985514.0
2022-03-11,36.21,36.75,35.46,36.29,13238431.0
2022-03-14,35.97,36.56,33.75,34.1,19428117.0
2022-03-15,34.01,35.19,33.86,34.86,15717055.0
2022-03-16,35.27,35.82,34.77,35.81,16783710.0
2022-03-17,35.4,35.43,33.74,34.49,20448264.0
2022-03-18,34.77,37.59,34.16,37.09,60910316.0
2022-03-21,36.9,37.75,36.72,37.54,22773823.0
2022-03-22,37.97,38.53,37.39,38.23,17128460.0
2022-03-23,37.9,38.8,37.72,37.73,15259067.0
2022-03-24,37.85,38.75,37.79,38.53,10670733.0
2022-03-25,38.41,39.84,38.41,39.84,13386531.0
2022-03-28,38.36,39.09,37.59,38.75,19321643.0
2022-03-29,39.17,39.87,38.68,39.72,10244393.0
2022-03-30,39.73,40.37,38.74,38.84,12195825.0
2022-03-31,36.97,37.09,35.81,36.3,27041072.0
2022-04-01,36.13,36.6,35.0,35.6,20832440.0
2022-04-04,35.78,36.68,35.73,36.64,18454380.0
2022-04-05,36.24,36.75,35.83,36.0,10609681.0
2022-04-06,35.55,35.74,34.47,34.91,17612873.0
2022-04-07,39.03,41.47,38.7,40.06,94455239.0
2022-04-08,39.11,40.17,38.28,38.63,33288012.0
2022-04-11,38.44,39.22,38.02,38.19,15432006.0
2022-04-12,38.53,39.54,37.75,37.89,13858487.0
2022-04-13,37.72,38.2,37.69,37.94,10026073.0
2022-04-14,37.95,38.09,37.45,37.47,9556110.0
2022-04-18,37.54,38.68,37.53,38.43,12644600.0
2022-04-19,38.47,38.87,38.24,38.69,8618704.0
2022-04-20,38.99,39.78,38.99,39.38,11075146.0
2022-04-21,39.24,39.51,38.22,38.29,9499580.0
2022-04-22,38.12,38.12,36.75,36.79,9247432.0
2022-04-25,36.6,37.05,36.22,37.0,9913128.0
2022-04-26,36.78,37.25,36.33,36.34,10588661.0
2022-04-27,36.4,37.16,36.09,36.45,9387658.0
2022-04-28,36.97,37.93,36.62,37.58,7622297.0
2022-04-29,37.36,38.21,36.56,36.63,9968026.0
2022-05-02,36.62,37.07,36.01,37.06,9426474.0
2022-05-03,36.95,38.16,36.88,37.92,7707979.0
2022-05-04,38.12,39.52,37.64,39.39,10158099.0
2022-05-05,38.93,39.1,37.51,37.91,8273857.0
2022-05-06,37.35,37.65,36.32,37.09,10110915.0
2022-05-09,36.16,37.22,36.13,37.01,9976189.0
2022-05-10,37.86,38.78,37.42,37.54,14516002.0
2022-05-11,37.17,37.73,35.79,35.86,10103936.0
2022-05-12,35.58,36.37,35.0,35.84,11518640.0
2022-05-13,36.14,37.0,35.97,36.78,8827635.0
2022-05-16,36.89,37.86,36.43,37.51,8441980.0
2022-05-17,38.38,39.71,38.2,39.62,13583560.0
2022-05-18,39.0,39.02,36.71,36.85,13234044.0
2022-05-19,36.37,36.63,35.07,35.73,13848563.0
2022-05-20,35.76,35.83,33.45,34.65,14521596.0
2022-05-23,34.77,35.13,34.17,35.06,12741024.0
2022-05-24,34.77,34.87,33.89,34.77,9615244.0
2022-05-25,34.53,36.07,34.39,35.57,11468071.0
2022-05-26,35.73,36.96,35.52,36.77,10805175.0
2022-05-27,38.0,39.14,38.0,38.75,14840232.0
2022-05-31,38.69,39.51,38.26,38.84,26899516.0
2022-06-01,39.76,40.79,39.05,40.34,19330047.0
2022-06-02,39.91,40.2,39.21,39.89,12330535.0
2022-06-03,39.35,40.28,39.27,39.81,6884782.0
2022-06-06,40.07,40.59,39.29,39.52,8041209.0
2022-06-07,38.88,39.47,38.58,39.36,6560381.0
2022-06-08,39.01,39.01,37.86,37.95,10885445.0
2022-06-09,37.84,38.12,36.66,36.67,8047902.0
2022-06-10,35.89,36.23,35.25,35.28,9523443.0
2022-06-13,34.4,34.68,33.6,33.76,12114917.0
2022-06-14,33.9,34.13,33.36,33.75,10769311.0
2022-06-15,34.26,34.94,33.87,34.41,12683550.0
2022-06-16,33.65,33.67,32.31,32.71,13397993.0
2022-06-17,32.88,33.81,32.63,33.55,20542322.0
2022-06-21,34.46,34.89,34.07,34.29,11277194.0
2022-06-22,33.68,34.12,33.41,33.74,10701844.0
2022-06-23,33.91,34.05,33.42,33.87,7334306.0
2022-06-24,34.26,35.26,34.21,35.23,10533000.0
2022-06-27,35.44,35.75,35.15,35.36,5804556.0
2022-06-28,35.41,35.7,34.18,34.44,7226454.0
2022-06-29,34.34,34.37,33.44,33.61,5989020.0
2022-06-30,32.95,33.4,32.61,32.78,10878656.0
2022-07-01,32.67,32.87,31.48,31.87,12193550.0
2022-07-05,30.91,31.56,30.01,31.54,13971181.0
2022-07-06,31.54,31.7,30.76,31.17,8305996.0
2022-07-07,31.65,32.0,31.46,31.78,7022162.0
2022-07-08,31.92,32.43,31.56,32.11,6584726.0
2022-07-11,31.56,31.83,31.28,31.4,5863766.0
2022-07-12,31.45,31.94,31.06,31.33,9769359.0
2022-07-13,30.76,31.4,30.51,31.06,7312976.0
2022-07-14,30.52,31.28,30.26,31.18,7471748.0
2022-07-15,31.61,31.73,31.32,31.66,7103603.0
2022-07-18,31.99,32.4,31.37,31.5,7539591.0
2022-07-19,31.96,32.89,31.93,32.83,8753835.0
2022-07-20,32.9,33.47,32.57,32.94,5546845.0
2022-07-21,32.82,33.52,32.54,33.46,6927728.0
2022-07-22,33.2,33.57,32.31,32.47,7558941.0
2022-07-25,32.64,32.73,32.2,32.6,4482433.0
2022-07-26,32.53,32.65,31.88,31.95,5908181.0
2022-07-27,32.19,32.83,31.85,32.62,6991113.0
2022-07-28,32.67,33.22,32.3,32.89,4713530.0
2022-07-29,33.0,33.42,32.51,33.39,8459283.0
2022-08-01,33.05,33.83,33.01,33.67,6400733.0
2022-08-02,33.31,33.31,32.44,32.74,5776075.0
2022-08-03,33.12,33.27,32.3,32.96,7073914.0
2022-08-04,32.88,33.28,32.61,33.26,6559953.0
2022-08-05,32.76,33.99,32.72,33.58,6523852.0
2022-08-08,33.8,34.05,33.35,33.45,5651600.0
2022-08-09,33.18,33.24,32.05,32.49,9175536.0
2022-08-10,33.11,34.34,33.05,33.98,7426957.0
2022-08-11,33.83,34.78,33.83,34.22,7084168.0
2022-08-12,34.41,34.68,34.05,34.65,5489206.0
2022-08-15,34.37,34.74,34.14,34.4,4525670.0
2022-08-16,34.3,34.83,34.23,34.5,6605537.0
2022-08-17,34.38,34.67,34.02,34.31,7033688.0
2022-08-18,34.63,35.32,34.28,35.23,5989746.0
2022-08-19,34.55,34.63,33.66,34.23,9640492.0
2022-08-22,33.72,33.81,33.29,33.41,6437029.0
2022-08-23,33.4,33.98,33.34,33.4,5810104.0
2022-08-24,33.2,33.46,32.92,33.22,6467555.0
2022-08-25,33.52,34.52,33.47,34.47,7450911.0
2022-08-26,33.41,33.58,31.37,31.39,14112761.0
2022-08-29,31.05,31.99,31.03,31.53,10606631.0
2022-08-30,31.77,31.82,30.95,31.1,15527130.0
2022-08-31,29.5,30.22,28.67,28.71,28214891.0
2022-09-01,28.26,28.51,27.56,28.17,16713474.0
2022-09-02,28.58,28.67,27.53,27.64,12380529.0
2022-09-06,27.61,27.92,27.15,27.33,13430849.0
2022-09-07,27.21,27.6,26.86,27.47,10039363.0
2022-09-08,27.21,27.62,26.94,27.5,11824679.0
2022-09-09,27.72,28.36,27.7,28.26,8967187.0
2022-09-12,28.45,28.9,28.41,28.51,9386071.0
2022-09-13,27.39,27.7,26.81,26.96,10378073.0
2022-09-14,27.07,27.31,26.73,27.04,9079402.0
2022-09-15,26.87,27.41,26.62,26.94,11525212.0
2022-09-16,26.75,27.37,26.52,27.23,39538455.0
2022-09-19,26.98,27.32,26.59,26.95,9768726.0
2022-09-20,26.53,26.62,26.09,26.45,9853591.0
2022-09-21,26.62,26.94,26.0,26.0,8884141.0
2022-09-22,25.96,26.23,25.69,25.71,8775966.0
2022-09-23,25.29,25.47,24.92,25.35,8647127.0
2022-09-26,25.07,25.5,24.81,24.96,8872742.0
2022-09-27,25.38,25.57,24.84,24.98,5951262.0
2022-09-28,24.89,25.69,24.86,25.61,7576144.0
2022-09-29,25.16,25.16,24.74,25.04,8265568.0
2022-09-30,25.01,25.68,24.87,24.92,8858514.0
2022-10-03,25.34,26.11,25.09,25.89,8923017.0
2022-10-04,26.38,26.86,26.3,26.64,8845030.0
2022-10-05,26.17,26.95,26.12,26.78,7457092.0
2022-10-06,26.58,27.04,26.45,26.48,8415944.0
2022-10-07,25.77,25.85,24.9,25.04,10318157.0
2022-10-10,25.28,25.46,24.6,24.99,6557635.0
2022-10-11,25.01,25.33,24.6,24.78,7287361.0
2022-10-12,24.86,25.02,24.62,24.69,7896922.0
2022-10-13,24.19,26.33,24.08,26.02,11791948.0
2022-10-14,26.11,26.35,25.4,25.44,10700725.0
2022-10-17,25.87,26.3,25.4,25.69,8841600.0
2022-10-18,26.33,26.5,25.21,25.55,7501557.0
2022-10-19,25.26,25.75,25.25,25.49,6055084.0
2022-10-20,25.63,26.34,25.49,25.57,5830744.0
2022-10-21,25.72,26.84,25.57,26.79,7894310.0
2022-10-24,27.0,27.25,26.74,27.06,5640305.0
2022-10-25,26.91,27.6,26.85,27.58,7136802.0
2022-10-26,27.13,28.11,27.04,27.48,6936476.0
2022-10-27,27.76,27.91,27.11,27.22,6395794.0
2022-10-28,27.28,28.12,27.28,28.05,8033311.0
2022-10-31,27.79,27.89,27.53,27.62,5403143.0
2022-11-01,27.94,28.07,27.37,27.85,5113049.0
2022-11-02,27.78,28.07,26.98,26.98,5790063.0
2022-11-03,26.7,26.91,26.2,26.66,5423612.0
2022-11-04,27.37,28.31,27.22,28.29,13497814.0
2022-11-07,28.35,28.92,28.27,28.75,8825700.0
2022-11-08,29.0,29.37,28.69,28.85,8721352.0
2022-11-09,28.5,28.66,27.72,27.8,7574400.0
2022-11-10,28.95,29.3,28.63,29.3,11861608.0
2022-11-11,29.32,30.69,29.29,30.55,11423283.0
2022-11-14,30.17,30.91,30.08,30.43,8178913.0
2022-11-15,30.9,31.09,30.34,30.56,8492779.0
2022-11-16,30.2,30.27,28.99,29.29,9147489.0
2022-11-17,28.86,29.46,28.31,29.43,9984446.0
2022-11-18,29.05,29.62,28.89,29.48,9218085.0
2022-11-21,29.16,29.3,28.68,29.16,10697094.0
2022-11-22,29.23,29.42,28.64,29.38,15114894.0
2022-11-23,29.12,30.17,28.31,29.91,17741296.0
2022-11-25,29.8,30.74,29.71,30.15,5959306.0
2022-11-28,29.75,29.79,29.12,29.21,6677042.0
2022-11-29,29.35,29.61,28.83,28.88,7753046.0
2022-11-30,29.0,30.06,28.72,30.04,10286941.0
2022-12-01,30.11,30.23,29.78,29.86,5757364.0
2022-12-02,29.44,29.8,29.25,29.64,5259542.0
2022-12-05,29.41,29.62,29.13,29.21,4936365.0
2022-12-06,29.17,29.26,28.13,28.31,6394096.0
2022-12-07,28.0,28.25,27.63,27.83,7108406.0
2022-12-08,28.01,28.81,27.91,28.48,6992998.0
2022-12-09,28.39,28.73,28.2,28.21,5431833.0
2022-12-12,28.18,29.04,28.07,29.02,7439223.0
2022-12-13,29.52,29.73,28.71,28.87,7512879.0
2022-12-14,28.59,29.05,28.12,28.36,6799441.0
2022-12-15,27.71,27.87,26.7,26.84,10422314.0
2022-12-16,26.63,26.88,26.41,26.72,17947150.0
2022-12-19,26.76,26.94,26.28,26.56,5210303.0
2022-12-20,26.5,26.81,26.36,26.61,5336241.0
2022-12-21,26.78,27.0,26.65,26.69,4856493.0
2022-12-22,26.26,26.67,26.09,26.66,5460857.0
2022-12-23,26.66,26.8,26.36,26.76,4085078.0
2022-12-27,26.77,27.17,26.61,27.07,5324996.0
2022-12-28,27.07,27.23,26.42,26.54,5358457.0
2022-12-29,26.86,27.3,26.85,27.04,4703386.0
2022-12-30,26.73,26.89,26.52,26.87,4245305.0
2023-01-03,27.0,27.25,26.58,26.75,6467297.0
2023-01-04,27.26,27.69,26.93,27.22,5823877.0
2023-01-05,27.04,27.42,26.86,27.21,4778679.0
2023-01-06,27.52,28.57,27.32,28.36,5501663.0
2023-01-09,28.63,29.18,28.48,28.64,5792006.0
2023-01-10,28.62,29.1,28.52,29.09,4372774.0
2023-01-11,29.06,29.09,28.54,28.83,6013733.0
2023-01-12,28.92,28.96,28.42,28.55,6110936.0
2023-01-13,28.3,28.31,27.62,27.91,7330082.0
2023-01-17,27.86,27.91,27.31,27.59,6452115.0
2023-01-18,27.66,28.03,27.46,27.53,5376259.0
2023-01-19,27.24,27.31,26.76,26.96,5430961.0
2023-01-20,27.02,27.94,26.88,27.91,6692433.0
2023-01-23,28.05,28.79,28.05,28.6,4780899.0
2023-01-24,28.5,28.61,28.27,28.4,4295793.0
2023-01-25,28.0,28.84,27.9,28.69,4646332.0
2023-01-26,28.98,29.01,28.41,29.01,4220437.0
2023-01-27,28.7,29.54,28.63,29.23,6954612.0
2023-01-30,28.9,29.13,28.78,28.82,4727800.0
2023-01-31,28.76,29.14,28.6,29.14,5884150.0
2023-02-01,29.04,29.93,28.9,29.87,5698738.0
2023-02-02,30.09,31.02,30.0,30.79,6461353.0
2023-02-03,30.36,30.91,30.33,30.51,4339343.0
2023-02-06,30.22,30.32,29.54,29.77,5145694.0
2023-02-07,29.66,30.06,29.34,30.0,5472269.0
2023-02-08,29.79,29.98,29.58,29.61,4341925.0
2023-02-09,30.0,30.15,29.43,29.66,3726458.0
2023-02-10,29.51,30.22,29.51,29.97,4136810.0
2023-02-13,29.86,30.35,29.8,30.34,4280906.0
2023-02-14,30.33,30.45,30.02,30.4,5647969.0
2023-02-15,30.07,30.55,30.05,30.53,4269659.0
2023-02-16,30.22,30.57,30.1,30.27,3514197.0
2023-02-17,30.08,30.24,29.74,30.16,5758266.0
2023-02-21,29.63,29.73,28.97,29.0,5779502.0
2023-02-22,29.03,29.39,28.92,29.08,5496815.0
2023-02-23,29.5,29.68,28.96,29.55,5787029.0
2023-02-24,29.1,29.38,28.94,29.22,6133754.0
2023-02-27,29.57,29.63,29.24,29.39,7270582.0
2023-02-28,29.36,30.26,29.22,29.52,15390880.0
2023-03-01,29.96,29.97,28.72,28.86,10330675.0
2023-03-02,28.68,28.89,28.15,28.81,7307422.0
2023-03-03,28.85,28.99,28.57,28.61,6968175.0
2023-03-06,28.87,29.09,28.5,28.57,7506449.0
2023-03-07,28.3,28.35,27.48,27.66,8361228.0
2023-03-08,27.8,28.28,27.6,28.27,5565028.0
2023-03-09,28.3,28.52,27.87,27.89,6341874.0
2023-03-10,27.83,27.84,27.05,27.45,6869211.0
2023-03-13,27.11,27.6,26.93,27.34,7435257.0
2023-03-14,27.87,28.28,27.58,27.81,6083129.0
2023-03-15,27.26,28.02,27.25,27.96,8857804.0
2023-03-16,27.6,28.4,27.51,28.31,8315422.0
2023-03-17,28.25,28.42,27.8,28.04,23967277.0
2023-03-20,28.18,28.66,28.04,28.19,7153274.0
2023-03-21,28.53,28.79,28.29,28.61,6421230.0
2023-03-22,28.6,28.66,27.83,27.85,5558054.0
2023-03-23,27.87,28.21,27.48,27.72,5651353.0
2023-03-24,27.56,27.76,27.24,27.72,5796401.0
2023-03-27,27.97,28.09,27.75,27.89,4041666.0
2023-03-28,27.77,27.8,27.42,27.63,4300871.0
2023-03-29,28.05,28.34,27.97,28.31,4755553.0
2023-03-30,28.63,28.95,28.54,28.9,4914024.0
2023-03-31,28.95,29.39,28.95,29.35,7653500.0
2023-04-03,29.34,29.97,29.27,29.89,6518949.0
2023-04-04,29.94,30.08,29.4,29.55,5134959.0
2023-04-05,29.36,29.71,29.19,29.41,5529789.0
2023-04-06,29.34,29.53,29.18,29.29,3968232.0
2023-04-10,29.17,29.75,29.12,29.74,5938062.0
2023-04-11,30.0,30.3,29.84,29.94,4717667.0
2023-04-12,30.15,30.15,29.57,29.66,6313708.0
2023-04-13,29.75,30.03,29.42,29.9,4606912.0
2023-04-14,29.87,30.63,29.68,29.82,6511228.0
2023-04-17,30.7,31.13,30.47,30.93,9530627.0
2023-04-18,31.09,31.47,31.0,31.22,7040267.0
2023-04-19,30.53,30.76,30.02,30.21,6095527.0
2023-04-20,29.79,30.06,29.52,29.63,5299994.0
2023-04-21,29.58,29.69,29.16,29.48,4776780.0
2023-04-24,29.44,29.72,29.25,29.47,4656841.0
2023-04-25,29.3,29.61,29.19,29.26,5337122.0
2023-04-26,29.08,29.21,28.72,28.96,5694600.0
2023-04-27,29.01,29.73,29.01,29.72,6091688.0
2023-04-28,29.79,30.07,29.51,29.71,6710522.0
2023-05-01,29.86,30.24,29.81,29.96,4737956.0
2023-05-02,30.37,30.48,29.52,30.12,6896028.0
2023-05-03,30.21,30.47,29.86,29.86,5708497.0
2023-05-04,29.64,29.76,29.27,29.4,4771705.0
2023-05-05,29.75,30.22,29.66,30.13,4592240.0
2023-05-08,30.25,30.34,29.94,30.19,4672579.0
2023-05-09,30.08,30.4,30.0,30.29,5547106.0
2023-05-10,30.6,30.68,29.5,29.86,5733196.0
2023-05-11,29.68,29.78,29.17,29.39,5564630.0
2023-05-12,29.35,29.35,28.53,28.9,7327976.0
2023-05-15,28.87,29.59,28.8,29.57,5953555.0
2023-05-16,29.67,30.01,29.53,29.66,6264117.0
2023-05-17,30.0,30.43,29.76,30.27,5741907.0
2023-05-18,30.25,30.77,30.1,30.74,4763994.0
2023-05-19,30.96,30.98,30.45,30.54,5223847.0
2023-05-22,30.49,30.8,30.29,30.71,5832326.0
2023-05-23,30.49,30.83,30.41,30.56,5110715.0
2023-05-24,30.42,30.42,29.83,30.0,5980144.0
2023-05-25,30.52,30.96,30.34,30.9,7596920.0
2023-05-26,31.0,31.4,30.87,31.3,8371229.0
2023-05-30,31.62,31.71,30.86,30.93,10566785.0
2023-05-31,29.77,30.27,28.73,29.06,30735518.0
2023-06-01,29.27,29.95,28.81,29.42,15653090.0
2023-06-02,29.52,30.79,29.52,30.55,10255704.0
2023-06-05,30.46,30.46,29.26,29.29,9679749.0
2023-06-06,29.12,29.91,29.06,29.65,6805672.0
2023-06-07,29.61,30.05,29.49,29.93,7268213.0
2023-06-08,30.03,30.2,29.56,30.04,5075058.0
2023-06-09,30.23,30.45,29.74,29.8,6441713.0
2023-06-12,29.95,30.54,29.89,30.44,8827214.0
2023-06-13,30.34,30.95,30.34,30.89,8963978.0
2023-06-14,30.91,31.11,30.76,30.95,14345403.0
2023-06-15,30.95,31.38,30.81,31.1,11344678.0
2023-06-16,31.21,31.27,30.77,31.0,13963264.0
2023-06-20,30.81,30.88,30.1,30.16,11900670.0
2023-06-21,29.99,30.12,29.65,29.85,10344912.0
2023-06-22,29.79,29.97,29.39,29.8,7169796.0
2023-06-23,29.46,29.77,29.32,29.61,14813912.0
2023-06-26,29.78,29.92,29.7,29.77,4905467.0
2023-06-27,29.8,29.96,29.54,29.84,6004350.0
2023-06-28,29.69,29.96,29.57,29.94,5646869.0
2023-06-29,30.0,30.45,29.94,30.32,7262926.0
2023-06-30,30.5,30.78,30.44,30.71,8796906.0
2023-07-03,30.7,30.87,30.57,30.75,3743141.0
2023-07-05,30.52,30.71,30.41,30.68,5289021.0
2023-07-06,30.31,30.91,30.24,30.9,6384754.0
2023-07-07,30.99,31.41,30.95,31.13,7796162.0
2023-07-10,31.13,31.54,31.03,31.54,5394623.0
2023-07-11,32.47,33.75,32.29,33.45,13731668.0
2023-07-12,33.78,33.9,32.89,32.9,7828254.0
2023-07-13,33.09,33.59,33.09,33.56,4335616.0
2023-07-14,33.4,33.41,32.7,32.79,4676590.0
2023-07-17,32.67,32.94,32.49,32.82,3861776.0
2023-07-18,32.79,32.9,32.46,32.78,5029465.0
2023-07-19,33.05,33.25,32.92,32.93,4690370.0
2023-07-20,32.76,32.83,32.24,32.56,5111101.0
2023-07-21,32.63,32.71,32.23,32.24,3482338.0
2023-07-24,32.37,32.7,32.25,32.43,3661746.0
2023-07-25,32.56,33.27,32.52,33.1,4693818.0
2023-07-26,32.9,33.23,32.86,33.04,4722744.0
2023-07-27,33.39,33.5,32.79,32.88,3881668.0
2023-07-28,33.19,33.24,32.56,32.63,3753079.0
2023-07-31,32.74,33.01,32.67,32.83,3739630.0
2023-08-01,32.57,33.05,32.55,32.95,3947246.0
2023-08-02,32.67,32.86,32.47,32.5,5172731.0
2023-08-03,32.28,32.89,32.15,32.7,4149929.0
2023-08-04,32.75,32.88,32.41,32.43,3685914.0
2023-08-07,32.65,33.03,32.61,32.75,4017370.0
2023-08-08,32.69,33.1,32.42,33.07,5331727.0
2023-08-09,32.98,33.13,32.75,32.81,4711986.0
2023-08-10,33.06,33.25,32.71,32.97,4483717.0
2023-08-11,32.86,33.23,32.75,32.77,4356914.0
2023-08-14,32.74,32.75,31.94,32.07,8870745.0
2023-08-15,31.82,32.14,31.72,31.84,5895666.0
2023-08-16,31.72,31.82,31.22,31.3,4525525.0
2023-08-17,31.4,31.47,30.87,30.96,6148696.0
2023-08-18,30.83,31.22,30.67,31.06,4850435.0
2023-08-21,31.07,31.35,31.04,31.29,3214474.0
2023-08-22,31.44,31.53,30.67,31.02,5082028.0
2023-08-23,31.22,31.37,30.9,31.15,5059085.0
2023-08-24,31.28,31.37,30.72,30.75,5164782.0
2023-08-25,31.08,31.08,30.36,30.84,5027015.0
2023-08-28,30.94,31.49,30.92,31.33,4288095.0
2023-08-29,31.36,31.86,31.26,31.37,9725960.0
2023-08-30,29.02,29.36,27.85,29.29,22465516.0
2023-08-31,29.3,29.82,29.17,29.71,9962553.0
2023-09-01,29.95,30.67,29.84,30.37,9619782.0
2023-09-05,30.17,30.38,29.88,30.14,8392209.0
2023-09-06,29.96,30.31,29.84,30.13,6534710.0
2023-09-07,29.79,30.02,29.25,29.32,9542463.0
2023-09-08,29.4,29.77,29.33,29.45,5942453.0
2023-09-11,29.7,29.91,29.53,29.56,7198687.0
2023-09-12,29.13,29.46,28.92,28.94,8773498.0
2023-09-13,28.92,29.08,28.32,28.33,12336506.0
2023-09-14,26.88,27.88,26.8,27.82,16424146.0
2023-09-15,27.88,27.88,27.1,27.34,14900388.0
2023-09-18,27.26,27.48,27.12,27.32,10290111.0
2023-09-19,27.35,27.66,27.29,27.57,8444767.0
2023-09-20,27.7,27.74,27.05,27.06,8057338.0
2023-09-21,27.06,27.24,26.78,26.8,7151780.0
2023-09-22,26.92,27.06,26.75,26.77,7017279.0
2023-09-25,26.18,26.92,26.1,26.3,9512077.0
2023-09-26,26.12,26.21,25.7,25.72,8797250.0
2023-09-27,25.85,25.98,25.57,25.64,6670779.0
2023-09-28,25.3,25.83,25.22,25.57,8527689.0
2023-09-29,25.74,26.17,25.67,25.7,12472635.0
2023-10-02,25.64,26.04,25.56,25.67,8547429.0
2023-10-03,26.14,26.61,26.03,26.13,14637266.0
2023-10-04,26.22,26.22,25.83,26.04,8431257.0
2023-10-05,25.86,26.38,25.86,26.23,11943882.0
2023-10-06,26.09,26.18,25.74,25.9,8406405.0
2023-10-09,25.86,26.23,25.59,26.08,7324050.0
2023-10-10,26.28,26.6,26.21,26.43,9998584.0
2023-10-11,26.6,27.05,26.47,26.83,11313986.0
2023-10-12,26.83,26.88,26.58,26.75,7050388.0
2023-10-13,26.72,26.79,26.4,26.5,6098066.0
2023-10-16,26.7,27.0,26.65,26.88,6655305.0
2023-10-17,26.71,27.24,26.67,27.1,7043462.0
2023-10-18,26.88,27.24,26.82,27.04,9127092.0
2023-10-19,27.0,27.1,26.35,26.45,7085496.0
2023-10-20,26.46,26.545,26.0,26.01,6036824.0
2023-10-23,25.94,26.21,25.69,25.88,4582821.0
2023-10-24,26.07,26.25,25.925,26.16,6426562.0
2023-10-25,26.0,26.26,25.9,26.03,4249695.0
2023-10-26,26.0,26.35,25.87,26.17,9205734.0
2023-10-27,26.26,26.29,25.67,25.84,5464120.0
2023-10-30,26.0,26.325,25.9,26.16,5454859.0
2023-10-31,26.01,26.4,25.955,26.33,8402662.0
2023-11-01,26.41,26.59,26.22,26.48,5966498.0
2023-11-02,26.84,27.0,26.67,26.84,5275908.0
2023-11-03,26.99,27.535,26.96,27.42,4662432.0
2023-11-06,27.5,27.57,27.25,27.33,5944260.0
2023-11-07,27.43,27.68,27.225,27.33,6699160.0
2023-11-08,27.37,27.48,27.0948,27.21,5493372.0
2023-11-09,27.31,27.3785,27.01,27.02,6569506.0
2023-11-10,27.17,27.62,27.025,27.62,10387252.0
2023-11-13,27.76,27.985,27.62,27.78,8606099.0
2023-11-14,28.24,28.52,28.16,28.28,7056069.0
2023-11-15,28.29,28.855,28.255,28.47,8460992.0
2023-11-16,28.47,28.585,27.93,28.21,8823201.0
2023-11-17,28.35,28.39,28.1,28.31,7957882.0
2023-11-20,28.08,28.25,27.855,27.99,8485504.0
2023-11-21,28.06,28.11,27.66,27.87,12902874.0
2023-11-22,28.46,29.2922,27.89,28.66,15778804.0
2023-11-24,28.54,28.825,28.44,28.64,4759207.0
2023-11-27,28.41,28.665,28.255,28.52,7704583.0
2023-11-28,28.44,28.675,28.32,28.64,5762202.0
2023-11-29,28.9,29.305,28.86,29.07,7267126.0
2023-11-30,29.32,29.38,29.02,29.34,12883018.0
2023-12-01,29.11,29.58,28.55,29.5,9599684.0
2023-12-04,29.24,29.4667,28.94,29.04,6105274.0
2023-12-05,28.92,29.156,28.8,28.86,13911839.0
2023-12-06,29.09,29.14,28.45,28.49,5372404.0
2023-12-07,28.71,29.52,28.71,29.41,13674172.0
2023-12-08,29.4,29.59,29.31,29.46,7563028.0
2023-12-11,29.9,30.56,29.8,30.37,14358643.0
2023-12-12,30.22,30.475,30.15,30.23,8908976.0
2023-12-13,30.23,30.335,29.78,30.15,10303313.0
2023-12-14,30.47,31.17,30.47,30.93,12597053.0
2023-12-15,30.93,30.95,30.335,30.78,28405226.0
2023-12-18,30.68,30.81,30.26,30.26,15426423.0
2023-12-19,30.46,30.68,30.22,30.28,7826953.0
2023-12-20,30.17,30.37,29.79,29.79,8750434.0
2023-12-21,30.08,30.221,29.91,30.14,6528410.0
2023-12-22,30.22,30.475,30.07,30.18,4476640.0
2023-12-26,30.14,30.55,30.06,30.41,4853431.0
2023-12-27,30.4,30.515,30.205,30.24,5127944.0
2023-12-28,30.15,30.24,29.95,30.18,5704872.0
2023-12-29,30.17,30.33,30.02,30.09,5201739.0
2024-01-02,29.82,30.065,29.6576,29.83,8773677.0
2024-01-03,29.66,30.1,29.48,29.9,8018431.0
2024-01-04,29.82,30.125,29.65,29.68,7727165.0
2024-01-05,29.6,30.22,29.54,29.95,6926034.0
2024-01-08,30.14,31.09,30.08,31.0,11378027.0
2024-01-09,30.7,30.815,30.14,30.16,8504493.0
2024-01-10,30.16,30.41,30.1,30.34,8686418.0
2024-01-11,30.46,30.6,29.82,30.0,8835428.0
2024-01-12,30.04,30.175,29.71,29.81,6883605.0
2024-01-16,29.5,29.56,29.01,29.09,6694916.0
2024-01-17,28.81,28.92,28.45,28.65,8053822.0
2024-01-18,28.91,28.91,28.45,28.65,8246443.0
2024-01-19,28.74,29.34,28.4,29.12,9801622.0
2024-01-22,29.3,29.555,29.14,29.18,8926212.0
2024-01-23,29.17,29.66,29.115,29.57,7559828.0
2024-01-24,29.77,29.915,29.5419,29.56,6920129.0
2024-01-25,29.66,30.01,29.5,29.71,8338199.0
2024-01-26,29.64,30.16,29.64,30.0,9325961.0
2024-01-29,30.0,30.01,29.14,29.24,8002634.0
2024-01-30,29.2,29.35,29.09,29.15,6618081.0
2024-01-31,28.94,29.155,28.685,28.71,10409588.0
2024-02-01,28.66,28.94,28.38,28.94,11987911.0
2024-02-02,28.77,28.82,28.445,28.68,7192961.0
2024-02-05,28.57,28.59,28.165,28.33,10526207.0
2024-02-06,28.35,28.55,28.145,28.29,7927418.0
2024-02-07,28.25,28.25,27.86,27.95,7357939.0
2024-02-08,28.0,28.3,27.93,28.29,4639186.0
2024-02-09,28.28,28.52,28.19,28.42,4851815.0
2024-02-12,28.42,28.8,28.39,28.69,4896378.0
2024-02-13,28.32,28.4,27.89,28.14,6505796.0
2024-02-14,29.01,29.08,28.335,28.58,6547405.0
2024-02-15,28.58,29.09,28.58,29.03,7071780.0
2024-02-16,28.99,29.095,28.525,28.58,5681491.0
2024-02-20,28.38,28.75,28.34,28.63,5677878.0
2024-02-21,28.54,28.65,28.2625,28.43,7580404.0
2024-02-22,28.49,29.1,28.49,28.95,6275673.0
2024-02-23,29.13,29.33,28.985,29.27,5547071.0
2024-02-26,29.31,29.49,28.78,28.8,9430811.0
2024-02-27,28.96,28.9799,28.66,28.83,6683311.0
2024-02-28,28.72,29.09,28.68,28.72,10811111.0
2024-02-29,27.86,29.07,27.6582,28.33,22925245.0
2024-03-01,29.0,29.63,28.89,29.41,13170641.0
2024-03-04,29.35,29.595,28.99,29.06,10321882.0
2024-03-05,28.98,29.45,28.87,29.13,10274320.0
2024-03-06,29.48,30.5,29.41,30.23,14187957.0
2024-03-07,30.36,30.95,30.1455,30.56,14006708.0
2024-03-08,30.74,31.05,30.55,30.74,11435608.0
2024-03-11,30.61,30.93,30.385,30.86,7028863.0
2024-03-12,30.61,30.79,30.19,30.5,13376831.0
2024-03-13,30.5,30.945,30.3,30.75,8006357.0
2024-03-14,30.8,30.92,30.355,30.61,9767158.0
2024-03-15,30.45,30.9559,30.4,30.42,15269674.0
2024-03-18,30.39,30.47,29.61,29.94,9223677.0
2024-03-19,29.81,29.89,29.5,29.82,6113584.0
2024-03-20,29.7,29.77,29.33,29.68,5292691.0
2024-03-21,29.85,30.385,29.7,30.08,6699345.0
2024-03-22,30.11,30.24,29.95,30.05,4796906.0
2024-03-25,29.89,30.06,29.81,29.88,6904839.0
2024-03-26,30.05,30.14,29.98,29.99,6167073.0
2024-03-27,30.19,30.2,29.725,30.12,6440965.0
2024-03-28,30.12,30.37,30.03,30.22,5954070.0
2024-04-01,30.25,30.56,30.22,30.38,6811865.0
2024-04-02,30.16,30.35,29.54,29.56,6127599.0
2024-04-03,29.47,30.09,29.42,29.66,6862822.0
2024-04-04,30.05,30.4,29.59,29.64,5402082.0
2024-04-05,29.53,29.6,29.05,29.11,5160763.0
2024-04-08,29.28,29.43,29.12,29.31,5210303.0
2024-04-09,29.44,29.98,29.37,29.97,6593714.0
2024-04-10,29.5,29.85,28.92,28.95,6664821.0
2024-04-11,29.06,29.28,28.68,29.23,5519864.0
2024-04-12,28.99,29.18,28.36,28.53,7626113.0
2024-04-15,28.77,28.9,27.91,27.96,6224193.0
2024-04-16,27.98,28.04,27.55,27.79,7086643.0
2024-04-17,27.95,28.21,27.63,27.69,6144063.0
2024-04-18,27.69,28.02,27.51,27.62,4525451.0
2024-04-19,27.66,27.94,27.57,27.81,4770045.0
2024-04-22,28.0,28.1,27.5,27.7,5156331.0
2024-04-23,27.69,27.85,27.58,27.67,6116240.0
2024-04-24,27.81,28.59,27.43,28.1,14491946.0
2024-04-25,27.97,28.3,27.76,28.13,5032707.0
2024-04-26,28.13,28.39,27.96,28.0,5356232.0
2024-04-29,28.12,28.45,28.12,28.27,5807143.0
2024-04-30,28.05,28.44,28.03,28.09,5557719.0
2024-05-01,28.0,28.08,27.61,27.75,6137292.0
2024-05-02,27.98,28.03,27.52,27.94,4828792.0
2024-05-03,28.28,28.5,28.01,28.18,6648325.0
2024-05-06,28.33,28.44,28.22,28.42,4354636.0
2024-05-07,28.57,28.8,28.245,28.41,3952905.0
2024-05-08,28.38,29.58,28.38,29.44,8796623.0
2024-05-09,29.39,29.68,29.33,29.65,6431701.0
2024-05-10,29.84,29.88,29.62,29.72,4973216.0
2024-05-13,29.84,30.23,29.81,29.94,5568188.0
2024-05-14,30.14,30.915,30.02,30.76,8018007.0
2024-05-15,31.0,31.395,30.99,31.36,6480403.0
2024-05-16,31.26,31.345,31.0,31.07,5737402.0
2024-05-17,31.23,31.28,31.01,31.19,4618148.0
2024-05-20,31.38,31.9295,31.26,31.82,5590982.0
2024-05-21,31.95,32.85,31.89,32.69,8201355.0
2024-05-22,32.76,33.27,32.75,33.01,7717594.0
2024-05-23,33.18,33.38,32.585,32.65,6822727.0
2024-05-24,32.78,32.92,32.53,32.75,6503786.0
2024-05-28,32.89,33.4499,32.85,33.14,8019523.0
2024-05-29,32.78,33.33,32.41,32.8,12481179.0
2024-05-30,34.4,39.52,34.4,38.36,38267172.0
2024-05-31,37.59,37.62,34.91,36.5,29951950.0
2024-06-03,36.5,36.75,34.84,35.32,12390410.0
2024-06-04,35.21,35.88,35.16,35.35,9633378.0
2024-06-05,35.76,36.035,35.24,35.63,8143804.0
2024-06-06,35.63,36.4999,35.58,36.18,9319514.0
2024-06-07,36.09,36.79,36.04,36.45,8718613.0
2024-06-10,36.3,36.35,35.49,36.18,8796494.0
2024-06-11,36.15,36.47,35.88,36.32,7708825.0
2024-06-12,36.61,36.975,36.235,36.3,7372453.0
2024-06-13,36.28,36.78,36.095,36.45,6847453.0
2024-06-14,36.22,36.63,35.435,35.51,8582294.0
2024-06-17,35.61,36.09,35.22,35.93,7500107.0
2024-06-18,36.11,36.8,35.925,36.75,9607389.0
2024-06-20,36.86,37.18,36.105,36.24,9202372.0
2024-06-21,36.1,36.64,35.85,36.37,17244438.0
2024-06-24,36.35,36.9,36.15,36.3,5496051.0
2024-06-25,36.14,36.46,36.02,36.27,6002826.0
2024-06-26,36.12,36.15,34.77,35.09,9658302.0
2024-06-27,35.19,35.3,34.645,34.71,5716634.0
2024-06-28,34.9,35.38,34.77,35.02,14542947.0
2024-07-01,35.2,35.23,34.71,34.97,4952843.0
2024-07-02,34.75,35.13,34.4,34.8,5834516.0
2024-07-03,34.9,35.09,34.715,34.85,3957554.0
2024-07-05,34.89,34.9,34.39,34.63,4365506.0
2024-07-08,34.85,35.5,34.8,35.32,6511227.0
2024-07-09,35.27,35.62,35.15,35.42,5153020.0
2024-07-10,35.72,36.1,35.515,36.07,5344652.0
2024-07-11,36.2,36.55,36.025,36.1,6723518.0
2024-07-12,36.23,36.91,35.93,36.73,6599784.0
2024-07-15,36.43,37.35,36.41,37.34,5720687.0
2024-07-16,37.6,38.13,37.49,38.0,8570932.0
2024-07-17,37.6,38.42,37.37,38.11,8906701.0
2024-07-18,38.07,38.185,37.22,37.38,5895421.0
2024-07-19,37.41,37.44,36.875,37.15,4773532.0
2024-07-22,37.62,38.04,37.4229,38.02,4519857.0
2024-07-23,37.78,38.14,37.6501,37.71,4472835.0
2024-07-24,37.58,38.12,37.5,37.82,6310369.0
2024-07-25,37.61,37.79,36.2,36.25,8589652.0
2024-07-26,36.54,36.75,36.195,36.34,7299553.0
2024-07-29,36.4,36.425,35.75,36.13,4788396.0
2024-07-30,36.13,36.3,35.14,35.52,6915689.0
2024-07-31,35.97,36.36,35.74,36.09,8189938.0
2024-08-01,35.975,36.29,34.99,35.17,5437450.0
2024-08-02,34.41,34.56,33.555,33.72,6488399.0
2024-08-05,32.58,32.98,32.16,32.75,7339279.0
2024-08-06,32.85,33.1952,32.52,32.72,6154398.0
2024-08-07,32.91,33.08,31.951,32.02,7603662.0
2024-08-08,32.29,33.09,32.29,33.02,5909022.0
2024-08-09,32.86,33.89,32.86,33.54,6605474.0
2024-08-12,33.63,34.17,33.58,33.78,5608992.0
2024-08-13,34.01,34.78,33.97,34.76,6477288.0
2024-08-14,34.76,35.015,34.54,34.75,5158289.0
2024-08-15,35.2,35.559,35.15,35.49,4847692.0
2024-08-16,35.48,36.03,35.405,35.91,5580319.0
2024-08-19,34.62,35.29,34.28,34.6,9622000.0
2024-08-20,34.6,35.0499,34.59,34.81,6885161.0
2024-08-21,35.0,35.325,34.815,35.27,4676941.0
2024-08-22,35.31,35.6789,35.0,35.08,4955287.0
2024-08-23,35.33,36.17,35.32,35.66,6319558.0
2024-08-26,35.85,36.16,35.34,35.57,5415175.0
2024-08-27,35.5,35.68,35.34,35.6,6473628.0
2024-08-28,35.52,35.7,34.64,34.76,12074191.0
2024-08-29,34.11,36.8699,33.8,35.46,18740425.0
2024-08-30,35.65,36.25,35.46,36.18,12068548.0
2024-09-03,35.99,36.17,35.14,35.38,9151705.0
2024-09-04,35.35,35.64,35.145,35.33,6514148.0
2024-09-05,34.84,35.03,34.34,34.4,6862099.0
2024-09-06,34.27,34.635,33.765,33.82,7995931.0
2024-09-09,34.28,34.83,34.02,34.18,9803664.0
2024-09-10,34.02,34.18,33.37,33.47,7862873.0
2024-09-11,33.18,33.43,32.685,33.37,7186780.0
2024-09-12,33.24,33.4,32.95,33.1,6508767.0
2024-09-13,33.2,33.5475,33.135,33.32,5924140.0
2024-09-16,33.19,33.85,33.14,33.76,7775860.0
2024-09-17,34.05,34.905,33.99,34.43,10054401.0
2024-09-18,34.6,34.98,34.3,34.53,7077841.0
2024-09-19,35.1,35.216,34.8,34.82,7466652.0
2024-09-20,34.71,34.92,34.385,34.76,37215904.0
2024-09-23,34.79,35.245,34.63,35.11,7951706.0
2024-09-24,35.26,35.88,35.25,35.84,6576949.0
2024-09-25,36.0,36.41,35.93,36.05,6621992.0
2024-09-26,36.48,36.93,36.07,36.85,6278140.0
2024-09-27,35.76,36.08,35.1054,35.41,9961735.0
2024-09-30,35.5,35.99,35.5,35.87,8304145.0
2024-10-01,35.04,35.19,34.15,34.76,10361052.0
2024-10-02,34.79,35.475,34.46,35.18,8804140.0
2024-10-03,35.065,35.61,34.98,35.6,7227000.0
2024-10-04,36.0,36.11,35.5601,35.99,5116858.0
2024-10-07,35.97,36.23,35.715,35.91,4301808.0
2024-10-08,35.8,36.155,35.21,36.0,8667216.0
2024-10-09,35.98,36.815,35.8558,36.58,5376432.0
2024-10-10,36.56,36.86,36.415,36.75,4763420.0
2024-10-11,36.94,37.48,36.86,37.01,5832183.0
2024-10-14,37.0,37.465,36.91,37.44,5059911.0
2024-10-15,37.55,37.97,36.845,36.97,6502101.0
2024-10-16,37.04,37.29,37.04,37.18,3413730.0
2024-10-17,37.29,37.87,37.06,37.58,7099544.0
2024-10-18,37.7,37.805,37.155,37.28,4726628.0
2024-10-21,37.34,37.545,36.45,36.46,5593861.0
2024-10-22,36.32,36.37,35.9,36.23,4919130.0
2024-10-23,36.01,36.275,35.565,35.85,4665082.0
2024-10-24,35.95,36.53,35.65,36.47,5931224.0
2024-10-25,36.48,37.255,36.48,36.88,5018346.0
2024-10-28,37.0,37.635,36.965,37.42,5286111.0
2024-10-29,37.43,37.43,37.04,37.06,4937609.0
2024-10-30,37.04,37.26,36.53,36.54,5687553.0
2024-10-31,36.36,36.41,35.39,35.52,6620860.0
2024-11-01,35.49,36.575,35.485,36.28,6360754.0
2024-11-04,36.27,36.4576,35.8,35.99,9533884.0
2024-11-05,36.0,36.655,35.94,36.64,4162772.0
2024-11-06,37.44,37.53,35.8917,36.91,9571024.0
2024-11-07,36.81,37.6,36.72,37.34,5801586.0
2024-11-08,37.2,37.32,36.68,36.82,5489608.0
2024-11-11,36.99,38.6699,36.8,37.67,10160411.0
2024-11-12,37.45,37.93,37.1,37.11,6793813.0
2024-11-13,37.14,37.24,36.73,36.81,6087806.0
2024-11-14,36.85,37.1,36.47,36.49,6044436.0
2024-11-15,36.38,36.935,36.33,36.72,7231250.0
2024-11-18,36.92,37.725,36.845,37.43,7624542.0
2024-11-19,37.07,37.24,36.703,36.87,4665433.0
2024-11-20,36.87,36.98,36.425,36.68,4928961.0
2024-11-21,36.77,37.96,36.73,37.91,5969406.0
2024-11-22,37.96,38.65,37.88,38.13,6961026.0
2024-11-25,38.49,39.795,38.22,39.3,14160190.0
2024-11-26,39.25,39.62,38.94,39.1,12112423.0
2024-11-27,36.56,37.5,33.535,34.66,27423768.0
2024-11-29,34.25,35.88,34.25,35.43,8111412.0
2024-12-02,35.75,36.6,35.22,36.45,11320876.0
2024-12-03,36.375,36.92,35.89,36.79,7311573.0
2024-12-04,36.89,36.93,35.955,36.36,8735944.0
2024-12-05,36.58,36.62,36.03,36.17,8251449.0
2024-12-06,36.45,36.6,35.895,36.2,6583330.0
2024-12-09,36.28,36.81,36.12,36.45,6308421.0
2024-12-10,36.15,36.265,34.9,34.94,8015727.0
2024-12-11,34.85,34.9,34.35,34.55,8183337.0
2024-12-12,34.47,35.14,34.26,34.98,5143652.0
2024-12-13,35.06,35.08,34.345,34.55,5101385.0
2024-12-16,34.4,34.78,34.05,34.19,8182390.0
2024-12-17,33.52,34.36,33.3278,33.84,8290767.0
2024-12-18,33.98,34.067,32.44,32.49,10392460.0
2024-12-19,32.57,33.14,32.27,32.46,7615690.0
2024-12-20,32.29,33.1901,32.14,32.94,17752749.0
2024-12-23,32.84,33.26,32.65,33.23,5241806.0
2024-12-24,33.33,33.47,33.17,33.44,2083428.0
2024-12-26,33.34,33.65,33.27,33.43,3062667.0
2024-12-27,33.29,33.39,32.97,33.28,4423615.0
2024-12-30,32.84,32.8677,32.205,32.63,4242698.0
2024-12-31,32.825,32.915,32.435,32.63,4126635.0
2025-01-02,32.69,32.83,32.285,32.47,4660687.0
2025-01-03,32.83,33.15,32.58,33.14,5451424.0
2025-01-06,33.53,34.17,33.41,33.87,7757258.0
2025-01-07,34.02,34.45,33.445,33.67,5343720.0
2025-01-08,33.5,33.55,33.002,33.45,4891810.0
2025-01-10,33.11,33.445,32.89,33.2,6222540.0
2025-01-13,33.09,33.09,32.47,32.62,7063047.0
2025-01-14,32.9,33.15,32.37,32.67,5517981.0
2025-01-15,33.37,33.545,32.695,32.79,7227047.0
2025-01-16,32.72,32.73,32.34,32.35,7973474.0
2025-01-17,32.72,33.0,32.5,32.51,8455648.0
2025-01-21,32.42,32.98,32.22,32.95,7758127.0
2025-01-22,33.04,33.57,32.835,33.13,5184539.0
2025-01-23,33.08,33.53,32.76,33.38,4623475.0
2025-01-24,33.51,33.5197,32.63,32.73,4048765.0
2025-01-27,32.53,33.36,32.31,33.33,10176987.0
2025-01-28,33.19,33.2,32.29,32.74,5955754.0
2025-01-29,33.05,33.055,32.555,32.61,3838486.0
2025-01-30,33.02,33.08,32.685,32.8,3611660.0
2025-01-31,32.98,33.325,32.425,32.5,6179042.0
2025-02-03,31.71,32.38,31.05,32.0,8205695.0
2025-02-04,31.96,32.36,31.78,32.01,5050391.0
2025-02-05,32.01,32.58,32.01,32.57,5518031.0
2025-02-06,32.59,32.74,32.385,32.6,6197093.0
2025-02-07,32.85,32.97,32.14,32.27,4382392.0
2025-02-10,32.59,33.095,32.38,32.82,5424169.0
2025-02-11,32.655,33.29,32.52,33.15,4384398.0
2025-02-12,32.83,33.25,32.505,33.04,4312315.0
2025-02-13,33.1,33.34,32.9108,33.3,5393495.0
2025-02-14,33.38,33.81,33.34,33.64,4183272.0
2025-02-18,33.87,34.23,33.605,34.2,5309262.0
2025-02-19,34.185,34.86,34.0874,34.68,5665966.0
2025-02-20,34.85,34.9,34.38,34.72,5006873.0
2025-02-21,34.91,34.95,34.4753,34.63,7214053.0
2025-02-24,34.84,35.275,34.67,34.67,7142568.0
2025-02-25,34.78,35.01,34.01,34.1,7036089.0
2025-02-26,33.97,34.0706,33.59,33.83,7037751.0
2025-02-27,33.69,33.9,33.11,33.13,10360143.0
2025-02-28,31.43,31.43,29.98,30.87,23233205.0
2025-03-03,31.08,31.43,29.91,30.04,8299681.0
2025-03-04,29.92,30.13,29.175,29.29,9602224.0
2025-03-05,29.5,29.81,29.18,29.52,8940040.0
2025-03-06,29.25,30.02,29.24,29.97,10136758.0
2025-03-07,29.83,30.61,29.63,30.54,10995414.0
2025-03-10,30.31,30.5,29.6,29.98,8850925.0
2025-03-11,29.83,29.89,28.565,28.62,10783541.0
2025-03-12,28.51,28.59,27.82,28.47,9173397.0
2025-03-13,28.5,28.85,27.67,27.91,6882521.0
2025-03-14,28.25,28.535,28.115,28.41,5385716.0
2025-03-17,28.395,28.96,28.38,28.91,6395556.0
2025-03-18,28.76,28.8691,28.54,28.7,5001405.0
2025-03-19,28.8,29.01,28.49,28.76,7905879.0
2025-03-20,28.6,28.89,28.48,28.51,5525448.0
2025-03-21,28.24,28.68,27.95,28.68,23907492.0
2025-03-24,29.06,29.175,28.67,29.0,5804627.0
2025-03-25,29.05,29.13,28.6,28.81,6053797.0
2025-03-26,28.805,29.01,28.53,28.71,6371465.0
2025-03-27,28.49,28.78,28.285,28.65,6106468.0
2025-03-28,28.39,28.6505,27.79,27.9,5452032.0
2025-03-31,27.455,27.79,27.3,27.69,8946462.0
2025-04-01,27.88,27.9599,27.455,27.79,6494566.0
2025-04-02,27.49,28.065,27.49,27.88,6050072.0
2025-04-03,25.88,25.94,22.945,23.78,23089218.0
2025-04-04,23.32,23.46,21.96,22.61,22864850.0
2025-04-07,21.82,24.06,21.59,23.38,21901143.0
2025-04-08,23.7,23.82,21.51,21.88,17963265.0
2025-04-09,21.5,24.335,21.21,24.28,19749472.0
2025-04-10,23.42,23.66,22.32,22.87,11304373.0
2025-04-11,22.99,23.47,22.4,23.44,10167823.0
2025-04-14,24.69,25.1092,23.65,24.04,10638399.0
2025-04-15,24.0,24.27,23.51,23.74,9162384.0
2025-04-16,23.38,23.7899,23.0711,23.47,7280722.0
2025-04-17,23.72,23.9997,23.55,23.83,6785871.0
2025-04-21,23.45,23.825,23.105,23.75,8812510.0
2025-04-22,24.02,24.25,23.775,24.18,6415606.0
2025-04-23,25.11,25.58,24.49,24.63,7287930.0
2025-04-24,24.74,25.35,24.55,25.33,6542698.0
2025-04-25,25.33,25.52,25.06,25.28,5023445.0
