Date,open,high,low,close,volume
2015-04-27,505.92,511.81,499.75,500.52,308763.0
2015-04-28,501.0,508.36,493.93,504.94,344287.0
2015-04-29,504.94,505.33,495.0,499.53,248460.0
2015-04-30,498.89,499.12,491.49,495.98,322100.0
2015-05-01,494.51,499.4,492.83,497.71,280815.0
2015-05-04,500.0,501.57,493.0,498.36,270863.0
2015-05-05,495.53,498.36,492.25,492.96,266768.0
2015-05-06,494.35,496.75,482.87,488.71,416015.0
2015-05-07,489.13,495.37,485.52,489.13,295431.0
2015-05-08,493.46,495.35,488.95,494.08,247159.0
2015-05-11,493.82,498.31,489.03,496.37,290799.0
2015-05-12,493.0,499.15,490.46,494.84,337509.0
2015-05-13,494.09,500.42,493.13,498.45,286030.0
2015-05-14,500.74,505.95,495.81,502.35,300219.0
2015-05-15,504.86,504.86,499.42,503.66,199475.0
2015-05-18,502.65,504.4,500.1,502.65,231464.0
2015-05-19,503.32,503.99,499.63,502.86,151694.0
2015-05-20,504.0,504.06,491.17,492.37,355650.0
2015-05-21,490.98,497.4,490.75,494.95,203732.0
2015-05-22,494.79,497.97,492.65,495.27,204547.0
2015-05-26,494.0,494.23,486.45,487.17,227055.0
2015-05-27,487.16,494.04,485.5,493.66,304173.0
2015-05-28,491.52,492.99,484.41,485.8,291039.0
2015-05-29,486.06,493.0,483.34,487.81,420236.0
2015-06-01,491.36,509.58,489.34,502.18,568153.0
2015-06-02,500.54,500.94,496.0,499.13,237135.0
2015-06-03,498.94,502.38,495.88,501.06,140272.0
2015-06-04,498.73,499.6,493.72,496.24,149519.0
2015-06-05,497.34,498.34,491.11,495.08,117336.0
2015-06-08,495.93,498.62,489.96,490.56,157881.0
2015-06-09,489.44,498.72,487.43,497.22,277184.0
2015-06-10,497.75,507.94,494.5,504.23,364619.0
2015-06-11,502.39,508.78,497.41,498.22,288421.0
2015-06-12,495.55,497.89,491.44,495.66,270268.0
2015-06-15,493.28,495.58,487.03,491.68,188887.0
2015-06-16,492.49,495.7,490.26,490.83,159589.0
2015-06-17,491.97,497.64,487.0,488.83,318382.0
2015-06-18,491.32,497.38,489.67,495.78,230449.0
2015-06-19,495.73,498.73,492.96,494.56,339241.0
2015-06-22,497.75,501.83,494.65,499.45,189480.0
2015-06-23,498.57,503.35,496.0,496.62,176544.0
2015-06-24,497.67,499.94,492.34,492.45,122236.0
2015-06-25,493.15,505.0,493.15,494.86,258267.0
2015-06-26,497.43,503.23,495.36,497.17,276096.0
2015-06-29,491.91,495.2,483.28,484.04,193085.0
2015-06-30,488.42,488.42,480.09,484.26,319790.0
2015-07-01,487.43,490.25,482.78,485.88,277273.0
2015-07-02,487.86,488.24,482.1,486.09,217073.0
2015-07-06,477.63,482.61,470.79,478.15,469166.0
2015-07-07,480.44,481.94,471.13,481.8,183354.0
2015-07-08,480.36,484.22,474.72,478.65,203101.0
2015-07-09,484.89,486.56,479.57,481.47,134058.0
2015-07-10,486.5,489.18,484.0,487.78,121138.0
2015-07-13,481.05,499.08,481.05,497.44,219975.0
2015-07-14,499.0,499.4,488.65,492.17,323648.0
2015-07-15,493.41,496.16,488.96,490.48,322525.0
2015-07-16,492.81,494.36,488.76,490.26,219660.0
2015-07-17,489.91,491.8,486.84,489.81,295402.0
2015-07-20,489.41,498.98,487.43,497.61,218874.0
2015-07-21,497.69,507.69,495.96,505.09,373112.0
2015-07-22,561.0,564.85,547.38,549.88,1291807.0
2015-07-23,549.99,560.57,545.56,557.2,494433.0
2015-07-24,529.09,552.6,523.54,546.23,679106.0
2015-07-27,539.25,545.5,537.8,544.0,467899.0
2015-07-28,541.3,543.5,538.0,540.28,354123.0
2015-07-29,538.6,544.36,535.82,539.95,181614.0
2015-07-30,540.11,541.72,536.14,539.62,180137.0
2015-07-31,540.08,540.08,531.99,533.0,239913.0
2015-08-03,531.66,533.49,521.15,526.5,326632.0
2015-08-04,524.16,528.97,522.16,526.76,181442.0
2015-08-05,529.35,534.45,529.35,531.09,185270.0
2015-08-06,529.66,532.52,523.5,524.07,174592.0
2015-08-07,524.14,533.99,521.13,533.6,240828.0
2015-08-10,533.95,534.0,529.08,532.26,284171.0
2015-08-11,532.0,534.0,525.92,529.91,185849.0
2015-08-12,527.91,530.41,525.0,529.28,285801.0
2015-08-13,528.82,531.59,525.8,527.87,173081.0
2015-08-14,528.3,530.35,525.32,529.87,123129.0
2015-08-17,527.92,533.7,523.01,533.11,154079.0
2015-08-18,534.26,534.26,528.53,529.7,145483.0
2015-08-19,530.7,530.7,522.84,526.62,272559.0
2015-08-20,522.08,524.58,513.83,514.22,233012.0
2015-08-21,509.64,514.05,502.83,506.54,347849.0
2015-08-24,481.63,500.11,475.03,490.81,491016.0
2015-08-25,500.0,509.91,493.0,494.46,489578.0
2015-08-26,506.19,508.79,495.96,508.45,322399.0
2015-08-27,512.7,515.69,509.69,515.57,242562.0
2015-08-28,512.39,516.49,510.79,514.24,135721.0
2015-08-31,512.18,517.7,510.45,510.76,227635.0
2015-09-01,501.99,508.95,498.0,503.5,397030.0
2015-09-02,508.59,511.13,503.83,511.13,228979.0
2015-09-03,511.84,521.63,510.03,513.75,253304.0
2015-09-04,507.99,511.57,506.24,508.4,209101.0
2015-09-08,515.35,521.42,513.12,520.68,248128.0
2015-09-09,523.15,523.69,508.55,509.97,286321.0
2015-09-10,509.28,517.0,501.01,511.54,184121.0
2015-09-11,510.41,517.91,506.94,515.26,202991.0
2015-09-14,515.7,515.7,507.39,510.58,178412.0
2015-09-15,508.74,517.12,507.01,513.77,191136.0
2015-09-16,513.72,515.44,510.66,514.5,127097.0
2015-09-17,515.5,526.49,515.5,519.22,209427.0
2015-09-18,515.89,518.23,510.87,511.46,404372.0
2015-09-21,512.05,514.52,501.5,504.94,365966.0
2015-09-22,501.34,504.04,488.8,494.21,502720.0
2015-09-23,493.79,495.82,488.8,489.88,384820.0
2015-09-24,487.59,492.81,486.0,491.17,207387.0
2015-09-25,492.99,494.8,473.73,475.7,331888.0
2015-09-28,475.27,475.66,461.29,463.64,503981.0
2015-09-29,466.07,469.27,450.58,455.34,476410.0
2015-09-30,459.51,466.0,456.85,459.27,345679.0
2015-10-01,459.99,461.5,448.82,455.57,504495.0
2015-10-02,451.98,465.24,450.01,465.03,693382.0
2015-10-05,469.25,476.5,464.01,468.81,376540.0
2015-10-06,466.69,467.12,455.51,459.91,232252.0
2015-10-07,460.54,467.21,458.27,466.7,257398.0
2015-10-08,464.84,469.17,460.96,468.41,251672.0
2015-10-09,467.94,476.35,464.29,469.37,247954.0
2015-10-12,468.44,468.56,459.05,460.84,382171.0
2015-10-13,453.51,462.46,447.0,456.41,472502.0
2015-10-14,457.11,459.75,451.5,454.86,367972.0
2015-10-15,457.09,464.01,451.76,462.12,295213.0
2015-10-16,465.78,468.16,461.05,467.33,223050.0
2015-10-19,467.56,480.04,467.36,478.44,468713.0
2015-10-20,478.0,480.37,471.01,473.01,521047.0
2015-10-21,518.95,519.98,498.36,499.41,1133060.0
2015-10-22,501.63,501.92,483.11,496.18,689773.0
2015-10-23,497.27,505.55,495.9,500.03,495632.0
2015-10-26,499.56,500.25,493.71,496.55,250495.0
2015-10-27,495.75,499.12,492.4,497.09,174708.0
2015-10-28,497.3,500.46,492.22,499.82,278037.0
2015-10-29,499.44,502.41,495.05,500.28,265482.0
2015-10-30,500.56,504.97,496.34,496.34,352491.0
2015-11-02,497.1,504.99,496.81,503.93,241576.0
2015-11-03,503.66,506.9,499.28,503.41,283765.0
2015-11-04,502.5,505.46,500.11,501.43,225696.0
2015-11-05,501.85,504.33,496.0,499.35,326766.0
2015-11-06,495.36,502.45,495.06,500.96,208555.0
2015-11-09,500.95,503.99,496.09,498.04,209049.0
2015-11-10,498.99,503.57,495.38,502.56,272016.0
2015-11-11,503.41,504.52,497.87,498.61,244098.0
2015-11-12,501.07,503.5,498.84,500.0,349992.0
2015-11-13,498.33,504.0,496.0,498.79,325761.0
2015-11-16,498.33,502.86,498.26,500.91,268452.0
2015-11-17,499.96,504.72,497.22,498.51,226981.0
2015-11-18,498.55,508.35,497.69,507.36,303691.0
2015-11-19,507.2,507.2,501.47,504.17,210681.0
2015-11-20,507.67,516.9,507.16,516.57,403607.0
2015-11-23,515.69,521.95,515.69,519.09,382450.0
2015-11-24,517.22,520.99,512.78,516.74,297913.0
2015-11-25,517.28,520.0,515.01,517.87,160367.0
2015-11-27,519.1,521.05,516.88,519.24,77594.0
2015-11-30,520.9,522.69,517.81,520.25,234152.0
2015-12-01,521.03,524.75,516.57,522.25,311319.0
2015-12-02,522.71,524.83,516.79,517.56,216281.0
2015-12-03,517.69,520.9,504.05,508.72,311433.0
2015-12-04,509.41,523.87,509.41,521.4,234110.0
2015-12-07,520.0,527.89,518.94,522.91,369668.0
2015-12-08,520.09,522.3,512.4,513.14,294335.0
2015-12-09,511.91,516.97,508.99,513.65,247020.0
2015-12-10,511.62,529.88,509.12,526.04,322001.0
2015-12-11,520.22,529.52,519.6,523.47,400382.0
2015-12-14,522.97,533.04,521.1,529.14,387460.0
2015-12-15,530.53,543.06,524.92,536.67,445492.0
2015-12-16,540.87,546.86,534.32,545.13,258739.0
2015-12-17,544.08,547.94,536.91,538.85,274872.0
2015-12-18,534.69,543.34,533.08,534.73,565312.0
2015-12-21,536.39,539.99,533.75,539.32,256490.0
2015-12-22,541.65,544.34,535.82,541.45,208346.0
2015-12-23,544.98,548.98,539.68,547.73,221097.0
2015-12-24,548.67,549.0,545.37,547.45,102124.0
2015-12-28,546.58,549.5,542.57,547.11,160092.0
2015-12-29,549.77,556.6,548.01,553.37,273130.0
2015-12-30,554.97,555.63,551.32,552.51,189540.0
2015-12-31,550.61,552.88,545.75,546.51,179843.0
2016-01-04,547.16,549.83,538.8,547.38,531311.0
2016-01-05,549.05,554.04,544.0,551.96,364065.0
2016-01-06,547.3,556.74,543.05,553.24,503987.0
2016-01-07,545.46,556.55,536.36,537.12,588621.0
2016-01-08,539.66,543.16,533.01,536.54,336682.0
2016-01-11,540.56,547.27,530.79,539.22,460292.0
2016-01-12,544.66,547.13,535.0,542.12,304575.0
2016-01-13,562.44,572.01,544.36,545.22,947966.0
2016-01-14,549.29,557.47,538.13,556.12,582101.0
2016-01-15,540.24,558.0,539.94,557.25,588347.0
2016-01-19,558.54,566.35,552.53,556.49,532770.0
2016-01-20,552.34,561.79,538.02,554.48,517427.0
2016-01-21,556.51,559.9,541.63,555.6,671790.0
2016-01-22,568.88,580.0,555.95,566.11,747476.0
2016-01-25,563.88,570.6,556.75,558.16,460572.0
2016-01-26,550.0,554.99,541.93,545.24,439278.0
2016-01-27,546.24,547.55,531.97,534.02,366834.0
2016-01-28,535.65,538.86,520.5,526.59,441655.0
2016-01-29,527.59,541.24,527.59,540.85,467966.0
2016-02-01,539.0,546.35,537.66,543.16,329251.0
2016-02-02,539.42,544.87,534.08,539.35,235182.0
2016-02-03,543.48,545.31,532.07,545.1,317261.0
2016-02-04,543.65,553.95,537.12,551.93,425303.0
2016-02-05,551.0,554.43,533.95,536.24,645943.0
2016-02-08,530.56,530.56,502.03,507.28,644464.0
2016-02-09,507.14,520.5,502.01,508.82,459235.0
2016-02-10,510.04,528.92,510.04,524.41,341772.0
2016-02-11,514.33,525.0,514.33,521.55,339653.0
2016-02-12,523.15,534.52,517.21,531.28,223159.0
2016-02-16,536.0,536.0,525.64,535.16,335159.0
2016-02-17,535.54,542.5,532.0,541.86,315578.0
2016-02-18,540.86,544.93,538.1,542.62,250559.0
2016-02-19,538.65,547.05,530.46,546.34,261350.0
2016-02-22,549.0,552.0,543.4,551.51,249435.0
2016-02-23,547.15,553.0,544.1,548.9,234380.0
2016-02-24,544.01,554.98,544.01,553.65,369768.0
2016-02-25,555.0,559.78,546.45,559.28,437004.0
2016-02-26,560.0,570.11,556.99,567.47,673745.0
2016-02-29,566.47,569.87,562.46,563.06,471979.0
2016-03-01,564.23,574.5,561.39,571.49,517964.0
2016-03-02,567.37,574.5,567.33,573.81,552279.0
2016-03-03,570.01,576.0,568.33,574.04,327534.0
2016-03-04,574.46,575.95,568.21,570.65,365238.0
2016-03-07,570.45,576.37,565.02,572.69,312920.0
2016-03-08,568.31,572.8,565.61,566.86,272396.0
2016-03-09,570.03,573.57,565.05,572.9,306834.0
2016-03-10,571.9,574.72,566.9,573.7,271779.0
2016-03-11,575.0,584.3,573.22,580.45,333363.0
2016-03-14,580.06,595.98,575.17,593.07,514782.0
2016-03-15,587.13,594.71,583.36,587.4,504970.0
2016-03-16,582.81,594.23,582.67,587.38,344787.0
2016-03-17,588.54,590.0,561.02,562.35,582733.0
2016-03-18,565.99,583.52,562.6,583.05,635810.0
2016-03-21,582.0,589.21,577.5,582.99,381213.0
2016-03-22,579.62,591.85,577.4,591.03,367220.0
2016-03-23,591.23,595.98,586.15,586.33,279291.0
2016-03-24,583.32,584.07,575.82,583.31,320356.0
2016-03-28,585.7,586.78,580.46,584.17,205359.0
2016-03-29,583.15,604.0,581.99,603.07,340156.0
2016-03-30,607.75,607.75,594.03,598.28,294082.0
2016-03-31,599.28,605.48,595.19,601.05,225360.0
2016-04-01,595.19,606.54,591.04,606.5,457329.0
2016-04-04,607.5,627.94,603.28,622.06,509060.0
2016-04-05,617.52,619.25,609.36,612.92,318500.0
2016-04-06,611.92,628.54,611.92,626.12,377638.0
2016-04-07,625.88,625.88,609.02,614.78,270630.0
2016-04-08,620.93,626.8,615.17,619.77,260198.0
2016-04-11,623.04,626.92,618.8,620.2,229884.0
2016-04-12,626.4,629.37,619.45,625.51,291435.0
2016-04-13,626.85,630.67,622.25,627.01,329520.0
2016-04-14,627.01,628.59,622.0,623.09,160941.0
2016-04-15,624.48,627.99,620.03,624.22,285436.0
2016-04-18,624.57,629.2,621.37,626.98,372311.0
2016-04-19,627.0,627.69,617.23,623.71,657509.0
2016-04-20,644.97,654.88,641.94,644.56,697495.0
2016-04-21,643.56,648.86,639.08,641.91,247015.0
2016-04-22,631.5,640.0,627.9,638.15,419602.0
2016-04-25,632.92,642.33,632.54,638.74,311145.0
2016-04-26,640.0,640.0,630.32,632.5,297303.0
2016-04-27,633.68,636.73,627.11,633.01,248668.0
2016-04-28,627.84,644.91,627.84,631.5,372035.0
2016-04-29,627.0,628.61,620.0,626.36,282129.0
2016-05-02,627.78,635.38,626.23,633.36,237204.0
2016-05-03,626.77,629.81,615.02,618.63,346363.0
2016-05-04,615.63,619.49,611.93,615.15,263752.0
2016-05-05,617.71,619.3,612.69,615.32,360476.0
2016-05-06,613.89,619.77,611.23,618.96,396647.0
2016-05-09,617.13,629.0,617.13,623.86,373874.0
2016-05-10,626.15,629.03,620.97,626.56,251682.0
2016-05-11,627.49,629.47,624.4,627.69,217898.0
2016-05-12,629.48,633.72,622.0,633.3,383052.0
2016-05-13,634.02,637.49,626.65,628.81,226588.0
2016-05-16,629.1,638.99,628.0,635.27,221029.0
2016-05-17,634.27,635.53,618.52,621.38,353229.0
2016-05-18,621.82,630.54,613.08,625.21,412620.0
2016-05-19,621.38,625.65,618.28,623.79,258060.0
2016-05-20,624.88,635.29,621.7,632.58,390651.0
2016-05-23,631.59,632.11,624.45,628.65,220695.0
2016-05-24,633.12,639.87,628.93,638.67,326005.0
2016-05-25,638.53,644.81,638.08,643.04,237394.0
2016-05-26,640.37,644.17,636.0,637.2,324948.0
2016-05-27,639.99,643.43,634.29,636.65,241548.0
2016-05-31,639.13,639.9,631.86,634.71,620117.0
2016-06-01,632.25,639.02,627.49,637.69,290002.0
2016-06-02,630.96,640.0,630.01,639.44,278254.0
2016-06-03,639.41,639.54,632.57,636.84,246909.0
2016-06-06,636.53,638.72,631.37,635.62,157198.0
2016-06-07,635.01,637.03,631.67,635.89,162387.0
2016-06-08,637.21,646.0,636.08,642.88,326502.0
2016-06-09,639.23,651.58,637.15,648.2,301073.0
2016-06-10,641.72,645.45,636.75,641.59,196651.0
2016-06-13,637.24,648.5,637.24,644.1,280508.0
2016-06-14,641.49,646.6,640.67,644.99,207615.0
2016-06-15,646.6,648.77,641.75,645.11,321259.0
2016-06-16,646.1,646.1,635.38,643.53,244265.0
2016-06-17,644.46,646.98,638.4,641.74,409042.0
2016-06-20,648.42,651.42,645.9,648.08,197923.0
2016-06-21,648.24,651.0,643.1,645.17,220519.0
2016-06-22,645.8,652.0,645.22,651.45,251269.0
2016-06-23,654.15,661.94,651.97,661.32,292471.0
2016-06-24,643.05,652.43,642.28,644.82,593229.0
2016-06-27,642.04,642.52,639.0,639.01,11000.0
2016-06-28,632.99,640.0,630.47,638.61,275079.0
2016-06-29,641.3,659.37,640.01,657.72,367678.0
2016-06-30,657.72,663.5,655.03,661.41,330632.0
2016-07-01,661.57,667.49,659.03,666.31,246003.0
2016-07-05,664.87,668.33,661.67,664.67,229272.0
2016-07-06,665.01,673.74,663.01,670.44,292715.0
2016-07-07,668.99,676.08,668.18,675.3,191102.0
2016-07-08,678.53,680.5,673.86,678.84,213819.0
2016-07-11,681.26,681.59,673.03,673.7,276975.0
2016-07-12,678.11,678.77,673.51,675.31,281644.0
2016-07-13,678.65,678.65,672.51,672.84,206902.0
2016-07-14,678.48,680.91,672.95,675.6,214123.0
2016-07-15,678.38,678.77,668.16,670.38,337611.0
2016-07-18,672.91,673.89,670.08,670.54,261724.0
2016-07-19,667.79,675.81,665.12,671.9,450139.0
2016-07-20,712.08,720.0,700.22,703.05,1160040.0
2016-07-21,696.0,700.81,688.78,690.95,450174.0
2016-07-22,688.43,689.82,680.65,689.37,463112.0
2016-07-25,686.45,691.1,684.61,686.37,284515.0
2016-07-26,688.96,691.21,685.24,686.62,218845.0
2016-07-27,686.3,691.6,681.08,683.08,286154.0
2016-07-28,683.8,691.22,683.78,690.09,257066.0
2016-07-29,690.0,697.14,689.05,695.76,274901.0
2016-08-01,693.97,700.0,692.32,693.87,287633.0
2016-08-02,694.87,694.87,685.31,690.49,173106.0
2016-08-03,692.15,693.91,686.04,687.73,192007.0
2016-08-04,688.39,696.88,684.0,693.59,225727.0
2016-08-05,694.54,695.96,690.67,693.33,163685.0
2016-08-08,692.33,694.01,689.8,692.84,131696.0
2016-08-09,694.82,700.65,694.61,696.68,189930.0
2016-08-10,696.7,697.46,690.94,693.24,136463.0
2016-08-11,694.21,697.99,691.82,695.54,173589.0
2016-08-12,693.05,693.05,688.5,690.92,182410.0
2016-08-15,692.64,697.2,691.0,692.99,130395.0
2016-08-16,691.01,691.01,685.41,686.04,139259.0
2016-08-17,687.64,687.64,679.1,682.9,175800.0
2016-08-18,680.39,687.4,680.39,685.62,137084.0
2016-08-19,685.69,689.21,682.46,687.67,144142.0
2016-08-22,688.01,692.87,686.95,692.25,154615.0
2016-08-23,695.0,698.99,693.01,695.96,206778.0
2016-08-24,694.86,697.46,683.99,685.59,154701.0
2016-08-25,685.0,689.69,682.62,686.45,121755.0
2016-08-26,688.43,691.64,682.63,685.29,233290.0
2016-08-29,685.48,690.37,683.3,687.55,357653.0
2016-08-30,687.89,689.21,681.39,687.53,145266.0
2016-08-31,689.45,689.53,683.16,686.42,149342.0
2016-09-01,686.86,691.25,683.35,689.69,208463.0
2016-09-02,693.44,693.45,687.82,688.37,142856.0
2016-09-06,689.99,693.24,681.54,693.12,172327.0
2016-09-07,690.01,694.9,689.06,690.07,166943.0
2016-09-08,687.8,692.63,686.13,691.15,172722.0
2016-09-09,685.12,686.04,676.03,676.22,214674.0
2016-09-12,675.35,684.18,673.77,683.39,215262.0
2016-09-13,677.71,681.84,670.77,672.23,298980.0
2016-09-14,672.76,677.49,670.96,673.12,219258.0
2016-09-15,670.85,687.97,670.5,684.19,304832.0
2016-09-16,687.07,687.82,682.16,686.37,382026.0
2016-09-19,691.74,695.5,690.61,693.55,203872.0
2016-09-20,696.18,700.94,694.71,698.87,281016.0
2016-09-21,698.24,704.0,694.11,703.06,318462.0
2016-09-22,708.21,719.06,705.85,718.2,339395.0
2016-09-23,718.0,718.0,709.1,710.22,247745.0
2016-09-26,708.19,710.0,704.05,707.24,276243.0
2016-09-27,709.0,720.94,707.01,720.19,284697.0
2016-09-28,719.82,723.34,714.43,717.77,223374.0
2016-09-29,724.0,724.0,712.47,719.99,274430.0
2016-09-30,717.97,727.13,717.35,724.83,325662.0
2016-10-03,721.56,723.84,714.85,717.94,175677.0
2016-10-04,717.98,721.15,712.98,716.62,187415.0
2016-10-05,716.75,720.73,714.68,718.1,149882.0
2016-10-06,716.63,719.01,714.15,716.19,194034.0
2016-10-07,719.99,719.99,713.23,718.04,133880.0
2016-10-10,718.76,727.25,718.76,724.61,138846.0
2016-10-11,724.13,724.13,706.38,710.3,236113.0
2016-10-12,712.0,713.23,708.72,710.93,171516.0
2016-10-13,708.95,715.8,707.14,713.44,260931.0
2016-10-14,718.58,718.58,710.7,714.91,211909.0
2016-10-17,715.28,718.87,708.12,709.44,263153.0
2016-10-18,716.94,723.31,710.01,721.73,513488.0
2016-10-19,705.65,705.86,680.5,681.58,1228120.0
2016-10-20,681.99,689.46,678.02,681.82,560162.0
2016-10-21,680.45,682.43,675.92,678.02,408182.0
2016-10-24,685.06,687.48,681.79,685.0,304152.0
2016-10-25,685.0,685.99,676.59,679.5,252229.0
2016-10-26,676.68,676.68,665.07,665.72,293800.0
2016-10-27,667.49,669.56,657.72,663.23,328602.0
2016-10-28,662.43,675.55,661.77,666.55,345356.0
2016-10-31,665.79,673.44,658.37,672.08,292771.0
2016-11-01,673.44,673.94,665.25,669.72,257628.0
2016-11-02,670.38,674.33,666.02,666.57,265563.0
2016-11-03,670.01,674.19,667.75,673.3,291914.0
2016-11-04,671.87,678.78,670.58,671.42,342485.0
2016-11-07,678.03,682.77,676.84,678.43,236317.0
2016-11-08,678.87,688.17,677.07,685.13,216946.0
2016-11-09,663.71,667.85,650.74,651.46,873912.0
2016-11-10,652.12,654.42,630.64,635.52,786957.0
2016-11-11,634.47,642.28,616.8,621.76,706387.0
2016-11-14,621.0,632.0,618.68,624.6,598341.0
2016-11-15,627.21,642.05,627.21,640.55,332416.0
2016-11-16,641.58,645.5,637.0,643.36,293520.0
2016-11-17,643.31,656.01,643.31,654.6,279078.0
2016-11-18,654.14,658.0,652.7,654.89,263369.0
2016-11-21,658.22,663.64,654.98,662.09,426259.0
2016-11-22,658.0,658.69,637.58,640.21,667426.0
2016-11-23,641.12,646.4,637.49,645.28,368882.0
2016-11-25,648.43,661.3,645.75,656.51,245395.0
2016-11-28,656.94,658.63,646.77,647.69,381158.0
2016-11-29,648.98,654.77,648.0,650.31,313401.0
2016-11-30,650.28,653.22,636.76,643.74,888418.0
2016-12-01,642.46,644.0,628.11,632.33,447606.0
2016-12-02,634.99,643.85,631.12,636.64,422719.0
2016-12-05,637.3,638.52,634.29,636.95,293792.0
2016-12-06,636.01,636.91,618.89,621.59,440494.0
2016-12-07,620.52,622.17,610.71,619.01,621275.0
2016-12-08,617.97,623.0,614.38,619.46,300942.0
2016-12-09,619.84,627.87,618.8,625.21,289802.0
2016-12-12,623.81,635.05,623.81,633.74,396419.0
2016-12-13,636.0,652.2,635.73,635.97,648742.0
2016-12-14,637.64,644.02,634.03,636.59,390955.0
2016-12-15,637.14,641.6,632.12,639.0,344409.0
2016-12-16,639.5,642.88,634.17,641.39,553615.0
2016-12-19,639.57,641.47,635.25,637.91,291381.0
2016-12-20,638.48,639.87,630.03,634.01,263842.0
2016-12-21,634.08,634.61,630.0,630.29,179267.0
2016-12-22,631.72,639.45,629.96,637.58,291734.0
2016-12-23,639.08,644.68,638.31,640.75,188783.0
2016-12-27,643.04,647.2,639.27,639.51,119389.0
2016-12-28,639.8,642.41,633.73,635.55,159680.0
2016-12-29,634.57,639.0,634.57,636.55,157620.0
2016-12-30,638.32,638.39,632.25,634.17,267259.0
2017-01-03,635.94,642.18,635.0,641.79,264491.0
2017-01-04,638.0,638.0,624.72,629.49,453909.0
2017-01-05,630.19,637.71,627.45,632.91,370195.0
2017-01-06,634.0,640.86,634.0,636.11,294520.0
2017-01-09,635.19,643.26,635.19,641.3,386485.0
2017-01-10,642.53,664.0,641.74,662.2,396557.0
2017-01-11,675.9,688.64,670.09,678.16,632024.0
2017-01-12,677.57,677.57,661.05,664.88,415734.0
2017-01-13,668.0,674.97,662.59,664.71,291282.0
2017-01-17,664.51,667.34,655.0,663.74,262387.0
2017-01-18,663.79,667.99,660.15,663.07,197177.0
2017-01-19,662.42,664.14,654.1,658.06,250330.0
2017-01-20,661.22,661.22,654.24,656.75,258082.0
2017-01-23,657.54,661.98,651.57,655.03,272369.0
2017-01-24,657.66,669.78,653.68,666.05,468909.0
2017-01-25,675.0,700.42,672.02,700.0,1134221.0
2017-01-26,696.31,699.0,684.43,687.56,553946.0
2017-01-27,684.38,695.26,682.14,691.29,421366.0
2017-01-30,687.4,690.45,683.65,690.13,312998.0
2017-01-31,688.23,697.54,684.56,692.69,385067.0
2017-02-01,690.05,698.0,687.98,697.02,358394.0
2017-02-02,693.14,700.99,691.04,700.16,349183.0
2017-02-03,700.0,702.95,697.77,702.13,324247.0
2017-02-06,700.05,706.05,696.71,704.96,324149.0
2017-02-07,704.08,706.32,701.5,704.24,379451.0
2017-02-08,701.51,704.64,699.32,702.67,345117.0
2017-02-09,701.96,709.54,700.24,705.38,270381.0
2017-02-10,705.92,708.67,703.45,705.52,268841.0
2017-02-13,705.0,711.29,700.98,710.7,258659.0
2017-02-14,712.42,718.0,710.25,714.92,308306.0
2017-02-15,711.63,719.3,710.51,716.74,303146.0
2017-02-16,714.43,721.74,712.6,721.47,289525.0
2017-02-17,718.43,727.35,717.64,724.66,387695.0
2017-02-21,725.0,733.17,723.57,732.17,482056.0
2017-02-22,729.8,734.11,728.59,732.08,278518.0
2017-02-23,731.3,736.63,730.56,735.35,268541.0
2017-02-24,733.4,738.8,731.33,736.86,281668.0
2017-02-27,737.37,739.0,732.61,734.03,296795.0
2017-02-28,732.0,739.03,729.61,737.0,395388.0
2017-03-01,736.8,744.59,733.08,741.09,315993.0
2017-03-02,741.0,745.8,739.71,742.57,268068.0
2017-03-03,740.44,746.28,738.92,744.79,214240.0
2017-03-06,740.68,742.96,734.45,735.7,399851.0
2017-03-07,732.68,736.34,729.14,730.15,385104.0
2017-03-08,731.0,734.51,726.79,728.11,320904.0
2017-03-09,727.13,736.97,727.13,736.02,316709.0
2017-03-10,740.0,740.0,732.63,734.16,245304.0
2017-03-13,733.13,736.31,727.38,733.89,262087.0
2017-03-14,728.85,740.3,728.44,740.08,454534.0
2017-03-15,736.86,751.42,735.99,746.67,568290.0
2017-03-16,749.05,750.51,739.5,743.53,271241.0
2017-03-17,748.15,752.2,745.67,749.83,668939.0
2017-03-20,747.57,755.55,747.02,750.03,374843.0
2017-03-21,753.5,757.98,745.4,745.95,395932.0
2017-03-22,747.63,750.17,742.51,748.31,182444.0
2017-03-23,747.4,751.47,744.54,746.18,189036.0
2017-03-24,749.77,761.51,747.67,758.0,445369.0
2017-03-27,755.43,769.12,753.2,767.32,392176.0
2017-03-28,767.32,770.28,764.28,764.47,281051.0
2017-03-29,763.02,767.52,759.5,765.68,246416.0
2017-03-30,765.9,768.98,762.43,766.26,177729.0
2017-03-31,765.37,769.98,764.32,766.47,307306.0
2017-04-03,765.64,771.57,760.45,764.71,320679.0
2017-04-04,765.99,767.26,759.34,762.34,199562.0
2017-04-05,760.88,775.91,759.46,762.8,366019.0
2017-04-06,762.14,765.95,760.33,762.77,260306.0
2017-04-07,764.03,768.34,761.09,767.12,250672.0
2017-04-10,765.01,769.41,765.0,767.04,228021.0
2017-04-11,766.1,769.55,760.62,764.83,274960.0
2017-04-12,761.87,765.0,760.87,764.26,246973.0
2017-04-13,765.43,768.65,762.48,764.79,252827.0
2017-04-17,768.92,773.26,765.33,768.28,386556.0
2017-04-18,768.0,768.0,753.38,759.34,587139.0
2017-04-19,800.0,817.2,790.98,807.7,1132024.0
2017-04-20,806.5,815.41,802.85,814.45,394361.0
2017-04-21,811.67,814.55,807.3,813.43,411259.0
2017-04-24,817.0,824.03,813.17,822.18,378957.0
2017-04-25,822.2,833.05,820.45,827.24,486289.0
2017-04-26,825.93,835.97,825.5,834.02,311647.0
2017-04-27,834.63,840.75,834.02,836.56,294122.0
2017-04-28,836.67,844.46,832.76,835.87,390264.0
2017-05-01,838.58,841.99,836.37,839.57,245148.0
2017-05-02,837.21,845.45,837.21,844.77,206342.0
2017-05-03,844.74,847.75,840.86,845.33,181362.0
2017-05-04,846.31,848.52,844.78,847.22,180654.0
2017-05-05,849.39,851.0,845.75,850.54,163960.0
2017-05-08,850.0,851.64,839.0,840.79,449150.0
2017-05-09,839.42,845.34,837.26,843.17,310067.0
2017-05-10,844.11,845.0,838.74,843.06,314230.0
2017-05-11,843.94,846.82,838.2,844.93,232339.0
2017-05-12,846.28,848.3,843.32,843.72,210990.0
2017-05-15,841.87,851.3,841.87,850.67,202471.0
2017-05-16,857.33,864.76,853.48,859.47,302114.0
2017-05-17,855.28,859.86,850.63,850.98,389795.0
2017-05-18,852.81,861.39,850.93,859.98,265443.0
2017-05-19,863.13,874.54,860.35,870.33,415226.0
2017-05-22,877.0,897.36,876.09,892.04,443892.0
2017-05-23,895.22,902.1,893.0,897.04,307549.0
2017-05-24,897.21,902.0,892.63,899.87,268758.0
2017-05-25,903.86,911.41,900.02,907.57,199756.0
2017-05-26,913.44,914.76,908.25,910.36,208947.0
2017-05-30,906.1,915.47,903.1,914.43,310097.0
2017-05-31,917.85,921.83,910.63,914.68,312659.0
2017-06-01,915.09,919.28,911.81,919.08,253218.0
2017-06-02,923.23,927.5,919.26,924.69,243726.0
2017-06-05,921.26,925.96,917.46,922.01,218598.0
2017-06-06,918.14,929.72,918.1,924.36,192243.0
2017-06-07,928.88,932.74,924.22,932.0,238430.0
2017-06-08,935.0,937.15,926.5,929.85,268694.0
2017-06-09,934.79,935.3,906.21,916.34,352071.0
2017-06-12,911.0,914.4,876.5,903.29,651946.0
2017-06-13,905.21,915.29,900.36,908.23,302911.0
2017-06-14,917.67,918.0,902.92,905.83,318427.0
2017-06-15,900.74,901.67,892.05,898.94,326648.0
2017-06-16,900.96,917.59,900.57,914.84,574726.0
2017-06-19,918.91,937.32,918.48,936.4,408466.0
2017-06-20,938.7,948.98,938.21,940.36,369221.0
2017-06-21,942.27,954.38,941.02,953.27,361927.0
2017-06-22,954.8,963.54,950.5,954.16,271939.0
2017-06-23,950.89,954.39,943.95,948.94,801953.0
2017-06-26,952.36,954.79,937.65,940.44,307737.0
2017-06-27,941.27,943.93,930.05,936.01,384051.0
2017-06-28,938.77,948.1,931.98,946.31,360396.0
2017-06-29,944.72,944.72,923.57,930.5,313423.0
2017-06-30,934.85,939.89,922.49,935.37,249637.0
2017-07-03,940.96,941.55,920.57,921.66,162777.0
2017-07-05,928.14,940.29,928.14,938.09,379890.0
2017-07-06,932.48,939.93,929.0,934.8,217245.0
2017-07-07,938.43,948.19,937.63,944.27,231916.0
2017-07-10,943.5,950.82,938.0,947.25,321590.0
2017-07-11,949.41,949.41,937.15,942.49,255078.0
2017-07-12,950.0,955.56,947.15,948.34,199423.0
2017-07-13,951.57,953.0,937.85,938.54,202180.0
2017-07-14,940.42,954.04,940.42,951.75,214080.0
2017-07-17,954.92,955.0,944.03,948.09,336819.0
2017-07-18,948.26,949.41,940.41,946.65,236684.0
2017-07-19,952.81,967.45,952.64,966.79,488433.0
2017-07-20,969.03,974.66,962.76,971.73,467430.0
2017-07-21,964.93,967.8,925.7,927.47,718241.0
2017-07-24,926.79,953.39,926.79,949.17,331228.0
2017-07-25,951.73,953.09,941.19,944.92,270458.0
2017-07-26,946.08,950.17,939.72,943.91,169194.0
2017-07-27,944.07,946.0,921.0,931.85,439046.0
2017-07-28,930.5,942.91,927.06,941.2,393174.0
2017-07-31,943.51,945.99,933.4,938.26,380634.0
2017-08-01,938.97,945.0,934.13,940.97,221535.0
2017-08-02,939.4,941.36,927.03,932.97,210279.0
2017-08-03,929.33,939.34,928.71,934.16,201588.0
2017-08-04,938.22,938.22,923.69,931.07,236143.0
2017-08-07,929.71,937.14,927.62,936.63,212972.0
2017-08-08,933.15,937.67,929.5,934.38,171382.0
2017-08-09,934.39,945.75,931.0,943.45,264592.0
2017-08-10,939.48,943.09,927.89,929.38,254367.0
2017-08-11,930.28,944.0,930.28,942.25,241572.0
2017-08-14,951.0,967.26,951.0,964.56,326711.0
2017-08-15,967.22,990.44,965.01,985.37,587869.0
2017-08-16,986.07,991.54,981.01,988.9,280501.0
2017-08-17,987.75,993.0,972.21,973.1,323484.0
2017-08-18,973.53,992.09,968.59,984.33,385160.0
2017-08-21,982.05,985.0,974.41,982.7,385288.0
2017-08-22,982.9,998.0,982.7,996.6,317238.0
2017-08-23,993.82,993.82,983.2,986.67,205921.0
2017-08-24,986.96,991.62,983.2,990.58,231146.0
2017-08-25,991.05,992.97,976.34,978.63,273727.0
2017-08-28,981.98,988.67,980.57,986.0,184742.0
2017-08-29,981.7,989.03,977.01,987.4,274096.0
2017-08-30,982.11,996.49,981.0,996.04,212249.0
2017-08-31,996.01,1005.66,992.38,1004.67,460848.0
2017-09-01,1001.9,1008.0,997.46,1006.75,178716.0
2017-09-05,1007.94,1026.08,1007.0,1021.44,346608.0
2017-09-06,1023.77,1029.0,1011.03,1022.37,220273.0
2017-09-07,1022.4,1037.85,1022.29,1036.47,174439.0
2017-09-08,1032.85,1054.77,1025.0,1042.59,313408.0
2017-09-11,1043.15,1054.0,1036.1,1045.48,370439.0
2017-09-12,1044.58,1048.23,1041.8,1045.0,196845.0
2017-09-13,1042.17,1043.89,1036.03,1042.88,141152.0
2017-09-14,1040.76,1045.09,1037.55,1040.5,214263.0
2017-09-15,1039.54,1043.0,1036.25,1038.03,370043.0
2017-09-18,1041.17,1048.9301,1036.5601,1046.29,246946.0
2017-09-19,1042.87,1053.0,1040.63,1045.47,201380.0
2017-09-20,1045.36,1052.0,1040.01,1046.37,162528.0
2017-09-21,1048.16,1048.8101,1029.75,1030.21,240363.0
2017-09-22,1030.5,1032.87,1022.2,1031.52,165041.0
2017-09-25,1034.78,1034.8,1013.56,1017.34,228464.0
2017-09-26,1021.95,1026.7,1013.39,1016.64,174774.0
2017-09-27,1018.75,1025.86,1018.53,1024.08,212138.0
2017-09-28,1024.34,1029.21,1020.64,1025.88,178583.0
2017-09-29,1028.15,1048.76,1026.27,1045.88,228270.0
2017-10-02,1049.1,1064.7,1047.5699,1060.48,285157.0
2017-10-03,1064.63,1076.0,1062.67,1073.89,333708.0
2017-10-04,1077.59,1089.99,1076.1801,1084.9,278833.0
2017-10-05,1092.4301,1094.55,1074.0,1089.6801,392200.0
2017-10-06,362.09,367.5,360.2,361.47,889950.0
2017-10-09,363.54,363.54,353.88,354.61,861534.0
2017-10-10,356.91,357.44,352.8,354.99,568290.0
2017-10-11,357.29,360.52,356.12,360.29,537761.0
2017-10-12,363.89,364.93,361.28,362.53,842875.0
2017-10-13,363.0,365.77,361.7,362.29,714554.0
2017-10-16,358.23,361.68,352.91,353.55,1223084.0
2017-10-17,356.01,356.57,353.26,355.0,878700.0
2017-10-18,357.27,358.25,353.89,354.37,676923.0
2017-10-19,355.42,357.57,350.0,357.46,1061736.0
2017-10-20,357.48,374.89,356.91,369.58,2021021.0
2017-10-23,372.5,378.32,372.45,373.52,1340979.0
2017-10-24,372.64,373.35,369.33,371.49,978578.0
2017-10-25,371.63,373.71,368.48,372.42,706274.0
2017-10-26,373.5,382.15,371.63,372.36,1047226.0
2017-10-27,373.98,374.64,369.51,373.78,762473.0
2017-10-30,373.99,376.57,370.48,376.09,617056.0
2017-10-31,376.05,379.89,374.69,375.36,841722.0
2017-11-01,377.31,378.39,373.87,376.04,668844.0
2017-11-02,377.94,384.2,377.0,379.75,716374.0
2017-11-03,380.65,386.59,380.15,384.25,599126.0
2017-11-06,383.14,385.94,383.0,384.83,592923.0
2017-11-07,386.18,391.23,386.0,391.04,632283.0
2017-11-08,391.0,393.51,387.17,392.34,490181.0
2017-11-09,391.56,392.34,388.88,390.0,791244.0
2017-11-10,389.81,391.15,386.16,389.15,686690.0
2017-11-13,388.85,392.78,386.32,392.12,846025.0
2017-11-14,391.03,393.29,389.28,390.97,576741.0
2017-11-15,390.25,392.88,387.0,389.69,579280.0
2017-11-16,390.62,394.9,390.5,393.8,653455.0
2017-11-17,394.75,400.0,390.5,392.48,617095.0
2017-11-20,392.48,394.29,390.29,393.03,697725.0
2017-11-21,396.22,398.95,395.02,398.49,782930.0
2017-11-22,398.0,398.49,394.68,396.59,488841.0
2017-11-24,396.59,398.77,396.17,398.15,339444.0
2017-11-27,399.0,405.05,398.99,403.7,780353.0
2017-11-28,404.48,404.48,400.28,402.23,850192.0
2017-11-29,402.37,404.58,391.02,394.3,1027437.0
2017-11-30,398.0,401.0,393.52,399.78,1854774.0
2017-12-01,398.6,402.0,388.25,396.66,1376440.0
2017-12-04,399.83,400.0,369.09,369.95,2158942.0
2017-12-05,369.69,377.55,365.61,369.5,1864329.0
2017-12-06,368.79,379.69,365.6,379.04,1051740.0
2017-12-07,381.71,384.92,378.7,383.78,766668.0
2017-12-08,386.61,389.4,378.59,379.61,788120.0
2017-12-11,378.34,379.7,371.59,373.55,1321543.0
2017-12-12,373.55,374.77,368.51,370.49,1280305.0
2017-12-13,370.49,373.07,368.53,371.08,1070011.0
2017-12-14,370.0,373.87,359.75,360.56,1202830.0
2017-12-15,364.13,373.33,361.22,369.87,1473100.0
2017-12-18,372.08,374.17,368.04,371.9,798958.0
2017-12-19,371.49,375.3,366.45,367.35,732362.0
2017-12-20,367.13,369.59,363.81,367.21,487544.0
2017-12-21,368.09,368.5,361.07,361.33,750952.0
2017-12-22,361.0,364.54,359.78,363.16,807468.0
2017-12-26,361.89,368.85,360.04,365.83,442133.0
2017-12-27,366.0,369.15,365.13,368.09,407010.0
2017-12-28,368.16,369.73,366.7,368.87,380650.0
2017-12-29,368.57,369.57,364.78,364.94,528352.0
2018-01-02,367.89,375.81,365.11,375.25,827902.0
2018-01-03,377.12,384.17,375.01,383.82,788470.0
2018-01-04,385.73,389.48,375.09,376.92,898798.0
2018-01-05,380.88,380.88,375.8,379.01,699728.0
2018-01-08,378.72,392.64,377.21,391.86,992502.0
2018-01-09,393.73,404.12,393.0,397.6,1401081.0
2018-01-10,423.51,426.98,408.45,423.76,2043566.0
2018-01-11,422.0,423.95,416.23,421.37,1274793.0
2018-01-12,419.13,421.93,415.76,419.04,932782.0
2018-01-16,422.0,426.68,417.0,420.07,1007318.0
2018-01-17,423.6,432.23,422.52,431.1,896456.0
2018-01-18,431.38,434.9,426.42,432.07,791406.0
2018-01-19,433.96,436.57,428.48,433.23,751544.0
2018-01-22,435.0,435.0,427.5,433.94,825594.0
2018-01-23,433.74,441.52,431.81,439.55,566374.0
2018-01-24,441.74,442.21,432.27,437.48,1008200.0
2018-01-25,441.82,452.0,440.01,449.81,1312355.0
2018-01-26,437.87,440.25,417.0,440.24,1819885.0
2018-01-29,441.77,445.9,433.01,436.34,877438.0
2018-01-30,433.2,433.94,423.59,427.84,1072854.0
2018-01-31,430.0,436.33,427.32,431.67,825928.0
2018-02-01,432.61,433.13,423.36,425.92,706539.0
2018-02-02,423.01,426.2,416.27,416.96,939639.0
2018-02-05,415.67,417.0,399.01,399.01,1255266.0
2018-02-06,390.68,412.57,385.51,408.33,1571945.0
2018-02-07,407.12,410.88,396.34,399.53,770645.0
2018-02-08,400.48,400.65,381.6,381.87,1293408.0
2018-02-09,386.93,396.83,380.0,392.91,1301214.0
2018-02-12,395.5,401.88,391.61,398.51,845177.0
2018-02-13,396.66,402.9,394.0,402.0,478708.0
2018-02-14,397.51,411.21,397.51,409.89,507581.0
2018-02-15,413.0,418.81,410.0,418.56,521359.0
2018-02-16,418.56,421.13,414.46,415.98,549737.0
2018-02-20,415.51,427.38,415.46,421.76,894245.0
2018-02-21,421.29,426.81,416.3,416.56,592382.0
2018-02-22,419.72,425.95,418.39,419.79,577833.0
2018-02-23,421.31,427.75,418.97,427.51,472273.0
2018-02-26,430.0,432.94,426.06,432.0,460180.0
2018-02-27,433.0,435.4,429.41,430.98,649790.0
2018-02-28,431.46,436.21,426.21,426.45,613170.0
2018-03-01,428.44,428.85,409.89,412.13,924998.0
2018-03-02,409.57,418.35,406.17,417.39,546005.0
2018-03-05,413.22,426.11,412.36,424.25,579339.0
2018-03-06,426.01,432.11,423.46,426.5,584594.0
2018-03-07,422.7,432.16,421.37,430.46,772822.0
2018-03-08,430.88,433.33,428.97,432.36,443755.0
2018-03-09,434.0,444.96,434.0,440.46,785089.0
2018-03-12,440.53,445.1,438.03,438.95,744645.0
2018-03-13,441.62,444.7,437.96,440.22,565648.0
2018-03-14,442.38,444.9,439.1,440.77,627577.0
2018-03-15,440.0,444.16,437.05,441.95,484987.0
2018-03-16,443.37,444.5,433.81,435.86,960395.0
2018-03-19,433.28,436.1,421.59,426.86,638911.0
2018-03-20,428.74,433.14,427.06,430.19,601533.0
2018-03-21,430.41,431.7,422.53,424.99,493005.0
2018-03-22,420.95,424.13,413.62,413.9,667901.0
2018-03-23,414.51,418.19,398.81,399.15,1012641.0
2018-03-26,407.78,415.47,403.75,415.12,1138649.0
2018-03-27,416.31,418.83,402.08,405.22,656555.0
2018-03-28,406.39,408.62,397.21,402.39,728450.0
2018-03-29,403.67,421.92,401.33,412.83,960221.0
2018-04-02,412.26,414.87,394.37,400.89,753100.0
2018-04-03,402.74,405.74,396.61,403.47,621583.0
2018-04-04,398.0,404.21,393.57,401.92,1627556.0
2018-04-05,406.39,410.1,403.48,406.12,1004119.0
2018-04-06,403.52,406.8,394.0,396.55,627621.0
2018-04-09,400.89,413.45,400.06,405.65,542992.0
2018-04-10,411.61,421.31,410.01,418.7,779948.0
2018-04-11,414.83,416.93,410.77,412.12,495186.0
2018-04-12,414.07,418.42,412.86,415.05,758162.0
2018-04-13,418.0,420.66,411.81,414.63,470072.0
2018-04-16,419.7,422.92,417.68,418.38,606555.0
2018-04-17,423.42,436.7,420.01,435.45,1344581.0
2018-04-18,453.75,473.79,448.91,471.03,3474548.0
2018-04-19,467.01,468.0,458.18,462.71,1714788.0
2018-04-20,459.86,460.19,453.6,456.27,1320533.0
2018-04-23,457.0,459.0,446.01,447.84,919359.0
2018-04-24,448.84,451.46,430.0,436.47,1134664.0
2018-04-25,436.0,439.8,429.04,437.96,768791.0
2018-04-26,439.66,448.53,437.11,446.19,731507.0
2018-04-27,449.84,451.42,442.96,447.03,546182.0
2018-04-30,448.61,450.67,440.69,440.78,666353.0
2018-05-01,440.01,448.06,440.01,447.55,607254.0
2018-05-02,447.23,453.43,445.25,449.01,810219.0
2018-05-03,446.0,450.85,438.07,448.24,812255.0
2018-05-04,447.05,461.32,443.02,460.42,751416.0
2018-05-07,461.0,468.38,460.59,465.4,719283.0
2018-05-08,463.0,464.04,459.53,462.6,810093.0
2018-05-09,463.79,465.87,459.24,462.27,686056.0
2018-05-10,464.01,468.64,462.72,468.4,509199.0
2018-05-11,468.09,472.78,464.25,468.35,615438.0
2018-05-14,469.56,471.75,463.99,466.19,674856.0
2018-05-15,461.6,463.92,453.11,456.83,783266.0
2018-05-16,457.99,465.42,454.68,461.04,513946.0
2018-05-17,461.03,462.77,455.77,457.92,654611.0
2018-05-18,458.78,459.56,453.78,458.79,599131.0
2018-05-21,462.1,467.4,459.66,463.38,553027.0
2018-05-22,464.0,464.85,453.79,454.61,712407.0
2018-05-23,450.0,459.22,450.0,458.71,546465.0
2018-05-24,459.22,461.25,454.25,457.79,472003.0
2018-05-25,459.36,461.06,452.75,456.56,651733.0
2018-05-29,453.29,455.1,449.64,454.63,871217.0
2018-05-30,456.2,465.56,455.18,459.66,1081000.0
2018-05-31,460.0,466.45,458.56,459.67,2046854.0
2018-06-01,461.81,480.0,459.43,479.25,1219554.0
2018-06-04,480.0,484.12,472.58,477.93,1011636.0
2018-06-05,478.0,493.41,476.19,492.37,1759232.0
2018-06-06,493.0,494.07,484.38,493.38,973273.0
2018-06-07,493.0,493.0,476.23,485.34,880593.0
2018-06-08,485.0,488.4,480.41,484.6,611426.0
2018-06-11,484.6,494.35,483.9,490.71,781159.0
2018-06-12,491.69,496.23,488.63,494.92,711038.0
2018-06-13,495.0,496.92,487.5,490.47,766507.0
2018-06-14,492.37,496.61,492.37,495.52,1058945.0
2018-06-15,494.49,496.0,489.64,490.49,1096850.0
2018-06-18,488.72,491.99,485.35,490.67,683370.0
2018-06-19,486.87,488.81,483.16,488.6,611209.0
2018-06-20,491.0,494.0,486.49,487.45,400098.0
2018-06-21,488.75,491.52,483.0,487.08,565704.0
2018-06-22,488.72,489.59,482.16,483.21,570021.0
2018-06-25,480.35,482.66,467.98,473.48,884496.0
2018-06-26,473.57,485.87,473.57,482.78,619215.0
2018-06-27,488.0,490.98,476.11,476.39,626995.0
2018-06-28,476.4,485.35,472.17,483.71,489934.0
2018-06-29,484.01,485.53,478.26,478.48,639796.0
2018-07-02,476.48,488.56,471.8,488.1,617554.0
2018-07-03,490.34,490.34,481.99,485.58,383139.0
2018-07-05,489.22,491.74,483.94,487.39,716673.0
2018-07-06,488.98,498.06,486.35,495.46,600697.0
2018-07-09,498.73,501.65,492.44,499.42,751577.0
2018-07-10,500.0,502.87,495.37,502.11,898357.0
2018-07-11,501.49,506.92,500.29,504.22,881931.0
2018-07-12,506.8,525.12,506.78,525.0,1452739.0
2018-07-13,523.52,532.3,522.4,524.34,1074398.0
2018-07-16,524.33,524.33,512.42,518.06,798913.0
2018-07-17,516.47,524.86,515.0,523.78,792156.0
2018-07-18,525.0,528.44,518.84,527.91,632023.0
2018-07-19,524.98,527.87,520.3,521.29,1022293.0
2018-07-20,536.15,538.98,516.35,516.78,2254441.0
2018-07-23,516.78,520.53,513.3,519.87,953211.0
2018-07-24,521.65,527.64,517.71,523.22,929584.0
2018-07-25,524.8,539.3,524.8,537.97,880843.0
2018-07-26,537.0,537.05,518.0,526.96,772346.0
2018-07-27,530.0,530.04,511.47,519.21,739652.0
2018-07-30,518.71,518.71,498.66,503.0,999242.0
2018-07-31,504.7,512.0,501.6,508.19,669315.0
2018-08-01,510.43,518.28,509.92,516.29,739414.0
2018-08-02,511.1,525.0,510.0,521.9,571980.0
2018-08-03,523.85,524.17,515.71,522.6,531113.0
2018-08-06,522.4,523.83,517.73,520.8,450199.0
2018-08-07,519.98,523.0,515.18,517.9,460445.0
2018-08-08,518.8,521.71,516.62,519.28,351890.0
2018-08-09,520.57,528.75,520.57,522.69,369248.0
2018-08-10,521.16,527.86,518.96,521.02,388162.0
2018-08-13,522.61,529.75,520.22,520.36,416355.0
2018-08-14,522.24,530.31,522.24,529.0,523380.0
2018-08-15,525.0,529.67,518.15,522.77,523210.0
2018-08-16,526.22,528.06,520.76,523.9,384639.0
2018-08-17,523.0,527.33,516.17,524.92,551588.0
2018-08-20,527.04,528.52,518.82,525.36,383919.0
2018-08-21,526.0,534.83,526.0,529.05,444529.0
2018-08-22,529.0,535.48,527.58,535.0,347973.0
2018-08-23,535.5,541.88,534.45,537.21,427547.0
2018-08-24,539.0,542.13,538.13,541.52,400196.0
2018-08-27,543.66,545.6,541.0,545.22,390208.0
2018-08-28,546.25,550.21,540.76,544.91,366085.0
2018-08-29,546.6,555.3,546.01,554.01,408658.0
2018-08-30,551.91,558.46,549.01,555.17,605303.0
2018-08-31,554.85,560.39,553.5,560.0,690112.0
2018-09-04,559.0,560.49,552.35,556.03,573730.0
2018-09-05,556.78,557.11,533.96,536.72,905035.0
2018-09-06,538.64,548.24,534.29,541.86,652668.0
2018-09-07,541.42,545.3,536.9,537.96,455727.0
2018-09-10,540.32,545.25,539.0,541.88,404216.0
2018-09-11,541.95,550.69,541.39,546.4,397846.0
2018-09-12,549.43,550.77,540.9,549.56,343810.0
2018-09-13,553.36,558.97,548.73,558.82,453742.0
2018-09-14,560.0,572.96,559.7,568.36,851601.0
2018-09-17,566.95,566.95,555.32,558.65,546285.0
2018-09-18,558.6,567.5,558.51,564.82,489790.0
2018-09-19,561.65,562.56,552.63,556.47,505282.0
2018-09-20,559.64,561.97,556.83,561.18,451303.0
2018-09-21,562.27,564.87,556.47,556.77,1071845.0
2018-09-24,556.36,569.69,553.08,569.27,413864.0
2018-09-25,569.27,575.41,566.27,574.19,519028.0
2018-09-26,574.0,575.28,565.47,569.54,582241.0
2018-09-27,570.0,572.22,568.0,569.69,537345.0
2018-09-28,570.0,574.44,569.19,574.0,687814.0
2018-10-01,575.15,581.12,571.97,574.74,744846.0
2018-10-02,574.4,575.65,565.28,571.48,784338.0
2018-10-03,572.87,574.15,561.06,561.47,505483.0
2018-10-04,561.47,562.21,551.0,554.44,769242.0
2018-10-05,554.03,559.68,540.33,548.71,794696.0
2018-10-08,546.43,548.0,513.16,526.47,1358139.0
2018-10-09,527.68,537.99,523.71,531.21,1009269.0
2018-10-10,534.99,537.5,511.28,512.21,1223719.0
2018-10-11,509.5,520.26,500.0,508.22,1307743.0
2018-10-12,522.01,537.44,521.2,532.02,1033137.0
2018-10-15,529.07,529.07,517.44,519.29,739324.0
2018-10-16,525.51,544.38,525.51,542.91,727954.0
2018-10-17,544.03,548.11,538.4,542.91,796137.0
2018-10-18,544.73,545.87,520.01,522.29,1502692.0
2018-10-19,538.86,539.98,502.38,504.26,2144573.0
2018-10-22,504.65,513.58,502.21,511.41,872729.0
2018-10-23,498.92,509.05,485.45,506.93,1377420.0
2018-10-24,505.75,509.71,482.16,483.11,963449.0
2018-10-25,489.29,498.3,482.76,492.92,1143976.0
2018-10-26,482.0,494.05,475.44,486.89,1135677.0
2018-10-29,495.38,498.0,467.07,477.86,904552.0
2018-10-30,477.04,491.71,472.47,490.82,1131520.0
2018-10-31,513.86,526.33,508.0,521.18,1615174.0
2018-11-01,522.83,523.5,504.66,518.61,1032492.0
2018-11-02,520.0,529.0,510.59,516.22,658781.0
2018-11-05,516.82,519.99,502.88,507.4,792470.0
2018-11-06,506.65,520.49,506.01,519.69,766083.0
2018-11-07,523.37,546.06,523.3,545.68,1295747.0
2018-11-08,542.35,544.99,536.31,540.02,535805.0
2018-11-09,534.67,535.64,525.0,532.56,636731.0
2018-11-12,531.3,532.98,503.51,504.0,835334.0
2018-11-13,506.5,517.0,500.04,503.44,594620.0
2018-11-14,508.0,510.02,493.28,498.64,607540.0
2018-11-15,497.1,514.4,485.48,513.64,772460.0
2018-11-16,508.04,524.05,507.11,518.54,797008.0
2018-11-19,517.48,519.46,480.02,482.67,1114617.0
2018-11-20,470.0,492.87,462.01,485.24,1044716.0
2018-11-21,492.25,498.86,485.51,491.62,598909.0
2018-11-23,488.21,493.4,487.64,489.57,246627.0
2018-11-26,495.94,503.85,489.0,503.28,640493.0
2018-11-27,498.26,500.08,493.05,496.86,580964.0
2018-11-28,499.4,522.27,499.04,521.9,957003.0
2018-11-29,515.89,521.91,510.89,520.97,538670.0
2018-11-30,520.97,534.0,517.39,530.87,988212.0
2018-12-03,541.86,548.98,535.88,548.93,1087579.0
2018-12-04,542.19,547.35,516.43,518.82,977767.0
2018-12-06,505.35,519.1,496.79,519.09,1007430.0
2018-12-07,513.66,515.83,488.13,491.69,923876.0
2018-12-10,491.19,500.82,482.25,498.11,739566.0
2018-12-11,506.55,512.54,498.73,508.06,686666.0
2018-12-12,515.98,526.15,514.16,515.63,810024.0
2018-12-13,522.37,525.4,508.06,512.25,619328.0
2018-12-14,505.61,507.93,491.38,491.81,755428.0
2018-12-17,490.49,492.04,474.62,481.75,982040.0
2018-12-18,486.32,488.04,477.25,482.36,711805.0
2018-12-19,483.34,493.39,465.84,471.92,749750.0
2018-12-20,468.0,472.65,452.08,459.88,1173344.0
2018-12-21,460.87,465.0,445.38,446.02,1829222.0
2018-12-24,441.51,443.57,430.24,434.89,680626.0
2018-12-26,435.84,462.48,435.0,461.98,884560.0
2018-12-27,454.66,468.99,449.17,468.7,751173.0
2018-12-28,472.12,479.07,465.54,471.2,706658.0
2018-12-31,477.14,482.99,473.67,478.92,623731.0
2019-01-02,469.5,473.23,461.77,466.03,798709.0
2019-01-03,459.84,463.5,446.46,450.24,933150.0
2019-01-04,458.08,477.59,456.73,471.68,919947.0
2019-01-07,472.0,484.89,471.67,478.44,725819.0
2019-01-08,483.7,485.59,471.05,482.99,747220.0
2019-01-09,501.0,519.49,493.97,517.11,1436415.0
2019-01-10,510.47,519.72,510.19,518.07,980983.0
2019-01-11,515.0,516.59,501.32,505.32,990470.0
2019-01-14,501.0,504.69,499.04,502.71,640041.0
2019-01-15,503.12,516.44,503.12,515.46,867925.0
2019-01-16,518.45,525.83,515.81,515.93,628758.0
2019-01-17,512.91,535.13,511.23,534.28,987724.0
2019-01-18,539.4,543.56,527.81,542.55,1037570.0
2019-01-22,537.06,539.65,531.25,536.78,728812.0
2019-01-23,536.24,538.54,521.41,529.95,759865.0
2019-01-24,534.0,536.73,528.66,536.12,654789.0
2019-01-25,516.0,525.9,508.83,515.04,2023010.0
2019-01-28,509.1,511.1,495.04,496.73,942852.0
2019-01-29,497.01,502.24,486.64,494.25,843111.0
2019-01-30,497.28,509.3,491.89,508.48,732453.0
2019-01-31,510.16,525.96,507.24,523.64,1008932.0
2019-02-01,522.85,528.0,518.0,524.65,716173.0
2019-02-04,522.57,523.24,517.42,522.43,432305.0
2019-02-05,521.89,527.82,518.04,522.89,576688.0
2019-02-06,521.36,523.87,513.3,521.95,505682.0
2019-02-07,516.73,520.0,507.41,509.36,707893.0
2019-02-08,504.65,517.48,501.99,517.05,586048.0
2019-02-11,521.69,530.93,520.0,529.46,922005.0
2019-02-12,532.05,544.5,531.05,539.71,699032.0
2019-02-13,529.99,539.71,526.36,533.47,639492.0
2019-02-14,530.84,538.21,525.16,536.08,466823.0
2019-02-15,540.93,548.61,538.66,548.5,681576.0
2019-02-19,543.07,549.49,541.34,548.17,668472.0
2019-02-20,547.67,550.0,544.52,549.65,564476.0
2019-02-21,547.7,552.36,542.23,549.87,572145.0
2019-02-22,551.62,557.77,550.1,551.86,564727.0
2019-02-25,555.0,558.95,552.63,553.39,502486.0
2019-02-26,551.23,551.23,543.93,548.46,457091.0
2019-02-27,545.81,551.56,541.51,549.41,502266.0
2019-02-28,547.35,554.83,546.46,547.61,761840.0
2019-03-01,551.79,564.31,549.5,558.55,757284.0
2019-03-04,559.01,562.0,541.41,549.93,502675.0
2019-03-05,550.12,550.94,545.83,546.61,382754.0
2019-03-06,547.0,548.82,534.53,536.51,513755.0
2019-03-07,536.37,536.37,523.68,533.16,713217.0
2019-03-08,526.1,534.53,525.0,533.76,558126.0
2019-03-11,536.69,545.03,535.02,542.95,516740.0
2019-03-12,545.7,552.2,542.4,550.13,519265.0
2019-03-13,551.15,560.7,551.0,557.16,479246.0
2019-03-14,557.0,559.42,549.47,558.73,565400.0
2019-03-15,560.39,560.99,555.04,558.21,1281351.0
2019-03-18,558.47,559.87,553.09,559.49,574875.0
2019-03-19,560.0,565.42,555.41,562.72,559762.0
2019-03-20,563.0,571.72,560.99,569.36,653076.0
2019-03-21,567.79,579.23,566.73,577.98,512902.0
2019-03-22,573.66,574.28,560.75,561.26,562723.0
2019-03-25,561.0,565.12,557.6,562.72,395382.0
2019-03-26,568.46,573.23,565.22,567.64,391133.0
2019-03-27,565.57,567.63,552.01,558.27,477570.0
2019-03-28,558.58,563.98,554.79,562.89,328280.0
2019-03-29,565.7,571.99,561.65,570.58,507109.0
2019-04-01,575.0,579.85,572.81,575.54,580399.0
2019-04-02,579.0,579.79,575.11,575.98,579223.0
2019-04-03,578.97,580.25,574.04,576.26,621340.0
2019-04-04,577.16,577.16,559.8,570.28,655183.0
2019-04-05,574.52,577.94,572.69,575.72,452228.0
2019-04-08,574.46,578.87,567.6,578.34,503226.0
2019-04-09,577.37,581.55,576.04,579.38,492927.0
2019-04-10,579.59,586.85,575.01,585.89,502908.0
2019-04-11,585.89,586.56,577.43,584.63,387308.0
2019-04-12,587.98,589.32,580.75,582.85,379078.0
2019-04-15,585.44,586.33,575.06,576.81,533751.0
2019-04-16,582.09,582.49,557.79,561.43,867609.0
2019-04-17,565.0,565.75,521.67,525.0,1697845.0
2019-04-18,530.0,537.8,523.68,528.06,2436844.0
2019-04-22,499.9,505.87,486.66,491.06,3755600.0
2019-04-23,495.98,503.3,487.42,500.42,2101246.0
2019-04-24,505.0,511.67,501.0,508.14,1592294.0
2019-04-25,513.13,521.8,508.81,517.78,1456920.0
2019-04-26,521.49,524.39,512.01,519.11,707533.0
2019-04-29,520.0,522.0,509.92,510.34,752670.0
2019-04-30,511.77,513.61,508.49,510.63,703267.0
2019-05-01,511.61,512.0,496.53,497.05,941446.0
2019-05-02,496.46,506.11,496.0,502.11,810521.0
2019-05-03,506.47,509.3,504.33,507.94,462455.0
2019-05-06,497.14,508.89,496.69,508.48,756567.0
2019-05-07,502.8,505.0,489.22,491.31,1173032.0
2019-05-08,491.31,500.0,483.05,495.7,824933.0
2019-05-09,490.53,497.14,485.0,496.06,697517.0
2019-05-10,493.49,498.2,482.58,495.31,672879.0
2019-05-13,482.51,485.91,476.6,478.75,927606.0
2019-05-14,481.81,492.69,481.81,487.35,562675.0
2019-05-15,485.4,491.79,483.66,489.14,433571.0
2019-05-16,489.9,499.79,489.5,491.73,597379.0
2019-05-17,489.12,496.84,485.03,490.14,464781.0
2019-05-20,486.65,488.4,480.13,483.22,641281.0
2019-05-21,487.63,493.0,482.87,483.56,575168.0
2019-05-22,483.02,489.8,480.59,485.37,518562.0
2019-05-23,482.51,482.55,467.64,473.78,1144609.0
2019-05-24,475.39,478.9,471.63,476.53,774827.0
2019-05-28,475.35,483.69,470.97,471.22,906404.0
2019-05-29,469.3,474.63,467.34,471.93,695709.0
2019-05-30,472.7,480.75,471.95,477.22,478277.0
2019-05-31,468.56,471.49,462.94,464.85,850955.0
2019-06-03,462.84,468.0,455.15,458.27,1156584.0
2019-06-04,463.8,474.78,462.48,474.43,766943.0
2019-06-05,479.37,485.77,477.54,485.06,1081895.0
2019-06-06,485.06,488.81,480.46,485.24,588819.0
2019-06-07,486.46,499.88,485.36,499.04,844721.0
2019-06-10,500.6,516.07,500.6,509.72,1471680.0
2019-06-11,512.72,516.52,502.58,506.56,756925.0
2019-06-12,505.78,509.85,499.73,501.92,570845.0
2019-06-13,503.89,507.76,500.9,505.6,432010.0
2019-06-14,502.48,505.0,491.0,496.54,641668.0
2019-06-17,498.5,507.34,498.0,507.15,613569.0
2019-06-18,510.0,518.93,507.56,517.28,830080.0
2019-06-19,516.23,522.6,512.8,521.94,532709.0
2019-06-20,525.0,533.82,524.01,533.05,894292.0
2019-06-21,530.11,530.22,521.52,527.23,1103611.0
2019-06-24,528.0,530.87,525.18,525.8,651740.0
2019-06-25,526.0,527.07,519.16,520.53,676823.0
2019-06-26,523.54,523.54,510.79,513.72,465690.0
2019-06-27,517.13,520.0,509.53,517.76,415334.0
2019-06-28,517.94,524.99,513.0,524.55,611728.0
2019-07-01,532.0,535.0,525.97,529.31,401482.0
2019-07-02,529.02,531.51,523.21,529.52,610260.0
2019-07-03,530.0,540.46,528.52,537.18,486583.0
2019-07-05,532.02,539.0,526.83,537.25,432092.0
2019-07-08,534.63,534.63,529.22,533.16,465345.0
2019-07-09,529.01,532.64,526.31,528.27,637617.0
2019-07-10,530.0,537.57,529.07,532.28,825632.0
2019-07-11,534.09,537.82,532.64,536.0,402495.0
2019-07-12,531.21,531.21,520.51,526.25,732870.0
2019-07-15,529.03,534.23,526.6,527.75,425549.0
2019-07-16,527.12,530.35,514.26,515.56,902678.0
2019-07-17,516.52,526.83,516.52,523.5,683541.0
2019-07-18,522.5,537.22,521.39,536.63,852674.0
2019-07-19,533.25,544.85,525.37,528.81,1420868.0
2019-07-22,534.0,538.91,528.11,535.5,654294.0
2019-07-23,532.14,540.0,529.12,537.79,672530.0
2019-07-24,535.73,543.81,532.91,543.04,634700.0
2019-07-25,538.29,540.0,530.09,531.69,583813.0
2019-07-26,533.42,534.0,523.96,527.63,459139.0
2019-07-29,528.59,530.59,523.0,529.61,359615.0
2019-07-30,526.19,535.09,525.55,531.64,407601.0
2019-07-31,531.02,531.17,515.01,519.51,593279.0
2019-08-01,520.49,532.9,516.65,523.95,617053.0
2019-08-02,520.29,521.88,509.42,513.6,734933.0
2019-08-05,501.25,502.99,486.86,491.46,870397.0
2019-08-06,494.37,504.48,492.76,503.77,653483.0
2019-08-07,499.23,507.34,493.39,505.36,491712.0
2019-08-08,509.6,519.64,507.41,519.41,461809.0
2019-08-09,516.09,518.64,508.04,515.5,384989.0
2019-08-12,513.0,516.76,508.01,509.88,363323.0
2019-08-13,507.91,520.97,503.0,518.0,507927.0
2019-08-14,510.5,513.24,500.0,500.46,622465.0
2019-08-15,503.34,507.5,495.09,499.87,497048.0
2019-08-16,504.95,505.0,493.41,495.45,970964.0
2019-08-19,503.5,503.5,488.69,495.5,1020060.0
2019-08-20,497.64,500.0,492.39,497.83,695179.0
2019-08-21,501.5,504.82,500.0,501.28,406053.0
2019-08-22,502.0,503.81,495.6,500.27,369288.0
2019-08-23,498.98,501.98,482.0,484.58,698418.0
2019-08-26,489.86,491.23,482.6,491.09,480736.0
2019-08-27,495.0,499.89,492.24,495.02,546084.0
2019-08-28,492.0,502.91,492.0,501.25,601332.0
2019-08-29,505.68,510.5,502.95,508.16,438511.0
2019-08-30,510.39,513.65,508.05,511.34,583443.0
2019-09-03,505.23,509.81,490.09,493.94,894087.0
2019-09-04,497.34,499.05,489.34,496.22,484037.0
2019-09-05,501.68,513.0,498.98,508.17,626020.0
2019-09-06,509.45,510.14,502.0,505.26,625213.0
2019-09-09,504.08,506.0,495.93,496.69,528718.0
2019-09-10,495.0,502.8,488.0,502.3,803480.0
2019-09-11,504.53,525.01,502.3,522.82,988039.0
2019-09-12,523.62,527.98,521.26,523.12,615758.0
2019-09-13,523.64,526.97,519.34,523.22,383587.0
2019-09-16,518.78,524.37,514.04,523.64,422020.0
2019-09-17,525.0,532.48,521.24,530.17,618870.0
2019-09-18,528.31,531.18,523.53,530.77,572073.0
2019-09-19,529.36,538.0,528.25,529.45,456822.0
2019-09-20,527.04,536.88,525.99,531.16,699867.0
2019-09-23,529.46,534.35,526.42,527.96,501177.0
2019-09-24,532.0,546.25,528.08,541.46,1247960.0
2019-09-25,540.02,545.42,532.7,545.01,795650.0
2019-09-26,545.0,547.43,536.54,543.29,651333.0
2019-09-27,547.07,549.0,531.37,533.73,483038.0
2019-09-30,535.93,544.06,535.33,539.93,480274.0
2019-10-01,539.94,542.94,528.2,528.6,464410.0
2019-10-02,528.0,528.27,506.3,511.89,949437.0
2019-10-03,512.28,519.23,502.01,519.07,595733.0
2019-10-04,522.34,529.54,520.97,529.18,450227.0
2019-10-07,528.44,530.61,525.63,526.6,308969.0
2019-10-08,522.25,524.2,508.54,509.0,571552.0
2019-10-09,514.76,516.77,511.1,514.12,379223.0
2019-10-10,511.42,516.67,508.73,511.23,391568.0
2019-10-11,518.0,527.88,517.29,518.03,631543.0
2019-10-14,518.64,523.8,518.06,518.88,293401.0
2019-10-15,521.89,530.34,521.49,528.21,427971.0
2019-10-16,526.92,533.7,525.0,530.24,408050.0
2019-10-17,534.69,536.99,528.46,529.4,754655.0
2019-10-18,547.0,569.98,545.56,566.25,2330872.0
2019-10-21,564.21,565.84,559.03,562.7,888804.0
2019-10-22,557.15,559.43,534.91,535.75,993800.0
2019-10-23,535.18,544.44,535.18,539.85,586520.0
2019-10-24,543.0,549.84,536.16,547.95,542634.0
2019-10-25,547.0,553.51,540.59,549.27,421670.0
2019-10-28,548.22,561.29,546.01,558.65,518339.0
2019-10-29,554.94,564.71,552.68,556.17,428209.0
2019-10-30,555.55,558.0,550.0,556.32,452061.0
2019-10-31,553.71,559.0,547.67,552.95,387324.0
2019-11-01,557.46,562.85,552.01,559.37,568138.0
2019-11-04,562.51,563.82,558.45,560.86,413566.0
2019-11-05,560.43,568.79,559.5,563.37,757822.0
2019-11-06,563.11,567.99,553.77,554.16,487487.0
2019-11-07,558.21,558.93,548.03,551.89,457931.0
2019-11-08,551.33,555.36,547.3,548.95,357081.0
2019-11-11,545.1,547.84,540.17,544.8,503250.0
2019-11-12,545.0,553.66,545.0,549.36,467701.0
2019-11-13,542.4,551.21,541.84,550.53,556748.0
2019-11-14,550.37,560.63,549.15,554.44,593763.0
2019-11-15,559.3,569.55,557.0,569.54,847981.0
2019-11-18,569.0,578.0,567.55,569.09,847437.0
2019-11-19,570.0,580.16,567.52,577.8,659261.0
2019-11-20,576.67,582.99,568.21,572.53,543392.0
2019-11-21,568.0,571.99,563.05,571.82,463474.0
2019-11-22,571.7,572.06,562.42,569.49,407764.0
2019-11-25,572.18,581.59,570.73,581.5,649506.0
2019-11-26,577.79,586.5,576.0,586.0,984872.0
2019-11-27,586.56,593.71,586.56,591.25,639336.0
2019-11-29,590.0,594.16,588.01,592.9,295824.0
2019-12-02,592.0,592.9,583.5,587.38,631004.0
2019-12-03,578.79,581.75,575.88,579.23,532651.0
2019-12-04,580.24,584.84,578.22,582.33,346536.0
2019-12-05,582.72,585.57,579.53,580.81,474726.0
2019-12-06,584.63,588.65,582.46,585.57,522114.0
2019-12-09,583.74,586.35,572.57,573.17,802746.0
2019-12-10,574.56,577.92,572.91,575.37,369847.0
2019-12-11,578.02,578.35,572.96,574.79,355878.0
2019-12-12,575.5,584.62,572.87,580.97,387427.0
2019-12-13,580.9,584.34,577.58,579.65,362954.0
2019-12-16,585.0,591.32,582.02,590.04,586365.0
2019-12-17,590.7,596.0,587.1,593.72,624502.0
2019-12-18,592.26,596.04,590.86,592.27,546446.0
2019-12-19,594.62,594.62,586.21,588.71,576461.0
2019-12-20,591.45,593.3,587.46,591.31,1117391.0
2019-12-23,592.0,599.0,588.31,597.42,411227.0
2019-12-24,596.0,599.32,593.31,598.81,279626.0
2019-12-26,598.9,599.0,593.0,598.04,332143.0
2019-12-27,598.38,601.6,595.67,597.88,429054.0
2019-12-30,598.0,600.99,590.01,591.32,377690.0
2019-12-31,591.29,593.97,588.24,591.15,448052.0
2020-01-02,595.7,597.83,590.79,597.26,534224.0
2020-01-03,588.18,594.58,582.16,593.34,418910.0
2020-01-06,590.0,597.62,587.95,595.76,524759.0
2020-01-07,589.95,589.95,573.74,582.8,1172244.0
2020-01-08,581.54,585.37,576.59,581.78,893066.0
2020-01-09,587.51,589.75,582.08,585.79,998933.0
2020-01-10,605.5,616.56,597.89,598.72,1282724.0
2020-01-13,600.49,606.92,598.85,603.12,615244.0
2020-01-14,602.72,604.3,597.6,602.69,445342.0
2020-01-15,602.69,605.49,596.0,597.24,432200.0
2020-01-16,601.59,603.8,593.06,598.29,498910.0
2020-01-17,600.55,600.83,594.0,600.03,592589.0
2020-01-21,598.29,602.5,597.36,601.65,501361.0
2020-01-22,605.0,614.49,602.51,610.24,677217.0
2020-01-23,611.85,615.0,606.6,615.0,980501.0
2020-01-24,604.8,605.0,583.83,589.2,2089041.0
2020-01-27,571.91,572.99,559.26,567.5,1493223.0
2020-01-28,570.33,573.44,567.5,569.73,849994.0
2020-01-29,575.0,577.71,568.0,571.41,564865.0
2020-01-30,568.65,574.74,558.18,570.84,745540.0
2020-01-31,567.85,570.21,555.03,559.78,767862.0
2020-02-03,562.3,566.24,558.59,565.62,923857.0
2020-02-04,576.17,584.99,572.66,574.07,614881.0
2020-02-05,581.36,581.5,572.78,576.56,516135.0
2020-02-06,578.0,583.63,575.32,581.55,443324.0
2020-02-07,581.34,583.01,578.34,579.43,602195.0
2020-02-10,578.87,585.1,576.69,584.93,402967.0
2020-02-11,588.65,590.6,585.76,587.82,430968.0
2020-02-12,591.57,594.97,588.38,592.84,465977.0
2020-02-13,599.0,600.9,592.51,600.35,754032.0
2020-02-14,601.0,604.34,594.41,603.36,637100.0
2020-02-18,601.33,605.0,599.71,604.67,543041.0
2020-02-19,596.14,618.57,596.14,614.88,737785.0
2020-02-20,610.99,619.0,607.72,618.29,636643.0
2020-02-21,612.36,614.93,606.7,613.08,734140.0
2020-02-24,590.45,596.43,578.53,580.17,848460.0
2020-02-25,583.94,585.25,555.88,558.52,883997.0
2020-02-26,565.0,573.81,558.82,559.53,746427.0
2020-02-27,550.39,560.49,544.18,544.62,1066802.0
2020-02-28,527.91,536.85,518.56,533.96,1943235.0
2020-03-02,535.95,559.58,532.22,559.07,947805.0
2020-03-03,556.72,575.0,543.79,558.27,1027179.0
2020-03-04,568.0,583.72,563.0,582.9,734048.0
2020-03-05,571.79,576.77,560.53,568.37,957268.0
2020-03-06,550.0,559.48,538.08,555.14,1034127.0
2020-03-09,515.14,527.9,501.0,510.66,1151818.0
2020-03-10,530.67,538.94,505.56,537.4,978684.0
2020-03-11,520.0,522.56,502.76,509.55,1005093.0
2020-03-12,486.28,498.2,456.06,457.53,1693998.0
2020-03-13,478.03,482.3,432.57,470.98,1868757.0
2020-03-16,416.32,447.51,402.24,404.29,1790551.0
2020-03-17,412.99,429.04,370.0,425.48,1924412.0
2020-03-18,399.5,408.36,368.06,406.7,2207383.0
2020-03-19,401.26,433.89,372.0,408.2,1601724.0
2020-03-20,416.84,434.41,391.29,394.19,1421767.0
2020-03-23,382.0,390.79,360.5,367.75,1593746.0
2020-03-24,398.92,433.64,397.09,431.9,1881383.0
2020-03-25,433.3,483.98,430.0,460.31,1738890.0
2020-03-26,462.63,504.6,462.63,501.47,1653960.0
2020-03-27,478.75,506.4,476.68,490.41,1621868.0
2020-03-30,490.0,506.88,484.3,504.22,943261.0
2020-03-31,498.85,509.4,492.29,495.21,1140016.0
2020-04-01,460.26,475.0,450.27,458.26,1505834.0
2020-04-02,450.0,473.97,450.0,467.72,890848.0
2020-04-03,464.32,470.64,450.0,462.47,1089805.0
2020-04-06,489.49,503.4,477.03,500.24,1267647.0
2020-04-07,520.0,524.34,485.89,489.99,1487891.0
2020-04-08,495.0,514.67,486.03,510.5,1048662.0
2020-04-09,511.69,515.2,490.75,503.79,1391353.0
2020-04-13,496.24,500.05,488.17,494.53,770537.0
2020-04-14,501.27,514.44,498.93,507.94,1078710.0
2020-04-15,495.61,513.29,491.06,511.0,839207.0
2020-04-16,514.88,515.94,495.55,510.44,935600.0
2020-04-17,520.1,528.1,496.11,526.33,1365686.0
2020-04-20,523.5,529.5,517.65,518.33,719218.0
2020-04-21,506.18,511.25,488.0,496.63,909558.0
2020-04-22,503.76,514.43,499.31,512.13,777422.0
2020-04-23,515.12,524.0,511.58,513.22,759986.0
2020-04-24,519.03,520.49,508.66,514.93,517954.0
2020-04-27,522.45,523.21,513.0,517.1,426713.0
2020-04-28,515.87,519.0,500.0,503.45,667086.0
2020-04-29,512.69,526.17,506.04,519.72,713176.0
2020-04-30,517.5,518.0,508.44,510.88,562592.0
2020-05-01,503.0,506.97,492.0,498.86,680513.0
2020-05-04,497.4,504.37,495.55,501.99,497748.0
2020-05-05,509.75,519.0,504.57,512.86,506285.0
2020-05-06,515.31,523.02,507.87,511.85,489791.0
2020-05-07,522.05,536.54,517.64,535.94,945327.0
2020-05-08,542.92,544.44,534.74,537.77,925411.0
2020-05-11,532.0,540.0,529.5,539.1,772862.0
2020-05-12,535.99,540.7,522.84,522.86,494214.0
2020-05-13,522.24,527.17,502.0,508.93,765795.0
2020-05-14,501.78,518.47,501.13,517.27,535199.0
2020-05-15,514.06,520.41,511.19,520.41,462123.0
2020-05-18,531.52,546.35,529.43,538.41,586271.0
2020-05-19,540.37,542.96,530.6,531.0,397679.0
2020-05-20,540.0,555.46,537.48,552.31,655015.0
2020-05-21,550.45,554.4,543.81,545.95,465346.0
2020-05-22,546.96,563.13,543.9,562.8,556495.0
2020-05-26,575.0,582.48,560.0,561.09,823152.0
2020-05-27,566.5,567.22,549.35,564.73,621048.0
2020-05-28,562.65,585.61,562.65,572.39,822529.0
2020-05-29,574.0,581.59,567.0,580.03,895651.0
2020-06-01,574.8,580.72,570.63,574.59,478392.0
2020-06-02,575.68,580.56,568.95,579.81,496111.0
2020-06-03,579.5,584.6,573.97,574.46,646127.0
2020-06-04,573.98,573.98,559.18,564.25,830328.0
2020-06-05,567.86,601.21,567.5,592.76,1012901.0
2020-06-08,590.6,593.72,584.41,592.7,605575.0
2020-06-09,585.06,592.75,582.78,584.52,496246.0
2020-06-10,574.37,590.03,571.28,585.38,579736.0
2020-06-11,573.97,576.69,547.13,547.83,882494.0
2020-06-12,563.03,569.34,545.52,558.41,672639.0
2020-06-15,546.5,571.98,544.87,571.28,615599.0
2020-06-16,587.88,589.27,572.56,575.07,644857.0
2020-06-17,580.34,585.63,576.58,578.49,388435.0
2020-06-18,578.2,585.76,576.99,585.54,412426.0
2020-06-19,591.71,595.34,579.67,587.53,1156107.0
2020-06-22,588.26,590.28,582.49,588.96,535771.0
2020-06-23,591.0,596.3,587.0,588.52,419980.0
2020-06-24,582.63,583.01,552.43,554.96,959665.0
2020-06-25,556.7,557.29,543.03,555.11,716290.0
2020-06-26,556.57,557.87,544.87,549.85,658621.0
2020-06-29,553.51,554.99,544.16,553.77,447654.0
2020-06-30,554.65,573.38,551.98,569.83,725417.0
2020-07-01,572.0,576.99,567.09,575.54,464700.0
2020-07-02,582.29,583.44,576.83,580.48,513407.0
2020-07-06,588.88,591.37,581.1,584.64,495439.0
2020-07-07,579.7,586.93,575.14,575.34,383697.0
2020-07-08,578.96,583.07,575.61,580.96,381929.0
2020-07-09,579.22,583.22,568.0,574.47,482822.0
2020-07-10,574.7,577.11,567.51,575.87,309936.0
2020-07-13,579.16,588.79,570.0,571.29,516914.0
2020-07-14,569.64,586.48,566.21,585.34,551457.0
2020-07-15,591.25,609.0,590.58,607.8,790352.0
2020-07-16,604.7,612.77,596.36,604.25,696107.0
2020-07-17,610.0,654.8,606.36,650.74,1665162.0
2020-07-20,645.44,671.63,631.57,667.54,1097375.0
2020-07-21,667.23,675.06,652.55,658.15,1155447.0
2020-07-22,669.45,684.85,660.02,681.34,1132173.0
2020-07-23,684.79,699.72,671.72,686.55,820662.0
2020-07-24,665.13,677.1,658.98,675.33,790382.0
2020-07-27,673.07,689.83,668.08,685.35,558331.0
2020-07-28,680.0,685.0,674.25,679.69,429717.0
2020-07-29,682.72,704.0,680.01,695.79,801060.0
2020-07-30,688.96,692.29,680.11,687.39,546979.0
2020-07-31,687.85,690.64,675.72,685.44,547284.0
2020-08-03,685.75,693.24,685.37,688.94,489554.0
2020-08-04,687.23,689.41,681.5,683.5,398852.0
2020-08-05,687.65,697.57,685.32,692.89,471362.0
2020-08-06,690.2,692.53,676.09,691.25,336991.0
2020-08-07,691.02,694.1,680.02,685.85,370119.0
2020-08-10,684.74,685.34,675.99,683.0,301610.0
2020-08-11,685.99,685.99,671.62,675.0,335330.0
2020-08-12,676.24,686.0,672.77,683.09,479221.0
2020-08-13,682.72,694.0,680.09,690.56,274622.0
2020-08-14,692.54,692.54,681.35,684.52,295953.0
2020-08-17,685.02,695.06,684.34,694.0,421320.0
2020-08-18,691.63,696.2,690.74,692.39,405514.0
2020-08-19,695.0,699.0,689.66,691.41,506178.0
2020-08-20,689.25,695.21,687.01,693.05,289562.0
2020-08-21,690.54,694.98,686.68,693.88,529843.0
2020-08-24,699.0,701.96,689.29,695.74,527391.0
2020-08-25,695.78,700.85,694.18,699.5,496710.0
2020-08-26,700.0,701.48,692.79,699.99,512688.0
2020-08-27,700.83,718.11,692.12,709.39,863706.0
2020-08-28,713.34,729.95,708.69,727.01,646888.0
2020-08-31,723.17,734.45,721.0,730.84,602540.0
2020-09-01,732.45,742.44,727.31,741.57,521311.0
2020-09-02,742.01,778.83,738.33,765.11,1078057.0
2020-09-03,752.86,756.98,724.13,741.61,1083930.0
2020-09-04,743.11,749.85,717.75,735.28,829265.0
2020-09-08,710.0,717.87,692.03,694.17,1041385.0
2020-09-09,703.36,726.71,702.16,719.48,616906.0
2020-09-10,718.5,728.69,701.27,705.6,521284.0
2020-09-11,713.83,715.53,697.99,702.54,433424.0
2020-09-14,712.41,722.14,711.14,716.34,389610.0
2020-09-15,724.25,726.16,711.14,715.57,378511.0
2020-09-16,720.32,723.53,689.66,691.39,770799.0
2020-09-17,685.21,690.29,673.49,680.87,819734.0
2020-09-18,679.0,685.15,649.42,655.57,1341555.0
2020-09-21,648.1,648.1,633.29,641.95,784340.0
2020-09-22,648.46,667.44,641.64,666.02,1236184.0
2020-09-23,675.63,676.2,655.18,657.41,625492.0
2020-09-24,652.14,663.68,647.54,657.53,414959.0
2020-09-25,654.66,677.92,653.0,673.73,522276.0
2020-09-28,685.0,695.56,680.03,693.16,650465.0
2020-09-29,698.0,715.89,690.55,692.93,542029.0
2020-09-30,697.15,717.89,690.55,709.54,631781.0
2020-10-01,713.11,718.43,704.02,710.52,414651.0
2020-10-02,700.08,707.57,692.1,696.28,534447.0
2020-10-05,699.1,708.56,696.82,707.7,402153.0
2020-10-06,709.53,716.22,696.3,699.02,411975.0
2020-10-07,708.44,721.99,708.44,720.28,393467.0
2020-10-08,725.0,728.62,720.12,723.02,370338.0
2020-10-09,729.88,741.27,728.0,738.19,413463.0
2020-10-12,748.74,759.03,743.23,755.67,755210.0
2020-10-13,755.92,761.05,749.73,755.35,544556.0
2020-10-14,759.31,766.18,746.16,751.08,638311.0
2020-10-15,742.07,755.4,740.0,741.0,929178.0
2020-10-16,725.0,760.88,716.28,752.68,1032235.0
2020-10-19,755.25,771.62,729.37,736.12,577663.0
2020-10-20,736.12,745.55,729.9,733.0,399789.0
2020-10-21,730.8,734.66,722.59,728.48,612858.0
2020-10-22,729.62,738.34,723.89,732.94,311700.0
2020-10-23,738.33,740.0,727.5,735.48,281680.0
2020-10-26,727.08,729.77,700.68,711.77,513648.0
2020-10-27,713.52,728.05,711.37,720.9,325004.0
2020-10-28,704.32,705.14,687.79,687.8,563961.0
2020-10-29,690.0,694.47,683.37,686.28,886121.0
2020-10-30,682.2,686.0,653.0,667.08,996716.0
2020-11-02,680.62,683.0,669.29,675.98,621862.0
2020-11-03,684.0,696.78,680.82,682.0,626463.0
2020-11-04,708.68,717.96,700.71,709.65,920323.0
2020-11-05,734.54,734.79,718.67,728.28,535365.0
2020-11-06,729.41,737.4,720.25,733.87,406042.0
2020-11-09,755.78,792.54,755.78,773.45,1127941.0
2020-11-10,771.04,771.71,742.0,749.5,640866.0
2020-11-11,754.53,759.83,736.12,737.55,518650.0
2020-11-12,744.17,751.78,736.97,740.77,413858.0
2020-11-13,748.33,755.32,744.73,753.38,287491.0
2020-11-16,760.0,764.04,748.12,758.19,520375.0
2020-11-17,747.97,752.28,740.65,749.15,384324.0
2020-11-18,747.24,747.73,733.0,733.38,434013.0
2020-11-19,730.76,737.43,723.49,733.95,380536.0
2020-11-20,731.01,735.26,726.63,730.74,389672.0
2020-11-23,731.48,734.05,713.07,719.05,501051.0
2020-11-24,726.9,728.65,721.02,724.84,587238.0
2020-11-25,729.3,732.74,724.87,726.37,343001.0
2020-11-27,735.37,735.57,726.0,729.82,265388.0
2020-11-30,725.41,733.89,721.0,726.05,784644.0
2020-12-01,733.3,736.52,721.85,733.65,518983.0
2020-12-02,731.01,754.2,731.01,751.28,587047.0
2020-12-03,751.99,764.25,748.87,758.72,544782.0
2020-12-04,753.47,781.9,753.47,780.34,553878.0
2020-12-07,778.0,780.53,762.32,764.39,577469.0
2020-12-08,762.86,767.58,755.0,765.35,425393.0
2020-12-09,767.61,767.61,750.1,753.51,529155.0
2020-12-10,755.6,766.8,748.08,758.07,496207.0
2020-12-11,754.15,761.9,745.88,760.0,545860.0
2020-12-14,764.0,780.63,762.05,764.79,598133.0
2020-12-15,757.01,771.56,755.0,768.49,432614.0
2020-12-16,765.75,769.96,762.06,766.06,359630.0
2020-12-17,771.38,781.25,767.25,779.78,435540.0
2020-12-18,786.79,790.8,775.04,789.09,874293.0
2020-12-21,778.01,789.98,768.18,789.27,514001.0
2020-12-22,790.11,816.84,788.27,815.25,748731.0
2020-12-23,817.01,826.81,808.53,809.65,644305.0
2020-12-24,810.71,812.34,803.01,807.0,163268.0
2020-12-28,818.21,819.99,797.22,805.16,409870.0
2020-12-29,812.37,820.3,807.14,814.07,373417.0
2020-12-30,819.99,822.15,812.04,815.3,258532.0
2020-12-31,815.52,821.03,810.31,818.1,386888.0
2021-01-04,825.84,825.84,788.88,800.0,593861.0
2021-01-05,793.89,811.39,789.39,805.05,454674.0
2021-01-06,795.28,800.0,786.86,792.79,690459.0
2021-01-07,798.87,810.41,790.0,808.21,428487.0
2021-01-08,804.22,825.39,804.06,818.75,476195.0
2021-01-11,818.43,818.43,803.84,813.65,548245.0
2021-01-12,811.34,813.03,788.3,788.43,634619.0
2021-01-13,787.37,824.0,786.0,811.45,850141.0
2021-01-14,814.29,815.77,795.05,797.14,486925.0
2021-01-15,800.06,802.06,777.0,778.42,772848.0
2021-01-19,785.09,792.0,775.42,778.41,640456.0
2021-01-20,785.55,801.67,781.63,798.57,549472.0
2021-01-21,796.33,802.0,782.6,798.67,660063.0
2021-01-22,783.04,789.22,743.53,744.08,1766446.0
2021-01-25,747.41,754.65,735.64,752.01,1102403.0
2021-01-26,754.48,772.63,753.02,769.65,1012317.0
2021-01-27,760.4,769.39,746.96,758.73,772512.0
2021-01-28,767.05,778.24,764.93,765.36,573762.0
2021-01-29,754.36,761.17,741.5,747.64,630112.0
2021-02-01,752.0,760.87,740.0,746.11,628026.0
2021-02-02,753.66,768.49,753.66,757.84,551470.0
2021-02-03,754.99,757.76,744.61,745.4,510705.0
2021-02-04,750.0,764.64,745.26,757.05,759027.0
2021-02-05,764.6,766.33,760.5,762.25,435719.0
2021-02-08,768.26,775.04,761.86,769.99,429145.0
2021-02-09,772.99,788.91,770.78,779.35,505541.0
2021-02-10,787.0,794.51,778.92,788.09,560659.0
2021-02-11,794.0,800.4,788.22,798.83,427949.0
2021-02-12,799.26,808.42,793.79,807.81,430446.0
2021-02-16,810.0,812.79,788.89,791.95,673287.0
2021-02-17,782.0,788.4,774.42,780.06,372731.0
2021-02-18,774.57,776.42,757.79,767.53,643990.0
2021-02-19,773.25,773.25,749.68,750.15,746343.0
2021-02-22,751.79,752.79,737.0,741.4,637077.0
2021-02-23,742.0,748.63,732.1,744.71,702115.0
2021-02-24,743.73,759.67,738.29,758.71,440223.0
2021-02-25,754.86,758.89,731.9,741.79,445415.0
2021-02-26,743.9,747.7,726.31,736.8,669139.0
2021-03-01,749.04,760.77,745.67,759.21,559227.0
2021-03-02,760.0,760.0,746.78,750.0,390993.0
2021-03-03,746.06,746.06,721.48,727.15,507117.0
2021-03-04,725.0,727.24,699.03,709.17,809226.0
2021-03-05,712.25,718.44,687.24,713.37,759138.0
2021-03-08,705.35,710.57,682.4,684.9,639192.0
2021-03-09,697.54,710.25,690.01,702.8,696923.0
2021-03-10,720.98,727.61,712.83,719.81,732710.0
2021-03-11,730.36,738.98,724.36,732.0,497640.0
2021-03-12,721.12,736.41,720.0,733.99,489055.0
2021-03-15,727.32,737.55,725.05,735.06,400920.0
2021-03-16,740.41,741.5,721.51,726.63,425825.0
2021-03-17,724.33,728.97,712.8,724.64,352153.0
2021-03-18,715.72,719.57,695.06,699.32,646924.0
2021-03-19,701.5,714.72,695.39,707.49,792568.0
2021-03-22,707.72,721.16,703.14,714.73,436566.0
2021-03-23,716.51,720.98,707.65,710.82,335004.0
2021-03-24,712.0,720.34,705.49,711.07,484116.0
2021-03-25,710.65,714.42,693.62,704.5,460034.0
2021-03-26,707.08,731.84,704.75,730.75,569255.0
2021-03-29,729.45,734.14,717.33,723.95,450350.0
2021-03-30,719.11,728.99,714.52,726.49,480832.0
2021-03-31,728.56,743.93,727.26,738.94,565101.0
2021-04-01,749.99,758.07,745.88,747.6,452569.0
2021-04-05,750.21,770.63,750.21,765.93,565914.0
2021-04-06,767.13,776.27,760.8,766.85,385267.0
2021-04-07,767.39,771.02,759.57,761.02,367031.0
2021-04-08,765.95,774.1,765.95,770.35,302023.0
2021-04-09,773.58,786.32,768.48,784.48,355327.0
2021-04-12,778.13,785.66,777.32,779.26,336195.0
2021-04-13,778.95,796.83,778.95,794.47,428782.0
2021-04-14,792.0,800.25,784.8,785.83,371013.0
2021-04-15,792.66,808.0,789.3,804.72,412328.0
2021-04-16,807.65,813.4,801.85,812.57,539484.0
2021-04-19,808.77,815.68,802.52,811.19,519325.0
2021-04-20,806.66,824.53,806.65,811.11,693167.0
2021-04-21,840.92,893.79,820.0,891.38,2097929.0
2021-04-22,884.89,887.89,858.56,859.66,1214466.0
2021-04-23,851.19,882.92,842.72,875.53,833546.0
2021-04-26,866.44,872.07,860.17,865.94,584516.0
2021-04-27,867.0,867.0,858.5,861.38,510362.0
2021-04-28,862.57,875.83,860.98,868.79,570701.0
2021-04-29,873.7,873.7,857.82,863.22,384835.0
2021-04-30,856.97,865.91,855.27,865.0,477669.0
2021-05-03,873.47,874.99,860.14,867.55,377836.0
2021-05-04,861.72,862.08,834.11,848.99,656972.0
2021-05-05,854.13,860.98,836.53,838.4,489466.0
2021-05-06,834.26,842.69,825.66,842.46,421267.0
2021-05-07,845.3,863.28,845.3,857.09,490596.0
2021-05-10,859.03,862.0,833.06,834.79,502795.0
2021-05-11,823.16,840.82,820.99,836.75,484667.0
2021-05-12,824.05,825.48,804.27,811.79,569458.0
2021-05-13,813.21,827.07,813.21,820.59,395502.0
2021-05-14,822.97,839.44,821.51,833.38,362269.0
2021-05-17,828.78,828.78,811.6,817.01,682081.0
2021-05-18,821.66,824.0,813.57,814.62,529383.0
2021-05-19,801.74,817.03,797.71,816.96,491266.0
2021-05-20,821.68,836.91,819.74,832.66,1078673.0
2021-05-21,840.0,843.01,824.08,824.99,507030.0
2021-05-24,833.05,840.36,832.26,834.92,725332.0
2021-05-25,840.29,846.76,838.38,846.01,676351.0
2021-05-26,847.11,849.69,835.2,839.38,495144.0
2021-05-27,838.7,846.54,829.2,834.36,1306795.0
2021-05-28,838.99,854.32,838.99,842.18,525294.0
2021-06-01,852.77,852.77,828.75,836.04,497894.0
2021-06-02,836.22,837.9,818.93,821.54,398650.0
2021-06-03,812.89,824.84,811.11,816.65,420487.0
2021-06-04,821.56,835.79,821.13,831.45,458166.0
2021-06-07,835.16,843.19,828.81,831.12,362957.0
2021-06-08,835.35,841.14,826.19,833.67,414275.0
2021-06-09,836.28,843.97,834.75,840.24,361696.0
2021-06-10,843.07,859.63,841.14,859.14,396421.0
2021-06-11,860.0,864.3,855.37,864.27,445172.0
2021-06-14,862.29,873.41,859.64,872.79,421383.0
2021-06-15,875.0,875.35,869.66,872.36,437127.0
2021-06-16,874.36,881.62,865.0,871.42,448186.0
2021-06-17,869.24,891.27,866.38,885.01,522440.0
2021-06-18,880.53,886.0,875.6,878.86,801193.0
2021-06-21,884.86,900.95,875.58,894.0,474667.0
2021-06-22,895.27,903.0,887.08,901.96,449895.0
2021-06-23,900.0,911.36,899.19,905.42,430805.0
2021-06-24,913.29,913.71,900.36,904.57,341011.0
2021-06-25,905.0,912.19,903.65,908.35,434468.0
2021-06-28,909.78,914.55,904.5,912.41,415164.0
2021-06-29,915.0,926.04,910.98,920.72,413768.0
2021-06-30,920.05,925.0,912.02,919.64,539797.0
2021-07-01,917.53,928.0,916.49,927.46,364534.0
2021-07-02,930.88,939.47,929.31,938.16,338529.0
2021-07-06,942.55,949.29,927.47,948.04,575419.0
2021-07-07,954.01,960.87,948.69,954.69,497619.0
2021-07-08,941.24,953.81,936.32,951.87,455340.0
2021-07-09,951.87,955.19,938.16,950.78,341332.0
2021-07-12,952.34,960.67,946.52,959.05,343708.0
2021-07-13,962.32,965.05,954.85,956.25,285504.0
2021-07-14,964.56,964.96,952.18,955.08,319432.0
2021-07-15,953.07,958.93,947.56,953.66,461284.0
2021-07-16,955.64,958.91,949.34,950.11,351753.0
2021-07-19,944.0,944.0,926.48,932.19,702095.0
2021-07-20,934.95,965.98,928.93,955.05,910877.0
2021-07-21,985.0,987.27,926.52,944.94,847030.0
2021-07-22,951.21,975.92,946.32,973.89,651485.0
2021-07-23,971.64,978.39,962.52,976.46,439279.0
2021-07-26,969.83,974.01,954.25,966.1,534817.0
2021-07-27,967.63,975.1,960.22,975.08,357657.0
2021-07-28,975.08,980.0,968.94,972.5,323818.0
2021-07-29,973.0,983.13,970.41,981.49,316411.0
2021-07-30,979.11,995.09,977.12,991.46,412978.0
2021-08-02,995.99,998.67,986.03,992.55,311640.0
2021-08-03,995.03,1001.0,989.04,999.61,325634.0
2021-08-04,1000.0,1002.0,989.74,990.88,428468.0
2021-08-05,1012.0,1024.0,998.68,1019.1,557350.0
2021-08-06,1020.0,1030.48,1007.24,1030.02,496422.0
2021-08-09,1033.09,1036.05,1025.8,1032.0,362065.0
2021-08-10,1033.89,1035.1,994.41,995.62,600333.0
2021-08-11,999.51,1007.02,986.67,995.65,442121.0
2021-08-12,998.76,1011.11,996.48,1000.0,525764.0
2021-08-13,1001.69,1005.5,996.4,1003.04,488429.0
2021-08-16,1004.21,1019.06,999.49,1018.24,382641.0
2021-08-17,1015.92,1040.0,1011.61,1035.0,504162.0
2021-08-18,1033.4301,1049.0,1033.03,1039.38,417629.0
2021-08-19,1037.8199,1058.9301,1032.71,1055.64,486682.0
2021-08-20,1056.36,1061.83,1040.91,1043.8199,614010.0
2021-08-23,1051.72,1059.8101,1034.33,1046.02,503612.0
2021-08-24,1050.0,1058.91,1039.73,1046.6899,473927.0
2021-08-25,1046.7,1050.0,1039.05,1043.96,441622.0
2021-08-26,1048.12,1050.0601,1035.9,1042.25,468452.0
2021-08-27,1045.54,1050.15,1034.01,1036.52,458206.0
2021-08-30,1041.17,1059.95,1041.17,1058.91,296623.0
2021-08-31,1059.13,1061.77,1043.77,1053.5601,458992.0
2021-09-01,1055.0,1064.37,1047.53,1062.71,348879.0
2021-09-02,1066.8,1077.08,1065.49,1071.53,403866.0
2021-09-03,1071.3101,1076.29,1058.05,1071.77,337728.0
2021-09-07,1073.26,1078.5601,1063.0,1078.16,329673.0
2021-09-08,1078.0,1087.01,1072.4,1082.5601,349419.0
2021-09-09,1083.16,1085.86,1069.65,1070.01,388008.0
2021-09-10,1078.65,1082.05,1013.0,1023.47,1143665.0
2021-09-13,1031.4301,1032.58,1011.0,1027.8199,635713.0
2021-09-14,1033.5699,1046.87,1027.98,1039.01,550395.0
2021-09-15,1040.0,1046.96,1031.12,1045.52,536113.0
2021-09-16,1045.58,1047.4301,1028.76,1034.01,513478.0
2021-09-17,1035.29,1040.46,1028.03,1037.27,635359.0
2021-09-20,1024.4,1031.87,1000.05,1013.99,662518.0
2021-09-21,1020.86,1029.62,1013.0,1014.04,637926.0
2021-09-22,1020.0,1037.3199,1015.0,1028.47,526115.0
2021-09-23,1031.25,1051.9,1030.53,1044.84,638723.0
2021-09-24,1040.58,1045.97,1030.47,1043.33,494986.0
2021-09-27,1039.89,1039.99,1003.0,1013.75,636502.0
2021-09-28,1005.53,1006.73,978.53,992.49,684952.0
2021-09-29,995.9,1004.04,989.01,992.35,457216.0
2021-09-30,997.47,1010.3,993.33,994.15,460108.0
2021-10-01,994.0,1021.56,976.0,1009.5,750396.0
2021-10-04,1000.06,1001.15,963.16,970.5,702929.0
2021-10-05,325.93,335.08,323.6,330.07,1478158.0
2021-10-06,329.54,335.38,327.5,334.94,1850937.0
2021-10-07,341.36,346.84,337.85,338.34,1906609.0
2021-10-08,339.69,342.1,328.01,328.54,1368137.0
2021-10-11,326.5,329.21,323.84,324.18,979371.0
2021-10-12,328.0,329.1,321.88,324.45,1277058.0
2021-10-13,325.67,328.72,325.14,326.0,1867136.0
2021-10-14,328.39,332.78,328.32,330.95,1432563.0
2021-10-15,332.2,333.45,330.0,331.5,1387247.0
2021-10-18,330.33,332.38,323.04,332.3,1530614.0
2021-10-19,338.11,345.16,332.17,336.3,3642534.0
2021-10-20,338.0,341.9,327.39,339.8,2458224.0
2021-10-21,342.22,343.26,337.44,339.63,1338068.0
2021-10-22,339.75,342.82,337.64,341.52,1318992.0
2021-10-25,340.19,347.09,336.76,343.59,1938376.0
2021-10-26,346.71,351.19,343.59,348.7,1737021.0
2021-10-27,348.69,350.63,340.85,348.98,1684174.0
2021-10-28,349.24,356.63,349.24,355.61,1371941.0
2021-10-29,353.85,362.67,352.92,361.13,1558746.0
2021-11-01,361.69,365.52,354.53,355.03,1812543.0
2021-11-02,356.58,361.5,354.55,360.37,1046622.0
2021-11-03,360.29,362.92,353.96,361.49,1410210.0
2021-11-04,361.49,364.4,359.01,363.32,1067764.0
2021-11-05,363.42,369.69,359.49,364.95,1575465.0
2021-11-08,366.02,368.14,361.97,365.42,908151.0
2021-11-09,365.0,366.79,362.57,364.15,1123847.0
2021-11-10,363.0,367.48,357.89,359.49,1082148.0
2021-11-11,360.0,360.26,348.65,350.79,1376730.0
2021-11-12,353.68,356.67,350.47,354.93,928160.0
2021-11-15,355.51,357.19,351.73,353.56,878392.0
2021-11-16,351.86,362.82,351.86,361.12,1182221.0
2021-11-17,361.12,364.22,358.0,361.42,1449220.0
2021-11-18,361.46,362.66,356.42,359.2,896676.0
2021-11-19,359.2,359.96,346.0,348.65,1680834.0
2021-11-22,348.0,349.0,340.43,340.72,2041454.0
2021-11-23,341.0,341.69,332.81,335.9,2072368.0
2021-11-24,335.45,340.5,331.79,339.42,993529.0
2021-11-26,330.67,334.95,328.04,329.23,1491805.0
2021-11-29,332.81,339.67,328.2,334.74,1763680.0
2021-11-30,335.22,336.22,321.5,324.34,2414490.0
2021-12-01,328.61,330.13,319.65,319.93,1673336.0
2021-12-02,319.93,329.52,318.44,327.32,1350000.0
2021-12-03,329.2,329.99,313.69,321.63,2485166.0
2021-12-06,321.24,325.53,314.0,323.77,2954113.0
2021-12-07,329.91,342.62,329.5,340.49,2138399.0
2021-12-08,340.85,341.99,337.13,340.8,2094993.0
2021-12-09,339.73,345.98,338.77,340.34,1296697.0
2021-12-10,343.16,346.08,341.47,344.96,1316566.0
2021-12-13,344.74,345.77,339.63,340.36,1530487.0
2021-12-14,336.51,336.51,325.6,328.24,1482261.0
2021-12-15,330.35,334.9,323.79,331.66,2192067.0
2021-12-16,338.01,341.72,333.13,334.53,2004051.0
2021-12-17,332.4,343.1,332.4,337.4,2633728.0
2021-12-20,330.38,334.2,326.06,332.11,1560432.0
2021-12-21,333.45,348.77,332.64,348.09,1699511.0
2021-12-22,346.96,362.54,346.83,362.21,1410424.0
2021-12-23,360.65,365.67,357.33,363.94,1022667.0
2021-12-27,363.46,366.53,361.61,364.58,1136634.0
2021-12-28,364.58,366.72,362.03,364.54,931177.0
2021-12-29,365.36,369.21,364.02,365.27,897461.0
2021-12-30,366.09,367.65,362.81,363.3,754463.0
2021-12-31,363.02,366.15,358.79,359.3,1157830.0
2022-01-03,358.65,360.51,353.13,360.0,1573306.0
2022-01-04,360.0,362.0,352.57,354.63,1310958.0
2022-01-05,352.49,355.7,341.65,341.95,1804990.0
2022-01-06,339.88,341.71,333.38,334.18,1701854.0
2022-01-07,330.94,333.07,323.23,324.29,1747008.0
2022-01-10,321.18,325.81,315.25,325.53,2057509.0
2022-01-11,325.77,328.16,318.74,328.02,1825352.0
2022-01-12,324.81,327.14,319.56,323.16,2106970.0
2022-01-13,324.98,325.01,312.39,313.21,1717808.0
2022-01-14,310.39,311.51,303.89,307.74,2299939.0
2022-01-18,301.37,301.48,294.67,295.49,2314658.0
2022-01-19,296.07,299.63,293.0,293.46,1917851.0
2022-01-20,296.0,304.43,291.82,292.73,2772287.0
2022-01-21,275.04,281.58,267.3,269.53,5584178.0
2022-01-24,264.62,272.78,254.2,271.98,4707679.0
2022-01-25,261.64,268.4,260.3,264.14,2768237.0
2022-01-26,269.0,275.01,261.2,264.46,3512670.0
2022-01-27,267.59,270.83,261.02,262.77,2585585.0
2022-01-28,264.42,272.04,258.12,271.79,2712774.0
2022-01-31,276.23,285.23,273.81,284.18,2993400.0
2022-02-01,285.18,289.7,281.61,286.51,2098738.0
2022-02-02,292.08,295.26,289.07,292.94,2328934.0
2022-02-03,286.84,291.96,284.91,285.6,1920153.0
2022-02-04,282.85,288.29,280.46,285.73,1634052.0
2022-02-07,284.41,290.9,283.56,284.89,1721456.0
2022-02-08,283.65,285.35,277.81,283.39,2047966.0
2022-02-09,287.11,292.94,287.11,292.18,2141932.0
2022-02-10,287.69,294.98,286.74,292.49,2882855.0
2022-02-11,291.53,294.48,282.2,283.16,2267399.0
2022-02-14,283.24,286.17,279.03,281.14,1563267.0
2022-02-15,285.0,290.61,284.8,289.31,1413799.0
2022-02-16,289.0,292.36,282.72,291.14,1797240.0
2022-02-17,289.47,290.0,283.5,284.08,1573497.0
2022-02-18,283.37,286.6,280.24,280.78,1423628.0
2022-02-22,278.12,287.32,277.35,284.0,2116945.0
2022-02-23,284.95,286.45,275.56,276.5,1706036.0
2022-02-24,266.22,289.29,266.02,288.38,2733731.0
2022-02-25,289.08,293.62,284.65,293.51,1454887.0
2022-02-28,290.21,293.33,286.47,290.33,1644643.0
2022-03-01,289.96,293.79,287.01,291.55,1645661.0
2022-03-02,294.15,300.72,291.81,299.01,1748339.0
2022-03-03,301.22,304.28,298.41,299.82,2098608.0
2022-03-04,296.71,303.0,294.72,302.28,1995954.0
2022-03-07,300.5,304.68,291.61,292.69,2866213.0
2022-03-08,286.66,288.98,268.92,269.32,3452117.0
2022-03-09,277.45,279.8,272.74,278.82,2080804.0
2022-03-10,272.89,276.72,271.0,275.72,1331160.0
2022-03-11,278.25,281.75,273.46,273.69,1842068.0
2022-03-14,272.34,277.81,262.53,263.8,2722220.0
2022-03-15,267.65,270.84,265.0,270.0,3024590.0
2022-03-16,273.55,279.77,268.71,277.85,2429890.0
2022-03-17,277.74,283.5,276.53,282.95,1799941.0
2022-03-18,283.31,291.2,278.56,290.11,3152881.0
2022-03-21,287.66,290.09,279.51,283.28,1645980.0
2022-03-22,283.11,287.91,281.74,286.44,1529268.0
2022-03-23,284.52,284.52,274.52,275.2,1639565.0
2022-03-24,276.82,281.19,273.65,281.08,1513251.0
2022-03-25,285.09,286.94,282.28,286.87,1435113.0
2022-03-28,286.04,295.46,285.32,294.95,1963579.0
2022-03-29,298.35,302.51,298.35,302.0,1618904.0
2022-03-30,301.68,306.59,299.52,304.44,1914753.0
2022-03-31,305.08,307.85,301.59,301.68,2733610.0
2022-04-01,304.0,306.07,301.2,305.54,1470411.0
2022-04-04,306.5,308.97,301.09,302.25,1561520.0
2022-04-05,301.99,303.8,293.34,295.92,1488893.0
2022-04-06,290.95,291.77,283.25,288.67,1939712.0
2022-04-07,286.38,293.56,286.12,291.82,1329548.0
2022-04-08,290.04,293.0,287.08,289.86,959831.0
2022-04-11,286.28,286.68,278.47,278.96,1391474.0
2022-04-12,281.06,286.4,276.19,277.85,1138837.0
2022-04-13,279.17,286.25,278.6,285.22,1133618.0
2022-04-14,286.1,287.15,278.95,279.7,1582532.0
2022-04-18,278.99,280.28,273.41,276.35,1127067.0
2022-04-19,278.5,295.69,278.04,294.86,2660041.0
2022-04-20,297.08,307.37,294.93,302.9,2161221.0
2022-04-21,303.32,308.0,293.81,294.57,2496811.0
2022-04-22,275.0,276.32,251.52,252.34,6845303.0
2022-04-25,250.29,259.72,250.29,255.12,3253919.0
2022-04-26,253.04,255.64,244.44,244.52,2484412.0
2022-04-27,244.44,247.93,235.07,235.35,3849143.0
2022-04-28,236.29,244.59,235.95,243.26,3152399.0
2022-04-29,241.45,246.3,238.5,239.3,2913611.0
2022-05-02,239.99,242.24,234.15,240.66,2421419.0
2022-05-03,239.5,242.0,236.14,238.11,1648169.0
2022-05-04,236.99,246.99,233.82,246.31,2135695.0
2022-05-05,242.93,244.67,231.13,233.98,3058231.0
2022-05-06,232.07,232.27,221.07,224.85,3014045.0
2022-05-09,221.55,221.55,207.18,208.71,3754694.0
2022-05-10,214.7,217.31,206.6,211.39,2253200.0
2022-05-11,210.74,217.89,208.48,210.87,2690242.0
2022-05-12,208.08,214.06,207.24,211.69,2035959.0
2022-05-13,215.0,224.68,215.0,223.69,2250577.0
2022-05-16,221.12,223.3,217.57,219.53,1569695.0
2022-05-17,223.52,226.29,220.61,225.18,1324225.0
2022-05-18,221.21,223.4,214.31,215.35,2031890.0
2022-05-19,215.06,221.17,213.96,218.14,1722882.0
2022-05-20,222.31,223.27,212.91,219.07,1818012.0
2022-05-23,222.28,222.99,216.9,221.61,1496350.0
2022-05-24,219.21,219.69,214.88,218.39,1518961.0
2022-05-25,216.18,224.26,216.17,222.58,1466130.0
2022-05-26,223.41,226.06,221.14,223.3,2562930.0
2022-05-27,226.5,229.89,224.44,229.16,2133035.0
2022-05-31,228.4,230.0,224.8,227.64,2046533.0
2022-06-01,227.74,230.0,212.2,216.39,2426279.0
2022-06-02,216.4,227.34,214.07,227.21,2099595.0
2022-06-03,224.04,224.51,216.97,217.79,1524403.0
2022-06-06,221.45,222.84,215.48,216.43,1374508.0
2022-06-07,215.29,222.57,214.58,221.95,1351951.0
2022-06-08,221.04,222.82,218.15,218.6,1104591.0
2022-06-09,216.35,216.97,209.91,209.95,1595463.0
2022-06-10,206.8,208.0,203.66,205.27,1602888.0
2022-06-13,199.0,200.24,193.76,194.97,3539903.0
2022-06-14,194.63,195.33,188.81,191.1,3184162.0
2022-06-15,194.0,200.15,192.36,196.13,2409501.0
2022-06-16,191.87,193.05,186.83,190.71,2449418.0
2022-06-17,191.8,195.5,189.9,192.08,3802396.0
2022-06-21,195.64,197.65,193.93,194.32,1859513.0
2022-06-22,192.91,203.7,191.9,200.62,2582487.0
2022-06-23,202.9,206.93,201.81,204.5,1611988.0
2022-06-24,207.61,209.85,203.82,209.67,2270495.0
2022-06-27,208.8,209.88,205.88,207.94,1900789.0
2022-06-28,209.02,211.47,201.17,201.99,1662380.0
2022-06-29,201.85,203.85,197.85,202.59,1655394.0
2022-06-30,201.46,203.38,197.61,200.71,2224471.0
2022-07-01,201.07,206.33,200.0,206.1,1459803.0
2022-07-05,203.06,207.32,200.12,206.75,1432902.0
2022-07-06,207.78,209.48,204.33,205.35,1654648.0
2022-07-07,204.79,209.37,204.25,208.71,1396773.0
2022-07-08,206.05,211.22,205.73,208.81,1149400.0
2022-07-11,207.48,208.14,202.49,205.72,1197561.0
2022-07-12,206.59,209.14,201.07,202.13,1519936.0
2022-07-13,198.3,204.29,196.1,202.06,1482975.0
2022-07-14,200.41,204.51,197.3,204.31,1553657.0
2022-07-15,207.88,211.17,207.37,210.92,2231082.0
2022-07-18,211.43,213.66,205.32,206.26,1523247.0
2022-07-19,210.45,214.62,208.81,214.44,1951975.0
2022-07-20,215.0,221.09,214.17,219.22,1934449.0
2022-07-21,220.91,225.44,219.58,224.75,2876925.0
2022-07-22,207.44,217.49,203.31,211.85,6588323.0
2022-07-25,213.21,221.8,212.27,219.17,3170937.0
2022-07-26,218.11,219.92,214.08,216.79,2376861.0
2022-07-27,219.45,226.57,219.45,225.34,2535409.0
2022-07-28,224.99,231.26,221.21,230.54,2218437.0
2022-07-29,228.65,230.95,227.01,230.17,1941447.0
2022-08-01,227.31,231.5,226.57,228.54,1333351.0
2022-08-02,234.43,244.99,233.53,238.48,3274031.0
2022-08-03,239.04,243.31,236.44,242.18,1802776.0
2022-08-04,242.07,242.92,239.61,242.46,1180534.0
2022-08-05,237.68,241.68,236.55,240.32,1861078.0
2022-08-08,241.0,245.36,238.64,239.13,2216193.0
2022-08-09,238.16,238.68,232.44,232.88,1532477.0
2022-08-10,239.76,240.79,236.63,237.85,1942971.0
2022-08-11,238.38,242.56,235.23,236.02,1625052.0
2022-08-12,236.75,238.57,234.73,238.37,1744533.0
2022-08-15,237.03,239.64,235.81,238.26,1384090.0
2022-08-16,235.9,236.95,231.51,233.71,1646995.0
2022-08-17,230.71,232.47,228.35,229.71,1355160.0
2022-08-18,230.79,231.34,226.82,229.59,1356873.0
2022-08-19,227.36,227.95,223.56,224.78,2033278.0
2022-08-22,221.13,222.51,217.01,218.54,2130844.0
2022-08-23,216.99,218.52,214.86,216.81,1912791.0
2022-08-24,218.19,222.6,217.94,220.47,1798934.0
2022-08-25,222.84,225.12,220.9,225.02,1302566.0
2022-08-26,224.57,225.38,210.94,211.09,2475058.0
2022-08-29,209.27,211.68,207.84,208.9,1871924.0
2022-08-30,210.12,211.75,205.38,206.5,1562918.0
2022-08-31,208.51,210.48,205.19,205.74,1867001.0
2022-09-01,203.85,206.44,200.19,206.11,1500838.0
2022-09-02,207.72,209.37,202.04,203.67,1539871.0
2022-09-06,204.34,205.38,201.15,202.3,1445539.0
2022-09-07,203.36,211.37,202.44,210.87,1732451.0
2022-09-08,207.76,217.39,207.76,214.78,1827344.0
2022-09-09,215.86,221.89,215.45,221.32,1900498.0
2022-09-12,220.76,223.41,219.41,222.02,1313619.0
2022-09-13,214.62,216.73,210.88,211.4,2375326.0
2022-09-14,210.78,212.98,208.56,210.78,1490897.0
2022-09-15,211.0,215.49,209.17,209.62,2117547.0
2022-09-16,206.75,207.43,203.46,206.28,2801104.0
2022-09-19,203.87,204.32,199.48,202.21,2076350.0
2022-09-20,201.13,201.17,196.71,199.55,1627223.0
2022-09-21,200.39,203.52,195.0,195.04,1583260.0
2022-09-22,193.45,194.45,189.08,191.08,1907364.0
2022-09-23,190.2,191.14,186.95,190.52,1918565.0
2022-09-26,189.95,192.46,187.02,187.93,1751845.0
2022-09-27,190.56,191.5,184.94,186.38,1816038.0
2022-09-28,188.35,193.63,186.27,192.4,1592731.0
2022-09-29,189.6,191.25,187.09,189.06,1719182.0
2022-09-30,190.12,194.46,187.06,187.44,2094141.0
2022-10-03,189.4,195.17,187.97,193.36,1644551.0
2022-10-04,197.87,202.8,197.64,201.54,2079706.0
2022-10-05,198.27,202.58,196.36,201.38,1647421.0
2022-10-06,200.09,202.68,197.23,197.7,1502356.0
2022-10-07,194.65,195.6,187.62,188.68,1897349.0
2022-10-10,187.94,188.65,184.32,186.55,1635058.0
2022-10-11,186.22,189.67,183.53,185.9,1663493.0
2022-10-12,186.56,186.97,183.57,186.34,1628438.0
2022-10-13,181.11,192.44,180.07,190.38,2067327.0
2022-10-14,193.29,194.5,182.56,183.06,2430640.0
2022-10-17,186.26,190.75,185.82,190.12,2379929.0
2022-10-18,195.94,199.77,192.4,193.73,2957831.0
2022-10-19,217.94,220.98,210.36,211.14,5873010.0
2022-10-20,211.41,221.0,211.12,212.0,3664878.0
2022-10-21,210.5,219.04,206.77,218.49,3142819.0
2022-10-24,218.84,221.56,217.64,220.27,2430492.0
2022-10-25,231.03,238.07,226.11,237.87,4646787.0
2022-10-26,237.75,249.14,235.94,241.66,3700657.0
2022-10-27,242.44,244.1,238.32,241.69,2770229.0
2022-10-28,240.94,248.11,240.4,244.16,2901792.0
2022-10-31,243.0,248.41,242.79,246.47,2704484.0
2022-11-01,248.07,251.29,245.19,246.86,2277365.0
2022-11-02,245.43,247.97,236.0,236.13,2708410.0
2022-11-03,233.01,236.16,231.07,234.19,2341344.0
2022-11-04,237.92,240.77,233.7,239.53,1895939.0
2022-11-07,241.72,244.2,239.8,242.33,2108116.0
2022-11-08,242.18,245.75,237.56,240.7,1589748.0
2022-11-09,238.76,241.13,235.58,236.13,1761573.0
2022-11-10,248.66,258.73,247.03,257.86,3949792.0
2022-11-11,255.74,267.67,255.74,265.08,3188372.0
2022-11-14,262.19,263.09,257.84,259.44,2283689.0
2022-11-15,262.96,266.14,261.09,264.18,2068414.0
2022-11-16,264.84,265.38,260.99,263.04,1619965.0
2022-11-17,258.46,262.0,255.4,260.77,1981570.0
2022-11-18,264.44,266.6,260.05,262.11,1579073.0
2022-11-21,260.96,264.81,259.64,260.35,1805241.0
2022-11-22,258.99,263.75,258.48,262.9,1369111.0
2022-11-23,264.49,267.11,262.83,264.45,1532224.0
2022-11-25,263.69,265.35,261.41,265.13,788105.0
2022-11-28,264.54,266.5,261.82,262.64,1408335.0
2022-11-29,262.04,262.99,257.2,258.8,1497722.0
2022-11-30,260.48,270.48,260.48,270.39,3377235.0
2022-12-01,270.39,275.84,269.9,274.49,1870418.0
2022-12-02,268.15,272.96,267.43,272.25,1629271.0
2022-12-05,269.14,271.25,267.22,269.72,1505031.0
2022-12-06,269.0,269.42,264.51,266.31,1477842.0
2022-12-07,266.19,268.6,265.14,267.96,1195560.0
2022-12-08,270.71,274.2,268.63,272.02,1431646.0
2022-12-09,270.49,273.79,269.94,270.6,2102911.0
2022-12-12,272.22,274.06,270.0,273.84,1887689.0
2022-12-13,284.92,285.06,276.88,281.74,2938230.0
2022-12-14,280.75,285.09,277.39,280.65,2945123.0
2022-12-15,275.08,275.28,266.34,267.3,2590388.0
2022-12-16,264.71,265.78,261.06,264.68,5296881.0
2022-12-19,264.99,264.99,260.39,261.01,2004210.0
2022-12-20,261.1,262.11,257.76,261.8,2056631.0
2022-12-21,263.69,267.27,262.54,266.16,1625952.0
2022-12-22,263.48,264.29,259.0,263.61,2015521.0
2022-12-23,261.92,263.99,260.51,262.66,1042038.0
2022-12-27,262.76,265.5,260.59,263.97,957352.0
2022-12-28,262.94,267.51,261.54,261.65,855775.0
2022-12-29,263.24,269.83,261.85,267.79,814875.0
2022-12-30,265.31,265.47,261.43,265.35,871344.0
2023-01-03,269.59,270.89,263.67,265.63,1391916.0
2023-01-04,269.36,271.01,266.84,270.0,1435393.0
2023-01-05,267.69,271.87,266.51,268.62,1803880.0
2023-01-06,271.17,273.4,264.68,270.39,1659514.0
2023-01-09,272.59,273.58,264.21,264.93,1509131.0
2023-01-10,263.33,271.41,263.33,271.36,1316962.0
2023-01-11,261.39,265.49,254.56,259.96,3506758.0
2023-01-12,258.74,260.35,254.98,256.94,1925139.0
2023-01-13,255.4,259.8,253.77,258.9,1716105.0
2023-01-17,258.48,261.97,254.86,261.73,1595346.0
2023-01-18,261.57,264.89,255.61,256.35,1641591.0
2023-01-19,254.84,255.68,250.62,252.5,1758537.0
2023-01-20,252.44,256.84,248.96,256.77,1968527.0
2023-01-23,256.77,257.87,254.01,255.98,2008569.0
2023-01-24,254.6,259.41,254.23,257.98,3127241.0
2023-01-25,241.09,247.0,238.84,243.8,5863584.0
2023-01-26,246.48,250.82,243.5,250.55,1788514.0
2023-01-27,248.58,250.21,246.89,247.26,1568605.0
2023-01-30,245.0,246.81,241.98,242.23,1642957.0
2023-01-31,243.2,245.73,241.19,245.69,1782630.0
2023-02-01,246.8,253.54,244.66,251.19,1646575.0
2023-02-02,253.85,261.95,252.88,260.9,2197290.0
2023-02-03,257.81,260.5,252.93,254.68,1691448.0
2023-02-06,251.76,252.97,248.24,248.98,1329176.0
2023-02-07,247.81,254.55,246.9,253.06,1359638.0
2023-02-08,249.15,253.23,248.2,248.85,1318947.0
2023-02-09,250.52,251.07,243.65,244.18,1425884.0
2023-02-10,242.91,246.53,242.6,245.27,1199572.0
2023-02-13,246.09,246.54,244.74,245.13,1277001.0
2023-02-14,243.42,245.66,239.67,241.09,1799218.0
2023-02-15,239.75,245.5,239.1,244.77,1341372.0
2023-02-16,240.77,244.06,238.54,240.16,1615338.0
2023-02-17,238.95,240.02,236.61,238.91,1595736.0
2023-02-21,236.55,236.98,232.87,233.58,1852188.0
2023-02-22,233.88,236.49,232.96,233.55,1456154.0
2023-02-23,234.85,235.82,231.93,234.9,1427234.0
2023-02-24,230.61,232.39,229.04,231.05,1417087.0
2023-02-27,233.96,233.96,231.0,231.74,1421595.0
2023-02-28,230.74,231.74,228.74,229.39,1366842.0
2023-03-01,228.47,229.29,226.28,227.33,1290780.0
2023-03-02,226.07,229.41,224.48,228.9,1153045.0
2023-03-03,230.48,235.2,229.29,234.87,1458455.0
2023-03-06,233.59,236.78,233.04,234.85,1204946.0
2023-03-07,235.42,236.14,229.42,230.71,1680628.0
2023-03-08,230.0,231.71,227.96,231.09,661804.0
2023-03-09,232.73,235.26,228.18,228.57,1181781.0
2023-03-10,228.77,229.76,223.39,224.75,1778632.0
2023-03-13,224.0,232.45,222.65,227.78,1539277.0
2023-03-14,232.54,235.62,231.17,235.28,2109659.0
2023-03-15,232.01,235.81,229.72,234.18,1594099.0
2023-03-16,232.59,242.37,231.5,240.5,2072127.0
2023-03-17,240.39,242.0,236.26,237.8,2304603.0
2023-03-20,238.12,242.03,237.58,240.5,995530.0
2023-03-21,242.45,247.37,242.12,246.68,1560298.0
2023-03-22,245.44,248.28,240.54,240.81,1151808.0
2023-03-23,244.12,247.31,242.29,244.47,1735061.0
2023-03-24,248.0,257.46,248.0,256.42,3269871.0
2023-03-27,257.51,259.03,251.89,252.57,1682686.0
2023-03-28,253.0,253.37,248.5,249.49,1179536.0
2023-03-29,250.0,251.55,246.63,250.76,1538323.0
2023-03-30,254.05,254.2,248.29,251.3,1908912.0
2023-03-31,253.22,256.74,252.07,255.47,1575223.0
2023-04-03,254.3,254.44,250.01,253.53,1554762.0
2023-04-04,253.58,256.23,253.11,254.71,1354779.0
2023-04-05,254.23,258.89,253.75,257.99,1366398.0
2023-04-06,258.33,259.33,255.24,256.9,1026602.0
2023-04-10,255.6,259.11,252.04,258.94,1160895.0
2023-04-11,259.6,263.62,259.17,262.77,1620683.0
2023-04-12,265.0,265.9,261.42,261.77,1154340.0
2023-04-13,264.0,266.7,262.87,266.56,1444552.0
2023-04-14,265.54,268.4,264.57,267.02,1319552.0
2023-04-17,266.99,268.94,265.83,268.89,1231080.0
2023-04-18,270.0,270.23,266.45,269.28,2632769.0
2023-04-19,292.0,304.84,292.0,298.57,6178190.0
2023-04-20,298.96,302.23,296.76,297.41,2809140.0
2023-04-21,297.87,300.88,296.5,300.22,2180217.0
2023-04-24,299.11,303.1,297.73,300.46,2154748.0
2023-04-25,299.83,301.57,292.91,294.97,2431201.0
2023-04-26,293.03,296.95,291.02,294.96,1649628.0
2023-04-27,295.41,296.31,290.67,295.92,1487111.0
2023-04-28,297.62,301.57,296.76,301.22,1940778.0
2023-05-01,301.0,308.46,300.26,303.02,1440458.0
2023-05-02,300.71,302.89,297.63,301.22,1688444.0
2023-05-03,302.99,307.76,302.24,305.06,1522365.0
2023-05-04,303.53,304.99,300.79,303.21,1402161.0
2023-05-05,303.33,305.48,301.26,304.88,1225578.0
2023-05-08,304.54,304.6,301.01,303.09,1048955.0
2023-05-09,303.08,303.08,300.33,301.55,1122213.0
2023-05-10,303.1,304.05,300.53,302.59,1274054.0
2023-05-11,302.0,304.19,300.41,303.47,1305250.0
2023-05-12,304.28,305.95,303.09,305.27,950388.0
2023-05-15,305.01,308.28,304.85,308.05,1308705.0
2023-05-16,306.67,308.36,306.1,306.61,811989.0
2023-05-17,307.51,308.78,303.96,308.22,1261772.0
2023-05-18,307.87,312.65,307.04,312.23,1391837.0
2023-05-19,313.0,315.2,311.42,313.61,1371008.0
2023-05-22,312.83,317.81,312.57,313.62,1046172.0
2023-05-23,311.23,311.92,297.83,301.44,1631283.0
2023-05-24,300.01,303.65,299.2,302.48,1192557.0
2023-05-25,299.95,305.24,297.38,303.77,1673136.0
2023-05-26,302.76,307.86,302.76,306.9,1440697.0
2023-05-30,308.88,313.13,305.97,307.07,1804713.0
2023-05-31,307.0,308.26,300.14,307.84,2454744.0
2023-06-01,308.0,311.33,305.58,310.54,1175644.0
2023-06-02,310.54,313.47,308.82,312.18,1276220.0
2023-06-05,311.85,318.62,310.87,317.49,1514742.0
2023-06-06,316.9,318.92,313.0,315.72,1132856.0
2023-06-07,314.67,314.82,306.79,307.24,1368698.0
2023-06-08,306.32,311.23,304.79,310.82,1126663.0
2023-06-09,310.82,313.5,308.61,312.76,938699.0
2023-06-12,313.83,316.28,312.0,313.64,1470499.0
2023-06-13,313.47,316.98,312.69,315.45,1052757.0
2023-06-14,323.07,327.42,319.25,323.07,2142534.0
2023-06-15,322.24,330.53,320.45,328.27,1783883.0
2023-06-16,331.69,333.14,328.0,329.36,3113224.0
2023-06-20,328.0,329.68,324.07,327.83,1726167.0
2023-06-21,327.83,327.83,322.15,323.74,1445352.0
2023-06-22,323.69,328.28,322.28,327.62,864439.0
2023-06-23,324.71,328.68,323.72,327.26,1589159.0
2023-06-26,326.6,328.43,323.23,325.16,1309314.0
2023-06-27,329.51,330.99,325.29,330.02,1268247.0
2023-06-28,330.0,334.51,329.48,332.98,1089029.0
2023-06-29,335.0,340.59,334.61,338.49,1679348.0
2023-06-30,341.33,344.08,340.57,341.94,1506104.0
2023-07-03,339.92,339.92,334.25,336.03,826034.0
2023-07-05,334.16,336.28,331.44,333.89,1048378.0
2023-07-06,328.78,331.65,328.02,330.14,1166456.0
2023-07-07,329.99,332.97,327.62,331.29,2015437.0
2023-07-10,333.33,341.15,333.33,340.27,2036669.0
2023-07-11,340.92,342.76,336.64,339.11,1850729.0
2023-07-12,342.88,348.63,341.45,347.59,1723521.0
2023-07-13,348.32,349.58,345.95,346.97,2314677.0
2023-07-14,347.5,355.38,346.4,354.0,2072816.0
2023-07-17,354.0,355.54,348.6,353.84,1812580.0
2023-07-18,351.61,355.5,346.54,354.93,2236757.0
2023-07-19,357.64,358.07,348.0,349.7,2580076.0
2023-07-20,350.05,353.46,346.85,347.66,3442616.0
2023-07-21,335.91,345.4,329.53,336.66,9157647.0
2023-07-24,336.76,337.85,322.64,323.56,2999129.0
2023-07-25,322.76,331.56,322.46,330.9,2021416.0
2023-07-26,328.27,331.02,326.56,329.37,1258762.0
2023-07-27,331.71,333.68,322.66,323.56,1641631.0
2023-07-28,327.4,328.7,324.93,326.53,1467929.0
2023-07-31,325.89,326.27,321.91,324.4,1439063.0
2023-08-01,322.0,324.52,321.7,323.95,1347004.0
2023-08-02,320.59,322.62,313.34,313.87,1907204.0
2023-08-03,310.38,313.29,306.09,311.28,1636155.0
2023-08-04,311.9,313.27,308.25,309.31,1656890.0
2023-08-07,310.0,312.86,307.66,309.24,1658934.0
2023-08-08,306.24,306.27,297.17,302.87,2272431.0
2023-08-09,302.87,307.4,302.47,304.1,1218971.0
2023-08-10,305.75,308.6,303.82,304.67,1054809.0
2023-08-11,302.93,306.09,302.52,304.49,933712.0
2023-08-14,304.86,305.89,303.23,305.08,950822.0
2023-08-15,306.09,312.3,305.93,306.62,1342268.0
2023-08-16,305.6,306.27,299.1,299.32,1441637.0
2023-08-17,298.06,299.57,289.11,290.08,2061638.0
2023-08-18,287.46,291.06,284.88,285.95,2983657.0
2023-08-21,286.12,286.88,282.5,286.67,1776761.0
2023-08-22,287.73,289.08,285.73,287.16,1161420.0
2023-08-23,287.56,292.7,287.56,290.39,1321796.0
2023-08-24,292.88,293.49,285.47,285.64,1558938.0
2023-08-25,287.28,298.36,286.74,297.55,1920616.0
2023-08-28,301.22,304.91,300.0,301.48,1450309.0
2023-08-29,301.5,311.08,301.5,310.39,1804716.0
2023-08-30,312.05,319.53,312.05,318.58,2092079.0
2023-08-31,319.6,321.31,312.46,312.68,2076948.0
2023-09-01,317.55,318.2,309.2,310.41,1335739.0
2023-09-05,310.0,311.38,306.68,307.68,944096.0
2023-09-06,309.48,309.65,303.8,307.84,1171433.0
2023-09-07,305.53,305.97,295.01,297.22,2117376.0
2023-09-08,297.55,300.22,296.58,298.22,1507751.0
2023-09-11,300.0,304.19,298.7,302.35,1566542.0
2023-09-12,300.92,302.88,300.0,301.55,1205376.0
2023-09-13,301.05,304.95,300.14,302.7,1225361.0
2023-09-14,305.23,305.87,299.81,303.74,1348461.0
2023-09-15,303.74,304.04,294.85,295.54,2792093.0
2023-09-18,296.13,303.8,296.0,298.17,1007141.0
2023-09-19,298.17,300.48,295.25,299.65,1076576.0
2023-09-20,303.17,303.39,291.79,291.96,1391844.0
2023-09-21,290.06,290.66,283.74,284.35,2039755.0
2023-09-22,286.49,293.92,284.42,288.2,1962444.0
2023-09-25,286.4,293.39,285.74,293.25,1519437.0
2023-09-26,291.73,292.85,288.95,290.74,1297599.0
2023-09-27,292.0,297.46,288.55,291.43,1749135.0
2023-09-28,292.13,297.4,292.13,296.15,1206565.0
2023-09-29,297.87,298.35,291.7,292.29,1294334.0
2023-10-02,291.96,296.39,290.01,294.98,978189.0
2023-10-03,291.54,292.83,286.47,288.04,1059949.0
2023-10-04,289.62,290.82,285.47,290.28,1123927.0
2023-10-05,291.85,292.45,284.8,290.09,963159.0
2023-10-06,286.47,296.73,284.99,295.68,1444071.0
2023-10-09,293.13,295.13,289.6,294.49,920385.0
2023-10-10,295.13,301.07,292.52,297.83,1459776.0
2023-10-11,298.66,298.72,278.21,281.79,3560364.0
2023-10-12,281.93,283.27,265.6,266.12,5153342.0
2023-10-13,266.83,273.72,265.5,273.15,2938452.0
2023-10-16,276.0,278.61,270.6,274.16,2283273.0
2023-10-17,272.41,279.62,268.43,275.37,2518811.0
2023-10-18,275.0,278.7,273.05,275.52,1993131.0
2023-10-19,277.1,278.13,271.71,273.45,3022847.0
2023-10-20,260.05,269.49,256.72,266.91,7002463.0
2023-10-23,268.5,278.18,267.05,272.59,2555691.0
2023-10-24,271.93,280.02,271.77,277.39,2528962.0
2023-10-25,280.13,281.88,266.13,266.61,2617999.0
2023-10-26,264.24,264.24,255.95,259.51,2924797.0
2023-10-27,263.82,264.77,257.01,258.98,1861690.0
2023-10-30,260.08,261.15,254.85,258.49,2277816.0
2023-10-31,260.39,263.95,260.17,262.22,2373238.0
2023-11-01,262.17,272.18,262.0,270.46,2087107.0
2023-11-02,274.57,278.15,272.63,277.89,1965404.0
2023-11-03,280.22,281.58,277.39,278.52,1310832.0
2023-11-06,278.13,279.52,273.7,277.26,1155936.0
2023-11-07,277.22,279.62,275.275,278.69,1804166.0
2023-11-08,280.5,282.4475,276.8,277.93,1601876.0
2023-11-09,277.98,278.95,271.895,272.4,1095173.0
2023-11-10,273.41,278.55,269.49,277.49,1536345.0
2023-11-13,285.328,289.99,281.12,282.48,1772521.0
2023-11-14,288.37,294.135,287.98,291.62,1846052.0
2023-11-15,291.39,297.34,291.39,293.22,1889378.0
2023-11-16,296.79,305.3,295.02,303.95,2296063.0
2023-11-17,306.34,311.235,304.615,305.28,2993413.0
2023-11-20,305.44,312.2,305.0,311.34,1746134.0
2023-11-21,311.0,312.22,308.85,311.82,1461444.0
2023-11-22,315.0,317.39,313.92,315.8,1192726.0
2023-11-24,316.95,318.26,316.0,318.01,591404.0
2023-11-27,314.68,316.0,312.02,314.98,1084233.0
2023-11-28,311.84,312.76,309.26,310.95,1552546.0
2023-11-29,312.0,316.305,309.965,310.76,1388911.0
2023-11-30,310.76,311.99,304.7,310.84,2437452.0
2023-12-01,310.59,315.64,308.73,315.2,1367039.0
2023-12-04,311.92,315.93,308.91,311.84,1431145.0
2023-12-05,312.0,312.0,304.5,309.52,1246203.0
2023-12-06,311.39,313.6,308.6101,310.26,1165364.0
2023-12-07,310.97,312.745,307.72,311.56,1309582.0
2023-12-08,310.52,312.88,308.58,310.42,1219022.0
2023-12-11,310.0,319.8,309.8,315.43,1730887.0
2023-12-12,316.965,321.36,314.38,320.71,1371293.0
2023-12-13,320.68,329.45,320.22,328.96,1446902.0
2023-12-14,330.0,332.61,324.83,326.18,2068759.0
2023-12-15,325.83,327.0,322.59,324.35,3636748.0
2023-12-18,325.73,331.99,325.01,328.42,1854621.0
2023-12-19,328.42,336.58,328.0,335.72,2276392.0
2023-12-20,334.05,334.05,325.26,325.43,1845375.0
2023-12-21,328.97,333.98,327.53,333.45,1969259.0
2023-12-22,334.52,337.06,333.46,336.26,1024905.0
2023-12-26,336.92,338.345,335.21,337.39,736692.0
2023-12-27,337.0,337.67,335.065,337.47,749728.0
2023-12-28,337.01,340.4899,336.34,338.39,740577.0
2023-12-29,337.83,339.26,336.62,337.36,1303023.0
2024-01-02,333.0,336.2,328.38,330.98,1379074.0
2024-01-03,328.1,328.1,320.68,322.13,1596468.0
2024-01-04,320.43,326.4071,320.26,323.27,1471720.0
2024-01-05,322.55,327.5185,321.31,322.5,1031972.0
2024-01-08,324.5,329.53,324.12,328.86,1455198.0
2024-01-09,326.03,332.8,325.765,330.56,1421489.0
2024-01-10,348.0,364.87,345.53,364.45,4867778.0
2024-01-11,364.45,366.8004,357.63,362.31,2230238.0
2024-01-12,365.0,366.86,360.96,363.71,1450225.0
2024-01-16,363.39,364.48,359.395,362.33,1494752.0
2024-01-17,358.4,361.23,355.17,358.88,1240031.0
2024-01-18,369.88,374.18,366.7911,371.93,2533098.0
2024-01-19,374.0,376.9,370.655,374.82,2392207.0
2024-01-22,377.91,379.39,375.07,375.81,1813143.0
2024-01-23,377.25,377.8025,367.5,371.41,2393506.0
2024-01-24,383.93,384.0,362.14,370.07,4949171.0
2024-01-25,372.61,377.325,370.6,374.97,1873087.0
2024-01-26,371.6,375.06,368.0101,374.76,2144689.0
2024-01-29,374.41,379.34,373.06,379.16,1602609.0
2024-01-30,377.37,381.79,376.42,377.29,1375315.0
2024-01-31,378.5,383.74,375.595,378.22,1801902.0
2024-02-01,378.41,384.29,375.67,383.83,1630053.0
2024-02-02,382.33,385.43,377.9,383.77,1773374.0
2024-02-05,384.47,388.6199,380.57,383.94,1575062.0
2024-02-06,385.26,389.79,384.12,389.69,1693751.0
2024-02-07,390.38,392.0,385.72,391.375,1458925.0
2024-02-08,389.51,391.6,385.36,386.94,998364.0
2024-02-09,387.46,389.92,383.05,388.22,1234101.0
2024-02-12,386.09,387.36,381.0701,382.13,1569731.0
2024-02-13,375.0,383.245,371.0,378.89,1705088.0
2024-02-14,380.09,381.91,378.0,381.76,1137850.0
2024-02-15,382.03,383.0,377.54,380.17,1052966.0
2024-02-16,378.29,381.15,376.0,378.63,1262681.0
2024-02-20,379.69,382.88,374.61,377.64,1445489.0
2024-02-21,376.75,380.47,373.15,380.23,1216670.0
2024-02-22,382.43,389.68,382.21,389.08,1540316.0
2024-02-23,389.08,391.25,387.28,389.77,1000427.0
2024-02-26,389.4,391.81,386.15,388.27,1024296.0
2024-02-27,386.46,389.4701,385.275,386.46,1037284.0
2024-02-28,384.6,386.7455,383.56,386.59,901460.0
2024-02-29,384.41,389.26,383.93,385.6,2134789.0
2024-03-01,383.48,399.67,382.3201,397.9,2185587.0
2024-03-04,398.3,403.0,396.51,400.59,1943564.0
2024-03-05,400.0,400.41,386.3,387.32,1610153.0
2024-03-06,386.76,393.136,386.76,388.16,1203232.0
2024-03-07,393.3,396.61,390.35,392.68,1797366.0
2024-03-08,392.02,395.93,390.79,391.85,1737950.0
2024-03-11,391.0,391.0,377.44,378.9,1601816.0
2024-03-12,378.9,390.255,378.52,389.4,1446430.0
2024-03-13,389.67,390.69,380.985,382.99,1447955.0
2024-03-14,383.23,384.43,376.6,384.31,1412641.0
2024-03-15,398.16,398.16,382.63,396.28,3891587.0
2024-03-18,399.6,401.27,390.79,392.62,1654342.0
2024-03-19,391.99,392.58,381.77,390.53,1610004.0
2024-03-20,390.39,390.67,384.4,390.37,929850.0
2024-03-21,394.0,397.0,391.93,391.96,920147.0
2024-03-22,392.45,394.51,387.17,394.07,1560930.0
2024-03-25,393.59,396.9,390.5,391.71,1117212.0
2024-03-26,394.37,399.5625,392.285,397.63,1542050.0
2024-03-27,403.02,403.759,397.5,400.1,1374530.0
2024-03-28,401.45,402.5,397.06,399.09,1124708.0
2024-04-01,399.0,399.64,392.22,394.87,1159823.0
2024-04-02,391.99,391.99,380.51,382.36,2334063.0
2024-04-03,383.77,388.29,382.22,383.42,1634292.0
2024-04-04,387.76,389.025,378.62,378.92,1602707.0
2024-04-05,381.12,393.66,379.24,388.39,1404339.0
2024-04-08,388.39,389.885,383.04,386.93,946071.0
2024-04-09,389.95,391.18,383.81,390.96,1120493.0
2024-04-10,387.16,391.46,385.51,388.46,1198733.0
2024-04-11,387.58,392.8,387.58,392.26,1186500.0
2024-04-12,387.0,388.26,380.71,384.8,1475829.0
2024-04-15,392.25,392.29,376.33,377.36,1650673.0
2024-04-16,376.63,383.85,371.54,378.55,1602939.0
2024-04-17,378.93,379.71,371.14,374.17,1625310.0
2024-04-18,372.57,375.3347,369.15,372.63,2320048.0
2024-04-19,385.27,388.65,364.17,366.34,3975849.0
2024-04-22,369.54,371.83,364.31,368.93,1603096.0
2024-04-23,370.88,379.7735,368.68,377.08,1858504.0
2024-04-24,374.0,383.62,372.83,375.01,1325519.0
2024-04-25,374.12,375.46,367.66,373.12,1262278.0
2024-04-26,368.1,377.83,368.1,375.33,927822.0
2024-04-29,375.39,377.99,372.06,374.14,983044.0
2024-04-30,373.18,373.68,368.75,370.62,1213128.0
2024-05-01,369.57,379.5,368.6,371.7,941902.0
2024-05-02,373.64,377.88,367.385,377.65,1198316.0
2024-05-03,380.0,384.47,378.87,381.36,1013422.0
2024-05-06,382.63,384.35,380.6,383.05,875218.0
2024-05-07,385.005,389.78,383.05,388.65,932707.0
2024-05-08,384.93,386.01,380.125,380.37,1107965.0
2024-05-09,381.79,387.33,380.69,385.45,882129.0
2024-05-10,385.55,389.76,383.88,386.7,840540.0
2024-05-13,389.16,389.16,380.65,380.88,1070809.0
2024-05-14,382.4,384.805,379.67,384.19,913497.0
2024-05-15,387.22,399.66,386.0,399.39,1200061.0
2024-05-16,398.28,401.36,396.02,396.43,1077777.0
2024-05-17,396.19,398.96,393.9777,398.82,720159.0
2024-05-20,398.58,400.41,395.6,400.03,949927.0
2024-05-21,400.0,403.0,397.1,402.11,1283239.0
2024-05-22,402.56,408.43,399.17,400.9,1355568.0
2024-05-23,402.47,405.38,396.38,398.39,1189532.0
2024-05-24,397.61,407.33,397.01,404.85,1081819.0
2024-05-28,403.845,405.99,398.29,401.03,963838.0
2024-05-29,396.59,403.0,396.151,398.4,958143.0
2024-05-30,405.0,412.29,400.49,403.39,1650446.0
2024-05-31,404.94,408.9,396.48,402.12,1982929.0
2024-06-03,402.89,405.33,398.6025,403.86,913089.0
2024-06-04,402.55,408.01,397.47,406.61,935939.0
2024-06-05,407.72,418.14,407.33,417.24,2226445.0
2024-06-06,413.92,419.17,405.08,418.15,1733219.0
2024-06-07,418.13,420.57,415.8,417.61,1199441.0
2024-06-10,416.6,419.87,413.5224,418.38,815563.0
2024-06-11,417.04,420.22,415.2,418.78,907816.0
2024-06-12,421.06,428.86,420.86,428.1,1251304.0
2024-06-13,424.74,428.0,422.51,422.9,1142875.0
2024-06-14,418.8,426.315,413.98,425.78,940822.0
2024-06-17,425.36,431.6,423.58,430.0,1125210.0
2024-06-18,429.05,436.94,428.75,435.0,1384395.0
2024-06-20,435.99,437.2,428.67,432.55,1291404.0
2024-06-21,436.08,436.08,430.0,432.56,2769302.0
2024-06-24,432.78,435.7,426.97,429.04,1610379.0
2024-06-25,431.12,443.81,430.49,442.31,2636838.0
2024-06-26,441.25,443.83,437.71,442.56,1360331.0
2024-06-27,442.1,445.79,439.61,445.11,1225677.0
2024-06-28,444.74,447.11,441.49,444.85,3106079.0
2024-07-01,445.85,448.1,433.79,436.24,1658422.0
2024-07-02,436.31,439.6433,432.2,438.81,1091218.0
2024-07-03,439.0,439.0,432.9,434.81,824036.0
2024-07-05,437.94,445.05,433.44,443.76,1114523.0
2024-07-08,442.04,445.96,441.56,444.53,1280646.0
2024-07-09,447.62,447.62,441.27,442.3,888974.0
2024-07-10,441.69,445.48,438.85,444.74,1082415.0
2024-07-11,444.74,449.0,442.7,443.5,1818302.0
2024-07-12,442.84,447.14,439.61,444.16,1151535.0
2024-07-15,444.0,444.395,433.9101,437.25,1572961.0
2024-07-16,440.84,442.0925,433.22,438.01,1436081.0
2024-07-17,430.01,436.325,426.01,426.23,2387933.0
2024-07-18,425.0,427.33,413.82,416.14,3855832.0
2024-07-19,449.43,456.81,439.0,455.01,4201306.0
2024-07-22,462.33,468.7799,459.18,461.12,2574137.0
2024-07-23,459.1,462.61,454.36,455.06,1752848.0
2024-07-24,455.25,460.59,452.25,454.02,2296410.0
2024-07-25,453.22,457.37,436.2,436.74,1818989.0
2024-07-26,438.6,446.16,432.87,441.3,1196485.0
2024-07-29,446.6,448.27,439.41,443.66,1120379.0
2024-07-30,443.66,448.575,431.56,432.69,1547682.0
2024-07-31,438.5,447.31,432.405,444.61,1763159.0
2024-08-01,443.3,452.72,443.3,450.94,2017335.0
2024-08-02,455.73,455.73,439.89,449.73,2059096.0
2024-08-05,437.55,444.575,429.6,438.0,2465662.0
2024-08-06,439.01,456.24,438.66,447.66,1685493.0
2024-08-07,452.0,461.7099,448.5901,449.26,1712838.0
2024-08-08,453.6,464.135,451.06,463.61,1289151.0
2024-08-09,462.59,465.7,460.12,463.425,1022087.0
2024-08-12,464.76,466.815,458.265,465.53,1013796.0
2024-08-13,468.23,470.49,463.01,469.23,891530.0
2024-08-14,468.78,473.75,466.34,471.21,1109444.0
2024-08-15,476.87,480.54,474.16,480.17,1599400.0
2024-08-16,478.01,482.4999,477.1,478.98,809043.0
2024-08-19,475.44,482.78,475.44,482.16,977649.0
2024-08-20,483.0,488.48,482.326,483.21,885429.0
2024-08-21,484.2,488.47,482.0001,487.42,886270.0
2024-08-22,490.0,491.83,486.92,490.43,1137672.0
2024-08-23,492.62,493.97,478.18,486.55,1155146.0
2024-08-26,486.88,487.275,476.88,479.19,1170732.0
2024-08-27,478.44,483.57,477.0,482.35,939831.0
2024-08-28,482.93,485.36,479.24,482.21,959962.0
2024-08-29,482.21,491.66,481.25,487.17,939590.0
2024-08-30,489.16,493.44,485.28,492.63,1097666.0
2024-09-03,491.67,493.42,480.8,483.44,1356193.0
2024-09-04,480.96,484.645,478.28,481.73,1320884.0
2024-09-05,480.32,480.32,468.458,476.69,1194240.0
2024-09-06,476.92,478.25,466.0,471.82,1700156.0
2024-09-09,475.0,479.99,473.98,479.39,1121352.0
2024-09-10,477.5,484.79,477.5,484.24,1006420.0
2024-09-11,484.18,491.83,477.08,490.93,1239127.0
2024-09-12,491.91,494.15,486.05,494.01,1127449.0
2024-09-13,490.28,496.18,489.19,489.86,1237981.0
2024-09-16,493.47,494.01,488.5683,491.39,921372.0
2024-09-17,491.27,491.27,482.375,483.32,1162201.0
2024-09-18,484.21,488.7473,479.58,482.09,981910.0
2024-09-19,492.0,492.74,486.98,490.01,1224920.0
2024-09-20,485.11,486.3,480.16,486.2,2732403.0
2024-09-23,488.5,491.8324,486.27,489.07,927212.0
2024-09-24,490.51,490.51,482.35,484.4,1120820.0
2024-09-25,486.0,487.1167,482.29,484.39,897413.0
2024-09-26,488.25,490.95,484.76,486.33,871331.0
2024-09-27,490.03,490.03,478.57,479.18,1013315.0
2024-09-30,480.0,492.25,478.69,491.27,1654126.0
2024-10-01,492.5,496.48,481.71,484.76,1181008.0
2024-10-02,482.72,489.71,478.62,486.62,740756.0
2024-10-03,484.42,486.0,478.5586,479.63,764401.0
2024-10-04,484.45,484.45,476.5968,481.95,903876.0
2024-10-07,476.86,479.305,470.06,471.23,1175090.0
2024-10-08,473.79,482.88,473.79,480.785,1040289.0
2024-10-09,480.595,490.58,478.49,490.38,1060918.0
2024-10-10,486.23,488.2627,483.2,483.84,942023.0
2024-10-11,486.0,487.58,483.12,484.78,1169942.0
2024-10-14,487.04,488.63,483.9685,487.61,883450.0
2024-10-15,488.0,489.625,476.675,478.47,1313322.0
2024-10-16,478.11,479.5199,473.505,476.59,1037365.0
2024-10-17,481.06,481.06,472.12,473.73,1959012.0
2024-10-18,496.0,523.34,495.0,521.15,4059108.0
2024-10-21,519.04,522.665,514.55,518.86,1309587.0
2024-10-22,515.0,519.18,511.81,517.5,1341378.0
2024-10-23,513.89,516.0,507.28,512.58,1119920.0
2024-10-24,510.79,515.31,509.78,511.63,755261.0
2024-10-25,514.0,516.8928,510.46,511.27,982425.0
2024-10-28,513.66,514.325,508.28,510.88,842702.0
2024-10-29,506.52,517.5,504.35,516.31,1064754.0
2024-10-30,516.56,516.9899,508.01,513.77,1112905.0
2024-10-31,510.01,511.06,500.67,503.84,1468313.0
2024-11-01,502.02,510.8094,502.01,506.34,1041840.0
2024-11-04,504.32,511.205,503.85,507.42,849401.0
2024-11-05,506.33,518.25,506.33,515.17,1112894.0
2024-11-06,523.13,525.0,506.8,515.55,1775927.0
2024-11-07,516.0,524.825,515.58,524.28,1208811.0
2024-11-08,525.5,538.49,524.0,536.45,1427639.0
2024-11-11,539.89,542.5899,534.57,535.75,2097755.0
2024-11-12,534.0,538.905,531.69,537.07,1455897.0
2024-11-13,535.43,540.02,534.04,536.69,1405088.0
2024-11-14,537.36,544.38,537.13,537.8,1908268.0
2024-11-15,533.21,536.98,526.71,527.61,1447726.0
2024-11-18,527.36,537.53,526.6067,531.64,1267890.0
2024-11-19,527.57,540.08,526.01,538.82,1142978.0
2024-11-20,538.78,542.37,533.83,541.82,985238.0
2024-11-21,544.85,551.78,540.355,550.62,1395022.0
2024-11-22,549.84,552.0,541.99,547.87,1375327.0
2024-11-25,548.82,549.31,533.56,536.55,2076726.0
2024-11-26,542.06,544.9999,537.28,542.1,1152817.0
2024-11-27,543.08,543.97,538.23,538.55,938338.0
2024-11-29,539.0,543.17,536.03,542.0,693479.0
2024-12-02,546.3,546.45,540.1955,542.85,1005044.0
2024-12-03,537.02,541.99,533.01,541.71,1379228.0
2024-12-04,542.01,552.08,539.195,549.95,1350151.0
2024-12-05,548.0,551.81,544.43,547.65,945316.0
2024-12-06,548.21,556.23,548.21,550.41,1026081.0
2024-12-09,552.31,553.5607,532.14,538.86,1428957.0
2024-12-10,540.155,543.325,536.68,538.09,1047764.0
2024-12-11,538.22,548.5299,538.22,543.6,999004.0
2024-12-12,543.1,550.47,541.37,544.72,1212546.0
2024-12-13,542.59,547.1,539.03,539.58,1071572.0
2024-12-16,539.975,547.9,539.11,541.99,1534653.0
2024-12-17,539.495,546.01,531.42,545.16,1475985.0
2024-12-18,543.12,547.189,526.23,526.47,1487816.0
2024-12-19,532.735,536.5,523.41,523.91,2066681.0
2024-12-20,521.45,530.9738,516.18,524.43,3933733.0
2024-12-23,524.88,527.9424,520.03,527.22,1069514.0
2024-12-24,528.005,537.36,527.26,537.02,626628.0
2024-12-26,534.86,540.13,533.99,538.83,767012.0
2024-12-27,536.01,537.34,529.31,534.88,1013075.0
2024-12-30,528.43,529.02,520.56,526.96,899861.0
2024-12-31,527.77,529.81,520.0101,521.96,883836.0
2025-01-02,521.19,528.89,520.9175,524.03,927731.0
2025-01-03,527.605,536.65,525.345,535.295,1250798.0
2025-01-06,535.29,543.74,532.15,542.37,1228983.0
2025-01-07,547.675,550.0,530.45,531.88,1589357.0
2025-01-08,533.33,547.4727,532.0,544.02,1359047.0
2025-01-10,540.56,550.18,537.17,547.47,1732313.0
2025-01-13,543.4,543.7544,530.25,539.75,1461058.0
2025-01-14,539.28,544.55,535.59,538.88,1355002.0
2025-01-15,555.05,584.6,549.17,580.11,3552881.0
2025-01-16,582.6,585.5,573.0,584.08,2119244.0
2025-01-17,597.68,597.68,583.24,592.64,2635095.0
2025-01-21,598.11,606.27,593.815,604.12,1993059.0
2025-01-22,608.025,614.72,602.45,610.45,2100365.0
2025-01-23,612.0,616.0,602.0,608.66,2322153.0
2025-01-24,581.9,591.91,573.32,584.05,4357305.0
2025-01-27,574.68,579.34,563.35,573.48,2441047.0
2025-01-28,566.6,584.48,563.85,574.14,2332024.0
2025-01-29,571.11,578.41,569.49,572.71,1597735.0
2025-01-30,581.24,584.4227,577.35,580.18,1986502.0
2025-01-31,576.74,586.89,570.86,571.88,1828301.0
2025-02-03,564.87,583.5759,563.2676,578.55,1830613.0
2025-02-04,573.21,582.85,573.08,579.65,1415531.0
2025-02-05,580.46,592.64,580.16,590.9,1521259.0
2025-02-06,592.78,592.8599,585.4,588.5,1007498.0
2025-02-07,590.5,594.0807,582.155,582.98,1061085.0
2025-02-10,590.0,595.96,586.7749,595.7,1248610.0
2025-02-11,591.23,592.83,587.0,591.65,836950.0
2025-02-12,586.49,591.82,581.055,589.61,1115340.0
2025-02-13,590.86,593.17,583.2333,591.39,1270260.0
2025-02-14,593.16,599.26,588.52,595.55,1189030.0
2025-02-18,595.455,601.59,586.6141,600.89,1695453.0
2025-02-19,601.33,609.08,596.47,608.48,1284921.0
2025-02-20,607.15,608.165,597.77,606.57,1327993.0
2025-02-21,605.09,607.35,590.365,591.79,1674695.0
2025-02-24,594.47,600.58,590.66,591.01,1441468.0
2025-02-25,583.7,584.8766,556.2,573.74,2548786.0
2025-02-26,570.85,586.74,569.6401,580.93,1098017.0
2025-02-27,581.83,583.25,562.4,563.77,1482521.0
2025-02-28,566.95,574.0,556.75,573.15,2401323.0
2025-03-03,573.78,584.9,563.96,566.98,1707557.0
2025-03-04,563.69,565.8,545.5366,557.96,2209636.0
2025-03-05,554.17,569.0,554.17,568.02,2038694.0
2025-03-06,558.95,561.69,537.5088,538.57,2366986.0
2025-03-07,533.18,534.24,502.84,518.26,3688127.0
2025-03-10,503.91,503.91,476.3713,482.61,5517397.0
2025-03-11,481.23,496.185,478.45,493.72,3222527.0
2025-03-12,511.06,519.51,496.305,497.3,2558649.0
2025-03-13,498.71,500.76,474.37,476.78,3645185.0
2025-03-14,482.69,492.28,476.57,484.44,4238823.0
2025-03-17,480.0,495.82,474.9,488.8,3211372.0
2025-03-18,487.34,488.55,478.41,483.95,1728687.0
2025-03-19,486.0,496.2685,482.8,492.06,2098336.0
2025-03-20,490.4,500.29,490.28,491.81,2108732.0
2025-03-21,483.11,492.75,477.275,492.49,3377173.0
2025-03-24,504.74,510.78,501.8422,508.58,1905211.0
2025-03-25,514.0,520.39,511.95,519.81,2526777.0
2025-03-26,520.89,520.89,506.69,509.03,1980009.0
2025-03-27,505.98,513.05,502.2882,507.9,1472753.0
2025-03-28,505.06,505.19,488.57,491.84,1967221.0
2025-03-31,484.46,497.77,479.48,495.27,2290143.0
2025-04-01,492.26,497.3,486.2389,496.36,1609607.0
2025-04-02,488.6,508.62,486.43,507.05,1432167.0
2025-04-03,487.58,504.09,484.88,494.61,2728982.0
2025-04-04,476.84,480.56,451.02,451.58,4108458.0
2025-04-07,430.97,479.89,425.0,463.62,4125223.0
2025-04-08,479.58,488.47,450.91,457.63,3156891.0
2025-04-09,450.0,529.189,442.9,522.95,6037194.0
2025-04-10,509.0,510.6,472.02,489.52,4056082.0
2025-04-11,489.27,496.605,480.29,493.6,2843527.0
2025-04-14,502.27,506.142,487.2022,490.13,1517772.0
2025-04-15,487.46,494.64,483.69,488.27,1732450.0
2025-04-16,483.9,492.04,477.62,481.34,1990493.0
2025-04-17,484.85,489.245,481.39,482.74,1625815.0
2025-04-21,475.94,478.9,463.05,468.32,2647879.0
2025-04-22,475.53,482.59,464.71,478.74,3114350.0
2025-04-23,500.0,517.31,485.09,487.93,3769556.0
2025-04-24,490.82,511.755,489.43,508.13,2286850.0
2025-04-25,513.18,515.36,505.7517,514.59,2015850.0
