Date,open,high,low,close,volume
2015-04-27,30.5,30.74,30.36,30.41,5187571.0
2015-04-28,30.4,30.74,30.26,30.72,5693357.0
2015-04-29,30.64,31.41,30.53,31.19,6827236.0
2015-04-30,31.37,31.45,30.75,31.1,5085019.0
2015-05-01,31.11,31.18,30.59,30.77,5358931.0
2015-05-04,30.95,31.14,30.5,31.08,8646342.0
2015-05-05,31.29,31.53,29.92,29.97,9628944.0
2015-05-06,30.38,30.55,29.52,29.81,8433304.0
2015-05-07,29.82,30.28,28.47,28.92,11287104.0
2015-05-08,29.41,29.5,28.75,29.31,10436613.0
2015-05-11,29.33,29.4,28.33,28.4,9044258.0
2015-05-12,28.42,28.6,28.15,28.39,6283597.0
2015-05-13,28.72,28.76,28.0,28.15,6529961.0
2015-05-14,28.19,28.28,27.59,27.62,7122518.0
2015-05-15,27.51,27.8,27.19,27.68,5153786.0
2015-05-18,27.41,27.76,27.11,27.71,6184179.0
2015-05-19,27.39,27.51,27.13,27.33,5971003.0
2015-05-20,27.35,27.57,27.24,27.46,5641150.0
2015-05-21,27.62,28.26,27.46,28.18,7368288.0
2015-05-22,27.92,28.19,27.77,28.09,6047750.0
2015-05-26,27.74,27.88,27.41,27.68,6078569.0
2015-05-27,27.63,27.97,27.33,27.58,5106291.0
2015-05-28,27.4,27.42,26.99,27.22,4727923.0
2015-05-29,27.3,27.57,27.15,27.19,5244693.0
2015-06-01,27.23,27.3,26.92,27.09,4985592.0
2015-06-02,27.2,27.32,26.65,27.08,8523717.0
2015-06-03,27.09,27.39,26.95,27.08,5053415.0
2015-06-04,26.88,27.03,26.64,26.65,4366156.0
2015-06-05,26.54,27.31,26.5,26.95,5295477.0
2015-06-08,26.79,27.01,26.44,26.58,4697542.0
2015-06-09,26.87,27.25,26.73,26.73,3260234.0
2015-06-10,27.15,27.25,26.94,27.06,3405668.0
2015-06-11,27.12,27.29,26.88,26.93,4122679.0
2015-06-12,26.79,26.86,26.48,26.49,4449963.0
2015-06-15,26.24,26.65,26.24,26.44,4622776.0
2015-06-16,26.45,26.76,26.41,26.72,3288269.0
2015-06-17,27.0,27.05,26.31,26.54,3478007.0
2015-06-18,26.66,26.79,26.46,26.53,3902330.0
2015-06-19,26.38,26.61,25.89,25.92,7997717.0
2015-06-22,26.18,26.24,25.79,26.12,3334890.0
2015-06-23,26.24,26.66,26.14,26.61,4649794.0
2015-06-24,26.72,27.02,26.59,26.61,7552586.0
2015-06-25,27.18,27.2,26.75,26.81,10974338.0
2015-06-26,26.87,27.77,26.55,27.75,17242521.0
2015-06-29,27.24,27.38,26.68,26.69,12891180.0
2015-06-30,27.0,27.0,26.46,26.54,8396129.0
2015-07-01,26.59,26.61,25.59,25.79,8664718.0
2015-07-02,25.87,26.38,25.67,25.73,6173719.0
2015-07-06,25.28,25.48,25.05,25.12,6441750.0
2015-07-07,25.07,25.84,24.45,25.71,8442728.0
2015-07-08,25.52,25.65,24.54,24.73,7113871.0
2015-07-09,25.22,25.38,24.75,24.78,9405362.0
2015-07-10,24.98,25.22,24.34,24.46,6806545.0
2015-07-13,24.38,24.77,24.32,24.73,5928021.0
2015-07-14,24.72,25.25,24.61,25.08,8981713.0
2015-07-15,24.97,25.1,24.21,24.4,8319468.0
2015-07-16,24.65,24.68,24.16,24.27,6616199.0
2015-07-17,24.2,24.24,23.55,23.57,6229161.0
2015-07-20,23.59,23.6,23.06,23.24,8697104.0
2015-07-21,23.37,23.59,23.1,23.17,9036190.0
2015-07-22,23.07,23.11,22.23,22.34,11183487.0
2015-07-23,22.36,22.48,21.72,22.1,11974646.0
2015-07-24,22.06,22.1,21.1,21.41,13112592.0
2015-07-27,21.1,21.21,20.56,20.69,9133396.0
2015-07-28,20.77,21.57,20.44,21.2,11808425.0
2015-07-29,21.16,21.86,20.91,21.76,12297627.0
2015-07-30,21.86,21.94,21.47,21.86,8453559.0
2015-07-31,21.68,21.76,20.93,21.01,8920219.0
2015-08-03,20.7,21.22,20.47,20.57,11240593.0
2015-08-04,20.71,20.99,20.28,20.51,9368648.0
2015-08-05,20.82,21.06,19.74,19.79,16190369.0
2015-08-06,19.05,19.74,17.86,19.45,21779330.0
2015-08-07,19.37,19.91,18.25,18.4,11646365.0
2015-08-10,18.42,19.09,18.15,18.98,11913042.0
2015-08-11,18.48,18.92,18.11,18.88,14173407.0
2015-08-12,18.84,19.22,18.54,19.06,12432282.0
2015-08-13,18.79,18.87,17.98,18.02,10022274.0
2015-08-14,18.0,18.27,17.35,17.4,12830495.0
2015-08-17,17.15,17.39,16.9,17.36,15383071.0
2015-08-18,17.33,17.79,17.26,17.48,8936609.0
2015-08-19,17.34,17.48,16.08,16.23,19789952.0
2015-08-20,16.17,16.57,15.95,16.13,14223081.0
2015-08-21,16.03,16.28,15.7,15.73,18792015.0
2015-08-24,14.51,15.24,14.29,14.39,22315957.0
2015-08-25,15.1,15.1,14.03,14.04,13362402.0
2015-08-26,14.32,14.67,14.07,14.65,13532104.0
2015-08-27,14.93,16.13,14.87,15.97,22345413.0
2015-08-28,15.89,17.1,15.87,16.65,20994267.0
2015-08-31,16.41,17.36,15.82,17.29,18409810.0
2015-09-01,16.72,17.22,16.46,16.85,17803566.0
2015-09-02,17.11,17.14,16.15,16.87,14653953.0
2015-09-03,16.94,17.59,16.65,16.87,13560316.0
2015-09-04,16.59,16.71,16.24,16.36,15397066.0
2015-09-08,16.58,16.63,16.03,16.32,13650132.0
2015-09-09,16.42,16.87,14.86,14.91,33845901.0
2015-09-10,15.03,15.42,14.74,14.98,18701678.0
2015-09-11,14.75,15.14,14.59,15.09,15624895.0
2015-09-14,14.99,15.47,14.81,15.41,15436926.0
2015-09-15,15.47,15.85,15.35,15.45,15501756.0
2015-09-16,15.62,16.24,15.62,16.21,16624244.0
2015-09-17,16.23,16.97,16.13,16.43,19624152.0
2015-09-18,16.23,16.33,15.57,15.84,26820715.0
2015-09-21,16.02,16.53,15.67,16.11,13931912.0
2015-09-22,15.75,16.3,15.54,15.66,12190141.0
2015-09-23,15.75,15.95,15.25,15.3,12539525.0
2015-09-24,15.09,15.67,15.04,15.45,12012382.0
2015-09-25,15.67,16.05,15.39,15.75,13870275.0
2015-09-28,15.48,15.55,14.75,14.76,9915985.0
2015-09-29,14.86,15.18,14.71,14.97,10991589.0
2015-09-30,15.14,15.59,15.0,15.4,13694433.0
2015-10-01,15.79,16.19,15.14,15.31,14172970.0
2015-10-02,15.16,16.69,15.0,16.66,11597700.0
2015-10-05,17.08,18.13,17.0,18.05,17500930.0
2015-10-06,18.12,19.28,18.0,19.17,25538508.0
2015-10-07,19.59,20.33,18.41,19.17,26600113.0
2015-10-08,19.1,20.39,19.02,20.18,17052798.0
2015-10-09,20.43,20.44,19.39,19.59,14136445.0
2015-10-12,19.56,19.61,18.41,18.96,13771752.0
2015-10-13,18.8,19.33,18.49,18.59,10324391.0
2015-10-14,18.46,19.03,18.44,18.91,8484248.0
2015-10-15,18.76,19.46,18.69,19.43,9402002.0
2015-10-16,19.52,19.57,18.82,19.28,8142580.0
2015-10-19,18.93,19.11,18.03,18.28,9370645.0
2015-10-20,18.27,18.74,18.11,18.56,7794906.0
2015-10-21,18.41,18.47,17.97,18.02,8139554.0
2015-10-22,18.2,18.62,18.03,18.48,8950247.0
2015-10-23,18.3,18.63,17.98,18.3,8408107.0
2015-10-26,18.26,18.3,17.58,17.59,7178236.0
2015-10-27,17.44,17.44,16.73,17.11,11847067.0
2015-10-28,17.24,18.07,17.04,17.68,12617484.0
2015-10-29,17.48,18.71,17.37,17.55,15848753.0
2015-10-30,17.81,18.73,17.38,18.38,15341743.0
2015-11-02,18.17,19.23,18.14,19.01,10901280.0
2015-11-03,19.25,20.09,19.24,19.66,12033448.0
2015-11-04,19.62,19.85,18.87,19.4,9119564.0
2015-11-05,18.99,19.95,18.13,19.0,19077457.0
2015-11-06,18.68,18.89,17.73,18.29,15273602.0
2015-11-09,18.28,18.74,18.06,18.36,10105548.0
2015-11-10,18.26,18.84,18.19,18.78,8694090.0
2015-11-11,18.7,18.82,16.99,17.3,14056118.0
2015-11-12,16.94,17.6,16.68,17.2,10541138.0
2015-11-13,17.12,17.4,16.68,17.14,8959882.0
2015-11-16,17.21,17.93,16.96,17.87,9262093.0
2015-11-17,17.65,17.92,17.29,17.71,6618329.0
2015-11-18,17.94,18.47,17.29,17.9,11525661.0
2015-11-19,17.71,17.86,17.17,17.64,9794769.0
2015-11-20,17.6,17.86,17.3,17.42,8416880.0
2015-11-23,17.39,17.7,17.17,17.53,9373334.0
2015-11-24,17.79,18.72,17.66,18.5,11708757.0
2015-11-25,18.22,18.4,17.83,18.11,6276994.0
2015-11-27,17.85,18.0,17.39,17.44,3696116.0
2015-11-30,17.57,17.86,17.37,17.51,11677169.0
2015-12-01,17.57,17.69,17.32,17.63,8820141.0
2015-12-02,17.41,17.67,16.58,16.67,11028181.0
2015-12-03,16.85,16.93,16.29,16.55,14456025.0
2015-12-04,16.22,16.37,15.7,16.12,10743001.0
2015-12-07,15.54,15.54,14.67,14.78,15153628.0
2015-12-08,14.25,14.98,14.07,14.92,18251751.0
2015-12-09,14.89,15.44,14.41,14.5,15710533.0
2015-12-10,14.43,14.96,14.26,14.74,10257646.0
2015-12-11,14.38,14.5,14.1,14.34,11233114.0
2015-12-14,14.16,14.22,13.41,13.96,14557913.0
2015-12-15,14.27,14.5,13.93,14.46,12923461.0
2015-12-16,14.47,14.48,13.48,13.78,15867531.0
2015-12-17,13.79,13.97,12.65,12.78,18573178.0
2015-12-18,12.78,12.99,12.4,12.47,27200997.0
2015-12-21,12.54,12.77,12.11,12.52,13584840.0
2015-12-22,12.54,12.88,12.45,12.69,9485903.0
2015-12-23,13.07,13.97,12.99,13.96,14584544.0
2015-12-24,13.98,14.11,13.59,13.93,5709480.0
2015-12-28,13.53,13.57,12.82,12.98,9519111.0
2015-12-29,13.35,13.44,12.76,13.03,8137110.0
2015-12-30,12.73,13.06,12.35,12.38,9893204.0
2015-12-31,12.33,12.66,12.22,12.59,10138545.0
2016-01-04,12.56,13.0,12.38,12.82,12665426.0
2016-01-05,12.79,12.86,12.33,12.76,9773780.0
2016-01-06,12.25,12.27,11.14,11.28,15827874.0
2016-01-07,10.83,11.17,10.55,10.67,20168437.0
2016-01-08,10.78,10.91,9.86,10.35,34051120.0
2016-01-11,10.4,10.41,9.37,9.62,22256379.0
2016-01-12,9.7,9.76,8.71,9.19,25496894.0
2016-01-13,9.4,9.64,8.44,8.54,26848580.0
2016-01-14,8.7,9.24,8.36,9.07,33822930.0
2016-01-15,8.14,8.37,7.71,8.14,39539926.0
2016-01-19,8.21,8.25,7.49,7.68,29475253.0
2016-01-20,7.34,8.04,7.08,7.86,45433973.0
2016-01-21,7.75,8.89,7.72,8.79,37165989.0
2016-01-22,10.19,10.63,8.64,9.02,38931096.0
2016-01-25,8.75,9.19,8.11,8.14,19497178.0
2016-01-26,8.36,8.5,7.93,8.45,16323745.0
2016-01-27,8.34,9.35,8.18,8.75,27283672.0
2016-01-28,9.34,9.55,8.84,9.17,20993142.0
2016-01-29,9.22,9.85,9.17,9.73,20669361.0
2016-02-01,9.38,9.8,9.22,9.74,17303996.0
2016-02-02,9.32,9.34,8.69,8.74,19955773.0
2016-02-03,9.02,9.43,8.44,9.42,23831216.0
2016-02-04,9.55,10.28,9.09,9.19,33498857.0
2016-02-05,9.07,9.1,8.34,8.46,29569157.0
2016-02-08,8.26,8.46,7.63,7.82,45562718.0
2016-02-09,7.63,7.71,7.03,7.29,24921822.0
2016-02-10,7.23,7.62,7.01,7.13,21705465.0
2016-02-11,6.92,7.3,6.52,7.06,36847967.0
2016-02-12,7.22,7.66,7.04,7.49,30426239.0
2016-02-16,7.76,7.84,7.18,7.4,22421163.0
2016-02-17,7.67,7.72,6.75,7.41,63569318.0
2016-02-18,7.6,7.62,6.7,6.93,54967222.0
2016-02-19,6.85,6.88,6.52,6.73,38610696.0
2016-02-22,6.97,7.5,6.85,7.49,34552739.0
2016-02-23,7.3,7.46,6.9,7.03,28050518.0
2016-02-24,6.75,7.25,6.66,7.22,18794052.0
2016-02-25,7.25,7.43,6.96,7.39,20786041.0
2016-02-26,7.75,8.2,7.59,8.03,36403314.0
2016-02-29,8.49,8.53,7.97,8.21,38221019.0
2016-03-01,7.78,8.07,7.56,7.96,273943616.0
2016-03-02,7.94,9.15,7.9,9.1,74513837.0
2016-03-03,9.03,10.0,8.97,9.97,65423899.0
2016-03-04,10.36,11.48,10.08,11.0,86968222.0
2016-03-07,11.12,11.59,10.72,11.03,57475620.0
2016-03-08,10.84,10.87,9.92,10.12,35576294.0
2016-03-09,10.51,10.68,10.08,10.48,30859095.0
2016-03-10,10.31,10.62,10.01,10.59,33991602.0
2016-03-11,11.14,11.35,10.95,11.16,31838976.0
2016-03-14,10.86,11.32,10.68,11.09,28441397.0
2016-03-15,10.85,11.31,10.6,11.31,23898518.0
2016-03-16,11.59,11.83,11.09,11.52,32579105.0
2016-03-17,11.72,11.75,11.31,11.45,30758706.0
2016-03-18,11.72,11.88,11.2,11.63,41223792.0
2016-03-21,11.47,11.84,11.26,11.43,26569183.0
2016-03-22,11.26,11.57,11.25,11.31,22925626.0
2016-03-23,11.14,11.23,10.12,10.19,31264515.0
2016-03-24,9.77,10.45,9.65,10.29,28977929.0
2016-03-28,10.33,10.44,9.81,10.16,22597705.0
2016-03-29,9.92,10.47,9.77,10.4,23911562.0
2016-03-30,10.73,10.8,10.24,10.53,22280387.0
2016-03-31,10.52,11.24,10.42,11.14,40202020.0
2016-04-01,10.75,10.79,10.38,10.56,29049717.0
2016-04-04,10.52,11.0,10.41,10.53,21880080.0
2016-04-05,10.4,10.87,10.32,10.63,21328905.0
2016-04-06,10.81,11.26,10.68,11.02,26232622.0
2016-04-07,10.88,11.29,10.78,11.22,23357523.0
2016-04-08,11.66,11.78,11.4,11.78,24388745.0
2016-04-11,11.92,12.15,11.62,11.67,24363119.0
2016-04-12,12.03,13.39,11.87,13.12,43904578.0
2016-04-13,12.97,13.3,12.51,12.92,30807187.0
2016-04-14,13.02,13.23,12.72,13.11,21203015.0
2016-04-15,12.92,13.21,12.74,13.01,19512686.0
2016-04-18,12.29,13.54,12.28,13.36,23979727.0
2016-04-19,13.54,14.17,13.44,13.95,27576960.0
2016-04-20,13.89,14.34,13.51,14.06,26454480.0
2016-04-21,14.18,14.25,13.77,13.86,23548645.0
2016-04-22,13.97,14.4,13.95,14.34,26853098.0
2016-04-25,14.25,14.29,13.71,13.83,21625176.0
2016-04-26,14.09,14.54,13.88,14.44,24274008.0
2016-04-27,14.7,15.14,14.46,14.84,29911989.0
2016-04-28,14.79,15.07,14.32,14.35,21459178.0
2016-04-29,14.54,14.88,13.72,14.09,27965099.0
2016-05-02,14.02,14.08,13.12,13.55,26215542.0
2016-05-03,13.14,13.39,12.51,12.79,25385299.0
2016-05-04,12.85,13.08,12.09,12.17,25277334.0
2016-05-05,12.75,12.81,11.89,12.07,26898532.0
2016-05-06,11.87,12.53,11.77,12.03,21630752.0
2016-05-09,11.89,11.96,11.28,11.44,21257001.0
2016-05-10,11.54,11.95,11.46,11.94,17097807.0
2016-05-11,11.91,12.83,11.58,12.46,22803900.0
2016-05-12,12.73,13.14,12.16,12.33,25066113.0
2016-05-13,12.24,12.61,12.18,12.3,15097782.0
2016-05-16,12.77,13.13,12.7,12.78,17287323.0
2016-05-17,12.9,13.2,12.68,12.86,16161891.0
2016-05-18,12.78,13.08,12.55,12.66,15045005.0
2016-05-19,12.35,12.88,12.11,12.74,17302191.0
2016-05-20,12.83,13.11,12.58,13.11,17178234.0
2016-05-23,12.87,13.29,12.83,13.19,16878171.0
2016-05-24,13.24,13.3,12.9,13.02,18421026.0
2016-05-25,13.23,13.6,13.14,13.54,16998982.0
2016-05-26,13.8,13.89,13.17,13.17,17241229.0
2016-05-27,13.06,13.1,12.77,12.9,16131247.0
2016-05-31,13.11,13.58,12.94,13.07,19670301.0
2016-06-01,12.88,13.32,12.67,13.23,17136054.0
2016-06-02,13.01,13.47,12.96,13.38,13964933.0
2016-06-03,13.36,13.57,13.07,13.32,14767328.0
2016-06-06,13.65,14.0,13.52,13.96,16292043.0
2016-06-07,14.15,14.74,13.97,14.62,24178539.0
2016-06-08,15.0,15.15,14.42,14.53,20237251.0
2016-06-09,14.18,14.47,14.1,14.26,14132993.0
2016-06-10,13.97,13.99,13.4,13.42,16788241.0
2016-06-13,13.24,13.71,13.15,13.28,17028890.0
2016-06-14,13.26,13.49,12.84,13.23,12098612.0
2016-06-15,13.06,13.49,12.89,13.06,13086528.0
2016-06-16,12.9,12.91,12.21,12.67,16738144.0
2016-06-17,12.98,13.38,12.93,13.16,17878217.0
2016-06-20,13.85,14.73,13.83,14.48,39512259.0
2016-06-21,14.74,15.18,14.2,15.09,34370619.0
2016-06-22,15.13,15.32,14.56,14.75,21249917.0
2016-06-23,15.02,15.28,14.77,15.27,19478533.0
2016-06-24,14.31,14.94,14.28,14.59,33422163.0
2016-06-27,14.3,14.42,14.22,14.3,1650525.0
2016-06-28,14.28,14.83,14.17,14.78,19090516.0
2016-06-29,15.02,15.45,14.84,15.14,24160007.0
2016-06-30,15.02,15.15,14.76,15.01,15331656.0
2016-07-01,14.88,15.83,14.85,15.68,19890698.0
2016-07-05,15.21,15.45,14.45,14.72,21126062.0
2016-07-06,14.56,15.0,14.42,14.84,15727367.0
2016-07-07,15.2,15.4,14.56,14.74,18816132.0
2016-07-08,15.06,15.17,14.68,14.92,17319145.0
2016-07-11,15.0,15.13,14.66,14.69,12502125.0
2016-07-12,15.03,15.73,15.01,15.6,21957293.0
2016-07-13,15.44,15.74,15.13,15.29,22619721.0
2016-07-14,15.55,15.76,15.21,15.27,12170506.0
2016-07-15,15.41,15.51,15.1,15.21,15292959.0
2016-07-18,15.04,15.21,14.72,15.18,14617333.0
2016-07-19,15.06,15.13,14.65,14.75,12823532.0
2016-07-20,14.62,14.94,14.14,14.84,17542579.0
2016-07-21,14.8,15.08,14.37,14.42,18174993.0
2016-07-22,14.49,14.52,14.03,14.11,19804224.0
2016-07-25,13.94,14.06,13.5,13.58,17375847.0
2016-07-26,13.49,13.83,13.41,13.78,14109859.0
2016-07-27,13.89,14.09,13.06,13.13,22749100.0
2016-07-28,13.19,13.44,13.08,13.35,16666696.0
2016-07-29,13.21,13.74,13.11,13.64,13853640.0
2016-08-01,13.42,13.43,12.84,12.92,20924161.0
2016-08-02,13.12,13.23,12.46,12.9,17159795.0
2016-08-03,12.97,13.42,12.67,13.42,17161796.0
2016-08-04,13.6,13.9,13.05,13.41,24444140.0
2016-08-05,13.47,13.94,13.3,13.87,16907637.0
2016-08-08,14.1,14.68,14.1,14.25,18389838.0
2016-08-09,14.35,14.51,14.21,14.42,15444799.0
2016-08-10,14.48,14.59,13.95,13.98,13511127.0
2016-08-11,14.15,14.63,14.01,14.45,13613994.0
2016-08-12,14.6,14.92,14.55,14.72,13454030.0
2016-08-15,14.94,15.06,14.78,14.9,12043055.0
2016-08-16,15.12,15.25,14.71,15.17,18341940.0
2016-08-17,15.07,15.75,14.93,15.7,20857850.0
2016-08-18,15.87,16.73,15.8,16.68,26886632.0
2016-08-19,16.52,16.84,16.48,16.8,16926206.0
2016-08-22,16.2,16.25,15.45,15.64,26335359.0
2016-08-23,15.73,16.55,15.67,16.43,29778808.0
2016-08-24,16.34,16.53,15.97,16.06,16490243.0
2016-08-25,16.02,16.28,15.91,16.01,11531145.0
2016-08-26,16.07,16.32,15.75,15.95,15533835.0
2016-08-29,15.84,16.07,15.72,15.99,9881129.0
2016-08-30,16.0,16.15,15.42,15.55,15529205.0
2016-08-31,15.4,15.51,14.92,15.02,17315370.0
2016-09-01,14.96,15.25,14.82,15.11,14859060.0
2016-09-02,15.37,15.69,15.35,15.49,12582992.0
2016-09-06,15.57,15.71,15.28,15.64,10019599.0
2016-09-07,15.8,15.93,15.47,15.69,12811295.0
2016-09-08,15.89,16.9,15.77,16.74,26221728.0
2016-09-09,16.44,16.61,15.67,15.67,17142949.0
2016-09-12,15.4,15.74,15.07,15.47,18950616.0
2016-09-13,15.09,15.1,14.23,14.34,28845559.0
2016-09-14,14.3,14.58,13.95,14.01,18831996.0
2016-09-15,14.12,14.5,14.08,14.26,12227557.0
2016-09-16,13.95,14.28,13.9,14.24,12954249.0
2016-09-19,14.5,14.63,14.08,14.09,12866466.0
2016-09-20,14.02,14.3,13.8,13.87,15943641.0
2016-09-21,14.11,14.67,14.07,14.65,18849091.0
2016-09-22,14.8,15.22,14.74,14.87,17034615.0
2016-09-23,14.71,15.1,14.26,14.49,22028598.0
2016-09-26,14.55,14.84,14.38,14.41,11906969.0
2016-09-27,14.16,14.22,13.9,14.06,16007287.0
2016-09-28,14.21,15.23,13.84,15.18,30959944.0
2016-09-29,15.28,16.25,15.28,15.9,34959913.0
2016-09-30,15.95,16.16,15.76,15.81,19304723.0
2016-10-03,15.89,16.09,15.61,15.98,10462568.0
2016-10-04,16.02,16.14,15.52,15.63,13739483.0
2016-10-05,15.93,16.4,15.87,16.12,17657482.0
2016-10-06,16.27,16.34,15.82,16.08,13503476.0
2016-10-07,16.11,16.18,15.5,15.56,16877609.0
2016-10-10,15.84,15.94,15.61,15.72,10551700.0
2016-10-11,15.6,15.64,14.92,15.08,15993773.0
2016-10-12,15.0,15.06,14.78,14.94,11774704.0
2016-10-13,14.77,14.93,14.52,14.78,12610273.0
2016-10-14,14.87,14.94,14.54,14.58,11114324.0
2016-10-17,14.39,14.56,14.03,14.18,13373589.0
2016-10-18,14.4,14.42,14.01,14.2,15721000.0
2016-10-19,14.35,14.86,14.31,14.65,15792323.0
2016-10-20,14.47,14.7,14.27,14.7,12848294.0
2016-10-21,14.57,14.75,14.5,14.64,8355031.0
2016-10-24,14.59,14.76,14.26,14.59,10073888.0
2016-10-25,14.45,14.65,14.15,14.18,9827572.0
2016-10-26,13.99,14.39,13.9,14.25,13515803.0
2016-10-27,14.35,14.4,13.88,13.95,18434965.0
2016-10-28,13.88,14.22,13.65,13.72,19039010.0
2016-10-31,13.65,13.68,13.14,13.18,16144601.0
2016-11-01,13.37,13.53,12.87,13.27,16538623.0
2016-11-02,13.06,13.1,12.36,12.78,26145737.0
2016-11-03,13.77,14.76,13.71,14.15,38322933.0
2016-11-04,13.91,14.19,13.65,13.69,29039071.0
2016-11-07,14.1,14.26,13.91,14.15,16076103.0
2016-11-08,14.03,14.36,13.98,14.25,11007515.0
2016-11-09,14.18,15.07,14.18,14.88,22354093.0
2016-11-10,14.73,15.23,14.63,15.14,19249492.0
2016-11-11,14.94,15.06,14.36,14.89,13641518.0
2016-11-14,14.7,15.0,14.45,14.93,15122585.0
2016-11-15,15.24,15.85,15.15,15.7,20428404.0
2016-11-16,15.55,15.92,15.35,15.56,16469099.0
2016-11-17,15.8,16.07,15.44,15.46,17794734.0
2016-11-18,15.52,15.82,15.49,15.62,13993762.0
2016-11-21,16.08,16.57,16.04,16.48,19700292.0
2016-11-22,16.41,16.73,16.01,16.55,17903841.0
2016-11-23,16.37,16.79,16.29,16.78,11231579.0
2016-11-25,16.63,16.63,16.14,16.28,7921576.0
2016-11-28,16.55,16.58,15.51,15.54,20080625.0
2016-11-29,15.14,15.16,14.71,14.95,20295722.0
2016-11-30,16.38,18.55,16.38,18.06,74571720.0
2016-12-01,19.12,19.14,17.58,17.89,36107927.0
2016-12-02,17.84,18.39,17.84,18.2,16675928.0
2016-12-05,18.55,18.72,18.29,18.39,14029320.0
2016-12-06,18.12,18.62,17.93,18.35,13952130.0
2016-12-07,18.21,18.49,18.09,18.42,14176270.0
2016-12-08,18.5,18.59,18.16,18.38,14504914.0
2016-12-09,18.56,18.58,18.08,18.25,10997493.0
2016-12-12,19.15,19.28,18.48,18.49,21517141.0
2016-12-13,18.81,19.0,18.32,18.8,17957934.0
2016-12-14,18.59,18.95,18.16,18.2,21311597.0
2016-12-15,17.86,18.59,17.56,18.24,18059278.0
2016-12-16,18.34,19.01,18.22,18.59,20605753.0
2016-12-19,18.65,18.69,18.3,18.51,10731302.0
2016-12-20,18.61,18.79,18.24,18.31,10111833.0
2016-12-21,18.56,18.59,18.04,18.08,8167334.0
2016-12-22,18.12,18.35,18.0,18.04,9168896.0
2016-12-23,17.98,18.2,17.94,18.06,7619257.0
2016-12-27,18.1,18.2,18.0,18.14,5381876.0
2016-12-28,18.11,18.29,17.84,17.85,8298096.0
2016-12-29,17.78,17.83,17.44,17.57,7019363.0
2016-12-30,17.57,17.81,17.21,17.31,7919992.0
2017-01-03,17.74,18.06,17.29,17.76,13524206.0
2017-01-04,17.71,18.09,17.54,18.05,9318287.0
2017-01-05,18.1,18.27,17.88,18.18,9764701.0
2017-01-06,18.17,18.17,17.83,17.88,7801715.0
2017-01-09,17.64,17.75,17.4,17.4,8860256.0
2017-01-10,17.5,17.58,17.35,17.48,6969475.0
2017-01-11,17.56,17.76,17.47,17.69,9786663.0
2017-01-12,18.03,18.1,17.32,17.44,10280915.0
2017-01-13,17.33,17.49,17.24,17.45,5405627.0
2017-01-17,17.63,17.7,17.4,17.44,6864647.0
2017-01-18,17.26,17.47,17.15,17.33,9286668.0
2017-01-19,17.33,17.5,17.21,17.27,6267129.0
2017-01-20,17.49,17.74,17.42,17.61,11177677.0
2017-01-23,17.48,17.61,17.27,17.42,9514451.0
2017-01-24,17.55,17.91,17.5,17.7,8312787.0
2017-01-25,17.69,17.88,17.67,17.75,8053046.0
2017-01-26,17.8,17.93,17.64,17.75,6978297.0
2017-01-27,17.68,17.7,17.28,17.41,6444256.0
2017-01-30,17.27,17.34,16.35,16.53,13616470.0
2017-01-31,16.55,16.75,16.28,16.75,10885123.0
2017-02-01,17.03,17.12,16.23,16.59,11432083.0
2017-02-02,16.64,16.77,16.29,16.68,9232788.0
2017-02-03,16.7,17.36,16.66,17.23,12758464.0
2017-02-06,17.25,17.25,16.46,16.52,9544174.0
2017-02-07,16.39,16.43,15.75,16.03,14641599.0
2017-02-08,15.86,16.24,15.63,15.88,13199698.0
2017-02-09,16.13,16.23,15.92,16.05,8911078.0
2017-02-10,16.38,16.4,16.05,16.19,11991119.0
2017-02-13,16.08,16.14,15.79,16.06,14775696.0
2017-02-14,16.16,16.43,15.97,16.41,11089489.0
2017-02-15,16.39,16.57,16.19,16.3,13207231.0
2017-02-16,16.6,17.05,16.13,16.17,23879506.0
2017-02-17,16.05,16.26,15.93,16.23,13920148.0
2017-02-21,16.42,16.63,16.32,16.38,13295030.0
2017-02-22,16.2,16.26,15.73,15.76,14586490.0
2017-02-23,16.25,16.25,15.7,15.98,16364649.0
2017-02-24,15.69,15.99,15.59,15.73,12127010.0
2017-02-27,15.9,15.98,15.66,15.85,11129913.0
2017-02-28,15.68,16.12,15.67,16.0,13375207.0
2017-03-01,16.16,16.65,16.1,16.45,12925651.0
2017-03-02,16.25,16.48,16.08,16.14,11306436.0
2017-03-03,16.18,16.5,16.12,16.18,6984632.0
2017-03-06,16.1,16.48,15.98,16.47,8817296.0
2017-03-07,16.55,16.58,16.11,16.28,11310456.0
2017-03-08,16.12,16.21,14.81,14.87,24443510.0
2017-03-09,15.69,16.07,15.22,16.07,36554774.0
2017-03-10,16.44,16.54,15.61,16.16,24324541.0
2017-03-13,16.05,16.24,15.8,15.84,15426405.0
2017-03-14,15.49,15.5,14.61,15.32,24928418.0
2017-03-15,15.48,15.68,15.23,15.56,15750396.0
2017-03-16,15.63,15.7,15.43,15.55,9512192.0
2017-03-17,15.61,15.65,15.39,15.46,12129327.0
2017-03-20,15.29,15.52,15.08,15.48,11141424.0
2017-03-21,15.55,15.56,14.88,15.05,15346885.0
2017-03-22,14.95,15.13,14.81,15.02,10050480.0
2017-03-23,14.96,15.02,14.66,14.68,14354217.0
2017-03-24,14.73,14.95,14.55,14.61,11813053.0
2017-03-27,14.41,14.78,14.3,14.75,9639768.0
2017-03-28,14.76,15.27,14.71,15.23,13183905.0
2017-03-29,15.21,15.98,15.18,15.85,15758958.0
2017-03-30,16.05,16.18,15.77,15.85,13246822.0
2017-03-31,15.8,16.0,15.56,15.8,9799433.0
2017-04-03,15.81,15.9,15.54,15.82,8427749.0
2017-04-04,15.81,16.15,15.65,16.14,9120860.0
2017-04-05,16.31,16.64,15.95,15.98,19641504.0
2017-04-06,16.14,16.46,16.01,16.31,12363529.0
2017-04-07,16.31,16.47,16.25,16.26,12551113.0
2017-04-10,16.38,16.68,16.35,16.56,11566710.0
2017-04-11,16.56,16.61,16.26,16.6,9672989.0
2017-04-12,16.64,16.9,16.29,16.41,16356108.0
2017-04-13,16.35,16.4,15.82,15.91,15489404.0
2017-04-17,15.91,16.11,15.7,16.02,11361908.0
2017-04-18,15.83,16.05,15.51,15.74,14014403.0
2017-04-19,15.76,15.82,14.96,15.06,13672193.0
2017-04-20,15.16,15.3,15.04,15.09,10314227.0
2017-04-21,15.02,15.24,14.89,15.16,13787332.0
2017-04-24,15.31,15.36,14.99,15.15,12722478.0
2017-04-25,15.17,15.63,15.05,15.61,10929393.0
2017-04-26,15.49,15.86,15.31,15.31,14792029.0
2017-04-27,15.1,15.18,14.63,14.88,21602281.0
2017-04-28,14.99,15.17,14.82,14.87,12814891.0
2017-05-01,14.87,14.95,14.74,14.82,7808750.0
2017-05-02,14.84,14.95,14.46,14.64,10607185.0
2017-05-03,14.56,14.95,14.52,14.85,12224669.0
2017-05-04,14.65,14.67,13.97,14.17,18848780.0
2017-05-05,14.1,14.34,13.65,14.29,21878546.0
2017-05-08,14.29,14.65,14.22,14.59,11747084.0
2017-05-09,14.63,14.63,14.28,14.4,10125582.0
2017-05-10,14.57,14.94,14.52,14.7,14452238.0
2017-05-11,14.66,14.84,14.47,14.48,12617358.0
2017-05-12,14.53,14.56,14.15,14.33,17496495.0
2017-05-15,14.93,15.12,14.43,14.54,15973820.0
2017-05-16,14.65,14.7,14.32,14.43,12739461.0
2017-05-17,14.23,14.61,14.18,14.35,14645538.0
2017-05-18,14.22,14.47,14.02,14.12,10772743.0
2017-05-19,14.25,14.67,14.21,14.53,12771972.0
2017-05-22,14.61,14.7,14.4,14.44,9994552.0
2017-05-23,14.49,14.59,14.36,14.56,10505536.0
2017-05-24,14.55,14.67,14.36,14.53,13010423.0
2017-05-25,14.42,14.7,13.43,13.5,26991695.0
2017-05-26,13.52,13.62,13.3,13.52,11288355.0
2017-05-30,13.42,13.43,13.11,13.12,10905997.0
2017-05-31,12.92,13.1,12.75,13.02,14882398.0
2017-06-01,13.05,13.41,12.95,13.1,11557862.0
2017-06-02,12.96,12.99,12.56,12.72,13823914.0
2017-06-05,12.61,12.86,12.54,12.78,10988329.0
2017-06-06,12.76,12.96,12.64,12.88,10659689.0
2017-06-07,12.8,12.92,12.12,12.21,24145083.0
2017-06-08,12.12,12.36,12.04,12.09,15643534.0
2017-06-09,12.15,12.67,12.04,12.54,17441583.0
2017-06-12,12.75,12.96,12.55,12.62,13318762.0
2017-06-13,12.61,13.06,12.57,13.01,13898786.0
2017-06-14,12.87,13.0,12.47,12.64,14259298.0
2017-06-15,12.57,12.75,12.26,12.37,12853856.0
2017-06-16,12.47,12.59,12.32,12.52,16457424.0
2017-06-19,12.54,12.6,12.42,12.49,10139471.0
2017-06-20,12.23,12.23,11.85,12.06,18839933.0
2017-06-21,11.99,12.13,11.55,11.61,19903082.0
2017-06-22,11.72,11.82,11.5,11.59,12299746.0
2017-06-23,11.62,11.73,11.41,11.53,14251060.0
2017-06-26,11.56,11.68,11.4,11.53,9818888.0
2017-06-27,11.55,11.62,11.31,11.35,24905249.0
2017-06-28,11.32,11.57,11.2,11.45,23205949.0
2017-06-29,11.51,12.01,11.5,11.71,19729395.0
2017-06-30,11.78,11.97,11.6,11.85,15088231.0
2017-07-03,11.97,12.22,11.94,12.14,8812912.0
2017-07-05,12.03,12.05,11.57,11.74,18944948.0
2017-07-06,11.89,11.96,11.53,11.59,17906468.0
2017-07-07,11.54,11.55,11.22,11.47,15445847.0
2017-07-10,11.41,11.59,11.34,11.52,10970423.0
2017-07-11,11.5,11.73,11.41,11.61,4419399.0
2017-07-12,11.75,11.86,11.42,11.45,6332743.0
2017-07-13,11.45,11.49,11.22,11.46,7123380.0
2017-07-14,11.53,11.67,11.43,11.65,6598441.0
2017-07-17,11.64,11.87,11.58,11.59,7099000.0
2017-07-18,11.72,11.78,11.48,11.68,6680973.0
2017-07-19,11.66,12.28,11.6,12.25,19457909.0
2017-07-20,12.41,12.43,12.07,12.09,7928482.0
2017-07-21,12.01,12.08,11.77,11.84,5517449.0
2017-07-24,11.88,11.95,11.76,11.88,3747267.0
2017-07-25,12.09,12.49,12.08,12.34,9131175.0
2017-07-26,12.53,12.62,12.15,12.17,6651187.0
2017-07-27,12.17,12.27,11.99,12.23,15910213.0
2017-07-28,12.21,12.66,12.2,12.35,7584842.0
2017-07-31,12.33,12.39,12.07,12.23,10798345.0
2017-08-01,12.21,12.25,11.84,11.91,6691740.0
2017-08-02,11.81,12.28,11.75,12.04,11487747.0
2017-08-03,12.21,13.11,12.17,12.52,16555875.0
2017-08-04,12.48,12.96,12.45,12.91,10699754.0
2017-08-07,12.76,12.82,12.31,12.35,9435288.0
2017-08-08,12.28,12.65,12.25,12.36,5825205.0
2017-08-09,12.44,12.55,12.15,12.2,13576863.0
2017-08-10,12.34,12.4,12.03,12.05,12984611.0
2017-08-11,11.99,12.24,11.96,12.12,11705821.0
2017-08-14,12.08,12.13,11.62,11.63,14217985.0
2017-08-15,11.53,11.6,11.36,11.53,11987244.0
2017-08-16,11.57,11.63,11.12,11.19,13837717.0
2017-08-17,11.12,11.26,10.8,10.82,15773726.0
2017-08-18,10.81,10.91,10.55,10.87,28729837.0
2017-08-21,10.81,10.83,10.67,10.77,11220227.0
2017-08-22,10.82,10.93,10.73,10.89,10107701.0
2017-08-23,10.83,11.11,10.75,11.02,6711443.0
2017-08-24,10.97,11.05,10.89,10.99,7747995.0
2017-08-25,11.07,11.1,10.96,11.05,7086051.0
2017-08-28,11.05,11.14,10.79,10.92,8580247.0
2017-08-29,10.84,10.93,10.68,10.88,7679299.0
2017-08-30,10.81,10.93,10.64,10.9,8904724.0
2017-08-31,10.98,11.34,10.91,11.12,15376672.0
2017-09-01,11.14,11.39,11.03,11.27,7786908.0
2017-09-05,11.38,11.5,11.16,11.29,11135780.0
2017-09-06,11.4,11.82,11.34,11.73,16719831.0
2017-09-07,11.7,11.79,11.6,11.78,10872161.0
2017-09-08,11.74,11.74,11.09,11.31,18652332.0
2017-09-11,11.31,11.55,11.24,11.49,8546556.0
2017-09-12,11.51,11.76,11.44,11.59,8871420.0
2017-09-13,11.65,12.04,11.65,11.91,14818869.0
2017-09-14,12.0,12.17,11.83,11.93,13858566.0
2017-09-15,11.96,12.07,11.84,12.0,11333041.0
2017-09-18,11.94,12.09,11.87,12.02,10067716.0
2017-09-19,12.09,12.12,11.92,12.0,7781542.0
2017-09-20,12.04,12.53,12.02,12.42,15741795.0
2017-09-21,12.4,12.81,12.31,12.73,18559423.0
2017-09-22,12.65,12.97,12.62,12.79,11858658.0
2017-09-25,12.96,13.25,12.86,13.19,10768018.0
2017-09-26,13.09,13.45,12.97,13.4,14912604.0
2017-09-27,13.45,13.81,13.33,13.73,21628011.0
2017-09-28,13.77,13.95,13.36,13.53,19313547.0
2017-09-29,13.45,13.58,13.3,13.56,14510049.0
2017-10-02,13.2,13.6,13.08,13.59,11020592.0
2017-10-03,13.56,13.76,13.51,13.76,9736189.0
2017-10-04,13.79,14.16,13.78,13.9,14321237.0
2017-10-05,13.91,14.08,13.81,13.88,11090661.0
2017-10-06,13.63,13.84,13.44,13.55,7779198.0
2017-10-09,13.6,13.68,13.46,13.58,6952850.0
2017-10-10,13.74,13.84,13.59,13.62,9912484.0
2017-10-11,13.66,13.73,13.44,13.68,7727199.0
2017-10-12,13.51,13.69,13.47,13.62,6869646.0
2017-10-13,13.77,13.95,13.73,13.75,11382952.0
2017-10-16,13.85,14.12,13.78,13.85,11375775.0
2017-10-17,13.85,13.97,13.65,13.96,9219151.0
2017-10-18,13.93,14.14,13.74,13.77,9874703.0
2017-10-19,13.69,13.89,13.65,13.74,7345124.0
2017-10-20,13.79,13.95,13.74,13.93,7477768.0
2017-10-23,13.92,13.97,13.62,13.63,8690537.0
2017-10-24,13.74,13.86,13.64,13.71,12140211.0
2017-10-25,13.62,13.77,13.34,13.48,11255916.0
2017-10-26,13.52,13.61,13.28,13.56,11090876.0
2017-10-27,13.44,13.81,13.39,13.81,9057961.0
2017-10-30,13.88,14.24,13.84,14.16,18830332.0
2017-10-31,14.12,14.34,13.98,14.22,13880305.0
2017-11-01,14.37,14.89,14.35,14.87,17084309.0
2017-11-02,14.74,15.54,14.71,15.44,22530148.0
2017-11-03,15.5,15.68,15.26,15.58,17527056.0
2017-11-06,15.73,16.35,15.67,16.33,23687448.0
2017-11-07,16.25,16.59,16.12,16.16,17796789.0
2017-11-08,16.12,16.12,15.66,15.75,18182248.0
2017-11-09,15.69,15.9,15.6,15.78,13248795.0
2017-11-10,15.58,15.76,15.41,15.62,11447588.0
2017-11-13,15.62,15.71,15.48,15.55,9103704.0
2017-11-14,15.34,15.35,14.83,14.84,14720666.0
2017-11-15,14.64,14.92,14.5,14.79,13358198.0
2017-11-16,14.76,14.83,14.5,14.52,14253342.0
2017-11-17,14.71,15.19,14.7,15.05,10747254.0
2017-11-20,14.85,14.87,14.43,14.47,14094732.0
2017-11-21,14.53,14.68,14.36,14.52,11689607.0
2017-11-22,14.72,14.97,14.67,14.88,20262840.0
2017-11-24,14.94,15.29,14.92,15.13,6794234.0
2017-11-27,14.87,14.96,14.46,14.48,11718222.0
2017-11-28,14.53,14.64,14.44,14.56,11013151.0
2017-11-29,14.5,14.8,14.46,14.75,10057448.0
2017-11-30,14.96,15.28,14.66,14.84,18675271.0
2017-12-01,15.0,15.24,14.79,15.08,18223492.0
2017-12-04,14.97,15.48,14.85,14.9,13136865.0
2017-12-05,15.16,15.23,14.82,14.88,14085702.0
2017-12-06,14.88,14.88,14.38,14.45,10756646.0
2017-12-07,14.46,14.79,14.38,14.74,7961454.0
2017-12-08,14.89,15.18,14.76,15.15,8441696.0
2017-12-11,15.14,15.32,15.04,15.15,10294757.0
2017-12-12,15.24,15.29,14.9,15.18,10990062.0
2017-12-13,15.19,15.42,15.11,15.2,14765400.0
2017-12-14,15.09,15.38,15.07,15.12,9192254.0
2017-12-15,15.27,15.35,14.98,15.01,16611347.0
2017-12-18,15.09,15.47,14.98,15.43,13875717.0
2017-12-19,15.48,16.04,15.34,16.02,14504545.0
2017-12-20,16.12,16.36,15.82,16.32,13842507.0
2017-12-21,16.33,17.11,16.27,17.05,15603162.0
2017-12-22,16.98,17.22,16.88,16.9,9381947.0
2017-12-26,17.04,17.35,16.96,17.26,9356686.0
2017-12-27,17.18,17.22,16.93,17.01,7509808.0
2017-12-28,17.0,17.11,16.82,17.07,8274650.0
2017-12-29,17.15,17.18,16.92,16.93,7122692.0
2018-01-02,17.11,17.39,17.04,17.38,8107020.0
2018-01-03,17.45,17.87,17.43,17.67,10684677.0
2018-01-04,17.9,18.15,17.62,18.12,14052092.0
2018-01-05,17.96,17.96,17.63,17.89,11962183.0
2018-01-08,17.87,17.98,17.65,17.97,7096781.0
2018-01-09,18.01,18.13,17.86,18.05,12120455.0
2018-01-10,18.09,18.15,17.85,17.9,7921869.0
2018-01-11,18.0,18.81,17.94,18.6,13189720.0
2018-01-12,18.68,18.96,18.57,18.82,10312221.0
2018-01-16,18.89,18.91,18.22,18.24,13872546.0
2018-01-17,18.35,19.04,18.07,18.84,19818169.0
2018-01-18,18.76,18.92,18.46,18.69,10145137.0
2018-01-19,18.54,18.59,18.26,18.58,7614689.0
2018-01-22,18.65,19.28,18.61,19.28,13343213.0
2018-01-23,19.34,19.52,18.92,19.22,11965002.0
2018-01-24,19.34,19.48,19.01,19.28,11367172.0
2018-01-25,19.44,19.45,18.65,18.68,9251595.0
2018-01-26,18.65,19.04,18.46,18.84,8947447.0
2018-01-29,18.63,19.07,18.51,18.62,7613634.0
2018-01-30,18.45,18.49,17.71,18.06,12467494.0
2018-01-31,18.06,18.3,17.97,18.19,9760274.0
2018-02-01,18.25,18.52,18.16,18.43,9494424.0
2018-02-02,18.14,18.23,17.42,17.52,10885077.0
2018-02-05,16.7,17.38,16.61,16.78,15320078.0
2018-02-06,16.31,17.33,16.14,17.23,16059039.0
2018-02-07,17.16,17.64,16.32,16.33,17435450.0
2018-02-08,16.38,16.7,15.68,15.68,15091086.0
2018-02-09,15.77,15.92,14.87,15.51,17712221.0
2018-02-12,15.76,16.47,15.74,16.27,15792415.0
2018-02-13,16.1,16.22,15.9,16.07,8344398.0
2018-02-14,15.81,17.01,15.72,16.95,14150091.0
2018-02-15,16.95,16.95,15.49,16.32,28950225.0
2018-02-16,16.22,16.25,15.62,15.65,17797975.0
2018-02-20,15.63,16.23,15.63,15.85,22272620.0
2018-02-21,15.8,16.04,15.29,15.3,16923664.0
2018-02-22,15.41,15.62,15.15,15.18,18251556.0
2018-02-23,15.29,15.55,15.11,15.54,13864993.0
2018-02-26,15.57,15.6,15.21,15.34,13662212.0
2018-02-27,15.3,15.5,14.99,15.0,12587922.0
2018-02-28,15.07,15.17,14.51,14.52,15725448.0
2018-03-01,14.55,14.94,14.37,14.53,13600310.0
2018-03-02,14.46,14.89,14.27,14.86,11468734.0
2018-03-05,14.82,15.23,14.78,15.15,12024009.0
2018-03-06,15.26,15.32,15.0,15.03,9045204.0
2018-03-07,14.84,15.02,14.61,14.8,8609635.0
2018-03-08,14.86,14.93,14.62,14.83,10863135.0
2018-03-09,14.92,15.25,14.9,15.22,8747156.0
2018-03-12,15.13,15.41,15.02,15.09,10335613.0
2018-03-13,15.22,15.24,14.74,14.82,15732246.0
2018-03-14,14.95,15.03,14.8,14.87,12526382.0
2018-03-15,14.93,15.04,14.76,14.91,10797980.0
2018-03-16,14.97,15.32,14.9,15.12,19356808.0
2018-03-19,15.05,15.19,14.72,14.85,9637731.0
2018-03-20,14.98,15.37,14.95,15.26,12136774.0
2018-03-21,15.38,16.41,15.3,16.32,16591062.0
2018-03-22,16.08,16.15,15.68,15.84,11604368.0
2018-03-23,15.88,16.36,15.7,15.76,11890897.0
2018-03-26,16.03,16.3,15.83,16.27,13256208.0
2018-03-27,16.39,16.4,15.71,15.82,10584878.0
2018-03-28,15.83,15.95,15.28,15.32,11221623.0
2018-03-29,15.48,16.2,15.45,16.13,11153849.0
2018-04-02,16.01,16.06,15.22,15.57,10380676.0
2018-04-03,15.72,16.02,15.39,16.0,8402774.0
2018-04-04,15.65,15.92,15.51,15.89,8410330.0
2018-04-05,15.99,16.98,15.97,16.8,20987261.0
2018-04-06,16.62,16.89,15.98,16.24,12888998.0
2018-04-09,16.41,16.7,16.34,16.35,8334551.0
2018-04-10,16.75,17.22,16.73,17.06,11617497.0
2018-04-11,16.96,17.63,16.89,17.52,16953072.0
2018-04-12,17.6,17.75,17.38,17.63,13817632.0
2018-04-13,17.84,18.5,17.8,18.16,18106385.0
2018-04-16,18.2,18.5,18.06,18.19,13165948.0
2018-04-17,18.28,18.37,18.11,18.15,15749373.0
2018-04-18,18.32,18.66,18.19,18.23,30393235.0
2018-04-19,18.32,18.35,17.88,17.99,16333749.0
2018-04-20,17.99,18.03,17.68,18.02,11724401.0
2018-04-23,17.94,18.09,17.59,17.98,9203143.0
2018-04-24,18.11,18.28,17.62,17.71,11266324.0
2018-04-25,17.69,18.01,17.57,17.97,9692232.0
2018-04-26,18.08,18.55,17.99,18.46,12522362.0
2018-04-27,18.38,18.38,18.01,18.11,7276994.0
2018-04-30,18.07,18.49,18.07,18.25,18750446.0
2018-05-01,18.14,18.37,17.98,18.2,11228641.0
2018-05-02,18.18,18.5,18.15,18.3,11193934.0
2018-05-03,18.28,19.51,18.28,19.44,27319902.0
2018-05-04,19.5,19.94,19.29,19.72,16161632.0
2018-05-07,20.04,20.86,19.76,19.77,19009072.0
2018-05-08,19.8,20.46,19.15,20.44,18752177.0
2018-05-09,20.91,21.68,20.85,21.26,21226651.0
2018-05-10,21.36,21.41,20.99,21.14,13150870.0
2018-05-11,21.17,21.23,20.91,21.0,9325967.0
2018-05-14,21.19,21.52,21.17,21.42,12014739.0
2018-05-15,21.3,21.38,20.96,21.27,11199008.0
2018-05-16,21.26,21.32,20.99,21.18,9687684.0
2018-05-17,21.35,21.77,21.28,21.65,10013474.0
2018-05-18,21.6,21.63,21.36,21.41,7895513.0
2018-05-21,21.63,21.94,21.56,21.9,10459922.0
2018-05-22,21.91,22.12,21.44,21.54,12205653.0
2018-05-23,21.36,21.79,21.21,21.63,10617529.0
2018-05-24,21.17,21.71,20.93,21.47,12430820.0
2018-05-25,20.79,20.82,20.26,20.71,14058722.0
2018-05-29,20.39,20.83,20.31,20.68,9384920.0
2018-05-30,20.9,21.65,20.83,21.53,9503358.0
2018-05-31,21.33,21.83,21.2,21.43,12862507.0
2018-06-01,21.41,21.8,21.2,21.52,12991795.0
2018-06-04,21.72,21.84,21.04,21.08,12122553.0
2018-06-05,20.93,21.15,20.42,20.58,12466590.0
2018-06-06,20.74,20.83,20.34,20.7,11156286.0
2018-06-07,20.9,21.34,20.81,21.1,8306422.0
2018-06-08,21.32,21.32,20.77,20.99,8879296.0
2018-06-11,21.01,21.64,20.86,21.47,10121701.0
2018-06-12,21.48,21.64,21.22,21.36,10768772.0
2018-06-13,21.23,21.62,21.19,21.47,11237962.0
2018-06-14,21.61,21.67,21.07,21.12,9308231.0
2018-06-15,21.01,21.05,19.88,19.99,22233950.0
2018-06-18,19.99,20.65,19.97,20.32,14895335.0
2018-06-19,19.85,20.56,19.71,20.53,11348614.0
2018-06-20,20.8,21.08,20.58,21.06,11199095.0
2018-06-21,20.79,20.79,19.88,19.92,14464610.0
2018-06-22,20.94,21.75,20.77,21.48,19248347.0
2018-06-25,21.38,21.49,20.25,20.3,13759744.0
2018-06-26,20.44,20.79,20.1,20.73,14072706.0
2018-06-27,21.15,21.4,20.97,21.22,14707143.0
2018-06-28,21.37,21.47,20.6,20.7,13084851.0
2018-06-29,20.74,21.36,20.71,20.86,13396238.0
2018-07-02,20.65,20.76,20.16,20.66,12467428.0
2018-07-03,21.0,21.62,20.95,21.27,8530142.0
2018-07-05,21.4,21.52,20.67,20.7,8940090.0
2018-07-06,20.49,21.2,20.38,21.09,9373057.0
2018-07-09,21.24,21.93,21.16,21.91,11746371.0
2018-07-10,22.15,22.74,21.7,21.98,15721456.0
2018-07-11,21.72,22.13,21.14,21.3,11158902.0
2018-07-12,21.46,21.62,21.11,21.43,8909015.0
2018-07-13,21.49,21.76,21.4,21.48,8273929.0
2018-07-16,20.92,21.04,19.78,20.04,23620088.0
2018-07-17,19.77,20.24,19.7,20.06,11575691.0
2018-07-18,19.85,20.49,19.41,20.37,17404629.0
2018-07-19,20.17,20.62,20.11,20.54,12557758.0
2018-07-20,20.59,20.7,20.29,20.48,11074867.0
2018-07-23,20.71,20.74,20.38,20.46,7610487.0
2018-07-24,20.61,21.05,20.47,20.85,6548613.0
2018-07-25,20.9,21.19,20.79,21.18,6775325.0
2018-07-26,21.19,21.34,21.05,21.24,7528128.0
2018-07-27,21.18,21.34,20.8,20.83,8492355.0
2018-07-30,21.12,21.36,21.06,21.11,8970087.0
2018-07-31,21.1,21.27,20.65,21.12,10416513.0
2018-08-01,20.82,20.85,20.12,20.31,12619181.0
2018-08-02,19.67,21.22,19.65,20.83,15249539.0
2018-08-03,20.73,20.77,20.29,20.54,13441689.0
2018-08-06,20.61,20.86,20.25,20.61,9921551.0
2018-08-07,20.89,21.22,20.65,20.72,10473868.0
2018-08-08,20.52,20.61,19.96,20.14,10732735.0
2018-08-09,20.17,20.29,19.96,20.09,8366903.0
2018-08-10,20.05,20.45,19.98,20.38,5786055.0
2018-08-13,20.29,20.59,20.07,20.08,7071506.0
2018-08-14,20.34,20.67,20.27,20.45,7967141.0
2018-08-15,20.15,20.19,18.98,19.0,16138194.0
2018-08-16,19.2,19.57,19.17,19.32,10360454.0
2018-08-17,19.5,19.94,19.46,19.83,10455213.0
2018-08-20,19.78,20.14,19.72,19.98,7269201.0
2018-08-21,20.21,20.51,20.16,20.21,7817435.0
2018-08-22,20.5,21.11,20.43,20.87,10280347.0
2018-08-23,20.73,20.89,20.48,20.78,6363302.0
2018-08-24,21.0,21.28,20.5,20.61,10284908.0
2018-08-27,20.68,21.03,20.66,20.87,6251336.0
2018-08-28,20.95,21.06,20.45,20.7,10588163.0
2018-08-29,20.92,22.01,20.92,21.77,17308302.0
2018-08-30,21.69,22.03,21.48,21.63,11242105.0
2018-08-31,21.51,21.6,21.29,21.51,7197175.0
2018-09-04,21.68,21.8,21.04,21.06,6978148.0
2018-09-05,21.01,21.27,20.8,21.21,10397266.0
2018-09-06,21.15,21.17,20.12,20.36,12790973.0
2018-09-07,20.11,20.56,19.83,20.52,6896200.0
2018-09-10,20.65,20.79,20.35,20.35,5881100.0
2018-09-11,20.23,20.72,20.08,20.54,9748678.0
2018-09-12,20.83,20.97,20.41,20.56,8681000.0
2018-09-13,20.45,20.72,20.2,20.67,7607410.0
2018-09-14,20.66,21.03,20.6,20.88,8089131.0
2018-09-17,21.0,21.06,20.77,20.87,5858075.0
2018-09-18,21.08,21.7,21.0,21.5,8904846.0
2018-09-19,21.45,21.98,21.42,21.76,8008993.0
2018-09-20,21.95,22.08,21.36,21.55,7970079.0
2018-09-21,21.57,21.95,21.5,21.86,11655285.0
2018-09-24,22.21,22.76,22.1,22.34,17304588.0
2018-09-25,22.55,22.68,22.3,22.49,13944017.0
2018-09-26,22.39,22.9,22.22,22.44,13096259.0
2018-09-27,22.73,22.9,22.52,22.73,10788672.0
2018-09-28,22.69,23.67,22.65,23.28,11899435.0
2018-10-01,23.43,23.98,23.26,23.86,14321932.0
2018-10-02,23.8,23.88,23.41,23.51,9888603.0
2018-10-03,23.64,24.2,23.33,23.99,12575947.0
2018-10-04,23.82,24.14,23.43,23.72,10949500.0
2018-10-05,23.69,23.99,23.02,23.41,9526936.0
2018-10-08,23.12,23.27,22.74,22.88,7871062.0
2018-10-09,23.0,23.21,22.7,22.93,9196075.0
2018-10-10,22.81,22.94,21.13,21.16,16397060.0
2018-10-11,20.89,21.15,19.92,19.96,22326072.0
2018-10-12,20.58,20.7,20.01,20.52,15494854.0
2018-10-15,20.92,21.01,20.41,20.84,11811242.0
2018-10-16,20.95,21.27,20.71,21.18,12526938.0
2018-10-17,21.14,21.15,20.45,20.89,9543955.0
2018-10-18,20.5,20.77,20.34,20.55,9053983.0
2018-10-19,20.8,21.02,20.56,20.67,13550955.0
2018-10-22,20.52,20.59,20.15,20.46,10419262.0
2018-10-23,19.86,19.88,19.17,19.48,18252703.0
2018-10-24,19.69,19.73,18.33,18.35,18081329.0
2018-10-25,18.69,19.05,18.39,18.79,11616959.0
2018-10-26,18.42,18.95,18.16,18.69,11082797.0
2018-10-29,18.83,18.86,17.77,18.15,11731778.0
2018-10-30,17.94,18.72,17.85,18.68,14023427.0
2018-10-31,18.96,19.76,18.89,18.99,14835413.0
2018-11-01,19.03,19.31,18.51,18.61,12954014.0
2018-11-02,18.66,18.96,17.95,18.21,17873843.0
2018-11-05,18.51,18.7,18.36,18.69,10104830.0
2018-11-06,18.8,18.82,17.96,18.33,14573761.0
2018-11-07,18.6,18.94,18.18,18.51,19896469.0
2018-11-08,19.14,19.3,17.99,18.05,21615627.0
2018-11-09,17.68,18.0,17.21,17.84,17026279.0
2018-11-12,18.06,18.2,17.22,17.26,11315167.0
2018-11-13,17.19,17.32,16.37,16.47,21411319.0
2018-11-14,16.97,17.23,16.37,16.68,19490658.0
2018-11-15,16.68,17.22,16.59,17.15,14108063.0
2018-11-16,17.16,17.43,16.81,17.19,15480799.0
2018-11-19,16.8,17.29,16.79,17.12,10829900.0
2018-11-20,16.61,16.69,15.8,15.93,14425596.0
2018-11-21,16.14,16.68,16.06,16.41,12515407.0
2018-11-23,15.68,16.02,15.49,15.65,7405061.0
2018-11-26,15.85,16.3,15.85,16.23,10699174.0
2018-11-27,16.2,16.45,15.9,16.1,13631676.0
2018-11-28,16.11,16.5,15.86,16.49,10034349.0
2018-11-29,16.57,16.82,16.33,16.55,9998417.0
2018-11-30,16.3,16.77,16.08,16.69,13260439.0
2018-12-03,17.62,17.84,17.08,17.55,15108429.0
2018-12-04,17.57,17.76,16.77,16.82,13177523.0
2018-12-06,16.28,16.32,15.6,16.22,19130065.0
2018-12-07,16.74,17.14,16.03,16.05,21693595.0
2018-12-10,15.69,15.91,15.13,15.3,15896318.0
2018-12-11,15.46,15.63,15.02,15.33,21603928.0
2018-12-12,15.7,16.06,15.51,15.52,18043767.0
2018-12-13,15.4,15.77,15.27,15.62,13073872.0
2018-12-14,15.41,15.53,14.95,15.04,12708550.0
2018-12-17,14.94,15.18,14.62,14.72,13529514.0
2018-12-18,14.79,14.8,14.16,14.24,18485728.0
2018-12-19,14.43,14.69,13.78,13.86,14545320.0
2018-12-20,13.61,13.96,13.42,13.61,20450972.0
2018-12-21,13.54,13.9,13.39,13.45,24619848.0
2018-12-24,13.25,13.36,12.66,12.66,7147912.0
2018-12-26,12.84,14.18,12.57,14.17,16234387.0
2018-12-27,13.8,14.3,13.57,14.29,12227235.0
2018-12-28,14.41,14.44,13.96,14.08,9668945.0
2018-12-31,14.23,14.36,14.03,14.34,9646866.0
2019-01-02,13.9,14.89,13.86,14.72,10497083.0
2019-01-03,14.74,14.92,14.2,14.62,10915080.0
2019-01-04,14.97,15.43,14.79,15.41,14563501.0
2019-01-07,15.54,15.77,15.25,15.62,10186707.0
2019-01-08,15.88,15.97,15.3,15.48,12484826.0
2019-01-09,15.74,16.16,15.55,16.07,12816618.0
2019-01-10,15.85,16.42,15.7,16.35,13253774.0
2019-01-11,16.17,16.22,15.82,16.11,10834590.0
2019-01-14,15.86,16.09,15.78,15.83,10729557.0
2019-01-15,15.98,16.16,15.78,15.83,10065826.0
2019-01-16,15.71,15.86,15.51,15.54,15802413.0
2019-01-17,15.39,15.87,15.33,15.79,10236061.0
2019-01-18,15.99,16.15,15.79,16.1,11621094.0
2019-01-22,15.88,15.92,15.54,15.69,13352919.0
2019-01-23,15.77,15.84,15.37,15.56,9966797.0
2019-01-24,15.49,15.93,15.45,15.8,7734244.0
2019-01-25,15.94,16.14,15.88,15.9,9403828.0
2019-01-28,15.6,15.84,15.51,15.83,7330965.0
2019-01-29,16.01,16.1,15.87,15.91,8009899.0
2019-01-30,16.07,16.17,15.84,16.02,9960579.0
2019-01-31,16.03,16.1,15.59,15.79,12572488.0
2019-02-01,15.88,16.24,15.81,16.0,12970321.0
2019-02-04,15.84,16.25,15.84,16.15,13278864.0
2019-02-05,16.08,16.2,15.87,15.94,7258778.0
2019-02-06,15.8,16.08,15.73,15.91,9737308.0
2019-02-07,15.76,15.83,15.18,15.27,13165628.0
2019-02-08,15.27,15.32,14.83,15.13,11329940.0
2019-02-11,14.94,15.36,14.9,15.27,11886028.0
2019-02-12,15.63,15.77,15.4,15.45,13141519.0
2019-02-13,15.57,15.88,15.39,15.55,25621097.0
2019-02-14,15.8,17.29,15.65,16.91,35969990.0
2019-02-15,17.1,17.25,16.94,17.08,16683487.0
2019-02-19,16.89,17.18,16.84,17.03,11336295.0
2019-02-20,17.02,17.33,16.96,17.08,14394690.0
2019-02-21,17.05,17.13,16.61,16.68,10405080.0
2019-02-22,16.85,17.03,16.58,16.89,12132340.0
2019-02-25,16.71,16.9,16.65,16.67,13679919.0
2019-02-26,16.63,16.83,16.5,16.52,10659681.0
2019-02-27,16.63,17.08,16.51,16.79,9759438.0
2019-02-28,16.85,16.85,16.46,16.6,13445073.0
2019-03-01,16.68,17.12,16.68,17.08,11559910.0
2019-03-04,17.17,17.39,17.0,17.28,11720472.0
2019-03-05,17.47,17.48,17.15,17.27,9931486.0
2019-03-06,17.16,17.19,16.75,16.86,10385885.0
2019-03-07,16.92,17.05,16.73,16.86,11165805.0
2019-03-08,16.44,16.44,16.03,16.27,13041621.0
2019-03-11,16.44,16.63,16.2,16.57,10014488.0
2019-03-12,16.65,16.93,16.63,16.9,8681382.0
2019-03-13,17.17,17.36,17.04,17.32,9722456.0
2019-03-14,17.32,17.41,17.25,17.26,9602659.0
2019-03-15,17.13,17.43,17.09,17.27,12215336.0
2019-03-18,17.38,17.52,17.26,17.39,10376151.0
2019-03-19,17.53,17.54,17.04,17.12,9457735.0
2019-03-20,17.08,17.79,17.02,17.6,13052110.0
2019-03-21,17.57,17.77,17.3,17.69,12806802.0
2019-03-22,17.52,17.58,16.56,16.68,16337484.0
2019-03-25,16.59,16.81,16.42,16.71,11803835.0
2019-03-26,16.92,17.33,16.92,17.11,14592981.0
2019-03-27,17.13,17.24,16.92,17.06,7851445.0
2019-03-28,16.88,16.97,16.64,16.82,14927697.0
2019-03-29,17.07,17.13,16.67,16.71,9442604.0
2019-04-01,16.9,17.4,16.82,17.39,14543366.0
2019-04-02,17.39,17.68,17.1,17.13,11499566.0
2019-04-03,17.26,17.42,16.83,16.93,11452255.0
2019-04-04,16.97,17.19,16.79,17.14,6670661.0
2019-04-05,17.17,17.72,17.17,17.7,9184797.0
2019-04-08,17.77,17.88,17.49,17.6,9828418.0
2019-04-09,17.49,17.51,17.18,17.26,8182579.0
2019-04-10,17.4,17.49,17.2,17.45,8858174.0
2019-04-11,17.31,17.54,17.06,17.19,9147835.0
2019-04-12,17.81,17.94,17.61,17.76,11850756.0
2019-04-15,17.67,17.75,17.35,17.38,8834465.0
2019-04-16,17.57,17.59,17.25,17.47,11139270.0
2019-04-17,17.58,17.82,17.55,17.74,11885652.0
2019-04-18,17.74,17.8,17.5,17.62,9068989.0
2019-04-22,17.93,18.83,17.89,18.78,19197174.0
2019-04-23,18.81,18.93,18.54,18.68,12840774.0
2019-04-24,18.87,18.89,18.11,18.15,12950174.0
2019-04-25,18.16,18.35,17.92,17.93,10285733.0
2019-04-26,17.75,17.76,17.13,17.38,10651664.0
2019-04-29,17.35,17.39,17.11,17.15,8335693.0
2019-04-30,17.36,17.38,16.99,17.04,9491389.0
2019-05-01,17.07,17.15,16.52,16.53,13709315.0
2019-05-02,15.86,16.3,15.35,15.52,28035154.0
2019-05-03,15.7,15.91,15.5,15.68,15721801.0
2019-05-06,15.34,15.83,15.27,15.77,10869488.0
2019-05-07,15.5,15.56,15.25,15.51,14874814.0
2019-05-08,15.43,15.91,15.38,15.56,12232789.0
2019-05-09,15.4,15.48,15.16,15.27,10373024.0
2019-05-10,15.2,15.33,15.01,15.26,9029506.0
2019-05-13,15.13,15.27,14.86,15.03,10308064.0
2019-05-14,15.03,15.66,15.03,15.46,9638432.0
2019-05-15,15.27,15.54,15.19,15.43,7123527.0
2019-05-16,15.55,15.82,15.53,15.71,9776165.0
2019-05-17,15.55,15.67,15.46,15.47,9007001.0
2019-05-20,15.41,15.76,15.4,15.54,10925947.0
2019-05-21,15.61,16.02,15.6,15.84,11141881.0
2019-05-22,15.65,15.74,15.31,15.43,12054027.0
2019-05-23,15.1,15.15,14.5,14.56,14136619.0
2019-05-24,14.75,14.86,14.31,14.43,8827397.0
2019-05-28,14.5,14.55,14.29,14.33,8829963.0
2019-05-29,14.0,14.1,13.83,14.09,14676857.0
2019-05-30,14.06,14.16,13.57,13.62,12146343.0
2019-05-31,13.21,13.41,13.06,13.15,13256422.0
2019-06-03,13.28,13.56,13.22,13.33,12762868.0
2019-06-04,13.46,13.59,13.26,13.45,10045916.0
2019-06-05,13.48,13.52,12.96,13.19,17933914.0
2019-06-06,13.21,13.38,13.02,13.25,13406278.0
2019-06-07,13.25,13.51,13.17,13.31,11536265.0
2019-06-10,13.32,13.64,13.31,13.45,8306224.0
2019-06-11,13.61,13.74,13.4,13.41,8501089.0
2019-06-12,13.21,13.29,12.96,13.02,11110736.0
2019-06-13,13.13,13.29,13.04,13.28,12087876.0
2019-06-14,13.23,13.32,12.9,12.98,9028002.0
2019-06-17,12.9,13.38,12.8,13.33,10631760.0
2019-06-18,13.45,13.79,13.42,13.67,11841058.0
2019-06-19,13.68,13.85,13.49,13.63,9804574.0
2019-06-20,13.98,14.29,13.91,14.11,17483082.0
2019-06-21,14.22,14.36,14.04,14.05,13234057.0
2019-06-24,14.1,14.16,13.81,13.93,8721780.0
2019-06-25,13.87,14.05,13.79,13.9,9211829.0
2019-06-26,14.15,14.57,14.05,14.39,10871827.0
2019-06-27,14.39,14.48,14.14,14.2,7430860.0
2019-06-28,14.22,14.31,14.07,14.21,10205448.0
2019-07-01,14.58,14.7,14.12,14.25,9195870.0
2019-07-02,14.25,14.25,13.54,13.55,11176252.0
2019-07-03,13.56,13.67,13.43,13.66,6382781.0
2019-07-05,13.59,13.78,13.53,13.76,7194585.0
2019-07-08,13.67,13.88,13.51,13.52,7711572.0
2019-07-09,13.48,13.57,13.2,13.54,7237247.0
2019-07-10,13.7,13.98,13.65,13.9,7363724.0
2019-07-11,13.91,13.97,13.62,13.65,5848768.0
2019-07-12,13.66,13.97,13.61,13.92,7002984.0
2019-07-15,13.93,13.95,13.45,13.48,9323210.0
2019-07-16,13.43,13.64,13.19,13.32,11432042.0
2019-07-17,13.29,13.43,13.18,13.22,12724133.0
2019-07-18,13.17,13.45,13.15,13.38,9858836.0
2019-07-19,13.42,13.69,13.3,13.66,9224067.0
2019-07-22,13.63,13.81,13.55,13.67,10073343.0
2019-07-23,13.65,13.78,13.52,13.76,7851838.0
2019-07-24,13.71,14.11,13.68,13.97,8340262.0
2019-07-25,14.08,14.13,13.65,13.75,8621641.0
2019-07-26,13.73,13.81,13.55,13.75,7039968.0
2019-07-29,13.72,13.78,13.33,13.5,9132843.0
2019-07-30,13.41,14.24,13.35,14.13,11972697.0
2019-07-31,14.12,14.37,13.91,14.07,9589585.0
2019-08-01,13.82,13.92,13.32,13.53,16134909.0
2019-08-02,13.57,13.69,12.92,13.28,14177756.0
2019-08-05,12.99,12.99,12.46,12.5,16870749.0
2019-08-06,12.54,12.7,12.06,12.16,13255323.0
2019-08-07,12.6,12.6,12.56,12.56,136695.0
2019-08-08,12.6,12.87,12.22,12.86,20747187.0
2019-08-09,12.95,13.14,12.79,12.87,11947796.0
2019-08-12,12.79,12.99,12.7,12.74,10451522.0
2019-08-13,12.68,13.27,12.52,12.95,12005147.0
2019-08-14,12.52,12.64,12.27,12.3,14325840.0
2019-08-15,12.23,12.32,11.93,12.02,12160389.0
2019-08-16,12.1,12.5,12.02,12.45,10589472.0
2019-08-19,12.68,12.95,12.65,12.88,9857274.0
2019-08-20,12.72,12.77,12.58,12.62,8523875.0
2019-08-21,12.81,12.88,12.39,12.42,11897622.0
2019-08-22,12.44,12.49,12.25,12.26,7948208.0
2019-08-23,12.04,12.25,11.71,11.75,14135819.0
2019-08-26,11.91,11.96,11.59,11.63,8680270.0
2019-08-27,11.73,11.76,11.39,11.53,8011910.0
2019-08-28,11.66,12.06,11.57,11.94,9074733.0
2019-08-29,12.06,12.36,12.05,12.2,10028733.0
2019-08-30,12.24,12.28,11.77,11.84,9587364.0
2019-09-03,11.5,11.79,11.39,11.77,10041713.0
2019-09-04,11.91,12.14,11.87,12.11,7214116.0
2019-09-05,12.24,12.69,12.22,12.54,11374808.0
2019-09-06,12.44,12.55,12.22,12.45,12410031.0
2019-09-09,12.64,12.94,12.56,12.9,12783045.0
2019-09-10,12.97,13.25,12.74,12.83,10453852.0
2019-09-11,12.96,13.32,12.8,13.01,11736300.0
2019-09-12,12.72,12.85,12.44,12.58,14044434.0
2019-09-13,12.76,12.93,12.51,12.7,7715677.0
2019-09-16,14.08,14.39,13.68,14.17,29418258.0
2019-09-17,14.1,14.1,13.01,13.07,20206145.0
2019-09-18,12.9,13.21,12.78,13.03,17022221.0
2019-09-19,13.17,13.3,12.95,13.04,12423388.0
2019-09-20,13.12,13.32,12.97,13.18,15789450.0
2019-09-23,13.0,13.18,12.93,13.1,9833713.0
2019-09-24,12.95,12.99,12.14,12.22,16160596.0
2019-09-25,11.96,12.37,11.94,12.32,13340957.0
2019-09-26,12.14,12.23,11.83,11.94,12847947.0
2019-09-27,11.76,12.31,11.75,12.2,14131620.0
2019-09-30,12.08,12.31,12.07,12.27,9184331.0
2019-10-01,12.37,12.5,11.79,11.79,12563998.0
2019-10-02,11.74,11.82,11.28,11.3,15468764.0
2019-10-03,11.16,11.71,11.07,11.66,12367298.0
2019-10-04,11.58,11.69,11.32,11.56,10752332.0
2019-10-07,11.56,11.65,11.33,11.41,13261486.0
2019-10-08,11.25,11.38,11.09,11.09,10462404.0
2019-10-09,11.27,11.37,11.06,11.19,10536092.0
2019-10-10,11.23,11.49,11.19,11.4,10753445.0
2019-10-11,11.54,11.85,11.53,11.74,10328337.0
2019-10-14,11.53,11.89,11.37,11.78,12674555.0
2019-10-15,11.68,12.01,11.61,11.84,11031602.0
2019-10-16,11.82,11.95,11.62,11.62,8065230.0
2019-10-17,11.67,11.69,11.36,11.55,9806743.0
2019-10-18,11.54,11.7,11.26,11.3,12563846.0
2019-10-21,11.27,11.55,11.23,11.53,7367415.0
2019-10-22,11.54,11.97,11.39,11.73,9289672.0
2019-10-23,11.71,12.2,11.54,12.01,9642752.0
2019-10-24,12.11,12.16,11.68,11.94,8256416.0
2019-10-25,11.91,12.03,11.72,11.98,10132235.0
2019-10-28,12.05,12.19,11.84,11.94,7489890.0
2019-10-29,11.79,12.17,11.59,12.01,8982747.0
2019-10-30,12.07,12.09,11.52,11.56,11170919.0
2019-10-31,11.52,11.61,11.23,11.53,11492008.0
2019-11-01,11.65,12.09,11.62,12.05,12586634.0
2019-11-04,12.32,12.59,12.29,12.52,13325156.0
2019-11-05,12.65,12.97,12.61,12.64,14027151.0
2019-11-06,12.56,12.7,12.12,12.18,18587155.0
2019-11-07,12.61,12.66,12.12,12.56,16015324.0
2019-11-08,12.33,12.55,11.99,12.53,15567260.0
2019-11-11,12.27,12.35,12.08,12.16,11866803.0
2019-11-12,12.2,12.37,11.91,12.01,12294124.0
2019-11-13,11.88,12.1,11.81,11.87,11762385.0
2019-11-14,11.92,12.15,11.83,11.89,9465225.0
2019-11-15,11.96,12.26,11.96,12.1,9164451.0
2019-11-18,11.95,11.98,11.62,11.78,9683094.0
2019-11-19,11.68,11.74,11.39,11.46,9683155.0
2019-11-20,11.48,11.95,11.39,11.69,13862476.0
2019-11-21,11.76,11.9,11.62,11.89,11167466.0
2019-11-22,11.93,12.22,11.88,12.2,15753068.0
2019-11-25,12.12,12.22,11.96,12.11,18271401.0
2019-11-26,12.12,12.12,11.8,11.83,18973993.0
2019-11-27,11.84,11.93,11.63,11.88,9950653.0
2019-11-29,11.68,11.76,11.51,11.65,7395405.0
2019-12-02,11.79,12.03,11.72,11.96,12643283.0
2019-12-03,11.74,11.87,11.58,11.76,10620869.0
2019-12-04,11.95,12.29,11.9,12.17,12499151.0
2019-12-05,12.25,12.33,11.96,12.04,10411742.0
2019-12-06,12.09,12.5,12.06,12.45,11118965.0
2019-12-09,12.34,12.69,12.29,12.59,9266283.0
2019-12-10,12.59,12.76,12.5,12.59,8363555.0
2019-12-11,12.55,12.7,12.55,12.61,7991428.0
2019-12-12,12.66,13.08,12.61,13.03,10808860.0
2019-12-13,13.14,13.23,12.71,12.72,9688674.0
2019-12-16,12.86,13.23,12.86,13.13,10286387.0
2019-12-17,13.08,13.43,13.05,13.37,11856434.0
2019-12-18,13.33,13.55,13.3,13.42,12425128.0
2019-12-19,13.37,13.47,13.15,13.18,11183659.0
2019-12-20,13.28,13.29,13.08,13.21,20635187.0
2019-12-23,13.19,13.6,13.18,13.56,10030776.0
2019-12-24,13.6,13.73,13.56,13.62,4065022.0
2019-12-26,13.78,13.89,13.66,13.69,7329294.0
2019-12-27,13.75,13.75,13.45,13.48,7387007.0
2019-12-30,13.52,13.61,13.39,13.42,6504938.0
2019-12-31,13.29,13.61,13.19,13.58,7027777.0
2020-01-02,13.69,13.75,13.55,13.68,10127979.0
2020-01-03,14.05,14.07,13.6,13.75,14861485.0
2020-01-06,13.84,14.01,13.74,13.96,12023778.0
2020-01-07,13.76,13.84,13.61,13.79,9623861.0
2020-01-08,13.8,13.82,13.02,13.28,15595341.0
2020-01-09,13.09,13.49,12.91,13.45,14048333.0
2020-01-10,13.39,13.39,13.12,13.18,11210280.0
2020-01-13,13.08,13.26,12.89,13.19,12674675.0
2020-01-14,13.21,13.33,13.08,13.28,11710731.0
2020-01-15,13.21,13.38,13.12,13.24,8458577.0
2020-01-16,13.34,13.47,13.27,13.34,9898772.0
2020-01-17,13.36,13.39,13.14,13.21,8375328.0
2020-01-21,13.14,13.18,12.84,12.85,12326616.0
2020-01-22,12.83,12.83,12.43,12.45,10680715.0
2020-01-23,12.25,12.38,11.96,12.22,10974900.0
2020-01-24,12.12,12.14,11.74,11.93,14343406.0
2020-01-27,11.63,11.79,11.57,11.69,16137376.0
2020-01-28,11.79,11.85,11.61,11.77,11954989.0
2020-01-29,11.87,11.99,11.74,11.75,14526485.0
2020-01-30,11.55,11.9,11.55,11.86,16276283.0
2020-01-31,11.65,11.73,11.36,11.37,21638321.0
2020-02-03,11.34,11.58,11.25,11.47,14591740.0
2020-02-04,11.76,11.97,11.7,11.77,15017420.0
2020-02-05,12.0,12.3,12.0,12.16,14443926.0
2020-02-06,12.22,12.25,11.91,11.92,11759932.0
2020-02-07,11.75,11.83,11.61,11.68,10401692.0
2020-02-10,11.56,11.61,11.29,11.38,12410004.0
2020-02-11,11.58,11.71,11.43,11.57,11352065.0
2020-02-12,11.85,11.97,11.46,11.61,23898517.0
2020-02-13,11.27,11.28,10.64,11.11,30411397.0
2020-02-14,11.13,11.19,10.59,10.64,19189545.0
2020-02-18,10.45,10.51,10.28,10.3,17998235.0
2020-02-19,10.35,10.52,10.15,10.47,17660373.0
2020-02-20,10.55,10.6,10.24,10.25,14551112.0
2020-02-21,10.15,10.22,9.97,10.11,18987885.0
2020-02-24,9.64,9.64,9.39,9.46,21076854.0
2020-02-25,9.5,9.51,8.81,8.92,27736221.0
2020-02-26,8.99,9.0,8.39,8.41,26976650.0
2020-02-27,8.01,8.44,7.81,7.93,35230801.0
2020-02-28,7.57,8.3,7.54,8.28,32563556.0
2020-03-02,8.45,8.45,7.93,8.34,23726117.0
2020-03-03,8.32,8.47,7.85,8.08,28467075.0
2020-03-04,8.23,8.31,7.94,8.11,19274366.0
2020-03-05,7.86,7.95,7.67,7.8,19893921.0
2020-03-06,7.45,7.58,6.78,6.83,31805326.0
2020-03-09,4.21,5.0,3.32,3.63,105292460.0
2020-03-10,4.85,4.87,3.52,4.4,103558771.0
2020-03-11,4.22,4.49,4.0,4.09,69932111.0
2020-03-12,3.78,4.2,3.65,3.98,51908762.0
2020-03-13,4.36,4.53,3.71,4.53,46499476.0
2020-03-16,3.81,4.51,3.8,4.0,40301328.0
2020-03-17,4.15,4.17,3.55,3.62,43146511.0
2020-03-18,3.5,3.66,3.2,3.45,37555231.0
2020-03-19,3.5,3.93,3.41,3.83,38897535.0
2020-03-20,4.0,4.04,3.42,3.56,48008112.0
2020-03-23,3.56,3.6,3.31,3.35,32313288.0
2020-03-24,3.69,3.71,3.46,3.61,45462996.0
2020-03-25,3.8,3.87,3.41,3.58,45456375.0
2020-03-26,3.73,4.06,3.6,3.88,50200006.0
2020-03-27,3.72,3.77,3.49,3.52,44091858.0
2020-03-30,3.49,3.5,3.15,3.24,51862485.0
2020-03-31,3.46,3.52,3.25,3.29,45654201.0
2020-04-01,3.22,3.29,3.02,3.12,52822623.0
2020-04-02,3.26,3.74,3.15,3.47,86465040.0
2020-04-03,3.73,3.8,3.33,3.65,69728170.0
2020-04-06,3.69,3.74,3.51,3.62,63813571.0
2020-04-07,3.89,4.15,3.6,3.68,76558193.0
2020-04-08,3.91,3.96,3.66,3.95,60575907.0
2020-04-09,4.35,4.55,3.82,4.12,100806160.0
2020-04-13,4.43,4.45,4.15,4.39,56835383.0
2020-04-14,4.35,4.36,4.1,4.25,45640891.0
2020-04-15,3.95,4.24,3.92,4.23,42160607.0
2020-04-16,4.22,4.22,3.88,3.89,40223079.0
2020-04-17,3.95,4.35,3.92,4.35,48008481.0
2020-04-20,4.0,4.37,3.98,4.21,50013421.0
2020-04-21,4.11,4.32,3.96,4.24,41721323.0
2020-04-22,4.4,4.61,4.4,4.53,38178656.0
2020-04-23,4.76,5.0,4.66,4.84,47762763.0
2020-04-24,5.0,5.15,4.75,4.93,52861671.0
2020-04-27,4.8,4.96,4.57,4.85,32910601.0
2020-04-28,4.96,5.07,4.8,4.99,30201415.0
2020-04-29,5.19,5.88,5.18,5.85,49212863.0
2020-04-30,6.31,6.34,5.75,6.12,76939689.0
2020-05-01,5.89,6.03,5.46,5.5,37538048.0
2020-05-04,5.34,5.81,5.24,5.81,31074170.0
2020-05-05,6.2,6.25,5.5,5.53,51969938.0
2020-05-06,5.61,5.79,5.45,5.6,30065962.0
2020-05-07,5.62,5.81,5.35,5.51,41313095.0
2020-05-08,5.6,5.79,5.52,5.78,33772204.0
2020-05-11,5.7,5.84,5.61,5.75,29104451.0
2020-05-12,5.83,6.23,5.81,5.96,46900349.0
2020-05-13,5.9,5.93,5.36,5.56,67595822.0
2020-05-14,5.43,5.79,5.2,5.64,33303674.0
2020-05-15,5.62,5.78,5.57,5.61,35936015.0
2020-05-18,5.94,6.2,5.89,6.08,45410758.0
2020-05-19,6.03,6.05,5.79,5.82,34827532.0
2020-05-20,5.92,6.07,5.88,5.95,36032452.0
2020-05-21,6.0,6.11,5.86,5.94,30115771.0
2020-05-22,5.88,5.93,5.75,5.89,19179922.0
2020-05-26,6.07,6.12,5.93,6.03,28896742.0
2020-05-27,6.12,6.15,5.86,6.15,35656269.0
2020-05-28,6.11,6.11,5.7,5.7,46706986.0
2020-05-29,5.64,5.65,5.31,5.34,107575361.0
2020-06-01,5.34,5.69,5.25,5.69,44238359.0
2020-06-02,5.77,5.87,5.73,5.86,36405453.0
2020-06-03,5.97,6.01,5.84,5.95,33631195.0
2020-06-04,5.93,6.24,5.82,6.23,47124922.0
2020-06-05,6.86,7.45,6.79,7.32,65424624.0
2020-06-08,8.42,8.48,7.85,8.43,70676913.0
2020-06-09,7.95,8.02,7.5,7.66,48244418.0
2020-06-10,7.52,7.54,7.1,7.11,38036819.0
2020-06-11,6.31,6.79,6.19,6.26,42126054.0
2020-06-12,6.78,6.82,6.32,6.58,37745050.0
2020-06-15,6.22,6.7,6.12,6.6,30214820.0
2020-06-16,6.97,7.0,6.57,6.74,37950695.0
2020-06-17,6.71,6.71,6.36,6.37,32768601.0
2020-06-18,6.31,6.57,6.23,6.49,19947751.0
2020-06-19,6.7,6.7,6.27,6.36,44425607.0
2020-06-22,6.26,6.3,6.07,6.27,25006150.0
2020-06-23,6.4,6.44,6.26,6.33,24071937.0
2020-06-24,6.16,6.2,5.73,5.79,32388609.0
2020-06-25,5.65,5.99,5.55,5.98,25389200.0
2020-06-26,5.87,5.89,5.62,5.74,28808288.0
2020-06-29,5.79,5.99,5.66,5.96,24802815.0
2020-06-30,5.91,6.15,5.8,6.12,23412118.0
2020-07-01,6.17,6.23,5.89,5.95,24093766.0
2020-07-02,6.13,6.27,6.0,6.12,28868050.0
2020-07-06,6.22,6.22,5.71,5.86,36221872.0
2020-07-07,5.78,5.79,5.56,5.57,25392509.0
2020-07-08,5.6,5.72,5.47,5.67,24066222.0
2020-07-09,5.66,5.72,5.27,5.27,24227948.0
2020-07-10,5.21,5.41,5.12,5.35,32454199.0
2020-07-13,5.38,5.41,5.13,5.13,32414779.0
2020-07-14,5.09,5.4,4.97,5.37,32180874.0
2020-07-15,5.58,5.71,5.41,5.69,30837805.0
2020-07-16,5.57,5.86,5.48,5.72,20631040.0
2020-07-17,5.74,5.84,5.47,5.51,24785359.0
2020-07-20,5.5,5.62,5.41,5.49,20886538.0
2020-07-21,5.61,5.96,5.61,5.86,37245147.0
2020-07-22,5.79,5.83,5.6,5.79,23132023.0
2020-07-23,5.8,5.88,5.69,5.76,20648208.0
2020-07-24,5.76,5.92,5.7,5.72,18246830.0
2020-07-27,5.73,5.73,5.48,5.63,21472920.0
2020-07-28,5.54,5.69,5.52,5.53,14634031.0
2020-07-29,5.58,5.74,5.51,5.74,16081217.0
2020-07-30,5.57,5.61,5.4,5.51,20415714.0
2020-07-31,5.48,5.54,5.36,5.49,21249455.0
2020-08-03,5.49,5.59,5.34,5.52,22435659.0
2020-08-04,5.48,5.85,5.48,5.78,24005277.0
2020-08-05,5.94,6.08,5.85,5.98,33060129.0
2020-08-06,5.85,5.89,5.62,5.68,31515125.0
2020-08-07,5.62,5.75,5.46,5.74,28780715.0
2020-08-10,5.77,6.07,5.72,6.04,25702967.0
2020-08-11,6.21,6.36,5.91,5.94,28332668.0
2020-08-12,6.14,6.15,5.85,5.98,20526994.0
2020-08-13,5.93,6.02,5.81,5.89,16856163.0
2020-08-14,5.8,6.05,5.78,6.05,16328599.0
2020-08-17,6.02,6.05,5.81,5.92,22005501.0
2020-08-18,5.84,6.03,5.79,5.95,26614689.0
2020-08-19,5.9,5.92,5.7,5.73,24296108.0
2020-08-20,5.63,5.68,5.46,5.51,23007640.0
2020-08-21,5.46,5.47,5.25,5.27,27861279.0
2020-08-24,5.35,5.55,5.27,5.45,21120747.0
2020-08-25,5.53,5.59,5.37,5.49,17781848.0
2020-08-26,5.46,5.5,5.28,5.3,15400135.0
2020-08-27,5.37,5.38,5.22,5.36,19257373.0
2020-08-28,5.36,5.44,5.28,5.39,18881423.0
2020-08-31,5.39,5.4,5.24,5.28,24298754.0
2020-09-01,5.26,5.34,5.16,5.32,17461065.0
2020-09-02,5.27,5.32,5.1,5.12,24820900.0
2020-09-03,5.1,5.23,4.95,4.99,27732797.0
2020-09-04,5.03,5.11,4.85,4.93,30189233.0
2020-09-08,4.77,4.79,4.5,4.5,35070664.0
2020-09-09,4.56,4.56,4.41,4.54,27643914.0
2020-09-10,4.51,4.56,4.36,4.36,35742163.0
2020-09-11,4.39,4.48,4.34,4.47,30568174.0
2020-09-14,4.47,4.49,4.36,4.4,22333008.0
2020-09-15,4.4,4.5,4.32,4.34,22956325.0
2020-09-16,4.42,4.67,4.35,4.56,35222200.0
2020-09-17,4.48,4.7,4.47,4.68,22619995.0
2020-09-18,4.66,4.87,4.65,4.82,49201583.0
2020-09-21,4.64,4.65,4.49,4.56,23009037.0
2020-09-22,4.59,4.69,4.44,4.47,17571431.0
2020-09-23,4.5,4.53,4.21,4.21,20822221.0
2020-09-24,4.19,4.4,4.02,4.31,28672830.0
2020-09-25,4.23,4.28,4.08,4.14,24451436.0
2020-09-28,4.21,4.37,4.13,4.29,25052276.0
2020-09-29,4.26,4.27,4.04,4.16,23584779.0
2020-09-30,4.15,4.21,4.06,4.09,24668526.0
2020-10-01,4.05,4.08,3.93,3.95,25383247.0
2020-10-02,3.82,4.13,3.79,4.12,33777365.0
2020-10-05,4.21,4.24,4.09,4.23,26467172.0
2020-10-06,4.29,4.38,4.03,4.04,29787736.0
2020-10-07,4.1,4.15,4.03,4.13,21641171.0
2020-10-08,4.11,4.38,4.06,4.38,25876336.0
2020-10-09,4.41,4.47,4.2,4.26,23129938.0
2020-10-12,4.24,4.32,4.18,4.29,24537299.0
2020-10-13,4.21,4.33,4.19,4.23,21208534.0
2020-10-14,4.26,4.47,4.2,4.2,23466306.0
2020-10-15,4.15,4.27,4.06,4.27,21728163.0
2020-10-16,4.23,4.23,4.07,4.07,25005833.0
2020-10-19,4.1,4.14,3.98,3.98,28806284.0
2020-10-20,4.01,4.19,4.0,4.15,27770559.0
2020-10-21,4.11,4.22,4.06,4.1,27318510.0
2020-10-22,4.11,4.4,4.09,4.37,29831560.0
2020-10-23,4.4,4.56,4.37,4.44,30662123.0
2020-10-26,4.29,4.3,4.1,4.13,27976581.0
2020-10-27,4.11,4.19,4.04,4.13,29113804.0
2020-10-28,3.98,4.0,3.82,3.85,35781593.0
2020-10-29,3.81,3.99,3.73,3.99,33146254.0
2020-10-30,3.94,4.01,3.83,3.96,28399618.0
2020-11-02,3.98,4.22,3.86,4.15,28883791.0
2020-11-03,4.25,4.3,4.1,4.14,27651058.0
2020-11-04,4.12,4.34,4.0,4.27,48596152.0
2020-11-05,4.29,4.51,4.21,4.29,51484419.0
2020-11-06,4.26,4.42,4.1,4.13,33393281.0
2020-11-09,4.67,5.19,4.67,5.09,63052025.0
2020-11-10,5.2,5.22,4.89,5.07,38749014.0
2020-11-11,5.15,5.22,5.01,5.07,29621487.0
2020-11-12,4.96,5.14,4.77,4.82,25598488.0
2020-11-13,4.87,5.08,4.86,5.06,22610827.0
2020-11-16,5.32,5.48,5.22,5.48,36501624.0
2020-11-17,5.32,5.54,5.21,5.5,31148596.0
2020-11-18,5.54,5.86,5.48,5.49,41398464.0
2020-11-19,5.46,5.71,5.37,5.69,20316532.0
2020-11-20,5.67,5.73,5.51,5.6,30192804.0
2020-11-23,5.72,6.19,5.71,6.17,42087002.0
2020-11-24,6.5,6.63,6.34,6.45,42252300.0
2020-11-25,6.4,6.6,6.24,6.43,27827313.0
2020-11-27,6.46,6.53,6.31,6.35,14842049.0
2020-11-30,6.28,6.32,5.9,5.92,33838824.0
2020-12-01,6.15,6.19,5.8,5.86,31057693.0
2020-12-02,5.79,6.28,5.76,6.06,29016058.0
2020-12-03,6.14,6.31,6.01,6.19,35813078.0
2020-12-04,6.37,6.85,6.35,6.85,41865943.0
2020-12-07,6.81,6.89,6.61,6.69,33211996.0
2020-12-08,6.62,7.15,6.59,7.07,36805074.0
2020-12-09,7.26,7.4,6.98,7.15,50265655.0
2020-12-10,7.17,7.46,7.11,7.3,40089280.0
2020-12-11,7.31,7.31,7.0,7.06,25131169.0
2020-12-14,7.2,7.25,6.68,6.72,27548642.0
2020-12-15,6.74,6.95,6.67,6.91,23523291.0
2020-12-16,7.01,7.18,6.88,6.97,25561613.0
2020-12-17,7.03,7.06,6.86,6.91,19920749.0
2020-12-18,6.93,6.98,6.66,6.73,29291192.0
2020-12-21,6.35,6.67,6.27,6.55,24156370.0
2020-12-22,6.53,6.59,6.31,6.31,19501918.0
2020-12-23,6.41,6.96,6.4,6.81,30780610.0
2020-12-24,6.78,6.79,6.45,6.63,15690749.0
2020-12-28,6.73,6.84,6.59,6.63,15446750.0
2020-12-29,6.71,6.74,6.5,6.57,16760037.0
2020-12-30,6.58,6.84,6.55,6.8,19212903.0
2020-12-31,6.74,6.78,6.63,6.67,17295282.0
2021-01-04,6.78,6.89,6.6,6.83,31493843.0
2021-01-05,6.91,7.82,6.91,7.45,53060783.0
2021-01-06,7.57,7.67,7.33,7.5,44669793.0
2021-01-07,7.6,7.86,7.55,7.69,31072421.0
2021-01-08,7.85,7.85,7.45,7.55,26139619.0
2021-01-11,7.27,7.67,7.17,7.64,26175988.0
2021-01-12,7.87,8.4,7.78,8.39,41169166.0
2021-01-13,8.41,8.41,7.91,8.04,33794914.0
2021-01-14,8.19,8.83,8.18,8.67,34978608.0
2021-01-15,8.55,8.57,8.1,8.25,30573860.0
2021-01-19,8.48,8.65,8.35,8.57,26310188.0
2021-01-20,8.7,8.79,8.36,8.62,27405691.0
2021-01-21,8.49,8.56,8.08,8.25,31878470.0
2021-01-22,8.06,8.22,7.9,8.15,26298307.0
2021-01-25,8.0,8.02,7.62,7.82,31204353.0
2021-01-26,7.96,8.08,7.44,7.47,32866321.0
2021-01-27,7.25,7.93,7.22,7.54,29600564.0
2021-01-28,7.68,7.88,7.35,7.56,29162179.0
2021-01-29,7.53,7.72,7.21,7.24,23929844.0
2021-02-01,7.36,7.45,7.2,7.34,17466551.0
2021-02-02,7.65,7.72,7.33,7.38,19916740.0
2021-02-03,7.51,7.82,7.48,7.8,24983166.0
2021-02-04,7.92,7.92,7.61,7.81,16219952.0
2021-02-05,7.93,8.1,7.88,7.94,18389570.0
2021-02-08,8.06,9.06,8.06,8.98,38537190.0
2021-02-09,8.88,9.04,8.51,8.89,31265395.0
2021-02-10,8.99,9.28,8.92,9.09,21996692.0
2021-02-11,9.03,9.03,8.51,8.75,24546761.0
2021-02-12,8.64,9.02,8.57,8.97,20847371.0
2021-02-16,9.3,9.8,9.22,9.55,27051139.0
2021-02-17,9.55,9.71,9.28,9.58,21665143.0
2021-02-18,9.5,9.57,9.11,9.12,19519490.0
2021-02-19,9.21,9.48,9.14,9.45,21488713.0
2021-02-22,9.51,10.65,9.44,10.2,46194633.0
2021-02-23,10.3,11.3,9.65,11.16,46592727.0
2021-02-24,11.24,12.3,10.87,11.84,55156435.0
2021-02-25,12.0,12.09,11.15,11.3,37430006.0
2021-02-26,11.12,11.32,10.46,11.1,40793626.0
2021-03-01,11.51,11.63,11.12,11.2,19955775.0
2021-03-02,11.13,11.73,11.09,11.23,20344251.0
2021-03-03,11.43,12.04,11.33,11.63,23222302.0
2021-03-04,11.67,12.63,11.48,12.36,50408136.0
2021-03-05,13.0,13.29,12.31,12.98,48827930.0
2021-03-08,13.1,13.17,12.14,12.38,33004955.0
2021-03-09,12.39,12.5,11.92,12.0,28078222.0
2021-03-10,12.06,12.33,11.89,12.22,25249058.0
2021-03-11,12.36,12.79,12.18,12.51,18754907.0
2021-03-12,12.44,12.54,12.14,12.2,18642687.0
2021-03-15,12.25,12.29,11.88,12.05,19515936.0
2021-03-16,11.75,11.85,11.32,11.46,21556076.0
2021-03-17,11.41,11.72,11.24,11.66,21229514.0
2021-03-18,11.55,11.59,10.6,10.68,29740379.0
2021-03-19,10.74,11.18,10.56,11.02,42602314.0
2021-03-22,10.98,10.98,10.61,10.83,20010279.0
2021-03-23,10.28,10.57,10.08,10.17,36120466.0
2021-03-24,10.49,10.8,10.4,10.44,24406038.0
2021-03-25,10.11,10.61,9.83,10.53,22668761.0
2021-03-26,10.88,11.13,10.74,11.09,26877387.0
2021-03-29,11.0,11.17,10.66,10.9,20813914.0
2021-03-30,10.78,11.11,10.62,10.98,16489349.0
2021-03-31,11.0,11.0,10.63,10.68,18089399.0
2021-04-01,10.97,11.91,10.88,11.79,52731229.0
2021-04-05,11.65,11.67,11.0,11.19,27964521.0
2021-04-06,11.28,11.6,11.08,11.14,23066326.0
2021-04-07,11.13,11.18,10.78,10.94,18930797.0
2021-04-08,10.82,10.91,10.63,10.9,16430316.0
2021-04-09,10.89,11.22,10.85,10.91,17129116.0
2021-04-12,11.05,11.23,10.69,10.77,16323004.0
2021-04-13,10.84,10.97,10.73,10.76,13630745.0
2021-04-14,10.86,11.46,10.85,11.09,21621849.0
2021-04-15,11.09,11.12,10.78,10.84,20896589.0
2021-04-16,10.92,10.96,10.52,10.53,16853174.0
2021-04-19,10.56,10.77,10.42,10.63,16877797.0
2021-04-20,10.6,10.61,9.93,10.11,19791346.0
2021-04-21,9.77,10.52,9.7,10.44,21661024.0
2021-04-22,10.46,10.58,10.21,10.33,15125341.0
2021-04-23,10.42,10.75,10.33,10.67,14908141.0
2021-04-26,10.56,10.97,10.54,10.78,12532940.0
2021-04-27,10.86,11.07,10.76,11.04,17277347.0
2021-04-28,11.13,11.85,11.13,11.75,22038964.0
2021-04-29,12.04,12.06,11.53,11.73,16395483.0
2021-04-30,11.5,11.88,11.26,11.26,20644622.0
2021-05-03,11.17,11.29,10.87,11.13,42995291.0
2021-05-04,11.15,11.37,10.95,11.32,20490341.0
2021-05-05,11.53,11.8,11.49,11.7,12775835.0
2021-05-06,11.62,11.82,11.24,11.5,19953684.0
2021-05-07,11.39,11.91,11.26,11.89,20125755.0
2021-05-10,12.03,12.34,11.64,11.65,20007489.0
2021-05-11,11.32,11.69,11.1,11.49,14195810.0
2021-05-12,11.64,12.08,11.45,11.54,20237744.0
2021-05-13,11.43,11.71,10.87,11.07,25397245.0
2021-05-14,11.26,11.91,11.26,11.8,19198811.0
2021-05-17,11.73,12.27,11.66,12.25,17183002.0
2021-05-18,12.18,12.44,11.82,11.93,21657576.0
2021-05-19,11.62,11.83,11.33,11.61,18254860.0
2021-05-20,11.56,11.6,11.29,11.53,15220557.0
2021-05-21,11.74,11.85,11.58,11.6,16900656.0
2021-05-24,11.78,12.03,11.49,11.97,16280537.0
2021-05-25,11.9,11.99,11.64,11.66,16272641.0
2021-05-26,11.69,11.96,11.57,11.9,11912066.0
2021-05-27,11.99,12.24,11.97,12.09,17811631.0
2021-05-28,12.17,12.23,11.99,12.11,12923544.0
2021-06-01,12.7,13.84,12.62,13.76,50922595.0
2021-06-02,14.01,14.03,13.5,13.89,26971347.0
2021-06-03,13.84,14.16,13.68,13.8,19475448.0
2021-06-04,13.9,14.07,13.58,13.8,15845801.0
2021-06-07,13.89,14.09,13.63,13.68,11791056.0
2021-06-08,13.54,13.74,13.29,13.59,18842469.0
2021-06-09,13.62,13.76,13.32,13.36,14647656.0
2021-06-10,13.85,13.86,13.2,13.47,18482089.0
2021-06-11,13.58,13.71,13.42,13.46,15320734.0
2021-06-14,13.61,13.97,13.33,13.42,18756965.0
2021-06-15,13.51,13.87,13.46,13.84,17144603.0
2021-06-16,13.72,13.9,13.43,13.66,20456346.0
2021-06-17,13.62,13.78,12.65,12.89,27904795.0
2021-06-18,12.62,12.92,12.51,12.57,23417622.0
2021-06-21,12.77,13.46,12.77,13.44,19783922.0
2021-06-22,13.34,13.53,13.13,13.47,15430457.0
2021-06-23,13.69,14.0,13.56,13.56,14427533.0
2021-06-24,13.51,13.89,13.4,13.85,11356427.0
2021-06-25,13.89,14.1,13.77,14.07,17629476.0
2021-06-28,14.0,14.09,13.28,13.39,18243429.0
2021-06-29,13.5,13.66,13.3,13.33,13127899.0
2021-06-30,13.44,13.75,13.4,13.62,16963551.0
2021-07-01,14.19,14.33,13.8,14.17,26934145.0
2021-07-02,14.02,14.08,13.82,13.85,13780600.0
2021-07-06,13.87,13.94,13.17,13.21,18153770.0
2021-07-07,13.21,13.41,12.69,12.93,14948013.0
2021-07-08,12.54,13.17,12.52,12.95,15038911.0
2021-07-09,13.15,13.35,12.94,13.26,11774937.0
2021-07-12,13.02,13.44,12.88,13.33,12835416.0
2021-07-13,13.26,13.3,13.02,13.12,13440374.0
2021-07-14,13.25,13.47,12.38,12.52,20020055.0
2021-07-15,12.32,12.53,12.11,12.24,16623192.0
2021-07-16,12.42,12.46,11.69,11.75,18247417.0
2021-07-19,11.09,11.45,10.92,11.12,21676093.0
2021-07-20,11.16,11.51,10.93,11.34,13810576.0
2021-07-21,11.63,12.05,11.59,11.87,17904638.0
2021-07-22,11.82,11.86,11.55,11.7,13180397.0
2021-07-23,11.66,11.7,11.32,11.5,11639611.0
2021-07-26,11.53,11.94,11.51,11.83,18646301.0
2021-07-27,11.81,11.81,11.32,11.37,19398196.0
2021-07-28,11.5,11.91,11.37,11.78,15957165.0
2021-07-29,11.9,11.99,11.74,11.81,14516671.0
2021-07-30,11.72,11.77,11.48,11.59,12413336.0
2021-08-02,11.61,11.92,11.28,11.3,16809175.0
2021-08-03,11.24,11.65,11.11,11.55,18169173.0
2021-08-04,11.3,11.45,10.97,11.05,25777485.0
2021-08-05,11.12,12.07,11.12,11.79,22674648.0
2021-08-06,11.94,12.18,11.85,11.96,17117648.0
2021-08-09,11.59,11.91,11.51,11.82,11800538.0
2021-08-10,11.96,12.41,11.95,12.35,14036923.0
2021-08-11,12.22,12.44,12.03,12.4,11945349.0
2021-08-12,12.39,12.45,12.13,12.4,8922513.0
2021-08-13,12.4,12.4,12.08,12.1,8919069.0
2021-08-16,11.84,11.89,11.59,11.67,10813512.0
2021-08-17,11.52,11.75,11.34,11.49,10929016.0
2021-08-18,11.5,11.66,11.12,11.14,15006746.0
2021-08-19,10.95,11.08,10.44,10.68,19154233.0
2021-08-20,10.5,10.76,10.41,10.72,12764553.0
2021-08-23,11.13,11.36,11.11,11.3,11866071.0
2021-08-24,11.46,11.67,11.38,11.61,11274040.0
2021-08-25,11.69,11.89,11.5,11.8,16486545.0
2021-08-26,11.73,11.78,11.45,11.52,11757442.0
2021-08-27,11.74,12.14,11.73,12.01,14980289.0
2021-08-30,12.07,12.19,11.75,11.76,11325679.0
2021-08-31,11.68,11.95,11.57,11.75,15364923.0
2021-09-01,11.74,11.83,11.1,11.26,32757341.0
2021-09-02,11.45,11.89,11.39,11.72,21425016.0
2021-09-03,11.65,11.81,11.49,11.63,13347915.0
2021-09-07,11.5,11.83,11.44,11.58,9966045.0
2021-09-08,11.7,11.79,11.18,11.19,13006464.0
2021-09-09,11.11,11.55,11.02,11.35,12444506.0
2021-09-10,11.54,11.64,11.27,11.27,10357848.0
2021-09-13,11.53,12.16,11.52,12.08,22217629.0
2021-09-14,12.23,12.25,11.67,11.73,15456021.0
2021-09-15,11.99,12.65,11.99,12.63,21256677.0
2021-09-16,12.5,12.52,12.19,12.32,15808250.0
2021-09-17,12.31,12.49,11.98,12.0,27428076.0
2021-09-20,11.5,11.75,11.22,11.48,20129699.0
2021-09-21,11.67,11.72,11.23,11.41,14418782.0
2021-09-22,11.69,12.21,11.69,12.02,22638875.0
2021-09-23,12.04,12.79,11.99,12.73,20734784.0
2021-09-24,12.62,12.98,12.5,12.85,16952197.0
2021-09-27,13.25,13.75,13.21,13.66,27146470.0
2021-09-28,14.0,14.2,13.72,13.76,26275513.0
2021-09-29,13.73,13.85,13.45,13.79,17686979.0
2021-09-30,13.69,13.9,13.45,13.67,21535028.0
2021-10-01,13.79,14.29,13.77,14.24,20150741.0
2021-10-04,14.55,15.08,14.36,14.83,32255171.0
2021-10-05,15.15,15.7,14.97,15.38,30984249.0
2021-10-06,15.03,15.34,14.76,15.09,24086421.0
2021-10-07,15.17,15.49,14.9,15.36,20035242.0
2021-10-08,15.59,16.11,15.55,16.07,21445940.0
2021-10-11,16.53,16.61,15.93,15.95,21645275.0
2021-10-12,15.89,16.32,15.74,15.88,16109514.0
2021-10-13,15.61,15.97,15.39,15.79,16956490.0
2021-10-14,16.14,16.36,15.92,16.14,16683390.0
2021-10-15,16.42,16.53,16.16,16.18,12688083.0
2021-10-18,16.48,16.84,16.24,16.43,25311221.0
2021-10-19,16.46,16.62,16.27,16.39,18508050.0
2021-10-20,16.23,16.57,16.07,16.49,13180878.0
2021-10-21,16.39,16.5,16.07,16.18,15321832.0
2021-10-22,16.25,16.6,16.09,16.58,13395231.0
2021-10-25,16.88,17.33,16.69,16.78,19294698.0
2021-10-26,16.81,16.95,16.66,16.85,13375735.0
2021-10-27,16.58,16.66,16.16,16.2,16673845.0
2021-10-28,16.17,16.51,16.13,16.45,12798486.0
2021-10-29,16.38,16.44,16.02,16.32,14213130.0
2021-11-01,16.66,17.1,16.57,17.03,20675870.0
2021-11-02,16.87,17.29,16.83,16.92,16084011.0
2021-11-03,16.57,17.07,16.4,16.49,22340033.0
2021-11-04,17.0,17.44,16.34,16.57,28649762.0
2021-11-05,16.9,17.18,16.6,17.07,17876140.0
2021-11-08,17.27,17.59,17.13,17.22,14899844.0
2021-11-09,17.25,17.45,16.82,17.26,14112961.0
2021-11-10,17.09,17.19,16.35,16.6,13005588.0
2021-11-11,16.69,16.96,16.69,16.73,10489244.0
2021-11-12,16.53,16.8,16.46,16.68,10013509.0
2021-11-15,16.68,16.96,16.4,16.75,13536243.0
2021-11-16,16.75,16.91,16.49,16.72,11005765.0
2021-11-17,16.45,16.75,16.02,16.09,17086011.0
2021-11-18,16.16,16.33,15.71,16.12,16008937.0
2021-11-19,15.59,15.62,15.01,15.31,21467629.0
2021-11-22,15.28,15.97,15.24,15.66,20558895.0
2021-11-23,15.94,16.52,15.94,16.51,19850678.0
2021-11-24,16.32,16.98,16.28,16.83,12769714.0
2021-11-26,15.66,15.74,15.06,15.7,16100242.0
2021-11-29,16.34,16.55,15.62,15.85,17171033.0
2021-11-30,15.33,15.73,15.13,15.49,22593947.0
2021-12-01,16.07,16.14,15.09,15.12,23209536.0
2021-12-02,15.06,15.66,14.72,15.58,19934977.0
2021-12-03,15.83,15.99,15.17,15.29,18160479.0
2021-12-06,15.6,15.86,15.21,15.6,17251512.0
2021-12-07,15.97,16.57,15.85,16.31,14501145.0
2021-12-08,16.39,16.5,16.14,16.19,11885785.0
2021-12-09,16.0,16.2,15.94,16.04,13295336.0
2021-12-10,16.25,16.35,15.67,16.22,16527568.0
2021-12-13,16.03,16.11,15.28,15.39,16575837.0
2021-12-14,15.23,15.58,15.13,15.18,15032988.0
2021-12-15,15.19,15.29,14.6,15.15,16826876.0
2021-12-16,15.46,15.91,15.33,15.36,18930460.0
2021-12-17,15.22,15.41,14.88,15.15,27414480.0
2021-12-20,14.5,14.92,14.29,14.86,24367861.0
2021-12-21,15.15,15.85,15.15,15.76,14551432.0
2021-12-22,15.65,16.18,15.5,16.04,11451607.0
2021-12-23,16.04,16.3,15.98,16.0,10042692.0
2021-12-27,15.92,16.57,15.66,16.56,11399273.0
2021-12-28,16.58,16.77,16.4,16.48,11955249.0
2021-12-29,16.4,16.77,16.34,16.57,13565472.0
2021-12-30,16.6,16.77,16.35,16.35,13706565.0
2021-12-31,16.3,16.54,16.23,16.42,13908152.0
2022-01-03,16.42,16.98,16.4,16.87,17406295.0
2022-01-04,17.03,17.79,17.03,17.61,21083320.0
2022-01-05,17.92,18.08,17.18,17.21,17499100.0
2022-01-06,17.99,18.2,17.56,18.03,20003350.0
2022-01-07,18.14,18.33,17.85,18.24,16403305.0
2022-01-10,18.09,18.14,17.45,17.74,20807019.0
2022-01-11,18.0,18.77,17.7,18.66,20872143.0
2022-01-12,18.87,18.98,18.52,18.71,16779853.0
2022-01-13,18.65,19.13,18.47,18.57,20090888.0
2022-01-14,18.72,19.5,18.66,19.47,17997349.0
2022-01-18,19.81,20.01,19.1,19.43,26563516.0
2022-01-19,19.7,19.72,18.92,19.1,17325259.0
2022-01-20,18.82,19.52,18.66,18.68,17616663.0
2022-01-21,18.45,18.5,17.75,18.1,18710904.0
2022-01-24,17.52,18.4,17.02,18.3,18582085.0
2022-01-25,18.2,19.62,17.84,19.5,23109060.0
2022-01-26,19.87,20.25,19.37,19.61,25351682.0
2022-01-27,20.1,20.58,19.39,19.85,22988205.0
2022-01-28,19.97,20.12,19.34,19.84,18523114.0
2022-01-31,19.82,19.83,19.11,19.47,16405788.0
2022-02-01,19.35,20.68,19.27,20.65,23226387.0
2022-02-02,20.51,21.0,20.34,20.97,16564701.0
2022-02-03,20.7,21.07,20.45,20.84,15075341.0
2022-02-04,21.18,22.0,21.12,21.5,24793979.0
2022-02-07,21.39,22.01,20.98,21.61,17712505.0
2022-02-08,21.45,21.57,20.79,21.11,17873591.0
2022-02-09,21.21,21.6,21.15,21.53,15944426.0
2022-02-10,21.38,22.03,21.25,21.41,23382621.0
2022-02-11,21.58,22.28,21.36,22.21,24585818.0
2022-02-14,22.1,22.17,21.04,21.21,21400999.0
2022-02-15,20.32,20.68,20.13,20.54,23041410.0
2022-02-16,20.81,21.65,20.8,21.07,23016361.0
2022-02-17,21.23,22.56,21.2,21.89,29767946.0
2022-02-18,21.58,22.3,21.5,21.87,16955096.0
2022-02-22,23.18,23.18,21.15,21.6,27308383.0
2022-02-23,22.01,22.37,21.57,21.74,16253109.0
2022-02-24,22.43,22.5,20.74,21.43,25532981.0
2022-02-25,21.62,21.98,21.31,21.88,19569443.0
2022-02-28,21.79,22.62,21.64,22.56,25636103.0
2022-03-01,23.05,23.57,22.55,22.89,29242001.0
2022-03-02,23.2,23.41,22.72,23.0,25177496.0
2022-03-03,22.8,23.21,22.6,22.89,19205521.0
2022-03-04,22.84,23.82,22.84,23.81,33011531.0
2022-03-07,24.0,25.39,23.32,24.33,35914435.0
2022-03-08,24.85,25.7,22.84,24.09,42319371.0
2022-03-09,23.15,23.75,22.38,23.4,39085192.0
2022-03-10,23.87,24.13,23.12,23.88,25204398.0
2022-03-11,23.42,24.07,23.15,23.17,19994182.0
2022-03-14,22.67,22.73,21.74,22.18,25507964.0
2022-03-15,21.09,21.96,20.82,21.65,25237932.0
2022-03-16,21.81,21.86,21.24,21.59,21050300.0
2022-03-17,22.36,23.21,22.17,23.07,22979064.0
2022-03-18,23.07,23.39,22.89,23.08,25463045.0
2022-03-21,23.75,25.1,23.73,25.05,25701204.0
2022-03-22,25.0,25.19,24.29,24.66,27921633.0
2022-03-23,25.3,25.76,25.14,25.58,17712203.0
2022-03-24,25.5,25.99,25.29,25.53,20078020.0
2022-03-25,25.27,26.22,25.24,26.04,22524556.0
2022-03-28,25.26,25.42,24.92,25.29,18026385.0
2022-03-29,24.68,25.08,24.17,25.0,21418398.0
2022-03-30,25.37,25.84,25.22,25.5,16764289.0
2022-03-31,25.1,25.96,25.08,25.11,19878996.0
2022-04-01,25.18,25.9,25.17,25.75,13426601.0
2022-04-04,26.09,26.4,25.54,25.68,15855615.0
2022-04-05,25.81,26.1,24.72,24.8,17598161.0
2022-04-06,25.18,25.41,24.27,24.42,15855610.0
2022-04-07,24.87,25.11,24.25,24.93,15240638.0
2022-04-08,25.08,26.03,25.06,25.9,16068360.0
2022-04-11,25.52,25.54,24.9,25.22,18394198.0
2022-04-12,25.8,26.86,25.8,26.27,22238196.0
2022-04-13,26.72,26.95,25.94,26.57,18273515.0
2022-04-14,26.4,26.93,26.36,26.61,16234913.0
2022-04-18,26.95,27.36,26.6,26.88,15965842.0
2022-04-19,26.78,27.16,26.38,26.78,16671437.0
2022-04-20,27.01,27.72,26.78,27.65,20115515.0
2022-04-21,27.75,27.97,26.0,26.09,20775605.0
2022-04-22,26.02,26.36,24.89,25.0,16638904.0
2022-04-25,24.16,24.32,22.85,24.14,26911789.0
2022-04-26,24.36,25.07,23.99,24.08,19245968.0
2022-04-27,24.25,24.92,23.73,24.66,16611593.0
2022-04-28,24.8,25.69,23.99,25.46,15790416.0
2022-04-29,25.5,25.96,24.76,24.92,14657068.0
2022-05-02,24.56,25.08,24.07,24.95,16641407.0
2022-05-03,24.94,26.34,24.94,26.25,19367901.0
2022-05-04,26.91,27.81,26.16,27.69,26500936.0
2022-05-05,27.8,29.0,27.01,27.68,33426569.0
2022-05-06,28.15,28.38,27.0,28.15,36127610.0
2022-05-09,27.31,27.36,24.0,24.2,27456547.0
2022-05-10,24.63,25.44,23.55,24.39,21445684.0
2022-05-11,25.23,26.57,24.99,25.17,19231049.0
2022-05-12,25.11,25.62,24.35,25.13,21048293.0
2022-05-13,25.93,27.14,25.8,27.0,23244659.0
2022-05-16,27.14,28.27,27.0,27.98,20892985.0
2022-05-17,28.52,28.64,27.96,28.36,17783197.0
2022-05-18,28.52,28.57,26.32,26.77,18139862.0
2022-05-19,26.01,27.55,25.93,26.88,15499858.0
2022-05-20,27.29,28.06,26.56,27.26,19141239.0
2022-05-23,27.47,28.33,27.19,28.13,17317864.0
2022-05-24,27.85,28.56,27.37,28.08,13383546.0
2022-05-25,28.26,29.24,28.25,29.01,19351541.0
2022-05-26,29.4,30.4,29.36,29.75,24211718.0
2022-05-27,29.8,31.08,29.44,31.07,20068067.0
2022-05-31,32.4,33.24,31.17,31.43,78224396.0
2022-06-01,31.86,32.51,30.88,31.38,23025716.0
2022-06-02,30.95,31.68,30.77,31.2,17038685.0
2022-06-03,31.36,31.93,31.14,31.68,13736922.0
2022-06-06,31.66,32.09,30.96,31.41,16746896.0
2022-06-07,31.35,32.28,31.23,32.17,12018458.0
2022-06-08,32.3,32.44,31.71,31.93,12184409.0
2022-06-09,31.62,31.95,31.22,31.25,15493949.0
2022-06-10,30.68,31.33,29.91,30.29,16599133.0
2022-06-13,29.2,29.25,27.55,28.39,21767370.0
2022-06-14,29.33,30.12,28.34,28.79,23432515.0
2022-06-15,28.55,28.91,27.42,28.07,23440965.0
2022-06-16,26.88,27.22,25.33,25.66,29756954.0
2022-06-17,25.39,25.53,23.32,24.15,57901161.0
2022-06-21,24.98,25.69,24.66,24.9,28692621.0
2022-06-22,23.13,23.97,22.72,23.1,29374942.0
2022-06-23,23.28,23.39,21.71,22.02,27533052.0
2022-06-24,22.34,22.9,21.77,22.05,33964068.0
2022-06-27,22.38,23.35,22.27,23.12,18754631.0
2022-06-28,23.92,24.54,23.58,24.13,23956181.0
2022-06-29,24.46,24.61,22.64,22.79,18997762.0
2022-06-30,22.13,23.07,22.08,22.48,18265549.0
2022-07-01,22.85,22.98,21.62,22.55,14030667.0
2022-07-05,21.93,21.99,20.67,21.13,23575339.0
2022-07-06,20.81,21.54,19.81,20.68,21997855.0
2022-07-07,21.53,22.09,21.49,21.83,16075406.0
2022-07-08,22.29,22.41,21.36,21.72,11334557.0
2022-07-11,21.42,21.66,20.89,21.32,12208562.0
2022-07-12,20.51,20.96,20.28,20.66,15026027.0
2022-07-13,20.48,21.32,20.42,20.74,15331689.0
2022-07-14,19.91,20.49,19.42,20.41,18931232.0
2022-07-15,20.72,20.93,20.37,20.85,11746971.0
2022-07-18,21.39,21.98,21.39,21.57,15852024.0
2022-07-19,21.44,22.6,21.4,22.52,13651963.0
2022-07-20,22.2,22.99,22.04,22.92,12407865.0
2022-07-21,22.01,22.29,21.43,22.16,13058473.0
2022-07-22,22.24,22.59,21.61,21.75,10960017.0
2022-07-25,22.15,23.19,21.82,23.18,14852199.0
2022-07-26,23.62,23.8,22.65,22.91,11630468.0
2022-07-27,23.07,24.06,22.86,23.88,12658334.0
2022-07-28,24.2,24.51,23.46,23.95,11428283.0
2022-07-29,24.45,25.0,24.37,24.8,13795511.0
2022-08-01,24.19,24.36,23.5,23.99,16500547.0
2022-08-02,24.05,24.21,23.46,23.88,15279556.0
2022-08-03,24.1,24.17,22.56,22.89,16947218.0
2022-08-04,21.87,22.54,21.38,21.47,17776557.0
2022-08-05,21.0,22.22,21.0,21.77,13563903.0
2022-08-08,21.77,22.09,21.4,21.83,17555346.0
2022-08-09,22.24,22.6,21.83,21.96,12528690.0
2022-08-10,21.98,22.48,21.44,22.34,15498731.0
2022-08-11,22.92,24.01,22.75,23.91,18516726.0
2022-08-12,23.76,24.29,23.58,24.06,13307541.0
2022-08-15,22.98,23.59,22.59,23.39,12806339.0
2022-08-16,23.68,23.92,22.8,23.05,13371252.0
2022-08-17,23.05,23.7,22.87,23.41,12693999.0
2022-08-18,23.78,24.67,23.71,24.6,13821819.0
2022-08-19,24.46,24.79,24.32,24.46,13279772.0
2022-08-22,24.15,24.73,23.6,24.65,13301299.0
2022-08-23,25.25,26.5,25.19,25.71,18022407.0
2022-08-24,25.83,26.37,25.67,26.29,14140658.0
2022-08-25,26.5,26.77,25.99,26.37,10999254.0
2022-08-26,26.3,26.83,25.95,26.16,11631158.0
2022-08-29,26.09,27.29,25.98,26.79,12819194.0
2022-08-30,26.15,26.15,25.21,25.58,13104410.0
2022-08-31,24.88,26.06,24.7,25.59,15631905.0
2022-09-01,25.09,25.27,24.44,24.92,14878440.0
2022-09-02,25.72,26.0,25.4,25.71,12718429.0
2022-09-06,25.91,26.23,25.38,25.52,12858908.0
2022-09-07,24.74,25.35,24.41,24.92,15040520.0
2022-09-08,25.23,25.81,25.0,25.61,14375599.0
2022-09-09,26.11,26.6,25.93,26.35,12230514.0
2022-09-12,26.76,27.5,26.53,27.2,13362786.0
2022-09-13,26.75,27.42,26.38,26.49,13765619.0
2022-09-14,26.91,27.92,26.87,27.36,15367692.0
2022-09-15,26.64,27.18,26.54,26.8,15250728.0
2022-09-16,26.68,26.77,25.63,26.22,25445941.0
2022-09-19,25.31,26.09,25.22,25.93,9635675.0
2022-09-20,25.73,25.92,25.1,25.76,10148109.0
2022-09-21,26.33,26.5,25.17,25.18,11023432.0
2022-09-22,25.71,25.88,24.57,24.59,10431722.0
2022-09-23,23.35,23.35,21.62,21.9,15956360.0
2022-09-26,21.65,21.98,21.07,21.09,14401010.0
2022-09-27,21.53,21.86,21.08,21.39,13292500.0
2022-09-28,21.63,22.76,21.46,22.67,16700940.0
2022-09-29,22.41,22.9,21.86,22.8,14305173.0
2022-09-30,22.43,22.99,22.2,22.58,17056470.0
2022-10-03,23.8,25.08,23.67,24.97,16469314.0
2022-10-04,25.69,26.5,25.36,26.5,14088085.0
2022-10-05,26.52,27.34,26.12,27.19,16436476.0
2022-10-06,26.92,28.33,26.79,28.25,16782509.0
2022-10-07,28.3,28.91,27.63,27.94,18554675.0
2022-10-10,27.88,28.62,27.24,27.52,14812579.0
2022-10-11,26.74,27.7,26.56,27.04,11454231.0
2022-10-12,26.9,27.67,26.58,27.44,10515433.0
2022-10-13,26.94,28.63,26.91,28.33,13720206.0
2022-10-14,27.91,28.53,27.0,27.05,11177312.0
2022-10-17,27.63,28.13,26.85,27.14,15531216.0
2022-10-18,27.5,27.89,26.82,27.56,12617104.0
2022-10-19,27.57,28.68,27.37,28.35,11945784.0
2022-10-20,28.7,29.18,28.1,28.23,11273742.0
2022-10-21,28.5,29.16,28.32,29.15,12508852.0
2022-10-24,29.18,29.7,28.91,29.47,9515464.0
2022-10-25,29.32,29.74,29.12,29.65,9481481.0
2022-10-26,29.95,30.82,29.88,30.18,11534713.0
2022-10-27,30.95,31.29,30.45,30.52,12968344.0
2022-10-28,31.0,31.17,29.51,30.16,10946186.0
2022-10-31,29.81,30.85,29.64,30.45,10776062.0
2022-11-01,31.08,31.16,30.67,30.93,10757824.0
2022-11-02,30.8,30.86,29.55,29.76,15006558.0
2022-11-03,29.48,31.57,29.3,31.42,16797375.0
2022-11-04,32.2,32.57,31.55,32.03,18056227.0
2022-11-07,32.32,33.42,32.22,33.03,13089997.0
2022-11-08,32.92,32.95,32.03,32.73,14468063.0
2022-11-09,32.11,32.23,30.53,30.63,16293401.0
2022-11-10,31.44,31.68,30.65,31.6,9774436.0
2022-11-11,32.5,33.06,32.31,32.88,16266611.0
2022-11-14,32.66,33.19,32.49,32.5,11658687.0
2022-11-15,32.66,33.11,32.21,32.94,10281892.0
2022-11-16,32.43,32.61,31.23,31.45,8565900.0
2022-11-17,30.89,31.33,30.4,31.3,8747473.0
2022-11-18,30.43,30.95,29.78,30.8,9255875.0
2022-11-21,29.84,30.08,28.34,30.04,14098628.0
2022-11-22,30.66,31.28,30.42,31.19,9231463.0
2022-11-23,30.51,30.95,30.2,30.65,6041059.0
2022-11-25,30.8,30.85,30.3,30.38,3347853.0
2022-11-28,29.3,30.11,29.07,29.81,9205531.0
2022-11-29,30.25,30.69,30.02,30.35,7553810.0
2022-11-30,30.99,31.1,30.17,30.63,11942120.0
2022-12-01,30.96,31.08,30.04,30.09,9424139.0
2022-12-02,29.9,30.46,29.34,29.74,10995663.0
2022-12-05,30.36,30.66,28.29,28.52,11316550.0
2022-12-06,28.28,28.86,27.18,27.45,12776284.0
2022-12-07,27.55,27.9,27.04,27.41,10851650.0
2022-12-08,28.18,28.32,26.75,26.84,10263596.0
2022-12-09,26.76,27.05,26.16,26.17,10940217.0
2022-12-12,26.33,27.35,26.23,27.18,12501512.0
2022-12-13,28.0,28.17,27.24,27.68,12493860.0
2022-12-14,28.03,28.27,27.21,27.47,13154537.0
2022-12-15,27.24,27.92,27.09,27.86,14263234.0
2022-12-16,27.13,27.48,26.73,27.33,29738663.0
2022-12-19,27.61,27.86,26.82,27.03,10084339.0
2022-12-20,27.02,27.62,26.98,27.15,12488493.0
2022-12-21,27.83,27.94,27.32,27.74,8206898.0
2022-12-22,27.71,27.78,26.02,26.7,9740408.0
2022-12-23,27.13,27.51,26.86,27.44,9400462.0
2022-12-27,27.67,27.83,27.41,27.65,6868527.0
2022-12-28,27.4,27.45,26.51,26.58,7907599.0
2022-12-29,26.35,26.98,26.26,26.78,6133138.0
2022-12-30,26.59,27.14,26.51,27.07,7196208.0
2023-01-03,26.68,26.99,25.32,25.64,9714615.0
2023-01-04,25.02,25.83,24.78,25.32,11334623.0
2023-01-05,25.32,26.18,25.26,25.87,9843264.0
2023-01-06,26.31,26.81,26.24,26.6,9373507.0
2023-01-09,27.35,27.53,26.91,27.03,8406339.0
2023-01-10,27.11,27.25,26.54,27.01,7882703.0
2023-01-11,27.39,27.45,26.65,27.05,10004615.0
2023-01-12,27.2,27.74,27.07,27.38,11655915.0
2023-01-13,27.16,27.35,26.72,27.08,7098439.0
2023-01-17,27.18,27.43,26.66,26.8,8658549.0
2023-01-18,27.08,27.95,26.81,26.88,11099044.0
2023-01-19,26.77,27.47,26.54,27.39,9500341.0
2023-01-20,27.48,27.95,27.18,27.88,7665406.0
2023-01-23,28.1,28.35,27.86,28.1,8744615.0
2023-01-24,29.85,32.54,27.25,27.85,8649540.0
2023-01-25,27.79,27.91,27.25,27.86,6115718.0
2023-01-26,28.26,28.77,27.76,28.76,8211591.0
2023-01-27,28.7,29.27,28.29,28.31,9297692.0
2023-01-30,27.89,28.08,27.05,27.09,8300312.0
2023-01-31,27.0,27.68,26.81,27.47,10242756.0
2023-02-01,27.33,27.86,26.24,26.78,11936102.0
2023-02-02,26.75,26.76,25.8,26.19,10782763.0
2023-02-03,26.23,26.86,25.99,26.03,10744270.0
2023-02-06,26.06,26.34,25.4,25.79,9700957.0
2023-02-07,26.05,26.93,25.64,26.87,10743147.0
2023-02-08,26.9,27.22,26.33,26.6,9762740.0
2023-02-09,26.6,26.73,26.08,26.13,9859804.0
2023-02-10,26.66,27.82,26.65,27.75,10718668.0
2023-02-13,27.46,27.72,27.21,27.33,11076183.0
2023-02-14,26.9,27.38,26.63,27.16,8891941.0
2023-02-15,26.62,26.69,25.43,26.07,16545515.0
2023-02-16,26.08,27.45,26.0,26.78,18392071.0
2023-02-17,26.16,26.23,25.51,25.86,17629898.0
2023-02-21,25.85,25.99,25.31,25.42,12520063.0
2023-02-22,25.32,25.67,24.87,25.11,9454691.0
2023-02-23,25.6,25.82,24.99,25.48,11341285.0
2023-02-24,25.09,25.66,24.94,25.59,10079231.0
2023-02-27,25.58,26.02,25.33,25.83,8610328.0
2023-02-28,26.08,26.15,25.13,25.15,11830308.0
2023-03-01,25.17,25.99,25.08,25.79,7395305.0
2023-03-02,25.66,26.25,25.58,26.1,7210994.0
2023-03-03,25.64,26.65,25.53,26.53,7614584.0
2023-03-06,26.27,26.45,26.06,26.24,8554819.0
2023-03-07,26.05,26.13,25.59,25.66,8339111.0
2023-03-08,25.55,25.99,25.08,25.39,8610204.0
2023-03-09,25.5,25.86,24.52,24.58,10182307.0
2023-03-10,24.51,24.9,23.82,23.97,9823283.0
2023-03-13,23.34,23.6,22.61,22.95,13072480.0
2023-03-14,23.09,23.98,22.79,23.23,9863353.0
2023-03-15,22.2,22.28,20.66,21.26,19173090.0
2023-03-16,20.72,22.03,20.57,22.01,14933327.0
2023-03-17,21.76,21.98,21.02,21.2,21504407.0
2023-03-20,21.16,22.01,21.16,21.74,10734910.0
2023-03-21,22.4,23.12,22.3,22.96,11723899.0
2023-03-22,23.01,23.17,22.25,22.28,10094600.0
2023-03-23,22.5,22.83,21.74,22.0,10491571.0
2023-03-24,21.53,22.2,21.41,22.16,10326443.0
2023-03-27,22.52,23.03,22.16,22.9,10929831.0
2023-03-28,22.81,23.55,22.75,23.27,10729286.0
2023-03-29,23.63,23.82,23.48,23.64,9173235.0
2023-03-30,23.96,24.04,23.56,23.71,7906176.0
2023-03-31,23.8,24.26,23.8,23.96,9419833.0
2023-04-03,26.06,26.6,25.75,26.33,21729848.0
2023-04-04,26.66,26.68,25.38,25.73,18237819.0
2023-04-05,25.61,25.77,25.13,25.7,11293230.0
2023-04-06,25.51,25.7,25.26,25.52,7877001.0
2023-04-10,25.72,26.28,25.64,25.76,10838068.0
2023-04-11,26.02,26.31,25.65,26.11,9544926.0
2023-04-12,26.13,26.18,25.53,25.62,11760681.0
2023-04-13,25.59,25.91,25.51,25.66,9409991.0
2023-04-14,25.81,25.94,25.52,25.73,8195114.0
2023-04-17,25.71,25.75,24.74,24.8,14266284.0
2023-04-18,24.67,24.85,24.29,24.74,11927821.0
2023-04-19,24.29,24.75,24.13,24.66,9981028.0
2023-04-20,24.21,24.37,23.94,24.27,8791009.0
2023-04-21,24.31,24.48,23.91,24.09,7865113.0
2023-04-24,24.03,24.93,23.99,24.73,9530780.0
2023-04-25,24.19,24.3,23.6,23.74,10440499.0
2023-04-26,23.54,23.78,23.0,23.29,10732684.0
2023-04-27,23.31,23.57,23.03,23.48,9261923.0
2023-04-28,23.54,24.37,23.34,24.16,9052331.0
2023-05-01,23.71,24.33,23.69,24.04,7218122.0
2023-05-02,23.53,23.61,22.26,22.74,11715204.0
2023-05-03,22.25,22.7,22.1,22.27,12313916.0
2023-05-04,22.0,22.64,21.63,22.08,14425362.0
2023-05-05,23.0,23.23,22.79,22.93,11170758.0
2023-05-08,23.44,23.61,22.82,22.82,8691413.0
2023-05-09,22.59,23.19,22.46,22.9,10437631.0
2023-05-10,23.1,23.21,22.4,22.67,9754644.0
2023-05-11,22.28,22.6,22.12,22.47,8579012.0
2023-05-12,22.72,22.92,22.19,22.39,8438575.0
2023-05-15,22.57,22.94,22.3,22.67,10096880.0
2023-05-16,22.51,22.66,21.96,21.97,8774345.0
2023-05-17,22.31,22.96,22.07,22.71,11964665.0
2023-05-18,22.55,23.12,22.33,23.05,9938169.0
2023-05-19,23.3,23.49,22.92,23.07,10578468.0
2023-05-22,23.13,23.65,23.01,23.43,8900366.0
2023-05-23,23.6,24.09,23.47,23.64,10281248.0
2023-05-24,23.97,24.25,23.6,24.02,11487193.0
2023-05-25,23.51,23.63,23.02,23.33,13824066.0
2023-05-26,23.55,23.63,23.03,23.26,9180728.0
2023-05-30,22.76,22.89,22.44,22.84,9264993.0
2023-05-31,22.36,22.56,22.14,22.16,15211895.0
2023-06-01,22.2,22.94,22.13,22.47,10906415.0
2023-06-02,23.0,23.46,22.75,23.26,14275026.0
2023-06-05,24.03,24.03,22.92,22.94,12993823.0
2023-06-06,22.5,23.3,22.45,23.18,12965753.0
2023-06-07,23.33,24.38,23.33,24.31,14125473.0
2023-06-08,24.3,24.45,23.49,23.95,14663588.0
2023-06-09,23.92,24.11,23.44,23.55,11472469.0
2023-06-12,23.12,23.62,22.95,23.25,13080192.0
2023-06-13,23.6,24.1,23.32,23.34,12455820.0
2023-06-14,23.65,23.84,22.65,22.81,13703414.0
2023-06-15,22.92,23.61,22.91,23.29,12546288.0
2023-06-16,23.44,23.59,23.25,23.5,18402023.0
2023-06-20,23.22,23.3,22.51,22.82,12448100.0
2023-06-21,22.75,23.32,22.67,23.04,10655373.0
2023-06-22,22.64,22.71,22.08,22.25,15076847.0
2023-06-23,21.89,22.19,21.86,21.95,12315363.0
2023-06-26,22.04,22.43,22.03,22.16,13376507.0
2023-06-27,22.0,22.3,21.88,22.11,13955725.0
2023-06-28,22.21,22.39,21.9,22.34,13408158.0
2023-06-29,22.52,22.93,22.43,22.93,12193851.0
2023-06-30,23.16,23.27,22.84,23.02,10740132.0
2023-07-03,23.0,23.31,22.88,23.0,4473806.0
2023-07-05,23.24,23.26,22.78,22.9,9573531.0
2023-07-06,22.65,22.91,21.97,22.54,13858795.0
2023-07-07,22.46,23.75,22.46,23.52,18665769.0
2023-07-10,23.32,23.81,23.23,23.8,12628705.0
2023-07-11,24.09,24.56,23.95,24.33,14668731.0
2023-07-12,24.61,24.97,24.54,24.79,12062215.0
2023-07-13,24.79,25.3,24.62,25.13,14160080.0
2023-07-14,24.91,24.95,23.97,24.08,13302313.0
2023-07-17,24.05,24.17,23.85,23.96,12427270.0
2023-07-18,23.94,25.02,23.89,24.8,12989139.0
2023-07-19,24.71,25.18,24.62,24.87,10726747.0
2023-07-20,25.18,25.3,24.92,25.23,10775029.0
2023-07-21,25.3,25.36,25.01,25.29,15279066.0
2023-07-24,25.5,25.97,25.37,25.64,14894369.0
2023-07-25,25.64,26.21,25.5,25.98,12298085.0
2023-07-26,25.75,26.11,25.68,26.11,11948691.0
2023-07-27,26.3,26.4,25.81,25.86,9196088.0
2023-07-28,26.04,26.11,25.71,26.1,7837572.0
2023-07-31,26.38,26.49,26.13,26.27,8601714.0
2023-08-01,26.03,26.26,25.74,26.18,10064029.0
2023-08-02,25.88,25.95,25.29,25.71,11954520.0
2023-08-03,25.62,26.34,25.03,25.78,14216024.0
2023-08-04,26.02,26.53,25.91,26.18,12380778.0
2023-08-07,26.28,26.44,25.93,26.02,11529954.0
2023-08-08,25.47,26.0,25.21,25.82,10131903.0
2023-08-09,26.21,26.82,25.97,26.27,11956785.0
2023-08-10,26.29,26.64,26.04,26.24,11372388.0
2023-08-11,26.24,26.99,26.19,26.84,10504008.0
2023-08-14,26.81,26.85,26.29,26.45,8461360.0
2023-08-15,26.08,26.13,25.72,25.86,7309454.0
2023-08-16,26.0,26.31,25.54,25.56,7063301.0
2023-08-17,26.06,26.26,25.88,26.0,11932977.0
2023-08-18,25.71,26.55,25.71,26.39,10305163.0
2023-08-21,26.58,26.81,26.17,26.44,12166235.0
2023-08-22,26.45,26.63,26.09,26.11,8637908.0
2023-08-23,25.78,25.88,25.46,25.73,8305566.0
2023-08-24,25.5,25.82,25.35,25.52,8305004.0
2023-08-25,25.71,25.85,25.36,25.62,9412687.0
2023-08-28,25.85,26.21,25.66,25.92,7299257.0
2023-08-29,25.93,26.21,25.73,26.14,8090002.0
2023-08-30,26.31,26.47,26.21,26.38,7169374.0
2023-08-31,26.49,26.5,26.16,26.35,9141621.0
2023-09-01,26.76,27.23,26.71,27.11,9786483.0
2023-09-05,27.31,27.66,27.15,27.16,9552960.0
2023-09-06,27.01,27.37,26.75,27.09,9194593.0
2023-09-07,27.08,27.25,26.67,26.7,10842165.0
2023-09-08,26.95,27.6,26.9,27.31,9602847.0
2023-09-11,27.5,27.63,26.12,26.16,16014393.0
2023-09-12,26.45,27.2,26.44,27.13,9792530.0
2023-09-13,27.22,27.28,26.52,26.57,11109947.0
2023-09-14,27.04,27.63,27.04,27.33,12940057.0
2023-09-15,27.11,27.57,26.77,26.88,18348069.0
2023-09-18,27.15,27.22,26.64,26.9,8817389.0
2023-09-19,27.24,27.37,26.48,26.75,10307529.0
2023-09-20,26.64,26.95,26.14,26.15,9389829.0
2023-09-21,26.27,26.44,25.73,25.87,12860002.0
2023-09-22,26.12,26.4,26.0,26.16,11663657.0
2023-09-25,26.14,26.71,26.07,26.61,10480939.0
2023-09-26,26.32,26.63,26.13,26.29,10649834.0
2023-09-27,26.82,27.68,26.66,27.39,13809537.0
2023-09-28,27.27,27.63,27.19,27.41,6715460.0
2023-09-29,27.53,27.53,26.7,26.75,11362012.0
2023-10-02,26.79,26.82,25.28,25.59,11930946.0
2023-10-03,25.32,25.73,25.19,25.68,9737767.0
2023-10-04,25.23,25.31,24.05,24.4,12240184.0
2023-10-05,24.04,24.54,24.01,24.24,10531342.0
2023-10-06,24.36,24.82,24.0,24.59,10642760.0
2023-10-09,25.62,26.39,25.37,26.22,16614079.0
2023-10-10,26.13,26.43,25.89,26.23,9329988.0
2023-10-11,26.14,26.54,25.88,26.49,9613927.0
2023-10-12,26.74,26.98,26.57,26.8,10170066.0
2023-10-13,27.36,28.16,27.24,28.07,12718994.0
2023-10-16,28.28,28.48,27.74,28.45,10009915.0
2023-10-17,28.44,28.96,28.41,28.63,9537089.0
2023-10-18,28.9,29.13,28.67,28.85,8559030.0
2023-10-19,28.69,29.56,28.52,29.19,15988474.0
2023-10-20,29.13,29.2801,28.4299,28.49,10395482.0
2023-10-23,28.26,28.63,28.02,28.17,10398037.0
2023-10-24,28.37,28.4,27.89,28.16,9790551.0
2023-10-25,28.22,28.4,27.835,28.12,8491751.0
2023-10-26,27.78,28.025,27.4,27.7,9045652.0
2023-10-27,27.74,27.82,26.99,27.48,8166255.0
2023-10-30,27.44,27.6676,26.805,27.16,7619159.0
2023-10-31,27.13,27.415,26.87,27.31,8131733.0
2023-11-01,27.45,27.63,27.03,27.11,9976637.0
2023-11-02,26.48,28.04,25.93,28.02,13574214.0
2023-11-03,27.89,28.13,27.235,27.46,12899165.0
2023-11-06,27.69,27.72,26.5635,26.61,9422409.0
2023-11-07,26.11,26.13,25.42,25.53,13193214.0
2023-11-08,25.3,25.57,24.74,24.85,12691249.0
2023-11-09,25.0,25.35,24.79,24.8,9548660.0
2023-11-10,25.09,25.23,24.855,25.09,7060950.0
2023-11-13,25.11,25.23,24.89,25.08,10467276.0
2023-11-14,25.09,25.7,25.05,25.6,7896370.0
2023-11-15,25.58,25.945,25.38,25.41,7638537.0
2023-11-16,24.97,25.15,24.295,24.75,9444671.0
2023-11-17,25.05,25.81,25.05,25.56,11227125.0
2023-11-20,25.81,26.13,25.57,25.57,8657214.0
2023-11-21,25.35,25.45,25.06,25.31,7359287.0
2023-11-22,24.53,25.29,24.31,25.24,7866302.0
2023-11-24,25.24,25.59,25.22,25.35,4518066.0
2023-11-27,25.2,25.38,25.05,25.32,9620314.0
2023-11-28,25.42,25.585,25.2001,25.32,7220567.0
2023-11-29,25.45,25.56,25.18,25.3,8496679.0
2023-11-30,25.65,26.245,25.1,25.43,15874163.0
2023-12-01,25.35,25.93,25.25,25.44,6864709.0
2023-12-04,25.1,25.41,25.0,25.06,8269819.0
2023-12-05,25.17,25.1897,24.38,24.4,8036407.0
2023-12-06,24.12,24.41,23.525,23.54,10053440.0
2023-12-07,23.69,23.9,23.4521,23.66,9368913.0
2023-12-08,23.9,24.118,23.79,24.09,7816371.0
2023-12-11,23.82,24.27,23.81,24.05,7536488.0
2023-12-12,23.69,23.69,23.14,23.35,12939506.0
2023-12-13,23.45,23.96,23.24,23.93,11165098.0
2023-12-14,24.3,24.72,24.26,24.44,13034990.0
2023-12-15,24.21,24.42,23.985,24.32,23265069.0
2023-12-18,25.0,25.1415,24.52,24.57,11468765.0
2023-12-19,24.5,24.89,24.39,24.84,11370483.0
2023-12-20,24.9,25.1,24.45,24.47,10851466.0
2023-12-21,24.54,24.76,24.47,24.71,8749957.0
2023-12-22,24.89,25.0212,24.62,24.64,5571926.0
2023-12-26,24.91,25.3,24.85,25.15,8221327.0
2023-12-27,25.05,25.15,24.79,24.85,6578206.0
2023-12-28,24.69,24.7633,24.37,24.38,8010584.0
2023-12-29,24.46,24.53,24.0734,24.16,8617059.0
2024-01-02,24.36,24.78,24.3,24.42,8857212.0
2024-01-03,24.4,25.03,24.2,24.93,9894113.0
2024-01-04,25.12,25.16,24.14,24.18,9155395.0
2024-01-05,24.42,24.505,24.105,24.39,11898073.0
2024-01-08,23.77,23.91,23.38,23.74,10604460.0
2024-01-09,23.76,23.79,23.0697,23.21,7597824.0
2024-01-10,23.15,23.18,22.68,22.85,10251227.0
2024-01-11,22.94,23.08,22.735,22.94,8239800.0
2024-01-12,23.4,23.515,23.185,23.4,11788682.0
2024-01-16,23.22,23.265,22.5838,22.66,11313884.0
2024-01-17,22.29,22.56,22.19,22.32,8342538.0
2024-01-18,22.3,22.32,21.81,22.15,10368500.0
2024-01-19,22.06,22.28,21.9,22.27,9712248.0
2024-01-22,22.19,22.469,22.0401,22.28,8857851.0
2024-01-23,22.25,22.58,22.16,22.37,6720785.0
2024-01-24,22.56,22.71,22.35,22.59,8453687.0
2024-01-25,22.76,23.14,22.39,23.13,10732663.0
2024-01-26,23.09,23.25,22.72,23.21,8570878.0
2024-01-29,23.15,23.22,22.82,23.19,7707813.0
2024-01-30,22.92,23.58,22.92,23.54,9538911.0
2024-01-31,23.51,23.54,22.835,22.85,9127053.0
2024-02-01,22.99,23.17,22.45,22.66,9784862.0
2024-02-02,22.67,22.725,22.301,22.46,8631611.0
2024-02-05,22.28,22.425,22.06,22.32,7121877.0
2024-02-06,22.43,22.8,22.3,22.53,6978816.0
2024-02-07,22.54,22.75,22.3801,22.69,7691030.0
2024-02-08,22.72,22.89,22.35,22.7,13237659.0
2024-02-09,22.72,22.87,22.37,22.45,8125671.0
2024-02-12,22.52,22.99,22.48,22.65,13263250.0
2024-02-13,22.57,22.71,22.18,22.33,11011640.0
2024-02-14,22.52,22.67,22.205,22.39,8120616.0
2024-02-15,22.39,23.36,22.37,23.24,11381042.0
2024-02-16,23.3,23.55,23.0901,23.38,9104176.0
2024-02-20,23.25,23.42,23.05,23.17,10169849.0
2024-02-21,23.29,23.855,23.25,23.65,12220877.0
2024-02-22,23.37,24.4,23.12,23.98,17964980.0
2024-02-23,23.66,23.95,23.45,23.78,9131690.0
2024-02-26,23.68,24.26,23.59,24.15,11578575.0
2024-02-27,24.37,24.55,24.17,24.29,9787091.0
2024-02-28,24.25,24.6075,24.015,24.12,12391211.0
2024-02-29,24.23,24.355,24.04,24.25,8866850.0
2024-03-01,24.4,24.71,24.29,24.6,8790252.0
2024-03-04,24.61,24.69,24.21,24.26,8114933.0
2024-03-05,24.17,24.585,24.1,24.24,10903248.0
2024-03-06,24.54,24.7681,24.35,24.52,8563906.0
2024-03-07,24.5,24.86,24.4599,24.66,7686869.0
2024-03-08,24.63,24.86,24.38,24.74,9310329.0
2024-03-11,24.6,25.03,24.42,24.99,8090316.0
2024-03-12,24.96,25.19,24.76,25.13,9599867.0
2024-03-13,25.55,26.0,25.545,25.9,10340096.0
2024-03-14,26.04,26.29,25.98,26.26,11069700.0
2024-03-15,26.23,26.6989,26.21,26.51,21468685.0
2024-03-18,26.55,26.7,26.29,26.59,8985123.0
2024-03-19,26.61,27.1099,26.56,27.0,10012603.0
2024-03-20,26.69,27.2852,26.6743,27.1,9418393.0
2024-03-21,27.18,27.395,27.04,27.2,10224347.0
2024-03-22,27.23,27.32,26.95,27.1,9519648.0
2024-03-25,27.19,27.75,27.19,27.57,8608642.0
2024-03-26,27.7,27.82,27.39,27.44,11685228.0
2024-03-27,27.34,27.72,27.28,27.71,8873623.0
2024-03-28,27.98,28.39,27.875,28.34,11674200.0
2024-04-01,28.46,28.68,28.155,28.57,10059053.0
2024-04-02,28.7,28.87,28.45,28.79,10227015.0
2024-04-03,28.87,29.52,28.835,29.5,10038482.0
2024-04-04,29.58,29.69,29.3512,29.48,9863969.0
2024-04-05,29.61,29.775,29.3,29.69,11047078.0
2024-04-08,29.75,29.81,29.39,29.49,8303144.0
2024-04-09,29.6,29.75,29.1,29.28,9912934.0
2024-04-10,29.28,29.72,29.12,29.68,9053221.0
2024-04-11,29.81,29.81,29.05,29.46,8443958.0
2024-04-12,29.77,30.06,29.0,29.09,7986276.0
2024-04-15,29.12,29.33,28.68,28.77,8948241.0
2024-04-16,28.67,28.825,28.06,28.35,11778845.0
2024-04-17,28.32,28.565,27.67,27.68,12218009.0
2024-04-18,27.77,27.86,27.33,27.4,9246117.0
2024-04-19,27.35,27.975,27.24,27.5,7842507.0
2024-04-22,27.29,27.9,26.945,27.65,7646620.0
2024-04-23,27.48,27.86,27.27,27.82,9099137.0
2024-04-24,27.65,27.7399,27.395,27.53,5977548.0
2024-04-25,27.6,27.82,27.27,27.74,5755314.0
2024-04-26,27.63,27.94,27.51,27.77,5872908.0
2024-04-29,27.67,27.95,27.61,27.94,7690617.0
2024-04-30,27.75,27.8,26.79,26.85,9713099.0
2024-05-01,26.74,26.8192,25.87,26.1,11480105.0
2024-05-02,26.46,27.04,26.015,26.09,16106382.0
2024-05-03,26.25,26.53,26.01,26.34,9055727.0
2024-05-06,26.57,27.025,26.505,26.71,10220257.0
2024-05-07,26.78,27.23,26.76,27.05,10730526.0
2024-05-08,26.79,27.16,26.7899,26.98,6677247.0
2024-05-09,27.1,27.225,26.98,27.19,5490224.0
2024-05-10,27.3,27.4,26.56,26.59,6863353.0
2024-05-13,26.73,26.9,26.395,26.56,6492796.0
2024-05-14,26.56,26.67,26.295,26.57,6259323.0
2024-05-15,26.44,26.6,25.925,26.44,5119308.0
2024-05-16,26.45,26.62,26.13,26.13,5073421.0
2024-05-17,26.27,26.36,26.1,26.21,5648120.0
2024-05-20,26.27,26.53,26.175,26.46,6172295.0
2024-05-21,26.31,26.53,26.17,26.29,5073765.0
2024-05-22,26.04,26.13,25.51,25.88,6969167.0
2024-05-23,26.09,26.2,25.54,25.77,6834432.0
2024-05-24,25.94,26.055,25.485,25.56,7331519.0
2024-05-28,25.73,26.57,25.71,26.45,15046818.0
2024-05-29,29.35,29.35,28.38,28.68,55100677.0
2024-05-30,28.67,29.03,28.14,28.21,29898593.0
2024-05-31,28.22,29.0,28.19,28.96,21486757.0
2024-06-03,29.0,29.02,28.1495,28.41,10524943.0
2024-06-04,28.1,28.2,27.685,27.89,11910583.0
2024-06-05,27.86,28.07,27.73,27.96,8186938.0
2024-06-06,27.85,28.02,27.78,27.88,11307481.0
2024-06-07,27.865,28.12,27.64,27.87,6630198.0
2024-06-10,28.0,28.48,27.93,28.28,6906999.0
2024-06-11,28.12,28.38,28.11,28.37,5186129.0
2024-06-12,28.58,28.68,27.84,28.03,5685069.0
2024-06-13,27.91,27.96,27.475,27.68,6681620.0
2024-06-14,27.63,27.73,27.23,27.3,5786065.0
2024-06-17,27.26,27.51,27.06,27.32,7117947.0
2024-06-18,27.41,27.77,27.245,27.32,6085901.0
2024-06-20,27.34,27.96,27.29,27.83,6691777.0
2024-06-21,27.93,28.07,27.65,27.76,17916195.0
2024-06-24,27.86,28.98,27.86,28.74,8501489.0
2024-06-25,28.7,28.855,28.4599,28.83,7046690.0
2024-06-26,28.86,28.9,28.24,28.49,5282681.0
2024-06-27,28.7,28.73,28.385,28.58,4915199.0
2024-06-28,28.81,28.99,28.485,28.67,11422608.0
2024-07-01,28.85,28.95,28.47,28.71,5424088.0
2024-07-02,28.86,29.04,28.41,28.58,7744858.0
2024-07-03,28.6,29.0,28.54,28.77,4458444.0
2024-07-05,28.6,28.71,28.07,28.18,9961452.0
2024-07-08,28.11,28.2,27.88,28.19,6568182.0
2024-07-09,27.79,28.26,27.74,27.89,5527977.0
2024-07-10,27.81,28.2,27.7098,28.16,5162847.0
2024-07-11,28.2,28.7,28.02,28.61,5904356.0
2024-07-12,28.66,28.74,28.28,28.45,5686446.0
2024-07-15,28.65,28.99,28.42,28.74,5042103.0
2024-07-16,28.54,28.99,28.435,28.97,4487111.0
2024-07-17,28.99,29.485,28.99,29.11,6925915.0
2024-07-18,29.22,29.74,29.08,29.26,5292181.0
2024-07-19,29.33,29.37,28.705,28.72,3845361.0
2024-07-22,28.69,28.69,28.195,28.28,3776913.0
2024-07-23,28.12,28.165,27.69,27.84,3739562.0
2024-07-24,28.03,28.24,27.765,27.86,4783660.0
2024-07-25,27.8,28.22,27.74,27.89,5705841.0
2024-07-26,27.84,28.04,27.63,27.87,4426478.0
2024-07-29,27.96,27.99,27.24,27.45,4579898.0
2024-07-30,27.41,27.72,27.395,27.64,4371413.0
2024-07-31,28.09,28.27,27.945,28.05,6679981.0
2024-08-01,28.22,28.3301,27.2,27.41,6479473.0
2024-08-02,27.14,27.2,26.22,26.65,8301515.0
2024-08-05,26.0,26.55,25.74,26.39,6972758.0
2024-08-06,26.33,26.79,26.23,26.6,5211718.0
2024-08-07,27.02,27.285,26.84,26.86,5979081.0
2024-08-08,27.19,27.376,26.88,27.27,4904010.0
2024-08-09,27.23,27.44,26.96,27.3,6615797.0
2024-08-12,27.45,27.91,27.39,27.86,6000389.0
2024-08-13,27.54,27.57,27.3,27.42,4946313.0
2024-08-14,27.47,27.81,27.41,27.65,6257603.0
2024-08-15,27.8,28.2,27.765,28.16,5069270.0
2024-08-16,27.88,28.23,27.835,28.16,3530934.0
2024-08-19,28.25,28.57,28.17,28.38,3666350.0
2024-08-20,28.26,28.31,27.53,27.79,6982179.0
2024-08-21,27.92,28.0,27.47,27.63,6834207.0
2024-08-22,27.68,27.87,27.61,27.67,5111600.0
2024-08-23,27.89,28.11,27.81,28.09,3963030.0
2024-08-26,28.57,28.99,28.48,28.6,5864676.0
2024-08-27,28.55,28.67,28.26,28.33,4989263.0
2024-08-28,28.13,28.29,27.905,28.26,4322535.0
2024-08-29,28.44,29.045,28.26,28.85,4461100.0
2024-08-30,28.48,28.74,28.33,28.65,7338630.0
2024-09-03,28.12,28.2,27.49,27.71,7215877.0
2024-09-04,27.89,28.0751,27.3201,27.35,6541248.0
2024-09-05,27.57,27.6,27.05,27.07,5101369.0
2024-09-06,27.09,27.36,26.645,26.72,5638978.0
2024-09-09,26.73,26.91,26.62,26.63,5165909.0
2024-09-10,26.65,26.67,26.04,26.22,7016208.0
2024-09-11,26.2,26.25,25.5438,25.89,5878435.0
2024-09-12,25.88,26.135,25.735,25.98,5568985.0
2024-09-13,26.13,26.34,26.055,26.13,4298747.0
2024-09-16,26.4,26.72,26.35,26.66,6215270.0
2024-09-17,26.62,27.4099,26.605,27.36,5308801.0
2024-09-18,27.17,27.79,27.17,27.43,6908021.0
2024-09-19,27.89,28.12,27.63,27.89,6744214.0
2024-09-20,27.99,28.18,27.7099,27.93,15239192.0
2024-09-23,27.93,28.06,27.2401,27.77,6502593.0
2024-09-24,28.21,28.23,27.57,27.58,3960051.0
2024-09-25,27.5,27.56,26.74,26.74,5301109.0
2024-09-26,26.11,26.35,25.805,25.87,8662182.0
2024-09-27,26.0,26.54,25.965,26.48,4301387.0
2024-09-30,26.34,26.74,26.27,26.63,4449400.0
2024-10-01,26.36,27.75,26.29,27.64,6203747.0
2024-10-02,28.15,28.23,27.522,27.97,4686638.0
2024-10-03,27.99,28.54,27.81,28.54,4634963.0
2024-10-04,28.79,29.02,28.41,28.99,4123779.0
2024-10-07,29.01,29.4,28.99,29.09,7737448.0
2024-10-08,28.69,28.69,27.94,28.11,5739772.0
2024-10-09,27.82,28.285,27.74,28.14,3736146.0
2024-10-10,28.305,28.58,28.065,28.33,4867449.0
2024-10-11,28.2,28.335,28.04,28.06,5418257.0
2024-10-14,27.83,27.98,27.6,27.74,3877269.0
2024-10-15,26.8,27.1211,26.63,26.65,4937897.0
2024-10-16,26.79,26.86,26.56,26.58,4843789.0
2024-10-17,26.63,26.93,26.57,26.92,5217923.0
2024-10-18,26.86,26.96,26.5,26.72,4817933.0
2024-10-21,27.0,27.04,26.49,26.55,4117776.0
2024-10-22,26.7,26.79,26.505,26.61,3702240.0
2024-10-23,26.42,26.61,26.25,26.45,3849942.0
2024-10-24,26.57,26.655,26.154,26.4,2375124.0
2024-10-25,26.55,26.68,26.36,26.46,4703063.0
2024-10-28,25.72,26.155,25.62,26.11,3979253.0
2024-10-29,26.1,26.26,25.84,25.88,4248464.0
2024-10-30,26.06,26.18,25.9,26.08,4421748.0
2024-10-31,26.82,27.98,26.685,27.7,13221223.0
2024-11-01,27.8,27.82,26.97,27.27,7521700.0
2024-11-04,27.52,27.8301,27.48,27.51,6369159.0
2024-11-05,27.62,27.8104,27.44,27.6,7638776.0
2024-11-06,28.35,29.095,28.15,28.8,8897985.0
2024-11-07,28.98,28.98,28.3181,28.55,7847390.0
2024-11-08,28.45,28.57,28.195,28.5,5269514.0
2024-11-11,28.49,28.76,28.31,28.62,5818254.0
2024-11-12,28.7,28.83,28.26,28.32,6272592.0
2024-11-13,28.38,28.75,27.96,28.62,4610689.0
2024-11-14,28.79,28.91,28.44,28.85,4257340.0
2024-11-15,28.79,29.06,28.485,28.59,5087507.0
2024-11-18,28.91,29.13,28.72,28.99,5382254.0
2024-11-19,28.75,29.045,28.61,28.75,4249176.0
2024-11-20,28.77,29.0001,28.67,28.92,3671604.0
2024-11-21,29.11,29.37,28.43,28.55,37029760.0
