Date,open,high,low,close,volume
2015-04-27,10.71,10.83,10.67,10.71,8121044.0
2015-04-28,10.99,11.05,10.92,11.01,9567244.0
2015-04-29,10.74,10.78,10.61,10.67,8594631.0
2015-04-30,10.63,10.75,10.59,10.69,9581561.0
2015-05-01,10.76,10.95,10.67,10.77,4580069.0
2015-05-04,10.9,10.93,10.75,10.81,5320925.0
2015-05-05,10.91,10.98,10.79,10.82,6326002.0
2015-05-06,10.95,10.96,10.72,10.81,8137398.0
2015-05-07,10.36,10.37,10.22,10.26,6286883.0
2015-05-08,10.56,10.58,10.39,10.53,5015677.0
2015-05-11,10.53,10.65,10.53,10.57,4044360.0
2015-05-12,10.74,11.09,10.7,11.02,7443224.0
2015-05-13,11.01,11.1,10.95,10.95,4639532.0
2015-05-14,11.79,11.89,11.49,11.59,17578731.0
2015-05-15,11.85,11.95,11.79,11.89,10359518.0
2015-05-18,11.47,11.56,11.43,11.48,5619470.0
2015-05-19,11.23,11.3,11.17,11.18,4432142.0
2015-05-20,11.26,11.38,11.18,11.29,3987321.0
2015-05-21,11.22,11.31,11.17,11.19,3568114.0
2015-05-22,11.08,11.22,10.99,11.14,6262650.0
2015-05-26,11.19,11.19,10.94,11.01,6033243.0
2015-05-27,10.9,11.19,10.85,11.14,5686569.0
2015-05-28,10.95,10.97,10.78,10.95,3526149.0
2015-05-29,10.73,10.78,10.62,10.72,5268211.0
2015-06-01,10.65,10.68,10.47,10.58,6270080.0
2015-06-02,10.92,11.25,10.89,11.2,7691341.0
2015-06-03,11.38,11.67,11.3,11.4,11552752.0
2015-06-04,11.3,11.47,11.09,11.14,12238966.0
2015-06-05,10.84,11.1,10.76,10.96,9663810.0
2015-06-08,10.91,10.99,10.8,10.87,3649654.0
2015-06-09,11.19,11.2,10.97,11.01,10041304.0
2015-06-10,11.22,11.38,11.19,11.25,5916139.0
2015-06-11,11.03,11.06,10.85,10.93,3680609.0
2015-06-12,10.78,10.91,10.7,10.87,5968493.0
2015-06-15,10.67,10.79,10.66,10.7,5176105.0
2015-06-16,10.59,10.73,10.53,10.67,5221076.0
2015-06-17,10.7,10.71,10.44,10.61,4917900.0
2015-06-18,10.64,10.67,10.4,10.49,5793969.0
2015-06-19,10.47,10.53,10.4,10.41,2774012.0
2015-06-22,10.58,10.67,10.5,10.53,4479492.0
2015-06-23,10.43,10.69,10.42,10.64,7615209.0
2015-06-24,10.61,10.69,10.55,10.56,3555500.0
2015-06-25,10.49,10.54,10.32,10.39,5768698.0
2015-06-26,10.5,10.51,10.33,10.39,3915460.0
2015-06-29,10.05,10.17,9.99,10.0,5087148.0
2015-06-30,10.02,10.03,9.67,9.72,7356344.0
2015-07-01,9.75,9.77,9.62,9.64,5463700.0
2015-07-02,9.75,9.76,9.51,9.6,6369893.0
2015-07-06,9.25,9.4,9.15,9.22,7818992.0
2015-07-07,8.82,9.08,8.6,9.02,19157280.0
2015-07-08,9.01,9.11,8.87,8.9,10911576.0
2015-07-09,9.09,9.13,8.87,8.9,8504689.0
2015-07-10,9.4,9.42,9.11,9.16,10231650.0
2015-07-13,9.22,9.46,9.15,9.38,11595596.0
2015-07-14,9.31,9.31,9.16,9.22,10035880.0
2015-07-15,9.09,9.13,8.8,8.9,13067651.0
2015-07-16,9.07,9.09,8.86,8.94,7872471.0
2015-07-17,9.02,9.02,8.81,8.87,8260777.0
2015-07-20,8.89,8.91,8.8,8.84,6086935.0
2015-07-21,8.9,9.17,8.89,9.04,10161982.0
2015-07-22,8.79,8.88,8.7,8.79,9104245.0
2015-07-23,8.85,8.89,8.73,8.82,8196213.0
2015-07-24,8.73,8.73,8.45,8.57,6740156.0
2015-07-27,8.57,8.68,8.48,8.54,7922033.0
2015-07-28,8.78,9.0,8.69,8.96,9061254.0
2015-07-29,8.73,9.1,8.72,9.08,11705350.0
2015-07-30,8.89,8.91,8.74,8.87,9583243.0
2015-07-31,9.21,9.21,8.96,9.02,8538988.0
2015-08-03,8.81,8.96,8.76,8.94,9009442.0
2015-08-04,9.12,9.18,8.94,9.0,4936891.0
2015-08-05,9.4,9.53,9.28,9.35,8533927.0
2015-08-06,9.38,9.64,9.3,9.59,9334270.0
2015-08-07,9.34,9.6,9.3,9.42,7910379.0
2015-08-10,9.36,9.71,9.3,9.69,8423626.0
2015-08-11,9.28,9.33,9.14,9.24,10196428.0
2015-08-12,9.08,9.17,8.98,9.16,9883655.0
2015-08-13,8.92,8.94,8.81,8.88,8257372.0
2015-08-14,8.82,8.92,8.77,8.86,7908040.0
2015-08-17,8.82,8.87,8.74,8.83,4051954.0
2015-08-18,8.66,8.75,8.61,8.71,4355104.0
2015-08-19,8.55,8.62,8.41,8.53,6466199.0
2015-08-20,8.6,8.63,8.45,8.49,7805086.0
2015-08-21,8.42,8.44,8.23,8.26,8045322.0
2015-08-24,7.68,8.01,7.56,7.66,10874257.0
2015-08-25,8.05,8.05,7.61,7.62,12562987.0
2015-08-26,7.81,7.81,7.51,7.69,10555217.0
2015-08-27,7.7,8.1,7.7,8.06,16310098.0
2015-08-28,7.95,8.23,7.95,8.05,12213533.0
2015-08-31,7.74,7.93,7.65,7.88,9285709.0
2015-09-01,7.57,7.69,7.46,7.53,8722493.0
2015-09-02,7.73,7.73,7.43,7.61,5837449.0
2015-09-03,7.59,7.81,7.54,7.58,7445615.0
2015-09-04,7.31,7.38,7.18,7.22,7650711.0
2015-09-08,7.4,7.42,7.29,7.39,5870939.0
2015-09-09,7.56,7.58,7.27,7.3,5236423.0
2015-09-10,7.23,7.28,7.16,7.22,6261607.0
2015-09-11,7.18,7.21,7.11,7.16,5307244.0
2015-09-14,7.0,7.0,6.83,6.93,7346923.0
2015-09-15,6.94,7.07,6.91,7.03,6486599.0
2015-09-16,7.02,7.15,6.98,7.1,9403036.0
2015-09-17,7.04,7.19,6.97,7.05,7561155.0
2015-09-18,6.76,6.8,6.64,6.66,7974494.0
2015-09-21,6.61,6.64,6.41,6.42,11919766.0
2015-09-22,6.11,6.2,6.01,6.07,8314237.0
2015-09-23,6.11,6.13,5.82,5.84,8251160.0
2015-09-24,5.73,5.93,5.71,5.86,11229242.0
2015-09-25,5.82,5.84,5.54,5.58,10290736.0
2015-09-28,5.29,5.3,5.16,5.19,7013975.0
2015-09-29,5.31,5.32,5.22,5.28,6161444.0
2015-09-30,5.21,5.27,5.1,5.15,14842984.0
2015-10-01,5.19,5.22,4.96,5.04,7836522.0
2015-10-02,5.14,5.47,5.1,5.45,10121267.0
2015-10-05,5.67,5.82,5.66,5.8,8776718.0
2015-10-06,5.73,5.87,5.72,5.81,9099338.0
2015-10-07,6.5,6.61,6.16,6.25,20965569.0
2015-10-08,6.28,6.4,6.21,6.38,9242542.0
2015-10-09,6.8,6.94,6.65,6.71,19663871.0
2015-10-12,6.71,6.71,6.39,6.45,8467921.0
2015-10-13,6.25,6.48,6.21,6.36,5553531.0
2015-10-14,6.51,6.58,6.42,6.51,5163953.0
2015-10-15,6.39,6.53,6.39,6.49,7547237.0
2015-10-16,6.46,6.48,6.33,6.39,5496392.0
2015-10-19,6.27,6.29,6.1,6.13,8737105.0
2015-10-20,5.91,6.04,5.91,5.93,8316764.0
2015-10-21,5.96,5.97,5.82,5.89,7316406.0
2015-10-22,5.83,6.04,5.83,5.98,9819342.0
2015-10-23,6.03,6.05,5.91,6.01,10796737.0
2015-10-26,6.04,6.05,5.79,5.8,5709067.0
2015-10-27,5.6,5.68,5.54,5.59,10560316.0
2015-10-28,5.48,5.82,5.47,5.71,9984054.0
2015-10-29,5.45,5.54,5.41,5.45,7503595.0
2015-10-30,5.51,5.65,5.47,5.61,5094588.0
2015-11-02,5.65,5.87,5.64,5.84,4984342.0
2015-11-03,5.93,6.12,5.76,5.87,16463401.0
2015-11-04,5.82,5.83,5.59,5.64,8428835.0
2015-11-05,5.5,5.53,5.36,5.46,10454701.0
2015-11-06,5.29,5.47,5.21,5.43,11540857.0
2015-11-09,5.51,5.59,5.34,5.38,6786204.0
2015-11-10,5.31,5.31,5.15,5.23,12673968.0
2015-11-11,5.42,5.42,5.19,5.28,15116440.0
2015-11-12,4.98,5.05,4.79,4.84,18250101.0
2015-11-13,4.88,4.95,4.78,4.84,9048833.0
2015-11-16,4.89,4.94,4.76,4.88,8408213.0
2015-11-17,4.91,4.92,4.75,4.85,14363803.0
2015-11-18,5.08,5.17,5.02,5.14,8243727.0
2015-11-19,5.17,5.31,5.16,5.26,6744017.0
2015-11-20,5.33,5.33,5.03,5.05,6695066.0
2015-11-23,4.88,4.92,4.78,4.81,8462678.0
2015-11-24,4.82,4.94,4.8,4.92,7741962.0
2015-11-25,4.65,4.8,4.62,4.74,9029980.0
2015-11-27,4.87,4.88,4.77,4.77,3927355.0
2015-11-30,4.85,4.9,4.79,4.86,4195344.0
2015-12-01,4.84,4.91,4.82,4.89,7080871.0
2015-12-02,4.47,4.53,4.38,4.42,16864589.0
2015-12-03,4.54,4.55,4.36,4.39,3344815.0
2015-12-04,4.35,4.38,4.29,4.37,13074376.0
2015-12-07,4.15,4.19,4.12,4.17,10386405.0
2015-12-08,3.91,3.98,3.87,3.93,19036001.0
2015-12-09,3.95,4.17,3.94,4.01,17918950.0
2015-12-10,4.02,4.24,4.0,4.17,13649969.0
2015-12-11,3.99,4.01,3.91,3.93,15132103.0
2015-12-14,3.81,3.86,3.72,3.74,12934564.0
2015-12-15,3.85,3.94,3.85,3.9,5707197.0
2015-12-16,3.86,3.94,3.81,3.9,7107708.0
2015-12-17,3.89,3.9,3.71,3.73,10481120.0
2015-12-18,3.8,3.88,3.77,3.85,5307553.0
2015-12-21,3.91,3.96,3.84,3.88,4106635.0
2015-12-22,3.99,4.19,3.97,4.16,8716397.0
2015-12-23,4.58,4.72,4.36,4.53,14227979.0
2015-12-24,4.5,4.62,4.5,4.61,2352764.0
2015-12-28,4.4,4.45,4.26,4.31,7960078.0
2015-12-29,4.28,4.3,4.15,4.2,6382014.0
2015-12-30,4.31,4.35,4.25,4.3,7540024.0
2015-12-31,4.24,4.27,4.18,4.22,2477912.0
2016-01-04,4.05,4.1,3.98,4.04,7507728.0
2016-01-05,4.23,4.27,4.12,4.26,5087448.0
2016-01-06,3.95,4.0,3.89,3.91,5161456.0
2016-01-07,3.71,3.81,3.65,3.73,12793929.0
2016-01-08,3.78,3.81,3.44,3.44,22565799.0
2016-01-11,3.75,3.76,3.52,3.54,22233105.0
2016-01-12,3.66,3.67,3.39,3.46,16463990.0
2016-01-13,3.52,3.53,3.27,3.28,9516639.0
2016-01-14,3.38,3.66,3.31,3.62,11708547.0
2016-01-15,3.31,3.4,3.29,3.39,7225352.0
2016-01-19,3.66,3.67,3.49,3.54,10112933.0
2016-01-20,3.34,3.51,3.25,3.41,15123624.0
2016-01-21,3.43,3.67,3.41,3.55,10893009.0
2016-01-22,3.69,3.77,3.48,3.57,14284113.0
2016-01-25,3.6,3.64,3.51,3.54,10427196.0
2016-01-26,3.71,3.95,3.65,3.94,13506950.0
2016-01-27,3.82,3.94,3.74,3.8,9239140.0
2016-01-28,4.12,4.15,3.91,4.01,11840996.0
2016-01-29,3.78,3.85,3.7,3.82,9202589.0
2016-02-01,3.68,3.78,3.59,3.73,6404595.0
2016-02-02,3.51,3.53,3.45,3.49,5891388.0
2016-02-03,3.63,3.78,3.49,3.76,7749719.0
2016-02-04,3.89,4.16,3.89,4.13,16363381.0
2016-02-05,3.81,3.92,3.71,3.73,28369944.0
2016-02-08,3.53,3.64,3.49,3.52,7752307.0
2016-02-09,3.26,3.29,3.16,3.23,9261589.0
2016-02-10,3.08,3.21,3.05,3.1,13601158.0
2016-02-11,3.0,3.05,2.93,3.02,9681991.0
2016-02-12,3.08,3.19,3.03,3.15,8309016.0
2016-02-16,3.29,3.35,3.17,3.32,6197989.0
2016-02-17,3.43,3.67,3.43,3.65,8860801.0
2016-02-18,3.63,3.65,3.49,3.55,6926572.0
2016-02-19,3.53,3.54,3.47,3.53,6335439.0
2016-02-22,3.7,3.81,3.69,3.78,5964951.0
2016-02-23,3.68,3.71,3.53,3.56,5001645.0
2016-02-24,3.41,3.57,3.34,3.56,4826853.0
2016-02-25,3.47,3.52,3.36,3.44,5199197.0
2016-02-26,3.57,3.61,3.5,3.53,4159892.0
2016-02-29,3.69,3.85,3.65,3.8,6589696.0
2016-03-01,4.13,4.19,4.04,4.14,8834325.0
2016-03-02,4.28,4.79,4.27,4.78,16109622.0
2016-03-03,4.61,4.74,4.52,4.74,15296871.0
2016-03-04,4.88,5.12,4.63,4.85,25892209.0
2016-03-07,5.01,5.15,4.97,5.14,16820412.0
2016-03-08,4.86,4.9,4.63,4.67,12147650.0
2016-03-09,4.66,4.71,4.45,4.6,13247579.0
2016-03-10,4.69,5.2,4.63,5.1,19759249.0
2016-03-11,5.01,5.29,5.01,5.25,25928075.0
2016-03-14,4.16,4.35,4.11,4.24,16666121.0
2016-03-15,4.03,4.1,3.97,4.08,14587282.0
2016-03-16,4.03,4.29,3.99,4.26,10204273.0
2016-03-17,4.42,4.59,4.31,4.57,20502256.0
2016-03-18,4.58,4.63,4.51,4.56,12993755.0
2016-03-21,4.43,4.49,4.33,4.39,12260506.0
2016-03-22,4.19,4.31,4.17,4.25,11770404.0
2016-03-23,4.14,4.24,4.12,4.17,19388283.0
2016-03-24,3.89,4.31,3.88,4.26,31270934.0
2016-03-28,4.24,4.34,4.15,4.26,8806192.0
2016-03-29,4.18,4.36,4.15,4.36,11392821.0
2016-03-30,4.39,4.45,4.34,4.43,13847749.0
2016-03-31,4.52,4.64,4.49,4.58,13756191.0
2016-04-01,4.69,4.88,4.68,4.8,11527699.0
2016-04-04,4.84,4.91,4.66,4.69,12762314.0
2016-04-05,4.39,4.6,4.37,4.54,14105439.0
2016-04-06,4.47,4.66,4.42,4.61,14553129.0
2016-04-07,4.51,4.59,4.49,4.49,11731463.0
2016-04-08,4.59,4.69,4.55,4.67,12276344.0
2016-04-11,4.84,5.1,4.82,5.03,22896017.0
2016-04-12,5.14,5.27,4.98,5.19,25015268.0
2016-04-13,5.53,5.7,5.5,5.53,39038182.0
2016-04-14,5.59,5.85,5.39,5.76,25121033.0
2016-04-15,5.55,5.66,5.5,5.58,14490782.0
2016-04-18,5.5,5.78,5.48,5.69,21859419.0
2016-04-19,5.8,5.99,5.74,5.87,27647418.0
2016-04-20,6.08,6.14,5.93,6.02,16515910.0
2016-04-21,5.99,6.01,5.69,5.72,26773700.0
2016-04-22,5.65,5.83,5.62,5.68,20317189.0
2016-04-25,5.6,5.63,5.36,5.41,14267861.0
2016-04-26,5.57,5.6,5.34,5.59,17712192.0
2016-04-27,5.32,5.57,5.31,5.53,18435428.0
2016-04-28,5.6,5.87,5.58,5.63,14090872.0
2016-04-29,5.75,5.94,5.57,5.63,15106173.0
2016-05-02,5.62,5.73,5.45,5.73,18600878.0
2016-05-03,5.47,5.48,5.26,5.42,15766894.0
2016-05-04,5.4,5.6,5.37,5.48,16248346.0
2016-05-05,5.33,5.46,5.22,5.31,18213682.0
2016-05-06,5.17,5.43,5.17,5.26,23758375.0
2016-05-09,5.0,5.0,4.61,4.76,35452853.0
2016-05-10,4.78,5.02,4.71,4.95,21795966.0
2016-05-11,4.92,5.07,4.89,4.93,11783646.0
2016-05-12,4.94,4.97,4.65,4.73,19022755.0
2016-05-13,4.66,4.69,4.54,4.59,18584707.0
2016-05-16,4.71,4.87,4.66,4.69,12695083.0
2016-05-17,4.68,4.83,4.59,4.75,15606500.0
2016-05-18,4.69,4.8,4.45,4.52,16350590.0
2016-05-19,4.41,4.51,4.33,4.49,19179646.0
2016-05-20,4.52,4.57,4.37,4.4,13734798.0
2016-05-23,4.27,4.37,4.25,4.33,17944662.0
2016-05-24,4.41,4.44,4.35,4.35,14154714.0
2016-05-25,4.43,4.55,4.41,4.53,8004675.0
2016-05-26,4.97,5.0,4.8,4.87,21790170.0
2016-05-27,4.87,4.87,4.67,4.72,12294718.0
2016-05-31,4.88,4.99,4.83,4.86,16578579.0
2016-06-01,4.77,4.86,4.7,4.85,12564718.0
2016-06-02,4.97,5.09,4.93,5.09,14051776.0
2016-06-03,5.21,5.27,5.16,5.26,18926825.0
2016-06-06,5.3,5.41,5.28,5.39,16033674.0
2016-06-07,5.38,5.44,5.3,5.37,19750457.0
2016-06-08,5.54,5.63,5.51,5.62,20948728.0
2016-06-09,5.43,5.46,5.3,5.41,12546397.0
2016-06-10,5.34,5.39,5.23,5.29,13261204.0
2016-06-13,5.04,5.22,5.03,5.12,10887925.0
2016-06-14,5.04,5.11,4.83,4.9,16170309.0
2016-06-15,4.99,5.16,4.99,5.02,17675287.0
2016-06-16,4.98,5.04,4.84,5.02,8636522.0
2016-06-17,5.15,5.27,5.07,5.08,21424518.0
2016-06-20,5.32,5.41,5.26,5.29,9354218.0
2016-06-21,5.29,5.3,5.05,5.09,16784518.0
2016-06-22,5.15,5.16,5.01,5.06,9879355.0
2016-06-23,5.4,5.44,5.27,5.38,17798444.0
2016-06-24,4.57,4.74,4.48,4.53,27188521.0
2016-06-27,4.5,4.54,4.49,4.5,1513366.0
2016-06-28,4.36,4.5,4.35,4.5,26196632.0
2016-06-29,4.58,4.64,4.53,4.54,12278612.0
2016-06-30,4.55,4.66,4.49,4.66,17752488.0
2016-07-01,4.8,4.93,4.77,4.86,12720245.0
2016-07-05,4.89,4.91,4.68,4.72,7928018.0
2016-07-06,4.55,4.69,4.51,4.69,7416454.0
2016-07-07,4.75,4.81,4.6,4.66,7390395.0
2016-07-08,4.85,4.99,4.8,4.99,11103463.0
2016-07-11,5.18,5.3,5.15,5.27,19666908.0
2016-07-12,5.54,5.66,5.54,5.62,32967660.0
2016-07-13,5.8,5.82,5.47,5.6,25584250.0
2016-07-14,5.76,5.78,5.66,5.71,11844708.0
2016-07-15,5.66,5.7,5.59,5.64,8528956.0
2016-07-18,5.7,5.79,5.59,5.78,10895606.0
2016-07-19,5.59,5.61,5.42,5.45,8621324.0
2016-07-20,5.4,5.49,5.33,5.43,17056972.0
2016-07-21,5.57,5.66,5.5,5.54,10573918.0
2016-07-22,5.63,5.72,5.57,5.71,10742197.0
2016-07-25,5.79,5.81,5.69,5.73,9292282.0
2016-07-26,5.75,6.09,5.75,6.08,23503435.0
2016-07-27,6.13,6.17,5.85,6.02,23865074.0
2016-07-28,6.12,6.17,5.98,6.15,31892505.0
2016-07-29,6.45,6.55,6.3,6.52,30619976.0
2016-08-01,6.41,6.46,6.31,6.37,15950613.0
2016-08-02,6.21,6.27,6.03,6.11,17954342.0
2016-08-03,6.15,6.22,6.06,6.22,13131900.0
2016-08-04,6.24,6.38,6.18,6.34,12435000.0
2016-08-05,6.35,6.47,6.29,6.46,11784551.0
2016-08-08,6.51,6.59,6.46,6.46,15953818.0
2016-08-09,6.55,6.58,6.41,6.41,19875202.0
2016-08-10,6.5,6.54,6.25,6.29,22953598.0
2016-08-11,6.38,6.4,6.2,6.31,24559511.0
2016-08-12,6.31,6.34,5.98,6.02,28413445.0
2016-08-15,6.16,6.32,6.15,6.28,9964867.0
2016-08-16,6.48,6.56,6.38,6.4,16880308.0
2016-08-17,6.32,6.36,6.23,6.34,11804805.0
2016-08-18,6.44,6.58,6.34,6.55,17310593.0
2016-08-19,6.43,6.47,6.34,6.36,12196305.0
2016-08-22,6.29,6.34,6.23,6.3,6992973.0
2016-08-23,6.4,6.48,6.33,6.33,12478692.0
2016-08-24,6.32,6.33,6.14,6.14,16636777.0
2016-08-25,6.15,6.27,6.14,6.21,9522608.0
2016-08-26,6.26,6.44,6.02,6.08,24770277.0
2016-08-29,6.14,6.23,6.12,6.19,13292501.0
2016-08-30,6.18,6.19,5.95,5.96,19592751.0
2016-08-31,5.87,5.91,5.79,5.85,18219146.0
2016-09-01,5.89,5.97,5.82,5.97,9712193.0
2016-09-02,6.11,6.15,5.97,6.04,23668589.0
2016-09-06,6.21,6.32,6.12,6.31,24719363.0
2016-09-07,6.29,6.36,6.25,6.31,10868973.0
2016-09-08,6.27,6.31,6.14,6.15,19350945.0
2016-09-09,6.07,6.08,5.8,5.85,25758940.0
2016-09-12,5.73,6.06,5.7,6.01,20750391.0
2016-09-13,5.78,5.79,5.47,5.54,31513856.0
2016-09-14,5.55,5.65,5.48,5.51,36944414.0
2016-09-15,5.54,5.66,5.49,5.61,19070642.0
2016-09-16,5.47,5.49,5.38,5.43,18369433.0
2016-09-19,5.59,5.67,5.55,5.58,17973929.0
2016-09-20,5.52,5.54,5.42,5.45,16112535.0
2016-09-21,5.55,5.77,5.55,5.75,18135444.0
2016-09-22,5.99,6.05,5.94,5.95,23709143.0
2016-09-23,6.03,6.15,6.01,6.06,16724071.0
2016-09-26,6.01,6.13,5.98,6.06,15789902.0
2016-09-27,5.89,6.04,5.86,6.03,10660917.0
2016-09-28,6.06,6.29,6.01,6.28,19428182.0
2016-09-29,6.2,6.27,5.91,6.04,31770162.0
2016-09-30,6.1,6.13,6.03,6.04,13829653.0
2016-10-03,6.11,6.16,6.02,6.09,10770386.0
2016-10-04,6.19,6.2,5.95,5.99,17144438.0
2016-10-05,6.13,6.2,6.08,6.14,10364499.0
2016-10-06,6.17,6.21,6.12,6.13,6910551.0
2016-10-07,6.41,6.42,6.16,6.29,16213597.0
2016-10-10,6.4,6.5,6.4,6.42,12900942.0
2016-10-11,6.41,6.5,6.2,6.27,18112669.0
2016-10-12,6.24,6.38,6.21,6.32,11407757.0
2016-10-13,6.14,6.21,6.08,6.15,15837219.0
2016-10-14,6.29,6.35,6.17,6.21,10017769.0
2016-10-17,6.23,6.34,6.21,6.25,15434447.0
2016-10-18,6.39,6.41,6.27,6.36,8888091.0
2016-10-19,6.43,6.5,6.39,6.48,9198069.0
2016-10-20,6.32,6.56,6.27,6.53,17420354.0
2016-10-21,6.54,6.78,6.53,6.68,23140217.0
2016-10-24,6.85,6.85,6.68,6.77,12238040.0
2016-10-25,6.83,6.9,6.71,6.72,15402542.0
2016-10-26,6.73,6.79,6.68,6.73,10089237.0
2016-10-27,6.75,6.75,6.63,6.64,11083526.0
2016-10-28,6.64,6.69,6.46,6.57,13570585.0
2016-10-31,6.67,6.76,6.63,6.73,20530734.0
2016-11-01,6.77,6.79,6.55,6.65,20411710.0
2016-11-02,6.54,6.67,6.52,6.53,19418594.0
2016-11-03,6.58,6.78,6.58,6.66,14343925.0
2016-11-04,6.53,6.63,6.5,6.53,17593768.0
2016-11-07,6.78,6.86,6.73,6.82,10507565.0
2016-11-08,6.36,6.51,6.28,6.38,59017646.0
2016-11-09,6.82,7.11,6.81,6.96,28338984.0
2016-11-10,7.2,7.32,6.95,7.1,19631581.0
2016-11-11,6.99,7.05,6.77,7.03,28489448.0
2016-11-14,7.08,7.29,7.07,7.26,24746599.0
2016-11-15,7.12,7.25,7.1,7.25,16628253.0
2016-11-16,7.13,7.18,7.07,7.17,11736373.0
2016-11-17,7.18,7.18,7.07,7.14,18892225.0
2016-11-18,7.06,7.09,6.9,7.0,12718433.0
2016-11-21,7.04,7.1,6.99,7.06,11531376.0
2016-11-22,7.45,7.69,7.41,7.65,24994166.0
2016-11-23,7.43,7.6,7.39,7.56,16795378.0
2016-11-25,7.64,7.68,7.56,7.61,7605525.0
2016-11-28,7.5,7.57,7.44,7.56,20058940.0
2016-11-29,7.44,7.51,7.37,7.47,30272126.0
2016-11-30,7.57,7.65,7.52,7.57,32986715.0
2016-12-01,7.73,7.8,7.64,7.67,15960953.0
2016-12-02,7.67,7.85,7.64,7.82,18061802.0
2016-12-05,8.02,8.17,8.01,8.16,17539855.0
2016-12-06,8.03,8.35,8.03,8.34,28510630.0
2016-12-07,8.37,8.78,8.37,8.65,41605660.0
2016-12-08,8.75,8.83,8.55,8.62,36778567.0
2016-12-09,8.39,8.4,8.04,8.07,26473432.0
2016-12-12,8.28,8.29,8.1,8.13,21800526.0
2016-12-13,8.13,8.16,7.88,7.99,22536968.0
2016-12-14,8.0,8.18,7.91,7.93,21276629.0
2016-12-15,7.76,7.91,7.63,7.9,23335184.0
2016-12-16,7.78,7.9,7.66,7.66,18742912.0
2016-12-19,7.46,7.48,7.32,7.4,21585545.0
2016-12-20,7.51,7.65,7.48,7.58,14775736.0
2016-12-21,7.63,7.67,7.54,7.59,9928340.0
2016-12-22,7.52,7.56,7.32,7.38,13494428.0
2016-12-23,7.37,7.42,7.33,7.35,8858161.0
2016-12-27,7.39,7.42,7.34,7.37,9261320.0
2016-12-28,7.53,7.58,7.36,7.36,12511164.0
2016-12-29,7.4,7.41,7.3,7.35,15366111.0
2016-12-30,7.44,7.49,7.25,7.3,12494426.0
2017-01-03,7.39,7.51,7.37,7.51,11832393.0
2017-01-04,7.39,7.68,7.38,7.65,18055122.0
2017-01-05,7.78,7.86,7.72,7.78,14095961.0
2017-01-06,7.72,7.75,7.58,7.61,11032971.0
2017-01-09,7.58,7.64,7.49,7.51,12004384.0
2017-01-10,7.91,8.1,7.88,8.1,22108417.0
2017-01-11,8.13,8.25,8.06,8.24,13242927.0
2017-01-12,8.09,8.15,7.89,7.9,15917827.0
2017-01-13,7.96,8.11,7.93,8.04,10719158.0
2017-01-17,8.06,8.13,8.03,8.13,12940929.0
2017-01-18,8.09,8.3,8.07,8.23,19413014.0
2017-01-19,8.21,8.25,8.0,8.09,14941073.0
2017-01-20,8.23,8.27,8.14,8.19,9347198.0
2017-01-23,8.21,8.25,8.12,8.23,8673974.0
2017-01-24,8.29,8.4,8.23,8.3,27526181.0
2017-01-25,8.27,8.28,8.04,8.18,20308863.0
2017-01-26,8.11,8.24,8.0,8.1,14470332.0
2017-01-27,8.12,8.2,8.09,8.12,11154661.0
2017-01-30,7.97,7.97,7.85,7.96,11199829.0
2017-01-31,7.92,7.96,7.7,7.79,14075287.0
2017-02-01,8.1,8.16,7.79,7.9,21961726.0
2017-02-02,8.16,8.17,8.05,8.08,26569626.0
2017-02-03,7.98,8.0,7.89,7.92,12870666.0
2017-02-06,7.84,7.88,7.81,7.87,10532099.0
2017-02-07,7.89,7.92,7.8,7.83,8602782.0
2017-02-08,7.7,7.92,7.67,7.87,13909930.0
2017-02-09,7.85,8.25,7.83,8.24,36480856.0
2017-02-10,8.59,8.84,8.58,8.76,32841027.0
2017-02-13,9.19,9.29,9.13,9.22,20617968.0
2017-02-14,9.12,9.17,8.95,9.16,19190882.0
2017-02-15,9.11,9.29,9.11,9.2,12125403.0
2017-02-16,9.24,9.27,9.17,9.22,11169146.0
2017-02-17,9.11,9.15,9.04,9.11,12503159.0
2017-02-21,9.26,9.33,9.24,9.29,9387256.0
2017-02-22,9.08,9.15,9.04,9.11,9853844.0
2017-02-23,9.33,9.37,8.74,8.74,25322733.0
2017-02-24,8.62,8.88,8.58,8.64,22008877.0
2017-02-27,8.77,8.97,8.71,8.85,12829209.0
2017-02-28,8.82,8.91,8.75,8.78,11751791.0
2017-03-01,9.13,9.32,9.13,9.23,16240749.0
2017-03-02,9.11,9.13,8.85,8.87,14425853.0
2017-03-03,8.95,9.03,8.77,8.9,17624593.0
2017-03-06,8.8,8.8,8.68,8.74,14733036.0
2017-03-07,8.71,8.74,8.56,8.57,9147804.0
2017-03-08,8.66,8.72,8.48,8.49,13518396.0
2017-03-09,8.46,8.59,8.33,8.41,19719774.0
2017-03-10,8.58,8.6,8.28,8.37,20537463.0
2017-03-13,8.65,8.85,8.63,8.85,17464853.0
2017-03-14,8.64,8.76,8.55,8.68,14899767.0
2017-03-15,8.83,9.23,8.78,9.19,16776571.0
2017-03-16,9.21,9.25,9.08,9.12,15637656.0
2017-03-17,9.16,9.2,9.03,9.03,11331392.0
2017-03-20,9.06,9.13,9.02,9.07,8374607.0
2017-03-21,9.11,9.12,8.56,8.57,30068774.0
2017-03-22,8.74,8.82,8.64,8.81,15952020.0
2017-03-23,8.81,8.83,8.58,8.61,16372469.0
2017-03-24,8.64,8.66,8.24,8.29,39603188.0
2017-03-27,8.21,8.35,8.08,8.26,48243391.0
2017-03-28,8.27,8.42,8.23,8.34,16435959.0
2017-03-29,8.39,8.43,8.29,8.34,11523028.0
2017-03-30,8.41,8.53,8.38,8.4,15610236.0
2017-03-31,8.38,8.44,8.33,8.35,16411390.0
2017-04-03,8.42,8.45,8.14,8.28,20488290.0
2017-04-04,8.25,8.38,8.2,8.32,12480166.0
2017-04-05,8.45,8.51,8.16,8.19,17928104.0
2017-04-06,8.28,8.33,8.16,8.24,22545784.0
2017-04-07,8.08,8.37,8.07,8.17,20865525.0
2017-04-10,8.16,8.18,7.99,8.08,15113218.0
2017-04-11,8.07,8.1,7.8,8.04,18752231.0
2017-04-12,7.71,7.77,7.45,7.49,22442369.0
2017-04-13,7.5,7.61,7.33,7.35,19129048.0
2017-04-17,7.4,7.41,7.28,7.35,23513018.0
2017-04-18,7.1,7.27,7.0,7.13,26051708.0
2017-04-19,7.37,7.4,7.26,7.27,24185547.0
2017-04-20,7.52,7.61,7.5,7.57,22618176.0
2017-04-21,7.72,7.75,7.58,7.69,37118654.0
2017-04-24,7.99,8.01,7.92,7.93,19526445.0
2017-04-25,8.09,8.16,7.91,8.02,27248345.0
2017-04-26,7.73,8.03,7.73,7.92,22537341.0
2017-04-27,7.75,7.79,7.61,7.75,16399668.0
2017-04-28,7.88,7.97,7.8,7.8,11120957.0
2017-05-01,7.83,7.99,7.74,7.88,7164201.0
2017-05-02,7.78,7.9,7.73,7.9,11587650.0
2017-05-03,7.68,7.71,7.53,7.57,17499144.0
2017-05-04,7.5,7.61,7.43,7.58,12309502.0
2017-05-05,7.78,7.94,7.74,7.92,20685678.0
2017-05-08,7.71,7.82,7.67,7.74,13724173.0
2017-05-09,7.79,7.84,7.74,7.76,8941151.0
2017-05-10,7.74,7.94,7.68,7.89,23055534.0
2017-05-11,7.83,7.88,7.73,7.77,20709590.0
2017-05-12,7.38,7.42,7.15,7.27,36097305.0
2017-05-15,7.42,7.54,7.36,7.5,13663234.0
2017-05-16,7.52,7.71,7.52,7.67,16148439.0
2017-05-17,7.54,7.58,7.35,7.39,13913333.0
2017-05-18,7.16,7.34,7.13,7.26,16038169.0
2017-05-19,7.36,7.66,7.33,7.54,16037039.0
2017-05-22,22.72,22.8,22.56,22.69,6364542.0
2017-05-23,22.43,23.12,22.18,22.89,12187562.0
2017-05-24,22.54,22.83,22.26,22.3,10594431.0
2017-05-25,21.93,22.3,21.76,21.92,10026438.0
2017-05-26,22.09,22.42,22.02,22.26,6957512.0
2017-05-30,22.14,22.52,22.02,22.35,5634326.0
2017-05-31,22.03,22.05,21.57,21.84,7879632.0
2017-06-01,21.84,21.99,21.72,21.91,8102095.0
2017-06-02,21.39,21.43,20.95,21.12,8559203.0
2017-06-05,21.14,21.3,20.95,21.19,6181772.0
2017-06-06,20.47,20.82,20.46,20.82,12409265.0
2017-06-07,20.92,21.11,20.57,20.79,7162376.0
2017-06-08,20.57,21.55,20.56,21.36,10557886.0
2017-06-09,21.29,21.45,21.11,21.22,6078543.0
2017-06-12,21.09,21.3,20.95,21.06,7074328.0
2017-06-13,21.12,21.32,21.04,21.12,6835613.0
2017-06-14,21.41,21.51,20.59,20.85,7824722.0
2017-06-15,20.3,20.5,19.83,20.11,8655303.0
2017-06-16,19.87,20.12,19.83,20.12,7267157.0
2017-06-19,20.43,20.75,20.34,20.41,11237527.0
2017-06-20,20.04,20.12,19.59,19.88,9187970.0
2017-06-21,20.2,20.46,20.05,20.18,7673529.0
2017-06-22,20.3,21.05,20.29,20.89,13553189.0
2017-06-23,20.99,21.36,20.83,21.21,9224476.0
2017-06-26,21.35,21.52,21.05,21.41,8903537.0
2017-06-27,21.92,22.21,21.87,21.87,11944192.0
2017-06-28,22.31,22.8,22.28,22.59,7836364.0
2017-06-29,22.72,22.8,22.19,22.35,6780547.0
2017-06-30,22.75,22.94,22.63,22.73,8611017.0
2017-07-03,23.29,23.47,23.23,23.29,3357062.0
2017-07-05,23.51,23.54,22.98,23.12,8919103.0
2017-07-06,23.21,23.37,22.98,23.08,6274287.0
2017-07-07,23.28,23.3,22.58,23.05,8686380.0
2017-07-10,22.92,23.58,22.85,23.44,6561636.0
2017-07-11,23.91,24.32,23.77,24.27,3842887.0
2017-07-12,24.34,24.64,24.09,24.55,4271782.0
2017-07-13,24.78,25.13,24.35,25.06,3999175.0
2017-07-14,25.22,25.29,25.0,25.02,1942007.0
2017-07-17,25.31,25.6,25.25,25.45,2159488.0
2017-07-18,25.33,25.61,25.2,25.59,8064460.0
2017-07-19,25.94,26.26,25.85,26.1,13435096.0
2017-07-20,25.85,25.97,25.55,25.68,5644555.0
2017-07-21,25.52,25.64,25.08,25.22,1973742.0
2017-07-24,25.37,25.59,25.29,25.57,2162081.0
2017-07-25,25.9,26.37,25.89,26.11,3081628.0
2017-07-26,26.05,26.05,25.51,25.72,4400881.0
2017-07-27,26.22,26.27,25.45,25.88,6954242.0
2017-07-28,25.77,25.97,25.61,25.7,2255469.0
2017-07-31,26.07,26.26,25.99,26.16,5854552.0
2017-08-01,26.24,26.28,25.87,25.87,1860975.0
2017-08-02,25.53,25.6,25.13,25.42,1771494.0
2017-08-03,25.45,25.8,25.36,25.52,1844323.0
2017-08-04,26.05,26.2,25.83,26.04,1541518.0
2017-08-07,27.07,27.48,27.03,27.36,3114377.0
2017-08-08,27.12,27.4,26.98,27.04,2615500.0
2017-08-09,26.97,27.08,26.8,26.92,3422778.0
2017-08-10,26.78,26.95,26.56,26.6,5048488.0
2017-08-11,26.07,26.2,25.72,25.8,5047026.0
2017-08-14,25.95,26.07,25.55,25.6,4347906.0
2017-08-15,25.64,25.73,25.51,25.63,3805825.0
2017-08-16,26.13,26.45,26.11,26.38,5553951.0
2017-08-17,25.99,26.07,25.43,25.44,3613325.0
2017-08-18,25.86,26.19,25.71,25.97,4117322.0
2017-08-21,26.25,26.27,25.95,25.97,2813494.0
2017-08-22,26.13,26.27,26.11,26.13,2938404.0
2017-08-23,25.82,26.41,25.81,26.34,2605108.0
2017-08-24,26.17,26.35,26.05,26.16,1780010.0
2017-08-25,26.66,26.67,26.44,26.54,2909303.0
2017-08-28,26.49,26.65,26.45,26.54,2657784.0
2017-08-29,25.89,26.51,25.83,26.39,3792201.0
2017-08-30,26.31,26.8,26.27,26.68,5036066.0
2017-08-31,26.87,27.01,26.58,26.69,5484866.0
2017-09-01,27.33,27.44,27.2,27.35,3354085.0
2017-09-05,27.14,27.35,26.43,26.63,5780567.0
2017-09-06,26.87,26.98,26.77,26.82,2725984.0
2017-09-07,26.98,27.25,26.81,27.25,5819211.0
2017-09-08,27.38,27.42,26.61,26.84,5117146.0
2017-09-11,27.07,27.37,27.06,27.2,4746314.0
2017-09-12,27.5,27.61,27.24,27.42,5376940.0
2017-09-13,27.37,27.41,27.18,27.23,3129416.0
2017-09-14,26.85,27.05,26.75,26.99,3562554.0
2017-09-15,26.91,27.0,26.7,26.74,4671301.0
2017-09-18,27.06,27.2,26.97,27.11,2727855.0
2017-09-19,26.88,26.95,26.61,26.91,3361628.0
2017-09-20,27.06,27.23,26.59,26.85,4215519.0
2017-09-21,26.45,26.46,25.92,25.99,4756461.0
2017-09-22,25.7,25.96,25.52,25.59,6195722.0
2017-09-25,25.36,25.39,24.74,24.94,6607282.0
2017-09-26,25.09,25.18,24.92,24.94,2695821.0
2017-09-27,25.0,25.42,24.85,25.32,5756054.0
2017-09-28,25.4,25.55,25.19,25.48,3881595.0
2017-09-29,25.68,25.79,25.6,25.76,1986055.0
2017-10-02,25.96,26.44,25.91,26.33,3698170.0
2017-10-03,26.49,26.72,26.4,26.68,5200427.0
2017-10-04,26.61,26.74,26.5,26.5,2507617.0
2017-10-05,26.87,26.91,26.6,26.67,2778794.0
2017-10-06,26.67,26.75,26.52,26.71,2898645.0
2017-10-09,26.62,26.67,26.22,26.27,2959929.0
2017-10-10,26.23,26.33,26.12,26.18,3141527.0
2017-10-11,26.37,26.51,26.27,26.47,2842001.0
2017-10-12,26.68,27.37,26.64,27.08,3843659.0
2017-10-13,28.67,29.45,28.63,29.35,10196208.0
2017-10-16,29.62,29.67,28.89,28.99,3906402.0
2017-10-17,28.86,28.91,28.55,28.86,3789420.0
2017-10-18,28.99,29.08,28.66,29.0,3624223.0
2017-10-19,28.66,29.35,28.6,29.34,3409323.0
2017-10-20,29.9,29.97,29.47,29.84,3147272.0
2017-10-23,30.02,30.32,30.0,30.09,7168449.0
2017-10-24,29.94,30.5,29.92,30.43,3756300.0
2017-10-25,30.04,30.24,29.89,30.06,3474888.0
2017-10-26,29.86,29.91,29.39,29.4,3997957.0
2017-10-27,28.79,29.55,28.73,29.13,4007973.0
2017-10-30,29.2,29.34,28.88,28.91,2701673.0
2017-10-31,28.97,29.02,28.28,28.6,6343125.0
2017-11-01,29.55,29.74,29.18,29.43,6402608.0
2017-11-02,29.5,29.74,29.46,29.53,2288616.0
2017-11-03,29.39,29.59,29.13,29.42,3546101.0
2017-11-06,29.62,29.8,29.4,29.73,2474009.0
2017-11-07,29.52,29.57,29.19,29.28,2494233.0
2017-11-08,29.16,29.25,28.93,29.0,5860379.0
2017-11-09,28.35,28.49,27.91,28.15,8292130.0
2017-11-10,29.61,29.93,29.04,29.14,7522721.0
2017-11-13,28.75,29.18,28.71,29.02,3973635.0
2017-11-14,28.83,28.84,27.61,27.66,5622637.0
2017-11-15,27.39,28.04,27.17,27.92,3984175.0
2017-11-16,28.2,28.21,27.84,28.09,2459117.0
2017-11-17,27.72,28.06,27.62,28.0,2224417.0
2017-11-20,27.95,28.4,27.89,28.3,3582118.0
2017-11-21,28.6,28.93,28.59,28.93,3525713.0
2017-11-22,29.09,29.42,29.09,29.19,4504391.0
2017-11-24,29.56,29.78,29.43,29.56,1384766.0
2017-11-27,29.6,29.7,29.41,29.63,2295244.0
2017-11-28,29.73,29.98,29.6,29.94,2600480.0
2017-11-29,30.36,30.72,30.23,30.4,5533454.0
2017-11-30,30.44,30.57,30.2,30.25,3400261.0
2017-12-01,30.6,30.88,30.29,30.49,3661788.0
2017-12-04,30.98,31.28,30.87,31.13,3565716.0
2017-12-05,30.26,30.52,30.21,30.24,2532581.0
2017-12-06,30.58,30.98,30.58,30.73,3312641.0
2017-12-07,30.81,31.1,30.76,31.04,1988060.0
2017-12-08,31.19,31.34,30.99,31.31,3402055.0
2017-12-11,31.63,31.81,31.57,31.68,5731813.0
2017-12-12,31.56,31.76,31.55,31.73,3742486.0
2017-12-13,31.65,31.98,31.56,31.89,3861337.0
2017-12-14,31.53,31.86,31.08,31.08,2042140.0
2017-12-15,30.91,30.98,30.61,30.64,2688235.0
2017-12-18,31.43,31.78,31.31,31.65,2684724.0
2017-12-19,31.79,31.91,31.67,31.89,3368003.0
2017-12-20,32.0,32.3,31.76,32.16,4772386.0
2017-12-21,32.5,32.92,32.49,32.79,3998105.0
2017-12-22,32.5,32.75,32.42,32.72,3436852.0
2017-12-26,32.65,33.01,32.56,32.96,1091479.0
2017-12-27,32.86,32.99,32.68,32.78,1432781.0
2017-12-28,32.77,32.87,32.5,32.75,2188003.0
2017-12-29,32.7,32.72,32.31,32.31,2047471.0
2018-01-02,33.14,34.08,33.11,34.08,2829184.0
2018-01-03,34.64,35.0,34.38,34.91,5891413.0
2018-01-04,34.69,34.87,34.5,34.56,2845732.0
2018-01-05,34.19,34.53,34.11,34.53,2534670.0
2018-01-08,34.76,35.23,34.75,35.2,2789300.0
2018-01-09,35.47,35.61,35.31,35.48,4350210.0
2018-01-10,35.84,35.95,35.66,35.85,1985239.0
2018-01-11,36.46,36.88,36.19,36.87,3317687.0
2018-01-12,37.31,37.32,36.96,37.16,2468133.0
2018-01-16,36.79,37.03,36.65,36.71,2727075.0
2018-01-17,36.63,36.77,36.41,36.68,1866099.0
2018-01-18,36.47,36.8,36.25,36.65,2861737.0
2018-01-19,36.97,37.06,36.67,36.87,1750997.0
2018-01-22,37.21,37.23,36.62,36.94,2903018.0
2018-01-23,36.25,36.32,35.58,35.74,4638956.0
2018-01-24,36.25,36.35,35.97,36.11,3102899.0
2018-01-25,36.97,37.22,36.56,36.73,3529504.0
2018-01-26,36.85,37.5,36.83,37.31,2353256.0
2018-01-29,37.46,37.5,37.15,37.27,1966936.0
2018-01-30,36.82,36.91,36.37,36.62,3878575.0
2018-01-31,37.02,37.28,36.25,36.39,5931555.0
2018-02-01,35.92,36.39,35.87,36.12,3497701.0
2018-02-02,35.47,35.49,33.96,34.26,4618085.0
2018-02-05,34.45,35.01,33.25,33.38,5380560.0
2018-02-06,33.16,34.62,33.07,34.54,5538628.0
2018-02-07,34.04,34.46,33.56,33.56,4380032.0
2018-02-08,33.57,33.65,32.03,32.1,3981611.0
2018-02-09,32.39,32.97,31.49,32.8,4848987.0
2018-02-12,33.0,33.54,32.82,33.34,3449997.0
2018-02-13,33.58,34.1,33.52,33.98,3735976.0
2018-02-14,33.51,35.7,33.43,35.58,6505333.0
2018-02-15,35.67,35.79,34.92,35.29,4521185.0
2018-02-16,35.07,36.84,34.83,36.48,7081664.0
2018-02-20,35.68,36.07,34.81,35.0,5605432.0
2018-02-21,35.42,35.48,34.66,34.67,2619264.0
2018-02-22,35.06,35.37,34.7,34.95,2451872.0
2018-02-23,34.78,35.08,34.64,35.03,1887408.0
2018-02-26,35.26,35.56,34.95,35.52,1988927.0
2018-02-27,35.34,35.42,34.75,34.76,1956202.0
2018-02-28,34.87,34.99,34.0,34.01,2502940.0
2018-03-01,34.25,34.43,33.18,33.36,9335580.0
2018-03-02,33.11,33.4,32.53,33.25,7272871.0
2018-03-05,32.33,33.04,32.18,32.78,3309807.0
2018-03-06,33.06,33.46,33.0,33.16,2979539.0
2018-03-07,32.82,33.64,32.81,33.56,2419933.0
2018-03-08,32.97,33.1,32.31,32.64,3839761.0
2018-03-09,32.67,32.78,32.1,32.2,4187697.0
2018-03-12,32.35,32.5,32.14,32.41,2903374.0
2018-03-13,32.92,33.03,32.43,32.5,2686343.0
2018-03-14,32.99,33.01,32.32,32.53,3191500.0
2018-03-15,32.53,32.64,32.29,32.5,3377505.0
2018-03-16,32.57,32.88,32.41,32.56,2181438.0
2018-03-19,32.21,32.27,31.49,31.76,1910032.0
2018-03-20,31.86,32.22,31.73,32.02,2161750.0
2018-03-21,32.35,33.66,32.3,33.47,3380009.0
2018-03-22,32.58,32.76,31.45,31.46,3857539.0
2018-03-23,31.56,31.6,30.85,30.89,3267317.0
2018-03-26,31.55,31.66,30.75,31.29,3977615.0
2018-03-27,31.58,31.58,30.48,30.64,5399396.0
2018-03-28,30.32,30.71,30.05,30.36,3486526.0
2018-03-29,31.17,32.06,31.11,31.81,4978621.0
2018-04-02,31.61,32.13,31.19,31.35,1844377.0
2018-04-03,31.26,31.77,31.24,31.6,4858282.0
2018-04-04,30.4,30.81,30.24,30.74,4649504.0
2018-04-05,31.6,32.26,31.48,32.17,5070599.0
2018-04-06,31.61,31.83,30.92,31.08,2839308.0
2018-04-09,31.15,31.59,30.86,31.16,1841687.0
2018-04-10,32.44,32.72,32.31,32.61,2038046.0
2018-04-11,32.13,32.48,31.83,31.86,2299062.0
2018-04-12,32.05,32.51,31.86,32.27,2366639.0
2018-04-13,32.99,33.05,32.47,32.67,1466540.0
2018-04-16,32.99,33.0,32.63,32.88,1420255.0
2018-04-17,33.18,33.67,33.12,33.58,1802989.0
2018-04-18,34.69,35.0,34.61,34.61,2015495.0
2018-04-19,34.83,35.05,34.38,34.94,2232437.0
2018-04-20,35.16,35.23,34.65,34.93,2043430.0
2018-04-23,34.62,34.82,34.29,34.49,2324468.0
2018-04-24,34.98,35.28,34.09,34.65,3310871.0
2018-04-25,33.95,34.09,33.54,33.73,3241293.0
2018-04-26,34.03,34.12,33.56,34.06,1966531.0
2018-04-27,33.77,33.89,33.31,33.62,1741872.0
2018-04-30,33.9,34.09,33.75,33.84,1461404.0
2018-05-01,33.67,33.67,32.61,33.17,1697163.0
2018-05-02,34.4,34.43,33.6,33.7,4774128.0
2018-05-03,33.98,34.01,33.56,33.88,4053838.0
2018-05-04,33.92,35.16,33.9,34.82,2211367.0
2018-05-07,34.82,34.95,34.64,34.8,1104401.0
2018-05-08,34.67,34.76,34.35,34.6,1451231.0
2018-05-09,34.74,35.09,34.71,34.94,2421341.0
2018-05-10,35.17,35.46,34.82,35.28,2314783.0
2018-05-11,36.1,36.43,35.69,35.72,2756583.0
2018-05-14,36.23,36.52,36.15,36.3,1563085.0
2018-05-15,35.63,35.89,35.47,35.74,1764018.0
2018-05-16,35.91,36.3,35.74,36.21,1447130.0
2018-05-17,35.81,36.21,35.76,36.05,2312731.0
2018-05-18,35.46,35.73,35.03,35.25,2351359.0
2018-05-21,35.43,35.45,34.54,34.59,3363948.0
2018-05-22,35.32,35.53,34.82,34.9,3525522.0
2018-05-23,33.86,33.92,33.37,33.54,4496380.0
2018-05-24,33.57,33.6,33.13,33.5,2101435.0
2018-05-25,33.08,33.18,32.74,33.05,1452785.0
2018-05-29,32.28,32.44,31.35,31.6,5973449.0
2018-05-30,31.93,32.53,31.84,32.23,8696819.0
2018-05-31,32.53,32.73,31.96,32.2,4543684.0
2018-06-01,32.84,33.09,32.55,33.04,4589238.0
2018-06-04,32.99,33.11,32.82,32.95,4246248.0
2018-06-05,33.33,33.63,33.26,33.53,1946939.0
2018-06-06,34.27,35.13,34.23,35.07,4546611.0
2018-06-07,34.12,34.27,32.64,33.17,5503199.0
2018-06-08,33.09,33.24,32.65,33.05,2774189.0
2018-06-11,33.78,33.88,33.59,33.79,1638849.0
2018-06-12,33.46,33.55,33.09,33.22,1231109.0
2018-06-13,33.93,34.13,33.45,33.94,2600924.0
2018-06-14,33.86,33.95,33.48,33.65,2504373.0
2018-06-15,32.91,32.95,32.32,32.52,3002864.0
2018-06-18,32.03,32.98,31.96,32.84,2711289.0
2018-06-19,31.4,31.72,31.02,31.62,2486100.0
2018-06-20,31.66,31.8,31.43,31.73,1192115.0
2018-06-21,31.2,31.48,31.1,31.25,1402714.0
2018-06-22,31.84,32.05,31.66,31.93,2033960.0
2018-06-25,31.14,31.25,30.27,30.57,2815876.0
2018-06-26,30.04,30.26,29.83,30.19,2592360.0
2018-06-27,29.86,30.22,29.28,29.39,3277744.0
2018-06-28,28.97,29.26,28.74,29.17,3479671.0
2018-06-29,29.33,29.54,28.76,28.78,3882178.0
2018-07-02,28.52,28.72,28.24,28.51,3674598.0
2018-07-03,28.79,28.84,28.32,28.37,1273383.0
2018-07-05,29.37,29.75,29.24,29.71,3692362.0
2018-07-06,29.52,30.18,29.31,30.04,2180213.0
2018-07-09,30.24,30.4,30.07,30.26,1787753.0
2018-07-10,29.94,30.33,29.93,30.15,2269210.0
2018-07-11,29.04,29.25,28.74,29.06,3401289.0
2018-07-12,29.46,29.81,29.3,29.7,2017558.0
2018-07-13,29.61,29.79,29.45,29.59,1648936.0
2018-07-16,29.59,29.68,29.2,29.53,2481318.0
2018-07-17,29.79,30.47,29.74,30.31,2935668.0
2018-07-18,30.71,31.15,30.52,30.97,2288068.0
2018-07-19,30.17,30.3,29.67,29.82,3729704.0
2018-07-20,28.91,29.55,28.91,29.22,3667892.0
2018-07-23,29.49,29.81,29.37,29.68,2935267.0
2018-07-24,31.26,31.47,30.84,30.93,2617025.0
2018-07-25,30.71,31.38,30.45,31.35,2125521.0
2018-07-26,30.76,31.31,30.65,31.26,4318300.0
2018-07-27,31.28,31.7,31.14,31.27,4064881.0
2018-07-30,31.61,31.8,31.44,31.47,2172828.0
2018-07-31,32.36,32.37,31.85,31.85,2807443.0
2018-08-01,32.57,32.93,32.4,32.62,2116405.0
2018-08-02,31.73,31.95,31.58,31.8,2468155.0
2018-08-03,31.73,32.26,31.71,32.08,1642669.0
2018-08-06,31.32,31.64,31.15,31.6,2068649.0
2018-08-07,32.42,32.68,32.07,32.07,2014241.0
2018-08-08,32.14,32.34,31.84,32.27,1634751.0
2018-08-09,31.89,32.01,31.35,31.38,1742890.0
2018-08-10,30.18,30.51,29.93,30.29,3496008.0
2018-08-13,30.1,30.34,29.71,29.93,1673787.0
2018-08-14,29.69,29.94,29.5,29.69,1389604.0
2018-08-15,28.59,28.67,27.83,28.24,4641907.0
2018-08-16,28.59,28.87,28.39,28.45,2153589.0
2018-08-17,28.05,29.51,27.97,29.1,3881800.0
2018-08-20,29.4,29.55,29.3,29.51,1791445.0
2018-08-21,29.86,30.13,29.66,29.69,1624585.0
2018-08-22,30.21,30.22,29.92,30.07,1694587.0
2018-08-23,29.74,29.88,29.22,29.27,1606487.0
2018-08-24,30.29,30.46,30.07,30.37,2427462.0
2018-08-27,30.37,30.77,30.36,30.61,2020514.0
2018-08-28,31.28,31.36,30.84,30.95,1665377.0
2018-08-29,30.84,31.22,30.67,31.11,819848.0
2018-08-30,30.78,30.78,30.33,30.4,1345280.0
2018-08-31,30.06,30.3,29.8,30.21,1663166.0
2018-09-04,29.22,29.38,29.11,29.18,1967671.0
2018-09-05,28.88,29.02,28.64,28.79,2213913.0
2018-09-06,29.09,29.25,28.48,28.9,1533324.0
2018-09-07,28.6,28.91,28.37,28.74,1370181.0
2018-09-10,28.93,29.13,28.83,28.9,1612451.0
2018-09-11,28.09,28.52,27.97,28.38,4743586.0
2018-09-12,28.68,29.43,28.6,29.35,2121313.0
2018-09-13,29.36,29.45,28.64,28.96,1445317.0
2018-09-14,29.15,29.63,29.03,29.39,3520454.0
2018-09-17,29.84,30.17,29.58,29.65,1893155.0
2018-09-18,30.08,30.56,29.99,30.44,2227849.0
2018-09-19,31.15,31.63,31.06,31.13,2477627.0
2018-09-20,32.42,32.52,32.02,32.38,5418903.0
2018-09-21,32.51,32.51,31.8,32.05,4005471.0
2018-09-24,32.38,32.41,31.75,31.78,2632457.0
2018-09-25,32.63,32.73,32.35,32.57,2675367.0
2018-09-26,32.17,32.26,31.78,31.79,1802782.0
2018-09-27,31.91,31.91,31.31,31.33,3796125.0
2018-09-28,30.99,31.27,30.71,30.86,2417719.0
2018-10-01,30.94,31.37,30.65,31.15,3000764.0
2018-10-02,30.76,31.03,30.62,30.89,2440923.0
2018-10-03,31.17,31.3,30.96,30.99,2339276.0
2018-10-04,31.33,31.33,30.17,30.42,3060630.0
2018-10-05,29.95,29.97,29.35,29.71,2996715.0
2018-10-08,29.17,29.63,29.08,29.6,1507888.0
2018-10-09,29.57,30.15,29.27,29.61,2954927.0
2018-10-10,29.35,29.35,28.28,28.34,3990668.0
2018-10-11,28.23,28.58,27.79,28.01,3871985.0
2018-10-12,28.69,28.72,28.15,28.49,2884049.0
2018-10-15,28.31,28.55,28.16,28.17,1792504.0
2018-10-16,28.69,28.7,28.45,28.63,2787059.0
2018-10-17,28.75,28.89,28.26,28.74,1636006.0
2018-10-18,28.82,28.84,27.76,27.9,3025750.0
2018-10-19,27.18,27.72,27.15,27.27,4152098.0
2018-10-22,27.21,27.29,26.9,27.17,2302726.0
2018-10-23,26.26,26.65,25.96,26.58,2812883.0
2018-10-24,25.2,25.55,24.24,24.3,11456050.0
2018-10-25,24.91,25.24,24.74,25.07,3432028.0
2018-10-26,24.01,24.59,23.8,24.42,3585908.0
2018-10-29,25.26,25.52,24.41,24.58,4666789.0
2018-10-30,24.47,24.72,24.19,24.53,3760806.0
2018-10-31,24.7,25.1,24.63,24.89,3290994.0
2018-11-01,25.29,25.49,24.61,25.25,3560986.0
2018-11-02,26.07,26.34,25.09,25.5,3433439.0
2018-11-05,25.69,25.9,25.37,25.52,1889350.0
2018-11-06,25.66,25.84,25.54,25.81,2512246.0
2018-11-07,26.14,26.14,25.81,26.06,1777876.0
2018-11-08,26.0,26.11,25.24,25.39,2966141.0
2018-11-09,25.26,25.46,24.89,25.36,3072991.0
2018-11-12,25.02,25.04,24.34,24.36,2858960.0
2018-11-13,24.23,24.59,23.83,24.26,2302946.0
2018-11-14,24.48,24.63,24.04,24.43,1981375.0
2018-11-15,24.33,24.97,24.21,24.8,2335343.0
2018-11-16,24.68,25.0,24.57,24.81,2068460.0
2018-11-19,24.87,24.9,24.47,24.62,1458650.0
2018-11-20,23.7,23.78,23.12,23.42,3137169.0
2018-11-21,23.84,24.2,23.77,23.98,1968563.0
2018-11-23,22.6,22.84,22.49,22.79,1970353.0
2018-11-26,22.56,23.05,22.53,22.87,2769200.0
2018-11-27,22.17,22.31,21.87,22.24,2309850.0
2018-11-28,22.39,23.75,21.97,23.53,5604540.0
2018-11-29,22.88,23.14,22.68,22.88,4909100.0
2018-11-30,22.26,22.99,22.25,22.97,3909804.0
2018-12-03,24.1,24.13,23.48,23.74,4322521.0
2018-12-04,23.13,23.4,22.79,22.84,2811657.0
2018-12-06,21.78,22.08,21.48,22.06,3891803.0
2018-12-07,22.22,22.59,21.51,21.6,3189044.0
2018-12-10,21.58,21.74,21.05,21.4,3548087.0
2018-12-11,21.96,22.06,21.46,21.57,2528741.0
2018-12-12,22.17,22.51,22.14,22.17,2086998.0
2018-12-13,22.33,22.38,22.08,22.18,2360248.0
2018-12-14,21.67,21.99,21.57,21.65,1749218.0
2018-12-17,21.79,22.11,21.34,21.47,2222334.0
2018-12-18,21.94,22.1,21.65,21.79,2778906.0
2018-12-19,22.04,22.37,21.1,21.21,2932824.0
2018-12-20,21.38,21.64,20.9,21.2,2760136.0
2018-12-21,21.02,21.12,20.49,20.55,2775920.0
2018-12-24,20.43,20.69,20.07,20.08,1129736.0
2018-12-26,20.11,21.02,19.84,21.01,1361702.0
2018-12-27,20.21,20.72,20.09,20.72,2045359.0
2018-12-28,20.73,20.85,20.48,20.58,1936521.0
2018-12-31,20.84,20.93,20.33,20.67,1113120.0
2019-01-02,19.5,20.29,19.5,20.22,4185964.0
2019-01-03,20.05,20.07,19.66,19.75,2514704.0
2019-01-04,20.62,21.46,20.47,21.28,4122953.0
2019-01-07,21.52,21.84,21.3,21.56,2499892.0
2019-01-08,22.15,22.31,21.92,22.2,2032662.0
2019-01-09,22.87,23.05,22.41,22.5,4902456.0
2019-01-10,22.08,22.48,22.08,22.41,1264168.0
2019-01-11,21.93,22.31,21.85,21.96,2351355.0
2019-01-14,22.04,22.39,22.0,22.09,1910184.0
2019-01-15,22.1,22.21,21.65,21.8,2454005.0
2019-01-16,21.8,22.03,21.75,21.83,1939593.0
2019-01-17,21.83,22.4,21.76,22.13,1837371.0
2019-01-18,22.74,22.84,22.57,22.63,2280536.0
2019-01-22,21.88,21.91,21.24,21.45,2990903.0
2019-01-23,21.61,21.61,21.11,21.37,2168214.0
2019-01-24,21.39,21.64,21.36,21.43,1023181.0
2019-01-25,22.59,23.11,22.54,22.98,3653165.0
2019-01-28,23.06,23.08,22.81,23.0,2808170.0
2019-01-29,23.15,23.21,22.7,22.72,2781218.0
2019-01-30,23.13,23.73,23.05,23.32,5183020.0
2019-01-31,23.02,23.51,22.88,23.5,4625085.0
2019-02-01,23.95,24.05,23.68,23.86,2743192.0
2019-02-04,23.45,23.91,23.29,23.9,4077951.0
2019-02-05,23.64,23.73,23.41,23.63,4026562.0
2019-02-06,23.66,24.24,23.64,23.82,4082042.0
2019-02-07,23.23,23.41,22.8,22.89,3707094.0
2019-02-08,22.02,22.11,21.74,21.98,4496555.0
2019-02-11,21.46,21.66,21.4,21.52,3365374.0
2019-02-12,21.64,22.12,21.64,21.94,2751140.0
2019-02-13,22.29,22.69,22.27,22.52,3156408.0
2019-02-14,22.16,22.22,21.92,22.01,1564817.0
2019-02-15,22.95,23.1,22.74,23.08,3558000.0
2019-02-19,22.4,22.67,22.38,22.61,6070644.0
2019-02-20,22.58,23.3,22.55,23.27,5629833.0
2019-02-21,23.19,23.31,22.89,23.08,1892631.0
2019-02-22,23.6,23.6,23.23,23.28,1617123.0
2019-02-25,23.69,23.81,23.62,23.75,1858775.0
2019-02-26,23.44,23.61,23.26,23.27,1621473.0
2019-02-27,23.44,23.5,23.12,23.28,2156129.0
2019-02-28,23.14,23.16,22.77,22.85,1880671.0
2019-03-01,23.34,23.48,22.94,23.12,3595370.0
2019-03-04,23.15,23.24,22.76,23.05,1630220.0
2019-03-05,22.77,22.83,22.45,22.46,1810341.0
2019-03-06,22.63,22.66,22.21,22.24,2579095.0
2019-03-07,22.03,22.06,21.46,21.6,3834383.0
2019-03-08,20.99,21.18,20.9,20.91,2313384.0
2019-03-11,21.14,21.44,21.05,21.4,1687158.0
2019-03-12,21.6,21.84,21.56,21.66,1462307.0
2019-03-13,21.82,22.02,21.67,21.85,1811782.0
2019-03-14,21.52,21.59,21.26,21.27,2530117.0
2019-03-15,21.49,21.67,21.44,21.58,1754597.0
2019-03-18,22.21,22.39,22.09,22.34,2529071.0
2019-03-19,22.75,22.81,22.17,22.27,2349069.0
2019-03-20,22.4,22.59,21.92,22.52,3103082.0
2019-03-21,22.05,22.3,21.89,22.02,4983442.0
2019-03-22,21.23,21.33,20.59,20.75,4532659.0
2019-03-25,20.49,20.76,20.4,20.45,2534989.0
2019-03-26,20.51,20.61,20.2,20.35,1731456.0
2019-03-27,20.33,20.38,20.04,20.27,1884638.0
2019-03-28,20.19,20.27,19.93,20.15,1927258.0
2019-03-29,20.49,20.61,20.22,20.38,1620567.0
2019-04-01,21.31,21.61,21.24,21.45,2435954.0
2019-04-02,21.82,21.82,21.41,21.64,1829388.0
2019-04-03,22.38,22.41,21.97,22.1,2744528.0
2019-04-04,22.14,22.32,22.08,22.26,1942144.0
2019-04-05,22.45,22.49,22.27,22.31,1594462.0
2019-04-08,22.37,22.47,22.24,22.46,2105524.0
2019-04-09,22.41,22.42,21.89,21.96,4029614.0
2019-04-10,22.14,22.4,21.93,22.29,4157758.0
2019-04-11,22.12,22.26,21.85,21.96,2240804.0
2019-04-12,22.71,22.8,22.51,22.57,2695320.0
2019-04-15,22.8,22.85,22.55,22.61,2192629.0
2019-04-16,23.0,23.17,22.84,23.08,3230969.0
2019-04-17,24.05,24.2,23.75,23.86,3686083.0
2019-04-18,23.84,24.05,23.47,23.7,2875362.0
2019-04-22,23.59,23.62,23.04,23.14,2597034.0
2019-04-23,23.0,23.14,22.77,22.83,2970273.0
2019-04-24,22.65,22.66,22.18,22.21,3345351.0
2019-04-25,22.16,22.17,21.66,21.69,4314985.0
2019-04-26,21.79,21.81,21.61,21.75,2666511.0
2019-04-29,21.59,22.08,21.59,22.02,1787721.0
2019-04-30,21.63,21.86,21.47,21.84,2133075.0
2019-05-01,21.74,21.98,21.24,21.31,2031489.0
2019-05-02,21.06,21.06,20.52,20.62,5037435.0
2019-05-03,20.9,21.5,20.87,21.48,5125774.0
2019-05-06,20.22,20.58,20.16,20.51,4555523.0
2019-05-07,20.05,20.06,19.71,19.96,2743577.0
2019-05-08,19.6,19.91,19.53,19.56,2723171.0
2019-05-09,18.69,19.14,18.59,18.88,2970661.0
2019-05-10,18.57,18.64,18.19,18.46,2902214.0
2019-05-13,17.46,17.61,17.13,17.26,3878550.0
2019-05-14,17.23,17.47,17.07,17.26,2536148.0
2019-05-15,16.59,17.19,16.56,17.15,2984509.0
2019-05-16,16.81,17.05,16.77,16.86,2064041.0
2019-05-17,16.26,16.5,16.2,16.38,4641554.0
2019-05-20,16.0,16.18,15.91,16.09,2315057.0
2019-05-21,16.36,16.73,16.21,16.69,3262505.0
2019-05-22,16.47,16.57,16.19,16.32,2281324.0
2019-05-23,15.72,15.79,15.52,15.7,3420447.0
2019-05-24,16.0,16.04,15.79,15.85,1511882.0
2019-05-28,16.06,16.08,15.68,15.7,1501101.0
2019-05-29,15.09,15.37,15.03,15.35,6362071.0
2019-05-30,15.1,15.3,14.91,14.92,4257697.0
2019-05-31,14.7,14.9,14.66,14.72,3969742.0
2019-06-03,14.77,15.18,14.76,15.04,6229345.0
2019-06-04,15.47,15.84,15.35,15.83,12012685.0
2019-06-05,15.56,15.6,14.95,15.06,4150293.0
2019-06-06,15.12,15.22,14.82,15.05,3078689.0
2019-06-07,15.14,15.44,15.08,15.36,2142440.0
2019-06-10,15.82,16.05,15.77,15.9,3126230.0
2019-06-11,17.05,17.09,16.84,16.94,5421422.0
2019-06-12,16.68,16.75,16.41,16.43,2887701.0
2019-06-13,16.74,16.89,16.65,16.79,2539220.0
2019-06-14,16.43,16.45,16.23,16.23,3050712.0
2019-06-17,16.09,16.27,15.92,16.1,3858810.0
2019-06-18,16.48,17.26,16.45,17.08,4544488.0
2019-06-19,17.39,17.44,17.07,17.31,4158928.0
2019-06-20,17.71,17.8,17.18,17.25,2918088.0
2019-06-21,17.3,17.38,17.16,17.33,2035714.0
2019-06-24,17.15,17.2,16.84,16.88,1838583.0
2019-06-25,17.13,17.39,16.93,17.21,3770594.0
2019-06-26,18.07,18.1,17.65,17.98,3172880.0
2019-06-27,18.21,18.23,17.81,17.88,1791882.0
2019-06-28,17.85,18.07,17.74,18.03,1509474.0
2019-07-01,18.32,18.36,17.88,17.97,1639426.0
2019-07-02,17.72,17.74,17.43,17.49,2805174.0
2019-07-03,17.52,17.54,17.34,17.4,840286.0
2019-07-05,17.12,17.3,17.0,17.29,1686438.0
2019-07-08,17.2,17.39,16.9,17.0,2389513.0
2019-07-09,16.4,16.55,16.18,16.54,3056288.0
2019-07-10,16.7,16.78,16.42,16.43,2157034.0
2019-07-11,16.38,16.4,16.03,16.28,3693185.0
2019-07-12,16.57,16.85,16.48,16.76,2996209.0
2019-07-15,17.05,17.06,16.86,16.99,1184080.0
2019-07-16,17.01,17.52,16.99,17.22,2512532.0
2019-07-17,17.04,17.04,16.74,16.89,1827039.0
2019-07-18,16.55,16.72,16.42,16.58,1517317.0
2019-07-19,16.5,16.89,16.44,16.76,2792062.0
2019-07-22,17.23,17.36,16.92,17.19,2826890.0
2019-07-23,17.74,17.96,17.63,17.73,2750106.0
2019-07-24,17.56,17.66,17.39,17.6,1710076.0
2019-07-25,17.37,17.4,16.95,17.09,2454732.0
2019-07-26,16.87,17.04,16.74,17.0,1735259.0
2019-07-29,16.73,16.79,16.66,16.77,2678264.0
2019-07-30,16.23,16.56,16.11,16.54,3675845.0
2019-07-31,16.35,16.38,15.61,15.72,3710636.0
2019-08-01,15.52,15.9,15.23,15.44,4858197.0
2019-08-02,14.94,15.01,14.59,14.83,4200650.0
2019-08-05,14.24,14.34,14.13,14.29,2597002.0
2019-08-06,14.37,14.41,13.92,14.12,2657473.0
2019-08-07,13.74,14.11,13.71,14.06,2419197.0
2019-08-08,14.37,14.56,14.25,14.53,2647211.0
2019-08-09,13.79,13.86,13.47,13.52,2293190.0
2019-08-12,13.38,13.39,13.16,13.21,1597455.0
2019-08-13,13.28,14.15,13.22,13.84,3174548.0
2019-08-14,12.9,13.0,12.62,12.65,3261041.0
2019-08-15,12.67,12.8,12.53,12.69,2451525.0
2019-08-16,12.67,13.14,12.67,13.11,1917197.0
2019-08-19,13.64,13.67,13.39,13.39,1452111.0
2019-08-20,13.26,13.32,13.12,13.26,1674261.0
2019-08-21,13.54,13.56,13.37,13.42,2912669.0
2019-08-22,13.95,14.03,13.63,13.68,3925918.0
2019-08-23,13.53,13.92,13.27,13.37,4812601.0
2019-08-26,13.89,13.94,13.57,13.65,5976184.0
2019-08-27,13.83,13.9,13.53,13.53,4637849.0
2019-08-28,13.46,13.84,13.34,13.72,2093144.0
2019-08-29,14.19,14.3,14.08,14.16,3161462.0
2019-08-30,14.47,14.51,14.21,14.37,2189630.0
2019-09-03,14.01,14.03,13.82,13.96,2488753.0
2019-09-04,14.61,14.87,14.58,14.8,3689980.0
2019-09-05,15.24,15.53,15.16,15.32,3899213.0
2019-09-06,15.3,15.41,15.07,15.12,2515064.0
2019-09-09,15.55,15.8,15.5,15.74,2535508.0
2019-09-10,16.2,16.72,16.07,16.7,6153086.0
2019-09-11,16.55,16.81,16.32,16.71,4950986.0
2019-09-12,16.57,16.82,16.26,16.56,4754869.0
2019-09-13,17.27,17.33,17.02,17.08,3898243.0
2019-09-16,16.72,16.86,16.66,16.8,2902171.0
2019-09-17,16.14,16.47,16.0,16.28,3448620.0
2019-09-18,16.42,16.48,15.85,16.1,3310041.0
2019-09-19,15.58,15.67,15.33,15.36,3708486.0
2019-09-20,15.18,15.32,14.96,15.03,3270088.0
2019-09-23,14.24,14.5,14.16,14.43,3692193.0
2019-09-24,14.4,14.42,13.9,14.02,3429575.0
2019-09-25,13.75,14.52,13.74,14.46,4210278.0
2019-09-26,14.04,14.21,13.84,14.03,4524780.0
2019-09-27,14.07,14.29,14.01,14.16,3580705.0
2019-09-30,14.04,14.32,13.93,14.24,2811350.0
2019-10-01,14.15,14.36,13.68,13.71,5348528.0
2019-10-02,13.32,13.33,13.05,13.17,4427464.0
2019-10-03,12.94,13.03,12.72,12.83,5851321.0
2019-10-04,12.87,13.06,12.77,13.02,3436040.0
2019-10-07,13.15,13.45,13.09,13.24,4483504.0
2019-10-08,12.98,13.06,12.82,12.9,3103695.0
2019-10-09,13.26,13.26,12.98,13.09,3924718.0
2019-10-10,13.62,14.01,13.57,14.0,4749811.0
2019-10-11,14.64,14.88,14.6,14.76,4250293.0
2019-10-14,14.16,14.53,14.13,14.32,2053636.0
2019-10-15,14.37,14.69,14.26,14.46,2585352.0
2019-10-16,14.45,14.62,14.21,14.32,2639581.0
2019-10-17,14.59,14.69,14.36,14.56,2215888.0
2019-10-18,14.67,14.75,14.51,14.59,3046068.0
2019-10-21,15.2,15.25,15.03,15.04,3244822.0
2019-10-22,14.87,15.08,14.67,15.0,2979321.0
2019-10-23,15.34,15.35,15.09,15.19,2375927.0
2019-10-24,15.15,15.19,14.75,15.01,2564559.0
2019-10-25,15.2,15.64,15.17,15.47,4799269.0
2019-10-28,15.76,15.99,15.75,15.93,2892012.0
2019-10-29,15.79,15.88,15.71,15.78,1708113.0
2019-10-30,15.14,15.37,15.02,15.35,2610512.0
2019-10-31,14.84,14.94,14.55,14.82,3184082.0
2019-11-01,15.24,15.86,15.21,15.81,4480768.0
2019-11-04,16.21,16.47,16.19,16.45,3581398.0
2019-11-05,16.57,16.64,16.29,16.36,3679798.0
2019-11-06,16.21,16.23,15.8,15.82,3719721.0
2019-11-07,17.08,17.37,16.89,17.17,4636641.0
2019-11-08,17.0,17.23,16.82,17.0,3294943.0
2019-11-11,16.97,17.3,16.9,17.23,3204589.0
2019-11-12,17.22,17.25,16.93,17.01,2090557.0
2019-11-13,16.77,16.87,16.46,16.55,2871024.0
2019-11-14,16.39,16.51,16.23,16.28,2381499.0
2019-11-15,16.61,16.89,16.61,16.72,3396295.0
2019-11-18,16.38,16.39,16.13,16.25,2798609.0
2019-11-19,16.57,16.59,16.29,16.44,1874079.0
2019-11-20,16.12,16.51,16.06,16.21,2744085.0
2019-11-21,16.07,16.19,15.93,16.11,2289702.0
2019-11-22,16.77,17.2,16.75,17.18,3778487.0
2019-11-25,17.36,17.57,17.3,17.45,2755185.0
2019-11-26,17.41,17.59,17.38,17.48,2055242.0
2019-11-27,17.43,17.5,17.17,17.4,1806678.0
2019-11-29,17.23,17.26,17.09,17.11,1308825.0
2019-12-02,17.11,17.28,16.83,16.93,2575709.0
2019-12-03,16.42,16.55,16.21,16.55,2139975.0
2019-12-04,16.8,17.14,16.76,17.02,1852543.0
2019-12-05,17.34,17.47,17.26,17.45,2805330.0
2019-12-06,17.73,18.01,17.66,17.88,2603335.0
2019-12-09,17.87,18.04,17.71,17.72,1526759.0
2019-12-10,17.58,17.69,17.45,17.66,2774205.0
2019-12-11,17.46,17.77,17.46,17.71,4100899.0
2019-12-12,17.55,18.55,17.51,18.51,4511594.0
2019-12-13,18.36,18.78,18.05,18.16,3194468.0
2019-12-16,18.87,18.89,18.42,18.42,2068574.0
2019-12-17,18.27,18.45,18.25,18.29,1507656.0
2019-12-18,18.16,18.52,18.11,18.46,2357876.0
2019-12-19,18.2,18.43,18.2,18.3,1929318.0
2019-12-20,18.25,18.28,17.75,17.84,2921703.0
2019-12-23,17.63,17.83,17.62,17.83,2233635.0
2019-12-24,17.8,18.02,17.77,17.85,633168.0
2019-12-26,18.0,18.0,17.8,17.93,997904.0
2019-12-27,17.77,17.77,17.36,17.41,2309904.0
2019-12-30,17.69,17.75,17.47,17.49,1188304.0
2019-12-31,17.49,17.61,17.39,17.54,1368937.0
2020-01-02,17.94,17.97,17.63,17.71,1905159.0
2020-01-03,17.15,17.29,16.88,16.91,2350653.0
2020-01-06,16.79,16.87,16.58,16.66,2717286.0
2020-01-07,16.78,16.97,16.68,16.87,2667646.0
2020-01-08,16.9,17.17,16.86,16.99,2610298.0
2020-01-09,17.06,17.08,16.8,16.84,2805637.0
2020-01-10,16.56,16.65,16.34,16.42,2206350.0
2020-01-13,16.73,17.05,16.71,16.99,2045302.0
2020-01-14,16.89,17.04,16.8,16.87,2109991.0
2020-01-15,16.64,16.64,16.22,16.3,3150638.0
2020-01-16,16.4,16.43,16.22,16.27,1824104.0
2020-01-17,16.35,16.37,16.13,16.23,2161416.0
2020-01-21,16.03,16.05,15.7,15.72,2418703.0
2020-01-22,15.68,15.98,15.62,15.85,3306871.0
2020-01-23,15.53,15.66,15.29,15.62,4835062.0
2020-01-24,15.69,15.72,15.2,15.4,3669990.0
2020-01-27,14.85,15.12,14.75,14.96,3909777.0
2020-01-28,15.23,15.43,15.14,15.33,3490457.0
2020-01-29,15.52,15.58,15.32,15.39,3808318.0
2020-01-30,15.02,15.36,14.82,15.32,4143274.0
2020-01-31,14.91,14.95,14.62,14.66,3883387.0
2020-02-03,14.71,14.92,14.69,14.78,2206047.0
2020-02-04,15.59,15.66,15.45,15.55,2654405.0
2020-02-05,15.89,15.98,15.75,15.94,3171976.0
2020-02-06,17.68,17.81,17.29,17.47,5748237.0
2020-02-07,17.51,17.91,17.41,17.74,4063891.0
2020-02-10,17.92,17.93,17.65,17.79,4298565.0
2020-02-11,18.17,18.32,17.96,18.0,3092297.0
2020-02-12,18.03,18.13,17.72,17.85,2929374.0
2020-02-13,17.68,17.72,17.5,17.56,1592133.0
2020-02-14,17.44,17.45,17.21,17.34,2479623.0
2020-02-18,16.85,17.05,16.58,16.62,4201437.0
2020-02-19,16.71,16.84,16.57,16.81,2960951.0
2020-02-20,16.73,16.84,16.45,16.64,2615099.0
2020-02-21,16.43,16.43,16.1,16.23,2331153.0
2020-02-24,14.89,15.23,14.88,15.06,3937458.0
2020-02-25,15.22,15.25,14.58,14.64,6853532.0
2020-02-26,15.09,15.15,14.61,14.71,6462099.0
2020-02-27,14.22,14.88,14.12,14.28,7830158.0
2020-02-28,13.82,14.42,13.78,14.3,6069960.0
2020-03-02,14.28,14.53,13.94,14.52,3533885.0
2020-03-03,14.76,15.05,13.87,14.14,7994139.0
2020-03-04,14.59,14.8,14.32,14.77,3835792.0
2020-03-05,13.82,13.87,13.4,13.5,4412755.0
2020-03-06,13.06,13.31,12.8,12.92,5164765.0
2020-03-09,10.86,11.23,10.42,10.43,3791497.0
2020-03-10,11.32,11.45,10.49,11.1,4260691.0
2020-03-11,10.46,10.62,10.01,10.2,5768738.0
2020-03-12,9.12,9.16,8.25,8.44,4998416.0
2020-03-13,9.29,9.62,8.79,9.61,3086985.0
2020-03-16,7.69,8.31,7.5,7.91,4097232.0
2020-03-17,7.47,8.19,7.43,7.98,5148545.0
2020-03-18,6.99,7.29,6.8,6.95,4099209.0
2020-03-19,6.82,7.37,6.64,7.15,6496389.0
2020-03-20,7.97,8.24,7.61,7.74,7058125.0
2020-03-23,7.74,8.03,7.52,7.71,5548682.0
2020-03-24,9.16,9.25,8.8,9.15,5619252.0
2020-03-25,9.23,9.79,8.88,9.45,4480622.0
2020-03-26,9.39,9.63,9.21,9.54,3788184.0
2020-03-27,9.22,9.34,9.0,9.05,6490472.0
2020-03-30,8.69,8.87,8.51,8.84,4138033.0
2020-03-31,9.35,9.57,9.18,9.33,6061194.0
2020-04-01,8.77,8.95,8.51,8.58,2800911.0
2020-04-02,8.38,8.83,8.34,8.63,3658185.0
2020-04-03,8.49,8.6,8.25,8.42,2214229.0
2020-04-06,9.22,9.47,9.16,9.45,4270736.0
2020-04-07,10.35,10.53,10.03,10.09,4325359.0
2020-04-08,10.09,10.35,9.98,10.28,3154479.0
2020-04-09,10.37,10.63,10.26,10.47,2428295.0
2020-04-13,10.45,10.51,10.13,10.28,1408383.0
2020-04-14,10.27,10.49,10.12,10.19,1491220.0
2020-04-15,9.44,9.47,9.26,9.28,3015213.0
2020-04-16,9.2,9.24,9.0,9.1,2785048.0
2020-04-17,9.58,9.72,9.39,9.7,2702355.0
2020-04-20,9.38,9.67,9.32,9.4,1647074.0
2020-04-21,9.14,9.23,9.0,9.08,2045719.0
2020-04-22,9.33,9.56,9.2,9.49,1622809.0
2020-04-23,9.69,10.14,9.65,9.81,3470576.0
2020-04-24,9.9,9.92,9.59,9.8,1814678.0
2020-04-27,9.68,10.37,9.63,10.22,3780766.0
2020-04-28,10.49,10.6,10.14,10.35,3692212.0
2020-04-29,11.0,11.83,10.97,11.77,7196809.0
2020-04-30,10.91,11.1,10.76,10.98,3869381.0
2020-05-01,10.65,10.87,10.45,10.55,4920990.0
2020-05-04,10.22,10.62,10.16,10.61,3151480.0
2020-05-05,10.75,10.95,10.53,10.6,2604754.0
2020-05-06,10.7,10.78,10.22,10.51,4718505.0
2020-05-07,10.78,11.22,10.73,11.11,8630535.0
2020-05-08,11.14,11.45,11.04,11.42,4877108.0
2020-05-11,9.87,10.05,9.12,9.17,28006113.0
2020-05-12,8.96,9.06,8.52,8.57,31641982.0
2020-05-13,8.36,8.38,7.78,7.97,16536179.0
2020-05-14,7.74,8.54,7.58,8.43,20829286.0
2020-05-15,8.49,8.74,8.37,8.51,8304058.0
2020-05-18,9.25,9.38,9.18,9.35,10350024.0
2020-05-19,9.41,9.48,9.17,9.19,3724360.0
2020-05-20,9.42,9.55,9.33,9.37,4789905.0
2020-05-21,9.37,9.45,9.08,9.18,4893251.0
2020-05-22,9.18,9.18,8.9,9.03,3290727.0
2020-05-26,9.59,9.75,9.48,9.53,6189034.0
2020-05-27,9.87,10.0,9.57,9.9,7006611.0
2020-05-28,10.07,10.09,9.81,9.85,7380611.0
2020-05-29,9.67,9.75,9.47,9.62,6572949.0
2020-06-01,9.86,10.19,9.81,10.12,4059792.0
2020-06-02,10.45,10.64,10.41,10.62,5726164.0
2020-06-03,11.07,11.28,11.01,11.06,6166033.0
2020-06-04,11.29,11.53,11.15,11.35,6439828.0
2020-06-05,11.85,11.94,11.47,11.59,9892562.0
2020-06-08,12.36,12.38,11.62,11.96,6618297.0
2020-06-09,11.51,11.65,11.24,11.32,6301859.0
2020-06-10,11.21,11.3,10.89,11.01,7044435.0
2020-06-11,10.59,10.66,9.92,9.99,7064605.0
2020-06-12,10.87,11.05,10.55,10.83,7720540.0
2020-06-15,10.35,10.93,10.28,10.85,4492076.0
2020-06-16,11.31,11.48,10.96,11.26,5955778.0
2020-06-17,11.4,11.43,10.98,11.0,3863794.0
2020-06-18,10.5,10.71,10.46,10.57,6643562.0
2020-06-19,10.75,10.76,10.2,10.28,6061708.0
2020-06-22,10.45,10.64,10.32,10.54,5540102.0
2020-06-23,11.04,11.12,10.83,10.85,6209938.0
2020-06-24,10.57,10.59,10.04,10.12,6392457.0
2020-06-25,10.15,10.63,10.11,10.63,5068181.0
2020-06-26,10.37,10.44,10.07,10.16,5716390.0
2020-06-29,10.45,10.61,10.29,10.57,6560768.0
2020-06-30,10.25,10.82,10.23,10.73,18106432.0
2020-07-01,10.7,10.87,10.46,10.62,5984453.0
2020-07-02,11.16,11.29,10.88,10.94,4306910.0
2020-07-06,11.43,11.61,11.2,11.59,6779901.0
2020-07-07,11.44,11.56,11.32,11.32,4132372.0
2020-07-08,11.23,11.47,11.18,11.28,4548448.0
2020-07-09,11.12,11.18,10.81,10.93,3313285.0
2020-07-10,10.99,11.49,10.97,11.46,4905058.0
2020-07-13,11.88,11.97,11.57,11.58,6472897.0
2020-07-14,11.41,11.85,11.33,11.81,4954898.0
2020-07-15,12.1,12.13,11.88,12.02,4618309.0
2020-07-16,11.85,11.96,11.64,11.65,3796193.0
2020-07-17,11.68,11.7,11.54,11.56,2384778.0
2020-07-20,11.52,11.68,11.52,11.59,2572939.0
2020-07-21,11.65,11.78,11.5,11.54,3282093.0
2020-07-22,11.42,11.52,11.36,11.49,2413360.0
2020-07-23,11.6,11.79,11.47,11.51,4008300.0
2020-07-24,11.5,11.6,11.42,11.47,2574667.0
2020-07-27,11.44,11.72,11.41,11.51,3829849.0
2020-07-28,11.52,11.61,11.11,11.15,3969843.0
2020-07-29,11.32,11.55,11.25,11.55,3532781.0
2020-07-30,11.01,11.12,10.71,11.04,4945803.0
2020-07-31,11.09,11.16,10.89,10.97,4672267.0
2020-08-03,11.23,11.34,11.14,11.29,3740276.0
2020-08-04,11.28,11.44,11.24,11.41,2509584.0
2020-08-05,11.94,12.19,11.88,12.02,3609160.0
2020-08-06,12.03,12.1,11.85,11.97,3191856.0
2020-08-07,11.59,11.76,11.39,11.76,4024049.0
2020-08-10,11.76,12.32,11.75,12.28,6022696.0
2020-08-11,12.59,12.68,12.27,12.32,6014914.0
2020-08-12,12.7,12.7,12.42,12.5,3388956.0
2020-08-13,12.2,12.34,12.02,12.1,3530785.0
2020-08-14,11.8,11.99,11.78,11.91,3411405.0
2020-08-17,12.11,12.17,11.97,11.99,2502551.0
2020-08-18,12.28,12.33,11.93,11.96,3636880.0
2020-08-19,12.04,12.13,11.79,11.8,4003529.0
2020-08-20,11.58,11.66,11.47,11.63,2685115.0
2020-08-21,11.44,11.51,11.29,11.34,3202918.0
2020-08-24,11.78,11.87,11.67,11.79,3372750.0
2020-08-25,11.91,11.92,11.59,11.81,1659925.0
2020-08-26,11.99,12.32,11.95,12.22,3760311.0
2020-08-27,12.33,12.35,11.9,12.13,3716818.0
2020-08-28,12.33,12.74,12.3,12.67,4302801.0
2020-08-31,13.07,13.07,12.53,12.56,3937011.0
2020-09-01,12.35,12.64,12.24,12.62,3413908.0
2020-09-02,12.76,13.06,12.63,13.05,2575402.0
2020-09-03,12.87,12.92,12.3,12.43,4148753.0
2020-09-04,12.8,13.06,12.45,12.94,2947095.0
2020-09-08,12.28,12.63,12.16,12.37,3139618.0
2020-09-09,12.71,12.97,12.65,12.86,3356538.0
2020-09-10,12.99,13.05,12.58,12.62,3196933.0
2020-09-11,12.59,12.85,12.55,12.66,2773806.0
2020-09-14,12.83,12.85,12.66,12.79,2327257.0
2020-09-15,12.88,13.0,12.7,12.9,2921221.0
2020-09-16,12.82,13.19,12.74,12.96,3075662.0
2020-09-17,13.37,13.83,13.25,13.74,5022883.0
2020-09-18,13.62,14.15,13.57,13.85,12679636.0
2020-09-21,13.11,13.12,12.4,12.66,6073954.0
2020-09-22,12.64,12.64,12.29,12.43,3290205.0
2020-09-23,12.57,12.64,12.09,12.1,3543927.0
2020-09-24,12.06,12.33,11.9,12.13,3313069.0
2020-09-25,11.92,12.13,11.84,12.09,2664914.0
2020-09-28,13.17,13.48,12.98,13.37,6603900.0
2020-09-29,13.49,13.61,13.23,13.34,4468527.0
2020-09-30,13.2,13.5,13.13,13.25,3917697.0
2020-10-01,13.62,13.7,13.45,13.62,2953572.0
2020-10-02,13.36,13.79,13.35,13.76,4333389.0
2020-10-05,13.77,14.09,13.77,14.03,3422911.0
2020-10-06,14.09,14.17,13.53,13.7,4096852.0
2020-10-07,14.13,14.54,14.11,14.4,2968006.0
2020-10-08,14.45,14.61,14.4,14.57,4144522.0
2020-10-09,14.61,14.69,14.26,14.28,3087115.0
2020-10-12,14.16,14.3,14.12,14.29,2321018.0
2020-10-13,13.99,14.0,13.66,13.77,6764133.0
2020-10-14,14.23,14.29,13.96,13.96,4489175.0
2020-10-15,13.69,13.99,13.66,13.99,2313505.0
2020-10-16,14.35,14.41,14.23,14.27,2437196.0
2020-10-19,14.44,14.6,14.13,14.15,3249515.0
2020-10-20,14.45,14.72,14.39,14.45,4633383.0
2020-10-21,14.66,14.87,14.53,14.59,2335081.0
2020-10-22,14.68,14.78,14.55,14.77,3658985.0
2020-10-23,14.76,14.79,14.49,14.75,2844272.0
2020-10-26,14.8,14.8,14.4,14.55,4844784.0
2020-10-27,14.19,14.25,13.85,13.93,3846316.0
2020-10-28,13.56,13.74,13.44,13.5,3560996.0
2020-10-29,13.45,13.8,13.4,13.66,3092189.0
2020-10-30,13.64,13.7,13.4,13.6,2949551.0
2020-11-02,13.87,14.05,13.79,14.0,2547806.0
2020-11-03,14.36,14.53,14.3,14.46,2309371.0
2020-11-04,14.59,14.68,14.08,14.1,5496402.0
2020-11-05,14.31,14.69,14.27,14.49,5085363.0
2020-11-06,15.0,15.18,14.89,14.9,2985785.0
2020-11-09,16.27,16.27,15.76,15.86,4926540.0
2020-11-10,16.03,16.08,15.63,15.75,3951854.0
2020-11-11,15.69,15.69,15.47,15.56,1592303.0
2020-11-12,15.46,15.85,15.41,15.51,2182066.0
2020-11-13,15.88,16.3,15.87,16.15,3242415.0
2020-11-16,16.74,16.91,16.53,16.69,3139529.0
2020-11-17,16.51,16.68,16.32,16.62,2765502.0
2020-11-18,16.5,16.73,16.32,16.34,2644144.0
2020-11-19,16.21,16.42,16.18,16.37,3096221.0
2020-11-20,16.54,16.61,16.3,16.36,3479448.0
2020-11-23,17.15,17.21,16.89,17.08,4157986.0
2020-11-24,17.52,18.29,17.5,18.18,6159691.0
2020-11-25,18.38,18.52,18.1,18.38,3833001.0
2020-11-27,18.33,18.59,18.23,18.28,1411147.0
2020-11-30,18.41,18.48,18.15,18.16,4334398.0
2020-12-01,19.1,19.56,19.1,19.43,3495638.0
2020-12-02,19.42,20.02,19.27,19.85,5213015.0
2020-12-03,20.33,20.72,20.14,20.4,4182600.0
2020-12-04,20.89,21.39,20.86,21.28,3258787.0
2020-12-07,21.27,21.36,20.96,21.06,3674506.0
2020-12-08,20.44,21.11,20.38,21.06,6165861.0
2020-12-09,21.16,21.34,20.71,20.88,5067396.0
2020-12-10,20.95,21.4,20.9,21.29,4396005.0
2020-12-11,20.85,21.16,20.65,21.04,3955817.0
2020-12-14,21.25,21.49,20.99,21.17,4487643.0
2020-12-15,22.22,23.42,22.22,23.18,8232646.0
2020-12-16,23.45,23.49,22.92,23.21,6650570.0
2020-12-17,23.53,24.03,23.36,23.45,5505642.0
2020-12-18,23.5,23.54,22.82,22.96,4990816.0
2020-12-21,22.3,23.17,22.27,23.0,4352704.0
2020-12-22,23.42,23.51,22.95,23.05,2903166.0
2020-12-23,23.4,23.53,23.27,23.35,2029361.0
2020-12-24,23.27,23.45,23.13,23.15,956894.0
2020-12-28,23.57,23.58,23.08,23.13,1856945.0
2020-12-29,23.21,23.35,22.89,22.98,2629106.0
2020-12-30,23.39,23.7,23.35,23.44,3196767.0
2020-12-31,22.97,23.18,22.68,22.9,2014439.0
2021-01-04,24.61,24.82,23.82,23.95,5289422.0
2021-01-05,23.91,24.77,23.89,24.62,3461649.0
2021-01-06,24.61,25.0,24.38,24.7,6302735.0
2021-01-07,25.25,25.76,25.11,25.52,4027938.0
2021-01-08,24.89,25.13,24.47,24.83,3462414.0
2021-01-11,24.26,24.65,24.06,24.53,4379205.0
2021-01-12,24.71,24.83,24.35,24.52,3774608.0
2021-01-13,24.61,24.62,23.93,24.09,3395538.0
2021-01-14,24.6,24.85,24.42,24.7,3333826.0
2021-01-15,24.12,24.22,23.43,23.95,4501076.0
2021-01-19,23.71,23.8,22.94,22.96,6056135.0
2021-01-20,23.17,23.47,22.94,23.47,6247487.0
2021-01-21,23.54,23.55,22.96,23.12,3172365.0
2021-01-22,22.59,22.83,22.38,22.43,6767236.0
2021-01-25,22.26,22.38,21.54,21.99,4911676.0
2021-01-26,22.79,22.8,21.96,21.99,7319617.0
2021-01-27,21.02,21.73,20.5,21.01,6744925.0
2021-01-28,22.22,22.62,22.05,22.46,6463964.0
2021-01-29,22.13,22.23,21.24,21.59,6353546.0
2021-02-01,22.49,22.58,21.97,22.56,4617705.0
2021-02-02,22.22,22.3,21.63,21.78,3253907.0
2021-02-03,21.69,21.82,21.53,21.63,4831274.0
2021-02-04,21.92,22.0,21.75,21.99,3003423.0
2021-02-05,22.41,22.48,22.08,22.21,3278724.0
2021-02-08,23.1,23.46,22.81,23.05,4165012.0
2021-02-09,23.25,23.48,22.84,23.27,4724776.0
2021-02-10,23.69,23.77,23.1,23.42,4659069.0
2021-02-11,23.07,23.35,22.46,22.62,4712228.0
2021-02-12,22.31,22.85,22.21,22.82,3429599.0
2021-02-16,23.56,24.06,23.53,23.96,3778177.0
2021-02-17,23.96,23.98,23.44,23.65,2848365.0
2021-02-18,23.37,23.53,22.7,22.96,3661077.0
2021-02-19,23.32,24.01,23.31,23.91,3779125.0
2021-02-22,23.69,24.31,23.69,23.99,3257997.0
2021-02-23,23.64,23.68,22.73,23.53,5269407.0
2021-02-24,23.95,24.54,23.73,24.45,4886612.0
2021-02-25,24.94,25.05,23.63,23.74,7637559.0
2021-02-26,23.93,23.96,23.2,23.27,6454808.0
2021-03-01,24.01,24.37,24.0,24.24,2856014.0
2021-03-02,24.45,25.29,24.36,25.14,7090204.0
2021-03-03,24.8,25.25,24.61,24.9,5249393.0
2021-03-04,24.57,24.74,23.04,23.58,7070826.0
2021-03-05,24.39,24.78,23.57,24.56,7053009.0
2021-03-08,24.26,24.89,24.21,24.66,7889411.0
2021-03-09,24.66,25.32,24.29,25.16,4392445.0
2021-03-10,24.6,24.97,24.46,24.85,5597818.0
2021-03-11,25.61,26.91,25.44,26.77,12944118.0
2021-03-12,26.12,27.17,26.12,26.94,10259353.0
2021-03-15,26.97,27.22,26.52,27.12,6562783.0
2021-03-16,26.74,27.21,26.45,27.01,10708650.0
2021-03-17,26.57,27.34,26.5,27.33,9335408.0
2021-03-18,27.15,27.77,26.65,26.91,11568096.0
2021-03-19,27.55,28.02,27.11,27.47,7990575.0
2021-03-22,27.7,27.73,26.84,27.02,4047081.0
2021-03-23,26.38,26.49,25.12,25.16,8393146.0
2021-03-24,25.9,26.96,25.76,26.2,7763637.0
2021-03-25,25.48,26.24,25.01,26.21,6554875.0
2021-03-26,26.87,28.88,26.87,28.87,12531663.0
2021-03-29,28.21,28.7,27.85,28.06,6922975.0
2021-03-30,28.16,29.06,28.11,29.0,5760246.0
2021-03-31,29.13,29.62,28.85,29.17,9184077.0
2021-04-01,29.52,29.55,28.67,29.35,4983542.0
2021-04-05,29.75,30.46,29.61,30.29,5120102.0
2021-04-06,29.39,29.81,28.95,29.16,8632144.0
2021-04-07,28.99,29.55,28.97,29.41,3187810.0
2021-04-08,29.04,29.38,28.72,29.34,3785904.0
2021-04-09,28.86,29.23,28.82,28.97,3409422.0
2021-04-12,29.38,29.42,28.73,28.95,3545229.0
2021-04-13,29.24,29.24,28.67,28.9,3500300.0
2021-04-14,29.21,30.03,29.21,29.65,5064745.0
2021-04-15,29.73,29.76,29.23,29.54,3298016.0
2021-04-16,30.02,30.27,29.79,30.11,3566103.0
2021-04-19,29.87,30.25,29.62,29.87,2938982.0
2021-04-20,29.55,29.59,28.47,28.72,3300674.0
2021-04-21,28.56,29.48,28.25,29.41,3802423.0
2021-04-22,29.45,29.62,28.9,29.14,3677703.0
2021-04-23,29.88,30.55,29.71,30.55,3835221.0
2021-04-26,30.85,31.49,30.81,31.45,7728763.0
2021-04-27,30.53,31.11,30.51,30.7,10339254.0
2021-04-28,30.58,30.87,30.41,30.8,4949394.0
2021-04-29,30.79,30.8,29.98,30.6,6401034.0
2021-04-30,29.55,29.79,29.06,29.29,6797173.0
2021-05-03,29.81,30.37,29.53,30.18,4310102.0
2021-05-04,29.58,30.31,29.36,30.2,7366361.0
2021-05-05,30.76,31.45,30.43,30.9,8225590.0
2021-05-06,31.6,32.4,31.5,32.34,7362192.0
2021-05-07,32.56,33.21,32.24,33.06,5023612.0
2021-05-10,33.43,33.96,32.66,32.71,8991362.0
2021-05-11,32.59,33.61,32.29,33.47,6769932.0
2021-05-12,32.56,33.18,31.53,31.82,7511293.0
2021-05-13,32.24,32.95,31.72,32.14,6327470.0
2021-05-14,32.45,32.7,32.1,32.47,4491412.0
2021-05-17,32.63,33.13,32.41,32.92,4370306.0
2021-05-18,33.21,33.27,32.33,32.4,4728126.0
2021-05-19,31.15,31.38,30.54,30.98,6919438.0
2021-05-20,30.87,31.25,30.56,31.12,3151293.0
2021-05-21,31.04,31.33,30.64,30.8,3401776.0
2021-05-24,31.12,31.34,30.8,31.19,3304995.0
2021-05-25,31.21,31.41,30.63,30.7,3588639.0
2021-05-26,30.71,31.13,30.62,31.05,3037366.0
2021-05-27,32.0,32.62,31.97,32.4,6312434.0
2021-05-28,32.47,32.78,32.16,32.59,3384920.0
2021-06-01,33.77,33.96,33.54,33.81,4286390.0
2021-06-02,33.56,33.87,33.24,33.48,4146833.0
2021-06-03,33.01,33.2,32.62,32.79,3330500.0
2021-06-04,33.27,33.46,32.96,33.27,2756159.0
2021-06-07,32.88,32.96,32.35,32.67,3562273.0
2021-06-08,32.19,32.65,31.77,32.5,3534049.0
2021-06-09,32.1,32.84,31.9,32.4,4699807.0
2021-06-10,32.94,33.39,32.41,32.59,5434987.0
2021-06-11,33.4,33.71,32.92,33.18,3543874.0
2021-06-14,32.96,33.03,32.42,32.67,3356339.0
2021-06-15,31.77,31.94,30.92,31.47,5284371.0
2021-06-16,30.44,30.66,30.03,30.19,4504642.0
2021-06-17,29.54,29.83,28.57,28.77,6454339.0
2021-06-18,28.55,28.87,28.18,28.42,6168265.0
2021-06-21,28.93,29.37,28.8,29.18,3971326.0
2021-06-22,29.03,29.29,28.77,29.11,3288724.0
2021-06-23,29.82,29.96,29.44,29.57,4507610.0
2021-06-24,30.47,30.98,30.07,30.79,3830771.0
2021-06-25,31.29,31.51,30.95,31.03,3498015.0
2021-06-28,31.02,31.03,30.2,30.55,3178340.0
2021-06-29,31.37,31.61,31.16,31.28,3125447.0
2021-06-30,30.89,31.17,30.66,31.06,2241504.0
2021-07-01,31.68,31.74,31.05,31.23,1918519.0
2021-07-02,31.52,31.55,31.11,31.5,1762142.0
2021-07-06,31.08,31.08,29.8,30.01,2509088.0
2021-07-07,30.22,30.67,30.0,30.26,3093940.0
2021-07-08,29.35,29.79,28.9,29.67,3029457.0
2021-07-09,30.69,31.41,30.55,31.18,2850675.0
2021-07-12,30.76,31.29,30.47,31.06,2659270.0
2021-07-13,30.76,30.85,30.23,30.45,2665966.0
2021-07-14,31.49,31.89,30.82,30.89,4484762.0
2021-07-15,30.86,31.46,30.77,31.15,3153869.0
2021-07-16,30.64,30.72,29.38,29.52,4318731.0
2021-07-19,28.72,29.15,28.34,29.03,5130695.0
2021-07-20,29.16,30.2,28.93,30.19,4380832.0
2021-07-21,30.59,31.58,30.58,31.48,4358182.0
2021-07-22,31.49,31.99,31.1,31.78,4649097.0
2021-07-23,31.98,32.14,31.73,32.12,4976713.0
2021-07-26,33.0,33.7,32.98,33.69,4895890.0
2021-07-27,33.17,33.6,32.91,33.58,3653421.0
2021-07-28,33.46,34.5,33.09,34.29,4279179.0
2021-07-29,34.61,35.45,34.48,35.13,5463591.0
2021-07-30,35.24,35.43,34.7,35.24,3411315.0
2021-08-02,34.84,35.24,34.0,34.06,3683332.0
2021-08-03,34.57,35.04,34.09,34.91,4294824.0
2021-08-04,35.05,35.09,34.31,34.34,3587208.0
2021-08-05,34.42,34.72,34.21,34.34,2957452.0
2021-08-06,34.82,35.0,34.47,34.5,2304787.0
2021-08-09,34.43,34.98,34.31,34.9,2446153.0
2021-08-10,34.98,35.96,34.97,35.95,5136143.0
2021-08-11,35.89,36.37,35.67,36.27,3020874.0
2021-08-12,36.04,36.37,35.8,36.22,3221406.0
2021-08-13,36.13,36.58,35.97,36.19,2847691.0
2021-08-16,35.48,36.07,35.1,35.86,2651451.0
2021-08-17,35.4,35.52,34.32,34.83,3861836.0
2021-08-18,34.69,35.29,34.6,34.6,3131751.0
2021-08-19,32.98,33.18,32.41,32.76,6625488.0
2021-08-20,32.62,33.02,32.45,32.72,5726158.0
2021-08-23,33.2,33.54,33.18,33.31,4362384.0
2021-08-24,34.2,34.67,34.2,34.34,2697238.0
2021-08-25,34.34,34.57,34.08,34.15,1817100.0
2021-08-26,34.28,34.35,33.28,33.37,3306828.0
2021-08-27,33.82,34.86,33.77,34.71,3336565.0
2021-08-30,34.81,34.82,34.28,34.28,2393013.0
2021-08-31,34.07,34.16,33.35,33.45,4684282.0
2021-09-01,33.25,34.12,32.93,33.97,4566232.0
2021-09-02,33.79,34.23,33.64,33.77,3951767.0
2021-09-03,33.96,34.22,33.47,33.6,2109369.0
2021-09-07,34.27,34.45,33.73,33.79,2593625.0
2021-09-08,33.59,33.82,33.18,33.38,2764885.0
2021-09-09,33.23,33.31,32.85,32.92,3929227.0
2021-09-10,33.1,33.51,32.58,32.65,4109339.0
2021-09-13,33.29,33.35,32.71,33.0,4117732.0
2021-09-14,32.91,32.95,32.24,32.3,2305564.0
2021-09-15,33.21,34.41,33.16,34.38,5844608.0
2021-09-16,33.86,33.9,33.28,33.36,3063808.0
2021-09-17,32.8,32.99,31.72,31.88,5903493.0
2021-09-20,29.65,30.26,28.9,29.39,9605174.0
2021-09-21,29.65,29.73,28.66,29.14,5061332.0
2021-09-22,30.07,30.33,29.7,29.78,4629455.0
2021-09-23,30.17,30.64,30.06,30.39,6878143.0
2021-09-24,30.1,30.56,30.02,30.24,3226548.0
2021-09-27,30.3,30.72,30.29,30.42,4216509.0
2021-09-28,30.34,30.47,29.52,29.82,3801010.0
2021-09-29,30.42,30.49,29.68,29.75,2905347.0
2021-09-30,30.46,30.76,30.11,30.16,5125144.0
2021-10-01,29.7,29.83,28.87,29.52,6872285.0
2021-10-04,29.28,29.47,28.61,28.73,4157103.0
2021-10-05,28.63,29.3,28.32,29.02,4766346.0
2021-10-06,28.17,28.48,27.78,28.39,3739489.0
2021-10-07,29.13,29.57,28.79,28.8,4241802.0
2021-10-08,29.28,29.43,28.91,28.93,2241387.0
2021-10-11,30.28,30.58,29.8,29.85,3805572.0
2021-10-12,30.18,30.52,30.02,30.19,4102519.0
2021-10-13,30.65,31.12,30.31,31.02,5423799.0
2021-10-14,31.53,32.05,31.43,31.92,3184768.0
2021-10-15,32.11,32.36,31.97,32.13,3683989.0
2021-10-18,31.91,32.46,31.78,32.46,3170398.0
2021-10-19,32.46,32.6,32.14,32.39,2559435.0
2021-10-20,32.15,32.91,32.06,32.83,2677470.0
2021-10-21,31.84,31.95,31.34,31.74,3104465.0
2021-10-22,31.88,32.27,31.48,31.92,2741118.0
2021-10-25,32.51,33.36,32.35,33.2,3187290.0
2021-10-26,33.66,34.1,33.29,33.92,4117201.0
2021-10-27,33.36,33.95,33.05,33.33,2923995.0
2021-10-28,33.59,34.08,33.36,33.91,2684836.0
2021-10-29,33.78,34.25,33.57,34.17,2910264.0
2021-11-01,34.72,34.88,34.47,34.6,3662194.0
2021-11-02,33.35,33.61,33.06,33.53,3212368.0
2021-11-03,33.27,33.44,32.98,33.42,3384468.0
2021-11-04,33.24,33.37,32.63,32.78,3315675.0
2021-11-05,32.23,32.47,31.95,32.47,3308186.0
2021-11-08,33.12,33.65,33.06,33.17,5042648.0
2021-11-09,32.86,32.97,31.72,32.03,5230747.0
2021-11-10,31.37,31.87,30.91,30.97,5594198.0
2021-11-11,32.62,32.76,32.36,32.49,4219919.0
2021-11-12,31.5,31.75,31.34,31.48,3356993.0
2021-11-15,31.01,31.14,30.46,30.49,3286021.0
2021-11-16,30.57,30.68,30.33,30.44,2338729.0
2021-11-17,30.76,30.99,30.12,30.14,5572912.0
2021-11-18,30.93,30.93,30.43,30.66,7022017.0
2021-11-19,29.97,30.23,29.81,30.0,3819972.0
2021-11-22,30.12,30.53,30.0,30.17,4034934.0
2021-11-23,30.43,30.76,30.23,30.49,2890419.0
2021-11-24,29.56,29.81,29.16,29.18,4781618.0
2021-11-26,27.55,28.05,27.3,27.87,3387883.0
2021-11-29,28.37,28.43,27.42,27.52,5285352.0
2021-11-30,27.59,27.71,26.59,26.78,7329688.0
2021-12-01,27.75,28.12,26.88,26.89,6801454.0
2021-12-02,27.6,28.34,27.3,28.15,4867431.0
2021-12-03,28.03,28.16,27.31,27.59,4501818.0
2021-12-06,28.03,28.42,27.76,28.17,4478800.0
2021-12-07,29.2,29.65,29.16,29.5,4411354.0
2021-12-08,29.82,29.85,29.53,29.65,2826690.0
2021-12-09,29.03,29.32,28.84,29.17,2262397.0
2021-12-10,29.53,29.6,29.04,29.23,2100634.0
2021-12-13,29.55,29.62,28.84,29.22,3647853.0
2021-12-14,30.54,31.44,30.46,31.26,6997839.0
2021-12-15,31.81,31.83,30.61,31.55,7758190.0
2021-12-16,32.53,32.83,32.01,32.2,5346388.0
2021-12-17,32.35,32.49,31.85,32.03,5395002.0
2021-12-20,31.97,31.98,31.19,31.67,5338930.0
2021-12-21,32.48,32.6,31.99,32.06,3986561.0
2021-12-22,32.53,33.0,32.29,32.85,4524682.0
2021-12-23,31.98,32.19,31.82,32.08,2827814.0
2021-12-27,32.29,32.66,31.97,32.66,1710510.0
2021-12-28,32.25,32.59,32.19,32.5,1930063.0
2021-12-29,32.43,32.76,32.33,32.43,2412238.0
2021-12-30,32.29,32.45,31.68,31.74,4149274.0
2021-12-31,31.76,32.12,31.76,31.83,3272353.0
2022-01-03,32.44,32.58,32.08,32.12,2671559.0
2022-01-04,32.3,33.03,32.25,32.97,3276133.0
2022-01-05,32.86,33.91,32.86,33.03,5323960.0
2022-01-06,33.62,33.7,33.12,33.49,4729842.0
2022-01-07,34.2,34.85,34.17,34.81,4908023.0
2022-01-10,34.26,34.37,33.92,34.3,4425617.0
2022-01-11,34.57,35.39,34.14,35.39,5419826.0
2022-01-12,36.72,37.68,36.67,37.24,8944053.0
2022-01-13,37.54,37.87,37.17,37.28,4068033.0
2022-01-14,36.94,37.47,36.72,37.22,3602631.0
2022-01-18,35.42,35.64,35.02,35.27,8691553.0
2022-01-19,36.08,36.34,35.49,35.62,5038963.0
2022-01-20,35.14,35.48,34.13,34.14,5151158.0
2022-01-21,33.53,33.53,31.76,31.83,9748385.0
2022-01-24,30.5,31.17,29.77,30.99,10403966.0
2022-01-25,30.26,30.94,29.52,30.55,6978356.0
2022-01-26,31.07,31.16,29.86,30.14,4188471.0
2022-01-27,30.06,30.43,28.63,28.68,12464255.0
2022-01-28,28.95,29.18,28.22,29.16,11621562.0
2022-01-31,29.37,29.78,29.17,29.66,4677563.0
2022-02-01,30.9,31.54,30.73,31.49,4511339.0
2022-02-02,31.71,31.97,31.22,31.79,3287460.0
2022-02-03,31.68,32.1,31.4,31.48,3552019.0
2022-02-04,30.96,31.62,30.92,31.47,3799252.0
2022-02-07,31.9,32.78,31.84,32.39,5280137.0
2022-02-08,32.9,33.62,32.85,33.62,3857187.0
2022-02-09,33.79,34.39,33.4,34.3,4858052.0
2022-02-10,32.59,33.73,32.59,33.2,10685624.0
2022-02-11,32.05,32.3,30.63,30.69,9070977.0
2022-02-14,30.44,30.72,29.53,29.73,7554819.0
2022-02-15,30.21,30.86,30.07,30.81,4092067.0
2022-02-16,31.15,31.85,31.14,31.76,3431559.0
2022-02-17,30.98,31.13,30.25,30.46,3809309.0
2022-02-18,30.53,30.76,30.07,30.33,3387221.0
2022-02-22,30.65,31.32,29.86,30.2,5157341.0
2022-02-23,30.86,30.96,29.64,29.72,4063993.0
2022-02-24,27.36,28.52,27.25,28.35,8007384.0
2022-02-25,30.21,31.67,29.98,31.65,6847895.0
2022-02-28,30.59,31.32,30.48,30.94,5532944.0
2022-03-01,31.88,32.38,31.05,31.5,5231983.0
2022-03-02,32.71,33.07,32.3,32.89,4524714.0
2022-03-03,33.15,33.26,31.86,32.21,6700619.0
2022-03-04,29.96,30.13,28.96,29.34,6752568.0
2022-03-07,29.41,29.54,27.7,27.96,5933458.0
2022-03-08,29.03,30.01,28.31,28.66,7349019.0
2022-03-09,29.12,30.32,28.99,30.01,5958037.0
2022-03-10,29.61,30.1,29.25,30.02,4355391.0
2022-03-11,30.26,30.7,29.79,29.82,5447913.0
2022-03-14,30.33,30.82,29.85,30.01,4366351.0
2022-03-15,29.87,30.22,29.48,30.13,3345945.0
2022-03-16,31.08,32.06,30.96,32.04,4911831.0
2022-03-17,31.54,32.3,31.47,31.99,4579285.0
2022-03-18,31.56,31.86,31.12,31.85,3862903.0
2022-03-21,32.29,33.47,32.25,33.45,4608258.0
2022-03-22,34.07,34.17,33.42,33.65,5157399.0
2022-03-23,32.68,33.62,32.59,33.23,5396648.0
2022-03-24,33.17,34.17,33.04,34.05,5651639.0
2022-03-25,33.92,34.59,33.78,34.56,4379966.0
2022-03-28,33.69,33.75,33.19,33.65,3161237.0
2022-03-29,33.06,33.67,33.06,33.46,4406496.0
2022-03-30,33.32,33.42,32.7,32.86,3180114.0
2022-03-31,32.74,32.89,31.97,32.01,3246208.0
2022-04-01,32.61,33.04,32.3,32.84,2369275.0
2022-04-04,32.5,32.86,32.38,32.67,1966917.0
2022-04-05,31.33,31.68,30.45,30.53,4300439.0
2022-04-06,30.61,30.69,29.92,30.33,3759395.0
2022-04-07,30.78,30.94,29.9,30.81,3553144.0
2022-04-08,30.75,30.83,30.38,30.61,3592322.0
2022-04-11,31.07,31.57,31.05,31.14,4497700.0
2022-04-12,31.53,32.04,31.11,31.27,3905569.0
2022-04-13,32.39,32.75,32.09,32.72,3073907.0
2022-04-14,32.71,33.12,32.65,33.01,2973041.0
2022-04-18,33.09,33.54,32.96,33.26,1717755.0
2022-04-19,32.73,33.08,32.69,33.03,1972947.0
2022-04-20,32.84,33.0,32.37,32.51,2344724.0
2022-04-21,33.73,33.9,32.35,32.47,4337444.0
2022-04-22,32.55,32.56,31.02,31.33,4355736.0
2022-04-25,29.62,29.77,28.46,29.55,4925996.0
2022-04-26,29.2,29.42,28.07,28.08,5260268.0
2022-04-27,29.26,29.82,28.93,29.49,4009349.0
2022-04-28,29.07,29.79,28.67,29.62,2605943.0
2022-04-29,29.78,30.04,29.15,29.24,3748102.0
2022-05-02,28.76,29.06,28.03,28.85,5720133.0
2022-05-03,29.46,29.98,29.39,29.79,3824254.0
2022-05-04,28.82,29.75,28.36,29.68,5055968.0
2022-05-05,29.39,29.57,27.05,27.53,5857674.0
2022-05-06,27.72,28.02,27.02,27.87,7663764.0
2022-05-09,27.55,28.02,27.27,27.57,6755504.0
2022-05-10,28.08,28.15,27.12,27.76,5040079.0
2022-05-11,28.27,28.57,27.38,27.42,5738386.0
2022-05-12,26.69,27.3,26.36,26.91,6762947.0
2022-05-13,27.11,27.64,27.06,27.32,5043593.0
2022-05-16,28.44,28.6,28.01,28.38,3769001.0
2022-05-17,29.14,29.24,28.8,29.16,3532749.0
2022-05-18,29.17,29.48,28.33,28.45,2914705.0
2022-05-19,28.22,29.09,28.2,28.64,5065420.0
2022-05-20,29.5,29.59,28.26,29.17,3371576.0
2022-05-23,30.14,30.52,29.91,30.39,3553695.0
2022-05-24,30.4,30.64,29.97,30.57,3882469.0
2022-05-25,30.18,30.91,30.18,30.77,2453680.0
2022-05-26,31.13,31.98,31.13,31.84,3401817.0
2022-05-27,32.33,33.17,32.32,33.15,3998369.0
2022-05-31,32.31,32.63,32.1,32.35,4044591.0
2022-06-01,32.09,32.36,31.38,31.9,3704877.0
2022-06-02,32.41,33.77,32.28,32.87,5044539.0
2022-06-03,32.51,32.86,32.4,32.72,2580775.0
2022-06-06,32.88,33.2,32.71,32.88,3031629.0
2022-06-07,32.71,33.42,32.7,33.39,2336418.0
2022-06-08,32.25,32.37,31.47,31.65,2970576.0
2022-06-09,30.87,30.94,29.79,29.81,4058214.0
2022-06-10,29.09,29.16,28.45,28.62,4342871.0
2022-06-13,27.42,27.57,26.86,27.05,4082087.0
2022-06-14,26.91,27.38,26.64,27.0,3579124.0
2022-06-15,27.44,27.95,26.99,27.67,3248256.0
2022-06-16,26.39,26.63,26.05,26.16,3924859.0
2022-06-17,26.23,26.34,25.49,25.98,4112285.0
2022-06-21,26.29,26.42,25.83,25.91,2890999.0
2022-06-22,23.74,24.06,23.33,23.71,7581271.0
2022-06-23,23.7,23.79,22.92,23.31,4721847.0
2022-06-24,23.27,23.95,23.15,23.92,4584413.0
2022-06-27,24.16,24.57,23.94,24.3,3130758.0
2022-06-28,24.49,24.84,23.97,24.04,2782036.0
2022-06-29,23.89,23.97,23.18,23.51,3232286.0
2022-06-30,22.19,22.94,21.89,22.6,4422179.0
2022-07-01,22.57,22.91,21.93,22.89,2957175.0
2022-07-05,21.5,21.86,21.25,21.86,3378675.0
2022-07-06,21.21,21.59,20.86,21.51,4641922.0
2022-07-07,22.19,22.5,22.07,22.19,2949854.0
2022-07-08,22.32,22.4,21.87,22.13,3031334.0
2022-07-11,21.5,21.84,21.35,21.69,2468559.0
2022-07-12,21.59,22.36,21.55,22.01,2386086.0
2022-07-13,21.82,22.35,21.55,22.19,2132462.0
2022-07-14,21.21,21.5,20.97,21.42,2496149.0
2022-07-15,21.46,21.82,21.18,21.82,2482223.0
2022-07-18,22.23,22.52,22.02,22.16,3416627.0
2022-07-19,22.68,23.54,22.56,23.5,5193787.0
2022-07-20,23.36,23.56,23.01,23.26,3171652.0
2022-07-21,23.34,23.57,23.13,23.56,2413514.0
2022-07-22,23.62,23.68,22.95,23.04,3055910.0
2022-07-25,23.6,23.98,23.45,23.74,2932255.0
2022-07-26,23.25,23.36,22.77,22.9,3414130.0
2022-07-27,23.08,23.63,22.89,23.57,2319228.0
2022-07-28,23.57,23.89,23.13,23.52,2380299.0
2022-07-29,24.26,24.67,24.1,24.59,4299714.0
2022-08-01,24.37,24.47,24.05,24.24,2087403.0
2022-08-02,23.98,23.99,23.5,23.54,2034432.0
2022-08-03,23.96,24.12,23.8,24.0,1577125.0
2022-08-04,24.01,24.39,23.88,24.14,1896034.0
2022-08-05,23.97,24.65,23.8,24.48,1736627.0
2022-08-08,24.87,25.13,24.67,24.82,2374812.0
2022-08-09,24.76,24.97,24.63,24.94,2082513.0
2022-08-10,25.64,25.81,25.43,25.65,2161245.0
2022-08-11,25.6,25.87,25.34,25.39,2354875.0
2022-08-12,25.18,25.44,25.06,25.4,1803831.0
2022-08-15,24.66,24.74,24.36,24.65,2136141.0
2022-08-16,25.3,25.5,25.19,25.3,2119609.0
2022-08-17,24.87,24.98,24.62,24.73,1722344.0
2022-08-18,24.83,24.86,24.63,24.68,1470743.0
2022-08-19,23.78,23.82,23.3,23.42,2669525.0
2022-08-22,22.94,23.12,22.71,22.89,1986069.0
2022-08-23,23.59,24.18,23.58,23.77,2530546.0
2022-08-24,23.36,23.46,23.13,23.39,2286437.0
2022-08-25,23.53,24.08,23.48,24.05,2515351.0
2022-08-26,24.1,24.17,23.3,23.3,2006627.0
2022-08-29,24.04,24.34,23.93,24.09,2963387.0
2022-08-30,24.36,24.37,23.53,23.82,3097556.0
2022-08-31,23.88,24.02,23.53,23.59,3272045.0
2022-09-01,22.36,22.45,21.93,22.27,3670945.0
2022-09-02,23.09,23.41,22.37,22.51,3491043.0
2022-09-06,22.48,22.64,22.11,22.24,2542061.0
2022-09-07,22.08,22.77,21.96,22.64,2357969.0
2022-09-08,22.19,22.7,22.08,22.61,3561858.0
2022-09-09,22.89,23.41,22.88,23.38,2910418.0
2022-09-12,24.11,24.43,23.86,24.01,2765924.0
2022-09-13,22.87,23.29,22.26,22.4,3622697.0
2022-09-14,22.21,22.27,21.49,21.65,4932029.0
2022-09-15,21.93,22.19,21.71,21.87,3055492.0
2022-09-16,21.85,22.29,21.73,22.09,3688225.0
2022-09-19,21.72,22.51,21.72,22.43,2774353.0
2022-09-20,21.5,21.72,21.31,21.54,3604319.0
2022-09-21,21.63,21.89,21.14,21.14,2644410.0
2022-09-22,21.51,21.65,21.2,21.31,2150329.0
2022-09-23,20.61,20.61,20.14,20.33,3826204.0
2022-09-26,20.34,20.6,19.86,19.95,3470526.0
2022-09-27,20.41,20.63,19.85,20.21,3802320.0
2022-09-28,19.33,19.97,19.27,19.89,4809969.0
2022-09-29,19.52,19.89,19.25,19.85,3302744.0
2022-09-30,19.77,20.28,19.65,19.91,3920693.0
2022-10-03,20.63,21.13,20.51,21.08,2217895.0
2022-10-04,21.53,22.25,21.5,22.19,3114019.0
2022-10-05,21.21,21.89,21.13,21.74,2903896.0
2022-10-06,20.44,20.66,20.4,20.59,4540390.0
2022-10-07,20.48,20.76,20.26,20.56,3329026.0
2022-10-10,21.33,21.43,20.91,21.1,3248203.0
2022-10-11,20.68,21.11,20.55,20.71,2651972.0
2022-10-12,20.68,20.95,20.5,20.72,2523235.0
2022-10-13,20.47,21.69,20.4,21.52,3147738.0
2022-10-14,21.65,21.67,20.8,20.84,2302945.0
2022-10-17,21.72,21.77,21.48,21.57,2701376.0
2022-10-18,22.21,22.31,21.66,21.89,3120251.0
2022-10-19,21.66,21.88,21.38,21.53,1414279.0
2022-10-20,21.7,22.58,21.63,22.21,3331665.0
2022-10-21,22.25,23.46,22.19,23.39,3123865.0
2022-10-24,23.01,23.2,22.88,23.02,3377357.0
2022-10-25,22.64,22.88,22.35,22.76,3963206.0
2022-10-26,23.13,23.69,23.07,23.28,2658193.0
2022-10-27,22.81,23.12,22.72,22.85,2067642.0
2022-10-28,22.39,22.62,22.2,22.46,2690976.0
2022-10-31,22.14,22.56,22.13,22.45,1821058.0
2022-11-01,22.88,23.03,22.4,22.66,2603724.0
2022-11-02,22.49,22.76,21.76,21.78,2275180.0
2022-11-03,21.17,21.57,21.14,21.32,3092649.0
2022-11-04,23.15,23.83,23.06,23.46,4669428.0
2022-11-07,23.97,24.17,23.75,24.04,2773535.0
2022-11-08,24.46,24.89,24.29,24.6,3294636.0
2022-11-09,24.25,24.44,23.96,24.05,2306631.0
2022-11-10,24.67,25.31,24.45,25.24,3132126.0
2022-11-11,26.31,27.54,26.22,27.4,5006778.0
2022-11-14,26.56,27.32,26.51,27.0,3946330.0
2022-11-15,27.09,27.27,26.55,26.85,3067356.0
2022-11-16,26.07,26.15,25.87,25.96,2207148.0
2022-11-17,25.56,26.16,25.51,26.12,1855699.0
2022-11-18,26.14,26.15,25.72,25.89,1414810.0
2022-11-21,25.35,25.9,25.21,25.79,2020135.0
2022-11-22,26.12,26.53,26.01,26.52,1803163.0
2022-11-23,26.14,26.39,26.08,26.37,1310017.0
2022-11-25,26.47,26.66,26.41,26.59,658376.0
2022-11-28,26.41,26.56,25.96,26.01,2196236.0
2022-11-29,26.77,27.09,26.69,26.71,1801392.0
2022-11-30,27.02,27.16,26.34,27.05,3053961.0
2022-12-01,26.85,26.93,26.51,26.62,1698243.0
2022-12-02,26.55,27.15,26.54,27.06,1379417.0
2022-12-05,27.48,27.52,26.4,26.5,2078014.0
2022-12-06,26.95,27.1,26.51,26.67,2028032.0
2022-12-07,26.61,26.8,26.43,26.5,2300889.0
2022-12-08,27.26,27.42,26.99,27.09,1873561.0
2022-12-09,27.25,27.5,26.94,27.0,1603824.0
2022-12-12,26.99,27.19,26.76,27.16,1493606.0
2022-12-13,28.05,28.12,27.46,27.64,2123321.0
2022-12-14,26.62,26.89,26.26,26.62,2608257.0
2022-12-15,26.3,26.31,25.81,25.93,2223026.0
2022-12-16,25.4,25.64,25.18,25.46,2433526.0
2022-12-19,25.72,25.84,25.19,25.35,1909832.0
2022-12-20,25.55,25.96,25.55,25.74,1292167.0
2022-12-21,26.26,26.54,26.21,26.43,1314305.0
2022-12-22,26.38,26.41,25.81,26.25,1278263.0
2022-12-23,26.56,26.69,26.39,26.66,1505124.0
2022-12-27,26.74,26.88,26.5,26.59,1022251.0
2022-12-28,26.62,26.69,26.04,26.06,1366271.0
2022-12-29,26.56,26.65,26.46,26.47,1354520.0
2022-12-30,26.31,26.44,26.0,26.22,1355347.0
2023-01-03,26.8,26.99,26.46,26.63,1584731.0
2023-01-04,27.2,27.55,27.02,27.48,2242913.0
2023-01-05,27.69,28.07,27.51,27.75,3293231.0
2023-01-06,27.88,28.81,27.79,28.74,6571036.0
2023-01-09,29.2,29.45,28.79,28.8,2891460.0
2023-01-10,29.1,29.67,28.97,29.65,2696772.0
2023-01-11,29.58,29.79,29.41,29.74,2098572.0
2023-01-12,30.02,30.81,29.88,30.8,3137728.0
2023-01-13,30.75,31.22,30.75,31.17,2557222.0
2023-01-17,31.57,31.72,31.12,31.18,1990851.0
2023-01-18,31.46,31.55,30.68,30.7,2039828.0
2023-01-19,30.26,30.56,30.0,30.35,1887467.0
2023-01-20,30.52,30.92,30.35,30.91,1633986.0
2023-01-23,30.94,31.01,30.76,31.0,1161414.0
2023-01-24,30.71,31.26,30.62,31.17,1244881.0
2023-01-25,31.06,31.5,31.05,31.45,1538813.0
2023-01-26,31.93,32.27,31.46,32.25,2094081.0
2023-01-27,31.98,32.22,31.7,31.92,1264442.0
2023-01-30,31.53,31.71,31.29,31.32,1828089.0
2023-01-31,30.77,30.95,30.64,30.94,2019592.0
2023-02-01,30.86,31.62,30.58,31.45,2380107.0
2023-02-02,31.22,31.29,30.54,31.09,2621424.0
2023-02-03,30.88,31.25,30.38,30.43,3197560.0
2023-02-06,29.85,29.92,29.22,29.42,3362167.0
2023-02-07,29.59,29.75,29.0,29.34,6325325.0
2023-02-08,29.31,29.41,28.96,29.06,5276866.0
2023-02-09,29.99,30.04,29.08,29.18,4670770.0
2023-02-10,28.91,29.09,28.67,28.78,5133092.0
2023-02-13,28.84,29.38,28.77,29.31,2392415.0
2023-02-14,29.8,30.43,29.71,30.34,3162511.0
2023-02-15,29.99,30.71,29.89,30.71,1821260.0
2023-02-16,30.34,31.0,30.34,30.7,1493889.0
2023-02-17,30.35,30.38,29.96,30.04,1795835.0
2023-02-21,30.2,30.53,29.94,29.99,1273596.0
2023-02-22,29.96,30.06,29.68,29.84,1830706.0
2023-02-23,30.11,30.19,29.59,29.95,1920914.0
2023-02-24,29.33,29.5,29.13,29.43,2033007.0
2023-02-27,29.91,30.13,29.76,29.96,1714314.0
2023-02-28,30.02,30.37,29.92,30.25,2452201.0
2023-03-01,31.03,31.37,30.93,31.04,2385206.0
2023-03-02,30.9,31.85,30.87,31.75,2479692.0
2023-03-03,32.2,32.49,32.11,32.39,2115205.0
2023-03-06,32.2,32.22,31.89,31.94,2494921.0
2023-03-07,31.66,31.69,30.78,30.84,1981416.0
2023-03-08,31.13,31.53,31.12,31.36,1553043.0
2023-03-09,31.17,31.35,30.48,30.59,2060522.0
2023-03-10,30.36,30.49,29.43,29.62,2824085.0
2023-03-13,28.97,29.31,28.58,28.59,6222482.0
2023-03-14,29.57,29.57,29.01,29.28,2860995.0
2023-03-15,27.01,27.38,26.24,26.69,5751863.0
2023-03-16,26.29,27.3,26.27,27.17,1942620.0
2023-03-17,26.94,26.99,26.42,26.45,3786298.0
2023-03-20,26.86,27.21,26.86,26.99,2097722.0
2023-03-21,28.33,28.43,27.97,28.08,2343418.0
2023-03-22,28.27,28.69,27.94,27.95,2557890.0
2023-03-23,28.72,28.94,27.91,28.22,2433664.0
2023-03-24,27.73,28.18,27.59,28.06,2574217.0
2023-03-27,28.3,28.54,28.13,28.41,1725540.0
2023-03-28,28.33,29.12,28.33,28.9,3855989.0
2023-03-29,29.51,29.7,29.33,29.47,4928005.0
2023-03-30,30.16,30.24,29.84,30.0,2872549.0
2023-03-31,30.24,30.36,30.03,30.12,1781588.0
2023-04-03,29.42,29.57,29.05,29.32,2810063.0
2023-04-04,29.38,29.4,28.36,28.66,3604545.0
2023-04-05,28.13,28.38,27.81,28.13,1688469.0
2023-04-06,27.94,28.24,27.73,28.12,1294935.0
2023-04-10,28.05,28.67,28.05,28.3,1726195.0
2023-04-11,29.15,29.39,29.14,29.18,2070437.0
2023-04-12,29.57,29.64,29.26,29.32,1857886.0
2023-04-13,29.88,30.0,29.66,29.86,2132739.0
2023-04-14,29.78,29.96,29.46,29.7,1558231.0
2023-04-17,29.77,29.9,29.62,29.85,1844347.0
2023-04-18,29.98,30.15,29.9,30.03,1398412.0
2023-04-19,29.49,29.56,29.28,29.47,1684735.0
2023-04-20,29.11,29.49,29.04,29.3,1655219.0
2023-04-21,28.64,28.7,28.3,28.46,2878150.0
2023-04-24,27.86,28.08,27.73,27.9,4852474.0
2023-04-25,27.49,27.51,27.2,27.32,2656122.0
2023-04-26,27.99,28.09,27.7,27.83,1923562.0
2023-04-27,28.2,28.29,27.97,28.28,3679965.0
2023-04-28,28.06,28.5,28.01,28.47,2075687.0
2023-05-01,28.58,28.71,27.94,28.06,1493642.0
2023-05-02,28.1,28.26,27.64,28.21,2932825.0
2023-05-03,28.07,28.49,28.04,28.11,1951280.0
2023-05-04,27.12,27.37,26.36,26.48,3149538.0
2023-05-05,26.7,27.35,26.69,27.16,3043400.0
2023-05-08,27.91,28.01,27.39,27.46,2397506.0
2023-05-09,27.2,27.69,27.12,27.57,1768063.0
2023-05-10,27.67,27.69,26.63,26.97,3648886.0
2023-05-11,26.18,26.31,25.9,26.11,5917120.0
2023-05-12,26.57,26.65,26.26,26.37,2933055.0
2023-05-15,26.47,26.67,26.36,26.65,3064536.0
2023-05-16,26.26,26.37,25.71,25.75,3885657.0
2023-05-17,26.52,26.8,26.4,26.45,6419617.0
2023-05-18,26.53,26.89,26.23,26.82,3342283.0
2023-05-19,27.0,27.02,26.66,26.83,1953082.0
2023-05-22,26.55,26.8,26.48,26.72,1460373.0
2023-05-23,26.5,26.6,26.12,26.14,2185795.0
2023-05-24,25.85,25.85,25.57,25.74,2106758.0
2023-05-25,25.74,25.84,25.52,25.72,2305282.0
2023-05-26,26.19,26.28,25.93,25.97,3053783.0
2023-05-30,25.62,25.67,25.37,25.6,2481087.0
2023-05-31,25.09,25.11,24.67,24.95,1999282.0
2023-06-01,25.3,25.67,25.3,25.56,1871409.0
2023-06-02,26.53,26.95,26.38,26.82,2893736.0
2023-06-05,26.49,26.64,26.16,26.5,1495439.0
2023-06-06,26.24,26.81,26.22,26.76,1786554.0
2023-06-07,26.7,26.97,26.65,26.83,1859416.0
2023-06-08,27.38,27.53,27.12,27.37,2158338.0
2023-06-09,27.26,27.48,27.21,27.3,1294873.0
2023-06-12,27.21,27.41,27.04,27.32,1046657.0
2023-06-13,27.67,28.04,27.67,27.94,1688825.0
2023-06-14,28.67,28.73,27.83,28.05,1666296.0
2023-06-15,27.82,28.21,27.82,28.15,1459430.0
2023-06-16,28.14,28.14,27.95,28.12,1770252.0
2023-06-20,27.14,27.23,27.01,27.21,1696042.0
2023-06-21,26.89,27.29,26.87,27.19,1050671.0
2023-06-22,27.21,27.21,26.99,27.1,823876.0
2023-06-23,26.53,26.83,26.49,26.75,1551840.0
2023-06-26,26.76,27.18,26.76,27.01,2003053.0
2023-06-27,26.73,27.19,26.65,27.07,1270175.0
2023-06-28,27.09,27.09,26.71,26.85,1489897.0
2023-06-29,27.0,27.19,26.95,27.19,1813251.0
2023-06-30,27.47,27.48,27.14,27.34,1802491.0
2023-07-03,27.36,27.55,27.25,27.25,1142594.0
2023-07-05,26.68,26.68,26.3,26.4,1649855.0
2023-07-06,25.94,26.06,25.46,25.87,2073300.0
2023-07-07,26.0,26.58,26.0,26.35,1800137.0
2023-07-10,26.11,26.43,26.08,26.32,1036105.0
2023-07-11,26.6,26.91,26.51,26.88,1202617.0
2023-07-12,27.69,27.83,27.58,27.58,2097326.0
2023-07-13,28.19,28.29,28.06,28.22,1580217.0
2023-07-14,28.2,28.2,27.93,28.0,1059845.0
2023-07-17,27.79,28.12,27.77,27.99,1420686.0
2023-07-18,27.83,28.22,27.81,28.19,930831.0
2023-07-19,27.79,27.92,27.57,27.84,1402390.0
2023-07-20,28.35,28.4,27.93,27.96,1291943.0
2023-07-21,27.8,27.84,27.41,27.52,1864767.0
2023-07-24,27.65,28.09,27.62,27.83,1396809.0
2023-07-25,28.36,28.68,28.32,28.55,2234672.0
2023-07-26,28.45,28.59,28.3,28.45,1803853.0
2023-07-27,28.0,28.23,27.46,27.69,2998862.0
2023-07-28,28.23,28.49,28.0,28.1,1751915.0
2023-07-31,28.54,29.15,28.53,28.86,3231218.0
2023-08-01,28.33,28.53,28.15,28.51,1667788.0
2023-08-02,28.05,28.18,27.6,27.82,2043054.0
2023-08-03,27.38,27.73,27.12,27.56,1760209.0
2023-08-04,27.54,27.87,27.31,27.32,1328222.0
2023-08-07,27.46,27.54,27.22,27.49,1559864.0
2023-08-08,26.82,27.16,26.6,27.16,1665216.0
2023-08-09,27.2,27.33,26.95,26.96,1472808.0
2023-08-10,27.36,27.45,26.93,27.01,1781397.0
2023-08-11,26.73,26.98,26.71,26.92,1272886.0
2023-08-14,27.05,27.2,26.68,27.15,4453118.0
2023-08-15,26.68,26.72,26.29,26.42,2285744.0
2023-08-16,26.51,26.81,25.56,25.65,7027831.0
2023-08-17,26.08,26.26,25.82,25.84,3338030.0
2023-08-18,25.54,25.87,25.45,25.84,2640432.0
2023-08-21,25.8,25.89,25.48,25.78,2910188.0
2023-08-22,26.24,26.37,26.06,26.13,1610081.0
2023-08-23,26.32,26.49,26.19,26.29,1457990.0
2023-08-24,26.02,26.27,25.88,26.05,1370329.0
2023-08-25,26.12,26.25,25.79,26.08,1466376.0
2023-08-28,26.34,26.52,26.19,26.27,1623021.0
2023-08-29,26.31,27.06,26.25,27.0,1602414.0
2023-08-30,26.97,27.06,26.7,26.76,1106786.0
2023-08-31,26.8,26.8,26.47,26.61,974174.0
2023-09-01,27.31,27.43,26.93,27.0,1651509.0
2023-09-05,26.93,27.02,26.6,26.68,1665838.0
2023-09-06,26.61,26.84,26.47,26.71,1134627.0
2023-09-07,26.12,26.21,25.82,26.02,1332482.0
2023-09-08,25.95,26.09,25.74,25.76,968703.0
2023-09-11,26.3,26.44,26.0,26.03,1378439.0
2023-09-12,25.62,25.83,25.54,25.62,1588944.0
2023-09-13,25.5,25.56,25.15,25.28,1614797.0
2023-09-14,25.42,25.62,25.31,25.55,2046810.0
2023-09-15,25.94,26.0,25.76,25.76,2362626.0
2023-09-18,25.42,25.45,25.2,25.33,1692283.0
2023-09-19,25.36,25.51,25.17,25.28,1948470.0
2023-09-20,25.57,25.81,25.34,25.37,1319600.0
2023-09-21,24.88,25.06,24.83,24.84,1860144.0
2023-09-22,24.84,24.97,24.65,24.71,1401023.0
2023-09-25,24.01,24.41,24.01,24.4,1439834.0
2023-09-26,24.27,24.5,24.15,24.22,1225939.0
2023-09-27,24.46,24.6,24.21,24.41,1536168.0
2023-09-28,24.74,25.27,24.7,25.12,2110397.0
2023-09-29,25.35,25.39,24.92,25.03,2140848.0
2023-10-02,24.93,25.06,24.54,24.68,1747337.0
2023-10-03,23.99,24.25,23.81,24.07,2020591.0
2023-10-04,24.02,24.07,23.7,24.02,1536624.0
2023-10-05,23.95,24.04,23.63,23.72,1599915.0
2023-10-06,23.95,24.45,23.83,24.26,1853069.0
2023-10-09,23.93,24.17,23.86,24.06,952992.0
2023-10-10,24.7,24.7,24.33,24.33,1930142.0
2023-10-11,24.71,24.73,24.29,24.53,1981777.0
2023-10-12,24.06,24.08,23.13,23.38,2808467.0
2023-10-13,23.16,23.25,22.59,22.78,2120540.0
2023-10-16,23.21,23.49,23.04,23.33,1357858.0
2023-10-17,22.65,23.52,22.64,23.34,1795601.0
2023-10-18,22.47,22.47,22.24,22.41,3044801.0
2023-10-19,22.43,22.665,22.24,22.3,3771310.0
2023-10-20,21.65,21.84,21.51,21.67,2402982.0
2023-10-23,21.79,22.02,21.625,21.8,1509174.0
2023-10-24,21.82,22.16,21.77,22.12,2854899.0
2023-10-25,21.99,22.19,21.845,21.89,4018522.0
2023-10-26,22.0,22.29,21.89,22.17,2778650.0
2023-10-27,22.43,22.445,22.09,22.14,1498331.0
2023-10-30,21.3,21.555,21.3,21.48,3754365.0
2023-10-31,21.96,22.245,21.82,22.02,3955823.0
2023-11-01,22.04,22.115,21.72,22.04,1641336.0
2023-11-02,22.91,23.16,22.83,23.1,3455383.0
2023-11-03,23.25,23.45,23.23,23.26,1697563.0
2023-11-06,23.33,23.445,23.24,23.41,1945463.0
2023-11-07,22.83,22.995,22.77,22.96,1492771.0
2023-11-08,22.78,22.99,22.72,22.72,3339185.0
2023-11-09,22.8,22.8596,22.07,22.08,2735640.0
2023-11-10,21.82,21.955,21.4807,21.9,3223910.0
2023-11-13,21.95,22.03,21.77,21.78,1736044.0
2023-11-14,22.77,23.23,22.75,23.11,3483078.0
2023-11-15,23.47,23.83,23.42,23.43,1945543.0
2023-11-16,23.44,23.58,23.235,23.41,1368835.0
2023-11-17,23.85,24.075,23.775,23.99,1563740.0
2023-11-20,23.97,24.11,23.92,23.93,2352784.0
2023-11-21,23.9,24.065,23.805,23.86,1848547.0
2023-11-22,24.25,24.34,24.105,24.22,2344529.0
2023-11-24,24.43,24.605,24.335,24.36,1013890.0
2023-11-27,24.65,24.675,24.44,24.63,1619089.0
2023-11-28,24.72,24.825,24.55,24.59,1725005.0
2023-11-29,25.23,25.27,24.97,25.04,1812549.0
2023-11-30,25.06,25.395,24.93,25.19,1777093.0
2023-12-01,25.22,25.7,25.13,25.57,1840744.0
2023-12-04,25.43,25.65,25.36,25.44,1434361.0
2023-12-05,25.45,25.48,25.21,25.26,1720792.0
2023-12-06,25.64,25.725,25.195,25.23,1238683.0
2023-12-07,25.42,25.54,25.32,25.52,1445183.0
2023-12-08,25.47,25.725,25.33,25.35,1370289.0
2023-12-11,25.66,25.785,25.525,25.71,1167740.0
2023-12-12,25.98,25.98,25.68,25.87,1517786.0
2023-12-13,25.99,26.555,25.635,26.47,3461058.0
2023-12-14,26.91,27.32,26.85,27.24,2408543.0
2023-12-15,27.13,27.3899,27.045,27.11,2003260.0
2023-12-18,28.42,28.995,28.3807,28.69,5563400.0
2023-12-19,28.59,29.01,28.585,28.95,3201803.0
2023-12-20,28.77,28.86,28.3,28.3,2003606.0
2023-12-21,28.5,28.66,28.29,28.66,1351013.0
2023-12-22,28.76,28.84,28.5,28.64,1060724.0
2023-12-26,28.7,28.85,28.66,28.75,624973.0
2023-12-27,28.74,28.9699,28.72,28.84,870064.0
2023-12-28,28.72,28.7899,28.545,28.59,731694.0
2023-12-29,28.56,28.58,28.28,28.39,1048635.0
2024-01-02,28.22,28.415,28.09,28.22,1260208.0
2024-01-03,27.42,27.95,27.3,27.76,1791054.0
2024-01-04,28.01,28.045,27.7,27.7,1398090.0
2024-01-05,27.56,28.025,27.53,27.79,1368057.0
2024-01-08,27.82,27.93,27.63,27.9,1082876.0
2024-01-09,27.3,27.36,27.0,27.01,1473434.0
2024-01-10,27.16,27.28,26.98,27.19,1425268.0
2024-01-11,26.87,26.95,26.5025,26.68,1390790.0
2024-01-12,26.83,27.02,26.625,26.65,1296951.0
2024-01-16,26.35,26.41,26.065,26.15,1627101.0
2024-01-17,25.95,26.12,25.85,26.06,1987785.0
2024-01-18,26.56,26.71,26.38,26.7,1702025.0
2024-01-19,26.51,26.605,26.27,26.56,976071.0
2024-01-22,26.76,26.89,26.59,26.83,1348350.0
2024-01-23,27.0,27.22,26.885,27.0,1016978.0
2024-01-24,27.73,27.81,27.35,27.37,2044030.0
2024-01-25,27.56,27.645,27.32,27.57,1073351.0
2024-01-26,27.68,27.8,27.505,27.59,646212.0
2024-01-29,27.47,27.65,27.265,27.61,756388.0
2024-01-30,27.31,27.81,27.3,27.73,1513356.0
2024-01-31,28.08,28.16,27.47,27.47,1561354.0
2024-02-01,27.63,27.97,27.56,27.84,1689118.0
2024-02-02,27.69,27.83,27.56,27.66,1932437.0
2024-02-05,26.93,27.09,26.625,27.0,1096243.0
2024-02-06,27.18,27.48,27.16,27.38,1048668.0
2024-02-07,27.15,27.42,27.0,27.42,1836898.0
2024-02-08,28.13,28.77,28.025,28.66,3172556.0
2024-02-09,28.55,28.95,28.465,28.9,1860467.0
2024-02-12,28.67,28.81,28.45,28.51,1683535.0
2024-02-13,27.34,27.5,26.74,26.96,2437805.0
2024-02-14,26.95,27.24,26.9,27.12,1878228.0
2024-02-15,27.08,27.32,27.07,27.21,1650268.0
2024-02-16,27.88,27.88,27.39,27.4,1729238.0
2024-02-20,26.35,26.525,26.225,26.32,2419628.0
2024-02-21,26.35,26.46,26.23,26.3,817420.0
2024-02-22,26.58,26.61,26.15,26.16,1711088.0
2024-02-23,26.25,26.46,26.18,26.42,1255816.0
2024-02-26,26.12,26.1901,25.98,26.1,1410743.0
2024-02-27,26.43,26.5,26.245,26.4,1490243.0
2024-02-28,26.17,26.17,26.005,26.04,1131958.0
2024-02-29,26.0,26.22,25.97,26.08,1304384.0
2024-03-01,26.05,26.13,25.875,25.93,1191881.0
2024-03-04,25.75,25.8199,25.57,25.63,2072791.0
2024-03-05,25.24,25.41,25.075,25.14,1702963.0
2024-03-06,25.48,25.6243,25.36,25.38,1108009.0
2024-03-07,25.95,26.185,25.89,26.02,1505243.0
2024-03-08,26.23,26.28,26.03,26.09,1014429.0
2024-03-11,25.91,26.175,25.83,26.15,1483135.0
2024-03-12,27.02,27.07,26.71,27.05,2322372.0
2024-03-13,26.65,27.09,26.65,26.96,1695407.0
2024-03-14,26.86,26.89,26.26,26.41,1769448.0
2024-03-15,26.52,26.695,26.235,26.42,1757984.0
2024-03-18,26.78,26.79,26.39,26.45,1851668.0
2024-03-19,26.3,26.585,26.3,26.49,1488231.0
2024-03-20,26.4,27.135,26.39,27.02,1419033.0
2024-03-21,27.02,27.105,26.88,26.91,1190418.0
2024-03-22,27.1,27.145,26.9,26.9,928314.0
2024-03-25,27.11,27.3192,27.09,27.09,1368857.0
2024-03-26,27.15,27.23,27.0,27.01,1487606.0
2024-03-27,27.21,27.84,27.205,27.81,2106562.0
2024-03-28,27.51,27.64,27.4,27.58,1635442.0
2024-04-01,27.74,27.85,27.475,27.55,1369011.0
2024-04-02,27.72,27.82,27.355,27.54,1769142.0
2024-04-03,27.57,27.83,27.49,27.73,1727847.0
2024-04-04,27.96,27.98,27.34,27.36,1385769.0
2024-04-05,27.27,27.415,27.125,27.27,1101743.0
2024-04-08,27.74,27.93,27.64,27.85,1465481.0
2024-04-09,28.14,28.22,27.82,27.98,945425.0
2024-04-10,27.57,27.74,27.385,27.62,1048420.0
2024-04-11,27.87,27.87,27.225,27.53,1201539.0
2024-04-12,27.73,27.905,26.86,26.92,1817552.0
2024-04-15,27.39,27.42,26.855,26.95,1455523.0
2024-04-16,25.35,25.4,24.995,25.18,4555380.0
2024-04-17,25.36,25.385,24.955,25.11,2428073.0
2024-04-18,25.39,25.485,25.035,25.15,2802772.0
2024-04-19,25.31,25.44,25.21,25.39,1348695.0
2024-04-22,25.43,25.925,25.325,25.81,1465763.0
2024-04-23,25.31,25.32,25.0,25.19,1519916.0
2024-04-24,25.43,25.43,25.115,25.2,1036221.0
2024-04-25,24.85,25.32,24.73,25.22,1469078.0
2024-04-26,25.49,25.555,25.255,25.37,995576.0
2024-04-29,25.5,25.86,25.455,25.75,1157152.0
2024-04-30,25.3,25.35,25.01,25.01,1171561.0
2024-05-01,25.045,25.565,24.995,25.07,1828031.0
2024-05-02,25.66,26.28,25.548,26.07,3782723.0
2024-05-03,26.32,26.37,26.13,26.22,1449382.0
2024-05-06,26.54,26.55,25.99,26.01,2149467.0
2024-05-07,25.6,25.85,25.49,25.66,1262440.0
2024-05-08,25.32,25.43,25.235,25.38,1044312.0
2024-05-09,25.37,25.59,25.345,25.49,1151042.0
2024-05-10,25.92,25.985,25.48,25.52,1631323.0
2024-05-13,25.79,25.8303,25.68,25.72,1228660.0
2024-05-14,26.17,26.17,25.925,25.98,1373327.0
2024-05-15,26.06,26.12,25.76,25.91,1132936.0
2024-05-16,26.46,26.49,26.245,26.4,1964275.0
2024-05-17,26.28,26.465,26.2,26.44,830511.0
2024-05-20,26.35,26.38,26.09,26.12,850701.0
2024-05-21,26.04,26.22,25.97,26.19,1000240.0
2024-05-22,25.68,25.975,25.59,25.81,814476.0
2024-05-23,25.86,25.88,25.42,25.54,623171.0
2024-05-24,25.82,25.89,25.71,25.77,744252.0
2024-05-28,25.96,26.05,25.73,25.79,1006876.0
2024-05-29,24.9,25.165,24.88,25.03,1704466.0
2024-05-30,25.65,25.97,25.64,25.94,1270713.0
2024-05-31,26.14,26.51,26.0001,26.49,1397415.0
2024-06-03,26.42,26.725,26.39,26.72,2731614.0
2024-06-04,26.03,26.05,25.82,25.83,2030840.0
2024-06-05,25.47,25.57,25.275,25.5,2279453.0
2024-06-06,25.34,25.83,25.305,25.82,2575370.0
2024-06-07,25.25,25.46,25.06,25.12,2501720.0
2024-06-10,25.16,25.1774,24.95,25.13,1224341.0
2024-06-11,24.44,24.55,24.285,24.47,1660610.0
2024-06-12,24.61,24.76,24.12,24.22,1851101.0
2024-06-13,24.18,24.21,23.81,23.99,1205797.0
2024-06-14,23.4,23.52,23.21,23.26,3314079.0
2024-06-17,23.4,23.61,23.18,23.61,2032023.0
2024-06-18,23.62,23.94,23.59,23.89,2092270.0
2024-06-20,23.85,24.1,23.795,24.0,2088645.0
2024-06-21,23.44,23.66,23.28,23.65,2546682.0
2024-06-24,23.94,24.08,23.67,23.67,1944668.0
2024-06-25,23.37,23.56,23.29,23.48,1744104.0
2024-06-26,22.74,23.02,22.74,22.96,2458998.0
2024-06-27,22.92,23.04,22.655,22.72,1810505.0
2024-06-28,22.93,23.035,22.82,22.93,1204887.0
2024-07-01,23.22,23.245,22.755,22.83,1180879.0
2024-07-02,22.78,22.94,22.665,22.87,922824.0
2024-07-03,23.34,23.455,23.21,23.29,985498.0
2024-07-05,23.48,23.48,23.15,23.24,778313.0
2024-07-08,23.16,23.23,22.92,23.0,1032973.0
2024-07-09,22.56,22.64,22.34,22.35,1320045.0
2024-07-10,22.53,22.62,22.47,22.59,1091401.0
2024-07-11,22.74,23.33,22.71,23.13,2176821.0
2024-07-12,23.465,23.645,23.465,23.56,1624028.0
2024-07-15,23.69,23.805,23.42,23.44,1917587.0
2024-07-16,22.7,23.175,22.64,23.13,1959823.0
2024-07-17,23.23,23.46,23.175,23.25,1674016.0
2024-07-18,23.25,23.28,22.76,22.82,1686976.0
2024-07-19,22.87,22.88,22.52,22.55,1502212.0
2024-07-22,22.94,22.995,22.67,22.94,1510961.0
2024-07-23,22.32,22.565,22.2399,22.54,1898560.0
2024-07-24,22.75,22.9,22.23,22.24,1808247.0
2024-07-25,22.3,22.725,22.23,22.51,1687056.0
2024-07-26,22.68,22.785,22.49,22.72,1262427.0
2024-07-29,22.61,22.655,22.375,22.6,1763227.0
2024-07-30,22.25,22.465,22.17,22.22,1884347.0
2024-07-31,22.72,23.08,22.565,22.86,2529408.0
2024-08-01,22.42,22.42,21.17,21.42,3687083.0
2024-08-02,21.33,21.38,21.025,21.1,2533580.0
2024-08-05,20.75,21.265,20.52,21.09,3647877.0
2024-08-06,21.23,21.565,21.14,21.42,2157865.0
2024-08-07,21.87,21.98,21.475,21.5,1797127.0
2024-08-08,21.76,21.905,21.655,21.82,1518579.0
2024-08-09,21.9,22.145,21.78,22.03,1683591.0
2024-08-12,22.04,22.09,21.84,21.87,1480194.0
2024-08-13,21.53,21.92,21.455,21.88,1107664.0
2024-08-14,21.74,21.88,21.605,21.87,1751990.0
2024-08-15,21.99,22.25,21.98,22.1,1629414.0
2024-08-16,22.09,22.35,22.09,22.29,1092220.0
2024-08-19,22.81,23.09,22.79,23.01,3057681.0
2024-08-20,22.88,22.98,22.75,22.82,1563833.0
2024-08-21,23.19,23.415,23.16,23.4,2005664.0
2024-08-22,23.18,23.18,22.87,22.96,994886.0
2024-08-23,23.02,23.385,22.94,23.33,1296394.0
2024-08-26,23.43,23.55,23.385,23.39,1063317.0
2024-08-27,23.52,23.53,23.2,23.47,1542162.0
2024-08-28,23.41,23.55,23.27,23.36,1515807.0
2024-08-29,23.37,23.6,23.29,23.51,1442436.0
2024-08-30,23.62,23.66,23.385,23.62,1081296.0
2024-09-03,22.91,22.95,22.065,22.1,2534511.0
2024-09-04,22.08,22.285,21.995,22.05,1613908.0
2024-09-05,22.65,22.73,22.2,22.35,1725753.0
2024-09-06,22.33,22.44,22.1,22.22,1157046.0
2024-09-09,22.23,22.38,22.135,22.16,1340518.0
2024-09-10,22.02,22.02,21.6,21.75,2089107.0
2024-09-11,22.05,22.15,21.6,22.13,1893342.0
2024-09-12,22.08,22.39,22.0613,22.38,1552040.0
2024-09-13,22.58,22.855,22.58,22.73,978471.0
2024-09-16,22.88,22.95,22.775,22.86,1149417.0
2024-09-17,23.35,23.425,23.165,23.29,1034061.0
2024-09-18,23.51,23.975,23.325,23.5,1334823.0
2024-09-19,24.45,24.48,24.165,24.36,1938606.0
2024-09-20,24.07,24.07,23.72,23.97,1582744.0
2024-09-23,23.79,23.9401,23.73,23.79,1083750.0
2024-09-24,24.84,25.1,24.735,25.01,2093290.0
2024-09-25,25.07,25.07,24.575,24.67,1520203.0
2024-09-26,25.91,26.13,25.88,25.93,2049192.0
2024-09-27,26.11,26.24,25.9,25.96,1194068.0
2024-09-30,26.16,26.385,26.08,26.26,1782860.0
2024-10-01,26.23,26.365,25.85,26.22,2309627.0
2024-10-02,25.99,26.105,25.78,25.82,2375567.0
2024-10-03,25.58,25.67,25.38,25.42,1728222.0
2024-10-04,25.63,25.735,25.52,25.68,1411073.0
2024-10-07,25.29,25.588,25.19,25.48,1139548.0
2024-10-08,24.73,24.75,24.35,24.63,2141709.0
2024-10-09,24.58,24.76,24.53,24.62,819693.0
2024-10-10,24.63,24.815,24.47,24.76,976489.0
2024-10-11,24.65,24.9499,24.65,24.85,2101445.0
2024-10-14,24.51,24.76,24.455,24.51,1251863.0
2024-10-15,23.99,24.095,23.75,23.78,1244131.0
2024-10-16,23.96,24.1,23.94,24.05,1027142.0
2024-10-17,23.86,23.99,23.805,23.89,877096.0
2024-10-18,24.47,24.5,24.275,24.33,1188840.0
2024-10-21,24.26,24.29,23.795,23.86,1530370.0
2024-10-22,24.03,24.08,23.84,24.04,1214783.0
2024-10-23,23.62,23.865,23.385,23.51,1067791.0
2024-10-24,23.88,23.88,23.605,23.84,1036059.0
2024-10-25,24.0,24.235,23.93,24.02,1745456.0
2024-10-28,24.33,24.965,24.27,24.94,1201498.0
2024-10-29,24.82,24.945,24.705,24.82,1250862.0
2024-10-30,24.33,24.815,24.31,24.57,1587844.0
2024-10-31,24.85,24.88,24.545,24.62,1489322.0
2024-11-01,24.72,24.765,24.465,24.58,1110379.0
2024-11-04,24.71,24.95,24.685,24.81,2632575.0
2024-11-05,24.9,25.2,24.88,25.18,753221.0
2024-11-06,24.61,25.49,24.53,25.42,3171876.0
2024-11-07,26.53,26.885,26.47,26.51,2812236.0
2024-11-08,25.81,26.11,25.55,26.09,2192496.0
2024-11-11,25.58,25.685,25.51,25.59,1601402.0
2024-11-12,24.6,24.6367,23.94,24.34,2010040.0
2024-11-13,24.08,24.155,23.76,23.77,1465746.0
2024-11-14,24.95,24.9817,24.475,24.49,1700453.0
2024-11-15,25.28,25.385,25.155,25.27,2405498.0
2024-11-18,25.28,25.615,25.27,25.56,1561229.0
2024-11-19,24.9,25.54,24.87,25.48,1185310.0
2024-11-20,25.13,25.25,24.99,25.08,1542251.0
2024-11-21,25.03,25.38,24.971,25.29,1266918.0
2024-11-22,24.92,25.135,24.92,25.11,1353696.0
2024-11-25,25.07,25.28,24.85,24.86,1507074.0
2024-11-26,24.35,24.375,23.82,23.94,1697485.0
2024-11-27,24.32,24.64,24.28,24.56,1241310.0
2024-11-29,25.01,25.34,24.93,25.28,863842.0
2024-12-02,25.34,25.595,25.22,25.52,1560629.0
2024-12-03,25.43,25.48,25.125,25.24,1399088.0
2024-12-04,25.1,25.13,24.68,24.77,1315862.0
2024-12-05,25.3,25.47,25.27,25.37,1809727.0
2024-12-06,25.81,25.82,25.28,25.29,1624716.0
2024-12-09,26.15,26.35,25.705,25.74,1731354.0
2024-12-10,25.75,25.935,25.66,25.87,1225215.0
2024-12-11,25.76,25.91,25.615,25.84,851638.0
2024-12-12,25.57,25.6,25.32,25.36,1268730.0
2024-12-13,25.29,25.315,24.65,24.71,2320588.0
2024-12-16,24.68,24.785,24.48,24.53,1806356.0
2024-12-17,24.09,24.16,23.95,23.97,1411605.0
2024-12-18,23.92,24.03,23.125,23.21,2046028.0
2024-12-19,23.42,23.42,23.125,23.17,1381889.0
2024-12-20,22.81,23.27,22.8,23.18,1264475.0
2024-12-23,22.95,23.125,22.87,23.08,1210241.0
2024-12-24,23.2,23.25,22.905,23.25,570573.0
2024-12-26,23.18,23.275,23.05,23.23,743369.0
2024-12-27,23.06,23.19,22.985,23.14,1187075.0
2024-12-30,23.03,23.0494,22.775,22.93,1030327.0
2024-12-31,23.18,23.31,22.94,23.13,881122.0
2025-01-02,23.12,23.23,22.81,22.86,1217362.0
2025-01-03,22.46,22.49,22.04,22.19,2202184.0
2025-01-06,22.19,22.39,21.975,22.03,1926607.0
2025-01-07,22.19,22.19,21.86,21.95,1596366.0
2025-01-08,21.75,21.875,21.59,21.82,2577991.0
2025-01-10,22.23,22.275,22.04,22.06,2066220.0
2025-01-13,21.88,22.33,21.855,22.29,1509309.0
2025-01-14,22.45,22.51,22.34,22.44,2726550.0
2025-01-15,23.15,23.24,22.91,23.23,1872133.0
2025-01-16,23.27,23.345,23.12,23.18,1357892.0
2025-01-17,23.19,23.48,23.14,23.26,1730286.0
2025-01-21,23.96,24.02,23.81,23.93,1901341.0
2025-01-22,23.39,23.54,23.23,23.29,1420363.0
2025-01-23,23.67,24.105,23.5,24.0,2111035.0
2025-01-24,24.81,24.96,24.73,24.9,2461200.0
2025-01-27,24.73,25.06,24.7,24.98,2797960.0
2025-01-28,24.85,24.87,24.62,24.78,1597550.0
2025-01-29,24.47,24.87,24.47,24.7,1149257.0
2025-01-30,25.46,25.465,25.0,25.23,1281976.0
2025-01-31,25.04,25.18,24.665,24.71,1214588.0
2025-02-03,23.98,24.525,23.64,24.34,2287801.0
2025-02-04,24.97,25.14,24.82,25.09,1724481.0
2025-02-05,25.36,25.525,25.265,25.48,2552843.0
2025-02-06,27.4,28.84,27.39,28.33,6725837.0
2025-02-07,28.48,28.67,27.675,27.84,3249445.0
2025-02-10,27.69,28.23,27.6199,28.12,2026617.0
2025-02-11,27.57,27.7002,27.36,27.37,2442547.0
2025-02-12,27.74,29.38,27.54,29.02,4921360.0
2025-02-13,28.44,29.035,28.36,28.71,2496663.0
2025-02-14,28.71,28.98,28.42,28.57,1547140.0
2025-02-18,29.09,29.21,28.785,28.89,1776889.0
2025-02-19,28.06,28.415,28.035,28.12,2093297.0
2025-02-20,28.39,28.485,27.86,28.0,1323206.0
2025-02-21,28.4,28.4,27.755,27.8,1921982.0
2025-02-24,28.04,28.155,27.81,27.82,1076722.0
2025-02-25,28.22,28.22,27.74,27.91,1082422.0
2025-02-26,29.07,29.335,28.97,28.98,2105418.0
2025-02-27,28.54,28.715,28.355,28.38,863912.0
2025-02-28,28.42,28.55,27.47,27.74,3473555.0
2025-03-03,30.265,30.375,29.205,29.48,4527977.0
2025-03-04,28.99,31.31,28.405,30.26,5659472.0
2025-03-05,32.08,33.75,31.93,33.69,6101645.0
2025-03-06,33.85,34.9,33.115,33.93,7072770.0
2025-03-07,33.31,33.8,32.7114,33.15,6530759.0
2025-03-10,31.96,32.07,30.98,31.47,3497005.0
2025-03-11,31.6,32.545,31.01,32.06,3247084.0
2025-03-12,31.07,31.1,30.425,30.52,4202332.0
2025-03-13,31.01,31.375,30.745,30.81,2371926.0
2025-03-14,32.16,32.42,32.015,32.22,2985578.0
2025-03-17,31.92,32.22,31.82,32.04,1485099.0
2025-03-18,32.64,32.82,32.27,32.52,1676034.0
2025-03-19,32.74,33.225,32.6299,33.06,1673431.0
2025-03-20,31.7,32.14,31.665,32.0,1493368.0
2025-03-21,31.42,31.665,31.165,31.58,1888699.0
2025-03-24,31.87,32.185,31.585,31.79,1366102.0
2025-03-25,31.85,31.915,31.535,31.55,1503576.0
2025-03-26,31.3,31.39,30.725,30.77,2401120.0
2025-03-27,29.91,30.04,29.7,29.72,2626236.0
2025-03-28,29.71,29.72,28.77,28.78,2800628.0
2025-03-31,28.59,28.89,28.33,28.85,2320995.0
2025-04-01,29.06,29.13,28.705,28.99,1529503.0
2025-04-02,28.64,29.095,28.535,29.07,1004455.0
2025-04-03,27.85,27.87,26.94,26.95,2682792.0
2025-04-04,25.06,25.18,24.01,24.74,3356196.0
2025-04-07,23.67,25.61,23.51,24.32,3278245.0
2025-04-08,25.2,25.26,23.195,23.47,3640154.0
2025-04-09,24.14,27.3,23.85,26.97,4928514.0
2025-04-10,25.97,26.03,24.97,25.48,3124227.0
2025-04-11,26.18,27.07,25.99,26.86,3247037.0
2025-04-14,26.81,27.1699,26.49,26.73,1936411.0
2025-04-15,26.66,26.99,26.66,26.91,1245966.0
2025-04-16,26.77,27.3,26.595,26.92,1403394.0
2025-04-17,26.84,27.38,26.84,27.23,1656096.0
2025-04-21,27.23,27.26,26.1801,26.55,1072258.0
2025-04-22,27.49,27.865,27.42,27.77,2183954.0
2025-04-23,28.99,29.46,28.755,28.89,2727822.0
2025-04-24,28.76,29.42,28.75,29.41,1639164.0
2025-04-25,29.24,29.655,29.2,29.58,1693551.0
