Date,open,high,low,close,volume
2015-04-27,9.57,9.63,9.54,9.59,755829.0
2015-04-28,9.37,9.4,9.28,9.38,1837495.0
2015-04-29,9.19,9.29,9.09,9.18,2144876.0
2015-04-30,8.07,8.07,7.93,7.96,4246854.0
2015-05-01,7.95,8.0,7.89,7.94,1222472.0
2015-05-04,7.89,7.9,7.75,7.77,1715617.0
2015-05-05,7.61,7.65,7.52,7.57,1800447.0
2015-05-06,7.76,7.82,7.68,7.74,1544951.0
2015-05-07,7.73,7.8,7.71,7.76,1218402.0
2015-05-08,7.8,7.85,7.78,7.8,737645.0
2015-05-11,7.64,7.81,7.62,7.76,873362.0
2015-05-12,8.19,8.19,7.99,8.02,2983519.0
2015-05-13,8.08,8.11,8.0,8.01,1686570.0
2015-05-14,8.14,8.21,8.11,8.18,918122.0
2015-05-15,8.12,8.14,8.07,8.12,693010.0
2015-05-18,8.14,8.16,8.09,8.15,551538.0
2015-05-19,8.09,8.12,8.04,8.08,561055.0
2015-05-20,8.23,8.34,8.19,8.27,1548828.0
2015-05-21,8.2,8.25,8.18,8.25,783852.0
2015-05-22,8.15,8.23,8.09,8.18,1889782.0
2015-05-26,8.1,8.11,7.96,8.02,1091815.0
2015-05-27,8.05,8.31,8.04,8.29,885846.0
2015-05-28,8.54,8.62,8.42,8.54,2084798.0
2015-05-29,8.54,8.58,8.47,8.5,1088468.0
2015-06-01,8.5,8.5,8.33,8.47,1675035.0
2015-06-02,8.58,8.62,8.51,8.56,1062702.0
2015-06-03,8.59,8.64,8.54,8.56,652668.0
2015-06-04,8.68,8.76,8.54,8.56,1156103.0
2015-06-05,8.37,8.46,8.32,8.42,661751.0
2015-06-08,8.41,8.52,8.39,8.45,811245.0
2015-06-09,8.37,8.43,8.3,8.34,1385805.0
2015-06-10,8.52,8.53,8.4,8.42,690791.0
2015-06-11,8.42,8.5,8.36,8.41,699177.0
2015-06-12,8.15,8.25,8.1,8.23,704292.0
2015-06-15,8.05,8.15,8.01,8.14,1332438.0
2015-06-16,8.27,8.34,8.18,8.32,1099760.0
2015-06-17,8.14,8.16,8.03,8.08,1784102.0
2015-06-18,7.99,8.29,7.98,8.1,1488060.0
2015-06-19,8.08,8.09,7.95,7.99,1107132.0
2015-06-22,8.29,8.37,8.28,8.3,1191379.0
2015-06-23,8.45,8.49,8.39,8.4,821383.0
2015-06-24,8.32,8.37,8.21,8.24,1100736.0
2015-06-25,8.41,8.49,8.35,8.44,1040194.0
2015-06-26,8.56,8.61,8.42,8.49,2168950.0
2015-06-29,8.32,8.43,8.17,8.2,2330802.0
2015-06-30,8.31,8.31,8.11,8.12,4401659.0
2015-07-01,8.17,8.24,8.01,8.07,1587007.0
2015-07-02,8.07,8.08,7.99,8.04,910727.0
2015-07-06,7.88,8.19,7.87,7.98,2764098.0
2015-07-07,7.76,7.9,7.62,7.85,2105030.0
2015-07-08,7.7,7.7,7.56,7.62,2270950.0
2015-07-09,7.86,7.86,7.63,7.64,2882732.0
2015-07-10,7.98,8.04,7.92,8.02,1236416.0
2015-07-13,7.88,7.89,7.79,7.84,1626408.0
2015-07-14,7.88,7.95,7.86,7.93,854204.0
2015-07-15,8.02,8.09,7.93,7.98,1663793.0
2015-07-16,8.09,8.09,7.94,7.97,1307282.0
2015-07-17,8.0,8.04,7.97,8.01,1235712.0
2015-07-20,8.11,8.13,8.01,8.01,1035107.0
2015-07-21,8.0,8.04,7.87,7.9,1279525.0
2015-07-22,7.44,7.46,7.35,7.42,3541334.0
2015-07-23,7.96,8.04,7.89,7.99,3554943.0
2015-07-24,7.9,7.9,7.73,7.77,2264398.0
2015-07-27,7.8,7.8,7.66,7.68,991842.0
2015-07-28,7.56,7.73,7.53,7.67,3309332.0
2015-07-29,7.73,7.79,7.64,7.72,1843006.0
2015-07-30,7.68,7.8,7.66,7.76,995362.0
2015-07-31,7.85,7.85,7.75,7.77,736403.0
2015-08-03,7.8,7.83,7.65,7.66,1289202.0
2015-08-04,7.62,7.64,7.49,7.52,895782.0
2015-08-05,7.66,7.74,7.64,7.68,897066.0
2015-08-06,7.62,7.63,7.5,7.58,945802.0
2015-08-07,7.6,7.73,7.57,7.72,786305.0
2015-08-10,7.7,7.85,7.7,7.81,767947.0
2015-08-11,7.72,7.76,7.65,7.7,917176.0
2015-08-12,7.54,7.62,7.45,7.58,1372955.0
2015-08-13,7.48,7.5,7.39,7.39,881407.0
2015-08-14,7.35,7.36,7.27,7.32,1941554.0
2015-08-17,7.28,7.41,7.25,7.39,398674.0
2015-08-18,7.43,7.43,7.29,7.3,746155.0
2015-08-19,7.24,7.31,7.16,7.24,726747.0
2015-08-20,7.17,7.17,6.97,6.97,1186996.0
2015-08-21,7.17,7.27,6.96,6.99,2145332.0
2015-08-24,6.8,7.17,6.66,6.9,4373454.0
2015-08-25,7.26,7.28,6.99,6.99,2501804.0
2015-08-26,7.23,7.26,6.99,7.25,2017056.0
2015-08-27,7.31,7.4,7.23,7.35,1304089.0
2015-08-28,7.3,7.36,7.26,7.32,766341.0
2015-08-31,7.18,7.29,7.14,7.2,1485488.0
2015-09-01,7.17,7.23,7.07,7.12,1000342.0
2015-09-02,7.21,7.23,7.1,7.22,748300.0
2015-09-03,7.29,7.37,7.26,7.3,796676.0
2015-09-04,7.19,7.22,7.12,7.16,421530.0
2015-09-08,7.5,7.51,7.41,7.49,1127433.0
2015-09-09,7.18,7.24,7.02,7.04,1194928.0
2015-09-10,7.04,7.14,7.02,7.1,839880.0
2015-09-11,7.01,7.07,6.97,7.06,753825.0
2015-09-14,6.92,6.96,6.89,6.92,417337.0
2015-09-15,7.06,7.14,7.02,7.14,1225927.0
2015-09-16,7.18,7.21,7.12,7.2,264150.0
2015-09-17,7.13,7.28,7.12,7.19,955577.0
2015-09-18,6.98,7.01,6.87,6.9,520856.0
2015-09-21,6.9,6.95,6.84,6.89,678831.0
2015-09-22,6.68,6.69,6.55,6.62,838581.0
2015-09-23,6.67,6.69,6.59,6.6,831915.0
2015-09-24,6.5,6.56,6.42,6.51,1436973.0
2015-09-25,6.65,6.68,6.52,6.57,1342163.0
2015-09-28,6.48,6.49,6.3,6.32,1823356.0
2015-09-29,6.49,6.58,6.43,6.56,1287260.0
2015-09-30,6.75,6.82,6.73,6.82,867918.0
2015-10-01,6.74,6.75,6.62,6.71,838438.0
2015-10-02,6.74,6.85,6.69,6.84,699922.0
2015-10-05,6.93,7.01,6.91,6.99,736283.0
2015-10-06,7.12,7.17,7.07,7.13,974824.0
2015-10-07,7.27,7.31,7.15,7.25,869604.0
2015-10-08,7.21,7.32,7.15,7.31,610808.0
2015-10-09,7.39,7.42,7.33,7.35,578001.0
2015-10-12,7.24,7.27,7.19,7.24,805958.0
2015-10-13,7.06,7.18,7.06,7.09,679723.0
2015-10-14,7.08,7.25,7.07,7.24,1067258.0
2015-10-15,7.3,7.44,7.25,7.42,1387406.0
2015-10-16,7.4,7.47,7.33,7.46,850218.0
2015-10-19,7.43,7.48,7.39,7.47,765975.0
2015-10-20,7.44,7.5,7.44,7.45,245631.0
2015-10-21,7.65,7.66,7.56,7.57,419164.0
2015-10-22,7.71,7.78,7.69,7.78,685892.0
2015-10-23,7.84,7.86,7.79,7.86,453645.0
2015-10-26,7.58,7.6,7.42,7.49,983340.0
2015-10-27,7.46,7.52,7.2,7.26,2893984.0
2015-10-28,7.14,7.27,7.12,7.21,1436258.0
2015-10-29,6.73,6.83,6.7,6.79,1731203.0
2015-10-30,6.87,6.95,6.85,6.89,1144324.0
2015-11-02,6.98,7.04,6.97,7.04,846119.0
2015-11-03,6.95,7.09,6.94,7.05,513635.0
2015-11-04,7.07,7.09,6.97,7.03,514719.0
2015-11-05,7.09,7.13,7.04,7.06,585949.0
2015-11-06,7.09,7.18,7.07,7.18,465634.0
2015-11-09,7.24,7.24,7.11,7.14,500801.0
2015-11-10,7.06,7.11,7.02,7.08,389562.0
2015-11-11,7.12,7.15,7.06,7.07,308624.0
2015-11-12,7.07,7.09,7.0,7.0,361392.0
2015-11-13,6.93,6.96,6.86,6.91,391702.0
2015-11-16,6.88,6.98,6.87,6.98,573721.0
2015-11-17,7.01,7.02,6.92,6.95,763408.0
2015-11-18,7.04,7.12,7.01,7.1,819445.0
2015-11-19,7.06,7.16,7.06,7.11,617063.0
2015-11-20,7.18,7.19,7.08,7.12,577775.0
2015-11-23,7.16,7.17,7.1,7.11,716828.0
2015-11-24,6.94,7.02,6.94,6.97,773642.0
2015-11-25,6.93,7.04,6.93,6.98,602648.0
2015-11-27,7.23,7.25,7.18,7.21,796223.0
2015-11-30,7.29,7.3,7.23,7.26,865602.0
2015-12-01,7.34,7.37,7.24,7.28,1215122.0
2015-12-02,7.32,7.36,7.28,7.29,1169756.0
2015-12-03,7.36,7.38,7.2,7.25,953135.0
2015-12-04,7.28,7.38,7.23,7.37,662289.0
2015-12-07,7.16,7.19,7.12,7.14,768749.0
2015-12-08,6.98,7.0,6.93,6.94,816271.0
2015-12-09,7.01,7.07,6.91,6.93,1414658.0
2015-12-10,6.94,6.95,6.85,6.88,1363323.0
2015-12-11,6.63,6.71,6.58,6.59,1188699.0
2015-12-14,6.56,6.6,6.45,6.48,1139674.0
2015-12-15,6.65,6.72,6.61,6.63,1548811.0
2015-12-16,6.62,6.7,6.54,6.67,807443.0
2015-12-17,6.76,6.77,6.6,6.61,780676.0
2015-12-18,6.53,6.59,6.5,6.57,1280416.0
2015-12-21,6.66,6.69,6.59,6.65,680920.0
2015-12-22,6.68,6.73,6.62,6.7,528190.0
2015-12-23,6.76,6.8,6.73,6.78,583751.0
2015-12-24,6.78,6.86,6.77,6.82,311613.0
2015-12-28,6.74,6.79,6.69,6.78,596451.0
2015-12-29,6.78,6.84,6.78,6.82,283831.0
2015-12-30,6.9,6.9,6.79,6.81,383424.0
2015-12-31,6.72,6.75,6.66,6.66,506365.0
2016-01-04,6.55,6.6,6.47,6.59,1079948.0
2016-01-05,6.49,6.52,6.4,6.49,780875.0
2016-01-06,6.33,6.37,6.28,6.31,929793.0
2016-01-07,6.23,6.32,6.2,6.24,1115914.0
2016-01-08,6.2,6.24,6.01,6.01,821986.0
2016-01-11,6.28,6.31,6.14,6.22,2680221.0
2016-01-12,6.26,6.3,6.11,6.21,758688.0
2016-01-13,6.2,6.22,5.95,5.95,708430.0
2016-01-14,6.05,6.1,5.94,6.07,1100832.0
2016-01-15,5.69,5.8,5.65,5.7,1043767.0
2016-01-19,5.94,6.05,5.91,5.97,930318.0
2016-01-20,6.0,6.11,5.86,6.05,1285269.0
2016-01-21,5.96,6.14,5.91,6.11,813042.0
2016-01-22,6.27,6.33,6.24,6.31,635795.0
2016-01-25,6.28,6.34,6.24,6.28,391491.0
2016-01-26,6.42,6.51,6.35,6.47,822211.0
2016-01-27,6.77,6.86,6.7,6.75,1592603.0
2016-01-28,6.84,6.86,6.59,6.63,1978109.0
2016-01-29,6.4,6.54,6.4,6.52,1875240.0
2016-02-01,6.43,6.43,6.3,6.36,1600735.0
2016-02-02,6.07,6.07,5.9,5.91,2314039.0
2016-02-03,5.89,5.96,5.71,5.95,1823524.0
2016-02-04,5.86,6.03,5.86,6.01,1224961.0
2016-02-05,5.83,5.85,5.7,5.72,1074277.0
2016-02-08,5.41,5.44,5.35,5.42,1062561.0
2016-02-09,5.2,5.4,5.19,5.35,1084212.0
2016-02-10,5.35,5.39,5.3,5.31,797140.0
2016-02-11,5.34,5.36,5.27,5.36,1107150.0
2016-02-12,5.32,5.36,5.25,5.36,475834.0
2016-02-16,5.34,5.41,5.29,5.39,1213766.0
2016-02-17,5.42,5.61,5.42,5.6,2137002.0
2016-02-18,5.77,5.85,5.72,5.81,2284878.0
2016-02-19,5.78,5.82,5.75,5.77,892238.0
2016-02-22,5.91,5.97,5.89,5.94,597463.0
2016-02-23,5.86,5.9,5.77,5.78,476383.0
2016-02-24,5.56,5.65,5.48,5.63,822880.0
2016-02-25,5.65,5.68,5.59,5.68,433708.0
2016-02-26,5.69,5.72,5.65,5.72,362790.0
2016-02-29,5.74,5.76,5.68,5.69,365472.0
2016-03-01,5.82,5.88,5.77,5.86,404669.0
2016-03-02,5.8,5.89,5.79,5.89,483371.0
2016-03-03,5.92,6.03,5.87,6.03,763152.0
2016-03-04,5.89,5.94,5.84,5.87,865095.0
2016-03-07,5.81,5.9,5.8,5.88,504287.0
2016-03-08,5.83,5.83,5.75,5.77,493674.0
2016-03-09,5.79,5.81,5.74,5.78,327169.0
2016-03-10,5.83,5.9,5.73,5.77,433695.0
2016-03-11,5.89,5.99,5.87,5.99,900491.0
2016-03-14,5.93,5.94,5.88,5.9,441921.0
2016-03-15,5.83,5.84,5.78,5.81,459934.0
2016-03-16,5.73,5.98,5.72,5.98,1111857.0
2016-03-17,5.8,5.85,5.76,5.82,752630.0
2016-03-18,5.68,5.7,5.63,5.67,938205.0
2016-03-21,5.64,5.66,5.59,5.64,438984.0
2016-03-22,5.49,5.54,5.47,5.49,956303.0
2016-03-23,5.64,5.65,5.5,5.51,759936.0
2016-03-24,5.39,5.51,5.39,5.49,291262.0
2016-03-28,5.49,5.55,5.48,5.48,256662.0
2016-03-29,5.48,5.6,5.45,5.59,617333.0
2016-03-30,5.56,5.6,5.52,5.53,595654.0
2016-03-31,5.56,5.61,5.55,5.58,1177308.0
2016-04-01,5.39,5.53,5.36,5.53,1303191.0
2016-04-04,5.59,5.62,5.54,5.56,958292.0
2016-04-05,5.33,5.36,5.23,5.24,2767086.0
2016-04-06,5.16,5.28,5.11,5.26,1022211.0
2016-04-07,5.5,5.51,5.36,5.4,3442186.0
2016-04-08,5.54,5.58,5.51,5.53,1464108.0
2016-04-11,5.62,5.7,5.6,5.61,1045455.0
2016-04-12,5.49,5.52,5.39,5.48,876078.0
2016-04-13,5.63,5.67,5.59,5.66,581723.0
2016-04-14,5.46,5.55,5.4,5.51,1481268.0
2016-04-15,5.74,5.81,5.72,5.74,1079665.0
2016-04-18,5.7,5.74,5.68,5.73,658101.0
2016-04-19,5.89,5.94,5.88,5.89,1140322.0
2016-04-20,5.81,5.84,5.74,5.79,759504.0
2016-04-21,5.83,5.85,5.75,5.79,582845.0
2016-04-22,5.78,5.85,5.77,5.82,533823.0
2016-04-25,5.8,5.82,5.67,5.68,662288.0
2016-04-26,5.84,5.89,5.82,5.83,873023.0
2016-04-27,6.37,6.51,6.35,6.5,4227644.0
2016-04-28,6.34,6.41,6.24,6.24,1265811.0
2016-04-29,6.29,6.3,6.09,6.14,1296607.0
2016-05-02,6.04,6.1,6.02,6.08,723988.0
2016-05-03,5.91,5.91,5.77,5.78,1073037.0
2016-05-04,5.68,5.7,5.57,5.57,1149508.0
2016-05-05,5.58,5.59,5.52,5.53,956957.0
2016-05-06,5.52,5.59,5.49,5.54,691856.0
2016-05-09,5.47,5.48,5.35,5.41,1040026.0
2016-05-10,5.4,5.47,5.38,5.46,977467.0
2016-05-11,5.3,5.43,5.3,5.4,862520.0
2016-05-12,5.44,5.46,5.26,5.34,752370.0
2016-05-13,5.27,5.33,5.24,5.26,717021.0
2016-05-16,5.3,5.37,5.3,5.35,628869.0
2016-05-17,5.42,5.44,5.32,5.36,944927.0
2016-05-18,5.54,5.69,5.53,5.64,1091654.0
2016-05-19,5.63,5.66,5.59,5.62,767170.0
2016-05-20,5.71,5.76,5.69,5.75,744420.0
2016-05-23,5.8,5.85,5.76,5.76,691017.0
2016-05-24,5.8,5.93,5.8,5.92,562626.0
2016-05-25,5.99,6.06,5.94,5.97,1023565.0
2016-05-26,6.08,6.08,6.0,6.04,637217.0
2016-05-27,6.02,6.05,5.99,6.03,368351.0
2016-05-31,6.02,6.02,5.95,6.02,685799.0
2016-06-01,5.95,6.0,5.95,5.99,556424.0
2016-06-02,5.97,6.03,5.94,6.03,1135011.0
2016-06-03,6.07,6.08,5.97,6.01,1648794.0
2016-06-06,6.05,6.15,6.04,6.12,1151029.0
2016-06-07,6.23,6.31,6.22,6.27,1154407.0
2016-06-08,6.22,6.24,6.12,6.16,631212.0
2016-06-09,5.97,6.05,5.96,6.05,772620.0
2016-06-10,5.82,5.83,5.7,5.73,991180.0
2016-06-13,5.56,5.69,5.56,5.58,833209.0
2016-06-14,5.56,5.64,5.51,5.64,1400228.0
2016-06-15,5.69,5.74,5.66,5.71,758683.0
2016-06-16,5.53,5.65,5.47,5.62,1314185.0
2016-06-17,5.64,5.7,5.58,5.66,751201.0
2016-06-20,5.86,5.87,5.79,5.79,1050962.0
2016-06-21,5.88,5.91,5.83,5.89,806751.0
2016-06-22,6.06,6.06,5.93,5.93,1455451.0
2016-06-23,6.15,6.2,6.09,6.19,971852.0
2016-06-24,5.68,5.8,5.6,5.62,2175763.0
2016-06-27,5.55,5.56,5.51,5.53,138083.0
2016-06-28,5.7,5.76,5.63,5.68,1146717.0
2016-06-29,5.7,5.72,5.64,5.65,891704.0
2016-06-30,5.76,5.89,5.73,5.89,818363.0
2016-07-01,5.87,5.9,5.83,5.85,834036.0
2016-07-05,5.68,5.68,5.51,5.53,1106999.0
2016-07-06,5.3,5.45,5.26,5.45,2834369.0
2016-07-07,5.46,5.52,5.38,5.44,989957.0
2016-07-08,5.66,5.73,5.65,5.72,1114612.0
2016-07-11,5.86,5.93,5.85,5.91,982024.0
2016-07-12,5.99,6.03,5.98,5.99,759112.0
2016-07-13,6.04,6.05,5.96,5.99,643817.0
2016-07-14,6.04,6.05,5.99,6.02,885471.0
2016-07-15,5.99,6.0,5.95,5.97,561189.0
2016-07-18,6.02,6.17,6.02,6.13,1352124.0
2016-07-19,6.11,6.15,6.09,6.12,1288894.0
2016-07-20,6.24,6.26,6.2,6.24,1401767.0
2016-07-21,6.31,6.35,6.25,6.26,1104545.0
2016-07-22,6.28,6.3,6.25,6.3,623702.0
2016-07-25,6.39,6.45,6.38,6.42,2282187.0
2016-07-26,6.41,6.57,6.4,6.55,2738106.0
2016-07-27,7.08,7.23,7.05,7.21,4339981.0
2016-07-28,7.14,7.21,7.14,7.21,3700733.0
2016-07-29,7.34,7.34,7.27,7.32,1940292.0
2016-08-01,7.28,7.32,7.24,7.28,1730787.0
2016-08-02,7.13,7.13,7.01,7.05,2098184.0
2016-08-03,7.02,7.08,6.97,7.07,4789508.0
2016-08-04,7.24,7.32,7.23,7.29,1829459.0
2016-08-05,7.33,7.39,7.33,7.37,756596.0
2016-08-08,7.37,7.42,7.35,7.38,1416987.0
2016-08-09,7.39,7.43,7.34,7.39,1212727.0
2016-08-10,7.39,7.4,7.32,7.36,988823.0
2016-08-11,7.46,7.48,7.42,7.46,798753.0
2016-08-12,7.49,7.49,7.43,7.46,555510.0
2016-08-15,7.63,7.68,7.58,7.65,1901122.0
2016-08-16,7.55,7.57,7.48,7.51,2569359.0
2016-08-17,7.44,7.48,7.38,7.48,2196084.0
2016-08-18,7.56,7.69,7.55,7.67,1053855.0
2016-08-19,7.61,7.66,7.6,7.64,2044526.0
2016-08-22,7.65,7.66,7.59,7.64,1141661.0
2016-08-23,7.74,7.81,7.74,7.8,1226663.0
2016-08-24,7.64,7.73,7.64,7.7,2223181.0
2016-08-25,7.65,7.72,7.62,7.69,3084980.0
2016-08-26,7.66,7.76,7.53,7.6,4418324.0
2016-08-29,7.54,7.62,7.53,7.57,1127455.0
2016-08-30,7.66,7.67,7.6,7.66,1148674.0
2016-08-31,7.57,7.6,7.45,7.53,1766048.0
2016-09-01,7.53,7.57,7.48,7.54,1713364.0
2016-09-02,7.3,7.32,7.24,7.29,2221386.0
2016-09-06,7.41,7.49,7.4,7.44,1732628.0
2016-09-07,7.56,7.65,7.54,7.61,1595088.0
2016-09-08,7.65,7.66,7.59,7.61,1362224.0
2016-09-09,7.56,7.6,7.48,7.48,2394563.0
2016-09-12,7.4,7.59,7.39,7.56,1648211.0
2016-09-13,7.6,7.64,7.53,7.57,1918493.0
2016-09-14,7.56,7.68,7.56,7.63,3061479.0
2016-09-15,7.64,8.01,7.64,7.84,6449316.0
2016-09-16,7.69,7.73,7.58,7.66,4145722.0
2016-09-19,7.81,7.87,7.78,7.79,4800449.0
2016-09-20,7.91,7.97,7.9,7.94,2706836.0
2016-09-21,7.99,8.09,7.97,8.08,2301892.0
2016-09-22,8.2,8.21,8.09,8.11,1825674.0
2016-09-23,8.07,8.1,8.0,8.01,1091969.0
2016-09-26,8.03,8.07,7.99,8.0,1431829.0
2016-09-27,7.94,8.07,7.93,8.06,1593148.0
2016-09-28,8.1,8.16,8.05,8.16,1604083.0
2016-09-29,7.96,8.0,7.76,7.9,3722314.0
2016-09-30,8.06,8.18,8.04,8.15,2341259.0
2016-10-03,8.09,8.11,8.02,8.05,1503320.0
2016-10-04,8.06,8.11,7.94,8.0,2552794.0
2016-10-05,8.08,8.11,8.05,8.07,1102257.0
2016-10-06,8.15,8.21,8.09,8.2,2504134.0
2016-10-07,8.25,8.32,8.18,8.31,1850638.0
2016-10-10,8.36,8.41,8.28,8.3,2812298.0
2016-10-11,8.22,8.23,7.98,8.05,3477692.0
2016-10-12,7.84,7.94,7.81,7.88,4269018.0
2016-10-13,7.99,7.99,7.83,7.91,4009610.0
2016-10-14,8.0,8.05,7.94,8.0,4801431.0
2016-10-17,8.04,8.15,8.03,8.11,2064018.0
2016-10-18,8.19,8.32,8.13,8.26,4146843.0
2016-10-19,8.26,8.28,8.19,8.25,1992285.0
2016-10-20,8.06,8.1,8.0,8.08,3726912.0
2016-10-21,8.06,8.1,8.03,8.06,2041491.0
2016-10-24,8.09,8.12,8.08,8.12,2105398.0
2016-10-25,7.93,7.99,7.88,7.93,3795182.0
2016-10-26,7.9,7.98,7.87,7.95,2413876.0
2016-10-27,8.68,8.74,8.6,8.68,10959584.0
2016-10-28,8.99,9.28,8.98,9.21,5263775.0
2016-10-31,9.36,9.53,9.28,9.45,4311807.0
2016-11-01,9.33,9.37,9.13,9.2,3730617.0
2016-11-02,9.13,9.16,8.99,9.0,3645312.0
2016-11-03,9.02,9.06,8.93,8.94,2957422.0
2016-11-04,9.0,9.02,8.87,8.95,3305897.0
2016-11-07,9.23,9.35,9.19,9.34,2404967.0
2016-11-08,9.29,9.39,9.25,9.37,2387468.0
2016-11-09,9.2,9.41,9.2,9.4,2654174.0
2016-11-10,9.28,9.43,9.0,9.06,4026308.0
2016-11-11,8.98,9.06,8.91,9.06,2408419.0
2016-11-14,9.03,9.13,9.0,9.12,2218645.0
2016-11-15,9.03,9.25,9.03,9.23,1716367.0
2016-11-16,9.01,9.2,9.01,9.18,1906763.0
2016-11-17,9.19,9.31,9.15,9.27,1658197.0
2016-11-18,9.41,9.45,9.34,9.42,1943518.0
2016-11-21,9.46,9.59,9.45,9.55,1668397.0
2016-11-22,9.86,9.93,9.79,9.88,4331502.0
2016-11-23,9.77,9.9,9.73,9.88,1934452.0
2016-11-25,9.82,9.85,9.79,9.83,718140.0
2016-11-28,9.71,9.79,9.69,9.75,1747650.0
2016-11-29,9.85,9.93,9.8,9.86,1566380.0
2016-11-30,10.06,10.26,10.03,10.21,6872208.0
2016-12-01,10.14,10.14,9.78,9.84,5091296.0
2016-12-02,9.81,10.0,9.77,9.93,2101522.0
2016-12-05,10.11,10.32,10.06,10.31,2046970.0
2016-12-06,10.32,10.47,10.3,10.45,2576104.0
2016-12-07,10.34,10.59,10.32,10.55,2361974.0
2016-12-08,10.51,10.84,10.5,10.78,3538586.0
2016-12-09,10.73,10.77,10.52,10.59,2557926.0
2016-12-12,10.57,10.57,10.41,10.51,2153270.0
2016-12-13,10.74,10.78,10.7,10.72,1468421.0
2016-12-14,10.7,10.75,10.6,10.62,1643418.0
2016-12-15,10.5,10.71,10.46,10.67,1896714.0
2016-12-16,10.87,10.89,10.76,10.79,2710003.0
2016-12-19,10.92,11.0,10.84,10.94,3058718.0
2016-12-20,10.95,11.08,10.95,11.05,1658753.0
2016-12-21,11.08,11.2,11.07,11.17,1553190.0
2016-12-22,11.26,11.27,11.03,11.1,2011592.0
2016-12-23,11.19,11.28,11.16,11.28,1382275.0
2016-12-27,11.22,11.35,11.21,11.34,1635164.0
2016-12-28,11.25,11.29,11.16,11.16,3297013.0
2016-12-29,11.21,11.24,11.13,11.22,1211456.0
2016-12-30,11.44,11.44,11.28,11.35,2239296.0
2017-01-03,11.15,11.16,10.85,10.98,3116747.0
2017-01-04,10.77,10.94,10.77,10.88,3755562.0
2017-01-05,10.92,11.11,10.91,10.94,2395888.0
2017-01-06,10.73,10.81,10.67,10.79,3057815.0
2017-01-09,10.99,11.22,10.99,11.15,3583052.0
2017-01-10,11.22,11.38,11.21,11.29,2197483.0
2017-01-11,11.32,11.47,11.28,11.46,2157529.0
2017-01-12,11.32,11.41,11.28,11.4,2451810.0
2017-01-13,11.54,11.67,11.53,11.63,1884071.0
2017-01-17,11.55,11.57,11.36,11.41,1944959.0
2017-01-18,11.38,11.55,11.38,11.45,2614307.0
2017-01-19,11.46,11.63,11.45,11.59,2834618.0
2017-01-20,11.54,11.65,11.54,11.61,2370076.0
2017-01-23,11.63,11.7,11.54,11.68,3697222.0
2017-01-24,11.82,12.04,11.81,11.99,8492133.0
2017-01-25,12.32,12.39,12.03,12.18,7794733.0
2017-01-26,12.8,13.17,12.74,12.93,16547591.0
2017-01-27,13.13,13.64,13.11,13.59,9036418.0
2017-01-30,13.47,13.48,13.3,13.46,8639716.0
2017-01-31,13.21,13.26,13.05,13.24,8495760.0
2017-02-01,13.68,13.74,13.5,13.69,5635162.0
2017-02-02,14.14,14.35,14.03,14.24,7764675.0
2017-02-03,14.17,14.44,14.16,14.37,6512272.0
2017-02-06,14.0,14.28,14.0,14.26,8074928.0
2017-02-07,14.22,14.41,14.21,14.34,4401775.0
2017-02-08,13.97,14.03,13.93,13.94,5950321.0
2017-02-09,13.64,13.8,13.6,13.66,10626303.0
2017-02-10,13.33,13.72,13.28,13.64,7464411.0
2017-02-13,13.78,13.85,13.68,13.76,5193973.0
2017-02-14,13.72,13.86,13.67,13.78,3006236.0
2017-02-15,13.69,14.02,13.67,13.99,6773511.0
2017-02-16,14.22,14.52,14.21,14.48,9354836.0
2017-02-17,14.06,14.28,13.98,14.26,8231583.0
2017-02-21,14.49,14.65,14.49,14.64,5385581.0
2017-02-22,14.97,15.13,14.89,15.11,9978263.0
2017-02-23,15.24,15.25,15.1,15.18,4989446.0
2017-02-24,14.83,15.12,14.75,15.0,4744709.0
2017-02-27,15.32,15.55,15.3,15.53,7935482.0
2017-02-28,15.23,15.36,15.22,15.26,6864757.0
2017-03-01,15.43,15.72,15.4,15.69,5590945.0
2017-03-02,15.46,15.63,15.46,15.58,7424332.0
2017-03-03,15.59,15.68,15.44,15.68,5151442.0
2017-03-06,15.38,15.47,15.3,15.43,7065016.0
2017-03-07,15.4,15.5,15.32,15.41,7041515.0
2017-03-08,15.54,15.64,15.52,15.59,5742976.0
2017-03-09,15.09,15.31,15.03,15.21,16973102.0
2017-03-10,15.28,15.3,15.13,15.26,5891350.0
2017-03-13,14.92,15.25,14.86,15.25,6304118.0
2017-03-14,15.24,15.26,15.13,15.25,2258663.0
2017-03-15,15.25,15.61,15.23,15.58,3407471.0
2017-03-16,15.64,15.74,15.5,15.56,3037972.0
2017-03-17,15.62,15.68,15.58,15.62,1784247.0
2017-03-20,15.5,15.56,15.39,15.42,7020871.0
2017-03-21,15.48,15.49,14.61,14.63,7846889.0
2017-03-22,14.86,15.17,14.73,15.17,6055318.0
2017-03-23,15.15,15.35,15.09,15.25,5871526.0
2017-03-24,15.95,16.01,15.81,15.88,6475373.0
2017-03-27,15.66,15.79,15.4,15.73,4445470.0
2017-03-28,15.62,15.74,15.55,15.66,3111369.0
2017-03-29,15.61,15.68,15.5,15.53,2861363.0
2017-03-30,15.48,15.52,15.38,15.44,4043246.0
2017-03-31,15.35,15.51,15.31,15.46,4125431.0
2017-04-03,15.43,15.45,15.17,15.28,5703474.0
2017-04-04,15.15,15.28,15.14,15.2,2410374.0
2017-04-05,15.35,15.47,15.17,15.19,5883372.0
2017-04-06,15.37,15.44,15.16,15.39,5098884.0
2017-04-07,15.44,15.64,15.41,15.55,3258495.0
2017-04-10,15.44,15.57,15.38,15.39,3468893.0
2017-04-11,15.29,15.29,14.92,15.06,4356350.0
2017-04-12,14.98,15.03,14.67,14.75,3952469.0
2017-04-13,14.58,14.84,14.54,14.61,4434663.0
2017-04-17,14.75,14.89,14.7,14.85,1651197.0
2017-04-18,14.45,14.69,14.43,14.58,4082893.0
2017-04-19,14.67,14.7,14.46,14.58,4250810.0
2017-04-20,14.89,14.91,14.76,14.85,2769660.0
2017-04-21,14.71,14.79,14.59,14.64,4135430.0
2017-04-24,15.25,15.52,15.18,15.44,6896162.0
2017-04-25,15.95,16.13,15.82,16.09,7219067.0
2017-04-26,15.97,16.03,15.67,15.82,5898085.0
2017-04-27,16.11,16.11,15.41,15.54,9417119.0
2017-04-28,15.94,16.17,15.89,15.99,6702589.0
2017-05-01,16.1,16.24,15.94,16.24,2546083.0
2017-05-02,16.55,16.57,16.35,16.49,5121389.0
2017-05-03,16.11,16.27,16.1,16.22,2442147.0
2017-05-04,16.08,16.24,16.08,16.22,2257075.0
2017-05-05,16.34,16.7,16.33,16.7,3362648.0
2017-05-08,16.34,16.54,16.34,16.41,4165913.0
2017-05-09,16.44,16.62,16.44,16.58,3157294.0
2017-05-10,16.71,16.86,16.69,16.86,4299356.0
2017-05-11,16.39,16.63,16.35,16.54,6522786.0
2017-05-12,16.64,16.68,16.49,16.63,2865465.0
2017-05-15,16.66,16.92,16.6,16.89,2905888.0
2017-05-16,16.9,17.16,16.9,17.15,4017950.0
2017-05-17,16.85,16.85,16.07,16.09,7648709.0
2017-05-18,15.81,16.28,15.78,16.18,6338212.0
2017-05-19,16.46,16.59,16.33,16.37,2929707.0
2017-05-22,16.12,16.29,16.11,16.28,4386772.0
2017-05-23,16.2,16.27,16.07,16.11,3794446.0
2017-05-24,16.28,16.4,16.23,16.36,2158140.0
2017-05-25,16.37,16.62,16.37,16.44,2075082.0
2017-05-26,16.27,16.53,16.23,16.5,2021238.0
2017-05-30,16.42,16.6,16.42,16.56,1635027.0
2017-05-31,16.71,16.75,16.39,16.47,2577708.0
2017-06-01,16.35,16.47,16.27,16.35,2231336.0
2017-06-02,16.63,16.77,16.47,16.76,3292520.0
2017-06-05,16.44,16.7,16.42,16.53,4246553.0
2017-06-06,16.26,16.45,16.23,16.37,6194269.0
2017-06-07,16.75,17.02,16.74,16.94,5529411.0
2017-06-08,17.07,17.34,16.91,17.34,3672063.0
2017-06-09,17.22,17.31,16.15,16.54,9457482.0
2017-06-12,15.79,15.79,15.32,15.69,10130229.0
2017-06-13,15.95,16.08,15.64,15.93,4812616.0
2017-06-14,15.92,15.95,15.16,15.42,4606880.0
2017-06-15,15.13,15.18,14.89,15.1,6678778.0
2017-06-16,15.24,15.43,15.13,15.22,5023753.0
2017-06-19,15.44,15.64,15.44,15.63,3628118.0
2017-06-20,15.48,15.53,15.09,15.11,3011640.0
2017-06-21,15.17,15.36,15.09,15.35,2347014.0
2017-06-22,14.79,15.15,14.64,14.99,6410001.0
2017-06-23,14.97,15.07,14.89,14.96,3794978.0
2017-06-26,14.95,15.02,14.46,14.55,4644955.0
2017-06-27,14.8,14.8,14.32,14.33,5061325.0
2017-06-28,14.5,14.84,14.32,14.8,4903314.0
2017-06-29,14.57,14.63,14.07,14.36,7097273.0
2017-06-30,14.43,14.56,14.29,14.38,3233610.0
2017-07-03,14.51,14.58,14.28,14.31,2542036.0
2017-07-05,14.62,14.73,14.46,14.68,4409785.0
2017-07-06,14.61,14.88,14.52,14.75,4418483.0
2017-07-07,14.95,15.16,14.94,15.13,4700635.0
2017-07-10,15.2,15.44,15.18,15.41,4014933.0
2017-07-11,15.49,15.59,15.21,15.44,2280345.0
2017-07-12,15.68,15.86,15.63,15.84,3096500.0
2017-07-13,15.91,15.95,15.64,15.79,3379434.0
2017-07-14,15.79,16.13,15.74,16.07,1584449.0
2017-07-17,16.08,16.08,15.89,15.96,940045.0
2017-07-18,15.79,15.94,15.73,15.9,1184675.0
2017-07-19,16.2,16.29,16.09,16.25,4155015.0
2017-07-20,16.55,16.57,16.23,16.54,2081997.0
2017-07-21,16.35,16.45,16.23,16.43,1682472.0
2017-07-24,16.62,16.71,16.51,16.7,1701641.0
2017-07-25,16.79,16.81,16.66,16.68,2115410.0
2017-07-26,17.03,17.07,16.83,17.05,2947434.0
2017-07-27,17.07,17.14,16.05,16.51,7006447.0
2017-07-28,16.69,16.8,16.59,16.77,2495340.0
2017-07-31,16.97,17.04,16.74,16.85,4577737.0
2017-08-01,17.04,17.09,16.82,16.94,1827567.0
2017-08-02,17.3,17.33,17.05,17.16,2634021.0
2017-08-03,17.33,17.44,17.2,17.37,1814232.0
2017-08-04,17.15,17.27,16.93,17.07,1630068.0
2017-08-07,17.09,17.34,17.0,17.33,1087700.0
2017-08-08,17.3,17.46,17.11,17.18,1771093.0
2017-08-09,17.1,17.22,17.02,17.13,2866952.0
2017-08-10,17.1,17.12,16.51,16.52,6579152.0
2017-08-11,16.39,16.63,16.29,16.62,3959614.0
2017-08-14,16.66,16.92,16.66,16.86,2180972.0
2017-08-15,16.77,16.95,16.73,16.86,1640211.0
2017-08-16,16.91,17.09,16.89,17.04,2212618.0
2017-08-17,17.03,17.04,16.58,16.59,4149554.0
2017-08-18,16.63,16.72,16.5,16.59,3270228.0
2017-08-21,16.66,16.7,16.51,16.65,2223064.0
2017-08-22,16.74,16.98,16.74,16.96,1745399.0
2017-08-23,16.92,17.08,16.91,17.05,1889661.0
2017-08-24,17.06,17.09,16.9,16.94,2133271.0
2017-08-25,17.12,17.23,17.02,17.1,3170352.0
2017-08-28,17.11,17.25,17.07,17.23,1564979.0
2017-08-29,16.91,17.12,16.9,17.02,2476170.0
2017-08-30,16.91,17.03,16.83,16.97,2693999.0
2017-08-31,17.32,17.49,17.23,17.44,4098171.0
2017-09-01,17.58,17.59,17.4,17.47,3805940.0
2017-09-05,17.76,17.89,17.57,17.77,5526733.0
2017-09-06,17.92,18.19,17.86,18.02,4968193.0
2017-09-07,18.39,18.76,18.23,18.74,7762394.0
2017-09-08,18.79,18.88,18.59,18.68,6674868.0
2017-09-11,18.74,19.09,18.74,19.05,5701447.0
2017-09-12,19.22,19.22,18.57,18.63,6182931.0
2017-09-13,18.77,18.83,18.67,18.74,3760422.0
2017-09-14,18.83,19.14,18.81,19.01,3736862.0
2017-09-15,19.17,19.25,19.12,19.19,2953858.0
2017-09-18,19.38,19.68,19.38,19.6,4023291.0
2017-09-19,19.69,19.9,19.58,19.89,3570165.0
2017-09-20,19.72,19.79,19.19,19.53,4272809.0
2017-09-21,19.51,19.59,19.3,19.49,2774181.0
2017-09-22,19.63,19.7,19.48,19.63,2235624.0
2017-09-25,19.17,19.2,18.41,18.61,5986760.0
2017-09-26,18.59,18.77,18.49,18.57,2616498.0
2017-09-27,18.74,19.21,18.72,19.11,2926558.0
2017-09-28,19.08,19.24,19.01,19.23,1690858.0
2017-09-29,19.25,19.43,19.19,19.42,2017804.0
2017-10-02,19.69,19.93,19.66,19.84,3982147.0
2017-10-03,19.94,20.04,19.83,19.92,2348200.0
2017-10-04,19.98,20.01,19.77,19.95,4598518.0
2017-10-05,19.87,19.87,19.6,19.71,2183912.0
2017-10-06,19.64,19.82,19.58,19.73,3887238.0
2017-10-09,19.65,19.78,19.59,19.66,1584668.0
2017-10-10,19.75,19.79,19.46,19.76,3464724.0
2017-10-11,19.83,20.03,19.8,20.02,3297257.0
2017-10-12,19.94,20.08,19.87,19.87,2658166.0
2017-10-13,20.01,20.18,19.95,19.98,2047116.0
2017-10-16,20.11,20.18,19.96,20.1,2630000.0
2017-10-17,20.18,20.19,20.06,20.07,2919536.0
2017-10-18,20.17,20.18,19.68,19.87,4145316.0
2017-10-19,19.46,19.77,19.33,19.75,3156973.0
2017-10-20,19.87,20.0,19.77,19.92,2848974.0
2017-10-23,20.26,20.91,20.21,20.71,5981773.0
2017-10-24,20.94,21.15,20.82,21.11,4904272.0
2017-10-25,21.18,21.36,20.64,20.9,4857701.0
2017-10-26,22.5,23.34,22.48,23.08,9177940.0
2017-10-27,23.08,23.37,22.8,23.29,5045530.0
2017-10-30,23.74,23.97,23.45,23.55,5155571.0
2017-10-31,23.48,23.64,23.4,23.57,4376089.0
2017-11-01,23.81,24.0,23.58,23.78,3976325.0
2017-11-02,23.63,23.98,23.59,23.97,3402115.0
2017-11-03,24.36,24.58,24.18,24.58,4227620.0
2017-11-06,24.37,24.8,24.36,24.78,4923263.0
2017-11-07,24.29,24.48,24.22,24.41,5084795.0
2017-11-08,24.3,24.73,24.24,24.68,3412629.0
2017-11-09,23.79,23.85,23.01,23.4,9836480.0
2017-11-10,23.71,24.05,23.64,24.0,2941281.0
2017-11-13,23.56,23.95,23.51,23.86,3242326.0
2017-11-14,24.01,24.01,23.69,23.94,3789156.0
2017-11-15,23.49,23.81,23.32,23.63,3036487.0
2017-11-16,24.09,24.29,23.97,24.2,2226920.0
2017-11-17,24.08,24.17,23.93,24.01,1911818.0
2017-11-20,23.96,24.24,23.92,24.13,2027865.0
2017-11-21,24.39,24.72,24.39,24.68,3257685.0
2017-11-22,24.27,24.39,24.05,24.1,2784227.0
2017-11-24,24.71,24.72,24.55,24.6,1373517.0
2017-11-27,24.28,24.28,23.96,24.05,3022676.0
2017-11-28,24.18,24.2,23.92,24.03,2323060.0
2017-11-29,23.87,23.88,22.12,22.32,7234073.0
2017-11-30,22.42,22.95,22.15,22.62,3433051.0
2017-12-01,22.34,22.35,21.65,22.2,6159639.0
2017-12-04,22.63,22.68,21.71,21.89,5449354.0
2017-12-05,21.67,22.38,21.57,21.92,4643512.0
2017-12-06,21.26,21.47,21.03,21.35,6899038.0
2017-12-07,21.3,21.46,21.2,21.32,3867994.0
2017-12-08,21.56,21.62,21.36,21.4,3608607.0
2017-12-11,21.59,21.79,21.5,21.78,3465179.0
2017-12-12,21.78,21.82,21.56,21.7,2800448.0
2017-12-13,22.07,22.35,21.92,22.04,3595495.0
2017-12-14,22.05,22.14,21.4,21.56,3632642.0
2017-12-15,21.68,21.75,21.46,21.62,2797481.0
2017-12-18,21.9,22.04,21.85,22.0,2825532.0
2017-12-19,22.17,22.27,22.0,22.21,1928972.0
2017-12-20,22.07,22.21,21.7,21.84,2070457.0
2017-12-21,22.0,22.05,21.77,21.82,1383965.0
2017-12-22,21.89,22.26,21.86,22.25,1475677.0
2017-12-26,21.97,22.0,21.36,21.7,2165083.0
2017-12-27,21.73,22.05,21.69,22.04,1711419.0
2017-12-28,21.96,22.12,21.84,21.9,1657819.0
2017-12-29,21.99,22.04,21.83,21.84,1942702.0
2018-01-02,21.83,22.44,21.75,22.4,2493764.0
2018-01-03,22.55,22.97,22.54,22.95,3262060.0
2018-01-04,23.36,23.49,23.05,23.41,4396876.0
2018-01-05,23.24,23.43,23.24,23.34,2299003.0
2018-01-08,23.15,23.25,23.09,23.18,2483246.0
2018-01-09,23.69,23.78,23.34,23.44,2864918.0
2018-01-10,23.48,23.57,23.28,23.49,3173836.0
2018-01-11,24.06,24.24,23.94,24.02,3294993.0
2018-01-12,24.2,24.3,24.05,24.23,2068057.0
2018-01-16,24.23,24.38,23.74,23.9,2728565.0
2018-01-17,23.75,24.39,23.72,24.34,2866136.0
2018-01-18,24.72,25.11,24.65,24.89,4674425.0
2018-01-19,25.29,25.3,24.88,25.06,4211099.0
2018-01-22,24.77,24.92,24.51,24.92,3153330.0
2018-01-23,24.67,24.84,24.4,24.6,4017477.0
2018-01-24,23.95,23.97,22.91,23.33,8096771.0
2018-01-25,24.09,24.31,22.8,22.91,7159832.0
2018-01-26,23.5,23.8,23.39,23.8,5719031.0
2018-01-29,24.35,24.36,23.86,24.24,6725873.0
2018-01-30,24.04,24.17,23.8,23.9,5167562.0
2018-01-31,23.97,24.14,23.7,23.9,5154794.0
2018-02-01,23.7,23.92,23.56,23.63,3622709.0
2018-02-02,23.33,23.33,22.78,22.83,5142847.0
2018-02-05,22.83,23.31,22.27,22.29,6951480.0
2018-02-06,22.15,22.87,22.08,22.87,7387426.0
2018-02-07,22.4,22.63,22.07,22.13,4260693.0
2018-02-08,21.91,21.94,20.78,20.78,6873791.0
2018-02-09,21.31,21.51,20.44,21.21,8886155.0
2018-02-12,21.29,21.66,21.24,21.51,3511536.0
2018-02-13,21.48,21.69,21.34,21.65,2772540.0
2018-02-14,21.49,22.47,21.49,22.43,3046226.0
2018-02-15,22.59,22.76,22.18,22.7,3406607.0
2018-02-16,22.48,22.63,22.27,22.33,2627166.0
2018-02-20,22.25,22.89,22.24,22.73,3489586.0
2018-02-21,22.9,23.33,22.84,22.91,3605407.0
2018-02-22,22.8,22.89,22.51,22.65,3325840.0
2018-02-23,22.8,23.21,22.78,23.16,2079026.0
2018-02-26,22.93,23.28,22.88,23.28,3877980.0
2018-02-27,23.04,23.38,23.0,23.02,4416896.0
2018-02-28,23.12,23.26,22.75,22.8,2294952.0
2018-03-01,22.31,22.39,21.73,22.08,6504497.0
2018-03-02,21.6,22.22,21.52,22.2,6099564.0
2018-03-05,22.02,22.79,22.02,22.68,4896233.0
2018-03-06,23.0,23.37,22.97,23.27,4308486.0
2018-03-07,23.16,23.5,23.14,23.44,4037454.0
2018-03-08,23.87,24.34,23.79,24.21,3841919.0
2018-03-09,24.33,24.49,24.21,24.47,3117500.0
2018-03-12,24.54,24.68,24.43,24.59,1882280.0
2018-03-13,24.58,24.66,23.81,23.92,2864211.0
2018-03-14,24.25,24.29,23.88,24.07,2391584.0
2018-03-15,24.42,24.46,24.22,24.35,1816596.0
2018-03-16,24.33,24.54,24.25,24.51,2021729.0
2018-03-19,24.38,24.43,23.83,24.23,2236790.0
2018-03-20,23.96,24.47,23.96,24.39,1960151.0
2018-03-21,24.81,25.12,24.73,24.97,3237310.0
2018-03-22,24.08,24.31,23.51,23.52,4556325.0
2018-03-23,23.14,23.3,22.64,22.66,3896676.0
2018-03-26,23.31,23.6,22.97,23.57,2903838.0
2018-03-27,23.75,23.77,22.66,22.85,2998625.0
2018-03-28,22.4,22.52,21.94,22.15,3870204.0
2018-03-29,22.14,22.45,21.98,22.29,2248263.0
2018-04-02,22.16,22.39,21.26,21.47,2802545.0
2018-04-03,21.46,21.64,21.1,21.42,3443126.0
2018-04-04,20.46,21.32,20.42,21.28,4243714.0
2018-04-05,21.33,21.49,21.15,21.32,3030490.0
2018-04-06,21.19,21.44,20.91,20.98,2049373.0
2018-04-09,21.34,21.6,21.12,21.13,1989590.0
2018-04-10,22.13,22.29,21.94,22.17,2942465.0
2018-04-11,21.71,22.03,21.61,21.75,2113164.0
2018-04-12,22.5,22.87,22.47,22.84,2349000.0
2018-04-13,22.66,22.74,22.34,22.51,1742475.0
2018-04-16,22.84,22.95,22.62,22.85,3770025.0
2018-04-17,23.01,23.31,22.99,23.27,1851399.0
2018-04-18,22.93,23.01,22.66,22.84,1936270.0
2018-04-19,22.37,22.41,21.81,21.87,3438288.0
2018-04-20,21.56,21.74,21.43,21.5,2655087.0
2018-04-23,21.65,21.74,20.89,20.96,5451801.0
2018-04-24,21.59,21.81,21.18,21.31,5552142.0
2018-04-25,22.24,22.3,21.7,21.99,6851903.0
2018-04-26,22.14,22.3,22.04,22.17,2813953.0
2018-04-27,22.27,22.31,21.79,21.95,2210337.0
2018-04-30,21.73,21.89,21.57,21.74,1767598.0
2018-05-01,21.67,22.2,21.63,22.17,1568899.0
2018-05-02,22.74,22.92,22.54,22.69,3585951.0
2018-05-03,22.83,22.99,22.6,22.91,2184269.0
2018-05-04,22.73,23.12,22.65,23.09,1622927.0
2018-05-07,23.62,23.88,23.58,23.77,3920193.0
2018-05-08,23.24,23.34,23.09,23.26,1948011.0
2018-05-09,23.54,23.66,23.49,23.63,1643078.0
2018-05-10,23.75,24.0,23.72,23.98,1605057.0
2018-05-11,24.0,24.2,23.93,24.06,2304793.0
2018-05-14,24.21,24.52,24.2,24.37,3655569.0
2018-05-15,24.46,24.46,24.02,24.27,3731232.0
2018-05-16,24.15,24.27,23.63,23.83,4114903.0
2018-05-17,23.95,24.06,23.7,23.92,2478706.0
2018-05-18,23.69,23.75,23.41,23.43,1379558.0
2018-05-21,23.92,23.99,23.65,23.74,2211180.0
2018-05-22,23.79,23.86,23.54,23.6,1415874.0
2018-05-23,23.16,23.34,23.09,23.3,1758718.0
2018-05-24,23.59,23.81,23.39,23.79,7066321.0
2018-05-25,23.85,24.07,23.72,24.06,2949370.0
2018-05-29,23.67,23.99,22.75,22.93,7291030.0
2018-05-30,23.8,23.9,23.6,23.71,4577005.0
2018-05-31,23.88,23.97,23.61,23.87,3232833.0
2018-06-01,23.77,23.83,23.51,23.76,2377912.0
2018-06-04,23.95,23.96,23.7,23.79,2505820.0
2018-06-05,24.6,24.97,24.48,24.84,4635987.0
2018-06-06,25.03,25.44,24.92,25.4,3922117.0
2018-06-07,25.39,25.4,24.82,25.02,3800237.0
2018-06-08,24.86,24.86,24.58,24.81,2056019.0
2018-06-11,25.25,25.39,25.11,25.15,2346044.0
2018-06-12,25.21,25.21,24.94,25.05,1395532.0
2018-06-13,26.04,26.21,25.78,25.91,4752593.0
2018-06-14,26.09,26.43,26.08,26.24,2665120.0
2018-06-15,26.21,26.23,25.98,26.12,2023341.0
2018-06-18,25.57,25.81,25.47,25.8,1901641.0
2018-06-19,24.6,24.74,24.35,24.72,2711536.0
2018-06-20,24.21,24.42,24.17,24.28,3059981.0
2018-06-21,23.99,24.01,23.54,23.77,4469213.0
2018-06-22,23.76,23.8,23.29,23.37,2493919.0
2018-06-25,22.75,22.81,22.21,22.57,6477579.0
2018-06-26,22.72,23.08,22.67,22.95,3057203.0
2018-06-27,23.32,23.39,22.49,22.5,2377074.0
2018-06-28,21.65,21.99,21.46,21.84,4962429.0
2018-06-29,22.38,22.45,22.12,22.12,2806638.0
2018-07-02,21.71,22.14,21.65,22.1,2670613.0
2018-07-03,21.94,22.22,21.74,21.75,1391274.0
2018-07-05,22.05,22.39,21.93,22.35,2929962.0
2018-07-06,22.07,22.39,22.03,22.35,1886451.0
2018-07-09,22.44,22.77,22.25,22.71,3223971.0
2018-07-10,22.82,23.08,22.8,22.99,3566563.0
2018-07-11,22.41,22.58,22.13,22.14,4766891.0
2018-07-12,22.32,22.79,22.27,22.76,2781382.0
2018-07-13,22.83,22.91,22.62,22.64,1580390.0
2018-07-16,22.86,22.98,22.71,22.74,1720516.0
2018-07-17,22.7,23.31,22.63,23.24,2682922.0
2018-07-18,23.51,23.73,23.49,23.72,2368831.0
2018-07-19,23.33,23.52,23.26,23.41,2266841.0
2018-07-20,23.24,23.75,23.22,23.5,3027583.0
2018-07-23,23.12,23.62,22.84,23.57,3881388.0
2018-07-24,24.18,24.4,23.64,23.64,3511125.0
2018-07-25,22.35,22.41,21.75,22.2,9904793.0
2018-07-26,22.23,22.35,21.98,22.2,3796558.0
2018-07-27,22.21,22.51,21.97,22.15,2959760.0
2018-07-30,22.13,22.18,21.57,21.64,3788137.0
2018-07-31,22.0,22.1,21.55,21.57,4803209.0
2018-08-01,21.68,21.97,21.48,21.73,7520037.0
2018-08-02,21.49,22.12,21.47,22.09,2579494.0
2018-08-03,22.08,22.19,21.87,22.03,1302557.0
2018-08-06,21.75,22.09,21.67,22.08,1219289.0
2018-08-07,22.18,22.34,22.07,22.15,1527602.0
2018-08-08,22.18,22.27,22.1,22.2,988880.0
2018-08-09,22.12,22.17,21.73,21.74,1492660.0
2018-08-10,20.6,20.7,20.29,20.43,3491870.0
2018-08-13,20.43,20.76,20.41,20.55,2543719.0
2018-08-14,20.46,20.51,20.19,20.23,2414263.0
2018-08-15,19.66,19.7,19.11,19.53,5274970.0
2018-08-16,19.59,19.89,19.55,19.62,2628204.0
2018-08-17,19.23,19.49,19.12,19.47,2726402.0
2018-08-20,19.49,19.68,19.38,19.5,1670471.0
2018-08-21,19.67,19.94,19.63,19.91,1805079.0
2018-08-22,19.73,19.78,19.56,19.72,1852586.0
2018-08-23,19.72,19.81,19.51,19.52,1669185.0
2018-08-24,20.0,20.27,19.97,20.21,2743602.0
2018-08-27,20.38,20.98,20.31,20.74,4604273.0
2018-08-28,21.02,21.06,20.57,20.77,3329808.0
2018-08-29,20.59,20.85,20.58,20.8,1338012.0
2018-08-30,20.66,20.76,20.47,20.51,1581467.0
2018-08-31,20.44,20.73,20.43,20.69,1512564.0
2018-09-04,19.96,20.21,19.81,20.07,3842961.0
2018-09-05,19.43,19.45,19.01,19.13,5525961.0
2018-09-06,19.11,19.15,18.7,18.83,4877587.0
2018-09-07,18.54,18.8,18.32,18.34,5475114.0
2018-09-10,18.94,18.94,18.63,18.77,2845974.0
2018-09-11,18.47,18.52,18.19,18.33,3845402.0
2018-09-12,18.23,18.23,17.43,17.84,5927416.0
2018-09-13,18.22,18.64,18.07,18.42,5413457.0
2018-09-14,18.46,18.62,18.28,18.42,3542787.0
2018-09-17,18.21,18.32,17.95,17.98,3205541.0
2018-09-18,18.08,18.26,18.08,18.17,2277474.0
2018-09-19,18.29,18.41,18.23,18.3,2625786.0
2018-09-20,19.02,19.11,18.84,19.06,8056741.0
2018-09-21,18.97,19.05,18.81,18.82,8269414.0
2018-09-24,19.1,19.1,18.83,19.04,3739210.0
2018-09-25,19.32,19.37,19.04,19.11,8055463.0
2018-09-26,18.84,19.09,18.78,18.83,7502821.0
2018-09-27,18.44,18.71,18.35,18.52,5299145.0
2018-09-28,18.1,18.38,18.06,18.34,4979629.0
2018-10-01,18.59,18.7,18.22,18.28,4942015.0
2018-10-02,18.19,19.0,18.19,18.62,5576862.0
2018-10-03,19.04,19.09,18.77,19.02,5684802.0
2018-10-04,18.65,18.67,18.08,18.26,2844883.0
2018-10-05,17.67,17.81,17.32,17.56,5206660.0
2018-10-08,17.01,17.26,16.94,17.19,3739897.0
2018-10-09,16.88,17.29,16.87,17.09,5047464.0
2018-10-10,16.38,16.64,16.12,16.25,6466268.0
2018-10-11,16.77,17.26,16.45,16.54,7141009.0
2018-10-12,17.07,17.12,16.46,16.65,4206755.0
2018-10-15,16.54,16.82,16.5,16.63,2785371.0
2018-10-16,17.18,17.26,16.98,17.23,2566992.0
2018-10-17,17.5,17.54,17.12,17.22,3600904.0
2018-10-18,16.61,16.64,16.18,16.24,3554681.0
2018-10-19,15.82,16.18,15.76,15.88,4281071.0
2018-10-22,16.07,16.19,15.83,16.03,4439591.0
2018-10-23,15.21,16.02,15.19,15.88,6073515.0
2018-10-24,14.24,14.52,13.68,13.69,13444286.0
2018-10-25,13.76,14.08,13.63,13.99,9560344.0
2018-10-26,13.7,14.17,13.56,13.88,6232311.0
2018-10-29,14.7,14.84,14.17,14.44,6506878.0
2018-10-30,14.37,14.82,14.28,14.82,5086058.0
2018-10-31,15.27,15.42,15.11,15.23,4579892.0
2018-11-01,15.4,16.04,15.27,15.96,5274260.0
2018-11-02,16.02,16.1,15.58,15.81,3665274.0
2018-11-05,15.41,15.42,15.05,15.21,5261027.0
2018-11-06,15.2,15.51,15.2,15.42,3210190.0
2018-11-07,15.32,15.35,15.04,15.16,3147472.0
2018-11-08,14.84,15.17,14.82,14.89,3847721.0
2018-11-09,14.86,14.99,14.62,14.81,3000099.0
2018-11-12,13.91,13.95,13.66,13.72,4376848.0
2018-11-13,13.73,14.27,13.73,14.0,6364533.0
2018-11-14,14.24,14.34,13.95,14.11,3137480.0
2018-11-15,13.67,14.32,13.65,14.3,7846186.0
2018-11-16,13.81,14.13,13.78,14.03,5357233.0
2018-11-19,14.13,14.16,13.78,13.82,3231028.0
2018-11-20,13.45,13.87,13.39,13.6,3859581.0
2018-11-21,14.24,14.33,14.09,14.09,3626206.0
2018-11-23,14.02,14.19,14.02,14.08,1265976.0
2018-11-26,14.5,14.56,14.34,14.54,3109358.0
2018-11-27,14.27,14.4,14.12,14.31,3101823.0
2018-11-28,14.51,14.75,14.24,14.72,3254562.0
2018-11-29,14.84,14.9,14.7,14.77,2144410.0
2018-11-30,14.65,14.86,14.55,14.85,1982705.0
2018-12-03,15.69,15.72,15.42,15.65,3864861.0
2018-12-04,15.33,15.39,14.7,14.73,3474122.0
2018-12-06,13.93,14.06,13.71,13.94,4078416.0
2018-12-07,13.78,13.92,13.28,13.36,3175047.0
2018-12-10,13.41,13.67,13.24,13.38,3914718.0
2018-12-11,13.77,13.84,13.47,13.58,2579795.0
2018-12-12,13.86,14.08,13.74,13.88,2311169.0
2018-12-13,14.06,14.08,13.83,13.88,1977191.0
2018-12-14,13.67,13.89,13.64,13.68,1402726.0
2018-12-17,13.6,13.86,13.36,13.4,2388837.0
2018-12-18,13.9,14.03,13.64,13.68,3940639.0
2018-12-19,13.68,13.86,13.11,13.16,3043075.0
2018-12-20,13.53,13.67,13.13,13.34,3811030.0
2018-12-21,13.74,13.78,13.3,13.36,4519880.0
2018-12-24,13.43,13.49,13.11,13.13,1326321.0
2018-12-26,13.18,13.63,12.85,13.62,2378369.0
2018-12-27,13.48,13.75,13.36,13.73,2887842.0
2018-12-28,14.02,14.1,13.83,13.86,2053277.0
2018-12-31,14.05,14.14,13.72,13.88,2212085.0
2019-01-02,13.57,13.86,13.57,13.74,2376094.0
2019-01-03,12.59,12.71,12.0,12.07,4616013.0
2019-01-04,12.33,12.64,12.24,12.6,3107319.0
2019-01-07,12.94,13.18,12.87,13.09,2366909.0
2019-01-08,13.41,13.45,12.99,13.13,2567372.0
2019-01-09,13.71,13.96,13.65,13.89,3720635.0
2019-01-10,13.81,14.12,13.79,14.1,2134354.0
2019-01-11,14.04,14.22,13.96,14.06,2058742.0
2019-01-14,13.96,13.99,13.8,13.82,2839151.0
2019-01-15,14.07,14.18,13.9,13.97,2251955.0
2019-01-16,14.12,14.28,14.09,14.14,3095082.0
2019-01-17,13.89,14.25,13.81,14.13,1992737.0
2019-01-18,14.32,14.61,14.23,14.55,2499027.0
2019-01-22,14.31,14.32,13.95,14.04,3044778.0
2019-01-23,14.13,14.26,14.0,14.1,2726445.0
2019-01-24,15.28,15.79,15.27,15.62,5947544.0
2019-01-25,16.2,16.52,16.08,16.43,5449954.0
2019-01-28,15.75,16.15,15.69,16.03,3104669.0
2019-01-29,15.95,15.95,15.69,15.75,1795314.0
2019-01-30,16.08,16.25,15.8,16.17,2924656.0
2019-01-31,15.8,15.99,15.74,15.84,2184827.0
2019-02-01,15.85,15.98,15.76,15.93,1354753.0
2019-02-04,15.97,16.04,15.89,16.01,1930594.0
2019-02-05,15.68,15.82,15.6,15.74,3587987.0
2019-02-06,16.17,16.59,16.16,16.36,4794101.0
2019-02-07,15.93,16.01,15.65,15.75,2637381.0
2019-02-08,15.29,15.6,15.27,15.54,2580955.0
2019-02-11,15.73,15.83,15.65,15.72,1978558.0
2019-02-12,16.42,16.69,16.36,16.55,3091529.0
2019-02-13,16.46,16.58,16.4,16.43,1786167.0
2019-02-14,16.42,16.53,16.32,16.45,1714301.0
2019-02-15,16.65,16.65,16.5,16.54,1967771.0
2019-02-19,16.29,16.44,16.27,16.37,1626028.0
2019-02-20,16.4,16.7,16.39,16.55,1259061.0
2019-02-21,16.61,16.67,16.47,16.54,1501344.0
2019-02-22,16.81,16.88,16.68,16.81,1711170.0
2019-02-25,17.47,17.48,17.12,17.17,3025312.0
2019-02-26,17.03,17.12,16.92,17.06,2081341.0
2019-02-27,16.94,16.94,16.54,16.68,3310429.0
2019-02-28,16.42,16.48,16.3,16.36,1409133.0
2019-03-01,16.75,16.86,16.62,16.76,2696246.0
2019-03-04,16.85,16.9,16.58,16.78,1507766.0
2019-03-05,16.74,16.74,16.59,16.61,1705355.0
2019-03-06,16.33,16.36,15.96,15.97,2324333.0
2019-03-07,15.77,15.77,15.42,15.54,4226621.0
2019-03-08,15.39,15.71,15.34,15.64,2615608.0
2019-03-11,15.65,15.99,15.64,15.89,2742345.0
2019-03-12,15.9,15.96,15.72,15.79,2613833.0
2019-03-13,15.82,15.84,15.66,15.68,1864628.0
2019-03-14,15.82,15.85,15.56,15.56,2571748.0
2019-03-15,16.18,16.56,16.13,16.46,3657790.0
2019-03-18,16.29,16.37,16.03,16.14,4470299.0
2019-03-19,16.33,16.36,16.17,16.25,3183200.0
2019-03-20,16.39,16.41,16.06,16.26,5459878.0
2019-03-21,16.46,17.06,16.46,16.97,4493055.0
2019-03-22,16.74,16.78,16.26,16.28,3551372.0
2019-03-25,16.03,16.13,15.63,15.75,3595351.0
2019-03-26,15.85,15.96,15.8,15.93,2495498.0
2019-03-27,15.75,15.8,14.75,14.81,7033293.0
2019-03-28,14.6,14.8,14.28,14.33,3934945.0
2019-03-29,14.67,14.86,14.62,14.85,2088394.0
2019-04-01,15.26,15.56,15.24,15.52,4236691.0
2019-04-02,15.78,15.85,15.68,15.83,2631819.0
2019-04-03,16.7,16.8,16.48,16.56,4829317.0
2019-04-04,16.77,17.07,16.72,16.95,5475663.0
2019-04-05,17.43,17.47,17.26,17.4,3858406.0
2019-04-08,17.46,17.67,17.36,17.62,4211190.0
2019-04-09,17.63,17.63,17.39,17.44,3381634.0
2019-04-10,17.33,17.57,17.33,17.52,2255538.0
2019-04-11,17.68,17.79,17.47,17.54,2325907.0
2019-04-12,18.05,18.2,17.89,18.17,3583740.0
2019-04-15,18.03,18.05,17.74,17.88,3385596.0
2019-04-16,18.21,18.4,18.1,18.37,3297332.0
2019-04-17,18.75,18.8,18.49,18.64,4748265.0
2019-04-18,18.61,18.76,18.52,18.58,2960318.0
2019-04-22,18.55,18.57,18.25,18.41,2073393.0
2019-04-23,18.02,18.24,17.9,18.18,5080729.0
2019-04-24,18.42,18.86,18.4,18.61,4586843.0
2019-04-25,18.76,18.77,18.21,18.44,4374991.0
2019-04-26,18.05,18.23,17.83,18.23,3026063.0
2019-04-29,17.97,18.09,17.9,17.97,2323218.0
2019-04-30,18.29,18.4,18.23,18.35,2839072.0
2019-05-01,18.72,18.78,18.32,18.33,2404689.0
2019-05-02,18.34,18.5,18.14,18.38,3057877.0
2019-05-03,18.23,18.46,18.2,18.45,2319296.0
2019-05-06,17.46,17.61,17.36,17.54,3103968.0
2019-05-07,17.43,17.44,16.89,17.16,5050232.0
2019-05-08,17.14,17.46,17.11,17.2,2507358.0
2019-05-09,16.72,16.93,16.43,16.84,5774356.0
2019-05-10,16.78,17.02,16.48,16.85,5106112.0
2019-05-13,16.16,16.22,15.66,15.71,14099375.0
2019-05-14,16.67,17.02,16.55,16.92,6349057.0
2019-05-15,16.72,17.55,16.71,17.35,5311395.0
2019-05-16,17.36,17.68,17.32,17.41,4436681.0
2019-05-17,17.27,17.5,16.93,16.99,5338461.0
2019-05-20,15.8,15.93,15.44,15.56,6575293.0
2019-05-21,16.39,16.5,16.2,16.36,5340777.0
2019-05-22,16.16,16.31,16.02,16.06,3851034.0
2019-05-23,15.44,15.48,15.16,15.45,4593669.0
2019-05-24,15.37,15.49,15.19,15.24,3816305.0
2019-05-28,15.32,15.42,15.08,15.1,3162813.0
2019-05-29,14.8,15.28,14.78,15.16,4005465.0
2019-05-30,15.03,15.23,14.97,15.11,3608952.0
2019-05-31,15.0,15.31,14.95,15.04,3161499.0
2019-06-03,15.23,15.41,15.05,15.16,3604100.0
2019-06-04,15.64,15.99,15.51,15.98,2995463.0
2019-06-05,15.94,15.98,15.54,15.62,3623571.0
2019-06-06,15.64,15.71,15.43,15.63,1713562.0
2019-06-07,15.84,17.12,15.77,16.52,7119487.0
2019-06-10,16.3,16.55,16.25,16.34,4422262.0
2019-06-11,16.93,16.96,16.57,16.68,2517133.0
2019-06-12,16.65,16.65,16.28,16.29,2216788.0
2019-06-13,16.42,16.55,16.32,16.54,1856709.0
2019-06-14,15.81,15.87,15.7,15.81,2218824.0
2019-06-17,15.8,15.92,15.56,15.59,3021166.0
2019-06-18,15.62,16.3,15.6,16.11,5457364.0
2019-06-19,16.7,16.73,16.48,16.58,3372475.0
2019-06-20,17.32,17.33,16.98,17.15,4790173.0
2019-06-21,16.9,17.04,16.82,16.98,2640661.0
2019-06-24,16.95,17.12,16.9,17.02,1923246.0
2019-06-25,17.06,17.08,16.57,16.59,3223563.0
2019-06-26,17.39,17.44,17.09,17.12,2805180.0
2019-06-27,17.47,17.55,17.4,17.51,1506888.0
2019-06-28,17.77,17.84,17.61,17.62,5006259.0
2019-07-01,18.68,18.72,18.2,18.35,6511353.0
2019-07-02,18.23,18.26,17.93,18.02,5023677.0
2019-07-03,18.04,18.07,17.95,18.01,2662865.0
2019-07-05,17.73,17.74,17.56,17.69,2548508.0
2019-07-08,17.56,17.58,17.38,17.5,1770678.0
2019-07-09,17.18,17.48,17.18,17.47,2151401.0
2019-07-10,17.8,17.95,17.59,17.66,2181087.0
2019-07-11,17.73,17.77,17.52,17.65,3601789.0
2019-07-12,17.71,17.88,17.69,17.86,1120213.0
2019-07-15,17.89,17.95,17.68,17.8,1355990.0
2019-07-16,17.65,17.82,17.53,17.67,1279342.0
2019-07-17,17.9,17.92,17.73,17.78,2197803.0
2019-07-18,17.78,18.16,17.78,18.08,3150659.0
2019-07-19,18.28,18.36,18.14,18.19,1812072.0
2019-07-22,18.52,18.68,18.47,18.57,2310198.0
2019-07-23,19.02,19.06,18.87,19.03,2345172.0
2019-07-24,19.36,19.68,19.34,19.45,5203785.0
2019-07-25,19.39,19.41,18.84,19.02,5002299.0
2019-07-26,19.41,19.42,19.11,19.15,2827334.0
2019-07-29,19.06,19.11,18.85,19.1,3092914.0
2019-07-30,18.6,18.7,18.49,18.65,1885389.0
2019-07-31,18.78,18.78,18.1,18.25,2915351.0
2019-08-01,18.39,18.8,17.66,17.97,2972725.0
2019-08-02,17.73,17.75,17.43,17.55,3439457.0
2019-08-05,17.06,17.1,16.66,16.82,2463782.0
2019-08-06,17.02,17.13,16.79,16.94,1912274.0
2019-08-07,16.85,17.13,16.81,17.06,1460393.0
2019-08-08,17.4,17.64,17.32,17.56,1713562.0
2019-08-09,17.77,17.86,17.45,17.73,2634241.0
2019-08-12,17.62,17.7,17.43,17.56,1095805.0
2019-08-13,17.39,18.23,17.3,18.11,2132878.0
2019-08-14,17.45,17.57,17.06,17.16,1685283.0
2019-08-15,17.1,17.34,17.03,17.28,1861069.0
2019-08-16,17.29,17.64,17.28,17.5,2048540.0
2019-08-19,18.03,18.14,17.92,18.0,1474847.0
2019-08-20,18.05,18.14,17.93,17.97,1184330.0
2019-08-21,18.33,18.33,18.11,18.18,1037220.0
2019-08-22,18.17,18.23,17.98,18.04,1161141.0
2019-08-23,17.48,17.81,17.04,17.12,4423273.0
2019-08-26,17.36,17.63,17.27,17.44,3236595.0
2019-08-27,17.6,17.68,17.36,17.45,1775548.0
2019-08-28,17.2,17.4,17.11,17.27,2388198.0
2019-08-29,17.68,17.88,17.61,17.68,2337870.0
2019-08-30,17.9,17.92,17.61,17.7,1465797.0
2019-09-03,17.54,17.55,17.26,17.34,2042222.0
2019-09-04,17.94,18.13,17.88,18.08,2702283.0
2019-09-05,18.9,19.14,18.86,18.95,2679521.0
2019-09-06,19.21,19.26,19.07,19.2,1989173.0
2019-09-09,19.42,19.56,19.28,19.44,1615621.0
2019-09-10,19.35,19.47,19.16,19.46,1938569.0
2019-09-11,19.75,19.97,19.71,19.93,1735859.0
2019-09-12,19.83,20.18,19.73,20.0,1985829.0
2019-09-13,20.25,20.25,20.07,20.1,1861695.0
2019-09-16,19.78,19.95,19.72,19.87,1184298.0
2019-09-17,19.56,19.78,19.55,19.76,875806.0
2019-09-18,19.88,20.09,19.67,19.93,2453214.0
2019-09-19,20.01,20.09,19.81,19.83,1431648.0
2019-09-20,19.77,19.78,19.21,19.28,2417369.0
2019-09-23,19.25,19.49,19.14,19.37,1731645.0
2019-09-24,19.42,19.47,19.02,19.16,1833253.0
2019-09-25,18.95,19.41,18.84,19.35,1400473.0
2019-09-26,19.41,19.42,19.15,19.29,1299398.0
2019-09-27,19.33,19.45,18.94,19.05,2449400.0
2019-09-30,19.2,19.38,19.14,19.34,1301596.0
2019-10-01,19.56,19.62,19.1,19.12,1969307.0
2019-10-02,19.02,19.08,18.8,19.0,2300773.0
2019-10-03,19.01,19.24,18.68,19.18,1782961.0
2019-10-04,19.46,19.75,19.42,19.73,3345772.0
2019-10-07,19.57,19.8,19.55,19.69,2615109.0
2019-10-08,19.32,19.36,18.93,18.94,2002477.0
2019-10-09,19.4,19.47,19.3,19.42,1805786.0
2019-10-10,19.41,19.82,19.38,19.64,1923612.0
2019-10-11,20.88,21.37,20.86,21.05,3896878.0
2019-10-14,21.05,21.11,20.94,21.02,1443222.0
2019-10-15,21.26,21.65,21.2,21.53,1771779.0
2019-10-16,21.53,21.55,21.27,21.29,1970671.0
2019-10-17,21.49,21.51,21.04,21.17,2095073.0
2019-10-18,21.11,21.2,20.9,21.11,1853381.0
2019-10-21,21.36,21.48,21.25,21.41,2390972.0
2019-10-22,21.3,21.36,21.04,21.06,2114535.0
2019-10-23,20.86,20.86,20.47,20.5,4586203.0
2019-10-24,21.85,22.48,21.82,22.44,4829235.0
2019-10-25,22.46,22.52,22.27,22.38,2439807.0
2019-10-28,22.9,23.01,22.83,22.91,2907068.0
2019-10-29,23.3,23.38,23.07,23.09,3519449.0
2019-10-30,23.16,23.16,22.78,23.0,2743729.0
2019-10-31,22.83,22.83,22.46,22.68,2601338.0
2019-11-01,22.96,23.29,22.9,23.25,1879373.0
2019-11-04,23.51,23.59,23.36,23.47,1982678.0
2019-11-05,23.52,23.6,23.37,23.45,2097009.0
2019-11-06,23.5,23.51,23.25,23.4,1849854.0
2019-11-07,23.78,23.92,23.57,23.65,1908601.0
2019-11-08,23.58,23.87,23.51,23.87,2029984.0
2019-11-11,23.68,23.89,23.64,23.78,1030557.0
2019-11-12,24.27,24.32,24.08,24.11,1988314.0
2019-11-13,23.97,24.15,23.85,24.03,2481551.0
2019-11-14,24.03,24.11,23.86,24.03,1439268.0
2019-11-15,24.32,24.4,24.14,24.19,1221496.0
2019-11-18,24.31,24.41,24.14,24.26,1636609.0
2019-11-19,24.38,24.43,24.11,24.13,1713846.0
2019-11-20,24.19,24.27,23.8,24.01,1863807.0
2019-11-21,23.91,23.91,23.57,23.69,2393098.0
2019-11-22,24.14,24.16,23.8,23.87,1802999.0
2019-11-25,24.25,24.48,24.22,24.47,1167158.0
2019-11-26,24.79,24.85,24.61,24.84,2678177.0
2019-11-27,24.86,24.89,24.7,24.89,973841.0
2019-11-29,24.6,24.61,24.33,24.37,1017402.0
2019-12-02,24.49,24.49,24.05,24.27,1770191.0
2019-12-03,24.06,24.34,23.92,24.3,2203928.0
2019-12-04,24.7,24.77,24.54,24.65,1219492.0
2019-12-05,24.8,24.92,24.65,24.87,1401586.0
2019-12-06,25.36,25.59,25.27,25.47,2131460.0
2019-12-09,25.6,25.71,25.37,25.39,1282253.0
2019-12-10,25.7,25.92,25.6,25.82,1519995.0
2019-12-11,25.94,26.43,25.93,26.42,1436134.0
2019-12-12,26.52,27.18,26.5,27.15,3520572.0
2019-12-13,27.43,27.79,27.22,27.34,3825734.0
2019-12-16,27.19,27.39,27.02,27.02,1672161.0
2019-12-17,27.2,27.32,27.02,27.27,1446872.0
2019-12-18,26.61,26.68,26.5,26.6,2061921.0
2019-12-19,26.64,26.96,26.52,26.81,1793769.0
2019-12-20,26.96,27.06,26.78,26.86,2075452.0
2019-12-23,26.84,27.19,26.84,27.07,1994696.0
2019-12-24,27.08,27.25,26.9,27.22,590900.0
2019-12-26,27.3,27.35,27.16,27.26,871628.0
2019-12-27,27.23,27.27,27.02,27.09,1083376.0
2019-12-30,26.96,27.02,26.73,26.93,1154246.0
2019-12-31,26.79,27.15,26.79,26.91,818318.0
2020-01-02,27.8,27.9,27.66,27.89,1729427.0
2020-01-03,27.34,27.57,27.31,27.33,1653008.0
2020-01-06,26.66,26.89,26.61,26.8,1611023.0
2020-01-07,27.33,27.57,27.22,27.23,2193270.0
2020-01-08,27.23,27.58,27.18,27.36,2036694.0
2020-01-09,28.15,28.19,27.74,27.93,2899522.0
2020-01-10,27.59,27.63,27.31,27.38,1859141.0
2020-01-13,27.7,27.89,27.6,27.87,1720649.0
2020-01-14,27.87,28.14,27.75,27.94,1459171.0
2020-01-15,27.4,27.5,27.23,27.34,1873537.0
2020-01-16,27.68,27.77,27.47,27.71,1882178.0
2020-01-17,27.81,27.93,27.76,27.89,1758112.0
2020-01-21,27.77,27.93,27.71,27.77,1474159.0
2020-01-22,27.82,28.39,27.81,28.39,4265759.0
2020-01-23,30.08,30.22,29.67,30.04,6073505.0
2020-01-24,30.68,30.68,30.04,30.14,4727137.0
2020-01-27,28.97,29.17,28.7,28.82,5394454.0
2020-01-28,29.21,29.89,29.12,29.88,3025581.0
2020-01-29,30.17,30.17,29.54,29.56,2681478.0
2020-01-30,29.02,29.52,28.86,29.49,3283216.0
2020-01-31,28.63,28.68,27.64,27.85,3344140.0
2020-02-03,28.12,28.67,28.09,28.6,2327577.0
2020-02-04,29.28,29.59,29.16,29.58,2150091.0
2020-02-05,30.29,30.32,29.96,30.23,4214115.0
2020-02-06,29.92,29.97,29.68,29.94,1791321.0
2020-02-07,29.52,29.91,29.43,29.61,2586564.0
2020-02-10,29.77,30.41,29.71,30.36,2588595.0
2020-02-11,30.57,31.0,30.52,30.94,2369681.0
2020-02-12,31.08,31.38,31.04,31.29,2552978.0
2020-02-13,31.55,31.98,31.38,31.77,2536523.0
2020-02-14,31.23,31.58,31.11,31.23,2274457.0
2020-02-18,29.99,30.33,29.87,30.33,3129396.0
2020-02-19,30.96,31.63,30.94,31.56,2279136.0
2020-02-20,31.44,31.81,30.88,31.32,2190487.0
2020-02-21,31.35,31.39,30.4,30.5,2877913.0
2020-02-24,28.01,28.79,27.96,28.34,4680291.0
2020-02-25,28.77,28.83,27.91,28.01,5235076.0
2020-02-26,28.8,29.2,28.44,28.54,4489691.0
2020-02-27,27.22,27.69,26.68,26.76,7411972.0
2020-02-28,26.06,27.46,25.98,27.4,7098155.0
2020-03-02,26.91,27.85,26.43,27.83,5070682.0
2020-03-03,28.14,28.66,27.2,27.57,6458103.0
2020-03-04,27.57,28.08,27.22,28.06,4008008.0
2020-03-05,26.98,27.53,26.75,26.91,2618684.0
2020-03-06,26.26,26.72,25.89,26.31,3559867.0
2020-03-09,23.86,24.76,19.8,23.46,4497668.0
2020-03-10,25.41,25.41,23.86,24.7,5387045.0
2020-03-11,23.62,23.86,22.55,22.87,4643353.0
2020-03-12,21.07,21.24,19.48,19.52,4393337.0
2020-03-13,22.35,22.35,19.68,21.33,4397165.0
2020-03-16,16.96,18.99,16.22,17.24,4661268.0
2020-03-17,17.8,18.5,17.28,18.36,4437219.0
2020-03-18,15.99,16.81,14.67,15.86,3475258.0
2020-03-19,15.36,16.77,15.0,16.21,4899987.0
2020-03-20,17.34,17.91,16.34,16.42,3258871.0
2020-03-23,17.1,17.85,16.66,17.66,3086845.0
2020-03-24,19.52,20.04,18.91,19.95,3316710.0
2020-03-25,20.66,21.62,20.0,20.87,3625864.0
2020-03-26,20.68,21.54,20.27,21.44,3075871.0
2020-03-27,20.85,20.93,20.2,20.22,1737518.0
2020-03-30,21.03,21.61,20.78,21.32,2480966.0
2020-03-31,21.6,21.93,21.14,21.37,1921211.0
2020-04-01,20.86,21.04,19.86,20.05,2085182.0
2020-04-02,20.07,20.43,19.62,19.99,1973588.0
2020-04-03,19.6,19.7,18.97,19.22,2280873.0
2020-04-06,20.65,21.81,20.55,21.58,1774507.0
2020-04-07,22.92,22.94,21.92,22.23,2496370.0
2020-04-08,22.67,23.3,22.38,23.1,1906349.0
2020-04-09,24.19,24.38,22.7,22.98,1904359.0
2020-04-13,22.9,23.35,22.53,23.27,1576287.0
2020-04-14,24.06,24.56,23.84,24.09,2883993.0
2020-04-15,22.78,22.89,22.18,22.35,2341211.0
2020-04-16,22.72,22.73,22.09,22.51,1538887.0
2020-04-17,23.42,23.43,22.95,23.24,1557185.0
2020-04-20,22.7,23.11,22.64,22.64,2020473.0
2020-04-21,22.11,22.3,21.22,21.39,1878077.0
2020-04-22,23.28,23.41,22.75,23.3,2606540.0
2020-04-23,23.68,24.36,23.55,23.64,2291587.0
2020-04-24,24.95,25.02,24.29,25.01,2413425.0
2020-04-27,25.54,25.9,25.47,25.68,1200913.0
2020-04-28,27.02,27.07,26.16,26.21,2315091.0
2020-04-29,26.49,27.64,26.36,27.5,2012740.0
2020-04-30,26.16,26.26,25.44,25.57,2590423.0
2020-05-01,25.0,25.09,24.32,24.86,1540543.0
2020-05-04,24.34,25.37,24.21,25.25,1877399.0
2020-05-05,24.3,24.86,24.17,24.31,2255925.0
2020-05-06,24.96,25.1,24.61,24.61,1184655.0
2020-05-07,25.19,25.31,24.87,25.17,1058297.0
2020-05-08,25.34,25.61,25.22,25.45,2390547.0
2020-05-11,24.85,25.15,24.66,24.93,1260756.0
2020-05-12,25.95,25.99,24.93,24.95,1441752.0
2020-05-13,24.98,25.06,24.08,24.45,1387194.0
2020-05-14,23.73,24.66,23.46,24.6,2090953.0
2020-05-15,23.74,23.89,23.23,23.64,1561907.0
2020-05-18,24.0,25.05,23.96,24.89,1877461.0
2020-05-19,23.55,24.45,23.53,23.85,3708412.0
2020-05-20,24.24,24.89,24.2,24.72,4229031.0
2020-05-21,24.5,24.73,23.84,23.97,3259712.0
2020-05-22,23.99,24.2,23.76,24.14,1282300.0
2020-05-26,25.49,25.54,24.83,24.9,2745068.0
2020-05-27,24.53,24.63,23.59,24.47,3078367.0
2020-05-28,24.44,24.79,23.91,23.98,2283869.0
2020-05-29,24.4,24.96,24.28,24.85,2383603.0
2020-06-01,24.83,24.99,24.65,24.91,2398940.0
2020-06-02,25.89,25.89,25.22,25.78,2456739.0
2020-06-03,27.35,27.79,27.02,27.58,3581486.0
2020-06-04,27.46,27.68,27.33,27.63,2075124.0
2020-06-05,28.23,28.63,27.92,27.96,1999853.0
2020-06-08,27.69,27.72,26.93,27.34,1752978.0
2020-06-09,26.98,27.47,26.95,27.2,1106204.0
2020-06-10,27.4,27.54,27.01,27.21,1456266.0
2020-06-11,26.28,26.47,25.15,25.19,2142815.0
2020-06-12,26.06,26.22,25.22,25.7,1462160.0
2020-06-15,25.19,26.29,25.07,26.28,1609115.0
2020-06-16,27.15,27.27,26.32,26.71,1752558.0
2020-06-17,27.1,27.28,26.84,26.97,1099496.0
2020-06-18,27.29,27.38,26.97,27.17,1134980.0
2020-06-19,27.59,27.64,26.67,26.8,1917882.0
2020-06-22,26.72,26.82,26.32,26.81,1448176.0
2020-06-23,27.63,27.63,27.34,27.37,1035799.0
2020-06-24,27.17,27.26,26.44,26.65,1538509.0
2020-06-25,26.76,26.89,26.38,26.87,2914325.0
2020-06-26,26.67,26.71,26.07,26.13,1497846.0
2020-06-29,26.49,26.75,26.13,26.75,1709273.0
2020-06-30,26.73,27.5,26.7,27.41,1600826.0
2020-07-01,26.82,27.02,26.56,26.61,1608194.0
2020-07-02,26.83,27.27,26.79,27.09,1962414.0
2020-07-06,27.51,28.03,27.51,27.92,2135970.0
2020-07-07,27.7,27.83,27.26,27.27,1233942.0
2020-07-08,27.01,27.38,26.87,27.38,1165335.0
2020-07-09,27.61,28.09,27.19,28.01,2546829.0
2020-07-10,29.04,29.08,28.48,28.7,2582996.0
2020-07-13,29.34,29.67,28.24,28.32,2211966.0
2020-07-14,28.13,29.08,27.99,29.01,6970744.0
2020-07-15,29.37,29.47,28.86,29.33,3600395.0
2020-07-16,28.81,29.72,28.8,29.56,2893174.0
2020-07-17,29.96,30.11,29.69,30.0,2044174.0
2020-07-20,30.09,31.06,29.95,31.04,2316967.0
2020-07-21,31.11,31.17,30.27,30.44,2758390.0
2020-07-22,30.83,31.12,30.56,30.66,2962295.0
2020-07-23,31.05,31.25,29.74,29.97,5003454.0
2020-07-24,29.93,30.29,29.47,29.6,3321792.0
2020-07-27,30.35,30.94,30.25,30.87,2231089.0
2020-07-28,28.96,29.51,28.93,29.08,6169904.0
2020-07-29,28.39,29.13,28.38,28.99,4854828.0
2020-07-30,28.06,28.52,27.76,28.29,4706641.0
2020-07-31,28.54,28.58,27.61,27.94,3259845.0
2020-08-03,28.39,29.17,28.33,28.88,4281216.0
2020-08-04,28.83,29.23,28.83,29.04,2102142.0
2020-08-05,28.85,29.23,28.73,29.0,1585895.0
2020-08-06,28.94,29.02,28.63,28.91,1873466.0
2020-08-07,28.93,29.04,28.35,28.63,1654892.0
2020-08-10,28.6,28.7,28.22,28.6,1474620.0
2020-08-11,29.18,29.76,28.96,28.97,2162307.0
2020-08-12,29.42,30.42,29.28,30.26,2809540.0
2020-08-13,30.19,30.3,29.56,29.66,1786407.0
2020-08-14,29.28,29.56,29.06,29.12,1165479.0
2020-08-17,29.98,30.07,29.6,29.63,1831624.0
2020-08-18,29.99,30.0,29.32,29.34,1250968.0
2020-08-19,29.53,29.6,29.17,29.23,990109.0
2020-08-20,28.72,28.93,28.64,28.75,1927874.0
2020-08-21,28.46,28.77,28.34,28.75,1608162.0
2020-08-24,29.7,29.82,29.42,29.69,2081751.0
2020-08-25,29.99,30.19,29.81,30.19,1631990.0
2020-08-26,30.29,31.07,30.19,30.91,3072598.0
2020-08-27,31.06,31.08,29.7,29.87,2097397.0
2020-08-28,29.86,30.15,29.8,30.09,1232269.0
2020-08-31,30.13,30.4,29.94,30.25,1657120.0
2020-09-01,30.21,30.6,30.09,30.5,1683406.0
2020-09-02,30.96,31.27,30.55,31.12,2180408.0
2020-09-03,30.31,30.33,28.19,28.35,5218827.0
2020-09-04,28.43,28.76,27.35,28.28,3570946.0
2020-09-08,26.98,27.66,26.9,26.96,3016270.0
2020-09-09,28.79,29.6,28.43,29.38,4736209.0
2020-09-10,30.02,30.18,29.21,29.4,3136465.0
2020-09-11,30.33,30.4,29.45,29.74,3337074.0
2020-09-14,31.13,31.33,30.91,31.1,3038214.0
2020-09-15,31.34,31.62,31.21,31.4,2909644.0
2020-09-16,31.85,31.94,31.14,31.18,1692427.0
2020-09-17,30.56,31.14,30.51,31.11,1434490.0
2020-09-18,31.26,31.28,30.34,30.54,2343260.0
2020-09-21,29.65,30.05,29.3,30.0,2131017.0
2020-09-22,29.91,30.19,29.45,30.17,1565265.0
2020-09-23,30.03,30.1,29.15,29.23,2409777.0
2020-09-24,29.44,30.27,29.3,29.89,1941626.0
2020-09-25,28.9,29.31,28.8,29.19,2679854.0
2020-09-28,29.96,30.28,29.76,30.27,1668793.0
2020-09-29,30.38,30.83,30.33,30.6,1375038.0
2020-09-30,30.42,31.01,30.37,30.69,1390999.0
2020-10-01,32.91,33.3,32.67,33.21,4872490.0
2020-10-02,32.34,32.67,32.21,32.23,2172353.0
2020-10-05,32.77,33.32,32.72,33.25,1768033.0
2020-10-06,32.91,33.32,32.48,32.56,2537960.0
2020-10-07,33.15,33.42,32.99,33.32,1963926.0
2020-10-08,33.38,33.65,33.33,33.53,1839884.0
2020-10-09,34.29,34.95,34.29,34.9,4097688.0
2020-10-12,35.16,35.34,34.89,35.07,3966344.0
2020-10-13,35.07,35.23,34.81,34.81,3871203.0
2020-10-14,35.07,35.14,34.41,34.57,1940128.0
2020-10-15,33.67,34.37,33.58,34.25,2793576.0
2020-10-16,34.75,34.85,34.23,34.31,1356124.0
2020-10-19,34.58,34.79,34.05,34.24,1910567.0
2020-10-20,34.65,34.93,34.44,34.51,2441886.0
2020-10-21,34.37,34.88,34.07,34.17,4294822.0
2020-10-22,34.69,34.8,33.7,33.77,2720808.0
2020-10-23,33.9,34.14,33.59,34.01,1674056.0
2020-10-26,33.66,33.86,32.81,33.16,2450256.0
2020-10-27,32.89,33.1,31.79,31.81,3322502.0
2020-10-28,30.71,30.78,30.2,30.46,4352800.0
2020-10-29,30.59,31.35,30.39,31.14,3454787.0
2020-10-30,30.87,30.93,30.16,30.54,1699916.0
2020-11-02,31.09,31.43,30.7,31.1,1448208.0
2020-11-03,31.81,32.3,31.74,32.15,1692990.0
2020-11-04,32.25,33.12,32.06,33.04,2034903.0
2020-11-05,34.0,34.28,33.85,34.07,1806035.0
2020-11-06,34.32,34.72,34.0,34.59,1285605.0
2020-11-09,35.9,36.32,35.07,35.08,3064531.0
2020-11-10,34.51,34.64,33.41,33.51,1814249.0
2020-11-11,34.21,34.66,34.17,34.58,1144677.0
2020-11-12,33.89,34.2,33.44,33.55,1248699.0
2020-11-13,34.29,34.44,34.11,34.35,1406602.0
2020-11-16,34.88,35.55,34.79,35.55,2108750.0
2020-11-17,35.41,35.5,35.02,35.26,1292503.0
2020-11-18,35.46,35.98,35.36,35.41,1758566.0
2020-11-19,35.69,36.35,35.54,36.34,1694554.0
2020-11-20,36.47,36.99,36.46,36.54,1503107.0
2020-11-23,37.53,37.57,36.96,37.51,2170747.0
2020-11-24,37.45,37.56,37.05,37.54,1774097.0
2020-11-25,38.01,38.31,37.85,37.98,2713858.0
2020-11-27,39.35,39.74,39.19,39.55,1610038.0
2020-11-30,39.77,39.86,39.16,39.65,2444097.0
2020-12-01,40.54,41.65,40.32,41.4,4444842.0
2020-12-02,40.19,40.78,39.91,40.65,2243378.0
2020-12-03,40.92,41.1,40.61,40.64,1211149.0
2020-12-04,41.06,41.8,40.99,41.76,1809417.0
2020-12-07,41.65,41.99,41.47,41.99,1333805.0
2020-12-08,41.39,41.71,41.1,41.57,1906899.0
2020-12-09,36.91,36.92,34.97,35.27,9496742.0
2020-12-10,35.0,35.8,34.94,35.54,3198166.0
2020-12-11,35.48,35.66,34.8,34.95,3964200.0
2020-12-14,34.87,35.53,34.87,35.28,2483736.0
2020-12-15,35.91,36.81,35.91,36.59,3854577.0
2020-12-16,36.5,36.56,36.17,36.34,2165105.0
2020-12-17,36.7,36.77,36.11,36.29,1929078.0
2020-12-18,36.55,36.78,36.28,36.51,2291583.0
2020-12-21,35.27,35.93,35.08,35.9,2513487.0
2020-12-22,36.14,36.9,36.09,36.81,2551120.0
2020-12-23,37.25,37.33,36.61,36.62,1275019.0
2020-12-24,36.7,37.02,36.66,36.91,524226.0
2020-12-28,37.36,37.46,36.68,36.8,1836425.0
2020-12-29,37.15,37.16,36.56,36.78,1261677.0
2020-12-30,37.31,37.68,37.29,37.56,1198768.0
2020-12-31,37.34,37.44,36.96,37.12,927542.0
2021-01-04,38.86,39.27,38.16,38.51,3504541.0
2021-01-05,39.19,39.73,39.15,39.7,2538470.0
2021-01-06,39.04,40.28,38.85,39.38,4488535.0
2021-01-07,39.13,40.23,39.11,40.06,3322448.0
2021-01-08,41.21,41.42,39.58,40.09,3641130.0
2021-01-11,40.26,41.09,40.06,41.0,2962078.0
2021-01-12,41.03,41.2,40.5,41.11,3097826.0
2021-01-13,41.08,41.22,40.72,41.01,2028320.0
2021-01-14,40.92,41.14,40.15,40.17,2757902.0
2021-01-15,40.23,40.32,39.31,39.79,1932693.0
2021-01-19,39.82,40.55,39.6,40.52,2088887.0
2021-01-20,40.75,41.03,40.29,40.29,1779695.0
2021-01-21,40.48,40.75,40.2,40.53,3544707.0
2021-01-22,39.75,40.05,39.57,39.71,3087714.0
2021-01-25,40.08,40.37,39.23,39.92,2001471.0
2021-01-26,40.1,40.13,39.52,39.83,1520169.0
2021-01-27,38.29,38.78,37.71,37.87,3033177.0
2021-01-28,40.77,40.93,39.05,40.33,5505871.0
2021-01-29,40.61,40.89,39.77,39.95,3560031.0
2021-02-01,40.92,41.6,40.68,41.46,2151901.0
2021-02-02,41.04,41.23,40.67,41.18,1868916.0
2021-02-03,41.06,41.11,39.81,39.96,2348240.0
2021-02-04,39.89,40.57,39.64,40.54,2051273.0
2021-02-05,40.92,40.92,40.31,40.52,2088765.0
2021-02-08,41.06,42.08,41.03,41.93,2812269.0
2021-02-09,41.71,42.13,41.59,41.64,2102253.0
2021-02-10,41.63,41.75,40.61,40.71,2197066.0
2021-02-11,41.74,42.65,41.62,42.57,2276353.0
2021-02-12,42.26,42.86,42.12,42.79,1419500.0
2021-02-16,42.88,43.02,42.25,42.48,2154938.0
2021-02-17,42.16,42.27,41.19,41.75,2172504.0
2021-02-18,41.42,41.58,40.78,41.2,1556729.0
2021-02-19,41.81,42.13,41.64,41.93,1537486.0
2021-02-22,41.35,41.6,40.41,40.62,1862044.0
2021-02-23,39.7,40.27,38.82,40.08,3290125.0
2021-02-24,39.8,40.83,39.31,40.74,1851044.0
2021-02-25,39.88,40.18,38.33,38.53,2823191.0
2021-02-26,39.12,39.22,38.53,38.86,2704188.0
2021-03-01,37.69,38.16,37.35,38.14,5772667.0
2021-03-02,37.54,37.58,36.88,36.99,4956458.0
2021-03-03,36.62,36.74,35.84,35.91,3396421.0
2021-03-04,35.82,36.18,34.06,34.45,5546113.0
2021-03-05,35.06,35.29,33.84,35.0,5758606.0
2021-03-08,34.53,34.92,33.3,33.3,4164063.0
2021-03-09,35.27,36.35,35.09,35.83,3911812.0
2021-03-10,35.36,35.56,34.29,34.61,3536202.0
2021-03-11,36.16,36.33,35.73,36.12,2495728.0
2021-03-12,35.29,35.81,35.05,35.75,1760889.0
2021-03-15,35.97,36.51,35.69,36.5,2084441.0
2021-03-16,36.43,36.92,36.31,36.4,2473065.0
2021-03-17,36.2,37.16,36.0,36.99,2164070.0
2021-03-18,36.33,36.48,35.63,35.63,1949421.0
2021-03-19,36.26,37.32,35.96,37.11,4524471.0
2021-03-22,37.53,38.52,37.43,38.23,3252720.0
2021-03-23,37.98,38.02,36.91,37.01,1888954.0
2021-03-24,37.21,37.33,36.68,36.69,1840939.0
2021-03-25,36.59,37.28,36.37,37.09,2208013.0
2021-03-26,37.44,38.59,37.44,38.59,1884064.0
2021-03-29,37.95,38.06,37.37,37.77,1896905.0
2021-03-30,37.21,37.64,37.04,37.44,1552784.0
2021-03-31,37.77,38.61,37.76,38.33,1539102.0
2021-04-01,38.75,39.36,38.74,39.35,1604444.0
2021-04-05,39.88,40.08,39.53,39.88,1167258.0
2021-04-06,39.39,39.44,38.63,38.91,1706059.0
2021-04-07,39.06,39.73,38.91,39.66,1866551.0
2021-04-08,39.74,39.88,39.38,39.67,1330034.0
2021-04-09,39.22,39.64,39.18,39.53,1206576.0
2021-04-12,39.25,39.28,38.55,38.68,1925333.0
2021-04-13,39.61,39.64,38.86,39.19,2757219.0
2021-04-14,39.45,39.46,38.96,39.05,1595800.0
2021-04-15,39.23,39.39,38.84,38.94,2975174.0
2021-04-16,38.89,39.18,38.73,38.98,2330459.0
2021-04-19,39.0,39.14,38.0,38.42,2233269.0
2021-04-20,37.36,37.57,36.8,37.05,2580416.0
2021-04-21,36.95,37.89,36.82,37.87,2004728.0
2021-04-22,38.55,38.56,37.64,37.77,1659690.0
2021-04-23,38.37,39.01,38.3,38.88,1130463.0
2021-04-26,38.93,39.56,38.92,39.35,1315264.0
2021-04-27,39.96,39.98,39.38,39.79,1729714.0
2021-04-28,39.08,39.15,38.46,38.61,3007111.0
2021-04-29,40.51,40.59,38.76,39.46,4196519.0
2021-04-30,38.21,38.33,36.95,37.29,3708527.0
2021-05-03,37.78,37.81,36.87,37.06,2333803.0
2021-05-04,36.45,36.57,35.93,36.48,2601322.0
2021-05-05,36.89,37.05,36.39,36.51,2207204.0
2021-05-06,36.08,36.57,35.91,36.56,2262538.0
2021-05-07,37.31,37.61,36.99,37.33,1778220.0
2021-05-10,37.15,37.15,36.11,36.13,2408410.0
2021-05-11,35.04,35.77,34.96,35.76,3132787.0
2021-05-12,34.75,35.06,34.16,34.33,2356712.0
2021-05-13,35.28,35.44,34.52,34.81,2070799.0
2021-05-14,35.34,35.83,34.97,35.66,1561463.0
2021-05-17,35.22,35.48,34.98,35.42,1292215.0
2021-05-18,35.59,35.94,35.32,35.32,1222441.0
2021-05-19,34.7,35.86,34.65,35.79,2054059.0
2021-05-20,35.79,36.33,35.69,36.18,1616304.0
2021-05-21,36.41,36.43,36.05,36.21,2337055.0
2021-05-24,36.24,36.78,36.15,36.71,2790152.0
2021-05-25,37.17,37.35,36.76,37.03,1278063.0
2021-05-26,36.86,37.08,36.6,36.85,960227.0
2021-05-27,36.58,37.07,36.51,36.98,1268494.0
2021-05-28,36.99,37.48,36.89,37.34,1049032.0
2021-06-01,37.69,37.83,37.27,37.44,2105315.0
2021-06-02,36.89,37.41,36.79,37.11,1622036.0
2021-06-03,36.84,36.86,36.34,36.34,1320466.0
2021-06-04,36.86,37.3,36.78,37.17,1047038.0
2021-06-07,37.23,37.23,36.7,36.81,1286127.0
2021-06-08,37.14,37.17,36.66,36.83,1395681.0
2021-06-09,37.15,37.26,36.99,37.09,1176401.0
2021-06-10,37.54,38.01,37.49,37.82,1474214.0
2021-06-11,38.06,38.21,37.95,38.2,1441281.0
2021-06-14,38.13,38.73,37.93,38.72,1462604.0
2021-06-15,38.34,38.54,37.93,38.02,1548117.0
2021-06-16,38.29,38.47,37.65,37.83,1202823.0
2021-06-17,37.41,38.08,37.37,37.85,2198802.0
2021-06-18,36.78,36.88,35.93,35.95,6413643.0
2021-06-21,36.12,36.19,35.75,36.11,1430998.0
2021-06-22,36.3,36.49,36.13,36.42,1069579.0
2021-06-23,36.22,36.37,36.01,36.07,908760.0
2021-06-24,36.71,36.95,36.56,36.74,931519.0
2021-06-25,36.83,36.91,36.52,36.52,845717.0
2021-06-28,36.56,37.28,36.56,37.12,1583313.0
2021-06-29,36.96,37.36,36.83,37.28,911201.0
2021-06-30,36.56,36.68,36.17,36.38,1294186.0
2021-07-01,36.67,36.74,36.32,36.43,1246996.0
2021-07-02,37.21,37.35,37.04,37.22,1128724.0
2021-07-06,37.71,37.86,37.02,37.36,1376477.0
2021-07-07,37.81,37.91,37.31,37.49,2596769.0
2021-07-08,36.34,36.84,36.21,36.68,2168800.0
2021-07-09,37.93,38.18,37.51,38.14,1662684.0
2021-07-12,38.64,38.68,38.23,38.61,1089692.0
2021-07-13,38.04,38.4,38.01,38.17,816863.0
2021-07-14,39.43,39.69,39.09,39.12,2532350.0
2021-07-15,38.61,38.69,37.93,38.12,2202258.0
2021-07-16,38.39,38.64,37.56,37.61,1799176.0
2021-07-19,36.54,37.07,36.39,37.05,1616690.0
2021-07-20,36.45,37.23,36.24,36.94,2097067.0
2021-07-21,37.81,38.52,37.65,38.51,1274264.0
2021-07-22,38.25,38.39,38.0,38.08,1172505.0
2021-07-23,39.03,39.12,38.73,38.98,1207998.0
2021-07-26,39.57,39.58,39.12,39.4,1690119.0
2021-07-27,39.18,39.19,38.08,38.75,1857206.0
2021-07-28,38.7,39.38,38.64,39.33,1908931.0
2021-07-29,41.07,41.81,41.05,41.71,3769018.0
2021-07-30,41.1,41.33,40.65,41.27,2361405.0
2021-08-02,41.74,41.93,41.16,41.26,1699554.0
2021-08-03,41.87,41.99,41.55,41.9,1879280.0
2021-08-04,41.9,42.13,41.75,42.02,1621794.0
2021-08-05,42.45,42.48,42.06,42.24,1316931.0
2021-08-06,42.17,42.36,42.05,42.1,1307532.0
2021-08-09,42.72,43.01,42.53,42.69,1470802.0
2021-08-10,43.07,43.16,42.24,42.67,2212762.0
2021-08-11,42.82,42.9,42.28,42.72,1362088.0
2021-08-12,42.85,42.99,42.48,42.73,1410613.0
2021-08-13,42.73,43.15,42.6,43.14,1335819.0
2021-08-16,43.2,43.27,42.79,43.13,1006295.0
2021-08-17,42.55,42.58,41.75,42.34,2334580.0
2021-08-18,42.23,42.86,42.2,42.25,1709141.0
2021-08-19,41.18,42.27,41.15,41.92,3186124.0
2021-08-20,41.99,42.57,41.92,42.33,2988974.0
2021-08-23,42.87,43.18,42.61,43.16,3680513.0
2021-08-24,43.07,43.27,42.86,43.12,2798081.0
2021-08-25,43.11,43.37,42.95,42.95,2083843.0
2021-08-26,43.12,43.29,42.79,43.05,1473292.0
2021-08-27,43.2,44.01,43.14,43.99,1529627.0
2021-08-30,44.64,44.92,44.51,44.83,1763447.0
2021-08-31,44.99,45.01,44.16,44.43,1939606.0
2021-09-01,44.79,45.06,44.56,44.66,1554348.0
2021-09-02,44.89,45.0,44.62,44.93,871180.0
2021-09-03,44.62,45.07,44.58,44.88,1290055.0
2021-09-07,45.1,45.26,44.89,45.03,1073812.0
2021-09-08,44.82,44.89,44.13,44.25,1967923.0
2021-09-09,44.39,44.66,44.25,44.37,1359176.0
2021-09-10,45.12,45.54,44.94,44.95,2184609.0
2021-09-13,45.28,45.42,44.84,45.4,1902303.0
2021-09-14,46.1,46.9,46.01,46.62,2051502.0
2021-09-15,47.13,47.26,46.69,47.24,1795345.0
2021-09-16,46.87,47.38,46.78,47.2,1967601.0
2021-09-17,46.19,46.29,45.3,45.86,2936516.0
2021-09-20,44.21,44.85,44.06,44.75,2451334.0
2021-09-21,45.55,45.57,45.04,45.27,1223838.0
2021-09-22,45.37,45.95,45.3,45.8,1277680.0
2021-09-23,46.22,46.62,46.18,46.48,862855.0
2021-09-24,46.06,46.51,46.06,46.4,1059453.0
2021-09-27,46.52,46.81,46.05,46.39,1183269.0
2021-09-28,44.19,44.46,43.78,43.78,2969781.0
2021-09-29,44.2,44.29,43.29,43.34,2326762.0
2021-09-30,43.29,43.96,43.29,43.63,2251895.0
2021-10-01,43.68,43.71,42.91,43.28,2524009.0
2021-10-04,42.8,42.83,41.67,41.84,2637301.0
2021-10-05,42.35,42.87,42.15,42.63,1578881.0
2021-10-06,41.78,42.32,41.62,42.23,1578411.0
2021-10-07,42.48,42.75,42.1,42.1,1587123.0
2021-10-08,42.05,42.08,41.37,41.4,2354372.0
2021-10-11,41.11,41.59,40.82,40.84,1485590.0
2021-10-12,41.24,41.27,40.64,40.8,2328650.0
2021-10-13,41.28,41.62,41.17,41.42,1813337.0
2021-10-14,41.98,42.5,41.95,42.48,2102798.0
2021-10-15,42.38,42.56,42.16,42.52,1323386.0
2021-10-18,42.13,42.88,42.03,42.83,1193443.0
2021-10-19,42.93,43.19,42.78,43.16,1068521.0
2021-10-20,42.9,43.14,42.67,42.81,1462710.0
2021-10-21,43.46,43.93,43.35,43.88,1568491.0
2021-10-22,44.06,44.39,43.76,43.9,1583287.0
2021-10-25,44.06,44.57,43.94,44.51,1548383.0
2021-10-26,45.05,45.18,44.62,44.75,1635504.0
2021-10-27,44.46,45.81,44.4,45.03,3387868.0
2021-10-28,47.19,48.54,47.18,48.51,3379164.0
2021-10-29,47.02,47.66,46.74,47.64,2224732.0
2021-11-01,47.57,47.94,47.32,47.72,1708065.0
2021-11-02,47.94,48.42,47.86,48.42,1521259.0
2021-11-03,48.78,49.47,48.53,49.45,1453651.0
2021-11-04,49.71,50.56,49.57,50.52,1937715.0
2021-11-05,50.67,50.98,50.17,50.76,1861073.0
2021-11-08,51.54,51.95,51.37,51.65,1838691.0
2021-11-09,51.53,51.89,50.95,51.17,1830360.0
2021-11-10,49.88,50.41,49.26,49.47,2167449.0
2021-11-11,50.64,50.82,50.22,50.51,1488775.0
2021-11-12,50.95,51.44,50.55,51.23,1873647.0
2021-11-15,51.35,51.39,50.84,51.08,1033995.0
2021-11-16,50.72,51.47,50.62,51.45,1388177.0
2021-11-17,51.68,51.86,51.39,51.51,1397506.0
2021-11-18,51.92,52.13,51.54,52.13,1689793.0
2021-11-19,51.64,52.0,51.37,51.67,1934748.0
2021-11-22,51.72,52.15,50.64,50.69,1967554.0
2021-11-23,50.11,50.56,49.36,49.84,2505720.0
2021-11-24,48.22,49.38,47.99,49.37,2179969.0
2021-11-26,47.51,48.18,47.22,47.55,2099639.0
2021-11-29,48.2,49.22,48.14,49.16,2920825.0
2021-11-30,49.11,49.69,48.18,48.54,2121876.0
2021-12-01,50.37,51.16,49.42,49.48,2702083.0
2021-12-02,47.42,48.25,47.15,47.98,3203745.0
2021-12-03,47.69,48.12,46.73,47.31,2509105.0
2021-12-06,47.92,48.27,46.75,48.14,2227546.0
2021-12-07,49.4,50.24,49.4,50.13,2167567.0
2021-12-08,49.25,49.4,48.81,49.13,1633507.0
2021-12-09,48.19,48.69,47.57,47.59,2151393.0
2021-12-10,48.68,48.76,47.83,48.39,1883131.0
2021-12-13,48.5,48.67,47.78,47.79,1747936.0
2021-12-14,47.39,47.68,46.99,47.6,2051141.0
2021-12-15,47.86,49.69,47.68,49.69,2480702.0
2021-12-16,49.24,49.34,46.1,46.69,6239959.0
2021-12-17,45.92,47.27,45.87,46.79,6771365.0
2021-12-20,46.24,47.06,46.18,46.92,2414504.0
2021-12-21,47.53,48.02,46.98,47.99,2312058.0
2021-12-22,47.39,48.43,47.38,48.41,1863478.0
2021-12-23,48.27,48.85,48.23,48.59,1379501.0
2021-12-27,49.12,50.24,49.1,50.1,2191299.0
2021-12-28,50.09,50.09,49.53,49.57,1644686.0
2021-12-29,49.43,49.87,49.43,49.58,1285228.0
2021-12-30,49.64,49.8,49.16,49.19,1488688.0
2021-12-31,49.23,49.54,48.87,48.88,857882.0
2022-01-03,49.53,50.24,49.23,50.2,2578698.0
2022-01-04,49.94,50.11,48.61,49.64,2827759.0
2022-01-05,49.45,49.82,48.32,48.36,2721723.0
2022-01-06,47.97,49.27,47.79,49.12,2909501.0
2022-01-07,51.13,51.52,49.83,49.9,4504516.0
2022-01-10,48.35,49.63,47.71,49.62,4073147.0
2022-01-11,48.89,49.17,48.16,48.97,5774705.0
2022-01-12,48.63,49.2,48.38,48.63,2977656.0
2022-01-13,50.84,51.18,48.61,48.68,4055448.0
2022-01-14,49.05,49.62,48.74,49.61,3484320.0
2022-01-18,48.92,48.98,47.69,47.72,3512299.0
2022-01-19,48.0,48.16,46.36,46.42,3635967.0
2022-01-20,46.88,47.03,45.25,45.26,3986593.0
2022-01-21,45.65,46.21,44.85,44.91,5306209.0
2022-01-24,43.9,45.68,42.88,45.68,7603258.0
2022-01-25,43.82,44.53,43.27,43.43,6240025.0
2022-01-26,44.92,45.87,43.66,44.33,5845098.0
2022-01-27,46.92,47.23,43.7,43.85,7612432.0
2022-01-28,44.66,45.49,43.6,45.46,5794493.0
2022-01-31,45.5,46.94,45.24,46.94,4192195.0
2022-02-01,47.09,47.18,46.15,47.13,3646731.0
2022-02-02,47.27,47.55,46.6,47.32,4306412.0
2022-02-03,45.61,46.11,44.44,44.47,5408906.0
2022-02-04,44.62,45.01,44.11,44.66,3931907.0
2022-02-07,44.79,44.98,44.22,44.33,3248416.0
2022-02-08,44.02,45.49,43.98,45.43,3334018.0
2022-02-09,46.82,47.36,46.2,47.33,4541928.0
2022-02-10,45.66,47.06,45.54,45.78,3255056.0
2022-02-11,45.85,46.05,43.89,44.17,4179835.0
2022-02-14,43.87,44.39,43.22,43.62,3180424.0
2022-02-15,44.42,45.47,44.39,45.44,3701544.0
2022-02-16,45.2,45.95,44.77,45.86,2158814.0
2022-02-17,44.77,44.9,43.59,43.61,3802589.0
2022-02-18,43.83,43.9,42.96,43.19,3663184.0
2022-02-22,42.36,43.27,41.93,42.34,3353797.0
2022-02-23,43.06,43.27,41.56,41.63,2954939.0
2022-02-24,39.17,42.67,39.17,42.62,6135284.0
2022-02-25,42.79,43.48,42.25,43.47,3333724.0
2022-02-28,41.52,42.76,41.5,42.32,4456103.0
2022-03-01,41.56,41.9,40.11,40.45,4797502.0
2022-03-02,40.13,41.54,40.06,41.21,5406014.0
2022-03-03,41.47,41.49,40.15,40.36,2930493.0
2022-03-04,37.27,38.23,37.01,37.63,8367689.0
2022-03-07,38.0,38.63,35.65,35.66,6270726.0
2022-03-08,36.15,37.88,35.38,36.72,7201349.0
2022-03-09,39.47,40.27,38.63,39.78,6726116.0
2022-03-10,38.79,39.19,38.39,38.82,3766287.0
2022-03-11,39.48,39.58,37.67,37.71,3271677.0
2022-03-14,38.83,38.89,37.4,37.62,4743215.0
2022-03-15,37.63,38.95,37.38,38.87,3831998.0
2022-03-16,40.67,42.07,40.1,42.06,5510113.0
2022-03-17,41.69,42.18,41.38,42.13,3305005.0
2022-03-18,41.48,43.12,41.35,43.02,4162024.0
2022-03-21,42.99,43.15,42.32,42.99,2957758.0
2022-03-22,42.92,43.36,42.77,43.01,2669082.0
2022-03-23,42.39,43.1,42.15,42.19,3231032.0
2022-03-24,43.02,44.38,42.84,44.36,3986760.0
2022-03-25,44.86,44.87,43.9,44.5,3139843.0
2022-03-28,44.11,44.91,43.9,44.89,2897035.0
2022-03-29,46.27,46.73,45.61,46.24,3631313.0
2022-03-30,45.62,45.83,44.66,44.84,3037593.0
2022-03-31,44.52,44.71,43.21,43.22,3674134.0
2022-04-01,43.26,43.53,42.24,42.76,3051603.0
2022-04-04,42.17,42.85,42.16,42.67,3047551.0
2022-04-05,41.34,41.52,39.7,39.81,5253137.0
2022-04-06,38.32,39.61,38.06,38.91,5577301.0
2022-04-07,39.02,39.54,38.13,38.81,3211514.0
2022-04-08,38.1,38.35,37.76,37.81,3488207.0
2022-04-11,38.1,38.5,37.8,37.86,4893323.0
2022-04-12,37.83,38.19,36.92,37.09,4554463.0
2022-04-13,37.0,37.89,36.78,37.81,3557999.0
2022-04-14,37.52,37.64,36.47,36.55,3372968.0
2022-04-18,36.64,37.58,36.57,37.11,2965842.0
2022-04-19,36.89,37.73,36.71,37.68,2801446.0
2022-04-20,39.33,39.34,38.31,38.39,4314258.0
2022-04-21,39.61,39.83,38.05,38.18,4462163.0
2022-04-22,38.14,38.46,37.4,37.47,3460450.0
2022-04-25,37.3,38.33,37.18,38.31,4846995.0
2022-04-26,38.26,38.26,36.78,36.78,6021403.0
2022-04-27,36.42,37.51,36.29,36.79,3854303.0
2022-04-28,37.47,39.14,36.81,38.63,6468934.0
2022-04-29,37.56,38.37,36.56,36.62,4662401.0
2022-05-02,36.34,37.41,36.15,37.39,5575203.0
2022-05-03,37.6,37.92,37.2,37.64,3111322.0
2022-05-04,38.0,39.0,36.9,38.92,4685300.0
2022-05-05,37.88,37.96,36.28,36.75,5458084.0
2022-05-06,36.46,37.18,35.95,36.57,4493411.0
2022-05-09,35.95,36.35,34.83,34.93,4794771.0
2022-05-10,35.83,36.3,35.14,35.79,5806691.0
2022-05-11,35.84,36.51,35.01,35.06,5334894.0
2022-05-12,36.71,37.52,36.02,37.02,9561934.0
2022-05-13,38.74,39.71,38.5,39.53,6760885.0
2022-05-16,38.97,39.14,38.51,38.68,4325800.0
2022-05-17,40.33,40.62,39.8,40.57,4291436.0
2022-05-18,39.4,39.86,38.32,38.41,4489265.0
2022-05-19,38.92,39.78,38.64,39.06,4849976.0
2022-05-20,39.68,39.7,37.73,39.07,5446184.0
2022-05-23,39.24,39.52,38.84,39.32,3203531.0
2022-05-24,38.56,38.75,38.02,38.25,3635240.0
2022-05-25,37.7,38.76,37.67,38.49,2925388.0
2022-05-26,37.72,39.34,37.62,39.28,3442428.0
2022-05-27,39.6,40.25,39.58,40.23,2507739.0
2022-05-31,40.32,40.32,39.72,40.08,3075024.0
2022-06-01,40.18,40.39,38.99,39.5,2668725.0
2022-06-02,39.84,41.09,39.68,41.05,3273714.0
2022-06-03,39.91,40.03,39.4,39.64,2565342.0
2022-06-06,39.93,40.2,39.14,39.33,2217520.0
2022-06-07,38.87,39.74,38.7,39.69,2583461.0
2022-06-08,39.51,39.72,39.04,39.22,2256204.0
2022-06-09,38.14,38.8,37.54,37.55,3255910.0
2022-06-10,36.89,37.14,36.27,36.31,3374263.0
2022-06-13,34.31,34.74,33.61,33.72,5275821.0
2022-06-14,34.2,34.37,33.55,33.97,3763353.0
2022-06-15,34.77,35.63,34.31,35.16,4702543.0
2022-06-16,33.68,33.95,32.77,33.04,5135346.0
2022-06-17,32.94,33.5,32.59,33.19,4176532.0
2022-06-21,33.96,34.14,33.71,33.78,3368448.0
2022-06-22,32.98,33.81,32.98,33.13,2817669.0
2022-06-23,32.91,33.03,32.33,32.65,2811559.0
2022-06-24,32.92,33.89,32.86,33.84,3552958.0
2022-06-27,33.85,33.94,33.37,33.47,2649893.0
2022-06-28,33.54,33.87,32.57,32.6,2884352.0
2022-06-29,32.47,32.48,31.95,32.24,2870917.0
2022-06-30,31.08,31.77,30.55,31.47,3986169.0
2022-07-01,30.68,30.93,29.95,30.4,3573461.0
2022-07-05,28.43,29.57,28.35,29.56,5837812.0
2022-07-06,29.7,30.29,29.56,30.08,4401646.0
2022-07-07,30.31,30.89,30.31,30.82,3128766.0
2022-07-08,30.7,31.38,30.55,31.24,3010218.0
2022-07-11,31.1,31.35,30.79,31.1,4096104.0
2022-07-12,31.17,31.42,30.93,31.15,2795052.0
2022-07-13,30.79,31.67,30.74,31.46,3238131.0
2022-07-14,31.22,32.12,30.84,32.04,3407000.0
2022-07-15,32.26,32.71,31.94,32.71,2809547.0
2022-07-18,33.04,33.32,32.47,32.63,3342204.0
2022-07-19,32.89,34.41,32.89,34.37,4432250.0
2022-07-20,33.84,34.7,33.71,34.65,4531675.0
2022-07-21,34.76,35.23,34.39,35.22,3288557.0
2022-07-22,35.03,35.16,34.3,34.72,3064305.0
2022-07-25,35.01,35.18,34.7,35.06,3463409.0
2022-07-26,34.33,34.53,34.1,34.29,2898595.0
2022-07-27,35.11,36.6,35.06,36.33,4979562.0
2022-07-28,36.42,37.44,36.02,37.24,3704142.0
2022-07-29,37.67,38.01,37.47,37.94,3018124.0
2022-08-01,38.31,38.69,37.96,38.24,2422198.0
2022-08-02,38.23,38.8,37.93,38.19,3745388.0
2022-08-03,38.51,39.41,38.48,39.28,3174155.0
2022-08-04,39.4,39.75,39.24,39.59,2355365.0
2022-08-05,38.4,38.82,38.08,38.52,2931746.0
2022-08-08,38.27,38.52,37.79,38.24,2658945.0
2022-08-09,37.14,37.17,35.63,36.07,5471967.0
2022-08-10,37.74,37.93,37.12,37.8,3731911.0
2022-08-11,38.07,38.59,37.63,37.66,2734936.0
2022-08-12,37.67,38.76,37.62,38.76,3748115.0
2022-08-15,38.26,38.69,38.05,38.68,2162590.0
2022-08-16,38.25,38.58,37.89,38.26,2385644.0
2022-08-17,37.54,37.58,36.42,37.02,2967811.0
2022-08-18,36.93,38.22,36.73,37.86,4938841.0
2022-08-19,37.15,37.36,36.57,36.71,2246916.0
2022-08-22,35.87,35.95,35.0,35.15,2667119.0
2022-08-23,35.46,35.97,35.4,35.53,1996095.0
2022-08-24,35.68,35.91,35.38,35.71,1312801.0
2022-08-25,35.87,36.99,35.84,36.95,2425135.0
2022-08-26,36.76,36.79,34.95,34.96,3113258.0
2022-08-29,35.48,35.73,34.88,34.91,2718693.0
2022-08-30,36.06,36.17,34.91,35.39,3626111.0
2022-08-31,35.68,35.69,34.83,34.9,3312887.0
2022-09-01,34.53,34.9,33.93,34.75,4903725.0
2022-09-02,35.24,35.76,34.38,34.52,3790844.0
2022-09-06,34.59,34.83,34.12,34.33,3741641.0
2022-09-07,34.52,36.17,34.41,35.96,4616040.0
2022-09-08,35.08,36.18,34.94,36.16,3782523.0
2022-09-09,36.79,37.25,36.77,37.06,2537977.0
2022-09-12,37.7,37.84,36.96,37.38,2764022.0
2022-09-13,36.0,36.39,35.08,35.23,4860149.0
2022-09-14,35.77,36.19,35.33,36.11,3472267.0
2022-09-15,36.25,36.55,35.42,35.73,3317226.0
2022-09-16,35.03,35.87,34.9,35.84,3775843.0
2022-09-19,34.91,36.25,34.9,36.12,2605269.0
2022-09-20,35.27,35.86,35.22,35.57,2370897.0
2022-09-21,35.67,37.06,35.61,35.65,4552441.0
2022-09-22,35.16,35.33,34.02,34.29,4242429.0
2022-09-23,33.36,33.55,32.59,33.27,5558340.0
2022-09-26,33.01,33.63,32.58,32.7,3757422.0
2022-09-27,33.97,34.24,32.73,33.1,4594773.0
2022-09-28,31.85,33.32,31.8,33.22,6831542.0
2022-09-29,31.62,31.91,30.91,31.4,5814287.0
2022-09-30,30.7,31.82,30.7,30.94,3945011.0
2022-10-03,31.56,32.38,31.28,32.06,4113641.0
2022-10-04,33.81,34.36,33.62,34.1,5458221.0
2022-10-05,34.19,35.26,34.0,34.82,3857574.0
2022-10-06,34.39,35.08,34.39,34.49,3581518.0
2022-10-07,33.42,33.63,32.52,32.72,4932670.0
2022-10-10,32.74,32.79,31.82,32.17,3380501.0
2022-10-11,31.63,31.65,30.4,30.82,5063158.0
2022-10-12,31.04,31.2,30.59,30.63,2598910.0
2022-10-13,29.18,32.37,29.09,31.87,6349341.0
2022-10-14,32.15,32.21,30.55,30.61,4270268.0
2022-10-17,32.11,32.43,31.63,31.76,5581407.0
2022-10-18,33.37,33.42,31.63,32.1,5828896.0
2022-10-19,31.53,32.3,31.48,31.82,3486155.0
2022-10-20,32.14,33.09,32.0,32.25,3302656.0
2022-10-21,32.31,33.42,32.09,33.31,3645300.0
2022-10-24,33.57,33.88,33.04,33.64,2917196.0
2022-10-25,34.12,35.07,34.09,34.74,3541882.0
2022-10-26,34.01,35.25,33.9,34.58,4402873.0
2022-10-27,32.4,33.26,31.65,31.7,7027987.0
2022-10-28,30.94,32.23,30.93,32.0,8949448.0
2022-10-31,31.82,31.89,31.1,31.12,4526184.0
2022-11-01,32.19,32.23,31.27,31.32,4262141.0
2022-11-02,31.18,31.74,30.18,30.18,4691296.0
2022-11-03,29.92,30.43,29.57,29.91,3086131.0
2022-11-04,32.0,32.12,31.32,31.74,8506620.0
2022-11-07,31.95,32.43,31.64,32.35,5338438.0
2022-11-08,33.1,33.86,32.9,33.63,3727139.0
2022-11-09,33.39,33.55,32.84,32.86,3138409.0
2022-11-10,35.24,36.92,34.97,36.92,6299740.0
2022-11-11,36.74,37.77,36.58,37.71,3247651.0
2022-11-14,37.33,38.49,37.25,37.84,3560594.0
2022-11-15,39.35,39.48,38.1,38.79,3450963.0
2022-11-16,38.55,38.56,37.63,37.81,4006610.0
2022-11-17,36.88,38.33,36.88,38.33,2456913.0
2022-11-18,38.69,38.74,37.98,38.31,1913734.0
2022-11-21,38.06,38.23,37.7,37.71,2367796.0
2022-11-22,37.72,38.64,37.54,38.58,2603422.0
2022-11-23,37.97,38.9,37.95,38.72,2512605.0
2022-11-25,38.62,38.75,38.37,38.37,1189434.0
2022-11-28,37.98,38.23,36.86,37.14,3729793.0
2022-11-29,37.2,37.46,36.82,36.91,2494890.0
2022-11-30,37.24,38.88,36.86,38.88,5665736.0
2022-12-01,39.14,39.27,38.2,38.75,3216196.0
2022-12-02,38.39,38.78,38.18,38.67,2607109.0
2022-12-05,38.49,38.86,38.06,38.48,2416688.0
2022-12-06,38.46,38.55,37.43,37.76,3145234.0
2022-12-07,37.45,37.85,37.31,37.69,1991296.0
2022-12-08,37.9,38.82,37.61,38.7,2314238.0
2022-12-09,38.64,38.94,38.23,38.24,2738715.0
2022-12-12,38.52,38.96,38.21,38.92,2453723.0
2022-12-13,41.04,41.04,39.46,39.84,4255704.0
2022-12-14,39.67,39.81,38.56,39.0,3688314.0
2022-12-15,38.31,38.4,37.32,37.38,4181549.0
2022-12-16,37.27,37.53,36.72,37.11,3234016.0
2022-12-19,37.06,37.13,36.25,36.69,2055020.0
2022-12-20,36.58,37.04,36.44,36.67,2745817.0
2022-12-21,36.77,37.52,36.77,37.52,2938295.0
2022-12-22,36.67,36.72,35.4,36.05,3478785.0
2022-12-23,35.62,35.93,35.28,35.85,1917508.0
2022-12-27,35.53,35.58,35.07,35.13,2401741.0
2022-12-28,35.14,35.41,34.59,34.78,2182159.0
2022-12-29,35.34,35.89,35.21,35.73,2458385.0
2022-12-30,35.26,35.59,35.04,35.57,1588144.0
2023-01-03,36.34,36.46,35.2,35.35,2728010.0
2023-01-04,36.52,36.87,36.08,36.5,3500054.0
2023-01-05,36.19,36.64,36.03,36.1,3041806.0
2023-01-06,36.98,38.28,36.54,38.11,3434483.0
2023-01-09,38.96,40.2,38.93,39.57,3591776.0
2023-01-10,39.57,40.24,39.5,40.16,1810524.0
2023-01-11,40.03,41.0,39.75,40.52,2378930.0
2023-01-12,40.61,40.92,39.8,40.76,2820374.0
2023-01-13,40.38,41.19,40.31,41.14,2252511.0
2023-01-17,41.75,42.33,41.58,41.73,2942039.0
2023-01-18,43.22,43.23,42.25,42.29,4139197.0
2023-01-19,41.72,41.84,40.73,40.73,4611880.0
2023-01-20,41.11,41.79,40.94,41.79,3040295.0
2023-01-23,41.85,43.01,41.81,42.99,3837074.0
2023-01-24,43.0,43.0,42.06,42.44,2212323.0
2023-01-25,42.28,43.57,42.19,43.33,4299842.0
2023-01-26,45.89,46.84,45.23,46.69,6953957.0
2023-01-27,46.51,47.88,46.5,47.79,6024388.0
2023-01-30,47.25,47.88,46.9,46.93,5077157.0
2023-01-31,46.52,47.22,46.3,47.22,4520582.0
2023-02-01,47.4,49.79,47.37,49.27,6234063.0
2023-02-02,50.75,50.81,49.5,50.42,5352509.0
2023-02-03,48.68,50.12,48.68,49.44,5066631.0
2023-02-06,48.06,48.68,47.88,48.33,5049843.0
2023-02-07,48.08,49.62,48.06,49.52,5085918.0
2023-02-08,48.85,49.21,48.38,48.48,3755846.0
2023-02-09,49.79,50.12,48.65,49.12,3271057.0
2023-02-10,48.18,48.33,47.73,48.07,3404817.0
2023-02-13,48.32,49.08,48.19,48.98,2641300.0
2023-02-14,48.49,49.71,48.3,49.49,3272662.0
2023-02-15,49.14,49.82,48.96,49.78,2048624.0
2023-02-16,49.2,49.91,49.13,49.16,2682432.0
2023-02-17,48.86,49.27,48.67,49.14,2896619.0
2023-02-21,48.04,48.46,47.49,47.62,3141038.0
2023-02-22,47.4,47.73,47.06,47.34,3139244.0
2023-02-23,48.47,48.68,47.64,48.4,3169769.0
2023-02-24,47.21,47.64,46.92,47.46,3637786.0
2023-02-27,48.31,48.76,48.15,48.2,2920171.0
2023-02-28,48.09,48.7,47.96,48.16,2292752.0
2023-03-01,49.05,49.29,48.53,48.97,2857800.0
2023-03-02,46.22,47.98,45.76,47.78,5671534.0
2023-03-03,48.39,48.85,47.95,48.73,2906604.0
2023-03-06,48.58,49.12,48.38,48.51,3064630.0
2023-03-07,48.17,48.5,47.32,47.57,3194934.0
2023-03-08,48.16,49.5,48.16,49.38,3393572.0
2023-03-09,49.33,50.24,48.47,48.54,3241496.0
2023-03-10,49.32,49.39,48.07,48.29,5577242.0
2023-03-13,47.05,48.3,46.87,47.8,6120815.0
2023-03-14,48.92,49.48,48.59,49.32,3728249.0
2023-03-15,47.05,47.71,46.26,47.34,5900105.0
2023-03-16,46.47,48.8,46.37,48.57,4128950.0
2023-03-17,48.31,48.68,47.81,48.03,4912524.0
2023-03-20,48.61,49.06,48.42,48.86,2734597.0
2023-03-21,49.88,50.22,49.1,49.71,2662886.0
2023-03-22,49.75,50.94,49.24,49.31,3223238.0
2023-03-23,50.33,51.62,50.09,50.9,3562318.0
2023-03-24,50.21,50.29,48.6,49.21,3169301.0
2023-03-27,49.87,49.97,49.14,49.21,3057137.0
2023-03-28,48.92,49.5,47.93,49.47,5240179.0
2023-03-29,50.93,52.11,50.66,51.59,4790432.0
2023-03-30,52.55,53.16,52.38,53.1,4403250.0
2023-03-31,52.8,53.53,52.75,53.49,2591173.0
2023-04-03,53.0,53.22,52.26,52.89,2362530.0
2023-04-04,52.48,52.6,51.43,51.69,2896341.0
2023-04-05,50.29,50.48,49.55,50.32,3778428.0
2023-04-06,50.06,50.56,49.73,50.0,2538653.0
2023-04-10,49.43,50.61,49.19,50.48,2550566.0
2023-04-11,50.88,50.88,50.08,50.2,2618921.0
2023-04-12,50.69,50.83,49.68,49.69,2644662.0
2023-04-13,51.0,51.76,50.76,51.39,3149078.0
2023-04-14,50.84,51.32,50.31,50.78,2746370.0
2023-04-17,50.29,50.5,49.71,50.44,3495695.0
2023-04-18,50.41,50.67,50.13,50.59,3626816.0
2023-04-19,49.53,49.72,49.12,49.55,3020154.0
2023-04-20,47.4,48.02,47.16,47.44,5294993.0
2023-04-21,47.42,47.61,46.97,47.45,3045433.0
2023-04-24,47.1,47.22,46.42,46.74,3414670.0
2023-04-25,46.26,46.26,45.1,45.14,4527882.0
2023-04-26,46.78,46.8,45.88,46.28,5961031.0
2023-04-27,42.71,42.95,41.48,42.84,8319318.0
2023-04-28,42.33,42.88,41.93,42.88,4134645.0
2023-05-01,43.07,43.54,42.88,42.97,2436686.0
2023-05-02,43.26,43.65,42.9,43.1,3583805.0
2023-05-03,42.51,43.12,42.4,42.45,3474779.0
2023-05-04,41.38,41.62,41.1,41.33,4628932.0
2023-05-05,41.73,42.77,41.66,42.58,3751859.0
2023-05-08,42.75,42.9,42.42,42.77,2009918.0
2023-05-09,42.1,42.4,42.0,42.18,2719001.0
2023-05-10,43.14,43.35,42.56,42.88,2977125.0
2023-05-11,42.04,42.07,41.67,41.89,2928106.0
2023-05-12,42.24,42.43,41.96,42.42,3398791.0
2023-05-15,42.11,42.51,41.89,42.5,3712328.0
2023-05-16,42.6,42.98,42.45,42.49,2435032.0
2023-05-17,42.8,43.63,42.55,43.54,3217389.0
2023-05-18,43.7,44.6,43.66,44.51,3943402.0
2023-05-19,45.3,45.3,44.73,45.04,3450456.0
2023-05-22,44.88,45.47,44.82,45.41,1745401.0
2023-05-23,44.85,45.05,44.26,44.33,2306143.0
2023-05-24,42.72,42.96,41.83,42.16,4443947.0
2023-05-25,42.26,42.61,41.7,42.49,4622280.0
2023-05-26,42.73,44.25,42.68,44.06,5688303.0
2023-05-30,44.66,44.77,43.16,43.34,3542688.0
2023-05-31,43.47,44.16,43.05,43.44,4315744.0
2023-06-01,44.07,45.4,43.97,44.95,4057494.0
2023-06-02,45.3,45.46,44.56,44.91,3030215.0
2023-06-05,44.7,44.74,44.11,44.35,2159084.0
2023-06-06,43.85,44.87,43.62,44.83,3080049.0
2023-06-07,45.74,46.44,45.56,45.76,4114037.0
2023-06-08,46.63,47.16,46.51,47.04,3739084.0
2023-06-09,47.79,47.96,47.13,47.23,2762344.0
2023-06-12,48.49,49.15,48.37,49.05,3733896.0
2023-06-13,49.7,49.78,48.87,49.44,3321238.0
2023-06-14,49.7,50.29,49.38,50.22,3518803.0
2023-06-15,49.03,50.3,48.98,49.85,3408476.0
2023-06-16,49.96,50.18,49.53,49.99,5019441.0
2023-06-20,48.88,49.36,48.4,48.86,3167879.0
2023-06-21,48.5,48.68,47.54,47.7,3333456.0
2023-06-22,47.5,48.19,47.38,47.99,2160667.0
2023-06-23,46.52,46.77,46.27,46.47,3502614.0
2023-06-26,47.2,47.87,47.13,47.2,2374573.0
2023-06-27,47.27,48.14,47.01,48.04,3251561.0
2023-06-28,48.15,48.58,47.99,48.23,3013196.0
2023-06-29,48.51,48.77,48.1,48.7,2515344.0
2023-06-30,49.51,50.09,49.22,49.99,2954527.0
2023-07-03,50.03,50.47,49.91,50.27,1495853.0
2023-07-05,49.65,49.83,48.95,48.98,3576208.0
2023-07-06,47.27,47.48,46.61,47.35,4378188.0
2023-07-07,47.38,48.36,47.32,47.84,3013645.0
2023-07-10,47.86,48.84,47.85,48.76,2541786.0
2023-07-11,49.29,49.45,48.71,49.4,2045272.0
2023-07-12,51.65,51.9,51.32,51.66,4565074.0
2023-07-13,52.85,53.62,52.61,53.41,4113718.0
2023-07-14,53.37,53.49,52.23,52.48,3353398.0
2023-07-17,52.04,53.12,51.71,52.77,5482145.0
2023-07-18,52.62,53.19,52.37,52.99,1968418.0
2023-07-19,52.65,52.8,52.01,52.11,2311413.0
2023-07-20,51.62,51.79,50.39,50.7,3809727.0
2023-07-21,51.02,51.23,50.45,50.65,4007900.0
2023-07-24,50.76,50.97,50.34,50.46,3186189.0
2023-07-25,50.99,51.76,50.97,51.62,3275387.0
2023-07-26,51.15,52.0,50.92,51.55,3379385.0
2023-07-27,54.84,55.85,54.12,54.23,5356462.0
2023-07-28,53.93,53.93,52.62,53.45,5121774.0
2023-07-31,53.83,53.96,53.37,53.68,2092999.0
2023-08-01,53.19,53.72,52.9,53.62,1821061.0
2023-08-02,52.96,52.96,51.86,52.04,2527122.0
2023-08-03,50.5,51.49,50.26,51.24,2995285.0
2023-08-04,50.37,50.62,49.31,49.65,3481904.0
2023-08-07,49.81,50.05,49.4,49.98,2416456.0
2023-08-08,48.86,49.15,48.37,49.04,2963006.0
2023-08-09,48.94,49.03,48.24,48.41,2527793.0
2023-08-10,49.3,49.7,48.27,48.46,2655623.0
2023-08-11,47.98,47.98,47.07,47.22,3452675.0
2023-08-14,47.0,47.88,46.77,47.83,2537822.0
2023-08-15,47.51,47.56,47.0,47.09,2318069.0
2023-08-16,47.15,47.23,46.32,46.37,2416373.0
2023-08-17,46.24,46.34,45.74,45.93,3761540.0
2023-08-18,45.46,46.23,45.33,46.11,3097142.0
2023-08-21,46.22,46.97,46.16,46.87,3063211.0
2023-08-22,47.75,47.81,46.82,46.92,2814043.0
2023-08-23,46.0,47.41,45.96,47.29,2993651.0
2023-08-24,47.58,47.59,45.39,45.52,4535423.0
2023-08-25,46.1,46.62,45.41,46.29,4108250.0
2023-08-28,46.83,46.95,46.45,46.91,2284842.0
2023-08-29,46.94,48.04,46.88,47.83,2921028.0
2023-08-30,47.77,47.92,47.36,47.8,1996993.0
2023-08-31,47.4,47.72,47.14,47.26,3193770.0
2023-09-01,47.72,47.78,46.81,47.02,2018700.0
2023-09-05,46.35,46.86,46.15,46.52,1962800.0
2023-09-06,46.5,46.69,45.55,46.09,2719415.0
2023-09-07,43.74,44.36,43.56,44.26,4561408.0
2023-09-08,44.34,44.61,44.03,44.22,1904450.0
2023-09-11,44.83,44.88,43.91,44.44,2229175.0
2023-09-12,43.86,44.58,43.84,43.9,2109384.0
2023-09-13,44.17,44.49,43.96,44.3,2149290.0
2023-09-14,44.47,44.79,43.92,44.68,2600767.0
2023-09-15,44.51,44.55,43.74,43.76,3417423.0
2023-09-18,42.96,43.52,42.9,43.4,2853452.0
2023-09-19,43.31,43.47,42.91,43.34,2823651.0
2023-09-20,43.63,43.95,42.98,43.02,2681313.0
2023-09-21,42.72,43.25,42.66,42.67,2820407.0
2023-09-22,42.73,43.0,42.49,42.72,2788155.0
2023-09-25,42.05,42.86,41.98,42.73,2933671.0
2023-09-26,42.29,42.43,41.56,41.78,3111603.0
2023-09-27,42.15,42.25,41.45,42.0,2834345.0
2023-09-28,42.22,43.19,42.01,42.71,2887329.0
2023-09-29,43.79,43.89,42.98,43.16,2784679.0
2023-10-02,43.05,43.42,42.6,43.12,3166496.0
2023-10-03,42.49,42.94,41.85,42.06,3734890.0
2023-10-04,42.37,43.66,42.32,43.57,5233388.0
2023-10-05,43.68,43.84,43.08,43.42,3588556.0
2023-10-06,43.76,45.06,43.37,44.83,3875034.0
2023-10-09,44.13,44.39,43.62,44.29,2053390.0
2023-10-10,44.86,45.34,44.64,44.98,3148344.0
2023-10-11,45.1,45.4,44.66,45.15,2523126.0
2023-10-12,44.64,45.09,44.04,44.39,3666743.0
2023-10-13,44.18,44.25,42.79,42.89,3256687.0
2023-10-16,43.39,43.78,43.2,43.52,3371209.0
2023-10-17,41.95,43.26,41.8,42.82,3254942.0
2023-10-18,42.09,42.37,41.58,41.79,3120839.0
2023-10-19,41.58,41.81,40.49,40.7,5470261.0
2023-10-20,40.37,40.6,39.735,39.77,5286861.0
2023-10-23,39.66,40.49,39.34,39.78,4469116.0
2023-10-24,39.7,39.97,39.43,39.79,3841322.0
2023-10-25,39.1,39.435,38.595,38.99,5799471.0
2023-10-26,40.55,41.52,40.22,40.25,7396598.0
2023-10-27,39.81,39.91,39.15,39.59,5476675.0
2023-10-30,37.92,38.45,37.21,37.69,8296337.0
2023-10-31,38.02,38.31,37.58,37.98,4366010.0
2023-11-01,38.59,38.64,37.85,38.49,4520806.0
2023-11-02,40.3,40.35,39.64,40.04,5053231.0
2023-11-03,40.76,41.57,40.565,41.25,4551839.0
2023-11-06,41.07,41.2,40.61,41.01,2353760.0
2023-11-07,40.37,41.145,40.31,40.8,2100495.0
2023-11-08,41.07,41.16,40.74,40.98,2113245.0
2023-11-09,41.22,41.455,40.39,40.46,3516326.0
2023-11-10,40.92,42.045,40.73,41.77,4178439.0
2023-11-13,41.42,41.43,40.94,41.28,2594139.0
2023-11-14,43.59,44.02,43.195,43.74,5456257.0
2023-11-15,45.26,45.9802,44.98,45.56,5443710.0
2023-11-16,45.31,45.72,45.2551,45.36,3901242.0
2023-11-17,45.68,45.77,45.415,45.74,2792883.0
2023-11-20,45.98,46.545,45.92,46.29,2428126.0
2023-11-21,45.88,45.92,44.98,45.35,2856656.0
2023-11-22,45.61,45.76,45.1,45.28,2078523.0
2023-11-24,45.46,45.77,45.29,45.63,1265301.0
2023-11-27,45.52,45.74,45.3,45.39,1543734.0
2023-11-28,45.79,46.01,45.39,45.73,2160366.0
2023-11-29,46.93,47.58,46.87,47.01,3404564.0
2023-11-30,47.81,47.81,47.175,47.44,3845010.0
2023-12-01,47.48,47.84,47.125,47.84,2422648.0
2023-12-04,47.14,47.51,46.81,47.51,3564552.0
2023-12-05,47.75,48.005,47.275,47.48,2467602.0
2023-12-06,48.18,48.34,47.43,47.47,2497234.0
2023-12-07,47.05,47.97,46.93,47.76,3115894.0
2023-12-08,47.53,48.06,47.455,47.87,2754031.0
2023-12-11,47.56,48.375,47.51,48.26,3455098.0
2023-12-12,48.0,48.25,47.78,48.23,1555765.0
2023-12-13,48.04,48.9,47.52,48.77,2886445.0
2023-12-14,49.39,50.54,49.39,50.16,3709868.0
2023-12-15,50.99,51.27,50.42,50.42,4012674.0
2023-12-18,50.49,50.52,49.5,49.91,2280688.0
2023-12-19,50.22,50.52,50.14,50.43,1967529.0
2023-12-20,50.07,50.345,49.06,49.08,2898618.0
2023-12-21,49.92,50.37,49.71,50.24,2775804.0
2023-12-22,50.2,50.5,49.8,50.12,1551370.0
2023-12-26,50.0,50.87,49.99,50.55,1689277.0
2023-12-27,50.71,50.94,50.5,50.9,1646325.0
2023-12-28,50.51,50.7,50.19,50.22,1890076.0
2023-12-29,50.31,50.455,49.84,50.13,1693169.0
2024-01-02,49.02,49.04,47.95,48.35,4128516.0
2024-01-03,47.15,47.31,46.6,46.99,3848203.0
2024-01-04,44.82,45.32,44.37,44.9,6135552.0
2024-01-05,44.75,45.415,44.4,44.61,3313498.0
2024-01-08,44.8,45.565,44.67,45.45,3119946.0
2024-01-09,44.34,44.89,44.28,44.67,3543861.0
2024-01-10,44.33,44.525,43.69,44.39,3331390.0
2024-01-11,44.24,44.65,43.58,44.24,3412509.0
2024-01-12,43.77,44.0,43.365,43.56,2723473.0
2024-01-16,42.97,43.56,42.695,43.55,4442885.0
2024-01-17,42.49,42.615,41.845,42.56,3458912.0
2024-01-18,43.95,44.14,43.36,43.99,4480121.0
2024-01-19,44.21,45.03,44.0,44.99,4295144.0
2024-01-22,45.19,45.5,45.05,45.33,2860358.0
2024-01-23,45.68,46.705,45.57,46.67,3701277.0
2024-01-24,46.3,46.84,45.61,45.96,6128411.0
2024-01-25,45.69,46.37,45.34,45.6,6582942.0
2024-01-26,44.44,45.18,44.34,44.62,7932664.0
2024-01-29,44.27,44.84,43.98,44.82,4040390.0
2024-01-30,45.02,45.14,44.23,44.34,2881344.0
2024-01-31,44.37,45.1,44.065,44.12,3978552.0
2024-02-01,44.21,44.41,43.84,44.29,3345773.0
2024-02-02,43.38,43.815,43.173,43.65,3480023.0
2024-02-05,44.15,44.84,43.88,44.75,3704950.0
2024-02-06,44.13,44.28,43.75,44.22,3865262.0
2024-02-07,43.84,44.1,43.425,44.03,4027758.0
2024-02-08,44.75,45.435,44.65,45.17,3710254.0
2024-02-09,45.78,46.3275,45.68,46.26,3100851.0
2024-02-12,46.36,46.6,45.85,45.86,2770543.0
2024-02-13,44.51,44.9,43.805,44.21,4199815.0
2024-02-14,44.67,45.04,44.52,44.99,2899871.0
2024-02-15,45.47,45.625,45.17,45.31,3094646.0
2024-02-16,45.79,45.98,45.16,45.18,3341618.0
2024-02-20,44.7,44.71,44.08,44.57,3697742.0
2024-02-21,44.37,44.66,44.02,44.62,2768874.0
2024-02-22,45.8,45.97,45.53,45.63,3461549.0
2024-02-23,45.82,45.85,44.66,44.75,3202127.0
2024-02-26,44.77,45.05,44.595,44.85,2519578.0
2024-02-27,45.67,46.975,45.475,46.31,3178019.0
2024-02-28,45.27,45.32,44.82,44.92,2104358.0
2024-02-29,45.3,45.715,45.04,45.62,2682065.0
2024-03-01,46.11,47.34,46.04,47.17,3484733.0
2024-03-04,47.0,47.03,46.5,46.56,2302263.0
2024-03-05,46.22,46.415,45.47,45.85,3468238.0
2024-03-06,46.22,47.25,45.975,46.86,4194140.0
2024-03-07,47.45,49.05,47.42,48.57,4504822.0
2024-03-08,48.68,48.7525,46.92,46.95,4354928.0
2024-03-11,47.07,47.89,46.935,47.5,4023662.0
2024-03-12,48.42,48.645,47.74,48.61,3951311.0
2024-03-13,48.36,48.42,47.48,47.61,3274626.0
2024-03-14,47.5,47.82,46.23,46.51,3168308.0
2024-03-15,45.32,45.64,44.835,44.85,7073452.0
2024-03-18,45.0,45.24,44.56,44.58,2640146.0
2024-03-19,43.82,43.91,43.04,43.68,3898332.0
2024-03-20,43.32,44.38,43.165,44.33,3023335.0
2024-03-21,44.27,44.48,43.445,43.48,3766887.0
2024-03-22,43.14,43.515,42.945,43.3,1969891.0
2024-03-25,43.0,43.42,42.9,42.93,2157778.0
2024-03-26,43.25,43.4334,42.99,43.02,2771728.0
2024-03-27,43.5,44.0,42.99,43.97,3506573.0
2024-03-28,43.46,43.61,43.06,43.24,2353443.0
2024-04-01,43.51,44.4,43.155,43.33,2294501.0
2024-04-02,42.23,42.37,41.77,41.95,3364045.0
2024-04-03,42.42,42.685,42.13,42.54,3123440.0
2024-04-04,43.11,43.33,41.72,41.88,3790214.0
2024-04-05,41.84,42.1,41.61,41.95,3409301.0
2024-04-08,42.22,42.51,42.09,42.26,1935414.0
2024-04-09,43.08,43.47,42.7,43.46,2600068.0
2024-04-10,42.56,42.79,42.055,42.29,3336642.0
2024-04-11,42.5,42.74,41.945,42.66,2815647.0
2024-04-12,41.68,41.8,41.08,41.08,3304359.0
2024-04-15,41.87,41.87,40.4,40.64,3064626.0
2024-04-16,40.25,40.64,40.07,40.33,4234776.0
2024-04-17,40.71,40.76,40.16,40.33,3514537.0
2024-04-18,40.0,40.225,39.555,39.61,4008204.0
2024-04-19,39.49,39.5,38.365,38.6,3997688.0
2024-04-22,39.31,39.61,38.86,39.25,3328389.0
2024-04-23,39.45,40.22,39.3,39.98,3242585.0
2024-04-24,42.33,42.72,41.72,42.14,6911584.0
2024-04-25,42.57,43.15,41.89,42.6,6249959.0
2024-04-26,41.74,41.835,41.24,41.33,3776163.0
2024-04-29,41.09,41.18,40.67,41.18,2829141.0
2024-04-30,40.72,40.75,39.525,39.56,3636673.0
2024-05-01,39.39,39.95,38.495,38.74,3790939.0
2024-05-02,39.18,39.38,38.7,39.18,2938957.0
2024-05-03,40.29,40.48,39.8,40.07,2717907.0
2024-05-06,40.21,40.32,40.03,40.31,2287492.0
2024-05-07,41.41,41.42,40.68,40.69,3219555.0
2024-05-08,40.42,40.58,39.98,40.36,3595252.0
2024-05-09,40.5,40.51,40.135,40.32,2861136.0
2024-05-10,40.54,40.65,40.32,40.51,2036325.0
2024-05-13,40.52,40.895,40.45,40.52,1717803.0
2024-05-14,41.27,41.86,40.955,41.84,3246514.0
2024-05-15,42.06,42.9,41.79,42.85,3274826.0
2024-05-16,42.56,42.61,41.86,41.93,3065180.0
2024-05-17,41.86,41.93,41.38,41.64,1923324.0
2024-05-20,41.63,42.32,41.53,42.04,2022489.0
2024-05-21,40.56,41.11,40.55,40.96,2392613.0
2024-05-22,41.72,42.52,41.44,42.27,3440530.0
2024-05-23,43.08,43.09,41.34,41.7,3990994.0
2024-05-24,41.67,41.96,41.5,41.89,2521196.0
2024-05-28,41.68,42.0,41.515,41.88,3336837.0
2024-05-29,40.58,40.77,40.26,40.3,3672617.0
2024-05-30,40.84,41.21,40.61,40.95,2014813.0
2024-05-31,41.4,41.98,40.59,41.97,4554514.0
2024-06-03,42.08,42.18,41.385,41.97,2616349.0
2024-06-04,42.73,43.005,42.37,42.94,3952843.0
2024-06-05,43.38,44.43,43.33,44.37,4189088.0
2024-06-06,44.72,45.2,44.34,45.06,3628048.0
2024-06-07,44.39,44.925,44.33,44.49,3149472.0
2024-06-10,43.78,44.53,43.7263,44.34,2835972.0
2024-06-11,43.55,43.82,43.05,43.82,2237277.0
2024-06-12,44.99,45.39,44.825,45.24,3256626.0
2024-06-13,44.25,44.5,43.61,44.25,3383871.0
2024-06-14,42.54,42.71,42.005,42.46,2815507.0
2024-06-17,42.71,43.115,42.5,43.1,2720528.0
2024-06-18,42.86,43.345,42.86,43.08,3008114.0
2024-06-20,41.36,41.38,40.475,40.68,4598415.0
2024-06-21,40.24,40.935,40.13,40.79,5365650.0
2024-06-24,40.75,41.14,40.225,40.25,2696405.0
2024-06-25,39.57,40.14,39.5,40.1,3248362.0
2024-06-26,39.21,39.78,39.2,39.78,3114927.0
2024-06-27,39.28,39.53,38.81,38.99,3785852.0
2024-06-28,39.27,39.86,39.005,39.28,2542583.0
2024-07-01,39.52,39.66,38.84,39.25,2075363.0
2024-07-02,39.47,40.38,39.34,40.37,3525267.0
2024-07-03,40.8,41.3,40.56,41.12,2029835.0
2024-07-05,42.57,42.6,41.81,42.42,2224995.0
2024-07-08,42.28,42.56,42.08,42.41,2193391.0
2024-07-09,42.02,42.045,41.23,41.51,2602903.0
2024-07-10,41.8,42.63,41.65,42.58,3671044.0
2024-07-11,43.2,43.23,41.835,41.89,4198225.0
2024-07-12,42.26,43.32,42.2,42.67,2368534.0
2024-07-15,42.6,42.63,41.935,42.13,2380965.0
2024-07-16,42.06,42.73,41.885,42.72,3000906.0
2024-07-17,41.76,42.27,40.99,41.1,4540763.0
2024-07-18,42.05,42.235,41.24,41.6,3963368.0
2024-07-19,40.62,40.69,39.835,39.93,4096203.0
2024-07-22,41.25,42.12,40.98,42.01,4273431.0
2024-07-23,40.17,40.445,40.125,40.26,2963739.0
2024-07-24,40.46,40.55,39.46,39.54,6187497.0
2024-07-25,34.54,35.41,33.375,33.47,13815336.0
2024-07-26,33.39,33.99,33.16,33.99,5584085.0
2024-07-29,33.93,34.3,33.56,33.61,5170408.0
2024-07-30,33.71,33.73,32.54,32.59,4977377.0
2024-07-31,33.545,33.89,33.115,33.76,5541322.0
2024-08-01,32.58,32.79,31.1,31.4,7962586.0
2024-08-02,30.84,30.94,30.005,30.22,6887386.0
2024-08-05,28.65,29.88,28.52,29.39,7278135.0
2024-08-06,28.9,29.6,28.805,28.94,5242857.0
2024-08-07,29.74,29.84,28.19,28.24,4523129.0
2024-08-08,28.79,29.565,28.495,29.42,5710612.0
2024-08-09,29.22,29.495,29.03,29.33,2572023.0
2024-08-12,29.45,29.57,29.17,29.33,3000003.0
2024-08-13,29.12,30.03,29.0203,29.99,4148559.0
2024-08-14,30.08,30.175,29.41,29.61,3334779.0
2024-08-15,30.18,30.74,30.1,30.72,5633647.0
2024-08-16,30.54,30.91,30.48,30.64,3366503.0
2024-08-19,30.89,31.335,30.66,31.32,3234978.0
2024-08-20,31.14,31.21,30.69,30.88,2871656.0
2024-08-21,31.46,31.655,31.145,31.5,3325988.0
2024-08-22,31.49,31.52,30.59,30.59,3844516.0
2024-08-23,31.11,31.71,31.05,31.63,3994775.0
2024-08-26,31.42,31.44,30.95,31.04,3742922.0
2024-08-27,31.16,31.585,30.93,31.49,2482558.0
2024-08-28,31.31,31.4,30.775,31.01,3617799.0
2024-08-29,31.61,31.89,31.05,31.15,3629586.0
2024-08-30,31.89,32.12,31.6,31.95,3549262.0
2024-09-03,31.14,31.16,29.445,29.59,7168353.0
2024-09-04,29.51,30.15,29.405,29.78,3253966.0
2024-09-05,29.52,29.83,29.325,29.5,3042263.0
2024-09-06,29.36,29.39,28.37,28.37,5003570.0
2024-09-09,28.71,28.98,28.585,28.87,3594539.0
2024-09-10,28.32,28.39,27.445,28.03,6649291.0
2024-09-11,28.01,28.33,27.465,28.33,10815062.0
2024-09-12,28.12,28.21,27.66,27.95,6615976.0
2024-09-13,28.06,28.71,28.06,28.59,7181784.0
2024-09-16,27.92,28.01,27.495,27.82,6850932.0
2024-09-17,28.59,28.61,28.08,28.22,3772567.0
2024-09-18,28.4,28.75,27.89,27.97,3894557.0
2024-09-19,29.09,29.47,28.83,28.99,7257546.0
2024-09-20,27.99,28.135,27.54,27.94,6848843.0
2024-09-23,27.63,27.96,27.6,27.91,3110859.0
2024-09-24,28.48,28.71,28.16,28.44,3979617.0
2024-09-25,28.26,28.355,28.02,28.1,3071012.0
2024-09-26,29.34,29.61,28.7471,29.48,5252998.0
2024-09-27,30.52,30.75,30.32,30.36,5290861.0
2024-09-30,29.86,30.075,29.4511,29.73,3632939.0
2024-10-01,29.39,29.49,28.57,28.9,5963861.0
2024-10-02,28.61,29.19,28.5,28.84,4071073.0
2024-10-03,28.35,28.635,28.1,28.24,3011633.0
2024-10-04,28.5,28.585,28.19,28.43,3556255.0
2024-10-07,28.0,28.385,27.96,28.18,3326911.0
2024-10-08,27.93,28.02,27.6,27.99,5394162.0
2024-10-09,27.86,28.3,27.76,28.16,4224804.0
2024-10-10,28.0,28.03,27.79,27.94,2896301.0
2024-10-11,27.47,28.04,27.44,27.94,2583374.0
2024-10-14,27.96,28.44,27.875,28.33,2908635.0
2024-10-15,28.4,28.53,26.625,26.88,7414384.0
2024-10-16,27.56,27.58,27.18,27.26,3504989.0
2024-10-17,27.67,27.8,27.36,27.44,4443204.0
2024-10-18,27.94,28.07,27.77,27.99,3958081.0
2024-10-21,27.73,27.76,27.145,27.43,3503192.0
2024-10-22,27.64,27.75,27.39,27.68,3746145.0
2024-10-23,27.99,28.245,27.495,27.9,5342913.0
2024-10-24,28.45,28.455,27.915,28.16,4378180.0
2024-10-25,28.25,28.555,28.19,28.22,5025529.0
2024-10-28,27.98,28.6,27.79,28.54,7368489.0
2024-10-29,28.59,29.175,28.455,28.92,4969362.0
2024-10-30,28.03,28.31,27.51,27.55,8444573.0
2024-10-31,27.36,27.49,26.855,27.14,9300459.0
2024-11-01,26.61,26.975,26.44,26.67,6813872.0
2024-11-04,26.36,26.46,25.95,25.96,5100217.0
2024-11-05,26.36,26.93,26.16,26.69,5362119.0
2024-11-06,26.61,26.695,26.205,26.5,7919233.0
2024-11-07,27.16,27.375,26.935,27.13,4134729.0
2024-11-08,26.49,26.595,26.215,26.51,4623310.0
2024-11-11,27.18,27.18,26.66,26.86,4863163.0
2024-11-12,27.4,27.45,26.875,27.15,4180949.0
2024-11-13,26.09,26.21,25.695,25.87,5209449.0
2024-11-14,26.35,26.595,26.065,26.1,4760727.0
2024-11-15,25.79,25.815,25.25,25.27,4968472.0
2024-11-18,24.77,25.15,24.73,24.95,4470748.0
2024-11-19,24.33,24.65,24.32,24.54,4934290.0
2024-11-20,24.41,24.53,23.99,24.5,4218520.0
2024-11-21,24.06,24.6,23.955,24.54,5638280.0
2024-11-22,24.27,24.49,24.25,24.48,4106914.0
2024-11-25,25.39,25.915,25.17,25.75,8414654.0
2024-11-26,26.23,26.23,25.355,25.57,6140302.0
2024-11-27,25.32,25.45,25.035,25.41,3758007.0
2024-11-29,25.04,25.705,25.03,25.5,4275383.0
2024-12-02,25.5,26.185,25.49,26.12,5585195.0
2024-12-03,25.57,25.94,25.345,25.78,6301120.0
2024-12-04,26.34,26.34,25.74,25.86,4697574.0
2024-12-05,26.37,26.42,25.89,25.93,5424035.0
2024-12-06,26.4,26.5,26.18,26.43,5318855.0
2024-12-09,26.59,27.05,26.41,26.54,6300037.0
2024-12-10,26.89,26.93,26.11,26.32,8068227.0
2024-12-11,26.39,26.51,26.055,26.26,5089262.0
2024-12-12,26.05,26.34,26.0,26.23,3978744.0
2024-12-13,26.31,26.35,25.9501,26.29,4487578.0
2024-12-16,25.45,25.77,25.22,25.75,5452050.0
2024-12-17,25.72,26.05,25.67,25.87,6836342.0
2024-12-18,26.08,26.59,24.83,24.95,7877002.0
2024-12-19,24.86,24.95,24.41,24.48,6165861.0
2024-12-20,24.15,24.935,24.15,24.61,7982410.0
2024-12-23,24.62,25.335,24.62,25.27,5161545.0
2024-12-24,25.3,25.6754,25.175,25.67,1650703.0
2024-12-26,25.64,25.865,25.5,25.53,3970679.0
2024-12-27,25.38,25.63,25.15,25.48,3678413.0
2024-12-30,25.2,25.25,24.915,24.97,4378273.0
2024-12-31,25.2,25.5,24.825,24.97,3482499.0
2025-01-02,24.94,25.025,24.07,24.3,5575684.0
2025-01-03,24.01,24.555,23.94,24.41,4547538.0
2025-01-06,25.66,26.48,25.6,26.2,8624740.0
2025-01-07,26.55,26.9,26.24,26.41,8322280.0
2025-01-08,25.86,25.912,25.16,25.28,6694513.0
2025-01-10,24.95,24.985,24.55,24.55,6306630.0
2025-01-13,23.82,24.055,23.6601,23.98,6173203.0
2025-01-14,24.34,24.415,24.02,24.34,5082448.0
2025-01-15,24.86,24.95,24.635,24.65,4283577.0
2025-01-16,24.89,25.01,24.6,24.69,5336967.0
2025-01-17,25.33,25.455,25.155,25.37,4584920.0
2025-01-21,25.69,25.84,25.44,25.75,4544671.0
2025-01-22,25.57,25.74,25.415,25.45,4532334.0
2025-01-23,25.35,25.79,25.18,25.79,4746723.0
2025-01-24,25.73,25.74,25.17,25.36,5678614.0
2025-01-27,25.38,25.8899,24.99,25.18,9168032.0
2025-01-28,25.26,25.27,24.335,24.58,10109671.0
2025-01-29,24.69,24.895,24.51,24.74,8268287.0
2025-01-30,22.54,22.785,21.96,22.52,13983410.0
2025-01-31,22.23,22.92,22.18,22.45,10696201.0
2025-02-03,21.58,22.025,21.36,21.64,10368601.0
2025-02-04,22.46,22.57,22.235,22.37,6998436.0
2025-02-05,21.8,22.3,21.6,22.3,6625569.0
2025-02-06,22.53,22.77,22.2625,22.76,10301142.0
2025-02-07,22.7,22.88,22.3,22.47,6684944.0
2025-02-10,22.45,22.5788,22.3247,22.53,4937492.0
2025-02-11,22.675,22.985,22.53,22.9,3670845.0
2025-02-12,22.71,23.645,22.65,23.52,6730713.0
2025-02-13,23.84,24.01,23.7,23.91,4156109.0
2025-02-14,24.5,24.67,24.375,24.48,3041731.0
2025-02-18,24.15,24.5,24.03,24.41,6179617.0
2025-02-19,25.58,26.595,25.5514,26.47,12740557.0
2025-02-20,27.35,28.265,27.345,28.22,19637818.0
2025-02-21,28.18,28.24,27.455,27.59,8697154.0
2025-02-24,27.71,27.9,27.325,27.41,7759774.0
2025-02-25,27.12,27.23,26.885,27.0,5894246.0
2025-02-26,26.44,26.61,25.975,26.16,7106019.0
2025-02-27,25.64,25.9,24.38,24.46,8577919.0
2025-02-28,24.54,24.89,24.195,24.69,6626361.0
2025-03-03,25.19,25.3,23.98,24.23,8733462.0
2025-03-04,23.52,24.57,22.93,23.89,10239243.0
2025-03-05,24.73,25.61,24.62,25.58,7923713.0
2025-03-06,25.73,26.285,25.615,25.91,11729295.0
2025-03-07,25.44,26.52,25.35,26.51,9183385.0
2025-03-10,25.37,25.64,24.65,25.05,8712792.0
2025-03-11,25.51,25.51,24.6,24.92,7966431.0
2025-03-12,24.97,25.04,24.54,24.59,5100040.0
2025-03-13,24.02,24.365,23.76,23.92,5039201.0
2025-03-14,24.53,24.88,24.4,24.86,5304101.0
2025-03-17,24.72,25.61,24.705,25.38,5455355.0
2025-03-18,25.93,25.95,25.525,25.64,8071951.0
2025-03-19,25.47,25.805,25.245,25.48,5308485.0
2025-03-20,24.86,24.86,24.375,24.4,5625457.0
2025-03-21,23.63,24.065,23.59,24.01,5512313.0
2025-03-24,24.34,24.525,24.1,24.32,5424931.0
2025-03-25,24.53,24.565,24.03,24.04,4850504.0
2025-03-26,23.62,23.755,22.785,23.08,7724965.0
2025-03-27,23.13,23.15,22.7,22.88,7629591.0
2025-03-28,22.36,22.42,22.055,22.15,6273248.0
2025-03-31,21.6,22.035,21.41,21.96,6058851.0
2025-04-01,21.65,21.815,21.275,21.78,7198365.0
2025-04-02,21.26,22.0251,21.225,21.91,7981172.0
2025-04-03,21.12,21.16,19.525,19.53,12355796.0
2025-04-04,18.68,18.955,18.045,18.49,11956110.0
2025-04-07,17.805,19.98,17.55,18.89,19751201.0
2025-04-08,19.16,19.4,17.25,17.78,13490788.0
2025-04-09,18.53,21.69,18.29,21.6,17966939.0
2025-04-10,19.94,20.09,18.285,18.93,13827266.0
2025-04-11,19.75,20.56,19.605,20.45,10713145.0
2025-04-14,20.45,20.675,20.07,20.48,6974578.0
2025-04-15,20.53,20.72,20.37,20.53,4939315.0
2025-04-16,20.34,20.495,19.5,20.12,9578670.0
2025-04-17,20.46,20.48,20.095,20.26,6791456.0
2025-04-21,19.99,20.075,19.55,20.01,6054969.0
2025-04-22,20.63,20.9399,20.55,20.86,9317214.0
2025-04-23,21.85,22.14,21.615,21.78,10257895.0
2025-04-24,23.33,23.42,22.835,23.34,10923348.0
2025-04-25,23.05,23.395,23.02,23.28,6484751.0
