Date,open,high,low,close,volume
2015-04-27,68.39,68.61,66.93,67.1,6182173.0
2015-04-28,67.31,67.5,66.41,66.77,6287899.0
2015-04-29,66.86,68.46,66.78,67.34,9721739.0
2015-04-30,67.18,67.5,65.42,66.05,11546964.0
2015-05-01,65.22,66.66,65.15,65.77,10123634.0
2015-05-04,66.05,66.14,65.47,65.58,7422947.0
2015-05-05,65.77,66.39,65.6,65.96,7848339.0
2015-05-06,66.15,66.65,65.23,65.67,7068445.0
2015-05-07,65.58,66.78,65.53,66.58,6643872.0
2015-05-08,67.14,70.16,67.01,69.47,18260625.0
2015-05-11,69.3,69.7,68.79,69.02,10974110.0
2015-05-12,68.55,69.0,67.97,68.69,7398780.0
2015-05-13,68.75,68.88,68.19,68.65,5033728.0
2015-05-14,68.96,70.03,68.85,70.0,6461300.0
2015-05-15,70.1,70.69,69.31,69.57,7053572.0
2015-05-18,69.74,70.24,69.13,70.0,5528444.0
2015-05-19,70.14,70.56,70.0,70.16,4347499.0
2015-05-20,70.25,70.32,69.48,69.78,4851434.0
2015-05-21,69.55,69.87,69.28,69.37,6462684.0
2015-05-22,69.3,69.85,69.3,69.62,4505652.0
2015-05-26,69.31,69.49,68.31,68.54,6109930.0
2015-05-27,68.85,69.74,68.5,69.49,7037784.0
2015-05-28,69.48,69.78,68.8,69.56,3887229.0
2015-05-29,69.33,69.6,68.51,68.68,6516337.0
2015-06-01,69.13,69.45,68.43,69.11,6301800.0
2015-06-02,68.73,69.46,68.01,69.04,4457441.0
2015-06-03,69.26,69.5,68.89,68.95,4875462.0
2015-06-04,68.63,69.14,68.02,68.21,6433190.0
2015-06-05,68.29,68.7,68.0,68.37,4373975.0
2015-06-08,68.19,68.29,67.62,67.68,4833661.0
2015-06-09,67.67,68.09,67.52,67.95,4429579.0
2015-06-10,68.22,69.67,68.11,69.63,6788135.0
2015-06-11,69.7,70.02,69.41,69.64,5230493.0
2015-06-12,69.43,69.73,69.02,69.33,4882658.0
2015-06-15,68.72,68.99,68.17,68.57,5979978.0
2015-06-16,68.45,69.17,68.29,69.01,5011810.0
2015-06-17,69.11,69.41,68.51,68.75,6324866.0
2015-06-18,68.9,69.84,68.88,69.5,7550408.0
2015-06-19,69.27,69.33,68.48,68.69,8455487.0
2015-06-22,69.32,69.44,68.9,69.09,5493283.0
2015-06-23,69.1,69.59,69.09,69.42,3854963.0
2015-06-24,69.11,69.4,68.76,68.86,4642842.0
2015-06-25,69.38,69.38,68.51,68.62,4640920.0
2015-06-26,68.7,69.21,68.41,68.75,6617669.0
2015-06-29,67.99,68.49,66.69,66.72,9419703.0
2015-06-30,67.34,67.48,66.76,67.15,6762165.0
2015-07-01,67.94,68.3,67.53,67.85,6224824.0
2015-07-02,68.15,68.32,67.62,68.24,4978655.0
2015-07-06,67.55,68.12,67.36,68.12,5223582.0
2015-07-07,68.11,68.2,66.53,67.77,6482771.0
2015-07-08,67.01,67.32,66.65,66.73,5657726.0
2015-07-09,67.65,67.94,67.02,67.05,4818171.0
2015-07-10,67.98,68.54,67.91,68.42,5015405.0
2015-07-13,69.05,69.6,68.83,69.52,6712039.0
2015-07-14,69.97,70.3,69.47,70.1,5587409.0
2015-07-15,70.13,70.28,69.69,70.02,4500098.0
2015-07-16,70.43,70.59,69.97,70.57,6489359.0
2015-07-17,70.4,70.96,70.28,70.88,6260725.0
2015-07-20,71.29,73.0,71.23,72.7,10096670.0
2015-07-21,72.84,72.88,71.76,72.02,10821395.0
2015-07-22,71.94,72.15,71.62,71.97,6269299.0
2015-07-23,72.2,72.25,71.2,71.75,9857281.0
2015-07-24,76.78,76.92,74.4,74.8,21077942.0
2015-07-27,74.28,74.71,73.58,73.86,10245015.0
2015-07-28,74.3,75.18,73.85,74.74,9966290.0
2015-07-29,74.95,76.43,74.67,76.01,13693295.0
2015-07-30,75.89,76.76,75.24,76.38,6381400.0
2015-07-31,76.45,76.51,75.32,75.34,8424361.0
2015-08-03,75.59,76.04,75.01,75.77,5788850.0
2015-08-04,75.53,76.08,75.03,75.27,6932126.0
2015-08-05,76.05,76.17,74.92,74.98,6773501.0
2015-08-06,75.3,75.42,73.55,73.58,7656402.0
2015-08-07,73.68,74.31,73.32,74.21,6448052.0
2015-08-10,74.89,75.18,73.85,74.38,6121681.0
2015-08-11,73.81,74.27,73.22,73.36,6321038.0
2015-08-12,72.87,73.83,72.39,73.54,7625127.0
2015-08-13,73.43,74.42,73.38,73.93,5971453.0
2015-08-14,73.85,74.4,73.45,74.22,3851317.0
2015-08-17,74.0,74.44,73.5,74.41,3292298.0
2015-08-18,74.26,74.73,74.01,74.47,6321460.0
2015-08-19,74.2,74.96,73.67,74.4,5818126.0
2015-08-20,73.56,74.53,72.81,73.95,11978885.0
2015-08-21,72.5,73.62,70.96,71.19,15367270.0
2015-08-24,64.16,71.06,60.0,68.36,20755869.0
2015-08-25,71.69,71.8,66.6,66.97,14336959.0
2015-08-26,69.37,70.99,67.9,70.69,12050502.0
2015-08-27,71.94,72.49,70.8,72.4,8920164.0
2015-08-28,72.1,72.66,71.6,72.46,6390286.0
2015-08-31,71.91,72.08,70.82,71.3,8238436.0
2015-09-01,69.41,70.39,68.5,68.96,11230359.0
2015-09-02,69.94,69.95,68.7,69.62,9142728.0
2015-09-03,70.45,71.08,69.99,70.4,8989555.0
2015-09-04,69.29,69.91,68.64,69.16,9420302.0
2015-09-08,70.75,71.01,69.55,70.53,7891495.0
2015-09-09,70.75,71.37,69.43,69.6,8938369.0
2015-09-10,69.5,70.65,69.46,70.23,7214869.0
2015-09-11,69.86,70.81,69.45,70.76,6326570.0
2015-09-14,70.72,70.8,69.61,70.01,7002417.0
2015-09-15,70.48,70.74,69.51,70.51,6956824.0
2015-09-16,70.45,71.11,70.05,70.99,8066607.0
2015-09-17,71.3,72.32,70.5,70.96,7542700.0
2015-09-18,69.82,70.81,69.71,69.79,14300570.0
2015-09-21,70.62,71.32,70.22,70.78,7124254.0
2015-09-22,70.0,70.39,69.31,70.25,9264349.0
2015-09-23,70.16,71.14,69.9,70.95,8528971.0
2015-09-24,70.35,70.63,69.64,70.24,8177220.0
2015-09-25,71.19,71.46,70.21,70.69,7709990.0
2015-09-28,70.19,70.28,67.03,67.2,14758095.0
2015-09-29,67.52,68.7,67.2,68.53,11274266.0
2015-09-30,69.32,69.66,68.26,69.66,16922528.0
2015-10-01,70.09,70.77,68.98,69.99,8601948.0
2015-10-02,68.8,70.73,68.36,70.67,7360799.0
2015-10-05,71.06,72.34,70.92,72.23,7121206.0
2015-10-06,72.22,72.54,71.83,72.08,5727341.0
2015-10-07,72.68,73.23,72.45,73.22,6208905.0
2015-10-08,73.0,73.93,72.83,73.9,5674544.0
2015-10-09,74.04,74.09,73.4,73.98,5923831.0
2015-10-12,73.74,75.43,73.67,74.99,5512679.0
2015-10-13,74.46,75.25,74.15,75.0,7417397.0
2015-10-14,74.84,75.26,73.72,74.2,7510101.0
2015-10-15,74.96,75.41,74.58,75.34,6802990.0
2015-10-16,75.33,76.54,74.79,76.0,9078564.0
2015-10-19,75.93,77.32,75.93,76.99,9912641.0
2015-10-20,76.64,76.89,75.93,76.28,7956987.0
2015-10-21,76.94,76.94,75.31,75.46,7276918.0
2015-10-22,75.89,76.85,75.64,76.42,8965299.0
2015-10-23,77.46,77.63,74.95,77.07,11938434.0
2015-10-26,78.08,78.31,77.09,78.18,7969382.0
2015-10-27,78.03,78.18,77.05,77.52,9480575.0
2015-10-28,77.82,78.89,77.44,78.87,10779920.0
2015-10-29,78.59,78.71,77.93,78.51,7607309.0
2015-10-30,78.72,78.81,77.56,77.58,11018685.0
2015-11-02,75.19,76.21,74.53,75.22,29818874.0
2015-11-03,75.13,78.58,74.81,77.9,18745186.0
2015-11-04,78.37,78.83,77.9,78.35,8611875.0
2015-11-05,78.42,79.71,78.42,79.26,9377658.0
2015-11-06,79.57,79.57,78.32,78.75,8147899.0
2015-11-09,78.4,78.4,77.29,78.04,10149450.0
2015-11-10,77.65,79.53,77.61,79.48,8428823.0
2015-11-11,79.85,80.25,79.17,79.18,8012167.0
2015-11-12,78.86,79.15,78.14,78.31,8843072.0
2015-11-13,78.02,78.97,77.77,78.11,9877522.0
2015-11-16,77.79,78.91,77.58,78.9,7761474.0
2015-11-17,78.94,79.27,78.47,78.83,6941753.0
2015-11-18,78.96,80.5,78.74,80.46,7077477.0
2015-11-19,80.6,81.01,79.85,80.15,6073750.0
2015-11-20,80.59,81.0,79.98,80.19,6758159.0
2015-11-23,80.59,80.78,79.56,80.11,5898614.0
2015-11-24,79.23,80.2,79.21,79.79,6025974.0
2015-11-25,79.78,80.09,79.56,79.56,4262295.0
2015-11-27,79.64,80.15,79.61,79.84,3139602.0
2015-11-30,80.06,80.13,78.96,79.01,8794310.0
2015-12-01,79.53,79.93,78.76,79.91,6661189.0
2015-12-02,79.83,80.15,78.97,79.04,7274879.0
2015-12-03,79.36,79.77,78.08,78.29,8591252.0
2015-12-04,78.58,80.4,78.45,80.4,9942750.0
2015-12-07,80.13,80.49,79.07,79.55,15224499.0
2015-12-08,78.98,79.67,78.36,79.07,11320747.0
2015-12-09,78.83,79.75,77.39,77.88,15352749.0
2015-12-10,77.91,79.11,77.62,78.12,8694926.0
2015-12-11,77.14,77.14,75.52,76.11,14900795.0
2015-12-14,76.2,77.33,75.58,76.87,10287028.0
2015-12-15,78.37,79.45,78.21,78.62,11324878.0
2015-12-16,79.45,79.98,78.15,79.86,10461574.0
2015-12-17,79.98,80.28,78.63,78.69,7496359.0
2015-12-18,78.04,78.19,76.28,76.32,14773737.0
2015-12-21,76.9,77.36,76.4,77.17,8424814.0
2015-12-22,77.43,77.49,76.66,77.38,5673997.0
2015-12-23,78.08,78.66,77.56,78.56,6311733.0
2015-12-24,78.35,78.71,78.18,78.26,2188783.0
2015-12-28,78.04,78.65,77.82,78.53,3650569.0
2015-12-29,79.0,79.39,78.9,79.21,4576484.0
2015-12-30,79.07,79.19,78.25,78.35,4189958.0
2015-12-31,78.24,78.8,77.55,77.55,6515621.0
2016-01-04,76.06,76.38,75.01,75.7,13237361.0
2016-01-05,76.25,76.51,75.54,76.27,8779548.0
2016-01-06,75.0,75.85,74.85,75.27,16088937.0
2016-01-07,73.76,75.09,73.35,73.79,12457002.0
2016-01-08,74.06,74.51,72.75,72.88,9953218.0
2016-01-11,73.11,74.08,72.66,73.92,13029218.0
2016-01-12,74.52,75.0,74.02,74.76,10195408.0
2016-01-13,75.27,75.39,72.99,73.1,12632074.0
2016-01-14,73.15,74.52,72.66,73.8,10310729.0
2016-01-15,71.94,72.95,70.66,71.83,18172224.0
2016-01-19,72.94,73.02,70.66,71.39,15894411.0
2016-01-20,69.96,71.41,69.04,70.68,16577414.0
2016-01-21,70.72,72.33,70.1,71.56,11929754.0
2016-01-22,72.67,73.18,72.13,72.7,8645505.0
2016-01-25,72.76,72.91,71.58,71.74,9125706.0
2016-01-26,72.18,72.27,71.55,71.88,7498568.0
2016-01-27,71.98,72.48,70.58,70.91,9014963.0
2016-01-28,71.42,71.85,69.33,69.33,15236279.0
2016-01-29,70.43,74.5,68.76,74.49,40423210.0
2016-02-01,74.08,74.78,73.25,74.38,12502701.0
2016-02-02,73.5,74.2,73.13,73.4,9572079.0
2016-02-03,73.76,74.62,72.43,74.38,9941328.0
2016-02-04,74.1,74.63,72.75,73.68,14735604.0
2016-02-05,73.56,73.61,70.55,71.54,12920321.0
2016-02-08,69.95,70.04,66.3,67.77,30524068.0
2016-02-09,66.39,69.48,66.12,68.33,14881967.0
2016-02-10,69.14,71.03,69.07,70.15,11368106.0
2016-02-11,67.79,69.07,67.42,68.47,13961339.0
2016-02-12,69.44,70.47,69.12,70.42,8708992.0
2016-02-16,71.41,71.75,70.39,71.1,8777454.0
2016-02-17,71.73,72.12,71.3,72.03,8465710.0
2016-02-18,71.89,72.25,71.02,71.24,6937894.0
2016-02-19,71.03,71.72,70.3,71.53,7750528.0
2016-02-22,72.3,73.19,72.1,73.06,7481381.0
2016-02-23,72.95,73.12,71.99,72.15,6177029.0
2016-02-24,71.25,72.19,70.38,71.85,7728369.0
2016-02-25,71.96,73.34,71.93,73.27,6840348.0
2016-02-26,73.74,73.91,72.69,72.73,6713373.0
2016-02-29,72.86,73.89,72.39,72.39,7785959.0
2016-03-01,72.99,74.64,72.9,74.64,8705197.0
2016-03-02,74.5,74.6,73.66,74.3,5739044.0
2016-03-03,74.48,74.5,73.36,73.91,6587766.0
2016-03-04,74.22,74.25,73.61,73.9,9475258.0
2016-03-07,73.39,73.45,71.35,71.94,16666835.0
2016-03-08,71.5,71.52,70.51,70.62,12393187.0
2016-03-09,71.0,71.08,69.9,70.68,9291423.0
2016-03-10,71.14,71.39,69.58,70.22,10134847.0
2016-03-11,71.15,72.0,70.68,71.63,9455351.0
2016-03-14,71.6,71.72,70.95,71.49,7907894.0
2016-03-15,71.18,71.91,70.66,71.91,6441926.0
2016-03-16,71.68,72.83,71.51,72.37,7561454.0
2016-03-17,72.28,73.67,72.17,73.14,7404491.0
2016-03-18,73.5,74.1,73.13,73.78,15021311.0
2016-03-21,73.58,73.94,73.15,73.77,7396417.0
2016-03-22,73.24,73.65,72.93,72.96,6794404.0
2016-03-23,72.95,74.16,72.77,73.91,7286474.0
2016-03-24,73.65,74.16,73.41,74.14,6073665.0
2016-03-28,74.14,74.27,73.72,74.08,7282888.0
2016-03-29,74.02,75.59,73.92,75.38,10541035.0
2016-03-30,75.9,77.0,75.84,76.78,9691267.0
2016-03-31,76.62,76.92,75.95,76.48,7488940.0
2016-04-01,76.25,78.25,75.8,77.59,10183140.0
2016-04-04,77.97,78.31,77.53,77.83,6902189.0
2016-04-05,77.14,77.47,76.58,76.97,6011003.0
2016-04-06,77.08,78.28,77.0,78.21,6209780.0
2016-04-07,77.71,77.98,77.19,77.58,7540836.0
2016-04-08,78.08,78.62,77.81,78.03,5327418.0
2016-04-11,78.36,78.78,77.77,77.82,5955768.0
2016-04-12,77.72,78.55,77.65,78.52,5962981.0
2016-04-13,79.03,79.93,78.91,79.71,9181262.0
2016-04-14,79.76,80.67,79.31,80.33,11470019.0
2016-04-15,80.25,80.69,79.9,80.08,7186076.0
2016-04-18,80.2,81.55,79.83,81.45,7750433.0
2016-04-19,81.5,81.73,80.37,80.75,8323326.0
2016-04-20,80.88,81.64,80.55,81.15,8516338.0
2016-04-21,81.5,81.67,80.67,80.79,9503188.0
2016-04-22,78.0,79.35,77.28,79.11,18214787.0
2016-04-25,78.69,78.84,77.82,78.14,11176787.0
2016-04-26,78.45,78.7,78.11,78.53,6058683.0
2016-04-27,78.41,79.0,78.17,78.76,6318019.0
2016-04-28,78.35,79.27,77.6,77.68,8319804.0
2016-04-29,77.52,78.01,76.86,77.24,8092573.0
2016-05-02,77.81,78.47,77.16,78.46,7635593.0
2016-05-03,77.43,78.36,76.93,77.19,7665783.0
2016-05-04,76.56,77.38,76.35,77.07,8849447.0
2016-05-05,77.14,77.7,77.01,77.36,6001700.0
2016-05-06,77.23,77.8,76.78,77.72,6166590.0
2016-05-09,77.69,78.36,77.58,78.22,9229390.0
2016-05-10,78.42,79.33,78.41,79.2,6795182.0
2016-05-11,79.14,79.33,77.29,77.3,8429606.0
2016-05-12,77.8,78.19,77.07,77.89,7507466.0
2016-05-13,77.71,78.28,76.83,76.83,7555514.0
2016-05-16,77.02,78.05,76.96,77.8,8563005.0
2016-05-17,77.57,77.92,76.52,76.79,7168732.0
2016-05-18,76.71,77.88,76.4,77.43,6280830.0
2016-05-19,76.87,77.25,76.22,76.88,5529468.0
2016-05-20,77.34,78.04,77.18,77.67,6301457.0
2016-05-23,77.76,77.99,77.14,77.21,5914751.0
2016-05-24,77.66,79.5,77.66,79.38,7581257.0
2016-05-25,79.5,79.67,78.95,79.06,5846677.0
2016-05-26,79.4,79.4,78.87,79.0,4283897.0
2016-05-27,78.84,79.66,78.84,79.66,4372546.0
2016-05-31,79.86,79.87,78.76,78.94,8638455.0
2016-06-01,78.69,79.31,78.57,79.22,4506901.0
2016-06-02,79.27,79.95,78.93,79.95,5620648.0
2016-06-03,79.55,80.2,79.16,79.94,7623434.0
2016-06-06,80.29,80.9,80.17,80.54,7620116.0
2016-06-07,80.7,81.0,80.54,80.6,5511128.0
2016-06-08,80.6,81.71,80.47,81.65,8840607.0
2016-06-09,81.23,81.54,80.97,81.26,6660271.0
2016-06-10,80.75,80.75,79.84,80.18,7852838.0
2016-06-13,79.0,80.18,78.38,78.4,10412544.0
2016-06-14,78.12,78.75,77.96,78.57,7883046.0
2016-06-15,78.57,78.84,78.05,78.17,7418344.0
2016-06-16,77.89,78.52,77.14,78.35,9586385.0
2016-06-17,78.32,78.33,76.83,76.99,14539443.0
2016-06-20,78.3,78.38,77.32,77.34,9956888.0
2016-06-21,77.81,78.01,77.15,77.33,9200460.0
2016-06-22,77.58,77.76,76.53,76.53,9621374.0
2016-06-23,77.76,78.24,76.87,78.23,13551390.0
2016-06-24,74.8,76.04,74.45,75.05,18359418.0
2016-06-27,74.18,74.36,74.11,74.3,1174507.0
2016-06-28,75.04,75.5,74.48,75.16,14803826.0
2016-06-29,75.98,76.76,75.71,76.74,12177502.0
2016-06-30,76.99,77.14,73.8,74.17,24863452.0
2016-07-01,74.5,75.94,74.1,74.48,13820861.0
2016-07-05,74.25,74.97,73.83,74.67,11079246.0
2016-07-06,74.12,74.75,73.83,74.06,11261898.0
2016-07-07,74.32,75.29,74.27,74.51,8799705.0
2016-07-08,75.3,76.55,74.79,76.42,10974158.0
2016-07-11,76.81,77.19,76.39,76.52,8170458.0
2016-07-12,76.68,77.57,76.55,77.48,10245448.0
2016-07-13,77.68,77.78,77.2,77.46,6559038.0
2016-07-14,78.06,78.54,77.69,78.14,6607123.0
2016-07-15,78.65,78.75,78.05,78.3,8142345.0
2016-07-18,78.35,78.69,78.23,78.31,4843584.0
2016-07-19,77.75,78.88,77.63,78.72,9395062.0
2016-07-20,78.75,79.75,78.75,79.36,7911979.0
2016-07-21,79.44,79.73,78.4,78.79,9189243.0
2016-07-22,79.98,80.08,78.33,79.91,12511279.0
2016-07-25,80.17,80.17,78.73,78.94,7963890.0
2016-07-26,78.98,79.06,77.94,78.49,9672201.0
2016-07-27,78.46,78.79,77.53,78.53,10186319.0
2016-07-28,78.69,80.0,78.55,79.19,8701639.0
2016-07-29,79.24,79.35,78.0,78.05,7768776.0
2016-08-01,78.31,78.53,77.73,78.26,8899570.0
2016-08-02,78.07,78.47,77.75,78.28,7909969.0
2016-08-03,78.28,78.71,78.21,78.71,7272723.0
2016-08-04,78.83,79.65,78.75,79.48,5953529.0
2016-08-05,79.73,80.24,79.66,80.14,6630630.0
2016-08-08,80.23,80.34,79.8,79.95,5119689.0
2016-08-09,79.96,80.48,79.95,80.06,4450187.0
2016-08-10,79.97,80.22,79.51,79.68,5925161.0
2016-08-11,80.0,80.28,79.84,80.12,6567327.0
2016-08-12,79.8,80.08,79.65,80.02,4420303.0
2016-08-15,80.13,81.15,80.02,80.91,6289981.0
2016-08-16,80.42,80.91,80.22,80.81,6178176.0
2016-08-17,80.71,80.86,80.4,80.84,4649417.0
2016-08-18,80.01,80.59,79.91,80.27,7449221.0
2016-08-19,80.01,80.47,79.74,80.47,8465898.0
2016-08-22,80.34,81.08,79.96,81.06,7941918.0
2016-08-23,81.37,81.76,80.8,80.8,9993067.0
2016-08-24,80.8,80.98,80.19,80.29,5001441.0
2016-08-25,80.29,80.52,80.0,80.32,5773650.0
2016-08-26,80.62,81.14,80.17,80.57,7926809.0
2016-08-29,80.54,80.99,80.54,80.87,4764272.0
2016-08-30,81.0,81.19,80.71,81.17,4105265.0
2016-08-31,80.95,81.2,80.71,80.9,7380525.0
2016-09-01,81.14,81.55,80.97,81.3,6240547.0
2016-09-02,81.57,82.14,81.5,82.0,6397555.0
2016-09-06,82.0,82.53,81.81,82.53,8124884.0
2016-09-07,82.48,83.26,82.36,83.24,9299404.0
2016-09-08,83.02,83.62,82.59,82.97,7936275.0
2016-09-09,82.39,82.81,81.33,81.33,11508274.0
2016-09-12,81.34,83.13,81.18,82.97,9863541.0
2016-09-13,82.41,82.44,81.62,81.89,8826413.0
2016-09-14,81.46,82.22,81.45,81.49,10899479.0
2016-09-15,81.42,82.13,81.19,82.01,10604724.0
2016-09-16,81.74,82.26,81.42,82.07,11694051.0
2016-09-19,82.43,83.04,82.23,82.51,8341771.0
2016-09-20,82.97,83.23,82.32,82.48,6471590.0
2016-09-21,82.92,83.25,82.27,83.22,7535958.0
2016-09-22,83.42,83.79,83.2,83.36,6599051.0
2016-09-23,83.33,83.45,82.52,82.54,8278807.0
2016-09-26,82.15,82.26,81.68,81.81,8486752.0
2016-09-27,81.79,82.38,81.5,82.16,7946604.0
2016-09-28,82.38,83.01,81.94,82.97,7919378.0
2016-09-29,82.72,83.06,81.79,81.92,5807089.0
2016-09-30,82.16,83.03,81.68,82.7,9762132.0
2016-10-03,82.42,83.1,82.3,82.86,8143121.0
2016-10-04,83.28,83.53,82.58,82.73,5768560.0
2016-10-05,82.96,83.45,82.9,83.35,6142805.0
2016-10-06,83.12,83.47,82.88,83.36,7686347.0
2016-10-07,83.49,83.7,82.64,82.88,8212468.0
2016-10-10,83.13,83.54,82.94,83.12,7365045.0
2016-10-11,82.68,82.79,81.57,82.04,6214416.0
2016-10-12,81.84,82.54,81.82,82.25,3918270.0
2016-10-13,81.65,82.13,81.11,81.87,6800829.0
2016-10-14,82.04,83.19,82.04,82.45,6697683.0
2016-10-17,82.58,82.69,82.04,82.15,8441980.0
2016-10-18,81.5,82.37,81.35,81.58,11673693.0
2016-10-19,81.65,82.87,81.65,82.81,8438274.0
2016-10-20,83.05,83.1,82.17,82.5,6938353.0
2016-10-21,82.02,82.54,81.58,82.35,8024713.0
2016-10-24,83.27,83.59,82.71,83.17,16011194.0
2016-10-25,82.15,82.99,81.7,82.03,15082208.0
2016-10-26,81.62,82.26,81.41,81.75,8739412.0
2016-10-27,81.96,82.27,81.61,81.92,7035340.0
2016-10-28,82.52,83.36,82.11,82.22,10905436.0
2016-10-31,82.44,82.9,82.35,82.51,10008844.0
2016-11-01,82.64,82.69,81.33,81.62,10881403.0
2016-11-02,80.89,81.38,80.52,80.58,9114950.0
2016-11-03,80.75,81.13,80.54,80.65,7540290.0
2016-11-04,80.65,81.24,80.32,80.36,7569349.0
2016-11-07,81.64,82.53,81.45,82.51,7162355.0
2016-11-08,82.39,83.16,82.15,82.82,7116821.0
2016-11-09,81.81,83.3,81.22,83.24,12146716.0
2016-11-10,83.3,83.96,81.41,81.87,17064985.0
2016-11-11,81.59,82.63,81.52,81.88,7356319.0
2016-11-14,82.02,82.22,77.3,78.38,21710396.0
2016-11-15,78.23,79.54,77.79,78.57,18513688.0
2016-11-16,78.79,80.19,78.76,80.08,9940900.0
2016-11-17,80.32,81.2,80.18,81.07,8080911.0
2016-11-18,81.15,81.5,80.53,80.82,7914694.0
2016-11-21,81.23,81.78,80.9,81.69,8857213.0
2016-11-22,81.69,81.69,79.26,79.93,18119146.0
2016-11-23,79.98,79.99,78.95,79.57,12853800.0
2016-11-25,79.99,80.37,79.74,80.13,6495826.0
2016-11-28,79.66,80.01,79.05,79.08,11741815.0
2016-11-29,79.12,79.58,78.95,79.15,8567523.0
2016-11-30,79.45,79.45,77.28,77.32,15322771.0
2016-12-01,77.57,77.62,75.25,75.43,21050396.0
2016-12-02,75.4,76.25,75.17,75.72,13619225.0
2016-12-05,76.63,77.6,76.55,77.31,12118373.0
2016-12-06,77.94,77.97,76.71,77.11,13882293.0
2016-12-07,77.27,79.49,77.25,79.31,13899226.0
2016-12-08,79.68,79.87,78.97,79.28,13297756.0
2016-12-09,79.15,79.93,78.83,79.14,10722753.0
2016-12-12,78.99,79.03,77.91,78.5,11940796.0
2016-12-13,78.81,79.5,78.25,79.2,12840599.0
2016-12-14,79.28,79.98,79.12,79.13,20021138.0
2016-12-15,79.37,80.39,79.13,79.5,14059113.0
2016-12-16,79.22,79.46,78.17,78.35,19139152.0
2016-12-19,78.04,78.6,78.02,78.1,8697649.0
2016-12-20,78.41,78.58,77.69,78.36,6909087.0
2016-12-21,78.48,78.55,77.98,78.14,9329154.0
2016-12-22,78.02,78.06,77.19,77.9,12066259.0
2016-12-23,78.08,78.48,77.9,78.15,6192797.0
2016-12-27,78.27,78.84,78.23,78.35,3770397.0
2016-12-28,78.4,78.65,77.97,78.3,7613059.0
2016-12-29,78.49,78.84,78.3,78.33,6240679.0
2016-12-30,78.43,78.54,77.93,78.02,7127205.0
2017-01-03,78.76,79.91,78.49,79.5,13766621.0
2017-01-04,79.44,80.26,79.36,80.15,8031519.0
2017-01-05,80.34,81.53,80.22,81.09,7779177.0
2017-01-06,81.3,82.49,80.94,82.21,8894194.0
2017-01-09,82.28,82.45,81.65,81.75,7304984.0
2017-01-10,81.7,81.9,81.13,81.31,6016306.0
2017-01-11,81.25,81.8,80.91,81.8,7458646.0
2017-01-12,81.05,81.47,80.51,81.37,6870819.0
2017-01-13,81.02,81.85,80.79,81.17,7291216.0
2017-01-17,80.76,81.49,80.76,81.26,6320960.0
2017-01-18,81.27,81.83,80.98,81.59,8488659.0
2017-01-19,81.79,81.85,81.41,81.73,6478287.0
2017-01-20,82.09,82.28,81.61,81.84,9005135.0
2017-01-23,81.7,82.3,81.5,82.15,7413532.0
2017-01-24,82.4,83.49,81.85,83.23,8392671.0
2017-01-25,83.79,84.27,83.45,83.9,9340687.0
2017-01-26,83.92,83.92,83.07,83.24,8414390.0
2017-01-27,83.32,83.8,82.92,83.77,5439684.0
2017-01-30,83.47,83.74,82.66,83.7,8790770.0
2017-01-31,82.13,83.27,82.1,82.71,7473972.0
2017-02-01,82.9,83.09,82.05,82.44,7530107.0
2017-02-02,82.14,82.69,81.57,82.3,11103024.0
2017-02-03,85.74,86.82,85.11,86.08,28063056.0
2017-02-06,86.07,86.1,85.51,85.83,9654096.0
2017-02-07,85.96,86.35,85.67,85.78,8593978.0
2017-02-08,85.8,85.84,85.08,85.09,7586110.0
2017-02-09,85.37,85.77,84.88,85.58,6554484.0
2017-02-10,85.8,86.14,85.23,85.9,10431298.0
2017-02-13,86.2,86.7,86.0,86.44,6040997.0
2017-02-14,86.52,86.97,86.26,86.85,5934865.0
2017-02-15,87.02,87.54,86.7,87.54,8028997.0
2017-02-16,87.55,87.68,86.79,87.41,8671368.0
2017-02-17,87.27,87.68,86.98,87.46,5887158.0
2017-02-21,87.51,88.04,87.17,87.92,9300744.0
2017-02-22,87.61,88.15,87.51,87.8,8384165.0
2017-02-23,88.23,88.49,87.87,88.18,6040516.0
2017-02-24,87.36,88.43,87.3,88.43,5145346.0
2017-02-27,88.32,88.38,87.91,88.0,6126301.0
2017-02-28,88.16,88.38,87.75,87.94,8565267.0
2017-03-01,88.74,89.14,88.42,88.99,11131340.0
2017-03-02,89.0,89.13,88.1,88.53,10543602.0
2017-03-03,88.31,88.91,88.18,88.79,5707638.0
2017-03-06,88.53,89.27,88.27,88.94,7347642.0
2017-03-07,88.99,89.3,88.85,89.06,5675066.0
2017-03-08,89.17,89.3,88.87,88.96,5862582.0
2017-03-09,89.02,89.5,88.71,89.11,5951179.0
2017-03-10,89.5,89.86,89.1,89.73,12246957.0
2017-03-13,89.8,90.31,89.61,90.11,8869981.0
2017-03-14,89.93,90.03,89.24,89.55,6009750.0
2017-03-15,89.75,90.1,89.41,89.92,6345428.0
2017-03-16,90.31,90.33,89.47,90.04,9173696.0
2017-03-17,90.25,90.63,90.17,90.24,8613277.0
2017-03-20,90.29,92.05,88.96,89.18,9437885.0
2017-03-21,89.49,89.71,88.0,88.06,11083749.0
2017-03-22,87.85,89.03,87.85,88.52,7825088.0
2017-03-23,88.47,89.39,88.42,88.86,7708623.0
2017-03-24,89.06,89.6,88.97,89.19,7597500.0
2017-03-27,88.31,88.99,88.07,88.95,5217838.0
2017-03-28,89.12,89.42,88.49,89.12,7034358.0
2017-03-29,88.99,89.39,88.56,89.18,4737959.0
2017-03-30,89.08,89.09,88.6,89.01,6220662.0
2017-03-31,88.98,89.35,88.87,88.87,6429461.0
2017-04-03,89.14,89.46,88.4,89.36,9125754.0
2017-04-04,89.01,89.33,88.66,88.78,4859942.0
2017-04-05,89.13,90.2,88.95,89.03,7247554.0
2017-04-06,89.0,89.26,88.78,89.09,8467417.0
2017-04-07,88.97,89.24,88.52,88.74,5435849.0
2017-04-10,88.62,89.25,88.52,88.86,5998130.0
2017-04-11,88.6,88.85,88.13,88.85,7058470.0
2017-04-12,88.7,89.21,88.56,88.68,5912433.0
2017-04-13,88.47,89.77,88.43,88.87,7239627.0
2017-04-17,89.09,89.9,88.75,89.81,6119915.0
2017-04-18,89.64,89.92,89.24,89.73,6823343.0
2017-04-19,90.09,90.62,89.6,89.75,7296724.0
2017-04-20,90.14,91.5,89.9,91.15,12087717.0
2017-04-21,92.77,92.8,91.02,91.15,19435365.0
2017-04-24,92.15,92.5,91.01,91.85,11705007.0
2017-04-25,91.99,92.35,91.58,92.11,7760873.0
2017-04-26,92.02,92.48,91.75,91.82,11294431.0
2017-04-27,91.95,92.0,91.28,91.6,5849230.0
2017-04-28,91.39,91.55,90.98,91.22,6887940.0
2017-05-01,91.29,91.67,91.14,91.26,9041879.0
2017-05-02,91.62,92.75,91.53,92.54,11580116.0
2017-05-03,92.4,92.54,91.97,92.44,4908953.0
2017-05-04,92.7,92.85,92.25,92.62,5256981.0
2017-05-05,92.9,92.98,91.76,92.09,8843543.0
2017-05-08,92.05,92.16,91.52,91.92,5223493.0
2017-05-09,91.9,92.14,91.83,92.0,3968942.0
2017-05-10,91.7,92.41,91.68,92.25,6747588.0
2017-05-11,92.12,92.31,91.62,92.1,7052147.0
2017-05-12,92.19,92.78,91.98,92.73,5897227.0
2017-05-15,92.73,93.42,92.72,93.23,6692368.0
2017-05-16,93.35,93.72,92.97,93.15,5495368.0
2017-05-17,92.48,92.76,91.71,91.76,8231411.0
2017-05-18,91.36,92.48,91.36,91.71,8235164.0
2017-05-19,91.98,92.81,91.71,92.48,9361292.0
2017-05-22,92.53,93.6,92.43,93.31,9184856.0
2017-05-23,93.56,94.07,93.47,93.86,7607524.0
2017-05-24,94.02,94.99,94.02,94.81,6907430.0
2017-05-25,95.09,95.38,94.89,95.04,7250609.0
2017-05-26,95.0,95.12,94.39,94.67,4132566.0
2017-05-30,94.66,94.88,94.34,94.72,6286609.0
2017-05-31,95.08,95.53,94.46,95.23,9858359.0
2017-06-01,95.4,95.45,94.61,95.4,8910789.0
2017-06-02,95.41,96.19,95.41,96.15,8570039.0
2017-06-05,96.32,96.59,96.11,96.55,14509506.0
2017-06-06,96.27,96.6,95.56,95.79,7023506.0
2017-06-07,96.03,96.22,95.76,96.09,6714739.0
2017-06-08,95.87,96.12,95.29,96.09,7687629.0
2017-06-09,96.09,96.25,93.71,94.56,16881981.0
2017-06-12,93.69,94.04,92.8,93.5,15604337.0
2017-06-13,94.0,95.34,93.97,95.08,8695905.0
2017-06-14,95.32,96.0,94.95,95.32,6339373.0
2017-06-15,94.44,94.53,93.53,94.17,12788569.0
2017-06-16,94.31,94.44,93.74,94.17,14589200.0
2017-06-19,94.75,94.85,94.25,94.79,5980195.0
2017-06-20,94.79,94.95,94.33,94.38,5626703.0
2017-06-21,94.61,94.77,94.07,94.54,5610572.0
2017-06-22,94.49,94.51,93.87,93.95,5846460.0
2017-06-23,94.16,95.65,93.89,95.58,11632223.0
2017-06-26,95.8,96.26,95.1,95.22,6970017.0
2017-06-27,95.15,95.34,94.63,94.9,6277597.0
2017-06-28,95.15,96.4,94.66,96.23,5569940.0
2017-06-29,95.79,95.79,94.01,94.42,8865653.0
2017-06-30,94.38,94.62,93.78,93.78,9029421.0
2017-07-03,94.38,94.41,93.35,93.35,6197656.0
2017-07-05,93.75,94.4,93.72,94.01,9338399.0
2017-07-06,93.45,93.97,93.19,93.25,8213775.0
2017-07-07,93.5,94.41,93.5,93.92,6175718.0
2017-07-10,94.15,95.37,94.15,95.09,8851817.0
2017-07-11,95.04,95.63,94.93,95.43,2337020.0
2017-07-12,95.97,96.44,95.64,96.23,2037590.0
2017-07-13,96.37,96.65,95.77,95.91,2872255.0
2017-07-14,96.19,97.37,96.12,96.96,2865702.0
2017-07-17,97.08,97.28,96.59,96.83,2962492.0
2017-07-18,96.83,97.75,96.62,97.61,4005797.0
2017-07-19,97.64,98.33,97.55,98.25,6385870.0
2017-07-20,99.02,99.14,97.93,98.47,4040406.0
2017-07-21,99.73,100.49,99.1,99.55,7423501.0
2017-07-24,99.55,100.42,99.14,100.35,4546844.0
2017-07-25,100.66,100.85,99.8,100.0,3056725.0
2017-07-26,100.03,100.99,99.87,100.86,3401123.0
2017-07-27,100.97,101.18,98.55,99.57,10543634.0
2017-07-28,99.12,99.59,98.51,99.18,2847373.0
2017-07-31,99.5,100.0,99.14,99.56,7576607.0
2017-08-01,100.36,101.06,99.96,100.85,2823893.0
2017-08-02,101.0,101.25,100.24,101.21,2275144.0
2017-08-03,100.92,101.1,100.33,100.64,2781641.0
2017-08-04,100.9,101.34,100.62,100.86,2158521.0
2017-08-07,100.93,101.54,100.59,101.46,2273596.0
2017-08-08,101.47,101.72,100.93,101.26,2244161.0
2017-08-09,100.76,101.3,100.6,100.97,6902087.0
2017-08-10,100.54,100.88,99.43,99.49,8559949.0
2017-08-11,99.55,100.3,99.53,100.09,5268177.0
2017-08-14,100.98,102.11,100.75,101.87,5657354.0
2017-08-15,102.36,102.78,101.97,102.63,5385910.0
2017-08-16,102.76,103.93,102.64,103.32,13408135.0
2017-08-17,103.33,103.53,102.16,102.16,7381256.0
2017-08-18,102.08,103.09,101.94,102.51,5669823.0
2017-08-21,102.62,103.35,102.33,103.22,5394932.0
2017-08-22,103.44,104.2,103.14,104.07,5479144.0
2017-08-23,103.77,103.97,102.99,103.18,5057189.0
2017-08-24,103.32,103.5,102.64,103.22,4082193.0
2017-08-25,103.65,103.88,103.16,103.35,4467738.0
2017-08-28,103.65,103.83,103.26,103.78,3919461.0
2017-08-29,102.92,104.07,102.64,103.77,7135312.0
2017-08-30,103.7,104.0,103.52,103.73,8712708.0
2017-08-31,104.06,104.19,103.03,103.52,13765793.0
2017-09-01,104.04,104.08,103.44,103.9,4466772.0
2017-09-05,103.4,103.46,102.26,103.01,6337383.0
2017-09-06,103.34,103.75,103.1,103.18,6372221.0
2017-09-07,103.71,105.44,103.61,104.56,6508516.0
2017-09-08,104.33,104.77,104.06,104.43,5787178.0
2017-09-11,105.48,106.15,105.15,106.15,6954342.0
2017-09-12,106.64,106.64,105.76,106.21,5212136.0
2017-09-13,106.26,106.26,105.24,105.83,6215611.0
2017-09-14,105.5,106.83,105.5,106.08,8153921.0
2017-09-15,105.74,106.14,104.95,105.3,12622407.0
2017-09-18,105.35,105.52,104.62,104.83,7330304.0
2017-09-19,105.13,105.93,104.83,105.41,9754351.0
2017-09-20,105.5,105.77,104.46,104.97,8198294.0
2017-09-21,105.0,105.61,104.65,105.31,4777363.0
2017-09-22,105.21,105.68,105.06,105.56,4959134.0
2017-09-25,105.5,105.65,102.75,103.02,9393618.0
2017-09-26,103.11,104.02,102.88,102.94,6263608.0
2017-09-27,103.07,104.12,102.9,103.89,8337411.0
2017-09-28,103.75,104.98,103.74,104.58,5947446.0
2017-09-29,104.75,105.43,104.69,105.24,7676088.0
2017-10-02,105.54,105.99,105.1,105.44,4885468.0
2017-10-03,105.65,105.9,105.29,105.59,4411062.0
2017-10-04,105.71,105.74,104.9,105.31,4146782.0
2017-10-05,105.6,106.25,105.15,106.24,4396081.0
2017-10-06,106.29,106.96,105.87,106.73,4587001.0
2017-10-09,106.6,107.65,106.54,107.01,4786966.0
2017-10-10,107.58,107.6,106.82,107.31,4015646.0
2017-10-11,107.7,108.59,107.6,108.44,6473099.0
2017-10-12,108.5,108.71,107.9,108.11,6496053.0
2017-10-13,108.5,109.26,108.4,108.66,5154563.0
2017-10-16,108.79,109.05,107.16,108.3,5552165.0
2017-10-17,108.25,108.42,107.3,107.54,5979405.0
2017-10-18,107.62,108.0,107.46,107.8,4817276.0
2017-10-19,107.27,107.78,106.9,107.02,10840248.0
2017-10-20,107.7,107.7,106.97,107.55,7848922.0
2017-10-23,108.05,108.23,107.1,107.53,6316736.0
2017-10-24,107.56,108.64,107.18,108.41,10511238.0
2017-10-25,109.41,110.61,108.0,109.49,13261308.0
2017-10-26,110.38,110.74,109.67,109.8,7380110.0
2017-10-27,110.07,110.13,108.69,109.71,7862681.0
2017-10-30,109.67,110.24,108.92,110.04,5148598.0
2017-10-31,110.58,110.69,108.66,109.98,8002479.0
2017-11-01,110.5,111.4,110.42,111.07,6167261.0
2017-11-02,111.02,111.37,110.2,110.98,5506607.0
2017-11-03,110.94,111.42,110.51,111.36,3758386.0
2017-11-06,111.36,112.15,111.2,111.92,4094744.0
2017-11-07,112.25,112.47,111.56,112.09,3697908.0
2017-11-08,112.01,112.91,111.82,112.47,4418427.0
2017-11-09,111.8,112.22,110.93,112.14,4334707.0
2017-11-10,111.71,111.98,111.28,111.88,4198857.0
2017-11-13,111.55,111.86,111.33,111.4,7185634.0
2017-11-14,111.08,112.04,110.81,111.98,5679647.0
2017-11-15,111.34,111.87,110.14,110.25,6895082.0
2017-11-16,110.75,111.44,110.57,111.02,5655121.0
2017-11-17,110.69,110.91,109.7,109.82,8812373.0
2017-11-20,109.95,110.68,109.69,109.95,6873218.0
2017-11-21,110.45,111.49,110.3,111.45,6456517.0
2017-11-22,111.5,111.66,110.7,110.82,4067864.0
2017-11-24,111.31,112.16,111.14,111.97,3045750.0
2017-11-27,112.0,112.54,111.91,112.38,6620490.0
2017-11-28,112.6,113.61,112.56,113.36,6671272.0
2017-11-29,113.62,113.62,106.9,109.86,14505432.0
2017-11-30,110.5,112.59,110.03,112.59,18533344.0
2017-12-01,112.38,112.44,109.76,110.73,13101791.0
2017-12-04,111.33,111.45,106.97,107.43,18909077.0
2017-12-05,107.54,109.24,106.6,108.58,12081503.0
2017-12-06,108.49,110.17,108.26,109.74,7532053.0
2017-12-07,109.77,111.41,109.45,111.4,7384855.0
2017-12-08,112.13,112.61,111.82,112.6,7594900.0
2017-12-11,112.5,113.35,112.16,112.37,7538608.0
2017-12-12,112.37,113.73,112.0,113.46,8754436.0
2017-12-13,113.75,114.37,113.19,113.31,8088922.0
2017-12-14,113.55,114.09,112.92,112.92,9815572.0
2017-12-15,113.97,114.2,112.39,113.82,16387998.0
2017-12-18,114.69,114.75,113.25,113.55,8961777.0
2017-12-19,113.28,113.28,112.08,112.14,7899423.0
2017-12-20,112.72,113.1,111.99,112.12,6201850.0
2017-12-21,112.6,113.1,112.32,112.41,8866354.0
2017-12-22,112.39,113.11,112.25,112.69,6190062.0
2017-12-26,112.07,113.44,112.07,112.99,3948877.0
2017-12-27,112.69,114.07,112.65,114.02,7073082.0
2017-12-28,114.3,114.92,113.99,114.35,6937066.0
2017-12-29,114.75,114.89,114.02,114.02,5248976.0
2018-01-02,114.57,115.08,113.95,114.51,6080894.0
2018-01-03,114.95,115.79,114.66,115.65,6946106.0
2018-01-04,116.25,117.36,116.03,116.08,7805278.0
2018-01-05,116.99,119.0,116.42,118.86,8590495.0
2018-01-08,118.61,120.48,118.07,119.34,6660722.0
2018-01-09,119.97,119.97,118.66,119.11,6562409.0
2018-01-10,118.69,119.05,117.46,118.98,7490349.0
2018-01-11,118.8,119.98,118.68,119.84,5982149.0
2018-01-12,120.12,120.35,119.71,120.09,5585787.0
2018-01-16,121.18,121.94,119.91,120.39,8803789.0
2018-01-17,121.2,122.16,120.73,121.98,7991512.0
2018-01-18,122.52,123.19,122.03,123.11,8660985.0
2018-01-19,123.05,123.65,121.92,122.7,8250687.0
2018-01-22,122.87,124.33,122.4,124.33,9355047.0
2018-01-23,124.6,125.51,124.21,124.65,5683320.0
2018-01-24,125.05,125.45,123.71,124.55,6425224.0
2018-01-25,125.0,125.47,124.63,125.22,7166403.0
2018-01-26,125.77,126.38,124.76,126.32,5604949.0
2018-01-29,126.74,126.88,124.69,124.84,6257887.0
2018-01-30,123.82,124.29,122.84,123.55,8154371.0
2018-01-31,123.78,124.48,123.04,124.23,7338184.0
2018-02-01,124.74,126.26,124.1,125.72,11169657.0
2018-02-02,123.72,123.72,120.7,120.91,13937710.0
2018-02-05,118.7,121.13,115.01,116.27,16623914.0
2018-02-06,115.2,120.3,113.25,119.97,19053339.0
2018-02-07,120.09,122.46,119.21,119.65,9293996.0
2018-02-08,119.53,119.82,113.54,113.86,12673416.0
2018-02-09,114.55,117.21,111.02,116.32,17695515.0
2018-02-12,117.79,118.84,116.88,118.47,11526322.0
2018-02-13,117.85,118.8,117.13,118.35,7803914.0
2018-02-14,117.62,120.95,117.5,120.83,9206447.0
2018-02-15,121.7,122.31,119.97,122.28,6921256.0
2018-02-16,121.63,122.99,121.57,121.85,6371435.0
2018-02-20,121.35,123.05,121.02,122.01,6182797.0
2018-02-21,122.05,122.83,120.41,120.43,7676065.0
2018-02-22,120.67,121.38,119.62,120.38,4993959.0
2018-02-23,121.57,122.96,121.22,122.93,5036876.0
2018-02-26,123.58,124.6,123.32,124.59,6270475.0
2018-02-27,124.7,125.3,123.35,123.37,7287215.0
2018-02-28,123.65,124.98,122.88,122.94,6780867.0
2018-03-01,123.26,124.0,119.62,120.4,8819616.0
2018-03-02,119.09,120.98,117.86,120.77,7581920.0
2018-03-05,120.45,122.31,119.44,121.88,5810235.0
2018-03-06,122.83,123.24,120.67,121.06,7464417.0
2018-03-07,120.03,122.24,119.7,121.85,7254084.0
2018-03-08,121.96,122.82,121.17,122.22,6948887.0
2018-03-09,123.25,124.79,122.87,124.51,6397723.0
2018-03-12,124.75,124.98,123.48,124.24,8635974.0
2018-03-13,124.25,125.0,122.9,123.2,9479456.0
2018-03-14,124.04,124.04,121.9,122.58,7854962.0
2018-03-15,123.13,124.42,122.7,123.41,5861935.0
2018-03-16,123.85,125.05,123.33,124.53,9447131.0
2018-03-19,123.94,124.31,122.28,123.21,17387751.0
2018-03-20,123.38,125.17,123.3,124.91,7779656.0
2018-03-21,124.9,125.44,123.07,123.22,7359545.0
2018-03-22,122.2,122.68,119.7,119.99,10501470.0
2018-03-23,119.89,120.73,116.76,117.0,10024268.0
2018-03-26,119.09,120.74,117.8,120.64,8735438.0
2018-03-27,121.52,121.6,116.74,117.4,9008647.0
2018-03-28,116.93,118.07,116.03,116.99,9420430.0
2018-03-29,117.68,120.59,117.04,119.62,12918073.0
2018-04-02,119.27,119.83,116.76,118.39,9876997.0
2018-04-03,118.89,119.99,117.49,119.2,7084805.0
2018-04-04,116.9,120.12,116.71,119.81,8425714.0
2018-04-05,121.0,122.01,120.37,121.19,6815997.0
2018-04-06,120.18,120.56,117.12,117.7,8383796.0
2018-04-09,118.63,120.67,118.63,118.79,7024815.0
2018-04-10,120.56,121.16,119.64,120.72,9006074.0
2018-04-11,119.99,121.66,119.62,119.78,5874943.0
2018-04-12,120.4,121.98,120.39,121.07,5666005.0
2018-04-13,121.73,122.47,120.65,120.75,9174257.0
2018-04-16,122.11,122.87,121.51,121.88,6903235.0
2018-04-17,122.91,124.26,122.52,123.8,5979617.0
2018-04-18,124.06,124.87,123.38,124.48,5171047.0
2018-04-19,124.31,124.72,123.15,123.96,7294128.0
2018-04-20,124.06,124.82,123.31,124.2,7479439.0
2018-04-23,124.3,124.97,123.9,124.46,8004330.0
2018-04-24,124.87,125.04,120.55,121.27,9434388.0
2018-04-25,121.14,121.35,119.37,121.21,8001229.0
2018-04-26,125.14,127.59,123.78,127.08,14345791.0
2018-04-27,126.44,127.06,125.39,126.01,6842673.0
2018-04-30,126.74,127.9,126.66,126.88,8449212.0
2018-05-01,126.86,127.57,125.51,127.51,6407333.0
2018-05-02,127.88,128.1,126.0,126.38,8515290.0
2018-05-03,125.81,127.46,125.32,127.18,6778649.0
2018-05-04,126.33,128.36,126.07,128.16,5798380.0
2018-05-07,128.4,129.52,128.25,129.26,5737264.0
2018-05-08,129.14,129.97,128.31,129.9,5044721.0
2018-05-09,130.01,131.0,129.59,130.84,6119401.0
2018-05-10,131.29,131.75,130.72,131.0,6585753.0
2018-05-11,131.0,132.09,130.23,131.82,5437124.0
2018-05-14,132.43,132.5,130.67,131.21,5017015.0
2018-05-15,130.56,131.4,129.9,131.1,5532295.0
2018-05-16,131.09,131.4,130.54,130.89,5124193.0
2018-05-17,130.58,130.8,129.61,129.93,4911730.0
2018-05-18,129.62,130.34,129.07,129.93,6082685.0
2018-05-21,130.95,131.51,129.99,130.66,5591804.0
2018-05-22,131.0,131.78,130.5,130.71,6645481.0
2018-05-23,130.06,131.91,129.8,131.88,6569116.0
2018-05-24,131.82,132.21,130.5,131.89,6035241.0
2018-05-25,131.88,132.1,130.93,131.28,7509647.0
2018-05-29,130.39,131.05,129.06,129.69,10401923.0
2018-05-30,130.2,131.1,129.87,130.64,10631269.0
2018-05-31,130.65,131.58,129.98,130.72,11085956.0
2018-06-01,131.84,132.51,130.36,130.85,8323370.0
2018-06-04,131.94,133.57,131.43,133.07,7177958.0
2018-06-05,133.38,133.62,132.7,133.56,6198152.0
2018-06-06,134.0,136.31,133.61,136.28,8065764.0
2018-06-07,136.36,136.58,133.05,133.84,8309178.0
2018-06-08,133.44,134.91,133.23,134.74,5260976.0
2018-06-11,134.9,135.19,133.81,133.91,7988703.0
2018-06-12,134.04,135.13,133.54,134.86,5743302.0
2018-06-13,135.18,135.77,134.31,134.4,4881581.0
2018-06-14,134.96,135.7,134.75,135.0,6464068.0
2018-06-15,135.1,135.73,134.0,135.1,10044514.0
2018-06-18,134.37,136.31,134.12,136.2,8713298.0
2018-06-19,134.56,135.24,133.57,135.11,6557632.0
2018-06-20,135.52,136.69,135.5,135.5,7191977.0
2018-06-21,135.27,136.12,134.26,134.53,8689806.0
2018-06-22,135.6,135.85,134.26,135.33,6173350.0
2018-06-25,134.91,134.91,129.53,130.93,10086236.0
2018-06-26,132.11,133.79,131.61,132.55,7733865.0
2018-06-27,133.01,133.66,131.01,131.02,7282062.0
2018-06-28,131.0,133.12,130.65,132.74,6576536.0
2018-06-29,133.28,134.19,132.45,132.45,7258961.0
2018-07-02,131.96,133.05,131.15,132.5,7554385.0
2018-07-03,133.01,133.41,131.42,131.45,3621640.0
2018-07-05,132.13,133.33,131.83,133.29,4729298.0
2018-07-06,133.58,134.28,132.5,134.09,4839785.0
2018-07-09,134.94,135.97,134.79,135.52,8960741.0
2018-07-10,135.57,137.33,135.34,136.69,6561867.0
2018-07-11,136.63,138.81,136.6,138.15,10648707.0
2018-07-12,139.01,139.95,138.66,139.9,11816114.0
2018-07-13,139.79,140.03,137.54,139.42,7866197.0
2018-07-16,139.42,139.55,138.16,138.46,4970287.0
2018-07-17,138.18,139.91,137.42,139.64,5412609.0
2018-07-18,139.91,141.17,139.37,140.9,7008550.0
2018-07-19,140.95,140.99,139.93,140.13,7937007.0
2018-07-20,140.0,141.47,139.92,140.99,7156679.0
2018-07-23,140.66,140.97,139.64,140.03,7723617.0
2018-07-24,140.99,141.47,139.51,140.03,8336698.0
2018-07-25,140.34,142.77,139.9,142.64,8386662.0
2018-07-26,141.61,142.79,139.53,142.5,10520800.0
2018-07-27,143.08,143.14,139.21,140.71,7015207.0
2018-07-30,140.13,140.42,135.31,136.48,12812351.0
2018-07-31,137.13,138.02,135.63,136.74,7683341.0
2018-08-01,137.74,138.74,137.41,138.25,7087731.0
2018-08-02,137.45,139.19,137.0,138.92,12300023.0
2018-08-03,139.29,139.86,137.94,139.82,4617813.0
2018-08-06,139.65,140.26,139.05,139.71,5143228.0
2018-08-07,139.98,140.69,139.87,140.28,10034524.0
2018-08-08,139.98,140.99,139.83,140.68,5389491.0
2018-08-09,140.73,141.24,139.9,140.01,5679260.0
2018-08-10,139.88,140.74,139.25,139.73,6523759.0
2018-08-13,140.53,141.24,139.83,140.21,4817496.0
2018-08-14,140.3,140.99,139.88,140.76,5888925.0
2018-08-15,140.35,140.69,138.84,139.92,5288739.0
2018-08-16,141.07,141.49,140.42,140.65,5931651.0
2018-08-17,140.78,141.71,140.57,141.33,7699607.0
2018-08-20,141.54,141.6,140.7,140.94,4662168.0
2018-08-21,141.0,141.46,139.8,140.04,6854347.0
2018-08-22,139.85,141.53,139.85,141.14,4191949.0
2018-08-23,141.01,142.44,140.77,142.1,4427093.0
2018-08-24,142.32,144.38,142.32,144.2,5714023.0
2018-08-27,144.99,145.6,144.71,145.4,7194938.0
2018-08-28,145.63,146.17,144.87,145.2,4926041.0
2018-08-29,145.46,147.3,145.42,147.03,5192935.0
2018-08-30,146.82,147.71,146.36,146.74,7804963.0
2018-08-31,146.74,147.64,146.5,146.89,5786569.0
2018-09-04,146.93,147.86,146.67,147.8,7638091.0
2018-09-05,147.0,147.82,142.55,142.67,11363391.0
2018-09-06,143.29,144.7,142.54,144.5,9589246.0
2018-09-07,143.99,144.44,142.75,143.2,13626619.0
2018-09-10,144.13,144.44,143.21,144.08,5362694.0
2018-09-11,143.46,145.52,143.25,145.49,9896017.0
2018-09-12,145.85,146.8,145.07,146.57,6964135.0
2018-09-13,147.15,148.07,147.09,147.63,5803447.0
2018-09-14,147.91,148.37,147.35,147.84,4928283.0
2018-09-17,147.83,147.9,145.83,146.18,7708643.0
2018-09-18,146.2,148.09,145.95,147.63,5692208.0
2018-09-19,148.28,148.82,147.25,147.42,7432335.0
2018-09-20,147.99,149.49,147.2,149.24,7172740.0
2018-09-21,149.95,150.26,149.35,150.05,15628076.0
2018-09-24,149.16,149.65,147.27,149.11,6706692.0
2018-09-25,149.71,149.96,149.1,149.58,4230860.0
2018-09-26,150.0,150.42,149.04,149.27,5852463.0
2018-09-27,149.9,150.64,149.56,150.02,5868620.0
2018-09-28,149.81,150.37,149.55,150.09,6035936.0
2018-10-01,150.89,151.56,150.61,150.79,9802691.0
2018-10-02,150.84,150.84,149.17,149.67,8047706.0
2018-10-03,150.71,150.71,149.19,149.37,7521101.0
2018-10-04,149.18,149.28,146.1,146.76,9208887.0
2018-10-05,146.64,147.41,144.4,145.36,7085718.0
2018-10-08,145.01,145.01,140.18,141.89,11637314.0
2018-10-09,141.46,143.29,141.12,142.31,10798415.0
2018-10-10,142.57,142.69,135.21,135.52,15450086.0
2018-10-11,134.09,137.24,132.26,133.73,15657170.0
2018-10-12,138.48,140.98,137.43,140.06,12993257.0
2018-10-15,139.9,140.06,137.22,137.23,7953001.0
2018-10-16,138.71,142.14,138.68,141.74,11059518.0
2018-10-17,142.34,142.86,140.73,142.45,9170646.0
2018-10-18,142.46,142.46,137.95,139.29,10222553.0
2018-10-19,139.9,142.19,139.38,140.08,8696873.0
2018-10-22,140.97,141.54,139.51,140.64,6099509.0
2018-10-23,136.89,140.04,135.59,139.12,10736088.0
2018-10-24,139.7,140.18,134.0,134.26,13849587.0
2018-10-25,135.45,140.9,132.5,140.52,14985905.0
2018-10-26,137.98,139.87,136.06,137.74,12034937.0
2018-10-29,139.61,141.51,132.27,134.33,12768190.0
2018-10-30,133.08,134.86,129.79,132.76,15107555.0
2018-10-31,134.99,139.12,134.99,137.85,13205283.0
2018-11-01,139.0,140.87,137.49,140.83,16023953.0
2018-11-02,141.11,141.45,137.85,139.78,17063121.0
2018-11-05,139.8,140.21,138.07,139.8,6280034.0
2018-11-06,139.8,140.91,139.72,140.79,4732703.0
2018-11-07,142.34,144.9,142.32,144.78,20502121.0
2018-11-08,144.6,145.46,143.65,145.23,5927356.0
2018-11-09,144.2,144.57,142.36,143.93,8339828.0
2018-11-12,143.42,143.64,139.17,139.72,11335081.0
2018-11-13,140.35,141.9,139.01,139.72,6286973.0
2018-11-14,142.02,142.6,138.41,139.49,6613922.0
2018-11-15,138.85,141.91,137.93,141.84,8564991.0
2018-11-16,140.42,141.84,139.92,140.18,8628027.0
2018-11-19,140.47,140.57,134.25,134.76,16252967.0
2018-11-20,130.31,134.53,129.54,133.37,12720172.0
2018-11-21,134.36,135.78,133.63,134.42,7416670.0
2018-11-23,132.59,134.25,132.49,132.87,3676032.0
2018-11-26,134.6,136.52,134.25,135.94,9144597.0
2018-11-27,135.28,136.31,134.12,135.91,7877868.0
2018-11-28,137.07,141.54,136.87,141.38,11265076.0
2018-11-29,140.69,140.7,138.71,139.1,8751920.0
2018-11-30,139.01,142.26,138.63,141.71,11362793.0
2018-12-03,145.0,145.72,143.85,145.0,11283568.0
2018-12-04,143.13,144.35,138.5,138.64,13988900.0
2018-12-06,135.04,141.11,133.48,141.05,16391896.0
2018-12-07,140.82,142.13,135.99,137.11,14007711.0
2018-12-10,136.25,138.27,134.86,137.88,15744294.0
2018-12-11,139.94,140.05,135.92,136.81,12466320.0
2018-12-12,139.3,140.88,137.75,137.8,10387198.0
2018-12-13,138.3,139.13,136.15,137.54,8780914.0
2018-12-14,135.69,136.72,134.55,135.09,9351186.0
2018-12-17,134.21,134.43,130.69,131.4,11796196.0
2018-12-18,132.29,134.17,131.8,132.66,12762333.0
2018-12-19,132.93,135.87,129.52,131.26,13819008.0
2018-12-20,130.16,132.01,127.15,128.76,18091669.0
2018-12-21,127.18,130.33,122.95,124.26,25448609.0
2018-12-24,122.08,125.21,121.6,121.73,8617681.0
2018-12-26,123.02,130.24,123.0,130.23,13499510.0
2018-12-27,127.99,132.01,126.52,132.01,10882979.0
2018-12-28,133.08,133.62,129.66,130.94,7381742.0
2018-12-31,131.68,132.44,130.23,131.94,7976007.0
2019-01-02,130.0,133.74,129.6,132.92,8788010.0
2019-01-03,131.21,131.28,127.88,128.13,9428280.0
2019-01-04,130.44,134.59,130.13,133.65,11065782.0
2019-01-07,134.45,137.17,134.04,136.06,12928362.0
2019-01-08,137.97,138.19,135.96,136.8,9243043.0
2019-01-09,138.3,139.48,137.62,138.41,9987569.0
2019-01-10,136.81,138.82,136.36,138.67,12514916.0
2019-01-11,137.75,138.6,137.41,138.06,5860051.0
2019-01-14,136.99,138.13,136.65,137.1,8666670.0
2019-01-15,136.96,137.72,135.25,137.34,7594993.0
2019-01-16,138.4,138.87,137.07,137.34,7257982.0
2019-01-17,136.97,137.91,136.59,137.28,5864878.0
2019-01-18,138.31,138.6,136.64,138.5,10263458.0
2019-01-22,137.9,139.52,136.97,138.05,8102321.0
2019-01-23,138.77,138.98,136.15,137.01,5465773.0
2019-01-24,137.11,138.32,136.52,137.7,4925199.0
2019-01-25,139.0,139.9,137.97,138.67,9759451.0
2019-01-28,137.51,137.51,134.81,135.99,9857213.0
2019-01-29,136.59,136.69,134.11,135.0,7457711.0
2019-01-30,136.1,137.9,135.51,137.6,8078091.0
2019-01-31,134.39,135.73,133.3,135.01,20095659.0
2019-02-01,135.39,140.35,135.26,140.15,13248305.0
2019-02-04,139.79,141.52,139.18,141.5,11882736.0
2019-02-05,142.0,142.94,141.83,142.53,8455658.0
2019-02-06,141.96,142.42,141.05,141.49,6146859.0
2019-02-07,139.92,141.06,139.21,140.17,10675712.0
2019-02-08,138.69,140.4,138.52,140.38,5950895.0
2019-02-11,141.26,142.29,140.45,140.8,7600100.0
2019-02-12,141.79,142.8,141.25,141.99,6090351.0
2019-02-13,142.89,144.7,142.87,143.49,6885550.0
2019-02-14,142.98,143.48,142.4,143.16,6314035.0
2019-02-15,144.55,144.91,143.82,144.91,6536038.0
2019-02-19,144.42,144.88,144.02,144.44,8406948.0
2019-02-20,144.35,144.84,143.52,144.73,5283077.0
2019-02-21,144.35,145.03,143.18,144.0,8573402.0
2019-02-22,144.42,146.28,144.42,145.87,9681136.0
2019-02-25,146.91,147.2,145.81,146.06,9731222.0
2019-02-26,145.2,147.4,145.02,147.04,7332555.0
2019-02-27,146.5,147.49,145.92,147.22,9731198.0
2019-02-28,147.26,148.82,147.23,148.12,6250470.0
2019-03-01,149.46,149.93,148.38,149.47,7016918.0
2019-03-04,150.07,150.19,146.95,147.96,6979679.0
2019-03-05,148.0,149.29,147.83,147.95,9678771.0
2019-03-06,148.0,148.52,147.42,147.81,8186390.0
2019-03-07,147.26,147.81,146.04,146.83,8761650.0
2019-03-08,145.44,147.48,144.5,147.35,5168083.0
2019-03-11,148.11,150.97,148.02,150.67,9361495.0
2019-03-12,151.0,153.14,150.87,151.73,9465366.0
2019-03-13,152.3,154.04,152.04,152.47,8308885.0
2019-03-14,152.56,154.69,152.3,154.2,9364876.0
2019-03-15,153.72,156.82,153.36,155.46,20162038.0
2019-03-18,155.92,156.41,154.42,154.96,9689378.0
2019-03-19,155.95,155.95,154.14,154.59,9236084.0
2019-03-20,154.34,154.87,152.71,153.75,6391356.0
2019-03-21,153.32,156.68,153.31,155.8,7027220.0
2019-03-22,154.99,155.68,152.85,153.07,8120155.0
2019-03-25,152.36,154.06,151.54,153.03,7568185.0
2019-03-26,153.77,155.6,153.77,155.3,15594356.0
2019-03-27,155.47,155.86,153.36,154.22,12253759.0
2019-03-28,154.93,155.08,153.61,154.67,16902229.0
2019-03-29,155.73,156.29,154.93,156.19,12164689.0
2019-04-01,157.53,157.73,156.55,157.26,6420179.0
2019-04-02,157.66,158.15,156.75,157.78,6215113.0
2019-04-03,158.55,159.11,157.85,158.46,8211733.0
2019-04-04,158.53,158.69,156.53,157.64,5100237.0
2019-04-05,158.0,158.63,157.23,157.65,4178703.0
2019-04-08,157.55,157.85,156.32,157.75,5604889.0
2019-04-09,156.56,157.99,156.47,157.49,6364467.0
2019-04-10,157.99,158.78,157.52,158.56,3918581.0
2019-04-11,159.11,159.3,157.44,157.86,5771697.0
2019-04-12,158.71,159.64,157.86,159.64,6745080.0
2019-04-15,159.83,160.48,159.19,160.44,8143172.0
2019-04-16,161.04,161.1,159.55,160.23,6021579.0
2019-04-17,160.87,161.07,160.31,160.44,4609445.0
2019-04-18,160.93,161.1,159.0,160.16,7859406.0
2019-04-22,159.2,160.48,159.07,160.4,4602806.0
2019-04-23,161.0,161.88,159.87,161.66,6522901.0
2019-04-24,161.75,162.03,160.65,161.49,7376521.0
2019-04-25,160.52,161.6,158.55,161.02,8862480.0
2019-04-26,161.26,163.03,160.4,162.93,7525392.0
2019-04-29,163.21,164.5,163.1,164.15,10003563.0
2019-04-30,164.98,165.7,163.92,164.43,6432714.0
2019-05-01,165.54,165.74,162.75,162.79,5248092.0
2019-05-02,162.1,163.08,160.43,161.12,6054926.0
2019-05-03,162.3,162.74,161.18,162.04,4317836.0
2019-05-06,158.21,162.65,158.2,162.28,10442357.0
2019-05-07,160.95,161.78,158.68,160.21,6413553.0
2019-05-08,159.77,161.7,159.52,160.76,5445899.0
2019-05-09,158.86,159.85,157.17,159.81,6813880.0
2019-05-10,158.86,161.4,157.27,160.71,5192495.0
2019-05-13,157.19,158.72,156.42,157.33,9729964.0
2019-05-14,158.1,161.52,157.94,160.21,9756655.0
2019-05-15,159.32,163.16,159.1,162.79,7547009.0
2019-05-16,163.45,165.6,162.86,164.87,9745459.0
2019-05-17,163.29,165.2,163.2,164.09,4582485.0
2019-05-20,163.35,164.74,162.33,163.47,4747352.0
2019-05-21,164.58,164.86,163.19,163.86,9095674.0
2019-05-22,163.6,165.63,163.45,164.24,5416382.0
2019-05-23,163.5,164.25,160.82,161.51,6137978.0
2019-05-24,162.75,163.41,161.72,162.64,4105718.0
2019-05-28,163.4,165.77,163.33,163.71,10202735.0
2019-05-29,163.3,163.5,161.48,162.73,6456044.0
2019-05-30,162.8,163.5,161.94,162.76,4750610.0
2019-05-31,160.91,162.13,160.56,161.33,5079016.0
2019-06-03,161.54,162.83,156.75,158.6,8034590.0
2019-06-04,160.29,162.37,158.65,162.33,6684794.0
2019-06-05,163.5,165.4,162.69,165.39,7769282.0
2019-06-06,165.88,167.4,164.94,166.92,13738473.0
2019-06-07,168.0,171.61,167.8,170.05,10529165.0
2019-06-10,171.84,172.02,170.51,170.82,7565924.0
2019-06-11,171.95,172.18,168.42,170.31,6083065.0
2019-06-12,170.38,171.62,169.7,171.59,6772048.0
2019-06-13,172.14,172.2,168.72,169.35,6901436.0
2019-06-14,169.77,170.64,168.84,169.66,4999905.0
2019-06-17,169.73,170.42,169.03,169.56,6410155.0
2019-06-18,170.65,170.67,167.55,169.28,6969300.0
2019-06-19,169.39,171.2,169.21,170.69,6323865.0
2019-06-20,172.51,173.94,171.75,173.74,11474071.0
2019-06-21,173.27,174.81,173.16,173.44,11728247.0
2019-06-24,174.6,174.73,172.72,173.85,5554877.0
2019-06-25,174.81,174.94,170.59,171.28,9899898.0
2019-06-26,171.39,172.39,170.82,171.06,7129946.0
2019-06-27,172.12,172.4,170.32,171.23,5873376.0
2019-06-28,171.96,173.55,170.52,173.55,8442697.0
2019-07-01,175.33,175.54,172.74,173.94,6121956.0
2019-07-02,174.1,175.32,173.3,175.28,5239069.0
2019-07-03,176.0,176.99,175.72,176.87,4066632.0
2019-07-05,175.86,177.03,174.51,176.66,5840638.0
2019-07-08,176.3,176.61,175.4,176.19,6720284.0
2019-07-09,175.43,177.89,175.3,177.73,4894250.0
2019-07-10,178.58,180.26,178.58,179.31,5110955.0
2019-07-11,180.12,180.94,179.46,180.74,6986642.0
2019-07-12,181.35,181.35,178.92,180.33,7196717.0
2019-07-15,180.56,181.07,179.94,180.57,4490576.0
2019-07-16,180.37,180.88,178.73,179.31,6800162.0
2019-07-17,179.56,180.21,179.01,179.15,3994229.0
2019-07-18,178.63,180.62,178.58,180.53,4738512.0
2019-07-19,181.84,181.84,179.14,179.24,5327073.0
2019-07-22,179.64,180.98,179.14,180.57,4864405.0
2019-07-23,180.89,181.27,179.06,180.9,7192989.0
2019-07-24,180.79,183.43,179.25,183.33,8169268.0
2019-07-25,183.87,183.99,181.3,181.59,6085782.0
2019-07-26,182.41,183.82,182.21,183.69,5056545.0
2019-07-29,183.89,184.07,182.73,183.21,4621839.0
2019-07-30,182.54,183.38,181.27,181.53,5236595.0
2019-07-31,181.79,182.05,176.06,178.0,7981222.0
2019-08-01,179.19,182.4,178.17,179.17,8417340.0
2019-08-02,178.0,178.27,174.69,177.42,8264575.0
2019-08-05,172.01,173.5,166.98,168.86,16858343.0
2019-08-06,171.79,172.95,170.13,172.48,10281292.0
2019-08-07,171.5,175.73,170.34,175.32,8292806.0
2019-08-08,177.46,179.95,176.57,179.9,7602826.0
2019-08-09,179.67,180.1,177.85,179.05,5373665.0
2019-08-12,177.44,178.65,175.6,176.34,7394391.0
2019-08-13,174.39,178.92,174.21,178.61,6786004.0
2019-08-14,176.24,177.25,173.16,173.51,7293455.0
2019-08-15,174.26,177.02,173.52,176.27,6698028.0
2019-08-16,178.0,178.75,177.2,178.23,8312221.0
2019-08-19,180.42,180.42,178.12,179.74,5285814.0
2019-08-20,179.43,180.63,178.49,179.24,3794064.0
2019-08-21,180.69,181.69,180.24,180.94,3696519.0
2019-08-22,181.95,182.33,178.61,180.09,6660275.0
2019-08-23,179.55,180.5,174.24,175.23,7053554.0
2019-08-26,176.41,177.67,175.35,177.59,7755205.0
2019-08-27,178.32,179.19,176.94,178.38,4024304.0
2019-08-28,176.99,178.99,176.03,178.67,4409264.0
2019-08-29,180.4,181.39,179.31,181.17,4679395.0
2019-08-30,181.99,182.18,179.67,180.82,4061275.0
2019-09-03,180.52,181.25,179.1,179.2,4644378.0
2019-09-04,180.9,182.2,180.05,181.77,4168909.0
2019-09-05,183.73,185.68,183.38,184.73,6387278.0
2019-09-06,184.74,186.71,184.55,185.74,7990936.0
2019-09-09,186.92,187.05,179.51,181.55,7290516.0
2019-09-10,179.41,179.7,173.81,176.35,15255201.0
2019-09-11,177.4,177.93,174.45,174.98,9113604.0
2019-09-12,176.85,179.41,176.68,177.98,7748794.0
2019-09-13,178.65,178.77,176.02,177.27,6103245.0
2019-09-16,176.17,177.2,175.51,176.11,4253607.0
2019-09-17,176.83,178.26,175.04,176.45,5940308.0
2019-09-18,177.09,177.18,172.83,175.29,9758746.0
2019-09-19,176.2,177.41,175.61,175.96,7029109.0
2019-09-20,177.4,177.63,173.95,174.06,12935736.0
2019-09-23,172.9,175.25,172.79,174.91,8837886.0
2019-09-24,176.11,177.2,173.4,174.48,10428262.0
2019-09-25,173.8,175.67,172.39,175.28,7828568.0
2019-09-26,175.65,176.45,174.61,175.65,10428122.0
2019-09-27,176.7,176.83,172.36,174.0,9307300.0
2019-09-30,174.17,175.45,172.01,172.01,16609023.0
2019-10-01,173.02,174.82,172.82,174.29,8224567.0
2019-10-02,172.64,172.94,168.59,169.83,10721761.0
2019-10-03,169.91,173.14,168.63,172.87,7346733.0
2019-10-04,174.68,176.52,174.44,175.98,6124333.0
2019-10-07,174.66,175.69,173.8,174.9,5295449.0
2019-10-08,173.57,174.64,171.88,172.42,5496853.0
2019-10-09,174.11,175.99,173.64,174.88,6343617.0
2019-10-10,173.89,175.9,173.59,174.88,4850389.0
2019-10-11,176.87,179.2,176.85,177.06,8950605.0
2019-10-14,177.38,178.41,177.11,177.36,7263803.0
2019-10-15,178.13,179.43,177.55,178.75,4445673.0
2019-10-16,177.92,178.26,176.27,177.87,6521596.0
2019-10-17,178.89,179.19,177.5,177.94,4910081.0
2019-10-18,177.9,178.2,174.55,175.71,6312056.0
2019-10-21,176.0,176.73,174.61,176.43,4927422.0
2019-10-22,177.0,177.79,170.78,170.86,10184699.0
2019-10-23,170.99,172.17,170.18,171.32,7165408.0
2019-10-24,173.42,176.87,173.4,176.16,8126875.0
2019-10-25,174.93,179.15,173.5,177.85,10130120.0
2019-10-28,178.93,180.18,178.35,179.84,10086503.0
2019-10-29,179.8,180.0,177.37,177.63,7572843.0
2019-10-30,177.79,179.42,176.39,179.25,5374780.0
2019-10-31,179.25,179.7,178.01,178.86,6830810.0
2019-11-01,180.13,181.32,179.56,180.93,7000179.0
2019-11-04,182.08,182.4,178.81,178.95,7154752.0
2019-11-05,179.07,179.56,175.18,176.37,7447455.0
2019-11-06,176.37,178.19,176.14,176.77,6992475.0
2019-11-07,177.35,180.65,176.85,178.43,7227171.0
2019-11-08,178.38,179.45,177.8,178.97,3894840.0
2019-11-11,178.5,180.36,178.2,179.54,3617682.0
2019-11-12,179.94,181.06,178.88,179.74,6119315.0
2019-11-13,179.4,180.88,177.9,179.41,6159587.0
2019-11-14,179.0,179.77,178.06,179.75,9812608.0
2019-11-15,180.03,180.68,179.08,179.77,7809545.0
2019-11-18,179.57,180.32,178.98,179.66,7175036.0
2019-11-19,180.39,182.98,180.2,182.77,8551440.0
2019-11-20,182.31,183.22,180.35,181.66,6040751.0
2019-11-21,181.17,181.81,179.32,179.89,5112247.0
2019-11-22,180.13,180.47,178.35,179.47,6865618.0
2019-11-25,180.4,181.35,180.11,180.97,5458117.0
2019-11-26,181.46,182.92,181.21,182.55,7080264.0
2019-11-27,183.0,184.54,182.26,184.37,11453288.0
2019-11-29,183.93,184.85,183.36,184.51,3139087.0
2019-12-02,184.24,184.37,179.87,181.79,6890539.0
2019-12-03,179.9,182.14,179.66,181.9,4565433.0
2019-12-04,182.66,182.8,180.47,180.6,10652335.0
2019-12-05,181.25,182.03,180.07,181.89,4639619.0
2019-12-06,182.74,183.28,181.34,182.17,14527694.0
2019-12-09,181.9,183.26,181.3,182.92,10263507.0
2019-12-10,182.55,183.15,181.9,182.26,8626036.0
2019-12-11,183.07,183.08,181.19,182.01,7140159.0
2019-12-12,181.66,183.33,180.83,182.64,11194986.0
2019-12-13,182.5,185.52,182.04,185.14,8558821.0
2019-12-16,186.33,186.82,185.77,186.24,8250829.0
2019-12-17,186.5,186.78,184.1,185.52,10209378.0
2019-12-18,185.52,186.44,184.9,184.9,8969077.0
2019-12-19,184.5,186.58,184.5,186.54,5854574.0
2019-12-20,187.6,188.17,186.3,188.0,11259672.0
2019-12-23,188.15,188.41,187.0,187.08,5832058.0
2019-12-24,187.1,188.02,186.91,187.57,2420922.0
2019-12-26,187.89,189.18,187.7,189.16,5237302.0
2019-12-27,189.74,189.89,188.47,189.39,5448825.0
2019-12-30,189.31,189.48,187.12,187.83,4833587.0
2019-12-31,187.06,188.0,186.54,187.9,5273036.0
2020-01-02,189.0,191.14,188.72,191.12,8734203.0
2020-01-03,188.41,190.96,187.92,189.6,4900888.0
2020-01-06,188.0,189.21,187.16,189.19,10110573.0
2020-01-07,189.59,190.1,188.6,188.69,4414489.0
2020-01-08,189.49,192.5,188.8,191.92,5713315.0
2020-01-09,193.0,193.92,192.52,193.25,6749144.0
2020-01-10,193.5,194.57,193.11,193.77,6587582.0
2020-01-13,194.44,195.6,194.28,195.33,11292361.0
2020-01-14,196.74,196.95,195.14,196.05,6239663.0
2020-01-15,197.0,200.15,196.32,199.8,10831056.0
2020-01-16,201.0,201.5,199.78,200.95,9983741.0
2020-01-17,201.76,204.75,199.98,204.7,12518923.0
2020-01-21,204.13,208.39,203.8,207.29,14861652.0
2020-01-22,207.51,210.13,207.29,207.9,8065003.0
2020-01-23,207.9,208.4,205.3,206.52,8520798.0
2020-01-24,207.42,207.99,204.21,205.0,7812898.0
2020-01-27,200.0,203.33,199.1,201.69,7198865.0
2020-01-28,202.39,203.84,201.78,202.85,7215696.0
2020-01-29,204.3,205.92,202.51,204.86,7051852.0
2020-01-30,204.0,208.5,203.32,208.21,8571872.0
2020-01-31,201.49,203.98,198.26,198.97,16699567.0
2020-02-03,199.94,202.26,199.85,200.81,10887866.0
2020-02-04,203.5,204.92,202.23,203.56,10205903.0
2020-02-05,205.5,205.6,199.95,202.81,8672418.0
2020-02-06,203.05,204.63,202.48,203.04,7001184.0
2020-02-07,201.98,203.83,201.09,202.74,5691149.0
2020-02-10,201.97,206.13,201.86,205.99,6239519.0
2020-02-11,207.5,207.67,203.64,203.94,10231893.0
2020-02-12,205.0,208.15,205.0,207.44,7355774.0
2020-02-13,206.62,208.47,206.05,207.4,9495314.0
2020-02-14,208.29,210.78,208.01,210.29,6548804.0
2020-02-18,210.0,211.5,209.36,211.2,7652915.0
2020-02-19,212.52,214.17,211.72,213.31,5927543.0
2020-02-20,212.13,213.69,208.28,211.45,8531862.0
2020-02-21,209.9,210.22,207.42,208.81,9233229.0
2020-02-24,197.89,203.77,194.01,198.79,13316769.0
2020-02-25,198.79,199.89,187.72,188.4,18538952.0
2020-02-26,190.0,193.51,187.03,187.21,14218220.0
2020-02-27,182.12,186.34,180.0,180.01,17536604.0
2020-02-28,173.79,182.33,172.98,181.76,22674738.0
2020-03-02,186.32,192.44,183.1,192.33,17434490.0
2020-03-03,193.2,194.04,184.5,185.73,15226400.0
2020-03-04,190.36,194.49,186.17,194.29,10789145.0
2020-03-05,191.24,191.92,185.64,186.96,10106883.0
2020-03-06,183.54,185.99,179.98,184.36,15183153.0
2020-03-09,171.21,179.57,168.31,171.13,20486355.0
2020-03-10,179.47,182.61,171.88,182.6,16119423.0
2020-03-11,177.65,178.73,170.2,172.95,14611854.0
2020-03-12,158.5,172.0,156.99,160.08,27467745.0
2020-03-13,168.72,176.32,162.21,175.83,19948861.0
2020-03-16,151.14,165.31,147.98,152.01,23692023.0
2020-03-17,155.75,163.7,149.25,157.89,22298002.0
2020-03-18,148.46,150.68,139.8,148.48,22787473.0
2020-03-19,146.92,157.25,141.47,152.25,19362797.0
2020-03-20,154.82,158.26,145.67,146.83,18692075.0
2020-03-23,141.33,143.35,133.93,135.74,30344065.0
2020-03-24,144.84,155.25,143.58,154.53,24488282.0
2020-03-25,159.32,168.18,153.58,161.78,20619633.0
2020-03-26,162.08,169.53,161.79,168.88,17068962.0
2020-03-27,161.08,167.1,158.15,161.56,14950746.0
2020-03-30,161.04,165.87,160.69,165.57,15714502.0
2020-03-31,166.43,168.19,160.54,161.12,20613132.0
2020-04-01,156.32,158.07,151.42,153.11,12595197.0
2020-04-02,152.53,158.35,151.29,157.39,14051134.0
2020-04-03,155.56,157.72,150.6,151.85,11994683.0
2020-04-06,160.02,170.73,158.25,169.44,16479116.0
2020-04-07,177.76,178.8,168.1,168.59,15379002.0
2020-04-08,171.01,176.0,167.93,174.94,11146505.0
2020-04-09,176.27,177.19,172.85,173.69,12231774.0
2020-04-13,172.26,172.32,166.15,168.99,14043743.0
2020-04-14,173.09,175.43,170.83,174.62,9980479.0
2020-04-15,168.7,169.36,164.95,165.96,12118667.0
2020-04-16,167.11,168.0,159.8,162.42,20308242.0
2020-04-17,169.65,170.99,164.95,169.54,15375823.0
2020-04-20,167.33,167.43,163.2,164.22,10505195.0
2020-04-21,162.0,162.57,159.15,160.53,10562119.0
2020-04-22,164.66,167.7,162.92,166.59,14512902.0
2020-04-23,167.88,170.41,166.21,166.38,11411295.0
2020-04-24,168.44,168.75,164.01,167.32,8393562.0
2020-04-27,168.65,172.35,168.55,171.76,9903319.0
2020-04-28,175.0,175.01,170.38,171.25,8614404.0
2020-04-29,176.85,182.25,176.1,181.79,12862801.0
2020-04-30,181.78,181.83,177.66,178.72,11331576.0
2020-05-01,174.45,179.64,174.27,175.57,10109564.0
2020-05-04,172.95,176.94,171.72,176.15,9386209.0
2020-05-05,179.09,181.1,178.26,178.44,13512962.0
2020-05-06,179.72,180.51,177.88,178.78,8540501.0
2020-05-07,181.75,184.98,181.71,182.72,9262209.0
2020-05-08,185.03,185.75,183.62,185.09,6475195.0
2020-05-11,183.87,184.62,181.43,183.56,8683139.0
2020-05-12,183.56,183.99,179.37,179.47,8219650.0
2020-05-13,178.5,181.09,175.04,177.09,13377121.0
2020-05-14,175.94,181.05,173.82,180.9,9695147.0
2020-05-15,179.98,184.14,178.87,183.49,10785875.0
2020-05-18,188.0,192.83,187.47,191.38,11806314.0
2020-05-19,191.14,194.5,189.23,189.36,7446814.0
2020-05-20,193.0,194.99,192.41,193.86,9545600.0
2020-05-21,193.5,193.62,190.02,190.62,11338067.0
2020-05-22,191.0,191.37,189.23,190.86,5807559.0
2020-05-26,195.8,196.27,192.76,193.22,9662199.0
2020-05-27,194.31,194.31,188.52,192.82,7650334.0
2020-05-28,193.54,198.29,192.71,194.26,8357439.0
2020-05-29,194.5,196.74,193.28,195.24,10213513.0
2020-06-01,194.71,195.88,193.52,194.35,6019388.0
2020-06-02,195.94,197.52,194.92,196.36,8462065.0
2020-06-03,198.0,198.14,195.57,196.87,8879428.0
2020-06-04,195.98,196.46,193.12,193.64,7829774.0
2020-06-05,196.2,199.77,195.48,199.61,8561152.0
2020-06-08,199.58,199.96,197.13,199.6,7628052.0
2020-06-09,198.36,201.67,198.24,199.08,6892262.0
2020-06-10,199.9,202.18,198.95,200.48,8405338.0
2020-06-11,195.14,196.36,188.75,188.88,11974595.0
2020-06-12,194.21,195.0,187.85,192.26,11706347.0
2020-06-15,187.0,192.48,186.21,191.76,6758998.0
2020-06-16,196.86,198.38,191.8,192.88,11057222.0
2020-06-17,193.66,195.37,193.06,193.56,5968877.0
2020-06-18,192.6,194.25,192.11,193.91,5803210.0
2020-06-19,196.89,197.1,191.37,192.2,11483305.0
2020-06-22,191.99,196.36,191.29,194.96,6674515.0
2020-06-23,196.25,200.15,195.82,197.97,9866782.0
2020-06-24,197.02,197.48,190.69,191.41,9453097.0
2020-06-25,191.1,194.24,189.9,193.98,9936587.0
2020-06-26,193.1,194.13,189.08,189.27,11835980.0
2020-06-29,189.91,191.45,187.3,191.38,8020373.0
2020-06-30,191.49,193.75,190.16,193.17,9040104.0
2020-07-01,193.85,195.35,192.66,193.78,6394132.0
2020-07-02,196.0,197.92,195.0,195.67,6299276.0
2020-07-06,198.73,199.18,195.68,197.76,7292237.0
2020-07-07,196.81,198.9,193.81,194.2,7660130.0
2020-07-08,195.08,195.52,193.12,195.07,8367953.0
2020-07-09,195.0,195.49,189.95,192.21,8548236.0
2020-07-10,191.65,192.82,189.44,192.55,7674187.0
2020-07-13,193.61,195.19,188.7,189.02,8564070.0
2020-07-14,189.5,193.47,187.18,193.33,8003917.0
2020-07-15,195.23,197.77,194.5,196.55,7681064.0
2020-07-16,195.33,195.71,192.52,193.5,5063990.0
2020-07-17,194.83,195.57,193.12,195.09,6420921.0
2020-07-20,194.74,199.48,193.67,198.47,6985253.0
2020-07-21,200.0,200.17,195.68,196.48,7219418.0
2020-07-22,196.48,199.0,196.25,198.86,6823385.0
2020-07-23,198.44,200.95,196.43,197.43,6106708.0
2020-07-24,195.67,197.48,194.03,195.15,7160336.0
2020-07-27,195.16,197.81,194.2,196.91,5604702.0
2020-07-28,197.69,199.37,196.71,196.74,6897278.0
2020-07-29,193.09,198.89,193.05,198.58,9471295.0
2020-07-30,195.2,196.56,192.12,194.06,10499358.0
2020-07-31,194.42,194.69,189.44,190.4,14186004.0
2020-08-03,191.8,193.34,190.21,190.69,11407911.0
2020-08-04,191.13,192.94,190.08,192.29,8203979.0
2020-08-05,193.56,198.18,193.1,196.1,8907332.0
2020-08-06,195.98,198.92,194.79,198.77,7480317.0
2020-08-07,197.59,197.98,195.3,196.36,5653969.0
2020-08-10,196.36,198.31,195.33,196.79,5525401.0
2020-08-11,197.82,202.89,196.34,197.77,11549610.0
2020-08-12,199.0,200.23,198.24,198.74,5432755.0
2020-08-13,197.13,199.94,197.03,197.58,7014804.0
2020-08-14,197.01,198.07,195.77,196.64,5014416.0
2020-08-17,197.3,200.46,196.71,199.43,6256203.0
2020-08-18,199.98,200.1,196.82,199.01,6519888.0
2020-08-19,198.92,202.84,198.9,200.99,9467594.0
2020-08-20,199.9,204.44,199.6,204.15,8849171.0
2020-08-21,204.5,205.14,203.34,204.13,9998308.0
2020-08-24,205.01,206.45,204.67,206.41,6159596.0
2020-08-25,207.19,208.2,205.54,208.1,5828348.0
2020-08-26,208.1,210.8,207.3,210.26,7035221.0
2020-08-27,211.21,212.18,209.05,211.03,8619578.0
2020-08-28,212.0,216.16,211.22,215.71,7349837.0
2020-08-31,215.54,215.96,211.56,211.99,9326852.0
2020-09-01,212.21,213.89,211.12,213.35,5648766.0
2020-09-02,214.13,217.35,213.77,216.48,9863801.0
2020-09-03,214.93,214.93,207.09,208.96,11310193.0
2020-09-04,208.49,210.5,200.15,204.66,13243604.0
2020-09-08,200.78,202.25,199.21,200.12,14186879.0
2020-09-09,204.35,206.29,201.95,204.06,7532626.0
2020-09-10,204.86,207.0,200.45,201.54,7242970.0
2020-09-11,201.58,202.41,198.91,200.68,7439317.0
2020-09-14,203.35,206.41,203.14,204.98,11730452.0
2020-09-15,206.75,208.21,204.77,205.39,6328575.0
2020-09-16,206.74,207.75,204.95,205.13,6135541.0
2020-09-17,202.85,205.58,202.0,205.27,7474944.0
2020-09-18,205.47,205.72,201.72,202.61,9084141.0
2020-09-21,199.91,201.25,194.7,197.45,9656041.0
2020-09-22,198.09,200.71,196.8,200.56,7543137.0
2020-09-23,200.8,201.09,194.57,195.37,6310558.0
2020-09-24,195.15,197.67,193.13,195.52,9865265.0
2020-09-25,195.02,198.14,193.51,197.25,5496052.0
2020-09-28,200.63,201.72,199.83,200.32,5565280.0
2020-09-29,200.58,202.38,199.37,199.44,5559814.0
2020-09-30,200.85,202.54,198.89,199.97,9157591.0
2020-10-01,202.21,205.2,201.64,203.35,7234628.0
2020-10-02,200.0,202.83,199.4,201.46,6019734.0
2020-10-05,202.71,203.65,201.05,203.54,6090528.0
2020-10-06,204.11,205.1,199.71,200.45,5841141.0
2020-10-07,202.0,202.79,199.99,202.47,6713433.0
2020-10-08,204.0,204.3,202.23,202.98,3955634.0
2020-10-09,204.0,207.08,203.68,206.64,5562948.0
2020-10-12,206.94,207.97,205.73,206.4,6622714.0
2020-10-13,203.38,205.21,203.03,204.32,5621674.0
2020-10-14,204.71,204.97,201.13,202.2,5321915.0
2020-10-15,201.01,204.7,197.6,199.55,8887367.0
2020-10-16,199.99,202.65,199.41,200.26,6387996.0
2020-10-19,200.85,201.07,196.5,196.97,7449606.0
2020-10-20,197.55,199.66,196.71,197.7,7429822.0
2020-10-21,197.83,200.42,197.83,198.43,6067207.0
2020-10-22,199.34,199.77,195.76,197.99,4911939.0
2020-10-23,199.75,199.88,196.02,198.01,5877238.0
2020-10-26,196.0,196.42,190.72,193.07,12608686.0
2020-10-27,193.0,193.7,189.22,190.06,8690350.0
2020-10-28,183.98,184.7,179.34,180.87,17809450.0
2020-10-29,183.0,187.0,179.34,184.87,16820865.0
2020-10-30,182.66,184.22,179.23,181.71,10256303.0
2020-11-02,184.51,186.92,183.89,184.74,8057085.0
2020-11-03,186.83,189.53,185.16,188.34,6467857.0
2020-11-04,192.89,196.88,191.53,193.97,8102656.0
2020-11-05,198.36,200.99,197.29,197.64,7132143.0
2020-11-06,197.35,199.68,195.43,198.47,6180509.0
2020-11-09,214.69,217.65,212.28,212.68,17916898.0
2020-11-10,211.94,214.06,210.55,213.31,7943557.0
2020-11-11,212.17,214.28,211.67,212.7,5331383.0
2020-11-12,211.43,212.54,207.14,208.26,7303816.0
2020-11-13,209.91,211.28,207.3,210.48,6378517.0
2020-11-16,214.57,215.09,211.83,212.7,12083214.0
2020-11-17,210.56,212.09,209.5,210.71,7268825.0
2020-11-18,209.72,211.15,207.67,207.83,6977923.0
2020-11-19,207.24,208.73,205.53,207.57,5657248.0
2020-11-20,207.13,208.11,203.81,203.88,9654712.0
2020-11-23,204.7,209.0,204.7,208.16,6107265.0
2020-11-24,210.85,213.82,209.4,209.68,10112747.0
2020-11-25,209.67,211.95,208.87,210.89,6772894.0
2020-11-27,212.0,212.03,208.81,211.0,3512893.0
2020-11-30,209.54,210.54,206.6,210.35,7725515.0
2020-12-01,212.13,213.67,211.04,211.2,8049443.0
2020-12-02,211.0,211.4,208.48,210.18,9728898.0
2020-12-03,209.78,211.11,207.61,208.05,9203327.0
2020-12-04,209.74,212.72,208.51,212.68,5720129.0
2020-12-07,211.97,214.5,211.8,212.65,10624498.0
2020-12-08,209.95,213.13,209.89,212.77,8646231.0
2020-12-09,213.23,213.5,208.95,209.58,6251066.0
2020-12-10,208.51,209.3,207.25,207.61,10492035.0
2020-12-11,205.36,206.89,204.5,206.24,9227638.0
2020-12-14,207.85,211.3,206.97,207.25,11967704.0
2020-12-15,208.54,209.44,206.16,208.36,9799032.0
2020-12-16,208.48,209.13,207.14,208.27,7504356.0
2020-12-17,209.0,211.78,208.85,211.18,6517228.0
2020-12-18,211.02,211.98,209.87,211.31,13298241.0
2020-12-21,208.27,209.8,204.79,209.01,7576684.0
2020-12-22,208.39,208.4,205.6,205.84,7403829.0
2020-12-23,207.33,207.33,205.11,205.3,6523085.0
2020-12-24,206.64,208.82,206.6,208.7,3367895.0
2020-12-28,209.85,213.46,208.95,212.63,5816208.0
2020-12-29,214.61,215.24,213.54,214.37,6093412.0
2020-12-30,216.0,220.39,215.65,218.36,8875066.0
2020-12-31,218.4,219.82,216.2,218.73,5922170.0
2021-01-04,220.25,220.25,214.24,217.76,10317932.0
2021-01-05,216.31,218.46,213.64,214.51,6869718.0
2021-01-06,213.8,216.17,212.07,212.62,7206248.0
2021-01-07,212.2,215.22,212.2,213.81,10967869.0
2021-01-08,214.17,216.12,212.75,215.45,6513279.0
2021-01-11,213.96,214.86,212.48,212.89,7354527.0
2021-01-12,212.34,212.79,207.47,208.86,9331611.0
2021-01-13,209.41,211.0,208.63,209.35,6688464.0
2021-01-14,210.57,211.21,201.73,201.86,12887478.0
2021-01-15,201.54,203.26,200.43,201.59,8755049.0
2021-01-19,203.05,204.17,200.07,201.66,9772034.0
2021-01-20,203.03,207.19,202.23,206.01,12675730.0
2021-01-21,206.05,207.17,204.75,205.14,6517948.0
2021-01-22,203.99,205.33,201.8,202.02,7316201.0
2021-01-25,200.34,201.64,195.75,200.98,19282359.0
2021-01-26,201.76,203.49,200.97,202.01,9605270.0
2021-01-27,197.64,199.7,193.96,194.97,13772435.0
2021-01-28,200.0,202.0,198.17,198.22,11041253.0
2021-01-29,197.82,203.05,192.81,193.25,21503035.0
2021-02-01,195.14,199.21,195.02,198.36,12970674.0
2021-02-02,200.85,204.35,200.0,202.61,11305053.0
2021-02-03,203.07,203.51,200.98,201.36,13458644.0
2021-02-04,203.24,209.68,203.1,209.25,14534751.0
2021-02-05,209.98,210.13,208.66,208.77,10283953.0
2021-02-08,210.0,210.65,205.91,206.89,8637076.0
2021-02-09,205.76,207.63,203.7,206.52,7619438.0
2021-02-10,207.97,207.97,205.94,206.44,8467602.0
2021-02-11,207.33,211.59,207.19,210.66,8411071.0
2021-02-12,209.36,211.13,207.68,209.96,6911014.0
2021-02-16,210.66,211.05,207.35,207.9,9652749.0
2021-02-17,205.26,208.28,205.06,207.51,8375014.0
2021-02-18,205.88,209.7,204.96,209.35,7329287.0
2021-02-19,209.34,209.53,203.76,204.73,15011520.0
2021-02-22,203.55,210.65,203.11,208.32,8337693.0
2021-02-23,207.4,213.91,206.55,212.11,10571717.0
2021-02-24,212.36,220.53,211.29,219.43,12038951.0
2021-02-25,219.29,220.45,212.58,213.75,11404326.0
2021-02-26,214.05,215.21,210.74,212.39,11730004.0
2021-03-01,214.97,217.8,214.79,216.63,6982504.0
2021-03-02,216.96,217.93,214.82,215.77,6155184.0
2021-03-03,215.15,217.19,212.86,214.85,6484597.0
2021-03-04,215.97,217.02,208.67,211.5,10658902.0
2021-03-05,213.73,216.1,209.63,215.41,7582002.0
2021-03-08,216.98,226.13,215.81,220.27,14750387.0
2021-03-09,222.06,225.0,220.19,220.36,9228559.0
2021-03-10,220.72,224.19,219.4,223.17,7822898.0
2021-03-11,224.53,228.23,223.81,226.15,10053421.0
2021-03-12,225.28,226.54,223.42,224.36,8172396.0
2021-03-15,224.23,227.09,221.74,223.27,9306996.0
2021-03-16,223.71,225.58,222.3,224.7,8949319.0
2021-03-17,225.05,226.24,221.76,223.02,8675616.0
2021-03-18,221.43,222.52,219.58,220.66,9323007.0
2021-03-19,219.12,220.17,206.88,206.9,32209683.0
2021-03-22,206.55,212.29,206.23,208.0,11371584.0
2021-03-23,209.05,209.96,207.5,208.15,8820746.0
2021-03-24,208.75,211.14,207.93,208.07,10101640.0
2021-03-25,207.67,208.82,205.78,207.97,8390834.0
2021-03-26,208.25,213.7,207.7,213.53,7399940.0
2021-03-29,212.45,215.29,211.12,214.51,7792260.0
2021-03-30,213.01,214.15,211.41,211.9,5497997.0
2021-03-31,212.55,214.11,211.55,211.73,13179961.0
2021-04-01,213.78,217.74,212.3,216.86,6138428.0
2021-04-05,218.6,220.51,217.31,219.04,10440483.0
2021-04-06,217.62,219.4,215.34,218.65,7828103.0
2021-04-07,219.12,221.04,218.64,219.27,5614322.0
2021-04-08,219.97,222.82,218.11,220.7,11041976.0
2021-04-09,221.0,222.6,219.51,222.52,5724939.0
2021-04-12,220.24,221.91,219.22,221.47,6315207.0
2021-04-13,221.0,221.62,220.22,221.02,4764036.0
2021-04-14,221.0,223.1,220.07,221.98,4972551.0
2021-04-15,223.89,227.63,223.86,226.28,8698106.0
2021-04-16,227.17,227.8,225.76,226.41,6829350.0
2021-04-19,225.75,227.58,225.08,225.79,6541636.0
2021-04-20,224.78,225.38,221.82,223.28,5799134.0
2021-04-21,223.31,227.87,222.87,227.45,9490560.0
2021-04-22,227.3,230.93,226.89,227.57,7302953.0
2021-04-23,228.61,231.82,227.71,230.0,5345445.0
2021-04-26,230.77,232.95,229.52,230.34,5650039.0
2021-04-27,231.03,231.16,228.99,229.91,6642114.0
2021-04-28,230.95,236.27,230.67,233.45,10111448.0
2021-04-29,235.23,237.5,233.15,236.86,7411371.0
2021-04-30,235.32,235.93,232.29,233.56,10260248.0
2021-05-03,234.05,235.74,231.39,232.61,8174440.0
2021-05-04,231.6,232.39,230.23,232.03,5884506.0
2021-05-05,233.85,233.85,228.66,229.21,6454221.0
2021-05-06,229.63,231.58,228.66,231.32,6124286.0
2021-05-07,232.34,233.22,230.71,232.12,4529048.0
2021-05-10,231.6,232.0,225.16,225.97,9627426.0
2021-05-11,223.74,226.42,222.04,225.48,7633289.0
2021-05-12,223.63,225.0,220.31,220.63,7721250.0
2021-05-13,221.51,224.9,220.89,223.74,6650401.0
2021-05-14,225.82,227.51,224.92,226.94,4777231.0
2021-05-17,226.18,227.16,225.32,226.44,5534164.0
2021-05-18,228.39,229.18,225.43,225.57,6900034.0
2021-05-19,222.76,224.85,221.79,224.59,9311863.0
2021-05-20,225.44,227.6,225.24,226.44,7478621.0
2021-05-21,226.88,229.31,226.55,226.77,5603876.0
2021-05-24,227.95,230.11,227.63,229.32,4040078.0
2021-05-25,229.9,230.19,228.42,229.02,4689089.0
2021-05-26,228.05,229.35,226.38,227.07,4295635.0
2021-05-27,227.76,228.42,226.37,226.86,5969553.0
2021-05-28,227.59,229.43,227.15,227.3,5782053.0
2021-06-01,229.44,230.08,226.28,226.63,5091507.0
2021-06-02,229.22,233.11,228.78,229.66,9081362.0
2021-06-03,229.0,230.39,227.77,228.11,6382407.0
2021-06-04,229.35,230.7,228.73,230.14,5085741.0
2021-06-07,232.85,234.68,230.08,231.32,5421294.0
2021-06-08,232.15,232.85,230.16,232.05,4170603.0
2021-06-09,232.5,234.85,232.12,232.31,4658980.0
2021-06-10,233.1,234.26,232.13,233.95,4452453.0
2021-06-11,234.39,235.44,233.71,234.96,5378341.0
2021-06-14,234.7,235.22,231.57,234.08,5805768.0
2021-06-15,234.44,234.8,232.62,232.98,7093998.0
2021-06-16,233.62,234.18,228.0,229.6,8905398.0
2021-06-17,229.21,233.34,229.21,232.15,6876723.0
2021-06-18,230.45,232.18,229.22,230.41,8839965.0
2021-06-21,231.45,235.01,230.4,234.32,7298414.0
2021-06-22,234.3,236.09,233.24,235.93,8858423.0
2021-06-23,235.45,235.92,233.94,234.68,6814700.0
2021-06-24,237.0,238.25,235.41,236.24,4611523.0
2021-06-25,236.4,238.48,236.32,237.32,7825157.0
2021-06-28,238.0,238.37,231.86,234.09,9301681.0
2021-06-29,234.57,236.52,234.15,235.95,11897827.0
2021-06-30,235.11,236.4,233.82,233.82,7797146.0
2021-07-01,234.2,236.25,234.05,235.15,5329571.0
2021-07-02,235.83,238.78,235.82,238.63,4384578.0
2021-07-06,239.5,240.61,237.21,239.6,8048717.0
2021-07-07,240.26,241.04,238.3,240.0,4366112.0
2021-07-08,236.97,237.07,234.55,236.61,6388031.0
2021-07-09,238.76,239.45,237.42,238.47,5616130.0
2021-07-12,237.58,238.51,237.27,237.87,7010658.0
2021-07-13,238.25,242.48,238.25,242.35,8079187.0
2021-07-14,243.22,246.81,242.82,245.99,8693381.0
2021-07-15,245.31,248.8,245.31,248.55,10135108.0
2021-07-16,249.99,250.46,247.52,248.12,8674464.0
2021-07-19,243.99,244.45,238.9,240.41,11474571.0
2021-07-20,240.64,244.21,239.51,242.7,7072288.0
2021-07-21,243.29,246.9,242.3,243.66,11241420.0
2021-07-22,243.78,245.35,243.15,244.14,10293570.0
2021-07-23,246.76,250.01,246.76,249.02,6766007.0
2021-07-26,249.21,250.36,247.7,250.25,4878988.0
2021-07-27,249.19,252.67,248.22,250.93,7038317.0
2021-07-28,250.05,251.5,245.91,246.94,9036543.0
2021-07-29,248.11,250.38,247.1,247.92,7495335.0
2021-07-30,247.21,248.46,246.0,246.39,5804738.0
2021-08-02,246.24,247.83,238.37,239.78,9989546.0
2021-08-03,240.63,241.39,234.03,237.09,9838976.0
2021-08-04,237.0,237.55,235.05,236.67,8171754.0
2021-08-05,236.61,240.25,236.43,240.21,5337491.0
2021-08-06,240.0,242.6,239.86,241.4,4509702.0
2021-08-09,241.75,242.18,238.05,240.0,5226949.0
2021-08-10,240.51,241.34,235.56,238.07,7186021.0
2021-08-11,238.08,238.36,234.58,235.06,7375688.0
2021-08-12,233.89,234.11,231.02,231.79,9868851.0
2021-08-13,232.0,233.27,231.4,232.65,5445425.0
2021-08-16,232.21,235.48,230.2,235.36,7576703.0
2021-08-17,235.0,235.67,233.22,234.53,6850522.0
2021-08-18,233.92,234.35,231.47,231.63,4996523.0
2021-08-19,229.04,232.43,228.9,231.57,5761294.0
2021-08-20,231.87,232.16,230.3,231.36,5522544.0
2021-08-23,232.7,234.65,232.0,234.14,6342020.0
2021-08-24,235.04,236.19,233.95,234.24,5081770.0
2021-08-25,235.0,235.0,232.08,232.59,5277076.0
2021-08-26,232.13,232.63,230.15,230.52,5889143.0
2021-08-27,231.02,233.05,230.23,232.69,6368977.0
2021-08-30,232.69,233.67,229.92,231.23,6448011.0
2021-08-31,230.91,231.84,228.66,229.1,9405086.0
2021-09-01,229.1,230.78,228.77,230.12,8177611.0
2021-09-02,230.43,230.55,221.96,224.18,19717015.0
2021-09-03,224.0,227.3,223.35,225.11,11534322.0
2021-09-07,226.74,228.0,225.86,226.27,9667640.0
2021-09-08,227.38,230.22,227.04,229.09,10652636.0
2021-09-09,229.31,230.0,227.1,227.49,5853038.0
2021-09-10,229.85,230.04,224.82,224.91,6715397.0
2021-09-13,225.53,227.2,223.41,224.63,6808082.0
2021-09-14,225.0,225.81,222.28,223.03,6575715.0
2021-09-15,222.52,224.84,221.36,223.81,6535789.0
2021-09-16,223.86,225.2,222.75,224.33,5928460.0
2021-09-17,222.45,223.7,219.3,221.75,13833000.0
2021-09-20,216.96,220.5,216.31,220.05,8822592.0
2021-09-21,220.75,222.17,218.98,220.17,7033629.0
2021-09-22,221.4,224.1,221.1,222.75,6005862.0
2021-09-23,225.0,228.7,224.36,228.31,7952748.0
2021-09-24,228.93,231.95,228.62,231.59,6461244.0
2021-09-27,231.72,233.33,228.77,229.6,6881067.0
2021-09-28,228.87,228.87,224.0,225.56,6951365.0
2021-09-29,226.8,229.02,226.09,226.68,6432682.0
2021-09-30,227.58,228.79,222.63,222.75,7134206.0
2021-10-01,224.17,231.56,223.47,230.46,7925368.0
2021-10-04,230.0,230.33,220.81,224.73,10283388.0
2021-10-05,225.48,227.38,223.92,224.28,5813999.0
2021-10-06,222.04,226.62,221.25,226.51,5420941.0
2021-10-07,228.91,231.16,228.49,230.55,6561920.0
2021-10-08,231.0,232.73,230.18,230.27,3735169.0
2021-10-11,230.01,230.32,224.87,225.11,5620197.0
2021-10-12,225.56,226.22,222.92,224.05,5448215.0
2021-10-13,223.13,225.86,218.63,222.46,9077425.0
2021-10-14,224.12,225.65,223.06,225.18,5591944.0
2021-10-15,227.22,231.09,226.73,230.99,6355056.0
2021-10-18,230.18,232.76,228.14,230.65,5580210.0
2021-10-19,231.95,233.64,230.68,233.52,4409660.0
2021-10-20,233.46,233.8,231.31,231.42,5401813.0
2021-10-21,230.7,230.83,226.3,230.24,5982197.0
2021-10-22,230.29,232.82,228.71,231.23,3788001.0
2021-10-25,233.45,234.86,232.29,233.88,4938664.0
2021-10-26,235.53,236.96,231.33,231.82,7814503.0
2021-10-27,224.75,224.75,215.66,215.78,22958064.0
2021-10-28,219.25,219.99,209.01,209.84,23199407.0
2021-10-29,209.21,213.67,208.54,211.77,14329821.0
2021-11-01,213.49,215.25,211.45,212.46,13210298.0
2021-11-02,213.16,213.35,207.82,209.14,14688722.0
2021-11-03,209.69,210.15,206.73,208.1,11486714.0
2021-11-04,209.16,212.36,207.87,208.78,11368187.0
2021-11-05,211.95,217.63,211.36,216.67,14273638.0
2021-11-08,218.37,221.61,218.15,220.49,13500101.0
2021-11-09,219.69,220.41,212.92,213.39,11535021.0
2021-11-10,213.55,216.95,213.33,215.56,10063587.0
2021-11-11,216.47,216.78,210.16,210.42,13546919.0
2021-11-12,211.5,213.58,211.43,212.09,7660450.0
2021-11-15,213.62,216.4,211.81,212.3,9596933.0
2021-11-16,212.16,215.65,211.66,215.18,8719577.0
2021-11-17,205.95,207.31,199.46,205.06,38379567.0
2021-11-18,206.5,207.87,201.27,203.33,18292164.0
2021-11-19,202.04,203.5,199.85,200.86,18038726.0
2021-11-22,200.0,201.7,194.6,195.58,21191921.0
2021-11-23,196.97,198.92,194.38,198.49,14749103.0
2021-11-24,198.17,203.95,197.64,203.25,12026815.0
2021-11-26,193.32,199.19,192.55,197.65,10987553.0
2021-11-29,201.0,201.25,195.36,196.29,14633524.0
2021-11-30,195.27,197.66,192.56,193.77,16022982.0
2021-12-01,196.03,196.81,190.1,190.16,13213371.0
2021-12-02,192.0,199.44,191.85,198.29,13976279.0
2021-12-03,198.27,198.47,194.04,196.32,10660536.0
2021-12-06,198.77,204.22,197.74,202.68,10722095.0
2021-12-07,206.0,207.94,205.89,207.37,11897237.0
2021-12-08,207.66,209.48,205.71,208.99,11749206.0
2021-12-09,208.52,212.2,207.17,211.39,10176774.0
2021-12-10,211.9,214.25,210.86,213.4,8882718.0
2021-12-13,212.45,213.32,209.98,211.02,8844298.0
2021-12-14,210.73,213.37,208.45,209.98,9832274.0
2021-12-15,209.4,212.49,207.86,212.31,10892534.0
2021-12-16,215.29,216.27,211.61,214.37,8548404.0
2021-12-17,212.8,213.21,207.79,211.88,11663037.0
2021-12-20,209.09,209.77,206.86,208.74,9434415.0
2021-12-21,210.61,216.16,210.36,215.38,6993699.0
2021-12-22,213.85,218.94,213.85,217.96,6003398.0
2021-12-23,218.44,218.52,216.62,216.62,4798217.0
2021-12-27,217.68,218.12,214.88,217.63,4819103.0
2021-12-28,216.01,219.73,215.58,218.05,4283621.0
2021-12-29,217.76,218.94,217.33,218.17,3223215.0
2021-12-30,217.97,219.15,217.15,217.87,3812844.0
2021-12-31,216.81,217.98,215.49,216.71,4723347.0
2022-01-03,217.52,222.06,217.01,221.43,7696504.0
2022-01-04,222.0,226.79,221.81,222.46,10629274.0
2022-01-05,222.64,225.27,219.92,220.0,9594587.0
2022-01-06,217.8,221.91,217.55,219.75,7877498.0
2022-01-07,217.31,220.2,215.64,216.96,10702084.0
2022-01-10,213.98,214.2,206.5,211.97,11978564.0
2022-01-11,211.42,214.95,208.74,214.38,8803100.0
2022-01-12,214.48,217.58,213.81,215.71,6923316.0
2022-01-13,216.85,220.48,214.66,215.0,8867716.0
2022-01-14,214.17,218.25,213.71,214.67,8838059.0
2022-01-18,215.88,216.91,214.33,215.71,9099883.0
2022-01-19,213.0,218.23,212.11,214.68,9399847.0
2022-01-20,214.72,219.6,213.94,214.35,8532719.0
2022-01-21,215.46,215.6,205.82,205.93,16200186.0
2022-01-24,202.18,202.72,195.65,201.85,16071162.0
2022-01-25,199.62,205.38,196.99,202.0,12125533.0
2022-01-26,204.28,210.86,203.67,205.87,10817631.0
2022-01-27,209.5,210.96,205.85,206.15,12009810.0
2022-01-28,220.64,228.12,216.1,228.0,26425262.0
2022-01-31,225.55,226.38,222.05,226.17,12380639.0
2022-02-01,226.9,234.61,226.42,232.36,12247202.0
2022-02-02,231.3,235.85,230.01,235.42,10590512.0
2022-02-03,233.04,233.49,230.55,231.54,9968000.0
2022-02-04,228.5,230.22,224.95,228.39,10848120.0
2022-02-07,228.0,229.92,226.01,227.16,5984549.0
2022-02-08,226.26,228.5,224.75,227.94,7542245.0
2022-02-09,230.13,233.15,230.12,230.87,7772795.0
2022-02-10,228.03,229.95,224.87,225.59,6794620.0
2022-02-11,227.25,229.1,223.54,224.69,7535206.0
2022-02-14,223.29,227.26,222.81,225.34,8280829.0
2022-02-15,227.27,229.29,224.91,227.82,9461976.0
2022-02-16,227.5,229.88,225.6,228.82,9561287.0
2022-02-17,228.4,228.81,224.17,224.61,8131174.0
2022-02-18,224.6,225.74,221.84,222.69,8121159.0
2022-02-22,221.02,224.34,219.92,221.32,9928821.0
2022-02-23,222.84,224.28,215.42,215.95,8669920.0
2022-02-24,203.37,217.86,201.45,217.3,13463411.0
2022-02-25,217.29,220.68,214.25,219.27,8463568.0
2022-02-28,216.0,218.65,213.24,216.12,8409382.0
2022-03-01,214.48,215.15,207.28,208.97,9317829.0
2022-03-02,206.9,210.54,206.19,208.48,8865706.0
2022-03-03,210.55,211.5,206.56,207.23,8610028.0
2022-03-04,205.0,206.37,196.86,200.29,10914620.0
2022-03-07,199.84,200.18,190.05,190.7,13412350.0
2022-03-08,190.01,196.42,186.67,191.71,11070893.0
2022-03-09,196.5,200.5,195.24,199.76,8457627.0
2022-03-10,196.9,199.94,196.3,197.97,7061604.0
2022-03-11,200.75,200.84,196.46,196.71,5432099.0
2022-03-14,198.42,204.43,198.16,200.33,7994657.0
2022-03-15,202.09,206.41,201.4,206.14,8277668.0
2022-03-16,210.0,213.67,207.0,211.87,9232292.0
2022-03-17,209.93,213.54,208.72,213.45,6668467.0
2022-03-18,211.7,219.26,210.29,219.11,14620818.0
2022-03-21,216.34,218.06,214.55,217.04,6101456.0
2022-03-22,217.84,219.57,217.18,218.47,6259942.0
2022-03-23,215.3,217.29,214.2,214.68,6007963.0
2022-03-24,214.99,217.66,214.0,217.31,5486991.0
2022-03-25,218.42,218.93,215.69,218.43,5052523.0
2022-03-28,218.5,220.98,217.51,220.77,4316817.0
2022-03-29,224.84,228.81,223.78,228.12,8032486.0
2022-03-30,225.84,226.16,222.73,223.95,7084039.0
2022-03-31,223.91,225.92,220.44,221.77,10759520.0
2022-04-01,223.08,226.63,222.23,226.36,6559565.0
2022-04-04,225.76,229.24,224.96,227.74,8521645.0
2022-04-05,226.83,228.99,225.31,226.09,4657961.0
2022-04-06,222.78,222.87,218.62,219.01,7430023.0
2022-04-07,218.31,218.68,213.68,216.15,6995062.0
2022-04-08,214.81,219.41,213.08,216.98,5438734.0
2022-04-11,215.25,217.3,213.41,214.75,6942735.0
2022-04-12,216.5,216.99,210.7,211.4,7446590.0
2022-04-13,210.43,213.85,207.17,213.27,8052883.0
2022-04-14,214.27,215.95,212.53,212.79,8191575.0
2022-04-18,211.67,215.83,211.52,213.17,4744430.0
2022-04-19,213.1,216.51,212.44,215.7,5028806.0
2022-04-20,218.66,220.82,217.39,217.79,7178476.0
2022-04-21,219.51,223.92,215.35,216.45,8850268.0
2022-04-22,216.24,216.56,207.95,208.17,6201091.0
2022-04-25,206.35,210.53,205.33,209.95,6839415.0
2022-04-26,206.98,208.56,201.1,201.1,8155285.0
2022-04-27,217.37,221.8,213.05,214.11,15955804.0
2022-04-28,220.4,224.93,219.27,220.66,10801088.0
2022-04-29,218.62,221.2,212.35,213.13,7964954.0
2022-05-02,211.77,212.14,206.96,211.53,8803722.0
2022-05-03,213.61,213.61,206.27,208.56,6616908.0
2022-05-04,209.35,214.8,205.33,214.52,7191137.0
2022-05-05,212.27,214.58,203.07,205.24,7749564.0
2022-05-06,203.75,205.72,200.22,202.82,8825334.0
2022-05-09,200.05,200.75,192.08,193.0,10314141.0
2022-05-10,196.71,197.75,190.97,193.58,11016488.0
2022-05-11,193.49,198.32,191.4,196.72,9427340.0
2022-05-12,194.53,196.06,189.95,193.97,9308563.0
2022-05-13,197.0,200.54,196.5,199.23,6684482.0
2022-05-16,197.32,199.94,195.88,197.81,5161272.0
2022-05-17,202.85,204.8,200.15,204.0,7265568.0
2022-05-18,202.82,205.46,199.13,199.99,8748239.0
2022-05-19,196.35,200.42,193.31,197.37,9012392.0
2022-05-20,199.67,201.66,194.02,199.03,6966630.0
2022-05-23,200.88,207.96,200.77,207.56,12187430.0
2022-05-24,203.91,204.67,199.03,202.63,7458655.0
2022-05-25,200.59,204.95,200.47,203.84,5457179.0
2022-05-26,205.11,209.74,204.67,208.55,9212253.0
2022-05-27,210.0,213.23,209.64,212.88,4897174.0
2022-05-31,210.38,214.35,209.11,212.17,9586408.0
2022-06-01,212.05,214.11,208.82,209.93,5246111.0
2022-06-02,211.89,215.25,211.08,215.05,5337228.0
2022-06-03,212.95,214.21,211.27,212.65,4352528.0
2022-06-06,215.45,217.58,212.09,212.94,3965080.0
2022-06-07,211.12,214.97,210.72,214.5,4493312.0
2022-06-08,213.76,215.57,212.83,213.5,3646279.0
2022-06-09,212.59,213.71,206.02,206.11,5140550.0
2022-06-10,201.65,203.42,199.18,199.51,5163771.0
2022-06-13,192.99,195.89,191.08,192.26,7119242.0
2022-06-14,192.72,194.34,191.75,193.52,6441168.0
2022-06-15,195.98,198.83,192.23,196.16,6490000.0
2022-06-16,191.41,191.87,187.53,189.05,9887176.0
2022-06-17,186.93,191.31,185.91,190.01,15089338.0
2022-06-21,195.71,196.73,193.73,194.39,6241638.0
2022-06-22,191.25,196.39,191.03,193.82,5139086.0
2022-06-23,196.14,197.46,193.45,196.64,4752787.0
2022-06-24,197.73,205.64,197.51,205.51,7754785.0
2022-06-27,205.75,207.09,202.61,203.56,6121223.0
2022-06-28,204.0,206.79,197.5,198.12,4372458.0
2022-06-29,197.32,200.64,197.32,199.5,4324567.0
2022-06-30,195.37,198.85,192.85,196.89,7045200.0
2022-07-01,196.79,199.8,194.71,199.18,4131776.0
2022-07-05,196.23,200.57,194.14,200.54,4110884.0
2022-07-06,200.0,202.51,198.67,201.12,4111355.0
2022-07-07,202.54,203.43,200.04,202.8,4650703.0
2022-07-08,202.32,204.1,200.46,203.57,3621759.0
2022-07-11,202.0,206.74,202.0,205.06,5366255.0
2022-07-12,203.25,208.12,202.76,204.82,6779493.0
2022-07-13,200.43,205.57,199.5,204.15,7597330.0
2022-07-14,200.0,206.08,197.98,205.91,5605463.0
2022-07-15,209.37,211.71,207.18,210.04,7245682.0
2022-07-18,211.5,212.91,206.64,207.21,4648889.0
2022-07-19,208.22,214.11,207.9,213.66,4927142.0
2022-07-20,212.0,214.13,211.21,213.37,4460290.0
2022-07-21,213.15,216.9,212.73,216.19,4801270.0
2022-07-22,217.93,218.07,212.12,213.7,5071466.0
2022-07-25,214.58,214.8,211.62,214.27,4357203.0
2022-07-26,213.85,215.15,211.75,212.49,6140989.0
2022-07-27,210.77,216.85,201.2,210.47,17432242.0
2022-07-28,210.64,212.72,207.92,211.35,7477062.0
2022-07-29,212.0,214.16,209.83,212.11,6059699.0
2022-08-01,208.45,213.99,207.56,211.36,8028363.0
2022-08-02,207.8,208.84,203.93,206.26,9939408.0
2022-08-03,207.99,210.33,206.88,208.48,9520093.0
2022-08-04,210.53,214.88,208.55,213.47,6789745.0
2022-08-05,210.71,215.95,210.5,215.87,5553727.0
2022-08-08,215.23,216.63,212.05,213.32,4065782.0
2022-08-09,212.0,213.45,209.75,210.26,4596766.0
2022-08-10,214.83,214.84,211.31,212.1,5746447.0
2022-08-11,213.29,213.5,210.59,211.08,6639640.0
2022-08-12,213.0,213.22,210.1,211.33,6443688.0
2022-08-15,210.37,216.74,210.37,216.42,5290623.0
2022-08-16,214.55,217.61,212.13,217.14,6564448.0
2022-08-17,215.0,216.18,212.75,214.52,4902450.0
2022-08-18,213.87,216.0,212.43,215.25,4516632.0
2022-08-19,214.11,215.23,212.39,212.82,4178804.0
2022-08-22,209.94,211.25,208.2,208.61,5139544.0
2022-08-23,208.0,209.3,206.53,206.8,3525495.0
2022-08-24,206.63,208.35,205.68,206.67,4230836.0
2022-08-25,207.39,209.91,206.5,209.82,4495041.0
2022-08-26,209.77,210.26,202.7,202.89,5060213.0
2022-08-29,201.25,203.96,200.62,202.33,4476401.0
2022-08-30,203.92,204.41,200.21,201.38,3918150.0
2022-08-31,201.0,203.17,198.64,198.71,6559042.0
2022-09-01,198.72,200.43,196.66,200.13,5608324.0
2022-09-02,202.44,202.48,196.85,197.76,4508486.0
2022-09-06,197.9,200.04,196.4,198.64,4548007.0
2022-09-07,198.71,201.14,197.22,200.42,4098289.0
2022-09-08,197.4,201.11,196.96,200.71,4377815.0
2022-09-09,202.07,206.4,201.35,205.2,4886179.0
2022-09-12,206.5,207.19,204.95,206.63,3812287.0
2022-09-13,202.05,203.47,198.87,199.67,5217877.0
2022-09-14,200.0,200.88,198.06,199.41,4632813.0
2022-09-15,198.09,200.31,194.53,195.37,6099262.0
2022-09-16,190.22,193.82,188.22,193.3,9398242.0
2022-09-19,191.59,193.99,190.71,193.13,8133561.0
2022-09-20,191.1,193.03,190.29,192.07,5292529.0
2022-09-21,192.53,193.09,187.0,187.02,6705947.0
2022-09-22,186.35,187.21,184.66,185.79,6604711.0
2022-09-23,183.47,184.58,182.23,183.96,10755790.0
2022-09-26,183.04,184.5,179.9,180.59,9914638.0
2022-09-27,182.51,184.85,177.02,177.87,9799633.0
2022-09-28,177.26,180.1,174.83,179.18,9750959.0
2022-09-29,178.83,182.24,178.73,180.06,9105169.0
2022-09-30,180.06,182.92,177.6,177.65,9472265.0
2022-10-03,179.34,183.36,178.15,181.65,8842330.0
2022-10-04,185.05,186.21,183.07,185.65,7081350.0
2022-10-05,183.34,188.82,182.36,187.67,6119876.0
2022-10-06,186.65,188.05,185.25,185.59,5163043.0
2022-10-07,183.45,184.61,181.93,183.83,5610282.0
2022-10-10,184.13,184.78,180.9,182.18,4743798.0
2022-10-11,180.37,181.64,178.19,179.14,6294466.0
2022-10-12,179.09,180.59,178.22,178.24,4884685.0
2022-10-13,175.0,185.37,174.6,184.66,8426365.0
2022-10-14,186.79,187.13,182.07,182.62,6451219.0
2022-10-17,186.0,188.57,182.85,185.25,13952080.0
2022-10-18,189.49,190.19,185.74,187.17,5209168.0
2022-10-19,185.49,187.64,184.76,186.41,4927019.0
2022-10-20,186.46,190.98,186.43,187.22,5706843.0
2022-10-21,185.8,190.95,185.05,190.37,7582542.0
2022-10-24,191.41,193.13,189.1,190.71,7299213.0
2022-10-25,190.87,195.23,190.72,194.38,11907242.0
2022-10-26,196.58,206.37,196.5,203.33,15453125.0
2022-10-27,203.32,206.32,201.59,204.29,7946686.0
2022-10-28,205.0,211.52,203.31,209.34,8455603.0
2022-10-31,208.92,209.62,206.2,207.16,8674102.0
2022-11-01,208.91,209.97,205.33,206.93,5919513.0
2022-11-02,205.76,207.0,200.58,200.95,6987791.0
2022-11-03,198.28,198.85,194.18,194.75,8236227.0
2022-11-04,197.0,201.45,195.34,196.98,9680124.0
2022-11-07,198.32,200.44,197.17,200.1,7821258.0
2022-11-08,201.66,204.12,199.74,201.78,6943708.0
2022-11-09,200.7,201.33,193.33,193.93,7320221.0
2022-11-10,203.09,205.76,200.02,205.57,8048860.0
2022-11-11,206.0,206.43,202.15,205.0,9601019.0
2022-11-14,203.5,209.17,203.21,206.86,5796113.0
2022-11-15,209.99,213.73,207.51,209.99,7316129.0
2022-11-16,208.58,210.89,208.22,210.14,6125300.0
2022-11-17,207.96,211.28,207.32,210.99,5386197.0
2022-11-18,213.17,214.17,209.74,210.8,8028541.0
2022-11-21,210.3,210.55,205.89,206.32,10450939.0
2022-11-22,207.54,210.48,205.35,210.33,5273142.0
2022-11-23,210.0,212.83,209.92,211.73,3807338.0
2022-11-25,211.71,214.0,211.39,213.79,1993541.0
2022-11-28,212.26,214.47,210.65,211.26,10229683.0
2022-11-29,209.35,210.15,207.35,209.06,8986852.0
2022-11-30,208.22,217.0,208.01,217.0,13918125.0
2022-12-01,217.0,218.65,215.3,217.0,11261545.0
2022-12-02,215.73,218.48,214.24,217.66,5132837.0
2022-12-05,215.65,216.91,213.05,213.68,9006308.0
2022-12-06,212.0,212.13,207.64,209.08,5985961.0
2022-12-07,208.8,209.02,205.13,207.81,7923847.0
2022-12-08,209.51,210.3,207.75,209.1,4896614.0
2022-12-09,207.91,210.52,207.52,208.7,4928579.0
2022-12-12,210.0,214.82,209.47,214.59,5941732.0
2022-12-13,219.54,219.98,212.62,213.04,14585020.0
2022-12-14,212.85,216.28,211.63,213.32,7001704.0
2022-12-15,209.6,211.82,206.82,207.91,10833163.0
2022-12-16,207.49,208.4,205.3,206.89,12473052.0
2022-12-19,206.63,207.47,203.95,204.82,4893648.0
2022-12-20,203.88,206.53,203.55,205.36,5024855.0
2022-12-21,206.57,207.96,205.58,206.81,4086940.0
2022-12-22,205.75,206.65,202.13,205.06,5690926.0
2022-12-23,204.13,206.24,203.52,205.83,3246162.0
2022-12-27,205.92,206.88,204.6,206.29,2904905.0
2022-12-28,206.68,208.53,204.8,204.99,3139186.0
2022-12-29,205.95,208.53,205.5,208.06,3675605.0
2022-12-30,206.31,208.04,205.7,207.76,4159463.0
2023-01-03,209.28,212.33,206.16,207.39,4202971.0
2023-01-04,209.62,213.2,209.62,212.61,6606249.0
2023-01-05,213.8,214.16,210.46,211.11,5246222.0
2023-01-06,214.0,218.14,213.09,217.75,6829695.0
2023-01-09,219.07,222.21,218.35,218.6,6294533.0
2023-01-10,218.99,222.39,218.18,221.09,10857022.0
2023-01-11,221.29,222.18,219.7,222.1,5408193.0
2023-01-12,222.1,223.81,220.61,223.62,4264404.0
2023-01-13,221.91,223.76,220.14,223.06,4283182.0
2023-01-17,222.38,224.4,222.37,223.0,6101118.0
2023-01-18,224.08,224.99,219.44,219.46,6558014.0
2023-01-19,218.1,221.52,217.5,220.41,4853085.0
2023-01-20,221.14,224.43,220.41,224.31,5210962.0
2023-01-23,224.6,226.2,223.15,224.18,5501462.0
2023-01-24,222.02,250.58,216.63,223.89,5274934.0
2023-01-25,221.62,224.97,221.17,224.9,4729630.0
2023-01-26,226.0,227.08,223.67,224.71,7043444.0
2023-01-27,228.0,232.84,227.25,231.44,11382643.0
2023-01-30,230.2,230.42,227.93,229.1,5677404.0
2023-01-31,228.81,230.8,228.45,230.21,11294209.0
2023-02-01,229.37,232.66,227.8,230.9,5792650.0
2023-02-02,233.96,234.3,228.37,229.56,7189990.0
2023-02-03,228.69,230.86,227.64,230.13,5243645.0
2023-02-06,228.7,230.26,228.04,229.44,3402356.0
2023-02-07,228.02,232.13,227.95,231.32,4042815.0
2023-02-08,230.34,231.86,229.99,230.2,4978585.0
2023-02-09,232.41,232.48,229.13,229.35,5238412.0
2023-02-10,228.96,229.91,226.16,227.2,4509889.0
2023-02-13,226.88,229.83,226.27,228.88,4946705.0
2023-02-14,228.67,231.42,227.17,229.39,4829396.0
2023-02-15,227.59,229.07,226.8,228.92,4407545.0
2023-02-16,226.07,228.36,225.67,225.83,3865852.0
2023-02-17,224.18,224.77,221.74,223.56,4520303.0
2023-02-21,220.16,222.44,219.99,220.62,7276091.0
2023-02-22,220.41,221.75,219.45,220.02,4621995.0
2023-02-23,221.56,222.09,218.93,221.13,5533847.0
2023-02-24,218.48,220.24,217.46,219.55,4414363.0
2023-02-27,220.73,221.44,219.34,220.35,4255459.0
2023-02-28,220.0,221.77,219.5,219.94,5385356.0
2023-03-01,219.46,220.27,216.43,218.36,4792656.0
2023-03-02,217.89,219.6,217.09,219.06,5539467.0
2023-03-03,220.2,224.02,219.9,223.77,6055410.0
2023-03-06,223.93,227.42,223.69,226.75,5737589.0
2023-03-07,226.75,227.38,223.08,223.17,4386798.0
2023-03-08,221.96,222.93,221.18,222.19,4195134.0
2023-03-09,221.4,224.37,219.66,220.01,5066656.0
2023-03-10,219.03,219.12,215.48,216.14,6639144.0
2023-03-13,214.63,217.85,212.5,214.47,6810947.0
2023-03-14,218.0,219.87,216.04,218.66,7985583.0
2023-03-15,214.41,216.91,213.67,216.37,8372233.0
2023-03-16,215.17,217.58,208.76,217.45,13677052.0
2023-03-17,214.87,218.66,214.87,217.39,18801184.0
2023-03-20,217.0,220.55,216.84,218.15,9817486.0
2023-03-21,221.34,222.51,218.68,221.95,8971367.0
2023-03-22,222.5,224.9,219.92,220.04,6700556.0
2023-03-23,220.44,225.25,220.26,222.59,6427712.0
2023-03-24,220.67,221.33,218.25,221.04,4792394.0
2023-03-27,222.59,224.08,221.39,221.81,7211050.0
2023-03-28,222.82,223.33,218.65,220.33,6418581.0
2023-03-29,222.29,223.55,220.92,223.3,4482956.0
2023-03-30,223.92,224.24,221.21,222.36,5383945.0
2023-03-31,223.6,225.84,223.29,225.46,9508978.0
2023-04-03,225.23,229.16,224.12,229.0,6421512.0
2023-04-04,229.0,230.05,226.83,227.66,5254725.0
2023-04-05,226.78,228.47,226.55,228.17,4813750.0
2023-04-06,226.16,226.73,224.68,225.99,4285206.0
2023-04-10,225.56,226.48,224.32,226.43,4952351.0
2023-04-11,227.0,229.14,226.2,228.45,4513395.0
2023-04-12,229.93,231.59,227.33,227.81,4373002.0
2023-04-13,229.46,232.84,228.8,232.69,7615523.0
2023-04-14,232.99,234.99,232.24,234.02,9781266.0
2023-04-17,234.02,234.05,230.94,233.48,4865041.0
2023-04-18,233.75,234.33,231.69,233.6,4796178.0
2023-04-19,234.0,234.06,231.85,232.57,3833933.0
2023-04-20,232.46,234.67,231.5,234.6,4925659.0
2023-04-21,235.0,235.57,233.38,234.05,6771589.0
2023-04-24,234.23,235.15,231.51,232.76,9124050.0
2023-04-25,233.02,235.02,229.43,229.59,6076450.0
2023-04-26,231.22,232.77,226.72,228.15,8400370.0
2023-04-27,228.67,229.63,226.61,229.01,7128188.0
2023-04-28,228.65,233.57,228.06,232.73,11627877.0
2023-05-01,232.87,234.59,231.51,232.51,4571070.0
2023-05-02,231.95,232.37,226.21,226.98,5244016.0
2023-05-03,226.98,228.67,225.92,225.98,4093320.0
2023-05-04,224.84,226.06,223.48,225.6,5648862.0
2023-05-05,228.34,232.34,227.29,231.78,6237483.0
2023-05-08,231.25,233.45,231.25,232.23,2938546.0
2023-05-09,231.08,234.09,230.82,233.26,4352067.0
2023-05-10,234.3,234.81,228.9,231.27,5245220.0
2023-05-11,230.75,231.52,228.27,231.01,3818035.0
2023-05-12,232.0,232.73,229.82,231.38,3432730.0
2023-05-15,231.19,232.83,230.55,232.81,2843284.0
2023-05-16,232.56,233.1,229.63,230.47,4289809.0
2023-05-17,232.73,233.89,230.55,232.65,4990276.0
2023-05-18,232.4,234.15,231.13,233.6,6621870.0
2023-05-19,234.0,234.34,231.94,233.31,5399403.0
2023-05-22,233.31,233.87,231.18,231.28,3987775.0
2023-05-23,229.27,229.49,223.66,224.58,8537241.0
2023-05-24,222.55,223.1,220.03,222.25,6730750.0
2023-05-25,222.45,224.69,220.49,223.38,6827756.0
2023-05-26,223.82,226.21,223.34,225.01,5067460.0
2023-05-30,225.01,225.47,219.75,221.64,6916013.0
2023-05-31,219.96,221.53,216.14,221.03,20460616.0
2023-06-01,222.73,226.71,222.43,226.5,7003563.0
2023-06-02,228.81,230.27,227.42,228.79,5897069.0
2023-06-05,227.91,228.33,225.31,226.77,4858949.0
2023-06-06,226.69,229.25,226.16,228.22,6020168.0
2023-06-07,227.0,227.55,221.02,225.27,8517188.0
2023-06-08,225.09,225.14,222.41,223.05,6250073.0
2023-06-09,223.64,225.18,222.76,223.56,6385287.0
2023-06-12,224.41,226.45,223.63,226.17,8621521.0
2023-06-13,225.62,227.15,222.63,223.4,6868741.0
2023-06-14,223.74,225.47,222.58,223.44,9160723.0
2023-06-15,222.02,227.11,221.37,226.17,12533970.0
2023-06-16,226.45,229.8,226.08,228.91,13628902.0
2023-06-20,227.0,229.57,226.18,226.47,12312629.0
2023-06-21,226.12,228.63,224.98,227.25,7032143.0
2023-06-22,226.36,228.93,225.5,228.39,6275806.0
2023-06-23,227.22,229.98,226.39,229.55,5424352.0
2023-06-26,229.44,230.1,226.2,226.3,5165372.0
2023-06-27,227.48,228.61,226.52,227.34,4628474.0
2023-06-28,227.5,228.06,226.02,227.96,5324532.0
2023-06-29,228.79,234.7,228.6,234.32,7118889.0
2023-06-30,236.27,238.28,235.95,237.48,6879444.0
2023-07-03,237.0,238.4,235.41,237.97,3087351.0
2023-07-05,234.41,240.0,233.99,239.45,7601399.0
2023-07-06,238.27,239.6,236.69,238.88,6442089.0
2023-07-07,236.73,238.44,236.13,236.45,5729515.0
2023-07-10,237.01,239.1,236.5,238.16,4858862.0
2023-07-11,238.81,240.7,238.12,240.55,3857069.0
2023-07-12,241.55,243.95,241.23,242.21,6116018.0
2023-07-13,243.79,244.27,243.15,243.31,5819609.0
2023-07-14,244.73,244.74,241.96,243.16,4941178.0
2023-07-17,243.11,245.37,243.0,243.99,4328605.0
2023-07-18,243.1,243.18,237.68,240.77,7674704.0
2023-07-19,241.25,242.59,240.12,241.42,4835518.0
2023-07-20,241.16,241.61,239.07,239.62,4694950.0
2023-07-21,239.74,240.35,238.73,239.25,5427353.0
2023-07-24,239.68,241.28,238.19,240.74,6009950.0
2023-07-25,240.02,240.8,238.56,238.69,4997534.0
2023-07-26,231.42,238.85,227.68,237.1,7551396.0
2023-07-27,237.42,238.66,232.96,234.44,8160062.0
2023-07-28,234.58,235.88,233.71,235.75,6795307.0
2023-07-31,236.0,238.42,236.0,237.73,4799690.0
2023-08-01,237.14,240.73,237.0,239.78,4629291.0
2023-08-02,238.63,238.79,236.79,237.56,4868402.0
2023-08-03,236.0,239.05,235.25,238.76,5034095.0
2023-08-04,238.0,241.91,237.84,238.99,5169670.0
2023-08-07,239.22,242.18,239.21,241.51,5649780.0
2023-08-08,240.42,241.36,237.39,239.29,5080585.0
2023-08-09,240.5,241.97,239.49,239.76,4055027.0
2023-08-10,240.62,243.95,240.09,240.16,4778017.0
2023-08-11,240.0,240.72,238.42,240.04,3607104.0
2023-08-14,240.72,243.33,240.26,242.9,4351136.0
2023-08-15,242.01,242.67,239.35,239.83,3770078.0
2023-08-16,236.53,241.07,236.02,239.29,3218574.0
2023-08-17,240.0,240.38,236.49,237.37,4177578.0
2023-08-18,235.58,239.05,235.3,238.17,4344962.0
2023-08-21,239.38,240.53,237.76,239.46,3573630.0
2023-08-22,240.0,241.43,238.67,240.57,3848688.0
2023-08-23,241.32,242.54,240.72,242.3,4947728.0
2023-08-24,242.25,243.56,239.36,239.47,4570869.0
2023-08-25,241.38,243.41,240.21,242.57,3541533.0
2023-08-28,243.01,245.23,242.6,243.83,3741458.0
2023-08-29,243.5,245.83,243.4,245.34,3975738.0
2023-08-30,246.42,248.23,246.05,246.23,4573291.0
2023-08-31,245.59,248.02,245.45,245.68,5532610.0
2023-09-01,247.47,248.87,246.77,248.11,4112905.0
2023-09-05,248.35,248.69,245.2,245.34,4459645.0
2023-09-06,245.42,246.66,244.21,246.16,4520355.0
2023-09-07,245.5,247.4,245.11,247.14,4008017.0
2023-09-08,247.79,248.14,246.44,247.29,3309819.0
2023-09-11,247.33,248.36,246.27,247.22,2995835.0
2023-09-12,246.94,247.76,246.01,247.3,3499561.0
2023-09-13,247.15,250.06,246.61,247.83,5657025.0
2023-09-14,245.0,245.54,238.75,241.5,11999981.0
2023-09-15,241.9,244.1,240.03,241.07,13077932.0
2023-09-18,240.94,245.23,240.77,244.66,4771567.0
2023-09-19,245.0,245.12,241.46,243.56,4709207.0
2023-09-20,243.63,244.53,241.67,241.86,5756898.0
2023-09-21,240.77,240.78,236.27,236.61,6881943.0
2023-09-22,236.75,237.79,234.88,235.08,5935586.0
2023-09-25,235.38,235.47,232.21,233.36,5921753.0
2023-09-26,231.93,232.67,229.6,229.65,6193243.0
2023-09-27,230.26,230.68,227.92,229.5,6006676.0
2023-09-28,230.67,232.54,229.67,231.66,4203886.0
2023-09-29,232.84,233.03,229.65,230.01,6045177.0
2023-10-02,229.24,231.37,228.77,231.27,5175345.0
2023-10-03,230.47,231.75,227.78,228.81,5585744.0
2023-10-04,229.48,231.7,228.88,231.22,5430925.0
2023-10-05,230.41,234.19,230.22,233.48,6126433.0
2023-10-06,233.17,236.59,232.75,235.04,6401280.0
2023-10-09,232.8,235.17,231.7,234.44,5372332.0
2023-10-10,234.9,238.22,234.28,236.6,4644223.0
2023-10-11,237.55,238.51,234.89,235.68,4760890.0
2023-10-12,236.71,237.73,234.89,236.78,4472920.0
2023-10-13,236.39,238.65,236.23,237.67,4966925.0
2023-10-16,239.0,240.71,238.33,240.07,6227475.0
2023-10-17,239.63,241.48,238.29,241.2,4527629.0
2023-10-18,239.96,240.83,236.99,237.47,9528487.0
2023-10-19,237.47,237.92,233.41,233.81,5927439.0
2023-10-20,234.13,235.77,232.64,233.38,5748146.0
2023-10-23,231.36,234.46,231.28,231.53,5071655.0
2023-10-24,232.89,236.53,232.89,234.65,6843994.0
2023-10-25,232.25,238.48,231.29,236.85,10364327.0
2023-10-26,234.57,235.605,230.36,231.28,6414376.0
2023-10-27,231.17,231.39,228.03,229.27,5540913.0
2023-10-30,232.19,233.38,230.03,233.08,5169813.0
2023-10-31,233.57,235.7199,232.99,235.1,4828205.0
2023-11-01,236.14,239.04,235.68,238.58,4996150.0
2023-11-02,239.91,243.25,239.2,243.25,6286472.0
2023-11-03,245.12,245.32,242.26,243.6,5029706.0
2023-11-06,244.0,244.7799,242.61,243.49,5253990.0
2023-11-07,243.41,245.07,243.38,244.77,4219594.0
2023-11-08,243.49,244.75,242.8,243.91,5117479.0
2023-11-09,244.33,244.48,240.97,241.64,4866372.0
2023-11-10,243.98,245.27,241.97,245.25,4094733.0
2023-11-13,245.0,245.68,244.11,244.67,4088281.0
2023-11-14,246.17,247.93,245.58,246.94,14091577.0
2023-11-15,246.81,248.24,245.34,248.11,13258784.0
2023-11-16,248.59,249.45,247.27,248.57,7051468.0
2023-11-17,249.45,250.24,248.66,249.56,7238157.0
2023-11-20,249.61,250.93,245.6,249.97,8604731.0
2023-11-21,250.03,253.34,250.03,252.23,7213784.0
2023-11-22,253.0,254.54,252.66,253.72,5702536.0
2023-11-24,254.19,254.7,253.5,254.3,1615284.0
2023-11-27,254.3,254.98,252.52,254.14,5478796.0
2023-11-28,253.85,254.15,251.61,252.94,5234847.0
2023-11-29,253.92,256.065,253.52,254.23,4955062.0
2023-11-30,254.25,256.77,253.17,256.68,6874546.0
2023-12-01,255.79,256.91,253.9,256.45,3939644.0
2023-12-04,255.91,257.385,254.35,254.44,5247406.0
2023-12-05,254.19,254.82,252.14,254.61,4198693.0
2023-12-06,255.8,256.83,253.53,254.29,3873934.0
2023-12-07,254.89,256.14,253.5,255.82,3588848.0
2023-12-08,255.0,256.04,253.87,255.74,3732261.0
2023-12-11,255.0,257.63,255.0,256.52,6479296.0
2023-12-12,257.3,259.72,256.395,259.56,5946374.0
2023-12-13,259.15,262.48,258.69,262.38,4859515.0
2023-12-14,263.19,263.25,256.4,258.73,8168577.0
2023-12-15,254.51,258.37,254.446,258.03,13373733.0
2023-12-18,258.7,259.59,257.9473,258.37,6040990.0
2023-12-19,258.61,260.34,257.2,259.99,8730798.0
2023-12-20,260.5,260.82,257.08,257.11,7240797.0
2023-12-21,257.51,259.99,257.04,259.54,6246453.0
2023-12-22,260.0,261.205,258.22,258.43,5111647.0
2023-12-26,258.53,259.735,258.53,259.16,2085022.0
2023-12-27,259.25,259.77,258.31,258.93,4034622.0
2023-12-28,258.54,260.97,258.54,260.4,3020257.0
2023-12-29,260.57,261.46,259.67,260.35,4074595.0
2024-01-02,259.61,260.09,257.67,258.87,5470337.0
2024-01-03,258.55,258.86,256.86,257.98,4147930.0
2024-01-04,258.07,261.04,258.0,259.61,3842445.0
2024-01-05,260.78,261.4599,258.75,259.69,3748199.0
2024-01-08,260.94,262.62,259.95,262.54,4658862.0
2024-01-09,262.0,263.62,261.1435,263.33,7055634.0
2024-01-10,264.97,265.37,262.86,264.56,4355615.0
2024-01-11,265.46,266.19,262.4,264.03,5598297.0
2024-01-12,265.13,265.55,263.71,264.17,4655801.0
2024-01-16,263.52,265.66,262.35,265.24,6196368.0
2024-01-17,264.42,267.1,264.39,266.63,5118660.0
2024-01-18,267.88,268.78,266.415,268.14,6693848.0
2024-01-19,268.18,271.15,267.05,270.9,7226044.0
2024-01-22,272.24,272.35,270.36,271.2,5984272.0
2024-01-23,271.55,271.87,269.91,271.26,5882319.0
2024-01-24,272.57,272.86,271.075,271.65,5021010.0
2024-01-25,271.95,272.78,270.8,272.61,6894942.0
2024-01-26,265.94,270.8704,265.6,267.94,8586247.0
2024-01-29,266.97,275.07,266.71,273.66,6574105.0
2024-01-30,274.59,278.64,274.19,277.15,6548710.0
2024-01-31,277.12,279.99,273.18,273.26,6139292.0
2024-02-01,273.39,277.19,273.36,277.05,7063854.0
2024-02-02,277.61,278.5,275.68,277.18,4848500.0
2024-02-05,277.4,278.0,275.125,275.58,4899025.0
2024-02-06,274.8,276.88,274.03,276.76,4399970.0
2024-02-07,279.38,279.54,277.06,279.39,4785899.0
2024-02-08,279.54,279.66,275.28,275.78,5833408.0
2024-02-09,275.0,277.18,274.09,276.43,4617870.0
2024-02-12,276.43,276.67,274.24,275.07,3676133.0
2024-02-13,273.75,278.0,272.763,275.81,5493775.0
2024-02-14,276.47,277.64,274.71,277.56,4217951.0
2024-02-15,277.655,281.12,277.56,280.98,4834218.0
2024-02-16,280.96,281.12,277.87,278.56,6630615.0
2024-02-20,274.57,276.84,273.34,275.15,6156674.0
2024-02-21,274.63,276.97,273.53,276.76,4770777.0
2024-02-22,279.18,284.06,278.98,283.75,5099951.0
2024-02-23,284.72,285.95,283.5,283.6,5107434.0
2024-02-26,283.04,285.35,282.66,284.15,3856715.0
2024-02-27,284.17,284.17,281.54,283.17,4145372.0
2024-02-28,282.1,286.13,282.085,285.63,4358675.0
2024-02-29,285.5,285.66,282.18,282.64,6633215.0
2024-03-01,283.2,284.91,282.11,283.16,3955352.0
2024-03-04,282.81,283.0,278.13,280.53,5920271.0
2024-03-05,280.27,280.99,277.68,279.38,6227914.0
2024-03-06,280.0,282.0,279.31,280.43,4534785.0
2024-03-07,280.88,281.17,276.16,278.26,5668279.0
2024-03-08,279.0,281.665,278.83,280.04,3928851.0
2024-03-11,279.45,280.77,277.99,280.56,4613959.0
2024-03-12,281.31,284.475,280.29,283.92,7988593.0
2024-03-13,284.66,286.1,283.82,285.14,5783508.0
2024-03-14,288.96,289.0405,284.55,286.41,5484292.0
2024-03-15,283.55,285.63,282.64,283.04,9844951.0
2024-03-18,283.87,286.23,283.25,285.05,4094745.0
2024-03-19,286.66,288.06,285.25,287.35,6594606.0
2024-03-20,287.64,289.87,286.72,289.28,6104907.0
2024-03-21,289.97,290.96,287.9,290.37,5056952.0
2024-03-22,290.0,290.49,282.89,283.26,8744094.0
2024-03-25,283.01,283.5,280.04,281.21,8519165.0
2024-03-26,284.13,284.13,278.41,280.6,8752183.0
2024-03-27,280.25,281.25,276.98,279.02,5190476.0
2024-03-28,278.49,279.8,277.12,279.08,5844358.0
2024-04-01,280.36,280.89,276.79,278.28,5083986.0
2024-04-02,278.0,279.33,276.98,278.44,6912306.0
2024-04-03,280.48,280.48,276.56,276.96,4536847.0
2024-04-04,278.36,279.09,273.56,274.0,4018551.0
2024-04-05,276.1,277.96,275.03,277.14,4392050.0
2024-04-08,276.25,277.98,275.15,277.76,5542399.0
2024-04-09,277.63,278.0,273.32,276.72,7314191.0
2024-04-10,275.42,276.82,274.12,274.48,5276012.0
2024-04-11,274.0,276.48,272.18,275.68,8102059.0
2024-04-12,275.55,277.0,274.06,275.96,9038411.0
2024-04-15,277.89,277.91,270.34,271.28,10267489.0
2024-04-16,270.54,274.13,270.17,271.35,8237131.0
2024-04-17,273.3,274.0,271.5,272.69,5940897.0
2024-04-18,272.57,273.15,269.86,271.37,8231849.0
2024-04-19,271.47,272.0,268.29,269.78,7905368.0
2024-04-22,270.95,273.76,269.36,272.33,6463742.0
2024-04-23,274.01,274.89,272.71,274.11,6438002.0
2024-04-24,282.57,283.0,274.49,275.02,8807157.0
2024-04-25,272.97,276.22,270.49,275.16,8064621.0
2024-04-26,275.01,276.77,273.83,274.52,6840615.0
2024-04-29,272.32,274.47,271.09,271.84,4192247.0
2024-04-30,270.53,272.08,268.59,268.61,6376353.0
2024-05-01,268.15,270.91,266.71,267.32,6125360.0
2024-05-02,269.35,269.47,266.65,267.61,5061698.0
2024-05-03,269.0,269.45,266.5,268.49,3861810.0
2024-05-06,269.65,272.78,269.57,272.67,3958469.0
2024-05-07,273.72,277.88,272.835,276.46,6376932.0
2024-05-08,277.8,278.545,274.915,277.19,9029649.0
2024-05-09,276.8,278.79,276.395,278.54,8948764.0
2024-05-10,279.55,281.03,279.24,280.74,8986467.0
2024-05-13,281.46,282.15,279.1,279.39,10527777.0
2024-05-14,279.44,279.99,274.265,277.74,18525806.0
2024-05-15,277.15,281.73,277.07,281.5,21288130.0
2024-05-16,281.74,282.38,279.26,279.84,10340758.0
2024-05-17,280.05,280.91,278.1,280.1,6177668.0
2024-05-20,279.22,280.27,278.18,278.54,5460684.0
2024-05-21,278.0,278.425,274.88,275.95,6577858.0
2024-05-22,275.53,278.08,275.12,275.58,4202381.0
2024-05-23,275.24,277.44,273.0343,274.23,6115726.0
2024-05-24,275.01,275.24,273.35,274.49,4339589.0
2024-05-28,274.23,274.462,270.23,270.98,6211719.0
2024-05-29,269.0,271.14,268.26,268.86,5469512.0
2024-05-30,268.7,271.64,268.31,271.3,4902861.0
2024-05-31,271.44,272.76,269.01,272.46,8909733.0
2024-06-03,273.09,273.13,268.06,270.38,4838765.0
2024-06-04,269.63,272.99,269.31,272.42,4188128.0
2024-06-05,273.53,274.93,272.02,274.5,5368653.0
2024-06-06,274.8,277.15,274.08,277.04,4862096.0
2024-06-07,277.71,280.335,276.86,278.67,4515606.0
2024-06-10,278.14,278.56,273.38,275.04,5213751.0
2024-06-11,274.54,274.86,272.22,274.67,6244452.0
2024-06-12,276.77,277.6,269.9,270.32,7536636.0
2024-06-13,270.32,271.855,269.316,271.19,7361098.0
2024-06-14,270.1,271.55,269.27,270.66,8537211.0
2024-06-17,269.0,271.83,269.0,271.17,9258028.0
2024-06-18,271.3,273.9,271.3,273.62,6706734.0
2024-06-20,273.19,278.04,273.1,276.82,10163925.0
2024-06-21,277.17,277.54,274.58,275.22,14789940.0
2024-06-24,275.32,280.39,275.27,276.3,24149610.0
2024-06-25,276.85,277.9291,273.53,273.53,19897431.0
2024-06-26,272.91,274.46,271.75,273.6,12171940.0
2024-06-27,268.51,270.59,266.5,266.59,10528676.0
2024-06-28,267.2,268.6,261.25,262.47,13957268.0
2024-07-01,263.79,265.77,261.3,263.24,7955631.0
2024-07-02,263.24,268.23,262.4,268.23,8697734.0
2024-07-03,269.07,269.75,268.15,268.99,4961707.0
2024-07-05,269.0,270.545,268.24,270.36,7986210.0
2024-07-08,270.25,271.44,265.97,266.4,8561136.0
2024-07-09,267.0,267.55,263.92,265.44,6431857.0
2024-07-10,259.12,263.48,258.51,263.0,9634850.0
2024-07-11,262.13,263.63,260.76,262.55,8804710.0
2024-07-12,264.34,267.395,263.66,265.74,6625033.0
2024-07-15,265.67,269.24,265.25,268.45,6844181.0
2024-07-16,268.52,270.21,267.37,269.25,7868755.0
2024-07-17,268.44,272.91,268.24,272.7,5323759.0
2024-07-18,272.29,273.62,268.555,269.15,5549893.0
2024-07-19,270.32,270.95,264.31,265.46,6839763.0
2024-07-22,267.23,268.4,265.02,267.71,5312873.0
2024-07-23,267.53,267.7,263.86,264.79,8109208.0
2024-07-24,256.07,257.2,253.13,254.17,13064165.0
2024-07-25,255.39,258.22,252.7,253.74,8572658.0
2024-07-26,255.59,261.2,255.59,259.46,7062108.0
2024-07-29,260.32,262.705,258.58,261.6,6068059.0
2024-07-30,263.23,264.3,261.01,263.1,5941491.0
2024-07-31,264.54,266.36,264.25,265.67,7642395.0
2024-08-01,266.33,267.0,264.18,265.93,7269210.0
2024-08-02,263.83,267.96,262.88,266.58,7016941.0
2024-08-05,261.45,262.92,254.51,256.44,9630551.0
2024-08-06,256.5,260.49,255.77,258.26,21586446.0
2024-08-07,259.66,262.03,256.31,256.52,12908446.0
2024-08-08,258.13,260.445,257.92,259.83,8223100.0
2024-08-09,259.17,261.52,259.01,259.76,7228026.0
2024-08-12,260.5,261.6,259.24,259.89,26769350.0
2024-08-13,260.13,261.68,259.27,260.13,12005519.0
2024-08-14,260.87,261.5,258.74,261.14,8551983.0
2024-08-15,262.84,267.39,262.84,266.8,7397274.0
2024-08-16,266.85,268.44,265.39,267.38,5111015.0
2024-08-19,267.42,268.3106,265.23,266.47,6555266.0
2024-08-20,267.0,268.04,265.78,268.04,6803465.0
2024-08-21,268.56,269.27,267.39,268.2,6639748.0
2024-08-22,268.94,269.5,266.57,267.94,4425107.0
2024-08-23,268.7,269.21,265.31,267.44,3697413.0
2024-08-26,267.72,270.37,267.67,268.21,4612076.0
2024-08-27,268.52,270.95,267.89,270.72,6593550.0
2024-08-28,271.16,271.98,267.67,269.19,5454675.0
2024-08-29,270.98,275.99,270.45,274.32,5565082.0
2024-08-30,275.0,276.99,274.26,276.37,6295842.0
2024-09-03,276.37,282.09,276.37,278.54,7278026.0
2024-09-04,278.71,281.645,278.7,280.49,6107052.0
2024-09-05,281.0,281.5,277.41,278.62,6447503.0
2024-09-06,277.77,280.28,277.43,279.37,7187535.0
2024-09-09,282.09,286.97,281.65,285.61,10933210.0
2024-09-10,285.93,286.3981,283.57,285.34,5314269.0
2024-09-11,285.02,285.17,278.3,283.96,6281887.0
2024-09-12,284.0,286.0,281.47,285.37,4160967.0
2024-09-13,286.49,288.74,285.55,287.35,4987583.0
2024-09-16,288.05,290.9,287.74,290.48,4458859.0
2024-09-17,290.9,293.07,290.085,291.56,5135497.0
2024-09-18,291.84,292.02,288.13,288.48,5889996.0
2024-09-19,291.09,291.4775,282.87,285.24,10381934.0
2024-09-20,285.5,287.0,283.25,284.77,27805060.0
2024-09-23,284.9,288.88,284.62,288.63,6505347.0
2024-09-24,280.18,281.0,272.71,272.78,13690150.0
2024-09-25,274.19,274.25,268.23,269.63,11671028.0
2024-09-26,270.5,273.24,270.0,271.69,9551728.0
2024-09-27,273.16,277.98,272.78,275.17,6509376.0
2024-09-30,275.0,275.69,273.2,274.95,5971024.0
2024-10-01,276.97,279.06,274.36,277.6,5781564.0
2024-10-02,276.57,277.64,275.37,277.0,4741162.0
2024-10-03,276.67,277.69,275.84,276.86,3036611.0
2024-10-04,277.35,278.44,275.1,277.93,4260758.0
2024-10-07,277.6,277.615,273.24,273.79,4338231.0
2024-10-08,274.71,276.1,274.01,274.96,4370332.0
2024-10-09,275.0,277.49,274.42,276.93,4115320.0
2024-10-10,276.78,277.67,275.35,277.47,4063809.0
2024-10-11,276.04,278.8,275.37,277.84,4746269.0
2024-10-14,279.08,281.3699,277.99,280.68,3996196.0
2024-10-15,281.0,282.64,278.83,279.29,5806941.0
2024-10-16,278.62,287.6,278.35,287.52,9442169.0
2024-10-17,288.57,290.93,287.61,290.39,8815758.0
2024-10-18,289.92,291.04,288.08,290.62,5350879.0
2024-10-21,289.6,290.44,286.33,286.85,6312812.0
2024-10-22,285.05,286.53,283.53,284.79,5736382.0
2024-10-23,286.04,286.055,283.53,283.76,5248996.0
2024-10-24,282.39,283.62,281.73,283.22,4680034.0
2024-10-25,284.0,285.09,280.7801,281.73,4463935.0
2024-10-28,282.04,284.64,281.53,284.19,4305865.0
2024-10-29,284.27,285.7,281.35,281.88,7534700.0
2024-10-30,292.34,295.78,288.33,290.16,9606710.0
2024-10-31,292.09,296.34,289.621,289.85,7949564.0
2024-11-01,288.49,292.67,287.19,290.74,5470666.0
2024-11-04,291.55,293.15,290.76,291.85,4281440.0
2024-11-05,291.71,294.78,291.58,293.29,3752570.0
2024-11-06,306.32,309.0,302.8201,307.4,10320147.0
2024-11-07,307.5,307.63,304.42,305.8,6237309.0
2024-11-08,306.89,311.15,305.69,307.87,6240301.0
2024-11-11,310.09,312.44,309.3,310.92,4673989.0
2024-11-12,309.04,310.55,308.11,309.85,4616426.0
2024-11-13,309.49,310.9485,307.84,309.48,4046176.0
2024-11-14,309.3,311.29,307.83,308.25,4415784.0
2024-11-15,307.56,310.72,306.66,309.64,5106183.0
2024-11-18,309.48,312.41,308.7,312.16,4585882.0
2024-11-19,310.0,312.23,308.51,311.85,4885656.0
2024-11-20,311.86,312.29,306.22,307.39,6349908.0
2024-11-21,307.3,310.92,306.65,309.9,5757378.0
2024-11-22,307.97,311.59,307.9,309.92,5919504.0
2024-11-25,311.86,313.66,309.86,313.19,14189189.0
2024-11-26,314.2,314.5,311.54,311.82,7071576.0
2024-11-27,310.77,316.37,309.49,314.7,5204033.0
2024-11-29,314.29,316.25,313.7,315.08,3755438.0
2024-12-02,316.9,317.42,313.71,316.65,5597327.0
2024-12-03,317.1,317.32,312.77,313.01,5009667.0
2024-12-04,312.42,312.85,308.8,309.9,5981659.0
2024-12-05,309.98,311.09,308.83,309.08,5199868.0
2024-12-06,308.87,312.56,308.8,311.01,4302586.0
2024-12-09,311.83,313.01,307.64,308.3,5785113.0
2024-12-10,307.36,312.98,306.64,312.38,4539727.0
2024-12-11,313.04,315.55,311.215,313.79,4321782.0
2024-12-12,314.82,315.55,313.43,314.23,3218456.0
2024-12-13,315.83,316.95,314.34,314.74,4682112.0
2024-12-16,314.74,317.56,314.1,315.89,6562345.0
2024-12-17,315.82,318.84,315.14,318.3,8843977.0
2024-12-18,318.5,321.615,309.56,309.78,10478723.0
2024-12-19,311.83,316.87,311.23,314.88,8317011.0
2024-12-20,313.57,320.0,312.28,317.71,24386993.0
2024-12-23,315.65,317.97,313.35,317.22,7984452.0
2024-12-24,318.17,321.54,317.28,320.65,2666663.0
2024-12-26,319.77,321.45,319.46,320.91,2855719.0
2024-12-27,319.27,321.5,317.56,318.66,3489115.0
2024-12-30,314.68,317.11,313.23,315.31,3478731.0
2024-12-31,316.12,317.66,315.1901,316.04,3963655.0
2025-01-02,317.78,319.68,312.41,314.4,5372999.0
2025-01-03,314.18,315.92,312.01,314.91,4271715.0
2025-01-06,315.01,315.39,312.07,313.04,6567173.0
2025-01-07,312.89,315.19,311.32,311.67,4958059.0
2025-01-08,311.0,314.04,310.2146,312.6,5161497.0
2025-01-10,311.2,311.85,305.99,307.71,6659976.0
2025-01-13,305.0,306.92,303.84,306.92,9568315.0
2025-01-14,308.75,310.16,307.52,309.09,5107890.0
2025-01-15,313.68,317.1876,313.13,316.28,5221421.0
2025-01-16,315.75,319.18,315.75,317.25,4606596.0
2025-01-17,317.5,320.59,316.71,319.62,5805594.0
2025-01-21,320.31,324.58,320.0,323.63,5652306.0
2025-01-22,324.77,325.74,322.38,323.56,5026107.0
2025-01-23,323.76,328.51,323.57,328.21,5297084.0
2025-01-24,328.02,331.085,327.805,330.2,4327384.0
2025-01-27,330.0,335.49,328.05,334.54,6635799.0
2025-01-28,334.67,337.83,332.89,334.48,5999544.0
2025-01-29,334.5,337.11,334.5,335.88,5086923.0
2025-01-30,339.51,344.44,339.0,343.05,8081233.0
2025-01-31,346.47,351.2499,341.71,341.8,8627723.0
2025-02-03,340.0,346.0,339.24,345.82,8003419.0
2025-02-04,344.6,346.01,342.54,345.15,5532255.0
2025-02-05,346.0,349.4768,345.25,349.44,4938574.0
2025-02-06,349.78,350.65,346.6001,347.48,4294109.0
2025-02-07,348.0,350.7485,347.21,348.02,4261023.0
2025-02-10,348.7,351.9,347.7,351.23,6066866.0
2025-02-11,348.3,352.12,346.25,350.72,5154720.0
2025-02-12,349.16,351.83,347.49,351.49,6759993.0
2025-02-13,353.12,356.08,350.73,355.63,4278930.0
2025-02-14,354.43,355.4299,353.22,353.81,5720183.0
2025-02-18,353.69,356.74,352.4,356.73,5821949.0
2025-02-19,356.015,357.15,354.18,355.23,4151723.0
2025-02-20,355.23,356.13,349.06,350.49,5696667.0
2025-02-21,350.49,353.32,347.48,348.53,6924125.0
2025-02-24,348.755,350.8,347.355,349.86,5055874.0
2025-02-25,351.37,352.5867,346.0,352.09,6191777.0
2025-02-26,350.0,351.83,348.99,350.63,5960359.0
2025-02-27,351.9,360.31,351.675,355.74,7297878.0
2025-02-28,354.71,364.0,353.7109,362.71,15857314.0
2025-03-03,363.0,366.54,359.5401,361.82,9098832.0
2025-03-04,360.11,360.27,350.4,352.23,8955506.0
2025-03-05,350.83,354.1065,348.935,352.68,8244225.0
2025-03-06,345.96,348.87,340.3878,344.16,8610607.0
2025-03-07,340.87,346.39,339.14,345.32,6358562.0
2025-03-10,339.94,345.01,337.6411,341.48,8204296.0
2025-03-11,338.41,339.61,329.575,332.14,9775731.0
2025-03-12,335.97,336.16,329.11,332.84,6295292.0
2025-03-13,330.99,336.2,327.7,328.55,7915141.0
2025-03-14,327.21,332.7657,326.3808,331.8,7810619.0
2025-03-17,330.03,336.11,329.76,334.55,6149297.0
2025-03-18,335.29,335.8,332.3,334.77,7778551.0
2025-03-19,336.8,341.0313,334.5,339.87,5614912.0
2025-03-20,339.0,342.24,337.66,339.5,5432263.0
2025-03-21,337.37,339.43,335.52,335.66,17279481.0
2025-03-24,338.65,345.22,337.6509,343.87,5675011.0
2025-03-25,344.56,345.53,340.67,344.62,3931160.0
2025-03-26,345.99,347.38,343.0,344.18,6187051.0
2025-03-27,344.0,350.84,343.32,349.86,7254761.0
2025-03-28,349.19,351.615,341.605,342.85,5687310.0
2025-03-31,339.35,351.86,334.49,350.46,9950761.0
2025-04-01,350.44,350.45,342.57,346.35,7473287.0
2025-04-02,343.44,348.2,343.05,346.33,5682269.0
2025-04-03,333.9,344.735,331.0,339.39,8792406.0
2025-04-04,330.0,334.65,312.12,313.13,13201668.0
2025-04-07,302.07,322.18,299.0,312.32,12162958.0
2025-04-08,322.24,326.28,303.93,308.27,9568085.0
2025-04-09,305.635,334.03,305.635,332.43,11361600.0
2025-04-10,328.02,330.16,313.27,324.61,8709692.0
2025-04-11,324.43,336.98,322.54,333.4,6804364.0
2025-04-14,336.41,339.6099,333.14,335.18,5011612.0
2025-04-15,336.72,339.39,335.0,335.81,4385882.0
2025-04-16,335.0,337.2243,328.86,331.33,5850596.0
2025-04-17,331.07,334.3199,328.44,329.61,5655758.0
2025-04-21,329.0,329.15,316.6542,320.1,6362276.0
2025-04-22,323.855,332.56,322.39,331.4,5435155.0
2025-04-23,337.24,341.25,333.2,334.37,8906195.0
2025-04-24,333.28,336.77,331.25,335.71,8055173.0
2025-04-25,334.76,336.365,332.17,335.17,4452670.0
