Date,open,high,low,close,volume
2015-04-27,213.77,213.88,211.95,212.24,2233531.0
2015-04-28,212.16,212.92,210.75,212.82,4873830.0
2015-04-29,211.75,212.71,211.03,211.99,3652617.0
2015-04-30,211.3,211.76,209.02,209.85,3187109.0
2015-05-01,210.81,212.19,210.7,212.12,2683435.0
2015-05-04,212.65,213.42,212.53,212.8,1833967.0
2015-05-05,212.43,212.85,210.13,210.34,2541473.0
2015-05-06,210.94,211.33,208.14,209.47,3331860.0
2015-05-07,209.31,210.76,208.92,210.29,5452841.0
2015-05-08,212.28,213.28,212.22,213.03,5096469.0
2015-05-11,213.0,213.3,211.94,212.0,4540299.0
2015-05-12,211.0,212.04,210.02,211.35,3801880.0
2015-05-13,211.92,212.64,211.14,211.43,2720749.0
2015-05-14,212.7,213.75,212.34,213.69,2629768.0
2015-05-15,213.89,214.03,213.3,213.91,2994357.0
2015-05-18,213.7,214.86,213.62,214.54,3439394.0
2015-05-19,214.7,215.0,214.12,214.5,1715471.0
2015-05-20,214.59,215.23,213.95,214.29,1734729.0
2015-05-21,214.17,215.18,213.95,214.91,1341018.0
2015-05-22,214.47,214.98,214.35,214.46,1840230.0
2015-05-26,213.84,213.94,211.63,212.13,3069817.0
2015-05-27,212.7,214.42,212.28,214.16,2495952.0
2015-05-28,213.77,214.03,213.05,213.88,2973190.0
2015-05-29,213.8,213.86,212.25,212.58,3282407.0
2015-06-01,213.35,213.77,212.05,212.95,3509864.0
2015-06-02,212.45,213.6,211.68,212.78,2790806.0
2015-06-03,213.39,214.1,212.76,213.38,3367334.0
2015-06-04,212.49,213.19,211.16,211.66,2920365.0
2015-06-05,211.3,211.98,210.38,211.19,2507292.0
2015-06-08,211.05,211.2,209.78,209.89,2830146.0
2015-06-09,209.91,210.47,209.1,209.82,2581433.0
2015-06-10,210.94,212.82,210.66,212.36,3304702.0
2015-06-11,212.93,213.5,212.64,213.09,3431329.0
2015-06-12,212.08,212.23,211.1,211.41,4894307.0
2015-06-15,209.97,210.85,209.19,210.53,2875507.0
2015-06-16,210.32,211.75,210.13,211.7,3104015.0
2015-06-17,212.01,212.72,210.77,212.02,2361018.0
2015-06-18,212.71,214.76,212.56,214.12,3003044.0
2015-06-19,213.97,214.02,212.8,212.8,3144945.0
2015-06-22,214.4,215.07,214.12,214.37,2918792.0
2015-06-23,214.63,214.91,214.05,214.46,3072851.0
2015-06-24,212.97,213.45,211.75,211.78,2055085.0
2015-06-25,212.42,212.53,211.05,211.11,2924608.0
2015-06-26,211.58,211.84,210.45,211.1,3168667.0
2015-06-29,209.31,210.08,206.59,206.65,4847528.0
2015-06-30,208.5,208.51,206.55,207.06,4625181.0
2015-07-01,209.08,209.32,207.86,208.84,4939268.0
2015-07-02,209.34,209.57,208.1,208.59,2880681.0
2015-07-06,207.02,208.94,206.81,208.04,4561530.0
2015-07-07,208.24,209.46,205.37,209.32,5829361.0
2015-07-08,207.7,208.05,205.52,205.86,5091904.0
2015-07-09,208.36,208.63,206.08,206.08,4394901.0
2015-07-10,208.6,209.25,207.77,208.75,4197390.0
2015-07-13,210.28,211.2,210.25,211.09,3000854.0
2015-07-14,210.98,212.34,210.96,212.0,4364045.0
2015-07-15,212.04,212.58,211.36,211.95,3225090.0
2015-07-16,213.19,213.61,212.9,213.55,4310852.0
2015-07-17,213.6,213.85,213.12,213.78,2326477.0
2015-07-20,214.03,214.46,213.54,213.87,2361012.0
2015-07-21,213.69,214.0,212.69,213.03,2925736.0
2015-07-22,212.2,213.05,212.18,212.59,3075122.0
2015-07-23,212.83,212.91,211.04,211.47,2799631.0
2015-07-24,211.56,211.64,208.86,209.25,3534495.0
2015-07-27,208.18,208.8,207.51,207.99,4497151.0
2015-07-28,209.06,210.76,208.07,210.58,2765638.0
2015-07-29,210.77,212.31,210.57,211.97,3763586.0
2015-07-30,211.43,212.29,210.7,212.06,2181326.0
2015-07-31,212.74,212.74,211.44,211.72,3930240.0
2015-08-03,211.7,211.8,209.93,211.02,5234476.0
2015-08-04,211.0,211.5,210.07,210.62,3045837.0
2015-08-05,211.74,212.58,211.0,211.33,2814987.0
2015-08-06,211.52,211.69,208.9,209.77,2998927.0
2015-08-07,209.43,209.57,208.13,209.18,3556382.0
2015-08-10,210.56,211.93,210.56,211.82,2172929.0
2015-08-11,210.23,210.71,209.02,209.89,2777248.0
2015-08-12,208.35,210.39,206.63,210.11,4090528.0
2015-08-13,210.0,210.8,209.28,209.86,2633790.0
2015-08-14,209.7,210.76,209.52,210.67,2011353.0
2015-08-17,209.94,211.87,209.4,211.82,2200702.0
2015-08-18,211.56,211.94,210.96,211.22,1960474.0
2015-08-19,210.38,211.28,208.6,209.57,5296270.0
2015-08-20,207.79,208.39,205.12,205.17,8371313.0
2015-08-21,203.0,204.12,198.69,198.76,14978748.0
2015-08-24,188.51,196.96,147.21,190.62,13175783.0
2015-08-25,196.51,196.94,188.04,188.33,8885225.0
2015-08-26,193.24,195.88,189.47,195.58,13343138.0
2015-08-27,198.25,200.56,196.34,200.45,9577764.0
2015-08-28,199.66,200.99,199.09,200.48,5409403.0
2015-08-31,199.35,200.29,198.18,198.81,6893171.0
2015-09-01,194.28,195.88,191.83,192.68,12199265.0
2015-09-02,195.78,196.59,193.53,196.59,8877894.0
2015-09-03,197.4,199.21,196.08,196.75,9064695.0
2015-09-04,194.01,194.95,192.71,193.72,7176164.0
2015-09-08,197.06,198.75,196.31,198.57,6455030.0
2015-09-09,200.44,200.63,195.46,195.88,7620620.0
2015-09-10,195.69,198.37,195.38,197.02,4903803.0
2015-09-11,196.44,197.95,195.66,197.85,3362878.0
2015-09-14,198.06,198.15,196.56,197.11,2567321.0
2015-09-15,197.83,200.15,197.23,199.62,4680485.0
2015-09-16,199.92,201.59,199.6,201.35,5172104.0
2015-09-17,201.15,204.05,200.49,200.91,8791444.0
2015-09-18,198.0,199.75,197.15,197.7,5618836.0
2015-09-21,198.62,199.87,197.4,198.59,4906687.0
2015-09-22,195.98,196.64,194.74,196.09,4983694.0
2015-09-23,196.26,196.83,195.08,195.81,4725053.0
2015-09-24,194.32,195.59,192.69,194.97,6842071.0
2015-09-25,195.8,196.09,192.88,193.85,7212556.0
2015-09-28,192.85,192.95,188.71,189.01,11776185.0
2015-09-29,189.3,190.77,187.97,189.05,8622481.0
2015-09-30,191.49,192.88,190.49,192.72,7586686.0
2015-10-01,193.14,193.53,190.88,193.24,5985314.0
2015-10-02,190.8,196.07,190.19,196.07,4655547.0
2015-10-05,197.54,199.84,197.43,199.65,4753468.0
2015-10-06,199.42,200.08,198.09,198.93,4446107.0
2015-10-07,200.05,200.93,198.59,200.51,4943387.0
2015-10-08,199.98,202.67,199.7,202.35,5594457.0
2015-10-09,202.63,203.03,201.72,202.55,3296841.0
2015-10-12,202.55,202.87,202.04,202.68,2117858.0
2015-10-13,201.76,203.28,201.18,201.37,3829616.0
2015-10-14,201.32,202.0,200.07,200.36,2522849.0
2015-10-15,201.27,203.47,200.76,203.47,3000158.0
2015-10-16,203.95,204.41,203.05,204.26,3678710.0
2015-10-19,203.66,204.51,203.28,204.46,3953298.0
2015-10-20,204.05,204.98,203.7,204.22,2432487.0
2015-10-21,204.8,205.02,202.78,203.0,4775194.0
2015-10-22,204.15,206.65,203.96,206.34,4169080.0
2015-10-23,208.47,209.11,207.47,208.66,4270122.0
2015-10-26,208.49,208.52,207.75,208.18,3308558.0
2015-10-27,207.33,208.17,206.95,207.78,4060190.0
2015-10-28,208.19,210.14,207.39,210.11,4507878.0
2015-10-29,209.54,210.44,209.39,210.0,3366753.0
2015-10-30,210.26,210.61,208.93,209.0,3907826.0
2015-11-02,209.52,211.81,209.37,211.55,4290121.0
2015-11-03,211.14,212.87,210.91,212.13,3059362.0
2015-11-04,212.51,212.69,210.94,211.58,3335945.0
2015-11-05,211.65,212.2,210.28,211.32,2726766.0
2015-11-06,210.93,211.51,209.66,211.24,3182688.0
2015-11-09,210.48,210.62,208.13,209.21,3527570.0
2015-11-10,208.69,209.78,208.36,209.72,3550026.0
2015-11-11,210.08,210.11,208.84,208.91,2037758.0
2015-11-12,207.65,208.22,205.97,205.97,4298609.0
2015-11-13,205.46,205.82,203.57,203.67,6860606.0
2015-11-16,203.41,206.82,203.31,206.82,4712752.0
2015-11-17,207.14,208.2,206.04,206.55,8067885.0
2015-11-18,207.2,210.09,207.17,209.87,4701309.0
2015-11-19,209.79,210.24,209.4,209.67,3336921.0
2015-11-20,210.66,211.32,210.06,210.62,5013985.0
2015-11-23,210.48,211.17,209.71,210.22,2329177.0
2015-11-24,208.96,211.01,208.61,210.52,3222014.0
2015-11-25,210.73,210.93,210.24,210.53,1886954.0
2015-11-27,210.6,210.99,210.06,210.71,1062424.0
2015-11-30,211.0,211.08,209.75,209.87,5284217.0
2015-12-01,210.64,212.03,210.31,211.93,4190072.0
2015-12-02,211.84,212.2,209.41,209.74,3814633.0
2015-12-03,210.03,210.34,205.91,206.76,5915216.0
2015-12-04,207.25,211.17,207.09,210.8,6690174.0
2015-12-07,210.4,210.45,208.37,209.5,4073640.0
2015-12-08,207.67,209.2,206.94,208.13,5279983.0
2015-12-09,207.38,209.85,205.36,206.49,5731152.0
2015-12-10,206.61,208.58,206.3,207.01,6195074.0
2015-12-11,204.59,205.26,202.63,202.89,8088188.0
2015-12-14,203.22,204.18,201.1,204.18,8134171.0
2015-12-15,205.87,207.25,205.68,206.19,4734295.0
2015-12-16,207.62,209.58,205.92,209.17,5646652.0
2015-12-17,209.59,209.68,206.0,206.08,6564161.0
2015-12-18,205.13,205.23,202.14,202.22,7049070.0
2015-12-21,203.83,204.23,202.43,203.96,3702854.0
2015-12-22,205.04,206.23,203.91,205.85,4573805.0
2015-12-23,207.08,208.46,206.94,208.44,5299556.0
2015-12-24,206.98,207.54,206.64,206.83,2254651.0
2015-12-28,206.09,206.45,205.15,206.34,3710848.0
2015-12-29,207.56,208.8,207.5,208.51,4690072.0
2015-12-30,208.13,208.21,206.78,206.97,5134874.0
2015-12-31,206.21,206.9,204.87,204.87,6229035.0
2016-01-04,201.47,202.01,199.59,202.0,7438671.0
2016-01-05,202.31,202.88,201.03,202.42,5262102.0
2016-01-06,199.36,201.02,198.57,199.77,5496083.0
2016-01-07,196.3,198.4,194.57,194.99,7543076.0
2016-01-08,196.13,196.81,192.52,192.83,8898238.0
2016-01-11,193.95,194.33,190.78,193.03,7485764.0
2016-01-12,194.85,195.5,192.08,194.52,5444145.0
2016-01-13,195.35,195.81,189.3,189.79,7001935.0
2016-01-14,190.48,194.2,188.57,192.8,6909621.0
2016-01-15,187.64,189.69,186.46,188.74,8830347.0
2016-01-19,190.8,191.01,187.12,188.84,7614588.0
2016-01-20,185.93,188.41,181.9,186.65,10175014.0
2016-01-21,187.11,189.79,185.58,187.62,8797159.0
2016-01-22,190.71,191.67,189.82,191.49,4367460.0
2016-01-25,190.86,191.08,188.34,188.57,4073174.0
2016-01-26,189.36,191.44,188.94,191.13,4635911.0
2016-01-27,190.61,192.5,187.98,189.08,5651429.0
2016-01-28,190.9,191.1,188.08,190.11,5355261.0
2016-01-29,190.94,194.69,190.82,194.62,7807211.0
2016-02-01,193.47,195.53,192.79,194.6,6205910.0
2016-02-02,192.94,192.94,190.47,191.09,7103914.0
2016-02-03,192.39,192.72,188.04,192.11,7296525.0
2016-02-04,191.71,193.69,190.93,192.53,4501120.0
2016-02-05,191.96,192.02,188.14,188.85,5561187.0
2016-02-08,186.68,187.0,183.72,186.31,8096730.0
2016-02-09,184.21,187.87,184.11,186.24,5579391.0
2016-02-10,187.3,189.23,186.04,186.15,3832489.0
2016-02-11,183.18,184.96,182.02,183.83,5838765.0
2016-02-12,185.84,187.58,184.87,187.55,3273447.0
2016-02-16,189.76,190.73,188.56,190.67,3439821.0
2016-02-17,192.12,194.28,191.97,193.83,3891403.0
2016-02-18,194.2,194.25,192.69,193.05,3709035.0
2016-02-19,192.13,193.14,191.42,192.93,2521624.0
2016-02-22,194.85,195.93,194.79,195.72,2514408.0
2016-02-23,195.02,195.28,193.16,193.34,2725527.0
2016-02-24,191.59,194.5,190.27,194.22,2963971.0
2016-02-25,194.71,196.56,193.82,196.5,2725052.0
2016-02-26,197.58,197.68,195.89,196.15,4392586.0
2016-02-29,196.14,197.24,194.42,194.51,5022357.0
2016-03-01,196.02,199.21,195.47,199.19,5127146.0
2016-03-02,198.72,200.09,198.28,200.07,4428018.0
2016-03-03,199.79,200.83,199.14,200.78,3086604.0
2016-03-04,201.08,202.4,200.1,201.48,3465651.0
2016-03-07,200.41,202.12,200.29,201.68,3868462.0
2016-03-08,200.36,200.96,199.25,199.38,3310932.0
2016-03-09,200.39,200.8,199.45,200.41,3236897.0
2016-03-10,201.0,202.11,198.46,200.52,3363115.0
2016-03-11,202.32,203.88,202.2,203.84,2675540.0
2016-03-14,203.25,204.13,202.85,203.56,4579187.0
2016-03-15,202.44,203.28,202.12,203.22,4213249.0
2016-03-16,202.64,204.9,202.59,204.52,3510343.0
2016-03-17,204.35,206.33,203.86,205.81,5149998.0
2016-03-18,206.38,206.94,205.96,206.57,6272981.0
2016-03-21,206.25,207.11,205.96,206.87,4763421.0
2016-03-22,205.92,207.4,205.73,206.75,4602590.0
2016-03-23,205.13,205.36,204.05,204.3,2980785.0
2016-03-24,203.05,204.2,202.77,204.18,3317121.0
2016-03-28,204.67,204.88,203.75,204.31,2277149.0
2016-03-29,203.81,206.26,203.43,206.26,3918948.0
2016-03-30,207.33,207.91,206.65,207.13,2760755.0
2016-03-31,206.96,207.45,206.38,206.65,4603237.0
2016-04-01,205.41,208.2,205.05,207.97,4127493.0
2016-04-04,207.92,208.12,206.95,207.29,3050802.0
2016-04-05,205.75,206.27,204.93,205.26,3062673.0
2016-04-06,205.34,207.54,205.02,207.48,2896998.0
2016-04-07,206.22,206.59,204.13,204.97,7174725.0
2016-04-08,206.38,206.88,204.92,205.58,2432437.0
2016-04-11,206.3,207.11,204.95,205.0,2742983.0
2016-04-12,205.27,207.32,204.75,207.02,2453303.0
2016-04-13,208.05,209.16,207.91,209.1,3195709.0
2016-04-14,209.14,209.66,208.68,209.12,2510655.0
2016-04-15,209.12,209.17,208.47,208.79,2828450.0
2016-04-18,208.2,210.35,208.07,210.31,3474005.0
2016-04-19,210.81,211.28,210.02,210.95,3400235.0
2016-04-20,211.03,212.0,210.48,211.11,2457857.0
2016-04-21,211.21,211.33,209.73,210.06,2968073.0
2016-04-22,209.64,210.35,209.0,210.03,3286351.0
2016-04-25,209.37,209.69,208.61,209.66,2766468.0
2016-04-26,210.13,210.6,209.45,210.01,2227205.0
2016-04-27,209.51,210.9,209.14,210.4,2817110.0
2016-04-28,209.55,210.85,208.03,208.58,4407787.0
2016-04-29,207.81,208.19,206.1,207.46,4362330.0
2016-05-02,208.01,209.26,207.48,209.08,3476948.0
2016-05-03,207.55,207.85,206.36,207.25,3405638.0
2016-05-04,206.05,206.89,205.48,206.07,2467967.0
2016-05-05,206.59,207.01,205.51,206.01,2157999.0
2016-05-06,205.13,206.81,204.94,206.81,2383659.0
2016-05-09,206.63,207.43,206.43,207.01,2813219.0
2016-05-10,207.79,209.54,207.72,209.52,2889178.0
2016-05-11,208.98,209.4,207.57,207.57,3111162.0
2016-05-12,208.36,208.55,206.44,207.67,3348027.0
2016-05-13,207.25,207.91,205.44,205.75,4859597.0
2016-05-16,206.0,208.41,205.95,207.83,2635805.0
2016-05-17,207.52,207.87,205.28,206.0,4337281.0
2016-05-18,205.48,207.35,204.69,206.02,4255107.0
2016-05-19,205.08,205.58,203.8,205.29,3839188.0
2016-05-20,205.99,207.16,205.9,206.54,2658676.0
2016-05-23,206.55,206.9,206.04,206.26,2118140.0
2016-05-24,207.25,209.32,207.2,208.94,2613546.0
2016-05-25,209.75,210.85,209.71,210.35,2453132.0
2016-05-26,210.56,210.81,210.05,210.43,2021294.0
2016-05-27,210.61,211.31,210.56,211.3,2489166.0
2016-05-31,211.66,211.8,210.27,210.97,3585216.0
2016-06-01,210.25,211.58,209.99,211.37,2874110.0
2016-06-02,210.91,212.06,210.33,212.06,3645058.0
2016-06-03,211.34,211.8,209.98,211.35,3327786.0
2016-06-06,211.82,212.88,211.62,212.52,2977011.0
2016-06-07,212.66,213.46,212.62,212.77,2590476.0
2016-06-08,212.94,213.64,212.81,213.45,1625106.0
2016-06-09,212.62,213.35,212.32,213.2,2153353.0
2016-06-10,211.58,211.97,210.54,211.19,3254493.0
2016-06-13,210.48,211.48,209.44,209.52,3657550.0
2016-06-14,209.12,209.83,208.0,209.14,4763405.0
2016-06-15,209.63,210.44,208.6,208.77,3853165.0
2016-06-16,207.81,209.66,206.65,209.45,3748941.0
2016-06-17,209.32,209.38,207.9,208.66,3653497.0
2016-06-20,210.99,211.79,209.91,210.04,4395432.0
2016-06-21,209.47,210.07,208.96,209.62,2706085.0
2016-06-22,209.82,210.69,209.11,209.27,3103625.0
2016-06-23,210.99,212.02,210.46,212.0,2707543.0
2016-06-24,204.83,208.06,203.88,204.21,15206936.0
2016-06-27,202.75,202.77,201.67,201.8,1302218.0
2016-06-28,202.64,204.38,202.26,204.38,7079321.0
2016-06-29,206.01,208.1,205.89,207.8,7239394.0
2016-06-30,208.41,210.72,207.74,210.5,6025112.0
2016-07-01,210.55,211.69,210.54,211.13,4743663.0
2016-07-05,210.14,210.27,208.9,209.64,6212294.0
2016-07-06,209.02,210.99,208.25,210.84,6271003.0
2016-07-07,211.07,211.84,209.84,210.66,3485783.0
2016-07-08,212.24,214.15,212.0,213.86,3206859.0
2016-07-11,214.42,215.28,214.18,214.67,3288068.0
2016-07-12,215.77,216.53,215.49,216.18,4713756.0
2016-07-13,216.67,216.69,215.59,216.16,3845237.0
2016-07-14,217.63,217.91,216.9,217.35,5336221.0
2016-07-15,218.02,218.05,216.54,217.03,3686745.0
2016-07-18,217.17,217.86,216.9,217.63,4112751.0
2016-07-19,217.18,217.46,216.88,217.39,1885536.0
2016-07-20,217.99,218.6,217.47,218.31,1836994.0
2016-07-21,218.19,218.47,216.99,217.52,1791239.0
2016-07-22,217.65,218.56,217.35,218.47,4733869.0
2016-07-25,218.24,218.31,217.22,217.91,1702726.0
2016-07-26,217.82,218.42,217.0,218.0,3090945.0
2016-07-27,218.42,218.51,216.88,217.78,4741766.0
2016-07-28,217.52,218.37,217.0,218.04,1844382.0
2016-07-29,217.72,218.79,217.38,218.37,3093514.0
2016-08-01,218.47,218.9,217.65,218.12,3693740.0
2016-08-02,217.91,218.07,215.81,216.83,4832191.0
2016-08-03,216.73,217.48,216.39,217.47,2448341.0
2016-08-04,217.56,218.02,217.07,217.67,2138178.0
2016-08-05,218.51,219.48,218.33,219.4,3348537.0
2016-08-08,219.66,219.78,219.0,219.28,1572654.0
2016-08-09,219.42,220.01,219.05,219.42,1665882.0
2016-08-10,219.6,219.67,218.47,218.88,2775143.0
2016-08-11,219.54,220.2,219.21,219.89,1791725.0
2016-08-12,219.56,219.97,219.26,219.71,1563325.0
2016-08-15,220.15,220.76,220.15,220.37,1337846.0
2016-08-16,219.86,219.93,219.23,219.25,2987881.0
2016-08-17,219.27,219.79,218.28,219.65,2903074.0
2016-08-18,219.6,220.16,219.48,220.16,1888360.0
2016-08-19,219.59,220.01,219.0,219.82,1657542.0
2016-08-22,219.55,220.05,219.09,219.75,1138768.0
2016-08-23,220.51,220.88,220.16,220.21,1697982.0
2016-08-24,220.06,220.17,218.64,219.17,1526870.0
2016-08-25,218.66,219.45,218.48,218.95,4890398.0
2016-08-26,219.16,220.39,217.5,218.56,4310410.0
2016-08-29,218.71,219.91,218.64,219.6,1576322.0
2016-08-30,219.55,219.82,218.61,219.26,1548081.0
2016-08-31,218.89,219.01,217.73,218.65,2531730.0
2016-09-01,218.64,218.99,217.28,218.67,3249153.0
2016-09-02,219.7,220.14,218.98,219.63,2301408.0
2016-09-06,219.95,220.37,219.12,220.37,3359745.0
2016-09-07,220.12,220.48,219.58,220.33,3668146.0
2016-09-08,219.89,220.22,219.43,219.81,3038008.0
2016-09-09,218.27,218.28,214.48,214.54,7333847.0
2016-09-12,213.59,218.06,213.54,217.63,5110842.0
2016-09-13,216.05,216.37,213.75,214.47,6511965.0
2016-09-14,214.53,215.93,213.71,214.35,4224297.0
2016-09-15,214.14,216.97,213.96,216.52,3416201.0
2016-09-16,215.78,216.0,214.87,215.62,5064693.0
2016-09-19,216.49,217.21,215.34,215.73,2089260.0
2016-09-20,216.71,216.91,215.69,215.75,2005397.0
2016-09-21,216.55,218.36,215.76,218.16,4110985.0
2016-09-22,219.36,219.88,219.06,219.5,4355301.0
2016-09-23,219.06,219.21,218.23,218.35,2483175.0
2016-09-26,216.25,216.46,215.24,215.45,3017786.0
2016-09-27,215.26,216.9,214.84,216.76,3251815.0
2016-09-28,217.07,218.03,215.95,217.9,2140096.0
2016-09-29,217.64,218.1,215.28,215.94,3904214.0
2016-09-30,216.88,218.35,216.6,217.56,3952716.0
2016-10-03,217.03,217.27,216.26,216.89,4753833.0
2016-10-04,217.16,217.4,215.23,215.94,3317927.0
2016-10-05,216.61,217.35,216.56,216.89,2860508.0
2016-10-06,216.59,217.26,215.96,217.1,2436411.0
2016-10-07,217.33,217.58,215.4,216.25,7719757.0
2016-10-10,217.37,217.93,217.22,217.34,2642403.0
2016-10-11,216.88,216.95,213.79,214.66,3985398.0
2016-10-12,214.82,215.53,214.22,214.93,2414454.0
2016-10-13,213.35,214.81,212.41,214.27,4465415.0
2016-10-14,215.39,215.91,214.25,214.29,3713199.0
2016-10-17,214.29,214.59,213.39,213.58,2932766.0
2016-10-18,215.45,215.5,214.49,214.9,1602528.0
2016-10-19,215.2,215.85,214.82,215.43,2718174.0
2016-10-20,215.1,215.75,214.33,215.06,2519532.0
2016-10-21,214.19,215.3,213.99,215.16,2227363.0
2016-10-24,216.23,216.53,215.7,216.11,2259707.0
2016-10-25,215.9,216.2,215.21,215.42,2189196.0
2016-10-26,214.42,215.64,214.16,214.97,2501306.0
2016-10-27,215.81,215.83,214.3,214.38,2882118.0
2016-10-28,214.33,215.14,212.93,213.75,3880636.0
2016-10-31,214.16,214.39,213.57,213.69,4264486.0
2016-11-01,214.13,214.18,210.79,212.23,8078975.0
2016-11-02,211.87,212.29,210.41,210.9,3788573.0
2016-11-03,211.17,211.41,209.64,210.02,3740285.0
2016-11-04,210.09,211.07,209.57,209.67,3932505.0
2016-11-07,212.65,214.39,212.49,214.32,8402496.0
2016-11-08,213.92,216.0,213.6,215.33,6417900.0
2016-11-09,213.51,218.34,213.47,217.69,9806765.0
2016-11-10,218.58,219.55,216.45,218.12,8137025.0
2016-11-11,217.32,217.92,216.55,217.73,7363457.0
2016-11-14,218.37,218.5,216.95,217.79,3747632.0
2016-11-15,218.29,219.52,218.02,219.52,5304554.0
2016-11-16,218.78,219.38,218.67,219.24,4248514.0
2016-11-17,219.32,220.31,219.17,220.23,5749692.0
2016-11-18,220.31,220.52,219.53,219.79,4573051.0
2016-11-21,220.42,221.44,220.26,221.39,3181396.0
2016-11-22,221.8,222.05,220.99,221.76,3062262.0
2016-11-23,221.25,222.03,221.01,222.0,3758472.0
2016-11-25,222.36,222.82,222.29,222.81,1850782.0
2016-11-28,222.43,222.75,221.63,221.83,4820720.0
2016-11-29,221.81,222.72,221.43,222.19,3569662.0
2016-11-30,222.94,223.1,221.53,221.53,6248841.0
2016-12-01,221.97,221.98,220.42,220.73,3842202.0
2016-12-02,220.93,221.5,220.52,220.91,3309576.0
2016-12-05,221.94,222.67,221.69,222.19,2441784.0
2016-12-06,222.51,223.02,221.93,222.99,3124518.0
2016-12-07,222.83,225.97,222.66,225.87,3498494.0
2016-12-08,225.9,227.0,225.56,226.41,4662050.0
2016-12-09,226.72,227.85,226.69,227.85,4484717.0
2016-12-12,227.74,228.29,227.09,227.57,4742256.0
2016-12-13,228.38,229.69,228.34,229.05,5940551.0
2016-12-14,228.74,229.59,226.69,227.32,8444913.0
2016-12-15,227.5,229.16,227.34,228.08,4934203.0
2016-12-16,228.67,228.74,227.33,227.73,5192795.0
2016-12-19,227.91,228.68,227.76,228.15,4271251.0
2016-12-20,228.82,229.24,228.54,229.05,3590748.0
2016-12-21,227.67,227.83,227.14,227.18,2818971.0
2016-12-22,226.97,227.1,226.29,226.85,2276823.0
2016-12-23,226.82,227.08,226.58,227.0,2612705.0
2016-12-27,227.39,228.1,227.39,227.64,2560648.0
2016-12-28,227.95,227.95,225.64,225.77,3972331.0
2016-12-29,225.85,226.25,225.21,225.75,4484439.0
2016-12-30,226.13,226.2,224.09,224.99,5462415.0
2017-01-03,226.4,227.2,225.24,226.58,6396363.0
2017-01-04,226.96,228.11,226.95,227.95,4098998.0
2017-01-05,227.63,227.96,226.85,227.74,2969801.0
2017-01-06,227.91,229.13,227.28,228.64,3107214.0
2017-01-09,228.27,228.47,227.81,227.9,2355230.0
2017-01-10,227.83,228.82,227.38,227.8,2961614.0
2017-01-11,227.76,228.43,226.96,228.41,4012745.0
2017-01-12,227.88,228.14,226.32,227.97,3535389.0
2017-01-13,228.13,228.79,228.07,228.39,4580839.0
2017-01-17,227.71,228.16,227.19,227.64,4929087.0
2017-01-18,227.95,228.17,227.29,228.08,3210173.0
2017-01-19,228.21,228.4,226.79,227.35,2588707.0
2017-01-20,228.08,228.69,227.44,228.1,3079280.0
2017-01-23,227.74,228.18,226.66,227.57,3770505.0
2017-01-24,227.8,229.47,227.66,228.96,2516313.0
2017-01-25,230.09,230.96,229.89,230.82,3863970.0
2017-01-26,230.79,231.1,230.4,230.75,3277914.0
2017-01-27,230.82,230.96,230.17,230.4,2511646.0
2017-01-30,229.55,229.6,227.79,229.03,3812149.0
2017-01-31,228.33,228.97,227.72,228.93,4792928.0
2017-02-01,229.69,229.97,228.33,229.05,6480665.0
2017-02-02,228.61,229.48,228.22,229.13,3178400.0
2017-02-03,230.22,230.93,229.85,230.79,1837548.0
2017-02-06,230.26,230.72,229.95,230.38,1673980.0
2017-02-07,230.8,231.05,230.11,230.37,2331368.0
2017-02-08,230.0,230.79,229.72,230.65,1963679.0
2017-02-09,230.96,232.35,230.93,232.0,3268588.0
2017-02-10,232.44,233.19,232.3,232.91,2683920.0
2017-02-13,233.55,234.51,233.49,234.2,2641225.0
2017-02-14,234.02,235.15,233.59,235.14,3020991.0
2017-02-15,234.91,236.59,234.85,236.34,3777136.0
2017-02-16,236.42,236.6,235.33,236.22,3401891.0
2017-02-17,235.39,236.51,235.39,236.49,2351763.0
2017-02-21,237.0,238.15,236.99,237.92,2596793.0
2017-02-22,237.48,238.02,237.3,237.78,2949981.0
2017-02-23,238.38,238.38,237.02,237.97,2238882.0
2017-02-24,236.93,238.26,236.88,238.26,2465369.0
2017-02-27,238.11,238.78,237.82,238.63,2435273.0
2017-02-28,238.18,238.42,237.5,238.03,3363673.0
2017-03-01,239.86,241.81,239.85,241.22,4578156.0
2017-03-02,241.08,241.08,239.7,239.83,3227326.0
2017-03-03,239.66,240.11,239.22,239.97,3069790.0
2017-03-06,238.99,239.6,238.5,239.27,3257490.0
2017-03-07,238.85,239.25,238.26,238.57,7260849.0
2017-03-08,238.84,239.09,237.88,238.09,3586287.0
2017-03-09,238.16,238.71,237.22,238.32,2561529.0
2017-03-10,239.47,239.52,238.07,239.15,2877017.0
2017-03-13,239.1,239.34,238.73,239.29,1951948.0
2017-03-14,238.65,238.73,237.66,238.44,2935681.0
2017-03-15,239.05,240.93,238.78,240.39,3936643.0
2017-03-16,240.61,240.7,239.6,240.08,4628440.0
2017-03-17,240.37,240.49,239.58,239.59,3024221.0
2017-03-20,239.56,239.87,238.85,239.28,2484284.0
2017-03-21,240.02,240.12,236.07,236.26,4904795.0
2017-03-22,236.27,237.1,235.56,236.78,3621588.0
2017-03-23,236.51,237.84,236.1,236.52,6110224.0
2017-03-24,235.84,236.5,234.43,235.39,4124639.0
2017-03-27,233.4,235.38,233.1,235.05,3364178.0
2017-03-28,234.73,237.28,234.62,236.78,2979603.0
2017-03-29,236.48,237.29,236.2,237.13,4213678.0
2017-03-30,236.95,238.01,236.76,237.73,2520997.0
2017-03-31,237.37,238.0,237.17,237.27,5580171.0
2017-04-03,237.32,237.52,235.4,236.87,6405927.0
2017-04-04,236.47,237.06,236.04,236.98,3037641.0
2017-04-05,237.73,238.87,236.05,236.28,5826442.0
2017-04-06,236.46,237.5,235.92,236.9,2329234.0
2017-04-07,236.62,237.48,236.12,236.68,2278310.0
2017-04-10,236.86,237.73,236.23,236.85,1921363.0
2017-04-11,236.37,236.65,234.81,236.55,2700216.0
2017-04-12,236.23,236.42,235.25,235.59,3354071.0
2017-04-13,235.09,235.95,234.02,234.03,2997487.0
2017-04-17,234.58,236.06,234.36,236.06,2642087.0
2017-04-18,235.19,235.96,234.56,235.35,2745916.0
2017-04-19,236.01,236.44,234.65,234.94,2311977.0
2017-04-20,235.65,237.33,235.26,236.73,4790517.0
2017-04-21,236.75,236.78,235.61,236.13,3469415.0
2017-04-24,238.71,238.92,238.12,238.64,6335109.0
2017-04-25,239.41,240.47,239.31,240.05,4149945.0
2017-04-26,240.05,241.05,239.86,239.95,4795458.0
2017-04-27,240.29,240.46,239.48,240.09,3393963.0
2017-04-28,240.45,240.45,239.45,239.56,2589981.0
2017-05-01,240.19,240.68,239.7,240.22,6852066.0
2017-05-02,240.39,240.49,239.82,240.31,2639425.0
2017-05-03,239.81,240.26,239.22,240.07,4746112.0
2017-05-04,240.37,240.44,239.28,240.23,3997804.0
2017-05-05,240.68,241.26,240.2,241.26,2574624.0
2017-05-08,241.31,241.45,240.69,241.17,2411739.0
2017-05-09,241.5,241.7,240.55,240.99,2840735.0
2017-05-10,240.86,241.4,240.66,241.38,1884909.0
2017-05-11,240.88,241.08,239.64,240.94,2633115.0
2017-05-12,240.61,240.7,240.19,240.57,2076089.0
2017-05-15,241.0,241.96,240.97,241.79,2122306.0
2017-05-16,242.17,242.2,241.14,241.59,3783382.0
2017-05-17,239.62,240.13,237.24,237.34,6999306.0
2017-05-18,237.19,239.23,236.91,238.19,4583752.0
2017-05-19,238.81,240.59,238.77,239.86,3052283.0
2017-05-22,240.39,241.22,240.33,241.0,2458571.0
2017-05-23,241.5,241.75,241.03,241.52,2346000.0
2017-05-24,241.84,242.25,241.46,242.12,2053628.0
2017-05-25,242.73,243.61,242.49,243.27,2687069.0
2017-05-26,243.08,243.42,242.97,243.23,2106709.0
2017-05-30,242.87,243.32,242.7,243.08,2363807.0
2017-05-31,243.38,243.43,242.18,242.9,3346391.0
2017-06-01,243.47,244.89,243.18,244.83,3384695.0
2017-06-02,244.98,245.91,244.63,245.67,3170719.0
2017-06-05,245.52,245.84,245.33,245.51,1747323.0
2017-06-06,244.81,245.51,244.67,244.85,3054722.0
2017-06-07,245.18,245.48,244.39,245.25,1759672.0
2017-06-08,245.33,245.89,244.75,245.32,2281990.0
2017-06-09,245.67,246.57,243.48,244.94,5729401.0
2017-06-12,244.67,244.98,243.93,244.91,3989416.0
2017-06-13,245.58,246.19,245.14,246.11,3569277.0
2017-06-14,246.43,246.49,244.85,245.84,5982839.0
2017-06-15,244.24,245.47,243.92,245.38,3807437.0
2017-06-16,245.53,245.54,244.37,245.18,6978153.0
2017-06-19,246.35,247.49,246.22,247.39,5248522.0
2017-06-20,246.99,247.0,245.74,245.78,2785450.0
2017-06-21,246.17,246.34,245.16,245.68,3036372.0
2017-06-22,245.71,246.28,245.38,245.6,2368180.0
2017-06-23,245.69,246.26,245.27,245.85,2265162.0
2017-06-26,246.66,247.14,245.79,246.0,2729434.0
2017-06-27,244.62,245.01,242.94,243.04,3772284.0
2017-06-28,244.16,245.34,243.86,245.1,2858808.0
2017-06-29,245.31,245.36,241.58,243.03,4609507.0
2017-06-30,243.93,244.33,243.2,243.41,5779532.0
2017-07-03,244.5,245.01,243.85,243.87,2299911.0
2017-07-05,244.25,244.63,243.33,244.39,5420192.0
2017-07-06,243.53,243.65,241.96,242.19,3827118.0
2017-07-07,242.82,243.91,242.64,243.71,2466163.0
2017-07-10,243.57,244.42,243.4,243.94,3397113.0
2017-07-11,243.87,244.17,242.48,243.8,1247588.0
2017-07-12,244.98,245.84,245.0,245.58,1452148.0
2017-07-13,245.69,246.2,245.44,246.06,985397.0
2017-07-14,246.09,247.62,245.97,247.17,911678.0
2017-07-17,247.13,247.58,246.99,247.16,1669081.0
2017-07-18,246.74,247.38,246.32,247.32,1433958.0
2017-07-19,247.71,248.67,247.68,248.62,1786975.0
2017-07-20,248.95,249.1,248.16,248.71,1700075.0
2017-07-21,248.13,248.57,247.84,248.53,1126591.0
2017-07-24,248.48,248.65,247.95,248.48,1485914.0
2017-07-25,249.39,249.48,248.84,249.06,2615092.0
2017-07-26,249.43,249.48,248.8,249.13,1698040.0
2017-07-27,249.66,249.69,247.34,248.91,3435848.0
2017-07-28,248.36,248.73,247.8,248.58,1213295.0
2017-07-31,249.04,249.15,248.2,248.46,3440122.0
2017-08-01,249.13,249.17,248.48,249.0,1401939.0
2017-08-02,249.19,249.28,248.05,249.11,1543762.0
2017-08-03,249.01,249.01,248.32,248.67,916285.0
2017-08-04,249.19,249.47,248.65,249.07,934187.0
2017-08-07,249.19,249.55,249.05,249.51,839294.0
2017-08-08,249.19,250.6,248.51,248.96,939896.0
2017-08-09,248.12,248.99,247.73,248.92,2358307.0
2017-08-10,247.95,248.1,245.35,245.47,4153312.0
2017-08-11,245.65,246.44,245.39,245.72,3288416.0
2017-08-14,247.25,248.45,247.24,248.17,2551757.0
2017-08-15,248.67,248.67,247.83,248.15,2076115.0
2017-08-16,248.77,249.24,248.13,248.6,3208978.0
2017-08-17,247.91,248.27,244.76,244.8,4995102.0
2017-08-18,244.54,245.8,243.83,244.25,5010255.0
2017-08-21,244.25,244.82,243.45,244.59,3513889.0
2017-08-22,245.21,247.28,245.19,247.0,2191378.0
2017-08-23,245.97,246.69,245.81,246.15,2485212.0
2017-08-24,246.66,246.83,245.39,245.69,2317385.0
2017-08-25,246.56,247.27,246.05,246.18,3189347.0
2017-08-28,246.81,246.85,245.75,246.23,1904745.0
2017-08-29,244.76,246.81,244.57,246.54,3598192.0
2017-08-30,246.5,247.99,246.29,247.73,1941780.0
2017-08-31,248.39,249.46,248.3,249.14,4855319.0
2017-09-01,249.63,250.03,249.38,249.57,5905228.0
2017-09-05,248.91,249.19,246.62,247.78,5105147.0
2017-09-06,248.55,248.98,247.91,248.61,3783146.0
2017-09-07,248.96,248.96,248.09,248.61,3547072.0
2017-09-08,248.19,248.79,247.99,248.19,3297336.0
2017-09-11,249.75,251.01,249.73,250.9,3152118.0
2017-09-12,251.35,251.81,251.15,251.8,2668574.0
2017-09-13,251.42,251.94,251.32,251.91,2138358.0
2017-09-14,251.51,252.03,251.33,251.82,3002742.0
2017-09-15,251.7,252.24,251.54,252.14,2542749.0
2017-09-18,252.58,253.09,252.24,252.71,1674513.0
2017-09-19,252.96,253.05,252.59,252.95,3625774.0
2017-09-20,253.05,253.16,251.9,253.1,5502212.0
2017-09-21,252.87,252.95,252.16,252.36,2928806.0
2017-09-22,252.01,252.6,251.99,252.37,2451410.0
2017-09-25,252.1,252.52,251.04,251.89,5202928.0
2017-09-26,251.1,251.37,250.49,250.75,3614002.0
2017-09-27,251.6,252.17,250.55,251.73,3769477.0
2017-09-28,251.38,252.13,251.32,252.0,2694792.0
2017-09-29,252.02,253.02,251.82,252.93,5551479.0
2017-10-02,253.19,253.99,253.11,253.97,4039304.0
2017-10-03,254.13,254.59,253.93,254.57,2205184.0
2017-10-04,254.4,255.15,254.29,254.9,2833759.0
2017-10-05,255.27,256.42,255.12,256.38,4058950.0
2017-10-06,255.88,256.19,255.6,256.11,8052964.0
2017-10-09,256.34,256.42,255.37,255.68,1393785.0
2017-10-10,256.35,256.77,255.72,256.34,3852694.0
2017-10-11,256.21,256.74,256.05,256.71,3584304.0
2017-10-12,256.35,256.78,256.1,256.34,3014234.0
2017-10-13,256.9,257.01,256.49,256.63,2552822.0
2017-10-16,256.92,257.24,256.54,257.05,2833213.0
2017-10-17,256.97,257.25,256.72,257.21,2220012.0
2017-10-18,257.64,257.69,257.24,257.43,1734704.0
2017-10-19,256.57,257.55,256.08,257.53,2578709.0
2017-10-20,258.48,258.88,258.16,258.85,1985249.0
2017-10-23,259.21,259.22,257.75,257.86,3628480.0
2017-10-24,258.31,258.56,257.89,258.25,3478251.0
2017-10-25,257.9,258.04,255.72,257.04,5029604.0
2017-10-26,257.75,258.03,257.29,257.35,4211070.0
2017-10-27,258.24,259.64,257.9,259.41,2555378.0
2017-10-30,258.82,259.35,258.17,258.52,4337061.0
2017-10-31,258.94,259.19,258.56,258.81,3346649.0
2017-11-01,259.79,260.19,258.82,259.23,2512251.0
2017-11-02,259.17,259.49,257.94,259.37,3351507.0
2017-11-03,259.54,260.25,259.06,260.18,2690269.0
2017-11-06,260.04,260.77,259.99,260.62,2436958.0
2017-11-07,260.8,261.12,259.87,260.49,5422805.0
2017-11-08,260.25,261.0,259.94,260.94,3850890.0
2017-11-09,259.49,260.16,258.11,259.99,2986129.0
2017-11-10,259.48,259.97,259.13,259.81,2804439.0
2017-11-13,259.06,260.36,259.02,260.1,2445273.0
2017-11-14,259.14,259.62,258.28,259.58,3737576.0
2017-11-15,258.39,258.98,257.38,258.18,2710374.0
2017-11-16,259.3,260.82,259.26,260.34,3554539.0
2017-11-17,259.88,260.19,259.54,259.63,3205166.0
2017-11-20,259.91,260.28,259.61,260.04,2784610.0
2017-11-21,260.95,261.97,260.87,261.73,2926987.0
2017-11-22,261.76,261.91,261.34,261.54,3530976.0
2017-11-24,262.06,262.27,261.95,262.09,1197025.0
2017-11-27,262.18,262.54,261.79,262.01,3676600.0
2017-11-28,262.59,264.7,262.45,264.65,2258592.0
2017-11-29,264.84,265.44,264.0,264.48,3270415.0
2017-11-30,265.58,267.87,265.5,266.89,4903302.0
2017-12-01,266.61,267.14,262.57,266.26,6305597.0
2017-12-04,268.13,268.65,265.95,265.98,5241433.0
2017-12-05,266.23,266.97,264.84,264.99,2910672.0
2017-12-06,264.61,265.55,264.53,265.05,2297156.0
2017-12-07,264.9,266.24,264.77,265.85,4922770.0
2017-12-08,266.81,267.37,266.56,267.3,2625294.0
2017-12-11,267.38,268.23,267.33,268.22,3461096.0
2017-12-12,268.46,269.17,268.19,268.63,3373376.0
2017-12-13,268.9,269.41,268.51,268.57,3387231.0
2017-12-14,268.93,269.07,267.44,267.53,5997723.0
2017-12-15,268.7,270.25,268.61,269.79,7657234.0
2017-12-18,271.31,271.84,271.23,271.47,5644275.0
2017-12-19,270.48,270.48,269.06,269.13,5188445.0
2017-12-20,270.21,270.3,268.67,268.99,3016143.0
2017-12-21,269.68,270.34,269.27,269.53,3886211.0
2017-12-22,269.55,269.6,268.86,269.46,4577284.0
2017-12-26,269.04,269.38,268.85,269.12,2800251.0
2017-12-27,269.3,269.68,268.97,269.29,3319404.0
2017-12-28,269.8,269.88,269.41,269.79,2614274.0
2017-12-29,270.5,270.5,268.59,268.85,3368508.0
2018-01-02,269.84,270.85,269.37,270.85,8545617.0
2018-01-03,271.05,272.63,270.95,272.42,3768431.0
2018-01-04,273.23,274.17,273.11,273.6,3394732.0
2018-01-05,274.55,275.56,273.98,275.33,4150543.0
2018-01-08,275.37,276.11,274.99,275.94,2881870.0
2018-01-09,276.44,277.25,276.12,276.57,3150182.0
2018-01-10,275.72,276.44,274.94,276.13,3939826.0
2018-01-11,276.78,278.13,276.59,278.09,3142170.0
2018-01-12,278.48,280.15,278.34,279.91,4499699.0
2018-01-16,281.4,282.15,278.2,278.9,6537751.0
2018-01-17,280.05,282.11,279.24,281.68,4703485.0
2018-01-18,281.57,282.01,280.64,281.26,3463975.0
2018-01-19,281.89,282.49,281.21,282.49,4276218.0
2018-01-22,282.21,284.76,282.19,284.73,4499727.0
2018-01-23,284.82,285.7,284.48,285.39,3531156.0
2018-01-24,286.13,286.8,283.93,285.24,5149686.0
2018-01-25,286.22,286.35,284.5,285.35,4014554.0
2018-01-26,286.35,288.69,286.06,288.66,3379643.0
2018-01-29,288.11,288.55,286.62,286.75,4896245.0
2018-01-30,284.64,285.38,283.3,283.65,7424424.0
2018-01-31,284.8,285.4,282.76,284.15,6992199.0
2018-02-01,283.16,285.16,282.77,283.79,4554888.0
2018-02-02,282.1,282.29,277.44,277.53,6854076.0
2018-02-05,275.45,277.86,265.17,266.05,14707533.0
2018-02-06,261.88,271.64,260.57,271.26,16088379.0
2018-02-07,270.46,274.36,269.59,269.59,9318993.0
2018-02-08,269.94,270.12,259.46,259.62,9555891.0
2018-02-09,262.77,265.54,254.77,263.67,15080671.0
2018-02-12,265.67,268.93,263.82,267.18,6801396.0
2018-02-13,265.9,268.56,265.24,267.96,4210500.0
2018-02-14,266.36,271.98,266.22,271.65,6380435.0
2018-02-15,273.52,275.03,270.78,275.02,5461659.0
2018-02-16,274.36,277.36,274.23,275.09,4740403.0
2018-02-20,274.04,275.69,272.52,273.41,5578464.0
2018-02-21,273.9,276.73,271.98,272.0,8166968.0
2018-02-22,273.13,275.07,271.63,272.37,5544519.0
2018-02-23,273.85,276.74,273.29,276.72,6619819.0
2018-02-26,277.96,280.06,277.33,279.96,3803489.0
2018-02-27,280.2,281.03,276.41,276.48,6107316.0
2018-02-28,277.74,278.23,273.33,273.34,4951840.0
2018-03-01,273.46,275.17,267.95,269.7,7706001.0
2018-03-02,267.69,271.71,266.77,271.2,5459304.0
2018-03-05,269.71,274.91,269.59,274.2,4124404.0
2018-03-06,275.29,275.42,273.19,274.95,4385165.0
2018-03-07,272.43,275.19,272.23,274.85,4154157.0
2018-03-08,275.57,276.26,274.45,276.13,3448816.0
2018-03-09,277.77,280.92,277.39,280.82,5534481.0
2018-03-12,281.32,282.0,280.16,280.59,3277568.0
2018-03-13,281.93,282.5,278.11,278.77,5284330.0
2018-03-14,279.9,280.1,276.74,277.34,4153255.0
2018-03-15,277.96,278.66,276.47,277.05,3443500.0
2018-03-16,277.66,278.53,277.3,277.3,9106624.0
2018-03-19,276.49,276.5,271.72,273.58,4573259.0
2018-03-20,274.01,274.76,273.3,274.06,5915208.0
2018-03-21,273.98,276.4,273.3,273.56,4234425.0
2018-03-22,269.67,270.73,265.21,265.47,4727515.0
2018-03-23,266.0,266.83,259.61,259.83,5833642.0
2018-03-26,264.07,267.24,261.19,267.0,6544736.0
2018-03-27,267.98,268.59,260.61,262.32,5710964.0
2018-03-28,262.52,264.44,260.36,261.62,5095339.0
2018-03-29,262.86,267.05,262.07,265.37,5556142.0
2018-04-02,264.37,264.93,256.43,259.21,6100644.0
2018-04-03,260.63,263.04,258.6,262.58,6600434.0
2018-04-04,258.52,266.17,258.35,265.63,3770072.0
2018-04-05,267.35,268.42,266.14,267.48,3065960.0
2018-04-06,265.2,266.94,259.76,261.57,5700188.0
2018-04-09,263.23,266.64,262.31,262.7,3360437.0
2018-04-10,266.11,267.86,264.79,266.97,4190363.0
2018-04-11,265.27,267.43,265.18,265.52,2997639.0
2018-04-12,267.09,268.82,266.87,267.79,2994000.0
2018-04-13,269.3,269.36,265.8,266.97,4026447.0
2018-04-16,268.8,270.03,267.9,269.19,3311574.0
2018-04-17,271.18,272.73,270.58,272.07,2794882.0
2018-04-18,272.54,273.14,271.76,272.19,2766926.0
2018-04-19,271.48,271.71,269.55,270.72,2675392.0
2018-04-20,270.65,270.89,267.45,268.44,2883845.0
2018-04-23,269.16,269.72,267.19,268.44,3000078.0
2018-04-24,269.55,269.8,263.05,264.89,4818184.0
2018-04-25,264.7,265.92,262.67,265.42,3592474.0
2018-04-26,266.6,269.06,266.1,268.15,2564259.0
2018-04-27,268.79,269.18,267.3,268.39,3579852.0
2018-04-30,269.07,269.7,266.2,266.31,3839444.0
2018-05-01,265.78,266.92,263.9,266.83,2973519.0
2018-05-02,266.58,267.48,264.53,264.97,3090294.0
2018-05-03,264.0,265.15,260.81,264.4,3409224.0
2018-05-04,263.31,268.6,262.94,267.82,2378491.0
2018-05-07,268.75,269.84,267.95,268.79,2185385.0
2018-05-08,268.33,269.13,266.97,268.68,3261029.0
2018-05-09,269.51,271.72,268.95,271.44,3335428.0
2018-05-10,272.24,274.27,272.07,273.9,3494486.0
2018-05-11,274.04,275.04,273.48,274.47,2639041.0
2018-05-14,275.22,275.94,274.28,274.82,1876439.0
2018-05-15,273.45,273.5,271.91,272.81,3820400.0
2018-05-16,272.98,274.62,272.98,274.1,2068540.0
2018-05-17,273.82,275.12,272.98,273.88,2289886.0
2018-05-18,273.49,273.92,272.81,273.21,2262880.0
2018-05-21,274.86,275.87,274.46,275.21,1796329.0
2018-05-22,275.86,276.17,274.13,274.47,1919245.0
2018-05-23,273.05,275.3,272.92,275.25,2278158.0
2018-05-24,274.83,275.12,272.67,274.75,3192565.0
2018-05-25,274.05,274.76,273.46,273.98,3327166.0
2018-05-29,272.16,273.03,269.62,270.93,4176555.0
2018-05-30,272.45,274.99,272.3,274.55,3904693.0
2018-05-31,274.09,274.35,272.14,272.73,4633578.0
2018-06-01,274.32,275.85,274.27,275.53,3247374.0
2018-06-04,276.4,277.1,276.19,276.81,3088525.0
2018-06-05,276.93,277.45,276.1,277.06,1810335.0
2018-06-06,277.73,279.47,277.01,279.44,4836829.0
2018-06-07,279.9,280.24,278.27,279.26,3081173.0
2018-06-08,278.78,280.18,278.6,280.04,4139048.0
2018-06-11,280.34,281.33,280.25,280.51,2486072.0
2018-06-12,281.03,281.29,280.15,280.89,3515458.0
2018-06-13,281.13,281.44,279.76,279.92,3091236.0
2018-06-14,280.91,281.28,280.03,280.71,3629077.0
2018-06-15,279.84,280.7,278.55,280.31,5039020.0
2018-06-18,278.68,279.91,278.14,279.7,3112601.0
2018-06-19,277.19,278.93,276.69,278.67,4216489.0
2018-06-20,279.48,279.91,278.78,279.25,2562890.0
2018-06-21,279.15,279.15,276.84,277.32,2569212.0
2018-06-22,278.89,278.96,277.66,277.89,2298098.0
2018-06-25,276.6,276.76,272.23,274.1,5407421.0
2018-06-26,273.5,274.4,272.64,273.47,2690814.0
2018-06-27,274.08,275.71,271.03,271.12,6335395.0
2018-06-28,271.08,273.61,270.32,272.82,5285802.0
2018-06-29,273.99,275.54,273.05,273.05,7694371.0
2018-07-02,271.36,273.94,271.1,273.82,4579718.0
2018-07-03,274.75,274.86,272.29,272.73,1367814.0
2018-07-05,274.05,275.07,272.83,275.07,2605662.0
2018-07-06,275.03,277.74,274.62,277.21,2942161.0
2018-07-09,278.45,279.86,278.42,279.81,4775363.0
2018-07-10,280.2,280.95,280.01,280.83,3426772.0
2018-07-11,279.07,279.97,278.45,278.74,3781287.0
2018-07-12,280.18,281.36,279.54,281.14,3444871.0
2018-07-13,281.12,281.89,280.6,281.43,3122705.0
2018-07-16,281.6,281.74,280.8,281.33,2224098.0
2018-07-17,280.4,282.87,280.36,282.47,2322582.0
2018-07-18,282.55,283.15,282.01,283.09,3603936.0
2018-07-19,282.27,282.69,281.42,281.92,3220915.0
2018-07-20,281.71,282.43,281.45,281.62,4868554.0
2018-07-23,281.4,282.4,280.98,282.14,1880195.0
2018-07-24,283.72,284.53,282.61,283.55,2253020.0
2018-07-25,283.35,286.38,283.27,286.18,3310845.0
2018-07-26,285.18,286.11,285.08,285.19,4088761.0
2018-07-27,285.7,285.8,282.36,283.36,2798143.0
2018-07-30,283.47,283.65,281.31,281.77,4929771.0
2018-07-31,282.83,283.99,282.35,283.28,3588979.0
2018-08-01,283.46,284.1,282.11,282.88,2679918.0
2018-08-02,281.35,284.56,281.12,284.23,2327589.0
2018-08-03,284.53,285.65,284.32,285.55,2257880.0
2018-08-06,285.55,286.99,285.2,286.65,2988646.0
2018-08-07,287.43,288.02,287.25,287.47,5084693.0
2018-08-08,287.41,287.94,286.97,287.37,3483848.0
2018-08-09,287.51,287.99,286.94,287.11,2385494.0
2018-08-10,285.43,286.04,284.36,285.07,3290460.0
2018-08-13,285.47,286.17,283.77,284.11,3350506.0
2018-08-14,284.93,286.16,284.5,285.93,3217646.0
2018-08-15,284.37,284.47,282.15,283.65,3849143.0
2018-08-16,285.37,287.07,285.37,286.1,3367951.0
2018-08-17,285.87,287.59,285.4,287.04,2975882.0
2018-08-20,287.6,288.01,287.07,287.74,1853387.0
2018-08-21,288.31,289.36,288.13,288.23,2667495.0
2018-08-22,287.91,288.79,287.6,288.22,2124552.0
2018-08-23,287.97,288.97,287.47,287.73,3325680.0
2018-08-24,288.48,289.72,288.42,289.52,2451902.0
2018-08-27,290.9,291.97,290.73,291.81,3759731.0
2018-08-28,292.39,292.49,291.47,291.89,3556431.0
2018-08-29,292.25,293.83,291.96,293.54,2806114.0
2018-08-30,293.0,293.46,291.7,292.29,4669411.0
2018-08-31,291.93,292.9,291.37,292.44,4983154.0
2018-09-04,291.94,292.29,290.76,291.95,3480540.0
2018-09-05,291.5,291.7,289.95,291.16,7530358.0
2018-09-06,291.19,291.57,289.05,290.31,3839069.0
2018-09-07,289.0,290.77,288.77,289.6,5450954.0
2018-09-10,290.82,291.11,289.94,290.25,2767746.0
2018-09-11,289.4,291.62,289.03,291.22,3015630.0
2018-09-12,291.13,291.86,290.3,291.24,2634441.0
2018-09-13,292.39,293.12,292.09,292.92,1818048.0
2018-09-14,293.16,293.36,292.1,292.91,2616866.0
2018-09-17,292.91,292.94,291.12,291.44,2466908.0
2018-09-18,291.66,293.69,291.66,293.07,2520105.0
2018-09-19,293.03,293.8,292.95,293.28,2354185.0
2018-09-20,294.74,296.07,294.63,295.76,3987758.0
2018-09-21,296.57,296.69,295.26,295.36,3918931.0
2018-09-24,294.79,294.94,293.8,294.47,3412796.0
2018-09-25,294.97,295.07,293.92,294.16,3341870.0
2018-09-26,293.04,294.41,291.58,292.02,4082398.0
2018-09-27,292.57,294.07,291.93,292.82,2628263.0
2018-09-28,292.15,293.44,292.1,292.73,5172114.0
2018-10-01,294.3,295.1,293.16,293.87,3455458.0
2018-10-02,293.73,294.53,293.32,293.75,2927462.0
2018-10-03,294.92,295.4,293.51,293.95,3473880.0
2018-10-04,293.39,293.42,289.82,291.74,3837253.0
2018-10-05,291.87,292.44,288.36,289.93,4367926.0
2018-10-08,289.17,290.36,287.6,289.94,5377355.0
2018-10-09,289.55,291.01,288.93,289.59,5886812.0
2018-10-10,288.94,288.99,279.94,280.25,8209472.0
2018-10-11,279.23,280.97,272.4,274.33,10570083.0
2018-10-12,278.83,279.14,274.39,278.03,7286819.0
2018-10-15,277.59,279.09,276.37,276.53,3517730.0
2018-10-16,278.65,282.96,278.13,282.62,5113423.0
2018-10-17,282.55,283.23,279.63,282.56,5944881.0
2018-10-18,281.47,282.13,277.02,278.51,4418461.0
2018-10-19,279.26,281.37,277.59,278.27,3043342.0
2018-10-22,279.06,279.41,276.44,277.22,3852812.0
2018-10-23,272.96,276.89,270.61,275.57,5541442.0
2018-10-24,275.39,275.79,266.64,267.14,5209154.0
2018-10-25,269.37,273.83,268.2,272.02,4590456.0
2018-10-26,267.87,270.73,264.24,267.1,7153776.0
2018-10-29,270.84,272.25,261.85,265.61,6301811.0
2018-10-30,265.64,270.12,265.08,269.86,9531085.0
2018-10-31,272.79,275.24,272.18,272.76,7040669.0
2018-11-01,273.66,275.76,272.41,275.42,3428666.0
2018-11-02,276.75,277.25,271.61,273.89,3391853.0
2018-11-05,274.58,276.04,273.39,275.57,5606377.0
2018-11-06,275.4,277.34,275.31,277.16,2430853.0
2018-11-07,279.63,283.23,279.18,283.13,7669455.0
2018-11-08,282.3,283.33,281.35,282.52,7660605.0
2018-11-09,281.15,281.34,278.25,279.96,5327382.0
2018-11-12,279.25,279.51,274.01,274.51,3787077.0
2018-11-13,275.11,277.37,273.26,274.11,5396796.0
2018-11-14,276.2,276.65,270.43,272.21,4614907.0
2018-11-15,270.81,275.57,268.96,274.96,6163850.0
2018-11-16,273.83,276.73,273.29,275.74,3803888.0
2018-11-19,275.11,275.37,270.08,271.13,3555680.0
2018-11-20,267.31,268.96,265.09,266.1,6274124.0
2018-11-21,267.8,269.09,266.96,266.96,4247135.0
2018-11-23,265.1,266.76,265.02,265.31,1660892.0
2018-11-26,267.76,269.53,267.31,269.47,3187151.0
2018-11-27,268.45,270.35,267.62,270.32,4565124.0
2018-11-28,271.61,276.63,270.52,276.63,5484695.0
2018-11-29,275.78,277.63,274.49,276.07,4901319.0
2018-11-30,275.86,278.38,275.5,278.0,7603587.0
2018-12-03,282.43,282.58,279.59,281.37,5885427.0
2018-12-04,280.49,280.93,271.94,272.53,6727840.0
2018-12-06,267.92,271.97,264.36,271.82,8536303.0
2018-12-07,271.45,273.27,264.59,265.6,6089359.0
2018-12-10,265.34,267.12,260.51,266.0,8522734.0
2018-12-11,269.61,269.82,264.41,266.05,4526472.0
2018-12-12,269.48,270.94,267.35,267.49,3879381.0
2018-12-13,268.44,269.46,266.07,267.24,5215783.0
2018-12-14,264.9,265.97,261.75,262.4,6080506.0
2018-12-17,259.98,261.11,253.94,255.65,9320620.0
2018-12-18,257.67,258.35,253.71,255.62,10267622.0
2018-12-19,255.59,259.83,249.73,251.74,13166466.0
2018-12-20,250.22,251.94,244.98,247.43,13684373.0
2018-12-21,248.55,251.41,241.72,242.35,14262694.0
2018-12-24,240.8,242.0,236.04,236.09,6418996.0
2018-12-26,237.73,247.89,235.46,247.67,13154113.0
2018-12-27,244.33,250.07,240.67,250.06,12693625.0
2018-12-28,251.03,252.88,247.95,249.33,10856339.0
2018-12-31,251.04,251.63,248.99,251.61,10117850.0
2019-01-02,247.54,252.7,247.42,251.72,5979978.0
2019-01-03,249.79,250.03,245.08,245.43,5831148.0
2019-01-04,249.06,254.59,248.64,254.06,6430121.0
2019-01-07,254.24,257.46,253.21,255.77,5961329.0
2019-01-08,258.38,258.82,255.52,258.29,5348489.0
2019-01-09,259.09,260.48,257.72,259.49,4096967.0
2019-01-10,257.82,260.7,257.08,260.51,4325625.0
2019-01-11,259.24,260.52,258.57,260.37,5111675.0
2019-01-14,258.4,259.81,257.95,259.11,3709898.0
2019-01-15,259.37,262.2,259.37,261.91,3781811.0
2019-01-16,262.36,263.52,262.16,262.6,4387484.0
2019-01-17,261.62,265.46,261.52,264.53,4447232.0
2019-01-18,266.56,268.57,265.7,268.07,6994452.0
2019-01-22,266.37,266.59,262.64,264.5,5992314.0
2019-01-23,265.62,266.34,262.26,264.88,6762413.0
2019-01-24,264.79,265.77,263.67,265.14,3731726.0
2019-01-25,267.19,268.27,266.71,267.5,3333897.0
2019-01-28,265.0,265.41,263.35,265.35,4425122.0
2019-01-29,265.47,266.09,264.08,264.98,4454068.0
2019-01-30,266.67,270.12,265.85,269.23,5117188.0
2019-01-31,269.12,272.03,268.92,271.55,6521786.0
2019-02-01,271.8,272.84,270.83,271.7,3901763.0
2019-02-04,271.77,273.67,270.98,273.65,2960496.0
2019-02-05,274.12,275.08,273.54,274.82,4051261.0
2019-02-06,274.44,274.98,273.57,274.41,3962753.0
2019-02-07,272.58,273.18,269.93,271.83,6678041.0
2019-02-08,270.35,272.15,269.47,272.13,2909309.0
2019-02-11,272.84,273.15,271.7,272.28,2770345.0
2019-02-12,274.06,276.2,274.0,275.82,4285413.0
2019-02-13,276.72,277.62,276.25,276.66,2994362.0
2019-02-14,275.44,277.31,274.54,276.03,7159715.0
2019-02-15,278.01,279.16,277.82,279.16,4844237.0
2019-02-19,278.21,280.3,278.18,279.55,4588556.0
2019-02-20,279.55,280.63,278.99,280.09,5534256.0
2019-02-21,279.45,279.79,278.04,279.21,3118702.0
2019-02-22,279.86,281.08,279.54,280.82,4962953.0
2019-02-25,282.46,283.06,281.15,281.26,4699300.0
2019-02-26,280.81,282.02,280.66,281.05,4881387.0
2019-02-27,280.28,281.31,279.2,280.91,3283771.0
2019-02-28,280.66,281.18,280.06,280.32,4166078.0
2019-03-01,282.2,282.62,280.56,282.31,4203983.0
2019-03-04,283.37,283.57,278.55,281.16,4811792.0
2019-03-05,281.28,281.49,280.14,280.8,2502411.0
2019-03-06,280.87,280.88,278.68,279.01,3411727.0
2019-03-07,278.53,278.66,275.74,276.76,4553771.0
2019-03-08,274.58,276.33,274.1,276.2,5315808.0
2019-03-11,276.96,280.35,276.94,280.21,3843676.0
2019-03-12,280.79,281.8,280.62,281.2,2089572.0
2019-03-13,282.23,284.13,282.04,283.15,2804810.0
2019-03-14,283.14,283.6,282.43,283.01,2396395.0
2019-03-15,283.56,285.21,283.33,284.28,3132437.0
2019-03-18,284.57,285.67,284.33,285.41,3786222.0
2019-03-19,286.51,287.39,284.44,285.54,5845617.0
2019-03-20,284.06,285.38,282.19,283.39,4672069.0
2019-03-21,282.51,287.07,282.49,286.57,3615191.0
2019-03-22,285.12,285.71,281.07,281.16,6540753.0
2019-03-25,280.77,282.08,279.53,280.91,4726544.0
2019-03-26,282.87,284.09,281.45,282.96,4222924.0
2019-03-27,283.02,283.66,279.83,281.58,3437318.0
2019-03-28,282.25,283.1,280.96,282.69,2380749.0
2019-03-29,284.31,284.74,283.03,284.56,4331266.0
2019-04-01,286.64,288.08,286.35,287.85,4170709.0
2019-04-02,287.97,288.16,287.04,287.92,7162276.0
2019-04-03,289.25,289.7,287.68,288.44,3438957.0
2019-04-04,288.74,289.39,287.95,289.13,3422406.0
2019-04-05,289.86,290.56,289.54,290.45,3928527.0
2019-04-08,290.03,290.85,289.31,290.77,2492437.0
2019-04-09,289.73,290.02,288.66,289.27,3990718.0
2019-04-10,289.72,290.34,289.27,290.22,2879179.0
2019-04-11,290.77,290.78,289.53,290.2,2581449.0
2019-04-12,291.97,292.44,291.21,292.16,2516226.0
2019-04-15,292.24,292.31,291.04,291.92,3124788.0
2019-04-16,292.92,292.98,291.46,292.14,3759112.0
2019-04-17,293.38,293.39,290.94,291.37,4342988.0
2019-04-18,292.09,292.28,290.62,292.0,4367515.0
2019-04-22,291.13,292.4,291.04,292.3,2879501.0
2019-04-23,292.65,295.11,292.4,294.84,4574652.0
2019-04-24,294.75,295.14,294.06,294.22,2568684.0
2019-04-25,294.13,294.76,292.68,294.04,1839123.0
2019-04-26,294.11,295.5,293.21,295.47,2160488.0
2019-04-29,295.51,296.46,295.41,295.79,2986573.0
2019-04-30,295.49,296.33,293.91,295.94,4549392.0
2019-05-01,296.73,296.93,293.77,293.8,2952102.0
2019-05-02,293.64,294.68,291.49,293.26,3279870.0
2019-05-03,294.79,296.33,294.57,296.01,3160515.0
2019-05-06,291.22,295.28,290.88,294.9,2792430.0
2019-05-07,292.13,292.79,287.75,289.91,5262951.0
2019-05-08,289.55,291.38,288.82,289.52,5810008.0
2019-05-09,287.2,289.24,285.23,288.72,4281181.0
2019-05-10,287.59,290.9,284.21,290.0,4329369.0
2019-05-13,284.31,285.4,281.84,282.8,5831706.0
2019-05-14,283.91,287.02,283.75,285.32,3202835.0
2019-05-15,283.5,287.7,283.25,287.03,3135635.0
2019-05-16,287.77,291.17,287.71,289.56,3911224.0
2019-05-17,287.09,290.54,287.08,287.9,3833735.0
2019-05-20,286.05,287.37,285.05,285.98,2515977.0
2019-05-21,287.77,288.86,287.49,288.48,3634882.0
2019-05-22,287.35,288.6,287.06,287.65,3147661.0
2019-05-23,285.1,285.11,282.47,284.06,4419359.0
2019-05-24,285.66,286.12,284.01,284.76,1809862.0
2019-05-28,285.02,286.08,282.08,282.08,2455572.0
2019-05-29,280.78,281.2,278.56,280.24,6641224.0
2019-05-30,280.96,281.92,279.68,280.87,3840044.0
2019-05-31,278.06,278.96,277.11,277.3,5428476.0
2019-06-03,277.15,278.39,274.9,276.38,5589736.0
2019-06-04,278.96,282.58,278.47,282.44,3598917.0
2019-06-05,284.25,284.9,282.21,284.86,4674039.0
2019-06-06,285.21,287.5,284.49,286.76,4294539.0
2019-06-07,287.9,290.83,287.7,289.67,3180251.0
2019-06-10,291.36,292.81,290.87,291.0,3862913.0
2019-06-11,293.0,293.42,290.18,290.95,2923455.0
2019-06-12,290.66,291.25,289.83,290.29,2310269.0
2019-06-13,291.4,291.97,290.63,291.62,2304977.0
2019-06-14,291.31,291.93,290.4,291.25,2000184.0
2019-06-17,289.75,290.45,289.41,289.74,2511178.0
2019-06-18,291.63,293.8,291.25,292.45,4622740.0
2019-06-19,292.79,293.89,291.78,293.24,7606221.0
2019-06-20,296.32,296.57,293.88,296.02,4408953.0
2019-06-21,295.79,297.2,295.47,295.57,3628064.0
2019-06-24,295.9,296.27,295.15,295.27,3549268.0
2019-06-25,295.35,295.41,292.3,292.41,2975598.0
2019-06-26,293.42,293.99,292.02,292.08,4210219.0
2019-06-27,292.99,293.73,292.61,293.28,2722438.0
2019-06-28,294.28,295.21,293.71,294.75,5751367.0
2019-07-01,298.37,298.88,296.02,297.32,3934539.0
2019-07-02,297.29,298.23,296.37,298.23,3786142.0
2019-07-03,298.89,300.52,298.75,300.48,1853807.0
2019-07-05,299.18,300.36,297.74,300.1,2198161.0
2019-07-08,298.71,299.05,297.74,298.55,2954473.0
2019-07-09,297.23,299.26,297.19,299.03,1544268.0
2019-07-10,300.12,301.39,299.5,300.4,2498169.0
2019-07-11,301.05,301.32,299.93,300.93,5142102.0
2019-07-12,301.61,302.49,301.26,302.49,4346086.0
2019-07-15,302.86,302.89,301.97,302.46,4400619.0
2019-07-16,302.41,302.6,301.19,301.44,2233868.0
2019-07-17,301.47,301.64,299.48,299.48,2142446.0
2019-07-18,298.89,300.96,298.42,300.65,4371462.0
2019-07-19,301.78,301.82,298.69,298.9,3510336.0
2019-07-22,299.33,300.21,298.77,299.58,2571272.0
2019-07-23,300.91,301.76,299.96,301.72,2209434.0
2019-07-24,300.94,303.17,300.83,303.17,2391180.0
2019-07-25,302.71,302.74,300.83,301.71,3671366.0
2019-07-26,302.5,303.98,302.4,303.77,2711708.0
2019-07-29,303.63,303.68,302.58,303.22,2326293.0
2019-07-30,301.65,302.9,301.22,302.48,4702228.0
2019-07-31,302.76,302.94,296.89,299.23,8580642.0
2019-08-01,299.32,302.6,295.66,296.52,10111561.0
2019-08-02,295.52,295.81,292.59,294.42,7481079.0
2019-08-05,289.77,289.85,283.34,285.57,6926012.0
2019-08-06,287.54,289.69,285.93,289.38,5461850.0
2019-08-07,286.01,290.46,283.66,289.66,5787695.0
2019-08-08,291.26,295.28,290.68,295.28,5600858.0
2019-08-09,294.27,294.95,291.32,293.36,4104704.0
2019-08-12,291.58,292.21,288.69,289.81,2614727.0
2019-08-13,289.37,295.84,289.0,294.28,3632135.0
2019-08-14,289.7,290.41,285.4,285.6,5805455.0
2019-08-15,286.52,287.24,284.02,286.34,5810749.0
2019-08-16,288.14,291.01,288.08,290.58,3910954.0
2019-08-19,293.86,294.77,293.14,294.07,2828671.0
2019-08-20,293.49,294.02,291.61,291.79,2987421.0
2019-08-21,294.15,294.57,293.43,294.18,3006067.0
2019-08-22,294.95,295.63,292.1,294.07,4230280.0
2019-08-23,292.63,294.45,285.1,286.47,6060643.0
2019-08-26,288.91,289.66,287.24,289.66,2682329.0
2019-08-27,291.21,291.61,287.69,288.55,3418040.0
2019-08-28,287.75,290.71,286.89,290.5,3831042.0
2019-08-29,293.43,294.84,292.3,294.28,3548385.0
2019-08-30,295.96,295.96,293.12,294.27,4786562.0
2019-09-03,292.26,293.29,290.95,292.41,4420786.0
2019-09-04,294.86,295.77,294.05,295.76,2742640.0
2019-09-05,298.54,300.6,298.4,299.63,4005872.0
2019-09-06,299.94,300.51,299.2,299.83,3937476.0
2019-09-09,300.93,300.98,298.91,299.97,2973356.0
2019-09-10,299.08,299.95,297.71,299.95,2416750.0
2019-09-11,300.25,302.12,299.54,302.12,2935137.0
2019-09-12,303.02,304.25,302.22,303.08,4597562.0
2019-09-13,303.56,303.95,302.44,302.87,4257023.0
2019-09-16,301.57,302.4,301.2,301.98,2277436.0
2019-09-17,301.68,302.78,301.54,302.71,3920530.0
2019-09-18,302.25,303.0,300.01,302.93,3065864.0
2019-09-19,303.33,304.4,302.49,302.89,5069435.0
2019-09-20,303.56,303.84,300.6,301.22,5893756.0
2019-09-23,300.69,302.11,300.44,301.38,4640738.0
2019-09-24,301.07,301.53,296.47,297.51,6188101.0
2019-09-25,297.57,299.76,295.97,299.19,3632153.0
2019-09-26,299.28,299.5,297.1,298.59,3103107.0
2019-09-27,299.53,299.6,295.34,297.0,3287298.0
2019-09-30,297.61,299.19,297.56,298.52,3809875.0
2019-10-01,299.4,300.12,294.63,294.91,4896122.0
2019-10-02,293.15,293.15,288.24,289.63,6361895.0
2019-10-03,289.4,292.06,286.42,292.04,4787944.0
2019-10-04,292.79,296.26,292.75,296.02,4951258.0
2019-10-07,295.14,296.92,294.42,294.69,2631875.0
2019-10-08,292.66,293.45,290.11,290.13,3990697.0
2019-10-09,292.37,293.91,291.71,292.88,3397724.0
2019-10-10,292.81,295.86,292.62,294.95,3544531.0
2019-10-11,297.95,300.39,297.78,297.89,4199307.0
2019-10-14,297.58,298.28,297.24,297.69,1616105.0
2019-10-15,298.73,301.37,298.65,300.62,3196908.0
2019-10-16,300.03,300.82,299.59,300.07,3141043.0
2019-10-17,301.35,301.92,300.2,300.91,2131042.0
2019-10-18,300.4,301.05,298.65,299.6,2557341.0
2019-10-21,301.09,301.87,300.67,301.75,3785065.0
2019-10-22,302.3,302.56,300.57,300.7,4541312.0
2019-10-23,300.39,301.63,300.19,301.57,1799721.0
2019-10-24,302.57,302.75,301.15,302.11,1944073.0
2019-10-25,301.45,303.9,301.42,303.31,2515669.0
2019-10-28,304.55,305.56,304.55,305.01,4818244.0
2019-10-29,304.73,305.94,304.56,304.91,3443558.0
2019-10-30,305.13,306.22,303.69,305.87,4161047.0
2019-10-31,305.83,305.83,303.45,304.97,4215561.0
2019-11-01,306.65,307.95,306.47,307.95,2413078.0
2019-11-04,309.63,309.76,308.71,309.11,2515617.0
2019-11-05,309.36,309.65,308.43,308.74,4952324.0
2019-11-06,308.76,309.14,307.77,308.88,2711805.0
2019-11-07,310.32,311.18,309.41,309.98,2777505.0
2019-11-08,309.53,310.69,308.78,310.67,2031044.0
2019-11-11,309.2,310.27,309.0,310.16,2232424.0
2019-11-12,310.5,311.75,309.89,310.69,2530855.0
2019-11-13,309.62,311.29,309.4,310.86,2317147.0
2019-11-14,310.53,311.38,309.84,311.3,2320228.0
2019-11-15,312.77,313.61,312.02,313.61,3770173.0
2019-11-18,313.3,314.06,312.8,313.75,2867353.0
2019-11-19,314.47,314.47,312.98,313.68,3877288.0
2019-11-20,313.06,313.59,310.81,312.52,4100668.0
2019-11-21,312.63,312.74,311.18,312.07,2174244.0
2019-11-22,312.86,312.97,311.62,312.74,2164540.0
2019-11-25,313.75,315.14,313.75,315.1,3512289.0
2019-11-26,315.23,316.04,314.84,315.73,3183276.0
2019-11-27,316.47,317.28,316.15,317.25,2003223.0
2019-11-29,316.69,316.92,315.85,316.06,1790666.0
2019-12-02,316.43,316.45,312.95,313.41,3537355.0
2019-12-03,310.39,311.41,308.88,311.25,2577192.0
2019-12-04,312.45,313.87,312.11,313.18,2211393.0
2019-12-05,314.01,314.01,312.35,313.84,3007436.0
2019-12-06,315.93,317.14,315.89,316.64,4750735.0
2019-12-09,316.2,317.0,315.62,315.7,3298872.0
2019-12-10,315.65,316.32,314.61,315.37,3498183.0
2019-12-11,315.84,316.52,315.41,316.17,4634192.0
2019-12-12,316.23,319.81,315.97,318.97,5009757.0
2019-12-13,318.73,320.52,317.84,319.08,3983295.0
2019-12-16,319.0,319.98,318.99,319.32,3948535.0
2019-12-17,319.78,320.07,319.29,319.35,4846302.0
2019-12-18,319.83,320.06,319.36,319.37,4238755.0
2019-12-19,319.6,320.81,319.34,320.74,5210222.0
2019-12-20,321.86,323.35,321.81,322.38,5678374.0
2019-12-23,322.97,323.04,322.45,322.61,4520185.0
2019-12-24,322.87,322.93,322.31,322.65,2716319.0
2019-12-26,323.06,324.33,323.02,324.32,2852214.0
2019-12-27,325.19,325.19,323.71,324.26,5091408.0
2019-12-30,324.41,324.49,321.96,322.51,3511987.0
2019-12-31,321.96,323.56,321.57,323.24,3129116.0
2020-01-02,324.98,326.32,323.95,326.32,4072016.0
2020-01-03,322.53,325.06,322.51,323.81,4290425.0
2020-01-06,321.89,325.14,321.78,325.09,4216642.0
2020-01-07,324.46,324.97,323.65,324.2,3715022.0
2020-01-08,324.38,327.21,324.11,325.85,3913320.0
2020-01-09,327.59,328.17,326.94,328.05,2970670.0
2020-01-10,328.73,328.9,326.62,327.14,3494587.0
2020-01-13,327.87,329.43,327.36,329.43,3596152.0
2020-01-14,328.9,330.07,328.11,328.92,4301349.0
2020-01-15,328.81,330.49,328.71,329.66,4405103.0
2020-01-16,331.17,332.4,330.92,332.4,5493464.0
2020-01-17,333.2,333.65,332.54,333.5,4982426.0
2020-01-21,332.38,333.65,332.31,332.78,5892358.0
2020-01-22,333.75,334.44,332.68,332.85,4182428.0
2020-01-23,332.1,333.41,330.88,333.26,7454892.0
2020-01-24,333.91,334.01,328.84,330.23,4793512.0
2020-01-27,324.45,326.56,324.09,324.87,6552904.0
2020-01-28,326.53,329.3,326.0,328.33,5559244.0
2020-01-29,329.87,330.08,327.92,328.1,3379487.0
2020-01-30,325.82,329.36,324.96,329.09,4084536.0
2020-01-31,328.45,328.62,322.18,323.24,6354354.0
2020-02-03,324.81,327.62,324.73,325.56,3122015.0
2020-02-04,329.56,331.49,329.22,330.61,3636332.0
2020-02-05,333.78,334.58,332.2,334.29,4106060.0
2020-02-06,335.57,335.68,334.29,335.57,4442632.0
2020-02-07,334.33,335.13,333.12,333.75,4679873.0
2020-02-10,332.71,336.24,332.71,336.22,3614319.0
2020-02-11,337.71,338.54,336.26,336.84,5850816.0
2020-02-12,338.39,339.19,337.98,339.0,5473314.0
2020-02-13,337.46,339.68,337.1,338.58,7908283.0
2020-02-14,339.0,339.26,337.75,339.07,6510657.0
2020-02-18,338.05,338.7,336.75,338.26,3572132.0
2020-02-19,339.33,340.63,339.02,339.88,2678830.0
2020-02-20,339.33,340.2,335.23,338.49,3567658.0
2020-02-21,337.0,337.32,334.1,335.01,4323892.0
2020-02-24,324.61,327.28,322.7,323.83,7492116.0
2020-02-25,325.38,326.06,313.08,314.12,12100926.0
2020-02-26,315.53,319.5,312.07,312.91,11688922.0
2020-02-27,306.72,311.03,298.71,298.71,11340085.0
2020-02-28,290.04,297.96,286.7,295.91,19516305.0
2020-03-02,299.34,310.5,295.65,310.4,11780848.0
2020-03-03,310.76,315.15,298.88,301.5,12910308.0
2020-03-04,307.45,314.75,304.71,314.75,7188632.0
2020-03-05,306.32,309.81,301.31,303.76,6506646.0
2020-03-06,294.49,300.04,291.42,298.7,9896369.0
2020-03-09,277.2,285.29,274.58,274.8,14676524.0
2020-03-10,285.71,289.74,274.61,289.55,14213306.0
2020-03-11,281.86,283.03,271.99,275.47,10023070.0
2020-03-12,256.88,267.78,248.56,248.96,22444712.0
2020-03-13,264.74,272.07,250.52,271.55,24915835.0
2020-03-16,242.47,257.82,235.0,240.12,18004609.0
2020-03-17,245.8,257.0,237.82,255.39,18140869.0
2020-03-18,237.22,246.89,228.78,241.17,22014181.0
2020-03-19,239.32,248.25,232.94,242.06,18324895.0
2020-03-20,244.85,246.7,230.7,231.16,12619785.0
2020-03-23,230.23,231.46,220.28,224.65,14473186.0
2020-03-24,236.99,246.35,235.97,245.88,12474365.0
2020-03-25,245.57,257.2,240.49,247.47,11938247.0
2020-03-26,250.33,263.63,249.9,262.37,15886790.0
2020-03-27,254.0,261.63,251.78,254.24,9514721.0
2020-03-30,256.53,263.2,254.37,262.36,9539772.0
2020-03-31,261.4,264.1,257.0,258.4,9561016.0
2020-04-01,248.76,252.22,244.62,246.8,13680801.0
2020-04-02,245.92,253.47,245.44,252.59,7510847.0
2020-04-03,251.49,254.05,246.0,249.02,6419035.0
2020-04-06,258.63,267.81,257.54,265.8,9644836.0
2020-04-07,275.07,276.0,265.7,265.91,11723134.0
2020-04-08,268.75,276.25,266.4,275.0,5987657.0
2020-04-09,278.65,282.07,276.35,279.12,11462054.0
2020-04-13,278.0,278.31,272.29,276.44,7569708.0
2020-04-14,281.87,285.8,280.8,284.83,8106513.0
2020-04-15,278.44,280.46,276.31,278.57,6012143.0
2020-04-16,280.02,280.9,276.62,280.05,6359986.0
2020-04-17,286.29,288.22,283.31,287.58,7983041.0
2020-04-20,283.51,287.21,282.26,282.46,5692055.0
2020-04-21,277.61,278.91,272.92,273.86,8689440.0
2020-04-22,279.19,281.93,277.8,280.06,7207131.0
2020-04-23,281.35,284.81,279.67,279.98,7300670.0
2020-04-24,281.6,284.58,279.39,283.9,5011866.0
2020-04-27,286.03,289.2,285.55,288.19,5334644.0
2020-04-28,291.99,292.36,286.35,286.64,6904687.0
2020-04-29,292.5,295.84,291.38,294.13,7104781.0
2020-04-30,292.66,293.18,289.54,291.16,11243772.0
2020-05-01,286.19,286.93,282.44,283.53,6341406.0
2020-05-04,281.55,284.86,280.1,284.63,4756597.0
2020-05-05,287.53,290.2,286.67,287.14,5939658.0
2020-05-06,289.02,289.39,285.06,285.25,3434811.0
2020-05-07,288.7,290.7,288.09,288.63,3784606.0
2020-05-08,292.06,293.87,290.81,293.46,4342422.0
2020-05-11,291.21,294.99,290.87,293.45,6128114.0
2020-05-12,294.73,295.17,287.46,287.47,4748827.0
2020-05-13,286.96,288.12,279.87,282.54,8598973.0
2020-05-14,279.84,286.02,275.0,285.92,8720994.0
2020-05-15,283.34,287.23,282.25,287.16,7109687.0
2020-05-18,294.09,297.7,293.69,296.04,6021000.0
2020-05-19,295.34,297.17,292.92,292.99,5323918.0
2020-05-20,296.81,298.87,296.6,297.99,3890099.0
2020-05-21,297.79,298.66,294.69,295.81,3865545.0
2020-05-22,295.52,296.62,294.21,296.41,3699125.0
2020-05-26,302.99,303.2,299.71,300.17,7299561.0
2020-05-27,303.16,304.61,297.91,304.55,6809232.0
2020-05-28,305.82,307.91,303.3,303.95,5882815.0
2020-05-29,303.47,305.99,300.58,305.18,7085825.0
2020-06-01,304.64,307.25,304.1,306.68,6495260.0
2020-06-02,307.65,309.23,306.17,309.23,3187979.0
2020-06-03,311.33,314.32,311.02,313.39,4870448.0
2020-06-04,312.18,314.12,310.17,312.34,6997190.0
2020-06-05,318.38,322.45,318.32,320.48,7160801.0
2020-06-08,321.23,324.55,320.81,324.4,3822946.0
2020-06-09,321.47,323.54,320.52,322.01,4326414.0
2020-06-10,322.6,323.56,319.4,320.11,6002841.0
2020-06-11,312.57,313.1,301.08,301.59,7901493.0
2020-06-12,309.29,310.14,299.62,305.36,7851872.0
2020-06-15,297.79,308.05,296.49,306.89,6281202.0
2020-06-16,315.39,315.5,307.51,312.79,5248834.0
2020-06-17,313.94,314.2,310.69,311.38,3531995.0
2020-06-18,309.82,312.13,309.36,311.62,4008876.0
2020-06-19,315.33,315.6,308.38,309.72,3833855.0
2020-06-22,309.17,312.24,307.95,311.94,4186227.0
2020-06-23,314.7,315.75,312.87,313.21,3794887.0
2020-06-24,311.04,311.73,303.36,305.3,5060840.0
2020-06-25,304.66,308.83,302.44,308.5,6432424.0
2020-06-26,307.35,307.56,300.62,301.14,4969014.0
2020-06-29,302.56,305.66,300.11,305.66,4065198.0
2020-06-30,305.18,311.41,305.05,309.69,5475457.0
2020-07-01,310.74,313.09,310.25,311.81,4022801.0
2020-07-02,315.49,316.91,312.72,313.45,3496509.0
2020-07-06,317.67,318.65,316.8,318.26,4464488.0
2020-07-07,316.59,318.75,314.6,314.98,2861718.0
2020-07-08,315.83,317.54,313.94,317.33,3685970.0
2020-07-09,318.21,318.33,311.89,315.72,3307529.0
2020-07-10,315.48,319.14,314.0,318.9,2754838.0
2020-07-13,321.35,323.97,315.38,316.07,5091445.0
2020-07-14,314.52,320.59,313.24,320.17,7143627.0
2020-07-15,323.69,324.32,320.53,323.16,3892276.0
2020-07-16,321.05,322.5,320.35,322.04,2390903.0
2020-07-17,323.15,323.85,321.01,322.99,2251451.0
2020-07-20,322.69,326.36,321.9,325.66,2354211.0
2020-07-21,327.75,328.22,325.26,326.25,3109155.0
2020-07-22,325.91,330.06,325.79,328.17,3177170.0
2020-07-23,327.72,328.52,322.75,324.2,3024171.0
2020-07-24,322.2,323.27,320.55,322.13,3421832.0
2020-07-27,322.89,324.69,322.06,324.5,3434018.0
2020-07-28,323.67,324.93,322.14,322.5,2513072.0
2020-07-29,323.41,327.02,323.36,326.38,2339925.0
2020-07-30,323.19,325.71,320.9,325.26,3287164.0
2020-07-31,327.21,327.89,322.63,327.82,4683442.0
2020-08-03,329.66,330.93,329.06,330.11,2835276.0
2020-08-04,329.19,331.4,329.19,331.3,3581597.0
2020-08-05,332.83,333.7,332.52,333.45,2435103.0
2020-08-06,332.85,335.81,332.48,335.71,3301089.0
2020-08-07,334.6,336.18,333.65,335.95,3050296.0
2020-08-10,336.42,337.15,334.33,336.96,2222132.0
2020-08-11,338.24,338.88,333.38,334.14,3603710.0
2020-08-12,336.85,339.64,336.8,338.8,2907862.0
2020-08-13,338.0,339.62,337.18,338.22,2643209.0
2020-08-14,337.76,338.79,337.05,338.19,1716097.0
2020-08-17,339.32,339.72,338.87,339.28,1642552.0
2020-08-18,339.72,340.46,337.98,340.0,1634618.0
2020-08-19,340.4,341.0,338.02,338.62,1911489.0
2020-08-20,336.73,340.15,336.59,339.66,1804711.0
2020-08-21,339.23,341.05,338.95,340.85,2063327.0
2020-08-24,343.52,344.42,342.45,344.35,2083972.0
2020-08-25,344.96,345.6,343.71,345.49,4004390.0
2020-08-26,346.11,349.27,345.58,349.0,3674797.0
2020-08-27,349.66,351.32,347.98,349.76,3767591.0
2020-08-28,350.89,352.19,349.66,352.0,2520823.0
2020-08-31,351.81,352.77,350.51,350.77,5757749.0
2020-09-01,351.68,354.18,350.7,354.06,3700409.0
2020-09-02,356.18,360.26,354.93,359.24,3596614.0
2020-09-03,357.38,357.88,344.02,346.82,7771371.0
2020-09-04,347.6,349.29,336.26,343.98,5359409.0
2020-09-08,338.05,339.4,334.23,334.63,5003489.0
2020-09-09,338.98,343.89,337.98,341.18,5378531.0
2020-09-10,343.26,343.91,334.21,335.22,5060220.0
2020-09-11,337.12,338.27,332.35,335.38,3490163.0
2020-09-14,338.86,341.66,338.32,339.84,2830727.0
2020-09-15,342.52,343.42,340.41,341.57,2553912.0
2020-09-16,342.95,344.47,339.95,340.21,2453201.0
2020-09-17,334.94,339.01,334.34,337.29,3097858.0
2020-09-18,338.17,338.21,330.64,333.34,3204653.0
2020-09-21,328.42,329.74,324.35,329.63,6177811.0
2020-09-22,331.23,333.57,328.5,332.97,2864816.0
2020-09-23,332.09,332.38,323.22,323.75,4366063.0
2020-09-24,322.32,327.9,320.92,324.6,4232095.0
2020-09-25,323.74,330.71,322.75,329.88,4178642.0
2020-09-28,334.36,336.1,333.31,335.36,3411162.0
2020-09-29,335.21,335.9,332.78,333.51,2540790.0
2020-09-30,334.34,339.47,334.1,336.06,4750895.0
2020-10-01,338.83,339.87,336.18,338.24,3381645.0
2020-10-02,332.82,337.09,332.39,335.05,4092570.0
2020-10-05,337.21,341.12,337.2,340.9,3208467.0
2020-10-06,341.13,343.35,335.56,336.06,3934679.0
2020-10-07,339.28,342.8,339.28,341.9,3121992.0
2020-10-08,344.07,345.03,343.06,344.98,4166927.0
2020-10-09,346.79,348.54,346.09,348.01,3377059.0
2020-10-12,350.78,355.25,350.28,353.69,2301131.0
2020-10-13,353.51,353.6,350.33,351.39,2664589.0
2020-10-14,351.95,353.09,348.37,349.19,2373076.0
2020-10-15,344.92,349.24,344.31,348.76,3021176.0
2020-10-16,350.27,351.97,348.34,348.45,2768044.0
2020-10-19,349.88,350.52,342.3,343.22,2973436.0
2020-10-20,344.67,348.1,343.89,344.57,2816247.0
2020-10-21,344.52,346.79,343.63,343.9,3689177.0
2020-10-22,344.2,346.45,341.88,345.86,2461179.0
2020-10-23,347.16,347.19,344.36,346.96,1796836.0
2020-10-26,343.32,344.19,336.81,340.59,4327232.0
2020-10-27,340.93,341.3,339.16,339.43,4227596.0
2020-10-28,333.24,334.0,327.3,327.88,7096185.0
2020-10-29,328.1,334.54,326.26,331.15,5163505.0
2020-10-30,329.42,330.82,323.72,327.62,6634052.0
2020-11-02,331.38,333.53,328.38,331.36,4658487.0
2020-11-03,334.86,339.43,334.35,337.28,6559410.0
2020-11-04,342.07,349.19,340.74,344.73,6499142.0
2020-11-05,350.54,353.45,350.13,351.47,6900518.0
2020-11-06,351.17,352.76,348.95,351.44,2871848.0
2020-11-09,365.29,365.69,355.34,355.83,9109230.0
2020-11-10,354.77,356.42,351.87,355.37,5174082.0
2020-11-11,357.66,358.86,356.43,357.93,2485781.0
2020-11-12,356.85,357.69,352.54,354.52,3794928.0
2020-11-13,356.52,360.19,355.99,359.34,2685415.0
2020-11-16,362.34,363.87,360.93,363.8,3332428.0
2020-11-17,361.27,363.24,359.69,361.95,2656620.0
2020-11-18,362.21,362.82,357.53,357.59,3179144.0
2020-11-19,356.85,359.5,355.49,359.04,3321607.0
2020-11-20,358.79,359.04,356.53,356.63,2697897.0
2020-11-23,358.65,360.05,356.17,358.77,2728517.0
2020-11-24,361.52,365.1,360.6,364.51,3756796.0
2020-11-25,364.4,364.48,362.8,363.99,3826470.0
2020-11-27,365.19,365.52,363.97,364.98,1354562.0
2020-11-30,364.18,364.39,360.5,363.32,4093350.0
2020-12-01,366.9,368.99,366.27,367.32,3716775.0
2020-12-02,366.16,368.27,365.55,368.1,4121854.0
2020-12-03,368.02,369.53,366.88,368.03,3068483.0
2020-12-04,368.68,371.2,368.62,371.19,4091844.0
2020-12-07,370.43,370.99,369.12,370.5,3162331.0
2020-12-08,369.07,372.16,369.06,371.53,3491095.0
2020-12-09,372.28,372.42,367.33,368.28,3758194.0
2020-12-10,366.75,369.21,365.81,368.08,3151144.0
2020-12-11,366.27,367.93,364.62,367.62,4501555.0
2020-12-14,368.44,369.57,364.21,364.35,3797572.0
2020-12-15,367.14,369.35,365.69,369.31,8472663.0
2020-12-16,369.62,370.91,368.63,369.9,5512871.0
2020-12-17,371.69,372.2,369.87,371.96,6485616.0
2020-12-18,372.36,372.48,368.36,370.49,6697564.0
2020-12-21,366.3,370.14,363.38,369.27,5221646.0
2020-12-22,369.49,369.67,367.42,368.56,3441988.0
2020-12-23,369.63,370.96,368.7,368.88,3234329.0
2020-12-24,369.42,370.36,368.81,370.31,2040697.0
2020-12-28,373.15,373.94,372.44,373.53,2342823.0
2020-12-29,375.15,375.4,372.2,372.81,5401585.0
2020-12-30,373.74,374.43,372.95,373.3,2727467.0
2020-12-31,373.2,376.04,372.6,375.39,4713052.0
2021-01-04,376.69,376.82,366.16,370.22,7099602.0
2021-01-05,369.44,373.83,369.44,372.67,4310505.0
2021-01-06,371.02,378.37,370.46,374.92,4343066.0
2021-01-07,377.47,381.26,377.28,380.47,6051650.0
2021-01-08,382.01,382.86,378.49,382.64,3400271.0
2021-01-11,379.23,381.92,379.13,380.14,3365972.0
2021-01-12,380.2,381.23,377.77,380.2,3494556.0
2021-01-13,380.12,382.24,379.24,381.16,3764929.0
2021-01-14,381.96,382.53,379.43,379.84,7004309.0
2021-01-15,378.09,378.92,375.08,377.1,10182719.0
2021-01-19,379.73,380.61,378.15,380.05,7103186.0
2021-01-20,382.52,386.19,382.11,385.28,3431228.0
2021-01-21,385.89,386.38,384.67,385.62,3556652.0
2021-01-22,383.73,385.5,383.26,384.31,3739827.0
2021-01-25,385.12,386.18,379.88,385.84,3890128.0
2021-01-26,386.81,387.2,385.0,385.27,2219242.0
2021-01-27,381.63,381.7,373.43,375.87,5592647.0
2021-01-28,377.76,383.34,377.3,379.05,5677790.0
2021-01-29,377.06,378.01,369.65,371.52,5001516.0
2021-02-01,375.17,378.75,372.7,377.6,4393168.0
2021-02-02,381.03,384.64,380.97,382.96,3672250.0
2021-02-03,383.87,385.11,381.91,383.26,3246975.0
2021-02-04,384.42,387.64,384.2,387.6,1959747.0
2021-02-05,389.69,389.89,387.95,389.12,2560025.0
2021-02-08,390.74,392.05,389.86,392.05,3315269.0
2021-02-09,391.11,392.35,386.33,391.72,4725463.0
2021-02-10,393.6,393.73,388.99,391.56,2566043.0
2021-02-11,392.77,393.15,389.59,392.22,3114184.0
2021-02-12,391.3,394.38,391.24,394.18,1945922.0
2021-02-16,395.49,395.65,393.03,393.87,2379335.0
2021-02-17,391.9,394.09,390.8,393.92,2421077.0
2021-02-18,391.02,392.99,389.21,392.25,2847509.0
2021-02-19,393.59,393.83,391.03,391.51,3051203.0
2021-02-22,388.5,391.08,388.22,388.53,2878316.0
2021-02-23,386.09,390.38,381.62,388.94,4439575.0
2021-02-24,387.72,393.67,386.74,393.21,3386610.0
2021-02-25,391.86,393.33,382.19,383.78,6216336.0
2021-02-26,385.79,387.02,379.61,381.77,6450245.0
2021-03-01,387.18,392.38,387.01,391.03,3903091.0
2021-03-02,391.31,391.51,387.77,388.02,4502419.0
2021-03-03,387.27,388.25,382.73,382.84,5415317.0
2021-03-04,382.62,385.42,373.26,378.1,7556105.0
2021-03-05,381.87,386.21,374.02,385.07,6516028.0
2021-03-08,386.08,389.13,382.83,383.19,3885653.0
2021-03-09,387.3,391.37,386.79,388.59,3586870.0
2021-03-10,391.17,392.87,389.64,390.97,3426254.0
2021-03-11,393.73,397.14,393.23,394.99,2818112.0
2021-03-12,393.57,395.72,392.67,395.61,3389295.0
2021-03-15,395.84,398.22,393.55,398.01,2330748.0
2021-03-16,398.61,399.36,396.58,397.45,3722030.0
2021-03-17,396.04,399.65,394.81,398.75,4506225.0
2021-03-18,395.99,398.24,392.25,392.93,4827129.0
2021-03-19,392.68,394.33,389.92,392.2,6090840.0
2021-03-22,392.82,396.86,392.76,395.3,3791578.0
2021-03-23,394.69,396.24,391.41,392.22,5846475.0
2021-03-24,393.77,395.54,390.21,390.21,6597368.0
2021-03-25,387.41,392.0,385.34,391.12,5574728.0
2021-03-26,392.38,397.89,391.76,397.45,3625948.0
2021-03-29,395.86,398.2,394.27,397.25,3798426.0
2021-03-30,395.91,396.9,394.5,396.27,3612926.0
2021-03-31,396.8,399.48,396.79,397.82,5233340.0
2021-04-01,399.88,402.2,399.66,402.08,7300956.0
2021-04-05,404.99,408.48,404.91,407.85,5645351.0
2021-04-06,407.31,408.75,406.94,407.6,3624086.0
2021-04-07,407.43,408.48,406.99,408.11,2974626.0
2021-04-08,409.47,410.11,408.47,410.01,4125477.0
2021-04-09,409.94,413.2,409.8,412.98,3052119.0
2021-04-12,412.36,413.47,411.76,413.15,2980465.0
2021-04-13,413.06,415.08,412.66,414.36,8665333.0
2021-04-14,414.36,415.51,412.43,412.98,3981195.0
2021-04-15,415.25,417.72,415.25,417.42,4443842.0
2021-04-16,418.82,419.48,417.33,418.89,2707256.0
2021-04-19,417.8,418.32,415.35,416.84,4418718.0
2021-04-20,415.48,416.23,412.18,413.81,6145211.0
2021-04-21,413.08,417.89,412.94,417.68,3875754.0
2021-04-22,417.43,418.34,412.71,413.97,6300016.0
2021-04-23,414.47,419.84,414.38,418.31,4566010.0
2021-04-26,419.04,419.81,418.59,419.25,4583362.0
2021-04-27,419.53,419.73,417.94,419.12,3281046.0
2021-04-28,419.38,420.6,418.5,418.96,5500198.0
2021-04-29,421.96,422.28,418.01,421.61,4089173.0
2021-04-30,419.23,420.13,417.93,418.88,4920060.0
2021-05-03,421.02,421.43,419.28,419.78,4672068.0
2021-05-04,417.68,418.17,413.26,417.23,6946774.0
2021-05-05,418.94,419.21,417.29,417.29,2865377.0
2021-05-06,417.45,420.77,415.25,420.68,5376866.0
2021-05-07,421.51,424.43,420.77,423.73,4680035.0
2021-05-10,424.15,424.34,419.43,419.61,4645850.0
2021-05-11,414.68,416.84,411.61,415.87,10330809.0
2021-05-12,412.79,414.14,406.34,406.98,7589026.0
2021-05-13,408.61,413.9,408.58,411.81,6960179.0
2021-05-14,414.76,419.07,414.76,418.17,3587732.0
2021-05-17,416.99,417.94,414.96,417.17,2985561.0
2021-05-18,417.39,417.63,413.35,413.58,3348448.0
2021-05-19,408.46,412.6,406.89,412.46,5670938.0
2021-05-20,413.37,418.2,413.26,416.82,3770406.0
2021-05-21,418.51,419.81,416.04,416.58,4147943.0
2021-05-24,418.93,421.94,418.69,420.77,2731990.0
2021-05-25,421.96,422.33,419.22,419.86,4238459.0
2021-05-26,420.47,421.21,419.37,420.63,3000849.0
2021-05-27,421.78,422.32,420.76,420.85,3719393.0
2021-05-28,422.65,422.89,421.45,421.65,3280948.0
2021-06-01,424.24,424.36,420.82,421.32,3739579.0
2021-06-02,421.96,422.86,420.93,422.02,2669653.0
2021-06-03,419.52,421.63,417.9,420.41,3140768.0
2021-06-04,422.37,424.56,422.32,424.24,2586325.0
2021-06-07,424.25,424.43,422.86,423.88,4254704.0
2021-06-08,424.82,424.88,421.98,423.9,3667239.0
2021-06-09,424.85,424.92,423.04,423.22,3653797.0
2021-06-10,423.42,425.04,421.99,424.04,3075660.0
2021-06-11,424.68,424.84,423.26,424.74,2166721.0
2021-06-14,424.92,425.78,423.54,425.76,2158829.0
2021-06-15,425.9,425.94,424.0,424.93,4528505.0
2021-06-16,425.12,425.28,420.31,422.58,4771789.0
2021-06-17,422.08,423.44,419.75,422.45,4336299.0
2021-06-18,418.97,419.61,416.48,416.77,7290719.0
2021-06-21,418.62,422.87,417.73,422.65,4110960.0
2021-06-22,422.67,425.79,421.89,424.66,4447785.0
2021-06-23,424.97,425.86,424.33,424.41,2744107.0
2021-06-24,426.69,427.38,426.44,426.87,4817492.0
2021-06-25,427.76,428.91,427.4,428.44,4171497.0
2021-06-28,429.04,429.49,427.72,429.35,4015321.0
2021-06-29,429.76,430.38,428.98,429.54,3324631.0
2021-06-30,429.06,430.62,429.05,429.92,6888465.0
2021-07-01,430.71,432.47,430.66,432.35,3655423.0
2021-07-02,433.54,435.98,433.2,435.64,3920033.0
2021-07-06,435.67,435.87,431.87,434.53,4966668.0
2021-07-07,435.57,436.62,433.41,436.31,4430929.0
2021-07-08,430.65,433.6,429.39,432.81,6456939.0
2021-07-09,434.42,437.7,434.18,437.41,4312131.0
2021-07-12,437.31,439.27,436.86,439.03,4879913.0
2021-07-13,438.15,439.75,437.0,437.49,4525392.0
2021-07-14,439.3,439.81,436.8,438.07,3996376.0
2021-07-15,436.68,437.41,434.6,436.57,3978874.0
2021-07-16,437.87,437.96,432.8,433.27,4009528.0
2021-07-19,428.04,428.55,423.81,426.8,10288402.0
2021-07-20,427.58,434.28,426.69,432.99,8433240.0
2021-07-21,434.21,436.58,434.04,436.5,4581692.0
2021-07-22,436.63,437.61,435.59,437.45,3918121.0
2021-07-23,439.42,442.2,438.71,441.76,4094139.0
2021-07-26,441.27,442.94,441.18,442.94,3114728.0
2021-07-27,441.83,441.87,437.89,440.92,4245792.0
2021-07-28,441.62,442.23,439.23,440.68,4454734.0
2021-07-29,441.74,443.72,441.72,442.64,3626670.0
2021-07-30,439.82,441.98,439.71,440.4,2730705.0
2021-08-02,442.28,442.86,439.15,439.51,3485705.0
2021-08-03,440.32,443.17,438.01,443.02,3191813.0
2021-08-04,441.72,442.32,440.64,440.91,3126035.0
2021-08-05,442.14,443.78,441.83,443.65,2741165.0
2021-08-06,444.04,444.87,443.76,444.42,2660324.0
2021-08-09,444.42,444.72,443.24,444.11,1690110.0
2021-08-10,444.55,445.39,443.82,444.63,2650391.0
2021-08-11,445.78,445.84,444.57,445.68,3294062.0
2021-08-12,445.6,447.21,444.63,446.72,4714603.0
2021-08-13,447.54,447.88,447.04,447.85,2944500.0
2021-08-16,446.56,449.07,444.83,449.0,3332987.0
2021-08-17,446.15,446.91,442.78,445.95,7122916.0
2021-08-18,444.88,446.56,440.87,441.14,5144189.0
2021-08-19,438.19,443.05,438.03,441.79,4817157.0
2021-08-20,442.14,445.66,441.66,445.31,4661022.0
2021-08-23,447.12,450.21,447.11,449.19,4093684.0
2021-08-24,449.96,450.52,449.42,449.97,2899040.0
2021-08-25,450.17,451.45,449.75,450.91,3255278.0
2021-08-26,450.69,450.84,448.15,448.25,3621782.0
2021-08-27,449.07,452.65,449.06,452.19,4033875.0
2021-08-30,453.05,455.09,452.72,454.2,2433044.0
2021-08-31,454.19,454.51,452.95,453.71,3277946.0
2021-09-01,454.55,455.14,453.58,453.91,3788429.0
2021-09-02,455.35,456.08,453.96,455.27,2696552.0
2021-09-03,454.12,455.65,453.58,455.07,2622216.0
2021-09-07,454.75,454.83,452.76,453.6,2436679.0
2021-09-08,452.9,453.68,450.87,453.0,4076761.0
2021-09-09,452.69,454.58,450.73,450.98,3851597.0
2021-09-10,453.06,453.51,447.3,447.54,3024045.0
2021-09-13,450.68,450.93,446.09,448.58,3007399.0
2021-09-14,450.08,450.32,445.2,446.19,3663664.0
2021-09-15,446.6,450.39,445.45,449.9,5473602.0
2021-09-16,449.32,450.34,446.01,449.06,2269307.0
2021-09-17,448.37,448.78,444.42,444.73,4722837.0
2021-09-20,438.26,439.89,432.17,437.23,10006457.0
2021-09-21,439.89,441.25,436.42,436.98,6327275.0
2021-09-22,439.46,443.41,438.42,441.29,4928968.0
2021-09-23,443.25,448.29,442.98,446.58,4244537.0
2021-09-24,443.16,446.4,442.93,445.74,3434998.0
2021-09-27,444.54,445.77,443.61,444.34,3175881.0
2021-09-28,441.43,441.75,434.64,435.47,7588746.0
2021-09-29,436.89,438.73,435.55,436.22,4173879.0
2021-09-30,437.7,438.47,430.6,430.82,7705340.0
2021-10-01,432.7,437.73,428.94,435.95,6784032.0
2021-10-04,434.69,435.61,428.01,430.29,7910955.0
2021-10-05,431.97,437.17,431.09,434.8,4738521.0
2021-10-06,430.98,436.82,429.21,436.65,5125737.0
2021-10-07,440.13,443.39,439.9,440.27,4110916.0
2021-10-08,441.19,441.59,438.92,439.62,3056545.0
2021-10-11,438.86,441.97,436.31,436.34,2829041.0
2021-10-12,437.39,437.77,434.48,435.24,4986674.0
2021-10-13,436.37,437.74,433.23,436.79,5344307.0
2021-10-14,440.83,444.39,440.29,444.27,3594825.0
2021-10-15,446.55,448.0,445.84,447.68,3719979.0
2021-10-18,445.72,449.29,445.0,448.98,2692867.0
2021-10-19,450.73,452.51,450.06,452.51,2727783.0
2021-10-20,452.87,454.52,452.78,454.25,2735756.0
2021-10-21,453.55,455.64,453.1,455.43,4878919.0
2021-10-22,455.0,456.46,452.83,454.88,3756671.0
2021-10-25,456.07,457.7,454.17,457.26,2065687.0
2021-10-26,458.98,460.29,457.38,457.78,2550487.0
2021-10-27,458.26,458.95,455.67,455.74,2507097.0
2021-10-28,457.29,460.2,457.27,460.12,2464664.0
2021-10-29,457.7,461.39,457.38,460.99,4175289.0
2021-11-01,462.13,462.52,460.02,461.94,2914779.0
2021-11-02,462.08,464.05,461.92,463.76,3282790.0
2021-11-03,463.14,466.97,462.68,466.61,2916130.0
2021-11-04,467.21,468.86,466.84,468.75,3039933.0
2021-11-05,471.18,472.54,468.79,470.4,4361065.0
2021-11-08,471.57,472.1,470.08,470.89,2962977.0
2021-11-09,471.22,471.44,467.74,469.25,3518981.0
2021-11-10,467.47,469.25,463.88,465.54,4230342.0
2021-11-11,467.07,467.12,465.61,465.73,3459950.0
2021-11-12,467.03,469.72,465.97,469.16,2710648.0
2021-11-15,470.59,470.68,468.12,469.28,2947076.0
2021-11-16,469.06,472.38,468.97,471.15,3959241.0
2021-11-17,470.92,471.08,469.34,470.04,4846134.0
2021-11-18,471.14,471.9,468.27,471.59,2912781.0
2021-11-19,471.45,472.82,470.4,470.82,3349764.0
2021-11-22,472.73,475.5,469.24,469.41,4286297.0
2021-11-23,469.19,470.95,466.31,470.06,8485547.0
2021-11-24,468.01,471.47,467.05,471.28,4664109.0
2021-11-26,464.23,465.73,459.6,460.62,7263781.0
2021-11-29,465.91,468.42,463.6,466.5,5482977.0
2021-11-30,463.91,465.88,457.13,457.63,9778430.0
2021-12-01,463.45,466.51,452.07,452.29,7944973.0
2021-12-02,452.52,460.88,452.11,459.26,10040857.0
2021-12-03,460.96,462.09,450.74,455.14,9924053.0
2021-12-06,458.01,462.62,455.38,460.62,6552876.0
2021-12-07,466.28,470.75,466.23,470.19,6658955.0
2021-12-08,470.6,471.9,468.71,471.43,4992022.0
2021-12-09,470.05,471.0,468.04,468.25,5550894.0
2021-12-10,471.14,472.81,468.42,472.74,5628150.0
2021-12-13,470.66,470.94,466.71,467.07,8930014.0
2021-12-14,463.48,466.12,460.61,463.77,10305913.0
2021-12-15,463.83,471.27,461.14,471.06,7050750.0
2021-12-16,472.96,473.28,465.17,466.74,7865884.0
2021-12-17,463.52,466.73,460.06,462.11,8429484.0
2021-12-20,456.46,457.4,453.1,456.92,7001076.0
2021-12-21,460.57,465.24,458.32,465.06,6333021.0
2021-12-22,464.8,469.87,464.65,469.75,4833165.0
2021-12-23,470.82,474.23,470.71,472.63,4368755.0
2021-12-27,474.08,479.4,474.08,479.4,4130415.0
2021-12-28,479.84,480.9,478.12,479.03,4267035.0
2021-12-29,479.08,480.64,478.0,479.53,3312068.0
2021-12-30,480.04,481.09,477.76,478.18,4030624.0
2021-12-31,477.66,478.93,476.75,476.99,3980115.0
2022-01-03,478.38,479.9,475.91,479.84,5560279.0
2022-01-04,481.37,482.07,477.66,479.68,5452002.0
2022-01-05,479.27,480.03,470.29,470.33,7211395.0
2022-01-06,469.95,472.85,467.48,469.98,5959067.0
2022-01-07,470.02,471.25,466.67,468.1,7673579.0
2022-01-10,464.69,467.78,458.59,467.22,8975938.0
2022-01-11,467.26,471.9,464.05,471.83,7552015.0
2022-01-12,473.73,475.26,470.97,473.08,8938621.0
2022-01-13,474.22,474.92,465.49,466.59,5351101.0
2022-01-14,463.14,467.08,461.9,466.75,9652985.0
2022-01-18,461.7,461.94,457.33,458.5,9690260.0
2022-01-19,460.0,461.6,453.43,453.76,6260823.0
2022-01-20,455.74,460.75,448.21,448.72,8907315.0
2022-01-21,447.58,450.01,439.87,439.98,13981012.0
2022-01-24,433.95,442.32,422.56,441.52,18261081.0
2022-01-25,434.99,441.63,429.01,436.44,14719982.0
2022-01-26,442.71,446.07,430.76,435.43,14881711.0
2022-01-27,440.19,443.5,431.33,433.16,17535975.0
2022-01-28,434.64,443.88,429.68,443.75,13069645.0
2022-01-31,443.11,452.24,441.77,451.77,8537705.0
2022-02-01,452.69,455.59,448.89,454.89,8777837.0
2022-02-02,457.57,460.14,455.04,459.26,8744102.0
2022-02-03,452.92,454.95,447.68,448.6,7835239.0
2022-02-04,448.24,454.77,445.8,450.85,7109011.0
2022-02-07,451.51,452.97,447.82,449.25,6353159.0
2022-02-08,448.71,453.88,447.18,452.82,4955481.0
2022-02-09,457.26,459.81,457.03,459.5,7144620.0
2022-02-10,453.39,459.72,449.2,451.38,7475989.0
2022-02-11,451.34,453.57,440.88,442.35,9437106.0
2022-02-14,441.88,443.53,437.26,440.91,8248990.0
2022-02-15,445.64,448.24,445.13,448.0,6723904.0
2022-02-16,445.76,450.01,443.89,448.51,6315625.0
2022-02-17,445.18,445.72,438.35,439.1,6435610.0
2022-02-18,439.34,440.59,433.72,436.07,8059103.0
2022-02-22,433.75,437.4,427.71,431.34,9938952.0
2022-02-23,434.48,435.15,423.17,423.48,11345144.0
2022-02-24,412.8,430.61,412.4,430.14,19259912.0
2022-02-25,431.44,439.77,429.76,439.61,9651438.0
2022-02-28,433.93,440.12,432.6,438.72,11173981.0
2022-03-01,437.0,439.09,429.09,431.92,14288674.0
2022-03-02,434.31,441.47,433.47,439.8,8947176.0
2022-03-03,442.44,443.03,435.76,437.69,9926991.0
2022-03-04,433.75,435.26,429.74,433.95,8081127.0
2022-03-07,433.44,433.69,421.19,421.2,8790069.0
2022-03-08,421.43,429.0,416.91,418.06,14798487.0
2022-03-09,427.04,431.37,424.66,429.31,7702996.0
2022-03-10,424.37,428.26,422.26,427.34,8046606.0
2022-03-11,430.05,430.63,421.36,422.01,11299748.0
2022-03-14,422.9,426.36,417.6,418.82,8925111.0
2022-03-15,421.54,428.68,420.24,428.04,7882559.0
2022-03-16,431.93,437.59,426.67,437.52,7961704.0
2022-03-17,435.44,443.08,435.14,442.96,6514538.0
2022-03-18,441.36,448.24,440.56,447.7,5275998.0
2022-03-21,447.72,449.83,444.02,447.61,5679114.0
2022-03-22,449.22,453.96,449.22,453.07,5356410.0
2022-03-23,450.36,451.87,447.12,447.39,5558013.0
2022-03-24,447.79,452.39,446.65,452.36,3491547.0
2022-03-25,453.1,454.95,450.36,454.64,6909810.0
2022-03-28,453.95,457.86,452.0,457.83,4230256.0
2022-03-29,462.01,464.05,458.05,463.67,5716765.0
2022-03-30,462.51,463.17,458.44,460.79,5738719.0
2022-03-31,459.91,460.72,453.47,453.69,6553420.0
2022-04-01,455.26,455.42,451.08,454.79,5257398.0
2022-04-04,455.18,458.91,454.24,458.8,4052062.0
2022-04-05,457.24,459.79,451.82,452.89,4425567.0
2022-04-06,448.79,450.88,445.42,448.49,6035483.0
2022-04-07,447.54,452.62,445.45,450.71,5313245.0
2022-04-08,449.97,452.56,447.91,449.51,4962820.0
2022-04-11,446.02,446.89,441.3,441.74,4955008.0
2022-04-12,445.05,447.65,438.56,440.05,5272471.0
2022-04-13,440.05,445.98,439.74,445.2,7292474.0
2022-04-14,445.44,446.65,439.57,439.7,4410031.0
2022-04-18,438.71,441.64,437.53,439.86,4631471.0
2022-04-19,439.75,447.73,439.58,446.96,5184906.0
2022-04-20,448.88,449.5,445.41,446.56,4293898.0
2022-04-21,450.56,451.97,439.02,440.09,5260071.0
2022-04-22,438.8,439.09,427.3,427.78,7928902.0
2022-04-25,425.47,430.53,420.64,430.42,7913069.0
2022-04-26,427.7,427.87,417.84,417.89,9574292.0
2022-04-27,418.94,424.73,416.82,419.15,9798339.0
2022-04-28,424.1,431.48,419.43,429.68,5565438.0
2022-04-29,425.48,427.68,412.98,413.56,8744840.0
2022-05-02,413.62,417.68,406.8,416.22,9393923.0
2022-05-03,416.82,420.73,415.16,418.15,7359727.0
2022-05-04,418.87,431.5,415.48,430.74,9572616.0
2022-05-05,426.35,426.43,411.2,415.45,11436757.0
2022-05-06,412.87,416.55,407.48,413.21,8978530.0
2022-05-09,406.8,408.09,398.28,399.92,8724176.0
2022-05-10,406.21,407.76,396.51,400.71,10355163.0
2022-05-11,399.78,405.69,393.62,394.39,8473070.0
2022-05-12,391.03,397.45,386.78,393.81,7557400.0
2022-05-13,398.38,404.88,397.34,403.41,5360433.0
2022-05-16,401.69,405.74,399.32,401.71,4944505.0
2022-05-17,408.24,410.33,404.33,410.03,5230360.0
2022-05-18,405.24,405.5,392.25,393.56,6217210.0
2022-05-19,390.17,395.74,388.74,391.1,7168694.0
2022-05-20,394.91,395.49,382.17,391.3,7447986.0
2022-05-23,394.57,399.42,392.08,398.61,4936456.0
2022-05-24,394.21,396.79,388.63,395.75,5415836.0
2022-05-25,394.03,401.16,393.61,399.25,5610230.0
2022-05-26,400.43,408.8,400.2,407.06,4283403.0
2022-05-27,409.71,417.25,409.49,417.25,4078714.0
2022-05-31,415.36,418.3,411.83,414.87,5773919.0
2022-06-01,416.99,418.05,408.75,411.51,6646235.0
2022-06-02,411.25,419.29,408.84,419.26,4391475.0
2022-06-03,414.21,415.84,411.32,412.38,4039087.0
2022-06-06,416.69,418.41,412.36,413.62,3028644.0
2022-06-07,409.84,418.04,409.4,417.46,4627465.0
2022-06-08,415.75,417.62,412.19,412.94,3379451.0
2022-06-09,409.79,412.15,401.89,401.99,3994407.0
2022-06-10,395.3,396.1,390.09,390.13,8654161.0
2022-06-13,380.17,382.15,373.63,375.13,13018360.0
2022-06-14,377.2,378.24,370.89,374.13,12557860.0
2022-06-15,377.69,384.24,372.44,379.46,9075766.0
2022-06-16,370.83,371.23,364.36,366.99,10548879.0
2022-06-17,367.44,371.27,364.03,367.66,13277932.0
2022-06-21,373.74,378.45,373.63,377.01,6635828.0
2022-06-22,372.57,380.66,372.09,376.36,5115413.0
2022-06-23,378.58,380.76,374.77,380.13,7788956.0
2022-06-24,383.34,392.08,383.34,392.0,4803114.0
2022-06-27,393.04,393.36,389.41,390.58,7858253.0
2022-06-28,392.14,395.14,382.5,382.61,5630770.0
2022-06-29,383.17,384.22,380.4,382.34,3905792.0
2022-06-30,378.2,382.58,374.52,379.15,7321105.0
2022-07-01,378.52,383.64,375.77,383.09,5267694.0
2022-07-05,377.87,383.97,374.83,383.91,5097025.0
2022-07-06,384.11,387.86,381.59,385.28,4982831.0
2022-07-07,387.16,391.84,387.12,390.99,4786301.0
2022-07-08,389.26,392.64,387.67,390.68,3757204.0
2022-07-11,387.85,388.85,385.5,386.23,3601967.0
2022-07-12,385.7,388.15,380.96,382.76,3906578.0
2022-07-13,377.01,383.88,376.58,380.8,4665153.0
2022-07-14,375.55,380.49,372.97,379.88,4885943.0
2022-07-15,384.55,387.22,382.51,387.13,3959038.0
2022-07-18,390.36,391.05,382.65,384.0,3743632.0
2022-07-19,388.03,394.89,387.4,394.32,4683986.0
2022-07-20,394.45,398.31,393.09,396.76,4862317.0
2022-07-21,396.2,400.91,393.71,400.81,8258645.0
2022-07-22,400.99,402.24,394.8,397.24,6173760.0
2022-07-25,397.82,398.55,395.29,397.65,3960308.0
2022-07-26,395.86,396.09,391.98,392.93,4115469.0
2022-07-27,396.45,404.98,396.18,403.09,4904500.0
2022-07-28,403.97,408.91,400.26,408.21,5250430.0
2022-07-29,409.83,415.2,408.92,414.28,4438456.0
2022-08-01,411.34,415.58,410.57,412.95,3757498.0
2022-08-02,411.27,415.15,408.95,410.32,4000308.0
2022-08-03,412.49,417.9,412.21,416.72,4612020.0
2022-08-04,416.57,417.26,414.65,416.32,4000158.0
2022-08-05,411.83,416.35,411.78,415.59,2971294.0
2022-08-08,417.5,419.84,414.0,415.23,4304661.0
2022-08-09,414.43,414.89,412.38,413.49,2491436.0
2022-08-10,421.01,422.36,418.97,422.15,3837163.0
2022-08-11,425.26,427.21,421.47,422.3,4909930.0
2022-08-12,424.3,429.48,423.28,429.25,4492585.0
2022-08-15,427.13,431.69,427.0,431.14,2596400.0
2022-08-16,430.05,434.03,429.24,432.04,3596597.0
2022-08-17,428.2,431.81,426.81,428.79,4063557.0
2022-08-18,429.14,430.89,427.78,430.05,2709938.0
2022-08-19,427.26,427.54,423.47,424.36,4063299.0
2022-08-22,419.28,419.39,414.58,415.46,5263526.0
2022-08-23,415.09,417.6,413.94,414.54,4201647.0
2022-08-24,414.33,417.32,413.58,415.83,2673960.0
2022-08-25,417.48,421.81,416.35,421.69,2383268.0
2022-08-26,421.7,422.16,407.28,407.28,5994509.0
2022-08-29,404.32,407.96,403.3,404.83,4601529.0
2022-08-30,405.98,406.21,398.1,400.19,5693746.0
2022-08-31,402.0,403.3,397.09,397.18,6263360.0
2022-09-01,394.9,398.82,392.06,398.54,4934115.0
2022-09-02,402.38,403.65,392.33,394.28,4179488.0
2022-09-06,395.25,396.26,390.45,392.71,4866862.0
2022-09-07,392.42,400.67,392.28,399.82,6619517.0
2022-09-08,397.39,402.94,396.2,402.34,4018277.0
2022-09-09,404.8,409.67,404.65,408.76,2589182.0
2022-09-12,410.96,413.94,410.65,413.17,2797261.0
2022-09-13,403.94,405.21,394.01,395.14,5094885.0
2022-09-14,396.46,398.24,393.14,396.65,4272537.0
2022-09-15,395.06,398.03,390.82,392.07,4178125.0
2022-09-16,387.73,389.86,385.69,389.1,5107452.0
2022-09-19,385.8,392.17,385.76,392.13,2901217.0
2022-09-20,388.66,389.66,384.77,387.52,4101447.0
2022-09-21,389.72,392.93,380.9,380.91,7367046.0
2022-09-22,380.11,381.1,376.92,377.69,7497164.0
2022-09-23,373.98,374.02,366.7,371.42,6261161.0
2022-09-26,367.94,371.72,364.51,365.87,7292707.0
2022-09-27,369.53,371.93,362.35,364.93,10194730.0
2022-09-28,365.82,373.8,364.07,372.02,7013107.0
2022-09-29,368.34,368.56,361.18,364.37,5705464.0
2022-09-30,363.3,367.35,358.53,358.65,7337538.0
2022-10-03,362.55,370.07,360.67,368.14,5613443.0
2022-10-04,373.89,379.53,373.87,379.41,4489584.0
2022-10-05,374.88,381.0,372.46,378.52,5384491.0
2022-10-06,377.14,380.23,374.26,374.78,4463387.0
2022-10-07,370.47,370.78,362.42,364.33,4252809.0
2022-10-10,365.47,365.7,359.15,361.62,4113915.0
2022-10-11,359.7,364.49,357.17,359.14,5748920.0
2022-10-12,359.67,361.25,357.77,357.98,4127599.0
2022-10-13,350.61,369.02,349.53,367.51,7341130.0
2022-10-14,370.04,371.73,358.43,359.09,5333543.0
2022-10-17,365.5,369.44,365.48,368.33,3907063.0
2022-10-18,376.69,376.96,369.08,372.55,6820752.0
2022-10-19,370.48,373.36,367.05,370.1,4855609.0
2022-10-20,369.52,374.17,366.14,366.95,4991420.0
2022-10-21,366.62,376.35,365.1,375.81,4183647.0
2022-10-24,377.47,381.62,374.65,380.43,4184650.0
2022-10-25,380.37,386.87,380.29,386.54,4968316.0
2022-10-26,383.21,389.19,382.97,383.62,5089692.0
2022-10-27,384.7,386.59,380.91,381.58,4389160.0
2022-10-28,381.49,391.15,381.28,390.53,4090176.0
2022-10-31,388.03,390.69,386.86,387.79,6355996.0
2022-11-01,391.77,392.0,384.95,386.25,7292193.0
2022-11-02,385.58,390.21,376.22,376.35,6806076.0
2022-11-03,372.94,375.69,370.31,372.57,3496775.0
2022-11-04,378.51,380.4,371.53,377.84,4572684.0
2022-11-07,379.27,382.14,377.08,381.53,3778154.0
2022-11-08,382.68,386.68,379.27,383.6,3781161.0
2022-11-09,381.43,382.71,375.18,375.77,8459078.0
2022-11-10,389.63,396.7,387.27,396.35,4527284.0
2022-11-11,397.34,401.06,395.11,400.17,3746343.0
2022-11-14,398.36,401.91,396.58,396.81,6093933.0
2022-11-15,402.9,404.03,396.2,400.18,6157269.0
2022-11-16,398.45,399.45,396.49,397.24,4086712.0
2022-11-17,392.21,396.65,391.81,395.9,3341881.0
2022-11-18,399.44,399.5,394.73,397.78,2504927.0
2022-11-21,396.38,397.47,394.39,396.26,2302751.0
2022-11-22,398.33,401.81,396.88,401.72,3314591.0
2022-11-23,401.27,404.69,401.11,404.12,2267636.0
2022-11-25,403.61,404.69,403.33,404.09,1202538.0
2022-11-28,400.83,402.56,396.82,397.69,2508442.0
2022-11-29,397.76,399.03,395.0,397.01,4447838.0
2022-11-30,397.21,409.32,395.19,409.32,6014823.0
2022-12-01,410.68,411.94,406.53,409.15,5897931.0
2022-12-02,403.95,409.65,403.95,408.71,3624204.0
2022-12-05,405.73,406.72,399.93,401.35,4140985.0
2022-12-06,401.14,401.65,393.31,395.61,4232510.0
2022-12-07,394.42,397.32,393.62,394.85,4077994.0
2022-12-08,396.82,399.05,395.15,397.95,2484515.0
2022-12-09,396.64,399.34,394.85,395.01,3540520.0
2022-12-12,395.87,400.66,395.11,400.55,4998203.0
2022-12-13,410.33,410.44,399.13,402.01,5899668.0
2022-12-14,401.61,405.6,396.36,399.6,9398493.0
2022-12-15,394.34,395.25,387.88,389.7,5864080.0
2022-12-16,386.9,388.27,382.79,384.94,6667266.0
2022-12-19,385.26,385.56,380.01,381.74,4289680.0
2022-12-20,380.97,383.91,379.62,382.18,4451222.0
2022-12-21,385.13,389.16,384.44,387.88,3875517.0
2022-12-22,384.76,385.08,376.49,382.6,6463781.0
2022-12-23,381.44,384.76,379.77,384.59,3280122.0
2022-12-27,384.55,384.87,381.42,383.11,4338979.0
2022-12-28,383.09,385.15,378.15,378.46,4684727.0
2022-12-29,381.37,386.06,380.84,385.01,5327278.0
2022-12-30,382.42,384.27,380.17,384.21,5289961.0
2023-01-03,386.12,388.11,379.6,382.53,6454733.0
2023-01-04,384.94,387.63,381.77,385.51,3805557.0
2023-01-05,383.44,383.55,380.53,381.13,4329717.0
2023-01-06,384.35,391.03,381.23,389.83,4839005.0
2023-01-09,392.17,395.5,389.43,389.56,3474727.0
2023-01-10,389.02,392.44,388.04,392.36,3649111.0
2023-01-11,394.06,397.4,393.22,397.25,6273788.0
2023-01-12,398.47,400.31,394.23,398.8,3988007.0
2023-01-13,395.46,400.92,395.15,400.37,3192790.0
2023-01-17,400.37,402.07,398.92,399.63,3510099.0
2023-01-18,400.87,401.94,393.15,393.33,4348474.0
2023-01-19,391.1,392.87,389.08,390.53,2999950.0
2023-01-20,391.88,397.88,390.19,397.7,2645499.0
2023-01-23,398.55,404.52,397.6,402.42,5152423.0
2023-01-24,400.75,403.04,399.5,402.15,4309892.0
2023-01-25,397.75,402.57,395.42,402.22,4555266.0
2023-01-26,405.04,406.8,401.92,406.64,3067578.0
2023-01-27,405.48,410.07,405.39,407.65,4013017.0
2023-01-30,404.66,407.02,402.2,402.47,3457432.0
2023-01-31,403.0,408.4,402.67,408.31,6121226.0
2023-02-01,407.1,415.59,404.22,412.67,5194565.0
2023-02-02,416.8,420.25,414.8,418.66,4883296.0
2023-02-03,413.52,418.95,413.04,414.35,4385968.0
2023-02-06,411.74,413.24,410.03,411.8,2578974.0
2023-02-07,410.77,418.43,409.53,417.12,5584762.0
2023-02-08,415.05,416.46,411.88,412.57,2872002.0
2023-02-09,416.38,416.52,407.73,409.07,3378847.0
2023-02-10,407.71,410.36,406.93,409.96,2655938.0
2023-02-13,410.67,414.85,410.19,414.78,3757214.0
2023-02-14,413.16,417.0,410.45,414.56,4222803.0
2023-02-15,412.26,415.96,411.44,415.88,2969115.0
2023-02-16,410.74,414.82,410.08,410.28,3347288.0
2023-02-17,407.95,409.39,405.95,409.14,2039030.0
2023-02-21,404.92,406.0,400.68,401.03,6280646.0
2023-02-22,401.38,402.98,398.85,400.35,4145859.0
2023-02-23,403.46,404.05,398.1,402.46,4570022.0
2023-02-24,397.21,399.07,395.48,398.11,4450443.0
2023-02-27,401.74,403.15,398.61,399.5,4547747.0
2023-02-28,399.06,401.11,397.97,397.97,5191528.0
2023-03-01,397.22,398.5,395.2,396.55,6327361.0
2023-03-02,394.5,400.53,394.2,399.67,3004474.0
2023-03-03,401.58,406.34,400.91,406.08,3167297.0
2023-03-06,407.06,409.38,405.96,406.54,5754570.0
2023-03-07,406.34,406.58,399.49,400.13,3536209.0
2023-03-08,400.3,401.59,398.44,400.83,3423540.0
2023-03-09,401.63,403.33,392.32,393.41,3578709.0
2023-03-10,392.85,394.95,386.11,387.88,6751220.0
2023-03-13,383.5,392.05,382.37,387.07,5579127.0
2023-03-14,392.32,395.26,388.82,393.58,6004891.0
2023-03-15,387.59,391.2,385.45,391.16,7838392.0
2023-03-16,388.66,398.25,388.05,397.89,6543846.0
2023-03-17,396.6,397.7,391.86,393.17,6487547.0
2023-03-20,394.14,397.5,393.38,397.07,4602565.0
2023-03-21,400.63,402.82,398.95,402.23,8656680.0
2023-03-22,402.13,405.87,395.41,395.49,4659897.0
2023-03-23,396.89,401.02,392.08,394.84,4743633.0
2023-03-24,393.54,397.52,391.09,397.45,4867812.0
2023-03-27,399.93,400.63,397.29,398.14,4509654.0
2023-03-28,397.47,398.21,395.4,397.4,2419012.0
2023-03-29,401.66,403.37,400.45,403.15,4369062.0
2023-03-30,405.84,406.1,403.48,405.39,4066361.0
2023-03-31,406.48,411.44,406.35,411.08,4224549.0
2023-04-03,410.71,413.16,410.2,412.54,4455343.0
2023-04-04,413.42,413.69,409.0,410.43,3496476.0
2023-04-05,409.74,410.48,407.65,409.46,3698876.0
2023-04-06,408.57,411.27,407.44,411.01,2975475.0
2023-04-10,408.37,411.5,407.76,411.48,2778047.0
2023-04-11,412.02,412.97,410.69,411.47,3656985.0
2023-04-12,413.68,413.94,409.23,409.93,3958994.0
2023-04-13,411.04,415.62,410.5,415.27,3570097.0
2023-04-14,414.64,416.89,411.85,414.25,3546711.0
2023-04-17,414.14,415.85,412.88,415.78,2482668.0
2023-04-18,417.44,417.52,414.6,416.02,2653384.0
2023-04-19,414.02,416.87,413.98,415.99,2936952.0
2023-04-20,412.96,415.5,412.07,413.66,3279818.0
2023-04-21,413.99,414.46,412.0,413.89,3383997.0
2023-04-24,413.75,414.85,412.39,414.41,3398523.0
2023-04-25,412.34,412.89,407.79,407.83,3686817.0
2023-04-26,408.47,409.59,405.54,406.17,5637873.0
2023-04-27,408.75,414.49,408.55,414.23,4156062.0
2023-04-28,413.27,417.74,413.23,417.66,3871085.0
2023-05-01,417.29,419.42,417.1,417.36,2813270.0
2023-05-02,416.54,416.64,409.59,412.69,4604715.0
2023-05-03,413.18,415.64,409.56,409.72,3746353.0
2023-05-04,408.65,409.03,405.54,406.86,4185948.0
2023-05-05,410.68,415.53,410.43,414.3,2992865.0
2023-05-08,414.78,415.06,413.1,414.52,2955667.0
2023-05-09,412.92,413.88,412.48,412.83,2571939.0
2023-05-10,415.7,416.34,410.67,414.57,3186117.0
2023-05-11,413.74,414.21,411.75,413.95,2509843.0
2023-05-12,415.27,415.37,410.87,413.41,2281584.0
2023-05-15,414.11,415.23,412.05,414.78,1934154.0
2023-05-16,413.7,414.62,412.01,412.01,3433846.0
2023-05-17,414.2,417.67,412.43,417.01,3131327.0
2023-05-18,416.8,421.52,416.5,421.05,3087097.0
2023-05-19,422.02,422.59,419.21,420.44,3873198.0
2023-05-22,420.51,422.26,419.21,420.56,3076644.0
2023-05-23,418.93,419.88,415.51,415.96,3221021.0
2023-05-24,414.24,414.59,411.67,412.84,3633825.0
2023-05-25,416.56,417.97,414.21,416.48,3487772.0
2023-05-26,417.18,422.63,417.09,421.95,5531300.0
2023-05-30,423.91,424.43,420.62,422.03,3239552.0
2023-05-31,420.11,421.07,418.07,419.43,4479589.0
2023-06-01,419.96,424.8,418.7,423.75,3786339.0
2023-06-02,426.37,430.67,425.88,429.79,4525708.0
2023-06-05,430.22,431.57,428.3,429.05,4318293.0
2023-06-06,428.59,430.5,427.92,429.96,3539867.0
2023-06-07,429.02,430.21,426.7,427.21,4047526.0
2023-06-08,427.14,430.2,426.43,429.68,3473459.0
2023-06-09,430.54,432.6,429.48,430.54,4141371.0
2023-06-12,431.49,434.49,430.77,434.45,4294439.0
2023-06-13,435.97,437.98,435.26,437.29,5444491.0
2023-06-14,437.65,439.72,434.24,437.8,5957989.0
2023-06-15,437.01,444.57,436.87,443.21,5928686.0
2023-06-16,445.39,445.48,441.25,441.63,6474382.0
2023-06-20,439.72,441.53,437.3,439.54,4506011.0
2023-06-21,438.44,439.47,436.64,437.22,4067560.0
2023-06-22,436.25,438.9,435.86,438.8,2512324.0
2023-06-23,435.19,437.35,434.75,435.46,2651382.0
2023-06-26,434.89,436.86,433.44,433.62,4936618.0
2023-06-27,434.64,439.08,433.52,438.42,5254422.0
2023-06-28,437.35,439.75,436.7,438.56,3445646.0
2023-06-29,438.22,440.59,437.88,440.31,3389380.0
2023-06-30,443.75,446.62,443.45,445.71,5137766.0
2023-07-03,445.23,446.43,444.96,446.35,1928101.0
2023-07-05,444.19,446.36,444.19,445.58,6217850.0
2023-07-06,441.8,442.4,439.35,441.93,3248814.0
2023-07-07,440.94,444.96,440.59,440.8,3441701.0
2023-07-10,440.48,442.14,439.88,441.97,2526460.0
2023-07-11,442.78,445.3,441.75,444.94,4775881.0
2023-07-12,448.81,449.83,447.28,448.28,4714042.0
2023-07-13,450.25,452.78,449.81,452.1,4179536.0
2023-07-14,452.9,453.75,450.97,451.65,3437983.0
2023-07-17,451.47,454.33,451.45,453.33,4500330.0
2023-07-18,452.85,457.29,452.44,456.62,6456870.0
2023-07-19,457.45,458.82,456.79,457.46,3182163.0
2023-07-20,456.58,457.49,453.86,454.61,10647080.0
2023-07-21,456.37,456.58,454.58,454.6,3502434.0
2023-07-24,455.78,457.44,455.16,456.61,2632021.0
2023-07-25,456.32,459.16,456.25,457.84,3987042.0
2023-07-26,456.89,459.36,455.79,457.88,5592140.0
2023-07-27,461.49,461.88,453.96,454.92,3413256.0
2023-07-28,458.24,460.26,457.5,459.22,4258847.0
2023-07-31,459.85,460.58,458.49,460.18,3947987.0
2023-08-01,458.74,459.62,457.93,458.9,3756702.0
2023-08-02,455.67,455.91,451.74,452.49,3256279.0
2023-08-03,450.42,453.11,449.75,451.19,3276793.0
2023-08-04,453.13,455.28,448.65,449.09,4359894.0
2023-08-07,451.1,453.24,450.39,453.06,2223593.0
2023-08-08,450.43,451.58,447.65,451.16,3554599.0
2023-08-09,451.41,451.57,447.33,448.11,2838233.0
2023-08-10,450.56,454.1,447.07,448.31,4508484.0
2023-08-11,446.33,449.04,445.7,448.04,3757839.0
2023-08-14,447.03,450.51,446.76,450.44,2387427.0
2023-08-15,448.69,448.98,444.65,445.34,5019311.0
2023-08-16,444.82,446.53,441.87,442.01,2896093.0
2023-08-17,443.45,443.76,438.07,438.61,3991019.0
2023-08-18,435.63,439.86,435.29,438.69,3164229.0
2023-08-21,439.84,442.44,437.62,441.65,3251099.0
2023-08-22,443.53,443.58,439.89,440.39,4921085.0
2023-08-23,441.49,446.01,441.43,445.25,2857543.0
2023-08-24,447.0,447.55,439.17,439.27,3583936.0
2023-08-25,441.04,443.69,437.34,442.41,4118077.0
2023-08-28,444.64,445.81,443.25,445.08,2583146.0
2023-08-29,445.08,451.88,444.89,451.51,3983814.0
2023-08-30,451.99,454.12,451.22,453.49,2811799.0
2023-08-31,454.13,455.3,452.64,452.69,3881291.0
2023-09-01,455.72,456.13,452.19,453.65,2853019.0
2023-09-05,453.21,453.55,451.62,451.7,2289771.0
2023-09-06,450.87,450.94,446.23,448.56,6316136.0
2023-09-07,445.49,447.97,445.16,447.32,2310402.0
2023-09-08,447.25,449.52,446.96,447.87,2788079.0
2023-09-11,450.69,451.21,448.92,450.9,3671184.0
2023-09-12,449.42,450.99,447.84,448.46,2648692.0
2023-09-13,448.65,450.16,447.52,448.88,3020013.0
2023-09-14,451.57,453.55,450.17,452.89,3546929.0
2023-09-15,451.21,451.5,446.97,447.05,5239478.0
2023-09-18,447.05,448.98,446.6,447.82,4152750.0
2023-09-19,446.67,447.29,443.94,446.82,3575739.0
2023-09-20,448.01,448.46,442.4,442.59,5468989.0
2023-09-21,439.64,439.91,435.14,435.34,5077111.0
2023-09-22,436.4,438.03,433.9,434.3,9351091.0
2023-09-25,432.99,436.18,432.61,436.1,4413071.0
2023-09-26,431.05,431.71,426.9,427.76,4887552.0
2023-09-27,428.94,429.54,424.16,427.87,6664497.0
2023-09-28,427.35,432.13,426.74,430.37,4870992.0
2023-09-29,433.62,433.72,427.84,429.43,6239196.0
2023-10-02,428.49,430.47,426.36,429.28,4666855.0
2023-10-03,426.92,428.54,422.03,423.56,5467039.0
2023-10-04,423.9,427.31,422.46,426.56,3560248.0
2023-10-05,426.28,427.23,423.04,426.36,4030383.0
2023-10-06,423.87,433.02,422.46,431.37,4153610.0
2023-10-09,429.45,434.79,428.92,434.21,2675537.0
2023-10-10,434.89,439.15,434.47,436.48,4429970.0
2023-10-11,437.63,438.5,435.1,438.33,3875609.0
2023-10-12,438.91,439.28,433.17,435.7,4232285.0
2023-10-13,437.18,438.38,431.79,433.41,4041240.0
2023-10-16,435.74,439.08,435.53,437.92,4656878.0
2023-10-17,434.73,440.05,434.4,438.05,4863956.0
2023-10-18,436.14,437.09,430.98,432.31,7890022.0
2023-10-19,432.85,434.75,427.62,428.39,10020188.0
2023-10-20,427.89,428.38,422.94,423.12,7046251.0
2023-10-23,421.45,426.33,419.65,422.38,6870442.0
2023-10-24,424.51,426.65,422.6,425.56,8027869.0
2023-10-25,423.77,423.85,418.86,419.51,4730804.0
2023-10-26,418.34,419.15,413.42,414.45,5081603.0
2023-10-27,416.01,416.41,411.02,412.55,5603581.0
2023-10-30,415.36,418.51,414.04,417.45,4459540.0
2023-10-31,418.0,420.36,416.07,419.94,8151816.0
2023-11-01,421.03,425.37,420.48,424.53,5645417.0
2023-11-02,428.48,432.84,428.48,432.71,4265157.0
2023-11-03,435.06,438.2399,434.95,436.59,6222129.0
2023-11-06,437.49,438.04,435.63,437.64,3296763.0
2023-11-07,437.66,439.54,436.47,438.8,3054702.0
2023-11-08,439.5,440.036,436.82,439.16,3617336.0
2023-11-09,440.45,440.45,435.37,435.85,4047861.0
2023-11-10,437.97,442.92,436.4,442.67,3673358.0
2023-11-13,441.21,443.33,440.41,442.16,3674951.0
2023-11-14,448.43,452.1,448.11,450.83,4063222.0
2023-11-15,452.22,453.42,450.85,451.74,5461739.0
2023-11-16,451.26,452.55,450.19,452.3,3578343.0
2023-11-17,452.47,453.48,451.36,452.78,3209065.0
2023-11-20,452.61,457.2097,452.58,456.42,4521203.0
2023-11-21,455.23,455.71,454.06,455.37,3133096.0
2023-11-22,457.07,458.48,455.97,457.1,3391609.0
2023-11-24,457.18,457.59,456.81,457.37,1304193.0
2023-11-27,456.81,457.59,456.17,456.59,3091898.0
2023-11-28,456.18,458.3661,455.59,456.98,2447789.0
2023-11-29,459.26,460.4,456.2901,456.77,3979712.0
2023-11-30,457.57,458.84,455.41,458.42,4075024.0
2023-12-01,457.89,461.76,457.29,461.13,5396171.0
2023-12-04,457.7,459.0403,456.45,458.85,4123515.0
2023-12-05,457.4,459.69,456.99,458.75,4553319.0
2023-12-06,460.95,460.98,456.45,456.85,4045163.0
2023-12-07,459.0,461.0,456.803,460.36,6440898.0
2023-12-08,459.61,462.87,459.35,462.35,4984466.0
2023-12-11,461.82,464.33,461.62,464.15,7101964.0
2023-12-12,463.79,466.45,462.75,466.45,6803337.0
2023-12-13,466.64,472.99,466.305,472.84,7733831.0
2023-12-14,474.74,475.97,471.48,474.32,7208376.0
2023-12-15,473.59,474.75,472.56,473.52,6819896.0
2023-12-18,475.12,477.14,474.99,476.15,8393440.0
2023-12-19,476.73,479.08,476.64,478.9,5105329.0
2023-12-20,476.25,478.16,470.04,470.14,6341471.0
2023-12-21,473.54,475.2,471.05,474.91,8863857.0
2023-12-22,476.13,477.63,473.94,475.82,4266690.0
2023-12-26,476.32,478.81,476.23,477.87,2235582.0
2023-12-27,477.78,478.9,477.16,478.78,3760969.0
2023-12-28,479.15,479.79,478.52,479.0,3429488.0
2023-12-29,478.73,479.2595,475.54,477.63,3989611.0
2024-01-02,474.4,475.88,472.7,474.89,5184387.0
2024-01-03,472.66,473.41,470.38,471.01,5995897.0
2024-01-04,470.51,473.19,469.27,469.56,6198264.0
2024-01-05,469.7,472.66,468.65,470.12,10429057.0
2024-01-08,470.62,476.98,470.55,476.59,8460334.0
2024-01-09,474.18,477.17,473.6,476.14,5360840.0
2024-01-10,476.39,479.6865,476.14,478.81,5500170.0
2024-01-11,479.84,480.35,474.5,478.55,7450137.0
2024-01-12,480.15,480.85,477.5,478.96,3796703.0
2024-01-16,477.51,478.86,475.32,477.3,8024293.0
2024-01-17,474.06,475.04,472.11,474.62,8310993.0
2024-01-18,476.22,479.3,474.68,478.69,4871538.0
2024-01-19,479.93,485.02,479.24,484.68,5474589.0
2024-01-22,486.37,487.54,485.12,485.73,7017000.0
2024-01-23,486.37,487.41,485.19,487.24,2839725.0
2024-01-24,490.13,491.1,487.34,487.61,5547635.0
2024-01-25,489.94,490.62,487.73,490.33,6638230.0
2024-01-26,489.92,491.45,488.88,489.82,4097535.0
2024-01-29,490.05,493.77,489.5,493.67,6073690.0
2024-01-30,492.88,493.98,492.45,493.3,4494566.0
2024-01-31,490.94,491.44,485.19,485.2,10650351.0
2024-02-01,486.92,491.64,486.16,491.64,6417096.0
2024-02-02,492.02,498.43,491.656,496.71,4708228.0
2024-02-05,496.06,496.55,492.59,495.05,6849428.0
2024-02-06,495.86,496.68,494.41,496.39,4468981.0
2024-02-07,498.67,500.94,497.8,500.42,5624950.0
2024-02-08,500.57,501.09,499.65,500.75,4062775.0
2024-02-09,501.3,504.07,500.91,503.65,2568278.0
2024-02-12,503.61,505.92,502.65,503.38,2628662.0
2024-02-13,496.92,503.2795,493.07,496.62,5465574.0
2024-02-14,499.23,501.5,496.79,501.05,4673716.0
2024-02-15,501.69,504.63,501.215,504.35,3963886.0
2024-02-16,504.14,505.29,501.19,501.95,4385346.0
2024-02-20,500.12,500.85,496.85,499.16,5928476.0
2024-02-21,497.81,499.78,495.94,499.61,4243751.0
2024-02-22,506.45,510.94,505.474,510.05,4079805.0
2024-02-23,511.78,512.63,509.57,510.34,4343149.0
2024-02-26,510.82,511.22,508.34,508.42,3720749.0
2024-02-27,509.16,509.625,507.21,509.32,3729102.0
2024-02-28,507.81,509.3,507.42,508.68,4353484.0
2024-02-29,510.53,512.209,507.82,510.45,5996133.0
2024-03-01,511.48,515.8,511.07,515.39,4581895.0
2024-03-04,514.52,516.7199,514.51,514.78,4351498.0
2024-03-05,512.75,513.165,507.35,509.58,5068665.0
2024-03-06,513.1,514.575,510.93,512.34,4234083.0
2024-03-07,515.65,518.43,514.7,517.43,4647205.0
2024-03-08,517.99,520.78,513.65,514.29,4825219.0
2024-03-11,512.98,514.36,511.015,514.04,7239762.0
2024-03-12,515.95,519.92,513.37,519.4,7437845.0
2024-03-13,519.66,519.84,517.04,518.57,3854334.0
2024-03-14,519.52,519.68,514.32,517.44,20332484.0
2024-03-15,514.28,515.8,512.43,513.23,8080989.0
2024-03-18,518.16,519.65,516.33,516.85,13385178.0
2024-03-19,516.3,520.14,515.27,519.84,4569155.0
2024-03-20,519.94,524.8101,519.245,524.67,5450044.0
2024-03-21,525.97,526.66,524.46,524.62,4519673.0
2024-03-22,524.63,525.17,523.52,523.92,6939488.0
2024-03-25,522.31,523.48,522.15,522.28,6296867.0
2024-03-26,523.82,524.13,520.95,521.18,5932593.0
2024-03-27,524.26,525.77,522.02,525.72,4777505.0
2024-03-28,525.84,527.155,525.34,525.73,4716945.0
2024-04-01,526.36,526.96,523.54,524.88,6170595.0
2024-04-02,520.77,521.52,519.04,521.45,7653126.0
2024-04-03,520.26,523.509,520.21,522.03,5820194.0
2024-04-04,526.09,526.435,515.27,515.61,7222693.0
2024-04-05,517.0,523.0,516.55,520.99,5275848.0
2024-04-08,521.71,522.74,520.4303,521.13,10802155.0
2024-04-09,523.04,523.28,516.88,521.78,4964268.0
2024-04-10,515.98,518.69,514.61,516.72,4616388.0
2024-04-11,518.2,522.02,514.6,520.59,4333411.0
2024-04-12,516.93,518.35,511.6,513.31,6513436.0
2024-04-15,517.69,517.81,506.05,506.95,6399016.0
2024-04-16,507.37,508.99,504.68,505.98,8287359.0
2024-04-17,508.53,508.67,501.58,503.04,7635477.0
2024-04-18,504.43,506.58,501.0,501.88,4808668.0
2024-04-19,501.86,502.89,496.3,497.53,6355307.0
2024-04-22,500.33,504.83,497.85,502.12,4210564.0
2024-04-23,504.23,508.55,503.68,508.17,4221869.0
2024-04-24,509.03,509.85,505.64,507.97,4457769.0
2024-04-25,501.61,506.75,499.95,505.82,3714078.0
2024-04-26,508.85,512.39,508.21,510.77,4026554.0
2024-04-29,512.65,513.27,509.765,512.59,3102369.0
2024-04-30,511.06,512.06,504.44,504.44,4931184.0
2024-05-01,503.8,510.69,502.3535,502.86,5061565.0
2024-05-02,506.68,508.37,501.97,507.46,3670268.0
2024-05-03,513.73,515.03,511.07,513.84,2688452.0
2024-05-06,516.29,519.19,515.85,519.19,5099651.0
2024-05-07,520.12,521.12,519.01,519.86,6597710.0
2024-05-08,517.8,520.28,517.73,519.81,3693125.0
2024-05-09,519.99,522.785,519.28,522.66,3153059.0
2024-05-10,524.41,525.25,522.1883,523.39,2420916.0
2024-05-13,525.2,525.27,522.38,523.57,2566467.0
2024-05-14,523.7,526.425,523.17,525.96,3288171.0
2024-05-15,528.51,532.74,527.8245,532.48,3568753.0
2024-05-16,532.53,534.18,531.17,531.23,5526290.0
2024-05-17,531.45,532.17,529.945,532.13,4234576.0
2024-05-20,532.22,534.24,531.82,532.75,2269954.0
2024-05-21,531.92,534.18,531.76,534.05,2675742.0
2024-05-22,533.3,534.0189,530.29,532.53,3052595.0
2024-05-23,535.65,535.74,527.37,528.64,2664905.0
2024-05-24,530.49,532.93,529.54,532.15,1920953.0
2024-05-28,532.94,533.16,529.7999,532.56,3431428.0
2024-05-29,528.33,529.9493,528.01,528.75,4272137.0
2024-05-30,527.16,527.8285,523.93,525.32,2719869.0
2024-05-31,526.18,530.19,520.96,529.96,3933408.0
2024-06-03,531.71,531.83,525.25,530.29,2958407.0
2024-06-04,529.16,531.82,527.61,531.07,2188900.0
2024-06-05,533.51,537.43,531.42,537.43,3201280.0
2024-06-06,537.76,538.09,535.38,537.41,25007699.0
2024-06-07,536.26,539.62,535.24,536.73,3081507.0
2024-06-10,536.0,538.688,535.29,538.33,2460359.0
2024-06-11,535.19,538.14,533.11,538.05,3888399.0
2024-06-12,542.78,545.23,541.46,542.53,5384334.0
2024-06-13,544.28,544.47,540.75,543.67,4779495.0
2024-06-14,542.06,543.96,541.0101,543.86,5444062.0
2024-06-17,543.24,549.59,542.76,548.31,5746499.0
2024-06-18,548.36,549.77,547.91,549.64,5221726.0
2024-06-20,550.64,551.29,546.41,547.94,5709373.0
2024-06-21,547.34,548.57,546.0,547.01,5106576.0
2024-06-24,547.27,549.88,545.52,545.61,3856505.0
2024-06-25,546.89,548.14,545.45,547.68,4825116.0
2024-06-26,546.63,549.17,546.01,548.52,10241877.0
2024-06-27,548.33,549.86,547.57,549.32,6369009.0
2024-06-28,550.11,553.25,545.87,547.23,5968357.0
2024-07-01,548.58,548.83,545.5669,548.41,3912362.0
2024-07-02,546.67,552.01,546.6,551.91,2599245.0
2024-07-03,551.61,554.81,551.61,554.39,2644842.0
2024-07-05,554.75,558.0593,554.2,557.76,2759058.0
2024-07-08,558.46,559.26,557.2,558.41,3145019.0
2024-07-09,559.21,560.13,558.54,558.93,2258800.0
2024-07-10,560.1,564.71,559.79,564.25,2124314.0
2024-07-11,564.5,565.3592,558.83,559.46,2863359.0
2024-07-12,560.63,566.725,560.3,563.04,2778279.0
2024-07-15,565.09,567.88,562.69,564.61,3680184.0
2024-07-16,566.06,568.24,565.16,567.96,2379472.0
2024-07-17,561.81,563.51,559.645,560.03,2759171.0
2024-07-18,561.57,562.56,553.48,555.6,3420054.0
2024-07-19,555.42,557.01,550.915,551.98,2999635.0
2024-07-22,556.05,558.28,554.04,557.71,2352569.0
2024-07-23,557.56,559.73,556.28,556.78,2344292.0
2024-07-24,551.82,552.14,543.26,544.21,6323808.0
2024-07-25,544.32,550.43,540.38,541.34,4419524.0
2024-07-26,545.2,550.15,544.44,547.39,3520299.0
2024-07-29,548.99,550.015,545.69,547.77,2735173.0
2024-07-30,549.23,550.265,541.46,544.82,3670892.0
2024-07-31,551.89,556.4,550.56,553.32,4101993.0
2024-08-01,555.57,557.82,542.35,546.05,4486995.0
2024-08-02,538.68,539.86,531.46,535.77,5428927.0
2024-08-05,514.37,526.39,513.02,520.18,10545182.0
2024-08-06,522.12,532.59,519.9266,525.12,6334934.0
2024-08-07,531.37,534.4554,520.86,521.49,6968443.0
2024-08-08,526.6,534.14,524.7,533.57,3864966.0
2024-08-09,532.74,537.35,531.44,535.85,3635289.0
2024-08-12,537.14,538.63,533.9,536.11,4646578.0
2024-08-13,539.53,545.25,535.9316,545.03,4299676.0
2024-08-14,545.85,547.92,543.16,546.81,4218172.0
2024-08-15,552.56,556.385,551.92,556.17,3944452.0
2024-08-16,554.45,558.0498,554.28,557.43,4186090.0
2024-08-19,557.79,562.68,556.94,562.61,4642832.0
2024-08-20,562.22,563.93,560.3929,561.77,2874779.0
2024-08-21,562.83,565.18,561.0649,563.96,4433791.0
2024-08-22,565.67,566.29,558.05,559.19,3448229.0
2024-08-23,562.64,566.2,560.3625,565.23,2449966.0
2024-08-26,566.3,567.02,562.15,563.63,5861316.0
2024-08-27,562.57,565.14,561.47,564.66,2257794.0
2024-08-28,564.28,564.76,558.081,561.36,2890587.0
2024-08-29,563.39,566.79,560.27,561.45,2504394.0
2024-08-30,563.88,567.33,560.22,566.75,3016080.0
2024-09-03,563.53,563.87,552.55,555.26,7817561.0
2024-09-04,553.25,557.43,552.49,554.1,3948431.0
2024-09-05,553.94,556.77,550.11,552.56,6823738.0
2024-09-06,552.94,554.555,542.41,543.37,3525116.0
2024-09-09,547.65,550.7,545.68,549.47,4312999.0
2024-09-10,551.39,552.16,546.42,551.5,5964513.0
2024-09-11,551.7,558.41,542.91,557.45,4691534.0
2024-09-12,558.04,562.44,555.859,562.17,3480997.0
2024-09-13,562.78,566.16,562.56,565.05,3952583.0
2024-09-16,564.87,566.259,563.03,565.99,2453739.0
2024-09-17,568.26,569.69,563.97,566.2,3725502.0
2024-09-18,566.89,571.84,563.95,564.51,5198303.0
2024-09-19,574.22,576.1,571.32,574.19,3623441.0
2024-09-20,572.78,574.21,570.11,572.99,8763691.0
2024-09-23,574.31,575.275,573.065,574.58,31440675.0
2024-09-24,575.45,576.35,572.61,576.25,7325737.0
2024-09-25,573.88,574.65,571.69,572.66,31448278.0
2024-09-26,577.19,577.47,572.63,575.11,8915174.0
2024-09-27,576.15,576.9172,573.15,574.07,7128487.0
2024-09-30,573.19,577.19,570.88,576.82,6099391.0
2024-10-01,576.14,576.21,568.76,571.37,5475668.0
2024-10-02,570.45,572.615,567.97,571.6,4400241.0
2024-10-03,570.13,572.52,568.23,570.51,2553422.0
2024-10-04,575.13,576.12,570.92,575.69,2433242.0
2024-10-07,574.03,574.58,569.33,570.53,2664311.0
2024-10-08,573.11,576.5,572.26,575.94,2307762.0
2024-10-09,575.94,580.47,575.33,579.85,2048661.0
2024-10-10,578.53,580.33,577.27,578.83,2197603.0
2024-10-11,578.82,583.09,578.72,582.35,2591659.0
2024-10-14,584.03,588.05,583.68,587.15,1676664.0
2024-10-15,587.46,587.67,581.405,582.49,3872018.0
2024-10-16,582.59,585.635,581.77,585.08,1842466.0
2024-10-17,588.79,588.93,584.98,585.25,2730986.0
2024-10-18,586.9,588.22,585.45,587.46,4119740.0
2024-10-21,586.67,587.68,583.44,586.59,3512180.0
2024-10-22,583.86,587.2879,583.29,586.13,2640677.0
2024-10-23,584.03,584.48,577.23,580.79,2911874.0
2024-10-24,582.83,582.83,579.41,582.03,4080552.0
2024-10-25,584.38,587.3,580.91,581.9,3781588.0
2024-10-28,585.41,585.44,583.36,583.65,3635572.0
2024-10-29,582.67,585.71,581.27,584.55,3912520.0
2024-10-30,584.11,586.14,582.16,582.67,3830896.0
2024-10-31,578.34,578.42,571.18,571.24,8318725.0
2024-11-01,574.03,578.31,573.39,573.72,3188615.0
2024-11-04,573.94,575.26,570.64,572.57,3495812.0
2024-11-05,573.57,579.53,573.36,579.49,2988438.0
2024-11-06,592.08,594.7991,588.3,593.88,5260445.0
2024-11-07,596.01,599.54,595.92,598.51,3892773.0
2024-11-08,599.12,602.56,599.12,601.13,5485641.0
2024-11-11,602.8,603.09,599.945,601.59,3995591.0
2024-11-12,601.62,602.22,597.35,599.75,6450034.0
2024-11-13,600.29,602.16,597.93,600.2,3592911.0
2024-11-14,600.26,600.7476,595.63,596.23,2687700.0
2024-11-15,592.62,593.06,586.75,588.66,5426361.0
2024-11-18,589.09,592.38,588.21,591.11,5778266.0
2024-11-19,587.63,593.9597,586.99,593.17,3747688.0
2024-11-20,593.23,593.67,587.5,593.44,4696858.0
2024-11-21,596.36,598.02,590.32,596.48,4175392.0
2024-11-22,596.64,599.08,596.15,598.45,3302571.0
2024-11-25,602.47,603.77,598.15,600.22,4637907.0
2024-11-26,601.75,604.275,601.03,603.76,4413249.0
2024-11-27,603.47,603.79,600.26,601.82,4669353.0
2024-11-29,602.63,606.32,602.38,605.07,2218094.0
2024-12-02,605.97,607.2999,605.48,606.71,6048098.0
2024-12-03,606.41,607.22,605.38,606.96,4839869.0
2024-12-04,608.68,610.92,608.0,610.7,7524469.0
2024-12-05,610.65,611.54,609.41,609.73,3118962.0
2024-12-06,610.47,612.09,610.05,610.83,4985543.0
2024-12-09,610.75,610.85,607.09,607.68,2973765.0
2024-12-10,608.39,608.72,605.16,605.92,4488954.0
2024-12-11,608.8,611.48,608.508,610.59,4892064.0
2024-12-12,609.63,610.17,607.35,607.35,5830787.0
2024-12-13,609.44,610.15,605.8278,607.24,9728665.0
2024-12-16,609.01,610.84,608.3,609.83,23494235.0
2024-12-17,605.07,606.05,603.76,605.05,20235867.0
2024-12-18,604.86,607.31,586.69,587.26,33342470.0
2024-12-19,592.26,593.8001,586.73,586.83,19020508.0
2024-12-20,584.53,598.57,583.67,593.33,16783199.0
2024-12-23,593.68,598.14,590.48,597.64,16542131.0
2024-12-24,598.89,604.36,598.31,604.36,2349521.0
2024-12-26,602.33,605.34,601.0,604.07,10376895.0
2024-12-27,600.37,600.57,593.61,597.53,7034055.0
2024-12-30,590.78,594.57,587.24,590.98,3730573.0
2024-12-31,592.74,593.415,587.2533,588.68,7228483.0
2025-01-02,592.17,593.91,583.33,587.45,9403070.0
2025-01-03,590.34,595.4266,589.27,594.61,5868561.0
2025-01-06,599.15,602.56,596.43,598.3,4188029.0
2025-01-07,600.29,600.57,589.595,591.57,3810488.0
2025-01-08,591.49,593.37,587.98,592.19,5303542.0
2025-01-10,588.69,588.69,581.33,583.33,5880686.0
2025-01-13,578.51,584.51,578.0,584.18,3658842.0
2025-01-14,587.14,587.74,581.17,584.99,4062979.0
2025-01-15,593.18,596.78,584.9937,595.63,5156279.0
2025-01-16,597.03,597.2042,593.8181,594.62,4562334.0
2025-01-17,599.76,602.225,598.51,600.26,4002100.0
2025-01-21,603.61,605.96,601.6,605.7,7109766.0
2025-01-22,608.9,610.74,608.36,609.3,3865148.0
2025-01-23,608.77,612.7,608.45,612.7,4935418.0
2025-01-24,612.75,613.79,609.7612,610.89,4319087.0
2025-01-27,597.67,602.525,597.52,602.37,4649726.0
2025-01-28,603.53,608.29,600.15,607.49,5644318.0
2025-01-29,606.61,607.025,602.15,604.91,5827795.0
2025-01-30,606.92,609.502,603.63,607.94,2900998.0
2025-01-31,610.44,612.9,603.96,604.66,5419078.0
2025-02-03,595.58,603.1448,593.34,600.68,4540120.0
2025-02-04,600.67,605.181,600.19,604.69,3340601.0
2025-02-05,603.55,607.29,601.5,607.17,2787407.0
2025-02-06,608.9,609.4,605.61,609.4,5303349.0
2025-02-07,609.84,611.085,602.99,603.8,4828148.0
2025-02-10,606.98,608.4132,605.72,607.75,2091829.0
2025-02-11,605.47,608.76,605.38,608.23,3962743.0
2025-02-12,602.11,607.46,601.51,606.21,4838954.0
2025-02-13,607.41,612.907,606.15,612.67,3370254.0
2025-02-14,612.92,613.93,612.04,612.68,2797183.0
2025-02-18,613.855,614.48,611.36,614.48,3723627.0
2025-02-19,613.09,616.22,612.55,615.85,3210579.0
2025-02-20,614.53,614.64,609.97,613.46,2625603.0
2025-02-21,613.14,613.22,602.41,602.87,3614794.0
2025-02-24,604.91,605.9,599.42,600.0,5666935.0
2025-02-25,600.04,600.77,592.44,597.08,4592094.0
2025-02-26,598.81,602.44,594.77,597.28,4111786.0
2025-02-27,599.75,600.88,587.41,587.78,8190417.0
2025-02-28,588.41,597.66,585.3,597.04,5787998.0
2025-03-03,599.08,600.2,582.69,586.79,6730120.0
2025-03-04,582.46,588.16,574.93,579.71,5683394.0
2025-03-05,579.43,587.65,575.83,586.06,6225577.0
2025-03-06,578.25,582.88,572.87,575.54,5006430.0
2025-03-07,573.63,580.12,568.4,578.51,6533997.0
2025-03-10,570.29,572.22,558.2501,563.44,7935376.0
2025-03-11,561.99,565.48,554.64,558.64,13308883.0
2025-03-12,564.82,565.75,556.3,561.48,11461332.0
2025-03-13,561.13,561.65,552.2801,554.06,26587847.0
2025-03-14,558.69,566.53,554.073,565.56,9823232.0
2025-03-17,565.41,572.435,565.09,569.61,11698353.0
2025-03-18,565.78,565.93,559.96,561.93,18534622.0
2025-03-19,563.7,571.82,562.56,568.01,16095671.0
2025-03-20,564.2,571.475,563.58,566.74,7660862.0
2025-03-21,561.86,567.5,560.645,566.58,7306223.0
2025-03-24,573.49,577.8,572.9,576.72,19735313.0
2025-03-25,577.98,579.09,576.39,577.96,3640861.0
2025-03-26,577.91,578.86,569.85,571.42,3442282.0
2025-03-27,569.84,573.53,567.6581,569.62,3680163.0
2025-03-28,568.11,568.88,557.69,558.12,7465904.0
2025-03-31,552.34,563.31,549.4,561.9,6451209.0
2025-04-01,560.02,565.49,556.2725,563.78,4466399.0
2025-04-02,557.63,570.04,557.39,567.2,3745500.0
2025-04-03,547.61,550.47,539.42,540.07,12111294.0
2025-04-04,526.12,528.25,507.42,507.61,17516584.0
2025-04-07,491.41,525.56,484.0,506.38,29219850.0
2025-04-08,524.29,527.39,491.49,498.8,12062488.0
2025-04-09,495.65,548.83,495.34,546.25,21338894.0
2025-04-10,534.68,535.93,511.93,527.06,10186442.0
2025-04-11,525.37,538.93,522.5,536.98,11196049.0
2025-04-14,546.62,546.84,536.44,541.52,5791302.0
2025-04-15,542.16,545.69,539.31,540.19,4528591.0
2025-04-16,534.13,537.55,522.7399,528.14,6763358.0
2025-04-17,530.04,533.64,526.355,528.67,4320562.0
2025-04-21,523.65,524.06,510.83,516.38,4588338.0
2025-04-22,522.54,531.76,521.59,529.38,6634990.0
2025-04-23,542.96,547.84,536.37,537.85,6854633.0
2025-04-24,539.18,549.89,537.97,549.22,6139995.0
2025-04-25,549.21,553.62,546.28,553.19,3717787.0
