Date,open,high,low,close,volume
2015-04-27,74.57,74.64,72.94,73.04,17847268.0
2015-04-28,73.25,73.53,72.2,73.4,15798380.0
2015-04-29,72.89,73.41,72.25,72.73,13656875.0
2015-04-30,72.42,72.78,71.33,71.7,14436291.0
2015-05-01,72.2,72.72,72.19,72.68,11508325.0
2015-05-04,72.96,73.43,72.79,73.14,8539522.0
2015-05-05,72.99,73.0,72.15,72.22,11354340.0
2015-05-06,72.41,72.45,71.42,71.94,10144918.0
2015-05-07,71.84,72.53,71.73,72.28,8999029.0
2015-05-08,73.02,73.65,72.96,73.45,11217571.0
2015-05-11,73.71,73.84,73.42,73.49,7937792.0
2015-05-12,72.96,73.32,72.68,73.02,6800451.0
2015-05-13,73.26,73.64,72.97,73.1,5970678.0
2015-05-14,73.49,74.14,73.19,74.11,6444503.0
2015-05-15,74.24,74.35,74.03,74.26,3871637.0
2015-05-18,74.21,74.79,74.17,74.7,6595608.0
2015-05-19,74.8,75.24,74.61,75.05,5861550.0
2015-05-20,75.18,75.47,74.85,75.15,10241590.0
2015-05-21,75.13,75.23,74.88,75.16,4526844.0
2015-05-22,75.03,75.34,74.92,74.98,4610295.0
2015-05-26,74.75,74.83,74.07,74.22,9139450.0
2015-05-27,74.48,75.16,74.28,75.08,12654952.0
2015-05-28,75.07,75.34,74.77,75.13,5754516.0
2015-05-29,75.01,75.62,74.71,74.94,9775469.0
2015-06-01,75.37,75.53,74.74,75.24,7404305.0
2015-06-02,75.0,75.09,74.46,74.75,5156093.0
2015-06-03,75.0,75.07,74.68,74.89,5357593.0
2015-06-04,74.61,74.91,74.11,74.37,6250290.0
2015-06-05,74.27,74.39,73.74,74.34,7396931.0
2015-06-08,74.36,74.52,73.97,73.97,6571987.0
2015-06-09,74.21,74.21,73.66,73.95,8280633.0
2015-06-10,74.12,74.95,73.98,74.86,7299337.0
2015-06-11,75.44,75.49,74.97,75.37,4659864.0
2015-06-12,75.0,75.11,74.34,74.44,5912890.0
2015-06-15,73.97,74.68,73.59,74.53,7149084.0
2015-06-16,74.49,74.93,74.33,74.89,5882401.0
2015-06-17,74.99,75.16,74.5,74.97,5131842.0
2015-06-18,75.11,76.27,75.08,76.03,9361030.0
2015-06-19,75.84,76.0,75.66,75.71,10287475.0
2015-06-22,76.27,76.66,76.21,76.29,6351491.0
2015-06-23,76.41,76.65,76.18,76.45,4561471.0
2015-06-24,76.35,76.42,75.68,75.68,6948645.0
2015-06-25,75.91,76.46,75.71,76.1,9215472.0
2015-06-26,76.21,76.5,75.72,75.99,5998724.0
2015-06-29,75.33,75.71,74.09,74.15,12777310.0
2015-06-30,74.93,74.95,74.15,74.42,8328926.0
2015-07-01,75.16,75.26,74.75,75.19,7756318.0
2015-07-02,75.36,75.41,74.69,74.87,5674730.0
2015-07-06,74.14,75.27,74.14,74.81,9349562.0
2015-07-07,74.91,75.17,73.88,75.13,10640809.0
2015-07-08,74.57,74.8,73.86,73.88,12457498.0
2015-07-09,74.68,74.87,74.24,74.28,6446431.0
2015-07-10,75.21,75.37,74.78,75.28,8057489.0
2015-07-13,75.82,76.08,75.61,75.88,7511540.0
2015-07-14,75.96,76.78,75.79,76.68,5803655.0
2015-07-15,76.92,77.26,76.56,76.78,6991951.0
2015-07-16,77.06,77.25,76.84,77.14,5073522.0
2015-07-17,77.05,77.07,76.66,76.97,3795071.0
2015-07-20,77.07,77.4,76.99,77.22,3760971.0
2015-07-21,77.19,77.39,76.53,76.88,8117533.0
2015-07-22,76.67,77.12,76.55,77.02,5586972.0
2015-07-23,77.19,77.35,76.62,76.76,5510038.0
2015-07-24,76.0,76.05,74.71,74.85,12823416.0
2015-07-27,74.67,74.93,74.39,74.78,11036825.0
2015-07-28,75.2,76.15,74.82,76.13,11439805.0
2015-07-29,76.46,76.61,75.94,76.26,9349339.0
2015-07-30,76.19,76.33,75.55,76.15,5013057.0
2015-07-31,76.44,76.93,76.39,76.59,7824730.0
2015-08-03,76.67,76.9,76.01,76.54,8445615.0
2015-08-04,76.91,76.95,76.25,76.51,10654093.0
2015-08-05,76.96,77.26,76.83,77.13,5363566.0
2015-08-06,77.2,77.27,75.37,75.48,13316453.0
2015-08-07,75.43,75.57,74.53,75.31,10852202.0
2015-08-10,75.57,76.26,75.57,75.9,7933628.0
2015-08-11,75.41,75.69,74.91,75.31,7864636.0
2015-08-12,74.72,75.42,73.9,75.34,9412094.0
2015-08-13,75.4,75.68,74.98,75.16,6313198.0
2015-08-14,74.96,75.42,74.79,75.37,5490768.0
2015-08-17,75.13,76.16,74.83,76.14,5794593.0
2015-08-18,76.06,76.44,75.91,76.03,5390905.0
2015-08-19,75.62,76.24,75.18,75.71,10057223.0
2015-08-20,75.16,75.44,73.96,73.98,12953830.0
2015-08-21,73.22,73.85,71.69,71.71,23840613.0
2015-08-24,67.39,71.07,56.63,68.86,31859158.0
2015-08-25,70.8,71.34,67.86,67.91,17501502.0
2015-08-26,69.84,70.9,68.17,70.84,24567113.0
2015-08-27,71.75,72.31,70.69,72.16,18639852.0
2015-08-28,71.85,72.24,71.23,71.84,9982292.0
2015-08-31,71.48,72.1,70.31,70.52,15098944.0
2015-09-01,68.64,69.76,68.32,68.64,21701494.0
2015-09-02,69.78,70.05,68.91,70.04,12443117.0
2015-09-03,70.45,70.84,69.39,69.57,12944303.0
2015-09-04,68.49,69.27,68.18,68.68,15971278.0
2015-09-08,69.94,70.7,69.52,70.64,11658677.0
2015-09-09,71.42,71.47,69.33,69.5,12023590.0
2015-09-10,69.54,70.71,69.32,70.18,17281034.0
2015-09-11,69.89,70.66,69.69,70.64,7606054.0
2015-09-14,70.65,70.78,70.09,70.42,6232241.0
2015-09-15,70.76,71.59,70.5,71.41,8411955.0
2015-09-16,71.45,71.75,70.91,71.61,11987838.0
2015-09-17,71.55,73.26,71.55,72.27,19136112.0
2015-09-18,71.02,71.67,70.81,70.93,23599135.0
2015-09-21,71.4,71.57,69.5,69.97,23801934.0
2015-09-22,69.01,69.65,68.76,69.54,22508152.0
2015-09-23,69.6,70.12,69.11,69.47,9551293.0
2015-09-24,68.9,69.17,67.98,68.74,20014032.0
2015-09-25,69.31,69.52,66.34,66.88,30824272.0
2015-09-28,66.46,66.6,63.73,64.29,53698737.0
2015-09-29,64.46,65.98,64.07,64.88,31405006.0
2015-09-30,65.84,66.42,65.38,66.23,26004408.0
2015-10-01,66.39,66.95,65.75,66.9,19576643.0
2015-10-02,66.03,68.3,65.72,68.29,23729040.0
2015-10-05,68.88,69.02,67.8,68.47,18249271.0
2015-10-06,68.25,68.45,65.91,66.86,30360177.0
2015-10-07,67.35,68.26,66.53,67.88,27459169.0
2015-10-08,67.54,68.35,66.87,68.13,23182061.0
2015-10-09,68.24,68.73,67.94,68.44,13698914.0
2015-10-12,68.14,68.84,68.05,68.62,11025199.0
2015-10-13,68.31,69.19,67.69,67.76,17254306.0
2015-10-14,68.12,68.68,67.44,67.63,21588336.0
2015-10-15,67.26,69.14,67.18,69.1,21413442.0
2015-10-16,69.33,69.86,69.15,69.76,17652129.0
2015-10-19,69.53,70.2,69.15,69.98,15587615.0
2015-10-20,69.79,70.01,68.61,68.91,14801996.0
2015-10-21,69.3,69.57,67.16,68.28,35947826.0
2015-10-22,68.39,68.5,67.03,67.88,35468080.0
2015-10-23,68.58,69.69,68.3,69.33,26507615.0
2015-10-26,69.16,70.07,68.93,69.6,17618329.0
2015-10-27,69.79,70.88,69.78,70.86,25074831.0
2015-10-28,70.77,71.5,70.14,71.47,18127590.0
2015-10-29,71.88,73.0,71.49,71.79,22378483.0
2015-10-30,72.01,72.2,71.34,71.4,12344123.0
2015-11-02,71.75,72.91,71.34,72.86,18038319.0
2015-11-03,72.67,72.83,72.09,72.6,10268555.0
2015-11-04,72.86,72.88,71.84,72.28,11399975.0
2015-11-05,72.33,72.35,71.37,72.05,9122976.0
2015-11-06,71.61,71.82,70.92,71.76,12660354.0
2015-11-09,71.62,71.62,70.79,71.2,15623321.0
2015-11-10,71.22,71.84,71.07,71.68,9719004.0
2015-11-11,71.95,71.95,70.96,70.97,10579827.0
2015-11-12,70.78,70.89,69.74,69.74,10864378.0
2015-11-13,69.6,70.28,69.48,69.57,18128098.0
2015-11-16,69.42,70.44,69.41,70.44,12714055.0
2015-11-17,70.58,71.21,70.22,70.74,7881197.0
2015-11-18,70.78,72.2,70.78,72.12,12808748.0
2015-11-19,71.66,71.75,70.85,70.91,11125495.0
2015-11-20,71.28,71.87,71.28,71.52,9169863.0
2015-11-23,71.38,71.78,71.13,71.34,10362720.0
2015-11-24,70.9,71.63,70.86,71.56,7087466.0
2015-11-25,71.75,72.05,71.6,71.95,4594389.0
2015-11-27,72.14,72.22,71.9,72.09,2657960.0
2015-11-30,72.2,72.21,71.11,71.11,8845540.0
2015-12-01,71.48,72.37,71.31,72.31,10659529.0
2015-12-02,72.39,72.6,71.59,71.7,9875112.0
2015-12-03,71.76,71.85,69.82,70.13,13111258.0
2015-12-04,70.44,71.89,70.27,71.78,14909100.0
2015-12-07,71.63,72.0,71.01,71.38,8511185.0
2015-12-08,70.84,71.74,70.84,71.54,7482043.0
2015-12-09,71.21,71.9,70.54,70.82,17593433.0
2015-12-10,70.82,71.84,70.75,71.35,9773013.0
2015-12-11,70.59,70.88,70.21,70.3,15178270.0
2015-12-14,70.57,70.85,69.67,70.76,21081053.0
2015-12-15,71.53,72.02,71.3,71.68,13990686.0
2015-12-16,72.28,72.72,71.27,72.61,15258953.0
2015-12-17,72.81,72.81,71.77,71.83,11136411.0
2015-12-18,71.34,71.43,70.48,70.49,14447256.0
2015-12-21,70.91,71.13,70.55,71.13,6671828.0
2015-12-22,71.38,71.71,70.96,71.61,7490991.0
2015-12-23,72.06,72.54,71.99,72.38,8004522.0
2015-12-24,72.14,72.68,72.11,72.45,2568255.0
2015-12-28,72.24,72.3,71.91,72.11,6534743.0
2015-12-29,72.59,73.16,72.44,72.99,7242106.0
2015-12-30,72.91,73.1,72.61,72.68,8490205.0
2015-12-31,72.42,72.75,72.03,72.03,6556447.0
2016-01-04,70.77,71.0,70.01,70.73,19666254.0
2016-01-05,70.93,71.38,70.76,71.07,14540012.0
2016-01-06,70.06,70.98,70.0,70.49,14648235.0
2016-01-07,69.13,70.01,68.87,69.06,17850059.0
2016-01-08,69.47,69.65,67.9,68.02,16692480.0
2016-01-11,68.32,68.34,66.26,67.21,28562297.0
2016-01-12,67.75,68.46,66.96,68.07,13720567.0
2016-01-13,68.2,68.52,65.98,66.05,16189834.0
2016-01-14,66.22,68.26,65.81,67.82,23296274.0
2016-01-15,66.1,67.18,65.92,66.87,17882291.0
2016-01-19,67.6,67.85,66.13,66.86,13443446.0
2016-01-20,65.68,67.64,64.86,66.99,24665100.0
2016-01-21,67.16,67.5,66.16,66.79,17102821.0
2016-01-22,67.73,68.03,67.4,67.85,11343117.0
2016-01-25,67.65,68.1,67.13,67.22,10119272.0
2016-01-26,67.26,67.86,66.74,67.73,12283042.0
2016-01-27,67.61,68.32,66.49,66.96,15916981.0
2016-01-28,67.28,67.32,65.05,65.4,26119824.0
2016-01-29,65.26,66.5,65.07,66.47,17578193.0
2016-02-01,66.02,66.91,65.67,66.57,16705470.0
2016-02-02,66.1,66.27,65.41,65.61,12968676.0
2016-02-03,65.8,66.11,64.57,66.04,19452817.0
2016-02-04,65.84,66.42,65.09,65.68,18958125.0
2016-02-05,65.32,65.5,64.06,64.4,16743361.0
2016-02-08,63.68,63.94,62.76,63.52,24652741.0
2016-02-09,62.75,64.63,62.68,63.99,20735806.0
2016-02-10,64.41,65.56,64.35,64.56,14728499.0
2016-02-11,63.4,64.03,63.04,63.52,22801016.0
2016-02-12,63.87,64.4,63.33,64.37,10310229.0
2016-02-16,65.06,65.61,64.84,65.58,17302030.0
2016-02-17,66.09,66.49,65.59,66.41,12140012.0
2016-02-18,66.49,66.76,65.84,66.0,9722056.0
2016-02-19,65.68,66.12,65.51,65.93,8875405.0
2016-02-22,66.47,66.88,66.36,66.87,7515726.0
2016-02-23,66.69,67.04,66.3,66.37,8211934.0
2016-02-24,65.99,66.68,65.28,66.59,11118606.0
2016-02-25,66.89,67.46,66.56,67.42,9496414.0
2016-02-26,67.73,68.0,67.24,67.3,10365818.0
2016-02-29,67.1,67.27,66.2,66.22,11091742.0
2016-03-01,66.6,67.67,66.16,67.65,14548522.0
2016-03-02,67.49,67.78,67.35,67.76,10923739.0
2016-03-03,67.59,67.65,66.95,67.57,10815045.0
2016-03-04,67.57,67.84,67.09,67.41,9855654.0
2016-03-07,66.97,68.18,66.96,67.95,11082434.0
2016-03-08,67.55,67.77,67.03,67.12,8204159.0
2016-03-09,67.3,67.53,66.78,67.24,13032476.0
2016-03-10,67.57,68.03,66.76,67.28,11288361.0
2016-03-11,67.71,68.6,67.66,68.59,10618105.0
2016-03-14,68.34,68.57,68.12,68.3,6140946.0
2016-03-15,67.85,67.99,67.04,67.24,15225427.0
2016-03-16,67.11,67.46,66.55,67.08,16881339.0
2016-03-17,67.02,67.03,65.66,66.3,20920456.0
2016-03-18,66.18,67.08,66.06,66.84,19524648.0
2016-03-21,66.9,67.37,66.79,67.23,12183575.0
2016-03-22,67.01,68.11,67.01,67.9,13200165.0
2016-03-23,67.85,67.97,67.35,67.42,9103602.0
2016-03-24,67.12,67.64,66.87,67.39,8492750.0
2016-03-28,67.57,67.64,67.1,67.2,7156295.0
2016-03-29,67.08,68.04,66.85,67.98,10455126.0
2016-03-30,68.32,68.5,67.87,67.99,7607715.0
2016-03-31,67.89,68.29,67.75,67.78,8602692.0
2016-04-01,67.5,68.8,67.37,68.55,9120164.0
2016-04-04,68.71,69.62,68.7,69.37,17045428.0
2016-04-05,68.56,68.88,68.31,68.47,16555013.0
2016-04-06,68.49,70.34,68.49,70.31,24546336.0
2016-04-07,69.81,70.28,69.18,69.54,19216681.0
2016-04-08,69.97,70.0,68.93,69.35,12883771.0
2016-04-11,69.32,69.52,68.67,68.82,8695545.0
2016-04-12,68.81,69.52,68.8,69.38,13510509.0
2016-04-13,69.7,70.07,69.32,70.03,9706171.0
2016-04-14,70.01,70.3,69.81,70.07,6655195.0
2016-04-15,70.24,70.24,69.55,70.02,7945340.0
2016-04-18,69.82,70.74,69.71,70.67,11505366.0
2016-04-19,70.79,71.3,70.53,70.92,6650311.0
2016-04-20,70.94,71.64,70.88,71.3,10763418.0
2016-04-21,71.34,71.88,71.25,71.72,12462914.0
2016-04-22,71.76,72.11,71.44,71.87,12052773.0
2016-04-25,71.6,71.82,71.36,71.59,8937189.0
2016-04-26,71.73,71.73,71.11,71.32,7429180.0
2016-04-27,71.37,71.54,70.94,71.24,9116446.0
2016-04-28,70.83,71.59,70.51,70.9,19512040.0
2016-04-29,70.26,70.39,69.37,69.79,13568485.0
2016-05-02,69.92,70.22,69.63,70.19,9065256.0
2016-05-03,69.94,70.4,69.7,69.97,9427035.0
2016-05-04,69.53,69.65,69.11,69.3,11793786.0
2016-05-05,69.31,69.69,69.15,69.59,10135704.0
2016-05-06,69.34,69.54,68.61,69.18,14157586.0
2016-05-09,69.18,70.18,69.15,69.97,13606997.0
2016-05-10,70.25,70.57,70.06,70.56,11073007.0
2016-05-11,70.45,70.63,69.7,69.71,8452541.0
2016-05-12,69.86,70.07,68.9,69.3,11322942.0
2016-05-13,69.22,69.67,69.08,69.14,11942138.0
2016-05-16,69.15,70.23,69.12,70.08,8334333.0
2016-05-17,69.95,70.13,69.1,69.35,14913739.0
2016-05-18,69.24,69.99,69.17,69.64,11515164.0
2016-05-19,69.24,69.55,68.61,69.05,8765624.0
2016-05-20,69.31,69.93,69.28,69.69,7925908.0
2016-05-23,69.59,69.72,69.35,69.41,5050933.0
2016-05-24,69.76,70.52,69.67,70.41,11936172.0
2016-05-25,70.6,70.99,70.59,70.85,8953465.0
2016-05-26,70.88,71.0,70.63,70.86,5257683.0
2016-05-27,70.81,71.34,70.81,71.18,9638661.0
2016-05-31,71.4,71.52,71.04,71.35,7669313.0
2016-06-01,71.13,71.76,71.07,71.61,9301692.0
2016-06-02,71.55,72.53,71.46,72.53,12460972.0
2016-06-03,72.31,72.54,71.71,72.29,13885076.0
2016-06-06,72.3,72.81,72.12,72.68,9109179.0
2016-06-07,72.38,72.45,72.05,72.22,6430724.0
2016-06-08,72.17,72.61,72.01,72.48,4615680.0
2016-06-09,72.32,72.83,72.15,72.36,9598370.0
2016-06-10,71.94,71.98,71.45,71.78,10270936.0
2016-06-13,71.52,72.06,71.19,71.21,8712759.0
2016-06-14,71.04,71.35,70.74,71.32,7983923.0
2016-06-15,71.51,71.66,70.77,70.83,7842499.0
2016-06-16,70.62,71.2,70.27,71.08,9333755.0
2016-06-17,70.9,70.93,69.8,70.06,10795647.0
2016-06-20,70.66,71.0,70.41,70.5,7970728.0
2016-06-21,70.74,70.81,70.09,70.25,7014947.0
2016-06-22,70.26,71.25,70.2,70.46,11200762.0
2016-06-23,71.08,71.39,70.75,71.38,7599368.0
2016-06-24,69.35,70.4,69.05,69.31,22560177.0
2016-06-27,68.84,69.08,68.76,68.85,1203899.0
2016-06-28,68.86,69.77,68.84,69.71,13115663.0
2016-06-29,70.2,71.24,70.2,71.04,8968421.0
2016-06-30,71.18,71.75,70.83,71.7,9535175.0
2016-07-01,71.87,72.33,71.64,72.16,6793136.0
2016-07-05,71.73,72.38,71.73,72.09,8359777.0
2016-07-06,71.98,73.05,71.9,72.9,18781885.0
2016-07-07,73.34,73.35,72.46,72.79,8013089.0
2016-07-08,73.15,73.71,72.76,73.69,11013166.0
2016-07-11,73.91,74.1,73.42,73.49,7369438.0
2016-07-12,73.65,73.95,73.59,73.85,10237174.0
2016-07-13,74.08,74.17,73.74,73.82,6401925.0
2016-07-14,74.31,74.66,73.87,74.14,4793874.0
2016-07-15,74.42,74.63,73.98,74.08,7101463.0
2016-07-18,74.1,74.25,73.84,74.11,3954259.0
2016-07-19,74.2,74.37,73.73,73.95,6622397.0
2016-07-20,74.29,74.74,74.19,74.62,4836998.0
2016-07-21,74.62,74.99,74.55,74.84,9230809.0
2016-07-22,74.83,75.08,74.61,74.99,5441818.0
2016-07-25,75.01,75.07,74.45,74.91,5868392.0
2016-07-26,74.62,74.89,74.48,74.78,6904219.0
2016-07-27,74.63,75.23,74.49,75.12,7983149.0
2016-07-28,75.0,75.24,74.68,75.05,5470050.0
2016-07-29,74.91,75.34,74.73,75.2,4803200.0
2016-08-01,75.27,76.0,75.27,75.68,9255078.0
2016-08-02,75.74,75.74,74.93,75.39,12149029.0
2016-08-03,75.34,75.39,75.03,75.18,9760847.0
2016-08-04,75.23,75.35,74.97,75.07,8415450.0
2016-08-05,75.4,75.4,74.83,75.25,8239063.0
2016-08-08,75.19,75.19,74.35,74.61,6655427.0
2016-08-09,75.01,75.04,74.58,74.79,11261259.0
2016-08-10,74.76,74.76,74.34,74.53,7031364.0
2016-08-11,74.74,75.05,74.6,74.97,6599846.0
2016-08-12,74.83,74.86,74.51,74.78,6211551.0
2016-08-15,74.78,75.08,74.78,74.91,4117333.0
2016-08-16,74.8,74.81,74.24,74.24,6030150.0
2016-08-17,74.08,74.45,73.92,74.39,7291075.0
2016-08-18,74.38,74.58,74.19,74.42,4172553.0
2016-08-19,74.27,74.41,74.03,74.36,4323457.0
2016-08-22,74.39,74.78,74.31,74.51,4086137.0
2016-08-23,74.77,75.0,74.54,74.58,8557869.0
2016-08-24,74.55,74.7,73.23,73.41,8625747.0
2016-08-25,73.21,73.51,72.47,72.79,8756356.0
2016-08-26,72.87,73.45,72.63,73.07,9968243.0
2016-08-29,73.1,73.41,72.92,73.23,7364217.0
2016-08-30,73.32,73.32,72.8,72.98,5497785.0
2016-08-31,72.88,72.97,72.48,72.76,4751612.0
2016-09-01,72.76,72.85,72.24,72.57,9481741.0
2016-09-02,72.72,72.87,72.45,72.65,8037936.0
2016-09-06,72.77,73.07,72.66,72.91,8735819.0
2016-09-07,72.85,73.17,72.7,72.91,7556419.0
2016-09-08,72.68,73.02,72.61,72.97,4810952.0
2016-09-09,72.56,72.56,71.49,71.51,14259289.0
2016-09-12,71.1,72.76,71.09,72.57,12991817.0
2016-09-13,72.12,72.12,71.22,71.6,12187909.0
2016-09-14,71.57,72.07,71.31,71.6,13099255.0
2016-09-15,71.47,72.54,71.3,72.34,9632960.0
2016-09-16,71.99,72.21,71.82,72.11,8690989.0
2016-09-19,72.29,72.43,71.76,71.85,9919663.0
2016-09-20,72.16,72.34,72.03,72.07,5286599.0
2016-09-21,72.31,72.93,71.87,72.79,8485850.0
2016-09-22,73.09,73.47,73.05,73.34,6502150.0
2016-09-23,73.23,73.41,73.09,73.11,5410545.0
2016-09-26,72.84,72.9,72.09,72.26,5529538.0
2016-09-27,72.17,72.78,72.01,72.77,7826817.0
2016-09-28,72.84,72.85,72.28,72.66,6522589.0
2016-09-29,72.57,72.66,71.17,71.38,8835831.0
2016-09-30,71.53,72.31,71.48,72.11,7439795.0
2016-10-03,71.79,72.05,71.49,72.05,9176665.0
2016-10-04,71.97,72.27,71.54,71.91,10584475.0
2016-10-05,72.1,72.35,71.98,72.19,12630491.0
2016-10-06,71.95,72.02,71.49,71.92,9308917.0
2016-10-07,71.85,72.21,71.45,71.87,9915059.0
2016-10-10,72.0,72.42,72.0,72.2,11039462.0
2016-10-11,71.85,71.85,70.08,70.39,12482287.0
2016-10-12,70.43,70.71,69.99,70.06,11696033.0
2016-10-13,69.65,70.35,69.42,70.09,13614704.0
2016-10-14,70.25,70.44,69.6,69.62,8377609.0
2016-10-17,69.51,69.65,69.24,69.39,8456969.0
2016-10-18,70.03,70.37,69.86,70.22,5490718.0
2016-10-19,70.31,70.37,69.93,69.96,5296697.0
2016-10-20,70.05,70.51,69.92,70.29,6869927.0
2016-10-21,69.93,69.93,69.53,69.71,5502157.0
2016-10-24,70.02,70.09,69.58,69.58,7340389.0
2016-10-25,69.5,69.71,69.29,69.38,7922100.0
2016-10-26,69.27,69.38,68.67,68.96,8067552.0
2016-10-27,69.49,69.76,69.1,69.28,6974728.0
2016-10-28,68.45,68.64,67.48,67.78,18451878.0
2016-10-31,67.76,67.77,67.33,67.36,12684216.0
2016-11-01,67.4,67.59,66.48,67.0,14905646.0
2016-11-02,66.87,67.38,66.65,66.65,17918856.0
2016-11-03,66.87,67.15,65.96,66.02,22060500.0
2016-11-04,66.2,67.02,66.13,66.48,21373314.0
2016-11-07,67.2,68.36,67.16,68.18,17346366.0
2016-11-08,67.74,68.82,67.65,68.37,14861446.0
2016-11-09,71.31,71.57,69.26,70.78,49730878.0
2016-11-10,71.94,72.08,71.06,71.56,28327451.0
2016-11-11,71.36,71.36,70.18,70.49,15854232.0
2016-11-14,70.8,70.88,70.13,70.27,17379122.0
2016-11-15,70.54,70.54,69.81,70.47,10354522.0
2016-11-16,70.29,70.63,70.08,70.17,7585042.0
2016-11-17,70.22,70.46,70.01,70.45,12692099.0
2016-11-18,70.51,70.69,69.66,69.7,12148040.0
2016-11-21,69.85,70.02,69.76,69.95,6784327.0
2016-11-22,69.92,69.92,68.47,68.94,14498279.0
2016-11-23,67.79,69.22,67.79,69.21,13667572.0
2016-11-25,69.41,69.54,69.2,69.48,4009283.0
2016-11-28,69.35,69.36,68.85,68.96,6492883.0
2016-11-29,69.12,69.61,69.11,69.41,7087554.0
2016-11-30,69.46,69.48,68.72,68.75,8640377.0
2016-12-01,68.83,69.0,68.05,68.25,11395653.0
2016-12-02,68.37,68.68,68.14,68.41,7963930.0
2016-12-05,68.69,68.79,68.07,68.29,5827715.0
2016-12-06,68.49,68.5,68.09,68.48,5490693.0
2016-12-07,67.94,67.94,66.97,67.89,12740035.0
2016-12-08,67.68,68.09,67.29,68.02,7583538.0
2016-12-09,68.26,68.97,68.26,68.85,12089464.0
2016-12-12,68.72,69.28,68.72,69.18,15001640.0
2016-12-13,69.43,69.84,69.23,69.74,11022228.0
2016-12-14,69.73,70.1,69.14,69.38,11681705.0
2016-12-15,69.66,69.9,69.4,69.83,8208111.0
2016-12-16,69.68,69.87,69.38,69.58,8256963.0
2016-12-19,69.63,69.94,69.2,69.29,9318325.0
2016-12-20,69.32,69.48,69.08,69.24,4884948.0
2016-12-21,69.28,69.31,68.73,68.85,5420254.0
2016-12-22,68.76,68.96,68.48,68.94,4440991.0
2016-12-23,68.96,69.5,68.96,69.46,4188553.0
2016-12-27,69.55,70.0,69.53,69.6,5141174.0
2016-12-28,69.67,69.75,69.06,69.07,4558824.0
2016-12-29,69.11,69.41,69.07,69.19,5539173.0
2016-12-30,69.2,69.27,68.72,68.94,6646589.0
2017-01-03,69.31,69.86,69.22,69.84,11792673.0
2017-01-04,69.95,70.58,69.95,70.39,9161926.0
2017-01-05,70.33,70.77,70.27,70.75,5973637.0
2017-01-06,70.77,71.15,70.51,70.95,5769255.0
2017-01-09,70.95,71.37,70.82,71.25,5751181.0
2017-01-10,71.37,71.91,71.21,71.5,10297446.0
2017-01-11,71.59,71.84,70.05,70.78,23641487.0
2017-01-12,70.43,70.89,70.26,70.85,9357705.0
2017-01-13,70.91,71.16,70.75,70.92,5270305.0
2017-01-17,70.48,70.68,69.98,70.56,6038233.0
2017-01-18,70.7,70.86,70.33,70.47,6162070.0
2017-01-19,70.45,70.61,69.91,70.02,6466169.0
2017-01-20,70.02,70.37,69.78,69.84,6929938.0
2017-01-23,69.75,69.93,69.29,69.55,10003575.0
2017-01-24,69.48,69.53,68.75,69.07,8695815.0
2017-01-25,69.13,69.75,69.09,69.72,6545568.0
2017-01-26,69.57,69.69,69.17,69.18,6612428.0
2017-01-27,69.34,69.8,69.32,69.75,7259931.0
2017-01-30,69.58,69.72,69.12,69.41,7281928.0
2017-01-31,69.04,70.52,68.99,70.52,14340678.0
2017-02-01,70.52,71.13,70.38,71.13,19481595.0
2017-02-02,70.78,71.15,70.55,71.11,14529774.0
2017-02-03,71.34,71.49,71.0,71.42,15093357.0
2017-02-06,71.29,71.5,71.15,71.5,11561594.0
2017-02-07,71.55,71.83,71.33,71.57,11276919.0
2017-02-08,71.19,71.53,70.99,71.46,6787508.0
2017-02-09,71.45,71.93,71.39,71.72,7869248.0
2017-02-10,71.83,72.02,71.66,71.86,4439743.0
2017-02-13,71.93,72.34,71.93,72.3,6465225.0
2017-02-14,72.22,72.87,72.16,72.87,10383381.0
2017-02-15,72.71,73.8,72.64,73.66,10091712.0
2017-02-16,73.68,73.75,73.06,73.56,11332623.0
2017-02-17,73.28,73.7,73.28,73.66,11782842.0
2017-02-21,73.65,74.23,73.65,73.99,10651815.0
2017-02-22,73.9,74.14,73.81,73.88,6633965.0
2017-02-23,73.96,74.54,73.87,74.42,8685586.0
2017-02-24,74.3,74.82,74.27,74.78,9102984.0
2017-02-27,74.83,75.18,74.67,75.14,8178052.0
2017-02-28,74.93,75.23,74.77,74.99,10258588.0
2017-03-01,75.44,75.93,75.22,75.74,15196547.0
2017-03-02,75.62,75.88,75.49,75.5,7889322.0
2017-03-03,75.39,75.86,75.36,75.8,6623729.0
2017-03-06,75.69,75.75,75.24,75.51,5882730.0
2017-03-07,74.89,75.36,74.74,74.98,12330481.0
2017-03-08,74.97,75.54,74.92,75.28,8130032.0
2017-03-09,75.27,75.79,75.22,75.69,8451294.0
2017-03-10,76.01,76.09,75.7,75.98,10447052.0
2017-03-13,76.05,76.05,75.62,75.92,6888441.0
2017-03-14,75.71,75.96,75.56,75.64,7296322.0
2017-03-15,75.75,76.74,75.74,76.59,11035443.0
2017-03-16,76.4,76.4,75.56,75.85,11963879.0
2017-03-17,75.39,75.52,75.12,75.16,10177971.0
2017-03-20,75.18,75.29,74.89,75.03,4721366.0
2017-03-21,75.13,75.39,72.33,74.46,16640976.0
2017-03-22,74.57,74.66,74.11,74.48,9941770.0
2017-03-23,74.39,74.76,74.11,74.25,13238435.0
2017-03-24,74.29,74.62,73.98,74.29,9221496.0
2017-03-27,73.76,74.62,73.62,74.49,6941059.0
2017-03-28,74.34,74.64,74.11,74.54,7384703.0
2017-03-29,74.57,74.74,74.39,74.56,4357827.0
2017-03-30,74.47,74.72,74.27,74.57,7136722.0
2017-03-31,74.39,74.56,74.28,74.36,5895356.0
2017-04-03,74.44,74.79,74.13,74.42,12332539.0
2017-04-04,74.4,74.48,74.17,74.38,5228588.0
2017-04-05,74.48,74.92,74.1,74.15,6460845.0
2017-04-06,74.17,74.41,73.95,74.28,5253261.0
2017-04-07,74.33,74.59,74.13,74.41,5632692.0
2017-04-10,74.39,74.63,74.2,74.27,4518569.0
2017-04-11,74.15,74.34,73.76,74.17,5472621.0
2017-04-12,74.09,74.29,73.87,74.17,3782172.0
2017-04-13,74.08,74.32,73.98,73.98,6664366.0
2017-04-17,73.89,74.27,73.83,74.25,6148612.0
2017-04-18,73.84,73.84,73.16,73.44,7519486.0
2017-04-19,73.68,73.87,73.53,73.66,5023119.0
2017-04-20,73.81,74.27,73.47,74.12,7297513.0
2017-04-21,73.99,74.05,73.51,73.68,6437310.0
2017-04-24,74.39,74.59,74.31,74.41,5450018.0
2017-04-25,74.71,74.94,74.5,74.73,9023773.0
2017-04-26,75.0,75.44,74.94,75.14,6240315.0
2017-04-27,75.16,75.65,75.01,75.3,6962756.0
2017-04-28,75.36,75.54,75.23,75.5,5781071.0
2017-05-01,75.63,75.81,75.5,75.67,7181833.0
2017-05-02,75.74,75.9,75.3,75.88,5191157.0
2017-05-03,75.65,75.71,75.34,75.51,8094141.0
2017-05-04,75.77,76.01,75.66,76.01,4275352.0
2017-05-05,76.18,76.2,75.66,75.97,5720072.0
2017-05-08,75.91,75.97,75.39,75.5,6558505.0
2017-05-09,75.54,75.73,75.45,75.59,3829082.0
2017-05-10,75.47,75.48,75.06,75.37,4314913.0
2017-05-11,75.25,75.44,75.03,75.41,6791572.0
2017-05-12,75.38,75.48,75.23,75.28,2569026.0
2017-05-15,75.32,75.81,75.25,75.77,7320754.0
2017-05-16,75.69,75.76,75.26,75.48,5470830.0
2017-05-17,74.87,75.08,74.49,74.49,11430549.0
2017-05-18,74.45,75.25,74.45,74.82,10397099.0
2017-05-19,74.95,75.26,74.85,75.03,9183470.0
2017-05-22,74.96,75.31,74.8,75.23,4988398.0
2017-05-23,75.33,75.63,75.27,75.48,4216096.0
2017-05-24,75.52,75.73,75.34,75.67,5215731.0
2017-05-25,75.84,76.18,75.66,76.03,4471535.0
2017-05-26,75.97,76.19,75.81,75.89,4502315.0
2017-05-30,75.65,75.97,75.65,75.78,4649653.0
2017-05-31,75.93,76.25,75.86,76.08,5884380.0
2017-06-01,76.21,76.98,76.13,76.92,9144747.0
2017-06-02,77.14,77.52,77.07,77.42,4827098.0
2017-06-05,77.42,77.5,77.02,77.2,5553885.0
2017-06-06,77.05,77.29,76.88,77.01,4316464.0
2017-06-07,77.11,77.29,76.97,77.22,4412842.0
2017-06-08,77.17,77.35,76.79,77.0,6296710.0
2017-06-09,77.1,77.75,77.0,77.52,13412484.0
2017-06-12,77.46,77.74,77.05,77.42,7687980.0
2017-06-13,77.49,77.68,77.3,77.58,5578585.0
2017-06-14,77.71,78.17,77.68,77.95,6782257.0
2017-06-15,77.65,77.93,77.44,77.87,8185979.0
2017-06-16,77.66,77.85,77.28,77.69,13330807.0
2017-06-19,77.8,78.57,77.76,78.5,7997658.0
2017-06-20,78.49,79.19,78.46,78.76,7697165.0
2017-06-21,78.92,79.8,78.87,79.76,9477724.0
2017-06-22,79.89,81.08,79.86,80.59,12340491.0
2017-06-23,80.49,80.64,80.17,80.47,8760492.0
2017-06-26,80.7,80.7,80.27,80.39,7434432.0
2017-06-27,80.39,80.49,79.64,79.66,8420223.0
2017-06-28,79.92,80.28,79.88,80.08,8663407.0
2017-06-29,79.99,80.06,78.86,79.35,8440698.0
2017-06-30,79.66,79.66,79.24,79.24,7813487.0
2017-07-03,79.51,79.75,79.37,79.38,5904203.0
2017-07-05,79.49,79.95,79.21,79.85,8955386.0
2017-07-06,79.51,79.66,78.71,78.82,6416356.0
2017-07-07,79.1,79.31,78.9,79.22,4371418.0
2017-07-10,79.25,79.28,78.87,79.07,3580016.0
2017-07-11,79.04,79.19,78.58,78.98,1885405.0
2017-07-12,79.35,79.78,79.35,79.53,3706312.0
2017-07-13,79.77,79.84,79.05,79.62,3214890.0
2017-07-14,79.72,80.3,79.6,80.12,1917560.0
2017-07-17,80.13,80.28,79.82,79.88,2392676.0
2017-07-18,79.75,79.98,79.36,79.98,3457748.0
2017-07-19,80.24,80.55,80.24,80.55,8177869.0
2017-07-20,80.65,81.21,80.61,81.06,3489779.0
2017-07-21,80.95,81.11,80.85,80.98,2211691.0
2017-07-24,80.93,81.04,80.61,80.94,1633516.0
2017-07-25,81.15,81.21,80.26,80.37,4062509.0
2017-07-26,80.18,80.28,79.9,80.12,1993918.0
2017-07-27,80.19,80.19,79.23,79.56,12536833.0
2017-07-28,79.74,80.06,79.25,79.96,2260580.0
2017-07-31,80.06,80.22,79.88,79.89,5516781.0
2017-08-01,80.17,80.18,79.61,79.7,3267574.0
2017-08-02,79.64,79.7,79.25,79.54,2918507.0
2017-08-03,79.53,79.82,79.31,79.68,2183931.0
2017-08-04,79.94,79.94,79.38,79.49,1451923.0
2017-08-07,79.4,79.66,79.33,79.65,1698289.0
2017-08-08,79.52,79.69,79.12,79.28,1758240.0
2017-08-09,79.09,79.45,78.95,79.37,4886488.0
2017-08-10,79.13,79.2,78.37,78.38,7054677.0
2017-08-11,78.42,78.99,78.42,78.6,8318560.0
2017-08-14,78.94,79.25,78.94,79.13,3955758.0
2017-08-15,79.23,79.39,79.11,79.13,4653777.0
2017-08-16,79.26,79.5,79.17,79.35,3756895.0
2017-08-17,79.1,79.44,78.33,78.36,7133350.0
2017-08-18,78.07,78.53,77.95,78.0,8434552.0
2017-08-21,77.93,78.45,77.82,78.35,10268993.0
2017-08-22,78.37,79.39,78.32,79.3,5455500.0
2017-08-23,79.03,79.05,78.67,78.7,5662539.0
2017-08-24,78.78,79.04,78.63,78.93,5502816.0
2017-08-25,79.1,79.4,78.89,78.95,5476522.0
2017-08-28,79.17,79.5,79.15,79.37,7432771.0
2017-08-29,79.04,79.6,78.97,79.52,4243532.0
2017-08-30,79.43,80.13,79.41,79.93,3667897.0
2017-08-31,80.13,81.37,80.13,81.29,6987189.0
2017-09-01,81.41,81.58,80.92,81.23,6471618.0
2017-09-05,80.89,81.37,80.5,80.88,8076875.0
2017-09-06,81.16,81.35,80.8,81.27,8790950.0
2017-09-07,81.26,82.35,81.24,82.17,7250995.0
2017-09-08,82.05,82.68,81.91,82.54,4302627.0
2017-09-11,82.91,83.2,82.73,83.18,6286176.0
2017-09-12,83.2,83.37,83.04,83.36,6984789.0
2017-09-13,83.26,83.41,82.89,83.05,5873781.0
2017-09-14,82.82,83.29,82.72,83.16,6373776.0
2017-09-15,83.06,83.06,82.5,82.59,7091336.0
2017-09-18,82.68,82.9,82.44,82.57,7783052.0
2017-09-19,82.61,82.71,81.83,81.92,7329150.0
2017-09-20,81.95,82.09,81.41,82.0,5101780.0
2017-09-21,81.95,82.04,81.54,81.58,4527869.0
2017-09-22,81.47,81.69,81.16,81.58,6473284.0
2017-09-25,81.47,81.84,81.22,81.34,12439330.0
2017-09-26,81.57,81.8,81.18,81.21,4579765.0
2017-09-27,81.42,81.42,80.83,81.18,5384691.0
2017-09-28,81.11,81.52,80.99,81.25,4229024.0
2017-09-29,81.26,81.77,81.06,81.73,6902730.0
2017-10-02,81.97,82.57,81.88,82.56,8764865.0
2017-10-03,82.68,82.8,82.22,82.54,5141700.0
2017-10-04,82.66,82.97,82.58,82.94,3291140.0
2017-10-05,82.94,83.01,82.62,83.0,7709648.0
2017-10-06,82.85,83.21,82.76,82.89,4035940.0
2017-10-09,82.88,82.9,82.24,82.37,4558776.0
2017-10-10,82.4,82.56,82.11,82.56,4037741.0
2017-10-11,82.51,82.81,82.49,82.72,4031596.0
2017-10-12,82.69,82.82,82.53,82.63,4732044.0
2017-10-13,82.36,82.53,82.22,82.42,5909628.0
2017-10-16,82.36,82.68,81.91,82.06,10219710.0
2017-10-17,82.23,83.38,82.23,83.16,8437761.0
2017-10-18,83.37,83.73,83.18,83.28,6938689.0
2017-10-19,83.18,83.81,83.06,83.79,6410394.0
2017-10-20,83.82,83.95,83.59,83.88,6343777.0
2017-10-23,83.99,84.31,83.63,83.67,7159559.0
2017-10-24,83.68,83.69,82.63,83.11,7145502.0
2017-10-25,83.03,83.22,82.67,82.99,6819089.0
2017-10-26,82.4,82.64,81.66,82.16,13466887.0
2017-10-27,81.87,82.23,81.83,82.14,6121961.0
2017-10-30,81.8,81.92,81.08,81.26,5884007.0
2017-10-31,81.21,81.46,80.97,81.11,6548619.0
2017-11-01,81.25,81.65,81.09,81.31,7427810.0
2017-11-02,81.46,81.48,80.75,80.94,10200322.0
2017-11-03,80.85,81.66,80.85,81.61,6862733.0
2017-11-06,81.48,81.57,81.3,81.36,4853232.0
2017-11-07,81.5,81.65,81.24,81.53,4439915.0
2017-11-08,81.44,81.81,81.34,81.72,6186215.0
2017-11-09,81.52,81.81,81.23,81.73,7086392.0
2017-11-10,81.53,81.53,80.69,81.2,4826328.0
2017-11-13,80.93,81.44,80.7,81.28,4704018.0
2017-11-14,81.01,81.1,80.58,80.95,7430107.0
2017-11-15,80.65,80.97,80.44,80.72,4952318.0
2017-11-16,80.84,81.66,80.84,81.56,4780484.0
2017-11-17,81.19,81.5,81.11,81.24,6129753.0
2017-11-20,81.23,81.3,80.77,80.9,4898452.0
2017-11-21,81.34,81.8,81.31,81.61,7974451.0
2017-11-22,81.61,81.92,81.45,81.58,4853077.0
2017-11-24,81.69,81.8,81.51,81.77,1650633.0
2017-11-27,81.77,81.98,81.7,81.84,4241438.0
2017-11-28,82.04,82.51,81.82,82.44,8290415.0
2017-11-29,82.51,83.15,82.51,82.85,8144634.0
2017-11-30,83.11,83.72,82.86,83.47,10639564.0
2017-12-01,83.43,83.65,82.17,83.3,15315398.0
2017-12-04,83.78,83.8,82.28,82.28,9770338.0
2017-12-05,82.33,82.74,82.07,82.14,13241033.0
2017-12-06,82.19,82.46,81.71,82.07,8532978.0
2017-12-07,82.02,82.25,81.77,82.09,3979212.0
2017-12-08,82.33,83.02,82.27,83.01,8444114.0
2017-12-11,83.08,83.41,82.95,83.36,6588637.0
2017-12-12,83.39,83.82,83.39,83.69,6068627.0
2017-12-13,83.68,84.22,83.65,83.98,8459771.0
2017-12-14,84.05,84.16,83.05,83.13,6772081.0
2017-12-15,83.11,83.74,83.11,83.71,8012239.0
2017-12-18,83.98,84.2,83.69,83.74,5655404.0
2017-12-19,83.87,84.16,83.6,83.64,4777141.0
2017-12-20,83.82,83.95,83.36,83.37,4686673.0
2017-12-21,83.63,83.68,83.12,83.18,4304185.0
2017-12-22,83.06,83.16,82.71,82.91,7023606.0
2017-12-26,82.84,83.04,82.75,82.93,2504110.0
2017-12-27,82.99,83.29,82.98,83.07,4053305.0
2017-12-28,83.22,83.34,82.93,83.19,5380553.0
2017-12-29,83.33,83.46,82.59,82.68,4877164.0
2018-01-02,82.99,83.65,82.87,83.61,6708904.0
2018-01-03,83.6,84.47,83.36,84.41,7606500.0
2018-01-04,84.68,84.83,84.32,84.53,7762520.0
2018-01-05,84.8,85.33,84.64,85.25,7579284.0
2018-01-08,85.15,85.26,84.51,84.94,5167335.0
2018-01-09,85.2,86.12,85.12,85.94,6962937.0
2018-01-10,85.65,85.81,85.15,85.79,10835795.0
2018-01-11,85.94,86.18,85.69,86.16,4247768.0
2018-01-12,86.32,86.92,86.25,86.82,5391784.0
2018-01-16,87.36,87.95,87.11,87.25,8920043.0
2018-01-17,87.65,88.28,87.43,88.09,7214557.0
2018-01-18,88.1,88.2,87.6,88.11,7954811.0
2018-01-19,88.45,88.47,88.0,88.44,4802430.0
2018-01-22,88.41,89.07,88.25,89.02,11152504.0
2018-01-23,89.01,89.18,88.51,88.59,7637626.0
2018-01-24,89.03,89.18,88.54,88.85,8291063.0
2018-01-25,89.28,89.7,88.94,89.61,6339257.0
2018-01-26,90.02,91.56,90.0,91.54,9784419.0
2018-01-29,91.3,91.79,91.28,91.29,12643752.0
2018-01-30,89.49,90.11,89.22,89.37,14270628.0
2018-01-31,89.83,90.09,87.79,88.1,15872439.0
2018-02-01,87.76,88.53,87.54,88.13,12848665.0
2018-02-02,87.41,88.18,86.87,86.89,10539187.0
2018-02-05,86.46,86.99,82.37,83.04,34979844.0
2018-02-06,81.44,84.32,81.4,83.96,33313394.0
2018-02-07,83.72,85.04,83.43,83.86,17337953.0
2018-02-08,83.84,84.11,80.88,80.95,20252474.0
2018-02-09,81.69,82.8,79.56,82.1,35535741.0
2018-02-12,82.63,83.51,81.89,82.87,13389160.0
2018-02-13,82.39,83.11,81.88,82.93,8415182.0
2018-02-14,82.4,84.02,82.32,83.87,10110811.0
2018-02-15,84.44,84.83,83.59,84.8,9519095.0
2018-02-16,84.38,86.01,84.38,85.41,9322953.0
2018-02-20,85.0,85.28,84.23,84.47,8872089.0
2018-02-21,84.46,85.59,84.11,84.12,9417367.0
2018-02-22,84.39,84.99,83.79,83.99,6316117.0
2018-02-23,84.49,85.36,84.12,85.33,5498544.0
2018-02-26,85.48,86.51,85.48,86.41,6266120.0
2018-02-27,86.41,86.69,85.51,85.51,7460688.0
2018-02-28,85.79,85.9,84.12,84.14,6279035.0
2018-03-01,83.99,84.42,82.17,82.8,12720268.0
2018-03-02,82.35,83.82,82.34,83.64,11205969.0
2018-03-05,83.26,84.65,83.08,84.4,11028818.0
2018-03-06,84.59,84.73,83.86,84.28,9573287.0
2018-03-07,83.56,84.8,83.53,84.71,6868154.0
2018-03-08,84.94,85.35,84.8,85.28,6402977.0
2018-03-09,85.8,86.54,85.48,86.51,8253094.0
2018-03-12,86.54,86.67,86.04,86.14,5760183.0
2018-03-13,86.47,86.85,86.06,86.25,6400683.0
2018-03-14,86.55,86.75,85.55,85.83,9416354.0
2018-03-15,86.13,86.38,85.58,85.69,5883145.0
2018-03-16,85.38,85.85,85.38,85.39,7067672.0
2018-03-19,85.23,85.34,83.33,84.01,7190194.0
2018-03-20,84.2,84.43,83.65,84.13,5534438.0
2018-03-21,84.27,84.73,83.7,83.77,5498739.0
2018-03-22,82.96,83.02,81.22,81.36,14648453.0
2018-03-23,81.44,81.61,79.61,79.67,11048955.0
2018-03-26,80.57,81.43,79.64,81.32,9183474.0
2018-03-27,81.61,81.85,79.9,80.36,10948416.0
2018-03-28,80.59,81.57,80.48,80.79,10146839.0
2018-03-29,81.22,81.99,80.67,81.4,6926405.0
2018-04-02,81.06,81.48,78.74,79.55,11364927.0
2018-04-03,79.98,80.91,79.49,80.76,8590726.0
2018-04-04,79.79,82.14,79.79,81.91,9085808.0
2018-04-05,82.2,82.27,81.54,81.85,8031346.0
2018-04-06,81.17,81.57,79.16,79.88,12171809.0
2018-04-09,80.31,81.79,80.08,80.67,6952645.0
2018-04-10,81.47,82.35,81.19,82.03,8240833.0
2018-04-11,81.42,81.91,81.25,81.36,6205752.0
2018-04-12,81.8,82.3,81.74,81.91,5096902.0
2018-04-13,82.3,82.37,81.43,81.87,7837028.0
2018-04-16,82.47,82.82,82.28,82.52,7217208.0
2018-04-17,83.15,83.34,82.72,83.16,6500915.0
2018-04-18,83.37,83.52,82.83,83.23,4704510.0
2018-04-19,83.08,83.16,82.23,82.53,5833634.0
2018-04-20,82.6,82.72,81.81,82.09,5250506.0
2018-04-23,82.31,82.67,82.1,82.41,9257292.0
2018-04-24,82.67,82.73,81.17,81.79,8904776.0
2018-04-25,81.69,82.2,81.12,82.16,8068798.0
2018-04-26,82.4,83.52,82.4,83.2,9463278.0
2018-04-27,83.14,83.67,82.96,83.54,6663258.0
2018-04-30,83.9,83.95,82.25,82.26,7240985.0
2018-05-01,82.16,82.45,81.53,82.22,8498012.0
2018-05-02,81.79,81.85,80.91,81.09,11594285.0
2018-05-03,80.72,80.73,79.31,80.36,13524121.0
2018-05-04,80.12,81.27,79.81,81.0,7889544.0
2018-05-07,81.26,81.58,80.67,80.88,5886540.0
2018-05-08,80.68,80.75,79.79,80.27,9522278.0
2018-05-09,80.42,81.08,79.98,80.73,11340180.0
2018-05-10,81.07,82.17,81.02,81.81,7845452.0
2018-05-11,81.88,83.19,81.73,83.03,10434026.0
2018-05-14,83.18,83.93,83.01,83.58,11837573.0
2018-05-15,83.03,83.13,82.23,82.5,8806830.0
2018-05-16,82.46,83.25,82.45,82.96,7013641.0
2018-05-17,82.88,83.13,82.52,82.99,6610357.0
2018-05-18,83.05,83.37,82.77,83.2,5838854.0
2018-05-21,83.59,83.75,83.16,83.28,6406467.0
2018-05-22,83.45,83.55,82.99,83.12,5770209.0
2018-05-23,82.77,83.42,82.67,83.39,8360471.0
2018-05-24,83.34,83.48,82.69,83.06,7166498.0
2018-05-25,83.09,83.46,82.8,82.94,6853296.0
2018-05-29,82.4,82.55,81.57,82.09,18236759.0
2018-05-30,82.65,83.51,82.56,83.32,13167674.0
2018-05-31,83.16,83.22,82.38,82.41,11543475.0
2018-06-01,82.74,83.39,82.65,83.36,8037829.0
2018-06-04,83.46,83.79,83.19,83.67,7230786.0
2018-06-05,83.7,83.88,83.1,83.5,5444372.0
2018-06-06,83.79,84.53,83.45,84.44,7218947.0
2018-06-07,84.69,84.77,84.14,84.55,7405595.0
2018-06-08,84.52,85.1,84.38,85.04,6247131.0
2018-06-11,85.05,85.61,84.85,85.2,7074377.0
2018-06-12,85.29,85.29,84.77,85.15,6829166.0
2018-06-13,85.3,85.72,85.06,85.17,10379181.0
2018-06-14,85.34,85.66,85.1,85.61,9379776.0
2018-06-15,85.19,85.5,84.8,85.46,9349332.0
2018-06-18,84.94,84.94,84.29,84.64,7342605.0
2018-06-19,84.06,84.89,83.93,84.86,6431697.0
2018-06-20,84.97,85.24,84.79,85.04,5900793.0
2018-06-21,84.96,84.97,84.35,84.55,7423429.0
2018-06-22,84.86,85.26,84.64,84.93,9885619.0
2018-06-25,84.61,84.94,83.51,84.15,9925144.0
2018-06-26,84.22,84.28,83.78,83.89,5560148.0
2018-06-27,83.89,84.32,83.12,83.18,7420476.0
2018-06-28,82.87,83.5,82.29,83.29,9026946.0
2018-06-29,83.55,84.2,83.4,83.46,6483097.0
2018-07-02,83.0,83.77,82.72,83.72,9364654.0
2018-07-03,84.02,84.31,83.7,83.92,3023094.0
2018-07-05,84.31,84.88,84.11,84.79,7458631.0
2018-07-06,85.2,86.16,85.1,86.01,9823810.0
2018-07-09,86.35,86.81,86.32,86.64,7874410.0
2018-07-10,86.81,87.01,86.58,86.97,6123152.0
2018-07-11,86.5,86.59,86.22,86.28,6434456.0
2018-07-12,86.71,87.3,86.66,87.24,4461646.0
2018-07-13,87.05,87.59,87.0,87.4,6048678.0
2018-07-16,87.47,87.47,86.75,86.87,5388542.0
2018-07-17,86.84,87.48,86.8,87.35,5849313.0
2018-07-18,87.37,87.44,87.11,87.42,7575723.0
2018-07-19,87.21,87.39,86.55,86.93,5204046.0
2018-07-20,86.69,86.89,86.51,86.76,4822554.0
2018-07-23,86.71,87.05,86.61,86.94,3824739.0
2018-07-24,87.4,87.88,87.34,87.73,6467139.0
2018-07-25,87.68,88.87,87.59,88.85,9297528.0
2018-07-26,88.7,88.91,88.41,88.6,5763060.0
2018-07-27,88.64,88.64,87.64,87.96,5743036.0
2018-07-30,87.89,88.18,87.75,88.01,5531205.0
2018-07-31,88.33,89.05,88.2,88.93,6719131.0
2018-08-01,88.88,89.28,88.88,88.95,5733043.0
2018-08-02,88.57,89.47,88.53,89.28,5666184.0
2018-08-03,89.35,89.88,89.23,89.81,5884770.0
2018-08-06,89.76,90.17,89.44,89.97,4751412.0
2018-08-07,89.98,90.28,89.86,89.98,5170584.0
2018-08-08,89.99,90.25,89.79,90.12,5020356.0
2018-08-09,90.13,90.38,89.93,90.02,5680303.0
2018-08-10,89.69,90.16,89.32,89.63,5389456.0
2018-08-13,89.73,90.08,89.43,89.66,6563902.0
2018-08-14,89.79,90.24,89.7,90.08,5497737.0
2018-08-15,89.8,90.04,89.36,89.93,6840614.0
2018-08-16,90.19,90.93,90.08,90.81,6916702.0
2018-08-17,90.74,91.37,90.53,91.09,5455285.0
2018-08-20,91.3,91.56,91.25,91.39,8144869.0
2018-08-21,91.62,91.66,91.19,91.39,6395926.0
2018-08-22,91.18,91.68,91.07,91.48,3954306.0
2018-08-23,91.43,91.67,91.23,91.45,6058378.0
2018-08-24,91.66,91.89,91.49,91.89,4029139.0
2018-08-27,92.22,92.29,91.83,92.22,4671309.0
2018-08-28,92.36,92.39,92.07,92.27,4954106.0
2018-08-29,92.29,92.97,92.19,92.87,5338515.0
2018-08-30,92.8,93.11,92.6,92.8,5266116.0
2018-08-31,92.58,92.86,92.4,92.78,5808393.0
2018-09-04,92.7,92.76,91.82,92.04,6875469.0
2018-09-05,91.97,92.41,91.8,92.41,10218935.0
2018-09-06,92.4,92.6,91.85,92.41,5940322.0
2018-09-07,92.19,92.64,92.05,92.55,5591062.0
2018-09-10,92.78,92.95,92.22,92.31,4233993.0
2018-09-11,92.15,92.41,91.84,92.23,5683869.0
2018-09-12,92.29,92.86,92.11,92.69,11056597.0
2018-09-13,93.09,93.84,93.0,93.84,10603828.0
2018-09-14,93.92,93.92,93.36,93.53,5929022.0
2018-09-17,93.53,93.54,93.08,93.19,5543053.0
2018-09-18,93.19,93.97,93.05,93.73,5423032.0
2018-09-19,93.67,93.86,93.5,93.6,4186602.0
2018-09-20,93.87,94.57,93.81,94.51,5083129.0
2018-09-21,94.39,94.48,94.07,94.27,8579137.0
2018-09-24,94.21,94.65,94.08,94.46,5392620.0
2018-09-25,94.59,94.73,94.07,94.17,5215945.0
2018-09-26,94.35,95.12,94.18,94.38,10880503.0
2018-09-27,94.51,95.12,94.4,94.86,7168813.0
2018-09-28,94.67,95.21,94.63,95.15,5995812.0
2018-10-01,95.51,96.06,95.34,95.62,7307132.0
2018-10-02,95.62,95.7,95.33,95.51,5572670.0
2018-10-03,95.83,96.0,95.18,95.33,6367826.0
2018-10-04,95.26,95.3,93.91,94.4,10976848.0
2018-10-05,94.48,94.97,93.7,94.29,12291090.0
2018-10-08,94.17,94.52,93.46,94.25,11924047.0
2018-10-09,94.0,94.74,93.71,94.41,7463876.0
2018-10-10,94.4,94.51,92.12,92.18,22549315.0
2018-10-11,91.93,92.14,89.04,89.69,46582163.0
2018-10-12,90.77,91.41,90.02,91.07,20797355.0
2018-10-15,90.92,91.32,90.37,90.44,13909713.0
2018-10-16,91.14,93.08,91.13,92.92,13505912.0
2018-10-17,92.86,93.64,92.39,93.41,14232285.0
2018-10-18,93.36,93.37,91.61,92.35,14455855.0
2018-10-19,92.51,92.83,91.39,91.51,11318605.0
2018-10-22,91.5,91.67,90.34,90.76,8288278.0
2018-10-23,89.6,90.71,88.88,90.27,15424486.0
2018-10-24,90.23,90.75,87.18,87.29,17432153.0
2018-10-25,87.28,89.03,86.27,88.42,15725063.0
2018-10-26,87.6,88.22,86.35,87.42,25507931.0
2018-10-29,88.43,89.08,86.41,87.64,14024311.0
2018-10-30,87.65,88.72,87.2,88.58,15432052.0
2018-10-31,89.29,89.65,88.63,88.7,13460681.0
2018-11-01,89.0,89.97,88.97,89.82,9668637.0
2018-11-02,90.69,90.84,88.67,89.26,12952987.0
2018-11-05,89.38,90.45,89.38,90.05,7783769.0
2018-11-06,89.93,90.61,89.8,90.51,7980944.0
2018-11-07,91.35,93.25,91.29,93.17,13310811.0
2018-11-08,93.0,93.56,92.87,93.22,7345597.0
2018-11-09,93.11,93.26,92.5,92.95,8486522.0
2018-11-12,92.81,92.95,91.48,91.69,8423548.0
2018-11-13,92.0,92.36,90.78,91.05,14226950.0
2018-11-14,91.61,91.62,89.89,90.32,11664016.0
2018-11-15,89.68,91.23,88.83,91.12,15563868.0
2018-11-16,90.96,92.48,90.91,92.04,11323185.0
2018-11-19,92.13,92.19,90.47,90.87,8820959.0
2018-11-20,90.3,90.97,89.81,90.02,11604320.0
2018-11-21,90.31,90.32,89.49,89.51,9345117.0
2018-11-23,89.03,90.18,88.98,89.64,3939469.0
2018-11-26,90.36,90.75,89.98,90.51,7141247.0
2018-11-27,90.21,91.45,89.88,91.45,9261963.0
2018-11-28,91.72,93.68,91.7,93.65,11870393.0
2018-11-29,93.43,94.51,93.3,93.96,8796008.0
2018-11-30,93.9,95.87,93.8,95.87,15875944.0
2018-12-03,95.81,95.81,94.86,95.41,12158136.0
2018-12-04,95.39,95.92,93.11,93.28,15011336.0
2018-12-06,92.12,92.93,90.14,92.93,18492882.0
2018-12-07,92.67,92.8,90.11,90.56,14930858.0
2018-12-10,90.61,91.25,88.65,90.91,15372051.0
2018-12-11,91.67,92.28,90.54,91.19,13632328.0
2018-12-12,92.2,93.17,91.91,91.97,12581032.0
2018-12-13,92.22,92.72,91.44,92.06,11567208.0
2018-12-14,91.16,91.24,88.69,88.96,19422740.0
2018-12-17,88.04,88.78,86.59,87.19,22089533.0
2018-12-18,87.94,88.1,85.6,86.43,24712567.0
2018-12-19,86.6,87.64,84.53,85.3,23075642.0
2018-12-20,84.91,85.26,83.5,84.1,25321706.0
2018-12-21,83.85,85.27,82.51,82.68,28909162.0
2018-12-24,82.13,82.44,80.65,80.7,14235526.0
2018-12-26,81.0,84.3,80.61,84.22,20575130.0
2018-12-27,83.23,85.2,82.1,85.15,14045706.0
2018-12-28,85.7,86.44,84.9,85.25,15770636.0
2018-12-31,85.73,86.59,85.67,86.51,10163087.0
2019-01-02,85.18,85.83,84.27,85.2,14179948.0
2019-01-03,85.32,85.5,83.25,83.47,17668044.0
2019-01-04,84.45,86.43,84.41,85.96,16262555.0
2019-01-07,85.99,87.1,85.73,86.29,12387246.0
2019-01-08,86.98,87.25,86.0,86.96,13370996.0
2019-01-09,87.34,87.86,87.09,87.35,11259669.0
2019-01-10,86.96,87.58,86.52,87.52,10396767.0
2019-01-11,87.11,87.83,86.95,87.81,7187901.0
2019-01-14,87.28,87.32,86.83,86.84,5448972.0
2019-01-15,86.96,88.42,86.94,88.4,10540620.0
2019-01-16,88.52,88.9,88.18,88.24,8288920.0
2019-01-17,88.0,89.39,87.93,89.02,8731630.0
2019-01-18,89.68,90.13,89.01,90.08,13367509.0
2019-01-22,89.45,89.62,88.84,89.46,12244517.0
2019-01-23,89.63,90.05,88.59,89.56,7722861.0
2019-01-24,89.47,89.55,88.39,88.81,11306954.0
2019-01-25,89.25,89.25,88.66,88.92,7241935.0
2019-01-28,88.31,88.4,87.49,87.91,7113845.0
2019-01-29,87.91,88.41,87.66,88.34,11099240.0
2019-01-30,88.67,89.8,88.45,89.55,11706827.0
2019-01-31,89.45,90.88,89.36,90.67,13410059.0
2019-02-01,90.78,90.96,90.13,90.75,9386492.0
2019-02-04,90.76,90.76,89.72,90.49,9308908.0
2019-02-05,90.64,91.15,90.34,90.36,8921434.0
2019-02-06,90.2,90.81,90.09,90.77,6135904.0
2019-02-07,90.18,90.33,89.29,89.77,9511821.0
2019-02-08,89.42,89.95,89.29,89.94,7284173.0
2019-02-11,90.14,90.2,89.58,89.83,5017407.0
2019-02-12,90.22,91.11,90.06,91.06,9093318.0
2019-02-13,91.24,91.53,90.85,91.26,6435569.0
2019-02-14,91.03,91.88,90.9,91.47,6938644.0
2019-02-15,92.16,92.9,91.47,92.85,8234221.0
2019-02-19,92.6,92.99,92.59,92.63,6284092.0
2019-02-20,92.4,92.64,92.06,92.52,6959918.0
2019-02-21,92.19,92.25,91.3,91.71,8368479.0
2019-02-22,91.89,92.63,91.78,92.55,6488091.0
2019-02-25,93.02,93.24,92.61,92.68,7652584.0
2019-02-26,92.47,92.72,92.24,92.35,7288017.0
2019-02-27,92.04,92.36,91.61,91.92,9827557.0
2019-02-28,91.75,92.25,91.55,91.65,9464107.0
2019-03-01,92.22,93.08,92.14,92.95,10795155.0
2019-03-04,93.28,93.45,91.06,91.69,15208819.0
2019-03-05,91.73,91.97,91.17,91.64,13591690.0
2019-03-06,91.65,91.77,90.05,90.3,11662385.0
2019-03-07,90.17,90.36,89.28,89.59,14431013.0
2019-03-08,89.11,89.44,88.63,89.4,11531179.0
2019-03-11,89.64,90.5,89.38,90.42,9694373.0
2019-03-12,90.65,91.29,90.52,91.08,8981596.0
2019-03-13,91.35,92.31,91.29,92.06,10098311.0
2019-03-14,92.03,92.15,91.58,91.91,9283753.0
2019-03-15,91.73,92.14,91.41,91.99,10219428.0
2019-03-18,92.08,92.17,91.52,91.85,7183529.0
2019-03-19,92.17,92.84,91.84,92.58,11308845.0
2019-03-20,92.47,92.58,91.58,91.94,11123700.0
2019-03-21,91.17,92.44,91.04,92.3,7398197.0
2019-03-22,91.9,92.24,90.6,90.62,12162589.0
2019-03-25,90.78,90.86,89.92,90.57,9893341.0
2019-03-26,91.1,91.77,90.55,91.19,8107248.0
2019-03-27,91.08,91.29,89.8,90.43,10817460.0
2019-03-28,90.7,90.91,90.19,90.66,6726871.0
2019-03-29,91.2,91.83,91.0,91.75,10120891.0
2019-04-01,92.31,92.44,91.68,91.89,9082046.0
2019-04-02,91.91,92.05,91.51,91.68,7002204.0
2019-04-03,92.09,92.14,91.29,91.56,7398696.0
2019-04-04,91.64,91.75,90.84,91.37,9212386.0
2019-04-05,91.59,92.16,91.53,92.0,6262046.0
2019-04-08,91.93,92.07,91.33,91.98,5961216.0
2019-04-09,91.66,91.94,91.41,91.74,7207595.0
2019-04-10,91.85,92.02,91.61,91.77,5433511.0
2019-04-11,91.97,92.02,90.24,90.64,8534189.0
2019-04-12,90.99,91.02,89.66,89.81,11659326.0
2019-04-15,89.92,90.24,89.75,90.17,7921955.0
2019-04-16,90.92,91.03,88.17,88.32,14857099.0
2019-04-17,88.62,88.64,85.33,85.78,34381753.0
2019-04-18,86.04,86.45,84.65,85.92,35300882.0
2019-04-22,85.78,86.47,85.51,85.97,18717732.0
2019-04-23,85.94,87.79,85.79,87.33,30503353.0
2019-04-24,87.36,87.54,86.84,87.23,14612816.0
2019-04-25,87.04,88.39,86.68,88.13,16166445.0
2019-04-26,88.25,89.04,88.06,89.01,11322007.0
2019-04-29,89.04,89.19,88.47,88.85,13264357.0
2019-04-30,89.11,89.43,88.48,89.26,11750852.0
2019-05-01,89.38,89.73,88.6,89.1,25596449.0
2019-05-02,89.01,89.57,88.5,89.48,18927530.0
2019-05-03,89.73,90.19,89.58,90.16,13623977.0
2019-05-06,88.85,90.85,88.7,90.62,25168305.0
2019-05-07,89.92,90.36,88.36,88.88,18011732.0
2019-05-08,88.84,89.48,88.34,89.07,13783307.0
2019-05-09,88.28,89.17,87.86,88.88,15692261.0
2019-05-10,88.59,89.14,87.01,88.91,17771753.0
2019-05-13,87.4,88.86,86.9,87.24,17436308.0
2019-05-14,87.64,88.29,87.47,87.68,13147143.0
2019-05-15,87.22,88.24,86.83,87.94,10587732.0
2019-05-16,88.13,89.39,88.07,88.63,15123987.0
2019-05-17,87.9,89.14,87.9,88.44,13354085.0
2019-05-20,88.06,88.68,87.75,88.4,10757386.0
2019-05-21,88.9,89.61,88.84,89.23,11690593.0
2019-05-22,88.97,89.94,88.89,89.74,9021899.0
2019-05-23,89.29,89.43,88.68,89.43,13545414.0
2019-05-24,89.74,90.1,89.34,89.56,9986447.0
2019-05-28,89.64,90.18,88.27,88.28,20795950.0
2019-05-29,87.85,87.86,86.82,87.43,16302651.0
2019-05-30,87.6,88.05,87.51,87.91,12457685.0
2019-05-31,87.34,87.69,86.77,87.28,10712975.0
2019-06-03,87.36,88.24,87.31,87.49,19370992.0
2019-06-04,88.22,89.09,88.11,88.94,15837154.0
2019-06-05,89.59,89.82,88.97,89.61,24291851.0
2019-06-06,89.75,90.43,89.54,90.07,18840935.0
2019-06-07,90.36,91.23,90.33,91.01,9302690.0
2019-06-10,91.29,91.58,90.95,91.28,8552839.0
2019-06-11,91.73,91.96,90.9,91.13,8317911.0
2019-06-12,91.15,91.6,91.06,91.57,5799156.0
2019-06-13,91.73,91.73,91.1,91.46,9031760.0
2019-06-14,91.5,91.77,91.18,91.25,5056271.0
2019-06-17,91.34,91.72,91.21,91.66,4861481.0
2019-06-18,92.12,92.76,91.94,92.44,7979937.0
2019-06-19,92.46,93.48,92.4,93.27,6988099.0
2019-06-20,94.04,94.33,93.14,93.68,9241301.0
2019-06-21,93.19,93.91,92.66,93.73,9026071.0
2019-06-24,93.61,93.67,93.07,93.24,6493610.0
2019-06-25,93.31,93.74,92.77,92.86,14930608.0
2019-06-26,92.99,93.0,91.5,91.69,10498431.0
2019-06-27,92.01,92.51,91.83,92.33,7416201.0
2019-06-28,92.37,92.72,91.84,92.64,9390623.0
2019-07-01,93.37,93.41,92.72,93.1,7833409.0
2019-07-02,93.18,93.6,92.65,93.6,7952577.0
2019-07-03,93.81,94.42,93.8,94.4,4066048.0
2019-07-05,94.0,94.23,93.54,93.75,5934272.0
2019-07-08,93.39,93.42,92.62,93.05,15201990.0
2019-07-09,92.71,93.24,92.7,93.14,5537339.0
2019-07-10,93.35,93.71,93.07,93.46,5347279.0
2019-07-11,94.11,94.15,92.85,93.48,13691693.0
2019-07-12,93.17,93.19,91.8,92.44,11508183.0
2019-07-15,92.49,92.86,92.18,92.64,5811267.0
2019-07-16,92.57,92.7,92.11,92.18,9092557.0
2019-07-17,92.37,92.68,92.19,92.2,9567035.0
2019-07-18,92.19,92.87,91.74,92.72,6561567.0
2019-07-19,92.93,92.97,91.68,91.76,8105933.0
2019-07-22,91.86,91.92,91.49,91.57,5192693.0
2019-07-23,91.7,92.28,91.32,92.14,6688591.0
2019-07-24,92.0,92.2,91.17,92.19,5430541.0
2019-07-25,91.94,92.29,91.54,91.74,6618662.0
2019-07-26,92.06,92.24,91.72,92.07,3812448.0
2019-07-29,92.12,92.52,91.97,92.45,5887534.0
2019-07-30,91.74,92.09,91.36,92.05,7959161.0
2019-07-31,91.95,92.33,90.58,91.14,8557587.0
2019-08-01,91.15,92.24,90.71,91.26,16422522.0
2019-08-02,91.13,91.41,90.46,91.05,15956788.0
2019-08-05,90.02,90.38,88.19,88.91,17626233.0
2019-08-06,89.36,90.08,88.87,90.06,10135861.0
2019-08-07,89.33,90.34,88.2,90.09,12452460.0
2019-08-08,90.37,91.38,90.04,91.29,12034822.0
2019-08-09,91.13,91.97,90.61,91.4,7253064.0
2019-08-12,91.06,91.4,90.16,90.53,6244809.0
2019-08-13,90.48,92.17,90.4,91.69,12260613.0
2019-08-14,90.75,90.97,89.09,89.14,16426117.0
2019-08-15,89.52,89.79,88.87,89.45,12320668.0
2019-08-16,90.06,90.79,90.0,90.55,10252416.0
2019-08-19,91.26,91.65,91.11,91.42,6427436.0
2019-08-20,91.45,91.64,90.57,90.64,4709026.0
2019-08-21,91.27,91.53,91.04,91.31,5687080.0
2019-08-22,91.48,91.69,90.5,90.86,6486943.0
2019-08-23,90.7,91.04,88.32,88.76,9822737.0
2019-08-26,89.47,89.76,89.1,89.69,8915621.0
2019-08-27,90.24,90.55,89.1,89.16,8251963.0
2019-08-28,88.85,90.0,88.72,89.81,5691503.0
2019-08-29,90.49,90.75,89.91,90.49,4360327.0
2019-08-30,90.91,91.09,90.21,90.6,4784137.0
2019-09-03,90.07,90.5,89.75,90.07,6437819.0
2019-09-04,90.66,90.71,89.71,90.13,9319313.0
2019-09-05,90.9,91.22,90.42,91.02,7897420.0
2019-09-06,91.21,91.53,91.08,91.27,13166442.0
2019-09-09,91.35,91.38,90.1,90.43,10675897.0
2019-09-10,89.97,90.7,89.02,90.69,8770748.0
2019-09-11,90.84,91.62,90.62,91.59,8124290.0
2019-09-12,92.0,92.38,91.51,91.56,9344700.0
2019-09-13,91.67,92.25,91.32,91.51,6350964.0
2019-09-16,91.01,91.54,90.9,91.31,6668085.0
2019-09-17,91.26,91.7,91.13,91.45,3963154.0
2019-09-18,91.45,91.56,90.79,91.44,5397831.0
2019-09-19,91.55,92.28,91.38,91.87,5084444.0
2019-09-20,91.7,92.43,91.69,92.0,9000207.0
2019-09-23,91.73,92.06,91.48,91.51,4329101.0
2019-09-24,91.85,91.91,90.35,90.67,10615767.0
2019-09-25,90.68,90.76,90.1,90.23,8131900.0
2019-09-26,90.53,90.56,89.04,89.73,10183821.0
2019-09-27,90.03,90.16,89.0,89.33,10017318.0
2019-09-30,89.45,90.68,89.39,90.13,8306829.0
2019-10-01,90.37,90.57,89.07,89.25,13618966.0
2019-10-02,88.97,89.15,87.56,87.95,13505857.0
2019-10-03,87.83,88.77,87.2,88.74,12830412.0
2019-10-04,89.0,90.18,88.94,90.13,9313631.0
2019-10-07,89.76,90.42,89.63,89.83,8343461.0
2019-10-08,89.08,89.12,88.1,88.12,10688156.0
2019-10-09,88.66,89.02,88.36,88.76,7355855.0
2019-10-10,88.5,89.51,88.42,89.2,8236079.0
2019-10-11,90.05,91.0,89.9,89.94,10825812.0
2019-10-14,89.88,90.34,89.76,89.9,5919186.0
2019-10-15,90.89,91.86,90.83,91.54,12622404.0
2019-10-16,91.47,91.89,91.27,91.42,7856921.0
2019-10-17,91.72,92.36,91.68,92.1,7537106.0
2019-10-18,91.84,92.24,91.35,91.76,6784975.0
2019-10-21,92.14,92.28,91.47,91.66,4952132.0
2019-10-22,92.36,92.95,91.82,91.86,8746301.0
2019-10-23,92.02,92.7,91.83,92.43,5549276.0
2019-10-24,92.59,92.69,91.63,91.96,6984395.0
2019-10-25,91.72,92.31,91.48,92.06,5536898.0
2019-10-28,92.3,93.2,92.22,93.01,6937897.0
2019-10-29,93.23,94.48,93.0,94.33,13768396.0
2019-10-30,94.36,94.9,93.99,94.86,10179744.0
2019-10-31,94.68,94.81,94.14,94.75,9675234.0
2019-11-01,95.26,95.67,94.85,94.87,14670803.0
2019-11-04,95.31,95.36,94.54,94.58,9878200.0
2019-11-05,94.72,94.73,93.7,93.91,13273753.0
2019-11-06,94.0,94.41,93.71,94.23,13130204.0
2019-11-07,94.59,94.74,94.16,94.44,7827918.0
2019-11-08,94.38,95.15,94.27,95.13,7756856.0
2019-11-11,94.77,94.97,94.48,94.74,6092506.0
2019-11-12,94.89,95.65,94.76,95.31,13801645.0
2019-11-13,95.05,95.65,94.9,95.42,6575151.0
2019-11-14,95.4,95.57,94.85,95.43,6498793.0
2019-11-15,95.76,97.63,95.67,97.46,11338575.0
2019-11-18,97.37,97.93,97.01,97.13,11251369.0
2019-11-19,97.47,97.93,97.22,97.79,10025766.0
2019-11-20,97.63,97.97,97.08,97.66,12305824.0
2019-11-21,97.72,97.98,97.05,97.91,9122428.0
2019-11-22,98.08,98.4,97.87,98.26,6141823.0
2019-11-25,98.66,99.43,98.51,99.41,11727071.0
2019-11-26,99.4,99.56,99.0,99.33,11073600.0
2019-11-27,99.47,99.99,99.38,99.84,6333327.0
2019-11-29,99.58,99.81,99.29,99.49,2391998.0
2019-12-02,99.69,99.72,98.73,99.05,6684759.0
2019-12-03,98.3,98.91,98.03,98.83,7820107.0
2019-12-04,99.23,99.88,99.13,99.75,6237742.0
2019-12-05,99.81,99.9,98.91,99.75,7390352.0
2019-12-06,100.27,100.75,100.2,100.41,5658524.0
2019-12-09,100.45,100.47,99.71,99.71,5328658.0
2019-12-10,99.69,100.02,99.3,99.93,6027927.0
2019-12-11,100.01,100.27,99.82,100.02,6064341.0
2019-12-12,100.07,101.28,100.02,100.95,9769053.0
2019-12-13,100.85,101.47,100.47,100.88,6433171.0
2019-12-16,101.47,102.34,101.47,101.97,7730256.0
2019-12-17,102.1,102.25,101.72,101.86,4643726.0
2019-12-18,101.9,102.2,101.79,102.0,5202934.0
2019-12-19,102.21,102.51,102.05,102.4,6637192.0
2019-12-20,102.28,102.93,102.28,102.7,8586532.0
2019-12-23,102.94,103.22,102.68,103.11,4770887.0
2019-12-24,103.11,103.24,102.73,102.98,2071790.0
2019-12-26,103.11,103.23,102.58,102.91,2910075.0
2019-12-27,103.13,103.14,102.71,102.94,3605004.0
2019-12-30,102.27,102.49,101.51,101.66,5665146.0
2019-12-31,101.44,101.95,101.27,101.86,4746947.0
2020-01-02,102.17,102.29,101.4,102.13,6236522.0
2020-01-03,100.95,101.82,100.45,101.24,8247451.0
2020-01-06,100.78,101.9,100.75,101.87,6441759.0
2020-01-07,101.59,101.76,101.1,101.67,6336491.0
2020-01-08,101.72,102.79,101.68,102.33,7494732.0
2020-01-09,102.64,103.05,102.42,102.77,6661046.0
2020-01-10,103.16,103.33,102.62,102.8,9300436.0
2020-01-13,102.97,102.99,102.08,102.44,7621781.0
2020-01-14,102.13,103.08,101.95,103.06,7295065.0
2020-01-15,103.18,104.22,103.1,103.95,7521760.0
2020-01-16,104.38,104.56,103.97,104.49,5480266.0
2020-01-17,104.23,104.65,104.23,104.49,6533427.0
2020-01-21,104.25,104.84,104.21,104.6,6644775.0
2020-01-22,104.83,105.08,104.59,104.73,9431510.0
2020-01-23,104.55,104.7,103.48,104.2,8522609.0
2020-01-24,104.32,104.37,102.2,102.46,15962810.0
2020-01-27,101.22,102.07,101.08,101.68,11762477.0
2020-01-28,101.98,102.58,101.7,102.18,8079947.0
2020-01-29,102.28,102.64,101.88,101.9,6436020.0
2020-01-30,101.15,101.22,100.29,101.16,10989547.0
2020-01-31,100.76,100.84,98.81,99.14,14476689.0
2020-02-03,99.83,100.76,99.83,100.04,11851774.0
2020-02-04,101.29,102.21,101.27,101.8,9575109.0
2020-02-05,102.28,104.12,102.27,103.76,14131008.0
2020-02-06,104.24,104.24,103.4,103.85,6166481.0
2020-02-07,103.86,103.95,102.88,103.04,6057198.0
2020-02-10,102.66,103.59,102.58,103.59,4010061.0
2020-02-11,103.95,104.3,103.74,104.21,10277109.0
2020-02-12,104.6,104.84,103.92,104.34,4705691.0
2020-02-13,103.96,104.28,103.64,103.85,4778509.0
2020-02-14,103.96,104.0,103.42,103.93,5114244.0
2020-02-18,103.93,104.06,103.22,103.56,8409262.0
2020-02-19,103.83,104.19,103.73,104.04,6427863.0
2020-02-20,103.8,103.9,102.43,103.37,8080943.0
2020-02-21,102.97,103.53,102.61,103.43,6510864.0
2020-02-24,100.93,101.61,99.69,100.17,16284584.0
2020-02-25,100.53,100.75,96.79,97.13,20301851.0
2020-02-26,97.67,98.82,96.91,97.12,13721649.0
2020-02-27,96.07,97.34,93.8,93.82,22047900.0
2020-02-28,91.35,92.66,89.98,92.61,27751750.0
2020-03-02,92.64,97.1,92.32,96.95,22359393.0
2020-03-03,97.19,98.89,93.27,94.54,33385475.0
2020-03-04,97.38,100.15,97.18,99.99,26419021.0
2020-03-05,97.85,99.19,96.56,97.67,17873011.0
2020-03-06,94.99,97.5,94.6,97.15,17917672.0
2020-03-09,91.39,94.28,90.01,92.1,21968483.0
2020-03-10,94.76,95.42,90.94,95.26,26473553.0
2020-03-11,93.01,93.67,90.45,91.62,23217955.0
2020-03-12,86.01,89.73,82.9,84.78,20650836.0
2020-03-13,88.72,90.9,84.16,90.66,29162790.0
2020-03-16,82.52,87.05,80.67,81.72,21474783.0
2020-03-17,83.41,87.55,82.35,86.85,27899728.0
2020-03-18,82.4,85.3,79.92,83.97,28931012.0
2020-03-19,83.03,84.26,81.33,82.25,27121077.0
2020-03-20,82.96,83.81,78.64,79.09,22004958.0
2020-03-23,78.2,78.31,73.54,74.62,33633216.0
2020-03-24,78.15,80.53,77.57,80.37,16775768.0
2020-03-25,79.84,84.09,78.87,81.44,16851812.0
2020-03-26,82.17,87.31,82.01,86.85,18822472.0
2020-03-27,84.34,87.23,84.28,84.99,13043205.0
2020-03-30,86.52,89.14,86.51,88.97,13766707.0
2020-03-31,89.05,89.53,87.64,88.58,13585922.0
2020-04-01,85.62,86.39,84.39,85.21,15255426.0
2020-04-02,84.78,87.77,83.93,87.57,13588005.0
2020-04-03,87.29,88.12,85.8,86.78,12934360.0
2020-04-06,89.54,91.85,89.14,91.33,13472925.0
2020-04-07,93.65,93.82,90.49,90.58,16699512.0
2020-04-08,91.36,94.86,90.22,94.31,32624372.0
2020-04-09,95.17,95.35,93.97,94.83,12983196.0
2020-04-13,94.49,94.82,92.66,94.0,9606595.0
2020-04-14,95.84,97.47,95.52,97.12,12830797.0
2020-04-15,95.83,97.19,95.29,96.62,11019107.0
2020-04-16,97.34,98.97,97.03,98.73,11331585.0
2020-04-17,101.13,101.13,99.39,100.78,11504675.0
2020-04-20,99.82,101.41,99.71,99.98,10558302.0
2020-04-21,98.27,98.83,96.62,96.94,9291372.0
2020-04-22,98.35,99.03,97.74,98.42,11994391.0
2020-04-23,98.94,100.49,98.74,98.96,16013259.0
2020-04-24,99.56,100.49,98.94,100.29,7853512.0
2020-04-27,100.99,102.01,100.83,101.58,8022181.0
2020-04-28,102.26,102.26,99.41,99.53,11517616.0
2020-04-29,101.06,101.06,99.54,100.19,9939877.0
2020-04-30,99.76,100.38,99.21,99.73,12768942.0
2020-05-01,98.59,98.77,96.95,97.83,10101976.0
2020-05-04,97.53,98.0,96.89,97.78,8991272.0
2020-05-05,98.64,100.61,98.39,99.9,11498428.0
2020-05-06,100.42,100.49,98.86,98.91,9493189.0
2020-05-07,99.92,99.93,98.78,98.9,9454429.0
2020-05-08,99.96,100.0,99.11,99.41,10374531.0
2020-05-11,99.0,101.38,99.0,101.12,15115448.0
2020-05-12,101.71,101.8,99.57,99.58,18471031.0
2020-05-13,99.45,100.22,97.71,98.5,12667228.0
2020-05-14,97.59,99.63,97.57,99.58,12021392.0
2020-05-15,99.3,100.51,99.07,100.42,15170168.0
2020-05-18,102.3,102.77,101.19,101.25,10557491.0
2020-05-19,100.93,101.44,100.02,100.03,10561441.0
2020-05-20,100.79,101.17,99.92,100.15,10058217.0
2020-05-21,99.87,99.93,98.83,99.41,12259521.0
2020-05-22,99.42,99.7,98.9,99.62,10233264.0
2020-05-26,101.19,101.28,99.28,99.44,10829204.0
2020-05-27,99.58,100.47,98.07,100.47,15551897.0
2020-05-28,101.29,102.8,101.26,101.78,11708855.0
2020-05-29,102.22,103.23,100.69,103.01,19057044.0
2020-06-01,102.36,102.48,101.35,101.99,8436318.0
2020-06-02,102.03,102.63,101.42,102.58,13162282.0
2020-06-03,102.88,102.98,101.94,102.38,10020912.0
2020-06-04,101.76,102.47,100.92,101.57,10848323.0
2020-06-05,102.21,104.04,101.68,103.21,14579765.0
2020-06-08,102.8,103.96,102.55,103.92,8191341.0
2020-06-09,103.71,104.22,102.72,102.84,10371107.0
2020-06-10,103.18,103.52,102.23,102.68,10519660.0
2020-06-11,101.79,101.98,96.63,96.97,39561933.0
2020-06-12,99.0,99.32,95.92,97.6,19397191.0
2020-06-15,96.14,98.38,95.42,97.82,14522109.0
2020-06-16,100.12,100.87,98.58,100.23,13272884.0
2020-06-17,100.73,100.91,99.78,100.13,9086302.0
2020-06-18,99.56,100.02,99.16,99.79,7115232.0
2020-06-19,100.93,101.34,99.71,100.75,12176999.0
2020-06-22,99.91,100.08,98.91,99.94,6889370.0
2020-06-23,100.63,101.23,100.18,100.37,5369897.0
2020-06-24,99.62,99.82,97.04,97.75,15739714.0
2020-06-25,97.66,98.83,96.84,98.71,10506729.0
2020-06-26,98.53,98.78,97.04,97.51,16631435.0
2020-06-29,98.28,98.57,97.52,98.39,7490228.0
2020-06-30,98.42,100.6,98.13,100.07,9182991.0
2020-07-01,100.54,101.26,99.91,100.84,10933146.0
2020-07-02,101.73,102.18,101.38,101.6,6502376.0
2020-07-06,102.77,103.22,102.14,102.63,6374838.0
2020-07-07,101.88,102.97,101.6,101.74,5913221.0
2020-07-08,102.09,102.4,101.07,101.75,5624902.0
2020-07-09,101.64,102.02,99.68,100.95,10522107.0
2020-07-10,101.03,101.13,99.97,100.71,10502651.0
2020-07-13,101.29,103.15,101.02,101.28,10167371.0
2020-07-14,101.04,103.46,100.85,103.29,10890203.0
2020-07-15,104.05,104.93,103.83,104.63,9606981.0
2020-07-16,104.53,104.54,103.72,104.46,6412217.0
2020-07-17,105.01,106.25,104.86,105.89,7548607.0
2020-07-20,106.13,106.49,105.52,105.87,6776331.0
2020-07-21,106.23,106.63,105.58,105.8,7458616.0
2020-07-22,106.28,106.93,105.73,106.75,5648685.0
2020-07-23,107.09,107.53,105.92,106.27,6970160.0
2020-07-24,106.1,106.16,104.43,105.1,6240965.0
2020-07-27,105.06,106.16,104.73,105.89,5934214.0
2020-07-28,105.94,106.47,105.57,105.77,6239393.0
2020-07-29,106.01,107.31,105.94,106.88,5449855.0
2020-07-30,105.85,106.32,105.0,106.14,5349164.0
2020-07-31,105.81,106.1,104.15,105.53,6920437.0
2020-08-03,106.19,106.97,106.0,106.62,8811926.0
2020-08-04,106.38,106.63,105.49,106.15,6092927.0
2020-08-05,106.73,106.83,106.37,106.64,4407041.0
2020-08-06,106.51,106.96,105.3,106.07,5369860.0
2020-08-07,105.96,106.43,105.66,106.41,4274009.0
2020-08-10,106.43,106.52,105.77,106.05,4640201.0
2020-08-11,106.64,106.74,105.13,105.38,8115926.0
2020-08-12,105.95,107.49,105.91,107.15,8205475.0
2020-08-13,107.02,107.12,106.29,107.01,5323297.0
2020-08-14,106.81,107.28,106.39,106.8,3826241.0
2020-08-17,106.99,107.84,106.94,107.43,4610265.0
2020-08-18,107.65,107.83,106.84,107.4,4220527.0
2020-08-19,107.5,107.8,106.82,107.05,6308081.0
2020-08-20,106.58,106.95,106.43,106.71,4938320.0
2020-08-21,106.54,106.96,105.99,106.82,6466753.0
2020-08-24,107.33,107.37,105.68,106.33,6363195.0
2020-08-25,106.87,107.09,106.46,107.05,5096537.0
2020-08-26,106.83,107.04,105.77,106.92,6995307.0
2020-08-27,107.1,108.26,106.34,107.76,7775548.0
2020-08-28,108.06,108.06,107.2,108.0,5159655.0
2020-08-31,107.77,108.78,107.68,108.26,6721123.0
2020-09-01,108.12,108.29,106.64,107.29,10999335.0
2020-09-02,107.39,109.73,106.94,109.44,8495835.0
2020-09-03,109.58,109.74,105.69,106.46,13337297.0
2020-09-04,106.83,107.02,104.41,105.7,14715567.0
2020-09-08,105.53,105.57,103.67,103.96,9660439.0
2020-09-09,104.74,106.67,104.72,105.8,8200986.0
2020-09-10,106.1,106.1,103.9,104.18,9186165.0
2020-09-11,104.67,105.09,103.79,104.59,8764261.0
2020-09-14,105.44,106.66,105.23,106.09,5847273.0
2020-09-15,106.64,107.08,105.96,106.23,5580462.0
2020-09-16,106.8,107.01,105.93,106.05,7193286.0
2020-09-17,105.07,106.06,104.73,105.7,7597328.0
2020-09-18,105.83,106.22,104.56,105.54,8649331.0
2020-09-21,103.72,103.72,101.74,103.18,8783015.0
2020-09-22,103.01,103.28,102.03,102.96,7833370.0
2020-09-23,103.39,103.43,101.8,101.9,7682189.0
2020-09-24,101.54,101.9,100.77,101.39,8434730.0
2020-09-25,101.04,103.3,100.93,103.02,6768989.0
2020-09-28,104.01,104.76,103.75,103.95,6511074.0
2020-09-29,104.13,104.66,103.41,103.82,5402704.0
2020-09-30,104.14,106.33,104.12,105.48,7565471.0
2020-10-01,105.97,106.4,104.67,105.12,9113225.0
2020-10-02,104.12,105.21,103.71,104.16,8628770.0
2020-10-05,104.91,106.41,104.88,106.3,6661164.0
2020-10-06,106.6,106.66,104.79,104.89,7747566.0
2020-10-07,105.63,107.2,105.61,106.87,7873212.0
2020-10-08,107.49,107.74,107.16,107.39,5942676.0
2020-10-09,107.99,108.68,107.71,108.36,5636283.0
2020-10-12,108.85,109.53,108.49,109.1,5065127.0
2020-10-13,108.45,109.02,107.99,108.27,6773592.0
2020-10-14,108.23,108.68,107.3,107.64,5999895.0
2020-10-15,106.31,107.06,106.13,106.86,6197773.0
2020-10-16,107.21,108.72,107.17,107.92,7462098.0
2020-10-19,108.2,108.53,105.85,106.21,8308906.0
2020-10-20,106.59,107.23,106.17,106.35,7423744.0
2020-10-21,106.34,106.64,105.57,105.82,5474401.0
2020-10-22,105.97,107.61,105.96,107.42,6127112.0
2020-10-23,107.96,108.6,107.21,107.82,5697874.0
2020-10-26,106.95,107.08,105.6,106.62,8135488.0
2020-10-27,106.23,106.76,105.83,105.89,6893116.0
2020-10-28,104.14,104.77,102.4,102.53,11431816.0
2020-10-29,102.46,102.91,101.06,101.69,15974243.0
2020-10-30,101.56,102.16,100.31,101.66,10741670.0
2020-11-02,103.16,103.73,102.41,103.49,10287508.0
2020-11-03,104.76,106.14,104.68,105.0,9812871.0
2020-11-04,107.99,111.42,107.78,109.66,25531475.0
2020-11-05,111.17,111.25,109.68,109.88,12864808.0
2020-11-06,110.0,110.67,109.21,109.92,12311222.0
2020-11-09,113.92,114.41,110.81,110.95,20442968.0
2020-11-10,111.46,111.67,110.07,111.27,12526540.0
2020-11-11,112.16,112.16,110.59,111.13,9935420.0
2020-11-12,110.92,111.36,109.98,110.72,7856407.0
2020-11-13,111.27,112.55,111.07,112.12,6576891.0
2020-11-16,113.01,113.19,111.37,111.93,7586032.0
2020-11-17,111.36,111.61,110.67,111.2,8898284.0
2020-11-18,111.44,111.48,109.1,109.13,9849992.0
2020-11-19,109.13,109.22,108.24,109.05,10411029.0
2020-11-20,108.8,109.31,108.42,108.8,7674538.0
2020-11-23,109.34,109.4,107.84,108.52,7747820.0
2020-11-24,109.05,109.58,108.47,108.84,9616222.0
2020-11-25,108.97,109.05,107.99,108.44,11671834.0
2020-11-27,108.88,109.52,108.53,109.44,4443906.0
2020-11-30,109.48,109.84,108.9,109.74,12723443.0
2020-12-01,110.8,111.86,110.47,110.66,12682367.0
2020-12-02,110.74,111.68,110.67,111.49,8552381.0
2020-12-03,111.45,111.79,110.87,111.35,9795704.0
2020-12-04,111.39,112.56,111.25,112.54,7859687.0
2020-12-07,112.42,112.52,111.44,111.85,5803278.0
2020-12-08,111.58,112.79,111.54,112.7,7953249.0
2020-12-09,113.15,113.16,111.81,112.31,7386434.0
2020-12-10,112.29,112.74,111.89,112.12,5410980.0
2020-12-11,111.66,111.93,110.91,111.68,5222420.0
2020-12-14,112.53,113.09,110.77,110.84,8469358.0
2020-12-15,111.61,112.28,111.02,112.04,5007547.0
2020-12-16,111.94,112.34,111.23,111.71,5355406.0
2020-12-17,111.89,112.98,111.88,112.91,4263673.0
2020-12-18,113.02,113.27,111.79,113.0,7877006.0
2020-12-21,110.87,111.51,109.36,111.41,6129646.0
2020-12-22,111.21,111.47,110.44,111.07,13105355.0
2020-12-23,111.46,111.97,111.07,111.15,3920706.0
2020-12-24,111.2,111.68,111.05,111.47,1674691.0
2020-12-28,112.05,112.3,111.45,111.75,4390191.0
2020-12-29,112.27,112.79,111.9,112.28,5053353.0
2020-12-30,112.51,112.89,112.14,112.26,3563990.0
2020-12-31,112.27,113.62,111.9,113.44,5581249.0
2021-01-04,113.88,113.9,111.11,112.95,12911811.0
2021-01-05,112.75,114.16,112.27,113.77,11081890.0
2021-01-06,112.18,115.63,112.18,115.33,17833706.0
2021-01-07,115.48,117.0,115.3,116.83,12407317.0
2021-01-08,117.04,117.91,116.28,117.39,9350781.0
2021-01-11,117.42,118.13,117.27,117.94,6428554.0
2021-01-12,117.71,117.84,116.13,116.66,9225459.0
2021-01-13,116.6,117.38,116.17,116.98,5259556.0
2021-01-14,117.17,117.61,116.47,116.61,5792315.0
2021-01-15,116.29,117.24,115.83,116.97,10335242.0
2021-01-19,117.9,118.23,117.23,117.85,6194450.0
2021-01-20,118.05,118.69,117.34,118.5,6871999.0
2021-01-21,118.35,118.47,117.54,117.94,5796233.0
2021-01-22,117.59,118.25,117.44,117.59,4796466.0
2021-01-25,117.66,118.43,117.42,118.36,6962045.0
2021-01-26,118.7,118.99,117.86,117.92,5504027.0
2021-01-27,116.62,116.62,114.05,114.34,13097040.0
2021-01-28,115.31,117.47,115.09,116.01,12626273.0
2021-01-29,115.84,116.66,114.1,115.03,10462743.0
2021-02-01,115.97,116.35,115.29,115.47,10105262.0
2021-02-02,116.38,116.95,115.77,115.8,11515727.0
2021-02-03,115.8,115.86,114.61,114.98,11280266.0
2021-02-04,114.98,115.93,114.73,115.46,8451583.0
2021-02-05,116.25,116.43,115.39,115.67,5557076.0
2021-02-08,116.08,116.24,115.47,115.81,6956728.0
2021-02-09,115.8,116.08,115.69,115.98,4730313.0
2021-02-10,116.82,116.85,115.78,116.19,5406420.0
2021-02-11,116.6,116.7,115.86,116.41,4683971.0
2021-02-12,116.18,117.41,116.03,117.28,6345295.0
2021-02-16,117.43,117.54,115.74,116.12,9531893.0
2021-02-17,115.74,116.6,115.61,116.54,5025583.0
2021-02-18,115.97,116.28,115.33,115.81,7756644.0
2021-02-19,115.9,115.99,114.31,114.41,9390773.0
2021-02-22,113.86,114.49,113.11,114.14,7213401.0
2021-02-23,114.06,114.76,113.42,113.95,8731544.0
2021-02-24,114.08,115.36,113.72,114.74,9842009.0
2021-02-25,114.58,115.04,113.01,113.59,14494847.0
2021-02-26,113.99,113.99,112.32,112.61,14687164.0
2021-03-01,113.53,114.61,113.5,114.08,7361855.0
2021-03-02,114.32,114.59,113.64,113.75,8456128.0
2021-03-03,113.33,113.45,112.05,112.31,14946770.0
2021-03-04,112.06,112.8,109.93,110.8,23441748.0
2021-03-05,111.45,113.38,110.55,113.02,15645239.0
2021-03-08,113.11,114.53,112.6,112.74,12691821.0
2021-03-09,113.57,115.2,113.35,113.4,11022343.0
2021-03-10,114.15,114.8,113.62,113.66,11641102.0
2021-03-11,114.05,114.98,113.89,114.35,6549499.0
2021-03-12,114.11,114.76,113.93,114.6,7452438.0
2021-03-15,114.39,115.42,114.26,115.39,7119410.0
2021-03-16,115.51,115.72,114.9,115.32,8618552.0
2021-03-17,114.82,115.47,114.21,114.9,7524923.0
2021-03-18,114.37,115.6,114.32,114.66,8553350.0
2021-03-19,114.78,115.75,114.2,115.07,12595940.0
2021-03-22,114.6,115.75,114.03,115.67,6156842.0
2021-03-23,115.53,115.72,114.21,114.5,9170522.0
2021-03-24,114.56,115.25,114.33,114.37,12647014.0
2021-03-25,114.54,115.07,113.35,114.85,11505266.0
2021-03-26,115.14,117.17,114.83,117.02,8286505.0
2021-03-29,116.55,117.97,116.51,117.57,8959005.0
2021-03-30,117.25,117.25,116.24,116.51,6865742.0
2021-03-31,116.76,117.45,116.56,116.74,8504094.0
2021-04-01,116.93,117.04,116.02,116.39,6676369.0
2021-04-05,116.98,117.56,116.79,117.2,7190918.0
2021-04-06,117.35,117.69,116.58,116.75,5206716.0
2021-04-07,116.68,117.08,116.19,116.49,5753273.0
2021-04-08,116.83,117.18,116.51,116.67,4292455.0
2021-04-09,116.74,118.02,116.67,117.95,5919162.0
2021-04-12,117.78,118.31,117.65,118.07,8279707.0
2021-04-13,117.7,118.89,117.59,118.56,6519617.0
2021-04-14,118.42,119.03,118.33,118.55,6226675.0
2021-04-15,119.02,120.93,119.02,120.58,8438303.0
2021-04-16,121.2,121.61,120.78,121.48,7447536.0
2021-04-19,121.25,121.54,120.89,121.51,7094305.0
2021-04-20,120.95,122.29,120.95,121.98,8063897.0
2021-04-21,122.36,123.49,122.3,123.42,9635877.0
2021-04-22,123.32,123.6,122.4,122.87,10030936.0
2021-04-23,122.81,123.96,122.55,123.68,4975346.0
2021-04-26,123.61,123.62,123.03,123.26,6907131.0
2021-04-27,122.95,122.97,122.35,122.55,7034730.0
2021-04-28,122.35,122.49,121.96,122.18,6788235.0
2021-04-29,122.31,122.34,121.03,121.69,8148869.0
2021-04-30,121.21,121.92,121.11,121.33,7153422.0
2021-05-03,121.99,122.84,121.82,122.71,13179071.0
2021-05-04,122.53,122.93,122.0,122.84,16186498.0
2021-05-05,123.01,123.44,122.41,123.06,16625830.0
2021-05-06,122.36,123.23,121.73,123.22,16114981.0
2021-05-07,123.51,124.72,123.46,124.07,7576917.0
2021-05-10,124.52,125.19,124.18,124.23,8846741.0
2021-05-11,123.58,124.1,122.61,122.89,11357836.0
2021-05-12,122.23,122.84,121.61,121.73,10946457.0
2021-05-13,121.95,123.39,121.76,122.83,11228009.0
2021-05-14,123.54,123.86,123.14,123.45,6590493.0
2021-05-17,123.31,123.88,123.14,123.22,5997915.0
2021-05-18,123.18,123.97,122.77,123.26,9201952.0
2021-05-19,122.46,123.13,121.59,123.05,10063161.0
2021-05-20,123.01,124.87,123.01,124.34,7522727.0
2021-05-21,124.75,125.66,124.26,124.36,8423300.0
2021-05-24,125.0,125.25,124.43,124.48,4958873.0
2021-05-25,124.66,124.67,123.97,124.11,6798493.0
2021-05-26,124.08,124.12,122.86,123.39,6848847.0
2021-05-27,123.65,123.75,123.05,123.12,8103209.0
2021-05-28,123.59,124.61,123.52,123.6,10059940.0
2021-06-01,123.75,123.79,121.47,121.57,13368331.0
2021-06-02,121.68,121.99,121.04,121.33,13245071.0
2021-06-03,120.88,122.02,120.61,121.7,13244609.0
2021-06-04,122.34,122.7,121.95,122.09,11229016.0
2021-06-07,122.39,123.61,122.18,122.53,13978496.0
2021-06-08,122.83,122.9,121.21,122.15,10799556.0
2021-06-09,122.46,123.54,122.46,123.33,7965618.0
2021-06-10,123.63,125.58,123.58,125.44,9350874.0
2021-06-11,125.25,125.31,123.92,124.55,6958093.0
2021-06-14,124.48,124.68,123.78,124.66,5155991.0
2021-06-15,124.79,124.98,124.17,124.7,5409192.0
2021-06-16,124.83,125.46,123.87,124.22,11653343.0
2021-06-17,124.0,125.5,123.98,125.17,6527291.0
2021-06-18,124.24,124.41,123.57,123.74,11152652.0
2021-06-21,123.65,124.97,123.2,124.74,6655407.0
2021-06-22,124.82,125.18,124.4,125.01,7194053.0
2021-06-23,124.84,125.13,124.44,124.49,6506579.0
2021-06-24,125.22,126.01,124.99,125.13,7029228.0
2021-06-25,125.08,126.08,125.01,125.7,8344223.0
2021-06-28,125.83,126.05,125.41,125.89,4631451.0
2021-06-29,125.9,126.42,125.74,126.03,6165555.0
2021-06-30,125.9,126.21,125.47,125.95,8542687.0
2021-07-01,126.04,127.16,125.99,127.07,12020983.0
2021-07-02,127.23,128.41,127.01,128.29,12328134.0
2021-07-06,127.91,128.18,127.26,128.17,11413300.0
2021-07-07,128.18,128.98,127.71,128.98,18435650.0
2021-07-08,127.78,128.37,127.11,128.27,8386584.0
2021-07-09,128.73,129.1,128.42,128.71,5224302.0
2021-07-12,128.71,129.6,128.61,128.96,9097975.0
2021-07-13,128.8,129.26,128.53,128.84,9698814.0
2021-07-14,129.13,129.24,128.49,128.72,7487030.0
2021-07-15,128.03,128.59,127.48,128.27,8750949.0
2021-07-16,128.6,129.09,128.18,128.62,6511034.0
2021-07-19,127.78,128.39,126.23,127.27,19460594.0
2021-07-20,127.68,129.55,127.68,128.82,15053906.0
2021-07-21,129.34,129.38,127.64,129.03,8295729.0
2021-07-22,129.14,129.98,128.79,129.98,9261132.0
2021-07-23,130.53,131.61,130.37,131.48,8303834.0
2021-07-26,131.11,131.49,130.2,130.63,6626516.0
2021-07-27,130.45,131.24,130.1,131.24,9551785.0
2021-07-28,131.05,132.09,130.72,131.71,7432563.0
2021-07-29,132.14,132.23,131.64,132.03,5662818.0
2021-07-30,131.81,132.63,131.63,132.15,6634362.0
2021-08-02,132.67,132.85,131.94,132.33,8366436.0
2021-08-03,132.39,134.21,132.3,134.17,7701800.0
2021-08-04,133.65,134.47,133.43,133.6,8322214.0
2021-08-05,133.5,133.52,132.04,133.05,8240873.0
2021-08-06,132.99,133.11,132.09,132.94,6923733.0
2021-08-09,133.13,133.7,133.03,133.45,9852525.0
2021-08-10,133.52,133.79,132.63,133.14,5832607.0
2021-08-11,133.35,133.56,131.71,131.82,14512544.0
2021-08-12,131.95,132.97,131.86,132.86,8220335.0
2021-08-13,133.19,133.72,133.03,133.69,7923108.0
2021-08-16,133.69,135.23,133.23,135.21,8404315.0
2021-08-17,134.85,136.81,134.78,136.81,13874827.0
2021-08-18,136.63,136.78,134.65,134.73,12427698.0
2021-08-19,133.84,136.04,133.8,135.34,11669503.0
2021-08-20,135.47,136.52,135.0,136.11,7252909.0
2021-08-23,136.88,136.98,136.12,136.16,8471263.0
2021-08-24,136.16,136.18,135.29,135.68,6548195.0
2021-08-25,135.55,135.62,134.75,135.31,6918537.0
2021-08-26,135.39,135.69,134.52,134.78,5972119.0
2021-08-27,135.08,135.45,134.41,134.63,8679232.0
2021-08-30,134.51,135.88,134.5,135.39,6417153.0
2021-08-31,135.42,136.05,134.73,135.21,9299100.0
2021-09-01,135.32,135.44,133.97,135.25,10571193.0
2021-09-02,135.75,136.72,135.6,136.7,6848211.0
2021-09-03,136.56,137.04,135.91,136.85,5632771.0
2021-09-07,136.34,136.56,135.16,136.05,8739238.0
2021-09-08,135.78,136.21,135.42,135.99,6986150.0
2021-09-09,135.8,136.11,134.34,134.42,8905636.0
2021-09-10,134.9,135.02,133.12,133.19,10561623.0
2021-09-13,133.89,133.97,131.7,132.37,11676713.0
2021-09-14,132.99,133.3,132.12,132.35,10436274.0
2021-09-15,132.18,133.83,131.98,133.21,10299867.0
2021-09-16,133.38,133.63,131.96,132.87,10525706.0
2021-09-17,132.76,133.11,132.13,133.0,13541430.0
2021-09-20,131.03,132.32,130.01,131.15,17245017.0
2021-09-21,131.75,132.7,131.33,131.35,11741913.0
2021-09-22,131.74,132.23,130.94,131.57,11964144.0
2021-09-23,131.87,133.29,131.77,132.52,10366547.0
2021-09-24,132.3,132.79,131.7,131.98,6962579.0
2021-09-27,131.6,131.76,129.82,130.1,11631377.0
2021-09-28,129.27,129.27,127.43,127.87,17433739.0
2021-09-29,128.44,129.48,128.18,128.88,11171392.0
2021-09-30,129.31,130.12,127.19,127.3,21653745.0
2021-10-01,127.47,127.93,125.28,127.33,23188944.0
2021-10-04,126.81,127.46,124.76,125.39,27580669.0
2021-10-05,125.9,127.42,125.73,126.14,19152027.0
2021-10-06,125.44,126.02,124.5,125.91,21322290.0
2021-10-07,126.78,128.4,126.54,127.58,15806657.0
2021-10-08,127.76,128.0,126.68,126.94,9552253.0
2021-10-11,126.83,127.5,125.91,125.95,7843732.0
2021-10-12,126.35,126.48,125.03,125.34,13007521.0
2021-10-13,125.55,126.11,124.77,125.54,10610423.0
2021-10-14,126.84,127.84,126.84,127.34,8857911.0
2021-10-15,128.0,128.55,127.73,127.97,8976053.0
2021-10-18,127.41,127.54,126.55,127.1,11660799.0
2021-10-19,127.79,129.1,127.79,128.77,9486966.0
2021-10-20,129.54,130.8,129.42,130.61,13665717.0
2021-10-21,130.88,131.22,129.93,131.14,8267518.0
2021-10-22,131.02,131.72,130.82,131.67,8009739.0
2021-10-25,131.73,131.97,130.71,131.83,10629842.0
2021-10-26,132.13,132.86,131.41,132.48,9271663.0
2021-10-27,132.69,132.83,131.39,131.43,11851449.0
2021-10-28,131.67,133.04,131.66,132.53,9282753.0
2021-10-29,132.36,133.99,131.85,133.82,15415091.0
2021-11-01,133.94,134.49,133.15,133.66,14356751.0
2021-11-02,134.18,135.16,133.01,134.5,20851468.0
2021-11-03,134.24,135.34,133.74,135.29,14610094.0
2021-11-04,134.98,135.19,133.43,134.36,15818549.0
2021-11-05,133.15,133.7,131.9,132.86,14867391.0
2021-11-08,133.1,133.82,132.58,133.65,8948840.0
2021-11-09,133.69,133.81,132.9,133.16,7287021.0
2021-11-10,133.12,134.08,133.1,133.54,8445219.0
2021-11-11,133.52,133.61,132.83,133.15,8597304.0
2021-11-12,134.0,134.12,133.07,133.81,8317641.0
2021-11-15,134.12,134.19,132.85,132.98,6268910.0
2021-11-16,132.95,134.26,132.72,133.54,6150892.0
2021-11-17,133.69,134.25,133.11,133.73,8229054.0
2021-11-18,133.87,134.12,133.32,133.78,9029418.0
2021-11-19,134.18,134.63,132.85,132.97,10166202.0
2021-11-22,133.16,133.62,132.2,132.37,11146204.0
2021-11-23,131.75,132.65,131.35,132.51,12075241.0
2021-11-24,132.26,132.7,131.8,132.46,6760796.0
2021-11-26,132.94,133.72,131.51,131.97,11896923.0
2021-11-29,132.69,133.22,132.19,132.33,17137200.0
2021-11-30,131.57,132.17,129.54,129.73,19467132.0
2021-12-01,130.35,132.09,129.48,129.5,22241709.0
2021-12-02,129.46,130.66,128.84,130.13,17531246.0
2021-12-03,131.04,131.54,129.29,130.37,22111856.0
2021-12-06,130.71,131.68,130.51,131.11,15230869.0
2021-12-07,132.0,133.12,131.82,132.8,11974712.0
2021-12-08,133.18,133.89,132.51,133.8,15144681.0
2021-12-09,133.67,134.55,133.57,134.11,9095914.0
2021-12-10,133.76,134.86,133.7,134.58,8554302.0
2021-12-13,134.58,136.23,134.58,135.85,12201839.0
2021-12-14,135.22,136.01,134.63,135.3,11070804.0
2021-12-15,135.59,138.14,135.47,138.07,14996251.0
2021-12-16,138.06,139.59,137.81,138.89,19227482.0
2021-12-17,138.19,139.04,137.38,137.92,21505772.0
2021-12-20,137.11,137.53,135.38,136.56,16185740.0
2021-12-21,136.95,137.19,135.68,137.13,10773365.0
2021-12-22,137.06,138.81,136.82,138.73,7245983.0
2021-12-23,139.09,139.75,138.68,139.3,7743780.0
2021-12-27,139.8,140.77,139.65,140.77,6969387.0
2021-12-28,140.9,141.15,140.03,140.4,6066669.0
2021-12-29,140.26,141.49,140.16,141.2,7103573.0
2021-12-30,141.46,141.97,141.31,141.49,7931674.0
2021-12-31,141.32,141.86,140.84,140.89,7882794.0
2022-01-03,140.29,140.55,138.24,139.44,15122472.0
2022-01-04,139.13,139.29,137.01,137.6,13718254.0
2022-01-05,137.9,138.73,136.57,136.62,15370687.0
2022-01-06,135.77,136.6,134.8,135.04,15181986.0
2022-01-07,134.72,134.97,134.07,134.35,9619354.0
2022-01-10,133.76,135.81,133.44,135.73,15589881.0
2022-01-11,135.93,136.83,135.0,136.81,12168273.0
2022-01-12,136.03,136.63,135.83,136.42,10831825.0
2022-01-13,136.18,136.35,134.06,134.3,13804867.0
2022-01-14,133.94,134.21,132.69,134.07,14341860.0
2022-01-18,132.75,132.96,131.85,132.19,16471761.0
2022-01-19,132.44,133.48,131.52,131.65,14639582.0
2022-01-20,131.97,133.32,130.71,130.79,15127778.0
2022-01-21,131.19,131.6,129.26,129.47,25804772.0
2022-01-24,128.3,129.26,124.92,129.04,37986741.0
2022-01-25,127.33,129.31,126.27,128.21,19326773.0
2022-01-26,128.42,129.58,126.54,127.54,29557376.0
2022-01-27,128.16,129.84,127.45,127.87,18489082.0
2022-01-28,127.76,130.53,126.86,130.48,20906755.0
2022-01-31,130.24,131.47,129.98,131.23,19044360.0
2022-02-01,131.7,131.82,130.53,131.58,14674817.0
2022-02-02,131.49,133.67,131.22,133.35,13595217.0
2022-02-03,133.17,133.28,132.53,132.78,13805709.0
2022-02-04,131.57,133.23,131.33,132.3,12004325.0
2022-02-07,132.35,132.81,131.7,132.07,9229161.0
2022-02-08,131.37,133.38,131.07,133.15,11071565.0
2022-02-09,133.79,134.46,133.65,134.18,10811034.0
2022-02-10,132.63,133.79,131.56,132.08,14393345.0
2022-02-11,131.9,132.9,130.09,130.25,13072313.0
2022-02-14,129.98,130.23,127.95,128.92,14386969.0
2022-02-15,130.04,130.88,129.71,130.37,8969944.0
2022-02-16,129.7,130.94,129.34,130.57,8779207.0
2022-02-17,130.04,130.11,128.28,128.47,11906813.0
2022-02-18,128.35,129.04,127.08,127.51,13505608.0
2022-02-22,127.06,128.23,126.34,127.19,13682107.0
2022-02-23,127.84,128.28,126.43,126.55,12022840.0
2022-02-24,124.29,127.32,124.06,127.06,23220097.0
2022-02-25,127.63,131.27,127.49,130.95,17012274.0
2022-02-28,128.85,130.11,128.45,129.96,17987714.0
2022-03-01,129.28,130.34,128.24,129.24,14064394.0
2022-03-02,129.81,131.9,129.64,131.19,12395631.0
2022-03-03,131.77,132.63,130.74,131.86,11172608.0
2022-03-04,130.53,132.64,130.14,132.52,12160672.0
2022-03-07,131.69,131.94,129.62,130.21,15703953.0
2022-03-08,129.35,130.31,127.47,127.55,21794622.0
2022-03-09,129.63,130.63,128.67,129.96,15576472.0
2022-03-10,128.39,130.19,128.25,129.91,10708939.0
2022-03-11,130.26,131.02,128.81,128.94,9869161.0
2022-03-14,129.98,131.72,129.47,129.85,14373221.0
2022-03-15,130.9,132.58,130.68,132.44,14374061.0
2022-03-16,133.11,134.05,131.75,134.03,13840385.0
2022-03-17,133.64,136.21,133.46,136.15,10973125.0
2022-03-18,136.07,137.16,135.66,136.99,11364223.0
2022-03-21,136.5,137.67,135.82,136.46,11473090.0
2022-03-22,136.6,136.79,135.99,136.49,8892191.0
2022-03-23,135.84,136.09,134.0,134.04,10013480.0
2022-03-24,134.54,135.64,134.25,135.64,7189377.0
2022-03-25,136.1,136.5,135.23,136.27,7040191.0
2022-03-28,136.5,137.3,136.01,137.26,8466953.0
2022-03-29,138.4,138.95,137.25,138.07,12327806.0
2022-03-30,138.09,138.89,137.64,138.34,10752953.0
2022-03-31,138.05,138.81,136.75,136.99,15843211.0
2022-04-01,137.37,138.12,136.45,138.07,20785728.0
2022-04-04,137.76,138.0,136.6,136.92,16769479.0
2022-04-05,136.57,138.84,136.5,137.21,15025053.0
2022-04-06,136.86,139.63,136.77,139.3,23197763.0
2022-04-07,138.8,142.34,138.8,141.98,18160182.0
2022-04-08,141.99,143.42,141.78,142.83,19102690.0
2022-04-11,142.42,143.0,139.78,139.99,16570651.0
2022-04-12,139.64,140.46,138.03,138.63,14085400.0
2022-04-13,138.62,139.45,137.9,139.31,15496408.0
2022-04-14,139.44,140.15,138.54,138.64,10993551.0
2022-04-18,138.5,138.82,136.53,137.11,10125007.0
2022-04-19,137.47,138.91,137.42,138.42,11733062.0
2022-04-20,138.8,140.82,138.64,140.28,13674762.0
2022-04-21,140.67,140.83,138.42,138.73,11409874.0
2022-04-22,137.48,137.52,133.53,133.67,17525347.0
2022-04-25,133.28,134.86,131.78,134.57,16501856.0
2022-04-26,133.76,134.48,132.01,132.2,20087676.0
2022-04-27,132.18,133.25,131.26,131.91,16726731.0
2022-04-28,132.84,134.17,131.61,133.73,15510666.0
2022-04-29,132.43,133.12,130.09,130.29,17430156.0
2022-05-02,130.18,130.91,127.38,129.48,23615284.0
2022-05-03,129.88,131.14,129.43,129.89,13585497.0
2022-05-04,129.68,133.25,128.59,132.77,19053548.0
2022-05-05,132.12,132.26,128.85,130.19,16119817.0
2022-05-06,128.93,130.14,128.27,129.78,21742337.0
2022-05-09,128.33,128.36,125.93,126.42,17289879.0
2022-05-10,127.74,128.22,125.7,126.87,21850368.0
2022-05-11,126.24,129.09,125.88,126.03,19987273.0
2022-05-12,125.57,127.33,125.28,127.25,17497146.0
2022-05-13,128.09,129.0,127.53,128.6,9841601.0
2022-05-16,128.45,130.43,128.42,129.55,8839812.0
2022-05-17,130.9,131.39,129.93,131.33,9058782.0
2022-05-18,130.44,130.76,127.53,127.94,10005035.0
2022-05-19,126.92,129.0,126.46,128.22,9672865.0
2022-05-20,129.08,130.06,127.33,129.78,12833744.0
2022-05-23,130.65,131.43,130.38,130.92,9196515.0
2022-05-24,130.54,131.53,129.7,131.31,9031266.0
2022-05-25,131.22,132.13,130.04,131.27,8532579.0
2022-05-26,131.6,132.33,131.22,131.83,9090060.0
2022-05-27,132.06,134.05,131.51,134.02,13696005.0
2022-05-31,132.84,133.08,131.16,132.23,11740800.0
2022-06-01,132.71,132.73,129.29,130.33,9259949.0
2022-06-02,130.5,131.39,128.17,131.36,9575484.0
2022-06-03,130.45,131.03,129.65,129.82,5852628.0
2022-06-06,130.75,131.02,129.49,129.84,7729119.0
2022-06-07,129.84,131.66,129.37,131.53,7219071.0
2022-06-08,131.16,131.64,130.12,130.49,5372007.0
2022-06-09,130.05,130.49,127.51,127.54,7772883.0
2022-06-10,126.03,126.66,125.0,125.49,11289024.0
2022-06-13,123.01,123.76,121.18,121.69,14886247.0
2022-06-14,121.55,121.86,119.67,120.53,9299504.0
2022-06-15,121.19,123.03,119.89,121.75,10301639.0
2022-06-16,119.52,120.04,118.75,119.96,9383292.0
2022-06-17,120.0,121.79,119.85,119.89,13725168.0
2022-06-21,121.06,123.15,120.66,122.6,7987177.0
2022-06-22,121.82,125.67,121.76,124.3,10188900.0
2022-06-23,124.88,127.19,124.88,127.09,11943316.0
2022-06-24,128.02,129.22,127.16,129.2,10448107.0
2022-06-27,129.2,130.23,128.79,129.68,8963597.0
2022-06-28,129.94,130.59,127.18,127.42,7518756.0
2022-06-29,127.59,129.17,127.39,128.53,9157664.0
2022-06-30,127.86,128.97,126.89,128.24,10697670.0
2022-07-01,128.29,129.85,126.86,129.68,9366753.0
2022-07-05,128.43,128.96,126.17,128.93,9987031.0
2022-07-06,129.11,130.47,128.88,129.8,9033298.0
2022-07-07,129.61,130.52,129.54,130.35,6805503.0
2022-07-08,129.98,132.04,129.85,130.74,6505846.0
2022-07-11,130.01,131.14,129.87,130.41,7027344.0
2022-07-12,130.0,130.88,128.17,128.75,9280413.0
2022-07-13,127.66,128.53,127.17,127.5,9296486.0
2022-07-14,126.04,127.32,125.23,127.13,7784950.0
2022-07-15,129.02,130.26,128.45,130.2,9684755.0
2022-07-18,130.33,130.44,127.02,127.45,7047900.0
2022-07-19,128.81,129.84,128.25,129.62,6585773.0
2022-07-20,129.44,129.61,127.82,128.34,7599526.0
2022-07-21,128.72,130.37,128.39,130.37,9507672.0
2022-07-22,130.67,130.92,129.04,129.83,8657252.0
2022-07-25,129.93,130.75,129.81,130.51,5489039.0
2022-07-26,130.88,131.99,130.53,131.18,7482401.0
2022-07-27,131.1,132.59,130.49,132.0,7680715.0
2022-07-28,132.17,133.81,129.92,132.84,11052782.0
2022-07-29,132.17,132.64,131.47,132.4,8309561.0
2022-08-01,131.66,132.38,131.12,131.42,7665402.0
2022-08-02,131.74,132.8,130.88,130.95,7935081.0
2022-08-03,131.66,132.67,131.3,132.15,6825710.0
2022-08-04,132.46,132.49,131.29,131.5,5493014.0
2022-08-05,130.68,131.51,130.37,131.45,8883422.0
2022-08-08,131.7,132.63,131.09,131.76,7075100.0
2022-08-09,131.93,132.56,131.05,131.36,5802683.0
2022-08-10,132.76,132.89,132.02,132.79,6736304.0
2022-08-11,132.39,133.69,131.65,131.93,8471414.0
2022-08-12,132.25,133.68,132.03,133.62,7515511.0
2022-08-15,133.55,134.47,133.07,134.29,7486084.0
2022-08-16,134.0,134.38,133.41,133.93,7138443.0
2022-08-17,133.15,133.92,132.95,133.15,7251754.0
2022-08-18,133.11,133.38,131.85,132.56,7053785.0
2022-08-19,132.56,133.56,132.37,132.92,5946717.0
2022-08-22,132.1,132.52,130.74,131.18,6420368.0
2022-08-23,130.6,130.74,128.99,129.35,7501923.0
2022-08-24,129.48,130.01,129.04,129.51,6719608.0
2022-08-25,130.06,130.98,129.15,130.94,5636652.0
2022-08-26,130.98,130.99,127.19,127.29,9044717.0
2022-08-29,126.52,127.19,125.74,126.4,6727668.0
2022-08-30,126.85,126.85,125.25,125.56,7910498.0
2022-08-31,125.97,126.76,124.74,124.76,8954532.0
2022-09-01,124.56,126.87,124.39,126.81,11212375.0
2022-09-02,127.54,127.66,124.44,124.99,9730278.0
2022-09-06,125.48,126.68,124.76,125.11,9663569.0
2022-09-07,125.08,127.36,124.68,127.15,9038440.0
2022-09-08,126.68,129.4,126.42,129.36,9394760.0
2022-09-09,129.68,130.85,129.44,130.5,8880372.0
2022-09-12,131.0,132.05,130.65,131.37,7982550.0
2022-09-13,129.28,129.57,126.69,127.03,11928461.0
2022-09-14,127.45,128.2,126.26,127.1,8080138.0
2022-09-15,127.65,129.03,127.52,127.81,8624440.0
2022-09-16,127.41,127.73,126.47,127.45,10810287.0
2022-09-19,126.14,126.29,124.46,126.26,9430349.0
2022-09-20,125.41,125.6,124.01,124.78,9010647.0
2022-09-21,125.28,126.11,122.68,122.71,11642390.0
2022-09-22,122.52,124.2,122.0,123.36,9505590.0
2022-09-23,122.7,122.95,121.2,122.73,16611134.0
2022-09-26,122.0,122.59,121.02,121.56,10450594.0
2022-09-27,122.41,123.2,120.7,121.19,13239875.0
2022-09-28,122.89,124.46,122.1,123.84,16359969.0
2022-09-29,123.47,123.77,121.97,122.8,10791664.0
2022-09-30,122.81,123.66,120.97,121.11,12389824.0
2022-10-03,121.99,124.07,121.62,123.6,9326783.0
2022-10-04,124.63,126.52,124.34,126.47,13718048.0
2022-10-05,125.66,127.55,125.19,126.89,9913388.0
2022-10-06,126.42,126.81,124.94,125.27,9399262.0
2022-10-07,124.32,124.54,121.92,122.62,10068945.0
2022-10-10,122.91,123.08,121.38,121.85,8377954.0
2022-10-11,121.6,123.8,121.29,122.5,10792901.0
2022-10-12,122.89,123.62,121.87,121.9,9292811.0
2022-10-13,120.15,125.33,119.95,124.74,14063585.0
2022-10-14,125.47,126.4,123.52,123.9,11444396.0
2022-10-17,124.69,126.14,124.54,125.89,8420426.0
2022-10-18,127.76,127.8,125.97,126.59,10016876.0
2022-10-19,126.2,126.21,123.73,124.82,7676230.0
2022-10-20,124.6,125.51,123.6,123.76,7196824.0
2022-10-21,123.67,126.88,123.01,126.54,8433295.0
2022-10-24,127.6,129.37,127.6,128.98,7411288.0
2022-10-25,128.59,130.11,128.52,129.96,7174177.0
2022-10-26,130.36,132.62,130.32,131.4,8277066.0
2022-10-27,131.7,131.72,130.52,130.71,6497027.0
2022-10-28,130.91,132.96,130.5,132.86,6267145.0
2022-10-31,132.17,133.27,131.87,132.75,7852874.0
2022-11-01,132.91,133.57,131.41,132.83,8033434.0
2022-11-02,132.52,134.03,130.5,130.57,10230651.0
2022-11-03,129.62,130.74,128.7,130.02,7916588.0
2022-11-04,131.0,131.28,128.97,130.81,8082235.0
2022-11-07,131.02,132.56,130.53,132.21,6054386.0
2022-11-08,132.24,133.89,131.33,132.87,8930880.0
2022-11-09,132.66,133.55,131.28,131.44,8963460.0
2022-11-10,134.47,135.05,132.66,134.78,12416829.0
2022-11-11,134.61,134.63,131.4,133.13,10487243.0
2022-11-14,133.53,134.84,133.2,133.25,10537222.0
2022-11-15,134.1,134.66,131.97,133.08,8184215.0
2022-11-16,133.41,134.31,132.79,133.02,6122194.0
2022-11-17,131.97,133.5,131.86,132.96,6498840.0
2022-11-18,134.09,134.8,133.65,134.57,6720662.0
2022-11-21,134.29,135.21,134.14,134.63,7995562.0
2022-11-22,134.95,135.9,134.93,135.8,5931101.0
2022-11-23,135.82,136.54,135.48,136.34,5340732.0
2022-11-25,136.5,137.26,136.48,137.15,3255961.0
2022-11-28,136.73,137.54,135.85,136.12,5026871.0
2022-11-29,135.83,136.05,135.05,135.78,5439633.0
2022-11-30,135.98,139.11,135.26,139.02,9377430.0
2022-12-01,139.82,140.16,138.67,139.42,15140193.0
2022-12-02,138.02,139.97,138.02,139.78,7779758.0
2022-12-05,138.88,139.2,137.97,138.44,6921643.0
2022-12-06,138.18,138.62,136.71,137.39,8171529.0
2022-12-07,137.39,138.92,137.35,138.52,7427063.0
2022-12-08,138.76,139.93,138.49,139.77,6765133.0
2022-12-09,139.58,140.0,137.94,137.98,6202991.0
2022-12-12,138.07,139.45,138.07,139.45,5669673.0
2022-12-13,141.35,141.77,138.91,139.88,9886543.0
2022-12-14,139.82,141.28,138.92,140.1,10882243.0
2022-12-15,138.85,139.2,137.04,137.53,8747994.0
2022-12-16,136.49,136.58,134.78,135.53,10843898.0
2022-12-19,134.93,135.18,133.86,134.47,6801724.0
2022-12-20,134.52,134.96,133.71,134.44,4815535.0
2022-12-21,135.26,136.63,134.84,136.21,5937459.0
2022-12-22,135.45,136.06,134.26,136.02,5483301.0
2022-12-23,135.89,136.23,135.1,136.1,3766896.0
2022-12-27,136.36,136.47,135.21,135.75,7050478.0
2022-12-28,136.2,136.86,134.82,134.87,5054288.0
2022-12-29,135.71,137.05,135.4,136.34,6297337.0
2022-12-30,135.88,136.02,134.47,135.85,6369600.0
2023-01-03,135.96,136.33,134.43,135.46,7239269.0
2023-01-04,136.22,136.57,134.94,135.82,8469936.0
2023-01-05,134.92,135.25,133.9,134.43,6714235.0
2023-01-06,135.33,136.04,133.61,135.67,7175745.0
2023-01-09,135.81,135.85,133.22,133.4,7719462.0
2023-01-10,133.35,134.73,133.15,134.52,7675320.0
2023-01-11,134.61,135.3,133.99,135.28,7307184.0
2023-01-12,134.99,135.41,133.54,134.85,7580538.0
2023-01-13,134.11,135.86,134.05,135.45,6334065.0
2023-01-17,135.38,135.61,134.64,134.82,6664139.0
2023-01-18,134.82,135.17,132.8,132.92,10629147.0
2023-01-19,132.53,133.77,132.26,133.24,9902281.0
2023-01-20,133.54,134.01,132.52,133.91,5962205.0
2023-01-23,133.99,135.12,133.69,134.37,7211043.0
2023-01-24,133.7,134.48,132.62,133.48,5754776.0
2023-01-25,132.59,133.55,132.21,133.52,5999062.0
2023-01-26,133.83,133.95,132.73,133.77,6861168.0
2023-01-27,133.57,133.71,132.69,132.86,5854552.0
2023-01-30,132.61,133.44,131.46,131.66,7055400.0
2023-01-31,131.96,133.38,131.83,133.36,6290643.0
2023-02-01,133.36,134.81,132.36,133.99,11843040.0
2023-02-02,133.01,133.26,132.13,133.08,11274699.0
2023-02-03,133.17,133.6,132.25,132.69,10046771.0
2023-02-06,132.5,132.78,131.77,131.95,7328283.0
2023-02-07,131.49,133.19,131.03,132.8,7551007.0
2023-02-08,132.32,133.15,132.21,132.41,5614147.0
2023-02-09,132.74,133.25,131.04,131.25,8085922.0
2023-02-10,131.43,132.63,131.25,132.49,6198653.0
2023-02-13,132.51,133.6,132.51,133.59,6300295.0
2023-02-14,133.77,134.01,132.13,132.8,6905994.0
2023-02-15,132.28,132.46,131.69,132.14,6491948.0
2023-02-16,130.93,131.99,130.54,130.82,8008010.0
2023-02-17,130.2,132.23,130.08,131.99,10434450.0
2023-02-21,131.03,131.57,130.09,130.28,9066218.0
2023-02-22,130.42,130.73,129.57,129.84,7318937.0
2023-02-23,129.81,130.85,129.24,130.19,9955508.0
2023-02-24,129.09,129.34,128.13,128.51,9008017.0
2023-02-27,129.21,129.57,127.83,128.12,6463899.0
2023-02-28,127.83,127.91,127.06,127.17,10282751.0
2023-03-01,126.56,127.24,126.41,126.96,11101021.0
2023-03-02,126.39,128.11,126.39,127.74,10203680.0
2023-03-03,128.33,129.22,127.69,129.17,10048013.0
2023-03-06,129.26,129.7,128.81,129.11,8153402.0
2023-03-07,129.37,129.52,126.81,127.03,9604352.0
2023-03-08,126.77,127.16,125.84,126.35,10793366.0
2023-03-09,126.84,127.05,124.56,125.07,13270342.0
2023-03-10,124.86,125.9,123.67,124.15,20483224.0
2023-03-13,123.75,127.02,123.6,125.31,21294203.0
2023-03-14,126.16,126.82,125.17,126.43,14583013.0
2023-03-15,125.07,126.5,124.84,126.32,17244563.0
2023-03-16,125.37,127.56,125.02,127.5,16013915.0
2023-03-17,127.39,127.49,125.46,125.86,15071531.0
2023-03-20,125.58,127.15,125.58,126.96,10592082.0
2023-03-21,127.45,127.88,126.68,127.73,8816257.0
2023-03-22,127.8,128.27,125.78,125.8,10480142.0
2023-03-23,126.32,127.08,124.84,125.56,10092300.0
2023-03-24,125.44,127.42,124.97,127.3,8163893.0
2023-03-27,128.2,128.78,127.67,127.82,9455363.0
2023-03-28,127.69,128.15,126.74,127.05,8037474.0
2023-03-29,127.68,127.84,126.85,127.4,8183112.0
2023-03-30,128.09,128.13,127.28,128.09,6820534.0
2023-03-31,128.52,129.53,128.45,129.46,9202493.0
2023-04-03,129.56,131.06,129.2,130.91,8937258.0
2023-04-04,131.05,131.69,130.69,130.93,9052600.0
2023-04-05,131.66,133.42,131.51,133.19,12325750.0
2023-04-06,133.71,134.11,133.07,133.52,8276295.0
2023-04-10,133.16,133.5,132.46,133.43,8024299.0
2023-04-11,133.74,134.37,133.66,133.88,8887512.0
2023-04-12,134.4,134.9,133.68,133.92,8988716.0
2023-04-13,134.49,135.81,134.2,135.66,9373699.0
2023-04-14,135.35,135.64,134.07,134.57,6632126.0
2023-04-17,134.61,134.76,133.76,134.46,7187113.0
2023-04-18,134.73,134.73,133.36,133.54,7194221.0
2023-04-19,133.58,134.15,133.17,133.95,7048082.0
2023-04-20,133.31,133.6,132.77,133.4,6672031.0
2023-04-21,134.13,134.75,133.71,134.3,6536148.0
2023-04-24,134.44,135.09,134.1,135.05,6299870.0
2023-04-25,134.85,135.26,133.42,133.61,7751967.0
2023-04-26,132.43,132.52,130.92,131.71,10128764.0
2023-04-27,131.77,132.59,130.62,132.4,10008925.0
2023-04-28,132.24,133.91,132.03,133.53,7917338.0
2023-05-01,133.72,134.76,133.46,134.22,6794007.0
2023-05-02,134.0,134.85,132.68,133.64,14365947.0
2023-05-03,134.26,134.9,133.27,133.46,8961472.0
2023-05-04,132.9,132.98,131.84,132.4,9625315.0
2023-05-05,133.27,134.05,132.83,133.59,7650379.0
2023-05-08,133.39,133.43,132.68,133.3,5305742.0
2023-05-09,132.79,133.42,132.37,132.41,6452735.0
2023-05-10,132.79,133.11,132.0,132.78,6556586.0
2023-05-11,132.5,132.58,131.54,132.37,8764931.0
2023-05-12,132.57,132.85,131.6,132.19,6626766.0
2023-05-15,132.21,132.3,131.39,131.96,5725670.0
2023-05-16,131.68,131.73,130.83,130.86,7106025.0
2023-05-17,131.08,131.19,129.56,131.02,15512874.0
2023-05-18,130.74,130.91,129.69,130.7,12196872.0
2023-05-19,131.0,132.19,130.94,131.31,9277048.0
2023-05-22,131.5,132.36,131.13,131.44,12856105.0
2023-05-23,130.91,131.1,129.71,130.0,8723112.0
2023-05-24,129.75,129.78,128.81,129.11,7953091.0
2023-05-25,128.49,128.66,126.91,127.79,13737188.0
2023-05-26,127.67,128.87,127.29,127.53,8794874.0
2023-05-30,126.89,127.87,126.42,126.74,12114528.0
2023-05-31,126.39,128.05,126.05,127.83,15099052.0
2023-06-01,127.95,128.92,126.96,128.67,9751882.0
2023-06-02,129.08,130.55,128.78,130.32,10293195.0
2023-06-05,130.61,131.38,130.45,130.79,7880207.0
2023-06-06,131.32,131.36,129.13,129.7,9413482.0
2023-06-07,129.59,129.77,129.0,129.19,7519649.0
2023-06-08,129.21,130.2,128.78,130.02,6583161.0
2023-06-09,130.05,130.87,129.34,130.42,10446128.0
2023-06-12,130.35,130.92,129.84,130.89,7321523.0
2023-06-13,130.6,131.75,130.47,131.55,8362679.0
2023-06-14,130.88,130.99,129.7,130.2,12401617.0
2023-06-15,130.21,132.4,130.19,132.22,10598620.0
2023-06-16,132.56,133.25,132.07,132.21,10535119.0
2023-06-20,130.41,132.1,130.39,131.52,8585375.0
2023-06-21,131.2,131.99,130.59,131.54,9444757.0
2023-06-22,131.74,132.63,131.57,132.44,8036714.0
2023-06-23,132.26,132.54,131.64,132.0,8096493.0
2023-06-26,131.67,131.88,129.98,131.25,7093029.0
2023-06-27,131.25,131.39,130.04,130.95,8578428.0
2023-06-28,130.92,130.95,130.11,130.53,10897834.0
2023-06-29,130.23,131.46,130.01,131.38,7843374.0
2023-06-30,131.91,133.04,131.83,132.73,8260918.0
2023-07-03,132.35,132.35,131.08,131.64,5240339.0
2023-07-05,131.36,131.86,131.06,131.57,7942087.0
2023-07-06,130.69,131.01,130.19,130.52,8213056.0
2023-07-07,129.8,130.26,128.93,129.0,8749818.0
2023-07-10,129.01,130.18,129.0,130.02,7476636.0
2023-07-11,129.84,130.47,129.48,130.05,7279219.0
2023-07-12,130.38,130.5,129.49,129.7,11900408.0
2023-07-13,130.03,130.36,129.62,129.75,7526169.0
2023-07-14,130.73,132.12,130.59,131.7,13298785.0
2023-07-17,131.35,131.63,130.61,131.1,7905359.0
2023-07-18,131.15,132.57,130.91,132.07,8130367.0
2023-07-19,132.72,133.51,132.45,132.68,12483992.0
2023-07-20,133.57,135.43,133.47,134.88,12650212.0
2023-07-21,135.01,136.66,134.78,136.24,11308875.0
2023-07-24,136.24,136.85,135.82,135.94,12034090.0
2023-07-25,135.03,136.43,134.85,135.88,7803014.0
2023-07-26,135.23,136.23,134.88,135.79,8205316.0
2023-07-27,135.99,136.48,134.76,134.79,8800817.0
2023-07-28,135.2,135.42,134.42,135.19,6897797.0
2023-07-31,134.95,135.0,133.65,134.15,9736656.0
2023-08-01,133.84,134.33,133.12,133.45,10555724.0
2023-08-02,133.48,134.39,133.18,133.54,13873282.0
2023-08-03,133.1,133.27,132.61,132.87,11863532.0
2023-08-04,132.91,133.73,132.08,132.4,12631301.0
2023-08-07,132.8,134.06,132.73,133.93,8165679.0
2023-08-08,134.78,135.13,134.05,134.96,12601218.0
2023-08-09,134.84,135.65,134.75,134.92,9833747.0
2023-08-10,135.25,136.53,134.69,134.83,9541846.0
2023-08-11,134.79,135.83,134.47,135.67,7674453.0
2023-08-14,135.69,136.51,135.57,136.08,8723326.0
2023-08-15,135.74,136.14,135.43,135.58,9118521.0
2023-08-16,135.36,135.8,134.52,134.55,9462496.0
2023-08-17,134.07,134.54,133.42,133.48,11163782.0
2023-08-18,133.22,133.88,133.1,133.53,9463221.0
2023-08-21,133.48,133.83,133.06,133.67,6872444.0
2023-08-22,133.47,133.79,133.13,133.2,6939610.0
2023-08-23,134.0,134.3,133.21,133.6,7276780.0
2023-08-24,133.34,134.39,132.44,132.44,10241732.0
2023-08-25,132.87,133.88,132.42,133.41,8509077.0
2023-08-28,133.88,134.31,133.23,133.72,6768441.0
2023-08-29,133.9,134.92,133.72,134.92,10736986.0
2023-08-30,135.25,135.66,134.7,134.82,7892678.0
2023-08-31,134.84,134.91,133.18,133.21,7540165.0
2023-09-01,134.24,134.24,133.22,133.57,10183853.0
2023-09-05,133.64,133.74,132.19,132.19,11042676.0
2023-09-06,132.03,132.16,130.83,131.47,12840059.0
2023-09-07,131.87,132.63,131.77,132.06,11055727.0
2023-09-08,131.78,132.46,131.75,132.06,8717030.0
2023-09-11,132.0,133.23,131.98,132.97,7178983.0
2023-09-12,132.57,133.15,131.85,132.8,6941890.0
2023-09-13,132.48,133.35,132.44,132.82,6430300.0
2023-09-14,133.57,133.65,132.84,133.24,6433355.0
2023-09-15,132.92,133.55,132.1,132.19,9612005.0
2023-09-18,131.86,131.99,130.95,131.45,6559420.0
2023-09-19,131.23,131.84,130.68,131.56,6252402.0
2023-09-20,132.14,132.51,131.55,131.57,6350825.0
2023-09-21,131.32,131.54,130.36,130.42,7979573.0
2023-09-22,130.25,130.92,130.0,130.15,7790307.0
2023-09-25,130.02,130.9,129.66,130.86,6826343.0
2023-09-26,130.26,130.68,129.65,129.75,8200850.0
2023-09-27,129.99,130.12,128.15,129.1,9888551.0
2023-09-28,129.32,130.09,129.32,129.72,9129071.0
2023-09-29,130.0,130.12,128.55,128.74,12692668.0
2023-10-02,128.33,128.6,127.06,128.56,16035101.0
2023-10-03,127.93,128.2,126.88,127.42,11971088.0
2023-10-04,127.53,128.14,126.93,127.96,10064397.0
2023-10-05,128.25,128.89,127.52,128.66,9609778.0
2023-10-06,128.3,130.42,128.23,130.01,10692361.0
2023-10-09,129.65,130.58,129.13,130.46,8047600.0
2023-10-10,130.42,131.67,129.97,131.08,8154935.0
2023-10-11,131.24,131.45,129.92,130.5,9591851.0
2023-10-12,130.6,130.85,129.28,129.38,10927662.0
2023-10-13,129.86,130.94,129.46,130.19,11383864.0
2023-10-16,130.71,131.92,130.6,131.17,10544998.0
2023-10-17,130.54,131.71,130.44,130.99,9149878.0
2023-10-18,131.17,131.54,129.62,129.85,10085684.0
2023-10-19,129.68,129.82,127.77,128.57,15492635.0
2023-10-20,128.31,128.98,128.04,128.06,12296727.0
2023-10-23,127.97,128.4,127.14,127.26,12311801.0
2023-10-24,126.85,128.05,126.85,127.65,9375911.0
2023-10-25,127.07,127.46,125.57,126.51,11426996.0
2023-10-26,125.47,126.41,125.16,125.26,14698968.0
2023-10-27,124.91,125.07,122.59,123.14,13566098.0
2023-10-30,123.78,124.21,122.89,123.83,15224515.0
2023-10-31,124.27,124.7,123.55,124.54,13917300.0
2023-11-01,124.39,125.41,124.17,124.8,13801641.0
2023-11-02,125.28,126.89,124.95,126.78,11893973.0
2023-11-03,127.65,128.2,127.2,127.41,11635521.0
2023-11-06,127.95,128.46,127.43,128.26,8424988.0
2023-11-07,128.21,128.66,127.87,128.35,8241773.0
2023-11-08,128.89,128.89,127.39,128.17,10021074.0
2023-11-09,128.05,128.2,125.4,125.52,13872215.0
2023-11-10,126.0,126.45,124.6,126.27,10401721.0
2023-11-13,126.4,127.25,125.67,127.0,11373765.0
2023-11-14,127.73,128.705,127.41,127.86,11216865.0
2023-11-15,127.95,128.47,127.64,127.96,9262715.0
2023-11-16,128.34,128.78,127.845,128.51,7665706.0
2023-11-17,128.78,128.99,127.864,128.25,6766113.0
2023-11-20,127.75,129.31,127.66,129.03,6909963.0
2023-11-21,129.47,130.07,129.31,129.81,8372888.0
2023-11-22,130.24,130.74,130.0698,130.43,6737692.0
2023-11-24,130.69,131.155,130.68,131.12,3705443.0
2023-11-27,130.85,131.29,130.07,130.31,10530264.0
2023-11-28,130.08,130.37,129.55,129.64,6261271.0
2023-11-29,129.5,130.38,129.44,129.68,6978871.0
2023-11-30,129.78,131.385,129.33,131.31,7742922.0
2023-12-01,131.13,131.97,131.03,131.83,9369564.0
2023-12-04,131.48,132.33,131.435,132.08,6943885.0
2023-12-05,131.81,132.12,131.09,131.91,6580957.0
2023-12-06,132.2,132.45,131.75,132.01,6210202.0
2023-12-07,132.03,132.35,131.245,131.85,6396665.0
2023-12-08,131.94,132.38,131.275,132.07,6007535.0
2023-12-11,132.78,133.19,132.13,132.94,9016777.0
2023-12-12,133.13,133.7,132.5,133.51,6778965.0
2023-12-13,132.94,136.01,132.76,135.97,9074269.0
2023-12-14,136.43,136.51,134.8,135.31,10098496.0
2023-12-15,134.68,134.94,133.66,134.16,8296412.0
2023-12-18,134.06,134.2,133.43,133.78,5944204.0
2023-12-19,133.95,134.75,133.74,134.68,6358082.0
2023-12-20,134.6,134.68,132.72,132.73,7298987.0
2023-12-21,133.53,134.445,133.22,134.35,5606835.0
2023-12-22,134.68,135.44,134.475,135.02,5354990.0
2023-12-26,134.91,135.675,134.74,135.32,3688388.0
2023-12-27,135.17,135.98,135.14,135.89,5444077.0
2023-12-28,136.0,136.695,135.98,136.24,5800176.0
2023-12-29,136.24,136.62,135.825,136.38,5589862.0
2024-01-02,136.04,139.05,135.965,138.78,11785791.0
2024-01-03,139.24,139.53,138.38,138.55,9584697.0
2024-01-04,138.98,140.0,138.74,139.24,11649149.0
2024-01-05,138.92,139.7,138.5301,139.12,9437585.0
2024-01-08,139.16,140.38,138.59,140.35,7999207.0
2024-01-09,140.2,141.56,139.87,140.33,9201168.0
2024-01-10,140.41,141.14,139.88,140.97,9773302.0
2024-01-11,140.79,141.025,140.0,140.87,7182300.0
2024-01-12,140.48,141.16,140.05,140.52,8026307.0
2024-01-16,140.17,140.36,139.46,139.68,7426757.0
2024-01-17,139.45,140.09,139.01,139.4,8337111.0
2024-01-18,138.2,139.515,137.52,139.38,8929100.0
2024-01-19,139.46,139.82,138.69,139.46,8841128.0
2024-01-22,139.58,140.44,139.23,140.07,7831337.0
2024-01-23,139.89,140.06,138.965,139.97,6407321.0
2024-01-24,140.34,140.675,138.67,138.69,9104613.0
2024-01-25,138.2,138.51,137.21,138.48,10050165.0
2024-01-26,139.44,139.56,138.92,139.27,5758980.0
2024-01-29,139.4,140.26,139.31,140.25,6229536.0
2024-01-30,140.48,140.82,139.805,140.57,5940090.0
2024-01-31,141.64,141.75,140.35,140.38,10222959.0
2024-02-01,140.55,142.2,139.87,142.2,8503627.0
2024-02-02,142.15,142.645,141.27,141.99,10629228.0
2024-02-05,142.5,143.31,141.78,142.43,9631616.0
2024-02-06,143.54,144.0854,142.825,143.98,10147034.0
2024-02-07,144.34,145.03,144.07,144.37,7884221.0
2024-02-08,144.23,144.23,143.465,144.12,6672546.0
2024-02-09,144.06,144.29,143.545,144.01,7447802.0
2024-02-12,143.82,144.2354,143.14,144.2,6644990.0
2024-02-13,143.47,144.47,142.15,142.86,11169905.0
2024-02-14,143.35,144.15,143.075,144.1,9700817.0
2024-02-15,144.2,145.43,143.99,145.15,9294805.0
2024-02-16,145.34,146.605,144.82,145.62,8424270.0
2024-02-20,145.73,146.19,144.765,145.13,9120407.0
2024-02-21,144.66,145.49,144.24,145.45,7213614.0
2024-02-22,145.64,147.4301,145.33,147.16,9129973.0
2024-02-23,147.66,148.2701,147.34,147.86,9194393.0
2024-02-26,147.77,148.11,146.965,147.1,7137523.0
2024-02-27,146.38,147.186,146.035,146.74,7363773.0
2024-02-28,146.12,146.28,145.32,146.01,8038765.0
2024-02-29,146.0,146.24,144.72,144.82,9435476.0
2024-03-01,145.15,146.439,144.51,146.34,8741576.0
2024-03-04,145.92,146.68,145.77,146.12,10657648.0
2024-03-05,146.17,146.41,144.55,145.03,9743106.0
2024-03-06,145.3,146.56,145.3,146.02,8085387.0
2024-03-07,146.38,147.05,146.175,146.7,6438276.0
2024-03-08,146.56,147.25,146.17,146.43,7802140.0
2024-03-11,146.1,146.61,145.295,146.35,7724006.0
2024-03-12,146.45,147.39,145.96,147.03,7143652.0
2024-03-13,147.59,147.7,145.89,146.46,7874145.0
2024-03-14,146.55,146.66,145.125,145.94,9605707.0
2024-03-15,145.02,145.66,144.845,145.36,10570331.0
2024-03-18,145.43,145.57,144.72,144.82,6407158.0
2024-03-19,144.94,145.87,144.52,145.78,5240208.0
2024-03-20,145.43,145.5,144.635,145.45,8268170.0
2024-03-21,145.75,146.17,145.34,145.64,8865259.0
2024-03-22,145.85,146.22,145.265,145.44,5536981.0
2024-03-25,145.705,145.86,145.011,145.24,5252835.0
2024-03-26,145.53,145.94,145.14,145.77,6942350.0
2024-03-27,147.01,147.71,146.62,147.71,8797397.0
2024-03-28,147.92,148.2317,147.675,147.73,8090182.0
2024-04-01,147.64,147.73,145.935,146.47,7378279.0
2024-04-02,144.49,144.65,143.435,144.19,10776201.0
2024-04-03,144.44,145.09,143.685,144.03,8453231.0
2024-04-04,144.93,145.02,141.87,141.95,12685379.0
2024-04-05,141.725,143.685,141.61,143.22,9073018.0
2024-04-08,143.11,143.11,142.54,142.76,9128132.0
2024-04-09,143.07,143.355,142.28,143.27,10534368.0
2024-04-10,141.84,142.24,141.1,141.59,13052644.0
2024-04-11,142.02,142.05,140.595,141.01,8153853.0
2024-04-12,140.28,140.29,138.46,138.91,13799442.0
2024-04-15,140.12,140.63,138.41,138.63,10383588.0
2024-04-16,139.83,139.83,138.585,138.68,10170331.0
2024-04-17,139.49,139.62,138.215,138.44,8480076.0
2024-04-18,138.53,139.25,138.21,138.43,8105813.0
2024-04-19,139.15,139.34,138.445,138.95,9668260.0
2024-04-22,139.38,140.59,138.93,139.48,8531142.0
2024-04-23,140.82,141.56,140.18,141.3,8615448.0
2024-04-24,140.99,141.15,140.215,140.86,7378444.0
2024-04-25,140.77,141.0,139.2,139.92,9693440.0
2024-04-26,139.4,140.33,139.3,139.96,6013683.0
2024-04-29,140.13,140.83,139.73,140.43,6388561.0
2024-04-30,140.9,141.2,140.23,140.33,9677630.0
2024-05-01,139.71,141.84,139.55,140.58,10705257.0
2024-05-02,141.34,141.44,139.72,140.48,8421829.0
2024-05-03,141.09,141.23,140.1,140.83,8539239.0
2024-05-06,140.95,141.435,140.64,141.4,5605114.0
2024-05-07,141.72,142.695,141.7,142.57,7720590.0
2024-05-08,142.86,142.88,141.9,142.08,5460968.0
2024-05-09,142.25,143.38,142.23,143.3,6821752.0
2024-05-10,143.49,144.09,143.39,143.59,6325035.0
2024-05-13,143.88,144.01,143.19,143.45,5351291.0
2024-05-14,143.65,144.13,143.11,144.06,6198621.0
2024-05-15,144.7,146.36,144.64,146.2,8433670.0
2024-05-16,145.89,146.44,145.62,146.03,6740924.0
2024-05-17,146.0,146.34,145.44,146.31,7071642.0
2024-05-20,146.16,146.3551,145.69,146.0,3814195.0
2024-05-21,146.26,146.88,145.88,146.25,4048185.0
2024-05-22,145.86,146.945,145.77,146.51,6831160.0
2024-05-23,146.27,146.2801,144.805,144.91,5155893.0
2024-05-24,145.1,145.33,144.33,144.42,3949483.0
2024-05-28,144.1,144.1,142.07,142.67,8374867.0
2024-05-29,141.45,141.73,140.95,141.56,6838120.0
2024-05-30,140.99,142.14,140.675,141.63,7395475.0
2024-05-31,142.08,143.775,141.91,143.7,7945879.0
2024-06-03,143.6,145.135,143.35,144.71,10298103.0
2024-06-04,144.58,145.53,144.04,145.13,6964239.0
2024-06-05,145.3,145.945,144.49,145.79,5373345.0
2024-06-06,145.68,146.58,145.18,146.27,5425665.0
2024-06-07,146.13,147.16,145.96,146.43,5222291.0
2024-06-10,146.2,147.005,145.67,146.97,5397727.0
2024-06-11,146.86,146.86,145.73,146.36,5194002.0
2024-06-12,146.99,147.04,145.67,146.05,6522704.0
2024-06-13,145.51,146.17,144.58,145.93,4720497.0
2024-06-14,145.63,145.92,145.025,145.88,4109501.0
2024-06-17,145.26,145.955,144.96,145.73,4542980.0
2024-06-18,145.89,146.4,145.6,145.92,4872544.0
2024-06-20,145.47,146.59,145.27,146.4,6653712.0
2024-06-21,146.59,147.12,146.235,146.81,8513018.0
2024-06-24,146.83,147.61,146.45,147.09,6446235.0
2024-06-25,147.26,147.465,146.275,146.63,5171601.0
2024-06-26,146.37,146.625,145.77,146.11,4572673.0
2024-06-27,146.22,146.28,145.03,145.87,4637663.0
2024-06-28,146.41,147.02,145.1,145.75,7656778.0
2024-07-01,146.04,147.485,144.6542,144.93,6561878.0
2024-07-02,144.41,144.62,143.59,144.4,7536292.0
2024-07-03,144.66,144.67,142.73,143.3,7636943.0
2024-07-05,143.61,144.49,142.88,144.41,4846828.0
2024-07-08,144.57,144.97,143.88,144.25,4001538.0
2024-07-09,144.56,145.03,143.7,144.95,8337108.0
2024-07-10,145.11,146.34,144.79,146.32,5342432.0
2024-07-11,146.33,147.74,146.15,147.35,7692795.0
2024-07-12,147.85,148.885,147.74,148.27,6614504.0
2024-07-15,148.84,148.98,147.53,147.75,5803733.0
2024-07-16,148.64,149.89,148.31,149.86,7602474.0
2024-07-17,148.83,151.33,148.64,150.54,10395351.0
2024-07-18,149.58,150.56,146.86,147.12,11033354.0
2024-07-19,147.86,148.58,147.28,147.87,5985657.0
2024-07-22,148.62,148.99,147.88,148.72,5190215.0
2024-07-23,149.33,149.42,148.465,148.63,3552993.0
2024-07-24,148.71,150.055,148.21,149.87,6870330.0
2024-07-25,149.42,151.53,148.96,149.12,11472602.0
2024-07-26,149.1,150.93,149.01,149.96,6028804.0
2024-07-29,149.98,150.56,149.26,150.05,8227369.0
2024-07-30,150.05,151.11,149.11,150.18,7269283.0
2024-07-31,150.12,150.66,149.05,149.63,8417788.0
2024-08-01,150.4,151.33,149.49,151.16,10357382.0
2024-08-02,151.39,151.77,148.62,150.86,15742197.0
2024-08-05,148.5,148.79,146.19,146.83,17575532.0
2024-08-06,147.42,149.38,146.95,147.51,13335621.0
2024-08-07,147.41,148.12,145.54,146.01,11484996.0
2024-08-08,148.29,149.365,147.62,149.24,11478806.0
2024-08-09,149.5,150.36,149.18,149.98,8550308.0
2024-08-12,150.34,150.34,148.98,149.41,5044191.0
2024-08-13,150.0,151.365,149.83,151.22,4815714.0
2024-08-14,151.03,151.98,150.67,151.76,4837223.0
2024-08-15,152.46,152.95,151.75,152.71,5886896.0
2024-08-16,152.66,153.115,152.23,152.87,4562645.0
2024-08-19,152.88,153.935,152.79,153.8,4729560.0
2024-08-20,154.21,155.21,154.05,154.42,4879946.0
2024-08-21,154.74,155.08,154.136,154.68,5530111.0
2024-08-22,155.2,155.35,153.9869,154.78,4951812.0
2024-08-23,155.19,155.56,154.64,155.45,4069324.0
2024-08-26,155.6,156.08,155.22,155.37,4433663.0
2024-08-27,155.52,156.04,155.06,155.61,3785221.0
2024-08-28,155.51,156.435,155.06,155.79,5150033.0
2024-08-29,156.41,156.83,155.46,156.12,4339202.0
2024-08-30,156.23,157.28,155.55,157.2,7020565.0
2024-09-03,156.88,157.84,156.47,156.9,7674895.0
2024-09-04,156.69,159.64,155.86,156.63,8235422.0
2024-09-05,156.46,156.55,153.73,154.48,7245504.0
2024-09-06,155.02,155.66,153.63,153.95,7651788.0
2024-09-09,154.34,155.52,153.75,155.03,6168941.0
2024-09-10,155.24,155.85,154.66,155.74,7337137.0
2024-09-11,155.18,155.46,152.85,155.28,6636457.0
2024-09-12,155.24,155.98,153.79,155.84,4837976.0
2024-09-13,155.91,156.64,155.7,156.16,4358561.0
2024-09-16,156.98,157.59,156.67,157.24,4711833.0
2024-09-17,157.05,157.09,155.075,155.62,6279962.0
2024-09-18,155.49,156.98,154.76,155.36,7148919.0
2024-09-19,156.76,156.76,155.51,155.92,6717115.0
2024-09-20,155.41,155.98,154.895,155.28,8541538.0
2024-09-23,155.19,155.21,154.12,154.4,6416340.0
2024-09-24,154.33,154.39,153.36,154.09,5341811.0
2024-09-25,154.56,154.78,152.525,152.59,5939904.0
2024-09-26,152.49,153.29,152.23,153.1,6172837.0
2024-09-27,153.3,154.2,153.01,153.02,7312543.0
2024-09-30,152.81,154.06,152.58,154.02,7234941.0
2024-10-01,154.14,154.355,152.63,153.21,10560140.0
2024-10-02,153.02,153.38,151.87,152.9,7158339.0
2024-10-03,152.52,152.66,151.24,151.52,5550979.0
2024-10-04,151.75,152.02,150.88,151.64,6591423.0
2024-10-07,151.65,152.11,150.685,150.97,5922695.0
2024-10-08,151.37,152.03,151.24,151.79,4726520.0
2024-10-09,151.93,153.46,151.57,153.34,7839828.0
2024-10-10,153.34,153.46,152.395,152.77,4385216.0
2024-10-11,153.25,154.07,153.03,153.89,9353953.0
2024-10-14,154.06,155.015,153.53,154.74,4819724.0
2024-10-15,152.67,154.585,152.51,152.85,9088519.0
2024-10-16,152.65,153.6059,152.24,153.28,4510158.0
2024-10-17,152.77,153.02,152.29,152.39,5429866.0
2024-10-18,152.5,153.495,152.06,153.13,9823710.0
2024-10-21,152.73,153.14,151.18,151.33,4825560.0
2024-10-22,150.53,151.39,150.4,151.11,5166733.0
2024-10-23,150.7,150.93,149.6,150.4,4910186.0
2024-10-24,150.4,151.005,149.37,149.41,5066266.0
2024-10-25,149.92,150.0,148.42,148.59,5314478.0
2024-10-28,149.01,149.49,148.62,148.81,4923472.0
2024-10-29,148.71,149.32,148.33,148.4,7342441.0
2024-10-30,146.14,148.17,145.62,148.12,9211829.0
2024-10-31,147.24,147.93,146.84,146.87,6701204.0
2024-11-01,147.44,148.47,147.43,147.74,6896929.0
2024-11-04,147.38,148.09,146.48,146.77,5985871.0
2024-11-05,146.48,147.89,145.94,147.85,5035140.0
2024-11-06,150.67,150.91,147.35,148.04,10685422.0
2024-11-07,148.93,149.29,148.21,149.11,9381374.0
2024-11-08,149.31,150.945,149.14,150.18,8700847.0
2024-11-11,149.85,150.6,149.08,149.3,6072122.0
2024-11-12,149.06,149.31,147.185,147.22,7022699.0
2024-11-13,147.16,147.6,146.675,146.83,5981135.0
2024-11-14,146.58,146.59,144.36,144.52,7936686.0
2024-11-15,143.72,143.85,141.57,141.84,14245975.0
2024-11-18,141.47,142.09,141.31,141.94,7933057.0
2024-11-19,140.65,141.61,140.26,141.21,6205820.0
2024-11-20,141.51,143.08,141.28,142.88,9328759.0
2024-11-21,142.88,144.23,142.14,144.03,7969486.0
2024-11-22,144.33,145.02,143.935,144.16,6330298.0
2024-11-25,144.81,145.85,144.79,145.39,6834232.0
2024-11-26,145.83,146.33,144.69,146.17,6018511.0
2024-11-27,146.31,147.7552,146.31,146.95,5953138.0
2024-11-29,146.94,147.79,146.71,147.35,3517038.0
2024-12-02,147.32,147.38,146.39,147.15,6220897.0
2024-12-03,147.14,147.43,146.74,146.82,4236118.0
2024-12-04,147.08,147.58,146.36,146.74,5597844.0
2024-12-05,146.09,146.25,144.83,145.1,8948912.0
2024-12-06,145.29,145.46,144.105,144.28,6544769.0
2024-12-09,144.42,145.09,143.92,144.7,6258610.0
2024-12-10,144.99,145.1,143.615,144.1,7200509.0
2024-12-11,143.52,143.64,142.105,142.14,6894709.0
2024-12-12,142.17,142.54,140.91,141.01,5993913.0
2024-12-13,140.83,141.45,140.1299,140.99,7599327.0
2024-12-16,140.88,141.65,139.2,139.31,9476339.0
2024-12-17,138.7,140.24,138.6,139.21,10279941.0
2024-12-18,139.12,140.04,137.225,137.32,14447978.0
2024-12-19,137.06,137.8,135.945,136.28,11929317.0
2024-12-20,137.49,139.295,137.05,138.0,12098353.0
2024-12-23,137.6,138.945,136.99,138.75,8050472.0
2024-12-24,138.63,139.325,138.04,139.32,3078101.0
2024-12-26,138.83,139.7199,138.68,139.6,4720297.0
2024-12-27,138.83,139.81,138.36,138.95,5948093.0
2024-12-30,138.15,138.15,136.73,137.24,6890496.0
2024-12-31,137.58,138.12,136.785,137.57,6626786.0
2025-01-02,138.26,138.77,137.12,137.61,9033279.0
2025-01-03,137.89,139.3499,137.74,138.96,8289345.0
2025-01-06,138.9,140.04,138.56,139.02,8653497.0
2025-01-07,139.36,140.93,139.36,139.71,12639742.0
2025-01-08,139.97,140.635,138.69,140.43,7827189.0
2025-01-10,139.95,140.95,139.355,139.64,10344054.0
2025-01-13,139.79,141.82,139.67,141.46,9422234.0
2025-01-14,141.27,141.27,138.88,140.0,10277701.0
2025-01-15,140.39,141.24,139.77,140.57,11388301.0
2025-01-16,140.13,141.34,139.58,141.13,8512053.0
2025-01-17,140.94,141.4,140.18,140.18,7668054.0
2025-01-21,140.92,142.51,140.9,142.5,7257749.0
2025-01-22,141.8,142.63,141.13,142.18,8189837.0
2025-01-23,142.57,144.095,141.87,144.08,8032749.0
2025-01-24,143.44,144.61,143.27,144.31,8127737.0
2025-01-27,145.1,147.58,144.97,147.55,12311304.0
2025-01-28,147.54,147.74,146.48,146.52,9686313.0
2025-01-29,146.09,146.58,145.3,145.66,8158902.0
2025-01-30,146.25,147.745,146.24,147.34,7705163.0
2025-01-31,147.58,148.5899,146.815,146.87,9213350.0
2025-02-03,145.98,148.1599,145.94,147.44,13001496.0
2025-02-04,145.82,147.2,145.59,147.04,11762009.0
2025-02-05,147.4,148.715,147.1,148.45,10042046.0
2025-02-06,148.15,148.46,146.9,147.12,12421870.0
2025-02-07,147.33,147.92,146.32,146.43,11199533.0
2025-02-10,146.6,146.65,145.46,146.3,7374298.0
2025-02-11,145.88,146.32,145.44,146.03,6634809.0
2025-02-12,145.68,146.61,145.37,145.82,7572280.0
2025-02-13,146.11,146.71,145.16,146.39,6293139.0
2025-02-14,146.5,146.7,144.8,144.8,5299054.0
2025-02-18,143.92,144.89,143.84,144.52,11366845.0
2025-02-19,144.53,146.4399,144.5,146.4,6295800.0
2025-02-20,146.19,147.3,146.1,147.22,6264758.0
2025-02-21,145.48,147.14,145.34,146.43,8646735.0
2025-02-24,146.59,148.22,146.27,147.62,7559310.0
2025-02-25,147.9,149.085,147.41,148.89,11980894.0
2025-02-26,148.31,148.95,147.345,147.82,6566693.0
2025-02-27,147.55,148.91,147.1617,147.22,7376805.0
2025-02-28,147.46,149.16,146.49,148.93,8453581.0
2025-03-03,149.02,150.32,148.96,149.58,9459273.0
2025-03-04,149.79,150.07,147.965,148.19,10804576.0
2025-03-05,147.52,149.91,147.24,149.68,7597684.0
2025-03-06,149.0,149.48,147.93,149.27,7122165.0
2025-03-07,148.66,150.2835,148.445,149.28,8532510.0
2025-03-10,148.12,149.91,147.34,147.67,13577619.0
2025-03-11,147.68,147.885,145.29,146.06,9411935.0
2025-03-12,145.73,145.99,144.12,144.6,7141014.0
2025-03-13,144.66,145.07,143.49,143.83,8041574.0
2025-03-14,143.93,145.15,143.41,144.93,6761072.0
2025-03-17,144.72,147.11,144.72,146.77,6016962.0
2025-03-18,146.82,147.06,146.04,146.84,5527923.0
2025-03-19,146.95,147.305,145.9,146.92,6156230.0
2025-03-20,146.94,147.635,146.51,147.01,8034108.0
2025-03-21,146.58,146.86,145.73,146.6,7635288.0
2025-03-24,146.42,147.385,146.11,147.15,6500563.0
2025-03-25,147.5,147.59,144.3526,145.27,6502005.0
2025-03-26,145.38,145.9725,144.39,144.74,8759196.0
2025-03-27,144.52,145.42,144.46,144.97,6264294.0
2025-03-28,144.85,145.24,144.45,144.52,6210808.0
2025-03-31,143.79,146.62,143.48,146.01,8085352.0
2025-04-01,145.48,145.48,142.895,143.34,9906066.0
2025-04-02,142.77,144.4,142.19,144.3,6392532.0
2025-04-03,143.76,145.19,143.05,143.13,10990772.0
2025-04-04,141.14,141.71,135.225,135.28,21340815.0
2025-04-07,131.71,137.37,129.66,134.47,29940248.0
2025-04-08,139.43,139.439,131.28,132.98,20860161.0
2025-04-09,130.13,139.235,129.68,138.76,39444670.0
2025-04-10,137.7,137.74,131.33,134.89,21957332.0
2025-04-11,135.15,137.76,133.65,136.87,10755622.0
2025-04-14,138.21,139.04,136.96,138.54,7437058.0
2025-04-15,139.0,139.045,137.29,137.69,6238999.0
2025-04-16,138.12,138.62,135.64,136.29,8150506.0
2025-04-17,135.34,136.57,135.1,135.49,9662770.0
2025-04-21,135.19,135.36,131.56,132.57,6455928.0
2025-04-22,133.64,135.28,133.135,135.06,8012406.0
2025-04-23,136.54,137.925,135.13,135.73,9501479.0
2025-04-24,135.95,137.54,135.12,137.39,5432911.0
2025-04-25,137.59,138.2,135.88,138.05,6438008.0
